;FLAVOR:Marlin
;TIME:6151
;Filament used: 11.2696m
;Layer height: 0.2
;MINX:84.356
;MINY:56.987
;MINZ:0.2
;MAXX:215.645
;MAXY:243.013
;MAXZ:7.4
;ZOFFSETPROCESSED
;Generated with Cura_SteamEngine 4.13.1
M140 S60
M105
M190 S60
M104 S200
M105
M109 S200
M82 ;absolute extrusion mode
G28 ; home all axes
 M117 Purge extruder
 G92 E0 ; reset extruder
 G1 Z1.0 F3000 ; move z up little to prevent scratching of surface
 G1 X2 Y20 Z0.3 F5000.0 ; move to start-line position
 G1 X2 Y200.0 Z0.3 F1500.0 E15 ; draw 1st line
 G1 X2 Y200.0 Z0.4 F5000.0 ; move to side a little
 G1 X2 Y20 Z0.4 F1500.0 E30 ; draw 2nd line
 G92 E0 ; reset extruder
 G1 Z1.0 F3000 ; move z up little to prevent scratching of surface
G92 E0
G92 E0
G1 F1500 E-1
;LAYER_COUNT:36
;LAYER:0
M106 S255
G1 F300 Z0.32 ;adjusted by z offset
G92 Z0.4 ;consider this the original z before offset
G0 F6000 X87.342 Y63.559 Z0.4
;TYPE:SKIRT
G1 F300 Z0.2
G1 F1500 E0.02661
G1 F1200 X88.152 Y62.536 E0.11341
G1 X88.433 Y62.216 E0.14174
G1 X89.152 Y61.461 E0.21109
G1 X89.213 Y61.402 E0.21673
G1 X89.981 Y60.717 E0.28519
G1 X90.212 Y60.527 E0.30509
G1 X90.788 Y60.08 E0.35359
G1 X90.974 Y59.944 E0.36891
G1 X91.814 Y59.38 E0.43622
G1 X92.527 Y58.972 E0.49086
G1 X92.802 Y58.826 E0.51157
G1 X93.281 Y58.584 E0.54727
G1 X93.58 Y58.441 E0.56932
G1 X94.708 Y57.966 E0.65074
G1 X94.801 Y57.932 E0.65732
G1 X95.828 Y57.605 E0.72902
G1 X96.026 Y57.551 E0.74267
G1 X96.645 Y57.399 E0.78507
G1 X96.836 Y57.357 E0.79808
G1 X97.937 Y57.165 E0.87242
G1 X98.299 Y57.118 E0.89671
G1 X99.492 Y57.019 E0.97634
G1 X100.167 Y56.995 E1.02127
G1 X100.622 Y56.987 E1.05154
G1 X199.417 Y56.989 E7.62341
G1 X199.986 Y56.997 E7.66126
G1 X200.377 Y57.009 E7.68728
G1 X200.601 Y57.019 E7.7022
G1 X201.647 Y57.109 E7.77204
G1 X202.071 Y57.163 E7.80047
G1 X203.395 Y57.403 E7.88998
G1 X203.539 Y57.437 E7.89982
G1 X204.315 Y57.646 E7.95328
G1 X204.572 Y57.724 E7.97114
G1 X205.528 Y58.056 E8.03846
G1 X206.164 Y58.325 E8.0844
G1 X206.594 Y58.521 E8.11583
G1 X207.735 Y59.112 E8.20131
G1 X207.795 Y59.147 E8.20593
G1 X208.585 Y59.647 E8.26812
G1 X208.932 Y59.885 E8.29611
G1 X210.096 Y60.787 E8.39407
G1 X210.374 Y61.029 E8.41859
G1 X211.457 Y62.09 E8.51944
G1 X211.63 Y62.281 E8.53658
G1 X212.426 Y63.252 E8.6201
G1 X212.615 Y63.507 E8.64122
G1 X213.185 Y64.343 E8.70852
G1 X213.507 Y64.888 E8.75063
G1 X213.741 Y65.307 E8.78256
G1 X214.274 Y66.375 E8.86196
G1 X214.312 Y66.461 E8.86821
G1 X214.779 Y67.684 E8.95529
G1 X214.924 Y68.131 E8.98655
G1 X215.272 Y69.433 E9.0762
G1 X215.32 Y69.66 E9.09164
G1 X215.512 Y70.839 E9.1711
G1 X215.538 Y71.064 E9.18616
G1 X215.588 Y71.592 E9.22144
G1 X215.595 Y71.687 E9.22778
G1 X215.623 Y72.218 E9.26315
G1 X215.635 Y72.592 E9.28804
G1 X215.643 Y73.042 E9.31798
G1 X215.645 Y226.552 E19.52951
G1 X215.636 Y227.29 E19.5786
G1 X215.606 Y227.998 E19.62574
G1 X215.566 Y228.57 E19.66389
G1 X215.375 Y230.052 E19.76328
G1 X215.331 Y230.285 E19.77906
G1 X215.102 Y231.278 E19.84685
G1 X214.867 Y232.052 E19.90065
G1 X214.721 Y232.484 E19.93099
G1 X214.36 Y233.429 E19.99828
G1 X214.15 Y233.893 E20.03216
G1 X214.038 Y234.128 E20.04948
G1 X213.522 Y235.1 E20.12268
G1 X213.414 Y235.284 E20.13687
G1 X212.605 Y236.498 E20.23392
G1 X212.323 Y236.873 E20.26513
G1 X211.684 Y237.657 E20.33241
G1 X211.073 Y238.301 E20.39146
G1 X210.879 Y238.492 E20.40957
G1 X210.505 Y238.846 E20.44382
G1 X210.265 Y239.064 E20.46539
G1 X209.138 Y239.977 E20.56187
G1 X208.988 Y240.085 E20.57417
G1 X207.811 Y240.838 E20.66712
G1 X207.415 Y241.062 E20.69738
G1 X206.155 Y241.686 E20.79091
G1 X205.938 Y241.779 E20.80662
G1 X204.861 Y242.184 E20.88316
G1 X204.64 Y242.256 E20.89862
G1 X203.733 Y242.515 E20.96136
G1 X203.481 Y242.577 E20.97863
G1 X202.555 Y242.769 E21.04153
G1 X202.407 Y242.794 E21.05152
G1 X201.361 Y242.927 E21.12166
G1 X200.997 Y242.958 E21.14596
G1 X200.076 Y243.003 E21.2073
G1 X199.213 Y243.013 E21.26471
G1 X196.006 Y243.012 E21.47804
G1 X195.301 Y243.002 E21.52494
G1 X194.936 Y242.991 E21.54923
G1 X193.66 Y242.936 E21.63419
G1 X193.018 Y242.901 E21.67696
G1 X190.574 Y242.834 E21.8396
G1 X188.158 Y242.838 E22.00031
G1 X184.261 Y242.98 E22.25971
G1 X183.863 Y242.998 E22.28621
G1 X183.509 Y243.008 E22.30977
G1 X183.148 Y243.013 E22.33379
G1 X160.033 Y243.012 E23.8714
G1 X159.328 Y243.002 E23.9183
G1 X158.608 Y242.971 E23.96624
G1 X157.895 Y242.921 E24.01379
G1 X155.305 Y242.775 E24.18635
G1 X152.839 Y242.705 E24.35045
G1 X150.38 Y242.705 E24.51403
G1 X147.901 Y242.775 E24.679
G1 X145.435 Y242.916 E24.8433
G1 X145.007 Y242.949 E24.87186
G1 X144.497 Y242.981 E24.90585
G1 X144.092 Y242.999 E24.93282
G1 X143.772 Y243.008 E24.95411
G1 X143.412 Y243.013 E24.97806
G1 X100.587 Y243.011 E27.82679
G1 X100 Y243.003 E27.86585
G1 X99.589 Y242.991 E27.8932
G1 X99.283 Y242.977 E27.91357
G1 X98.11 Y242.869 E27.99193
G1 X97.872 Y242.836 E28.00791
G1 X96.864 Y242.655 E28.07604
G1 X96.611 Y242.599 E28.09328
G1 X95.208 Y242.203 E28.19025
G1 X94.999 Y242.131 E28.20496
G1 X94.376 Y241.898 E28.2492
G1 X94.106 Y241.789 E28.26857
G1 X93.156 Y241.36 E28.33791
G1 X92.897 Y241.23 E28.35719
G1 X91.72 Y240.559 E28.44731
G1 X91.499 Y240.417 E28.46478
G1 X90.451 Y239.666 E28.55055
G1 X90.241 Y239.499 E28.5684
G1 X89.367 Y238.737 E28.64553
G1 X89.122 Y238.503 E28.66807
G1 X88.179 Y237.5 E28.75964
G1 X87.985 Y237.27 E28.77966
G1 X87.173 Y236.198 E28.86912
G1 X87.009 Y235.956 E28.88856
G1 X86.491 Y235.126 E28.95364
G1 X86.407 Y234.979 E28.96491
G1 X85.842 Y233.866 E29.04794
G1 X85.668 Y233.478 E29.07622
G1 X85.144 Y232.104 E29.17404
G1 X85.068 Y231.864 E29.19079
G1 X84.792 Y230.848 E29.26082
G1 X84.737 Y230.607 E29.27727
G1 X84.554 Y229.631 E29.34332
G1 X84.52 Y229.401 E29.35879
G1 X84.427 Y228.599 E29.41249
G1 X84.414 Y228.444 E29.42284
G1 X84.375 Y227.753 E29.46888
G1 X84.363 Y227.348 E29.49583
G1 X84.357 Y226.969 E29.52105
G1 X84.356 Y73.229 E39.74787
G1 X84.364 Y72.668 E39.7852
G1 X84.396 Y71.939 E39.83374
G1 X84.432 Y71.435 E39.86735
G1 X84.626 Y69.948 E39.9671
G1 X84.676 Y69.686 E39.98484
G1 X84.965 Y68.488 E40.06682
G1 X85.03 Y68.266 E40.08221
G1 X85.405 Y67.17 E40.15926
G1 X85.552 Y66.797 E40.18593
G1 X86.156 Y65.486 E40.28195
G1 X86.267 Y65.277 E40.29769
G1 X86.84 Y64.305 E40.37275
G1 X86.996 Y64.065 E40.39179
G1 X87.342 Y63.559 E40.43257
G0 F6000 X87.994 Y64.023
G1 F1200 X88.753 Y63.064 E40.51392
G1 X89.034 Y62.744 E40.54225
G1 X89.708 Y62.036 E40.60728
G1 X89.769 Y61.977 E40.61292
G1 X90.489 Y61.335 E40.67709
G1 X90.72 Y61.145 E40.69699
G1 X91.26 Y60.726 E40.74245
G1 X91.446 Y60.59 E40.75778
G1 X92.26 Y60.045 E40.82294
G1 X92.902 Y59.678 E40.87213
G1 X93.177 Y59.532 E40.89285
G1 X93.627 Y59.305 E40.92637
G1 X93.926 Y59.162 E40.94842
G1 X94.983 Y58.718 E41.02468
G1 X95.076 Y58.684 E41.03127
G1 X96.039 Y58.377 E41.09851
G1 X96.237 Y58.323 E41.11216
G1 X96.817 Y58.18 E41.1519
G1 X97.008 Y58.138 E41.1649
G1 X98.04 Y57.958 E41.23459
G1 X98.402 Y57.911 E41.25887
G1 X99.521 Y57.819 E41.33356
G1 X100.196 Y57.795 E41.37849
G1 X100.622 Y57.787 E41.40683
G1 X199.406 Y57.789 E47.97797
G1 X199.975 Y57.797 E48.01582
G1 X200.341 Y57.808 E48.04018
G1 X200.565 Y57.818 E48.0551
G1 X201.546 Y57.902 E48.12059
G1 X201.97 Y57.956 E48.14902
G1 X203.212 Y58.181 E48.23299
G1 X203.356 Y58.215 E48.24283
G1 X204.083 Y58.411 E48.29292
G1 X204.34 Y58.489 E48.31078
G1 X205.265 Y58.812 E48.37596
G1 X205.832 Y59.053 E48.41694
G1 X206.262 Y59.249 E48.44837
G1 X207.331 Y59.803 E48.52847
G1 X207.391 Y59.838 E48.53309
G1 X208.132 Y60.307 E48.59142
G1 X208.479 Y60.545 E48.61941
G1 X209.571 Y61.39 E48.71126
G1 X209.849 Y61.632 E48.73578
G1 X210.864 Y62.627 E48.83033
G1 X211.037 Y62.818 E48.84747
G1 X211.784 Y63.729 E48.92584
G1 X211.973 Y63.984 E48.94695
G1 X212.523 Y64.794 E49.01208
G1 X212.809 Y65.278 E49.04948
G1 X213.043 Y65.697 E49.0814
G1 X213.542 Y66.698 E49.1558
G1 X213.58 Y66.784 E49.16206
G1 X214.018 Y67.931 E49.24373
G1 X214.163 Y68.378 E49.27499
G1 X214.489 Y69.598 E49.35899
G1 X214.537 Y69.825 E49.37443
G1 X214.718 Y70.93 E49.44891
G1 X214.744 Y71.155 E49.46398
G1 X214.791 Y71.651 E49.49712
G1 X214.798 Y71.746 E49.50345
G1 X214.824 Y72.243 E49.53656
G1 X214.836 Y72.617 E49.56145
G1 X214.843 Y73.05 E49.59026
G1 X214.845 Y226.552 E59.80125
G1 X214.836 Y227.279 E59.84962
G1 X214.808 Y227.942 E59.89376
G1 X214.768 Y228.514 E59.9319
G1 X214.589 Y229.904 E60.02513
G1 X214.545 Y230.137 E60.0409
G1 X214.33 Y231.067 E60.1044
G1 X214.109 Y231.796 E60.15507
G1 X213.963 Y232.228 E60.1854
G1 X213.428 Y233.549 E60.28021
G1 X213.316 Y233.784 E60.29753
G1 X212.832 Y234.695 E60.36615
G1 X212.724 Y234.879 E60.38034
G1 X211.966 Y236.017 E60.4713
G1 X211.684 Y236.392 E60.50251
G1 X211.064 Y237.151 E60.5677
G1 X210.512 Y237.731 E60.62096
G1 X210.318 Y237.922 E60.63907
G1 X209.967 Y238.254 E60.67121
G1 X209.727 Y238.472 E60.69278
G1 X208.671 Y239.327 E60.78316
G1 X208.521 Y239.435 E60.79546
G1 X207.417 Y240.142 E60.88266
G1 X207.021 Y240.366 E60.91293
G1 X205.84 Y240.951 E61.0006
G1 X205.623 Y241.044 E61.0163
G1 X204.613 Y241.424 E61.08809
G1 X204.392 Y241.496 E61.10355
G1 X203.542 Y241.739 E61.16236
G1 X203.29 Y241.801 E61.17962
G1 X202.422 Y241.98 E61.23857
G1 X202.274 Y242.005 E61.24856
G1 X201.293 Y242.13 E61.31434
G1 X200.929 Y242.161 E61.33864
G1 X200.066 Y242.203 E61.39612
G1 X199.213 Y242.213 E61.45286
G1 X196.018 Y242.212 E61.6654
G1 X195.313 Y242.202 E61.7123
G1 X194.971 Y242.192 E61.73506
G1 X193.703 Y242.137 E61.81948
G1 X193.082 Y242.103 E61.86085
G1 X190.56 Y242.034 E62.02868
G1 X188.128 Y242.038 E62.19046
G1 X184.214 Y242.182 E62.451
G1 X183.841 Y242.198 E62.47583
G1 X183.487 Y242.208 E62.49939
G1 X183.148 Y242.213 E62.52194
G1 X160.045 Y242.212 E64.05876
G1 X159.34 Y242.202 E64.10566
G1 X158.664 Y242.173 E64.15067
G1 X157.925 Y242.121 E64.19995
G1 X155.336 Y241.975 E64.37244
G1 X152.862 Y241.905 E64.53708
G1 X150.357 Y241.905 E64.70371
G1 X147.902 Y241.974 E64.86709
G1 X145.329 Y242.121 E65.03852
G1 X144.733 Y242.166 E65.07828
G1 X144.449 Y242.183 E65.09721
G1 X144.069 Y242.199 E65.12251
G1 X143.749 Y242.208 E65.1438
G1 X143.412 Y242.213 E65.16622
G1 X100.597 Y242.211 E68.01429
G1 X100.01 Y242.203 E68.05334
G1 X99.626 Y242.191 E68.07889
G1 X99.32 Y242.177 E68.09927
G1 X98.22 Y242.076 E68.17275
G1 X97.982 Y242.043 E68.18873
G1 X97.037 Y241.873 E68.2526
G1 X96.784 Y241.817 E68.26984
G1 X95.468 Y241.447 E68.36078
G1 X95.259 Y241.375 E68.37548
G1 X94.676 Y241.156 E68.41691
G1 X94.406 Y241.047 E68.43628
G1 X93.515 Y240.645 E68.5013
G1 X93.256 Y240.515 E68.52058
G1 X92.152 Y239.886 E68.6051
G1 X91.931 Y239.744 E68.62257
G1 X90.949 Y239.04 E68.70295
G1 X90.739 Y238.873 E68.7208
G1 X89.92 Y238.159 E68.79307
G1 X89.675 Y237.925 E68.81561
G1 X88.79 Y236.984 E68.90154
G1 X88.596 Y236.754 E68.92155
G1 X87.835 Y235.749 E69.00541
G1 X87.671 Y235.507 E69.02486
G1 X87.186 Y234.729 E69.08584
G1 X87.102 Y234.582 E69.0971
G1 X86.572 Y233.538 E69.17499
G1 X86.398 Y233.15 E69.20327
G1 X85.907 Y231.863 E69.2949
G1 X85.831 Y231.623 E69.31165
G1 X85.572 Y230.67 E69.37734
G1 X85.517 Y230.429 E69.39379
G1 X85.345 Y229.514 E69.45572
G1 X85.311 Y229.284 E69.47119
G1 X85.224 Y228.532 E69.52154
G1 X85.211 Y228.377 E69.53189
G1 X85.174 Y227.729 E69.57506
G1 X85.162 Y227.324 E69.60202
G1 X85.157 Y226.969 E69.62563
G1 X85.156 Y73.241 E79.85166
G1 X85.164 Y72.68 E79.88898
G1 X85.193 Y71.996 E79.93452
G1 X85.229 Y71.492 E79.96814
G1 X85.412 Y70.098 E80.06166
G1 X85.462 Y69.836 E80.0794
G1 X85.732 Y68.713 E80.15623
G1 X85.797 Y68.491 E80.17162
G1 X86.15 Y67.463 E80.24392
G1 X86.297 Y67.09 E80.27059
G1 X86.863 Y65.861 E80.3606
G1 X86.974 Y65.652 E80.37634
G1 X87.511 Y64.741 E80.44669
G1 X87.667 Y64.501 E80.46573
G1 X87.994 Y64.023 E80.50425
G0 F6000 X88.646 Y64.487
G1 F1200 X89.354 Y63.592 E80.58016
G1 X89.635 Y63.272 E80.60849
G1 X90.264 Y62.612 E80.66914
G1 X90.325 Y62.553 E80.67479
G1 X90.997 Y61.953 E80.73471
G1 X91.228 Y61.763 E80.75461
G1 X91.732 Y61.372 E80.79704
G1 X91.918 Y61.236 E80.81237
G1 X92.705 Y60.71 E80.87534
G1 X93.277 Y60.385 E80.9191
G1 X93.552 Y60.239 E80.93981
G1 X93.972 Y60.027 E80.97111
G1 X94.271 Y59.884 E80.99315
G1 X95.257 Y59.469 E81.06432
G1 X95.35 Y59.435 E81.0709
G1 X96.249 Y59.149 E81.13366
G1 X96.447 Y59.095 E81.14731
G1 X96.989 Y58.961 E81.18445
G1 X97.18 Y58.919 E81.19746
G1 X98.143 Y58.751 E81.26248
G1 X98.505 Y58.704 E81.28677
G1 X99.549 Y58.618 E81.35645
G1 X100.224 Y58.594 E81.40138
G1 X100.622 Y58.587 E81.42786
G1 X199.394 Y58.589 E87.9982
G1 X199.963 Y58.597 E88.03605
G1 X200.306 Y58.607 E88.05888
G1 X200.53 Y58.617 E88.07379
G1 X201.445 Y58.696 E88.13489
G1 X201.869 Y58.75 E88.16332
G1 X203.028 Y58.96 E88.24167
G1 X203.172 Y58.994 E88.25151
G1 X203.851 Y59.177 E88.29829
G1 X204.108 Y59.255 E88.31616
G1 X205.001 Y59.568 E88.3791
G1 X205.5 Y59.781 E88.41519
G1 X205.93 Y59.977 E88.44663
G1 X206.928 Y60.494 E88.5214
G1 X206.988 Y60.529 E88.52602
G1 X207.68 Y60.967 E88.58049
G1 X208.027 Y61.205 E88.60849
G1 X209.046 Y61.993 E88.69417
G1 X209.324 Y62.235 E88.71869
G1 X210.271 Y63.164 E88.80694
G1 X210.444 Y63.355 E88.82408
G1 X211.141 Y64.205 E88.8972
G1 X211.33 Y64.46 E88.91831
G1 X211.861 Y65.243 E88.98125
G1 X212.11 Y65.668 E89.01401
G1 X212.344 Y66.087 E89.04594
G1 X212.81 Y67.021 E89.11537
G1 X212.848 Y67.107 E89.12162
G1 X213.258 Y68.178 E89.19791
G1 X213.403 Y68.625 E89.22917
G1 X213.707 Y69.764 E89.30759
G1 X213.755 Y69.991 E89.32302
G1 X213.923 Y71.022 E89.39251
G1 X213.949 Y71.247 E89.40758
G1 X213.993 Y71.71 E89.43851
G1 X214 Y71.805 E89.44485
G1 X214.024 Y72.269 E89.47576
G1 X214.036 Y72.643 E89.50065
G1 X214.043 Y73.059 E89.52832
G1 X214.045 Y226.552 E99.73872
G1 X214.036 Y227.267 E99.78629
G1 X214.01 Y227.886 E99.8275
G1 X213.97 Y228.458 E99.86564
G1 X213.802 Y229.755 E99.95264
G1 X213.758 Y229.988 E99.96841
G1 X213.558 Y230.857 E100.02773
G1 X213.351 Y231.54 E100.0752
G1 X213.205 Y231.972 E100.10554
G1 X212.705 Y233.205 E100.19404
G1 X212.593 Y233.44 E100.21136
G1 X212.142 Y234.29 E100.27537
G1 X212.034 Y234.474 E100.28956
G1 X211.326 Y235.536 E100.37446
G1 X211.044 Y235.911 E100.40568
G1 X210.444 Y236.643 E100.46864
G1 X209.951 Y237.161 E100.5162
G1 X209.757 Y237.352 E100.53431
G1 X209.429 Y237.661 E100.56429
G1 X209.189 Y237.879 E100.58586
G1 X208.203 Y238.678 E100.67028
G1 X208.053 Y238.786 E100.68257
G1 X207.023 Y239.445 E100.76391
G1 X206.627 Y239.669 E100.79418
G1 X205.525 Y240.215 E100.87599
G1 X205.308 Y240.308 E100.89169
G1 X204.365 Y240.663 E100.95872
G1 X204.144 Y240.735 E100.97418
G1 X203.351 Y240.962 E101.02905
G1 X203.099 Y241.024 E101.04631
G1 X202.288 Y241.192 E101.10141
G1 X202.14 Y241.217 E101.11139
G1 X201.225 Y241.333 E101.17274
G1 X200.861 Y241.364 E101.19704
G1 X200.055 Y241.403 E101.25072
G1 X199.213 Y241.413 E101.30674
G1 X196.029 Y241.412 E101.51854
G1 X195.324 Y241.402 E101.56544
G1 X195.005 Y241.393 E101.58667
G1 X193.747 Y241.338 E101.67043
G1 X193.111 Y241.303 E101.7128
G1 X190.58 Y241.234 E101.88123
G1 X188.126 Y241.238 E102.04447
G1 X184.208 Y241.38 E102.30526
G1 X183.818 Y241.399 E102.33124
G1 X183.464 Y241.409 E102.35479
G1 X183.148 Y241.413 E102.37582
G1 X160.056 Y241.412 E103.9119
G1 X159.351 Y241.402 E103.9588
G1 X158.721 Y241.375 E104.00075
G1 X157.959 Y241.321 E104.05157
G1 X155.405 Y241.177 E104.22173
G1 X152.848 Y241.105 E104.39189
G1 X150.371 Y241.105 E104.55666
G1 X147.833 Y241.177 E104.72556
G1 X145.271 Y241.323 E104.89626
G1 X144.685 Y241.367 E104.93535
G1 X144.401 Y241.384 E104.95427
G1 X144.047 Y241.4 E104.97785
G1 X143.727 Y241.409 E104.99914
G1 X143.412 Y241.413 E105.0201
G1 X100.608 Y241.411 E107.86743
G1 X100.021 Y241.403 E107.90648
G1 X99.662 Y241.392 E107.93037
G1 X99.356 Y241.378 E107.95075
G1 X98.33 Y241.284 E108.01928
G1 X98.092 Y241.251 E108.03527
G1 X97.21 Y241.092 E108.09488
G1 X96.957 Y241.036 E108.11212
G1 X95.729 Y240.69 E108.19699
G1 X95.52 Y240.618 E108.21169
G1 X94.975 Y240.415 E108.25038
G1 X94.705 Y240.306 E108.26975
G1 X93.874 Y239.93 E108.33042
G1 X93.615 Y239.8 E108.3497
G1 X92.585 Y239.213 E108.42856
G1 X92.364 Y239.071 E108.44604
G1 X91.447 Y238.414 E108.52108
G1 X91.237 Y238.247 E108.53892
G1 X90.472 Y237.58 E108.60644
G1 X90.227 Y237.346 E108.62897
G1 X89.402 Y236.468 E108.70912
G1 X89.208 Y236.238 E108.72913
G1 X88.497 Y235.3 E108.80743
G1 X88.333 Y235.058 E108.82687
G1 X87.881 Y234.332 E108.88376
G1 X87.797 Y234.185 E108.89502
G1 X87.302 Y233.211 E108.9677
G1 X87.128 Y232.823 E108.99599
G1 X86.67 Y231.621 E109.08155
G1 X86.594 Y231.381 E109.0983
G1 X86.352 Y230.492 E109.15959
G1 X86.297 Y230.251 E109.17603
G1 X86.136 Y229.397 E109.23384
G1 X86.102 Y229.167 E109.24931
G1 X86.021 Y228.465 E109.29631
G1 X86.008 Y228.31 E109.30666
G1 X85.974 Y227.706 E109.3469
G1 X85.962 Y227.301 E109.37386
G1 X85.957 Y226.969 E109.39594
G1 X85.956 Y73.252 E119.62124
G1 X85.964 Y72.691 E119.65856
G1 X85.991 Y72.053 E119.70104
G1 X86.027 Y71.549 E119.73465
G1 X86.198 Y70.247 E119.822
G1 X86.248 Y69.985 E119.83975
G1 X86.5 Y68.938 E119.91138
G1 X86.565 Y68.716 E119.92677
G1 X86.894 Y67.756 E119.99427
G1 X87.041 Y67.383 E120.02094
G1 X87.569 Y66.237 E120.10488
G1 X87.68 Y66.028 E120.12062
G1 X88.181 Y65.177 E120.18631
G1 X88.337 Y64.937 E120.20535
G1 X88.646 Y64.487 E120.24166
G0 F6000 X89.297 Y64.951
G1 F1200 X89.955 Y64.12 E120.31217
G1 X90.236 Y63.8 E120.3405
G1 X90.821 Y63.187 E120.39687
G1 X90.882 Y63.128 E120.40251
G1 X91.506 Y62.571 E120.45815
G1 X91.737 Y62.381 E120.47805
G1 X92.205 Y62.018 E120.51745
G1 X92.391 Y61.882 E120.53277
G1 X93.15 Y61.376 E120.59345
G1 X93.652 Y61.091 E120.63185
G1 X93.927 Y60.945 E120.65257
G1 X94.317 Y60.749 E120.6816
G1 X94.616 Y60.606 E120.70365
G1 X95.532 Y60.22 E120.76977
G1 X95.625 Y60.186 E120.77636
G1 X96.46 Y59.92 E120.83465
G1 X96.658 Y59.866 E120.8483
G1 X97.16 Y59.743 E120.88268
G1 X97.351 Y59.701 E120.89569
G1 X98.246 Y59.545 E120.95613
G1 X98.608 Y59.498 E120.98041
G1 X99.577 Y59.418 E121.04509
G1 X100.252 Y59.394 E121.09002
G1 X100.622 Y59.387 E121.11463
G1 X199.383 Y59.389 E127.68424
G1 X199.952 Y59.397 E127.72209
G1 X200.27 Y59.406 E127.74326
G1 X200.494 Y59.416 E127.75817
G1 X201.344 Y59.489 E127.81492
G1 X201.768 Y59.543 E127.84335
G1 X202.844 Y59.738 E127.9161
G1 X202.988 Y59.772 E127.92594
G1 X203.618 Y59.942 E127.96934
G1 X203.875 Y60.02 E127.98721
G1 X204.736 Y60.323 E128.04793
G1 X205.168 Y60.509 E128.07921
G1 X205.598 Y60.705 E128.11065
G1 X206.525 Y61.185 E128.18009
G1 X206.585 Y61.22 E128.18471
G1 X207.227 Y61.626 E128.23524
G1 X207.574 Y61.864 E128.26323
G1 X208.52 Y62.597 E128.34284
G1 X208.798 Y62.839 E128.36736
G1 X209.678 Y63.701 E128.4493
G1 X209.851 Y63.892 E128.46644
G1 X210.498 Y64.681 E128.53432
G1 X210.687 Y64.936 E128.55543
G1 X211.412 Y66.058 E128.64429
G1 X211.646 Y66.477 E128.67622
G1 X212.079 Y67.345 E128.74074
G1 X212.117 Y67.431 E128.74699
G1 X212.497 Y68.425 E128.81778
G1 X212.642 Y68.872 E128.84904
G1 X212.924 Y69.929 E128.92181
G1 X212.972 Y70.156 E128.93725
G1 X213.128 Y71.114 E129.00181
G1 X213.154 Y71.339 E129.01688
G1 X213.195 Y71.769 E129.04561
G1 X213.202 Y71.864 E129.05195
G1 X213.225 Y72.294 E129.08059
G1 X213.237 Y72.668 E129.10549
G1 X213.244 Y73.183 E129.13975
G1 X213.244 Y226.702 E139.35187
G1 X213.236 Y227.255 E139.38866
G1 X213.212 Y227.831 E139.42701
G1 X213.172 Y228.403 E139.46515
G1 X213.016 Y229.607 E139.54591
G1 X212.972 Y229.84 E139.56169
G1 X212.787 Y230.646 E139.6167
G1 X212.594 Y231.284 E139.66104
G1 X212.448 Y231.716 E139.69137
G1 X211.983 Y232.86 E139.77351
G1 X211.871 Y233.095 E139.79083
G1 X211.452 Y233.885 E139.85032
G1 X211.344 Y234.069 E139.86451
G1 X210.687 Y235.056 E139.94338
G1 X210.405 Y235.431 E139.97459
G1 X209.826 Y236.135 E140.03523
G1 X209.389 Y236.591 E140.07724
G1 X209.195 Y236.782 E140.09535
G1 X208.892 Y237.069 E140.12311
G1 X208.652 Y237.287 E140.14468
G1 X207.736 Y238.029 E140.22309
G1 X207.586 Y238.137 E140.23539
G1 X206.629 Y238.749 E140.31095
G1 X206.233 Y238.973 E140.34122
G1 X205.21 Y239.48 E140.41717
G1 X204.993 Y239.573 E140.43287
G1 X204.118 Y239.902 E140.49505
G1 X203.897 Y239.974 E140.51052
G1 X203.16 Y240.185 E140.56151
G1 X202.908 Y240.247 E140.57877
G1 X202.155 Y240.403 E140.62993
G1 X202.007 Y240.428 E140.63991
G1 X201.158 Y240.535 E140.69683
G1 X200.794 Y240.566 E140.72114
G1 X200.045 Y240.603 E140.77102
G1 X199.213 Y240.613 E140.82637
G1 X196.04 Y240.612 E141.03744
G1 X195.335 Y240.602 E141.08434
G1 X195.039 Y240.594 E141.10404
G1 X193.916 Y240.546 E141.17881
G1 X193.141 Y240.503 E141.23044
G1 X190.601 Y240.434 E141.39946
G1 X188.096 Y240.438 E141.5661
G1 X184.22 Y240.579 E141.8241
G1 X183.796 Y240.599 E141.85234
G1 X183.442 Y240.609 E141.87589
G1 X183.148 Y240.613 E141.89545
G1 X160.067 Y240.612 E143.43081
G1 X159.362 Y240.602 E143.47771
G1 X158.777 Y240.577 E143.51666
G1 X158.058 Y240.526 E143.56461
G1 X155.4 Y240.377 E143.74169
G1 X152.871 Y240.305 E143.90999
G1 X150.348 Y240.305 E144.07782
G1 X147.801 Y240.377 E144.24732
G1 X145.259 Y240.522 E144.41669
G1 X144.821 Y240.556 E144.44591
G1 X144.353 Y240.585 E144.4771
G1 X144.024 Y240.6 E144.49901
G1 X143.704 Y240.609 E144.52031
G1 X143.412 Y240.613 E144.53973
G1 X100.619 Y240.611 E147.38633
G1 X100.032 Y240.603 E147.42538
G1 X99.699 Y240.593 E147.44755
G1 X99.393 Y240.579 E147.46792
G1 X98.44 Y240.491 E147.53159
G1 X98.202 Y240.458 E147.54757
G1 X97.382 Y240.311 E147.60298
G1 X97.129 Y240.255 E147.62022
G1 X95.99 Y239.934 E147.69894
G1 X95.781 Y239.862 E147.71364
G1 X95.275 Y239.673 E147.74957
G1 X95.005 Y239.564 E147.76894
G1 X94.233 Y239.215 E147.8253
G1 X93.974 Y239.085 E147.84458
G1 X93.017 Y238.54 E147.91784
G1 X92.796 Y238.398 E147.93531
G1 X91.945 Y237.788 E148.00496
G1 X91.735 Y237.621 E148.02281
G1 X91.025 Y237.002 E148.08547
G1 X90.78 Y236.768 E148.108
G1 X90.013 Y235.952 E148.1825
G1 X89.819 Y235.722 E148.20251
G1 X89.16 Y234.851 E148.27517
G1 X88.996 Y234.609 E148.29461
G1 X88.575 Y233.935 E148.34748
G1 X88.491 Y233.788 E148.35874
G1 X88.032 Y232.884 E148.42618
G1 X87.858 Y232.496 E148.45447
G1 X87.432 Y231.38 E148.53393
G1 X87.356 Y231.14 E148.55068
G1 X87.132 Y230.314 E148.60761
G1 X87.077 Y230.073 E148.62405
G1 X86.928 Y229.28 E148.67772
G1 X86.894 Y229.05 E148.69319
G1 X86.818 Y228.398 E148.73685
G1 X86.805 Y228.243 E148.7472
G1 X86.774 Y227.682 E148.78458
G1 X86.762 Y227.277 E148.81153
G1 X86.757 Y226.969 E148.83202
G1 X86.756 Y73.264 E159.05652
G1 X86.764 Y72.703 E159.09384
G1 X86.789 Y72.11 E159.13332
G1 X86.825 Y71.606 E159.16693
G1 X86.983 Y70.397 E159.24804
G1 X87.033 Y70.135 E159.26578
G1 X87.268 Y69.163 E159.3323
G1 X87.333 Y68.941 E159.34769
G1 X87.638 Y68.05 E159.41034
G1 X87.785 Y67.677 E159.437
G1 X88.276 Y66.612 E159.51502
G1 X88.387 Y66.403 E159.53076
G1 X88.852 Y65.613 E159.59174
G1 X89.008 Y65.373 E159.61078
G1 X89.297 Y64.951 E159.6448
G1 F1500 E158.6448
G1 F300 Z0.4
;MESH:Top of Case.STL
G0 F6000 X106.46 Y91.336 Z0.4
;TYPE:WALL-INNER
G1 F300 Z0.2
G1 F1500 E159.67141
G1 F1200 X106.149 Y90.799 E159.71269
G1 X105.822 Y90.393 E159.74737
G1 X105.416 Y90.021 E159.784
G1 X104.994 Y89.738 E159.81779
G1 X104.541 Y89.517 E159.85132
G1 X104.012 Y89.349 E159.88824
G1 X103.48 Y89.271 E159.92401
G1 X103.169 Y89.261 E159.94471
G1 X102.68 Y89.294 E159.97731
G1 X102.032 Y89.451 E160.02166
G1 X101.425 Y89.726 E160.06599
G1 X100.985 Y90.022 E160.10127
G1 X100.579 Y90.392 E160.13781
G1 X100.258 Y90.789 E160.17177
G1 X99.999 Y91.219 E160.20516
G1 X99.8 Y91.69 E160.23917
G1 X99.659 Y92.24 E160.27694
G1 X99.605 Y92.913 E160.32186
G1 X99.684 Y93.596 E160.36759
G1 X99.885 Y94.235 E160.41215
G1 X100.125 Y94.706 E160.44732
G1 X100.439 Y95.146 E160.48327
G1 X100.795 Y95.519 E160.51757
G1 X101.21 Y95.841 E160.55251
G1 X101.793 Y96.157 E160.59663
G1 X102.444 Y96.365 E160.64209
G1 X103.059 Y96.441 E160.68331
G1 X103.607 Y96.421 E160.71979
G1 X104.283 Y96.277 E160.76576
G1 X104.774 Y96.079 E160.80098
G1 X105.206 Y95.829 E160.83418
G1 X105.612 Y95.515 E160.86832
G1 X105.989 Y95.113 E160.90498
G1 X106.278 Y94.701 E160.93846
G1 X106.51 Y94.249 E160.97226
G1 X106.684 Y93.727 E161.00886
G1 X106.775 Y93.209 E161.04384
G1 X106.783 Y92.548 E161.08782
G1 X106.684 Y91.967 E161.12702
G1 X106.46 Y91.336 E161.17156
G0 F6000 X105.731 Y91.673
G1 F1200 X105.488 Y91.253 E161.20384
G1 X105.237 Y90.942 E161.23043
G1 X104.92 Y90.652 E161.259
G1 X104.594 Y90.433 E161.28513
G1 X104.243 Y90.262 E161.3111
G1 X103.831 Y90.131 E161.33986
G1 X103.409 Y90.069 E161.36823
G1 X103.184 Y90.062 E161.38321
G1 X102.802 Y90.088 E161.40868
G1 X102.293 Y90.211 E161.44351
G1 X101.816 Y90.427 E161.47834
G1 X101.481 Y90.653 E161.50522
G1 X101.163 Y90.943 E161.53385
G1 X100.915 Y91.249 E161.56005
G1 X100.714 Y91.583 E161.58598
G1 X100.56 Y91.947 E161.61227
G1 X100.451 Y92.372 E161.64146
G1 X100.409 Y92.899 E161.67663
G1 X100.47 Y93.429 E161.71212
G1 X100.628 Y93.931 E161.74712
G1 X100.811 Y94.29 E161.77393
G1 X101.057 Y94.635 E161.80212
G1 X101.332 Y94.923 E161.8286
G1 X101.649 Y95.169 E161.8553
G1 X102.108 Y95.418 E161.89003
G1 X102.616 Y95.58 E161.9255
G1 X103.094 Y95.639 E161.95754
G1 X103.508 Y95.624 E161.9851
G1 X104.048 Y95.509 E162.02182
G1 X104.422 Y95.358 E162.04865
G1 X104.759 Y95.163 E162.07455
G1 X105.072 Y94.921 E162.10087
G1 X105.367 Y94.607 E162.12953
G1 X105.591 Y94.287 E162.15551
G1 X105.77 Y93.938 E162.1816
G1 X105.906 Y93.53 E162.21021
G1 X105.976 Y93.134 E162.23696
G1 X105.982 Y92.611 E162.27176
G1 X105.907 Y92.169 E162.30158
G1 X105.731 Y91.673 E162.33659
G0 F6000 X105.002 Y92.01
;TYPE:WALL-OUTER
G1 F1200 X104.827 Y91.707 E162.35986
G1 X104.653 Y91.492 E162.37826
G1 X104.424 Y91.283 E162.39889
G1 X104.194 Y91.128 E162.41734
G1 X103.945 Y91.007 E162.43575
G1 X103.65 Y90.913 E162.45635
G1 X103.339 Y90.867 E162.47726
G1 X103.2 Y90.863 E162.48651
G1 X102.924 Y90.882 E162.50491
G1 X102.554 Y90.971 E162.53023
G1 X102.207 Y91.128 E162.55556
G1 X101.977 Y91.283 E162.57401
G1 X101.747 Y91.493 E162.59473
G1 X101.572 Y91.709 E162.61322
G1 X101.429 Y91.947 E162.63169
G1 X101.32 Y92.204 E162.65026
G1 X101.243 Y92.504 E162.67086
G1 X101.213 Y92.885 E162.69629
G1 X101.256 Y93.262 E162.72153
G1 X101.371 Y93.627 E162.74698
G1 X101.497 Y93.874 E162.76543
G1 X101.675 Y94.124 E162.78584
G1 X101.869 Y94.327 E162.80452
G1 X102.088 Y94.497 E162.82296
G1 X102.423 Y94.679 E162.84832
G1 X102.788 Y94.795 E162.8738
G1 X103.129 Y94.837 E162.89666
G1 X103.41 Y94.827 E162.91536
G1 X103.813 Y94.741 E162.94277
G1 X104.071 Y94.637 E162.96128
G1 X104.312 Y94.498 E162.97978
G1 X104.532 Y94.327 E162.99832
G1 X104.745 Y94.101 E163.01898
G1 X104.904 Y93.874 E163.03741
G1 X105.03 Y93.627 E163.05586
G1 X105.129 Y93.332 E163.07656
G1 X105.177 Y93.06 E163.09493
G1 X105.181 Y92.674 E163.12061
G1 X105.13 Y92.371 E163.14105
G1 X105.002 Y92.01 E163.16652
G0 F6000 X105.801 Y91.642
G1 F1500 E162.16652
G1 F300 Z0.4
G0 F6000 X105.515 Y210.119 Z0.4
;TYPE:WALL-INNER
G1 F300 Z0.2
G1 F1500 E163.19313
G1 F1200 X105.105 Y209.82 E163.22689
G1 X104.662 Y209.585 E163.26025
G1 X104.191 Y209.412 E163.29362
G1 X103.698 Y209.309 E163.32713
G1 X103.2 Y209.273 E163.36034
G1 X102.678 Y209.311 E163.39516
G1 X102.033 Y209.466 E163.43928
G1 X101.418 Y209.743 E163.48415
G1 X100.943 Y210.07 E163.52251
G1 X100.574 Y210.415 E163.55611
G1 X100.258 Y210.804 E163.58945
G1 X99.999 Y211.236 E163.62296
G1 X99.801 Y211.703 E163.6567
G1 X99.659 Y212.252 E163.69442
G1 X99.605 Y212.934 E163.73993
G1 X99.691 Y213.641 E163.78731
G1 X99.847 Y214.154 E163.82297
G1 X100.071 Y214.63 E163.85797
G1 X100.47 Y215.204 E163.90447
G1 X100.886 Y215.611 E163.94318
G1 X101.296 Y215.91 E163.97694
G1 X101.739 Y216.145 E164.0103
G1 X102.21 Y216.318 E164.04368
G1 X102.705 Y216.421 E164.07731
G1 X103.199 Y216.456 E164.11025
G1 X103.721 Y216.421 E164.14505
G1 X104.369 Y216.264 E164.18941
G1 X104.989 Y215.983 E164.23469
G1 X105.518 Y215.612 E164.27767
G1 X105.979 Y215.142 E164.32146
G1 X106.278 Y214.716 E164.35608
G1 X106.51 Y214.264 E164.38988
G1 X106.684 Y213.742 E164.42648
G1 X106.775 Y213.224 E164.46146
G1 X106.783 Y212.566 E164.50524
G1 X106.675 Y211.944 E164.54723
G1 X106.483 Y211.401 E164.58555
G1 X106.216 Y210.915 E164.62243
G1 X105.909 Y210.504 E164.65656
G1 X105.515 Y210.119 E164.6932
G0 F6000 X104.997 Y210.731
G1 F1200 X104.68 Y210.5 E164.71929
G1 X104.335 Y210.317 E164.74527
G1 X103.97 Y210.183 E164.77114
G1 X103.587 Y210.103 E164.79716
G1 X103.2 Y210.075 E164.82297
G1 X102.801 Y210.104 E164.84958
G1 X102.293 Y210.226 E164.88434
G1 X101.812 Y210.443 E164.91944
G1 X101.446 Y210.695 E164.949
G1 X101.16 Y210.962 E164.97503
G1 X100.915 Y211.264 E165.00089
G1 X100.714 Y211.599 E165.02688
G1 X100.561 Y211.961 E165.05302
G1 X100.451 Y212.385 E165.08216
G1 X100.409 Y212.917 E165.11766
G1 X100.477 Y213.475 E165.15505
G1 X100.596 Y213.866 E165.18224
G1 X100.766 Y214.229 E165.20891
G1 X101.084 Y214.685 E165.24589
G1 X101.404 Y214.999 E165.27571
G1 X101.721 Y215.23 E165.3018
G1 X102.066 Y215.413 E165.32778
G1 X102.431 Y215.547 E165.35364
G1 X102.815 Y215.627 E165.37974
G1 X103.2 Y215.654 E165.40541
G1 X103.599 Y215.627 E165.43201
G1 X104.108 Y215.504 E165.46684
G1 X104.591 Y215.285 E165.50212
G1 X104.999 Y214.999 E165.53527
G1 X105.362 Y214.629 E165.56975
G1 X105.591 Y214.302 E165.5963
G1 X105.77 Y213.953 E165.62239
G1 X105.906 Y213.545 E165.651
G1 X105.976 Y213.149 E165.67775
G1 X105.982 Y212.63 E165.71228
G1 X105.898 Y212.147 E165.74489
G1 X105.75 Y211.729 E165.77439
G1 X105.542 Y211.349 E165.8032
G1 X105.305 Y211.033 E165.82948
G1 X104.997 Y210.731 E165.85817
G0 F6000 X104.479 Y211.343
;TYPE:WALL-OUTER
G1 F1200 X104.255 Y211.18 E165.8766
G1 X104.008 Y211.049 E165.8952
G1 X103.749 Y210.954 E165.91355
G1 X103.476 Y210.897 E165.9321
G1 X103.2 Y210.877 E165.95051
G1 X102.924 Y210.897 E165.96892
G1 X102.554 Y210.986 E165.99423
G1 X102.207 Y211.143 E166.01957
G1 X101.948 Y211.321 E166.04047
G1 X101.746 Y211.509 E166.05883
G1 X101.572 Y211.724 E166.07723
G1 X101.429 Y211.962 E166.0957
G1 X101.321 Y212.218 E166.11418
G1 X101.243 Y212.518 E166.1348
G1 X101.213 Y212.9 E166.16029
G1 X101.263 Y213.309 E166.1877
G1 X101.345 Y213.578 E166.2064
G1 X101.462 Y213.828 E166.22477
G1 X101.698 Y214.167 E166.25224
G1 X101.922 Y214.387 E166.27313
G1 X102.146 Y214.55 E166.29156
G1 X102.393 Y214.681 E166.31015
G1 X102.652 Y214.776 E166.3285
G1 X102.925 Y214.833 E166.34706
G1 X103.2 Y214.852 E166.36539
G1 X103.477 Y214.833 E166.38386
G1 X103.847 Y214.744 E166.40918
G1 X104.193 Y214.587 E166.43445
G1 X104.48 Y214.386 E166.45776
G1 X104.745 Y214.116 E166.48293
G1 X104.904 Y213.889 E166.50136
G1 X105.03 Y213.642 E166.51981
G1 X105.129 Y213.347 E166.5405
G1 X105.177 Y213.075 E166.55888
G1 X105.181 Y212.695 E166.58416
G1 X105.121 Y212.35 E166.60745
G1 X105.017 Y212.056 E166.6282
G1 X104.868 Y211.783 E166.64888
G1 X104.702 Y211.562 E166.66727
G1 X104.479 Y211.343 E166.68806
G0 F6000 X105.047 Y210.672
G1 F1500 E165.68806
G1 F300 Z0.4
G0 F6000 X197.934 Y210.317 Z0.4
;TYPE:WALL-INNER
G1 F300 Z0.2
G1 F1500 E166.71467
G1 F1200 X197.569 Y210.183 E166.74053
G1 X197.186 Y210.103 E166.76656
G1 X196.797 Y210.075 E166.7925
G1 X196.365 Y210.108 E166.82133
G1 X195.942 Y210.21 E166.85027
G1 X195.578 Y210.357 E166.87638
G1 X195.239 Y210.553 E166.90243
G1 X194.9 Y210.822 E166.93122
G1 X194.632 Y211.11 E166.95739
G1 X194.409 Y211.428 E166.98322
G1 X194.232 Y211.775 E167.00914
G1 X194.103 Y212.149 E167.03545
G1 X194.024 Y212.577 E167.0644
G1 X194.018 Y213.093 E167.09873
G1 X194.08 Y213.489 E167.12539
G1 X194.195 Y213.866 E167.15161
G1 X194.365 Y214.229 E167.17828
G1 X194.683 Y214.685 E167.21526
G1 X195.005 Y215.001 E167.24527
G1 X195.363 Y215.258 E167.27458
G1 X195.835 Y215.483 E167.30937
G1 X196.219 Y215.595 E167.33597
G1 X196.607 Y215.648 E167.36202
G1 X196.992 Y215.648 E167.38763
G1 X197.38 Y215.595 E167.41368
G1 X197.753 Y215.487 E167.43952
G1 X198.112 Y215.328 E167.46563
G1 X198.473 Y215.098 E167.49411
G1 X198.773 Y214.837 E167.52056
G1 X199.06 Y214.502 E167.5499
G1 X199.345 Y214.011 E167.58767
G1 X199.494 Y213.588 E167.6175
G1 X199.568 Y213.204 E167.64351
G1 X199.59 Y212.805 E167.6701
G1 X199.53 Y212.293 E167.70439
G1 X199.407 Y211.869 E167.73375
G1 X199.233 Y211.5 E167.76089
G1 X198.915 Y211.043 E167.79793
G1 X198.596 Y210.731 E167.82761
G1 X198.279 Y210.5 E167.8537
G1 X197.934 Y210.317 E167.87968
G0 F6000 X197.607 Y211.049
;TYPE:WALL-OUTER
G1 F1200 X197.348 Y210.954 E167.89803
G1 X197.075 Y210.897 E167.91658
G1 X196.799 Y210.877 E167.93499
G1 X196.49 Y210.901 E167.95561
G1 X196.187 Y210.974 E167.97634
G1 X195.929 Y211.078 E167.99484
G1 X195.69 Y211.216 E168.0132
G1 X195.444 Y211.411 E168.03408
G1 X195.255 Y211.614 E168.05253
G1 X195.096 Y211.841 E168.07097
G1 X194.97 Y212.088 E168.08941
G1 X194.879 Y212.353 E168.10805
G1 X194.823 Y212.655 E168.12848
G1 X194.819 Y213.035 E168.15376
G1 X194.862 Y213.309 E168.17221
G1 X194.944 Y213.578 E168.19092
G1 X195.061 Y213.828 E168.20928
G1 X195.297 Y214.167 E168.23676
G1 X195.521 Y214.387 E168.25764
G1 X195.772 Y214.567 E168.27819
G1 X196.12 Y214.733 E168.30384
G1 X196.386 Y214.81 E168.32226
G1 X196.662 Y214.848 E168.34079
G1 X196.937 Y214.848 E168.35908
G1 X197.213 Y214.81 E168.37762
G1 X197.479 Y214.733 E168.39604
G1 X197.733 Y214.621 E168.4145
G1 X197.993 Y214.455 E168.43502
G1 X198.204 Y214.272 E168.4536
G1 X198.405 Y214.037 E168.47417
G1 X198.616 Y213.674 E168.5021
G1 X198.72 Y213.379 E168.52291
G1 X198.772 Y213.107 E168.54133
G1 X198.787 Y212.83 E168.55978
G1 X198.743 Y212.452 E168.5851
G1 X198.656 Y212.153 E168.60581
G1 X198.538 Y211.902 E168.62426
G1 X198.301 Y211.562 E168.65183
G1 X198.078 Y211.343 E168.67262
G1 X197.854 Y211.18 E168.69105
G1 X197.607 Y211.049 E168.70965
G0 F6000 X197.965 Y210.246
G1 F1500 E167.70965
G1 F300 Z0.4
G0 F6000 X183.804 Y137.14 Z0.4
;TYPE:WALL-INNER
G1 F300 Z0.2
G1 F1500 E168.73626
G1 F1200 X183.318 Y136.773 E168.77677
G1 X182.794 Y136.46 E168.81737
G1 X182.181 Y136.18 E168.8622
G1 X181.66 Y136.006 E168.89874
G1 X181.082 Y135.874 E168.93818
G1 X180.509 Y135.803 E168.97658
G1 X180.187 Y135.79 E168.99802
G1 X170.805 Y135.79 E169.62211
G1 X170.152 Y135.839 E169.66567
G1 X169.465 Y135.979 E169.71231
G1 X168.862 Y136.175 E169.75449
G1 X168.245 Y136.457 E169.79962
G1 X167.788 Y136.73 E169.83503
G1 X167.373 Y137.026 E169.86894
G1 X166.923 Y137.417 E169.90859
G1 X166.509 Y137.864 E169.94912
G1 X166.142 Y138.35 E169.98963
G1 X165.833 Y138.867 E170.0297
G1 X165.582 Y139.407 E170.06931
G1 X165.404 Y139.906 E170.10455
G1 X165.262 Y140.482 E170.14401
G1 X165.186 Y140.997 E170.17864
G1 X165.158 Y141.518 E170.21335
G1 X165.159 Y153.951 E171.0404
G1 X165.189 Y154.436 E171.07272
G1 X165.281 Y155.015 E171.11172
G1 X165.412 Y155.528 E171.14694
G1 X165.621 Y156.094 E171.18707
G1 X165.927 Y156.716 E171.23319
G1 X166.266 Y157.232 E171.27425
G1 X166.636 Y157.687 E171.31327
G1 X167.007 Y158.068 E171.34864
G1 X167.464 Y158.452 E171.38835
G1 X167.894 Y158.745 E171.42296
G1 X168.338 Y158.994 E171.45682
G1 X168.872 Y159.232 E171.49571
G1 X169.38 Y159.402 E171.53135
G1 X169.965 Y159.535 E171.57125
G1 X170.612 Y159.61 E171.61458
G1 X170.926 Y159.617 E171.63547
G1 X180.223 Y159.616 E172.25391
G1 X180.791 Y159.577 E172.29179
G1 X181.39 Y159.47 E172.33226
G1 X181.958 Y159.305 E172.37161
G1 X182.447 Y159.115 E172.4065
G1 X182.99 Y158.839 E172.44702
G1 X183.493 Y158.509 E172.48704
G1 X183.949 Y158.139 E172.5261
G1 X184.329 Y157.769 E172.56138
G1 X184.72 Y157.303 E172.60185
G1 X185.054 Y156.801 E172.64196
G1 X185.346 Y156.257 E172.68303
G1 X185.593 Y155.626 E172.7281
G1 X185.732 Y155.118 E172.76314
G1 X185.829 Y154.596 E172.79846
G1 X185.878 Y153.969 E172.84029
G1 X185.879 Y141.517 E173.6686
G1 X185.851 Y140.977 E173.70457
G1 X185.756 Y140.384 E173.74452
G1 X185.624 Y139.882 E173.77905
G1 X185.452 Y139.4 E173.81309
G1 X185.208 Y138.871 E173.85184
G1 X184.935 Y138.414 E173.88726
G1 X184.596 Y137.946 E173.9257
G1 X184.242 Y137.546 E173.96123
G1 X183.804 Y137.14 E174.00096
G0 F6000 X183.29 Y137.754
G1 F1200 X182.871 Y137.438 E174.03587
G1 X182.421 Y137.169 E174.07074
G1 X181.887 Y136.925 E174.10979
G1 X181.444 Y136.777 E174.14086
G1 X180.944 Y136.663 E174.17498
G1 X180.444 Y136.601 E174.20849
G1 X180.171 Y136.59 E174.22667
G1 X170.835 Y136.59 E174.8477
G1 X170.262 Y136.633 E174.88592
G1 X169.669 Y136.754 E174.92618
G1 X169.153 Y136.922 E174.96228
G1 X168.617 Y137.167 E175.00148
G1 X168.226 Y137.4 E175.03176
G1 X167.869 Y137.655 E175.06095
G1 X167.48 Y137.993 E175.09523
G1 X167.123 Y138.378 E175.13015
G1 X166.807 Y138.797 E175.16506
G1 X166.541 Y139.242 E175.19955
G1 X166.323 Y139.711 E175.23395
G1 X166.171 Y140.137 E175.26404
G1 X166.048 Y140.636 E175.29823
G1 X165.983 Y141.077 E175.32788
G1 X165.958 Y141.54 E175.35872
G1 X165.959 Y153.926 E176.18264
G1 X165.985 Y154.349 E176.21083
G1 X166.065 Y154.853 E176.24478
G1 X166.177 Y155.29 E176.27479
G1 X166.357 Y155.778 E176.30939
G1 X166.623 Y156.318 E176.34943
G1 X166.913 Y156.759 E176.38454
G1 X167.234 Y157.155 E176.41845
G1 X167.552 Y157.481 E176.44874
G1 X167.948 Y157.813 E176.48312
G1 X168.316 Y158.064 E176.51275
G1 X168.698 Y158.278 E176.54188
G1 X169.163 Y158.486 E176.57576
G1 X169.596 Y158.631 E176.60614
G1 X170.1 Y158.745 E176.64051
G1 X170.667 Y158.811 E176.67848
G1 X170.935 Y158.817 E176.69632
G1 X180.196 Y158.816 E177.31236
G1 X180.693 Y158.782 E177.3455
G1 X181.208 Y158.69 E177.3803
G1 X181.701 Y158.547 E177.41444
G1 X182.12 Y158.384 E177.44435
G1 X182.588 Y158.146 E177.47928
G1 X183.021 Y157.862 E177.51372
G1 X183.417 Y157.541 E177.54763
G1 X183.742 Y157.224 E177.57783
G1 X184.079 Y156.823 E177.61268
G1 X184.367 Y156.39 E177.64727
G1 X184.618 Y155.921 E177.68265
G1 X184.833 Y155.373 E177.72181
G1 X184.952 Y154.939 E177.75175
G1 X185.035 Y154.492 E177.78199
G1 X185.078 Y153.938 E177.81895
G1 X185.079 Y141.538 E178.6438
G1 X185.054 Y141.061 E178.67558
G1 X184.972 Y140.549 E178.71007
G1 X184.859 Y140.118 E178.73971
G1 X184.711 Y139.703 E178.76902
G1 X184.499 Y139.245 E178.80259
G1 X184.266 Y138.854 E178.83287
G1 X183.971 Y138.447 E178.8663
G1 X183.669 Y138.106 E178.89661
G1 X183.29 Y137.754 E178.93101
G0 F6000 X182.776 Y138.368
G1 F1200 X182.424 Y138.103 E178.96032
G1 X182.048 Y137.878 E178.98947
G1 X181.593 Y137.67 E179.02275
G1 X181.228 Y137.548 E179.04835
G1 X180.806 Y137.452 E179.07714
G1 X180.379 Y137.399 E179.10576
G1 X180.155 Y137.39 E179.12067
G1 X170.865 Y137.39 E179.73865
G1 X170.373 Y137.427 E179.77147
G1 X169.874 Y137.529 E179.80535
G1 X169.444 Y137.669 E179.83543
G1 X168.989 Y137.877 E179.86871
G1 X168.664 Y138.07 E179.89385
G1 X168.365 Y138.284 E179.91831
G1 X168.037 Y138.569 E179.94721
G1 X167.737 Y138.892 E179.97654
G1 X167.472 Y139.244 E180.00585
G1 X167.249 Y139.617 E180.03476
G1 X167.064 Y140.015 E180.06395
G1 X166.938 Y140.368 E180.08888
G1 X166.834 Y140.79 E180.11779
G1 X166.78 Y141.157 E180.14247
G1 X166.758 Y141.562 E180.16945
G1 X166.759 Y153.902 E180.99031
G1 X166.781 Y154.262 E181.0143
G1 X166.849 Y154.69 E181.04313
G1 X166.942 Y155.052 E181.06799
G1 X167.093 Y155.462 E181.09706
G1 X167.319 Y155.92 E181.13103
G1 X167.56 Y156.287 E181.16024
G1 X167.832 Y156.623 E181.18899
G1 X168.096 Y156.893 E181.21411
G1 X168.431 Y157.174 E181.2432
G1 X168.738 Y157.383 E181.2679
G1 X169.058 Y157.563 E181.29233
G1 X169.453 Y157.74 E181.32112
G1 X169.811 Y157.859 E181.34621
G1 X170.235 Y157.955 E181.37513
G1 X170.723 Y158.012 E181.40782
G1 X170.944 Y158.017 E181.42252
G1 X180.169 Y158.016 E182.03617
G1 X180.595 Y157.987 E182.06457
G1 X181.026 Y157.91 E182.0937
G1 X181.444 Y157.789 E182.12264
G1 X181.793 Y157.653 E182.14756
G1 X182.186 Y157.453 E182.17689
G1 X182.549 Y157.215 E182.20577
G1 X182.885 Y156.943 E182.23452
G1 X183.155 Y156.679 E182.25964
G1 X183.438 Y156.342 E182.28892
G1 X183.68 Y155.979 E182.31794
G1 X183.89 Y155.585 E182.34764
G1 X184.073 Y155.12 E182.38088
G1 X184.172 Y154.76 E182.40571
G1 X184.241 Y154.388 E182.43088
G1 X184.278 Y153.907 E182.46297
G1 X184.279 Y141.559 E183.28437
G1 X184.257 Y141.146 E183.31188
G1 X184.188 Y140.714 E183.34098
G1 X184.094 Y140.354 E183.36573
G1 X183.97 Y140.007 E183.39024
G1 X183.79 Y139.619 E183.41869
G1 X183.597 Y139.294 E183.44384
G1 X183.346 Y138.948 E183.47227
G1 X183.096 Y138.665 E183.49739
G1 X182.776 Y138.368 E183.52643
G0 F6000 X182.262 Y138.982
;TYPE:WALL-OUTER
G1 F1200 X181.977 Y138.768 E183.55014
G1 X181.675 Y138.587 E183.57356
G1 X181.299 Y138.415 E183.60106
G1 X181.012 Y138.319 E183.6212
G1 X180.668 Y138.241 E183.64466
G1 X180.314 Y138.197 E183.66839
G1 X180.139 Y138.19 E183.68004
G1 X170.895 Y138.19 E184.29495
G1 X170.484 Y138.221 E184.32237
G1 X170.079 Y138.304 E184.34987
G1 X169.735 Y138.416 E184.37394
G1 X169.361 Y138.587 E184.40129
G1 X169.102 Y138.741 E184.42134
G1 X168.861 Y138.913 E184.44103
G1 X168.594 Y139.145 E184.46456
G1 X168.351 Y139.406 E184.48828
G1 X168.137 Y139.691 E184.51199
G1 X167.957 Y139.992 E184.53532
G1 X167.805 Y140.319 E184.55931
G1 X167.705 Y140.599 E184.57908
G1 X167.62 Y140.944 E184.60272
G1 X167.577 Y141.237 E184.62242
G1 X167.558 Y141.584 E184.64554
G1 X167.559 Y153.878 E185.46334
G1 X167.577 Y154.175 E185.48313
G1 X167.633 Y154.527 E185.50684
G1 X167.707 Y154.814 E185.52655
G1 X167.829 Y155.146 E185.55008
G1 X168.015 Y155.522 E185.57799
G1 X168.207 Y155.815 E185.60129
G1 X168.43 Y156.09 E185.62484
G1 X168.641 Y156.306 E185.64493
G1 X168.914 Y156.535 E185.66863
G1 X169.16 Y156.702 E185.68841
G1 X169.419 Y156.848 E185.70819
G1 X169.743 Y156.993 E185.7318
G1 X170.026 Y157.087 E185.75164
G1 X170.37 Y157.165 E185.7751
G1 X170.779 Y157.213 E185.80249
G1 X170.953 Y157.217 E185.81407
G1 X180.142 Y157.216 E186.42533
G1 X180.497 Y157.192 E186.44899
G1 X180.844 Y157.13 E186.47244
G1 X181.187 Y157.031 E186.49619
G1 X181.465 Y156.922 E186.51605
G1 X181.784 Y156.76 E186.53985
G1 X182.077 Y156.568 E186.56316
G1 X182.352 Y156.345 E186.58671
G1 X182.568 Y156.134 E186.60679
G1 X182.797 Y155.861 E186.6305
G1 X182.993 Y155.568 E186.65395
G1 X183.162 Y155.25 E186.6779
G1 X183.313 Y154.866 E186.70535
G1 X183.392 Y154.58 E186.72509
G1 X183.447 Y154.284 E186.74511
G1 X183.478 Y153.877 E186.77227
G1 X183.479 Y141.581 E187.5902
G1 X183.46 Y141.231 E187.61351
G1 X183.404 Y140.878 E187.63729
G1 X183.329 Y140.59 E187.65709
G1 X183.229 Y140.311 E187.6768
G1 X183.081 Y139.992 E187.70019
G1 X182.928 Y139.734 E187.72015
G1 X182.721 Y139.449 E187.74358
G1 X182.522 Y139.224 E187.76356
G1 X182.262 Y138.982 E187.78719
G0 F6000 X182.826 Y138.308
G1 F1500 E186.78719
G1 F300 Z0.4
G0 F6000 X199.561 Y90.554 Z0.4
;TYPE:WALL-INNER
G1 F300 Z0.2
G1 F1500 E187.8138
G1 F1200 X199.205 Y90.181 E187.8481
G1 X198.802 Y89.869 E187.882
G1 X198.299 Y89.583 E187.92049
G1 X197.631 Y89.353 E187.96748
G1 X197.079 Y89.271 E188.00461
G1 X196.767 Y89.261 E188.02537
G1 X196.303 Y89.294 E188.05631
G1 X195.796 Y89.399 E188.09076
G1 X195.236 Y89.616 E188.13071
G1 X194.794 Y89.87 E188.16462
G1 X194.388 Y90.186 E188.19884
G1 X194.011 Y90.587 E188.23545
G1 X193.722 Y90.999 E188.26893
G1 X193.491 Y91.451 E188.3027
G1 X193.309 Y91.992 E188.34066
G1 X193.212 Y92.639 E188.38418
G1 X193.221 Y93.172 E188.41964
G1 X193.325 Y93.767 E188.45982
G1 X193.494 Y94.255 E188.49418
G1 X193.724 Y94.706 E188.52785
G1 X194.038 Y95.146 E188.56381
G1 X194.394 Y95.519 E188.59811
G1 X194.809 Y95.841 E188.63305
G1 X195.392 Y96.157 E188.67716
G1 X196.03 Y96.361 E188.72172
G1 X196.55 Y96.433 E188.75664
G1 X197.049 Y96.433 E188.78984
G1 X197.567 Y96.361 E188.82462
G1 X198.194 Y96.162 E188.86838
G1 X198.717 Y95.889 E188.90763
G1 X199.235 Y95.492 E188.95104
G1 X199.591 Y95.109 E188.98582
G1 X199.877 Y94.701 E189.01897
G1 X200.105 Y94.255 E189.05229
G1 X200.278 Y93.754 E189.08755
G1 X200.387 Y93.068 E189.13375
G1 X200.378 Y92.525 E189.16988
G1 X200.274 Y91.933 E189.20986
G1 X200.105 Y91.445 E189.24421
G1 X199.875 Y90.994 E189.27789
G1 X199.561 Y90.554 E189.31385
G0 F6000 X198.943 Y91.065
G1 F1200 X198.668 Y90.777 E189.34034
G1 X198.357 Y90.536 E189.36651
G1 X197.968 Y90.315 E189.39627
G1 X197.44 Y90.133 E189.43342
G1 X197.008 Y90.069 E189.46247
G1 X196.783 Y90.062 E189.47744
G1 X196.413 Y90.088 E189.50212
G1 X196.023 Y90.169 E189.52861
G1 X195.582 Y90.34 E189.56008
G1 X195.241 Y90.536 E189.58624
G1 X194.928 Y90.779 E189.6126
G1 X194.633 Y91.093 E189.64126
G1 X194.409 Y91.413 E189.66724
G1 X194.23 Y91.762 E189.69333
G1 X194.09 Y92.18 E189.72266
G1 X194.013 Y92.692 E189.7571
G1 X194.02 Y93.096 E189.78398
G1 X194.102 Y93.566 E189.81571
G1 X194.232 Y93.941 E189.84212
G1 X194.41 Y94.29 E189.86818
G1 X194.656 Y94.635 E189.89636
G1 X194.931 Y94.923 E189.92285
G1 X195.248 Y95.169 E189.94954
G1 X195.707 Y95.418 E189.98428
G1 X196.208 Y95.578 E190.01926
G1 X196.605 Y95.633 E190.04593
G1 X196.994 Y95.633 E190.0718
G1 X197.39 Y95.578 E190.0984
G1 X197.885 Y95.421 E190.13294
G1 X198.285 Y95.212 E190.16296
G1 X198.695 Y94.898 E190.19731
G1 X198.967 Y94.605 E190.22391
G1 X199.19 Y94.287 E190.24975
G1 X199.367 Y93.941 E190.2756
G1 X199.499 Y93.559 E190.30248
G1 X199.586 Y93.012 E190.33933
G1 X199.579 Y92.601 E190.36667
G1 X199.497 Y92.134 E190.39821
G1 X199.367 Y91.759 E190.42461
G1 X199.189 Y91.41 E190.45067
G1 X198.943 Y91.065 E190.47886
G0 F6000 X198.325 Y91.576
;TYPE:WALL-OUTER
G1 F1200 X198.131 Y91.373 E190.49754
G1 X197.912 Y91.203 E190.51598
G1 X197.637 Y91.047 E190.53701
G1 X197.249 Y90.913 E190.56432
G1 X196.938 Y90.867 E190.58523
G1 X196.799 Y90.863 E190.59448
G1 X196.523 Y90.882 E190.61288
G1 X196.251 Y90.939 E190.63137
G1 X195.928 Y91.064 E190.65441
G1 X195.688 Y91.202 E190.67282
G1 X195.468 Y91.373 E190.69136
G1 X195.255 Y91.599 E190.71202
G1 X195.096 Y91.826 E190.73045
G1 X194.97 Y92.073 E190.7489
G1 X194.871 Y92.368 E190.7696
G1 X194.814 Y92.745 E190.79496
G1 X194.819 Y93.02 E190.81326
G1 X194.879 Y93.365 E190.83655
G1 X194.97 Y93.627 E190.855
G1 X195.096 Y93.874 E190.87345
G1 X195.274 Y94.124 E190.89386
G1 X195.468 Y94.327 E190.91254
G1 X195.687 Y94.497 E190.93098
G1 X196.022 Y94.679 E190.95634
G1 X196.386 Y94.795 E190.98175
G1 X196.66 Y94.833 E191.00016
G1 X196.939 Y94.833 E191.01871
G1 X197.212 Y94.795 E191.03705
G1 X197.577 Y94.679 E191.06253
G1 X197.854 Y94.535 E191.08329
G1 X198.155 Y94.304 E191.10853
G1 X198.344 Y94.101 E191.12698
G1 X198.503 Y93.874 E191.14542
G1 X198.629 Y93.627 E191.16386
G1 X198.72 Y93.364 E191.18238
G1 X198.785 Y92.956 E191.20986
G1 X198.78 Y92.678 E191.22835
G1 X198.72 Y92.335 E191.25152
G1 X198.629 Y92.073 E191.26997
G1 X198.503 Y91.826 E191.28841
G1 X198.325 Y91.576 E191.30883
G0 F6000 X199.003 Y91.016
G1 F1500 E190.30883
G1 F300 Z0.4
G0 F6000 X200.045 Y215.811 Z0.4
;TYPE:WALL-INNER
G1 F300 Z0.2
G1 F1500 E191.33543
G1 F1200 X200.045 Y227.127 E192.08818
G1 X199.965 Y227.355 E192.10425
G1 X199.715 Y227.413 E192.12132
G1 X198.281 Y227.413 E192.21671
G1 X198.281 Y218.564 E192.80535
G1 X198.241 Y218.01 E192.8423
G1 X198.155 Y217.502 E192.87657
G1 X198.044 Y217.068 E192.90637
G1 X198.302 Y216.993 E192.92424
G1 X198.87 Y216.742 E192.96555
G1 X199.433 Y216.384 E193.00993
G1 X199.911 Y215.967 E193.05213
G1 X200.045 Y215.811 E193.06581
G1 F1500 E192.06581
G1 F300 Z0.4
G0 F6000 X199.978 Y72.653 Z0.4
G1 F300 Z0.2
G1 F1500 E193.09242
G1 F1200 X200.044 Y72.838 E193.10548
G1 X200.044 Y89.902 E194.24058
G1 X199.742 Y89.585 E194.26971
G1 X199.247 Y89.202 E194.31134
G1 X198.63 Y88.851 E194.35856
G1 X197.822 Y88.573 E194.4154
G1 X197.151 Y88.473 E194.46053
G1 X196.751 Y88.46 E194.48715
G1 X196.193 Y88.5 E194.52437
G1 X195.569 Y88.629 E194.56675
G1 X194.89 Y88.892 E194.61519
G1 X194.347 Y89.204 E194.65685
G1 X193.848 Y89.593 E194.69894
G1 X193.389 Y90.081 E194.7435
G1 X193.035 Y90.585 E194.78447
G1 X192.752 Y91.14 E194.82591
G1 X192.528 Y91.804 E194.87253
G1 X192.411 Y92.586 E194.92512
G1 X192.422 Y93.248 E194.96917
G1 X192.548 Y93.968 E195.01779
G1 X192.756 Y94.569 E195.0601
G1 X193.038 Y95.122 E195.10139
G1 X193.42 Y95.657 E195.14512
G1 X193.856 Y96.114 E195.18713
G1 X194.37 Y96.513 E195.23042
G1 X195.077 Y96.896 E195.2839
G1 X195.852 Y97.144 E195.33803
G1 X196.495 Y97.233 E195.38121
G1 X197.104 Y97.233 E195.42172
G1 X197.744 Y97.144 E195.46471
G1 X198.502 Y96.903 E195.51762
G1 X199.149 Y96.566 E195.56614
G1 X199.775 Y96.086 E195.61862
G1 X200.044 Y95.796 E195.64493
G1 X200.045 Y209.911 E203.23589
G1 X199.632 Y209.507 E203.27432
G1 X199.129 Y209.14 E203.31574
G1 X198.588 Y208.853 E203.35648
G1 X198.011 Y208.641 E203.39737
G1 X197.408 Y208.515 E203.43835
G1 X196.793 Y208.471 E203.47936
G1 X196.115 Y208.522 E203.52459
G1 X195.452 Y208.682 E203.56996
G1 X194.874 Y208.915 E203.61141
G1 X194.337 Y209.227 E203.65273
G1 X193.811 Y209.644 E203.69738
G1 X193.385 Y210.101 E203.73894
G1 X193.035 Y210.602 E203.77959
G1 X192.756 Y211.147 E203.82032
G1 X192.551 Y211.741 E203.86212
G1 X192.426 Y212.421 E203.90811
G1 X192.42 Y212.916 E203.94104
G1 X186.329 Y212.915 E204.34622
G1 X185.763 Y212.955 E204.38396
G1 X185.163 Y213.063 E204.42451
G1 X184.597 Y213.226 E204.46369
G1 X184.112 Y213.416 E204.49834
G1 X183.644 Y213.649 E204.53312
G1 X183.151 Y213.961 E204.57193
G1 X182.749 Y214.269 E204.60562
G1 X182.362 Y214.623 E204.64051
G1 X181.961 Y215.072 E204.68055
G1 X181.615 Y215.55 E204.7198
G1 X181.356 Y215.988 E204.75365
G1 X181.134 Y216.452 E204.78787
G1 X180.952 Y216.946 E204.82289
G1 X180.782 Y217.593 E204.86739
G1 X180.696 Y218.201 E204.90824
G1 X180.678 Y218.663 E204.93899
G1 X180.678 Y227.413 E205.52104
G1 X162.308 Y227.413 E206.74302
G1 X162.308 Y214.384 E207.60971
G1 X162.268 Y213.818 E207.64746
G1 X162.161 Y213.224 E207.68761
G1 X161.999 Y212.653 E207.72709
G1 X161.809 Y212.17 E207.76162
G1 X161.574 Y211.7 E207.79657
G1 X161.258 Y211.198 E207.83603
G1 X160.88 Y210.717 E207.87672
G1 X160.4 Y210.226 E207.9224
G1 X159.906 Y209.826 E207.96468
G1 X159.322 Y209.457 E208.01063
G1 X158.782 Y209.194 E208.05059
G1 X158.285 Y209.008 E208.08589
G1 X157.711 Y208.855 E208.1254
G1 X157.121 Y208.763 E208.16513
G1 X156.639 Y208.733 E208.19725
G1 X146.512 Y208.734 E208.8709
G1 X145.941 Y208.787 E208.90905
G1 X145.433 Y208.881 E208.94341
G1 X144.945 Y209.015 E208.97708
G1 X144.453 Y209.199 E209.01202
G1 X143.842 Y209.503 E209.05742
G1 X143.333 Y209.837 E209.09791
G1 X142.933 Y210.155 E209.13191
G1 X142.557 Y210.513 E209.16644
G1 X142.173 Y210.955 E209.20539
G1 X141.859 Y211.397 E209.24145
G1 X141.529 Y211.981 E209.28608
G1 X141.287 Y212.548 E209.32708
G1 X141.107 Y213.14 E209.36824
G1 X140.996 Y213.734 E209.40844
G1 X140.947 Y214.282 E209.44504
G1 X140.942 Y214.505 E209.45988
G1 X140.942 Y227.413 E210.31852
G1 X100.218 Y227.412 E213.02749
G1 X100.075 Y227.379 E213.03726
G1 X99.998 Y227.313 E213.044
G1 X99.956 Y227.169 E213.05398
G1 X99.956 Y215.821 E213.80885
G1 X100.368 Y216.223 E213.84714
G1 X100.871 Y216.59 E213.88856
G1 X101.412 Y216.877 E213.9293
G1 X101.989 Y217.089 E213.97019
G1 X102.595 Y217.215 E214.01136
G1 X103.197 Y217.258 E214.05151
G1 X103.843 Y217.215 E214.09458
G1 X104.631 Y217.024 E214.14851
G1 X105.387 Y216.681 E214.20374
G1 X106.038 Y216.225 E214.25661
G1 X106.596 Y215.655 E214.30967
G1 X106.965 Y215.13 E214.35236
G1 X107.25 Y214.575 E214.39386
G1 X107.462 Y213.939 E214.43845
G1 X107.574 Y213.299 E214.48167
G1 X107.584 Y212.502 E214.53469
G1 X107.452 Y211.741 E214.58607
G1 X107.216 Y211.073 E214.6332
G1 X106.89 Y210.481 E214.67816
G1 X106.513 Y209.975 E214.72013
G1 X106.033 Y209.507 E214.76472
G1 X105.53 Y209.14 E214.80614
G1 X104.989 Y208.853 E214.84688
G1 X104.412 Y208.641 E214.88777
G1 X103.809 Y208.515 E214.92875
G1 X103.2 Y208.471 E214.96937
G1 X102.555 Y208.518 E215.01239
G1 X101.773 Y208.706 E215.06589
G1 X101.024 Y209.043 E215.12052
G1 X100.44 Y209.445 E215.16768
G1 X99.988 Y209.868 E215.20886
G1 X99.956 Y209.907 E215.21222
G1 X99.955 Y95.798 E222.80278
G1 X100.257 Y96.114 E222.83186
G1 X100.771 Y96.513 E222.87514
G1 X101.478 Y96.896 E222.92863
G1 X102.272 Y97.15 E222.98408
G1 X103.024 Y97.243 E223.03449
G1 X103.706 Y97.218 E223.07988
G1 X104.518 Y97.045 E223.13511
G1 X105.126 Y96.8 E223.17872
G1 X105.653 Y96.495 E223.21922
G1 X106.152 Y96.109 E223.26118
G1 X106.611 Y95.619 E223.30585
G1 X106.965 Y95.115 E223.34682
G1 X107.25 Y94.56 E223.38832
G1 X107.462 Y93.924 E223.43291
G1 X107.574 Y93.284 E223.47613
G1 X107.584 Y92.485 E223.52929
G1 X107.461 Y91.764 E223.57794
G1 X107.189 Y90.999 E223.63195
G1 X106.811 Y90.345 E223.6822
G1 X106.407 Y89.844 E223.72501
G1 X105.912 Y89.39 E223.76969
G1 X105.394 Y89.043 E223.81116
G1 X104.839 Y88.772 E223.85225
G1 X104.192 Y88.567 E223.8974
G1 X103.551 Y88.473 E223.94049
G1 X103.155 Y88.46 E223.96685
G1 X102.558 Y88.5 E224.00665
G1 X101.77 Y88.691 E224.06059
G1 X101.034 Y89.025 E224.11435
G1 X100.49 Y89.391 E224.15797
G1 X99.995 Y89.842 E224.20251
G1 X99.955 Y89.891 E224.20672
G1 X99.955 Y72.866 E225.33923
G1 X100.014 Y72.666 E225.3531
G1 X100.151 Y72.595 E225.36336
G1 X100.253 Y72.587 E225.37017
G1 X199.768 Y72.588 E231.98993
G1 X199.978 Y72.653 E232.00455
G0 F6000 X200.7 Y72.278
G1 F1200 X200.825 Y72.607 E232.02797
G1 X200.844 Y72.801 E232.04093
G1 X200.844 Y91.933 E233.31016
G1 X200.844 Y93.068 E233.37211
G1 X200.844 Y94.255 E233.436
G1 X200.844 Y209.911 E241.12946
G1 X200.844 Y212.134 E241.27734
G1 X200.844 Y213.302 E241.35503
G1 X200.844 Y214.347 E241.42455
G1 X200.845 Y227.172 E242.27767
G1 X200.81 Y227.465 E242.2973
G1 X200.608 Y227.852 E242.32634
G1 X200.407 Y228.033 E242.34433
G1 X200.191 Y228.145 E242.36052
G1 X199.78 Y228.213 E242.38823
G1 X197.481 Y228.213 E242.54116
G1 X197.481 Y218.593 E243.18108
G1 X197.446 Y218.106 E243.21356
G1 X197.372 Y217.669 E243.24305
G1 X197.263 Y217.245 E243.27217
G1 X197.117 Y216.837 E243.30099
G1 X196.939 Y216.448 E243.32945
G1 X197.046 Y216.448
G1 X197.546 Y216.38 E243.3495
G1 X198.027 Y216.24 E243.38282
G1 X198.491 Y216.035 E243.41656
G1 X198.953 Y215.741 E243.45299
G1 X199.342 Y215.402 E243.48732
G1 X199.715 Y214.967 E243.52543
G1 X200.075 Y214.348 E243.57307
G1 X200.268 Y213.798 E243.61058
G1 X200.364 Y213.302 E243.63381
G1 X200.393 Y212.78 E243.65692
G1 X200.317 Y212.134 E243.68575
G1 X200.158 Y211.585 E243.72377
G1 X199.928 Y211.098 E243.7596
G1 X199.528 Y210.524 E243.80614
G1 X199.114 Y210.119 E243.84466
G1 X198.704 Y209.82 E243.87842
G1 X198.261 Y209.585 E243.91178
G1 X197.79 Y209.412 E243.94516
G1 X197.297 Y209.309 E243.97866
G1 X196.795 Y209.273 E244.01214
G1 X196.24 Y209.315 E244.04916
G1 X195.697 Y209.446 E244.08632
G1 X195.226 Y209.636 E244.1201
G1 X194.788 Y209.89 E244.15378
G1 X194.355 Y210.233 E244.19053
G1 X194.009 Y210.605 E244.22432
G1 X193.722 Y211.015 E244.25761
G1 X193.494 Y211.461 E244.29093
G1 X193.327 Y211.945 E244.32499
G1 X193.225 Y212.499 E244.36246
G1 X193.217 Y213.151 E244.40584
G1 X193.298 Y213.668 E244.44065
G1 X193.336 Y213.793 E244.44934
G1 X192.942 Y213.735 E244.46288
G1 X192.646 Y213.716 E244.4746
G1 X186.357 Y213.715 E244.89295
G1 X185.862 Y213.75 E244.92596
G1 X185.345 Y213.843 E244.9609
G1 X184.854 Y213.984 E244.99488
G1 X184.437 Y214.148 E245.02469
G1 X184.037 Y214.347 E245.05441
G1 X183.609 Y214.618 E245.08811
G1 X183.263 Y214.883 E245.1171
G1 X182.932 Y215.186 E245.14695
G1 X182.585 Y215.574 E245.18157
G1 X182.285 Y215.989 E245.21564
G1 X182.062 Y216.365 E245.24472
G1 X181.872 Y216.763 E245.27405
G1 X181.716 Y217.186 E245.30404
G1 X181.568 Y217.751 E245.3429
G1 X181.494 Y218.273 E245.37797
G1 X181.478 Y218.679 E245.40499
G1 X181.478 Y228.213 E246.0392
G1 X161.508 Y228.213 E247.36761
G1 X161.508 Y214.412 E248.28566
G1 X161.473 Y213.917 E248.31866
G1 X161.381 Y213.405 E248.35327
G1 X161.24 Y212.909 E248.38757
G1 X161.078 Y212.496 E248.41708
G1 X160.876 Y212.093 E248.44707
G1 X160.603 Y211.659 E248.48117
G1 X160.278 Y211.245 E248.51619
G1 X159.861 Y210.819 E248.55584
G1 X159.439 Y210.477 E248.59197
G1 X158.932 Y210.157 E248.63185
G1 X158.466 Y209.93 E248.66633
G1 X158.041 Y209.771 E248.69652
G1 X157.546 Y209.639 E248.7306
G1 X157.034 Y209.559 E248.76507
G1 X156.614 Y209.533 E248.79306
G1 X146.549 Y209.534 E249.46259
G1 X146.051 Y209.58 E249.49586
G1 X145.612 Y209.661 E249.52555
G1 X145.192 Y209.777 E249.55454
G1 X144.772 Y209.934 E249.58436
G1 X144.241 Y210.198 E249.62381
G1 X143.802 Y210.486 E249.65874
G1 X143.459 Y210.759 E249.6879
G1 X143.136 Y211.066 E249.71754
G1 X142.803 Y211.45 E249.75135
G1 X142.535 Y211.827 E249.78212
G1 X142.247 Y212.336 E249.82102
G1 X142.04 Y212.822 E249.85616
G1 X141.885 Y213.331 E249.89156
G1 X141.789 Y213.843 E249.92621
G1 X141.746 Y214.326 E249.95846
G1 X141.742 Y214.514 E249.97097
G1 X141.742 Y228.213 E250.88223
G1 X100.161 Y228.212 E253.64821
G1 X99.909 Y228.176 E253.66515
G1 X99.664 Y228.076 E253.68275
G1 X99.409 Y227.871 E253.70451
G1 X99.267 Y227.66 E253.72143
G1 X99.163 Y227.307 E253.74591
G1 X99.156 Y227.203 E253.75284
G1 X99.156 Y214.154 E254.61902
G1 X99.156 Y212.934 E254.6838
G1 X99.156 Y211.704 E254.74946
G1 X99.156 Y95.798 E262.45956
G1 X99.156 Y94.235 E262.56353
G1 X99.156 Y92.913 E262.63748
G1 X99.156 Y91.691 E262.7028
G1 X99.155 Y72.816 E263.95837
G1 X99.188 Y72.55 E263.9762
G1 X99.34 Y72.218 E264.00048
G1 X99.514 Y72.028 E264.01762
G1 X99.68 Y71.915 E264.03098
G1 X99.976 Y71.807 E264.05194
G1 X100.227 Y71.787 E264.06869
G1 X199.851 Y71.788 E270.69571
G1 X200.224 Y71.866 E270.72105
G1 X200.326 Y71.915 E270.72858
G1 X200.546 Y72.079 E270.74683
G1 X200.7 Y72.278 E270.76357
G0 F6000 X201.38 Y71.852
G1 F1200 X201.497 Y72.076 E270.78038
G1 X201.555 Y72.23 E270.79133
G1 X201.616 Y72.474 E270.80806
G1 X201.644 Y72.767 E270.82764
G1 X201.645 Y227.219 E281.10183
G1 X201.596 Y227.626 E281.1291
G1 X201.55 Y227.786 E281.14017
G1 X201.441 Y228.041 E281.15862
G1 X201.234 Y228.356 E281.18369
G1 X201.049 Y228.547 E281.20138
G1 X200.842 Y228.709 E281.21887
G1 X200.477 Y228.897 E281.24618
G1 X200.122 Y228.99 E281.27059
G1 X199.812 Y229.013 E281.29127
G1 X196.681 Y229.013 E281.49954
G1 X196.681 Y218.622 E282.19075
G1 X196.651 Y218.202 E282.21876
G1 X196.589 Y217.836 E282.24346
G1 X196.497 Y217.48 E282.26792
G1 X196.375 Y217.138 E282.29207
G1 X196.223 Y216.805 E282.31642
G1 X196.04 Y216.483 E282.34106
G1 X195.833 Y216.181 E282.36541
G1 X195.556 Y215.852 E282.38536
G1 X195.238 Y215.543 E282.39847
G1 X194.887 Y215.27 E282.41246
G1 X194.459 Y215.009 E282.42762
G1 X194.11 Y214.843 E282.44296
G1 X193.772 Y214.716 E282.46265
G1 X193.348 Y214.603 E282.49184
G1 X192.858 Y214.531 E282.52478
G1 X192.621 Y214.516 E282.54058
G1 X186.385 Y214.515 E282.9554
G1 X185.961 Y214.545 E282.98367
G1 X185.526 Y214.623 E283.01307
G1 X185.111 Y214.742 E283.04179
G1 X184.763 Y214.879 E283.06667
G1 X184.431 Y215.045 E283.09136
G1 X184.067 Y215.275 E283.12
G1 X183.777 Y215.497 E283.1443
G1 X183.502 Y215.749 E283.16911
G1 X183.209 Y216.076 E283.19831
G1 X182.955 Y216.428 E283.22719
G1 X182.769 Y216.742 E283.25147
G1 X182.61 Y217.075 E283.27601
G1 X182.48 Y217.426 E283.30091
G1 X182.354 Y217.909 E283.33412
G1 X182.292 Y218.345 E283.36341
G1 X182.278 Y218.695 E283.38671
G1 X182.278 Y229.013 E284.07307
G1 X160.708 Y229.013 E285.50791
G1 X160.708 Y214.44 E286.47731
G1 X160.678 Y214.016 E286.50559
G1 X160.601 Y213.586 E286.53464
G1 X160.481 Y213.166 E286.5637
G1 X160.346 Y212.822 E286.58828
G1 X160.178 Y212.486 E286.61327
G1 X159.948 Y212.12 E286.64203
G1 X159.676 Y211.773 E286.67135
G1 X159.322 Y211.412 E286.70499
G1 X158.972 Y211.128 E286.73497
G1 X158.542 Y210.857 E286.76878
G1 X158.15 Y210.666 E286.79779
G1 X157.797 Y210.534 E286.82286
G1 X157.381 Y210.423 E286.8515
G1 X156.947 Y210.355 E286.88072
G1 X156.589 Y210.333 E286.90458
G1 X146.586 Y210.334 E287.56998
G1 X146.16 Y210.373 E287.59844
G1 X145.792 Y210.441 E287.62333
G1 X145.439 Y210.539 E287.6477
G1 X145.091 Y210.669 E287.67241
G1 X144.64 Y210.893 E287.70591
G1 X144.272 Y211.135 E287.73521
G1 X143.984 Y211.364 E287.75968
G1 X143.715 Y211.619 E287.78434
G1 X143.433 Y211.945 E287.81301
G1 X143.211 Y212.257 E287.83848
G1 X142.966 Y212.691 E287.87164
G1 X142.793 Y213.097 E287.90099
G1 X142.663 Y213.522 E287.93056
G1 X142.582 Y213.953 E287.95973
G1 X142.545 Y214.369 E287.98751
G1 X142.542 Y214.522 E287.99769
G1 X142.542 Y229.013 E288.96164
G1 X100.103 Y229.012 E291.78469
G1 X99.7 Y228.954 E291.81177
G1 X99.279 Y228.783 E291.842
G1 X98.979 Y228.573 E291.86636
G1 X98.79 Y228.384 E291.88414
G1 X98.56 Y228.042 E291.91156
G1 X98.452 Y227.789 E291.92986
G1 X98.369 Y227.423 E291.95482
G1 X98.356 Y227.224 E291.96809
G1 X98.355 Y72.767 E302.24261
G1 X98.401 Y72.393 E302.26767
G1 X98.451 Y72.213 E302.2801
G1 X98.551 Y71.974 E302.29733
G1 X98.7 Y71.731 E302.3163
G1 X98.986 Y71.42 E302.3444
G1 X99.313 Y71.198 E302.37069
G1 X99.773 Y71.029 E302.40329
G1 X99.933 Y71.003 E302.41407
G1 X100.194 Y70.987 E302.43147
G1 X199.897 Y70.988 E309.06374
G1 X200.161 Y71.016 E309.0814
G1 X200.509 Y71.116 E309.10549
G1 X200.739 Y71.226 E309.12244
G1 X201.078 Y71.478 E309.15054
G1 X201.204 Y71.61 E309.16268
G1 X201.38 Y71.852 E309.18259
G0 F6000 X202.064 Y71.433
;TYPE:WALL-OUTER
G1 F1200 X202.229 Y71.75 E309.20636
G1 X202.318 Y71.986 E309.22314
G1 X202.404 Y72.331 E309.24679
G1 X202.437 Y72.598 E309.26469
G1 X202.444 Y72.753 E309.27501
G1 X202.445 Y227.241 E319.55159
G1 X202.427 Y227.515 E319.56986
G1 X202.376 Y227.807 E319.58957
G1 X202.305 Y228.054 E319.60667
G1 X202.156 Y228.404 E319.63197
G1 X202.007 Y228.658 E319.65156
G1 X201.841 Y228.879 E319.66995
G1 X201.589 Y229.141 E319.69413
G1 X201.29 Y229.374 E319.71935
G1 X201.025 Y229.529 E319.73977
G1 X200.767 Y229.644 E319.75856
G1 X200.52 Y229.724 E319.77583
G1 X200.243 Y229.782 E319.79465
G1 X199.98 Y229.809 E319.81224
G1 X199.834 Y229.813 E319.82196
G1 X195.881 Y229.813 E320.08491
G1 X195.881 Y218.65 E320.82748
G1 X195.856 Y218.298 E320.85095
G1 X195.806 Y218.004 E320.87079
G1 X195.731 Y217.715 E320.89065
G1 X195.633 Y217.439 E320.91013
G1 X195.51 Y217.17 E320.92981
G1 X195.361 Y216.908 E320.94986
G1 X195.195 Y216.666 E320.96938
G1 X194.97 Y216.398 E320.99266
G1 X194.712 Y216.148 E321.01655
G1 X194.431 Y215.929 E321.04025
G1 X194.078 Y215.713 E321.06778
G1 X193.798 Y215.58 E321.0884
G1 X193.528 Y215.479 E321.10758
G1 X193.186 Y215.388 E321.13112
G1 X192.775 Y215.327 E321.15876
G1 X192.596 Y215.316 E321.17069
G1 X186.413 Y215.315 E321.58198
G1 X186.06 Y215.34 E321.60552
G1 X185.708 Y215.403 E321.62931
G1 X185.368 Y215.501 E321.65285
G1 X185.089 Y215.61 E321.67277
G1 X184.825 Y215.743 E321.69244
G1 X184.524 Y215.932 E321.71608
G1 X184.291 Y216.111 E321.73562
G1 X184.071 Y216.312 E321.75545
G1 X183.833 Y216.578 E321.77919
G1 X183.625 Y216.866 E321.80282
G1 X183.476 Y217.119 E321.82235
G1 X183.347 Y217.388 E321.8422
G1 X183.244 Y217.666 E321.86192
G1 X183.14 Y218.066 E321.88941
G1 X183.09 Y218.418 E321.91306
G1 X183.078 Y218.711 E321.93257
G1 X183.078 Y229.813 E322.67108
G1 X159.908 Y229.813 E324.21235
G1 X159.908 Y214.468 E325.23311
G1 X159.883 Y214.115 E325.25665
G1 X159.821 Y213.767 E325.28016
G1 X159.722 Y213.423 E325.30397
G1 X159.614 Y213.147 E325.32369
G1 X159.48 Y212.879 E325.34362
G1 X159.292 Y212.58 E325.36711
G1 X159.074 Y212.301 E325.39067
G1 X158.783 Y212.005 E325.41828
G1 X158.505 Y211.779 E325.44211
G1 X158.153 Y211.557 E325.46979
G1 X157.834 Y211.402 E325.49339
G1 X157.553 Y211.297 E325.51334
G1 X157.215 Y211.207 E325.53661
G1 X156.86 Y211.151 E325.56051
G1 X156.565 Y211.133 E325.58017
G1 X146.622 Y211.134 E326.24158
G1 X146.269 Y211.166 E326.26516
G1 X145.972 Y211.221 E326.28525
G1 X145.687 Y211.3 E326.30493
G1 X145.41 Y211.404 E326.32461
G1 X145.039 Y211.588 E326.35216
G1 X144.742 Y211.783 E326.37579
G1 X144.51 Y211.968 E326.39553
G1 X144.294 Y212.173 E326.41534
G1 X144.062 Y212.44 E326.43887
G1 X143.887 Y212.686 E326.45895
G1 X143.685 Y213.045 E326.48635
G1 X143.546 Y213.372 E326.50999
G1 X143.441 Y213.714 E326.53379
G1 X143.375 Y214.063 E326.55741
G1 X143.344 Y214.411 E326.58065
G1 X143.342 Y214.529 E326.5885
G1 X143.342 Y229.813 E327.6052
G1 X100.064 Y229.812 E330.48406
G1 X99.786 Y229.787 E330.50263
G1 X99.494 Y229.728 E330.52245
G1 X99.181 Y229.624 E330.54439
G1 X98.897 Y229.488 E330.56533
G1 X98.676 Y229.351 E330.58263
G1 X98.448 Y229.174 E330.60183
G1 X98.192 Y228.918 E330.62591
G1 X98.02 Y228.696 E330.6446
G1 X97.844 Y228.404 E330.66728
G1 X97.699 Y228.062 E330.69199
G1 X97.619 Y227.786 E330.7111
G1 X97.574 Y227.52 E330.72905
G1 X97.556 Y227.247 E330.74725
G1 X97.555 Y72.739 E341.02516
G1 X97.573 Y72.484 E341.04216
G1 X97.618 Y72.221 E341.05991
G1 X97.693 Y71.951 E341.07855
G1 X97.837 Y71.61 E341.10318
G1 X98.043 Y71.272 E341.12951
G1 X98.216 Y71.056 E341.14792
G1 X98.465 Y70.811 E341.17115
G1 X98.724 Y70.617 E341.19268
G1 X98.944 Y70.487 E341.20968
G1 X99.266 Y70.344 E341.23311
G1 X99.59 Y70.249 E341.25557
G1 X99.849 Y70.206 E341.27304
G1 X100.163 Y70.187 E341.29397
G1 X199.935 Y70.188 E347.93083
G1 X200.298 Y70.227 E347.95511
G1 X200.561 Y70.287 E347.97306
G1 X200.815 Y70.375 E347.99094
G1 X201.131 Y70.527 E348.01426
G1 X201.392 Y70.697 E348.03498
G1 X201.627 Y70.894 E348.05538
G1 X201.82 Y71.097 E348.07401
G1 X202.064 Y71.433 E348.10164
G0 F6000 X201.316 Y71.895
G1 F1500 E347.10164
G1 F300 Z0.4
G0 F6000 X199.254 Y73.378 Z0.4
;TYPE:SKIN
G1 F300 Z0.2
G1 F1500 E348.12824
G1 F1200 X199.254 Y88.297 E349.12066
G1 X198.956 Y88.128 E349.14345
G1 X198.01 Y87.803 E349.20999
G1 X197.222 Y87.685 E349.26299
G1 X196.735 Y87.67 E349.2954
G1 X196.085 Y87.716 E349.33875
G1 X195.344 Y87.869 E349.38908
G1 X194.548 Y88.177 E349.44585
G1 X193.905 Y88.546 E349.49517
G1 X193.314 Y89.007 E349.54503
G1 X192.775 Y89.581 E349.59741
G1 X192.356 Y90.176 E349.64581
G1 X192.021 Y90.832 E349.69481
G1 X191.757 Y91.618 E349.74997
G1 X191.621 Y92.534 E349.81157
G1 X191.634 Y93.323 E349.86406
G1 X191.781 Y94.167 E349.92105
G1 X192.027 Y94.879 E349.97116
G1 X192.361 Y95.533 E350.02001
G1 X192.81 Y96.162 E350.07142
G1 X193.325 Y96.702 E350.12105
G1 X193.937 Y97.177 E350.17259
G1 X194.765 Y97.626 E350.23524
G1 X195.676 Y97.917 E350.29886
G1 X196.44 Y98.023 E350.35017
G1 X197.159 Y98.023 E350.398
G1 X197.92 Y97.918 E350.4491
G1 X198.806 Y97.635 E350.51097
G1 X199.254 Y97.402 E350.54456
G1 X199.255 Y208.312 E357.92232
G1 X198.91 Y208.13 E357.94827
G1 X198.229 Y207.879 E357.99655
G1 X197.517 Y207.731 E358.04492
G1 X196.791 Y207.679 E358.09334
G1 X195.992 Y207.739 E358.14664
G1 X195.211 Y207.928 E358.20009
G1 X194.526 Y208.204 E358.24922
G1 X193.891 Y208.573 E358.29807
G1 X193.274 Y209.062 E358.35044
G1 X192.769 Y209.603 E358.39967
G1 X192.356 Y210.194 E358.44763
G1 X192.027 Y210.837 E358.49568
G1 X191.785 Y211.539 E358.54507
G1 X191.677 Y212.126 E358.58478
G1 X186.301 Y212.125 E358.94239
G1 X185.665 Y212.17 E358.9848
G1 X184.983 Y212.293 E359.0309
G1 X184.343 Y212.477 E359.0752
G1 X183.792 Y212.693 E359.11457
G1 X183.255 Y212.96 E359.15446
G1 X182.699 Y213.313 E359.19827
G1 X182.242 Y213.663 E359.23656
G1 X181.799 Y214.067 E359.27644
G1 X181.345 Y214.576 E359.32181
G1 X180.953 Y215.116 E359.3662
G1 X180.659 Y215.616 E359.40479
G1 X180.405 Y216.144 E359.44376
G1 X180.198 Y216.709 E359.48379
G1 X180.006 Y217.437 E359.53387
G1 X179.908 Y218.13 E359.58043
G1 X179.888 Y218.647 E359.61484
G1 X179.888 Y226.623 E360.14541
G1 X163.098 Y226.623 E361.26229
G1 X163.098 Y214.356 E362.07829
G1 X163.053 Y213.719 E362.12077
G1 X162.931 Y213.046 E362.16627
G1 X162.748 Y212.4 E362.21093
G1 X162.532 Y211.848 E362.25036
G1 X162.263 Y211.312 E362.29025
G1 X161.904 Y210.742 E362.33506
G1 X161.475 Y210.195 E362.38131
G1 X160.933 Y209.641 E362.43286
G1 X160.367 Y209.183 E362.48129
G1 X159.707 Y208.766 E362.53323
G1 X159.094 Y208.467 E362.57859
G1 X158.526 Y208.255 E362.61892
G1 X157.875 Y208.081 E362.66375
G1 X157.206 Y207.977 E362.70879
G1 X156.663 Y207.943 E362.74498
G1 X146.475 Y207.944 E363.42269
G1 X145.832 Y208.003 E363.46564
G1 X145.256 Y208.111 E363.50462
G1 X144.702 Y208.263 E363.54284
G1 X144.138 Y208.474 E363.58289
G1 X143.447 Y208.816 E363.63418
G1 X142.869 Y209.197 E363.68023
G1 X142.414 Y209.558 E363.71887
G1 X141.985 Y209.966 E363.75825
G1 X141.551 Y210.466 E363.80229
G1 X141.191 Y210.973 E363.84365
G1 X140.82 Y211.631 E363.8939
G1 X140.544 Y212.277 E363.94063
G1 X140.339 Y212.952 E363.98756
G1 X140.212 Y213.626 E364.03318
G1 X140.157 Y214.239 E364.07412
G1 X140.152 Y214.497 E364.09129
G1 X140.152 Y226.623 E364.89791
G1 X100.746 Y226.622 E367.51921
G1 X100.746 Y217.418 E368.13146
G1 X101.09 Y217.6 E368.15735
G1 X101.771 Y217.851 E368.20563
G1 X102.486 Y217.999 E368.2542
G1 X103.195 Y218.05 E368.30149
G1 X103.963 Y217.999 E368.35269
G1 X104.89 Y217.774 E368.41614
G1 X105.78 Y217.37 E368.48116
G1 X106.551 Y216.83 E368.54377
G1 X107.206 Y216.162 E368.60601
G1 X107.643 Y215.539 E368.65663
G1 X107.981 Y214.883 E368.70572
G1 X108.23 Y214.133 E368.75828
G1 X108.364 Y213.372 E368.80968
G1 X108.374 Y212.439 E368.87175
G1 X108.219 Y211.54 E368.93243
G1 X107.939 Y210.749 E368.98825
G1 X107.556 Y210.052 E369.04116
G1 X107.109 Y209.453 E369.09087
G1 X106.544 Y208.902 E369.14337
G1 X105.95 Y208.468 E369.19231
G1 X105.311 Y208.13 E369.24039
G1 X104.63 Y207.879 E369.28867
G1 X103.919 Y207.731 E369.33698
G1 X103.2 Y207.679 E369.38493
G1 X102.433 Y207.734 E369.43609
G1 X101.516 Y207.955 E369.49883
G1 X100.746 Y208.302 E369.55501
G1 X100.745 Y97.398 E376.93238
G1 X101.166 Y97.626 E376.96423
G1 X102.102 Y97.925 E377.02959
G1 X102.99 Y98.035 E377.08911
G1 X103.803 Y98.004 E377.14323
G1 X104.749 Y97.803 E377.20756
G1 X105.473 Y97.511 E377.25949
G1 X106.095 Y97.153 E377.30723
G1 X106.685 Y96.695 E377.35692
G1 X107.225 Y96.119 E377.40944
G1 X107.643 Y95.524 E377.45781
G1 X107.981 Y94.868 E377.5069
G1 X108.23 Y94.118 E377.55946
G1 X108.364 Y93.357 E377.61087
G1 X108.374 Y92.423 E377.673
G1 X108.228 Y91.564 E377.73096
G1 X107.91 Y90.667 E377.79427
G1 X107.465 Y89.897 E377.85343
G1 X106.985 Y89.302 E377.90428
G1 X106.402 Y88.767 E377.95691
G1 X105.789 Y88.357 E378.00597
G1 X105.133 Y88.037 E378.05452
G1 X104.37 Y87.795 E378.10777
G1 X103.622 Y87.685 E378.15806
G1 X103.141 Y87.67 E378.19008
G1 X102.438 Y87.716 E378.23694
G1 X101.511 Y87.941 E378.30039
G1 X100.745 Y88.289 E378.35636
G1 X100.745 Y73.377 E379.34831
G1 X199.254 Y73.378 E385.90116
G1 F1500 E384.90116
G1 F300 Z0.4
G0 F6000 X181.873 Y135.244 Z0.4
G1 F300 Z0.2
G1 F1500 E385.92776
G1 F1200 X181.218 Y135.095 E385.97245
G1 X180.574 Y135.015 E386.01562
G1 X180.203 Y135 E386.04032
G1 X170.775 Y135 E386.66747
G1 X170.043 Y135.055 E386.7163
G1 X169.263 Y135.214 E386.76925
G1 X168.575 Y135.438 E386.81738
G1 X167.877 Y135.756 E386.8684
G1 X167.356 Y136.068 E386.9088
G1 X166.883 Y136.404 E386.9474
G1 X166.372 Y136.849 E386.99247
G1 X165.902 Y137.356 E387.03846
G1 X165.486 Y137.908 E387.08444
G1 X165.134 Y138.497 E387.13008
G1 X164.85 Y139.107 E387.17484
G1 X164.646 Y139.679 E387.21524
G1 X164.486 Y140.33 E387.25983
G1 X164.4 Y140.918 E387.29936
G1 X164.368 Y141.496 E387.33787
G1 X164.369 Y153.975 E388.16797
G1 X164.403 Y154.523 E388.2045
G1 X164.507 Y155.175 E388.24842
G1 X164.657 Y155.763 E388.28878
G1 X164.894 Y156.406 E388.33437
G1 X165.24 Y157.109 E388.38649
G1 X165.628 Y157.7 E388.43352
G1 X166.045 Y158.213 E388.4775
G1 X166.468 Y158.647 E388.51781
G1 X166.986 Y159.082 E388.56281
G1 X167.477 Y159.417 E388.60235
G1 X167.983 Y159.701 E388.64094
G1 X168.585 Y159.969 E388.68478
G1 X169.166 Y160.164 E388.72554
G1 X169.831 Y160.315 E388.77091
G1 X170.557 Y160.398 E388.81952
G1 X170.917 Y160.407 E388.84347
G1 X180.25 Y160.406 E389.4643
G1 X180.888 Y160.363 E389.50684
G1 X181.57 Y160.24 E389.55294
G1 X182.211 Y160.054 E389.59734
G1 X182.769 Y159.838 E389.63714
G1 X183.387 Y159.524 E389.68325
G1 X183.96 Y159.147 E389.72888
G1 X184.474 Y158.73 E389.77291
G1 X184.908 Y158.308 E389.81317
G1 X185.354 Y157.777 E389.8593
G1 X185.732 Y157.208 E389.90474
G1 X186.065 Y156.589 E389.9515
G1 X186.344 Y155.875 E390.00249
G1 X186.502 Y155.294 E390.04254
G1 X186.613 Y154.699 E390.08281
G1 X186.668 Y154 E390.12945
G1 X186.669 Y141.497 E390.96115
G1 X186.637 Y140.894 E391.00132
G1 X186.53 Y140.22 E391.04671
G1 X186.379 Y139.649 E391.086
G1 X186.185 Y139.102 E391.12461
G1 X185.907 Y138.502 E391.1686
G1 X185.595 Y137.979 E391.20911
G1 X185.213 Y137.452 E391.25241
G1 X184.807 Y136.993 E391.29317
G1 X184.312 Y136.534 E391.33807
G1 X183.76 Y136.117 E391.38409
G1 X183.162 Y135.759 E391.43046
G1 X182.471 Y135.444 E391.48097
G1 X181.873 Y135.244 E391.52292
G1 F1500 E390.52292
G1 F300 Z0.4
G0 F6000 X198.4 Y98.1 Z0.4
G1 F300 Z0.2
G1 F1500 E391.54953
G1 F1200 X198.399 Y207.599 E398.83343
G0 F6000 X197.599 Y207.42
G1 F1200 X197.6 Y98.284 E406.09318
G0 F6000 X196.8 Y98.342
G1 F1200 X196.799 Y207.357 E413.34489
G0 F6000 X195.999 Y207.417
G1 F1200 X196 Y98.285 E420.60438
G0 F6000 X195.2 Y98.101
G1 F1200 X195.199 Y207.601 E427.88835
G0 F6000 X194.399 Y207.909
G1 F1200 X194.4 Y97.792 E435.21336
G0 F6000 X193.6 Y97.32
G1 F1200 X193.599 Y208.395 E442.6021
G0 F6000 X192.799 Y209.1
G1 F1200 X192.8 Y96.615 E450.08464
G0 F6000 X192 Y95.53
G1 F1200 X191.999 Y210.185 E457.71152
G1 F1500 E456.71152
G1 F300 Z0.4
G0 F6000 X191.199 Y211.804 Z0.4
G1 F300 Z0.2
G1 F1500 E457.73813
G1 F1200 X191.2 Y73.697 E466.92504
G0 F6000 X190.4 Y73.697
G1 F1200 X190.399 Y211.804 E476.11196
G0 F6000 X189.599 Y211.804
G1 F1200 X189.6 Y73.697 E485.29887
G0 F6000 X188.8 Y73.697
G1 F1200 X188.799 Y211.804 E494.48579
G0 F6000 X187.999 Y211.804
G1 F1200 X188 Y73.697 E503.6727
G0 F6000 X187.2 Y73.697
G1 F1200 X187.199 Y211.804 E512.85962
G0 F6000 X186.399 Y211.804
G1 F1200 X186.399 Y156.609 E516.5312
G1 F1500 E515.5312
G1 F300 Z0.4
G0 F6000 X185.599 Y157.981 Z0.4
G1 F300 Z0.2
G1 F1500 E516.55781
G1 F1200 X185.599 Y211.857 E520.14166
G0 F6000 X184.799 Y212.012
G1 F1200 X184.799 Y158.858 E523.67747
G0 F6000 X183.999 Y159.502
G1 F1200 X183.999 Y212.267 E527.18742
G0 F6000 X183.199 Y212.629
G1 F1200 X183.199 Y159.976 E530.68991
G0 F6000 X182.399 Y160.322
G1 F1200 X182.399 Y213.14 E534.20338
G0 F6000 X181.599 Y213.814
G1 F1200 X181.599 Y160.558 E537.74598
G0 F6000 X180.799 Y160.688
G1 F1200 X180.799 Y214.782 E541.34433
G1 F1500 E540.34433
G1 F300 Z0.4
G0 F6000 X179.999 Y216.318 Z0.4
G1 F300 Z0.2
G1 F1500 E541.37093
G1 F1200 X179.999 Y160.725 E545.069
G0 F6000 X179.199 Y160.725
G1 F1200 X179.199 Y226.302 E549.4312
G0 F6000 X178.399 Y226.302
G1 F1200 X178.399 Y160.725 E553.7934
G0 F6000 X177.599 Y160.725
G1 F1200 X177.599 Y226.302 E558.1556
G0 F6000 X176.799 Y226.302
G1 F1200 X176.799 Y160.725 E562.5178
G0 F6000 X175.999 Y160.725
G1 F1200 X175.999 Y226.302 E566.87999
G0 F6000 X175.199 Y226.302
G1 F1200 X175.199 Y160.725 E571.24219
G0 F6000 X174.399 Y160.725
G1 F1200 X174.399 Y226.302 E575.60439
G0 F6000 X173.599 Y226.302
G1 F1200 X173.599 Y160.725 E579.96659
G0 F6000 X172.799 Y160.725
G1 F1200 X172.799 Y226.302 E584.32879
G0 F6000 X171.999 Y226.302
G1 F1200 X171.999 Y160.725 E588.69099
G0 F6000 X171.199 Y160.725
G1 F1200 X171.199 Y226.302 E593.05319
G0 F6000 X170.399 Y226.302
G1 F1200 X170.399 Y160.702 E597.41692
G0 F6000 X169.599 Y160.59
G1 F1200 X169.599 Y226.302 E601.7881
G0 F6000 X168.799 Y226.302
G1 F1200 X168.799 Y160.378 E606.17339
G0 F6000 X167.999 Y160.059
G1 F1200 X167.999 Y226.302 E610.57989
G0 F6000 X167.199 Y226.302
G1 F1200 X167.199 Y159.615 E615.01592
G0 F6000 X166.399 Y159.008
G1 F1200 X166.399 Y226.302 E619.49234
G0 F6000 X165.599 Y226.302
G1 F1200 X165.599 Y158.173 E624.0243
G0 F6000 X164.799 Y156.939
G1 F1200 X164.799 Y226.302 E628.63834
G0 F6000 X163.999 Y226.302
G1 F1200 X164 Y73.697 E638.78967
G0 F6000 X163.2 Y73.697
G1 F1200 X163.199 Y212.82 E648.04417
G1 F1500 E647.04417
G1 F300 Z0.4
G0 F6000 X162.399 Y210.928 Z0.4
G1 F300 Z0.2
G1 F1500 E648.07078
G1 F1200 X162.4 Y73.697 E657.19942
G0 F6000 X161.6 Y73.697
G1 F1200 X161.599 Y209.864 E666.25729
G0 F6000 X160.799 Y209.12
G1 F1200 X160.8 Y73.697 E675.26566
G0 F6000 X160 Y73.697
G1 F1200 X159.999 Y208.572 E684.23758
G0 F6000 X159.199 Y208.164
G1 F1200 X159.2 Y73.697 E693.18236
G0 F6000 X158.4 Y73.697
G1 F1200 X158.399 Y207.888 E702.10879
G0 F6000 X157.599 Y207.713
G1 F1200 X157.6 Y73.697 E711.02357
G0 F6000 X156.8 Y73.697
G1 F1200 X156.799 Y207.63 E719.93283
G0 F6000 X155.999 Y207.623
G1 F1200 X156 Y73.697 E728.84162
G0 F6000 X155.2 Y73.697
G1 F1200 X155.199 Y207.623 E737.75041
G0 F6000 X154.399 Y207.623
G1 F1200 X154.4 Y73.697 E746.65921
G0 F6000 X153.6 Y73.697
G1 F1200 X153.599 Y207.623 E755.568
G0 F6000 X152.799 Y207.623
G1 F1200 X152.8 Y73.697 E764.47679
G0 F6000 X152 Y73.697
G1 F1200 X151.999 Y207.623 E773.38559
G0 F6000 X151.199 Y207.623
G1 F1200 X151.2 Y73.697 E782.29438
G0 F6000 X150.4 Y73.697
G1 F1200 X150.399 Y207.623 E791.20318
G0 F6000 X149.599 Y207.623
G1 F1200 X149.6 Y73.697 E800.11197
G0 F6000 X148.8 Y73.697
G1 F1200 X148.799 Y207.623 E809.02076
G0 F6000 X147.999 Y207.623
G1 F1200 X148 Y73.697 E817.92956
G0 F6000 X147.2 Y73.697
G1 F1200 X147.199 Y207.623 E826.83835
G0 F6000 X146.399 Y207.629
G1 F1200 X146.4 Y73.697 E835.74754
G0 F6000 X145.6 Y73.697
G1 F1200 X145.599 Y207.721 E844.66286
G0 F6000 X144.799 Y207.904
G1 F1200 X144.8 Y73.697 E853.59034
G0 F6000 X144 Y73.697
G1 F1200 X143.999 Y208.185 E862.53652
G0 F6000 X143.199 Y208.595
G1 F1200 X143.2 Y73.697 E871.50997
G0 F6000 X142.4 Y73.697
G1 F1200 X142.399 Y209.161 E880.52107
G0 F6000 X141.599 Y209.92
G1 F1200 X141.6 Y73.697 E889.58266
G0 F6000 X140.8 Y73.697
G1 F1200 X140.799 Y211.015 E898.71709
G1 F1500 E897.71709
G1 F300 Z0.4
G0 F6000 X139.999 Y213.023 Z0.4
G1 F300 Z0.2
G1 F1500 E898.7437
G1 F1200 X140 Y73.697 E908.01171
G0 F6000 X139.2 Y73.697
G1 F1200 X139.199 Y226.302 E918.16303
G0 F6000 X138.399 Y226.302
G1 F1200 X138.4 Y73.697 E928.31436
G0 F6000 X137.6 Y73.697
G1 F1200 X137.599 Y226.302 E938.46568
G0 F6000 X136.799 Y226.302
G1 F1200 X136.8 Y73.697 E948.61701
G0 F6000 X136 Y73.697
G1 F1200 X135.999 Y226.302 E958.76833
G0 F6000 X135.199 Y226.302
G1 F1200 X135.2 Y73.697 E968.91966
G0 F6000 X134.4 Y73.697
G1 F1200 X134.399 Y226.302 E979.07099
G0 F6000 X133.599 Y226.302
G1 F1200 X133.6 Y73.697 E989.22231
G0 F6000 X132.8 Y73.697
G1 F1200 X132.799 Y226.302 E999.37364
G0 F6000 X131.999 Y226.302
G1 F1200 X132 Y73.697 E1009.52496
G0 F6000 X131.2 Y73.697
G1 F1200 X131.199 Y226.302 E1019.67629
G0 F6000 X130.399 Y226.302
G1 F1200 X130.399 Y73.697 E1029.82761
G0 F6000 X129.599 Y73.697
G1 F1200 X129.599 Y226.302 E1039.97894
G0 F6000 X128.799 Y226.302
G1 F1200 X128.799 Y73.697 E1050.13027
G0 F6000 X127.999 Y73.697
G1 F1200 X127.999 Y226.302 E1060.28159
G0 F6000 X127.199 Y226.302
G1 F1200 X127.199 Y73.697 E1070.43292
G0 F6000 X126.399 Y73.697
G1 F1200 X126.399 Y226.302 E1080.58424
G0 F6000 X125.599 Y226.302
G1 F1200 X125.599 Y73.697 E1090.73557
G0 F6000 X124.799 Y73.697
G1 F1200 X124.799 Y226.302 E1100.8869
G0 F6000 X123.999 Y226.302
G1 F1200 X123.999 Y73.697 E1111.03822
G0 F6000 X123.199 Y73.697
G1 F1200 X123.199 Y226.302 E1121.18955
G0 F6000 X122.399 Y226.302
G1 F1200 X122.399 Y73.697 E1131.34087
G0 F6000 X121.599 Y73.697
G1 F1200 X121.599 Y226.302 E1141.4922
G0 F6000 X120.799 Y226.302
G1 F1200 X120.799 Y73.697 E1151.64352
G0 F6000 X119.999 Y73.697
G1 F1200 X119.999 Y226.302 E1161.79485
G0 F6000 X119.199 Y226.302
G1 F1200 X119.199 Y73.697 E1171.94618
G0 F6000 X118.399 Y73.697
G1 F1200 X118.399 Y226.302 E1182.0975
G0 F6000 X117.599 Y226.302
G1 F1200 X117.599 Y73.697 E1192.24883
G0 F6000 X116.799 Y73.697
G1 F1200 X116.799 Y226.302 E1202.40015
G0 F6000 X115.999 Y226.302
G1 F1200 X115.999 Y73.697 E1212.55148
G0 F6000 X115.199 Y73.697
G1 F1200 X115.199 Y226.302 E1222.70281
G0 F6000 X114.399 Y226.302
G1 F1200 X114.399 Y73.697 E1232.85413
G0 F6000 X113.599 Y73.697
G1 F1200 X113.599 Y226.302 E1243.00546
G0 F6000 X112.799 Y226.302
G1 F1200 X112.799 Y73.697 E1253.15678
G0 F6000 X111.999 Y73.697
G1 F1200 X111.999 Y226.302 E1263.30811
G0 F6000 X111.199 Y226.302
G1 F1200 X111.199 Y73.697 E1273.45943
G0 F6000 X110.399 Y73.697
G1 F1200 X110.399 Y226.302 E1283.61076
G0 F6000 X109.599 Y226.302
G1 F1200 X109.599 Y73.697 E1293.76209
G0 F6000 X108.799 Y73.697
G1 F1200 X108.799 Y226.302 E1303.91341
G0 F6000 X107.999 Y226.302
G1 F1200 X107.999 Y215.544 E1304.62904
G0 F6000 X107.199 Y216.625
G1 F1200 X107.199 Y226.302 E1305.27275
G0 F6000 X106.399 Y226.302
G1 F1200 X106.399 Y217.325 E1305.86991
G0 F6000 X105.599 Y217.803
G1 F1200 X105.599 Y226.302 E1306.43526
G0 F6000 X104.799 Y226.302
G1 F1200 X104.799 Y218.125 E1306.9792
G0 F6000 X103.999 Y218.317
G1 F1200 X103.999 Y226.302 E1307.51036
G0 F6000 X103.199 Y226.302
G1 F1200 X103.199 Y218.37 E1308.038
G0 F6000 X102.399 Y218.309
G1 F1200 X102.399 Y226.302 E1308.5697
G0 F6000 X101.599 Y226.302
G1 F1200 X101.599 Y218.13 E1309.1133
G1 F1500 E1308.1133
G1 F300 Z0.4
G0 F6000 X107.999 Y210.196 Z0.4
G1 F300 Z0.2
G1 F1500 E1309.13991
G1 F1200 X107.999 Y95.529 E1316.76759
G0 F6000 X107.199 Y96.612
G1 F1200 X107.199 Y209.094 E1324.24992
G0 F6000 X106.399 Y208.4
G1 F1200 X106.399 Y97.32 E1331.63899
G0 F6000 X105.599 Y97.804
G1 F1200 X105.599 Y207.921 E1338.96401
G0 F6000 X104.799 Y207.6
G1 F1200 X104.799 Y98.118 E1346.24678
G0 F6000 X103.999 Y98.287
G1 F1200 X103.999 Y207.42 E1353.50634
G0 F6000 X103.199 Y207.358
G1 F1200 X103.199 Y98.346 E1360.75784
G0 F6000 X102.399 Y98.284
G1 F1200 X102.399 Y207.416 E1368.01733
G0 F6000 X101.599 Y207.606
G1 F1200 X101.599 Y98.1 E1375.3017
G1 F1500 E1374.3017
G1 F300 Z0.4
G0 F6000 X107.999 Y90.181 Z0.4
G1 F300 Z0.2
G1 F1500 E1375.32831
G1 F1200 X107.999 Y73.697 E1376.42483
G0 F6000 X107.199 Y73.697
G1 F1200 X107.199 Y89.063 E1377.44698
G0 F6000 X106.399 Y88.379
G1 F1200 X106.399 Y73.697 E1378.42363
G0 F6000 X105.599 Y73.697
G1 F1200 X105.599 Y87.907 E1379.36888
G0 F6000 X104.799 Y87.594
G1 F1200 X104.799 Y73.697 E1380.29332
G0 F6000 X103.999 Y73.697
G1 F1200 X103.999 Y87.416 E1381.20591
G0 F6000 X103.199 Y87.35
G1 F1200 X103.199 Y73.697 E1382.11411
G0 F6000 X102.399 Y73.697
G1 F1200 X102.399 Y87.397 E1383.02544
G0 F6000 X101.599 Y87.589
G1 F1200 X101.599 Y73.697 E1383.94954
G1 F1500 E1382.94954
G1 F300 Z0.4
G0 F6000 X164.8 Y73.697 Z0.4
G1 F300 Z0.2
G1 F1500 E1383.97614
G1 F1200 X164.799 Y138.457 E1388.284
G0 F6000 X165.599 Y137.224
G1 F1200 X165.6 Y73.697 E1392.50983
G0 F6000 X166.4 Y73.697
G1 F1200 X166.399 Y136.399 E1396.68078
G0 F6000 X167.199 Y135.788
G1 F1200 X167.2 Y73.697 E1400.81109
G0 F6000 X168 Y73.697
G1 F1200 X167.999 Y135.348 E1404.91214
G0 F6000 X168.799 Y135.028
G1 F1200 X168.8 Y73.697 E1408.99189
G0 F6000 X169.6 Y73.697
G1 F1200 X169.599 Y134.818 E1413.05768
G0 F6000 X170.399 Y134.707
G1 F1200 X170.4 Y73.697 E1417.11608
G0 F6000 X171.2 Y73.697
G1 F1200 X171.199 Y134.679 E1421.17262
G0 F6000 X171.999 Y134.679
G1 F1200 X172 Y73.697 E1425.22916
G0 F6000 X172.8 Y73.697
G1 F1200 X172.799 Y134.679 E1429.2857
G0 F6000 X173.599 Y134.679
G1 F1200 X173.6 Y73.697 E1433.34223
G0 F6000 X174.4 Y73.697
G1 F1200 X174.399 Y134.679 E1437.39877
G0 F6000 X175.199 Y134.679
G1 F1200 X175.2 Y73.697 E1441.45531
G0 F6000 X176 Y73.697
G1 F1200 X175.999 Y134.679 E1445.51185
G0 F6000 X176.799 Y134.679
G1 F1200 X176.8 Y73.697 E1449.56839
G0 F6000 X177.6 Y73.697
G1 F1200 X177.599 Y134.679 E1453.62493
G0 F6000 X178.399 Y134.679
G1 F1200 X178.4 Y73.697 E1457.68147
G0 F6000 X179.2 Y73.697
G1 F1200 X179.199 Y134.679 E1461.73801
G0 F6000 X179.999 Y134.679
G1 F1200 X180 Y73.697 E1465.79455
G0 F6000 X180.8 Y73.697
G1 F1200 X180.799 Y134.719 E1469.85375
G0 F6000 X181.599 Y134.852
G1 F1200 X181.6 Y73.697 E1473.92179
G0 F6000 X182.4 Y73.697
G1 F1200 X182.399 Y135.081 E1478.00507
G0 F6000 X183.199 Y135.423
G1 F1200 X183.2 Y73.697 E1482.1111
G0 F6000 X184 Y73.697
G1 F1200 X183.999 Y135.896 E1486.2486
G0 F6000 X184.799 Y136.549
G1 F1200 X184.8 Y73.697 E1490.42953
G0 F6000 X185.6 Y73.697
G1 F1200 X185.599 Y137.44 E1494.66973
G1 F1500 E1493.66973
G1 F300 Z0.4
G0 F6000 X186.399 Y138.805 Z0.4
G1 F300 Z0.2
G1 F1500 E1494.69634
G1 F1200 X186.4 Y73.697 E1499.02734
G1 F1500 E1498.02734
G1 F300 Z0.4
G0 F6000 X192 Y73.697 Z0.4
G1 F300 Z0.2
G1 F1500 E1499.05395
G1 F1200 X192 Y90.168 E1500.14961
G0 F6000 X192.8 Y89.087
G1 F1200 X192.8 Y73.697 E1501.17335
G0 F6000 X193.6 Y73.697
G1 F1200 X193.6 Y88.377 E1502.14987
G0 F6000 X194.4 Y87.892
G1 F1200 X194.4 Y73.697 E1503.09413
G0 F6000 X195.2 Y73.697
G1 F1200 X195.2 Y87.582 E1504.01776
G0 F6000 X196 Y87.406
G1 F1200 X196 Y73.697 E1504.92969
G0 F6000 X196.8 Y73.697
G1 F1200 X196.8 Y87.351 E1505.83795
G0 F6000 X197.6 Y87.417
G1 F1200 X197.6 Y73.697 E1506.75061
G0 F6000 X198.4 Y73.697
G1 F1200 X198.4 Y87.598 E1507.67531
G1 F1500 E1506.67531
G1 F300 Z0.4
G0 F6000 X199.255 Y217.434 Z0.4
G1 F300 Z0.2
G1 F1500 E1507.70192
G1 F1200 X199.255 Y226.623 E1508.31317
G1 X199.071 Y226.623 E1508.32541
G1 X199.071 Y218.536 E1508.86336
G1 X199.027 Y217.915 E1508.90477
G1 X198.967 Y217.563 E1508.92853
G1 X199.244 Y217.441 E1508.94866
G1 X199.255 Y217.434 E1508.94953
G1 F1500 E1507.94953
G1 F300 Z0.4
;MESH:NONMESH
G0 F6000 X106.56 Y91.568 Z0.4
;TIME_ELAPSED:1173.129336
;LAYER:1
;TYPE:WALL-INNER
;MESH:Top of Case.STL
G1 F300 Z0.4
G1 F1500 E1508.97614
G1 F1800 X106.312 Y91.056 E1509.01398
G1 X106.017 Y90.619 E1509.04905
G1 X105.567 Y90.145 E1509.09253
G1 X105.111 Y89.809 E1509.13021
G1 X104.66 Y89.568 E1509.16422
G1 X104.186 Y89.397 E1509.19774
G1 X103.695 Y89.294 E1509.23112
G1 X103.2 Y89.259 E1509.26413
G1 X102.679 Y89.294 E1509.29886
G1 X102.03 Y89.451 E1509.34328
G1 X101.421 Y89.728 E1509.38778
G1 X100.982 Y90.024 E1509.423
G1 X100.575 Y90.397 E1509.45973
G1 X100.246 Y90.806 E1509.49464
G1 X99.926 Y91.368 E1509.53766
G1 X99.743 Y91.872 E1509.57333
G1 X99.636 Y92.407 E1509.60962
G1 X99.609 Y92.934 E1509.64473
G1 X99.684 Y93.597 E1509.68911
G1 X99.886 Y94.239 E1509.73388
G1 X100.146 Y94.744 E1509.77166
G1 X100.448 Y95.158 E1509.80575
G1 X100.799 Y95.522 E1509.83939
G1 X101.211 Y95.841 E1509.87405
G1 X101.794 Y96.157 E1509.91816
G1 X102.444 Y96.365 E1509.96356
G1 X103.061 Y96.441 E1510.00491
G1 X103.609 Y96.421 E1510.04139
G1 X104.284 Y96.277 E1510.0873
G1 X104.774 Y96.079 E1510.12246
G1 X105.211 Y95.828 E1510.15598
G1 X105.617 Y95.509 E1510.19033
G1 X106 Y95.101 E1510.22755
G1 X106.343 Y94.594 E1510.26827
G1 X106.597 Y94.024 E1510.30978
G1 X106.742 Y93.456 E1510.34878
G1 X106.794 Y92.802 E1510.39242
G1 X106.739 Y92.214 E1510.4317
G1 X106.56 Y91.568 E1510.47629
G0 F7500 X105.808 Y91.851
G1 F1800 X105.617 Y91.456 E1510.50548
G1 X105.391 Y91.122 E1510.53231
G1 X105.035 Y90.747 E1510.5667
G1 X104.683 Y90.487 E1510.59581
G1 X104.334 Y90.301 E1510.62212
G1 X103.967 Y90.168 E1510.64809
G1 X103.585 Y90.088 E1510.67405
G1 X103.199 Y90.061 E1510.69979
G1 X102.801 Y90.088 E1510.72632
G1 X102.291 Y90.211 E1510.76122
G1 X101.813 Y90.428 E1510.79614
G1 X101.479 Y90.654 E1510.82297
G1 X101.16 Y90.946 E1510.85173
G1 X100.91 Y91.257 E1510.87828
G1 X100.655 Y91.705 E1510.91257
G1 X100.516 Y92.088 E1510.93967
G1 X100.432 Y92.507 E1510.9681
G1 X100.411 Y92.91 E1510.99494
G1 X100.47 Y93.43 E1511.02975
G1 X100.629 Y93.934 E1511.06491
G1 X100.829 Y94.323 E1511.09401
G1 X101.062 Y94.642 E1511.12028
G1 X101.335 Y94.925 E1511.14644
G1 X101.65 Y95.169 E1511.17294
G1 X102.109 Y95.418 E1511.20768
G1 X102.616 Y95.58 E1511.24309
G1 X103.096 Y95.639 E1511.27526
G1 X103.51 Y95.624 E1511.30281
G1 X104.049 Y95.509 E1511.33948
G1 X104.423 Y95.358 E1511.36631
G1 X104.762 Y95.163 E1511.39232
G1 X105.075 Y94.917 E1511.4188
G1 X105.373 Y94.6 E1511.44774
G1 X105.641 Y94.204 E1511.47955
G1 X105.839 Y93.76 E1511.51189
G1 X105.95 Y93.325 E1511.54175
G1 X105.991 Y92.808 E1511.57625
G1 X105.949 Y92.359 E1511.60625
G1 X105.808 Y91.851 E1511.64132
G0 F7500 X105.056 Y92.134
;TYPE:WALL-OUTER
G1 F1800 X104.922 Y91.856 E1511.66185
G1 X104.766 Y91.625 E1511.68039
G1 X104.503 Y91.349 E1511.70575
G1 X104.255 Y91.165 E1511.72629
G1 X104.008 Y91.034 E1511.74489
G1 X103.747 Y90.939 E1511.76337
G1 X103.475 Y90.882 E1511.78185
G1 X103.199 Y90.863 E1511.80026
G1 X102.923 Y90.882 E1511.81866
G1 X102.552 Y90.971 E1511.84404
G1 X102.206 Y91.128 E1511.86931
G1 X101.976 Y91.284 E1511.8878
G1 X101.745 Y91.495 E1511.90861
G1 X101.574 Y91.708 E1511.92678
G1 X101.384 Y92.042 E1511.95234
G1 X101.289 Y92.304 E1511.97088
G1 X101.228 Y92.608 E1511.99151
G1 X101.213 Y92.886 E1512.01003
G1 X101.256 Y93.263 E1512.03527
G1 X101.371 Y93.628 E1512.06072
G1 X101.512 Y93.901 E1512.08116
G1 X101.676 Y94.126 E1512.09968
G1 X101.871 Y94.328 E1512.11836
G1 X102.089 Y94.497 E1512.13671
G1 X102.424 Y94.679 E1512.16207
G1 X102.788 Y94.795 E1512.18748
G1 X103.131 Y94.837 E1512.21047
G1 X103.411 Y94.827 E1512.22911
G1 X103.814 Y94.741 E1512.25652
G1 X104.072 Y94.637 E1512.27502
G1 X104.313 Y94.498 E1512.29353
G1 X104.534 Y94.325 E1512.3122
G1 X104.746 Y94.099 E1512.33281
G1 X104.939 Y93.814 E1512.35571
G1 X105.081 Y93.496 E1512.37887
G1 X105.158 Y93.194 E1512.39961
G1 X105.188 Y92.814 E1512.42496
G1 X105.159 Y92.505 E1512.44561
G1 X105.056 Y92.134 E1512.47122
G0 F7500 X105.879 Y91.824
G1 F1500 E1511.47122
G1 F300 Z0.6
G0 F7500 X105.55 Y210.15 Z0.6
;TYPE:WALL-INNER
G1 F300 Z0.4
G1 F1500 E1512.49783
G1 F1800 X105.156 Y209.853 E1512.53065
G1 X104.71 Y209.605 E1512.5646
G1 X104.193 Y209.412 E1512.60131
G1 X103.697 Y209.309 E1512.635
G1 X103.199 Y209.273 E1512.66822
G1 X102.677 Y209.311 E1512.70303
G1 X102.031 Y209.466 E1512.74722
G1 X101.413 Y209.746 E1512.79236
G1 X100.942 Y210.073 E1512.8305
G1 X100.567 Y210.42 E1512.86448
G1 X100.225 Y210.853 E1512.90119
G1 X99.962 Y211.31 E1512.93626
G1 X99.732 Y211.925 E1512.97994
G1 X99.626 Y212.501 E1513.0189
G1 X99.618 Y213.152 E1513.06221
G1 X99.698 Y213.662 E1513.09655
G1 X99.846 Y214.152 E1513.1306
G1 X100.072 Y214.634 E1513.16601
G1 X100.471 Y215.203 E1513.21224
G1 X100.852 Y215.582 E1513.24799
G1 X101.289 Y215.906 E1513.28417
G1 X101.741 Y216.147 E1513.31825
G1 X102.215 Y216.318 E1513.35177
G1 X102.706 Y216.421 E1513.38514
G1 X103.2 Y216.456 E1513.41808
G1 X103.722 Y216.421 E1513.45288
G1 X104.37 Y216.264 E1513.49724
G1 X104.991 Y215.983 E1513.54258
G1 X105.516 Y215.614 E1513.58526
G1 X105.912 Y215.219 E1513.62247
G1 X106.216 Y214.818 E1513.65594
G1 X106.487 Y214.32 E1513.69366
G1 X106.683 Y213.747 E1513.73394
G1 X106.775 Y213.222 E1513.7694
G1 X106.783 Y212.565 E1513.8131
G1 X106.675 Y211.943 E1513.8551
G1 X106.483 Y211.4 E1513.89341
G1 X106.216 Y210.914 E1513.9303
G1 X105.909 Y210.504 E1513.96437
G1 X105.55 Y210.15 E1513.99791
G0 F7500 X105.026 Y210.757
G1 F1800 X104.719 Y210.525 E1514.0235
G1 X104.374 Y210.334 E1514.04974
G1 X103.97 Y210.183 E1514.07843
G1 X103.586 Y210.103 E1514.10452
G1 X103.199 Y210.075 E1514.13033
G1 X102.8 Y210.104 E1514.15694
G1 X102.292 Y210.226 E1514.19169
G1 X101.809 Y210.445 E1514.22697
G1 X101.444 Y210.698 E1514.25651
G1 X101.156 Y210.965 E1514.28264
G1 X100.889 Y211.303 E1514.31129
G1 X100.688 Y211.652 E1514.33808
G1 X100.506 Y212.139 E1514.37267
G1 X100.425 Y212.579 E1514.40243
G1 X100.419 Y213.094 E1514.43669
G1 X100.48 Y213.484 E1514.46294
G1 X100.595 Y213.865 E1514.48942
G1 X100.767 Y214.232 E1514.51638
G1 X101.085 Y214.686 E1514.55325
G1 X101.375 Y214.974 E1514.58044
G1 X101.718 Y215.228 E1514.60883
G1 X102.067 Y215.414 E1514.63514
G1 X102.434 Y215.547 E1514.6611
G1 X102.816 Y215.627 E1514.68707
G1 X103.201 Y215.654 E1514.71274
G1 X103.6 Y215.627 E1514.73934
G1 X104.109 Y215.504 E1514.77417
G1 X104.593 Y215.285 E1514.80951
G1 X105 Y214.999 E1514.8426
G1 X105.308 Y214.692 E1514.87153
G1 X105.542 Y214.383 E1514.89731
G1 X105.752 Y213.997 E1514.92654
G1 X105.906 Y213.547 E1514.95818
G1 X105.976 Y213.148 E1514.98513
G1 X105.982 Y212.629 E1515.01966
G1 X105.898 Y212.146 E1515.05227
G1 X105.75 Y211.728 E1515.08176
G1 X105.542 Y211.348 E1515.11058
G1 X105.305 Y211.032 E1515.13686
G1 X105.026 Y210.757 E1515.16292
G0 F7500 X104.502 Y211.363
;TYPE:WALL-OUTER
G1 F1800 X104.283 Y211.198 E1515.18116
G1 X104.039 Y211.063 E1515.19971
G1 X103.747 Y210.954 E1515.22044
G1 X103.475 Y210.897 E1515.23893
G1 X103.199 Y210.877 E1515.25733
G1 X102.923 Y210.897 E1515.27574
G1 X102.553 Y210.986 E1515.30106
G1 X102.205 Y211.144 E1515.32648
G1 X101.946 Y211.323 E1515.34742
G1 X101.746 Y211.509 E1515.36559
G1 X101.553 Y211.753 E1515.38628
G1 X101.414 Y211.994 E1515.40479
G1 X101.28 Y212.353 E1515.43028
G1 X101.224 Y212.656 E1515.45078
G1 X101.22 Y213.036 E1515.47606
G1 X101.262 Y213.306 E1515.49423
G1 X101.344 Y213.578 E1515.51313
G1 X101.462 Y213.829 E1515.53158
G1 X101.7 Y214.169 E1515.55919
G1 X101.898 Y214.366 E1515.57777
G1 X102.146 Y214.55 E1515.59831
G1 X102.393 Y214.681 E1515.61691
G1 X102.654 Y214.776 E1515.63538
G1 X102.926 Y214.833 E1515.65387
G1 X103.201 Y214.852 E1515.67221
G1 X103.478 Y214.833 E1515.69068
G1 X103.848 Y214.744 E1515.71599
G1 X104.195 Y214.587 E1515.74133
G1 X104.484 Y214.384 E1515.76482
G1 X104.704 Y214.165 E1515.78547
G1 X104.868 Y213.948 E1515.80356
G1 X105.017 Y213.674 E1515.82431
G1 X105.129 Y213.347 E1515.8473
G1 X105.177 Y213.074 E1515.86574
G1 X105.181 Y212.694 E1515.89102
G1 X105.121 Y212.349 E1515.91431
G1 X105.017 Y212.055 E1515.93506
G1 X104.868 Y211.782 E1515.95575
G1 X104.701 Y211.56 E1515.97423
G1 X104.502 Y211.363 E1515.99285
G0 F7500 X105.077 Y210.698
G1 F1500 E1514.99285
G1 F300 Z0.6
G0 F7500 X197.973 Y210.334 Z0.6
;TYPE:WALL-INNER
G1 F300 Z0.4
G1 F1500 E1516.01946
G1 F1800 X197.569 Y210.183 E1516.04815
G1 X197.185 Y210.103 E1516.07424
G1 X196.796 Y210.075 E1516.10019
G1 X196.364 Y210.108 E1516.12901
G1 X195.941 Y210.21 E1516.15795
G1 X195.576 Y210.357 E1516.18413
G1 X195.235 Y210.555 E1516.21036
G1 X194.9 Y210.823 E1516.2389
G1 X194.629 Y211.111 E1516.2652
G1 X194.385 Y211.467 E1516.29391
G1 X194.209 Y211.828 E1516.32063
G1 X194.051 Y212.374 E1516.35844
G1 X194.008 Y212.918 E1516.39474
G1 X194.075 Y213.471 E1516.43179
G1 X194.194 Y213.865 E1516.45917
G1 X194.366 Y214.232 E1516.48613
G1 X194.684 Y214.686 E1516.523
G1 X194.975 Y214.975 E1516.55028
G1 X195.328 Y215.235 E1516.57945
G1 X195.83 Y215.482 E1516.61666
G1 X196.221 Y215.595 E1516.64374
G1 X196.608 Y215.648 E1516.66972
G1 X196.993 Y215.648 E1516.69533
G1 X197.38 Y215.595 E1516.72132
G1 X197.755 Y215.487 E1516.74727
G1 X198.114 Y215.327 E1516.77342
G1 X198.482 Y215.092 E1516.80246
G1 X198.803 Y214.806 E1516.83106
G1 X199.051 Y214.511 E1516.8567
G1 X199.247 Y214.205 E1516.88087
G1 X199.436 Y213.779 E1516.91187
G1 X199.538 Y213.396 E1516.93824
G1 X199.586 Y213.011 E1516.96405
G1 X199.579 Y212.615 E1516.99039
G1 X199.485 Y212.099 E1517.02528
G1 X199.328 Y211.686 E1517.05467
G1 X199.14 Y211.346 E1517.08052
G1 X198.904 Y211.032 E1517.10665
G1 X198.625 Y210.757 E1517.13271
G1 X198.318 Y210.525 E1517.1583
G1 X197.973 Y210.334 E1517.18454
G0 F7500 X197.638 Y211.063
;TYPE:WALL-OUTER
G1 F1800 X197.346 Y210.954 E1517.20527
G1 X197.074 Y210.897 E1517.22376
G1 X196.798 Y210.877 E1517.24216
G1 X196.489 Y210.901 E1517.26278
G1 X196.186 Y210.974 E1517.28351
G1 X195.928 Y211.078 E1517.30202
G1 X195.688 Y211.217 E1517.32047
G1 X195.444 Y211.412 E1517.34124
G1 X195.254 Y211.614 E1517.35969
G1 X195.078 Y211.871 E1517.38041
G1 X194.958 Y212.117 E1517.39862
G1 X194.842 Y212.518 E1517.42639
G1 X194.812 Y212.901 E1517.45194
G1 X194.861 Y213.306 E1517.47908
G1 X194.943 Y213.578 E1517.49798
G1 X195.061 Y213.829 E1517.51643
G1 X195.299 Y214.169 E1517.54403
G1 X195.497 Y214.366 E1517.56261
G1 X195.745 Y214.549 E1517.58311
G1 X196.119 Y214.733 E1517.61084
G1 X196.387 Y214.81 E1517.62939
G1 X196.663 Y214.848 E1517.64792
G1 X196.938 Y214.848 E1517.66622
G1 X197.214 Y214.81 E1517.68475
G1 X197.481 Y214.733 E1517.70323
G1 X197.734 Y214.621 E1517.72164
G1 X197.997 Y214.452 E1517.74243
G1 X198.228 Y214.247 E1517.76298
G1 X198.405 Y214.036 E1517.7813
G1 X198.54 Y213.825 E1517.79796
G1 X198.679 Y213.512 E1517.82074
G1 X198.751 Y213.243 E1517.83927
G1 X198.785 Y212.969 E1517.85763
G1 X198.78 Y212.694 E1517.87593
G1 X198.711 Y212.315 E1517.90155
G1 X198.6 Y212.023 E1517.92233
G1 X198.467 Y211.782 E1517.94065
G1 X198.3 Y211.56 E1517.95912
G1 X198.101 Y211.363 E1517.97775
G1 X197.882 Y211.198 E1517.99599
G1 X197.638 Y211.063 E1518.01454
G0 F7500 X198.005 Y210.264
G1 F1500 E1517.01454
G1 F300 Z0.6
G0 F7500 X183.789 Y137.127 Z0.6
;TYPE:WALL-INNER
G1 F300 Z0.4
G1 F1500 E1518.04115
G1 F1800 X183.246 Y136.725 E1518.08609
G1 X182.703 Y136.414 E1518.12772
G1 X182.162 Y136.171 E1518.16717
G1 X181.577 Y135.982 E1518.20806
G1 X180.985 Y135.858 E1518.2483
G1 X180.413 Y135.796 E1518.28657
G1 X180.111 Y135.789 E1518.30666
G1 X170.814 Y135.79 E1518.9251
G1 X170.322 Y135.821 E1518.9579
G1 X169.737 Y135.917 E1518.99733
G1 X169.14 Y136.076 E1519.03843
G1 X168.524 Y136.322 E1519.08255
G1 X168.037 Y136.576 E1519.11909
G1 X167.538 Y136.901 E1519.1587
G1 X167.129 Y137.23 E1519.19362
G1 X166.712 Y137.633 E1519.23219
G1 X166.306 Y138.118 E1519.27427
G1 X165.927 Y138.693 E1519.32008
G1 X165.613 Y139.326 E1519.36708
G1 X165.402 Y139.91 E1519.40839
G1 X165.246 Y140.565 E1519.45318
G1 X165.176 Y141.098 E1519.48894
G1 X165.158 Y141.534 E1519.51796
G1 X165.159 Y153.965 E1520.34488
G1 X165.19 Y154.452 E1520.37734
G1 X165.286 Y155.036 E1520.41671
G1 X165.435 Y155.597 E1520.45532
G1 X165.63 Y156.116 E1520.4922
G1 X165.934 Y156.723 E1520.53736
G1 X166.27 Y157.238 E1520.57826
G1 X166.6 Y157.646 E1520.61317
G1 X167.002 Y158.063 E1520.6517
G1 X167.488 Y158.469 E1520.69382
G1 X168.064 Y158.849 E1520.73973
G1 X168.626 Y159.13 E1520.78152
G1 X169.266 Y159.37 E1520.82699
G1 X169.876 Y159.519 E1520.86876
G1 X170.602 Y159.61 E1520.91743
G1 X170.926 Y159.617 E1520.93899
G1 X180.231 Y159.616 E1521.55796
G1 X180.8 Y159.576 E1521.59591
G1 X181.406 Y159.468 E1521.63685
G1 X181.975 Y159.299 E1521.67634
G1 X182.462 Y159.109 E1521.71111
G1 X182.996 Y158.833 E1521.7511
G1 X183.5 Y158.505 E1521.7911
G1 X183.908 Y158.175 E1521.826
G1 X184.325 Y157.773 E1521.86453
G1 X184.731 Y157.287 E1521.90666
G1 X185.105 Y156.72 E1521.95184
G1 X185.356 Y156.23 E1521.98846
G1 X185.602 Y155.603 E1522.03327
G1 X185.756 Y155.019 E1522.07344
G1 X185.852 Y154.412 E1522.11432
G1 X185.879 Y153.885 E1522.14943
G1 X185.878 Y141.445 E1522.97694
G1 X185.847 Y140.954 E1523.00966
G1 X185.753 Y140.377 E1523.04855
G1 X185.619 Y139.867 E1523.08363
G1 X185.419 Y139.32 E1523.12237
G1 X185.194 Y138.852 E1523.15691
G1 X184.931 Y138.406 E1523.19136
G1 X184.594 Y137.944 E1523.2294
G1 X184.233 Y137.536 E1523.26563
G1 X183.789 Y137.127 E1523.30579
G0 F7500 X183.278 Y137.744
G1 F1800 X182.808 Y137.396 E1523.34469
G1 X182.34 Y137.128 E1523.38057
G1 X181.874 Y136.919 E1523.41454
G1 X181.371 Y136.756 E1523.44971
G1 X180.86 Y136.649 E1523.48444
G1 X180.361 Y136.595 E1523.51783
G1 X180.102 Y136.589 E1523.53506
G1 X170.839 Y136.59 E1524.15124
G1 X170.412 Y136.617 E1524.1797
G1 X169.905 Y136.7 E1524.21388
G1 X169.392 Y136.837 E1524.2492
G1 X168.858 Y137.05 E1524.28744
G1 X168.441 Y137.267 E1524.31871
G1 X168.009 Y137.549 E1524.35303
G1 X167.659 Y137.831 E1524.38293
G1 X167.298 Y138.179 E1524.41628
G1 X166.949 Y138.596 E1524.45245
G1 X166.622 Y139.092 E1524.49197
G1 X166.35 Y139.641 E1524.53273
G1 X166.17 Y140.139 E1524.56795
G1 X166.034 Y140.71 E1524.607
G1 X165.974 Y141.167 E1524.63766
G1 X165.958 Y141.551 E1524.66323
G1 X165.959 Y153.939 E1525.48728
G1 X165.986 Y154.362 E1525.51547
G1 X166.069 Y154.868 E1525.54958
G1 X166.198 Y155.353 E1525.58297
G1 X166.364 Y155.795 E1525.61437
G1 X166.629 Y156.324 E1525.65373
G1 X166.918 Y156.767 E1525.68892
G1 X167.2 Y157.116 E1525.71876
G1 X167.548 Y157.477 E1525.75212
G1 X167.966 Y157.826 E1525.78834
G1 X168.465 Y158.155 E1525.8281
G1 X168.946 Y158.396 E1525.86389
G1 X169.502 Y158.604 E1525.90338
G1 X170.021 Y158.731 E1525.93892
G1 X170.661 Y158.811 E1525.98182
G1 X170.935 Y158.817 E1526.00005
G1 X180.203 Y158.816 E1526.61656
G1 X180.701 Y158.781 E1526.64977
G1 X181.222 Y158.688 E1526.68498
G1 X181.715 Y158.542 E1526.71918
G1 X182.132 Y158.379 E1526.74896
G1 X182.593 Y158.141 E1526.78348
G1 X183.029 Y157.857 E1526.81809
G1 X183.378 Y157.575 E1526.84794
G1 X183.739 Y157.227 E1526.88129
G1 X184.088 Y156.809 E1526.91751
G1 X184.413 Y156.316 E1526.95679
G1 X184.626 Y155.901 E1526.98782
G1 X184.84 Y155.354 E1527.02689
G1 X184.972 Y154.854 E1527.06129
G1 X185.055 Y154.329 E1527.09665
G1 X185.079 Y153.864 E1527.12762
G1 X185.078 Y141.47 E1527.95208
G1 X185.051 Y141.043 E1527.98054
G1 X184.97 Y140.543 E1528.01423
G1 X184.855 Y140.107 E1528.04423
G1 X184.681 Y139.631 E1528.07794
G1 X184.488 Y139.229 E1528.1076
G1 X184.262 Y138.846 E1528.13718
G1 X183.97 Y138.446 E1528.17013
G1 X183.661 Y138.097 E1528.20113
G1 X183.278 Y137.744 E1528.23578
G0 F7500 X182.767 Y138.361
G1 F1800 X182.37 Y138.067 E1528.26864
G1 X181.977 Y137.842 E1528.29877
G1 X181.586 Y137.667 E1528.32726
G1 X181.165 Y137.53 E1528.35671
G1 X180.735 Y137.44 E1528.38594
G1 X180.309 Y137.394 E1528.41444
G1 X180.093 Y137.389 E1528.42881
G1 X170.864 Y137.39 E1529.04273
G1 X170.502 Y137.413 E1529.06686
G1 X170.073 Y137.483 E1529.09577
G1 X169.644 Y137.598 E1529.12532
G1 X169.192 Y137.778 E1529.15768
G1 X168.845 Y137.959 E1529.18371
G1 X168.479 Y138.197 E1529.21276
G1 X168.189 Y138.431 E1529.23754
G1 X167.884 Y138.725 E1529.26572
G1 X167.592 Y139.074 E1529.29599
G1 X167.317 Y139.491 E1529.32922
G1 X167.087 Y139.955 E1529.36367
G1 X166.938 Y140.368 E1529.39288
G1 X166.822 Y140.855 E1529.42618
G1 X166.772 Y141.236 E1529.45174
G1 X166.758 Y141.568 E1529.47384
G1 X166.759 Y153.913 E1530.29504
G1 X166.782 Y154.272 E1530.31897
G1 X166.852 Y154.7 E1530.34781
G1 X166.961 Y155.109 E1530.37597
G1 X167.098 Y155.474 E1530.4019
G1 X167.324 Y155.925 E1530.43546
G1 X167.566 Y156.296 E1530.46493
G1 X167.8 Y156.586 E1530.48971
G1 X168.094 Y156.891 E1530.51789
G1 X168.444 Y157.183 E1530.54821
G1 X168.866 Y157.461 E1530.58183
G1 X169.266 Y157.662 E1530.61161
G1 X169.738 Y157.838 E1530.64512
G1 X170.166 Y157.943 E1530.67443
G1 X170.72 Y158.012 E1530.71157
G1 X170.944 Y158.017 E1530.72647
G1 X180.175 Y158.016 E1531.34052
G1 X180.602 Y157.986 E1531.369
G1 X181.038 Y157.908 E1531.39846
G1 X181.455 Y157.785 E1531.42738
G1 X181.802 Y157.649 E1531.45217
G1 X182.19 Y157.449 E1531.48121
G1 X182.558 Y157.209 E1531.51044
G1 X182.848 Y156.975 E1531.53522
G1 X183.153 Y156.681 E1531.5634
G1 X183.445 Y156.331 E1531.59372
G1 X183.721 Y155.912 E1531.6271
G1 X183.896 Y155.572 E1531.65254
G1 X184.078 Y155.106 E1531.68581
G1 X184.188 Y154.689 E1531.7145
G1 X184.258 Y154.246 E1531.74434
G1 X184.279 Y153.843 E1531.77118
G1 X184.278 Y141.495 E1532.59257
G1 X184.255 Y141.133 E1532.6167
G1 X184.186 Y140.709 E1532.64528
G1 X184.091 Y140.346 E1532.67024
G1 X183.943 Y139.942 E1532.69886
G1 X183.782 Y139.606 E1532.72364
G1 X183.593 Y139.286 E1532.74836
G1 X183.346 Y138.948 E1532.77621
G1 X183.089 Y138.658 E1532.80199
G1 X182.767 Y138.361 E1532.83113
G0 F7500 X182.256 Y138.978
;TYPE:WALL-OUTER
G1 F1800 X181.932 Y138.738 E1532.85795
G1 X181.614 Y138.556 E1532.88232
G1 X181.298 Y138.415 E1532.90534
G1 X180.958 Y138.304 E1532.92913
G1 X180.61 Y138.231 E1532.95278
G1 X180.257 Y138.193 E1532.9764
G1 X180.084 Y138.189 E1532.98791
G1 X170.89 Y138.19 E1533.5995
G1 X170.592 Y138.209 E1533.61936
G1 X170.242 Y138.266 E1533.64295
G1 X169.896 Y138.359 E1533.66679
G1 X169.525 Y138.506 E1533.69333
G1 X169.249 Y138.65 E1533.71404
G1 X168.95 Y138.845 E1533.73778
G1 X168.719 Y139.031 E1533.75751
G1 X168.471 Y139.271 E1533.78047
G1 X168.235 Y139.553 E1533.80493
G1 X168.012 Y139.891 E1533.83187
G1 X167.824 Y140.27 E1533.86001
G1 X167.706 Y140.597 E1533.88314
G1 X167.61 Y141 E1533.91069
G1 X167.57 Y141.305 E1533.93116
G1 X167.558 Y141.585 E1533.9498
G1 X167.559 Y153.887 E1534.76813
G1 X167.578 Y154.182 E1534.78779
G1 X167.635 Y154.532 E1534.81138
G1 X167.724 Y154.865 E1534.83431
G1 X167.832 Y155.153 E1534.85477
G1 X168.019 Y155.526 E1534.88253
G1 X168.214 Y155.825 E1534.90627
G1 X168.4 Y156.056 E1534.926
G1 X168.64 Y156.304 E1534.94896
G1 X168.922 Y156.54 E1534.97342
G1 X169.267 Y156.767 E1535.00089
G1 X169.586 Y156.928 E1535.02466
G1 X169.974 Y157.072 E1535.05219
G1 X170.311 Y157.155 E1535.07528
G1 X170.779 Y157.213 E1535.10665
G1 X170.953 Y157.217 E1535.11823
G1 X180.147 Y157.216 E1535.72981
G1 X180.503 Y157.191 E1535.75355
G1 X180.854 Y157.128 E1535.77727
G1 X181.195 Y157.028 E1535.80091
G1 X181.471 Y156.919 E1535.82065
G1 X181.788 Y156.756 E1535.84436
G1 X182.087 Y156.561 E1535.86811
G1 X182.318 Y156.375 E1535.88784
G1 X182.566 Y156.135 E1535.9108
G1 X182.802 Y155.853 E1535.93526
G1 X183.029 Y155.508 E1535.96273
G1 X183.166 Y155.242 E1535.98263
G1 X183.316 Y154.858 E1536.01005
G1 X183.404 Y154.524 E1536.03303
G1 X183.461 Y154.162 E1536.05741
G1 X183.479 Y153.822 E1536.08006
G1 X183.478 Y141.521 E1536.89832
G1 X183.459 Y141.223 E1536.91819
G1 X183.402 Y140.874 E1536.94171
G1 X183.327 Y140.585 E1536.96157
G1 X183.205 Y140.253 E1536.9851
G1 X183.076 Y139.983 E1537.005
G1 X182.924 Y139.727 E1537.02481
G1 X182.722 Y139.45 E1537.04761
G1 X182.517 Y139.219 E1537.06816
G1 X182.256 Y138.978 E1537.09179
G0 F7500 X182.817 Y138.301
G1 F1500 E1536.09179
G1 F300 Z0.6
G0 F7500 X199.558 Y90.548 Z0.6
;TYPE:WALL-INNER
G1 F300 Z0.4
G1 F1500 E1537.1184
G1 F1800 X199.201 Y90.178 E1537.1526
G1 X198.801 Y89.868 E1537.18626
G1 X198.312 Y89.59 E1537.22368
G1 X197.791 Y89.397 E1537.26064
G1 X197.294 Y89.294 E1537.2944
G1 X196.798 Y89.259 E1537.32748
G1 X196.302 Y89.294 E1537.36055
G1 X195.802 Y89.398 E1537.39453
G1 X195.271 Y89.597 E1537.43225
G1 X194.687 Y89.939 E1537.47727
G1 X194.182 Y90.387 E1537.52217
G1 X193.845 Y90.806 E1537.55794
G1 X193.525 Y91.369 E1537.60102
G1 X193.346 Y91.864 E1537.63603
G1 X193.24 Y92.364 E1537.67003
G1 X193.206 Y92.93 E1537.70775
G1 X193.283 Y93.598 E1537.75248
G1 X193.485 Y94.239 E1537.79719
G1 X193.745 Y94.744 E1537.83497
G1 X194.047 Y95.158 E1537.86906
G1 X194.398 Y95.522 E1537.9027
G1 X194.81 Y95.841 E1537.93736
G1 X195.393 Y96.157 E1537.98147
G1 X196.031 Y96.361 E1538.02602
G1 X196.551 Y96.433 E1538.06095
G1 X197.05 Y96.433 E1538.09414
G1 X197.569 Y96.361 E1538.12899
G1 X198.194 Y96.161 E1538.17265
G1 X198.718 Y95.889 E1538.21192
G1 X199.238 Y95.489 E1538.25556
G1 X199.601 Y95.097 E1538.2911
G1 X199.942 Y94.594 E1538.33152
G1 X200.193 Y94.031 E1538.37253
G1 X200.324 Y93.538 E1538.40646
G1 X200.387 Y93.043 E1538.43965
G1 X200.378 Y92.525 E1538.47411
G1 X200.274 Y91.927 E1538.51449
G1 X200.102 Y91.441 E1538.54878
G1 X199.875 Y90.994 E1538.58213
G1 X199.558 Y90.548 E1538.61853
G0 F7500 X198.941 Y91.061
G1 F1800 X198.665 Y90.775 E1538.64497
G1 X198.356 Y90.535 E1538.671
G1 X197.973 Y90.318 E1538.70028
G1 X197.569 Y90.168 E1538.72895
G1 X197.184 Y90.088 E1538.7551
G1 X196.798 Y90.061 E1538.78084
G1 X196.412 Y90.088 E1538.80658
G1 X196.025 Y90.169 E1538.83288
G1 X195.616 Y90.322 E1538.86193
G1 X195.159 Y90.59 E1538.89717
G1 X194.763 Y90.941 E1538.93237
G1 X194.509 Y91.257 E1538.95934
G1 X194.254 Y91.705 E1538.99363
G1 X194.117 Y92.084 E1539.02044
G1 X194.035 Y92.471 E1539.04676
G1 X194.009 Y92.908 E1539.07588
G1 X194.069 Y93.43 E1539.11083
G1 X194.228 Y93.934 E1539.14598
G1 X194.428 Y94.323 E1539.17508
G1 X194.661 Y94.642 E1539.20136
G1 X194.934 Y94.925 E1539.22751
G1 X195.249 Y95.169 E1539.25402
G1 X195.708 Y95.418 E1539.28876
G1 X196.209 Y95.578 E1539.32374
G1 X196.606 Y95.633 E1539.3504
G1 X196.995 Y95.633 E1539.37628
G1 X197.391 Y95.578 E1539.40287
G1 X197.886 Y95.42 E1539.43744
G1 X198.286 Y95.212 E1539.46743
G1 X198.697 Y94.896 E1539.50191
G1 X198.973 Y94.598 E1539.52893
G1 X199.24 Y94.204 E1539.56059
G1 X199.436 Y93.764 E1539.59263
G1 X199.537 Y93.384 E1539.61879
G1 X199.586 Y92.999 E1539.64461
G1 X199.579 Y92.601 E1539.67109
G1 X199.497 Y92.13 E1539.70289
G1 X199.365 Y91.756 E1539.72927
G1 X199.189 Y91.409 E1539.75515
G1 X198.941 Y91.061 E1539.78358
G0 F7500 X198.324 Y91.574
;TYPE:WALL-OUTER
G1 F1800 X198.129 Y91.372 E1539.80226
G1 X197.911 Y91.203 E1539.8206
G1 X197.634 Y91.046 E1539.84178
G1 X197.346 Y90.939 E1539.86222
G1 X197.074 Y90.882 E1539.88071
G1 X196.798 Y90.863 E1539.89911
G1 X196.522 Y90.882 E1539.91751
G1 X196.249 Y90.939 E1539.93607
G1 X195.962 Y91.047 E1539.95646
G1 X195.631 Y91.241 E1539.98199
G1 X195.344 Y91.495 E1540.00748
G1 X195.173 Y91.708 E1540.02565
G1 X194.983 Y92.042 E1540.05121
G1 X194.888 Y92.304 E1540.06975
G1 X194.83 Y92.578 E1540.08838
G1 X194.812 Y92.886 E1540.1089
G1 X194.855 Y93.263 E1540.13414
G1 X194.97 Y93.628 E1540.1596
G1 X195.111 Y93.901 E1540.18004
G1 X195.275 Y94.126 E1540.19856
G1 X195.47 Y94.328 E1540.21724
G1 X195.688 Y94.497 E1540.23559
G1 X196.023 Y94.679 E1540.26095
G1 X196.387 Y94.795 E1540.28636
G1 X196.661 Y94.833 E1540.30476
G1 X196.94 Y94.833 E1540.32332
G1 X197.213 Y94.795 E1540.34165
G1 X197.578 Y94.679 E1540.36713
G1 X197.854 Y94.535 E1540.38784
G1 X198.156 Y94.303 E1540.41317
G1 X198.345 Y94.099 E1540.43167
G1 X198.538 Y93.814 E1540.45457
G1 X198.679 Y93.497 E1540.47765
G1 X198.75 Y93.23 E1540.49602
G1 X198.785 Y92.955 E1540.51446
G1 X198.78 Y92.677 E1540.53296
G1 X198.72 Y92.333 E1540.55619
G1 X198.628 Y92.071 E1540.57466
G1 X198.503 Y91.825 E1540.59302
G1 X198.324 Y91.574 E1540.61352
G0 F7500 X199 Y91.012
G1 F1500 E1539.61352
G1 F300 Z0.6
G0 F7500 X200.045 Y215.815 Z0.6
;TYPE:WALL-INNER
G1 F300 Z0.4
G1 F1500 E1540.64013
G1 F1800 X200.045 Y227.122 E1541.39228
G1 X199.987 Y227.333 E1541.40683
G1 X199.883 Y227.394 E1541.41485
G1 X199.736 Y227.413 E1541.42471
G1 X198.281 Y227.413 E1541.5215
G1 X198.281 Y218.566 E1542.11
G1 X198.25 Y218.071 E1542.143
G1 X198.15 Y217.479 E1542.18293
G1 X198.037 Y217.071 E1542.2111
G1 X198.305 Y216.993 E1542.22966
G1 X198.874 Y216.739 E1542.27111
G1 X199.45 Y216.372 E1542.31655
G1 X199.953 Y215.924 E1542.36135
G1 X200.045 Y215.815 E1542.37084
G1 F1500 E1541.37084
G1 F300 Z0.6
G0 F7500 X200.031 Y72.76 Z0.6
G1 F300 Z0.4
G1 F1500 E1542.39745
G1 F1800 X200.044 Y72.852 E1542.40363
G1 X200.044 Y89.9 E1543.53767
G1 X199.737 Y89.581 E1543.56712
G1 X199.246 Y89.201 E1543.60842
G1 X198.651 Y88.862 E1543.65397
G1 X198.012 Y88.626 E1543.69928
G1 X197.404 Y88.5 E1543.74059
G1 X196.798 Y88.457 E1543.781
G1 X196.192 Y88.5 E1543.82141
G1 X195.579 Y88.627 E1543.86306
G1 X194.926 Y88.872 E1543.90945
G1 X194.215 Y89.288 E1543.96425
G1 X193.601 Y89.833 E1544.01886
G1 X193.181 Y90.355 E1544.06343
G1 X192.796 Y91.033 E1544.11529
G1 X192.575 Y91.644 E1544.15851
G1 X192.445 Y92.256 E1544.20013
G1 X192.403 Y92.952 E1544.24651
G1 X192.497 Y93.766 E1544.30102
G1 X192.742 Y94.545 E1544.35534
G1 X193.062 Y95.165 E1544.40175
G1 X193.433 Y95.674 E1544.44365
G1 X193.862 Y96.119 E1544.48477
G1 X194.372 Y96.513 E1544.52764
G1 X195.078 Y96.896 E1544.58107
G1 X195.853 Y97.144 E1544.6352
G1 X196.496 Y97.233 E1544.67838
G1 X197.105 Y97.233 E1544.71889
G1 X197.747 Y97.144 E1544.762
G1 X198.502 Y96.902 E1544.81474
G1 X199.15 Y96.566 E1544.8633
G1 X199.779 Y96.082 E1544.91609
G1 X200.044 Y95.796 E1544.94203
G1 X200.045 Y209.91 E1552.53292
G1 X199.673 Y209.543 E1552.56768
G1 X199.192 Y209.181 E1552.60773
G1 X198.645 Y208.877 E1552.64936
G1 X198.015 Y208.641 E1552.69411
G1 X197.406 Y208.515 E1552.73548
G1 X196.792 Y208.471 E1552.77643
G1 X196.114 Y208.522 E1552.82165
G1 X195.452 Y208.682 E1552.86696
G1 X194.872 Y208.915 E1552.90854
G1 X194.328 Y209.231 E1552.95039
G1 X193.812 Y209.645 E1552.99439
G1 X193.379 Y210.105 E1553.03642
G1 X192.999 Y210.659 E1553.0811
G1 X192.711 Y211.25 E1553.12484
G1 X192.469 Y212.086 E1553.18273
G1 X192.403 Y212.915 E1553.23805
G1 X186.237 Y212.916 E1553.64822
G1 X185.655 Y212.97 E1553.6871
G1 X185.145 Y213.067 E1553.72163
G1 X184.591 Y213.225 E1553.75995
G1 X184.085 Y213.429 E1553.79624
G1 X183.589 Y213.685 E1553.83337
G1 X183.152 Y213.959 E1553.86768
G1 X182.735 Y214.28 E1553.90269
G1 X182.353 Y214.632 E1553.93724
G1 X181.953 Y215.08 E1553.97719
G1 X181.607 Y215.561 E1554.01661
G1 X181.351 Y216.002 E1554.05053
G1 X181.122 Y216.478 E1554.08567
G1 X180.902 Y217.104 E1554.1298
G1 X180.78 Y217.626 E1554.16546
G1 X180.704 Y218.135 E1554.1997
G1 X180.678 Y218.65 E1554.234
G1 X180.678 Y227.413 E1554.81692
G1 X162.308 Y227.413 E1556.03889
G1 X162.308 Y214.383 E1556.90565
G1 X162.277 Y213.893 E1556.93831
G1 X162.178 Y213.299 E1556.97837
G1 X162.004 Y212.668 E1557.02191
G1 X161.804 Y212.157 E1557.05842
G1 X161.569 Y211.696 E1557.09284
G1 X161.262 Y211.206 E1557.1313
G1 X160.873 Y210.707 E1557.17339
G1 X160.392 Y210.218 E1557.21901
G1 X159.909 Y209.828 E1557.26031
G1 X159.329 Y209.46 E1557.306
G1 X158.771 Y209.187 E1557.34733
G1 X158.268 Y209.002 E1557.38298
G1 X157.706 Y208.855 E1557.42162
G1 X157.108 Y208.762 E1557.46188
G1 X156.629 Y208.733 E1557.4938
G1 X146.493 Y208.734 E1558.16805
G1 X145.812 Y208.802 E1558.21357
G1 X145.146 Y208.954 E1558.25901
G1 X144.646 Y209.121 E1558.29408
G1 X144.172 Y209.331 E1558.32857
G1 X143.648 Y209.621 E1558.36841
G1 X143.161 Y209.967 E1558.40814
G1 X142.721 Y210.35 E1558.44695
G1 X142.348 Y210.743 E1558.48299
G1 X141.988 Y211.207 E1558.52206
G1 X141.667 Y211.718 E1558.5622
G1 X141.394 Y212.277 E1558.60358
G1 X141.186 Y212.85 E1558.64413
G1 X141.043 Y213.431 E1558.68393
G1 X140.96 Y214.033 E1558.72436
G1 X140.942 Y214.479 E1558.75405
G1 X140.942 Y227.413 E1559.61442
G1 X100.219 Y227.412 E1562.32333
G1 X100.036 Y227.353 E1562.33612
G1 X99.956 Y227.164 E1562.34977
G1 X99.956 Y215.819 E1563.10444
G1 X100.329 Y216.19 E1563.13944
G1 X100.86 Y216.584 E1563.18342
G1 X101.415 Y216.88 E1563.22526
G1 X101.996 Y217.089 E1563.26634
G1 X102.595 Y217.215 E1563.30705
G1 X103.198 Y217.258 E1563.34727
G1 X103.844 Y217.215 E1563.39033
G1 X104.631 Y217.024 E1563.44421
G1 X105.389 Y216.681 E1563.49955
G1 X106.032 Y216.229 E1563.55183
G1 X106.516 Y215.746 E1563.59732
G1 X106.89 Y215.253 E1563.63848
G1 X107.222 Y214.643 E1563.68468
G1 X107.46 Y213.947 E1563.73361
G1 X107.574 Y213.296 E1563.77757
G1 X107.584 Y212.501 E1563.83046
G1 X107.452 Y211.74 E1563.88184
G1 X107.216 Y211.072 E1563.92897
G1 X106.89 Y210.48 E1563.97392
G1 X106.513 Y209.976 E1564.01579
G1 X106.074 Y209.543 E1564.05681
G1 X105.593 Y209.181 E1564.09685
G1 X105.046 Y208.877 E1564.13848
G1 X104.416 Y208.641 E1564.18323
G1 X103.808 Y208.515 E1564.22454
G1 X103.199 Y208.471 E1564.26515
G1 X102.554 Y208.518 E1564.30817
G1 X101.77 Y208.706 E1564.3618
G1 X101.017 Y209.047 E1564.41679
G1 X100.44 Y209.448 E1564.46353
G1 X99.978 Y209.875 E1564.50538
G1 X99.956 Y209.903 E1564.50775
G1 X99.955 Y95.8 E1572.09791
G1 X100.263 Y96.119 E1572.12741
G1 X100.773 Y96.513 E1572.17028
G1 X101.479 Y96.896 E1572.2237
G1 X102.272 Y97.15 E1572.2791
G1 X103.026 Y97.243 E1572.32963
G1 X103.708 Y97.218 E1572.37503
G1 X104.519 Y97.045 E1572.43019
G1 X105.125 Y96.8 E1572.47367
G1 X105.66 Y96.493 E1572.5147
G1 X106.159 Y96.101 E1572.55691
G1 X106.627 Y95.602 E1572.60242
G1 X107.045 Y94.984 E1572.65205
G1 X107.355 Y94.288 E1572.70273
G1 X107.534 Y93.588 E1572.7508
G1 X107.597 Y92.796 E1572.80365
G1 X107.529 Y92.069 E1572.85222
G1 X107.312 Y91.285 E1572.90633
G1 X107.007 Y90.656 E1572.95283
G1 X106.643 Y90.116 E1572.99615
G1 X106.098 Y89.543 E1573.04876
G1 X105.539 Y89.131 E1573.09495
G1 X104.986 Y88.835 E1573.13667
G1 X104.405 Y88.626 E1573.17775
G1 X103.806 Y88.5 E1573.21846
G1 X103.201 Y88.457 E1573.25881
G1 X102.557 Y88.5 E1573.30174
G1 X101.768 Y88.691 E1573.35575
G1 X101.029 Y89.027 E1573.40975
G1 X100.485 Y89.394 E1573.4534
G1 X99.99 Y89.848 E1573.49808
G1 X99.955 Y89.891 E1573.50177
G1 X99.955 Y72.884 E1574.63308
G1 X100.035 Y72.645 E1574.64984
G1 X100.234 Y72.587 E1574.66363
G1 X199.765 Y72.588 E1581.28446
G1 X199.903 Y72.609 E1581.29374
G1 X200.031 Y72.76 E1581.30691
G0 F7500 X200.665 Y72.223
G1 F1800 X200.807 Y72.533 E1581.32959
G1 X200.844 Y72.801 E1581.34759
G1 X200.844 Y91.927 E1582.61645
G1 X200.844 Y93.043 E1582.67766
G1 X200.844 Y94.031 E1582.73026
G1 X200.844 Y209.91 E1590.43856
G1 X200.844 Y211.883 E1590.5698
G1 X200.844 Y213.054 E1590.6477
G1 X200.844 Y214.045 E1590.71362
G1 X200.845 Y227.169 E1591.58663
G1 X200.815 Y227.432 E1591.60424
G1 X200.73 Y227.662 E1591.62055
G1 X200.596 Y227.861 E1591.63651
G1 X200.397 Y228.04 E1591.65432
G1 X200.103 Y228.173 E1591.67578
G1 X199.791 Y228.213 E1591.69671
G1 X197.481 Y228.213 E1591.85037
G1 X197.481 Y218.591 E1592.49043
G1 X197.454 Y218.163 E1592.51895
G1 X197.368 Y217.652 E1592.55342
G1 X197.212 Y217.088 E1592.59235
G1 X197.041 Y216.657 E1592.62319
G1 X196.933 Y216.448 E1592.63884
G1 X197.048 Y216.448
G1 X197.546 Y216.38 E1592.66051
G1 X198.03 Y216.24 E1592.69402
G1 X198.494 Y216.033 E1592.72782
G1 X198.966 Y215.732 E1592.76506
G1 X199.378 Y215.365 E1592.80176
G1 X199.697 Y214.986 E1592.83471
G1 X199.954 Y214.585 E1592.8664
G1 X200.193 Y214.046 E1592.90562
G1 X200.325 Y213.549 E1592.93579
G1 X200.387 Y213.054 E1592.95583
G1 X200.378 Y212.536 E1592.99029
G1 X200.259 Y211.883 E1593.02238
G1 X200.056 Y211.349 E1593.06038
G1 X199.813 Y210.91 E1593.09376
G1 X199.508 Y210.504 E1593.12754
G1 X199.149 Y210.15 E1593.16108
G1 X198.755 Y209.853 E1593.1939
G1 X198.309 Y209.605 E1593.22784
G1 X197.792 Y209.412 E1593.26455
G1 X197.296 Y209.309 E1593.29825
G1 X196.794 Y209.273 E1593.33173
G1 X196.239 Y209.315 E1593.36875
G1 X195.696 Y209.446 E1593.40591
G1 X195.224 Y209.636 E1593.43976
G1 X194.782 Y209.893 E1593.47377
G1 X194.356 Y210.234 E1593.51007
G1 X194.004 Y210.608 E1593.54423
G1 X193.692 Y211.063 E1593.58093
G1 X193.46 Y211.539 E1593.61615
G1 X193.26 Y212.23 E1593.66401
G1 X193.204 Y212.935 E1593.71105
G1 X193.289 Y213.636 E1593.75802
G1 X193.336 Y213.792 E1593.76886
G1 X192.994 Y213.74 E1593.78004
G1 X192.576 Y213.715 E1593.80233
G1 X186.274 Y213.716 E1594.22154
G1 X185.767 Y213.763 E1594.25541
G1 X185.33 Y213.846 E1594.285
G1 X184.851 Y213.983 E1594.31814
G1 X184.418 Y214.157 E1594.34918
G1 X183.986 Y214.38 E1594.38152
G1 X183.61 Y214.616 E1594.41105
G1 X183.251 Y214.893 E1594.44121
G1 X182.923 Y215.194 E1594.47083
G1 X182.578 Y215.581 E1594.50531
G1 X182.279 Y215.997 E1594.53939
G1 X182.058 Y216.377 E1594.56863
G1 X181.862 Y216.785 E1594.59874
G1 X181.671 Y217.329 E1594.6371
G1 X181.566 Y217.776 E1594.66764
G1 X181.501 Y218.214 E1594.69709
G1 X181.478 Y218.67 E1594.72747
G1 X181.478 Y228.213 E1595.36227
G1 X161.508 Y228.213 E1596.69068
G1 X161.508 Y214.408 E1597.60899
G1 X161.481 Y213.984 E1597.63725
G1 X161.396 Y213.471 E1597.67184
G1 X161.244 Y212.921 E1597.7098
G1 X161.073 Y212.485 E1597.74095
G1 X160.872 Y212.09 E1597.77044
G1 X160.606 Y211.665 E1597.80379
G1 X160.271 Y211.235 E1597.84005
G1 X159.854 Y210.812 E1597.87956
G1 X159.442 Y210.479 E1597.9148
G1 X158.938 Y210.159 E1597.95451
G1 X158.456 Y209.924 E1597.99018
G1 X158.028 Y209.766 E1598.02053
G1 X157.543 Y209.639 E1598.05388
G1 X157.022 Y209.558 E1598.08895
G1 X156.605 Y209.533 E1598.11674
G1 X146.533 Y209.534 E1598.78674
G1 X145.941 Y209.593 E1598.82631
G1 X145.362 Y209.725 E1598.86581
G1 X144.935 Y209.868 E1598.89577
G1 X144.528 Y210.048 E1598.92537
G1 X144.075 Y210.299 E1598.95982
G1 X143.657 Y210.596 E1598.99393
G1 X143.275 Y210.929 E1599.02764
G1 X142.955 Y211.265 E1599.05851
G1 X142.644 Y211.666 E1599.09226
G1 X142.367 Y212.107 E1599.12691
G1 X142.132 Y212.589 E1599.16258
G1 X141.953 Y213.083 E1599.19753
G1 X141.83 Y213.582 E1599.23172
G1 X141.758 Y214.104 E1599.26677
G1 X141.742 Y214.495 E1599.2928
G1 X141.742 Y228.213 E1600.20532
G1 X100.162 Y228.212 E1602.97124
G1 X99.893 Y228.172 E1602.98933
G1 X99.719 Y228.105 E1603.00173
G1 X99.474 Y227.94 E1603.02138
G1 X99.26 Y227.648 E1603.04546
G1 X99.161 Y227.293 E1603.06998
G1 X99.156 Y227.195 E1603.0765
G1 X99.156 Y214.152 E1603.94413
G1 X99.156 Y213.152 E1603.99787
G1 X99.156 Y211.926 E1604.06403
G1 X99.156 Y95.8 E1611.78877
G1 X99.156 Y93.597 E1611.93531
G1 X99.156 Y92.407 E1611.99996
G1 X99.156 Y91.369 E1612.05769
G1 X99.155 Y72.836 E1613.29051
G1 X99.196 Y72.517 E1613.31191
G1 X99.395 Y72.144 E1613.34003
G1 X99.486 Y72.051 E1613.34868
G1 X99.697 Y71.907 E1613.36568
G1 X100.062 Y71.795 E1613.39107
G1 X100.209 Y71.787 E1613.40087
G1 X199.827 Y71.788 E1620.02748
G1 X200.141 Y71.836 E1620.04861
G1 X200.341 Y71.924 E1620.06315
G1 X200.665 Y72.223 E1620.09248
G0 F7500 X201.319 Y71.757
G1 F1800 X201.458 Y71.991 E1620.11058
G1 X201.581 Y72.319 E1620.13388
G1 X201.63 Y72.573 E1620.15109
G1 X201.644 Y72.775 E1620.16456
G1 X201.645 Y227.218 E1630.43815
G1 X201.599 Y227.616 E1630.4648
G1 X201.447 Y228.031 E1630.4942
G1 X201.206 Y228.389 E1630.52291
G1 X200.875 Y228.687 E1630.55254
G1 X200.654 Y228.819 E1630.56966
G1 X200.313 Y228.95 E1630.59396
G1 X199.929 Y229.01 E1630.61981
G1 X199.812 Y229.013 E1630.6276
G1 X196.681 Y229.013 E1630.83587
G1 X196.681 Y218.616 E1631.52748
G1 X196.658 Y218.255 E1631.55155
G1 X196.586 Y217.825 E1631.58055
G1 X196.453 Y217.343 E1631.61381
G1 X196.312 Y216.989 E1631.63916
G1 X196.117 Y216.61 E1631.66751
G1 X195.835 Y216.183 E1631.70155
G1 X195.561 Y215.859 E1631.72262
G1 X195.33 Y215.63 E1631.7308
G1 X195.008 Y215.359 E1631.74997
G1 X194.696 Y215.144 E1631.76551
G1 X194.458 Y215.009 E1631.77122
G1 X194.131 Y214.842 E1631.7832
G1 X193.754 Y214.711 E1631.80504
G1 X193.34 Y214.602 E1631.83352
G1 X192.91 Y214.536 E1631.86246
G1 X192.553 Y214.515 E1631.88625
G1 X186.311 Y214.516 E1632.30146
G1 X185.879 Y214.556 E1632.33032
G1 X185.515 Y214.625 E1632.35497
G1 X185.111 Y214.741 E1632.38293
G1 X184.751 Y214.885 E1632.40872
G1 X184.383 Y215.075 E1632.43627
G1 X184.068 Y215.273 E1632.46102
G1 X183.767 Y215.505 E1632.4863
G1 X183.494 Y215.756 E1632.51097
G1 X183.203 Y216.082 E1632.54004
G1 X182.951 Y216.433 E1632.56878
G1 X182.765 Y216.752 E1632.59334
G1 X182.602 Y217.091 E1632.61837
G1 X182.44 Y217.554 E1632.651
G1 X182.352 Y217.927 E1632.67649
G1 X182.298 Y218.293 E1632.7011
G1 X182.278 Y218.69 E1632.72754
G1 X182.278 Y229.013 E1633.41423
G1 X160.708 Y229.013 E1634.84907
G1 X160.708 Y214.434 E1635.81887
G1 X160.685 Y214.075 E1635.8428
G1 X160.614 Y213.643 E1635.87192
G1 X160.484 Y213.175 E1635.90423
G1 X160.342 Y212.813 E1635.9301
G1 X160.175 Y212.484 E1635.95464
G1 X159.95 Y212.124 E1635.98288
G1 X159.669 Y211.764 E1636.01326
G1 X159.316 Y211.406 E1636.04671
G1 X158.974 Y211.13 E1636.07594
G1 X158.547 Y210.858 E1636.10962
G1 X158.142 Y210.661 E1636.13958
G1 X157.787 Y210.53 E1636.16475
G1 X157.379 Y210.423 E1636.19281
G1 X156.937 Y210.354 E1636.22256
G1 X156.581 Y210.333 E1636.24629
G1 X146.573 Y210.334 E1636.91202
G1 X146.07 Y210.384 E1636.94565
G1 X145.579 Y210.496 E1636.97915
G1 X145.224 Y210.615 E1637.00405
G1 X144.884 Y210.765 E1637.02877
G1 X144.502 Y210.977 E1637.05783
G1 X144.153 Y211.225 E1637.08631
G1 X143.828 Y211.508 E1637.11498
G1 X143.562 Y211.787 E1637.14062
G1 X143.3 Y212.125 E1637.16907
G1 X143.067 Y212.496 E1637.19821
G1 X142.87 Y212.901 E1637.22817
G1 X142.72 Y213.316 E1637.25753
G1 X142.617 Y213.733 E1637.2861
G1 X142.556 Y214.175 E1637.31578
G1 X142.542 Y214.512 E1637.33822
G1 X142.542 Y229.013 E1638.30283
G1 X100.104 Y229.012 E1641.12581
G1 X99.688 Y228.95 E1641.15379
G1 X99.346 Y228.819 E1641.17815
G1 X98.973 Y228.568 E1641.20806
G1 X98.847 Y228.448 E1641.21963
G1 X98.663 Y228.216 E1641.23933
G1 X98.534 Y227.991 E1641.25658
G1 X98.41 Y227.648 E1641.28085
G1 X98.365 Y227.385 E1641.29859
G1 X98.356 Y227.221 E1641.30952
G1 X98.355 Y72.782 E1651.58284
G1 X98.41 Y72.351 E1651.61175
G1 X98.458 Y72.192 E1651.6228
G1 X98.568 Y71.942 E1651.64096
G1 X98.768 Y71.642 E1651.66495
G1 X98.97 Y71.434 E1651.68424
G1 X99.322 Y71.194 E1651.71258
G1 X99.716 Y71.043 E1651.74064
G1 X99.977 Y70.998 E1651.75826
G1 X100.186 Y70.987 E1651.77218
G1 X199.887 Y70.988 E1658.40432
G1 X200.33 Y71.055 E1658.43412
G1 X200.508 Y71.115 E1658.44662
G1 X200.765 Y71.241 E1658.46566
G1 X201.086 Y71.485 E1658.49248
G1 X201.319 Y71.757 E1658.5163
G0 F7500 X201.982 Y71.307
;TYPE:WALL-OUTER
G1 F1800 X202.173 Y71.629 E1658.54121
G1 X202.279 Y71.873 E1658.55891
G1 X202.356 Y72.116 E1658.57586
G1 X202.425 Y72.468 E1658.59972
G1 X202.444 Y72.751 E1658.61859
G1 X202.445 Y227.236 E1668.89497
G1 X202.427 Y227.522 E1668.91404
G1 X202.379 Y227.799 E1668.93274
G1 X202.293 Y228.09 E1668.95292
G1 X202.164 Y228.389 E1668.97458
G1 X201.996 Y228.674 E1668.99659
G1 X201.808 Y228.918 E1669.01708
G1 X201.611 Y229.12 E1669.03585
G1 X201.335 Y229.343 E1669.05945
G1 X201.021 Y229.531 E1669.0838
G1 X200.767 Y229.644 E1669.10229
G1 X200.52 Y229.724 E1669.11956
G1 X200.243 Y229.782 E1669.13839
G1 X199.98 Y229.809 E1669.15597
G1 X199.834 Y229.813 E1669.16569
G1 X195.881 Y229.813 E1669.42865
G1 X195.881 Y218.642 E1670.17174
G1 X195.862 Y218.347 E1670.19141
G1 X195.804 Y217.998 E1670.21494
G1 X195.693 Y217.598 E1670.24255
G1 X195.583 Y217.32 E1670.26244
G1 X195.426 Y217.015 E1670.28526
G1 X195.193 Y216.663 E1670.31334
G1 X194.973 Y216.402 E1670.33605
G1 X194.79 Y216.221 E1670.35317
G1 X194.523 Y215.996 E1670.3764
G1 X194.271 Y215.823 E1670.39673
G1 X194.079 Y215.714 E1670.41142
G1 X193.816 Y215.58 E1670.43105
G1 X193.52 Y215.477 E1670.4519
G1 X193.176 Y215.386 E1670.47557
G1 X192.826 Y215.332 E1670.49913
G1 X192.53 Y215.315 E1670.51885
G1 X186.348 Y215.316 E1670.93008
G1 X185.991 Y215.349 E1670.95393
G1 X185.701 Y215.404 E1670.97356
G1 X185.371 Y215.499 E1670.9964
G1 X185.083 Y215.614 E1671.01703
G1 X184.78 Y215.77 E1671.0397
G1 X184.526 Y215.93 E1671.05967
G1 X184.283 Y216.117 E1671.08007
G1 X184.065 Y216.318 E1671.09979
G1 X183.828 Y216.583 E1671.12344
G1 X183.623 Y216.869 E1671.14685
G1 X183.472 Y217.127 E1671.16674
G1 X183.343 Y217.397 E1671.18664
G1 X183.209 Y217.779 E1671.21357
G1 X183.138 Y218.078 E1671.23401
G1 X183.095 Y218.371 E1671.25371
G1 X183.078 Y218.71 E1671.27629
G1 X183.078 Y229.813 E1672.01486
G1 X159.908 Y229.813 E1673.55614
G1 X159.908 Y214.46 E1674.57742
G1 X159.889 Y214.165 E1674.59709
G1 X159.832 Y213.816 E1674.62061
G1 X159.724 Y213.429 E1674.64734
G1 X159.611 Y213.141 E1674.66792
G1 X159.477 Y212.877 E1674.68761
G1 X159.294 Y212.583 E1674.71065
G1 X159.067 Y212.293 E1674.73515
G1 X158.778 Y212 E1674.76252
G1 X158.507 Y211.781 E1674.7857
G1 X158.156 Y211.558 E1674.81336
G1 X157.827 Y211.398 E1674.8377
G1 X157.546 Y211.294 E1674.85763
G1 X157.215 Y211.207 E1674.8804
G1 X156.852 Y211.15 E1674.90484
G1 X156.558 Y211.133 E1674.92443
G1 X146.613 Y211.134 E1675.58597
G1 X146.199 Y211.175 E1675.61365
G1 X145.796 Y211.267 E1675.64114
G1 X145.513 Y211.362 E1675.661
G1 X145.24 Y211.482 E1675.68084
G1 X144.929 Y211.655 E1675.70451
G1 X144.648 Y211.854 E1675.72742
G1 X144.381 Y212.087 E1675.75099
G1 X144.169 Y212.309 E1675.77141
G1 X143.957 Y212.583 E1675.79445
G1 X143.768 Y212.885 E1675.81815
G1 X143.608 Y213.213 E1675.84243
G1 X143.487 Y213.548 E1675.86612
G1 X143.404 Y213.884 E1675.88915
G1 X143.354 Y214.247 E1675.91352
G1 X143.342 Y214.529 E1675.9323
G1 X143.342 Y229.813 E1676.94899
G1 X100.07 Y229.812 E1679.82746
G1 X99.757 Y229.782 E1679.84837
G1 X99.482 Y229.724 E1679.86707
G1 X99.214 Y229.637 E1679.88581
G1 X98.977 Y229.53 E1679.90311
G1 X98.733 Y229.389 E1679.92186
G1 X98.451 Y229.176 E1679.94536
G1 X98.255 Y228.988 E1679.96343
G1 X97.997 Y228.664 E1679.99098
G1 X97.816 Y228.347 E1680.01526
G1 X97.709 Y228.094 E1680.03354
G1 X97.63 Y227.83 E1680.05187
G1 X97.569 Y227.476 E1680.07576
G1 X97.556 Y227.25 E1680.09082
G1 X97.555 Y72.764 E1690.36727
G1 X97.573 Y72.478 E1690.38633
G1 X97.631 Y72.164 E1690.40757
G1 X97.703 Y71.922 E1690.42437
G1 X97.854 Y71.577 E1690.44942
G1 X97.985 Y71.355 E1690.46657
G1 X98.145 Y71.139 E1690.48445
G1 X98.247 Y71.022 E1690.49477
G1 X98.44 Y70.833 E1690.51274
G1 X98.713 Y70.624 E1690.53561
G1 X98.955 Y70.481 E1690.55431
G1 X99.266 Y70.344 E1690.57692
G1 X99.532 Y70.263 E1690.59541
G1 X99.89 Y70.201 E1690.61958
G1 X100.165 Y70.187 E1690.6379
G1 X199.929 Y70.188 E1697.27423
G1 X200.242 Y70.217 E1697.29514
G1 X200.547 Y70.284 E1697.31591
G1 X200.814 Y70.374 E1697.33465
G1 X201.162 Y70.545 E1697.36045
G1 X201.403 Y70.706 E1697.37973
G1 X201.632 Y70.899 E1697.39965
G1 X201.82 Y71.097 E1697.41781
G1 X201.982 Y71.307 E1697.43545
G0 F7500 X201.254 Y71.801
G1 F1500 E1696.43545
G1 F300 Z0.6
G0 F7500 X199.254 Y73.378 Z0.6
;TYPE:SKIN
G1 F300 Z0.4
G1 F1500 E1697.46206
G1 F1650 X199.254 Y88.296 E1698.45441
G1 X198.985 Y88.143 E1698.475
G1 X198.23 Y87.864 E1698.52854
G1 X197.513 Y87.716 E1698.57724
G1 X196.798 Y87.665 E1698.62492
G1 X196.083 Y87.716 E1698.6726
G1 X195.359 Y87.866 E1698.72179
G1 X194.585 Y88.155 E1698.77675
G1 X193.749 Y88.646 E1698.84124
G1 X193.027 Y89.286 E1698.90542
G1 X192.525 Y89.909 E1698.95864
G1 X192.076 Y90.701 E1699.0192
G1 X191.813 Y91.427 E1699.07057
G1 X191.66 Y92.15 E1699.11973
G1 X191.611 Y92.974 E1699.17464
G1 X191.721 Y93.932 E1699.23878
G1 X192.009 Y94.847 E1699.30259
G1 X192.388 Y95.581 E1699.35754
G1 X192.827 Y96.183 E1699.4071
G1 X193.333 Y96.709 E1699.45566
G1 X193.939 Y97.177 E1699.50659
G1 X194.766 Y97.626 E1699.56919
G1 X195.677 Y97.917 E1699.6328
G1 X196.441 Y98.023 E1699.68411
G1 X197.16 Y98.023 E1699.73194
G1 X197.923 Y97.917 E1699.78318
G1 X198.806 Y97.634 E1699.84486
G1 X199.254 Y97.402 E1699.87842
G1 X199.255 Y208.312 E1707.25619
G1 X198.977 Y208.158 E1707.27733
G1 X198.235 Y207.88 E1707.33003
G1 X197.515 Y207.731 E1707.37894
G1 X196.79 Y207.679 E1707.42729
G1 X195.991 Y207.739 E1707.48059
G1 X195.211 Y207.928 E1707.53398
G1 X194.525 Y208.204 E1707.58317
G1 X193.88 Y208.577 E1707.63273
G1 X193.275 Y209.063 E1707.68435
G1 X192.762 Y209.608 E1707.73414
G1 X192.314 Y210.26 E1707.78676
G1 X191.971 Y210.965 E1707.83892
G1 X191.687 Y211.944 E1707.90673
G1 X191.673 Y212.125 E1707.9188
G1 X186.2 Y212.126 E1708.28287
G1 X185.545 Y212.186 E1708.32662
G1 X184.963 Y212.297 E1708.36603
G1 X184.334 Y212.477 E1708.40955
G1 X183.755 Y212.71 E1708.45107
G1 X183.198 Y212.998 E1708.49278
G1 X182.7 Y213.31 E1708.53187
G1 X182.225 Y213.676 E1708.57176
G1 X181.79 Y214.077 E1708.61112
G1 X181.336 Y214.584 E1708.65639
G1 X180.943 Y215.131 E1708.70119
G1 X180.652 Y215.632 E1708.73973
G1 X180.391 Y216.175 E1708.77981
G1 X180.142 Y216.883 E1708.82973
G1 X180.004 Y217.478 E1708.87036
G1 X179.916 Y218.056 E1708.90926
G1 X179.888 Y218.63 E1708.94748
G1 X179.888 Y226.623 E1709.47918
G1 X163.098 Y226.623 E1710.59606
G1 X163.098 Y214.358 E1711.41193
G1 X163.063 Y213.802 E1711.44899
G1 X162.95 Y213.129 E1711.49438
G1 X162.755 Y212.419 E1711.54336
G1 X162.525 Y211.833 E1711.58523
G1 X162.257 Y211.307 E1711.6245
G1 X161.91 Y210.752 E1711.66805
G1 X161.468 Y210.186 E1711.71582
G1 X160.924 Y209.632 E1711.76746
G1 X160.371 Y209.185 E1711.81476
G1 X159.715 Y208.769 E1711.86644
G1 X159.081 Y208.46 E1711.91335
G1 X158.505 Y208.248 E1711.95418
G1 X157.868 Y208.081 E1711.99799
G1 X157.193 Y207.976 E1712.04343
G1 X156.653 Y207.943 E1712.07942
G1 X146.454 Y207.944 E1712.75786
G1 X145.684 Y208.02 E1712.80933
G1 X144.932 Y208.192 E1712.86064
G1 X144.36 Y208.384 E1712.90078
G1 X143.82 Y208.622 E1712.94003
G1 X143.227 Y208.951 E1712.98514
G1 X142.671 Y209.345 E1713.03047
G1 X142.174 Y209.779 E1713.07436
G1 X141.748 Y210.228 E1713.11554
G1 X141.34 Y210.753 E1713.15977
G1 X140.976 Y211.333 E1713.20532
G1 X140.665 Y211.969 E1713.25241
G1 X140.429 Y212.621 E1713.29853
G1 X140.266 Y213.282 E1713.34382
G1 X140.172 Y213.963 E1713.38955
G1 X140.152 Y214.463 E1713.42284
G1 X140.152 Y226.623 E1714.23172
G1 X100.746 Y226.622 E1716.85302
G1 X100.746 Y217.418 E1717.46527
G1 X101.093 Y217.604 E1717.49146
G1 X101.781 Y217.851 E1717.54009
G1 X102.485 Y217.999 E1717.58794
G1 X103.196 Y218.05 E1717.63536
G1 X103.964 Y217.999 E1717.68656
G1 X104.89 Y217.774 E1717.74995
G1 X105.782 Y217.37 E1717.81509
G1 X106.542 Y216.836 E1717.87688
G1 X107.112 Y216.267 E1717.93045
G1 X107.555 Y215.683 E1717.97921
G1 X107.948 Y214.961 E1718.03389
G1 X108.228 Y214.144 E1718.09134
G1 X108.364 Y213.369 E1718.14369
G1 X108.374 Y212.438 E1718.20562
G1 X108.219 Y211.539 E1718.2663
G1 X107.939 Y210.748 E1718.32212
G1 X107.556 Y210.051 E1718.37502
G1 X107.11 Y209.455 E1718.42454
G1 X106.591 Y208.943 E1718.47304
G1 X106.024 Y208.517 E1718.52021
G1 X105.378 Y208.158 E1718.56938
G1 X104.636 Y207.88 E1718.62208
G1 X103.917 Y207.731 E1718.67093
G1 X103.199 Y207.679 E1718.71881
G1 X102.432 Y207.734 E1718.76997
G1 X101.513 Y207.955 E1718.83284
G1 X100.746 Y208.303 E1718.88887
G1 X100.745 Y97.396 E1726.26643
G1 X101.167 Y97.625 E1726.29837
G1 X102.102 Y97.925 E1726.36369
G1 X102.992 Y98.035 E1726.42334
G1 X103.805 Y98.004 E1726.47746
G1 X104.751 Y97.803 E1726.5418
G1 X105.471 Y97.512 E1726.59346
G1 X106.103 Y97.149 E1726.64194
G1 X106.694 Y96.686 E1726.69188
G1 X107.247 Y96.096 E1726.74567
G1 X107.738 Y95.369 E1726.80403
G1 X108.104 Y94.549 E1726.86376
G1 X108.316 Y93.718 E1726.92081
G1 X108.389 Y92.79 E1726.98273
G1 X108.309 Y91.925 E1727.04052
G1 X108.054 Y91.005 E1727.10402
G1 X107.694 Y90.261 E1727.159
G1 X107.261 Y89.62 E1727.21046
G1 X106.623 Y88.948 E1727.2721
G1 X105.962 Y88.461 E1727.32671
G1 X105.308 Y88.112 E1727.37602
G1 X104.621 Y87.864 E1727.42461
G1 X103.916 Y87.716 E1727.47253
G1 X103.203 Y87.665 E1727.52008
G1 X102.437 Y87.716 E1727.57115
G1 X101.509 Y87.941 E1727.63467
G1 X100.745 Y88.288 E1727.69048
G1 X100.745 Y73.377 E1728.68237
G1 X199.254 Y73.378 E1735.23521
G1 F1500 E1734.23521
G1 F300 Z0.6
G0 F7500 X181.78 Y135.218 Z0.6
G1 F300 Z0.4
G1 F1500 E1735.26182
G1 F1650 X181.109 Y135.076 E1735.30744
G1 X180.465 Y135.008 E1735.35052
G1 X180.121 Y134.999 E1735.37341
G1 X170.789 Y135 E1735.99418
G1 X170.233 Y135.035 E1736.03124
G1 X169.571 Y135.143 E1736.07586
G1 X168.891 Y135.325 E1736.12268
G1 X168.194 Y135.603 E1736.1726
G1 X167.638 Y135.893 E1736.21431
G1 X167.074 Y136.261 E1736.25911
G1 X166.606 Y136.637 E1736.29904
G1 X166.133 Y137.094 E1736.3428
G1 X165.672 Y137.646 E1736.39064
G1 X165.241 Y138.298 E1736.44263
G1 X164.886 Y139.015 E1736.49585
G1 X164.644 Y139.683 E1736.54311
G1 X164.468 Y140.421 E1736.59358
G1 X164.388 Y141.031 E1736.6345
G1 X164.368 Y141.518 E1736.66693
G1 X164.369 Y153.99 E1737.49657
G1 X164.404 Y154.541 E1737.53329
G1 X164.512 Y155.202 E1737.57785
G1 X164.682 Y155.838 E1737.62164
G1 X164.905 Y156.432 E1737.66384
G1 X165.248 Y157.116 E1737.71474
G1 X165.63 Y157.704 E1737.76139
G1 X166.008 Y158.17 E1737.8013
G1 X166.463 Y158.642 E1737.84491
G1 X167.016 Y159.103 E1737.8928
G1 X167.669 Y159.534 E1737.94485
G1 X168.31 Y159.855 E1737.99254
G1 X169.033 Y160.126 E1738.0439
G1 X169.732 Y160.297 E1738.09177
G1 X170.544 Y160.398 E1738.1462
G1 X170.918 Y160.407 E1738.17108
G1 X180.259 Y160.406 E1738.79245
G1 X180.897 Y160.362 E1738.83499
G1 X181.588 Y160.238 E1738.88169
G1 X182.232 Y160.047 E1738.92637
G1 X182.788 Y159.83 E1738.96608
G1 X183.393 Y159.516 E1739.01142
G1 X183.965 Y159.145 E1739.05677
G1 X184.431 Y158.768 E1739.09664
G1 X184.904 Y158.312 E1739.14035
G1 X185.365 Y157.759 E1739.18824
G1 X185.788 Y157.119 E1739.23927
G1 X186.077 Y156.556 E1739.28137
G1 X186.354 Y155.848 E1739.33194
G1 X186.53 Y155.181 E1739.37783
G1 X186.638 Y154.495 E1739.42402
G1 X186.669 Y153.905 E1739.46332
G1 X186.668 Y141.42 E1740.29383
G1 X186.633 Y140.865 E1740.33082
G1 X186.527 Y140.213 E1740.37476
G1 X186.374 Y139.63 E1740.41486
G1 X186.148 Y139.012 E1740.45863
G1 X185.891 Y138.479 E1740.49799
G1 X185.592 Y137.972 E1740.53714
G1 X185.21 Y137.448 E1740.58028
G1 X184.798 Y136.983 E1740.62161
G1 X184.293 Y136.517 E1740.66732
G1 X183.679 Y136.063 E1740.71811
G1 X183.062 Y135.709 E1740.76543
G1 X182.446 Y135.432 E1740.81036
G1 X181.78 Y135.218 E1740.85689
G1 F1500 E1739.85689
G1 F300 Z0.6
G0 F7500 X139.832 Y225.6 Z0.6
G1 F300 Z0.4
G1 F1500 E1740.8835
G1 F1650 X101.065 Y225.6 E1743.46229
G0 F7500 X101.065 Y224.8
G1 F1650 X139.832 Y224.8 E1746.04108
G0 F7500 X139.832 Y224
G1 F1650 X101.065 Y224 E1748.61988
G0 F7500 X101.065 Y223.2
G1 F1650 X139.832 Y223.2 E1751.19867
G0 F7500 X139.832 Y222.4
G1 F1650 X101.065 Y222.4 E1753.77746
G0 F7500 X101.065 Y221.6
G1 F1650 X139.832 Y221.6 E1756.35625
G0 F7500 X139.832 Y220.8
G1 F1650 X101.065 Y220.8 E1758.93504
G0 F7500 X101.065 Y220
G1 F1650 X139.832 Y220 E1761.51383
G0 F7500 X139.832 Y219.2
G1 F1650 X101.065 Y219.2 E1764.09262
G0 F7500 X101.065 Y218.4
G1 F1650 X139.832 Y218.4 E1766.67141
G0 F7500 X139.832 Y217.6
G1 F1650 X106.011 Y217.6 E1768.9212
G0 F7500 X107.03 Y216.8
G1 F1650 X139.832 Y216.8 E1771.10319
G0 F7500 X139.832 Y216
G1 F1650 X107.716 Y216 E1773.23956
G0 F7500 X108.182 Y215.2
G1 F1650 X139.832 Y215.2 E1775.34493
G0 F7500 X139.834 Y214.4
G1 F1650 X108.478 Y214.4 E1777.43074
G0 F7500 X108.648 Y213.6
G1 F1650 X139.899 Y213.6 E1779.50956
G0 F7500 X140.055 Y212.8
G1 F1650 X108.69 Y212.8 E1781.59597
G0 F7500 X108.621 Y212
G1 F1650 X140.313 Y212 E1783.70413
G0 F7500 X140.684 Y211.2
G1 F1650 X108.437 Y211.2 E1785.84921
G0 F7500 X108.111 Y210.4
G1 F1650 X141.208 Y210.4 E1788.05083
G0 F7500 X141.902 Y209.6
G1 F1650 X107.616 Y209.6 E1790.33154
G0 F7500 X106.901 Y208.8
G1 F1650 X142.886 Y208.8 E1792.72528
G1 F1500 E1791.72528
G1 F300 Z0.6
G0 F7500 X144.499 Y208 Z0.6
G1 F300 Z0.4
G1 F1500 E1792.75188
G1 F1650 X105.75 Y208 E1795.32948
G1 F1500 E1794.32948
G1 F300 Z0.6
G0 F7500 X101.064 Y207.2 Z0.6
G1 F300 Z0.4
G1 F1500 E1795.35609
G1 F1650 X198.935 Y207.2 E1801.86649
G0 F7500 X198.935 Y206.4
G1 F1650 X101.064 Y206.4 E1808.3769
G0 F7500 X101.064 Y205.6
G1 F1650 X198.935 Y205.6 E1814.8873
G0 F7500 X198.935 Y204.8
G1 F1650 X101.064 Y204.8 E1821.39771
G0 F7500 X101.064 Y204
G1 F1650 X198.935 Y204 E1827.90811
G0 F7500 X198.935 Y203.2
G1 F1650 X101.064 Y203.2 E1834.41852
G0 F7500 X101.064 Y202.4
G1 F1650 X198.935 Y202.4 E1840.92892
G0 F7500 X198.935 Y201.6
G1 F1650 X101.064 Y201.6 E1847.43933
G0 F7500 X101.064 Y200.8
G1 F1650 X198.935 Y200.8 E1853.94973
G0 F7500 X198.935 Y200
G1 F1650 X101.064 Y200 E1860.46014
G0 F7500 X101.064 Y199.2
G1 F1650 X198.935 Y199.2 E1866.97054
G0 F7500 X198.935 Y198.4
G1 F1650 X101.064 Y198.4 E1873.48095
G0 F7500 X101.064 Y197.6
G1 F1650 X198.935 Y197.6 E1879.99136
G0 F7500 X198.935 Y196.8
G1 F1650 X101.064 Y196.8 E1886.50176
G0 F7500 X101.064 Y196
G1 F1650 X198.935 Y196 E1893.01217
G0 F7500 X198.935 Y195.2
G1 F1650 X101.064 Y195.2 E1899.52257
G0 F7500 X101.064 Y194.4
G1 F1650 X198.935 Y194.4 E1906.03298
G0 F7500 X198.935 Y193.6
G1 F1650 X101.064 Y193.6 E1912.54338
G0 F7500 X101.064 Y192.8
G1 F1650 X198.935 Y192.8 E1919.05379
G0 F7500 X198.935 Y192
G1 F1650 X101.064 Y192 E1925.56419
G0 F7500 X101.064 Y191.2
G1 F1650 X198.935 Y191.2 E1932.0746
G0 F7500 X198.935 Y190.4
G1 F1650 X101.064 Y190.4 E1938.585
G0 F7500 X101.064 Y189.6
G1 F1650 X198.935 Y189.6 E1945.09541
G0 F7500 X198.935 Y188.8
G1 F1650 X101.064 Y188.8 E1951.60581
G0 F7500 X101.064 Y188
G1 F1650 X198.935 Y188 E1958.11622
G0 F7500 X198.935 Y187.2
G1 F1650 X101.064 Y187.2 E1964.62662
G0 F7500 X101.064 Y186.4
G1 F1650 X198.935 Y186.4 E1971.13703
G0 F7500 X198.935 Y185.6
G1 F1650 X101.064 Y185.6 E1977.64744
G0 F7500 X101.064 Y184.8
G1 F1650 X198.935 Y184.8 E1984.15784
G0 F7500 X198.935 Y184
G1 F1650 X101.064 Y184 E1990.66825
G0 F7500 X101.064 Y183.2
G1 F1650 X198.935 Y183.2 E1997.17865
G0 F7500 X198.935 Y182.4
G1 F1650 X101.064 Y182.4 E2003.68906
G0 F7500 X101.064 Y181.6
G1 F1650 X198.935 Y181.6 E2010.19946
G0 F7500 X198.935 Y180.8
G1 F1650 X101.064 Y180.8 E2016.70987
G0 F7500 X101.064 Y180
G1 F1650 X198.935 Y180 E2023.22027
G0 F7500 X198.935 Y179.2
G1 F1650 X101.064 Y179.2 E2029.73068
G0 F7500 X101.064 Y178.4
G1 F1650 X198.935 Y178.4 E2036.24108
G0 F7500 X198.935 Y177.6
G1 F1650 X101.064 Y177.6 E2042.75149
G0 F7500 X101.064 Y176.8
G1 F1650 X198.935 Y176.8 E2049.26189
G0 F7500 X198.935 Y176
G1 F1650 X101.064 Y176 E2055.7723
G0 F7500 X101.064 Y175.2
G1 F1650 X198.935 Y175.2 E2062.28271
G0 F7500 X198.935 Y174.4
G1 F1650 X101.064 Y174.4 E2068.79311
G0 F7500 X101.064 Y173.6
G1 F1650 X198.935 Y173.6 E2075.30352
G0 F7500 X198.935 Y172.8
G1 F1650 X101.064 Y172.8 E2081.81392
G0 F7500 X101.064 Y172
G1 F1650 X198.935 Y172 E2088.32433
G0 F7500 X198.935 Y171.2
G1 F1650 X101.064 Y171.2 E2094.83473
G0 F7500 X101.064 Y170.4
G1 F1650 X198.935 Y170.4 E2101.34514
G0 F7500 X198.935 Y169.6
G1 F1650 X101.064 Y169.6 E2107.85554
G0 F7500 X101.064 Y168.8
G1 F1650 X198.935 Y168.8 E2114.36595
G0 F7500 X198.935 Y168
G1 F1650 X101.064 Y168 E2120.87635
G0 F7500 X101.064 Y167.2
G1 F1650 X198.935 Y167.2 E2127.38676
G0 F7500 X198.935 Y166.4
G1 F1650 X101.064 Y166.4 E2133.89716
G0 F7500 X101.064 Y165.6
G1 F1650 X198.935 Y165.6 E2140.40757
G0 F7500 X198.935 Y164.8
G1 F1650 X101.064 Y164.8 E2146.91797
G0 F7500 X101.064 Y164
G1 F1650 X198.935 Y164 E2153.42838
G0 F7500 X198.935 Y163.2
G1 F1650 X101.064 Y163.2 E2159.93879
G0 F7500 X101.064 Y162.4
G1 F1650 X198.935 Y162.4 E2166.44919
G0 F7500 X198.935 Y161.6
G1 F1650 X101.064 Y161.6 E2172.9596
G0 F7500 X101.064 Y160.8
G1 F1650 X198.935 Y160.8 E2179.47
G0 F7500 X198.935 Y160
G1 F1650 X183.155 Y160 E2180.51969
G0 F7500 X184.406 Y159.2
G1 F1650 X198.935 Y159.2 E2181.48616
G0 F7500 X198.935 Y158.4
G1 F1650 X185.247 Y158.4 E2182.39669
G0 F7500 X185.854 Y157.6
G1 F1650 X198.935 Y157.6 E2183.26685
G0 F7500 X198.935 Y156.8
G1 F1650 X186.312 Y156.8 E2184.10653
G0 F7500 X186.638 Y156
G1 F1650 X198.935 Y156 E2184.92453
G0 F7500 X198.935 Y155.2
G1 F1650 X186.851 Y155.2 E2185.72836
G0 F7500 X186.963 Y154.4
G1 F1650 X198.935 Y154.4 E2186.52474
G0 F7500 X198.935 Y153.6
G1 F1650 X186.988 Y153.6 E2187.31946
G0 F7500 X186.988 Y152.8
G1 F1650 X198.935 Y152.8 E2188.11418
G0 F7500 X198.935 Y152
G1 F1650 X186.988 Y152 E2188.9089
G0 F7500 X186.988 Y151.2
G1 F1650 X198.935 Y151.2 E2189.70361
G0 F7500 X198.935 Y150.4
G1 F1650 X186.988 Y150.4 E2190.49833
G0 F7500 X186.988 Y149.6
G1 F1650 X198.935 Y149.6 E2191.29305
G0 F7500 X198.935 Y148.8
G1 F1650 X186.988 Y148.8 E2192.08777
G0 F7500 X186.988 Y148
G1 F1650 X198.935 Y148 E2192.88248
G0 F7500 X198.935 Y147.2
G1 F1650 X186.988 Y147.2 E2193.6772
G0 F7500 X186.988 Y146.4
G1 F1650 X198.935 Y146.4 E2194.47192
G0 F7500 X198.935 Y145.6
G1 F1650 X186.988 Y145.6 E2195.26664
G0 F7500 X186.988 Y144.8
G1 F1650 X198.935 Y144.8 E2196.06135
G0 F7500 X198.935 Y144
G1 F1650 X186.988 Y144 E2196.85607
G0 F7500 X186.988 Y143.2
G1 F1650 X198.935 Y143.2 E2197.65079
G0 F7500 X198.935 Y142.4
G1 F1650 X186.988 Y142.4 E2198.44551
G0 F7500 X186.988 Y141.6
G1 F1650 X198.935 Y141.6 E2199.24022
G0 F7500 X198.935 Y140.8
G1 F1650 X186.946 Y140.8 E2200.03774
G0 F7500 X186.802 Y140
G1 F1650 X198.935 Y140 E2200.84483
G0 F7500 X198.935 Y139.2
G1 F1650 X186.557 Y139.2 E2201.66821
G0 F7500 X186.208 Y138.4
G1 F1650 X198.935 Y138.4 E2202.51482
G0 F7500 X198.935 Y137.6
G1 F1650 X185.717 Y137.6 E2203.39408
G0 F7500 X185.063 Y136.8
G1 F1650 X198.935 Y136.8 E2204.31685
G0 F7500 X198.935 Y136
G1 F1650 X184.131 Y136 E2205.30162
G1 F1500 E2204.30162
G1 F300 Z0.6
G0 F7500 X182.71 Y135.2 Z0.6
G1 F300 Z0.4
G1 F1500 E2205.32823
G1 F1650 X198.935 Y135.2 E2206.40752
G0 F7500 X198.935 Y134.4
G1 F1650 X101.064 Y134.4 E2212.91792
G0 F7500 X101.064 Y133.6
G1 F1650 X198.935 Y133.6 E2219.42833
G0 F7500 X198.935 Y132.8
G1 F1650 X101.064 Y132.8 E2225.93873
G0 F7500 X101.064 Y132
G1 F1650 X198.935 Y132 E2232.44914
G0 F7500 X198.935 Y131.2
G1 F1650 X101.064 Y131.2 E2238.95954
G0 F7500 X101.064 Y130.4
G1 F1650 X198.935 Y130.4 E2245.46995
G0 F7500 X198.935 Y129.6
G1 F1650 X101.064 Y129.6 E2251.98036
G0 F7500 X101.064 Y128.8
G1 F1650 X198.935 Y128.8 E2258.49076
G0 F7500 X198.935 Y128
G1 F1650 X101.064 Y128 E2265.00117
G0 F7500 X101.064 Y127.2
G1 F1650 X198.935 Y127.2 E2271.51157
G0 F7500 X198.935 Y126.4
G1 F1650 X101.064 Y126.4 E2278.02198
G0 F7500 X101.064 Y125.6
G1 F1650 X198.935 Y125.6 E2284.53238
G0 F7500 X198.935 Y124.8
G1 F1650 X101.064 Y124.8 E2291.04279
G0 F7500 X101.064 Y124
G1 F1650 X198.935 Y124 E2297.55319
G0 F7500 X198.935 Y123.2
G1 F1650 X101.064 Y123.2 E2304.0636
G0 F7500 X101.064 Y122.4
G1 F1650 X198.935 Y122.4 E2310.574
G0 F7500 X198.935 Y121.6
G1 F1650 X101.064 Y121.6 E2317.08441
G0 F7500 X101.064 Y120.8
G1 F1650 X198.935 Y120.8 E2323.59481
G0 F7500 X198.935 Y120
G1 F1650 X101.064 Y120 E2330.10522
G0 F7500 X101.064 Y119.2
G1 F1650 X198.935 Y119.2 E2336.61563
G0 F7500 X198.935 Y118.4
G1 F1650 X101.065 Y118.4 E2343.12596
G0 F7500 X101.065 Y117.6
G1 F1650 X198.935 Y117.6 E2349.6363
G0 F7500 X198.935 Y116.8
G1 F1650 X101.065 Y116.8 E2356.14664
G0 F7500 X101.065 Y116
G1 F1650 X198.935 Y116 E2362.65698
G0 F7500 X198.935 Y115.2
G1 F1650 X101.065 Y115.2 E2369.16732
G0 F7500 X101.065 Y114.4
G1 F1650 X198.935 Y114.4 E2375.67766
G0 F7500 X198.935 Y113.6
G1 F1650 X101.065 Y113.6 E2382.188
G0 F7500 X101.065 Y112.8
G1 F1650 X198.935 Y112.8 E2388.69834
G0 F7500 X198.935 Y112
G1 F1650 X101.065 Y112 E2395.20867
G0 F7500 X101.065 Y111.2
G1 F1650 X198.935 Y111.2 E2401.71901
G0 F7500 X198.935 Y110.4
G1 F1650 X101.065 Y110.4 E2408.22935
G0 F7500 X101.065 Y109.6
G1 F1650 X198.935 Y109.6 E2414.73969
G0 F7500 X198.935 Y108.8
G1 F1650 X101.065 Y108.8 E2421.25003
G0 F7500 X101.065 Y108
G1 F1650 X198.935 Y108 E2427.76037
G0 F7500 X198.935 Y107.2
G1 F1650 X101.065 Y107.2 E2434.27071
G0 F7500 X101.065 Y106.4
G1 F1650 X198.935 Y106.4 E2440.78105
G0 F7500 X198.935 Y105.6
G1 F1650 X101.065 Y105.6 E2447.29139
G0 F7500 X101.065 Y104.8
G1 F1650 X198.935 Y104.8 E2453.80172
G0 F7500 X198.935 Y104
G1 F1650 X101.065 Y104 E2460.31206
G0 F7500 X101.065 Y103.2
G1 F1650 X198.935 Y103.2 E2466.8224
G0 F7500 X198.935 Y102.4
G1 F1650 X101.065 Y102.4 E2473.33274
G0 F7500 X101.065 Y101.6
G1 F1650 X198.935 Y101.6 E2479.84308
G0 F7500 X198.935 Y100.8
G1 F1650 X101.065 Y100.8 E2486.35342
G0 F7500 X101.065 Y100
G1 F1650 X198.935 Y100 E2492.86376
G0 F7500 X198.935 Y99.2
G1 F1650 X101.065 Y99.2 E2499.3741
G0 F7500 X101.065 Y98.4
G1 F1650 X198.935 Y98.4 E2505.88443
G1 F1500 E2504.88443
G1 F300 Z0.6
G0 F7500 X194.049 Y97.6 Z0.6
G1 F300 Z0.4
G1 F1500 E2505.91104
G1 F1650 X105.962 Y97.6 E2511.77061
G0 F7500 X107.026 Y96.8
G1 F1650 X192.977 Y96.8 E2517.4881
G0 F7500 X192.299 Y96
G1 F1650 X107.699 Y96 E2523.11571
G0 F7500 X108.164 Y95.2
G1 F1650 X191.832 Y95.2 E2528.68133
G0 F7500 X191.533 Y94.4
G1 F1650 X108.472 Y94.4 E2534.20657
G0 F7500 X108.647 Y93.6
G1 F1650 X191.361 Y93.6 E2539.70873
G0 F7500 X191.3 Y92.8
G1 F1650 X108.709 Y92.8 E2545.2027
G0 F7500 X108.636 Y92
G1 F1650 X191.363 Y92 E2550.70573
G0 F7500 X191.553 Y91.2
G1 F1650 X108.439 Y91.2 E2556.23449
G0 F7500 X108.116 Y90.4
G1 F1650 X191.878 Y90.4 E2561.80636
G0 F7500 X192.361 Y89.6
G1 F1650 X107.634 Y89.6 E2567.44243
G0 F7500 X106.924 Y88.8
G1 F1650 X193.091 Y88.8 E2573.17428
G0 F7500 X194.215 Y88
G1 F1650 X105.776 Y88 E2579.05726
G1 F1500 E2578.05726
G1 F300 Z0.6
G0 F7500 X101.065 Y87.2 Z0.6
G1 F300 Z0.4
G1 F1500 E2579.08387
G1 F1650 X198.934 Y87.2 E2585.59414
G0 F7500 X198.934 Y86.4
G1 F1650 X101.065 Y86.4 E2592.10442
G0 F7500 X101.065 Y85.6
G1 F1650 X198.934 Y85.6 E2598.61469
G0 F7500 X198.934 Y84.8
G1 F1650 X101.065 Y84.8 E2605.12496
G0 F7500 X101.065 Y84
G1 F1650 X198.934 Y84 E2611.63523
G0 F7500 X198.934 Y83.2
G1 F1650 X101.065 Y83.2 E2618.14551
G0 F7500 X101.065 Y82.4
G1 F1650 X198.934 Y82.4 E2624.65578
G0 F7500 X198.934 Y81.6
G1 F1650 X101.065 Y81.6 E2631.16605
G0 F7500 X101.065 Y80.8
G1 F1650 X198.934 Y80.8 E2637.67632
G0 F7500 X198.934 Y80
G1 F1650 X101.065 Y80 E2644.1866
G0 F7500 X101.065 Y79.2
G1 F1650 X198.934 Y79.2 E2650.69687
G0 F7500 X198.934 Y78.4
G1 F1650 X101.065 Y78.4 E2657.20714
G0 F7500 X101.065 Y77.6
G1 F1650 X198.934 Y77.6 E2663.71741
G0 F7500 X198.934 Y76.8
G1 F1650 X101.065 Y76.8 E2670.22768
G0 F7500 X101.065 Y76
G1 F1650 X198.934 Y76 E2676.73796
G0 F7500 X198.934 Y75.2
G1 F1650 X101.065 Y75.2 E2683.24823
G0 F7500 X101.065 Y74.4
G1 F1650 X198.934 Y74.4 E2689.7585
G1 F1500 E2688.7585
G1 F300 Z0.6
G0 F7500 X168.341 Y135.2 Z0.6
G1 F300 Z0.4
G1 F1500 E2689.78511
G1 F1650 X101.064 Y135.2 E2694.26039
G0 F7500 X101.064 Y136
G1 F1650 X166.889 Y136 E2698.63909
G0 F7500 X165.977 Y136.8
G1 F1650 X101.064 Y136.8 E2702.95712
G0 F7500 X101.064 Y137.6
G1 F1650 X165.319 Y137.6 E2707.23138
G0 F7500 X164.833 Y138.4
G1 F1650 X101.064 Y138.4 E2711.47331
G0 F7500 X101.064 Y139.2
G1 F1650 X164.478 Y139.2 E2715.69163
G0 F7500 X164.239 Y140
G1 F1650 X101.064 Y140 E2719.89405
G0 F7500 X101.064 Y140.8
G1 F1650 X164.095 Y140.8 E2724.08689
G0 F7500 X164.049 Y141.6
G1 F1650 X101.064 Y141.6 E2728.27666
G0 F7500 X101.064 Y142.4
G1 F1650 X164.049 Y142.4 E2732.46644
G0 F7500 X164.049 Y143.2
G1 F1650 X101.064 Y143.2 E2736.65622
G0 F7500 X101.064 Y144
G1 F1650 X164.049 Y144 E2740.846
G0 F7500 X164.049 Y144.8
G1 F1650 X101.064 Y144.8 E2745.03578
G0 F7500 X101.064 Y145.6
G1 F1650 X164.049 Y145.6 E2749.22556
G0 F7500 X164.049 Y146.4
G1 F1650 X101.064 Y146.4 E2753.41534
G0 F7500 X101.064 Y147.2
G1 F1650 X164.049 Y147.2 E2757.60512
G0 F7500 X164.049 Y148
G1 F1650 X101.064 Y148 E2761.7949
G0 F7500 X101.064 Y148.8
G1 F1650 X164.049 Y148.8 E2765.98468
G0 F7500 X164.049 Y149.6
G1 F1650 X101.064 Y149.6 E2770.17446
G0 F7500 X101.064 Y150.4
G1 F1650 X164.049 Y150.4 E2774.36424
G0 F7500 X164.049 Y151.2
G1 F1650 X101.064 Y151.2 E2778.55402
G0 F7500 X101.064 Y152
G1 F1650 X164.049 Y152 E2782.74379
G0 F7500 X164.049 Y152.8
G1 F1650 X101.064 Y152.8 E2786.93357
G0 F7500 X101.064 Y153.6
G1 F1650 X164.049 Y153.6 E2791.12335
G0 F7500 X164.075 Y154.4
G1 F1650 X101.064 Y154.4 E2795.31486
G0 F7500 X101.064 Y155.2
G1 F1650 X164.188 Y155.2 E2799.51389
G0 F7500 X164.402 Y156
G1 F1650 X101.064 Y156 E2803.72715
G0 F7500 X101.064 Y156.8
G1 F1650 X164.733 Y156.8 E2807.96243
G0 F7500 X165.181 Y157.6
G1 F1650 X101.064 Y157.6 E2812.22751
G0 F7500 X101.064 Y158.4
G1 F1650 X165.787 Y158.4 E2816.5329
G0 F7500 X166.632 Y159.2
G1 F1650 X101.064 Y159.2 E2820.8945
G0 F7500 X101.064 Y160
G1 F1650 X167.887 Y160 E2825.33958
G1 F1500 E2824.33958
G1 F300 Z0.6
G0 F7500 X158.756 Y208 Z0.6
G1 F300 Z0.4
G1 F1500 E2825.36619
G1 F1650 X194.237 Y208 E2827.7264
G0 F7500 X193.091 Y208.8
G1 F1650 X160.361 Y208.8 E2829.90361
G0 F7500 X161.341 Y209.6
G1 F1650 X192.379 Y209.6 E2831.96826
G0 F7500 X191.889 Y210.4
G1 F1650 X162.041 Y210.4 E2833.95376
G0 F7500 X162.561 Y211.2
G1 F1650 X191.569 Y211.2 E2835.88338
G1 F1500 E2834.88338
G1 F300 Z0.6
G0 F7500 X184.836 Y212 Z0.6
G1 F300 Z0.4
G1 F1500 E2835.90999
G1 F1650 X162.934 Y212 E2837.36691
G0 F7500 X163.191 Y212.8
G1 F1650 X182.91 Y212.8 E2838.67863
G0 F7500 X181.835 Y213.6
G1 F1650 X163.353 Y213.6 E2839.90806
G0 F7500 X163.418 Y214.4
G1 F1650 X181.074 Y214.4 E2841.08254
G0 F7500 X180.532 Y215.2
G1 F1650 X163.418 Y215.2 E2842.22096
G0 F7500 X163.418 Y216
G1 F1650 X180.12 Y216 E2843.33199
G0 F7500 X179.832 Y216.8
G1 F1650 X163.418 Y216.8 E2844.42385
G0 F7500 X163.418 Y217.6
G1 F1650 X179.661 Y217.6 E2845.50434
G0 F7500 X179.578 Y218.4
G1 F1650 X163.418 Y218.4 E2846.57931
G0 F7500 X163.418 Y219.2
G1 F1650 X179.568 Y219.2 E2847.65361
G0 F7500 X179.568 Y220
G1 F1650 X163.418 Y220 E2848.72791
G0 F7500 X163.418 Y220.8
G1 F1650 X179.568 Y220.8 E2849.80221
G0 F7500 X179.568 Y221.6
G1 F1650 X163.418 Y221.6 E2850.87652
G0 F7500 X163.418 Y222.4
G1 F1650 X179.568 Y222.4 E2851.95082
G0 F7500 X179.568 Y223.2
G1 F1650 X163.418 Y223.2 E2853.02512
G0 F7500 X163.418 Y224
G1 F1650 X179.568 Y224 E2854.09942
G0 F7500 X179.568 Y224.8
G1 F1650 X163.418 Y224.8 E2855.17373
G0 F7500 X163.418 Y225.6
G1 F1650 X179.568 Y225.6 E2856.24803
G1 F1500 E2855.24803
G1 F300 Z0.6
G0 F7500 X199.071 Y226.623 Z0.6
G1 F300 Z0.4
G1 F1500 E2856.27464
G1 F1650 X199.071 Y218.541 E2856.81225
G1 X199.036 Y217.98 E2856.84964
G1 X198.966 Y217.563 E2856.87777
G1 X199.255 Y217.432 E2856.89888
G1 X199.255 Y226.623 E2857.51027
G1 X199.071 Y226.623 E2857.5225
G1 F1500 E2856.5225
G1 F300 Z0.6
;MESH:NONMESH
G0 F7500 X106.502 Y91.428 Z0.6
;TIME_ELAPSED:1943.733393
;LAYER:2
;TYPE:WALL-INNER
;MESH:Top of Case.STL
G1 F300 Z0.6
G1 F1500 E2857.54911
G1 F2400 X106.221 Y90.907 E2857.58849
G1 X105.915 Y90.498 E2857.62247
G1 X105.541 Y90.124 E2857.65765
G1 X105.008 Y89.744 E2857.7012
G1 X104.538 Y89.517 E2857.73592
G1 X104.013 Y89.351 E2857.77254
G1 X103.559 Y89.281 E2857.8031
G1 X103.291 Y89.261 E2857.82098
G1 X102.754 Y89.285 E2857.85673
G1 X102.163 Y89.41 E2857.89692
G1 X101.672 Y89.599 E2857.93191
G1 X101.198 Y89.869 E2857.9682
G1 X100.788 Y90.186 E2858.00268
G1 X100.392 Y90.608 E2858.04117
G1 X100.006 Y91.201 E2858.08824
G1 X99.786 Y91.736 E2858.12672
G1 X99.659 Y92.25 E2858.16194
G1 X99.605 Y92.915 E2858.20632
G1 X99.686 Y93.611 E2858.25293
G1 X99.928 Y94.342 E2858.30415
G1 X100.221 Y94.859 E2858.34368
G1 X100.541 Y95.263 E2858.37797
G1 X100.995 Y95.691 E2858.41947
G1 X101.562 Y96.048 E2858.46404
G1 X102.096 Y96.268 E2858.50246
G1 X102.65 Y96.401 E2858.54036
G1 X103.309 Y96.443 E2858.58428
G1 X103.824 Y96.387 E2858.61874
G1 X104.311 Y96.267 E2858.65211
G1 X104.778 Y96.077 E2858.68565
G1 X105.208 Y95.828 E2858.7187
G1 X105.613 Y95.514 E2858.75279
G1 X106.004 Y95.097 E2858.79081
G1 X106.365 Y94.553 E2858.83424
G1 X106.578 Y94.072 E2858.86924
G1 X106.714 Y93.59 E2858.90255
G1 X106.788 Y93.051 E2858.93874
G1 X106.779 Y92.521 E2858.974
G1 X106.685 Y91.974 E2859.01092
G1 X106.502 Y91.428 E2859.04923
G0 F9000 X105.765 Y91.747
G1 F2400 X105.545 Y91.339 E2859.08006
G1 X105.309 Y91.023 E2859.1063
G1 X105.023 Y90.737 E2859.1332
G1 X104.599 Y90.435 E2859.16783
G1 X104.242 Y90.262 E2859.19422
G1 X103.83 Y90.132 E2859.22296
G1 X103.468 Y90.076 E2859.24733
G1 X103.279 Y90.062 E2859.25993
G1 X102.855 Y90.081 E2859.28817
G1 X102.391 Y90.179 E2859.31971
G1 X102.016 Y90.324 E2859.34646
G1 X101.643 Y90.536 E2859.375
G1 X101.328 Y90.78 E2859.4015
G1 X101.024 Y91.104 E2859.43106
G1 X100.717 Y91.575 E2859.46845
G1 X100.548 Y91.985 E2859.49795
G1 X100.451 Y92.379 E2859.52495
G1 X100.409 Y92.901 E2859.55978
G1 X100.471 Y93.437 E2859.59567
G1 X100.663 Y94.016 E2859.63625
G1 X100.887 Y94.411 E2859.66646
G1 X101.132 Y94.721 E2859.69274
G1 X101.487 Y95.055 E2859.72517
G1 X101.931 Y95.335 E2859.76008
G1 X102.343 Y95.505 E2859.78973
G1 X102.769 Y95.607 E2859.81887
G1 X103.291 Y95.64 E2859.85366
G1 X103.685 Y95.597 E2859.88003
G1 X104.064 Y95.504 E2859.90599
G1 X104.425 Y95.357 E2859.93191
G1 X104.76 Y95.163 E2859.95767
G1 X105.073 Y94.92 E2859.98402
G1 X105.375 Y94.599 E2860.01334
G1 X105.661 Y94.167 E2860.04781
G1 X105.824 Y93.8 E2860.07452
G1 X105.929 Y93.427 E2860.1003
G1 X105.987 Y93.003 E2860.12876
G1 X105.98 Y92.596 E2860.15584
G1 X105.907 Y92.17 E2860.18459
G1 X105.765 Y91.747 E2860.21427
G0 F9000 X105.028 Y92.066
;TYPE:WALL-OUTER
G1 F2400 X104.869 Y91.77 E2860.23662
G1 X104.703 Y91.548 E2860.25506
G1 X104.505 Y91.35 E2860.27369
G1 X104.19 Y91.126 E2860.2994
G1 X103.945 Y91.007 E2860.31752
G1 X103.647 Y90.913 E2860.3383
G1 X103.377 Y90.871 E2860.35648
G1 X103.268 Y90.863 E2860.36375
G1 X102.956 Y90.877 E2860.38453
G1 X102.62 Y90.948 E2860.40737
G1 X102.36 Y91.049 E2860.42593
G1 X102.088 Y91.203 E2860.44672
G1 X101.868 Y91.374 E2860.46525
G1 X101.655 Y91.6 E2860.48591
G1 X101.428 Y91.949 E2860.51361
G1 X101.31 Y92.235 E2860.53419
G1 X101.243 Y92.507 E2860.55282
G1 X101.213 Y92.887 E2860.57818
G1 X101.256 Y93.264 E2860.60342
G1 X101.397 Y93.689 E2860.6332
G1 X101.553 Y93.963 E2860.65418
G1 X101.723 Y94.179 E2860.67246
G1 X101.979 Y94.419 E2860.6958
G1 X102.3 Y94.622 E2860.72107
G1 X102.59 Y94.742 E2860.74195
G1 X102.888 Y94.813 E2860.76232
G1 X103.272 Y94.837 E2860.78792
G1 X103.546 Y94.807 E2860.80625
G1 X103.817 Y94.741 E2860.82481
G1 X104.072 Y94.637 E2860.84313
G1 X104.312 Y94.498 E2860.86158
G1 X104.533 Y94.326 E2860.8802
G1 X104.746 Y94.1 E2860.90086
G1 X104.957 Y93.782 E2860.92625
G1 X105.069 Y93.528 E2860.94471
G1 X105.144 Y93.263 E2860.96304
G1 X105.186 Y92.956 E2860.98365
G1 X105.181 Y92.671 E2861.00261
G1 X105.129 Y92.366 E2861.02319
G1 X105.028 Y92.066 E2861.04425
G0 F9000 X105.835 Y91.717
G1 F1500 E2860.04425
G1 F300 Z0.8
G0 F9000 X105.517 Y210.119 Z0.8
;TYPE:WALL-INNER
G1 F300 Z0.6
G1 F1500 E2861.07085
G1 F2400 X105.104 Y209.819 E2861.10481
G1 X104.647 Y209.577 E2861.13921
G1 X104.117 Y209.392 E2861.17655
G1 X103.5 Y209.286 E2861.2182
G1 X103.168 Y209.275 E2861.24029
G1 X102.692 Y209.309 E2861.27204
G1 X102.157 Y209.427 E2861.30848
G1 X101.662 Y209.619 E2861.3438
G1 X101.093 Y209.954 E2861.38772
G1 X100.588 Y210.397 E2861.43241
G1 X100.244 Y210.82 E2861.46868
G1 X99.923 Y211.39 E2861.51219
G1 X99.747 Y211.882 E2861.54695
G1 X99.641 Y212.379 E2861.58075
G1 X99.607 Y212.953 E2861.619
G1 X99.691 Y213.642 E2861.66518
G1 X99.846 Y214.154 E2861.70076
G1 X100.073 Y214.634 E2861.73608
G1 X100.471 Y215.205 E2861.78238
G1 X100.887 Y215.612 E2861.82109
G1 X101.297 Y215.911 E2861.85485
G1 X101.753 Y216.153 E2861.88919
G1 X102.285 Y216.34 E2861.9267
G1 X102.93 Y216.448 E2861.9702
G1 X103.452 Y216.448 E2862.00493
G1 X103.954 Y216.377 E2862.03865
G1 X104.441 Y216.237 E2862.07236
G1 X104.898 Y216.031 E2862.10571
G1 X105.355 Y215.739 E2862.14178
G1 X105.747 Y215.401 E2862.17621
G1 X106.097 Y214.988 E2862.21222
G1 X106.352 Y214.588 E2862.24378
G1 X106.581 Y214.081 E2862.28078
G1 X106.736 Y213.499 E2862.32085
G1 X106.791 Y212.983 E2862.35537
G1 X106.761 Y212.367 E2862.39639
G1 X106.636 Y211.814 E2862.43411
G1 X106.453 Y211.342 E2862.46778
G1 X106.213 Y210.91 E2862.50066
G1 X105.908 Y210.504 E2862.53443
G1 X105.517 Y210.119 E2862.57094
G0 F9000 X104.998 Y210.731
G1 F2400 X104.679 Y210.499 E2862.59717
G1 X104.326 Y210.312 E2862.62375
G1 X103.916 Y210.169 E2862.65263
G1 X103.419 Y210.084 E2862.68617
G1 X103.183 Y210.076 E2862.70188
G1 X102.807 Y210.103 E2862.72696
G1 X102.389 Y210.195 E2862.75543
G1 X102.012 Y210.341 E2862.78232
G1 X101.564 Y210.605 E2862.81691
G1 X101.166 Y210.954 E2862.85212
G1 X100.908 Y211.272 E2862.87936
G1 X100.653 Y211.724 E2862.91388
G1 X100.518 Y212.101 E2862.94052
G1 X100.436 Y212.486 E2862.96671
G1 X100.41 Y212.928 E2862.99616
G1 X100.477 Y213.476 E2863.03288
G1 X100.595 Y213.866 E2863.05999
G1 X100.768 Y214.232 E2863.08692
G1 X101.084 Y214.686 E2863.12371
G1 X101.405 Y215 E2863.15358
G1 X101.722 Y215.231 E2863.17968
G1 X102.075 Y215.418 E2863.20625
G1 X102.485 Y215.562 E2863.23516
G1 X102.997 Y215.648 E2863.26969
G1 X103.396 Y215.648 E2863.29623
G1 X103.786 Y215.593 E2863.32243
G1 X104.164 Y215.484 E2863.3486
G1 X104.517 Y215.325 E2863.37435
G1 X104.876 Y215.096 E2863.40268
G1 X105.177 Y214.836 E2863.42914
G1 X105.452 Y214.512 E2863.45741
G1 X105.647 Y214.206 E2863.48154
G1 X105.825 Y213.812 E2863.5103
G1 X105.947 Y213.353 E2863.5419
G1 X105.989 Y212.96 E2863.56819
G1 X105.965 Y212.475 E2863.60049
G1 X105.869 Y212.048 E2863.6296
G1 X105.727 Y211.683 E2863.65566
G1 X105.54 Y211.346 E2863.68129
G1 X105.304 Y211.032 E2863.70742
G1 X104.998 Y210.731 E2863.73598
G0 F9000 X104.479 Y211.343
;TYPE:WALL-OUTER
G1 F2400 X104.254 Y211.179 E2863.7545
G1 X104.005 Y211.047 E2863.77324
G1 X103.716 Y210.946 E2863.79361
G1 X103.338 Y210.882 E2863.81911
G1 X103.198 Y210.877 E2863.82843
G1 X102.922 Y210.897 E2863.84684
G1 X102.62 Y210.963 E2863.8674
G1 X102.362 Y211.063 E2863.88581
G1 X102.035 Y211.256 E2863.91106
G1 X101.745 Y211.51 E2863.93671
G1 X101.572 Y211.724 E2863.95501
G1 X101.383 Y212.058 E2863.98054
G1 X101.289 Y212.32 E2863.99906
G1 X101.231 Y212.593 E2864.01762
G1 X101.213 Y212.902 E2864.03821
G1 X101.263 Y213.31 E2864.06556
G1 X101.344 Y213.578 E2864.08418
G1 X101.463 Y213.83 E2864.10272
G1 X101.698 Y214.167 E2864.13005
G1 X101.923 Y214.388 E2864.15103
G1 X102.147 Y214.551 E2864.16946
G1 X102.396 Y214.683 E2864.1882
G1 X102.685 Y214.784 E2864.20857
G1 X103.064 Y214.848 E2864.23413
G1 X103.34 Y214.848 E2864.25249
G1 X103.618 Y214.809 E2864.27117
G1 X103.887 Y214.731 E2864.2898
G1 X104.136 Y214.619 E2864.30796
G1 X104.397 Y214.453 E2864.32854
G1 X104.607 Y214.271 E2864.34702
G1 X104.807 Y214.036 E2864.36755
G1 X104.942 Y213.824 E2864.38427
G1 X105.069 Y213.543 E2864.40478
G1 X105.158 Y213.207 E2864.4279
G1 X105.187 Y212.937 E2864.44597
G1 X105.169 Y212.583 E2864.46955
G1 X105.102 Y212.282 E2864.49006
G1 X105.001 Y212.024 E2864.50849
G1 X104.867 Y211.782 E2864.52689
G1 X104.701 Y211.561 E2864.54528
G1 X104.479 Y211.343 E2864.56597
G0 F9000 X105.047 Y210.672
G1 F1500 E2863.56597
G1 F300 Z0.8
G0 F9000 X197.925 Y210.312 Z0.8
;TYPE:WALL-INNER
G1 F300 Z0.6
G1 F1500 E2864.59258
G1 F2400 X197.515 Y210.169 E2864.62147
G1 X197.018 Y210.084 E2864.65501
G1 X196.78 Y210.076 E2864.67085
G1 X196.363 Y210.108 E2864.69867
G1 X195.935 Y210.211 E2864.72795
G1 X195.564 Y210.364 E2864.75465
G1 X195.13 Y210.629 E2864.78847
G1 X194.763 Y210.957 E2864.82121
G1 X194.507 Y211.272 E2864.84822
G1 X194.252 Y211.723 E2864.88268
G1 X194.117 Y212.099 E2864.90925
G1 X194.035 Y212.485 E2864.9355
G1 X194.009 Y212.928 E2864.96502
G1 X194.076 Y213.476 E2865.00175
G1 X194.194 Y213.866 E2865.02885
G1 X194.367 Y214.232 E2865.05578
G1 X194.683 Y214.686 E2865.09258
G1 X195.004 Y215 E2865.12245
G1 X195.321 Y215.231 E2865.14854
G1 X195.674 Y215.418 E2865.17511
G1 X196.084 Y215.562 E2865.20402
G1 X196.596 Y215.648 E2865.23855
G1 X196.995 Y215.648 E2865.2651
G1 X197.394 Y215.592 E2865.2919
G1 X197.882 Y215.437 E2865.32596
G1 X198.237 Y215.256 E2865.35246
G1 X198.558 Y215.031 E2865.37854
G1 X198.842 Y214.767 E2865.40433
G1 X199.092 Y214.458 E2865.43077
G1 X199.347 Y214.007 E2865.46524
G1 X199.482 Y213.631 E2865.49181
G1 X199.564 Y213.245 E2865.51806
G1 X199.59 Y212.802 E2865.54758
G1 X199.523 Y212.254 E2865.58431
G1 X199.405 Y211.864 E2865.61141
G1 X199.231 Y211.497 E2865.63843
G1 X198.913 Y211.042 E2865.67535
G1 X198.597 Y210.731 E2865.70485
G1 X198.278 Y210.499 E2865.73109
G1 X197.925 Y210.312 E2865.75766
G0 F9000 X197.604 Y211.047
;TYPE:WALL-OUTER
G1 F2400 X197.315 Y210.946 E2865.77802
G1 X196.937 Y210.882 E2865.80353
G1 X196.797 Y210.877 E2865.81284
G1 X196.488 Y210.901 E2865.83346
G1 X196.183 Y210.974 E2865.85432
G1 X195.927 Y211.08 E2865.87275
G1 X195.608 Y211.274 E2865.89759
G1 X195.344 Y211.51 E2865.92115
G1 X195.171 Y211.724 E2865.93945
G1 X194.982 Y212.058 E2865.96498
G1 X194.888 Y212.319 E2865.98343
G1 X194.83 Y212.592 E2866.002
G1 X194.812 Y212.902 E2866.02265
G1 X194.862 Y213.31 E2866.05
G1 X194.943 Y213.578 E2866.06862
G1 X195.062 Y213.83 E2866.08716
G1 X195.297 Y214.167 E2866.11449
G1 X195.522 Y214.388 E2866.13547
G1 X195.746 Y214.551 E2866.1539
G1 X195.995 Y214.683 E2866.17264
G1 X196.284 Y214.784 E2866.19301
G1 X196.663 Y214.848 E2866.21858
G1 X196.939 Y214.848 E2866.23694
G1 X197.216 Y214.809 E2866.25554
G1 X197.578 Y214.694 E2866.28081
G1 X197.824 Y214.569 E2866.29916
G1 X198.053 Y214.408 E2866.31779
G1 X198.255 Y214.22 E2866.33614
G1 X198.428 Y214.006 E2866.35445
G1 X198.617 Y213.672 E2866.37998
G1 X198.711 Y213.411 E2866.39843
G1 X198.769 Y213.138 E2866.41699
G1 X198.787 Y212.828 E2866.43765
G1 X198.737 Y212.42 E2866.46499
G1 X198.656 Y212.152 E2866.48362
G1 X198.537 Y211.9 E2866.50216
G1 X198.3 Y211.561 E2866.52967
G1 X198.078 Y211.343 E2866.55037
G1 X197.853 Y211.179 E2866.56889
G1 X197.604 Y211.047 E2866.58764
G0 F9000 X197.956 Y210.241
G1 F1500 E2865.58764
G1 F300 Z0.8
G0 F9000 X184.018 Y137.326 Z0.8
;TYPE:WALL-INNER
G1 F300 Z0.6
G1 F1500 E2866.61424
G1 F2400 X183.565 Y136.949 E2866.65345
G1 X183.075 Y136.621 E2866.69267
G1 X182.593 Y136.359 E2866.72916
G1 X182.062 Y136.135 E2866.7675
G1 X181.456 Y135.951 E2866.80963
G1 X180.835 Y135.834 E2866.85167
G1 X180.166 Y135.789 E2866.89627
G1 X170.782 Y135.79 E2867.52049
G1 X170.127 Y135.845 E2867.56422
G1 X169.475 Y135.979 E2867.6085
G1 X168.937 Y136.15 E2867.64605
G1 X168.396 Y136.383 E2867.68523
G1 X167.936 Y136.636 E2867.72015
G1 X167.473 Y136.95 E2867.75737
G1 X167.073 Y137.28 E2867.79186
G1 X166.692 Y137.658 E2867.82756
G1 X166.321 Y138.1 E2867.86595
G1 X165.989 Y138.593 E2867.90549
G1 X165.743 Y139.047 E2867.93984
G1 X165.525 Y139.551 E2867.97636
G1 X165.321 Y140.204 E2868.02187
G1 X165.213 Y140.787 E2868.06131
G1 X165.163 Y141.335 E2868.09792
G1 X165.158 Y141.562 E2868.11302
G1 X165.159 Y153.973 E2868.9386
G1 X165.191 Y154.464 E2868.97134
G1 X165.287 Y155.041 E2869.01025
G1 X165.42 Y155.549 E2869.04518
G1 X165.627 Y156.113 E2869.08514
G1 X165.881 Y156.626 E2869.12322
G1 X166.167 Y157.09 E2869.15948
G1 X166.518 Y157.554 E2869.19818
G1 X166.948 Y158.01 E2869.23987
G1 X167.399 Y158.401 E2869.27958
G1 X167.836 Y158.709 E2869.31514
G1 X168.356 Y159.004 E2869.35491
G1 X168.907 Y159.244 E2869.39489
G1 X169.479 Y159.428 E2869.43486
G1 X169.995 Y159.538 E2869.46995
G1 X170.614 Y159.61 E2869.51141
G1 X170.926 Y159.617 E2869.53217
G1 X180.252 Y159.616 E2870.15254
G1 X180.881 Y159.566 E2870.19451
G1 X181.504 Y159.443 E2870.23675
G1 X182.101 Y159.258 E2870.27833
G1 X182.733 Y158.978 E2870.32431
G1 X183.264 Y158.668 E2870.36521
G1 X183.724 Y158.331 E2870.40314
G1 X184.118 Y157.983 E2870.43811
G1 X184.54 Y157.528 E2870.47939
G1 X184.9 Y157.047 E2870.51936
G1 X185.177 Y156.589 E2870.55496
G1 X185.429 Y156.061 E2870.59388
G1 X185.632 Y155.51 E2870.63294
G1 X185.784 Y154.883 E2870.67586
G1 X185.866 Y154.227 E2870.71983
G1 X185.879 Y153.864 E2870.744
G1 X185.878 Y141.412 E2871.57231
G1 X185.823 Y140.764 E2871.61557
G1 X185.704 Y140.163 E2871.65632
G1 X185.525 Y139.582 E2871.69676
G1 X185.301 Y139.059 E2871.73461
G1 X185.081 Y138.645 E2871.7658
G1 X184.761 Y138.158 E2871.80456
G1 X184.429 Y137.749 E2871.8396
G1 X184.018 Y137.326 E2871.87883
G0 F9000 X183.474 Y137.914
G1 F2400 X183.085 Y137.591 E2871.91247
G1 X182.66 Y137.306 E2871.94651
G1 X182.246 Y137.081 E2871.97785
G1 X181.789 Y136.888 E2872.01085
G1 X181.265 Y136.729 E2872.04728
G1 X180.734 Y136.629 E2872.08322
G1 X180.139 Y136.589 E2872.12289
G1 X170.815 Y136.59 E2872.74312
G1 X170.241 Y136.638 E2872.78144
G1 X169.677 Y136.754 E2872.81974
G1 X169.218 Y136.9 E2872.85178
G1 X168.748 Y137.103 E2872.88584
G1 X168.354 Y137.319 E2872.91573
G1 X167.953 Y137.591 E2872.94796
G1 X167.61 Y137.874 E2872.97754
G1 X167.281 Y138.2 E2873.00835
G1 X166.961 Y138.582 E2873.0415
G1 X166.674 Y139.008 E2873.07567
G1 X166.463 Y139.397 E2873.1051
G1 X166.276 Y139.83 E2873.13648
G1 X166.099 Y140.397 E2873.17599
G1 X166.006 Y140.897 E2873.20982
G1 X165.962 Y141.38 E2873.24208
G1 X165.958 Y141.57 E2873.25472
G1 X165.959 Y153.947 E2874.07805
G1 X165.987 Y154.372 E2874.10638
G1 X166.07 Y154.874 E2874.14023
G1 X166.184 Y155.309 E2874.17014
G1 X166.363 Y155.796 E2874.20465
G1 X166.582 Y156.238 E2874.23747
G1 X166.828 Y156.638 E2874.2687
G1 X167.13 Y157.037 E2874.30199
G1 X167.502 Y157.432 E2874.33808
G1 X167.893 Y157.77 E2874.37246
G1 X168.265 Y158.033 E2874.40277
G1 X168.714 Y158.287 E2874.43709
G1 X169.19 Y158.495 E2874.47164
G1 X169.685 Y158.654 E2874.50622
G1 X170.125 Y158.748 E2874.53615
G1 X170.669 Y158.811 E2874.57258
G1 X170.935 Y158.817 E2874.59028
G1 X180.22 Y158.816 E2875.20792
G1 X180.771 Y158.772 E2875.24469
G1 X181.308 Y158.666 E2875.2811
G1 X181.82 Y158.508 E2875.31675
G1 X182.368 Y158.265 E2875.35662
G1 X182.825 Y157.998 E2875.39183
G1 X183.222 Y157.707 E2875.42457
G1 X183.559 Y157.41 E2875.45445
G1 X183.925 Y157.015 E2875.49027
G1 X184.236 Y156.599 E2875.52483
G1 X184.472 Y156.209 E2875.55515
G1 X184.691 Y155.75 E2875.58898
G1 X184.865 Y155.277 E2875.6225
G1 X184.996 Y154.738 E2875.6594
G1 X185.068 Y154.163 E2875.69795
G1 X185.079 Y153.85 E2875.71878
G1 X185.078 Y141.446 E2876.5439
G1 X185.03 Y140.876 E2876.58195
G1 X184.927 Y140.359 E2876.61702
G1 X184.773 Y139.858 E2876.65188
G1 X184.579 Y139.405 E2876.68467
G1 X184.392 Y139.054 E2876.71112
G1 X184.114 Y138.631 E2876.74479
G1 X183.83 Y138.281 E2876.77477
G1 X183.474 Y137.914 E2876.80879
G0 F9000 X182.929 Y138.502
G1 F2400 X182.605 Y138.232 E2876.83684
G1 X182.246 Y137.991 E2876.8656
G1 X181.899 Y137.803 E2876.89186
G1 X181.516 Y137.641 E2876.91952
G1 X181.074 Y137.507 E2876.95024
G1 X180.633 Y137.424 E2876.98009
G1 X180.112 Y137.389 E2877.01483
G1 X170.848 Y137.39 E2877.63107
G1 X170.355 Y137.431 E2877.66398
G1 X169.879 Y137.529 E2877.69631
G1 X169.498 Y137.65 E2877.7229
G1 X169.1 Y137.822 E2877.75174
G1 X168.772 Y138.002 E2877.77663
G1 X168.433 Y138.232 E2877.80388
G1 X168.147 Y138.468 E2877.82855
G1 X167.87 Y138.742 E2877.85446
G1 X167.601 Y139.063 E2877.88232
G1 X167.359 Y139.423 E2877.91118
G1 X167.183 Y139.747 E2877.9357
G1 X167.027 Y140.108 E2877.96186
G1 X166.877 Y140.59 E2877.99544
G1 X166.799 Y141.007 E2878.02366
G1 X166.761 Y141.424 E2878.05152
G1 X166.758 Y141.578 E2878.06176
G1 X166.759 Y153.92 E2878.88276
G1 X166.783 Y154.28 E2878.90676
G1 X166.853 Y154.707 E2878.93554
G1 X166.948 Y155.069 E2878.96044
G1 X167.099 Y155.479 E2878.9895
G1 X167.283 Y155.85 E2879.01705
G1 X167.489 Y156.186 E2879.04327
G1 X167.742 Y156.52 E2879.07114
G1 X168.056 Y156.854 E2879.10163
G1 X168.386 Y157.139 E2879.13064
G1 X168.694 Y157.356 E2879.1557
G1 X169.073 Y157.571 E2879.18469
G1 X169.473 Y157.746 E2879.21373
G1 X169.891 Y157.88 E2879.24293
G1 X170.255 Y157.958 E2879.26769
G1 X170.724 Y158.012 E2879.29909
G1 X170.944 Y158.017 E2879.31373
G1 X180.188 Y158.016 E2879.92865
G1 X180.661 Y157.978 E2879.96021
G1 X181.112 Y157.889 E2879.99079
G1 X181.539 Y157.757 E2880.02052
G1 X182.003 Y157.552 E2880.05427
G1 X182.385 Y157.328 E2880.08372
G1 X182.72 Y157.083 E2880.11133
G1 X183 Y156.836 E2880.13617
G1 X183.31 Y156.502 E2880.16648
G1 X183.572 Y156.151 E2880.19562
G1 X183.767 Y155.829 E2880.22066
G1 X183.953 Y155.439 E2880.2494
G1 X184.098 Y155.044 E2880.27739
G1 X184.208 Y154.593 E2880.30827
G1 X184.27 Y154.099 E2880.34139
G1 X184.279 Y153.836 E2880.35889
G1 X184.278 Y141.479 E2881.18088
G1 X184.237 Y140.988 E2881.21366
G1 X184.15 Y140.555 E2881.24304
G1 X184.021 Y140.134 E2881.27233
G1 X183.857 Y139.752 E2881.29998
G1 X183.703 Y139.463 E2881.32177
G1 X183.467 Y139.104 E2881.35034
G1 X183.231 Y138.813 E2881.37527
G1 X182.929 Y138.502 E2881.4041
G0 F9000 X182.384 Y139.09
;TYPE:WALL-OUTER
G1 F2400 X182.124 Y138.873 E2881.42663
G1 X181.831 Y138.676 E2881.45012
G1 X181.552 Y138.525 E2881.47122
G1 X181.243 Y138.394 E2881.49355
G1 X180.884 Y138.285 E2881.5185
G1 X180.532 Y138.219 E2881.54233
G1 X180.085 Y138.189 E2881.57213
G1 X170.881 Y138.19 E2882.18438
G1 X170.469 Y138.224 E2882.21188
G1 X170.081 Y138.304 E2882.23823
G1 X169.778 Y138.4 E2882.25938
G1 X169.452 Y138.541 E2882.283
G1 X169.19 Y138.685 E2882.30289
G1 X168.913 Y138.873 E2882.32516
G1 X168.684 Y139.062 E2882.34491
G1 X168.459 Y139.284 E2882.36594
G1 X168.242 Y139.544 E2882.38846
G1 X168.044 Y139.838 E2882.41204
G1 X167.903 Y140.098 E2882.43172
G1 X167.778 Y140.386 E2882.4526
G1 X167.655 Y140.783 E2882.48025
G1 X167.592 Y141.118 E2882.50292
G1 X167.56 Y141.467 E2882.52624
G1 X167.558 Y141.585 E2882.53409
G1 X167.559 Y153.893 E2883.35282
G1 X167.579 Y154.189 E2883.37255
G1 X167.636 Y154.54 E2883.39621
G1 X167.712 Y154.828 E2883.41602
G1 X167.835 Y155.162 E2883.4397
G1 X167.984 Y155.463 E2883.46204
G1 X168.15 Y155.734 E2883.48318
G1 X168.354 Y156.003 E2883.50564
G1 X168.61 Y156.275 E2883.53049
G1 X168.88 Y156.508 E2883.55421
G1 X169.123 Y156.68 E2883.57401
G1 X169.432 Y156.855 E2883.59763
G1 X169.756 Y156.997 E2883.62117
G1 X170.097 Y157.106 E2883.64498
G1 X170.385 Y157.168 E2883.66458
G1 X170.779 Y157.213 E2883.69096
G1 X170.953 Y157.217 E2883.70253
G1 X180.156 Y157.216 E2884.31472
G1 X180.551 Y157.184 E2884.34108
G1 X180.916 Y157.112 E2884.36583
G1 X181.259 Y157.006 E2884.38971
G1 X181.638 Y156.839 E2884.41726
G1 X181.946 Y156.658 E2884.44103
G1 X182.219 Y156.459 E2884.4635
G1 X182.441 Y156.263 E2884.4832
G1 X182.695 Y155.989 E2884.50805
G1 X182.908 Y155.704 E2884.53172
G1 X183.062 Y155.449 E2884.55153
G1 X183.215 Y155.129 E2884.57513
G1 X183.331 Y154.811 E2884.59765
G1 X183.42 Y154.447 E2884.62257
G1 X183.472 Y154.036 E2884.65013
G1 X183.479 Y153.823 E2884.66431
G1 X183.478 Y141.512 E2885.48324
G1 X183.444 Y141.1 E2885.51074
G1 X183.374 Y140.752 E2885.53435
G1 X183.269 Y140.41 E2885.55815
G1 X183.135 Y140.099 E2885.58067
G1 X183.014 Y139.872 E2885.59779
G1 X182.82 Y139.577 E2885.62127
G1 X182.632 Y139.345 E2885.64114
G1 X182.384 Y139.09 E2885.6648
G0 F9000 X182.982 Y138.445
G1 F1500 E2884.6648
G1 F300 Z0.8
G0 F9000 X199.556 Y90.547 Z0.8
;TYPE:WALL-INNER
G1 F300 Z0.6
G1 F1500 E2885.69141
G1 F2400 X199.204 Y90.18 E2885.72523
G1 X198.788 Y89.857 E2885.76027
G1 X198.206 Y89.543 E2885.80426
G1 X197.618 Y89.351 E2885.8454
G1 X197.157 Y89.281 E2885.87642
G1 X196.89 Y89.261 E2885.89423
G1 X196.357 Y89.285 E2885.92972
G1 X195.792 Y89.4 E2885.96808
G1 X195.181 Y89.641 E2886.01177
G1 X194.683 Y89.946 E2886.05062
G1 X194.187 Y90.382 E2886.09454
G1 X193.857 Y90.789 E2886.1294
G1 X193.593 Y91.229 E2886.16353
G1 X193.385 Y91.736 E2886.19999
G1 X193.259 Y92.245 E2886.23487
G1 X193.204 Y92.913 E2886.27945
G1 X193.285 Y93.611 E2886.3262
G1 X193.527 Y94.342 E2886.37742
G1 X193.82 Y94.859 E2886.41695
G1 X194.14 Y95.263 E2886.45123
G1 X194.594 Y95.691 E2886.49273
G1 X195.161 Y96.048 E2886.53731
G1 X195.697 Y96.27 E2886.5759
G1 X196.257 Y96.401 E2886.61415
G1 X196.921 Y96.443 E2886.65841
G1 X197.54 Y96.367 E2886.6999
G1 X198.034 Y96.223 E2886.73413
G1 X198.49 Y96.02 E2886.76733
G1 X198.928 Y95.745 E2886.80173
G1 X199.415 Y95.315 E2886.84495
G1 X199.756 Y94.893 E2886.88104
G1 X200.077 Y94.326 E2886.92438
G1 X200.253 Y93.835 E2886.95908
G1 X200.359 Y93.334 E2886.99314
G1 X200.393 Y92.767 E2887.03093
G1 X200.315 Y92.098 E2887.07573
G1 X200.109 Y91.448 E2887.12109
G1 X199.849 Y90.951 E2887.1584
G1 X199.556 Y90.547 E2887.1916
G0 F9000 X198.94 Y91.061
G1 F2400 X198.667 Y90.776 E2887.21785
G1 X198.35 Y90.53 E2887.24454
G1 X197.889 Y90.281 E2887.27939
G1 X197.432 Y90.132 E2887.31137
G1 X197.067 Y90.076 E2887.33593
G1 X196.878 Y90.062 E2887.34854
G1 X196.456 Y90.081 E2887.37664
G1 X196.021 Y90.17 E2887.40618
G1 X195.539 Y90.36 E2887.44064
G1 X195.159 Y90.592 E2887.47026
G1 X194.766 Y90.938 E2887.50509
G1 X194.514 Y91.249 E2887.53171
G1 X194.31 Y91.589 E2887.55809
G1 X194.147 Y91.985 E2887.58657
G1 X194.051 Y92.374 E2887.61323
G1 X194.008 Y92.9 E2887.64833
G1 X194.07 Y93.437 E2887.68429
G1 X194.262 Y94.016 E2887.72487
G1 X194.486 Y94.411 E2887.75508
G1 X194.731 Y94.721 E2887.78136
G1 X195.086 Y95.055 E2887.81378
G1 X195.53 Y95.335 E2887.8487
G1 X195.943 Y95.506 E2887.87844
G1 X196.374 Y95.607 E2887.90788
G1 X196.897 Y95.64 E2887.94274
G1 X197.378 Y95.581 E2887.97498
G1 X197.758 Y95.47 E2888.00131
G1 X198.113 Y95.312 E2888.02716
G1 X198.447 Y95.102 E2888.0534
G1 X198.835 Y94.76 E2888.08781
G1 X199.092 Y94.442 E2888.11501
G1 X199.347 Y93.991 E2888.14947
G1 X199.482 Y93.616 E2888.17598
G1 X199.564 Y93.227 E2888.20243
G1 X199.59 Y92.79 E2888.23155
G1 X199.529 Y92.266 E2888.26664
G1 X199.368 Y91.757 E2888.30215
G1 X199.167 Y91.374 E2888.33093
G1 X198.94 Y91.061 E2888.35665
G0 F9000 X198.324 Y91.575
;TYPE:WALL-OUTER
G1 F2400 X198.13 Y91.372 E2888.37533
G1 X197.911 Y91.202 E2888.39377
G1 X197.573 Y91.019 E2888.41934
G1 X197.246 Y90.913 E2888.4422
G1 X196.976 Y90.871 E2888.46038
G1 X196.867 Y90.863 E2888.46765
G1 X196.555 Y90.877 E2888.48842
G1 X196.25 Y90.94 E2888.50914
G1 X195.897 Y91.079 E2888.53438
G1 X195.635 Y91.239 E2888.5548
G1 X195.345 Y91.494 E2888.58049
G1 X195.171 Y91.709 E2888.59888
G1 X195.027 Y91.949 E2888.6175
G1 X194.909 Y92.235 E2888.63808
G1 X194.843 Y92.503 E2888.65644
G1 X194.812 Y92.887 E2888.68207
G1 X194.855 Y93.264 E2888.70731
G1 X194.996 Y93.689 E2888.7371
G1 X195.152 Y93.963 E2888.75807
G1 X195.322 Y94.179 E2888.77636
G1 X195.578 Y94.419 E2888.7997
G1 X195.899 Y94.622 E2888.82496
G1 X196.189 Y94.742 E2888.84584
G1 X196.491 Y94.813 E2888.86648
G1 X196.873 Y94.837 E2888.89194
G1 X197.216 Y94.795 E2888.91492
G1 X197.482 Y94.717 E2888.93336
G1 X197.736 Y94.604 E2888.95186
G1 X197.967 Y94.459 E2888.97
G1 X198.255 Y94.205 E2888.99554
G1 X198.428 Y93.991 E2889.01385
G1 X198.617 Y93.656 E2889.03943
G1 X198.711 Y93.396 E2889.05783
G1 X198.769 Y93.121 E2889.07652
G1 X198.787 Y92.813 E2889.09704
G1 X198.743 Y92.434 E2889.12242
G1 X198.627 Y92.066 E2889.14809
G1 X198.486 Y91.798 E2889.16824
G1 X198.324 Y91.575 E2889.18657
G0 F9000 X198.999 Y91.012
G1 F1500 E2888.18657
G1 F300 Z0.8
G0 F9000 X200.045 Y215.824 Z0.8
;TYPE:WALL-INNER
G1 F300 Z0.6
G1 F1500 E2889.21318
G1 F2400 X200.045 Y227.101 E2889.96333
G1 X199.984 Y227.319 E2889.97839
G1 X199.894 Y227.394 E2889.98618
G1 X199.734 Y227.413 E2889.9969
G1 X198.281 Y227.413 E2890.09355
G1 X198.281 Y218.533 E2890.68425
G1 X198.225 Y217.876 E2890.72811
G1 X198.091 Y217.231 E2890.77194
G1 X198.039 Y217.066 E2890.78344
G1 X198.492 Y216.922 E2890.81506
G1 X199.064 Y216.63 E2890.85778
G1 X199.566 Y216.277 E2890.89861
G1 X200.014 Y215.862 E2890.93923
G1 X200.045 Y215.824 E2890.94249
G1 F1500 E2889.94249
G1 F300 Z0.8
G0 F9000 X200.021 Y72.722 Z0.8
G1 F300 Z0.6
G1 F1500 E2890.9691
G1 F2400 X200.044 Y72.87 E2890.97906
G1 X200.044 Y89.901 E2892.11197
G1 X199.741 Y89.584 E2892.14114
G1 X199.226 Y89.184 E2892.18452
G1 X198.523 Y88.805 E2892.23764
G1 X197.803 Y88.57 E2892.28803
G1 X197.247 Y88.486 E2892.32543
G1 X196.902 Y88.46 E2892.34844
G1 X196.259 Y88.489 E2892.39126
G1 X195.564 Y88.63 E2892.43843
G1 X194.823 Y88.922 E2892.49141
G1 X194.207 Y89.3 E2892.53949
G1 X193.608 Y89.826 E2892.59252
G1 X193.2 Y90.329 E2892.6356
G1 X192.876 Y90.869 E2892.67749
G1 X192.623 Y91.487 E2892.72191
G1 X192.467 Y92.115 E2892.76496
G1 X192.4 Y92.926 E2892.81909
G1 X192.5 Y93.785 E2892.87662
G1 X192.792 Y94.668 E2892.93848
G1 X193.154 Y95.307 E2892.98734
G1 X193.549 Y95.805 E2893.02962
G1 X194.102 Y96.327 E2893.0802
G1 X194.792 Y96.761 E2893.13443
G1 X195.451 Y97.034 E2893.18188
G1 X196.14 Y97.195 E2893.22894
G1 X196.945 Y97.246 E2893.2826
G1 X197.702 Y97.153 E2893.33333
G1 X198.31 Y96.976 E2893.37546
G1 X198.867 Y96.728 E2893.41602
G1 X199.409 Y96.388 E2893.45858
G1 X199.995 Y95.87 E2893.5106
G1 X200.044 Y95.809 E2893.51581
G1 X200.045 Y209.911 E2901.1059
G1 X199.634 Y209.507 E2901.14424
G1 X199.127 Y209.138 E2901.18595
G1 X198.567 Y208.842 E2901.22809
G1 X197.917 Y208.615 E2901.27389
G1 X197.18 Y208.488 E2901.32364
G1 X196.746 Y208.474 E2901.35252
G1 X196.113 Y208.522 E2901.39475
G1 X195.439 Y208.685 E2901.44088
G1 X194.838 Y208.932 E2901.4841
G1 X194.172 Y209.339 E2901.53602
G1 X193.601 Y209.849 E2901.58695
G1 X193.181 Y210.368 E2901.63136
G1 X192.792 Y211.055 E2901.68388
G1 X192.575 Y211.661 E2901.72669
G1 X192.445 Y212.271 E2901.76818
G1 X192.407 Y212.915 E2901.8111
G1 X186.252 Y212.916 E2902.22053
G1 X185.651 Y212.971 E2902.26067
G1 X185.131 Y213.069 E2902.29587
G1 X184.559 Y213.237 E2902.33553
G1 X184.017 Y213.459 E2902.37449
G1 X183.466 Y213.754 E2902.41607
G1 X182.962 Y214.098 E2902.45666
G1 X182.507 Y214.483 E2902.49631
G1 X182.136 Y214.863 E2902.53163
G1 X181.775 Y215.317 E2902.57022
G1 X181.49 Y215.747 E2902.60453
G1 X181.243 Y216.21 E2902.63944
G1 X181.023 Y216.737 E2902.67743
G1 X180.84 Y217.335 E2902.71903
G1 X180.732 Y217.913 E2902.75814
G1 X180.683 Y218.466 E2902.79507
G1 X180.678 Y218.687 E2902.80978
G1 X180.678 Y227.413 E2903.39023
G1 X162.308 Y227.413 E2904.61221
G1 X162.308 Y214.351 E2905.4811
G1 X162.252 Y213.701 E2905.5245
G1 X162.131 Y213.099 E2905.56534
G1 X161.951 Y212.519 E2905.60574
G1 X161.71 Y211.961 E2905.64617
G1 X161.425 Y211.449 E2905.68515
G1 X161.06 Y210.933 E2905.7272
G1 X160.615 Y210.431 E2905.77182
G1 X160.145 Y210.013 E2905.81366
G1 X159.709 Y209.691 E2905.84972
G1 X159.155 Y209.368 E2905.89237
G1 X158.652 Y209.141 E2905.92908
G1 X158.104 Y208.953 E2905.96762
G1 X157.487 Y208.811 E2906.00974
G1 X156.918 Y208.746 E2906.04783
G1 X156.624 Y208.733 E2906.06741
G1 X146.509 Y208.734 E2906.74026
G1 X145.842 Y208.798 E2906.78484
G1 X145.215 Y208.934 E2906.82751
G1 X144.668 Y209.114 E2906.86582
G1 X144.156 Y209.337 E2906.90297
G1 X143.582 Y209.663 E2906.94688
G1 X143.077 Y210.033 E2906.98852
G1 X142.699 Y210.371 E2907.02225
G1 X142.297 Y210.801 E2907.06141
G1 X141.931 Y211.287 E2907.10188
G1 X141.616 Y211.811 E2907.14255
G1 X141.358 Y212.368 E2907.18339
G1 X141.189 Y212.85 E2907.21736
G1 X141.037 Y213.463 E2907.25937
G1 X140.957 Y214.095 E2907.30175
G1 X140.942 Y214.484 E2907.32765
G1 X140.942 Y227.413 E2908.18769
G1 X100.216 Y227.412 E2910.89679
G1 X100.02 Y227.345 E2910.91057
G1 X99.955 Y227.155 E2910.92393
G1 X99.955 Y215.819 E2911.678
G1 X100.369 Y216.224 E2911.71653
G1 X100.872 Y216.591 E2911.75795
G1 X101.431 Y216.888 E2911.80005
G1 X102.085 Y217.118 E2911.84617
G1 X102.863 Y217.248 E2911.89864
G1 X103.508 Y217.248 E2911.94155
G1 X104.121 Y217.161 E2911.98273
G1 X104.717 Y216.99 E2912.02398
G1 X105.28 Y216.736 E2912.06506
G1 X105.834 Y216.382 E2912.1088
G1 X106.317 Y215.966 E2912.1512
G1 X106.742 Y215.464 E2912.19495
G1 X107.057 Y214.97 E2912.23393
G1 X107.337 Y214.35 E2912.27918
G1 X107.525 Y213.645 E2912.32772
G1 X107.593 Y213.006 E2912.37046
G1 X107.557 Y212.259 E2912.42021
G1 X107.403 Y211.58 E2912.46652
G1 X107.179 Y211.002 E2912.50776
G1 X106.886 Y210.473 E2912.54799
G1 X106.512 Y209.976 E2912.58936
G1 X106.036 Y209.507 E2912.63381
G1 X105.528 Y209.138 E2912.67558
G1 X104.968 Y208.842 E2912.71771
G1 X104.318 Y208.615 E2912.76351
G1 X103.581 Y208.488 E2912.81326
G1 X103.153 Y208.474 E2912.84175
G1 X102.577 Y208.515 E2912.88016
G1 X101.925 Y208.659 E2912.92458
G1 X101.312 Y208.897 E2912.96832
G1 X100.622 Y209.303 E2913.02157
G1 X100.01 Y209.84 E2913.07573
G1 X99.955 Y209.907 E2913.0815
G1 X99.956 Y95.811 E2920.6712
G1 X100.503 Y96.327 E2920.72122
G1 X101.194 Y96.762 E2920.77553
G1 X101.849 Y97.031 E2920.82264
G1 X102.53 Y97.195 E2920.86923
G1 X103.327 Y97.246 E2920.92236
G1 X103.964 Y97.177 E2920.96498
G1 X104.559 Y97.03 E2921.00575
G1 X105.131 Y96.797 E2921.04683
G1 X105.656 Y96.493 E2921.08719
G1 X106.153 Y96.107 E2921.12905
G1 X106.633 Y95.595 E2921.17573
G1 X107.069 Y94.939 E2921.22813
G1 X107.333 Y94.344 E2921.27143
G1 X107.499 Y93.754 E2921.3122
G1 X107.589 Y93.099 E2921.35618
G1 X107.578 Y92.446 E2921.39963
G1 X107.463 Y91.778 E2921.44471
G1 X107.239 Y91.109 E2921.49164
G1 X106.897 Y90.475 E2921.53956
G1 X106.521 Y89.973 E2921.58128
G1 X106.06 Y89.511 E2921.6247
G1 X105.417 Y89.053 E2921.67721
G1 X104.834 Y88.772 E2921.72026
G1 X104.196 Y88.57 E2921.76478
G1 X103.65 Y88.486 E2921.80153
G1 X103.303 Y88.46 E2921.82468
G1 X102.653 Y88.489 E2921.86796
G1 X101.935 Y88.641 E2921.91678
G1 X101.328 Y88.874 E2921.96003
G1 X100.753 Y89.202 E2922.00406
G1 X100.248 Y89.592 E2922.04651
G1 X99.956 Y89.903 E2922.07488
G1 X99.956 Y72.849 E2923.20932
G1 X100.001 Y72.693 E2923.22012
G1 X100.157 Y72.593 E2923.23245
G1 X100.212 Y72.587 E2923.23613
G1 X199.787 Y72.588 E2929.85988
G1 X199.938 Y72.626 E2929.87024
G1 X200.021 Y72.722 E2929.87868
G0 F9000 X200.685 Y72.255
G1 F2400 X200.794 Y72.481 E2929.89537
G1 X200.844 Y72.806 E2929.91725
G1 X200.844 Y92.098 E2931.20056
G1 X200.844 Y93.334 E2931.26909
G1 X200.844 Y94.326 E2931.32433
G1 X200.844 Y209.911 E2939.01308
G1 X200.844 Y212.088 E2939.15789
G1 X200.844 Y213.352 E2939.24198
G1 X200.844 Y214.34 E2939.3077
G1 X200.845 Y227.146 E2940.15956
G1 X200.808 Y227.456 E2940.18032
G1 X200.627 Y227.826 E2940.20772
G1 X200.296 Y228.098 E2940.23622
G1 X200.086 Y228.176 E2940.25112
G1 X199.782 Y228.213 E2940.2715
G1 X197.481 Y228.213 E2940.42456
G1 X197.481 Y218.567 E2941.06621
G1 X197.432 Y217.992 E2941.1046
G1 X197.316 Y217.432 E2941.14264
G1 X197.171 Y216.97 E2941.17485
G1 X196.94 Y216.448 E2941.21282
G1 X197.051 Y216.448
G1 X197.572 Y216.375 E2941.2338
G1 X198.187 Y216.18 E2941.27671
G1 X198.65 Y215.943 E2941.31131
G1 X199.062 Y215.654 E2941.34479
G1 X199.428 Y215.314 E2941.37802
G1 X199.756 Y214.91 E2941.41263
G1 X200.077 Y214.341 E2941.45609
G1 X200.253 Y213.85 E2941.48957
G1 X200.359 Y213.352 E2941.51272
G1 X200.393 Y212.777 E2941.54644
G1 X200.309 Y212.088 E2941.57907
G1 X200.153 Y211.575 E2941.61474
G1 X199.925 Y211.094 E2941.65015
G1 X199.527 Y210.523 E2941.69644
G1 X199.116 Y210.119 E2941.73478
G1 X198.703 Y209.819 E2941.76874
G1 X198.246 Y209.577 E2941.80314
G1 X197.716 Y209.392 E2941.84048
G1 X197.099 Y209.286 E2941.88212
G1 X196.763 Y209.275 E2941.90448
G1 X196.238 Y209.315 E2941.93951
G1 X195.687 Y209.448 E2941.97721
G1 X195.201 Y209.648 E2942.01217
G1 X194.651 Y209.984 E2942.05505
G1 X194.182 Y210.403 E2942.09688
G1 X193.844 Y210.82 E2942.13259
G1 X193.522 Y211.389 E2942.17608
G1 X193.346 Y211.88 E2942.21078
G1 X193.24 Y212.378 E2942.24464
G1 X193.206 Y212.953 E2942.28296
G1 X193.29 Y213.642 E2942.32913
G1 X193.335 Y213.791 E2942.33949
G1 X193.26 Y213.775
G1 X192.747 Y213.72 E2942.36174
G1 X192.543 Y213.715 E2942.37061
G1 X186.288 Y213.716 E2942.7867
G1 X185.762 Y213.764 E2942.82183
G1 X185.318 Y213.848 E2942.85189
G1 X184.824 Y213.993 E2942.88614
G1 X184.358 Y214.184 E2942.91964
G1 X183.882 Y214.439 E2942.95556
G1 X183.447 Y214.736 E2942.9906
G1 X183.053 Y215.069 E2943.02491
G1 X182.737 Y215.393 E2943.05502
G1 X182.423 Y215.788 E2943.08858
G1 X182.178 Y216.157 E2943.11805
G1 X181.967 Y216.553 E2943.1479
G1 X181.776 Y217.009 E2943.18078
G1 X181.618 Y217.526 E2943.21674
G1 X181.525 Y218.022 E2943.25031
G1 X181.482 Y218.51 E2943.2829
G1 X181.478 Y218.696 E2943.29528
G1 X181.478 Y228.213 E2943.92835
G1 X161.508 Y228.213 E2945.25676
G1 X161.508 Y214.385 E2946.1766
G1 X161.459 Y213.814 E2946.21472
G1 X161.355 Y213.297 E2946.2498
G1 X161.2 Y212.797 E2946.28463
G1 X160.992 Y212.315 E2946.31955
G1 X160.747 Y211.876 E2946.35299
G1 X160.432 Y211.431 E2946.38926
G1 X160.048 Y210.997 E2946.4278
G1 X159.641 Y210.635 E2946.46404
G1 X159.269 Y210.361 E2946.49477
G1 X158.787 Y210.08 E2946.53188
G1 X158.357 Y209.885 E2946.56329
G1 X157.884 Y209.723 E2946.59655
G1 X157.352 Y209.601 E2946.63286
G1 X156.855 Y209.544 E2946.66614
G1 X156.606 Y209.533 E2946.68271
G1 X146.547 Y209.534 E2947.35184
G1 X145.965 Y209.59 E2947.39074
G1 X145.425 Y209.707 E2947.42749
G1 X144.953 Y209.862 E2947.46054
G1 X144.515 Y210.053 E2947.49232
G1 X144.017 Y210.336 E2947.53043
G1 X143.581 Y210.655 E2947.56636
G1 X143.259 Y210.943 E2947.5951
G1 X142.911 Y211.316 E2947.62903
G1 X142.595 Y211.735 E2947.66394
G1 X142.324 Y212.186 E2947.69894
G1 X142.1 Y212.67 E2947.73442
G1 X141.956 Y213.079 E2947.76326
G1 X141.825 Y213.61 E2947.79965
G1 X141.755 Y214.161 E2947.83659
G1 X141.742 Y214.499 E2947.85909
G1 X141.742 Y228.213 E2948.77135
G1 X100.161 Y228.212 E2951.53733
G1 X99.896 Y228.173 E2951.55515
G1 X99.717 Y228.105 E2951.56789
G1 X99.496 Y227.957 E2951.58558
G1 X99.376 Y227.83 E2951.5972
G1 X99.243 Y227.601 E2951.61482
G1 X99.168 Y227.342 E2951.63275
G1 X99.155 Y227.183 E2951.64337
G1 X99.155 Y213.642 E2952.54412
G1 X99.155 Y212.379 E2952.61464
G1 X99.155 Y211.39 E2952.6698
G1 X99.155 Y94.342 E2960.45586
G1 X99.155 Y92.915 E2960.5375
G1 X99.155 Y91.736 E2960.59946
G1 X99.156 Y72.787 E2961.85996
G1 X99.193 Y72.535 E2961.8769
G1 X99.345 Y72.208 E2961.90089
G1 X99.658 Y71.924 E2961.929
G1 X99.97 Y71.809 E2961.95112
G1 X100.169 Y71.787 E2961.96444
G1 X199.841 Y71.788 E2968.59465
G1 X200.091 Y71.823 E2968.61144
G1 X200.214 Y71.863 E2968.62004
G1 X200.442 Y71.993 E2968.6375
G1 X200.685 Y72.255 E2968.66127
G0 F9000 X201.369 Y71.836
G1 F2400 X201.508 Y72.105 E2968.68141
G1 X201.56 Y72.246 E2968.69141
G1 X201.619 Y72.492 E2968.70824
G1 X201.644 Y72.766 E2968.72654
G1 X201.645 Y227.196 E2978.99926
G1 X201.593 Y227.638 E2979.02887
G1 X201.466 Y227.992 E2979.05389
G1 X201.262 Y228.32 E2979.07958
G1 X201.005 Y228.587 E2979.10423
G1 X200.663 Y228.815 E2979.13158
G1 X200.278 Y228.958 E2979.1589
G1 X199.831 Y229.013 E2979.18885
G1 X196.681 Y229.013 E2979.39839
G1 X196.681 Y218.601 E2980.091
G1 X196.639 Y218.107 E2980.12398
G1 X196.541 Y217.634 E2980.15611
G1 X196.421 Y217.253 E2980.18269
G1 X196.227 Y216.814 E2980.21461
G1 X196.043 Y216.489 E2980.23946
G1 X195.829 Y216.176 E2980.26468
G1 X195.656 Y215.969 E2980.27719
G1 X195.656 Y215.658 E2980.28809
G1 X195.013 Y215.368 E2980.31154
G1 X194.723 Y215.158 E2980.32632
G1 X194.39 Y214.976 E2980.34042
G1 X194.367 Y214.959
G1 X194.003 Y214.777 E2980.35727
G1 X193.531 Y214.648 E2980.38982
G1 X193.136 Y214.566 E2980.41666
G1 X192.695 Y214.519 E2980.44616
G1 X192.533 Y214.515 E2980.45694
G1 X186.324 Y214.516 E2980.86996
G1 X185.873 Y214.557 E2980.90009
G1 X185.506 Y214.627 E2980.92494
G1 X185.089 Y214.749 E2980.95384
G1 X184.699 Y214.909 E2980.98188
G1 X184.297 Y215.124 E2981.01221
G1 X183.932 Y215.373 E2981.0416
G1 X183.599 Y215.655 E2981.07063
G1 X183.338 Y215.923 E2981.09551
G1 X183.07 Y216.259 E2981.1241
G1 X182.866 Y216.567 E2981.14868
G1 X182.69 Y216.897 E2981.17355
G1 X182.529 Y217.281 E2981.20125
G1 X182.396 Y217.717 E2981.23158
G1 X182.318 Y218.131 E2981.2596
G1 X182.281 Y218.553 E2981.28778
G1 X182.278 Y218.704 E2981.29782
G1 X182.278 Y229.013 E2981.98358
G1 X160.708 Y229.013 E2983.41842
G1 X160.708 Y214.419 E2984.38922
G1 X160.666 Y213.927 E2984.42207
G1 X160.579 Y213.495 E2984.45138
G1 X160.449 Y213.075 E2984.48063
G1 X160.274 Y212.67 E2984.50998
G1 X160.069 Y212.303 E2984.53794
G1 X159.804 Y211.928 E2984.56848
G1 X159.481 Y211.563 E2984.60091
G1 X159.137 Y211.257 E2984.63153
G1 X158.83 Y211.031 E2984.65689
G1 X158.419 Y210.792 E2984.68852
G1 X158.061 Y210.629 E2984.71468
G1 X157.665 Y210.494 E2984.74251
G1 X157.216 Y210.391 E2984.77316
G1 X156.791 Y210.342 E2984.80162
G1 X156.588 Y210.333 E2984.81513
G1 X146.586 Y210.334 E2985.48047
G1 X146.088 Y210.382 E2985.51375
G1 X145.635 Y210.48 E2985.54458
G1 X145.238 Y210.61 E2985.57237
G1 X144.874 Y210.769 E2985.59879
G1 X144.453 Y211.009 E2985.63103
G1 X144.085 Y211.278 E2985.66135
G1 X143.819 Y211.516 E2985.68509
G1 X143.524 Y211.831 E2985.7138
G1 X143.259 Y212.183 E2985.74311
G1 X143.032 Y212.561 E2985.77244
G1 X142.842 Y212.972 E2985.80256
G1 X142.723 Y213.308 E2985.82627
G1 X142.613 Y213.756 E2985.85696
G1 X142.553 Y214.227 E2985.88854
G1 X142.542 Y214.514 E2985.90765
G1 X142.542 Y229.013 E2986.87212
G1 X100.101 Y229.012 E2989.69531
G1 X99.695 Y228.953 E2989.7226
G1 X99.347 Y228.82 E2989.74738
G1 X98.976 Y228.571 E2989.77711
G1 X98.732 Y228.313 E2989.80073
G1 X98.501 Y227.917 E2989.83122
G1 X98.378 Y227.491 E2989.86072
G1 X98.355 Y227.213 E2989.87928
G1 X98.356 Y72.73 E3000.15553
G1 X98.415 Y72.333 E3000.18222
G1 X98.549 Y71.978 E3000.20747
G1 X98.7 Y71.73 E3000.22678
G1 X98.939 Y71.462 E3000.25067
G1 X99.235 Y71.242 E3000.2752
G1 X99.463 Y71.127 E3000.29219
G1 X99.807 Y71.022 E3000.31611
G1 X100.128 Y70.987 E3000.33759
G1 X199.895 Y70.988 E3006.97412
G1 X200.275 Y71.041 E3006.99964
G1 X200.536 Y71.126 E3007.0179
G1 X200.922 Y71.347 E3007.04749
G1 X201.207 Y71.613 E3007.07342
G1 X201.369 Y71.836 E3007.09176
G0 F9000 X202.054 Y71.418
;TYPE:WALL-OUTER
G1 F2400 X202.24 Y71.778 E3007.11871
G1 X202.328 Y72.019 E3007.13578
G1 X202.407 Y72.349 E3007.15835
G1 X202.437 Y72.598 E3007.17503
G1 X202.444 Y72.753 E3007.18535
G1 X202.445 Y227.233 E3017.46141
G1 X202.429 Y227.506 E3017.4796
G1 X202.373 Y227.822 E3017.50094
G1 X202.292 Y228.09 E3017.51957
G1 X202.187 Y228.342 E3017.53773
G1 X202.047 Y228.595 E3017.55696
G1 X201.894 Y228.813 E3017.57468
G1 X201.724 Y229.01 E3017.59199
G1 X201.515 Y229.205 E3017.611
G1 X201.251 Y229.399 E3017.6328
G1 X201.02 Y229.532 E3017.65053
G1 X200.729 Y229.658 E3017.67162
G1 X200.463 Y229.738 E3017.6901
G1 X200.156 Y229.794 E3017.71086
G1 X199.847 Y229.813 E3017.73145
G1 X195.881 Y229.813 E3017.99527
G1 X195.881 Y218.635 E3018.73883
G1 X195.846 Y218.222 E3018.7664
G1 X195.766 Y217.836 E3018.79263
G1 X195.671 Y217.536 E3018.81356
G1 X195.511 Y217.173 E3018.83995
G1 X195.364 Y216.913 E3018.85982
G1 X195.19 Y216.659 E3018.8803
G1 X195 Y216.431 E3018.90004
G1 X194.856 Y216.263 E3018.91476
G1 X194.856 Y216.175 E3018.92061
G1 X194.612 Y216.065 E3018.93842
G1 X194.295 Y215.836 E3018.96443
G1 X193.961 Y215.653 E3018.98976
G1 X193.95 Y215.645 E3018.99067
G1 X193.716 Y215.528 E3019.00807
G1 X193.344 Y215.426 E3019.03373
G1 X193.012 Y215.357 E3019.05629
G1 X192.643 Y215.318 E3019.08097
G1 X192.523 Y215.315 E3019.08896
G1 X186.36 Y215.316 E3019.49892
G1 X185.985 Y215.35 E3019.52397
G1 X185.694 Y215.406 E3019.54368
G1 X185.354 Y215.505 E3019.56724
G1 X185.04 Y215.634 E3019.58982
G1 X184.712 Y215.809 E3019.61455
G1 X184.417 Y216.01 E3019.63829
G1 X184.146 Y216.24 E3019.66194
G1 X183.939 Y216.453 E3019.68169
G1 X183.718 Y216.73 E3019.70527
G1 X183.554 Y216.978 E3019.72504
G1 X183.413 Y217.241 E3019.74489
G1 X183.283 Y217.553 E3019.76738
G1 X183.174 Y217.909 E3019.79215
G1 X183.111 Y218.241 E3019.81462
G1 X183.08 Y218.595 E3019.83826
G1 X183.078 Y218.711 E3019.84598
G1 X183.078 Y229.813 E3020.58449
G1 X159.908 Y229.813 E3022.12576
G1 X159.908 Y214.453 E3023.14751
G1 X159.873 Y214.04 E3023.17509
G1 X159.803 Y213.693 E3023.19863
G1 X159.698 Y213.353 E3023.2223
G1 X159.556 Y213.025 E3023.24608
G1 X159.391 Y212.73 E3023.26856
G1 X159.176 Y212.425 E3023.29339
G1 X158.914 Y212.129 E3023.31968
G1 X158.633 Y211.879 E3023.3447
G1 X158.391 Y211.701 E3023.36468
G1 X158.052 Y211.504 E3023.39077
G1 X157.766 Y211.374 E3023.41166
G1 X157.446 Y211.265 E3023.43415
G1 X157.08 Y211.181 E3023.45913
G1 X156.727 Y211.14 E3023.48277
G1 X156.57 Y211.133 E3023.49322
G1 X146.625 Y211.134 E3024.15477
G1 X146.211 Y211.174 E3024.18244
G1 X145.844 Y211.253 E3024.20741
G1 X145.524 Y211.358 E3024.22981
G1 X145.234 Y211.485 E3024.25087
G1 X144.889 Y211.682 E3024.2773
G1 X144.589 Y211.901 E3024.30201
G1 X144.379 Y212.089 E3024.32076
G1 X144.137 Y212.347 E3024.34429
G1 X143.923 Y212.631 E3024.36794
G1 X143.74 Y212.936 E3024.3916
G1 X143.584 Y213.274 E3024.41636
G1 X143.49 Y213.538 E3024.43501
G1 X143.401 Y213.902 E3024.45993
G1 X143.351 Y214.293 E3024.48615
G1 X143.342 Y214.529 E3024.50186
G1 X143.342 Y229.813 E3025.51856
G1 X100.068 Y229.812 E3028.39716
G1 X99.798 Y229.789 E3028.41518
G1 X99.494 Y229.728 E3028.43581
G1 X99.227 Y229.642 E3028.45447
G1 X98.98 Y229.532 E3028.47245
G1 X98.72 Y229.381 E3028.49245
G1 X98.465 Y229.188 E3028.51373
G1 X98.276 Y229.01 E3028.531
G1 X98.099 Y228.805 E3028.54901
G1 X97.922 Y228.544 E3028.56999
G1 X97.765 Y228.234 E3028.59311
G1 X97.667 Y227.965 E3028.61215
G1 X97.587 Y227.621 E3028.63565
G1 X97.557 Y227.307 E3028.65663
G1 X97.555 Y227.213 E3028.66288
G1 X97.556 Y72.7 E3038.94113
G1 X97.577 Y72.448 E3038.95795
G1 X97.638 Y72.138 E3038.97897
G1 X97.725 Y71.864 E3038.99809
G1 X97.837 Y71.61 E3039.01656
G1 X98.044 Y71.27 E3039.04303
G1 X98.204 Y71.069 E3039.06012
G1 X98.394 Y70.875 E3039.07819
G1 X98.597 Y70.706 E3039.09576
G1 X98.833 Y70.549 E3039.11461
G1 X99.147 Y70.39 E3039.13803
G1 X99.4 Y70.299 E3039.15591
G1 X99.658 Y70.235 E3039.17359
G1 X99.932 Y70.196 E3039.192
G1 X100.106 Y70.187 E3039.20359
G1 X199.929 Y70.188 E3045.84385
G1 X200.196 Y70.211 E3045.86167
G1 X200.476 Y70.265 E3045.88064
G1 X200.835 Y70.382 E3045.90576
G1 X201.157 Y70.542 E3045.92968
G1 X201.41 Y70.711 E3045.94992
G1 X201.627 Y70.894 E3045.9688
G1 X201.82 Y71.097 E3045.98743
G1 X202.054 Y71.418 E3046.01386
G0 F9000 X201.306 Y71.88
G1 F1500 E3045.01386
G1 F300 Z0.8
G0 F9000 X199.254 Y73.378 Z0.8
;TYPE:SKIN
G1 F300 Z0.6
G1 F1500 E3046.04046
G1 F2100 X199.254 Y88.302 E3047.03321
G1 X198.835 Y88.076 E3047.06488
G1 X197.986 Y87.798 E3047.12431
G1 X197.336 Y87.7 E3047.16803
G1 X196.914 Y87.668 E3047.19619
G1 X196.162 Y87.703 E3047.24626
G1 X195.339 Y87.87 E3047.30212
G1 X194.469 Y88.213 E3047.36433
G1 X193.737 Y88.662 E3047.42146
G1 X193.037 Y89.277 E3047.48344
G1 X192.552 Y89.875 E3047.53466
G1 X192.167 Y90.514 E3047.58428
G1 X191.87 Y91.241 E3047.63652
G1 X191.685 Y91.986 E3047.68758
G1 X191.606 Y92.939 E3047.7512
G1 X191.724 Y93.957 E3047.81937
G1 X192.067 Y94.99 E3047.89177
G1 X192.497 Y95.749 E3047.9498
G1 X192.965 Y96.34 E3047.99995
G1 X193.616 Y96.955 E3048.05952
G1 X194.428 Y97.466 E3048.12334
G1 X195.208 Y97.789 E3048.1795
G1 X196.024 Y97.979 E3048.23523
G1 X196.969 Y98.04 E3048.29822
G1 X197.862 Y97.929 E3048.35808
G1 X198.582 Y97.719 E3048.40797
G1 X199.24 Y97.427 E3048.45586
G1 X199.254 Y97.418 E3048.45697
G1 X199.255 Y208.312 E3055.83367
G1 X198.884 Y208.116 E3055.86158
G1 X198.116 Y207.847 E3055.91571
G1 X197.26 Y207.7 E3055.97348
G1 X196.728 Y207.684 E3056.00889
G1 X195.989 Y207.739 E3056.05818
G1 X195.194 Y207.931 E3056.11259
G1 X194.48 Y208.225 E3056.16395
G1 X193.7 Y208.703 E3056.2248
G1 X193.027 Y209.302 E3056.28474
G1 X192.525 Y209.922 E3056.3378
G1 X192.071 Y210.725 E3056.39916
G1 X191.813 Y211.444 E3056.44998
G1 X191.668 Y212.125 E3056.49629
G1 X186.216 Y212.126 E3056.85896
G1 X185.542 Y212.187 E3056.90398
G1 X184.946 Y212.3 E3056.94433
G1 X184.297 Y212.49 E3056.98932
G1 X183.679 Y212.744 E3057.03376
G1 X183.056 Y213.078 E3057.08078
G1 X182.483 Y213.468 E3057.12689
G1 X181.968 Y213.904 E3057.17178
G1 X181.543 Y214.34 E3057.21228
G1 X181.135 Y214.852 E3057.25583
G1 X180.811 Y215.342 E3057.29491
G1 X180.528 Y215.871 E3057.33481
G1 X180.279 Y216.469 E3057.3779
G1 X180.072 Y217.146 E3057.425
G1 X179.948 Y217.805 E3057.4696
G1 X179.893 Y218.423 E3057.51087
G1 X179.888 Y218.678 E3057.52784
G1 X179.888 Y226.623 E3058.05634
G1 X163.098 Y226.623 E3059.17322
G1 X163.098 Y214.317 E3059.99182
G1 X163.036 Y213.589 E3060.04042
G1 X162.897 Y212.903 E3060.08698
G1 X162.693 Y212.244 E3060.13287
G1 X162.419 Y211.611 E3060.17875
G1 X162.095 Y211.028 E3060.22312
G1 X161.68 Y210.441 E3060.27094
G1 X161.175 Y209.872 E3060.32155
G1 X160.643 Y209.399 E3060.3689
G1 X160.144 Y209.03 E3060.41018
G1 X159.517 Y208.665 E3060.45845
G1 X158.943 Y208.406 E3060.50033
G1 X158.321 Y208.193 E3060.54407
G1 X157.621 Y208.031 E3060.59186
G1 X156.981 Y207.958 E3060.63471
G1 X156.642 Y207.943 E3060.65729
G1 X146.471 Y207.944 E3061.33386
G1 X145.72 Y208.016 E3061.38405
G1 X145.007 Y208.171 E3061.43259
G1 X144.386 Y208.375 E3061.47607
G1 X143.802 Y208.63 E3061.51846
G1 X143.152 Y208.999 E3061.56818
G1 X142.579 Y209.419 E3061.61543
G1 X142.146 Y209.806 E3061.65407
G1 X141.691 Y210.292 E3061.69835
G1 X141.275 Y210.845 E3061.74438
G1 X140.917 Y211.44 E3061.79058
G1 X140.625 Y212.07 E3061.83677
G1 X140.431 Y212.623 E3061.87575
G1 X140.259 Y213.317 E3061.92331
G1 X140.169 Y214.03 E3061.97112
G1 X140.152 Y214.468 E3062.00027
G1 X140.152 Y226.623 E3062.80883
G1 X100.745 Y226.622 E3065.43019
G1 X100.745 Y217.418 E3066.04244
G1 X101.113 Y217.613 E3066.07015
G1 X101.887 Y217.886 E3066.12474
G1 X102.798 Y218.038 E3066.18618
G1 X103.564 Y218.038 E3066.23714
G1 X104.286 Y217.935 E3066.28565
G1 X104.99 Y217.734 E3066.33435
G1 X105.657 Y217.433 E3066.38303
G1 X106.306 Y217.018 E3066.43427
G1 X106.88 Y216.525 E3066.48461
G1 X107.38 Y215.934 E3066.5361
G1 X107.754 Y215.347 E3066.5824
G1 X108.084 Y214.616 E3066.63575
G1 X108.304 Y213.789 E3066.69268
G1 X108.385 Y213.029 E3066.74352
G1 X108.343 Y212.152 E3066.80192
G1 X108.161 Y211.349 E3066.8567
G1 X107.896 Y210.666 E3066.90543
G1 X107.55 Y210.042 E3066.95289
G1 X107.108 Y209.454 E3067.00182
G1 X106.548 Y208.903 E3067.05408
G1 X105.947 Y208.466 E3067.10351
G1 X105.285 Y208.116 E3067.15333
G1 X104.517 Y207.847 E3067.20746
G1 X103.661 Y207.7 E3067.26523
G1 X103.137 Y207.684 E3067.3001
G1 X102.463 Y207.731 E3067.34505
G1 X101.696 Y207.901 E3067.39731
G1 X100.966 Y208.184 E3067.44939
G1 X100.745 Y208.314 E3067.46644
G1 X100.746 Y97.413 E3074.84361
G1 X100.831 Y97.467 E3074.85031
G1 X101.605 Y97.785 E3074.90597
G1 X102.412 Y97.979 E3074.96118
G1 X103.345 Y98.038 E3075.02337
G1 X104.102 Y97.957 E3075.07401
G1 X104.804 Y97.783 E3075.12212
G1 X105.48 Y97.508 E3075.17067
G1 X106.098 Y97.15 E3075.21818
G1 X106.687 Y96.693 E3075.26777
G1 X107.255 Y96.087 E3075.32302
G1 X107.764 Y95.32 E3075.38425
G1 X108.078 Y94.613 E3075.43571
G1 X108.275 Y93.916 E3075.48389
G1 X108.379 Y93.146 E3075.53558
G1 X108.366 Y92.372 E3075.58707
G1 X108.231 Y91.584 E3075.64025
G1 X107.966 Y90.793 E3075.69575
G1 X107.564 Y90.048 E3075.75206
G1 X107.119 Y89.455 E3075.80138
G1 X106.572 Y88.906 E3075.85293
G1 X105.82 Y88.37 E3075.91436
G1 X105.126 Y88.036 E3075.96559
G1 X104.376 Y87.798 E3076.01793
G1 X103.739 Y87.7 E3076.06081
G1 X103.315 Y87.668 E3076.08909
G1 X102.553 Y87.703 E3076.13983
G1 X101.71 Y87.881 E3076.19714
G1 X100.988 Y88.158 E3076.24859
G1 X100.746 Y88.296 E3076.26712
G1 X100.746 Y73.377 E3077.25953
G1 X199.254 Y73.378 E3083.81231
G1 F1500 E3082.81231
G1 F300 Z0.8
G0 F9000 X182.331 Y135.391 Z0.8
G1 F300 Z0.6
G1 F1500 E3083.83892
G1 F2100 X181.644 Y135.183 E3083.88667
G1 X180.935 Y135.049 E3083.93467
G1 X180.192 Y134.999 E3083.9842
G1 X170.749 Y135 E3084.61235
G1 X170.014 Y135.061 E3084.66141
G1 X169.275 Y135.213 E3084.7116
G1 X168.66 Y135.409 E3084.75454
G1 X168.049 Y135.672 E3084.79879
G1 X167.523 Y135.961 E3084.83871
G1 X166.999 Y136.317 E3084.88085
G1 X166.542 Y136.694 E3084.92026
G1 X166.11 Y137.123 E3084.96076
G1 X165.689 Y137.624 E3085.00429
G1 X165.312 Y138.184 E3085.0492
G1 X165.032 Y138.701 E3085.08831
G1 X164.783 Y139.276 E3085.12999
G1 X164.553 Y140.014 E3085.18141
G1 X164.429 Y140.679 E3085.22641
G1 X164.373 Y141.29 E3085.26722
G1 X164.368 Y141.554 E3085.28479
G1 X164.369 Y153.999 E3086.11263
G1 X164.405 Y154.555 E3086.14969
G1 X164.513 Y155.207 E3086.19366
G1 X164.666 Y155.786 E3086.23349
G1 X164.9 Y156.425 E3086.27876
G1 X165.189 Y157.009 E3086.3221
G1 X165.514 Y157.536 E3086.36329
G1 X165.914 Y158.065 E3086.40741
G1 X166.401 Y158.581 E3086.45461
G1 X166.911 Y159.024 E3086.49954
G1 X167.413 Y159.377 E3086.54036
G1 X168.002 Y159.711 E3086.58541
G1 X168.628 Y159.984 E3086.63084
G1 X169.275 Y160.192 E3086.67604
G1 X169.867 Y160.318 E3086.71631
G1 X170.559 Y160.398 E3086.76264
G1 X170.917 Y160.407 E3086.78647
G1 X180.283 Y160.406 E3087.4095
G1 X180.99 Y160.35 E3087.45667
G1 X181.698 Y160.21 E3087.50468
G1 X182.379 Y159.999 E3087.55211
G1 X183.093 Y159.683 E3087.60404
G1 X183.698 Y159.33 E3087.65064
G1 X184.22 Y158.947 E3087.69371
G1 X184.671 Y158.55 E3087.73367
G1 X185.148 Y158.035 E3087.78037
G1 X185.556 Y157.489 E3087.82571
G1 X185.873 Y156.964 E3087.86651
G1 X186.158 Y156.369 E3087.91039
G1 X186.389 Y155.741 E3087.9549
G1 X186.562 Y155.025 E3088.0039
G1 X186.654 Y154.29 E3088.05318
G1 X186.669 Y153.878 E3088.0806
G1 X186.668 Y141.379 E3088.91204
G1 X186.607 Y140.653 E3088.9605
G1 X186.471 Y139.969 E3089.00689
G1 X186.268 Y139.31 E3089.05276
G1 X186.014 Y138.718 E3089.09561
G1 X185.762 Y138.242 E3089.13144
G1 X185.399 Y137.691 E3089.17533
G1 X185.02 Y137.224 E3089.21534
G1 X184.555 Y136.746 E3089.2597
G1 X184.039 Y136.315 E3089.30442
G1 X183.484 Y135.944 E3089.34883
G1 X182.936 Y135.646 E3089.39032
G1 X182.331 Y135.391 E3089.434
G1 F1500 E3088.434
G1 F300 Z0.8
G0 F9000 X198.4 Y98.104 Z0.8
G1 F300 Z0.6
G1 F1500 E3089.46061
G1 F2100 X198.399 Y207.605 E3096.74464
G0 F9000 X197.599 Y207.432
G1 F2100 X197.6 Y98.283 E3104.00526
G0 F9000 X196.8 Y98.35
G1 F2100 X196.799 Y207.365 E3111.25697
G0 F9000 X195.999 Y207.417
G1 F2100 X196 Y98.297 E3118.51566
G0 F9000 X195.2 Y98.115
G1 F2100 X195.199 Y207.6 E3125.79863
G0 F9000 X194.399 Y207.911
G1 F2100 X194.4 Y97.8 E3133.12325
G0 F9000 X193.6 Y97.323
G1 F2100 X193.599 Y208.389 E3140.51139
G0 F9000 X192.799 Y209.075
G1 F2100 X192.8 Y96.624 E3147.99166
G0 F9000 X192 Y95.52
G1 F2100 X191.999 Y210.201 E3155.62027
G1 F1500 E3154.62027
G1 F300 Z0.8
G0 F9000 X191.199 Y211.805 Z0.8
G1 F300 Z0.6
G1 F1500 E3155.64688
G1 F2100 X191.2 Y73.697 E3164.83386
G0 F9000 X190.4 Y73.697
G1 F2100 X190.399 Y211.805 E3174.02084
G0 F9000 X189.599 Y211.805
G1 F2100 X189.6 Y73.697 E3183.20782
G0 F9000 X188.8 Y73.697
G1 F2100 X188.799 Y211.805 E3192.3948
G0 F9000 X187.999 Y211.805
G1 F2100 X188 Y73.697 E3201.58179
G0 F9000 X187.2 Y73.697
G1 F2100 X187.199 Y211.805 E3210.76877
G0 F9000 X186.399 Y211.805
G1 F2100 X186.399 Y156.603 E3214.44082
G1 F1500 E3213.44082
G1 F300 Z0.8
G0 F9000 X185.599 Y157.963 Z0.8
G1 F300 Z0.6
G1 F1500 E3214.46743
G1 F2100 X185.599 Y211.86 E3218.05267
G0 F9000 X184.799 Y212.009
G1 F2100 X184.799 Y158.862 E3221.58802
G0 F9000 X183.999 Y159.505
G1 F2100 X183.999 Y212.265 E3225.09763
G0 F9000 X183.199 Y212.638
G1 F2100 X183.199 Y159.984 E3228.60019
G0 F9000 X182.399 Y160.326
G1 F2100 X182.399 Y213.137 E3232.11319
G0 F9000 X181.599 Y213.822
G1 F2100 X181.599 Y160.554 E3235.65659
G0 F9000 X180.799 Y160.684
G1 F2100 X180.799 Y214.778 E3239.25494
G1 F1500 E3238.25494
G1 F300 Z0.8
G0 F9000 X179.999 Y216.305 Z0.8
G1 F300 Z0.6
G1 F1500 E3239.28155
G1 F2100 X179.999 Y160.725 E3242.97875
G0 F9000 X179.199 Y160.725
G1 F2100 X179.199 Y226.302 E3247.34095
G0 F9000 X178.399 Y226.302
G1 F2100 X178.399 Y160.725 E3251.70315
G0 F9000 X177.599 Y160.725
G1 F2100 X177.599 Y226.302 E3256.06535
G0 F9000 X176.799 Y226.302
G1 F2100 X176.799 Y160.725 E3260.42755
G0 F9000 X175.999 Y160.725
G1 F2100 X175.999 Y226.302 E3264.78974
G0 F9000 X175.199 Y226.302
G1 F2100 X175.199 Y160.725 E3269.15194
G0 F9000 X174.399 Y160.725
G1 F2100 X174.399 Y226.302 E3273.51414
G0 F9000 X173.599 Y226.302
G1 F2100 X173.599 Y160.725 E3277.87634
G0 F9000 X172.799 Y160.725
G1 F2100 X172.799 Y226.302 E3282.23854
G0 F9000 X171.999 Y226.302
G1 F2100 X171.999 Y160.725 E3286.60074
G0 F9000 X171.199 Y160.725
G1 F2100 X171.199 Y226.302 E3290.96294
G0 F9000 X170.399 Y226.302
G1 F2100 X170.399 Y160.701 E3295.32674
G0 F9000 X169.599 Y160.588
G1 F2100 X169.599 Y226.302 E3299.69805
G0 F9000 X168.799 Y226.302
G1 F2100 X168.799 Y160.375 E3304.08353
G0 F9000 X167.999 Y160.059
G1 F2100 X167.999 Y226.302 E3308.49004
G0 F9000 X167.199 Y226.302
G1 F2100 X167.199 Y159.618 E3312.92587
G0 F9000 X166.399 Y159.004
G1 F2100 X166.399 Y226.302 E3317.40256
G0 F9000 X165.599 Y226.302
G1 F2100 X165.599 Y158.18 E3321.93405
G0 F9000 X164.799 Y156.943
G1 F2100 X164.799 Y226.302 E3326.54783
G0 F9000 X163.999 Y226.302
G1 F2100 X164 Y73.697 E3336.69915
G0 F9000 X163.2 Y73.697
G1 F2100 X163.199 Y212.796 E3345.95206
G1 F1500 E3344.95206
G1 F300 Z0.8
G0 F9000 X162.399 Y210.917 Z0.8
G1 F300 Z0.6
G1 F1500 E3345.97867
G1 F2100 X162.4 Y73.697 E3355.10658
G0 F9000 X161.6 Y73.697
G1 F2100 X161.599 Y209.868 E3364.16471
G0 F9000 X160.799 Y209.115
G1 F2100 X160.8 Y73.697 E3373.17275
G0 F9000 X160 Y73.697
G1 F2100 X159.999 Y208.574 E3382.14481
G0 F9000 X159.199 Y208.17
G1 F2100 X159.2 Y73.697 E3391.08999
G0 F9000 X158.4 Y73.697
G1 F2100 X158.399 Y207.881 E3400.01594
G0 F9000 X157.599 Y207.704
G1 F2100 X157.6 Y73.697 E3408.93012
G0 F9000 X156.8 Y73.697
G1 F2100 X156.799 Y207.628 E3417.83925
G0 F9000 X155.999 Y207.623
G1 F2100 X156 Y73.697 E3426.74804
G0 F9000 X155.2 Y73.697
G1 F2100 X155.199 Y207.623 E3435.65684
G0 F9000 X154.399 Y207.623
G1 F2100 X154.4 Y73.697 E3444.56563
G0 F9000 X153.6 Y73.697
G1 F2100 X153.599 Y207.623 E3453.47442
G0 F9000 X152.799 Y207.623
G1 F2100 X152.8 Y73.697 E3462.38322
G0 F9000 X152 Y73.697
G1 F2100 X151.999 Y207.623 E3471.29201
G0 F9000 X151.199 Y207.623
G1 F2100 X151.2 Y73.697 E3480.20081
G0 F9000 X150.4 Y73.697
G1 F2100 X150.399 Y207.623 E3489.1096
G0 F9000 X149.599 Y207.623
G1 F2100 X149.6 Y73.697 E3498.01839
G0 F9000 X148.8 Y73.697
G1 F2100 X148.799 Y207.623 E3506.92719
G0 F9000 X147.999 Y207.623
G1 F2100 X148 Y73.697 E3515.83598
G0 F9000 X147.2 Y73.697
G1 F2100 X147.199 Y207.623 E3524.74477
G0 F9000 X146.399 Y207.629
G1 F2100 X146.4 Y73.697 E3533.65397
G0 F9000 X145.6 Y73.697
G1 F2100 X145.599 Y207.714 E3542.56881
G0 F9000 X144.799 Y207.902
G1 F2100 X144.8 Y73.697 E3551.49617
G0 F9000 X144 Y73.697
G1 F2100 X143.999 Y208.194 E3560.44294
G0 F9000 X143.199 Y208.604
G1 F2100 X143.2 Y73.697 E3569.41699
G0 F9000 X142.4 Y73.697
G1 F2100 X142.399 Y209.153 E3578.42756
G0 F9000 X141.599 Y209.92
G1 F2100 X141.6 Y73.697 E3587.48915
G0 F9000 X140.8 Y73.697
G1 F2100 X140.799 Y211.013 E3596.62345
G1 F1500 E3595.62345
G1 F300 Z0.8
G0 F9000 X139.999 Y213.032 Z0.8
G1 F300 Z0.6
G1 F1500 E3596.65006
G1 F2100 X140 Y73.697 E3605.91866
G0 F9000 X139.2 Y73.697
G1 F2100 X139.199 Y226.302 E3616.06999
G0 F9000 X138.399 Y226.302
G1 F2100 X138.4 Y73.697 E3626.22131
G0 F9000 X137.6 Y73.697
G1 F2100 X137.599 Y226.302 E3636.37264
G0 F9000 X136.799 Y226.302
G1 F2100 X136.8 Y73.697 E3646.52396
G0 F9000 X136 Y73.697
G1 F2100 X135.999 Y226.302 E3656.67529
G0 F9000 X135.199 Y226.302
G1 F2100 X135.2 Y73.697 E3666.82662
G0 F9000 X134.4 Y73.697
G1 F2100 X134.399 Y226.302 E3676.97794
G0 F9000 X133.599 Y226.302
G1 F2100 X133.6 Y73.697 E3687.12927
G0 F9000 X132.8 Y73.697
G1 F2100 X132.799 Y226.302 E3697.28059
G0 F9000 X131.999 Y226.302
G1 F2100 X132 Y73.697 E3707.43192
G0 F9000 X131.2 Y73.697
G1 F2100 X131.199 Y226.302 E3717.58325
G0 F9000 X130.399 Y226.302
G1 F2100 X130.399 Y73.697 E3727.73457
G0 F9000 X129.599 Y73.697
G1 F2100 X129.599 Y226.302 E3737.8859
G0 F9000 X128.799 Y226.302
G1 F2100 X128.799 Y73.697 E3748.03722
G0 F9000 X127.999 Y73.697
G1 F2100 X127.999 Y226.302 E3758.18855
G0 F9000 X127.199 Y226.302
G1 F2100 X127.199 Y73.697 E3768.33987
G0 F9000 X126.399 Y73.697
G1 F2100 X126.399 Y226.302 E3778.4912
G0 F9000 X125.599 Y226.302
G1 F2100 X125.599 Y73.697 E3788.64253
G0 F9000 X124.799 Y73.697
G1 F2100 X124.799 Y226.302 E3798.79385
G0 F9000 X123.999 Y226.302
G1 F2100 X123.999 Y73.697 E3808.94518
G0 F9000 X123.199 Y73.697
G1 F2100 X123.199 Y226.302 E3819.0965
G0 F9000 X122.399 Y226.302
G1 F2100 X122.399 Y73.697 E3829.24783
G0 F9000 X121.599 Y73.697
G1 F2100 X121.599 Y226.302 E3839.39916
G0 F9000 X120.799 Y226.302
G1 F2100 X120.799 Y73.697 E3849.55048
G0 F9000 X119.999 Y73.697
G1 F2100 X119.999 Y226.302 E3859.70181
G0 F9000 X119.199 Y226.302
G1 F2100 X119.199 Y73.697 E3869.85313
G0 F9000 X118.399 Y73.697
G1 F2100 X118.399 Y226.302 E3880.00446
G0 F9000 X117.599 Y226.302
G1 F2100 X117.599 Y73.697 E3890.15578
G0 F9000 X116.799 Y73.697
G1 F2100 X116.799 Y226.302 E3900.30711
G0 F9000 X115.999 Y226.302
G1 F2100 X115.999 Y73.697 E3910.45844
G0 F9000 X115.199 Y73.697
G1 F2100 X115.199 Y226.302 E3920.60976
G0 F9000 X114.399 Y226.302
G1 F2100 X114.399 Y73.697 E3930.76109
G0 F9000 X113.599 Y73.697
G1 F2100 X113.599 Y226.302 E3940.91241
G0 F9000 X112.799 Y226.302
G1 F2100 X112.799 Y73.697 E3951.06374
G0 F9000 X111.999 Y73.697
G1 F2100 X111.999 Y226.302 E3961.21506
G0 F9000 X111.199 Y226.302
G1 F2100 X111.199 Y73.697 E3971.36639
G0 F9000 X110.399 Y73.697
G1 F2100 X110.399 Y226.302 E3981.51772
G0 F9000 X109.599 Y226.302
G1 F2100 X109.599 Y73.697 E3991.66904
G0 F9000 X108.799 Y73.697
G1 F2100 X108.799 Y226.302 E4001.82037
G0 F9000 X107.999 Y226.302
G1 F2100 X107.999 Y215.557 E4002.53513
G0 F9000 X107.199 Y216.642
G1 F2100 X107.199 Y226.302 E4003.17771
G0 F9000 X106.399 Y226.302
G1 F2100 X106.399 Y217.338 E4003.774
G0 F9000 X105.599 Y217.81
G1 F2100 X105.599 Y226.302 E4004.33889
G0 F9000 X104.799 Y226.302
G1 F2100 X104.799 Y218.121 E4004.88309
G0 F9000 X103.999 Y218.299
G1 F2100 X103.999 Y226.302 E4005.41546
G0 F9000 X103.199 Y226.302
G1 F2100 X103.199 Y218.358 E4005.94389
G0 F9000 X102.399 Y218.297
G1 F2100 X102.399 Y226.302 E4006.47639
G0 F9000 X101.599 Y226.302
G1 F2100 X101.599 Y218.125 E4007.02032
G1 F1500 E4006.02032
G1 F300 Z0.8
G0 F9000 X107.999 Y210.194 Z0.8
G1 F300 Z0.6
G1 F1500 E4007.04693
G1 F2100 X107.999 Y95.541 E4014.67368
G0 F9000 X107.199 Y96.612
G1 F2100 X107.199 Y209.095 E4022.15608
G0 F9000 X106.399 Y208.4
G1 F2100 X106.399 Y97.32 E4029.54515
G0 F9000 X105.599 Y97.803
G1 F2100 X105.599 Y207.92 E4036.87016
G0 F9000 X104.799 Y207.606
G1 F2100 X104.799 Y98.112 E4044.15374
G0 F9000 X103.999 Y98.288
G1 F2100 X103.999 Y207.433 E4051.41409
G0 F9000 X103.199 Y207.366
G1 F2100 X103.199 Y98.348 E4058.666
G0 F9000 X102.399 Y98.298
G1 F2100 X102.399 Y207.418 E4065.92469
G0 F9000 X101.599 Y207.596
G1 F2100 X101.599 Y98.112 E4073.20759
G1 F1500 E4072.20759
G1 F300 Z0.8
G0 F9000 X107.999 Y90.18 Z0.8
G1 F300 Z0.6
G1 F1500 E4073.2342
G1 F2100 X107.999 Y73.697 E4074.33066
G0 F9000 X107.199 Y73.697
G1 F2100 X107.199 Y89.082 E4075.35407
G0 F9000 X106.399 Y88.388
G1 F2100 X106.399 Y73.697 E4076.33132
G0 F9000 X105.599 Y73.697
G1 F2100 X105.599 Y87.907 E4077.27657
G0 F9000 X104.799 Y87.594
G1 F2100 X104.799 Y73.697 E4078.201
G0 F9000 X103.999 Y73.697
G1 F2100 X103.999 Y87.414 E4079.11346
G0 F9000 X103.199 Y87.352
G1 F2100 X103.199 Y73.697 E4080.0218
G0 F9000 X102.399 Y73.697
G1 F2100 X102.399 Y87.408 E4080.93386
G0 F9000 X101.599 Y87.58
G1 F2100 X101.599 Y73.697 E4081.85736
G1 F1500 E4080.85736
G1 F300 Z0.8
G0 F9000 X164.8 Y73.697 Z0.8
G1 F300 Z0.6
G1 F1500 E4081.88397
G1 F2100 X164.799 Y138.456 E4086.19175
G0 F9000 X165.599 Y137.231
G1 F2100 X165.6 Y73.697 E4090.41805
G0 F9000 X166.4 Y73.697
G1 F2100 X166.399 Y136.396 E4094.58881
G0 F9000 X167.199 Y135.793
G1 F2100 X167.2 Y73.697 E4098.71945
G0 F9000 X168 Y73.697
G1 F2100 X167.999 Y135.345 E4102.82029
G0 F9000 X168.799 Y135.028
G1 F2100 X168.8 Y73.697 E4106.90004
G0 F9000 X169.6 Y73.697
G1 F2100 X169.599 Y134.818 E4110.96583
G0 F9000 X170.399 Y134.707
G1 F2100 X170.4 Y73.697 E4115.02423
G0 F9000 X171.2 Y73.697
G1 F2100 X171.199 Y134.679 E4119.08077
G0 F9000 X171.999 Y134.679
G1 F2100 X172 Y73.697 E4123.13731
G0 F9000 X172.8 Y73.697
G1 F2100 X172.799 Y134.679 E4127.19385
G0 F9000 X173.599 Y134.679
G1 F2100 X173.6 Y73.697 E4131.25039
G0 F9000 X174.4 Y73.697
G1 F2100 X174.399 Y134.679 E4135.30693
G0 F9000 X175.199 Y134.679
G1 F2100 X175.2 Y73.697 E4139.36347
G0 F9000 X176 Y73.697
G1 F2100 X175.999 Y134.679 E4143.42001
G0 F9000 X176.799 Y134.679
G1 F2100 X176.8 Y73.697 E4147.47654
G0 F9000 X177.6 Y73.697
G1 F2100 X177.599 Y134.679 E4151.53308
G0 F9000 X178.399 Y134.679
G1 F2100 X178.4 Y73.697 E4155.58962
G0 F9000 X179.2 Y73.697
G1 F2100 X179.199 Y134.679 E4159.64616
G0 F9000 X179.999 Y134.679
G92 E0
G1 F2100 X180 Y73.697 E4.05654
G0 F9000 X180.8 Y73.697
G1 F2100 X180.799 Y134.719 E8.11574
G0 F9000 X181.599 Y134.848
G1 F2100 X181.6 Y73.697 E12.18352
G0 F9000 X182.4 Y73.697
G1 F2100 X182.399 Y135.076 E16.26647
G0 F9000 X183.199 Y135.423
G1 F2100 X183.2 Y73.697 E20.3725
G0 F9000 X184 Y73.697
G1 F2100 X183.999 Y135.902 E24.51039
G0 F9000 X184.799 Y136.537
G1 F2100 X184.8 Y73.697 E28.69053
G0 F9000 X185.6 Y73.697
G1 F2100 X185.599 Y137.429 E32.92999
G1 F1500 E31.92999
G1 F300 Z0.8
G0 F9000 X186.399 Y138.806 Z0.8
G1 F300 Z0.6
G1 F1500 E32.9566
G1 F2100 X186.4 Y73.697 E37.28767
G1 F1500 E36.28767
G1 F300 Z0.8
G0 F9000 X192 Y73.697 Z0.8
G1 F300 Z0.6
G1 F1500 E37.31428
G1 F2100 X192 Y90.169 E38.41
G0 F9000 X192.8 Y89.06
G1 F2100 X192.8 Y73.697 E39.43195
G0 F9000 X193.6 Y73.697
G1 F2100 X193.6 Y88.37 E40.408
G0 F9000 X194.4 Y87.895
G1 F2100 X194.4 Y73.697 E41.35246
G0 F9000 X195.2 Y73.697
G1 F2100 X195.2 Y87.58 E42.27596
G0 F9000 X196 Y87.409
G1 F2100 X196 Y73.697 E43.18809
G0 F9000 X196.8 Y73.697
G1 F2100 X196.8 Y87.352 E44.09642
G0 F9000 X197.6 Y87.414
G1 F2100 X197.6 Y73.697 E45.00888
G0 F9000 X198.4 Y73.697
G1 F2100 X198.4 Y87.595 E45.93338
G1 F1500 E44.93338
G1 F300 Z0.8
G0 F9000 X199.255 Y217.419 Z0.8
G1 F300 Z0.6
G1 F1500 E45.95999
G1 F2100 X199.255 Y226.623 E46.57224
G1 X199.071 Y226.623 E46.58448
G1 X199.071 Y218.5 E47.12482
G1 X199.009 Y217.762 E47.17409
G1 X198.968 Y217.566 E47.18741
G1 X199.255 Y217.419 E47.20886
G1 F1500 E46.20886
G1 F300 Z0.8
;MESH:NONMESH
G0 F9000 X106.374 Y91.166 Z0.8
;TIME_ELAPSED:2633.164260
;LAYER:3
;TYPE:WALL-INNER
;MESH:Top of Case.STL
G1 F300 Z0.8
G1 F1500 E47.23546
G1 F2400 X106.097 Y90.724 E47.27016
G1 X105.74 Y90.31 E47.30653
G1 X105.353 Y89.973 E47.34066
G1 X104.886 Y89.678 E47.37741
G1 X104.42 Y89.472 E47.4113
G1 X103.943 Y89.336 E47.44429
G1 X103.472 Y89.271 E47.47592
G1 X103.167 Y89.261 E47.49622
G1 X102.693 Y89.294 E47.52783
G1 X102.157 Y89.413 E47.56435
G1 X101.665 Y89.602 E47.59941
G1 X101.089 Y89.94 E47.64384
G1 X100.582 Y90.387 E47.6888
G1 X100.244 Y90.809 E47.72476
G1 X99.917 Y91.386 E47.76888
G1 X99.712 Y91.991 E47.81137
G1 X99.613 Y92.64 E47.85505
G1 X99.622 Y93.186 E47.89137
G1 X99.753 Y93.874 E47.93796
G1 X99.954 Y94.387 E47.97461
G1 X100.253 Y94.908 E48.01457
G1 X100.591 Y95.32 E48.05002
G1 X101.037 Y95.718 E48.08978
G1 X101.513 Y96.021 E48.12732
G1 X101.981 Y96.228 E48.16136
G1 X102.456 Y96.364 E48.19422
G1 X102.951 Y96.433 E48.22747
G1 X103.454 Y96.433 E48.26093
G1 X103.964 Y96.362 E48.29518
G1 X104.508 Y96.196 E48.33302
G1 X105.109 Y95.896 E48.3777
G1 X105.64 Y95.488 E48.42224
G1 X106.003 Y95.096 E48.45778
G1 X106.343 Y94.595 E48.49806
G1 X106.6 Y94.02 E48.53995
G1 X106.742 Y93.453 E48.57884
G1 X106.794 Y92.799 E48.62248
G1 X106.74 Y92.232 E48.66037
G1 X106.613 Y91.725 E48.69513
G1 X106.374 Y91.166 E48.73557
G0 F9000 X105.663 Y91.538
G1 F2400 X105.451 Y91.2 E48.76211
G1 X105.172 Y90.876 E48.79056
G1 X104.874 Y90.617 E48.81682
G1 X104.508 Y90.386 E48.84561
G1 X104.147 Y90.226 E48.87188
G1 X103.778 Y90.121 E48.8974
G1 X103.404 Y90.069 E48.92252
G1 X103.182 Y90.062 E48.93729
G1 X102.808 Y90.088 E48.96223
G1 X102.388 Y90.181 E48.99084
G1 X102.013 Y90.325 E49.01757
G1 X101.56 Y90.591 E49.05251
G1 X101.163 Y90.941 E49.08772
G1 X100.908 Y91.259 E49.11483
G1 X100.65 Y91.714 E49.14962
G1 X100.492 Y92.181 E49.18242
G1 X100.414 Y92.694 E49.21694
G1 X100.421 Y93.104 E49.24421
G1 X100.525 Y93.652 E49.28132
G1 X100.677 Y94.04 E49.30904
G1 X100.914 Y94.452 E49.34065
G1 X101.17 Y94.765 E49.36755
G1 X101.521 Y95.078 E49.39884
G1 X101.892 Y95.314 E49.42808
G1 X102.254 Y95.474 E49.45441
G1 X102.622 Y95.579 E49.47987
G1 X103.007 Y95.633 E49.50573
G1 X103.398 Y95.633 E49.53174
G1 X103.791 Y95.578 E49.55814
G1 X104.211 Y95.45 E49.58734
G1 X104.683 Y95.215 E49.62242
G1 X105.099 Y94.895 E49.65733
G1 X105.375 Y94.597 E49.68435
G1 X105.641 Y94.204 E49.71592
G1 X105.841 Y93.757 E49.74849
G1 X105.95 Y93.323 E49.77826
G1 X105.991 Y92.806 E49.81276
G1 X105.949 Y92.368 E49.84203
G1 X105.852 Y91.981 E49.86857
G1 X105.663 Y91.538 E49.9006
G0 F9000 X104.952 Y91.91
;TYPE:WALL-OUTER
G1 F2400 X104.805 Y91.676 E49.91899
G1 X104.604 Y91.442 E49.93951
G1 X104.395 Y91.261 E49.9579
G1 X104.13 Y91.093 E49.97877
G1 X103.875 Y90.98 E49.99732
G1 X103.613 Y90.906 E50.01543
G1 X103.336 Y90.867 E50.03404
G1 X103.198 Y90.863 E50.04323
G1 X102.922 Y90.882 E50.06163
G1 X102.619 Y90.949 E50.08227
G1 X102.362 Y91.048 E50.10059
G1 X102.032 Y91.242 E50.12606
G1 X101.744 Y91.496 E50.1516
G1 X101.572 Y91.71 E50.16986
G1 X101.383 Y92.043 E50.19533
G1 X101.272 Y92.371 E50.21837
G1 X101.215 Y92.747 E50.24366
G1 X101.22 Y93.022 E50.26196
G1 X101.297 Y93.43 E50.28958
G1 X101.4 Y93.692 E50.30831
G1 X101.575 Y93.996 E50.33164
G1 X101.75 Y94.21 E50.35003
G1 X102.005 Y94.438 E50.37278
G1 X102.271 Y94.607 E50.39375
G1 X102.526 Y94.72 E50.4123
G1 X102.788 Y94.794 E50.43041
G1 X103.063 Y94.833 E50.44889
G1 X103.342 Y94.833 E50.46745
G1 X103.618 Y94.794 E50.48599
G1 X103.915 Y94.704 E50.50663
G1 X104.257 Y94.534 E50.53204
G1 X104.558 Y94.302 E50.55732
G1 X104.747 Y94.098 E50.57582
G1 X104.939 Y93.814 E50.59862
G1 X105.082 Y93.494 E50.62194
G1 X105.158 Y93.193 E50.64259
G1 X105.188 Y92.813 E50.66794
G1 X105.158 Y92.504 E50.68859
G1 X105.091 Y92.236 E50.70697
G1 X104.952 Y91.91 E50.73055
G0 F9000 X105.731 Y91.503
G1 F1500 E49.73055
G1 F300 Z1
G0 F9000 X105.508 Y210.112 Z1
;TYPE:WALL-INNER
G1 F300 Z0.8
G1 F1500 E50.75715
G1 F2400 X105.041 Y209.779 E50.79531
G1 X104.444 Y209.493 E50.83934
G1 X103.943 Y209.351 E50.87398
G1 X103.479 Y209.286 E50.90515
G1 X103.169 Y209.275 E50.92578
G1 X102.69 Y209.309 E50.95773
G1 X102.156 Y209.428 E50.99412
G1 X101.66 Y209.619 E51.02947
G1 X101.051 Y209.982 E51.07664
G1 X100.573 Y210.413 E51.11945
G1 X100.21 Y210.87 E51.15827
G1 X99.9 Y211.445 E51.20173
G1 X99.727 Y211.948 E51.23711
G1 X99.626 Y212.504 E51.2747
G1 X99.618 Y213.155 E51.31801
G1 X99.704 Y213.695 E51.35438
G1 X99.914 Y214.318 E51.39811
G1 X100.185 Y214.817 E51.43589
G1 X100.489 Y215.22 E51.46947
G1 X100.853 Y215.584 E51.50371
G1 X101.291 Y215.907 E51.53991
G1 X101.745 Y216.148 E51.5741
G1 X102.216 Y216.318 E51.60741
G1 X102.702 Y216.421 E51.64046
G1 X103.202 Y216.456 E51.6738
G1 X103.708 Y216.421 E51.70754
G1 X104.245 Y216.302 E51.74413
G1 X104.709 Y216.123 E51.77721
G1 X105.115 Y215.904 E51.8079
G1 X105.528 Y215.602 E51.84193
G1 X105.916 Y215.216 E51.87834
G1 X106.219 Y214.812 E51.91193
G1 X106.488 Y214.318 E51.94935
G1 X106.687 Y213.736 E51.99026
G1 X106.775 Y213.219 E52.02515
G1 X106.783 Y212.575 E52.06799
G1 X106.699 Y212.053 E52.10316
G1 X106.551 Y211.572 E52.13664
G1 X106.328 Y211.098 E52.17148
G1 X105.926 Y210.519 E52.21837
G1 X105.508 Y210.112 E52.25718
G0 F9000 X104.994 Y210.728
G1 F2400 X104.633 Y210.471 E52.28666
G1 X104.16 Y210.244 E52.32156
G1 X103.778 Y210.136 E52.34797
G1 X103.409 Y210.084 E52.37275
G1 X103.183 Y210.076 E52.3878
G1 X102.806 Y210.103 E52.41294
G1 X102.388 Y210.196 E52.44142
G1 X102.011 Y210.341 E52.46829
G1 X101.528 Y210.629 E52.5057
G1 X101.158 Y210.962 E52.53881
G1 X100.881 Y211.312 E52.56851
G1 X100.635 Y211.767 E52.60291
G1 X100.503 Y212.151 E52.62992
G1 X100.425 Y212.581 E52.65899
G1 X100.419 Y213.096 E52.69325
G1 X100.484 Y213.503 E52.72067
G1 X100.65 Y213.997 E52.75534
G1 X100.86 Y214.383 E52.78457
G1 X101.094 Y214.694 E52.81046
G1 X101.376 Y214.976 E52.83699
G1 X101.718 Y215.228 E52.86525
G1 X102.07 Y215.415 E52.89176
G1 X102.436 Y215.547 E52.91764
G1 X102.813 Y215.627 E52.94328
G1 X103.202 Y215.654 E52.96922
G1 X103.593 Y215.627 E52.99529
G1 X104.013 Y215.534 E53.0239
G1 X104.374 Y215.395 E53.04964
G1 X104.687 Y215.226 E53.0733
G1 X105.007 Y214.992 E53.09967
G1 X105.311 Y214.69 E53.12817
G1 X105.544 Y214.379 E53.15402
G1 X105.753 Y213.995 E53.1831
G1 X105.909 Y213.538 E53.21523
G1 X105.976 Y213.146 E53.24168
G1 X105.982 Y212.634 E53.27574
G1 X105.918 Y212.235 E53.30262
G1 X105.803 Y211.861 E53.32865
G1 X105.633 Y211.499 E53.35525
G1 X105.313 Y211.039 E53.39253
G1 X104.994 Y210.728 E53.42216
G0 F9000 X104.479 Y211.343
;TYPE:WALL-OUTER
G1 F2400 X104.225 Y211.162 E53.44291
G1 X103.877 Y210.995 E53.46859
G1 X103.613 Y210.921 E53.48683
G1 X103.338 Y210.882 E53.5053
G1 X103.198 Y210.877 E53.51462
G1 X102.922 Y210.897 E53.53303
G1 X102.619 Y210.964 E53.55367
G1 X102.362 Y211.063 E53.57199
G1 X102.005 Y211.276 E53.59965
G1 X101.744 Y211.511 E53.62301
G1 X101.552 Y211.754 E53.64361
G1 X101.37 Y212.09 E53.66903
G1 X101.279 Y212.354 E53.6876
G1 X101.224 Y212.657 E53.70809
G1 X101.22 Y213.037 E53.73337
G1 X101.264 Y213.312 E53.75189
G1 X101.386 Y213.677 E53.77749
G1 X101.534 Y213.949 E53.79809
G1 X101.699 Y214.168 E53.81633
G1 X101.899 Y214.368 E53.83515
G1 X102.145 Y214.549 E53.85546
G1 X102.395 Y214.682 E53.8743
G1 X102.656 Y214.776 E53.89275
G1 X102.924 Y214.833 E53.91098
G1 X103.202 Y214.852 E53.92952
G1 X103.479 Y214.833 E53.94798
G1 X103.782 Y214.766 E53.96863
G1 X104.039 Y214.667 E53.98695
G1 X104.259 Y214.548 E54.00359
G1 X104.486 Y214.382 E54.02229
G1 X104.705 Y214.164 E54.04285
G1 X104.869 Y213.945 E54.06105
G1 X105.018 Y213.672 E54.08174
G1 X105.131 Y213.34 E54.10507
G1 X105.177 Y213.073 E54.12309
G1 X105.181 Y212.693 E54.14837
G1 X105.137 Y212.416 E54.16702
G1 X105.055 Y212.15 E54.18554
G1 X104.938 Y211.9 E54.2039
G1 X104.7 Y211.559 E54.23156
G1 X104.479 Y211.343 E54.25212
G0 F9000 X105.043 Y210.668
G1 F1500 E53.25212
G1 F300 Z1
G0 F9000 X198.232 Y210.471 Z1
;TYPE:WALL-INNER
G1 F300 Z0.8
G1 F1500 E54.27873
G1 F2400 X197.759 Y210.244 E54.31363
G1 X197.377 Y210.136 E54.34003
G1 X197.008 Y210.084 E54.36482
G1 X196.782 Y210.076 E54.37987
G1 X196.405 Y210.103 E54.40501
G1 X195.987 Y210.196 E54.43349
G1 X195.61 Y210.341 E54.46036
G1 X195.127 Y210.629 E54.49777
G1 X194.757 Y210.962 E54.53088
G1 X194.48 Y211.312 E54.56057
G1 X194.234 Y211.768 E54.59504
G1 X194.102 Y212.152 E54.62205
G1 X194.02 Y212.612 E54.65313
G1 X194.013 Y213.022 E54.68041
G1 X194.081 Y213.497 E54.71233
G1 X194.249 Y213.997 E54.74742
G1 X194.459 Y214.383 E54.77665
G1 X194.693 Y214.694 E54.80254
G1 X194.975 Y214.976 E54.82907
G1 X195.317 Y215.228 E54.85732
G1 X195.669 Y215.415 E54.88384
G1 X196.035 Y215.547 E54.90972
G1 X196.412 Y215.627 E54.93536
G1 X196.801 Y215.654 E54.9613
G1 X197.187 Y215.627 E54.98704
G1 X197.549 Y215.553 E55.01161
G1 X198.026 Y215.372 E55.04555
G1 X198.474 Y215.097 E55.08052
G1 X198.779 Y214.832 E55.1074
G1 X199.063 Y214.498 E55.13656
G1 X199.347 Y214.008 E55.17423
G1 X199.496 Y213.58 E55.20438
G1 X199.579 Y213.117 E55.23567
G1 X199.586 Y212.708 E55.26288
G1 X199.518 Y212.233 E55.2948
G1 X199.35 Y211.733 E55.32989
G1 X199.141 Y211.347 E55.35909
G1 X198.902 Y211.029 E55.38555
G1 X198.593 Y210.728 E55.41424
G1 X198.232 Y210.471 E55.44372
G0 F9000 X197.824 Y211.162
;TYPE:WALL-OUTER
G1 F2400 X197.476 Y210.995 E55.4694
G1 X197.212 Y210.921 E55.48764
G1 X196.937 Y210.882 E55.50611
G1 X196.797 Y210.877 E55.51543
G1 X196.521 Y210.897 E55.53384
G1 X196.218 Y210.964 E55.55448
G1 X195.961 Y211.063 E55.5728
G1 X195.604 Y211.276 E55.60045
G1 X195.343 Y211.511 E55.62382
G1 X195.151 Y211.754 E55.64442
G1 X194.969 Y212.09 E55.66984
G1 X194.879 Y212.353 E55.68833
G1 X194.819 Y212.69 E55.7111
G1 X194.814 Y212.972 E55.72986
G1 X194.863 Y213.312 E55.75271
G1 X194.985 Y213.677 E55.77831
G1 X195.133 Y213.949 E55.79891
G1 X195.298 Y214.168 E55.81715
G1 X195.498 Y214.368 E55.83596
G1 X195.744 Y214.549 E55.85628
G1 X195.994 Y214.682 E55.87512
G1 X196.255 Y214.776 E55.89357
G1 X196.523 Y214.833 E55.9118
G1 X196.801 Y214.852 E55.93033
G1 X197.078 Y214.833 E55.9488
G1 X197.325 Y214.782 E55.96558
G1 X197.672 Y214.651 E55.99025
G1 X197.999 Y214.45 E56.01578
G1 X198.208 Y214.268 E56.03422
G1 X198.407 Y214.034 E56.05465
G1 X198.617 Y213.672 E56.08249
G1 X198.72 Y213.377 E56.10328
G1 X198.78 Y213.039 E56.12611
G1 X198.785 Y212.758 E56.14481
G1 X198.736 Y212.418 E56.16766
G1 X198.614 Y212.053 E56.19326
G1 X198.466 Y211.781 E56.21386
G1 X198.299 Y211.559 E56.23234
G1 X198.078 Y211.343 E56.25289
G1 X197.824 Y211.162 E56.27364
G0 F9000 X198.271 Y210.405
G1 F1500 E55.27364
G1 F300 Z1
G0 F9000 X183.58 Y136.962 Z1
;TYPE:WALL-INNER
G1 F300 Z0.8
G1 F1500 E56.30025
G1 F2400 X183.111 Y136.641 E56.33805
G1 X182.587 Y136.356 E56.37773
G1 X182.06 Y136.135 E56.41575
G1 X181.484 Y135.959 E56.45581
G1 X180.873 Y135.839 E56.49723
G1 X180.229 Y135.79 E56.54019
G1 X170.784 Y135.79 E57.16848
G1 X170.213 Y135.832 E57.20656
G1 X169.659 Y135.933 E57.24402
G1 X169.145 Y136.076 E57.27951
G1 X168.53 Y136.317 E57.32345
G1 X168.038 Y136.572 E57.36031
G1 X167.472 Y136.947 E57.40548
G1 X166.989 Y137.353 E57.44745
G1 X166.518 Y137.853 E57.49314
G1 X166.151 Y138.34 E57.53371
G1 X165.867 Y138.808 E57.57012
G1 X165.656 Y139.233 E57.60169
G1 X165.473 Y139.7 E57.63505
G1 X165.319 Y140.223 E57.67132
G1 X165.22 Y140.738 E57.7062
G1 X165.164 Y141.29 E57.74311
G1 X165.158 Y141.56 E57.76108
G1 X165.159 Y153.988 E58.58779
G1 X165.195 Y154.484 E58.62087
G1 X165.299 Y155.11 E58.66308
G1 X165.456 Y155.665 E58.70145
G1 X165.695 Y156.267 E58.74454
G1 X165.983 Y156.804 E58.78507
G1 X166.32 Y157.306 E58.82529
G1 X166.722 Y157.786 E58.86694
G1 X167.222 Y158.257 E58.91263
G1 X167.711 Y158.628 E58.95346
G1 X168.232 Y158.941 E58.99389
G1 X168.733 Y159.176 E59.03071
G1 X169.264 Y159.368 E59.06827
G1 X169.862 Y159.516 E59.10925
G1 X170.517 Y159.603 E59.1532
G1 X170.85 Y159.616 E59.17537
G1 X180.186 Y159.617 E59.7964
G1 X180.768 Y159.58 E59.83519
G1 X181.288 Y159.492 E59.87028
G1 X181.821 Y159.353 E59.90692
G1 X182.338 Y159.161 E59.9436
G1 X182.798 Y158.944 E59.97744
G1 X183.285 Y158.656 E60.01507
G1 X183.809 Y158.264 E60.0586
G1 X184.286 Y157.815 E60.10218
G1 X184.706 Y157.318 E60.14546
G1 X185.027 Y156.849 E60.18327
G1 X185.312 Y156.325 E60.22295
G1 X185.533 Y155.798 E60.26096
G1 X185.709 Y155.222 E60.30103
G1 X185.829 Y154.611 E60.34245
G1 X185.878 Y153.967 E60.38541
G1 X185.879 Y141.488 E61.21552
G1 X185.846 Y140.941 E61.25197
G1 X185.754 Y140.386 E61.28939
G1 X185.615 Y139.851 E61.32616
G1 X185.423 Y139.328 E61.36322
G1 X185.203 Y138.867 E61.3972
G1 X184.918 Y138.383 E61.43456
G1 X184.526 Y137.859 E61.47809
G1 X184.077 Y137.382 E61.52167
G1 X183.58 Y136.962 E61.56496
G0 F9000 X183.095 Y137.599
G1 F2400 X182.693 Y137.324 E61.59735
G1 X182.24 Y137.078 E61.63164
G1 X181.788 Y136.888 E61.66426
G1 X181.29 Y136.736 E61.6989
G1 X180.765 Y136.633 E61.73448
G1 X180.199 Y136.59 E61.77224
G1 X170.814 Y136.59 E62.39654
G1 X170.315 Y136.627 E62.42982
G1 X169.838 Y136.714 E62.46208
G1 X169.399 Y136.836 E62.49238
G1 X168.861 Y137.047 E62.53083
G1 X168.444 Y137.263 E62.56207
G1 X167.952 Y137.589 E62.60133
G1 X167.539 Y137.936 E62.63721
G1 X167.13 Y138.37 E62.67688
G1 X166.814 Y138.789 E62.71179
G1 X166.569 Y139.194 E62.74327
G1 X166.388 Y139.558 E62.77032
G1 X166.23 Y139.96 E62.79905
G1 X166.097 Y140.412 E62.83039
G1 X166.012 Y140.854 E62.86033
G1 X165.963 Y141.339 E62.89276
G1 X165.958 Y141.569 E62.90806
G1 X165.959 Y153.959 E63.73225
G1 X165.99 Y154.389 E63.76093
G1 X166.081 Y154.935 E63.79775
G1 X166.215 Y155.408 E63.83045
G1 X166.422 Y155.93 E63.8678
G1 X166.669 Y156.391 E63.90259
G1 X166.96 Y156.825 E63.93735
G1 X167.305 Y157.236 E63.97305
G1 X167.739 Y157.645 E64.01272
G1 X168.16 Y157.964 E64.04785
G1 X168.609 Y158.234 E64.0827
G1 X169.039 Y158.436 E64.11431
G1 X169.497 Y158.601 E64.14669
G1 X170.012 Y158.729 E64.18199
G1 X170.585 Y158.805 E64.22044
G1 X170.866 Y158.816 E64.23915
G1 X180.16 Y158.817 E64.85739
G1 X180.676 Y158.784 E64.89178
G1 X181.12 Y158.709 E64.92173
G1 X181.58 Y158.589 E64.95336
G1 X182.027 Y158.423 E64.98508
G1 X182.423 Y158.236 E65.01421
G1 X182.841 Y157.989 E65.04651
G1 X183.294 Y157.65 E65.08414
G1 X183.705 Y157.264 E65.12165
G1 X184.069 Y156.833 E65.15918
G1 X184.344 Y156.431 E65.19158
G1 X184.59 Y155.978 E65.22587
G1 X184.78 Y155.526 E65.25848
G1 X184.932 Y155.028 E65.29312
G1 X185.035 Y154.503 E65.32871
G1 X185.078 Y153.937 E65.36647
G1 X185.079 Y141.512 E66.19298
G1 X185.05 Y141.03 E66.2251
G1 X184.971 Y140.552 E66.25733
G1 X184.851 Y140.09 E66.28908
G1 X184.685 Y139.639 E66.32105
G1 X184.496 Y139.243 E66.35024
G1 X184.251 Y138.827 E66.38235
G1 X183.912 Y138.374 E66.41999
G1 X183.526 Y137.963 E66.4575
G1 X183.095 Y137.599 E66.49502
G0 F9000 X182.61 Y138.236
G1 F2400 X182.276 Y138.008 E66.52192
G1 X181.893 Y137.8 E66.55092
G1 X181.515 Y137.641 E66.57819
G1 X181.096 Y137.513 E66.60734
G1 X180.657 Y137.427 E66.6371
G1 X180.169 Y137.39 E66.66965
G1 X170.844 Y137.39 E67.28995
G1 X170.417 Y137.422 E67.31844
G1 X170.017 Y137.495 E67.34548
G1 X169.653 Y137.596 E67.37061
G1 X169.192 Y137.777 E67.40356
G1 X168.85 Y137.954 E67.42917
G1 X168.432 Y138.231 E67.46253
G1 X168.089 Y138.519 E67.49232
G1 X167.742 Y138.887 E67.52597
G1 X167.477 Y139.238 E67.55522
G1 X167.271 Y139.579 E67.58172
G1 X167.12 Y139.883 E67.6043
G1 X166.987 Y140.22 E67.6284
G1 X166.875 Y140.601 E67.65482
G1 X166.804 Y140.97 E67.67982
G1 X166.762 Y141.388 E67.70776
G1 X166.758 Y141.577 E67.72034
G1 X166.759 Y153.93 E68.54206
G1 X166.785 Y154.294 E68.56634
G1 X166.863 Y154.759 E68.5977
G1 X166.974 Y155.151 E68.6248
G1 X167.149 Y155.592 E68.65636
G1 X167.356 Y155.978 E68.6855
G1 X167.601 Y156.344 E68.7148
G1 X167.888 Y156.686 E68.7445
G1 X168.256 Y157.033 E68.77814
G1 X168.609 Y157.3 E68.80758
G1 X168.986 Y157.527 E68.83686
G1 X169.346 Y157.696 E68.86331
G1 X169.73 Y157.835 E68.89048
G1 X170.161 Y157.942 E68.92002
G1 X170.653 Y158.007 E68.95303
G1 X170.882 Y158.016 E68.96828
G1 X180.134 Y158.017 E69.58372
G1 X180.584 Y157.988 E69.61372
G1 X180.952 Y157.926 E69.63854
G1 X181.339 Y157.825 E69.66515
G1 X181.716 Y157.685 E69.6919
G1 X182.048 Y157.528 E69.71633
G1 X182.397 Y157.322 E69.74329
G1 X182.779 Y157.036 E69.77503
G1 X183.124 Y156.712 E69.80651
G1 X183.432 Y156.348 E69.83823
G1 X183.66 Y156.014 E69.86513
G1 X183.868 Y155.631 E69.89413
G1 X184.027 Y155.253 E69.9214
G1 X184.155 Y154.834 E69.95055
G1 X184.241 Y154.395 E69.9803
G1 X184.278 Y153.907 E70.01286
G1 X184.279 Y141.536 E70.83578
G1 X184.254 Y141.119 E70.86357
G1 X184.188 Y140.718 E70.8906
G1 X184.087 Y140.33 E70.91727
G1 X183.947 Y139.95 E70.94421
G1 X183.789 Y139.619 E70.96861
G1 X183.584 Y139.271 E70.99548
G1 X183.298 Y138.889 E71.02722
G1 X182.974 Y138.544 E71.0587
G1 X182.61 Y138.236 E71.09042
G0 F9000 X182.125 Y138.873
;TYPE:WALL-OUTER
G1 F2400 X181.859 Y138.692 E71.11183
G1 X181.546 Y138.522 E71.13552
G1 X181.242 Y138.394 E71.15746
G1 X180.902 Y138.29 E71.18111
G1 X180.55 Y138.221 E71.20497
G1 X180.139 Y138.19 E71.23239
G1 X170.874 Y138.19 E71.8487
G1 X170.519 Y138.217 E71.87238
G1 X170.196 Y138.276 E71.89422
G1 X169.907 Y138.356 E71.91417
G1 X169.523 Y138.507 E71.94162
G1 X169.256 Y138.645 E71.96161
G1 X168.912 Y138.873 E71.98907
G1 X168.639 Y139.102 E72.01277
G1 X168.354 Y139.404 E72.04039
G1 X168.14 Y139.687 E72.06399
G1 X167.973 Y139.964 E72.08551
G1 X167.852 Y140.208 E72.10363
G1 X167.744 Y140.481 E72.12316
G1 X167.653 Y140.79 E72.14458
G1 X167.596 Y141.086 E72.16463
G1 X167.561 Y141.436 E72.18803
G1 X167.558 Y141.585 E72.19795
G1 X167.559 Y153.902 E73.01728
G1 X167.58 Y154.199 E73.03708
G1 X167.645 Y154.583 E73.06299
G1 X167.733 Y154.894 E73.08449
G1 X167.876 Y155.254 E73.11026
G1 X168.043 Y155.566 E73.1338
G1 X168.242 Y155.863 E73.15758
G1 X168.471 Y156.136 E73.18128
G1 X168.773 Y156.421 E73.2089
G1 X169.058 Y156.636 E73.23265
G1 X169.363 Y156.82 E73.25635
G1 X169.653 Y156.956 E73.27765
G1 X169.964 Y157.069 E73.29966
G1 X170.31 Y157.155 E73.32338
G1 X170.721 Y157.209 E73.35096
G1 X170.898 Y157.216 E73.36274
G1 X180.108 Y157.217 E73.97539
G1 X180.492 Y157.192 E74.00099
G1 X180.784 Y157.143 E74.02068
G1 X181.098 Y157.061 E74.04227
G1 X181.405 Y156.947 E74.06406
G1 X181.673 Y156.82 E74.08378
G1 X181.953 Y156.655 E74.1054
G1 X182.264 Y156.422 E74.13125
G1 X182.543 Y156.16 E74.15671
G1 X182.795 Y155.863 E74.18262
G1 X182.976 Y155.597 E74.20402
G1 X183.146 Y155.284 E74.22772
G1 X183.274 Y154.98 E74.24966
G1 X183.378 Y154.64 E74.27331
G1 X183.447 Y154.288 E74.29717
G1 X183.478 Y153.877 E74.32459
G1 X183.479 Y141.56 E75.14392
G1 X183.458 Y141.208 E75.16738
G1 X183.405 Y140.884 E75.18921
G1 X183.323 Y140.57 E75.2108
G1 X183.209 Y140.261 E75.23271
G1 X183.082 Y139.995 E75.25232
G1 X182.917 Y139.715 E75.27394
G1 X182.684 Y139.404 E75.29979
G1 X182.422 Y139.125 E75.32525
G1 X182.125 Y138.873 E75.35116
G0 F9000 X182.657 Y138.173
G1 F1500 E74.35116
G1 F300 Z1
G0 F9000 X199.571 Y90.563 Z1
;TYPE:WALL-INNER
G1 F300 Z0.8
G1 F1500 E75.37777
G1 F2400 X199.19 Y90.166 E75.41437
G1 X198.709 Y89.807 E75.45429
G1 X198.192 Y89.537 E75.49309
G1 X197.566 Y89.34 E75.53675
G1 X197.071 Y89.271 E75.56999
G1 X196.765 Y89.261 E75.59036
G1 X196.303 Y89.294 E75.62117
G1 X195.826 Y89.391 E75.65355
G1 X195.24 Y89.614 E75.69526
G1 X194.79 Y89.873 E75.7298
G1 X194.382 Y90.191 E75.76421
G1 X193.993 Y90.607 E75.80209
G1 X193.635 Y91.147 E75.84519
G1 X193.4 Y91.686 E75.8843
G1 X193.259 Y92.239 E75.92227
G1 X193.204 Y92.915 E75.96738
G1 X193.282 Y93.588 E76.01245
G1 X193.451 Y94.156 E76.05187
G1 X193.739 Y94.734 E76.09483
G1 X194.044 Y95.155 E76.12941
G1 X194.41 Y95.534 E76.16446
G1 X194.888 Y95.892 E76.20418
G1 X195.406 Y96.163 E76.24307
G1 X196.032 Y96.36 E76.28673
G1 X196.55 Y96.433 E76.32153
G1 X197.053 Y96.433 E76.35498
G1 X197.561 Y96.362 E76.38911
G1 X198.101 Y96.199 E76.42663
G1 X198.708 Y95.896 E76.47176
G1 X199.239 Y95.488 E76.5163
G1 X199.602 Y95.096 E76.55184
G1 X199.941 Y94.596 E76.59202
G1 X200.199 Y94.02 E76.63401
G1 X200.341 Y93.452 E76.67295
G1 X200.393 Y92.799 E76.71653
G1 X200.339 Y92.232 E76.75442
G1 X200.212 Y91.726 E76.78912
G1 X199.964 Y91.143 E76.83127
G1 X199.571 Y90.563 E76.87787
G0 F9000 X198.947 Y91.068
G1 F2400 X198.658 Y90.767 E76.90563
G1 X198.282 Y90.486 E76.93685
G1 X197.885 Y90.279 E76.96663
G1 X197.389 Y90.123 E77.00122
G1 X197.003 Y90.069 E77.02715
G1 X196.781 Y90.062 E77.04192
G1 X196.412 Y90.088 E77.06653
G1 X196.05 Y90.162 E77.09111
G1 X195.584 Y90.339 E77.12427
G1 X195.238 Y90.538 E77.15082
G1 X194.924 Y90.783 E77.17731
G1 X194.623 Y91.105 E77.20663
G1 X194.34 Y91.531 E77.24065
G1 X194.159 Y91.946 E77.27077
G1 X194.051 Y92.371 E77.29994
G1 X194.008 Y92.901 E77.33531
G1 X194.069 Y93.427 E77.37054
G1 X194.198 Y93.861 E77.40065
G1 X194.426 Y94.318 E77.43463
G1 X194.659 Y94.64 E77.46107
G1 X194.941 Y94.932 E77.48807
G1 X195.316 Y95.213 E77.51924
G1 X195.714 Y95.421 E77.54911
G1 X196.209 Y95.577 E77.58364
G1 X196.606 Y95.633 E77.61031
G1 X196.997 Y95.633 E77.63632
G1 X197.389 Y95.578 E77.66265
G1 X197.805 Y95.453 E77.69154
G1 X198.282 Y95.215 E77.727
G1 X198.698 Y94.895 E77.76192
G1 X198.974 Y94.597 E77.78894
G1 X199.24 Y94.205 E77.82045
G1 X199.44 Y93.758 E77.85302
G1 X199.549 Y93.322 E77.88292
G1 X199.59 Y92.806 E77.91735
G1 X199.548 Y92.368 E77.94662
G1 X199.451 Y91.981 E77.97316
G1 X199.258 Y91.527 E78.00598
G1 X198.947 Y91.068 E78.04286
G0 F9000 X198.323 Y91.573
;TYPE:WALL-OUTER
G1 F2400 X198.127 Y91.369 E78.06168
G1 X197.855 Y91.166 E78.08425
G1 X197.577 Y91.021 E78.10511
G1 X197.212 Y90.906 E78.13057
G1 X196.935 Y90.867 E78.14917
G1 X196.797 Y90.863 E78.15836
G1 X196.521 Y90.882 E78.17676
G1 X196.274 Y90.933 E78.19354
G1 X195.927 Y91.064 E78.21821
G1 X195.686 Y91.203 E78.23672
G1 X195.466 Y91.375 E78.25529
G1 X195.253 Y91.603 E78.27605
G1 X195.045 Y91.916 E78.30105
G1 X194.918 Y92.206 E78.32211
G1 X194.843 Y92.502 E78.34242
G1 X194.812 Y92.887 E78.36811
G1 X194.856 Y93.266 E78.39349
G1 X194.945 Y93.566 E78.41431
G1 X195.113 Y93.902 E78.4393
G1 X195.274 Y94.125 E78.45759
G1 X195.472 Y94.33 E78.47655
G1 X195.744 Y94.534 E78.49917
G1 X196.022 Y94.679 E78.52003
G1 X196.387 Y94.794 E78.54548
G1 X196.662 Y94.833 E78.56396
G1 X196.941 Y94.833 E78.58252
G1 X197.217 Y94.794 E78.60106
G1 X197.51 Y94.706 E78.62141
G1 X197.856 Y94.534 E78.64711
G1 X198.157 Y94.302 E78.67239
G1 X198.346 Y94.098 E78.69089
G1 X198.538 Y93.814 E78.7137
G1 X198.681 Y93.495 E78.73695
G1 X198.757 Y93.192 E78.75773
G1 X198.787 Y92.813 E78.78302
G1 X198.757 Y92.504 E78.80367
G1 X198.69 Y92.236 E78.82205
G1 X198.552 Y91.911 E78.84554
G1 X198.323 Y91.573 E78.8727
G0 F9000 X199.006 Y91.02
G1 F1500 E77.8727
G1 F300 Z1
G0 F9000 X200.045 Y215.812 Z1
;TYPE:WALL-INNER
G1 F300 Z0.8
G1 F1500 E78.8993
G1 F2400 X200.045 Y227.106 E79.65058
G1 X200.002 Y227.317 E79.66491
G1 X199.811 Y227.411 E79.67907
G1 X199.775 Y227.413 E79.68147
G1 X198.281 Y227.413 E79.78085
G1 X198.28 Y218.551 E80.37035
G1 X198.248 Y218.056 E80.40335
G1 X198.159 Y217.515 E80.43982
G1 X198.046 Y217.076 E80.46997
G1 X198.734 Y216.814 E80.51894
G1 X199.424 Y216.391 E80.57278
G1 X199.919 Y215.96 E80.61644
G1 X200.045 Y215.812 E80.62937
G1 F1500 E79.62937
G1 F300 Z1
G0 F9000 X199.982 Y72.658 Z1
G1 F300 Z0.8
G1 F1500 E80.65598
G1 F2400 X200.044 Y72.876 E80.67106
G1 X200.044 Y89.901 E81.80356
G1 X199.721 Y89.564 E81.83462
G1 X199.136 Y89.128 E81.88315
G1 X198.5 Y88.795 E81.9309
G1 X197.743 Y88.557 E81.98369
G1 X197.139 Y88.473 E82.02425
G1 X196.75 Y88.46 E82.05015
G1 X196.194 Y88.5 E82.08723
G1 X195.603 Y88.62 E82.12734
G1 X194.896 Y88.889 E82.17766
G1 X194.342 Y89.208 E82.22019
G1 X193.841 Y89.599 E82.26246
G1 X193.363 Y90.109 E82.30896
G1 X192.93 Y90.763 E82.36113
G1 X192.641 Y91.426 E82.40924
G1 X192.467 Y92.107 E82.456
G1 X192.4 Y92.929 E82.51086
G1 X192.495 Y93.749 E82.56577
G1 X192.704 Y94.451 E82.61449
G1 X193.052 Y95.15 E82.66644
G1 X193.429 Y95.67 E82.70916
G1 X193.879 Y96.136 E82.75225
G1 X194.46 Y96.571 E82.80053
G1 X195.098 Y96.905 E82.84844
G1 X195.855 Y97.143 E82.90122
G1 X196.494 Y97.233 E82.94415
G1 X197.109 Y97.233 E82.98506
G1 X197.733 Y97.146 E83.02697
G1 X198.397 Y96.945 E83.07312
G1 X199.134 Y96.577 E83.12792
G1 X199.78 Y96.081 E83.18209
G1 X200.044 Y95.796 E83.20794
G1 X200.045 Y209.909 E90.79876
G1 X199.621 Y209.496 E90.83814
G1 X199.048 Y209.087 E90.88497
G1 X198.327 Y208.742 E90.93814
G1 X197.707 Y208.566 E90.98101
G1 X197.148 Y208.488 E91.01855
G1 X196.754 Y208.474 E91.04478
G1 X196.173 Y208.515 E91.08352
G1 X195.523 Y208.66 E91.12782
G1 X194.908 Y208.897 E91.17167
G1 X194.173 Y209.335 E91.22858
G1 X193.587 Y209.863 E91.28105
G1 X193.138 Y210.428 E91.32906
G1 X192.764 Y211.124 E91.38162
G1 X192.548 Y211.749 E91.4256
G1 X192.422 Y212.457 E91.47344
G1 X192.414 Y212.915 E91.50391
G1 X186.249 Y212.916 E91.91401
G1 X185.64 Y212.972 E91.95469
G1 X185.123 Y213.073 E91.98973
G1 X184.589 Y213.227 E92.0267
G1 X184.071 Y213.432 E92.06376
G1 X183.577 Y213.69 E92.10083
G1 X183.104 Y213.992 E92.13816
G1 X182.587 Y214.407 E92.18226
G1 X182.114 Y214.89 E92.22723
G1 X181.78 Y215.306 E92.26272
G1 X181.481 Y215.764 E92.2991
G1 X181.219 Y216.259 E92.33636
G1 X180.985 Y216.835 E92.37772
G1 X180.803 Y217.499 E92.42352
G1 X180.708 Y218.101 E92.46406
G1 X180.678 Y218.611 E92.49804
G1 X180.678 Y227.413 E93.08355
G1 X162.308 Y227.413 E94.30553
G1 X162.307 Y214.369 E95.17322
G1 X162.275 Y213.868 E95.20661
G1 X162.174 Y213.284 E95.24604
G1 X162.027 Y212.737 E95.28372
G1 X161.812 Y212.176 E95.32368
G1 X161.561 Y211.682 E95.36054
G1 X161.269 Y211.213 E95.39729
G1 X160.951 Y210.802 E95.43186
G1 X160.582 Y210.4 E95.46816
G1 X160.156 Y210.019 E95.50618
G1 X159.678 Y209.672 E95.54547
G1 X159.222 Y209.403 E95.58068
G1 X158.679 Y209.151 E95.62051
G1 X158.067 Y208.942 E95.66352
G1 X157.423 Y208.801 E95.70738
G1 X156.845 Y208.74 E95.74604
G1 X156.577 Y208.733 E95.76387
G1 X146.508 Y208.734 E96.43367
G1 X145.851 Y208.798 E96.47758
G1 X145.288 Y208.915 E96.51583
G1 X144.714 Y209.094 E96.55582
G1 X144.149 Y209.34 E96.59682
G1 X143.558 Y209.681 E96.6422
G1 X143.056 Y210.048 E96.68357
G1 X142.597 Y210.47 E96.72505
G1 X142.151 Y210.983 E96.77026
G1 X141.819 Y211.459 E96.80887
G1 X141.526 Y211.986 E96.84898
G1 X141.288 Y212.548 E96.88958
G1 X141.11 Y213.131 E96.93013
G1 X140.996 Y213.726 E96.97043
G1 X140.947 Y214.283 E97.00762
G1 X140.942 Y214.505 E97.02239
G1 X140.942 Y227.413 E97.88104
G1 X100.244 Y227.413 E100.58828
G1 X100.028 Y227.345 E100.60334
G1 X99.956 Y227.132 E100.6183
G1 X99.956 Y215.818 E101.37091
G1 X100.33 Y216.192 E101.40609
G1 X100.864 Y216.586 E101.45024
G1 X101.42 Y216.881 E101.4921
G1 X101.996 Y217.089 E101.53284
G1 X102.591 Y217.215 E101.5733
G1 X103.202 Y217.258 E101.61404
G1 X103.823 Y217.215 E101.65545
G1 X104.477 Y217.07 E101.70001
G1 X105.044 Y216.851 E101.74044
G1 X105.543 Y216.582 E101.77815
G1 X106.049 Y216.212 E101.81985
G1 X106.521 Y215.742 E101.86416
G1 X106.894 Y215.246 E101.90544
G1 X107.223 Y214.641 E101.95125
G1 X107.465 Y213.934 E102.00096
G1 X107.574 Y213.292 E102.04428
G1 X107.584 Y212.516 E102.0959
G1 X107.48 Y211.871 E102.13936
G1 X107.299 Y211.283 E102.18029
G1 X107.023 Y210.697 E102.22338
G1 X106.539 Y210 E102.27982
G1 X106.022 Y209.496 E102.32785
G1 X105.449 Y209.087 E102.37468
G1 X104.728 Y208.742 E102.42785
G1 X104.108 Y208.566 E102.47072
G1 X103.549 Y208.488 E102.50827
G1 X103.155 Y208.474 E102.53449
G1 X102.574 Y208.515 E102.57324
G1 X101.924 Y208.66 E102.61754
G1 X101.309 Y208.897 E102.66138
G1 X100.574 Y209.335 E102.7183
G1 X99.988 Y209.863 E102.77077
G1 X99.956 Y209.903 E102.77417
G1 X99.955 Y95.806 E110.36394
G1 X100.012 Y95.875 E110.36989
G1 X100.553 Y96.358 E110.41813
G1 X101.134 Y96.728 E110.46395
G1 X101.708 Y96.982 E110.50571
G1 X102.29 Y97.149 E110.54599
G1 X102.896 Y97.233 E110.58668
G1 X103.509 Y97.233 E110.62746
G1 X104.137 Y97.146 E110.66963
G1 X104.805 Y96.942 E110.71609
G1 X105.535 Y96.577 E110.77039
G1 X106.181 Y96.081 E110.82456
G1 X106.631 Y95.595 E110.86862
G1 X107.045 Y94.986 E110.91761
G1 X107.359 Y94.282 E110.96888
G1 X107.534 Y93.583 E111.01682
G1 X107.597 Y92.793 E111.06954
G1 X107.531 Y92.096 E111.11611
G1 X107.374 Y91.469 E111.1591
G1 X107.085 Y90.794 E111.20795
G1 X106.743 Y90.248 E111.2508
G1 X106.309 Y89.744 E111.29505
G1 X105.832 Y89.329 E111.33711
G1 X105.263 Y88.97 E111.38186
G1 X104.693 Y88.718 E111.42332
G1 X104.108 Y88.551 E111.46378
G1 X103.54 Y88.473 E111.50192
G1 X103.152 Y88.46 E111.52775
G1 X102.578 Y88.5 E111.56602
G1 X101.926 Y88.645 E111.61045
G1 X101.317 Y88.879 E111.65385
G1 X100.618 Y89.289 E111.70776
G1 X100.001 Y89.833 E111.76248
G1 X99.955 Y89.89 E111.76735
G1 X99.955 Y72.901 E112.89746
G1 X99.983 Y72.713 E112.9101
G1 X100.069 Y72.621 E112.91848
G1 X100.236 Y72.587 E112.92982
G1 X199.755 Y72.587 E119.54985
G1 X199.982 Y72.658 E119.56567
G0 F9000 X200.601 Y72.143
G1 F2400 X200.734 Y72.346 E119.58181
G1 X200.81 Y72.553 E119.59648
G1 X200.844 Y72.825 E119.61472
G1 X200.844 Y91.726 E120.87202
G1 X200.844 Y92.799 E120.92861
G1 X200.844 Y94.02 E120.99466
G1 X200.844 Y209.909 E128.70363
G1 X200.844 Y212.047 E128.84585
G1 X200.844 Y213.195 E128.92221
G1 X200.844 Y214.342 E128.99851
G1 X200.845 Y227.15 E129.85051
G1 X200.813 Y227.436 E129.86965
G1 X200.724 Y227.68 E129.88693
G1 X200.591 Y227.871 E129.90241
G1 X200.314 Y228.09 E129.9259
G1 X199.955 Y228.204 E129.95095
G1 X199.806 Y228.213 E129.96088
G1 X197.481 Y228.213 E130.11554
G1 X197.48 Y218.577 E130.75653
G1 X197.452 Y218.147 E130.7852
G1 X197.375 Y217.68 E130.81668
G1 X197.264 Y217.249 E130.84629
G1 X197.116 Y216.836 E130.87547
G1 X196.936 Y216.446 E130.90404
G1 X197.295 Y216.421 E130.91243
G1 X197.772 Y216.324 E130.94481
G1 X198.38 Y216.093 E130.98807
G1 X198.949 Y215.744 E131.03247
G1 X199.349 Y215.396 E131.06774
G1 X199.719 Y214.961 E131.10573
G1 X200.077 Y214.343 E131.15324
G1 X200.272 Y213.783 E131.18949
G1 X200.378 Y213.195 E131.20896
G1 X200.387 Y212.658 E131.23174
G1 X200.3 Y212.047 E131.26
G1 X200.086 Y211.413 E131.30451
G1 X199.816 Y210.914 E131.34225
G1 X199.504 Y210.499 E131.37679
G1 X199.107 Y210.112 E131.41367
G1 X198.64 Y209.779 E131.45182
G1 X198.043 Y209.493 E131.49586
G1 X197.542 Y209.351 E131.5305
G1 X197.078 Y209.286 E131.56166
G1 X196.768 Y209.275 E131.5823
G1 X196.289 Y209.309 E131.61424
G1 X195.755 Y209.428 E131.65064
G1 X195.259 Y209.619 E131.68599
G1 X194.65 Y209.982 E131.73315
G1 X194.172 Y210.413 E131.77597
G1 X193.809 Y210.87 E131.81479
G1 X193.499 Y211.446 E131.8583
G1 X193.325 Y211.951 E131.89383
G1 X193.221 Y212.534 E131.93323
G1 X193.212 Y213.072 E131.96902
G1 X193.299 Y213.683 E132.01007
G1 X193.335 Y213.79 E132.01758
G1 X193.264 Y213.775
G1 X192.768 Y213.721 E132.03761
G1 X192.538 Y213.715 E132.04846
G1 X186.286 Y213.716 E132.46434
G1 X185.753 Y213.765 E132.49995
G1 X185.311 Y213.851 E132.5299
G1 X184.848 Y213.985 E132.56196
G1 X184.404 Y214.161 E132.59373
G1 X183.978 Y214.383 E132.62569
G1 X183.571 Y214.643 E132.65781
G1 X183.125 Y215.001 E132.69586
G1 X182.713 Y215.421 E132.73499
G1 X182.429 Y215.776 E132.76524
G1 X182.171 Y216.171 E132.79662
G1 X181.945 Y216.598 E132.82876
G1 X181.744 Y217.092 E132.86423
G1 X181.586 Y217.668 E132.90396
G1 X181.504 Y218.187 E132.93892
G1 X181.478 Y218.634 E132.9687
G1 X181.478 Y228.213 E133.6059
G1 X161.508 Y228.213 E134.93431
G1 X161.507 Y214.395 E135.85349
G1 X161.479 Y213.962 E135.88235
G1 X161.392 Y213.456 E135.9165
G1 X161.265 Y212.985 E135.94895
G1 X161.08 Y212.501 E135.98342
G1 X160.864 Y212.076 E136.01513
G1 X160.611 Y211.67 E136.04696
G1 X160.339 Y211.318 E136.07655
G1 X160.019 Y210.97 E136.10799
G1 X159.653 Y210.642 E136.14069
G1 X159.239 Y210.342 E136.1747
G1 X158.849 Y210.112 E136.20482
G1 X158.38 Y209.894 E136.23922
G1 X157.852 Y209.714 E136.27633
G1 X157.295 Y209.592 E136.31426
G1 X156.792 Y209.539 E136.3479
G1 X156.566 Y209.533 E136.36294
G1 X146.547 Y209.534 E137.02941
G1 X145.971 Y209.59 E137.0679
G1 X145.489 Y209.69 E137.10065
G1 X144.994 Y209.845 E137.13515
G1 X144.509 Y210.056 E137.17034
G1 X143.995 Y210.352 E137.20979
G1 X143.565 Y210.667 E137.24525
G1 X143.171 Y211.029 E137.28084
G1 X142.783 Y211.475 E137.32016
G1 X142.499 Y211.883 E137.35323
G1 X142.246 Y212.338 E137.38786
G1 X142.041 Y212.821 E137.42277
G1 X141.888 Y213.324 E137.45774
G1 X141.789 Y213.837 E137.4925
G1 X141.746 Y214.327 E137.52522
G1 X141.742 Y214.514 E137.53766
G1 X141.742 Y228.213 E138.44892
G1 X100.184 Y228.213 E141.21337
G1 X99.888 Y228.17 E141.23326
G1 X99.541 Y227.996 E141.25909
G1 X99.368 Y227.823 E141.27536
G1 X99.186 Y227.429 E141.30423
G1 X99.156 Y227.175 E141.32125
G1 X99.156 Y213.695 E142.21794
G1 X99.156 Y212.504 E142.28114
G1 X99.156 Y211.446 E142.33913
G1 X99.156 Y95.806 E150.03154
G1 X99.156 Y93.874 E150.16005
G1 X99.156 Y92.64 E150.23075
G1 X99.156 Y91.387 E150.29092
G1 X99.155 Y72.847 E151.52421
G1 X99.2 Y72.51 E151.54682
G1 X99.296 Y72.283 E151.56322
G1 X99.543 Y72.002 E151.58811
G1 X99.761 Y71.874 E151.60492
G1 X100.069 Y71.795 E151.62607
G1 X100.207 Y71.787 E151.63527
G1 X199.837 Y71.787 E158.26268
G1 X200.214 Y71.864 E158.28828
G1 X200.44 Y71.988 E158.30543
G1 X200.601 Y72.143 E158.32029
G0 F9000 X201.229 Y71.64
G1 F2400 X201.452 Y71.981 E158.3474
G1 X201.593 Y72.367 E158.37473
G1 X201.644 Y72.773 E158.40195
G1 X201.645 Y227.194 E168.67408
G1 X201.597 Y227.622 E168.70273
G1 X201.451 Y228.023 E168.73112
G1 X201.337 Y228.216 E168.74603
G1 X201.183 Y228.413 E168.76266
G1 X200.929 Y228.648 E168.78568
G1 X200.68 Y228.805 E168.80526
G1 X200.328 Y228.946 E168.83048
G1 X200.055 Y229 E168.84899
G1 X199.837 Y229.013 E168.86352
G1 X196.681 Y229.013 E169.07346
G1 X196.68 Y218.603 E169.76594
G1 X196.656 Y218.239 E169.7902
G1 X196.591 Y217.845 E169.81676
G1 X196.498 Y217.484 E169.84156
G1 X196.375 Y217.139 E169.86593
G1 X196.191 Y216.741 E169.89509
G1 X195.948 Y216.343 E169.92611
G1 X195.739 Y216.065 E169.94642
G1 X195.658 Y215.973 E169.94994
G1 X195.658 Y215.666 E169.96097
G1 X195.028 Y215.381 E169.98358
G1 X194.721 Y215.156 E169.99759
G1 X194.289 Y214.917 E170.02019
G1 X193.983 Y214.792 E170.0348
G1 X193.568 Y214.657 E170.06383
G1 X193.138 Y214.566 E170.09307
G1 X192.714 Y214.52 E170.12144
G1 X192.527 Y214.515 E170.13388
G1 X186.323 Y214.516 E170.54657
G1 X185.866 Y214.558 E170.5771
G1 X185.499 Y214.629 E170.60197
G1 X185.108 Y214.743 E170.62906
G1 X184.737 Y214.89 E170.65561
G1 X184.379 Y215.076 E170.68244
G1 X184.038 Y215.294 E170.70937
G1 X183.663 Y215.595 E170.74135
G1 X183.313 Y215.952 E170.77461
G1 X183.078 Y216.246 E170.79965
G1 X182.861 Y216.578 E170.82603
G1 X182.671 Y216.937 E170.85305
G1 X182.503 Y217.35 E170.88271
G1 X182.369 Y217.837 E170.91631
G1 X182.3 Y218.273 E170.94567
G1 X182.278 Y218.657 E170.97126
G1 X182.278 Y229.013 E171.66014
G1 X160.708 Y229.013 E173.09498
G1 X160.707 Y214.421 E174.06565
G1 X160.683 Y214.056 E174.08998
G1 X160.61 Y213.628 E174.11886
G1 X160.503 Y213.233 E174.14608
G1 X160.348 Y212.826 E174.17505
G1 X160.167 Y212.47 E174.20162
G1 X159.953 Y212.127 E174.22851
G1 X159.727 Y211.834 E174.25313
G1 X159.457 Y211.54 E174.27968
G1 X159.15 Y211.266 E174.30705
G1 X158.8 Y211.012 E174.33582
G1 X158.476 Y210.821 E174.36084
G1 X158.081 Y210.637 E174.38982
G1 X157.637 Y210.486 E174.42102
G1 X157.167 Y210.383 E174.45303
G1 X156.739 Y210.338 E174.48166
G1 X156.555 Y210.333 E174.4939
G1 X146.586 Y210.334 E175.15704
G1 X146.091 Y210.382 E175.19012
G1 X145.691 Y210.465 E175.2173
G1 X145.274 Y210.596 E175.24637
G1 X144.869 Y210.772 E175.27575
G1 X144.432 Y211.023 E175.30927
G1 X144.074 Y211.286 E175.33882
G1 X143.745 Y211.588 E175.36853
G1 X143.415 Y211.967 E175.40196
G1 X143.179 Y212.307 E175.42949
G1 X142.966 Y212.69 E175.45864
G1 X142.794 Y213.094 E175.48785
G1 X142.666 Y213.517 E175.51725
G1 X142.582 Y213.949 E175.54652
G1 X142.545 Y214.37 E175.57463
G1 X142.542 Y214.522 E175.58475
G1 X142.542 Y229.013 E176.54869
G1 X100.126 Y229.013 E179.37022
G1 X99.695 Y228.951 E179.39918
G1 X99.411 Y228.85 E179.41923
G1 X99.071 Y228.648 E179.44554
G1 X98.911 Y228.51 E179.45959
G1 X98.724 Y228.303 E179.47815
G1 X98.54 Y228.002 E179.50162
G1 X98.401 Y227.611 E179.52922
G1 X98.356 Y227.224 E179.55514
G1 X98.355 Y72.794 E189.82786
G1 X98.417 Y72.329 E189.85907
G1 X98.488 Y72.116 E189.87401
G1 X98.607 Y71.873 E189.892
G1 X98.76 Y71.653 E189.90983
G1 X98.873 Y71.525 E189.92119
G1 X99.077 Y71.348 E189.93915
G1 X99.416 Y71.148 E189.96534
G1 X99.668 Y71.057 E189.98316
G1 X99.972 Y70.999 E190.00375
G1 X100.177 Y70.987 E190.01741
G1 X199.877 Y70.987 E196.64948
G1 X200.146 Y71.014 E196.66746
G1 X200.519 Y71.119 E196.69324
G1 X200.881 Y71.317 E196.72068
G1 X201.022 Y71.427 E196.73258
G1 X201.229 Y71.64 E196.75234
G0 F9000 X201.843 Y71.124
;TYPE:WALL-OUTER
G1 F2400 X202.028 Y71.375 E196.77308
G1 X202.167 Y71.619 E196.79176
G1 X202.279 Y71.874 E196.81029
G1 X202.371 Y72.174 E196.83116
G1 X202.426 Y72.477 E196.85164
G1 X202.444 Y72.753 E196.87004
G1 X202.445 Y227.227 E207.14569
G1 X202.429 Y227.502 E207.16402
G1 X202.379 Y227.795 E207.18379
G1 X202.299 Y228.07 E207.20284
G1 X202.167 Y228.383 E207.22544
G1 X202.001 Y228.666 E207.24726
G1 X201.782 Y228.946 E207.27091
G1 X201.591 Y229.139 E207.28897
G1 X201.398 Y229.298 E207.30561
G1 X201.058 Y229.512 E207.33233
G1 X200.767 Y229.644 E207.35359
G1 X200.526 Y229.722 E207.37044
G1 X200.162 Y229.794 E207.39512
G1 X199.853 Y229.813 E207.41571
G1 X195.881 Y229.813 E207.67993
G1 X195.88 Y218.63 E208.42383
G1 X195.86 Y218.331 E208.44376
G1 X195.807 Y218.01 E208.4654
G1 X195.732 Y217.718 E208.48546
G1 X195.634 Y217.442 E208.50494
G1 X195.484 Y217.119 E208.52863
G1 X195.285 Y216.792 E208.55409
G1 X195.119 Y216.571 E208.57248
G1 X194.919 Y216.345 E208.59255
G1 X194.858 Y216.268 E208.59909
G1 X194.858 Y216.182 E208.60481
G1 X194.626 Y216.077 E208.62175
G1 X194.29 Y215.832 E208.64941
G1 X193.943 Y215.64 E208.67579
G1 X193.708 Y215.544 E208.69268
G1 X193.361 Y215.431 E208.71695
G1 X193.012 Y215.357 E208.74069
G1 X192.66 Y215.319 E208.76424
G1 X192.516 Y215.315 E208.77382
G1 X186.36 Y215.316 E209.18332
G1 X185.978 Y215.351 E209.20884
G1 X185.687 Y215.407 E209.22855
G1 X185.369 Y215.5 E209.25059
G1 X185.07 Y215.619 E209.27199
G1 X184.779 Y215.77 E209.2938
G1 X184.505 Y215.945 E209.31543
G1 X184.201 Y216.189 E209.34136
G1 X183.913 Y216.483 E209.36874
G1 X183.727 Y216.716 E209.38857
G1 X183.551 Y216.985 E209.40995
G1 X183.397 Y217.276 E209.43185
G1 X183.262 Y217.608 E209.45569
G1 X183.152 Y218.007 E209.48323
G1 X183.096 Y218.359 E209.50694
G1 X183.078 Y218.679 E209.52826
G1 X183.078 Y229.813 E210.26889
G1 X159.908 Y229.813 E211.81017
G1 X159.907 Y214.448 E212.83225
G1 X159.887 Y214.15 E212.85212
G1 X159.828 Y213.8 E212.87573
G1 X159.741 Y213.481 E212.89772
G1 X159.615 Y213.15 E212.92128
G1 X159.47 Y212.864 E212.94261
G1 X159.295 Y212.584 E212.96458
G1 X159.114 Y212.349 E212.98431
G1 X158.895 Y212.11 E213.00587
G1 X158.648 Y211.89 E213.02788
G1 X158.361 Y211.682 E213.05145
G1 X158.103 Y211.53 E213.07137
G1 X157.782 Y211.38 E213.09494
G1 X157.422 Y211.258 E213.12023
G1 X157.039 Y211.174 E213.14631
G1 X156.686 Y211.137 E213.16992
G1 X156.544 Y211.133 E213.17937
G1 X146.625 Y211.134 E213.83918
G1 X146.211 Y211.174 E213.86685
G1 X145.893 Y211.24 E213.88846
G1 X145.554 Y211.347 E213.9121
G1 X145.228 Y211.488 E213.93573
G1 X144.87 Y211.694 E213.96321
G1 X144.583 Y211.905 E213.9869
G1 X144.319 Y212.147 E214.01072
G1 X144.047 Y212.459 E214.03826
G1 X143.859 Y212.73 E214.0602
G1 X143.686 Y213.042 E214.08393
G1 X143.547 Y213.368 E214.1075
G1 X143.443 Y213.71 E214.13128
G1 X143.375 Y214.061 E214.15507
G1 X143.344 Y214.412 E214.17851
G1 X143.342 Y214.529 E214.18629
G1 X143.342 Y229.813 E215.20299
G1 X100.083 Y229.813 E218.08059
G1 X99.763 Y229.783 E218.10197
G1 X99.476 Y229.723 E218.12147
G1 X99.097 Y229.588 E218.14823
G1 X98.835 Y229.454 E218.16781
G1 X98.582 Y229.283 E218.18812
G1 X98.354 Y229.087 E218.20812
G1 X98.099 Y228.805 E218.23341
G1 X97.954 Y228.597 E218.25028
G1 X97.821 Y228.357 E218.26853
G1 X97.695 Y228.052 E218.29048
G1 X97.619 Y227.786 E218.30889
G1 X97.574 Y227.52 E218.32683
G1 X97.556 Y227.247 E218.34503
G1 X97.555 Y72.773 E228.62068
G1 X97.575 Y72.463 E228.64135
G1 X97.641 Y72.128 E228.66406
G1 X97.748 Y71.806 E228.68663
G1 X97.914 Y71.469 E228.71162
G1 X98.128 Y71.16 E228.73662
G1 X98.309 Y70.956 E228.75476
G1 X98.597 Y70.706 E228.78013
G1 X98.853 Y70.537 E228.80054
G1 X99.103 Y70.41 E228.81919
G1 X99.456 Y70.283 E228.84415
G1 X99.875 Y70.203 E228.87252
G1 X100.147 Y70.187 E228.89065
G1 X199.916 Y70.187 E235.52731
G1 X200.278 Y70.223 E235.55151
G1 X200.583 Y70.293 E235.57232
G1 X200.823 Y70.378 E235.58926
G1 X201.068 Y70.493 E235.60726
G1 X201.341 Y70.661 E235.62859
G1 X201.557 Y70.83 E235.64683
G1 X201.843 Y71.124 E235.67411
G0 F9000 X201.172 Y71.693
G1 F1500 E234.67411
G1 F300 Z1
G0 F9000 X199.254 Y73.377 Z1
;TYPE:SKIN
G1 F300 Z0.8
G1 F1500 E235.70072
G1 F2100 X199.254 Y88.298 E236.69327
G1 X198.804 Y88.062 E236.72707
G1 X197.917 Y87.783 E236.78893
G1 X197.206 Y87.685 E236.83667
G1 X196.734 Y87.67 E236.86808
G1 X196.087 Y87.716 E236.91123
G1 X195.382 Y87.859 E236.95908
G1 X194.556 Y88.172 E237.01784
G1 X193.9 Y88.551 E237.06824
G1 X193.306 Y89.014 E237.11833
G1 X192.741 Y89.617 E237.1733
G1 X192.233 Y90.384 E237.2345
G1 X191.891 Y91.169 E237.29146
G1 X191.685 Y91.977 E237.34693
G1 X191.606 Y92.943 E237.4114
G1 X191.719 Y93.909 E237.4761
G1 X191.967 Y94.742 E237.53391
G1 X192.374 Y95.561 E237.59475
G1 X192.822 Y96.179 E237.64552
G1 X193.355 Y96.731 E237.69657
G1 X194.037 Y97.241 E237.75321
G1 X194.794 Y97.638 E237.81007
G1 X195.681 Y97.916 E237.87191
G1 X196.439 Y98.023 E237.92283
G1 X197.164 Y98.023 E237.97106
G1 X197.903 Y97.92 E238.02069
G1 X198.69 Y97.682 E238.07538
G1 X199.254 Y97.4 E238.11733
G1 X199.255 Y208.31 E245.49509
G1 X198.607 Y208 E245.54288
G1 X197.87 Y207.791 E245.59384
G1 X197.217 Y207.7 E245.63769
G1 X196.74 Y207.682 E245.66945
G1 X196.058 Y207.731 E245.71493
G1 X195.294 Y207.902 E245.76701
G1 X194.561 Y208.184 E245.81925
G1 X193.701 Y208.697 E245.88586
G1 X193.01 Y209.32 E245.94775
G1 X192.476 Y209.992 E246.00485
G1 X192.038 Y210.806 E246.06634
G1 X191.781 Y211.55 E246.1187
G1 X191.679 Y212.125 E246.15755
G1 X186.213 Y212.126 E246.52115
G1 X185.528 Y212.189 E246.5669
G1 X184.938 Y212.304 E246.60689
G1 X184.334 Y212.478 E246.6487
G1 X183.742 Y212.713 E246.69107
G1 X183.18 Y213.005 E246.7332
G1 X182.642 Y213.35 E246.77571
G1 X182.056 Y213.82 E246.82568
G1 X181.522 Y214.365 E246.87644
G1 X181.14 Y214.842 E246.91709
G1 X180.8 Y215.363 E246.95847
G1 X180.502 Y215.925 E247.00079
G1 X180.235 Y216.581 E247.0479
G1 X180.029 Y217.333 E247.09977
G1 X179.922 Y218.016 E247.14576
G1 X179.888 Y218.587 E247.18381
G1 X179.888 Y226.623 E247.71836
G1 X163.098 Y226.623 E248.83524
G1 X163.097 Y214.344 E249.65204
G1 X163.061 Y213.775 E249.68997
G1 X162.946 Y213.114 E249.7346
G1 X162.779 Y212.492 E249.77744
G1 X162.535 Y211.855 E249.82281
G1 X162.25 Y211.293 E249.86473
G1 X161.918 Y210.761 E249.90645
G1 X161.555 Y210.292 E249.9459
G1 X161.137 Y209.837 E249.987
G1 X160.652 Y209.403 E250.03029
G1 X160.112 Y209.011 E250.07468
G1 X159.59 Y208.702 E250.11503
G1 X158.973 Y208.417 E250.16024
G1 X158.28 Y208.18 E250.20896
G1 X157.549 Y208.02 E250.25874
G1 X156.897 Y207.952 E250.30234
G1 X156.587 Y207.943 E250.32297
G1 X146.47 Y207.944 E250.99596
G1 X145.732 Y208.016 E251.04528
G1 X145.09 Y208.149 E251.0889
G1 X144.438 Y208.353 E251.13434
G1 X143.793 Y208.633 E251.18112
G1 X143.126 Y209.018 E251.23234
G1 X142.554 Y209.436 E251.27947
G1 X142.03 Y209.919 E251.32688
G1 X141.527 Y210.497 E251.37785
G1 X141.148 Y211.04 E251.42189
G1 X140.815 Y211.639 E251.46748
G1 X140.545 Y212.278 E251.51363
G1 X140.342 Y212.941 E251.55975
G1 X140.212 Y213.617 E251.60554
G1 X140.157 Y214.24 E251.64715
G1 X140.152 Y214.496 E251.66418
G1 X140.152 Y226.623 E252.47087
G1 X100.746 Y226.623 E255.09217
G1 X100.746 Y217.417 E255.70455
G1 X101.099 Y217.605 E255.73116
G1 X101.779 Y217.851 E255.77926
G1 X102.481 Y217.999 E255.82699
G1 X103.202 Y218.05 E255.87507
G1 X103.936 Y217.999 E255.92401
G1 X104.706 Y217.828 E255.97648
G1 X105.375 Y217.57 E256.02418
G1 X105.966 Y217.252 E256.06882
G1 X106.564 Y216.814 E256.11813
G1 X107.119 Y216.262 E256.1702
G1 X107.56 Y215.674 E256.21909
G1 X107.949 Y214.959 E256.27323
G1 X108.233 Y214.129 E256.33159
G1 X108.364 Y213.363 E256.38328
G1 X108.374 Y212.458 E256.44349
G1 X108.251 Y211.691 E256.49516
G1 X108.038 Y210.997 E256.54345
G1 X107.71 Y210.3 E256.59469
G1 X107.145 Y209.487 E256.66055
G1 X106.53 Y208.888 E256.71766
G1 X105.852 Y208.404 E256.77307
G1 X105.008 Y208 E256.83532
G1 X104.271 Y207.791 E256.88627
G1 X103.618 Y207.7 E256.93013
G1 X103.141 Y207.682 E256.96189
G1 X102.459 Y207.731 E257.00737
G1 X101.695 Y207.902 E257.05945
G1 X100.962 Y208.184 E257.11169
G1 X100.746 Y208.313 E257.12843
G1 X100.745 Y97.417 E264.50526
G1 X100.76 Y97.427 E264.50646
G1 X101.438 Y97.727 E264.55578
G1 X102.126 Y97.923 E264.60336
G1 X102.841 Y98.023 E264.65139
G1 X103.564 Y98.023 E264.69948
G1 X104.307 Y97.92 E264.74938
G1 X105.099 Y97.678 E264.80447
G1 X105.956 Y97.25 E264.86819
G1 X106.715 Y96.667 E264.93185
G1 X107.251 Y96.088 E264.98434
G1 X107.738 Y95.372 E265.04194
G1 X108.109 Y94.541 E265.10248
G1 X108.316 Y93.711 E265.15938
G1 X108.39 Y92.787 E265.22104
G1 X108.311 Y91.962 E265.27617
G1 X108.125 Y91.216 E265.32732
G1 X107.787 Y90.427 E265.38441
G1 X107.381 Y89.778 E265.43534
G1 X106.87 Y89.185 E265.48741
G1 X106.304 Y88.693 E265.5373
G1 X105.636 Y88.271 E265.58986
G1 X104.962 Y87.973 E265.63888
G1 X104.272 Y87.776 E265.68661
G1 X103.607 Y87.685 E265.73126
G1 X103.138 Y87.67 E265.76247
G1 X102.464 Y87.716 E265.80741
G1 X101.697 Y87.887 E265.85968
G1 X100.973 Y88.164 E265.91125
G1 X100.745 Y88.298 E265.92884
G1 X100.745 Y73.377 E266.92139
G1 X199.254 Y73.377 E273.47424
G1 F1500 E272.47424
G1 F300 Z1
G0 F9000 X181.676 Y135.191 Z1
G1 F300 Z0.8
G1 F1500 E273.50084
G1 F2100 X180.979 Y135.055 E273.54808
G1 X180.259 Y135 E273.59612
G1 X170.755 Y135 E274.22833
G1 X170.113 Y135.048 E274.27115
G1 X169.482 Y135.162 E274.31381
G1 X168.894 Y135.326 E274.35441
G1 X168.204 Y135.596 E274.4037
G1 X167.637 Y135.89 E274.44619
G1 X166.998 Y136.313 E274.49716
G1 X166.446 Y136.778 E274.54517
G1 X165.914 Y137.343 E274.5968
G1 X165.496 Y137.896 E274.64291
G1 X165.174 Y138.427 E274.68422
G1 X164.933 Y138.913 E274.7203
G1 X164.725 Y139.444 E274.75824
G1 X164.551 Y140.037 E274.79935
G1 X164.438 Y140.623 E274.83905
G1 X164.374 Y141.241 E274.88038
G1 X164.368 Y141.552 E274.90107
G1 X164.369 Y154.017 E275.73024
G1 X164.409 Y154.577 E275.76759
G1 X164.527 Y155.282 E275.81514
G1 X164.707 Y155.919 E275.85917
G1 X164.978 Y156.601 E275.90799
G1 X165.305 Y157.212 E275.95409
G1 X165.688 Y157.782 E275.99977
G1 X166.147 Y158.329 E276.04727
G1 X166.711 Y158.861 E276.09884
G1 X167.267 Y159.284 E276.14531
G1 X167.86 Y159.639 E276.19129
G1 X168.431 Y159.907 E276.23325
G1 X169.034 Y160.125 E276.2759
G1 X169.714 Y160.294 E276.32251
G1 X170.45 Y160.391 E276.37189
G1 X170.834 Y160.406 E276.39746
G1 X180.211 Y160.407 E277.02122
G1 X180.859 Y160.366 E277.06441
G1 X181.454 Y160.265 E277.10455
G1 X182.058 Y160.107 E277.14608
G1 X182.644 Y159.89 E277.18765
G1 X183.169 Y159.643 E277.22625
G1 X183.724 Y159.314 E277.26916
G1 X184.318 Y158.87 E277.3185
G1 X184.86 Y158.36 E277.368
G1 X185.336 Y157.798 E277.41699
G1 X185.702 Y157.262 E277.46017
G1 X186.025 Y156.667 E277.5052
G1 X186.277 Y156.067 E277.54849
G1 X186.477 Y155.414 E277.59392
G1 X186.613 Y154.717 E277.64116
G1 X186.668 Y153.997 E277.6892
G1 X186.669 Y141.464 E278.52289
G1 X186.632 Y140.852 E278.56368
G1 X186.528 Y140.222 E278.60615
G1 X186.37 Y139.614 E278.64794
G1 X186.152 Y139.022 E278.68991
G1 X185.902 Y138.496 E278.72865
G1 X185.576 Y137.945 E278.77123
G1 X185.132 Y137.35 E278.82062
G1 X184.622 Y136.808 E278.87012
G1 X184.06 Y136.332 E278.91912
G1 X183.524 Y135.966 E278.96229
G1 X182.929 Y135.643 E279.00733
G1 X182.329 Y135.391 E279.05062
G1 X181.676 Y135.191 E279.09605
G1 F1500 E278.09605
G1 F300 Z1
G0 F9000 X198.934 Y74.4 Z1
G1 F300 Z0.8
G1 F1500 E279.12265
G1 F2100 X101.065 Y74.4 E285.63293
G0 F9000 X101.065 Y75.2
G1 F2100 X198.934 Y75.2 E292.1432
G0 F9000 X198.934 Y76
G1 F2100 X101.065 Y76 E298.65347
G0 F9000 X101.065 Y76.8
G1 F2100 X198.934 Y76.8 E305.16374
G0 F9000 X198.934 Y77.6
G1 F2100 X101.065 Y77.6 E311.67401
G0 F9000 X101.065 Y78.4
G1 F2100 X198.934 Y78.4 E318.18429
G0 F9000 X198.934 Y79.2
G1 F2100 X101.065 Y79.2 E324.69456
G0 F9000 X101.065 Y80
G1 F2100 X198.934 Y80 E331.20483
G0 F9000 X198.934 Y80.8
G1 F2100 X101.065 Y80.8 E337.7151
G0 F9000 X101.065 Y81.6
G1 F2100 X198.934 Y81.6 E344.22538
G0 F9000 X198.934 Y82.4
G1 F2100 X101.065 Y82.4 E350.73565
G0 F9000 X101.065 Y83.2
G1 F2100 X198.934 Y83.2 E357.24592
G0 F9000 X198.934 Y84
G1 F2100 X101.065 Y84 E363.75619
G0 F9000 X101.065 Y84.8
G1 F2100 X198.934 Y84.8 E370.26647
G0 F9000 X198.934 Y85.6
G1 F2100 X101.065 Y85.6 E376.77674
G0 F9000 X101.065 Y86.4
G1 F2100 X198.934 Y86.4 E383.28701
G0 F9000 X198.934 Y87.2
G1 F2100 X101.065 Y87.2 E389.79728
G1 F1500 E388.79728
G1 F300 Z1
G0 F9000 X105.805 Y88 Z1
G1 F300 Z0.8
G1 F1500 E389.82389
G1 F2100 X194.21 Y88 E395.70462
G0 F9000 X193.067 Y88.8
G1 F2100 X106.915 Y88.8 E401.43547
G0 F9000 X107.646 Y89.6
G1 F2100 X192.368 Y89.6 E407.0712
G0 F9000 X191.875 Y90.4
G1 F2100 X108.124 Y90.4 E412.64234
G0 F9000 X108.45 Y91.2
G1 F2100 X191.552 Y91.2 E418.17031
G0 F9000 X191.361 Y92
G1 F2100 X108.634 Y92 E423.67333
G0 F9000 X108.71 Y92.8
G1 F2100 X191.296 Y92.8 E429.16697
G0 F9000 X191.361 Y93.6
G1 F2100 X108.647 Y93.6 E434.66913
G0 F9000 X108.475 Y94.4
G1 F2100 X191.532 Y94.4 E440.1941
G0 F9000 X191.839 Y95.2
G1 F2100 X108.166 Y95.2 E445.76005
G0 F9000 X107.699 Y96
G1 F2100 X192.298 Y96 E451.3876
G0 F9000 X192.979 Y96.8
G1 F2100 X107.029 Y96.8 E457.10502
G0 F9000 X105.971 Y97.6
G1 F2100 X194.035 Y97.6 E462.96306
G1 F1500 E461.96306
G1 F300 Z1
G0 F9000 X198.935 Y98.4 Z1
G1 F300 Z0.8
G1 F1500 E462.98967
G1 F2100 X101.065 Y98.4 E469.50001
G0 F9000 X101.065 Y99.2
G1 F2100 X198.935 Y99.2 E476.01035
G0 F9000 X198.935 Y100
G1 F2100 X101.065 Y100 E482.52069
G0 F9000 X101.065 Y100.8
G1 F2100 X198.935 Y100.8 E489.03102
G0 F9000 X198.935 Y101.6
G1 F2100 X101.065 Y101.6 E495.54136
G0 F9000 X101.065 Y102.4
G1 F2100 X198.935 Y102.4 E502.0517
G0 F9000 X198.935 Y103.2
G1 F2100 X101.065 Y103.2 E508.56204
G0 F9000 X101.065 Y104
G1 F2100 X198.935 Y104 E515.07238
G0 F9000 X198.935 Y104.8
G1 F2100 X101.065 Y104.8 E521.58272
G0 F9000 X101.065 Y105.6
G1 F2100 X198.935 Y105.6 E528.09306
G0 F9000 X198.935 Y106.4
G1 F2100 X101.065 Y106.4 E534.6034
G0 F9000 X101.065 Y107.2
G1 F2100 X198.935 Y107.2 E541.11373
G0 F9000 X198.935 Y108
G1 F2100 X101.065 Y108 E547.62407
G0 F9000 X101.065 Y108.8
G1 F2100 X198.935 Y108.8 E554.13441
G0 F9000 X198.935 Y109.6
G1 F2100 X101.065 Y109.6 E560.64475
G0 F9000 X101.065 Y110.4
G1 F2100 X198.935 Y110.4 E567.15509
G0 F9000 X198.935 Y111.2
G1 F2100 X101.065 Y111.2 E573.66543
G0 F9000 X101.065 Y112
G1 F2100 X198.935 Y112 E580.17577
G0 F9000 X198.935 Y112.8
G1 F2100 X101.065 Y112.8 E586.68611
G0 F9000 X101.065 Y113.6
G1 F2100 X198.935 Y113.6 E593.19645
G0 F9000 X198.935 Y114.4
G1 F2100 X101.065 Y114.4 E599.70678
G0 F9000 X101.065 Y115.2
G1 F2100 X198.935 Y115.2 E606.21712
G0 F9000 X198.935 Y116
G1 F2100 X101.065 Y116 E612.72746
G0 F9000 X101.065 Y116.8
G1 F2100 X198.935 Y116.8 E619.2378
G0 F9000 X198.935 Y117.6
G1 F2100 X101.065 Y117.6 E625.74814
G0 F9000 X101.065 Y118.4
G1 F2100 X198.935 Y118.4 E632.25848
G0 F9000 X198.935 Y119.2
G1 F2100 X101.064 Y119.2 E638.76888
G0 F9000 X101.064 Y120
G1 F2100 X198.935 Y120 E645.27929
G0 F9000 X198.935 Y120.8
G1 F2100 X101.064 Y120.8 E651.78969
G0 F9000 X101.064 Y121.6
G1 F2100 X198.935 Y121.6 E658.3001
G0 F9000 X198.935 Y122.4
G1 F2100 X101.064 Y122.4 E664.81051
G0 F9000 X101.064 Y123.2
G1 F2100 X198.935 Y123.2 E671.32091
G0 F9000 X198.935 Y124
G1 F2100 X101.064 Y124 E677.83132
G0 F9000 X101.064 Y124.8
G1 F2100 X198.935 Y124.8 E684.34172
G0 F9000 X198.935 Y125.6
G1 F2100 X101.064 Y125.6 E690.85213
G0 F9000 X101.064 Y126.4
G1 F2100 X198.935 Y126.4 E697.36253
G0 F9000 X198.935 Y127.2
G1 F2100 X101.064 Y127.2 E703.87294
G0 F9000 X101.064 Y128
G1 F2100 X198.935 Y128 E710.38334
G0 F9000 X198.935 Y128.8
G1 F2100 X101.064 Y128.8 E716.89375
G0 F9000 X101.064 Y129.6
G1 F2100 X198.935 Y129.6 E723.40415
G0 F9000 X198.935 Y130.4
G1 F2100 X101.064 Y130.4 E729.91456
G0 F9000 X101.064 Y131.2
G1 F2100 X198.935 Y131.2 E736.42496
G0 F9000 X198.935 Y132
G1 F2100 X101.064 Y132 E742.93537
G0 F9000 X101.064 Y132.8
G1 F2100 X198.935 Y132.8 E749.44577
G0 F9000 X198.935 Y133.6
G1 F2100 X101.064 Y133.6 E755.95618
G0 F9000 X101.064 Y134.4
G1 F2100 X198.935 Y134.4 E762.46659
G0 F9000 X198.935 Y135.2
G1 F2100 X182.7 Y135.2 E763.54654
G1 F1500 E762.54654
G1 F300 Z1
G0 F9000 X184.142 Y136 Z1
G1 F300 Z0.8
G1 F1500 E763.57315
G1 F2100 X198.935 Y136 E764.55718
G0 F9000 X198.935 Y136.8
G1 F2100 X185.054 Y136.8 E765.48055
G0 F9000 X185.717 Y137.6
G1 F2100 X198.935 Y137.6 E766.35982
G0 F9000 X198.935 Y138.4
G1 F2100 X186.21 Y138.4 E767.20629
G0 F9000 X186.558 Y139.2
G1 F2100 X198.935 Y139.2 E768.02961
G0 F9000 X198.935 Y140
G1 F2100 X186.801 Y140 E768.83677
G0 F9000 X186.948 Y140.8
G1 F2100 X198.935 Y140.8 E769.63414
G0 F9000 X198.935 Y141.6
G1 F2100 X186.989 Y141.6 E770.4288
G0 F9000 X186.989 Y142.4
G1 F2100 X198.935 Y142.4 E771.22345
G0 F9000 X198.935 Y143.2
G1 F2100 X186.989 Y143.2 E772.0181
G0 F9000 X186.989 Y144
G1 F2100 X198.935 Y144 E772.81275
G0 F9000 X198.935 Y144.8
G1 F2100 X186.989 Y144.8 E773.6074
G0 F9000 X186.989 Y145.6
G1 F2100 X198.935 Y145.6 E774.40205
G0 F9000 X198.935 Y146.4
G1 F2100 X186.989 Y146.4 E775.1967
G0 F9000 X186.989 Y147.2
G1 F2100 X198.935 Y147.2 E775.99135
G0 F9000 X198.935 Y148
G1 F2100 X186.989 Y148 E776.786
G0 F9000 X186.989 Y148.8
G1 F2100 X198.935 Y148.8 E777.58066
G0 F9000 X198.935 Y149.6
G1 F2100 X186.989 Y149.6 E778.37531
G0 F9000 X186.989 Y150.4
G1 F2100 X198.935 Y150.4 E779.16996
G0 F9000 X198.935 Y151.2
G1 F2100 X186.989 Y151.2 E779.96461
G0 F9000 X186.989 Y152
G1 F2100 X198.935 Y152 E780.75926
G0 F9000 X198.935 Y152.8
G1 F2100 X186.989 Y152.8 E781.55391
G0 F9000 X186.989 Y153.6
G1 F2100 X198.935 Y153.6 E782.34856
G0 F9000 X198.935 Y154.4
G1 F2100 X186.959 Y154.4 E783.14521
G0 F9000 X186.845 Y155.2
G1 F2100 X198.935 Y155.2 E783.94944
G0 F9000 X198.935 Y156
G1 F2100 X186.633 Y156 E784.76777
G0 F9000 X186.316 Y156.8
G1 F2100 X198.935 Y156.8 E785.60719
G0 F9000 X198.935 Y157.6
G1 F2100 X185.86 Y157.6 E786.47694
G0 F9000 X185.246 Y158.4
G1 F2100 X198.935 Y158.4 E787.38754
G0 F9000 X198.935 Y159.2
G1 F2100 X184.412 Y159.2 E788.35361
G0 F9000 X183.163 Y160
G1 F2100 X198.935 Y160 E789.40277
G0 F9000 X198.935 Y160.8
G1 F2100 X101.064 Y160.8 E795.91318
G0 F9000 X101.064 Y160
G1 F2100 X167.876 Y160 E800.35753
G0 F9000 X166.627 Y159.2
G1 F2100 X101.064 Y159.2 E804.7188
G0 F9000 X101.064 Y158.4
G1 F2100 X165.789 Y158.4 E809.02432
G0 F9000 X165.181 Y157.6
G1 F2100 X101.064 Y157.6 E813.2894
G0 F9000 X101.064 Y156.8
G1 F2100 X164.723 Y156.8 E817.52402
G0 F9000 X164.399 Y156
G1 F2100 X101.064 Y156 E821.73708
G0 F9000 X101.064 Y155.2
G1 F2100 X164.189 Y155.2 E825.93617
G0 F9000 X164.076 Y154.4
G1 F2100 X101.064 Y154.4 E830.12774
G0 F9000 X101.064 Y153.6
G1 F2100 X164.049 Y153.6 E834.31752
G0 F9000 X164.049 Y152.8
G1 F2100 X101.064 Y152.8 E838.5073
G0 F9000 X101.064 Y152
G1 F2100 X164.049 Y152 E842.69708
G0 F9000 X164.049 Y151.2
G1 F2100 X101.064 Y151.2 E846.88686
G0 F9000 X101.064 Y150.4
G1 F2100 X164.049 Y150.4 E851.07664
G0 F9000 X164.049 Y149.6
G1 F2100 X101.064 Y149.6 E855.26642
G0 F9000 X101.064 Y148.8
G1 F2100 X164.049 Y148.8 E859.4562
G0 F9000 X164.049 Y148
G1 F2100 X101.064 Y148 E863.64598
G0 F9000 X101.064 Y147.2
G1 F2100 X164.049 Y147.2 E867.83576
G0 F9000 X164.049 Y146.4
G1 F2100 X101.064 Y146.4 E872.02554
G0 F9000 X101.064 Y145.6
G1 F2100 X164.049 Y145.6 E876.21532
G0 F9000 X164.049 Y144.8
G1 F2100 X101.064 Y144.8 E880.4051
G0 F9000 X101.064 Y144
G1 F2100 X164.049 Y144 E884.59487
G0 F9000 X164.049 Y143.2
G1 F2100 X101.064 Y143.2 E888.78465
G0 F9000 X101.064 Y142.4
G1 F2100 X164.049 Y142.4 E892.97443
G0 F9000 X164.049 Y141.6
G1 F2100 X101.064 Y141.6 E897.16421
G0 F9000 X101.064 Y140.8
G1 F2100 X164.098 Y140.8 E901.35725
G0 F9000 X164.232 Y140
G1 F2100 X101.064 Y140 E905.5592
G0 F9000 X101.064 Y139.2
G1 F2100 X164.476 Y139.2 E909.77739
G0 F9000 X164.83 Y138.4
G1 F2100 X101.064 Y138.4 E914.01912
G0 F9000 X101.064 Y137.6
G1 F2100 X165.319 Y137.6 E918.29338
G0 F9000 X165.986 Y136.8
G1 F2100 X101.064 Y136.8 E922.61201
G0 F9000 X101.064 Y136
G1 F2100 X166.89 Y136 E926.99077
G1 F1500 E925.99077
G1 F300 Z1
G0 F9000 X168.336 Y135.2 Z1
G1 F300 Z0.8
G1 F1500 E927.01738
G1 F2100 X101.064 Y135.2 E931.49233
G1 F1500 E930.49233
G1 F300 Z1
G0 F9000 X101.064 Y161.6 Z1
G1 F300 Z0.8
G1 F1500 E931.51894
G1 F2100 X198.935 Y161.6 E938.02934
G0 F9000 X198.935 Y162.4
G1 F2100 X101.064 Y162.4 E944.53975
G0 F9000 X101.064 Y163.2
G1 F2100 X198.935 Y163.2 E951.05015
G0 F9000 X198.935 Y164
G1 F2100 X101.064 Y164 E957.56056
G0 F9000 X101.064 Y164.8
G1 F2100 X198.935 Y164.8 E964.07096
G0 F9000 X198.935 Y165.6
G1 F2100 X101.064 Y165.6 E970.58137
G0 F9000 X101.064 Y166.4
G1 F2100 X198.935 Y166.4 E977.09178
G0 F9000 X198.935 Y167.2
G1 F2100 X101.064 Y167.2 E983.60218
G0 F9000 X101.064 Y168
G1 F2100 X198.935 Y168 E990.11259
G0 F9000 X198.935 Y168.8
G1 F2100 X101.064 Y168.8 E996.62299
G0 F9000 X101.064 Y169.6
G1 F2100 X198.935 Y169.6 E1003.1334
G0 F9000 X198.935 Y170.4
G1 F2100 X101.064 Y170.4 E1009.6438
G0 F9000 X101.064 Y171.2
G1 F2100 X198.935 Y171.2 E1016.15421
G0 F9000 X198.935 Y172
G1 F2100 X101.064 Y172 E1022.66461
G0 F9000 X101.064 Y172.8
G1 F2100 X198.935 Y172.8 E1029.17502
G0 F9000 X198.935 Y173.6
G1 F2100 X101.064 Y173.6 E1035.68542
G0 F9000 X101.064 Y174.4
G1 F2100 X198.935 Y174.4 E1042.19583
G0 F9000 X198.935 Y175.2
G1 F2100 X101.064 Y175.2 E1048.70623
G0 F9000 X101.064 Y176
G1 F2100 X198.935 Y176 E1055.21664
G0 F9000 X198.935 Y176.8
G1 F2100 X101.064 Y176.8 E1061.72705
G0 F9000 X101.064 Y177.6
G1 F2100 X198.935 Y177.6 E1068.23745
G0 F9000 X198.935 Y178.4
G1 F2100 X101.064 Y178.4 E1074.74786
G0 F9000 X101.064 Y179.2
G1 F2100 X198.935 Y179.2 E1081.25826
G0 F9000 X198.935 Y180
G1 F2100 X101.064 Y180 E1087.76867
G0 F9000 X101.064 Y180.8
G1 F2100 X198.935 Y180.8 E1094.27907
G0 F9000 X198.935 Y181.6
G1 F2100 X101.064 Y181.6 E1100.78948
G0 F9000 X101.064 Y182.4
G1 F2100 X198.935 Y182.4 E1107.29988
G0 F9000 X198.935 Y183.2
G1 F2100 X101.064 Y183.2 E1113.81029
G0 F9000 X101.064 Y184
G1 F2100 X198.935 Y184 E1120.32069
G0 F9000 X198.935 Y184.8
G1 F2100 X101.064 Y184.8 E1126.8311
G0 F9000 X101.064 Y185.6
G1 F2100 X198.935 Y185.6 E1133.3415
G0 F9000 X198.935 Y186.4
G1 F2100 X101.064 Y186.4 E1139.85191
G0 F9000 X101.064 Y187.2
G1 F2100 X198.935 Y187.2 E1146.36231
G0 F9000 X198.935 Y188
G1 F2100 X101.064 Y188 E1152.87272
G0 F9000 X101.064 Y188.8
G1 F2100 X198.935 Y188.8 E1159.38313
G0 F9000 X198.935 Y189.6
G1 F2100 X101.064 Y189.6 E1165.89353
G0 F9000 X101.064 Y190.4
G1 F2100 X198.935 Y190.4 E1172.40394
G0 F9000 X198.935 Y191.2
G1 F2100 X101.064 Y191.2 E1178.91434
G0 F9000 X101.064 Y192
G1 F2100 X198.935 Y192 E1185.42475
G0 F9000 X198.935 Y192.8
G1 F2100 X101.064 Y192.8 E1191.93515
G0 F9000 X101.064 Y193.6
G1 F2100 X198.935 Y193.6 E1198.44556
G0 F9000 X198.935 Y194.4
G1 F2100 X101.064 Y194.4 E1204.95596
G0 F9000 X101.064 Y195.2
G1 F2100 X198.935 Y195.2 E1211.46637
G0 F9000 X198.935 Y196
G1 F2100 X101.064 Y196 E1217.97677
G0 F9000 X101.064 Y196.8
G1 F2100 X198.935 Y196.8 E1224.48718
G0 F9000 X198.935 Y197.6
G1 F2100 X101.064 Y197.6 E1230.99758
G0 F9000 X101.064 Y198.4
G1 F2100 X198.935 Y198.4 E1237.50799
G0 F9000 X198.935 Y199.2
G1 F2100 X101.064 Y199.2 E1244.0184
G0 F9000 X101.064 Y200
G1 F2100 X198.935 Y200 E1250.5288
G0 F9000 X198.935 Y200.8
G1 F2100 X101.064 Y200.8 E1257.03921
G0 F9000 X101.064 Y201.6
G1 F2100 X198.935 Y201.6 E1263.54961
G0 F9000 X198.935 Y202.4
G1 F2100 X101.064 Y202.4 E1270.06002
G0 F9000 X101.064 Y203.2
G1 F2100 X198.935 Y203.2 E1276.57042
G0 F9000 X198.935 Y204
G1 F2100 X101.064 Y204 E1283.08083
G0 F9000 X101.064 Y204.8
G1 F2100 X198.935 Y204.8 E1289.59123
G0 F9000 X198.935 Y205.6
G1 F2100 X101.064 Y205.6 E1296.10164
G0 F9000 X101.064 Y206.4
G1 F2100 X198.935 Y206.4 E1302.61204
G0 F9000 X198.935 Y207.2
G1 F2100 X101.064 Y207.2 E1309.12245
G1 F1500 E1308.12245
G1 F300 Z1
G0 F9000 X105.748 Y208 Z1
G1 F300 Z0.8
G1 F1500 E1309.14906
G1 F2100 X144.494 Y208 E1311.72645
G1 F1500 E1310.72645
G1 F300 Z1
G0 F9000 X142.881 Y208.8 Z1
G1 F300 Z0.8
G1 F1500 E1311.75306
G1 F2100 X106.897 Y208.8 E1314.14672
G0 F9000 X107.612 Y209.6
G1 F2100 X141.903 Y209.6 E1316.42777
G0 F9000 X141.205 Y210.4
G1 F2100 X108.11 Y210.4 E1318.62926
G0 F9000 X108.434 Y211.2
G1 F2100 X140.692 Y211.2 E1320.77507
G0 F9000 X140.315 Y212
G1 F2100 X108.623 Y212 E1322.88323
G0 F9000 X108.69 Y212.8
G1 F2100 X140.049 Y212.8 E1324.96924
G0 F9000 X139.891 Y213.6
G1 F2100 X108.648 Y213.6 E1327.04753
G0 F9000 X108.478 Y214.4
G1 F2100 X139.833 Y214.4 E1329.13328
G0 F9000 X139.832 Y215.2
G1 F2100 X108.182 Y215.2 E1331.23864
G0 F9000 X107.715 Y216
G1 F2100 X139.832 Y216 E1333.37507
G0 F9000 X139.832 Y216.8
G1 F2100 X107.032 Y216.8 E1335.55694
G0 F9000 X105.994 Y217.6
G1 F2100 X139.832 Y217.6 E1337.80785
G0 F9000 X139.832 Y218.4
G1 F2100 X101.065 Y218.4 E1340.38664
G0 F9000 X101.065 Y219.2
G1 F2100 X139.832 Y219.2 E1342.96543
G0 F9000 X139.832 Y220
G1 F2100 X101.065 Y220 E1345.54423
G0 F9000 X101.065 Y220.8
G1 F2100 X139.832 Y220.8 E1348.12302
G0 F9000 X139.832 Y221.6
G1 F2100 X101.065 Y221.6 E1350.70181
G0 F9000 X101.065 Y222.4
G1 F2100 X139.832 Y222.4 E1353.2806
G0 F9000 X139.832 Y223.2
G1 F2100 X101.065 Y223.2 E1355.85939
G0 F9000 X101.065 Y224
G1 F2100 X139.832 Y224 E1358.43818
G0 F9000 X139.832 Y224.8
G1 F2100 X101.065 Y224.8 E1361.01697
G0 F9000 X101.065 Y225.6
G1 F2100 X139.832 Y225.6 E1363.59576
G1 F1500 E1362.59576
G1 F300 Z1
G0 F9000 X163.417 Y225.6 Z1
G1 F300 Z0.8
G1 F1500 E1363.62237
G1 F2100 X179.568 Y225.6 E1364.69674
G0 F9000 X179.568 Y224.8
G1 F2100 X163.417 Y224.8 E1365.77111
G0 F9000 X163.417 Y224
G1 F2100 X179.568 Y224 E1366.84548
G0 F9000 X179.568 Y223.2
G1 F2100 X163.417 Y223.2 E1367.91985
G0 F9000 X163.417 Y222.4
G1 F2100 X179.568 Y222.4 E1368.99422
G0 F9000 X179.568 Y221.6
G1 F2100 X163.417 Y221.6 E1370.06859
G0 F9000 X163.417 Y220.8
G1 F2100 X179.568 Y220.8 E1371.14296
G0 F9000 X179.568 Y220
G1 F2100 X163.417 Y220 E1372.21732
G0 F9000 X163.417 Y219.2
G1 F2100 X179.568 Y219.2 E1373.29169
G0 F9000 X179.578 Y218.4
G1 F2100 X163.417 Y218.4 E1374.36673
G0 F9000 X163.417 Y217.6
G1 F2100 X179.663 Y217.6 E1375.44742
G0 F9000 X179.843 Y216.8
G1 F2100 X163.417 Y216.8 E1376.54008
G0 F9000 X163.417 Y216
G1 F2100 X180.125 Y216 E1377.6515
G0 F9000 X180.524 Y215.2
G1 F2100 X163.417 Y215.2 E1378.78946
G0 F9000 X163.417 Y214.4
G1 F2100 X181.083 Y214.4 E1379.96461
G0 F9000 X181.823 Y213.6
G1 F2100 X163.355 Y213.6 E1381.1931
G0 F9000 X163.193 Y212.8
G1 F2100 X182.905 Y212.8 E1382.50435
G1 F1500 E1381.50435
G1 F300 Z1
G0 F9000 X184.838 Y212 Z1
G1 F300 Z0.8
G1 F1500 E1382.53096
G1 F2100 X162.932 Y212 E1383.98815
G0 F9000 X162.562 Y211.2
G1 F2100 X191.563 Y211.2 E1385.91731
G0 F9000 X191.892 Y210.4
G1 F2100 X162.044 Y210.4 E1387.9028
G0 F9000 X161.351 Y209.6
G1 F2100 X192.379 Y209.6 E1389.96679
G0 F9000 X193.109 Y208.8
G1 F2100 X160.366 Y208.8 E1392.14487
G1 F1500 E1391.14487
G1 F300 Z1
G0 F9000 X158.742 Y208 Z1
G1 F300 Z0.8
G1 F1500 E1392.17148
G1 F2100 X194.245 Y208 E1394.53315
G1 F1500 E1393.53315
G1 F300 Z1
G0 F9000 X199.255 Y217.421 Z1
G1 F300 Z0.8
G1 F1500 E1394.55975
G1 F2100 X199.255 Y226.623 E1395.17187
G1 X199.071 Y226.623 E1395.18411
G1 X199.07 Y218.525 E1395.72279
G1 X199.034 Y217.967 E1395.75999
G1 X198.969 Y217.57 E1395.78675
G1 X199.255 Y217.421 E1395.8082
G1 F1500 E1394.8082
G1 F300 Z1
;MESH:NONMESH
G0 F9000 X106.499 Y91.431 Z1
;TIME_ELAPSED:3247.500388
;LAYER:4
;TYPE:WALL-INNER
;MESH:Top of Case.STL
G1 F300 Z1
G1 F1500 E1395.83481
G1 F2400 X106.25 Y90.952 E1395.87072
G1 X105.954 Y90.543 E1395.9043
G1 X105.599 Y90.175 E1395.93832
G1 X105.183 Y89.854 E1395.97327
G1 X104.607 Y89.542 E1396.01685
G1 X103.965 Y89.339 E1396.06164
G1 X103.467 Y89.271 E1396.09507
G1 X103.167 Y89.261 E1396.11504
G1 X102.679 Y89.294 E1396.14757
G1 X102.096 Y89.431 E1396.18741
G1 X101.62 Y89.625 E1396.2216
G1 X101.189 Y89.875 E1396.25475
G1 X100.785 Y90.189 E1396.28879
G1 X100.393 Y90.607 E1396.32691
G1 X100.037 Y91.147 E1396.36993
G1 X99.822 Y91.631 E1396.40516
G1 X99.659 Y92.235 E1396.44677
G1 X99.605 Y92.926 E1396.49288
G1 X99.694 Y93.626 E1396.53982
G1 X99.856 Y94.166 E1396.57732
G1 X100.172 Y94.786 E1396.62361
G1 X100.491 Y95.21 E1396.65891
G1 X100.855 Y95.571 E1396.69301
G1 X101.297 Y95.897 E1396.72954
G1 X101.745 Y96.133 E1396.76323
G1 X102.22 Y96.306 E1396.79686
G1 X102.771 Y96.419 E1396.83427
G1 X103.354 Y96.441 E1396.87308
G1 X104.006 Y96.351 E1396.91686
G1 X104.544 Y96.182 E1396.95437
G1 X105.004 Y95.957 E1396.98844
G1 X105.422 Y95.672 E1397.02209
G1 X105.827 Y95.302 E1397.05858
G1 X106.158 Y94.889 E1397.09379
G1 X106.484 Y94.315 E1397.1377
G1 X106.693 Y93.705 E1397.18059
G1 X106.788 Y93.053 E1397.22442
G1 X106.779 Y92.518 E1397.26002
G1 X106.67 Y91.919 E1397.30052
G1 X106.499 Y91.431 E1397.33491
G0 F9000 X105.763 Y91.749
G1 F2400 X105.568 Y91.374 E1397.36303
G1 X105.339 Y91.058 E1397.38899
G1 X105.064 Y90.773 E1397.41533
G1 X104.745 Y90.527 E1397.44213
G1 X104.293 Y90.282 E1397.47633
G1 X103.789 Y90.122 E1397.51151
G1 X103.4 Y90.069 E1397.53762
G1 X103.181 Y90.062 E1397.5522
G1 X102.799 Y90.088 E1397.57767
G1 X102.34 Y90.196 E1397.60903
G1 X101.973 Y90.345 E1397.63538
G1 X101.637 Y90.54 E1397.66122
G1 X101.326 Y90.782 E1397.68744
G1 X101.023 Y91.105 E1397.7169
G1 X100.741 Y91.532 E1397.75094
G1 X100.578 Y91.899 E1397.77765
G1 X100.451 Y92.371 E1397.81016
G1 X100.409 Y92.907 E1397.84593
G1 X100.479 Y93.46 E1397.88301
G1 X100.601 Y93.867 E1397.91127
G1 X100.853 Y94.36 E1397.9481
G1 X101.096 Y94.683 E1397.97499
G1 X101.377 Y94.962 E1398.00133
G1 X101.723 Y95.217 E1398.02992
G1 X102.07 Y95.4 E1398.05602
G1 X102.438 Y95.534 E1398.08207
G1 X102.867 Y95.622 E1398.1112
G1 X103.314 Y95.639 E1398.14096
G1 X103.83 Y95.568 E1398.1756
G1 X104.246 Y95.437 E1398.20462
G1 X104.601 Y95.263 E1398.23091
G1 X104.925 Y95.043 E1398.25697
G1 X105.242 Y94.753 E1398.28555
G1 X105.494 Y94.439 E1398.31233
G1 X105.751 Y93.985 E1398.34703
G1 X105.912 Y93.516 E1398.38002
G1 X105.987 Y93.002 E1398.41457
G1 X105.98 Y92.597 E1398.44151
G1 X105.894 Y92.124 E1398.47349
G1 X105.763 Y91.749 E1398.49992
G0 F9000 X105.027 Y92.067
;TYPE:WALL-OUTER
G1 F2400 X104.886 Y91.796 E1398.52024
G1 X104.724 Y91.573 E1398.53857
G1 X104.529 Y91.37 E1398.5573
G1 X104.308 Y91.2 E1398.57584
G1 X103.978 Y91.021 E1398.60082
G1 X103.613 Y90.905 E1398.62629
G1 X103.334 Y90.867 E1398.64503
G1 X103.197 Y90.863 E1398.65414
G1 X102.919 Y90.882 E1398.67268
G1 X102.583 Y90.961 E1398.69564
G1 X102.325 Y91.065 E1398.71414
G1 X102.086 Y91.204 E1398.73253
G1 X101.867 Y91.375 E1398.75102
G1 X101.653 Y91.603 E1398.77182
G1 X101.445 Y91.918 E1398.79693
G1 X101.334 Y92.167 E1398.81506
G1 X101.243 Y92.507 E1398.83848
G1 X101.213 Y92.888 E1398.8639
G1 X101.264 Y93.294 E1398.89112
G1 X101.346 Y93.567 E1398.91008
G1 X101.534 Y93.934 E1398.93751
G1 X101.701 Y94.156 E1398.95599
G1 X101.899 Y94.353 E1398.97457
G1 X102.149 Y94.537 E1398.99522
G1 X102.395 Y94.667 E1399.01372
G1 X102.656 Y94.762 E1399.0322
G1 X102.963 Y94.825 E1399.05305
G1 X103.275 Y94.837 E1399.07382
G1 X103.654 Y94.785 E1399.09927
G1 X103.948 Y94.692 E1399.11978
G1 X104.199 Y94.569 E1399.13837
G1 X104.428 Y94.414 E1399.15677
G1 X104.657 Y94.204 E1399.17743
G1 X104.83 Y93.989 E1399.19579
G1 X105.018 Y93.656 E1399.22123
G1 X105.131 Y93.327 E1399.24437
G1 X105.186 Y92.951 E1399.26965
G1 X105.181 Y92.676 E1399.28794
G1 X105.118 Y92.328 E1399.31147
G1 X105.027 Y92.067 E1399.32985
G0 F9000 X105.834 Y91.719
G1 F1500 E1398.32985
G1 F300 Z1.2
G0 F9000 X105.513 Y210.117 Z1.2
;TYPE:WALL-INNER
G1 F300 Z1
G1 F1500 E1399.35646
G1 F2400 X105.098 Y209.815 E1399.3906
G1 X104.656 Y209.582 E1399.42384
G1 X104.185 Y209.411 E1399.45717
G1 X103.686 Y209.305 E1399.49111
G1 X103.192 Y209.273 E1399.52404
G1 X102.677 Y209.311 E1399.55839
G1 X102.099 Y209.446 E1399.59787
G1 X101.608 Y209.644 E1399.63309
G1 X101.1 Y209.95 E1399.67254
G1 X100.714 Y210.274 E1399.70606
G1 X100.384 Y210.634 E1399.73855
G1 X100.014 Y211.202 E1399.78364
G1 X99.8 Y211.707 E1399.82013
G1 X99.663 Y212.243 E1399.85693
G1 X99.609 Y212.804 E1399.89442
G1 X99.642 Y213.366 E1399.93187
G1 X99.753 Y213.872 E1399.96633
G1 X99.945 Y214.385 E1400.00276
G1 X100.192 Y214.827 E1400.03644
G1 X100.493 Y215.225 E1400.06964
G1 X100.888 Y215.614 E1400.10652
G1 X101.304 Y215.915 E1400.14067
G1 X101.745 Y216.148 E1400.17385
G1 X102.216 Y216.319 E1400.20718
G1 X102.717 Y216.425 E1400.24125
G1 X103.207 Y216.456 E1400.27391
G1 X103.722 Y216.421 E1400.30824
G1 X104.302 Y216.284 E1400.34789
G1 X104.795 Y216.086 E1400.38323
G1 X105.312 Y215.771 E1400.4235
G1 X105.74 Y215.407 E1400.46087
G1 X106.101 Y214.984 E1400.49787
G1 X106.357 Y214.577 E1400.52985
G1 X106.6 Y214.033 E1400.56948
G1 X106.736 Y213.488 E1400.60685
G1 X106.791 Y212.983 E1400.64064
G1 X106.759 Y212.361 E1400.68207
G1 X106.635 Y211.815 E1400.71932
G1 X106.452 Y211.338 E1400.7533
G1 X106.21 Y210.906 E1400.78624
G1 X105.906 Y210.501 E1400.81992
G1 X105.513 Y210.117 E1400.85647
G0 F9000 X104.996 Y210.73
G1 F2400 X104.674 Y210.496 E1400.88295
G1 X104.331 Y210.315 E1400.90875
G1 X103.965 Y210.182 E1400.93466
G1 X103.577 Y210.1 E1400.96104
G1 X103.195 Y210.075 E1400.9865
G1 X102.798 Y210.104 E1401.01298
G1 X102.341 Y210.211 E1401.0442
G1 X101.966 Y210.362 E1401.07109
G1 X101.566 Y210.603 E1401.10216
G1 X101.268 Y210.853 E1401.12803
G1 X101.018 Y211.126 E1401.15266
G1 X100.723 Y211.579 E1401.18862
G1 X100.56 Y211.964 E1401.21643
G1 X100.453 Y212.381 E1401.24506
G1 X100.411 Y212.819 E1401.27433
G1 X100.437 Y213.256 E1401.30346
G1 X100.522 Y213.645 E1401.32994
G1 X100.673 Y214.048 E1401.35857
G1 X100.863 Y214.388 E1401.38448
G1 X101.096 Y214.696 E1401.41017
G1 X101.406 Y215.002 E1401.43914
G1 X101.727 Y215.234 E1401.46549
G1 X102.07 Y215.415 E1401.49129
G1 X102.436 Y215.548 E1401.51719
G1 X102.825 Y215.63 E1401.54364
G1 X103.205 Y215.654 E1401.56897
G1 X103.602 Y215.627 E1401.59544
G1 X104.06 Y215.519 E1401.62674
G1 X104.436 Y215.368 E1401.65369
G1 X104.842 Y215.121 E1401.6853
G1 X105.173 Y214.839 E1401.71423
G1 X105.455 Y214.509 E1401.7431
G1 X105.65 Y214.199 E1401.76747
G1 X105.841 Y213.771 E1401.79864
G1 X105.947 Y213.347 E1401.82772
G1 X105.989 Y212.96 E1401.85361
G1 X105.964 Y212.471 E1401.88618
G1 X105.868 Y212.048 E1401.91503
G1 X105.726 Y211.679 E1401.94133
G1 X105.538 Y211.343 E1401.96695
G1 X105.303 Y211.03 E1401.99298
G1 X104.996 Y210.73 E1402.02154
G0 F9000 X104.479 Y211.343
;TYPE:WALL-OUTER
G1 F2400 X104.25 Y211.177 E1402.04035
G1 X104.006 Y211.048 E1402.05871
G1 X103.745 Y210.953 E1402.07719
G1 X103.468 Y210.895 E1402.09601
G1 X103.197 Y210.877 E1402.11408
G1 X102.919 Y210.897 E1402.13262
G1 X102.583 Y210.976 E1402.15558
G1 X102.324 Y211.08 E1402.17415
G1 X102.033 Y211.256 E1402.19677
G1 X101.823 Y211.432 E1402.21499
G1 X101.653 Y211.618 E1402.23176
G1 X101.432 Y211.957 E1402.25868
G1 X101.32 Y212.221 E1402.27775
G1 X101.243 Y212.52 E1402.29829
G1 X101.213 Y212.833 E1402.31921
G1 X101.232 Y213.146 E1402.34007
G1 X101.291 Y213.418 E1402.35858
G1 X101.401 Y213.71 E1402.37934
G1 X101.535 Y213.95 E1402.39762
G1 X101.699 Y214.167 E1402.41571
G1 X101.925 Y214.39 E1402.43683
G1 X102.15 Y214.553 E1402.45532
G1 X102.395 Y214.682 E1402.47374
G1 X102.656 Y214.777 E1402.49221
G1 X102.933 Y214.835 E1402.51104
G1 X103.203 Y214.852 E1402.52903
G1 X103.482 Y214.833 E1402.54764
G1 X103.818 Y214.754 E1402.5706
G1 X104.077 Y214.65 E1402.58916
G1 X104.372 Y214.471 E1402.61211
G1 X104.605 Y214.272 E1402.6325
G1 X104.809 Y214.033 E1402.6534
G1 X104.943 Y213.821 E1402.67008
G1 X105.082 Y213.509 E1402.6928
G1 X105.158 Y213.206 E1402.71358
G1 X105.187 Y212.937 E1402.73158
G1 X105.169 Y212.581 E1402.75529
G1 X105.101 Y212.282 E1402.77569
G1 X105 Y212.02 E1402.79437
G1 X104.866 Y211.78 E1402.81265
G1 X104.7 Y211.559 E1402.83104
G1 X104.479 Y211.343 E1402.8516
G0 F9000 X105.046 Y210.671
G1 F1500 E1401.8516
G1 F300 Z1.2
G0 F9000 X197.93 Y210.315 Z1.2
;TYPE:WALL-INNER
G1 F300 Z1
G1 F1500 E1402.8782
G1 F2400 X197.564 Y210.182 E1402.90411
G1 X197.176 Y210.1 E1402.93049
G1 X196.79 Y210.075 E1402.95622
G1 X196.358 Y210.11 E1402.98505
G1 X195.939 Y210.211 E1403.01372
G1 X195.564 Y210.362 E1403.04061
G1 X195.165 Y210.603 E1403.07162
G1 X194.867 Y210.853 E1403.09749
G1 X194.617 Y211.126 E1403.12212
G1 X194.322 Y211.579 E1403.15808
G1 X194.159 Y211.964 E1403.18589
G1 X194.052 Y212.381 E1403.21453
G1 X194.01 Y212.819 E1403.2438
G1 X194.036 Y213.256 E1403.27292
G1 X194.121 Y213.645 E1403.2994
G1 X194.272 Y214.048 E1403.32803
G1 X194.462 Y214.388 E1403.35394
G1 X194.695 Y214.696 E1403.37963
G1 X195.008 Y215.005 E1403.40889
G1 X195.365 Y215.258 E1403.43799
G1 X195.718 Y215.437 E1403.46432
G1 X196.211 Y215.593 E1403.49872
G1 X196.612 Y215.648 E1403.52564
G1 X196.997 Y215.648 E1403.55125
G1 X197.392 Y215.591 E1403.5778
G1 X197.846 Y215.453 E1403.60937
G1 X198.239 Y215.256 E1403.63861
G1 X198.602 Y214.995 E1403.66835
G1 X198.909 Y214.691 E1403.69709
G1 X199.145 Y214.376 E1403.72327
G1 X199.35 Y213.999 E1403.75182
G1 X199.498 Y213.577 E1403.78157
G1 X199.579 Y213.116 E1403.8127
G1 X199.586 Y212.706 E1403.83998
G1 X199.52 Y212.247 E1403.87083
G1 X199.404 Y211.862 E1403.89757
G1 X199.231 Y211.494 E1403.92462
G1 X198.911 Y211.039 E1403.96163
G1 X198.595 Y210.73 E1403.99103
G1 X198.273 Y210.496 E1404.0175
G1 X197.93 Y210.315 E1404.0433
G0 F9000 X197.605 Y211.048
;TYPE:WALL-OUTER
G1 F2400 X197.344 Y210.953 E1404.06178
G1 X197.067 Y210.895 E1404.0806
G1 X196.796 Y210.877 E1404.09867
G1 X196.485 Y210.902 E1404.11943
G1 X196.184 Y210.975 E1404.14003
G1 X195.923 Y211.08 E1404.15874
G1 X195.632 Y211.256 E1404.18137
G1 X195.422 Y211.432 E1404.19959
G1 X195.252 Y211.618 E1404.21635
G1 X195.031 Y211.957 E1404.24327
G1 X194.919 Y212.221 E1404.26235
G1 X194.842 Y212.52 E1404.28289
G1 X194.812 Y212.833 E1404.3038
G1 X194.831 Y213.146 E1404.32466
G1 X194.89 Y213.418 E1404.34318
G1 X195 Y213.71 E1404.36393
G1 X195.134 Y213.95 E1404.38222
G1 X195.298 Y214.167 E1404.40031
G1 X195.524 Y214.39 E1404.42143
G1 X195.779 Y214.571 E1404.44223
G1 X196.022 Y214.694 E1404.46035
G1 X196.387 Y214.81 E1404.48583
G1 X196.666 Y214.848 E1404.50456
G1 X196.94 Y214.848 E1404.52278
G1 X197.217 Y214.808 E1404.5414
G1 X197.548 Y214.707 E1404.56442
G1 X197.824 Y214.569 E1404.58495
G1 X198.084 Y214.382 E1404.60625
G1 X198.304 Y214.164 E1404.62686
G1 X198.47 Y213.943 E1404.64524
G1 X198.616 Y213.674 E1404.6656
G1 X198.721 Y213.374 E1404.68674
G1 X198.78 Y213.039 E1404.70937
G1 X198.785 Y212.756 E1404.7282
G1 X198.737 Y212.421 E1404.75071
G1 X198.655 Y212.15 E1404.76955
G1 X198.536 Y211.897 E1404.78814
G1 X198.299 Y211.559 E1404.8156
G1 X198.078 Y211.343 E1404.83616
G1 X197.849 Y211.177 E1404.85498
G1 X197.605 Y211.048 E1404.87333
G0 F9000 X197.961 Y210.244
G1 F1500 E1403.87333
G1 F300 Z1.2
G0 F9000 X184.029 Y137.338 Z1.2
;TYPE:WALL-INNER
G1 F300 Z1
G1 F1500 E1404.89994
G1 F2400 X183.583 Y136.963 E1404.9387
G1 X183.146 Y136.662 E1404.974
G1 X182.626 Y136.376 E1405.01348
G1 X182.099 Y136.147 E1405.0517
G1 X181.488 Y135.959 E1405.09423
G1 X180.871 Y135.839 E1405.13604
G1 X180.229 Y135.79 E1405.17887
G1 X170.772 Y135.79 E1405.80795
G1 X170.154 Y135.839 E1405.84919
G1 X169.512 Y135.969 E1405.89276
G1 X168.965 Y136.138 E1405.93085
G1 X168.422 Y136.37 E1405.97013
G1 X167.961 Y136.62 E1406.00501
G1 X167.47 Y136.952 E1406.04444
G1 X166.995 Y137.347 E1406.08553
G1 X166.544 Y137.822 E1406.1291
G1 X166.179 Y138.298 E1406.169
G1 X165.901 Y138.743 E1406.20391
G1 X165.66 Y139.224 E1406.2397
G1 X165.472 Y139.7 E1406.27374
G1 X165.314 Y140.242 E1406.31129
G1 X165.213 Y140.791 E1406.34843
G1 X165.163 Y141.335 E1406.38477
G1 X165.158 Y141.562 E1406.39987
G1 X165.159 Y154.003 E1407.22745
G1 X165.199 Y154.532 E1407.26274
G1 X165.305 Y155.133 E1407.30333
G1 X165.501 Y155.794 E1407.3492
G1 X165.739 Y156.354 E1407.38967
G1 X165.989 Y156.813 E1407.42444
G1 X166.319 Y157.305 E1407.46385
G1 X166.716 Y157.78 E1407.50503
G1 X167.194 Y158.234 E1407.54888
G1 X167.7 Y158.618 E1407.59114
G1 X168.144 Y158.891 E1407.62581
G1 X168.62 Y159.129 E1407.66121
G1 X169.25 Y159.363 E1407.70591
G1 X169.86 Y159.516 E1407.74775
G1 X170.517 Y159.603 E1407.79183
G1 X170.85 Y159.616 E1407.814
G1 X180.198 Y159.617 E1408.43583
G1 X180.825 Y159.573 E1408.47764
G1 X181.384 Y159.47 E1408.51545
G1 X181.929 Y159.317 E1408.55311
G1 X182.494 Y159.095 E1408.59349
G1 X183.027 Y158.815 E1408.63354
G1 X183.489 Y158.512 E1408.67029
G1 X183.928 Y158.161 E1408.70768
G1 X184.33 Y157.767 E1408.74512
G1 X184.705 Y157.321 E1408.78389
G1 X185.006 Y156.884 E1408.81918
G1 X185.292 Y156.364 E1408.85866
G1 X185.521 Y155.837 E1408.89688
G1 X185.709 Y155.226 E1408.93941
G1 X185.829 Y154.609 E1408.98122
G1 X185.878 Y153.967 E1409.02405
G1 X185.879 Y141.516 E1409.85229
G1 X185.87 Y141.215 E1409.87233
G1 X185.823 Y140.761 E1409.90269
G1 X185.699 Y140.142 E1409.94468
G1 X185.53 Y139.601 E1409.98238
G1 X185.318 Y139.094 E1410.01894
G1 X185.074 Y138.636 E1410.05346
G1 X184.774 Y138.179 E1410.08982
G1 X184.423 Y137.74 E1410.12721
G1 X184.029 Y137.338 E1410.16466
G0 F9000 X183.485 Y137.926
G1 F2400 X183.097 Y137.6 E1410.19837
G1 X182.725 Y137.343 E1410.22844
G1 X182.274 Y137.095 E1410.26268
G1 X181.821 Y136.899 E1410.29551
G1 X181.293 Y136.736 E1410.33227
G1 X180.764 Y136.633 E1410.36812
G1 X180.199 Y136.59 E1410.40582
G1 X170.804 Y136.59 E1411.03077
G1 X170.265 Y136.633 E1411.06674
G1 X169.71 Y136.745 E1411.1044
G1 X169.241 Y136.89 E1411.13706
G1 X168.771 Y137.091 E1411.17106
G1 X168.376 Y137.305 E1411.20095
G1 X167.951 Y137.592 E1411.23506
G1 X167.543 Y137.932 E1411.27039
G1 X167.153 Y138.343 E1411.30808
G1 X166.837 Y138.754 E1411.34257
G1 X166.6 Y139.135 E1411.37241
G1 X166.391 Y139.551 E1411.40338
G1 X166.23 Y139.96 E1411.43262
G1 X166.093 Y140.427 E1411.46499
G1 X166.006 Y140.9 E1411.49699
G1 X165.962 Y141.38 E1411.52905
G1 X165.958 Y141.57 E1411.54169
G1 X165.959 Y153.973 E1412.36674
G1 X165.994 Y154.432 E1412.39736
G1 X166.085 Y154.949 E1412.43228
G1 X166.255 Y155.523 E1412.47211
G1 X166.46 Y156.005 E1412.50695
G1 X166.674 Y156.398 E1412.53671
G1 X166.96 Y156.824 E1412.57085
G1 X167.301 Y157.232 E1412.60622
G1 X167.713 Y157.624 E1412.64405
G1 X168.152 Y157.957 E1412.6807
G1 X168.533 Y158.191 E1412.71044
G1 X168.939 Y158.394 E1412.74064
G1 X169.487 Y158.598 E1412.77953
G1 X170.01 Y158.729 E1412.8154
G1 X170.585 Y158.805 E1412.85398
G1 X170.866 Y158.816 E1412.87269
G1 X180.17 Y158.817 E1413.49159
G1 X180.724 Y158.778 E1413.52854
G1 X181.203 Y158.69 E1413.56093
G1 X181.674 Y158.558 E1413.59347
G1 X182.161 Y158.366 E1413.62829
G1 X182.621 Y158.125 E1413.66284
G1 X183.018 Y157.864 E1413.69444
G1 X183.397 Y157.561 E1413.72672
G1 X183.742 Y157.223 E1413.75885
G1 X184.068 Y156.835 E1413.79256
G1 X184.325 Y156.463 E1413.82263
G1 X184.573 Y156.012 E1413.85687
G1 X184.769 Y155.559 E1413.88971
G1 X184.932 Y155.031 E1413.92646
G1 X185.035 Y154.502 E1413.96231
G1 X185.078 Y153.937 E1414.00001
G1 X185.079 Y141.528 E1414.82546
G1 X185.071 Y141.268 E1414.84276
G1 X185.031 Y140.881 E1414.86864
G1 X184.923 Y140.34 E1414.90534
G1 X184.778 Y139.876 E1414.93768
G1 X184.594 Y139.437 E1414.96934
G1 X184.385 Y139.044 E1414.99895
G1 X184.126 Y138.65 E1415.03031
G1 X183.823 Y138.271 E1415.06259
G1 X183.485 Y137.926 E1415.09472
G0 F9000 X182.941 Y138.514
G1 F2400 X182.611 Y138.237 E1415.12338
G1 X182.303 Y138.024 E1415.14829
G1 X181.922 Y137.814 E1415.17723
G1 X181.544 Y137.651 E1415.20461
G1 X181.098 Y137.513 E1415.23567
G1 X180.657 Y137.427 E1415.26555
G1 X180.169 Y137.39 E1415.29811
G1 X170.836 Y137.39 E1415.91894
G1 X170.376 Y137.427 E1415.94964
G1 X169.908 Y137.521 E1415.98139
G1 X169.517 Y137.642 E1416.00862
G1 X169.12 Y137.812 E1416.03735
G1 X168.792 Y137.99 E1416.06217
G1 X168.432 Y138.233 E1416.09107
G1 X168.091 Y138.517 E1416.12059
G1 X167.762 Y138.863 E1416.15235
G1 X167.496 Y139.21 E1416.18143
G1 X167.299 Y139.527 E1416.20626
G1 X167.122 Y139.879 E1416.23247
G1 X166.987 Y140.22 E1416.25686
G1 X166.872 Y140.612 E1416.28404
G1 X166.799 Y141.009 E1416.31089
G1 X166.761 Y141.424 E1416.33861
G1 X166.758 Y141.578 E1416.34886
G1 X166.759 Y153.942 E1417.17131
G1 X166.789 Y154.332 E1417.19733
G1 X166.865 Y154.766 E1417.22664
G1 X167.009 Y155.252 E1417.26036
G1 X167.181 Y155.656 E1417.28957
G1 X167.359 Y155.983 E1417.31433
G1 X167.601 Y156.343 E1417.34319
G1 X167.886 Y156.684 E1417.37275
G1 X168.232 Y157.014 E1417.40456
G1 X168.604 Y157.296 E1417.43561
G1 X168.922 Y157.491 E1417.46042
G1 X169.258 Y157.659 E1417.48541
G1 X169.725 Y157.833 E1417.51856
G1 X170.16 Y157.942 E1417.54839
G1 X170.653 Y158.007 E1417.58147
G1 X170.882 Y158.016 E1417.59672
G1 X180.142 Y158.017 E1418.2127
G1 X180.624 Y157.983 E1418.24484
G1 X181.023 Y157.91 E1418.27182
G1 X181.419 Y157.799 E1418.29918
G1 X181.827 Y157.638 E1418.32835
G1 X182.214 Y157.435 E1418.35742
G1 X182.547 Y157.216 E1418.38394
G1 X182.866 Y156.961 E1418.4111
G1 X183.154 Y156.679 E1418.43792
G1 X183.431 Y156.349 E1418.46658
G1 X183.644 Y156.041 E1418.49149
G1 X183.854 Y155.66 E1418.52043
G1 X184.017 Y155.282 E1418.54781
G1 X184.155 Y154.836 E1418.57886
G1 X184.241 Y154.395 E1418.60875
G1 X184.278 Y153.907 E1418.64131
G1 X184.279 Y141.541 E1419.4639
G1 X184.272 Y141.322 E1419.47847
G1 X184.239 Y141 E1419.5
G1 X184.147 Y140.538 E1419.53134
G1 X184.026 Y140.151 E1419.55831
G1 X183.87 Y139.78 E1419.58508
G1 X183.696 Y139.452 E1419.60978
G1 X183.478 Y139.121 E1419.63615
G1 X183.223 Y138.802 E1419.66331
G1 X182.941 Y138.514 E1419.69013
G0 F9000 X182.397 Y139.102
;TYPE:WALL-OUTER
G1 F2400 X182.125 Y138.874 E1419.71374
G1 X181.881 Y138.705 E1419.73348
G1 X181.57 Y138.533 E1419.75712
G1 X181.267 Y138.403 E1419.77905
G1 X180.902 Y138.29 E1419.80447
G1 X180.55 Y138.221 E1419.82833
G1 X180.139 Y138.19 E1419.85575
G1 X170.868 Y138.19 E1420.47246
G1 X170.487 Y138.221 E1420.49789
G1 X170.106 Y138.297 E1420.52373
G1 X169.794 Y138.394 E1420.54546
G1 X169.469 Y138.533 E1420.56898
G1 X169.207 Y138.675 E1420.5888
G1 X168.913 Y138.873 E1420.61238
G1 X168.639 Y139.102 E1420.63613
G1 X168.371 Y139.383 E1420.66196
G1 X168.155 Y139.666 E1420.68564
G1 X167.997 Y139.919 E1420.70549
G1 X167.853 Y140.206 E1420.72685
G1 X167.744 Y140.481 E1420.74652
G1 X167.651 Y140.798 E1420.7685
G1 X167.592 Y141.118 E1420.79015
G1 X167.56 Y141.467 E1420.81346
G1 X167.558 Y141.585 E1420.82131
G1 X167.559 Y153.911 E1421.64124
G1 X167.584 Y154.232 E1421.66266
G1 X167.645 Y154.583 E1421.68635
G1 X167.763 Y154.981 E1421.71397
G1 X167.902 Y155.307 E1421.73754
G1 X168.044 Y155.567 E1421.75725
G1 X168.242 Y155.862 E1421.78088
G1 X168.471 Y156.136 E1421.80464
G1 X168.752 Y156.404 E1421.83047
G1 X169.056 Y156.635 E1421.85587
G1 X169.31 Y156.791 E1421.87569
G1 X169.577 Y156.924 E1421.89554
G1 X169.963 Y157.068 E1421.92294
G1 X170.31 Y157.155 E1421.94674
G1 X170.721 Y157.209 E1421.97431
G1 X170.898 Y157.216 E1421.9861
G1 X180.114 Y157.217 E1422.59915
G1 X180.524 Y157.188 E1422.62649
G1 X180.843 Y157.13 E1422.64806
G1 X181.163 Y157.04 E1422.67017
G1 X181.493 Y156.91 E1422.69376
G1 X181.807 Y156.745 E1422.71736
G1 X182.076 Y156.568 E1422.73878
G1 X182.335 Y156.361 E1422.76083
G1 X182.566 Y156.135 E1422.78233
G1 X182.794 Y155.863 E1422.80594
G1 X182.963 Y155.619 E1422.82568
G1 X183.135 Y155.308 E1422.84933
G1 X183.265 Y155.005 E1422.87126
G1 X183.378 Y154.64 E1422.89667
G1 X183.447 Y154.288 E1422.92054
G1 X183.478 Y153.877 E1422.94795
G1 X183.479 Y141.554 E1423.76768
G1 X183.473 Y141.376 E1423.77953
G1 X183.447 Y141.118 E1423.79678
G1 X183.371 Y140.736 E1423.82269
G1 X183.274 Y140.426 E1423.84429
G1 X183.147 Y140.124 E1423.86609
G1 X183.007 Y139.861 E1423.88591
G1 X182.83 Y139.592 E1423.90733
G1 X182.623 Y139.333 E1423.92938
G1 X182.397 Y139.102 E1423.95088
G0 F9000 X182.994 Y138.457
G1 F1500 E1422.95088
G1 F300 Z1.2
G0 F9000 X199.614 Y90.618 Z1.2
;TYPE:WALL-INNER
G1 F300 Z1
G1 F1500 E1423.97749
G1 F2400 X199.163 Y90.143 E1424.02106
G1 X198.71 Y89.809 E1424.0585
G1 X198.289 Y89.581 E1424.09035
G1 X197.787 Y89.396 E1424.12593
G1 X197.283 Y89.29 E1424.16019
G1 X196.791 Y89.259 E1424.19299
G1 X196.272 Y89.296 E1424.2276
G1 X195.626 Y89.453 E1424.27182
G1 X195.015 Y89.731 E1424.31647
G1 X194.583 Y90.023 E1424.35116
G1 X194.173 Y90.398 E1424.38812
G1 X193.842 Y90.811 E1424.42333
G1 X193.516 Y91.385 E1424.46724
G1 X193.307 Y91.993 E1424.51001
G1 X193.212 Y92.646 E1424.5539
G1 X193.221 Y93.167 E1424.58856
G1 X193.301 Y93.654 E1424.62139
G1 X193.455 Y94.167 E1424.65702
G1 X193.771 Y94.786 E1424.70325
G1 X194.09 Y95.21 E1424.73855
G1 X194.454 Y95.571 E1424.77265
G1 X194.896 Y95.897 E1424.80919
G1 X195.344 Y96.133 E1424.84287
G1 X195.815 Y96.304 E1424.8762
G1 X196.314 Y96.41 E1424.91013
G1 X196.807 Y96.442 E1424.943
G1 X197.323 Y96.404 E1424.97742
G1 X197.901 Y96.269 E1425.0169
G1 X198.388 Y96.073 E1425.05182
G1 X198.86 Y95.792 E1425.08836
G1 X199.253 Y95.474 E1425.12199
G1 X199.609 Y95.089 E1425.15687
G1 X199.963 Y94.554 E1425.19954
G1 X200.177 Y94.074 E1425.2345
G1 X200.324 Y93.546 E1425.27096
G1 X200.387 Y93.035 E1425.30521
G1 X200.378 Y92.539 E1425.33821
G1 X200.3 Y92.046 E1425.37141
G1 X200.152 Y91.555 E1425.40553
G1 X199.927 Y91.082 E1425.44037
G1 X199.614 Y90.618 E1425.4776
G0 F9000 X198.988 Y91.12
G1 F2400 X198.632 Y90.745 E1425.512
G1 X198.28 Y90.486 E1425.54107
G1 X197.959 Y90.312 E1425.56535
G1 X197.565 Y90.167 E1425.59328
G1 X197.175 Y90.085 E1425.61979
G1 X196.794 Y90.061 E1425.64519
G1 X196.395 Y90.089 E1425.67179
G1 X195.889 Y90.212 E1425.70643
G1 X195.408 Y90.431 E1425.74159
G1 X195.08 Y90.653 E1425.76794
G1 X194.758 Y90.947 E1425.79694
G1 X194.506 Y91.261 E1425.82372
G1 X194.249 Y91.715 E1425.85843
G1 X194.088 Y92.183 E1425.89135
G1 X194.013 Y92.697 E1425.9259
G1 X194.02 Y93.095 E1425.95238
G1 X194.082 Y93.474 E1425.97793
G1 X194.2 Y93.867 E1426.00522
G1 X194.452 Y94.36 E1426.04205
G1 X194.695 Y94.683 E1426.06894
G1 X194.976 Y94.962 E1426.09528
G1 X195.322 Y95.217 E1426.12387
G1 X195.669 Y95.4 E1426.14997
G1 X196.035 Y95.533 E1426.17587
G1 X196.423 Y95.615 E1426.20225
G1 X196.804 Y95.64 E1426.22765
G1 X197.202 Y95.611 E1426.2542
G1 X197.659 Y95.504 E1426.28542
G1 X198.032 Y95.354 E1426.31216
G1 X198.401 Y95.134 E1426.34074
G1 X198.705 Y94.888 E1426.36675
G1 X198.978 Y94.593 E1426.39349
G1 X199.259 Y94.168 E1426.42738
G1 X199.422 Y93.802 E1426.45403
G1 X199.537 Y93.389 E1426.48255
G1 X199.586 Y92.993 E1426.50909
G1 X199.579 Y92.609 E1426.53464
G1 X199.518 Y92.225 E1426.56051
G1 X199.403 Y91.844 E1426.58698
G1 X199.23 Y91.479 E1426.61385
G1 X198.988 Y91.12 E1426.64265
G0 F9000 X198.362 Y91.622
;TYPE:WALL-OUTER
G1 F2400 X198.101 Y91.347 E1426.66787
G1 X197.851 Y91.163 E1426.68852
G1 X197.629 Y91.043 E1426.7053
G1 X197.344 Y90.938 E1426.72551
G1 X197.067 Y90.88 E1426.74433
G1 X196.796 Y90.863 E1426.7624
G1 X196.518 Y90.882 E1426.78093
G1 X196.152 Y90.971 E1426.80599
G1 X195.801 Y91.131 E1426.83165
G1 X195.576 Y91.283 E1426.84971
G1 X195.343 Y91.496 E1426.87071
G1 X195.17 Y91.711 E1426.88907
G1 X194.982 Y92.044 E1426.9145
G1 X194.869 Y92.373 E1426.93764
G1 X194.814 Y92.748 E1426.96286
G1 X194.819 Y93.023 E1426.98115
G1 X194.863 Y93.294 E1426.99942
G1 X194.945 Y93.567 E1427.01838
G1 X195.133 Y93.934 E1427.04581
G1 X195.3 Y94.156 E1427.06429
G1 X195.498 Y94.353 E1427.08287
G1 X195.748 Y94.537 E1427.10351
G1 X195.994 Y94.667 E1427.12202
G1 X196.255 Y94.762 E1427.1405
G1 X196.532 Y94.82 E1427.15933
G1 X196.802 Y94.838 E1427.17733
G1 X197.081 Y94.818 E1427.19593
G1 X197.417 Y94.739 E1427.21889
G1 X197.676 Y94.635 E1427.23746
G1 X197.942 Y94.476 E1427.25807
G1 X198.157 Y94.302 E1427.27647
G1 X198.347 Y94.097 E1427.29506
G1 X198.555 Y93.782 E1427.32017
G1 X198.667 Y93.531 E1427.33846
G1 X198.75 Y93.232 E1427.3591
G1 X198.785 Y92.951 E1427.37794
G1 X198.78 Y92.68 E1427.39597
G1 X198.736 Y92.404 E1427.41456
G1 X198.654 Y92.132 E1427.43346
G1 X198.533 Y91.876 E1427.45229
G1 X198.362 Y91.622 E1427.47266
G0 F9000 X199.048 Y91.072
G1 F1500 E1426.47266
G1 F300 Z1.2
G0 F9000 X200.044 Y215.819 Z1.2
;TYPE:WALL-INNER
G1 F300 Z1
G1 F1500 E1427.49927
G1 F2400 X200.044 Y227.153 E1428.25321
G1 X199.996 Y227.325 E1428.26509
G1 X199.816 Y227.408 E1428.27827
G1 X199.745 Y227.413 E1428.28301
G1 X198.281 Y227.413 E1428.38039
G1 X198.28 Y218.533 E1428.97109
G1 X198.241 Y218.007 E1429.00618
G1 X198.155 Y217.498 E1429.04052
G1 X198.04 Y217.066 E1429.07025
G1 X198.442 Y216.945 E1429.09818
G1 X199.07 Y216.63 E1429.14492
G1 X199.638 Y216.221 E1429.19148
G1 X200.044 Y215.819 E1429.22948
G1 F1500 E1428.22948
G1 F300 Z1.2
G0 F9000 X199.998 Y72.684 Z1.2
G1 F300 Z1
G1 F1500 E1429.25609
G1 F2400 X200.045 Y72.923 E1429.27229
G1 X200.045 Y89.91 E1430.40227
G1 X199.695 Y89.541 E1430.4361
G1 X199.14 Y89.132 E1430.48197
G1 X198.619 Y88.85 E1430.52137
G1 X198.009 Y88.625 E1430.56462
G1 X197.391 Y88.495 E1430.60663
G1 X196.788 Y88.457 E1430.64682
G1 X196.148 Y88.503 E1430.68951
G1 X195.364 Y88.693 E1430.74317
G1 X194.623 Y89.031 E1430.79734
G1 X194.086 Y89.393 E1430.84042
G1 X193.587 Y89.849 E1430.88539
G1 X193.178 Y90.36 E1430.92893
G1 X192.784 Y91.055 E1430.98207
G1 X192.526 Y91.804 E1431.03477
G1 X192.411 Y92.595 E1431.08794
G1 X192.422 Y93.239 E1431.13079
G1 X192.52 Y93.835 E1431.17096
G1 X192.71 Y94.466 E1431.2148
G1 X193.09 Y95.212 E1431.27049
G1 X193.486 Y95.737 E1431.31424
G1 X193.932 Y96.18 E1431.35605
G1 X194.47 Y96.577 E1431.40053
G1 X195.02 Y96.866 E1431.44186
G1 X195.594 Y97.075 E1431.48249
G1 X196.204 Y97.205 E1431.52398
G1 X196.81 Y97.244 E1431.56438
G1 X197.444 Y97.197 E1431.60667
G1 X198.143 Y97.034 E1431.65441
G1 X198.744 Y96.792 E1431.69751
G1 X199.319 Y96.45 E1431.74201
G1 X199.801 Y96.06 E1431.78326
G1 X200.045 Y95.796 E1431.80717
G1 X200.044 Y209.91 E1439.39806
G1 X199.631 Y209.504 E1439.43659
G1 X199.121 Y209.134 E1439.4785
G1 X198.58 Y208.849 E1439.51918
G1 X198.005 Y208.64 E1439.55987
G1 X197.394 Y208.51 E1439.60143
G1 X196.777 Y208.471 E1439.64255
G1 X196.104 Y208.526 E1439.68747
G1 X195.451 Y208.683 E1439.73215
G1 X194.847 Y208.926 E1439.77545
G1 X194.231 Y209.298 E1439.82332
G1 X193.758 Y209.695 E1439.8644
G1 X193.349 Y210.142 E1439.9047
G1 X192.904 Y210.825 E1439.95893
G1 X192.639 Y211.45 E1440.00409
G1 X192.472 Y212.105 E1440.04905
G1 X192.406 Y212.789 E1440.09476
G1 X192.413 Y212.915 E1440.10316
G1 X186.251 Y212.916 E1440.51306
G1 X185.676 Y212.969 E1440.55147
G1 X185.123 Y213.072 E1440.58889
G1 X184.574 Y213.232 E1440.62692
G1 X183.976 Y213.478 E1440.66994
G1 X183.405 Y213.79 E1440.71322
G1 X182.913 Y214.139 E1440.75335
G1 X182.518 Y214.474 E1440.7878
G1 X182.133 Y214.87 E1440.82454
G1 X181.788 Y215.298 E1440.86111
G1 X181.495 Y215.738 E1440.89627
G1 X181.219 Y216.264 E1440.93579
G1 X180.988 Y216.833 E1440.97664
G1 X180.803 Y217.493 E1441.02223
G1 X180.705 Y218.102 E1441.06326
G1 X180.678 Y218.621 E1441.09784
G1 X180.678 Y227.413 E1441.68268
G1 X162.308 Y227.413 E1442.90466
G1 X162.307 Y214.351 E1443.77355
G1 X162.268 Y213.831 E1443.80823
G1 X162.183 Y213.311 E1443.84328
G1 X162.027 Y212.737 E1443.88285
G1 X161.813 Y212.178 E1443.92267
G1 X161.557 Y211.673 E1443.96033
G1 X161.259 Y211.196 E1443.99774
G1 X160.894 Y210.735 E1444.03686
G1 X160.567 Y210.387 E1444.06862
G1 X160.16 Y210.023 E1444.10495
G1 X159.695 Y209.682 E1444.1433
G1 X159.154 Y209.367 E1444.18495
G1 X158.664 Y209.145 E1444.22073
G1 X158.057 Y208.94 E1444.26335
G1 X157.411 Y208.798 E1444.30735
G1 X156.742 Y208.734 E1444.35205
G1 X146.558 Y208.733 E1445.02949
G1 X146.027 Y208.773 E1445.06492
G1 X145.43 Y208.879 E1445.10525
G1 X144.801 Y209.063 E1445.14885
G1 X144.201 Y209.313 E1445.19208
G1 X143.647 Y209.622 E1445.23428
G1 X143.06 Y210.046 E1445.28245
G1 X142.588 Y210.477 E1445.32497
G1 X142.147 Y210.989 E1445.36992
G1 X141.835 Y211.435 E1445.40612
G1 X141.529 Y211.983 E1445.44788
G1 X141.288 Y212.546 E1445.48861
G1 X141.112 Y213.129 E1445.52912
G1 X140.995 Y213.727 E1445.56966
G1 X140.947 Y214.286 E1445.60698
G1 X140.942 Y214.505 E1445.62155
G1 X140.942 Y227.413 E1446.48019
G1 X100.241 Y227.413 E1449.18764
G1 X100.084 Y227.39 E1449.19819
G1 X100.007 Y227.329 E1449.20472
G1 X99.955 Y227.133 E1449.21821
G1 X99.955 Y215.818 E1449.97089
G1 X100.37 Y216.227 E1450.00965
G1 X100.881 Y216.596 E1450.05158
G1 X101.42 Y216.881 E1450.09214
G1 X101.996 Y217.09 E1450.1329
G1 X102.608 Y217.22 E1450.17451
G1 X103.209 Y217.258 E1450.21457
G1 X103.842 Y217.215 E1450.25678
G1 X104.544 Y217.049 E1450.30476
G1 X105.155 Y216.804 E1450.34855
G1 X105.782 Y216.421 E1450.39743
G1 X106.307 Y215.975 E1450.44325
G1 X106.747 Y215.459 E1450.48836
G1 X107.064 Y214.955 E1450.52797
G1 X107.359 Y214.295 E1450.57606
G1 X107.525 Y213.629 E1450.62171
G1 X107.593 Y213.006 E1450.6634
G1 X107.554 Y212.251 E1450.71369
G1 X107.402 Y211.582 E1450.75933
G1 X107.178 Y210.997 E1450.801
G1 X106.882 Y210.468 E1450.84132
G1 X106.509 Y209.972 E1450.8826
G1 X106.031 Y209.504 E1450.9271
G1 X105.522 Y209.134 E1450.96896
G1 X104.981 Y208.849 E1451.00964
G1 X104.406 Y208.64 E1451.05033
G1 X103.796 Y208.51 E1451.09182
G1 X103.188 Y208.471 E1451.13235
G1 X102.556 Y208.518 E1451.17451
G1 X101.857 Y208.681 E1451.22225
G1 X101.25 Y208.926 E1451.2658
G1 X100.634 Y209.297 E1451.31363
G1 X100.16 Y209.695 E1451.3548
G1 X99.955 Y209.918 E1451.37495
G1 X99.956 Y95.805 E1458.96578
G1 X100.333 Y96.18 E1459.00115
G1 X100.871 Y96.577 E1459.04563
G1 X101.42 Y96.866 E1459.0869
G1 X102.002 Y97.078 E1459.1281
G1 X102.675 Y97.216 E1459.1738
G1 X103.394 Y97.243 E1459.22166
G1 X104.182 Y97.134 E1459.27458
G1 X104.841 Y96.927 E1459.32053
G1 X105.407 Y96.65 E1459.36245
G1 X105.92 Y96.301 E1459.40372
G1 X106.412 Y95.851 E1459.44807
G1 X106.822 Y95.34 E1459.49165
G1 X107.217 Y94.645 E1459.54483
G1 X107.474 Y93.894 E1459.59763
G1 X107.589 Y93.104 E1459.65074
G1 X107.578 Y92.439 E1459.69498
G1 X107.446 Y91.714 E1459.744
G1 X107.235 Y91.113 E1459.78637
G1 X106.933 Y90.531 E1459.82998
G1 X106.569 Y90.028 E1459.87129
G1 X106.134 Y89.577 E1459.91297
G1 X105.621 Y89.181 E1459.95608
G1 X104.921 Y88.802 E1460.00903
G1 X104.141 Y88.556 E1460.06343
G1 X103.535 Y88.473 E1460.10412
G1 X103.153 Y88.46 E1460.12955
G1 X102.56 Y88.5 E1460.16908
G1 X101.852 Y88.667 E1460.21747
G1 X101.267 Y88.905 E1460.25948
G1 X100.741 Y89.21 E1460.29993
G1 X100.244 Y89.596 E1460.34179
G1 X99.956 Y89.904 E1460.36984
G1 X99.956 Y72.898 E1461.50108
G1 X99.999 Y72.706 E1461.51417
G1 X100.114 Y72.602 E1461.52449
G1 X100.249 Y72.587 E1461.53352
G1 X199.768 Y72.587 E1468.15355
G1 X199.942 Y72.628 E1468.16544
G1 X199.998 Y72.684 E1468.17071
G0 F9000 X200.754 Y72.384
G1 F2400 X200.845 Y72.842 E1468.20177
G1 X200.845 Y92.046 E1469.47923
G1 X200.845 Y93.035 E1469.52692
G1 X200.845 Y94.074 E1469.58315
G1 X200.845 Y212.074 E1477.43254
G1 X200.845 Y213.193 E1477.50698
G1 X200.845 Y214.325 E1477.58228
G1 X200.844 Y227.213 E1478.43959
G1 X200.806 Y227.465 E1478.45655
G1 X200.695 Y227.727 E1478.47547
G1 X200.588 Y227.871 E1478.48741
G1 X200.383 Y228.047 E1478.50538
G1 X199.99 Y228.197 E1478.53336
G1 X199.78 Y228.213 E1478.54737
G1 X197.481 Y228.213 E1478.7003
G1 X197.48 Y218.563 E1479.34222
G1 X197.446 Y218.104 E1479.37284
G1 X197.372 Y217.668 E1479.40226
G1 X197.252 Y217.216 E1479.43337
G1 X197.116 Y216.834 E1479.46034
G1 X196.936 Y216.448 E1479.48867
G1 X197.054 Y216.448
G1 X197.566 Y216.374 E1479.50985
G1 X198.144 Y216.199 E1479.55002
G1 X198.654 Y215.943 E1479.58798
G1 X199.12 Y215.608 E1479.62616
G1 X199.514 Y215.218 E1479.66304
G1 X199.82 Y214.809 E1479.69702
G1 X200.084 Y214.325 E1479.73369
G1 X200.275 Y213.78 E1479.77152
G1 X200.378 Y213.193 E1479.79885
G1 X200.387 Y212.656 E1479.8211
G1 X200.303 Y212.074 E1479.84777
G1 X200.153 Y211.575 E1479.88243
G1 X199.925 Y211.091 E1479.91802
G1 X199.523 Y210.519 E1479.96453
G1 X199.113 Y210.117 E1480.00272
G1 X198.697 Y209.815 E1480.03692
G1 X198.255 Y209.582 E1480.07016
G1 X197.784 Y209.411 E1480.10349
G1 X197.285 Y209.305 E1480.13742
G1 X196.784 Y209.273 E1480.17082
G1 X196.231 Y209.318 E1480.20772
G1 X195.695 Y209.447 E1480.2444
G1 X195.205 Y209.644 E1480.27953
G1 X194.698 Y209.95 E1480.31892
G1 X194.313 Y210.274 E1480.35239
G1 X193.983 Y210.634 E1480.38488
G1 X193.613 Y211.202 E1480.42997
G1 X193.399 Y211.707 E1480.46646
G1 X193.262 Y212.243 E1480.50326
G1 X193.208 Y212.804 E1480.54075
G1 X193.241 Y213.366 E1480.5782
G1 X193.334 Y213.79 E1480.60707
G1 X193.27 Y213.777
G1 X192.844 Y213.727 E1480.621
G1 X192.578 Y213.715 E1480.63454
G1 X186.288 Y213.716 E1481.05296
G1 X185.786 Y213.762 E1481.08649
G1 X185.309 Y213.851 E1481.11877
G1 X184.839 Y213.988 E1481.15133
G1 X184.321 Y214.201 E1481.18859
G1 X183.829 Y214.47 E1481.22589
G1 X183.404 Y214.771 E1481.26053
G1 X183.065 Y215.059 E1481.29012
G1 X182.732 Y215.401 E1481.32188
G1 X182.434 Y215.771 E1481.35348
G1 X182.184 Y216.147 E1481.38352
G1 X181.945 Y216.601 E1481.41764
G1 X181.746 Y217.092 E1481.45289
G1 X181.586 Y217.665 E1481.49246
G1 X181.502 Y218.187 E1481.52763
G1 X181.478 Y218.642 E1481.55794
G1 X181.478 Y228.213 E1482.19461
G1 X161.508 Y228.213 E1483.52302
G1 X161.507 Y214.381 E1484.44312
G1 X161.473 Y213.926 E1484.47347
G1 X161.4 Y213.481 E1484.50347
G1 X161.265 Y212.985 E1484.53767
G1 X161.081 Y212.502 E1484.57205
G1 X160.86 Y212.067 E1484.6045
G1 X160.604 Y211.658 E1484.6366
G1 X160.288 Y211.258 E1484.67051
G1 X160.008 Y210.96 E1484.69771
G1 X159.656 Y210.645 E1484.72913
G1 X159.256 Y210.352 E1484.76212
G1 X158.787 Y210.079 E1484.79821
G1 X158.37 Y209.89 E1484.82867
G1 X157.843 Y209.712 E1484.86567
G1 X157.287 Y209.59 E1484.90354
G1 X156.704 Y209.534 E1484.9425
G1 X146.588 Y209.533 E1485.61542
G1 X146.127 Y209.568 E1485.64617
G1 X145.612 Y209.659 E1485.68096
G1 X145.068 Y209.818 E1485.71866
G1 X144.551 Y210.034 E1485.75593
G1 X144.078 Y210.298 E1485.79196
G1 X143.566 Y210.668 E1485.83398
G1 X143.163 Y211.036 E1485.87029
G1 X142.779 Y211.481 E1485.90939
G1 X142.514 Y211.86 E1485.94015
G1 X142.248 Y212.336 E1485.97642
G1 X142.041 Y212.82 E1486.01144
G1 X141.889 Y213.322 E1486.04633
G1 X141.788 Y213.838 E1486.0813
G1 X141.746 Y214.329 E1486.11409
G1 X141.742 Y214.514 E1486.12639
G1 X141.742 Y228.213 E1487.03766
G1 X100.18 Y228.213 E1489.80237
G1 X99.866 Y228.167 E1489.82348
G1 X99.679 Y228.088 E1489.83699
G1 X99.423 Y227.89 E1489.85851
G1 X99.277 Y227.683 E1489.87536
G1 X99.163 Y227.299 E1489.90201
G1 X99.155 Y227.163 E1489.91107
G1 X99.155 Y213.872 E1490.79519
G1 X99.155 Y212.804 E1490.85124
G1 X99.155 Y211.707 E1490.90227
G1 X99.155 Y94.166 E1498.71954
G1 X99.155 Y92.926 E1498.78643
G1 X99.155 Y91.631 E1498.85761
G1 X99.156 Y72.81 E1500.10958
G1 X99.258 Y72.359 E1500.14034
G1 X99.517 Y72.022 E1500.16862
G1 X99.732 Y71.887 E1500.1855
G1 X99.937 Y71.817 E1500.19991
G1 X100.204 Y71.787 E1500.21779
G1 X199.833 Y71.787 E1506.84513
G1 X200.146 Y71.839 E1506.86624
G1 X200.379 Y71.95 E1506.88341
G1 X200.598 Y72.135 E1506.90248
G1 X200.754 Y72.384 E1506.92202
G0 F9000 X201.367 Y71.833
G1 F2400 X201.495 Y72.073 E1506.94012
G1 X201.608 Y72.433 E1506.96522
G1 X201.645 Y72.802 E1506.98989
G1 X201.644 Y227.249 E1517.26374
G1 X201.629 Y227.442 E1517.27662
G1 X201.573 Y227.707 E1517.29464
G1 X201.394 Y228.127 E1517.32501
G1 X201.178 Y228.42 E1517.34922
G1 X200.832 Y228.715 E1517.37947
G1 X200.476 Y228.897 E1517.40606
G1 X200.122 Y228.99 E1517.43041
G1 X199.812 Y229.013 E1517.45109
G1 X196.681 Y229.013 E1517.65936
G1 X196.68 Y218.593 E1518.3525
G1 X196.651 Y218.201 E1518.37865
G1 X196.589 Y217.838 E1518.40315
G1 X196.487 Y217.453 E1518.42964
G1 X196.375 Y217.138 E1518.45188
G1 X196.191 Y216.743 E1518.48087
G1 X195.964 Y216.365 E1518.5102
G1 X195.734 Y216.057 E1518.53577
G1 X195.624 Y215.934 E1518.54079
G1 X195.535 Y215.603 E1518.55295
G1 X195.013 Y215.368 E1518.57866
G1 X194.72 Y215.153 E1518.59398
G1 X194.283 Y214.914 E1518.61734
G1 X193.975 Y214.789 E1518.63222
G1 X193.568 Y214.657 E1518.66068
G1 X193.141 Y214.567 E1518.68971
G1 X192.78 Y214.525 E1518.71388
G1 X192.56 Y214.515 E1518.72853
G1 X186.324 Y214.516 E1519.14335
G1 X185.896 Y214.555 E1519.17194
G1 X185.495 Y214.63 E1519.19908
G1 X185.104 Y214.744 E1519.22617
G1 X184.666 Y214.924 E1519.25767
G1 X184.253 Y215.15 E1519.28899
G1 X183.895 Y215.403 E1519.31815
G1 X183.612 Y215.644 E1519.34288
G1 X183.331 Y215.932 E1519.36964
G1 X183.08 Y216.244 E1519.39628
G1 X182.873 Y216.556 E1519.42119
G1 X182.671 Y216.939 E1519.44999
G1 X182.504 Y217.35 E1519.4795
G1 X182.369 Y217.836 E1519.51305
G1 X182.299 Y218.272 E1519.54243
G1 X182.278 Y218.663 E1519.56847
G1 X182.278 Y229.013 E1520.25696
G1 X160.708 Y229.013 E1521.6918
G1 X160.707 Y214.411 E1522.66313
G1 X160.678 Y214.021 E1522.68914
G1 X160.617 Y213.652 E1522.71402
G1 X160.503 Y213.233 E1522.74291
G1 X160.348 Y212.826 E1522.77188
G1 X160.163 Y212.461 E1522.7991
G1 X159.949 Y212.12 E1522.82588
G1 X159.681 Y211.78 E1522.85468
G1 X159.449 Y211.533 E1522.87722
G1 X159.152 Y211.267 E1522.90374
G1 X158.818 Y211.023 E1522.93126
G1 X158.419 Y210.791 E1522.96196
G1 X158.076 Y210.635 E1522.98702
G1 X157.629 Y210.484 E1523.01841
G1 X157.163 Y210.382 E1523.05014
G1 X156.665 Y210.334 E1523.08342
G1 X146.619 Y210.333 E1523.75169
G1 X146.227 Y210.363 E1523.77784
G1 X145.794 Y210.439 E1523.80708
G1 X145.336 Y210.573 E1523.83882
G1 X144.901 Y210.755 E1523.87019
G1 X144.508 Y210.974 E1523.90012
G1 X144.072 Y211.289 E1523.9359
G1 X143.738 Y211.595 E1523.96603
G1 X143.411 Y211.973 E1523.99928
G1 X143.193 Y212.285 E1524.0246
G1 X142.967 Y212.689 E1524.05539
G1 X142.794 Y213.094 E1524.08469
G1 X142.666 Y213.516 E1524.11402
G1 X142.581 Y213.949 E1524.14337
G1 X142.545 Y214.371 E1524.17155
G1 X142.542 Y214.522 E1524.18159
G1 X142.542 Y229.013 E1525.14554
G1 X100.119 Y229.013 E1527.96753
G1 X99.681 Y228.949 E1527.99697
G1 X99.509 Y228.891 E1528.00905
G1 X99.275 Y228.782 E1528.02622
G1 X98.973 Y228.569 E1528.0508
G1 X98.83 Y228.429 E1528.06412
G1 X98.661 Y228.214 E1528.08231
G1 X98.567 Y228.055 E1528.09459
G1 X98.461 Y227.816 E1528.11199
G1 X98.413 Y227.658 E1528.12297
G1 X98.366 Y227.387 E1528.14127
G1 X98.355 Y227.189 E1528.15446
G1 X98.356 Y72.762 E1538.42698
G1 X98.396 Y72.414 E1538.45028
G1 X98.527 Y72.022 E1538.47778
G1 X98.728 Y71.691 E1538.50354
G1 X98.983 Y71.423 E1538.52815
G1 X99.168 Y71.285 E1538.5435
G1 X99.406 Y71.153 E1538.5616
G1 X99.758 Y71.032 E1538.58636
G1 X100.16 Y70.987 E1538.61327
G1 X199.873 Y70.987 E1545.24621
G1 X200.141 Y71.014 E1545.26412
G1 X200.414 Y71.081 E1545.28282
G1 X200.803 Y71.266 E1545.31148
G1 X201.09 Y71.49 E1545.33569
G1 X201.217 Y71.625 E1545.34802
G1 X201.367 Y71.833 E1545.36508
G0 F9000 X202.048 Y71.409
;TYPE:WALL-OUTER
G1 F2400 X202.229 Y71.751 E1545.39082
G1 X202.334 Y72.039 E1545.41121
G1 X202.396 Y72.289 E1545.42835
G1 X202.435 Y72.572 E1545.44735
G1 X202.445 Y72.787 E1545.46167
G1 X202.444 Y227.287 E1555.73905
G1 X202.423 Y227.554 E1555.75687
G1 X202.345 Y227.923 E1555.78195
G1 X202.234 Y228.239 E1555.80423
G1 X202.088 Y228.528 E1555.82577
G1 X201.937 Y228.757 E1555.84402
G1 X201.774 Y228.956 E1555.86113
G1 X201.59 Y229.139 E1555.87839
G1 X201.494 Y229.222 E1555.88683
G1 X201.275 Y229.383 E1555.90492
G1 X201.058 Y229.512 E1555.92171
G1 X200.767 Y229.644 E1555.94296
G1 X200.52 Y229.724 E1555.96023
G1 X200.243 Y229.782 E1555.97906
G1 X199.98 Y229.809 E1555.99665
G1 X199.834 Y229.813 E1556.00636
G1 X195.881 Y229.813 E1556.26932
G1 X195.88 Y218.623 E1557.01368
G1 X195.856 Y218.299 E1557.03529
G1 X195.806 Y218.008 E1557.05493
G1 X195.722 Y217.689 E1557.07688
G1 X195.634 Y217.441 E1557.09438
G1 X195.484 Y217.119 E1557.11801
G1 X195.299 Y216.812 E1557.14185
G1 X195.114 Y216.564 E1557.16243
G1 X194.901 Y216.326 E1557.18368
G1 X194.861 Y216.177 E1557.19394
G1 X194.608 Y216.063 E1557.2124
G1 X194.29 Y215.83 E1557.23863
G1 X193.939 Y215.638 E1557.26524
G1 X193.701 Y215.541 E1557.28234
G1 X193.361 Y215.431 E1557.30611
G1 X193.012 Y215.357 E1557.32984
G1 X192.716 Y215.323 E1557.34966
G1 X192.542 Y215.315 E1557.36124
G1 X186.36 Y215.316 E1557.77247
G1 X186.006 Y215.348 E1557.79612
G1 X185.681 Y215.409 E1557.81811
G1 X185.369 Y215.5 E1557.83973
G1 X185.011 Y215.647 E1557.86548
G1 X184.677 Y215.83 E1557.89081
G1 X184.386 Y216.035 E1557.91449
G1 X184.159 Y216.229 E1557.93435
G1 X183.93 Y216.463 E1557.95613
G1 X183.727 Y216.716 E1557.97771
G1 X183.562 Y216.965 E1557.99758
G1 X183.397 Y217.277 E1558.02106
G1 X183.263 Y217.608 E1558.04481
G1 X183.152 Y218.007 E1558.07236
G1 X183.096 Y218.357 E1558.09594
G1 X183.078 Y218.685 E1558.11779
G1 X183.078 Y229.813 E1558.85803
G1 X159.908 Y229.813 E1560.3993
G1 X159.907 Y214.441 E1561.42185
G1 X159.883 Y214.117 E1561.44346
G1 X159.834 Y213.823 E1561.46329
G1 X159.741 Y213.481 E1561.48687
G1 X159.615 Y213.15 E1561.51043
G1 X159.466 Y212.855 E1561.53241
G1 X159.294 Y212.582 E1561.55387
G1 X159.074 Y212.302 E1561.57756
G1 X158.89 Y212.106 E1561.59544
G1 X158.648 Y211.89 E1561.61702
G1 X158.38 Y211.694 E1561.63911
G1 X158.051 Y211.503 E1561.66441
G1 X157.781 Y211.38 E1561.68415
G1 X157.415 Y211.256 E1561.70986
G1 X157.039 Y211.174 E1561.73546
G1 X156.626 Y211.134 E1561.76306
G1 X146.65 Y211.133 E1562.42666
G1 X146.327 Y211.158 E1562.44821
G1 X145.976 Y211.219 E1562.47191
G1 X145.604 Y211.328 E1562.4977
G1 X145.251 Y211.476 E1562.52316
G1 X144.938 Y211.65 E1562.54698
G1 X144.578 Y211.91 E1562.57652
G1 X144.313 Y212.153 E1562.60044
G1 X144.043 Y212.465 E1562.62789
G1 X143.872 Y212.71 E1562.64776
G1 X143.686 Y213.042 E1562.67308
G1 X143.547 Y213.368 E1562.69665
G1 X143.443 Y213.71 E1562.72043
G1 X143.374 Y214.061 E1562.74422
G1 X143.344 Y214.412 E1562.76766
G1 X143.342 Y214.529 E1562.77544
G1 X143.342 Y229.813 E1563.79214
G1 X100.081 Y229.813 E1566.66987
G1 X99.815 Y229.792 E1566.68762
G1 X99.474 Y229.723 E1566.71076
G1 X99.21 Y229.635 E1566.72927
G1 X98.9 Y229.49 E1566.75204
G1 X98.678 Y229.352 E1566.76943
G1 X98.446 Y229.172 E1566.78896
G1 X98.233 Y228.964 E1566.80877
G1 X97.999 Y228.666 E1566.83397
G1 X97.856 Y228.425 E1566.85261
G1 X97.708 Y228.091 E1566.87691
G1 X97.634 Y227.846 E1566.89394
G1 X97.569 Y227.476 E1566.91893
G1 X97.555 Y227.213 E1566.93645
G1 X97.556 Y72.713 E1577.21383
G1 X97.607 Y72.274 E1577.24323
G1 X97.675 Y72.006 E1577.26162
G1 X97.798 Y71.691 E1577.28411
G1 X97.934 Y71.435 E1577.3034
G1 X98.088 Y71.21 E1577.32153
G1 X98.269 Y70.998 E1577.34008
G1 X98.465 Y70.811 E1577.3581
G1 X98.734 Y70.611 E1577.38039
G1 X99.065 Y70.428 E1577.40555
G1 X99.315 Y70.327 E1577.42349
G1 X99.58 Y70.251 E1577.44183
G1 X99.852 Y70.205 E1577.46018
G1 X100.142 Y70.187 E1577.47951
G1 X199.912 Y70.187 E1584.11623
G1 X200.276 Y70.223 E1584.14056
G1 X200.663 Y70.319 E1584.16709
G1 X201 Y70.457 E1584.19131
G1 X201.229 Y70.587 E1584.20883
G1 X201.438 Y70.733 E1584.22579
G1 X201.642 Y70.909 E1584.24371
G1 X201.834 Y71.113 E1584.26235
G1 X202.048 Y71.409 E1584.28664
G0 F9000 X201.301 Y71.873
G1 F1500 E1583.28664
G1 F300 Z1.2
G0 F9000 X199.255 Y73.377 Z1.2
;TYPE:SKIN
G1 F300 Z1
G1 F1500 E1584.31325
G1 F2100 X199.255 Y88.296 E1585.30567
G1 X198.945 Y88.129 E1585.32909
G1 X198.228 Y87.864 E1585.37994
G1 X197.498 Y87.711 E1585.42955
G1 X196.785 Y87.665 E1585.47708
G1 X196.026 Y87.719 E1585.5277
G1 X195.105 Y87.943 E1585.59075
G1 X194.236 Y88.34 E1585.6543
G1 X193.596 Y88.771 E1585.70563
G1 X193.008 Y89.308 E1585.7586
G1 X192.522 Y89.916 E1585.81038
G1 X192.061 Y90.729 E1585.87255
G1 X191.755 Y91.617 E1585.93503
G1 X191.621 Y92.544 E1585.99733
G1 X191.634 Y93.31 E1586.04829
G1 X191.749 Y94.013 E1586.09568
G1 X191.974 Y94.762 E1586.1477
G1 X192.418 Y95.633 E1586.21273
G1 X192.889 Y96.258 E1586.26479
G1 X193.416 Y96.781 E1586.31418
G1 X194.049 Y97.248 E1586.36651
G1 X194.7 Y97.591 E1586.41546
G1 X195.375 Y97.836 E1586.46322
G1 X196.095 Y97.989 E1586.51219
G1 X196.814 Y98.036 E1586.56012
G1 X197.564 Y97.981 E1586.61014
G1 X198.382 Y97.79 E1586.66602
G1 X199.096 Y97.502 E1586.71723
G1 X199.255 Y97.407 E1586.72955
G1 X199.254 Y208.31 E1594.10685
G1 X198.9 Y208.124 E1594.13345
G1 X198.223 Y207.879 E1594.18134
G1 X197.502 Y207.726 E1594.23037
G1 X196.769 Y207.679 E1594.27923
G1 X195.979 Y207.744 E1594.33196
G1 X195.21 Y207.928 E1594.38456
G1 X194.493 Y208.217 E1594.43598
G1 X193.77 Y208.654 E1594.49218
G1 X193.211 Y209.124 E1594.54076
G1 X192.723 Y209.656 E1594.58878
G1 X192.204 Y210.452 E1594.65199
G1 X191.888 Y211.197 E1594.70583
G1 X191.692 Y211.969 E1594.75881
G1 X191.677 Y212.125 E1594.76923
G1 X186.215 Y212.126 E1595.13257
G1 X185.567 Y212.185 E1595.17585
G1 X184.939 Y212.302 E1595.21834
G1 X184.313 Y212.485 E1595.26173
G1 X183.635 Y212.763 E1595.31047
G1 X182.986 Y213.119 E1595.35971
G1 X182.428 Y213.515 E1595.40523
G1 X181.979 Y213.896 E1595.4444
G1 X181.541 Y214.345 E1595.48613
G1 X181.15 Y214.83 E1595.52757
G1 X180.814 Y215.335 E1595.56792
G1 X180.502 Y215.931 E1595.61267
G1 X180.239 Y216.577 E1595.65906
G1 X180.03 Y217.323 E1595.7106
G1 X179.919 Y218.019 E1595.75748
G1 X179.888 Y218.601 E1595.79625
G1 X179.888 Y226.623 E1596.32988
G1 X163.098 Y226.623 E1597.44675
G1 X163.097 Y214.322 E1598.26502
G1 X163.054 Y213.738 E1598.30397
G1 X162.956 Y213.143 E1598.34408
G1 X162.779 Y212.492 E1598.38896
G1 X162.536 Y211.858 E1598.43413
G1 X162.246 Y211.284 E1598.4769
G1 X161.905 Y210.74 E1598.51961
G1 X161.493 Y210.218 E1598.56385
G1 X161.12 Y209.82 E1598.60013
G1 X160.658 Y209.409 E1598.64127
G1 X160.129 Y209.02 E1598.68495
G1 X159.517 Y208.664 E1598.73204
G1 X158.954 Y208.409 E1598.77316
G1 X158.268 Y208.178 E1598.82131
G1 X157.534 Y208.016 E1598.87131
G1 X156.78 Y207.944 E1598.92169
G1 X146.528 Y207.943 E1599.60366
G1 X145.928 Y207.989 E1599.64369
G1 X145.25 Y208.109 E1599.68949
G1 X144.538 Y208.317 E1599.73883
G1 X143.855 Y208.602 E1599.78806
G1 X143.222 Y208.954 E1599.83624
G1 X142.56 Y209.432 E1599.89056
G1 X142.021 Y209.926 E1599.93919
G1 X141.523 Y210.503 E1599.98989
G1 X141.165 Y211.015 E1600.03145
G1 X140.819 Y211.634 E1600.07862
G1 X140.545 Y212.275 E1600.125
G1 X140.344 Y212.939 E1600.17114
G1 X140.211 Y213.617 E1600.21711
G1 X140.157 Y214.243 E1600.2589
G1 X140.152 Y214.496 E1600.27573
G1 X140.152 Y226.623 E1601.08243
G1 X100.745 Y226.623 E1603.70379
G1 X100.745 Y217.418 E1604.31611
G1 X101.1 Y217.606 E1604.34283
G1 X101.779 Y217.851 E1604.39085
G1 X102.501 Y218.004 E1604.43994
G1 X103.211 Y218.05 E1604.48727
G1 X103.961 Y217.999 E1604.53728
G1 X104.783 Y217.804 E1604.59347
G1 X105.51 Y217.513 E1604.64556
G1 X106.246 Y217.063 E1604.70295
G1 X106.866 Y216.536 E1604.75708
G1 X107.385 Y215.928 E1604.81025
G1 X107.763 Y215.329 E1604.85737
G1 X108.109 Y214.554 E1604.91383
G1 X108.305 Y213.767 E1604.96778
G1 X108.385 Y213.028 E1605.01722
G1 X108.34 Y212.142 E1605.07624
G1 X108.16 Y211.352 E1605.13013
G1 X107.895 Y210.661 E1605.17936
G1 X107.546 Y210.036 E1605.22698
G1 X107.104 Y209.449 E1605.27586
G1 X106.542 Y208.899 E1605.32817
G1 X105.941 Y208.462 E1605.3776
G1 X105.301 Y208.125 E1605.42571
G1 X104.625 Y207.879 E1605.47357
G1 X103.905 Y207.726 E1605.52253
G1 X103.184 Y207.679 E1605.57059
G1 X102.436 Y207.734 E1605.62048
G1 X101.618 Y207.925 E1605.67636
G1 X100.896 Y208.217 E1605.72817
G1 X100.745 Y208.308 E1605.7399
G1 X100.746 Y97.404 E1613.11726
G1 X101.1 Y97.59 E1613.14386
G1 X101.787 Y97.84 E1613.19249
G1 X102.58 Y98.002 E1613.24633
G1 X103.433 Y98.035 E1613.30312
G1 X104.356 Y97.908 E1613.36509
G1 X105.135 Y97.663 E1613.41941
G1 X105.804 Y97.335 E1613.46898
G1 X106.412 Y96.923 E1613.51783
G1 X106.991 Y96.392 E1613.57009
G1 X107.478 Y95.785 E1613.62186
G1 X107.94 Y94.971 E1613.68412
G1 X108.245 Y94.08 E1613.74677
G1 X108.379 Y93.155 E1613.80894
G1 X108.366 Y92.362 E1613.8617
G1 X108.212 Y91.511 E1613.91923
G1 X107.962 Y90.799 E1613.96942
G1 X107.607 Y90.115 E1614.02069
G1 X107.177 Y89.52 E1614.06952
G1 X106.663 Y88.987 E1614.11878
G1 X106.053 Y88.517 E1614.17
G1 X105.231 Y88.071 E1614.23221
G1 X104.315 Y87.782 E1614.2961
G1 X103.602 Y87.685 E1614.34397
G1 X103.139 Y87.67 E1614.37478
G1 X102.442 Y87.716 E1614.42125
G1 X101.611 Y87.912 E1614.47804
G1 X100.918 Y88.194 E1614.52781
G1 X100.746 Y88.294 E1614.54105
G1 X100.746 Y73.377 E1615.53333
G1 X199.255 Y73.377 E1622.08618
G1 F1500 E1621.08618
G1 F300 Z1.2
G0 F9000 X181.68 Y135.191 Z1.2
G1 F300 Z1
G1 F1500 E1622.11279
G1 F2100 X180.977 Y135.055 E1622.16042
G1 X180.259 Y135 E1622.20832
G1 X170.741 Y135 E1622.84146
G1 X170.044 Y135.055 E1622.88797
G1 X169.316 Y135.203 E1622.93738
G1 X168.693 Y135.395 E1622.98075
G1 X168.078 Y135.658 E1623.02524
G1 X167.55 Y135.944 E1623.06519
G1 X166.995 Y136.32 E1623.10978
G1 X166.454 Y136.77 E1623.15659
G1 X165.942 Y137.308 E1623.20599
G1 X165.529 Y137.848 E1623.25122
G1 X165.212 Y138.356 E1623.29105
G1 X164.938 Y138.902 E1623.33169
G1 X164.724 Y139.444 E1623.37045
G1 X164.544 Y140.06 E1623.41314
G1 X164.429 Y140.683 E1623.45528
G1 X164.373 Y141.29 E1623.49583
G1 X164.368 Y141.554 E1623.51339
G1 X164.369 Y154.033 E1624.3435
G1 X164.415 Y154.631 E1624.3834
G1 X164.535 Y155.314 E1624.42953
G1 X164.756 Y156.062 E1624.48141
G1 X165.027 Y156.698 E1624.5274
G1 X165.313 Y157.224 E1624.56722
G1 X165.687 Y157.779 E1624.61174
G1 X166.139 Y158.321 E1624.65869
G1 X166.682 Y158.837 E1624.70852
G1 X167.253 Y159.27 E1624.75619
G1 X167.759 Y159.582 E1624.79573
G1 X168.304 Y159.854 E1624.83625
G1 X169.015 Y160.119 E1624.88672
G1 X169.712 Y160.294 E1624.93453
G1 X170.45 Y160.391 E1624.98404
G1 X170.834 Y160.406 E1625.0096
G1 X180.226 Y160.407 E1625.63436
G1 X180.924 Y160.357 E1625.68091
G1 X181.562 Y160.24 E1625.72406
G1 X182.181 Y160.067 E1625.76681
G1 X182.824 Y159.814 E1625.81278
G1 X183.428 Y159.496 E1625.85818
G1 X183.953 Y159.152 E1625.89994
G1 X184.453 Y158.753 E1625.94249
G1 X184.91 Y158.304 E1625.98511
G1 X185.335 Y157.801 E1626.02891
G1 X185.679 Y157.299 E1626.06939
G1 X186.001 Y156.712 E1626.11393
G1 X186.263 Y156.112 E1626.15748
G1 X186.477 Y155.418 E1626.20579
G1 X186.613 Y154.715 E1626.25342
G1 X186.668 Y153.997 E1626.30132
G1 X186.669 Y141.504 E1627.13236
G1 X186.658 Y141.162 E1627.15512
G1 X186.605 Y140.643 E1627.18982
G1 X186.465 Y139.946 E1627.23712
G1 X186.273 Y139.33 E1627.28004
G1 X186.033 Y138.755 E1627.32148
G1 X185.754 Y138.233 E1627.36086
G1 X185.414 Y137.715 E1627.40207
G1 X185.015 Y137.215 E1627.44463
G1 X184.566 Y136.758 E1627.48724
G1 X184.063 Y136.333 E1627.53105
G1 X183.561 Y135.989 E1627.57153
G1 X182.974 Y135.667 E1627.61606
G1 X182.374 Y135.405 E1627.65962
G1 X181.68 Y135.191 E1627.70793
G1 F1500 E1626.70793
G1 F300 Z1.2
G0 F9000 X198.4 Y98.113 Z1.2
G1 F300 Z1
G1 F1500 E1627.73453
G1 F2100 X198.399 Y207.6 E1635.01764
G0 F9000 X197.599 Y207.418
G1 F2100 X197.6 Y98.297 E1642.2764
G0 F9000 X196.8 Y98.356
G1 F2100 X196.799 Y207.359 E1649.52731
G0 F9000 X195.999 Y207.422
G1 F2100 X196 Y98.295 E1656.78646
G0 F9000 X195.2 Y98.112
G1 F2100 X195.199 Y207.601 E1664.0697
G0 F9000 X194.399 Y207.909
G1 F2100 X194.4 Y97.794 E1671.39458
G0 F9000 X193.6 Y97.315
G1 F2100 X193.599 Y208.382 E1678.78279
G0 F9000 X192.799 Y209.099
G1 F2100 X192.8 Y96.62 E1686.26492
G0 F9000 X192 Y95.518
G1 F2100 X191.999 Y210.178 E1693.89214
G1 F1500 E1692.89214
G1 F300 Z1.2
G0 F9000 X191.199 Y211.805 Z1.2
G1 F300 Z1
G1 F1500 E1693.91874
G1 F2100 X191.2 Y73.696 E1703.10579
G0 F9000 X190.4 Y73.696
G1 F2100 X190.399 Y211.805 E1712.29284
G0 F9000 X189.599 Y211.805
G1 F2100 X189.6 Y73.696 E1721.47989
G0 F9000 X188.8 Y73.696
G1 F2100 X188.799 Y211.805 E1730.66694
G0 F9000 X187.999 Y211.805
G1 F2100 X188 Y73.696 E1739.85398
G0 F9000 X187.2 Y73.696
G1 F2100 X187.199 Y211.805 E1749.04103
G0 F9000 X186.399 Y211.805
G1 F2100 X186.399 Y156.597 E1752.71348
G1 F1500 E1751.71348
G1 F300 Z1.2
G0 F9000 X185.599 Y157.98 Z1.2
G1 F300 Z1
G1 F1500 E1752.74009
G1 F2100 X185.599 Y211.861 E1756.32427
G0 F9000 X184.799 Y212.008
G1 F2100 X184.799 Y158.86 E1759.85969
G0 F9000 X183.999 Y159.502
G1 F2100 X183.999 Y212.267 E1763.36963
G0 F9000 X183.199 Y212.635
G1 F2100 X183.199 Y159.976 E1766.87252
G0 F9000 X182.399 Y160.324
G1 F2100 X182.399 Y213.141 E1770.38592
G0 F9000 X181.599 Y213.825
G1 F2100 X181.599 Y160.556 E1773.92939
G0 F9000 X180.799 Y160.684
G1 F2100 X180.799 Y214.778 E1777.52774
G1 F1500 E1776.52774
G1 F300 Z1.2
G0 F9000 X179.999 Y216.314 Z1.2
G1 F300 Z1
G1 F1500 E1777.55435
G1 F2100 X179.999 Y160.726 E1781.25208
G0 F9000 X179.199 Y160.726
G1 F2100 X179.199 Y226.302 E1785.61421
G0 F9000 X178.399 Y226.302
G1 F2100 X178.399 Y160.726 E1789.97634
G0 F9000 X177.599 Y160.726
G1 F2100 X177.599 Y226.302 E1794.33847
G0 F9000 X176.799 Y226.302
G1 F2100 X176.799 Y160.726 E1798.70061
G0 F9000 X175.999 Y160.726
G1 F2100 X175.999 Y226.302 E1803.06274
G0 F9000 X175.199 Y226.302
G1 F2100 X175.199 Y160.726 E1807.42487
G0 F9000 X174.399 Y160.726
G1 F2100 X174.399 Y226.302 E1811.78701
G0 F9000 X173.599 Y226.302
G1 F2100 X173.599 Y160.726 E1816.14914
G0 F9000 X172.799 Y160.726
G1 F2100 X172.799 Y226.302 E1820.51127
G0 F9000 X171.999 Y226.302
G1 F2100 X171.999 Y160.726 E1824.87341
G0 F9000 X171.199 Y160.726
G1 F2100 X171.199 Y226.302 E1829.23554
G0 F9000 X170.399 Y226.302
G1 F2100 X170.399 Y160.707 E1833.59894
G0 F9000 X169.599 Y160.595
G1 F2100 X169.599 Y226.302 E1837.96979
G0 F9000 X168.799 Y226.302
G1 F2100 X168.799 Y160.38 E1842.35493
G0 F9000 X167.999 Y160.059
G1 F2100 X167.999 Y226.302 E1846.76144
G0 F9000 X167.199 Y226.302
G1 F2100 X167.199 Y159.612 E1851.19767
G0 F9000 X166.399 Y159.01
G1 F2100 X166.399 Y226.302 E1855.67396
G0 F9000 X165.599 Y226.302
G1 F2100 X165.599 Y158.174 E1860.20585
G0 F9000 X164.799 Y156.951
G1 F2100 X164.799 Y226.302 E1864.8191
G0 F9000 X163.999 Y226.302
G1 F2100 X164 Y73.696 E1874.97049
G0 F9000 X163.2 Y73.696
G1 F2100 X163.199 Y212.819 E1884.22499
G1 F1500 E1883.22499
G1 F300 Z1.2
G0 F9000 X162.399 Y210.926 Z1.2
G1 F300 Z1
G1 F1500 E1884.2516
G1 F2100 X162.4 Y73.696 E1893.38017
G0 F9000 X161.6 Y73.696
G1 F2100 X161.599 Y209.863 E1902.43804
G0 F9000 X160.799 Y209.114
G1 F2100 X160.8 Y73.696 E1911.44608
G0 F9000 X160 Y73.696
G1 F2100 X159.999 Y208.573 E1920.41813
G0 F9000 X159.199 Y208.167
G1 F2100 X159.2 Y73.696 E1929.36318
G0 F9000 X158.4 Y73.696
G1 F2100 X158.399 Y207.884 E1938.2894
G0 F9000 X157.599 Y207.701
G1 F2100 X157.6 Y73.696 E1947.20345
G0 F9000 X156.8 Y73.696
G1 F2100 X156.799 Y207.623 E1956.11231
G0 F9000 X155.999 Y207.622
G1 F2100 X156 Y73.696 E1965.02111
G0 F9000 X155.2 Y73.696
G1 F2100 X155.199 Y207.622 E1973.9299
G0 F9000 X154.399 Y207.622
G1 F2100 X154.4 Y73.696 E1982.83869
G0 F9000 X153.6 Y73.696
G1 F2100 X153.599 Y207.622 E1991.74749
G0 F9000 X152.799 Y207.622
G1 F2100 X152.8 Y73.696 E2000.65628
G0 F9000 X152 Y73.696
G1 F2100 X151.999 Y207.622 E2009.56507
G0 F9000 X151.199 Y207.622
G1 F2100 X151.2 Y73.696 E2018.47387
G0 F9000 X150.4 Y73.696
G1 F2100 X150.399 Y207.622 E2027.38266
G0 F9000 X149.599 Y207.622
G1 F2100 X149.6 Y73.696 E2036.29146
G0 F9000 X148.8 Y73.696
G1 F2100 X148.799 Y207.622 E2045.20025
G0 F9000 X147.999 Y207.622
G1 F2100 X148 Y73.696 E2054.10904
G0 F9000 X147.2 Y73.696
G1 F2100 X147.199 Y207.622 E2063.01784
G0 F9000 X146.399 Y207.632
G1 F2100 X146.4 Y73.696 E2071.9273
G0 F9000 X145.6 Y73.696
G1 F2100 X145.599 Y207.722 E2080.84274
G0 F9000 X144.799 Y207.906
G1 F2100 X144.8 Y73.696 E2089.77043
G0 F9000 X144 Y73.696
G1 F2100 X143.999 Y208.194 E2098.71727
G0 F9000 X143.199 Y208.6
G1 F2100 X143.2 Y73.696 E2107.69112
G0 F9000 X142.4 Y73.696
G1 F2100 X142.399 Y209.152 E2116.70169
G0 F9000 X141.599 Y209.924
G1 F2100 X141.6 Y73.696 E2125.76361
G0 F9000 X140.8 Y73.696
G1 F2100 X140.799 Y211.012 E2134.89791
G1 F1500 E2133.89791
G1 F300 Z1.2
G0 F9000 X139.999 Y213.028 Z1.2
G1 F300 Z1
G1 F1500 E2134.92452
G1 F2100 X140 Y73.696 E2144.19292
G0 F9000 X139.2 Y73.696
G1 F2100 X139.199 Y226.303 E2154.34438
G0 F9000 X138.399 Y226.303
G1 F2100 X138.4 Y73.696 E2164.49584
G0 F9000 X137.6 Y73.696
G1 F2100 X137.599 Y226.303 E2174.6473
G0 F9000 X136.799 Y226.303
G1 F2100 X136.8 Y73.696 E2184.79876
G0 F9000 X136 Y73.696
G1 F2100 X135.999 Y226.303 E2194.95022
G0 F9000 X135.199 Y226.303
G1 F2100 X135.2 Y73.696 E2205.10167
G0 F9000 X134.4 Y73.696
G1 F2100 X134.399 Y226.303 E2215.25313
G0 F9000 X133.599 Y226.303
G1 F2100 X133.6 Y73.696 E2225.40459
G0 F9000 X132.8 Y73.696
G1 F2100 X132.799 Y226.303 E2235.55605
G0 F9000 X131.999 Y226.303
G1 F2100 X132 Y73.696 E2245.70751
G0 F9000 X131.2 Y73.696
G1 F2100 X131.199 Y226.303 E2255.85897
G0 F9000 X130.399 Y226.303
G1 F2100 X130.399 Y73.696 E2266.01043
G0 F9000 X129.599 Y73.696
G1 F2100 X129.599 Y226.303 E2276.16189
G0 F9000 X128.799 Y226.303
G1 F2100 X128.799 Y73.696 E2286.31335
G0 F9000 X127.999 Y73.696
G1 F2100 X127.999 Y226.303 E2296.4648
G0 F9000 X127.199 Y226.303
G1 F2100 X127.199 Y73.696 E2306.61626
G0 F9000 X126.399 Y73.696
G1 F2100 X126.399 Y226.303 E2316.76772
G0 F9000 X125.599 Y226.303
G1 F2100 X125.599 Y73.696 E2326.91918
G0 F9000 X124.799 Y73.696
G1 F2100 X124.799 Y226.303 E2337.07064
G0 F9000 X123.999 Y226.303
G1 F2100 X123.999 Y73.696 E2347.2221
G0 F9000 X123.199 Y73.696
G1 F2100 X123.199 Y226.303 E2357.37356
G0 F9000 X122.399 Y226.303
G1 F2100 X122.399 Y73.696 E2367.52502
G0 F9000 X121.599 Y73.696
G1 F2100 X121.599 Y226.303 E2377.67648
G0 F9000 X120.799 Y226.303
G1 F2100 X120.799 Y73.696 E2387.82793
G0 F9000 X119.999 Y73.696
G1 F2100 X119.999 Y226.303 E2397.97939
G0 F9000 X119.199 Y226.303
G1 F2100 X119.199 Y73.696 E2408.13085
G0 F9000 X118.399 Y73.696
G1 F2100 X118.399 Y226.303 E2418.28231
G0 F9000 X117.599 Y226.303
G1 F2100 X117.599 Y73.696 E2428.43377
G0 F9000 X116.799 Y73.696
G1 F2100 X116.799 Y226.303 E2438.58523
G0 F9000 X115.999 Y226.303
G1 F2100 X115.999 Y73.696 E2448.73669
G0 F9000 X115.199 Y73.696
G1 F2100 X115.199 Y226.303 E2458.88815
G0 F9000 X114.399 Y226.303
G1 F2100 X114.399 Y73.696 E2469.03961
G0 F9000 X113.599 Y73.696
G1 F2100 X113.599 Y226.303 E2479.19106
G0 F9000 X112.799 Y226.303
G1 F2100 X112.799 Y73.696 E2489.34252
G0 F9000 X111.999 Y73.696
G1 F2100 X111.999 Y226.303 E2499.49398
G0 F9000 X111.199 Y226.303
G1 F2100 X111.199 Y73.696 E2509.64544
G0 F9000 X110.399 Y73.696
G1 F2100 X110.399 Y226.303 E2519.7969
G0 F9000 X109.599 Y226.303
G1 F2100 X109.599 Y73.696 E2529.94836
G0 F9000 X108.799 Y73.696
G1 F2100 X108.799 Y226.303 E2540.09982
G0 F9000 X107.999 Y226.303
G1 F2100 X107.999 Y215.552 E2540.81498
G0 F9000 X107.199 Y216.636
G1 F2100 X107.199 Y226.303 E2541.45803
G0 F9000 X106.399 Y226.303
G1 F2100 X106.399 Y217.344 E2542.05398
G0 F9000 X105.599 Y217.822
G1 F2100 X105.599 Y226.303 E2542.61814
G0 F9000 X104.799 Y226.303
G1 F2100 X104.799 Y218.128 E2543.16194
G0 F9000 X103.999 Y218.317
G1 F2100 X103.999 Y226.303 E2543.69318
G0 F9000 X103.199 Y226.303
G1 F2100 X103.199 Y218.371 E2544.22081
G0 F9000 X102.399 Y218.31
G1 F2100 X102.399 Y226.303 E2544.75251
G0 F9000 X101.599 Y226.303
G1 F2100 X101.599 Y218.128 E2545.29631
G1 F1500 E2544.29631
G1 F300 Z1.2
G0 F9000 X107.999 Y210.193 Z1.2
G1 F300 Z1
G1 F1500 E2545.32292
G1 F2100 X107.999 Y95.512 E2552.95153
G0 F9000 X107.199 Y96.633
G1 F2100 X107.199 Y209.095 E2560.43254
G0 F9000 X106.399 Y208.4
G1 F2100 X106.399 Y97.317 E2567.82181
G0 F9000 X105.599 Y97.79
G1 F2100 X105.599 Y207.92 E2575.14768
G0 F9000 X104.799 Y207.601
G1 F2100 X104.799 Y98.103 E2582.43152
G0 F9000 X103.999 Y98.279
G1 F2100 X103.999 Y207.419 E2589.69154
G0 F9000 X103.199 Y207.359
G1 F2100 X103.199 Y98.346 E2596.94312
G0 F9000 X102.399 Y98.291
G1 F2100 X102.399 Y207.416 E2604.20214
G0 F9000 X101.599 Y207.602
G1 F2100 X101.599 Y98.112 E2611.48545
G1 F1500 E2610.48545
G1 F300 Z1.2
G0 F9000 X107.999 Y90.177 Z1.2
G1 F300 Z1
G1 F1500 E2611.51205
G1 F2100 X107.999 Y73.696 E2612.60837
G0 F9000 X107.199 Y73.696
G1 F2100 X107.199 Y89.082 E2613.63186
G0 F9000 X106.399 Y88.378
G1 F2100 X106.399 Y73.696 E2614.60851
G0 F9000 X105.599 Y73.696
G1 F2100 X105.599 Y87.905 E2615.55369
G0 F9000 X104.799 Y87.597
G1 F2100 X104.799 Y73.696 E2616.47839
G0 F9000 X103.999 Y73.696
G1 F2100 X103.999 Y87.414 E2617.39092
G0 F9000 X103.199 Y87.351
G1 F2100 X103.199 Y73.696 E2618.29925
G0 F9000 X102.399 Y73.696
G1 F2100 X102.399 Y87.398 E2619.21071
G0 F9000 X101.599 Y87.586
G1 F2100 X101.599 Y73.696 E2620.13468
G1 F1500 E2619.13468
G1 F300 Z1.2
G0 F9000 X164.8 Y73.696 Z1.2
G1 F300 Z1
G1 F1500 E2620.16129
G1 F2100 X164.799 Y138.462 E2624.46954
G0 F9000 X165.599 Y137.229
G1 F2100 X165.6 Y73.696 E2628.69577
G0 F9000 X166.4 Y73.696
G1 F2100 X166.399 Y136.398 E2632.86672
G0 F9000 X167.199 Y135.794
G1 F2100 X167.2 Y73.696 E2636.9975
G0 F9000 X168 Y73.696
G1 F2100 X167.999 Y135.343 E2641.09827
G0 F9000 X168.799 Y135.026
G1 F2100 X168.8 Y73.696 E2645.17796
G0 F9000 X169.6 Y73.696
G1 F2100 X169.599 Y134.818 E2649.24382
G0 F9000 X170.399 Y134.706
G1 F2100 X170.4 Y73.696 E2653.30222
G0 F9000 X171.2 Y73.696
G1 F2100 X171.199 Y134.679 E2657.35882
G0 F9000 X171.999 Y134.679
G1 F2100 X172 Y73.696 E2661.41543
G0 F9000 X172.8 Y73.696
G1 F2100 X172.799 Y134.679 E2665.47203
G0 F9000 X173.599 Y134.679
G1 F2100 X173.6 Y73.696 E2669.52864
G0 F9000 X174.4 Y73.696
G1 F2100 X174.399 Y134.679 E2673.58524
G0 F9000 X175.199 Y134.679
G1 F2100 X175.2 Y73.696 E2677.64185
G0 F9000 X176 Y73.696
G1 F2100 X175.999 Y134.679 E2681.69846
G0 F9000 X176.799 Y134.679
G1 F2100 X176.8 Y73.696 E2685.75506
G0 F9000 X177.6 Y73.696
G1 F2100 X177.599 Y134.679 E2689.81167
G0 F9000 X178.399 Y134.679
G1 F2100 X178.4 Y73.696 E2693.86827
G0 F9000 X179.2 Y73.696
G1 F2100 X179.199 Y134.679 E2697.92488
G0 F9000 X179.999 Y134.679
G1 F2100 X180 Y73.696 E2701.98148
G0 F9000 X180.8 Y73.696
G1 F2100 X180.799 Y134.72 E2706.04082
G0 F9000 X181.599 Y134.848
G1 F2100 X181.6 Y73.696 E2710.10866
G0 F9000 X182.4 Y73.696
G1 F2100 X182.399 Y135.076 E2714.19168
G0 F9000 X183.199 Y135.424
G1 F2100 X183.2 Y73.696 E2718.29784
G0 F9000 X184 Y73.696
G1 F2100 X183.999 Y135.9 E2722.43567
G0 F9000 X184.799 Y136.538
G1 F2100 X184.8 Y73.696 E2726.61594
G0 F9000 X185.6 Y73.696
G1 F2100 X185.599 Y137.434 E2730.8558
G1 F1500 E2729.8558
G1 F300 Z1.2
G0 F9000 X186.399 Y138.802 Z1.2
G1 F300 Z1
G1 F1500 E2730.88241
G1 F2100 X186.4 Y73.696 E2735.21328
G1 F1500 E2734.21328
G1 F300 Z1.2
G0 F9000 X192 Y73.696 Z1.2
G1 F300 Z1
G1 F1500 E2735.23989
G1 F2100 X192 Y90.188 E2736.33694
G0 F9000 X192.8 Y89.064
G1 F2100 X192.8 Y73.696 E2737.35923
G0 F9000 X193.6 Y73.696
G1 F2100 X193.6 Y88.382 E2738.33614
G0 F9000 X194.4 Y87.913
G1 F2100 X194.4 Y73.696 E2739.28186
G0 F9000 X195.2 Y73.696
G1 F2100 X195.2 Y87.59 E2740.20609
G0 F9000 X196 Y87.4
G1 F2100 X196 Y73.696 E2741.11769
G0 F9000 X196.8 Y73.696
G1 F2100 X196.8 Y87.343 E2742.02549
G0 F9000 X197.6 Y87.404
G1 F2100 X197.6 Y73.696 E2742.93735
G0 F9000 X198.4 Y73.696
G1 F2100 X198.4 Y87.585 E2743.86125
G1 F1500 E2742.86125
G1 F300 Z1.2
G0 F9000 X199.254 Y217.422 Z1.2
G1 F300 Z1
G1 F1500 E2743.88786
G1 F2100 X199.254 Y226.623 E2744.49991
G1 X199.071 Y226.623 E2744.51208
G1 X199.07 Y218.504 E2745.05216
G1 X199.027 Y217.912 E2745.09165
G1 X198.968 Y217.565 E2745.11506
G1 X199.254 Y217.422 E2745.13633
G1 F1500 E2744.13633
G1 F300 Z1.2
;MESH:NONMESH
G0 F9000 X106.43 Y91.281 Z1.2
;TIME_ELAPSED:3855.575805
;LAYER:5
;TYPE:WALL-INNER
;MESH:Top of Case.STL
G1 F300 Z1.2
G1 F1500 E2745.16294
G1 F2400 X106.166 Y90.818 E2745.19839
G1 X105.749 Y90.317 E2745.24175
G1 X105.338 Y89.961 E2745.27792
G1 X104.787 Y89.626 E2745.32082
G1 X104.287 Y89.426 E2745.35664
G1 X103.772 Y89.304 E2745.39185
G1 X103.306 Y89.259 E2745.42299
G1 X102.754 Y89.285 E2745.45975
G1 X102.234 Y89.391 E2745.49505
G1 X101.635 Y89.616 E2745.53761
G1 X101.184 Y89.878 E2745.57231
G1 X100.782 Y90.195 E2745.60636
G1 X100.391 Y90.612 E2745.64439
G1 X100.009 Y91.194 E2745.6907
G1 X99.802 Y91.689 E2745.72639
G1 X99.674 Y92.172 E2745.75963
G1 X99.613 Y92.667 E2745.79281
G1 X99.622 Y93.183 E2745.82713
G1 X99.729 Y93.775 E2745.86715
G1 X99.899 Y94.265 E2745.90165
G1 X100.127 Y94.707 E2745.93474
G1 X100.438 Y95.147 E2745.97058
G1 X100.801 Y95.525 E2746.00544
G1 X101.199 Y95.831 E2746.03884
G1 X101.63 Y96.081 E2746.07198
G1 X102.113 Y96.273 E2746.10656
G1 X102.648 Y96.401 E2746.14315
G1 X103.316 Y96.443 E2746.18767
G1 X103.825 Y96.385 E2746.22175
G1 X104.31 Y96.266 E2746.25497
G1 X104.785 Y96.074 E2746.28905
G1 X105.215 Y95.824 E2746.32214
G1 X105.62 Y95.507 E2746.35635
G1 X106.01 Y95.09 E2746.39433
G1 X106.366 Y94.548 E2746.43746
G1 X106.581 Y94.065 E2746.47263
G1 X106.736 Y93.488 E2746.51238
G1 X106.793 Y92.958 E2746.54783
G1 X106.751 Y92.299 E2746.59176
G1 X106.63 Y91.782 E2746.62708
G1 X106.43 Y91.281 E2746.66296
G0 F9000 X105.708 Y91.629
G1 F2400 X105.506 Y91.276 E2746.69002
G1 X105.176 Y90.879 E2746.72436
G1 X104.865 Y90.61 E2746.75171
G1 X104.428 Y90.344 E2746.78574
G1 X104.045 Y90.191 E2746.81318
G1 X103.641 Y90.095 E2746.8408
G1 X103.286 Y90.061 E2746.86452
G1 X102.853 Y90.081 E2746.89336
G1 X102.456 Y90.162 E2746.92031
G1 X101.979 Y90.341 E2746.9542
G1 X101.635 Y90.541 E2746.98067
G1 X101.324 Y90.786 E2747.00701
G1 X101.022 Y91.108 E2747.03637
G1 X100.719 Y91.571 E2747.07318
G1 X100.561 Y91.948 E2747.10037
G1 X100.461 Y92.324 E2747.12625
G1 X100.414 Y92.709 E2747.15205
G1 X100.421 Y93.105 E2747.1784
G1 X100.505 Y93.572 E2747.20996
G1 X100.636 Y93.949 E2747.23651
G1 X100.812 Y94.29 E2747.26204
G1 X101.057 Y94.636 E2747.29024
G1 X101.337 Y94.928 E2747.31715
G1 X101.645 Y95.165 E2747.343
G1 X101.98 Y95.359 E2747.36875
G1 X102.355 Y95.508 E2747.3956
G1 X102.767 Y95.607 E2747.42378
G1 X103.296 Y95.64 E2747.45904
G1 X103.684 Y95.596 E2747.48502
G1 X104.064 Y95.503 E2747.51104
G1 X104.432 Y95.354 E2747.53745
G1 X104.765 Y95.16 E2747.56309
G1 X105.078 Y94.915 E2747.58953
G1 X105.379 Y94.593 E2747.61885
G1 X105.662 Y94.163 E2747.65309
G1 X105.825 Y93.797 E2747.67974
G1 X105.947 Y93.341 E2747.71114
G1 X105.99 Y92.94 E2747.73797
G1 X105.957 Y92.416 E2747.7729
G1 X105.865 Y92.023 E2747.79974
G1 X105.708 Y91.629 E2747.82796
G0 F9000 X104.986 Y91.978
;TYPE:WALL-OUTER
G1 F2400 X104.846 Y91.734 E2747.84667
G1 X104.603 Y91.441 E2747.87199
G1 X104.392 Y91.259 E2747.89053
G1 X104.069 Y91.062 E2747.91569
G1 X103.803 Y90.956 E2747.93474
G1 X103.51 Y90.886 E2747.95478
G1 X103.266 Y90.863 E2747.97108
G1 X102.952 Y90.877 E2747.99199
G1 X102.678 Y90.933 E2748.0106
G1 X102.323 Y91.066 E2748.03581
G1 X102.086 Y91.204 E2748.05406
G1 X101.866 Y91.377 E2748.07267
G1 X101.653 Y91.604 E2748.09338
G1 X101.429 Y91.947 E2748.12063
G1 X101.32 Y92.207 E2748.13938
G1 X101.248 Y92.476 E2748.15791
G1 X101.215 Y92.75 E2748.17627
G1 X101.22 Y93.027 E2748.1947
G1 X101.281 Y93.369 E2748.2178
G1 X101.373 Y93.633 E2748.2364
G1 X101.497 Y93.874 E2748.25443
G1 X101.675 Y94.125 E2748.2749
G1 X101.873 Y94.331 E2748.29391
G1 X102.091 Y94.499 E2748.31221
G1 X102.33 Y94.637 E2748.33057
G1 X102.598 Y94.744 E2748.34977
G1 X102.886 Y94.813 E2748.36947
G1 X103.276 Y94.837 E2748.39546
G1 X103.544 Y94.807 E2748.4134
G1 X103.817 Y94.74 E2748.4321
G1 X104.078 Y94.634 E2748.45084
G1 X104.315 Y94.496 E2748.46908
G1 X104.536 Y94.323 E2748.48775
G1 X104.748 Y94.096 E2748.50841
G1 X104.958 Y93.778 E2748.53376
G1 X105.068 Y93.53 E2748.55181
G1 X105.158 Y93.194 E2748.57495
G1 X105.187 Y92.922 E2748.59314
G1 X105.163 Y92.533 E2748.61907
G1 X105.1 Y92.264 E2748.63745
G1 X104.986 Y91.978 E2748.65793
G0 F9000 X105.778 Y91.596
G1 F1500 E2747.65793
G1 F300 Z1.4
G0 F9000 X105.513 Y210.117 Z1.4
;TYPE:WALL-INNER
G1 F300 Z1.2
G1 F1500 E2748.68454
G1 F2400 X105.099 Y209.816 E2748.71858
G1 X104.659 Y209.583 E2748.7517
G1 X104.185 Y209.411 E2748.78525
G1 X103.685 Y209.305 E2748.81925
G1 X103.183 Y209.273 E2748.85271
G1 X102.638 Y209.318 E2748.88908
G1 X102.092 Y209.447 E2748.9264
G1 X101.613 Y209.644 E2748.96086
G1 X101.175 Y209.899 E2748.99457
G1 X100.754 Y210.236 E2749.03044
G1 X100.406 Y210.607 E2749.06428
G1 X100.088 Y211.071 E2749.1017
G1 X99.874 Y211.514 E2749.13442
G1 X99.725 Y211.961 E2749.16577
G1 X99.622 Y212.537 E2749.20469
G1 X99.613 Y213.071 E2749.24022
G1 X99.693 Y213.651 E2749.27916
G1 X99.85 Y214.162 E2749.31472
G1 X100.066 Y214.62 E2749.34841
G1 X100.383 Y215.096 E2749.38645
G1 X100.835 Y215.569 E2749.42997
G1 X101.247 Y215.878 E2749.46423
G1 X101.689 Y216.125 E2749.49791
G1 X102.212 Y216.319 E2749.53502
G1 X102.719 Y216.425 E2749.56947
G1 X103.216 Y216.456 E2749.6026
G1 X103.761 Y216.414 E2749.63896
G1 X104.309 Y216.283 E2749.67644
G1 X104.794 Y216.084 E2749.71131
G1 X105.261 Y215.807 E2749.74743
G1 X105.657 Y215.485 E2749.78138
G1 X106.006 Y215.107 E2749.8156
G1 X106.353 Y214.592 E2749.85691
G1 X106.595 Y214.039 E2749.89707
G1 X106.727 Y213.542 E2749.93127
G1 X106.788 Y213.049 E2749.96432
G1 X106.779 Y212.543 E2749.99798
G1 X106.699 Y212.056 E2750.03081
G1 X106.551 Y211.568 E2750.06473
G1 X106.325 Y211.091 E2750.09985
G1 X105.924 Y210.518 E2750.14637
G1 X105.513 Y210.117 E2750.18457
G0 F9000 X104.996 Y210.73
G1 F2400 X104.675 Y210.497 E2750.21095
G1 X104.333 Y210.316 E2750.23669
G1 X103.965 Y210.182 E2750.26274
G1 X103.576 Y210.1 E2750.28919
G1 X103.19 Y210.075 E2750.31492
G1 X102.764 Y210.11 E2750.34335
G1 X102.338 Y210.211 E2750.37247
G1 X101.968 Y210.363 E2750.39908
G1 X101.629 Y210.561 E2750.4252
G1 X101.298 Y210.825 E2750.45336
G1 X101.031 Y211.11 E2750.47934
G1 X100.782 Y211.473 E2750.50862
G1 X100.617 Y211.816 E2750.53394
G1 X100.502 Y212.159 E2750.558
G1 X100.421 Y212.614 E2750.58875
G1 X100.414 Y213.023 E2750.61596
G1 X100.477 Y213.478 E2750.64651
G1 X100.598 Y213.873 E2750.67399
G1 X100.764 Y214.225 E2750.69988
G1 X101.01 Y214.594 E2750.72938
G1 X101.368 Y214.969 E2750.76387
G1 X101.684 Y215.206 E2750.79015
G1 X102.025 Y215.396 E2750.81611
G1 X102.434 Y215.548 E2750.84514
G1 X102.826 Y215.63 E2750.87178
G1 X103.21 Y215.654 E2750.89737
G1 X103.636 Y215.621 E2750.92579
G1 X104.063 Y215.519 E2750.955
G1 X104.436 Y215.366 E2750.98182
G1 X104.802 Y215.149 E2751.01012
G1 X105.108 Y214.9 E2751.03636
G1 X105.377 Y214.609 E2751.06272
G1 X105.649 Y214.205 E2751.09512
G1 X105.838 Y213.774 E2751.12643
G1 X105.94 Y213.39 E2751.15286
G1 X105.987 Y213.007 E2751.17852
G1 X105.98 Y212.615 E2751.20461
G1 X105.918 Y212.237 E2751.23009
G1 X105.803 Y211.857 E2751.2565
G1 X105.631 Y211.494 E2751.28322
G1 X105.312 Y211.038 E2751.32023
G1 X104.996 Y210.73 E2751.34959
G0 F9000 X104.479 Y211.343
;TYPE:WALL-OUTER
G1 F2400 X104.251 Y211.178 E2751.36831
G1 X104.007 Y211.049 E2751.38667
G1 X103.745 Y210.953 E2751.40523
G1 X103.467 Y210.895 E2751.42412
G1 X103.196 Y210.877 E2751.44219
G1 X102.89 Y210.902 E2751.46261
G1 X102.584 Y210.975 E2751.48354
G1 X102.323 Y211.082 E2751.5023
G1 X102.082 Y211.223 E2751.52088
G1 X101.842 Y211.414 E2751.54128
G1 X101.657 Y211.612 E2751.5593
G1 X101.476 Y211.876 E2751.5806
G1 X101.359 Y212.118 E2751.59848
G1 X101.279 Y212.357 E2751.61524
G1 X101.22 Y212.691 E2751.6378
G1 X101.215 Y212.975 E2751.6567
G1 X101.261 Y213.305 E2751.67886
G1 X101.346 Y213.584 E2751.69826
G1 X101.462 Y213.83 E2751.71636
G1 X101.637 Y214.092 E2751.73732
G1 X101.901 Y214.369 E2751.76277
G1 X102.12 Y214.533 E2751.78097
G1 X102.361 Y214.667 E2751.79931
G1 X102.657 Y214.777 E2751.82032
G1 X102.934 Y214.835 E2751.83914
G1 X103.204 Y214.852 E2751.85714
G1 X103.511 Y214.828 E2751.87762
G1 X103.817 Y214.755 E2751.89855
G1 X104.078 Y214.648 E2751.91731
G1 X104.343 Y214.491 E2751.9378
G1 X104.559 Y214.315 E2751.95634
G1 X104.748 Y214.111 E2751.97484
G1 X104.945 Y213.818 E2751.99832
G1 X105.081 Y213.509 E2752.02078
G1 X105.153 Y213.238 E2752.03943
G1 X105.186 Y212.966 E2752.05766
G1 X105.181 Y212.687 E2752.07622
G1 X105.137 Y212.418 E2752.09435
G1 X105.055 Y212.146 E2752.11325
G1 X104.937 Y211.898 E2752.13152
G1 X104.699 Y211.558 E2752.15913
G1 X104.479 Y211.343 E2752.17959
G0 F9000 X105.046 Y210.671
G1 F1500 E2751.17959
G1 F300 Z1.4
G0 F9000 X197.932 Y210.316 Z1.4
;TYPE:WALL-INNER
G1 F300 Z1.2
G1 F1500 E2752.2062
G1 F2400 X197.564 Y210.182 E2752.23225
G1 X197.175 Y210.1 E2752.2587
G1 X196.788 Y210.075 E2752.28449
G1 X196.358 Y210.111 E2752.3132
G1 X195.937 Y210.211 E2752.34198
G1 X195.567 Y210.363 E2752.36859
G1 X195.228 Y210.561 E2752.3947
G1 X194.897 Y210.825 E2752.42287
G1 X194.63 Y211.11 E2752.44885
G1 X194.381 Y211.473 E2752.47813
G1 X194.216 Y211.816 E2752.50345
G1 X194.101 Y212.159 E2752.52751
G1 X194.02 Y212.614 E2752.55825
G1 X194.013 Y213.023 E2752.58546
G1 X194.076 Y213.478 E2752.61602
G1 X194.197 Y213.873 E2752.6435
G1 X194.363 Y214.225 E2752.66939
G1 X194.609 Y214.594 E2752.69889
G1 X194.969 Y214.971 E2752.73357
G1 X195.322 Y215.232 E2752.76277
G1 X195.668 Y215.414 E2752.78877
G1 X196.035 Y215.548 E2752.81476
G1 X196.426 Y215.63 E2752.84134
G1 X196.809 Y215.654 E2752.86687
G1 X197.235 Y215.621 E2752.89529
G1 X197.662 Y215.519 E2752.92449
G1 X198.035 Y215.366 E2752.95131
G1 X198.401 Y215.149 E2752.97961
G1 X198.707 Y214.9 E2753.00586
G1 X198.976 Y214.609 E2753.03222
G1 X199.248 Y214.205 E2753.06462
G1 X199.437 Y213.774 E2753.09592
G1 X199.539 Y213.39 E2753.12235
G1 X199.586 Y213.007 E2753.14802
G1 X199.579 Y212.614 E2753.17417
G1 X199.517 Y212.24 E2753.19938
G1 X199.403 Y211.859 E2753.22584
G1 X199.23 Y211.494 E2753.25271
G1 X198.911 Y211.038 E2753.28973
G1 X198.595 Y210.73 E2753.31908
G1 X198.274 Y210.497 E2753.34546
G1 X197.932 Y210.316 E2753.3712
G0 F9000 X197.606 Y211.049
;TYPE:WALL-OUTER
G1 F2400 X197.344 Y210.953 E2753.38977
G1 X197.066 Y210.895 E2753.40866
G1 X196.795 Y210.877 E2753.42672
G1 X196.485 Y210.903 E2753.44742
G1 X196.183 Y210.975 E2753.46807
G1 X195.922 Y211.082 E2753.48683
G1 X195.681 Y211.223 E2753.50541
G1 X195.441 Y211.414 E2753.52581
G1 X195.256 Y211.612 E2753.54384
G1 X195.075 Y211.876 E2753.56513
G1 X194.958 Y212.118 E2753.58301
G1 X194.878 Y212.357 E2753.59977
G1 X194.819 Y212.691 E2753.62234
G1 X194.814 Y212.975 E2753.64123
G1 X194.86 Y213.305 E2753.66339
G1 X194.945 Y213.584 E2753.6828
G1 X195.061 Y213.83 E2753.70089
G1 X195.236 Y214.092 E2753.72185
G1 X195.5 Y214.369 E2753.7473
G1 X195.748 Y214.552 E2753.7678
G1 X195.993 Y214.681 E2753.78622
G1 X196.255 Y214.777 E2753.80478
G1 X196.533 Y214.835 E2753.82367
G1 X196.803 Y214.852 E2753.84167
G1 X197.11 Y214.828 E2753.86215
G1 X197.416 Y214.755 E2753.88308
G1 X197.677 Y214.648 E2753.90184
G1 X197.942 Y214.491 E2753.92233
G1 X198.158 Y214.315 E2753.94087
G1 X198.347 Y214.111 E2753.95937
G1 X198.544 Y213.818 E2753.98285
G1 X198.68 Y213.509 E2754.00531
G1 X198.752 Y213.238 E2754.02396
G1 X198.785 Y212.966 E2754.04219
G1 X198.78 Y212.687 E2754.06075
G1 X198.736 Y212.421 E2754.07869
G1 X198.654 Y212.147 E2754.09771
G1 X198.536 Y211.898 E2754.11604
G1 X198.298 Y211.558 E2754.14365
G1 X198.078 Y211.343 E2754.16411
G1 X197.85 Y211.178 E2754.18283
G1 X197.606 Y211.049 E2754.20119
G0 F9000 X197.963 Y210.245
G1 F1500 E2753.20119
G1 F300 Z1.4
G0 F9000 X184.034 Y137.342 Z1.4
;TYPE:WALL-INNER
G1 F300 Z1.2
G1 F1500 E2754.2278
G1 F2400 X183.561 Y136.944 E2754.26892
G1 X183 Y136.575 E2754.31359
G1 X182.506 Y136.316 E2754.35069
G1 X181.821 Y136.051 E2754.39955
G1 X181.18 Y135.89 E2754.44351
G1 X180.517 Y135.803 E2754.48799
G1 X180.125 Y135.789 E2754.51409
G1 X170.753 Y135.79 E2755.13751
G1 X170.09 Y135.848 E2755.18179
G1 X169.469 Y135.98 E2755.22402
G1 X168.973 Y136.138 E2755.25865
G1 X168.502 Y136.332 E2755.29253
G1 X167.989 Y136.602 E2755.33109
G1 X167.47 Y136.952 E2755.37273
G1 X167.001 Y137.344 E2755.41339
G1 X166.58 Y137.781 E2755.45376
G1 X166.202 Y138.261 E2755.4944
G1 X165.888 Y138.771 E2755.53424
G1 X165.659 Y139.227 E2755.56818
G1 X165.47 Y139.703 E2755.60225
G1 X165.302 Y140.283 E2755.64242
G1 X165.196 Y140.895 E2755.68374
G1 X165.158 Y141.508 E2755.72459
G1 X165.159 Y154.012 E2756.55636
G1 X165.199 Y154.532 E2756.59105
G1 X165.298 Y155.092 E2756.62888
G1 X165.46 Y155.679 E2756.66939
G1 X165.696 Y156.267 E2756.71154
G1 X165.965 Y156.773 E2756.74966
G1 X166.266 Y157.231 E2756.78611
G1 X166.621 Y157.67 E2756.82367
G1 X167.004 Y158.065 E2756.86027
G1 X167.481 Y158.465 E2756.90168
G1 X168.099 Y158.869 E2756.95079
G1 X168.673 Y159.152 E2756.99336
G1 X169.307 Y159.38 E2757.03818
G1 X169.877 Y159.519 E2757.07721
G1 X170.573 Y159.605 E2757.12386
G1 X170.912 Y159.617 E2757.14642
G1 X180.282 Y159.616 E2757.76972
G1 X180.885 Y159.563 E2757.80999
G1 X181.48 Y159.448 E2757.8503
G1 X182.052 Y159.274 E2757.89007
G1 X182.54 Y159.073 E2757.92518
G1 X183.038 Y158.808 E2757.9627
G1 X183.493 Y158.509 E2757.99892
G1 X183.932 Y158.154 E2758.03647
G1 X184.326 Y157.772 E2758.07298
G1 X184.724 Y157.299 E2758.1141
G1 X185.093 Y156.738 E2758.15877
G1 X185.352 Y156.244 E2758.19587
G1 X185.617 Y155.559 E2758.24473
G1 X185.778 Y154.918 E2758.28869
G1 X185.865 Y154.255 E2758.33317
G1 X185.879 Y153.863 E2758.35927
G1 X185.878 Y141.383 E2759.18944
G1 X185.82 Y140.723 E2759.23351
G1 X185.689 Y140.1 E2759.27586
G1 X185.53 Y139.601 E2759.3107
G1 X185.334 Y139.128 E2759.34476
G1 X185.071 Y138.631 E2759.38216
G1 X184.771 Y138.175 E2759.41847
G1 X184.416 Y137.736 E2759.45602
G1 X184.034 Y137.342 E2759.49253
G0 F9000 X183.488 Y137.928
G1 F2400 X183.082 Y137.587 E2759.5278
G1 X182.593 Y137.265 E2759.56675
G1 X182.175 Y137.046 E2759.59814
G1 X181.578 Y136.815 E2759.64072
G1 X181.03 Y136.677 E2759.67831
G1 X180.451 Y136.601 E2759.71716
G1 X180.111 Y136.589 E2759.73979
G1 X170.788 Y136.59 E2760.35995
G1 X170.208 Y136.641 E2760.39869
G1 X169.674 Y136.754 E2760.43499
G1 X169.247 Y136.89 E2760.4648
G1 X168.842 Y137.057 E2760.49395
G1 X168.4 Y137.29 E2760.52718
G1 X167.951 Y137.592 E2760.56318
G1 X167.547 Y137.93 E2760.59822
G1 X167.184 Y138.307 E2760.63303
G1 X166.859 Y138.72 E2760.66799
G1 X166.587 Y139.161 E2760.70246
G1 X166.39 Y139.554 E2760.7317
G1 X166.228 Y139.962 E2760.7609
G1 X166.083 Y140.463 E2760.79559
G1 X165.992 Y140.988 E2760.83104
G1 X165.958 Y141.533 E2760.86736
G1 X165.959 Y153.981 E2761.69541
G1 X165.994 Y154.432 E2761.7255
G1 X166.079 Y154.916 E2761.75819
G1 X166.219 Y155.422 E2761.79311
G1 X166.423 Y155.929 E2761.82946
G1 X166.654 Y156.365 E2761.86229
G1 X166.913 Y156.759 E2761.89365
G1 X167.22 Y157.139 E2761.92615
G1 X167.549 Y157.478 E2761.95757
G1 X167.959 Y157.821 E2761.99313
G1 X168.496 Y158.173 E2762.03584
G1 X168.986 Y158.414 E2762.07217
G1 X169.538 Y158.613 E2762.1112
G1 X170.021 Y158.731 E2762.14427
G1 X170.636 Y158.807 E2762.18549
G1 X170.926 Y158.817 E2762.2048
G1 X180.247 Y158.816 E2762.82483
G1 X180.773 Y158.77 E2762.85995
G1 X181.287 Y158.67 E2762.89479
G1 X181.783 Y158.52 E2762.92926
G1 X182.199 Y158.348 E2762.9592
G1 X182.63 Y158.119 E2762.99167
G1 X183.021 Y157.862 E2763.02279
G1 X183.401 Y157.555 E2763.05529
G1 X183.74 Y157.226 E2763.08671
G1 X184.081 Y156.82 E2763.12198
G1 X184.403 Y156.331 E2763.16093
G1 X184.622 Y155.913 E2763.19232
G1 X184.853 Y155.316 E2763.2349
G1 X184.991 Y154.768 E2763.27249
G1 X185.067 Y154.189 E2763.31134
G1 X185.079 Y153.849 E2763.33397
G1 X185.078 Y141.418 E2764.16088
G1 X185.027 Y140.841 E2764.19941
G1 X184.914 Y140.304 E2764.23592
G1 X184.778 Y139.876 E2764.26579
G1 X184.609 Y139.469 E2764.29511
G1 X184.382 Y139.039 E2764.32745
G1 X184.124 Y138.647 E2764.35867
G1 X183.817 Y138.267 E2764.39116
G1 X183.488 Y137.928 E2764.42259
G0 F9000 X182.943 Y138.515
G1 F2400 X182.603 Y138.23 E2764.4521
G1 X182.186 Y137.955 E2764.48533
G1 X181.844 Y137.776 E2764.51101
G1 X181.335 Y137.579 E2764.54731
G1 X180.879 Y137.464 E2764.57859
G1 X180.385 Y137.399 E2764.61174
G1 X180.097 Y137.389 E2764.63091
G1 X170.823 Y137.39 E2765.24782
G1 X170.327 Y137.434 E2765.28094
G1 X169.878 Y137.529 E2765.31147
G1 X169.521 Y137.642 E2765.33638
G1 X169.182 Y137.782 E2765.36078
G1 X168.811 Y137.978 E2765.38869
G1 X168.432 Y138.232 E2765.41904
G1 X168.094 Y138.516 E2765.4484
G1 X167.788 Y138.833 E2765.47771
G1 X167.516 Y139.179 E2765.50699
G1 X167.286 Y139.551 E2765.53608
G1 X167.121 Y139.881 E2765.56063
G1 X166.986 Y140.221 E2765.58496
G1 X166.864 Y140.643 E2765.61418
G1 X166.788 Y141.082 E2765.64382
G1 X166.758 Y141.558 E2765.67554
G1 X166.759 Y153.95 E2766.49986
G1 X166.789 Y154.332 E2766.52535
G1 X166.86 Y154.74 E2766.5529
G1 X166.978 Y155.165 E2766.58224
G1 X167.15 Y155.592 E2766.61286
G1 X167.343 Y155.957 E2766.64033
G1 X167.56 Y156.287 E2766.6666
G1 X167.819 Y156.608 E2766.69404
G1 X168.094 Y156.891 E2766.72029
G1 X168.436 Y157.177 E2766.74994
G1 X168.894 Y157.477 E2766.78636
G1 X169.299 Y157.677 E2766.81641
G1 X169.769 Y157.846 E2766.84963
G1 X170.166 Y157.943 E2766.87682
G1 X170.699 Y158.009 E2766.91255
G1 X170.939 Y158.017 E2766.92852
G1 X180.212 Y158.016 E2767.54536
G1 X180.662 Y157.977 E2767.57541
G1 X181.094 Y157.893 E2767.60468
G1 X181.513 Y157.766 E2767.63381
G1 X181.858 Y157.623 E2767.65865
G1 X182.222 Y157.43 E2767.68606
G1 X182.549 Y157.215 E2767.71209
G1 X182.87 Y156.956 E2767.73953
G1 X183.153 Y156.681 E2767.76578
G1 X183.438 Y156.341 E2767.79529
G1 X183.713 Y155.924 E2767.82852
G1 X183.892 Y155.582 E2767.85419
G1 X184.089 Y155.073 E2767.8905
G1 X184.204 Y154.617 E2767.92178
G1 X184.269 Y154.123 E2767.95493
G1 X184.279 Y153.835 E2767.9741
G1 X184.278 Y141.454 E2768.79768
G1 X184.234 Y140.959 E2768.83074
G1 X184.139 Y140.508 E2768.8614
G1 X184.026 Y140.151 E2768.88631
G1 X183.884 Y139.81 E2768.91088
G1 X183.692 Y139.446 E2768.93826
G1 X183.477 Y139.119 E2768.96429
G1 X183.218 Y138.798 E2768.99173
G1 X182.943 Y138.515 E2769.01797
G0 F9000 X182.398 Y139.102
;TYPE:WALL-OUTER
G1 F2400 X182.124 Y138.873 E2769.04173
G1 X181.779 Y138.645 E2769.06924
G1 X181.513 Y138.506 E2769.0892
G1 X181.092 Y138.343 E2769.11923
G1 X180.728 Y138.251 E2769.14421
G1 X180.319 Y138.197 E2769.17165
G1 X180.083 Y138.189 E2769.18736
G1 X170.859 Y138.19 E2769.80094
G1 X170.446 Y138.227 E2769.82852
G1 X170.081 Y138.304 E2769.85334
G1 X169.795 Y138.394 E2769.87328
G1 X169.523 Y138.507 E2769.89288
G1 X169.222 Y138.666 E2769.91552
G1 X168.913 Y138.873 E2769.94026
G1 X168.64 Y139.102 E2769.96396
G1 X168.392 Y139.359 E2769.98772
G1 X168.173 Y139.638 E2770.01131
G1 X167.985 Y139.941 E2770.03503
G1 X167.852 Y140.208 E2770.05488
G1 X167.744 Y140.48 E2770.07434
G1 X167.645 Y140.823 E2770.09809
G1 X167.584 Y141.176 E2770.12192
G1 X167.558 Y141.583 E2770.14905
G1 X167.559 Y153.918 E2770.96958
G1 X167.584 Y154.232 E2770.99053
G1 X167.641 Y154.564 E2771.01294
G1 X167.737 Y154.907 E2771.03663
G1 X167.877 Y155.255 E2771.06159
G1 X168.033 Y155.55 E2771.08378
G1 X168.207 Y155.815 E2771.10487
G1 X168.418 Y156.077 E2771.12725
G1 X168.639 Y156.304 E2771.14832
G1 X168.913 Y156.533 E2771.17208
G1 X169.292 Y156.781 E2771.20221
G1 X169.613 Y156.94 E2771.22604
G1 X170 Y157.079 E2771.25339
G1 X170.311 Y157.155 E2771.27469
G1 X170.761 Y157.211 E2771.30485
G1 X170.952 Y157.217 E2771.31756
G1 X180.178 Y157.216 E2771.93128
G1 X180.551 Y157.184 E2771.95618
G1 X180.901 Y157.116 E2771.9799
G1 X181.242 Y157.012 E2772.00361
G1 X181.517 Y156.898 E2772.02342
G1 X181.814 Y156.741 E2772.04576
G1 X182.077 Y156.568 E2772.0667
G1 X182.339 Y156.357 E2772.08908
G1 X182.566 Y156.136 E2772.11016
G1 X182.795 Y155.862 E2772.13391
G1 X183.023 Y155.517 E2772.16142
G1 X183.162 Y155.251 E2772.18138
G1 X183.325 Y154.83 E2772.21141
G1 X183.417 Y154.466 E2772.23639
G1 X183.471 Y154.057 E2772.26383
G1 X183.479 Y153.821 E2772.27954
G1 X183.478 Y141.49 E2773.0998
G1 X183.441 Y141.077 E2773.12738
G1 X183.364 Y140.711 E2773.15226
G1 X183.274 Y140.425 E2773.17221
G1 X183.16 Y140.151 E2773.19195
G1 X183.003 Y139.854 E2773.2143
G1 X182.83 Y139.591 E2773.23524
G1 X182.619 Y139.329 E2773.25761
G1 X182.398 Y139.102 E2773.27869
G0 F9000 X182.996 Y138.457
G1 F1500 E2772.27869
G1 F300 Z1.4
G0 F9000 X199.551 Y90.542 Z1.4
;TYPE:WALL-INNER
G1 F300 Z1.2
G1 F1500 E2773.3053
G1 F2400 X199.197 Y90.175 E2773.33922
G1 X198.804 Y89.87 E2773.37231
G1 X198.374 Y89.621 E2773.40536
G1 X197.902 Y89.431 E2773.43921
G1 X197.373 Y89.304 E2773.4754
G1 X196.905 Y89.259 E2773.50667
G1 X196.348 Y89.285 E2773.54376
G1 X195.796 Y89.401 E2773.58128
G1 X195.297 Y89.587 E2773.61671
G1 X194.87 Y89.819 E2773.64903
G1 X194.39 Y90.184 E2773.68915
G1 X193.99 Y90.612 E2773.72812
G1 X193.608 Y91.195 E2773.77448
G1 X193.402 Y91.687 E2773.80996
G1 X193.273 Y92.168 E2773.84309
G1 X193.212 Y92.667 E2773.87653
G1 X193.221 Y93.183 E2773.91086
G1 X193.328 Y93.775 E2773.95088
G1 X193.498 Y94.265 E2773.98538
G1 X193.726 Y94.707 E2774.01846
G1 X194.037 Y95.147 E2774.0543
G1 X194.4 Y95.525 E2774.08916
G1 X194.798 Y95.831 E2774.12256
G1 X195.228 Y96.08 E2774.15561
G1 X195.712 Y96.274 E2774.1903
G1 X196.255 Y96.402 E2774.22741
G1 X196.927 Y96.443 E2774.27219
G1 X197.555 Y96.364 E2774.3143
G1 X198.162 Y96.177 E2774.35655
G1 X198.739 Y95.875 E2774.39987
G1 X199.154 Y95.562 E2774.43445
G1 X199.526 Y95.193 E2774.4693
G1 X199.851 Y94.744 E2774.50617
G1 X200.083 Y94.304 E2774.53926
G1 X200.256 Y93.831 E2774.57276
G1 X200.36 Y93.321 E2774.60739
G1 X200.393 Y92.763 E2774.64457
G1 X200.316 Y92.102 E2774.68884
G1 X200.107 Y91.441 E2774.73495
G1 X199.846 Y90.947 E2774.77212
G1 X199.551 Y90.542 E2774.80545
G0 F9000 X198.937 Y91.058
G1 F2400 X198.661 Y90.772 E2774.83189
G1 X198.356 Y90.535 E2774.85758
G1 X198.022 Y90.342 E2774.88324
G1 X197.658 Y90.195 E2774.90936
G1 X197.241 Y90.095 E2774.93788
G1 X196.885 Y90.061 E2774.96167
G1 X196.45 Y90.081 E2774.99064
G1 X196.019 Y90.172 E2775.01994
G1 X195.629 Y90.317 E2775.04762
G1 X195.306 Y90.493 E2775.07209
G1 X194.928 Y90.78 E2775.10366
G1 X194.621 Y91.108 E2775.13354
G1 X194.318 Y91.571 E2775.17035
G1 X194.161 Y91.947 E2775.19745
G1 X194.06 Y92.321 E2775.22322
G1 X194.013 Y92.708 E2775.24916
G1 X194.02 Y93.105 E2775.27557
G1 X194.104 Y93.572 E2775.30713
G1 X194.235 Y93.949 E2775.33368
G1 X194.411 Y94.29 E2775.35921
G1 X194.656 Y94.636 E2775.38741
G1 X194.936 Y94.928 E2775.41432
G1 X195.244 Y95.165 E2775.44017
G1 X195.579 Y95.359 E2775.46592
G1 X195.954 Y95.509 E2775.49279
G1 X196.372 Y95.608 E2775.52137
G1 X196.901 Y95.64 E2775.55662
G1 X197.386 Y95.579 E2775.58914
G1 X197.856 Y95.434 E2775.62185
G1 X198.31 Y95.197 E2775.65592
G1 X198.629 Y94.956 E2775.68252
G1 X198.916 Y94.671 E2775.70942
G1 X199.17 Y94.321 E2775.73819
G1 X199.35 Y93.979 E2775.7639
G1 X199.484 Y93.612 E2775.78989
G1 X199.565 Y93.217 E2775.81671
G1 X199.59 Y92.786 E2775.84543
G1 X199.53 Y92.27 E2775.87998
G1 X199.366 Y91.751 E2775.91619
G1 X199.166 Y91.372 E2775.9447
G1 X198.937 Y91.058 E2775.97055
G0 F9000 X198.323 Y91.573
;TYPE:WALL-OUTER
G1 F2400 X198.126 Y91.369 E2775.98941
G1 X197.909 Y91.201 E2776.00767
G1 X197.67 Y91.063 E2776.02603
G1 X197.413 Y90.959 E2776.04447
G1 X197.109 Y90.886 E2776.06527
G1 X196.865 Y90.863 E2776.08157
G1 X196.551 Y90.877 E2776.10248
G1 X196.243 Y90.942 E2776.12342
G1 X195.962 Y91.047 E2776.14337
G1 X195.742 Y91.167 E2776.16004
G1 X195.465 Y91.377 E2776.18316
G1 X195.252 Y91.604 E2776.20387
G1 X195.028 Y91.947 E2776.23112
G1 X194.919 Y92.207 E2776.24988
G1 X194.847 Y92.474 E2776.26827
G1 X194.814 Y92.749 E2776.28669
G1 X194.819 Y93.027 E2776.30519
G1 X194.88 Y93.369 E2776.3283
G1 X194.972 Y93.633 E2776.3469
G1 X195.096 Y93.874 E2776.36493
G1 X195.274 Y94.125 E2776.38539
G1 X195.472 Y94.331 E2776.4044
G1 X195.69 Y94.499 E2776.42271
G1 X195.929 Y94.637 E2776.44107
G1 X196.197 Y94.744 E2776.46026
G1 X196.49 Y94.814 E2776.4803
G1 X196.875 Y94.837 E2776.50596
G1 X197.217 Y94.794 E2776.52889
G1 X197.55 Y94.691 E2776.55207
G1 X197.881 Y94.518 E2776.57692
G1 X198.104 Y94.35 E2776.59549
G1 X198.306 Y94.149 E2776.61445
G1 X198.489 Y93.897 E2776.63516
G1 X198.617 Y93.654 E2776.65343
G1 X198.712 Y93.393 E2776.67191
G1 X198.77 Y93.113 E2776.69093
G1 X198.787 Y92.81 E2776.71112
G1 X198.744 Y92.438 E2776.73603
G1 X198.625 Y92.061 E2776.76233
G1 X198.485 Y91.796 E2776.78226
G1 X198.323 Y91.573 E2776.8006
G0 F9000 X198.997 Y91.008
G1 F1500 E2775.8006
G1 F300 Z1.4
G0 F9000 X200.044 Y215.811 Z1.4
;TYPE:WALL-INNER
G1 F300 Z1.2
G1 F1500 E2776.82721
G1 F2400 X200.044 Y227.119 E2777.57942
G1 X199.979 Y227.337 E2777.59455
G1 X199.908 Y227.392 E2777.60052
G1 X199.773 Y227.412 E2777.6096
G1 X198.281 Y227.413 E2777.70885
G1 X198.28 Y218.524 E2778.30015
G1 X198.241 Y218.001 E2778.33504
G1 X198.142 Y217.434 E2778.37332
G1 X198.04 Y217.074 E2778.39821
G1 X198.154 Y217.047 E2778.40601
G1 X198.751 Y216.802 E2778.44893
G1 X199.319 Y216.465 E2778.49287
G1 X199.805 Y216.07 E2778.53453
G1 X200.044 Y215.811 E2778.55797
G1 F1500 E2777.55797
G1 F300 Z1.4
G0 F9000 X199.927 Y72.62 Z1.4
G1 F300 Z1.2
G1 F1500 E2778.58458
G1 F2400 X200.034 Y72.754 E2778.59598
G1 X200.045 Y72.895 E2778.60539
G1 X200.045 Y89.901 E2779.73664
G1 X199.733 Y89.578 E2779.76651
G1 X199.252 Y89.205 E2779.807
G1 X198.726 Y88.9 E2779.84744
G1 X198.146 Y88.667 E2779.88902
G1 X197.505 Y88.513 E2779.93288
G1 X196.925 Y88.457 E2779.97164
G1 X196.246 Y88.489 E2780.01685
G1 X195.573 Y88.63 E2780.06259
G1 X194.965 Y88.857 E2780.10577
G1 X194.434 Y89.145 E2780.14595
G1 X193.852 Y89.588 E2780.1946
G1 X193.359 Y90.116 E2780.24266
G1 X192.899 Y90.818 E2780.29849
G1 X192.643 Y91.428 E2780.34249
G1 X192.486 Y92.015 E2780.38291
G1 X192.411 Y92.625 E2780.42379
G1 X192.422 Y93.262 E2780.46617
G1 X192.552 Y93.978 E2780.51458
G1 X192.761 Y94.581 E2780.55703
G1 X193.041 Y95.123 E2780.59761
G1 X193.418 Y95.658 E2780.64115
G1 X193.865 Y96.123 E2780.68406
G1 X194.352 Y96.497 E2780.7249
G1 X194.877 Y96.801 E2780.76526
G1 X195.47 Y97.039 E2780.80776
G1 X196.138 Y97.196 E2780.85341
G1 X196.953 Y97.246 E2780.90773
G1 X197.724 Y97.149 E2780.95942
G1 X198.468 Y96.92 E2781.0112
G1 X199.168 Y96.553 E2781.06378
G1 X199.679 Y96.168 E2781.10634
G1 X200.045 Y95.805 E2781.14063
G1 X200.044 Y209.909 E2788.73085
G1 X199.629 Y209.504 E2788.76943
G1 X199.123 Y209.136 E2788.81105
G1 X198.583 Y208.85 E2788.8517
G1 X198.004 Y208.64 E2788.89267
G1 X197.393 Y208.51 E2788.93422
G1 X196.772 Y208.471 E2788.97561
G1 X196.105 Y208.527 E2789.02014
G1 X195.445 Y208.683 E2789.06525
G1 X194.857 Y208.925 E2789.10755
G1 X194.32 Y209.237 E2789.14886
G1 X193.809 Y209.647 E2789.19244
G1 X193.38 Y210.104 E2789.23413
G1 X192.993 Y210.669 E2789.27969
G1 X192.73 Y211.212 E2789.31982
G1 X192.547 Y211.763 E2789.35845
G1 X192.422 Y212.459 E2789.40548
G1 X192.414 Y212.916 E2789.43589
G1 X186.264 Y212.915 E2789.84499
G1 X185.613 Y212.975 E2789.88848
G1 X185.073 Y213.085 E2789.92514
G1 X184.578 Y213.232 E2789.95948
G1 X184.041 Y213.448 E2789.99799
G1 X183.436 Y213.771 E2790.04361
G1 X182.909 Y214.139 E2790.08637
G1 X182.459 Y214.529 E2790.12598
G1 X182.092 Y214.914 E2790.16136
G1 X181.718 Y215.394 E2790.20184
G1 X181.36 Y215.977 E2790.24735
G1 X181.106 Y216.517 E2790.28704
G1 X180.902 Y217.108 E2790.32863
G1 X180.765 Y217.682 E2790.36789
G1 X180.692 Y218.275 E2790.40763
G1 X180.678 Y218.6 E2790.42927
G1 X180.678 Y227.413 E2791.01551
G1 X162.308 Y227.413 E2792.23749
G1 X162.307 Y214.342 E2793.10698
G1 X162.268 Y213.819 E2793.14186
G1 X162.168 Y213.249 E2793.18036
G1 X162 Y212.657 E2793.22129
G1 X161.807 Y212.17 E2793.25614
G1 X161.578 Y211.711 E2793.29026
G1 X161.265 Y211.205 E2793.32984
G1 X160.912 Y210.756 E2793.36783
G1 X160.559 Y210.379 E2793.40219
G1 X160.112 Y209.983 E2793.44191
G1 X159.607 Y209.625 E2793.48309
G1 X159.057 Y209.319 E2793.52496
G1 X158.491 Y209.077 E2793.56591
G1 X157.924 Y208.906 E2793.6053
G1 X157.402 Y208.798 E2793.64076
G1 X156.862 Y208.744 E2793.67686
G1 X156.621 Y208.733 E2793.69291
G1 X146.51 Y208.734 E2794.3655
G1 X145.834 Y208.798 E2794.41066
G1 X145.16 Y208.948 E2794.4566
G1 X144.653 Y209.118 E2794.49217
G1 X144.144 Y209.344 E2794.52921
G1 X143.65 Y209.619 E2794.56682
G1 X143.102 Y210.012 E2794.61168
G1 X142.702 Y210.369 E2794.64735
G1 X142.296 Y210.801 E2794.68678
G1 X141.931 Y211.288 E2794.72727
G1 X141.617 Y211.808 E2794.76767
G1 X141.368 Y212.346 E2794.80711
G1 X141.19 Y212.841 E2794.8421
G1 X141.043 Y213.433 E2794.88268
G1 X140.958 Y214.069 E2794.92536
G1 X140.942 Y214.481 E2794.95279
G1 X140.942 Y227.413 E2795.81303
G1 X100.221 Y227.413 E2798.5218
G1 X100.034 Y227.356 E2798.5348
G1 X99.957 Y227.182 E2798.54746
G1 X99.955 Y227.138 E2798.55039
G1 X99.955 Y215.806 E2799.3042
G1 X100.302 Y216.169 E2799.3376
G1 X100.81 Y216.55 E2799.37984
G1 X101.353 Y216.854 E2799.42124
G1 X101.99 Y217.09 E2799.46643
G1 X102.612 Y217.22 E2799.5087
G1 X103.222 Y217.258 E2799.54935
G1 X103.886 Y217.207 E2799.59365
G1 X104.555 Y217.047 E2799.63941
G1 X105.152 Y216.802 E2799.68234
G1 X105.72 Y216.465 E2799.72627
G1 X106.206 Y216.07 E2799.76793
G1 X106.635 Y215.605 E2799.81001
G1 X107.057 Y214.979 E2799.86023
G1 X107.352 Y214.304 E2799.90924
G1 X107.514 Y213.695 E2799.95116
G1 X107.589 Y213.091 E2799.99164
G1 X107.578 Y212.471 E2800.03289
G1 X107.48 Y211.874 E2800.07314
G1 X107.299 Y211.279 E2800.11451
G1 X107.019 Y210.688 E2800.15801
G1 X106.536 Y209.998 E2800.21404
G1 X106.03 Y209.504 E2800.26108
G1 X105.524 Y209.136 E2800.3027
G1 X104.984 Y208.85 E2800.34334
G1 X104.405 Y208.64 E2800.38431
G1 X103.794 Y208.51 E2800.42587
G1 X103.175 Y208.471 E2800.46712
G1 X102.512 Y208.526 E2800.51138
G1 X101.846 Y208.683 E2800.5569
G1 X101.258 Y208.925 E2800.59919
G1 X100.721 Y209.237 E2800.64051
G1 X100.21 Y209.647 E2800.68409
G1 X99.955 Y209.919 E2800.70889
G1 X99.956 Y95.8 E2808.30011
G1 X100.266 Y96.123 E2808.3299
G1 X100.753 Y96.497 E2808.37074
G1 X101.28 Y96.803 E2808.41128
G1 X101.871 Y97.038 E2808.45359
G1 X102.529 Y97.195 E2808.49859
G1 X103.336 Y97.246 E2808.55237
G1 X103.966 Y97.174 E2808.59455
G1 X104.556 Y97.029 E2808.63497
G1 X105.138 Y96.794 E2808.67672
G1 X105.665 Y96.488 E2808.71726
G1 X106.162 Y96.099 E2808.75924
G1 X106.641 Y95.586 E2808.80593
G1 X107.07 Y94.933 E2808.8579
G1 X107.337 Y94.333 E2808.90159
G1 X107.525 Y93.635 E2808.94967
G1 X107.596 Y92.975 E2808.99383
G1 X107.545 Y92.182 E2809.04669
G1 X107.395 Y91.541 E2809.09048
G1 X107.152 Y90.933 E2809.13404
G1 X106.826 Y90.36 E2809.17789
G1 X106.322 Y89.755 E2809.23027
G1 X105.811 Y89.312 E2809.27526
G1 X105.146 Y88.908 E2809.32702
G1 X104.529 Y88.661 E2809.37123
G1 X103.903 Y88.513 E2809.41402
G1 X103.326 Y88.457 E2809.45258
G1 X102.655 Y88.489 E2809.49726
G1 X102.012 Y88.62 E2809.54092
G1 X101.291 Y88.891 E2809.59215
G1 X100.733 Y89.215 E2809.63507
G1 X100.239 Y89.604 E2809.6769
G1 X99.956 Y89.906 E2809.70443
G1 X99.956 Y72.857 E2810.83854
G1 X99.987 Y72.708 E2810.84866
G1 X100.161 Y72.596 E2810.86242
G1 X100.242 Y72.587 E2810.86785
G1 X199.79 Y72.587 E2817.48981
G1 X199.927 Y72.62 E2817.49918
G0 F9000 X200.71 Y72.297
G1 F2400 X200.81 Y72.537 E2817.51647
G1 X200.825 Y72.603 E2817.52098
G1 X200.845 Y72.857 E2817.53793
G1 X200.845 Y92.102 E2818.81811
G1 X200.845 Y93.321 E2818.88545
G1 X200.845 Y94.304 E2818.9397
G1 X200.845 Y212.059 E2826.77279
G1 X200.845 Y213.049 E2826.83865
G1 X200.845 Y214.039 E2826.9045
G1 X200.844 Y227.195 E2827.77964
G1 X200.769 Y227.581 E2827.8058
G1 X200.585 Y227.876 E2827.82893
G1 X200.322 Y228.087 E2827.85136
G1 X200.118 Y228.169 E2827.86598
G1 X199.834 Y228.212 E2827.88509
G1 X197.481 Y228.213 E2828.04161
G1 X197.48 Y218.554 E2828.68413
G1 X197.446 Y218.1 E2828.71442
G1 X197.361 Y217.612 E2828.74737
G1 X197.214 Y217.094 E2828.78318
G1 X197.044 Y216.664 E2828.81394
G1 X196.931 Y216.447 E2828.83022
G1 X197.36 Y216.414 E2828.84459
G1 X197.908 Y216.283 E2828.88207
G1 X198.393 Y216.084 E2828.91694
G1 X198.86 Y215.807 E2828.95306
G1 X199.256 Y215.485 E2828.98701
G1 X199.605 Y215.107 E2829.02124
G1 X199.952 Y214.592 E2829.06254
G1 X200.194 Y214.039 E2829.1027
G1 X200.326 Y213.542 E2829.1297
G1 X200.387 Y213.049 E2829.14969
G1 X200.378 Y212.541 E2829.16886
G1 X200.298 Y212.059 E2829.19027
G1 X200.152 Y211.571 E2829.22416
G1 X199.924 Y211.091 E2829.25951
G1 X199.523 Y210.518 E2829.30603
G1 X199.112 Y210.117 E2829.34423
G1 X198.698 Y209.816 E2829.37827
G1 X198.258 Y209.583 E2829.41139
G1 X197.784 Y209.411 E2829.44494
G1 X197.284 Y209.305 E2829.47894
G1 X196.78 Y209.273 E2829.51253
G1 X196.231 Y209.319 E2829.54918
G1 X195.691 Y209.447 E2829.58609
G1 X195.212 Y209.644 E2829.62055
G1 X194.774 Y209.899 E2829.65426
G1 X194.353 Y210.236 E2829.69013
G1 X194.005 Y210.607 E2829.72397
G1 X193.687 Y211.071 E2829.76139
G1 X193.473 Y211.514 E2829.79411
G1 X193.324 Y211.961 E2829.82546
G1 X193.221 Y212.537 E2829.86438
G1 X193.212 Y213.071 E2829.89991
G1 X193.292 Y213.651 E2829.93885
G1 X193.334 Y213.786 E2829.94826
G1 X192.864 Y213.729 E2829.96652
G1 X192.644 Y213.716 E2829.97408
G1 X186.301 Y213.715 E2830.39602
G1 X185.73 Y213.768 E2830.43417
G1 X185.267 Y213.862 E2830.46559
G1 X184.842 Y213.988 E2830.49508
G1 X184.38 Y214.174 E2830.52821
G1 X183.855 Y214.454 E2830.56779
G1 X183.401 Y214.771 E2830.60462
G1 X183.012 Y215.108 E2830.63886
G1 X182.699 Y215.437 E2830.66907
G1 X182.376 Y215.851 E2830.704
G1 X182.065 Y216.358 E2830.74356
G1 X181.848 Y216.819 E2830.77745
G1 X181.671 Y217.332 E2830.81355
G1 X181.554 Y217.824 E2830.84719
G1 X181.49 Y218.342 E2830.88191
G1 X181.478 Y218.617 E2830.90022
G1 X181.478 Y228.213 E2831.53855
G1 X161.508 Y228.213 E2832.86696
G1 X161.507 Y214.372 E2833.78767
G1 X161.473 Y213.918 E2833.81795
G1 X161.387 Y213.428 E2833.85105
G1 X161.241 Y212.914 E2833.88659
G1 X161.076 Y212.496 E2833.91648
G1 X160.879 Y212.101 E2833.94585
G1 X160.608 Y211.664 E2833.98005
G1 X160.305 Y211.278 E2834.01269
G1 X160 Y210.953 E2834.04234
G1 X159.614 Y210.61 E2834.07669
G1 X159.18 Y210.303 E2834.11206
G1 X158.704 Y210.038 E2834.14829
G1 X158.217 Y209.83 E2834.18352
G1 X157.727 Y209.682 E2834.21757
G1 X157.281 Y209.59 E2834.24786
G1 X156.804 Y209.542 E2834.27975
G1 X156.603 Y209.533 E2834.29314
G1 X146.548 Y209.534 E2834.962
G1 X145.959 Y209.59 E2835.00136
G1 X145.375 Y209.72 E2835.04115
G1 X144.943 Y209.865 E2835.07147
G1 X144.501 Y210.061 E2835.10363
G1 X144.079 Y210.296 E2835.13576
G1 X143.603 Y210.637 E2835.17471
G1 X143.261 Y210.942 E2835.20519
G1 X142.91 Y211.316 E2835.23931
G1 X142.595 Y211.736 E2835.27424
G1 X142.324 Y212.184 E2835.30907
G1 X142.109 Y212.649 E2835.34314
G1 X141.957 Y213.073 E2835.37311
G1 X141.83 Y213.583 E2835.40807
G1 X141.756 Y214.138 E2835.44531
G1 X141.742 Y214.497 E2835.46921
G1 X141.742 Y228.213 E2836.3816
G1 X100.159 Y228.213 E2839.14772
G1 X99.86 Y228.164 E2839.16787
G1 X99.572 Y228.021 E2839.18926
G1 X99.475 Y227.938 E2839.19775
G1 X99.301 Y227.721 E2839.21625
G1 X99.221 Y227.551 E2839.22875
G1 X99.162 Y227.293 E2839.24636
G1 X99.155 Y227.161 E2839.25515
G1 X99.155 Y213.651 E2840.15384
G1 X99.155 Y212.537 E2840.2145
G1 X99.155 Y211.514 E2840.26898
G1 X99.155 Y93.775 E2848.09763
G1 X99.155 Y92.667 E2848.15159
G1 X99.155 Y91.689 E2848.20339
G1 X99.156 Y72.808 E2849.45936
G1 X99.192 Y72.537 E2849.47755
G1 X99.3 Y72.275 E2849.4964
G1 X99.557 Y71.992 E2849.52183
G1 X99.947 Y71.815 E2849.55032
G1 X100.199 Y71.787 E2849.56719
G1 X199.829 Y71.787 E2856.1946
G1 X199.983 Y71.801 E2856.20489
G1 X200.232 Y71.873 E2856.22213
G1 X200.438 Y71.99 E2856.23789
G1 X200.71 Y72.297 E2856.26517
G0 F9000 X201.225 Y71.634
G1 F2400 X201.418 Y71.915 E2856.28785
G1 X201.574 Y72.291 E2856.31493
G1 X201.617 Y72.482 E2856.32795
G1 X201.645 Y72.83 E2856.35117
G1 X201.644 Y227.23 E2866.6219
G1 X201.62 Y227.506 E2866.64033
G1 X201.52 Y227.868 E2866.66531
G1 X201.391 Y228.13 E2866.68474
G1 X201.185 Y228.411 E2866.70792
G1 X200.917 Y228.658 E2866.73216
G1 X200.689 Y228.801 E2866.75007
G1 X200.328 Y228.946 E2866.77594
G1 X199.896 Y229.012 E2866.80501
G1 X196.681 Y229.013 E2867.01888
G1 X196.68 Y218.584 E2867.71262
G1 X196.651 Y218.199 E2867.7383
G1 X196.58 Y217.79 E2867.76591
G1 X196.455 Y217.351 E2867.79628
G1 X196.315 Y216.997 E2867.8216
G1 X196.083 Y216.552 E2867.85498
G1 X195.838 Y216.189 E2867.88411
G1 X195.668 Y215.991 E2867.89639
G1 X195.623 Y215.635 E2867.90957
G1 X195.014 Y215.369 E2867.93099
G1 X194.719 Y215.153 E2867.94453
G1 X194.348 Y214.952 E2867.95604
G1 X194.045 Y214.775 E2867.97087
G1 X193.601 Y214.667 E2868.00126
G1 X193.209 Y214.577 E2868.02802
G1 X192.792 Y214.526 E2868.05596
G1 X192.621 Y214.516 E2868.06736
G1 X186.338 Y214.515 E2868.4853
G1 X185.847 Y214.561 E2868.51811
G1 X185.46 Y214.639 E2868.54437
G1 X185.106 Y214.744 E2868.56893
G1 X184.719 Y214.9 E2868.59669
G1 X184.274 Y215.137 E2868.63023
G1 X183.893 Y215.403 E2868.66114
G1 X183.565 Y215.687 E2868.69
G1 X183.306 Y215.96 E2868.71503
G1 X183.034 Y216.308 E2868.74441
G1 X182.77 Y216.739 E2868.77803
G1 X182.59 Y217.121 E2868.80612
G1 X182.44 Y217.555 E2868.83667
G1 X182.343 Y217.966 E2868.86476
G1 X182.288 Y218.409 E2868.89445
G1 X182.278 Y218.635 E2868.9095
G1 X182.278 Y229.013 E2869.59985
G1 X160.708 Y229.013 E2871.03469
G1 X160.707 Y214.402 E2872.00662
G1 X160.678 Y214.017 E2872.0323
G1 X160.606 Y213.607 E2872.05999
G1 X160.482 Y213.17 E2872.09021
G1 X160.345 Y212.822 E2872.11509
G1 X160.18 Y212.492 E2872.13963
G1 X159.951 Y212.123 E2872.16852
G1 X159.697 Y211.799 E2872.1959
G1 X159.442 Y211.527 E2872.22071
G1 X159.116 Y211.238 E2872.24969
G1 X158.753 Y210.981 E2872.27927
G1 X158.351 Y210.757 E2872.30988
G1 X157.943 Y210.583 E2872.33939
G1 X157.53 Y210.458 E2872.36809
G1 X157.16 Y210.382 E2872.39322
G1 X156.746 Y210.34 E2872.4209
G1 X156.586 Y210.333 E2872.43155
G1 X146.586 Y210.334 E2873.09676
G1 X146.084 Y210.382 E2873.1303
G1 X145.59 Y210.492 E2873.16397
G1 X145.233 Y210.612 E2873.18902
G1 X144.858 Y210.778 E2873.2163
G1 X144.508 Y210.973 E2873.24295
G1 X144.103 Y211.263 E2873.27609
G1 X143.82 Y211.515 E2873.30129
G1 X143.524 Y211.831 E2873.3301
G1 X143.259 Y212.184 E2873.35946
G1 X143.032 Y212.56 E2873.38868
G1 X142.85 Y212.953 E2873.41748
G1 X142.724 Y213.305 E2873.44236
G1 X142.617 Y213.733 E2873.4717
G1 X142.554 Y214.207 E2873.50351
G1 X142.542 Y214.513 E2873.52388
G1 X142.542 Y229.013 E2874.48842
G1 X100.122 Y229.013 E2877.31021
G1 X99.876 Y228.989 E2877.32666
G1 X99.611 Y228.928 E2877.34474
G1 X99.279 Y228.785 E2877.36879
G1 X99.093 Y228.664 E2877.38355
G1 X98.9 Y228.499 E2877.40044
G1 X98.617 Y228.146 E2877.43054
G1 X98.46 Y227.812 E2877.45509
G1 X98.367 Y227.405 E2877.48286
G1 X98.355 Y227.188 E2877.49732
G1 X98.356 Y72.757 E2887.77011
G1 X98.408 Y72.361 E2887.79668
G1 X98.489 Y72.113 E2887.81403
G1 X98.598 Y71.887 E2887.83072
G1 X98.695 Y71.737 E2887.8426
G1 X98.881 Y71.519 E2887.86167
G1 X99.091 Y71.338 E2887.88011
G1 X99.401 Y71.155 E2887.90406
G1 X99.77 Y71.03 E2887.92997
G1 X100.155 Y70.987 E2887.95574
G1 X199.871 Y70.987 E2894.58888
G1 X200.13 Y71.011 E2894.60618
G1 X200.543 Y71.13 E2894.63477
G1 X200.919 Y71.343 E2894.66352
G1 X201.225 Y71.634 E2894.69161
G0 F9000 X201.836 Y71.115
;TYPE:WALL-OUTER
G1 F2400 X201.988 Y71.317 E2894.70842
G1 X202.12 Y71.53 E2894.72509
G1 X202.252 Y71.805 E2894.74538
G1 X202.342 Y72.064 E2894.76362
G1 X202.409 Y72.361 E2894.78387
G1 X202.445 Y72.802 E2894.81331
G1 X202.444 Y227.266 E2905.08829
G1 X202.412 Y227.632 E2905.11273
G1 X202.343 Y227.933 E2905.13328
G1 X202.259 Y228.177 E2905.15044
G1 X202.087 Y228.528 E2905.17644
G1 X201.947 Y228.743 E2905.19351
G1 X201.781 Y228.947 E2905.211
G1 X201.601 Y229.129 E2905.22803
G1 X201.407 Y229.291 E2905.24485
G1 X201.294 Y229.371 E2905.25405
G1 X201.054 Y229.514 E2905.27264
G1 X200.767 Y229.644 E2905.2936
G1 X200.529 Y229.722 E2905.31026
G1 X200.218 Y229.786 E2905.33138
G1 X199.941 Y229.811 E2905.34988
G1 X199.836 Y229.813 E2905.35687
G1 X195.881 Y229.813 E2905.61995
G1 X195.88 Y218.614 E2906.36491
G1 X195.856 Y218.298 E2906.386
G1 X195.799 Y217.969 E2906.40821
G1 X195.696 Y217.608 E2906.43318
G1 X195.586 Y217.329 E2906.45313
G1 X195.395 Y216.962 E2906.48065
G1 X195.201 Y216.675 E2906.50369
G1 X194.904 Y216.329 E2906.53403
G1 X194.886 Y216.186 E2906.54361
G1 X194.613 Y216.067 E2906.56342
G1 X194.29 Y215.83 E2906.59007
G1 X193.947 Y215.644 E2906.61603
G1 X193.743 Y215.525 E2906.63174
G1 X193.417 Y215.446 E2906.65405
G1 X193.07 Y215.366 E2906.67774
G1 X192.72 Y215.323 E2906.7012
G1 X192.598 Y215.316 E2906.70933
G1 X186.376 Y215.315 E2907.12321
G1 X185.963 Y215.354 E2907.15081
G1 X185.653 Y215.416 E2907.17184
G1 X185.37 Y215.5 E2907.19148
G1 X185.057 Y215.626 E2907.21392
G1 X184.693 Y215.82 E2907.24136
G1 X184.386 Y216.035 E2907.26629
G1 X184.118 Y216.267 E2907.28987
G1 X183.912 Y216.483 E2907.30972
G1 X183.692 Y216.765 E2907.33352
G1 X183.475 Y217.119 E2907.36114
G1 X183.332 Y217.423 E2907.38348
G1 X183.209 Y217.778 E2907.40848
G1 X183.132 Y218.107 E2907.43095
G1 X183.086 Y218.477 E2907.45576
G1 X183.078 Y218.653 E2907.46747
G1 X183.078 Y229.813 E2908.20984
G1 X159.908 Y229.813 E2909.75112
G1 X159.907 Y214.432 E2910.77426
G1 X159.883 Y214.117 E2910.79528
G1 X159.825 Y213.786 E2910.81763
G1 X159.723 Y213.426 E2910.84252
G1 X159.614 Y213.148 E2910.86239
G1 X159.481 Y212.883 E2910.88211
G1 X159.294 Y212.582 E2910.90568
G1 X159.089 Y212.32 E2910.92781
G1 X158.884 Y212.101 E2910.94776
G1 X158.618 Y211.866 E2910.97138
G1 X158.326 Y211.659 E2910.99519
G1 X157.998 Y211.476 E2911.02017
G1 X157.669 Y211.336 E2911.04395
G1 X157.333 Y211.234 E2911.06731
G1 X157.039 Y211.174 E2911.08727
G1 X156.688 Y211.138 E2911.11074
G1 X156.569 Y211.133 E2911.11867
G1 X146.625 Y211.134 E2911.78014
G1 X146.21 Y211.174 E2911.80788
G1 X145.805 Y211.264 E2911.83548
G1 X145.523 Y211.359 E2911.85527
G1 X145.215 Y211.495 E2911.87767
G1 X144.937 Y211.65 E2911.89884
G1 X144.603 Y211.889 E2911.92616
G1 X144.379 Y212.088 E2911.94609
G1 X144.138 Y212.346 E2911.96958
G1 X143.923 Y212.632 E2911.99338
G1 X143.74 Y212.936 E2912.01698
G1 X143.591 Y213.257 E2912.04052
G1 X143.49 Y213.538 E2912.06038
G1 X143.404 Y213.883 E2912.08404
G1 X143.352 Y214.275 E2912.11034
G1 X143.342 Y214.529 E2912.12725
G1 X143.342 Y229.813 E2913.14395
G1 X100.087 Y229.813 E2916.02128
G1 X99.744 Y229.78 E2916.0442
G1 X99.375 Y229.694 E2916.06941
G1 X99.131 Y229.603 E2916.08673
G1 X98.885 Y229.483 E2916.10494
G1 X98.612 Y229.305 E2916.12661
G1 X98.342 Y229.075 E2916.15021
G1 X98.106 Y228.814 E2916.17362
G1 X97.937 Y228.57 E2916.19336
G1 X97.817 Y228.349 E2916.21009
G1 X97.704 Y228.079 E2916.22956
G1 X97.614 Y227.764 E2916.25135
G1 X97.57 Y227.489 E2916.26988
G1 X97.555 Y227.213 E2916.28826
G1 X97.556 Y72.735 E2926.56418
G1 X97.573 Y72.476 E2926.58145
G1 X97.631 Y72.162 E2926.60269
G1 X97.744 Y71.815 E2926.62696
G1 X97.898 Y71.497 E2926.65047
G1 X98.055 Y71.255 E2926.66966
G1 X98.309 Y70.956 E2926.69575
G1 X98.61 Y70.696 E2926.72221
G1 X98.82 Y70.556 E2926.739
G1 X99.065 Y70.428 E2926.75739
G1 X99.324 Y70.323 E2926.77598
G1 X99.601 Y70.247 E2926.79509
G1 X99.852 Y70.205 E2926.81201
G1 X100.135 Y70.187 E2926.83088
G1 X199.91 Y70.187 E2933.46794
G1 X200.252 Y70.218 E2933.49078
G1 X200.598 Y70.298 E2933.5144
G1 X200.859 Y70.393 E2933.53288
G1 X201.139 Y70.531 E2933.55364
G1 X201.395 Y70.699 E2933.57401
G1 X201.627 Y70.894 E2933.59417
G1 X201.836 Y71.115 E2933.61441
G0 F9000 X201.164 Y71.682
G1 F1500 E2932.61441
G1 F300 Z1.4
G0 F9000 X199.255 Y73.377 Z1.4
;TYPE:SKIN
G1 F300 Z1.2
G1 F1500 E2933.64102
G1 F2100 X199.255 Y88.294 E2934.6333
G1 X199.073 Y88.189 E2934.64728
G1 X198.387 Y87.912 E2934.69649
G1 X197.636 Y87.732 E2934.74786
G1 X196.945 Y87.665 E2934.79404
G1 X196.145 Y87.703 E2934.84732
G1 X195.352 Y87.869 E2934.90121
G1 X194.637 Y88.136 E2934.95198
G1 X194.004 Y88.479 E2934.99987
G1 X193.321 Y89 E2935.05702
G1 X192.735 Y89.626 E2935.11405
G1 X192.198 Y90.445 E2935.1792
G1 X191.894 Y91.172 E2935.23162
G1 X191.708 Y91.865 E2935.27935
G1 X191.621 Y92.584 E2935.32753
G1 X191.634 Y93.339 E2935.37776
G1 X191.786 Y94.179 E2935.43454
G1 X192.033 Y94.893 E2935.4848
G1 X192.364 Y95.534 E2935.53279
G1 X192.807 Y96.162 E2935.58391
G1 X193.336 Y96.713 E2935.63472
G1 X193.912 Y97.155 E2935.68302
G1 X194.53 Y97.514 E2935.73056
G1 X195.231 Y97.794 E2935.78077
G1 X196.023 Y97.98 E2935.83489
G1 X196.978 Y98.04 E2935.89854
G1 X197.891 Y97.925 E2935.95975
G1 X198.77 Y97.653 E2936.02096
G1 X199.255 Y97.399 E2936.05738
G1 X199.254 Y208.312 E2943.43534
G1 X198.904 Y208.126 E2943.46171
G1 X198.221 Y207.879 E2943.51002
G1 X197.5 Y207.726 E2943.55905
G1 X196.764 Y207.679 E2943.60811
G1 X195.981 Y207.745 E2943.66038
G1 X195.202 Y207.929 E2943.71362
G1 X194.507 Y208.214 E2943.76359
G1 X193.872 Y208.584 E2943.81248
G1 X193.271 Y209.066 E2943.86373
G1 X192.762 Y209.608 E2943.91319
G1 X192.308 Y210.272 E2943.9667
G1 X191.997 Y210.914 E2944.01415
G1 X191.779 Y211.568 E2944.06001
G1 X191.679 Y212.126 E2944.09772
G1 X186.228 Y212.125 E2944.46032
G1 X185.498 Y212.193 E2944.50909
G1 X184.881 Y212.318 E2944.55096
G1 X184.318 Y212.485 E2944.59003
G1 X183.707 Y212.731 E2944.63384
G1 X183.023 Y213.096 E2944.68542
G1 X182.423 Y213.515 E2944.7341
G1 X181.914 Y213.956 E2944.7789
G1 X181.493 Y214.397 E2944.81945
G1 X181.068 Y214.944 E2944.86553
G1 X180.664 Y215.601 E2944.91684
G1 X180.373 Y216.219 E2944.96228
G1 X180.142 Y216.887 E2945.00929
G1 X179.987 Y217.542 E2945.05407
G1 X179.904 Y218.21 E2945.09884
G1 X179.888 Y218.583 E2945.12368
G1 X179.888 Y226.623 E2945.6585
G1 X163.098 Y226.623 E2946.77538
G1 X163.097 Y214.312 E2947.59431
G1 X163.052 Y213.721 E2947.63374
G1 X162.939 Y213.073 E2947.67749
G1 X162.749 Y212.403 E2947.72382
G1 X162.529 Y211.848 E2947.76353
G1 X162.269 Y211.326 E2947.80232
G1 X161.913 Y210.751 E2947.84731
G1 X161.512 Y210.241 E2947.89047
G1 X161.11 Y209.812 E2947.92957
G1 X160.604 Y209.363 E2947.97457
G1 X160.029 Y208.956 E2948.02144
G1 X159.405 Y208.608 E2948.06896
G1 X158.761 Y208.333 E2948.11554
G1 X158.118 Y208.14 E2948.1602
G1 X157.522 Y208.016 E2948.2007
G1 X156.919 Y207.956 E2948.24101
G1 X156.639 Y207.943 E2948.25965
G1 X146.473 Y207.944 E2948.9359
G1 X145.71 Y208.016 E2948.98688
G1 X144.948 Y208.186 E2949.03881
G1 X144.367 Y208.381 E2949.07958
G1 X143.791 Y208.637 E2949.12151
G1 X143.226 Y208.951 E2949.16451
G1 X142.608 Y209.394 E2949.21509
G1 X142.151 Y209.802 E2949.25584
G1 X141.69 Y210.292 E2949.30059
G1 X141.275 Y210.846 E2949.34664
G1 X140.918 Y211.437 E2949.39257
G1 X140.637 Y212.046 E2949.43718
G1 X140.433 Y212.611 E2949.47714
G1 X140.265 Y213.285 E2949.52335
G1 X140.17 Y214.002 E2949.57146
G1 X140.152 Y214.465 E2949.60228
G1 X140.152 Y226.623 E2950.41104
G1 X100.745 Y226.623 E2953.0324
G1 X100.745 Y217.419 E2953.64465
G1 X101.021 Y217.573 E2953.66568
G1 X101.771 Y217.851 E2953.71888
G1 X102.506 Y218.004 E2953.76882
G1 X103.228 Y218.05 E2953.81695
G1 X104.009 Y217.989 E2953.86906
G1 X104.798 Y217.801 E2953.92301
G1 X105.506 Y217.511 E2953.97391
G1 X106.173 Y217.115 E2954.02551
G1 X106.749 Y216.647 E2954.07488
G1 X107.257 Y216.097 E2954.12468
G1 X107.752 Y215.361 E2954.18368
G1 X108.1 Y214.565 E2954.24147
G1 X108.292 Y213.845 E2954.29104
G1 X108.379 Y213.132 E2954.33882
G1 X108.366 Y212.4 E2954.38752
G1 X108.251 Y211.694 E2954.4351
G1 X108.038 Y210.993 E2954.48384
G1 X107.704 Y210.289 E2954.53567
G1 X107.141 Y209.484 E2954.60102
G1 X106.541 Y208.899 E2954.65676
G1 X105.943 Y208.464 E2954.70595
G1 X105.305 Y208.126 E2954.75398
G1 X104.622 Y207.879 E2954.80229
G1 X103.901 Y207.726 E2954.85132
G1 X103.167 Y207.679 E2954.90025
G1 X102.388 Y207.744 E2954.95225
G1 X101.603 Y207.929 E2955.0059
G1 X100.908 Y208.214 E2955.05586
G1 X100.745 Y208.309 E2955.06841
G1 X100.746 Y97.407 E2962.44564
G1 X100.934 Y97.516 E2962.4601
G1 X101.632 Y97.793 E2962.51005
G1 X102.412 Y97.979 E2962.56339
G1 X103.356 Y98.038 E2962.62631
G1 X104.106 Y97.954 E2962.67651
G1 X104.799 Y97.783 E2962.724
G1 X105.486 Y97.505 E2962.77329
G1 X106.109 Y97.144 E2962.82119
G1 X106.697 Y96.683 E2962.87089
G1 X107.265 Y96.076 E2962.92619
G1 X107.765 Y95.312 E2962.98693
G1 X108.084 Y94.598 E2963.03895
G1 X108.304 Y93.781 E2963.09523
G1 X108.388 Y92.992 E2963.14801
G1 X108.329 Y92.066 E2963.20974
G1 X108.151 Y91.303 E2963.26186
G1 X107.865 Y90.589 E2963.31302
G1 X107.478 Y89.908 E2963.36512
G1 X106.888 Y89.2 E2963.42643
G1 X106.279 Y88.672 E2963.48005
G1 X105.5 Y88.199 E2963.54067
G1 X104.768 Y87.906 E2963.59312
G1 X104.033 Y87.731 E2963.64338
G1 X103.345 Y87.665 E2963.68935
G1 X102.557 Y87.703 E2963.74183
G1 X101.793 Y87.858 E2963.79369
G1 X100.951 Y88.174 E2963.85351
G1 X100.746 Y88.293 E2963.86928
G1 X100.746 Y73.377 E2964.8615
G1 X199.255 Y73.377 E2971.41434
G1 F1500 E2970.41434
G1 F300 Z1.4
G0 F9000 X182.06 Y135.297 Z1.4
G1 F300 Z1.2
G1 F1500 E2971.44095
G1 F2100 X181.328 Y135.112 E2971.49117
G1 X180.582 Y135.015 E2971.54122
G1 X180.139 Y134.999 E2971.5707
G1 X170.719 Y135 E2972.19733
G1 X169.973 Y135.066 E2972.24714
G1 X169.266 Y135.216 E2972.29522
G1 X168.702 Y135.395 E2972.33458
G1 X168.167 Y135.615 E2972.37306
G1 X167.582 Y135.923 E2972.41704
G1 X166.994 Y136.32 E2972.46423
G1 X166.462 Y136.765 E2972.51037
G1 X165.984 Y137.261 E2972.55619
G1 X165.553 Y137.808 E2972.60252
G1 X165.197 Y138.386 E2972.64767
G1 X164.938 Y138.903 E2972.68614
G1 X164.722 Y139.446 E2972.72501
G1 X164.531 Y140.105 E2972.77065
G1 X164.41 Y140.802 E2972.81771
G1 X164.368 Y141.484 E2972.86316
G1 X164.369 Y154.042 E2973.69853
G1 X164.415 Y154.631 E2973.73783
G1 X164.526 Y155.266 E2973.78071
G1 X164.71 Y155.932 E2973.82667
G1 X164.979 Y156.601 E2973.87463
G1 X165.285 Y157.176 E2973.91796
G1 X165.627 Y157.697 E2973.95942
G1 X166.029 Y158.195 E2974.00199
G1 X166.465 Y158.644 E2974.04362
G1 X167.009 Y159.101 E2974.09089
G1 X167.706 Y159.556 E2974.14625
G1 X168.363 Y159.881 E2974.19501
G1 X169.08 Y160.138 E2974.24568
G1 X169.735 Y160.297 E2974.29052
G1 X170.51 Y160.393 E2974.34246
G1 X170.898 Y160.407 E2974.36829
G1 X180.317 Y160.406 E2974.99484
G1 X180.995 Y160.347 E2975.04012
G1 X181.67 Y160.216 E2975.08585
G1 X182.318 Y160.019 E2975.13091
G1 X182.877 Y159.788 E2975.17114
G1 X183.441 Y159.488 E2975.21364
G1 X183.959 Y159.148 E2975.25485
G1 X184.457 Y158.746 E2975.29743
G1 X184.905 Y158.311 E2975.33897
G1 X185.358 Y157.773 E2975.38575
G1 X185.774 Y157.139 E2975.43619
G1 X186.073 Y156.572 E2975.47883
G1 X186.371 Y155.798 E2975.534
G1 X186.556 Y155.066 E2975.58423
G1 X186.653 Y154.32 E2975.63427
G1 X186.669 Y153.877 E2975.66376
G1 X186.668 Y141.348 E2976.49719
G1 X186.602 Y140.607 E2976.54668
G1 X186.454 Y139.899 E2976.59479
G1 X186.273 Y139.329 E2976.63457
G1 X186.049 Y138.792 E2976.67328
G1 X185.752 Y138.228 E2976.71568
G1 X185.409 Y137.709 E2976.75706
G1 X185.008 Y137.211 E2976.79959
G1 X184.573 Y136.763 E2976.84113
G1 X184.035 Y136.31 E2976.88791
G1 X183.401 Y135.894 E2976.93836
G1 X182.834 Y135.595 E2976.981
G1 X182.06 Y135.297 E2977.03617
G1 F1500 E2976.03617
G1 F300 Z1.4
G0 F9000 X139.832 Y225.6 Z1.4
G1 F300 Z1.2
G1 F1500 E2977.06278
G1 F2100 X101.064 Y225.6 E2979.64163
G0 F9000 X101.064 Y224.8
G1 F2100 X139.832 Y224.8 E2982.22049
G0 F9000 X139.832 Y224
G1 F2100 X101.064 Y224 E2984.79935
G0 F9000 X101.064 Y223.2
G1 F2100 X139.832 Y223.2 E2987.37821
G0 F9000 X139.832 Y222.4
G1 F2100 X101.064 Y222.4 E2989.95707
G0 F9000 X101.064 Y221.6
G1 F2100 X139.832 Y221.6 E2992.53592
G0 F9000 X139.832 Y220.8
G1 F2100 X101.064 Y220.8 E2995.11478
G0 F9000 X101.064 Y220
G1 F2100 X139.832 Y220 E2997.69364
G0 F9000 X139.832 Y219.2
G1 F2100 X101.064 Y219.2 E3000.2725
G0 F9000 X101.064 Y218.4
G1 F2100 X139.832 Y218.4 E3002.85135
G0 F9000 X139.832 Y217.6
G1 F2100 X105.982 Y217.6 E3005.10307
G0 F9000 X107.042 Y216.8
G1 F2100 X139.832 Y216.8 E3007.28427
G0 F9000 X139.832 Y216
G1 F2100 X107.708 Y216 E3009.42116
G0 F9000 X108.171 Y215.2
G1 F2100 X139.832 Y215.2 E3011.52726
G0 F9000 X139.834 Y214.4
G1 F2100 X108.475 Y214.4 E3013.61327
G0 F9000 X108.644 Y213.6
G1 F2100 X139.9 Y213.6 E3015.69243
G0 F9000 X140.056 Y212.8
G1 F2100 X108.691 Y212.8 E3017.77884
G0 F9000 X108.623 Y212
G1 F2100 X140.313 Y212 E3019.88686
G0 F9000 X140.686 Y211.2
G1 F2100 X108.433 Y211.2 E3022.03234
G0 F9000 X108.11 Y210.4
G1 F2100 X141.209 Y210.4 E3024.2341
G0 F9000 X141.901 Y209.6
G1 F2100 X107.611 Y209.6 E3026.51508
G0 F9000 X106.897 Y208.8
G1 F2100 X142.888 Y208.8 E3028.90921
G1 F1500 E3027.90921
G1 F300 Z1.4
G0 F9000 X144.497 Y208 Z1.4
G1 F300 Z1.2
G1 F1500 E3028.93581
G1 F2100 X105.749 Y208 E3031.51334
G1 F1500 E3030.51334
G1 F300 Z1.4
G0 F9000 X101.065 Y207.2 Z1.4
G1 F300 Z1.2
G1 F1500 E3031.53995
G1 F2100 X198.934 Y207.2 E3038.05022
G0 F9000 X198.934 Y206.4
G1 F2100 X101.065 Y206.4 E3044.56049
G0 F9000 X101.065 Y205.6
G1 F2100 X198.934 Y205.6 E3051.07077
G0 F9000 X198.934 Y204.8
G1 F2100 X101.065 Y204.8 E3057.58104
G0 F9000 X101.065 Y204
G1 F2100 X198.934 Y204 E3064.09131
G0 F9000 X198.934 Y203.2
G1 F2100 X101.065 Y203.2 E3070.60158
G0 F9000 X101.065 Y202.4
G1 F2100 X198.934 Y202.4 E3077.11186
G0 F9000 X198.934 Y201.6
G1 F2100 X101.065 Y201.6 E3083.62213
G0 F9000 X101.065 Y200.8
G1 F2100 X198.934 Y200.8 E3090.1324
G0 F9000 X198.934 Y200
G1 F2100 X101.065 Y200 E3096.64267
G0 F9000 X101.065 Y199.2
G1 F2100 X198.934 Y199.2 E3103.15295
G0 F9000 X198.934 Y198.4
G1 F2100 X101.065 Y198.4 E3109.66322
G0 F9000 X101.065 Y197.6
G1 F2100 X198.934 Y197.6 E3116.17349
G0 F9000 X198.934 Y196.8
G1 F2100 X101.065 Y196.8 E3122.68376
G0 F9000 X101.065 Y196
G1 F2100 X198.934 Y196 E3129.19404
G0 F9000 X198.934 Y195.2
G1 F2100 X101.065 Y195.2 E3135.70431
G0 F9000 X101.065 Y194.4
G1 F2100 X198.934 Y194.4 E3142.21458
G0 F9000 X198.934 Y193.6
G1 F2100 X101.065 Y193.6 E3148.72485
G0 F9000 X101.065 Y192.8
G1 F2100 X198.934 Y192.8 E3155.23512
G0 F9000 X198.934 Y192
G1 F2100 X101.065 Y192 E3161.7454
G0 F9000 X101.065 Y191.2
G1 F2100 X198.934 Y191.2 E3168.25567
G0 F9000 X198.934 Y190.4
G1 F2100 X101.065 Y190.4 E3174.76594
G0 F9000 X101.065 Y189.6
G1 F2100 X198.934 Y189.6 E3181.27621
G0 F9000 X198.934 Y188.8
G1 F2100 X101.065 Y188.8 E3187.78649
G0 F9000 X101.065 Y188
G1 F2100 X198.934 Y188 E3194.29676
G0 F9000 X198.934 Y187.2
G1 F2100 X101.065 Y187.2 E3200.80703
G0 F9000 X101.065 Y186.4
G1 F2100 X198.934 Y186.4 E3207.3173
G0 F9000 X198.934 Y185.6
G1 F2100 X101.065 Y185.6 E3213.82758
G0 F9000 X101.065 Y184.8
G1 F2100 X198.934 Y184.8 E3220.33785
G0 F9000 X198.934 Y184
G1 F2100 X101.065 Y184 E3226.84812
G0 F9000 X101.065 Y183.2
G1 F2100 X198.934 Y183.2 E3233.35839
G0 F9000 X198.934 Y182.4
G1 F2100 X101.065 Y182.4 E3239.86866
G0 F9000 X101.065 Y181.6
G1 F2100 X198.934 Y181.6 E3246.37894
G0 F9000 X198.934 Y180.8
G1 F2100 X101.065 Y180.8 E3252.88921
G0 F9000 X101.065 Y180
G1 F2100 X198.934 Y180 E3259.39948
G0 F9000 X198.934 Y179.2
G1 F2100 X101.065 Y179.2 E3265.90975
G0 F9000 X101.065 Y178.4
G1 F2100 X198.934 Y178.4 E3272.42003
G0 F9000 X198.934 Y177.6
G1 F2100 X101.065 Y177.6 E3278.9303
G0 F9000 X101.065 Y176.8
G1 F2100 X198.934 Y176.8 E3285.44057
G0 F9000 X198.934 Y176
G1 F2100 X101.065 Y176 E3291.95084
G0 F9000 X101.065 Y175.2
G1 F2100 X198.934 Y175.2 E3298.46112
G0 F9000 X198.934 Y174.4
G1 F2100 X101.065 Y174.4 E3304.97139
G0 F9000 X101.065 Y173.6
G1 F2100 X198.934 Y173.6 E3311.48166
G0 F9000 X198.934 Y172.8
G1 F2100 X101.065 Y172.8 E3317.99193
G0 F9000 X101.065 Y172
G1 F2100 X198.934 Y172 E3324.5022
G0 F9000 X198.934 Y171.2
G1 F2100 X101.065 Y171.2 E3331.01248
G0 F9000 X101.065 Y170.4
G1 F2100 X198.934 Y170.4 E3337.52275
G0 F9000 X198.934 Y169.6
G1 F2100 X101.065 Y169.6 E3344.03302
G0 F9000 X101.065 Y168.8
G1 F2100 X198.934 Y168.8 E3350.54329
G0 F9000 X198.934 Y168
G1 F2100 X101.065 Y168 E3357.05357
G0 F9000 X101.065 Y167.2
G1 F2100 X198.934 Y167.2 E3363.56384
G0 F9000 X198.934 Y166.4
G1 F2100 X101.065 Y166.4 E3370.07411
G0 F9000 X101.065 Y165.6
G1 F2100 X198.934 Y165.6 E3376.58438
G0 F9000 X198.934 Y164.8
G1 F2100 X101.065 Y164.8 E3383.09466
G0 F9000 X101.065 Y164
G1 F2100 X198.934 Y164 E3389.60493
G0 F9000 X198.934 Y163.2
G1 F2100 X101.065 Y163.2 E3396.1152
G0 F9000 X101.065 Y162.4
G1 F2100 X198.934 Y162.4 E3402.62547
G0 F9000 X198.934 Y161.6
G1 F2100 X101.065 Y161.6 E3409.13574
G0 F9000 X101.065 Y160.8
G1 F2100 X198.934 Y160.8 E3415.64602
G0 F9000 X198.934 Y160
G1 F2100 X183.16 Y160 E3416.69531
G0 F9000 X184.406 Y159.2
G1 F2100 X198.934 Y159.2 E3417.66171
G0 F9000 X198.934 Y158.4
G1 F2100 X185.249 Y158.4 E3418.57204
G0 F9000 X185.854 Y157.6
G1 F2100 X198.934 Y157.6 E3419.44213
G0 F9000 X198.934 Y156.8
G1 F2100 X186.315 Y156.8 E3420.28155
G0 F9000 X186.636 Y156
G1 F2100 X198.934 Y156 E3421.09961
G0 F9000 X198.934 Y155.2
G1 F2100 X186.852 Y155.2 E3421.90331
G0 F9000 X186.966 Y154.4
G1 F2100 X198.934 Y154.4 E3422.69943
G0 F9000 X198.934 Y153.6
G1 F2100 X186.988 Y153.6 E3423.49408
G0 F9000 X186.988 Y152.8
G1 F2100 X198.934 Y152.8 E3424.28873
G0 F9000 X198.934 Y152
G1 F2100 X186.988 Y152 E3425.08338
G0 F9000 X186.988 Y151.2
G1 F2100 X198.934 Y151.2 E3425.87803
G0 F9000 X198.934 Y150.4
G1 F2100 X186.988 Y150.4 E3426.67268
G0 F9000 X186.988 Y149.6
G1 F2100 X198.934 Y149.6 E3427.46733
G0 F9000 X198.934 Y148.8
G1 F2100 X186.988 Y148.8 E3428.26199
G0 F9000 X186.988 Y148
G1 F2100 X198.934 Y148 E3429.05664
G0 F9000 X198.934 Y147.2
G1 F2100 X186.988 Y147.2 E3429.85129
G0 F9000 X186.988 Y146.4
G1 F2100 X198.934 Y146.4 E3430.64594
G0 F9000 X198.934 Y145.6
G1 F2100 X186.988 Y145.6 E3431.44059
G0 F9000 X186.988 Y144.8
G1 F2100 X198.934 Y144.8 E3432.23524
G0 F9000 X198.934 Y144
G1 F2100 X186.988 Y144 E3433.02989
G0 F9000 X186.988 Y143.2
G1 F2100 X198.934 Y143.2 E3433.82454
G0 F9000 X198.934 Y142.4
G1 F2100 X186.988 Y142.4 E3434.61919
G0 F9000 X186.988 Y141.6
G1 F2100 X198.934 Y141.6 E3435.41385
G0 F9000 X198.934 Y140.8
G1 F2100 X186.939 Y140.8 E3436.21176
G0 F9000 X186.802 Y140
G1 F2100 X198.934 Y140 E3437.01878
G0 F9000 X198.934 Y139.2
G1 F2100 X186.565 Y139.2 E3437.84157
G0 F9000 X186.204 Y138.4
G1 F2100 X198.934 Y138.4 E3438.68837
G0 F9000 X198.934 Y137.6
G1 F2100 X185.719 Y137.6 E3439.56744
G0 F9000 X185.054 Y136.8
G1 F2100 X198.934 Y136.8 E3440.49074
G0 F9000 X198.934 Y136
G1 F2100 X184.144 Y136 E3441.47457
G1 F1500 E3440.47457
G1 F300 Z1.4
G0 F9000 X182.697 Y135.2 Z1.4
G1 F300 Z1.2
G1 F1500 E3441.50118
G1 F2100 X198.934 Y135.2 E3442.58127
G0 F9000 X198.934 Y134.4
G1 F2100 X101.065 Y134.4 E3449.09154
G0 F9000 X101.065 Y133.6
G1 F2100 X198.934 Y133.6 E3455.60182
G0 F9000 X198.934 Y132.8
G1 F2100 X101.065 Y132.8 E3462.11209
G0 F9000 X101.065 Y132
G1 F2100 X198.934 Y132 E3468.62236
G0 F9000 X198.934 Y131.2
G1 F2100 X101.065 Y131.2 E3475.13263
G0 F9000 X101.065 Y130.4
G1 F2100 X198.934 Y130.4 E3481.64291
G0 F9000 X198.934 Y129.6
G1 F2100 X101.065 Y129.6 E3488.15318
G0 F9000 X101.065 Y128.8
G1 F2100 X198.934 Y128.8 E3494.66345
G0 F9000 X198.934 Y128
G1 F2100 X101.065 Y128 E3501.17372
G0 F9000 X101.065 Y127.2
G1 F2100 X198.934 Y127.2 E3507.68399
G0 F9000 X198.934 Y126.4
G1 F2100 X101.065 Y126.4 E3514.19427
G0 F9000 X101.065 Y125.6
G1 F2100 X198.934 Y125.6 E3520.70454
G0 F9000 X198.934 Y124.8
G1 F2100 X101.065 Y124.8 E3527.21481
G0 F9000 X101.065 Y124
G1 F2100 X198.934 Y124 E3533.72508
G0 F9000 X198.934 Y123.2
G1 F2100 X101.065 Y123.2 E3540.23536
G0 F9000 X101.065 Y122.4
G1 F2100 X198.934 Y122.4 E3546.74563
G0 F9000 X198.934 Y121.6
G1 F2100 X101.065 Y121.6 E3553.2559
G0 F9000 X101.065 Y120.8
G1 F2100 X198.934 Y120.8 E3559.76617
G0 F9000 X198.934 Y120
G1 F2100 X101.065 Y120 E3566.27645
G0 F9000 X101.065 Y119.2
G1 F2100 X198.934 Y119.2 E3572.78672
G0 F9000 X198.934 Y118.4
G1 F2100 X101.066 Y118.4 E3579.29692
G0 F9000 X101.066 Y117.6
G1 F2100 X198.934 Y117.6 E3585.80713
G0 F9000 X198.934 Y116.8
G1 F2100 X101.066 Y116.8 E3592.31734
G0 F9000 X101.066 Y116
G1 F2100 X198.934 Y116 E3598.82754
G0 F9000 X198.934 Y115.2
G1 F2100 X101.066 Y115.2 E3605.33775
G0 F9000 X101.066 Y114.4
G1 F2100 X198.934 Y114.4 E3611.84795
G0 F9000 X198.934 Y113.6
G1 F2100 X101.066 Y113.6 E3618.35816
G0 F9000 X101.066 Y112.8
G1 F2100 X198.934 Y112.8 E3624.86836
G0 F9000 X198.934 Y112
G1 F2100 X101.066 Y112 E3631.37857
G0 F9000 X101.066 Y111.2
G1 F2100 X198.934 Y111.2 E3637.88878
G0 F9000 X198.934 Y110.4
G1 F2100 X101.066 Y110.4 E3644.39898
G0 F9000 X101.066 Y109.6
G1 F2100 X198.934 Y109.6 E3650.90919
G0 F9000 X198.934 Y108.8
G1 F2100 X101.066 Y108.8 E3657.41939
G0 F9000 X101.066 Y108
G1 F2100 X198.934 Y108 E3663.9296
G0 F9000 X198.934 Y107.2
G1 F2100 X101.066 Y107.2 E3670.4398
G0 F9000 X101.066 Y106.4
G1 F2100 X198.934 Y106.4 E3676.95001
G0 F9000 X198.934 Y105.6
G1 F2100 X101.066 Y105.6 E3683.46022
G0 F9000 X101.066 Y104.8
G1 F2100 X198.934 Y104.8 E3689.97042
G0 F9000 X198.934 Y104
G1 F2100 X101.066 Y104 E3696.48063
G0 F9000 X101.066 Y103.2
G1 F2100 X198.934 Y103.2 E3702.99083
G0 F9000 X198.934 Y102.4
G1 F2100 X101.066 Y102.4 E3709.50104
G0 F9000 X101.066 Y101.6
G1 F2100 X198.934 Y101.6 E3716.01125
G0 F9000 X198.934 Y100.8
G1 F2100 X101.066 Y100.8 E3722.52145
G0 F9000 X101.066 Y100
G1 F2100 X198.934 Y100 E3729.03166
G0 F9000 X198.934 Y99.2
G1 F2100 X101.066 Y99.2 E3735.54186
G0 F9000 X101.066 Y98.4
G1 F2100 X198.934 Y98.4 E3742.05207
G1 F1500 E3741.05207
G1 F300 Z1.4
G0 F9000 X194.042 Y97.6 Z1.4
G1 F300 Z1.2
G1 F1500 E3742.07868
G1 F2100 X105.961 Y97.6 E3747.93785
G0 F9000 X107.026 Y96.8
G1 F2100 X192.977 Y96.8 E3753.65533
G0 F9000 X192.302 Y96
G1 F2100 X107.697 Y96 E3759.28328
G0 F9000 X108.166 Y95.2
G1 F2100 X191.832 Y95.2 E3764.84876
G0 F9000 X191.525 Y94.4
G1 F2100 X108.469 Y94.4 E3770.37367
G0 F9000 X108.644 Y93.6
G1 F2100 X191.357 Y93.6 E3775.87576
G0 F9000 X191.306 Y92.8
G1 F2100 X108.695 Y92.8 E3781.37107
G0 F9000 X108.641 Y92
G1 F2100 X191.368 Y92 E3786.87409
G0 F9000 X191.554 Y91.2
G1 F2100 X108.454 Y91.2 E3792.40193
G0 F9000 X108.124 Y90.4
G1 F2100 X191.869 Y90.4 E3797.97267
G0 F9000 X192.368 Y89.6
G1 F2100 X107.638 Y89.6 E3803.60893
G0 F9000 X106.915 Y88.8
G1 F2100 X193.068 Y88.8 E3809.33985
G0 F9000 X194.213 Y88
G1 F2100 X105.788 Y88 E3815.2219
G1 F1500 E3814.2219
G1 F300 Z1.4
G0 F9000 X101.066 Y87.2 Z1.4
G1 F300 Z1.2
G1 F1500 E3815.24851
G1 F2100 X198.935 Y87.2 E3821.75878
G0 F9000 X198.935 Y86.4
G1 F2100 X101.066 Y86.4 E3828.26906
G0 F9000 X101.066 Y85.6
G1 F2100 X198.935 Y85.6 E3834.77933
G0 F9000 X198.935 Y84.8
G1 F2100 X101.066 Y84.8 E3841.2896
G0 F9000 X101.066 Y84
G1 F2100 X198.935 Y84 E3847.79987
G0 F9000 X198.935 Y83.2
G1 F2100 X101.066 Y83.2 E3854.31015
G0 F9000 X101.066 Y82.4
G1 F2100 X198.935 Y82.4 E3860.82042
G0 F9000 X198.935 Y81.6
G1 F2100 X101.066 Y81.6 E3867.33069
G0 F9000 X101.066 Y80.8
G1 F2100 X198.935 Y80.8 E3873.84096
G0 F9000 X198.935 Y80
G1 F2100 X101.066 Y80 E3880.35124
G0 F9000 X101.066 Y79.2
G1 F2100 X198.935 Y79.2 E3886.86151
G0 F9000 X198.935 Y78.4
G1 F2100 X101.066 Y78.4 E3893.37178
G0 F9000 X101.066 Y77.6
G1 F2100 X198.935 Y77.6 E3899.88205
G0 F9000 X198.935 Y76.8
G1 F2100 X101.066 Y76.8 E3906.39232
G0 F9000 X101.066 Y76
G1 F2100 X198.935 Y76 E3912.9026
G0 F9000 X198.935 Y75.2
G1 F2100 X101.066 Y75.2 E3919.41287
G0 F9000 X101.066 Y74.4
G1 F2100 X198.935 Y74.4 E3925.92314
G1 F1500 E3924.92314
G1 F300 Z1.4
G0 F9000 X168.334 Y135.2 Z1.4
G1 F300 Z1.2
G1 F1500 E3925.94975
G1 F2100 X101.065 Y135.2 E3930.4245
G0 F9000 X101.065 Y136
G1 F2100 X166.895 Y136 E3934.80353
G0 F9000 X165.984 Y136.8
G1 F2100 X101.065 Y136.8 E3939.12196
G0 F9000 X101.065 Y137.6
G1 F2100 X165.309 Y137.6 E3943.39549
G0 F9000 X164.832 Y138.4
G1 F2100 X101.065 Y138.4 E3947.63729
G0 F9000 X101.065 Y139.2
G1 F2100 X164.475 Y139.2 E3951.85534
G0 F9000 X164.228 Y140
G1 F2100 X101.065 Y140 E3956.05696
G0 F9000 X101.065 Y140.8
G1 F2100 X164.089 Y140.8 E3960.24933
G0 F9000 X164.049 Y141.6
G1 F2100 X101.065 Y141.6 E3964.43904
G0 F9000 X101.065 Y142.4
G1 F2100 X164.049 Y142.4 E3968.62876
G0 F9000 X164.049 Y143.2
G1 F2100 X101.065 Y143.2 E3972.81847
G0 F9000 X101.065 Y144
G1 F2100 X164.049 Y144 E3977.00818
G0 F9000 X164.049 Y144.8
G1 F2100 X101.065 Y144.8 E3981.19789
G0 F9000 X101.065 Y145.6
G1 F2100 X164.049 Y145.6 E3985.38761
G0 F9000 X164.049 Y146.4
G1 F2100 X101.065 Y146.4 E3989.57732
G0 F9000 X101.065 Y147.2
G1 F2100 X164.049 Y147.2 E3993.76703
G0 F9000 X164.049 Y148
G1 F2100 X101.065 Y148 E3997.95674
G0 F9000 X101.065 Y148.8
G1 F2100 X164.049 Y148.8 E4002.14646
G0 F9000 X164.049 Y149.6
G1 F2100 X101.065 Y149.6 E4006.33617
G0 F9000 X101.065 Y150.4
G1 F2100 X164.049 Y150.4 E4010.52588
G0 F9000 X164.049 Y151.2
G1 F2100 X101.065 Y151.2 E4014.7156
G0 F9000 X101.065 Y152
G1 F2100 X164.049 Y152 E4018.90531
G0 F9000 X164.049 Y152.8
G1 F2100 X101.065 Y152.8 E4023.09502
G0 F9000 X101.065 Y153.6
G1 F2100 X164.049 Y153.6 E4027.28473
G0 F9000 X164.076 Y154.4
G1 F2100 X101.065 Y154.4 E4031.47624
G0 F9000 X101.065 Y155.2
G1 F2100 X164.19 Y155.2 E4035.67533
G0 F9000 X164.397 Y156
G1 F2100 X101.065 Y156 E4039.8882
G0 F9000 X101.065 Y156.8
G1 F2100 X164.724 Y156.8 E4044.12281
G0 F9000 X165.181 Y157.6
G1 F2100 X101.065 Y157.6 E4048.38782
G0 F9000 X101.065 Y158.4
G1 F2100 X165.782 Y158.4 E4052.69282
G0 F9000 X166.629 Y159.2
G1 F2100 X101.065 Y159.2 E4057.05415
G0 F9000 X101.065 Y160
G1 F2100 X167.881 Y160 E4061.49877
G1 F1500 E4060.49877
G1 F300 Z1.4
G0 F9000 X158.764 Y208 Z1.4
G1 F300 Z1.2
G1 F1500 E4061.52538
G1 F2100 X194.237 Y208 E4063.88505
G0 F9000 X193.091 Y208.8
G1 F2100 X160.363 Y208.8 E4066.06213
G0 F9000 X161.35 Y209.6
G1 F2100 X192.379 Y209.6 E4068.12618
G0 F9000 X191.89 Y210.4
G1 F2100 X162.044 Y210.4 E4070.11155
G0 F9000 X162.563 Y211.2
G1 F2100 X191.564 Y211.2 E4072.0407
G1 F1500 E4071.0407
G1 F300 Z1.4
G0 F9000 X184.836 Y212 Z1.4
G1 F300 Z1.2
G1 F1500 E4072.06731
G1 F2100 X162.934 Y212 E4073.52424
G0 F9000 X163.193 Y212.8
G1 F2100 X182.899 Y212.8 E4074.83509
G0 F9000 X181.835 Y213.6
G1 F2100 X163.355 Y213.6 E4076.06438
G0 F9000 X163.417 Y214.4
G1 F2100 X181.085 Y214.4 E4077.23966
G0 F9000 X180.535 Y215.2
G1 F2100 X163.417 Y215.2 E4078.37835
G0 F9000 X163.417 Y216
G1 F2100 X180.122 Y216 E4079.48958
G0 F9000 X179.833 Y216.8
G1 F2100 X163.417 Y216.8 E4080.58157
G0 F9000 X163.417 Y217.6
G1 F2100 X179.657 Y217.6 E4081.66186
G0 F9000 X179.575 Y218.4
G1 F2100 X163.417 Y218.4 E4082.7367
G0 F9000 X163.417 Y219.2
G1 F2100 X179.568 Y219.2 E4083.81106
G0 F9000 X179.568 Y220
G1 F2100 X163.417 Y220 E4084.88543
G0 F9000 X163.417 Y220.8
G1 F2100 X179.568 Y220.8 E4085.9598
G0 F9000 X179.568 Y221.6
G1 F2100 X163.417 Y221.6 E4087.03417
G0 F9000 X163.417 Y222.4
G1 F2100 X179.568 Y222.4 E4088.10854
G0 F9000 X179.568 Y223.2
G1 F2100 X163.417 Y223.2 E4089.18291
G0 F9000 X163.417 Y224
G1 F2100 X179.568 Y224 E4090.25728
G0 F9000 X179.568 Y224.8
G1 F2100 X163.417 Y224.8 E4091.33165
G0 F9000 X163.417 Y225.6
G1 F2100 X179.568 Y225.6 E4092.40602
G1 F1500 E4091.40602
G1 F300 Z1.4
G0 F9000 X199.071 Y226.623 Z1.4
G1 F300 Z1.2
G1 F1500 E4092.43262
G1 F2100 X199.07 Y218.494 E4092.97337
G1 X199.025 Y217.904 E4093.01273
G1 X198.966 Y217.567 E4093.03549
G1 X199.254 Y217.422 E4093.05694
G1 X199.254 Y226.622 E4093.66892
G1 X199.071 Y226.623 E4093.6811
G1 F1500 E4092.6811
G1 F300 Z1.4
;MESH:NONMESH
G0 F9000 X106.441 Y91.301 Z1.4
;TIME_ELAPSED:4470.501028
;LAYER:6
;TYPE:WALL-INNER
;MESH:Top of Case.STL
G1 F300 Z1.4
G1 F1500 E4093.7077
G1 F2400 X106.118 Y90.753 E4093.75002
G1 X105.782 Y90.353 E4093.78477
G1 X105.403 Y90.014 E4093.81859
G1 X104.98 Y89.73 E4093.85248
G1 X104.529 Y89.513 E4093.88578
G1 X104.006 Y89.349 E4093.92224
G1 X103.554 Y89.279 E4093.95266
G1 X103.285 Y89.261 E4093.9706
G1 X102.757 Y89.285 E4094.00576
G1 X102.245 Y89.387 E4094.04048
G1 X101.757 Y89.561 E4094.07495
G1 X101.211 Y89.86 E4094.11636
G1 X100.79 Y90.185 E4094.15174
G1 X100.406 Y90.594 E4094.18905
G1 X100.118 Y91.007 E4094.22255
G1 X99.888 Y91.461 E4094.2564
G1 X99.714 Y91.98 E4094.29281
G1 X99.622 Y92.528 E4094.32978
G1 X99.613 Y93.057 E4094.36497
G1 X99.691 Y93.621 E4094.40285
G1 X99.887 Y94.242 E4094.44616
G1 X100.129 Y94.715 E4094.48151
G1 X100.447 Y95.157 E4094.51773
G1 X100.797 Y95.519 E4094.55122
G1 X101.192 Y95.827 E4094.58454
G1 X101.626 Y96.078 E4094.61789
G1 X102.113 Y96.275 E4094.65284
G1 X102.658 Y96.402 E4094.69006
G1 X103.32 Y96.443 E4094.73418
G1 X103.833 Y96.384 E4094.76853
G1 X104.318 Y96.265 E4094.80175
G1 X104.786 Y96.072 E4094.83543
G1 X105.209 Y95.826 E4094.86798
G1 X105.612 Y95.514 E4094.90188
G1 X105.995 Y95.106 E4094.93911
G1 X106.288 Y94.686 E4094.97317
G1 X106.515 Y94.237 E4095.00664
G1 X106.685 Y93.724 E4095.04259
G1 X106.771 Y93.231 E4095.07588
G1 X106.792 Y92.769 E4095.10664
G1 X106.747 Y92.277 E4095.13951
G1 X106.632 Y91.783 E4095.17325
G1 X106.441 Y91.301 E4095.20773
G0 F9000 X105.72 Y91.653
G1 F2400 X105.463 Y91.217 E4095.2414
G1 X105.206 Y90.911 E4095.26798
G1 X104.911 Y90.647 E4095.29432
G1 X104.582 Y90.426 E4095.32068
G1 X104.234 Y90.259 E4095.34636
G1 X103.824 Y90.13 E4095.37495
G1 X103.466 Y90.075 E4095.39904
G1 X103.276 Y90.062 E4095.41171
G1 X102.854 Y90.081 E4095.43981
G1 X102.459 Y90.16 E4095.46661
G1 X102.086 Y90.293 E4095.49295
G1 X101.65 Y90.532 E4095.52602
G1 X101.329 Y90.779 E4095.55297
G1 X101.029 Y91.099 E4095.58214
G1 X100.806 Y91.419 E4095.60809
G1 X100.628 Y91.77 E4095.63427
G1 X100.493 Y92.174 E4095.6626
G1 X100.421 Y92.602 E4095.69148
G1 X100.414 Y93.009 E4095.71855
G1 X100.474 Y93.444 E4095.74776
G1 X100.63 Y93.937 E4095.78216
G1 X100.814 Y94.297 E4095.80905
G1 X101.063 Y94.643 E4095.83741
G1 X101.333 Y94.923 E4095.86329
G1 X101.64 Y95.162 E4095.88917
G1 X101.978 Y95.357 E4095.91512
G1 X102.356 Y95.51 E4095.94225
G1 X102.774 Y95.608 E4095.97081
G1 X103.299 Y95.64 E4096.0058
G1 X103.691 Y95.595 E4096.03204
G1 X104.069 Y95.502 E4096.05794
G1 X104.431 Y95.353 E4096.08398
G1 X104.761 Y95.161 E4096.10938
G1 X105.072 Y94.92 E4096.13555
G1 X105.372 Y94.601 E4096.16468
G1 X105.599 Y94.275 E4096.1911
G1 X105.774 Y93.929 E4096.2169
G1 X105.907 Y93.528 E4096.245
G1 X105.974 Y93.144 E4096.27093
G1 X105.99 Y92.788 E4096.29463
G1 X105.955 Y92.405 E4096.32022
G1 X105.866 Y92.022 E4096.34637
G1 X105.72 Y91.653 E4096.37277
G0 F9000 X104.999 Y92.005
;TYPE:WALL-OUTER
G1 F2400 X104.808 Y91.681 E4096.39779
G1 X104.63 Y91.469 E4096.4162
G1 X104.419 Y91.28 E4096.43505
G1 X104.184 Y91.122 E4096.45388
G1 X103.94 Y91.005 E4096.47188
G1 X103.643 Y90.912 E4096.49259
G1 X103.376 Y90.871 E4096.51056
G1 X103.265 Y90.863 E4096.51796
G1 X102.951 Y90.877 E4096.53887
G1 X102.673 Y90.933 E4096.55773
G1 X102.414 Y91.025 E4096.57601
G1 X102.089 Y91.203 E4096.60066
G1 X101.869 Y91.373 E4096.61916
G1 X101.652 Y91.604 E4096.64024
G1 X101.494 Y91.831 E4096.65864
G1 X101.368 Y92.079 E4096.67714
G1 X101.272 Y92.368 E4096.6974
G1 X101.22 Y92.676 E4096.71818
G1 X101.215 Y92.961 E4096.73714
G1 X101.257 Y93.267 E4096.75769
G1 X101.373 Y93.632 E4096.78316
G1 X101.499 Y93.879 E4096.80161
G1 X101.679 Y94.129 E4096.8221
G1 X101.87 Y94.327 E4096.8404
G1 X102.088 Y94.497 E4096.85879
G1 X102.329 Y94.636 E4096.8773
G1 X102.599 Y94.745 E4096.89666
G1 X102.891 Y94.814 E4096.91662
G1 X103.277 Y94.837 E4096.94235
G1 X103.549 Y94.806 E4096.96056
G1 X103.82 Y94.739 E4096.97913
G1 X104.077 Y94.634 E4096.99759
G1 X104.312 Y94.497 E4097.01569
G1 X104.532 Y94.326 E4097.03422
G1 X104.749 Y94.096 E4097.05526
G1 X104.91 Y93.864 E4097.07404
G1 X105.033 Y93.621 E4097.09216
G1 X105.129 Y93.332 E4097.11242
G1 X105.177 Y93.057 E4097.13099
G1 X105.188 Y92.807 E4097.14763
G1 X105.163 Y92.532 E4097.166
G1 X105.1 Y92.261 E4097.18451
G1 X104.999 Y92.005 E4097.20282
G0 F9000 X105.789 Y91.619
G1 F1500 E4096.20282
G1 F300 Z1.6
G0 F9000 X105.743 Y210.324 Z1.6
;TYPE:WALL-INNER
G1 F300 Z1.4
G1 F1500 E4097.22942
G1 F2400 X105.303 Y209.951 E4097.26779
G1 X104.874 Y209.686 E4097.30134
G1 X104.424 Y209.489 E4097.33401
G1 X103.936 Y209.349 E4097.36779
G1 X103.47 Y209.286 E4097.39907
G1 X103.158 Y209.275 E4097.41983
G1 X102.637 Y209.318 E4097.45461
G1 X102.089 Y209.448 E4097.49207
G1 X101.618 Y209.641 E4097.52593
G1 X101.209 Y209.876 E4097.55731
G1 X100.76 Y210.229 E4097.5953
G1 X100.404 Y210.611 E4097.63004
G1 X100.118 Y211.022 E4097.66335
G1 X99.89 Y211.47 E4097.69678
G1 X99.726 Y211.952 E4097.73065
G1 X99.622 Y212.537 E4097.77018
G1 X99.613 Y213.074 E4097.8059
G1 X99.695 Y213.653 E4097.8448
G1 X99.852 Y214.162 E4097.88024
G1 X100.064 Y214.614 E4097.91345
G1 X100.34 Y215.034 E4097.94688
G1 X100.668 Y215.412 E4097.98017
G1 X101.065 Y215.754 E4098.01502
G1 X101.616 Y216.09 E4098.05795
G1 X102.115 Y216.29 E4098.09371
G1 X102.657 Y216.417 E4098.13075
G1 X103.329 Y216.458 E4098.17553
G1 X103.967 Y216.377 E4098.21831
G1 X104.611 Y216.17 E4098.26331
G1 X105.18 Y215.864 E4098.30628
G1 X105.7 Y215.447 E4098.35062
G1 X106.137 Y214.939 E4098.3952
G1 X106.406 Y214.486 E4098.43024
G1 X106.602 Y214.018 E4098.464
G1 X106.741 Y213.483 E4098.50077
G1 X106.792 Y212.911 E4098.53897
G1 X106.759 Y212.376 E4098.57462
G1 X106.665 Y211.917 E4098.60579
G1 X106.497 Y211.435 E4098.63974
G1 X106.18 Y210.85 E4098.684
G1 X105.743 Y210.324 E4098.72949
G0 F9000 X105.172 Y210.889
G1 F2400 X104.831 Y210.6 E4098.75923
G1 X104.501 Y210.396 E4098.78504
G1 X104.152 Y210.243 E4098.81038
G1 X103.771 Y210.134 E4098.83674
G1 X103.402 Y210.084 E4098.86151
G1 X103.177 Y210.076 E4098.87649
G1 X102.763 Y210.11 E4098.90412
G1 X102.335 Y210.212 E4098.93339
G1 X101.971 Y210.361 E4098.95955
G1 X101.658 Y210.541 E4098.98357
G1 X101.303 Y210.82 E4099.01361
G1 X101.028 Y211.115 E4099.04044
G1 X100.806 Y211.434 E4099.06629
G1 X100.629 Y211.782 E4099.09226
G1 X100.503 Y212.152 E4099.11826
G1 X100.421 Y212.614 E4099.14947
G1 X100.414 Y213.025 E4099.17682
G1 X100.478 Y213.478 E4099.20725
G1 X100.6 Y213.873 E4099.23475
G1 X100.764 Y214.223 E4099.26046
G1 X100.979 Y214.55 E4099.28649
G1 X101.234 Y214.844 E4099.31238
G1 X101.537 Y215.105 E4099.33898
G1 X101.975 Y215.372 E4099.37311
G1 X102.357 Y215.525 E4099.40048
G1 X102.774 Y215.623 E4099.42897
G1 X103.303 Y215.655 E4099.46423
G1 X103.793 Y215.593 E4099.49708
G1 X104.296 Y215.431 E4099.53224
G1 X104.737 Y215.194 E4099.56554
G1 X105.142 Y214.869 E4099.60008
G1 X105.485 Y214.47 E4099.63508
G1 X105.69 Y214.125 E4099.66178
G1 X105.842 Y213.762 E4099.68796
G1 X105.95 Y213.346 E4099.71655
G1 X105.99 Y212.9 E4099.74633
G1 X105.964 Y212.482 E4099.77419
G1 X105.892 Y212.13 E4099.79809
G1 X105.763 Y211.76 E4099.82416
G1 X105.514 Y211.301 E4099.85889
G1 X105.172 Y210.889 E4099.89451
G0 F9000 X104.601 Y211.454
;TYPE:WALL-OUTER
G1 F2400 X104.359 Y211.249 E4099.91561
G1 X104.128 Y211.106 E4099.93368
G1 X103.88 Y210.997 E4099.9517
G1 X103.607 Y210.919 E4099.97059
G1 X103.334 Y210.882 E4099.98891
G1 X103.195 Y210.877 E4099.99817
G1 X102.89 Y210.902 E4100.01852
G1 X102.581 Y210.976 E4100.03966
G1 X102.324 Y211.081 E4100.05813
G1 X102.107 Y211.206 E4100.07479
G1 X101.846 Y211.411 E4100.09686
G1 X101.652 Y211.619 E4100.11578
G1 X101.494 Y211.846 E4100.13418
G1 X101.368 Y212.094 E4100.15268
G1 X101.28 Y212.352 E4100.17082
G1 X101.22 Y212.691 E4100.19372
G1 X101.215 Y212.976 E4100.21268
G1 X101.261 Y213.303 E4100.23465
G1 X101.348 Y213.584 E4100.25421
G1 X101.464 Y213.832 E4100.27243
G1 X101.618 Y214.066 E4100.29106
G1 X101.8 Y214.276 E4100.30955
G1 X102.009 Y214.456 E4100.32789
G1 X102.334 Y214.654 E4100.35321
G1 X102.599 Y214.76 E4100.37219
G1 X102.891 Y214.829 E4100.39215
G1 X103.277 Y214.852 E4100.41788
G1 X103.619 Y214.809 E4100.4408
G1 X103.981 Y214.692 E4100.46611
G1 X104.294 Y214.524 E4100.48974
G1 X104.583 Y214.292 E4100.51439
G1 X104.833 Y214.001 E4100.53991
G1 X104.974 Y213.764 E4100.55826
G1 X105.082 Y213.506 E4100.57686
G1 X105.159 Y213.209 E4100.59727
G1 X105.188 Y212.889 E4100.61865
G1 X105.169 Y212.588 E4100.63871
G1 X105.119 Y212.343 E4100.65534
G1 X105.029 Y212.085 E4100.67352
G1 X104.848 Y211.752 E4100.69873
G1 X104.601 Y211.454 E4100.72448
G0 F9000 X105.226 Y210.836
G1 F1500 E4099.72448
G1 F300 Z1.6
G0 F9000 X198.1 Y210.396 Z1.6
;TYPE:WALL-INNER
G1 F300 Z1.4
G1 F1500 E4100.75109
G1 F2400 X197.751 Y210.243 E4100.77644
G1 X197.37 Y210.134 E4100.8028
G1 X197.001 Y210.084 E4100.82757
G1 X196.775 Y210.076 E4100.84261
G1 X196.356 Y210.111 E4100.87058
G1 X195.934 Y210.212 E4100.89944
G1 X195.57 Y210.361 E4100.92561
G1 X195.257 Y210.541 E4100.94963
G1 X194.902 Y210.82 E4100.97966
G1 X194.627 Y211.115 E4101.00649
G1 X194.405 Y211.434 E4101.03234
G1 X194.228 Y211.782 E4101.05831
G1 X194.102 Y212.152 E4101.08431
G1 X194.02 Y212.614 E4101.11552
G1 X194.013 Y213.025 E4101.14287
G1 X194.077 Y213.478 E4101.1733
G1 X194.199 Y213.873 E4101.2008
G1 X194.363 Y214.223 E4101.22651
G1 X194.578 Y214.55 E4101.25255
G1 X194.833 Y214.844 E4101.27843
G1 X195.131 Y215.101 E4101.30461
G1 X195.493 Y215.331 E4101.33314
G1 X195.847 Y215.487 E4101.35887
G1 X196.229 Y215.596 E4101.3853
G1 X196.625 Y215.649 E4101.41188
G1 X197.144 Y215.636 E4101.44641
G1 X197.582 Y215.542 E4101.47621
G1 X197.967 Y215.399 E4101.50353
G1 X198.293 Y215.222 E4101.52821
G1 X198.641 Y214.961 E4101.55714
G1 X198.939 Y214.656 E4101.58551
G1 X199.193 Y214.299 E4101.61465
G1 X199.371 Y213.948 E4101.64083
G1 X199.497 Y213.578 E4101.66683
G1 X199.579 Y213.116 E4101.69804
G1 X199.586 Y212.705 E4101.72539
G1 X199.526 Y212.277 E4101.75414
G1 X199.406 Y211.867 E4101.78255
G1 X199.235 Y211.505 E4101.80919
G1 X199.021 Y211.18 E4101.83507
G1 X198.764 Y210.883 E4101.8612
G1 X198.43 Y210.6 E4101.89032
G1 X198.1 Y210.396 E4101.91613
G0 F9000 X197.727 Y211.106
;TYPE:WALL-OUTER
G1 F2400 X197.479 Y210.997 E4101.93415
G1 X197.206 Y210.919 E4101.95303
G1 X196.933 Y210.882 E4101.97136
G1 X196.794 Y210.877 E4101.98061
G1 X196.484 Y210.903 E4102.0013
G1 X196.18 Y210.976 E4102.0221
G1 X195.923 Y211.081 E4102.04057
G1 X195.706 Y211.206 E4102.05723
G1 X195.445 Y211.411 E4102.0793
G1 X195.251 Y211.619 E4102.09823
G1 X195.093 Y211.846 E4102.11662
G1 X194.967 Y212.094 E4102.13513
G1 X194.879 Y212.352 E4102.15326
G1 X194.819 Y212.691 E4102.17616
G1 X194.814 Y212.976 E4102.19512
G1 X194.86 Y213.303 E4102.21709
G1 X194.947 Y213.584 E4102.23666
G1 X195.063 Y213.832 E4102.25487
G1 X195.217 Y214.066 E4102.2735
G1 X195.399 Y214.276 E4102.29199
G1 X195.609 Y214.457 E4102.31043
G1 X195.871 Y214.623 E4102.33106
G1 X196.12 Y214.733 E4102.34917
G1 X196.393 Y214.811 E4102.36806
G1 X196.668 Y214.848 E4102.38651
G1 X197.049 Y214.838 E4102.41187
G1 X197.358 Y214.772 E4102.43289
G1 X197.635 Y214.669 E4102.45254
G1 X197.86 Y214.547 E4102.46957
G1 X198.112 Y214.358 E4102.49052
G1 X198.323 Y214.142 E4102.51061
G1 X198.506 Y213.884 E4102.53165
G1 X198.632 Y213.636 E4102.55016
G1 X198.72 Y213.378 E4102.56829
G1 X198.78 Y213.039 E4102.59119
G1 X198.785 Y212.754 E4102.61015
G1 X198.742 Y212.446 E4102.63084
G1 X198.656 Y212.152 E4102.65121
G1 X198.536 Y211.898 E4102.6699
G1 X198.382 Y211.664 E4102.68854
G1 X198.2 Y211.454 E4102.70702
G1 X197.958 Y211.249 E4102.72812
G1 X197.727 Y211.106 E4102.74619
G0 F9000 X198.136 Y210.328
G1 F1500 E4101.74619
G1 F300 Z1.6
G0 F9000 X183.82 Y137.153 Z1.6
;TYPE:WALL-INNER
G1 F300 Z1.4
G1 F1500 E4102.7728
G1 F2400 X183.401 Y136.83 E4102.80799
G1 X182.899 Y136.516 E4102.84738
G1 X182.42 Y136.28 E4102.8829
G1 X181.82 Y136.053 E4102.92557
G1 X181.307 Y135.917 E4102.96088
G1 X180.785 Y135.828 E4102.9961
G1 X180.174 Y135.789 E4103.03683
G1 X170.809 Y135.79 E4103.65979
G1 X170.161 Y135.839 E4103.70302
G1 X169.489 Y135.972 E4103.74859
G1 X168.883 Y136.167 E4103.79093
G1 X168.261 Y136.45 E4103.83639
G1 X167.735 Y136.762 E4103.87707
G1 X167.304 Y137.083 E4103.91282
G1 X166.919 Y137.422 E4103.94694
G1 X166.523 Y137.848 E4103.98563
G1 X166.205 Y138.26 E4104.02025
G1 X165.925 Y138.703 E4104.05512
G1 X165.663 Y139.218 E4104.09355
G1 X165.474 Y139.699 E4104.12793
G1 X165.307 Y140.264 E4104.16712
G1 X165.196 Y140.892 E4104.20954
G1 X165.158 Y141.509 E4104.25066
G1 X165.159 Y153.949 E4105.07818
G1 X165.189 Y154.43 E4105.11023
G1 X165.275 Y154.993 E4105.14812
G1 X165.411 Y155.52 E4105.18432
G1 X165.617 Y156.085 E4105.22433
G1 X165.875 Y156.616 E4105.2636
G1 X166.14 Y157.05 E4105.29743
G1 X166.452 Y157.471 E4105.33228
G1 X166.791 Y157.854 E4105.36631
G1 X167.238 Y158.274 E4105.40711
G1 X167.843 Y158.713 E4105.45683
G1 X168.333 Y158.992 E4105.49434
G1 X168.88 Y159.236 E4105.53418
G1 X169.454 Y159.421 E4105.5743
G1 X169.963 Y159.532 E4105.60895
G1 X170.53 Y159.603 E4105.64696
G1 X170.896 Y159.617 E4105.67133
G1 X180.225 Y159.616 E4106.2919
G1 X180.862 Y159.569 E4106.33438
G1 X181.548 Y159.434 E4106.38089
G1 X182.146 Y159.241 E4106.42269
G1 X182.716 Y158.986 E4106.46423
G1 X183.23 Y158.69 E4106.50369
G1 X183.662 Y158.382 E4106.53898
G1 X184.112 Y157.991 E4106.57863
G1 X184.515 Y157.558 E4106.61798
G1 X184.838 Y157.139 E4106.65317
G1 X185.152 Y156.637 E4106.69256
G1 X185.388 Y156.158 E4106.72808
G1 X185.615 Y155.558 E4106.77076
G1 X185.751 Y155.045 E4106.80606
G1 X185.84 Y154.523 E4106.84128
G1 X185.879 Y153.912 E4106.88201
G1 X185.878 Y141.44 E4107.71165
G1 X185.829 Y140.792 E4107.75488
G1 X185.696 Y140.118 E4107.80058
G1 X185.499 Y139.511 E4107.84303
G1 X185.214 Y138.885 E4107.88878
G1 X184.946 Y138.43 E4107.92391
G1 X184.644 Y138.007 E4107.95848
G1 X184.253 Y137.556 E4107.99819
G1 X183.82 Y137.153 E4108.03754
G0 F9000 X183.302 Y137.764
G1 F2400 X182.944 Y137.488 E4108.06761
G1 X182.509 Y137.216 E4108.10174
G1 X182.101 Y137.015 E4108.13199
G1 X181.575 Y136.816 E4108.1694
G1 X181.137 Y136.7 E4108.19954
G1 X180.692 Y136.624 E4108.22957
G1 X180.148 Y136.589 E4108.26583
G1 X170.839 Y136.59 E4108.88507
G1 X170.269 Y136.633 E4108.92309
G1 X169.69 Y136.748 E4108.96236
G1 X169.172 Y136.914 E4108.99855
G1 X168.632 Y137.16 E4109.03802
G1 X168.179 Y137.429 E4109.07306
G1 X167.808 Y137.705 E4109.10382
G1 X167.478 Y137.996 E4109.13309
G1 X167.134 Y138.366 E4109.1667
G1 X166.861 Y138.719 E4109.19638
G1 X166.621 Y139.099 E4109.22628
G1 X166.393 Y139.547 E4109.25972
G1 X166.231 Y139.959 E4109.28917
G1 X166.087 Y140.447 E4109.32301
G1 X165.992 Y140.986 E4109.35942
G1 X165.958 Y141.534 E4109.39594
G1 X165.959 Y153.924 E4110.22013
G1 X165.985 Y154.344 E4110.24812
G1 X166.06 Y154.832 E4110.28096
G1 X166.176 Y155.283 E4110.31194
G1 X166.354 Y155.772 E4110.34656
G1 X166.578 Y156.232 E4110.38059
G1 X166.804 Y156.603 E4110.40949
G1 X167.074 Y156.967 E4110.43964
G1 X167.365 Y157.296 E4110.46885
G1 X167.749 Y157.656 E4110.50387
G1 X168.277 Y158.04 E4110.5473
G1 X168.694 Y158.277 E4110.5792
G1 X169.167 Y158.488 E4110.61366
G1 X169.663 Y158.648 E4110.64832
G1 X170.098 Y158.743 E4110.67794
G1 X170.595 Y158.805 E4110.71126
G1 X170.911 Y158.817 E4110.7323
G1 X180.196 Y158.816 E4111.34994
G1 X180.755 Y158.775 E4111.38722
G1 X181.347 Y158.658 E4111.42736
G1 X181.859 Y158.493 E4111.46315
G1 X182.352 Y158.272 E4111.49908
G1 X182.797 Y158.016 E4111.53323
G1 X183.166 Y157.753 E4111.56338
G1 X183.555 Y157.415 E4111.59766
G1 X183.904 Y157.04 E4111.63173
G1 X184.18 Y156.682 E4111.6618
G1 X184.452 Y156.247 E4111.69593
G1 X184.653 Y155.839 E4111.72619
G1 X184.852 Y155.313 E4111.7636
G1 X184.968 Y154.875 E4111.79374
G1 X185.044 Y154.43 E4111.82377
G1 X185.079 Y153.886 E4111.86003
G1 X185.078 Y141.47 E4112.68594
G1 X185.035 Y140.9 E4112.72397
G1 X184.92 Y140.32 E4112.7633
G1 X184.752 Y139.801 E4112.79959
G1 X184.503 Y139.255 E4112.83951
G1 X184.274 Y138.866 E4112.86953
G1 X184.015 Y138.502 E4112.89925
G1 X183.677 Y138.113 E4112.93353
G1 X183.302 Y137.764 E4112.96761
G0 F9000 X182.784 Y138.375
G1 F2400 X182.487 Y138.146 E4112.99256
G1 X182.119 Y137.916 E4113.02142
G1 X181.782 Y137.75 E4113.04641
G1 X181.331 Y137.579 E4113.0785
G1 X180.967 Y137.483 E4113.10354
G1 X180.598 Y137.42 E4113.12844
G1 X180.122 Y137.389 E4113.16017
G1 X170.869 Y137.39 E4113.77568
G1 X170.378 Y137.427 E4113.80844
G1 X169.891 Y137.524 E4113.84147
G1 X169.461 Y137.662 E4113.87151
G1 X169.003 Y137.87 E4113.90497
G1 X168.623 Y138.096 E4113.93438
G1 X168.312 Y138.327 E4113.96015
G1 X168.037 Y138.57 E4113.98456
G1 X167.745 Y138.884 E4114.01309
G1 X167.517 Y139.179 E4114.03789
G1 X167.317 Y139.495 E4114.06276
G1 X167.123 Y139.876 E4114.0912
G1 X166.988 Y140.219 E4114.11572
G1 X166.867 Y140.63 E4114.14422
G1 X166.788 Y141.08 E4114.17462
G1 X166.758 Y141.559 E4114.20654
G1 X166.759 Y153.899 E4115.0274
G1 X166.781 Y154.258 E4115.05133
G1 X166.845 Y154.671 E4115.07913
G1 X166.941 Y155.047 E4115.10494
G1 X167.091 Y155.459 E4115.13411
G1 X167.281 Y155.848 E4115.16291
G1 X167.468 Y156.156 E4115.18688
G1 X167.696 Y156.463 E4115.21231
G1 X167.939 Y156.738 E4115.23672
G1 X168.26 Y157.038 E4115.26595
G1 X168.711 Y157.367 E4115.30309
G1 X169.055 Y157.562 E4115.32939
G1 X169.454 Y157.74 E4115.35845
G1 X169.872 Y157.875 E4115.38767
G1 X170.233 Y157.954 E4115.41225
G1 X170.659 Y158.007 E4115.44081
G1 X170.926 Y158.017 E4115.45858
G1 X180.167 Y158.016 E4116.0733
G1 X180.648 Y157.981 E4116.10538
G1 X181.146 Y157.882 E4116.13915
G1 X181.572 Y157.745 E4116.16892
G1 X181.988 Y157.559 E4116.19923
G1 X182.364 Y157.342 E4116.22811
G1 X182.67 Y157.124 E4116.2531
G1 X182.998 Y156.839 E4116.28201
G1 X183.293 Y156.522 E4116.31081
G1 X183.522 Y156.225 E4116.33576
G1 X183.752 Y155.857 E4116.36463
G1 X183.918 Y155.52 E4116.38962
G1 X184.089 Y155.069 E4116.4217
G1 X184.185 Y154.705 E4116.44674
G1 X184.248 Y154.336 E4116.47165
G1 X184.279 Y153.86 E4116.50338
G1 X184.278 Y141.5 E4117.32557
G1 X184.241 Y141.009 E4117.35832
G1 X184.144 Y140.522 E4117.39135
G1 X184.005 Y140.091 E4117.42148
G1 X183.792 Y139.625 E4117.45556
G1 X183.602 Y139.301 E4117.48055
G1 X183.386 Y138.998 E4117.5053
G1 X183.101 Y138.67 E4117.5342
G1 X182.784 Y138.375 E4117.56301
G0 F9000 X182.266 Y138.986
;TYPE:WALL-OUTER
G1 F2400 X182.03 Y138.804 E4117.58283
G1 X181.729 Y138.616 E4117.60644
G1 X181.462 Y138.484 E4117.62625
G1 X181.087 Y138.342 E4117.65293
G1 X180.798 Y138.266 E4117.6728
G1 X180.504 Y138.216 E4117.69264
G1 X180.096 Y138.189 E4117.71984
G1 X170.899 Y138.19 E4118.33163
G1 X170.487 Y138.221 E4118.35911
G1 X170.092 Y138.3 E4118.38591
G1 X169.749 Y138.41 E4118.40987
G1 X169.374 Y138.58 E4118.43726
G1 X169.067 Y138.763 E4118.46103
G1 X168.816 Y138.949 E4118.48181
G1 X168.596 Y139.144 E4118.50137
G1 X168.355 Y139.402 E4118.52485
G1 X168.173 Y139.638 E4118.54468
G1 X168.013 Y139.891 E4118.56459
G1 X167.853 Y140.205 E4118.58803
G1 X167.745 Y140.479 E4118.60763
G1 X167.647 Y140.812 E4118.63072
G1 X167.584 Y141.174 E4118.65516
G1 X167.558 Y141.584 E4118.68249
G1 X167.559 Y153.875 E4119.50009
G1 X167.577 Y154.172 E4119.51988
G1 X167.63 Y154.511 E4119.5427
G1 X167.706 Y154.811 E4119.56329
G1 X167.828 Y155.145 E4119.58694
G1 X167.984 Y155.464 E4119.61057
G1 X168.133 Y155.709 E4119.62964
G1 X168.318 Y155.959 E4119.65033
G1 X168.513 Y156.179 E4119.66988
G1 X168.771 Y156.42 E4119.69337
G1 X169.146 Y156.694 E4119.72426
G1 X169.416 Y156.847 E4119.74491
G1 X169.741 Y156.992 E4119.76858
G1 X170.081 Y157.102 E4119.79235
G1 X170.368 Y157.165 E4119.8119
G1 X170.723 Y157.209 E4119.83569
G1 X170.941 Y157.217 E4119.8502
G1 X180.138 Y157.216 E4120.46199
G1 X180.54 Y157.187 E4120.4888
G1 X180.945 Y157.106 E4120.51628
G1 X181.286 Y156.997 E4120.54009
G1 X181.623 Y156.846 E4120.56466
G1 X181.931 Y156.668 E4120.58832
G1 X182.174 Y156.495 E4120.60816
G1 X182.441 Y156.263 E4120.63169
G1 X182.682 Y156.004 E4120.65522
G1 X182.864 Y155.768 E4120.67505
G1 X183.052 Y155.467 E4120.69866
G1 X183.184 Y155.2 E4120.71847
G1 X183.326 Y154.825 E4120.74514
G1 X183.402 Y154.536 E4120.76502
G1 X183.452 Y154.242 E4120.78486
G1 X183.479 Y153.834 E4120.81206
G1 X183.478 Y141.53 E4121.63052
G1 X183.447 Y141.118 E4121.65801
G1 X183.368 Y140.723 E4121.6848
G1 X183.258 Y140.38 E4121.70876
G1 X183.082 Y139.995 E4121.73692
G1 X182.93 Y139.737 E4121.75684
G1 X182.757 Y139.494 E4121.77669
G1 X182.525 Y139.227 E4121.80021
G1 X182.266 Y138.986 E4121.82375
G0 F9000 X182.835 Y138.315
G1 F1500 E4120.82375
G1 F300 Z1.6
G0 F9000 X199.545 Y90.534 Z1.6
;TYPE:WALL-INNER
G1 F300 Z1.4
G1 F1500 E4121.85036
G1 F2400 X199.202 Y90.179 E4121.88319
G1 X198.808 Y89.873 E4121.91638
G1 X198.374 Y89.622 E4121.94973
G1 X197.887 Y89.425 E4121.98467
G1 X197.369 Y89.304 E4122.02006
G1 X196.904 Y89.259 E4122.05114
G1 X196.345 Y89.285 E4122.08836
G1 X195.793 Y89.403 E4122.12591
G1 X195.27 Y89.597 E4122.16302
G1 X194.686 Y89.943 E4122.20817
G1 X194.186 Y90.382 E4122.25243
G1 X193.851 Y90.798 E4122.28796
G1 X193.594 Y91.229 E4122.32134
G1 X193.398 Y91.696 E4122.35503
G1 X193.259 Y92.23 E4122.39174
G1 X193.208 Y92.796 E4122.42954
G1 X193.243 Y93.365 E4122.46746
G1 X193.396 Y94.003 E4122.5111
G1 X193.602 Y94.486 E4122.54603
G1 X193.86 Y94.917 E4122.57945
G1 X194.189 Y95.318 E4122.61395
G1 X194.613 Y95.702 E4122.652
G1 X195.2 Y96.068 E4122.69802
G1 X195.712 Y96.275 E4122.73476
G1 X196.257 Y96.402 E4122.77198
G1 X196.928 Y96.443 E4122.8167
G1 X197.568 Y96.362 E4122.85961
G1 X198.21 Y96.154 E4122.9045
G1 X198.708 Y95.894 E4122.94187
G1 X199.128 Y95.586 E4122.97652
G1 X199.521 Y95.196 E4123.01335
G1 X199.842 Y94.759 E4123.04942
G1 X200.088 Y94.298 E4123.08418
G1 X200.269 Y93.779 E4123.12074
G1 X200.362 Y93.313 E4123.15235
G1 X200.393 Y92.76 E4123.18919
G1 X200.315 Y92.093 E4123.23387
G1 X200.107 Y91.445 E4123.27914
G1 X199.846 Y90.945 E4123.31666
G1 X199.545 Y90.534 E4123.35054
G0 F9000 X198.932 Y91.051
G1 F2400 X198.666 Y90.776 E4123.37599
G1 X198.36 Y90.538 E4123.40178
G1 X198.022 Y90.343 E4123.42774
G1 X197.644 Y90.19 E4123.45486
G1 X197.239 Y90.095 E4123.48254
G1 X196.884 Y90.061 E4123.50626
G1 X196.448 Y90.081 E4123.53529
G1 X196.017 Y90.173 E4123.56461
G1 X195.616 Y90.322 E4123.59307
G1 X195.158 Y90.593 E4123.62847
G1 X194.766 Y90.938 E4123.6632
G1 X194.509 Y91.256 E4123.6904
G1 X194.31 Y91.59 E4123.71626
G1 X194.158 Y91.953 E4123.74244
G1 X194.05 Y92.368 E4123.77097
G1 X194.01 Y92.808 E4123.80036
G1 X194.037 Y93.246 E4123.82955
G1 X194.158 Y93.751 E4123.86409
G1 X194.316 Y94.122 E4123.89091
G1 X194.516 Y94.455 E4123.91675
G1 X194.77 Y94.765 E4123.94341
G1 X195.097 Y95.061 E4123.97275
G1 X195.564 Y95.352 E4124.00936
G1 X195.955 Y95.51 E4124.03741
G1 X196.373 Y95.608 E4124.06597
G1 X196.902 Y95.64 E4124.10122
G1 X197.393 Y95.578 E4124.13414
G1 X197.899 Y95.414 E4124.16953
G1 X198.284 Y95.213 E4124.19842
G1 X198.607 Y94.976 E4124.22507
G1 X198.913 Y94.672 E4124.25376
G1 X199.163 Y94.332 E4124.28183
G1 X199.353 Y93.976 E4124.30867
G1 X199.495 Y93.568 E4124.33741
G1 X199.566 Y93.212 E4124.36156
G1 X199.59 Y92.784 E4124.39007
G1 X199.529 Y92.263 E4124.42497
G1 X199.366 Y91.754 E4124.46052
G1 X199.165 Y91.369 E4124.48941
G1 X198.932 Y91.051 E4124.51563
G0 F9000 X198.319 Y91.568
;TYPE:WALL-OUTER
G1 F2400 X198.13 Y91.373 E4124.5337
G1 X197.912 Y91.203 E4124.55209
G1 X197.671 Y91.064 E4124.57059
G1 X197.401 Y90.955 E4124.58996
G1 X197.109 Y90.886 E4124.60992
G1 X196.864 Y90.863 E4124.62629
G1 X196.55 Y90.877 E4124.6472
G1 X196.241 Y90.943 E4124.66822
G1 X195.962 Y91.047 E4124.68802
G1 X195.63 Y91.243 E4124.71367
G1 X195.345 Y91.494 E4124.73893
G1 X195.167 Y91.714 E4124.75776
G1 X195.026 Y91.951 E4124.7761
G1 X194.918 Y92.209 E4124.79471
G1 X194.841 Y92.506 E4124.81512
G1 X194.812 Y92.82 E4124.83609
G1 X194.831 Y93.127 E4124.85655
G1 X194.92 Y93.499 E4124.882
G1 X195.03 Y93.757 E4124.90066
G1 X195.172 Y93.993 E4124.91898
G1 X195.351 Y94.212 E4124.93779
G1 X195.581 Y94.42 E4124.95842
G1 X195.928 Y94.636 E4124.98561
G1 X196.198 Y94.745 E4125.00498
G1 X196.49 Y94.814 E4125.02494
G1 X196.876 Y94.837 E4125.05066
G1 X197.218 Y94.794 E4125.07359
G1 X197.588 Y94.674 E4125.09946
G1 X197.86 Y94.532 E4125.11987
G1 X198.085 Y94.367 E4125.13843
G1 X198.305 Y94.148 E4125.15908
G1 X198.485 Y93.904 E4125.17925
G1 X198.618 Y93.655 E4125.19803
G1 X198.721 Y93.358 E4125.21894
G1 X198.77 Y93.111 E4125.23569
G1 X198.787 Y92.808 E4125.25588
G1 X198.743 Y92.433 E4125.281
G1 X198.625 Y92.063 E4125.30683
G1 X198.484 Y91.793 E4125.32709
G1 X198.319 Y91.568 E4125.34565
G0 F9000 X198.991 Y91.001
G1 F1500 E4124.34565
G1 F300 Z1.6
G0 F9000 X200.045 Y215.814 Z1.6
;TYPE:WALL-INNER
G1 F300 Z1.4
G1 F1500 E4125.37226
G1 F2400 X200.045 Y227.105 E4126.12334
G1 X200.013 Y227.294 E4126.13609
G1 X199.89 Y227.394 E4126.14664
G1 X199.792 Y227.413 E4126.15328
G1 X198.281 Y227.413 E4126.25379
G1 X198.28 Y218.506 E4126.84629
G1 X198.229 Y217.916 E4126.88568
G1 X198.097 Y217.242 E4126.93137
G1 X198.043 Y217.077 E4126.94291
G1 X198.631 Y216.859 E4126.98463
G1 X199.159 Y216.572 E4127.02461
G1 X199.699 Y216.167 E4127.06951
G1 X200.045 Y215.814 E4127.10239
G1 F1500 E4126.10239
G1 F300 Z1.6
G0 F9000 X199.984 Y72.663 Z1.6
G1 F300 Z1.4
G1 F1500 E4127.129
G1 F2400 X200.044 Y72.876 E4127.14372
G1 X200.044 Y89.899 E4128.27609
G1 X199.738 Y89.582 E4128.3054
G1 X199.256 Y89.208 E4128.34598
G1 X198.726 Y88.901 E4128.38672
G1 X198.129 Y88.66 E4128.42955
G1 X197.499 Y88.513 E4128.47258
G1 X196.924 Y88.457 E4128.51101
G1 X196.242 Y88.489 E4128.55643
G1 X195.569 Y88.633 E4128.60221
G1 X194.924 Y88.872 E4128.64797
G1 X194.214 Y89.293 E4128.70288
G1 X193.606 Y89.826 E4128.75666
G1 X193.193 Y90.34 E4128.80052
G1 X192.878 Y90.868 E4128.84142
G1 X192.638 Y91.439 E4128.88262
G1 X192.468 Y92.092 E4128.92751
G1 X192.406 Y92.785 E4128.97379
G1 X192.449 Y93.484 E4129.02038
G1 X192.634 Y94.255 E4129.07312
G1 X192.888 Y94.85 E4129.11616
G1 X193.204 Y95.379 E4129.15715
G1 X193.608 Y95.871 E4129.19949
G1 X194.129 Y96.343 E4129.24626
G1 X194.836 Y96.784 E4129.30169
G1 X195.47 Y97.04 E4129.34717
G1 X196.141 Y97.196 E4129.39299
G1 X196.954 Y97.246 E4129.44718
G1 X197.743 Y97.146 E4129.50008
G1 X198.521 Y96.894 E4129.55448
G1 X199.132 Y96.575 E4129.60033
G1 X199.649 Y96.196 E4129.64297
G1 X200.044 Y95.804 E4129.67999
G1 X200.045 Y209.918 E4137.27089
G1 X199.893 Y209.743 E4137.2863
G1 X199.374 Y209.302 E4137.33161
G1 X198.845 Y208.976 E4137.37294
G1 X198.295 Y208.735 E4137.41289
G1 X197.7 Y208.564 E4137.45407
G1 X197.137 Y208.488 E4137.49186
G1 X196.737 Y208.474 E4137.51848
G1 X196.102 Y208.527 E4137.56087
G1 X195.442 Y208.684 E4137.606
G1 X194.865 Y208.921 E4137.64749
G1 X194.359 Y209.211 E4137.68629
G1 X193.816 Y209.638 E4137.73224
G1 X193.379 Y210.107 E4137.77488
G1 X193.029 Y210.61 E4137.81565
G1 X192.75 Y211.158 E4137.85655
G1 X192.548 Y211.752 E4137.89829
G1 X192.422 Y212.46 E4137.94612
G1 X192.414 Y212.915 E4137.97639
G1 X186.254 Y212.916 E4138.38616
G1 X185.685 Y212.967 E4138.42416
G1 X185.093 Y213.079 E4138.46424
G1 X184.509 Y213.254 E4138.50479
G1 X183.936 Y213.497 E4138.5462
G1 X183.413 Y213.788 E4138.58601
G1 X182.976 Y214.086 E4138.62119
G1 X182.531 Y214.461 E4138.6599
G1 X182.106 Y214.897 E4138.70041
G1 X181.784 Y215.303 E4138.73488
G1 X181.499 Y215.733 E4138.76919
G1 X181.223 Y216.253 E4138.80835
G1 X181.021 Y216.741 E4138.84349
G1 X180.851 Y217.301 E4138.88242
G1 X180.747 Y217.806 E4138.91671
G1 X180.692 Y218.287 E4138.94892
G1 X180.678 Y218.599 E4138.96969
G1 X180.678 Y227.413 E4139.556
G1 X162.308 Y227.413 E4140.77798
G1 X162.307 Y214.326 E4141.64853
G1 X162.259 Y213.74 E4141.68764
G1 X162.141 Y213.135 E4141.72865
G1 X161.97 Y212.565 E4141.76823
G1 X161.724 Y211.985 E4141.81014
G1 X161.434 Y211.465 E4141.84975
G1 X161.141 Y211.039 E4141.88414
G1 X160.813 Y210.642 E4141.9184
G1 X160.394 Y210.223 E4141.95781
G1 X159.923 Y209.837 E4141.99832
G1 X159.421 Y209.513 E4142.03807
G1 X158.894 Y209.243 E4142.07746
G1 X158.392 Y209.044 E4142.11338
G1 X157.814 Y208.876 E4142.15342
G1 X157.227 Y208.776 E4142.19303
G1 X156.724 Y208.734 E4142.2266
G1 X146.598 Y208.733 E4142.90019
G1 X146.038 Y208.773 E4142.93753
G1 X145.441 Y208.876 E4142.97783
G1 X144.866 Y209.04 E4143.01761
G1 X144.303 Y209.267 E4143.05799
G1 X143.833 Y209.511 E4143.09321
G1 X143.328 Y209.84 E4143.13331
G1 X142.859 Y210.221 E4143.1735
G1 X142.443 Y210.636 E4143.21259
G1 X142.1 Y211.048 E4143.24825
G1 X141.767 Y211.547 E4143.28816
G1 X141.484 Y212.078 E4143.32818
G1 X141.26 Y212.625 E4143.3675
G1 X141.095 Y213.2 E4143.40729
G1 X140.996 Y213.721 E4143.44257
G1 X140.949 Y214.212 E4143.47538
G1 X140.942 Y214.5 E4143.49455
G1 X140.942 Y227.413 E4144.35352
G1 X100.227 Y227.413 E4147.06189
G1 X100.044 Y227.361 E4147.07455
G1 X99.987 Y227.276 E4147.08136
G1 X99.955 Y227.107 E4147.0928
G1 X99.955 Y215.811 E4147.84421
G1 X100.102 Y215.98 E4147.85911
G1 X100.593 Y216.403 E4147.90222
G1 X101.256 Y216.808 E4147.9539
G1 X101.874 Y217.055 E4147.99817
G1 X102.541 Y217.211 E4148.04374
G1 X103.355 Y217.261 E4148.09799
G1 X104.141 Y217.161 E4148.1507
G1 X104.925 Y216.909 E4148.20548
G1 X105.623 Y216.534 E4148.25818
G1 X106.258 Y216.025 E4148.31232
G1 X106.789 Y215.408 E4148.36647
G1 X107.122 Y214.846 E4148.40992
G1 X107.362 Y214.274 E4148.45119
G1 X107.532 Y213.62 E4148.49614
G1 X107.594 Y212.922 E4148.54275
G1 X107.554 Y212.271 E4148.58614
G1 X107.438 Y211.704 E4148.62464
G1 X107.231 Y211.111 E4148.66642
G1 X106.846 Y210.399 E4148.72026
G1 X106.314 Y209.759 E4148.77562
G1 X105.775 Y209.302 E4148.82263
G1 X105.246 Y208.976 E4148.86396
G1 X104.696 Y208.735 E4148.90391
G1 X104.101 Y208.564 E4148.94509
G1 X103.538 Y208.488 E4148.98288
G1 X103.139 Y208.474 E4149.00944
G1 X102.511 Y208.526 E4149.05135
G1 X101.844 Y208.684 E4149.09695
G1 X101.266 Y208.921 E4149.13851
G1 X100.76 Y209.211 E4149.1773
G1 X100.217 Y209.638 E4149.22325
G1 X99.955 Y209.919 E4149.24881
G1 X99.956 Y95.799 E4156.8401
G1 X100.261 Y96.115 E4156.86932
G1 X100.744 Y96.492 E4156.91008
G1 X101.274 Y96.799 E4156.95082
G1 X101.871 Y97.04 E4156.99365
G1 X102.542 Y97.196 E4157.03947
G1 X103.341 Y97.246 E4157.09272
G1 X103.975 Y97.173 E4157.13518
G1 X104.567 Y97.028 E4157.17572
G1 X105.141 Y96.791 E4157.21703
G1 X105.657 Y96.491 E4157.25673
G1 X106.152 Y96.108 E4157.29837
G1 X106.618 Y95.611 E4157.34369
G1 X106.976 Y95.097 E4157.38535
G1 X107.256 Y94.545 E4157.42653
G1 X107.463 Y93.92 E4157.47032
G1 X107.568 Y93.318 E4157.51097
G1 X107.594 Y92.751 E4157.54873
G92 E0
G1 X107.539 Y92.149 E0.04021
G1 X107.398 Y91.544 E0.08154
G1 X107.162 Y90.948 E0.12418
G1 X106.773 Y90.289 E0.17508
G1 X106.358 Y89.795 E0.218
G1 X105.895 Y89.381 E0.25931
G1 X105.378 Y89.034 E0.30073
G1 X104.824 Y88.767 E0.34164
G1 X104.188 Y88.568 E0.38597
G1 X103.642 Y88.483 E0.42273
G1 X103.294 Y88.46 E0.44593
G1 X102.66 Y88.489 E0.48815
G1 X102.031 Y88.614 E0.53081
G1 X101.428 Y88.829 E0.57339
G1 X100.772 Y89.188 E0.62314
G1 X100.251 Y89.591 E0.66695
G1 X99.956 Y89.905 E0.69561
G1 X99.956 Y72.87 E1.82878
G1 X99.977 Y72.718 E1.83899
G1 X100.036 Y72.64 E1.8455
G1 X100.214 Y72.587 E1.85785
G1 X199.746 Y72.587 E8.47875
G1 X199.984 Y72.663 E8.49537
G0 F9000 X200.657 Y72.214
G1 F2400 X200.811 Y72.544 E8.51959
G1 X200.844 Y72.824 E8.53834
G1 X200.844 Y92.093 E9.82012
G1 X200.844 Y93.313 E9.88729
G1 X200.844 Y94.298 E9.94247
G1 X200.844 Y209.918 E17.63354
G1 X200.844 Y212.108 E17.77922
G1 X200.844 Y213.193 E17.8514
G1 X200.844 Y214.258 E17.92224
G1 X200.845 Y227.156 E18.78022
G1 X200.802 Y227.484 E18.80222
G1 X200.702 Y227.717 E18.81909
G1 X200.49 Y227.97 E18.84105
G1 X200.176 Y228.153 E18.86522
G1 X199.88 Y228.211 E18.88529
G1 X199.837 Y228.213 E18.88815
G1 X197.481 Y228.213 E19.04487
G1 X197.48 Y218.54 E19.68832
G1 X197.436 Y218.028 E19.72251
G1 X197.321 Y217.443 E19.76217
G1 X197.156 Y216.935 E19.7977
G1 X196.941 Y216.453 E19.8328
G1 X196.934 Y216.441 E19.83373
G1 X197.239 Y216.434 E19.83821
G1 X197.806 Y216.312 E19.87679
G1 X198.299 Y216.129 E19.91177
G1 X198.726 Y215.897 E19.94409
G1 X199.17 Y215.564 E19.98101
G1 X199.555 Y215.171 E20.01761
G1 X199.879 Y214.714 E20.05488
G1 X200.11 Y214.259 E20.08882
G1 X200.274 Y213.778 E20.12137
G1 X200.378 Y213.193 E20.14757
G1 X200.387 Y212.656 E20.16915
G1 X200.31 Y212.108 E20.19374
G1 X200.156 Y211.582 E20.2302
G1 X199.934 Y211.112 E20.26478
G1 X199.66 Y210.696 E20.29791
G1 X199.328 Y210.313 E20.33163
G1 X198.902 Y209.951 E20.36882
G1 X198.473 Y209.686 E20.40236
G1 X198.023 Y209.489 E20.43504
G1 X197.535 Y209.349 E20.46881
G1 X197.069 Y209.286 E20.50009
G1 X196.756 Y209.275 E20.52092
G1 X196.229 Y209.319 E20.5561
G1 X195.688 Y209.448 E20.5931
G1 X195.217 Y209.641 E20.62696
G1 X194.808 Y209.876 E20.65834
G1 X194.359 Y210.229 E20.69633
G1 X194.003 Y210.611 E20.73106
G1 X193.717 Y211.022 E20.76437
G1 X193.489 Y211.47 E20.79781
G1 X193.325 Y211.952 E20.83168
G1 X193.221 Y212.537 E20.8712
G1 X193.212 Y213.074 E20.90693
G1 X193.294 Y213.653 E20.94583
G1 X193.336 Y213.789 E20.9553
G1 X193.268 Y213.775
G1 X192.843 Y213.727 E20.97158
G1 X192.578 Y213.715 E20.98318
G1 X186.29 Y213.716 E21.40146
G1 X185.795 Y213.76 E21.43451
G1 X185.283 Y213.857 E21.46918
G1 X184.781 Y214.008 E21.50405
G1 X184.287 Y214.217 E21.53973
G1 X183.834 Y214.469 E21.57421
G1 X183.46 Y214.724 E21.60432
G1 X183.077 Y215.047 E21.63765
G1 X182.708 Y215.426 E21.67284
G1 X182.432 Y215.774 E21.70238
G1 X182.187 Y216.143 E21.73185
G1 X181.948 Y216.594 E21.7658
G1 X181.775 Y217.011 E21.79583
G1 X181.627 Y217.498 E21.82969
G1 X181.538 Y217.932 E21.85916
G1 X181.49 Y218.351 E21.88721
G1 X181.478 Y218.617 E21.90493
G1 X181.478 Y228.213 E22.54326
G1 X161.508 Y228.213 E23.87167
G1 X161.507 Y214.359 E24.79324
G1 X161.465 Y213.85 E24.82721
G1 X161.363 Y213.327 E24.86266
G1 X161.216 Y212.837 E24.89669
G1 X161.004 Y212.337 E24.93281
G1 X160.753 Y211.887 E24.96709
G1 X160.502 Y211.521 E24.99661
G1 X160.221 Y211.181 E25.02595
G1 X159.857 Y210.817 E25.06019
G1 X159.451 Y210.485 E25.09508
G1 X159.02 Y210.207 E25.1292
G1 X158.563 Y209.972 E25.16338
G1 X158.133 Y209.802 E25.19414
G1 X157.634 Y209.657 E25.22871
G1 X157.126 Y209.57 E25.26299
G1 X156.691 Y209.534 E25.29203
G1 X146.626 Y209.533 E25.96155
G1 X146.135 Y209.568 E25.9943
G1 X145.619 Y209.657 E26.02913
G1 X145.126 Y209.798 E26.06324
G1 X144.637 Y209.995 E26.09831
G1 X144.236 Y210.203 E26.12836
G1 X143.8 Y210.487 E26.16297
G1 X143.395 Y210.816 E26.19768
G1 X143.034 Y211.176 E26.23159
G1 X142.742 Y211.527 E26.26196
G1 X142.454 Y211.958 E26.29645
G1 X142.209 Y212.418 E26.33112
G1 X142.017 Y212.888 E26.36489
G1 X141.874 Y213.385 E26.39929
G1 X141.789 Y213.834 E26.42969
G1 X141.748 Y214.26 E26.45816
G1 X141.742 Y214.51 E26.47479
G1 X141.742 Y228.213 E27.38632
G1 X100.17 Y228.213 E30.1517
G1 X99.906 Y228.177 E30.16942
G1 X99.666 Y228.08 E30.18664
G1 X99.452 Y227.916 E30.20458
G1 X99.231 Y227.582 E30.23122
G1 X99.155 Y227.183 E30.25824
G1 X99.155 Y213.653 E31.15826
G1 X99.155 Y212.537 E31.21897
G1 X99.155 Y211.47 E31.27672
G1 X99.155 Y93.621 E39.11209
G1 X99.155 Y92.528 E39.17112
G1 X99.155 Y91.461 E39.22968
G1 X99.156 Y72.816 E40.46995
G1 X99.192 Y72.533 E40.48893
G1 X99.266 Y72.339 E40.50274
G1 X99.437 Y72.096 E40.52251
G1 X99.636 Y71.935 E40.53953
G1 X99.979 Y71.807 E40.56389
G1 X100.167 Y71.787 E40.57646
G1 X199.82 Y71.787 E47.20541
G1 X200.207 Y71.86 E47.23161
G1 X200.483 Y72.024 E47.25296
G1 X200.657 Y72.214 E47.2701
G0 F9000 X201.312 Y71.745
G1 F2400 X201.501 Y72.088 E47.29615
G1 X201.583 Y72.328 E47.31302
G1 X201.619 Y72.496 E47.32445
G1 X201.644 Y72.791 E47.34415
G1 X201.645 Y227.185 E57.61448
G1 X201.625 Y227.463 E57.63302
G1 X201.567 Y227.73 E57.65119
G1 X201.404 Y228.111 E57.67876
G1 X201.189 Y228.408 E57.70315
G1 X200.992 Y228.597 E57.72131
G1 X200.678 Y228.807 E57.74644
G1 X200.445 Y228.909 E57.76335
G1 X200.215 Y228.973 E57.77924
G1 X199.958 Y229.008 E57.79649
G1 X199.856 Y229.013 E57.80328
G1 X196.681 Y229.013 E58.01448
G1 X196.68 Y218.574 E58.70889
G1 X196.643 Y218.14 E58.73786
G1 X196.545 Y217.645 E58.77143
G1 X196.408 Y217.222 E58.80101
G1 X196.226 Y216.813 E58.83079
G1 X196.043 Y216.489 E58.85554
G1 X195.844 Y216.2 E58.87888
G1 X195.666 Y215.984 E58.89272
G1 X195.666 Y215.658 E58.90568
G1 X195.018 Y215.371 E58.93718
G1 X194.738 Y215.162 E58.94916
G1 X194.412 Y214.986 E58.96566
G1 X193.877 Y214.618 E58.998
G1 X193.678 Y214.692 E59.01212
G1 X193.566 Y214.656 E59.01995
G1 X193.14 Y214.566 E59.04891
G1 X192.78 Y214.525 E59.07301
G1 X192.56 Y214.515 E59.08766
G1 X186.325 Y214.516 E59.50242
G1 X185.905 Y214.553 E59.53046
G1 X185.474 Y214.635 E59.55965
G1 X185.053 Y214.762 E59.5889
G1 X184.638 Y214.937 E59.61886
G1 X184.255 Y215.15 E59.64801
G1 X183.945 Y215.362 E59.67299
G1 X183.623 Y215.633 E59.70099
G1 X183.31 Y215.955 E59.73086
G1 X183.08 Y216.245 E59.75548
G1 X182.875 Y216.553 E59.78009
G1 X182.673 Y216.935 E59.80884
G1 X182.529 Y217.282 E59.83383
G1 X182.403 Y217.695 E59.86255
G1 X182.329 Y218.058 E59.88719
G1 X182.288 Y218.415 E59.9111
G1 X182.278 Y218.635 E59.92575
G1 X182.278 Y229.013 E60.6161
G1 X160.708 Y229.013 E62.05094
G1 X160.707 Y214.392 E63.02353
G1 X160.671 Y213.96 E63.05237
G1 X160.585 Y213.519 E63.08226
G1 X160.462 Y213.109 E63.11073
G1 X160.284 Y212.689 E63.14107
G1 X160.072 Y212.309 E63.17002
G1 X159.862 Y212.003 E63.19471
G1 X159.628 Y211.719 E63.21918
G1 X159.32 Y211.411 E63.24816
G1 X158.979 Y211.133 E63.27743
G1 X158.619 Y210.9 E63.30595
G1 X158.233 Y210.702 E63.33481
G1 X157.874 Y210.56 E63.36049
G1 X157.454 Y210.438 E63.38958
G1 X157.025 Y210.364 E63.41854
G1 X156.658 Y210.334 E63.44304
G1 X146.654 Y210.333 E64.10851
G1 X146.232 Y210.363 E64.13665
G1 X145.798 Y210.438 E64.16595
G1 X145.386 Y210.556 E64.19445
G1 X144.971 Y210.723 E64.22421
G1 X144.639 Y210.895 E64.24908
G1 X144.272 Y211.134 E64.27822
G1 X143.931 Y211.411 E64.30744
G1 X143.625 Y211.716 E64.33618
G1 X143.384 Y212.006 E64.36126
G1 X143.141 Y212.369 E64.39032
G1 X142.934 Y212.758 E64.41963
G1 X142.774 Y213.151 E64.44786
G1 X142.653 Y213.57 E64.47687
G1 X142.582 Y213.947 E64.50239
G1 X142.547 Y214.308 E64.52652
G1 X142.542 Y214.519 E64.54056
G1 X142.542 Y229.013 E65.5047
G1 X100.14 Y229.013 E68.32529
G1 X99.933 Y228.998 E68.3391
G1 X99.676 Y228.947 E68.35653
G1 X99.302 Y228.797 E68.38333
G1 X99.106 Y228.673 E68.39876
G1 X98.874 Y228.475 E68.41905
G1 X98.633 Y228.169 E68.44496
G1 X98.499 Y227.91 E68.46436
G1 X98.439 Y227.749 E68.47579
G1 X98.377 Y227.48 E68.49415
G1 X98.355 Y227.213 E68.51197
G1 X98.356 Y72.761 E78.78616
G1 X98.406 Y72.371 E78.81231
G1 X98.455 Y72.201 E78.82408
G1 X98.557 Y71.962 E78.84137
G1 X98.754 Y71.66 E78.86535
G1 X98.874 Y71.525 E78.87737
G1 X99.102 Y71.328 E78.89741
G1 X99.237 Y71.24 E78.90813
G1 X99.476 Y71.122 E78.92586
G1 X99.82 Y71.02 E78.94973
G1 X100.129 Y70.987 E78.9704
G1 X199.853 Y70.987 E85.60407
G1 X200.133 Y71.011 E85.62276
G1 X200.484 Y71.106 E85.64695
G1 X200.729 Y71.221 E85.66496
G1 X201.009 Y71.415 E85.68762
G1 X201.312 Y71.745 E85.71742
G0 F9000 X201.961 Y71.275
;TYPE:WALL-OUTER
G1 F2400 X202.109 Y71.51 E85.73589
G1 X202.243 Y71.785 E85.75624
G1 X202.355 Y72.112 E85.77923
G1 X202.412 Y72.377 E85.79726
G1 X202.444 Y72.761 E85.8229
G1 X202.445 Y227.214 E96.09715
G1 X202.419 Y227.579 E96.12149
G1 X202.339 Y227.947 E96.14655
G1 X202.251 Y228.198 E96.16424
G1 X202.099 Y228.51 E96.18732
G1 X201.95 Y228.739 E96.2055
G1 X201.776 Y228.954 E96.2239
G1 X201.514 Y229.206 E96.24808
G1 X201.292 Y229.372 E96.26652
G1 X201.056 Y229.513 E96.28481
G1 X200.828 Y229.62 E96.30156
G1 X200.695 Y229.67 E96.31101
G1 X200.382 Y229.757 E96.33262
G1 X200.027 Y229.806 E96.35646
G1 X199.87 Y229.813 E96.36691
G1 X195.881 Y229.813 E96.63226
G1 X195.88 Y218.608 E97.37762
G1 X195.85 Y218.252 E97.40139
G1 X195.769 Y217.847 E97.42886
G1 X195.66 Y217.508 E97.45255
G1 X195.511 Y217.173 E97.47694
G1 X195.364 Y216.913 E97.49681
G1 X195.205 Y216.682 E97.51546
G1 X194.984 Y216.414 E97.53857
G1 X194.866 Y216.27 E97.55095
G1 X194.866 Y216.178 E97.55707
G1 X194.609 Y216.064 E97.57577
G1 X194.307 Y215.838 E97.60087
G1 X193.996 Y215.671 E97.62435
G1 X193.766 Y215.513 E97.64291
G1 X193.696 Y215.539 E97.64788
G1 X193.36 Y215.43 E97.67137
G1 X193.012 Y215.357 E97.69503
G1 X192.716 Y215.323 E97.71485
G1 X192.542 Y215.315 E97.72643
G1 X186.36 Y215.316 E98.13766
G1 X186.015 Y215.346 E98.1607
G1 X185.666 Y215.413 E98.18434
G1 X185.325 Y215.516 E98.20803
G1 X184.988 Y215.658 E98.23236
G1 X184.676 Y215.831 E98.25609
G1 X184.43 Y216 E98.27594
G1 X184.168 Y216.22 E98.2987
G1 X183.912 Y216.483 E98.32312
G1 X183.728 Y216.716 E98.34287
G1 X183.563 Y216.963 E98.36262
G1 X183.398 Y217.276 E98.38616
G1 X183.283 Y217.553 E98.40611
G1 X183.179 Y217.892 E98.4297
G1 X183.12 Y218.183 E98.44945
G1 X183.086 Y218.479 E98.46927
G1 X183.078 Y218.653 E98.48086
G1 X183.078 Y229.813 E99.22322
G1 X159.908 Y229.813 E100.7645
G1 X159.907 Y214.426 E101.78805
G1 X159.877 Y214.07 E101.81181
G1 X159.807 Y213.711 E101.83614
G1 X159.708 Y213.381 E101.85906
G1 X159.564 Y213.041 E101.88362
G1 X159.391 Y212.731 E101.90724
G1 X159.222 Y212.484 E101.92714
G1 X159.035 Y212.257 E101.94671
G1 X158.784 Y212.006 E101.97032
G1 X158.507 Y211.781 E101.99406
G1 X158.218 Y211.593 E102.01699
G1 X157.903 Y211.432 E102.04053
G1 X157.615 Y211.318 E102.06113
G1 X157.273 Y211.219 E102.08481
G1 X156.924 Y211.158 E102.10838
G1 X156.626 Y211.134 E102.12827
G1 X146.682 Y211.133 E102.78975
G1 X146.329 Y211.158 E102.81329
G1 X145.977 Y211.219 E102.83705
G1 X145.646 Y211.314 E102.85996
G1 X145.305 Y211.451 E102.8844
G1 X145.042 Y211.587 E102.9041
G1 X144.744 Y211.781 E102.92775
G1 X144.467 Y212.006 E102.95149
G1 X144.217 Y212.256 E102.97501
G1 X144.026 Y212.486 E102.9949
G1 X143.828 Y212.781 E103.01853
G1 X143.66 Y213.097 E103.04234
G1 X143.531 Y213.414 E103.0651
G1 X143.432 Y213.755 E103.08872
G1 X143.375 Y214.06 E103.10936
G1 X143.346 Y214.356 E103.12915
G1 X143.342 Y214.528 E103.14059
G1 X143.342 Y229.813 E104.15736
G1 X100.112 Y229.813 E107.03303
G1 X99.829 Y229.793 E107.0519
G1 X99.469 Y229.721 E107.07632
G1 X99.21 Y229.635 E107.09447
G1 X98.923 Y229.503 E107.11549
G1 X98.627 Y229.316 E107.13878
G1 X98.313 Y229.047 E107.16628
G1 X98.108 Y228.815 E107.18688
G1 X97.946 Y228.583 E107.2057
G1 X97.765 Y228.233 E107.23191
G1 X97.67 Y227.975 E107.2502
G1 X97.587 Y227.615 E107.27477
G1 X97.557 Y227.301 E107.29576
G1 X97.555 Y227.213 E107.30161
G1 X97.556 Y72.744 E117.57693
G1 X97.574 Y72.475 E117.59487
G1 X97.623 Y72.201 E117.61338
G1 X97.699 Y71.935 E117.63178
G1 X97.84 Y71.604 E117.65572
G1 X97.971 Y71.377 E117.67315
G1 X98.128 Y71.16 E117.69097
G1 X98.314 Y70.952 E117.70953
G1 X98.619 Y70.689 E117.73632
G1 X98.839 Y70.545 E117.75381
G1 X99.165 Y70.383 E117.77803
G1 X99.405 Y70.298 E117.79496
G1 X99.666 Y70.234 E117.81284
G1 X99.934 Y70.196 E117.83084
G1 X100.106 Y70.187 E117.8423
G1 X199.887 Y70.187 E124.47976
G1 X200.257 Y70.219 E124.50446
G1 X200.527 Y70.278 E124.52285
G1 X200.782 Y70.362 E124.54071
G1 X201.109 Y70.515 E124.56472
G1 X201.332 Y70.654 E124.5822
G1 X201.533 Y70.81 E124.59913
G1 X201.743 Y71.01 E124.61842
G1 X201.961 Y71.275 E124.64125
G0 F9000 X201.248 Y71.79
G1 F1500 E123.64125
G1 F300 Z1.6
G0 F9000 X199.254 Y73.377 Z1.6
;TYPE:SKIN
G1 F300 Z1.4
G1 F1500 E124.66785
G1 F2100 X199.254 Y88.294 E125.66014
G1 X199.074 Y88.19 E125.67396
G1 X198.368 Y87.904 E125.72463
G1 X197.627 Y87.731 E125.77525
G1 X196.944 Y87.665 E125.8209
G1 X196.14 Y87.703 E125.87444
G1 X195.348 Y87.873 E125.92832
G1 X194.582 Y88.156 E125.98264
G1 X193.748 Y88.651 E126.04716
G1 X193.033 Y89.277 E126.11037
G1 X192.543 Y89.888 E126.16247
G1 X192.171 Y90.511 E126.21074
G1 X191.888 Y91.185 E126.25937
G1 X191.687 Y91.956 E126.31237
G1 X191.614 Y92.773 E126.36693
G1 X191.665 Y93.601 E126.42211
G1 X191.881 Y94.504 E126.48388
G1 X192.183 Y95.209 E126.5349
G1 X192.556 Y95.835 E126.58337
G1 X193.035 Y96.418 E126.63356
G1 X193.651 Y96.975 E126.68881
G1 X194.476 Y97.491 E126.75353
G1 X195.231 Y97.796 E126.8077
G1 X196.027 Y97.98 E126.86205
G1 X196.98 Y98.04 E126.92557
G1 X197.917 Y97.92 E126.98841
G1 X198.827 Y97.625 E127.05204
G1 X199.254 Y97.403 E127.08405
G1 X199.255 Y208.301 E134.46102
G1 X199.212 Y208.275 E134.46436
G1 X198.564 Y207.99 E134.51145
G1 X197.862 Y207.788 E134.56004
G1 X197.204 Y207.7 E134.6042
G1 X196.718 Y207.682 E134.63655
G1 X195.977 Y207.745 E134.68602
G1 X195.199 Y207.93 E134.73922
G1 X194.517 Y208.21 E134.78826
G1 X193.916 Y208.554 E134.83433
G1 X193.279 Y209.055 E134.88823
G1 X192.763 Y209.609 E134.9386
G1 X192.35 Y210.203 E134.98672
G1 X192.021 Y210.85 E135.035
G1 X191.781 Y211.554 E135.08448
G1 X191.68 Y212.125 E135.12305
G1 X186.219 Y212.126 E135.48632
G1 X185.576 Y212.183 E135.52926
G1 X184.905 Y212.311 E135.5747
G1 X184.241 Y212.51 E135.62081
G1 X183.589 Y212.786 E135.66791
G1 X182.998 Y213.115 E135.7129
G1 X182.498 Y213.456 E135.75316
G1 X181.992 Y213.882 E135.79716
G1 X181.512 Y214.374 E135.84288
G1 X181.144 Y214.839 E135.88233
G1 X180.819 Y215.328 E135.92139
G1 X180.508 Y215.916 E135.96564
G1 X180.276 Y216.474 E136.00584
G1 X180.085 Y217.106 E136.04975
G1 X179.967 Y217.681 E136.0888
G1 X179.904 Y218.224 E136.12516
G1 X179.888 Y218.581 E136.14893
G1 X179.888 Y226.623 E136.68389
G1 X163.098 Y226.623 E137.80077
G1 X163.097 Y214.294 E138.62089
G1 X163.043 Y213.632 E138.66508
G1 X162.909 Y212.945 E138.71164
G1 X162.714 Y212.296 E138.75672
G1 X162.435 Y211.637 E138.80432
G1 X162.106 Y211.048 E138.8492
G1 X161.773 Y210.563 E138.88833
G1 X161.398 Y210.11 E138.92745
G1 X160.925 Y209.637 E138.97195
G1 X160.389 Y209.197 E139.01808
G1 X159.816 Y208.828 E139.06341
G1 X159.22 Y208.522 E139.10798
G1 X158.648 Y208.296 E139.14889
G1 X157.991 Y208.105 E139.19441
G1 X157.326 Y207.992 E139.23928
G1 X156.757 Y207.944 E139.27726
G1 X146.57 Y207.943 E139.9549
G1 X145.943 Y207.987 E139.99671
G1 X145.265 Y208.104 E140.04248
G1 X144.609 Y208.292 E140.08787
G1 X143.973 Y208.548 E140.13348
G1 X143.434 Y208.828 E140.17388
G1 X142.862 Y209.2 E140.21927
G1 X142.33 Y209.633 E140.2649
G1 X141.859 Y210.103 E140.30916
G1 X141.466 Y210.574 E140.34997
G1 X141.088 Y211.141 E140.3953
G1 X140.767 Y211.742 E140.44062
G1 X140.513 Y212.366 E140.48544
G1 X140.325 Y213.017 E140.53051
G1 X140.214 Y213.609 E140.57058
G1 X140.159 Y214.165 E140.60774
G1 X140.152 Y214.491 E140.62943
G1 X140.152 Y226.623 E141.43646
G1 X100.745 Y226.623 E144.05782
G1 X100.745 Y217.421 E144.66994
G1 X100.901 Y217.517 E144.68213
G1 X101.637 Y217.811 E144.73485
G1 X102.426 Y217.995 E144.78874
G1 X103.381 Y218.055 E144.85239
G1 X104.313 Y217.935 E144.9149
G1 X105.235 Y217.639 E144.97932
G1 X106.061 Y217.196 E145.04166
G1 X106.809 Y216.596 E145.10545
G1 X107.433 Y215.87 E145.16913
G1 X107.829 Y215.202 E145.22079
G1 X108.112 Y214.527 E145.26948
G1 X108.313 Y213.755 E145.32254
G1 X108.386 Y212.933 E145.37744
G1 X108.34 Y212.167 E145.42848
G1 X108.202 Y211.494 E145.47418
G1 X107.956 Y210.791 E145.52373
G1 X107.504 Y209.954 E145.58701
G1 X106.877 Y209.201 E145.65219
G1 X106.241 Y208.66 E145.70773
G1 X105.613 Y208.275 E145.75673
G1 X104.965 Y207.99 E145.80382
G1 X104.263 Y207.788 E145.85241
G1 X103.605 Y207.7 E145.89657
G1 X103.12 Y207.682 E145.92886
G1 X102.387 Y207.744 E145.97779
G1 X101.601 Y207.93 E146.03152
G1 X100.918 Y208.21 E146.08062
G1 X100.745 Y208.309 E146.09388
G1 X100.746 Y97.406 E153.47118
G1 X100.926 Y97.51 E153.48501
G1 X101.632 Y97.796 E153.53568
G1 X102.427 Y97.98 E153.58996
G1 X103.361 Y98.038 E153.65221
G1 X104.115 Y97.952 E153.70269
G1 X104.813 Y97.781 E153.75049
G1 X105.492 Y97.5 E153.79938
G1 X106.099 Y97.148 E153.84605
G1 X106.685 Y96.694 E153.89536
G1 X107.234 Y96.109 E153.94873
G1 X107.656 Y95.504 E153.9978
G1 X107.987 Y94.849 E154.04662
G1 X108.231 Y94.113 E154.09819
G1 X108.354 Y93.405 E154.146
G1 X108.386 Y92.733 E154.19075
G1 X108.321 Y92.023 E154.23818
G1 X108.154 Y91.307 E154.28708
G1 X107.873 Y90.6 E154.33769
G1 X107.42 Y89.831 E154.39706
G1 X106.927 Y89.244 E154.44805
G1 X106.381 Y88.755 E154.49681
G1 X105.771 Y88.347 E154.54563
G1 X105.115 Y88.03 E154.59409
G1 X104.368 Y87.796 E154.64616
G1 X103.729 Y87.697 E154.68918
G1 X103.302 Y87.668 E154.71765
G1 X102.565 Y87.703 E154.76673
G1 X101.82 Y87.85 E154.81724
G1 X101.104 Y88.106 E154.86782
G1 X100.746 Y88.302 E154.89497
G1 X100.746 Y73.377 E155.88779
G1 X199.254 Y73.377 E162.44057
G1 F1500 E161.44057
G1 F300 Z1.6
G0 F9000 X182.061 Y135.3 Z1.6
G1 F300 Z1.4
G1 F1500 E162.46717
G1 F2100 X181.475 Y135.145 E162.50749
G1 X180.876 Y135.042 E162.54793
G1 X180.199 Y134.999 E162.59305
G1 X170.779 Y135 E163.21967
G1 X170.054 Y135.055 E163.26804
G1 X169.291 Y135.206 E163.31978
G1 X168.597 Y135.429 E163.36827
G1 X167.895 Y135.749 E163.41959
G1 X167.297 Y136.104 E163.46585
G1 X166.806 Y136.469 E163.50654
G1 X166.368 Y136.855 E163.54538
G1 X165.92 Y137.336 E163.5891
G1 X165.557 Y137.806 E163.62861
G1 X165.238 Y138.312 E163.6684
G1 X164.942 Y138.894 E163.71183
G1 X164.726 Y139.442 E163.75101
G1 X164.537 Y140.083 E163.79547
G1 X164.41 Y140.799 E163.84384
G1 X164.368 Y141.485 E163.88956
G1 X164.369 Y153.973 E164.72026
G1 X164.403 Y154.515 E164.75639
G1 X164.5 Y155.151 E164.79919
G1 X164.656 Y155.755 E164.84068
G1 X164.888 Y156.393 E164.88584
G1 X165.181 Y156.995 E164.93038
G1 X165.484 Y157.492 E164.9691
G1 X165.838 Y157.969 E165.00861
G1 X166.224 Y158.405 E165.04735
G1 X166.734 Y158.884 E165.09389
G1 X167.414 Y159.378 E165.1498
G1 X167.976 Y159.697 E165.19279
G1 X168.597 Y159.975 E165.23805
G1 X169.248 Y160.185 E165.28355
G1 X169.829 Y160.312 E165.32311
G1 X170.465 Y160.391 E165.36574
G1 X170.881 Y160.407 E165.39343
G1 X180.254 Y160.406 E166.01693
G1 X180.968 Y160.353 E166.06455
G1 X181.746 Y160.2 E166.1173
G1 X182.43 Y159.98 E166.16509
G1 X183.076 Y159.691 E166.21217
G1 X183.657 Y159.356 E166.25678
G1 X184.152 Y159.004 E166.29719
G1 X184.662 Y158.56 E166.34217
G1 X185.118 Y158.07 E166.38669
G1 X185.487 Y157.591 E166.42691
G1 X185.843 Y157.022 E166.47156
G1 X186.113 Y156.473 E166.51226
G1 X186.368 Y155.799 E166.5602
G1 X186.523 Y155.213 E166.60052
G1 X186.626 Y154.614 E166.64095
G1 X186.669 Y153.937 E166.68607
G1 X186.668 Y141.41 E167.51937
G1 X186.613 Y140.685 E167.56774
G1 X186.462 Y139.919 E167.61967
G1 X186.236 Y139.224 E167.66829
G1 X185.916 Y138.52 E167.71973
G1 X185.609 Y138 E167.7599
G1 X185.266 Y137.517 E167.7993
G1 X184.822 Y137.007 E167.84428
G1 X184.332 Y136.55 E167.88886
G1 X183.853 Y136.181 E167.92908
G1 X183.284 Y135.825 E167.97372
G1 X182.735 Y135.555 E168.01442
G1 X182.061 Y135.3 E168.06236
G1 F1500 E167.06236
G1 F300 Z1.6
G0 F9000 X198.4 Y98.098 Z1.6
G1 F300 Z1.4
G1 F1500 E168.08897
G1 F2100 X198.399 Y207.608 E175.3736
G0 F9000 X197.599 Y207.428
G1 F2100 X197.6 Y98.282 E182.63402
G0 F9000 X196.8 Y98.349
G1 F2100 X196.799 Y207.363 E189.88566
G0 F9000 X195.999 Y207.422
G1 F2100 X196 Y98.298 E197.14462
G0 F9000 X195.2 Y98.117
G1 F2100 X195.199 Y207.6 E204.42746
G0 F9000 X194.399 Y207.911
G1 F2100 X194.4 Y97.805 E211.75174
G0 F9000 X193.6 Y97.319
G1 F2100 X193.599 Y208.394 E219.14048
G0 F9000 X192.799 Y209.1
G1 F2100 X192.8 Y96.634 E226.62175
G0 F9000 X192 Y95.526
G1 F2100 X191.999 Y210.184 E234.24883
G1 F1500 E233.24883
G1 F300 Z1.6
G0 F9000 X191.199 Y211.805 Z1.6
G1 F300 Z1.4
G1 F1500 E234.27544
G1 F2100 X191.2 Y73.696 E243.46249
G0 F9000 X190.4 Y73.696
G1 F2100 X190.399 Y211.805 E252.64953
G0 F9000 X189.599 Y211.805
G1 F2100 X189.6 Y73.696 E261.83658
G0 F9000 X188.8 Y73.696
G1 F2100 X188.799 Y211.805 E271.02363
G0 F9000 X187.999 Y211.805
G1 F2100 X188 Y73.696 E280.21068
G0 F9000 X187.2 Y73.696
G1 F2100 X187.199 Y211.805 E289.39773
G0 F9000 X186.399 Y211.805
G1 F2100 X186.399 Y156.612 E293.06918
G1 F1500 E292.06918
G1 F300 Z1.6
G0 F9000 X185.599 Y157.968 Z1.6
G1 F300 Z1.4
G1 F1500 E293.09579
G1 F2100 X185.599 Y211.86 E296.6807
G0 F9000 X184.799 Y212.008
G1 F2100 X184.799 Y158.863 E300.21592
G0 F9000 X183.999 Y159.504
G1 F2100 X183.999 Y212.264 E303.72553
G0 F9000 X183.199 Y212.636
G1 F2100 X183.199 Y159.985 E307.22789
G0 F9000 X182.399 Y160.324
G1 F2100 X182.399 Y213.135 E310.74089
G0 F9000 X181.599 Y213.825
G1 F2100 X181.599 Y160.554 E314.28449
G0 F9000 X180.799 Y160.685
G1 F2100 X180.799 Y214.778 E317.88277
G1 F1500 E316.88277
G1 F300 Z1.6
G0 F9000 X179.999 Y216.304 Z1.6
G1 F300 Z1.4
G1 F1500 E317.90938
G1 F2100 X179.999 Y160.725 E321.60651
G0 F9000 X179.199 Y160.725
G1 F2100 X179.199 Y226.302 E325.96871
G0 F9000 X178.399 Y226.302
G1 F2100 X178.399 Y160.725 E330.33091
G0 F9000 X177.599 Y160.725
G1 F2100 X177.599 Y226.302 E334.69311
G0 F9000 X176.799 Y226.302
G1 F2100 X176.799 Y160.725 E339.05531
G0 F9000 X175.999 Y160.725
G1 F2100 X175.999 Y226.302 E343.41751
G0 F9000 X175.199 Y226.302
G1 F2100 X175.199 Y160.725 E347.77971
G0 F9000 X174.399 Y160.725
G1 F2100 X174.399 Y226.302 E352.14191
G0 F9000 X173.599 Y226.302
G1 F2100 X173.599 Y160.725 E356.50411
G0 F9000 X172.799 Y160.725
G1 F2100 X172.799 Y226.302 E360.86631
G0 F9000 X171.999 Y226.302
G1 F2100 X171.999 Y160.725 E365.22851
G0 F9000 X171.199 Y160.725
G1 F2100 X171.199 Y226.302 E369.5907
G0 F9000 X170.399 Y226.302
G1 F2100 X170.399 Y160.705 E373.95424
G0 F9000 X169.599 Y160.59
G1 F2100 X169.599 Y226.302 E378.32542
G0 F9000 X168.799 Y226.302
G1 F2100 X168.799 Y160.376 E382.71083
G0 F9000 X167.999 Y160.058
G1 F2100 X167.999 Y226.302 E387.1174
G0 F9000 X167.199 Y226.302
G1 F2100 X167.199 Y159.618 E391.55324
G0 F9000 X166.399 Y159.009
G1 F2100 X166.399 Y226.302 E396.02959
G0 F9000 X165.599 Y226.302
G1 F2100 X165.599 Y158.182 E400.56095
G0 F9000 X164.799 Y156.942
G1 F2100 X164.799 Y226.302 E405.17479
G0 F9000 X163.999 Y226.302
G1 F2100 X164 Y73.696 E415.32618
G0 F9000 X163.2 Y73.696
G1 F2100 X163.199 Y212.799 E424.57935
G1 F1500 E423.57935
G1 F300 Z1.6
G0 F9000 X162.399 Y210.917 Z1.6
G1 F300 Z1.4
G1 F1500 E424.60596
G1 F2100 X162.4 Y73.696 E433.73394
G0 F9000 X161.6 Y73.696
G1 F2100 X161.599 Y209.859 E442.79154
G0 F9000 X160.799 Y209.119
G1 F2100 X160.8 Y73.696 E451.79991
G0 F9000 X160 Y73.696
G1 F2100 X159.999 Y208.564 E460.77137
G0 F9000 X159.199 Y208.168
G1 F2100 X159.2 Y73.696 E469.71648
G0 F9000 X158.4 Y73.696
G1 F2100 X158.399 Y207.889 E478.64304
G0 F9000 X157.599 Y207.712
G1 F2100 X157.6 Y73.696 E487.55782
G0 F9000 X156.8 Y73.696
G1 F2100 X156.799 Y207.625 E496.46681
G0 F9000 X155.999 Y207.622
G1 F2100 X156 Y73.696 E505.37561
G0 F9000 X155.2 Y73.696
G1 F2100 X155.199 Y207.622 E514.2844
G0 F9000 X154.399 Y207.622
G1 F2100 X154.4 Y73.696 E523.19319
G0 F9000 X153.6 Y73.696
G1 F2100 X153.599 Y207.622 E532.10199
G0 F9000 X152.799 Y207.622
G1 F2100 X152.8 Y73.696 E541.01078
G0 F9000 X152 Y73.696
G1 F2100 X151.999 Y207.622 E549.91957
G0 F9000 X151.199 Y207.622
G1 F2100 X151.2 Y73.696 E558.82837
G0 F9000 X150.4 Y73.696
G1 F2100 X150.399 Y207.622 E567.73716
G0 F9000 X149.599 Y207.622
G1 F2100 X149.6 Y73.696 E576.64595
G0 F9000 X148.8 Y73.696
G1 F2100 X148.799 Y207.622 E585.55475
G0 F9000 X147.999 Y207.622
G1 F2100 X148 Y73.696 E594.46354
G0 F9000 X147.2 Y73.696
G1 F2100 X147.199 Y207.622 E603.37234
G0 F9000 X146.399 Y207.634
G1 F2100 X146.4 Y73.696 E612.28193
G0 F9000 X145.6 Y73.696
G1 F2100 X145.599 Y207.722 E621.19737
G0 F9000 X144.799 Y207.904
G1 F2100 X144.8 Y73.696 E630.12493
G0 F9000 X144 Y73.696
G1 F2100 X143.999 Y208.191 E639.07157
G0 F9000 X143.199 Y208.598
G1 F2100 X143.2 Y73.696 E648.04529
G0 F9000 X142.4 Y73.696
G1 F2100 X142.399 Y209.163 E657.05659
G0 F9000 X141.599 Y209.912
G1 F2100 X141.6 Y73.696 E666.11771
G0 F9000 X140.8 Y73.696
G1 F2100 X140.799 Y211.001 E675.25128
G1 F1500 E674.25128
G1 F300 Z1.6
G0 F9000 X139.999 Y213.014 Z1.6
G1 F300 Z1.4
G1 F1500 E675.27789
G1 F2100 X140 Y73.696 E684.54536
G0 F9000 X139.2 Y73.696
G1 F2100 X139.199 Y226.303 E694.69682
G0 F9000 X138.399 Y226.303
G1 F2100 X138.4 Y73.696 E704.84828
G0 F9000 X137.6 Y73.696
G1 F2100 X137.599 Y226.303 E714.99974
G0 F9000 X136.799 Y226.303
G1 F2100 X136.8 Y73.696 E725.15119
G0 F9000 X136 Y73.696
G1 F2100 X135.999 Y226.303 E735.30265
G0 F9000 X135.199 Y226.303
G1 F2100 X135.2 Y73.696 E745.45411
G0 F9000 X134.4 Y73.696
G1 F2100 X134.399 Y226.303 E755.60557
G0 F9000 X133.599 Y226.303
G1 F2100 X133.6 Y73.696 E765.75703
G0 F9000 X132.8 Y73.696
G1 F2100 X132.799 Y226.303 E775.90849
G0 F9000 X131.999 Y226.303
G1 F2100 X132 Y73.696 E786.05995
G0 F9000 X131.2 Y73.696
G1 F2100 X131.199 Y226.303 E796.21141
G0 F9000 X130.399 Y226.303
G1 F2100 X130.399 Y73.696 E806.36286
G0 F9000 X129.599 Y73.696
G1 F2100 X129.599 Y226.303 E816.51432
G0 F9000 X128.799 Y226.303
G1 F2100 X128.799 Y73.696 E826.66578
G0 F9000 X127.999 Y73.696
G1 F2100 X127.999 Y226.303 E836.81724
G0 F9000 X127.199 Y226.303
G1 F2100 X127.199 Y73.696 E846.9687
G0 F9000 X126.399 Y73.696
G1 F2100 X126.399 Y226.303 E857.12016
G0 F9000 X125.599 Y226.303
G1 F2100 X125.599 Y73.696 E867.27162
G0 F9000 X124.799 Y73.696
G1 F2100 X124.799 Y226.303 E877.42308
G0 F9000 X123.999 Y226.303
G1 F2100 X123.999 Y73.696 E887.57454
G0 F9000 X123.199 Y73.696
G1 F2100 X123.199 Y226.303 E897.72599
G0 F9000 X122.399 Y226.303
G1 F2100 X122.399 Y73.696 E907.87745
G0 F9000 X121.599 Y73.696
G1 F2100 X121.599 Y226.303 E918.02891
G0 F9000 X120.799 Y226.303
G1 F2100 X120.799 Y73.696 E928.18037
G0 F9000 X119.999 Y73.696
G1 F2100 X119.999 Y226.303 E938.33183
G0 F9000 X119.199 Y226.303
G1 F2100 X119.199 Y73.696 E948.48329
G0 F9000 X118.399 Y73.696
G1 F2100 X118.399 Y226.303 E958.63475
G0 F9000 X117.599 Y226.303
G1 F2100 X117.599 Y73.696 E968.78621
G0 F9000 X116.799 Y73.696
G1 F2100 X116.799 Y226.303 E978.93767
G0 F9000 X115.999 Y226.303
G1 F2100 X115.999 Y73.696 E989.08912
G0 F9000 X115.199 Y73.696
G1 F2100 X115.199 Y226.303 E999.24058
G0 F9000 X114.399 Y226.303
G1 F2100 X114.399 Y73.696 E1009.39204
G0 F9000 X113.599 Y73.696
G1 F2100 X113.599 Y226.303 E1019.5435
G0 F9000 X112.799 Y226.303
G1 F2100 X112.799 Y73.696 E1029.69496
G0 F9000 X111.999 Y73.696
G1 F2100 X111.999 Y226.303 E1039.84642
G0 F9000 X111.199 Y226.303
G1 F2100 X111.199 Y73.696 E1049.99788
G0 F9000 X110.399 Y73.696
G1 F2100 X110.399 Y226.303 E1060.14934
G0 F9000 X109.599 Y226.303
G1 F2100 X109.599 Y73.696 E1070.3008
G0 F9000 X108.799 Y73.696
G1 F2100 X108.799 Y226.303 E1080.45225
G0 F9000 X107.999 Y226.303
G1 F2100 X107.999 Y215.54 E1081.16821
G0 F9000 X107.199 Y216.631
G1 F2100 X107.199 Y226.303 E1081.8116
G0 F9000 X106.399 Y226.303
G1 F2100 X106.399 Y217.334 E1082.40822
G0 F9000 X105.599 Y217.806
G1 F2100 X105.599 Y226.303 E1082.97344
G0 F9000 X104.799 Y226.303
G1 F2100 X104.799 Y218.114 E1083.51817
G0 F9000 X103.999 Y218.298
G1 F2100 X103.999 Y226.303 E1084.05067
G0 F9000 X103.199 Y226.303
G1 F2100 X103.199 Y218.365 E1084.57871
G0 F9000 X102.399 Y218.314
G1 F2100 X102.399 Y226.303 E1085.11014
G0 F9000 X101.599 Y226.303
G1 F2100 X101.599 Y218.131 E1085.65374
G1 F1500 E1084.65374
G1 F300 Z1.6
G0 F9000 X107.999 Y210.198 Z1.6
G1 F300 Z1.4
G1 F1500 E1085.68035
G1 F2100 X107.999 Y95.532 E1093.30796
G0 F9000 X107.199 Y96.612
G1 F2100 X107.199 Y209.088 E1100.7899
G0 F9000 X106.399 Y208.381
G1 F2100 X106.399 Y97.319 E1108.17777
G0 F9000 X105.599 Y97.8
G1 F2100 X105.599 Y207.919 E1115.50292
G0 F9000 X104.799 Y207.609
G1 F2100 X104.799 Y98.111 E1122.78675
G0 F9000 X103.999 Y98.286
G1 F2100 X103.999 Y207.429 E1130.04697
G0 F9000 X103.199 Y207.364
G1 F2100 X103.199 Y98.348 E1137.29875
G0 F9000 X102.399 Y98.298
G1 F2100 X102.399 Y207.423 E1144.55777
G0 F9000 X101.599 Y207.602
G1 F2100 X101.599 Y98.117 E1151.84074
G1 F1500 E1150.84074
G1 F300 Z1.6
G0 F9000 X107.999 Y90.185 Z1.6
G1 F300 Z1.4
G1 F1500 E1151.86735
G1 F2100 X107.999 Y73.696 E1152.9642
G0 F9000 X107.199 Y73.696
G1 F2100 X107.199 Y89.069 E1153.98682
G0 F9000 X106.399 Y88.381
G1 F2100 X106.399 Y73.696 E1154.96367
G0 F9000 X105.599 Y73.696
G1 F2100 X105.599 Y87.907 E1155.90899
G0 F9000 X104.799 Y87.594
G1 F2100 X104.799 Y73.696 E1156.83349
G0 F9000 X103.999 Y73.696
G1 F2100 X103.999 Y87.413 E1157.74595
G0 F9000 X103.199 Y87.352
G1 F2100 X103.199 Y73.696 E1158.65435
G0 F9000 X102.399 Y73.696
G1 F2100 X102.399 Y87.408 E1159.56647
G0 F9000 X101.599 Y87.587
G1 F2100 X101.599 Y73.696 E1160.49051
G1 F1500 E1159.49051
G1 F300 Z1.6
G0 F9000 X164.8 Y73.696 Z1.6
G1 F300 Z1.4
G1 F1500 E1160.51712
G1 F2100 X164.799 Y138.467 E1164.8257
G0 F9000 X165.599 Y137.227
G1 F2100 X165.6 Y73.696 E1169.0518
G0 F9000 X166.4 Y73.696
G1 F2100 X166.399 Y136.4 E1173.22289
G0 F9000 X167.199 Y135.79
G1 F2100 X167.2 Y73.696 E1177.3534
G0 F9000 X168 Y73.696
G1 F2100 X167.999 Y135.349 E1181.45457
G0 F9000 X168.799 Y135.027
G1 F2100 X168.8 Y73.696 E1185.53432
G0 F9000 X169.6 Y73.696
G1 F2100 X169.599 Y134.818 E1189.60018
G0 F9000 X170.399 Y134.708
G1 F2100 X170.4 Y73.696 E1193.65871
G0 F9000 X171.2 Y73.696
G1 F2100 X171.199 Y134.679 E1197.71532
G0 F9000 X171.999 Y134.679
G1 F2100 X172 Y73.696 E1201.77192
G0 F9000 X172.8 Y73.696
G1 F2100 X172.799 Y134.679 E1205.82853
G0 F9000 X173.599 Y134.679
G1 F2100 X173.6 Y73.696 E1209.88513
G0 F9000 X174.4 Y73.696
G1 F2100 X174.399 Y134.679 E1213.94174
G0 F9000 X175.199 Y134.679
G1 F2100 X175.2 Y73.696 E1217.99835
G0 F9000 X176 Y73.696
G1 F2100 X175.999 Y134.679 E1222.05495
G0 F9000 X176.799 Y134.679
G1 F2100 X176.8 Y73.696 E1226.11156
G0 F9000 X177.6 Y73.696
G1 F2100 X177.599 Y134.679 E1230.16816
G0 F9000 X178.399 Y134.679
G1 F2100 X178.4 Y73.696 E1234.22477
G0 F9000 X179.2 Y73.696
G1 F2100 X179.199 Y134.679 E1238.28137
G0 F9000 X179.999 Y134.679
G1 F2100 X180 Y73.696 E1242.33798
G0 F9000 X180.8 Y73.696
G1 F2100 X180.799 Y134.715 E1246.39698
G0 F9000 X181.599 Y134.846
G1 F2100 X181.6 Y73.696 E1250.46469
G0 F9000 X182.4 Y73.696
G1 F2100 X182.399 Y135.085 E1254.54831
G0 F9000 X183.199 Y135.426
G1 F2100 X183.2 Y73.696 E1258.6546
G0 F9000 X184 Y73.696
G1 F2100 X183.999 Y135.893 E1262.79196
G0 F9000 X184.799 Y136.549
G1 F2100 X184.8 Y73.696 E1266.97296
G0 F9000 X185.6 Y73.696
G1 F2100 X185.599 Y137.432 E1271.2127
G1 F1500 E1270.2127
G1 F300 Z1.6
G0 F9000 X186.399 Y138.811 Z1.6
G1 F300 Z1.4
G1 F1500 E1271.23931
G1 F2100 X186.4 Y73.696 E1275.57077
G1 F1500 E1274.57077
G1 F300 Z1.6
G0 F9000 X192 Y73.696 Z1.6
G1 F300 Z1.4
G1 F1500 E1275.59738
G1 F2100 X192 Y90.173 E1276.69344
G0 F9000 X192.8 Y89.055
G1 F2100 X192.8 Y73.696 E1277.71512
G0 F9000 X193.6 Y73.696
G1 F2100 X193.6 Y88.367 E1278.69104
G0 F9000 X194.4 Y87.891
G1 F2100 X194.4 Y73.696 E1279.6353
G0 F9000 X195.2 Y73.696
G1 F2100 X195.2 Y87.587 E1280.55933
G0 F9000 X196 Y87.405
G1 F2100 X196 Y73.696 E1281.47126
G0 F9000 X196.8 Y73.696
G1 F2100 X196.8 Y87.351 E1282.37959
G0 F9000 X197.6 Y87.406
G1 F2100 X197.6 Y73.696 E1283.29158
G0 F9000 X198.4 Y73.696
G1 F2100 X198.4 Y87.582 E1284.21528
G1 F1500 E1283.21528
G1 F300 Z1.6
G0 F9000 X199.255 Y217.419 Z1.6
G1 F300 Z1.4
G1 F1500 E1284.24189
G1 F2100 X199.255 Y226.623 E1284.85414
G1 X199.071 Y226.623 E1284.86638
G1 X199.07 Y218.472 E1285.40859
G1 X199.013 Y217.806 E1285.45305
G1 X198.968 Y217.575 E1285.46871
G1 X199.255 Y217.419 E1285.49044
G1 F1500 E1284.49044
G1 F300 Z1.6
;MESH:NONMESH
G0 F9000 X106.502 Y91.437 Z1.6
;TIME_ELAPSED:5161.883450
;LAYER:7
;TYPE:WALL-INNER
;MESH:Top of Case.STL
G1 F300 Z1.6
G1 F1500 E1285.51705
G1 F2400 X106.248 Y90.949 E1285.55364
G1 X105.952 Y90.542 E1285.58712
G1 X105.596 Y90.172 E1285.62127
G1 X105.184 Y89.856 E1285.65581
G1 X104.663 Y89.568 E1285.69541
G1 X104.179 Y89.395 E1285.7296
G1 X103.697 Y89.294 E1285.76236
G1 X103.174 Y89.257 E1285.79724
G1 X102.457 Y89.33 E1285.84518
G1 X101.857 Y89.519 E1285.88703
G1 X101.394 Y89.744 E1285.92127
G1 X100.982 Y90.026 E1285.95448
G1 X100.567 Y90.404 E1285.99182
G1 X100.228 Y90.833 E1286.02819
G1 X99.995 Y91.232 E1286.05893
G1 X99.802 Y91.681 E1286.09144
G1 X99.672 Y92.177 E1286.12555
G1 X99.613 Y92.67 E1286.15858
G1 X99.622 Y93.187 E1286.19297
G1 X99.73 Y93.779 E1286.233
G1 X99.901 Y94.27 E1286.26759
G1 X100.153 Y94.753 E1286.30383
G1 X100.445 Y95.154 E1286.33683
G1 X100.803 Y95.527 E1286.37122
G1 X101.217 Y95.846 E1286.40598
G1 X101.739 Y96.132 E1286.44558
G1 X102.222 Y96.305 E1286.47971
G1 X102.703 Y96.406 E1286.5124
G1 X103.216 Y96.442 E1286.54661
G1 X103.771 Y96.396 E1286.58365
G1 X104.303 Y96.269 E1286.62004
G1 X104.786 Y96.074 E1286.65469
G1 X105.231 Y95.814 E1286.68897
G1 X105.68 Y95.449 E1286.72746
G1 X106.004 Y95.094 E1286.75943
G1 X106.291 Y94.68 E1286.79294
G1 X106.512 Y94.242 E1286.82558
G1 X106.686 Y93.718 E1286.8623
G1 X106.777 Y93.198 E1286.89742
G1 X106.779 Y92.523 E1286.94232
G1 X106.669 Y91.912 E1286.98362
G1 X106.502 Y91.437 E1287.01711
G0 F9000 X105.766 Y91.756
G1 F2400 X105.566 Y91.371 E1287.04597
G1 X105.338 Y91.057 E1287.07178
G1 X105.061 Y90.77 E1287.09832
G1 X104.745 Y90.527 E1287.12483
G1 X104.333 Y90.3 E1287.15613
G1 X103.961 Y90.167 E1287.18241
G1 X103.586 Y90.088 E1287.2079
G1 X103.187 Y90.06 E1287.2345
G1 X102.619 Y90.118 E1287.27248
G1 X102.154 Y90.264 E1287.30491
G1 X101.797 Y90.438 E1287.33132
G1 X101.479 Y90.655 E1287.35693
G1 X101.154 Y90.951 E1287.38617
G1 X100.891 Y91.284 E1287.4144
G1 X100.711 Y91.593 E1287.43819
G1 X100.561 Y91.942 E1287.46346
G1 X100.46 Y92.327 E1287.48994
G1 X100.414 Y92.711 E1287.51566
G1 X100.421 Y93.108 E1287.54207
G1 X100.506 Y93.575 E1287.57365
G1 X100.637 Y93.951 E1287.60014
G1 X100.835 Y94.33 E1287.62858
G1 X101.06 Y94.639 E1287.65401
G1 X101.339 Y94.93 E1287.68082
G1 X101.656 Y95.174 E1287.70743
G1 X102.068 Y95.4 E1287.73869
G1 X102.44 Y95.533 E1287.76497
G1 X102.814 Y95.612 E1287.7904
G1 X103.211 Y95.64 E1287.81687
G1 X103.644 Y95.604 E1287.84578
G1 X104.059 Y95.505 E1287.87416
G1 X104.432 Y95.354 E1287.90093
G1 X104.774 Y95.154 E1287.92728
G1 X105.129 Y94.866 E1287.95769
G1 X105.377 Y94.594 E1287.98217
G1 X105.602 Y94.27 E1288.00841
G1 X105.771 Y93.934 E1288.03343
G1 X105.908 Y93.522 E1288.06231
G1 X105.977 Y93.127 E1288.08899
G1 X105.979 Y92.593 E1288.12451
G1 X105.893 Y92.117 E1288.15669
G1 X105.766 Y91.756 E1288.18214
G0 F9000 X105.03 Y92.074
;TYPE:WALL-OUTER
G1 F2400 X104.884 Y91.793 E1288.20321
G1 X104.724 Y91.573 E1288.2213
G1 X104.526 Y91.368 E1288.24026
G1 X104.306 Y91.198 E1288.25876
G1 X104.003 Y91.032 E1288.28174
G1 X103.742 Y90.938 E1288.30019
G1 X103.476 Y90.882 E1288.31827
G1 X103.2 Y90.863 E1288.33668
G1 X102.781 Y90.906 E1288.3647
G1 X102.451 Y91.009 E1288.38769
G1 X102.2 Y91.132 E1288.40628
G1 X101.976 Y91.284 E1288.42429
G1 X101.742 Y91.498 E1288.44539
G1 X101.554 Y91.736 E1288.46556
G1 X101.427 Y91.954 E1288.48234
G1 X101.32 Y92.203 E1288.50037
G1 X101.248 Y92.477 E1288.51922
G1 X101.215 Y92.752 E1288.53764
G1 X101.22 Y93.029 E1288.55607
G1 X101.282 Y93.371 E1288.57919
G1 X101.373 Y93.632 E1288.59758
G1 X101.517 Y93.907 E1288.61823
G1 X101.675 Y94.125 E1288.63614
G1 X101.874 Y94.332 E1288.65524
G1 X102.095 Y94.502 E1288.67378
G1 X102.398 Y94.668 E1288.69677
G1 X102.659 Y94.762 E1288.71522
G1 X102.925 Y94.818 E1288.7333
G1 X103.206 Y94.838 E1288.75204
G1 X103.517 Y94.812 E1288.7728
G1 X103.814 Y94.741 E1288.79312
G1 X104.078 Y94.634 E1288.81206
G1 X104.318 Y94.494 E1288.83055
G1 X104.578 Y94.283 E1288.85282
G1 X104.75 Y94.094 E1288.86982
G1 X104.913 Y93.86 E1288.88879
G1 X105.03 Y93.627 E1288.90613
G1 X105.13 Y93.326 E1288.92723
G1 X105.177 Y93.056 E1288.94546
G1 X105.179 Y92.663 E1288.97161
G1 X105.117 Y92.322 E1288.99466
G1 X105.03 Y92.074 E1289.01214
G0 F9000 X105.837 Y91.725
G1 F1500 E1288.01214
G1 F300 Z1.8
G0 F9000 X105.511 Y210.113 Z1.8
;TYPE:WALL-INNER
G1 F300 Z1.6
G1 F1500 E1289.03875
G1 F2400 X105.057 Y209.789 E1289.07585
G1 X104.61 Y209.563 E1289.10917
G1 X104.174 Y209.409 E1289.13993
G1 X103.698 Y209.309 E1289.17229
G1 X103.185 Y209.273 E1289.2065
G1 X102.63 Y209.319 E1289.24354
G1 X102.099 Y209.446 E1289.27986
G1 X101.614 Y209.641 E1289.31463
G1 X101.165 Y209.905 E1289.34928
G1 X100.745 Y210.243 E1289.38514
G1 X100.393 Y210.625 E1289.4197
G1 X100.057 Y211.122 E1289.4596
G1 X99.805 Y211.687 E1289.50076
G1 X99.663 Y212.234 E1289.53835
G1 X99.608 Y212.774 E1289.57445
G1 X99.657 Y213.456 E1289.61994
G1 X99.778 Y213.959 E1289.65435
G1 X100.059 Y214.617 E1289.70195
G1 X100.47 Y215.201 E1289.74945
G1 X100.857 Y215.587 E1289.78581
G1 X101.301 Y215.914 E1289.82249
G1 X101.752 Y216.151 E1289.85638
G1 X102.221 Y216.32 E1289.88954
G1 X102.704 Y216.421 E1289.92237
G1 X103.227 Y216.458 E1289.95724
G1 X103.944 Y216.385 E1290.00519
G1 X104.55 Y216.194 E1290.04745
G1 X105.043 Y215.949 E1290.08407
G1 X105.46 Y215.658 E1290.1179
G1 X105.84 Y215.303 E1290.15249
G1 X106.186 Y214.865 E1290.18962
G1 X106.487 Y214.319 E1290.23109
G1 X106.683 Y213.746 E1290.27138
G1 X106.772 Y213.239 E1290.30562
G1 X106.791 Y212.735 E1290.33917
G1 X106.736 Y212.234 E1290.3727
G1 X106.596 Y211.687 E1290.41026
G1 X106.334 Y211.102 E1290.4529
G1 X105.922 Y210.517 E1290.50049
G1 X105.511 Y210.113 E1290.53883
G0 F9000 X104.995 Y210.728
G1 F2400 X104.641 Y210.475 E1290.56777
G1 X104.295 Y210.3 E1290.59357
G1 X103.958 Y210.181 E1290.61734
G1 X103.587 Y210.103 E1290.64256
G1 X103.19 Y210.075 E1290.66903
G1 X102.757 Y210.111 E1290.69793
G1 X102.343 Y210.21 E1290.72625
G1 X101.968 Y210.361 E1290.75314
G1 X101.621 Y210.565 E1290.77992
G1 X101.293 Y210.829 E1290.80793
G1 X101.022 Y211.123 E1290.83452
G1 X100.759 Y211.512 E1290.86576
G1 X100.563 Y211.952 E1290.8978
G1 X100.453 Y212.376 E1290.92694
G1 X100.411 Y212.786 E1290.95435
G1 X100.45 Y213.333 E1290.99083
G1 X100.54 Y213.706 E1291.01636
G1 X100.762 Y214.226 E1291.05397
G1 X101.084 Y214.684 E1291.09121
G1 X101.379 Y214.978 E1291.11892
G1 X101.727 Y215.234 E1291.14765
G1 X102.075 Y215.417 E1291.17381
G1 X102.44 Y215.548 E1291.19961
G1 X102.815 Y215.627 E1291.2251
G1 X103.214 Y215.655 E1291.2517
G1 X103.782 Y215.597 E1291.28968
G1 X104.25 Y215.45 E1291.32232
G1 X104.634 Y215.259 E1291.35084
G1 X104.956 Y215.034 E1291.37698
G1 X105.25 Y214.76 E1291.40371
G1 X105.517 Y214.421 E1291.43241
G1 X105.753 Y213.994 E1291.46487
G1 X105.906 Y213.546 E1291.49636
G1 X105.975 Y213.155 E1291.52277
G1 X105.989 Y212.764 E1291.5488
G1 X105.947 Y212.377 E1291.57469
G1 X105.838 Y211.952 E1291.60388
G1 X105.635 Y211.499 E1291.6369
G1 X105.31 Y211.037 E1291.67447
G1 X104.995 Y210.728 E1291.70382
G0 F9000 X104.479 Y211.343
;TYPE:WALL-OUTER
G1 F2400 X104.225 Y211.161 E1291.72461
G1 X103.98 Y211.037 E1291.74288
G1 X103.742 Y210.953 E1291.75967
G1 X103.476 Y210.897 E1291.77775
G1 X103.195 Y210.877 E1291.79649
G1 X102.884 Y210.903 E1291.81725
G1 X102.587 Y210.974 E1291.83756
G1 X102.322 Y211.081 E1291.85657
G1 X102.077 Y211.225 E1291.87548
G1 X101.841 Y211.415 E1291.89563
G1 X101.651 Y211.621 E1291.91427
G1 X101.461 Y211.902 E1291.93684
G1 X101.321 Y212.217 E1291.95977
G1 X101.243 Y212.518 E1291.98045
G1 X101.214 Y212.799 E1291.99924
G1 X101.243 Y213.21 E1292.02665
G1 X101.302 Y213.453 E1292.04328
G1 X101.465 Y213.834 E1292.07085
G1 X101.699 Y214.167 E1292.09792
G1 X101.902 Y214.37 E1292.11702
G1 X102.152 Y214.554 E1292.13767
G1 X102.398 Y214.683 E1292.15615
G1 X102.659 Y214.777 E1292.1746
G1 X102.925 Y214.833 E1292.19268
G1 X103.201 Y214.852 E1292.21108
G1 X103.62 Y214.809 E1292.2391
G1 X103.95 Y214.706 E1292.2621
G1 X104.224 Y214.569 E1292.28248
G1 X104.452 Y214.41 E1292.30097
G1 X104.66 Y214.216 E1292.31989
G1 X104.849 Y213.977 E1292.34016
G1 X105.019 Y213.669 E1292.36356
G1 X105.129 Y213.347 E1292.38619
G1 X105.177 Y213.072 E1292.40476
G1 X105.187 Y212.792 E1292.4234
G1 X105.158 Y212.52 E1292.4416
G1 X105.08 Y212.217 E1292.46241
G1 X104.936 Y211.896 E1292.48581
G1 X104.698 Y211.557 E1292.51337
G1 X104.479 Y211.343 E1292.53373
G0 F9000 X105.044 Y210.669
G1 F1500 E1291.53373
G1 F300 Z1.8
G0 F9000 X197.894 Y210.3 Z1.8
;TYPE:WALL-INNER
G1 F300 Z1.6
G1 F1500 E1292.56034
G1 F2400 X197.557 Y210.181 E1292.58412
G1 X197.186 Y210.103 E1292.60933
G1 X196.789 Y210.075 E1292.63581
G1 X196.356 Y210.111 E1292.66471
G1 X195.942 Y210.21 E1292.69303
G1 X195.567 Y210.361 E1292.71992
G1 X195.22 Y210.565 E1292.74669
G1 X194.892 Y210.829 E1292.7747
G1 X194.621 Y211.123 E1292.8013
G1 X194.358 Y211.512 E1292.83254
G1 X194.162 Y211.952 E1292.86458
G1 X194.052 Y212.376 E1292.89372
G1 X194.01 Y212.786 E1292.92113
G1 X194.049 Y213.333 E1292.95761
G1 X194.139 Y213.706 E1292.98313
G1 X194.361 Y214.226 E1293.02075
G1 X194.683 Y214.684 E1293.05799
G1 X194.978 Y214.978 E1293.08569
G1 X195.326 Y215.234 E1293.11443
G1 X195.674 Y215.417 E1293.14059
G1 X196.039 Y215.548 E1293.16638
G1 X196.414 Y215.627 E1293.19187
G1 X196.814 Y215.655 E1293.21855
G1 X197.373 Y215.597 E1293.25593
G1 X197.763 Y215.482 E1293.28298
G1 X198.12 Y215.323 E1293.30898
G1 X198.476 Y215.095 E1293.3371
G1 X198.781 Y214.83 E1293.36397
G1 X199.058 Y214.502 E1293.39253
G1 X199.253 Y214.191 E1293.41695
G1 X199.436 Y213.78 E1293.44688
G1 X199.54 Y213.389 E1293.47379
G1 X199.586 Y213.004 E1293.49958
G1 X199.579 Y212.607 E1293.526
G1 X199.504 Y212.178 E1293.55497
G1 X199.347 Y211.724 E1293.58692
G1 X199.137 Y211.341 E1293.61598
G1 X198.898 Y211.026 E1293.64228
G1 X198.594 Y210.728 E1293.6706
G1 X198.24 Y210.475 E1293.69954
G1 X197.894 Y210.3 E1293.72533
G0 F9000 X197.579 Y211.037
;TYPE:WALL-OUTER
G1 F2400 X197.341 Y210.953 E1293.74212
G1 X197.075 Y210.897 E1293.76021
G1 X196.794 Y210.877 E1293.77894
G1 X196.483 Y210.903 E1293.7997
G1 X196.186 Y210.974 E1293.82002
G1 X195.921 Y211.081 E1293.83903
G1 X195.676 Y211.225 E1293.85793
G1 X195.44 Y211.415 E1293.87809
G1 X195.25 Y211.621 E1293.89673
G1 X195.06 Y211.902 E1293.91929
G1 X194.92 Y212.217 E1293.94222
G1 X194.842 Y212.518 E1293.96291
G1 X194.813 Y212.799 E1293.9817
G1 X194.842 Y213.21 E1294.00911
G1 X194.901 Y213.453 E1294.02574
G1 X195.064 Y213.834 E1294.05331
G1 X195.298 Y214.167 E1294.08038
G1 X195.501 Y214.37 E1294.09948
G1 X195.751 Y214.554 E1294.12013
G1 X195.997 Y214.683 E1294.1386
G1 X196.258 Y214.777 E1294.15706
G1 X196.524 Y214.833 E1294.17514
G1 X196.8 Y214.852 E1294.19354
G1 X197.218 Y214.809 E1294.22149
G1 X197.486 Y214.73 E1294.24008
G1 X197.739 Y214.617 E1294.25851
G1 X197.995 Y214.453 E1294.27874
G1 X198.21 Y214.266 E1294.29769
G1 X198.411 Y214.029 E1294.31836
G1 X198.545 Y213.815 E1294.33516
G1 X198.679 Y213.513 E1294.35714
G1 X198.752 Y213.238 E1294.37606
G1 X198.785 Y212.963 E1294.39449
G1 X198.78 Y212.683 E1294.41312
G1 X198.727 Y212.379 E1294.43364
G1 X198.613 Y212.049 E1294.45687
G1 X198.464 Y211.777 E1294.4775
G1 X198.297 Y211.557 E1294.49587
G1 X198.078 Y211.343 E1294.51624
G1 X197.824 Y211.161 E1294.53703
G1 X197.579 Y211.037 E1294.55529
G0 F9000 X197.924 Y210.228
G1 F1500 E1293.55529
G1 F300 Z1.8
G0 F9000 X184.038 Y137.344 Z1.8
;TYPE:WALL-INNER
G1 F300 Z1.6
G1 F1500 E1294.5819
G1 F2400 X183.575 Y136.959 E1294.62195
G1 X183.152 Y136.668 E1294.65611
G1 X182.706 Y136.415 E1294.69022
G1 X182.172 Y136.177 E1294.72911
G1 X181.667 Y136.007 E1294.76455
G1 X181.089 Y135.874 E1294.80401
G1 X180.512 Y135.803 E1294.84268
G1 X180.191 Y135.79 E1294.86405
G1 X170.809 Y135.79 E1295.48814
G1 X170.169 Y135.838 E1295.53083
G1 X169.544 Y135.961 E1295.57321
G1 X168.879 Y136.17 E1295.61958
G1 X168.255 Y136.453 E1295.66515
G1 X167.798 Y136.723 E1295.70046
G1 X167.375 Y137.024 E1295.735
G1 X166.928 Y137.412 E1295.77437
G1 X166.513 Y137.856 E1295.8148
G1 X166.145 Y138.346 E1295.85556
G1 X165.796 Y138.936 E1295.90116
G1 X165.58 Y139.416 E1295.93618
G1 X165.407 Y139.898 E1295.97024
G1 X165.262 Y140.474 E1296.00975
G1 X165.186 Y140.996 E1296.04484
G1 X165.158 Y141.519 E1296.07968
G1 X165.159 Y153.958 E1296.90713
G1 X165.198 Y154.513 E1296.94414
G1 X165.304 Y155.129 E1296.98572
G1 X165.505 Y155.804 E1297.03257
G1 X165.779 Y156.439 E1297.07857
G1 X166.088 Y156.972 E1297.11955
G1 X166.393 Y157.4 E1297.15451
G1 X166.781 Y157.847 E1297.19389
G1 X167.225 Y158.262 E1297.23432
G1 X167.703 Y158.621 E1297.27408
G1 X168.141 Y158.89 E1297.30827
G1 X168.606 Y159.122 E1297.34284
G1 X169.154 Y159.333 E1297.3819
G1 X169.664 Y159.473 E1297.41708
G1 X170.26 Y159.58 E1297.45736
G1 X170.881 Y159.617 E1297.49875
G1 X180.221 Y159.616 E1298.12004
G1 X180.785 Y159.577 E1298.15765
G1 X181.384 Y159.47 E1298.19813
G1 X181.961 Y159.306 E1298.23803
G1 X182.514 Y159.085 E1298.27765
G1 X182.992 Y158.837 E1298.31347
G1 X183.481 Y158.518 E1298.3523
G1 X183.892 Y158.191 E1298.38724
G1 X184.324 Y157.776 E1298.42709
G1 X184.709 Y157.313 E1298.46715
G1 X185 Y156.89 E1298.5013
G1 X185.253 Y156.444 E1298.53541
G1 X185.491 Y155.91 E1298.5743
G1 X185.661 Y155.405 E1298.60974
G1 X185.794 Y154.827 E1298.6492
G1 X185.865 Y154.25 E1298.68787
G1 X185.878 Y153.929 E1298.70924
G1 X185.879 Y141.523 E1299.53449
G1 X185.852 Y140.989 E1299.57006
G1 X185.758 Y140.388 E1299.61052
G1 X185.597 Y139.791 E1299.65165
G1 X185.351 Y139.162 E1299.69658
G1 X185.099 Y138.677 E1299.73294
G1 X184.78 Y138.187 E1299.77183
G1 X184.453 Y137.776 E1299.80677
G1 X184.038 Y137.344 E1299.84662
G0 F9000 X183.492 Y137.93
G1 F2400 X183.092 Y137.597 E1299.88124
G1 X182.728 Y137.347 E1299.91061
G1 X182.345 Y137.13 E1299.9399
G1 X181.881 Y136.923 E1299.97369
G1 X181.449 Y136.778 E1300.00401
G1 X180.95 Y136.663 E1300.03807
G1 X180.447 Y136.601 E1300.07178
G1 X180.175 Y136.59 E1300.08989
G1 X170.839 Y136.59 E1300.71092
G1 X170.276 Y136.632 E1300.74848
G1 X169.742 Y136.737 E1300.78468
G1 X169.165 Y136.919 E1300.82493
G1 X168.624 Y137.164 E1300.86443
G1 X168.234 Y137.394 E1300.89455
G1 X167.871 Y137.653 E1300.92421
G1 X167.484 Y137.989 E1300.95831
G1 X167.127 Y138.371 E1300.99309
G1 X166.811 Y138.791 E1301.02805
G1 X166.507 Y139.305 E1301.06777
G1 X166.322 Y139.716 E1301.09776
G1 X166.173 Y140.131 E1301.12709
G1 X166.048 Y140.629 E1301.16124
G1 X165.983 Y141.075 E1301.19122
G1 X165.958 Y141.54 E1301.2222
G1 X165.959 Y153.93 E1302.04639
G1 X165.993 Y154.417 E1302.07886
G1 X166.084 Y154.946 E1302.11457
G1 X166.258 Y155.53 E1302.1551
G1 X166.495 Y156.079 E1302.19488
G1 X166.761 Y156.538 E1302.23017
G1 X167.022 Y156.904 E1302.26007
G1 X167.358 Y157.291 E1302.29416
G1 X167.74 Y157.648 E1302.32894
G1 X168.154 Y157.959 E1302.36339
G1 X168.53 Y158.19 E1302.39274
G1 X168.929 Y158.389 E1302.4224
G1 X169.404 Y158.572 E1302.45626
G1 X169.841 Y158.692 E1302.48641
G1 X170.355 Y158.784 E1302.52114
G1 X170.905 Y158.817 E1302.5578
G1 X180.193 Y158.816 E1303.17564
G1 X180.687 Y158.782 E1303.20857
G1 X181.204 Y158.69 E1303.24351
G1 X181.702 Y158.548 E1303.27795
G1 X182.18 Y158.357 E1303.31219
G1 X182.588 Y158.145 E1303.34278
G1 X183.013 Y157.868 E1303.37653
G1 X183.365 Y157.588 E1303.40644
G1 X183.738 Y157.23 E1303.44084
G1 X184.071 Y156.83 E1303.47546
G1 X184.321 Y156.466 E1303.50483
G1 X184.538 Y156.083 E1303.53411
G1 X184.745 Y155.619 E1303.56791
G1 X184.89 Y155.187 E1303.59822
G1 X185.005 Y154.688 E1303.63229
G1 X185.067 Y154.185 E1303.666
G1 X185.078 Y153.913 E1303.68411
G1 X185.079 Y141.543 E1304.50697
G1 X185.055 Y141.071 E1304.5384
G1 X184.974 Y140.554 E1304.57321
G1 X184.836 Y140.042 E1304.60849
G1 X184.621 Y139.493 E1304.64771
G1 X184.407 Y139.08 E1304.67865
G1 X184.13 Y138.655 E1304.7124
G1 X183.85 Y138.303 E1304.74232
G1 X183.492 Y137.93 E1304.77671
G0 F9000 X182.945 Y138.516
G1 F2400 X182.608 Y138.235 E1304.80589
G1 X182.304 Y138.026 E1304.83043
G1 X181.984 Y137.845 E1304.85489
G1 X181.59 Y137.669 E1304.8836
G1 X181.232 Y137.549 E1304.90871
G1 X180.811 Y137.452 E1304.93745
G1 X180.382 Y137.399 E1304.9662
G1 X180.159 Y137.39 E1304.98105
G1 X170.869 Y137.39 E1305.59902
G1 X170.383 Y137.426 E1305.63144
G1 X169.94 Y137.513 E1305.66147
G1 X169.452 Y137.667 E1305.69551
G1 X168.994 Y137.875 E1305.72897
G1 X168.67 Y138.066 E1305.75399
G1 X168.367 Y138.282 E1305.77875
G1 X168.04 Y138.566 E1305.80756
G1 X167.741 Y138.886 E1305.83669
G1 X167.477 Y139.237 E1305.8659
G1 X167.218 Y139.674 E1305.8997
G1 X167.064 Y140.016 E1305.92465
G1 X166.939 Y140.364 E1305.94924
G1 X166.834 Y140.784 E1305.97804
G1 X166.78 Y141.154 E1306.00291
G1 X166.758 Y141.562 E1306.03009
G1 X166.759 Y153.902 E1306.85095
G1 X166.788 Y154.321 E1306.87889
G1 X166.864 Y154.763 E1306.90873
G1 X167.011 Y155.256 E1306.94295
G1 X167.211 Y155.719 E1306.9765
G1 X167.434 Y156.104 E1307.00609
G1 X167.651 Y156.408 E1307.03094
G1 X167.935 Y156.735 E1307.05975
G1 X168.255 Y157.034 E1307.08888
G1 X168.605 Y157.297 E1307.118
G1 X168.919 Y157.49 E1307.14252
G1 X169.252 Y157.656 E1307.16727
G1 X169.654 Y157.811 E1307.19593
G1 X170.018 Y157.911 E1307.22104
G1 X170.45 Y157.988 E1307.25023
G1 X170.929 Y158.017 E1307.28215
G1 X180.166 Y158.016 E1307.8966
G1 X180.59 Y157.987 E1307.92487
G1 X181.024 Y157.91 E1307.95419
G1 X181.443 Y157.79 E1307.98319
G1 X181.846 Y157.629 E1308.01205
G1 X182.184 Y157.453 E1308.0374
G1 X182.544 Y157.219 E1308.06597
G1 X182.837 Y156.985 E1308.09091
G1 X183.152 Y156.683 E1308.11994
G1 X183.433 Y156.346 E1308.14912
G1 X183.642 Y156.042 E1308.17366
G1 X183.823 Y155.722 E1308.19812
G1 X183.999 Y155.328 E1308.22683
G1 X184.119 Y154.97 E1308.25194
G1 X184.216 Y154.549 E1308.28068
G1 X184.269 Y154.12 E1308.30943
G1 X184.278 Y153.897 E1308.32428
G1 X184.279 Y141.563 E1309.14474
G1 X184.258 Y141.154 E1309.17198
G1 X184.19 Y140.72 E1309.20121
G1 X184.075 Y140.292 E1309.23069
G1 X183.892 Y139.824 E1309.26411
G1 X183.715 Y139.484 E1309.28961
G1 X183.481 Y139.124 E1309.31817
G1 X183.247 Y138.831 E1309.34312
G1 X182.945 Y138.516 E1309.37215
G0 F9000 X182.398 Y139.102
;TYPE:WALL-OUTER
G1 F2400 X182.124 Y138.873 E1309.3959
G1 X181.88 Y138.705 E1309.41561
G1 X181.623 Y138.56 E1309.43523
G1 X181.299 Y138.415 E1309.45885
G1 X181.015 Y138.32 E1309.47877
G1 X180.672 Y138.241 E1309.50218
G1 X180.317 Y138.197 E1309.52598
G1 X180.143 Y138.19 E1309.53756
G1 X170.898 Y138.19 E1310.15254
G1 X170.49 Y138.22 E1310.17975
G1 X170.138 Y138.289 E1310.20361
G1 X169.739 Y138.415 E1310.23145
G1 X169.364 Y138.586 E1310.25886
G1 X169.106 Y138.738 E1310.27878
G1 X168.863 Y138.911 E1310.29863
G1 X168.596 Y139.143 E1310.32216
G1 X168.355 Y139.401 E1310.34564
G1 X168.143 Y139.683 E1310.36911
G1 X167.929 Y140.044 E1310.39703
G1 X167.806 Y140.316 E1310.41688
G1 X167.706 Y140.596 E1310.43666
G1 X167.62 Y140.939 E1310.46018
G1 X167.577 Y141.234 E1310.48001
G1 X167.558 Y141.584 E1310.50333
G1 X167.559 Y153.875 E1311.32093
G1 X167.583 Y154.226 E1311.34433
G1 X167.644 Y154.58 E1311.36823
G1 X167.764 Y154.982 E1311.39614
G1 X167.927 Y155.359 E1311.42346
G1 X168.107 Y155.67 E1311.44736
G1 X168.28 Y155.912 E1311.46715
G1 X168.512 Y156.179 E1311.49068
G1 X168.77 Y156.42 E1311.51416
G1 X169.056 Y156.635 E1311.53796
G1 X169.308 Y156.79 E1311.55764
G1 X169.575 Y156.923 E1311.57749
G1 X169.905 Y157.05 E1311.60101
G1 X170.195 Y157.13 E1311.62102
G1 X170.545 Y157.192 E1311.64466
G1 X170.953 Y157.217 E1311.67186
G1 X180.139 Y157.216 E1312.28291
G1 X180.493 Y157.192 E1312.30651
G1 X180.843 Y157.13 E1312.33016
G1 X181.184 Y157.032 E1312.35376
G1 X181.512 Y156.901 E1312.37725
G1 X181.78 Y156.761 E1312.39737
G1 X182.076 Y156.569 E1312.42084
G1 X182.309 Y156.383 E1312.44067
G1 X182.566 Y156.136 E1312.46438
G1 X182.795 Y155.862 E1312.48813
G1 X182.963 Y155.618 E1312.50784
G1 X183.108 Y155.361 E1312.52747
G1 X183.253 Y155.037 E1312.55108
G1 X183.348 Y154.753 E1312.571
G1 X183.427 Y154.41 E1312.59442
G1 X183.471 Y154.055 E1312.61821
G1 X183.478 Y153.881 E1312.6298
G1 X183.479 Y141.584 E1313.4478
G1 X183.461 Y141.237 E1313.47091
G1 X183.406 Y140.886 E1313.49454
G1 X183.314 Y140.542 E1313.51823
G1 X183.163 Y140.156 E1313.5458
G1 X183.023 Y139.888 E1313.56591
G1 X182.831 Y139.592 E1313.58938
G1 X182.645 Y139.359 E1313.60922
G1 X182.398 Y139.102 E1313.63293
G0 F9000 X182.998 Y138.459
G1 F1500 E1312.63293
G1 F300 Z1.8
G0 F9000 X199.551 Y90.542 Z1.8
;TYPE:WALL-INNER
G1 F300 Z1.6
G1 F1500 E1313.65954
G1 F2400 X199.195 Y90.172 E1313.69369
G1 X198.787 Y89.858 E1313.72794
G1 X198.278 Y89.575 E1313.76668
G1 X197.626 Y89.352 E1313.81252
G1 X197.151 Y89.279 E1313.84448
G1 X196.879 Y89.261 E1313.86262
G1 X196.348 Y89.286 E1313.89798
G1 X195.78 Y89.405 E1313.93658
G1 X195.222 Y89.623 E1313.97643
G1 X194.781 Y89.88 E1314.01039
G1 X194.381 Y90.194 E1314.04421
G1 X194.002 Y90.596 E1314.08097
G1 X193.713 Y91.014 E1314.11477
G1 X193.49 Y91.456 E1314.1477
G1 X193.32 Y91.956 E1314.18283
G1 X193.212 Y92.631 E1314.2283
G1 X193.221 Y93.187 E1314.26529
G1 X193.329 Y93.779 E1314.30532
G1 X193.5 Y94.27 E1314.33991
G1 X193.752 Y94.753 E1314.37615
G1 X194.044 Y95.154 E1314.40915
G1 X194.402 Y95.527 E1314.44354
G1 X194.816 Y95.846 E1314.4783
G1 X195.338 Y96.132 E1314.5179
G1 X195.821 Y96.305 E1314.55203
G1 X196.302 Y96.406 E1314.58472
G1 X196.815 Y96.442 E1314.61893
G1 X197.37 Y96.396 E1314.65597
G1 X197.901 Y96.269 E1314.69229
G1 X198.4 Y96.067 E1314.7281
G1 X198.954 Y95.726 E1314.77138
G1 X199.354 Y95.376 E1314.80673
G1 X199.749 Y94.906 E1314.84757
G1 X200.084 Y94.31 E1314.89305
G1 X200.282 Y93.73 E1314.93382
G1 X200.374 Y93.201 E1314.96954
G1 X200.381 Y92.527 E1315.01437
G1 X200.267 Y91.91 E1315.05611
G1 X200.101 Y91.437 E1315.08946
G1 X199.847 Y90.949 E1315.12605
G1 X199.551 Y90.542 E1315.15953
G0 F9000 X198.937 Y91.057
G1 F2400 X198.66 Y90.77 E1315.18606
G1 X198.346 Y90.528 E1315.21243
G1 X197.952 Y90.309 E1315.24242
G1 X197.434 Y90.132 E1315.27883
G1 X197.063 Y90.075 E1315.3038
G1 X196.871 Y90.062 E1315.3166
G1 X196.449 Y90.082 E1315.34471
G1 X196.009 Y90.174 E1315.37461
G1 X195.571 Y90.345 E1315.40588
G1 X195.232 Y90.543 E1315.432
G1 X194.922 Y90.786 E1315.4582
G1 X194.626 Y91.101 E1315.48696
G1 X194.402 Y91.424 E1315.5131
G1 X194.229 Y91.767 E1315.53866
G1 X194.099 Y92.149 E1315.5655
G1 X194.013 Y92.688 E1315.60181
G1 X194.02 Y93.108 E1315.62975
G1 X194.105 Y93.575 E1315.66132
G1 X194.236 Y93.951 E1315.68781
G1 X194.434 Y94.33 E1315.71625
G1 X194.659 Y94.639 E1315.74168
G1 X194.938 Y94.93 E1315.7685
G1 X195.255 Y95.174 E1315.79511
G1 X195.667 Y95.4 E1315.82637
G1 X196.039 Y95.533 E1315.85265
G1 X196.413 Y95.612 E1315.87807
G1 X196.81 Y95.64 E1315.90455
G1 X197.243 Y95.604 E1315.93345
G1 X197.657 Y95.505 E1315.96177
G1 X198.038 Y95.351 E1315.9891
G1 X198.478 Y95.08 E1316.02348
G1 X198.781 Y94.815 E1316.05026
G1 X199.088 Y94.449 E1316.08203
G1 X199.351 Y93.982 E1316.11768
G1 X199.505 Y93.531 E1316.14939
G1 X199.575 Y93.128 E1316.1766
G1 X199.58 Y92.596 E1316.21199
G1 X199.492 Y92.116 E1316.24445
G1 X199.365 Y91.756 E1316.26984
G1 X199.165 Y91.371 E1316.2987
G1 X198.937 Y91.057 E1316.32451
G0 F9000 X198.323 Y91.573
;TYPE:WALL-OUTER
G1 F2400 X198.125 Y91.368 E1316.34347
G1 X197.905 Y91.198 E1316.36197
G1 X197.626 Y91.043 E1316.3832
G1 X197.243 Y90.912 E1316.41012
G1 X196.974 Y90.871 E1316.42823
G1 X196.862 Y90.863 E1316.43569
G1 X196.55 Y90.878 E1316.45647
G1 X196.238 Y90.943 E1316.47767
G1 X195.921 Y91.067 E1316.50032
G1 X195.683 Y91.206 E1316.51865
G1 X195.464 Y91.378 E1316.53717
G1 X195.25 Y91.606 E1316.55797
G1 X195.091 Y91.835 E1316.57652
G1 X194.968 Y92.078 E1316.59464
G1 X194.878 Y92.342 E1316.61319
G1 X194.814 Y92.744 E1316.64027
G1 X194.819 Y93.029 E1316.65923
G1 X194.881 Y93.371 E1316.68235
G1 X194.972 Y93.632 E1316.70074
G1 X195.116 Y93.907 E1316.72139
G1 X195.274 Y94.125 E1316.7393
G1 X195.473 Y94.332 E1316.7584
G1 X195.694 Y94.502 E1316.77694
G1 X195.997 Y94.668 E1316.79993
G1 X196.258 Y94.762 E1316.81838
G1 X196.524 Y94.818 E1316.83646
G1 X196.805 Y94.838 E1316.8552
G1 X197.116 Y94.812 E1316.87596
G1 X197.413 Y94.741 E1316.89627
G1 X197.675 Y94.635 E1316.91508
G1 X198.001 Y94.434 E1316.94055
G1 X198.208 Y94.253 E1316.95884
G1 X198.427 Y93.992 E1316.98151
G1 X198.618 Y93.653 E1317.00739
G1 X198.728 Y93.332 E1317.02996
G1 X198.776 Y93.056 E1317.0486
G1 X198.779 Y92.666 E1317.07454
G1 X198.716 Y92.322 E1317.0978
G1 X198.629 Y92.074 E1317.11529
G1 X198.483 Y91.793 E1317.13635
G1 X198.323 Y91.573 E1317.15445
G0 F9000 X198.996 Y91.008
G1 F1500 E1316.15445
G1 F300 Z1.8
G0 F9000 X200.045 Y215.812 Z1.8
;TYPE:WALL-INNER
G1 F300 Z1.6
G1 F1500 E1317.18106
G1 F2400 X200.045 Y227.102 E1317.93207
G1 X199.986 Y227.335 E1317.94806
G1 X199.799 Y227.413 E1317.96154
G1 X198.281 Y227.413 E1318.06251
G1 X198.281 Y218.572 E1318.65062
G1 X198.242 Y217.99 E1318.68942
G1 X198.095 Y217.238 E1318.74039
G1 X198.04 Y217.068 E1318.75228
G1 X198.317 Y216.986 E1318.77149
G1 X198.881 Y216.735 E1318.81256
G1 X199.438 Y216.379 E1318.85653
G1 X199.923 Y215.956 E1318.89934
G1 X200.045 Y215.812 E1318.91189
G1 F1500 E1317.91189
G1 F300 Z1.8
G0 F9000 X200.02 Y72.726 Z1.8
G1 F300 Z1.6
G1 F1500 E1318.9385
G1 F2400 X200.044 Y72.869 E1318.94815
G1 X200.044 Y89.9 E1320.08105
G1 X199.73 Y89.574 E1320.11116
G1 X199.228 Y89.188 E1320.15329
G1 X198.604 Y88.841 E1320.20078
G1 X197.818 Y88.572 E1320.25604
G1 X197.238 Y88.483 E1320.29508
G1 X196.887 Y88.46 E1320.31848
G1 X196.247 Y88.49 E1320.3611
G1 X195.551 Y88.636 E1320.4084
G1 X194.873 Y88.9 E1320.4568
G1 X194.33 Y89.217 E1320.49863
G1 X193.84 Y89.602 E1320.54008
G1 X193.378 Y90.091 E1320.58483
G1 X193.024 Y90.604 E1320.62629
G1 X192.751 Y91.146 E1320.66666
G1 X192.541 Y91.763 E1320.71001
G1 X192.411 Y92.574 E1320.76465
G1 X192.422 Y93.266 E1320.81069
G1 X192.553 Y93.984 E1320.85924
G1 X192.764 Y94.588 E1320.9018
G1 X193.07 Y95.176 E1320.94589
G1 X193.429 Y95.669 E1320.98646
G1 X193.866 Y96.124 E1321.02843
G1 X194.377 Y96.518 E1321.07135
G1 X195.009 Y96.864 E1321.11928
G1 X195.603 Y97.077 E1321.16125
G1 X196.191 Y97.2 E1321.20121
G1 X196.82 Y97.244 E1321.24316
G1 X197.497 Y97.188 E1321.28835
G1 X198.146 Y97.033 E1321.33273
G1 X198.762 Y96.783 E1321.37695
G1 X199.43 Y96.372 E1321.42913
G1 X199.927 Y95.938 E1321.47302
G1 X200.044 Y95.799 E1321.4851
G1 X200.045 Y209.91 E1329.0758
G1 X199.626 Y209.498 E1329.11489
G1 X199.071 Y209.102 E1329.16024
G1 X198.524 Y208.826 E1329.201
G1 X197.989 Y208.637 E1329.23874
G1 X197.408 Y208.515 E1329.27823
G1 X196.779 Y208.471 E1329.32017
G1 X196.102 Y208.527 E1329.36536
G1 X195.454 Y208.682 E1329.40968
G1 X194.859 Y208.921 E1329.45234
G1 X194.308 Y209.245 E1329.49486
G1 X193.796 Y209.657 E1329.53857
G1 X193.363 Y210.127 E1329.58108
G1 X192.954 Y210.732 E1329.62966
G1 X192.646 Y211.422 E1329.67993
G1 X192.472 Y212.092 E1329.72597
G1 X192.404 Y212.762 E1329.77077
G1 X192.415 Y212.915 E1329.78097
G1 X186.233 Y212.916 E1330.1922
G1 X185.493 Y212.995 E1330.24171
G1 X184.879 Y213.137 E1330.28363
G1 X184.305 Y213.333 E1330.32398
G1 X183.756 Y213.589 E1330.36427
G1 X183.235 Y213.9 E1330.40463
G1 X182.748 Y214.268 E1330.44524
G1 X182.312 Y214.674 E1330.48487
G1 X181.965 Y215.067 E1330.51974
G1 X181.661 Y215.479 E1330.5538
G1 X181.356 Y215.985 E1330.5931
G1 X181.1 Y216.534 E1330.6334
G1 X180.904 Y217.1 E1330.67324
G1 X180.779 Y217.612 E1330.7083
G1 X180.696 Y218.201 E1330.74787
G1 X180.678 Y218.663 E1330.77862
G1 X180.678 Y227.413 E1331.36068
G1 X162.308 Y227.413 E1332.58265
G1 X162.308 Y214.388 E1333.44908
G1 X162.269 Y213.842 E1333.48549
G1 X162.183 Y213.315 E1333.52101
G1 X162.028 Y212.738 E1333.56075
G1 X161.814 Y212.183 E1333.60032
G1 X161.58 Y211.713 E1333.63525
G1 X161.268 Y211.213 E1333.67445
G1 X160.949 Y210.797 E1333.70932
G1 X160.555 Y210.372 E1333.74787
G1 X160.157 Y210.02 E1333.78322
G1 X159.749 Y209.72 E1333.81691
G1 X159.303 Y209.446 E1333.85173
G1 X158.696 Y209.156 E1333.89648
G1 X158.109 Y208.955 E1333.93775
G1 X157.517 Y208.817 E1333.97818
G1 X156.946 Y208.747 E1334.01645
G1 X156.628 Y208.733 E1334.03763
G1 X146.507 Y208.734 E1334.71088
G1 X145.853 Y208.798 E1334.75459
G1 X145.326 Y208.906 E1334.79037
G1 X144.748 Y209.081 E1334.83055
G1 X144.131 Y209.35 E1334.87532
G1 X143.663 Y209.613 E1334.91103
G1 X143.24 Y209.907 E1334.9453
G1 X142.775 Y210.294 E1334.98554
G1 X142.301 Y210.796 E1335.03147
G1 X141.931 Y211.287 E1335.07236
G1 X141.617 Y211.808 E1335.11283
G1 X141.368 Y212.346 E1335.15226
G1 X141.19 Y212.841 E1335.18726
G1 X141.043 Y213.436 E1335.22803
G1 X140.957 Y214.09 E1335.2719
G1 X140.942 Y214.484 E1335.29813
G1 X140.942 Y227.413 E1336.15817
G1 X100.241 Y227.413 E1338.86561
G1 X100.084 Y227.387 E1338.8762
G1 X99.973 Y227.258 E1338.88752
G1 X99.955 Y227.132 E1338.89599
G1 X99.955 Y215.817 E1339.64866
G1 X100.334 Y216.196 E1339.68432
G1 X100.875 Y216.594 E1339.729
G1 X101.429 Y216.885 E1339.77062
G1 X102.002 Y217.092 E1339.81115
G1 X102.593 Y217.215 E1339.85131
G1 X103.239 Y217.261 E1339.89439
G1 X104.106 Y217.173 E1339.95236
G1 X104.85 Y216.938 E1340.00426
G1 X105.452 Y216.639 E1340.04897
G1 X105.965 Y216.281 E1340.09058
G1 X106.43 Y215.846 E1340.13294
G1 X106.855 Y215.309 E1340.17849
G1 X107.221 Y214.644 E1340.22899
G1 X107.46 Y213.946 E1340.27806
G1 X107.569 Y213.324 E1340.32007
G1 X107.593 Y212.706 E1340.36121
G1 X107.525 Y212.09 E1340.40244
G1 X107.354 Y211.422 E1340.44831
G1 X107.033 Y210.705 E1340.50056
G1 X106.534 Y209.997 E1340.55818
G1 X106.027 Y209.498 E1340.6055
G1 X105.472 Y209.102 E1340.65085
G1 X104.925 Y208.826 E1340.69161
G1 X104.39 Y208.637 E1340.72935
G1 X103.809 Y208.515 E1340.76885
G1 X103.18 Y208.471 E1340.81079
G1 X102.503 Y208.527 E1340.85598
G1 X101.855 Y208.682 E1340.9003
G1 X101.26 Y208.921 E1340.94295
G1 X100.709 Y209.245 E1340.98547
G1 X100.197 Y209.657 E1341.02919
G1 X99.955 Y209.92 E1341.05296
G1 X99.956 Y95.8 E1348.64425
G1 X100.267 Y96.124 E1348.67413
G1 X100.778 Y96.518 E1348.71705
G1 X101.41 Y96.864 E1348.76498
G1 X102.004 Y97.077 E1348.80696
G1 X102.592 Y97.2 E1348.84692
G1 X103.221 Y97.244 E1348.88886
G1 X103.898 Y97.188 E1348.93405
G1 X104.547 Y97.033 E1348.97843
G1 X105.139 Y96.794 E1349.0209
G1 X105.688 Y96.474 E1349.06317
G1 X106.231 Y96.032 E1349.10975
G1 X106.631 Y95.594 E1349.14921
G1 X106.98 Y95.09 E1349.18998
G1 X107.253 Y94.55 E1349.23024
G1 X107.464 Y93.914 E1349.27481
G1 X107.577 Y93.269 E1349.31837
G1 X107.579 Y92.453 E1349.37265
G1 X107.445 Y91.707 E1349.42307
G1 X107.238 Y91.118 E1349.4646
G1 X106.93 Y90.527 E1349.50893
G1 X106.567 Y90.027 E1349.55003
G1 X106.131 Y89.574 E1349.59185
G1 X105.623 Y89.185 E1349.63442
G1 X104.993 Y88.836 E1349.68232
G1 X104.397 Y88.623 E1349.72443
G1 X103.808 Y88.5 E1349.76445
G1 X103.162 Y88.454 E1349.80753
G1 X102.295 Y88.542 E1349.8655
G1 X101.56 Y88.774 E1349.91677
G1 X100.991 Y89.05 E1349.95884
G1 X100.484 Y89.397 E1349.99971
G1 X99.98 Y89.857 E1350.0451
G1 X99.956 Y89.887 E1350.04765
G1 X99.956 Y72.866 E1351.1799
G1 X100.006 Y72.688 E1351.1922
G1 X100.116 Y72.604 E1351.2014
G1 X100.234 Y72.587 E1351.20933
G1 X199.759 Y72.587 E1357.82976
G1 X199.923 Y72.621 E1357.8409
G1 X200.02 Y72.726 E1357.85041
G0 F9000 X200.646 Y72.199
G1 F2400 X200.788 Y72.466 E1357.87053
G1 X200.844 Y72.804 E1357.89332
G1 X200.844 Y91.91 E1359.16426
G1 X200.844 Y93.201 E1359.22794
G1 X200.844 Y94.31 E1359.28239
G1 X200.844 Y209.91 E1366.97213
G1 X200.844 Y211.977 E1367.10963
G1 X200.844 Y213.045 E1367.18067
G1 X200.844 Y214.046 E1367.24726
G1 X200.845 Y227.142 E1368.11841
G1 X200.817 Y227.421 E1368.13706
G1 X200.672 Y227.77 E1368.1622
G1 X200.527 Y227.937 E1368.17691
G1 X200.235 Y228.129 E1368.20016
G1 X199.955 Y228.204 E1368.21944
G1 X199.826 Y228.213 E1368.22805
G1 X197.481 Y228.213 E1368.38404
G1 X197.481 Y218.599 E1369.02356
G1 X197.447 Y218.094 E1369.05723
G1 X197.319 Y217.438 E1369.10169
G1 X197.152 Y216.921 E1369.13783
G1 X196.939 Y216.446 E1369.17246
G1 X197.529 Y216.385 E1369.19419
G1 X198.04 Y216.234 E1369.22963
G1 X198.501 Y216.029 E1369.26319
G1 X198.957 Y215.737 E1369.29921
G1 X199.352 Y215.393 E1369.33406
G1 X199.706 Y214.975 E1369.37049
G1 X199.961 Y214.568 E1369.40244
G1 X200.193 Y214.047 E1369.44038
G1 X200.328 Y213.54 E1369.47111
G1 X200.387 Y213.045 E1369.49121
G1 X200.378 Y212.531 E1369.51164
G1 X200.281 Y211.977 E1369.53748
G1 X200.081 Y211.399 E1369.57817
G1 X199.81 Y210.905 E1369.61565
G1 X199.5 Y210.496 E1369.64979
G1 X199.11 Y210.113 E1369.68615
G1 X198.656 Y209.789 E1369.72325
G1 X198.209 Y209.563 E1369.75657
G1 X197.773 Y209.409 E1369.78733
G1 X197.297 Y209.309 E1369.81968
G1 X196.784 Y209.273 E1369.85389
G1 X196.229 Y209.319 E1369.89094
G1 X195.698 Y209.446 E1369.92725
G1 X195.213 Y209.641 E1369.96203
G1 X194.764 Y209.905 E1369.99667
G1 X194.344 Y210.243 E1370.03254
G1 X193.992 Y210.625 E1370.06709
G1 X193.656 Y211.122 E1370.107
G1 X193.404 Y211.687 E1370.14815
G1 X193.262 Y212.234 E1370.18574
G1 X193.207 Y212.774 E1370.22185
G1 X193.256 Y213.456 E1370.26733
G1 X193.336 Y213.787 E1370.28999
G1 X192.852 Y213.727 E1370.30653
G1 X192.583 Y213.715 E1370.32047
G1 X186.275 Y213.716 E1370.74008
G1 X185.626 Y213.785 E1370.78349
G1 X185.099 Y213.907 E1370.81947
G1 X184.604 Y214.076 E1370.85427
G1 X184.131 Y214.297 E1370.889
G1 X183.682 Y214.565 E1370.92378
G1 X183.263 Y214.881 E1370.95869
G1 X182.886 Y215.233 E1370.993
G1 X182.588 Y215.57 E1371.02292
G1 X182.327 Y215.924 E1371.05218
G1 X182.063 Y216.362 E1371.0862
G1 X181.842 Y216.835 E1371.12093
G1 X181.672 Y217.326 E1371.15549
G1 X181.566 Y217.763 E1371.18541
G1 X181.494 Y218.273 E1371.21967
G1 X181.478 Y218.679 E1371.2467
G1 X181.478 Y228.213 E1371.8809
G1 X161.508 Y228.213 E1373.20931
G1 X161.508 Y214.416 E1374.12709
G1 X161.474 Y213.935 E1374.15917
G1 X161.4 Y213.484 E1374.18957
G1 X161.266 Y212.986 E1374.22387
G1 X161.081 Y212.506 E1374.25809
G1 X160.881 Y212.104 E1374.28796
G1 X160.61 Y211.669 E1374.32205
G1 X160.337 Y211.314 E1374.35184
G1 X159.995 Y210.945 E1374.38531
G1 X159.654 Y210.643 E1374.41561
G1 X159.302 Y210.384 E1374.44468
G1 X158.92 Y210.15 E1374.47448
G1 X158.393 Y209.898 E1374.51334
G1 X157.888 Y209.725 E1374.54885
G1 X157.377 Y209.606 E1374.58375
G1 X156.879 Y209.545 E1374.61712
G1 X156.61 Y209.533 E1374.63503
G1 X146.546 Y209.534 E1375.30449
G1 X145.972 Y209.59 E1375.34286
G1 X145.523 Y209.682 E1375.37335
G1 X145.025 Y209.833 E1375.40796
G1 X144.488 Y210.067 E1375.44693
G1 X144.088 Y210.292 E1375.47746
G1 X143.725 Y210.544 E1375.50685
G1 X143.324 Y210.878 E1375.54157
G1 X142.913 Y211.313 E1375.58138
G1 X142.595 Y211.736 E1375.61658
G1 X142.324 Y212.184 E1375.65141
G1 X142.109 Y212.649 E1375.68549
G1 X141.957 Y213.073 E1375.71545
G1 X141.83 Y213.585 E1375.75054
G1 X141.755 Y214.157 E1375.78892
G1 X141.742 Y214.499 E1375.81168
G1 X141.742 Y228.213 E1376.72394
G1 X100.191 Y228.213 E1379.48792
G1 X99.925 Y228.182 E1379.50574
G1 X99.815 Y228.149 E1379.51338
G1 X99.593 Y228.033 E1379.53004
G1 X99.301 Y227.723 E1379.55837
G1 X99.196 Y227.475 E1379.57628
G1 X99.155 Y227.19 E1379.59544
G1 X99.155 Y213.959 E1380.47557
G1 X99.155 Y212.774 E1380.53749
G1 X99.155 Y211.687 E1380.59629
G1 X99.155 Y93.779 E1388.43619
G1 X99.155 Y92.67 E1388.4969
G1 X99.155 Y91.681 E1388.5496
G1 X99.156 Y72.817 E1389.80444
G1 X99.187 Y72.55 E1389.82232
G1 X99.348 Y72.206 E1389.84759
G1 X99.64 Y71.939 E1389.87391
G1 X99.89 Y71.831 E1389.89202
G1 X100.146 Y71.789 E1389.90928
G1 X100.208 Y71.787 E1389.9134
G1 X199.808 Y71.787 E1396.53882
G1 X200.066 Y71.817 E1396.5561
G1 X200.357 Y71.932 E1396.57691
G1 X200.646 Y72.199 E1396.60309
G0 F9000 X201.296 Y71.725
G1 F2400 X201.492 Y72.065 E1396.62919
G1 X201.553 Y72.227 E1396.64071
G1 X201.617 Y72.488 E1396.65858
G1 X201.644 Y72.768 E1396.6773
G1 X201.645 Y227.182 E1406.94896
G1 X201.604 Y227.589 E1406.97617
G1 X201.478 Y227.964 E1407.00248
G1 X201.345 Y228.206 E1407.02085
G1 X201.251 Y228.334 E1407.03142
G1 X201.067 Y228.531 E1407.04935
G1 X200.777 Y228.75 E1407.07352
G1 X200.55 Y228.867 E1407.09051
G1 X200.304 Y228.951 E1407.1078
G1 X200.056 Y228.999 E1407.1246
G1 X199.852 Y229.013 E1407.13821
G1 X196.681 Y229.013 E1407.34914
G1 X196.681 Y218.626 E1408.04009
G1 X196.652 Y218.198 E1408.06862
G1 X196.543 Y217.638 E1408.10657
G1 X196.404 Y217.209 E1408.13657
G1 X196.223 Y216.805 E1408.16602
G1 X195.967 Y216.372 E1408.19948
G1 X195.738 Y216.06 E1408.22523
G1 X195.659 Y215.973 E1408.22841
G1 X195.592 Y215.621 E1408.24132
G1 X195.047 Y215.381 E1408.25904
G1 X194.873 Y215.224 E1408.26044
G1 X194.51 Y215.036 E1408.27394
G1 X193.866 Y214.611 E1408.30892
G1 X193.667 Y214.688 E1408.32312
G1 X193.574 Y214.658 E1408.32962
G1 X193.207 Y214.577 E1408.35462
G1 X192.785 Y214.525 E1408.3829
G1 X192.565 Y214.515 E1408.39755
G1 X186.317 Y214.516 E1408.81317
G1 X185.759 Y214.575 E1408.8505
G1 X185.319 Y214.677 E1408.88054
G1 X184.904 Y214.819 E1408.90972
G1 X184.506 Y215.005 E1408.93894
G1 X184.129 Y215.23 E1408.96815
G1 X183.778 Y215.494 E1408.99736
G1 X183.461 Y215.791 E1409.02626
G1 X183.211 Y216.074 E1409.05138
G1 X182.993 Y216.369 E1409.07578
G1 X182.77 Y216.739 E1409.10452
G1 X182.584 Y217.136 E1409.13368
G1 X182.441 Y217.551 E1409.16288
G1 X182.353 Y217.914 E1409.18772
G1 X182.292 Y218.345 E1409.21668
G1 X182.278 Y218.695 E1409.23998
G1 X182.278 Y229.013 E1409.92634
G1 X160.708 Y229.013 E1411.36118
G1 X160.708 Y214.444 E1412.33031
G1 X160.679 Y214.028 E1412.35805
G1 X160.617 Y213.654 E1412.38327
G1 X160.504 Y213.234 E1412.4122
G1 X160.348 Y212.829 E1412.44107
G1 X160.182 Y212.495 E1412.46588
G1 X159.952 Y212.126 E1412.49481
G1 X159.725 Y211.831 E1412.51957
G1 X159.435 Y211.518 E1412.54795
G1 X159.15 Y211.266 E1412.57326
G1 X158.855 Y211.048 E1412.59766
G1 X158.538 Y210.854 E1412.62238
G1 X158.09 Y210.64 E1412.65541
G1 X157.667 Y210.495 E1412.68515
G1 X157.237 Y210.395 E1412.71452
G1 X156.812 Y210.343 E1412.743
G1 X156.592 Y210.333 E1412.75765
G1 X146.585 Y210.334 E1413.42332
G1 X146.091 Y210.382 E1413.45633
G1 X145.72 Y210.458 E1413.48153
G1 X145.302 Y210.585 E1413.51059
G1 X144.845 Y210.784 E1413.54374
G1 X144.513 Y210.971 E1413.56909
G1 X144.21 Y211.181 E1413.59361
G1 X143.873 Y211.462 E1413.6228
G1 X143.525 Y211.83 E1413.65649
G1 X143.259 Y212.184 E1413.68595
G1 X143.032 Y212.56 E1413.71516
G1 X142.85 Y212.953 E1413.74397
G1 X142.724 Y213.305 E1413.76884
G1 X142.617 Y213.734 E1413.79826
G1 X142.553 Y214.224 E1413.83113
G1 X142.542 Y214.514 E1413.85043
G1 X142.542 Y229.013 E1414.81491
G1 X100.142 Y229.013 E1417.63537
G1 X99.764 Y228.969 E1417.66068
G1 X99.511 Y228.892 E1417.67828
G1 X99.145 Y228.701 E1417.70574
G1 X98.855 Y228.456 E1417.73099
G1 X98.62 Y228.149 E1417.75671
G1 X98.502 Y227.917 E1417.77402
G1 X98.415 Y227.663 E1417.79188
G1 X98.357 Y227.264 E1417.8187
G1 X98.355 Y227.213 E1417.8221
G1 X98.356 Y72.769 E1428.09576
G1 X98.399 Y72.395 E1428.1208
G1 X98.453 Y72.206 E1428.13387
G1 X98.553 Y71.972 E1428.1508
G1 X98.702 Y71.728 E1428.16982
G1 X98.936 Y71.465 E1428.19324
G1 X99.239 Y71.24 E1428.21834
G1 X99.663 Y71.058 E1428.24903
G1 X100.073 Y70.99 E1428.27668
G1 X100.187 Y70.987 E1428.28427
G1 X199.858 Y70.987 E1434.91441
G1 X200.244 Y71.032 E1434.94026
G1 X200.602 Y71.156 E1434.96546
G1 X200.785 Y71.254 E1434.97927
G1 X201.024 Y71.428 E1434.99894
G1 X201.296 Y71.725 E1435.02573
G0 F9000 X201.938 Y71.245
;TYPE:WALL-OUTER
G1 F2400 X202.105 Y71.504 E1435.04623
G1 X202.23 Y71.752 E1435.0647
G1 X202.318 Y71.988 E1435.08145
G1 X202.405 Y72.339 E1435.10551
G1 X202.437 Y72.601 E1435.12307
G1 X202.444 Y72.753 E1435.13319
G1 X202.445 Y227.203 E1445.40724
G1 X202.431 Y227.479 E1445.42563
G1 X202.387 Y227.76 E1445.44455
G1 X202.303 Y228.06 E1445.46527
G1 X202.201 Y228.31 E1445.48323
G1 X202.022 Y228.635 E1445.50791
G1 X201.868 Y228.846 E1445.52529
G1 X201.618 Y229.113 E1445.54962
G1 X201.41 Y229.289 E1445.56775
G1 X201.187 Y229.439 E1445.58562
G1 X200.865 Y229.605 E1445.60972
G1 X200.514 Y229.725 E1445.6344
G1 X200.157 Y229.794 E1445.65858
G1 X199.876 Y229.813 E1445.67732
G1 X195.881 Y229.813 E1445.94307
G1 X195.881 Y218.653 E1446.68543
G1 X195.857 Y218.302 E1446.70884
G1 X195.767 Y217.839 E1446.74021
G1 X195.656 Y217.497 E1446.76413
G1 X195.511 Y217.173 E1446.78774
G1 X195.299 Y216.813 E1446.81553
G1 X195.117 Y216.566 E1446.83594
G1 X194.915 Y216.341 E1446.85606
G1 X194.885 Y216.184 E1446.86669
G1 X194.607 Y216.062 E1446.88689
G1 X194.413 Y215.887 E1446.90426
G1 X194.107 Y215.728 E1446.9272
G1 X193.77 Y215.506 E1446.95405
G1 X193.69 Y215.537 E1446.95976
G1 X193.363 Y215.431 E1446.98262
G1 X193.071 Y215.366 E1447.00252
G1 X192.718 Y215.323 E1447.02618
G1 X192.546 Y215.315 E1447.03763
G1 X186.359 Y215.316 E1447.44919
G1 X185.892 Y215.365 E1447.48043
G1 X185.54 Y215.447 E1447.50447
G1 X185.204 Y215.562 E1447.52809
G1 X184.881 Y215.713 E1447.55181
G1 X184.576 Y215.895 E1447.57544
G1 X184.293 Y216.108 E1447.599
G1 X184.035 Y216.349 E1447.62248
G1 X183.834 Y216.577 E1447.6427
G1 X183.659 Y216.814 E1447.6623
G1 X183.477 Y217.116 E1447.68575
G1 X183.327 Y217.437 E1447.70932
G1 X183.21 Y217.776 E1447.73318
G1 X183.14 Y218.065 E1447.75296
G1 X183.09 Y218.418 E1447.77668
G1 X183.078 Y218.711 E1447.79618
G1 X183.078 Y229.813 E1448.53469
G1 X159.908 Y229.813 E1450.07597
G1 X159.908 Y214.471 E1451.09652
G1 X159.884 Y214.122 E1451.11979
G1 X159.834 Y213.824 E1451.13989
G1 X159.742 Y213.482 E1451.16345
G1 X159.615 Y213.151 E1451.18703
G1 X159.483 Y212.886 E1451.20673
G1 X159.294 Y212.583 E1451.23048
G1 X159.113 Y212.348 E1451.25021
G1 X158.875 Y212.091 E1451.27351
G1 X158.646 Y211.889 E1451.29383
G1 X158.407 Y211.712 E1451.31361
G1 X158.156 Y211.558 E1451.3332
G1 X157.787 Y211.382 E1451.36039
G1 X157.446 Y211.265 E1451.38437
G1 X157.098 Y211.184 E1451.40814
G1 X156.745 Y211.141 E1451.4318
G1 X156.573 Y211.133 E1451.44325
G1 X146.624 Y211.134 E1452.10506
G1 X146.21 Y211.174 E1452.13273
G1 X145.917 Y211.234 E1452.15262
G1 X145.579 Y211.337 E1452.17613
G1 X145.202 Y211.501 E1452.20348
G1 X144.938 Y211.65 E1452.22364
G1 X144.695 Y211.818 E1452.24329
G1 X144.422 Y212.046 E1452.26695
G1 X144.137 Y212.347 E1452.29453
G1 X143.923 Y212.632 E1452.31824
G1 X143.74 Y212.936 E1452.34184
G1 X143.591 Y213.257 E1452.36538
G1 X143.49 Y213.538 E1452.38524
G1 X143.404 Y213.883 E1452.40889
G1 X143.351 Y214.291 E1452.43626
G1 X143.342 Y214.529 E1452.45211
G1 X143.342 Y229.813 E1453.4688
G1 X100.118 Y229.813 E1456.34407
G1 X99.835 Y229.794 E1456.36294
G1 X99.574 Y229.747 E1456.38058
G1 X99.229 Y229.643 E1456.40455
G1 X98.973 Y229.528 E1456.42322
G1 X98.695 Y229.364 E1456.44469
G1 X98.477 Y229.199 E1456.46288
G1 X98.278 Y229.012 E1456.48104
G1 X98.099 Y228.804 E1456.4993
G1 X97.93 Y228.557 E1456.51921
G1 X97.763 Y228.229 E1456.54369
G1 X97.642 Y227.875 E1456.56858
G1 X97.58 Y227.568 E1456.58941
G1 X97.557 Y227.304 E1456.60704
G1 X97.555 Y227.213 E1456.61309
G1 X97.556 Y72.75 E1466.88801
G1 X97.573 Y72.482 E1466.90588
G1 X97.619 Y72.215 E1466.9239
G1 X97.697 Y71.938 E1466.94304
G1 X97.838 Y71.608 E1466.96691
G1 X98.045 Y71.268 E1466.99339
G1 X98.203 Y71.07 E1467.01024
G1 X98.391 Y70.878 E1467.02812
G1 X98.599 Y70.705 E1467.04611
G1 X98.841 Y70.544 E1467.06545
G1 X99.147 Y70.39 E1467.08824
G1 X99.44 Y70.288 E1467.10887
G1 X99.751 Y70.219 E1467.13007
G1 X100.022 Y70.191 E1467.14819
G1 X100.165 Y70.187 E1467.1577
G1 X199.881 Y70.187 E1473.79084
G1 X200.15 Y70.205 E1473.80877
G1 X200.422 Y70.251 E1473.82712
G1 X200.687 Y70.327 E1473.84546
G1 X200.941 Y70.43 E1473.86369
G1 X201.216 Y70.578 E1473.88447
G1 X201.538 Y70.813 E1473.91099
G1 X201.728 Y70.995 E1473.92849
G1 X201.938 Y71.245 E1473.95021
G0 F9000 X201.23 Y71.767
G1 F1500 E1472.95021
G1 F300 Z1.8
G0 F9000 X199.254 Y73.377 Z1.8
;TYPE:SKIN
G1 F300 Z1.6
G1 F1500 E1473.97681
G1 F2100 X199.254 Y88.298 E1474.96936
G1 X198.926 Y88.116 E1474.99432
G1 X198.007 Y87.802 E1475.05892
G1 X197.324 Y87.697 E1475.10489
G1 X196.895 Y87.668 E1475.13349
G1 X196.146 Y87.704 E1475.18337
G1 X195.325 Y87.876 E1475.23917
G1 X194.529 Y88.187 E1475.29602
G1 X193.885 Y88.562 E1475.34559
G1 X193.306 Y89.017 E1475.39457
G1 X192.762 Y89.593 E1475.44728
G1 X192.343 Y90.2 E1475.49634
G1 X192.021 Y90.84 E1475.544
G1 X191.771 Y91.572 E1475.59545
G1 X191.619 Y92.517 E1475.65912
G1 X191.634 Y93.343 E1475.71408
G1 X191.787 Y94.186 E1475.77107
G1 X192.037 Y94.902 E1475.82152
G1 X192.397 Y95.593 E1475.87335
G1 X192.822 Y96.177 E1475.92139
G1 X193.337 Y96.714 E1475.97089
G1 X193.944 Y97.181 E1476.02183
G1 X194.683 Y97.587 E1476.07792
G1 X195.388 Y97.839 E1476.12772
G1 X196.082 Y97.984 E1476.17488
G1 X196.826 Y98.036 E1476.2245
G1 X197.622 Y97.97 E1476.27763
G1 X198.387 Y97.787 E1476.32995
G1 X199.12 Y97.49 E1476.38256
G1 X199.254 Y97.408 E1476.39301
G1 X199.255 Y208.31 E1483.77024
G1 X198.835 Y208.098 E1483.80154
G1 X198.202 Y207.875 E1483.84618
G1 X197.517 Y207.731 E1483.89274
G1 X196.773 Y207.679 E1483.94236
G1 X195.977 Y207.745 E1483.99549
G1 X195.213 Y207.927 E1484.04773
G1 X194.51 Y208.21 E1484.09814
G1 X193.858 Y208.593 E1484.14844
G1 X193.255 Y209.078 E1484.19992
G1 X192.741 Y209.635 E1484.25034
G1 X192.261 Y210.347 E1484.30746
G1 X191.898 Y211.16 E1484.36668
G1 X191.692 Y211.952 E1484.42112
G1 X191.674 Y212.125 E1484.43269
G1 X186.191 Y212.126 E1484.79742
G1 X185.361 Y212.215 E1484.85295
G1 X184.662 Y212.376 E1484.90066
G1 X184.009 Y212.599 E1484.94657
G1 X183.385 Y212.89 E1484.99237
G1 X182.793 Y213.244 E1485.03825
G1 X182.239 Y213.662 E1485.08442
G1 X181.745 Y214.123 E1485.12936
G1 X181.35 Y214.57 E1485.16904
G1 X181.003 Y215.04 E1485.2079
G1 X180.657 Y215.613 E1485.25243
G1 X180.367 Y216.238 E1485.29826
G1 X180.145 Y216.877 E1485.34326
G1 X180.003 Y217.462 E1485.38331
G1 X179.908 Y218.13 E1485.42819
G1 X179.888 Y218.647 E1485.46261
G1 X179.888 Y226.623 E1485.99317
G1 X163.098 Y226.623 E1487.11005
G1 X163.098 Y214.36 E1487.92579
G1 X163.055 Y213.75 E1487.96646
G1 X162.957 Y213.149 E1488.00697
G1 X162.78 Y212.493 E1488.05217
G1 X162.537 Y211.865 E1488.09696
G1 X162.271 Y211.328 E1488.13682
G1 X161.918 Y210.763 E1488.18114
G1 X161.553 Y210.287 E1488.22104
G1 X161.108 Y209.807 E1488.26458
G1 X160.653 Y209.404 E1488.30501
G1 X160.191 Y209.064 E1488.34317
G1 X159.681 Y208.751 E1488.38298
G1 X158.996 Y208.423 E1488.4335
G1 X158.327 Y208.195 E1488.48051
G1 X157.655 Y208.038 E1488.52642
G1 X157.011 Y207.959 E1488.56958
G1 X156.646 Y207.943 E1488.59388
G1 X146.468 Y207.944 E1489.27092
G1 X145.735 Y208.016 E1489.31992
G1 X145.132 Y208.14 E1489.36087
G1 X144.475 Y208.338 E1489.40652
G1 X143.779 Y208.641 E1489.45701
G1 X143.243 Y208.943 E1489.49794
G1 X142.76 Y209.277 E1489.537
G1 X142.233 Y209.717 E1489.58267
G1 X141.697 Y210.286 E1489.63467
G1 X141.275 Y210.844 E1489.6812
G1 X140.918 Y211.437 E1489.72725
G1 X140.637 Y212.046 E1489.77186
G1 X140.433 Y212.612 E1489.81188
G1 X140.265 Y213.289 E1489.85828
G1 X140.169 Y214.023 E1489.90753
G1 X140.152 Y214.469 E1489.93722
G1 X140.152 Y226.623 E1490.7457
G1 X100.745 Y226.623 E1493.36707
G1 X100.745 Y217.419 E1493.97932
G1 X101.109 Y217.61 E1494.00666
G1 X101.787 Y217.854 E1494.0546
G1 X102.484 Y217.999 E1494.10195
G1 X103.251 Y218.053 E1494.1531
G1 X104.266 Y217.951 E1494.22096
G1 X105.146 Y217.673 E1494.28235
G1 X105.856 Y217.32 E1494.33509
G1 X106.463 Y216.897 E1494.38431
G1 X107.013 Y216.383 E1494.43438
G1 X107.515 Y215.747 E1494.48828
G1 X107.946 Y214.965 E1494.54768
G1 X108.228 Y214.144 E1494.60542
G1 X108.357 Y213.407 E1494.65519
G1 X108.385 Y212.678 E1494.70372
G1 X108.304 Y211.948 E1494.75258
G1 X108.103 Y211.161 E1494.80661
G1 X107.723 Y210.312 E1494.86849
G1 X107.139 Y209.484 E1494.93589
G1 X106.537 Y208.891 E1494.9921
G1 X105.881 Y208.424 E1495.04566
G1 X105.236 Y208.098 E1495.09374
G1 X104.603 Y207.875 E1495.13838
G1 X103.918 Y207.731 E1495.18494
G1 X103.174 Y207.679 E1495.23456
G1 X102.378 Y207.745 E1495.28769
G1 X101.614 Y207.927 E1495.33993
G1 X100.911 Y208.21 E1495.39034
G1 X100.745 Y208.308 E1495.40317
G1 X100.746 Y97.402 E1502.78066
G1 X101.084 Y97.587 E1502.80629
G1 X101.789 Y97.839 E1502.8561
G1 X102.483 Y97.984 E1502.90326
G1 X103.227 Y98.036 E1502.95287
G1 X104.023 Y97.97 E1503.006
G1 X104.788 Y97.788 E1503.05831
G1 X105.488 Y97.505 E1503.10854
G1 X106.139 Y97.126 E1503.15865
G1 X106.774 Y96.608 E1503.21316
G1 X107.251 Y96.088 E1503.2601
G1 X107.661 Y95.495 E1503.30805
G1 X107.984 Y94.854 E1503.3558
G1 X108.232 Y94.108 E1503.4081
G1 X108.367 Y93.338 E1503.4601
G1 X108.369 Y92.384 E1503.52356
G1 X108.211 Y91.505 E1503.58297
G1 X107.965 Y90.802 E1503.63251
G1 X107.603 Y90.11 E1503.68446
G1 X107.174 Y89.519 E1503.73304
G1 X106.659 Y88.984 E1503.78244
G1 X106.057 Y88.522 E1503.83292
G1 X105.319 Y88.113 E1503.88904
G1 X104.612 Y87.861 E1503.93897
G1 X103.917 Y87.716 E1503.9862
G1 X103.15 Y87.662 E1504.03734
G1 X102.135 Y87.764 E1504.1052
G1 X101.267 Y88.038 E1504.16575
G1 X100.746 Y88.291 E1504.20428
G1 X100.746 Y73.377 E1505.19636
G1 X199.254 Y73.377 E1511.74914
G1 F1500 E1510.74914
G1 F300 Z1.8
G0 F9000 X181.882 Y135.246 Z1.8
G1 F300 Z1.6
G1 F1500 E1511.77575
G1 F2100 X181.226 Y135.095 E1511.82053
G1 X180.577 Y135.015 E1511.86403
G1 X180.207 Y135 E1511.88866
G1 X170.779 Y135 E1512.51581
G1 X170.063 Y135.054 E1512.56357
G1 X169.349 Y135.195 E1512.61199
G1 X168.596 Y135.431 E1512.66448
G1 X167.89 Y135.751 E1512.71604
G1 X167.368 Y136.06 E1512.75639
G1 X166.885 Y136.402 E1512.79576
G1 X166.379 Y136.843 E1512.84041
G1 X165.907 Y137.348 E1512.88639
G1 X165.487 Y137.906 E1512.93285
G1 X165.093 Y138.572 E1512.98432
G1 X164.847 Y139.12 E1513.02428
G1 X164.65 Y139.667 E1513.06296
G1 X164.486 Y140.32 E1513.10774
G1 X164.4 Y140.917 E1513.14787
G1 X164.368 Y141.497 E1513.18651
G1 X164.369 Y153.986 E1514.01728
G1 X164.412 Y154.608 E1514.05875
G1 X164.534 Y155.309 E1514.10608
G1 X164.761 Y156.074 E1514.15916
G1 X165.072 Y156.795 E1514.2114
G1 X165.423 Y157.4 E1514.25792
G1 X165.771 Y157.89 E1514.2979
G1 X166.212 Y158.396 E1514.34255
G1 X166.717 Y158.868 E1514.38853
G1 X167.258 Y159.275 E1514.43357
G1 X167.758 Y159.581 E1514.47256
G1 X168.287 Y159.845 E1514.51189
G1 X168.907 Y160.084 E1514.55609
G1 X169.49 Y160.245 E1514.59632
G1 X170.167 Y160.366 E1514.64207
G1 X170.857 Y160.407 E1514.68805
G1 X180.248 Y160.406 E1515.31274
G1 X180.882 Y160.363 E1515.35501
G1 X181.562 Y160.24 E1515.40098
G1 X182.216 Y160.055 E1515.44619
G1 X182.843 Y159.804 E1515.49112
G1 X183.391 Y159.52 E1515.53218
G1 X183.944 Y159.16 E1515.57607
G1 X184.413 Y158.786 E1515.61597
G1 X184.903 Y158.315 E1515.66119
G1 X185.339 Y157.791 E1515.70653
G1 X185.67 Y157.309 E1515.74542
G1 X185.958 Y156.801 E1515.78427
G1 X186.228 Y156.198 E1515.82822
G1 X186.422 Y155.62 E1515.86878
G1 X186.573 Y154.964 E1515.91355
G1 X186.653 Y154.315 E1515.95705
G1 X186.668 Y153.945 E1515.98169
G1 X186.669 Y141.503 E1516.80933
G1 X186.638 Y140.908 E1516.84896
G1 X186.532 Y140.224 E1516.89501
G1 X186.349 Y139.544 E1516.94185
G1 X186.072 Y138.835 E1516.99248
G1 X185.782 Y138.278 E1517.03426
G1 X185.422 Y137.725 E1517.07815
G1 X185.048 Y137.255 E1517.11811
G1 X184.577 Y136.765 E1517.16332
G1 X184.053 Y136.329 E1517.20866
G1 X183.571 Y135.998 E1517.24756
G1 X183.063 Y135.71 E1517.2864
G1 X182.46 Y135.44 E1517.33035
G1 X181.882 Y135.246 E1517.37091
G1 F1500 E1516.37091
G1 F300 Z1.8
G0 F9000 X139.832 Y225.6 Z1.8
G1 F300 Z1.6
G1 F1500 E1517.39752
G1 F2100 X101.064 Y225.6 E1519.97637
G0 F9000 X101.064 Y224.8
G1 F2100 X139.832 Y224.8 E1522.55523
G0 F9000 X139.832 Y224
G1 F2100 X101.064 Y224 E1525.13409
G0 F9000 X101.064 Y223.2
G1 F2100 X139.832 Y223.2 E1527.71295
G0 F9000 X139.832 Y222.4
G1 F2100 X101.064 Y222.4 E1530.29181
G0 F9000 X101.064 Y221.6
G1 F2100 X139.832 Y221.6 E1532.87066
G0 F9000 X139.832 Y220.8
G1 F2100 X101.064 Y220.8 E1535.44952
G0 F9000 X101.064 Y220
G1 F2100 X139.832 Y220 E1538.02838
G0 F9000 X139.832 Y219.2
G1 F2100 X101.064 Y219.2 E1540.60724
G0 F9000 X101.064 Y218.4
G1 F2100 X139.832 Y218.4 E1543.18609
G0 F9000 X139.832 Y217.6
G1 F2100 X106.008 Y217.6 E1545.43608
G0 F9000 X107.036 Y216.8
G1 F2100 X139.832 Y216.8 E1547.61768
G0 F9000 X139.832 Y216
G1 F2100 X107.722 Y216 E1549.75364
G0 F9000 X108.181 Y215.2
G1 F2100 X139.832 Y215.2 E1551.85907
G0 F9000 X139.834 Y214.4
G1 F2100 X108.478 Y214.4 E1553.94488
G0 F9000 X108.647 Y213.6
G1 F2100 X139.901 Y213.6 E1556.02391
G0 F9000 X140.057 Y212.8
G1 F2100 X108.701 Y212.8 E1558.10972
G0 F9000 X108.63 Y212
G1 F2100 X140.313 Y212 E1560.21728
G0 F9000 X140.687 Y211.2
G1 F2100 X108.441 Y211.2 E1562.36229
G0 F9000 X108.111 Y210.4
G1 F2100 X141.209 Y210.4 E1564.56398
G0 F9000 X141.903 Y209.6
G1 F2100 X107.611 Y209.6 E1566.84509
G0 F9000 X106.899 Y208.8
G1 F2100 X142.887 Y208.8 E1569.23902
G1 F1500 E1568.23902
G1 F300 Z1.8
G0 F9000 X144.489 Y208 Z1.8
G1 F300 Z1.6
G1 F1500 E1569.26563
G1 F2100 X105.751 Y208 E1571.8425
G1 F1500 E1570.8425
G1 F300 Z1.8
G0 F9000 X101.065 Y207.2 Z1.8
G1 F300 Z1.6
G1 F1500 E1571.8691
G1 F2100 X198.935 Y207.2 E1578.37944
G0 F9000 X198.935 Y206.4
G1 F2100 X101.065 Y206.4 E1584.88978
G0 F9000 X101.065 Y205.6
G1 F2100 X198.935 Y205.6 E1591.40012
G0 F9000 X198.935 Y204.8
G1 F2100 X101.065 Y204.8 E1597.91046
G0 F9000 X101.065 Y204
G1 F2100 X198.935 Y204 E1604.4208
G0 F9000 X198.935 Y203.2
G1 F2100 X101.065 Y203.2 E1610.93114
G0 F9000 X101.065 Y202.4
G1 F2100 X198.935 Y202.4 E1617.44147
G0 F9000 X198.935 Y201.6
G1 F2100 X101.065 Y201.6 E1623.95181
G0 F9000 X101.065 Y200.8
G1 F2100 X198.935 Y200.8 E1630.46215
G0 F9000 X198.935 Y200
G1 F2100 X101.065 Y200 E1636.97249
G0 F9000 X101.065 Y199.2
G1 F2100 X198.935 Y199.2 E1643.48283
G0 F9000 X198.935 Y198.4
G1 F2100 X101.065 Y198.4 E1649.99317
G0 F9000 X101.065 Y197.6
G1 F2100 X198.935 Y197.6 E1656.50351
G0 F9000 X198.935 Y196.8
G1 F2100 X101.065 Y196.8 E1663.01385
G0 F9000 X101.065 Y196
G1 F2100 X198.935 Y196 E1669.52419
G0 F9000 X198.935 Y195.2
G1 F2100 X101.065 Y195.2 E1676.03452
G0 F9000 X101.065 Y194.4
G1 F2100 X198.935 Y194.4 E1682.54486
G0 F9000 X198.935 Y193.6
G1 F2100 X101.065 Y193.6 E1689.0552
G0 F9000 X101.065 Y192.8
G1 F2100 X198.935 Y192.8 E1695.56554
G0 F9000 X198.935 Y192
G1 F2100 X101.065 Y192 E1702.07588
G0 F9000 X101.065 Y191.2
G1 F2100 X198.935 Y191.2 E1708.58622
G0 F9000 X198.935 Y190.4
G1 F2100 X101.065 Y190.4 E1715.09656
G0 F9000 X101.065 Y189.6
G1 F2100 X198.935 Y189.6 E1721.6069
G0 F9000 X198.935 Y188.8
G1 F2100 X101.065 Y188.8 E1728.11724
G0 F9000 X101.065 Y188
G1 F2100 X198.935 Y188 E1734.62757
G0 F9000 X198.935 Y187.2
G1 F2100 X101.065 Y187.2 E1741.13791
G0 F9000 X101.065 Y186.4
G1 F2100 X198.935 Y186.4 E1747.64825
G0 F9000 X198.935 Y185.6
G1 F2100 X101.065 Y185.6 E1754.15859
G0 F9000 X101.065 Y184.8
G1 F2100 X198.935 Y184.8 E1760.66893
G0 F9000 X198.935 Y184
G1 F2100 X101.065 Y184 E1767.17927
G0 F9000 X101.065 Y183.2
G1 F2100 X198.935 Y183.2 E1773.68961
G0 F9000 X198.935 Y182.4
G1 F2100 X101.065 Y182.4 E1780.19995
G0 F9000 X101.065 Y181.6
G1 F2100 X198.935 Y181.6 E1786.71028
G0 F9000 X198.935 Y180.8
G1 F2100 X101.065 Y180.8 E1793.22062
G0 F9000 X101.065 Y180
G1 F2100 X198.935 Y180 E1799.73096
G0 F9000 X198.935 Y179.2
G1 F2100 X101.065 Y179.2 E1806.2413
G0 F9000 X101.065 Y178.4
G1 F2100 X198.935 Y178.4 E1812.75164
G0 F9000 X198.935 Y177.6
G1 F2100 X101.065 Y177.6 E1819.26198
G0 F9000 X101.065 Y176.8
G1 F2100 X198.935 Y176.8 E1825.77232
G0 F9000 X198.935 Y176
G1 F2100 X101.065 Y176 E1832.28266
G0 F9000 X101.065 Y175.2
G1 F2100 X198.935 Y175.2 E1838.793
G0 F9000 X198.935 Y174.4
G1 F2100 X101.065 Y174.4 E1845.30333
G0 F9000 X101.065 Y173.6
G1 F2100 X198.935 Y173.6 E1851.81367
G0 F9000 X198.935 Y172.8
G1 F2100 X101.065 Y172.8 E1858.32401
G0 F9000 X101.065 Y172
G1 F2100 X198.935 Y172 E1864.83435
G0 F9000 X198.935 Y171.2
G1 F2100 X101.065 Y171.2 E1871.34469
G0 F9000 X101.065 Y170.4
G1 F2100 X198.935 Y170.4 E1877.85503
G0 F9000 X198.935 Y169.6
G1 F2100 X101.065 Y169.6 E1884.36537
G0 F9000 X101.065 Y168.8
G1 F2100 X198.935 Y168.8 E1890.87571
G0 F9000 X198.935 Y168
G1 F2100 X101.065 Y168 E1897.38604
G0 F9000 X101.065 Y167.2
G1 F2100 X198.935 Y167.2 E1903.89638
G0 F9000 X198.935 Y166.4
G1 F2100 X101.065 Y166.4 E1910.40672
G0 F9000 X101.065 Y165.6
G1 F2100 X198.935 Y165.6 E1916.91706
G0 F9000 X198.935 Y164.8
G1 F2100 X101.065 Y164.8 E1923.4274
G0 F9000 X101.065 Y164
G1 F2100 X198.935 Y164 E1929.93774
G0 F9000 X198.935 Y163.2
G1 F2100 X101.065 Y163.2 E1936.44808
G0 F9000 X101.065 Y162.4
G1 F2100 X198.935 Y162.4 E1942.95842
G0 F9000 X198.935 Y161.6
G1 F2100 X101.065 Y161.6 E1949.46876
G0 F9000 X101.065 Y160.8
G1 F2100 X198.935 Y160.8 E1955.97909
G0 F9000 X198.935 Y160
G1 F2100 X183.161 Y160 E1957.02839
G0 F9000 X184.407 Y159.2
G1 F2100 X198.935 Y159.2 E1957.99479
G0 F9000 X198.935 Y158.4
G1 F2100 X185.25 Y158.4 E1958.90512
G0 F9000 X185.859 Y157.6
G1 F2100 X198.935 Y157.6 E1959.77494
G0 F9000 X198.935 Y156.8
G1 F2100 X186.31 Y156.8 E1960.61476
G0 F9000 X186.633 Y156
G1 F2100 X198.935 Y156 E1961.43309
G0 F9000 X198.935 Y155.2
G1 F2100 X186.847 Y155.2 E1962.23719
G0 F9000 X186.966 Y154.4
G1 F2100 X198.935 Y154.4 E1963.03337
G0 F9000 X198.935 Y153.6
G1 F2100 X186.989 Y153.6 E1963.82802
G0 F9000 X186.989 Y152.8
G1 F2100 X198.935 Y152.8 E1964.62267
G0 F9000 X198.935 Y152
G1 F2100 X186.989 Y152 E1965.41732
G0 F9000 X186.989 Y151.2
G1 F2100 X198.935 Y151.2 E1966.21197
G0 F9000 X198.935 Y150.4
G1 F2100 X186.989 Y150.4 E1967.00663
G0 F9000 X186.989 Y149.6
G1 F2100 X198.935 Y149.6 E1967.80128
G0 F9000 X198.935 Y148.8
G1 F2100 X186.989 Y148.8 E1968.59593
G0 F9000 X186.989 Y148
G1 F2100 X198.935 Y148 E1969.39058
G0 F9000 X198.935 Y147.2
G1 F2100 X186.989 Y147.2 E1970.18523
G0 F9000 X186.989 Y146.4
G1 F2100 X198.935 Y146.4 E1970.97988
G0 F9000 X198.935 Y145.6
G1 F2100 X186.989 Y145.6 E1971.77453
G0 F9000 X186.989 Y144.8
G1 F2100 X198.935 Y144.8 E1972.56918
G0 F9000 X198.935 Y144
G1 F2100 X186.989 Y144 E1973.36383
G0 F9000 X186.989 Y143.2
G1 F2100 X198.935 Y143.2 E1974.15849
G0 F9000 X198.935 Y142.4
G1 F2100 X186.989 Y142.4 E1974.95314
G0 F9000 X186.989 Y141.6
G1 F2100 X198.935 Y141.6 E1975.74779
G0 F9000 X198.935 Y140.8
G1 F2100 X186.945 Y140.8 E1976.54537
G0 F9000 X186.803 Y140
G1 F2100 X198.935 Y140 E1977.35239
G0 F9000 X198.935 Y139.2
G1 F2100 X186.558 Y139.2 E1978.17571
G0 F9000 X186.206 Y138.4
G1 F2100 X198.935 Y138.4 E1979.02245
G0 F9000 X198.935 Y137.6
G1 F2100 X185.722 Y137.6 E1979.90138
G0 F9000 X185.054 Y136.8
G1 F2100 X198.935 Y136.8 E1980.82475
G0 F9000 X198.935 Y136
G1 F2100 X184.139 Y136 E1981.80898
G1 F1500 E1980.80898
G1 F300 Z1.8
G0 F9000 X182.707 Y135.2 Z1.8
G1 F300 Z1.6
G1 F1500 E1981.83559
G1 F2100 X198.935 Y135.2 E1982.91508
G0 F9000 X198.935 Y134.4
G1 F2100 X101.065 Y134.4 E1989.42542
G0 F9000 X101.065 Y133.6
G1 F2100 X198.935 Y133.6 E1995.93576
G0 F9000 X198.935 Y132.8
G1 F2100 X101.065 Y132.8 E2002.4461
G0 F9000 X101.065 Y132
G1 F2100 X198.935 Y132 E2008.95644
G0 F9000 X198.935 Y131.2
G1 F2100 X101.065 Y131.2 E2015.46677
G0 F9000 X101.065 Y130.4
G1 F2100 X198.935 Y130.4 E2021.97711
G0 F9000 X198.935 Y129.6
G1 F2100 X101.065 Y129.6 E2028.48745
G0 F9000 X101.065 Y128.8
G1 F2100 X198.935 Y128.8 E2034.99779
G0 F9000 X198.935 Y128
G1 F2100 X101.065 Y128 E2041.50813
G0 F9000 X101.065 Y127.2
G1 F2100 X198.935 Y127.2 E2048.01847
G0 F9000 X198.935 Y126.4
G1 F2100 X101.065 Y126.4 E2054.52881
G0 F9000 X101.065 Y125.6
G1 F2100 X198.935 Y125.6 E2061.03915
G0 F9000 X198.935 Y124.8
G1 F2100 X101.065 Y124.8 E2067.54949
G0 F9000 X101.065 Y124
G1 F2100 X198.935 Y124 E2074.05982
G0 F9000 X198.935 Y123.2
G1 F2100 X101.065 Y123.2 E2080.57016
G0 F9000 X101.065 Y122.4
G1 F2100 X198.935 Y122.4 E2087.0805
G0 F9000 X198.935 Y121.6
G1 F2100 X101.065 Y121.6 E2093.59084
G0 F9000 X101.065 Y120.8
G1 F2100 X198.935 Y120.8 E2100.10118
G0 F9000 X198.935 Y120
G1 F2100 X101.065 Y120 E2106.61152
G0 F9000 X101.065 Y119.2
G1 F2100 X198.935 Y119.2 E2113.12186
G0 F9000 X198.935 Y118.4
G1 F2100 X101.066 Y118.4 E2119.63213
G0 F9000 X101.066 Y117.6
G1 F2100 X198.935 Y117.6 E2126.1424
G0 F9000 X198.935 Y116.8
G1 F2100 X101.066 Y116.8 E2132.65267
G0 F9000 X101.066 Y116
G1 F2100 X198.935 Y116 E2139.16295
G0 F9000 X198.935 Y115.2
G1 F2100 X101.066 Y115.2 E2145.67322
G0 F9000 X101.066 Y114.4
G1 F2100 X198.935 Y114.4 E2152.18349
G0 F9000 X198.935 Y113.6
G1 F2100 X101.066 Y113.6 E2158.69376
G0 F9000 X101.066 Y112.8
G1 F2100 X198.935 Y112.8 E2165.20404
G0 F9000 X198.935 Y112
G1 F2100 X101.066 Y112 E2171.71431
G0 F9000 X101.066 Y111.2
G1 F2100 X198.935 Y111.2 E2178.22458
G0 F9000 X198.935 Y110.4
G1 F2100 X101.066 Y110.4 E2184.73485
G0 F9000 X101.066 Y109.6
G1 F2100 X198.935 Y109.6 E2191.24513
G0 F9000 X198.935 Y108.8
G1 F2100 X101.066 Y108.8 E2197.7554
G0 F9000 X101.066 Y108
G1 F2100 X198.935 Y108 E2204.26567
G0 F9000 X198.935 Y107.2
G1 F2100 X101.066 Y107.2 E2210.77594
G0 F9000 X101.066 Y106.4
G1 F2100 X198.935 Y106.4 E2217.28621
G0 F9000 X198.935 Y105.6
G1 F2100 X101.066 Y105.6 E2223.79649
G0 F9000 X101.066 Y104.8
G1 F2100 X198.935 Y104.8 E2230.30676
G0 F9000 X198.935 Y104
G1 F2100 X101.066 Y104 E2236.81703
G0 F9000 X101.066 Y103.2
G1 F2100 X198.935 Y103.2 E2243.3273
G0 F9000 X198.935 Y102.4
G1 F2100 X101.066 Y102.4 E2249.83758
G0 F9000 X101.066 Y101.6
G1 F2100 X198.935 Y101.6 E2256.34785
G0 F9000 X198.935 Y100.8
G1 F2100 X101.066 Y100.8 E2262.85812
G0 F9000 X101.066 Y100
G1 F2100 X198.935 Y100 E2269.36839
G0 F9000 X198.935 Y99.2
G1 F2100 X101.066 Y99.2 E2275.87867
G0 F9000 X101.066 Y98.4
G1 F2100 X198.935 Y98.4 E2282.38894
G1 F1500 E2281.38894
G1 F300 Z1.8
G0 F9000 X194.043 Y97.6 Z1.8
G1 F300 Z1.6
G1 F1500 E2282.41555
G1 F2100 X105.962 Y97.6 E2288.27472
G0 F9000 X107.032 Y96.8
G1 F2100 X192.977 Y96.8 E2293.9918
G0 F9000 X192.299 Y96
G1 F2100 X107.701 Y96 E2299.61928
G0 F9000 X108.169 Y95.2
G1 F2100 X191.833 Y95.2 E2305.18464
G0 F9000 X191.524 Y94.4
G1 F2100 X108.473 Y94.4 E2310.70921
G0 F9000 X108.646 Y93.6
G1 F2100 X191.357 Y93.6 E2316.21117
G0 F9000 X191.304 Y92.8
G1 F2100 X108.689 Y92.8 E2321.70674
G0 F9000 X108.624 Y92
G1 F2100 X191.377 Y92 E2327.21149
G0 F9000 X191.559 Y91.2
G1 F2100 X108.442 Y91.2 E2332.74046
G0 F9000 X108.116 Y90.4
G1 F2100 X191.882 Y90.4 E2338.3126
G0 F9000 X192.367 Y89.6
G1 F2100 X107.627 Y89.6 E2343.94952
G0 F9000 X106.925 Y88.8
G1 F2100 X193.071 Y88.8 E2349.67998
G0 F9000 X194.212 Y88
G1 F2100 X105.775 Y88 E2355.56283
G1 F1500 E2354.56283
G1 F300 Z1.8
G0 F9000 X101.066 Y87.2 Z1.8
G1 F300 Z1.6
G1 F1500 E2355.58944
G1 F2100 X198.934 Y87.2 E2362.09965
G0 F9000 X198.934 Y86.4
G1 F2100 X101.066 Y86.4 E2368.60985
G0 F9000 X101.066 Y85.6
G1 F2100 X198.934 Y85.6 E2375.12006
G0 F9000 X198.934 Y84.8
G1 F2100 X101.066 Y84.8 E2381.63026
G0 F9000 X101.066 Y84
G1 F2100 X198.934 Y84 E2388.14047
G0 F9000 X198.934 Y83.2
G1 F2100 X101.066 Y83.2 E2394.65067
G0 F9000 X101.066 Y82.4
G1 F2100 X198.934 Y82.4 E2401.16088
G0 F9000 X198.934 Y81.6
G1 F2100 X101.066 Y81.6 E2407.67109
G0 F9000 X101.066 Y80.8
G1 F2100 X198.934 Y80.8 E2414.18129
G0 F9000 X198.934 Y80
G1 F2100 X101.066 Y80 E2420.6915
G0 F9000 X101.066 Y79.2
G1 F2100 X198.934 Y79.2 E2427.2017
G0 F9000 X198.934 Y78.4
G1 F2100 X101.066 Y78.4 E2433.71191
G0 F9000 X101.066 Y77.6
G1 F2100 X198.934 Y77.6 E2440.22211
G0 F9000 X198.934 Y76.8
G1 F2100 X101.066 Y76.8 E2446.73232
G0 F9000 X101.066 Y76
G1 F2100 X198.934 Y76 E2453.24253
G0 F9000 X198.934 Y75.2
G1 F2100 X101.066 Y75.2 E2459.75273
G0 F9000 X101.066 Y74.4
G1 F2100 X198.934 Y74.4 E2466.26294
G1 F1500 E2465.26294
G1 F300 Z1.8
G0 F9000 X168.332 Y135.2 Z1.8
G1 F300 Z1.6
G1 F1500 E2466.28955
G1 F2100 X101.065 Y135.2 E2470.76416
G0 F9000 X101.065 Y136
G1 F2100 X166.898 Y136 E2475.14339
G0 F9000 X165.98 Y136.8
G1 F2100 X101.065 Y136.8 E2479.46156
G0 F9000 X101.065 Y137.6
G1 F2100 X165.316 Y137.6 E2483.73555
G0 F9000 X164.823 Y138.4
G1 F2100 X101.065 Y138.4 E2487.97675
G0 F9000 X101.065 Y139.2
G1 F2100 X164.477 Y139.2 E2492.19493
G0 F9000 X164.236 Y140
G1 F2100 X101.065 Y140 E2496.39709
G0 F9000 X101.065 Y140.8
G1 F2100 X164.093 Y140.8 E2500.58973
G0 F9000 X164.049 Y141.6
G1 F2100 X101.065 Y141.6 E2504.77944
G0 F9000 X101.065 Y142.4
G1 F2100 X164.049 Y142.4 E2508.96915
G0 F9000 X164.049 Y143.2
G1 F2100 X101.065 Y143.2 E2513.15886
G0 F9000 X101.065 Y144
G1 F2100 X164.049 Y144 E2517.34858
G0 F9000 X164.049 Y144.8
G1 F2100 X101.065 Y144.8 E2521.53829
G0 F9000 X101.065 Y145.6
G1 F2100 X164.049 Y145.6 E2525.728
G0 F9000 X164.049 Y146.4
G1 F2100 X101.065 Y146.4 E2529.91771
G0 F9000 X101.065 Y147.2
G1 F2100 X164.049 Y147.2 E2534.10743
G0 F9000 X164.049 Y148
G1 F2100 X101.065 Y148 E2538.29714
G0 F9000 X101.065 Y148.8
G1 F2100 X164.049 Y148.8 E2542.48685
G0 F9000 X164.049 Y149.6
G1 F2100 X101.065 Y149.6 E2546.67656
G0 F9000 X101.065 Y150.4
G1 F2100 X164.049 Y150.4 E2550.86628
G0 F9000 X164.049 Y151.2
G1 F2100 X101.065 Y151.2 E2555.05599
G0 F9000 X101.065 Y152
G1 F2100 X164.049 Y152 E2559.2457
G0 F9000 X164.049 Y152.8
G1 F2100 X101.065 Y152.8 E2563.43542
G0 F9000 X101.065 Y153.6
G1 F2100 X164.049 Y153.6 E2567.62513
G0 F9000 X164.077 Y154.4
G1 F2100 X101.065 Y154.4 E2571.8167
G0 F9000 X101.065 Y155.2
G1 F2100 X164.191 Y155.2 E2576.01586
G0 F9000 X164.406 Y156
G1 F2100 X101.065 Y156 E2580.22932
G0 F9000 X101.065 Y156.8
G1 F2100 X164.726 Y156.8 E2584.46407
G0 F9000 X165.172 Y157.6
G1 F2100 X101.065 Y157.6 E2588.72848
G0 F9000 X101.065 Y158.4
G1 F2100 X165.791 Y158.4 E2593.03408
G0 F9000 X166.626 Y159.2
G1 F2100 X101.065 Y159.2 E2597.39521
G0 F9000 X101.065 Y160
G1 F2100 X167.882 Y160 E2601.8399
G1 F1500 E2600.8399
G1 F300 Z1.8
G0 F9000 X158.745 Y208 Z1.8
G1 F300 Z1.6
G1 F1500 E2601.8665
G1 F2100 X194.236 Y208 E2604.22737
G0 F9000 X193.089 Y208.8
G1 F2100 X160.373 Y208.8 E2606.40365
G0 F9000 X161.352 Y209.6
G1 F2100 X192.377 Y209.6 E2608.46744
G0 F9000 X191.887 Y210.4
G1 F2100 X162.043 Y210.4 E2610.45267
G0 F9000 X162.564 Y211.2
G1 F2100 X191.556 Y211.2 E2612.38123
G1 F1500 E2611.38123
G1 F300 Z1.8
G0 F9000 X184.868 Y212 Z1.8
G1 F300 Z1.6
G1 F1500 E2612.40784
G1 F2100 X162.931 Y212 E2613.86709
G0 F9000 X163.195 Y212.8
G1 F2100 X182.912 Y212.8 E2615.17867
G0 F9000 X181.836 Y213.6
G1 F2100 X163.355 Y213.6 E2616.40803
G0 F9000 X163.418 Y214.4
G1 F2100 X181.077 Y214.4 E2617.58272
G0 F9000 X180.531 Y215.2
G1 F2100 X163.418 Y215.2 E2618.72108
G0 F9000 X163.418 Y216
G1 F2100 X180.125 Y216 E2619.83243
G0 F9000 X179.834 Y216.8
G1 F2100 X163.418 Y216.8 E2620.92443
G0 F9000 X163.418 Y217.6
G1 F2100 X179.66 Y217.6 E2622.00485
G0 F9000 X179.577 Y218.4
G1 F2100 X163.418 Y218.4 E2623.07975
G0 F9000 X163.418 Y219.2
G1 F2100 X179.568 Y219.2 E2624.15405
G0 F9000 X179.568 Y220
G1 F2100 X163.418 Y220 E2625.22836
G0 F9000 X163.418 Y220.8
G1 F2100 X179.568 Y220.8 E2626.30266
G0 F9000 X179.568 Y221.6
G1 F2100 X163.418 Y221.6 E2627.37696
G0 F9000 X163.418 Y222.4
G1 F2100 X179.568 Y222.4 E2628.45126
G0 F9000 X179.568 Y223.2
G1 F2100 X163.418 Y223.2 E2629.52557
G0 F9000 X163.418 Y224
G1 F2100 X179.568 Y224 E2630.59987
G0 F9000 X179.568 Y224.8
G1 F2100 X163.418 Y224.8 E2631.67417
G0 F9000 X163.418 Y225.6
G1 F2100 X179.568 Y225.6 E2632.74847
G1 F1500 E2631.74847
G1 F300 Z1.8
G0 F9000 X199.071 Y226.623 Z1.8
G1 F300 Z1.6
G1 F1500 E2632.77508
G1 F2100 X199.071 Y218.546 E2633.31237
G1 X199.026 Y217.887 E2633.3563
G1 X198.963 Y217.563 E2633.37826
G1 X199.255 Y217.432 E2633.39955
G1 X199.255 Y226.623 E2634.01094
G1 X199.071 Y226.623 E2634.02318
G1 F1500 E2633.02318
G1 F300 Z1.8
;MESH:NONMESH
G0 F9000 X198.861 Y90.864 Z1.8
;TIME_ELAPSED:5776.697842
;LAYER:8
;TYPE:WALL-INNER
;MESH:Top of Case.STL
G1 F300 Z1.8
G1 F1500 E2634.04979
G1 F2400 X199.056 Y91.088 E2634.06954
G1 X199.31 Y91.473 E2634.10022
G1 X199.423 Y91.701 E2634.11715
G1 X199.505 Y91.913 E2634.13227
G1 X199.577 Y92.156 E2634.14913
G1 X199.654 Y92.616 E2634.18015
G1 X199.663 Y92.843 E2634.19527
G1 X199.651 Y93.109 E2634.21298
G1 X199.61 Y93.399 E2634.23246
G1 X199.554 Y93.631 E2634.24834
G1 X199.449 Y93.933 E2634.26961
G1 X199.328 Y94.194 E2634.28874
G1 X199.203 Y94.407 E2634.30517
G1 X199.013 Y94.667 E2634.32659
G1 X198.865 Y94.834 E2634.34144
G1 X198.666 Y95.021 E2634.3596
G1 X198.275 Y95.303 E2634.39167
G1 X198.063 Y95.419 E2634.40774
G1 X197.829 Y95.521 E2634.42472
G1 X197.578 Y95.605 E2634.44233
G1 X197.291 Y95.67 E2634.46191
G1 X196.939 Y95.709 E2634.48546
G1 X196.688 Y95.712 E2634.50216
G1 X196.247 Y95.66 E2634.5317
G1 X196.005 Y95.602 E2634.54826
G1 X195.72 Y95.502 E2634.56835
G1 X195.375 Y95.335 E2634.59384
G1 X195 Y95.076 E2634.62416
G1 X194.731 Y94.828 E2634.6485
G1 X194.533 Y94.6 E2634.66859
G1 X194.272 Y94.196 E2634.70058
G1 X194.159 Y93.956 E2634.71823
G1 X194.091 Y93.779 E2634.73084
G1 X194.008 Y93.489 E2634.7509
G1 X193.958 Y93.195 E2634.77074
G1 X193.941 Y93.005 E2634.78343
G1 X193.94 Y92.698 E2634.80385
G1 X193.963 Y92.463 E2634.81956
G1 X194.023 Y92.15 E2634.84076
G1 X194.088 Y91.93 E2634.85602
G1 X194.215 Y91.616 E2634.87855
G1 X194.429 Y91.244 E2634.9071
G1 X194.58 Y91.042 E2634.92388
G1 X194.735 Y90.865 E2634.93953
G1 X194.933 Y90.679 E2634.9576
G1 X195.324 Y90.397 E2634.98967
G1 X195.536 Y90.281 E2635.00574
G1 X195.767 Y90.18 E2635.02251
G1 X196.025 Y90.094 E2635.0406
G1 X196.312 Y90.028 E2635.06019
G1 X196.555 Y89.997 E2635.07649
G1 X196.806 Y89.986 E2635.0932
G1 X197.056 Y89.998 E2635.10985
G1 X197.353 Y90.04 E2635.1298
G1 X197.594 Y90.098 E2635.14629
G1 X197.879 Y90.198 E2635.16638
G1 X198.055 Y90.277 E2635.17922
G1 X198.324 Y90.426 E2635.19967
G1 X198.678 Y90.689 E2635.22901
G1 X198.861 Y90.864 E2635.24585
G0 F9000 X198.297 Y91.542
;TYPE:WALL-OUTER
G1 F2400 X198.099 Y91.346 E2635.26438
G1 X197.809 Y91.138 E2635.28812
G1 X197.577 Y91.021 E2635.30541
G1 X197.206 Y90.904 E2635.33128
G1 X196.93 Y90.867 E2635.34981
G1 X196.805 Y90.863 E2635.35813
G1 X196.549 Y90.878 E2635.37519
G1 X196.266 Y90.935 E2635.39439
G1 X196.006 Y91.028 E2635.41276
G1 X195.738 Y91.169 E2635.4329
G1 X195.469 Y91.372 E2635.45532
G1 X195.251 Y91.605 E2635.47654
G1 X195.092 Y91.833 E2635.49503
G1 X194.958 Y92.102 E2635.51503
G1 X194.871 Y92.369 E2635.53371
G1 X194.819 Y92.676 E2635.55442
G1 X194.814 Y92.962 E2635.57345
G1 X194.857 Y93.27 E2635.59413
G1 X194.946 Y93.569 E2635.61489
G1 X195.073 Y93.835 E2635.63449
G1 X195.259 Y94.105 E2635.6563
G1 X195.469 Y94.327 E2635.67663
G1 X195.689 Y94.498 E2635.69517
G1 X196.022 Y94.679 E2635.72038
G1 X196.393 Y94.796 E2635.74625
G1 X196.667 Y94.833 E2635.76465
G1 X196.948 Y94.833 E2635.78334
G1 X197.256 Y94.785 E2635.80407
G1 X197.552 Y94.69 E2635.82475
G1 X197.889 Y94.513 E2635.85008
G1 X198.131 Y94.327 E2635.87038
G1 X198.348 Y94.095 E2635.89151
G1 X198.504 Y93.872 E2635.90961
G1 X198.641 Y93.598 E2635.92999
G1 X198.757 Y93.197 E2635.95776
G1 X198.786 Y92.922 E2635.97615
G1 X198.779 Y92.664 E2635.99332
G1 X198.716 Y92.321 E2636.01652
G1 X198.622 Y92.057 E2636.03516
G1 X198.482 Y91.792 E2636.0551
G1 X198.297 Y91.542 E2636.07579
G0 F9000 X198.904 Y91.017
;TYPE:WALL-INNER
G1 F2400 X198.617 Y90.733 E2636.08397
G1 X198.225 Y90.452 E2636.09134
G1 X197.879 Y90.278 E2636.10438
G1 X197.381 Y90.12 E2636.11675
G1 X196.996 Y90.069 E2636.1222
G1 X196.794 Y90.062 E2636.12418
G1 X196.446 Y90.083 E2636.13378
G1 X196.051 Y90.162 E2636.14349
G1 X195.683 Y90.294 E2636.15037
G1 X195.308 Y90.491 E2636.15881
G1 X194.932 Y90.775 E2636.16595
G1 X194.628 Y91.1 E2636.17516
G1 X194.402 Y91.424 E2636.18846
G1 X194.216 Y91.798 E2636.20302
G1 X194.092 Y92.177 E2636.21199
G1 X194.02 Y92.602 E2636.22327
G1 X194.013 Y93.011 E2636.22893
G1 X194.073 Y93.44 E2636.24342
G1 X194.197 Y93.857 E2636.25113
G1 X194.378 Y94.237 E2636.2594
G1 X194.635 Y94.61 E2636.26714
G1 X194.93 Y94.921 E2636.28362
G1 X195.25 Y95.17 E2636.29752
G1 X195.708 Y95.419 E2636.3139
G1 X196.218 Y95.58 E2636.32668
G1 X196.613 Y95.633 E2636.33156
G1 X197.01 Y95.633 E2636.33888
G1 X197.441 Y95.566 E2636.35295
G1 X197.863 Y95.431 E2636.36148
G1 X198.322 Y95.189 E2636.3758
G1 X198.67 Y94.921 E2636.38348
G1 X198.971 Y94.6 E2636.39292
G1 X199.193 Y94.282 E2636.40177
G1 X199.389 Y93.89 E2636.41033
G1 X199.545 Y93.351 E2636.42385
G1 X199.587 Y92.953 E2636.43625
G1 X199.577 Y92.58 E2636.44383
G1 X199.491 Y92.113 E2636.45074
G1 X199.356 Y91.734 E2636.46249
G1 X199.161 Y91.365 E2636.47612
G1 X198.904 Y91.017 E2636.48998
G0 F9000 X199.443 Y90.313
;TYPE:WALL-OUTER
G1 F2400 X199.687 Y90.594 E2636.51474
G1 X199.868 Y90.848 E2636.53548
G1 X200.012 Y91.088 E2636.5541
G1 X200.154 Y91.375 E2636.5754
G1 X200.263 Y91.654 E2636.59533
G1 X200.354 Y91.961 E2636.61663
G1 X200.412 Y92.248 E2636.63611
G1 X200.451 Y92.544 E2636.65597
G1 X200.464 Y92.847 E2636.67614
G1 X200.448 Y93.182 E2636.69845
G1 X200.396 Y93.553 E2636.72337
G1 X200.323 Y93.856 E2636.7441
G1 X200.194 Y94.228 E2636.77029
G1 X200.036 Y94.568 E2636.79523
G1 X199.87 Y94.85 E2636.817
G1 X199.638 Y95.167 E2636.84313
G1 X199.438 Y95.393 E2636.86321
G1 X199.192 Y95.625 E2636.8857
G1 X198.954 Y95.814 E2636.90592
G1 X198.69 Y95.988 E2636.92695
G1 X198.408 Y96.142 E2636.94832
G1 X198.118 Y96.268 E2636.96936
G1 X197.794 Y96.376 E2636.99207
G1 X197.426 Y96.46 E2637.01718
G1 X196.987 Y96.509 E2637.04657
G1 X196.658 Y96.512 E2637.06845
G1 X196.346 Y96.485 E2637.08929
G1 X196.094 Y96.446 E2637.10625
G1 X195.782 Y96.371 E2637.12759
G1 X195.418 Y96.244 E2637.15324
G1 X195.189 Y96.141 E2637.16994
G1 X194.965 Y96.022 E2637.18681
G1 X194.75 Y95.887 E2637.2037
G1 X194.482 Y95.687 E2637.22595
G1 X194.156 Y95.387 E2637.25542
G1 X193.909 Y95.102 E2637.2805
G1 X193.721 Y94.837 E2637.30212
G1 X193.56 Y94.562 E2637.32331
G1 X193.423 Y94.271 E2637.34471
G1 X193.333 Y94.037 E2637.36139
G1 X193.228 Y93.669 E2637.38684
G1 X193.163 Y93.293 E2637.41223
G1 X193.141 Y93.042 E2637.42899
G1 X193.14 Y92.663 E2637.4542
G1 X193.171 Y92.342 E2637.47565
G1 X193.244 Y91.962 E2637.50139
G1 X193.333 Y91.663 E2637.52214
G1 X193.486 Y91.285 E2637.54927
G1 X193.625 Y91.02 E2637.56917
G1 X193.77 Y90.789 E2637.58732
G1 X193.954 Y90.542 E2637.60781
G1 X194.161 Y90.307 E2637.62864
G1 X194.407 Y90.075 E2637.65113
G1 X194.645 Y89.886 E2637.67135
G1 X194.909 Y89.712 E2637.69238
G1 X195.191 Y89.558 E2637.71375
G1 X195.481 Y89.432 E2637.73479
G1 X195.807 Y89.323 E2637.75765
G1 X196.164 Y89.241 E2637.78202
G1 X196.487 Y89.199 E2637.80369
G1 X196.811 Y89.186 E2637.82526
G1 X197.133 Y89.201 E2637.8467
G1 X197.505 Y89.254 E2637.87169
G1 X197.817 Y89.329 E2637.89304
G1 X198.181 Y89.456 E2637.91868
G1 X198.41 Y89.559 E2637.93539
G1 X198.743 Y89.744 E2637.96073
G1 X198.96 Y89.891 E2637.97816
G1 X199.205 Y90.086 E2637.99899
G1 X199.443 Y90.313 E2638.02087
G0 F9000 X198.807 Y90.92
G1 F1500 E2637.02087
G1 F300 Z2
G0 F9000 X105.831 Y91.72 Z2
;TYPE:WALL-INNER
G1 F300 Z1.8
G1 F1500 E2638.04748
G1 F2400 X105.939 Y92.016 E2638.06844
G1 X106.033 Y92.44 E2638.09733
G1 X106.062 Y92.745 E2638.11771
G1 X106.047 Y93.163 E2638.14553
G1 X106.006 Y93.412 E2638.16232
G1 X105.939 Y93.685 E2638.18102
G1 X105.859 Y93.911 E2638.19696
G1 X105.703 Y94.238 E2638.22106
G1 X105.55 Y94.487 E2638.2405
G1 X105.364 Y94.725 E2638.2606
G1 X105.189 Y94.909 E2638.27749
G1 X104.933 Y95.129 E2638.29994
G1 X104.656 Y95.315 E2638.32214
G1 X104.457 Y95.422 E2638.33717
G1 X104.202 Y95.532 E2638.35564
G1 X103.939 Y95.615 E2638.37399
G1 X103.725 Y95.665 E2638.38861
G1 X103.455 Y95.703 E2638.40674
G1 X103.256 Y95.712 E2638.41999
G1 X102.991 Y95.705 E2638.43763
G1 X102.738 Y95.675 E2638.45458
G1 X102.545 Y95.636 E2638.46767
G1 X102.264 Y95.555 E2638.48713
G1 X102.043 Y95.467 E2638.50295
G1 X101.76 Y95.323 E2638.52407
G1 X101.521 Y95.169 E2638.54299
G1 X101.291 Y94.983 E2638.56266
G1 X101.065 Y94.755 E2638.58402
G1 X100.883 Y94.53 E2638.60327
G1 X100.749 Y94.328 E2638.61939
G1 X100.606 Y94.059 E2638.63966
G1 X100.501 Y93.799 E2638.65831
G1 X100.407 Y93.475 E2638.68075
G1 X100.369 Y93.273 E2638.69442
G1 X100.339 Y92.952 E2638.71587
G1 X100.356 Y92.529 E2638.74403
G1 X100.394 Y92.291 E2638.76006
G1 X100.465 Y92.005 E2638.77967
G1 X100.564 Y91.735 E2638.7988
G1 X100.671 Y91.508 E2638.81549
G1 X100.773 Y91.331 E2638.82908
G1 X100.939 Y91.095 E2638.84827
G1 X101.134 Y90.869 E2638.86813
G1 X101.277 Y90.731 E2638.88135
G1 X101.474 Y90.568 E2638.89836
G1 X101.712 Y90.406 E2638.91751
G1 X101.943 Y90.279 E2638.93504
G1 X102.199 Y90.168 E2638.9536
G1 X102.462 Y90.085 E2638.97195
G1 X102.676 Y90.035 E2638.98657
G1 X102.946 Y89.997 E2639.0047
G1 X103.145 Y89.988 E2639.01796
G1 X103.41 Y89.995 E2639.03559
G1 X103.663 Y90.025 E2639.05254
G1 X104.103 Y90.133 E2639.08268
G1 X104.526 Y90.313 E2639.11325
G1 X104.728 Y90.429 E2639.12875
G1 X105.005 Y90.629 E2639.15148
G1 X105.209 Y90.811 E2639.16966
G1 X105.425 Y91.049 E2639.19104
G1 X105.567 Y91.241 E2639.20693
G1 X105.733 Y91.516 E2639.2283
G1 X105.831 Y91.72 E2639.24335
G0 F9000 X105.023 Y92.057
;TYPE:WALL-OUTER
G1 F2400 X104.883 Y91.792 E2639.26329
G1 X104.698 Y91.542 E2639.28398
G1 X104.5 Y91.346 E2639.30251
G1 X104.186 Y91.123 E2639.32813
G1 X103.938 Y91.005 E2639.3464
G1 X103.616 Y90.906 E2639.36881
G1 X103.331 Y90.867 E2639.38794
G1 X103.206 Y90.863 E2639.39626
G1 X102.95 Y90.878 E2639.41332
G1 X102.621 Y90.949 E2639.43571
G1 X102.268 Y91.094 E2639.46109
G1 X101.999 Y91.267 E2639.48237
G1 X101.746 Y91.494 E2639.50498
G1 X101.567 Y91.715 E2639.5239
G1 X101.425 Y91.956 E2639.5425
G1 X101.317 Y92.212 E2639.56099
G1 X101.241 Y92.513 E2639.58164
G1 X101.213 Y92.821 E2639.60221
G1 X101.232 Y93.127 E2639.6226
G1 X101.295 Y93.421 E2639.64261
G1 X101.396 Y93.684 E2639.66135
G1 X101.553 Y93.964 E2639.6827
G1 X101.752 Y94.211 E2639.7038
G1 X101.983 Y94.422 E2639.72461
G1 X102.191 Y94.562 E2639.74129
G1 X102.423 Y94.679 E2639.75857
G1 X102.794 Y94.796 E2639.78445
G1 X103.068 Y94.833 E2639.80284
G1 X103.349 Y94.833 E2639.82153
G1 X103.657 Y94.785 E2639.84227
G1 X103.953 Y94.69 E2639.86295
G1 X104.2 Y94.568 E2639.88128
G1 X104.451 Y94.396 E2639.90152
G1 X104.655 Y94.206 E2639.92006
G1 X104.833 Y93.985 E2639.93894
G1 X104.976 Y93.744 E2639.95758
G1 X105.084 Y93.488 E2639.97606
G1 X105.159 Y93.188 E2639.99663
G1 X105.187 Y92.922 E2640.01442
G1 X105.179 Y92.66 E2640.03186
G1 X105.117 Y92.322 E2640.05472
G1 X105.023 Y92.057 E2640.07342
G0 F9000 X105.562 Y91.365
;TYPE:WALL-INNER
G1 F2400 X105.305 Y91.017 E2640.08266
G1 X105.016 Y90.732 E2640.09831
G1 X104.593 Y90.43 E2640.10801
G1 X104.229 Y90.257 E2640.11722
G1 X103.789 Y90.122 E2640.13059
G1 X103.398 Y90.069 E2640.13838
G1 X103.195 Y90.062
G1 X102.842 Y90.083 E2640.14593
G1 X102.383 Y90.182 E2640.15719
G1 X101.897 Y90.382 E2640.16863
G1 X101.512 Y90.629 E2640.17825
G1 X101.164 Y90.941 E2640.18937
G1 X100.908 Y91.258 E2640.20166
G1 X100.709 Y91.596 E2640.21099
G1 X100.556 Y91.957 E2640.22579
G1 X100.45 Y92.378 E2640.23356
G1 X100.411 Y92.81 E2640.24583
G1 X100.437 Y93.236 E2640.25677
G1 X100.526 Y93.65 E2640.26779
G1 X100.67 Y94.025 E2640.2783
G1 X100.888 Y94.414 E2640.29068
G1 X101.167 Y94.76 E2640.29917
G1 X101.487 Y95.053 E2640.31495
G1 X101.786 Y95.254 E2640.32323
G1 X102.121 Y95.422 E2640.32745
G1 X102.619 Y95.58 E2640.33807
G1 X103.014 Y95.633 E2640.34592
G1 X103.411 Y95.633 E2640.35868
G1 X103.842 Y95.566 E2640.3676
G1 X104.254 Y95.434 E2640.37552
G1 X104.605 Y95.26 E2640.39026
G1 X104.953 Y95.022 E2640.39602
G1 X105.242 Y94.752 E2640.40847
G1 X105.492 Y94.442 E2640.41684
G1 X105.692 Y94.105 E2640.42644
G1 X105.845 Y93.742 E2640.43937
G1 X105.949 Y93.328 E2640.44683
G1 X105.988 Y92.952 E2640.46181
G1 X105.977 Y92.575 E2640.47667
G1 X105.892 Y92.115 E2640.48742
G1 X105.758 Y91.735 E2640.49303
G1 X105.562 Y91.365 E2640.50922
G0 F9000 X106.438 Y91.136
;TYPE:WALL-OUTER
G1 F2400 X106.57 Y91.413 E2640.52963
G1 X106.705 Y91.78 E2640.55564
G1 X106.781 Y92.074 E2640.57584
G1 X106.828 Y92.34 E2640.59381
G1 X106.862 Y92.705 E2640.61819
G1 X106.861 Y93.007 E2640.63828
G1 X106.842 Y93.258 E2640.65503
G1 X106.791 Y93.573 E2640.67625
G1 X106.707 Y93.912 E2640.69949
G1 X106.6 Y94.217 E2640.72099
G1 X106.407 Y94.621 E2640.75077
G1 X106.208 Y94.944 E2640.77601
G1 X105.972 Y95.247 E2640.80156
G1 X105.74 Y95.49 E2640.8239
G1 X105.415 Y95.769 E2640.8524
G1 X105.088 Y95.989 E2640.87861
G1 X105.046 Y96.014 E2640.88186
G1 X104.806 Y96.143 E2640.89999
G1 X104.48 Y96.283 E2640.92359
G1 X104.151 Y96.387 E2640.94654
G1 X103.878 Y96.451 E2640.9652
G1 X103.526 Y96.5 E2640.98884
G1 X103.26 Y96.513 E2641.00655
G1 X102.934 Y96.504 E2641.02825
G1 X102.616 Y96.467 E2641.04954
G1 X102.349 Y96.413 E2641.06766
G1 X102.006 Y96.314 E2641.09141
G1 X101.708 Y96.195 E2641.11276
G1 X101.365 Y96.02 E2641.13837
G1 X101.052 Y95.818 E2641.16315
G1 X100.751 Y95.575 E2641.18888
G1 X100.472 Y95.294 E2641.21522
G1 X100.242 Y95.011 E2641.23948
G1 X100.062 Y94.739 E2641.26118
G1 X99.876 Y94.389 E2641.28754
G1 X99.743 Y94.06 E2641.31115
G1 X99.629 Y93.665 E2641.3385
G1 X99.577 Y93.39 E2641.35712
G1 X99.539 Y92.989 E2641.38391
G1 X99.54 Y92.693 E2641.4036
G1 X99.56 Y92.44 E2641.42048
G1 X99.61 Y92.127 E2641.44157
G1 X99.697 Y91.776 E2641.46562
G1 X99.825 Y91.427 E2641.49035
G1 X99.961 Y91.139 E2641.51154
G1 X100.098 Y90.901 E2641.5298
G1 X100.309 Y90.601 E2641.5542
G1 X100.553 Y90.318 E2641.57906
G1 X100.748 Y90.13 E2641.59708
G1 X100.989 Y89.93 E2641.61791
G1 X101.297 Y89.721 E2641.64267
G1 X101.589 Y89.561 E2641.66482
G1 X101.921 Y89.417 E2641.68889
G1 X102.25 Y89.313 E2641.71184
G1 X102.523 Y89.249 E2641.73049
G1 X102.875 Y89.2 E2641.75414
G1 X103.141 Y89.187 E2641.77185
G1 X103.467 Y89.196 E2641.79354
G1 X103.785 Y89.233 E2641.81484
G1 X104.052 Y89.287 E2641.83296
G1 X104.357 Y89.374 E2641.85406
G1 X104.629 Y89.477 E2641.87341
G1 X104.89 Y89.6 E2641.8926
G1 X105.168 Y89.76 E2641.91394
G1 X105.506 Y90.003 E2641.94163
G1 X105.776 Y90.244 E2641.9657
G1 X106.04 Y90.535 E2641.99184
G1 X106.232 Y90.794 E2642.01329
G1 X106.438 Y91.136 E2642.03984
G0 F9000 X105.663 Y91.552
G1 F1500 E2641.03984
G1 F300 Z2
G0 F9000 X105.152 Y210.77 Z2
;TYPE:WALL-INNER
G1 F300 Z1.8
G1 F1500 E2642.06645
G1 F2400 X105.327 Y210.947 E2642.08301
G1 X105.518 Y211.184 E2642.10326
G1 X105.677 Y211.429 E2642.12269
G1 X105.793 Y211.651 E2642.13935
G1 X105.896 Y211.901 E2642.15733
G1 X106.014 Y212.332 E2642.18706
G1 X106.055 Y212.623 E2642.20661
G1 X106.054 Y213.099 E2642.23827
G1 X106.004 Y213.441 E2642.26126
G1 X105.957 Y213.639 E2642.2748
G1 X105.835 Y213.983 E2642.29908
G1 X105.619 Y214.395 E2642.33002
G1 X105.453 Y214.631 E2642.34922
G1 X105.27 Y214.843 E2642.36785
G1 X105.087 Y215.018 E2642.38469
G1 X104.859 Y215.199 E2642.40406
G1 X104.587 Y215.369 E2642.42539
G1 X104.374 Y215.476 E2642.44125
G1 X104.103 Y215.582 E2642.4606
G1 X103.788 Y215.666 E2642.48229
G1 X103.553 Y215.706 E2642.49815
G1 X103.249 Y215.727 E2642.51842
G1 X102.767 Y215.695 E2642.55055
G1 X102.458 Y215.629 E2642.57157
G1 X102.17 Y215.536 E2642.5917
G1 X101.968 Y215.449 E2642.60633
G1 X101.726 Y215.319 E2642.62461
G1 X101.562 Y215.213 E2642.6376
G1 X101.325 Y215.027 E2642.65764
G1 X101.108 Y214.818 E2642.67768
G1 X100.953 Y214.637 E2642.69353
G1 X100.767 Y214.371 E2642.71512
G1 X100.653 Y214.17 E2642.73049
G1 X100.529 Y213.892 E2642.75074
G1 X100.431 Y213.591 E2642.7718
G1 X100.387 Y213.396 E2642.7851
G1 X100.349 Y213.124 E2642.80336
G1 X100.339 Y212.803 E2642.82473
G1 X100.372 Y212.423 E2642.8501
G1 X100.423 Y212.169 E2642.86733
G1 X100.559 Y211.763 E2642.89582
G1 X100.695 Y211.482 E2642.91658
G1 X100.853 Y211.227 E2642.93654
G1 X101.038 Y210.989 E2642.95659
G1 X101.251 Y210.768 E2642.97701
G1 X101.481 Y210.577 E2642.99689
G1 X101.675 Y210.444 E2643.01254
G1 X101.964 Y210.284 E2643.03452
G1 X102.369 Y210.125 E2643.06346
G1 X102.848 Y210.024 E2643.09602
G1 X103.152 Y210.003 E2643.11629
G1 X103.634 Y210.035 E2643.14843
G1 X103.939 Y210.1 E2643.16917
G1 X104.241 Y210.198 E2643.19029
G1 X104.425 Y210.278 E2643.20364
G1 X104.679 Y210.415 E2643.22283
G1 X104.925 Y210.58 E2643.24254
G1 X105.152 Y210.77 E2643.26223
G0 F9000 X104.6 Y211.453
;TYPE:WALL-OUTER
G1 F2400 X104.368 Y211.256 E2643.28247
G1 X104.124 Y211.105 E2643.30156
G1 X103.874 Y210.995 E2643.31973
G1 X103.607 Y210.919 E2643.3382
G1 X103.333 Y210.882 E2643.35659
G1 X103.194 Y210.877 E2643.36584
G1 X102.884 Y210.903 E2643.38654
G1 X102.58 Y210.976 E2643.40733
G1 X102.32 Y211.083 E2643.42604
G1 X102.075 Y211.226 E2643.44491
G1 X101.845 Y211.411 E2643.46454
G1 X101.652 Y211.62 E2643.48346
G1 X101.493 Y211.848 E2643.50195
G1 X101.37 Y212.089 E2643.51995
G1 X101.28 Y212.353 E2643.53851
G1 X101.224 Y212.658 E2643.55913
G1 X101.213 Y212.908 E2643.57578
G1 X101.237 Y213.172 E2643.59341
G1 X101.347 Y213.585 E2643.62185
G1 X101.462 Y213.828 E2643.63973
G1 X101.614 Y214.062 E2643.65829
G1 X101.801 Y214.277 E2643.67724
G1 X102.011 Y214.458 E2643.69569
G1 X102.274 Y214.624 E2643.71637
G1 X102.527 Y214.735 E2643.73475
G1 X102.794 Y214.811 E2643.75322
G1 X103.07 Y214.848 E2643.77174
G1 X103.451 Y214.837 E2643.7971
G1 X103.78 Y214.766 E2643.81949
G1 X104.016 Y214.678 E2643.83624
G1 X104.261 Y214.546 E2643.85475
G1 X104.492 Y214.376 E2643.87383
G1 X104.724 Y214.142 E2643.89575
G1 X104.908 Y213.882 E2643.91694
G1 X105.031 Y213.641 E2643.93494
G1 X105.129 Y213.346 E2643.95562
G1 X105.177 Y213.072 E2643.97412
G1 X105.187 Y212.792 E2643.99276
G1 X105.155 Y212.502 E2644.01217
G1 X105.078 Y212.21 E2644.03225
G1 X104.937 Y211.897 E2644.05509
G1 X104.787 Y211.668 E2644.0733
G1 X104.6 Y211.453 E2644.09226
G0 F9000 X104.84 Y210.607
;TYPE:WALL-INNER
G1 F2400 X104.497 Y210.395 E2644.10588
G1 X104.146 Y210.241 E2644.1149
G1 X103.771 Y210.134 E2644.12764
G1 X103.401 Y210.084 E2644.14142
G1 X103.175 Y210.076
G1 X102.756 Y210.111 E2644.14827
G1 X102.333 Y210.213 E2644.15543
G1 X101.964 Y210.364 E2644.16005
G1 X101.62 Y210.565 E2644.16978
G1 X101.297 Y210.825 E2644.17676
G1 X101.027 Y211.117 E2644.18591
G1 X100.805 Y211.435 E2644.20072
G1 X100.631 Y211.776 E2644.20857
G1 X100.504 Y212.151 E2644.21161
G1 X100.427 Y212.568 E2644.2204
G1 X100.411 Y212.927 E2644.2313
G1 X100.446 Y213.312 E2644.24637
G1 X100.593 Y213.861 E2644.26527
G1 X100.762 Y214.219 E2644.27105
G1 X100.974 Y214.545 E2644.28205
G1 X101.235 Y214.845 E2644.29006
G1 X101.534 Y215.103 E2644.30513
G1 X101.898 Y215.333 E2644.31667
G1 X102.256 Y215.49 E2644.32456
G1 X102.63 Y215.596 E2644.33751
G1 X103.028 Y215.65 E2644.35059
G1 X103.548 Y215.635 E2644.36888
G1 X104.005 Y215.536 E2644.38552
G1 X104.347 Y215.408 E2644.39232
G1 X104.69 Y215.224 E2644.40524
G1 X105.016 Y214.983 E2644.41689
G1 X105.339 Y214.658 E2644.4278
G1 X105.594 Y214.297 E2644.43558
G1 X105.771 Y213.951 E2644.43607
G1 X105.907 Y213.542 E2644.44376
G1 X105.975 Y213.156 E2644.4541
G1 X105.989 Y212.762 E2644.46151
G1 X105.944 Y212.355 E2644.47277
G1 X105.835 Y211.942 E2644.47561
G1 X105.641 Y211.511 E2644.48665
G1 X105.426 Y211.184 E2644.49231
G1 X105.164 Y210.882 E2644.5053
G1 X104.84 Y210.607 E2644.51208
G0 F9000 X105.407 Y209.94
;TYPE:WALL-OUTER
G1 F2400 X105.693 Y210.18 E2644.53691
G1 X105.925 Y210.415 E2644.55888
G1 X106.165 Y210.712 E2644.58428
G1 X106.371 Y211.03 E2644.60948
G1 X106.518 Y211.311 E2644.63058
G1 X106.648 Y211.627 E2644.65331
G1 X106.741 Y211.923 E2644.67395
G1 X106.801 Y212.188 E2644.69202
G1 X106.852 Y212.549 E2644.71628
G1 X106.864 Y212.852 E2644.73645
G1 X106.851 Y213.179 E2644.75822
G1 X106.792 Y213.585 E2644.78551
G1 X106.725 Y213.867 E2644.80479
G1 X106.576 Y214.288 E2644.83449
G1 X106.45 Y214.554 E2644.85407
G1 X106.29 Y214.832 E2644.87541
G1 X106.089 Y215.118 E2644.89866
G1 X105.848 Y215.397 E2644.92319
G1 X105.613 Y215.621 E2644.94478
G1 X105.32 Y215.854 E2644.96969
G1 X104.977 Y216.069 E2644.99661
G1 X104.701 Y216.208 E2645.01717
G1 X104.354 Y216.343 E2645.04194
G1 X103.958 Y216.449 E2645.06921
G1 X103.651 Y216.501 E2645.08992
G1 X103.264 Y216.528 E2645.11573
G1 X102.949 Y216.52 E2645.13669
G1 X102.635 Y216.485 E2645.1577
G1 X102.258 Y216.405 E2645.18334
G1 X101.886 Y216.285 E2645.20934
G1 X101.619 Y216.17 E2645.22868
G1 X101.323 Y216.01 E2645.25106
G1 X101.097 Y215.865 E2645.26892
G1 X100.798 Y215.63 E2645.29422
G1 X100.524 Y215.366 E2645.31953
G1 X100.322 Y215.13 E2645.3402
G1 X100.09 Y214.799 E2645.36708
G1 X99.937 Y214.529 E2645.38773
G1 X99.781 Y214.178 E2645.41328
G1 X99.66 Y213.806 E2645.4393
G1 X99.6 Y213.542 E2645.45731
G1 X99.55 Y213.186 E2645.48122
G1 X99.538 Y212.803 E2645.50671
G1 X99.55 Y212.551 E2645.5235
G1 X99.581 Y212.301 E2645.54025
G1 X99.646 Y211.977 E2645.56224
G1 X99.723 Y211.712 E2645.58059
G1 X99.825 Y211.442 E2645.59979
G1 X99.993 Y211.096 E2645.62538
G1 X100.195 Y210.769 E2645.65094
G1 X100.431 Y210.466 E2645.67649
G1 X100.703 Y210.184 E2645.70256
G1 X101.004 Y209.933 E2645.72863
G1 X101.256 Y209.761 E2645.74892
G1 X101.604 Y209.568 E2645.77539
G1 X101.881 Y209.447 E2645.7955
G1 X102.138 Y209.359 E2645.81357
G1 X102.443 Y209.281 E2645.83451
G1 X102.75 Y209.229 E2645.85522
G1 X103.137 Y209.202 E2645.88103
G1 X103.452 Y209.21 E2645.90199
G1 X103.766 Y209.245 E2645.92301
G1 X104.143 Y209.325 E2645.94864
G1 X104.522 Y209.448 E2645.97515
G1 X104.781 Y209.56 E2645.99392
G1 X105.088 Y209.726 E2646.01714
G1 X105.407 Y209.94 E2646.04269
G1 F1500 E2645.04269
G1 F300 Z2
G0 F9000 X198.024 Y210.278 Z2
;TYPE:WALL-INNER
G1 F300 Z1.8
G1 F1500 E2646.0693
G1 F2400 X198.278 Y210.415 E2646.08849
G1 X198.524 Y210.58 E2646.1082
G1 X198.751 Y210.77 E2646.12789
G1 X198.926 Y210.947 E2646.14445
G1 X199.116 Y211.183 E2646.1646
G1 X199.276 Y211.429 E2646.18412
G1 X199.392 Y211.651 E2646.20078
G1 X199.495 Y211.901 E2646.21877
G1 X199.613 Y212.332 E2646.2485
G1 X199.654 Y212.623 E2646.26804
G1 X199.653 Y213.099 E2646.29971
G1 X199.603 Y213.441 E2646.3227
G1 X199.556 Y213.639 E2646.33624
G1 X199.434 Y213.983 E2646.36052
G1 X199.218 Y214.395 E2646.39146
G1 X199.052 Y214.631 E2646.41065
G1 X198.869 Y214.843 E2646.42928
G1 X198.686 Y215.018 E2646.44613
G1 X198.458 Y215.199 E2646.46549
G1 X198.186 Y215.369 E2646.48683
G1 X197.973 Y215.476 E2646.50268
G1 X197.702 Y215.582 E2646.52204
G1 X197.387 Y215.666 E2646.54373
G1 X197.152 Y215.706 E2646.55958
G1 X196.848 Y215.727 E2646.57985
G1 X196.366 Y215.695 E2646.61199
G1 X196.057 Y215.629 E2646.63301
G1 X195.769 Y215.536 E2646.65314
G1 X195.567 Y215.449 E2646.66777
G1 X195.325 Y215.319 E2646.68604
G1 X195.161 Y215.213 E2646.69903
G1 X194.924 Y215.027 E2646.71907
G1 X194.707 Y214.818 E2646.73911
G1 X194.552 Y214.637 E2646.75497
G1 X194.371 Y214.378 E2646.77598
G1 X194.224 Y214.113 E2646.79614
G1 X194.13 Y213.896 E2646.81187
G1 X194.03 Y213.591 E2646.83323
G1 X193.986 Y213.396 E2646.84652
G1 X193.948 Y213.124 E2646.86479
G1 X193.938 Y212.803 E2646.88616
G1 X193.971 Y212.423 E2646.91153
G1 X194.022 Y212.169 E2646.92876
G1 X194.158 Y211.763 E2646.95724
G1 X194.303 Y211.465 E2646.97929
G1 X194.456 Y211.219 E2646.99856
G1 X194.635 Y210.991 E2647.01784
G1 X194.85 Y210.768 E2647.03845
G1 X195.08 Y210.577 E2647.05834
G1 X195.274 Y210.444 E2647.07398
G1 X195.563 Y210.284 E2647.09596
G1 X195.968 Y210.125 E2647.1249
G1 X196.447 Y210.024 E2647.15746
G1 X196.751 Y210.003 E2647.17773
G1 X197.233 Y210.035 E2647.20987
G1 X197.538 Y210.1 E2647.23061
G1 X197.84 Y210.198 E2647.25173
G1 X198.024 Y210.278 E2647.26508
G0 F9000 X197.723 Y211.105
;TYPE:WALL-OUTER
G1 F2400 X197.473 Y210.995 E2647.28325
G1 X197.206 Y210.919 E2647.30171
G1 X196.932 Y210.882 E2647.3201
G1 X196.793 Y210.877 E2647.32936
G1 X196.483 Y210.903 E2647.35005
G1 X196.179 Y210.976 E2647.37085
G1 X195.919 Y211.083 E2647.38955
G1 X195.674 Y211.226 E2647.40842
G1 X195.444 Y211.411 E2647.42805
G1 X195.251 Y211.62 E2647.44698
G1 X195.092 Y211.848 E2647.46547
G1 X194.969 Y212.089 E2647.48347
G1 X194.879 Y212.353 E2647.50202
G1 X194.823 Y212.658 E2647.52265
G1 X194.812 Y212.908 E2647.5393
G1 X194.836 Y213.172 E2647.55693
G1 X194.946 Y213.585 E2647.58536
G1 X195.061 Y213.828 E2647.60324
G1 X195.213 Y214.062 E2647.6218
G1 X195.4 Y214.277 E2647.64076
G1 X195.61 Y214.458 E2647.6592
G1 X195.873 Y214.624 E2647.67989
G1 X196.126 Y214.735 E2647.69827
G1 X196.393 Y214.811 E2647.71673
G1 X196.669 Y214.848 E2647.73526
G1 X197.05 Y214.837 E2647.76061
G1 X197.333 Y214.78 E2647.77982
G1 X197.615 Y214.678 E2647.79976
G1 X197.86 Y214.546 E2647.81828
G1 X198.091 Y214.376 E2647.83735
G1 X198.323 Y214.142 E2647.85927
G1 X198.507 Y213.882 E2647.88046
G1 X198.63 Y213.641 E2647.89846
G1 X198.72 Y213.377 E2647.91701
G1 X198.776 Y213.072 E2647.93764
G1 X198.786 Y212.792 E2647.95628
G1 X198.755 Y212.503 E2647.97561
G1 X198.676 Y212.208 E2647.99593
G1 X198.536 Y211.897 E2648.01862
G1 X198.386 Y211.668 E2648.03683
G1 X198.199 Y211.453 E2648.05578
G1 X197.967 Y211.256 E2648.07603
G1 X197.723 Y211.105 E2648.09512
G0 F9000 X197.745 Y210.241
;TYPE:WALL-INNER
G1 F2400 X197.37 Y210.134 E2648.10786
G1 X197 Y210.084 E2648.12164
G1 X196.774 Y210.076
G1 X196.355 Y210.111 E2648.12849
G1 X195.932 Y210.213 E2648.13565
G1 X195.563 Y210.364 E2648.14027
G1 X195.219 Y210.565 E2648.15
G1 X194.896 Y210.825 E2648.15698
G1 X194.626 Y211.117 E2648.16593
G1 X194.404 Y211.435 E2648.17942
G1 X194.23 Y211.776 E2648.18649
G1 X194.103 Y212.151 E2648.18954
G1 X194.026 Y212.568 E2648.19832
G1 X194.01 Y212.927 E2648.20923
G1 X194.045 Y213.312 E2648.22325
G1 X194.192 Y213.861 E2648.24215
G1 X194.361 Y214.219 E2648.25063
G1 X194.573 Y214.545 E2648.2622
G1 X194.834 Y214.845 E2648.27021
G1 X195.133 Y215.103 E2648.28527
G1 X195.497 Y215.333 E2648.29681
G1 X195.855 Y215.49 E2648.30543
G1 X196.229 Y215.596 E2648.31838
G1 X196.627 Y215.65 E2648.33081
G1 X197.141 Y215.635 E2648.34716
G1 X197.549 Y215.553 E2648.36177
G1 X197.943 Y215.41 E2648.37329
G1 X198.289 Y215.224 E2648.38626
G1 X198.615 Y214.983 E2648.39886
G1 X198.938 Y214.658 E2648.40977
G1 X199.193 Y214.297 E2648.41755
G1 X199.369 Y213.954 E2648.41793
G1 X199.496 Y213.579 E2648.42262
G1 X199.573 Y213.159 E2648.43573
G1 X199.588 Y212.763 E2648.44309
G1 X199.544 Y212.356 E2648.4544
G1 X199.432 Y211.939 E2648.45725
G1 X199.24 Y211.511 E2648.46816
G1 X199.025 Y211.184 E2648.47399
G1 X198.763 Y210.882 E2648.48694
G1 X198.439 Y210.607 E2648.49372
G1 X198.096 Y210.395 E2648.50734
G1 X197.745 Y210.241 E2648.51636
G0 F9000 X198.121 Y209.448
;TYPE:WALL-OUTER
G1 F2400 X198.38 Y209.56 E2648.53513
G1 X198.687 Y209.726 E2648.55834
G1 X199.006 Y209.94 E2648.5839
G1 X199.292 Y210.18 E2648.60873
G1 X199.524 Y210.415 E2648.6307
G1 X199.764 Y210.712 E2648.6561
G1 X199.97 Y211.03 E2648.6813
G1 X200.117 Y211.311 E2648.7024
G1 X200.247 Y211.627 E2648.72513
G1 X200.34 Y211.923 E2648.74577
G1 X200.4 Y212.188 E2648.76384
G1 X200.451 Y212.549 E2648.78809
G1 X200.463 Y212.852 E2648.80827
G1 X200.45 Y213.179 E2648.83004
G1 X200.391 Y213.585 E2648.85733
G1 X200.324 Y213.867 E2648.87661
G1 X200.175 Y214.288 E2648.90631
G1 X200.049 Y214.554 E2648.92589
G1 X199.889 Y214.832 E2648.94723
G1 X199.688 Y215.118 E2648.97048
G1 X199.447 Y215.397 E2648.99501
G1 X199.212 Y215.621 E2649.0166
G1 X198.919 Y215.854 E2649.04151
G1 X198.576 Y216.069 E2649.06843
G1 X198.3 Y216.208 E2649.08899
G1 X197.953 Y216.343 E2649.11376
G1 X197.557 Y216.449 E2649.14103
G1 X197.25 Y216.501 E2649.16174
G1 X196.863 Y216.528 E2649.18755
G1 X196.548 Y216.52 E2649.20851
G1 X196.234 Y216.485 E2649.22952
G1 X195.857 Y216.405 E2649.25516
G1 X195.485 Y216.285 E2649.28116
G1 X195.218 Y216.17 E2649.3005
G1 X194.922 Y216.01 E2649.32288
G1 X194.696 Y215.865 E2649.34074
G1 X194.397 Y215.63 E2649.36604
G1 X194.123 Y215.366 E2649.39135
G1 X193.921 Y215.13 E2649.41202
G1 X193.689 Y214.799 E2649.4389
G1 X193.507 Y214.471 E2649.46386
G1 X193.38 Y214.178 E2649.4851
G1 X193.259 Y213.806 E2649.51112
G1 X193.199 Y213.542 E2649.52913
G1 X193.149 Y213.186 E2649.55304
G1 X193.137 Y212.803 E2649.57853
G1 X193.149 Y212.551 E2649.59532
G1 X193.18 Y212.301 E2649.61207
G1 X193.245 Y211.977 E2649.63405
G1 X193.322 Y211.712 E2649.65241
G1 X193.424 Y211.442 E2649.67161
G1 X193.6 Y211.081 E2649.69833
G1 X193.8 Y210.76 E2649.72349
G1 X194.03 Y210.466 E2649.74832
G1 X194.302 Y210.184 E2649.77438
G1 X194.603 Y209.933 E2649.80045
G1 X194.855 Y209.761 E2649.82074
G1 X195.203 Y209.568 E2649.84722
G1 X195.48 Y209.447 E2649.86732
G1 X195.737 Y209.359 E2649.88539
G1 X196.042 Y209.281 E2649.90633
G1 X196.349 Y209.229 E2649.92705
G1 X196.736 Y209.202 E2649.95285
G1 X197.051 Y209.21 E2649.97381
G1 X197.365 Y209.245 E2649.99483
G1 X197.742 Y209.325 E2650.02047
G1 X198.121 Y209.448 E2650.04697
G1 F1500 E2649.04697
G1 F300 Z2
;MESH:NONMESH
G0 F9000 X198.294 Y91.541 Z2
;TIME_ELAPSED:5790.116409
;LAYER:9
;TYPE:WALL-OUTER
;MESH:Top of Case.STL
G1 F300 Z2
G1 F1500 E2650.07358
G1 F2207.3 X198.097 Y91.343 E2650.09216
G1 X197.878 Y91.181 E2650.11028
G1 X197.543 Y91.006 E2650.13542
G1 X197.247 Y90.913 E2650.15606
G1 X196.937 Y90.867 E2650.17691
G1 X196.797 Y90.863 E2650.18623
G1 X196.376 Y90.907 E2650.21438
G1 X196.046 Y91.011 E2650.2374
G1 X195.797 Y91.133 E2650.25584
G1 X195.574 Y91.285 E2650.2738
G1 X195.338 Y91.501 E2650.29508
G1 X195.147 Y91.745 E2650.31569
G1 X195.009 Y91.988 E2650.33428
G1 X194.885 Y92.311 E2650.35729
G1 X194.829 Y92.585 E2650.3759
G1 X194.812 Y92.893 E2650.39642
G1 X194.857 Y93.272 E2650.42181
G1 X194.947 Y93.57 E2650.44251
G1 X195.072 Y93.833 E2650.46188
G1 X195.304 Y94.16 E2650.48855
G1 X195.502 Y94.357 E2650.50713
G1 X195.721 Y94.519 E2650.52525
G1 X196.056 Y94.694 E2650.5504
G1 X196.352 Y94.787 E2650.57103
G1 X196.66 Y94.833 E2650.59175
G1 X196.948 Y94.832 E2650.61091
G1 X197.224 Y94.793 E2650.62945
G1 X197.553 Y94.689 E2650.6524
G1 X197.823 Y94.555 E2650.67245
G1 X198.052 Y94.394 E2650.69107
G1 X198.26 Y94.199 E2650.71004
G1 X198.452 Y93.956 E2650.73064
G1 X198.615 Y93.66 E2650.75312
G1 X198.714 Y93.389 E2650.77231
G1 X198.77 Y93.109 E2650.79131
G1 X198.787 Y92.845 E2650.8089
G1 X198.767 Y92.566 E2650.82751
G1 X198.701 Y92.271 E2650.84762
G1 X198.597 Y92.002 E2650.8668
G1 X198.449 Y91.74 E2650.88682
G1 X198.294 Y91.541 E2650.9036
G0 F9000 X199.324 Y90.593
G1 F2207.3 X199.512 Y90.824 E2650.92341
G1 X199.69 Y91.088 E2650.94459
G1 X199.816 Y91.311 E2650.96163
G1 X199.955 Y91.623 E2650.98435
G1 X200.053 Y91.914 E2651.00478
G1 X200.13 Y92.24 E2651.02706
G1 X200.168 Y92.502 E2651.04467
G1 X200.185 Y92.849 E2651.06778
G1 X200.176 Y93.108 E2651.08502
G1 X200.144 Y93.376 E2651.10297
G1 X200.093 Y93.636 E2651.1206
G1 X200.019 Y93.891 E2651.13826
G1 X199.922 Y94.159 E2651.15722
G1 X199.815 Y94.389 E2651.17409
G1 X199.665 Y94.648 E2651.194
G1 X199.509 Y94.882 E2651.21271
G1 X199.266 Y95.17 E2651.23778
G1 X199.019 Y95.407 E2651.26055
G1 X198.748 Y95.619 E2651.28344
G1 X198.44 Y95.812 E2651.30761
G1 X198.126 Y95.965 E2651.33085
G1 X197.848 Y96.069 E2651.35059
G1 X197.494 Y96.163 E2651.37496
G1 X197.217 Y96.211 E2651.39366
G1 X196.921 Y96.234 E2651.41341
G1 X196.474 Y96.22 E2651.44316
G1 X196.114 Y96.165 E2651.46738
G1 X195.826 Y96.088 E2651.48721
G1 X195.567 Y96.004 E2651.50532
G1 X195.302 Y95.887 E2651.52459
G1 X195.054 Y95.748 E2651.54351
G1 X194.718 Y95.52 E2651.57052
G1 X194.488 Y95.324 E2651.59062
G1 X194.275 Y95.107 E2651.61084
G1 X194.087 Y94.876 E2651.63066
G1 X193.909 Y94.612 E2651.65184
G1 X193.783 Y94.389 E2651.66888
G1 X193.644 Y94.077 E2651.6916
G1 X193.546 Y93.786 E2651.71202
G1 X193.469 Y93.463 E2651.73411
G1 X193.431 Y93.198 E2651.75192
G1 X193.414 Y92.851 E2651.77503
G1 X193.423 Y92.592 E2651.79227
G1 X193.455 Y92.324 E2651.81022
G1 X193.514 Y92.032 E2651.83004
G1 X193.596 Y91.754 E2651.84932
G1 X193.73 Y91.421 E2651.8732
G1 X193.863 Y91.167 E2651.89227
G1 X194.001 Y90.943 E2651.90977
G1 X194.166 Y90.725 E2651.92796
G1 X194.333 Y90.53 E2651.94503
G1 X194.58 Y90.293 E2651.96781
G1 X194.851 Y90.081 E2651.99069
G1 X195.159 Y89.888 E2652.01487
G1 X195.473 Y89.735 E2652.03811
G1 X195.757 Y89.629 E2652.05827
G1 X196.105 Y89.537 E2652.08222
G1 X196.353 Y89.494 E2652.09896
G1 X196.692 Y89.466 E2652.12159
G1 X197.125 Y89.48 E2652.1504
G1 X197.485 Y89.535 E2652.17463
G1 X197.773 Y89.612 E2652.19446
G1 X198.032 Y89.696 E2652.21257
G1 X198.297 Y89.813 E2652.23184
G1 X198.545 Y89.952 E2652.25075
G1 X198.881 Y90.18 E2652.27776
G1 X199.11 Y90.375 E2652.29777
G1 X199.324 Y90.593 E2652.31809
G0 F9000 X199.059 Y90.8
;TYPE:SKIN
G1 F1931.4 X197.874 Y90.8 E2652.35751
G0 F9000 X198.428 Y91.2
G1 F1931.4 X199.363 Y91.2 E2652.3886
G0 F9000 X199.58 Y91.6
G1 F1931.4 X198.754 Y91.6 E2652.41608
G0 F9000 X198.954 Y92
G1 F1931.4 X199.729 Y92 E2652.44185
G0 F9000 X199.815 Y92.4
G1 F1931.4 X199.073 Y92.4 E2652.46653
G0 F9000 X199.119 Y92.8
G1 F1931.4 X199.847 Y92.8 E2652.49075
G0 F9000 X199.827 Y93.2
G1 F1931.4 X199.094 Y93.2 E2652.51513
G0 F9000 X198.994 Y93.6
G1 F1931.4 X199.753 Y93.6 E2652.54037
G0 F9000 X199.622 Y94
G1 F1931.4 X198.81 Y94 E2652.56738
G0 F9000 X198.527 Y94.4
G1 F1931.4 X199.42 Y94.4 E2652.59708
G0 F9000 X198.597 Y94.8
G1 F1931.4 X196.798 Y95.2 E2652.70082
G1 X194.997 Y94.8 E2652.80468
G1 X194.227 Y93.6 E2652.88494
G1 X194.153 Y92.4 E2652.95262
G1 X194.702 Y91.2 E2653.02691
G1 X195.128 Y90.8 E2653.0598
G1 X196.802 Y90 E2653.16424
G0 F9000 X198.611 Y90.4
G1 F1931.4 X194.986 Y90.4 E2653.28481
G1 F1500 E2652.28481
G1 F300 Z2.2
G0 F9000 X195.484 Y95.6 Z2.2
G1 F300 Z2
G1 F1500 E2653.31142
G1 F1931.4 X198.109 Y95.6 E2653.39873
G1 F1500 E2652.39873
G1 F300 Z2.2
G0 F9000 X104.998 Y92.003 Z2.2
;TYPE:WALL-OUTER
G1 F300 Z2
G1 F1500 E2653.42534
G1 F2207.3 X104.823 Y91.7 E2653.44861
G1 X104.607 Y91.445 E2653.47084
G1 X104.388 Y91.257 E2653.49004
G1 X104.178 Y91.119 E2653.50676
G1 X103.943 Y91.006 E2653.5241
G1 X103.648 Y90.913 E2653.54468
G1 X103.338 Y90.867 E2653.56553
G1 X103.198 Y90.863 E2653.57484
G1 X102.777 Y90.907 E2653.603
G1 X102.447 Y91.011 E2653.62602
G1 X102.198 Y91.133 E2653.64446
G1 X101.975 Y91.285 E2653.66241
G1 X101.739 Y91.501 E2653.68369
G1 X101.548 Y91.745 E2653.70431
G1 X101.41 Y91.988 E2653.7229
G1 X101.286 Y92.311 E2653.74591
G1 X101.228 Y92.609 E2653.76611
G1 X101.213 Y92.893 E2653.78502
G1 X101.258 Y93.272 E2653.81041
G1 X101.348 Y93.57 E2653.83112
G1 X101.473 Y93.833 E2653.85049
G1 X101.705 Y94.16 E2653.87716
G1 X101.903 Y94.357 E2653.89574
G1 X102.122 Y94.519 E2653.91386
G1 X102.457 Y94.694 E2653.939
G1 X102.753 Y94.787 E2653.95964
G1 X103.061 Y94.833 E2653.98036
G1 X103.35 Y94.832 E2653.99958
G1 X103.658 Y94.784 E2654.02032
G1 X103.954 Y94.689 E2654.041
G1 X104.203 Y94.567 E2654.05944
G1 X104.453 Y94.394 E2654.07966
G1 X104.661 Y94.199 E2654.09863
G1 X104.853 Y93.956 E2654.11923
G1 X105.016 Y93.66 E2654.14171
G1 X105.11 Y93.4 E2654.1601
G1 X105.181 Y93.024 E2654.18555
G1 X105.186 Y92.74 E2654.20445
G1 X105.127 Y92.363 E2654.22983
G1 X104.998 Y92.003 E2654.25527
G0 F9000 X106.394 Y91.727
G1 F2207.3 X106.499 Y92.086 E2654.28015
G1 X106.55 Y92.357 E2654.29849
G1 X106.583 Y92.696 E2654.32115
G1 X106.58 Y93.054 E2654.34497
G1 X106.541 Y93.405 E2654.36846
G1 X106.477 Y93.703 E2654.38873
G1 X106.395 Y93.973 E2654.4075
G1 X106.3 Y94.212 E2654.42461
G1 X106.141 Y94.527 E2654.44808
G1 X106.092 Y94.611 E2654.45455
G1 X105.923 Y94.863 E2654.47474
G1 X105.721 Y95.11 E2654.49596
G1 X105.492 Y95.343 E2654.51769
G1 X105.212 Y95.574 E2654.54184
G1 X104.995 Y95.722 E2654.55931
G1 X104.7 Y95.885 E2654.58173
G1 X104.368 Y96.029 E2654.60581
G1 X104.081 Y96.12 E2654.62583
G1 X103.817 Y96.179 E2654.64383
G1 X103.399 Y96.229 E2654.67183
G1 X103.038 Y96.232 E2654.69585
G1 X102.688 Y96.196 E2654.71925
G1 X102.412 Y96.143 E2654.73795
G1 X102.064 Y96.04 E2654.76209
G1 X101.749 Y95.909 E2654.78478
G1 X101.481 Y95.767 E2654.80496
G1 X101.189 Y95.573 E2654.82828
G1 X100.946 Y95.376 E2654.84909
G1 X100.68 Y95.11 E2654.87411
G1 X100.466 Y94.846 E2654.89672
G1 X100.276 Y94.555 E2654.91983
G1 X100.146 Y94.311 E2654.93823
G1 X100.006 Y93.969 E2654.96281
G1 X99.902 Y93.614 E2654.98742
G1 X99.849 Y93.328 E2655.00676
G1 X99.818 Y92.998 E2655.02881
G1 X99.822 Y92.627 E2655.05349
G1 X99.861 Y92.295 E2655.07573
G1 X99.924 Y91.997 E2655.09599
G1 X100.006 Y91.727 E2655.11476
G1 X100.101 Y91.488 E2655.13187
G1 X100.252 Y91.186 E2655.15433
G1 X100.43 Y90.906 E2655.1764
G1 X100.584 Y90.701 E2655.19346
G1 X100.823 Y90.439 E2655.21705
G1 X101.054 Y90.232 E2655.23768
G1 X101.189 Y90.126 E2655.2491
G1 X101.402 Y89.982 E2655.2662
G1 X101.632 Y89.85 E2655.28384
G1 X101.911 Y89.72 E2655.30432
G1 X102.207 Y89.615 E2655.32521
G1 X102.462 Y89.546 E2655.34278
G1 X102.826 Y89.485 E2655.36733
G1 X103.116 Y89.465 E2655.38667
G1 X103.456 Y89.474 E2655.40929
G1 X103.755 Y89.51 E2655.42933
G1 X104.073 Y89.578 E2655.45096
G1 X104.456 Y89.706 E2655.47782
G1 X104.712 Y89.821 E2655.49649
G1 X104.932 Y89.94 E2655.51313
G1 X105.211 Y90.126 E2655.53543
G1 X105.455 Y90.324 E2655.55633
G1 X105.711 Y90.579 E2655.58037
G1 X105.93 Y90.848 E2655.60344
G1 X106.121 Y91.138 E2655.62654
G1 X106.258 Y91.397 E2655.64603
G1 X106.394 Y91.727 E2655.66978
G0 F9000 X106.126 Y92
;TYPE:SKIN
G1 F1931.4 X105.352 Y92 E2655.69552
G0 F9000 X105.472 Y92.4
G1 F1931.4 X106.217 Y92.4 E2655.7203
G0 F9000 X106.247 Y92.8
G1 F1931.4 X105.521 Y92.8 E2655.74445
G0 F9000 X105.488 Y93.2
G1 F1931.4 X106.227 Y93.2 E2655.76903
G0 F9000 X106.156 Y93.6
G1 F1931.4 X105.395 Y93.6 E2655.79434
G0 F9000 X105.211 Y94
G1 F1931.4 X106.023 Y94 E2655.82134
G0 F9000 X105.827 Y94.4
G1 F1931.4 X104.929 Y94.4 E2655.85121
G0 F9000 X104.998 Y94.8
G1 F1931.4 X103.199 Y95.2 E2655.93982
G1 X101.398 Y94.8 E2656.02852
G1 X100.627 Y93.6 E2656.0971
G1 X100.557 Y92.4 E2656.15489
G1 X101.105 Y91.2 E2656.21831
G1 X101.532 Y90.8 E2656.24645
G1 X103.201 Y90 E2656.33543
G1 X104.873 Y90.8 E2656.42455
G1 X105.566 Y91.6 E2656.47544
G1 F1500 E2655.47544
G1 F300 Z2.2
G0 F9000 X105.018 Y90.4 Z2.2
G1 F300 Z2
G1 F1500 E2656.50204
G1 F1931.4 X101.382 Y90.4 E2656.62298
G1 F1500 E2655.62298
G1 F300 Z2.2
G0 F9000 X101.882 Y95.6 Z2.2
G1 F300 Z2
G1 F1500 E2656.64959
G1 F1931.4 X104.514 Y95.6 E2656.73713
G1 F1500 E2655.73713
G1 F300 Z2.2
G0 F9000 X104.599 Y211.452 Z2.2
;TYPE:WALL-OUTER
G1 F300 Z2
G1 F1500 E2656.76373
G1 F2207.3 X104.368 Y211.256 E2656.78389
G1 X104.073 Y211.079 E2656.80677
G1 X103.798 Y210.969 E2656.82647
G1 X103.479 Y210.897 E2656.84823
G1 X103.191 Y210.877 E2656.86743
G1 X102.917 Y210.898 E2656.88571
G1 X102.579 Y210.976 E2656.90879
G1 X102.323 Y211.082 E2656.92722
G1 X102.077 Y211.225 E2656.94615
G1 X101.847 Y211.409 E2656.96574
G1 X101.659 Y211.61 E2656.98405
G1 X101.479 Y211.872 E2657.00519
G1 X101.318 Y212.226 E2657.03106
G1 X101.242 Y212.527 E2657.05171
G1 X101.213 Y212.828 E2657.07183
G1 X101.232 Y213.147 E2657.09308
G1 X101.292 Y213.422 E2657.11181
G1 X101.399 Y213.705 E2657.13193
G1 X101.557 Y213.984 E2657.15326
G1 X101.723 Y214.193 E2657.17102
G1 X101.903 Y214.371 E2657.18786
G1 X102.152 Y214.554 E2657.20841
G1 X102.402 Y214.685 E2657.22719
G1 X102.663 Y214.779 E2657.24564
G1 X102.941 Y214.836 E2657.26452
G1 X103.194 Y214.852 E2657.28138
G1 X103.452 Y214.837 E2657.29857
G1 X103.822 Y214.754 E2657.3238
G1 X104.078 Y214.648 E2657.34223
G1 X104.346 Y214.489 E2657.36296
G1 X104.561 Y214.313 E2657.38144
G1 X104.766 Y214.089 E2657.40164
G1 X104.939 Y213.829 E2657.42241
G1 X105.057 Y213.577 E2657.44092
G1 X105.133 Y213.327 E2657.4583
G1 X105.178 Y213.065 E2657.47599
G1 X105.187 Y212.788 E2657.49442
G1 X105.158 Y212.519 E2657.51242
G1 X105.089 Y212.244 E2657.53128
G1 X104.935 Y211.893 E2657.55678
G1 X104.766 Y211.642 E2657.57691
G1 X104.599 Y211.452 E2657.59373
G0 F9000 X105.533 Y210.411
G1 F2207.3 X105.771 Y210.662 E2657.61674
G1 X106.001 Y210.963 E2657.64194
G1 X106.186 Y211.269 E2657.66573
G1 X106.342 Y211.606 E2657.69043
G1 X106.428 Y211.845 E2657.70733
G1 X106.498 Y212.099 E2657.72485
G1 X106.55 Y212.372 E2657.74334
G1 X106.583 Y212.711 E2657.766
G1 X106.58 Y213.068 E2657.78974
G1 X106.538 Y213.436 E2657.81438
G1 X106.474 Y213.73 E2657.8344
G1 X106.363 Y214.073 E2657.85838
G1 X106.246 Y214.343 E2657.87795
G1 X106.114 Y214.591 E2657.89664
G1 X105.964 Y214.821 E2657.91491
G1 X105.759 Y215.081 E2657.93693
G1 X105.477 Y215.371 E2657.96384
G1 X105.209 Y215.59 E2657.98686
G1 X104.913 Y215.785 E2658.01044
G1 X104.755 Y215.872 E2658.02244
G1 X104.444 Y216.014 E2658.04518
G1 X104.023 Y216.149 E2658.07459
G1 X103.738 Y216.208 E2658.09395
G1 X103.408 Y216.244 E2658.11603
G1 X103.093 Y216.249 E2658.13699
G1 X102.685 Y216.21 E2658.16425
G1 X102.353 Y216.143 E2658.18678
G1 X102.005 Y216.033 E2658.21106
G1 X101.688 Y215.894 E2658.23409
G1 X101.409 Y215.738 E2658.25535
G1 X101.19 Y215.589 E2658.27297
G1 X100.868 Y215.319 E2658.30092
G1 X100.627 Y215.064 E2658.32426
G1 X100.403 Y214.771 E2658.3488
G1 X100.207 Y214.446 E2658.37404
G1 X100.059 Y214.124 E2658.39762
G1 X99.968 Y213.87 E2658.41556
G1 X99.871 Y213.483 E2658.4421
G1 X99.828 Y213.171 E2658.46305
G1 X99.815 Y212.841 E2658.48502
G1 X99.831 Y212.544 E2658.50481
G1 X99.885 Y212.174 E2658.52968
G1 X99.969 Y211.854 E2658.55169
G1 X100.094 Y211.519 E2658.57547
G1 X100.215 Y211.269 E2658.59395
G1 X100.377 Y210.997 E2658.61501
G1 X100.528 Y210.785 E2658.63232
G1 X100.749 Y210.53 E2658.65477
G1 X100.967 Y210.321 E2658.67486
G1 X101.192 Y210.14 E2658.69407
G1 X101.488 Y209.945 E2658.71765
G1 X101.811 Y209.778 E2658.74183
G1 X102.046 Y209.683 E2658.7587
G1 X102.322 Y209.595 E2658.77797
G1 X102.67 Y209.521 E2658.80163
G1 X102.993 Y209.486 E2658.82324
G1 X103.308 Y209.481 E2658.8442
G1 X103.716 Y209.52 E2658.87146
G1 X104.048 Y209.587 E2658.89399
G1 X104.388 Y209.695 E2658.91773
G1 X104.704 Y209.831 E2658.94061
G1 X104.992 Y209.992 E2658.96256
G1 X105.211 Y210.141 E2658.98018
G1 X105.533 Y210.411 E2659.00813
G0 F9000 X105.439 Y210.8
;TYPE:SKIN
G1 F1931.4 X104.257 Y210.8 E2659.04744
G0 F9000 X104.818 Y211.2
G1 F1931.4 X105.752 Y211.2 E2659.07851
G0 F9000 X105.969 Y211.6
G1 F1931.4 X105.14 Y211.6 E2659.10608
G0 F9000 X105.347 Y212
G1 F1931.4 X106.123 Y212 E2659.13189
G0 F9000 X106.213 Y212.4
G1 F1931.4 X105.472 Y212.4 E2659.15654
G0 F9000 X105.522 Y212.8
G1 F1931.4 X106.246 Y212.8 E2659.18062
G0 F9000 X106.226 Y213.2
G1 F1931.4 X105.494 Y213.2 E2659.20496
G0 F9000 X105.4 Y213.6
G1 F1931.4 X106.157 Y213.6 E2659.23014
G0 F9000 X106.028 Y214
G1 F1931.4 X105.228 Y214 E2659.25675
G0 F9000 X104.935 Y214.4
G1 F1931.4 X105.835 Y214.4 E2659.28668
G0 F9000 X105.015 Y214.8
G1 F1931.4 X103.201 Y215.2 E2659.39069
G1 X101.382 Y214.8 E2659.49496
G1 X100.622 Y213.6 E2659.57449
G1 X100.559 Y212.4 E2659.64177
G1 X101.114 Y211.2 E2659.71579
G1 X101.549 Y210.8 E2659.74888
G1 X103.198 Y210 E2659.8515
G0 F9000 X104.996 Y210.4
G1 F1931.4 X101.406 Y210.4 E2659.9709
G1 F1500 E2658.9709
G1 F300 Z2.2
G0 F9000 X101.849 Y215.6 Z2.2
G1 F300 Z2
G1 F1500 E2659.99751
G1 F1931.4 X104.543 Y215.6 E2660.08711
G1 F1500 E2659.08711
G1 F300 Z2.2
G0 F9000 X197.672 Y211.079 Z2.2
;TYPE:WALL-OUTER
G1 F300 Z2
G1 F1500 E2660.11372
G1 F2207.3 X197.397 Y210.969 E2660.13342
G1 X197.078 Y210.897 E2660.15517
G1 X196.79 Y210.877 E2660.17438
G1 X196.481 Y210.903 E2660.19501
G1 X196.178 Y210.976 E2660.21574
G1 X195.922 Y211.082 E2660.23417
G1 X195.676 Y211.225 E2660.2531
G1 X195.446 Y211.409 E2660.27269
G1 X195.258 Y211.61 E2660.291
G1 X195.078 Y211.872 E2660.31214
G1 X194.917 Y212.226 E2660.33801
G1 X194.841 Y212.527 E2660.35866
G1 X194.812 Y212.828 E2660.37878
G1 X194.831 Y213.147 E2660.40004
G1 X194.891 Y213.422 E2660.41876
G1 X194.998 Y213.705 E2660.43889
G1 X195.156 Y213.984 E2660.46021
G1 X195.322 Y214.193 E2660.47797
G1 X195.502 Y214.371 E2660.49481
G1 X195.751 Y214.554 E2660.51536
G1 X196.001 Y214.685 E2660.53414
G1 X196.262 Y214.779 E2660.55259
G1 X196.54 Y214.836 E2660.57147
G1 X196.793 Y214.852 E2660.58833
G1 X197.051 Y214.837 E2660.60552
G1 X197.421 Y214.754 E2660.63075
G1 X197.677 Y214.648 E2660.64918
G1 X197.945 Y214.489 E2660.66991
G1 X198.177 Y214.298 E2660.6899
G1 X198.365 Y214.089 E2660.7086
G1 X198.538 Y213.829 E2660.72937
G1 X198.656 Y213.576 E2660.74794
G1 X198.752 Y213.236 E2660.77144
G1 X198.785 Y212.961 E2660.78987
G1 X198.78 Y212.693 E2660.8077
G1 X198.735 Y212.411 E2660.82669
G1 X198.652 Y212.143 E2660.84536
G1 X198.534 Y211.893 E2660.86375
G1 X198.365 Y211.642 E2660.88387
G1 X198.198 Y211.452 E2660.9007
G1 X197.967 Y211.256 E2660.92085
G1 X197.672 Y211.079 E2660.94374
G0 F9000 X198.303 Y209.831
G1 F2207.3 X198.591 Y209.992 E2660.96569
G1 X198.81 Y210.141 E2660.98331
G1 X199.132 Y210.411 E2661.01126
G1 X199.37 Y210.662 E2661.03427
G1 X199.6 Y210.963 E2661.05947
G1 X199.785 Y211.269 E2661.08325
G1 X199.941 Y211.606 E2661.10796
G1 X200.027 Y211.845 E2661.12485
G1 X200.097 Y212.099 E2661.14238
G1 X200.149 Y212.372 E2661.16087
G1 X200.182 Y212.711 E2661.18352
G1 X200.179 Y213.068 E2661.20727
G1 X200.137 Y213.436 E2661.23191
G1 X200.073 Y213.73 E2661.25192
G1 X199.962 Y214.073 E2661.27591
G1 X199.845 Y214.343 E2661.29548
G1 X199.713 Y214.591 E2661.31417
G1 X199.563 Y214.821 E2661.33243
G1 X199.358 Y215.081 E2661.35446
G1 X199.076 Y215.371 E2661.38137
G1 X198.808 Y215.59 E2661.40439
G1 X198.512 Y215.785 E2661.42797
G1 X198.354 Y215.872 E2661.43997
G1 X198.043 Y216.014 E2661.46271
G1 X197.622 Y216.149 E2661.49212
G1 X197.337 Y216.208 E2661.51148
G1 X197.007 Y216.244 E2661.53356
G1 X196.692 Y216.249 E2661.55452
G1 X196.284 Y216.21 E2661.58178
G1 X195.952 Y216.143 E2661.60431
G1 X195.604 Y216.033 E2661.62859
G1 X195.287 Y215.894 E2661.65161
G1 X195.008 Y215.738 E2661.67288
G1 X194.789 Y215.589 E2661.6905
G1 X194.467 Y215.319 E2661.71845
G1 X194.226 Y215.064 E2661.74179
G1 X194.002 Y214.771 E2661.76632
G1 X193.806 Y214.446 E2661.79157
G1 X193.658 Y214.124 E2661.81514
G1 X193.567 Y213.87 E2661.83309
G1 X193.47 Y213.483 E2661.85963
G1 X193.427 Y213.171 E2661.88058
G1 X193.414 Y212.841 E2661.90255
G1 X193.43 Y212.544 E2661.92234
G1 X193.484 Y212.174 E2661.94721
G1 X193.568 Y211.854 E2661.96922
G1 X193.693 Y211.519 E2661.993
G1 X193.814 Y211.269 E2662.01148
G1 X193.976 Y210.997 E2662.03254
G1 X194.127 Y210.785 E2662.04985
G1 X194.348 Y210.53 E2662.0723
G1 X194.566 Y210.321 E2662.09239
G1 X194.791 Y210.14 E2662.11159
G1 X195.087 Y209.945 E2662.13517
G1 X195.41 Y209.778 E2662.15936
G1 X195.645 Y209.683 E2662.17622
G1 X195.921 Y209.595 E2662.19549
G1 X196.269 Y209.521 E2662.21916
G1 X196.592 Y209.486 E2662.24077
G1 X196.907 Y209.481 E2662.26173
G1 X197.315 Y209.52 E2662.28899
G1 X197.647 Y209.587 E2662.31152
G1 X197.987 Y209.695 E2662.33525
G1 X198.303 Y209.831 E2662.35814
G0 F9000 X196.798 Y210
;TYPE:SKIN
G1 F1931.4 X195.149 Y210.8 E2662.4642
G1 X194.263 Y212 E2662.55052
G1 X194.134 Y213.2 E2662.62036
G1 X194.614 Y214.4 E2662.69515
G1 X194.982 Y214.8 E2662.72661
G1 X196.801 Y215.2 E2662.83438
G1 X198.615 Y214.8 E2662.94188
G1 X199.377 Y213.6 E2663.02414
G1 X199.442 Y212.4 E2663.09368
G1 X198.885 Y211.2 E2663.17024
G1 X198.448 Y210.8 E2663.20452
G1 X196.801 Y210.4 E2663.3026
G1 F1500 E2662.3026
G1 F300 Z2.2
G0 F9000 X195.449 Y215.6 Z2.2
G1 F300 Z2
G1 F1500 E2663.32921
G1 F1931.4 X198.143 Y215.6 E2663.41881
G1 F1500 E2662.41881
G1 F300 Z2.2
;MESH:NONMESH
G0 F9000 X198.296 Y91.541 Z2.2
;TIME_ELAPSED:5806.904273
;LAYER:10
;TYPE:WALL-OUTER
;MESH:Top of Case.STL
G1 F300 Z2.2
G1 F1500 E2663.44542
G1 F1932.3 X198.08 Y91.33 E2663.46551
G1 X197.855 Y91.166 E2663.48403
G1 X197.579 Y91.022 E2663.50474
G1 X197.339 Y90.937 E2663.52167
G1 X197.056 Y90.879 E2663.54089
G1 X196.805 Y90.863 E2663.55762
G1 X196.547 Y90.878 E2663.57481
G1 X196.233 Y90.944 E2663.59616
G1 X195.867 Y91.094 E2663.62247
G1 X195.627 Y91.245 E2663.64133
G1 X195.345 Y91.494 E2663.66636
G1 X195.152 Y91.737 E2663.687
G1 X194.966 Y92.082 E2663.71307
G1 X194.871 Y92.369 E2663.73318
G1 X194.814 Y92.754 E2663.75907
G1 X194.819 Y93.022 E2663.7769
G1 X194.863 Y93.294 E2663.79523
G1 X194.947 Y93.571 E2663.81448
G1 X195.072 Y93.834 E2663.83385
G1 X195.256 Y94.102 E2663.85548
G1 X195.527 Y94.377 E2663.88116
G1 X195.744 Y94.534 E2663.89898
G1 X196.029 Y94.682 E2663.92034
G1 X196.29 Y94.771 E2663.93868
G1 X196.543 Y94.821 E2663.95584
G1 X196.809 Y94.838 E2663.97357
G1 X197.086 Y94.817 E2663.99205
G1 X197.334 Y94.764 E2664.00892
G1 X197.594 Y94.672 E2664.02726
G1 X197.86 Y94.531 E2664.04729
G1 X198.083 Y94.368 E2664.06566
G1 X198.351 Y94.093 E2664.09121
G1 X198.538 Y93.814 E2664.11355
G1 X198.679 Y93.498 E2664.13657
G1 X198.751 Y93.23 E2664.15503
G1 X198.785 Y92.945 E2664.17412
G1 X198.78 Y92.678 E2664.19188
G1 X198.737 Y92.407 E2664.21014
G1 X198.622 Y92.054 E2664.23483
G1 X198.481 Y91.79 E2664.25474
G1 X198.296 Y91.541 E2664.27538
G0 F9000 X199.289 Y90.785
G1 F1932.3 X199.464 Y91.017 E2664.29471
G1 X199.604 Y91.24 E2664.31222
G1 X199.773 Y91.579 E2664.33742
G1 X199.893 Y91.906 E2664.36059
G1 X199.957 Y92.151 E2664.37744
G1 X200.014 Y92.49 E2664.4003
G1 X200.034 Y92.82 E2664.42229
G1 X200.017 Y93.176 E2664.446
G1 X199.968 Y93.499 E2664.46773
G1 X199.863 Y93.889 E2664.4946
G1 X199.747 Y94.181 E2664.5155
G1 X199.599 Y94.471 E2664.53716
G1 X199.423 Y94.741 E2664.5586
G1 X199.266 Y94.942 E2664.57556
G1 X198.986 Y95.233 E2664.60243
G1 X198.75 Y95.431 E2664.62292
G1 X198.457 Y95.626 E2664.64633
G1 X198.3 Y95.714 E2664.6583
G1 X197.989 Y95.857 E2664.68107
G1 X197.621 Y95.978 E2664.70684
G1 X197.35 Y96.037 E2664.72529
G1 X197.052 Y96.074 E2664.74527
G1 X196.795 Y96.084 E2664.76238
G1 X196.505 Y96.071 E2664.78169
G1 X196.216 Y96.032 E2664.80109
G1 X195.932 Y95.965 E2664.8205
G1 X195.666 Y95.879 E2664.83909
G1 X195.312 Y95.722 E2664.86485
G1 X194.999 Y95.537 E2664.88904
G1 X194.76 Y95.361 E2664.90878
G1 X194.546 Y95.17 E2664.92786
G1 X194.31 Y94.915 E2664.95098
G1 X194.113 Y94.65 E2664.97294
G1 X193.91 Y94.302 E2664.99974
G1 X193.774 Y93.994 E2665.02214
G1 X193.672 Y93.673 E2665.04454
G1 X193.613 Y93.401 E2665.06306
G1 X193.569 Y92.998 E2665.09002
G1 X193.568 Y92.712 E2665.10905
G1 X193.599 Y92.379 E2665.13129
G1 X193.659 Y92.078 E2665.15171
G1 X193.738 Y91.805 E2665.17062
G1 X193.852 Y91.519 E2665.1911
G1 X194.011 Y91.211 E2665.21415
G1 X194.176 Y90.959 E2665.23419
G1 X194.333 Y90.758 E2665.25116
G1 X194.61 Y90.47 E2665.27774
G1 X194.871 Y90.254 E2665.30027
G1 X195.201 Y90.04 E2665.32644
G1 X195.506 Y89.886 E2665.34917
G1 X195.814 Y89.77 E2665.37106
G1 X196.204 Y89.67 E2665.39784
G1 X196.478 Y89.633 E2665.41623
G1 X196.803 Y89.616 E2665.43788
G1 X197.094 Y89.629 E2665.45726
G1 X197.377 Y89.668 E2665.47626
G1 X197.657 Y89.732 E2665.49537
G1 X197.933 Y89.821 E2665.51466
G1 X198.287 Y89.978 E2665.54042
G1 X198.599 Y90.162 E2665.56451
G1 X198.839 Y90.339 E2665.58435
G1 X199.051 Y90.528 E2665.60324
G1 X199.289 Y90.785 E2665.62654
G0 F9000 X199.2 Y92.846
;TYPE:SKIN
G1 F1690.8 X198.8 Y94.483 E2665.71233
G1 X197.6 Y95.328 E2665.78704
G1 X196.4 Y95.425 E2665.84832
G1 X195.2 Y94.893 E2665.91514
G1 X194.8 Y94.488 E2665.94412
G1 X194.4 Y92.849 E2666.03
G1 X194.8 Y91.219 E2666.11544
G1 X196 Y90.372 E2666.19021
G1 X197.2 Y90.273 E2666.2515
G1 X198.4 Y90.802 E2666.31826
G1 X198.8 Y91.214 E2666.34749
G1 X199.6 Y92.843 E2666.43988
G1 F1500 E2665.43988
G1 F300 Z2.4
G0 F9000 X194 Y93.593 Z2.4
G1 F300 Z2.2
G1 F1500 E2666.46648
G1 F1690.8 X194 Y92.103 E2666.51604
G1 F1500 E2665.51604
G1 F300 Z2.4
G0 F9000 X105.023 Y92.054 Z2.4
;TYPE:WALL-OUTER
G1 F300 Z2.2
G1 F1500 E2666.54265
G1 F1932.3 X104.882 Y91.79 E2666.56256
G1 X104.697 Y91.541 E2666.58319
G1 X104.481 Y91.33 E2666.60328
G1 X104.256 Y91.166 E2666.6218
G1 X103.971 Y91.018 E2666.64316
G1 X103.71 Y90.929 E2666.66151
G1 X103.457 Y90.879 E2666.67866
G1 X103.206 Y90.863 E2666.69539
G1 X102.948 Y90.878 E2666.71258
G1 X102.666 Y90.936 E2666.73173
G1 X102.406 Y91.028 E2666.75008
G1 X102.146 Y91.165 E2666.76963
G1 X101.863 Y91.379 E2666.79323
G1 X101.649 Y91.607 E2666.81403
G1 X101.491 Y91.836 E2666.83254
G1 X101.367 Y92.082 E2666.85086
G1 X101.272 Y92.369 E2666.87097
G1 X101.225 Y92.63 E2666.88862
G1 X101.213 Y92.896 E2666.90633
G1 X101.264 Y93.294 E2666.93302
G1 X101.348 Y93.571 E2666.95227
G1 X101.473 Y93.834 E2666.97164
G1 X101.657 Y94.102 E2666.99327
G1 X101.928 Y94.377 E2667.01895
G1 X102.145 Y94.534 E2667.03677
G1 X102.43 Y94.682 E2667.05813
G1 X102.691 Y94.771 E2667.07647
G1 X103.01 Y94.833 E2667.09809
G1 X103.351 Y94.832 E2667.12077
G1 X103.66 Y94.784 E2667.14158
G1 X103.975 Y94.68 E2667.16364
G1 X104.203 Y94.567 E2667.18057
G1 X104.424 Y94.417 E2667.19834
G1 X104.655 Y94.206 E2667.21915
G1 X104.849 Y93.962 E2667.23988
G1 X105.017 Y93.659 E2667.26293
G1 X105.132 Y93.322 E2667.28662
G1 X105.178 Y93.047 E2667.30516
G1 X105.186 Y92.735 E2667.32593
G1 X105.138 Y92.407 E2667.34798
G1 X105.023 Y92.054 E2667.37267
G0 F9000 X106.215 Y91.679
G1 F1932.3 X106.309 Y91.955 E2667.39207
G1 X106.384 Y92.282 E2667.41439
G1 X106.423 Y92.576 E2667.43411
G1 X106.434 Y92.872 E2667.45382
G1 X106.419 Y93.174 E2667.47393
G1 X106.367 Y93.511 E2667.49661
G1 X106.293 Y93.798 E2667.51633
G1 X106.204 Y94.053 E2667.5343
G1 X106.068 Y94.345 E2667.55572
G1 X105.89 Y94.647 E2667.57904
G1 X105.711 Y94.889 E2667.59907
G1 X105.515 Y95.109 E2667.61866
G1 X105.327 Y95.287 E2667.63589
G1 X105.001 Y95.537 E2667.66321
G1 X104.691 Y95.72 E2667.68716
G1 X104.35 Y95.873 E2667.71202
G1 X104.086 Y95.96 E2667.73051
G1 X103.828 Y96.023 E2667.74818
G1 X103.545 Y96.065 E2667.76721
G1 X103.108 Y96.083 E2667.79631
G1 X102.812 Y96.061 E2667.81605
G1 X102.518 Y96.012 E2667.83588
G1 X102.211 Y95.929 E2667.85703
G1 X101.894 Y95.808 E2667.8796
G1 X101.601 Y95.661 E2667.90141
G1 X101.349 Y95.503 E2667.92119
G1 X101.073 Y95.287 E2667.94451
G1 X100.828 Y95.047 E2667.96732
G1 X100.656 Y94.847 E2667.98487
G1 X100.484 Y94.606 E2668.00456
G1 X100.316 Y94.31 E2668.0272
G1 X100.199 Y94.053 E2668.04599
G1 X100.105 Y93.787 E2668.06476
G1 X100.037 Y93.524 E2668.08283
G1 X99.978 Y93.124 E2668.10972
G1 X99.967 Y92.828 E2668.12943
G1 X99.982 Y92.526 E2668.14954
G1 X100.036 Y92.18 E2668.17283
G1 X100.11 Y91.896 E2668.19236
G1 X100.204 Y91.632 E2668.211
G1 X100.311 Y91.398 E2668.22811
G1 X100.435 Y91.172 E2668.24526
G1 X100.596 Y90.933 E2668.26443
G1 X100.804 Y90.677 E2668.28637
G1 X101.085 Y90.403 E2668.31248
G1 X101.404 Y90.16 E2668.33915
G1 X101.712 Y89.979 E2668.36292
G1 X102.053 Y89.826 E2668.38778
G1 X102.315 Y89.74 E2668.40612
G1 X102.594 Y89.674 E2668.4252
G1 X102.874 Y89.633 E2668.44402
G1 X103.293 Y89.617 E2668.47191
G1 X103.589 Y89.639 E2668.49166
G1 X103.901 Y89.693 E2668.51272
G1 X104.253 Y89.792 E2668.53704
G1 X104.488 Y89.883 E2668.55381
G1 X104.737 Y90.004 E2668.57222
G1 X105.05 Y90.196 E2668.59665
G1 X105.325 Y90.41 E2668.61983
G1 X105.573 Y90.653 E2668.64292
G1 X105.778 Y90.897 E2668.66412
G1 X105.924 Y91.105 E2668.68103
G1 X106.085 Y91.39 E2668.7028
G1 X106.215 Y91.679 E2668.72388
G0 F9000 X105.999 Y92.847
;TYPE:SKIN
G1 F1690.8 X105.199 Y94.482 E2668.81074
G1 X103.999 Y95.329 E2668.88084
G1 X102.799 Y95.425 E2668.93829
G1 X101.599 Y94.892 E2669.00095
G1 X101.199 Y94.485 E2669.02818
G1 X100.799 Y92.849 E2669.10855
G1 X101.199 Y91.213 E2669.18892
G1 X102.399 Y90.368 E2669.25896
G1 X103.599 Y90.273 E2669.3164
G1 X104.799 Y90.803 E2669.37901
G1 X105.199 Y91.214 E2669.40638
G1 X105.599 Y92.85 E2669.48675
G1 F1500 E2668.48675
G1 F300 Z2.4
G0 F9000 X100.399 Y93.589 Z2.4
G1 F300 Z2.2
G1 F1500 E2669.51336
G1 F1690.8 X100.399 Y92.112 E2669.56248
G1 F1500 E2668.56248
G1 F300 Z2.4
G0 F9000 X104.465 Y211.331 Z2.4
;TYPE:WALL-OUTER
G1 F300 Z2.2
G1 F1500 E2669.58909
G1 F1932.3 X104.225 Y211.161 E2669.60865
G1 X103.969 Y211.032 E2669.62772
G1 X103.71 Y210.944 E2669.64592
G1 X103.457 Y210.894 E2669.66307
G1 X103.19 Y210.877 E2669.68087
G1 X102.914 Y210.898 E2669.69928
G1 X102.666 Y210.951 E2669.71615
G1 X102.415 Y211.039 E2669.73385
G1 X102.145 Y211.181 E2669.75414
G1 X101.838 Y211.418 E2669.77994
G1 X101.649 Y211.622 E2669.79844
G1 X101.474 Y211.88 E2669.81917
G1 X101.318 Y212.227 E2669.84448
G1 X101.243 Y212.519 E2669.86454
G1 X101.213 Y212.828 E2669.88519
G1 X101.233 Y213.152 E2669.90678
G1 X101.292 Y213.422 E2669.92517
G1 X101.403 Y213.714 E2669.94595
G1 X101.552 Y213.977 E2669.96605
G1 X101.705 Y214.175 E2669.9827
G1 X101.922 Y214.387 E2670.00288
G1 X102.176 Y214.569 E2670.02366
G1 X102.432 Y214.698 E2670.04273
G1 X102.691 Y214.786 E2670.06093
G1 X102.944 Y214.836 E2670.07808
G1 X103.194 Y214.852 E2670.09475
G1 X103.453 Y214.837 E2670.11201
G1 X103.735 Y214.779 E2670.13116
G1 X103.986 Y214.691 E2670.14885
G1 X104.256 Y214.549 E2670.16914
G1 X104.493 Y214.375 E2670.1887
G1 X104.677 Y214.195 E2670.20582
G1 X104.849 Y213.977 E2670.2243
G1 X104.986 Y213.738 E2670.24262
G1 X105.083 Y213.502 E2670.25959
G1 X105.159 Y213.201 E2670.28024
G1 X105.187 Y212.934 E2670.2981
G1 X105.177 Y212.656 E2670.31661
G1 X105.121 Y212.353 E2670.3371
G1 X105.013 Y212.047 E2670.35869
G1 X104.849 Y211.753 E2670.38108
G1 X104.694 Y211.552 E2670.39797
G1 X104.465 Y211.331 E2670.41914
G0 F9000 X105.678 Y210.785
G1 F1932.3 X105.886 Y211.064 E2670.44229
G1 X106.039 Y211.315 E2670.46184
G1 X106.17 Y211.583 E2670.48168
G1 X106.282 Y211.886 E2670.50317
G1 X106.367 Y212.205 E2670.52513
G1 X106.423 Y212.591 E2670.55108
G1 X106.434 Y212.887 E2670.57078
G1 X106.418 Y213.201 E2670.5917
G1 X106.367 Y213.526 E2670.61358
G1 X106.297 Y213.799 E2670.63233
G1 X106.198 Y214.081 E2670.65221
G1 X106.061 Y214.375 E2670.67379
G1 X105.883 Y214.673 E2670.69688
G1 X105.72 Y214.893 E2670.71509
G1 X105.515 Y215.124 E2670.73563
G1 X105.322 Y215.306 E2670.75328
G1 X105.052 Y215.517 E2670.77607
G1 X104.81 Y215.67 E2670.79512
G1 X104.582 Y215.789 E2670.81223
G1 X104.201 Y215.94 E2670.83949
G1 X103.764 Y216.049 E2670.86945
G1 X103.444 Y216.09 E2670.89091
G1 X103.177 Y216.099 E2670.90868
G1 X102.895 Y216.085 E2670.92746
G1 X102.494 Y216.021 E2670.95448
G1 X102.214 Y215.945 E2670.97378
G1 X101.964 Y215.854 E2670.99147
G1 X101.69 Y215.725 E2671.01162
G1 X101.421 Y215.566 E2671.0324
G1 X101.124 Y215.345 E2671.05703
G1 X100.9 Y215.137 E2671.07736
G1 X100.621 Y214.818 E2671.10556
G1 X100.455 Y214.575 E2671.12513
G1 X100.305 Y214.305 E2671.14568
G1 X100.198 Y214.066 E2671.1631
G1 X100.087 Y213.741 E2671.18594
G1 X100.007 Y213.379 E2671.2106
G1 X99.972 Y213.054 E2671.23235
G1 X99.97 Y212.715 E2671.2549
G1 X100.003 Y212.38 E2671.27729
G1 X100.071 Y212.05 E2671.2997
G1 X100.17 Y211.737 E2671.32154
G1 X100.351 Y211.334 E2671.35093
G1 X100.521 Y211.053 E2671.37277
G1 X100.687 Y210.829 E2671.39132
G1 X100.886 Y210.606 E2671.4112
G1 X101.085 Y210.418 E2671.42941
G1 X101.349 Y210.213 E2671.45165
G1 X101.589 Y210.061 E2671.47054
G1 X101.817 Y209.941 E2671.48768
G1 X102.054 Y209.841 E2671.50479
G1 X102.311 Y209.755 E2671.52282
G1 X102.65 Y209.678 E2671.54595
G1 X102.892 Y209.645 E2671.56219
G1 X103.174 Y209.631 E2671.58098
G1 X103.508 Y209.645 E2671.60321
G1 X103.877 Y209.702 E2671.62805
G1 X104.142 Y209.77 E2671.64625
G1 X104.411 Y209.866 E2671.66525
G1 X104.711 Y210.005 E2671.68724
G1 X104.978 Y210.163 E2671.70788
G1 X105.217 Y210.338 E2671.72758
G1 X105.417 Y210.51 E2671.74513
G1 X105.678 Y210.785 E2671.77035
G0 F9000 X105.599 Y212.868
;TYPE:SKIN
G1 F1690.8 X105.199 Y214.5 E2671.85596
G1 X103.999 Y215.343 E2671.93067
G1 X102.799 Y215.439 E2671.992
G1 X101.599 Y214.911 E2672.05879
G1 X101.199 Y214.496 E2672.08816
G1 X100.799 Y212.862 E2672.17386
G1 X101.199 Y211.228 E2672.25956
G1 X102.399 Y210.384 E2672.33431
G1 X103.599 Y210.29 E2672.39563
G1 X104.799 Y210.819 E2672.46244
G1 X105.199 Y211.231 E2672.49169
G1 X105.999 Y212.87 E2672.58461
G1 F1500 E2671.58461
G1 F300 Z2.4
G0 F9000 X100.399 Y213.606 Z2.4
G1 F300 Z2.2
G1 F1500 E2672.61122
G1 F1690.8 X100.399 Y212.118 E2672.66071
G1 F1500 E2671.66071
G1 F300 Z2.4
G0 F9000 X197.568 Y211.032 Z2.4
;TYPE:WALL-OUTER
G1 F300 Z2.2
G1 F1500 E2672.68732
G1 F1932.3 X197.309 Y210.944 E2672.70551
G1 X197.056 Y210.894 E2672.72267
G1 X196.789 Y210.877 E2672.74047
G1 X196.48 Y210.903 E2672.76109
G1 X196.176 Y210.977 E2672.78191
G1 X195.92 Y211.083 E2672.80034
G1 X195.61 Y211.272 E2672.82449
G1 X195.338 Y211.517 E2672.84884
G1 X195.151 Y211.753 E2672.86887
G1 X195.014 Y211.992 E2672.88719
G1 X194.917 Y212.227 E2672.90411
G1 X194.842 Y212.519 E2672.92416
G1 X194.812 Y212.828 E2672.94481
G1 X194.832 Y213.152 E2672.96641
G1 X194.891 Y213.422 E2672.98479
G1 X195.002 Y213.714 E2673.00557
G1 X195.151 Y213.977 E2673.02568
G1 X195.304 Y214.175 E2673.04232
G1 X195.521 Y214.387 E2673.0625
G1 X195.775 Y214.569 E2673.08329
G1 X196.031 Y214.698 E2673.10236
G1 X196.29 Y214.786 E2673.12055
G1 X196.543 Y214.836 E2673.13771
G1 X196.793 Y214.852 E2673.15437
G1 X197.052 Y214.837 E2673.17163
G1 X197.366 Y214.771 E2673.19297
G1 X197.616 Y214.677 E2673.21074
G1 X197.862 Y214.545 E2673.22931
G1 X198.093 Y214.374 E2673.24843
G1 X198.306 Y214.161 E2673.26847
G1 X198.467 Y213.948 E2673.28623
G1 X198.619 Y213.666 E2673.30754
G1 X198.722 Y213.368 E2673.32851
G1 X198.777 Y213.063 E2673.34913
G1 X198.786 Y212.786 E2673.36756
G1 X198.757 Y212.518 E2673.3855
G1 X198.698 Y212.272 E2673.40232
G1 X198.597 Y212.016 E2673.42063
G1 X198.448 Y211.753 E2673.44074
G1 X198.293 Y211.552 E2673.45762
G1 X198.064 Y211.331 E2673.47879
G1 X197.824 Y211.161 E2673.49836
G1 X197.568 Y211.032 E2673.51743
G0 F9000 X198.31 Y210.005
G1 F1932.3 X198.577 Y210.163 E2673.53806
G1 X198.816 Y210.338 E2673.55777
G1 X199.016 Y210.51 E2673.57532
G1 X199.277 Y210.785 E2673.60054
G1 X199.485 Y211.064 E2673.62368
G1 X199.638 Y211.315 E2673.64324
G1 X199.769 Y211.583 E2673.66308
G1 X199.881 Y211.886 E2673.68457
G1 X199.966 Y212.205 E2673.70653
G1 X200.022 Y212.591 E2673.73248
G1 X200.033 Y212.887 E2673.75218
G1 X200.017 Y213.204 E2673.77329
G1 X199.966 Y213.526 E2673.79498
G1 X199.896 Y213.799 E2673.81373
G1 X199.797 Y214.081 E2673.83361
G1 X199.661 Y214.374 E2673.8551
G1 X199.482 Y214.673 E2673.87828
G1 X199.319 Y214.893 E2673.89649
G1 X199.114 Y215.124 E2673.91704
G1 X198.921 Y215.306 E2673.93468
G1 X198.651 Y215.517 E2673.95748
G1 X198.409 Y215.67 E2673.97652
G1 X198.181 Y215.789 E2673.99363
G1 X197.8 Y215.94 E2674.02089
G1 X197.363 Y216.049 E2674.05085
G1 X197.043 Y216.09 E2674.07231
G1 X196.776 Y216.099 E2674.09008
G1 X196.494 Y216.085 E2674.10887
G1 X196.093 Y216.021 E2674.13588
G1 X195.813 Y215.945 E2674.15518
G1 X195.563 Y215.854 E2674.17288
G1 X195.289 Y215.725 E2674.19302
G1 X195.02 Y215.566 E2674.21381
G1 X194.723 Y215.345 E2674.23843
G1 X194.499 Y215.137 E2674.25877
G1 X194.22 Y214.818 E2674.28696
G1 X194.054 Y214.575 E2674.30653
G1 X193.904 Y214.305 E2674.32708
G1 X193.797 Y214.066 E2674.3445
G1 X193.686 Y213.741 E2674.36734
G1 X193.606 Y213.379 E2674.39201
G1 X193.571 Y213.054 E2674.41375
G1 X193.569 Y212.715 E2674.4363
G1 X193.602 Y212.38 E2674.45869
G1 X193.67 Y212.05 E2674.48111
G1 X193.769 Y211.737 E2674.50294
G1 X193.95 Y211.334 E2674.53233
G1 X194.12 Y211.053 E2674.55418
G1 X194.286 Y210.829 E2674.57272
G1 X194.485 Y210.606 E2674.5926
G1 X194.684 Y210.418 E2674.61082
G1 X194.945 Y210.215 E2674.63281
G1 X195.188 Y210.061 E2674.65195
G1 X195.416 Y209.941 E2674.66909
G1 X195.653 Y209.841 E2674.6862
G1 X195.91 Y209.755 E2674.70423
G1 X196.249 Y209.678 E2674.72735
G1 X196.491 Y209.645 E2674.7436
G1 X196.773 Y209.631 E2674.76238
G1 X197.107 Y209.645 E2674.78462
G1 X197.476 Y209.702 E2674.80945
G1 X197.741 Y209.77 E2674.82765
G1 X198.01 Y209.866 E2674.84665
G1 X198.31 Y210.005 E2674.86865
G0 F9000 X197.999 Y210.551
;TYPE:SKIN
G1 F1690.8 X197.599 Y210.383 E2674.88886
G1 X196.399 Y210.286 E2674.94497
G1 X195.199 Y210.819 E2675.00616
G1 X194.799 Y211.229 E2675.03285
G1 X194.399 Y212.86 E2675.11111
G1 X194.799 Y214.496 E2675.1896
G1 X195.999 Y215.343 E2675.25805
G1 X197.199 Y215.439 E2675.31415
G1 X198.399 Y214.908 E2675.37531
G1 X198.799 Y214.497 E2675.40203
G1 X199.199 Y212.867 E2675.48025
G1 X198.799 Y211.23 E2675.55878
G1 X198.399 Y210.818 E2675.58554
G1 F1500 E2674.58554
G1 F300 Z2.4
G0 F9000 X199.599 Y212.134 Z2.4
G1 F300 Z2.2
G1 F1500 E2675.61215
G1 F1690.8 X199.599 Y213.604 E2675.66104
G1 F1500 E2674.66104
G1 F300 Z2.4
G0 F9000 X193.999 Y213.61 Z2.4
G1 F300 Z2.2
G1 F1500 E2675.68765
G1 F1690.8 X193.999 Y212.114 E2675.73741
G1 F1500 E2674.73741
G1 F300 Z2.4
;MESH:NONMESH
G0 F9000 X198.359 Y91.618 Z2.4
;TIME_ELAPSED:5821.233179
;LAYER:11
;TYPE:WALL-OUTER
;MESH:Top of Case.STL
G1 F300 Z2.4
G1 F1500 E2675.76402
G1 F1799.9 X198.096 Y91.342 E2675.78938
G1 X197.873 Y91.177 E2675.80783
G1 X197.577 Y91.021 E2675.83009
G1 X197.287 Y90.923 E2675.85045
G1 X196.928 Y90.867 E2675.87462
G1 X196.805 Y90.863 E2675.8828
G1 X196.547 Y90.878 E2675.9
G1 X196.232 Y90.945 E2675.92142
G1 X195.867 Y91.094 E2675.94764
G1 X195.595 Y91.268 E2675.96912
G1 X195.337 Y91.502 E2675.99229
G1 X195.145 Y91.746 E2676.01295
G1 X195.008 Y91.99 E2676.03156
G1 X194.892 Y92.29 E2676.05296
G1 X194.829 Y92.588 E2676.07322
G1 X194.812 Y92.894 E2676.0936
G1 X194.863 Y93.295 E2676.12049
G1 X194.946 Y93.57 E2676.1396
G1 X195.072 Y93.834 E2676.15906
G1 X195.239 Y94.081 E2676.17889
G1 X195.503 Y94.358 E2676.20435
G1 X195.726 Y94.523 E2676.2228
G1 X196.022 Y94.679 E2676.24506
G1 X196.312 Y94.777 E2676.26542
G1 X196.67 Y94.833 E2676.28952
G1 X196.95 Y94.832 E2676.30815
G1 X197.225 Y94.792 E2676.32664
G1 X197.553 Y94.69 E2676.34949
G1 X197.882 Y94.517 E2676.37421
G1 X198.105 Y94.349 E2676.39278
G1 X198.31 Y94.144 E2676.41207
G1 X198.504 Y93.873 E2676.43424
G1 X198.633 Y93.618 E2676.45325
G1 X198.728 Y93.332 E2676.4733
G1 X198.777 Y93.046 E2676.4926
G1 X198.785 Y92.734 E2676.51336
G1 X198.736 Y92.404 E2676.53555
G1 X198.651 Y92.126 E2676.55489
G1 X198.527 Y91.867 E2676.57399
G1 X198.359 Y91.618 E2676.59397
G0 F9000 X199.258 Y90.888
G1 F1799.9 X199.453 Y91.161 E2676.61629
G1 X199.582 Y91.383 E2676.63337
G1 X199.743 Y91.738 E2676.6593
G1 X199.836 Y92.026 E2676.67943
G1 X199.911 Y92.38 E2676.7035
G1 X199.945 Y92.786 E2676.7306
G1 X199.94 Y93.046 E2676.7479
G1 X199.906 Y93.35 E2676.76825
G1 X199.843 Y93.651 E2676.78871
G1 X199.748 Y93.948 E2676.80945
G1 X199.615 Y94.255 E2676.8317
G1 X199.449 Y94.546 E2676.85399
G1 X199.256 Y94.817 E2676.87612
G1 X199.005 Y95.094 E2676.90099
G1 X198.802 Y95.276 E2676.91912
G1 X198.671 Y95.378 E2676.93017
G1 X198.433 Y95.539 E2676.94928
G1 X198.147 Y95.693 E2676.97089
G1 X197.82 Y95.826 E2676.99437
G1 X197.571 Y95.9 E2677.01165
G1 X197.264 Y95.962 E2677.03248
G1 X196.993 Y95.991 E2677.05061
G1 X196.655 Y95.993 E2677.0731
G1 X196.331 Y95.961 E2677.09476
G1 X195.999 Y95.893 E2677.1173
G1 X195.695 Y95.796 E2677.13853
G1 X195.381 Y95.659 E2677.16131
G1 X195.072 Y95.479 E2677.1851
G1 X194.841 Y95.312 E2677.20406
G1 X194.551 Y95.051 E2677.23002
G1 X194.336 Y94.807 E2677.25165
G1 X194.145 Y94.539 E2677.27354
G1 X193.952 Y94.188 E2677.30019
G1 X193.839 Y93.915 E2677.31984
G1 X193.762 Y93.67 E2677.33692
G1 X193.692 Y93.342 E2677.35923
G1 X193.654 Y92.914 E2677.38782
G1 X193.66 Y92.639 E2677.40611
G1 X193.691 Y92.366 E2677.42439
G1 X193.759 Y92.041 E2677.44648
G1 X193.84 Y91.782 E2677.46453
G1 X193.965 Y91.484 E2677.48603
G1 X194.15 Y91.154 E2677.51119
G1 X194.343 Y90.884 E2677.53327
G1 X194.641 Y90.56 E2677.56255
G1 X194.93 Y90.32 E2677.58754
G1 X195.164 Y90.162 E2677.60632
G1 X195.454 Y90.006 E2677.62823
G1 X195.779 Y89.874 E2677.65156
G1 X196.028 Y89.8 E2677.66884
G1 X196.335 Y89.738 E2677.68968
G1 X196.606 Y89.709 E2677.70781
G1 X196.944 Y89.707 E2677.73029
G1 X197.268 Y89.739 E2677.75195
G1 X197.6 Y89.807 E2677.77449
G1 X197.904 Y89.904 E2677.79572
G1 X198.218 Y90.041 E2677.81851
G1 X198.379 Y90.129 E2677.83071
G1 X198.591 Y90.264 E2677.84743
G1 X198.846 Y90.461 E2677.86887
G1 X199.056 Y90.659 E2677.88806
G1 X199.258 Y90.888 E2677.90838
G0 F9000 X198.747 Y91.2
;TYPE:SKIN
G1 F1574.9 X198.298 Y90.8 E2677.93346
G1 X196.803 Y90.4 E2677.998
G1 X195.289 Y90.8 E2678.06331
G1 X194.384 Y92 E2678.12599
G1 X194.264 Y93.2 E2678.17628
G1 X194.769 Y94.4 E2678.23058
G1 X195.158 Y94.8 E2678.25385
G1 X196.797 Y95.2 E2678.32421
G1 X198.439 Y94.8 E2678.39469
G1 X199.249 Y93.6 E2678.45508
G1 X199.323 Y92.4 E2678.50522
G1 X199.033 Y91.6 E2678.5407
G1 F1500 E2677.5407
G1 F300 Z2.6
G0 F9000 X197.359 Y95.6 Z2.6
G1 F300 Z2.4
G1 F1500 E2678.56731
G1 F1574.9 X196.245 Y95.6 E2678.60436
G1 F1500 E2677.60436
G1 F300 Z2.6
G0 F9000 X104.987 Y91.978 Z2.6
;TYPE:WALL-OUTER
G1 F300 Z2.4
G1 F1500 E2678.63097
G1 F1799.9 X104.843 Y91.729 E2678.65011
G1 X104.679 Y91.522 E2678.66767
G1 X104.497 Y91.342 E2678.6847
G1 X104.274 Y91.177 E2678.70316
G1 X103.978 Y91.021 E2678.72541
G1 X103.688 Y90.923 E2678.74577
G1 X103.329 Y90.867 E2678.76994
G1 X103.206 Y90.863 E2678.77813
G1 X102.948 Y90.878 E2678.79532
G1 X102.609 Y90.952 E2678.8184
G1 X102.319 Y91.068 E2678.83918
G1 X102.063 Y91.22 E2678.85898
G1 X101.862 Y91.38 E2678.87607
G1 X101.635 Y91.626 E2678.89834
G1 X101.468 Y91.876 E2678.91834
G1 X101.341 Y92.146 E2678.93819
G1 X101.262 Y92.413 E2678.95671
G1 X101.214 Y92.778 E2678.9812
G1 X101.233 Y93.139 E2679.00525
G1 X101.295 Y93.42 E2679.02439
G1 X101.395 Y93.682 E2679.04304
G1 X101.558 Y93.97 E2679.06506
G1 X101.802 Y94.263 E2679.09042
G1 X102.014 Y94.444 E2679.10896
G1 X102.268 Y94.606 E2679.129
G1 X102.564 Y94.733 E2679.15043
G1 X103.012 Y94.833 E2679.18096
G1 X103.352 Y94.832 E2679.20358
G1 X103.66 Y94.784 E2679.22432
G1 X103.955 Y94.689 E2679.24493
G1 X104.204 Y94.566 E2679.26341
G1 X104.453 Y94.394 E2679.28354
G1 X104.664 Y94.197 E2679.30274
G1 X104.834 Y93.983 E2679.32092
G1 X104.977 Y93.743 E2679.3395
G1 X105.081 Y93.496 E2679.35733
G1 X105.159 Y93.188 E2679.37847
G1 X105.188 Y92.806 E2679.40395
G1 X105.162 Y92.529 E2679.42246
G1 X105.102 Y92.27 E2679.44014
G1 X104.987 Y91.978 E2679.46102
G0 F9000 X105.912 Y91.254
G1 F1799.9 X106.094 Y91.617 E2679.48803
G1 X106.19 Y91.872 E2679.50615
G1 X106.26 Y92.12 E2679.5233
G1 X106.317 Y92.42 E2679.54361
G1 X106.344 Y92.717 E2679.56345
G1 X106.338 Y93.079 E2679.58753
G1 X106.303 Y93.374 E2679.60729
G1 X106.232 Y93.693 E2679.62903
G1 X106.13 Y93.996 E2679.6503
G1 X105.995 Y94.295 E2679.67212
G1 X105.828 Y94.581 E2679.69415
G1 X105.591 Y94.896 E2679.72037
G1 X105.314 Y95.18 E2679.74676
G1 X105.013 Y95.421 E2679.77241
G1 X104.649 Y95.642 E2679.80074
G1 X104.42 Y95.749 E2679.81755
G1 X104.005 Y95.891 E2679.84673
G1 X103.76 Y95.947 E2679.86345
G1 X103.438 Y95.987 E2679.88503
G1 X103.166 Y95.996 E2679.90314
G1 X102.815 Y95.972 E2679.92654
G1 X102.564 Y95.931 E2679.94346
G1 X102.24 Y95.846 E2679.96574
G1 X101.974 Y95.747 E2679.98462
G1 X101.697 Y95.613 E2680.00509
G1 X101.406 Y95.434 E2680.02782
G1 X101.182 Y95.262 E2680.0466
G1 X100.931 Y95.028 E2680.06943
G1 X100.737 Y94.806 E2680.08904
G1 X100.574 Y94.581 E2680.10752
G1 X100.388 Y94.259 E2680.13226
G1 X100.266 Y93.983 E2680.15233
G1 X100.175 Y93.71 E2680.17147
G1 X100.103 Y93.398 E2680.19277
G1 X100.063 Y93.079 E2680.21416
G1 X100.055 Y92.802 E2680.23259
G1 X100.079 Y92.458 E2680.25553
G1 X100.121 Y92.207 E2680.27246
G1 X100.191 Y91.933 E2680.29127
G1 X100.305 Y91.622 E2680.31331
G1 X100.491 Y91.251 E2680.34091
G1 X100.713 Y90.923 E2680.36726
G1 X100.924 Y90.678 E2680.38877
G1 X101.209 Y90.414 E2680.41461
G1 X101.418 Y90.257 E2680.432
G1 X101.758 Y90.054 E2680.45834
G1 X102.013 Y89.937 E2680.477
G1 X102.27 Y89.844 E2680.49518
G1 X102.601 Y89.761 E2680.51788
G1 X102.969 Y89.712 E2680.54258
G1 X103.235 Y89.704 E2680.56028
G1 X103.586 Y89.728 E2680.58369
G1 X103.895 Y89.781 E2680.60454
G1 X104.217 Y89.872 E2680.6268
G1 X104.523 Y89.995 E2680.64874
G1 X104.748 Y90.111 E2680.66558
G1 X105.028 Y90.289 E2680.68765
G1 X105.259 Y90.472 E2680.70725
G1 X105.493 Y90.696 E2680.7288
G1 X105.699 Y90.938 E2680.74994
G1 X105.912 Y91.254 E2680.77529
G0 F9000 X105.433 Y91.6
;TYPE:SKIN
G1 F1574.9 X105.617 Y92 E2680.79327
G1 X105.74 Y93.2 E2680.84254
G1 X105.237 Y94.4 E2680.89569
G1 X104.835 Y94.8 E2680.91885
G1 X103.197 Y95.2 E2680.98772
G1 X101.562 Y94.8 E2681.05646
G1 X100.749 Y93.6 E2681.11567
G1 X100.676 Y92.4 E2681.16477
G1 X101.251 Y91.2 E2681.21912
G1 X101.7 Y90.8 E2681.24368
G1 X103.204 Y90.4 E2681.30724
G1 X104.696 Y90.8 E2681.37033
G1 X105.151 Y91.2 E2681.39508
G1 F1500 E2680.39508
G1 F300 Z2.6
G0 F9000 X103.774 Y95.6 Z2.6
G1 F300 Z2.4
G1 F1500 E2681.42168
G1 F1574.9 X102.62 Y95.6 E2681.46007
G1 F1500 E2680.46007
G1 F300 Z2.6
G0 F9000 X104.598 Y211.45 Z2.6
;TYPE:WALL-OUTER
G1 F300 Z2.4
G1 F1500 E2681.48668
G1 F1799.9 X104.37 Y211.257 E2681.50655
G1 X104.122 Y211.104 E2681.52593
G1 X103.837 Y210.982 E2681.54655
G1 X103.456 Y210.894 E2681.57256
G1 X103.19 Y210.877 E2681.59029
G1 X102.913 Y210.898 E2681.60877
G1 X102.609 Y210.967 E2681.62951
G1 X102.319 Y211.083 E2681.65029
G1 X102.075 Y211.227 E2681.66913
G1 X101.848 Y211.409 E2681.68849
G1 X101.635 Y211.641 E2681.70944
G1 X101.461 Y211.902 E2681.7303
G1 X101.321 Y212.217 E2681.75323
G1 X101.243 Y212.519 E2681.77398
G1 X101.213 Y212.828 E2681.79463
G1 X101.233 Y213.151 E2681.81616
G1 X101.299 Y213.446 E2681.83627
G1 X101.404 Y213.715 E2681.85548
G1 X101.552 Y213.977 E2681.8755
G1 X101.722 Y214.193 E2681.89378
G1 X101.904 Y214.373 E2681.91081
G1 X102.125 Y214.537 E2681.92911
G1 X102.486 Y214.719 E2681.95601
G1 X102.762 Y214.805 E2681.97524
G1 X103.072 Y214.848 E2681.99606
G1 X103.453 Y214.837 E2682.02141
G1 X103.792 Y214.763 E2682.04449
G1 X104.082 Y214.647 E2682.06527
G1 X104.339 Y214.494 E2682.08517
G1 X104.562 Y214.312 E2682.10431
G1 X104.766 Y214.089 E2682.12442
G1 X104.939 Y213.829 E2682.14519
G1 X105.061 Y213.567 E2682.16442
G1 X105.135 Y213.323 E2682.18138
G1 X105.177 Y213.073 E2682.19824
G1 X105.187 Y212.785 E2682.21741
G1 X105.137 Y212.419 E2682.24198
G1 X105.053 Y212.142 E2682.26124
G1 X104.934 Y211.892 E2682.27966
G1 X104.767 Y211.642 E2682.29965
G1 X104.598 Y211.45 E2682.31667
G0 F9000 X104.989 Y210.277
G1 F1799.9 X105.256 Y210.484 E2682.33914
G1 X105.493 Y210.711 E2682.36097
G1 X105.708 Y210.966 E2682.38316
G1 X105.912 Y211.269 E2682.40746
G1 X106.094 Y211.632 E2682.43447
G1 X106.19 Y211.887 E2682.4526
G1 X106.26 Y212.135 E2682.46974
G1 X106.322 Y212.471 E2682.49246
G1 X106.346 Y212.82 E2682.51574
G1 X106.34 Y213.073 E2682.53257
G1 X106.31 Y213.346 E2682.55084
G1 X106.243 Y213.662 E2682.57233
G1 X106.159 Y213.935 E2682.59133
G1 X106.063 Y214.173 E2682.6084
G1 X105.907 Y214.469 E2682.63066
G1 X105.69 Y214.789 E2682.65637
G1 X105.477 Y215.037 E2682.67812
G1 X105.156 Y215.33 E2682.70703
G1 X104.894 Y215.516 E2682.72841
G1 X104.601 Y215.682 E2682.75081
G1 X104.349 Y215.794 E2682.76915
G1 X104.072 Y215.887 E2682.78859
G1 X103.749 Y215.963 E2682.81066
G1 X103.414 Y216.004 E2682.83311
G1 X103.164 Y216.011 E2682.84975
G1 X102.781 Y215.983 E2682.87529
G1 X102.502 Y215.932 E2682.89416
G1 X102.197 Y215.847 E2682.91522
G1 X101.892 Y215.726 E2682.93705
G1 X101.59 Y215.568 E2682.95972
G1 X101.267 Y215.346 E2682.98579
G1 X101.028 Y215.14 E2683.00678
G1 X100.793 Y214.89 E2683.02961
G1 X100.598 Y214.633 E2683.05106
G1 X100.388 Y214.274 E2683.07873
G1 X100.267 Y214.001 E2683.0986
G1 X100.175 Y213.725 E2683.11795
G1 X100.103 Y213.413 E2683.13925
G1 X100.062 Y213.083 E2683.16137
G1 X100.055 Y212.817 E2683.17907
G1 X100.079 Y212.473 E2683.20201
G1 X100.121 Y212.222 E2683.21894
G1 X100.191 Y211.948 E2683.23775
G1 X100.298 Y211.651 E2683.25875
G1 X100.442 Y211.353 E2683.28076
G1 X100.618 Y211.068 E2683.30305
G1 X100.81 Y210.819 E2683.32396
G1 X101.089 Y210.533 E2683.35054
G1 X101.338 Y210.329 E2683.37195
G1 X101.57 Y210.175 E2683.39047
G1 X101.84 Y210.028 E2683.41092
G1 X102.145 Y209.902 E2683.43288
G1 X102.427 Y209.816 E2683.45249
G1 X102.728 Y209.755 E2683.47292
G1 X102.88 Y209.736 E2683.48311
G1 X103.187 Y209.718 E2683.50356
G1 X103.469 Y209.731 E2683.52234
G1 X103.811 Y209.779 E2683.54532
G1 X104.064 Y209.84 E2683.56263
G1 X104.388 Y209.952 E2683.58543
G1 X104.668 Y210.082 E2683.60597
G1 X104.989 Y210.277 E2683.63095
G0 F9000 X103.201 Y210.4
;TYPE:SKIN
G1 F1574.9 X101.717 Y210.8 E2683.70264
G1 X100.976 Y211.6 E2683.7535
G1 X100.634 Y212.8 E2683.8117
G1 X100.905 Y214 E2683.86908
G1 X101.541 Y214.8 E2683.91675
G1 X103.202 Y215.2 E2683.99644
G1 X104.859 Y214.8 E2684.07595
G1 X105.655 Y213.6 E2684.14312
G1 X105.72 Y212.4 E2684.19917
G1 X105.14 Y211.2 E2684.26134
G1 X104.68 Y210.8 E2684.28977
G1 F1500 E2683.28977
G1 F300 Z2.6
G0 F9000 X103.828 Y215.6 Z2.6
G1 F300 Z2.4
G1 F1500 E2684.31638
G1 F1574.9 X102.557 Y215.6 E2684.35865
G1 F1500 E2683.35865
G1 F300 Z2.6
G0 F9000 X197.721 Y211.104 Z2.6
;TYPE:WALL-OUTER
G1 F300 Z2.4
G1 F1500 E2684.38526
G1 F1799.9 X197.436 Y210.982 E2684.40588
G1 X197.055 Y210.894 E2684.43189
G1 X196.789 Y210.877 E2684.44962
G1 X196.48 Y210.903 E2684.47025
G1 X196.186 Y210.974 E2684.49037
G1 X195.918 Y211.083 E2684.50962
G1 X195.674 Y211.227 E2684.52846
G1 X195.447 Y211.409 E2684.54782
G1 X195.234 Y211.641 E2684.56877
G1 X195.06 Y211.902 E2684.58963
G1 X194.92 Y212.217 E2684.61256
G1 X194.842 Y212.519 E2684.63331
G1 X194.812 Y212.828 E2684.65396
G1 X194.832 Y213.151 E2684.67549
G1 X194.898 Y213.446 E2684.6956
G1 X195.003 Y213.715 E2684.71481
G1 X195.151 Y213.977 E2684.73482
G1 X195.321 Y214.193 E2684.75311
G1 X195.503 Y214.373 E2684.77014
G1 X195.724 Y214.537 E2684.78844
G1 X196.085 Y214.719 E2684.81534
G1 X196.361 Y214.805 E2684.83457
G1 X196.671 Y214.848 E2684.85539
G1 X197.052 Y214.837 E2684.88074
G1 X197.367 Y214.77 E2684.90216
G1 X197.617 Y214.677 E2684.91991
G1 X197.863 Y214.544 E2684.93851
G1 X198.112 Y214.358 E2684.95918
G1 X198.31 Y214.159 E2684.97786
G1 X198.504 Y213.888 E2685.00003
G1 X198.633 Y213.633 E2685.01904
G1 X198.722 Y213.37 E2685.03751
G1 X198.774 Y213.096 E2685.05606
G1 X198.787 Y212.821 E2685.07437
G1 X198.737 Y212.422 E2685.10112
G1 X198.652 Y212.142 E2685.12059
G1 X198.533 Y211.892 E2685.139
G1 X198.366 Y211.642 E2685.159
G1 X198.197 Y211.45 E2685.17602
G1 X197.969 Y211.257 E2685.19589
G1 X197.721 Y211.104 E2685.21527
G0 F9000 X198.267 Y210.082
G1 F1799.9 X198.588 Y210.277 E2685.24026
G1 X198.855 Y210.484 E2685.26273
G1 X199.092 Y210.711 E2685.28456
G1 X199.307 Y210.966 E2685.30675
G1 X199.511 Y211.269 E2685.33105
G1 X199.693 Y211.632 E2685.35806
G1 X199.789 Y211.887 E2685.37618
G1 X199.859 Y212.135 E2685.39332
G1 X199.921 Y212.471 E2685.41605
G1 X199.945 Y212.82 E2685.43932
G1 X199.939 Y213.074 E2685.45622
G1 X199.909 Y213.346 E2685.47443
G1 X199.842 Y213.662 E2685.49591
G1 X199.758 Y213.935 E2685.51491
G1 X199.662 Y214.173 E2685.53199
G1 X199.506 Y214.469 E2685.55424
G1 X199.289 Y214.789 E2685.57996
G1 X199.076 Y215.037 E2685.60171
G1 X198.755 Y215.33 E2685.63062
G1 X198.493 Y215.516 E2685.65199
G1 X198.2 Y215.682 E2685.67439
G1 X197.948 Y215.794 E2685.69274
G1 X197.671 Y215.887 E2685.71217
G1 X197.348 Y215.963 E2685.73425
G1 X197.013 Y216.004 E2685.7567
G1 X196.763 Y216.011 E2685.77333
G1 X196.38 Y215.983 E2685.79888
G1 X196.101 Y215.932 E2685.81775
G1 X195.796 Y215.847 E2685.83881
G1 X195.491 Y215.726 E2685.86064
G1 X195.189 Y215.568 E2685.88331
G1 X194.866 Y215.346 E2685.90938
G1 X194.627 Y215.14 E2685.93037
G1 X194.392 Y214.89 E2685.95319
G1 X194.197 Y214.633 E2685.97465
G1 X193.987 Y214.274 E2686.00232
G1 X193.865 Y213.999 E2686.02233
G1 X193.774 Y213.725 E2686.04154
G1 X193.702 Y213.413 E2686.06284
G1 X193.661 Y213.083 E2686.08496
G1 X193.654 Y212.817 E2686.10266
G1 X193.678 Y212.473 E2686.1256
G1 X193.72 Y212.222 E2686.14252
G1 X193.79 Y211.948 E2686.16134
G1 X193.897 Y211.651 E2686.18234
G1 X194.041 Y211.353 E2686.20435
G1 X194.217 Y211.068 E2686.22663
G1 X194.409 Y210.819 E2686.24755
G1 X194.688 Y210.533 E2686.27413
G1 X194.937 Y210.329 E2686.29554
G1 X195.169 Y210.175 E2686.31406
G1 X195.439 Y210.028 E2686.33451
G1 X195.744 Y209.902 E2686.35647
G1 X196.026 Y209.816 E2686.37608
G1 X196.327 Y209.755 E2686.39651
G1 X196.479 Y209.736 E2686.4067
G1 X196.786 Y209.718 E2686.42715
G1 X197.068 Y209.731 E2686.44593
G1 X197.41 Y209.779 E2686.4689
G1 X197.663 Y209.84 E2686.48622
G1 X197.987 Y209.952 E2686.50902
G1 X198.267 Y210.082 E2686.52956
G0 F9000 X196.801 Y210.4
;TYPE:SKIN
G1 F1574.9 X195.317 Y210.8 E2686.60123
G1 X194.576 Y211.6 E2686.65208
G1 X194.234 Y212.8 E2686.71027
G1 X194.505 Y214 E2686.76764
G1 X195.141 Y214.8 E2686.8153
G1 X196.802 Y215.2 E2686.89497
G1 X198.46 Y214.8 E2686.9745
G1 X199.254 Y213.6 E2687.0416
G1 X199.32 Y212.4 E2687.09765
G1 X198.74 Y211.2 E2687.1598
G1 X198.28 Y210.8 E2687.18823
G1 F1500 E2686.18823
G1 F300 Z2.6
G0 F9000 X197.428 Y215.6 Z2.6
G1 F300 Z2.4
G1 F1500 E2687.21484
G1 F1574.9 X196.157 Y215.6 E2687.25711
G1 F1500 E2686.25711
G1 F300 Z2.6
;MESH:NONMESH
G0 F9000 X198.317 Y91.566 Z2.6
;TIME_ELAPSED:5835.154217
;LAYER:12
;TYPE:WALL-OUTER
;MESH:Top of Case.STL
G1 F300 Z2.6
G1 F1500 E2687.28372
G1 F1684 X198.106 Y91.352 E2687.30371
G1 X197.884 Y91.185 E2687.32219
G1 X197.625 Y91.041 E2687.3419
G1 X197.316 Y90.931 E2687.36372
G1 X197.055 Y90.88 E2687.38141
G1 X196.795 Y90.863 E2687.39874
G1 X196.386 Y90.905 E2687.42609
G1 X196.141 Y90.974 E2687.44302
G1 X195.866 Y91.095 E2687.46301
G1 X195.626 Y91.246 E2687.48187
G1 X195.345 Y91.494 E2687.5068
G1 X195.152 Y91.736 E2687.52739
G1 X195.014 Y91.977 E2687.54587
G1 X194.916 Y92.214 E2687.56293
G1 X194.842 Y92.51 E2687.58322
G1 X194.812 Y92.895 E2687.60891
G1 X194.862 Y93.294 E2687.63566
G1 X194.948 Y93.572 E2687.65502
G1 X195.071 Y93.832 E2687.67415
G1 X195.274 Y94.125 E2687.69786
G1 X195.476 Y94.333 E2687.71715
G1 X195.715 Y94.515 E2687.73713
G1 X196.003 Y94.671 E2687.75892
G1 X196.283 Y94.769 E2687.77865
G1 X196.544 Y94.82 E2687.79634
G1 X196.81 Y94.838 E2687.81408
G1 X197.087 Y94.817 E2687.83256
G1 X197.378 Y94.751 E2687.85241
G1 X197.751 Y94.595 E2687.8793
G1 X197.977 Y94.451 E2687.89713
G1 X198.262 Y94.197 E2687.92252
G1 X198.448 Y93.962 E2687.94246
G1 X198.615 Y93.66 E2687.96541
G1 X198.711 Y93.398 E2687.98398
G1 X198.771 Y93.102 E2688.00407
G1 X198.787 Y92.804 E2688.02392
G1 X198.737 Y92.406 E2688.0506
G1 X198.62 Y92.053 E2688.07534
G1 X198.487 Y91.799 E2688.09441
G1 X198.317 Y91.566 E2688.1136
G0 F9000 X198.931 Y90.593
G1 F1684 X199.163 Y90.836 E2688.13595
G1 X199.334 Y91.056 E2688.15448
G1 X199.531 Y91.376 E2688.17948
G1 X199.645 Y91.608 E2688.19667
G1 X199.776 Y91.967 E2688.22209
G1 X199.854 Y92.29 E2688.2442
G1 X199.89 Y92.548 E2688.26153
G1 X199.905 Y92.871 E2688.28304
G1 X199.886 Y93.196 E2688.30469
G1 X199.831 Y93.522 E2688.32668
G1 X199.764 Y93.776 E2688.34416
G1 X199.666 Y94.044 E2688.36314
G1 X199.555 Y94.28 E2688.38049
G1 X199.382 Y94.573 E2688.40312
G1 X199.199 Y94.821 E2688.42362
G1 X198.978 Y95.062 E2688.44538
G1 X198.69 Y95.313 E2688.47079
G1 X198.375 Y95.525 E2688.49605
G1 X198.059 Y95.687 E2688.51967
G1 X197.686 Y95.825 E2688.54612
G1 X197.389 Y95.898 E2688.56647
G1 X197.097 Y95.94 E2688.58609
G1 X196.982 Y95.949 E2688.59376
G1 X196.657 Y95.952 E2688.61538
G1 X196.336 Y95.92 E2688.63684
G1 X196.021 Y95.856 E2688.65823
G1 X195.71 Y95.757 E2688.67994
G1 X195.41 Y95.626 E2688.70171
G1 X195.132 Y95.469 E2688.72295
G1 X194.874 Y95.286 E2688.74399
G1 X194.591 Y95.033 E2688.76924
G1 X194.305 Y94.699 E2688.79849
G1 X194.151 Y94.47 E2688.81685
G1 X194.014 Y94.222 E2688.8357
G1 X193.891 Y93.936 E2688.85641
G1 X193.777 Y93.56 E2688.88254
G1 X193.719 Y93.241 E2688.90411
G1 X193.697 Y92.981 E2688.92147
G1 X193.701 Y92.645 E2688.94382
G1 X193.739 Y92.323 E2688.96539
G1 X193.796 Y92.059 E2688.98335
G1 X193.91 Y91.714 E2689.00752
G1 X194.044 Y91.42 E2689.02902
G1 X194.217 Y91.127 E2689.05165
G1 X194.4 Y90.879 E2689.07215
G1 X194.62 Y90.64 E2689.09376
G1 X194.825 Y90.454 E2689.11217
G1 X195.081 Y90.264 E2689.13338
G1 X195.367 Y90.095 E2689.15548
G1 X195.676 Y89.956 E2689.17802
G1 X195.913 Y89.875 E2689.19468
G1 X196.21 Y89.802 E2689.21502
G1 X196.502 Y89.76 E2689.23465
G1 X196.78 Y89.745 E2689.25317
G1 X197.099 Y89.759 E2689.27441
G1 X197.434 Y89.81 E2689.29695
G1 X197.732 Y89.888 E2689.31744
G1 X198.047 Y90.007 E2689.33984
G1 X198.323 Y90.145 E2689.36036
G1 X198.658 Y90.363 E2689.38695
G1 X198.931 Y90.593 E2689.4107
G0 F9000 X198.8 Y91.307
;TYPE:SKIN
G1 F1473.5 X199.2 Y92.849 E2689.47323
G1 X198.8 Y94.388 E2689.53565
G1 X197.6 Y95.26 E2689.59388
G1 X196.4 Y95.36 E2689.64114
G1 X195.2 Y94.817 E2689.69285
G1 X194.8 Y94.394 E2689.7157
G1 X194.4 Y92.85 E2689.77831
G1 X194.8 Y91.306 E2689.84092
G1 X196 Y90.433 E2689.89917
G1 X197.2 Y90.339 E2689.94642
G1 X198.4 Y90.883 E2689.99814
G1 F1500 E2688.99814
G1 F300 Z2.8
G0 F9000 X105.021 Y92.053 Z2.8
;TYPE:WALL-OUTER
G1 F300 Z2.6
G1 F1500 E2690.02474
G1 F1684 X104.882 Y91.79 E2690.04453
G1 X104.718 Y91.566 E2690.063
G1 X104.507 Y91.352 E2690.08299
G1 X104.284 Y91.184 E2690.10156
G1 X104.051 Y91.054 E2690.11931
G1 X103.813 Y90.959 E2690.13636
G1 X103.477 Y90.882 E2690.15929
G1 X103.206 Y90.863 E2690.17736
G1 X102.947 Y90.878 E2690.19462
G1 X102.662 Y90.937 E2690.21398
G1 X102.403 Y91.029 E2690.23226
G1 X102.137 Y91.171 E2690.25232
G1 X101.862 Y91.38 E2690.27529
G1 X101.648 Y91.609 E2690.29614
G1 X101.489 Y91.839 E2690.31474
G1 X101.367 Y92.084 E2690.33295
G1 X101.271 Y92.37 E2690.35302
G1 X101.225 Y92.633 E2690.37078
G1 X101.213 Y92.897 E2690.38836
G1 X101.263 Y93.294 E2690.41498
G1 X101.349 Y93.572 E2690.43433
G1 X101.472 Y93.832 E2690.45347
G1 X101.675 Y94.125 E2690.47718
G1 X101.877 Y94.333 E2690.49646
G1 X102.116 Y94.515 E2690.51645
G1 X102.404 Y94.671 E2690.53824
G1 X102.684 Y94.769 E2690.55797
G1 X103.005 Y94.832 E2690.57973
G1 X103.351 Y94.832 E2690.60274
G1 X103.627 Y94.792 E2690.6213
G1 X103.893 Y94.714 E2690.63974
G1 X104.154 Y94.594 E2690.65884
G1 X104.378 Y94.451 E2690.67652
G1 X104.663 Y94.197 E2690.70192
G1 X104.849 Y93.962 E2690.72185
G1 X105.016 Y93.66 E2690.74481
G1 X105.132 Y93.32 E2690.76871
G1 X105.178 Y93.046 E2690.78719
G1 X105.186 Y92.734 E2690.80795
G1 X105.138 Y92.406 E2690.83
G1 X105.021 Y92.053 E2690.85474
G0 F9000 X106.167 Y91.934
G1 F1684 X106.266 Y92.355 E2690.88351
G1 X106.299 Y92.664 E2690.90418
G1 X106.303 Y92.956 E2690.9236
G1 X106.268 Y93.328 E2690.94846
G1 X106.208 Y93.624 E2690.96855
G1 X106.136 Y93.864 E2690.98522
G1 X106.005 Y94.183 E2691.00816
G1 X105.848 Y94.472 E2691.03004
G1 X105.661 Y94.745 E2691.05205
G1 X105.409 Y95.032 E2691.07745
G1 X105.192 Y95.232 E2691.09708
G1 X104.985 Y95.389 E2691.11437
G1 X104.679 Y95.58 E2691.13836
G1 X104.328 Y95.743 E2691.1641
G1 X104.06 Y95.833 E2691.18291
G1 X103.764 Y95.904 E2691.20316
G1 X103.414 Y95.947 E2691.22662
G1 X103.104 Y95.954 E2691.24724
G1 X102.78 Y95.926 E2691.26888
G1 X102.474 Y95.869 E2691.28958
G1 X102.168 Y95.778 E2691.31082
G1 X101.905 Y95.672 E2691.32968
G1 X101.626 Y95.526 E2691.35063
G1 X101.353 Y95.345 E2691.37242
G1 X101.104 Y95.141 E2691.39383
G1 X100.867 Y94.898 E2691.41641
G1 X100.633 Y94.596 E2691.44182
G1 X100.471 Y94.329 E2691.4626
G1 X100.341 Y94.057 E2691.48265
G1 X100.234 Y93.766 E2691.50327
G1 X100.135 Y93.345 E2691.53204
G1 X100.101 Y93.023 E2691.55358
G1 X100.098 Y92.744 E2691.57214
G1 X100.133 Y92.372 E2691.597
G1 X100.193 Y92.076 E2691.61709
G1 X100.265 Y91.836 E2691.63375
G1 X100.396 Y91.517 E2691.65669
G1 X100.553 Y91.228 E2691.67857
G1 X100.741 Y90.954 E2691.70068
G1 X100.919 Y90.744 E2691.71899
G1 X101.225 Y90.455 E2691.74699
G1 X101.448 Y90.286 E2691.7656
G1 X101.722 Y90.12 E2691.78691
G1 X102.075 Y89.956 E2691.8128
G1 X102.341 Y89.867 E2691.83146
G1 X102.637 Y89.796 E2691.85171
G1 X102.987 Y89.753 E2691.87517
G1 X103.297 Y89.746 E2691.89579
G1 X103.621 Y89.774 E2691.91743
G1 X103.927 Y89.831 E2691.93813
G1 X104.233 Y89.922 E2691.95937
G1 X104.496 Y90.028 E2691.97823
G1 X104.775 Y90.174 E2691.99918
G1 X105.045 Y90.353 E2692.02073
G1 X105.297 Y90.559 E2692.04238
G1 X105.481 Y90.744 E2692.05973
G1 X105.668 Y90.965 E2692.07899
G1 X105.846 Y91.224 E2692.0999
G1 X106.004 Y91.517 E2692.12204
G1 X106.167 Y91.934 E2692.15182
G0 F9000 X105.599 Y92.848
;TYPE:SKIN
G1 F1473.5 X105.199 Y94.39 E2692.22182
G1 X103.999 Y95.265 E2692.28707
G1 X102.799 Y95.359 E2692.33995
G1 X101.599 Y94.816 E2692.39782
G1 X101.199 Y94.392 E2692.42343
G1 X100.799 Y92.85 E2692.49342
G1 X101.199 Y91.304 E2692.56358
G1 X102.399 Y90.436 E2692.62865
G1 X103.599 Y90.338 E2692.68155
G1 X104.799 Y90.881 E2692.73942
G1 X105.199 Y91.304 E2692.765
G1 F1500 E2691.765
G1 F300 Z2.8
G0 F9000 X104.538 Y211.395 Z2.8
;TYPE:WALL-OUTER
G1 F300 Z2.6
G1 F1500 E2692.79161
G1 F1684 X104.285 Y211.2 E2692.81286
G1 X104.062 Y211.074 E2692.8299
G1 X103.813 Y210.974 E2692.84775
G1 X103.477 Y210.897 E2692.87068
G1 X103.189 Y210.877 E2692.88988
G1 X102.913 Y210.898 E2692.90829
G1 X102.622 Y210.964 E2692.92814
G1 X102.361 Y211.063 E2692.94671
G1 X102.118 Y211.198 E2692.9652
G1 X101.836 Y211.419 E2692.98904
G1 X101.648 Y211.624 E2693.00754
G1 X101.473 Y211.881 E2693.02822
G1 X101.317 Y212.228 E2693.05353
G1 X101.243 Y212.52 E2693.07357
G1 X101.213 Y212.84 E2693.09495
G1 X101.233 Y213.152 E2693.11574
G1 X101.299 Y213.445 E2693.13572
G1 X101.4 Y213.706 E2693.15434
G1 X101.559 Y213.988 E2693.17587
G1 X101.756 Y214.231 E2693.19668
G1 X102.034 Y214.474 E2693.22124
G1 X102.278 Y214.626 E2693.24037
G1 X102.554 Y214.744 E2693.26033
G1 X102.945 Y214.835 E2693.28704
G1 X103.204 Y214.852 E2693.3043
G1 X103.454 Y214.837 E2693.32096
G1 X103.739 Y214.778 E2693.34032
G1 X103.979 Y214.694 E2693.35724
G1 X104.225 Y214.569 E2693.37559
G1 X104.461 Y214.402 E2693.39483
G1 X104.663 Y214.212 E2693.41327
G1 X104.848 Y213.978 E2693.43312
G1 X104.991 Y213.727 E2693.45233
G1 X105.13 Y213.345 E2693.47937
G1 X105.178 Y213.063 E2693.4984
G1 X105.187 Y212.785 E2693.5169
G1 X105.13 Y212.386 E2693.54371
G1 X105.052 Y212.141 E2693.56082
G1 X104.939 Y211.9 E2693.57852
G1 X104.726 Y211.59 E2693.60354
G1 X104.538 Y211.395 E2693.62156
G0 F9000 X105.529 Y210.811
G1 F1684 X105.768 Y211.119 E2693.6475
G1 X105.927 Y211.38 E2693.66783
G1 X106.058 Y211.654 E2693.68803
G1 X106.167 Y211.949 E2693.70895
G1 X106.266 Y212.37 E2693.73772
G1 X106.299 Y212.679 E2693.75839
G1 X106.303 Y212.971 E2693.77781
G1 X106.268 Y213.343 E2693.80267
G1 X106.208 Y213.639 E2693.82276
G1 X106.112 Y213.947 E2693.84422
G1 X105.981 Y214.248 E2693.86606
G1 X105.823 Y214.528 E2693.88744
G1 X105.661 Y214.76 E2693.90627
G1 X105.482 Y214.971 E2693.92467
G1 X105.176 Y215.26 E2693.95267
G1 X104.953 Y215.429 E2693.97128
G1 X104.679 Y215.595 E2693.99259
G1 X104.328 Y215.758 E2694.01834
G1 X104.06 Y215.848 E2694.03714
G1 X103.764 Y215.919 E2694.05739
G1 X103.414 Y215.962 E2694.08085
G1 X103.104 Y215.969 E2694.10148
G1 X102.802 Y215.944 E2694.12163
G1 X102.474 Y215.884 E2694.14381
G1 X102.119 Y215.776 E2694.1685
G1 X101.702 Y215.585 E2694.19901
G1 X101.48 Y215.451 E2694.21626
G1 X101.211 Y215.249 E2694.23863
G1 X101.018 Y215.074 E2694.25596
G1 X100.731 Y214.748 E2694.28486
G1 X100.552 Y214.487 E2694.30591
G1 X100.396 Y214.195 E2694.32793
G1 X100.262 Y213.87 E2694.35132
G1 X100.17 Y213.54 E2694.3741
G1 X100.115 Y213.214 E2694.3961
G1 X100.096 Y212.929 E2694.4151
G1 X100.102 Y212.66 E2694.43299
G1 X100.133 Y212.387 E2694.45127
G1 X100.193 Y212.091 E2694.47136
G1 X100.265 Y211.851 E2694.48803
G1 X100.396 Y211.532 E2694.51097
G1 X100.553 Y211.243 E2694.53285
G1 X100.745 Y210.964 E2694.55538
G1 X100.992 Y210.683 E2694.58026
G1 X101.225 Y210.47 E2694.60126
G1 X101.448 Y210.301 E2694.61988
G1 X101.722 Y210.135 E2694.64119
G1 X102.098 Y209.963 E2694.66869
G1 X102.513 Y209.837 E2694.69754
G1 X102.796 Y209.786 E2694.71667
G1 X103.07 Y209.762 E2694.73497
G1 X103.297 Y209.761 E2694.75007
G1 X103.599 Y209.786 E2694.77022
G1 X103.927 Y209.846 E2694.7924
G1 X104.238 Y209.938 E2694.81398
G1 X104.498 Y210.043 E2694.83263
G1 X104.776 Y210.189 E2694.85352
G1 X105.051 Y210.372 E2694.87549
G1 X105.297 Y210.574 E2694.89667
G1 X105.529 Y210.811 E2694.91873
G0 F9000 X105.199 Y211.321
;TYPE:SKIN
G1 F1473.5 X105.599 Y212.866 E2694.98126
G1 X105.199 Y214.405 E2695.04356
G1 X103.999 Y215.278 E2695.10171
G1 X102.799 Y215.373 E2695.14887
G1 X101.599 Y214.831 E2695.20047
G1 X101.199 Y214.402 E2695.22345
G1 X100.799 Y212.865 E2695.28568
G1 X101.199 Y211.32 E2695.34821
G1 X102.399 Y210.456 E2695.40615
G1 X103.599 Y210.354 E2695.45333
G1 X104.799 Y210.895 E2695.50491
G1 F1500 E2694.50491
G1 F300 Z2.8
G0 F9000 X197.543 Y211.022 Z2.8
;TYPE:WALL-OUTER
G1 F300 Z2.6
G1 F1500 E2695.53152
G1 F1684 X197.237 Y210.925 E2695.55287
G1 X196.928 Y210.882 E2695.57362
G1 X196.788 Y210.877 E2695.58294
G1 X196.512 Y210.898 E2695.60136
G1 X196.221 Y210.964 E2695.6212
G1 X195.96 Y211.063 E2695.63977
G1 X195.717 Y211.198 E2695.65826
G1 X195.435 Y211.419 E2695.6821
G1 X195.247 Y211.624 E2695.7006
G1 X195.072 Y211.881 E2695.72128
G1 X194.916 Y212.228 E2695.74659
G1 X194.842 Y212.52 E2695.76663
G1 X194.812 Y212.84 E2695.78801
G1 X194.832 Y213.152 E2695.80881
G1 X194.898 Y213.445 E2695.82878
G1 X194.999 Y213.706 E2695.8474
G1 X195.158 Y213.988 E2695.86894
G1 X195.355 Y214.231 E2695.88974
G1 X195.633 Y214.474 E2695.91431
G1 X195.937 Y214.656 E2695.93788
G1 X196.187 Y214.756 E2695.95579
G1 X196.523 Y214.833 E2695.97872
G1 X196.793 Y214.852 E2695.99672
G1 X197.053 Y214.837 E2696.01405
G1 X197.338 Y214.778 E2696.03341
G1 X197.578 Y214.694 E2696.05032
G1 X197.824 Y214.569 E2696.06868
G1 X198.061 Y214.401 E2696.088
G1 X198.276 Y214.195 E2696.10781
G1 X198.447 Y213.978 E2696.12619
G1 X198.59 Y213.727 E2696.1454
G1 X198.72 Y213.378 E2696.17018
G1 X198.774 Y213.095 E2696.18934
G1 X198.787 Y212.82 E2696.20765
G1 X198.729 Y212.387 E2696.23671
G1 X198.6 Y212.024 E2696.26234
G1 X198.441 Y211.742 E2696.28388
G1 X198.244 Y211.499 E2696.30468
G1 X198.014 Y211.291 E2696.32531
G1 X197.792 Y211.143 E2696.34306
G1 X197.543 Y211.022 E2696.36148
G0 F9000 X198.375 Y210.189
G1 F1684 X198.65 Y210.372 E2696.38345
G1 X198.896 Y210.574 E2696.40462
G1 X199.128 Y210.811 E2696.42669
G1 X199.367 Y211.119 E2696.45262
G1 X199.526 Y211.38 E2696.47295
G1 X199.657 Y211.654 E2696.49315
G1 X199.766 Y211.949 E2696.51407
G1 X199.865 Y212.37 E2696.54284
G1 X199.898 Y212.679 E2696.56351
G1 X199.902 Y212.971 E2696.58294
G1 X199.867 Y213.343 E2696.60779
G1 X199.807 Y213.639 E2696.62788
G1 X199.711 Y213.947 E2696.64934
G1 X199.58 Y214.248 E2696.67118
G1 X199.422 Y214.528 E2696.69257
G1 X199.26 Y214.76 E2696.71139
G1 X199.081 Y214.971 E2696.7298
G1 X198.775 Y215.26 E2696.75779
G1 X198.552 Y215.429 E2696.77641
G1 X198.278 Y215.595 E2696.79772
G1 X197.927 Y215.758 E2696.82346
G1 X197.659 Y215.848 E2696.84227
G1 X197.363 Y215.919 E2696.86251
G1 X197.013 Y215.962 E2696.88597
G1 X196.703 Y215.969 E2696.9066
G1 X196.401 Y215.944 E2696.92676
G1 X196.073 Y215.884 E2696.94894
G1 X195.718 Y215.776 E2696.97362
G1 X195.301 Y215.585 E2697.00413
G1 X195.079 Y215.451 E2697.02138
G1 X194.81 Y215.249 E2697.04376
G1 X194.617 Y215.074 E2697.06109
G1 X194.325 Y214.741 E2697.09055
G1 X194.151 Y214.487 E2697.11103
G1 X193.995 Y214.195 E2697.13305
G1 X193.861 Y213.87 E2697.15644
G1 X193.769 Y213.54 E2697.17922
G1 X193.714 Y213.214 E2697.20122
G1 X193.695 Y212.929 E2697.22022
G1 X193.701 Y212.66 E2697.23812
G1 X193.732 Y212.387 E2697.25639
G1 X193.792 Y212.091 E2697.27648
G1 X193.864 Y211.851 E2697.29315
G1 X193.995 Y211.532 E2697.31609
G1 X194.152 Y211.243 E2697.33797
G1 X194.344 Y210.964 E2697.3605
G1 X194.591 Y210.683 E2697.38538
G1 X194.824 Y210.47 E2697.40638
G1 X195.047 Y210.301 E2697.425
G1 X195.321 Y210.135 E2697.44631
G1 X195.697 Y209.963 E2697.47381
G1 X196.112 Y209.837 E2697.50266
G1 X196.395 Y209.786 E2697.52179
G1 X196.669 Y209.762 E2697.54009
G1 X196.896 Y209.761 E2697.55519
G1 X197.198 Y209.786 E2697.57534
G1 X197.526 Y209.846 E2697.59752
G1 X197.837 Y209.938 E2697.6191
G1 X198.097 Y210.043 E2697.63775
G1 X198.375 Y210.189 E2697.65864
G0 F9000 X197.999 Y210.623
;TYPE:SKIN
G1 F1473.5 X197.599 Y210.452 E2697.67531
G1 X196.399 Y210.352 E2697.72144
G1 X195.199 Y210.891 E2697.77184
G1 X194.799 Y211.318 E2697.79426
G1 X194.399 Y212.864 E2697.85544
G1 X194.799 Y214.402 E2697.91633
G1 X195.999 Y215.276 E2697.97321
G1 X197.199 Y215.374 E2698.01934
G1 X198.399 Y214.831 E2698.0698
G1 X198.799 Y214.402 E2698.09228
G1 X199.199 Y212.865 E2698.15313
G1 X198.799 Y211.325 E2698.21409
G0 F9000 X198.399 Y211.188
G1 F1473.5 X198.399 Y210.607 E2698.23341
G1 F1500 E2697.23341
G1 F300 Z2.8
;MESH:NONMESH
G0 F9000 X198.301 Y91.547 Z2.8
;TIME_ELAPSED:5847.777070
;LAYER:13
;TYPE:WALL-OUTER
;MESH:Top of Case.STL
G1 F300 Z2.8
G1 F1500 E2698.26002
G1 F1766.8 X198.093 Y91.341 E2698.27949
G1 X197.853 Y91.164 E2698.29933
G1 X197.615 Y91.038 E2698.31724
G1 X197.237 Y90.911 E2698.34377
G1 X196.938 Y90.867 E2698.36387
G1 X196.788 Y90.863 E2698.37385
G1 X196.51 Y90.883 E2698.3924
G1 X196.174 Y90.963 E2698.41537
G1 X195.928 Y91.064 E2698.43306
G1 X195.687 Y91.203 E2698.45157
G1 X195.468 Y91.373 E2698.47001
G1 X195.248 Y91.608 E2698.49142
G1 X195.09 Y91.837 E2698.50993
G1 X194.965 Y92.084 E2698.52834
G1 X194.871 Y92.368 E2698.54824
G1 X194.818 Y92.687 E2698.56975
G1 X194.814 Y92.955 E2698.58758
G1 X194.851 Y93.242 E2698.60683
G1 X194.949 Y93.575 E2698.62992
G1 X195.071 Y93.831 E2698.64879
G1 X195.24 Y94.082 E2698.66892
G1 X195.506 Y94.359 E2698.69446
G1 X195.746 Y94.536 E2698.7143
G1 X196.021 Y94.679 E2698.73492
G1 X196.397 Y94.797 E2698.76113
G1 X196.661 Y94.833 E2698.77886
G1 X196.951 Y94.832 E2698.79815
G1 X197.259 Y94.785 E2698.81887
G1 X197.557 Y94.688 E2698.83972
G1 X197.865 Y94.528 E2698.86281
G1 X198.13 Y94.327 E2698.88493
G1 X198.344 Y94.1 E2698.90569
G1 X198.504 Y93.873 E2698.92416
G1 X198.634 Y93.616 E2698.94332
G1 X198.72 Y93.362 E2698.96116
G1 X198.777 Y93.046 E2698.98252
G1 X198.777 Y92.652 E2699.00872
G1 X198.726 Y92.357 E2699.02864
G1 X198.619 Y92.049 E2699.05033
G1 X198.48 Y91.787 E2699.07006
G1 X198.301 Y91.547 E2699.08997
G0 F9000 X199.279 Y90.989
G1 F1766.8 X199.45 Y91.241 E2699.11023
G1 X199.614 Y91.55 E2699.1335
G1 X199.729 Y91.836 E2699.15401
G1 X199.805 Y92.088 E2699.17152
G1 X199.859 Y92.354 E2699.18957
G1 X199.896 Y92.7 E2699.21272
G1 X199.898 Y92.955 E2699.22968
G1 X199.87 Y93.275 E2699.25105
G1 X199.806 Y93.608 E2699.27361
G1 X199.734 Y93.85 E2699.2904
G1 X199.614 Y94.15 E2699.3119
G1 X199.488 Y94.394 E2699.33016
G1 X199.336 Y94.634 E2699.34906
G1 X199.17 Y94.848 E2699.36708
G1 X198.996 Y95.037 E2699.38417
G1 X198.79 Y95.225 E2699.40272
G1 X198.494 Y95.446 E2699.42729
G1 X198.26 Y95.584 E2699.44536
G1 X198.001 Y95.708 E2699.46446
G1 X197.6 Y95.845 E2699.49265
G1 X197.291 Y95.911 E2699.51367
G1 X197.062 Y95.939 E2699.52902
G1 X196.689 Y95.949 E2699.55384
G1 X196.358 Y95.919 E2699.57595
G1 X196.11 Y95.873 E2699.59272
G1 X195.831 Y95.795 E2699.61199
G1 X195.444 Y95.638 E2699.63978
G1 X195.103 Y95.444 E2699.66587
G1 X194.852 Y95.262 E2699.6865
G1 X194.653 Y95.087 E2699.70412
G1 X194.455 Y94.878 E2699.72328
G1 X194.231 Y94.587 E2699.7477
G1 X194.059 Y94.299 E2699.77002
G1 X193.925 Y94.011 E2699.79115
G1 X193.832 Y93.748 E2699.8097
G1 X193.755 Y93.433 E2699.83128
G1 X193.716 Y93.164 E2699.84936
G1 X193.699 Y92.801 E2699.87353
G1 X193.722 Y92.471 E2699.89553
G1 X193.766 Y92.211 E2699.91308
G1 X193.832 Y91.952 E2699.93086
G1 X193.925 Y91.689 E2699.94941
G1 X194.067 Y91.386 E2699.97167
G1 X194.266 Y91.062 E2699.99696
G1 X194.429 Y90.852 E2700.01465
G1 X194.603 Y90.663 E2700.03174
G1 X194.815 Y90.469 E2700.05085
G1 X195.103 Y90.255 E2700.07472
G1 X195.386 Y90.091 E2700.09648
G1 X195.643 Y89.974 E2700.11526
G1 X195.883 Y89.888 E2700.13222
G1 X196.158 Y89.817 E2700.15111
G1 X196.416 Y89.774 E2700.16851
G1 X196.685 Y89.752 E2700.18647
G1 X197.061 Y89.761 E2700.21149
G1 X197.391 Y89.806 E2700.23364
G1 X197.768 Y89.905 E2700.25957
G1 X198.155 Y90.062 E2700.28735
G1 X198.394 Y90.192 E2700.30545
G1 X198.612 Y90.335 E2700.32279
G1 X198.879 Y90.551 E2700.34564
G1 X199.073 Y90.743 E2700.36379
G1 X199.279 Y90.989 E2700.38514
G0 F9000 X198.722 Y91.2
;TYPE:SKIN
G1 F1545.9 X198.268 Y90.8 E2700.40847
G1 X196.797 Y90.4 E2700.46726
G1 X195.33 Y90.8 E2700.5259
G1 X194.591 Y91.6 E2700.5679
G1 X194.258 Y92.8 E2700.61593
G1 X194.536 Y94 E2700.66343
G1 X195.191 Y94.8 E2700.7033
G1 X196.802 Y95.2 E2700.76732
G1 X198.408 Y94.8 E2700.83115
G1 X199.225 Y93.6 E2700.88713
G1 X199.299 Y92.4 E2700.9335
G1 X199.01 Y91.6 E2700.9663
G1 F1500 E2699.9663
G1 F300 Z3
G0 F9000 X197.063 Y95.6 Z3
G1 F300 Z2.8
G1 F1500 E2700.99291
G1 F1545.9 X196.562 Y95.6 E2701.00957
G1 F1500 E2700.00957
G1 F300 Z3
G0 F9000 X105.02 Y92.049 Z3
;TYPE:WALL-OUTER
G1 F300 Z2.8
G1 F1500 E2701.03618
G1 F1766.8 X104.881 Y91.787 E2701.05591
G1 X104.702 Y91.547 E2701.07583
G1 X104.494 Y91.341 E2701.0953
G1 X104.255 Y91.165 E2701.11504
G1 X103.978 Y91.021 E2701.13581
G1 X103.603 Y90.903 E2701.16196
G1 X103.338 Y90.867 E2701.17975
G1 X103.189 Y90.863 E2701.18967
G1 X102.911 Y90.883 E2701.20821
G1 X102.575 Y90.963 E2701.23118
G1 X102.329 Y91.064 E2701.24887
G1 X102.088 Y91.203 E2701.26738
G1 X101.869 Y91.373 E2701.28582
G1 X101.649 Y91.608 E2701.30723
G1 X101.491 Y91.837 E2701.32574
G1 X101.366 Y92.084 E2701.34416
G1 X101.272 Y92.368 E2701.36406
G1 X101.225 Y92.632 E2701.38189
G1 X101.213 Y92.899 E2701.39967
G1 X101.252 Y93.242 E2701.42263
G1 X101.35 Y93.575 E2701.44573
G1 X101.472 Y93.831 E2701.46459
G1 X101.641 Y94.082 E2701.48472
G1 X101.907 Y94.359 E2701.51026
G1 X102.147 Y94.536 E2701.5301
G1 X102.422 Y94.679 E2701.55072
G1 X102.798 Y94.797 E2701.57693
G1 X103.062 Y94.833 E2701.59466
G1 X103.353 Y94.832 E2701.61402
G1 X103.661 Y94.784 E2701.63475
G1 X103.958 Y94.688 E2701.65551
G1 X104.205 Y94.566 E2701.67384
G1 X104.434 Y94.409 E2701.69231
G1 X104.654 Y94.207 E2701.71218
G1 X104.836 Y93.982 E2701.73143
G1 X104.972 Y93.753 E2701.74914
G1 X105.085 Y93.484 E2701.76855
G1 X105.158 Y93.194 E2701.78845
G1 X105.187 Y92.921 E2701.80671
G1 X105.178 Y92.652 E2701.82461
G1 X105.127 Y92.357 E2701.84453
G1 X105.02 Y92.049 E2701.86622
G0 F9000 X106.015 Y91.55
G1 F1766.8 X106.13 Y91.836 E2701.88672
G1 X106.206 Y92.088 E2701.90423
G1 X106.26 Y92.354 E2701.92229
G1 X106.297 Y92.7 E2701.94543
G1 X106.299 Y92.962 E2701.96286
G1 X106.271 Y93.275 E2701.98377
G1 X106.207 Y93.608 E2702.00632
G1 X106.135 Y93.85 E2702.02312
G1 X106.015 Y94.15 E2702.04461
G1 X105.889 Y94.394 E2702.06288
G1 X105.737 Y94.634 E2702.08178
G1 X105.571 Y94.848 E2702.09979
G1 X105.397 Y95.037 E2702.11688
G1 X105.191 Y95.225 E2702.13543
G1 X104.895 Y95.446 E2702.16
G1 X104.661 Y95.584 E2702.17808
G1 X104.402 Y95.708 E2702.19718
G1 X104.001 Y95.845 E2702.22537
G1 X103.692 Y95.911 E2702.24638
G1 X103.463 Y95.939 E2702.26173
G1 X103.09 Y95.949 E2702.28655
G1 X102.759 Y95.919 E2702.30866
G1 X102.511 Y95.873 E2702.32544
G1 X102.232 Y95.795 E2702.34471
G1 X101.845 Y95.638 E2702.37249
G1 X101.504 Y95.444 E2702.39859
G1 X101.253 Y95.262 E2702.41921
G1 X101.054 Y95.087 E2702.43684
G1 X100.856 Y94.878 E2702.45599
G1 X100.632 Y94.587 E2702.48042
G1 X100.46 Y94.299 E2702.50273
G1 X100.326 Y94.011 E2702.52386
G1 X100.233 Y93.748 E2702.54242
G1 X100.156 Y93.433 E2702.56399
G1 X100.117 Y93.164 E2702.58207
G1 X100.1 Y92.801 E2702.60624
G1 X100.123 Y92.471 E2702.62825
G1 X100.167 Y92.211 E2702.64579
G1 X100.233 Y91.952 E2702.66357
G1 X100.326 Y91.689 E2702.68213
G1 X100.468 Y91.386 E2702.70439
G1 X100.667 Y91.062 E2702.72968
G1 X100.83 Y90.852 E2702.74736
G1 X101.004 Y90.663 E2702.76445
G1 X101.216 Y90.469 E2702.78357
G1 X101.504 Y90.255 E2702.80744
G1 X101.787 Y90.091 E2702.82919
G1 X102.044 Y89.974 E2702.84798
G1 X102.284 Y89.888 E2702.86494
G1 X102.559 Y89.817 E2702.88383
G1 X102.817 Y89.774 E2702.90123
G1 X103.086 Y89.752 E2702.91918
G1 X103.462 Y89.761 E2702.9442
G1 X103.792 Y89.806 E2702.96636
G1 X104.169 Y89.905 E2702.99228
G1 X104.556 Y90.062 E2703.02006
G1 X104.795 Y90.192 E2703.03816
G1 X105.013 Y90.335 E2703.05551
G1 X105.28 Y90.551 E2703.07835
G1 X105.474 Y90.743 E2703.09651
G1 X105.68 Y90.989 E2703.11785
G1 X105.851 Y91.241 E2703.13811
G1 X106.015 Y91.55 E2703.16138
G0 F9000 X105.41 Y91.6
;TYPE:SKIN
G1 F1545.9 X105.593 Y92 E2703.17803
G1 X105.718 Y93.2 E2703.22372
G1 X105.209 Y94.4 E2703.27307
G1 X104.807 Y94.8 E2703.29454
G1 X103.203 Y95.2 E2703.35714
G1 X101.591 Y94.8 E2703.42002
G1 X100.775 Y93.6 E2703.47497
G1 X100.7 Y92.4 E2703.52049
G1 X101.278 Y91.2 E2703.57092
G1 X101.733 Y90.8 E2703.59386
G1 X103.198 Y90.4 E2703.65136
G1 X104.666 Y90.8 E2703.70897
G1 X105.123 Y91.2 E2703.73197
G1 F1500 E2702.73197
G1 F300 Z3
G0 F9000 X103.472 Y95.6 Z3
G1 F300 Z2.8
G1 F1500 E2703.75858
G1 F1545.9 X102.952 Y95.6 E2703.77587
G1 F1500 E2702.77587
G1 F300 Z3
G0 F9000 X104.597 Y211.449 Z3
;TYPE:WALL-OUTER
G1 F300 Z2.8
G1 F1500 E2703.80248
G1 F1766.8 X104.369 Y211.257 E2703.82231
G1 X104.132 Y211.109 E2703.84089
G1 X103.849 Y210.986 E2703.86142
G1 X103.603 Y210.918 E2703.8784
G1 X103.339 Y210.882 E2703.89612
G1 X103.188 Y210.877 E2703.90617
G1 X102.911 Y210.898 E2703.92465
G1 X102.575 Y210.978 E2703.94763
G1 X102.329 Y211.079 E2703.96532
G1 X102.096 Y211.213 E2703.9832
G1 X101.846 Y211.41 E2704.00437
G1 X101.663 Y211.605 E2704.02216
G1 X101.479 Y211.871 E2704.04367
G1 X101.365 Y212.1 E2704.06069
G1 X101.28 Y212.353 E2704.07844
G1 X101.223 Y212.669 E2704.0998
G1 X101.222 Y213.05 E2704.12515
G1 X101.293 Y213.427 E2704.15067
G1 X101.404 Y213.716 E2704.17126
G1 X101.552 Y213.977 E2704.19122
G1 X101.709 Y214.179 E2704.20824
G1 X101.907 Y214.374 E2704.22672
G1 X102.146 Y214.55 E2704.24647
G1 X102.423 Y214.694 E2704.26723
G1 X102.798 Y214.812 E2704.29339
G1 X103.063 Y214.848 E2704.31118
G1 X103.339 Y214.848 E2704.32954
G1 X103.66 Y214.8 E2704.35113
G1 X103.958 Y214.703 E2704.37197
G1 X104.204 Y214.581 E2704.39024
G1 X104.499 Y214.37 E2704.41436
G1 X104.724 Y214.142 E2704.43567
G1 X104.92 Y213.861 E2704.45846
G1 X105.035 Y213.631 E2704.47557
G1 X105.129 Y213.347 E2704.49547
G1 X105.178 Y213.061 E2704.51477
G1 X105.187 Y212.783 E2704.53327
G1 X105.153 Y212.493 E2704.5527
G1 X105.08 Y212.216 E2704.57175
G1 X104.94 Y211.902 E2704.59462
G1 X104.78 Y211.658 E2704.61403
G1 X104.597 Y211.449 E2704.63251
G0 F9000 X105.28 Y210.566
G1 F1766.8 X105.474 Y210.758 E2704.65066
G1 X105.68 Y211.004 E2704.67201
G1 X105.851 Y211.256 E2704.69227
G1 X106.015 Y211.565 E2704.71554
G1 X106.13 Y211.851 E2704.73604
G1 X106.206 Y212.103 E2704.75355
G1 X106.26 Y212.369 E2704.77161
G1 X106.297 Y212.715 E2704.79475
G1 X106.299 Y212.977 E2704.81218
G1 X106.271 Y213.29 E2704.83309
G1 X106.207 Y213.623 E2704.85564
G1 X106.135 Y213.865 E2704.87244
G1 X106.015 Y214.165 E2704.89393
G1 X105.889 Y214.409 E2704.9122
G1 X105.737 Y214.649 E2704.9311
G1 X105.571 Y214.863 E2704.94911
G1 X105.397 Y215.052 E2704.9662
G1 X105.191 Y215.24 E2704.98475
G1 X104.895 Y215.461 E2705.00933
G1 X104.661 Y215.599 E2705.0274
G1 X104.402 Y215.723 E2705.0465
G1 X104.001 Y215.86 E2705.07469
G1 X103.692 Y215.926 E2705.09571
G1 X103.463 Y215.954 E2705.11105
G1 X103.09 Y215.964 E2705.13587
G1 X102.759 Y215.934 E2705.15798
G1 X102.511 Y215.888 E2705.17476
G1 X102.232 Y215.81 E2705.19403
G1 X101.845 Y215.653 E2705.22181
G1 X101.504 Y215.459 E2705.24791
G1 X101.253 Y215.277 E2705.26853
G1 X101.054 Y215.102 E2705.28616
G1 X100.856 Y214.893 E2705.30531
G1 X100.632 Y214.602 E2705.32974
G1 X100.46 Y214.314 E2705.35205
G1 X100.326 Y214.026 E2705.37318
G1 X100.233 Y213.763 E2705.39174
G1 X100.156 Y213.448 E2705.41331
G1 X100.117 Y213.179 E2705.43139
G1 X100.1 Y212.817 E2705.4555
G1 X100.123 Y212.486 E2705.47757
G1 X100.167 Y212.226 E2705.49511
G1 X100.233 Y211.967 E2705.51289
G1 X100.326 Y211.704 E2705.53145
G1 X100.468 Y211.401 E2705.55371
G1 X100.667 Y211.077 E2705.579
G1 X100.83 Y210.867 E2705.59668
G1 X101.004 Y210.678 E2705.61377
G1 X101.216 Y210.484 E2705.63289
G1 X101.504 Y210.27 E2705.65676
G1 X101.787 Y210.106 E2705.67851
G1 X102.044 Y209.989 E2705.6973
G1 X102.284 Y209.903 E2705.71426
G1 X102.559 Y209.832 E2705.73315
G1 X102.817 Y209.789 E2705.75055
G1 X103.086 Y209.767 E2705.7685
G1 X103.462 Y209.776 E2705.79352
G1 X103.792 Y209.821 E2705.81568
G1 X104.169 Y209.92 E2705.8416
G1 X104.556 Y210.077 E2705.86939
G1 X104.795 Y210.207 E2705.88748
G1 X105.013 Y210.35 E2705.90483
G1 X105.28 Y210.566 E2705.92767
G0 F9000 X104.648 Y210.8
;TYPE:SKIN
G1 F1545.9 X103.198 Y210.4 E2705.98645
G1 X101.753 Y210.8 E2706.04504
G1 X101.002 Y211.6 E2706.08792
G1 X100.661 Y212.8 E2706.13667
G1 X100.931 Y214 E2706.18474
G1 X101.574 Y214.8 E2706.22485
G1 X103.202 Y215.2 E2706.29036
G1 X104.822 Y214.8 E2706.35556
G1 X105.63 Y213.6 E2706.4121
G1 X105.698 Y212.4 E2706.45907
G1 X105.112 Y211.2 E2706.51125
G1 F1500 E2705.51125
G1 F300 Z3
G0 F9000 X103.599 Y215.6 Z3
G1 F300 Z2.8
G1 F1500 E2706.53786
G1 F1545.9 X102.797 Y215.6 E2706.56453
G1 F1500 E2705.56453
G1 F300 Z3
G0 F9000 X197.577 Y211.036 Z3
;TYPE:WALL-OUTER
G1 F300 Z2.8
G1 F1500 E2706.59114
G1 F1766.8 X197.202 Y210.918 E2706.61729
G1 X196.938 Y210.882 E2706.63502
G1 X196.787 Y210.877 E2706.64507
G1 X196.49 Y210.901 E2706.66489
G1 X196.174 Y210.978 E2706.68652
G1 X195.928 Y211.079 E2706.70421
G1 X195.695 Y211.213 E2706.72209
G1 X195.445 Y211.41 E2706.74327
G1 X195.262 Y211.605 E2706.76105
G1 X195.078 Y211.871 E2706.78257
G1 X194.964 Y212.1 E2706.79959
G1 X194.879 Y212.353 E2706.81734
G1 X194.822 Y212.669 E2706.8387
G1 X194.821 Y213.05 E2706.86404
G1 X194.892 Y213.427 E2706.88956
G1 X195.003 Y213.716 E2706.91016
G1 X195.151 Y213.977 E2706.93012
G1 X195.308 Y214.179 E2706.94713
G1 X195.506 Y214.374 E2706.96562
G1 X195.745 Y214.55 E2706.98536
G1 X196.022 Y214.694 E2707.00613
G1 X196.397 Y214.812 E2707.03228
G1 X196.662 Y214.848 E2707.05007
G1 X196.938 Y214.848 E2707.06843
G1 X197.259 Y214.8 E2707.09002
G1 X197.557 Y214.703 E2707.11087
G1 X197.803 Y214.581 E2707.12913
G1 X198.116 Y214.355 E2707.15482
G1 X198.351 Y214.107 E2707.17754
G1 X198.519 Y213.861 E2707.19736
G1 X198.634 Y213.631 E2707.21446
G1 X198.72 Y213.377 E2707.2323
G1 X198.777 Y213.061 E2707.25366
G1 X198.786 Y212.783 E2707.27216
G1 X198.752 Y212.493 E2707.29159
G1 X198.674 Y212.204 E2707.3115
G1 X198.574 Y211.97 E2707.32843
G1 X198.447 Y211.752 E2707.34521
G1 X198.292 Y211.552 E2707.36204
G1 X198.078 Y211.343 E2707.38194
G1 X197.854 Y211.18 E2707.40037
G1 X197.577 Y211.036 E2707.42113
G0 F9000 X197.768 Y209.92
G1 F1766.8 X198.155 Y210.077 E2707.44892
G1 X198.394 Y210.207 E2707.46701
G1 X198.612 Y210.35 E2707.48436
G1 X198.879 Y210.566 E2707.5072
G1 X199.073 Y210.758 E2707.52536
G1 X199.279 Y211.004 E2707.5467
G1 X199.45 Y211.256 E2707.56696
G1 X199.614 Y211.565 E2707.59023
G1 X199.729 Y211.851 E2707.61074
G1 X199.805 Y212.103 E2707.62824
G1 X199.859 Y212.369 E2707.6463
G1 X199.896 Y212.715 E2707.66945
G1 X199.898 Y212.977 E2707.68688
G1 X199.87 Y213.29 E2707.70778
G1 X199.806 Y213.623 E2707.73034
G1 X199.734 Y213.865 E2707.74713
G1 X199.614 Y214.165 E2707.76863
G1 X199.488 Y214.409 E2707.78689
G1 X199.336 Y214.649 E2707.80579
G1 X199.17 Y214.863 E2707.82381
G1 X198.996 Y215.052 E2707.8409
G1 X198.79 Y215.24 E2707.85945
G1 X198.494 Y215.461 E2707.88402
G1 X198.26 Y215.599 E2707.90209
G1 X198.001 Y215.723 E2707.92119
G1 X197.6 Y215.86 E2707.94938
G1 X197.291 Y215.926 E2707.9704
G1 X197.062 Y215.954 E2707.98575
G1 X196.689 Y215.964 E2708.01057
G1 X196.358 Y215.934 E2708.03268
G1 X196.11 Y215.888 E2708.04945
G1 X195.831 Y215.81 E2708.06872
G1 X195.444 Y215.653 E2708.09651
G1 X195.103 Y215.459 E2708.1226
G1 X194.852 Y215.277 E2708.14323
G1 X194.653 Y215.102 E2708.16085
G1 X194.455 Y214.893 E2708.18001
G1 X194.231 Y214.602 E2708.20443
G1 X194.059 Y214.314 E2708.22675
G1 X193.925 Y214.026 E2708.24788
G1 X193.832 Y213.763 E2708.26643
G1 X193.755 Y213.448 E2708.28801
G1 X193.716 Y213.179 E2708.30609
G1 X193.699 Y212.817 E2708.33019
G1 X193.722 Y212.486 E2708.35226
G1 X193.766 Y212.226 E2708.36981
G1 X193.832 Y211.967 E2708.38759
G1 X193.925 Y211.704 E2708.40614
G1 X194.067 Y211.401 E2708.4284
G1 X194.266 Y211.077 E2708.45369
G1 X194.429 Y210.867 E2708.47138
G1 X194.603 Y210.678 E2708.48847
G1 X194.815 Y210.484 E2708.50758
G1 X195.103 Y210.27 E2708.53145
G1 X195.386 Y210.106 E2708.55321
G1 X195.643 Y209.989 E2708.57199
G1 X195.883 Y209.903 E2708.58895
G1 X196.158 Y209.832 E2708.60784
G1 X196.416 Y209.789 E2708.62524
G1 X196.685 Y209.767 E2708.6432
G1 X197.061 Y209.776 E2708.66822
G1 X197.391 Y209.821 E2708.69037
G1 X197.768 Y209.92 E2708.7163
G0 F9000 X196.798 Y210.4
;TYPE:SKIN
G1 F1545.9 X195.353 Y210.8 E2708.78111
G1 X194.602 Y211.6 E2708.82854
G1 X194.261 Y212.8 E2708.88246
G1 X194.531 Y214 E2708.93563
G1 X195.174 Y214.8 E2708.97999
G1 X196.802 Y215.2 E2709.05245
G1 X198.422 Y214.8 E2709.12458
G1 X199.23 Y213.6 E2709.18711
G1 X199.298 Y212.4 E2709.23906
G1 X198.708 Y211.2 E2709.29686
G1 X198.242 Y210.8 E2709.32341
G1 F1500 E2708.32341
G1 F300 Z3
G0 F9000 X197.199 Y215.6 Z3
G1 F300 Z2.8
G1 F1500 E2709.35002
G1 F1545.9 X196.397 Y215.6 E2709.37669
G1 F1500 E2708.37669
G1 F300 Z3
;MESH:NONMESH
G0 F9000 X198.244 Y91.484 Z3
;TIME_ELAPSED:5861.609813
;LAYER:14
;TYPE:WALL-OUTER
;MESH:Top of Case.STL
G1 F300 Z3
G1 F1500 E2709.4033
G1 F1684.6 X198.012 Y91.274 E2709.42412
G1 X197.798 Y91.132 E2709.4412
G1 X197.533 Y91.003 E2709.46081
G1 X197.249 Y90.913 E2709.48062
G1 X196.974 Y90.87 E2709.49914
G1 X196.855 Y90.863 E2709.50707
G1 X196.544 Y90.878 E2709.52778
G1 X196.187 Y90.959 E2709.55213
G1 X195.916 Y91.069 E2709.57159
G1 X195.677 Y91.209 E2709.59001
G1 X195.459 Y91.381 E2709.60848
G1 X195.246 Y91.611 E2709.62934
G1 X195.069 Y91.873 E2709.65037
G1 X194.943 Y92.138 E2709.66989
G1 X194.846 Y92.482 E2709.69366
G1 X194.814 Y92.745 E2709.71129
G1 X194.824 Y93.076 E2709.73332
G1 X194.882 Y93.372 E2709.75338
G1 X194.992 Y93.679 E2709.77507
G1 X195.151 Y93.962 E2709.79667
G1 X195.308 Y94.165 E2709.81374
G1 X195.531 Y94.38 E2709.83434
G1 X195.756 Y94.542 E2709.85279
G1 X196.022 Y94.679 E2709.87269
G1 X196.266 Y94.765 E2709.8899
G1 X196.55 Y94.822 E2709.90917
G1 X196.871 Y94.837 E2709.93054
G1 X197.229 Y94.792 E2709.95455
G1 X197.556 Y94.688 E2709.97737
G1 X197.823 Y94.554 E2709.99724
G1 X198.051 Y94.395 E2710.01573
G1 X198.263 Y94.195 E2710.03512
G1 X198.447 Y93.963 E2710.05482
G1 X198.577 Y93.74 E2710.07199
G1 X198.683 Y93.485 E2710.09036
G1 X198.757 Y93.195 E2710.11027
G1 X198.787 Y92.873 E2710.13178
G1 X198.769 Y92.574 E2710.15171
G1 X198.698 Y92.257 E2710.17332
G1 X198.586 Y91.979 E2710.19325
G1 X198.44 Y91.727 E2710.21263
G1 X198.244 Y91.484 E2710.23339
G0 F9000 X199.073 Y90.743
G1 F1684.6 X199.273 Y90.981 E2710.25407
G1 X199.425 Y91.201 E2710.27186
G1 X199.614 Y91.55 E2710.29826
G1 X199.729 Y91.836 E2710.31877
G1 X199.805 Y92.088 E2710.33628
G1 X199.859 Y92.354 E2710.35433
G1 X199.896 Y92.7 E2710.37748
G1 X199.898 Y92.959 E2710.39471
G1 X199.87 Y93.275 E2710.41581
G1 X199.819 Y93.555 E2710.43474
G1 X199.734 Y93.85 E2710.45516
G1 X199.613 Y94.152 E2710.47681
G1 X199.454 Y94.453 E2710.49945
G1 X199.31 Y94.668 E2710.51666
G1 X199.103 Y94.926 E2710.53867
G1 X198.908 Y95.122 E2710.55706
G1 X198.612 Y95.365 E2710.58253
G1 X198.394 Y95.508 E2710.59988
G1 X198.105 Y95.662 E2710.62166
G1 X197.853 Y95.766 E2710.63979
G1 X197.539 Y95.86 E2710.6616
G1 X197.291 Y95.911 E2710.67844
G1 X197.062 Y95.939 E2710.69379
G1 X196.691 Y95.949 E2710.71847
G1 X196.372 Y95.921 E2710.73978
G1 X196.099 Y95.87 E2710.75825
G1 X195.834 Y95.796 E2710.77655
G1 X195.598 Y95.708 E2710.79331
G1 X195.35 Y95.591 E2710.81155
G1 X195.064 Y95.419 E2710.83375
G1 X194.842 Y95.253 E2710.85219
G1 X194.649 Y95.083 E2710.8693
G1 X194.457 Y94.881 E2710.88783
G1 X194.261 Y94.63 E2710.90902
G1 X194.111 Y94.394 E2710.92762
G1 X193.985 Y94.15 E2710.94589
G1 X193.865 Y93.85 E2710.96738
G1 X193.794 Y93.61 E2710.98403
G1 X193.74 Y93.346 E2711.00195
G1 X193.703 Y93 E2711.0251
G1 X193.708 Y92.625 E2711.05005
G1 X193.746 Y92.319 E2711.07056
G1 X193.815 Y92.01 E2711.09162
G1 X193.929 Y91.679 E2711.11491
G1 X194.06 Y91.398 E2711.13553
G1 X194.222 Y91.127 E2711.15654
G1 X194.429 Y90.852 E2711.17943
G1 X194.603 Y90.663 E2711.19652
G1 X194.842 Y90.446 E2711.21799
G1 X195.063 Y90.281 E2711.23634
G1 X195.303 Y90.136 E2711.25499
G1 X195.643 Y89.974 E2711.28005
G1 X195.883 Y89.888 E2711.29701
G1 X196.158 Y89.817 E2711.3159
G1 X196.416 Y89.774 E2711.3333
G1 X196.685 Y89.752 E2711.35125
G1 X197.075 Y89.762 E2711.3772
G1 X197.385 Y89.805 E2711.39802
G1 X197.643 Y89.867 E2711.41567
G1 X197.915 Y89.957 E2711.43473
G1 X198.168 Y90.068 E2711.45311
G1 X198.388 Y90.188 E2711.46978
G1 X198.612 Y90.335 E2711.4876
G1 X198.827 Y90.505 E2711.50583
G1 X199.073 Y90.743 E2711.5286
G0 F9000 X198.8 Y91.311
;TYPE:SKIN
G1 F1474 X199.2 Y92.852 E2711.59058
G1 X198.8 Y94.389 E2711.65242
G1 X197.6 Y95.258 E2711.7101
G1 X196.4 Y95.358 E2711.75698
G1 X195.2 Y94.813 E2711.80829
G1 X194.8 Y94.387 E2711.83104
G1 X194.4 Y92.851 E2711.89283
G1 X194.8 Y91.308 E2711.95489
G1 X196 Y90.437 E2712.01262
G1 X197.2 Y90.34 E2712.05949
G1 X198.4 Y90.884 E2712.11078
G1 F1500 E2711.11078
G1 F300 Z3.2
G0 F9000 X104.987 Y91.979 Z3.2
;TYPE:WALL-OUTER
G1 F300 Z3
G1 F1500 E2712.13739
G1 F1684.6 X104.841 Y91.726 E2712.15682
G1 X104.645 Y91.484 E2712.17754
G1 X104.413 Y91.274 E2712.19835
G1 X104.182 Y91.121 E2712.21679
G1 X103.934 Y91.003 E2712.23506
G1 X103.65 Y90.913 E2712.25487
G1 X103.375 Y90.87 E2712.27339
G1 X103.256 Y90.863 E2712.28132
G1 X102.945 Y90.878 E2712.30203
G1 X102.588 Y90.959 E2712.32638
G1 X102.317 Y91.069 E2712.34584
G1 X102.078 Y91.209 E2712.36426
G1 X101.86 Y91.381 E2712.38273
G1 X101.647 Y91.611 E2712.40359
G1 X101.47 Y91.873 E2712.42462
G1 X101.344 Y92.138 E2712.44414
G1 X101.247 Y92.483 E2712.46798
G1 X101.215 Y92.746 E2712.4856
G1 X101.225 Y93.076 E2712.50756
G1 X101.283 Y93.372 E2712.52763
G1 X101.393 Y93.679 E2712.54932
G1 X101.552 Y93.962 E2712.57091
G1 X101.709 Y94.165 E2712.58798
G1 X101.932 Y94.38 E2712.60859
G1 X102.157 Y94.542 E2712.62703
G1 X102.423 Y94.679 E2712.64694
G1 X102.667 Y94.765 E2712.66415
G1 X102.973 Y94.826 E2712.6849
G1 X103.284 Y94.836 E2712.7056
G1 X103.65 Y94.787 E2712.73016
G1 X103.958 Y94.688 E2712.75168
G1 X104.205 Y94.565 E2712.77004
G1 X104.435 Y94.408 E2712.78856
G1 X104.655 Y94.206 E2712.80843
G1 X104.848 Y93.963 E2712.82907
G1 X104.978 Y93.74 E2712.84624
G1 X105.085 Y93.484 E2712.8647
G1 X105.159 Y93.194 E2712.88461
G1 X105.188 Y92.873 E2712.90605
G1 X105.158 Y92.505 E2712.93061
G1 X105.098 Y92.255 E2712.94771
G1 X104.987 Y91.979 E2712.9675
G0 F9000 X106.015 Y91.55
G1 F1684.6 X106.13 Y91.836 E2712.98801
G1 X106.206 Y92.088 E2713.00552
G1 X106.26 Y92.354 E2713.02357
G1 X106.297 Y92.7 E2713.04672
G1 X106.299 Y92.959 E2713.06395
G1 X106.271 Y93.275 E2713.08505
G1 X106.22 Y93.555 E2713.10398
G1 X106.135 Y93.85 E2713.1244
G1 X106.014 Y94.152 E2713.14605
G1 X105.855 Y94.453 E2713.16869
G1 X105.711 Y94.668 E2713.1859
G1 X105.504 Y94.926 E2713.20791
G1 X105.309 Y95.122 E2713.2263
G1 X105.013 Y95.365 E2713.25177
G1 X104.795 Y95.508 E2713.26912
G1 X104.506 Y95.662 E2713.2909
G1 X104.254 Y95.766 E2713.30903
G1 X103.94 Y95.86 E2713.33084
G1 X103.692 Y95.911 E2713.34768
G1 X103.463 Y95.939 E2713.36303
G1 X103.092 Y95.949 E2713.38771
G1 X102.773 Y95.921 E2713.40902
G1 X102.5 Y95.87 E2713.42749
G1 X102.235 Y95.796 E2713.44579
G1 X101.999 Y95.708 E2713.46255
G1 X101.751 Y95.591 E2713.48079
G1 X101.465 Y95.419 E2713.50299
G1 X101.243 Y95.253 E2713.52143
G1 X101.05 Y95.083 E2713.53854
G1 X100.858 Y94.881 E2713.55707
G1 X100.663 Y94.631 E2713.57817
G1 X100.512 Y94.394 E2713.59686
G1 X100.386 Y94.15 E2713.61513
G1 X100.266 Y93.85 E2713.63662
G1 X100.195 Y93.61 E2713.65327
G1 X100.141 Y93.346 E2713.67119
G1 X100.104 Y93 E2713.69434
G1 X100.109 Y92.625 E2713.71929
G1 X100.147 Y92.319 E2713.7398
G1 X100.216 Y92.01 E2713.76086
G1 X100.33 Y91.679 E2713.78415
G1 X100.461 Y91.398 E2713.80477
G1 X100.623 Y91.127 E2713.82577
G1 X100.83 Y90.852 E2713.84867
G1 X101.004 Y90.663 E2713.86576
G1 X101.243 Y90.446 E2713.88723
G1 X101.464 Y90.281 E2713.90558
G1 X101.704 Y90.136 E2713.92423
G1 X102.044 Y89.974 E2713.94928
G1 X102.284 Y89.888 E2713.96624
G1 X102.559 Y89.817 E2713.98514
G1 X102.817 Y89.774 E2714.00254
G1 X103.086 Y89.752 E2714.02049
G1 X103.476 Y89.762 E2714.04644
G1 X103.786 Y89.805 E2714.06726
G1 X104.044 Y89.867 E2714.08491
G1 X104.316 Y89.957 E2714.10397
G1 X104.569 Y90.068 E2714.12235
G1 X104.789 Y90.188 E2714.13902
G1 X105.013 Y90.335 E2714.15684
G1 X105.228 Y90.505 E2714.17507
G1 X105.474 Y90.743 E2714.19784
G1 X105.674 Y90.981 E2714.21852
G1 X105.826 Y91.201 E2714.23631
G1 X106.015 Y91.55 E2714.26271
G0 F9000 X105.599 Y92.852
;TYPE:SKIN
G1 F1474 X105.199 Y94.39 E2714.332
G1 X103.999 Y95.258 E2714.39659
G1 X102.799 Y95.358 E2714.44909
G1 X101.599 Y94.812 E2714.50658
G1 X101.199 Y94.386 E2714.53206
G1 X100.799 Y92.851 E2714.60123
G1 X101.199 Y91.309 E2714.6707
G1 X102.399 Y90.437 E2714.73538
G1 X103.599 Y90.34 E2714.78788
G1 X104.799 Y90.884 E2714.84533
G1 X105.199 Y91.309 E2714.87078
G1 F1500 E2713.87078
G1 F300 Z3.2
G0 F9000 X104.495 Y211.357 Z3.2
;TYPE:WALL-OUTER
G1 F300 Z3
G1 F1500 E2714.89739
G1 F1684.6 X104.273 Y211.192 E2714.91579
G1 X103.915 Y211.011 E2714.94247
G1 X103.65 Y210.928 E2714.96094
G1 X103.375 Y210.885 E2714.97946
G1 X103.256 Y210.878 E2714.98739
G1 X102.945 Y210.893 E2715.0081
G1 X102.588 Y210.974 E2715.03245
G1 X102.317 Y211.084 E2715.05191
G1 X102.077 Y211.226 E2715.07046
G1 X101.859 Y211.397 E2715.08889
G1 X101.647 Y211.626 E2715.10965
G1 X101.462 Y211.901 E2715.13169
G1 X101.321 Y212.217 E2715.15471
G1 X101.243 Y212.52 E2715.17552
G1 X101.213 Y212.842 E2715.19704
G1 X101.231 Y213.139 E2715.21683
G1 X101.289 Y213.412 E2715.23539
G1 X101.375 Y213.654 E2715.25248
G1 X101.513 Y213.916 E2715.27218
G1 X101.698 Y214.167 E2715.29292
G1 X101.932 Y214.396 E2715.3147
G1 X102.176 Y214.568 E2715.33456
G1 X102.423 Y214.694 E2715.353
G1 X102.667 Y214.78 E2715.37021
G1 X102.951 Y214.837 E2715.38948
G1 X103.285 Y214.851 E2715.41172
G1 X103.63 Y214.807 E2715.43485
G1 X103.957 Y214.703 E2715.45768
G1 X104.207 Y214.58 E2715.47621
G1 X104.452 Y214.41 E2715.49605
G1 X104.664 Y214.21 E2715.51544
G1 X104.849 Y213.977 E2715.53523
G1 X105.007 Y213.694 E2715.55679
G1 X105.105 Y213.434 E2715.57527
G1 X105.18 Y213.041 E2715.60188
G1 X105.187 Y212.782 E2715.61912
G1 X105.153 Y212.49 E2715.63867
G1 X105.076 Y212.205 E2715.65831
G1 X104.95 Y211.922 E2715.67892
G1 X104.703 Y211.562 E2715.70796
G1 X104.495 Y211.357 E2715.72739
G0 F9000 X105.474 Y210.758
G1 F1684.6 X105.674 Y210.996 E2715.74807
G1 X105.826 Y211.216 E2715.76586
G1 X106.015 Y211.565 E2715.79226
G1 X106.13 Y211.851 E2715.81276
G1 X106.206 Y212.103 E2715.83027
G1 X106.26 Y212.369 E2715.84833
G1 X106.297 Y212.715 E2715.87147
G1 X106.299 Y212.971 E2715.8885
G1 X106.271 Y213.29 E2715.9098
G1 X106.22 Y213.57 E2715.92874
G1 X106.135 Y213.865 E2715.94916
G1 X106.014 Y214.167 E2715.9708
G1 X105.855 Y214.468 E2715.99344
G1 X105.711 Y214.683 E2716.01066
G1 X105.504 Y214.941 E2716.03266
G1 X105.309 Y215.137 E2716.05105
G1 X105.013 Y215.38 E2716.07653
G1 X104.795 Y215.523 E2716.09387
G1 X104.506 Y215.677 E2716.11565
G1 X104.254 Y215.781 E2716.13379
G1 X103.94 Y215.875 E2716.15559
G1 X103.692 Y215.926 E2716.17243
G1 X103.463 Y215.954 E2716.18778
G1 X103.092 Y215.964 E2716.21247
G1 X102.773 Y215.936 E2716.23377
G1 X102.5 Y215.885 E2716.25224
G1 X102.235 Y215.811 E2716.27055
G1 X101.999 Y215.723 E2716.2873
G1 X101.751 Y215.606 E2716.30554
G1 X101.465 Y215.434 E2716.32774
G1 X101.243 Y215.268 E2716.34618
G1 X101.05 Y215.098 E2716.36329
G1 X100.858 Y214.896 E2716.38183
G1 X100.663 Y214.646 E2716.40292
G1 X100.512 Y214.409 E2716.42161
G1 X100.386 Y214.165 E2716.43988
G1 X100.266 Y213.865 E2716.46137
G1 X100.195 Y213.625 E2716.47802
G1 X100.141 Y213.361 E2716.49595
G1 X100.104 Y213.015 E2716.51909
G1 X100.109 Y212.64 E2716.54404
G1 X100.147 Y212.334 E2716.56455
G1 X100.216 Y212.025 E2716.58561
G1 X100.33 Y211.694 E2716.6089
G1 X100.461 Y211.413 E2716.62953
G1 X100.623 Y211.142 E2716.65053
G1 X100.83 Y210.867 E2716.67342
G1 X101.004 Y210.678 E2716.69051
G1 X101.243 Y210.461 E2716.71199
G1 X101.464 Y210.296 E2716.73033
G1 X101.704 Y210.151 E2716.74899
G1 X102.044 Y209.989 E2716.77404
G1 X102.284 Y209.903 E2716.791
G1 X102.559 Y209.832 E2716.80989
G1 X102.817 Y209.789 E2716.82729
G1 X103.086 Y209.767 E2716.84524
G1 X103.476 Y209.777 E2716.87119
G1 X103.786 Y209.82 E2716.89201
G1 X104.044 Y209.882 E2716.90966
G1 X104.316 Y209.972 E2716.92872
G1 X104.569 Y210.083 E2716.9471
G1 X104.789 Y210.203 E2716.96377
G1 X105.013 Y210.35 E2716.98159
G1 X105.228 Y210.52 E2716.99983
G1 X105.474 Y210.758 E2717.02259
G0 F9000 X105.199 Y211.326
;TYPE:SKIN
G1 F1474 X105.599 Y212.868 E2717.0846
G1 X105.199 Y214.403 E2717.14635
G1 X103.999 Y215.274 E2717.20407
G1 X102.799 Y215.374 E2717.25094
G1 X101.599 Y214.828 E2717.30226
G1 X101.199 Y214.405 E2717.32492
G1 X100.799 Y212.867 E2717.38678
G1 X101.199 Y211.325 E2717.44879
G1 X102.399 Y210.453 E2717.50653
G1 X103.599 Y210.356 E2717.5534
G1 X104.799 Y210.899 E2717.60467
G1 F1500 E2716.60467
G1 F300 Z3.2
G0 F9000 X197.719 Y211.102 Z3.2
;TYPE:WALL-OUTER
G1 F300 Z3
G1 F1500 E2717.63128
G1 F1684.6 X197.447 Y210.986 E2717.65095
G1 X197.199 Y210.918 E2717.66805
G1 X196.925 Y210.882 E2717.68644
G1 X196.835 Y210.878 E2717.69243
G1 X196.579 Y210.89 E2717.70948
G1 X196.175 Y210.977 E2717.73697
G1 X195.916 Y211.084 E2717.75561
G1 X195.676 Y211.226 E2717.77416
G1 X195.458 Y211.397 E2717.79259
G1 X195.246 Y211.626 E2717.81335
G1 X195.061 Y211.901 E2717.83539
G1 X194.92 Y212.217 E2717.85841
G1 X194.842 Y212.52 E2717.87922
G1 X194.812 Y212.842 E2717.90074
G1 X194.83 Y213.139 E2717.92053
G1 X194.888 Y213.412 E2717.9391
G1 X194.974 Y213.654 E2717.95618
G1 X195.112 Y213.916 E2717.97588
G1 X195.297 Y214.167 E2717.99662
G1 X195.531 Y214.396 E2718.0184
G1 X195.784 Y214.574 E2718.03898
G1 X196.022 Y214.694 E2718.05671
G1 X196.266 Y214.78 E2718.07392
G1 X196.55 Y214.837 E2718.09318
G1 X196.884 Y214.851 E2718.11542
G1 X197.229 Y214.807 E2718.13856
G1 X197.556 Y214.703 E2718.16138
G1 X197.806 Y214.58 E2718.17992
G1 X198.051 Y214.41 E2718.19975
G1 X198.263 Y214.21 E2718.21914
G1 X198.448 Y213.977 E2718.23893
G1 X198.606 Y213.694 E2718.26049
G1 X198.711 Y213.414 E2718.28038
G1 X198.769 Y213.141 E2718.29895
G1 X198.787 Y212.817 E2718.32054
G1 X198.741 Y212.439 E2718.34587
G1 X198.656 Y212.152 E2718.36578
G1 X198.532 Y211.89 E2718.38506
G1 X198.366 Y211.643 E2718.40485
G1 X198.18 Y211.435 E2718.42342
G1 X197.968 Y211.257 E2718.44183
G1 X197.719 Y211.102 E2718.46134
G0 F9000 X197.915 Y209.972
G1 F1684.6 X198.168 Y210.083 E2718.47972
G1 X198.388 Y210.203 E2718.49639
G1 X198.612 Y210.35 E2718.51421
G1 X198.827 Y210.52 E2718.53244
G1 X199.073 Y210.758 E2718.55521
G1 X199.273 Y210.996 E2718.57589
G1 X199.425 Y211.216 E2718.59368
G1 X199.614 Y211.565 E2718.62008
G1 X199.729 Y211.851 E2718.64059
G1 X199.805 Y212.103 E2718.6581
G1 X199.859 Y212.369 E2718.67615
G1 X199.896 Y212.715 E2718.6993
G1 X199.898 Y212.97 E2718.71626
G1 X199.87 Y213.29 E2718.73763
G1 X199.819 Y213.57 E2718.75656
G1 X199.734 Y213.865 E2718.77698
G1 X199.613 Y214.167 E2718.79862
G1 X199.454 Y214.468 E2718.82127
G1 X199.31 Y214.683 E2718.83848
G1 X199.103 Y214.941 E2718.86049
G1 X198.908 Y215.137 E2718.87888
G1 X198.612 Y215.38 E2718.90435
G1 X198.394 Y215.523 E2718.9217
G1 X198.105 Y215.677 E2718.94348
G1 X197.853 Y215.781 E2718.96161
G1 X197.539 Y215.875 E2718.98342
G1 X197.291 Y215.926 E2719.00026
G1 X197.062 Y215.954 E2719.01561
G1 X196.691 Y215.964 E2719.04029
G1 X196.372 Y215.936 E2719.06159
G1 X196.099 Y215.885 E2719.08007
G1 X195.834 Y215.811 E2719.09837
G1 X195.598 Y215.723 E2719.11513
G1 X195.35 Y215.606 E2719.13337
G1 X195.064 Y215.434 E2719.15557
G1 X194.842 Y215.268 E2719.17401
G1 X194.649 Y215.098 E2719.19111
G1 X194.457 Y214.896 E2719.20965
G1 X194.262 Y214.646 E2719.23074
G1 X194.111 Y214.409 E2719.24944
G1 X193.985 Y214.165 E2719.2677
G1 X193.865 Y213.865 E2719.2892
G1 X193.794 Y213.625 E2719.30585
G1 X193.74 Y213.361 E2719.32377
G1 X193.703 Y213.015 E2719.34692
G1 X193.708 Y212.64 E2719.37187
G1 X193.746 Y212.334 E2719.39238
G1 X193.815 Y212.025 E2719.41344
G1 X193.929 Y211.694 E2719.43673
G1 X194.06 Y211.413 E2719.45735
G1 X194.222 Y211.142 E2719.47835
G1 X194.429 Y210.867 E2719.50125
G1 X194.603 Y210.678 E2719.51834
G1 X194.842 Y210.461 E2719.53981
G1 X195.063 Y210.296 E2719.55816
G1 X195.303 Y210.151 E2719.57681
G1 X195.643 Y209.989 E2719.60186
G1 X195.883 Y209.903 E2719.61882
G1 X196.158 Y209.832 E2719.63772
G1 X196.416 Y209.789 E2719.65511
G1 X196.685 Y209.767 E2719.67307
G1 X197.075 Y209.777 E2719.69902
G1 X197.385 Y209.82 E2719.71984
G1 X197.643 Y209.882 E2719.73749
G1 X197.915 Y209.972 E2719.75655
G0 F9000 X197.599 Y210.453
;TYPE:SKIN
G1 F1474 X197.199 Y210.354 E2719.77215
G1 X195.999 Y210.451 E2719.81773
G1 X195.199 Y210.896 E2719.85239
G1 X194.799 Y211.323 E2719.87455
G1 X194.399 Y212.866 E2719.9349
G1 X194.799 Y214.406 E2719.99515
G1 X195.999 Y215.274 E2720.05122
G1 X197.199 Y215.373 E2720.09681
G1 X198.399 Y214.828 E2720.14671
G1 X198.799 Y214.401 E2720.16887
G1 X199.199 Y212.867 E2720.22889
G1 X198.799 Y211.322 E2720.28932
G1 X198.399 Y210.895 E2720.31147
G0 F9000 X197.999 Y210.375
G1 F1474 X197.999 Y210.88 E2720.32827
G1 F1500 E2719.32827
G1 F300 Z3.2
;MESH:NONMESH
G0 F9000 X198.301 Y91.548 Z3.2
;TIME_ELAPSED:5874.243755
;LAYER:15
;TYPE:WALL-OUTER
;MESH:Top of Case.STL
G1 F300 Z3.2
G1 F1500 E2720.35488
G1 F1766.7 X198.092 Y91.34 E2720.37449
G1 X197.824 Y91.146 E2720.3965
G1 X197.577 Y91.021 E2720.41491
G1 X197.301 Y90.927 E2720.43431
G1 X197.048 Y90.878 E2720.45145
G1 X196.833 Y90.863 E2720.46579
G1 X196.544 Y90.878 E2720.48504
G1 X196.187 Y90.959 E2720.50939
G1 X195.914 Y91.07 E2720.52899
G1 X195.661 Y91.221 E2720.54859
G1 X195.345 Y91.494 E2720.57637
G1 X195.163 Y91.721 E2720.59573
G1 X195.014 Y91.978 E2720.61549
G1 X194.916 Y92.216 E2720.63261
G1 X194.842 Y92.505 E2720.65245
G1 X194.812 Y92.829 E2720.6741
G1 X194.828 Y93.106 E2720.69255
G1 X194.893 Y93.415 E2720.71356
G1 X195.005 Y93.704 E2720.73418
G1 X195.152 Y93.963 E2720.75399
G1 X195.346 Y94.207 E2720.77472
G1 X195.576 Y94.417 E2720.79544
G1 X195.8 Y94.568 E2720.81341
G1 X196.133 Y94.723 E2720.83784
G1 X196.401 Y94.797 E2720.85634
G1 X196.674 Y94.833 E2720.87466
G1 X196.953 Y94.832 E2720.89321
G1 X197.248 Y94.787 E2720.91307
G1 X197.557 Y94.688 E2720.93465
G1 X197.823 Y94.554 E2720.95446
G1 X198.052 Y94.395 E2720.97301
G1 X198.254 Y94.206 E2720.99141
G1 X198.436 Y93.979 E2721.01076
G1 X198.586 Y93.722 E2721.03056
G1 X198.724 Y93.35 E2721.05695
G1 X198.78 Y93.024 E2721.07895
G1 X198.785 Y92.744 E2721.09758
G1 X198.741 Y92.425 E2721.119
G1 X198.629 Y92.072 E2721.14364
G1 X198.479 Y91.786 E2721.16512
G1 X198.301 Y91.548 E2721.18489
G0 F9000 X199.073 Y90.743
G1 F1766.7 X199.269 Y90.976 E2721.20514
G1 X199.423 Y91.198 E2721.22312
G1 X199.557 Y91.434 E2721.24117
G1 X199.67 Y91.678 E2721.25906
G1 X199.767 Y91.952 E2721.27839
G1 X199.841 Y92.251 E2721.29888
G1 X199.883 Y92.536 E2721.31805
G1 X199.899 Y92.843 E2721.33849
G1 X199.876 Y93.234 E2721.36455
G1 X199.833 Y93.489 E2721.38175
G1 X199.767 Y93.748 E2721.39953
G1 X199.674 Y94.011 E2721.41809
G1 X199.532 Y94.314 E2721.44035
G1 X199.336 Y94.634 E2721.46531
G1 X199.17 Y94.848 E2721.48332
G1 X198.949 Y95.084 E2721.50483
G1 X198.757 Y95.254 E2721.52189
G1 X198.497 Y95.444 E2721.54331
G1 X198.203 Y95.614 E2721.5659
G1 X197.953 Y95.727 E2721.58415
G1 X197.716 Y95.812 E2721.6009
G1 X197.441 Y95.883 E2721.61979
G1 X197.183 Y95.926 E2721.63719
G1 X196.914 Y95.948 E2721.65515
G1 X196.537 Y95.939 E2721.68023
G1 X196.209 Y95.894 E2721.70226
G1 X195.951 Y95.832 E2721.71991
G1 X195.681 Y95.742 E2721.73884
G1 X195.444 Y95.638 E2721.75605
G1 X195.205 Y95.508 E2721.77415
G1 X194.987 Y95.365 E2721.7915
G1 X194.772 Y95.195 E2721.80973
G1 X194.526 Y94.957 E2721.8325
G1 X194.329 Y94.723 E2721.85284
G1 X194.174 Y94.498 E2721.87102
G1 X194.042 Y94.266 E2721.88878
G1 X193.927 Y94.018 E2721.90696
G1 X193.832 Y93.748 E2721.926
G1 X193.755 Y93.433 E2721.94757
G1 X193.716 Y93.164 E2721.96565
G1 X193.699 Y92.807 E2721.98943
G1 X193.721 Y92.48 E2722.01123
G1 X193.766 Y92.211 E2722.02937
G1 X193.832 Y91.952 E2722.04715
G1 X193.929 Y91.679 E2722.06642
G1 X194.067 Y91.386 E2722.08797
G1 X194.266 Y91.062 E2722.11326
G1 X194.429 Y90.852 E2722.13094
G1 X194.65 Y90.616 E2722.15245
G1 X194.842 Y90.446 E2722.16951
G1 X195.103 Y90.255 E2722.19102
G1 X195.388 Y90.09 E2722.21293
G1 X195.646 Y89.973 E2722.23177
G1 X195.883 Y89.888 E2722.24852
G1 X196.158 Y89.817 E2722.26741
G1 X196.416 Y89.774 E2722.28481
G1 X196.685 Y89.752 E2722.30277
G1 X197.062 Y89.761 E2722.32785
G1 X197.39 Y89.806 E2722.34988
G1 X197.648 Y89.868 E2722.36753
G1 X197.918 Y89.958 E2722.38646
G1 X198.155 Y90.062 E2722.40367
G1 X198.394 Y90.192 E2722.42177
G1 X198.612 Y90.335 E2722.43912
G1 X198.827 Y90.505 E2722.45735
G1 X199.073 Y90.743 E2722.48012
G0 F9000 X198.267 Y90.8
;TYPE:SKIN
G1 F1545.8 X196.798 Y90.4 E2722.53957
G1 X195.329 Y90.8 E2722.59903
G1 X194.59 Y91.6 E2722.64156
G1 X194.257 Y92.8 E2722.6902
G1 X194.539 Y94 E2722.73834
G1 X195.196 Y94.8 E2722.77876
G1 X196.798 Y95.2 E2722.84325
G1 X198.404 Y94.8 E2722.90788
G1 X199.223 Y93.6 E2722.96462
G1 X199.3 Y92.4 E2723.01158
G1 X198.723 Y91.2 E2723.06358
G1 F1500 E2722.06358
G1 F300 Z3.4
G0 F9000 X197.038 Y95.6 Z3.4
G1 F300 Z3.2
G1 F1500 E2723.09018
G1 F1545.8 X196.538 Y95.6 E2723.10681
G1 F1500 E2722.10681
G1 F300 Z3.4
G0 F9000 X105.051 Y92.123 Z3.4
;TYPE:WALL-OUTER
G1 F300 Z3.2
G1 F1500 E2723.13342
G1 F1766.7 X104.915 Y91.845 E2723.15401
G1 X104.746 Y91.601 E2723.17375
G1 X104.532 Y91.373 E2723.19455
G1 X104.311 Y91.201 E2723.21318
G1 X104.008 Y91.034 E2723.2362
G1 X103.734 Y90.935 E2723.25558
G1 X103.449 Y90.878 E2723.27491
G1 X103.234 Y90.863 E2723.28925
G1 X102.945 Y90.878 E2723.3085
G1 X102.605 Y90.953 E2723.33166
G1 X102.315 Y91.07 E2723.35246
G1 X102.062 Y91.221 E2723.37206
G1 X101.746 Y91.494 E2723.39984
G1 X101.564 Y91.721 E2723.41919
G1 X101.415 Y91.978 E2723.43895
G1 X101.317 Y92.216 E2723.45607
G1 X101.243 Y92.505 E2723.47592
G1 X101.213 Y92.828 E2723.4975
G1 X101.229 Y93.106 E2723.51602
G1 X101.294 Y93.415 E2723.53702
G1 X101.406 Y93.704 E2723.55764
G1 X101.553 Y93.963 E2723.57745
G1 X101.747 Y94.207 E2723.59819
G1 X101.977 Y94.417 E2723.61891
G1 X102.201 Y94.568 E2723.63688
G1 X102.534 Y94.723 E2723.66131
G1 X102.802 Y94.797 E2723.6798
G1 X103.146 Y94.837 E2723.70284
G1 X103.403 Y94.827 E2723.71995
G1 X103.65 Y94.787 E2723.73659
G1 X103.958 Y94.688 E2723.75811
G1 X104.224 Y94.554 E2723.77793
G1 X104.453 Y94.395 E2723.79647
G1 X104.655 Y94.206 E2723.81487
G1 X104.837 Y93.979 E2723.83423
G1 X104.987 Y93.722 E2723.85402
G1 X105.129 Y93.332 E2723.88163
G1 X105.181 Y93.024 E2723.90241
G1 X105.186 Y92.748 E2723.92077
G1 X105.13 Y92.371 E2723.94613
G1 X105.051 Y92.123 E2723.96344
G0 F9000 X106.071 Y91.678
G1 F1766.7 X106.168 Y91.952 E2723.98277
G1 X106.242 Y92.251 E2724.00326
G1 X106.284 Y92.536 E2724.02243
G1 X106.3 Y92.843 E2724.04288
G1 X106.277 Y93.234 E2724.06893
G1 X106.234 Y93.489 E2724.08613
G1 X106.168 Y93.748 E2724.10391
G1 X106.075 Y94.011 E2724.12247
G1 X105.933 Y94.314 E2724.14473
G1 X105.737 Y94.634 E2724.16969
G1 X105.571 Y94.848 E2724.18771
G1 X105.35 Y95.084 E2724.20921
G1 X105.158 Y95.254 E2724.22627
G1 X104.898 Y95.444 E2724.24769
G1 X104.604 Y95.614 E2724.27028
G1 X104.354 Y95.727 E2724.28853
G1 X104.117 Y95.812 E2724.30528
G1 X103.842 Y95.883 E2724.32418
G1 X103.584 Y95.926 E2724.34158
G1 X103.315 Y95.948 E2724.35953
G1 X102.938 Y95.939 E2724.38461
G1 X102.61 Y95.894 E2724.40664
G1 X102.352 Y95.832 E2724.42429
G1 X102.082 Y95.742 E2724.44322
G1 X101.845 Y95.638 E2724.46044
G1 X101.606 Y95.508 E2724.47853
G1 X101.388 Y95.365 E2724.49588
G1 X101.173 Y95.195 E2724.51411
G1 X100.927 Y94.957 E2724.53688
G1 X100.73 Y94.723 E2724.55723
G1 X100.575 Y94.498 E2724.5754
G1 X100.443 Y94.266 E2724.59316
G1 X100.328 Y94.018 E2724.61134
G1 X100.233 Y93.748 E2724.63038
G1 X100.156 Y93.433 E2724.65195
G1 X100.117 Y93.164 E2724.67003
G1 X100.1 Y92.807 E2724.69381
G1 X100.122 Y92.48 E2724.71561
G1 X100.167 Y92.211 E2724.73375
G1 X100.233 Y91.952 E2724.75153
G1 X100.326 Y91.689 E2724.77009
G1 X100.468 Y91.386 E2724.79235
G1 X100.667 Y91.062 E2724.81764
G1 X100.83 Y90.852 E2724.83532
G1 X101.051 Y90.616 E2724.85683
G1 X101.243 Y90.446 E2724.87389
G1 X101.504 Y90.255 E2724.8954
G1 X101.789 Y90.09 E2724.91731
G1 X102.047 Y89.973 E2724.93615
G1 X102.284 Y89.888 E2724.9529
G1 X102.559 Y89.817 E2724.9718
G1 X102.817 Y89.774 E2724.9892
G1 X103.086 Y89.752 E2725.00715
G1 X103.463 Y89.761 E2725.03223
G1 X103.791 Y89.806 E2725.05426
G1 X104.049 Y89.868 E2725.07191
G1 X104.319 Y89.958 E2725.09084
G1 X104.556 Y90.062 E2725.10806
G1 X104.795 Y90.192 E2725.12615
G1 X105.013 Y90.335 E2725.1435
G1 X105.228 Y90.505 E2725.16173
G1 X105.474 Y90.743 E2725.1845
G1 X105.67 Y90.976 E2725.20475
G1 X105.824 Y91.198 E2725.22273
G1 X105.958 Y91.434 E2725.24078
G1 X106.071 Y91.678 E2725.25867
G0 F9000 X105.596 Y92
;TYPE:SKIN
G1 F1545.8 X105.699 Y92.4 E2725.2743
G1 X105.624 Y93.6 E2725.31981
G1 X105.208 Y94.4 E2725.35394
G1 X104.806 Y94.8 E2725.3754
G1 X103.199 Y95.2 E2725.43809
G1 X101.596 Y94.8 E2725.50062
G1 X100.774 Y93.6 E2725.55568
G1 X100.699 Y92.4 E2725.60119
G1 X101.278 Y91.2 E2725.65162
G1 X101.732 Y90.8 E2725.67452
G1 X103.199 Y90.4 E2725.73208
G1 X104.664 Y90.8 E2725.78956
G1 X105.409 Y91.6 E2725.83093
G1 F1500 E2724.83093
G1 F300 Z3.4
G0 F9000 X103.452 Y95.6 Z3.4
G1 F300 Z3.2
G1 F1500 E2725.85754
G1 F1545.8 X102.932 Y95.6 E2725.87484
G1 F1500 E2724.87484
G1 F300 Z3.4
G0 F9000 X104.48 Y211.344 Z3.4
;TYPE:WALL-OUTER
G1 F300 Z3.2
G1 F1500 E2725.90145
G1 F1766.7 X104.225 Y211.161 E2725.92232
G1 X103.867 Y210.992 E2725.94866
G1 X103.599 Y210.918 E2725.96715
G1 X103.327 Y210.882 E2725.9854
G1 X103.236 Y210.878 E2725.99146
G1 X102.945 Y210.893 E2726.01085
G1 X102.605 Y210.968 E2726.03401
G1 X102.314 Y211.085 E2726.05487
G1 X102.036 Y211.255 E2726.07655
G1 X101.747 Y211.508 E2726.1021
G1 X101.564 Y211.736 E2726.12154
G1 X101.424 Y211.975 E2726.13997
G1 X101.32 Y212.218 E2726.15755
G1 X101.243 Y212.52 E2726.17828
G1 X101.213 Y212.843 E2726.19986
G1 X101.231 Y213.139 E2726.21959
G1 X101.293 Y213.427 E2726.23919
G1 X101.406 Y213.719 E2726.26001
G1 X101.541 Y213.961 E2726.27845
G1 X101.7 Y214.168 E2726.29581
G1 X101.908 Y214.375 E2726.31533
G1 X102.176 Y214.569 E2726.33734
G1 X102.534 Y214.738 E2726.36367
G1 X102.802 Y214.812 E2726.38217
G1 X103.075 Y214.848 E2726.40048
G1 X103.458 Y214.837 E2726.42597
G1 X103.796 Y214.762 E2726.449
G1 X104.087 Y214.645 E2726.46987
G1 X104.366 Y214.475 E2726.4916
G1 X104.656 Y214.22 E2726.51729
G1 X104.837 Y213.994 E2726.53655
G1 X104.972 Y213.767 E2726.55412
G1 X105.081 Y213.511 E2726.57262
G1 X105.159 Y213.209 E2726.59337
G1 X105.187 Y212.932 E2726.61189
G1 X105.172 Y212.611 E2726.63327
G1 X105.117 Y212.338 E2726.65179
G1 X105.016 Y212.055 E2726.67178
G1 X104.86 Y211.769 E2726.69345
G1 X104.702 Y211.561 E2726.71083
G1 X104.48 Y211.344 E2726.73148
G0 F9000 X105.474 Y210.758
G1 F1766.7 X105.67 Y210.991 E2726.75173
G1 X105.824 Y211.213 E2726.76971
G1 X105.958 Y211.449 E2726.78776
G1 X106.071 Y211.693 E2726.80565
G1 X106.168 Y211.967 E2726.82498
G1 X106.242 Y212.266 E2726.84547
G1 X106.284 Y212.551 E2726.86463
G1 X106.3 Y212.858 E2726.88508
G1 X106.277 Y213.249 E2726.91114
G1 X106.234 Y213.504 E2726.92834
G1 X106.168 Y213.763 E2726.94612
G1 X106.075 Y214.026 E2726.96468
G1 X105.933 Y214.329 E2726.98693
G1 X105.737 Y214.649 E2727.0119
G1 X105.571 Y214.863 E2727.02991
G1 X105.35 Y215.099 E2727.05142
G1 X105.158 Y215.269 E2727.06848
G1 X104.898 Y215.459 E2727.0899
G1 X104.604 Y215.629 E2727.11249
G1 X104.354 Y215.742 E2727.13074
G1 X104.117 Y215.827 E2727.14749
G1 X103.842 Y215.898 E2727.16638
G1 X103.584 Y215.941 E2727.18378
G1 X103.315 Y215.963 E2727.20174
G1 X102.938 Y215.954 E2727.22682
G1 X102.61 Y215.909 E2727.24884
G1 X102.352 Y215.847 E2727.26649
G1 X102.082 Y215.757 E2727.28543
G1 X101.845 Y215.653 E2727.30264
G1 X101.606 Y215.523 E2727.32074
G1 X101.388 Y215.38 E2727.33808
G1 X101.173 Y215.21 E2727.35632
G1 X100.927 Y214.972 E2727.37909
G1 X100.73 Y214.738 E2727.39943
G1 X100.575 Y214.514 E2727.41755
G1 X100.443 Y214.281 E2727.43537
G1 X100.328 Y214.033 E2727.45355
G1 X100.233 Y213.763 E2727.47259
G1 X100.156 Y213.448 E2727.49416
G1 X100.117 Y213.179 E2727.51224
G1 X100.1 Y212.822 E2727.53602
G1 X100.122 Y212.495 E2727.55782
G1 X100.167 Y212.226 E2727.57596
G1 X100.233 Y211.967 E2727.59374
G1 X100.326 Y211.704 E2727.6123
G1 X100.468 Y211.401 E2727.63456
G1 X100.667 Y211.077 E2727.65985
G1 X100.83 Y210.867 E2727.67753
G1 X101.051 Y210.631 E2727.69904
G1 X101.243 Y210.461 E2727.7161
G1 X101.504 Y210.27 E2727.73761
G1 X101.789 Y210.105 E2727.75952
G1 X102.047 Y209.988 E2727.77836
G1 X102.284 Y209.903 E2727.79511
G1 X102.559 Y209.832 E2727.81401
G1 X102.817 Y209.789 E2727.8314
G1 X103.086 Y209.767 E2727.84936
G1 X103.463 Y209.776 E2727.87444
G1 X103.791 Y209.821 E2727.89647
G1 X104.049 Y209.883 E2727.91412
G1 X104.319 Y209.973 E2727.93305
G1 X104.556 Y210.077 E2727.95027
G1 X104.795 Y210.207 E2727.96836
G1 X105.013 Y210.35 E2727.98571
G1 X105.228 Y210.52 E2728.00394
G1 X105.474 Y210.758 E2728.02671
G0 F9000 X104.639 Y210.8
;TYPE:SKIN
G1 F1545.8 X103.198 Y210.4 E2728.0852
G1 X101.75 Y210.8 E2728.14396
G1 X100.999 Y211.6 E2728.18688
G1 X100.658 Y212.8 E2728.23568
G1 X100.929 Y214 E2728.2838
G1 X101.576 Y214.8 E2728.32405
G1 X103.199 Y215.2 E2728.38943
G1 X104.823 Y214.8 E2728.45485
G1 X105.633 Y213.6 E2728.51148
G1 X105.696 Y212.4 E2728.55848
G1 X105.109 Y211.2 E2728.61074
G1 F1500 E2727.61074
G1 F300 Z3.4
G0 F9000 X103.592 Y215.6 Z3.4
G1 F300 Z3.2
G1 F1500 E2728.63734
G1 F1545.8 X102.819 Y215.6 E2728.66305
G1 F1500 E2727.66305
G1 F300 Z3.4
G0 F9000 X197.703 Y211.095 Z3.4
;TYPE:WALL-OUTER
G1 F300 Z3.2
G1 F1500 E2728.68966
G1 F1766.7 X197.466 Y210.992 E2728.70685
G1 X197.198 Y210.918 E2728.72535
G1 X196.926 Y210.882 E2728.7436
G1 X196.835 Y210.878 E2728.74966
G1 X196.578 Y210.89 E2728.76677
G1 X196.187 Y210.974 E2728.79337
G1 X195.913 Y211.085 E2728.81304
G1 X195.635 Y211.255 E2728.83472
G1 X195.346 Y211.508 E2728.86027
G1 X195.163 Y211.736 E2728.87971
G1 X195.023 Y211.975 E2728.89814
G1 X194.919 Y212.218 E2728.91572
G1 X194.842 Y212.52 E2728.93645
G1 X194.812 Y212.843 E2728.95803
G1 X194.83 Y213.139 E2728.97776
G1 X194.892 Y213.427 E2728.99735
G1 X195.005 Y213.719 E2729.01818
G1 X195.14 Y213.961 E2729.03662
G1 X195.299 Y214.168 E2729.05398
G1 X195.507 Y214.375 E2729.0735
G1 X195.775 Y214.569 E2729.09551
G1 X196.133 Y214.738 E2729.12184
G1 X196.401 Y214.812 E2729.14034
G1 X196.674 Y214.848 E2729.15865
G1 X197.057 Y214.837 E2729.18414
G1 X197.412 Y214.756 E2729.20836
G1 X197.686 Y214.645 E2729.22803
G1 X197.965 Y214.475 E2729.24976
G1 X198.178 Y214.297 E2729.26823
G1 X198.353 Y214.105 E2729.28551
G1 X198.51 Y213.877 E2729.30392
G1 X198.629 Y213.642 E2729.32144
G1 X198.724 Y213.365 E2729.34092
G1 X198.779 Y213.041 E2729.36278
G1 X198.786 Y212.781 E2729.38009
G1 X198.752 Y212.488 E2729.39971
G1 X198.674 Y212.202 E2729.41943
G1 X198.539 Y211.902 E2729.44131
G1 X198.378 Y211.658 E2729.46076
G1 X198.194 Y211.448 E2729.47933
G1 X197.982 Y211.267 E2729.49787
G1 X197.703 Y211.095 E2729.51967
G0 F9000 X197.918 Y209.973
G1 F1766.7 X198.155 Y210.077 E2729.53689
G1 X198.394 Y210.207 E2729.55499
G1 X198.612 Y210.35 E2729.57233
G1 X198.827 Y210.52 E2729.59056
G1 X199.073 Y210.758 E2729.61333
G1 X199.269 Y210.991 E2729.63359
G1 X199.423 Y211.213 E2729.65156
G1 X199.557 Y211.449 E2729.66961
G1 X199.67 Y211.693 E2729.6875
G1 X199.767 Y211.967 E2729.70683
G1 X199.841 Y212.266 E2729.72732
G1 X199.883 Y212.551 E2729.74649
G1 X199.899 Y212.858 E2729.76694
G1 X199.876 Y213.249 E2729.79299
G1 X199.833 Y213.504 E2729.81019
G1 X199.767 Y213.763 E2729.82797
G1 X199.674 Y214.026 E2729.84653
G1 X199.532 Y214.329 E2729.86879
G1 X199.336 Y214.649 E2729.89375
G1 X199.17 Y214.863 E2729.91177
G1 X198.949 Y215.099 E2729.93327
G1 X198.757 Y215.269 E2729.95033
G1 X198.497 Y215.459 E2729.97175
G1 X198.203 Y215.629 E2729.99435
G1 X197.953 Y215.742 E2730.0126
G1 X197.716 Y215.827 E2730.02934
G1 X197.441 Y215.898 E2730.04824
G1 X197.183 Y215.941 E2730.06564
G1 X196.914 Y215.963 E2730.08359
G1 X196.537 Y215.954 E2730.10867
G1 X196.209 Y215.909 E2730.1307
G1 X195.951 Y215.847 E2730.14835
G1 X195.681 Y215.757 E2730.16728
G1 X195.444 Y215.653 E2730.1845
G1 X195.205 Y215.523 E2730.20259
G1 X194.987 Y215.38 E2730.21994
G1 X194.772 Y215.21 E2730.23817
G1 X194.526 Y214.972 E2730.26094
G1 X194.329 Y214.738 E2730.28129
G1 X194.174 Y214.514 E2730.29941
G1 X194.042 Y214.281 E2730.31722
G1 X193.927 Y214.033 E2730.3354
G1 X193.832 Y213.763 E2730.35444
G1 X193.755 Y213.448 E2730.37602
G1 X193.716 Y213.179 E2730.3941
G1 X193.699 Y212.822 E2730.41787
G1 X193.721 Y212.495 E2730.43967
G1 X193.766 Y212.226 E2730.45781
G1 X193.832 Y211.967 E2730.47559
G1 X193.925 Y211.704 E2730.49415
G1 X194.067 Y211.401 E2730.51641
G1 X194.266 Y211.077 E2730.5417
G1 X194.429 Y210.867 E2730.55939
G1 X194.65 Y210.631 E2730.58089
G1 X194.842 Y210.461 E2730.59795
G1 X195.103 Y210.27 E2730.61947
G1 X195.388 Y210.105 E2730.64137
G1 X195.646 Y209.988 E2730.66022
G1 X195.883 Y209.903 E2730.67697
G1 X196.158 Y209.832 E2730.69586
G1 X196.416 Y209.789 E2730.71326
G1 X196.685 Y209.767 E2730.73121
G1 X197.062 Y209.776 E2730.7563
G1 X197.39 Y209.821 E2730.77832
G1 X197.648 Y209.883 E2730.79597
G1 X197.918 Y209.973 E2730.8149
G0 F9000 X196.798 Y210.4
;TYPE:SKIN
G1 F1545.8 X195.35 Y210.8 E2730.87969
G1 X194.599 Y211.6 E2730.92701
G1 X194.258 Y212.8 E2730.98082
G1 X194.529 Y214 E2731.03387
G1 X195.176 Y214.8 E2731.07825
G1 X196.799 Y215.2 E2731.15034
G1 X198.422 Y214.8 E2731.22243
G1 X199.23 Y213.6 E2731.28482
G1 X199.298 Y212.4 E2731.33666
G1 X198.713 Y211.2 E2731.39424
G1 X198.249 Y210.8 E2731.42066
G1 F1500 E2730.42066
G1 F300 Z3.4
G0 F9000 X197.192 Y215.6 Z3.4
G1 F300 Z3.2
G1 F1500 E2731.44727
G1 F1545.8 X196.419 Y215.6 E2731.47298
G1 F1500 E2730.47298
G1 F300 Z3.4
;MESH:NONMESH
G0 F9000 X198.302 Y91.549 Z3.4
;TIME_ELAPSED:5888.095221
;LAYER:16
;TYPE:WALL-OUTER
;MESH:Top of Case.STL
G1 F300 Z3.4
G1 F1500 E2731.49958
G1 F1682.5 X198.093 Y91.341 E2731.5192
G1 X197.869 Y91.175 E2731.53774
G1 X197.577 Y91.021 E2731.5597
G1 X197.333 Y90.936 E2731.57689
G1 X197.076 Y90.882 E2731.59436
G1 X196.786 Y90.863 E2731.61369
G1 X196.509 Y90.884 E2731.63217
G1 X196.224 Y90.947 E2731.65159
G1 X195.948 Y91.053 E2731.67126
G1 X195.603 Y91.262 E2731.69809
G1 X195.345 Y91.495 E2731.72121
G1 X195.151 Y91.738 E2731.7419
G1 X195.013 Y91.98 E2731.76043
G1 X194.876 Y92.351 E2731.78674
G1 X194.814 Y92.745 E2731.81327
G1 X194.821 Y93.038 E2731.83276
G1 X194.883 Y93.379 E2731.85582
G1 X194.991 Y93.675 E2731.87678
G1 X195.113 Y93.902 E2731.89392
G1 X195.297 Y94.153 E2731.91462
G1 X195.506 Y94.359 E2731.93414
G1 X195.73 Y94.525 E2731.95269
G1 X196.022 Y94.679 E2731.97465
G1 X196.266 Y94.764 E2731.99184
G1 X196.523 Y94.818 E2732.00931
G1 X196.815 Y94.838 E2732.02878
G1 X197.111 Y94.813 E2732.04854
G1 X197.413 Y94.741 E2732.06919
G1 X197.668 Y94.638 E2732.08748
G1 X197.995 Y94.438 E2732.11298
G1 X198.205 Y94.256 E2732.13147
G1 X198.407 Y94.02 E2732.15213
G1 X198.546 Y93.8 E2732.16944
G1 X198.667 Y93.53 E2732.18912
G1 X198.751 Y93.231 E2732.20978
G1 X198.785 Y92.954 E2732.22835
G1 X198.78 Y92.677 E2732.24678
G1 X198.712 Y92.308 E2732.27173
G1 X198.617 Y92.045 E2732.29034
G1 X198.487 Y91.799 E2732.30884
G1 X198.302 Y91.549 E2732.32953
G0 F9000 X199.216 Y90.907
G1 F1682.5 X199.367 Y91.113 E2732.34652
G1 X199.503 Y91.331 E2732.36362
G1 X199.636 Y91.599 E2732.38352
G1 X199.734 Y91.85 E2732.40144
G1 X199.841 Y92.251 E2732.42905
G1 X199.883 Y92.536 E2732.44821
G1 X199.899 Y92.843 E2732.46866
G1 X199.884 Y93.164 E2732.49004
G1 X199.834 Y93.486 E2732.51171
G1 X199.755 Y93.787 E2732.53241
G1 X199.655 Y94.056 E2732.55151
G1 X199.532 Y94.314 E2732.57052
G1 X199.34 Y94.627 E2732.59494
G1 X199.099 Y94.929 E2732.62065
G1 X198.908 Y95.122 E2732.63871
G1 X198.612 Y95.365 E2732.66418
G1 X198.351 Y95.533 E2732.68483
G1 X198.105 Y95.662 E2732.70331
G1 X197.853 Y95.766 E2732.72144
G1 X197.539 Y95.86 E2732.74325
G1 X197.291 Y95.911 E2732.76009
G1 X197.012 Y95.942 E2732.77876
G1 X196.697 Y95.949 E2732.79972
G1 X196.322 Y95.913 E2732.82478
G1 X195.995 Y95.844 E2732.84701
G1 X195.699 Y95.748 E2732.86771
G1 X195.391 Y95.612 E2732.89011
G1 X195.103 Y95.444 E2732.91229
G1 X194.841 Y95.253 E2732.93386
G1 X194.65 Y95.084 E2732.95082
G1 X194.383 Y94.793 E2732.97709
G1 X194.226 Y94.578 E2732.9948
G1 X194.091 Y94.359 E2733.01191
G1 X193.963 Y94.101 E2733.03107
G1 X193.865 Y93.85 E2733.049
G1 X193.792 Y93.604 E2733.06607
G1 X193.74 Y93.344 E2733.0837
G1 X193.703 Y93 E2733.10672
G1 X193.707 Y92.638 E2733.1308
G1 X193.737 Y92.372 E2733.14861
G1 X193.805 Y92.048 E2733.17063
G1 X193.909 Y91.731 E2733.19282
G1 X194.067 Y91.386 E2733.21806
G1 X194.259 Y91.073 E2733.24249
G1 X194.502 Y90.768 E2733.26843
G1 X194.691 Y90.578 E2733.28626
G1 X194.987 Y90.335 E2733.31173
G1 X195.259 Y90.16 E2733.33325
G1 X195.495 Y90.038 E2733.35092
G1 X195.746 Y89.934 E2733.36899
G1 X196.06 Y89.84 E2733.3908
G1 X196.308 Y89.789 E2733.40764
G1 X196.587 Y89.758 E2733.42631
G1 X196.902 Y89.751 E2733.44727
G1 X197.277 Y89.787 E2733.47233
G1 X197.604 Y89.856 E2733.49456
G1 X197.901 Y89.952 E2733.51532
G1 X198.201 Y90.085 E2733.53715
G1 X198.489 Y90.251 E2733.55927
G1 X198.758 Y90.447 E2733.58141
G1 X198.949 Y90.616 E2733.59837
G1 X199.216 Y90.907 E2733.62464
G0 F9000 X198.8 Y91.311
;TYPE:SKIN
G1 F1472.2 X199.2 Y92.845 E2733.68635
G1 X198.8 Y94.388 E2733.7484
G1 X197.6 Y95.259 E2733.80611
G1 X196.4 Y95.358 E2733.85298
G1 X195.2 Y94.813 E2733.90429
G1 X194.8 Y94.389 E2733.92698
G1 X194.4 Y92.851 E2733.98884
G1 X194.8 Y91.31 E2734.05081
G1 X196 Y90.44 E2734.1085
G1 X197.2 Y90.34 E2734.15538
G1 X198.4 Y90.886 E2734.20669
G1 F1500 E2733.20669
G1 F300 Z3.6
G0 F9000 X104.964 Y91.933 Z3.6
;TYPE:WALL-OUTER
G1 F300 Z3.4
G1 F1500 E2734.2333
G1 F1682.5 X104.819 Y91.695 E2734.25184
G1 X104.606 Y91.444 E2734.27374
G1 X104.396 Y91.261 E2734.29227
G1 X104.133 Y91.094 E2734.31299
G1 X103.848 Y90.971 E2734.33364
G1 X103.477 Y90.882 E2734.35902
G1 X103.187 Y90.863 E2734.37835
G1 X102.91 Y90.884 E2734.39683
G1 X102.605 Y90.953 E2734.41763
G1 X102.329 Y91.063 E2734.4374
G1 X102.052 Y91.228 E2734.45884
G1 X101.746 Y91.495 E2734.48586
G1 X101.552 Y91.738 E2734.50654
G1 X101.414 Y91.98 E2734.52507
G1 X101.277 Y92.351 E2734.55138
G1 X101.228 Y92.609 E2734.56885
G1 X101.213 Y92.899 E2734.58817
G1 X101.256 Y93.263 E2734.61255
G1 X101.326 Y93.514 E2734.62988
G1 X101.453 Y93.796 E2734.65046
G1 X101.698 Y94.153 E2734.67926
G1 X101.907 Y94.359 E2734.69878
G1 X102.131 Y94.525 E2734.71732
G1 X102.423 Y94.679 E2734.73928
G1 X102.667 Y94.764 E2734.75647
G1 X102.924 Y94.818 E2734.77394
G1 X103.216 Y94.838 E2734.79341
G1 X103.525 Y94.811 E2734.81404
G1 X103.814 Y94.741 E2734.83382
G1 X104.072 Y94.637 E2734.85233
G1 X104.35 Y94.471 E2734.87387
G1 X104.567 Y94.294 E2734.89249
G1 X104.756 Y94.088 E2734.91109
G1 X104.921 Y93.846 E2734.93057
G1 X105.081 Y93.495 E2734.95623
G1 X105.161 Y93.179 E2734.97792
G1 X105.188 Y92.801 E2735.00313
G1 X105.163 Y92.541 E2735.0205
G1 X105.075 Y92.187 E2735.04477
G1 X104.964 Y91.933 E2735.06321
G0 F9000 X106.135 Y91.85
G1 F1682.5 X106.242 Y92.251 E2735.09081
G1 X106.284 Y92.536 E2735.10998
G1 X106.3 Y92.843 E2735.13043
G1 X106.285 Y93.164 E2735.1518
G1 X106.235 Y93.486 E2735.17348
G1 X106.156 Y93.787 E2735.19418
G1 X106.056 Y94.056 E2735.21327
G1 X105.933 Y94.314 E2735.23228
G1 X105.741 Y94.627 E2735.25671
G1 X105.5 Y94.929 E2735.28241
G1 X105.309 Y95.122 E2735.30047
G1 X105.013 Y95.365 E2735.32595
G1 X104.752 Y95.533 E2735.3466
G1 X104.506 Y95.662 E2735.36507
G1 X104.254 Y95.766 E2735.38321
G1 X103.94 Y95.86 E2735.40501
G1 X103.692 Y95.911 E2735.42185
G1 X103.413 Y95.942 E2735.44053
G1 X103.098 Y95.949 E2735.46149
G1 X102.723 Y95.913 E2735.48655
G1 X102.396 Y95.844 E2735.50878
G1 X102.1 Y95.748 E2735.52948
G1 X101.792 Y95.612 E2735.55187
G1 X101.504 Y95.444 E2735.57405
G1 X101.242 Y95.253 E2735.59562
G1 X101.051 Y95.084 E2735.61258
G1 X100.784 Y94.793 E2735.63886
G1 X100.627 Y94.578 E2735.65656
G1 X100.492 Y94.359 E2735.67368
G1 X100.364 Y94.101 E2735.69284
G1 X100.266 Y93.85 E2735.71076
G1 X100.193 Y93.604 E2735.72783
G1 X100.141 Y93.344 E2735.74547
G1 X100.104 Y93 E2735.76848
G1 X100.108 Y92.638 E2735.79256
G1 X100.138 Y92.372 E2735.81037
G1 X100.206 Y92.048 E2735.83239
G1 X100.31 Y91.731 E2735.85459
G1 X100.468 Y91.386 E2735.87983
G1 X100.66 Y91.073 E2735.90425
G1 X100.903 Y90.768 E2735.93019
G1 X101.092 Y90.578 E2735.94802
G1 X101.388 Y90.335 E2735.9735
G1 X101.66 Y90.16 E2735.99501
G1 X101.896 Y90.038 E2736.01268
G1 X102.147 Y89.934 E2736.03076
G1 X102.461 Y89.84 E2736.05256
G1 X102.709 Y89.789 E2736.0694
G1 X102.988 Y89.758 E2736.08808
G1 X103.303 Y89.751 E2736.10903
G1 X103.678 Y89.787 E2736.13409
G1 X104.005 Y89.856 E2736.15633
G1 X104.302 Y89.952 E2736.17709
G1 X104.602 Y90.085 E2736.19892
G1 X104.89 Y90.251 E2736.22103
G1 X105.159 Y90.447 E2736.24317
G1 X105.35 Y90.616 E2736.26014
G1 X105.617 Y90.907 E2736.28641
G1 X105.768 Y91.113 E2736.3034
G1 X105.904 Y91.331 E2736.32049
G1 X106.037 Y91.599 E2736.34039
G1 X106.135 Y91.85 E2736.35831
G0 F9000 X105.599 Y92.845
;TYPE:SKIN
G1 F1472.2 X105.199 Y94.392 E2736.42793
G1 X103.999 Y95.259 E2736.49242
G1 X102.799 Y95.358 E2736.54488
G1 X101.599 Y94.813 E2736.6023
G1 X101.199 Y94.384 E2736.62785
G1 X100.799 Y92.851 E2736.69688
G1 X101.199 Y91.312 E2736.76615
G1 X102.399 Y90.44 E2736.83078
G1 X103.599 Y90.34 E2736.88324
G1 X104.799 Y90.883 E2736.94062
G1 X105.199 Y91.311 E2736.96614
G1 F1500 E2735.96614
G1 F300 Z3.6
G0 F9000 X104.479 Y211.343 Z3.6
;TYPE:WALL-OUTER
G1 F300 Z3.4
G1 F1500 E2736.99275
G1 F1682.5 X104.256 Y211.181 E2737.01109
G1 X103.995 Y211.043 E2737.03072
G1 X103.748 Y210.954 E2737.04819
G1 X103.477 Y210.897 E2737.06661
G1 X103.185 Y210.877 E2737.08608
G1 X102.889 Y210.902 E2737.10584
G1 X102.587 Y210.974 E2737.12649
G1 X102.329 Y211.078 E2737.145
G1 X102.065 Y211.234 E2737.16539
G1 X101.835 Y211.42 E2737.18507
G1 X101.645 Y211.627 E2737.20376
G1 X101.479 Y211.872 E2737.22345
G1 X101.32 Y212.219 E2737.24884
G1 X101.243 Y212.519 E2737.26944
G1 X101.213 Y212.914 E2737.29579
G1 X101.238 Y213.175 E2737.31323
G1 X101.292 Y213.427 E2737.33038
G1 X101.405 Y213.718 E2737.35114
G1 X101.553 Y213.978 E2737.37104
G1 X101.709 Y214.179 E2737.38797
G1 X101.932 Y214.396 E2737.40867
G1 X102.16 Y214.559 E2737.42731
G1 X102.406 Y214.687 E2737.44576
G1 X102.653 Y214.776 E2737.46322
G1 X102.924 Y214.833 E2737.48164
G1 X103.214 Y214.852 E2737.50098
G1 X103.491 Y214.831 E2737.51945
G1 X103.796 Y214.762 E2737.54026
G1 X104.072 Y214.652 E2737.56002
G1 X104.35 Y214.486 E2737.58156
G1 X104.567 Y214.309 E2737.60019
G1 X104.756 Y214.103 E2737.61878
G1 X104.921 Y213.86 E2737.63832
G1 X105.081 Y213.511 E2737.66386
G1 X105.161 Y213.194 E2737.68561
G1 X105.187 Y212.932 E2737.70312
G1 X105.172 Y212.607 E2737.72477
G1 X105.117 Y212.336 E2737.74316
G1 X105.01 Y212.042 E2737.76397
G1 X104.848 Y211.752 E2737.78607
G1 X104.691 Y211.549 E2737.80314
G1 X104.479 Y211.343 E2737.8228
G0 F9000 X105.35 Y210.631
G1 F1682.5 X105.617 Y210.922 E2737.84907
G1 X105.768 Y211.128 E2737.86606
G1 X105.904 Y211.346 E2737.88316
G1 X106.037 Y211.614 E2737.90306
G1 X106.135 Y211.865 E2737.92098
G1 X106.242 Y212.266 E2737.94859
G1 X106.284 Y212.551 E2737.96775
G1 X106.3 Y212.858 E2737.9882
G1 X106.285 Y213.179 E2738.00958
G1 X106.235 Y213.501 E2738.03125
G1 X106.156 Y213.802 E2738.05196
G1 X106.056 Y214.071 E2738.07105
G1 X105.933 Y214.329 E2738.09006
G1 X105.741 Y214.642 E2738.11448
G1 X105.5 Y214.944 E2738.14019
G1 X105.309 Y215.137 E2738.15825
G1 X105.013 Y215.38 E2738.18372
G1 X104.752 Y215.548 E2738.20437
G1 X104.506 Y215.677 E2738.22285
G1 X104.254 Y215.781 E2738.24098
G1 X103.94 Y215.875 E2738.26279
G1 X103.692 Y215.926 E2738.27963
G1 X103.413 Y215.957 E2738.2983
G1 X103.098 Y215.964 E2738.31926
G1 X102.723 Y215.928 E2738.34432
G1 X102.396 Y215.859 E2738.36655
G1 X102.1 Y215.763 E2738.38725
G1 X101.792 Y215.627 E2738.40965
G1 X101.504 Y215.459 E2738.43183
G1 X101.242 Y215.268 E2738.4534
G1 X101.051 Y215.099 E2738.47036
G1 X100.784 Y214.808 E2738.49663
G1 X100.627 Y214.593 E2738.51434
G1 X100.493 Y214.377 E2738.53125
G1 X100.364 Y214.116 E2738.55062
G1 X100.266 Y213.865 E2738.56854
G1 X100.193 Y213.619 E2738.58561
G1 X100.141 Y213.359 E2738.60325
G1 X100.104 Y213.015 E2738.62626
G1 X100.108 Y212.653 E2738.65034
G1 X100.138 Y212.387 E2738.66815
G1 X100.206 Y212.063 E2738.69017
G1 X100.31 Y211.746 E2738.71237
G1 X100.468 Y211.401 E2738.73761
G1 X100.66 Y211.088 E2738.76203
G1 X100.903 Y210.783 E2738.78797
G1 X101.092 Y210.593 E2738.8058
G1 X101.388 Y210.35 E2738.83128
G1 X101.66 Y210.175 E2738.85279
G1 X101.896 Y210.053 E2738.87046
G1 X102.147 Y209.949 E2738.88854
G1 X102.461 Y209.855 E2738.91034
G1 X102.709 Y209.804 E2738.92718
G1 X102.988 Y209.773 E2738.94586
G1 X103.303 Y209.766 E2738.96681
G1 X103.678 Y209.802 E2738.99187
G1 X104.005 Y209.871 E2739.01411
G1 X104.302 Y209.967 E2739.03487
G1 X104.602 Y210.1 E2739.0567
G1 X104.89 Y210.266 E2739.07881
G1 X105.159 Y210.462 E2739.10095
G1 X105.35 Y210.631 E2739.11791
G0 F9000 X105.199 Y211.329
;TYPE:SKIN
G1 F1472.2 X105.599 Y212.861 E2739.1795
G1 X105.199 Y214.408 E2739.24165
G1 X103.999 Y215.274 E2739.29921
G1 X102.799 Y215.374 E2739.34604
G1 X101.599 Y214.828 E2739.39732
G1 X101.199 Y214.401 E2739.42008
G1 X100.799 Y212.867 E2739.48174
G1 X101.199 Y211.323 E2739.54377
G1 X102.399 Y210.456 E2739.60135
G1 X103.599 Y210.356 E2739.64819
G1 X104.799 Y210.901 E2739.69945
G1 F1500 E2738.69945
G1 F300 Z3.6
G0 F9000 X197.594 Y211.043 Z3.6
;TYPE:WALL-OUTER
G1 F300 Z3.4
G1 F1500 E2739.72606
G1 F1682.5 X197.347 Y210.954 E2739.74352
G1 X197.076 Y210.897 E2739.76194
G1 X196.784 Y210.877 E2739.78141
G1 X196.475 Y210.904 E2739.80205
G1 X196.186 Y210.974 E2739.82183
G1 X195.928 Y211.078 E2739.84033
G1 X195.664 Y211.234 E2739.86073
G1 X195.434 Y211.42 E2739.88041
G1 X195.244 Y211.627 E2739.8991
G1 X195.078 Y211.872 E2739.91878
G1 X194.919 Y212.219 E2739.94417
G1 X194.842 Y212.519 E2739.96478
G1 X194.812 Y212.914 E2739.99113
G1 X194.837 Y213.175 E2740.00857
G1 X194.891 Y213.427 E2740.02571
G1 X195.004 Y213.718 E2740.04648
G1 X195.152 Y213.978 E2740.06638
G1 X195.308 Y214.179 E2740.0833
G1 X195.531 Y214.396 E2740.104
G1 X195.775 Y214.569 E2740.1239
G1 X196.038 Y214.701 E2740.14347
G1 X196.366 Y214.806 E2740.16638
G1 X196.662 Y214.848 E2740.18627
G1 X196.939 Y214.848 E2740.2047
G1 X197.215 Y214.809 E2740.22324
G1 X197.496 Y214.727 E2740.24271
G1 X197.807 Y214.579 E2740.26562
G1 X198.051 Y214.41 E2740.28537
G1 X198.264 Y214.209 E2740.30485
G1 X198.447 Y213.978 E2740.32445
G1 X198.629 Y213.642 E2740.34987
G1 X198.724 Y213.364 E2740.36941
G1 X198.776 Y213.075 E2740.38894
G1 X198.787 Y212.816 E2740.40619
G1 X198.762 Y212.554 E2740.4237
G1 X198.707 Y212.303 E2740.44079
G1 X198.595 Y212.012 E2740.46153
G1 X198.447 Y211.752 E2740.48143
G1 X198.29 Y211.549 E2740.4985
G1 X198.078 Y211.343 E2740.51817
G1 X197.855 Y211.181 E2740.5365
G1 X197.594 Y211.043 E2740.55614
G0 F9000 X198.201 Y210.1
G1 F1682.5 X198.489 Y210.266 E2740.57825
G1 X198.758 Y210.462 E2740.60039
G1 X198.949 Y210.631 E2740.61736
G1 X199.216 Y210.922 E2740.64363
G1 X199.367 Y211.128 E2740.66062
G1 X199.503 Y211.346 E2740.67771
G1 X199.636 Y211.614 E2740.69761
G1 X199.734 Y211.865 E2740.71554
G1 X199.841 Y212.266 E2740.74315
G1 X199.883 Y212.551 E2740.76231
G1 X199.899 Y212.858 E2740.78276
G1 X199.884 Y213.179 E2740.80413
G1 X199.834 Y213.501 E2740.82581
G1 X199.755 Y213.802 E2740.84651
G1 X199.655 Y214.071 E2740.8656
G1 X199.532 Y214.329 E2740.88461
G1 X199.34 Y214.642 E2740.90904
G1 X199.099 Y214.944 E2740.93474
G1 X198.908 Y215.137 E2740.9528
G1 X198.612 Y215.38 E2740.97828
G1 X198.351 Y215.548 E2740.99893
G1 X198.105 Y215.677 E2741.0174
G1 X197.853 Y215.781 E2741.03554
G1 X197.539 Y215.875 E2741.05734
G1 X197.291 Y215.926 E2741.07418
G1 X197.012 Y215.957 E2741.09286
G1 X196.697 Y215.964 E2741.11382
G1 X196.322 Y215.928 E2741.13888
G1 X195.995 Y215.859 E2741.16111
G1 X195.699 Y215.763 E2741.18181
G1 X195.391 Y215.627 E2741.2042
G1 X195.103 Y215.459 E2741.22638
G1 X194.841 Y215.268 E2741.24795
G1 X194.65 Y215.099 E2741.26492
G1 X194.383 Y214.808 E2741.29119
G1 X194.226 Y214.593 E2741.3089
G1 X194.092 Y214.377 E2741.3258
G1 X193.963 Y214.116 E2741.34517
G1 X193.865 Y213.865 E2741.3631
G1 X193.792 Y213.619 E2741.38016
G1 X193.74 Y213.359 E2741.3978
G1 X193.703 Y213.015 E2741.42082
G1 X193.707 Y212.653 E2741.4449
G1 X193.737 Y212.387 E2741.46271
G1 X193.805 Y212.063 E2741.48473
G1 X193.909 Y211.746 E2741.50692
G1 X194.067 Y211.401 E2741.53216
G1 X194.259 Y211.088 E2741.55659
G1 X194.502 Y210.783 E2741.58253
G1 X194.691 Y210.593 E2741.60036
G1 X194.987 Y210.35 E2741.62583
G1 X195.259 Y210.175 E2741.64735
G1 X195.495 Y210.053 E2741.66502
G1 X195.746 Y209.949 E2741.68309
G1 X196.06 Y209.855 E2741.7049
G1 X196.308 Y209.804 E2741.72174
G1 X196.587 Y209.773 E2741.74041
G1 X196.902 Y209.766 E2741.76137
G1 X197.277 Y209.802 E2741.78643
G1 X197.604 Y209.871 E2741.80866
G1 X197.901 Y209.967 E2741.82942
G1 X198.201 Y210.1 E2741.85125
G0 F9000 X197.999 Y210.627
;TYPE:SKIN
G1 F1472.2 X197.599 Y210.454 E2741.86782
G1 X196.399 Y210.353 E2741.9136
G1 X195.199 Y210.894 E2741.96364
G1 X194.799 Y211.321 E2741.98589
G1 X194.399 Y212.866 E2742.04656
G1 X194.799 Y214.401 E2742.10686
G1 X195.999 Y215.273 E2742.16325
G1 X197.199 Y215.373 E2742.20903
G1 X198.399 Y214.828 E2742.25913
G1 X198.799 Y214.398 E2742.28146
G1 X199.199 Y212.86 E2742.34187
G1 X198.799 Y211.329 E2742.40203
G0 F9000 X198.399 Y211.188
G1 F1472.2 X198.399 Y210.615 E2742.42109
G1 F1500 E2741.42109
G1 F300 Z3.6
;MESH:NONMESH
G0 F9000 X198.323 Y91.573 Z3.6
;TIME_ELAPSED:5900.714312
;LAYER:17
;TYPE:WALL-OUTER
;MESH:Top of Case.STL
G1 F300 Z3.6
G1 F1500 E2742.4477
G1 F1766.3 X198.13 Y91.373 E2742.46619
G1 X197.926 Y91.212 E2742.48347
G1 X197.578 Y91.021 E2742.50988
G1 X197.213 Y90.905 E2742.53536
G1 X196.937 Y90.867 E2742.55389
G1 X196.785 Y90.863 E2742.564
G1 X196.523 Y90.882 E2742.58148
G1 X196.252 Y90.939 E2742.5999
G1 X195.993 Y91.033 E2742.61823
G1 X195.732 Y91.174 E2742.63796
G1 X195.469 Y91.372 E2742.65986
G1 X195.246 Y91.611 E2742.6816
G1 X195.086 Y91.842 E2742.7003
G1 X194.944 Y92.137 E2742.72207
G1 X194.867 Y92.385 E2742.73935
G1 X194.819 Y92.677 E2742.75903
G1 X194.814 Y92.955 E2742.77753
G1 X194.852 Y93.246 E2742.79705
G1 X194.948 Y93.575 E2742.81985
G1 X195.069 Y93.83 E2742.83862
G1 X195.264 Y94.112 E2742.86143
G1 X195.469 Y94.327 E2742.88119
G1 X195.673 Y94.488 E2742.89848
G1 X196.021 Y94.679 E2742.92488
G1 X196.386 Y94.795 E2742.95036
G1 X196.661 Y94.833 E2742.96883
G1 X196.956 Y94.832 E2742.98845
G1 X197.264 Y94.783 E2743.0092
G1 X197.559 Y94.687 E2743.02983
G1 X197.823 Y94.554 E2743.0495
G1 X198.052 Y94.394 E2743.06808
G1 X198.265 Y94.193 E2743.08756
G1 X198.437 Y93.978 E2743.10588
G1 X198.578 Y93.739 E2743.12434
G1 X198.685 Y93.482 E2743.14285
G1 X198.76 Y93.18 E2743.16355
G1 X198.787 Y92.8 E2743.1889
G1 X198.737 Y92.406 E2743.21531
G1 X198.629 Y92.072 E2743.23867
G1 X198.487 Y91.8 E2743.25908
G1 X198.323 Y91.573 E2743.2777
G0 F9000 X199.089 Y90.759
G1 F1766.3 X199.27 Y90.977 E2743.29655
G1 X199.433 Y91.214 E2743.31569
G1 X199.557 Y91.434 E2743.33249
G1 X199.67 Y91.678 E2743.35037
G1 X199.767 Y91.952 E2743.36971
G1 X199.84 Y92.247 E2743.38992
G1 X199.883 Y92.533 E2743.40916
G1 X199.899 Y92.806 E2743.42735
G1 X199.89 Y93.105 E2743.44725
G1 X199.831 Y93.5 E2743.47382
G1 X199.765 Y93.756 E2743.4914
G1 X199.674 Y94.012 E2743.50948
G1 X199.532 Y94.314 E2743.53168
G1 X199.404 Y94.531 E2743.54844
G1 X199.207 Y94.804 E2743.57083
G1 X198.996 Y95.037 E2743.59174
G1 X198.711 Y95.29 E2743.61709
G1 X198.494 Y95.446 E2743.63487
G1 X198.26 Y95.584 E2743.65294
G1 X198.001 Y95.708 E2743.67204
G1 X197.6 Y95.845 E2743.70023
G1 X197.295 Y95.91 E2743.72097
G1 X197.122 Y95.933 E2743.73258
G1 X196.697 Y95.949 E2743.76087
G1 X196.384 Y95.923 E2743.78177
G1 X195.999 Y95.845 E2743.8079
G1 X195.705 Y95.751 E2743.82843
G1 X195.398 Y95.616 E2743.85074
G1 X195.103 Y95.444 E2743.87345
G1 X194.864 Y95.271 E2743.89308
G1 X194.642 Y95.076 E2743.91274
G1 X194.383 Y94.793 E2743.93825
G1 X194.166 Y94.486 E2743.96326
G1 X194.041 Y94.263 E2743.98027
G1 X193.927 Y94.018 E2743.99824
G1 X193.832 Y93.748 E2744.01728
G1 X193.758 Y93.446 E2744.03797
G1 X193.716 Y93.167 E2744.05674
G1 X193.7 Y92.894 E2744.07493
G1 X193.706 Y92.642 E2744.09169
G1 X193.744 Y92.324 E2744.113
G1 X193.804 Y92.05 E2744.13166
G1 X193.88 Y91.807 E2744.14859
G1 X193.985 Y91.55 E2744.16706
G1 X194.13 Y91.272 E2744.18792
G1 X194.288 Y91.033 E2744.20698
G1 X194.502 Y90.768 E2744.22963
G1 X194.691 Y90.578 E2744.24746
G1 X194.987 Y90.335 E2744.27294
G1 X195.259 Y90.16 E2744.29445
G1 X195.495 Y90.038 E2744.31212
G1 X195.746 Y89.934 E2744.3302
G1 X196.06 Y89.84 E2744.352
G1 X196.477 Y89.767 E2744.38016
G1 X196.902 Y89.751 E2744.40845
G1 X197.215 Y89.777 E2744.42934
G1 X197.6 Y89.855 E2744.45548
G1 X197.894 Y89.949 E2744.47601
G1 X198.194 Y90.081 E2744.49781
G1 X198.435 Y90.217 E2744.51622
G1 X198.66 Y90.37 E2744.53432
G1 X198.871 Y90.544 E2744.55251
G1 X199.089 Y90.759 E2744.57288
G0 F9000 X198.264 Y90.8
;TYPE:SKIN
G1 F1545.5 X196.802 Y90.4 E2744.63212
G1 X195.332 Y90.8 E2744.69167
G1 X194.591 Y91.6 E2744.73429
G1 X194.26 Y92.8 E2744.78295
G1 X194.534 Y94 E2744.83106
G1 X195.195 Y94.8 E2744.87162
G1 X196.8 Y95.2 E2744.93627
G1 X198.405 Y94.8 E2745.00093
G1 X199.228 Y93.6 E2745.0578
G1 X199.3 Y92.4 E2745.10479
G1 X198.723 Y91.2 E2745.15683
G1 F1500 E2744.15683
G1 F300 Z3.8
G0 F9000 X197.021 Y95.6 Z3.8
G1 F300 Z3.6
G1 F1500 E2745.18344
G1 F1545.5 X196.561 Y95.6 E2745.19874
G1 F1500 E2744.19874
G1 F300 Z3.8
G0 F9000 X105.03 Y92.072 Z3.8
;TYPE:WALL-OUTER
G1 F300 Z3.6
G1 F1500 E2745.22535
G1 F1766.3 X104.888 Y91.8 E2745.24576
G1 X104.724 Y91.573 E2745.26439
G1 X104.531 Y91.373 E2745.28288
G1 X104.327 Y91.212 E2745.30017
G1 X103.979 Y91.021 E2745.32657
G1 X103.614 Y90.905 E2745.35205
G1 X103.338 Y90.867 E2745.37058
G1 X103.186 Y90.863 E2745.3807
G1 X102.924 Y90.882 E2745.39817
G1 X102.653 Y90.939 E2745.41659
G1 X102.394 Y91.033 E2745.43492
G1 X102.133 Y91.174 E2745.45465
G1 X101.87 Y91.372 E2745.47655
G1 X101.647 Y91.611 E2745.4983
G1 X101.487 Y91.842 E2745.51699
G1 X101.345 Y92.137 E2745.53877
G1 X101.268 Y92.385 E2745.55604
G1 X101.22 Y92.677 E2745.57572
G1 X101.215 Y92.955 E2745.59422
G1 X101.253 Y93.246 E2745.61374
G1 X101.349 Y93.575 E2745.63654
G1 X101.47 Y93.83 E2745.65532
G1 X101.665 Y94.112 E2745.67812
G1 X101.87 Y94.327 E2745.69788
G1 X102.074 Y94.488 E2745.71517
G1 X102.422 Y94.679 E2745.74158
G1 X102.787 Y94.795 E2745.76705
G1 X103.062 Y94.833 E2745.78552
G1 X103.358 Y94.832 E2745.80521
G1 X103.666 Y94.783 E2745.82596
G1 X103.96 Y94.687 E2745.84653
G1 X104.195 Y94.571 E2745.86396
G1 X104.452 Y94.395 E2745.88468
G1 X104.666 Y94.193 E2745.90426
G1 X104.838 Y93.978 E2745.92257
G1 X104.979 Y93.739 E2745.94103
G1 X105.086 Y93.481 E2745.95961
G1 X105.161 Y93.18 E2745.98025
G1 X105.188 Y92.8 E2746.00559
G1 X105.138 Y92.406 E2746.03201
G1 X105.03 Y92.072 E2746.05536
G0 F9000 X106.071 Y91.678
G1 F1766.3 X106.168 Y91.952 E2746.07469
G1 X106.241 Y92.247 E2746.09491
G1 X106.284 Y92.533 E2746.11415
G1 X106.3 Y92.806 E2746.13234
G1 X106.291 Y93.105 E2746.15224
G1 X106.232 Y93.5 E2746.1788
G1 X106.166 Y93.756 E2746.19639
G1 X106.075 Y94.012 E2746.21446
G1 X105.933 Y94.314 E2746.23666
G1 X105.805 Y94.531 E2746.25342
G1 X105.608 Y94.804 E2746.27582
G1 X105.397 Y95.037 E2746.29673
G1 X105.112 Y95.29 E2746.32208
G1 X104.895 Y95.446 E2746.33985
G1 X104.661 Y95.584 E2746.35792
G1 X104.402 Y95.708 E2746.37703
G1 X104.001 Y95.845 E2746.40521
G1 X103.696 Y95.91 E2746.42596
G1 X103.523 Y95.933 E2746.43757
G1 X103.098 Y95.949 E2746.46586
G1 X102.785 Y95.923 E2746.48675
G1 X102.4 Y95.845 E2746.51288
G1 X102.106 Y95.751 E2746.53341
G1 X101.799 Y95.616 E2746.55572
G1 X101.504 Y95.444 E2746.57844
G1 X101.265 Y95.271 E2746.59807
G1 X101.043 Y95.076 E2746.61772
G1 X100.784 Y94.793 E2746.64324
G1 X100.567 Y94.486 E2746.66825
G1 X100.442 Y94.263 E2746.68525
G1 X100.328 Y94.018 E2746.70323
G1 X100.233 Y93.748 E2746.72227
G1 X100.159 Y93.446 E2746.74295
G1 X100.117 Y93.167 E2746.76172
G1 X100.101 Y92.894 E2746.77991
G1 X100.107 Y92.642 E2746.79668
G1 X100.145 Y92.324 E2746.81798
G1 X100.205 Y92.05 E2746.83664
G1 X100.281 Y91.807 E2746.85358
G1 X100.386 Y91.55 E2746.87205
G1 X100.531 Y91.272 E2746.8929
G1 X100.689 Y91.033 E2746.91196
G1 X100.903 Y90.768 E2746.93462
G1 X101.092 Y90.578 E2746.95245
G1 X101.388 Y90.335 E2746.97792
G1 X101.66 Y90.16 E2746.99944
G1 X101.896 Y90.038 E2747.01711
G1 X102.147 Y89.934 E2747.03518
G1 X102.461 Y89.84 E2747.05699
G1 X102.878 Y89.767 E2747.08515
G1 X103.303 Y89.751 E2747.11344
G1 X103.616 Y89.777 E2747.13433
G1 X104.001 Y89.855 E2747.16046
G1 X104.295 Y89.949 E2747.18099
G1 X104.595 Y90.081 E2747.2028
G1 X104.836 Y90.217 E2747.2212
G1 X105.061 Y90.37 E2747.2393
G1 X105.272 Y90.544 E2747.2575
G1 X105.49 Y90.759 E2747.27786
G1 X105.671 Y90.977 E2747.29671
G1 X105.834 Y91.214 E2747.31585
G1 X105.958 Y91.434 E2747.33264
G1 X106.071 Y91.678 E2747.35053
G0 F9000 X105.594 Y92
;TYPE:SKIN
G1 F1545.5 X105.701 Y92.4 E2747.36619
G1 X105.629 Y93.6 E2747.41165
G1 X104.806 Y94.8 E2747.46668
G1 X103.201 Y95.2 E2747.52924
G1 X101.595 Y94.8 E2747.59183
G1 X100.774 Y93.6 E2747.64681
G1 X100.7 Y92.4 E2747.69228
G1 X101.278 Y91.2 E2747.74265
G1 X101.734 Y90.8 E2747.76559
G1 X103.203 Y90.4 E2747.82317
G1 X104.664 Y90.8 E2747.88045
G1 X105.411 Y91.6 E2747.92184
G1 F1500 E2746.92184
G1 F300 Z3.8
G0 F9000 X103.449 Y95.6 Z3.8
G1 F300 Z3.6
G1 F1500 E2747.94845
G1 F1545.5 X102.95 Y95.6 E2747.96505
G1 F1500 E2746.96505
G1 F300 Z3.8
G0 F9000 X104.555 Y211.41 Z3.8
;TYPE:WALL-OUTER
G1 F300 Z3.6
G1 F1500 E2747.99166
G1 F1766.3 X104.227 Y211.162 E2748.01901
G1 X103.979 Y211.036 E2748.03751
G1 X103.614 Y210.92 E2748.06299
G1 X103.339 Y210.882 E2748.08146
G1 X103.184 Y210.877 E2748.09177
G1 X102.889 Y210.902 E2748.11147
G1 X102.572 Y210.979 E2748.13317
G1 X102.314 Y211.086 E2748.15175
G1 X102.037 Y211.254 E2748.1733
G1 X101.747 Y211.509 E2748.19899
G1 X101.574 Y211.722 E2748.21724
G1 X101.384 Y212.056 E2748.2428
G1 X101.28 Y212.353 E2748.26373
G1 X101.224 Y212.655 E2748.28416
G1 X101.213 Y212.915 E2748.30147
G1 X101.259 Y213.295 E2748.32694
G1 X101.35 Y213.592 E2748.3476
G1 X101.462 Y213.83 E2748.3651
G1 X101.655 Y214.114 E2748.38794
G1 X101.855 Y214.328 E2748.40742
G1 X102.174 Y214.568 E2748.43398
G1 X102.422 Y214.694 E2748.45248
G1 X102.787 Y214.81 E2748.47796
G1 X103.063 Y214.848 E2748.49649
G1 X103.339 Y214.848 E2748.51485
G1 X103.615 Y214.809 E2748.53339
G1 X103.88 Y214.733 E2748.55173
G1 X104.136 Y214.62 E2748.57035
G1 X104.396 Y214.453 E2748.5909
G1 X104.616 Y214.261 E2748.61033
G1 X104.818 Y214.022 E2748.63114
G1 X105.017 Y213.674 E2748.65781
G1 X105.129 Y213.346 E2748.68086
G1 X105.18 Y213.04 E2748.7015
G1 X105.187 Y212.78 E2748.7188
G1 X105.152 Y212.485 E2748.73856
G1 X105.08 Y212.216 E2748.75709
G1 X104.939 Y211.901 E2748.78004
G1 X104.747 Y211.617 E2748.80285
G1 X104.555 Y211.41 E2748.82163
G0 F9000 X105.49 Y210.774
G1 F1766.3 X105.671 Y210.992 E2748.84048
G1 X105.834 Y211.229 E2748.85961
G1 X105.958 Y211.449 E2748.87641
G1 X106.071 Y211.693 E2748.8943
G1 X106.168 Y211.967 E2748.91363
G1 X106.241 Y212.262 E2748.93385
G1 X106.284 Y212.548 E2748.95309
G1 X106.3 Y212.821 E2748.97128
G1 X106.291 Y213.12 E2748.99118
G1 X106.232 Y213.515 E2749.01774
G1 X106.166 Y213.771 E2749.03533
G1 X106.077 Y214.022 E2749.05304
G1 X105.934 Y214.328 E2749.07551
G1 X105.805 Y214.546 E2749.09236
G1 X105.608 Y214.819 E2749.11476
G1 X105.397 Y215.052 E2749.13567
G1 X105.112 Y215.305 E2749.16102
G1 X104.895 Y215.461 E2749.1788
G1 X104.661 Y215.599 E2749.19687
G1 X104.402 Y215.723 E2749.21597
G1 X104.001 Y215.86 E2749.24416
G1 X103.696 Y215.925 E2749.2649
G1 X103.523 Y215.948 E2749.27651
G1 X103.098 Y215.964 E2749.3048
G1 X102.785 Y215.938 E2749.32569
G1 X102.4 Y215.86 E2749.35182
G1 X102.106 Y215.766 E2749.37236
G1 X101.799 Y215.631 E2749.39467
G1 X101.504 Y215.459 E2749.41738
G1 X101.265 Y215.286 E2749.43701
G1 X101.043 Y215.091 E2749.45666
G1 X100.784 Y214.808 E2749.48218
G1 X100.567 Y214.501 E2749.50719
G1 X100.442 Y214.278 E2749.5242
G1 X100.324 Y214.022 E2749.54295
G1 X100.233 Y213.763 E2749.56121
G1 X100.159 Y213.461 E2749.58189
G1 X100.117 Y213.182 E2749.60066
G1 X100.101 Y212.909 E2749.61885
G1 X100.107 Y212.655 E2749.63575
G1 X100.145 Y212.339 E2749.65692
G1 X100.205 Y212.065 E2749.67558
G1 X100.281 Y211.822 E2749.69252
G1 X100.386 Y211.565 E2749.71099
G1 X100.531 Y211.287 E2749.73184
G1 X100.686 Y211.052 E2749.75057
G1 X100.903 Y210.783 E2749.77356
G1 X101.092 Y210.593 E2749.79139
G1 X101.388 Y210.35 E2749.81686
G1 X101.66 Y210.175 E2749.83838
G1 X101.896 Y210.053 E2749.85605
G1 X102.147 Y209.949 E2749.87412
G1 X102.461 Y209.855 E2749.89593
G1 X102.878 Y209.782 E2749.92409
G1 X103.303 Y209.766 E2749.95238
G1 X103.616 Y209.792 E2749.97327
G1 X104.001 Y209.87 E2749.9994
G1 X104.295 Y209.964 E2750.01993
G1 X104.595 Y210.096 E2750.04174
G1 X104.836 Y210.232 E2750.06014
G1 X105.061 Y210.385 E2750.07824
G1 X105.272 Y210.559 E2750.09644
G1 X105.49 Y210.774 E2750.1168
G0 F9000 X105.111 Y211.2
;TYPE:SKIN
G1 F1545.5 X104.645 Y210.8 E2750.14049
G1 X103.204 Y210.4 E2750.19819
G1 X101.752 Y210.8 E2750.25629
G1 X101.001 Y211.6 E2750.29862
G1 X100.659 Y212.8 E2750.34676
G1 X100.927 Y214 E2750.39419
G1 X101.577 Y214.8 E2750.43396
G1 X103.2 Y215.2 E2750.49844
G1 X104.824 Y214.8 E2750.56297
G1 X105.629 Y213.6 E2750.61871
G1 X105.699 Y212.4 E2750.66509
G1 X105.398 Y211.6 E2750.69806
G1 F1500 E2749.69806
G1 F300 Z3.8
G0 F9000 X103.6 Y215.6 Z3.8
G1 F300 Z3.6
G1 F1500 E2750.72467
G1 F1545.5 X102.804 Y215.6 E2750.75114
G1 F1500 E2749.75114
G1 F300 Z3.8
G0 F9000 X197.578 Y211.036 Z3.8
;TYPE:WALL-OUTER
G1 F300 Z3.6
G1 F1500 E2750.77775
G1 F1766.3 X197.213 Y210.92 E2750.80323
G1 X196.938 Y210.882 E2750.8217
G1 X196.783 Y210.877 E2750.83201
G1 X196.474 Y210.904 E2750.85265
G1 X196.171 Y210.979 E2750.87341
G1 X195.913 Y211.086 E2750.89199
G1 X195.636 Y211.254 E2750.91354
G1 X195.346 Y211.509 E2750.93923
G1 X195.173 Y211.722 E2750.95748
G1 X194.983 Y212.056 E2750.98304
G1 X194.879 Y212.353 E2751.00397
G1 X194.823 Y212.655 E2751.02441
G1 X194.812 Y212.915 E2751.04172
G1 X194.858 Y213.295 E2751.06718
G1 X194.949 Y213.592 E2751.08784
G1 X195.061 Y213.83 E2751.10534
G1 X195.254 Y214.114 E2751.12818
G1 X195.454 Y214.328 E2751.14766
G1 X195.773 Y214.568 E2751.17422
G1 X196.021 Y214.694 E2751.19272
G1 X196.386 Y214.81 E2751.2182
G1 X196.662 Y214.848 E2751.23673
G1 X196.938 Y214.848 E2751.25509
G1 X197.214 Y214.809 E2751.27363
G1 X197.479 Y214.733 E2751.29197
G1 X197.735 Y214.62 E2751.31059
G1 X197.995 Y214.453 E2751.33114
G1 X198.253 Y214.222 E2751.35418
G1 X198.437 Y213.993 E2751.37372
G1 X198.578 Y213.752 E2751.39229
G1 X198.684 Y213.498 E2751.4106
G1 X198.751 Y213.244 E2751.42808
G1 X198.785 Y212.969 E2751.44651
G1 X198.778 Y212.677 E2751.46594
G1 X198.737 Y212.422 E2751.48312
G1 X198.656 Y212.153 E2751.50181
G1 X198.538 Y211.9 E2751.52038
G1 X198.346 Y211.617 E2751.54313
G1 X198.154 Y211.41 E2751.56191
G1 X197.826 Y211.162 E2751.58926
G1 X197.578 Y211.036 E2751.60776
G0 F9000 X197.894 Y209.964
G1 F1766.3 X198.194 Y210.096 E2751.62957
G1 X198.435 Y210.232 E2751.64797
G1 X198.66 Y210.385 E2751.66607
G1 X198.871 Y210.559 E2751.68427
G1 X199.089 Y210.774 E2751.70463
G1 X199.27 Y210.992 E2751.72348
G1 X199.433 Y211.229 E2751.74262
G1 X199.557 Y211.449 E2751.75942
G1 X199.67 Y211.693 E2751.7773
G1 X199.767 Y211.967 E2751.79664
G1 X199.84 Y212.262 E2751.81685
G1 X199.883 Y212.548 E2751.83609
G1 X199.899 Y212.821 E2751.85428
G1 X199.89 Y213.12 E2751.87418
G1 X199.831 Y213.515 E2751.90075
G1 X199.765 Y213.771 E2751.91833
G1 X199.674 Y214.027 E2751.93641
G1 X199.533 Y214.328 E2751.95852
G1 X199.404 Y214.546 E2751.97537
G1 X199.207 Y214.819 E2751.99776
G1 X198.996 Y215.052 E2752.01867
G1 X198.711 Y215.305 E2752.04402
G1 X198.494 Y215.461 E2752.0618
G1 X198.26 Y215.599 E2752.07987
G1 X198.001 Y215.723 E2752.09897
G1 X197.6 Y215.86 E2752.12716
G1 X197.295 Y215.925 E2752.14791
G1 X197.122 Y215.948 E2752.15952
G1 X196.697 Y215.964 E2752.18781
G1 X196.384 Y215.938 E2752.2087
G1 X195.999 Y215.86 E2752.23483
G1 X195.705 Y215.766 E2752.25536
G1 X195.398 Y215.631 E2752.27767
G1 X195.103 Y215.459 E2752.30039
G1 X194.864 Y215.286 E2752.32001
G1 X194.642 Y215.091 E2752.33967
G1 X194.383 Y214.808 E2752.36519
G1 X194.166 Y214.501 E2752.3902
G1 X194.041 Y214.278 E2752.4072
G1 X193.927 Y214.033 E2752.42518
G1 X193.832 Y213.763 E2752.44422
G1 X193.758 Y213.461 E2752.4649
G1 X193.716 Y213.182 E2752.48367
G1 X193.7 Y212.909 E2752.50186
G1 X193.706 Y212.655 E2752.51876
G1 X193.744 Y212.339 E2752.53993
G1 X193.804 Y212.065 E2752.55859
G1 X193.88 Y211.822 E2752.57553
G1 X193.985 Y211.565 E2752.59399
G1 X194.13 Y211.287 E2752.61485
G1 X194.285 Y211.052 E2752.63358
G1 X194.502 Y210.783 E2752.65657
G1 X194.691 Y210.593 E2752.67439
G1 X194.987 Y210.35 E2752.69987
G1 X195.259 Y210.175 E2752.72138
G1 X195.495 Y210.053 E2752.73906
G1 X195.746 Y209.949 E2752.75713
G1 X196.06 Y209.855 E2752.77893
G1 X196.477 Y209.782 E2752.80709
G1 X196.902 Y209.766 E2752.83539
G1 X197.215 Y209.792 E2752.85628
G1 X197.6 Y209.87 E2752.88241
G1 X197.894 Y209.964 E2752.90294
G0 F9000 X196.804 Y210.4
;TYPE:SKIN
G1 F1545.5 X195.352 Y210.8 E2752.96792
G1 X194.601 Y211.6 E2753.01526
G1 X194.259 Y212.8 E2753.0691
G1 X194.526 Y214 E2753.12214
G1 X195.177 Y214.8 E2753.16664
G1 X196.8 Y215.2 E2753.23876
G1 X198.423 Y214.8 E2753.31088
G1 X199.233 Y213.6 E2753.37334
G1 X199.297 Y212.4 E2753.42519
G1 X198.711 Y211.2 E2753.4828
G1 X198.245 Y210.8 E2753.5093
G1 F1500 E2752.5093
G1 F300 Z3.8
G0 F9000 X197.2 Y215.6 Z3.8
G1 F300 Z3.6
G1 F1500 E2753.53591
G1 F1545.5 X196.404 Y215.6 E2753.56238
G1 F1500 E2752.56238
G1 F300 Z3.8
;MESH:NONMESH
G0 F9000 X198.312 Y91.56 Z3.8
;TIME_ELAPSED:5914.558137
;LAYER:18
;TYPE:WALL-OUTER
;MESH:Top of Case.STL
G1 F300 Z3.8
G1 F1500 E2753.58899
G1 F1686.2 X198.13 Y91.373 E2753.60635
G1 X197.911 Y91.202 E2753.62483
G1 X197.577 Y91.021 E2753.6501
G1 X197.213 Y90.905 E2753.67552
G1 X196.937 Y90.867 E2753.69405
G1 X196.784 Y90.863 E2753.70423
G1 X196.523 Y90.882 E2753.72164
G1 X196.25 Y90.939 E2753.74019
G1 X195.995 Y91.033 E2753.75827
G1 X195.761 Y91.154 E2753.77579
G1 X195.468 Y91.373 E2753.80013
G1 X195.235 Y91.625 E2753.82296
G1 X195.071 Y91.869 E2753.84251
G1 X194.958 Y92.103 E2753.8598
G1 X194.87 Y92.37 E2753.8785
G1 X194.819 Y92.677 E2753.8992
G1 X194.814 Y92.955 E2753.9177
G1 X194.852 Y93.248 E2753.93735
G1 X194.95 Y93.579 E2753.96031
G1 X195.068 Y93.828 E2753.97864
G1 X195.222 Y94.059 E2753.99711
G1 X195.407 Y94.269 E2754.01573
G1 X195.632 Y94.459 E2754.03532
G1 X195.896 Y94.62 E2754.05589
G1 X196.251 Y94.761 E2754.08129
G1 X196.523 Y94.818 E2754.09978
G1 X196.816 Y94.838 E2754.11932
G1 X197.126 Y94.811 E2754.14002
G1 X197.429 Y94.736 E2754.16078
G1 X197.731 Y94.606 E2754.18265
G1 X198.009 Y94.428 E2754.20461
G1 X198.252 Y94.208 E2754.22642
G1 X198.427 Y93.992 E2754.24491
G1 X198.571 Y93.753 E2754.26347
G1 X198.685 Y93.481 E2754.28309
G1 X198.76 Y93.179 E2754.30379
G1 X198.787 Y92.799 E2754.32913
G1 X198.737 Y92.406 E2754.35548
G1 X198.629 Y92.072 E2754.37883
G1 X198.478 Y91.784 E2754.40046
G1 X198.312 Y91.56 E2754.41901
G0 F9000 X199.097 Y90.768
G1 F1686.2 X199.303 Y91.022 E2754.44076
G1 X199.451 Y91.243 E2754.45846
G1 X199.614 Y91.55 E2754.48158
G1 X199.729 Y91.836 E2754.50208
G1 X199.806 Y92.092 E2754.51987
G1 X199.859 Y92.354 E2754.53765
G1 X199.891 Y92.623 E2754.55567
G1 X199.898 Y92.953 E2754.57762
G1 X199.865 Y93.313 E2754.60167
G1 X199.801 Y93.628 E2754.62305
G1 X199.703 Y93.937 E2754.64462
G1 X199.572 Y94.237 E2754.66639
G1 X199.405 Y94.531 E2754.68889
G1 X199.224 Y94.783 E2754.70952
G1 X198.996 Y95.037 E2754.73223
G1 X198.795 Y95.222 E2754.7504
G1 X198.581 Y95.387 E2754.76838
G1 X198.355 Y95.531 E2754.7862
G1 X198.105 Y95.662 E2754.80498
G1 X197.853 Y95.766 E2754.82311
G1 X197.539 Y95.86 E2754.84491
G1 X197.122 Y95.933 E2754.87308
G1 X196.699 Y95.949 E2754.90123
G1 X196.372 Y95.921 E2754.92307
G1 X195.995 Y95.843 E2754.94867
G1 X195.706 Y95.752 E2754.96883
G1 X195.438 Y95.635 E2754.98828
G1 X195.161 Y95.481 E2755.00936
G1 X194.949 Y95.338 E2755.02637
G1 X194.685 Y95.116 E2755.04932
G1 X194.5 Y94.929 E2755.06682
G1 X194.296 Y94.678 E2755.08833
G1 X194.148 Y94.457 E2755.10603
G1 X193.985 Y94.15 E2755.12915
G1 X193.865 Y93.85 E2755.15064
G1 X193.793 Y93.608 E2755.16744
G1 X193.74 Y93.346 E2755.18522
G1 X193.708 Y93.077 E2755.20324
G1 X193.7 Y92.803 E2755.22147
G1 X193.729 Y92.419 E2755.24709
G1 X193.798 Y92.072 E2755.27062
G1 X193.896 Y91.763 E2755.29219
G1 X194.027 Y91.463 E2755.31396
G1 X194.197 Y91.165 E2755.33679
G1 X194.383 Y90.907 E2755.35794
G1 X194.603 Y90.663 E2755.3798
G1 X194.794 Y90.487 E2755.39707
G1 X195.063 Y90.281 E2755.41961
G1 X195.303 Y90.136 E2755.43826
G1 X195.598 Y89.992 E2755.4601
G1 X195.999 Y89.855 E2755.48829
G1 X196.304 Y89.79 E2755.50903
G1 X196.588 Y89.758 E2755.52804
G1 X196.9 Y89.751 E2755.5488
G1 X197.227 Y89.779 E2755.57064
G1 X197.604 Y89.857 E2755.59625
G1 X197.893 Y89.948 E2755.6164
G1 X198.161 Y90.065 E2755.63585
G1 X198.438 Y90.219 E2755.65693
G1 X198.65 Y90.362 E2755.67395
G1 X198.914 Y90.584 E2755.69689
G1 X199.097 Y90.768 E2755.71415
G0 F9000 X198.8 Y91.308
;TYPE:SKIN
G1 F1475.4 X199.2 Y92.849 E2755.77602
G1 X198.8 Y94.386 E2755.83774
G1 X197.6 Y95.259 E2755.89541
G1 X196.4 Y95.358 E2755.9422
G1 X195.2 Y94.816 E2755.99337
G1 X194.8 Y94.392 E2756.01602
G1 X194.4 Y92.849 E2756.07796
G1 X194.8 Y91.307 E2756.13987
G1 X196 Y90.441 E2756.19737
G1 X197.2 Y90.339 E2756.24417
G1 X198.4 Y90.882 E2756.29536
G1 F1500 E2755.29536
G1 F300 Z4
G0 F9000 X105.03 Y92.072 Z4
;TYPE:WALL-OUTER
G1 F300 Z3.8
G1 F1500 E2756.32197
G1 F1686.2 X104.879 Y91.784 E2756.3436
G1 X104.713 Y91.56 E2756.36214
G1 X104.531 Y91.373 E2756.3795
G1 X104.312 Y91.202 E2756.39799
G1 X104.008 Y91.034 E2756.42109
G1 X103.749 Y90.939 E2756.43944
G1 X103.477 Y90.882 E2756.45793
G1 X103.185 Y90.863 E2756.47739
G1 X102.924 Y90.882 E2756.4948
G1 X102.651 Y90.939 E2756.51335
G1 X102.396 Y91.033 E2756.53143
G1 X102.162 Y91.154 E2756.54895
G1 X101.869 Y91.373 E2756.57329
G1 X101.636 Y91.625 E2756.59612
G1 X101.472 Y91.869 E2756.61567
G1 X101.359 Y92.103 E2756.63296
G1 X101.271 Y92.37 E2756.65166
G1 X101.22 Y92.677 E2756.67236
G1 X101.215 Y92.955 E2756.69086
G1 X101.253 Y93.248 E2756.71051
G1 X101.351 Y93.579 E2756.73347
G1 X101.469 Y93.828 E2756.7518
G1 X101.623 Y94.059 E2756.77027
G1 X101.808 Y94.269 E2756.78889
G1 X102.033 Y94.459 E2756.80848
G1 X102.297 Y94.62 E2756.82905
G1 X102.652 Y94.761 E2756.85446
G1 X102.924 Y94.818 E2756.87294
G1 X103.217 Y94.838 E2756.89248
G1 X103.527 Y94.811 E2756.91318
G1 X103.83 Y94.736 E2756.93394
G1 X104.089 Y94.629 E2756.95258
G1 X104.368 Y94.459 E2756.97432
G1 X104.654 Y94.207 E2756.99967
G1 X104.828 Y93.992 E2757.01807
G1 X104.972 Y93.753 E2757.03663
G1 X105.086 Y93.481 E2757.05625
G1 X105.161 Y93.179 E2757.07695
G1 X105.188 Y92.799 E2757.10229
G1 X105.138 Y92.406 E2757.12865
G1 X105.03 Y92.072 E2757.152
G0 F9000 X106.015 Y91.55
G1 F1686.2 X106.13 Y91.836 E2757.1725
G1 X106.207 Y92.092 E2757.19028
G1 X106.26 Y92.354 E2757.20806
G1 X106.292 Y92.623 E2757.22608
G1 X106.299 Y92.953 E2757.24804
G1 X106.266 Y93.313 E2757.27209
G1 X106.202 Y93.628 E2757.29347
G1 X106.104 Y93.937 E2757.31503
G1 X105.973 Y94.237 E2757.33681
G1 X105.806 Y94.531 E2757.3593
G1 X105.625 Y94.783 E2757.37994
G1 X105.397 Y95.037 E2757.40265
G1 X105.196 Y95.222 E2757.42082
G1 X104.982 Y95.387 E2757.43879
G1 X104.756 Y95.531 E2757.45662
G1 X104.506 Y95.662 E2757.47539
G1 X104.254 Y95.766 E2757.49353
G1 X103.94 Y95.86 E2757.51533
G1 X103.523 Y95.933 E2757.54349
G1 X103.1 Y95.949 E2757.57165
G1 X102.773 Y95.921 E2757.59348
G1 X102.396 Y95.843 E2757.61909
G1 X102.107 Y95.752 E2757.63925
G1 X101.839 Y95.635 E2757.6587
G1 X101.562 Y95.481 E2757.67978
G1 X101.35 Y95.338 E2757.69679
G1 X101.086 Y95.116 E2757.71974
G1 X100.901 Y94.929 E2757.73724
G1 X100.697 Y94.678 E2757.75875
G1 X100.549 Y94.457 E2757.77644
G1 X100.386 Y94.15 E2757.79957
G1 X100.266 Y93.85 E2757.82106
G1 X100.194 Y93.608 E2757.83785
G1 X100.141 Y93.346 E2757.85564
G1 X100.109 Y93.077 E2757.87366
G1 X100.101 Y92.803 E2757.89189
G1 X100.13 Y92.419 E2757.91751
G1 X100.199 Y92.072 E2757.94104
G1 X100.297 Y91.763 E2757.9626
G1 X100.428 Y91.463 E2757.98438
G1 X100.598 Y91.165 E2758.0072
G1 X100.784 Y90.907 E2758.02836
G1 X101.004 Y90.663 E2758.05021
G1 X101.195 Y90.487 E2758.06749
G1 X101.464 Y90.281 E2758.09003
G1 X101.704 Y90.136 E2758.10868
G1 X101.999 Y89.992 E2758.13052
G1 X102.4 Y89.855 E2758.15871
G1 X102.705 Y89.79 E2758.17945
G1 X102.989 Y89.758 E2758.19846
G1 X103.301 Y89.751 E2758.21922
G1 X103.628 Y89.779 E2758.24105
G1 X104.005 Y89.857 E2758.26666
G1 X104.294 Y89.948 E2758.28682
G1 X104.562 Y90.065 E2758.30627
G1 X104.839 Y90.219 E2758.32735
G1 X105.051 Y90.362 E2758.34436
G1 X105.315 Y90.584 E2758.36731
G1 X105.498 Y90.768 E2758.38457
G1 X105.704 Y91.022 E2758.40632
G1 X105.852 Y91.243 E2758.42402
G1 X106.015 Y91.55 E2758.44714
G0 F9000 X105.599 Y92.849
;TYPE:SKIN
G1 F1475.4 X105.199 Y94.388 E2758.5164
G1 X103.999 Y95.259 E2758.58098
G1 X102.799 Y95.358 E2758.63343
G1 X101.599 Y94.815 E2758.6908
G1 X101.199 Y94.391 E2758.71619
G1 X100.799 Y92.849 E2758.78557
G1 X101.199 Y91.308 E2758.85492
G1 X102.399 Y90.441 E2758.9194
G1 X103.599 Y90.339 E2758.97186
G1 X104.799 Y90.881 E2759.02921
G1 X105.199 Y91.307 E2759.05466
G1 F1500 E2758.05466
G1 F300 Z4
G0 F9000 X104.593 Y211.446 Z4
;TYPE:WALL-OUTER
G1 F300 Z3.8
G1 F1500 E2759.08127
G1 F1686.2 X104.368 Y211.256 E2759.10086
G1 X104.104 Y211.095 E2759.12143
G1 X103.749 Y210.954 E2759.14684
G1 X103.477 Y210.897 E2759.16532
G1 X103.183 Y210.877 E2759.18493
G1 X102.874 Y210.904 E2759.20556
G1 X102.571 Y210.979 E2759.22632
G1 X102.312 Y211.086 E2759.24496
G1 X102.005 Y211.277 E2759.26902
G1 X101.783 Y211.471 E2759.28863
G1 X101.573 Y211.723 E2759.31045
G1 X101.437 Y211.948 E2759.32794
G1 X101.316 Y212.232 E2759.34847
G1 X101.243 Y212.518 E2759.36811
G1 X101.213 Y212.917 E2759.39472
G1 X101.259 Y213.294 E2759.41999
G1 X101.344 Y213.576 E2759.43958
G1 X101.461 Y213.828 E2759.45806
G1 X101.624 Y214.075 E2759.47775
G1 X101.805 Y214.281 E2759.49599
G1 X102.004 Y214.453 E2759.51349
G1 X102.361 Y214.667 E2759.54117
G1 X102.652 Y214.776 E2759.56184
G1 X102.924 Y214.833 E2759.58033
G1 X103.215 Y214.852 E2759.59973
G1 X103.477 Y214.833 E2759.6172
G1 X103.75 Y214.776 E2759.63575
G1 X103.995 Y214.688 E2759.65307
G1 X104.271 Y214.541 E2759.67387
G1 X104.532 Y214.342 E2759.69571
G1 X104.765 Y214.09 E2759.71854
G1 X104.939 Y213.829 E2759.7394
G1 X105.081 Y213.512 E2759.76251
G1 X105.161 Y213.194 E2759.78432
G1 X105.188 Y212.813 E2759.80973
G1 X105.134 Y212.403 E2759.83724
G1 X105.05 Y212.135 E2759.85592
G1 X104.931 Y211.888 E2759.87416
G1 X104.778 Y211.656 E2759.89264
G1 X104.593 Y211.446 E2759.91126
G0 F9000 X105.051 Y210.377
G1 F1686.2 X105.315 Y210.599 E2759.93421
G1 X105.498 Y210.783 E2759.95147
G1 X105.704 Y211.037 E2759.97322
G1 X105.852 Y211.258 E2759.99092
G1 X106.015 Y211.565 E2760.01404
G1 X106.13 Y211.851 E2760.03454
G1 X106.207 Y212.107 E2760.05233
G1 X106.26 Y212.369 E2760.07011
G1 X106.292 Y212.638 E2760.08813
G1 X106.299 Y212.968 E2760.11008
G1 X106.266 Y213.328 E2760.13413
G1 X106.202 Y213.643 E2760.15551
G1 X106.104 Y213.952 E2760.17708
G1 X105.973 Y214.252 E2760.19885
G1 X105.806 Y214.546 E2760.22135
G1 X105.621 Y214.803 E2760.24241
G1 X105.397 Y215.052 E2760.26469
G1 X105.196 Y215.237 E2760.28286
G1 X104.982 Y215.402 E2760.30084
G1 X104.756 Y215.546 E2760.31866
G1 X104.506 Y215.677 E2760.33744
G1 X104.254 Y215.781 E2760.35557
G1 X103.94 Y215.875 E2760.37738
G1 X103.523 Y215.948 E2760.40554
G1 X103.1 Y215.964 E2760.43369
G1 X102.773 Y215.936 E2760.45553
G1 X102.396 Y215.858 E2760.48114
G1 X102.107 Y215.767 E2760.50129
G1 X101.839 Y215.65 E2760.52074
G1 X101.562 Y215.496 E2760.54182
G1 X101.35 Y215.353 E2760.55884
G1 X101.086 Y215.131 E2760.58178
G1 X100.901 Y214.944 E2760.59928
G1 X100.693 Y214.688 E2760.62122
G1 X100.549 Y214.472 E2760.63849
G1 X100.386 Y214.165 E2760.66161
G1 X100.266 Y213.865 E2760.6831
G1 X100.194 Y213.623 E2760.6999
G1 X100.141 Y213.361 E2760.71768
G1 X100.109 Y213.092 E2760.7357
G1 X100.101 Y212.818 E2760.75393
G1 X100.13 Y212.434 E2760.77955
G1 X100.199 Y212.087 E2760.80309
G1 X100.297 Y211.778 E2760.82465
G1 X100.428 Y211.478 E2760.84643
G1 X100.598 Y211.18 E2760.86925
G1 X100.784 Y210.922 E2760.8904
G1 X101.004 Y210.678 E2760.91226
G1 X101.195 Y210.502 E2760.92954
G1 X101.464 Y210.296 E2760.95207
G1 X101.704 Y210.151 E2760.97073
G1 X101.999 Y210.007 E2760.99256
G1 X102.4 Y209.87 E2761.02075
G1 X102.705 Y209.805 E2761.0415
G1 X102.989 Y209.773 E2761.06051
G1 X103.301 Y209.766 E2761.08127
G1 X103.628 Y209.794 E2761.1031
G1 X104.005 Y209.872 E2761.12871
G1 X104.294 Y209.963 E2761.14886
G1 X104.562 Y210.08 E2761.16831
G1 X104.839 Y210.234 E2761.1894
G1 X105.051 Y210.377 E2761.20641
G0 F9000 X104.799 Y210.897
;TYPE:SKIN
G1 F1475.4 X105.199 Y211.322 E2761.22882
G1 X105.599 Y212.865 E2761.29002
G1 X105.199 Y214.405 E2761.35112
G1 X103.999 Y215.275 E2761.40803
G1 X102.799 Y215.374 E2761.45426
G1 X101.599 Y214.831 E2761.50484
G1 X101.199 Y214.405 E2761.52727
G1 X100.799 Y212.865 E2761.58837
G1 X101.199 Y211.327 E2761.64939
G1 X102.399 Y210.456 E2761.70632
G1 X103.599 Y210.355 E2761.75256
G1 X104.399 Y210.628 E2761.78502
G1 F1500 E2760.78502
G1 F300 Z4
G0 F9000 X197.703 Y211.095 Z4
;TYPE:WALL-OUTER
G1 F300 Z3.8
G1 F1500 E2761.81163
G1 F1686.2 X197.348 Y210.954 E2761.83704
G1 X197.076 Y210.897 E2761.85552
G1 X196.782 Y210.877 E2761.87513
G1 X196.473 Y210.904 E2761.89576
G1 X196.17 Y210.979 E2761.91652
G1 X195.911 Y211.086 E2761.93516
G1 X195.604 Y211.277 E2761.95922
G1 X195.382 Y211.471 E2761.97883
G1 X195.172 Y211.723 E2762.00065
G1 X195.036 Y211.948 E2762.01814
G1 X194.915 Y212.232 E2762.03867
G1 X194.83 Y212.589 E2762.06308
G1 X194.812 Y212.917 E2762.08493
G1 X194.858 Y213.294 E2762.1102
G1 X194.943 Y213.576 E2762.12979
G1 X195.06 Y213.828 E2762.14827
G1 X195.223 Y214.075 E2762.16796
G1 X195.404 Y214.281 E2762.1862
G1 X195.603 Y214.453 E2762.2037
G1 X195.96 Y214.667 E2762.23138
G1 X196.251 Y214.776 E2762.25205
G1 X196.523 Y214.833 E2762.27054
G1 X196.814 Y214.852 E2762.28994
G1 X197.076 Y214.833 E2762.30741
G1 X197.349 Y214.776 E2762.32597
G1 X197.594 Y214.688 E2762.34328
G1 X197.87 Y214.541 E2762.36408
G1 X198.12 Y214.351 E2762.38497
G1 X198.364 Y214.09 E2762.40874
G1 X198.538 Y213.829 E2762.4296
G1 X198.679 Y213.514 E2762.45256
G1 X198.751 Y213.244 E2762.47115
G1 X198.785 Y212.969 E2762.48958
G1 X198.778 Y212.676 E2762.50908
G1 X198.733 Y212.404 E2762.52742
G1 X198.656 Y212.154 E2762.54482
G1 X198.539 Y211.902 E2762.5633
G1 X198.377 Y211.656 E2762.58289
G1 X198.192 Y211.446 E2762.60151
G1 X197.967 Y211.256 E2762.6211
G1 X197.703 Y211.095 E2762.64167
G0 F9000 X197.893 Y209.963
G1 F1686.2 X198.161 Y210.08 E2762.66112
G1 X198.438 Y210.234 E2762.6822
G1 X198.65 Y210.377 E2762.69922
G1 X198.914 Y210.599 E2762.72216
G1 X199.097 Y210.783 E2762.73942
G1 X199.303 Y211.037 E2762.76118
G1 X199.451 Y211.258 E2762.77887
G1 X199.614 Y211.565 E2762.80199
G1 X199.729 Y211.851 E2762.8225
G1 X199.806 Y212.107 E2762.84028
G1 X199.859 Y212.369 E2762.85806
G1 X199.891 Y212.638 E2762.87608
G1 X199.898 Y212.969 E2762.8981
G1 X199.865 Y213.328 E2762.92209
G1 X199.801 Y213.643 E2762.94347
G1 X199.703 Y213.952 E2762.96503
G1 X199.572 Y214.252 E2762.98681
G1 X199.405 Y214.546 E2763.0093
G1 X199.22 Y214.803 E2763.03036
G1 X198.996 Y215.052 E2763.05264
G1 X198.795 Y215.237 E2763.07082
G1 X198.581 Y215.402 E2763.08879
G1 X198.355 Y215.546 E2763.10662
G1 X198.105 Y215.677 E2763.12539
G1 X197.853 Y215.781 E2763.14353
G1 X197.539 Y215.875 E2763.16533
G1 X197.122 Y215.948 E2763.19349
G1 X196.699 Y215.964 E2763.22165
G1 X196.372 Y215.936 E2763.24348
G1 X195.995 Y215.858 E2763.26909
G1 X195.706 Y215.767 E2763.28924
G1 X195.438 Y215.65 E2763.3087
G1 X195.161 Y215.496 E2763.32978
G1 X194.949 Y215.353 E2763.34679
G1 X194.685 Y215.131 E2763.36973
G1 X194.5 Y214.944 E2763.38723
G1 X194.292 Y214.688 E2763.40917
G1 X194.148 Y214.472 E2763.42644
G1 X193.985 Y214.165 E2763.44956
G1 X193.865 Y213.865 E2763.47106
G1 X193.793 Y213.623 E2763.48785
G1 X193.74 Y213.361 E2763.50563
G1 X193.708 Y213.092 E2763.52365
G1 X193.7 Y212.818 E2763.54189
G1 X193.729 Y212.434 E2763.56751
G1 X193.798 Y212.087 E2763.59104
G1 X193.896 Y211.778 E2763.6126
G1 X194.027 Y211.478 E2763.63438
G1 X194.197 Y211.18 E2763.6572
G1 X194.383 Y210.922 E2763.67836
G1 X194.603 Y210.678 E2763.70021
G1 X194.794 Y210.502 E2763.71749
G1 X195.063 Y210.296 E2763.74003
G1 X195.303 Y210.151 E2763.75868
G1 X195.598 Y210.007 E2763.78052
G1 X195.999 Y209.87 E2763.80871
G1 X196.304 Y209.805 E2763.82945
G1 X196.588 Y209.773 E2763.84846
G1 X196.9 Y209.766 E2763.86922
G1 X197.227 Y209.794 E2763.89105
G1 X197.604 Y209.872 E2763.91666
G1 X197.893 Y209.963 E2763.93682
G0 F9000 X197.599 Y210.456
;TYPE:SKIN
G1 F1475.4 X197.199 Y210.354 E2763.95243
G1 X195.999 Y210.455 E2763.99799
G1 X195.199 Y210.897 E2764.03257
G1 X194.799 Y211.324 E2764.05471
G1 X194.399 Y212.864 E2764.1149
G1 X194.799 Y214.405 E2764.17514
G1 X195.999 Y215.273 E2764.23117
G1 X197.199 Y215.37 E2764.27672
G1 X198.399 Y214.829 E2764.32652
G1 X198.799 Y214.403 E2764.34862
G1 X199.199 Y212.864 E2764.40878
G1 X198.799 Y211.323 E2764.46902
G1 X198.399 Y210.897 E2764.49112
G0 F9000 X197.999 Y210.374
G1 F1475.4 X197.999 Y210.882 E2764.50802
G1 F1500 E2763.50802
G1 F300 Z4
;MESH:NONMESH
G0 F9000 X198.302 Y91.548 Z4
;TIME_ELAPSED:5927.188176
;LAYER:19
;TYPE:WALL-OUTER
;MESH:Top of Case.STL
G1 F300 Z4
G1 F1500 E2764.53463
G1 F1766.7 X198.091 Y91.339 E2764.55438
G1 X197.853 Y91.165 E2764.574
G1 X197.604 Y91.033 E2764.59274
G1 X197.331 Y90.935 E2764.61204
G1 X197.039 Y90.877 E2764.63184
G1 X196.87 Y90.863 E2764.64312
G1 X196.589 Y90.873 E2764.66183
G1 X196.187 Y90.959 E2764.68917
G1 X195.929 Y91.063 E2764.70768
G1 X195.648 Y91.23 E2764.72942
G1 X195.345 Y91.494 E2764.75615
G1 X195.152 Y91.737 E2764.77679
G1 X195.013 Y91.98 E2764.79542
G1 X194.903 Y92.252 E2764.81493
G1 X194.841 Y92.506 E2764.83233
G1 X194.812 Y92.832 E2764.8541
G1 X194.828 Y93.11 E2764.87262
G1 X194.892 Y93.411 E2764.89309
G1 X195.006 Y93.706 E2764.91413
G1 X195.132 Y93.932 E2764.93134
G1 X195.298 Y94.153 E2764.94973
G1 X195.508 Y94.361 E2764.96939
G1 X195.746 Y94.535 E2764.989
G1 X196.007 Y94.673 E2765.00864
G1 X196.268 Y94.765 E2765.02705
G1 X196.56 Y94.823 E2765.04685
G1 X196.886 Y94.836 E2765.06855
G1 X197.25 Y94.786 E2765.093
G1 X197.544 Y94.693 E2765.11351
G1 X197.909 Y94.499 E2765.141
G1 X198.13 Y94.327 E2765.15963
G1 X198.345 Y94.099 E2765.18048
G1 X198.538 Y93.814 E2765.20338
G1 X198.667 Y93.529 E2765.22419
G1 X198.751 Y93.228 E2765.24497
G1 X198.785 Y92.955 E2765.26327
G1 X198.776 Y92.644 E2765.28397
G1 X198.71 Y92.302 E2765.30714
G1 X198.615 Y92.041 E2765.32562
G1 X198.495 Y91.812 E2765.34281
G1 X198.302 Y91.548 E2765.36457
G0 F9000 X198.909 Y90.579
G1 F1766.7 X199.112 Y90.785 E2765.38381
G1 X199.294 Y91.01 E2765.40306
G1 X199.51 Y91.347 E2765.42968
G1 X199.634 Y91.594 E2765.44807
G1 X199.744 Y91.881 E2765.46851
G1 X199.822 Y92.161 E2765.48785
G1 X199.87 Y92.428 E2765.50589
G1 X199.899 Y92.843 E2765.53357
G1 X199.888 Y93.111 E2765.55141
G1 X199.845 Y93.432 E2765.57295
G1 X199.767 Y93.747 E2765.59454
G1 X199.659 Y94.049 E2765.61588
G1 X199.54 Y94.299 E2765.63429
G1 X199.402 Y94.534 E2765.65242
G1 X199.334 Y94.636 E2765.66058
G1 X199.17 Y94.848 E2765.67841
G1 X198.95 Y95.083 E2765.69982
G1 X198.711 Y95.29 E2765.72085
G1 X198.497 Y95.444 E2765.73839
G1 X198.208 Y95.611 E2765.76059
G1 X197.956 Y95.726 E2765.77902
G1 X197.716 Y95.812 E2765.79598
G1 X197.401 Y95.891 E2765.81758
G1 X197.071 Y95.939 E2765.83976
G1 X196.698 Y95.949 E2765.86458
G1 X196.378 Y95.921 E2765.88595
G1 X196.063 Y95.862 E2765.90727
G1 X195.74 Y95.764 E2765.92972
G1 X195.385 Y95.609 E2765.95549
G1 X195.128 Y95.462 E2765.97519
G1 X194.85 Y95.26 E2765.99804
G1 X194.652 Y95.086 E2766.01558
G1 X194.429 Y94.847 E2766.03732
G1 X194.262 Y94.631 E2766.05548
G1 X194.089 Y94.353 E2766.07727
G1 X193.965 Y94.106 E2766.09565
G1 X193.853 Y93.811 E2766.11664
G1 X193.777 Y93.539 E2766.13543
G1 X193.729 Y93.272 E2766.15347
G1 X193.704 Y93.015 E2766.17065
G1 X193.706 Y92.639 E2766.19566
G1 X193.743 Y92.328 E2766.2165
G1 X193.803 Y92.056 E2766.23502
G1 X193.884 Y91.796 E2766.25314
G1 X193.985 Y91.55 E2766.27083
G1 X194.139 Y91.257 E2766.29285
G1 X194.352 Y90.947 E2766.31787
G1 X194.649 Y90.617 E2766.3474
G1 X194.842 Y90.446 E2766.36455
G1 X195.103 Y90.255 E2766.38607
G1 X195.386 Y90.091 E2766.40782
G1 X195.643 Y89.974 E2766.42661
G1 X195.883 Y89.888 E2766.44357
G1 X196.198 Y89.809 E2766.46517
G1 X196.528 Y89.761 E2766.48735
G1 X196.901 Y89.751 E2766.51217
G1 X197.221 Y89.779 E2766.53354
G1 X197.536 Y89.838 E2766.55486
G1 X197.859 Y89.936 E2766.57731
G1 X198.214 Y90.091 E2766.60308
G1 X198.573 Y90.307 E2766.63095
G1 X198.909 Y90.579 E2766.65971
G0 F9000 X198.266 Y90.8
;TYPE:SKIN
G1 F1545.8 X196.799 Y90.4 E2766.71912
G1 X195.331 Y90.8 E2766.77857
G1 X194.589 Y91.6 E2766.8212
G1 X194.259 Y92.8 E2766.86982
G1 X194.537 Y94 E2766.91795
G1 X195.193 Y94.8 E2766.95837
G1 X196.796 Y95.2 E2767.02293
G1 X198.406 Y94.8 E2767.08774
G1 X199.226 Y93.6 E2767.14453
G1 X199.297 Y92.4 E2767.1915
G1 X198.723 Y91.2 E2767.24347
G1 F1500 E2766.24347
G1 F300 Z4.2
G0 F9000 X197.068 Y95.6 Z4.2
G1 F300 Z4
G1 F1500 E2767.27008
G1 F1545.8 X196.559 Y95.6 E2767.28701
G1 F1500 E2766.28701
G1 F300 Z4.2
G0 F9000 X104.963 Y91.931 Z4.2
;TYPE:WALL-OUTER
G1 F300 Z4
G1 F1500 E2767.31362
G1 F1766.7 X104.817 Y91.692 E2767.33225
G1 X104.606 Y91.444 E2767.35391
G1 X104.394 Y91.26 E2767.37258
G1 X104.132 Y91.094 E2767.39321
G1 X103.848 Y90.971 E2767.4138
G1 X103.44 Y90.877 E2767.44165
G1 X103.271 Y90.863 E2767.45293
G1 X102.99 Y90.873 E2767.47164
G1 X102.588 Y90.959 E2767.49898
G1 X102.33 Y91.063 E2767.51749
G1 X102.049 Y91.23 E2767.53923
G1 X101.746 Y91.494 E2767.56596
G1 X101.553 Y91.737 E2767.58661
G1 X101.414 Y91.98 E2767.60523
G1 X101.304 Y92.252 E2767.62475
G1 X101.242 Y92.506 E2767.64214
G1 X101.213 Y92.832 E2767.66391
G1 X101.229 Y93.11 E2767.68243
G1 X101.293 Y93.411 E2767.7029
G1 X101.407 Y93.706 E2767.72394
G1 X101.533 Y93.932 E2767.74115
G1 X101.699 Y94.153 E2767.75954
G1 X101.909 Y94.361 E2767.7792
G1 X102.147 Y94.535 E2767.79881
G1 X102.408 Y94.673 E2767.81845
G1 X102.669 Y94.765 E2767.83686
G1 X102.978 Y94.826 E2767.85781
G1 X103.287 Y94.836 E2767.87838
G1 X103.563 Y94.805 E2767.89685
G1 X103.814 Y94.741 E2767.91408
G1 X104.071 Y94.637 E2767.93253
G1 X104.353 Y94.469 E2767.95436
G1 X104.569 Y94.292 E2767.97294
G1 X104.747 Y94.098 E2767.99045
G1 X104.939 Y93.814 E2768.01326
G1 X105.067 Y93.532 E2768.03386
G1 X105.158 Y93.195 E2768.05708
G1 X105.188 Y92.797 E2768.08363
G1 X105.156 Y92.487 E2768.10436
G1 X105.074 Y92.185 E2768.12517
G1 X104.963 Y91.931 E2768.14361
G0 F9000 X105.911 Y91.347
G1 F1766.7 X106.035 Y91.594 E2768.162
G1 X106.145 Y91.881 E2768.18244
G1 X106.223 Y92.161 E2768.20178
G1 X106.271 Y92.428 E2768.21982
G1 X106.3 Y92.843 E2768.2475
G1 X106.289 Y93.111 E2768.26534
G1 X106.246 Y93.432 E2768.28688
G1 X106.168 Y93.747 E2768.30847
G1 X106.06 Y94.049 E2768.3298
G1 X105.941 Y94.299 E2768.34822
G1 X105.803 Y94.534 E2768.36635
G1 X105.735 Y94.636 E2768.37451
G1 X105.571 Y94.848 E2768.39233
G1 X105.351 Y95.083 E2768.41375
G1 X105.112 Y95.29 E2768.43478
G1 X104.898 Y95.444 E2768.45232
G1 X104.609 Y95.611 E2768.47452
G1 X104.357 Y95.726 E2768.49295
G1 X104.117 Y95.812 E2768.50991
G1 X103.802 Y95.891 E2768.53151
G1 X103.472 Y95.939 E2768.55369
G1 X103.099 Y95.949 E2768.57851
G1 X102.779 Y95.921 E2768.59988
G1 X102.464 Y95.862 E2768.6212
G1 X102.141 Y95.764 E2768.64365
G1 X101.786 Y95.609 E2768.66942
G1 X101.529 Y95.462 E2768.68912
G1 X101.251 Y95.26 E2768.71197
G1 X101.053 Y95.086 E2768.72951
G1 X100.83 Y94.847 E2768.75125
G1 X100.663 Y94.631 E2768.76941
G1 X100.49 Y94.353 E2768.7912
G1 X100.366 Y94.106 E2768.80958
G1 X100.254 Y93.811 E2768.83057
G1 X100.178 Y93.539 E2768.84936
G1 X100.13 Y93.272 E2768.8674
G1 X100.105 Y93.015 E2768.88458
G1 X100.107 Y92.639 E2768.90959
G1 X100.144 Y92.328 E2768.93042
G1 X100.204 Y92.056 E2768.94895
G1 X100.285 Y91.796 E2768.96707
G1 X100.386 Y91.55 E2768.98476
G1 X100.54 Y91.257 E2769.00678
G1 X100.753 Y90.947 E2769.0318
G1 X101.05 Y90.617 E2769.06133
G1 X101.243 Y90.446 E2769.07848
G1 X101.504 Y90.255 E2769.1
G1 X101.787 Y90.091 E2769.12175
G1 X102.044 Y89.974 E2769.14054
G1 X102.284 Y89.888 E2769.1575
G1 X102.599 Y89.809 E2769.1791
G1 X102.929 Y89.761 E2769.20128
G1 X103.302 Y89.751 E2769.2261
G1 X103.622 Y89.779 E2769.24747
G1 X103.937 Y89.838 E2769.26879
G1 X104.26 Y89.936 E2769.29124
G1 X104.615 Y90.091 E2769.31701
G1 X104.974 Y90.307 E2769.34488
G1 X105.31 Y90.579 E2769.37364
G1 X105.513 Y90.785 E2769.39288
G1 X105.695 Y91.01 E2769.41213
G1 X105.911 Y91.347 E2769.43875
G0 F9000 X105.408 Y91.6
;TYPE:SKIN
G1 F1545.8 X105.594 Y92 E2769.45542
G1 X105.716 Y93.2 E2769.50098
G1 X105.207 Y94.4 E2769.55022
G1 X104.804 Y94.8 E2769.57167
G1 X103.197 Y95.2 E2769.63423
G1 X101.592 Y94.8 E2769.69671
G1 X100.775 Y93.6 E2769.75155
G1 X100.697 Y92.4 E2769.79698
G1 X101.279 Y91.2 E2769.84736
G1 X101.733 Y90.8 E2769.87022
G1 X103.2 Y90.4 E2769.92766
G1 X104.671 Y90.8 E2769.98524
G1 X105.127 Y91.2 E2770.00816
G1 F1500 E2769.00816
G1 F300 Z4.2
G0 F9000 X103.476 Y95.6 Z4.2
G1 F300 Z4
G1 F1500 E2770.03477
G1 F1545.8 X102.949 Y95.6 E2770.05229
G1 F1500 E2769.05229
G1 F300 Z4.2
G0 F9000 X104.481 Y211.345 Z4.2
;TYPE:WALL-OUTER
G1 F300 Z4
G1 F1500 E2770.0789
G1 F1766.7 X104.256 Y211.181 E2770.09742
G1 X103.993 Y211.042 E2770.11721
G1 X103.732 Y210.95 E2770.13562
G1 X103.44 Y210.892 E2770.15542
G1 X103.271 Y210.878 E2770.1667
G1 X102.99 Y210.888 E2770.18541
G1 X102.588 Y210.974 E2770.21275
G1 X102.33 Y211.078 E2770.23126
G1 X102.059 Y211.238 E2770.25219
G1 X101.846 Y211.41 E2770.2704
G1 X101.667 Y211.601 E2770.28782
G1 X101.497 Y211.841 E2770.30738
G1 X101.377 Y212.073 E2770.32476
G1 X101.275 Y212.37 E2770.34565
G1 X101.224 Y212.655 E2770.36491
G1 X101.213 Y212.916 E2770.38228
G1 X101.259 Y213.295 E2770.40768
G1 X101.345 Y213.579 E2770.42742
G1 X101.471 Y213.846 E2770.44706
G1 X101.655 Y214.115 E2770.46874
G1 X101.878 Y214.35 E2770.49029
G1 X102.089 Y214.512 E2770.50798
G1 X102.344 Y214.658 E2770.52753
G1 X102.588 Y214.756 E2770.54502
G1 X102.922 Y214.833 E2770.56782
G1 X103.287 Y214.851 E2770.59213
G1 X103.651 Y214.801 E2770.61657
G1 X103.945 Y214.708 E2770.63708
G1 X104.212 Y214.577 E2770.65687
G1 X104.507 Y214.364 E2770.68107
G1 X104.715 Y214.154 E2770.70073
G1 X104.904 Y213.889 E2770.72238
G1 X105.03 Y213.642 E2770.74083
G1 X105.126 Y213.362 E2770.76052
G1 X105.177 Y213.075 E2770.77991
G1 X105.188 Y212.814 E2770.79729
G1 X105.13 Y212.385 E2770.82608
G1 X105.017 Y212.056 E2770.84922
G1 X104.868 Y211.783 E2770.86991
G1 X104.702 Y211.562 E2770.8883
G1 X104.481 Y211.345 E2770.9089
G0 F9000 X104.974 Y210.322
G1 F1766.7 X105.31 Y210.594 E2770.93766
G1 X105.513 Y210.8 E2770.9569
G1 X105.695 Y211.025 E2770.97615
G1 X105.911 Y211.362 E2771.00277
G1 X106.031 Y211.601 E2771.02056
G1 X106.145 Y211.896 E2771.0416
G1 X106.223 Y212.176 E2771.06094
G1 X106.271 Y212.443 E2771.07898
G1 X106.3 Y212.858 E2771.10665
G1 X106.289 Y213.126 E2771.1245
G1 X106.246 Y213.445 E2771.14591
G1 X106.168 Y213.762 E2771.16762
G1 X106.06 Y214.064 E2771.18896
G1 X105.941 Y214.314 E2771.20738
G1 X105.803 Y214.549 E2771.22551
G1 X105.735 Y214.651 E2771.23366
G1 X105.571 Y214.863 E2771.25149
G1 X105.351 Y215.098 E2771.2729
G1 X105.112 Y215.305 E2771.29394
G1 X104.898 Y215.459 E2771.31147
G1 X104.609 Y215.626 E2771.33368
G1 X104.357 Y215.741 E2771.3521
G1 X104.117 Y215.827 E2771.36906
G1 X103.802 Y215.906 E2771.39067
G1 X103.472 Y215.954 E2771.41285
G1 X103.099 Y215.964 E2771.43767
G1 X102.779 Y215.936 E2771.45904
G1 X102.464 Y215.877 E2771.48036
G1 X102.141 Y215.779 E2771.50281
G1 X101.786 Y215.624 E2771.52858
G1 X101.529 Y215.477 E2771.54827
G1 X101.251 Y215.275 E2771.57113
G1 X101.053 Y215.101 E2771.58866
G1 X100.83 Y214.862 E2771.61041
G1 X100.663 Y214.646 E2771.62857
G1 X100.487 Y214.364 E2771.65068
G1 X100.366 Y214.121 E2771.66874
G1 X100.254 Y213.826 E2771.68973
G1 X100.178 Y213.554 E2771.70852
G1 X100.13 Y213.287 E2771.72656
G1 X100.105 Y213.03 E2771.74374
G1 X100.107 Y212.654 E2771.76875
G1 X100.144 Y212.343 E2771.78958
G1 X100.204 Y212.071 E2771.80811
G1 X100.285 Y211.811 E2771.82623
G1 X100.386 Y211.565 E2771.84392
G1 X100.54 Y211.272 E2771.86594
G1 X100.753 Y210.962 E2771.89096
G1 X101.05 Y210.632 E2771.92049
G1 X101.243 Y210.461 E2771.93764
G1 X101.504 Y210.27 E2771.95916
G1 X101.787 Y210.106 E2771.98091
G1 X102.044 Y209.989 E2771.9997
G1 X102.284 Y209.903 E2772.01666
G1 X102.599 Y209.824 E2772.03826
G1 X102.929 Y209.776 E2772.06044
G1 X103.302 Y209.766 E2772.08526
G1 X103.622 Y209.794 E2772.10663
G1 X103.937 Y209.853 E2772.12795
G1 X104.26 Y209.951 E2772.1504
G1 X104.615 Y210.106 E2772.17617
G1 X104.974 Y210.322 E2772.20404
G0 F9000 X104.641 Y210.8
;TYPE:SKIN
G1 F1545.8 X103.2 Y210.4 E2772.26251
G1 X101.754 Y210.8 E2772.32117
G1 X101 Y211.6 E2772.36415
G1 X100.661 Y212.8 E2772.4129
G1 X100.925 Y214 E2772.46094
G1 X101.572 Y214.8 E2772.50116
G1 X103.196 Y215.2 E2772.56655
G1 X104.822 Y214.8 E2772.63202
G1 X105.629 Y213.6 E2772.68856
G1 X105.696 Y212.4 E2772.73555
G1 X105.107 Y211.2 E2772.78781
G1 F1500 E2771.78781
G1 F300 Z4.2
G0 F9000 X103.577 Y215.6 Z4.2
G1 F300 Z4
G1 F1500 E2772.81442
G1 F1545.8 X102.806 Y215.6 E2772.84006
G1 F1500 E2771.84006
G1 F300 Z4.2
G0 F9000 X197.732 Y211.109 Z4.2
;TYPE:WALL-OUTER
G1 F300 Z4
G1 F1500 E2772.86667
G1 F1766.7 X197.461 Y210.991 E2772.88633
G1 X197.211 Y210.92 E2772.90362
G1 X196.87 Y210.878 E2772.92648
G1 X196.587 Y210.888 E2772.94531
G1 X196.317 Y210.937 E2772.96357
G1 X196.055 Y211.022 E2772.98189
G1 X195.79 Y211.152 E2773.00153
G1 X195.563 Y211.309 E2773.01989
G1 X195.345 Y211.509 E2773.03956
G1 X195.172 Y211.723 E2773.05787
G1 X195.038 Y211.946 E2773.07518
G1 X194.92 Y212.217 E2773.09484
G1 X194.842 Y212.52 E2773.11565
G1 X194.812 Y212.916 E2773.14207
G1 X194.858 Y213.295 E2773.16746
G1 X194.944 Y213.579 E2773.1872
G1 X195.07 Y213.846 E2773.20684
G1 X195.254 Y214.115 E2773.22852
G1 X195.477 Y214.35 E2773.25007
G1 X195.675 Y214.503 E2773.26672
G1 X195.927 Y214.651 E2773.28616
G1 X196.187 Y214.756 E2773.30481
G1 X196.521 Y214.833 E2773.32761
G1 X196.886 Y214.851 E2773.35192
G1 X197.25 Y214.801 E2773.37636
G1 X197.544 Y214.708 E2773.39687
G1 X197.811 Y214.577 E2773.41666
G1 X198.106 Y214.364 E2773.44086
G1 X198.314 Y214.154 E2773.46052
G1 X198.503 Y213.889 E2773.48217
G1 X198.629 Y213.642 E2773.50062
G1 X198.725 Y213.362 E2773.52031
G1 X198.776 Y213.075 E2773.5397
G1 X198.787 Y212.814 E2773.55708
G1 X198.729 Y212.388 E2773.58568
G1 X198.594 Y212.009 E2773.61244
G1 X198.438 Y211.738 E2773.63324
G1 X198.191 Y211.446 E2773.65868
G1 X197.993 Y211.275 E2773.67608
G1 X197.732 Y211.109 E2773.69666
G0 F9000 X198.214 Y210.106
G1 F1766.7 X198.573 Y210.322 E2773.72453
G1 X198.909 Y210.594 E2773.75329
G1 X199.112 Y210.8 E2773.77252
G1 X199.294 Y211.025 E2773.79177
G1 X199.51 Y211.362 E2773.8184
G1 X199.63 Y211.601 E2773.83619
G1 X199.744 Y211.896 E2773.85723
G1 X199.822 Y212.176 E2773.87656
G1 X199.87 Y212.443 E2773.89461
G1 X199.899 Y212.858 E2773.92228
G1 X199.888 Y213.126 E2773.94013
G1 X199.845 Y213.445 E2773.96154
G1 X199.767 Y213.762 E2773.98325
G1 X199.659 Y214.064 E2774.00459
G1 X199.54 Y214.314 E2774.02301
G1 X199.402 Y214.549 E2774.04113
G1 X199.334 Y214.651 E2774.04929
G1 X199.17 Y214.863 E2774.06712
G1 X198.95 Y215.098 E2774.08853
G1 X198.711 Y215.305 E2774.10956
G1 X198.497 Y215.459 E2774.1271
G1 X198.208 Y215.626 E2774.14931
G1 X197.956 Y215.741 E2774.16773
G1 X197.716 Y215.827 E2774.18469
G1 X197.401 Y215.906 E2774.20629
G1 X197.071 Y215.954 E2774.22848
G1 X196.698 Y215.964 E2774.2533
G1 X196.378 Y215.936 E2774.27467
G1 X196.063 Y215.877 E2774.29598
G1 X195.74 Y215.779 E2774.31844
G1 X195.385 Y215.624 E2774.3442
G1 X195.128 Y215.477 E2774.3639
G1 X194.85 Y215.275 E2774.38676
G1 X194.652 Y215.101 E2774.40429
G1 X194.429 Y214.862 E2774.42604
G1 X194.262 Y214.646 E2774.4442
G1 X194.086 Y214.364 E2774.46631
G1 X193.965 Y214.121 E2774.48437
G1 X193.853 Y213.826 E2774.50536
G1 X193.777 Y213.554 E2774.52414
G1 X193.729 Y213.287 E2774.54219
G1 X193.704 Y213.03 E2774.55937
G1 X193.706 Y212.654 E2774.58438
G1 X193.743 Y212.343 E2774.60521
G1 X193.803 Y212.071 E2774.62374
G1 X193.884 Y211.811 E2774.64186
G1 X193.985 Y211.565 E2774.65955
G1 X194.139 Y211.272 E2774.68156
G1 X194.352 Y210.962 E2774.70658
G1 X194.649 Y210.632 E2774.73612
G1 X194.842 Y210.461 E2774.75327
G1 X195.103 Y210.27 E2774.77478
G1 X195.386 Y210.106 E2774.79654
G1 X195.643 Y209.989 E2774.81533
G1 X195.883 Y209.903 E2774.83228
G1 X196.198 Y209.824 E2774.85389
G1 X196.528 Y209.776 E2774.87607
G1 X196.901 Y209.766 E2774.90089
G1 X197.221 Y209.794 E2774.92226
G1 X197.536 Y209.853 E2774.94358
G1 X197.859 Y209.951 E2774.96603
G1 X198.214 Y210.106 E2774.9918
G0 F9000 X196.8 Y210.4
;TYPE:SKIN
G1 F1545.8 X195.356 Y210.8 E2775.05652
G1 X194.599 Y211.6 E2775.10409
G1 X194.262 Y212.8 E2775.15793
G1 X194.525 Y214 E2775.21099
G1 X195.173 Y214.8 E2775.25546
G1 X196.796 Y215.2 E2775.32767
G1 X198.422 Y214.8 E2775.39999
G1 X199.229 Y213.6 E2775.46246
G1 X199.295 Y212.4 E2775.51437
G1 X198.711 Y211.2 E2775.57202
G1 X198.246 Y210.8 E2775.59851
G1 F1500 E2774.59851
G1 F300 Z4.2
G0 F9000 X197.177 Y215.6 Z4.2
G1 F300 Z4
G1 F1500 E2775.62512
G1 F1545.8 X196.406 Y215.6 E2775.65076
G1 F1500 E2774.65076
G1 F300 Z4.2
;MESH:NONMESH
G0 F9000 X198.311 Y91.559 Z4.2
;TIME_ELAPSED:5941.027864
;LAYER:20
;TYPE:WALL-OUTER
;MESH:Top of Case.STL
G1 F300 Z4.2
G1 F1500 E2775.67737
G1 F1685.2 X198.13 Y91.373 E2775.69463
G1 X197.912 Y91.203 E2775.71302
G1 X197.577 Y91.021 E2775.73838
G1 X197.328 Y90.934 E2775.75593
G1 X197.075 Y90.882 E2775.77311
G1 X196.849 Y90.863 E2775.7882
G1 X196.556 Y90.877 E2775.80771
G1 X196.247 Y90.941 E2775.8287
G1 X195.96 Y91.048 E2775.84908
G1 X195.728 Y91.176 E2775.8667
G1 X195.469 Y91.373 E2775.88835
G1 X195.244 Y91.614 E2775.91028
G1 X195.085 Y91.844 E2775.92888
G1 X194.943 Y92.137 E2775.95054
G1 X194.863 Y92.402 E2775.96895
G1 X194.814 Y92.746 E2775.99207
G1 X194.821 Y93.044 E2776.01189
G1 X194.871 Y93.33 E2776.03121
G1 X194.989 Y93.672 E2776.05527
G1 X195.162 Y93.978 E2776.07866
G1 X195.36 Y94.22 E2776.09946
G1 X195.576 Y94.417 E2776.1189
G1 X195.898 Y94.621 E2776.14426
G1 X196.152 Y94.729 E2776.16262
G1 X196.405 Y94.798 E2776.18006
G1 X196.75 Y94.837 E2776.20316
G1 X197.043 Y94.823 E2776.22267
G1 X197.352 Y94.759 E2776.24366
G1 X197.626 Y94.657 E2776.26311
G1 X197.87 Y94.525 E2776.28157
G1 X198.13 Y94.327 E2776.30331
G1 X198.345 Y94.099 E2776.32415
G1 X198.523 Y93.84 E2776.34506
G1 X198.68 Y93.496 E2776.37021
G1 X198.757 Y93.195 E2776.39088
G1 X198.786 Y92.921 E2776.40921
G1 X198.776 Y92.639 E2776.42798
G1 X198.728 Y92.37 E2776.44615
G1 X198.613 Y92.037 E2776.46959
G1 X198.477 Y91.783 E2776.48875
G1 X198.311 Y91.559 E2776.5073
G0 F9000 X198.945 Y90.612
G1 F1685.2 X199.17 Y90.852 E2776.52918
G1 X199.331 Y91.06 E2776.54668
G1 X199.534 Y91.39 E2776.57245
G1 X199.674 Y91.689 E2776.59441
G1 X199.78 Y91.995 E2776.61596
G1 X199.85 Y92.301 E2776.63684
G1 X199.891 Y92.623 E2776.65843
G1 X199.898 Y92.931 E2776.67892
G1 X199.88 Y93.199 E2776.69679
G1 X199.823 Y93.535 E2776.71946
G1 X199.74 Y93.832 E2776.73997
G1 X199.614 Y94.15 E2776.76273
G1 X199.469 Y94.427 E2776.78353
G1 X199.303 Y94.677 E2776.80349
G1 X199.098 Y94.931 E2776.8252
G1 X198.914 Y95.116 E2776.84256
G1 X198.707 Y95.293 E2776.86068
G1 X198.394 Y95.508 E2776.88593
G1 X198.128 Y95.651 E2776.90602
G1 X197.827 Y95.774 E2776.92765
G1 X197.432 Y95.885 E2776.95495
G1 X197.12 Y95.933 E2776.97595
G1 X196.764 Y95.95 E2776.99965
G1 X196.497 Y95.936 E2777.01744
G1 X196.175 Y95.887 E2777.03911
G1 X195.831 Y95.795 E2777.06279
G1 X195.548 Y95.686 E2777.08297
G1 X195.259 Y95.54 E2777.1045
G1 X194.955 Y95.342 E2777.12864
G1 X194.744 Y95.171 E2777.1467
G1 X194.532 Y94.963 E2777.16646
G1 X194.352 Y94.753 E2777.18486
G1 X194.139 Y94.441 E2777.20999
G1 X193.985 Y94.15 E2777.23189
G1 X193.865 Y93.85 E2777.25338
G1 X193.777 Y93.54 E2777.27482
G1 X193.722 Y93.218 E2777.29655
G1 X193.7 Y92.894 E2777.31815
G1 X193.706 Y92.642 E2777.33492
G1 X193.742 Y92.339 E2777.35522
G1 X193.817 Y92.003 E2777.37812
G1 X193.919 Y91.705 E2777.39907
G1 X194.049 Y91.419 E2777.41997
G1 X194.214 Y91.14 E2777.44153
G1 X194.371 Y90.922 E2777.4594
G1 X194.603 Y90.663 E2777.48253
G1 X194.815 Y90.469 E2777.50164
G1 X195.063 Y90.281 E2777.52235
G1 X195.346 Y90.112 E2777.54427
G1 X195.628 Y89.98 E2777.56498
G1 X195.902 Y89.883 E2777.58432
G1 X196.166 Y89.815 E2777.60245
G1 X196.479 Y89.767 E2777.62352
G1 X196.835 Y89.75 E2777.64723
G1 X197.102 Y89.764 E2777.66501
G1 X197.424 Y89.813 E2777.68668
G1 X197.768 Y89.905 E2777.71037
G1 X198.051 Y90.014 E2777.73054
G1 X198.357 Y90.17 E2777.75339
G1 X198.671 Y90.379 E2777.77848
G1 X198.945 Y90.612 E2777.8024
G0 F9000 X198.8 Y91.311
;TYPE:SKIN
G1 F1474.5 X199.2 Y92.852 E2777.86433
G1 X198.8 Y94.391 E2777.92618
G1 X197.6 Y95.256 E2777.98372
G1 X196.4 Y95.357 E2778.03056
G1 X195.2 Y94.813 E2778.0818
G1 X194.8 Y94.386 E2778.10456
G1 X194.4 Y92.848 E2778.16637
G1 X194.8 Y91.305 E2778.22838
G1 X196 Y90.438 E2778.28596
G1 X197.2 Y90.34 E2778.33279
G1 X198.4 Y90.884 E2778.38404
G1 F1500 E2777.38404
G1 F300 Z4.4
G0 F9000 X105.014 Y92.037 Z4.4
;TYPE:WALL-OUTER
G1 F300 Z4.2
G1 F1500 E2778.41064
G1 F1685.2 X104.888 Y91.8 E2778.4285
G1 X104.725 Y91.574 E2778.44704
G1 X104.531 Y91.373 E2778.46562
G1 X104.313 Y91.203 E2778.48401
G1 X103.978 Y91.021 E2778.50937
G1 X103.729 Y90.934 E2778.52691
G1 X103.476 Y90.882 E2778.54409
G1 X103.25 Y90.863 E2778.55918
G1 X102.957 Y90.877 E2778.57869
G1 X102.648 Y90.941 E2778.59969
G1 X102.361 Y91.048 E2778.62006
G1 X102.129 Y91.176 E2778.63769
G1 X101.87 Y91.373 E2778.65933
G1 X101.645 Y91.614 E2778.68126
G1 X101.486 Y91.844 E2778.69986
G1 X101.344 Y92.137 E2778.72152
G1 X101.264 Y92.402 E2778.73994
G1 X101.22 Y92.677 E2778.75846
G1 X101.215 Y92.955 E2778.77696
G1 X101.26 Y93.28 E2778.79878
G1 X101.343 Y93.56 E2778.81821
G1 X101.469 Y93.827 E2778.83785
G1 X101.667 Y94.115 E2778.8611
G1 X101.87 Y94.327 E2778.88062
G1 X102.088 Y94.497 E2778.89901
G1 X102.423 Y94.679 E2778.92437
G1 X102.672 Y94.766 E2778.94192
G1 X102.925 Y94.818 E2778.9591
G1 X103.29 Y94.836 E2778.98341
G1 X103.544 Y94.807 E2779.00041
G1 X103.813 Y94.741 E2779.01884
G1 X104.071 Y94.637 E2779.03734
G1 X104.312 Y94.498 E2779.05585
G1 X104.533 Y94.326 E2779.07448
G1 X104.746 Y94.099 E2779.09519
G1 X104.924 Y93.84 E2779.11609
G1 X105.081 Y93.496 E2779.14124
G1 X105.158 Y93.195 E2779.16191
G1 X105.187 Y92.921 E2779.18024
G1 X105.177 Y92.639 E2779.19901
G1 X105.129 Y92.37 E2779.21719
G1 X105.014 Y92.037 E2779.24062
G0 F9000 X105.935 Y91.39
G1 F1685.2 X106.075 Y91.689 E2779.26258
G1 X106.181 Y91.995 E2779.28413
G1 X106.251 Y92.301 E2779.30501
G1 X106.292 Y92.623 E2779.3266
G1 X106.299 Y92.931 E2779.34709
G1 X106.281 Y93.199 E2779.36496
G1 X106.224 Y93.535 E2779.38763
G1 X106.141 Y93.832 E2779.40814
G1 X106.015 Y94.15 E2779.4309
G1 X105.867 Y94.433 E2779.45214
G1 X105.704 Y94.677 E2779.47166
G1 X105.499 Y94.931 E2779.49337
G1 X105.315 Y95.116 E2779.51073
G1 X105.108 Y95.293 E2779.52885
G1 X104.795 Y95.508 E2779.55411
G1 X104.529 Y95.651 E2779.5742
G1 X104.228 Y95.774 E2779.59583
G1 X103.833 Y95.885 E2779.62312
G1 X103.521 Y95.933 E2779.64412
G1 X103.165 Y95.95 E2779.66783
G1 X102.898 Y95.936 E2779.68561
G1 X102.576 Y95.887 E2779.70728
G1 X102.232 Y95.795 E2779.73097
G1 X101.949 Y95.686 E2779.75114
G1 X101.66 Y95.54 E2779.77268
G1 X101.356 Y95.342 E2779.79681
G1 X101.145 Y95.171 E2779.81488
G1 X100.933 Y94.963 E2779.83463
G1 X100.753 Y94.753 E2779.85303
G1 X100.54 Y94.441 E2779.87816
G1 X100.386 Y94.15 E2779.90006
G1 X100.266 Y93.85 E2779.92156
G1 X100.178 Y93.54 E2779.94299
G1 X100.123 Y93.218 E2779.96472
G1 X100.101 Y92.894 E2779.98632
G1 X100.107 Y92.642 E2780.00309
G1 X100.143 Y92.339 E2780.02339
G1 X100.218 Y92.003 E2780.04629
G1 X100.32 Y91.705 E2780.06724
G1 X100.45 Y91.419 E2780.08814
G1 X100.615 Y91.14 E2780.1097
G1 X100.772 Y90.922 E2780.12757
G1 X101.004 Y90.663 E2780.1507
G1 X101.216 Y90.469 E2780.16982
G1 X101.464 Y90.281 E2780.19052
G1 X101.747 Y90.112 E2780.21245
G1 X102.029 Y89.98 E2780.23316
G1 X102.303 Y89.883 E2780.25249
G1 X102.567 Y89.815 E2780.27063
G1 X102.88 Y89.767 E2780.29169
G1 X103.236 Y89.75 E2780.3154
G1 X103.503 Y89.764 E2780.33318
G1 X103.825 Y89.813 E2780.35485
G1 X104.169 Y89.905 E2780.37854
G1 X104.452 Y90.014 E2780.39871
G1 X104.758 Y90.17 E2780.42156
G1 X105.072 Y90.379 E2780.44665
G1 X105.346 Y90.612 E2780.47058
G1 X105.571 Y90.852 E2780.49246
G1 X105.732 Y91.06 E2780.50996
G1 X105.935 Y91.39 E2780.53573
G0 F9000 X105.599 Y92.852
;TYPE:SKIN
G1 F1474.5 X105.199 Y94.392 E2780.605
G1 X103.999 Y95.257 E2780.66939
G1 X102.799 Y95.357 E2780.72182
G1 X101.599 Y94.814 E2780.77916
G1 X101.199 Y94.39 E2780.80453
G1 X100.799 Y92.848 E2780.87388
G1 X101.199 Y91.307 E2780.94319
G1 X102.399 Y90.439 E2781.00767
G1 X103.599 Y90.34 E2781.06008
G1 X104.799 Y90.884 E2781.11744
G1 X105.199 Y91.309 E2781.14285
G1 F1500 E2780.14285
G1 F300 Z4.4
G0 F9000 X104.592 Y211.445 Z4.4
;TYPE:WALL-OUTER
G1 F300 Z4.2
G1 F1500 E2781.16946
G1 F1685.2 X104.38 Y211.264 E2781.188
G1 X104.115 Y211.1 E2781.20873
G1 X103.848 Y210.986 E2781.22804
G1 X103.595 Y210.917 E2781.24549
G1 X103.25 Y210.878 E2781.26858
G1 X102.957 Y210.892 E2781.2881
G1 X102.648 Y210.956 E2781.30909
G1 X102.36 Y211.064 E2781.32955
G1 X102.129 Y211.191 E2781.34708
G1 X101.886 Y211.374 E2781.36732
G1 X101.686 Y211.577 E2781.38628
G1 X101.487 Y211.858 E2781.40918
G1 X101.371 Y212.089 E2781.42637
G1 X101.275 Y212.369 E2781.44606
G1 X101.224 Y212.658 E2781.46559
G1 X101.213 Y212.919 E2781.48296
G1 X101.243 Y213.21 E2781.50242
G1 X101.345 Y213.578 E2781.52783
G1 X101.462 Y213.83 E2781.54631
G1 X101.645 Y214.102 E2781.56811
G1 X101.859 Y214.332 E2781.58901
G1 X102.089 Y214.512 E2781.60844
G1 X102.346 Y214.66 E2781.62817
G1 X102.588 Y214.756 E2781.64549
G1 X102.891 Y214.829 E2781.66622
G1 X103.151 Y214.852 E2781.68358
G1 X103.444 Y214.838 E2781.70309
G1 X103.753 Y214.774 E2781.72409
G1 X104.041 Y214.666 E2781.74455
G1 X104.272 Y214.539 E2781.76208
G1 X104.508 Y214.362 E2781.78171
G1 X104.724 Y214.141 E2781.80226
G1 X104.914 Y213.873 E2781.82411
G1 X105.03 Y213.641 E2781.84137
G1 X105.129 Y213.347 E2781.86201
G1 X105.177 Y213.072 E2781.88057
G1 X105.187 Y212.777 E2781.90021
G1 X105.141 Y212.433 E2781.9233
G1 X105.056 Y212.152 E2781.94282
G1 X104.939 Y211.9 E2781.96131
G1 X104.768 Y211.644 E2781.98179
G1 X104.592 Y211.445 E2781.99946
G0 F9000 X105.072 Y210.394
G1 F1685.2 X105.346 Y210.627 E2782.02338
G1 X105.571 Y210.867 E2782.04527
G1 X105.732 Y211.075 E2782.06276
G1 X105.935 Y211.405 E2782.08854
G1 X106.075 Y211.704 E2782.1105
G1 X106.181 Y212.011 E2782.1321
G1 X106.251 Y212.316 E2782.15292
G1 X106.292 Y212.638 E2782.17451
G1 X106.299 Y212.946 E2782.195
G1 X106.281 Y213.214 E2782.21287
G1 X106.224 Y213.55 E2782.23554
G1 X106.141 Y213.847 E2782.25606
G1 X106.015 Y214.165 E2782.27881
G1 X105.867 Y214.448 E2782.30005
G1 X105.704 Y214.692 E2782.31957
G1 X105.499 Y214.946 E2782.34129
G1 X105.315 Y215.131 E2782.35864
G1 X105.108 Y215.308 E2782.37676
G1 X104.795 Y215.523 E2782.40202
G1 X104.529 Y215.666 E2782.42211
G1 X104.228 Y215.789 E2782.44374
G1 X103.833 Y215.9 E2782.47103
G1 X103.521 Y215.948 E2782.49203
G1 X103.165 Y215.965 E2782.51574
G1 X102.898 Y215.951 E2782.53352
G1 X102.576 Y215.902 E2782.55519
G1 X102.232 Y215.81 E2782.57888
G1 X101.949 Y215.701 E2782.59905
G1 X101.66 Y215.555 E2782.62059
G1 X101.356 Y215.357 E2782.64472
G1 X101.145 Y215.186 E2782.66279
G1 X100.933 Y214.978 E2782.68254
G1 X100.753 Y214.768 E2782.70094
G1 X100.538 Y214.453 E2782.72631
G1 X100.386 Y214.165 E2782.74797
G1 X100.266 Y213.865 E2782.76947
G1 X100.178 Y213.555 E2782.7909
G1 X100.123 Y213.233 E2782.81263
G1 X100.101 Y212.909 E2782.83424
G1 X100.107 Y212.657 E2782.851
G1 X100.143 Y212.354 E2782.8713
G1 X100.218 Y212.018 E2782.8942
G1 X100.32 Y211.72 E2782.91515
G1 X100.45 Y211.434 E2782.93605
G1 X100.615 Y211.155 E2782.95761
G1 X100.772 Y210.937 E2782.97548
G1 X101.004 Y210.678 E2782.99861
G1 X101.216 Y210.484 E2783.01773
G1 X101.464 Y210.296 E2783.03843
G1 X101.747 Y210.127 E2783.06036
G1 X102.029 Y209.995 E2783.08107
G1 X102.303 Y209.898 E2783.10041
G1 X102.567 Y209.83 E2783.11854
G1 X102.88 Y209.782 E2783.1396
G1 X103.236 Y209.765 E2783.16331
G1 X103.503 Y209.779 E2783.1811
G1 X103.825 Y209.828 E2783.20276
G1 X104.169 Y209.92 E2783.22645
G1 X104.452 Y210.029 E2783.24662
G1 X104.758 Y210.185 E2783.26947
G1 X105.072 Y210.394 E2783.29456
G0 F9000 X104.799 Y210.899
;TYPE:SKIN
G1 F1474.5 X105.199 Y211.324 E2783.31692
G1 X105.599 Y212.867 E2783.37799
G1 X105.199 Y214.41 E2783.43905
G1 X103.999 Y215.272 E2783.49566
G1 X102.799 Y215.375 E2783.5418
G1 X101.599 Y214.831 E2783.59227
G1 X101.199 Y214.406 E2783.61463
G1 X100.799 Y212.865 E2783.67563
G1 X101.199 Y211.323 E2783.73666
G1 X102.399 Y210.455 E2783.79339
G1 X103.599 Y210.356 E2783.83952
G1 X104.399 Y210.63 E2783.87192
G1 F1500 E2782.87192
G1 F300 Z4.4
G0 F9000 X197.714 Y211.1 Z4.4
;TYPE:WALL-OUTER
G1 F300 Z4.2
G1 F1500 E2783.89853
G1 F1685.2 X197.447 Y210.986 E2783.91784
G1 X197.194 Y210.917 E2783.93528
G1 X196.849 Y210.878 E2783.95838
G1 X196.571 Y210.89 E2783.97689
G1 X196.187 Y210.974 E2784.00303
G1 X195.929 Y211.078 E2784.02154
G1 X195.684 Y211.22 E2784.04038
G1 X195.484 Y211.375 E2784.05721
G1 X195.285 Y211.577 E2784.07607
G1 X195.086 Y211.858 E2784.09897
G1 X194.97 Y212.089 E2784.11617
G1 X194.874 Y212.369 E2784.13586
G1 X194.823 Y212.658 E2784.15538
G1 X194.812 Y212.919 E2784.17276
G1 X194.842 Y213.21 E2784.19222
G1 X194.944 Y213.578 E2784.21762
G1 X195.061 Y213.83 E2784.2361
G1 X195.244 Y214.102 E2784.25791
G1 X195.458 Y214.332 E2784.27881
G1 X195.678 Y214.506 E2784.29747
G1 X195.945 Y214.66 E2784.31797
G1 X196.187 Y214.756 E2784.33529
G1 X196.49 Y214.829 E2784.35602
G1 X196.75 Y214.852 E2784.37338
G1 X197.043 Y214.838 E2784.3929
G1 X197.352 Y214.774 E2784.41389
G1 X197.64 Y214.666 E2784.43435
G1 X197.871 Y214.539 E2784.45188
G1 X198.107 Y214.362 E2784.47151
G1 X198.323 Y214.141 E2784.49206
G1 X198.513 Y213.873 E2784.51392
G1 X198.629 Y213.641 E2784.53117
G1 X198.725 Y213.361 E2784.55086
G1 X198.776 Y213.072 E2784.57038
G1 X198.786 Y212.777 E2784.59002
G1 X198.74 Y212.435 E2784.61297
G1 X198.648 Y212.134 E2784.63391
G1 X198.538 Y211.9 E2784.65111
G1 X198.367 Y211.644 E2784.67159
G1 X198.191 Y211.445 E2784.68926
G1 X197.979 Y211.264 E2784.7078
G1 X197.714 Y211.1 E2784.72853
G0 F9000 X198.357 Y210.185
G1 F1685.2 X198.671 Y210.394 E2784.75362
G1 X198.945 Y210.627 E2784.77755
G1 X199.17 Y210.867 E2784.79943
G1 X199.331 Y211.075 E2784.81693
G1 X199.534 Y211.405 E2784.8427
G1 X199.674 Y211.704 E2784.86466
G1 X199.78 Y212.011 E2784.88627
G1 X199.85 Y212.316 E2784.90708
G1 X199.891 Y212.638 E2784.92868
G1 X199.898 Y212.946 E2784.94917
G1 X199.88 Y213.214 E2784.96704
G1 X199.823 Y213.55 E2784.98971
G1 X199.74 Y213.847 E2785.01022
G1 X199.614 Y214.165 E2785.03298
G1 X199.466 Y214.448 E2785.05422
G1 X199.303 Y214.692 E2785.07374
G1 X199.098 Y214.946 E2785.09545
G1 X198.914 Y215.131 E2785.11281
G1 X198.707 Y215.308 E2785.13093
G1 X198.394 Y215.523 E2785.15619
G1 X198.128 Y215.666 E2785.17627
G1 X197.827 Y215.789 E2785.1979
G1 X197.432 Y215.9 E2785.2252
G1 X197.12 Y215.948 E2785.2462
G1 X196.764 Y215.965 E2785.2699
G1 X196.497 Y215.951 E2785.28769
G1 X196.175 Y215.902 E2785.30936
G1 X195.831 Y215.81 E2785.33304
G1 X195.548 Y215.701 E2785.35322
G1 X195.259 Y215.555 E2785.37475
G1 X194.955 Y215.357 E2785.39889
G1 X194.744 Y215.186 E2785.41695
G1 X194.532 Y214.978 E2785.43671
G1 X194.352 Y214.768 E2785.45511
G1 X194.137 Y214.453 E2785.48048
G1 X193.985 Y214.165 E2785.50214
G1 X193.865 Y213.865 E2785.52363
G1 X193.777 Y213.555 E2785.54507
G1 X193.722 Y213.233 E2785.5668
G1 X193.7 Y212.909 E2785.5884
G1 X193.706 Y212.657 E2785.60517
G1 X193.742 Y212.354 E2785.62547
G1 X193.817 Y212.018 E2785.64837
G1 X193.919 Y211.72 E2785.66932
G1 X194.049 Y211.434 E2785.69022
G1 X194.214 Y211.155 E2785.71178
G1 X194.371 Y210.937 E2785.72965
G1 X194.603 Y210.678 E2785.75278
G1 X194.815 Y210.484 E2785.7719
G1 X195.063 Y210.296 E2785.7926
G1 X195.346 Y210.127 E2785.81452
G1 X195.628 Y209.995 E2785.83524
G1 X195.902 Y209.898 E2785.85457
G1 X196.166 Y209.83 E2785.87271
G1 X196.479 Y209.782 E2785.89377
G1 X196.835 Y209.765 E2785.91748
G1 X197.102 Y209.779 E2785.93526
G1 X197.424 Y209.828 E2785.95693
G1 X197.768 Y209.92 E2785.98062
G1 X198.051 Y210.029 E2786.00079
G1 X198.357 Y210.185 E2786.02364
G0 F9000 X197.999 Y210.63
;TYPE:SKIN
G1 F1474.5 X197.599 Y210.453 E2786.04023
G1 X196.399 Y210.357 E2786.08589
G1 X195.199 Y210.899 E2786.13583
G1 X194.799 Y211.32 E2786.15786
G1 X194.399 Y212.864 E2786.21836
G1 X194.799 Y214.406 E2786.27878
G1 X195.999 Y215.275 E2786.33498
G1 X197.199 Y215.371 E2786.38064
G1 X198.399 Y214.827 E2786.43062
G1 X198.799 Y214.408 E2786.45259
G1 X199.199 Y212.866 E2786.51301
G1 X198.799 Y211.324 E2786.57344
G0 F9000 X198.399 Y211.181
G1 F1474.5 X198.399 Y210.615 E2786.59226
G1 F1500 E2785.59226
G1 F300 Z4.4
;MESH:NONMESH
G0 F9000 X198.322 Y91.572 Z4.4
;TIME_ELAPSED:5953.654208
;LAYER:21
;TYPE:WALL-OUTER
;MESH:Top of Case.STL
G1 F300 Z4.4
G1 F1500 E2786.61887
G1 F1766.9 X198.09 Y91.338 E2786.64079
G1 X197.866 Y91.172 E2786.65934
G1 X197.577 Y91.021 E2786.68103
G1 X197.314 Y90.931 E2786.69952
G1 X196.936 Y90.867 E2786.72502
G1 X196.781 Y90.863 E2786.73533
G1 X196.503 Y90.884 E2786.75388
G1 X196.186 Y90.959 E2786.77555
G1 X195.927 Y91.064 E2786.79414
G1 X195.647 Y91.231 E2786.81583
G1 X195.345 Y91.494 E2786.84246
G1 X195.152 Y91.737 E2786.86311
G1 X194.963 Y92.091 E2786.8898
G1 X194.871 Y92.369 E2786.90928
G1 X194.814 Y92.746 E2786.93464
G1 X194.823 Y93.071 E2786.95627
G1 X194.891 Y93.412 E2786.9794
G1 X195.007 Y93.709 E2787.00061
G1 X195.151 Y93.962 E2787.01998
G1 X195.313 Y94.17 E2787.03751
G1 X195.509 Y94.363 E2787.05581
G1 X195.733 Y94.528 E2787.07432
G1 X196.022 Y94.679 E2787.09601
G1 X196.285 Y94.769 E2787.1145
G1 X196.661 Y94.833 E2787.13987
G1 X196.959 Y94.831 E2787.15969
G1 X197.248 Y94.787 E2787.17914
G1 X197.561 Y94.686 E2787.20102
G1 X197.882 Y94.517 E2787.22515
G1 X198.194 Y94.267 E2787.25174
G1 X198.407 Y94.02 E2787.27344
G1 X198.564 Y93.766 E2787.2933
G1 X198.686 Y93.479 E2787.31405
G1 X198.758 Y93.194 E2787.3336
G1 X198.787 Y92.867 E2787.35544
G1 X198.772 Y92.608 E2787.3727
G1 X198.72 Y92.336 E2787.39112
G1 X198.629 Y92.073 E2787.40963
G1 X198.487 Y91.8 E2787.4301
G1 X198.322 Y91.572 E2787.44882
G0 F9000 X199.216 Y90.907
G1 F1766.9 X199.423 Y91.198 E2787.47258
G1 X199.557 Y91.434 E2787.49063
G1 X199.69 Y91.73 E2787.51222
G1 X199.782 Y92.003 E2787.53138
G1 X199.851 Y92.304 E2787.55192
G1 X199.888 Y92.579 E2787.57038
G1 X199.899 Y92.896 E2787.59148
G1 X199.883 Y93.166 E2787.60947
G1 X199.835 Y93.479 E2787.63054
G1 X199.771 Y93.736 E2787.64815
G1 X199.666 Y94.032 E2787.66905
G1 X199.515 Y94.346 E2787.69222
G1 X199.346 Y94.619 E2787.71358
G1 X199.099 Y94.929 E2787.73995
G1 X198.914 Y95.116 E2787.75745
G1 X198.657 Y95.332 E2787.77978
G1 X198.355 Y95.531 E2787.80384
G1 X198.105 Y95.662 E2787.82261
G1 X197.853 Y95.766 E2787.84074
G1 X197.539 Y95.86 E2787.86255
G1 X197.221 Y95.921 E2787.88409
G1 X196.914 Y95.948 E2787.90459
G1 X196.559 Y95.941 E2787.92821
G1 X196.229 Y95.898 E2787.95034
G1 X195.904 Y95.818 E2787.97261
G1 X195.549 Y95.687 E2787.99778
G1 X195.239 Y95.529 E2788.02093
G1 X194.933 Y95.325 E2788.04539
G1 X194.734 Y95.162 E2788.0625
G1 X194.487 Y94.915 E2788.08574
G1 X194.294 Y94.675 E2788.10622
G1 X194.088 Y94.353 E2788.13165
G1 X193.966 Y94.106 E2788.14998
G1 X193.848 Y93.798 E2788.17192
G1 X193.78 Y93.551 E2788.18896
G1 X193.729 Y93.275 E2788.20763
G1 X193.702 Y92.964 E2788.22839
G1 X193.706 Y92.644 E2788.24968
G1 X193.733 Y92.395 E2788.26634
G1 X193.789 Y92.108 E2788.28579
G1 X193.882 Y91.8 E2788.3072
G1 X194.008 Y91.501 E2788.32878
G1 X194.16 Y91.223 E2788.34986
G1 X194.383 Y90.907 E2788.37558
G1 X194.603 Y90.663 E2788.39744
G1 X194.815 Y90.469 E2788.41655
G1 X195.103 Y90.255 E2788.44042
G1 X195.386 Y90.091 E2788.46218
G1 X195.643 Y89.974 E2788.48096
G1 X195.883 Y89.888 E2788.49792
G1 X196.198 Y89.809 E2788.51953
G1 X196.528 Y89.761 E2788.54171
G1 X196.896 Y89.751 E2788.5662
G1 X197.212 Y89.777 E2788.58729
G1 X197.53 Y89.837 E2788.60881
G1 X197.782 Y89.91 E2788.62627
G1 X198.05 Y90.013 E2788.64537
G1 X198.327 Y90.152 E2788.66598
G1 X198.559 Y90.297 E2788.68418
G1 X198.772 Y90.459 E2788.70198
G1 X198.968 Y90.635 E2788.7195
G1 X199.216 Y90.907 E2788.74399
G0 F9000 X198.719 Y91.2
;TYPE:SKIN
G1 F1546 X198.265 Y90.8 E2788.76728
G1 X196.797 Y90.4 E2788.82583
G1 X195.331 Y90.8 E2788.88432
G1 X194.59 Y91.6 E2788.92628
G1 X194.26 Y92.8 E2788.97418
G1 X194.538 Y94 E2789.02158
G1 X195.192 Y94.8 E2789.06135
G1 X196.798 Y95.2 E2789.12505
G1 X198.408 Y94.8 E2789.18889
G1 X199.228 Y93.6 E2789.24483
G1 X199.3 Y92.4 E2789.29109
G1 X199.01 Y91.6 E2789.32384
G1 F1500 E2788.32384
G1 F300 Z4.6
G0 F9000 X197.043 Y95.6 Z4.6
G1 F300 Z4.4
G1 F1500 E2789.35045
G1 F1546 X196.542 Y95.6 E2789.36711
G1 F1500 E2788.36711
G1 F300 Z4.6
G0 F9000 X105.049 Y92.119 Z4.6
;TYPE:WALL-OUTER
G1 F300 Z4.4
G1 F1500 E2789.39372
G1 F1766.9 X104.922 Y91.857 E2789.41309
G1 X104.766 Y91.626 E2789.43163
G1 X104.491 Y91.337 E2789.45817
G1 X104.267 Y91.172 E2789.47668
G1 X103.978 Y91.021 E2789.49837
G1 X103.715 Y90.931 E2789.51686
G1 X103.337 Y90.867 E2789.54236
G1 X103.182 Y90.863 E2789.55267
G1 X102.904 Y90.884 E2789.57122
G1 X102.587 Y90.959 E2789.59289
G1 X102.328 Y91.064 E2789.61148
G1 X102.048 Y91.231 E2789.63317
G1 X101.746 Y91.494 E2789.65981
G1 X101.553 Y91.737 E2789.68045
G1 X101.364 Y92.091 E2789.70714
G1 X101.272 Y92.369 E2789.72662
G1 X101.215 Y92.746 E2789.75198
G1 X101.224 Y93.071 E2789.77361
G1 X101.292 Y93.412 E2789.79674
G1 X101.408 Y93.709 E2789.81795
G1 X101.552 Y93.962 E2789.83732
G1 X101.714 Y94.17 E2789.85485
G1 X101.91 Y94.363 E2789.87315
G1 X102.134 Y94.528 E2789.89166
G1 X102.423 Y94.679 E2789.91335
G1 X102.686 Y94.769 E2789.93184
G1 X103.062 Y94.833 E2789.95721
G1 X103.36 Y94.831 E2789.97703
G1 X103.649 Y94.787 E2789.99648
G1 X103.962 Y94.686 E2790.01836
G1 X104.212 Y94.561 E2790.03695
G1 X104.453 Y94.394 E2790.05646
G1 X104.669 Y94.19 E2790.07622
G1 X104.847 Y93.964 E2790.09536
G1 X105.037 Y93.609 E2790.12214
G1 X105.129 Y93.331 E2790.14162
G1 X105.181 Y93.023 E2790.1624
G1 X105.186 Y92.747 E2790.18076
G1 X105.141 Y92.417 E2790.20291
G1 X105.049 Y92.119 E2790.22366
G0 F9000 X105.617 Y90.907
G1 F1766.9 X105.824 Y91.198 E2790.24742
G1 X105.958 Y91.434 E2790.26547
G1 X106.091 Y91.73 E2790.28706
G1 X106.183 Y92.003 E2790.30622
G1 X106.252 Y92.304 E2790.32676
G1 X106.288 Y92.57 E2790.34462
G1 X106.3 Y92.896 E2790.36632
G1 X106.284 Y93.166 E2790.38431
G1 X106.235 Y93.484 E2790.40571
G1 X106.172 Y93.736 E2790.42299
G1 X106.067 Y94.032 E2790.44388
G1 X105.916 Y94.346 E2790.46706
G1 X105.747 Y94.619 E2790.48842
G1 X105.5 Y94.929 E2790.51478
G1 X105.315 Y95.116 E2790.53228
G1 X105.058 Y95.332 E2790.55461
G1 X104.756 Y95.531 E2790.57867
G1 X104.506 Y95.662 E2790.59745
G1 X104.254 Y95.766 E2790.61558
G1 X103.94 Y95.86 E2790.63739
G1 X103.622 Y95.921 E2790.65892
G1 X103.315 Y95.948 E2790.67943
G1 X102.96 Y95.941 E2790.70304
G1 X102.63 Y95.898 E2790.72518
G1 X102.305 Y95.818 E2790.74745
G1 X101.95 Y95.687 E2790.77262
G1 X101.64 Y95.529 E2790.79576
G1 X101.334 Y95.325 E2790.82023
G1 X101.135 Y95.162 E2790.83734
G1 X100.888 Y94.915 E2790.86057
G1 X100.695 Y94.675 E2790.88106
G1 X100.489 Y94.353 E2790.90649
G1 X100.367 Y94.106 E2790.92481
G1 X100.249 Y93.798 E2790.94675
G1 X100.181 Y93.551 E2790.9638
G1 X100.13 Y93.275 E2790.98247
G1 X100.103 Y92.964 E2791.00323
G1 X100.107 Y92.644 E2791.02452
G1 X100.134 Y92.395 E2791.04118
G1 X100.19 Y92.108 E2791.06063
G1 X100.283 Y91.8 E2791.08203
G1 X100.409 Y91.501 E2791.10362
G1 X100.561 Y91.223 E2791.12469
G1 X100.784 Y90.907 E2791.15042
G1 X101.004 Y90.663 E2791.17228
G1 X101.216 Y90.469 E2791.19139
G1 X101.504 Y90.255 E2791.21526
G1 X101.787 Y90.091 E2791.23702
G1 X102.044 Y89.974 E2791.2558
G1 X102.284 Y89.888 E2791.27276
G1 X102.599 Y89.809 E2791.29436
G1 X102.929 Y89.761 E2791.31655
G1 X103.297 Y89.751 E2791.34103
G1 X103.613 Y89.777 E2791.36213
G1 X103.931 Y89.837 E2791.38365
G1 X104.183 Y89.91 E2791.4011
G1 X104.451 Y90.013 E2791.4202
G1 X104.728 Y90.152 E2791.44082
G1 X104.96 Y90.297 E2791.45902
G1 X105.173 Y90.459 E2791.47682
G1 X105.369 Y90.635 E2791.49434
G1 X105.617 Y90.907 E2791.51883
G0 F9000 X105.118 Y91.2
;TYPE:SKIN
G1 F1546 X104.664 Y90.8 E2791.54214
G1 X103.198 Y90.4 E2791.60069
G1 X101.734 Y90.8 E2791.65917
G1 X100.992 Y91.6 E2791.70121
G1 X100.661 Y92.8 E2791.74917
G1 X100.938 Y94 E2791.79662
G1 X101.592 Y94.8 E2791.83644
G1 X103.199 Y95.2 E2791.90024
G1 X104.804 Y94.8 E2791.96397
G1 X105.626 Y93.6 E2792.02002
G1 X105.702 Y92.4 E2792.06635
G1 X105.409 Y91.6 E2792.09917
G1 F1500 E2791.09917
G1 F300 Z4.6
G0 F9000 X103.455 Y95.6 Z4.6
G1 F300 Z4.4
G1 F1500 E2792.12578
G1 F1546 X102.936 Y95.6 E2792.14304
G1 F1500 E2791.14304
G1 F300 Z4.6
G0 F9000 X104.489 Y211.351 Z4.6
;TYPE:WALL-OUTER
G1 F300 Z4.4
G1 F1500 E2792.16965
G1 F1766.9 X104.237 Y211.169 E2792.19033
G1 X104.009 Y211.049 E2792.20747
G1 X103.747 Y210.954 E2792.22601
G1 X103.476 Y210.897 E2792.24443
G1 X103.179 Y210.877 E2792.26423
G1 X102.905 Y210.899 E2792.28251
G1 X102.587 Y210.974 E2792.30425
G1 X102.328 Y211.079 E2792.32284
G1 X102.058 Y211.239 E2792.34372
G1 X101.846 Y211.41 E2792.36183
G1 X101.668 Y211.6 E2792.37915
G1 X101.505 Y211.828 E2792.3978
G1 X101.384 Y212.056 E2792.41497
G1 X101.28 Y212.353 E2792.4359
G1 X101.222 Y212.677 E2792.4578
G1 X101.215 Y212.97 E2792.47729
G1 X101.259 Y213.289 E2792.49871
G1 X101.344 Y213.577 E2792.51869
G1 X101.514 Y213.917 E2792.54397
G1 X101.678 Y214.143 E2792.56255
G1 X101.91 Y214.377 E2792.58447
G1 X102.134 Y214.543 E2792.60301
G1 X102.393 Y214.681 E2792.62254
G1 X102.654 Y214.776 E2792.64101
G1 X102.925 Y214.833 E2792.65943
G1 X103.218 Y214.852 E2792.67896
G1 X103.497 Y214.831 E2792.69758
G1 X103.814 Y214.756 E2792.71925
G1 X104.073 Y214.651 E2792.73784
G1 X104.354 Y214.484 E2792.75958
G1 X104.57 Y214.306 E2792.7782
G1 X104.758 Y214.099 E2792.7968
G1 X104.922 Y213.858 E2792.81619
G1 X105.087 Y213.494 E2792.84278
G1 X105.158 Y213.209 E2792.86231
G1 X105.187 Y212.933 E2792.88077
G1 X105.17 Y212.589 E2792.90369
G1 X105.102 Y212.284 E2792.92447
G1 X104.992 Y212.005 E2792.94442
G1 X104.848 Y211.752 E2792.96379
G1 X104.687 Y211.545 E2792.98123
G1 X104.489 Y211.351 E2792.99967
G0 F9000 X105.617 Y210.922
G1 F1766.9 X105.824 Y211.213 E2793.02343
G1 X105.958 Y211.449 E2793.04148
G1 X106.091 Y211.745 E2793.06306
G1 X106.183 Y212.018 E2793.08223
G1 X106.252 Y212.319 E2793.10277
G1 X106.288 Y212.589 E2793.12089
G1 X106.3 Y212.911 E2793.14232
G1 X106.284 Y213.181 E2793.16032
G1 X106.236 Y213.494 E2793.18138
G1 X106.172 Y213.75 E2793.19893
G1 X106.067 Y214.047 E2793.21989
G1 X105.916 Y214.361 E2793.24307
G1 X105.747 Y214.634 E2793.26442
G1 X105.5 Y214.944 E2793.29079
G1 X105.315 Y215.131 E2793.30829
G1 X105.058 Y215.347 E2793.33062
G1 X104.756 Y215.546 E2793.35468
G1 X104.506 Y215.677 E2793.37345
G1 X104.254 Y215.781 E2793.39159
G1 X103.94 Y215.875 E2793.41339
G1 X103.622 Y215.936 E2793.43493
G1 X103.315 Y215.963 E2793.45543
G1 X102.96 Y215.956 E2793.47905
G1 X102.63 Y215.913 E2793.50119
G1 X102.305 Y215.833 E2793.52345
G1 X101.95 Y215.702 E2793.54862
G1 X101.64 Y215.544 E2793.57177
G1 X101.334 Y215.34 E2793.59623
G1 X101.135 Y215.177 E2793.61334
G1 X100.888 Y214.93 E2793.63658
G1 X100.695 Y214.69 E2793.65707
G1 X100.489 Y214.368 E2793.68249
G1 X100.367 Y214.121 E2793.70082
G1 X100.249 Y213.813 E2793.72276
G1 X100.181 Y213.566 E2793.7398
G1 X100.13 Y213.29 E2793.75847
G1 X100.103 Y212.979 E2793.77924
G1 X100.107 Y212.659 E2793.80053
G1 X100.134 Y212.41 E2793.81719
G1 X100.19 Y212.123 E2793.83664
G1 X100.283 Y211.815 E2793.85804
G1 X100.409 Y211.516 E2793.87962
G1 X100.561 Y211.238 E2793.9007
G1 X100.784 Y210.922 E2793.92643
G1 X101.004 Y210.678 E2793.94828
G1 X101.216 Y210.484 E2793.9674
G1 X101.504 Y210.27 E2793.99126
G1 X101.787 Y210.106 E2794.01302
G1 X102.044 Y209.989 E2794.03181
G1 X102.284 Y209.903 E2794.04877
G1 X102.599 Y209.824 E2794.07037
G1 X102.929 Y209.776 E2794.09255
G1 X103.297 Y209.766 E2794.11704
G1 X103.613 Y209.792 E2794.13813
G1 X103.931 Y209.852 E2794.15966
G1 X104.183 Y209.925 E2794.17711
G1 X104.451 Y210.028 E2794.19621
G1 X104.728 Y210.167 E2794.21682
G1 X104.96 Y210.312 E2794.23502
G1 X105.173 Y210.474 E2794.25282
G1 X105.369 Y210.65 E2794.27035
G1 X105.617 Y210.922 E2794.29483
G0 F9000 X105.107 Y211.2
;TYPE:SKIN
G1 F1546 X104.643 Y210.8 E2794.31841
G1 X103.197 Y210.4 E2794.37615
G1 X101.753 Y210.8 E2794.43381
G1 X100.999 Y211.6 E2794.47612
G1 X100.661 Y212.8 E2794.5241
G1 X100.93 Y214 E2794.57143
G1 X101.573 Y214.8 E2794.61093
G1 X103.198 Y215.2 E2794.67533
G1 X104.822 Y214.8 E2794.7397
G1 X105.634 Y213.6 E2794.79546
G1 X105.697 Y212.4 E2794.8417
G1 X105.401 Y211.6 E2794.87453
G1 F1500 E2793.87453
G1 F300 Z4.6
G0 F9000 X103.593 Y215.6 Z4.6
G1 F300 Z4.4
G1 F1500 E2794.90114
G1 F1546 X102.821 Y215.6 E2794.92682
G1 F1500 E2793.92682
G1 F300 Z4.6
G0 F9000 X197.608 Y211.049 Z4.6
;TYPE:WALL-OUTER
G1 F300 Z4.4
G1 F1500 E2794.95342
G1 F1766.9 X197.346 Y210.954 E2794.97196
G1 X197.075 Y210.897 E2794.99038
G1 X196.778 Y210.877 E2795.01019
G1 X196.504 Y210.899 E2795.02847
G1 X196.186 Y210.974 E2795.0502
G1 X195.927 Y211.079 E2795.0688
G1 X195.657 Y211.239 E2795.08967
G1 X195.445 Y211.41 E2795.10779
G1 X195.267 Y211.6 E2795.12511
G1 X195.104 Y211.828 E2795.14375
G1 X194.983 Y212.056 E2795.16092
G1 X194.879 Y212.353 E2795.18186
G1 X194.821 Y212.677 E2795.20375
G1 X194.814 Y212.97 E2795.22325
G1 X194.858 Y213.289 E2795.24467
G1 X194.943 Y213.577 E2795.26464
G1 X195.113 Y213.917 E2795.28993
G1 X195.277 Y214.143 E2795.3085
G1 X195.509 Y214.377 E2795.33042
G1 X195.744 Y214.549 E2795.3498
G1 X195.992 Y214.681 E2795.36848
G1 X196.253 Y214.776 E2795.38696
G1 X196.524 Y214.833 E2795.40538
G1 X196.817 Y214.852 E2795.42491
G1 X197.096 Y214.831 E2795.44352
G1 X197.413 Y214.756 E2795.46519
G1 X197.672 Y214.651 E2795.48378
G1 X197.953 Y214.484 E2795.50553
G1 X198.169 Y214.306 E2795.52415
G1 X198.357 Y214.099 E2795.54275
G1 X198.521 Y213.858 E2795.56214
G1 X198.686 Y213.494 E2795.58872
G1 X198.757 Y213.209 E2795.60826
G1 X198.786 Y212.933 E2795.62672
G1 X198.769 Y212.589 E2795.64963
G1 X198.71 Y212.315 E2795.66828
G1 X198.6 Y212.023 E2795.68903
G1 X198.448 Y211.753 E2795.70965
G1 X198.286 Y211.545 E2795.72718
G1 X198.088 Y211.351 E2795.74562
G1 X197.836 Y211.169 E2795.7663
G1 X197.608 Y211.049 E2795.78344
G0 F9000 X198.05 Y210.028
G1 F1766.9 X198.327 Y210.167 E2795.80406
G1 X198.559 Y210.312 E2795.82225
G1 X198.772 Y210.474 E2795.84006
G1 X198.968 Y210.65 E2795.85758
G1 X199.216 Y210.922 E2795.88206
G1 X199.423 Y211.213 E2795.90582
G1 X199.557 Y211.449 E2795.92387
G1 X199.69 Y211.745 E2795.94546
G1 X199.782 Y212.018 E2795.96462
G1 X199.851 Y212.319 E2795.98516
G1 X199.887 Y212.589 E2796.00328
G1 X199.899 Y212.911 E2796.02472
G1 X199.883 Y213.181 E2796.04271
G1 X199.835 Y213.494 E2796.06377
G1 X199.771 Y213.75 E2796.08133
G1 X199.666 Y214.047 E2796.10228
G1 X199.515 Y214.361 E2796.12546
G1 X199.346 Y214.634 E2796.14682
G1 X199.099 Y214.944 E2796.17318
G1 X198.914 Y215.131 E2796.19068
G1 X198.657 Y215.347 E2796.21301
G1 X198.355 Y215.546 E2796.23707
G1 X198.105 Y215.677 E2796.25585
G1 X197.853 Y215.781 E2796.27398
G1 X197.539 Y215.875 E2796.29578
G1 X197.221 Y215.936 E2796.31732
G1 X196.914 Y215.963 E2796.33782
G1 X196.559 Y215.956 E2796.36144
G1 X196.229 Y215.913 E2796.38358
G1 X195.904 Y215.833 E2796.40585
G1 X195.549 Y215.702 E2796.43102
G1 X195.239 Y215.544 E2796.45416
G1 X194.933 Y215.34 E2796.47863
G1 X194.734 Y215.177 E2796.49574
G1 X194.487 Y214.93 E2796.51897
G1 X194.294 Y214.69 E2796.53946
G1 X194.088 Y214.368 E2796.56489
G1 X193.966 Y214.121 E2796.58321
G1 X193.848 Y213.813 E2796.60515
G1 X193.78 Y213.566 E2796.6222
G1 X193.729 Y213.29 E2796.64087
G1 X193.702 Y212.979 E2796.66163
G1 X193.706 Y212.659 E2796.68292
G1 X193.733 Y212.41 E2796.69958
G1 X193.789 Y212.123 E2796.71903
G1 X193.882 Y211.815 E2796.74043
G1 X194.008 Y211.516 E2796.76202
G1 X194.16 Y211.238 E2796.78309
G1 X194.383 Y210.922 E2796.80882
G1 X194.603 Y210.678 E2796.83067
G1 X194.815 Y210.484 E2796.84979
G1 X195.103 Y210.27 E2796.87366
G1 X195.386 Y210.106 E2796.89542
G1 X195.643 Y209.989 E2796.9142
G1 X195.883 Y209.903 E2796.93116
G1 X196.198 Y209.824 E2796.95276
G1 X196.528 Y209.776 E2796.97494
G1 X196.896 Y209.766 E2796.99943
G1 X197.212 Y209.792 E2797.02052
G1 X197.53 Y209.852 E2797.04205
G1 X197.782 Y209.925 E2797.0595
G1 X198.05 Y210.028 E2797.0786
G0 F9000 X196.797 Y210.4
;TYPE:SKIN
G1 F1546 X195.353 Y210.8 E2797.14323
G1 X194.599 Y211.6 E2797.19065
G1 X194.261 Y212.8 E2797.24442
G1 X194.53 Y214 E2797.29746
G1 X195.175 Y214.8 E2797.34179
G1 X196.798 Y215.2 E2797.41389
G1 X198.422 Y214.8 E2797.48603
G1 X199.234 Y213.6 E2797.54852
G1 X199.298 Y212.4 E2797.60035
G1 X198.707 Y211.2 E2797.65805
G1 X198.243 Y210.8 E2797.68447
G1 F1500 E2796.68447
G1 F300 Z4.6
G0 F9000 X197.193 Y215.6 Z4.6
G1 F300 Z4.4
G1 F1500 E2797.71108
G1 F1546 X196.421 Y215.6 E2797.73676
G1 F1500 E2796.73676
G1 F300 Z4.6
;MESH:NONMESH
G0 F9000 X198.238 Y91.479 Z4.6
;TIME_ELAPSED:5967.495066
;LAYER:22
;TYPE:WALL-OUTER
;MESH:Top of Case.STL
G1 F300 Z4.6
G1 F1500 E2797.76336
G1 F1683.7 X198.023 Y91.283 E2797.78272
G1 X197.684 Y91.07 E2797.80935
G1 X197.413 Y90.959 E2797.82883
G1 X197.109 Y90.886 E2797.84963
G1 X196.78 Y90.863 E2797.87157
G1 X196.501 Y90.884 E2797.89018
G1 X196.165 Y90.965 E2797.91317
G1 X195.911 Y91.073 E2797.93153
G1 X195.688 Y91.202 E2797.94867
G1 X195.468 Y91.373 E2797.9672
G1 X195.254 Y91.601 E2797.988
G1 X195.072 Y91.866 E2798.00939
G1 X194.962 Y92.092 E2798.02611
G1 X194.871 Y92.368 E2798.04544
G1 X194.814 Y92.746 E2798.07087
G1 X194.823 Y93.07 E2798.09243
G1 X194.89 Y93.408 E2798.11535
G1 X195.007 Y93.709 E2798.13683
G1 X195.143 Y93.95 E2798.15524
G1 X195.3 Y94.156 E2798.17247
G1 X195.522 Y94.373 E2798.19312
G1 X195.745 Y94.535 E2798.21145
G1 X196.02 Y94.678 E2798.23207
G1 X196.386 Y94.795 E2798.25763
G1 X196.661 Y94.833 E2798.2761
G1 X196.96 Y94.831 E2798.29599
G1 X197.268 Y94.782 E2798.31674
G1 X197.578 Y94.679 E2798.33847
G1 X197.871 Y94.524 E2798.36051
G1 X198.131 Y94.327 E2798.38221
G1 X198.345 Y94.099 E2798.40301
G1 X198.504 Y93.872 E2798.42145
G1 X198.629 Y93.627 E2798.43975
G1 X198.72 Y93.364 E2798.45826
G1 X198.773 Y93.085 E2798.47715
G1 X198.787 Y92.795 E2798.49646
G1 X198.76 Y92.518 E2798.51498
G1 X198.679 Y92.203 E2798.53661
G1 X198.571 Y91.947 E2798.5551
G1 X198.428 Y91.709 E2798.57356
G1 X198.238 Y91.479 E2798.59341
G0 F9000 X199.216 Y90.907
G1 F1683.7 X199.434 Y91.216 E2798.61857
G1 X199.583 Y91.487 E2798.63914
G1 X199.691 Y91.733 E2798.65701
G1 X199.778 Y91.99 E2798.67506
G1 X199.84 Y92.247 E2798.69264
G1 X199.887 Y92.574 E2798.71462
G1 X199.899 Y92.878 E2798.73486
G1 X199.884 Y93.155 E2798.75331
G1 X199.848 Y93.411 E2798.77051
G1 X199.767 Y93.748 E2798.79356
G1 X199.677 Y94.004 E2798.81161
G1 X199.545 Y94.289 E2798.83251
G1 X199.336 Y94.634 E2798.85934
G1 X199.178 Y94.838 E2798.8765
G1 X198.95 Y95.083 E2798.89877
G1 X198.732 Y95.274 E2798.91805
G1 X198.497 Y95.444 E2798.93734
G1 X198.248 Y95.59 E2798.95654
G1 X197.956 Y95.726 E2798.97797
G1 X197.716 Y95.812 E2798.99493
G1 X197.401 Y95.891 E2799.01653
G1 X197.071 Y95.939 E2799.03871
G1 X196.706 Y95.949 E2799.063
G1 X196.454 Y95.932 E2799.0798
G1 X196.124 Y95.876 E2799.10207
G1 X195.82 Y95.791 E2799.12307
G1 X195.553 Y95.688 E2799.1421
G1 X195.261 Y95.542 E2799.16382
G1 X195.049 Y95.408 E2799.1805
G1 X194.799 Y95.218 E2799.20139
G1 X194.609 Y95.043 E2799.21857
G1 X194.383 Y94.793 E2799.24099
G1 X194.165 Y94.484 E2799.26615
G1 X194.01 Y94.201 E2799.28761
G1 X193.907 Y93.963 E2799.30486
G1 X193.817 Y93.697 E2799.32354
G1 X193.758 Y93.446 E2799.34069
G1 X193.712 Y93.126 E2799.3622
G1 X193.699 Y92.821 E2799.38251
G1 X193.718 Y92.506 E2799.4035
G1 X193.772 Y92.183 E2799.42528
G1 X193.843 Y91.915 E2799.44372
G1 X193.975 Y91.571 E2799.46823
G1 X194.111 Y91.306 E2799.48805
G1 X194.266 Y91.062 E2799.50728
G1 X194.429 Y90.852 E2799.52496
G1 X194.649 Y90.617 E2799.54637
G1 X194.842 Y90.446 E2799.56353
G1 X195.103 Y90.255 E2799.58504
G1 X195.388 Y90.09 E2799.60695
G1 X195.643 Y89.974 E2799.62558
G1 X195.883 Y89.888 E2799.64254
G1 X196.198 Y89.809 E2799.66414
G1 X196.528 Y89.761 E2799.68633
G1 X196.893 Y89.751 E2799.71061
G1 X197.145 Y89.768 E2799.72742
G1 X197.475 Y89.824 E2799.74968
G1 X197.779 Y89.909 E2799.77068
G1 X198.046 Y90.012 E2799.78972
G1 X198.307 Y90.142 E2799.80911
G1 X198.551 Y90.292 E2799.82816
G1 X198.8 Y90.482 E2799.849
G1 X198.985 Y90.651 E2799.86567
G1 X199.216 Y90.907 E2799.88861
G0 F9000 X198.8 Y91.312
;TYPE:SKIN
G1 F1473.3 X199.2 Y92.849 E2799.95036
G1 X198.8 Y94.39 E2800.01226
G1 X197.6 Y95.259 E2800.06987
G1 X196.4 Y95.358 E2800.11669
G1 X195.2 Y94.813 E2800.16793
G1 X194.8 Y94.388 E2800.19063
G1 X194.4 Y92.843 E2800.25268
G1 X194.8 Y91.307 E2800.31439
G1 X196 Y90.436 E2800.37205
G1 X197.2 Y90.338 E2800.41886
G1 X198.4 Y90.885 E2800.47014
G1 F1500 E2799.47014
G1 F300 Z4.8
G0 F9000 X105.03 Y92.073 Z4.8
;TYPE:WALL-OUTER
G1 F300 Z4.6
G1 F1500 E2800.49675
G1 F1683.7 X104.877 Y91.781 E2800.51868
G1 X104.701 Y91.546 E2800.53821
G1 X104.478 Y91.327 E2800.559
G1 X104.255 Y91.165 E2800.57733
G1 X103.98 Y91.022 E2800.59795
G1 X103.614 Y90.905 E2800.62351
G1 X103.337 Y90.867 E2800.64211
G1 X103.181 Y90.863 E2800.65249
G1 X102.902 Y90.884 E2800.6711
G1 X102.566 Y90.965 E2800.6941
G1 X102.312 Y91.073 E2800.71246
G1 X102.089 Y91.202 E2800.72959
G1 X101.869 Y91.373 E2800.74813
G1 X101.655 Y91.601 E2800.76893
G1 X101.473 Y91.866 E2800.79031
G1 X101.363 Y92.092 E2800.80703
G1 X101.272 Y92.368 E2800.82636
G1 X101.223 Y92.65 E2800.8454
G1 X101.213 Y92.907 E2800.86251
G1 X101.249 Y93.23 E2800.88413
G1 X101.345 Y93.564 E2800.90725
G1 X101.468 Y93.824 E2800.92638
G1 X101.625 Y94.062 E2800.94535
G1 X101.81 Y94.272 E2800.96397
G1 X102.032 Y94.458 E2800.98323
G1 X102.269 Y94.606 E2801.00182
G1 X102.522 Y94.719 E2801.02025
G1 X102.787 Y94.795 E2801.03859
G1 X103.062 Y94.833 E2801.05706
G1 X103.361 Y94.831 E2801.07695
G1 X103.669 Y94.782 E2801.09769
G1 X103.978 Y94.679 E2801.11936
G1 X104.312 Y94.498 E2801.14463
G1 X104.556 Y94.304 E2801.16536
G1 X104.746 Y94.099 E2801.18396
G1 X104.905 Y93.872 E2801.20239
G1 X105.03 Y93.627 E2801.22069
G1 X105.129 Y93.332 E2801.24139
G1 X105.179 Y93.038 E2801.26123
G1 X105.18 Y92.673 E2801.28551
G1 X105.125 Y92.349 E2801.30737
G1 X105.03 Y92.073 E2801.32678
G0 F9000 X105.835 Y91.216
G1 F1683.7 X105.984 Y91.487 E2801.34736
G1 X106.092 Y91.733 E2801.36523
G1 X106.179 Y91.99 E2801.38328
G1 X106.241 Y92.247 E2801.40086
G1 X106.288 Y92.574 E2801.42284
G1 X106.3 Y92.878 E2801.44308
G1 X106.285 Y93.155 E2801.46153
G1 X106.249 Y93.411 E2801.47873
G1 X106.168 Y93.748 E2801.50178
G1 X106.078 Y94.004 E2801.51983
G1 X105.946 Y94.289 E2801.54073
G1 X105.737 Y94.634 E2801.56756
G1 X105.579 Y94.838 E2801.58472
G1 X105.351 Y95.083 E2801.60698
G1 X105.133 Y95.274 E2801.62626
G1 X104.898 Y95.444 E2801.64556
G1 X104.649 Y95.59 E2801.66476
G1 X104.357 Y95.726 E2801.68619
G1 X104.117 Y95.812 E2801.70315
G1 X103.802 Y95.891 E2801.72475
G1 X103.472 Y95.939 E2801.74693
G1 X103.107 Y95.949 E2801.77122
G1 X102.855 Y95.932 E2801.78802
G1 X102.525 Y95.876 E2801.81029
G1 X102.221 Y95.791 E2801.83128
G1 X101.954 Y95.688 E2801.85032
G1 X101.662 Y95.542 E2801.87204
G1 X101.45 Y95.408 E2801.88872
G1 X101.2 Y95.218 E2801.90961
G1 X101.01 Y95.043 E2801.92679
G1 X100.784 Y94.793 E2801.94921
G1 X100.566 Y94.484 E2801.97437
G1 X100.411 Y94.201 E2801.99583
G1 X100.308 Y93.963 E2802.01308
G1 X100.218 Y93.697 E2802.03176
G1 X100.159 Y93.446 E2802.04891
G1 X100.113 Y93.126 E2802.07042
G1 X100.1 Y92.821 E2802.09072
G1 X100.119 Y92.506 E2802.11172
G1 X100.173 Y92.183 E2802.1335
G1 X100.244 Y91.915 E2802.15194
G1 X100.376 Y91.571 E2802.17645
G1 X100.512 Y91.306 E2802.19627
G1 X100.667 Y91.062 E2802.21549
G1 X100.83 Y90.852 E2802.23318
G1 X101.05 Y90.617 E2802.25459
G1 X101.243 Y90.446 E2802.27174
G1 X101.504 Y90.255 E2802.29326
G1 X101.789 Y90.09 E2802.31516
G1 X102.044 Y89.974 E2802.3338
G1 X102.284 Y89.888 E2802.35076
G1 X102.599 Y89.809 E2802.37236
G1 X102.929 Y89.761 E2802.39454
G1 X103.294 Y89.751 E2802.41883
G1 X103.546 Y89.768 E2802.43563
G1 X103.876 Y89.824 E2802.4579
G1 X104.18 Y89.909 E2802.4789
G1 X104.447 Y90.012 E2802.49793
G1 X104.708 Y90.142 E2802.51733
G1 X104.952 Y90.292 E2802.53638
G1 X105.201 Y90.482 E2802.55722
G1 X105.386 Y90.651 E2802.57389
G1 X105.617 Y90.907 E2802.59682
G1 X105.835 Y91.216 E2802.62198
G0 F9000 X105.599 Y92.848
;TYPE:SKIN
G1 F1473.3 X105.199 Y94.391 E2802.69125
G1 X103.999 Y95.259 E2802.75561
G1 X102.799 Y95.358 E2802.80794
G1 X101.599 Y94.817 E2802.86514
G1 X101.199 Y94.389 E2802.8906
G1 X100.799 Y92.843 E2802.95999
G1 X101.199 Y91.308 E2803.02893
G1 X102.399 Y90.437 E2803.09337
G1 X103.599 Y90.339 E2803.14569
G1 X104.799 Y90.884 E2803.20296
G1 X105.199 Y91.31 E2803.22836
G1 F1500 E2802.22836
G1 F300 Z4.8
G0 F9000 X104.591 Y211.443 Z4.8
;TYPE:WALL-OUTER
G1 F300 Z4.6
G1 F1500 E2803.25497
G1 F1683.7 X104.368 Y211.256 E2803.27432
G1 X104.114 Y211.1 E2803.29415
G1 X103.879 Y210.996 E2803.31125
G1 X103.614 Y210.92 E2803.32959
G1 X103.339 Y210.882 E2803.34805
G1 X103.178 Y210.877 E2803.35877
G1 X102.903 Y210.899 E2803.37712
G1 X102.566 Y210.98 E2803.40018
G1 X102.267 Y211.109 E2803.42184
G1 X101.986 Y211.29 E2803.44407
G1 X101.747 Y211.508 E2803.46559
G1 X101.553 Y211.752 E2803.48633
G1 X101.385 Y212.055 E2803.50937
G1 X101.28 Y212.352 E2803.53033
G1 X101.225 Y212.643 E2803.55003
G1 X101.213 Y212.922 E2803.5686
G1 X101.243 Y213.21 E2803.58786
G1 X101.306 Y213.47 E2803.60566
G1 X101.399 Y213.705 E2803.62247
G1 X101.551 Y213.975 E2803.64308
G1 X101.81 Y214.286 E2803.67001
G1 X102.033 Y214.474 E2803.68941
G1 X102.287 Y214.63 E2803.70924
G1 X102.522 Y214.734 E2803.72633
G1 X102.787 Y214.81 E2803.74467
G1 X103.064 Y214.848 E2803.76327
G1 X103.339 Y214.848 E2803.78156
G1 X103.669 Y214.797 E2803.80377
G1 X103.979 Y214.694 E2803.8255
G1 X104.272 Y214.539 E2803.84755
G1 X104.511 Y214.36 E2803.86742
G1 X104.725 Y214.141 E2803.88778
G1 X104.921 Y213.861 E2803.91052
G1 X105.081 Y213.511 E2803.93612
G1 X105.158 Y213.209 E2803.95685
G1 X105.187 Y212.933 E2803.97531
G1 X105.17 Y212.589 E2803.99822
G1 X105.115 Y212.331 E2804.01577
G1 X105.017 Y212.056 E2804.03519
G1 X104.85 Y211.755 E2804.05809
G1 X104.591 Y211.443 E2804.08506
G0 F9000 X105.617 Y210.922
G1 F1683.7 X105.835 Y211.231 E2804.11022
G1 X105.984 Y211.502 E2804.13079
G1 X106.092 Y211.748 E2804.14866
G1 X106.179 Y212.005 E2804.16671
G1 X106.241 Y212.262 E2804.1843
G1 X106.288 Y212.589 E2804.20627
G1 X106.3 Y212.893 E2804.22651
G1 X106.285 Y213.17 E2804.24496
G1 X106.249 Y213.426 E2804.26216
G1 X106.168 Y213.763 E2804.28521
G1 X106.078 Y214.019 E2804.30327
G1 X105.946 Y214.304 E2804.32416
G1 X105.737 Y214.649 E2804.35099
G1 X105.58 Y214.852 E2804.36806
G1 X105.351 Y215.098 E2804.39042
G1 X105.133 Y215.289 E2804.4097
G1 X104.898 Y215.459 E2804.42899
G1 X104.649 Y215.605 E2804.44819
G1 X104.357 Y215.741 E2804.46962
G1 X104.117 Y215.827 E2804.48658
G1 X103.802 Y215.906 E2804.50818
G1 X103.472 Y215.954 E2804.53037
G1 X103.107 Y215.964 E2804.55465
G1 X102.855 Y215.947 E2804.57146
G1 X102.525 Y215.891 E2804.59372
G1 X102.221 Y215.806 E2804.61472
G1 X101.954 Y215.703 E2804.63376
G1 X101.662 Y215.557 E2804.65547
G1 X101.45 Y215.423 E2804.67216
G1 X101.2 Y215.233 E2804.69304
G1 X101.01 Y215.058 E2804.71023
G1 X100.784 Y214.808 E2804.73264
G1 X100.566 Y214.499 E2804.7578
G1 X100.411 Y214.216 E2804.77926
G1 X100.306 Y213.975 E2804.79675
G1 X100.218 Y213.712 E2804.8152
G1 X100.159 Y213.461 E2804.83235
G1 X100.113 Y213.141 E2804.85386
G1 X100.1 Y212.836 E2804.87416
G1 X100.119 Y212.521 E2804.89515
G1 X100.173 Y212.198 E2804.91694
G1 X100.244 Y211.93 E2804.93538
G1 X100.376 Y211.586 E2804.95989
G1 X100.512 Y211.321 E2804.9797
G1 X100.667 Y211.077 E2804.99893
G1 X100.83 Y210.867 E2805.01662
G1 X101.05 Y210.632 E2805.03803
G1 X101.243 Y210.461 E2805.05518
G1 X101.504 Y210.27 E2805.0767
G1 X101.789 Y210.105 E2805.0986
G1 X102.044 Y209.989 E2805.11724
G1 X102.284 Y209.903 E2805.1342
G1 X102.599 Y209.824 E2805.1558
G1 X102.929 Y209.776 E2805.17798
G1 X103.294 Y209.766 E2805.20227
G1 X103.546 Y209.783 E2805.21907
G1 X103.876 Y209.839 E2805.24134
G1 X104.18 Y209.924 E2805.26234
G1 X104.447 Y210.027 E2805.28137
G1 X104.708 Y210.157 E2805.30077
G1 X104.952 Y210.307 E2805.31982
G1 X105.201 Y210.497 E2805.34066
G1 X105.386 Y210.666 E2805.35733
G1 X105.617 Y210.922 E2805.38026
G0 F9000 X105.199 Y211.328
;TYPE:SKIN
G1 F1473.3 X105.599 Y212.864 E2805.44201
G1 X105.199 Y214.407 E2805.50402
G1 X103.999 Y215.276 E2805.56165
G1 X102.799 Y215.374 E2805.60849
G1 X101.599 Y214.832 E2805.65971
G1 X101.199 Y214.401 E2805.68258
G1 X100.799 Y212.859 E2805.74455
G1 X101.199 Y211.33 E2805.80603
G1 X102.399 Y210.453 E2805.86385
G1 X103.599 Y210.355 E2805.91069
G1 X104.799 Y210.897 E2805.96191
G1 F1500 E2804.96191
G1 F300 Z4.8
G0 F9000 X197.713 Y211.1 Z4.8
;TYPE:WALL-OUTER
G1 F300 Z4.6
G1 F1500 E2805.98852
G1 F1683.7 X197.478 Y210.996 E2806.00561
G1 X197.213 Y210.92 E2806.02395
G1 X196.938 Y210.882 E2806.04242
G1 X196.777 Y210.877 E2806.05314
G1 X196.502 Y210.899 E2806.07149
G1 X196.165 Y210.98 E2806.09454
G1 X195.866 Y211.109 E2806.1162
G1 X195.585 Y211.29 E2806.13844
G1 X195.346 Y211.508 E2806.15996
G1 X195.152 Y211.752 E2806.18069
G1 X194.984 Y212.055 E2806.20374
G1 X194.879 Y212.353 E2806.22476
G1 X194.821 Y212.677 E2806.24665
G1 X194.823 Y213.073 E2806.27299
G1 X194.875 Y213.364 E2806.29266
G1 X194.998 Y213.705 E2806.31677
G1 X195.15 Y213.975 E2806.33738
G1 X195.409 Y214.286 E2806.36431
G1 X195.632 Y214.474 E2806.38371
G1 X195.886 Y214.63 E2806.40354
G1 X196.121 Y214.734 E2806.42063
G1 X196.386 Y214.81 E2806.43897
G1 X196.663 Y214.848 E2806.45757
G1 X196.938 Y214.848 E2806.47586
G1 X197.268 Y214.797 E2806.49807
G1 X197.578 Y214.694 E2806.5198
G1 X197.871 Y214.539 E2806.54185
G1 X198.11 Y214.36 E2806.56172
G1 X198.324 Y214.141 E2806.58208
G1 X198.52 Y213.861 E2806.60482
G1 X198.679 Y213.512 E2806.63033
G1 X198.757 Y213.211 E2806.65102
G1 X198.786 Y212.933 E2806.66961
G1 X198.769 Y212.589 E2806.69252
G1 X198.711 Y212.318 E2806.71095
G1 X198.615 Y212.055 E2806.72958
G1 X198.449 Y211.755 E2806.75239
G1 X198.19 Y211.443 E2806.77936
G1 X197.967 Y211.256 E2806.79872
G1 X197.713 Y211.1 E2806.81855
G0 F9000 X198.046 Y210.027
G1 F1683.7 X198.307 Y210.157 E2806.83794
G1 X198.551 Y210.307 E2806.857
G1 X198.8 Y210.497 E2806.87783
G1 X198.985 Y210.666 E2806.8945
G1 X199.216 Y210.922 E2806.91744
G1 X199.434 Y211.231 E2806.94259
G1 X199.583 Y211.502 E2806.96316
G1 X199.691 Y211.748 E2806.98103
G1 X199.778 Y212.005 E2806.99908
G1 X199.84 Y212.262 E2807.01667
G1 X199.887 Y212.589 E2807.03865
G1 X199.899 Y212.893 E2807.05888
G1 X199.884 Y213.17 E2807.07734
G1 X199.848 Y213.426 E2807.09453
G1 X199.767 Y213.763 E2807.11759
G1 X199.677 Y214.019 E2807.13564
G1 X199.545 Y214.304 E2807.15653
G1 X199.336 Y214.649 E2807.18337
G1 X199.179 Y214.852 E2807.20044
G1 X198.95 Y215.098 E2807.22279
G1 X198.732 Y215.289 E2807.24207
G1 X198.497 Y215.459 E2807.26137
G1 X198.248 Y215.605 E2807.28057
G1 X197.956 Y215.741 E2807.30199
G1 X197.716 Y215.827 E2807.31895
G1 X197.401 Y215.906 E2807.34056
G1 X197.071 Y215.954 E2807.36274
G1 X196.706 Y215.964 E2807.38703
G1 X196.454 Y215.947 E2807.40383
G1 X196.124 Y215.891 E2807.42609
G1 X195.82 Y215.806 E2807.44709
G1 X195.553 Y215.703 E2807.46613
G1 X195.261 Y215.557 E2807.48785
G1 X195.049 Y215.423 E2807.50453
G1 X194.799 Y215.233 E2807.52542
G1 X194.609 Y215.058 E2807.5426
G1 X194.383 Y214.808 E2807.56502
G1 X194.165 Y214.499 E2807.59017
G1 X194.01 Y214.216 E2807.61164
G1 X193.905 Y213.975 E2807.62912
G1 X193.817 Y213.712 E2807.64757
G1 X193.758 Y213.461 E2807.66472
G1 X193.712 Y213.141 E2807.68623
G1 X193.699 Y212.836 E2807.70654
G1 X193.718 Y212.521 E2807.72753
G1 X193.772 Y212.198 E2807.74931
G1 X193.843 Y211.93 E2807.76775
G1 X193.975 Y211.586 E2807.79226
G1 X194.111 Y211.321 E2807.81208
G1 X194.266 Y211.077 E2807.83131
G1 X194.429 Y210.867 E2807.84899
G1 X194.649 Y210.632 E2807.8704
G1 X194.842 Y210.461 E2807.88756
G1 X195.103 Y210.27 E2807.90907
G1 X195.388 Y210.105 E2807.93098
G1 X195.643 Y209.989 E2807.94961
G1 X195.883 Y209.903 E2807.96657
G1 X196.198 Y209.824 E2807.98817
G1 X196.528 Y209.776 E2808.01036
G1 X196.893 Y209.766 E2808.03465
G1 X197.145 Y209.783 E2808.05145
G1 X197.475 Y209.839 E2808.07371
G1 X197.779 Y209.924 E2808.09471
G1 X198.046 Y210.027 E2808.11375
G0 F9000 X197.999 Y210.629
;TYPE:SKIN
G1 F1473.3 X197.599 Y210.452 E2808.13037
G1 X196.399 Y210.355 E2808.17611
G1 X195.199 Y210.9 E2808.22619
G1 X194.799 Y211.328 E2808.24845
G1 X194.399 Y212.858 E2808.30854
G1 X194.799 Y214.402 E2808.36915
G1 X195.999 Y215.276 E2808.42556
G1 X197.199 Y215.37 E2808.47129
G1 X198.399 Y214.828 E2808.52132
G1 X198.799 Y214.404 E2808.54347
G1 X199.199 Y212.863 E2808.60397
G1 X198.799 Y211.328 E2808.66424
G0 F9000 X198.399 Y211.18
G1 F1473.3 X198.399 Y210.613 E2808.6831
G1 F1500 E2807.6831
G1 F300 Z4.8
;MESH:NONMESH
G0 F9000 X198.214 Y91.453 Z4.8
;TIME_ELAPSED:5980.125719
;LAYER:23
;TYPE:WALL-OUTER
;MESH:Top of Case.STL
G1 F300 Z4.8
G1 F1500 E2808.70971
G1 F1768.2 X197.992 Y91.26 E2808.72928
G1 X197.702 Y91.08 E2808.75198
G1 X197.46 Y90.975 E2808.76953
G1 X197.213 Y90.905 E2808.78661
G1 X196.936 Y90.867 E2808.80521
G1 X196.78 Y90.863 E2808.81559
G1 X196.5 Y90.884 E2808.83426
G1 X196.167 Y90.966 E2808.85708
G1 X195.929 Y91.063 E2808.87417
G1 X195.671 Y91.213 E2808.89403
G1 X195.454 Y91.387 E2808.91253
G1 X195.255 Y91.599 E2808.93187
G1 X195.029 Y91.946 E2808.95942
G1 X194.92 Y92.203 E2808.97799
G1 X194.848 Y92.47 E2808.99638
G1 X194.814 Y92.746 E2809.01488
G1 X194.823 Y93.07 E2809.03644
G1 X194.89 Y93.407 E2809.0593
G1 X194.988 Y93.671 E2809.07803
G1 X195.164 Y93.981 E2809.10174
G1 X195.362 Y94.223 E2809.12254
G1 X195.605 Y94.439 E2809.14417
G1 X195.898 Y94.621 E2809.16711
G1 X196.174 Y94.737 E2809.18703
G1 X196.42 Y94.801 E2809.20394
G1 X196.822 Y94.838 E2809.23079
G1 X197.099 Y94.816 E2809.24928
G1 X197.414 Y94.741 E2809.27081
G1 X197.689 Y94.628 E2809.29059
G1 X197.929 Y94.486 E2809.30914
G1 X198.178 Y94.282 E2809.33055
G1 X198.358 Y94.083 E2809.3484
G1 X198.504 Y93.872 E2809.36547
G1 X198.629 Y93.627 E2809.38377
G1 X198.72 Y93.364 E2809.40228
G1 X198.773 Y93.083 E2809.4213
G1 X198.787 Y92.795 E2809.44048
G1 X198.744 Y92.438 E2809.4644
G1 X198.673 Y92.183 E2809.48201
G1 X198.561 Y91.929 E2809.50048
G1 X198.415 Y91.691 E2809.51905
G1 X198.214 Y91.453 E2809.53977
G0 F9000 X199.338 Y91.069
G1 F1768.2 X199.506 Y91.338 E2809.56087
G1 X199.634 Y91.594 E2809.57991
G1 X199.751 Y91.902 E2809.60182
G1 X199.85 Y92.301 E2809.62917
G1 X199.891 Y92.623 E2809.65076
G1 X199.899 Y92.943 E2809.67206
G1 X199.871 Y93.266 E2809.69362
G1 X199.816 Y93.566 E2809.71391
G1 X199.724 Y93.878 E2809.73555
G1 X199.614 Y94.15 E2809.75507
G1 X199.467 Y94.43 E2809.7761
G1 X199.327 Y94.645 E2809.79317
G1 X199.17 Y94.848 E2809.81024
G1 X198.949 Y95.084 E2809.83175
G1 X198.707 Y95.293 E2809.85302
G1 X198.484 Y95.452 E2809.87124
G1 X198.211 Y95.61 E2809.89222
G1 X197.903 Y95.747 E2809.91464
G1 X197.6 Y95.845 E2809.93583
G1 X197.295 Y95.91 E2809.95657
G1 X197.122 Y95.933 E2809.96818
G1 X196.844 Y95.949 E2809.9867
G1 X196.458 Y95.932 E2810.01241
G1 X196.162 Y95.884 E2810.03235
G1 X195.872 Y95.809 E2810.05228
G1 X195.594 Y95.706 E2810.072
G1 X195.323 Y95.576 E2810.09199
G1 X195.07 Y95.423 E2810.11166
G1 X194.822 Y95.237 E2810.13228
G1 X194.62 Y95.054 E2810.15041
G1 X194.419 Y94.836 E2810.17014
G1 X194.259 Y94.628 E2810.18759
G1 X194.093 Y94.362 E2810.20845
G1 X193.965 Y94.106 E2810.22749
G1 X193.848 Y93.798 E2810.24941
G1 X193.779 Y93.551 E2810.26647
G1 X193.722 Y93.218 E2810.28894
G1 X193.7 Y92.894 E2810.31054
G1 X193.708 Y92.617 E2810.32898
G1 X193.751 Y92.283 E2810.35138
G1 X193.83 Y91.957 E2810.37369
G1 X193.932 Y91.671 E2810.39389
G1 X194.067 Y91.386 E2810.41487
G1 X194.195 Y91.169 E2810.43163
G1 X194.352 Y90.947 E2810.44971
G1 X194.65 Y90.616 E2810.47934
G1 X194.842 Y90.446 E2810.4964
G1 X195.103 Y90.255 E2810.51791
G1 X195.382 Y90.093 E2810.53937
G1 X195.696 Y89.953 E2810.56224
G1 X195.999 Y89.855 E2810.58343
G1 X196.304 Y89.79 E2810.60417
G1 X196.58 Y89.759 E2810.62265
G1 X196.877 Y89.751 E2810.64241
G1 X197.141 Y89.768 E2810.66001
G1 X197.437 Y89.816 E2810.67996
G1 X197.727 Y89.891 E2810.69988
G1 X198.005 Y89.994 E2810.7196
G1 X198.287 Y90.13 E2810.74043
G1 X198.526 Y90.275 E2810.75902
G1 X198.77 Y90.457 E2810.77927
G1 X198.979 Y90.646 E2810.79802
G1 X199.17 Y90.852 E2810.8167
G1 X199.338 Y91.069 E2810.83496
G0 F9000 X198.725 Y91.2
;TYPE:SKIN
G1 F1547.1 X198.27 Y90.8 E2810.85828
G1 X196.799 Y90.4 E2810.91698
G1 X195.33 Y90.8 E2810.97559
G1 X194.594 Y91.6 E2811.01745
G1 X194.26 Y92.8 E2811.0654
G1 X194.539 Y94 E2811.11284
G1 X195.197 Y94.8 E2811.15272
G1 X196.799 Y95.2 E2811.21629
G1 X198.404 Y94.8 E2811.27998
G1 X199.224 Y93.6 E2811.33593
G1 X199.301 Y92.4 E2811.38223
G1 X199.007 Y91.6 E2811.41504
G1 F1500 E2810.41504
G1 F300 Z5
G0 F9000 X197.072 Y95.6 Z5
G1 F300 Z4.8
G1 F1500 E2811.44165
G1 F1547.1 X196.563 Y95.6 E2811.45858
G1 F1500 E2810.45858
G1 F300 Z5
G0 F9000 X105.029 Y92.071 Z5
;TYPE:WALL-OUTER
G1 F300 Z4.8
G1 F1500 E2811.48519
G1 F1768.2 X104.887 Y91.799 E2811.5056
G1 X104.723 Y91.572 E2811.52423
G1 X104.49 Y91.337 E2811.54624
G1 X104.236 Y91.153 E2811.56711
G1 X103.977 Y91.021 E2811.58644
G1 X103.683 Y90.922 E2811.60708
G1 X103.337 Y90.867 E2811.63038
G1 X103.181 Y90.863 E2811.64077
G1 X102.901 Y90.884 E2811.65944
G1 X102.586 Y90.959 E2811.68098
G1 X102.33 Y91.063 E2811.69936
G1 X102.072 Y91.213 E2811.71922
G1 X101.855 Y91.387 E2811.73772
G1 X101.656 Y91.599 E2811.75706
G1 X101.43 Y91.946 E2811.78461
G1 X101.321 Y92.203 E2811.80318
G1 X101.249 Y92.471 E2811.82164
G1 X101.215 Y92.746 E2811.84007
G1 X101.224 Y93.07 E2811.86163
G1 X101.291 Y93.407 E2811.88448
G1 X101.389 Y93.671 E2811.90322
G1 X101.565 Y93.981 E2811.92693
G1 X101.763 Y94.223 E2811.94773
G1 X102.006 Y94.439 E2811.96936
G1 X102.299 Y94.621 E2811.9923
G1 X102.575 Y94.737 E2812.01222
G1 X102.821 Y94.801 E2812.02913
G1 X103.164 Y94.837 E2812.05207
G1 X103.42 Y94.826 E2812.06911
G1 X103.669 Y94.782 E2812.08593
G1 X103.945 Y94.693 E2812.10522
G1 X104.195 Y94.571 E2812.12373
G1 X104.453 Y94.394 E2812.14454
G1 X104.67 Y94.189 E2812.1644
G1 X104.847 Y93.964 E2812.18344
G1 X105.03 Y93.627 E2812.20895
G1 X105.129 Y93.332 E2812.22965
G1 X105.179 Y93.037 E2812.24955
G1 X105.18 Y92.674 E2812.2737
G1 X105.124 Y92.348 E2812.2957
G1 X105.029 Y92.071 E2812.31518
G0 F9000 X106.152 Y91.902
G1 F1768.2 X106.251 Y92.301 E2812.34253
G1 X106.292 Y92.623 E2812.36412
G1 X106.3 Y92.943 E2812.38541
G1 X106.272 Y93.266 E2812.40698
G1 X106.217 Y93.566 E2812.42727
G1 X106.125 Y93.878 E2812.44891
G1 X106.015 Y94.15 E2812.46842
G1 X105.868 Y94.43 E2812.48946
G1 X105.728 Y94.645 E2812.50653
G1 X105.571 Y94.848 E2812.5236
G1 X105.35 Y95.084 E2812.54511
G1 X105.108 Y95.293 E2812.56638
G1 X104.885 Y95.452 E2812.5846
G1 X104.612 Y95.61 E2812.60558
G1 X104.304 Y95.747 E2812.628
G1 X104.001 Y95.845 E2812.64918
G1 X103.696 Y95.91 E2812.66993
G1 X103.523 Y95.933 E2812.68154
G1 X103.245 Y95.949 E2812.70006
G1 X102.859 Y95.932 E2812.72576
G1 X102.563 Y95.884 E2812.74571
G1 X102.273 Y95.809 E2812.76564
G1 X101.995 Y95.706 E2812.78536
G1 X101.724 Y95.576 E2812.80535
G1 X101.471 Y95.423 E2812.82502
G1 X101.223 Y95.237 E2812.84564
G1 X101.021 Y95.054 E2812.86377
G1 X100.82 Y94.836 E2812.8835
G1 X100.66 Y94.628 E2812.90095
G1 X100.494 Y94.362 E2812.92181
G1 X100.366 Y94.106 E2812.94085
G1 X100.249 Y93.798 E2812.96277
G1 X100.18 Y93.551 E2812.97982
G1 X100.123 Y93.218 E2813.0023
G1 X100.101 Y92.894 E2813.0239
G1 X100.109 Y92.617 E2813.04233
G1 X100.152 Y92.283 E2813.06474
G1 X100.231 Y91.957 E2813.08705
G1 X100.333 Y91.671 E2813.10725
G1 X100.468 Y91.386 E2813.12822
G1 X100.596 Y91.169 E2813.14498
G1 X100.753 Y90.947 E2813.16307
G1 X101.051 Y90.616 E2813.1927
G1 X101.243 Y90.446 E2813.20976
G1 X101.504 Y90.255 E2813.23127
G1 X101.783 Y90.093 E2813.25273
G1 X102.097 Y89.953 E2813.2756
G1 X102.4 Y89.855 E2813.29678
G1 X102.705 Y89.79 E2813.31753
G1 X102.981 Y89.759 E2813.336
G1 X103.278 Y89.751 E2813.35577
G1 X103.542 Y89.768 E2813.37337
G1 X103.838 Y89.816 E2813.39331
G1 X104.128 Y89.891 E2813.41324
G1 X104.406 Y89.994 E2813.43296
G1 X104.688 Y90.13 E2813.45379
G1 X104.927 Y90.275 E2813.47238
G1 X105.171 Y90.457 E2813.49263
G1 X105.38 Y90.646 E2813.51137
G1 X105.571 Y90.852 E2813.53006
G1 X105.739 Y91.069 E2813.54832
G1 X105.907 Y91.338 E2813.56941
G1 X106.035 Y91.594 E2813.58845
G1 X106.152 Y91.902 E2813.61037
G0 F9000 X105.593 Y92
;TYPE:SKIN
G1 F1547.1 X105.699 Y92.4 E2813.62606
G1 X105.625 Y93.6 E2813.67163
G1 X105.208 Y94.4 E2813.70583
G1 X104.806 Y94.8 E2813.72733
G1 X103.2 Y95.2 E2813.79007
G1 X101.597 Y94.8 E2813.85271
G1 X100.773 Y93.6 E2813.90789
G1 X100.698 Y92.4 E2813.95347
G1 X101.277 Y91.2 E2814.00398
G1 X101.733 Y90.8 E2814.02697
G1 X103.2 Y90.4 E2814.08462
G1 X104.667 Y90.8 E2814.14226
G1 X105.41 Y91.6 E2814.18365
G1 F1500 E2813.18365
G1 F300 Z5
G0 F9000 X103.492 Y95.6 Z5
G1 F300 Z4.8
G1 F1500 E2814.21026
G1 F1547.1 X102.94 Y95.6 E2814.22862
G1 F1500 E2813.22862
G1 F300 Z5
G0 F9000 X104.589 Y211.443 Z5
;TYPE:WALL-OUTER
G1 F300 Z4.8
G1 F1500 E2814.25523
G1 F1768.2 X104.369 Y211.257 E2814.27439
G1 X104.112 Y211.099 E2814.29446
G1 X103.826 Y210.978 E2814.31512
G1 X103.58 Y210.914 E2814.33202
G1 X103.178 Y210.877 E2814.35888
G1 X102.901 Y210.899 E2814.37736
G1 X102.586 Y210.974 E2814.3989
G1 X102.33 Y211.078 E2814.41728
G1 X102.072 Y211.229 E2814.43717
G1 X101.846 Y211.41 E2814.45643
G1 X101.669 Y211.599 E2814.47365
G1 X101.513 Y211.814 E2814.49132
G1 X101.385 Y212.055 E2814.50948
G1 X101.289 Y212.316 E2814.52797
G1 X101.231 Y212.589 E2814.54654
G1 X101.213 Y212.922 E2814.56872
G1 X101.243 Y213.21 E2814.58799
G1 X101.321 Y213.513 E2814.6088
G1 X101.455 Y213.817 E2814.6309
G1 X101.594 Y214.035 E2814.6481
G1 X101.786 Y214.262 E2814.66787
G1 X102.032 Y214.473 E2814.68943
G1 X102.289 Y214.631 E2814.7095
G1 X102.575 Y214.752 E2814.73016
G1 X102.821 Y214.816 E2814.74707
G1 X103.22 Y214.852 E2814.77372
G1 X103.5 Y214.831 E2814.79239
G1 X103.815 Y214.756 E2814.81393
G1 X104.071 Y214.652 E2814.83231
G1 X104.317 Y214.509 E2814.85124
G1 X104.607 Y214.27 E2814.87624
G1 X104.827 Y214.008 E2814.899
G1 X105.012 Y213.685 E2814.92376
G1 X105.102 Y213.444 E2814.94087
G1 X105.179 Y213.052 E2814.96745
G1 X105.187 Y212.773 E2814.98601
G1 X105.144 Y212.451 E2815.00762
G1 X105.073 Y212.197 E2815.02517
G1 X104.939 Y211.901 E2815.04678
G1 X104.766 Y211.642 E2815.0675
G1 X104.589 Y211.443 E2815.08521
G0 F9000 X105.171 Y210.472
G1 F1768.2 X105.38 Y210.661 E2815.10396
G1 X105.571 Y210.867 E2815.12265
G1 X105.739 Y211.084 E2815.1409
G1 X105.906 Y211.351 E2815.16185
G1 X106.03 Y211.599 E2815.18029
G1 X106.152 Y211.917 E2815.20295
G1 X106.251 Y212.316 E2815.2303
G1 X106.292 Y212.638 E2815.25189
G1 X106.3 Y212.958 E2815.27318
G1 X106.272 Y213.281 E2815.29475
G1 X106.217 Y213.581 E2815.31504
G1 X106.125 Y213.893 E2815.33668
G1 X106.015 Y214.165 E2815.35619
G1 X105.868 Y214.445 E2815.37723
G1 X105.728 Y214.66 E2815.3943
G1 X105.571 Y214.863 E2815.41137
G1 X105.35 Y215.099 E2815.43287
G1 X105.108 Y215.308 E2815.45414
G1 X104.885 Y215.467 E2815.47236
G1 X104.612 Y215.625 E2815.49335
G1 X104.304 Y215.762 E2815.51577
G1 X104.001 Y215.86 E2815.53695
G1 X103.696 Y215.925 E2815.5577
G1 X103.523 Y215.948 E2815.56931
G1 X103.245 Y215.964 E2815.58783
G1 X102.859 Y215.947 E2815.61353
G1 X102.563 Y215.899 E2815.63348
G1 X102.273 Y215.824 E2815.6534
G1 X101.995 Y215.721 E2815.67313
G1 X101.724 Y215.591 E2815.69312
G1 X101.471 Y215.438 E2815.71279
G1 X101.223 Y215.252 E2815.73341
G1 X101.021 Y215.069 E2815.75154
G1 X100.82 Y214.851 E2815.77126
G1 X100.66 Y214.643 E2815.78872
G1 X100.494 Y214.377 E2815.80958
G1 X100.366 Y214.121 E2815.82862
G1 X100.249 Y213.813 E2815.85053
G1 X100.18 Y213.566 E2815.86759
G1 X100.123 Y213.233 E2815.89007
G1 X100.101 Y212.909 E2815.91167
G1 X100.109 Y212.632 E2815.9301
G1 X100.152 Y212.298 E2815.9525
G1 X100.231 Y211.972 E2815.97482
G1 X100.333 Y211.686 E2815.99502
G1 X100.468 Y211.401 E2816.01599
G1 X100.596 Y211.184 E2816.03275
G1 X100.753 Y210.962 E2816.05084
G1 X101.051 Y210.631 E2816.08047
G1 X101.243 Y210.461 E2816.09752
G1 X101.504 Y210.27 E2816.11904
G1 X101.783 Y210.108 E2816.1405
G1 X102.097 Y209.968 E2816.16337
G1 X102.4 Y209.87 E2816.18455
G1 X102.705 Y209.805 E2816.2053
G1 X102.981 Y209.774 E2816.22377
G1 X103.278 Y209.766 E2816.24354
G1 X103.542 Y209.783 E2816.26113
G1 X103.838 Y209.831 E2816.28108
G1 X104.128 Y209.906 E2816.30101
G1 X104.406 Y210.009 E2816.32073
G1 X104.688 Y210.145 E2816.34155
G1 X104.927 Y210.29 E2816.36015
G1 X105.171 Y210.472 E2816.3804
G0 F9000 X104.649 Y210.8
;TYPE:SKIN
G1 F1547.1 X103.198 Y210.4 E2816.43911
G1 X101.753 Y210.8 E2816.4976
G1 X100.999 Y211.6 E2816.54048
G1 X100.66 Y212.8 E2816.58913
G1 X100.927 Y214 E2816.63708
G1 X101.575 Y214.8 E2816.67724
G1 X103.199 Y215.2 E2816.74249
G1 X104.827 Y214.8 E2816.80788
G1 X105.631 Y213.6 E2816.86423
G1 X105.699 Y212.4 E2816.91111
G1 X105.111 Y211.2 E2816.96324
G1 F1500 E2815.96324
G1 F300 Z5
G0 F9000 X103.601 Y215.6 Z5
G1 F300 Z4.8
G1 F1500 E2816.98985
G1 F1547.1 X102.813 Y215.6 E2817.01606
G1 F1500 E2816.01606
G1 F300 Z5
G0 F9000 X197.711 Y211.099 Z5
;TYPE:WALL-OUTER
G1 F300 Z4.8
G1 F1500 E2817.04267
G1 F1768.2 X197.425 Y210.978 E2817.06332
G1 X197.179 Y210.914 E2817.08023
G1 X196.777 Y210.877 E2817.10709
G1 X196.5 Y210.899 E2817.12557
G1 X196.185 Y210.974 E2817.14711
G1 X195.929 Y211.078 E2817.16549
G1 X195.671 Y211.229 E2817.18538
G1 X195.445 Y211.41 E2817.20464
G1 X195.268 Y211.599 E2817.22186
G1 X195.112 Y211.814 E2817.23953
G1 X194.984 Y212.055 E2817.25769
G1 X194.888 Y212.317 E2817.27625
G1 X194.83 Y212.589 E2817.29475
G1 X194.812 Y212.922 E2817.31693
G1 X194.842 Y213.21 E2817.33619
G1 X194.92 Y213.513 E2817.357
G1 X195.054 Y213.817 E2817.3791
G1 X195.193 Y214.035 E2817.3963
G1 X195.385 Y214.262 E2817.41608
G1 X195.631 Y214.473 E2817.43764
G1 X195.888 Y214.631 E2817.45771
G1 X196.174 Y214.752 E2817.47836
G1 X196.42 Y214.816 E2817.49527
G1 X196.819 Y214.852 E2817.52192
G1 X197.099 Y214.831 E2817.5406
G1 X197.432 Y214.749 E2817.56341
G1 X197.67 Y214.652 E2817.58051
G1 X197.916 Y214.509 E2817.59944
G1 X198.119 Y214.352 E2817.61651
G1 X198.316 Y214.151 E2817.63523
G1 X198.485 Y213.918 E2817.65438
G1 X198.611 Y213.685 E2817.672
G1 X198.711 Y213.413 E2817.69127
G1 X198.772 Y213.107 E2817.71203
G1 X198.787 Y212.808 E2817.73195
G1 X198.757 Y212.518 E2817.75134
G1 X198.655 Y212.152 E2817.77661
G1 X198.538 Y211.9 E2817.79509
G1 X198.365 Y211.642 E2817.81576
G1 X198.188 Y211.443 E2817.83347
G1 X197.968 Y211.257 E2817.85264
G1 X197.711 Y211.099 E2817.87271
G0 F9000 X198.287 Y210.145
G1 F1768.2 X198.526 Y210.29 E2817.8913
G1 X198.77 Y210.472 E2817.91155
G1 X198.979 Y210.661 E2817.93029
G1 X199.17 Y210.867 E2817.94898
G1 X199.338 Y211.084 E2817.96724
G1 X199.505 Y211.351 E2817.98819
G1 X199.629 Y211.599 E2818.00663
G1 X199.751 Y211.917 E2818.02929
G1 X199.85 Y212.316 E2818.05663
G1 X199.891 Y212.638 E2818.07823
G1 X199.899 Y212.958 E2818.09952
G1 X199.871 Y213.281 E2818.12109
G1 X199.816 Y213.581 E2818.14137
G1 X199.724 Y213.893 E2818.16301
G1 X199.614 Y214.165 E2818.18253
G1 X199.467 Y214.445 E2818.20357
G1 X199.327 Y214.66 E2818.22063
G1 X199.17 Y214.863 E2818.2377
G1 X198.949 Y215.099 E2818.25921
G1 X198.707 Y215.308 E2818.28048
G1 X198.484 Y215.467 E2818.2987
G1 X198.211 Y215.625 E2818.31968
G1 X197.903 Y215.762 E2818.34211
G1 X197.6 Y215.86 E2818.36329
G1 X197.295 Y215.925 E2818.38403
G1 X197.122 Y215.948 E2818.39564
G1 X196.844 Y215.964 E2818.41417
G1 X196.458 Y215.947 E2818.43987
G1 X196.162 Y215.899 E2818.45982
G1 X195.872 Y215.824 E2818.47974
G1 X195.594 Y215.721 E2818.49946
G1 X195.323 Y215.591 E2818.51946
G1 X195.07 Y215.438 E2818.53912
G1 X194.822 Y215.252 E2818.55974
G1 X194.62 Y215.069 E2818.57788
G1 X194.419 Y214.851 E2818.5976
G1 X194.259 Y214.643 E2818.61506
G1 X194.093 Y214.377 E2818.63591
G1 X193.965 Y214.121 E2818.65495
G1 X193.848 Y213.813 E2818.67687
G1 X193.779 Y213.566 E2818.69393
G1 X193.722 Y213.233 E2818.7164
G1 X193.7 Y212.909 E2818.73801
G1 X193.708 Y212.632 E2818.75644
G1 X193.751 Y212.298 E2818.77884
G1 X193.83 Y211.972 E2818.80115
G1 X193.932 Y211.686 E2818.82135
G1 X194.067 Y211.401 E2818.84233
G1 X194.195 Y211.184 E2818.85909
G1 X194.352 Y210.962 E2818.87718
G1 X194.65 Y210.631 E2818.9068
G1 X194.842 Y210.461 E2818.92386
G1 X195.103 Y210.27 E2818.94538
G1 X195.382 Y210.108 E2818.96684
G1 X195.696 Y209.968 E2818.98971
G1 X195.999 Y209.87 E2819.01089
G1 X196.304 Y209.805 E2819.03163
G1 X196.58 Y209.774 E2819.05011
G1 X196.877 Y209.766 E2819.06987
G1 X197.141 Y209.783 E2819.08747
G1 X197.437 Y209.831 E2819.10742
G1 X197.727 Y209.906 E2819.12734
G1 X198.005 Y210.009 E2819.14706
G1 X198.287 Y210.145 E2819.16789
G0 F9000 X196.798 Y210.4
;TYPE:SKIN
G1 F1547.1 X195.353 Y210.8 E2819.2325
G1 X194.599 Y211.6 E2819.27987
G1 X194.26 Y212.8 E2819.33361
G1 X194.527 Y214 E2819.38659
G1 X195.175 Y214.8 E2819.43095
G1 X196.799 Y215.2 E2819.50303
G1 X198.426 Y214.8 E2819.57523
G1 X199.23 Y213.6 E2819.63747
G1 X199.297 Y212.4 E2819.68926
G1 X198.711 Y211.2 E2819.74681
G1 X198.249 Y210.8 E2819.77315
G1 F1500 E2818.77315
G1 F300 Z5
G0 F9000 X197.201 Y215.6 Z5
G1 F300 Z4.8
G1 F1500 E2819.79975
G1 F1547.1 X196.413 Y215.6 E2819.82596
G1 F1500 E2818.82596
G1 F300 Z5
;MESH:NONMESH
G0 F9000 X198.323 Y91.573 Z5
;TIME_ELAPSED:5993.973047
;LAYER:24
;TYPE:WALL-OUTER
;MESH:Top of Case.STL
G1 F300 Z5
G1 F1500 E2819.85257
G1 F1685.7 X198.13 Y91.373 E2819.87106
G1 X197.912 Y91.203 E2819.88945
G1 X197.671 Y91.063 E2819.90799
G1 X197.412 Y90.959 E2819.92656
G1 X197.109 Y90.886 E2819.94729
G1 X196.769 Y90.863 E2819.96996
G1 X196.5 Y90.884 E2819.9879
G1 X196.185 Y90.959 E2820.00944
G1 X195.927 Y91.064 E2820.02797
G1 X195.661 Y91.221 E2820.04852
G1 X195.346 Y91.493 E2820.0762
G1 X195.152 Y91.737 E2820.09694
G1 X195.013 Y91.979 E2820.11551
G1 X194.873 Y92.358 E2820.14238
G1 X194.819 Y92.677 E2820.1639
G1 X194.814 Y92.953 E2820.18227
G1 X194.846 Y93.22 E2820.20015
G1 X194.943 Y93.561 E2820.22374
G1 X195.065 Y93.821 E2820.24284
G1 X195.205 Y94.038 E2820.26002
G1 X195.411 Y94.273 E2820.28081
G1 X195.623 Y94.452 E2820.29926
G1 X195.868 Y94.606 E2820.31851
G1 X196.142 Y94.726 E2820.33841
G1 X196.389 Y94.795 E2820.35547
G1 X196.73 Y94.837 E2820.37833
G1 X197.064 Y94.821 E2820.40057
G1 X197.402 Y94.745 E2820.42362
G1 X197.669 Y94.637 E2820.44277
G1 X198.013 Y94.425 E2820.46965
G1 X198.253 Y94.207 E2820.49122
G1 X198.447 Y93.963 E2820.51196
G1 X198.586 Y93.721 E2820.53052
G1 X198.726 Y93.342 E2820.5574
G1 X198.78 Y93.023 E2820.57892
G1 X198.785 Y92.744 E2820.59748
G1 X198.744 Y92.438 E2820.61802
G1 X198.629 Y92.073 E2820.64348
G1 X198.487 Y91.799 E2820.664
G1 X198.323 Y91.573 E2820.68258
G0 F9000 X198.778 Y90.464
G1 F1685.7 X199.067 Y90.737 E2820.70902
G1 X199.263 Y90.969 E2820.72923
G1 X199.44 Y91.226 E2820.74999
G1 X199.633 Y91.594 E2820.77763
G1 X199.751 Y91.902 E2820.79957
G1 X199.85 Y92.301 E2820.82691
G1 X199.891 Y92.623 E2820.84851
G1 X199.899 Y92.941 E2820.86967
G1 X199.873 Y93.257 E2820.89076
G1 X199.814 Y93.577 E2820.9124
G1 X199.728 Y93.866 E2820.93246
G1 X199.619 Y94.138 E2820.95195
G1 X199.488 Y94.394 E2820.97108
G1 X199.336 Y94.634 E2820.98998
G1 X199.153 Y94.868 E2821.00974
G1 X198.949 Y95.084 E2821.0295
G1 X198.707 Y95.294 E2821.05082
G1 X198.497 Y95.444 E2821.06798
G1 X198.202 Y95.614 E2821.09063
G1 X197.957 Y95.726 E2821.10855
G1 X197.716 Y95.812 E2821.12557
G1 X197.401 Y95.891 E2821.14718
G1 X197.221 Y95.921 E2821.15932
G1 X196.914 Y95.948 E2821.17982
G1 X196.602 Y95.944 E2821.20057
G1 X196.297 Y95.91 E2821.22099
G1 X195.972 Y95.837 E2821.24314
G1 X195.67 Y95.737 E2821.26431
G1 X195.41 Y95.621 E2821.28325
G1 X195.164 Y95.483 E2821.30201
G1 X194.821 Y95.236 E2821.33013
G1 X194.532 Y94.963 E2821.35657
G1 X194.336 Y94.731 E2821.37677
G1 X194.159 Y94.474 E2821.39753
G1 X193.966 Y94.106 E2821.42517
G1 X193.848 Y93.798 E2821.44711
G1 X193.78 Y93.551 E2821.46416
G1 X193.722 Y93.218 E2821.48664
G1 X193.7 Y92.894 E2821.50824
G1 X193.708 Y92.618 E2821.52661
G1 X193.75 Y92.294 E2821.54834
G1 X193.824 Y91.98 E2821.5698
G1 X193.922 Y91.697 E2821.58972
G1 X194.054 Y91.41 E2821.61074
G1 X194.265 Y91.064 E2821.6377
G1 X194.446 Y90.832 E2821.65727
G1 X194.65 Y90.616 E2821.67703
G1 X194.842 Y90.446 E2821.69409
G1 X195.094 Y90.262 E2821.71485
G1 X195.377 Y90.096 E2821.73667
G1 X195.749 Y89.933 E2821.76369
G1 X196.06 Y89.84 E2821.78528
G1 X196.378 Y89.779 E2821.80682
G1 X196.685 Y89.752 E2821.82732
G1 X196.997 Y89.756 E2821.84808
G1 X197.302 Y89.79 E2821.86849
G1 X197.627 Y89.863 E2821.89065
G1 X197.929 Y89.963 E2821.91181
G1 X198.189 Y90.079 E2821.93075
G1 X198.435 Y90.217 E2821.94951
G1 X198.778 Y90.464 E2821.97763
G0 F9000 X198.4 Y90.887
;TYPE:SKIN
G1 F1475 X198.8 Y91.31 E2821.99997
G1 X199.2 Y92.856 E2822.06125
G1 X198.8 Y94.386 E2822.12194
G1 X197.6 Y95.26 E2822.17891
G1 X196.4 Y95.358 E2822.22511
G1 X195.2 Y94.813 E2822.27569
G1 X194.8 Y94.39 E2822.29803
G1 X194.4 Y92.846 E2822.35923
G1 X194.8 Y91.309 E2822.42018
G1 X196 Y90.439 E2822.47706
G1 X197.2 Y90.338 E2822.52327
G1 X198 Y90.613 E2822.55573
G1 F1500 E2821.55573
G1 F300 Z5.2
G0 F9000 X104.971 Y91.946 Z5.2
;TYPE:WALL-OUTER
G1 F300 Z5
G1 F1500 E2822.58234
G1 F1685.7 X104.828 Y91.708 E2822.60081
G1 X104.638 Y91.477 E2822.62071
G1 X104.424 Y91.283 E2822.63992
G1 X104.112 Y91.084 E2822.66454
G1 X103.88 Y90.982 E2822.6814
G1 X103.612 Y90.905 E2822.69995
G1 X103.27 Y90.863 E2822.72287
G1 X102.936 Y90.879 E2822.74511
G1 X102.598 Y90.955 E2822.76815
G1 X102.329 Y91.064 E2822.78746
G1 X102.062 Y91.221 E2822.80807
G1 X101.747 Y91.493 E2822.83575
G1 X101.553 Y91.737 E2822.85649
G1 X101.414 Y91.979 E2822.87505
G1 X101.274 Y92.358 E2822.90193
G1 X101.22 Y92.677 E2822.92345
G1 X101.215 Y92.953 E2822.94181
G1 X101.247 Y93.22 E2822.9597
G1 X101.344 Y93.561 E2822.98328
G1 X101.466 Y93.821 E2823.00239
G1 X101.606 Y94.038 E2823.01957
G1 X101.812 Y94.273 E2823.04035
G1 X102.024 Y94.452 E2823.05881
G1 X102.269 Y94.606 E2823.07806
G1 X102.543 Y94.726 E2823.09796
G1 X102.789 Y94.795 E2823.11495
G1 X103.164 Y94.837 E2823.14005
G1 X103.422 Y94.826 E2823.15723
G1 X103.815 Y94.741 E2823.18398
G1 X104.073 Y94.636 E2823.20251
G1 X104.34 Y94.478 E2823.22315
G1 X104.556 Y94.304 E2823.2416
G1 X104.746 Y94.099 E2823.26019
G1 X104.928 Y93.834 E2823.28157
G1 X105.038 Y93.607 E2823.29835
G1 X105.129 Y93.332 E2823.31762
G1 X105.181 Y93.023 E2823.33847
G1 X105.186 Y92.745 E2823.35696
G1 X105.155 Y92.483 E2823.37451
G1 X105.08 Y92.203 E2823.39379
G1 X104.971 Y91.946 E2823.41236
G0 F9000 X106.034 Y91.594
G1 F1685.7 X106.152 Y91.902 E2823.4343
G1 X106.251 Y92.301 E2823.46165
G1 X106.292 Y92.623 E2823.48324
G1 X106.3 Y92.941 E2823.5044
G1 X106.274 Y93.257 E2823.5255
G1 X106.215 Y93.577 E2823.54714
G1 X106.129 Y93.866 E2823.5672
G1 X106.02 Y94.138 E2823.58669
G1 X105.889 Y94.394 E2823.60582
G1 X105.737 Y94.634 E2823.62472
G1 X105.554 Y94.868 E2823.64448
G1 X105.35 Y95.084 E2823.66424
G1 X105.108 Y95.294 E2823.68555
G1 X104.898 Y95.444 E2823.70272
G1 X104.603 Y95.614 E2823.72537
G1 X104.358 Y95.726 E2823.74329
G1 X104.117 Y95.812 E2823.76031
G1 X103.802 Y95.891 E2823.78191
G1 X103.622 Y95.921 E2823.79405
G1 X103.315 Y95.948 E2823.81455
G1 X103.003 Y95.944 E2823.83531
G1 X102.698 Y95.91 E2823.85572
G1 X102.373 Y95.837 E2823.87788
G1 X102.071 Y95.737 E2823.89904
G1 X101.811 Y95.621 E2823.91798
G1 X101.565 Y95.483 E2823.93675
G1 X101.222 Y95.236 E2823.96486
G1 X100.933 Y94.963 E2823.99131
G1 X100.737 Y94.731 E2824.01151
G1 X100.56 Y94.474 E2824.03227
G1 X100.367 Y94.106 E2824.05991
G1 X100.249 Y93.798 E2824.08185
G1 X100.181 Y93.551 E2824.09889
G1 X100.123 Y93.218 E2824.12138
G1 X100.101 Y92.894 E2824.14298
G1 X100.109 Y92.618 E2824.16135
G1 X100.151 Y92.294 E2824.18308
G1 X100.225 Y91.98 E2824.20454
G1 X100.323 Y91.697 E2824.22446
G1 X100.455 Y91.41 E2824.24547
G1 X100.667 Y91.062 E2824.27258
G1 X100.847 Y90.832 E2824.29201
G1 X101.051 Y90.616 E2824.31177
G1 X101.243 Y90.446 E2824.32883
G1 X101.495 Y90.262 E2824.34959
G1 X101.778 Y90.096 E2824.37141
G1 X102.15 Y89.933 E2824.39843
G1 X102.461 Y89.84 E2824.42002
G1 X102.779 Y89.779 E2824.44156
G1 X103.086 Y89.752 E2824.46206
G1 X103.398 Y89.756 E2824.48282
G1 X103.703 Y89.79 E2824.50323
G1 X104.028 Y89.863 E2824.52539
G1 X104.33 Y89.963 E2824.54655
G1 X104.59 Y90.079 E2824.56549
G1 X104.836 Y90.217 E2824.58425
G1 X105.179 Y90.464 E2824.61237
G1 X105.468 Y90.737 E2824.63882
G1 X105.664 Y90.969 E2824.65902
G1 X105.841 Y91.226 E2824.67978
G1 X106.034 Y91.594 E2824.70742
G0 F9000 X105.599 Y92.856
;TYPE:SKIN
G1 F1475 X105.199 Y94.391 E2824.77651
G1 X103.999 Y95.26 E2824.84105
G1 X102.799 Y95.357 E2824.89349
G1 X101.599 Y94.812 E2824.9509
G1 X101.199 Y94.389 E2824.97626
G1 X100.799 Y92.846 E2825.04569
G1 X101.199 Y91.311 E2825.11479
G1 X102.399 Y90.44 E2825.17938
G1 X103.599 Y90.339 E2825.23183
G1 X104.799 Y90.887 E2825.28929
G1 X105.199 Y91.31 E2825.31465
G1 F1500 E2824.31465
G1 F300 Z5.2
G0 F9000 X104.478 Y211.342 Z5.2
;TYPE:WALL-OUTER
G1 F300 Z5
G1 F1500 E2825.34126
G1 F1685.7 X104.255 Y211.18 E2825.3596
G1 X104.008 Y211.049 E2825.3782
G1 X103.749 Y210.954 E2825.39655
G1 X103.432 Y210.891 E2825.41805
G1 X103.27 Y210.878 E2825.42886
G1 X102.936 Y210.894 E2825.4511
G1 X102.598 Y210.97 E2825.47415
G1 X102.329 Y211.079 E2825.49345
G1 X102.035 Y211.255 E2825.51625
G1 X101.779 Y211.475 E2825.5387
G1 X101.574 Y211.721 E2825.56
G1 X101.384 Y212.056 E2825.58562
G1 X101.274 Y212.373 E2825.60794
G1 X101.22 Y212.692 E2825.62946
G1 X101.215 Y212.971 E2825.64802
G1 X101.258 Y213.289 E2825.66937
G1 X101.345 Y213.578 E2825.68945
G1 X101.514 Y213.917 E2825.71464
G1 X101.677 Y214.142 E2825.73313
G1 X101.86 Y214.334 E2825.75077
G1 X102.089 Y214.513 E2825.7701
G1 X102.33 Y214.652 E2825.78861
G1 X102.588 Y214.756 E2825.80711
G1 X102.891 Y214.829 E2825.82785
G1 X103.231 Y214.852 E2825.85052
G1 X103.5 Y214.831 E2825.86846
G1 X103.815 Y214.756 E2825.89
G1 X104.073 Y214.651 E2825.90853
G1 X104.34 Y214.493 E2825.92917
G1 X104.556 Y214.319 E2825.94762
G1 X104.746 Y214.114 E2825.96621
G1 X104.922 Y213.858 E2825.98688
G1 X105.038 Y213.622 E2826.00437
G1 X105.129 Y213.347 E2826.02364
G1 X105.18 Y213.041 E2826.04428
G1 X105.187 Y212.772 E2826.06218
G1 X105.144 Y212.452 E2826.08365
G1 X105.017 Y212.056 E2826.11132
G1 X104.868 Y211.782 E2826.13207
G1 X104.701 Y211.56 E2826.15054
G1 X104.478 Y211.342 E2826.17129
G0 F9000 X105.179 Y210.479
G1 F1685.7 X105.468 Y210.752 E2826.19773
G1 X105.664 Y210.984 E2826.21794
G1 X105.841 Y211.241 E2826.2387
G1 X106.034 Y211.609 E2826.26634
G1 X106.152 Y211.917 E2826.28828
G1 X106.251 Y212.316 E2826.31562
G1 X106.292 Y212.638 E2826.33722
G1 X106.3 Y212.956 E2826.35838
G1 X106.274 Y213.272 E2826.37947
G1 X106.218 Y213.578 E2826.40016
G1 X106.129 Y213.881 E2826.42117
G1 X106.02 Y214.153 E2826.44066
G1 X105.889 Y214.409 E2826.45979
G1 X105.737 Y214.649 E2826.47869
G1 X105.554 Y214.883 E2826.49845
G1 X105.35 Y215.099 E2826.51821
G1 X105.108 Y215.309 E2826.53953
G1 X104.898 Y215.459 E2826.55669
G1 X104.603 Y215.629 E2826.57934
G1 X104.358 Y215.741 E2826.59726
G1 X104.117 Y215.827 E2826.61428
G1 X103.802 Y215.906 E2826.63589
G1 X103.622 Y215.936 E2826.64802
G1 X103.315 Y215.963 E2826.66852
G1 X103.003 Y215.959 E2826.68928
G1 X102.698 Y215.925 E2826.70969
G1 X102.373 Y215.852 E2826.73185
G1 X102.071 Y215.752 E2826.75301
G1 X101.811 Y215.636 E2826.77195
G1 X101.565 Y215.498 E2826.79072
G1 X101.222 Y215.251 E2826.81883
G1 X100.933 Y214.978 E2826.84528
G1 X100.737 Y214.746 E2826.86548
G1 X100.56 Y214.489 E2826.88624
G1 X100.367 Y214.121 E2826.91388
G1 X100.249 Y213.813 E2826.93582
G1 X100.181 Y213.566 E2826.95286
G1 X100.123 Y213.233 E2826.97535
G1 X100.101 Y212.909 E2826.99695
G1 X100.109 Y212.633 E2827.01532
G1 X100.151 Y212.309 E2827.03705
G1 X100.225 Y211.995 E2827.05851
G1 X100.323 Y211.712 E2827.07843
G1 X100.455 Y211.425 E2827.09945
G1 X100.667 Y211.077 E2827.12655
G1 X100.847 Y210.847 E2827.14598
G1 X101.051 Y210.631 E2827.16574
G1 X101.243 Y210.461 E2827.1828
G1 X101.495 Y210.277 E2827.20356
G1 X101.778 Y210.111 E2827.22538
G1 X102.15 Y209.948 E2827.2524
G1 X102.461 Y209.855 E2827.27399
G1 X102.779 Y209.794 E2827.29553
G1 X103.086 Y209.767 E2827.31603
G1 X103.398 Y209.771 E2827.33679
G1 X103.703 Y209.805 E2827.3572
G1 X104.028 Y209.878 E2827.37936
G1 X104.33 Y209.978 E2827.40052
G1 X104.59 Y210.094 E2827.41946
G1 X104.836 Y210.232 E2827.43822
G1 X105.179 Y210.479 E2827.46634
G0 F9000 X104.799 Y210.904
;TYPE:SKIN
G1 F1475 X105.199 Y211.325 E2827.48863
G1 X105.599 Y212.872 E2827.54995
G1 X105.199 Y214.407 E2827.61083
G1 X103.999 Y215.276 E2827.66769
G1 X102.799 Y215.376 E2827.71391
G1 X101.599 Y214.828 E2827.76454
G1 X101.199 Y214.402 E2827.78696
G1 X100.799 Y212.862 E2827.84803
G1 X101.199 Y211.331 E2827.90876
G1 X102.399 Y210.456 E2827.96575
G1 X103.599 Y210.356 E2828.01197
G1 X104.399 Y210.627 E2828.04438
G1 F1500 E2827.04438
G1 F300 Z5.2
G0 F9000 X197.733 Y211.109 Z5.2
;TYPE:WALL-OUTER
G1 F300 Z5
G1 F1500 E2828.07099
G1 F1685.7 X197.479 Y210.997 E2828.08946
G1 X197.211 Y210.92 E2828.10801
G1 X196.869 Y210.878 E2828.13093
G1 X196.578 Y210.889 E2828.1503
G1 X196.185 Y210.974 E2828.17705
G1 X195.927 Y211.079 E2828.19558
G1 X195.634 Y211.255 E2828.21831
G1 X195.378 Y211.475 E2828.24077
G1 X195.173 Y211.721 E2828.26207
G1 X194.983 Y212.056 E2828.28769
G1 X194.873 Y212.373 E2828.31001
G1 X194.819 Y212.692 E2828.33153
G1 X194.814 Y212.971 E2828.35009
G1 X194.857 Y213.289 E2828.37144
G1 X194.944 Y213.578 E2828.39151
G1 X195.113 Y213.917 E2828.41671
G1 X195.276 Y214.142 E2828.43519
G1 X195.459 Y214.334 E2828.45284
G1 X195.681 Y214.509 E2828.47164
G1 X195.96 Y214.667 E2828.49297
G1 X196.251 Y214.776 E2828.51364
G1 X196.568 Y214.839 E2828.53514
G1 X196.893 Y214.851 E2828.55677
G1 X197.237 Y214.804 E2828.57987
G1 X197.563 Y214.7 E2828.60263
G1 X197.813 Y214.575 E2828.62122
G1 X198.051 Y214.41 E2828.64049
G1 X198.254 Y214.221 E2828.65894
G1 X198.447 Y213.978 E2828.67958
G1 X198.585 Y213.737 E2828.69805
G1 X198.726 Y213.357 E2828.72502
G1 X198.779 Y213.041 E2828.74633
G1 X198.786 Y212.772 E2828.76423
G1 X198.743 Y212.452 E2828.78571
G1 X198.656 Y212.153 E2828.80642
G1 X198.528 Y211.882 E2828.82636
G1 X198.367 Y211.644 E2828.84547
G1 X198.188 Y211.442 E2828.86343
G1 X197.968 Y211.257 E2828.88255
G1 X197.733 Y211.109 E2828.90102
G0 F9000 X198.778 Y210.479
G1 F1685.7 X199.067 Y210.752 E2828.92747
G1 X199.263 Y210.984 E2828.94767
G1 X199.44 Y211.241 E2828.96843
G1 X199.633 Y211.609 E2828.99607
G1 X199.751 Y211.917 E2829.01801
G1 X199.85 Y212.316 E2829.04536
G1 X199.891 Y212.638 E2829.06695
G1 X199.899 Y212.956 E2829.08811
G1 X199.873 Y213.272 E2829.1092
G1 X199.817 Y213.578 E2829.12989
G1 X199.728 Y213.881 E2829.1509
G1 X199.619 Y214.153 E2829.17039
G1 X199.488 Y214.409 E2829.18952
G1 X199.336 Y214.649 E2829.20842
G1 X199.153 Y214.883 E2829.22818
G1 X198.949 Y215.099 E2829.24794
G1 X198.707 Y215.309 E2829.26926
G1 X198.497 Y215.459 E2829.28642
G1 X198.202 Y215.629 E2829.30907
G1 X197.957 Y215.741 E2829.32699
G1 X197.716 Y215.827 E2829.34401
G1 X197.401 Y215.906 E2829.36562
G1 X197.221 Y215.936 E2829.37776
G1 X196.914 Y215.963 E2829.39826
G1 X196.602 Y215.959 E2829.41901
G1 X196.297 Y215.925 E2829.43943
G1 X195.972 Y215.852 E2829.46158
G1 X195.67 Y215.752 E2829.48275
G1 X195.41 Y215.636 E2829.50168
G1 X195.164 Y215.498 E2829.52045
G1 X194.821 Y215.251 E2829.54856
G1 X194.532 Y214.978 E2829.57501
G1 X194.336 Y214.746 E2829.59521
G1 X194.159 Y214.489 E2829.61597
G1 X193.966 Y214.121 E2829.64361
G1 X193.848 Y213.813 E2829.66555
G1 X193.78 Y213.566 E2829.68259
G1 X193.722 Y213.233 E2829.70508
G1 X193.7 Y212.909 E2829.72668
G1 X193.708 Y212.633 E2829.74505
G1 X193.75 Y212.309 E2829.76678
G1 X193.824 Y211.995 E2829.78824
G1 X193.922 Y211.712 E2829.80816
G1 X194.054 Y211.425 E2829.82918
G1 X194.266 Y211.077 E2829.85628
G1 X194.446 Y210.847 E2829.87571
G1 X194.65 Y210.631 E2829.89548
G1 X194.842 Y210.461 E2829.91253
G1 X195.094 Y210.277 E2829.93329
G1 X195.377 Y210.111 E2829.95511
G1 X195.749 Y209.948 E2829.98213
G1 X196.06 Y209.855 E2830.00372
G1 X196.378 Y209.794 E2830.02526
G1 X196.685 Y209.767 E2830.04576
G1 X196.997 Y209.771 E2830.06652
G1 X197.302 Y209.805 E2830.08693
G1 X197.627 Y209.878 E2830.10909
G1 X197.929 Y209.978 E2830.13025
G1 X198.189 Y210.094 E2830.14919
G1 X198.435 Y210.232 E2830.16796
G1 X198.778 Y210.479 E2830.19607
G0 F9000 X198.399 Y210.901
;TYPE:SKIN
G1 F1475 X198.799 Y211.322 E2830.21836
G1 X199.199 Y212.871 E2830.27977
G1 X198.799 Y214.401 E2830.34048
G1 X197.599 Y215.274 E2830.39744
G1 X196.399 Y215.372 E2830.44365
G1 X195.199 Y214.828 E2830.49423
G1 X194.799 Y214.403 E2830.51663
G1 X194.399 Y212.861 E2830.57778
G1 X194.799 Y211.329 E2830.63856
G1 X195.999 Y210.454 E2830.69556
G1 X197.199 Y210.354 E2830.74178
G1 X197.599 Y210.452 E2830.75759
G0 F9000 X197.999 Y210.376
G1 F1475 X197.999 Y210.881 E2830.77439
G1 F1500 E2829.77439
G1 F300 Z5.2
;MESH:NONMESH
G0 F9000 X198.302 Y91.548 Z5.2
;TIME_ELAPSED:6006.606433
;LAYER:25
;TYPE:WALL-OUTER
;MESH:Top of Case.STL
G1 F300 Z5.2
G1 F1500 E2830.801
G1 F1766.2 X198.087 Y91.335 E2830.82113
G1 X197.881 Y91.182 E2830.8382
G1 X197.614 Y91.036 E2830.85844
G1 X197.347 Y90.939 E2830.87734
G1 X197.076 Y90.882 E2830.89576
G1 X196.769 Y90.863 E2830.91622
G1 X196.386 Y90.905 E2830.94185
G1 X196.119 Y90.982 E2830.96033
G1 X195.865 Y91.095 E2830.97883
G1 X195.634 Y91.24 E2830.99697
G1 X195.345 Y91.494 E2831.02256
G1 X195.152 Y91.737 E2831.04321
G1 X195.014 Y91.977 E2831.06162
G1 X194.873 Y92.359 E2831.08871
G1 X194.819 Y92.677 E2831.11016
G1 X194.814 Y92.953 E2831.12853
G1 X194.846 Y93.221 E2831.14648
G1 X194.944 Y93.564 E2831.17021
G1 X195.065 Y93.822 E2831.18917
G1 X195.234 Y94.073 E2831.2093
G1 X195.512 Y94.365 E2831.23611
G1 X195.718 Y94.518 E2831.25318
G1 X196.02 Y94.678 E2831.27592
G1 X196.386 Y94.795 E2831.30148
G1 X196.661 Y94.833 E2831.31995
G1 X196.963 Y94.831 E2831.34003
G1 X197.213 Y94.795 E2831.35684
G1 X197.48 Y94.718 E2831.37532
G1 X197.734 Y94.605 E2831.39381
G1 X197.968 Y94.458 E2831.4122
G1 X198.171 Y94.289 E2831.42977
G1 X198.344 Y94.101 E2831.44676
G1 X198.503 Y93.874 E2831.4652
G1 X198.629 Y93.627 E2831.48364
G1 X198.726 Y93.341 E2831.50373
G1 X198.776 Y93.06 E2831.52272
G1 X198.787 Y92.793 E2831.54049
G1 X198.739 Y92.414 E2831.56591
G1 X198.655 Y92.136 E2831.58522
G1 X198.474 Y91.778 E2831.61191
G1 X198.302 Y91.548 E2831.63101
G0 F9000 X199.248 Y90.948
G1 F1766.2 X199.447 Y91.237 E2831.65436
G1 X199.594 Y91.509 E2831.67492
G1 X199.751 Y91.902 E2831.70307
G1 X199.85 Y92.301 E2831.73042
G1 X199.891 Y92.623 E2831.75201
G1 X199.899 Y92.938 E2831.77297
G1 X199.859 Y93.35 E2831.80051
G1 X199.795 Y93.646 E2831.82065
G1 X199.706 Y93.928 E2831.84032
G1 X199.525 Y94.329 E2831.86959
G1 X199.356 Y94.604 E2831.89106
G1 X199.178 Y94.838 E2831.91062
G1 X198.95 Y95.083 E2831.93288
G1 X198.738 Y95.269 E2831.95164
G1 X198.497 Y95.444 E2831.97145
G1 X198.202 Y95.614 E2831.9941
G1 X197.956 Y95.726 E2832.01208
G1 X197.716 Y95.812 E2832.02904
G1 X197.401 Y95.891 E2832.05064
G1 X197.221 Y95.921 E2832.06278
G1 X196.914 Y95.948 E2832.08328
G1 X196.615 Y95.944 E2832.10318
G1 X196.287 Y95.908 E2832.12512
G1 X196.001 Y95.845 E2832.14461
G1 X195.708 Y95.752 E2832.16505
G1 X195.444 Y95.638 E2832.18418
G1 X195.204 Y95.508 E2832.20234
G1 X194.964 Y95.349 E2832.22149
G1 X194.713 Y95.142 E2832.24313
G1 X194.527 Y94.958 E2832.26054
G1 X194.351 Y94.752 E2832.27856
G1 X194.152 Y94.463 E2832.3019
G1 X193.998 Y94.177 E2832.32351
G1 X193.848 Y93.798 E2832.35062
G1 X193.781 Y93.556 E2832.36733
G1 X193.722 Y93.218 E2832.39015
G1 X193.7 Y92.894 E2832.41175
G1 X193.706 Y92.641 E2832.42859
G1 X193.74 Y92.35 E2832.44808
G1 X193.804 Y92.054 E2832.46822
G1 X193.893 Y91.772 E2832.48789
G1 X194.079 Y91.362 E2832.51784
G1 X194.243 Y91.096 E2832.53863
G1 X194.43 Y90.851 E2832.55913
G1 X194.649 Y90.617 E2832.58045
G1 X194.842 Y90.446 E2832.5976
G1 X195.103 Y90.255 E2832.61912
G1 X195.405 Y90.081 E2832.6423
G1 X195.696 Y89.953 E2832.66345
G1 X195.999 Y89.855 E2832.68463
G1 X196.304 Y89.79 E2832.70538
G1 X196.638 Y89.755 E2832.72771
G1 X196.937 Y89.753 E2832.7476
G1 X197.25 Y89.782 E2832.76851
G1 X197.575 Y89.848 E2832.79058
G1 X197.887 Y89.947 E2832.81235
G1 X198.155 Y90.062 E2832.83175
G1 X198.416 Y90.205 E2832.85155
G1 X198.632 Y90.349 E2832.86881
G1 X198.886 Y90.558 E2832.8907
G1 X199.072 Y90.742 E2832.9081
G1 X199.248 Y90.948 E2832.92612
G0 F9000 X198.721 Y91.2
;TYPE:SKIN
G1 F1545.4 X198.268 Y90.8 E2832.94936
G1 X196.799 Y90.4 E2833.0079
G1 X195.325 Y90.8 E2833.06663
G1 X194.59 Y91.6 E2833.10841
G1 X194.26 Y92.8 E2833.15626
G1 X194.535 Y94 E2833.2036
G1 X195.19 Y94.8 E2833.24336
G1 X196.796 Y95.2 E2833.307
G1 X198.403 Y94.8 E2833.37068
G1 X199.224 Y93.6 E2833.42659
G1 X199.3 Y92.4 E2833.47283
G1 X199.012 Y91.6 E2833.50552
G1 F1500 E2832.50552
G1 F300 Z5.4
G0 F9000 X197.036 Y95.6 Z5.4
G1 F300 Z5.2
G1 F1500 E2833.53213
G1 F1545.4 X196.565 Y95.6 E2833.54779
G1 F1500 E2832.54779
G1 F300 Z5.4
G0 F9000 X105.056 Y92.136 Z5.4
;TYPE:WALL-OUTER
G1 F300 Z5.2
G1 F1500 E2833.5744
G1 F1766.2 X104.875 Y91.778 E2833.60109
G1 X104.703 Y91.548 E2833.62019
G1 X104.488 Y91.335 E2833.64032
G1 X104.282 Y91.183 E2833.65735
G1 X104.029 Y91.044 E2833.67656
G1 X103.648 Y90.913 E2833.70336
G1 X103.337 Y90.866 E2833.72428
G1 X103.17 Y90.863 E2833.73539
G1 X102.787 Y90.905 E2833.76102
G1 X102.52 Y90.982 E2833.7795
G1 X102.266 Y91.095 E2833.798
G1 X102.035 Y91.24 E2833.81614
G1 X101.746 Y91.494 E2833.84173
G1 X101.553 Y91.737 E2833.86238
G1 X101.415 Y91.977 E2833.88079
G1 X101.274 Y92.359 E2833.90788
G1 X101.228 Y92.61 E2833.92485
G1 X101.213 Y92.908 E2833.9447
G1 X101.247 Y93.221 E2833.96564
G1 X101.345 Y93.564 E2833.98937
G1 X101.466 Y93.822 E2834.00833
G1 X101.635 Y94.073 E2834.02846
G1 X101.913 Y94.365 E2834.05528
G1 X102.119 Y94.518 E2834.07235
G1 X102.421 Y94.678 E2834.09508
G1 X102.787 Y94.795 E2834.12064
G1 X103.062 Y94.833 E2834.13911
G1 X103.365 Y94.831 E2834.15926
G1 X103.65 Y94.787 E2834.17845
G1 X103.945 Y94.693 E2834.19904
G1 X104.193 Y94.572 E2834.2174
G1 X104.424 Y94.417 E2834.2359
G1 X104.654 Y94.207 E2834.25662
G1 X104.829 Y93.991 E2834.27511
G1 X104.972 Y93.753 E2834.29358
G1 X105.081 Y93.496 E2834.31215
G1 X105.158 Y93.195 E2834.33282
G1 X105.188 Y92.793 E2834.35964
G1 X105.14 Y92.414 E2834.38505
G1 X105.056 Y92.136 E2834.40437
G0 F9000 X106.152 Y91.902
G1 F1766.2 X106.251 Y92.301 E2834.43171
G1 X106.292 Y92.623 E2834.45331
G1 X106.3 Y92.938 E2834.47427
G1 X106.26 Y93.35 E2834.5018
G1 X106.196 Y93.646 E2834.52195
G1 X106.107 Y93.928 E2834.54162
G1 X105.927 Y94.327 E2834.57073
G1 X105.757 Y94.604 E2834.59235
G1 X105.579 Y94.838 E2834.61191
G1 X105.351 Y95.083 E2834.63417
G1 X105.139 Y95.269 E2834.65293
G1 X104.898 Y95.444 E2834.67275
G1 X104.603 Y95.614 E2834.6954
G1 X104.357 Y95.726 E2834.71338
G1 X104.117 Y95.812 E2834.73033
G1 X103.802 Y95.891 E2834.75194
G1 X103.622 Y95.921 E2834.76408
G1 X103.315 Y95.948 E2834.78458
G1 X103.016 Y95.944 E2834.80447
G1 X102.688 Y95.908 E2834.82642
G1 X102.402 Y95.845 E2834.8459
G1 X102.109 Y95.752 E2834.86635
G1 X101.845 Y95.638 E2834.88548
G1 X101.605 Y95.508 E2834.90363
G1 X101.365 Y95.349 E2834.92278
G1 X101.114 Y95.142 E2834.94443
G1 X100.928 Y94.958 E2834.96183
G1 X100.752 Y94.752 E2834.97985
G1 X100.553 Y94.463 E2835.00319
G1 X100.399 Y94.177 E2835.0248
G1 X100.249 Y93.798 E2835.05192
G1 X100.182 Y93.556 E2835.06862
G1 X100.123 Y93.218 E2835.09144
G1 X100.101 Y92.894 E2835.11304
G1 X100.107 Y92.641 E2835.12988
G1 X100.141 Y92.35 E2835.14937
G1 X100.205 Y92.054 E2835.16951
G1 X100.294 Y91.772 E2835.18918
G1 X100.48 Y91.362 E2835.21913
G1 X100.644 Y91.096 E2835.23992
G1 X100.831 Y90.851 E2835.26042
G1 X101.05 Y90.617 E2835.28174
G1 X101.243 Y90.446 E2835.29889
G1 X101.504 Y90.255 E2835.32041
G1 X101.806 Y90.081 E2835.34359
G1 X102.097 Y89.953 E2835.36474
G1 X102.4 Y89.855 E2835.38592
G1 X102.705 Y89.79 E2835.40667
G1 X103.039 Y89.755 E2835.42901
G1 X103.338 Y89.753 E2835.4489
G1 X103.651 Y89.782 E2835.46981
G1 X103.976 Y89.848 E2835.49187
G1 X104.288 Y89.947 E2835.51364
G1 X104.556 Y90.062 E2835.53304
G1 X104.817 Y90.205 E2835.55284
G1 X105.033 Y90.349 E2835.57011
G1 X105.287 Y90.558 E2835.59199
G1 X105.473 Y90.742 E2835.60939
G1 X105.649 Y90.948 E2835.62742
G1 X105.848 Y91.237 E2835.65076
G1 X105.995 Y91.509 E2835.67132
G1 X106.152 Y91.902 E2835.69947
G0 F9000 X105.597 Y92
;TYPE:SKIN
G1 F1545.4 X105.701 Y92.4 E2835.71506
G1 X105.629 Y93.6 E2835.76039
G1 X104.805 Y94.8 E2835.81529
G1 X103.197 Y95.2 E2835.87778
G1 X101.59 Y94.8 E2835.94022
G1 X100.774 Y93.6 E2835.99495
G1 X100.7 Y92.4 E2836.04029
G1 X101.28 Y91.2 E2836.09055
G1 X101.727 Y90.8 E2836.11317
G1 X103.201 Y90.4 E2836.17076
G1 X104.667 Y90.8 E2836.22807
G1 X105.412 Y91.6 E2836.26929
G1 F1500 E2835.26929
G1 F300 Z5.4
G0 F9000 X103.448 Y95.6 Z5.4
G1 F300 Z5.2
G1 F1500 E2836.2959
G1 F1545.4 X102.957 Y95.6 E2836.31223
G1 F1500 E2835.31223
G1 F300 Z5.4
G0 F9000 X104.48 Y211.344 Z5.4
;TYPE:WALL-OUTER
G1 F300 Z5.2
G1 F1500 E2836.33884
G1 F1766.2 X104.255 Y211.18 E2836.35736
G1 X103.987 Y211.039 E2836.37751
G1 X103.726 Y210.948 E2836.39589
G1 X103.477 Y210.897 E2836.4128
G1 X103.176 Y210.877 E2836.43287
G1 X102.924 Y210.897 E2836.44968
G1 X102.64 Y210.958 E2836.469
G1 X102.393 Y211.049 E2836.48651
G1 X102.127 Y211.192 E2836.5066
G1 X101.846 Y211.41 E2836.53026
G1 X101.67 Y211.597 E2836.54734
G1 X101.497 Y211.841 E2836.56724
G1 X101.375 Y212.077 E2836.58491
G1 X101.274 Y212.376 E2836.60591
G1 X101.22 Y212.693 E2836.6273
G1 X101.215 Y212.971 E2836.64579
G1 X101.258 Y213.286 E2836.66694
G1 X101.345 Y213.58 E2836.68734
G1 X101.462 Y213.83 E2836.7057
G1 X101.635 Y214.088 E2836.72636
G1 X101.878 Y214.35 E2836.75013
G1 X102.117 Y214.531 E2836.77007
G1 X102.456 Y214.708 E2836.79551
G1 X102.753 Y214.802 E2836.81624
G1 X103.064 Y214.849 E2836.83716
G1 X103.34 Y214.848 E2836.85552
G1 X103.614 Y214.81 E2836.87392
G1 X103.881 Y214.733 E2836.8924
G1 X104.134 Y214.62 E2836.91084
G1 X104.396 Y214.453 E2836.9315
G1 X104.621 Y214.255 E2836.95144
G1 X104.849 Y213.977 E2836.97536
G1 X105.016 Y213.675 E2836.99831
G1 X105.13 Y213.342 E2837.02173
G1 X105.18 Y213.04 E2837.04209
G1 X105.187 Y212.771 E2837.05999
G1 X105.14 Y212.431 E2837.08282
G1 X105.03 Y212.089 E2837.10672
G1 X104.848 Y211.752 E2837.1322
G1 X104.686 Y211.545 E2837.14968
G1 X104.48 Y211.344 E2837.16883
G0 F9000 X105.033 Y210.364
G1 F1766.2 X105.287 Y210.573 E2837.19071
G1 X105.473 Y210.757 E2837.20811
G1 X105.649 Y210.963 E2837.22614
G1 X105.848 Y211.252 E2837.24948
G1 X105.995 Y211.524 E2837.27004
G1 X106.152 Y211.917 E2837.2982
G1 X106.251 Y212.316 E2837.32554
G1 X106.292 Y212.638 E2837.34713
G1 X106.3 Y212.953 E2837.36809
G1 X106.26 Y213.365 E2837.39563
G1 X106.196 Y213.661 E2837.41577
G1 X106.107 Y213.943 E2837.43545
G1 X105.926 Y214.344 E2837.46471
G1 X105.757 Y214.619 E2837.48618
G1 X105.58 Y214.852 E2837.50565
G1 X105.351 Y215.098 E2837.528
G1 X105.139 Y215.284 E2837.54676
G1 X104.898 Y215.459 E2837.56658
G1 X104.603 Y215.629 E2837.58923
G1 X104.357 Y215.741 E2837.60721
G1 X104.117 Y215.827 E2837.62416
G1 X103.802 Y215.906 E2837.64577
G1 X103.622 Y215.936 E2837.65791
G1 X103.315 Y215.963 E2837.67841
G1 X103.016 Y215.959 E2837.6983
G1 X102.688 Y215.923 E2837.72025
G1 X102.402 Y215.86 E2837.73973
G1 X102.109 Y215.767 E2837.76018
G1 X101.845 Y215.653 E2837.77931
G1 X101.605 Y215.523 E2837.79746
G1 X101.365 Y215.364 E2837.81661
G1 X101.114 Y215.157 E2837.83825
G1 X100.928 Y214.973 E2837.85566
G1 X100.752 Y214.767 E2837.87368
G1 X100.553 Y214.478 E2837.89702
G1 X100.399 Y214.192 E2837.91863
G1 X100.249 Y213.813 E2837.94574
G1 X100.182 Y213.571 E2837.96245
G1 X100.123 Y213.233 E2837.98527
G1 X100.101 Y212.909 E2838.00687
G1 X100.107 Y212.656 E2838.02371
G1 X100.141 Y212.365 E2838.0432
G1 X100.205 Y212.069 E2838.06334
G1 X100.294 Y211.787 E2838.08301
G1 X100.48 Y211.377 E2838.11296
G1 X100.644 Y211.111 E2838.13375
G1 X100.831 Y210.866 E2838.15425
G1 X101.05 Y210.632 E2838.17557
G1 X101.243 Y210.461 E2838.19272
G1 X101.504 Y210.27 E2838.21424
G1 X101.806 Y210.096 E2838.23742
G1 X102.097 Y209.968 E2838.25857
G1 X102.4 Y209.87 E2838.27975
G1 X102.705 Y209.805 E2838.3005
G1 X103.039 Y209.77 E2838.32284
G1 X103.338 Y209.768 E2838.34273
G1 X103.651 Y209.797 E2838.36364
G1 X103.976 Y209.863 E2838.3857
G1 X104.288 Y209.962 E2838.40747
G1 X104.556 Y210.077 E2838.42687
G1 X104.817 Y210.22 E2838.44667
G1 X105.033 Y210.364 E2838.46394
G0 F9000 X104.643 Y210.8
;TYPE:SKIN
G1 F1545.4 X103.199 Y210.4 E2838.52255
G1 X101.756 Y210.8 E2838.58112
G1 X101.001 Y211.6 E2838.62415
G1 X100.66 Y212.8 E2838.67294
G1 X100.927 Y214 E2838.72103
G1 X101.572 Y214.8 E2838.76123
G1 X103.198 Y215.2 E2838.82672
G1 X104.821 Y214.8 E2838.89211
G1 X105.628 Y213.6 E2838.94867
G1 X105.698 Y212.4 E2838.99569
G1 X105.107 Y211.2 E2839.04801
G1 F1500 E2838.04801
G1 F300 Z5.4
G0 F9000 X103.596 Y215.6 Z5.4
G1 F300 Z5.2
G1 F1500 E2839.07462
G1 F1545.4 X102.817 Y215.6 E2839.10053
G1 F1500 E2838.10053
G1 F300 Z5.4
G0 F9000 X197.586 Y211.039 Z5.4
;TYPE:WALL-OUTER
G1 F300 Z5.2
G1 F1500 E2839.12714
G1 F1766.2 X197.325 Y210.948 E2839.14553
G1 X197.076 Y210.897 E2839.16243
G1 X196.775 Y210.877 E2839.1825
G1 X196.49 Y210.901 E2839.20153
G1 X196.187 Y210.974 E2839.22226
G1 X195.929 Y211.078 E2839.24076
G1 X195.61 Y211.272 E2839.2656
G1 X195.346 Y211.508 E2839.28915
G1 X195.172 Y211.723 E2839.30755
G1 X195.04 Y211.941 E2839.3245
G1 X194.919 Y212.219 E2839.34467
G1 X194.842 Y212.52 E2839.36534
G1 X194.812 Y212.924 E2839.39229
G1 X194.857 Y213.287 E2839.41662
G1 X194.944 Y213.58 E2839.43695
G1 X195.061 Y213.83 E2839.45531
G1 X195.234 Y214.088 E2839.47598
G1 X195.477 Y214.35 E2839.49975
G1 X195.716 Y214.531 E2839.51969
G1 X196.055 Y214.708 E2839.54513
G1 X196.352 Y214.802 E2839.56585
G1 X196.663 Y214.849 E2839.58677
G1 X196.939 Y214.848 E2839.60513
G1 X197.213 Y214.81 E2839.62353
G1 X197.48 Y214.733 E2839.64202
G1 X197.733 Y214.62 E2839.66045
G1 X197.996 Y214.453 E2839.68117
G1 X198.254 Y214.221 E2839.70426
G1 X198.448 Y213.977 E2839.72499
G1 X198.615 Y213.675 E2839.74795
G1 X198.729 Y213.342 E2839.77136
G1 X198.779 Y213.04 E2839.79172
G1 X198.786 Y212.771 E2839.80962
G1 X198.739 Y212.43 E2839.83252
G1 X198.655 Y212.15 E2839.85197
G1 X198.526 Y211.881 E2839.87181
G1 X198.365 Y211.642 E2839.89098
G1 X198.079 Y211.344 E2839.91846
G1 X197.854 Y211.18 E2839.93698
G1 X197.586 Y211.039 E2839.95712
G0 F9000 X198.155 Y210.077
G1 F1766.2 X198.416 Y210.22 E2839.97692
G1 X198.632 Y210.364 E2839.99419
G1 X198.886 Y210.573 E2840.01607
G1 X199.072 Y210.757 E2840.03347
G1 X199.248 Y210.963 E2840.0515
G1 X199.447 Y211.252 E2840.07484
G1 X199.594 Y211.524 E2840.0954
G1 X199.751 Y211.917 E2840.12355
G1 X199.85 Y212.316 E2840.1509
G1 X199.891 Y212.638 E2840.17249
G1 X199.899 Y212.953 E2840.19345
G1 X199.859 Y213.365 E2840.22099
G1 X199.795 Y213.661 E2840.24113
G1 X199.706 Y213.943 E2840.26081
G1 X199.525 Y214.344 E2840.29007
G1 X199.356 Y214.619 E2840.31154
G1 X199.179 Y214.852 E2840.33101
G1 X198.95 Y215.098 E2840.35336
G1 X198.738 Y215.284 E2840.37212
G1 X198.497 Y215.459 E2840.39194
G1 X198.202 Y215.629 E2840.41459
G1 X197.956 Y215.741 E2840.43257
G1 X197.716 Y215.827 E2840.44952
G1 X197.401 Y215.906 E2840.47113
G1 X197.221 Y215.936 E2840.48327
G1 X196.914 Y215.963 E2840.50377
G1 X196.615 Y215.959 E2840.52366
G1 X196.287 Y215.923 E2840.54561
G1 X196.001 Y215.86 E2840.56509
G1 X195.708 Y215.767 E2840.58554
G1 X195.444 Y215.653 E2840.60467
G1 X195.204 Y215.523 E2840.62282
G1 X194.964 Y215.364 E2840.64197
G1 X194.713 Y215.157 E2840.66361
G1 X194.527 Y214.973 E2840.68102
G1 X194.351 Y214.767 E2840.69904
G1 X194.152 Y214.478 E2840.72238
G1 X193.998 Y214.192 E2840.74399
G1 X193.848 Y213.813 E2840.7711
G1 X193.781 Y213.571 E2840.78781
G1 X193.722 Y213.233 E2840.81063
G1 X193.7 Y212.909 E2840.83223
G1 X193.706 Y212.656 E2840.84907
G1 X193.74 Y212.365 E2840.86856
G1 X193.804 Y212.069 E2840.8887
G1 X193.893 Y211.787 E2840.90837
G1 X194.079 Y211.377 E2840.93832
G1 X194.244 Y211.109 E2840.95926
G1 X194.43 Y210.866 E2840.97961
G1 X194.649 Y210.632 E2841.00093
G1 X194.842 Y210.461 E2841.01809
G1 X195.103 Y210.27 E2841.0396
G1 X195.405 Y210.096 E2841.06278
G1 X195.696 Y209.968 E2841.08393
G1 X195.999 Y209.87 E2841.10512
G1 X196.304 Y209.805 E2841.12586
G1 X196.638 Y209.77 E2841.1482
G1 X196.937 Y209.768 E2841.16809
G1 X197.25 Y209.797 E2841.189
G1 X197.575 Y209.863 E2841.21106
G1 X197.887 Y209.962 E2841.23283
G1 X198.155 Y210.077 E2841.25223
G0 F9000 X196.799 Y210.4
;TYPE:SKIN
G1 F1545.4 X195.353 Y210.8 E2841.31704
G1 X194.6 Y211.6 E2841.3645
G1 X194.261 Y212.8 E2841.41836
G1 X194.527 Y214 E2841.47145
G1 X195.172 Y214.8 E2841.51584
G1 X196.798 Y215.2 E2841.58817
G1 X198.422 Y214.8 E2841.66042
G1 X199.228 Y213.6 E2841.72286
G1 X199.298 Y212.4 E2841.77478
G1 X198.704 Y211.2 E2841.83262
G1 X198.243 Y210.8 E2841.85899
G1 F1500 E2840.85899
G1 F300 Z5.4
G0 F9000 X197.196 Y215.6 Z5.4
G1 F300 Z5.2
G1 F1500 E2841.88559
G1 F1545.4 X196.417 Y215.6 E2841.9115
G1 F1500 E2840.9115
G1 F300 Z5.4
;MESH:NONMESH
G0 F9000 X198.229 Y91.469 Z5.4
;TIME_ELAPSED:6020.448728
;LAYER:26
;TYPE:WALL-OUTER
;MESH:Top of Case.STL
G1 F300 Z5.4
G1 F1500 E2841.93811
G1 F1683.9 X198.023 Y91.283 E2841.95657
G1 X197.709 Y91.083 E2841.98134
G1 X197.478 Y90.981 E2841.99814
G1 X197.213 Y90.905 E2842.01647
G1 X196.936 Y90.866 E2842.03508
G1 X196.769 Y90.863 E2842.04619
G1 X196.385 Y90.906 E2842.0719
G1 X196.119 Y90.982 E2842.0903
G1 X195.865 Y91.095 E2842.10879
G1 X195.634 Y91.24 E2842.12693
G1 X195.346 Y91.493 E2842.15243
G1 X195.152 Y91.736 E2842.17312
G1 X195.013 Y91.979 E2842.19174
G1 X194.898 Y92.274 E2842.2128
G1 X194.838 Y92.529 E2842.23023
G1 X194.812 Y92.837 E2842.25079
G1 X194.846 Y93.221 E2842.27643
G1 X194.942 Y93.56 E2842.29987
G1 X195.065 Y93.822 E2842.31912
G1 X195.245 Y94.089 E2842.34054
G1 X195.521 Y94.372 E2842.36684
G1 X195.766 Y94.549 E2842.38694
G1 X196.02 Y94.678 E2842.40589
G1 X196.386 Y94.795 E2842.43146
G1 X196.661 Y94.833 E2842.44992
G1 X196.963 Y94.831 E2842.47001
G1 X197.214 Y94.794 E2842.48689
G1 X197.48 Y94.718 E2842.50529
G1 X197.735 Y94.604 E2842.52387
G1 X197.994 Y94.439 E2842.5443
G1 X198.254 Y94.206 E2842.56752
G1 X198.446 Y93.965 E2842.58802
G1 X198.582 Y93.73 E2842.60608
G1 X198.711 Y93.398 E2842.62978
G1 X198.769 Y93.123 E2842.64847
G1 X198.787 Y92.79 E2842.67065
G1 X198.753 Y92.48 E2842.6914
G1 X198.679 Y92.203 E2842.71047
G1 X198.56 Y91.927 E2842.73046
G1 X198.426 Y91.707 E2842.7476
G1 X198.229 Y91.469 E2842.76815
G0 F9000 X199.216 Y90.907
G1 F1683.9 X199.434 Y91.216 E2842.79331
G1 X199.583 Y91.487 E2842.81388
G1 X199.69 Y91.73 E2842.83154
G1 X199.791 Y92.039 E2842.85317
G1 X199.85 Y92.301 E2842.87103
G1 X199.891 Y92.623 E2842.89262
G1 X199.899 Y92.915 E2842.91205
G1 X199.872 Y93.258 E2842.93494
G1 X199.827 Y93.518 E2842.95249
G1 X199.758 Y93.778 E2842.97039
G1 X199.67 Y94.022 E2842.98764
G1 X199.524 Y94.329 E2843.01026
G1 X199.334 Y94.636 E2843.03427
G1 X199.067 Y94.963 E2843.06235
G1 X198.834 Y95.188 E2843.0839
G1 X198.623 Y95.357 E2843.10188
G1 X198.372 Y95.521 E2843.12183
G1 X198.105 Y95.662 E2843.14191
G1 X197.848 Y95.767 E2843.16038
G1 X197.539 Y95.86 E2843.18185
G1 X197.221 Y95.921 E2843.20339
G1 X196.891 Y95.948 E2843.22541
G1 X196.506 Y95.937 E2843.25103
G1 X196.19 Y95.89 E2843.27228
G1 X195.88 Y95.81 E2843.29358
G1 X195.595 Y95.707 E2843.31374
G1 X195.253 Y95.537 E2843.33914
G1 X195.014 Y95.384 E2843.35802
G1 X194.702 Y95.133 E2843.38466
G1 X194.5 Y94.929 E2843.40375
G1 X194.315 Y94.704 E2843.42313
G1 X194.165 Y94.484 E2843.44084
G1 X194.01 Y94.201 E2843.46231
G1 X193.906 Y93.963 E2843.47959
G1 X193.806 Y93.655 E2843.50113
G1 X193.749 Y93.398 E2843.51864
G1 X193.708 Y93.074 E2843.54036
G1 X193.7 Y92.785 E2843.55959
G1 X193.727 Y92.442 E2843.58248
G1 X193.774 Y92.174 E2843.60058
G1 X193.841 Y91.922 E2843.61793
G1 X193.929 Y91.678 E2843.63518
G1 X194.077 Y91.366 E2843.65815
G1 X194.266 Y91.062 E2843.68196
G1 X194.532 Y90.737 E2843.7099
G1 X194.772 Y90.505 E2843.7321
G1 X194.987 Y90.335 E2843.75034
G1 X195.26 Y90.159 E2843.77194
G1 X195.534 Y90.021 E2843.79235
G1 X195.888 Y89.888 E2843.81751
G1 X196.198 Y89.809 E2843.83879
G1 X196.529 Y89.761 E2843.86104
G1 X196.824 Y89.75 E2843.88067
G1 X197.093 Y89.763 E2843.89859
G1 X197.406 Y89.809 E2843.91963
G1 X197.718 Y89.889 E2843.94106
G1 X198.001 Y89.992 E2843.96109
G1 X198.317 Y90.148 E2843.98453
G1 X198.552 Y90.292 E2844.00287
G1 X198.774 Y90.46 E2844.02139
G1 X198.991 Y90.658 E2844.04093
G1 X199.216 Y90.907 E2844.06325
G0 F9000 X198.8 Y91.31
;TYPE:SKIN
G1 F1473.4 X199.2 Y92.85 E2844.12517
G1 X198.8 Y94.388 E2844.18701
G1 X197.6 Y95.261 E2844.24476
G1 X196.4 Y95.358 E2844.29161
G1 X195.2 Y94.812 E2844.34292
G1 X194.8 Y94.39 E2844.36554
G1 X194.4 Y92.847 E2844.42758
G1 X194.8 Y91.309 E2844.48942
G1 X196 Y90.436 E2844.54717
G1 X197.2 Y90.34 E2844.59401
G1 X198.4 Y90.883 E2844.64527
G1 F1500 E2843.64527
G1 F300 Z5.6
G0 F9000 X104.961 Y91.927 Z5.6
;TYPE:WALL-OUTER
G1 F300 Z5.4
G1 F1500 E2844.67188
G1 F1683.9 X104.827 Y91.707 E2844.68901
G1 X104.63 Y91.469 E2844.70957
G1 X104.424 Y91.283 E2844.72803
G1 X104.11 Y91.083 E2844.75279
G1 X103.879 Y90.981 E2844.76959
G1 X103.614 Y90.905 E2844.78793
G1 X103.337 Y90.866 E2844.80654
G1 X103.17 Y90.863 E2844.81765
G1 X102.786 Y90.906 E2844.84335
G1 X102.52 Y90.982 E2844.86175
G1 X102.266 Y91.095 E2844.88025
G1 X102.035 Y91.24 E2844.89839
G1 X101.747 Y91.493 E2844.92389
G1 X101.553 Y91.736 E2844.94457
G1 X101.414 Y91.979 E2844.9632
G1 X101.299 Y92.274 E2844.98426
G1 X101.239 Y92.529 E2845.00168
G1 X101.213 Y92.837 E2845.02224
G1 X101.247 Y93.221 E2845.04789
G1 X101.343 Y93.56 E2845.07133
G1 X101.466 Y93.822 E2845.09058
G1 X101.646 Y94.089 E2845.112
G1 X101.922 Y94.372 E2845.13829
G1 X102.167 Y94.549 E2845.1584
G1 X102.421 Y94.678 E2845.17735
G1 X102.787 Y94.795 E2845.20291
G1 X103.062 Y94.833 E2845.22138
G1 X103.365 Y94.831 E2845.24153
G1 X103.65 Y94.787 E2845.26072
G1 X103.945 Y94.693 E2845.28131
G1 X104.194 Y94.572 E2845.29973
G1 X104.444 Y94.402 E2845.31984
G1 X104.655 Y94.206 E2845.339
G1 X104.847 Y93.965 E2845.35949
G1 X104.983 Y93.73 E2845.37755
G1 X105.105 Y93.419 E2845.39978
G1 X105.162 Y93.171 E2845.4167
G1 X105.188 Y92.863 E2845.43726
G1 X105.154 Y92.48 E2845.46284
G1 X105.08 Y92.203 E2845.48191
G1 X104.961 Y91.927 E2845.50191
G0 F9000 X105.835 Y91.216
G1 F1683.9 X105.984 Y91.487 E2845.52248
G1 X106.091 Y91.73 E2845.54014
G1 X106.192 Y92.039 E2845.56177
G1 X106.251 Y92.301 E2845.57963
G1 X106.292 Y92.623 E2845.60122
G1 X106.3 Y92.915 E2845.62066
G1 X106.273 Y93.258 E2845.64354
G1 X106.228 Y93.518 E2845.66109
G1 X106.159 Y93.778 E2845.67899
G1 X106.071 Y94.022 E2845.69624
G1 X105.925 Y94.329 E2845.71886
G1 X105.735 Y94.636 E2845.74287
G1 X105.468 Y94.963 E2845.77095
G1 X105.235 Y95.188 E2845.7925
G1 X105.024 Y95.357 E2845.81048
G1 X104.773 Y95.521 E2845.83043
G1 X104.506 Y95.662 E2845.85051
G1 X104.249 Y95.767 E2845.86898
G1 X103.94 Y95.86 E2845.89045
G1 X103.622 Y95.921 E2845.91199
G1 X103.292 Y95.948 E2845.93401
G1 X102.907 Y95.937 E2845.95963
G1 X102.591 Y95.89 E2845.98088
G1 X102.281 Y95.81 E2846.00218
G1 X101.996 Y95.707 E2846.02234
G1 X101.654 Y95.537 E2846.04774
G1 X101.415 Y95.384 E2846.06662
G1 X101.103 Y95.133 E2846.09326
G1 X100.901 Y94.929 E2846.11236
G1 X100.716 Y94.704 E2846.13173
G1 X100.566 Y94.484 E2846.14944
G1 X100.411 Y94.201 E2846.17091
G1 X100.307 Y93.963 E2846.18819
G1 X100.207 Y93.655 E2846.20973
G1 X100.15 Y93.399 E2846.22717
G1 X100.109 Y93.074 E2846.24896
G1 X100.101 Y92.785 E2846.2682
G1 X100.128 Y92.442 E2846.29108
G1 X100.175 Y92.174 E2846.30918
G1 X100.242 Y91.922 E2846.32653
G1 X100.33 Y91.678 E2846.34378
G1 X100.478 Y91.366 E2846.36675
G1 X100.667 Y91.062 E2846.39056
G1 X100.933 Y90.737 E2846.4185
G1 X101.173 Y90.505 E2846.44071
G1 X101.388 Y90.335 E2846.45894
G1 X101.661 Y90.159 E2846.48055
G1 X101.935 Y90.021 E2846.50095
G1 X102.289 Y89.888 E2846.52611
G1 X102.599 Y89.809 E2846.54739
G1 X102.93 Y89.761 E2846.56964
G1 X103.225 Y89.75 E2846.58927
G1 X103.494 Y89.763 E2846.60719
G1 X103.807 Y89.809 E2846.62823
G1 X104.119 Y89.889 E2846.64966
G1 X104.402 Y89.992 E2846.66969
G1 X104.718 Y90.148 E2846.69313
G1 X104.953 Y90.292 E2846.71147
G1 X105.175 Y90.46 E2846.72999
G1 X105.392 Y90.658 E2846.74953
G1 X105.617 Y90.907 E2846.77185
G1 X105.835 Y91.216 E2846.79701
G0 F9000 X105.599 Y92.85
;TYPE:SKIN
G1 F1473.4 X105.199 Y94.39 E2846.86636
G1 X103.999 Y95.259 E2846.93094
G1 X102.799 Y95.358 E2846.98343
G1 X101.599 Y94.811 E2847.04091
G1 X101.199 Y94.389 E2847.06626
G1 X100.799 Y92.847 E2847.1357
G1 X101.199 Y91.31 E2847.20492
G1 X102.399 Y90.436 E2847.26963
G1 X103.599 Y90.339 E2847.32211
G1 X104.799 Y90.882 E2847.37952
G1 X105.199 Y91.308 E2847.405
G1 F1500 E2846.405
G1 F300 Z5.6
G0 F9000 X104.588 Y211.441 Z5.6
;TYPE:WALL-OUTER
G1 F300 Z5.4
G1 F1500 E2847.4316
G1 F1683.9 X104.375 Y211.261 E2847.45015
G1 X104.11 Y211.098 E2847.47085
G1 X103.879 Y210.996 E2847.48765
G1 X103.614 Y210.92 E2847.50599
G1 X103.339 Y210.882 E2847.52445
G1 X103.175 Y210.877 E2847.53537
G1 X102.924 Y210.897 E2847.55212
G1 X102.638 Y210.959 E2847.57158
G1 X102.393 Y211.049 E2847.58895
G1 X102.146 Y211.18 E2847.60754
G1 X101.889 Y211.371 E2847.62884
G1 X101.682 Y211.582 E2847.64851
G1 X101.513 Y211.815 E2847.66765
G1 X101.384 Y212.056 E2847.68584
G1 X101.28 Y212.353 E2847.70677
G1 X101.22 Y212.692 E2847.72967
G1 X101.215 Y212.971 E2847.74823
G1 X101.254 Y213.269 E2847.76822
G1 X101.33 Y213.538 E2847.78682
G1 X101.462 Y213.829 E2847.80808
G1 X101.628 Y214.08 E2847.82809
G1 X101.812 Y214.289 E2847.84662
G1 X102.035 Y214.475 E2847.86593
G1 X102.291 Y214.632 E2847.88591
G1 X102.522 Y214.734 E2847.90271
G1 X102.787 Y214.81 E2847.92104
G1 X103.064 Y214.849 E2847.93965
G1 X103.34 Y214.848 E2847.95801
G1 X103.615 Y214.809 E2847.97649
G1 X103.881 Y214.733 E2847.99489
G1 X104.134 Y214.621 E2848.0133
G1 X104.395 Y214.454 E2848.03391
G1 X104.654 Y214.222 E2848.05704
G1 X104.848 Y213.978 E2848.07777
G1 X104.998 Y213.714 E2848.09797
G1 X105.102 Y213.444 E2848.11722
G1 X105.163 Y213.175 E2848.13557
G1 X105.187 Y212.771 E2848.16249
G1 X105.14 Y212.427 E2848.18558
G1 X105.056 Y212.152 E2848.20471
G1 X104.939 Y211.901 E2848.22313
G1 X104.774 Y211.651 E2848.24306
G1 X104.588 Y211.441 E2848.26172
G0 F9000 X105.617 Y210.922
G1 F1683.9 X105.835 Y211.231 E2848.28687
G1 X105.984 Y211.502 E2848.30745
G1 X106.091 Y211.745 E2848.32511
G1 X106.192 Y212.054 E2848.34673
G1 X106.251 Y212.316 E2848.3646
G1 X106.292 Y212.638 E2848.38619
G1 X106.3 Y212.93 E2848.40562
G1 X106.273 Y213.273 E2848.42851
G1 X106.228 Y213.533 E2848.44606
G1 X106.159 Y213.793 E2848.46396
G1 X106.071 Y214.037 E2848.48121
G1 X105.925 Y214.344 E2848.50382
G1 X105.735 Y214.651 E2848.52784
G1 X105.468 Y214.978 E2848.55592
G1 X105.235 Y215.203 E2848.57747
G1 X105.024 Y215.372 E2848.59545
G1 X104.773 Y215.536 E2848.6154
G1 X104.506 Y215.677 E2848.63548
G1 X104.249 Y215.782 E2848.65395
G1 X103.94 Y215.875 E2848.67541
G1 X103.622 Y215.936 E2848.69695
G1 X103.292 Y215.963 E2848.71898
G1 X102.907 Y215.952 E2848.7446
G1 X102.591 Y215.905 E2848.76585
G1 X102.281 Y215.825 E2848.78715
G1 X101.996 Y215.722 E2848.80731
G1 X101.654 Y215.552 E2848.83271
G1 X101.415 Y215.399 E2848.85159
G1 X101.103 Y215.148 E2848.87822
G1 X100.901 Y214.944 E2848.89732
G1 X100.716 Y214.719 E2848.9167
G1 X100.566 Y214.499 E2848.93441
G1 X100.411 Y214.216 E2848.95588
G1 X100.304 Y213.969 E2848.97378
G1 X100.207 Y213.67 E2848.99469
G1 X100.15 Y213.413 E2849.0122
G1 X100.109 Y213.089 E2849.03393
G1 X100.101 Y212.8 E2849.05316
G1 X100.128 Y212.457 E2849.07605
G1 X100.175 Y212.189 E2849.09414
G1 X100.242 Y211.937 E2849.11149
G1 X100.33 Y211.693 E2849.12874
G1 X100.478 Y211.381 E2849.15172
G1 X100.667 Y211.077 E2849.17553
G1 X100.933 Y210.752 E2849.20346
G1 X101.173 Y210.52 E2849.22567
G1 X101.388 Y210.35 E2849.2439
G1 X101.661 Y210.174 E2849.26551
G1 X101.935 Y210.036 E2849.28592
G1 X102.289 Y209.903 E2849.31107
G1 X102.599 Y209.824 E2849.33235
G1 X102.93 Y209.776 E2849.3546
G1 X103.225 Y209.765 E2849.37424
G1 X103.494 Y209.778 E2849.39215
G1 X103.807 Y209.824 E2849.4132
G1 X104.119 Y209.904 E2849.43462
G1 X104.402 Y210.007 E2849.45466
G1 X104.718 Y210.163 E2849.4781
G1 X104.953 Y210.307 E2849.49643
G1 X105.175 Y210.475 E2849.51495
G1 X105.392 Y210.673 E2849.53449
G1 X105.617 Y210.922 E2849.55682
G0 F9000 X105.199 Y211.324
;TYPE:SKIN
G1 F1473.4 X105.599 Y212.866 E2849.61873
G1 X105.199 Y214.403 E2849.68045
G1 X103.999 Y215.277 E2849.73814
G1 X102.799 Y215.374 E2849.78493
G1 X101.599 Y214.833 E2849.83608
G1 X101.199 Y214.404 E2849.85888
G1 X100.799 Y212.863 E2849.92075
G1 X101.199 Y211.325 E2849.98251
G1 X102.399 Y210.455 E2850.04011
G1 X103.599 Y210.355 E2850.08691
G1 X104.799 Y210.896 E2850.13807
G1 F1500 E2849.13807
G1 F300 Z5.6
G0 F9000 X197.709 Y211.098 Z5.6
;TYPE:WALL-OUTER
G1 F300 Z5.4
G1 F1500 E2850.16467
G1 F1683.9 X197.478 Y210.996 E2850.18147
G1 X197.213 Y210.92 E2850.19981
G1 X196.938 Y210.882 E2850.21828
G1 X196.774 Y210.877 E2850.22919
G1 X196.49 Y210.901 E2850.24815
G1 X196.187 Y210.974 E2850.26888
G1 X195.929 Y211.078 E2850.28739
G1 X195.585 Y211.291 E2850.3143
G1 X195.377 Y211.476 E2850.33282
G1 X195.173 Y211.721 E2850.35403
G1 X194.983 Y212.056 E2850.37965
G1 X194.879 Y212.353 E2850.40058
G1 X194.819 Y212.692 E2850.42348
G1 X194.814 Y212.971 E2850.44204
G1 X194.853 Y213.269 E2850.46203
G1 X194.929 Y213.538 E2850.48063
G1 X195.061 Y213.829 E2850.50188
G1 X195.227 Y214.08 E2850.5219
G1 X195.411 Y214.289 E2850.54042
G1 X195.634 Y214.475 E2850.55974
G1 X195.89 Y214.632 E2850.57972
G1 X196.121 Y214.734 E2850.59651
G1 X196.386 Y214.81 E2850.61485
G1 X196.663 Y214.849 E2850.63346
G1 X196.939 Y214.848 E2850.65182
G1 X197.214 Y214.809 E2850.6703
G1 X197.48 Y214.733 E2850.6887
G1 X197.733 Y214.621 E2850.7071
G1 X197.994 Y214.454 E2850.72772
G1 X198.253 Y214.222 E2850.75085
G1 X198.447 Y213.978 E2850.77158
G1 X198.597 Y213.714 E2850.79178
G1 X198.711 Y213.414 E2850.81313
G1 X198.769 Y213.141 E2850.83169
G1 X198.787 Y212.805 E2850.85408
G1 X198.731 Y212.395 E2850.8816
G1 X198.646 Y212.129 E2850.90018
G1 X198.538 Y211.901 E2850.91696
G1 X198.373 Y211.651 E2850.93689
G1 X198.187 Y211.441 E2850.95555
G1 X197.974 Y211.261 E2850.9741
G1 X197.709 Y211.098 E2850.99479
G0 F9000 X198.001 Y210.007
G1 F1683.9 X198.317 Y210.163 E2851.01824
G1 X198.552 Y210.307 E2851.03657
G1 X198.774 Y210.475 E2851.05509
G1 X198.991 Y210.673 E2851.07463
G1 X199.216 Y210.922 E2851.09695
G1 X199.434 Y211.231 E2851.12211
G1 X199.583 Y211.502 E2851.14268
G1 X199.69 Y211.745 E2851.16034
G1 X199.791 Y212.054 E2851.18197
G1 X199.85 Y212.316 E2851.19983
G1 X199.891 Y212.638 E2851.22143
G1 X199.899 Y212.93 E2851.24086
G1 X199.872 Y213.273 E2851.26374
G1 X199.827 Y213.533 E2851.2813
G1 X199.758 Y213.793 E2851.29919
G1 X199.67 Y214.037 E2851.31644
G1 X199.524 Y214.344 E2851.33906
G1 X199.334 Y214.651 E2851.36307
G1 X199.067 Y214.978 E2851.39116
G1 X198.834 Y215.203 E2851.4127
G1 X198.623 Y215.372 E2851.43069
G1 X198.372 Y215.536 E2851.45063
G1 X198.105 Y215.677 E2851.47072
G1 X197.848 Y215.782 E2851.48918
G1 X197.539 Y215.875 E2851.51065
G1 X197.221 Y215.936 E2851.53219
G1 X196.891 Y215.963 E2851.55421
G1 X196.506 Y215.952 E2851.57983
G1 X196.19 Y215.905 E2851.60109
G1 X195.88 Y215.825 E2851.62238
G1 X195.595 Y215.722 E2851.64254
G1 X195.253 Y215.552 E2851.66795
G1 X195.014 Y215.399 E2851.68682
G1 X194.702 Y215.148 E2851.71346
G1 X194.5 Y214.944 E2851.73256
G1 X194.315 Y214.719 E2851.75193
G1 X194.165 Y214.499 E2851.76965
G1 X194.01 Y214.216 E2851.79111
G1 X193.903 Y213.969 E2851.80902
G1 X193.806 Y213.67 E2851.82993
G1 X193.749 Y213.413 E2851.84744
G1 X193.708 Y213.089 E2851.86916
G1 X193.7 Y212.8 E2851.88839
G1 X193.727 Y212.457 E2851.91128
G1 X193.774 Y212.189 E2851.92938
G1 X193.841 Y211.937 E2851.94673
G1 X193.929 Y211.693 E2851.96398
G1 X194.077 Y211.381 E2851.98695
G1 X194.266 Y211.077 E2852.01076
G1 X194.532 Y210.752 E2852.0387
G1 X194.772 Y210.52 E2852.0609
G1 X194.987 Y210.35 E2852.07914
G1 X195.26 Y210.174 E2852.10074
G1 X195.534 Y210.036 E2852.12115
G1 X195.888 Y209.903 E2852.14631
G1 X196.198 Y209.824 E2852.16759
G1 X196.529 Y209.776 E2852.18984
G1 X196.824 Y209.765 E2852.20947
G1 X197.093 Y209.778 E2852.22739
G1 X197.406 Y209.824 E2852.24843
G1 X197.718 Y209.904 E2852.26986
G1 X198.001 Y210.007 E2852.28989
G0 F9000 X197.999 Y210.63
;TYPE:SKIN
G1 F1473.4 X197.599 Y210.45 E2852.30656
G1 X196.399 Y210.355 E2852.35229
G1 X195.199 Y210.897 E2852.40231
G1 X194.799 Y211.328 E2852.42465
G1 X194.399 Y212.862 E2852.48488
G1 X194.799 Y214.405 E2852.54544
G1 X195.999 Y215.277 E2852.6018
G1 X197.199 Y215.373 E2852.64753
G1 X198.399 Y214.828 E2852.6976
G1 X198.799 Y214.401 E2852.71983
G1 X199.199 Y212.865 E2852.78013
G1 X198.799 Y211.324 E2852.84062
G0 F9000 X198.399 Y211.181
G1 F1473.4 X198.399 Y210.612 E2852.85954
G1 F1500 E2851.85954
G1 F300 Z5.6
;MESH:NONMESH
G0 F9000 X198.302 Y91.548 Z5.6
;TIME_ELAPSED:6033.079010
;LAYER:27
;TYPE:WALL-OUTER
;MESH:Top of Case.STL
G1 F300 Z5.6
G1 F1500 E2852.88615
G1 F1767.4 X198.085 Y91.334 E2852.90643
G1 X197.862 Y91.17 E2852.92484
G1 X197.576 Y91.021 E2852.94629
G1 X197.249 Y90.913 E2852.9692
G1 X196.938 Y90.867 E2852.99011
G1 X196.802 Y90.863 E2852.99916
G1 X196.361 Y90.91 E2853.02866
G1 X196.055 Y91.007 E2853.05002
G1 X195.784 Y91.141 E2853.07013
G1 X195.575 Y91.284 E2853.08697
G1 X195.346 Y91.493 E2853.1076
G1 X195.152 Y91.737 E2853.12833
G1 X195.013 Y91.979 E2853.1469
G1 X194.871 Y92.368 E2853.17444
G1 X194.819 Y92.675 E2853.19516
G1 X194.815 Y92.979 E2853.21538
G1 X194.86 Y93.285 E2853.23596
G1 X194.943 Y93.56 E2853.25506
G1 X195.064 Y93.819 E2853.27408
G1 X195.298 Y94.153 E2853.30121
G1 X195.514 Y94.366 E2853.32139
G1 X195.737 Y94.53 E2853.3398
G1 X196.023 Y94.679 E2853.36125
G1 X196.35 Y94.787 E2853.38416
G1 X196.659 Y94.833 E2853.40494
G1 X196.94 Y94.833 E2853.42363
G1 X197.249 Y94.787 E2853.44441
G1 X197.544 Y94.693 E2853.46501
G1 X197.78 Y94.579 E2853.48244
G1 X198.023 Y94.417 E2853.50187
G1 X198.253 Y94.207 E2853.52259
G1 X198.448 Y93.962 E2853.54342
G1 X198.615 Y93.66 E2853.56638
G1 X198.711 Y93.397 E2853.585
G1 X198.776 Y93.058 E2853.60796
G1 X198.78 Y92.68 E2853.63311
G1 X198.739 Y92.412 E2853.65114
G1 X198.655 Y92.137 E2853.67027
G1 X198.486 Y91.798 E2853.69547
G1 X198.302 Y91.548 E2853.71611
G0 F9000 X199.097 Y90.768
G1 F1767.4 X199.283 Y90.994 E2853.73558
G1 X199.444 Y91.232 E2853.7547
G1 X199.633 Y91.594 E2853.78186
G1 X199.751 Y91.902 E2853.8038
G1 X199.85 Y92.301 E2853.83115
G1 X199.891 Y92.623 E2853.85274
G1 X199.899 Y92.913 E2853.87204
G1 X199.873 Y93.256 E2853.89492
G1 X199.818 Y93.56 E2853.91547
G1 X199.741 Y93.83 E2853.93415
G1 X199.63 Y94.117 E2853.95462
G1 X199.497 Y94.379 E2853.97416
G1 X199.327 Y94.645 E2853.99516
G1 X199.145 Y94.877 E2854.01478
G1 X198.962 Y95.072 E2854.03257
G1 X198.711 Y95.29 E2854.05468
G1 X198.497 Y95.444 E2854.07222
G1 X198.208 Y95.611 E2854.09442
G1 X197.951 Y95.728 E2854.11321
G1 X197.836 Y95.771 E2854.12138
G1 X197.539 Y95.86 E2854.142
G1 X197.221 Y95.921 E2854.16354
G1 X196.893 Y95.948 E2854.18543
G1 X196.516 Y95.938 E2854.21052
G1 X196.234 Y95.899 E2854.22946
G1 X195.971 Y95.837 E2854.24743
G1 X195.695 Y95.747 E2854.26674
G1 X195.423 Y95.628 E2854.28649
G1 X195.141 Y95.469 E2854.30803
G1 X194.928 Y95.321 E2854.32528
G1 X194.717 Y95.146 E2854.34351
G1 X194.5 Y94.929 E2854.36393
G1 X194.308 Y94.695 E2854.38406
G1 X194.155 Y94.468 E2854.40227
G1 X193.966 Y94.106 E2854.42944
G1 X193.848 Y93.798 E2854.45138
G1 X193.78 Y93.551 E2854.46842
G1 X193.722 Y93.218 E2854.4909
G1 X193.7 Y92.894 E2854.51251
G1 X193.709 Y92.604 E2854.53181
G1 X193.748 Y92.302 E2854.55206
G1 X193.823 Y91.983 E2854.57386
G1 X193.912 Y91.721 E2854.59227
G1 X194.045 Y91.429 E2854.61361
G1 X194.178 Y91.193 E2854.63163
G1 X194.368 Y90.926 E2854.65343
G1 X194.551 Y90.716 E2854.67196
G1 X194.772 Y90.505 E2854.69228
G1 X194.987 Y90.335 E2854.71052
G1 X195.259 Y90.16 E2854.73203
G1 X195.495 Y90.038 E2854.7497
G1 X195.763 Y89.929 E2854.76895
G1 X196.06 Y89.84 E2854.78957
G1 X196.378 Y89.779 E2854.81111
G1 X196.706 Y89.752 E2854.83301
G1 X197.083 Y89.762 E2854.85809
G1 X197.365 Y89.801 E2854.87703
G1 X197.628 Y89.863 E2854.895
G1 X197.904 Y89.953 E2854.91432
G1 X198.176 Y90.072 E2854.93407
G1 X198.454 Y90.228 E2854.95527
G1 X198.671 Y90.379 E2854.97286
G1 X198.88 Y90.552 E2854.9909
G1 X199.097 Y90.768 E2855.01127
G0 F9000 X198.722 Y91.2
;TYPE:SKIN
G1 F1546.5 X198.266 Y90.8 E2855.03466
G1 X196.801 Y90.4 E2855.09321
G1 X195.332 Y90.8 E2855.15191
G1 X194.589 Y91.6 E2855.19401
G1 X194.26 Y92.8 E2855.24198
G1 X194.535 Y94 E2855.28945
G1 X195.193 Y94.8 E2855.32939
G1 X196.796 Y95.2 E2855.39309
G1 X198.404 Y94.8 E2855.45698
G1 X199.225 Y93.6 E2855.51304
G1 X199.3 Y92.4 E2855.5594
G1 X199.008 Y91.6 E2855.59223
G1 F1500 E2854.59223
G1 F300 Z5.8
G0 F9000 X197.016 Y95.6 Z5.8
G1 F300 Z5.6
G1 F1500 E2855.61884
G1 F1546.5 X196.519 Y95.6 E2855.63537
G1 F1500 E2854.63537
G1 F300 Z5.8
G0 F9000 X105.056 Y92.137 Z5.8
;TYPE:WALL-OUTER
G1 F300 Z5.6
G1 F1500 E2855.66198
G1 F1767.4 X104.887 Y91.798 E2855.68718
G1 X104.703 Y91.548 E2855.70783
G1 X104.486 Y91.334 E2855.7281
G1 X104.263 Y91.17 E2855.74651
G1 X103.977 Y91.021 E2855.76797
G1 X103.65 Y90.913 E2855.79087
G1 X103.339 Y90.867 E2855.81179
G1 X103.203 Y90.863 E2855.82084
G1 X102.762 Y90.91 E2855.85034
G1 X102.456 Y91.007 E2855.87169
G1 X102.185 Y91.141 E2855.8918
G1 X101.976 Y91.284 E2855.90865
G1 X101.747 Y91.493 E2855.92927
G1 X101.553 Y91.737 E2855.95001
G1 X101.414 Y91.979 E2855.96857
G1 X101.272 Y92.368 E2855.99612
G1 X101.214 Y92.769 E2856.02307
G1 X101.22 Y93.02 E2856.03977
G1 X101.261 Y93.285 E2856.05761
G1 X101.344 Y93.56 E2856.07672
G1 X101.465 Y93.819 E2856.09573
G1 X101.699 Y94.153 E2856.12286
G1 X101.915 Y94.366 E2856.14304
G1 X102.138 Y94.53 E2856.16145
G1 X102.424 Y94.679 E2856.18291
G1 X102.751 Y94.787 E2856.20581
G1 X103.024 Y94.829 E2856.22419
G1 X103.297 Y94.836 E2856.24235
G1 X103.639 Y94.79 E2856.26531
G1 X103.945 Y94.693 E2856.28666
G1 X104.216 Y94.559 E2856.30677
G1 X104.452 Y94.395 E2856.32589
G1 X104.656 Y94.205 E2856.34443
G1 X104.849 Y93.962 E2856.36508
G1 X105.016 Y93.66 E2856.38803
G1 X105.11 Y93.4 E2856.40642
G1 X105.177 Y93.057 E2856.42967
G1 X105.181 Y92.68 E2856.45475
G1 X105.14 Y92.412 E2856.47279
G1 X105.056 Y92.137 E2856.49191
G0 F9000 X106.152 Y91.902
G1 F1767.4 X106.251 Y92.301 E2856.51926
G1 X106.292 Y92.623 E2856.54085
G1 X106.3 Y92.913 E2856.56015
G1 X106.274 Y93.256 E2856.58303
G1 X106.219 Y93.56 E2856.60358
G1 X106.142 Y93.83 E2856.62226
G1 X106.031 Y94.117 E2856.64273
G1 X105.898 Y94.379 E2856.66227
G1 X105.728 Y94.645 E2856.68327
G1 X105.546 Y94.877 E2856.70289
G1 X105.363 Y95.072 E2856.72068
G1 X105.112 Y95.29 E2856.74279
G1 X104.898 Y95.444 E2856.76033
G1 X104.609 Y95.611 E2856.78253
G1 X104.352 Y95.728 E2856.80132
G1 X104.237 Y95.771 E2856.80948
G1 X103.94 Y95.86 E2856.83011
G1 X103.622 Y95.921 E2856.85165
G1 X103.294 Y95.948 E2856.87354
G1 X102.917 Y95.938 E2856.89863
G1 X102.635 Y95.899 E2856.91756
G1 X102.372 Y95.837 E2856.93554
G1 X102.096 Y95.747 E2856.95485
G1 X101.824 Y95.628 E2856.9746
G1 X101.542 Y95.469 E2856.99613
G1 X101.329 Y95.321 E2857.01339
G1 X101.118 Y95.146 E2857.03162
G1 X100.901 Y94.929 E2857.05204
G1 X100.709 Y94.695 E2857.07217
G1 X100.556 Y94.468 E2857.09038
G1 X100.367 Y94.106 E2857.11755
G1 X100.249 Y93.798 E2857.13949
G1 X100.181 Y93.551 E2857.15653
G1 X100.123 Y93.218 E2857.17901
G1 X100.101 Y92.894 E2857.20062
G1 X100.11 Y92.604 E2857.21992
G1 X100.149 Y92.302 E2857.24017
G1 X100.224 Y91.983 E2857.26197
G1 X100.313 Y91.721 E2857.28038
G1 X100.446 Y91.429 E2857.30172
G1 X100.579 Y91.193 E2857.31974
G1 X100.769 Y90.926 E2857.34154
G1 X100.952 Y90.716 E2857.36007
G1 X101.173 Y90.505 E2857.38039
G1 X101.388 Y90.335 E2857.39863
G1 X101.66 Y90.16 E2857.42014
G1 X101.896 Y90.038 E2857.43781
G1 X102.164 Y89.929 E2857.45706
G1 X102.461 Y89.84 E2857.47768
G1 X102.779 Y89.779 E2857.49922
G1 X103.107 Y89.752 E2857.52112
G1 X103.484 Y89.762 E2857.5462
G1 X103.766 Y89.801 E2857.56514
G1 X104.029 Y89.863 E2857.58311
G1 X104.305 Y89.953 E2857.60242
G1 X104.577 Y90.072 E2857.62217
G1 X104.855 Y90.228 E2857.64338
G1 X105.072 Y90.379 E2857.66097
G1 X105.281 Y90.552 E2857.67901
G1 X105.498 Y90.768 E2857.69938
G1 X105.684 Y90.994 E2857.71885
G1 X105.845 Y91.232 E2857.73796
G1 X106.034 Y91.594 E2857.76513
G1 X106.152 Y91.902 E2857.78707
G0 F9000 X105.595 Y92
;TYPE:SKIN
G1 F1546.5 X105.701 Y92.4 E2857.80273
G1 X105.626 Y93.6 E2857.84823
G1 X105.207 Y94.4 E2857.8824
G1 X104.807 Y94.8 E2857.90381
G1 X103.197 Y95.2 E2857.96659
G1 X101.593 Y94.8 E2858.02915
G1 X100.774 Y93.6 E2858.08413
G1 X100.701 Y92.4 E2858.12962
G1 X101.278 Y91.2 E2858.18001
G1 X101.735 Y90.8 E2858.20299
G1 X103.203 Y90.4 E2858.26057
G1 X104.666 Y90.8 E2858.31796
G1 X105.408 Y91.6 E2858.35925
G1 F1500 E2857.35925
G1 F300 Z5.8
G0 F9000 X103.429 Y95.6 Z5.8
G1 F300 Z5.6
G1 F1500 E2858.38586
G1 F1546.5 X102.913 Y95.6 E2858.40302
G1 F1500 E2857.40302
G1 F300 Z5.8
G0 F9000 X104.479 Y211.343 Z5.8
;TYPE:WALL-OUTER
G1 F300 Z5.6
G1 F1500 E2858.42963
G1 F1767.4 X104.224 Y211.161 E2858.45047
G1 X103.946 Y211.022 E2858.47115
G1 X103.65 Y210.928 E2858.49181
G1 X103.341 Y210.882 E2858.51259
G1 X103.2 Y210.877 E2858.52197
G1 X102.891 Y210.901 E2858.54259
G1 X102.588 Y210.974 E2858.56332
G1 X102.329 Y211.078 E2858.58189
G1 X102.036 Y211.254 E2858.60462
G1 X101.747 Y211.508 E2858.63022
G1 X101.574 Y211.722 E2858.64852
G1 X101.384 Y212.056 E2858.67408
G1 X101.289 Y212.318 E2858.69262
G1 X101.224 Y212.657 E2858.71558
G1 X101.214 Y212.933 E2858.73396
G1 X101.243 Y213.21 E2858.75248
G1 X101.344 Y213.578 E2858.77787
G1 X101.509 Y213.91 E2858.80253
G1 X101.698 Y214.167 E2858.82375
G1 X101.877 Y214.349 E2858.84073
G1 X102.145 Y214.549 E2858.86298
G1 X102.393 Y214.681 E2858.88166
G1 X102.652 Y214.776 E2858.90002
G1 X102.926 Y214.834 E2858.91865
G1 X103.269 Y214.852 E2858.94149
G1 X103.639 Y214.805 E2858.9663
G1 X103.945 Y214.708 E2858.98766
G1 X104.216 Y214.574 E2859.00777
G1 X104.452 Y214.41 E2859.02688
G1 X104.655 Y214.221 E2859.04534
G1 X104.848 Y213.978 E2859.06598
G1 X105.03 Y213.642 E2859.0914
G1 X105.129 Y213.347 E2859.1121
G1 X105.177 Y213.072 E2859.13067
G1 X105.187 Y212.797 E2859.14897
G1 X105.158 Y212.519 E2859.16756
G1 X105.072 Y212.194 E2859.18993
G1 X104.94 Y211.902 E2859.21124
G1 X104.702 Y211.562 E2859.23885
G1 X104.479 Y211.343 E2859.25964
G0 F9000 X105.498 Y210.783
G1 F1767.4 X105.684 Y211.009 E2859.27911
G1 X105.845 Y211.247 E2859.29823
G1 X106.034 Y211.609 E2859.32539
G1 X106.152 Y211.917 E2859.34733
G1 X106.251 Y212.316 E2859.37468
G1 X106.292 Y212.638 E2859.39627
G1 X106.3 Y212.928 E2859.41557
G1 X106.274 Y213.271 E2859.43845
G1 X106.216 Y213.589 E2859.45995
G1 X106.142 Y213.845 E2859.47768
G1 X106.031 Y214.132 E2859.49815
G1 X105.898 Y214.394 E2859.51769
G1 X105.728 Y214.66 E2859.53869
G1 X105.546 Y214.892 E2859.55831
G1 X105.363 Y215.087 E2859.5761
G1 X105.112 Y215.305 E2859.59821
G1 X104.898 Y215.459 E2859.61575
G1 X104.609 Y215.626 E2859.63795
G1 X104.352 Y215.743 E2859.65674
G1 X104.237 Y215.786 E2859.6649
G1 X103.94 Y215.875 E2859.68553
G1 X103.622 Y215.936 E2859.70707
G1 X103.294 Y215.963 E2859.72896
G1 X102.917 Y215.953 E2859.75405
G1 X102.635 Y215.914 E2859.77298
G1 X102.372 Y215.852 E2859.79096
G1 X102.096 Y215.762 E2859.81027
G1 X101.824 Y215.643 E2859.83002
G1 X101.542 Y215.484 E2859.85155
G1 X101.329 Y215.336 E2859.86881
G1 X101.118 Y215.161 E2859.88704
G1 X100.901 Y214.944 E2859.90746
G1 X100.709 Y214.71 E2859.92759
G1 X100.556 Y214.483 E2859.9458
G1 X100.367 Y214.121 E2859.97297
G1 X100.249 Y213.813 E2859.99491
G1 X100.181 Y213.566 E2860.01195
G1 X100.123 Y213.233 E2860.03443
G1 X100.101 Y212.909 E2860.05604
G1 X100.11 Y212.619 E2860.07534
G1 X100.149 Y212.317 E2860.09559
G1 X100.224 Y211.998 E2860.11739
G1 X100.313 Y211.736 E2860.1358
G1 X100.446 Y211.444 E2860.15714
G1 X100.579 Y211.208 E2860.17516
G1 X100.769 Y210.941 E2860.19696
G1 X100.952 Y210.731 E2860.21549
G1 X101.173 Y210.52 E2860.23581
G1 X101.388 Y210.35 E2860.25405
G1 X101.66 Y210.175 E2860.27556
G1 X101.896 Y210.053 E2860.29323
G1 X102.164 Y209.944 E2860.31248
G1 X102.461 Y209.855 E2860.3331
G1 X102.779 Y209.794 E2860.35464
G1 X103.107 Y209.767 E2860.37653
G1 X103.484 Y209.777 E2860.40162
G1 X103.766 Y209.816 E2860.42056
G1 X104.029 Y209.878 E2860.43853
G1 X104.305 Y209.968 E2860.45784
G1 X104.577 Y210.087 E2860.47759
G1 X104.855 Y210.243 E2860.4988
G1 X105.072 Y210.394 E2860.51639
G1 X105.281 Y210.567 E2860.53443
G1 X105.498 Y210.783 E2860.5548
G0 F9000 X105.108 Y211.2
;TYPE:SKIN
G1 F1546.5 X104.642 Y210.8 E2860.57851
G1 X103.203 Y210.4 E2860.63618
G1 X101.752 Y210.8 E2860.6943
G1 X101 Y211.6 E2860.7367
G1 X100.66 Y212.8 E2860.78485
G1 X100.929 Y214 E2860.83234
G1 X101.575 Y214.8 E2860.87204
G1 X103.197 Y215.2 E2860.93655
G1 X104.824 Y214.8 E2861.00124
G1 X105.63 Y213.6 E2861.05706
G1 X105.697 Y212.4 E2861.10347
G1 X105.393 Y211.6 E2861.13651
G1 F1500 E2860.13651
G1 F300 Z5.8
G0 F9000 X103.591 Y215.6 Z5.8
G1 F300 Z5.6
G1 F1500 E2861.16312
G1 F1546.5 X102.804 Y215.6 E2861.1893
G1 F1500 E2860.1893
G1 F300 Z5.8
G0 F9000 X197.545 Y211.022 Z5.8
;TYPE:WALL-OUTER
G1 F300 Z5.6
G1 F1500 E2861.2159
G1 F1767.4 X197.249 Y210.928 E2861.23656
G1 X196.94 Y210.882 E2861.25734
G1 X196.799 Y210.877 E2861.26673
G1 X196.49 Y210.901 E2861.28735
G1 X196.187 Y210.974 E2861.30808
G1 X195.928 Y211.078 E2861.32664
G1 X195.635 Y211.254 E2861.34938
G1 X195.346 Y211.508 E2861.37498
G1 X195.173 Y211.722 E2861.39328
G1 X194.983 Y212.056 E2861.41884
G1 X194.888 Y212.317 E2861.43732
G1 X194.83 Y212.589 E2861.45582
G1 X194.812 Y212.875 E2861.47488
G1 X194.831 Y213.144 E2861.49282
G1 X194.888 Y213.412 E2861.51105
G1 X194.983 Y213.672 E2861.52946
G1 X195.108 Y213.91 E2861.54734
G1 X195.297 Y214.167 E2861.56856
G1 X195.476 Y214.349 E2861.58554
G1 X195.744 Y214.549 E2861.60779
G1 X195.992 Y214.681 E2861.62648
G1 X196.251 Y214.776 E2861.64483
G1 X196.525 Y214.834 E2861.66346
G1 X196.868 Y214.852 E2861.68631
G1 X197.238 Y214.805 E2861.71112
G1 X197.544 Y214.708 E2861.73247
G1 X197.815 Y214.574 E2861.75258
G1 X198.051 Y214.41 E2861.7717
G1 X198.254 Y214.221 E2861.79015
G1 X198.447 Y213.978 E2861.81079
G1 X198.629 Y213.642 E2861.83621
G1 X198.72 Y213.378 E2861.85478
G1 X198.776 Y213.073 E2861.87541
G1 X198.786 Y212.797 E2861.89378
G1 X198.757 Y212.519 E2861.91238
G1 X198.656 Y212.152 E2861.9377
G1 X198.527 Y211.88 E2861.95772
G1 X198.367 Y211.644 E2861.97669
G1 X198.078 Y211.343 E2862.00445
G1 X197.823 Y211.161 E2862.02529
G1 X197.545 Y211.022 E2862.04596
G0 F9000 X198.176 Y210.087
G1 F1767.4 X198.454 Y210.243 E2862.06717
G1 X198.671 Y210.394 E2862.08475
G1 X198.88 Y210.567 E2862.1028
G1 X199.097 Y210.783 E2862.12317
G1 X199.283 Y211.009 E2862.14264
G1 X199.444 Y211.247 E2862.16175
G1 X199.633 Y211.609 E2862.18892
G1 X199.751 Y211.917 E2862.21086
G1 X199.85 Y212.316 E2862.2382
G1 X199.891 Y212.638 E2862.2598
G1 X199.899 Y212.928 E2862.27909
G1 X199.873 Y213.271 E2862.30198
G1 X199.815 Y213.589 E2862.32348
G1 X199.741 Y213.845 E2862.3412
G1 X199.63 Y214.132 E2862.36167
G1 X199.497 Y214.394 E2862.38122
G1 X199.327 Y214.66 E2862.40222
G1 X199.145 Y214.892 E2862.42183
G1 X198.962 Y215.087 E2862.43962
G1 X198.711 Y215.305 E2862.46174
G1 X198.497 Y215.459 E2862.47928
G1 X198.208 Y215.626 E2862.50148
G1 X197.951 Y215.743 E2862.52026
G1 X197.836 Y215.786 E2862.52843
G1 X197.539 Y215.875 E2862.54905
G1 X197.221 Y215.936 E2862.57059
G1 X196.893 Y215.963 E2862.59249
G1 X196.516 Y215.953 E2862.61757
G1 X196.234 Y215.914 E2862.63651
G1 X195.971 Y215.852 E2862.65448
G1 X195.695 Y215.762 E2862.6738
G1 X195.423 Y215.643 E2862.69354
G1 X195.141 Y215.484 E2862.71508
G1 X194.928 Y215.336 E2862.73233
G1 X194.717 Y215.161 E2862.75057
G1 X194.5 Y214.944 E2862.77098
G1 X194.308 Y214.71 E2862.79112
G1 X194.155 Y214.483 E2862.80933
G1 X193.966 Y214.121 E2862.83649
G1 X193.848 Y213.813 E2862.85843
G1 X193.78 Y213.566 E2862.87547
G1 X193.722 Y213.233 E2862.89796
G1 X193.7 Y212.909 E2862.91956
G1 X193.709 Y212.619 E2862.93886
G1 X193.748 Y212.317 E2862.95912
G1 X193.823 Y211.998 E2862.98092
G1 X193.912 Y211.736 E2862.99932
G1 X194.045 Y211.444 E2863.02067
G1 X194.178 Y211.208 E2863.03869
G1 X194.368 Y210.941 E2863.06048
G1 X194.551 Y210.731 E2863.07901
G1 X194.772 Y210.52 E2863.09934
G1 X194.987 Y210.35 E2863.11757
G1 X195.259 Y210.175 E2863.13909
G1 X195.495 Y210.053 E2863.15676
G1 X195.763 Y209.944 E2863.176
G1 X196.06 Y209.855 E2863.19663
G1 X196.378 Y209.794 E2863.21817
G1 X196.706 Y209.767 E2863.24006
G1 X197.083 Y209.777 E2863.26515
G1 X197.365 Y209.816 E2863.28408
G1 X197.628 Y209.878 E2863.30206
G1 X197.904 Y209.968 E2863.32137
G1 X198.176 Y210.087 E2863.34112
G0 F9000 X196.803 Y210.4
;TYPE:SKIN
G1 F1546.5 X195.352 Y210.8 E2863.40608
G1 X194.6 Y211.6 E2863.45347
G1 X194.259 Y212.8 E2863.50731
G1 X194.528 Y214 E2863.56039
G1 X195.175 Y214.8 E2863.6048
G1 X196.797 Y215.2 E2863.6769
G1 X198.424 Y214.8 E2863.74921
G1 X199.23 Y213.6 E2863.81161
G1 X199.297 Y212.4 E2863.86348
G1 X198.706 Y211.2 E2863.92121
G1 X198.242 Y210.8 E2863.94765
G1 F1500 E2862.94765
G1 F300 Z5.8
G0 F9000 X197.191 Y215.6 Z5.8
G1 F300 Z5.6
G1 F1500 E2863.97426
G1 F1546.5 X196.404 Y215.6 E2864.00044
G1 F1500 E2863.00044
G1 F300 Z5.8
;MESH:NONMESH
G0 F9000 X198.323 Y91.573 Z5.8
;TIME_ELAPSED:6046.910931
;LAYER:28
;TYPE:WALL-OUTER
;MESH:Top of Case.STL
G1 F300 Z5.8
G1 F1500 E2864.02704
G1 F1683.2 X198.105 Y91.351 E2864.04774
G1 X197.892 Y91.19 E2864.0655
G1 X197.578 Y91.021 E2864.08922
G1 X197.213 Y90.905 E2864.1147
G1 X196.912 Y90.865 E2864.1349
G1 X196.731 Y90.863 E2864.14694
G1 X196.387 Y90.905 E2864.16999
G1 X196.03 Y91.017 E2864.19488
G1 X195.804 Y91.13 E2864.21169
G1 X195.575 Y91.284 E2864.23005
G1 X195.346 Y91.493 E2864.25067
G1 X195.171 Y91.709 E2864.26916
G1 X195.028 Y91.949 E2864.28775
G1 X194.919 Y92.203 E2864.30613
G1 X194.848 Y92.471 E2864.32457
G1 X194.814 Y92.744 E2864.34287
G1 X194.819 Y93.02 E2864.36124
G1 X194.889 Y93.404 E2864.3872
G1 X194.987 Y93.665 E2864.40575
G1 X195.167 Y93.986 E2864.43023
G1 X195.347 Y94.208 E2864.44924
G1 X195.577 Y94.418 E2864.46996
G1 X195.896 Y94.62 E2864.49507
G1 X196.251 Y94.761 E2864.52048
G1 X196.525 Y94.819 E2864.53911
G1 X196.799 Y94.838 E2864.55738
G1 X197.104 Y94.815 E2864.57773
G1 X197.415 Y94.74 E2864.59901
G1 X197.695 Y94.624 E2864.61917
G1 X197.959 Y94.465 E2864.63967
G1 X198.173 Y94.287 E2864.65819
G1 X198.344 Y94.101 E2864.675
G1 X198.503 Y93.874 E2864.69343
G1 X198.629 Y93.627 E2864.71188
G1 X198.72 Y93.364 E2864.73039
G1 X198.782 Y92.989 E2864.75567
G1 X198.783 Y92.719 E2864.77363
G1 X198.744 Y92.438 E2864.7925
G1 X198.629 Y92.073 E2864.81796
G1 X198.504 Y91.827 E2864.83632
G1 X198.323 Y91.573 E2864.85706
G0 F9000 X199.221 Y90.914
G1 F1683.2 X199.444 Y91.231 E2864.88285
G1 X199.583 Y91.487 E2864.90222
G1 X199.69 Y91.73 E2864.91989
G1 X199.782 Y92.003 E2864.93905
G1 X199.853 Y92.318 E2864.96053
G1 X199.891 Y92.623 E2864.98097
G1 X199.899 Y92.91 E2865.00007
G1 X199.873 Y93.253 E2865.02295
G1 X199.827 Y93.52 E2865.04098
G1 X199.759 Y93.776 E2865.0586
G1 X199.672 Y94.018 E2865.0757
G1 X199.539 Y94.301 E2865.0965
G1 X199.395 Y94.546 E2865.11541
G1 X199.227 Y94.779 E2865.13452
G1 X198.955 Y95.078 E2865.1614
G1 X198.707 Y95.294 E2865.18328
G1 X198.481 Y95.454 E2865.2017
G1 X198.231 Y95.599 E2865.22093
G1 X197.946 Y95.73 E2865.24179
G1 X197.539 Y95.86 E2865.27021
G1 X197.221 Y95.921 E2865.29175
G1 X196.896 Y95.948 E2865.31344
G1 X196.513 Y95.938 E2865.33893
G1 X196.199 Y95.892 E2865.36004
G1 X195.875 Y95.809 E2865.38229
G1 X195.576 Y95.699 E2865.40348
G1 X195.291 Y95.558 E2865.42463
G1 X195.057 Y95.414 E2865.44291
G1 X194.828 Y95.242 E2865.46196
G1 X194.628 Y95.062 E2865.47986
G1 X194.373 Y94.78 E2865.50515
G1 X194.155 Y94.469 E2865.53042
G1 X194.01 Y94.201 E2865.55069
G1 X193.906 Y93.963 E2865.56796
G1 X193.817 Y93.697 E2865.58662
G1 X193.746 Y93.382 E2865.6081
G1 X193.708 Y93.072 E2865.62888
G1 X193.7 Y92.79 E2865.64764
G1 X193.726 Y92.445 E2865.67066
G1 X193.772 Y92.18 E2865.68855
G1 X193.842 Y91.918 E2865.70659
G1 X193.927 Y91.682 E2865.72327
G1 X194.067 Y91.386 E2865.74506
G1 X194.204 Y91.154 E2865.76298
G1 X194.373 Y90.92 E2865.78218
G1 X194.649 Y90.617 E2865.80944
G1 X194.842 Y90.446 E2865.8266
G1 X195.103 Y90.255 E2865.84811
G1 X195.386 Y90.091 E2865.86987
G1 X195.653 Y89.97 E2865.88937
G1 X196.06 Y89.84 E2865.91779
G1 X196.378 Y89.779 E2865.93933
G1 X196.703 Y89.752 E2865.96102
G1 X197.086 Y89.762 E2865.98651
G1 X197.4 Y89.808 E2866.00762
G1 X197.724 Y89.891 E2866.02987
G1 X198.023 Y90.001 E2866.05106
G1 X198.325 Y90.151 E2866.07349
G1 X198.542 Y90.286 E2866.09049
G1 X198.771 Y90.458 E2866.10954
G1 X198.971 Y90.638 E2866.12744
G1 X199.221 Y90.914 E2866.15221
G0 F9000 X198.8 Y91.307
;TYPE:SKIN
G1 F1472.8 X199.2 Y92.85 E2866.21414
G1 X198.8 Y94.389 E2866.27592
G1 X197.6 Y95.256 E2866.33343
G1 X196.4 Y95.358 E2866.38022
G1 X195.2 Y94.814 E2866.43141
G1 X194.8 Y94.383 E2866.45425
G1 X194.4 Y92.848 E2866.51588
G1 X194.8 Y91.312 E2866.57755
G1 X196 Y90.441 E2866.63515
G1 X197.2 Y90.339 E2866.68194
G1 X198.4 Y90.884 E2866.73315
G1 F1500 E2865.73315
G1 F300 Z6
G0 F9000 X105.03 Y92.073 Z6
;TYPE:WALL-OUTER
G1 F300 Z5.8
G1 F1500 E2866.75975
G1 F1683.2 X104.905 Y91.827 E2866.77811
G1 X104.724 Y91.573 E2866.79886
G1 X104.506 Y91.351 E2866.81955
G1 X104.293 Y91.19 E2866.83731
G1 X104.008 Y91.034 E2866.85893
G1 X103.749 Y90.939 E2866.87728
G1 X103.475 Y90.881 E2866.89591
G1 X103.132 Y90.863 E2866.91876
G1 X102.788 Y90.905 E2866.94181
G1 X102.431 Y91.017 E2866.9667
G1 X102.205 Y91.13 E2866.98351
G1 X101.976 Y91.284 E2867.00186
G1 X101.747 Y91.493 E2867.02249
G1 X101.572 Y91.709 E2867.04098
G1 X101.429 Y91.949 E2867.05956
G1 X101.32 Y92.203 E2867.07795
G1 X101.249 Y92.471 E2867.09639
G1 X101.213 Y92.842 E2867.12119
G1 X101.232 Y93.128 E2867.14025
G1 X101.29 Y93.404 E2867.15901
G1 X101.388 Y93.665 E2867.17756
G1 X101.568 Y93.986 E2867.20204
G1 X101.748 Y94.208 E2867.22105
G1 X101.978 Y94.418 E2867.24177
G1 X102.297 Y94.62 E2867.26689
G1 X102.652 Y94.761 E2867.2923
G1 X102.924 Y94.818 E2867.31078
G1 X103.2 Y94.838 E2867.32919
G1 X103.511 Y94.813 E2867.34994
G1 X103.816 Y94.74 E2867.37081
G1 X104.095 Y94.625 E2867.39088
G1 X104.333 Y94.484 E2867.40928
G1 X104.574 Y94.287 E2867.42999
G1 X104.745 Y94.101 E2867.44679
G1 X104.904 Y93.874 E2867.46523
G1 X105.03 Y93.627 E2867.48368
G1 X105.129 Y93.332 E2867.50437
G1 X105.177 Y93.057 E2867.52294
G1 X105.181 Y92.675 E2867.54836
G1 X105.123 Y92.344 E2867.57071
G1 X105.03 Y92.073 E2867.58977
G0 F9000 X105.845 Y91.231
G1 F1683.2 X105.984 Y91.487 E2867.60915
G1 X106.091 Y91.73 E2867.62681
G1 X106.183 Y92.003 E2867.64597
G1 X106.254 Y92.318 E2867.66745
G1 X106.292 Y92.623 E2867.6879
G1 X106.3 Y92.91 E2867.707
G1 X106.274 Y93.253 E2867.72988
G1 X106.228 Y93.52 E2867.7479
G1 X106.16 Y93.776 E2867.76552
G1 X106.073 Y94.018 E2867.78263
G1 X105.94 Y94.301 E2867.80343
G1 X105.796 Y94.546 E2867.82233
G1 X105.628 Y94.779 E2867.84144
G1 X105.356 Y95.078 E2867.86833
G1 X105.108 Y95.294 E2867.8902
G1 X104.882 Y95.454 E2867.90862
G1 X104.632 Y95.599 E2867.92785
G1 X104.347 Y95.73 E2867.94871
G1 X103.94 Y95.86 E2867.97713
G1 X103.622 Y95.921 E2867.99867
G1 X103.297 Y95.948 E2868.02037
G1 X102.914 Y95.938 E2868.04585
G1 X102.6 Y95.892 E2868.06696
G1 X102.276 Y95.809 E2868.08921
G1 X101.977 Y95.699 E2868.11041
G1 X101.692 Y95.558 E2868.13156
G1 X101.458 Y95.414 E2868.14983
G1 X101.229 Y95.242 E2868.16889
G1 X101.029 Y95.062 E2868.18678
G1 X100.774 Y94.78 E2868.21207
G1 X100.556 Y94.469 E2868.23734
G1 X100.411 Y94.201 E2868.25761
G1 X100.307 Y93.963 E2868.27489
G1 X100.218 Y93.697 E2868.29354
G1 X100.147 Y93.382 E2868.31502
G1 X100.109 Y93.072 E2868.3358
G1 X100.101 Y92.79 E2868.35457
G1 X100.127 Y92.445 E2868.37758
G1 X100.173 Y92.18 E2868.39547
G1 X100.243 Y91.918 E2868.41351
G1 X100.328 Y91.682 E2868.4302
G1 X100.468 Y91.386 E2868.45198
G1 X100.605 Y91.154 E2868.4699
G1 X100.774 Y90.92 E2868.4891
G1 X101.05 Y90.617 E2868.51637
G1 X101.243 Y90.446 E2868.53352
G1 X101.504 Y90.255 E2868.55503
G1 X101.787 Y90.091 E2868.57679
G1 X102.054 Y89.97 E2868.59629
G1 X102.461 Y89.84 E2868.62471
G1 X102.779 Y89.779 E2868.64625
G1 X103.104 Y89.752 E2868.66794
G1 X103.487 Y89.762 E2868.69343
G1 X103.801 Y89.808 E2868.71454
G1 X104.125 Y89.891 E2868.73679
G1 X104.424 Y90.001 E2868.75798
G1 X104.726 Y90.151 E2868.78041
G1 X104.943 Y90.286 E2868.79741
G1 X105.172 Y90.458 E2868.81646
G1 X105.372 Y90.638 E2868.83436
G1 X105.622 Y90.914 E2868.85913
G1 X105.845 Y91.231 E2868.88492
G0 F9000 X105.599 Y92.85
;TYPE:SKIN
G1 F1472.8 X105.199 Y94.391 E2868.95425
G1 X103.999 Y95.257 E2869.0187
G1 X102.799 Y95.358 E2869.07114
G1 X101.599 Y94.813 E2869.12854
G1 X101.199 Y94.382 E2869.15415
G1 X100.799 Y92.848 E2869.22319
G1 X101.199 Y91.314 E2869.29223
G1 X102.399 Y90.442 E2869.35683
G1 X103.599 Y90.34 E2869.40928
G1 X104.799 Y90.883 E2869.46664
G1 X105.199 Y91.305 E2869.49196
G1 F1500 E2868.49196
G1 F300 Z6
G0 F9000 X104.485 Y211.348 Z6
;TYPE:WALL-OUTER
G1 F300 Z5.8
G1 F1500 E2869.51857
G1 F1683.2 X104.233 Y211.167 E2869.53921
G1 X104.008 Y211.049 E2869.55611
G1 X103.749 Y210.954 E2869.57446
G1 X103.475 Y210.896 E2869.59309
G1 X103.199 Y210.877 E2869.61149
G1 X102.896 Y210.9 E2869.63171
G1 X102.585 Y210.975 E2869.65299
G1 X102.304 Y211.091 E2869.67321
G1 X102.036 Y211.254 E2869.69408
G1 X101.747 Y211.508 E2869.71967
G1 X101.573 Y211.723 E2869.73807
G1 X101.443 Y211.938 E2869.75478
G1 X101.321 Y212.216 E2869.77498
G1 X101.244 Y212.512 E2869.79532
G1 X101.214 Y212.796 E2869.81432
G1 X101.223 Y213.066 E2869.83229
G1 X101.278 Y213.371 E2869.85291
G1 X101.383 Y213.671 E2869.87405
G1 X101.568 Y214.001 E2869.89922
G1 X101.79 Y214.266 E2869.92221
G1 X102.006 Y214.454 E2869.94126
G1 X102.267 Y214.621 E2869.96187
G1 X102.521 Y214.733 E2869.98034
G1 X102.787 Y214.81 E2869.99876
G1 X103.088 Y214.85 E2870.01896
G1 X103.443 Y214.838 E2870.04258
G1 X103.717 Y214.784 E2870.06116
G1 X103.97 Y214.698 E2870.07894
G1 X104.225 Y214.569 E2870.09795
G1 X104.453 Y214.409 E2870.11648
G1 X104.655 Y214.221 E2870.13483
G1 X104.829 Y214.006 E2870.15323
G1 X104.972 Y213.766 E2870.17181
G1 X105.081 Y213.512 E2870.1902
G1 X105.158 Y213.212 E2870.2108
G1 X105.187 Y212.934 E2870.2294
G1 X105.178 Y212.664 E2870.24737
G1 X105.123 Y212.359 E2870.26798
G1 X105.017 Y212.056 E2870.28934
G1 X104.868 Y211.783 E2870.31003
G1 X104.702 Y211.562 E2870.32841
G1 X104.485 Y211.348 E2870.34868
G0 F9000 X105.622 Y210.929
G1 F1683.2 X105.845 Y211.246 E2870.37447
G1 X105.984 Y211.502 E2870.39384
G1 X106.091 Y211.745 E2870.41151
G1 X106.183 Y212.018 E2870.43067
G1 X106.254 Y212.333 E2870.45215
G1 X106.292 Y212.638 E2870.47259
G1 X106.3 Y212.925 E2870.49169
G1 X106.274 Y213.268 E2870.51458
G1 X106.228 Y213.535 E2870.5326
G1 X106.159 Y213.793 E2870.55036
G1 X106.073 Y214.033 E2870.56732
G1 X105.94 Y214.316 E2870.58812
G1 X105.796 Y214.561 E2870.60703
G1 X105.628 Y214.794 E2870.62613
G1 X105.356 Y215.093 E2870.65302
G1 X105.108 Y215.309 E2870.6749
G1 X104.882 Y215.469 E2870.69332
G1 X104.632 Y215.614 E2870.71254
G1 X104.347 Y215.745 E2870.73341
G1 X103.94 Y215.875 E2870.76183
G1 X103.622 Y215.936 E2870.78337
G1 X103.297 Y215.963 E2870.80506
G1 X102.914 Y215.953 E2870.83055
G1 X102.6 Y215.907 E2870.85166
G1 X102.276 Y215.824 E2870.87391
G1 X101.977 Y215.714 E2870.8951
G1 X101.692 Y215.573 E2870.91625
G1 X101.458 Y215.429 E2870.93453
G1 X101.229 Y215.257 E2870.95358
G1 X101.029 Y215.077 E2870.97148
G1 X100.774 Y214.795 E2870.99677
G1 X100.556 Y214.484 E2871.02203
G1 X100.411 Y214.216 E2871.0423
G1 X100.307 Y213.978 E2871.05958
G1 X100.218 Y213.712 E2871.07824
G1 X100.147 Y213.397 E2871.09972
G1 X100.109 Y213.087 E2871.1205
G1 X100.101 Y212.805 E2871.13926
G1 X100.127 Y212.46 E2871.16228
G1 X100.173 Y212.195 E2871.18017
G1 X100.243 Y211.933 E2871.19821
G1 X100.328 Y211.697 E2871.21489
G1 X100.468 Y211.401 E2871.23667
G1 X100.605 Y211.169 E2871.2546
G1 X100.774 Y210.935 E2871.2738
G1 X101.05 Y210.632 E2871.30106
G1 X101.243 Y210.461 E2871.31821
G1 X101.504 Y210.27 E2871.33973
G1 X101.787 Y210.106 E2871.36149
G1 X102.054 Y209.985 E2871.38099
G1 X102.461 Y209.855 E2871.40941
G1 X102.779 Y209.794 E2871.43095
G1 X103.104 Y209.767 E2871.45264
G1 X103.487 Y209.777 E2871.47813
G1 X103.801 Y209.823 E2871.49924
G1 X104.125 Y209.906 E2871.52149
G1 X104.424 Y210.016 E2871.54268
G1 X104.726 Y210.166 E2871.56511
G1 X104.943 Y210.301 E2871.58211
G1 X105.172 Y210.473 E2871.60116
G1 X105.372 Y210.653 E2871.61906
G1 X105.622 Y210.929 E2871.64383
G0 F9000 X105.199 Y211.326
;TYPE:SKIN
G1 F1472.8 X105.599 Y212.866 E2871.70569
G1 X105.199 Y214.402 E2871.76739
G1 X103.999 Y215.273 E2871.82504
G1 X102.799 Y215.374 E2871.87185
G1 X101.599 Y214.831 E2871.92306
G1 X101.199 Y214.398 E2871.94598
G1 X100.799 Y212.864 E2872.00761
G1 X101.199 Y211.328 E2872.06931
G1 X102.399 Y210.457 E2872.12696
G1 X103.599 Y210.356 E2872.17377
G1 X104.799 Y210.9 E2872.22499
G1 F1500 E2871.22499
G1 F300 Z6
G0 F9000 X197.607 Y211.049 Z6
;TYPE:WALL-OUTER
G1 F300 Z5.8
G1 F1500 E2872.2516
G1 F1683.2 X197.348 Y210.954 E2872.26995
G1 X197.074 Y210.896 E2872.28858
G1 X196.798 Y210.877 E2872.30699
G1 X196.489 Y210.902 E2872.32761
G1 X196.184 Y210.975 E2872.34847
G1 X195.903 Y211.091 E2872.36869
G1 X195.635 Y211.254 E2872.38956
G1 X195.346 Y211.508 E2872.41515
G1 X195.172 Y211.723 E2872.43355
G1 X195.042 Y211.938 E2872.45027
G1 X194.92 Y212.216 E2872.47046
G1 X194.83 Y212.589 E2872.49598
G1 X194.812 Y212.873 E2872.51491
G1 X194.835 Y213.165 E2872.5344
G1 X194.888 Y213.413 E2872.55127
G1 X194.995 Y213.7 E2872.57164
G1 X195.132 Y213.947 E2872.59043
G1 X195.389 Y214.266 E2872.61768
G1 X195.606 Y214.455 E2872.63682
G1 X195.866 Y214.621 E2872.65734
G1 X196.12 Y214.733 E2872.67581
G1 X196.386 Y214.81 E2872.69423
G1 X196.687 Y214.85 E2872.71443
G1 X197.042 Y214.838 E2872.73806
G1 X197.316 Y214.784 E2872.75663
G1 X197.569 Y214.698 E2872.77441
G1 X197.824 Y214.569 E2872.79342
G1 X198.053 Y214.408 E2872.81204
G1 X198.255 Y214.22 E2872.8304
G1 X198.428 Y214.006 E2872.8487
G1 X198.571 Y213.766 E2872.86729
G1 X198.68 Y213.512 E2872.88567
G1 X198.757 Y213.212 E2872.90627
G1 X198.786 Y212.934 E2872.92487
G1 X198.777 Y212.664 E2872.94284
G1 X198.722 Y212.359 E2872.96345
G1 X198.616 Y212.056 E2872.98481
G1 X198.467 Y211.783 E2873.0055
G1 X198.301 Y211.562 E2873.02388
G1 X198.084 Y211.348 E2873.04416
G1 X197.832 Y211.167 E2873.06479
G1 X197.607 Y211.049 E2873.08169
G0 F9000 X198.023 Y210.016
G1 F1683.2 X198.325 Y210.166 E2873.10413
G1 X198.542 Y210.301 E2873.12113
G1 X198.771 Y210.473 E2873.14018
G1 X198.971 Y210.653 E2873.15808
G1 X199.221 Y210.929 E2873.18285
G1 X199.444 Y211.246 E2873.20863
G1 X199.583 Y211.502 E2873.22801
G1 X199.69 Y211.745 E2873.24567
G1 X199.782 Y212.018 E2873.26483
G1 X199.853 Y212.333 E2873.28631
G1 X199.891 Y212.638 E2873.30676
G1 X199.899 Y212.925 E2873.32586
G1 X199.873 Y213.268 E2873.34874
G1 X199.827 Y213.535 E2873.36676
G1 X199.758 Y213.793 E2873.38453
G1 X199.672 Y214.033 E2873.40149
G1 X199.539 Y214.316 E2873.42229
G1 X199.395 Y214.561 E2873.44119
G1 X199.227 Y214.794 E2873.4603
G1 X198.955 Y215.093 E2873.48719
G1 X198.707 Y215.309 E2873.50906
G1 X198.481 Y215.469 E2873.52748
G1 X198.231 Y215.614 E2873.54671
G1 X197.946 Y215.745 E2873.56757
G1 X197.539 Y215.875 E2873.59599
G1 X197.221 Y215.936 E2873.61753
G1 X196.896 Y215.963 E2873.63923
G1 X196.513 Y215.953 E2873.66471
G1 X196.199 Y215.907 E2873.68582
G1 X195.875 Y215.824 E2873.70807
G1 X195.576 Y215.714 E2873.72926
G1 X195.291 Y215.573 E2873.75042
G1 X195.057 Y215.429 E2873.76869
G1 X194.828 Y215.257 E2873.78774
G1 X194.628 Y215.077 E2873.80564
G1 X194.373 Y214.795 E2873.83093
G1 X194.155 Y214.484 E2873.8562
G1 X194.01 Y214.216 E2873.87647
G1 X193.906 Y213.978 E2873.89374
G1 X193.817 Y213.712 E2873.9124
G1 X193.746 Y213.397 E2873.93388
G1 X193.708 Y213.087 E2873.95466
G1 X193.7 Y212.805 E2873.97342
G1 X193.726 Y212.46 E2873.99644
G1 X193.772 Y212.195 E2874.01433
G1 X193.842 Y211.933 E2874.03237
G1 X193.927 Y211.697 E2874.04906
G1 X194.067 Y211.401 E2874.07084
G1 X194.204 Y211.169 E2874.08876
G1 X194.373 Y210.935 E2874.10796
G1 X194.649 Y210.632 E2874.13523
G1 X194.842 Y210.461 E2874.15238
G1 X195.103 Y210.27 E2874.17389
G1 X195.386 Y210.106 E2874.19565
G1 X195.653 Y209.985 E2874.21515
G1 X196.06 Y209.855 E2874.24357
G1 X196.378 Y209.794 E2874.26511
G1 X196.703 Y209.767 E2874.2868
G1 X197.086 Y209.777 E2874.31229
G1 X197.4 Y209.823 E2874.3334
G1 X197.724 Y209.906 E2874.35565
G1 X198.023 Y210.016 E2874.37684
G0 F9000 X197.999 Y210.627
;TYPE:SKIN
G1 F1472.8 X197.599 Y210.454 E2874.39338
G1 X196.399 Y210.354 E2874.43909
G1 X195.199 Y210.901 E2874.48915
G1 X194.799 Y211.326 E2874.51131
G1 X194.399 Y212.863 E2874.57159
G1 X194.799 Y214.403 E2874.63199
G1 X195.999 Y215.277 E2874.68834
G1 X197.199 Y215.372 E2874.73403
G1 X198.399 Y214.827 E2874.78406
G1 X198.799 Y214.399 E2874.8063
G1 X199.199 Y212.865 E2874.86648
G1 X198.799 Y211.327 E2874.9268
G0 F9000 X198.399 Y211.188
G1 F1472.8 X198.399 Y210.613 E2874.94592
G1 F1500 E2873.94592
G1 F300 Z6
;MESH:NONMESH
G0 F9000 X198.323 Y91.573 Z6
;TIME_ELAPSED:6059.542205
;LAYER:29
;TYPE:WALL-OUTER
;MESH:Top of Case.STL
G1 F300 Z6
G1 F1500 E2874.97253
G1 F1768.4 X198.13 Y91.373 E2874.99102
G1 X197.912 Y91.203 E2875.00941
G1 X197.589 Y91.026 E2875.03391
G1 X197.348 Y90.939 E2875.05095
G1 X197.074 Y90.881 E2875.06959
G1 X196.731 Y90.863 E2875.09243
G1 X196.386 Y90.905 E2875.11555
G1 X196.12 Y90.982 E2875.13397
G1 X195.775 Y91.146 E2875.15938
G1 X195.468 Y91.373 E2875.18478
G1 X195.255 Y91.599 E2875.20544
G1 X195.029 Y91.946 E2875.23299
G1 X194.92 Y92.203 E2875.25156
G1 X194.848 Y92.472 E2875.27008
G1 X194.814 Y92.744 E2875.28831
G1 X194.819 Y93.02 E2875.30668
G1 X194.889 Y93.403 E2875.33258
G1 X194.986 Y93.666 E2875.35122
G1 X195.151 Y93.962 E2875.37377
G1 X195.395 Y94.258 E2875.39928
G1 X195.605 Y94.439 E2875.41772
G1 X195.898 Y94.621 E2875.44067
G1 X196.251 Y94.761 E2875.46593
G1 X196.525 Y94.819 E2875.48456
G1 X196.799 Y94.838 E2875.50283
G1 X197.104 Y94.815 E2875.52318
G1 X197.44 Y94.732 E2875.5462
G1 X197.7 Y94.622 E2875.56498
G1 X198.023 Y94.417 E2875.59043
G1 X198.253 Y94.207 E2875.61114
G1 X198.427 Y93.992 E2875.62954
G1 X198.587 Y93.719 E2875.65059
G1 X198.72 Y93.364 E2875.67581
G1 X198.782 Y92.988 E2875.70116
G1 X198.783 Y92.718 E2875.71912
G1 X198.744 Y92.438 E2875.73793
G1 X198.629 Y92.072 E2875.76345
G1 X198.487 Y91.799 E2875.78392
G1 X198.323 Y91.573 E2875.80249
G0 F9000 X199.108 Y90.781
G1 F1768.4 X199.303 Y91.022 E2875.82311
G1 X199.454 Y91.247 E2875.84114
G1 X199.589 Y91.499 E2875.86015
G1 X199.697 Y91.749 E2875.87827
G1 X199.791 Y92.039 E2875.89855
G1 X199.872 Y92.443 E2875.92596
G1 X199.897 Y92.732 E2875.94525
G1 X199.896 Y93.02 E2875.96441
G1 X199.861 Y93.34 E2875.98583
G1 X199.807 Y93.604 E2876.00375
G1 X199.73 Y93.863 E2876.02172
G1 X199.614 Y94.151 E2876.04238
G1 X199.454 Y94.453 E2876.06511
G1 X199.231 Y94.773 E2876.09106
G1 X199.058 Y94.975 E2876.10875
G1 X198.834 Y95.188 E2876.12931
G1 X198.616 Y95.362 E2876.14786
G1 X198.385 Y95.514 E2876.16626
G1 X198.105 Y95.661 E2876.1873
G1 X197.841 Y95.769 E2876.20627
G1 X197.539 Y95.86 E2876.22725
G1 X197.207 Y95.923 E2876.24973
G1 X196.899 Y95.948 E2876.27029
G1 X196.516 Y95.938 E2876.29577
G1 X196.239 Y95.9 E2876.31437
G1 X195.987 Y95.842 E2876.33157
G1 X195.666 Y95.736 E2876.35406
G1 X195.431 Y95.633 E2876.37113
G1 X195.182 Y95.495 E2876.39006
G1 X194.927 Y95.32 E2876.41064
G1 X194.719 Y95.147 E2876.42863
G1 X194.491 Y94.919 E2876.45008
G1 X194.288 Y94.667 E2876.47161
G1 X194.145 Y94.453 E2876.48873
G1 X194.008 Y94.198 E2876.50798
G1 X193.902 Y93.951 E2876.52586
G1 X193.807 Y93.655 E2876.54654
G1 X193.727 Y93.257 E2876.57355
G1 X193.702 Y92.963 E2876.59318
G1 X193.704 Y92.662 E2876.6132
G1 X193.738 Y92.36 E2876.63341
G1 X193.792 Y92.096 E2876.65134
G1 X193.869 Y91.837 E2876.66931
G1 X193.985 Y91.549 E2876.68997
G1 X194.152 Y91.236 E2876.71357
G1 X194.372 Y90.921 E2876.73912
G1 X194.541 Y90.725 E2876.75634
G1 X194.772 Y90.505 E2876.77756
G1 X194.987 Y90.335 E2876.79579
G1 X195.259 Y90.16 E2876.81731
G1 X195.485 Y90.043 E2876.83424
G1 X195.758 Y89.931 E2876.85386
G1 X196.06 Y89.84 E2876.87485
G1 X196.392 Y89.777 E2876.89733
G1 X196.7 Y89.752 E2876.91788
G1 X197.083 Y89.762 E2876.94337
G1 X197.36 Y89.8 E2876.96197
G1 X197.612 Y89.858 E2876.97917
G1 X197.933 Y89.964 E2877.00165
G1 X198.165 Y90.066 E2877.01851
G1 X198.417 Y90.205 E2877.03766
G1 X198.672 Y90.38 E2877.05823
G1 X198.88 Y90.553 E2877.07623
G1 X199.108 Y90.781 E2877.09767
G0 F9000 X198.722 Y91.2
;TYPE:SKIN
G1 F1547.3 X198.265 Y90.8 E2877.12115
G1 X196.802 Y90.4 E2877.17979
G1 X195.333 Y90.8 E2877.23864
G1 X194.595 Y91.6 E2877.28072
G1 X194.26 Y92.8 E2877.32888
G1 X194.538 Y94 E2877.3765
G1 X195.199 Y94.8 E2877.41662
G1 X196.798 Y95.2 E2877.48034
G1 X198.398 Y94.8 E2877.5441
G1 X199.223 Y93.6 E2877.60039
G1 X199.299 Y92.4 E2877.64688
G1 X199.01 Y91.6 E2877.67976
G1 F1500 E2876.67976
G1 F300 Z6.2
G0 F9000 X197.025 Y95.6 Z6.2
G1 F300 Z6
G1 F1500 E2877.70637
G1 F1547.3 X196.518 Y95.6 E2877.72323
G1 F1500 E2876.72323
G1 F300 Z6.2
G0 F9000 X104.96 Y91.924 Z6.2
;TYPE:WALL-OUTER
G1 F300 Z6
G1 F1500 E2877.74984
G1 F1768.4 X104.827 Y91.707 E2877.76677
G1 X104.63 Y91.469 E2877.78732
G1 X104.424 Y91.283 E2877.80578
G1 X104.108 Y91.081 E2877.83073
G1 X103.749 Y90.939 E2877.85641
G1 X103.475 Y90.881 E2877.87504
G1 X103.132 Y90.863 E2877.89789
G1 X102.787 Y90.905 E2877.92101
G1 X102.521 Y90.982 E2877.93943
G1 X102.176 Y91.146 E2877.96484
G1 X101.869 Y91.373 E2877.99024
G1 X101.656 Y91.599 E2878.0109
G1 X101.43 Y91.946 E2878.03844
G1 X101.321 Y92.203 E2878.05701
G1 X101.249 Y92.471 E2878.07547
G1 X101.215 Y92.745 E2878.09384
G1 X101.22 Y93.02 E2878.11214
G1 X101.29 Y93.403 E2878.13804
G1 X101.387 Y93.666 E2878.15668
G1 X101.552 Y93.962 E2878.17922
G1 X101.796 Y94.258 E2878.20474
G1 X102.006 Y94.439 E2878.22318
G1 X102.299 Y94.621 E2878.24613
G1 X102.652 Y94.761 E2878.27139
G1 X102.924 Y94.818 E2878.28988
G1 X103.2 Y94.838 E2878.30828
G1 X103.505 Y94.815 E2878.32863
G1 X103.841 Y94.732 E2878.35165
G1 X104.097 Y94.624 E2878.37014
G1 X104.361 Y94.464 E2878.39067
G1 X104.574 Y94.287 E2878.40909
G1 X104.745 Y94.101 E2878.4259
G1 X104.939 Y93.813 E2878.449
G1 X105.081 Y93.495 E2878.47217
G1 X105.158 Y93.195 E2878.49277
G1 X105.187 Y92.922 E2878.51103
G1 X105.16 Y92.512 E2878.53836
G1 X105.08 Y92.202 E2878.55966
G1 X104.96 Y91.924 E2878.5798
G0 F9000 X106.192 Y92.039
G1 F1768.4 X106.273 Y92.443 E2878.60721
G1 X106.298 Y92.732 E2878.62651
G1 X106.297 Y93.02 E2878.64566
G1 X106.262 Y93.34 E2878.66708
G1 X106.208 Y93.604 E2878.685
G1 X106.131 Y93.863 E2878.70298
G1 X106.015 Y94.151 E2878.72363
G1 X105.855 Y94.453 E2878.74636
G1 X105.632 Y94.773 E2878.77231
G1 X105.459 Y94.975 E2878.79
G1 X105.235 Y95.188 E2878.81056
G1 X105.017 Y95.362 E2878.82912
G1 X104.786 Y95.514 E2878.84751
G1 X104.506 Y95.661 E2878.86855
G1 X104.242 Y95.769 E2878.88752
G1 X103.94 Y95.86 E2878.9085
G1 X103.608 Y95.923 E2878.93098
G1 X103.3 Y95.948 E2878.95154
G1 X102.917 Y95.938 E2878.97702
G1 X102.64 Y95.9 E2878.99562
G1 X102.388 Y95.842 E2879.01282
G1 X102.067 Y95.736 E2879.03531
G1 X101.832 Y95.633 E2879.05238
G1 X101.583 Y95.495 E2879.07132
G1 X101.328 Y95.32 E2879.09189
G1 X101.12 Y95.147 E2879.10989
G1 X100.892 Y94.919 E2879.13133
G1 X100.689 Y94.667 E2879.15286
G1 X100.546 Y94.453 E2879.16998
G1 X100.409 Y94.198 E2879.18924
G1 X100.303 Y93.951 E2879.20712
G1 X100.208 Y93.655 E2879.2278
G1 X100.128 Y93.257 E2879.2548
G1 X100.103 Y92.963 E2879.27443
G1 X100.105 Y92.662 E2879.29445
G1 X100.139 Y92.36 E2879.31467
G1 X100.193 Y92.096 E2879.33259
G1 X100.27 Y91.837 E2879.35057
G1 X100.386 Y91.549 E2879.37122
G1 X100.553 Y91.236 E2879.39482
G1 X100.773 Y90.921 E2879.42038
G1 X100.942 Y90.725 E2879.43759
G1 X101.173 Y90.505 E2879.45881
G1 X101.388 Y90.335 E2879.47704
G1 X101.66 Y90.16 E2879.49856
G1 X101.886 Y90.043 E2879.51549
G1 X102.159 Y89.931 E2879.53512
G1 X102.461 Y89.84 E2879.5561
G1 X102.793 Y89.777 E2879.57858
G1 X103.101 Y89.752 E2879.59913
G1 X103.484 Y89.762 E2879.62462
G1 X103.761 Y89.8 E2879.64322
G1 X104.013 Y89.858 E2879.66042
G1 X104.334 Y89.964 E2879.68291
G1 X104.566 Y90.066 E2879.69976
G1 X104.818 Y90.205 E2879.71891
G1 X105.073 Y90.38 E2879.73948
G1 X105.281 Y90.553 E2879.75748
G1 X105.509 Y90.781 E2879.77893
G1 X105.704 Y91.022 E2879.79955
G1 X105.855 Y91.247 E2879.81757
G1 X105.99 Y91.499 E2879.83659
G1 X106.098 Y91.749 E2879.85471
G1 X106.192 Y92.039 E2879.87499
G0 F9000 X105.593 Y92
;TYPE:SKIN
G1 F1547.3 X105.7 Y92.4 E2879.89067
G1 X105.629 Y93.6 E2879.93619
G1 X105.204 Y94.4 E2879.97049
G1 X104.804 Y94.8 E2879.99191
G1 X103.199 Y95.2 E2880.05455
G1 X101.599 Y94.8 E2880.117
G1 X100.773 Y93.6 E2880.17217
G1 X100.697 Y92.4 E2880.2177
G1 X101.279 Y91.2 E2880.26821
G1 X101.736 Y90.8 E2880.29121
G1 X103.203 Y90.4 E2880.34879
G1 X104.672 Y90.8 E2880.40644
G1 X105.409 Y91.6 E2880.44763
G1 F1500 E2879.44763
G1 F300 Z6.2
G0 F9000 X103.439 Y95.6 Z6.2
G1 F300 Z6
G1 F1500 E2880.47424
G1 F1547.3 X102.912 Y95.6 E2880.49177
G1 F1500 E2879.49177
G1 F300 Z6.2
G0 F9000 X104.484 Y211.347 Z6.2
;TYPE:WALL-OUTER
G1 F300 Z6
G1 F1500 E2880.51838
G1 F1768.4 X104.232 Y211.165 E2880.53906
G1 X103.98 Y211.037 E2880.55786
G1 X103.614 Y210.92 E2880.58342
G1 X103.315 Y210.881 E2880.60348
G1 X103.199 Y210.877 E2880.6112
G1 X102.896 Y210.9 E2880.63141
G1 X102.56 Y210.983 E2880.65443
G1 X102.304 Y211.091 E2880.67292
G1 X102.037 Y211.254 E2880.69372
G1 X101.747 Y211.509 E2880.71941
G1 X101.574 Y211.721 E2880.73761
G1 X101.444 Y211.936 E2880.75433
G1 X101.321 Y212.216 E2880.77467
G1 X101.243 Y212.518 E2880.79542
G1 X101.214 Y212.796 E2880.81401
G1 X101.223 Y213.067 E2880.83205
G1 X101.278 Y213.372 E2880.85267
G1 X101.384 Y213.674 E2880.87396
G1 X101.549 Y213.972 E2880.89661
G1 X101.717 Y214.188 E2880.91482
G1 X101.998 Y214.448 E2880.94028
G1 X102.207 Y214.587 E2880.95698
G1 X102.487 Y214.72 E2880.9776
G1 X102.821 Y214.816 E2881.00072
G1 X103.09 Y214.85 E2881.01875
G1 X103.443 Y214.838 E2881.04225
G1 X103.768 Y214.77 E2881.06434
G1 X104.008 Y214.681 E2881.08136
G1 X104.256 Y214.549 E2881.10005
G1 X104.519 Y214.353 E2881.12187
G1 X104.72 Y214.147 E2881.14102
G1 X104.886 Y213.918 E2881.15983
G1 X105.014 Y213.68 E2881.17781
G1 X105.121 Y213.379 E2881.19906
G1 X105.173 Y213.105 E2881.21761
G1 X105.187 Y212.797 E2881.23812
G1 X105.158 Y212.519 E2881.25671
G1 X105.08 Y212.216 E2881.27752
G1 X104.94 Y211.902 E2881.30039
G1 X104.768 Y211.644 E2881.32102
G1 X104.484 Y211.347 E2881.34835
G0 F9000 X105.509 Y210.796
G1 F1768.4 X105.704 Y211.037 E2881.36898
G1 X105.855 Y211.262 E2881.387
G1 X105.99 Y211.514 E2881.40602
G1 X106.098 Y211.764 E2881.42413
G1 X106.192 Y212.054 E2881.44441
G1 X106.273 Y212.458 E2881.47182
G1 X106.298 Y212.747 E2881.49112
G1 X106.296 Y213.051 E2881.51134
G1 X106.262 Y213.355 E2881.53169
G1 X106.208 Y213.619 E2881.54961
G1 X106.131 Y213.878 E2881.56759
G1 X106.015 Y214.166 E2881.58824
G1 X105.855 Y214.468 E2881.61098
G1 X105.632 Y214.788 E2881.63692
G1 X105.459 Y214.99 E2881.65461
G1 X105.235 Y215.203 E2881.67517
G1 X105.017 Y215.377 E2881.69373
G1 X104.786 Y215.529 E2881.71212
G1 X104.506 Y215.676 E2881.73316
G1 X104.242 Y215.784 E2881.75213
G1 X103.94 Y215.875 E2881.77312
G1 X103.608 Y215.938 E2881.79559
G1 X103.3 Y215.963 E2881.81615
G1 X102.917 Y215.953 E2881.84164
G1 X102.64 Y215.915 E2881.86023
G1 X102.388 Y215.857 E2881.87744
G1 X102.067 Y215.751 E2881.89992
G1 X101.832 Y215.648 E2881.91699
G1 X101.583 Y215.51 E2881.93593
G1 X101.328 Y215.335 E2881.9565
G1 X101.12 Y215.162 E2881.9745
G1 X100.892 Y214.934 E2881.99595
G1 X100.689 Y214.682 E2882.01747
G1 X100.546 Y214.468 E2882.03459
G1 X100.409 Y214.213 E2882.05385
G1 X100.303 Y213.966 E2882.07173
G1 X100.208 Y213.67 E2882.09241
G1 X100.128 Y213.272 E2882.11941
G1 X100.103 Y212.978 E2882.13904
G1 X100.105 Y212.677 E2882.15906
G1 X100.139 Y212.375 E2882.17928
G1 X100.193 Y212.111 E2882.1972
G1 X100.27 Y211.852 E2882.21518
G1 X100.386 Y211.564 E2882.23583
G1 X100.55 Y211.256 E2882.25904
G1 X100.773 Y210.936 E2882.28499
G1 X100.942 Y210.74 E2882.3022
G1 X101.173 Y210.52 E2882.32342
G1 X101.388 Y210.35 E2882.34166
G1 X101.66 Y210.175 E2882.36317
G1 X101.886 Y210.058 E2882.3801
G1 X102.159 Y209.946 E2882.39973
G1 X102.461 Y209.855 E2882.42071
G1 X102.793 Y209.792 E2882.44319
G1 X103.101 Y209.767 E2882.46374
G1 X103.484 Y209.777 E2882.48923
G1 X103.761 Y209.815 E2882.50783
G1 X104.013 Y209.873 E2882.52503
G1 X104.334 Y209.979 E2882.54752
G1 X104.566 Y210.081 E2882.56438
G1 X104.818 Y210.22 E2882.58352
G1 X105.073 Y210.395 E2882.60409
G1 X105.281 Y210.568 E2882.62209
G1 X105.509 Y210.796 E2882.64354
G0 F9000 X105.104 Y211.2
;TYPE:SKIN
G1 F1547.3 X104.644 Y210.8 E2882.66704
G1 X103.203 Y210.4 E2882.7247
G1 X101.75 Y210.8 E2882.7828
G1 X100.999 Y211.6 E2882.82511
G1 X100.658 Y212.8 E2882.87321
G1 X100.93 Y214 E2882.92064
G1 X101.576 Y214.8 E2882.96029
G1 X103.198 Y215.2 E2883.0247
G1 X104.825 Y214.8 E2883.08929
G1 X105.63 Y213.6 E2883.14501
G1 X105.696 Y212.4 E2883.19134
G1 X105.398 Y211.6 E2883.22426
G1 F1500 E2882.22426
G1 F300 Z6.2
G0 F9000 X103.59 Y215.6 Z6.2
G1 F300 Z6
G1 F1500 E2883.25086
G1 F1547.3 X102.803 Y215.6 E2883.27704
G1 F1500 E2882.27704
G1 F300 Z6.2
G0 F9000 X197.579 Y211.037 Z6.2
;TYPE:WALL-OUTER
G1 F300 Z6
G1 F1500 E2883.30365
G1 F1768.4 X197.213 Y210.92 E2883.32921
G1 X196.914 Y210.881 E2883.34927
G1 X196.798 Y210.877 E2883.35699
G1 X196.495 Y210.9 E2883.3772
G1 X196.159 Y210.983 E2883.40022
G1 X195.903 Y211.091 E2883.41871
G1 X195.636 Y211.254 E2883.43951
G1 X195.346 Y211.509 E2883.4652
G1 X195.173 Y211.721 E2883.4834
G1 X195.043 Y211.936 E2883.50012
G1 X194.92 Y212.216 E2883.52046
G1 X194.842 Y212.518 E2883.54121
G1 X194.813 Y212.796 E2883.5598
G1 X194.822 Y213.067 E2883.57784
G1 X194.877 Y213.372 E2883.59846
G1 X194.983 Y213.674 E2883.61975
G1 X195.148 Y213.972 E2883.64241
G1 X195.316 Y214.188 E2883.66061
G1 X195.599 Y214.449 E2883.68622
G1 X195.953 Y214.664 E2883.71377
G1 X196.187 Y214.756 E2883.73049
G1 X196.526 Y214.834 E2883.75363
G1 X196.868 Y214.852 E2883.77641
G1 X197.213 Y214.81 E2883.79953
G1 X197.48 Y214.733 E2883.81802
G1 X197.733 Y214.621 E2883.83642
G1 X197.995 Y214.453 E2883.85713
G1 X198.253 Y214.221 E2883.88021
G1 X198.427 Y214.007 E2883.89855
G1 X198.613 Y213.68 E2883.92358
G1 X198.72 Y213.379 E2883.94483
G1 X198.772 Y213.105 E2883.96338
G1 X198.786 Y212.797 E2883.98389
G1 X198.757 Y212.519 E2884.00248
G1 X198.679 Y212.216 E2884.0233
G1 X198.539 Y211.902 E2884.04617
G1 X198.367 Y211.644 E2884.06679
G1 X198.083 Y211.347 E2884.09413
G1 X197.831 Y211.165 E2884.11481
G1 X197.579 Y211.037 E2884.13361
G0 F9000 X198.417 Y210.22
G1 F1768.4 X198.672 Y210.395 E2884.15418
G1 X198.88 Y210.568 E2884.17218
G1 X199.108 Y210.796 E2884.19363
G1 X199.303 Y211.037 E2884.21425
G1 X199.454 Y211.262 E2884.23227
G1 X199.589 Y211.514 E2884.25129
G1 X199.697 Y211.764 E2884.2694
G1 X199.791 Y212.054 E2884.28968
G1 X199.872 Y212.458 E2884.31709
G1 X199.897 Y212.747 E2884.33639
G1 X199.895 Y213.051 E2884.35661
G1 X199.861 Y213.355 E2884.37696
G1 X199.807 Y213.619 E2884.39488
G1 X199.73 Y213.878 E2884.41286
G1 X199.614 Y214.166 E2884.43351
G1 X199.454 Y214.468 E2884.45625
G1 X199.231 Y214.788 E2884.48219
G1 X199.058 Y214.99 E2884.49988
G1 X198.834 Y215.203 E2884.52044
G1 X198.616 Y215.377 E2884.539
G1 X198.385 Y215.529 E2884.55739
G1 X198.105 Y215.676 E2884.57843
G1 X197.841 Y215.784 E2884.5974
G1 X197.539 Y215.875 E2884.61839
G1 X197.207 Y215.938 E2884.64086
G1 X196.899 Y215.963 E2884.66142
G1 X196.516 Y215.953 E2884.68691
G1 X196.239 Y215.915 E2884.7055
G1 X195.987 Y215.857 E2884.72271
G1 X195.666 Y215.751 E2884.74519
G1 X195.431 Y215.648 E2884.76226
G1 X195.182 Y215.51 E2884.7812
G1 X194.927 Y215.335 E2884.80177
G1 X194.719 Y215.162 E2884.81977
G1 X194.491 Y214.934 E2884.84122
G1 X194.288 Y214.682 E2884.86274
G1 X194.145 Y214.468 E2884.87986
G1 X194.008 Y214.213 E2884.89912
G1 X193.902 Y213.966 E2884.917
G1 X193.807 Y213.67 E2884.93768
G1 X193.727 Y213.272 E2884.96468
G1 X193.702 Y212.978 E2884.98431
G1 X193.704 Y212.677 E2885.00433
G1 X193.738 Y212.375 E2885.02455
G1 X193.792 Y212.111 E2885.04247
G1 X193.869 Y211.852 E2885.06045
G1 X193.985 Y211.564 E2885.0811
G1 X194.149 Y211.256 E2885.10431
G1 X194.372 Y210.936 E2885.13026
G1 X194.541 Y210.74 E2885.14747
G1 X194.772 Y210.52 E2885.16869
G1 X194.987 Y210.35 E2885.18693
G1 X195.259 Y210.175 E2885.20844
G1 X195.485 Y210.058 E2885.22537
G1 X195.758 Y209.946 E2885.245
G1 X196.06 Y209.855 E2885.26598
G1 X196.392 Y209.792 E2885.28846
G1 X196.7 Y209.767 E2885.30901
G1 X197.083 Y209.777 E2885.3345
G1 X197.36 Y209.815 E2885.3531
G1 X197.612 Y209.873 E2885.3703
G1 X197.933 Y209.979 E2885.39279
G1 X198.165 Y210.081 E2885.40965
G1 X198.417 Y210.22 E2885.42879
G0 F9000 X196.803 Y210.4
;TYPE:SKIN
G1 F1547.3 X195.35 Y210.8 E2885.49386
G1 X194.599 Y211.6 E2885.54123
G1 X194.258 Y212.8 E2885.59509
G1 X194.53 Y214 E2885.64821
G1 X195.18 Y214.8 E2885.69272
G1 X196.798 Y215.2 E2885.76467
G1 X198.423 Y214.8 E2885.83693
G1 X199.23 Y213.6 E2885.89936
G1 X199.296 Y212.4 E2885.95125
G1 X198.704 Y211.2 E2886.00902
G1 X198.244 Y210.8 E2886.03534
G1 F1500 E2885.03534
G1 F300 Z6.2
G0 F9000 X197.19 Y215.6 Z6.2
G1 F300 Z6
G1 F1500 E2886.06195
G1 F1547.3 X196.403 Y215.6 E2886.08812
G1 F1500 E2885.08812
G1 F300 Z6.2
;MESH:NONMESH
G0 F9000 X198.305 Y91.551 Z6.2
;TIME_ELAPSED:6073.392146
;LAYER:30
;TYPE:WALL-OUTER
;MESH:Top of Case.STL
G1 F300 Z6.2
G1 F1500 E2886.11473
G1 F1684.7 X198.103 Y91.35 E2886.13369
G1 X197.882 Y91.183 E2886.15211
G1 X197.544 Y91.007 E2886.17746
G1 X197.249 Y90.913 E2886.19806
G1 X196.868 Y90.863 E2886.22362
G1 X196.528 Y90.88 E2886.24626
G1 X196.226 Y90.946 E2886.26683
G1 X195.972 Y91.043 E2886.28491
G1 X195.723 Y91.179 E2886.30379
G1 X195.469 Y91.372 E2886.32501
G1 X195.238 Y91.621 E2886.3476
G1 X195.08 Y91.853 E2886.36627
G1 X194.957 Y92.104 E2886.38487
G1 X194.871 Y92.369 E2886.4034
G1 X194.814 Y92.745 E2886.4287
G1 X194.819 Y93.02 E2886.44699
G1 X194.888 Y93.402 E2886.47281
G1 X194.986 Y93.665 E2886.49148
G1 X195.152 Y93.963 E2886.51417
G1 X195.395 Y94.257 E2886.53955
G1 X195.604 Y94.438 E2886.55794
G1 X195.825 Y94.582 E2886.57549
G1 X196.055 Y94.693 E2886.59247
G1 X196.35 Y94.787 E2886.61307
G1 X196.731 Y94.837 E2886.63863
G1 X197.071 Y94.82 E2886.66128
G1 X197.381 Y94.751 E2886.6824
G1 X197.633 Y94.654 E2886.70036
G1 X197.876 Y94.521 E2886.71879
G1 X198.1 Y94.354 E2886.73738
G1 X198.301 Y94.153 E2886.75629
G1 X198.467 Y93.932 E2886.77467
G1 X198.616 Y93.659 E2886.79536
G1 X198.727 Y93.337 E2886.81802
G1 X198.776 Y93.057 E2886.83693
G1 X198.78 Y92.677 E2886.8622
G1 X198.705 Y92.281 E2886.88902
G1 X198.601 Y92.01 E2886.90832
G1 X198.472 Y91.775 E2886.92616
G1 X198.305 Y91.551 E2886.94474
G0 F9000 X199.201 Y90.889
G1 F1684.7 X199.373 Y91.122 E2886.96401
G1 X199.535 Y91.393 E2886.98501
G1 X199.674 Y91.69 E2887.00682
G1 X199.778 Y91.99 E2887.02794
G1 X199.852 Y92.315 E2887.05012
G1 X199.891 Y92.622 E2887.0707
G1 X199.899 Y92.912 E2887.09
G1 X199.882 Y93.181 E2887.10793
G1 X199.841 Y93.455 E2887.12636
G1 X199.763 Y93.761 E2887.14737
G1 X199.674 Y94.013 E2887.16514
G1 X199.536 Y94.307 E2887.18675
G1 X199.368 Y94.586 E2887.20841
G1 X199.128 Y94.896 E2887.23449
G1 X198.94 Y95.092 E2887.25256
G1 X198.712 Y95.289 E2887.2726
G1 X198.484 Y95.452 E2887.29124
G1 X198.2 Y95.616 E2887.31306
G1 X197.913 Y95.743 E2887.33394
G1 X197.598 Y95.845 E2887.35596
G1 X197.296 Y95.91 E2887.37651
G1 X197.113 Y95.933 E2887.38878
G1 X196.846 Y95.949 E2887.40657
G1 X196.512 Y95.937 E2887.42881
G1 X196.204 Y95.893 E2887.4495
G1 X195.889 Y95.813 E2887.47112
G1 X195.586 Y95.703 E2887.49256
G1 X195.327 Y95.578 E2887.51169
G1 X195.068 Y95.422 E2887.53181
G1 X194.816 Y95.231 E2887.55284
G1 X194.595 Y95.029 E2887.57276
G1 X194.395 Y94.807 E2887.59263
G1 X194.226 Y94.578 E2887.61157
G1 X194.058 Y94.297 E2887.63334
G1 X193.925 Y94.01 E2887.65439
G1 X193.819 Y93.704 E2887.67593
G1 X193.747 Y93.385 E2887.69768
G1 X193.708 Y93.073 E2887.7186
G1 X193.7 Y92.788 E2887.73756
G1 X193.717 Y92.519 E2887.75549
G1 X193.76 Y92.236 E2887.77453
G1 X193.836 Y91.939 E2887.79493
G1 X193.925 Y91.687 E2887.8127
G1 X194.067 Y91.386 E2887.83484
G1 X194.231 Y91.114 E2887.85597
G1 X194.473 Y90.802 E2887.88224
G1 X194.662 Y90.605 E2887.9004
G1 X194.985 Y90.336 E2887.92836
G1 X195.259 Y90.16 E2887.95002
G1 X195.531 Y90.022 E2887.97031
G1 X195.863 Y89.895 E2887.99396
G1 X196.166 Y89.815 E2888.0148
G1 X196.486 Y89.767 E2888.03633
G1 X196.753 Y89.751 E2888.05412
G1 X197.087 Y89.763 E2888.07635
G1 X197.395 Y89.807 E2888.09705
G1 X197.71 Y89.887 E2888.11867
G1 X198.012 Y89.996 E2888.14002
G1 X198.272 Y90.122 E2888.15924
G1 X198.531 Y90.278 E2888.17936
G1 X198.784 Y90.469 E2888.20044
G1 X199.004 Y90.671 E2888.22031
G1 X199.201 Y90.889 E2888.23986
G0 F9000 X198.8 Y91.309
;TYPE:SKIN
G1 F1474.1 X199.2 Y92.848 E2888.30174
G1 X198.8 Y94.388 E2888.36366
G1 X197.6 Y95.257 E2888.42133
G1 X196.4 Y95.356 E2888.46819
G1 X195.2 Y94.814 E2888.51943
G1 X194.8 Y94.386 E2888.54223
G1 X194.4 Y92.848 E2888.60408
G1 X194.8 Y91.305 E2888.66611
G1 X196 Y90.439 E2888.72371
G1 X197.2 Y90.342 E2888.77056
G1 X198.4 Y90.884 E2888.82181
G1 F1500 E2887.82181
G1 F300 Z6.4
G0 F9000 X105.002 Y92.01 Z6.4
;TYPE:WALL-OUTER
G1 F300 Z6.2
G1 F1500 E2888.84841
G1 F1684.7 X104.873 Y91.775 E2888.86625
G1 X104.706 Y91.551 E2888.88483
G1 X104.504 Y91.35 E2888.90379
G1 X104.282 Y91.183 E2888.92227
G1 X103.981 Y91.022 E2888.94497
G1 X103.614 Y90.905 E2888.9706
G1 X103.269 Y90.863 E2888.99372
G1 X102.929 Y90.88 E2889.01636
G1 X102.619 Y90.949 E2889.03749
G1 X102.363 Y91.047 E2889.05572
G1 X102.124 Y91.179 E2889.07388
G1 X101.87 Y91.372 E2889.0951
G1 X101.639 Y91.621 E2889.1177
G1 X101.481 Y91.853 E2889.13637
G1 X101.358 Y92.104 E2889.15496
G1 X101.272 Y92.369 E2889.1735
G1 X101.22 Y92.675 E2889.19414
G1 X101.216 Y92.981 E2889.2145
G1 X101.256 Y93.262 E2889.23338
G1 X101.344 Y93.56 E2889.25405
G1 X101.463 Y93.818 E2889.27295
G1 X101.633 Y94.071 E2889.29323
G1 X101.897 Y94.35 E2889.31878
G1 X102.118 Y94.517 E2889.3372
G1 X102.456 Y94.693 E2889.36255
G1 X102.751 Y94.787 E2889.38315
G1 X103.158 Y94.837 E2889.41043
G1 X103.439 Y94.823 E2889.42914
G1 X103.813 Y94.741 E2889.45461
G1 X104.072 Y94.637 E2889.47318
G1 X104.312 Y94.498 E2889.49163
G1 X104.532 Y94.327 E2889.51016
G1 X104.745 Y94.101 E2889.53082
G1 X104.904 Y93.874 E2889.54925
G1 X105.03 Y93.627 E2889.5677
G1 X105.129 Y93.332 E2889.5884
G1 X105.177 Y93.057 E2889.60697
G1 X105.181 Y92.677 E2889.63225
G1 X105.106 Y92.281 E2889.65906
G1 X105.002 Y92.01 E2889.67837
G0 F9000 X106.075 Y91.69
G1 F1684.7 X106.179 Y91.99 E2889.69949
G1 X106.253 Y92.315 E2889.72166
G1 X106.292 Y92.622 E2889.74225
G1 X106.3 Y92.912 E2889.76154
G1 X106.283 Y93.181 E2889.77947
G1 X106.242 Y93.455 E2889.7979
G1 X106.164 Y93.761 E2889.81891
G1 X106.075 Y94.013 E2889.83669
G1 X105.937 Y94.307 E2889.85829
G1 X105.769 Y94.586 E2889.87996
G1 X105.529 Y94.896 E2889.90603
G1 X105.341 Y95.092 E2889.9241
G1 X105.113 Y95.289 E2889.94414
G1 X104.885 Y95.452 E2889.96279
G1 X104.601 Y95.616 E2889.9846
G1 X104.314 Y95.743 E2890.00548
G1 X103.999 Y95.845 E2890.02751
G1 X103.697 Y95.91 E2890.04805
G1 X103.514 Y95.933 E2890.06032
G1 X103.247 Y95.949 E2890.07812
G1 X102.913 Y95.937 E2890.10035
G1 X102.605 Y95.893 E2890.12104
G1 X102.29 Y95.813 E2890.14266
G1 X101.987 Y95.703 E2890.16411
G1 X101.728 Y95.578 E2890.18324
G1 X101.469 Y95.422 E2890.20335
G1 X101.217 Y95.231 E2890.22438
G1 X100.996 Y95.029 E2890.2443
G1 X100.792 Y94.802 E2890.2646
G1 X100.627 Y94.578 E2890.28311
G1 X100.459 Y94.297 E2890.30489
G1 X100.326 Y94.01 E2890.32593
G1 X100.22 Y93.704 E2890.34747
G1 X100.148 Y93.385 E2890.36922
G1 X100.109 Y93.073 E2890.39014
G1 X100.101 Y92.788 E2890.40911
G1 X100.118 Y92.519 E2890.42704
G1 X100.161 Y92.236 E2890.44608
G1 X100.237 Y91.939 E2890.46647
G1 X100.326 Y91.687 E2890.48425
G1 X100.468 Y91.386 E2890.50639
G1 X100.632 Y91.114 E2890.52751
G1 X100.874 Y90.802 E2890.55378
G1 X101.063 Y90.605 E2890.57194
G1 X101.386 Y90.336 E2890.5999
G1 X101.66 Y90.16 E2890.62156
G1 X101.932 Y90.022 E2890.64185
G1 X102.264 Y89.895 E2890.6655
G1 X102.567 Y89.815 E2890.68635
G1 X102.887 Y89.767 E2890.70787
G1 X103.154 Y89.751 E2890.72566
G1 X103.488 Y89.763 E2890.74789
G1 X103.796 Y89.807 E2890.76859
G1 X104.111 Y89.887 E2890.79021
G1 X104.413 Y89.996 E2890.81157
G1 X104.673 Y90.122 E2890.83079
G1 X104.932 Y90.278 E2890.8509
G1 X105.185 Y90.469 E2890.87199
G1 X105.405 Y90.671 E2890.89185
G1 X105.602 Y90.889 E2890.9114
G1 X105.774 Y91.122 E2890.93066
G1 X105.936 Y91.393 E2890.95167
G1 X106.075 Y91.69 E2890.97348
G0 F9000 X105.599 Y92.849
;TYPE:SKIN
G1 F1474.1 X105.199 Y94.393 E2891.04298
G1 X103.999 Y95.258 E2891.10744
G1 X102.799 Y95.355 E2891.1599
G1 X101.599 Y94.811 E2891.21732
G1 X101.199 Y94.39 E2891.24262
G1 X100.799 Y92.848 E2891.31204
G1 X101.199 Y91.306 E2891.38146
G1 X102.399 Y90.439 E2891.44597
G1 X103.599 Y90.34 E2891.49844
G1 X104.799 Y90.884 E2891.55585
G1 X105.199 Y91.308 E2891.58125
G1 F1500 E2890.58125
G1 F300 Z6.4
G0 F9000 X104.605 Y211.458 Z6.4
;TYPE:WALL-OUTER
G1 F300 Z6.2
G1 F1500 E2891.60786
G1 F1684.7 X104.396 Y211.277 E2891.62625
G1 X104.071 Y211.078 E2891.6516
G1 X103.813 Y210.974 E2891.67011
G1 X103.513 Y210.902 E2891.69063
G1 X103.269 Y210.878 E2891.70694
G1 X102.929 Y210.895 E2891.72958
G1 X102.619 Y210.964 E2891.75071
G1 X102.363 Y211.062 E2891.76894
G1 X102.124 Y211.194 E2891.78711
G1 X101.85 Y211.407 E2891.81019
G1 X101.673 Y211.593 E2891.82727
G1 X101.498 Y211.84 E2891.84741
G1 X101.321 Y212.216 E2891.87505
G1 X101.243 Y212.518 E2891.8958
G1 X101.214 Y212.796 E2891.91439
G1 X101.223 Y213.067 E2891.93243
G1 X101.271 Y213.345 E2891.9512
G1 X101.356 Y213.605 E2891.96939
G1 X101.497 Y213.889 E2891.99048
G1 X101.675 Y214.139 E2892.0109
G1 X101.873 Y214.345 E2892.02991
G1 X102.117 Y214.531 E2892.05031
G1 X102.456 Y214.708 E2892.07575
G1 X102.751 Y214.802 E2892.09635
G1 X103.132 Y214.852 E2892.12191
G1 X103.472 Y214.835 E2892.14456
G1 X103.782 Y214.766 E2892.16568
G1 X104.038 Y214.668 E2892.18392
G1 X104.277 Y214.536 E2892.20208
G1 X104.48 Y214.386 E2892.21887
G1 X104.762 Y214.094 E2892.24587
G1 X104.937 Y213.833 E2892.26678
G1 X105.081 Y213.512 E2892.29018
G1 X105.158 Y213.21 E2892.31091
G1 X105.187 Y212.934 E2892.32937
G1 X105.178 Y212.663 E2892.34741
G1 X105.129 Y212.384 E2892.36625
G1 X105.001 Y212.024 E2892.39167
G1 X104.849 Y211.753 E2892.41234
G1 X104.605 Y211.458 E2892.4378
G0 F9000 X104.932 Y210.293
G1 F1684.7 X105.185 Y210.484 E2892.45889
G1 X105.405 Y210.686 E2892.47876
G1 X105.602 Y210.904 E2892.4983
G1 X105.774 Y211.137 E2892.51757
G1 X105.936 Y211.407 E2892.53851
G1 X106.075 Y211.705 E2892.56039
G1 X106.179 Y212.005 E2892.58151
G1 X106.253 Y212.33 E2892.60368
G1 X106.292 Y212.637 E2892.62427
G1 X106.3 Y212.927 E2892.64356
G1 X106.283 Y213.196 E2892.66149
G1 X106.242 Y213.47 E2892.67992
G1 X106.164 Y213.776 E2892.70093
G1 X106.075 Y214.028 E2892.71871
G1 X105.937 Y214.322 E2892.74031
G1 X105.769 Y214.601 E2892.76197
G1 X105.529 Y214.911 E2892.78805
G1 X105.341 Y215.107 E2892.80612
G1 X105.113 Y215.304 E2892.82616
G1 X104.885 Y215.467 E2892.84481
G1 X104.601 Y215.631 E2892.86662
G1 X104.314 Y215.758 E2892.8875
G1 X103.999 Y215.86 E2892.90952
G1 X103.697 Y215.925 E2892.93007
G1 X103.514 Y215.948 E2892.94234
G1 X103.247 Y215.964 E2892.96014
G1 X102.913 Y215.952 E2892.98237
G1 X102.605 Y215.908 E2893.00306
G1 X102.29 Y215.828 E2893.02468
G1 X101.987 Y215.718 E2893.04613
G1 X101.728 Y215.593 E2893.06526
G1 X101.469 Y215.437 E2893.08537
G1 X101.217 Y215.246 E2893.1064
G1 X100.996 Y215.044 E2893.12632
G1 X100.796 Y214.822 E2893.1462
G1 X100.627 Y214.593 E2893.16513
G1 X100.459 Y214.312 E2893.18691
G1 X100.326 Y214.025 E2893.20795
G1 X100.22 Y213.719 E2893.22949
G1 X100.148 Y213.4 E2893.25124
G1 X100.109 Y213.088 E2893.27216
G1 X100.101 Y212.803 E2893.29113
G1 X100.118 Y212.534 E2893.30906
G1 X100.161 Y212.251 E2893.3281
G1 X100.237 Y211.954 E2893.34849
G1 X100.326 Y211.702 E2893.36627
G1 X100.468 Y211.401 E2893.38841
G1 X100.632 Y211.129 E2893.40953
G1 X100.874 Y210.817 E2893.4358
G1 X101.063 Y210.62 E2893.45396
G1 X101.386 Y210.351 E2893.48192
G1 X101.66 Y210.175 E2893.50358
G1 X101.932 Y210.037 E2893.52387
G1 X102.264 Y209.91 E2893.54752
G1 X102.567 Y209.83 E2893.56836
G1 X102.887 Y209.782 E2893.58989
G1 X103.154 Y209.766 E2893.60768
G1 X103.488 Y209.778 E2893.62991
G1 X103.796 Y209.822 E2893.65061
G1 X104.111 Y209.902 E2893.67223
G1 X104.413 Y210.011 E2893.69359
G1 X104.673 Y210.137 E2893.71281
G1 X104.932 Y210.293 E2893.73292
G0 F9000 X104.799 Y210.897
;TYPE:SKIN
G1 F1474.1 X105.199 Y211.326 E2893.75545
G1 X105.599 Y212.865 E2893.81653
G1 X105.199 Y214.406 E2893.87769
G1 X103.999 Y215.274 E2893.93458
G1 X102.799 Y215.372 E2893.98082
G1 X101.599 Y214.83 E2894.0314
G1 X101.199 Y214.406 E2894.05379
G1 X100.799 Y212.864 E2894.11499
G1 X101.199 Y211.322 E2894.17618
G1 X102.399 Y210.455 E2894.23305
G1 X103.599 Y210.356 E2894.2793
G1 X104.399 Y210.631 E2894.31179
G1 F1500 E2893.31179
G1 F300 Z6.4
G0 F9000 X197.67 Y211.078 Z6.4
;TYPE:WALL-OUTER
G1 F300 Z6.2
G1 F1500 E2894.3384
G1 F1684.7 X197.412 Y210.974 E2894.35691
G1 X197.112 Y210.902 E2894.37743
G1 X196.868 Y210.878 E2894.39374
G1 X196.561 Y210.892 E2894.41418
G1 X196.187 Y210.974 E2894.43965
G1 X195.928 Y211.078 E2894.45822
G1 X195.609 Y211.273 E2894.48309
G1 X195.347 Y211.507 E2894.50645
G1 X195.172 Y211.724 E2894.525
G1 X194.983 Y212.056 E2894.55041
G1 X194.879 Y212.35 E2894.57115
G1 X194.814 Y212.759 E2894.5987
G1 X194.818 Y213.032 E2894.61686
G1 X194.856 Y213.282 E2894.63369
G1 X194.93 Y213.541 E2894.6516
G1 X195.031 Y213.773 E2894.66844
G1 X195.168 Y214.002 E2894.68619
G1 X195.347 Y214.223 E2894.70511
G1 X195.603 Y214.453 E2894.728
G1 X195.929 Y214.652 E2894.7534
G1 X196.187 Y214.756 E2894.77191
G1 X196.487 Y214.828 E2894.79243
G1 X196.898 Y214.851 E2894.81981
G1 X197.24 Y214.804 E2894.84278
G1 X197.512 Y214.721 E2894.86169
G1 X197.876 Y214.536 E2894.88886
G1 X198.079 Y214.386 E2894.90565
G1 X198.361 Y214.094 E2894.93265
G1 X198.536 Y213.833 E2894.95355
G1 X198.679 Y213.514 E2894.97681
G1 X198.751 Y213.244 E2894.9954
G1 X198.786 Y212.942 E2895.01562
G1 X198.777 Y212.663 E2895.03419
G1 X198.729 Y212.385 E2895.05295
G1 X198.644 Y212.125 E2895.07115
G1 X198.448 Y211.753 E2895.09912
G1 X198.204 Y211.458 E2895.12459
G1 X197.995 Y211.277 E2895.14298
G1 X197.67 Y211.078 E2895.16833
G0 F9000 X198.012 Y210.011
G1 F1684.7 X198.272 Y210.137 E2895.18755
G1 X198.531 Y210.293 E2895.20766
G1 X198.784 Y210.484 E2895.22875
G1 X199.004 Y210.686 E2895.24861
G1 X199.201 Y210.904 E2895.26816
G1 X199.373 Y211.137 E2895.28742
G1 X199.535 Y211.407 E2895.30837
G1 X199.674 Y211.705 E2895.33024
G1 X199.778 Y212.005 E2895.35136
G1 X199.852 Y212.33 E2895.37354
G1 X199.891 Y212.637 E2895.39412
G1 X199.899 Y212.927 E2895.41342
G1 X199.882 Y213.196 E2895.43135
G1 X199.841 Y213.47 E2895.44978
G1 X199.763 Y213.776 E2895.47079
G1 X199.674 Y214.028 E2895.48856
G1 X199.536 Y214.322 E2895.51017
G1 X199.368 Y214.601 E2895.53183
G1 X199.128 Y214.911 E2895.55791
G1 X198.94 Y215.107 E2895.57598
G1 X198.712 Y215.304 E2895.59602
G1 X198.484 Y215.467 E2895.61467
G1 X198.2 Y215.631 E2895.63648
G1 X197.913 Y215.758 E2895.65736
G1 X197.598 Y215.86 E2895.67938
G1 X197.296 Y215.925 E2895.69993
G1 X197.113 Y215.948 E2895.7122
G1 X196.846 Y215.964 E2895.72999
G1 X196.512 Y215.952 E2895.75223
G1 X196.204 Y215.908 E2895.77292
G1 X195.889 Y215.828 E2895.79454
G1 X195.586 Y215.718 E2895.81598
G1 X195.327 Y215.593 E2895.83511
G1 X195.068 Y215.437 E2895.85523
G1 X194.816 Y215.246 E2895.87626
G1 X194.595 Y215.044 E2895.89618
G1 X194.395 Y214.822 E2895.91605
G1 X194.226 Y214.593 E2895.93499
G1 X194.058 Y214.312 E2895.95676
G1 X193.925 Y214.025 E2895.97781
G1 X193.819 Y213.719 E2895.99935
G1 X193.747 Y213.4 E2896.0211
G1 X193.708 Y213.088 E2896.04202
G1 X193.7 Y212.803 E2896.06098
G1 X193.717 Y212.534 E2896.07891
G1 X193.758 Y212.26 E2896.09734
G1 X193.836 Y211.954 E2896.11835
G1 X193.925 Y211.702 E2896.13613
G1 X194.067 Y211.401 E2896.15826
G1 X194.231 Y211.129 E2896.17939
G1 X194.473 Y210.817 E2896.20566
G1 X194.662 Y210.62 E2896.22382
G1 X194.985 Y210.351 E2896.25178
G1 X195.259 Y210.175 E2896.27344
G1 X195.531 Y210.037 E2896.29373
G1 X195.863 Y209.91 E2896.31738
G1 X196.166 Y209.83 E2896.33822
G1 X196.486 Y209.782 E2896.35975
G1 X196.753 Y209.766 E2896.37754
G1 X197.087 Y209.778 E2896.39977
G1 X197.395 Y209.822 E2896.42047
G1 X197.71 Y209.902 E2896.44209
G1 X198.012 Y210.011 E2896.46345
G0 F9000 X197.999 Y210.63
;TYPE:SKIN
G1 F1474.1 X197.599 Y210.452 E2896.48014
G1 X196.399 Y210.358 E2896.52605
G1 X195.199 Y210.898 E2896.57624
G1 X194.799 Y211.329 E2896.59867
G1 X194.399 Y212.863 E2896.65913
G1 X194.799 Y214.404 E2896.71985
G1 X195.999 Y215.276 E2896.77642
G1 X197.199 Y215.373 E2896.82234
G1 X198.399 Y214.824 E2896.87267
G1 X198.799 Y214.404 E2896.89479
G1 X199.199 Y212.864 E2896.95548
G1 X198.799 Y211.33 E2897.01594
G0 F9000 X198.399 Y211.182
G1 F1474.1 X198.399 Y210.613 E2897.03486
G1 F1500 E2896.03486
G1 F300 Z6.4
;MESH:NONMESH
G0 F9000 X198.282 Y91.526 Z6.4
;TIME_ELAPSED:6086.010473
;LAYER:31
;TYPE:WALL-OUTER
;MESH:Top of Case.STL
G1 F300 Z6.4
G1 F1500 E2897.06147
G1 F1766.9 X198.082 Y91.331 E2897.08005
G1 X197.854 Y91.165 E2897.09881
G1 X197.577 Y91.021 E2897.11958
G1 X197.213 Y90.905 E2897.14499
G1 X196.937 Y90.867 E2897.16353
G1 X196.799 Y90.863 E2897.17271
G1 X196.494 Y90.885 E2897.19305
G1 X196.186 Y90.959 E2897.21412
G1 X195.867 Y91.094 E2897.23716
G1 X195.634 Y91.24 E2897.25545
G1 X195.346 Y91.493 E2897.28095
G1 X195.172 Y91.708 E2897.29935
G1 X195.028 Y91.948 E2897.31797
G1 X194.919 Y92.205 E2897.33654
G1 X194.842 Y92.505 E2897.35714
G1 X194.812 Y92.886 E2897.38257
G1 X194.836 Y93.157 E2897.40066
G1 X194.888 Y93.403 E2897.41739
G1 X195.01 Y93.717 E2897.4398
G1 X195.148 Y93.957 E2897.45821
G1 X195.395 Y94.257 E2897.48406
G1 X195.628 Y94.456 E2897.50445
G1 X195.866 Y94.606 E2897.52316
G1 X196.12 Y94.718 E2897.54163
G1 X196.386 Y94.795 E2897.56005
G1 X196.66 Y94.833 E2897.57845
G1 X196.967 Y94.831 E2897.59887
G1 X197.249 Y94.787 E2897.61786
G1 X197.573 Y94.682 E2897.64051
G1 X197.85 Y94.537 E2897.66131
G1 X198.174 Y94.286 E2897.68857
G1 X198.344 Y94.101 E2897.70529
G1 X198.554 Y93.783 E2897.73064
G1 X198.679 Y93.499 E2897.75128
G1 X198.75 Y93.232 E2897.76965
G1 X198.785 Y92.955 E2897.78823
G1 X198.78 Y92.677 E2897.80672
G1 X198.72 Y92.335 E2897.82982
G1 X198.629 Y92.073 E2897.84827
G1 X198.504 Y91.828 E2897.86657
G1 X198.282 Y91.526 E2897.8915
G0 F9000 X199.079 Y90.75
G1 F1766.9 X199.312 Y91.035 E2897.91599
G1 X199.512 Y91.35 E2897.94081
G1 X199.63 Y91.586 E2897.95836
G1 X199.753 Y91.911 E2897.98147
G1 X199.824 Y92.172 E2897.99947
G1 X199.869 Y92.425 E2898.01656
G1 X199.895 Y92.691 E2898.03434
G1 X199.895 Y93.031 E2898.05696
G1 X199.858 Y93.354 E2898.07858
G1 X199.764 Y93.759 E2898.10624
G1 X199.674 Y94.011 E2898.12404
G1 X199.527 Y94.324 E2898.14704
G1 X199.396 Y94.543 E2898.16402
G1 X199.231 Y94.774 E2898.1829
G1 X198.99 Y95.044 E2898.20698
G1 X198.702 Y95.298 E2898.23252
G1 X198.489 Y95.449 E2898.24989
G1 X198.202 Y95.615 E2898.27194
G1 X197.908 Y95.745 E2898.29333
G1 X197.608 Y95.843 E2898.31432
G1 X197.295 Y95.91 E2898.33561
G1 X197.119 Y95.933 E2898.34742
G1 X196.837 Y95.949 E2898.36621
G1 X196.521 Y95.939 E2898.38724
G1 X196.21 Y95.894 E2898.40814
G1 X195.824 Y95.793 E2898.43468
G1 X195.58 Y95.701 E2898.45203
G1 X195.329 Y95.579 E2898.4706
G1 X195.055 Y95.413 E2898.49191
G1 X194.836 Y95.248 E2898.51015
G1 X194.52 Y94.95 E2898.53904
G1 X194.287 Y94.665 E2898.56353
G1 X194.087 Y94.35 E2898.58835
G1 X193.969 Y94.114 E2898.6059
G1 X193.846 Y93.789 E2898.62901
G1 X193.775 Y93.528 E2898.64701
G1 X193.728 Y93.262 E2898.66498
G1 X193.703 Y92.991 E2898.68308
G1 X193.704 Y92.667 E2898.70463
G1 X193.741 Y92.343 E2898.72632
G1 X193.835 Y91.941 E2898.75379
G1 X193.925 Y91.689 E2898.77159
G1 X194.072 Y91.376 E2898.79459
G1 X194.203 Y91.157 E2898.81157
G1 X194.368 Y90.926 E2898.83045
G1 X194.609 Y90.656 E2898.85452
G1 X194.854 Y90.437 E2898.87638
G1 X195.08 Y90.27 E2898.89508
G1 X195.339 Y90.116 E2898.91512
G1 X195.589 Y89.996 E2898.93357
G1 X195.912 Y89.88 E2898.9564
G1 X196.198 Y89.809 E2898.976
G1 X196.475 Y89.767 E2898.99464
G1 X196.762 Y89.751 E2899.01376
G1 X197.078 Y89.761 E2899.03479
G1 X197.389 Y89.806 E2899.05569
G1 X197.775 Y89.907 E2899.08223
G1 X198.019 Y89.999 E2899.09958
G1 X198.27 Y90.121 E2899.11814
G1 X198.538 Y90.283 E2899.13897
G1 X198.763 Y90.452 E2899.15769
G1 X199.079 Y90.75 E2899.18659
G0 F9000 X198.262 Y90.8
;TYPE:SKIN
G1 F1546.1 X196.799 Y90.4 E2899.24577
G1 X195.326 Y90.8 E2899.30534
G1 X194.591 Y91.6 E2899.34773
G1 X194.261 Y92.8 E2899.3963
G1 X194.537 Y94 E2899.44435
G1 X195.199 Y94.8 E2899.48488
G1 X196.799 Y95.2 E2899.54924
G1 X198.407 Y94.8 E2899.6139
G1 X199.228 Y93.6 E2899.67064
G1 X199.297 Y92.4 E2899.71755
G1 X198.722 Y91.2 E2899.76947
G1 F1500 E2898.76947
G1 F300 Z6.6
G0 F9000 X197.059 Y95.6 Z6.6
G1 F300 Z6.4
G1 F1500 E2899.79608
G1 F1546.1 X196.522 Y95.6 E2899.81394
G1 F1500 E2898.81394
G1 F300 Z6.6
G0 F9000 X104.972 Y91.947 Z6.6
;TYPE:WALL-OUTER
G1 F300 Z6.4
G1 F1500 E2899.84055
G1 F1766.9 X104.766 Y91.626 E2899.86592
G1 X104.483 Y91.331 E2899.89312
G1 X104.255 Y91.165 E2899.91188
G1 X104.008 Y91.034 E2899.93047
G1 X103.749 Y90.939 E2899.94883
G1 X103.477 Y90.882 E2899.96731
G1 X103.2 Y90.863 E2899.98578
G1 X102.895 Y90.885 E2900.00612
G1 X102.587 Y90.959 E2900.02719
G1 X102.268 Y91.094 E2900.05024
G1 X102.035 Y91.24 E2900.06853
G1 X101.747 Y91.493 E2900.09403
G1 X101.573 Y91.708 E2900.11243
G1 X101.429 Y91.948 E2900.13104
G1 X101.32 Y92.205 E2900.14961
G1 X101.242 Y92.506 E2900.1703
G1 X101.213 Y92.815 E2900.19094
G1 X101.23 Y93.122 E2900.2114
G1 X101.289 Y93.403 E2900.2305
G1 X101.411 Y93.717 E2900.2529
G1 X101.549 Y93.957 E2900.27132
G1 X101.796 Y94.257 E2900.29717
G1 X102.029 Y94.456 E2900.31755
G1 X102.267 Y94.606 E2900.33627
G1 X102.521 Y94.718 E2900.35473
G1 X102.787 Y94.795 E2900.37315
G1 X103.061 Y94.833 E2900.39155
G1 X103.368 Y94.831 E2900.41198
G1 X103.65 Y94.787 E2900.43096
G1 X103.974 Y94.682 E2900.45362
G1 X104.251 Y94.537 E2900.47442
G1 X104.575 Y94.286 E2900.50168
G1 X104.745 Y94.101 E2900.51839
G1 X104.955 Y93.783 E2900.54374
G1 X105.081 Y93.497 E2900.56453
G1 X105.158 Y93.195 E2900.58526
G1 X105.187 Y92.926 E2900.60326
G1 X105.165 Y92.545 E2900.62865
G1 X105.08 Y92.203 E2900.65209
G1 X104.972 Y91.947 E2900.67057
G0 F9000 X105.713 Y91.035
G1 F1766.9 X105.913 Y91.35 E2900.69539
G1 X106.031 Y91.586 E2900.71294
G1 X106.154 Y91.911 E2900.73606
G1 X106.225 Y92.172 E2900.75405
G1 X106.27 Y92.425 E2900.77115
G1 X106.296 Y92.691 E2900.78892
G1 X106.296 Y93.031 E2900.81154
G1 X106.259 Y93.354 E2900.83317
G1 X106.165 Y93.759 E2900.86082
G1 X106.075 Y94.011 E2900.87863
G1 X105.928 Y94.324 E2900.90163
G1 X105.797 Y94.543 E2900.9186
G1 X105.632 Y94.774 E2900.93749
G1 X105.391 Y95.044 E2900.96156
G1 X105.103 Y95.298 E2900.98711
G1 X104.89 Y95.449 E2901.00447
G1 X104.603 Y95.615 E2901.02653
G1 X104.309 Y95.745 E2901.04791
G1 X104.009 Y95.843 E2901.06891
G1 X103.696 Y95.91 E2901.0902
G1 X103.52 Y95.933 E2901.10201
G1 X103.238 Y95.949 E2901.12079
G1 X102.922 Y95.939 E2901.14182
G1 X102.611 Y95.894 E2901.16273
G1 X102.225 Y95.793 E2901.18927
G1 X101.981 Y95.701 E2901.20662
G1 X101.73 Y95.579 E2901.22518
G1 X101.456 Y95.413 E2901.24649
G1 X101.237 Y95.248 E2901.26473
G1 X100.921 Y94.95 E2901.29362
G1 X100.688 Y94.665 E2901.31811
G1 X100.488 Y94.35 E2901.34293
G1 X100.37 Y94.114 E2901.36048
G1 X100.247 Y93.789 E2901.3836
G1 X100.176 Y93.528 E2901.40159
G1 X100.129 Y93.262 E2901.41956
G1 X100.104 Y92.991 E2901.43766
G1 X100.105 Y92.667 E2901.45922
G1 X100.142 Y92.343 E2901.48091
G1 X100.236 Y91.941 E2901.50837
G1 X100.326 Y91.689 E2901.52617
G1 X100.473 Y91.376 E2901.54917
G1 X100.604 Y91.157 E2901.56615
G1 X100.769 Y90.926 E2901.58503
G1 X101.01 Y90.656 E2901.60911
G1 X101.255 Y90.437 E2901.63097
G1 X101.481 Y90.27 E2901.64966
G1 X101.74 Y90.116 E2901.6697
G1 X101.99 Y89.996 E2901.68815
G1 X102.313 Y89.88 E2901.71098
G1 X102.599 Y89.809 E2901.73058
G1 X102.876 Y89.767 E2901.74922
G1 X103.163 Y89.751 E2901.76834
G1 X103.479 Y89.761 E2901.78937
G1 X103.79 Y89.806 E2901.81027
G1 X104.176 Y89.907 E2901.83682
G1 X104.42 Y89.999 E2901.85416
G1 X104.671 Y90.121 E2901.87273
G1 X104.939 Y90.283 E2901.89356
G1 X105.164 Y90.452 E2901.91228
G1 X105.48 Y90.75 E2901.94117
G1 X105.713 Y91.035 E2901.96566
G0 F9000 X105.118 Y91.2
;TYPE:SKIN
G1 F1546.1 X104.663 Y90.8 E2901.98899
G1 X103.2 Y90.4 E2902.04739
G1 X101.729 Y90.8 E2902.1061
G1 X100.992 Y91.6 E2902.14798
G1 X100.658 Y92.8 E2902.19595
G1 X100.937 Y94 E2902.24339
G1 X101.598 Y94.8 E2902.28335
G1 X103.2 Y95.2 E2902.34694
G1 X104.809 Y94.8 E2902.41078
G1 X105.629 Y93.6 E2902.46675
G1 X105.699 Y92.4 E2902.51304
G1 X105.405 Y91.6 E2902.54586
G1 F1500 E2901.54586
G1 F300 Z6.6
G0 F9000 X103.477 Y95.6 Z6.6
G1 F300 Z6.4
G1 F1500 E2902.57247
G1 F1546.1 X102.916 Y95.6 E2902.59113
G1 F1500 E2901.59113
G1 F300 Z6.6
G0 F9000 X104.479 Y211.343 Z6.6
;TYPE:WALL-OUTER
G1 F300 Z6.4
G1 F1500 E2902.61774
G1 F1766.9 X104.255 Y211.18 E2902.63617
G1 X104.008 Y211.049 E2902.65476
G1 X103.749 Y210.954 E2902.67312
G1 X103.477 Y210.897 E2902.6916
G1 X103.198 Y210.877 E2902.71021
G1 X102.89 Y210.902 E2902.73076
G1 X102.587 Y210.974 E2902.75148
G1 X102.301 Y211.092 E2902.77206
G1 X102.037 Y211.253 E2902.79263
G1 X101.746 Y211.509 E2902.81841
G1 X101.577 Y211.718 E2902.83629
G1 X101.384 Y212.056 E2902.86218
G1 X101.28 Y212.353 E2902.88312
G1 X101.224 Y212.657 E2902.90368
G1 X101.214 Y212.933 E2902.92205
G1 X101.243 Y213.211 E2902.94064
G1 X101.355 Y213.605 E2902.96789
G1 X101.477 Y213.855 E2902.98639
G1 X101.635 Y214.089 E2903.00518
G1 X101.918 Y214.385 E2903.03242
G1 X102.146 Y214.55 E2903.05114
G1 X102.393 Y214.681 E2903.06974
G1 X102.652 Y214.776 E2903.08809
G1 X102.924 Y214.833 E2903.10658
G1 X103.2 Y214.852 E2903.12498
G1 X103.506 Y214.83 E2903.14539
G1 X103.814 Y214.756 E2903.16646
G1 X104.1 Y214.638 E2903.18704
G1 X104.366 Y214.475 E2903.20779
G1 X104.655 Y214.221 E2903.23338
G1 X104.828 Y214.007 E2903.25169
G1 X104.968 Y213.776 E2903.26966
G1 X105.081 Y213.511 E2903.28882
G1 X105.158 Y213.21 E2903.30949
G1 X105.187 Y212.939 E2903.32762
G1 X105.178 Y212.662 E2903.34605
G1 X105.129 Y212.383 E2903.3649
G1 X105.019 Y212.059 E2903.38766
G1 X104.868 Y211.783 E2903.40859
G1 X104.702 Y211.562 E2903.42697
G1 X104.479 Y211.343 E2903.44776
G0 F9000 X105.48 Y210.765
G1 F1766.9 X105.713 Y211.05 E2903.47225
G1 X105.913 Y211.365 E2903.49707
G1 X106.031 Y211.601 E2903.51462
G1 X106.154 Y211.926 E2903.53774
G1 X106.225 Y212.187 E2903.55573
G1 X106.27 Y212.44 E2903.57283
G1 X106.296 Y212.706 E2903.5906
G1 X106.296 Y213.046 E2903.61322
G1 X106.259 Y213.369 E2903.63485
G1 X106.165 Y213.774 E2903.6625
G1 X106.075 Y214.026 E2903.6803
G1 X105.928 Y214.339 E2903.70331
G1 X105.797 Y214.558 E2903.72028
G1 X105.632 Y214.789 E2903.73917
G1 X105.391 Y215.059 E2903.76324
G1 X105.103 Y215.313 E2903.78878
G1 X104.89 Y215.464 E2903.80615
G1 X104.603 Y215.63 E2903.82821
G1 X104.309 Y215.76 E2903.84959
G1 X104.009 Y215.858 E2903.87059
G1 X103.696 Y215.925 E2903.89188
G1 X103.52 Y215.948 E2903.90368
G1 X103.238 Y215.964 E2903.92247
G1 X102.922 Y215.954 E2903.9435
G1 X102.611 Y215.909 E2903.96441
G1 X102.225 Y215.808 E2903.99095
G1 X101.981 Y215.716 E2904.0083
G1 X101.73 Y215.594 E2904.02686
G1 X101.456 Y215.428 E2904.04817
G1 X101.237 Y215.263 E2904.06641
G1 X100.921 Y214.965 E2904.0953
G1 X100.688 Y214.68 E2904.11979
G1 X100.488 Y214.365 E2904.14461
G1 X100.37 Y214.129 E2904.16216
G1 X100.247 Y213.804 E2904.18528
G1 X100.176 Y213.543 E2904.20327
G1 X100.129 Y213.277 E2904.22124
G1 X100.104 Y213.006 E2904.23934
G1 X100.105 Y212.682 E2904.2609
G1 X100.142 Y212.358 E2904.28259
G1 X100.236 Y211.956 E2904.31005
G1 X100.326 Y211.704 E2904.32785
G1 X100.473 Y211.391 E2904.35085
G1 X100.604 Y211.172 E2904.36783
G1 X100.769 Y210.941 E2904.38671
G1 X101.01 Y210.671 E2904.41079
G1 X101.255 Y210.452 E2904.43265
G1 X101.481 Y210.285 E2904.45134
G1 X101.74 Y210.131 E2904.47138
G1 X101.99 Y210.011 E2904.48983
G1 X102.313 Y209.895 E2904.51266
G1 X102.599 Y209.824 E2904.53226
G1 X102.876 Y209.782 E2904.5509
G1 X103.163 Y209.766 E2904.57002
G1 X103.479 Y209.776 E2904.59105
G1 X103.79 Y209.821 E2904.61195
G1 X104.176 Y209.922 E2904.6385
G1 X104.42 Y210.014 E2904.65584
G1 X104.671 Y210.136 E2904.67441
G1 X104.939 Y210.298 E2904.69524
G1 X105.164 Y210.467 E2904.71396
G1 X105.48 Y210.765 E2904.74285
G0 F9000 X105.106 Y211.2
;TYPE:SKIN
G1 F1546.1 X104.64 Y210.8 E2904.76649
G1 X103.199 Y210.4 E2904.82406
G1 X101.752 Y210.8 E2904.88184
G1 X101.001 Y211.6 E2904.92408
G1 X100.66 Y212.8 E2904.9721
G1 X100.927 Y214 E2905.01942
G1 X101.576 Y214.8 E2905.05908
G1 X103.2 Y215.2 E2905.12346
G1 X104.823 Y214.8 E2905.1878
G1 X105.631 Y213.6 E2905.24349
G1 X105.695 Y212.4 E2905.28975
G1 X105.401 Y211.6 E2905.32255
G1 F1500 E2904.32255
G1 F300 Z6.6
G0 F9000 X103.593 Y215.6 Z6.6
G1 F300 Z6.4
G1 F1500 E2905.34916
G1 F1546.1 X102.81 Y215.6 E2905.3752
G1 F1500 E2904.3752
G1 F300 Z6.6
G0 F9000 X197.607 Y211.049 Z6.6
;TYPE:WALL-OUTER
G1 F300 Z6.4
G1 F1500 E2905.40181
G1 F1766.9 X197.348 Y210.954 E2905.42016
G1 X197.076 Y210.897 E2905.43865
G1 X196.797 Y210.877 E2905.45726
G1 X196.489 Y210.902 E2905.47781
G1 X196.186 Y210.974 E2905.49853
G1 X195.9 Y211.092 E2905.51911
G1 X195.636 Y211.253 E2905.53968
G1 X195.345 Y211.509 E2905.56546
G1 X195.176 Y211.718 E2905.58334
G1 X194.983 Y212.056 E2905.60923
G1 X194.879 Y212.35 E2905.62998
G1 X194.814 Y212.759 E2905.65752
G1 X194.831 Y213.141 E2905.68296
G1 X194.889 Y213.415 E2905.70159
G1 X194.996 Y213.702 E2905.72197
G1 X195.132 Y213.947 E2905.74061
G1 X195.297 Y214.167 E2905.7589
G1 X195.517 Y214.385 E2905.7795
G1 X195.745 Y214.55 E2905.79822
G1 X195.992 Y214.681 E2905.81682
G1 X196.251 Y214.776 E2905.83517
G1 X196.523 Y214.833 E2905.85366
G1 X196.799 Y214.852 E2905.87206
G1 X197.105 Y214.83 E2905.89247
G1 X197.413 Y214.756 E2905.91354
G1 X197.699 Y214.638 E2905.93412
G1 X197.965 Y214.475 E2905.95487
G1 X198.254 Y214.221 E2905.98047
G1 X198.427 Y214.007 E2905.99877
G1 X198.567 Y213.776 E2906.01674
G1 X198.679 Y213.512 E2906.03582
G1 X198.751 Y213.244 E2906.05428
G1 X198.785 Y212.97 E2906.07264
G1 X198.777 Y212.663 E2906.09307
G1 X198.729 Y212.386 E2906.11177
G1 X198.645 Y212.125 E2906.13001
G1 X198.506 Y211.846 E2906.15075
G1 X198.325 Y211.591 E2906.17155
G1 X198.076 Y211.342 E2906.19497
G1 X197.854 Y211.18 E2906.21325
G1 X197.607 Y211.049 E2906.23185
G0 F9000 X197.775 Y209.922
G1 F1766.9 X198.019 Y210.014 E2906.2492
G1 X198.27 Y210.136 E2906.26776
G1 X198.538 Y210.298 E2906.28859
G1 X198.763 Y210.467 E2906.30731
G1 X199.079 Y210.765 E2906.33621
G1 X199.312 Y211.05 E2906.36069
G1 X199.512 Y211.365 E2906.38551
G1 X199.63 Y211.601 E2906.40307
G1 X199.753 Y211.926 E2906.42618
G1 X199.824 Y212.187 E2906.44417
G1 X199.869 Y212.44 E2906.46127
G1 X199.895 Y212.706 E2906.47905
G1 X199.895 Y213.046 E2906.50166
G1 X199.858 Y213.369 E2906.52329
G1 X199.764 Y213.774 E2906.55095
G1 X199.674 Y214.026 E2906.56875
G1 X199.527 Y214.339 E2906.59175
G1 X199.396 Y214.558 E2906.60872
G1 X199.231 Y214.789 E2906.62761
G1 X198.99 Y215.059 E2906.65168
G1 X198.702 Y215.313 E2906.67723
G1 X198.489 Y215.464 E2906.6946
G1 X198.202 Y215.63 E2906.71665
G1 X197.908 Y215.76 E2906.73803
G1 X197.608 Y215.858 E2906.75903
G1 X197.295 Y215.925 E2906.78032
G1 X197.119 Y215.948 E2906.79213
G1 X196.837 Y215.964 E2906.81092
G1 X196.521 Y215.954 E2906.83195
G1 X196.21 Y215.909 E2906.85285
G1 X195.824 Y215.808 E2906.87939
G1 X195.58 Y215.716 E2906.89674
G1 X195.329 Y215.594 E2906.9153
G1 X195.055 Y215.428 E2906.93661
G1 X194.836 Y215.263 E2906.95485
G1 X194.52 Y214.965 E2906.98375
G1 X194.287 Y214.68 E2907.00823
G1 X194.087 Y214.365 E2907.03305
G1 X193.969 Y214.129 E2907.05061
G1 X193.846 Y213.804 E2907.07372
G1 X193.775 Y213.543 E2907.09171
G1 X193.728 Y213.277 E2907.10968
G1 X193.703 Y213.006 E2907.12779
G1 X193.704 Y212.682 E2907.14934
G1 X193.741 Y212.358 E2907.17103
G1 X193.835 Y211.956 E2907.19849
G1 X193.925 Y211.704 E2907.21629
G1 X194.072 Y211.391 E2907.2393
G1 X194.203 Y211.172 E2907.25627
G1 X194.368 Y210.941 E2907.27516
G1 X194.609 Y210.671 E2907.29923
G1 X194.854 Y210.452 E2907.32109
G1 X195.08 Y210.285 E2907.33978
G1 X195.339 Y210.131 E2907.35983
G1 X195.589 Y210.011 E2907.37827
G1 X195.912 Y209.895 E2907.4011
G1 X196.198 Y209.824 E2907.4207
G1 X196.475 Y209.782 E2907.43934
G1 X196.762 Y209.766 E2907.45846
G1 X197.078 Y209.776 E2907.47949
G1 X197.389 Y209.821 E2907.5004
G1 X197.775 Y209.922 E2907.52694
G0 F9000 X196.799 Y210.4
;TYPE:SKIN
G1 F1546.1 X195.352 Y210.8 E2907.59159
G1 X194.601 Y211.6 E2907.63884
G1 X194.26 Y212.8 E2907.69256
G1 X194.529 Y214 E2907.74552
G1 X195.176 Y214.8 E2907.78983
G1 X196.8 Y215.2 E2907.86185
G1 X198.423 Y214.8 E2907.93384
G1 X199.231 Y213.6 E2907.99613
G1 X199.296 Y212.4 E2908.04789
G1 X198.705 Y211.2 E2908.10549
G1 X198.24 Y210.8 E2908.1319
G1 F1500 E2907.1319
G1 F300 Z6.6
G0 F9000 X197.193 Y215.6 Z6.6
G1 F300 Z6.4
G1 F1500 E2908.15851
G1 F1546.1 X196.41 Y215.6 E2908.18455
G1 F1500 E2907.18455
G1 F300 Z6.6
;MESH:NONMESH
G0 F9000 X198.229 Y91.469 Z6.6
;TIME_ELAPSED:6099.855645
;LAYER:32
;TYPE:WALL-OUTER
;MESH:Top of Case.STL
G1 F300 Z6.6
G1 F1500 E2908.21116
G1 F1683 X198.023 Y91.283 E2908.22963
G1 X197.702 Y91.079 E2908.25493
G1 X197.348 Y90.939 E2908.28025
G1 X197.076 Y90.882 E2908.29873
G1 X196.799 Y90.863 E2908.3172
G1 X196.493 Y90.885 E2908.33761
G1 X196.187 Y90.959 E2908.35855
G1 X195.929 Y91.063 E2908.37706
G1 X195.691 Y91.2 E2908.39533
G1 X195.468 Y91.373 E2908.4141
G1 X195.255 Y91.599 E2908.43476
G1 X195.029 Y91.946 E2908.4623
G1 X194.919 Y92.204 E2908.48096
G1 X194.842 Y92.504 E2908.50156
G1 X194.812 Y92.886 E2908.52705
G1 X194.836 Y93.159 E2908.54528
G1 X194.942 Y93.559 E2908.57281
G1 X195.062 Y93.816 E2908.59168
G1 X195.251 Y94.096 E2908.61415
G1 X195.494 Y94.349 E2908.63748
G1 X195.778 Y94.555 E2908.66082
G1 X196.019 Y94.678 E2908.67882
G1 X196.386 Y94.795 E2908.70445
G1 X196.66 Y94.833 E2908.72285
G1 X196.968 Y94.831 E2908.74333
G1 X197.249 Y94.787 E2908.76225
G1 X197.546 Y94.692 E2908.783
G1 X197.822 Y94.555 E2908.80349
G1 X198.051 Y94.395 E2908.82208
G1 X198.254 Y94.206 E2908.84053
G1 X198.427 Y93.992 E2908.85883
G1 X198.616 Y93.659 E2908.8843
G1 X198.711 Y93.398 E2908.90278
G1 X198.769 Y93.123 E2908.92147
G1 X198.787 Y92.815 E2908.942
G1 X198.764 Y92.544 E2908.96009
G1 X198.679 Y92.203 E2908.98347
G1 X198.557 Y91.922 E2909.00385
G1 X198.426 Y91.707 E2909.02059
G1 X198.229 Y91.469 E2909.04114
G0 F9000 X199.186 Y90.871
G1 F1683 X199.346 Y91.081 E2909.05871
G1 X199.492 Y91.313 E2909.07694
G1 X199.634 Y91.594 E2909.09788
G1 X199.752 Y91.908 E2909.1202
G1 X199.82 Y92.152 E2909.13705
G1 X199.867 Y92.407 E2909.1543
G1 X199.895 Y92.685 E2909.17288
G1 X199.897 Y92.961 E2909.19124
G1 X199.876 Y93.239 E2909.20979
G1 X199.829 Y93.511 E2909.22815
G1 X199.765 Y93.756 E2909.24499
G1 X199.675 Y94.01 E2909.26292
G1 X199.513 Y94.349 E2909.28791
G1 X199.335 Y94.635 E2909.31032
G1 X199.178 Y94.84 E2909.3275
G1 X198.951 Y95.082 E2909.34957
G1 X198.712 Y95.289 E2909.3706
G1 X198.484 Y95.452 E2909.38924
G1 X198.211 Y95.61 E2909.41023
G1 X197.908 Y95.745 E2909.43229
G1 X197.585 Y95.849 E2909.45486
G1 X197.295 Y95.91 E2909.47458
G1 X196.957 Y95.945 E2909.49718
G1 X196.676 Y95.948 E2909.51587
G1 X196.37 Y95.92 E2909.53631
G1 X196.105 Y95.871 E2909.55424
G1 X195.845 Y95.8 E2909.57217
G1 X195.591 Y95.705 E2909.59021
G1 X195.296 Y95.56 E2909.61208
G1 X195.063 Y95.418 E2909.63023
G1 X194.837 Y95.249 E2909.649
G1 X194.633 Y95.067 E2909.66718
G1 X194.413 Y94.829 E2909.68874
G1 X194.253 Y94.619 E2909.70631
G1 X194.107 Y94.387 E2909.72454
G1 X193.965 Y94.106 E2909.74548
G1 X193.847 Y93.792 E2909.7678
G1 X193.779 Y93.548 E2909.78465
G1 X193.731 Y93.285 E2909.80243
G1 X193.704 Y93.006 E2909.82108
G1 X193.703 Y92.691 E2909.84203
G1 X193.74 Y92.349 E2909.86491
G1 X193.79 Y92.102 E2909.88168
G1 X193.872 Y91.828 E2909.9007
G1 X193.99 Y91.539 E2909.92147
G1 X194.15 Y91.239 E2909.94408
G1 X194.367 Y90.926 E2909.96942
G1 X194.654 Y90.612 E2909.99772
G1 X194.983 Y90.338 E2910.0262
G1 X195.265 Y90.156 E2910.04852
G1 X195.502 Y90.035 E2910.06622
G1 X195.738 Y89.938 E2910.0832
G1 X196.053 Y89.842 E2910.1051
G1 X196.356 Y89.782 E2910.12565
G1 X196.694 Y89.752 E2910.14822
G1 X196.979 Y89.755 E2910.16718
G1 X197.229 Y89.78 E2910.18389
G1 X197.492 Y89.828 E2910.20168
G1 X197.754 Y89.9 E2910.21975
G1 X198.008 Y89.995 E2910.23779
G1 X198.303 Y90.14 E2910.25966
G1 X198.535 Y90.281 E2910.27772
G1 X198.762 Y90.451 E2910.29658
G1 X198.966 Y90.633 E2910.31477
G1 X199.186 Y90.871 E2910.33633
G0 F9000 X198.8 Y91.311
;TYPE:SKIN
G1 F1472.6 X199.2 Y92.847 E2910.39822
G1 X198.8 Y94.381 E2910.46003
G1 X197.6 Y95.259 E2910.51801
G1 X196.4 Y95.359 E2910.56496
G1 X195.2 Y94.813 E2910.61637
G1 X194.8 Y94.389 E2910.6391
G1 X194.4 Y92.852 E2910.70103
G1 X194.8 Y91.315 E2910.76296
G1 X196 Y90.439 E2910.82089
G1 X197.2 Y90.339 E2910.86784
G1 X198.4 Y90.884 E2910.91923
G1 F1500 E2909.91923
G1 F300 Z6.8
G0 F9000 X105.03 Y92.072 Z6.8
;TYPE:WALL-OUTER
G1 F300 Z6.6
G1 F1500 E2910.94584
G1 F1683 X104.888 Y91.799 E2910.96631
G1 X104.726 Y91.576 E2910.98464
G1 X104.531 Y91.373 E2911.00337
G1 X104.313 Y91.203 E2911.02176
G1 X103.981 Y91.022 E2911.04691
G1 X103.614 Y90.905 E2911.07254
G1 X103.338 Y90.867 E2911.09107
G1 X103.2 Y90.863 E2911.10025
G1 X102.894 Y90.885 E2911.12066
G1 X102.588 Y90.959 E2911.1416
G1 X102.33 Y91.063 E2911.16011
G1 X102.092 Y91.2 E2911.17837
G1 X101.869 Y91.373 E2911.19715
G1 X101.656 Y91.599 E2911.21781
G1 X101.43 Y91.946 E2911.24535
G1 X101.32 Y92.204 E2911.26401
G1 X101.242 Y92.506 E2911.28476
G1 X101.213 Y92.815 E2911.3054
G1 X101.23 Y93.123 E2911.32592
G1 X101.29 Y93.402 E2911.34491
G1 X101.386 Y93.664 E2911.36347
G1 X101.55 Y93.96 E2911.38598
G1 X101.796 Y94.257 E2911.41163
G1 X102.088 Y94.497 E2911.43677
G1 X102.42 Y94.678 E2911.46193
G1 X102.787 Y94.795 E2911.48755
G1 X103.061 Y94.833 E2911.50595
G1 X103.369 Y94.831 E2911.52644
G1 X103.65 Y94.787 E2911.54536
G1 X103.945 Y94.693 E2911.56596
G1 X104.193 Y94.572 E2911.58431
G1 X104.449 Y94.398 E2911.6049
G1 X104.655 Y94.206 E2911.62363
G1 X104.828 Y93.992 E2911.64194
G1 X105.017 Y93.659 E2911.66741
G1 X105.129 Y93.331 E2911.69047
G1 X105.177 Y93.058 E2911.7089
G1 X105.181 Y92.677 E2911.73425
G1 X105.121 Y92.335 E2911.75735
G1 X105.03 Y92.072 E2911.77586
G0 F9000 X106.035 Y91.594
G1 F1683 X106.153 Y91.908 E2911.79817
G1 X106.221 Y92.152 E2911.81502
G1 X106.268 Y92.407 E2911.83227
G1 X106.296 Y92.685 E2911.85086
G1 X106.298 Y92.961 E2911.86922
G1 X106.277 Y93.239 E2911.88776
G1 X106.23 Y93.511 E2911.90612
G1 X106.166 Y93.756 E2911.92297
G1 X106.076 Y94.01 E2911.94089
G1 X105.914 Y94.349 E2911.96589
G1 X105.736 Y94.635 E2911.9883
G1 X105.579 Y94.84 E2912.00547
G1 X105.352 Y95.082 E2912.02754
G1 X105.113 Y95.289 E2912.04858
G1 X104.885 Y95.452 E2912.06722
G1 X104.612 Y95.61 E2912.0882
G1 X104.309 Y95.745 E2912.11027
G1 X103.986 Y95.849 E2912.13284
G1 X103.696 Y95.91 E2912.15255
G1 X103.358 Y95.945 E2912.17516
G1 X103.077 Y95.948 E2912.19385
G1 X102.771 Y95.92 E2912.21429
G1 X102.506 Y95.871 E2912.23222
G1 X102.246 Y95.8 E2912.25015
G1 X101.992 Y95.705 E2912.26819
G1 X101.697 Y95.56 E2912.29005
G1 X101.464 Y95.418 E2912.3082
G1 X101.238 Y95.249 E2912.32697
G1 X101.034 Y95.067 E2912.34516
G1 X100.814 Y94.829 E2912.36672
G1 X100.654 Y94.619 E2912.38428
G1 X100.508 Y94.387 E2912.40252
G1 X100.366 Y94.106 E2912.42346
G1 X100.248 Y93.792 E2912.44577
G1 X100.18 Y93.548 E2912.46262
G1 X100.133 Y93.292 E2912.47994
G1 X100.105 Y93.006 E2912.49905
G1 X100.104 Y92.691 E2912.52001
G1 X100.141 Y92.349 E2912.54289
G1 X100.191 Y92.102 E2912.55965
G1 X100.273 Y91.828 E2912.57868
G1 X100.391 Y91.539 E2912.59944
G1 X100.551 Y91.239 E2912.62206
G1 X100.768 Y90.926 E2912.64739
G1 X101.055 Y90.612 E2912.67569
G1 X101.384 Y90.338 E2912.70417
G1 X101.666 Y90.156 E2912.7265
G1 X101.903 Y90.035 E2912.7442
G1 X102.139 Y89.938 E2912.76117
G1 X102.454 Y89.842 E2912.78308
G1 X102.757 Y89.782 E2912.80363
G1 X103.095 Y89.752 E2912.8262
G1 X103.38 Y89.755 E2912.84516
G1 X103.63 Y89.78 E2912.86187
G1 X103.893 Y89.828 E2912.87965
G1 X104.155 Y89.9 E2912.89773
G1 X104.409 Y89.995 E2912.91577
G1 X104.704 Y90.14 E2912.93763
G1 X104.936 Y90.281 E2912.95569
G1 X105.163 Y90.451 E2912.97456
G1 X105.367 Y90.633 E2912.99274
G1 X105.587 Y90.871 E2913.0143
G1 X105.747 Y91.081 E2913.03187
G1 X105.893 Y91.313 E2913.0501
G1 X106.035 Y91.594 E2913.07104
G0 F9000 X105.599 Y92.847
;TYPE:SKIN
G1 F1472.6 X105.199 Y94.383 E2913.14047
G1 X103.999 Y95.259 E2913.20545
G1 X102.799 Y95.359 E2913.25812
G1 X101.599 Y94.814 E2913.31576
G1 X101.199 Y94.384 E2913.34145
G1 X100.799 Y92.852 E2913.4107
G1 X101.199 Y91.317 E2913.48008
G1 X102.399 Y90.44 E2913.54509
G1 X103.599 Y90.339 E2913.59777
G1 X104.799 Y90.882 E2913.65537
G1 X105.199 Y91.309 E2913.68097
G1 F1500 E2912.68097
G1 F300 Z6.8
G0 F9000 X104.653 Y211.507 Z6.8
;TYPE:WALL-OUTER
G1 F300 Z6.6
G1 F1500 E2913.70757
G1 F1683 X104.368 Y211.256 E2913.73284
G1 X104.103 Y211.094 E2913.7535
G1 X103.849 Y210.986 E2913.77186
G1 X103.477 Y210.897 E2913.7973
G1 X103.198 Y210.877 E2913.81591
G1 X102.89 Y210.902 E2913.83646
G1 X102.588 Y210.974 E2913.85712
G1 X102.33 Y211.078 E2913.87562
G1 X101.981 Y211.294 E2913.90292
G1 X101.699 Y211.562 E2913.9288
G1 X101.514 Y211.813 E2913.94954
G1 X101.384 Y212.056 E2913.96787
G1 X101.289 Y212.318 E2913.98641
G1 X101.231 Y212.588 E2914.00478
G1 X101.213 Y212.87 E2914.02358
G1 X101.232 Y213.141 E2914.04165
G1 X101.289 Y213.415 E2914.06027
G1 X101.4 Y213.706 E2914.08099
G1 X101.55 Y213.975 E2914.10147
G1 X101.747 Y214.222 E2914.12249
G1 X101.953 Y214.413 E2914.14118
G1 X102.208 Y214.587 E2914.16171
G1 X102.517 Y214.732 E2914.18442
G1 X102.787 Y214.81 E2914.20311
G1 X103.063 Y214.848 E2914.22165
G1 X103.339 Y214.848 E2914.24001
G1 X103.65 Y214.802 E2914.26092
G1 X103.945 Y214.708 E2914.28151
G1 X104.193 Y214.587 E2914.29987
G1 X104.479 Y214.387 E2914.32309
G1 X104.745 Y214.116 E2914.34835
G1 X104.94 Y213.827 E2914.37154
G1 X105.081 Y213.512 E2914.39449
G1 X105.158 Y213.21 E2914.41523
G1 X105.187 Y212.938 E2914.43342
G1 X105.178 Y212.661 E2914.45186
G1 X105.122 Y212.356 E2914.47249
G1 X105.017 Y212.056 E2914.49363
G1 X104.851 Y211.755 E2914.51649
G1 X104.653 Y211.507 E2914.5376
G0 F9000 X105.367 Y210.648
G1 F1683 X105.587 Y210.886 E2914.55916
G1 X105.747 Y211.096 E2914.57673
G1 X105.893 Y211.328 E2914.59496
G1 X106.035 Y211.609 E2914.6159
G1 X106.153 Y211.923 E2914.63822
G1 X106.221 Y212.167 E2914.65507
G1 X106.268 Y212.422 E2914.67231
G1 X106.296 Y212.7 E2914.6909
G1 X106.298 Y212.976 E2914.70926
G1 X106.277 Y213.254 E2914.72781
G1 X106.233 Y213.512 E2914.74522
G1 X106.166 Y213.771 E2914.76301
G1 X106.076 Y214.025 E2914.78094
G1 X105.908 Y214.376 E2914.80682
G1 X105.736 Y214.65 E2914.82834
G1 X105.579 Y214.855 E2914.84552
G1 X105.352 Y215.097 E2914.86759
G1 X105.113 Y215.304 E2914.88862
G1 X104.885 Y215.467 E2914.90727
G1 X104.612 Y215.625 E2914.92825
G1 X104.309 Y215.76 E2914.95031
G1 X103.986 Y215.864 E2914.97289
G1 X103.696 Y215.925 E2914.9926
G1 X103.358 Y215.96 E2915.0152
G1 X103.077 Y215.963 E2915.0339
G1 X102.771 Y215.935 E2915.05434
G1 X102.506 Y215.886 E2915.07226
G1 X102.246 Y215.815 E2915.09019
G1 X101.992 Y215.72 E2915.10823
G1 X101.697 Y215.575 E2915.1301
G1 X101.464 Y215.433 E2915.14825
G1 X101.238 Y215.264 E2915.16702
G1 X101.034 Y215.082 E2915.18521
G1 X100.814 Y214.844 E2915.20677
G1 X100.654 Y214.634 E2915.22433
G1 X100.508 Y214.402 E2915.24256
G1 X100.366 Y214.121 E2915.26351
G1 X100.248 Y213.807 E2915.28582
G1 X100.18 Y213.563 E2915.30267
G1 X100.132 Y213.3 E2915.32045
G1 X100.105 Y213.021 E2915.3391
G1 X100.104 Y212.706 E2915.36005
G1 X100.141 Y212.364 E2915.38293
G1 X100.191 Y212.117 E2915.3997
G1 X100.273 Y211.843 E2915.41872
G1 X100.391 Y211.554 E2915.43949
G1 X100.551 Y211.254 E2915.46211
G1 X100.768 Y210.941 E2915.48744
G1 X101.055 Y210.627 E2915.51574
G1 X101.384 Y210.353 E2915.54422
G1 X101.666 Y210.171 E2915.56655
G1 X101.903 Y210.05 E2915.58425
G1 X102.139 Y209.953 E2915.60122
G1 X102.454 Y209.857 E2915.62313
G1 X102.757 Y209.797 E2915.64367
G1 X103.095 Y209.767 E2915.66624
G1 X103.38 Y209.77 E2915.6852
G1 X103.63 Y209.795 E2915.70192
G1 X103.893 Y209.843 E2915.7197
G1 X104.155 Y209.915 E2915.73778
G1 X104.409 Y210.01 E2915.75581
G1 X104.704 Y210.155 E2915.77768
G1 X104.936 Y210.296 E2915.79574
G1 X105.163 Y210.466 E2915.81461
G1 X105.367 Y210.648 E2915.83279
G0 F9000 X105.199 Y211.329
;TYPE:SKIN
G1 F1472.6 X105.599 Y212.863 E2915.89462
G1 X105.199 Y214.405 E2915.95676
G1 X103.999 Y215.275 E2916.01457
G1 X102.799 Y215.375 E2916.06153
G1 X101.599 Y214.829 E2916.11295
G1 X101.199 Y214.401 E2916.1358
G1 X100.799 Y212.868 E2916.19759
G1 X101.199 Y211.328 E2916.25965
G1 X102.399 Y210.456 E2916.31751
G1 X103.599 Y210.356 E2916.36447
G1 X104.799 Y210.902 E2916.41589
G1 F1500 E2915.41589
G1 F300 Z6.8
G0 F9000 X197.58 Y211.037 Z6.8
;TYPE:WALL-OUTER
G1 F300 Z6.6
G1 F1500 E2916.4425
G1 F1683 X197.213 Y210.92 E2916.46812
G1 X196.939 Y210.882 E2916.48653
G1 X196.797 Y210.877 E2916.49598
G1 X196.489 Y210.902 E2916.51653
G1 X196.187 Y210.974 E2916.53719
G1 X195.929 Y211.078 E2916.55569
G1 X195.58 Y211.294 E2916.58299
G1 X195.298 Y211.562 E2916.60887
G1 X195.113 Y211.813 E2916.62961
G1 X194.983 Y212.056 E2916.64794
G1 X194.888 Y212.317 E2916.66642
G1 X194.823 Y212.657 E2916.68945
G1 X194.813 Y212.933 E2916.70782
G1 X194.842 Y213.211 E2916.72641
G1 X194.944 Y213.578 E2916.75175
G1 X195.061 Y213.829 E2916.77017
G1 X195.254 Y214.115 E2916.79312
G1 X195.468 Y214.341 E2916.81383
G1 X195.682 Y214.509 E2916.83192
G1 X195.956 Y214.666 E2916.85293
G1 X196.251 Y214.776 E2916.87387
G1 X196.523 Y214.833 E2916.89236
G1 X196.799 Y214.852 E2916.91076
G1 X197.106 Y214.83 E2916.93124
G1 X197.412 Y214.756 E2916.95218
G1 X197.67 Y214.652 E2916.97068
G1 X197.994 Y214.454 E2916.99594
G1 X198.254 Y214.221 E2917.01917
G1 X198.427 Y214.007 E2917.03747
G1 X198.614 Y213.678 E2917.06265
G1 X198.72 Y213.379 E2917.08375
G1 X198.772 Y213.107 E2917.10217
G1 X198.787 Y212.829 E2917.12069
G1 X198.757 Y212.518 E2917.14147
G1 X198.679 Y212.216 E2917.16222
G1 X198.539 Y211.902 E2917.18509
G1 X198.33 Y211.596 E2917.20974
G1 X198.155 Y211.412 E2917.22663
G1 X197.824 Y211.161 E2917.25426
G1 X197.58 Y211.037 E2917.27247
G0 F9000 X198.008 Y210.01
G1 F1683 X198.303 Y210.155 E2917.29434
G1 X198.535 Y210.296 E2917.3124
G1 X198.762 Y210.466 E2917.33126
G1 X198.966 Y210.648 E2917.34945
G1 X199.186 Y210.886 E2917.37101
G1 X199.346 Y211.096 E2917.38857
G1 X199.492 Y211.328 E2917.4068
G1 X199.634 Y211.609 E2917.42775
G1 X199.752 Y211.923 E2917.45006
G1 X199.82 Y212.167 E2917.46691
G1 X199.867 Y212.422 E2917.48416
G1 X199.895 Y212.7 E2917.50274
G1 X199.897 Y212.976 E2917.5211
G1 X199.877 Y213.244 E2917.53898
G1 X199.829 Y213.526 E2917.55801
G1 X199.765 Y213.771 E2917.57485
G1 X199.675 Y214.025 E2917.59278
G1 X199.507 Y214.376 E2917.61866
G1 X199.335 Y214.65 E2917.64018
G1 X199.178 Y214.855 E2917.65736
G1 X198.951 Y215.097 E2917.67943
G1 X198.712 Y215.304 E2917.70047
G1 X198.484 Y215.467 E2917.71911
G1 X198.211 Y215.625 E2917.74009
G1 X197.908 Y215.76 E2917.76216
G1 X197.585 Y215.864 E2917.78473
G1 X197.295 Y215.925 E2917.80444
G1 X196.957 Y215.96 E2917.82705
G1 X196.676 Y215.963 E2917.84574
G1 X196.37 Y215.935 E2917.86618
G1 X196.105 Y215.886 E2917.88411
G1 X195.845 Y215.815 E2917.90203
G1 X195.591 Y215.72 E2917.92007
G1 X195.296 Y215.575 E2917.94194
G1 X195.063 Y215.433 E2917.96009
G1 X194.837 Y215.264 E2917.97886
G1 X194.633 Y215.082 E2917.99705
G1 X194.413 Y214.844 E2918.01861
G1 X194.253 Y214.634 E2918.03617
G1 X194.107 Y214.402 E2918.0544
G1 X193.965 Y214.121 E2918.07535
G1 X193.847 Y213.807 E2918.09766
G1 X193.779 Y213.563 E2918.11451
G1 X193.731 Y213.3 E2918.13229
G1 X193.704 Y213.021 E2918.15094
G1 X193.703 Y212.706 E2918.17189
G1 X193.74 Y212.364 E2918.19478
G1 X193.79 Y212.117 E2918.21154
G1 X193.872 Y211.843 E2918.23057
G1 X193.99 Y211.554 E2918.25133
G1 X194.15 Y211.254 E2918.27395
G1 X194.367 Y210.941 E2918.29928
G1 X194.654 Y210.627 E2918.32758
G1 X194.983 Y210.353 E2918.35606
G1 X195.265 Y210.171 E2918.37839
G1 X195.502 Y210.05 E2918.39609
G1 X195.738 Y209.953 E2918.41306
G1 X196.053 Y209.857 E2918.43497
G1 X196.356 Y209.797 E2918.45551
G1 X196.694 Y209.767 E2918.47809
G1 X196.979 Y209.77 E2918.49705
G1 X197.229 Y209.795 E2918.51376
G1 X197.492 Y209.843 E2918.53154
G1 X197.754 Y209.915 E2918.54962
G1 X198.008 Y210.01 E2918.56766
G0 F9000 X197.999 Y210.625
;TYPE:SKIN
G1 F1472.6 X197.599 Y210.454 E2918.58422
G1 X196.399 Y210.354 E2918.63007
G1 X195.199 Y210.902 E2918.68031
G1 X194.799 Y211.325 E2918.70247
G1 X194.399 Y212.867 E2918.76313
G1 X194.799 Y214.403 E2918.82357
G1 X195.999 Y215.274 E2918.88003
G1 X197.199 Y215.373 E2918.92588
G1 X198.399 Y214.827 E2918.97608
G1 X198.799 Y214.397 E2918.99845
G1 X199.199 Y212.862 E2919.05885
G1 X198.799 Y211.326 E2919.11929
G0 F9000 X198.399 Y211.182
G1 F1472.6 X198.399 Y210.613 E2919.13821
G1 F1500 E2918.13821
G1 F300 Z6.8
;MESH:NONMESH
G0 F9000 X198.323 Y91.573 Z6.8
;TIME_ELAPSED:6112.476162
;LAYER:33
;TYPE:WALL-OUTER
;MESH:Top of Case.STL
G1 F300 Z6.8
G1 F1500 E2919.16482
G1 F1760.8 X198.131 Y91.374 E2919.18321
G1 X197.912 Y91.203 E2919.2017
G1 X197.609 Y91.034 E2919.22478
G1 X197.348 Y90.939 E2919.24325
G1 X197.076 Y90.882 E2919.26174
G1 X196.799 Y90.863 E2919.28021
G1 X196.491 Y90.885 E2919.30075
G1 X196.156 Y90.969 E2919.32372
G1 X195.806 Y91.128 E2919.34929
G1 X195.576 Y91.283 E2919.36774
G1 X195.346 Y91.493 E2919.38846
G1 X195.172 Y91.708 E2919.40686
G1 X195.029 Y91.946 E2919.42533
G1 X194.92 Y92.203 E2919.4439
G1 X194.848 Y92.472 E2919.46242
G1 X194.814 Y92.745 E2919.48072
G1 X194.819 Y93.023 E2919.49922
G1 X194.861 Y93.291 E2919.51726
G1 X194.942 Y93.559 E2919.53589
G1 X195.061 Y93.816 E2919.55473
G1 X195.232 Y94.071 E2919.57515
G1 X195.518 Y94.37 E2919.60267
G1 X195.775 Y94.554 E2919.6237
G1 X196.02 Y94.678 E2919.64197
G1 X196.386 Y94.795 E2919.66753
G1 X196.66 Y94.833 E2919.68593
G1 X196.939 Y94.833 E2919.70449
G1 X197.279 Y94.779 E2919.72739
G1 X197.575 Y94.68 E2919.74815
G1 X197.91 Y94.498 E2919.77351
G1 X198.131 Y94.327 E2919.7921
G1 X198.344 Y94.102 E2919.81271
G1 X198.536 Y93.818 E2919.83551
G1 X198.679 Y93.499 E2919.85877
G1 X198.75 Y93.232 E2919.87714
G1 X198.785 Y92.955 E2919.89572
G1 X198.78 Y92.677 E2919.91421
G1 X198.737 Y92.406 E2919.93246
G1 X198.655 Y92.137 E2919.95117
G1 X198.487 Y91.8 E2919.97622
G1 X198.323 Y91.573 E2919.99485
G0 F9000 X199.136 Y90.813
G1 F1760.8 X199.341 Y91.074 E2920.01693
G1 X199.491 Y91.311 E2920.03558
G1 X199.638 Y91.603 E2920.05733
G1 X199.734 Y91.85 E2920.07496
G1 X199.823 Y92.168 E2920.09692
G1 X199.868 Y92.418 E2920.11382
G1 X199.896 Y92.701 E2920.13274
G1 X199.896 Y93.006 E2920.15303
G1 X199.859 Y93.349 E2920.17598
G1 X199.805 Y93.614 E2920.19397
G1 X199.708 Y93.921 E2920.21538
G1 X199.61 Y94.16 E2920.23257
G1 X199.449 Y94.46 E2920.25521
G1 X199.337 Y94.632 E2920.26887
G1 X199.175 Y94.842 E2920.28651
G1 X198.992 Y95.041 E2920.30449
G1 X198.697 Y95.301 E2920.33065
G1 X198.389 Y95.511 E2920.35545
G1 X198.105 Y95.662 E2920.37684
G1 X197.866 Y95.761 E2920.39405
G1 X197.543 Y95.859 E2920.41651
G1 X197.216 Y95.921 E2920.43865
G1 X196.91 Y95.948 E2920.45908
G1 X196.623 Y95.945 E2920.47817
G1 X196.366 Y95.921 E2920.49534
G1 X196.091 Y95.868 E2920.51397
G1 X195.829 Y95.795 E2920.53206
G1 X195.593 Y95.706 E2920.54884
G1 X195.334 Y95.582 E2920.56794
G1 X195.056 Y95.414 E2920.58955
G1 X194.839 Y95.251 E2920.6076
G1 X194.648 Y95.082 E2920.62457
G1 X194.463 Y94.887 E2920.64245
G1 X194.255 Y94.621 E2920.66491
G1 X194.108 Y94.389 E2920.68318
G1 X193.961 Y94.097 E2920.70493
G1 X193.865 Y93.85 E2920.72256
G1 X193.776 Y93.532 E2920.74452
G1 X193.729 Y93.268 E2920.76236
G1 X193.703 Y92.999 E2920.78034
G1 X193.703 Y92.694 E2920.80063
G1 X193.74 Y92.348 E2920.82377
G1 X193.794 Y92.086 E2920.84157
G1 X193.891 Y91.779 E2920.86298
G1 X193.987 Y91.545 E2920.87981
G1 X194.15 Y91.24 E2920.90281
G1 X194.365 Y90.93 E2920.92791
G1 X194.607 Y90.659 E2920.95208
G1 X194.853 Y90.437 E2920.97412
G1 X195.068 Y90.278 E2920.99191
G1 X195.302 Y90.136 E2921.01012
G1 X195.596 Y89.993 E2921.03186
G1 X195.843 Y89.902 E2921.04937
G1 X196.169 Y89.815 E2921.07182
G1 X196.491 Y89.766 E2921.09348
G1 X196.856 Y89.751 E2921.11778
G1 X197.233 Y89.779 E2921.14293
G1 X197.508 Y89.832 E2921.16156
G1 X197.77 Y89.905 E2921.17965
G1 X198.006 Y89.994 E2921.19643
G1 X198.265 Y90.118 E2921.21553
G1 X198.539 Y90.283 E2921.23681
G1 X198.76 Y90.449 E2921.25519
G1 X198.949 Y90.616 E2921.27197
G1 X199.136 Y90.813 E2921.29004
G0 F9000 X198.722 Y91.2
;TYPE:SKIN
G1 F1540.7 X198.265 Y90.8 E2921.31341
G1 X196.803 Y90.4 E2921.37175
G1 X195.333 Y90.8 E2921.43038
G1 X194.591 Y91.6 E2921.47238
G1 X194.259 Y92.8 E2921.5203
G1 X194.535 Y94 E2921.56769
G1 X195.194 Y94.8 E2921.60758
G1 X196.8 Y95.2 E2921.67128
G1 X198.407 Y94.8 E2921.73501
G1 X199.228 Y93.6 E2921.79097
G1 X199.3 Y92.4 E2921.83724
G1 X199.009 Y91.6 E2921.87
G1 F1500 E2920.87
G1 F300 Z7
G0 F9000 X197.033 Y95.6 Z7
G1 F300 Z6.8
G1 F1500 E2921.89661
G1 F1540.7 X196.54 Y95.6 E2921.91301
G1 F1500 E2920.91301
G1 F300 Z7
G0 F9000 X105.002 Y92.01 Z7
;TYPE:WALL-OUTER
G1 F300 Z6.8
G1 F1500 E2921.93962
G1 F1760.8 X104.827 Y91.707 E2921.96289
G1 X104.63 Y91.469 E2921.98344
G1 X104.426 Y91.284 E2922.00176
G1 X104.131 Y91.093 E2922.02514
G1 X103.879 Y90.981 E2922.04348
G1 X103.614 Y90.905 E2922.06182
G1 X103.338 Y90.867 E2922.08036
G1 X103.2 Y90.863 E2922.08954
G1 X102.892 Y90.885 E2922.11008
G1 X102.557 Y90.969 E2922.13305
G1 X102.207 Y91.128 E2922.15863
G1 X101.977 Y91.283 E2922.17708
G1 X101.747 Y91.493 E2922.19779
G1 X101.573 Y91.708 E2922.21619
G1 X101.43 Y91.946 E2922.23466
G1 X101.321 Y92.203 E2922.25323
G1 X101.249 Y92.471 E2922.27169
G1 X101.215 Y92.745 E2922.29006
G1 X101.22 Y93.023 E2922.30855
G1 X101.262 Y93.291 E2922.3266
G1 X101.343 Y93.559 E2922.34522
G1 X101.462 Y93.816 E2922.36406
G1 X101.633 Y94.071 E2922.38449
G1 X101.919 Y94.37 E2922.41201
G1 X102.176 Y94.554 E2922.43303
G1 X102.421 Y94.678 E2922.4513
G1 X102.787 Y94.795 E2922.47686
G1 X103.061 Y94.833 E2922.49526
G1 X103.34 Y94.833 E2922.51382
G1 X103.68 Y94.779 E2922.53672
G1 X103.976 Y94.68 E2922.55748
G1 X104.312 Y94.498 E2922.5829
G1 X104.532 Y94.327 E2922.60144
G1 X104.745 Y94.102 E2922.62205
G1 X104.937 Y93.818 E2922.64485
G1 X105.081 Y93.497 E2922.66825
G1 X105.159 Y93.194 E2922.68907
G1 X105.188 Y92.885 E2922.70971
G1 X105.171 Y92.578 E2922.73017
G1 X105.102 Y92.27 E2922.75116
G1 X105.002 Y92.01 E2922.76969
G0 F9000 X106.039 Y91.603
G1 F1760.8 X106.135 Y91.85 E2922.78732
G1 X106.224 Y92.168 E2922.80929
G1 X106.269 Y92.418 E2922.82618
G1 X106.297 Y92.701 E2922.8451
G1 X106.297 Y93.006 E2922.86539
G1 X106.26 Y93.349 E2922.88834
G1 X106.206 Y93.614 E2922.90633
G1 X106.109 Y93.921 E2922.92774
G1 X106.011 Y94.16 E2922.94493
G1 X105.85 Y94.46 E2922.96758
G1 X105.738 Y94.632 E2922.98123
G1 X105.576 Y94.842 E2922.99887
G1 X105.393 Y95.041 E2923.01686
G1 X105.098 Y95.301 E2923.04301
G1 X104.79 Y95.511 E2923.06781
G1 X104.506 Y95.662 E2923.08921
G1 X104.267 Y95.761 E2923.10642
G1 X103.944 Y95.859 E2923.12887
G1 X103.617 Y95.921 E2923.15101
G1 X103.311 Y95.948 E2923.17144
G1 X103.024 Y95.945 E2923.19053
G1 X102.767 Y95.921 E2923.2077
G1 X102.492 Y95.868 E2923.22633
G1 X102.23 Y95.795 E2923.24443
G1 X101.994 Y95.706 E2923.2612
G1 X101.735 Y95.582 E2923.28031
G1 X101.457 Y95.414 E2923.30191
G1 X101.24 Y95.251 E2923.31997
G1 X101.049 Y95.082 E2923.33693
G1 X100.864 Y94.887 E2923.35481
G1 X100.656 Y94.621 E2923.37727
G1 X100.509 Y94.389 E2923.39554
G1 X100.362 Y94.097 E2923.41729
G1 X100.266 Y93.85 E2923.43492
G1 X100.177 Y93.532 E2923.45688
G1 X100.13 Y93.268 E2923.47472
G1 X100.104 Y92.999 E2923.4927
G1 X100.104 Y92.694 E2923.51299
G1 X100.141 Y92.348 E2923.53614
G1 X100.195 Y92.086 E2923.55393
G1 X100.292 Y91.779 E2923.57535
G1 X100.388 Y91.545 E2923.59217
G1 X100.551 Y91.24 E2923.61518
G1 X100.766 Y90.93 E2923.64027
G1 X101.008 Y90.659 E2923.66444
G1 X101.254 Y90.437 E2923.68648
G1 X101.469 Y90.278 E2923.70427
G1 X101.703 Y90.136 E2923.72248
G1 X101.997 Y89.993 E2923.74422
G1 X102.244 Y89.902 E2923.76173
G1 X102.57 Y89.815 E2923.78418
G1 X102.892 Y89.766 E2923.80585
G1 X103.257 Y89.751 E2923.83015
G1 X103.634 Y89.779 E2923.85529
G1 X103.909 Y89.832 E2923.87392
G1 X104.171 Y89.905 E2923.89202
G1 X104.407 Y89.994 E2923.90879
G1 X104.666 Y90.118 E2923.92789
G1 X104.94 Y90.283 E2923.94917
G1 X105.161 Y90.449 E2923.96756
G1 X105.35 Y90.616 E2923.98433
G1 X105.537 Y90.813 E2924.0024
G1 X105.742 Y91.074 E2924.02448
G1 X105.892 Y91.311 E2924.04314
G1 X106.039 Y91.603 E2924.06488
G0 F9000 X105.407 Y91.6
;TYPE:SKIN
G1 F1540.7 X105.593 Y92 E2924.08154
G1 X105.716 Y93.2 E2924.1271
G1 X105.207 Y94.4 E2924.17632
G1 X104.809 Y94.8 E2924.19763
G1 X103.201 Y95.2 E2924.26021
G1 X101.593 Y94.8 E2924.32279
G1 X100.775 Y93.6 E2924.37763
G1 X100.697 Y92.4 E2924.42305
G1 X101.279 Y91.2 E2924.47341
G1 X101.735 Y90.8 E2924.49632
G1 X103.204 Y90.4 E2924.55382
G1 X104.674 Y90.8 E2924.61135
G1 X105.124 Y91.2 E2924.63409
G1 F1500 E2923.63409
G1 F300 Z7
G0 F9000 X103.444 Y95.6 Z7
G1 F300 Z6.8
G1 F1500 E2924.6607
G1 F1540.7 X102.93 Y95.6 E2924.67779
G1 F1500 E2923.67779
G1 F300 Z7
G0 F9000 X104.479 Y211.343 Z7
;TYPE:WALL-OUTER
G1 F300 Z6.8
G1 F1500 E2924.7044
G1 F1760.8 X104.227 Y211.162 E2924.72504
G1 X103.88 Y210.997 E2924.7506
G1 X103.614 Y210.92 E2924.76902
G1 X103.34 Y210.882 E2924.78742
G1 X103.2 Y210.877 E2924.79674
G1 X102.892 Y210.9 E2924.81728
G1 X102.557 Y210.984 E2924.84026
G1 X102.208 Y211.143 E2924.86577
G1 X101.972 Y211.301 E2924.88466
G1 X101.746 Y211.509 E2924.90509
G1 X101.575 Y211.72 E2924.92316
G1 X101.384 Y212.056 E2924.94887
G1 X101.28 Y212.353 E2924.9698
G1 X101.22 Y212.688 E2924.99244
G1 X101.215 Y212.97 E2925.0112
G1 X101.255 Y213.276 E2925.03173
G1 X101.332 Y213.543 E2925.05022
G1 X101.496 Y213.888 E2925.07563
G1 X101.719 Y214.19 E2925.1006
G1 X101.92 Y214.386 E2925.11927
G1 X102.174 Y214.568 E2925.14006
G1 X102.521 Y214.733 E2925.16562
G1 X102.787 Y214.81 E2925.18404
G1 X103.063 Y214.848 E2925.20257
G1 X103.338 Y214.848 E2925.22087
G1 X103.68 Y214.794 E2925.2439
G1 X103.976 Y214.695 E2925.26466
G1 X104.284 Y214.531 E2925.28787
G1 X104.556 Y214.319 E2925.31081
G1 X104.745 Y214.116 E2925.32926
G1 X104.94 Y213.827 E2925.35245
G1 X105.081 Y213.512 E2925.37541
G1 X105.158 Y213.209 E2925.39621
G1 X105.187 Y212.932 E2925.41473
G1 X105.164 Y212.556 E2925.43979
G1 X105.081 Y212.218 E2925.46294
G1 X104.94 Y211.902 E2925.48596
G1 X104.702 Y211.562 E2925.51357
G1 X104.479 Y211.343 E2925.53436
G0 F9000 X104.94 Y210.298
G1 F1760.8 X105.161 Y210.464 E2925.55275
G1 X105.35 Y210.631 E2925.56952
G1 X105.537 Y210.828 E2925.58759
G1 X105.742 Y211.089 E2925.60967
G1 X105.892 Y211.326 E2925.62833
G1 X106.039 Y211.618 E2925.65007
G1 X106.135 Y211.865 E2925.6677
G1 X106.224 Y212.183 E2925.68967
G1 X106.269 Y212.433 E2925.70656
G1 X106.297 Y212.716 E2925.72548
G1 X106.297 Y213.021 E2925.74577
G1 X106.26 Y213.364 E2925.76872
G1 X106.206 Y213.629 E2925.78671
G1 X106.109 Y213.936 E2925.80813
G1 X106.011 Y214.175 E2925.82531
G1 X105.85 Y214.475 E2925.84796
G1 X105.738 Y214.647 E2925.86161
G1 X105.576 Y214.857 E2925.87925
G1 X105.393 Y215.056 E2925.89724
G1 X105.098 Y215.316 E2925.92339
G1 X104.79 Y215.526 E2925.94819
G1 X104.506 Y215.677 E2925.96959
G1 X104.267 Y215.776 E2925.9868
G1 X103.944 Y215.874 E2926.00925
G1 X103.617 Y215.936 E2926.03139
G1 X103.311 Y215.963 E2926.05182
G1 X103.024 Y215.96 E2926.07092
G1 X102.767 Y215.936 E2926.08809
G1 X102.492 Y215.883 E2926.10672
G1 X102.23 Y215.81 E2926.12481
G1 X101.994 Y215.721 E2926.14159
G1 X101.735 Y215.597 E2926.16069
G1 X101.457 Y215.429 E2926.18229
G1 X101.24 Y215.266 E2926.20035
G1 X101.049 Y215.097 E2926.21731
G1 X100.864 Y214.902 E2926.23519
G1 X100.658 Y214.639 E2926.25742
G1 X100.513 Y214.41 E2926.27545
G1 X100.362 Y214.112 E2926.29767
G1 X100.266 Y213.865 E2926.3153
G1 X100.177 Y213.547 E2926.33726
G1 X100.13 Y213.283 E2926.3551
G1 X100.104 Y213.014 E2926.37308
G1 X100.104 Y212.709 E2926.39337
G1 X100.141 Y212.363 E2926.41651
G1 X100.195 Y212.101 E2926.43431
G1 X100.292 Y211.794 E2926.45573
G1 X100.388 Y211.56 E2926.47255
G1 X100.551 Y211.255 E2926.49555
G1 X100.766 Y210.945 E2926.52065
G1 X101.008 Y210.674 E2926.54482
G1 X101.254 Y210.452 E2926.56686
G1 X101.469 Y210.293 E2926.58465
G1 X101.703 Y210.151 E2926.60286
G1 X101.997 Y210.008 E2926.6246
G1 X102.244 Y209.917 E2926.64211
G1 X102.57 Y209.83 E2926.66456
G1 X102.892 Y209.781 E2926.68622
G1 X103.257 Y209.766 E2926.71052
G1 X103.634 Y209.794 E2926.73567
G1 X103.909 Y209.847 E2926.7543
G1 X104.171 Y209.92 E2926.77239
G1 X104.407 Y210.009 E2926.78917
G1 X104.666 Y210.133 E2926.80827
G1 X104.94 Y210.298 E2926.82955
G0 F9000 X103.203 Y210.4
;TYPE:SKIN
G1 F1540.7 X101.759 Y210.8 E2926.89424
G1 X101.001 Y211.6 E2926.94181
G1 X100.66 Y212.8 E2926.99567
G1 X100.928 Y214 E2927.04875
G1 X101.574 Y214.8 E2927.09314
G1 X103.198 Y215.2 E2927.16535
G1 X104.827 Y214.8 E2927.23776
G1 X105.633 Y213.6 E2927.30017
G1 X105.695 Y212.4 E2927.35205
G1 X105.107 Y211.2 E2927.40974
G1 X104.64 Y210.8 E2927.43628
G1 F1500 E2926.43628
G1 F300 Z7
G0 F9000 X103.585 Y215.6 Z7
G1 F300 Z6.8
G1 F1500 E2927.46289
G1 F1540.7 X102.795 Y215.6 E2927.48917
G1 F1500 E2926.48917
G1 F300 Z7
G0 F9000 X197.826 Y211.162 Z7
;TYPE:WALL-OUTER
G1 F300 Z6.8
G1 F1500 E2927.51577
G1 F1760.8 X197.479 Y210.997 E2927.54133
G1 X197.213 Y210.92 E2927.55975
G1 X196.939 Y210.882 E2927.57816
G1 X196.799 Y210.877 E2927.58747
G1 X196.491 Y210.9 E2927.60802
G1 X196.156 Y210.984 E2927.63099
G1 X195.807 Y211.143 E2927.6565
G1 X195.571 Y211.301 E2927.6754
G1 X195.345 Y211.509 E2927.69583
G1 X195.174 Y211.72 E2927.71389
G1 X194.983 Y212.056 E2927.7396
G1 X194.879 Y212.353 E2927.76054
G1 X194.819 Y212.688 E2927.78318
G1 X194.814 Y212.97 E2927.80194
G1 X194.854 Y213.276 E2927.82247
G1 X194.931 Y213.543 E2927.84095
G1 X195.095 Y213.888 E2927.86636
G1 X195.318 Y214.19 E2927.89133
G1 X195.519 Y214.386 E2927.91001
G1 X195.773 Y214.568 E2927.93079
G1 X196.12 Y214.733 E2927.95635
G1 X196.386 Y214.81 E2927.97477
G1 X196.662 Y214.848 E2927.99331
G1 X196.937 Y214.848 E2928.0116
G1 X197.279 Y214.794 E2928.03463
G1 X197.575 Y214.695 E2928.05539
G1 X197.883 Y214.531 E2928.07861
G1 X198.155 Y214.319 E2928.10155
G1 X198.344 Y214.116 E2928.12
G1 X198.539 Y213.827 E2928.14319
G1 X198.679 Y213.514 E2928.166
G1 X198.751 Y213.243 E2928.18465
G1 X198.786 Y212.936 E2928.2052
G1 X198.763 Y212.556 E2928.23053
G1 X198.691 Y212.254 E2928.25118
G1 X198.538 Y211.902 E2928.27671
G1 X198.301 Y211.562 E2928.30428
G1 X198.078 Y211.343 E2928.32507
G1 X197.826 Y211.162 E2928.34571
G0 F9000 X198.265 Y210.133
G1 F1760.8 X198.539 Y210.298 E2928.36699
G1 X198.76 Y210.464 E2928.38537
G1 X198.949 Y210.631 E2928.40215
G1 X199.136 Y210.828 E2928.42022
G1 X199.341 Y211.089 E2928.44229
G1 X199.491 Y211.326 E2928.46095
G1 X199.638 Y211.618 E2928.4827
G1 X199.734 Y211.865 E2928.50033
G1 X199.823 Y212.183 E2928.52229
G1 X199.868 Y212.433 E2928.53919
G1 X199.896 Y212.716 E2928.55811
G1 X199.896 Y213.021 E2928.5784
G1 X199.859 Y213.364 E2928.60134
G1 X199.805 Y213.629 E2928.61933
G1 X199.708 Y213.936 E2928.64075
G1 X199.61 Y214.175 E2928.65793
G1 X199.449 Y214.475 E2928.68058
G1 X199.337 Y214.647 E2928.69424
G1 X199.175 Y214.857 E2928.71188
G1 X198.992 Y215.056 E2928.72986
G1 X198.697 Y215.316 E2928.75602
G1 X198.389 Y215.526 E2928.78082
G1 X198.105 Y215.677 E2928.80221
G1 X197.866 Y215.776 E2928.81942
G1 X197.543 Y215.874 E2928.84188
G1 X197.216 Y215.936 E2928.86401
G1 X196.91 Y215.963 E2928.88445
G1 X196.623 Y215.96 E2928.90354
G1 X196.366 Y215.936 E2928.92071
G1 X196.091 Y215.883 E2928.93934
G1 X195.829 Y215.81 E2928.95743
G1 X195.593 Y215.721 E2928.97421
G1 X195.334 Y215.597 E2928.99331
G1 X195.056 Y215.429 E2929.01492
G1 X194.839 Y215.266 E2929.03297
G1 X194.648 Y215.097 E2929.04994
G1 X194.463 Y214.902 E2929.06782
G1 X194.257 Y214.639 E2929.09004
G1 X194.112 Y214.41 E2929.10807
G1 X193.961 Y214.112 E2929.13029
G1 X193.865 Y213.865 E2929.14792
G1 X193.776 Y213.547 E2929.16989
G1 X193.729 Y213.283 E2929.18773
G1 X193.703 Y213.014 E2929.2057
G1 X193.703 Y212.709 E2929.22599
G1 X193.74 Y212.363 E2929.24914
G1 X193.794 Y212.101 E2929.26693
G1 X193.891 Y211.794 E2929.28835
G1 X193.987 Y211.56 E2929.30518
G1 X194.15 Y211.255 E2929.32818
G1 X194.365 Y210.945 E2929.35328
G1 X194.607 Y210.674 E2929.37744
G1 X194.853 Y210.452 E2929.39949
G1 X195.068 Y210.293 E2929.41727
G1 X195.302 Y210.151 E2929.43548
G1 X195.596 Y210.008 E2929.45723
G1 X195.843 Y209.917 E2929.47474
G1 X196.169 Y209.83 E2929.49718
G1 X196.491 Y209.781 E2929.51885
G1 X196.856 Y209.766 E2929.54315
G1 X197.233 Y209.794 E2929.5683
G1 X197.508 Y209.847 E2929.58693
G1 X197.77 Y209.92 E2929.60502
G1 X198.006 Y210.009 E2929.6218
G1 X198.265 Y210.133 E2929.6409
G0 F9000 X196.803 Y210.4
;TYPE:SKIN
G1 F1540.7 X195.359 Y210.8 E2929.70562
G1 X194.601 Y211.6 E2929.75321
G1 X194.26 Y212.8 E2929.8071
G1 X194.528 Y214 E2929.8602
G1 X195.174 Y214.8 E2929.90461
G1 X196.798 Y215.2 E2929.97685
G1 X198.427 Y214.8 E2930.0493
G1 X199.232 Y213.6 E2930.11171
G1 X199.295 Y212.4 E2930.16361
G1 X198.707 Y211.2 E2930.22133
G1 X198.24 Y210.8 E2930.24789
G1 F1500 E2929.24789
G1 F300 Z7
G0 F9000 X197.185 Y215.6 Z7
G1 F300 Z6.8
G1 F1500 E2930.27449
G1 F1540.7 X196.395 Y215.6 E2930.30077
G1 F1500 E2929.30077
G1 F300 Z7
;MESH:NONMESH
G0 F9000 X198.301 Y91.548 Z7
;TIME_ELAPSED:6126.350047
;LAYER:34
;TYPE:WALL-OUTER
;MESH:Top of Case.STL
G1 F300 Z7
G1 F1500 E2930.32738
G1 F1683.6 X198.105 Y91.351 E2930.34586
G1 X197.824 Y91.147 E2930.36896
G1 X197.579 Y91.022 E2930.38726
G1 X197.213 Y90.905 E2930.41282
G1 X196.937 Y90.867 E2930.43135
G1 X196.799 Y90.863 E2930.44053
G1 X196.489 Y90.887 E2930.46122
G1 X196.154 Y90.969 E2930.48416
G1 X195.899 Y91.078 E2930.50261
G1 X195.661 Y91.221 E2930.52108
G1 X195.346 Y91.493 E2930.54876
G1 X195.172 Y91.708 E2930.56716
G1 X195.029 Y91.946 E2930.58563
G1 X194.92 Y92.203 E2930.6042
G1 X194.842 Y92.501 E2930.62469
G1 X194.812 Y92.885 E2930.65031
G1 X194.856 Y93.263 E2930.67563
G1 X194.931 Y93.529 E2930.69401
G1 X195.044 Y93.782 E2930.71244
G1 X195.274 Y94.124 E2930.73986
G1 X195.468 Y94.327 E2930.75854
G1 X195.687 Y94.497 E2930.77698
G1 X195.992 Y94.666 E2930.80017
G1 X196.251 Y94.761 E2930.81852
G1 X196.523 Y94.818 E2930.83701
G1 X196.799 Y94.838 E2930.85542
G1 X197.11 Y94.813 E2930.87617
G1 X197.445 Y94.731 E2930.89912
G1 X197.7 Y94.622 E2930.91756
G1 X197.939 Y94.478 E2930.93612
G1 X198.155 Y94.304 E2930.95457
G1 X198.344 Y94.101 E2930.97302
G1 X198.539 Y93.812 E2930.99622
G1 X198.679 Y93.499 E2931.01902
G1 X198.757 Y93.198 E2931.03971
G1 X198.787 Y92.815 E2931.06526
G1 X198.744 Y92.438 E2931.0905
G1 X198.629 Y92.073 E2931.11596
G1 X198.488 Y91.8 E2931.1364
G1 X198.301 Y91.548 E2931.15727
G0 F9000 X199.218 Y90.909
G1 F1683.6 X199.426 Y91.204 E2931.18129
G1 X199.608 Y91.539 E2931.20665
G1 X199.734 Y91.85 E2931.22897
G1 X199.818 Y92.142 E2931.24918
G1 X199.877 Y92.484 E2931.27227
G1 X199.899 Y92.809 E2931.29393
G1 X199.891 Y93.077 E2931.31177
G1 X199.851 Y93.397 E2931.33322
G1 X199.766 Y93.755 E2931.3577
G1 X199.677 Y94.005 E2931.37535
G1 X199.531 Y94.317 E2931.39826
G1 X199.334 Y94.635 E2931.42315
G1 X199.168 Y94.85 E2931.44122
G1 X198.994 Y95.039 E2931.45831
G1 X198.788 Y95.227 E2931.47686
G1 X198.497 Y95.444 E2931.501
G1 X198.198 Y95.616 E2931.52395
G1 X197.951 Y95.728 E2931.54199
G1 X197.536 Y95.86 E2931.57096
G1 X197.119 Y95.933 E2931.59912
G1 X196.796 Y95.95 E2931.62064
G1 X196.467 Y95.932 E2931.64255
G1 X196.197 Y95.891 E2931.66072
G1 X195.837 Y95.797 E2931.68547
G1 X195.595 Y95.707 E2931.70265
G1 X195.336 Y95.583 E2931.72175
G1 X195.1 Y95.443 E2931.74
G1 X194.85 Y95.26 E2931.76061
G1 X194.651 Y95.085 E2931.77824
G1 X194.453 Y94.876 E2931.79739
G1 X194.256 Y94.622 E2931.81877
G1 X194.11 Y94.391 E2931.83695
G1 X193.987 Y94.153 E2931.85477
G1 X193.865 Y93.85 E2931.8765
G1 X193.78 Y93.551 E2931.89718
G1 X193.722 Y93.216 E2931.91979
G1 X193.7 Y92.891 E2931.94146
G1 X193.708 Y92.62 E2931.9595
G1 X193.749 Y92.298 E2931.98109
G1 X193.833 Y91.945 E2932.00523
G1 X193.922 Y91.695 E2932.02288
G1 X194.068 Y91.383 E2932.04579
G1 X194.266 Y91.063 E2932.07082
G1 X194.431 Y90.85 E2932.08875
G1 X194.605 Y90.661 E2932.10584
G1 X194.808 Y90.475 E2932.12415
G1 X195.109 Y90.251 E2932.14911
G1 X195.389 Y90.09 E2932.17059
G1 X195.696 Y89.953 E2932.19296
G1 X196.009 Y89.853 E2932.21481
G1 X196.326 Y89.787 E2932.23635
G1 X196.54 Y89.761 E2932.25069
G1 X196.853 Y89.751 E2932.27153
G1 X197.132 Y89.768 E2932.29012
G1 X197.402 Y89.809 E2932.30829
G1 X197.762 Y89.903 E2932.33304
G1 X198.004 Y89.993 E2932.35021
G1 X198.263 Y90.117 E2932.36931
G1 X198.526 Y90.275 E2932.38972
G1 X198.784 Y90.469 E2932.41119
G1 X198.998 Y90.665 E2932.4305
G1 X199.218 Y90.909 E2932.45235
G0 F9000 X198.8 Y91.309
;TYPE:SKIN
G1 F1473.2 X199.2 Y92.852 E2932.51427
G1 X198.8 Y94.388 E2932.57592
G1 X197.6 Y95.258 E2932.63349
G1 X196.4 Y95.357 E2932.68025
G1 X195.2 Y94.815 E2932.7314
G1 X194.8 Y94.386 E2932.75418
G1 X194.4 Y92.851 E2932.81579
G1 X194.8 Y91.309 E2932.87767
G1 X196 Y90.438 E2932.93526
G1 X197.2 Y90.34 E2932.98203
G1 X198.4 Y90.885 E2933.03322
G1 F1500 E2932.03322
G1 F300 Z7.2
G0 F9000 X105.03 Y92.073 Z7.2
;TYPE:WALL-OUTER
G1 F300 Z7
G1 F1500 E2933.05983
G1 F1683.6 X104.889 Y91.8 E2933.08027
G1 X104.702 Y91.548 E2933.10114
G1 X104.506 Y91.351 E2933.11963
G1 X104.225 Y91.147 E2933.14273
G1 X103.88 Y90.982 E2933.16816
G1 X103.614 Y90.905 E2933.18659
G1 X103.338 Y90.867 E2933.20512
G1 X103.2 Y90.863 E2933.2143
G1 X102.89 Y90.887 E2933.23498
G1 X102.555 Y90.969 E2933.25793
G1 X102.3 Y91.078 E2933.27637
G1 X102.062 Y91.221 E2933.29484
G1 X101.747 Y91.493 E2933.32253
G1 X101.573 Y91.708 E2933.34093
G1 X101.43 Y91.946 E2933.3594
G1 X101.321 Y92.203 E2933.37797
G1 X101.243 Y92.503 E2933.39859
G1 X101.213 Y92.815 E2933.41944
G1 X101.231 Y93.126 E2933.44016
G1 X101.289 Y93.397 E2933.45859
G1 X101.384 Y93.659 E2933.47713
G1 X101.513 Y93.901 E2933.49537
G1 X101.675 Y94.124 E2933.51371
G1 X101.869 Y94.327 E2933.53239
G1 X102.088 Y94.497 E2933.55083
G1 X102.393 Y94.666 E2933.57403
G1 X102.652 Y94.761 E2933.59238
G1 X102.924 Y94.818 E2933.61086
G1 X103.2 Y94.838 E2933.62927
G1 X103.477 Y94.818 E2933.64774
G1 X103.778 Y94.752 E2933.66824
G1 X104.07 Y94.638 E2933.68909
G1 X104.365 Y94.461 E2933.71198
G1 X104.655 Y94.206 E2933.73767
G1 X104.828 Y93.992 E2933.75597
G1 X105.017 Y93.659 E2933.78144
G1 X105.129 Y93.332 E2933.80444
G1 X105.177 Y93.061 E2933.82274
G1 X105.181 Y92.676 E2933.84836
G1 X105.121 Y92.336 E2933.87132
G1 X105.03 Y92.073 E2933.88983
G0 F9000 X106.009 Y91.539
G1 F1683.6 X106.135 Y91.85 E2933.91216
G1 X106.219 Y92.142 E2933.93237
G1 X106.278 Y92.484 E2933.95545
G1 X106.3 Y92.809 E2933.97712
G1 X106.292 Y93.077 E2933.99496
G1 X106.252 Y93.397 E2934.01641
G1 X106.167 Y93.755 E2934.04089
G1 X106.078 Y94.005 E2934.05854
G1 X105.932 Y94.317 E2934.08145
G1 X105.735 Y94.635 E2934.10634
G1 X105.569 Y94.85 E2934.1244
G1 X105.395 Y95.039 E2934.14149
G1 X105.189 Y95.227 E2934.16005
G1 X104.898 Y95.444 E2934.18419
G1 X104.599 Y95.616 E2934.20714
G1 X104.352 Y95.728 E2934.22518
G1 X103.937 Y95.86 E2934.25415
G1 X103.52 Y95.933 E2934.28231
G1 X103.197 Y95.95 E2934.30382
G1 X102.868 Y95.932 E2934.32574
G1 X102.598 Y95.891 E2934.34391
G1 X102.238 Y95.797 E2934.36866
G1 X101.996 Y95.707 E2934.38583
G1 X101.737 Y95.583 E2934.40493
G1 X101.501 Y95.443 E2934.42319
G1 X101.251 Y95.26 E2934.4438
G1 X101.052 Y95.085 E2934.46143
G1 X100.854 Y94.876 E2934.48058
G1 X100.657 Y94.622 E2934.50196
G1 X100.511 Y94.391 E2934.52014
G1 X100.388 Y94.153 E2934.53796
G1 X100.266 Y93.85 E2934.55969
G1 X100.181 Y93.551 E2934.58036
G1 X100.123 Y93.216 E2934.60298
G1 X100.101 Y92.891 E2934.62465
G1 X100.109 Y92.62 E2934.64268
G1 X100.15 Y92.298 E2934.66428
G1 X100.234 Y91.945 E2934.68841
G1 X100.323 Y91.695 E2934.70607
G1 X100.469 Y91.383 E2934.72898
G1 X100.667 Y91.063 E2934.75401
G1 X100.832 Y90.85 E2934.77193
G1 X101.006 Y90.661 E2934.78902
G1 X101.209 Y90.475 E2934.80734
G1 X101.51 Y90.251 E2934.8323
G1 X101.79 Y90.09 E2934.85378
G1 X102.097 Y89.953 E2934.87614
G1 X102.41 Y89.853 E2934.898
G1 X102.727 Y89.787 E2934.91954
G1 X102.941 Y89.761 E2934.93388
G1 X103.254 Y89.751 E2934.95471
G1 X103.533 Y89.768 E2934.97331
G1 X103.803 Y89.809 E2934.99147
G1 X104.163 Y89.903 E2935.01622
G1 X104.405 Y89.993 E2935.0334
G1 X104.664 Y90.117 E2935.0525
G1 X104.927 Y90.275 E2935.07291
G1 X105.185 Y90.469 E2935.09438
G1 X105.399 Y90.665 E2935.11369
G1 X105.619 Y90.909 E2935.13554
G1 X105.827 Y91.204 E2935.15955
G1 X106.009 Y91.539 E2935.18491
G0 F9000 X105.599 Y92.852
;TYPE:SKIN
G1 F1473.2 X105.199 Y94.384 E2935.25398
G1 X103.999 Y95.256 E2935.31869
G1 X102.799 Y95.357 E2935.37122
G1 X101.599 Y94.814 E2935.42868
G1 X101.199 Y94.389 E2935.45414
G1 X100.799 Y92.85 E2935.52351
G1 X101.199 Y91.31 E2935.59292
G1 X102.399 Y90.438 E2935.65763
G1 X103.599 Y90.339 E2935.71015
G1 X104.799 Y90.884 E2935.76765
G1 X105.199 Y91.308 E2935.79308
G1 F1500 E2934.79308
G1 F300 Z7.2
G0 F9000 X104.479 Y211.343 Z7.2
;TYPE:WALL-OUTER
G1 F300 Z7
G1 F1500 E2935.81968
G1 F1683.6 X104.228 Y211.163 E2935.84023
G1 X103.88 Y210.997 E2935.86588
G1 X103.614 Y210.92 E2935.8843
G1 X103.34 Y210.882 E2935.9027
G1 X103.2 Y210.877 E2935.91202
G1 X102.89 Y210.902 E2935.93271
G1 X102.555 Y210.984 E2935.95565
G1 X102.208 Y211.143 E2935.98104
G1 X101.897 Y211.365 E2936.00646
G1 X101.699 Y211.562 E2936.02504
G1 X101.533 Y211.783 E2936.04342
G1 X101.384 Y212.056 E2936.06411
G1 X101.28 Y212.353 E2936.08504
G1 X101.224 Y212.655 E2936.10548
G1 X101.218 Y213.003 E2936.12863
G1 X101.257 Y213.278 E2936.1471
G1 X101.332 Y213.544 E2936.16549
G1 X101.46 Y213.827 E2936.18615
G1 X101.654 Y214.113 E2936.20914
G1 X101.868 Y214.34 E2936.22989
G1 X102.173 Y214.567 E2936.25518
G1 X102.521 Y214.733 E2936.28083
G1 X102.787 Y214.81 E2936.29925
G1 X103.063 Y214.848 E2936.31778
G1 X103.339 Y214.848 E2936.33614
G1 X103.68 Y214.795 E2936.3591
G1 X103.976 Y214.695 E2936.37988
G1 X104.284 Y214.531 E2936.40309
G1 X104.556 Y214.318 E2936.42608
G1 X104.745 Y214.116 E2936.44448
G1 X104.94 Y213.827 E2936.46767
G1 X105.056 Y213.578 E2936.48594
G1 X105.158 Y213.21 E2936.51134
G1 X105.188 Y212.83 E2936.5367
G1 X105.144 Y212.452 E2936.56201
G1 X105.069 Y212.186 E2936.5804
G1 X104.94 Y211.902 E2936.60115
G1 X104.702 Y211.562 E2936.62876
G1 X104.479 Y211.343 E2936.64955
G0 F9000 X105.619 Y210.924
G1 F1683.6 X105.827 Y211.219 E2936.67356
G1 X106.009 Y211.554 E2936.69892
G1 X106.135 Y211.865 E2936.72124
G1 X106.219 Y212.157 E2936.74145
G1 X106.278 Y212.499 E2936.76454
G1 X106.3 Y212.824 E2936.78621
G1 X106.292 Y213.092 E2936.80404
G1 X106.252 Y213.412 E2936.82549
G1 X106.167 Y213.77 E2936.84997
G1 X106.078 Y214.02 E2936.86762
G1 X105.932 Y214.332 E2936.89054
G1 X105.735 Y214.65 E2936.91542
G1 X105.569 Y214.865 E2936.93349
G1 X105.395 Y215.054 E2936.95058
G1 X105.189 Y215.242 E2936.96913
G1 X104.898 Y215.459 E2936.99328
G1 X104.599 Y215.631 E2937.01622
G1 X104.352 Y215.743 E2937.03426
G1 X103.937 Y215.875 E2937.06323
G1 X103.52 Y215.948 E2937.09139
G1 X103.197 Y215.965 E2937.11291
G1 X102.868 Y215.947 E2937.13483
G1 X102.598 Y215.906 E2937.15299
G1 X102.238 Y215.812 E2937.17774
G1 X101.996 Y215.722 E2937.19492
G1 X101.737 Y215.598 E2937.21402
G1 X101.501 Y215.458 E2937.23227
G1 X101.251 Y215.275 E2937.25288
G1 X101.052 Y215.1 E2937.27051
G1 X100.854 Y214.891 E2937.28966
G1 X100.657 Y214.637 E2937.31104
G1 X100.511 Y214.406 E2937.32922
G1 X100.388 Y214.168 E2937.34704
G1 X100.266 Y213.865 E2937.36877
G1 X100.181 Y213.566 E2937.38945
G1 X100.123 Y213.231 E2937.41206
G1 X100.101 Y212.906 E2937.43373
G1 X100.109 Y212.635 E2937.45177
G1 X100.15 Y212.313 E2937.47336
G1 X100.234 Y211.96 E2937.4975
G1 X100.323 Y211.71 E2937.51515
G1 X100.469 Y211.398 E2937.53806
G1 X100.667 Y211.078 E2937.5631
G1 X100.832 Y210.865 E2937.58102
G1 X101.006 Y210.676 E2937.59811
G1 X101.209 Y210.49 E2937.61642
G1 X101.51 Y210.266 E2937.64138
G1 X101.79 Y210.105 E2937.66287
G1 X102.097 Y209.968 E2937.68523
G1 X102.41 Y209.868 E2937.70709
G1 X102.727 Y209.802 E2937.72863
G1 X102.941 Y209.776 E2937.74297
G1 X103.254 Y209.766 E2937.7638
G1 X103.533 Y209.783 E2937.78239
G1 X103.803 Y209.824 E2937.80056
G1 X104.163 Y209.918 E2937.82531
G1 X104.405 Y210.008 E2937.84248
G1 X104.664 Y210.132 E2937.86158
G1 X104.927 Y210.29 E2937.88199
G1 X105.185 Y210.484 E2937.90347
G1 X105.399 Y210.68 E2937.92277
G1 X105.619 Y210.924 E2937.94462
G0 F9000 X105.199 Y211.324
;TYPE:SKIN
G1 F1473.2 X105.599 Y212.868 E2938.00651
G1 X105.199 Y214.405 E2938.06814
G1 X103.999 Y215.272 E2938.12558
G1 X102.799 Y215.374 E2938.17231
G1 X101.599 Y214.829 E2938.22345
G1 X101.199 Y214.404 E2938.2461
G1 X100.799 Y212.866 E2938.30776
G1 X101.199 Y211.326 E2938.3695
G1 X102.399 Y210.454 E2938.42706
G1 X103.599 Y210.355 E2938.47378
G1 X104.799 Y210.901 E2938.52493
G1 F1500 E2937.52493
G1 F300 Z7.2
G0 F9000 X197.827 Y211.163 Z7.2
;TYPE:WALL-OUTER
G1 F300 Z7
G1 F1500 E2938.55154
G1 F1683.6 X197.479 Y210.997 E2938.57719
G1 X197.213 Y210.92 E2938.59561
G1 X196.939 Y210.882 E2938.61401
G1 X196.799 Y210.877 E2938.62333
G1 X196.523 Y210.897 E2938.64174
G1 X196.222 Y210.963 E2938.66223
G1 X195.962 Y211.062 E2938.68074
G1 X195.634 Y211.255 E2938.70606
G1 X195.395 Y211.458 E2938.72692
G1 X195.193 Y211.694 E2938.74758
G1 X194.983 Y212.056 E2938.77542
G1 X194.879 Y212.35 E2938.79616
G1 X194.814 Y212.758 E2938.82365
G1 X194.831 Y213.142 E2938.84921
G1 X194.888 Y213.412 E2938.86757
G1 X194.984 Y213.675 E2938.88619
G1 X195.15 Y213.976 E2938.90906
G1 X195.346 Y214.222 E2938.92998
G1 X195.549 Y214.411 E2938.94843
G1 X195.772 Y214.567 E2938.96654
G1 X196.12 Y214.733 E2938.99218
G1 X196.386 Y214.81 E2939.01061
G1 X196.662 Y214.848 E2939.02914
G1 X196.938 Y214.848 E2939.0475
G1 X197.279 Y214.795 E2939.07045
G1 X197.575 Y214.695 E2939.09124
G1 X197.883 Y214.531 E2939.11445
G1 X198.155 Y214.318 E2939.13743
G1 X198.344 Y214.116 E2939.15583
G1 X198.539 Y213.827 E2939.17902
G1 X198.656 Y213.577 E2939.19738
G1 X198.751 Y213.245 E2939.22035
G1 X198.785 Y212.97 E2939.23879
G1 X198.78 Y212.695 E2939.25708
G1 X198.711 Y212.318 E2939.28258
G1 X198.615 Y212.054 E2939.30126
G1 X198.467 Y211.783 E2939.3218
G1 X198.301 Y211.562 E2939.34019
G1 X198.078 Y211.343 E2939.36098
G1 X197.827 Y211.163 E2939.38153
G0 F9000 X198.526 Y210.29
G1 F1683.6 X198.784 Y210.484 E2939.403
G1 X198.998 Y210.68 E2939.4223
G1 X199.218 Y210.924 E2939.44416
G1 X199.426 Y211.219 E2939.46817
G1 X199.608 Y211.554 E2939.49353
G1 X199.734 Y211.865 E2939.51585
G1 X199.818 Y212.157 E2939.53606
G1 X199.877 Y212.499 E2939.55915
G1 X199.899 Y212.824 E2939.58082
G1 X199.891 Y213.092 E2939.59865
G1 X199.851 Y213.412 E2939.62011
G1 X199.766 Y213.77 E2939.64458
G1 X199.677 Y214.02 E2939.66223
G1 X199.531 Y214.332 E2939.68515
G1 X199.334 Y214.65 E2939.71003
G1 X199.168 Y214.865 E2939.7281
G1 X198.994 Y215.054 E2939.74519
G1 X198.788 Y215.242 E2939.76374
G1 X198.497 Y215.459 E2939.78789
G1 X198.198 Y215.631 E2939.81083
G1 X197.951 Y215.743 E2939.82887
G1 X197.536 Y215.875 E2939.85784
G1 X197.119 Y215.948 E2939.886
G1 X196.796 Y215.965 E2939.90752
G1 X196.467 Y215.947 E2939.92944
G1 X196.197 Y215.906 E2939.9476
G1 X195.837 Y215.812 E2939.97235
G1 X195.595 Y215.722 E2939.98953
G1 X195.336 Y215.598 E2940.00863
G1 X195.1 Y215.458 E2940.02688
G1 X194.85 Y215.275 E2940.04749
G1 X194.651 Y215.1 E2940.06512
G1 X194.453 Y214.891 E2940.08427
G1 X194.256 Y214.637 E2940.10566
G1 X194.11 Y214.406 E2940.12383
G1 X193.987 Y214.168 E2940.14165
G1 X193.865 Y213.865 E2940.16338
G1 X193.78 Y213.566 E2940.18406
G1 X193.722 Y213.231 E2940.20668
G1 X193.7 Y212.906 E2940.22834
G1 X193.708 Y212.635 E2940.24638
G1 X193.749 Y212.313 E2940.26797
G1 X193.833 Y211.96 E2940.29211
G1 X193.922 Y211.71 E2940.30976
G1 X194.068 Y211.398 E2940.33268
G1 X194.266 Y211.078 E2940.35771
G1 X194.431 Y210.865 E2940.37563
G1 X194.605 Y210.676 E2940.39272
G1 X194.808 Y210.49 E2940.41103
G1 X195.109 Y210.266 E2940.43599
G1 X195.389 Y210.105 E2940.45748
G1 X195.696 Y209.968 E2940.47984
G1 X196.009 Y209.868 E2940.5017
G1 X196.326 Y209.802 E2940.52324
G1 X196.54 Y209.776 E2940.53758
G1 X196.853 Y209.766 E2940.55841
G1 X197.132 Y209.783 E2940.577
G1 X197.402 Y209.824 E2940.59517
G1 X197.762 Y209.918 E2940.61992
G1 X198.004 Y210.008 E2940.63709
G1 X198.263 Y210.132 E2940.6562
G1 X198.526 Y210.29 E2940.67661
G0 F9000 X198.399 Y210.901
;TYPE:SKIN
G1 F1473.2 X198.799 Y211.326 E2940.69902
G1 X199.199 Y212.867 E2940.76017
G1 X198.799 Y214.403 E2940.82114
G1 X197.599 Y215.27 E2940.878
G1 X196.399 Y215.373 E2940.92427
G1 X195.199 Y214.828 E2940.97489
G1 X194.799 Y214.401 E2940.99736
G1 X194.399 Y212.866 E2941.05829
G1 X194.799 Y211.329 E2941.11929
G1 X195.999 Y210.455 E2941.17631
G1 X197.199 Y210.355 E2941.22257
G1 X197.599 Y210.452 E2941.23838
G0 F9000 X197.999 Y210.376
G1 F1473.2 X197.999 Y210.873 E2941.25491
G1 F1500 E2940.25491
G1 F300 Z7.2
;MESH:NONMESH
G0 F9000 X198.323 Y91.573 Z7.2
;TIME_ELAPSED:6138.981606
;LAYER:35
;TYPE:WALL-OUTER
;MESH:Top of Case.STL
G1 F300 Z7.2
G1 F1500 E2941.28151
G1 F1760.3 X198.08 Y91.329 E2941.30442
G1 X197.824 Y91.145 E2941.32539
G1 X197.516 Y90.996 E2941.34815
G1 X197.25 Y90.913 E2941.36669
G1 X196.977 Y90.871 E2941.38506
G1 X196.869 Y90.863 E2941.39227
G1 X196.557 Y90.877 E2941.41304
G1 X196.221 Y90.948 E2941.43589
G1 X195.961 Y91.047 E2941.45439
G1 X195.688 Y91.202 E2941.47528
G1 X195.468 Y91.373 E2941.49381
G1 X195.255 Y91.599 E2941.51447
G1 X195.029 Y91.946 E2941.54202
G1 X194.92 Y92.203 E2941.56058
G1 X194.848 Y92.471 E2941.57904
G1 X194.814 Y92.745 E2941.59741
G1 X194.819 Y93.02 E2941.61571
G1 X194.888 Y93.399 E2941.64133
G1 X194.985 Y93.662 E2941.65998
G1 X195.132 Y93.932 E2941.68043
G1 X195.298 Y94.153 E2941.69882
G1 X195.519 Y94.371 E2941.71947
G1 X195.775 Y94.555 E2941.74044
G1 X196.083 Y94.704 E2941.7632
G1 X196.349 Y94.787 E2941.78173
G1 X196.622 Y94.829 E2941.80011
G1 X197.042 Y94.823 E2941.82805
G1 X197.378 Y94.752 E2941.85089
G1 X197.637 Y94.653 E2941.86934
G1 X197.911 Y94.498 E2941.89028
G1 X198.131 Y94.327 E2941.90881
G1 X198.345 Y94.101 E2941.92952
G1 X198.505 Y93.871 E2941.94815
G1 X198.629 Y93.627 E2941.96636
G1 X198.72 Y93.364 E2941.98487
G1 X198.785 Y92.955 E2942.01242
G1 X198.78 Y92.68 E2942.03072
G1 X198.72 Y92.335 E2942.05401
G1 X198.629 Y92.073 E2942.07246
G1 X198.503 Y91.826 E2942.09091
G1 X198.323 Y91.573 E2942.11156
G0 F9000 X199.136 Y90.813
G1 F1760.3 X199.337 Y91.069 E2942.13321
G1 X199.488 Y91.306 E2942.1519
G1 X199.614 Y91.55 E2942.17017
G1 X199.734 Y91.85 E2942.19166
G1 X199.818 Y92.142 E2942.21188
G1 X199.877 Y92.483 E2942.2349
G1 X199.899 Y92.807 E2942.2565
G1 X199.891 Y93.075 E2942.27433
G1 X199.85 Y93.398 E2942.29599
G1 X199.768 Y93.745 E2942.31971
G1 X199.678 Y94.002 E2942.33782
G1 X199.532 Y94.314 E2942.36074
G1 X199.336 Y94.634 E2942.3857
G1 X199.17 Y94.848 E2942.40372
G1 X198.996 Y95.037 E2942.42081
G1 X198.79 Y95.225 E2942.43936
G1 X198.536 Y95.419 E2942.46062
G1 X198.26 Y95.584 E2942.48201
G1 X198.001 Y95.708 E2942.50111
G1 X197.599 Y95.845 E2942.52936
G1 X197.295 Y95.91 E2942.55004
G1 X196.961 Y95.945 E2942.57238
G1 X196.637 Y95.945 E2942.59393
G1 X196.377 Y95.921 E2942.6113
G1 X196.096 Y95.869 E2942.63031
G1 X195.838 Y95.797 E2942.64813
G1 X195.598 Y95.708 E2942.66516
G1 X195.339 Y95.584 E2942.68426
G1 X195.103 Y95.444 E2942.70251
G1 X194.856 Y95.265 E2942.7228
G1 X194.652 Y95.086 E2942.74086
G1 X194.455 Y94.878 E2942.75991
G1 X194.262 Y94.631 E2942.78077
G1 X194.111 Y94.394 E2942.79946
G1 X193.987 Y94.155 E2942.81737
G1 X193.865 Y93.85 E2942.83922
G1 X193.78 Y93.551 E2942.8599
G1 X193.722 Y93.217 E2942.88245
G1 X193.7 Y92.893 E2942.90405
G1 X193.708 Y92.622 E2942.92209
G1 X193.749 Y92.3 E2942.94368
G1 X193.831 Y91.955 E2942.96727
G1 X193.921 Y91.698 E2942.98538
G1 X194.067 Y91.386 E2943.00829
G1 X194.263 Y91.066 E2943.03326
G1 X194.429 Y90.852 E2943.05127
G1 X194.603 Y90.663 E2943.06836
G1 X194.815 Y90.469 E2943.08748
G1 X195.063 Y90.281 E2943.10818
G1 X195.303 Y90.136 E2943.12683
G1 X195.631 Y89.979 E2943.15102
G1 X195.882 Y89.889 E2943.16876
G1 X196.155 Y89.817 E2943.18754
G1 X196.48 Y89.767 E2943.20941
G1 X196.8 Y89.75 E2943.23073
G1 X197.13 Y89.768 E2943.25271
G1 X197.4 Y89.809 E2943.27088
G1 X197.761 Y89.903 E2943.29569
G1 X198.001 Y89.992 E2943.31272
G1 X198.26 Y90.116 E2943.33182
G1 X198.536 Y90.281 E2943.35321
G1 X198.757 Y90.447 E2943.3716
G1 X198.945 Y90.612 E2943.38824
G1 X199.136 Y90.813 E2943.40668
G0 F9000 X198.72 Y91.2
;TYPE:SKIN
G1 F1540.3 X198.267 Y90.8 E2943.43
G1 X196.803 Y90.4 E2943.48854
G1 X195.333 Y90.8 E2943.54731
G1 X194.595 Y91.6 E2943.58929
G1 X194.26 Y92.8 E2943.63735
G1 X194.536 Y94 E2943.68485
G1 X195.193 Y94.8 E2943.72479
G1 X196.798 Y95.2 E2943.78859
G1 X198.406 Y94.8 E2943.85251
G1 X199.225 Y93.6 E2943.90856
G1 X199.297 Y92.4 E2943.95493
G1 X199.009 Y91.6 E2943.98773
G1 F1500 E2942.98773
G1 F300 Z7.4
G0 F9000 X197.025 Y95.6 Z7.4
G1 F300 Z7.2
G1 F1500 E2944.01434
G1 F1540.3 X196.553 Y95.6 E2944.03004
G1 F1500 E2943.03004
G1 F300 Z7.4
G0 F9000 X105.03 Y92.073 Z7.4
;TYPE:WALL-OUTER
G1 F300 Z7.2
G1 F1500 E2944.05664
G1 F1760.3 X104.904 Y91.826 E2944.07509
G1 X104.724 Y91.573 E2944.09574
G1 X104.481 Y91.329 E2944.11865
G1 X104.225 Y91.145 E2944.13962
G1 X103.917 Y90.996 E2944.16238
G1 X103.651 Y90.913 E2944.18092
G1 X103.378 Y90.871 E2944.19929
G1 X103.27 Y90.863 E2944.2065
G1 X102.958 Y90.877 E2944.22727
G1 X102.622 Y90.948 E2944.25011
G1 X102.362 Y91.047 E2944.26862
G1 X102.089 Y91.202 E2944.2895
G1 X101.869 Y91.373 E2944.30804
G1 X101.656 Y91.599 E2944.3287
G1 X101.43 Y91.946 E2944.35624
G1 X101.321 Y92.203 E2944.37481
G1 X101.249 Y92.471 E2944.39327
G1 X101.215 Y92.745 E2944.41164
G1 X101.22 Y93.02 E2944.42994
G1 X101.289 Y93.399 E2944.45556
G1 X101.386 Y93.662 E2944.47421
G1 X101.533 Y93.932 E2944.49466
G1 X101.699 Y94.153 E2944.51304
G1 X101.92 Y94.371 E2944.53369
G1 X102.176 Y94.555 E2944.55467
G1 X102.484 Y94.704 E2944.57743
G1 X102.75 Y94.787 E2944.59596
G1 X103.023 Y94.829 E2944.61434
G1 X103.443 Y94.823 E2944.64228
G1 X103.779 Y94.752 E2944.66512
G1 X104.039 Y94.653 E2944.68363
G1 X104.312 Y94.498 E2944.70451
G1 X104.532 Y94.327 E2944.72305
G1 X104.746 Y94.101 E2944.74375
G1 X104.906 Y93.871 E2944.76239
G1 X105.03 Y93.627 E2944.78059
G1 X105.129 Y93.332 E2944.80129
G1 X105.177 Y93.06 E2944.81967
G1 X105.181 Y92.68 E2944.84495
G1 X105.121 Y92.335 E2944.86824
G1 X105.03 Y92.073 E2944.88669
G0 F9000 X106.015 Y91.55
G1 F1760.3 X106.135 Y91.85 E2944.90818
G1 X106.219 Y92.142 E2944.92839
G1 X106.278 Y92.483 E2944.95141
G1 X106.3 Y92.807 E2944.97302
G1 X106.292 Y93.075 E2944.99085
G1 X106.251 Y93.398 E2945.01251
G1 X106.169 Y93.745 E2945.03623
G1 X106.079 Y94.002 E2945.05434
G1 X105.933 Y94.314 E2945.07726
G1 X105.737 Y94.634 E2945.10222
G1 X105.571 Y94.848 E2945.12023
G1 X105.397 Y95.037 E2945.13732
G1 X105.191 Y95.225 E2945.15588
G1 X104.937 Y95.419 E2945.17714
G1 X104.661 Y95.584 E2945.19853
G1 X104.402 Y95.708 E2945.21763
G1 X104 Y95.845 E2945.24588
G1 X103.696 Y95.91 E2945.26656
G1 X103.362 Y95.945 E2945.2889
G1 X103.038 Y95.945 E2945.31045
G1 X102.778 Y95.921 E2945.32782
G1 X102.497 Y95.869 E2945.34683
G1 X102.239 Y95.797 E2945.36465
G1 X101.999 Y95.708 E2945.38167
G1 X101.74 Y95.584 E2945.40078
G1 X101.504 Y95.444 E2945.41903
G1 X101.257 Y95.265 E2945.43932
G1 X101.053 Y95.086 E2945.45737
G1 X100.856 Y94.878 E2945.47643
G1 X100.663 Y94.631 E2945.49728
G1 X100.512 Y94.394 E2945.51598
G1 X100.388 Y94.155 E2945.53389
G1 X100.266 Y93.85 E2945.55574
G1 X100.181 Y93.551 E2945.57642
G1 X100.123 Y93.217 E2945.59897
G1 X100.101 Y92.893 E2945.62057
G1 X100.109 Y92.622 E2945.6386
G1 X100.15 Y92.3 E2945.6602
G1 X100.232 Y91.955 E2945.68378
G1 X100.322 Y91.698 E2945.7019
G1 X100.468 Y91.386 E2945.72481
G1 X100.664 Y91.066 E2945.74977
G1 X100.83 Y90.852 E2945.76779
G1 X101.004 Y90.663 E2945.78488
G1 X101.216 Y90.469 E2945.80399
G1 X101.464 Y90.281 E2945.8247
G1 X101.704 Y90.136 E2945.84335
G1 X102.032 Y89.979 E2945.86754
G1 X102.283 Y89.889 E2945.88528
G1 X102.556 Y89.817 E2945.90406
G1 X102.881 Y89.767 E2945.92593
G1 X103.201 Y89.75 E2945.94725
G1 X103.531 Y89.768 E2945.96923
G1 X103.801 Y89.809 E2945.9874
G1 X104.162 Y89.903 E2946.01221
G1 X104.402 Y89.992 E2946.02924
G1 X104.661 Y90.116 E2946.04834
G1 X104.937 Y90.281 E2946.06973
G1 X105.158 Y90.447 E2946.08812
G1 X105.346 Y90.612 E2946.10476
G1 X105.537 Y90.813 E2946.1232
G1 X105.738 Y91.069 E2946.14485
G1 X105.889 Y91.306 E2946.16354
G1 X106.015 Y91.55 E2946.18181
G0 F9000 X105.409 Y91.6
;TYPE:SKIN
G1 F1540.3 X105.594 Y92 E2946.19852
G1 X105.715 Y93.2 E2946.24425
G1 X105.206 Y94.4 E2946.29366
G1 X104.808 Y94.8 E2946.31506
G1 X103.199 Y95.2 E2946.37792
G1 X101.593 Y94.8 E2946.44066
G1 X100.774 Y93.6 E2946.49575
G1 X100.698 Y92.4 E2946.54133
G1 X101.277 Y91.2 E2946.59185
G1 X101.735 Y90.8 E2946.6149
G1 X103.204 Y90.4 E2946.67262
G1 X104.666 Y90.8 E2946.73009
G1 X105.12 Y91.2 E2946.75303
G1 F1500 E2945.75303
G1 F300 Z7.4
G0 F9000 X103.436 Y95.6 Z7.4
G1 F300 Z7.2
G1 F1500 E2946.77963
G1 F1540.3 X102.943 Y95.6 E2946.79603
G1 F1500 E2945.79603
G1 F300 Z7.4
G0 F9000 X104.48 Y211.343 Z7.4
;TYPE:WALL-OUTER
G1 F300 Z7.2
G1 F1500 E2946.82264
G1 F1760.3 X104.227 Y211.162 E2946.84333
G1 X103.978 Y211.036 E2946.8619
G1 X103.614 Y210.92 E2946.88731
G1 X103.34 Y210.882 E2946.90571
G1 X103.2 Y210.877 E2946.91503
G1 X102.891 Y210.901 E2946.93565
G1 X102.588 Y210.974 E2946.95638
G1 X102.33 Y211.078 E2946.97488
G1 X102.065 Y211.234 E2946.99534
G1 X101.796 Y211.458 E2947.01862
G1 X101.595 Y211.693 E2947.03919
G1 X101.384 Y212.055 E2947.06707
G1 X101.28 Y212.352 E2947.088
G1 X101.224 Y212.655 E2947.1085
G1 X101.218 Y213.003 E2947.13165
G1 X101.257 Y213.278 E2947.15012
G1 X101.344 Y213.577 E2947.17084
G1 X101.462 Y213.828 E2947.18929
G1 X101.698 Y214.167 E2947.21677
G1 X101.92 Y214.386 E2947.23751
G1 X102.174 Y214.567 E2947.25826
G1 X102.52 Y214.733 E2947.28378
G1 X102.787 Y214.81 E2947.30227
G1 X103.063 Y214.848 E2947.3208
G1 X103.339 Y214.848 E2947.33916
G1 X103.65 Y214.802 E2947.36007
G1 X103.945 Y214.708 E2947.38067
G1 X104.196 Y214.586 E2947.39923
G1 X104.452 Y214.41 E2947.4199
G1 X104.655 Y214.221 E2947.43835
G1 X104.827 Y214.008 E2947.45656
G1 X105.017 Y213.675 E2947.48206
G1 X105.129 Y213.348 E2947.50506
G1 X105.177 Y213.075 E2947.5235
G1 X105.181 Y212.695 E2947.54878
G1 X105.121 Y212.35 E2947.57207
G1 X105.017 Y212.056 E2947.59281
G1 X104.868 Y211.783 E2947.6135
G1 X104.702 Y211.562 E2947.63189
G1 X104.48 Y211.343 E2947.65263
G0 F9000 X104.937 Y210.296
G1 F1760.3 X105.158 Y210.462 E2947.67102
G1 X105.346 Y210.627 E2947.68766
G1 X105.537 Y210.828 E2947.7061
G1 X105.738 Y211.084 E2947.72775
G1 X105.889 Y211.321 E2947.74645
G1 X106.015 Y211.565 E2947.76471
G1 X106.135 Y211.865 E2947.78621
G1 X106.219 Y212.157 E2947.80642
G1 X106.278 Y212.498 E2947.82944
G1 X106.3 Y212.822 E2947.85104
G1 X106.292 Y213.09 E2947.86888
G1 X106.251 Y213.413 E2947.89054
G1 X106.169 Y213.76 E2947.91425
G1 X106.079 Y214.017 E2947.93237
G1 X105.933 Y214.329 E2947.95528
G1 X105.737 Y214.649 E2947.98024
G1 X105.571 Y214.863 E2947.99826
G1 X105.397 Y215.052 E2948.01535
G1 X105.191 Y215.24 E2948.0339
G1 X104.937 Y215.434 E2948.05516
G1 X104.661 Y215.599 E2948.07655
G1 X104.402 Y215.723 E2948.09565
G1 X104 Y215.86 E2948.1239
G1 X103.696 Y215.925 E2948.14458
G1 X103.362 Y215.96 E2948.16692
G1 X103.038 Y215.96 E2948.18848
G1 X102.778 Y215.936 E2948.20584
G1 X102.497 Y215.884 E2948.22485
G1 X102.239 Y215.812 E2948.24267
G1 X101.999 Y215.723 E2948.2597
G1 X101.74 Y215.599 E2948.2788
G1 X101.504 Y215.459 E2948.29705
G1 X101.257 Y215.28 E2948.31735
G1 X101.053 Y215.101 E2948.3354
G1 X100.856 Y214.893 E2948.35446
G1 X100.663 Y214.646 E2948.37531
G1 X100.512 Y214.409 E2948.394
G1 X100.386 Y214.165 E2948.41227
G1 X100.266 Y213.865 E2948.43376
G1 X100.181 Y213.566 E2948.45444
G1 X100.123 Y213.232 E2948.47699
G1 X100.101 Y212.908 E2948.49859
G1 X100.109 Y212.637 E2948.51663
G1 X100.15 Y212.315 E2948.53822
G1 X100.232 Y211.97 E2948.56181
G1 X100.322 Y211.713 E2948.57992
G1 X100.468 Y211.401 E2948.60284
G1 X100.664 Y211.081 E2948.6278
G1 X100.83 Y210.867 E2948.64581
G1 X101.004 Y210.678 E2948.6629
G1 X101.216 Y210.484 E2948.68202
G1 X101.464 Y210.296 E2948.70272
G1 X101.704 Y210.151 E2948.72137
G1 X102.032 Y209.994 E2948.74556
G1 X102.283 Y209.904 E2948.7633
G1 X102.556 Y209.832 E2948.78208
G1 X102.881 Y209.782 E2948.80395
G1 X103.201 Y209.765 E2948.82527
G1 X103.531 Y209.783 E2948.84725
G1 X103.801 Y209.824 E2948.86542
G1 X104.162 Y209.918 E2948.89023
G1 X104.402 Y210.007 E2948.90726
G1 X104.661 Y210.131 E2948.92636
G1 X104.937 Y210.296 E2948.94775
G0 F9000 X103.202 Y210.4
;TYPE:SKIN
G1 F1540.3 X101.753 Y210.8 E2949.01258
G1 X101.001 Y211.6 E2949.05993
G1 X100.662 Y212.8 E2949.11371
G1 X100.926 Y214 E2949.1667
G1 X101.574 Y214.8 E2949.2111
G1 X103.198 Y215.2 E2949.28323
G1 X104.824 Y214.8 E2949.35544
G1 X105.628 Y213.6 E2949.41774
G1 X105.694 Y212.4 E2949.46957
G1 X105.106 Y211.2 E2949.5272
G1 X104.643 Y210.8 E2949.55358
G1 F1500 E2948.55358
G1 F300 Z7.4
G0 F9000 X103.576 Y215.6 Z7.4
G1 F300 Z7.2
G1 F1500 E2949.58019
G1 F1540.3 X102.804 Y215.6 E2949.60587
G1 F1500 E2948.60587
G1 F300 Z7.4
G0 F9000 X197.577 Y211.036 Z7.4
;TYPE:WALL-OUTER
G1 F300 Z7.2
G1 F1500 E2949.63248
G1 F1760.3 X197.213 Y210.92 E2949.65789
G1 X196.939 Y210.882 E2949.67629
G1 X196.799 Y210.877 E2949.68561
G1 X196.49 Y210.901 E2949.70623
G1 X196.187 Y210.974 E2949.72696
G1 X195.929 Y211.078 E2949.74546
G1 X195.664 Y211.234 E2949.76592
G1 X195.395 Y211.458 E2949.7892
G1 X195.194 Y211.693 E2949.80977
G1 X194.983 Y212.055 E2949.83765
G1 X194.879 Y212.352 E2949.85858
G1 X194.823 Y212.655 E2949.87908
G1 X194.817 Y213.003 E2949.90223
G1 X194.856 Y213.278 E2949.9207
G1 X194.943 Y213.577 E2949.94142
G1 X195.061 Y213.828 E2949.95987
G1 X195.297 Y214.167 E2949.98735
G1 X195.519 Y214.386 E2950.00809
G1 X195.773 Y214.567 E2950.02884
G1 X196.119 Y214.733 E2950.05436
G1 X196.386 Y214.81 E2950.07285
G1 X196.662 Y214.848 E2950.09138
G1 X196.938 Y214.848 E2950.10974
G1 X197.249 Y214.802 E2950.13065
G1 X197.544 Y214.708 E2950.15125
G1 X197.795 Y214.586 E2950.16981
G1 X198.051 Y214.41 E2950.19048
G1 X198.254 Y214.221 E2950.20893
G1 X198.426 Y214.008 E2950.22714
G1 X198.616 Y213.675 E2950.25264
G1 X198.72 Y213.379 E2950.27351
G1 X198.772 Y213.108 E2950.29187
G1 X198.787 Y212.83 E2950.31039
G1 X198.743 Y212.452 E2950.3357
G1 X198.656 Y212.153 E2950.35642
G1 X198.538 Y211.902 E2950.37487
G1 X198.301 Y211.562 E2950.40244
G1 X198.079 Y211.343 E2950.42318
G1 X197.826 Y211.162 E2950.44387
G1 X197.577 Y211.036 E2950.46244
G0 F9000 X198.536 Y210.296
G1 F1760.3 X198.757 Y210.462 E2950.48082
G1 X198.945 Y210.627 E2950.49746
G1 X199.136 Y210.828 E2950.51591
G1 X199.337 Y211.084 E2950.53756
G1 X199.488 Y211.321 E2950.55625
G1 X199.614 Y211.565 E2950.57452
G1 X199.734 Y211.865 E2950.59601
G1 X199.818 Y212.157 E2950.61622
G1 X199.877 Y212.498 E2950.63925
G1 X199.899 Y212.822 E2950.66085
G1 X199.891 Y213.09 E2950.67868
G1 X199.85 Y213.413 E2950.70034
G1 X199.768 Y213.76 E2950.72406
G1 X199.678 Y214.017 E2950.74217
G1 X199.532 Y214.329 E2950.76509
G1 X199.336 Y214.649 E2950.79005
G1 X199.17 Y214.863 E2950.80807
G1 X198.996 Y215.052 E2950.82515
G1 X198.79 Y215.24 E2950.84371
G1 X198.536 Y215.434 E2950.86497
G1 X198.26 Y215.599 E2950.88636
G1 X198.001 Y215.723 E2950.90546
G1 X197.599 Y215.86 E2950.93371
G1 X197.295 Y215.925 E2950.95439
G1 X196.961 Y215.96 E2950.97673
G1 X196.637 Y215.96 E2950.99828
G1 X196.377 Y215.936 E2951.01565
G1 X196.096 Y215.884 E2951.03466
G1 X195.838 Y215.812 E2951.05248
G1 X195.598 Y215.723 E2951.06951
G1 X195.339 Y215.599 E2951.08861
G1 X195.103 Y215.459 E2951.10686
G1 X194.856 Y215.28 E2951.12715
G1 X194.652 Y215.101 E2951.1452
G1 X194.455 Y214.893 E2951.16426
G1 X194.262 Y214.646 E2951.18511
G1 X194.111 Y214.409 E2951.20381
G1 X193.985 Y214.165 E2951.22207
G1 X193.865 Y213.865 E2951.24357
G1 X193.78 Y213.566 E2951.26425
G1 X193.722 Y213.232 E2951.2868
G1 X193.7 Y212.908 E2951.3084
G1 X193.708 Y212.637 E2951.32643
G1 X193.749 Y212.315 E2951.34802
G1 X193.831 Y211.97 E2951.37161
G1 X193.921 Y211.713 E2951.38973
G1 X194.067 Y211.401 E2951.41264
G1 X194.263 Y211.081 E2951.4376
G1 X194.429 Y210.867 E2951.45562
G1 X194.603 Y210.678 E2951.47271
G1 X194.815 Y210.484 E2951.49182
G1 X195.063 Y210.296 E2951.51253
G1 X195.303 Y210.151 E2951.53118
G1 X195.631 Y209.994 E2951.55537
G1 X195.882 Y209.904 E2951.5731
G1 X196.155 Y209.832 E2951.59189
G1 X196.48 Y209.782 E2951.61376
G1 X196.8 Y209.765 E2951.63508
G1 X197.13 Y209.783 E2951.65706
G1 X197.4 Y209.824 E2951.67523
G1 X197.761 Y209.918 E2951.70004
G1 X198.001 Y210.007 E2951.71707
G1 X198.26 Y210.131 E2951.73617
G1 X198.536 Y210.296 E2951.75756
G0 F9000 X196.802 Y210.4
;TYPE:SKIN
G1 F1540.3 X195.353 Y210.8 E2951.82237
G1 X194.601 Y211.6 E2951.8697
G1 X194.262 Y212.8 E2951.92346
G1 X194.526 Y214 E2951.97643
G1 X195.174 Y214.8 E2952.02081
G1 X196.798 Y215.2 E2952.09292
G1 X198.424 Y214.8 E2952.16511
G1 X199.229 Y213.6 E2952.2274
G1 X199.298 Y212.4 E2952.27922
G1 X198.707 Y211.2 E2952.33689
G1 X198.243 Y210.8 E2952.3633
G1 F1500 E2951.3633
G1 F300 Z7.4
G0 F9000 X197.176 Y215.6 Z7.4
G1 F300 Z7.2
G1 F1500 E2952.38991
G1 F1540.3 X196.404 Y215.6 E2952.41558
;TIME_ELAPSED:6151.698069
G1 F1500 E2951.41558
M140 S0
M107
G91; relative positioning
 G1 Z1.0 F3000 ; move z up little to prevent scratching of print G1 X0 Y200 F1000 ; prepare for part removal
 M104 S0; turn off extruder
 M140 S0 ; turn off bed
 M84 ; disable motors
 M106 S0 ; turn off fan
M82 ;absolute extrusion mode
M104 S0
;End of Gcode
;SETTING_3 {"global_quality": "[general]\\nversion = 4\\nname = polylite 0.8\\nd
;SETTING_3 efinition = artillery_sidewinder_x1\\n\\n[metadata]\\ntype = quality_
;SETTING_3 changes\\nquality_type = standard\\nsetting_version = 19\\n\\n[values
;SETTING_3 ]\\nadhesion_type = skirt\\nadhesion_z_offset = -0.08\\narcwelder_g90
;SETTING_3 _influences_extruder = True\\nmaterial_bed_temperature = 60\\nretract
;SETTING_3 ion_combing = infill\\nsupport_enable = True\\n\\n", "extruder_qualit
;SETTING_3 y": ["[general]\\nversion = 4\\nname = polylite 0.8\\ndefinition = ar
;SETTING_3 tillery_sidewinder_x1\\n\\n[metadata]\\ntype = quality_changes\\nqual
;SETTING_3 ity_type = standard\\nintent_category = default\\nposition = 0\\nsett
;SETTING_3 ing_version = 19\\n\\n[values]\\nbrim_width = 3\\ncool_fan_full_at_he
;SETTING_3 ight = 0\\nfilter_out_tiny_gaps = True\\ninfill_pattern = lines\\ninf
;SETTING_3 ill_sparse_density = 15\\nline_width = 0.8\\nmaterial_initial_print_t
;SETTING_3 emperature = 200\\nmaterial_print_temperature = 200\\nmaterial_print_
;SETTING_3 temperature_layer_0 = 200\\nretraction_amount = 1\\nretraction_extra_
;SETTING_3 prime_amount = 0.064\\nskin_angles = [180, 90 ]\\nspeed_layer_0 = 20\
;SETTING_3 \nspeed_print = 50\\nspeed_topbottom = 35\\nspeed_wall = 40\\nsupport
;SETTING_3 _angle = 70\\nsupport_xy_distance = 1\\nwall_line_count = 4\\nz_seam_
;SETTING_3 corner = z_seam_corner_outer\\nz_seam_position = frontright\\n\\n"]}
