;FLAVOR:Marlin
;TIME:6226
;Filament used: 11.3975m
;Layer height: 0.2
;MINX:84.356
;MINY:56.987
;MINZ:0.2
;MAXX:215.645
;MAXY:243.013
;MAXZ:7.2
;ZOFFSETPROCESSED
;Generated with Cura_SteamEngine 4.13.1
M140 S60
M105
M190 S60
M104 S200
M105
M109 S200
M82 ;absolute extrusion mode
G28 ; home all axes
 M117 Purge extruder
 G92 E0 ; reset extruder
 G1 Z1.0 F3000 ; move z up little to prevent scratching of surface
 G1 X2 Y20 Z0.3 F5000.0 ; move to start-line position
 G1 X2 Y200.0 Z0.3 F1500.0 E15 ; draw 1st line
 G1 X2 Y200.0 Z0.4 F5000.0 ; move to side a little
 G1 X2 Y20 Z0.4 F1500.0 E30 ; draw 2nd line
 G92 E0 ; reset extruder
 G1 Z1.0 F3000 ; move z up little to prevent scratching of surface
G92 E0
G92 E0
G1 F1500 E-1
;LAYER_COUNT:36
;LAYER:0
M106 S255
G0 F6000 X87.342 Y63.559 Z0.11 ;adjusted by z offset
G92 Z0.2 ;consider this the original z before offset
;TYPE:SKIRT
G1 F1500 E0.02661
G1 F1200 X88.152 Y62.536 E0.11341
G1 X88.433 Y62.216 E0.14174
G1 X89.152 Y61.461 E0.21109
G1 X89.213 Y61.402 E0.21673
G1 X89.981 Y60.717 E0.28519
G1 X90.212 Y60.527 E0.30509
G1 X90.788 Y60.08 E0.35359
G1 X90.974 Y59.944 E0.36891
G1 X91.814 Y59.38 E0.43622
G1 X92.527 Y58.972 E0.49086
G1 X92.802 Y58.826 E0.51157
G1 X93.281 Y58.584 E0.54727
G1 X93.58 Y58.441 E0.56932
G1 X94.708 Y57.966 E0.65074
G1 X94.801 Y57.932 E0.65732
G1 X95.828 Y57.605 E0.72902
G1 X96.026 Y57.551 E0.74267
G1 X96.645 Y57.399 E0.78507
G1 X96.836 Y57.357 E0.79808
G1 X97.937 Y57.165 E0.87242
G1 X98.299 Y57.118 E0.89671
G1 X99.492 Y57.019 E0.97634
G1 X100.167 Y56.995 E1.02127
G1 X100.622 Y56.987 E1.05154
G1 X199.417 Y56.989 E7.62341
G1 X199.986 Y56.997 E7.66126
G1 X200.377 Y57.009 E7.68728
G1 X200.601 Y57.019 E7.7022
G1 X201.647 Y57.109 E7.77204
G1 X202.071 Y57.163 E7.80047
G1 X203.395 Y57.403 E7.88998
G1 X203.539 Y57.437 E7.89982
G1 X204.315 Y57.646 E7.95328
G1 X204.572 Y57.724 E7.97114
G1 X205.528 Y58.056 E8.03846
G1 X206.164 Y58.325 E8.0844
G1 X206.594 Y58.521 E8.11583
G1 X207.735 Y59.112 E8.20131
G1 X207.795 Y59.147 E8.20593
G1 X208.585 Y59.647 E8.26812
G1 X208.932 Y59.885 E8.29611
G1 X210.096 Y60.787 E8.39407
G1 X210.374 Y61.029 E8.41859
G1 X211.457 Y62.09 E8.51944
G1 X211.63 Y62.281 E8.53658
G1 X212.426 Y63.252 E8.6201
G1 X212.615 Y63.507 E8.64122
G1 X213.185 Y64.343 E8.70852
G1 X213.507 Y64.888 E8.75063
G1 X213.741 Y65.307 E8.78256
G1 X214.274 Y66.375 E8.86196
G1 X214.312 Y66.461 E8.86821
G1 X214.779 Y67.684 E8.95529
G1 X214.924 Y68.131 E8.98655
G1 X215.272 Y69.433 E9.0762
G1 X215.32 Y69.66 E9.09164
G1 X215.512 Y70.839 E9.1711
G1 X215.538 Y71.064 E9.18616
G1 X215.588 Y71.592 E9.22144
G1 X215.595 Y71.687 E9.22778
G1 X215.623 Y72.218 E9.26315
G1 X215.635 Y72.592 E9.28804
G1 X215.643 Y73.042 E9.31798
G1 X215.645 Y226.552 E19.52951
G1 X215.636 Y227.29 E19.5786
G1 X215.606 Y227.998 E19.62574
G1 X215.566 Y228.57 E19.66389
G1 X215.375 Y230.052 E19.76328
G1 X215.331 Y230.285 E19.77906
G1 X215.102 Y231.278 E19.84685
G1 X214.867 Y232.052 E19.90065
G1 X214.721 Y232.484 E19.93099
G1 X214.36 Y233.429 E19.99828
G1 X214.15 Y233.893 E20.03216
G1 X214.038 Y234.128 E20.04948
G1 X213.522 Y235.1 E20.12268
G1 X213.414 Y235.284 E20.13687
G1 X212.605 Y236.498 E20.23392
G1 X212.323 Y236.873 E20.26513
G1 X211.684 Y237.657 E20.33241
G1 X211.073 Y238.301 E20.39146
G1 X210.879 Y238.492 E20.40957
G1 X210.505 Y238.846 E20.44382
G1 X210.265 Y239.064 E20.46539
G1 X209.138 Y239.977 E20.56187
G1 X208.988 Y240.085 E20.57417
G1 X207.811 Y240.838 E20.66712
G1 X207.415 Y241.062 E20.69738
G1 X206.155 Y241.686 E20.79091
G1 X205.938 Y241.779 E20.80662
G1 X204.861 Y242.184 E20.88316
G1 X204.64 Y242.256 E20.89862
G1 X203.733 Y242.515 E20.96136
G1 X203.481 Y242.577 E20.97863
G1 X202.555 Y242.769 E21.04153
G1 X202.407 Y242.794 E21.05152
G1 X201.361 Y242.927 E21.12166
G1 X200.997 Y242.958 E21.14596
G1 X200.076 Y243.003 E21.2073
G1 X199.213 Y243.013 E21.26471
G1 X196.006 Y243.012 E21.47804
G1 X195.301 Y243.002 E21.52494
G1 X194.936 Y242.991 E21.54923
G1 X193.66 Y242.936 E21.63419
G1 X193.018 Y242.901 E21.67696
G1 X190.574 Y242.834 E21.8396
G1 X188.158 Y242.838 E22.00031
G1 X184.261 Y242.98 E22.25971
G1 X183.863 Y242.998 E22.28621
G1 X183.509 Y243.008 E22.30977
G1 X183.148 Y243.013 E22.33379
G1 X160.033 Y243.012 E23.8714
G1 X159.328 Y243.002 E23.9183
G1 X158.608 Y242.971 E23.96624
G1 X157.895 Y242.921 E24.01379
G1 X155.305 Y242.775 E24.18635
G1 X152.839 Y242.705 E24.35045
G1 X150.38 Y242.705 E24.51403
G1 X147.901 Y242.775 E24.679
G1 X145.435 Y242.916 E24.8433
G1 X145.007 Y242.949 E24.87186
G1 X144.497 Y242.981 E24.90585
G1 X144.092 Y242.999 E24.93282
G1 X143.772 Y243.008 E24.95411
G1 X143.412 Y243.013 E24.97806
G1 X100.587 Y243.011 E27.82679
G1 X100 Y243.003 E27.86585
G1 X99.589 Y242.991 E27.8932
G1 X99.283 Y242.977 E27.91357
G1 X98.11 Y242.869 E27.99193
G1 X97.872 Y242.836 E28.00791
G1 X96.864 Y242.655 E28.07604
G1 X96.611 Y242.599 E28.09328
G1 X95.208 Y242.203 E28.19025
G1 X94.999 Y242.131 E28.20496
G1 X94.376 Y241.898 E28.2492
G1 X94.106 Y241.789 E28.26857
G1 X93.156 Y241.36 E28.33791
G1 X92.897 Y241.23 E28.35719
G1 X91.72 Y240.559 E28.44731
G1 X91.499 Y240.417 E28.46478
G1 X90.451 Y239.666 E28.55055
G1 X90.241 Y239.499 E28.5684
G1 X89.367 Y238.737 E28.64553
G1 X89.122 Y238.503 E28.66807
G1 X88.179 Y237.5 E28.75964
G1 X87.985 Y237.27 E28.77966
G1 X87.173 Y236.198 E28.86912
G1 X87.009 Y235.956 E28.88856
G1 X86.491 Y235.126 E28.95364
G1 X86.407 Y234.979 E28.96491
G1 X85.842 Y233.866 E29.04794
G1 X85.668 Y233.478 E29.07622
G1 X85.144 Y232.104 E29.17404
G1 X85.068 Y231.864 E29.19079
G1 X84.792 Y230.848 E29.26082
G1 X84.737 Y230.607 E29.27727
G1 X84.554 Y229.631 E29.34332
G1 X84.52 Y229.401 E29.35879
G1 X84.427 Y228.599 E29.41249
G1 X84.414 Y228.444 E29.42284
G1 X84.375 Y227.753 E29.46888
G1 X84.363 Y227.348 E29.49583
G1 X84.357 Y226.969 E29.52105
G1 X84.356 Y73.229 E39.74787
G1 X84.364 Y72.668 E39.7852
G1 X84.396 Y71.939 E39.83374
G1 X84.432 Y71.435 E39.86735
G1 X84.626 Y69.948 E39.9671
G1 X84.676 Y69.686 E39.98484
G1 X84.965 Y68.488 E40.06682
G1 X85.03 Y68.266 E40.08221
G1 X85.405 Y67.17 E40.15926
G1 X85.552 Y66.797 E40.18593
G1 X86.156 Y65.486 E40.28195
G1 X86.267 Y65.277 E40.29769
G1 X86.84 Y64.305 E40.37275
G1 X86.996 Y64.065 E40.39179
G1 X87.342 Y63.559 E40.43257
G0 F6000 X87.994 Y64.023
G1 F1200 X88.753 Y63.064 E40.51392
G1 X89.034 Y62.744 E40.54225
G1 X89.708 Y62.036 E40.60728
G1 X89.769 Y61.977 E40.61292
G1 X90.489 Y61.335 E40.67709
G1 X90.72 Y61.145 E40.69699
G1 X91.26 Y60.726 E40.74245
G1 X91.446 Y60.59 E40.75778
G1 X92.26 Y60.045 E40.82294
G1 X92.902 Y59.678 E40.87213
G1 X93.177 Y59.532 E40.89285
G1 X93.627 Y59.305 E40.92637
G1 X93.926 Y59.162 E40.94842
G1 X94.983 Y58.718 E41.02468
G1 X95.076 Y58.684 E41.03127
G1 X96.039 Y58.377 E41.09851
G1 X96.237 Y58.323 E41.11216
G1 X96.817 Y58.18 E41.1519
G1 X97.008 Y58.138 E41.1649
G1 X98.04 Y57.958 E41.23459
G1 X98.402 Y57.911 E41.25887
G1 X99.521 Y57.819 E41.33356
G1 X100.196 Y57.795 E41.37849
G1 X100.622 Y57.787 E41.40683
G1 X199.406 Y57.789 E47.97797
G1 X199.975 Y57.797 E48.01582
G1 X200.341 Y57.808 E48.04018
G1 X200.565 Y57.818 E48.0551
G1 X201.546 Y57.902 E48.12059
G1 X201.97 Y57.956 E48.14902
G1 X203.212 Y58.181 E48.23299
G1 X203.356 Y58.215 E48.24283
G1 X204.083 Y58.411 E48.29292
G1 X204.34 Y58.489 E48.31078
G1 X205.265 Y58.812 E48.37596
G1 X205.832 Y59.053 E48.41694
G1 X206.262 Y59.249 E48.44837
G1 X207.331 Y59.803 E48.52847
G1 X207.391 Y59.838 E48.53309
G1 X208.132 Y60.307 E48.59142
G1 X208.479 Y60.545 E48.61941
G1 X209.571 Y61.39 E48.71126
G1 X209.849 Y61.632 E48.73578
G1 X210.864 Y62.627 E48.83033
G1 X211.037 Y62.818 E48.84747
G1 X211.784 Y63.729 E48.92584
G1 X211.973 Y63.984 E48.94695
G1 X212.523 Y64.794 E49.01208
G1 X212.809 Y65.278 E49.04948
G1 X213.043 Y65.697 E49.0814
G1 X213.542 Y66.698 E49.1558
G1 X213.58 Y66.784 E49.16206
G1 X214.018 Y67.931 E49.24373
G1 X214.163 Y68.378 E49.27499
G1 X214.489 Y69.598 E49.35899
G1 X214.537 Y69.825 E49.37443
G1 X214.718 Y70.93 E49.44891
G1 X214.744 Y71.155 E49.46398
G1 X214.791 Y71.651 E49.49712
G1 X214.798 Y71.746 E49.50345
G1 X214.824 Y72.243 E49.53656
G1 X214.836 Y72.617 E49.56145
G1 X214.843 Y73.05 E49.59026
G1 X214.845 Y226.552 E59.80125
G1 X214.836 Y227.279 E59.84962
G1 X214.808 Y227.942 E59.89376
G1 X214.768 Y228.514 E59.9319
G1 X214.589 Y229.904 E60.02513
G1 X214.545 Y230.137 E60.0409
G1 X214.33 Y231.067 E60.1044
G1 X214.109 Y231.796 E60.15507
G1 X213.963 Y232.228 E60.1854
G1 X213.428 Y233.549 E60.28021
G1 X213.316 Y233.784 E60.29753
G1 X212.832 Y234.695 E60.36615
G1 X212.724 Y234.879 E60.38034
G1 X211.966 Y236.017 E60.4713
G1 X211.684 Y236.392 E60.50251
G1 X211.064 Y237.151 E60.5677
G1 X210.512 Y237.731 E60.62096
G1 X210.318 Y237.922 E60.63907
G1 X209.967 Y238.254 E60.67121
G1 X209.727 Y238.472 E60.69278
G1 X208.671 Y239.327 E60.78316
G1 X208.521 Y239.435 E60.79546
G1 X207.417 Y240.142 E60.88266
G1 X207.021 Y240.366 E60.91293
G1 X205.84 Y240.951 E61.0006
G1 X205.623 Y241.044 E61.0163
G1 X204.613 Y241.424 E61.08809
G1 X204.392 Y241.496 E61.10355
G1 X203.542 Y241.739 E61.16236
G1 X203.29 Y241.801 E61.17962
G1 X202.422 Y241.98 E61.23857
G1 X202.274 Y242.005 E61.24856
G1 X201.293 Y242.13 E61.31434
G1 X200.929 Y242.161 E61.33864
G1 X200.066 Y242.203 E61.39612
G1 X199.213 Y242.213 E61.45286
G1 X196.018 Y242.212 E61.6654
G1 X195.313 Y242.202 E61.7123
G1 X194.971 Y242.192 E61.73506
G1 X193.703 Y242.137 E61.81948
G1 X193.082 Y242.103 E61.86085
G1 X190.56 Y242.034 E62.02868
G1 X188.128 Y242.038 E62.19046
G1 X184.214 Y242.182 E62.451
G1 X183.841 Y242.198 E62.47583
G1 X183.487 Y242.208 E62.49939
G1 X183.148 Y242.213 E62.52194
G1 X160.045 Y242.212 E64.05876
G1 X159.34 Y242.202 E64.10566
G1 X158.664 Y242.173 E64.15067
G1 X157.925 Y242.121 E64.19995
G1 X155.336 Y241.975 E64.37244
G1 X152.862 Y241.905 E64.53708
G1 X150.357 Y241.905 E64.70371
G1 X147.902 Y241.974 E64.86709
G1 X145.329 Y242.121 E65.03852
G1 X144.733 Y242.166 E65.07828
G1 X144.449 Y242.183 E65.09721
G1 X144.069 Y242.199 E65.12251
G1 X143.749 Y242.208 E65.1438
G1 X143.412 Y242.213 E65.16622
G1 X100.597 Y242.211 E68.01429
G1 X100.01 Y242.203 E68.05334
G1 X99.626 Y242.191 E68.07889
G1 X99.32 Y242.177 E68.09927
G1 X98.22 Y242.076 E68.17275
G1 X97.982 Y242.043 E68.18873
G1 X97.037 Y241.873 E68.2526
G1 X96.784 Y241.817 E68.26984
G1 X95.468 Y241.447 E68.36078
G1 X95.259 Y241.375 E68.37548
G1 X94.676 Y241.156 E68.41691
G1 X94.406 Y241.047 E68.43628
G1 X93.515 Y240.645 E68.5013
G1 X93.256 Y240.515 E68.52058
G1 X92.152 Y239.886 E68.6051
G1 X91.931 Y239.744 E68.62257
G1 X90.949 Y239.04 E68.70295
G1 X90.739 Y238.873 E68.7208
G1 X89.92 Y238.159 E68.79307
G1 X89.675 Y237.925 E68.81561
G1 X88.79 Y236.984 E68.90154
G1 X88.596 Y236.754 E68.92155
G1 X87.835 Y235.749 E69.00541
G1 X87.671 Y235.507 E69.02486
G1 X87.186 Y234.729 E69.08584
G1 X87.102 Y234.582 E69.0971
G1 X86.572 Y233.538 E69.17499
G1 X86.398 Y233.15 E69.20327
G1 X85.907 Y231.863 E69.2949
G1 X85.831 Y231.623 E69.31165
G1 X85.572 Y230.67 E69.37734
G1 X85.517 Y230.429 E69.39379
G1 X85.345 Y229.514 E69.45572
G1 X85.311 Y229.284 E69.47119
G1 X85.224 Y228.532 E69.52154
G1 X85.211 Y228.377 E69.53189
G1 X85.174 Y227.729 E69.57506
G1 X85.162 Y227.324 E69.60202
G1 X85.157 Y226.969 E69.62563
G1 X85.156 Y73.241 E79.85166
G1 X85.164 Y72.68 E79.88898
G1 X85.193 Y71.996 E79.93452
G1 X85.229 Y71.492 E79.96814
G1 X85.412 Y70.098 E80.06166
G1 X85.462 Y69.836 E80.0794
G1 X85.732 Y68.713 E80.15623
G1 X85.797 Y68.491 E80.17162
G1 X86.15 Y67.463 E80.24392
G1 X86.297 Y67.09 E80.27059
G1 X86.863 Y65.861 E80.3606
G1 X86.974 Y65.652 E80.37634
G1 X87.511 Y64.741 E80.44669
G1 X87.667 Y64.501 E80.46573
G1 X87.994 Y64.023 E80.50425
G0 F6000 X88.646 Y64.487
G1 F1200 X89.354 Y63.592 E80.58016
G1 X89.635 Y63.272 E80.60849
G1 X90.264 Y62.612 E80.66914
G1 X90.325 Y62.553 E80.67479
G1 X90.997 Y61.953 E80.73471
G1 X91.228 Y61.763 E80.75461
G1 X91.732 Y61.372 E80.79704
G1 X91.918 Y61.236 E80.81237
G1 X92.705 Y60.71 E80.87534
G1 X93.277 Y60.385 E80.9191
G1 X93.552 Y60.239 E80.93981
G1 X93.972 Y60.027 E80.97111
G1 X94.271 Y59.884 E80.99315
G1 X95.257 Y59.469 E81.06432
G1 X95.35 Y59.435 E81.0709
G1 X96.249 Y59.149 E81.13366
G1 X96.447 Y59.095 E81.14731
G1 X96.989 Y58.961 E81.18445
G1 X97.18 Y58.919 E81.19746
G1 X98.143 Y58.751 E81.26248
G1 X98.505 Y58.704 E81.28677
G1 X99.549 Y58.618 E81.35645
G1 X100.224 Y58.594 E81.40138
G1 X100.622 Y58.587 E81.42786
G1 X199.394 Y58.589 E87.9982
G1 X199.963 Y58.597 E88.03605
G1 X200.306 Y58.607 E88.05888
G1 X200.53 Y58.617 E88.07379
G1 X201.445 Y58.696 E88.13489
G1 X201.869 Y58.75 E88.16332
G1 X203.028 Y58.96 E88.24167
G1 X203.172 Y58.994 E88.25151
G1 X203.851 Y59.177 E88.29829
G1 X204.108 Y59.255 E88.31616
G1 X205.001 Y59.568 E88.3791
G1 X205.5 Y59.781 E88.41519
G1 X205.93 Y59.977 E88.44663
G1 X206.928 Y60.494 E88.5214
G1 X206.988 Y60.529 E88.52602
G1 X207.68 Y60.967 E88.58049
G1 X208.027 Y61.205 E88.60849
G1 X209.046 Y61.993 E88.69417
G1 X209.324 Y62.235 E88.71869
G1 X210.271 Y63.164 E88.80694
G1 X210.444 Y63.355 E88.82408
G1 X211.141 Y64.205 E88.8972
G1 X211.33 Y64.46 E88.91831
G1 X211.861 Y65.243 E88.98125
G1 X212.11 Y65.668 E89.01401
G1 X212.344 Y66.087 E89.04594
G1 X212.81 Y67.021 E89.11537
G1 X212.848 Y67.107 E89.12162
G1 X213.258 Y68.178 E89.19791
G1 X213.403 Y68.625 E89.22917
G1 X213.707 Y69.764 E89.30759
G1 X213.755 Y69.991 E89.32302
G1 X213.923 Y71.022 E89.39251
G1 X213.949 Y71.247 E89.40758
G1 X213.993 Y71.71 E89.43851
G1 X214 Y71.805 E89.44485
G1 X214.024 Y72.269 E89.47576
G1 X214.036 Y72.643 E89.50065
G1 X214.043 Y73.059 E89.52832
G1 X214.045 Y226.552 E99.73872
G1 X214.036 Y227.267 E99.78629
G1 X214.01 Y227.886 E99.8275
G1 X213.97 Y228.458 E99.86564
G1 X213.802 Y229.755 E99.95264
G1 X213.758 Y229.988 E99.96841
G1 X213.558 Y230.857 E100.02773
G1 X213.351 Y231.54 E100.0752
G1 X213.205 Y231.972 E100.10554
G1 X212.705 Y233.205 E100.19404
G1 X212.593 Y233.44 E100.21136
G1 X212.142 Y234.29 E100.27537
G1 X212.034 Y234.474 E100.28956
G1 X211.326 Y235.536 E100.37446
G1 X211.044 Y235.911 E100.40568
G1 X210.444 Y236.643 E100.46864
G1 X209.951 Y237.161 E100.5162
G1 X209.757 Y237.352 E100.53431
G1 X209.429 Y237.661 E100.56429
G1 X209.189 Y237.879 E100.58586
G1 X208.203 Y238.678 E100.67028
G1 X208.053 Y238.786 E100.68257
G1 X207.023 Y239.445 E100.76391
G1 X206.627 Y239.669 E100.79418
G1 X205.525 Y240.215 E100.87599
G1 X205.308 Y240.308 E100.89169
G1 X204.365 Y240.663 E100.95872
G1 X204.144 Y240.735 E100.97418
G1 X203.351 Y240.962 E101.02905
G1 X203.099 Y241.024 E101.04631
G1 X202.288 Y241.192 E101.10141
G1 X202.14 Y241.217 E101.11139
G1 X201.225 Y241.333 E101.17274
G1 X200.861 Y241.364 E101.19704
G1 X200.055 Y241.403 E101.25072
G1 X199.213 Y241.413 E101.30674
G1 X196.029 Y241.412 E101.51854
G1 X195.324 Y241.402 E101.56544
G1 X195.005 Y241.393 E101.58667
G1 X193.747 Y241.338 E101.67043
G1 X193.111 Y241.303 E101.7128
G1 X190.58 Y241.234 E101.88123
G1 X188.126 Y241.238 E102.04447
G1 X184.208 Y241.38 E102.30526
G1 X183.818 Y241.399 E102.33124
G1 X183.464 Y241.409 E102.35479
G1 X183.148 Y241.413 E102.37582
G1 X160.056 Y241.412 E103.9119
G1 X159.351 Y241.402 E103.9588
G1 X158.721 Y241.375 E104.00075
G1 X157.959 Y241.321 E104.05157
G1 X155.405 Y241.177 E104.22173
G1 X152.848 Y241.105 E104.39189
G1 X150.371 Y241.105 E104.55666
G1 X147.833 Y241.177 E104.72556
G1 X145.271 Y241.323 E104.89626
G1 X144.685 Y241.367 E104.93535
G1 X144.401 Y241.384 E104.95427
G1 X144.047 Y241.4 E104.97785
G1 X143.727 Y241.409 E104.99914
G1 X143.412 Y241.413 E105.0201
G1 X100.608 Y241.411 E107.86743
G1 X100.021 Y241.403 E107.90648
G1 X99.662 Y241.392 E107.93037
G1 X99.356 Y241.378 E107.95075
G1 X98.33 Y241.284 E108.01928
G1 X98.092 Y241.251 E108.03527
G1 X97.21 Y241.092 E108.09488
G1 X96.957 Y241.036 E108.11212
G1 X95.729 Y240.69 E108.19699
G1 X95.52 Y240.618 E108.21169
G1 X94.975 Y240.415 E108.25038
G1 X94.705 Y240.306 E108.26975
G1 X93.874 Y239.93 E108.33042
G1 X93.615 Y239.8 E108.3497
G1 X92.585 Y239.213 E108.42856
G1 X92.364 Y239.071 E108.44604
G1 X91.447 Y238.414 E108.52108
G1 X91.237 Y238.247 E108.53892
G1 X90.472 Y237.58 E108.60644
G1 X90.227 Y237.346 E108.62897
G1 X89.402 Y236.468 E108.70912
G1 X89.208 Y236.238 E108.72913
G1 X88.497 Y235.3 E108.80743
G1 X88.333 Y235.058 E108.82687
G1 X87.881 Y234.332 E108.88376
G1 X87.797 Y234.185 E108.89502
G1 X87.302 Y233.211 E108.9677
G1 X87.128 Y232.823 E108.99599
G1 X86.67 Y231.621 E109.08155
G1 X86.594 Y231.381 E109.0983
G1 X86.352 Y230.492 E109.15959
G1 X86.297 Y230.251 E109.17603
G1 X86.136 Y229.397 E109.23384
G1 X86.102 Y229.167 E109.24931
G1 X86.021 Y228.465 E109.29631
G1 X86.008 Y228.31 E109.30666
G1 X85.974 Y227.706 E109.3469
G1 X85.962 Y227.301 E109.37386
G1 X85.957 Y226.969 E109.39594
G1 X85.956 Y73.252 E119.62124
G1 X85.964 Y72.691 E119.65856
G1 X85.991 Y72.053 E119.70104
G1 X86.027 Y71.549 E119.73465
G1 X86.198 Y70.247 E119.822
G1 X86.248 Y69.985 E119.83975
G1 X86.5 Y68.938 E119.91138
G1 X86.565 Y68.716 E119.92677
G1 X86.894 Y67.756 E119.99427
G1 X87.041 Y67.383 E120.02094
G1 X87.569 Y66.237 E120.10488
G1 X87.68 Y66.028 E120.12062
G1 X88.181 Y65.177 E120.18631
G1 X88.337 Y64.937 E120.20535
G1 X88.646 Y64.487 E120.24166
G0 F6000 X89.297 Y64.951
G1 F1200 X89.955 Y64.12 E120.31217
G1 X90.236 Y63.8 E120.3405
G1 X90.821 Y63.187 E120.39687
G1 X90.882 Y63.128 E120.40251
G1 X91.506 Y62.571 E120.45815
G1 X91.737 Y62.381 E120.47805
G1 X92.205 Y62.018 E120.51745
G1 X92.391 Y61.882 E120.53277
G1 X93.15 Y61.376 E120.59345
G1 X93.652 Y61.091 E120.63185
G1 X93.927 Y60.945 E120.65257
G1 X94.317 Y60.749 E120.6816
G1 X94.616 Y60.606 E120.70365
G1 X95.532 Y60.22 E120.76977
G1 X95.625 Y60.186 E120.77636
G1 X96.46 Y59.92 E120.83465
G1 X96.658 Y59.866 E120.8483
G1 X97.16 Y59.743 E120.88268
G1 X97.351 Y59.701 E120.89569
G1 X98.246 Y59.545 E120.95613
G1 X98.608 Y59.498 E120.98041
G1 X99.577 Y59.418 E121.04509
G1 X100.252 Y59.394 E121.09002
G1 X100.622 Y59.387 E121.11463
G1 X199.383 Y59.389 E127.68424
G1 X199.952 Y59.397 E127.72209
G1 X200.27 Y59.406 E127.74326
G1 X200.494 Y59.416 E127.75817
G1 X201.344 Y59.489 E127.81492
G1 X201.768 Y59.543 E127.84335
G1 X202.844 Y59.738 E127.9161
G1 X202.988 Y59.772 E127.92594
G1 X203.618 Y59.942 E127.96934
G1 X203.875 Y60.02 E127.98721
G1 X204.736 Y60.323 E128.04793
G1 X205.168 Y60.509 E128.07921
G1 X205.598 Y60.705 E128.11065
G1 X206.525 Y61.185 E128.18009
G1 X206.585 Y61.22 E128.18471
G1 X207.227 Y61.626 E128.23524
G1 X207.574 Y61.864 E128.26323
G1 X208.52 Y62.597 E128.34284
G1 X208.798 Y62.839 E128.36736
G1 X209.678 Y63.701 E128.4493
G1 X209.851 Y63.892 E128.46644
G1 X210.498 Y64.681 E128.53432
G1 X210.687 Y64.936 E128.55543
G1 X211.412 Y66.058 E128.64429
G1 X211.646 Y66.477 E128.67622
G1 X212.079 Y67.345 E128.74074
G1 X212.117 Y67.431 E128.74699
G1 X212.497 Y68.425 E128.81778
G1 X212.642 Y68.872 E128.84904
G1 X212.924 Y69.929 E128.92181
G1 X212.972 Y70.156 E128.93725
G1 X213.128 Y71.114 E129.00181
G1 X213.154 Y71.339 E129.01688
G1 X213.195 Y71.769 E129.04561
G1 X213.202 Y71.864 E129.05195
G1 X213.225 Y72.294 E129.08059
G1 X213.237 Y72.668 E129.10549
G1 X213.244 Y73.183 E129.13975
G1 X213.244 Y226.702 E139.35187
G1 X213.236 Y227.255 E139.38866
G1 X213.212 Y227.831 E139.42701
G1 X213.172 Y228.403 E139.46515
G1 X213.016 Y229.607 E139.54591
G1 X212.972 Y229.84 E139.56169
G1 X212.787 Y230.646 E139.6167
G1 X212.594 Y231.284 E139.66104
G1 X212.448 Y231.716 E139.69137
G1 X211.983 Y232.86 E139.77351
G1 X211.871 Y233.095 E139.79083
G1 X211.452 Y233.885 E139.85032
G1 X211.344 Y234.069 E139.86451
G1 X210.687 Y235.056 E139.94338
G1 X210.405 Y235.431 E139.97459
G1 X209.826 Y236.135 E140.03523
G1 X209.389 Y236.591 E140.07724
G1 X209.195 Y236.782 E140.09535
G1 X208.892 Y237.069 E140.12311
G1 X208.652 Y237.287 E140.14468
G1 X207.736 Y238.029 E140.22309
G1 X207.586 Y238.137 E140.23539
G1 X206.629 Y238.749 E140.31095
G1 X206.233 Y238.973 E140.34122
G1 X205.21 Y239.48 E140.41717
G1 X204.993 Y239.573 E140.43287
G1 X204.118 Y239.902 E140.49505
G1 X203.897 Y239.974 E140.51052
G1 X203.16 Y240.185 E140.56151
G1 X202.908 Y240.247 E140.57877
G1 X202.155 Y240.403 E140.62993
G1 X202.007 Y240.428 E140.63991
G1 X201.158 Y240.535 E140.69683
G1 X200.794 Y240.566 E140.72114
G1 X200.045 Y240.603 E140.77102
G1 X199.213 Y240.613 E140.82637
G1 X196.04 Y240.612 E141.03744
G1 X195.335 Y240.602 E141.08434
G1 X195.039 Y240.594 E141.10404
G1 X193.916 Y240.546 E141.17881
G1 X193.141 Y240.503 E141.23044
G1 X190.601 Y240.434 E141.39946
G1 X188.096 Y240.438 E141.5661
G1 X184.22 Y240.579 E141.8241
G1 X183.796 Y240.599 E141.85234
G1 X183.442 Y240.609 E141.87589
G1 X183.148 Y240.613 E141.89545
G1 X160.067 Y240.612 E143.43081
G1 X159.362 Y240.602 E143.47771
G1 X158.777 Y240.577 E143.51666
G1 X158.058 Y240.526 E143.56461
G1 X155.4 Y240.377 E143.74169
G1 X152.871 Y240.305 E143.90999
G1 X150.348 Y240.305 E144.07782
G1 X147.801 Y240.377 E144.24732
G1 X145.259 Y240.522 E144.41669
G1 X144.821 Y240.556 E144.44591
G1 X144.353 Y240.585 E144.4771
G1 X144.024 Y240.6 E144.49901
G1 X143.704 Y240.609 E144.52031
G1 X143.412 Y240.613 E144.53973
G1 X100.619 Y240.611 E147.38633
G1 X100.032 Y240.603 E147.42538
G1 X99.699 Y240.593 E147.44755
G1 X99.393 Y240.579 E147.46792
G1 X98.44 Y240.491 E147.53159
G1 X98.202 Y240.458 E147.54757
G1 X97.382 Y240.311 E147.60298
G1 X97.129 Y240.255 E147.62022
G1 X95.99 Y239.934 E147.69894
G1 X95.781 Y239.862 E147.71364
G1 X95.275 Y239.673 E147.74957
G1 X95.005 Y239.564 E147.76894
G1 X94.233 Y239.215 E147.8253
G1 X93.974 Y239.085 E147.84458
G1 X93.017 Y238.54 E147.91784
G1 X92.796 Y238.398 E147.93531
G1 X91.945 Y237.788 E148.00496
G1 X91.735 Y237.621 E148.02281
G1 X91.025 Y237.002 E148.08547
G1 X90.78 Y236.768 E148.108
G1 X90.013 Y235.952 E148.1825
G1 X89.819 Y235.722 E148.20251
G1 X89.16 Y234.851 E148.27517
G1 X88.996 Y234.609 E148.29461
G1 X88.575 Y233.935 E148.34748
G1 X88.491 Y233.788 E148.35874
G1 X88.032 Y232.884 E148.42618
G1 X87.858 Y232.496 E148.45447
G1 X87.432 Y231.38 E148.53393
G1 X87.356 Y231.14 E148.55068
G1 X87.132 Y230.314 E148.60761
G1 X87.077 Y230.073 E148.62405
G1 X86.928 Y229.28 E148.67772
G1 X86.894 Y229.05 E148.69319
G1 X86.818 Y228.398 E148.73685
G1 X86.805 Y228.243 E148.7472
G1 X86.774 Y227.682 E148.78458
G1 X86.762 Y227.277 E148.81153
G1 X86.757 Y226.969 E148.83202
G1 X86.756 Y73.264 E159.05652
G1 X86.764 Y72.703 E159.09384
G1 X86.789 Y72.11 E159.13332
G1 X86.825 Y71.606 E159.16693
G1 X86.983 Y70.397 E159.24804
G1 X87.033 Y70.135 E159.26578
G1 X87.268 Y69.163 E159.3323
G1 X87.333 Y68.941 E159.34769
G1 X87.638 Y68.05 E159.41034
G1 X87.785 Y67.677 E159.437
G1 X88.276 Y66.612 E159.51502
G1 X88.387 Y66.403 E159.53076
G1 X88.852 Y65.613 E159.59174
G1 X89.008 Y65.373 E159.61078
G1 X89.297 Y64.951 E159.6448
G1 F1500 E158.6448
;MESH:Top of Case V2.STL
G0 F6000 X197.23 Y211.814
G0 X198.652 Y209.544
;TYPE:WALL-INNER
G1 F1500 E159.67141
G1 F1200 X198.22 Y209.337 E159.70327
G1 X197.721 Y209.174 E159.73819
G1 X197.208 Y209.083 E159.77285
G1 X196.715 Y209.061 E159.80568
G1 X196.097 Y209.127 E159.84702
G1 X195.619 Y209.249 E159.87984
G1 X195.132 Y209.445 E159.91476
G1 X194.661 Y209.718 E159.95097
G1 X194.17 Y210.115 E159.99297
G1 X193.845 Y210.471 E160.02504
G1 X193.572 Y210.853 E160.05627
G1 X193.325 Y211.316 E160.09118
G1 X193.142 Y211.816 E160.1266
G1 X193.033 Y212.327 E160.16135
G1 X192.998 Y212.8 E160.1929
G1 X193.017 Y213.269 E160.22413
G1 X193.103 Y213.759 E160.25722
G1 X192.942 Y213.735
G1 X192.646 Y213.716 E160.2656
G1 X186.357 Y213.715 E160.68394
G1 X185.864 Y213.75 E160.71682
G1 X185.35 Y213.841 E160.75154
G1 X184.852 Y213.985 E160.78603
G1 X184.437 Y214.147 E160.81566
G1 X184.037 Y214.347 E160.84541
G1 X183.609 Y214.618 E160.87911
G1 X183.263 Y214.883 E160.9081
G1 X182.932 Y215.186 E160.93795
G1 X182.585 Y215.574 E160.97258
G1 X182.285 Y215.989 E161.00664
G1 X182.062 Y216.365 E161.03572
G1 X181.872 Y216.763 E161.06506
G1 X181.716 Y217.186 E161.09505
G1 X181.568 Y217.751 E161.1339
G1 X181.494 Y218.273 E161.16897
G1 X181.478 Y218.679 E161.196
G1 X181.478 Y228.213 E161.8302
G1 X161.508 Y228.213 E163.15861
G1 X161.508 Y214.412 E164.07666
G1 X161.473 Y213.917 E164.10967
G1 X161.381 Y213.405 E164.14427
G1 X161.24 Y212.909 E164.17857
G1 X161.078 Y212.496 E164.20808
G1 X160.876 Y212.093 E164.23807
G1 X160.603 Y211.659 E164.27218
G1 X160.278 Y211.245 E164.30719
G1 X159.865 Y210.823 E164.34647
G1 X159.504 Y210.527 E164.37752
G1 X159.008 Y210.197 E164.41715
G1 X158.469 Y209.932 E164.4571
G1 X158.041 Y209.771 E164.48752
G1 X157.546 Y209.639 E164.5216
G1 X157.034 Y209.559 E164.55607
G1 X156.614 Y209.533 E164.58406
G1 X146.549 Y209.534 E165.25359
G1 X146.051 Y209.58 E165.28686
G1 X145.612 Y209.661 E165.31655
G1 X145.192 Y209.777 E165.34554
G1 X144.772 Y209.934 E165.37537
G1 X144.241 Y210.198 E165.41481
G1 X143.804 Y210.485 E165.44959
G1 X143.46 Y210.76 E165.47889
G1 X143.136 Y211.065 E165.50849
G1 X142.803 Y211.45 E165.54235
G1 X142.535 Y211.827 E165.57312
G1 X142.247 Y212.336 E165.61202
G1 X142.04 Y212.822 E165.64716
G1 X141.885 Y213.331 E165.68255
G1 X141.789 Y213.843 E165.7172
G1 X141.746 Y214.326 E165.74946
G1 X141.742 Y214.514 E165.76197
G1 X141.742 Y228.213 E166.67323
G1 X100.161 Y228.212 E169.43921
G1 X99.909 Y228.176 E169.45614
G1 X99.664 Y228.076 E169.47375
G1 X99.409 Y227.871 E169.49551
G1 X99.267 Y227.66 E169.51243
G1 X99.163 Y227.307 E169.53691
G1 X99.156 Y227.203 E169.54384
G1 X99.156 Y214.414 E170.39457
G1 X99.156 Y213.399 E170.46209
G1 X99.156 Y212.331 E170.53313
G1 X99.156 Y211.317 E170.60058
G1 X99.156 Y94.399 E178.378
G1 X99.156 Y93.384 E178.44552
G1 X99.156 Y92.316 E178.51656
G1 X99.156 Y91.302 E178.58401
G1 X99.155 Y72.816 E179.81371
G1 X99.188 Y72.55 E179.83154
G1 X99.34 Y72.218 E179.85583
G1 X99.514 Y72.028 E179.87296
G1 X99.68 Y71.915 E179.88632
G1 X99.976 Y71.807 E179.90728
G1 X100.227 Y71.787 E179.92403
G1 X199.851 Y71.788 E186.55105
G1 X200.224 Y71.866 E186.5764
G1 X200.326 Y71.915 E186.58392
G1 X200.546 Y72.079 E186.60218
G1 X200.7 Y72.278 E186.61891
G1 X200.825 Y72.607 E186.64233
G1 X200.844 Y72.801 E186.65529
G1 X200.844 Y91.48 E187.89782
G1 X200.844 Y92.446 E187.96208
G1 X200.844 Y93.388 E188.02475
G1 X200.844 Y94.399 E188.092
G1 X200.844 Y211.495 E195.88125
G1 X200.844 Y212.461 E195.94551
G1 X200.844 Y213.403 E196.00818
G1 X200.844 Y214.413 E196.07536
G1 X200.845 Y227.172 E196.92409
G1 X200.81 Y227.465 E196.94372
G1 X200.608 Y227.852 E196.97276
G1 X200.407 Y228.033 E196.99075
G1 X200.191 Y228.145 E197.00694
G1 X199.78 Y228.213 E197.03465
G1 X197.481 Y228.213 E197.18758
G1 X197.481 Y218.593 E197.82751
G1 X197.446 Y218.106 E197.85998
G1 X197.372 Y217.669 E197.88947
G1 X197.263 Y217.245 E197.91859
G1 X197.117 Y216.837 E197.94741
G1 X197.033 Y216.653 E197.96087
G1 X197.502 Y216.603 E197.97863
G1 X197.979 Y216.481 E198.01138
G1 X198.463 Y216.287 E198.04607
G1 X198.873 Y216.052 E198.0775
G1 X199.254 Y215.772 E198.10896
G1 X199.635 Y215.4 E198.14438
G1 X200.017 Y214.895 E198.1865
G1 X200.274 Y214.414 E198.22277
G1 X200.457 Y213.914 E198.25133
G1 X200.566 Y213.403 E198.26421
G1 X200.601 Y212.93 E198.27242
G1 X200.582 Y212.461 E198.27999
G1 X200.493 Y211.955 E198.29087
G1 X200.348 Y211.495 E198.30842
G1 X200.122 Y211.012 E198.3439
G1 X199.808 Y210.536 E198.38183
G1 X199.488 Y210.175 E198.41392
G1 X199.091 Y209.827 E198.44904
G1 X198.652 Y209.544 E198.48378
G1 F1500 E197.48378
G0 F6000 X197.334 Y211.863
G0 X196.122 Y213.777
G0 X194.891 Y215.273
G1 F1500 E198.51039
G1 F1200 X194.571 Y215.07 E198.5356
G1 X194.129 Y214.851 E198.56841
G1 X193.773 Y214.716 E198.59374
G1 X193.348 Y214.603 E198.62299
G1 X192.858 Y214.531 E198.65594
G1 X192.621 Y214.516 E198.67173
G1 X186.385 Y214.515 E199.08655
G1 X185.962 Y214.545 E199.11476
G1 X185.531 Y214.621 E199.14387
G1 X185.11 Y214.743 E199.17303
G1 X184.763 Y214.879 E199.19782
G1 X184.431 Y215.045 E199.22251
G1 X184.067 Y215.275 E199.25116
G1 X183.777 Y215.497 E199.27545
G1 X183.502 Y215.749 E199.30026
G1 X183.209 Y216.076 E199.32947
G1 X182.955 Y216.428 E199.35834
G1 X182.769 Y216.742 E199.38262
G1 X182.61 Y217.075 E199.40717
G1 X182.48 Y217.426 E199.43207
G1 X182.354 Y217.909 E199.46527
G1 X182.292 Y218.345 E199.49457
G1 X182.278 Y218.695 E199.51787
G1 X182.278 Y229.013 E200.20422
G1 X160.708 Y229.013 E201.63907
G1 X160.708 Y214.44 E202.60847
G1 X160.678 Y214.016 E202.63674
G1 X160.601 Y213.586 E202.6658
G1 X160.481 Y213.166 E202.69486
G1 X160.346 Y212.822 E202.71944
G1 X160.178 Y212.486 E202.74443
G1 X159.948 Y212.12 E202.77318
G1 X159.676 Y211.773 E202.80251
G1 X159.324 Y211.414 E202.83595
G1 X159.028 Y211.171 E202.86143
G1 X158.608 Y210.892 E202.89497
G1 X158.151 Y210.667 E202.92886
G1 X157.797 Y210.534 E202.95401
G1 X157.381 Y210.423 E202.98265
G1 X156.947 Y210.355 E203.01187
G1 X156.589 Y210.333 E203.03573
G1 X146.586 Y210.334 E203.70113
G1 X146.16 Y210.373 E203.72959
G1 X145.792 Y210.441 E203.75448
G1 X145.439 Y210.539 E203.77885
G1 X145.091 Y210.669 E203.80357
G1 X144.64 Y210.893 E203.83706
G1 X144.274 Y211.133 E203.86618
G1 X143.985 Y211.364 E203.89079
G1 X143.715 Y211.619 E203.91549
G1 X143.433 Y211.945 E203.94417
G1 X143.211 Y212.257 E203.96964
G1 X142.966 Y212.691 E204.00279
G1 X142.793 Y213.097 E204.03215
G1 X142.663 Y213.522 E204.06171
G1 X142.582 Y213.953 E204.09088
G1 X142.545 Y214.369 E204.11866
G1 X142.542 Y214.522 E204.12884
G1 X142.542 Y229.013 E205.09279
G1 X100.103 Y229.012 E207.91584
G1 X99.7 Y228.954 E207.94293
G1 X99.279 Y228.783 E207.97315
G1 X98.979 Y228.573 E207.99751
G1 X98.79 Y228.384 E208.01529
G1 X98.56 Y228.042 E208.04271
G1 X98.452 Y227.789 E208.06101
G1 X98.369 Y227.423 E208.08597
G1 X98.356 Y227.224 E208.09924
G1 X98.355 Y72.767 E218.37376
G1 X98.401 Y72.393 E218.39883
G1 X98.451 Y72.213 E218.41125
G1 X98.551 Y71.974 E218.42849
G1 X98.7 Y71.731 E218.44745
G1 X98.986 Y71.42 E218.47555
G1 X99.313 Y71.198 E218.50185
G1 X99.773 Y71.029 E218.53444
G1 X99.933 Y71.003 E218.54523
G1 X100.194 Y70.987 E218.56262
G1 X199.897 Y70.988 E225.19489
G1 X200.161 Y71.016 E225.21255
G1 X200.509 Y71.116 E225.23664
G1 X200.739 Y71.226 E225.2536
G1 X201.078 Y71.478 E225.2817
G1 X201.204 Y71.61 E225.29383
G1 X201.38 Y71.852 E225.31374
G1 X201.497 Y72.076 E225.33055
G1 X201.555 Y72.23 E225.3415
G1 X201.616 Y72.474 E225.35823
G1 X201.644 Y72.767 E225.37781
G1 X201.645 Y227.219 E235.652
G1 X201.596 Y227.626 E235.67926
G1 X201.55 Y227.786 E235.69034
G1 X201.441 Y228.041 E235.70879
G1 X201.234 Y228.356 E235.73386
G1 X201.049 Y228.547 E235.75155
G1 X200.842 Y228.709 E235.76903
G1 X200.477 Y228.897 E235.79634
G1 X200.122 Y228.99 E235.82076
G1 X199.812 Y229.013 E235.84143
G1 X196.681 Y229.013 E236.04971
G1 X196.681 Y218.622 E236.74092
G1 X196.651 Y218.202 E236.76893
G1 X196.589 Y217.836 E236.79362
G1 X196.497 Y217.48 E236.81808
G1 X196.375 Y217.138 E236.84224
G1 X196.223 Y216.805 E236.86659
G1 X196.04 Y216.483 E236.89122
G1 X195.835 Y216.184 E236.91534
G1 X195.597 Y215.896 E236.94019
G1 X195.239 Y215.544 E236.97359
G1 X194.891 Y215.273 E237.00293
G1 F1500 E236.00293
G0 F6000 X196.122 Y213.777
G0 X197.334 Y211.863
G0 X197.868 Y210.942
;TYPE:WALL-OUTER
G1 F1500 E237.02954
G1 F1200 X197.624 Y210.825 E237.04754
G1 X197.332 Y210.73 E237.06796
G1 X197.032 Y210.677 E237.08823
G1 X196.763 Y210.665 E237.10614
G1 X196.382 Y210.705 E237.13163
G1 X196.119 Y210.773 E237.1497
G1 X195.835 Y210.887 E237.17005
G1 X195.571 Y211.04 E237.19035
G1 X195.27 Y211.283 E237.21608
G1 X195.091 Y211.479 E237.23374
G1 X194.934 Y211.699 E237.25172
G1 X194.789 Y211.97 E237.27216
G1 X194.684 Y212.259 E237.29262
G1 X194.621 Y212.555 E237.31275
G1 X194.6 Y212.828 E237.33096
G1 X194.611 Y213.096 E237.3488
G1 X194.664 Y213.395 E237.369
G1 X194.745 Y213.653 E237.38699
G1 X194.876 Y213.933 E237.40756
G1 X195.065 Y214.218 E237.4303
G1 X195.242 Y214.419 E237.44812
G1 X195.474 Y214.622 E237.46863
G1 X195.731 Y214.788 E237.48898
G1 X195.975 Y214.905 E237.50698
G1 X196.267 Y215 E237.5274
G1 X196.567 Y215.053 E237.54767
G1 X196.836 Y215.065 E237.56558
G1 X197.217 Y215.025 E237.59107
G1 X197.48 Y214.957 E237.60914
G1 X197.765 Y214.843 E237.62955
G1 X197.998 Y214.71 E237.6474
G1 X198.216 Y214.549 E237.66543
G1 X198.433 Y214.338 E237.68556
G1 X198.665 Y214.031 E237.71116
G1 X198.81 Y213.76 E237.7316
G1 X198.915 Y213.471 E237.75206
G1 X198.978 Y213.175 E237.77219
G1 X198.999 Y212.902 E237.7904
G1 X198.988 Y212.634 E237.80825
G1 X198.935 Y212.335 E237.82844
G1 X198.854 Y212.077 E237.84643
G1 X198.723 Y211.797 E237.867
G1 X198.534 Y211.512 E237.88974
G1 X198.357 Y211.311 E237.90756
G1 X198.125 Y211.108 E237.92807
G1 X197.868 Y210.942 E237.94842
G0 F6000 X198.297 Y210.175
G1 F1500 E236.94842
G0 F6000 X197.23 Y211.814
G0 X104.061 Y212.125
G0 X105.889 Y210.175
;TYPE:WALL-INNER
G1 F1500 E237.97503
G1 F1200 X105.492 Y209.827 E238.01014
G1 X105.053 Y209.544 E238.04489
G1 X104.621 Y209.337 E238.07675
G1 X104.122 Y209.174 E238.11167
G1 X103.609 Y209.083 E238.14633
G1 X103.116 Y209.061 E238.17916
G1 X102.498 Y209.127 E238.2205
G1 X102.02 Y209.249 E238.25332
G1 X101.533 Y209.445 E238.28824
G1 X101.062 Y209.718 E238.32445
G1 X100.571 Y210.115 E238.36645
G1 X100.246 Y210.471 E238.39852
G1 X99.973 Y210.853 E238.42975
G1 X99.726 Y211.316 E238.46466
G1 X99.543 Y211.817 E238.49332
G1 X99.434 Y212.331 E238.50633
G1 X99.396 Y212.865 E238.51742
G1 X99.434 Y213.399 E238.52851
G1 X99.543 Y213.913 E238.54153
G1 X99.726 Y214.414 E238.56477
G1 X99.976 Y214.883 E238.60012
G1 X100.284 Y215.306 E238.63493
G1 X100.658 Y215.696 E238.67087
G1 X101.118 Y216.049 E238.70944
G1 X101.541 Y216.288 E238.74176
G1 X102.025 Y216.483 E238.77647
G1 X102.531 Y216.61 E238.81118
G1 X103.003 Y216.665 E238.84279
G1 X103.468 Y216.658 E238.87372
G1 X103.923 Y216.599 E238.90424
G1 X104.381 Y216.481 E238.9357
G1 X104.864 Y216.287 E238.97033
G1 X105.274 Y216.052 E239.00176
G1 X105.655 Y215.772 E239.03322
G1 X106.036 Y215.4 E239.06864
G1 X106.418 Y214.895 E239.11076
G1 X106.675 Y214.414 E239.14704
G1 X106.858 Y213.914 E239.18245
G1 X106.967 Y213.403 E239.21721
G1 X107.002 Y212.93 E239.24876
G1 X106.983 Y212.461 E239.27998
G1 X106.894 Y211.955 E239.31416
G1 X106.749 Y211.495 E239.34624
G1 X106.523 Y211.012 E239.38172
G1 X106.209 Y210.536 E239.41965
G1 X105.889 Y210.175 E239.45174
G0 F6000 X105.324 Y210.743
G1 F1200 X105.009 Y210.468 E239.47955
G1 X104.661 Y210.243 E239.50712
G1 X104.323 Y210.081 E239.53205
G1 X103.927 Y209.952 E239.55976
G1 X103.521 Y209.88 E239.58719
G1 X103.14 Y209.863 E239.61256
G1 X102.64 Y209.916 E239.646
G1 X102.27 Y210.011 E239.67141
G1 X101.885 Y210.166 E239.69902
G1 X101.517 Y210.379 E239.7273
G1 X101.121 Y210.699 E239.76117
G1 X100.869 Y210.975 E239.78603
G1 X100.654 Y211.276 E239.81064
G1 X100.458 Y211.643 E239.83832
G1 X100.314 Y212.038 E239.86628
G1 X100.228 Y212.443 E239.89382
G1 X100.198 Y212.865 E239.92197
G1 X100.228 Y213.287 E239.95011
G1 X100.314 Y213.692 E239.97765
G1 X100.458 Y214.087 E240.00562
G1 X100.656 Y214.457 E240.03353
G1 X100.899 Y214.792 E240.06106
G1 X101.193 Y215.098 E240.08929
G1 X101.56 Y215.38 E240.12008
G1 X101.888 Y215.565 E240.14513
G1 X102.273 Y215.72 E240.17274
G1 X102.675 Y215.821 E240.20031
G1 X103.044 Y215.864 E240.22502
G1 X103.411 Y215.859 E240.24943
G1 X103.771 Y215.812 E240.27359
G1 X104.131 Y215.719 E240.29832
G1 X104.515 Y215.565 E240.32584
G1 X104.836 Y215.381 E240.35045
G1 X105.136 Y215.16 E240.37524
G1 X105.435 Y214.869 E240.40299
G1 X105.742 Y214.463 E240.43685
G1 X105.943 Y214.087 E240.46521
G1 X106.087 Y213.692 E240.49318
G1 X106.173 Y213.289 E240.52059
G1 X106.201 Y212.916 E240.54547
G1 X106.186 Y212.547 E240.57004
G1 X106.115 Y212.145 E240.59719
G1 X106.002 Y211.786 E240.62223
G1 X105.823 Y211.404 E240.65029
G1 X105.572 Y211.024 E240.68059
G1 X105.324 Y210.743 E240.70552
G0 F6000 X104.758 Y211.311
;TYPE:WALL-OUTER
G1 F1200 X104.526 Y211.108 E240.72602
G1 X104.269 Y210.942 E240.74638
G1 X104.025 Y210.825 E240.76438
G1 X103.733 Y210.73 E240.7848
G1 X103.433 Y210.677 E240.80507
G1 X103.164 Y210.665 E240.82298
G1 X102.783 Y210.705 E240.84846
G1 X102.52 Y210.773 E240.86653
G1 X102.236 Y210.887 E240.88689
G1 X101.972 Y211.04 E240.90719
G1 X101.671 Y211.283 E240.93292
G1 X101.492 Y211.479 E240.95058
G1 X101.335 Y211.699 E240.96856
G1 X101.19 Y211.97 E240.989
G1 X101.085 Y212.259 E241.00946
G1 X101.022 Y212.555 E241.02959
G1 X101 Y212.865 E241.05026
G1 X101.022 Y213.175 E241.07093
G1 X101.085 Y213.471 E241.09106
G1 X101.19 Y213.76 E241.11152
G1 X101.335 Y214.031 E241.13196
G1 X101.514 Y214.277 E241.1522
G1 X101.728 Y214.5 E241.17276
G1 X102.003 Y214.711 E241.19582
G1 X102.236 Y214.843 E241.21363
G1 X102.52 Y214.957 E241.23399
G1 X102.819 Y215.032 E241.25449
G1 X103.086 Y215.063 E241.27237
G1 X103.354 Y215.06 E241.2902
G1 X103.618 Y215.025 E241.30792
G1 X103.881 Y214.957 E241.32599
G1 X104.166 Y214.843 E241.34641
G1 X104.399 Y214.71 E241.36425
G1 X104.617 Y214.549 E241.38228
G1 X104.834 Y214.338 E241.40241
G1 X105.066 Y214.031 E241.42801
G1 X105.211 Y213.76 E241.44846
G1 X105.316 Y213.471 E241.46891
G1 X105.379 Y213.175 E241.48904
G1 X105.4 Y212.902 E241.50726
G1 X105.389 Y212.634 E241.5251
G1 X105.336 Y212.335 E241.5453
G1 X105.255 Y212.077 E241.56329
G1 X105.124 Y211.797 E241.58385
G1 X104.935 Y211.512 E241.6066
G1 X104.758 Y211.311 E241.62441
G0 F6000 X105.379 Y210.688
G1 F1500 E240.62441
G0 F6000 X103.962 Y212.022
G0 X104.227 Y92.364
G0 X106.523 Y90.997
;TYPE:WALL-INNER
G1 F1500 E241.65102
G1 F1200 X106.209 Y90.521 E241.68895
G1 X105.889 Y90.16 E241.72104
G1 X105.492 Y89.812 E241.75616
G1 X105.053 Y89.529 E241.79091
G1 X104.621 Y89.322 E241.82277
G1 X104.122 Y89.159 E241.85769
G1 X103.609 Y89.068 E241.89235
G1 X103.116 Y89.046 E241.92518
G1 X102.498 Y89.112 E241.96652
G1 X102.02 Y89.234 E241.99934
G1 X101.533 Y89.43 E242.03426
G1 X101.062 Y89.703 E242.07047
G1 X100.571 Y90.1 E242.11247
G1 X100.246 Y90.456 E242.14454
G1 X99.973 Y90.838 E242.17577
G1 X99.726 Y91.301 E242.21068
G1 X99.543 Y91.802 E242.23934
G1 X99.434 Y92.316 E242.25235
G1 X99.396 Y92.85 E242.26343
G1 X99.434 Y93.384 E242.27452
G1 X99.543 Y93.898 E242.28755
G1 X99.726 Y94.399 E242.31079
G1 X99.976 Y94.868 E242.34614
G1 X100.284 Y95.291 E242.38095
G1 X100.658 Y95.681 E242.41689
G1 X101.118 Y96.034 E242.45546
G1 X101.541 Y96.273 E242.48778
G1 X102.025 Y96.468 E242.52249
G1 X102.531 Y96.595 E242.55719
G1 X103.003 Y96.65 E242.5888
G1 X103.468 Y96.643 E242.61974
G1 X103.923 Y96.584 E242.65026
G1 X104.381 Y96.466 E242.68172
G1 X104.864 Y96.272 E242.71635
G1 X105.274 Y96.037 E242.74778
G1 X105.655 Y95.757 E242.77923
G1 X106.036 Y95.385 E242.81465
G1 X106.418 Y94.88 E242.85678
G1 X106.675 Y94.399 E242.89305
G1 X106.858 Y93.899 E242.92847
G1 X106.967 Y93.388 E242.96323
G1 X107.002 Y92.915 E242.99478
G1 X106.983 Y92.446 E243.026
G1 X106.894 Y91.94 E243.06018
G1 X106.749 Y91.48 E243.09226
G1 X106.523 Y90.997 E243.12773
G0 F6000 X105.823 Y91.389
G1 F1200 X105.572 Y91.009 E243.15803
G1 X105.324 Y90.728 E243.18296
G1 X105.009 Y90.453 E243.21077
G1 X104.661 Y90.228 E243.23834
G1 X104.323 Y90.066 E243.26327
G1 X103.927 Y89.937 E243.29098
G1 X103.521 Y89.865 E243.31841
G1 X103.14 Y89.848 E243.34377
G1 X102.64 Y89.901 E243.37722
G1 X102.27 Y89.996 E243.40263
G1 X101.885 Y90.151 E243.43024
G1 X101.517 Y90.364 E243.45852
G1 X101.121 Y90.684 E243.49239
G1 X100.869 Y90.96 E243.51725
G1 X100.654 Y91.261 E243.54186
G1 X100.458 Y91.628 E243.56954
G1 X100.314 Y92.023 E243.5975
G1 X100.228 Y92.428 E243.62504
G1 X100.198 Y92.85 E243.65319
G1 X100.228 Y93.272 E243.68133
G1 X100.314 Y93.677 E243.70887
G1 X100.458 Y94.072 E243.73684
G1 X100.656 Y94.442 E243.76475
G1 X100.899 Y94.777 E243.79228
G1 X101.193 Y95.083 E243.82051
G1 X101.56 Y95.365 E243.8513
G1 X101.888 Y95.55 E243.87635
G1 X102.273 Y95.705 E243.90395
G1 X102.675 Y95.806 E243.93153
G1 X103.044 Y95.849 E243.95624
G1 X103.411 Y95.844 E243.98065
G1 X103.771 Y95.797 E244.0048
G1 X104.131 Y95.704 E244.02954
G1 X104.515 Y95.55 E244.05706
G1 X104.836 Y95.366 E244.08167
G1 X105.136 Y95.145 E244.10646
G1 X105.435 Y94.854 E244.13421
G1 X105.742 Y94.448 E244.16807
G1 X105.943 Y94.072 E244.19643
G1 X106.087 Y93.677 E244.2244
G1 X106.173 Y93.274 E244.25181
G1 X106.201 Y92.901 E244.27669
G1 X106.186 Y92.532 E244.30126
G1 X106.115 Y92.13 E244.32841
G1 X106.002 Y91.771 E244.35345
G1 X105.823 Y91.389 E244.38151
G0 F6000 X105.124 Y91.782
;TYPE:WALL-OUTER
G1 F1200 X104.935 Y91.497 E244.40426
G1 X104.758 Y91.296 E244.42208
G1 X104.526 Y91.093 E244.44258
G1 X104.269 Y90.927 E244.46293
G1 X104.025 Y90.81 E244.48094
G1 X103.733 Y90.715 E244.50136
G1 X103.433 Y90.662 E244.52163
G1 X103.164 Y90.65 E244.53954
G1 X102.783 Y90.69 E244.56502
G1 X102.52 Y90.758 E244.58309
G1 X102.236 Y90.872 E244.60345
G1 X101.972 Y91.025 E244.62375
G1 X101.671 Y91.268 E244.64948
G1 X101.492 Y91.464 E244.66714
G1 X101.335 Y91.684 E244.68512
G1 X101.19 Y91.955 E244.70556
G1 X101.085 Y92.244 E244.72601
G1 X101.022 Y92.54 E244.74615
G1 X101 Y92.85 E244.76682
G1 X101.022 Y93.16 E244.78749
G1 X101.085 Y93.456 E244.80762
G1 X101.19 Y93.745 E244.82808
G1 X101.335 Y94.016 E244.84852
G1 X101.514 Y94.262 E244.86876
G1 X101.728 Y94.485 E244.88932
G1 X102.003 Y94.696 E244.91238
G1 X102.236 Y94.828 E244.93019
G1 X102.52 Y94.942 E244.95055
G1 X102.819 Y95.017 E244.97105
G1 X103.086 Y95.048 E244.98893
G1 X103.354 Y95.045 E245.00676
G1 X103.618 Y95.01 E245.02448
G1 X103.881 Y94.942 E245.04255
G1 X104.166 Y94.828 E245.06296
G1 X104.399 Y94.695 E245.08081
G1 X104.617 Y94.534 E245.09884
G1 X104.834 Y94.323 E245.11897
G1 X105.066 Y94.016 E245.14457
G1 X105.211 Y93.745 E245.16502
G1 X105.316 Y93.456 E245.18547
G1 X105.379 Y93.16 E245.2056
G1 X105.4 Y92.887 E245.22381
G1 X105.389 Y92.619 E245.24166
G1 X105.336 Y92.32 E245.26186
G1 X105.255 Y92.062 E245.27984
G1 X105.124 Y91.782 E245.30041
G0 F6000 X105.891 Y91.352
G1 F1500 E244.30041
G0 F6000 X104.227 Y92.364
G0 X197.561 Y92.007
G0 X199.488 Y90.16
;TYPE:WALL-INNER
G1 F1500 E245.32702
G1 F1200 X199.091 Y89.812 E245.36213
G1 X198.652 Y89.529 E245.39688
G1 X198.22 Y89.322 E245.42874
G1 X197.721 Y89.159 E245.46366
G1 X197.208 Y89.068 E245.49832
G1 X196.715 Y89.046 E245.53115
G1 X196.097 Y89.112 E245.57249
G1 X195.619 Y89.234 E245.60531
G1 X195.132 Y89.43 E245.64023
G1 X194.661 Y89.703 E245.67644
G1 X194.17 Y90.1 E245.71844
G1 X193.845 Y90.456 E245.75051
G1 X193.572 Y90.838 E245.78174
G1 X193.325 Y91.301 E245.81665
G1 X193.142 Y91.801 E245.85207
G1 X193.033 Y92.312 E245.88682
G1 X192.998 Y92.785 E245.91837
G1 X193.017 Y93.254 E245.9496
G1 X193.106 Y93.76 E245.98377
G1 X193.251 Y94.22 E246.01586
G1 X193.477 Y94.703 E246.05133
G1 X193.791 Y95.179 E246.08926
G1 X194.111 Y95.54 E246.12135
G1 X194.508 Y95.888 E246.15647
G1 X194.947 Y96.171 E246.19121
G1 X195.379 Y96.378 E246.22308
G1 X195.878 Y96.541 E246.258
G1 X196.391 Y96.632 E246.29266
G1 X196.884 Y96.654 E246.32548
G1 X197.502 Y96.588 E246.36683
G1 X197.979 Y96.466 E246.39958
G1 X198.463 Y96.272 E246.43426
G1 X198.873 Y96.037 E246.4657
G1 X199.254 Y95.757 E246.49715
G1 X199.635 Y95.385 E246.53257
G1 X200.017 Y94.88 E246.5747
G1 X200.274 Y94.399 E246.61097
G1 X200.457 Y93.899 E246.63412
G1 X200.566 Y93.388 E246.63923
G1 X200.601 Y92.915 E246.64745
G1 X200.582 Y92.446 E246.65501
G1 X200.493 Y91.94 E246.66589
G1 X200.348 Y91.48 E246.68344
G1 X200.122 Y90.997 E246.71892
G1 X199.808 Y90.521 E246.75685
G1 X199.488 Y90.16 E246.78894
G0 F6000 X198.923 Y90.728
G1 F1200 X198.608 Y90.453 E246.81675
G1 X198.26 Y90.228 E246.84432
G1 X197.922 Y90.066 E246.86925
G1 X197.526 Y89.937 E246.89696
G1 X197.12 Y89.865 E246.92439
G1 X196.739 Y89.848 E246.94976
G1 X196.239 Y89.901 E246.9832
G1 X195.869 Y89.996 E247.00861
G1 X195.484 Y90.151 E247.03622
G1 X195.116 Y90.364 E247.06451
G1 X194.72 Y90.684 E247.09837
G1 X194.468 Y90.96 E247.12323
G1 X194.253 Y91.261 E247.14784
G1 X194.057 Y91.628 E247.17552
G1 X193.913 Y92.023 E247.20348
G1 X193.827 Y92.426 E247.23089
G1 X193.799 Y92.799 E247.25578
G1 X193.814 Y93.168 E247.28034
G1 X193.885 Y93.57 E247.3075
G1 X193.998 Y93.929 E247.33253
G1 X194.177 Y94.311 E247.3606
G1 X194.428 Y94.691 E247.39089
G1 X194.676 Y94.972 E247.41582
G1 X194.991 Y95.247 E247.44364
G1 X195.339 Y95.472 E247.4712
G1 X195.677 Y95.634 E247.49614
G1 X196.073 Y95.763 E247.52384
G1 X196.479 Y95.835 E247.55127
G1 X196.86 Y95.852 E247.57664
G1 X197.36 Y95.799 E247.61008
G1 X197.73 Y95.704 E247.6355
G1 X198.114 Y95.55 E247.66302
G1 X198.435 Y95.366 E247.68763
G1 X198.735 Y95.145 E247.71242
G1 X199.034 Y94.854 E247.74017
G1 X199.341 Y94.448 E247.77403
G1 X199.542 Y94.072 E247.80239
G1 X199.686 Y93.677 E247.83036
G1 X199.772 Y93.274 E247.85777
G1 X199.8 Y92.901 E247.88265
G1 X199.785 Y92.532 E247.90722
G1 X199.714 Y92.13 E247.93437
G1 X199.601 Y91.771 E247.95941
G1 X199.422 Y91.389 E247.98747
G1 X199.171 Y91.009 E248.01776
G1 X198.923 Y90.728 E248.04269
G0 F6000 X198.357 Y91.296
;TYPE:WALL-OUTER
G1 F1200 X198.125 Y91.093 E248.0632
G1 X197.868 Y90.927 E248.08355
G1 X197.624 Y90.81 E248.10155
G1 X197.332 Y90.715 E248.12198
G1 X197.032 Y90.662 E248.14224
G1 X196.763 Y90.65 E248.16016
G1 X196.382 Y90.69 E248.18564
G1 X196.119 Y90.758 E248.20371
G1 X195.835 Y90.872 E248.22407
G1 X195.571 Y91.025 E248.24436
G1 X195.27 Y91.268 E248.2701
G1 X195.091 Y91.464 E248.28775
G1 X194.934 Y91.684 E248.30573
G1 X194.789 Y91.955 E248.32618
G1 X194.684 Y92.244 E248.34663
G1 X194.621 Y92.54 E248.36676
G1 X194.6 Y92.813 E248.38498
G1 X194.611 Y93.081 E248.40282
G1 X194.664 Y93.38 E248.42302
G1 X194.745 Y93.638 E248.44101
G1 X194.876 Y93.918 E248.46157
G1 X195.065 Y94.203 E248.48432
G1 X195.242 Y94.404 E248.50213
G1 X195.474 Y94.607 E248.52264
G1 X195.731 Y94.773 E248.54299
G1 X195.975 Y94.89 E248.56099
G1 X196.267 Y94.985 E248.58142
G1 X196.567 Y95.038 E248.60168
G1 X196.836 Y95.05 E248.6196
G1 X197.217 Y95.01 E248.64508
G1 X197.48 Y94.942 E248.66315
G1 X197.765 Y94.828 E248.68357
G1 X197.998 Y94.695 E248.70141
G1 X198.216 Y94.534 E248.71944
G1 X198.433 Y94.323 E248.73958
G1 X198.665 Y94.016 E248.76517
G1 X198.81 Y93.745 E248.78562
G1 X198.915 Y93.456 E248.80607
G1 X198.978 Y93.16 E248.8262
G1 X198.999 Y92.887 E248.84442
G1 X198.988 Y92.619 E248.86226
G1 X198.935 Y92.32 E248.88246
G1 X198.854 Y92.062 E248.90045
G1 X198.723 Y91.782 E248.92101
G1 X198.534 Y91.497 E248.94376
G1 X198.357 Y91.296 E248.96157
G0 F6000 X198.978 Y90.673
G1 F1500 E247.96157
G0 F6000 X197.704 Y92.163
G0 X196.768 Y211.729
G0 X196.739 Y209.863
;TYPE:WALL-INNER
G1 F1500 E248.98818
G1 F1200 X196.239 Y209.916 E249.02163
G1 X195.869 Y210.011 E249.04704
G1 X195.484 Y210.166 E249.07465
G1 X195.116 Y210.379 E249.10293
G1 X194.72 Y210.699 E249.1368
G1 X194.468 Y210.975 E249.16166
G1 X194.253 Y211.276 E249.18627
G1 X194.057 Y211.643 E249.21394
G1 X193.913 Y212.038 E249.24191
G1 X193.827 Y212.441 E249.26932
G1 X193.799 Y212.814 E249.2942
G1 X193.814 Y213.183 E249.31877
G1 X193.885 Y213.585 E249.34592
G1 X193.998 Y213.944 E249.37096
G1 X194.177 Y214.326 E249.39902
G1 X194.428 Y214.706 E249.41763
G1 X194.676 Y214.987 E249.42703
G1 X194.991 Y215.262 E249.43538
G1 X195.339 Y215.487 E249.44194
G1 X195.677 Y215.649 E249.44479
G1 X196.073 Y215.778 E249.45877
G1 X196.479 Y215.85 E249.48032
G1 X196.86 Y215.867 E249.50569
G1 X197.36 Y215.814 E249.53913
G1 X197.73 Y215.719 E249.56454
G1 X198.114 Y215.565 E249.59206
G1 X198.435 Y215.381 E249.61668
G1 X198.735 Y215.16 E249.64146
G1 X199.034 Y214.869 E249.66922
G1 X199.341 Y214.463 E249.70308
G1 X199.542 Y214.087 E249.73144
G1 X199.686 Y213.692 E249.7594
G1 X199.772 Y213.289 E249.78682
G1 X199.8 Y212.916 E249.8117
G1 X199.785 Y212.547 E249.83626
G1 X199.714 Y212.145 E249.86342
G1 X199.601 Y211.786 E249.88845
G1 X199.422 Y211.404 E249.91652
G1 X199.171 Y211.024 E249.94681
G1 X198.923 Y210.743 E249.97174
G1 X198.608 Y210.468 E249.99956
G1 X198.26 Y210.243 E250.02712
G1 X197.922 Y210.081 E250.05206
G1 X197.526 Y209.952 E250.07976
G1 X197.12 Y209.88 E250.10719
G1 X196.739 Y209.863 E250.13256
G1 F1500 E249.13256
G0 F6000 X196.768 Y211.729
G0 X203.199 Y71.311
G0 X202.064 Y71.433
;TYPE:WALL-OUTER
G1 F1500 E250.15917
G1 F1200 X202.229 Y71.75 E250.18294
G1 X202.318 Y71.986 E250.19972
G1 X202.404 Y72.331 E250.22337
G1 X202.437 Y72.598 E250.24127
G1 X202.444 Y72.753 E250.25159
G1 X202.445 Y227.241 E260.52817
G1 X202.427 Y227.515 E260.54644
G1 X202.376 Y227.807 E260.56615
G1 X202.305 Y228.054 E260.58325
G1 X202.156 Y228.404 E260.60855
G1 X202.007 Y228.658 E260.62814
G1 X201.841 Y228.879 E260.64653
G1 X201.589 Y229.141 E260.67071
G1 X201.29 Y229.374 E260.69593
G1 X201.025 Y229.529 E260.71635
G1 X200.767 Y229.644 E260.73514
G1 X200.52 Y229.724 E260.75241
G1 X200.243 Y229.782 E260.77123
G1 X199.98 Y229.809 E260.78882
G1 X199.834 Y229.813 E260.79854
G1 X195.881 Y229.813 E261.06149
G1 X195.881 Y218.65 E261.80406
G1 X195.856 Y218.298 E261.82753
G1 X195.806 Y218.004 E261.84737
G1 X195.731 Y217.715 E261.86723
G1 X195.633 Y217.439 E261.88671
G1 X195.51 Y217.17 E261.90639
G1 X195.361 Y216.908 E261.92644
G1 X195.195 Y216.666 E261.94596
G1 X195.006 Y216.437 E261.96571
G1 X194.711 Y216.147 E261.99323
G1 X194.43 Y215.928 E262.01693
G1 X194.178 Y215.768 E262.03678
G1 X193.809 Y215.585 E262.06418
G1 X193.528 Y215.479 E262.08416
G1 X193.186 Y215.388 E262.1077
G1 X192.775 Y215.327 E262.13534
G1 X192.596 Y215.316 E262.14727
G1 X186.413 Y215.315 E262.55856
G1 X186.06 Y215.34 E262.58211
G1 X185.712 Y215.401 E262.60561
G1 X185.368 Y215.501 E262.62944
G1 X185.089 Y215.61 E262.64936
G1 X184.825 Y215.743 E262.66903
G1 X184.524 Y215.932 E262.69267
G1 X184.291 Y216.111 E262.71221
G1 X184.071 Y216.312 E262.73204
G1 X183.833 Y216.578 E262.75578
G1 X183.625 Y216.866 E262.77941
G1 X183.476 Y217.119 E262.79894
G1 X183.347 Y217.388 E262.81879
G1 X183.244 Y217.666 E262.83851
G1 X183.14 Y218.066 E262.866
G1 X183.09 Y218.418 E262.88965
G1 X183.078 Y218.711 E262.90916
G1 X183.078 Y229.813 E263.64767
G1 X159.908 Y229.813 E265.18894
G1 X159.908 Y214.468 E266.2097
G1 X159.883 Y214.115 E266.23324
G1 X159.821 Y213.767 E266.25675
G1 X159.722 Y213.423 E266.28056
G1 X159.614 Y213.147 E266.30028
G1 X159.48 Y212.879 E266.32021
G1 X159.292 Y212.58 E266.3437
G1 X159.074 Y212.301 E266.36726
G1 X158.783 Y212.005 E266.39487
G1 X158.552 Y211.815 E266.41476
G1 X158.208 Y211.587 E266.44222
G1 X157.833 Y211.402 E266.47003
G1 X157.553 Y211.297 E266.48992
G1 X157.215 Y211.207 E266.51319
G1 X156.86 Y211.151 E266.5371
G1 X156.565 Y211.133 E266.55676
G1 X146.622 Y211.134 E267.21817
G1 X146.269 Y211.166 E267.24175
G1 X145.972 Y211.221 E267.26184
G1 X145.687 Y211.3 E267.28151
G1 X145.41 Y211.404 E267.30119
G1 X145.039 Y211.588 E267.32874
G1 X144.744 Y211.782 E267.35223
G1 X144.51 Y211.968 E267.37211
G1 X144.294 Y212.173 E267.39192
G1 X144.062 Y212.44 E267.41545
G1 X143.887 Y212.686 E267.43553
G1 X143.685 Y213.045 E267.46293
G1 X143.546 Y213.372 E267.48657
G1 X143.441 Y213.714 E267.51037
G1 X143.375 Y214.063 E267.534
G1 X143.344 Y214.411 E267.55724
G1 X143.342 Y214.529 E267.56509
G1 X143.342 Y229.813 E268.58178
G1 X100.064 Y229.812 E271.46065
G1 X99.786 Y229.787 E271.47921
G1 X99.494 Y229.728 E271.49903
G1 X99.181 Y229.624 E271.52097
G1 X98.897 Y229.488 E271.54192
G1 X98.676 Y229.351 E271.55921
G1 X98.448 Y229.174 E271.57841
G1 X98.192 Y228.918 E271.6025
G1 X98.02 Y228.696 E271.62118
G1 X97.844 Y228.404 E271.64386
G1 X97.699 Y228.062 E271.66857
G1 X97.619 Y227.786 E271.68768
G1 X97.574 Y227.52 E271.70563
G1 X97.556 Y227.247 E271.72383
G1 X97.555 Y72.739 E282.00174
G1 X97.573 Y72.484 E282.01875
G1 X97.618 Y72.221 E282.0365
G1 X97.693 Y71.951 E282.05514
G1 X97.837 Y71.61 E282.07976
G1 X98.043 Y71.272 E282.10609
G1 X98.216 Y71.056 E282.1245
G1 X98.465 Y70.811 E282.14774
G1 X98.724 Y70.617 E282.16926
G1 X98.944 Y70.487 E282.18626
G1 X99.266 Y70.344 E282.2097
G1 X99.59 Y70.249 E282.23216
G1 X99.849 Y70.206 E282.24962
G1 X100.163 Y70.187 E282.27055
G1 X199.935 Y70.188 E288.90741
G1 X200.298 Y70.227 E288.93169
G1 X200.561 Y70.287 E288.94964
G1 X200.815 Y70.375 E288.96752
G1 X201.131 Y70.527 E288.99084
G1 X201.392 Y70.697 E289.01156
G1 X201.627 Y70.894 E289.03196
G1 X201.82 Y71.097 E289.0506
G1 X202.064 Y71.433 E289.07822
G0 F6000 X201.316 Y71.895
G0 X199.989 Y72.65
;TYPE:SKIN
G1 F1200 X200.054 Y72.837 E289.09139
G1 X200.054 Y89.607 E290.20693
G1 X199.569 Y89.18 E290.24992
G1 X199.039 Y88.838 E290.29188
G1 X198.514 Y88.587 E290.33058
G1 X197.914 Y88.391 E290.37257
G1 X197.295 Y88.282 E290.41438
G1 X196.691 Y88.254 E290.4546
G1 X195.957 Y88.332 E290.5037
G1 X195.372 Y88.482 E290.54388
G1 X194.785 Y88.719 E290.58599
G1 X194.212 Y89.05 E290.63001
G1 X193.627 Y89.523 E290.68005
G1 X193.229 Y89.958 E290.71927
G1 X192.899 Y90.421 E290.75709
G1 X192.602 Y90.978 E290.79908
G1 X192.381 Y91.582 E290.84186
G1 X192.249 Y92.199 E290.88384
G1 X192.206 Y92.771 E290.92199
G1 X192.229 Y93.339 E290.95981
G1 X192.337 Y93.948 E291.00095
G1 X192.513 Y94.508 E291.04
G1 X192.786 Y95.09 E291.08276
G1 X193.163 Y95.661 E291.12828
G1 X193.552 Y96.101 E291.16734
G1 X194.03 Y96.52 E291.20963
G1 X194.56 Y96.862 E291.25158
G1 X195.085 Y97.113 E291.29029
G1 X195.685 Y97.309 E291.33228
G1 X196.304 Y97.418 E291.37409
G1 X196.908 Y97.446 E291.41431
G1 X197.642 Y97.368 E291.46341
G1 X198.225 Y97.218 E291.50346
G1 X198.808 Y96.985 E291.54522
G1 X199.305 Y96.7 E291.58333
G1 X199.766 Y96.361 E291.6214
G1 X200.054 Y96.08 E291.64816
G1 X200.055 Y209.623 E299.20107
G1 X200.047 Y209.614 E299.20187
G1 X199.569 Y209.195 E299.24416
G1 X199.039 Y208.853 E299.28612
G1 X198.514 Y208.602 E299.32483
G1 X197.914 Y208.406 E299.36681
G1 X197.295 Y208.297 E299.40862
G1 X196.691 Y208.269 E299.44884
G1 X195.957 Y208.347 E299.49795
G1 X195.372 Y208.497 E299.53812
G1 X194.785 Y208.734 E299.58023
G1 X194.212 Y209.065 E299.62425
G1 X193.627 Y209.538 E299.67429
G1 X193.229 Y209.973 E299.71351
G1 X192.899 Y210.436 E299.75133
G1 X192.602 Y210.993 E299.79332
G1 X192.381 Y211.597 E299.8361
G1 X192.249 Y212.214 E299.87808
G1 X192.206 Y212.786 E299.91623
G1 X192.212 Y212.926 E299.92556
G1 X186.329 Y212.925 E300.31689
G1 X185.767 Y212.964 E300.35437
G1 X185.17 Y213.071 E300.39471
G1 X184.598 Y213.236 E300.43431
G1 X184.116 Y213.424 E300.46873
G1 X183.648 Y213.658 E300.50354
G1 X183.157 Y213.97 E300.54223
G1 X182.756 Y214.277 E300.57583
G1 X182.369 Y214.629 E300.61063
G1 X181.969 Y215.078 E300.65063
G1 X181.624 Y215.555 E300.68979
G1 X181.365 Y215.992 E300.72358
G1 X181.143 Y216.455 E300.75774
G1 X180.962 Y216.949 E300.79273
G1 X180.792 Y217.595 E300.83717
G1 X180.706 Y218.202 E300.87795
G1 X180.688 Y218.663 E300.90864
G1 X180.688 Y227.423 E301.49136
G1 X162.298 Y227.423 E302.71466
G1 X162.298 Y214.384 E303.58202
G1 X162.258 Y213.819 E303.6197
G1 X162.151 Y213.227 E303.65972
G1 X161.989 Y212.656 E303.6992
G1 X161.801 Y212.174 E303.73361
G1 X161.565 Y211.704 E303.7686
G1 X161.249 Y211.203 E303.808
G1 X160.873 Y210.723 E303.84856
G1 X160.4 Y210.24 E303.89353
G1 X159.974 Y209.891 E303.93016
G1 X159.403 Y209.511 E303.97579
G1 X158.783 Y209.206 E304.02175
G1 X158.282 Y209.018 E304.05735
G1 X157.71 Y208.865 E304.09674
G1 X157.119 Y208.773 E304.13652
G1 X156.638 Y208.743 E304.16858
G1 X146.513 Y208.744 E304.8421
G1 X145.943 Y208.796 E304.88017
G1 X145.434 Y208.891 E304.91462
G1 X144.947 Y209.025 E304.94822
G1 X144.458 Y209.209 E304.98297
G1 X143.847 Y209.511 E305.02831
G1 X143.339 Y209.845 E305.06875
G1 X142.942 Y210.163 E305.10259
G1 X142.565 Y210.518 E305.13703
G1 X142.181 Y210.962 E305.17608
G1 X141.867 Y211.402 E305.21204
G1 X141.538 Y211.986 E305.25663
G1 X141.297 Y212.551 E305.29749
G1 X141.117 Y213.143 E305.33865
G1 X141.005 Y213.734 E305.37866
G1 X140.956 Y214.283 E305.41533
G1 X140.952 Y214.506 E305.43016
G1 X140.952 Y227.423 E306.2894
G1 X100.217 Y227.422 E308.99911
G1 X100.071 Y227.389 E309.00906
G1 X99.99 Y227.319 E309.01619
G1 X99.946 Y227.169 E309.02658
G1 X99.946 Y216.095 E309.76323
G1 X100.129 Y216.286 E309.78083
G1 X100.681 Y216.709 E309.82709
G1 X101.197 Y217.001 E309.86653
G1 X101.78 Y217.236 E309.90834
G1 X102.389 Y217.388 E309.95009
G1 X102.963 Y217.455 E309.98853
G1 X103.525 Y217.448 E310.02592
G1 X104.073 Y217.377 E310.06268
G1 X104.628 Y217.233 E310.10082
G1 X105.209 Y217 E310.14246
G1 X105.706 Y216.715 E310.18057
G1 X106.167 Y216.376 E310.21864
G1 X106.63 Y215.924 E310.26168
G1 X107.086 Y215.322 E310.31191
G1 X107.398 Y214.738 E310.35596
G1 X107.619 Y214.133 E310.3988
G1 X107.751 Y213.516 E310.44078
G1 X107.794 Y212.944 E310.47893
G1 X107.771 Y212.376 E310.51675
G1 X107.663 Y211.767 E310.55789
G1 X107.487 Y211.207 E310.59694
G1 X107.214 Y210.625 E310.6397
G1 X106.837 Y210.054 E310.68522
G1 X106.448 Y209.614 E310.72428
G1 X105.97 Y209.195 E310.76657
G1 X105.44 Y208.853 E310.80853
G1 X104.915 Y208.602 E310.84723
G1 X104.315 Y208.406 E310.88922
G1 X103.696 Y208.297 E310.93103
G1 X103.092 Y208.269 E310.97125
G1 X102.358 Y208.347 E311.02035
G1 X101.773 Y208.497 E311.06053
G1 X101.186 Y208.734 E311.10264
G1 X100.613 Y209.065 E311.14666
G1 X100.028 Y209.538 E311.1967
G1 X99.946 Y209.628 E311.2048
G1 X99.945 Y96.079 E318.75811
G1 X100.129 Y96.271 E318.7758
G1 X100.681 Y96.694 E318.82206
G1 X101.197 Y96.986 E318.8615
G1 X101.78 Y97.221 E318.90331
G1 X102.389 Y97.373 E318.94507
G1 X102.963 Y97.44 E318.98351
G1 X103.525 Y97.433 E319.02089
G1 X104.073 Y97.362 E319.05765
G1 X104.628 Y97.218 E319.09579
G1 X105.209 Y96.985 E319.13743
G1 X105.706 Y96.7 E319.17554
G1 X106.167 Y96.361 E319.21361
G1 X106.63 Y95.909 E319.25665
G1 X107.086 Y95.307 E319.30689
G1 X107.398 Y94.723 E319.35093
G1 X107.619 Y94.118 E319.39378
G1 X107.751 Y93.501 E319.43575
G1 X107.794 Y92.929 E319.47391
G1 X107.771 Y92.361 E319.51172
G1 X107.663 Y91.752 E319.55286
G1 X107.487 Y91.192 E319.59191
G1 X107.214 Y90.61 E319.63467
G1 X106.837 Y90.039 E319.68019
G1 X106.448 Y89.599 E319.71926
G1 X105.97 Y89.18 E319.76154
G1 X105.44 Y88.838 E319.8035
G1 X104.915 Y88.587 E319.84221
G1 X104.315 Y88.391 E319.88419
G1 X103.696 Y88.282 E319.926
G1 X103.092 Y88.254 E319.96623
G1 X102.358 Y88.332 E320.01533
G1 X101.773 Y88.482 E320.0555
G1 X101.186 Y88.719 E320.09761
G1 X100.613 Y89.05 E320.14163
G1 X100.028 Y89.523 E320.19167
G1 X99.945 Y89.614 E320.19986
G1 X99.945 Y72.864 E321.31408
G1 X100.007 Y72.659 E321.32833
G1 X100.146 Y72.587 E321.33874
G1 X100.266 Y72.577 E321.34675
G1 X199.765 Y72.578 E327.96545
G1 X199.989 Y72.65 E327.9811
G1 F1500 E326.9811
G0 F6000 X203.508 Y72.721
G0 X197.42 Y93.801
G0 X199.2 Y97.128
G1 F1500 E328.00771
G1 F1200 X199.199 Y208.574 E335.42113
G0 F6000 X198.399 Y208.226
G1 F1200 X198.4 Y97.492 E342.78718
G0 F6000 X197.6 Y97.693
G1 F1200 X197.599 Y208.025 E350.1265
G0 F6000 X196.799 Y207.952
G1 F1200 X196.8 Y97.761 E357.45643
G0 F6000 X196 Y97.688
G1 F1200 X195.999 Y208.02 E364.79575
G0 F6000 X195.199 Y208.22
G1 F1200 X195.2 Y97.487 E372.16174
G0 F6000 X194.4 Y97.139
G1 F1200 X194.399 Y208.586 E379.57522
G0 F6000 X193.599 Y209.147
G1 F1200 X193.6 Y96.568 E387.06401
G0 F6000 X192.8 Y95.691
G1 F1200 X192.799 Y210.022 E394.66933
G0 F6000 X191.999 Y211.846
G1 F1200 X192 Y93.876 E402.51673
G0 F6000 X192 Y91.831
G1 F1200 X192 Y72.897 E403.77623
G0 F6000 X191.2 Y72.897
G1 F1200 X191.199 Y212.604 E413.06957
G0 F6000 X190.399 Y212.604
G1 F1200 X190.4 Y72.897 E422.36292
G0 F6000 X189.6 Y72.897
G1 F1200 X189.599 Y212.604 E431.65627
G0 F6000 X188.799 Y212.604
G1 F1200 X188.8 Y72.897 E440.94962
G0 F6000 X188 Y72.897
G1 F1200 X187.999 Y212.604 E450.24296
G0 F6000 X187.199 Y212.604
G1 F1200 X187.2 Y72.897 E459.53631
G0 F6000 X186.4 Y72.897
G1 F1200 X186.399 Y212.604 E468.82966
G0 F6000 X185.599 Y212.669
G1 F1200 X185.6 Y72.897 E478.12733
G0 F6000 X184.8 Y72.897
G1 F1200 X184.799 Y212.844 E487.43664
G0 F6000 X183.999 Y213.126
G1 F1200 X184 Y72.897 E496.76471
G0 F6000 X183.2 Y72.897
G1 F1200 X183.199 Y213.563 E506.12185
G0 F6000 X182.399 Y214.168
G1 F1200 X182.4 Y72.897 E515.51924
G0 F6000 X181.6 Y72.897
G1 F1200 X181.599 Y215.042 E524.97476
G0 F6000 X180.799 Y216.459
G1 F1200 X180.8 Y72.897 E534.52454
G0 F6000 X180 Y72.897
G1 F1200 X179.999 Y227.102 E544.7823
G0 F6000 X179.199 Y227.102
G1 F1200 X179.2 Y72.897 E555.04006
G0 F6000 X178.4 Y72.897
G1 F1200 X178.399 Y227.102 E565.29782
G0 F6000 X177.599 Y227.102
G1 F1200 X177.6 Y72.897 E575.55558
G0 F6000 X176.8 Y72.897
G1 F1200 X176.799 Y227.102 E585.81334
G0 F6000 X175.999 Y227.102
G1 F1200 X176 Y72.897 E596.07109
G0 F6000 X175.2 Y72.897
G1 F1200 X175.199 Y227.102 E606.32885
G0 F6000 X174.399 Y227.102
G1 F1200 X174.4 Y72.897 E616.58661
G0 F6000 X173.6 Y72.897
G1 F1200 X173.599 Y227.102 E626.84437
G0 F6000 X172.799 Y227.102
G1 F1200 X172.8 Y72.897 E637.10213
G0 F6000 X172 Y72.897
G1 F1200 X171.999 Y227.102 E647.35988
G0 F6000 X171.199 Y227.102
G1 F1200 X171.2 Y72.897 E657.61764
G0 F6000 X170.4 Y72.897
G1 F1200 X170.399 Y227.102 E667.8754
G0 F6000 X169.599 Y227.102
G1 F1200 X169.6 Y72.897 E678.13316
G0 F6000 X168.8 Y72.897
G1 F1200 X168.799 Y227.102 E688.39092
G0 F6000 X167.999 Y227.102
G1 F1200 X168 Y72.897 E698.64868
G0 F6000 X167.2 Y72.897
G1 F1200 X167.199 Y227.102 E708.90643
G0 F6000 X166.399 Y227.102
G1 F1200 X166.4 Y72.897 E719.16419
G0 F6000 X165.6 Y72.897
G1 F1200 X165.599 Y227.102 E729.42195
G0 F6000 X164.799 Y227.102
G1 F1200 X164.8 Y72.897 E739.67971
G0 F6000 X164 Y72.897
G1 F1200 X163.999 Y227.102 E749.93747
G0 F6000 X163.199 Y227.102
G1 F1200 X163.2 Y72.897 E760.19523
G0 F6000 X162.4 Y72.897
G1 F1200 X162.399 Y212.93 E769.51026
G0 F6000 X161.599 Y211.159
G1 F1200 X161.6 Y72.897 E778.70748
G0 F6000 X160.8 Y72.897
G1 F1200 X160.799 Y210.19 E787.84025
G0 F6000 X159.999 Y209.523
G1 F1200 X160 Y72.897 E796.92865
G0 F6000 X159.2 Y72.897
G1 F1200 X159.199 Y209.053 E805.98578
G0 F6000 X158.399 Y208.719
G1 F1200 X158.4 Y72.897 E815.0207
G0 F6000 X157.6 Y72.897
G1 F1200 X157.599 Y208.522 E824.04251
G0 F6000 X156.799 Y208.431
G1 F1200 X156.8 Y72.897 E833.05827
G0 F6000 X156 Y72.897
G1 F1200 X155.999 Y208.423 E842.0735
G0 F6000 X155.199 Y208.423
G1 F1200 X155.2 Y72.897 E851.08872
G0 F6000 X154.4 Y72.897
G1 F1200 X154.399 Y208.423 E860.10395
G0 F6000 X153.599 Y208.423
G1 F1200 X153.6 Y72.897 E869.11917
G0 F6000 X152.8 Y72.897
G1 F1200 X152.799 Y208.423 E878.1344
G0 F6000 X151.999 Y208.423
G1 F1200 X152 Y72.897 E887.14963
G0 F6000 X151.2 Y72.897
G1 F1200 X151.199 Y208.423 E896.16485
G0 F6000 X150.399 Y208.423
G1 F1200 X150.4 Y72.897 E905.18008
G0 F6000 X149.6 Y72.897
G1 F1200 X149.599 Y208.423 E914.1953
G0 F6000 X148.799 Y208.423
G1 F1200 X148.8 Y72.897 E923.21053
G0 F6000 X148 Y72.897
G1 F1200 X147.999 Y208.423 E932.22576
G0 F6000 X147.199 Y208.423
G1 F1200 X147.2 Y72.897 E941.24098
G0 F6000 X146.4 Y72.897
G1 F1200 X146.399 Y208.433 E950.25687
G0 F6000 X145.599 Y208.535
G1 F1200 X145.6 Y72.897 E959.27955
G0 F6000 X144.8 Y72.897
G1 F1200 X144.799 Y208.738 E968.31573
G0 F6000 X143.999 Y209.078
G1 F1200 X144 Y72.897 E977.37453
G0 F6000 X143.2 Y72.897
G1 F1200 X143.199 Y209.553 E986.46492
G0 F6000 X142.399 Y210.233
G1 F1200 X142.4 Y72.897 E995.60055
G0 F6000 X141.6 Y72.897
G1 F1200 X141.599 Y211.224 E1004.8021
G0 F6000 X140.799 Y213.096
G1 F1200 X140.8 Y72.897 E1014.12817
G0 F6000 X140 Y72.897
G1 F1200 X139.999 Y227.102 E1024.38593
G0 F6000 X139.199 Y227.102
G1 F1200 X139.2 Y72.897 E1034.64369
G0 F6000 X138.4 Y72.897
G1 F1200 X138.399 Y227.102 E1044.90145
G0 F6000 X137.599 Y227.102
G1 F1200 X137.6 Y72.897 E1055.15921
G0 F6000 X136.8 Y72.897
G1 F1200 X136.799 Y227.102 E1065.41697
G0 F6000 X135.999 Y227.102
G1 F1200 X136 Y72.897 E1075.67472
G0 F6000 X135.2 Y72.897
G1 F1200 X135.199 Y227.102 E1085.93248
G0 F6000 X134.399 Y227.102
G1 F1200 X134.4 Y72.897 E1096.19024
G0 F6000 X133.6 Y72.897
G1 F1200 X133.599 Y227.102 E1106.448
G0 F6000 X132.799 Y227.102
G1 F1200 X132.8 Y72.897 E1116.70576
G0 F6000 X132 Y72.897
G1 F1200 X131.999 Y227.102 E1126.96352
G0 F6000 X131.199 Y227.102
G1 F1200 X131.2 Y72.897 E1137.22127
G0 F6000 X130.399 Y72.897
G1 F1200 X130.399 Y227.102 E1147.47903
G0 F6000 X129.599 Y227.102
G1 F1200 X129.599 Y72.897 E1157.73679
G0 F6000 X128.799 Y72.897
G1 F1200 X128.799 Y227.102 E1167.99455
G0 F6000 X127.999 Y227.102
G1 F1200 X127.999 Y72.897 E1178.25231
G0 F6000 X127.199 Y72.897
G1 F1200 X127.199 Y227.102 E1188.51006
G0 F6000 X126.399 Y227.102
G1 F1200 X126.399 Y72.897 E1198.76782
G0 F6000 X125.599 Y72.897
G1 F1200 X125.599 Y227.102 E1209.02558
G0 F6000 X124.799 Y227.102
G1 F1200 X124.799 Y72.897 E1219.28334
G0 F6000 X123.999 Y72.897
G1 F1200 X123.999 Y227.102 E1229.5411
G0 F6000 X123.199 Y227.102
G1 F1200 X123.199 Y72.897 E1239.79886
G0 F6000 X122.399 Y72.897
G1 F1200 X122.399 Y227.102 E1250.05661
G0 F6000 X121.599 Y227.102
G1 F1200 X121.599 Y72.897 E1260.31437
G0 F6000 X120.799 Y72.897
G1 F1200 X120.799 Y227.102 E1270.57213
G0 F6000 X119.999 Y227.102
G1 F1200 X119.999 Y72.897 E1280.82989
G0 F6000 X119.199 Y72.897
G1 F1200 X119.199 Y227.102 E1291.08765
G0 F6000 X118.399 Y227.102
G1 F1200 X118.399 Y72.897 E1301.34541
G0 F6000 X117.599 Y72.897
G1 F1200 X117.599 Y227.102 E1311.60316
G0 F6000 X116.799 Y227.102
G1 F1200 X116.799 Y72.897 E1321.86092
G0 F6000 X115.999 Y72.897
G1 F1200 X115.999 Y227.102 E1332.11868
G0 F6000 X115.199 Y227.102
G1 F1200 X115.199 Y72.897 E1342.37644
G0 F6000 X114.399 Y72.897
G1 F1200 X114.399 Y227.102 E1352.6342
G0 F6000 X113.599 Y227.102
G1 F1200 X113.599 Y72.897 E1362.89195
G0 F6000 X112.799 Y72.897
G1 F1200 X112.799 Y227.102 E1373.14971
G0 F6000 X111.999 Y227.102
G1 F1200 X111.999 Y72.897 E1383.40747
G0 F6000 X111.199 Y72.897
G1 F1200 X111.199 Y227.102 E1393.66523
G0 F6000 X110.399 Y227.102
G1 F1200 X110.399 Y72.897 E1403.92299
G0 F6000 X109.599 Y72.897
G1 F1200 X109.599 Y227.102 E1414.18075
G0 F6000 X108.799 Y227.102
G1 F1200 X108.799 Y72.897 E1424.4385
G0 F6000 X107.999 Y72.897
G1 F1200 X107.999 Y91.821 E1425.69733
G0 F6000 X107.199 Y90.007
G1 F1200 X107.199 Y72.897 E1426.8355
G0 F6000 X106.399 Y72.897
G1 F1200 X106.399 Y89.13 E1427.91532
G0 F6000 X105.599 Y88.559
G1 F1200 X105.599 Y72.897 E1428.95716
G0 F6000 X104.799 Y72.897
G1 F1200 X104.799 Y88.211 E1429.97585
G0 F6000 X103.999 Y88.01
G1 F1200 X103.999 Y72.897 E1430.98117
G0 F6000 X103.199 Y72.897
G1 F1200 X103.199 Y87.937 E1431.98164
G0 F6000 X102.399 Y88.005
G1 F1200 X102.399 Y72.897 E1432.98663
G0 F6000 X101.599 Y72.897
G1 F1200 X101.599 Y88.206 E1434.00498
G0 F6000 X100.799 Y88.571
G1 F1200 X100.799 Y72.897 E1435.04762
G1 F1500 E1434.04762
G0 F6000 X100.799 Y69.122
G0 X104.324 Y93.013
G0 X107.999 Y93.865
G1 F1500 E1435.07423
G1 F1200 X107.999 Y211.837 E1442.92176
G0 F6000 X107.199 Y210.023
G1 F1200 X107.199 Y95.684 E1450.52762
G0 F6000 X106.399 Y96.579
G1 F1200 X106.399 Y209.146 E1458.01561
G0 F6000 X105.599 Y208.575
G1 F1200 X105.599 Y97.129 E1465.42903
G0 F6000 X104.799 Y97.493
G1 F1200 X104.799 Y208.227 E1472.79508
G0 F6000 X103.999 Y208.026
G1 F1200 X103.999 Y97.693 E1480.13446
G0 F6000 X103.199 Y97.756
G1 F1200 X103.199 Y207.953 E1487.4648
G0 F6000 X102.399 Y208.021
G1 F1200 X102.399 Y97.696 E1494.80365
G0 F6000 X101.599 Y97.493
G1 F1200 X101.599 Y208.222 E1502.16937
G0 F6000 X100.799 Y208.587
G1 F1200 X100.799 Y97.128 E1509.58365
G1 F1500 E1508.58365
G0 F6000 X102.706 Y93.873
G0 X195.84 Y92.243
G0 X192.8 Y90.007
G1 F1500 E1509.61026
G1 F1200 X192.8 Y72.897 E1510.74842
G0 F6000 X193.6 Y72.897
G1 F1200 X193.6 Y89.132 E1511.82838
G0 F6000 X194.4 Y88.571
G1 F1200 X194.4 Y72.897 E1512.87102
G0 F6000 X195.2 Y72.897
G1 F1200 X195.2 Y88.205 E1513.88931
G0 F6000 X196 Y88.005
G1 F1200 X196 Y72.897 E1514.8943
G0 F6000 X196.8 Y72.897
G1 F1200 X196.8 Y87.937 E1515.89476
G0 F6000 X197.6 Y88.01
G1 F1200 X197.6 Y72.897 E1516.90008
G0 F6000 X198.4 Y72.897
G1 F1200 X198.4 Y88.211 E1517.91877
G0 F6000 X199.2 Y88.559
G1 F1200 X199.2 Y72.897 E1518.96062
G1 F1500 E1517.96062
G0 F6000 X199.2 Y69.122
G0 X104.324 Y213.028
G0 X107.999 Y213.881
G1 F1500 E1518.98722
G1 F1200 X107.999 Y227.102 E1519.86669
G0 F6000 X107.199 Y227.102
G1 F1200 X107.199 Y215.7 E1520.62515
G0 F6000 X106.399 Y216.595
G1 F1200 X106.399 Y227.102 E1521.32408
G0 F6000 X105.599 Y227.102
G1 F1200 X105.599 Y217.145 E1521.98642
G0 F6000 X104.799 Y217.509
G1 F1200 X104.799 Y227.102 E1522.62455
G0 F6000 X103.999 Y227.102
G1 F1200 X103.999 Y217.709 E1523.24938
G0 F6000 X103.199 Y217.772
G1 F1200 X103.199 Y227.102 E1523.87001
G0 F6000 X102.399 Y227.102
G1 F1200 X102.399 Y217.712 E1524.49464
G0 F6000 X101.599 Y217.509
G1 F1200 X101.599 Y227.102 E1525.13277
G0 F6000 X100.799 Y227.102
G1 F1200 X100.799 Y217.144 E1525.79517
G1 F1500 E1524.79517
G0 F6000 X102.706 Y213.888
G0 X144.325 Y215.8
G0 X144.407 Y214.545
G0 X158.844 Y214.477
G0 X158.922 Y216.471
G0 X194.739 Y218.117
G0 X198.085 Y217.269
G1 F1500 E1525.82178
G1 F1200 X198.225 Y217.233 E1525.8314
G1 X198.808 Y217 E1525.87316
G1 X199.305 Y216.715 E1525.91127
G1 X199.766 Y216.376 E1525.94934
G1 X200.055 Y216.094 E1525.9762
G1 X200.055 Y227.129 E1526.71025
G1 X199.972 Y227.362 E1526.7267
G1 X199.711 Y227.423 E1526.74453
G1 X198.271 Y227.423 E1526.84032
G1 X198.271 Y218.565 E1527.42956
G1 X198.232 Y218.011 E1527.4665
G1 X198.146 Y217.505 E1527.50064
G1 X198.085 Y217.269 E1527.51686
G0 F6000 X199.199 Y217.143
G1 F1200 X199.199 Y227.102 E1528.17933
G1 F1500 E1527.17933
;MESH:NONMESH
G0 F300 X199.199 Y227.102 Z0.4
G0 F6000 X199.199 Y230.878
G0 X197.334 Y211.863
G0 X198.456 Y209.441
;TIME_ELAPSED:1187.502970
;LAYER:1
;TYPE:WALL-INNER
;MESH:Top of Case V2.STL
G1 F1500 E1528.20594
G1 F1800 X197.975 Y209.247 E1528.24044
G1 X197.467 Y209.12 E1528.27527
G1 X197.017 Y209.069 E1528.3054
G1 X196.689 Y209.063 E1528.32722
G1 X196.095 Y209.127 E1528.36696
G1 X195.618 Y209.249 E1528.39971
G1 X195.128 Y209.447 E1528.43487
G1 X194.675 Y209.712 E1528.46978
G1 X194.292 Y210.006 E1528.5019
G1 X193.858 Y210.452 E1528.5433
G1 X193.569 Y210.857 E1528.57639
G1 X193.323 Y211.32 E1528.61127
G1 X193.142 Y211.818 E1528.64652
G1 X193.033 Y212.328 E1528.68121
G1 X192.998 Y212.801 E1528.71276
G1 X193.017 Y213.27 E1528.74398
G1 X193.102 Y213.757 E1528.77687
G1 X192.994 Y213.74
G1 X192.576 Y213.715 E1528.79182
G1 X186.274 Y213.716 E1529.21103
G1 X185.77 Y213.763 E1529.2447
G1 X185.343 Y213.842 E1529.27359
G1 X184.852 Y213.983 E1529.30757
G1 X184.419 Y214.156 E1529.33859
G1 X183.984 Y214.38 E1529.37113
G1 X183.6 Y214.624 E1529.4014
G1 X183.251 Y214.893 E1529.43071
G1 X182.923 Y215.194 E1529.46032
G1 X182.578 Y215.581 E1529.49481
G1 X182.279 Y215.997 E1529.52889
G1 X182.058 Y216.377 E1529.55813
G1 X181.862 Y216.785 E1529.58824
G1 X181.671 Y217.329 E1529.62659
G1 X181.566 Y217.776 E1529.65714
G1 X181.501 Y218.214 E1529.68659
G1 X181.478 Y218.67 E1529.71696
G1 X181.478 Y228.213 E1530.35177
G1 X161.508 Y228.213 E1531.68018
G1 X161.508 Y214.408 E1532.59849
G1 X161.481 Y213.984 E1532.62675
G1 X161.396 Y213.472 E1532.66128
G1 X161.239 Y212.904 E1532.70048
G1 X161.07 Y212.48 E1532.73084
G1 X160.873 Y212.091 E1532.75984
G1 X160.606 Y211.665 E1532.79329
G1 X160.271 Y211.235 E1532.82955
G1 X159.856 Y210.815 E1532.86882
G1 X159.498 Y210.522 E1532.8996
G1 X159.07 Y210.236 E1532.93384
G1 X158.608 Y209.993 E1532.96856
G1 X158.123 Y209.798 E1533.00334
G1 X157.62 Y209.655 E1533.03812
G1 X157.11 Y209.567 E1533.07255
G1 X156.676 Y209.534 E1533.1015
G1 X146.621 Y209.533 E1533.77036
G1 X146.193 Y209.56 E1533.79889
G1 X145.614 Y209.657 E1533.83794
G1 X145.172 Y209.784 E1533.86853
G1 X144.698 Y209.967 E1533.90233
G1 X144.247 Y210.196 E1533.93598
G1 X143.855 Y210.448 E1533.96698
G1 X143.454 Y210.762 E1534.00086
G1 X143.126 Y211.078 E1534.03115
G1 X142.79 Y211.466 E1534.0653
G1 X142.492 Y211.895 E1534.10004
G1 X142.24 Y212.354 E1534.13487
G1 X142.038 Y212.833 E1534.16946
G1 X141.884 Y213.338 E1534.20458
G1 X141.788 Y213.853 E1534.23942
G1 X141.746 Y214.327 E1534.27108
G1 X141.742 Y214.514 E1534.28352
G1 X141.742 Y228.213 E1535.19478
G1 X100.162 Y228.212 E1537.96069
G1 X99.893 Y228.172 E1537.97878
G1 X99.719 Y228.105 E1537.99119
G1 X99.474 Y227.94 E1538.01084
G1 X99.26 Y227.648 E1538.03492
G1 X99.161 Y227.293 E1538.05943
G1 X99.156 Y227.195 E1538.06596
G1 X99.156 Y214.413 E1538.91622
G1 X99.156 Y213.4 E1538.98361
G1 X99.156 Y212.332 E1539.05465
G1 X99.156 Y211.321 E1539.1219
G1 X99.156 Y94.398 E1546.89965
G1 X99.156 Y93.385 E1546.96704
G1 X99.156 Y92.317 E1547.03808
G1 X99.156 Y91.306 E1547.10533
G1 X99.155 Y72.836 E1548.33396
G1 X99.196 Y72.517 E1548.35536
G1 X99.395 Y72.144 E1548.38348
G1 X99.486 Y72.051 E1548.39214
G1 X99.697 Y71.907 E1548.40913
G1 X100.062 Y71.795 E1548.43453
G1 X100.209 Y71.787 E1548.44432
G1 X199.827 Y71.788 E1555.07094
G1 X200.141 Y71.836 E1555.09207
G1 X200.341 Y71.924 E1555.1066
G1 X200.665 Y72.223 E1555.13593
G1 X200.807 Y72.533 E1555.15861
G1 X200.844 Y72.801 E1555.17661
G1 X200.844 Y91.731 E1556.43583
G1 X200.844 Y92.659 E1556.49757
G1 X200.844 Y93.648 E1556.56335
G1 X200.844 Y94.635 E1556.62901
G1 X200.844 Y211.746 E1564.41927
G1 X200.844 Y212.674 E1564.481
G1 X200.844 Y213.663 E1564.54678
G1 X200.844 Y214.649 E1564.61237
G1 X200.845 Y227.169 E1565.44521
G1 X200.815 Y227.432 E1565.46282
G1 X200.73 Y227.662 E1565.47913
G1 X200.596 Y227.861 E1565.49509
G1 X200.397 Y228.04 E1565.51289
G1 X200.103 Y228.173 E1565.53436
G1 X199.791 Y228.213 E1565.55528
G1 X197.481 Y228.213 E1565.70894
G1 X197.481 Y218.591 E1566.349
G1 X197.454 Y218.163 E1566.37753
G1 X197.368 Y217.652 E1566.412
G1 X197.212 Y217.088 E1566.45092
G1 X197.038 Y216.653 E1566.48209
G1 X197.503 Y216.603 E1566.49714
G1 X197.98 Y216.481 E1566.52989
G1 X198.465 Y216.287 E1566.56463
G1 X198.879 Y216.049 E1566.5964
G1 X199.25 Y215.774 E1566.62712
G1 X199.585 Y215.453 E1566.65798
G1 X199.884 Y215.09 E1566.68927
G1 X200.158 Y214.65 E1566.72375
G1 X200.375 Y214.163 E1566.75433
G1 X200.517 Y213.663 E1566.77037
G1 X200.59 Y213.19 E1566.78098
G1 X200.599 Y212.674 E1566.78972
G1 X200.544 Y212.201 E1566.79781
G1 X200.435 Y211.746 E1566.81074
G1 X200.246 Y211.25 E1566.84605
G1 X199.96 Y210.746 E1566.88459
G1 X199.666 Y210.365 E1566.91661
G1 X199.329 Y210.023 E1566.94854
G1 X198.877 Y209.678 E1566.98637
G1 X198.456 Y209.441 E1567.01851
G1 F1500 E1566.01851
G0 F7500 X197.288 Y211.841
G0 X196.003 Y213.674
G0 X194.698 Y215.146
G1 F1500 E1567.04512
G1 F1800 X194.453 Y215.007 E1567.06385
G1 X194.131 Y214.842 E1567.08792
G1 X193.754 Y214.711 E1567.11447
G1 X193.34 Y214.602 E1567.14295
G1 X192.91 Y214.536 E1567.17189
G1 X192.553 Y214.515 E1567.19568
G1 X186.311 Y214.516 E1567.61089
G1 X185.881 Y214.556 E1567.63962
G1 X185.527 Y214.622 E1567.66358
G1 X185.111 Y214.741 E1567.69236
G1 X184.751 Y214.885 E1567.71815
G1 X184.382 Y215.075 E1567.74576
G1 X184.059 Y215.28 E1567.77121
G1 X183.767 Y215.505 E1567.79573
G1 X183.494 Y215.756 E1567.8204
G1 X183.203 Y216.082 E1567.84947
G1 X182.951 Y216.433 E1567.87821
G1 X182.765 Y216.752 E1567.90277
G1 X182.602 Y217.091 E1567.92779
G1 X182.44 Y217.554 E1567.96042
G1 X182.352 Y217.927 E1567.98592
G1 X182.298 Y218.293 E1568.01053
G1 X182.278 Y218.69 E1568.03697
G1 X182.278 Y229.013 E1568.72366
G1 X160.708 Y229.013 E1570.1585
G1 X160.708 Y214.434 E1571.1283
G1 X160.685 Y214.075 E1571.15223
G1 X160.614 Y213.644 E1571.18129
G1 X160.48 Y213.16 E1571.21469
G1 X160.34 Y212.81 E1571.23977
G1 X160.175 Y212.484 E1571.26407
G1 X159.95 Y212.124 E1571.29231
G1 X159.669 Y211.764 E1571.32269
G1 X159.317 Y211.407 E1571.35604
G1 X159.022 Y211.166 E1571.38138
G1 X158.66 Y210.924 E1571.41035
G1 X158.272 Y210.72 E1571.43951
G1 X157.864 Y210.556 E1571.46876
G1 X157.442 Y210.436 E1571.49794
G1 X157.012 Y210.362 E1571.52697
G1 X156.645 Y210.334 E1571.55145
G1 X146.646 Y210.333 E1572.21659
G1 X146.285 Y210.356 E1572.24065
G1 X145.791 Y210.439 E1572.27397
G1 X145.427 Y210.543 E1572.29915
G1 X145.024 Y210.699 E1572.3279
G1 X144.645 Y210.891 E1572.35616
G1 X144.319 Y211.101 E1572.38196
G1 X143.979 Y211.367 E1572.41067
G1 X143.707 Y211.629 E1572.43579
G1 X143.423 Y211.957 E1572.46466
G1 X143.173 Y212.317 E1572.49381
G1 X142.961 Y212.703 E1572.52311
G1 X142.791 Y213.106 E1572.5522
G1 X142.662 Y213.529 E1572.58162
G1 X142.581 Y213.962 E1572.61092
G1 X142.545 Y214.37 E1572.63817
G1 X142.542 Y214.522 E1572.64828
G1 X142.542 Y229.013 E1573.61222
G1 X100.104 Y229.012 E1576.43521
G1 X99.688 Y228.95 E1576.46319
G1 X99.346 Y228.819 E1576.48755
G1 X98.973 Y228.568 E1576.51746
G1 X98.847 Y228.448 E1576.52903
G1 X98.663 Y228.216 E1576.54873
G1 X98.534 Y227.991 E1576.56598
G1 X98.41 Y227.648 E1576.59024
G1 X98.365 Y227.385 E1576.60799
G1 X98.356 Y227.221 E1576.61892
G1 X98.355 Y72.782 E1586.89224
G1 X98.41 Y72.351 E1586.92115
G1 X98.458 Y72.192 E1586.93219
G1 X98.568 Y71.942 E1586.95036
G1 X98.768 Y71.642 E1586.97435
G1 X98.97 Y71.434 E1586.99363
G1 X99.322 Y71.194 E1587.02197
G1 X99.716 Y71.043 E1587.05004
G1 X99.977 Y70.998 E1587.06766
G1 X100.186 Y70.987 E1587.08158
G1 X199.887 Y70.988 E1593.71372
G1 X200.33 Y71.055 E1593.74352
G1 X200.508 Y71.115 E1593.75602
G1 X200.765 Y71.241 E1593.77506
G1 X201.086 Y71.485 E1593.80188
G1 X201.319 Y71.757 E1593.8257
G1 X201.458 Y71.991 E1593.84381
G1 X201.581 Y72.319 E1593.86711
G1 X201.63 Y72.573 E1593.88432
G1 X201.644 Y72.775 E1593.89779
G1 X201.645 Y227.218 E1604.17138
G1 X201.599 Y227.616 E1604.19803
G1 X201.447 Y228.031 E1604.22743
G1 X201.206 Y228.389 E1604.25614
G1 X200.875 Y228.687 E1604.28576
G1 X200.654 Y228.819 E1604.30289
G1 X200.313 Y228.95 E1604.32719
G1 X199.929 Y229.01 E1604.35304
G1 X199.812 Y229.013 E1604.36083
G1 X196.681 Y229.013 E1604.5691
G1 X196.681 Y218.616 E1605.26071
G1 X196.658 Y218.255 E1605.28477
G1 X196.586 Y217.825 E1605.31378
G1 X196.453 Y217.343 E1605.34704
G1 X196.312 Y216.989 E1605.37238
G1 X196.117 Y216.609 E1605.4008
G1 X195.831 Y216.179 E1605.43515
G1 X195.503 Y215.798 E1605.46859
G1 X195.248 Y215.554 E1605.49207
G1 X195.002 Y215.354 E1605.51316
G1 X194.698 Y215.146 E1605.53766
G1 F1500 E1604.53766
G0 F7500 X196.003 Y213.674
G0 X197.288 Y211.841
G0 X197.762 Y210.887
;TYPE:WALL-OUTER
G1 F1500 E1605.56427
G1 F1800 X197.479 Y210.773 E1605.58456
G1 X197.18 Y210.698 E1605.60507
G1 X196.913 Y210.667 E1605.62295
G1 X196.762 Y210.665 E1605.633
G1 X196.381 Y210.705 E1605.65848
G1 X196.118 Y210.773 E1605.67655
G1 X195.834 Y210.887 E1605.69691
G1 X195.569 Y211.042 E1605.71733
G1 X195.358 Y211.204 E1605.73502
G1 X195.09 Y211.48 E1605.76061
G1 X194.933 Y211.7 E1605.77859
G1 X194.789 Y211.972 E1605.79907
G1 X194.684 Y212.26 E1605.81946
G1 X194.621 Y212.556 E1605.83959
G1 X194.6 Y212.829 E1605.8578
G1 X194.611 Y213.097 E1605.87564
G1 X194.664 Y213.396 E1605.89584
G1 X194.745 Y213.654 E1605.91383
G1 X194.876 Y213.935 E1605.93446
G1 X195.066 Y214.22 E1605.95724
G1 X195.243 Y214.42 E1605.97501
G1 X195.476 Y214.623 E1605.99556
G1 X195.731 Y214.788 E1606.01577
G1 X195.976 Y214.905 E1606.03383
G1 X196.268 Y215 E1606.05425
G1 X196.568 Y215.053 E1606.07452
G1 X196.837 Y215.065 E1606.09243
G1 X197.218 Y215.025 E1606.11791
G1 X197.481 Y214.957 E1606.13598
G1 X197.766 Y214.843 E1606.1564
G1 X198.001 Y214.708 E1606.17443
G1 X198.217 Y214.548 E1606.19231
G1 X198.411 Y214.363 E1606.21014
G1 X198.582 Y214.155 E1606.22806
G1 X198.742 Y213.898 E1606.24819
G1 X198.867 Y213.617 E1606.26865
G1 X198.951 Y213.321 E1606.28912
G1 X198.992 Y213.054 E1606.30709
G1 X198.997 Y212.752 E1606.32718
G1 X198.966 Y212.481 E1606.34533
G1 X198.903 Y212.22 E1606.36319
G1 X198.794 Y211.934 E1606.38355
G1 X198.624 Y211.634 E1606.40648
G1 X198.458 Y211.419 E1606.42455
G1 X198.269 Y211.227 E1606.44247
G1 X197.995 Y211.018 E1606.4654
G1 X197.762 Y210.887 E1606.48318
G0 F7500 X198.142 Y210.094
G1 F1500 E1605.48318
G0 F7500 X197.148 Y211.785
G0 X103.997 Y212.056
G0 X105.73 Y210.023
;TYPE:WALL-INNER
G1 F1500 E1606.50979
G1 F1800 X105.278 Y209.678 E1606.54761
G1 X104.857 Y209.441 E1606.57975
G1 X104.376 Y209.247 E1606.61425
G1 X103.868 Y209.12 E1606.64908
G1 X103.418 Y209.069 E1606.67921
G1 X103.09 Y209.063 E1606.70103
G1 X102.496 Y209.127 E1606.74077
G1 X102.019 Y209.249 E1606.77352
G1 X101.529 Y209.447 E1606.80868
G1 X101.076 Y209.712 E1606.84359
G1 X100.693 Y210.006 E1606.87571
G1 X100.259 Y210.452 E1606.9171
G1 X99.97 Y210.857 E1606.9502
G1 X99.724 Y211.32 E1606.98508
G1 X99.543 Y211.818 E1607.01345
G1 X99.434 Y212.332 E1607.02641
G1 X99.396 Y212.866 E1607.0375
G1 X99.434 Y213.4 E1607.04859
G1 X99.543 Y213.914 E1607.06158
G1 X99.724 Y214.413 E1607.08461
G1 X99.977 Y214.887 E1607.12035
G1 X100.282 Y215.303 E1607.15466
G1 X100.603 Y215.643 E1607.18577
G1 X100.966 Y215.944 E1607.21714
G1 X101.356 Y216.19 E1607.24781
G1 X101.783 Y216.395 E1607.27932
G1 X102.281 Y216.556 E1607.31413
G1 X102.793 Y216.647 E1607.34873
G1 X103.286 Y216.669 E1607.38155
G1 X103.904 Y216.603 E1607.4229
G1 X104.381 Y216.481 E1607.45565
G1 X104.866 Y216.287 E1607.4904
G1 X105.28 Y216.049 E1607.52216
G1 X105.651 Y215.774 E1607.55288
G1 X105.986 Y215.453 E1607.58374
G1 X106.285 Y215.09 E1607.61503
G1 X106.559 Y214.65 E1607.64951
G1 X106.776 Y214.163 E1607.68497
G1 X106.918 Y213.663 E1607.71955
G1 X106.991 Y213.19 E1607.75139
G1 X107 Y212.674 E1607.78572
G1 X106.945 Y212.201 E1607.81739
G1 X106.836 Y211.746 E1607.84851
G1 X106.647 Y211.25 E1607.88382
G1 X106.361 Y210.746 E1607.92237
G1 X106.067 Y210.365 E1607.95438
G1 X105.73 Y210.023 E1607.98632
G0 F7500 X105.2 Y210.625
G1 F1800 X104.837 Y210.348 E1608.0167
G1 X104.51 Y210.164 E1608.04166
G1 X104.128 Y210.01 E1608.06905
G1 X103.725 Y209.909 E1608.09669
G1 X103.366 Y209.868 E1608.12073
G1 X103.126 Y209.864 E1608.13669
G1 X102.639 Y209.916 E1608.16927
G1 X102.269 Y210.011 E1608.19468
G1 X101.882 Y210.167 E1608.22244
G1 X101.523 Y210.377 E1608.25011
G1 X101.226 Y210.605 E1608.27501
G1 X100.875 Y210.966 E1608.30851
G1 X100.652 Y211.279 E1608.33407
G1 X100.457 Y211.646 E1608.36172
G1 X100.314 Y212.039 E1608.38954
G1 X100.228 Y212.444 E1608.41708
G1 X100.198 Y212.866 E1608.44522
G1 X100.228 Y213.288 E1608.47336
G1 X100.314 Y213.693 E1608.5009
G1 X100.457 Y214.087 E1608.52879
G1 X100.656 Y214.46 E1608.55691
G1 X100.898 Y214.79 E1608.58413
G1 X101.151 Y215.058 E1608.60865
G1 X101.437 Y215.295 E1608.63335
G1 X101.744 Y215.489 E1608.65751
G1 X102.08 Y215.65 E1608.6823
G1 X102.475 Y215.778 E1608.70992
G1 X102.881 Y215.85 E1608.73734
G1 X103.262 Y215.867 E1608.76271
G1 X103.762 Y215.814 E1608.79616
G1 X104.132 Y215.719 E1608.82157
G1 X104.517 Y215.565 E1608.84915
G1 X104.841 Y215.379 E1608.87401
G1 X105.134 Y215.161 E1608.8983
G1 X105.399 Y214.908 E1608.92267
G1 X105.634 Y214.622 E1608.94729
G1 X105.851 Y214.274 E1608.97458
G1 X106.022 Y213.89 E1609.00254
G1 X106.135 Y213.492 E1609.03006
G1 X106.192 Y213.122 E1609.05496
G1 X106.199 Y212.713 E1609.08217
G1 X106.156 Y212.341 E1609.10708
G1 X106.07 Y211.983 E1609.13157
G1 X105.921 Y211.592 E1609.15941
G1 X105.693 Y211.19 E1609.19015
G1 X105.463 Y210.892 E1609.21519
G1 X105.2 Y210.625 E1609.24012
G0 F7500 X104.67 Y211.227
;TYPE:WALL-OUTER
G1 F1800 X104.396 Y211.018 E1609.26305
G1 X104.163 Y210.887 E1609.28083
G1 X103.88 Y210.773 E1609.30112
G1 X103.581 Y210.698 E1609.32163
G1 X103.314 Y210.667 E1609.33951
G1 X103.163 Y210.665 E1609.34955
G1 X102.782 Y210.705 E1609.37504
G1 X102.519 Y210.773 E1609.39311
G1 X102.235 Y210.887 E1609.41346
G1 X101.97 Y211.042 E1609.43389
G1 X101.759 Y211.204 E1609.45158
G1 X101.491 Y211.48 E1609.47717
G1 X101.334 Y211.7 E1609.49515
G1 X101.19 Y211.972 E1609.51562
G1 X101.085 Y212.26 E1609.53601
G1 X101.022 Y212.556 E1609.55615
G1 X101 Y212.866 E1609.57682
G1 X101.022 Y213.176 E1609.59749
G1 X101.085 Y213.472 E1609.61762
G1 X101.19 Y213.761 E1609.63808
G1 X101.335 Y214.033 E1609.65858
G1 X101.514 Y214.277 E1609.67871
G1 X101.699 Y214.473 E1609.69664
G1 X101.908 Y214.646 E1609.71469
G1 X102.132 Y214.788 E1609.73233
G1 X102.377 Y214.905 E1609.75039
G1 X102.669 Y215 E1609.77082
G1 X102.969 Y215.053 E1609.79108
G1 X103.238 Y215.065 E1609.80899
G1 X103.619 Y215.025 E1609.83448
G1 X103.882 Y214.957 E1609.85255
G1 X104.167 Y214.843 E1609.87297
G1 X104.402 Y214.708 E1609.89099
G1 X104.618 Y214.548 E1609.90887
G1 X104.812 Y214.363 E1609.92671
G1 X104.983 Y214.155 E1609.94462
G1 X105.143 Y213.898 E1609.96476
G1 X105.268 Y213.617 E1609.98521
G1 X105.352 Y213.321 E1610.00568
G1 X105.393 Y213.054 E1610.02365
G1 X105.398 Y212.752 E1610.04374
G1 X105.367 Y212.481 E1610.06189
G1 X105.304 Y212.22 E1610.07975
G1 X105.195 Y211.934 E1610.10011
G1 X105.025 Y211.634 E1610.12305
G1 X104.859 Y211.419 E1610.14111
G1 X104.67 Y211.227 E1610.15904
G0 F7500 X105.251 Y210.567
G1 F1500 E1609.15904
G0 F7500 X103.885 Y211.959
G0 X104.285 Y92.515
G0 X106.647 Y91.235
;TYPE:WALL-INNER
G1 F1500 E1610.18564
G1 F1800 X106.361 Y90.731 E1610.22419
G1 X106.067 Y90.35 E1610.2562
G1 X105.73 Y90.008 E1610.28814
G1 X105.278 Y89.663 E1610.32597
G1 X104.857 Y89.426 E1610.35811
G1 X104.376 Y89.232 E1610.39261
G1 X103.868 Y89.105 E1610.42744
G1 X103.418 Y89.054 E1610.45756
G1 X103.09 Y89.048 E1610.47939
G1 X102.496 Y89.112 E1610.51913
G1 X102.019 Y89.234 E1610.55188
G1 X101.529 Y89.432 E1610.58704
G1 X101.076 Y89.697 E1610.62195
G1 X100.693 Y89.991 E1610.65406
G1 X100.259 Y90.437 E1610.69546
G1 X99.97 Y90.842 E1610.72856
G1 X99.724 Y91.305 E1610.76343
G1 X99.543 Y91.803 E1610.79181
G1 X99.434 Y92.317 E1610.80477
G1 X99.396 Y92.851 E1610.81586
G1 X99.434 Y93.385
G1 X99.543 Y93.899 E1610.82885
G1 X99.724 Y94.398 E1610.85188
G1 X99.977 Y94.872 E1610.88762
G1 X100.282 Y95.288 E1610.92193
G1 X100.603 Y95.628 E1610.95304
G1 X100.966 Y95.929 E1610.98441
G1 X101.356 Y96.175 E1611.01508
G1 X101.783 Y96.38 E1611.04659
G1 X102.281 Y96.541 E1611.0814
G1 X102.793 Y96.632 E1611.11599
G1 X103.286 Y96.654 E1611.14882
G1 X103.904 Y96.588 E1611.19017
G1 X104.381 Y96.466 E1611.22292
G1 X104.866 Y96.272 E1611.25766
G1 X105.28 Y96.034 E1611.28943
G1 X105.651 Y95.759 E1611.32015
G1 X105.986 Y95.438 E1611.35101
G1 X106.285 Y95.075 E1611.3823
G1 X106.559 Y94.635 E1611.41678
G1 X106.776 Y94.148 E1611.45224
G1 X106.918 Y93.648 E1611.48682
G1 X106.991 Y93.175 E1611.51865
G1 X107 Y92.659 E1611.55298
G1 X106.945 Y92.186 E1611.58466
G1 X106.836 Y91.731 E1611.61578
G1 X106.647 Y91.235 E1611.65109
G0 F7500 X105.921 Y91.577
G1 F1800 X105.693 Y91.175 E1611.68183
G1 X105.463 Y90.877 E1611.70687
G1 X105.2 Y90.61 E1611.73181
G1 X104.837 Y90.333 E1611.76218
G1 X104.51 Y90.149 E1611.78714
G1 X104.128 Y89.995 E1611.81454
G1 X103.725 Y89.894 E1611.84217
G1 X103.366 Y89.853 E1611.86621
G1 X103.126 Y89.849 E1611.88218
G1 X102.639 Y89.901 E1611.91476
G1 X102.269 Y89.996 E1611.94017
G1 X101.882 Y90.152 E1611.96792
G1 X101.523 Y90.362 E1611.99559
G1 X101.226 Y90.59 E1612.0205
G1 X100.875 Y90.951 E1612.05399
G1 X100.652 Y91.264 E1612.07955
G1 X100.457 Y91.631 E1612.1072
G1 X100.314 Y92.024 E1612.13502
G1 X100.228 Y92.429 E1612.16256
G1 X100.198 Y92.851 E1612.1907
G1 X100.228 Y93.273 E1612.21885
G1 X100.314 Y93.678 E1612.24639
G1 X100.457 Y94.072 E1612.27427
G1 X100.656 Y94.445 E1612.30239
G1 X100.898 Y94.775 E1612.32961
G1 X101.151 Y95.043 E1612.35413
G1 X101.437 Y95.28 E1612.37884
G1 X101.744 Y95.474 E1612.40299
G1 X102.08 Y95.635 E1612.42778
G1 X102.475 Y95.763 E1612.4554
G1 X102.881 Y95.835 E1612.48283
G1 X103.262 Y95.852 E1612.5082
G1 X103.762 Y95.799 E1612.54164
G1 X104.132 Y95.704 E1612.56705
G1 X104.517 Y95.55 E1612.59464
G1 X104.841 Y95.364 E1612.61949
G1 X105.134 Y95.146 E1612.64378
G1 X105.399 Y94.893 E1612.66815
G1 X105.634 Y94.607 E1612.69278
G1 X105.851 Y94.259 E1612.72006
G1 X106.022 Y93.875 E1612.74802
G1 X106.135 Y93.477 E1612.77554
G1 X106.192 Y93.107 E1612.80044
G1 X106.199 Y92.698 E1612.82766
G1 X106.156 Y92.326 E1612.85257
G1 X106.07 Y91.968 E1612.87706
G1 X105.921 Y91.577 E1612.90489
G0 F7500 X105.195 Y91.919
;TYPE:WALL-OUTER
G1 F1800 X105.025 Y91.619 E1612.92783
G1 X104.859 Y91.404 E1612.9459
G1 X104.67 Y91.212 E1612.96382
G1 X104.396 Y91.003 E1612.98674
G1 X104.163 Y90.872 E1613.00452
G1 X103.88 Y90.758 E1613.02482
G1 X103.581 Y90.683 E1613.04533
G1 X103.314 Y90.652 E1613.06321
G1 X103.163 Y90.65 E1613.07325
G1 X102.782 Y90.69 E1613.09873
G1 X102.519 Y90.758 E1613.1168
G1 X102.235 Y90.872 E1613.13716
G1 X101.97 Y91.027 E1613.15758
G1 X101.759 Y91.189 E1613.17528
G1 X101.491 Y91.465 E1613.20087
G1 X101.334 Y91.685 E1613.21885
G1 X101.19 Y91.957 E1613.23932
G1 X101.085 Y92.245 E1613.25971
G1 X101.022 Y92.541 E1613.27984
G1 X101 Y92.851 E1613.30052
G1 X101.022 Y93.161 E1613.32119
G1 X101.085 Y93.457 E1613.34132
G1 X101.19 Y93.746 E1613.36177
G1 X101.335 Y94.018 E1613.38228
G1 X101.514 Y94.262 E1613.40241
G1 X101.699 Y94.458 E1613.42034
G1 X101.908 Y94.631 E1613.43838
G1 X102.132 Y94.773 E1613.45603
G1 X102.377 Y94.89 E1613.47409
G1 X102.669 Y94.985 E1613.49451
G1 X102.969 Y95.038 E1613.51478
G1 X103.238 Y95.05 E1613.53269
G1 X103.619 Y95.01 E1613.55817
G1 X103.882 Y94.942 E1613.57624
G1 X104.167 Y94.828 E1613.59666
G1 X104.402 Y94.693 E1613.61469
G1 X104.618 Y94.533 E1613.63257
G1 X104.812 Y94.348 E1613.6504
G1 X104.983 Y94.14 E1613.66832
G1 X105.143 Y93.883 E1613.68845
G1 X105.268 Y93.602 E1613.70891
G1 X105.352 Y93.306 E1613.72938
G1 X105.393 Y93.039 E1613.74735
G1 X105.398 Y92.737 E1613.76744
G1 X105.367 Y92.466 E1613.78559
G1 X105.304 Y92.205 E1613.80345
G1 X105.195 Y91.919 E1613.82381
G0 F7500 X105.991 Y91.545
G1 F1500 E1612.82381
G0 F7500 X104.26 Y92.441
G0 X197.596 Y92.041
G0 X199.666 Y90.35
;TYPE:WALL-INNER
G1 F1500 E1613.85041
G1 F1800 X199.329 Y90.008 E1613.88235
G1 X198.877 Y89.663 E1613.92018
G1 X198.456 Y89.426 E1613.95231
G1 X197.975 Y89.232 E1613.98682
G1 X197.467 Y89.105 E1614.02165
G1 X197.017 Y89.054 E1614.05177
G1 X196.689 Y89.048 E1614.0736
G1 X196.095 Y89.112 E1614.11334
G1 X195.618 Y89.234 E1614.14609
G1 X195.128 Y89.432 E1614.18124
G1 X194.675 Y89.697 E1614.21616
G1 X194.292 Y89.991 E1614.24827
G1 X193.858 Y90.437 E1614.28967
G1 X193.569 Y90.842 E1614.32277
G1 X193.323 Y91.305 E1614.35764
G1 X193.142 Y91.803 E1614.39289
G1 X193.033 Y92.313 E1614.42758
G1 X192.998 Y92.786 E1614.45913
G1 X193.017 Y93.255 E1614.49035
G1 X193.106 Y93.762 E1614.5246
G1 X193.251 Y94.22 E1614.55655
G1 X193.478 Y94.706 E1614.59223
G1 X193.795 Y95.183 E1614.63033
G1 X194.113 Y95.542 E1614.66224
G1 X194.51 Y95.89 E1614.69735
G1 X194.949 Y96.173 E1614.7321
G1 X195.382 Y96.38 E1614.76402
G1 X195.88 Y96.541 E1614.79884
G1 X196.392 Y96.632 E1614.83343
G1 X196.885 Y96.654 E1614.86626
G1 X197.503 Y96.588 E1614.9076
G1 X197.98 Y96.466 E1614.94035
G1 X198.465 Y96.272 E1614.9751
G1 X198.879 Y96.034 E1615.00687
G1 X199.25 Y95.759 E1615.03759
G1 X199.585 Y95.438 E1615.06845
G1 X199.884 Y95.075 E1615.09973
G1 X200.158 Y94.635 E1615.13421
G1 X200.375 Y94.148 E1615.16264
G1 X200.517 Y93.648 E1615.1787
G1 X200.59 Y93.175 E1615.18932
G1 X200.599 Y92.659 E1615.19805
G1 X200.544 Y92.186 E1615.20614
G1 X200.435 Y91.731 E1615.21155
G1 X200.246 Y91.235 E1615.24686
G1 X199.96 Y90.731 E1615.28541
G1 X199.666 Y90.35 E1615.31742
G0 F7500 X199.062 Y90.877
G1 F1800 X198.799 Y90.61 E1615.34235
G1 X198.436 Y90.333 E1615.37272
G1 X198.109 Y90.149 E1615.39768
G1 X197.727 Y89.995 E1615.42508
G1 X197.324 Y89.894 E1615.45272
G1 X196.965 Y89.853 E1615.47675
G1 X196.725 Y89.849 E1615.49272
G1 X196.238 Y89.901 E1615.5253
G1 X195.868 Y89.996 E1615.55071
G1 X195.481 Y90.152 E1615.57847
G1 X195.122 Y90.362 E1615.60613
G1 X194.825 Y90.59 E1615.63104
G1 X194.474 Y90.951 E1615.66453
G1 X194.251 Y91.264 E1615.6901
G1 X194.056 Y91.631 E1615.71774
G1 X193.913 Y92.024 E1615.74556
G1 X193.827 Y92.427 E1615.77297
G1 X193.799 Y92.8 E1615.79786
G1 X193.814 Y93.169 E1615.82242
G1 X193.885 Y93.571 E1615.84958
G1 X193.998 Y93.929 E1615.87455
G1 X194.177 Y94.313 E1615.90273
G1 X194.431 Y94.694 E1615.93319
G1 X194.678 Y94.974 E1615.95803
G1 X194.993 Y95.249 E1615.98584
G1 X195.34 Y95.473 E1616.01332
G1 X195.679 Y95.635 E1616.03831
G1 X196.074 Y95.763 E1616.06593
G1 X196.48 Y95.835 E1616.09336
G1 X196.861 Y95.852 E1616.11873
G1 X197.361 Y95.799 E1616.15218
G1 X197.731 Y95.704 E1616.17759
G1 X198.116 Y95.55 E1616.20517
G1 X198.44 Y95.364 E1616.23002
G1 X198.733 Y95.146 E1616.25432
G1 X198.998 Y94.893 E1616.27869
G1 X199.233 Y94.607 E1616.30331
G1 X199.45 Y94.259 E1616.33059
G1 X199.621 Y93.875 E1616.35855
G1 X199.734 Y93.477 E1616.38608
G1 X199.791 Y93.107 E1616.41098
G1 X199.798 Y92.698 E1616.43819
G1 X199.755 Y92.326 E1616.4631
G1 X199.669 Y91.968 E1616.48759
G1 X199.52 Y91.577 E1616.51542
G1 X199.292 Y91.175 E1616.54617
G1 X199.062 Y90.877 E1616.57121
G0 F7500 X198.458 Y91.404
;TYPE:WALL-OUTER
G1 F1800 X198.269 Y91.212 E1616.58913
G1 X197.995 Y91.003 E1616.61205
G1 X197.762 Y90.872 E1616.62983
G1 X197.479 Y90.758 E1616.65013
G1 X197.18 Y90.683 E1616.67064
G1 X196.913 Y90.652 E1616.68852
G1 X196.762 Y90.65 E1616.69856
G1 X196.381 Y90.69 E1616.72404
G1 X196.118 Y90.758 E1616.74211
G1 X195.834 Y90.872 E1616.76247
G1 X195.569 Y91.027 E1616.78289
G1 X195.358 Y91.189 E1616.80059
G1 X195.09 Y91.465 E1616.82618
G1 X194.933 Y91.685 E1616.84416
G1 X194.789 Y91.957 E1616.86463
G1 X194.684 Y92.245 E1616.88502
G1 X194.621 Y92.541 E1616.90515
G1 X194.6 Y92.814 E1616.92337
G1 X194.611 Y93.082 E1616.94121
G1 X194.664 Y93.381 E1616.96141
G1 X194.745 Y93.639 E1616.9794
G1 X194.876 Y93.92 E1617.00002
G1 X195.066 Y94.205 E1617.02281
G1 X195.243 Y94.405 E1617.04057
G1 X195.476 Y94.608 E1617.06113
G1 X195.731 Y94.773 E1617.08133
G1 X195.976 Y94.89 E1617.09939
G1 X196.268 Y94.985 E1617.11982
G1 X196.568 Y95.038 E1617.14008
G1 X196.837 Y95.05 E1617.158
G1 X197.218 Y95.01 E1617.18348
G1 X197.481 Y94.942 E1617.20155
G1 X197.766 Y94.828 E1617.22197
G1 X198.001 Y94.693 E1617.24
G1 X198.217 Y94.533 E1617.25788
G1 X198.411 Y94.348 E1617.27571
G1 X198.582 Y94.14 E1617.29362
G1 X198.742 Y93.883 E1617.31376
G1 X198.867 Y93.602 E1617.33422
G1 X198.951 Y93.306 E1617.35469
G1 X198.992 Y93.039 E1617.37265
G1 X198.997 Y92.737 E1617.39275
G1 X198.966 Y92.466 E1617.41089
G1 X198.903 Y92.205 E1617.42875
G1 X198.794 Y91.919 E1617.44911
G1 X198.624 Y91.619 E1617.47205
G1 X198.458 Y91.404 E1617.49012
G0 F7500 X199.121 Y90.826
G1 F1500 E1616.49012
G0 F7500 X197.742 Y92.217
G0 X196.858 Y211.731
G0 X196.965 Y209.868
;TYPE:WALL-INNER
G1 F1500 E1617.51672
G1 F1800 X196.725 Y209.864 E1617.53269
G1 X196.238 Y209.916 E1617.56527
G1 X195.868 Y210.011 E1617.59068
G1 X195.481 Y210.167 E1617.61844
G1 X195.122 Y210.377 E1617.64611
G1 X194.825 Y210.605 E1617.67101
G1 X194.474 Y210.966 E1617.70451
G1 X194.251 Y211.279 E1617.73007
G1 X194.056 Y211.646 E1617.75772
G1 X193.913 Y212.039 E1617.78553
G1 X193.827 Y212.442 E1617.81295
G1 X193.799 Y212.815 E1617.83783
G1 X193.814 Y213.184 E1617.86239
G1 X193.885 Y213.586 E1617.88955
G1 X193.998 Y213.944 E1617.91452
G1 X194.177 Y214.328 E1617.9427
G1 X194.431 Y214.709 E1617.96131
G1 X194.678 Y214.989 E1617.97688
G1 X194.993 Y215.264 E1617.98666
G1 X195.34 Y215.488 E1617.99271
G1 X195.679 Y215.65 E1618.00165
G1 X196.074 Y215.778 E1618.01268
G1 X196.48 Y215.85 E1618.03285
G1 X196.861 Y215.867 E1618.05822
G1 X197.361 Y215.814 E1618.09167
G1 X197.731 Y215.719 E1618.11708
G1 X198.116 Y215.565 E1618.14466
G1 X198.44 Y215.379 E1618.16951
G1 X198.733 Y215.161 E1618.19381
G1 X198.998 Y214.908 E1618.21818
G1 X199.233 Y214.622 E1618.2428
G1 X199.45 Y214.274 E1618.27008
G1 X199.621 Y213.89 E1618.29804
G1 X199.734 Y213.492 E1618.32556
G1 X199.791 Y213.122 E1618.35047
G1 X199.798 Y212.713 E1618.37768
G1 X199.755 Y212.341 E1618.40259
G1 X199.669 Y211.983 E1618.42708
G1 X199.52 Y211.592 E1618.45491
G1 X199.292 Y211.19 E1618.48566
G1 X199.062 Y210.892 E1618.5107
G1 X198.799 Y210.625 E1618.53563
G1 X198.436 Y210.348 E1618.566
G1 X198.109 Y210.164 E1618.59096
G1 X197.727 Y210.01 E1618.61836
G1 X197.324 Y209.909 E1618.646
G1 X196.965 Y209.868 E1618.67003
G1 F1500 E1617.67003
G0 F7500 X196.858 Y211.731
G0 X203.119 Y71.142
G0 X201.982 Y71.307
;TYPE:WALL-OUTER
G1 F1500 E1618.69664
G1 F1800 X202.173 Y71.629 E1618.72154
G1 X202.279 Y71.873 E1618.73924
G1 X202.356 Y72.116 E1618.7562
G1 X202.425 Y72.468 E1618.78006
G1 X202.444 Y72.751 E1618.79893
G1 X202.445 Y227.236 E1629.07531
G1 X202.427 Y227.522 E1629.09437
G1 X202.379 Y227.799 E1629.11307
G1 X202.293 Y228.09 E1629.13326
G1 X202.164 Y228.389 E1629.15492
G1 X201.996 Y228.674 E1629.17693
G1 X201.808 Y228.918 E1629.19742
G1 X201.611 Y229.12 E1629.21619
G1 X201.335 Y229.343 E1629.23979
G1 X201.021 Y229.531 E1629.26413
G1 X200.767 Y229.644 E1629.28263
G1 X200.52 Y229.724 E1629.2999
G1 X200.243 Y229.782 E1629.31872
G1 X199.98 Y229.809 E1629.33631
G1 X199.834 Y229.813 E1629.34603
G1 X195.881 Y229.813 E1629.60898
G1 X195.881 Y218.642 E1630.35208
G1 X195.862 Y218.347 E1630.37174
G1 X195.804 Y217.998 E1630.39528
G1 X195.693 Y217.598 E1630.42289
G1 X195.583 Y217.32 E1630.44278
G1 X195.426 Y217.015 E1630.4656
G1 X195.192 Y216.663 E1630.49371
G1 X194.922 Y216.349 E1630.52126
G1 X194.719 Y216.155 E1630.53994
G1 X194.523 Y215.996 E1630.55673
G1 X194.273 Y215.825 E1630.57688
G1 X194.073 Y215.711 E1630.59219
G1 X193.816 Y215.58 E1630.61138
G1 X193.52 Y215.477 E1630.63223
G1 X193.176 Y215.386 E1630.6559
G1 X192.826 Y215.332 E1630.67945
G1 X192.53 Y215.315 E1630.69918
G1 X186.348 Y215.316 E1631.1104
G1 X185.991 Y215.349 E1631.13425
G1 X185.711 Y215.401 E1631.1532
G1 X185.371 Y215.499 E1631.17674
G1 X185.083 Y215.614 E1631.19736
G1 X184.78 Y215.77 E1631.22003
G1 X184.518 Y215.936 E1631.24067
G1 X184.283 Y216.117 E1631.2604
G1 X184.065 Y216.318 E1631.28012
G1 X183.828 Y216.583 E1631.30377
G1 X183.623 Y216.869 E1631.32718
G1 X183.472 Y217.127 E1631.34706
G1 X183.343 Y217.397 E1631.36697
G1 X183.209 Y217.779 E1631.3939
G1 X183.138 Y218.078 E1631.41434
G1 X183.095 Y218.371 E1631.43404
G1 X183.078 Y218.71 E1631.45662
G1 X183.078 Y229.813 E1632.19519
G1 X159.908 Y229.813 E1633.73647
G1 X159.908 Y214.46 E1634.75775
G1 X159.889 Y214.165 E1634.77742
G1 X159.832 Y213.816 E1634.80094
G1 X159.721 Y213.417 E1634.82849
G1 X159.61 Y213.14 E1634.84834
G1 X159.477 Y212.877 E1634.86795
G1 X159.294 Y212.583 E1634.89098
G1 X159.067 Y212.293 E1634.91548
G1 X158.778 Y212 E1634.94286
G1 X158.545 Y211.81 E1634.96286
G1 X158.25 Y211.612 E1634.98649
G1 X157.936 Y211.447 E1635.01008
G1 X157.605 Y211.314 E1635.03381
G1 X157.264 Y211.217 E1635.0574
G1 X156.914 Y211.157 E1635.08102
G1 X156.614 Y211.134 E1635.10103
G1 X146.672 Y211.133 E1635.76238
G1 X146.377 Y211.152 E1635.78204
G1 X145.967 Y211.221 E1635.8097
G1 X145.681 Y211.302 E1635.82947
G1 X145.351 Y211.43 E1635.85302
G1 X145.044 Y211.586 E1635.87592
G1 X144.783 Y211.754 E1635.89657
G1 X144.504 Y211.972 E1635.92012
G1 X144.288 Y212.18 E1635.94007
G1 X144.056 Y212.448 E1635.96365
G1 X143.854 Y212.739 E1635.98722
G1 X143.682 Y213.052 E1636.01097
G1 X143.544 Y213.379 E1636.03458
G1 X143.44 Y213.72 E1636.0583
G1 X143.374 Y214.071 E1636.08206
G1 X143.344 Y214.412 E1636.10483
G1 X143.342 Y214.529 E1636.11261
G1 X143.342 Y229.813 E1637.12931
G1 X100.07 Y229.812 E1640.00777
G1 X99.757 Y229.782 E1640.02869
G1 X99.482 Y229.724 E1640.04738
G1 X99.214 Y229.637 E1640.06613
G1 X98.977 Y229.53 E1640.08342
G1 X98.733 Y229.389 E1640.10217
G1 X98.451 Y229.176 E1640.12568
G1 X98.255 Y228.988 E1640.14374
G1 X97.997 Y228.664 E1640.1713
G1 X97.816 Y228.347 E1640.19558
G1 X97.709 Y228.094 E1640.21385
G1 X97.63 Y227.83 E1640.23218
G1 X97.569 Y227.476 E1640.25608
G1 X97.556 Y227.25 E1640.27113
G1 X97.555 Y72.764 E1650.54759
G1 X97.573 Y72.478 E1650.56665
G1 X97.631 Y72.164 E1650.58789
G1 X97.703 Y71.922 E1650.60468
G1 X97.854 Y71.577 E1650.62973
G1 X97.985 Y71.355 E1650.64688
G1 X98.145 Y71.139 E1650.66476
G1 X98.247 Y71.022 E1650.67509
G1 X98.44 Y70.833 E1650.69306
G1 X98.713 Y70.624 E1650.71593
G1 X98.955 Y70.481 E1650.73463
G1 X99.266 Y70.344 E1650.75723
G1 X99.532 Y70.263 E1650.77573
G1 X99.89 Y70.201 E1650.7999
G1 X100.165 Y70.187 E1650.81821
G1 X199.929 Y70.188 E1657.45454
G1 X200.242 Y70.217 E1657.47545
G1 X200.547 Y70.284 E1657.49623
G1 X200.814 Y70.374 E1657.51497
G1 X201.162 Y70.545 E1657.54076
G1 X201.403 Y70.706 E1657.56004
G1 X201.632 Y70.899 E1657.57996
G1 X201.82 Y71.097 E1657.59812
G1 X201.982 Y71.307 E1657.61577
G0 F7500 X201.254 Y71.801
G0 X200.041 Y72.758
;TYPE:SKIN
G1 F1650 X200.054 Y72.852 E1657.62208
G1 X200.054 Y89.618 E1658.73736
G1 X199.852 Y89.414 E1658.75646
G1 X199.313 Y89.001 E1658.80163
G1 X198.799 Y88.713 E1658.84082
G1 X198.22 Y88.479 E1658.88236
G1 X197.608 Y88.326 E1658.92432
G1 X197.069 Y88.264 E1658.96041
G1 X196.653 Y88.258 E1658.98809
G1 X195.955 Y88.332 E1659.03478
G1 X195.371 Y88.482 E1659.07489
G1 X194.779 Y88.721 E1659.11736
G1 X194.233 Y89.04 E1659.15942
G1 X193.765 Y89.399 E1659.19866
G1 X193.25 Y89.929 E1659.24782
G1 X192.896 Y90.425 E1659.28835
G1 X192.6 Y90.983 E1659.33037
G1 X192.381 Y91.584 E1659.37292
G1 X192.249 Y92.2 E1659.41483
G1 X192.206 Y92.772 E1659.45298
G1 X192.229 Y93.34 E1659.4908
G1 X192.337 Y93.95 E1659.53201
G1 X192.514 Y94.508 E1659.57095
G1 X192.787 Y95.093 E1659.61389
G1 X193.167 Y95.665 E1659.65957
G1 X193.554 Y96.103 E1659.69845
G1 X194.033 Y96.522 E1659.74078
G1 X194.564 Y96.864 E1659.7828
G1 X195.089 Y97.115 E1659.82151
G1 X195.688 Y97.309 E1659.86339
G1 X196.305 Y97.418 E1659.90507
G1 X196.909 Y97.446 E1659.94529
G1 X197.643 Y97.368 E1659.99439
G1 X198.225 Y97.219 E1660.03436
G1 X198.81 Y96.985 E1660.07627
G1 X199.313 Y96.696 E1660.11486
G1 X199.76 Y96.364 E1660.1519
G1 X200.054 Y96.083 E1660.17895
G1 X200.055 Y209.634 E1667.73239
G1 X199.852 Y209.429 E1667.75158
G1 X199.313 Y209.016 E1667.79675
G1 X198.799 Y208.728 E1667.83595
G1 X198.22 Y208.494 E1667.87749
G1 X197.608 Y208.341 E1667.91945
G1 X197.069 Y208.279 E1667.95554
G1 X196.653 Y208.273 E1667.98322
G1 X195.955 Y208.347 E1668.02991
G1 X195.371 Y208.497 E1668.07002
G1 X194.779 Y208.736 E1668.11249
G1 X194.233 Y209.055 E1668.15455
G1 X193.765 Y209.414 E1668.19379
G1 X193.25 Y209.944 E1668.24294
G1 X192.896 Y210.44 E1668.28348
G1 X192.6 Y210.998 E1668.3255
G1 X192.381 Y211.599 E1668.36805
G1 X192.249 Y212.215 E1668.40995
G1 X192.206 Y212.787 E1668.44811
G1 X192.212 Y212.925 E1668.4573
G1 X186.237 Y212.926 E1668.85476
G1 X185.661 Y212.979 E1668.89324
G1 X185.161 Y213.072 E1668.92707
G1 X184.595 Y213.235 E1668.96625
G1 X184.091 Y213.437 E1669.00237
G1 X183.591 Y213.694 E1669.03976
G1 X183.146 Y213.976 E1669.07481
G1 X182.741 Y214.288 E1669.10882
G1 X182.36 Y214.639 E1669.14328
G1 X181.96 Y215.086 E1669.18318
G1 X181.615 Y215.567 E1669.22255
G1 X181.359 Y216.007 E1669.25641
G1 X181.131 Y216.482 E1669.29146
G1 X180.911 Y217.108 E1669.3356
G1 X180.79 Y217.628 E1669.37112
G1 X180.713 Y218.135 E1669.40523
G1 X180.688 Y218.65 E1669.43953
G1 X180.688 Y227.423 E1670.02311
G1 X162.298 Y227.423 E1671.24642
G1 X162.298 Y214.383 E1672.11384
G1 X162.267 Y213.893 E1672.1465
G1 X162.168 Y213.302 E1672.18636
G1 X161.989 Y212.652 E1672.23121
G1 X161.791 Y212.154 E1672.26686
G1 X161.562 Y211.702 E1672.30057
G1 X161.254 Y211.211 E1672.33912
G1 X160.866 Y210.713 E1672.38112
G1 X160.389 Y210.23 E1672.42627
G1 X159.968 Y209.886 E1672.46244
G1 X159.475 Y209.556 E1672.5019
G1 X158.94 Y209.275 E1672.5421
G1 X158.379 Y209.05 E1672.58231
G1 X157.796 Y208.883 E1672.62265
G1 X157.207 Y208.783 E1672.66239
G1 X156.706 Y208.744 E1672.69582
G1 X146.596 Y208.743 E1673.36834
G1 X146.102 Y208.774 E1673.40126
G1 X145.439 Y208.885 E1673.44598
G1 X144.92 Y209.034 E1673.4819
G1 X144.376 Y209.244 E1673.52069
G1 X143.854 Y209.51 E1673.55966
G1 X143.397 Y209.804 E1673.59581
G1 X142.935 Y210.165 E1673.63481
G1 X142.552 Y210.533 E1673.67014
G1 X142.166 Y210.98 E1673.70943
G1 X141.819 Y211.478 E1673.7498
G1 X141.527 Y212.01 E1673.79017
G1 X141.294 Y212.564 E1673.83015
G1 X141.116 Y213.15 E1673.87089
G1 X141.004 Y213.746 E1673.91123
G1 X140.956 Y214.284 E1673.94716
G1 X140.952 Y214.506 E1673.96193
G1 X140.952 Y227.423 E1674.82117
G1 X100.225 Y227.422 E1677.53034
G1 X100.029 Y227.361 E1677.544
G1 X99.946 Y227.167 E1677.55803
G1 X99.946 Y216.097 E1678.29441
G1 X100.062 Y216.22 E1678.30566
G1 X100.501 Y216.584 E1678.3436
G1 X100.973 Y216.883 E1678.38076
G1 X101.489 Y217.13 E1678.41882
G1 X102.09 Y217.324 E1678.46083
G1 X102.706 Y217.433 E1678.50244
G1 X103.31 Y217.461 E1678.54266
G1 X104.044 Y217.383 E1678.59176
G1 X104.626 Y217.234 E1678.63173
G1 X105.211 Y217 E1678.67364
G1 X105.714 Y216.711 E1678.71223
G1 X106.161 Y216.379 E1678.74927
G1 X106.566 Y215.992 E1678.78653
G1 X106.929 Y215.552 E1678.82447
G1 X107.258 Y215.021 E1678.86603
G1 X107.521 Y214.433 E1678.90887
G1 X107.692 Y213.831 E1678.9505
G1 X107.779 Y213.257 E1678.98912
G1 X107.79 Y212.635 E1679.0305
G1 X107.725 Y212.063 E1679.0688
G1 X107.592 Y211.513 E1679.10644
G1 X107.364 Y210.912 E1679.1492
G1 X107.021 Y210.308 E1679.1954
G1 X106.663 Y209.844 E1679.23439
G1 X106.253 Y209.429 E1679.27319
G1 X105.714 Y209.016 E1679.31836
G1 X105.2 Y208.728 E1679.35756
G1 X104.621 Y208.494 E1679.3991
G1 X104.009 Y208.341 E1679.44106
G1 X103.47 Y208.279 E1679.47715
G1 X103.054 Y208.273 E1679.50483
G1 X102.356 Y208.347 E1679.55152
G1 X101.772 Y208.497 E1679.59163
G1 X101.18 Y208.736 E1679.6341
G1 X100.634 Y209.055 E1679.67616
G1 X100.166 Y209.414 E1679.7154
G1 X99.946 Y209.64 E1679.73638
G1 X99.945 Y96.081 E1687.29035
G1 X100.062 Y96.205 E1687.30169
G1 X100.501 Y96.569 E1687.33963
G1 X100.973 Y96.868 E1687.37679
G1 X101.489 Y97.115 E1687.41485
G1 X102.09 Y97.309 E1687.45686
G1 X102.706 Y97.418 E1687.49847
G1 X103.31 Y97.446 E1687.53869
G1 X104.044 Y97.368 E1687.58779
G1 X104.626 Y97.219 E1687.62776
G1 X105.211 Y96.985 E1687.66967
G1 X105.714 Y96.696 E1687.70826
G1 X106.161 Y96.364 E1687.7453
G1 X106.566 Y95.977 E1687.78256
G1 X106.929 Y95.537 E1687.8205
G1 X107.258 Y95.006 E1687.86206
G1 X107.521 Y94.418 E1687.90491
G1 X107.692 Y93.816 E1687.94653
G1 X107.779 Y93.242 E1687.98515
G1 X107.79 Y92.62 E1688.02654
G1 X107.725 Y92.048 E1688.06483
G1 X107.592 Y91.498 E1688.10247
G1 X107.364 Y90.897 E1688.14523
G1 X107.021 Y90.293 E1688.19143
G1 X106.663 Y89.829 E1688.23042
G1 X106.253 Y89.414 E1688.26922
G1 X105.714 Y89.001 E1688.31439
G1 X105.2 Y88.713 E1688.35359
G1 X104.621 Y88.479 E1688.39513
G1 X104.009 Y88.326 E1688.43709
G1 X103.47 Y88.264 E1688.47318
G1 X103.054 Y88.258 E1688.50086
G1 X102.356 Y88.332 E1688.54755
G1 X101.772 Y88.482 E1688.58766
G1 X101.18 Y88.721 E1688.63013
G1 X100.634 Y89.04 E1688.67219
G1 X100.166 Y89.399 E1688.71143
G1 X99.945 Y89.626 E1688.7325
G1 X99.945 Y72.891 E1689.84572
G1 X100.026 Y72.638 E1689.86339
G1 X100.232 Y72.577 E1689.87768
G1 X199.773 Y72.578 E1696.49918
G1 X199.908 Y72.599 E1696.50826
G1 X200.041 Y72.758 E1696.52205
G1 F1500 E1695.52205
G0 F7500 X199.959 Y69.124
G0 X99.777 Y69.142
G0 X98.916 Y69.338
G0 X98.008 Y69.818
G0 X97.331 Y70.452
G0 X97.042 Y70.912
G0 X96.703 Y71.561
G0 X100.265 Y73.6
G1 F1500 E1696.54866
G1 F1650 X199.734 Y73.6 E1703.16537
G0 F7500 X199.734 Y74.4
G1 F1650 X100.265 Y74.4 E1709.78207
G0 F7500 X100.265 Y75.2
G1 F1650 X199.734 Y75.2 E1716.39878
G0 F7500 X199.734 Y76
G1 F1650 X100.265 Y76 E1723.01548
G0 F7500 X100.265 Y76.8
G1 F1650 X199.734 Y76.8 E1729.63218
G0 F7500 X199.734 Y77.6
G1 F1650 X100.265 Y77.6 E1736.24889
G0 F7500 X100.265 Y78.4
G1 F1650 X199.734 Y78.4 E1742.86559
G0 F7500 X199.734 Y79.2
G1 F1650 X100.265 Y79.2 E1749.4823
G0 F7500 X100.265 Y80
G1 F1650 X199.734 Y80 E1756.099
G0 F7500 X199.734 Y80.8
G1 F1650 X100.265 Y80.8 E1762.71571
G0 F7500 X100.265 Y81.6
G1 F1650 X199.734 Y81.6 E1769.33241
G0 F7500 X199.734 Y82.4
G1 F1650 X100.265 Y82.4 E1775.94912
G0 F7500 X100.265 Y83.2
G1 F1650 X199.734 Y83.2 E1782.56582
G0 F7500 X199.734 Y84
G1 F1650 X100.265 Y84 E1789.18253
G0 F7500 X100.265 Y84.8
G1 F1650 X199.734 Y84.8 E1795.79923
G0 F7500 X199.734 Y85.6
G1 F1650 X100.265 Y85.6 E1802.41594
G0 F7500 X100.265 Y86.4
G1 F1650 X199.734 Y86.4 E1809.03264
G0 F7500 X199.734 Y87.2
G1 F1650 X100.265 Y87.2 E1815.64935
G0 F7500 X100.265 Y88
G1 F1650 X102.454 Y88 E1815.79496
G0 F7500 X103.976 Y88
G1 F1650 X196.043 Y88 E1821.91928
G0 F7500 X197.583 Y88
G1 F1650 X199.734 Y88 E1822.06237
G0 F7500 X194.017 Y88.8
G1 F1650 X105.978 Y88.8 E1827.91874
G0 F7500 X106.887 Y89.6
G1 F1650 X193.122 Y89.6 E1833.65512
G0 F7500 X192.546 Y90.4
G1 F1650 X107.449 Y90.4 E1839.31579
G0 F7500 X107.821 Y91.2
G1 F1650 X192.179 Y91.2 E1844.92731
G0 F7500 X191.963 Y92
G1 F1650 X108.042 Y92 E1850.50976
G0 F7500 X108.107 Y92.8
G1 F1650 X191.887 Y92.8 E1856.08283
G0 F7500 X191.951 Y93.6
G1 F1650 X108.049 Y93.6 E1861.66401
G0 F7500 X107.86 Y94.4
G1 F1650 X192.145 Y94.4 E1867.27067
G0 F7500 X192.485 Y95.2
G1 F1650 X107.515 Y95.2 E1872.9229
G0 F7500 X106.962 Y96
G1 F1650 X193.037 Y96 E1878.64863
G0 F7500 X193.876 Y96.8
G1 F1650 X106.11 Y96.8 E1884.48685
G0 F7500 X104.431 Y97.6
G1 F1650 X195.551 Y97.6 E1890.54818
G0 F7500 X198.026 Y97.6
G1 F1650 X199.735 Y97.6 E1890.66186
G0 F7500 X199.735 Y98.4
G1 F1650 X100.265 Y98.4 E1897.27863
G0 F7500 X100.265 Y97.6
G1 F1650 X101.95 Y97.6 E1897.39072
G0 F7500 X100.265 Y99.2
G1 F1650 X199.735 Y99.2 E1904.00749
G0 F7500 X199.735 Y100
G1 F1650 X100.265 Y100 E1910.62426
G0 F7500 X100.265 Y100.8
G1 F1650 X199.735 Y100.8 E1917.24103
G0 F7500 X199.735 Y101.6
G1 F1650 X100.265 Y101.6 E1923.8578
G0 F7500 X100.265 Y102.4
G1 F1650 X199.735 Y102.4 E1930.47457
G0 F7500 X199.735 Y103.2
G1 F1650 X100.265 Y103.2 E1937.09135
G0 F7500 X100.265 Y104
G1 F1650 X199.735 Y104 E1943.70812
G0 F7500 X199.735 Y104.8
G1 F1650 X100.265 Y104.8 E1950.32489
G0 F7500 X100.265 Y105.6
G1 F1650 X199.735 Y105.6 E1956.94166
G0 F7500 X199.735 Y106.4
G1 F1650 X100.265 Y106.4 E1963.55843
G0 F7500 X100.265 Y107.2
G1 F1650 X199.735 Y107.2 E1970.1752
G0 F7500 X199.735 Y108
G1 F1650 X100.265 Y108 E1976.79197
G0 F7500 X100.265 Y108.8
G1 F1650 X199.735 Y108.8 E1983.40874
G0 F7500 X199.735 Y109.6
G1 F1650 X100.265 Y109.6 E1990.02552
G0 F7500 X100.265 Y110.4
G1 F1650 X199.735 Y110.4 E1996.64229
G0 F7500 X199.735 Y111.2
G1 F1650 X100.265 Y111.2 E2003.25906
G0 F7500 X100.265 Y112
G1 F1650 X199.735 Y112 E2009.87583
G0 F7500 X199.735 Y112.8
G1 F1650 X100.265 Y112.8 E2016.4926
G0 F7500 X100.265 Y113.6
G1 F1650 X199.735 Y113.6 E2023.10937
G0 F7500 X199.735 Y114.4
G1 F1650 X100.265 Y114.4 E2029.72614
G0 F7500 X100.265 Y115.2
G1 F1650 X199.735 Y115.2 E2036.34291
G0 F7500 X199.735 Y116
G1 F1650 X100.265 Y116 E2042.95969
G0 F7500 X100.265 Y116.8
G1 F1650 X199.735 Y116.8 E2049.57646
G0 F7500 X199.735 Y117.6
G1 F1650 X100.265 Y117.6 E2056.19323
G0 F7500 X100.265 Y118.4
G1 F1650 X199.735 Y118.4 E2062.81
G0 F7500 X199.735 Y119.2
G1 F1650 X100.264 Y119.2 E2069.42684
G0 F7500 X100.264 Y120
G1 F1650 X199.735 Y120 E2076.04368
G0 F7500 X199.735 Y120.8
G1 F1650 X100.264 Y120.8 E2082.66051
G0 F7500 X100.264 Y121.6
G1 F1650 X199.735 Y121.6 E2089.27735
G0 F7500 X199.735 Y122.4
G1 F1650 X100.264 Y122.4 E2095.89419
G0 F7500 X100.264 Y123.2
G1 F1650 X199.735 Y123.2 E2102.51103
G0 F7500 X199.735 Y124
G1 F1650 X100.264 Y124 E2109.12786
G0 F7500 X100.264 Y124.8
G1 F1650 X199.735 Y124.8 E2115.7447
G0 F7500 X199.735 Y125.6
G1 F1650 X100.264 Y125.6 E2122.36154
G0 F7500 X100.264 Y126.4
G1 F1650 X199.735 Y126.4 E2128.97838
G0 F7500 X199.735 Y127.2
G1 F1650 X100.264 Y127.2 E2135.59522
G0 F7500 X100.264 Y128
G1 F1650 X199.735 Y128 E2142.21205
G0 F7500 X199.735 Y128.8
G1 F1650 X100.264 Y128.8 E2148.82889
G0 F7500 X100.264 Y129.6
G1 F1650 X199.735 Y129.6 E2155.44573
G0 F7500 X199.735 Y130.4
G1 F1650 X100.264 Y130.4 E2162.06257
G0 F7500 X100.264 Y131.2
G1 F1650 X199.735 Y131.2 E2168.6794
G0 F7500 X199.735 Y132
G1 F1650 X100.264 Y132 E2175.29624
G0 F7500 X100.264 Y132.8
G1 F1650 X199.735 Y132.8 E2181.91308
G0 F7500 X199.735 Y133.6
G1 F1650 X100.264 Y133.6 E2188.52992
G0 F7500 X100.264 Y134.4
G1 F1650 X199.735 Y134.4 E2195.14676
G0 F7500 X199.735 Y135.2
G1 F1650 X100.264 Y135.2 E2201.76359
G0 F7500 X100.264 Y136
G1 F1650 X199.735 Y136 E2208.38043
G0 F7500 X199.735 Y136.8
G1 F1650 X100.264 Y136.8 E2214.99727
G0 F7500 X100.264 Y137.6
G1 F1650 X199.735 Y137.6 E2221.61411
G0 F7500 X199.735 Y138.4
G1 F1650 X100.264 Y138.4 E2228.23094
G0 F7500 X100.264 Y139.2
G1 F1650 X199.735 Y139.2 E2234.84778
G0 F7500 X199.735 Y140
G1 F1650 X100.264 Y140 E2241.46462
G0 F7500 X100.264 Y140.8
G1 F1650 X199.735 Y140.8 E2248.08146
G0 F7500 X199.735 Y141.6
G1 F1650 X100.264 Y141.6 E2254.6983
G0 F7500 X100.264 Y142.4
G1 F1650 X199.735 Y142.4 E2261.31513
G0 F7500 X199.735 Y143.2
G1 F1650 X100.264 Y143.2 E2267.93197
G0 F7500 X100.264 Y144
G1 F1650 X199.735 Y144 E2274.54881
G0 F7500 X199.735 Y144.8
G1 F1650 X100.264 Y144.8 E2281.16565
G0 F7500 X100.264 Y145.6
G1 F1650 X199.735 Y145.6 E2287.78248
G0 F7500 X199.735 Y146.4
G1 F1650 X100.264 Y146.4 E2294.39932
G0 F7500 X100.264 Y147.2
G1 F1650 X199.735 Y147.2 E2301.01616
G0 F7500 X199.735 Y148
G1 F1650 X100.264 Y148 E2307.633
G0 F7500 X100.264 Y148.8
G1 F1650 X199.735 Y148.8 E2314.24984
G0 F7500 X199.735 Y149.6
G1 F1650 X100.264 Y149.6 E2320.86667
G0 F7500 X100.264 Y150.4
G1 F1650 X199.735 Y150.4 E2327.48351
G0 F7500 X199.735 Y151.2
G1 F1650 X100.264 Y151.2 E2334.10035
G0 F7500 X100.264 Y152
G1 F1650 X199.735 Y152 E2340.71719
G0 F7500 X199.735 Y152.8
G1 F1650 X100.264 Y152.8 E2347.33402
G0 F7500 X100.264 Y153.6
G1 F1650 X199.735 Y153.6 E2353.95086
G0 F7500 X199.735 Y154.4
G1 F1650 X100.264 Y154.4 E2360.5677
G0 F7500 X100.264 Y155.2
G1 F1650 X199.735 Y155.2 E2367.18454
G0 F7500 X199.735 Y156
G1 F1650 X100.264 Y156 E2373.80138
G0 F7500 X100.264 Y156.8
G1 F1650 X199.735 Y156.8 E2380.41821
G0 F7500 X199.735 Y157.6
G1 F1650 X100.264 Y157.6 E2387.03505
G0 F7500 X100.264 Y158.4
G1 F1650 X199.735 Y158.4 E2393.65189
G0 F7500 X199.735 Y159.2
G1 F1650 X100.264 Y159.2 E2400.26873
G0 F7500 X100.264 Y160
G1 F1650 X199.735 Y160 E2406.88556
G0 F7500 X199.735 Y160.8
G1 F1650 X100.264 Y160.8 E2413.5024
G0 F7500 X100.264 Y161.6
G1 F1650 X199.735 Y161.6 E2420.11924
G0 F7500 X199.735 Y162.4
G1 F1650 X100.264 Y162.4 E2426.73608
G0 F7500 X100.264 Y163.2
G1 F1650 X199.735 Y163.2 E2433.35292
G0 F7500 X199.735 Y164
G1 F1650 X100.264 Y164 E2439.96975
G0 F7500 X100.264 Y164.8
G1 F1650 X199.735 Y164.8 E2446.58659
G0 F7500 X199.735 Y165.6
G1 F1650 X100.264 Y165.6 E2453.20343
G0 F7500 X100.264 Y166.4
G1 F1650 X199.735 Y166.4 E2459.82027
G0 F7500 X199.735 Y167.2
G1 F1650 X100.264 Y167.2 E2466.4371
G0 F7500 X100.264 Y168
G1 F1650 X199.735 Y168 E2473.05394
G0 F7500 X199.735 Y168.8
G1 F1650 X100.264 Y168.8 E2479.67078
G0 F7500 X100.264 Y169.6
G1 F1650 X199.735 Y169.6 E2486.28762
G0 F7500 X199.735 Y170.4
G1 F1650 X100.264 Y170.4 E2492.90446
G0 F7500 X100.264 Y171.2
G1 F1650 X199.735 Y171.2 E2499.52129
G0 F7500 X199.735 Y172
G1 F1650 X100.264 Y172 E2506.13813
G0 F7500 X100.264 Y172.8
G1 F1650 X199.735 Y172.8 E2512.75497
G0 F7500 X199.735 Y173.6
G1 F1650 X100.264 Y173.6 E2519.37181
G0 F7500 X100.264 Y174.4
G1 F1650 X199.735 Y174.4 E2525.98864
G0 F7500 X199.735 Y175.2
G1 F1650 X100.264 Y175.2 E2532.60548
G0 F7500 X100.264 Y176
G1 F1650 X199.735 Y176 E2539.22232
G0 F7500 X199.735 Y176.8
G1 F1650 X100.264 Y176.8 E2545.83916
G0 F7500 X100.264 Y177.6
G1 F1650 X199.735 Y177.6 E2552.456
G0 F7500 X199.735 Y178.4
G1 F1650 X100.264 Y178.4 E2559.07283
G0 F7500 X100.264 Y179.2
G1 F1650 X199.735 Y179.2 E2565.68967
G0 F7500 X199.735 Y180
G1 F1650 X100.264 Y180 E2572.30651
G0 F7500 X100.264 Y180.8
G1 F1650 X199.735 Y180.8 E2578.92335
G0 F7500 X199.735 Y181.6
G1 F1650 X100.264 Y181.6 E2585.54018
G0 F7500 X100.264 Y182.4
G1 F1650 X199.735 Y182.4 E2592.15702
G0 F7500 X199.735 Y183.2
G1 F1650 X100.264 Y183.2 E2598.77386
G0 F7500 X100.264 Y184
G1 F1650 X199.735 Y184 E2605.3907
G0 F7500 X199.735 Y184.8
G1 F1650 X100.264 Y184.8 E2612.00754
G0 F7500 X100.264 Y185.6
G1 F1650 X199.735 Y185.6 E2618.62437
G0 F7500 X199.735 Y186.4
G1 F1650 X100.264 Y186.4 E2625.24121
G0 F7500 X100.264 Y187.2
G1 F1650 X199.735 Y187.2 E2631.85805
G0 F7500 X199.735 Y188
G1 F1650 X100.264 Y188 E2638.47489
G0 F7500 X100.264 Y188.8
G1 F1650 X199.735 Y188.8 E2645.09172
G0 F7500 X199.735 Y189.6
G1 F1650 X100.264 Y189.6 E2651.70856
G0 F7500 X100.264 Y190.4
G1 F1650 X199.735 Y190.4 E2658.3254
G0 F7500 X199.735 Y191.2
G1 F1650 X100.264 Y191.2 E2664.94224
G0 F7500 X100.264 Y192
G1 F1650 X199.735 Y192 E2671.55908
G0 F7500 X199.735 Y192.8
G1 F1650 X100.264 Y192.8 E2678.17591
G0 F7500 X100.264 Y193.6
G1 F1650 X199.735 Y193.6 E2684.79275
G0 F7500 X199.735 Y194.4
G1 F1650 X100.264 Y194.4 E2691.40959
G0 F7500 X100.264 Y195.2
G1 F1650 X199.735 Y195.2 E2698.02643
G0 F7500 X199.735 Y196
G1 F1650 X100.264 Y196 E2704.64326
G0 F7500 X100.264 Y196.8
G1 F1650 X199.735 Y196.8 E2711.2601
G0 F7500 X199.735 Y197.6
G1 F1650 X100.264 Y197.6 E2717.87694
G0 F7500 X100.264 Y198.4
G1 F1650 X199.735 Y198.4 E2724.49378
G0 F7500 X199.735 Y199.2
G1 F1650 X100.264 Y199.2 E2731.11062
G0 F7500 X100.264 Y200
G1 F1650 X199.735 Y200 E2737.72745
G0 F7500 X199.735 Y200.8
G1 F1650 X100.264 Y200.8 E2744.34429
G0 F7500 X100.264 Y201.6
G1 F1650 X199.735 Y201.6 E2750.96113
G0 F7500 X199.735 Y202.4
G1 F1650 X100.264 Y202.4 E2757.57797
G0 F7500 X100.264 Y203.2
G1 F1650 X199.735 Y203.2 E2764.19481
G0 F7500 X199.735 Y204
G1 F1650 X100.264 Y204 E2770.81164
G0 F7500 X100.264 Y204.8
G1 F1650 X199.735 Y204.8 E2777.42848
G0 F7500 X199.735 Y205.6
G1 F1650 X100.264 Y205.6 E2784.04532
G0 F7500 X100.264 Y206.4
G1 F1650 X199.735 Y206.4 E2790.66216
G0 F7500 X199.735 Y207.2
G1 F1650 X100.264 Y207.2 E2797.27899
G0 F7500 X100.264 Y208
G1 F1650 X102.595 Y208 E2797.43405
G0 F7500 X103.846 Y208
G1 F1650 X196.195 Y208 E2803.57713
G0 F7500 X197.446 Y208
G1 F1650 X199.735 Y208 E2803.7294
G0 F7500 X199.735 Y208.8
G1 F1650 X199.557 Y208.8 E2803.74124
G0 F7500 X194.038 Y208.8
G1 F1650 X158.617 Y208.8 E2806.09745
G0 F7500 X160.116 Y209.6
G1 F1650 X193.137 Y209.6 E2808.29402
G0 F7500 X192.555 Y210.4
G1 F1650 X161.006 Y210.4 E2810.39267
G0 F7500 X161.624 Y211.2
G1 F1650 X192.185 Y211.2 E2812.42559
G0 F7500 X191.967 Y212
G1 F1650 X162.072 Y212 E2814.41422
G0 F7500 X162.361 Y212.8
G1 F1650 X184.948 Y212.8 E2815.91671
G0 F7500 X183.141 Y213.6
G1 F1650 X162.542 Y213.6 E2817.28696
G0 F7500 X162.618 Y214.4
G1 F1650 X182.148 Y214.4 E2818.5861
G0 F7500 X181.484 Y215.2
G1 F1650 X162.618 Y215.2 E2819.84107
G0 F7500 X162.618 Y216
G1 F1650 X181.007 Y216 E2821.06431
G0 F7500 X180.679 Y216.8
G1 F1650 X162.618 Y216.8 E2822.26574
G0 F7500 X162.618 Y217.6
G1 F1650 X180.47 Y217.6 E2823.45326
G0 F7500 X180.379 Y218.4
G1 F1650 X162.618 Y218.4 E2824.63472
G0 F7500 X162.618 Y219.2
G1 F1650 X180.368 Y219.2 E2825.81546
G0 F7500 X180.368 Y220
G1 F1650 X162.618 Y220 E2826.99619
G0 F7500 X162.618 Y220.8
G1 F1650 X180.368 Y220.8 E2828.17693
G0 F7500 X180.368 Y221.6
G1 F1650 X162.618 Y221.6 E2829.35766
G0 F7500 X162.618 Y222.4
G1 F1650 X180.368 Y222.4 E2830.5384
G0 F7500 X180.368 Y223.2
G1 F1650 X162.618 Y223.2 E2831.71913
G0 F7500 X162.618 Y224
G1 F1650 X180.368 Y224 E2832.89987
G0 F7500 X180.368 Y224.8
G1 F1650 X162.618 Y224.8 E2834.0806
G0 F7500 X162.618 Y225.6
G1 F1650 X180.368 Y225.6 E2835.26134
G0 F7500 X180.368 Y226.4
G1 F1650 X162.618 Y226.4 E2836.44207
G1 F1500 E2835.44207
G0 F7500 X158.843 Y226.4
G0 X144.407 Y226.4
G0 X140.632 Y226.4
G1 F1500 E2836.46868
G1 F1650 X100.265 Y226.4 E2839.1539
G0 F7500 X100.265 Y225.6
G1 F1650 X140.632 Y225.6 E2841.83913
G0 F7500 X140.632 Y224.8
G1 F1650 X100.265 Y224.8 E2844.52435
G0 F7500 X100.265 Y224
G1 F1650 X140.632 Y224 E2847.20957
G0 F7500 X140.632 Y223.2
G1 F1650 X100.265 Y223.2 E2849.8948
G0 F7500 X100.265 Y222.4
G1 F1650 X140.632 Y222.4 E2852.58002
G0 F7500 X140.632 Y221.6
G1 F1650 X100.265 Y221.6 E2855.26525
G0 F7500 X100.265 Y220.8
G1 F1650 X140.632 Y220.8 E2857.95047
G0 F7500 X140.632 Y220
G1 F1650 X100.265 Y220 E2860.63569
G0 F7500 X100.265 Y219.2
G1 F1650 X140.632 Y219.2 E2863.32092
G0 F7500 X140.632 Y218.4
G1 F1650 X100.265 Y218.4 E2866.00614
G0 F7500 X100.265 Y217.6
G1 F1650 X101.902 Y217.6 E2866.11503
G0 F7500 X104.489 Y217.6
G1 F1650 X140.632 Y217.6 E2868.51928
G0 F7500 X140.632 Y216.8
G1 F1650 X106.13 Y216.8 E2870.81436
G0 F7500 X106.973 Y216
G1 F1650 X140.632 Y216 E2873.05336
G0 F7500 X140.632 Y215.2
G1 F1650 X107.523 Y215.2 E2875.25578
G0 F7500 X107.863 Y214.4
G1 F1650 X140.633 Y214.4 E2877.43565
G0 F7500 X140.705 Y213.6
G1 F1650 X108.05 Y213.6 E2879.60787
G0 F7500 X108.106 Y212.8
G1 F1650 X140.888 Y212.8 E2881.78854
G0 F7500 X141.183 Y212
G1 F1650 X108.038 Y212 E2883.99335
G0 F7500 X107.814 Y211.2
G1 F1650 X141.623 Y211.2 E2886.24234
G0 F7500 X142.243 Y210.4
G1 F1650 X107.439 Y210.4 E2888.55751
G0 F7500 X106.871 Y209.6
G1 F1650 X143.138 Y209.6 E2890.97
G0 F7500 X144.638 Y208.8
G1 F1650 X105.957 Y208.8 E2893.54307
G0 F7500 X100.439 Y208.8
G1 F1650 X100.264 Y208.8 E2893.55471
G1 F1500 E2892.55471
G0 F7500 X102.636 Y211.879
G0 X144.326 Y214.698
G0 X158.844 Y214.483
G0 X158.922 Y215.686
G0 X194.737 Y218.109
G0 X198.082 Y217.271
G1 F1500 E2893.58132
G1 F1650 X198.225 Y217.234 E2893.59115
G1 X198.81 Y217 E2893.63306
G1 X199.313 Y216.711 E2893.67165
G1 X199.76 Y216.379 E2893.70869
G1 X200.055 Y216.097 E2893.73583
G1 X200.055 Y227.124 E2894.46935
G1 X199.995 Y227.339 E2894.4842
G1 X199.887 Y227.403 E2894.49255
G1 X199.736 Y227.423 E2894.50268
G1 X198.271 Y227.423 E2894.60014
G1 X198.271 Y218.566 E2895.18931
G1 X198.24 Y218.072 E2895.22223
G1 X198.14 Y217.481 E2895.2621
G1 X198.082 Y217.271 E2895.2766
G0 F7500 X199.735 Y217.6
G1 F1650 X198.484 Y217.6 E2895.35981
G0 F7500 X198.581 Y218.4
G1 F1650 X199.735 Y218.4 E2895.43658
G0 F7500 X199.735 Y219.2
G1 F1650 X198.591 Y219.2 E2895.51268
G0 F7500 X198.591 Y220
G1 F1650 X199.735 Y220 E2895.58878
G0 F7500 X199.735 Y220.8
G1 F1650 X198.591 Y220.8 E2895.66488
G0 F7500 X198.591 Y221.6
G1 F1650 X199.735 Y221.6 E2895.74097
G0 F7500 X199.735 Y222.4
G1 F1650 X198.591 Y222.4 E2895.81707
G0 F7500 X198.591 Y223.2
G1 F1650 X199.735 Y223.2 E2895.89317
G0 F7500 X199.735 Y224
G1 F1650 X198.591 Y224 E2895.96927
G0 F7500 X198.591 Y224.8
G1 F1650 X199.735 Y224.8 E2896.04537
G0 F7500 X199.735 Y225.6
G1 F1650 X198.591 Y225.6 E2896.12147
G0 F7500 X198.591 Y226.4
G1 F1650 X199.735 Y226.4 E2896.19757
G1 F1500 E2895.19757
;MESH:NONMESH
G0 F300 X199.735 Y226.4 Z0.6
G0 F7500 X203.509 Y226.399
G0 X197.356 Y211.875
G0 X198.456 Y209.44
;TIME_ELAPSED:1967.831568
;LAYER:2
;TYPE:WALL-INNER
;MESH:Top of Case V2.STL
G1 F1500 E2896.22418
G1 F2400 X197.971 Y209.246 E2896.25893
G1 X197.467 Y209.12 E2896.29348
G1 X197.015 Y209.069 E2896.32374
G1 X196.689 Y209.063 E2896.34543
G1 X196.096 Y209.125 E2896.38509
G1 X195.604 Y209.251 E2896.41888
G1 X195.07 Y209.475 E2896.4574
G1 X194.608 Y209.756 E2896.49337
G1 X194.168 Y210.118 E2896.53127
G1 X193.841 Y210.474 E2896.56342
G1 X193.571 Y210.855 E2896.59449
G1 X193.318 Y211.326 E2896.63005
G1 X193.127 Y211.875 E2896.66872
G1 X193.022 Y212.41 E2896.70499
G1 X192.998 Y213.041 E2896.74699
G1 X193.055 Y213.529 E2896.77967
G1 X193.11 Y213.759 E2896.7954
G1 X192.747 Y213.72 E2896.8069
G1 X192.543 Y213.715 E2896.81547
G1 X186.288 Y213.716 E2897.23155
G1 X185.763 Y213.764 E2897.26662
G1 X185.34 Y213.844 E2897.29526
G1 X184.826 Y213.991 E2897.33082
G1 X184.358 Y214.184 E2897.3645
G1 X183.883 Y214.436 E2897.40026
G1 X183.445 Y214.736 E2897.43558
G1 X183.052 Y215.07 E2897.46989
G1 X182.737 Y215.393 E2897.4999
G1 X182.423 Y215.788 E2897.53347
G1 X182.178 Y216.157 E2897.56293
G1 X181.967 Y216.553 E2897.59278
G1 X181.776 Y217.009 E2897.62566
G1 X181.618 Y217.526 E2897.66163
G1 X181.525 Y218.022 E2897.69519
G1 X181.482 Y218.51 E2897.72778
G1 X181.478 Y218.696 E2897.74016
G1 X181.478 Y228.213 E2898.37323
G1 X161.508 Y228.213 E2899.70164
G1 X161.508 Y214.385 E2900.62148
G1 X161.459 Y213.814 E2900.65961
G1 X161.355 Y213.297 E2900.69469
G1 X161.2 Y212.797 E2900.72951
G1 X160.992 Y212.315 E2900.76443
G1 X160.747 Y211.876 E2900.79787
G1 X160.432 Y211.431 E2900.83414
G1 X160.048 Y210.997 E2900.87269
G1 X159.64 Y210.634 E2900.90901
G1 X159.272 Y210.362 E2900.93945
G1 X158.787 Y210.08 E2900.97677
G1 X158.357 Y209.885 E2901.00818
G1 X157.884 Y209.723 E2901.04144
G1 X157.352 Y209.601 E2901.07775
G1 X156.855 Y209.544 E2901.11102
G1 X156.606 Y209.533 E2901.1276
G1 X146.547 Y209.534 E2901.79673
G1 X145.965 Y209.59 E2901.83562
G1 X145.425 Y209.707 E2901.87238
G1 X144.953 Y209.862 E2901.90543
G1 X144.514 Y210.053 E2901.93727
G1 X144.02 Y210.336 E2901.97514
G1 X143.609 Y210.635 E2902.00895
G1 X143.298 Y210.903 E2902.03626
G1 X142.911 Y211.315 E2902.07386
G1 X142.595 Y211.735 E2902.10883
G1 X142.324 Y212.186 E2902.14383
G1 X142.1 Y212.67 E2902.1793
G1 X141.956 Y213.079 E2902.20815
G1 X141.825 Y213.61 E2902.24453
G1 X141.755 Y214.161 E2902.28148
G1 X141.742 Y214.499 E2902.30398
G1 X141.742 Y228.213 E2903.21623
G1 X100.161 Y228.212 E2905.98221
G1 X99.896 Y228.173 E2906.00003
G1 X99.717 Y228.105 E2906.01277
G1 X99.496 Y227.957 E2906.03046
G1 X99.376 Y227.83 E2906.04209
G1 X99.243 Y227.601 E2906.0597
G1 X99.168 Y227.342 E2906.07764
G1 X99.155 Y227.183 E2906.08825
G1 X99.155 Y214.418 E2906.93738
G1 X99.155 Y213.401 E2907.00503
G1 X99.155 Y212.39 E2907.07228
G1 X99.155 Y211.326 E2907.14306
G1 X99.155 Y94.403 E2914.92081
G1 X99.155 Y93.386 E2914.98846
G1 X99.155 Y92.375 E2915.05571
G1 X99.155 Y91.311 E2915.12649
G1 X99.156 Y72.787 E2916.35871
G1 X99.193 Y72.535 E2916.37566
G1 X99.345 Y72.208 E2916.39964
G1 X99.658 Y71.924 E2916.42776
G1 X99.97 Y71.809 E2916.44988
G1 X100.169 Y71.787 E2916.46319
G1 X199.841 Y71.788 E2923.0934
G1 X200.091 Y71.823 E2923.1102
G1 X200.214 Y71.863 E2923.1188
G1 X200.442 Y71.993 E2923.13626
G1 X200.685 Y72.255 E2923.16003
G1 X200.794 Y72.481 E2923.17672
G1 X200.844 Y72.806 E2923.19859
G1 X200.844 Y91.23 E2924.42416
G1 X200.844 Y92.186 E2924.48776
G1 X200.844 Y93.305 E2924.56219
G1 X200.844 Y94.389 E2924.6343
G1 X200.844 Y211.245 E2932.40759
G1 X200.844 Y212.201 E2932.47119
G1 X200.844 Y213.32 E2932.54562
G1 X200.844 Y214.403 E2932.61766
G1 X200.845 Y227.146 E2933.46533
G1 X200.808 Y227.456 E2933.4861
G1 X200.627 Y227.826 E2933.5135
G1 X200.296 Y228.098 E2933.542
G1 X200.086 Y228.176 E2933.5569
G1 X199.782 Y228.213 E2933.57727
G1 X197.481 Y228.213 E2933.73033
G1 X197.481 Y218.567 E2934.37199
G1 X197.432 Y217.992 E2934.41038
G1 X197.316 Y217.432 E2934.44842
G1 X197.171 Y216.97 E2934.48063
G1 X197.033 Y216.659 E2934.50326
G1 X197.07 Y216.658
G1 X197.522 Y216.599 E2934.51954
G1 X197.995 Y216.479 E2934.552
G1 X198.528 Y216.255 E2934.59046
G1 X198.992 Y215.974 E2934.62654
G1 X199.433 Y215.611 E2934.66454
G1 X199.758 Y215.256 E2934.69655
G1 X200.028 Y214.875 E2934.72761
G1 X200.281 Y214.404 E2934.76318
G1 X200.472 Y213.855 E2934.79431
G1 X200.577 Y213.32 E2934.80799
G1 X200.601 Y212.689 E2934.82135
G1 X200.544 Y212.201 E2934.8332
G1 X200.434 Y211.74 E2934.84529
G1 X200.243 Y211.245 E2934.86897
G1 X199.96 Y210.748 E2934.90701
G1 X199.667 Y210.367 E2934.93898
G1 X199.33 Y210.024 E2934.97097
G1 X198.878 Y209.679 E2935.00879
G1 X198.456 Y209.44 E2935.04105
G1 F1500 E2934.04105
G0 F9000 X197.292 Y211.841
G0 X196.039 Y213.709
G0 X194.71 Y215.153
G1 F1500 E2935.06766
G1 F2400 X194.347 Y214.951 E2935.0953
G1 X194.022 Y214.791 E2935.11939
G1 X193.538 Y214.649 E2935.15295
G1 X193.136 Y214.566 E2935.18025
G1 X192.695 Y214.519 E2935.20975
G1 X192.533 Y214.515 E2935.22053
G1 X186.324 Y214.516 E2935.63356
G1 X185.874 Y214.557 E2935.66362
G1 X185.525 Y214.623 E2935.68724
G1 X185.09 Y214.748 E2935.71735
G1 X184.699 Y214.909 E2935.74548
G1 X184.298 Y215.122 E2935.77568
G1 X183.931 Y215.373 E2935.80526
G1 X183.599 Y215.655 E2935.83423
G1 X183.338 Y215.923 E2935.85912
G1 X183.07 Y216.259 E2935.88771
G1 X182.866 Y216.567 E2935.91228
G1 X182.69 Y216.897 E2935.93716
G1 X182.529 Y217.281 E2935.96486
G1 X182.396 Y217.717 E2935.99518
G1 X182.318 Y218.131 E2936.02321
G1 X182.281 Y218.553 E2936.05139
G1 X182.278 Y218.704 E2936.06143
G1 X182.278 Y229.013 E2936.74719
G1 X160.708 Y229.013 E2938.18203
G1 X160.708 Y214.419 E2939.15283
G1 X160.666 Y213.927 E2939.18568
G1 X160.579 Y213.495 E2939.21499
G1 X160.449 Y213.075 E2939.24424
G1 X160.274 Y212.67 E2939.27358
G1 X160.069 Y212.303 E2939.30155
G1 X159.804 Y211.928 E2939.33209
G1 X159.481 Y211.563 E2939.36451
G1 X159.136 Y211.256 E2939.39523
G1 X158.832 Y211.032 E2939.42035
G1 X158.419 Y210.792 E2939.45213
G1 X158.061 Y210.629 E2939.47829
G1 X157.665 Y210.494 E2939.50613
G1 X157.216 Y210.391 E2939.53677
G1 X156.791 Y210.342 E2939.56523
G1 X156.588 Y210.333 E2939.57874
G1 X146.586 Y210.334 E2940.24408
G1 X146.088 Y210.382 E2940.27736
G1 X145.635 Y210.48 E2940.30819
G1 X145.238 Y210.61 E2940.33598
G1 X144.874 Y210.769 E2940.3624
G1 X144.455 Y211.009 E2940.39452
G1 X144.106 Y211.262 E2940.4232
G1 X143.853 Y211.481 E2940.44546
G1 X143.524 Y211.831 E2940.47741
G1 X143.259 Y212.183 E2940.50672
G1 X143.032 Y212.561 E2940.53605
G1 X142.842 Y212.972 E2940.56617
G1 X142.723 Y213.308 E2940.58988
G1 X142.613 Y213.756 E2940.62057
G1 X142.553 Y214.227 E2940.65215
G1 X142.542 Y214.514 E2940.67125
G1 X142.542 Y229.013 E2941.63573
G1 X100.101 Y229.012 E2944.45892
G1 X99.695 Y228.953 E2944.48621
G1 X99.347 Y228.82 E2944.51099
G1 X98.976 Y228.571 E2944.54071
G1 X98.732 Y228.313 E2944.56434
G1 X98.501 Y227.917 E2944.59483
G1 X98.378 Y227.491 E2944.62433
G1 X98.355 Y227.213 E2944.64288
G1 X98.356 Y72.73 E2954.91913
G1 X98.415 Y72.333 E2954.94583
G1 X98.549 Y71.978 E2954.97107
G1 X98.7 Y71.73 E2954.99039
G1 X98.939 Y71.462 E2955.01427
G1 X99.235 Y71.242 E2955.03881
G1 X99.463 Y71.127 E2955.05579
G1 X99.807 Y71.022 E2955.07972
G1 X100.128 Y70.987 E2955.1012
G1 X199.895 Y70.988 E2961.73773
G1 X200.275 Y71.041 E2961.76325
G1 X200.536 Y71.126 E2961.78151
G1 X200.922 Y71.347 E2961.8111
G1 X201.207 Y71.613 E2961.83703
G1 X201.369 Y71.836 E2961.85536
G1 X201.508 Y72.105 E2961.87551
G1 X201.56 Y72.246 E2961.8855
G1 X201.619 Y72.492 E2961.90233
G1 X201.644 Y72.766 E2961.92063
G1 X201.645 Y227.196 E2972.19336
G1 X201.593 Y227.638 E2972.22296
G1 X201.466 Y227.992 E2972.24798
G1 X201.262 Y228.32 E2972.27367
G1 X201.005 Y228.587 E2972.29833
G1 X200.663 Y228.815 E2972.32567
G1 X200.278 Y228.958 E2972.35299
G1 X199.831 Y229.013 E2972.38295
G1 X196.681 Y229.013 E2972.59249
G1 X196.681 Y218.601 E2973.2851
G1 X196.639 Y218.107 E2973.31807
G1 X196.541 Y217.634 E2973.35021
G1 X196.421 Y217.253 E2973.37678
G1 X196.227 Y216.814 E2973.40871
G1 X196.043 Y216.489 E2973.43355
G1 X195.83 Y216.179 E2973.45857
G1 X195.595 Y215.894 E2973.48314
G1 X195.534 Y215.637 E2973.50071
G1 X195.02 Y215.373 E2973.53915
G1 X194.71 Y215.153 E2973.56444
G1 F1500 E2972.56444
G0 F9000 X196.003 Y213.674
G0 X197.292 Y211.841
G0 X197.762 Y210.886
;TYPE:WALL-OUTER
G1 F1500 E2973.59104
G1 F2400 X197.477 Y210.772 E2973.61146
G1 X197.181 Y210.698 E2973.63176
G1 X196.912 Y210.667 E2973.64977
G1 X196.761 Y210.665 E2973.65982
G1 X196.38 Y210.705 E2973.6853
G1 X196.114 Y210.773 E2973.70356
G1 X195.798 Y210.905 E2973.72634
G1 X195.536 Y211.064 E2973.74673
G1 X195.271 Y211.282 E2973.76956
G1 X195.089 Y211.481 E2973.7875
G1 X194.934 Y211.699 E2973.80529
G1 X194.788 Y211.972 E2973.82588
G1 X194.675 Y212.295 E2973.84865
G1 X194.616 Y212.595 E2973.86898
G1 X194.602 Y212.979 E2973.89454
G1 X194.633 Y213.25 E2973.91269
G1 X194.696 Y213.513 E2973.93068
G1 X194.806 Y213.797 E2973.95094
G1 X194.975 Y214.095 E2973.97373
G1 X195.141 Y214.311 E2973.99185
G1 X195.33 Y214.503 E2974.00977
G1 X195.605 Y214.713 E2974.03279
G1 X195.837 Y214.844 E2974.05051
G1 X196.122 Y214.958 E2974.07093
G1 X196.418 Y215.032 E2974.09122
G1 X196.687 Y215.063 E2974.10924
G1 X196.955 Y215.06 E2974.12707
G1 X197.219 Y215.025 E2974.14478
G1 X197.485 Y214.957 E2974.16304
G1 X197.801 Y214.825 E2974.18582
G1 X198.064 Y214.666 E2974.20627
G1 X198.328 Y214.448 E2974.22904
G1 X198.51 Y214.249 E2974.24698
G1 X198.665 Y214.031 E2974.26478
G1 X198.811 Y213.758 E2974.28537
G1 X198.924 Y213.435 E2974.30813
G1 X198.983 Y213.135 E2974.32847
G1 X198.997 Y212.751 E2974.35403
G1 X198.966 Y212.48 E2974.37218
G1 X198.903 Y212.217 E2974.39017
G1 X198.793 Y211.933 E2974.41042
G1 X198.624 Y211.635 E2974.43321
G1 X198.458 Y211.419 E2974.45133
G1 X198.269 Y211.227 E2974.46926
G1 X197.994 Y211.017 E2974.49227
G1 X197.762 Y210.886 E2974.51
G0 F9000 X198.142 Y210.093
G1 F1500 E2973.51
G0 F9000 X197.141 Y211.783
G0 X103.997 Y212.056
G0 X105.731 Y210.024
;TYPE:WALL-INNER
G1 F1500 E2974.5366
G1 F2400 X105.279 Y209.679 E2974.57443
G1 X104.857 Y209.44 E2974.60669
G1 X104.372 Y209.246 E2974.64144
G1 X103.868 Y209.12 E2974.676
G1 X103.416 Y209.069 E2974.70625
G1 X103.09 Y209.063 E2974.72794
G1 X102.497 Y209.125 E2974.7676
G1 X102.005 Y209.251 E2974.80139
G1 X101.471 Y209.475 E2974.83991
G1 X101.009 Y209.756 E2974.87588
G1 X100.569 Y210.118 E2974.91378
G1 X100.242 Y210.474 E2974.94594
G1 X99.972 Y210.855 E2974.977
G1 X99.719 Y211.326 E2975.01256
G1 X99.528 Y211.875 E2975.03774
G1 X99.427 Y212.39 E2975.05078
G1 X99.396 Y212.875 E2975.05977
G1 X99.434 Y213.401 E2975.06995
G1 X99.543 Y213.918 E2975.0831
G1 X99.727 Y214.418 E2975.10644
G1 X99.978 Y214.888 E2975.14188
G1 X100.282 Y215.303 E2975.17611
G1 X100.603 Y215.643 E2975.20721
G1 X100.982 Y215.956 E2975.23991
G1 X101.524 Y216.282 E2975.28198
G1 X102.029 Y216.484 E2975.31816
G1 X102.532 Y216.61 E2975.35265
G1 X103.006 Y216.665 E2975.3844
G1 X103.471 Y216.658 E2975.41533
G1 X103.923 Y216.599 E2975.44565
G1 X104.396 Y216.479 E2975.47811
G1 X104.929 Y216.255 E2975.51657
G1 X105.393 Y215.974 E2975.55266
G1 X105.834 Y215.611 E2975.59065
G1 X106.159 Y215.256 E2975.62267
G1 X106.429 Y214.875 E2975.65373
G1 X106.682 Y214.404 E2975.6893
G1 X106.873 Y213.855 E2975.72796
G1 X106.978 Y213.32 E2975.76423
G1 X107.002 Y212.689 E2975.80624
G1 X106.945 Y212.201 E2975.83892
G1 X106.835 Y211.74 E2975.87045
G1 X106.644 Y211.245 E2975.90574
G1 X106.361 Y210.748 E2975.94378
G1 X106.068 Y210.367 E2975.97576
G1 X105.731 Y210.024 E2976.00774
G0 F9000 X105.2 Y210.625
G1 F2400 X104.837 Y210.348 E2976.03812
G1 X104.51 Y210.163 E2976.06311
G1 X104.125 Y210.009 E2976.09069
G1 X103.725 Y209.909 E2976.11812
G1 X103.364 Y209.868 E2976.14229
G1 X103.125 Y209.864 E2976.15819
G1 X102.639 Y209.915 E2976.19069
G1 X102.26 Y210.012 E2976.21672
G1 X101.835 Y210.19 E2976.24737
G1 X101.473 Y210.41 E2976.27555
G1 X101.12 Y210.7 E2976.30594
G1 X100.866 Y210.977 E2976.33094
G1 X100.654 Y211.277 E2976.35537
G1 X100.454 Y211.649 E2976.38347
G1 X100.302 Y212.085 E2976.41418
G1 X100.222 Y212.493 E2976.44184
G1 X100.198 Y212.872 E2976.4671
G1 X100.228 Y213.289 E2976.49491
G1 X100.314 Y213.696 E2976.52258
G1 X100.459 Y214.09 E2976.55051
G1 X100.657 Y214.461 E2976.57848
G1 X100.898 Y214.79 E2976.60561
G1 X101.151 Y215.058 E2976.63013
G1 X101.445 Y215.301 E2976.6555
G1 X101.881 Y215.563 E2976.68934
G1 X102.276 Y215.721 E2976.71764
G1 X102.676 Y215.821 E2976.74506
G1 X103.047 Y215.864 E2976.76991
G1 X103.413 Y215.859 E2976.79426
G1 X103.772 Y215.812 E2976.81834
G1 X104.141 Y215.718 E2976.84367
G1 X104.565 Y215.54 E2976.87426
G1 X104.929 Y215.32 E2976.90255
G1 X105.282 Y215.029 E2976.93299
G1 X105.535 Y214.753 E2976.95789
G1 X105.747 Y214.453 E2976.98233
G1 X105.947 Y214.081 E2977.01042
G1 X106.099 Y213.645 E2977.04114
G1 X106.181 Y213.227 E2977.06947
G1 X106.2 Y212.72 E2977.10322
G1 X106.156 Y212.341 E2977.1286
G1 X106.069 Y211.978 E2977.15343
G1 X105.919 Y211.589 E2977.18117
G1 X105.693 Y211.192 E2977.21156
G1 X105.463 Y210.893 E2977.23665
G1 X105.2 Y210.625 E2977.26163
G0 F9000 X104.67 Y211.227
;TYPE:WALL-OUTER
G1 F2400 X104.395 Y211.017 E2977.28464
G1 X104.163 Y210.886 E2977.30237
G1 X103.878 Y210.772 E2977.32278
G1 X103.582 Y210.698 E2977.34308
G1 X103.313 Y210.667 E2977.36109
G1 X103.162 Y210.665 E2977.37114
G1 X102.781 Y210.705 E2977.39662
G1 X102.515 Y210.773 E2977.41489
G1 X102.199 Y210.905 E2977.43767
G1 X101.937 Y211.064 E2977.45805
G1 X101.672 Y211.282 E2977.48088
G1 X101.49 Y211.481 E2977.49882
G1 X101.335 Y211.699 E2977.51661
G1 X101.189 Y211.972 E2977.5372
G1 X101.076 Y212.295 E2977.55997
G1 X101.017 Y212.595 E2977.58031
G1 X101 Y212.868 E2977.5985
G1 X101.022 Y213.177 E2977.61911
G1 X101.085 Y213.474 E2977.6393
G1 X101.191 Y213.762 E2977.65972
G1 X101.336 Y214.034 E2977.68022
G1 X101.514 Y214.277 E2977.70026
G1 X101.699 Y214.473 E2977.71819
G1 X101.908 Y214.646 E2977.73624
G1 X102.238 Y214.844 E2977.76184
G1 X102.523 Y214.958 E2977.78225
G1 X102.819 Y215.032 E2977.80255
G1 X103.088 Y215.063 E2977.82056
G1 X103.356 Y215.06 E2977.83839
G1 X103.62 Y215.025 E2977.85611
G1 X103.886 Y214.957 E2977.87437
G1 X104.202 Y214.825 E2977.89715
G1 X104.465 Y214.666 E2977.91759
G1 X104.729 Y214.448 E2977.94037
G1 X104.911 Y214.249 E2977.95831
G1 X105.066 Y214.031 E2977.9761
G1 X105.212 Y213.758 E2977.99669
G1 X105.325 Y213.435 E2978.01946
G1 X105.384 Y213.135 E2978.0398
G1 X105.398 Y212.751 E2978.06536
G1 X105.367 Y212.48 E2978.0835
G1 X105.304 Y212.217 E2978.10149
G1 X105.194 Y211.933 E2978.12175
G1 X105.025 Y211.635 E2978.14454
G1 X104.859 Y211.419 E2978.16266
G1 X104.67 Y211.227 E2978.18058
G0 F9000 X105.252 Y210.567
G1 F1500 E2977.18058
G0 F9000 X103.883 Y211.957
G0 X104.284 Y92.51
G0 X106.644 Y91.23
;TYPE:WALL-INNER
G1 F1500 E2978.20719
G1 F2400 X106.361 Y90.733 E2978.24524
G1 X106.068 Y90.352 E2978.27721
G1 X105.731 Y90.009 E2978.30919
G1 X105.279 Y89.664 E2978.34702
G1 X104.857 Y89.425 E2978.37928
G1 X104.372 Y89.231 E2978.41403
G1 X103.868 Y89.105 E2978.44858
G1 X103.416 Y89.054 E2978.47884
G1 X103.09 Y89.048 E2978.50053
G1 X102.497 Y89.11 E2978.54019
G1 X102.005 Y89.236 E2978.57398
G1 X101.471 Y89.46 E2978.6125
G1 X101.009 Y89.741 E2978.64847
G1 X100.569 Y90.103 E2978.68637
G1 X100.242 Y90.459 E2978.71853
G1 X99.972 Y90.84 E2978.74959
G1 X99.719 Y91.311 E2978.78515
G1 X99.528 Y91.86 E2978.81033
G1 X99.427 Y92.375 E2978.82337
G1 X99.396 Y92.86 E2978.83236
G1 X99.434 Y93.386 E2978.83293
G1 X99.543 Y93.903 E2978.84609
G1 X99.727 Y94.403 E2978.86943
G1 X99.978 Y94.873 E2978.90487
G1 X100.282 Y95.288 E2978.93909
G1 X100.603 Y95.628 E2978.97019
G1 X100.982 Y95.941 E2979.00289
G1 X101.524 Y96.267 E2979.04496
G1 X102.029 Y96.469 E2979.08115
G1 X102.532 Y96.595 E2979.11564
G1 X103.006 Y96.65 E2979.14738
G1 X103.471 Y96.643 E2979.17832
G1 X103.923 Y96.584 E2979.20864
G1 X104.396 Y96.464 E2979.2411
G1 X104.929 Y96.24 E2979.27956
G1 X105.393 Y95.959 E2979.31564
G1 X105.834 Y95.596 E2979.35364
G1 X106.159 Y95.241 E2979.38565
G1 X106.429 Y94.86 E2979.41672
G1 X106.682 Y94.389 E2979.45228
G1 X106.873 Y93.84 E2979.49095
G1 X106.978 Y93.305 E2979.52722
G1 X107.002 Y92.674 E2979.56922
G1 X106.945 Y92.186 E2979.6019
G1 X106.835 Y91.725 E2979.63343
G1 X106.644 Y91.23 E2979.66872
G0 F9000 X105.919 Y91.574
G1 F2400 X105.693 Y91.177 E2979.69911
G1 X105.463 Y90.878 E2979.7242
G1 X105.2 Y90.61 E2979.74918
G1 X104.837 Y90.333 E2979.77956
G1 X104.51 Y90.148 E2979.80455
G1 X104.125 Y89.994 E2979.83213
G1 X103.725 Y89.894 E2979.85956
G1 X103.364 Y89.853 E2979.88373
G1 X103.125 Y89.849 E2979.89963
G1 X102.639 Y89.9 E2979.93213
G1 X102.26 Y89.997 E2979.95816
G1 X101.835 Y90.175 E2979.98881
G1 X101.473 Y90.395 E2980.01699
G1 X101.12 Y90.685 E2980.04738
G1 X100.866 Y90.962 E2980.07238
G1 X100.654 Y91.262 E2980.09681
G1 X100.454 Y91.634 E2980.12491
G1 X100.302 Y92.07 E2980.15562
G1 X100.222 Y92.478 E2980.18328
G1 X100.198 Y92.857 E2980.20854
G1 X100.228 Y93.274 E2980.23635
G1 X100.314 Y93.681 E2980.26402
G1 X100.459 Y94.075 E2980.29195
G1 X100.657 Y94.446 E2980.31992
G1 X100.898 Y94.775 E2980.34705
G1 X101.151 Y95.043 E2980.37157
G1 X101.445 Y95.286 E2980.39694
G1 X101.881 Y95.548 E2980.43078
G1 X102.276 Y95.706 E2980.45908
G1 X102.676 Y95.806 E2980.48651
G1 X103.047 Y95.849 E2980.51135
G1 X103.413 Y95.844 E2980.5357
G1 X103.772 Y95.797 E2980.55978
G1 X104.141 Y95.703 E2980.58511
G1 X104.565 Y95.525 E2980.6157
G1 X104.929 Y95.305 E2980.64399
G1 X105.282 Y95.014 E2980.67443
G1 X105.535 Y94.738 E2980.69933
G1 X105.747 Y94.438 E2980.72377
G1 X105.947 Y94.066 E2980.75186
G1 X106.099 Y93.63 E2980.78258
G1 X106.181 Y93.212 E2980.81091
G1 X106.2 Y92.705 E2980.84466
G1 X106.156 Y92.326 E2980.87004
G1 X106.069 Y91.963 E2980.89487
G1 X105.919 Y91.574 E2980.92261
G0 F9000 X105.194 Y91.918
;TYPE:WALL-OUTER
G1 F2400 X105.025 Y91.62 E2980.9454
G1 X104.859 Y91.404 E2980.96352
G1 X104.67 Y91.212 E2980.98144
G1 X104.395 Y91.002 E2981.00446
G1 X104.163 Y90.871 E2981.02218
G1 X103.878 Y90.757 E2981.0426
G1 X103.582 Y90.683 E2981.06289
G1 X103.313 Y90.652 E2981.08091
G1 X103.162 Y90.65 E2981.09095
G1 X102.781 Y90.69 E2981.11644
G1 X102.515 Y90.758 E2981.1347
G1 X102.199 Y90.89 E2981.15748
G1 X101.937 Y91.049 E2981.17787
G1 X101.672 Y91.267 E2981.20069
G1 X101.49 Y91.466 E2981.21863
G1 X101.335 Y91.684 E2981.23642
G1 X101.189 Y91.957 E2981.25702
G1 X101.076 Y92.28 E2981.27978
G1 X101.017 Y92.58 E2981.30012
G1 X101 Y92.853 E2981.31832
G1 X101.022 Y93.162 E2981.33892
G1 X101.085 Y93.459 E2981.35912
G1 X101.191 Y93.747 E2981.37953
G1 X101.336 Y94.019 E2981.40004
G1 X101.514 Y94.262 E2981.42007
G1 X101.699 Y94.458 E2981.438
G1 X101.908 Y94.631 E2981.45605
G1 X102.238 Y94.829 E2981.48165
G1 X102.523 Y94.943 E2981.50207
G1 X102.819 Y95.017 E2981.52236
G1 X103.088 Y95.048 E2981.54038
G1 X103.356 Y95.045 E2981.55821
G1 X103.62 Y95.01 E2981.57592
G1 X103.886 Y94.942 E2981.59418
G1 X104.202 Y94.81 E2981.61696
G1 X104.465 Y94.651 E2981.63741
G1 X104.729 Y94.433 E2981.66018
G1 X104.911 Y94.234 E2981.67812
G1 X105.066 Y94.016 E2981.69591
G1 X105.212 Y93.743 E2981.71651
G1 X105.325 Y93.42 E2981.73927
G1 X105.384 Y93.12 E2981.75961
G1 X105.398 Y92.736 E2981.78517
G1 X105.367 Y92.465 E2981.80332
G1 X105.304 Y92.202 E2981.8213
G1 X105.194 Y91.918 E2981.84156
G0 F9000 X105.989 Y91.542
G1 F1500 E2980.84156
G0 F9000 X104.263 Y92.451
G0 X197.596 Y92.041
G0 X199.667 Y90.352
;TYPE:WALL-INNER
G1 F1500 E2981.86817
G1 F2400 X199.33 Y90.009 E2981.90016
G1 X198.878 Y89.664 E2981.93798
G1 X198.456 Y89.425 E2981.97024
G1 X197.971 Y89.231 E2982.00499
G1 X197.467 Y89.105 E2982.03955
G1 X197.015 Y89.054 E2982.06981
G1 X196.689 Y89.048 E2982.0915
G1 X196.096 Y89.11 E2982.13116
G1 X195.604 Y89.236 E2982.16494
G1 X195.07 Y89.46 E2982.20346
G1 X194.608 Y89.741 E2982.23943
G1 X194.168 Y90.103 E2982.27734
G1 X193.841 Y90.459 E2982.30949
G1 X193.571 Y90.84 E2982.34055
G1 X193.318 Y91.311 E2982.37612
G1 X193.127 Y91.86 E2982.41479
G1 X193.022 Y92.395 E2982.45105
G1 X192.998 Y93.026 E2982.49306
G1 X193.055 Y93.514 E2982.52574
G1 X193.165 Y93.975 E2982.55727
G1 X193.356 Y94.47 E2982.59256
G1 X193.639 Y94.967 E2982.63061
G1 X193.932 Y95.348 E2982.66258
G1 X194.269 Y95.691 E2982.69456
G1 X194.721 Y96.036 E2982.73239
G1 X195.143 Y96.275 E2982.76465
G1 X195.628 Y96.469 E2982.7994
G1 X196.131 Y96.595 E2982.83389
G1 X196.605 Y96.65 E2982.86563
G1 X197.07 Y96.643 E2982.89657
G1 X197.522 Y96.584 E2982.92689
G1 X197.995 Y96.464 E2982.95935
G1 X198.528 Y96.24 E2982.99781
G1 X198.992 Y95.959 E2983.03389
G1 X199.433 Y95.596 E2983.07189
G1 X199.758 Y95.241 E2983.10391
G1 X200.028 Y94.86 E2983.13497
G1 X200.281 Y94.389 E2983.17053
G1 X200.472 Y93.84 E2983.19605
G1 X200.577 Y93.305 E2983.20976
G1 X200.601 Y92.674 E2983.22312
G1 X200.544 Y92.186
G1 X200.434 Y91.725 E2983.2352
G1 X200.243 Y91.23 E2983.25888
G1 X199.96 Y90.733 E2983.29693
G1 X199.667 Y90.352 E2983.3289
G0 F9000 X199.062 Y90.878
G1 F2400 X198.799 Y90.61 E2983.35388
G1 X198.436 Y90.333 E2983.38425
G1 X198.109 Y90.148 E2983.40924
G1 X197.724 Y89.994 E2983.43683
G1 X197.324 Y89.894 E2983.46425
G1 X196.963 Y89.853 E2983.48842
G1 X196.724 Y89.849 E2983.50432
G1 X196.238 Y89.9 E2983.53683
G1 X195.859 Y89.997 E2983.56285
G1 X195.434 Y90.175 E2983.5935
G1 X195.072 Y90.395 E2983.62168
G1 X194.719 Y90.685 E2983.65207
G1 X194.465 Y90.962 E2983.67707
G1 X194.253 Y91.262 E2983.70151
G1 X194.053 Y91.634 E2983.7296
G1 X193.901 Y92.07 E2983.76032
G1 X193.819 Y92.488 E2983.78865
G1 X193.8 Y92.995 E2983.8224
G1 X193.844 Y93.374 E2983.84778
G1 X193.931 Y93.737 E2983.87261
G1 X194.081 Y94.126 E2983.90035
G1 X194.307 Y94.523 E2983.93073
G1 X194.537 Y94.822 E2983.95583
G1 X194.8 Y95.09 E2983.98081
G1 X195.163 Y95.367 E2984.01118
G1 X195.49 Y95.552 E2984.03617
G1 X195.875 Y95.706 E2984.06375
G1 X196.275 Y95.806 E2984.09118
G1 X196.646 Y95.849 E2984.11603
G1 X197.012 Y95.844 E2984.14037
G1 X197.371 Y95.797 E2984.16446
G1 X197.74 Y95.703 E2984.18979
G1 X198.164 Y95.525 E2984.22038
G1 X198.528 Y95.305 E2984.24867
G1 X198.881 Y95.014 E2984.2791
G1 X199.134 Y94.738 E2984.30401
G1 X199.346 Y94.438 E2984.32844
G1 X199.546 Y94.066 E2984.35654
G1 X199.698 Y93.63 E2984.38725
G1 X199.78 Y93.212 E2984.41559
G1 X199.799 Y92.705 E2984.44934
G1 X199.755 Y92.326 E2984.47472
G1 X199.668 Y91.963 E2984.49955
G1 X199.518 Y91.574 E2984.52728
G1 X199.292 Y91.177 E2984.55767
G1 X199.062 Y90.878 E2984.58277
G0 F9000 X198.458 Y91.404
;TYPE:WALL-OUTER
G1 F2400 X198.269 Y91.212 E2984.60069
G1 X197.994 Y91.002 E2984.6237
G1 X197.762 Y90.871 E2984.64143
G1 X197.477 Y90.757 E2984.66185
G1 X197.181 Y90.683 E2984.68214
G1 X196.912 Y90.652 E2984.70015
G1 X196.761 Y90.65 E2984.7102
G1 X196.38 Y90.69 E2984.73568
G1 X196.114 Y90.758 E2984.75395
G1 X195.798 Y90.89 E2984.77673
G1 X195.536 Y91.049 E2984.79711
G1 X195.271 Y91.267 E2984.81994
G1 X195.089 Y91.466 E2984.83788
G1 X194.934 Y91.684 E2984.85567
G1 X194.788 Y91.957 E2984.87627
G1 X194.675 Y92.28 E2984.89903
G1 X194.616 Y92.58 E2984.91937
G1 X194.602 Y92.964 E2984.94493
G1 X194.633 Y93.235 E2984.96307
G1 X194.696 Y93.498 E2984.98106
G1 X194.806 Y93.782 E2985.00132
G1 X194.975 Y94.08 E2985.02411
G1 X195.141 Y94.296 E2985.04223
G1 X195.33 Y94.488 E2985.06015
G1 X195.605 Y94.698 E2985.08317
G1 X195.837 Y94.829 E2985.10089
G1 X196.122 Y94.943 E2985.12131
G1 X196.418 Y95.017 E2985.14161
G1 X196.687 Y95.048 E2985.15962
G1 X196.955 Y95.045 E2985.17745
G1 X197.219 Y95.01 E2985.19516
G1 X197.485 Y94.942 E2985.21343
G1 X197.801 Y94.81 E2985.23621
G1 X198.064 Y94.651 E2985.25665
G1 X198.328 Y94.433 E2985.27943
G1 X198.51 Y94.234 E2985.29737
G1 X198.665 Y94.016 E2985.31516
G1 X198.811 Y93.743 E2985.33575
G1 X198.924 Y93.42 E2985.35852
G1 X198.983 Y93.12 E2985.37885
G1 X198.997 Y92.736 E2985.40441
G1 X198.966 Y92.465 E2985.42256
G1 X198.903 Y92.202 E2985.44055
G1 X198.793 Y91.918 E2985.46081
G1 X198.624 Y91.62 E2985.4836
G1 X198.458 Y91.404 E2985.50172
G0 F9000 X199.121 Y90.827
G1 F1500 E2984.50172
G0 F9000 X197.739 Y92.214
G0 X196.856 Y211.731
G0 X196.963 Y209.868
;TYPE:WALL-INNER
G1 F1500 E2985.52833
G1 F2400 X196.724 Y209.864 E2985.54423
G1 X196.238 Y209.915 E2985.57673
G1 X195.859 Y210.012 E2985.60276
G1 X195.434 Y210.19 E2985.63341
G1 X195.072 Y210.41 E2985.66159
G1 X194.719 Y210.7 E2985.69198
G1 X194.465 Y210.977 E2985.71698
G1 X194.253 Y211.277 E2985.74141
G1 X194.053 Y211.649 E2985.76951
G1 X193.901 Y212.085 E2985.80022
G1 X193.819 Y212.503 E2985.82856
G1 X193.8 Y213.01 E2985.86231
G1 X193.844 Y213.389 E2985.88769
G1 X193.931 Y213.752 E2985.91252
G1 X194.081 Y214.141 E2985.94025
G1 X194.307 Y214.538 E2985.96183
G1 X194.537 Y214.837 E2985.97199
G1 X194.8 Y215.105 E2985.97964
G1 X195.163 Y215.382 E2985.9911
G1 X195.49 Y215.567
G1 X195.875 Y215.721 E2986.00368
G1 X196.275 Y215.821 E2986.02426
G1 X196.646 Y215.864 E2986.04911
G1 X197.012 Y215.859 E2986.07346
G1 X197.371 Y215.812 E2986.09754
G1 X197.74 Y215.718 E2986.12287
G1 X198.164 Y215.54 E2986.15346
G1 X198.528 Y215.32 E2986.18175
G1 X198.881 Y215.029 E2986.21218
G1 X199.134 Y214.753 E2986.23709
G1 X199.346 Y214.453 E2986.26153
G1 X199.546 Y214.081 E2986.28962
G1 X199.698 Y213.645 E2986.32034
G1 X199.78 Y213.227 E2986.34867
G1 X199.799 Y212.72 E2986.38242
G1 X199.755 Y212.341 E2986.4078
G1 X199.668 Y211.978 E2986.43263
G1 X199.518 Y211.589 E2986.46037
G1 X199.292 Y211.192 E2986.49075
G1 X199.062 Y210.893 E2986.51585
G1 X198.799 Y210.625 E2986.54082
G1 X198.436 Y210.348 E2986.5712
G1 X198.109 Y210.163 E2986.59619
G1 X197.724 Y210.009 E2986.62377
G1 X197.324 Y209.909 E2986.6512
G1 X196.963 Y209.868 E2986.67537
G1 F1500 E2985.67537
G0 F9000 X196.856 Y211.731
G0 X203.221 Y71.364
G0 X202.054 Y71.418
;TYPE:WALL-OUTER
G1 F1500 E2986.70198
G1 F2400 X202.24 Y71.778 E2986.72893
G1 X202.328 Y72.019 E2986.746
G1 X202.407 Y72.349 E2986.76857
G1 X202.437 Y72.598 E2986.78525
G1 X202.444 Y72.753 E2986.79557
G1 X202.445 Y227.233 E2997.07163
G1 X202.429 Y227.506 E2997.08982
G1 X202.373 Y227.822 E2997.11117
G1 X202.292 Y228.09 E2997.12979
G1 X202.187 Y228.342 E2997.14795
G1 X202.047 Y228.595 E2997.16718
G1 X201.894 Y228.813 E2997.1849
G1 X201.724 Y229.01 E2997.20221
G1 X201.515 Y229.205 E2997.22122
G1 X201.251 Y229.399 E2997.24302
G1 X201.02 Y229.532 E2997.26075
G1 X200.729 Y229.658 E2997.28184
G1 X200.463 Y229.738 E2997.30032
G1 X200.156 Y229.794 E2997.32108
G1 X199.847 Y229.813 E2997.34167
G1 X195.881 Y229.813 E2997.60549
G1 X195.881 Y218.635 E2998.34905
G1 X195.846 Y218.222 E2998.37663
G1 X195.766 Y217.836 E2998.40285
G1 X195.671 Y217.536 E2998.42378
G1 X195.511 Y217.173 E2998.45017
G1 X195.364 Y216.913 E2998.47004
G1 X195.191 Y216.661 E2998.49037
G1 X194.999 Y216.429 E2998.5104
G1 X194.828 Y216.253 E2998.52673
G1 X194.813 Y216.166 E2998.5326
G1 X194.605 Y216.059 E2998.54816
G1 X194.283 Y215.831 E2998.5744
G1 X193.975 Y215.66 E2998.59784
G1 X193.73 Y215.539 E2998.61602
G1 X193.344 Y215.426 E2998.64277
G1 X193.012 Y215.357 E2998.66533
G1 X192.643 Y215.318 E2998.69001
G1 X192.523 Y215.315 E2998.69799
G1 X186.36 Y215.316 E2999.10796
G1 X185.985 Y215.35 E2999.13301
G1 X185.711 Y215.402 E2999.15156
G1 X185.354 Y215.505 E2999.17627
G1 X185.04 Y215.634 E2999.19886
G1 X184.713 Y215.808 E2999.2235
G1 X184.417 Y216.01 E2999.24733
G1 X184.146 Y216.24 E2999.27098
G1 X183.939 Y216.453 E2999.29074
G1 X183.718 Y216.73 E2999.31431
G1 X183.554 Y216.978 E2999.33408
G1 X183.413 Y217.241 E2999.35394
G1 X183.283 Y217.553 E2999.37642
G1 X183.174 Y217.909 E2999.40119
G1 X183.111 Y218.241 E2999.42366
G1 X183.08 Y218.595 E2999.4473
G1 X183.078 Y218.711 E2999.45502
G1 X183.078 Y229.813 E3000.19353
G1 X159.908 Y229.813 E3001.7348
G1 X159.908 Y214.453 E3002.75655
G1 X159.873 Y214.04 E3002.78413
G1 X159.803 Y213.693 E3002.80767
G1 X159.698 Y213.353 E3002.83134
G1 X159.556 Y213.025 E3002.85512
G1 X159.391 Y212.73 E3002.8776
G1 X159.176 Y212.425 E3002.90243
G1 X158.914 Y212.129 E3002.92872
G1 X158.632 Y211.878 E3002.95384
G1 X158.393 Y211.702 E3002.97358
G1 X158.052 Y211.504 E3002.99981
G1 X157.766 Y211.374 E3003.02071
G1 X157.446 Y211.265 E3003.04319
G1 X157.08 Y211.181 E3003.06817
G1 X156.727 Y211.14 E3003.09181
G1 X156.57 Y211.133 E3003.10227
G1 X146.625 Y211.134 E3003.76381
G1 X146.211 Y211.174 E3003.79148
G1 X145.844 Y211.253 E3003.81645
G1 X145.524 Y211.358 E3003.83885
G1 X145.234 Y211.485 E3003.85991
G1 X144.89 Y211.682 E3003.88628
G1 X144.604 Y211.889 E3003.90977
G1 X144.408 Y212.059 E3003.92703
G1 X144.137 Y212.347 E3003.95333
G1 X143.923 Y212.631 E3003.97699
G1 X143.74 Y212.936 E3004.00065
G1 X143.584 Y213.274 E3004.02541
G1 X143.49 Y213.538 E3004.04405
G1 X143.401 Y213.902 E3004.06898
G1 X143.351 Y214.293 E3004.0952
G1 X143.342 Y214.529 E3004.11091
G1 X143.342 Y229.813 E3005.12761
G1 X100.068 Y229.812 E3008.00621
G1 X99.798 Y229.789 E3008.02423
G1 X99.494 Y229.728 E3008.04486
G1 X99.227 Y229.642 E3008.06352
G1 X98.98 Y229.532 E3008.0815
G1 X98.72 Y229.381 E3008.1015
G1 X98.465 Y229.188 E3008.12278
G1 X98.276 Y229.01 E3008.14005
G1 X98.099 Y228.805 E3008.15806
G1 X97.922 Y228.544 E3008.17904
G1 X97.765 Y228.234 E3008.20215
G1 X97.667 Y227.965 E3008.2212
G1 X97.587 Y227.621 E3008.24469
G1 X97.557 Y227.307 E3008.26568
G1 X97.555 Y227.213 E3008.27193
G1 X97.556 Y72.7 E3018.55018
G1 X97.577 Y72.448 E3018.567
G1 X97.638 Y72.138 E3018.58801
G1 X97.725 Y71.864 E3018.60714
G1 X97.837 Y71.61 E3018.6256
G1 X98.044 Y71.27 E3018.65208
G1 X98.204 Y71.069 E3018.66917
G1 X98.394 Y70.875 E3018.68723
G1 X98.597 Y70.706 E3018.70481
G1 X98.833 Y70.549 E3018.72366
G1 X99.147 Y70.39 E3018.74707
G1 X99.4 Y70.299 E3018.76496
G1 X99.658 Y70.235 E3018.78264
G1 X99.932 Y70.196 E3018.80105
G1 X100.106 Y70.187 E3018.81264
G1 X199.929 Y70.188 E3025.45289
G1 X200.196 Y70.211 E3025.47072
G1 X200.476 Y70.265 E3025.48969
G1 X200.835 Y70.382 E3025.51481
G1 X201.157 Y70.542 E3025.53872
G1 X201.41 Y70.711 E3025.55896
G1 X201.627 Y70.894 E3025.57785
G1 X201.82 Y71.097 E3025.59648
G1 X202.054 Y71.418 E3025.6229
G0 F9000 X201.306 Y71.88
G0 X200.032 Y72.72
;TYPE:SKIN
G1 F2100 X200.054 Y72.862 E3025.63246
G1 X200.054 Y89.618 E3026.74708
G1 X199.854 Y89.415 E3026.76603
G1 X199.314 Y89.003 E3026.81121
G1 X198.799 Y88.712 E3026.85056
G1 X198.214 Y88.478 E3026.89247
G1 X197.608 Y88.326 E3026.93403
G1 X197.066 Y88.264 E3026.97032
G1 X196.655 Y88.258 E3026.99767
G1 X195.956 Y88.33 E3027.04441
G1 X195.351 Y88.485 E3027.08595
G1 X194.71 Y88.755 E3027.13222
G1 X194.15 Y89.095 E3027.1758
G1 X193.623 Y89.528 E3027.22117
G1 X193.225 Y89.961 E3027.2603
G1 X192.898 Y90.423 E3027.29795
G1 X192.593 Y90.993 E3027.34095
G1 X192.363 Y91.653 E3027.38744
G1 X192.234 Y92.304 E3027.43159
G1 X192.206 Y93.057 E3027.48171
G1 X192.275 Y93.652 E3027.52156
G1 X192.409 Y94.21 E3027.55973
G1 X192.641 Y94.81 E3027.60253
G1 X192.979 Y95.405 E3027.64805
G1 X193.335 Y95.868 E3027.6869
G1 X193.745 Y96.285 E3027.7258
G1 X194.285 Y96.697 E3027.77098
G1 X194.8 Y96.988 E3027.81033
G1 X195.385 Y97.222 E3027.85224
G1 X195.989 Y97.373 E3027.89365
G1 X196.565 Y97.44 E3027.93223
G1 X197.127 Y97.433 E3027.96962
G1 X197.671 Y97.362 E3028.00611
G1 X198.246 Y97.215 E3028.04559
G1 X198.887 Y96.945 E3028.09186
G1 X199.45 Y96.605 E3028.13561
G1 X199.978 Y96.171 E3028.18107
G1 X200.054 Y96.088 E3028.18856
G1 X200.055 Y209.634 E3035.74167
G1 X199.854 Y209.43 E3035.76072
G1 X199.314 Y209.018 E3035.8059
G1 X198.799 Y208.727 E3035.84525
G1 X198.214 Y208.493 E3035.88716
G1 X197.608 Y208.341 E3035.92872
G1 X197.066 Y208.279 E3035.96501
G1 X196.655 Y208.273 E3035.99235
G1 X195.956 Y208.345 E3036.0391
G1 X195.351 Y208.5 E3036.08064
G1 X194.71 Y208.77 E3036.12691
G1 X194.15 Y209.11 E3036.17049
G1 X193.623 Y209.543 E3036.21586
G1 X193.225 Y209.976 E3036.25498
G1 X192.898 Y210.438 E3036.29263
G1 X192.593 Y211.008 E3036.33564
G1 X192.363 Y211.668 E3036.38213
G1 X192.234 Y212.319 E3036.42628
G1 X192.211 Y212.925 E3036.46662
G1 X186.252 Y212.926 E3036.86301
G1 X185.653 Y212.98 E3036.90302
G1 X185.158 Y213.074 E3036.93654
G1 X184.565 Y213.244 E3036.97757
G1 X184.022 Y213.469 E3037.01667
G1 X183.474 Y213.759 E3037.05791
G1 X182.965 Y214.108 E3037.09897
G1 X182.513 Y214.491 E3037.13838
G1 X182.143 Y214.87 E3037.17361
G1 X181.783 Y215.323 E3037.2121
G1 X181.499 Y215.752 E3037.24632
G1 X181.252 Y216.213 E3037.28111
G1 X181.032 Y216.74 E3037.3191
G1 X180.85 Y217.337 E3037.36062
G1 X180.741 Y217.914 E3037.39968
G1 X180.692 Y218.467 E3037.43661
G1 X180.688 Y218.688 E3037.45131
G1 X180.688 Y227.423 E3038.03237
G1 X162.298 Y227.423 E3039.25567
G1 X162.298 Y214.351 E3040.12523
G1 X162.243 Y213.702 E3040.16855
G1 X162.121 Y213.102 E3040.20928
G1 X161.942 Y212.523 E3040.2496
G1 X161.701 Y211.965 E3040.29003
G1 X161.416 Y211.454 E3040.32895
G1 X161.052 Y210.939 E3040.3709
G1 X160.609 Y210.438 E3040.41539
G1 X160.138 Y210.02 E3040.45728
G1 X159.707 Y209.701 E3040.49295
G1 X159.15 Y209.377 E3040.53581
G1 X158.649 Y209.15 E3040.5724
G1 X158.101 Y208.962 E3040.61094
G1 X157.486 Y208.821 E3040.65291
G1 X156.918 Y208.756 E3040.69094
G1 X156.624 Y208.743 E3040.71052
G1 X146.509 Y208.744 E3041.38337
G1 X145.843 Y208.808 E3041.42787
G1 X145.217 Y208.943 E3041.47047
G1 X144.672 Y209.123 E3041.50865
G1 X144.159 Y209.346 E3041.54586
G1 X143.59 Y209.672 E3041.58949
G1 X143.117 Y210.015 E3041.62835
G1 X142.751 Y210.332 E3041.66056
G1 X142.305 Y210.805 E3041.70381
G1 X141.939 Y211.293 E3041.74438
G1 X141.625 Y211.815 E3041.7849
G1 X141.367 Y212.372 E3041.82574
G1 X141.198 Y212.852 E3041.85959
G1 X141.047 Y213.466 E3041.90165
G1 X140.967 Y214.096 E3041.94389
G1 X140.952 Y214.483 E3041.96966
G1 X140.952 Y227.423 E3042.83043
G1 X100.222 Y227.422 E3045.5398
G1 X100.012 Y227.352 E3045.55452
G1 X99.945 Y227.142 E3045.56919
G1 X99.945 Y216.097 E3046.3039
G1 X100.062 Y216.221 E3046.31524
G1 X100.524 Y216.602 E3046.35508
G1 X101.171 Y216.991 E3046.4053
G1 X101.786 Y217.237 E3046.44936
G1 X102.39 Y217.388 E3046.49077
G1 X102.966 Y217.455 E3046.52935
G1 X103.528 Y217.448 E3046.56674
G1 X104.072 Y217.377 E3046.60323
G1 X104.647 Y217.23 E3046.64271
G1 X105.288 Y216.96 E3046.68898
G1 X105.851 Y216.62 E3046.73273
G1 X106.379 Y216.186 E3046.77819
G1 X106.775 Y215.753 E3046.81722
G1 X107.102 Y215.292 E3046.85482
G1 X107.407 Y214.722 E3046.89782
G1 X107.637 Y214.062 E3046.94432
G1 X107.766 Y213.411 E3046.98846
G1 X107.794 Y212.658 E3047.03859
G1 X107.725 Y212.063 E3047.07843
G1 X107.591 Y211.505 E3047.11661
G1 X107.359 Y210.905 E3047.1594
G1 X107.021 Y210.31 E3047.20492
G1 X106.665 Y209.847 E3047.24377
G1 X106.255 Y209.43 E3047.28267
G1 X105.715 Y209.018 E3047.32785
G1 X105.2 Y208.727 E3047.3672
G1 X104.615 Y208.493 E3047.40911
G1 X104.009 Y208.341 E3047.45067
G1 X103.467 Y208.279 E3047.48696
G1 X103.056 Y208.273 E3047.51431
G1 X102.357 Y208.345 E3047.56105
G1 X101.752 Y208.5 E3047.60259
G1 X101.111 Y208.77 E3047.64886
G1 X100.551 Y209.11 E3047.69244
G1 X100.024 Y209.543 E3047.73781
G1 X99.945 Y209.629 E3047.74558
G1 X99.946 Y96.083 E3055.29869
G1 X100.062 Y96.206 E3055.30994
G1 X100.524 Y96.587 E3055.34977
G1 X101.171 Y96.976 E3055.39999
G1 X101.786 Y97.222 E3055.44405
G1 X102.39 Y97.373 E3055.48547
G1 X102.966 Y97.44 E3055.52404
G1 X103.528 Y97.433 E3055.56143
G1 X104.072 Y97.362 E3055.59792
G1 X104.647 Y97.215 E3055.6374
G1 X105.288 Y96.945 E3055.68367
G1 X105.851 Y96.605 E3055.72742
G1 X106.379 Y96.171 E3055.77289
G1 X106.775 Y95.738 E3055.81192
G1 X107.102 Y95.277 E3055.84951
G1 X107.407 Y94.707 E3055.89252
G1 X107.637 Y94.047 E3055.93901
G1 X107.766 Y93.396 E3055.98316
G1 X107.794 Y92.643 E3056.03328
G1 X107.725 Y92.048 E3056.07313
G1 X107.591 Y91.49 E3056.1113
G1 X107.359 Y90.89 E3056.15409
G1 X107.021 Y90.295 E3056.19961
G1 X106.665 Y89.832 E3056.23846
G1 X106.255 Y89.415 E3056.27736
G1 X105.715 Y89.003 E3056.32255
G1 X105.2 Y88.712 E3056.36189
G1 X104.615 Y88.478 E3056.40381
G1 X104.009 Y88.326 E3056.44537
G1 X103.467 Y88.264 E3056.48166
G1 X103.056 Y88.258 E3056.509
G1 X102.357 Y88.33 E3056.55574
G1 X101.752 Y88.485 E3056.59729
G1 X101.111 Y88.755 E3056.64355
G1 X100.551 Y89.095 E3056.68713
G1 X100.024 Y89.528 E3056.73251
G1 X99.946 Y89.613 E3056.74018
G1 X99.946 Y72.845 E3057.85559
G1 X99.996 Y72.683 E3057.86687
G1 X100.148 Y72.585 E3057.8789
G1 X100.22 Y72.577 E3057.88372
G1 X199.79 Y72.578 E3064.50714
G1 X199.946 Y72.62 E3064.51789
G1 X200.032 Y72.72 E3064.52666
G1 F1500 E3063.52666
G0 F9000 X203.508 Y72.721
G0 X197.393 Y93.818
G0 X199.2 Y97.129
G1 F1500 E3064.55327
G1 F2100 X199.199 Y208.585 E3071.96735
G0 F9000 X198.399 Y208.222
G1 F2100 X198.4 Y97.496 E3079.33288
G0 F9000 X197.6 Y97.694
G1 F2100 X197.599 Y208.016 E3086.67153
G0 F9000 X196.799 Y207.954
G1 F2100 X196.8 Y97.756 E3094.00193
G0 F9000 X196 Y97.696
G1 F2100 X195.999 Y208.019 E3101.34064
G0 F9000 X195.199 Y208.216
G1 F2100 X195.2 Y97.492 E3108.70603
G0 F9000 X194.4 Y97.129
G1 F2100 X194.399 Y208.583 E3116.11998
G0 F9000 X193.599 Y209.148
G1 F2100 X193.6 Y96.576 E3123.6083
G0 F9000 X192.8 Y95.697
G1 F2100 X192.799 Y210.021 E3131.21317
G0 F9000 X191.999 Y211.85
G1 F2100 X192 Y93.877 E3139.06076
G0 F9000 X192 Y91.835
G1 F2100 X192 Y72.897 E3140.32052
G0 F9000 X191.2 Y72.897
G1 F2100 X191.199 Y212.605 E3149.61394
G0 F9000 X190.399 Y212.605
G1 F2100 X190.4 Y72.897 E3158.90735
G0 F9000 X189.6 Y72.897
G1 F2100 X189.599 Y212.605 E3168.20077
G0 F9000 X188.799 Y212.605
G1 F2100 X188.8 Y72.897 E3177.49418
G0 F9000 X188 Y72.897
G1 F2100 X187.999 Y212.605 E3186.78759
G0 F9000 X187.199 Y212.605
G1 F2100 X187.2 Y72.897 E3196.08101
G0 F9000 X186.4 Y72.897
G1 F2100 X186.399 Y212.605 E3205.37442
G0 F9000 X185.599 Y212.664
G1 F2100 X185.6 Y72.897 E3214.67176
G0 F9000 X184.8 Y72.897
G1 F2100 X184.799 Y212.843 E3223.981
G0 F9000 X183.999 Y213.132
G1 F2100 X184 Y72.897 E3233.30947
G0 F9000 X183.2 Y72.897
G1 F2100 X183.199 Y213.558 E3242.66628
G0 F9000 X182.399 Y214.167
G1 F2100 X182.4 Y72.897 E3252.0636
G0 F9000 X181.6 Y72.897
G1 F2100 X181.599 Y215.039 E3261.51893
G0 F9000 X180.799 Y216.464
G1 F2100 X180.8 Y72.897 E3271.06904
G0 F9000 X180 Y72.897
G1 F2100 X179.999 Y227.102 E3281.3268
G0 F9000 X179.199 Y227.102
G1 F2100 X179.2 Y72.897 E3291.58456
G0 F9000 X178.4 Y72.897
G1 F2100 X178.399 Y227.102 E3301.84232
G0 F9000 X177.599 Y227.102
G1 F2100 X177.6 Y72.897 E3312.10007
G0 F9000 X176.8 Y72.897
G1 F2100 X176.799 Y227.102 E3322.35783
G0 F9000 X175.999 Y227.102
G1 F2100 X176 Y72.897 E3332.61559
G0 F9000 X175.2 Y72.897
G1 F2100 X175.199 Y227.102 E3342.87335
G0 F9000 X174.399 Y227.102
G1 F2100 X174.4 Y72.897 E3353.13111
G0 F9000 X173.6 Y72.897
G1 F2100 X173.599 Y227.102 E3363.38887
G0 F9000 X172.799 Y227.102
G1 F2100 X172.8 Y72.897 E3373.64662
G0 F9000 X172 Y72.897
G1 F2100 X171.999 Y227.102 E3383.90438
G0 F9000 X171.199 Y227.102
G1 F2100 X171.2 Y72.897 E3394.16214
G0 F9000 X170.4 Y72.897
G1 F2100 X170.399 Y227.102 E3404.4199
G0 F9000 X169.599 Y227.102
G1 F2100 X169.6 Y72.897 E3414.67766
G0 F9000 X168.8 Y72.897
G1 F2100 X168.799 Y227.102 E3424.93541
G0 F9000 X167.999 Y227.102
G1 F2100 X168 Y72.897 E3435.19317
G0 F9000 X167.2 Y72.897
G1 F2100 X167.199 Y227.102 E3445.45093
G0 F9000 X166.399 Y227.102
G1 F2100 X166.4 Y72.897 E3455.70869
G0 F9000 X165.6 Y72.897
G1 F2100 X165.599 Y227.102 E3465.96645
G0 F9000 X164.799 Y227.102
G1 F2100 X164.8 Y72.897 E3476.22421
G0 F9000 X164 Y72.897
G1 F2100 X163.999 Y227.102 E3486.48196
G0 F9000 X163.199 Y227.102
G1 F2100 X163.2 Y72.897 E3496.73972
G0 F9000 X162.4 Y72.897
G1 F2100 X162.399 Y212.917 E3506.05389
G0 F9000 X161.599 Y211.158
G1 F2100 X161.6 Y72.897 E3515.25105
G0 F9000 X160.8 Y72.897
G1 F2100 X160.799 Y210.179 E3524.38309
G0 F9000 X159.999 Y209.518
G1 F2100 X160 Y72.897 E3533.47115
G0 F9000 X159.2 Y72.897
G1 F2100 X159.199 Y209.047 E3542.52789
G0 F9000 X158.399 Y208.725
G1 F2100 X158.4 Y72.897 E3551.5632
G0 F9000 X157.6 Y72.897
G1 F2100 X157.599 Y208.517 E3560.58468
G0 F9000 X156.799 Y208.429
G1 F2100 X156.8 Y72.897 E3569.60031
G0 F9000 X156 Y72.897
G1 F2100 X155.999 Y208.423 E3578.61553
G0 F9000 X155.199 Y208.423
G1 F2100 X155.2 Y72.897 E3587.63076
G0 F9000 X154.4 Y72.897
G1 F2100 X154.399 Y208.423 E3596.64598
G0 F9000 X153.599 Y208.423
G1 F2100 X153.6 Y72.897 E3605.66121
G0 F9000 X152.8 Y72.897
G1 F2100 X152.799 Y208.423 E3614.67644
G0 F9000 X151.999 Y208.423
G1 F2100 X152 Y72.897 E3623.69166
G0 F9000 X151.2 Y72.897
G1 F2100 X151.199 Y208.423 E3632.70689
G0 F9000 X150.399 Y208.423
G1 F2100 X150.4 Y72.897 E3641.72211
G0 F9000 X149.6 Y72.897
G1 F2100 X149.599 Y208.423 E3650.73734
G0 F9000 X148.799 Y208.423
G1 F2100 X148.8 Y72.897 E3659.75257
G0 F9000 X148 Y72.897
G1 F2100 X147.999 Y208.423 E3668.76779
G0 F9000 X147.199 Y208.423
G1 F2100 X147.2 Y72.897 E3677.78302
G0 F9000 X146.4 Y72.897
G1 F2100 X146.399 Y208.433 E3686.79891
G0 F9000 X145.599 Y208.532
G1 F2100 X145.6 Y72.897 E3695.82139
G0 F9000 X144.8 Y72.897
G1 F2100 X144.799 Y208.743 E3704.8579
G0 F9000 X143.999 Y209.067
G1 F2100 X144 Y72.897 E3713.91597
G0 F9000 X143.2 Y72.897
G1 F2100 X143.199 Y209.56 E3723.00682
G0 F9000 X142.399 Y210.238
G1 F2100 X142.4 Y72.897 E3732.14279
G0 F9000 X141.6 Y72.897
G1 F2100 X141.599 Y211.236 E3741.34513
G0 F9000 X140.799 Y213.131
G1 F2100 X140.8 Y72.897 E3750.67354
G0 F9000 X140 Y72.897
G1 F2100 X139.999 Y227.102 E3760.93129
G0 F9000 X139.199 Y227.102
G1 F2100 X139.2 Y72.897 E3771.18905
G0 F9000 X138.4 Y72.897
G1 F2100 X138.399 Y227.102 E3781.44681
G0 F9000 X137.599 Y227.102
G1 F2100 X137.6 Y72.897 E3791.70457
G0 F9000 X136.8 Y72.897
G1 F2100 X136.799 Y227.102 E3801.96233
G0 F9000 X135.999 Y227.102
G1 F2100 X136 Y72.897 E3812.22009
G0 F9000 X135.2 Y72.897
G1 F2100 X135.199 Y227.102 E3822.47784
G0 F9000 X134.399 Y227.102
G1 F2100 X134.4 Y72.897 E3832.7356
G0 F9000 X133.6 Y72.897
G1 F2100 X133.599 Y227.102 E3842.99336
G0 F9000 X132.799 Y227.102
G1 F2100 X132.8 Y72.897 E3853.25112
G0 F9000 X132 Y72.897
G1 F2100 X131.999 Y227.102 E3863.50888
G0 F9000 X131.199 Y227.102
G1 F2100 X131.2 Y72.897 E3873.76664
G0 F9000 X130.399 Y72.897
G1 F2100 X130.399 Y227.102 E3884.02439
G0 F9000 X129.599 Y227.102
G1 F2100 X129.599 Y72.897 E3894.28215
G0 F9000 X128.799 Y72.897
G1 F2100 X128.799 Y227.102 E3904.53991
G0 F9000 X127.999 Y227.102
G1 F2100 X127.999 Y72.897 E3914.79767
G0 F9000 X127.199 Y72.897
G1 F2100 X127.199 Y227.102 E3925.05543
G0 F9000 X126.399 Y227.102
G1 F2100 X126.399 Y72.897 E3935.31318
G0 F9000 X125.599 Y72.897
G1 F2100 X125.599 Y227.102 E3945.57094
G0 F9000 X124.799 Y227.102
G1 F2100 X124.799 Y72.897 E3955.8287
G0 F9000 X123.999 Y72.897
G1 F2100 X123.999 Y227.102 E3966.08646
G0 F9000 X123.199 Y227.102
G1 F2100 X123.199 Y72.897 E3976.34422
G0 F9000 X122.399 Y72.897
G1 F2100 X122.399 Y227.102 E3986.60198
G0 F9000 X121.599 Y227.102
G1 F2100 X121.599 Y72.897 E3996.85973
G0 F9000 X120.799 Y72.897
G1 F2100 X120.799 Y227.102 E4007.11749
G0 F9000 X119.999 Y227.102
G1 F2100 X119.999 Y72.897 E4017.37525
G0 F9000 X119.199 Y72.897
G1 F2100 X119.199 Y227.102 E4027.63301
G0 F9000 X118.399 Y227.102
G1 F2100 X118.399 Y72.897 E4037.89077
G0 F9000 X117.599 Y72.897
G1 F2100 X117.599 Y227.102 E4048.14853
G0 F9000 X116.799 Y227.102
G1 F2100 X116.799 Y72.897 E4058.40628
G0 F9000 X115.999 Y72.897
G1 F2100 X115.999 Y227.102 E4068.66404
G0 F9000 X115.199 Y227.102
G1 F2100 X115.199 Y72.897 E4078.9218
G0 F9000 X114.399 Y72.897
G1 F2100 X114.399 Y227.102 E4089.17956
G0 F9000 X113.599 Y227.102
G1 F2100 X113.599 Y72.897 E4099.43732
G0 F9000 X112.799 Y72.897
G1 F2100 X112.799 Y227.102 E4109.69508
G0 F9000 X111.999 Y227.102
G1 F2100 X111.999 Y72.897 E4119.95283
G0 F9000 X111.199 Y72.897
G1 F2100 X111.199 Y227.102 E4130.21059
G0 F9000 X110.399 Y227.102
G1 F2100 X110.399 Y72.897 E4140.46835
G0 F9000 X109.599 Y72.897
G1 F2100 X109.599 Y227.102 E4150.72611
G0 F9000 X108.799 Y227.102
G1 F2100 X108.799 Y72.897 E4160.98387
G0 F9000 X107.999 Y72.897
G92 E0
G1 F2100 X107.999 Y91.821 E1.25883
G0 F9000 X107.199 Y90.001
G1 F2100 X107.199 Y72.897 E2.39659
G0 F9000 X106.399 Y72.897
G1 F2100 X106.399 Y89.122 E3.47588
G0 F9000 X105.599 Y88.569
G1 F2100 X105.599 Y72.897 E4.51839
G0 F9000 X104.799 Y72.897
G1 F2100 X104.799 Y88.206 E5.53675
G0 F9000 X103.999 Y88.001
G1 F2100 X103.999 Y72.897 E6.54147
G0 F9000 X103.199 Y72.897
G1 F2100 X103.199 Y87.939 E7.54207
G0 F9000 X102.399 Y88.004
G1 F2100 X102.399 Y72.897 E8.54699
G0 F9000 X101.599 Y72.897
G1 F2100 X101.599 Y88.201 E9.56502
G0 F9000 X100.799 Y88.569
G1 F2100 X100.799 Y72.897 E10.60752
G1 F1500 E9.60752
G0 F9000 X100.799 Y69.122
G0 X104.329 Y92.977
G0 X107.999 Y93.863
G1 F1500 E10.63413
G1 F2100 X107.999 Y211.837 E18.48179
G0 F9000 X107.199 Y210.017
G1 F2100 X107.199 Y95.692 E26.08672
G0 F9000 X106.399 Y96.566
G1 F2100 X106.399 Y209.138 E33.57504
G0 F9000 X105.599 Y208.585
G1 F2100 X105.599 Y97.129 E40.98913
G0 F9000 X104.799 Y97.496
G1 F2100 X104.799 Y208.222 E48.35465
G0 F9000 X103.999 Y208.017
G1 F2100 X103.999 Y97.694 E55.69336
G0 F9000 X103.199 Y97.756
G1 F2100 X103.199 Y207.955 E63.02383
G0 F9000 X102.399 Y208.02
G1 F2100 X102.399 Y97.696 E70.36261
G0 F9000 X101.599 Y97.491
G1 F2100 X101.599 Y208.217 E77.72814
G0 F9000 X100.799 Y208.585
G1 F2100 X100.799 Y97.125 E85.14249
G1 F1500 E84.14249
G0 F9000 X102.709 Y93.874
G0 X195.832 Y92.255
G0 X192.8 Y90.006
G1 F1500 E85.16909
G1 F2100 X192.8 Y72.897 E86.30719
G0 F9000 X193.6 Y72.897
G1 F2100 X193.6 Y89.133 E87.38721
G0 F9000 X194.4 Y88.568
G1 F2100 X194.4 Y72.897 E88.42965
G0 F9000 X195.2 Y72.897
G1 F2100 X195.2 Y88.201 E89.44768
G0 F9000 X196 Y88.004
G1 F2100 X196 Y72.897 E90.4526
G0 F9000 X196.8 Y72.897
G1 F2100 X196.8 Y87.939 E91.4532
G0 F9000 X197.6 Y88.001
G1 F2100 X197.6 Y72.897 E92.45792
G0 F9000 X198.4 Y72.897
G1 F2100 X198.4 Y88.207 E93.47635
G0 F9000 X199.2 Y88.57
G1 F2100 X199.2 Y72.897 E94.51892
G1 F1500 E93.51892
G0 F9000 X199.2 Y69.122
G0 X104.329 Y212.992
G0 X107.999 Y213.879
G1 F1500 E94.54553
G1 F2100 X107.999 Y227.102 E95.42512
G0 F9000 X107.199 Y227.102
G1 F2100 X107.199 Y215.708 E96.18306
G0 F9000 X106.399 Y216.582
G1 F2100 X106.399 Y227.102 E96.88285
G0 F9000 X105.599 Y227.102
G1 F2100 X105.599 Y217.145 E97.54519
G0 F9000 X104.799 Y217.512
G1 F2100 X104.799 Y227.102 E98.18312
G0 F9000 X103.999 Y227.102
G1 F2100 X103.999 Y217.71 E98.80788
G0 F9000 X103.199 Y217.772
G1 F2100 X103.199 Y227.102 E99.42851
G0 F9000 X102.399 Y227.102
G1 F2100 X102.399 Y217.712 E100.05314
G0 F9000 X101.599 Y217.507
G1 F2100 X101.599 Y227.102 E100.6914
G0 F9000 X100.799 Y227.102
G1 F2100 X100.799 Y217.141 E101.35401
G1 F1500 E100.35401
G0 F9000 X102.709 Y213.889
G0 X144.326 Y215.795
G0 X144.406 Y214.547
G0 X158.844 Y214.476
G0 X158.923 Y216.464
G0 X194.736 Y218.106
G0 X198.09 Y217.27
G1 F1500 E101.38062
G1 F2100 X198.247 Y217.23 E101.39139
G1 X198.887 Y216.96 E101.4376
G1 X199.45 Y216.62 E101.48135
G1 X199.978 Y216.186 E101.52682
G1 X200.055 Y216.102 E101.5344
G1 X200.055 Y227.103 E102.26619
G1 X199.994 Y227.324 E102.28144
G1 X199.898 Y227.404 E102.28975
G1 X199.737 Y227.423 E102.30053
G1 X198.271 Y227.423 E102.39805
G1 X198.271 Y218.534 E102.98935
G1 X198.216 Y217.878 E103.03314
G1 X198.09 Y217.27 E103.07444
G0 F9000 X199.199 Y217.143
G1 F2100 X199.199 Y227.102 E103.73692
G1 F1500 E102.73692
;MESH:NONMESH
G0 F300 X199.199 Y227.102 Z0.8
G0 F9000 X199.199 Y230.878
G0 X197.335 Y211.864
G0 X198.454 Y209.442
;TIME_ELAPSED:2666.887366
;LAYER:3
;TYPE:WALL-INNER
;MESH:Top of Case V2.STL
G1 F1500 E103.76353
G1 F2400 X197.97 Y209.245 E103.79829
G1 X197.459 Y209.12 E103.83328
G1 X197.016 Y209.069 E103.86295
G1 X196.689 Y209.063 E103.8847
G1 X196.079 Y209.127 E103.9255
G1 X195.551 Y209.272 E103.96192
G1 X195.062 Y209.48 E103.99727
G1 X194.572 Y209.781 E104.03553
G1 X194.162 Y210.125 E104.07113
G1 X193.842 Y210.474 E104.10263
G1 X193.566 Y210.86 E104.13419
G1 X193.322 Y211.325 E104.16912
G1 X193.141 Y211.824 E104.20443
G1 X193.033 Y212.335 E104.23918
G1 X192.996 Y212.875 E104.27518
G1 X193.049 Y213.513 E104.31777
G1 X193.109 Y213.758 E104.33455
G1 X192.768 Y213.721 E104.34462
G1 X192.538 Y213.715 E104.3543
G1 X186.287 Y213.716 E104.77012
G1 X185.744 Y213.765 E104.80638
G1 X185.223 Y213.872 E104.84177
G1 X184.657 Y214.055 E104.88133
G1 X184.18 Y214.272 E104.91619
G1 X183.786 Y214.498 E104.94641
G1 X183.308 Y214.843 E104.98562
G1 X182.91 Y215.207 E105.0215
G1 X182.567 Y215.596 E105.056
G1 X182.287 Y215.985 E105.08788
G1 X182.061 Y216.367 E105.11741
G1 X181.853 Y216.806 E105.14972
G1 X181.658 Y217.373 E105.18961
G1 X181.538 Y217.927 E105.22731
G1 X181.484 Y218.428 E105.26083
G1 X181.478 Y218.657 E105.27607
G1 X181.478 Y228.213 E105.91174
G1 X161.508 Y228.213 E107.24015
G1 X161.507 Y214.395 E108.15933
G1 X161.479 Y213.962 E108.18819
G1 X161.392 Y213.453 E108.22254
G1 X161.254 Y212.954 E108.25698
G1 X161.067 Y212.471 E108.29143
G1 X160.863 Y212.074 E108.32112
G1 X160.61 Y211.669 E108.35289
G1 X160.339 Y211.318 E108.38239
G1 X160.019 Y210.97 E108.41383
G1 X159.654 Y210.643 E108.44643
G1 X159.272 Y210.364 E108.4779
G1 X158.853 Y210.114 E108.51036
G1 X158.38 Y209.894 E108.54506
G1 X157.852 Y209.714 E108.58216
G1 X157.295 Y209.592 E108.62009
G1 X156.792 Y209.539 E108.65374
G1 X156.566 Y209.533 E108.66878
G1 X146.547 Y209.534 E109.33524
G1 X145.971 Y209.59 E109.37374
G1 X145.489 Y209.69 E109.40649
G1 X144.994 Y209.845 E109.44099
G1 X144.509 Y210.056 E109.47617
G1 X143.992 Y210.353 E109.51584
G1 X143.565 Y210.667 E109.55109
G1 X143.171 Y211.029 E109.58668
G1 X142.783 Y211.475 E109.62601
G1 X142.499 Y211.884 E109.65913
G1 X142.246 Y212.34 E109.69382
G1 X142.041 Y212.822 E109.72866
G1 X141.889 Y213.323 E109.76349
G1 X141.789 Y213.838 E109.79839
G1 X141.746 Y214.327 E109.83104
G1 X141.742 Y214.514 E109.84348
G1 X141.742 Y228.213 E110.75474
G1 X100.184 Y228.213 E113.51919
G1 X99.888 Y228.17 E113.53909
G1 X99.541 Y227.996 E113.56491
G1 X99.368 Y227.823 E113.58119
G1 X99.186 Y227.429 E113.61006
G1 X99.156 Y227.175 E113.62707
G1 X99.156 Y214.416 E114.4758
G1 X99.156 Y213.407 E114.54292
G1 X99.156 Y212.334 E114.6143
G1 X99.156 Y211.326 E114.68135
G1 X99.156 Y94.401 E122.45923
G1 X99.156 Y93.392 E122.52635
G1 X99.156 Y92.319 E122.59773
G1 X99.156 Y91.311 E122.66478
G1 X99.155 Y72.847 E123.89301
G1 X99.2 Y72.51 E123.91563
G1 X99.296 Y72.283 E123.93202
G1 X99.543 Y72.002 E123.95691
G1 X99.761 Y71.874 E123.97373
G1 X100.069 Y71.795 E123.99488
G1 X100.207 Y71.787 E124.00407
G1 X199.837 Y71.787 E130.63149
G1 X200.214 Y71.864 E130.65708
G1 X200.44 Y71.988 E130.67423
G1 X200.601 Y72.143 E130.6891
G1 X200.734 Y72.346 E130.70524
G1 X200.81 Y72.553 E130.71991
G1 X200.844 Y72.825 E130.73814
G1 X200.844 Y91.234 E131.96271
G1 X200.844 Y92.202 E132.02711
G1 X200.844 Y93.38 E132.10547
G1 X200.844 Y94.39 E132.17265
G1 X200.844 Y211.249 E139.94614
G1 X200.844 Y212.217 E140.01054
G1 X200.844 Y213.395 E140.0889
G1 X200.844 Y214.404 E140.15602
G1 X200.845 Y227.15 E141.00388
G1 X200.813 Y227.436 E141.02303
G1 X200.724 Y227.68 E141.0403
G1 X200.591 Y227.871 E141.05579
G1 X200.314 Y228.09 E141.07928
G1 X199.955 Y228.204 E141.10433
G1 X199.806 Y228.213 E141.11426
G1 X197.481 Y228.213 E141.26892
G1 X197.48 Y218.577 E141.90991
G1 X197.452 Y218.147 E141.93857
G1 X197.375 Y217.68 E141.97006
G1 X197.264 Y217.249 E141.99966
G1 X197.116 Y216.836 E142.02885
G1 X197.034 Y216.659 E142.04182
G1 X197.069 Y216.658
G1 X197.54 Y216.597 E142.06073
G1 X198.048 Y216.458 E142.09576
G1 X198.539 Y216.248 E142.13128
G1 X199.029 Y215.947 E142.16954
G1 X199.437 Y215.606 E142.20491
G1 X199.757 Y215.256 E142.23646
G1 X200.033 Y214.87 E142.26802
G1 X200.277 Y214.405 E142.30295
G1 X200.458 Y213.906 E142.33136
G1 X200.566 Y213.395 E142.34422
G1 X200.603 Y212.855 E142.3574
G1 X200.55 Y212.217 E142.37303
G1 X200.432 Y211.738 E142.38575
G1 X200.245 Y211.249 E142.40932
G1 X199.96 Y210.746 E142.44778
G1 X199.665 Y210.364 E142.47988
G1 X199.328 Y210.022 E142.51182
G1 X198.874 Y209.676 E142.54979
G1 X198.454 Y209.442 E142.58178
G1 F1500 E141.58178
G0 F9000 X197.286 Y211.84
G0 X195.937 Y213.602
G0 X194.547 Y215
G1 F1500 E142.60838
G1 F2400 X194.239 Y214.902 E142.62988
G1 X193.999 Y214.798 E142.64728
G1 X193.569 Y214.657 E142.67739
G1 X193.138 Y214.566 E142.70669
G1 X192.714 Y214.52 E142.73506
G1 X192.527 Y214.515 E142.7475
G1 X186.323 Y214.516 E143.16019
G1 X185.861 Y214.558 E143.19105
G1 X185.427 Y214.647 E143.22052
G1 X184.947 Y214.802 E143.25408
G1 X184.545 Y214.985 E143.28346
G1 X184.22 Y215.171 E143.30837
G1 X183.814 Y215.464 E143.34167
G1 X183.482 Y215.768 E143.37162
G1 X183.193 Y216.096 E143.4007
G1 X182.957 Y216.423 E143.42752
G1 X182.768 Y216.743 E143.45225
G1 X182.595 Y217.108 E143.47911
G1 X182.43 Y217.588 E143.51288
G1 X182.329 Y218.055 E143.54466
G1 X182.283 Y218.482 E143.57323
G1 X182.278 Y218.668 E143.58561
G1 X182.278 Y229.013 E144.27376
G1 X160.708 Y229.013 E145.7086
G1 X160.707 Y214.421 E146.67926
G1 X160.683 Y214.056 E146.7036
G1 X160.61 Y213.627 E146.73254
G1 X160.494 Y213.206 E146.76159
G1 X160.336 Y212.799 E146.79064
G1 X160.167 Y212.469 E146.8153
G1 X159.953 Y212.127 E146.84213
G1 X159.727 Y211.834 E146.86675
G1 X159.457 Y211.54 E146.8933
G1 X159.15 Y211.266 E146.92068
G1 X158.83 Y211.032 E146.94705
G1 X158.478 Y210.822 E146.97431
G1 X158.081 Y210.637 E147.00345
G1 X157.637 Y210.486 E147.03464
G1 X157.167 Y210.383 E147.06665
G1 X156.739 Y210.338 E147.09528
G1 X156.555 Y210.333 E147.10752
G1 X146.586 Y210.334 E147.77066
G1 X146.091 Y210.382 E147.80374
G1 X145.691 Y210.465 E147.83092
G1 X145.274 Y210.596 E147.85999
G1 X144.869 Y210.772 E147.88937
G1 X144.43 Y211.024 E147.92304
G1 X144.074 Y211.286 E147.95244
G1 X143.745 Y211.588 E147.98215
G1 X143.415 Y211.967 E148.01558
G1 X143.179 Y212.307 E148.04311
G1 X142.966 Y212.691 E148.07232
G1 X142.794 Y213.096 E148.10159
G1 X142.666 Y213.516 E148.1308
G1 X142.582 Y213.949 E148.16014
G1 X142.545 Y214.37 E148.18825
G1 X142.542 Y214.522 E148.19836
G1 X142.542 Y229.013 E149.16231
G1 X100.126 Y229.013 E151.98383
G1 X99.695 Y228.951 E152.0128
G1 X99.411 Y228.85 E152.03285
G1 X99.071 Y228.648 E152.05916
G1 X98.911 Y228.51 E152.07321
G1 X98.724 Y228.303 E152.09177
G1 X98.54 Y228.002 E152.11524
G1 X98.401 Y227.611 E152.14284
G1 X98.356 Y227.224 E152.16876
G1 X98.355 Y72.794 E162.44148
G1 X98.417 Y72.329 E162.47269
G1 X98.488 Y72.116 E162.48762
G1 X98.607 Y71.873 E162.50562
G1 X98.76 Y71.653 E162.52345
G1 X98.873 Y71.525 E162.5348
G1 X99.077 Y71.348 E162.55277
G1 X99.416 Y71.148 E162.57895
G1 X99.668 Y71.057 E162.59678
G1 X99.972 Y70.999 E162.61736
G1 X100.177 Y70.987 E162.63102
G1 X199.877 Y70.987 E169.26309
G1 X200.146 Y71.014 E169.28108
G1 X200.519 Y71.119 E169.30685
G1 X200.881 Y71.317 E169.3343
G1 X201.022 Y71.427 E169.3462
G1 X201.229 Y71.64 E169.36595
G1 X201.452 Y71.981 E169.39306
G1 X201.593 Y72.367 E169.42039
G1 X201.644 Y72.773 E169.44761
G1 X201.645 Y227.194 E179.71974
G1 X201.597 Y227.622 E179.74839
G1 X201.451 Y228.023 E179.77678
G1 X201.337 Y228.216 E179.79169
G1 X201.183 Y228.413 E179.80832
G1 X200.929 Y228.648 E179.83134
G1 X200.68 Y228.805 E179.85092
G1 X200.328 Y228.946 E179.87614
G1 X200.055 Y229 E179.89466
G1 X199.837 Y229.013 E179.90918
G1 X196.681 Y229.013 E180.11912
G1 X196.68 Y218.603 E180.8116
G1 X196.656 Y218.239 E180.83586
G1 X196.591 Y217.845 E180.86243
G1 X196.498 Y217.484 E180.88722
G1 X196.375 Y217.139 E180.91159
G1 X196.191 Y216.741 E180.94076
G1 X195.946 Y216.339 E180.97207
G1 X195.658 Y215.966 E181.00342
G1 X195.658 Y215.725 E181.01945
G1 X195.025 Y215.376 E181.06753
G1 X194.781 Y215.203 E181.08743
G1 X194.547 Y215 E181.10804
G1 F1500 E180.10804
G0 F9000 X195.937 Y213.602
G0 X197.286 Y211.84
G0 X197.76 Y210.886
;TYPE:WALL-OUTER
G1 F1500 E181.13465
G1 F2400 X197.477 Y210.771 E181.15497
G1 X197.177 Y210.698 E181.1755
G1 X196.911 Y210.667 E181.19332
G1 X196.76 Y210.665 E181.20336
G1 X196.375 Y210.705 E181.22911
G1 X196.079 Y210.786 E181.24953
G1 X195.798 Y210.906 E181.26985
G1 X195.509 Y211.083 E181.2924
G1 X195.27 Y211.283 E181.31313
G1 X195.089 Y211.481 E181.33097
G1 X194.932 Y211.702 E181.349
G1 X194.788 Y211.974 E181.36948
G1 X194.683 Y212.264 E181.38999
G1 X194.621 Y212.557 E181.40991
G1 X194.6 Y212.863 E181.43032
G1 X194.633 Y213.253 E181.45635
G1 X194.697 Y213.512 E181.4741
G1 X194.806 Y213.797 E181.4944
G1 X194.975 Y214.096 E181.51724
G1 X195.142 Y214.312 E181.53541
G1 X195.331 Y214.504 E181.55333
G1 X195.605 Y214.713 E181.57625
G1 X195.839 Y214.844 E181.59409
G1 X196.122 Y214.959 E181.61441
G1 X196.422 Y215.032 E181.63495
G1 X196.688 Y215.063 E181.65276
G1 X196.956 Y215.06 E181.67059
G1 X197.224 Y215.025 E181.68857
G1 X197.52 Y214.944 E181.70898
G1 X197.801 Y214.824 E181.72931
G1 X198.092 Y214.645 E181.75204
G1 X198.329 Y214.447 E181.77258
G1 X198.51 Y214.249 E181.79042
G1 X198.667 Y214.028 E181.80846
G1 X198.811 Y213.756 E181.82893
G1 X198.916 Y213.466 E181.84945
G1 X198.978 Y213.173 E181.86937
G1 X198.999 Y212.867 E181.88977
G1 X198.966 Y212.477 E181.91581
G1 X198.902 Y212.218 E181.93355
G1 X198.793 Y211.933 E181.95385
G1 X198.624 Y211.634 E181.9767
G1 X198.457 Y211.418 E181.99486
G1 X198.268 Y211.226 E182.01278
G1 X197.994 Y211.017 E182.03571
G1 X197.76 Y210.886 E182.05354
G0 F9000 X198.141 Y210.093
G1 F1500 E181.05354
G0 F9000 X197.156 Y211.787
G0 X103.996 Y212.055
G0 X105.729 Y210.022
;TYPE:WALL-INNER
G1 F1500 E182.08015
G1 F2400 X105.275 Y209.676 E182.11812
G1 X104.855 Y209.442 E182.15011
G1 X104.371 Y209.245 E182.18487
G1 X103.86 Y209.12 E182.21986
G1 X103.417 Y209.069 E182.24952
G1 X103.09 Y209.063 E182.27128
G1 X102.48 Y209.127 E182.31208
G1 X101.952 Y209.272 E182.3485
G1 X101.463 Y209.48 E182.38385
G1 X100.973 Y209.781 E182.4221
G1 X100.563 Y210.125 E182.45771
G1 X100.243 Y210.474 E182.4892
G1 X99.967 Y210.86 E182.52077
G1 X99.723 Y211.325 E182.5557
G1 X99.542 Y211.824 E182.5841
G1 X99.434 Y212.334 E182.59692
G1 X99.396 Y212.869 E182.60812
G1 X99.434 Y213.407 E182.61937
G1 X99.547 Y213.922 E182.63248
G1 X99.727 Y214.416 E182.65544
G1 X99.978 Y214.886 E182.69089
G1 X100.282 Y215.303 E182.72521
G1 X100.604 Y215.644 E182.75641
G1 X100.969 Y215.946 E182.78793
G1 X101.358 Y216.19 E182.81847
G1 X101.781 Y216.394 E182.84971
G1 X102.281 Y216.557 E182.88469
G1 X102.794 Y216.647 E182.91934
G1 X103.288 Y216.669 E182.95223
G1 X103.921 Y216.603 E182.99457
G1 X104.449 Y216.458 E183.03099
G1 X104.94 Y216.248 E183.06651
G1 X105.43 Y215.947 E183.10477
G1 X105.838 Y215.606 E183.14014
G1 X106.158 Y215.256 E183.17169
G1 X106.434 Y214.87 E183.20325
G1 X106.678 Y214.405 E183.23818
G1 X106.859 Y213.906 E183.27349
G1 X106.967 Y213.395 E183.30824
G1 X107.004 Y212.855 E183.34424
G1 X106.951 Y212.217 E183.38683
G1 X106.833 Y211.738 E183.41964
G1 X106.646 Y211.249 E183.45447
G1 X106.361 Y210.746 E183.49293
G1 X106.066 Y210.364 E183.52503
G1 X105.729 Y210.022 E183.55697
G0 F9000 X105.199 Y210.624
G1 F2400 X104.835 Y210.347 E183.5874
G1 X104.508 Y210.164 E183.61232
G1 X104.124 Y210.008 E183.6399
G1 X103.719 Y209.909 E183.66763
G1 X103.364 Y209.868 E183.6914
G1 X103.125 Y209.864 E183.7073
G1 X102.628 Y209.916 E183.74054
G1 X102.216 Y210.029 E183.76896
G1 X101.831 Y210.193 E183.7968
G1 X101.442 Y210.432 E183.82717
G1 X101.117 Y210.704 E183.85536
G1 X100.866 Y210.978 E183.88008
G1 X100.65 Y211.281 E183.90483
G1 X100.456 Y211.649 E183.9325
G1 X100.313 Y212.044 E183.96045
G1 X100.228 Y212.446 E183.98778
G1 X100.198 Y212.869 E184.01599
G1 X100.228 Y213.293 E184.04426
G1 X100.317 Y213.699 E184.07191
G1 X100.459 Y214.089 E184.09952
G1 X100.657 Y214.46 E184.1275
G1 X100.898 Y214.79 E184.15468
G1 X101.152 Y215.059 E184.17929
G1 X101.439 Y215.296 E184.20405
G1 X101.746 Y215.489 E184.22817
G1 X102.08 Y215.65 E184.25283
G1 X102.475 Y215.779 E184.28048
G1 X102.881 Y215.85 E184.30789
G1 X103.264 Y215.867 E184.33339
G1 X103.773 Y215.814 E184.36744
G1 X104.185 Y215.701 E184.39586
G1 X104.571 Y215.536 E184.42378
G1 X104.961 Y215.296 E184.45424
G1 X105.284 Y215.026 E184.48225
G1 X105.535 Y214.752 E184.50696
G1 X105.751 Y214.449 E184.53172
G1 X105.945 Y214.081 E184.55939
G1 X106.088 Y213.686 E184.58733
G1 X106.173 Y213.284 E184.61467
G1 X106.202 Y212.861 E184.64287
G1 X106.159 Y212.347 E184.67718
G1 X106.068 Y211.978 E184.70246
G1 X105.92 Y211.591 E184.73002
G1 X105.693 Y211.19 E184.76068
G1 X105.462 Y210.891 E184.78581
G1 X105.199 Y210.624 E184.81074
G0 F9000 X104.669 Y211.226
;TYPE:WALL-OUTER
G1 F2400 X104.395 Y211.017 E184.83366
G1 X104.161 Y210.886 E184.8515
G1 X103.878 Y210.771 E184.87182
G1 X103.578 Y210.698 E184.89236
G1 X103.312 Y210.667 E184.91018
G1 X103.161 Y210.665 E184.92022
G1 X102.776 Y210.705 E184.94597
G1 X102.48 Y210.786 E184.96638
G1 X102.199 Y210.906 E184.98671
G1 X101.91 Y211.083 E185.00925
G1 X101.671 Y211.283 E185.02998
G1 X101.49 Y211.481 E185.04783
G1 X101.333 Y211.702 E185.06586
G1 X101.189 Y211.974 E185.08633
G1 X101.084 Y212.264 E185.10685
G1 X101.022 Y212.557 E185.12677
G1 X101 Y212.869 E185.14758
G1 X101.022 Y213.178 E185.16818
G1 X101.087 Y213.475 E185.18841
G1 X101.192 Y213.763 E185.2088
G1 X101.336 Y214.034 E185.22921
G1 X101.514 Y214.277 E185.24925
G1 X101.7 Y214.474 E185.26727
G1 X101.909 Y214.647 E185.28532
G1 X102.133 Y214.788 E185.30293
G1 X102.379 Y214.906 E185.32108
G1 X102.669 Y215.001 E185.34138
G1 X102.968 Y215.053 E185.36156
G1 X103.24 Y215.065 E185.37968
G1 X103.625 Y215.025 E185.40542
G1 X103.921 Y214.944 E185.42584
G1 X104.202 Y214.824 E185.44616
G1 X104.493 Y214.645 E185.46889
G1 X104.73 Y214.447 E185.48943
G1 X104.911 Y214.249 E185.50728
G1 X105.068 Y214.028 E185.52531
G1 X105.212 Y213.756 E185.54578
G1 X105.317 Y213.466 E185.5663
G1 X105.379 Y213.173 E185.58622
G1 X105.4 Y212.867 E185.60662
G1 X105.367 Y212.477 E185.63266
G1 X105.303 Y212.218 E185.65041
G1 X105.194 Y211.933 E185.6707
G1 X105.025 Y211.634 E185.69355
G1 X104.858 Y211.418 E185.71171
G1 X104.669 Y211.226 E185.72963
G0 F9000 X105.25 Y210.566
G1 F1500 E184.72963
G0 F9000 X103.884 Y211.958
G0 X104.284 Y92.513
G0 X106.646 Y91.234
;TYPE:WALL-INNER
G1 F1500 E185.75624
G1 F2400 X106.361 Y90.731 E185.7947
G1 X106.066 Y90.349 E185.82681
G1 X105.729 Y90.007 E185.85874
G1 X105.275 Y89.661 E185.89672
G1 X104.855 Y89.427 E185.9287
G1 X104.371 Y89.23 E185.96346
G1 X103.86 Y89.105 E185.99845
G1 X103.417 Y89.054 E186.02812
G1 X103.09 Y89.048 E186.04987
G1 X102.48 Y89.112 E186.09067
G1 X101.952 Y89.257 E186.12709
G1 X101.463 Y89.465 E186.16244
G1 X100.973 Y89.766 E186.2007
G1 X100.563 Y90.11 E186.2363
G1 X100.243 Y90.459 E186.2678
G1 X99.967 Y90.845 E186.29936
G1 X99.723 Y91.31 E186.33429
G1 X99.542 Y91.809 E186.35756
G1 X99.434 Y92.319 E186.36265
G1 X99.396 Y92.854 E186.37385
G1 X99.434 Y93.392 E186.3851
G1 X99.547 Y93.907 E186.39822
G1 X99.727 Y94.401 E186.42118
G1 X99.978 Y94.871 E186.45662
G1 X100.282 Y95.288 E186.49095
G1 X100.604 Y95.629 E186.52215
G1 X100.969 Y95.931 E186.55366
G1 X101.358 Y96.175 E186.58421
G1 X101.781 Y96.379 E186.61545
G1 X102.281 Y96.542 E186.65043
G1 X102.794 Y96.632 E186.68508
G1 X103.288 Y96.654 E186.71797
G1 X103.921 Y96.588 E186.7603
G1 X104.449 Y96.443 E186.79673
G1 X104.94 Y96.233 E186.83225
G1 X105.43 Y95.932 E186.8705
G1 X105.838 Y95.591 E186.90588
G1 X106.158 Y95.241 E186.93742
G1 X106.434 Y94.855 E186.96899
G1 X106.678 Y94.39 E187.00392
G1 X106.859 Y93.891 E187.03923
G1 X106.967 Y93.38 E187.07397
G1 X107.004 Y92.84 E187.10998
G1 X106.951 Y92.202 E187.15256
G1 X106.833 Y91.723 E187.18538
G1 X106.646 Y91.234 E187.2202
G0 F9000 X105.92 Y91.576
G1 F2400 X105.693 Y91.175 E187.25086
G1 X105.462 Y90.876 E187.27599
G1 X105.199 Y90.609 E187.30092
G1 X104.835 Y90.332 E187.33135
G1 X104.508 Y90.149 E187.35627
G1 X104.124 Y89.993 E187.38385
G1 X103.719 Y89.894 E187.41158
G1 X103.364 Y89.853 E187.43535
G1 X103.125 Y89.849 E187.45125
G1 X102.628 Y89.901 E187.48449
G1 X102.216 Y90.014 E187.51291
G1 X101.831 Y90.178 E187.54075
G1 X101.442 Y90.417 E187.57112
G1 X101.117 Y90.689 E187.59931
G1 X100.866 Y90.963 E187.62403
G1 X100.65 Y91.266 E187.64878
G1 X100.456 Y91.634 E187.67645
G1 X100.313 Y92.029 E187.7044
G1 X100.228 Y92.431 E187.73173
G1 X100.198 Y92.854 E187.75994
G1 X100.228 Y93.278 E187.78821
G1 X100.317 Y93.684 E187.81586
G1 X100.459 Y94.074 E187.84347
G1 X100.657 Y94.445 E187.87145
G1 X100.898 Y94.775 E187.89863
G1 X101.152 Y95.044 E187.92324
G1 X101.439 Y95.281 E187.948
G1 X101.746 Y95.474 E187.97212
G1 X102.08 Y95.635 E187.99678
G1 X102.475 Y95.764 E188.02443
G1 X102.881 Y95.835 E188.05184
G1 X103.264 Y95.852 E188.07734
G1 X103.773 Y95.799 E188.11139
G1 X104.185 Y95.686 E188.13981
G1 X104.571 Y95.521 E188.16773
G1 X104.961 Y95.281 E188.19819
G1 X105.284 Y95.011 E188.2262
G1 X105.535 Y94.737 E188.25091
G1 X105.751 Y94.434 E188.27567
G1 X105.945 Y94.066 E188.30334
G1 X106.088 Y93.671 E188.33128
G1 X106.173 Y93.269 E188.35862
G1 X106.202 Y92.846 E188.38682
G1 X106.159 Y92.332 E188.42113
G1 X106.068 Y91.963 E188.44641
G1 X105.92 Y91.576 E188.47397
G0 F9000 X105.194 Y91.918
;TYPE:WALL-OUTER
G1 F2400 X105.025 Y91.619 E188.49682
G1 X104.858 Y91.403 E188.51498
G1 X104.669 Y91.211 E188.5329
G1 X104.395 Y91.002 E188.55583
G1 X104.161 Y90.871 E188.57367
G1 X103.878 Y90.756 E188.59399
G1 X103.578 Y90.683 E188.61453
G1 X103.312 Y90.652 E188.63234
G1 X103.161 Y90.65 E188.64238
G1 X102.776 Y90.69 E188.66813
G1 X102.48 Y90.771 E188.68855
G1 X102.199 Y90.891 E188.70887
G1 X101.91 Y91.068 E188.73142
G1 X101.671 Y91.268 E188.75215
G1 X101.49 Y91.466 E188.76999
G1 X101.333 Y91.687 E188.78802
G1 X101.189 Y91.959 E188.8085
G1 X101.084 Y92.249 E188.82901
G1 X101.022 Y92.542 E188.84894
G1 X101 Y92.854 E188.86974
G1 X101.022 Y93.163 E188.89035
G1 X101.087 Y93.46 E188.91057
G1 X101.192 Y93.748 E188.93096
G1 X101.336 Y94.019 E188.95138
G1 X101.514 Y94.262 E188.97141
G1 X101.7 Y94.459 E188.98944
G1 X101.909 Y94.632 E189.00748
G1 X102.133 Y94.773 E189.02509
G1 X102.379 Y94.891 E189.04324
G1 X102.669 Y94.986 E189.06354
G1 X102.968 Y95.038 E189.08373
G1 X103.24 Y95.05 E189.10184
G1 X103.625 Y95.01 E189.12759
G1 X103.921 Y94.929 E189.148
G1 X104.202 Y94.809 E189.16833
G1 X104.493 Y94.63 E189.19105
G1 X104.73 Y94.432 E189.2116
G1 X104.911 Y94.234 E189.22944
G1 X105.068 Y94.013 E189.24747
G1 X105.212 Y93.741 E189.26795
G1 X105.317 Y93.451 E189.28846
G1 X105.379 Y93.158 E189.30839
G1 X105.4 Y92.852 E189.32879
G1 X105.367 Y92.462 E189.35482
G1 X105.303 Y92.203 E189.37257
G1 X105.194 Y91.918 E189.39287
G0 F9000 X105.99 Y91.544
G1 F1500 E188.39287
G0 F9000 X104.258 Y92.438
G0 X197.595 Y92.04
G0 X199.665 Y90.349
;TYPE:WALL-INNER
G1 F1500 E189.41948
G1 F2400 X199.328 Y90.007 E189.45142
G1 X198.874 Y89.661 E189.48939
G1 X198.454 Y89.427 E189.52137
G1 X197.97 Y89.23 E189.55613
G1 X197.459 Y89.105 E189.59112
G1 X197.016 Y89.054 E189.62079
G1 X196.689 Y89.048 E189.64254
G1 X196.079 Y89.112 E189.68334
G1 X195.551 Y89.257 E189.71977
G1 X195.062 Y89.465 E189.75511
G1 X194.572 Y89.766 E189.79337
G1 X194.162 Y90.11 E189.82897
G1 X193.842 Y90.459 E189.86047
G1 X193.566 Y90.845 E189.89203
G1 X193.322 Y91.31 E189.92696
G1 X193.141 Y91.809 E189.96227
G1 X193.033 Y92.32 E189.99702
G1 X192.996 Y92.86 E190.03302
G1 X193.049 Y93.498 E190.07561
G1 X193.167 Y93.977 E190.10842
G1 X193.354 Y94.466 E190.14325
G1 X193.639 Y94.969 E190.18171
G1 X193.934 Y95.351 E190.21381
G1 X194.271 Y95.693 E190.24575
G1 X194.725 Y96.039 E190.28372
G1 X195.145 Y96.273 E190.3157
G1 X195.629 Y96.47 E190.35046
G1 X196.139 Y96.595 E190.38539
G1 X196.604 Y96.65 E190.41654
G1 X197.069 Y96.643 E190.44748
G1 X197.54 Y96.582 E190.47907
G1 X198.048 Y96.443 E190.5141
G1 X198.539 Y96.233 E190.54963
G1 X199.029 Y95.932 E190.58788
G1 X199.437 Y95.591 E190.62325
G1 X199.757 Y95.241 E190.6548
G1 X200.033 Y94.855 E190.68636
G1 X200.277 Y94.39 E190.7213
G1 X200.458 Y93.891 E190.74423
G1 X200.566 Y93.38 E190.75707
G1 X200.603 Y92.84 E190.77025
G1 X200.55 Y92.202 E190.78588
G1 X200.432 Y91.723 E190.7986
G1 X200.245 Y91.234 E190.82217
G1 X199.96 Y90.731 E190.86062
G1 X199.665 Y90.349 E190.89273
G0 F9000 X199.061 Y90.876
G1 F2400 X198.798 Y90.609 E190.91766
G1 X198.434 Y90.332 E190.94809
G1 X198.107 Y90.149 E190.97301
G1 X197.723 Y89.993 E191.00059
G1 X197.318 Y89.894 E191.02832
G1 X196.963 Y89.853 E191.05209
G1 X196.724 Y89.849 E191.06799
G1 X196.227 Y89.901 E191.10123
G1 X195.815 Y90.014 E191.12965
G1 X195.43 Y90.178 E191.15749
G1 X195.041 Y90.417 E191.18786
G1 X194.716 Y90.689 E191.21605
G1 X194.465 Y90.963 E191.24077
G1 X194.249 Y91.266 E191.26552
G1 X194.055 Y91.634 E191.29319
G1 X193.912 Y92.029 E191.32114
G1 X193.827 Y92.431 E191.34847
G1 X193.798 Y92.854 E191.37667
G1 X193.841 Y93.368 E191.41099
G1 X193.932 Y93.737 E191.43627
G1 X194.08 Y94.124 E191.46383
G1 X194.307 Y94.525 E191.49448
G1 X194.538 Y94.824 E191.51961
G1 X194.801 Y95.091 E191.54454
G1 X195.165 Y95.368 E191.57497
G1 X195.492 Y95.551 E191.5999
G1 X195.876 Y95.707 E191.62747
G1 X196.281 Y95.806 E191.6552
G1 X196.646 Y95.849 E191.67965
G1 X197.012 Y95.844 E191.704
G1 X197.382 Y95.796 E191.72882
G1 X197.784 Y95.686 E191.75654
G1 X198.17 Y95.521 E191.78447
G1 X198.56 Y95.281 E191.81493
G1 X198.883 Y95.011 E191.84293
G1 X199.134 Y94.737 E191.86765
G1 X199.35 Y94.434 E191.8924
G1 X199.544 Y94.066 E191.92008
G1 X199.687 Y93.671 E191.94802
G1 X199.772 Y93.269 E191.97535
G1 X199.801 Y92.846 E192.00356
G1 X199.758 Y92.332 E192.03787
G1 X199.667 Y91.963 E192.06315
G1 X199.519 Y91.576 E192.09071
G1 X199.292 Y91.175 E192.12136
G1 X199.061 Y90.876 E192.1465
G0 F9000 X198.457 Y91.403
;TYPE:WALL-OUTER
G1 F2400 X198.268 Y91.211 E192.16442
G1 X197.994 Y91.002 E192.18734
G1 X197.76 Y90.871 E192.20518
G1 X197.477 Y90.756 E192.2255
G1 X197.177 Y90.683 E192.24604
G1 X196.911 Y90.652 E192.26385
G1 X196.76 Y90.65 E192.2739
G1 X196.375 Y90.69 E192.29965
G1 X196.079 Y90.771 E192.32006
G1 X195.798 Y90.891 E192.34039
G1 X195.509 Y91.068 E192.36293
G1 X195.27 Y91.268 E192.38366
G1 X195.089 Y91.466 E192.40151
G1 X194.932 Y91.687 E192.41954
G1 X194.788 Y91.959 E192.44001
G1 X194.683 Y92.249 E192.46053
G1 X194.621 Y92.542 E192.48045
G1 X194.6 Y92.848 E192.50085
G1 X194.633 Y93.238 E192.52689
G1 X194.697 Y93.497 E192.54464
G1 X194.806 Y93.782 E192.56493
G1 X194.975 Y94.081 E192.58778
G1 X195.142 Y94.297 E192.60594
G1 X195.331 Y94.489 E192.62386
G1 X195.605 Y94.698 E192.64679
G1 X195.839 Y94.829 E192.66463
G1 X196.122 Y94.944 E192.68495
G1 X196.422 Y95.017 E192.70549
G1 X196.688 Y95.048 E192.7233
G1 X196.956 Y95.045 E192.74113
G1 X197.224 Y95.01 E192.75911
G1 X197.52 Y94.929 E192.77952
G1 X197.801 Y94.809 E192.79985
G1 X198.092 Y94.63 E192.82257
G1 X198.329 Y94.432 E192.84312
G1 X198.51 Y94.234 E192.86096
G1 X198.667 Y94.013 E192.87899
G1 X198.811 Y93.741 E192.89947
G1 X198.916 Y93.451 E192.91998
G1 X198.978 Y93.158 E192.9399
G1 X198.999 Y92.852 E192.96031
G1 X198.966 Y92.462 E192.98634
G1 X198.902 Y92.203 E193.00409
G1 X198.793 Y91.918 E193.02439
G1 X198.624 Y91.619 E193.04723
G1 X198.457 Y91.403 E193.0654
G0 F9000 X199.119 Y90.825
G1 F1500 E192.0654
G0 F9000 X197.738 Y92.212
G0 X196.859 Y211.731
G0 X196.963 Y209.868
;TYPE:WALL-INNER
G1 F1500 E193.092
G1 F2400 X196.724 Y209.864 E193.10791
G1 X196.227 Y209.916 E193.14115
G1 X195.815 Y210.029 E193.16956
G1 X195.43 Y210.193 E193.1974
G1 X195.041 Y210.432 E193.22777
G1 X194.716 Y210.704 E193.25596
G1 X194.465 Y210.978 E193.28068
G1 X194.249 Y211.281 E193.30543
G1 X194.055 Y211.649 E193.33311
G1 X193.912 Y212.044 E193.36105
G1 X193.827 Y212.446 E193.38838
G1 X193.798 Y212.869 E193.41659
G1 X193.841 Y213.383 E193.4509
G1 X193.932 Y213.752 E193.47618
G1 X194.08 Y214.139 E193.50374
G1 X194.307 Y214.54 E193.52556
G1 X194.538 Y214.839 E193.53917
G1 X194.801 Y215.106 E193.54973
G1 X195.165 Y215.383 E193.55876
G1 X195.492 Y215.566
G1 X195.876 Y215.722 E193.57434
G1 X196.281 Y215.821 E193.59063
G1 X196.646 Y215.864 E193.61507
G1 X197.012 Y215.859 E193.63942
G1 X197.382 Y215.811 E193.66424
G1 X197.784 Y215.701 E193.69197
G1 X198.17 Y215.536 E193.71989
G1 X198.56 Y215.296 E193.75035
G1 X198.883 Y215.026 E193.77836
G1 X199.134 Y214.752 E193.80307
G1 X199.35 Y214.449 E193.82783
G1 X199.544 Y214.081 E193.8555
G1 X199.687 Y213.686 E193.88344
G1 X199.772 Y213.284 E193.91078
G1 X199.801 Y212.861 E193.93898
G1 X199.758 Y212.347 E193.97329
G1 X199.667 Y211.978 E193.99857
G1 X199.519 Y211.591 E194.02613
G1 X199.292 Y211.19 E194.05679
G1 X199.061 Y210.891 E194.08192
G1 X198.798 Y210.624 E194.10685
G1 X198.434 Y210.347 E194.13728
G1 X198.107 Y210.164 E194.1622
G1 X197.723 Y210.008 E194.18978
G1 X197.318 Y209.909 E194.21751
G1 X196.963 Y209.868 E194.24128
G1 F1500 E193.24128
G0 F9000 X196.859 Y211.731
G0 X202.932 Y70.813
G0 X201.843 Y71.124
;TYPE:WALL-OUTER
G1 F1500 E194.26789
G1 F2400 X202.028 Y71.375 E194.28863
G1 X202.167 Y71.619 E194.30731
G1 X202.279 Y71.874 E194.32584
G1 X202.371 Y72.174 E194.34671
G1 X202.426 Y72.477 E194.3672
G1 X202.444 Y72.753 E194.38559
G1 X202.445 Y227.227 E204.66125
G1 X202.429 Y227.502 E204.67957
G1 X202.379 Y227.795 E204.69934
G1 X202.299 Y228.07 E204.71839
G1 X202.167 Y228.383 E204.74099
G1 X202.001 Y228.666 E204.76282
G1 X201.782 Y228.946 E204.78646
G1 X201.591 Y229.139 E204.80452
G1 X201.398 Y229.298 E204.82116
G1 X201.058 Y229.512 E204.84788
G1 X200.767 Y229.644 E204.86914
G1 X200.526 Y229.722 E204.88599
G1 X200.162 Y229.794 E204.91067
G1 X199.853 Y229.813 E204.93126
G1 X195.881 Y229.813 E205.19548
G1 X195.88 Y218.63 E205.93938
G1 X195.86 Y218.331 E205.95931
G1 X195.807 Y218.01 E205.98096
G1 X195.732 Y217.718 E206.00101
G1 X195.634 Y217.442 E206.02049
G1 X195.484 Y217.119 E206.04418
G1 X195.285 Y216.792 E206.06965
G1 X195.056 Y216.494 E206.09465
G1 X194.858 Y216.279 E206.11409
G1 X194.858 Y216.197 E206.11954
G1 X194.599 Y216.054 E206.13922
G1 X194.284 Y215.831 E206.1649
G1 X194.147 Y215.712 E206.17697
G1 X193.958 Y215.652 E206.19016
G1 X193.715 Y215.547 E206.20777
G1 X193.361 Y215.431 E206.23255
G1 X193.012 Y215.357 E206.25628
G1 X192.66 Y215.319 E206.27983
G1 X192.516 Y215.315 E206.28941
G1 X186.36 Y215.316 E206.69891
G1 X185.978 Y215.351 E206.72443
G1 X185.63 Y215.422 E206.74805
G1 X185.236 Y215.549 E206.77559
G1 X184.911 Y215.697 E206.79935
G1 X184.655 Y215.844 E206.81898
G1 X184.32 Y216.086 E206.84647
G1 X184.054 Y216.329 E206.87044
G1 X183.819 Y216.596 E206.8941
G1 X183.627 Y216.862 E206.91592
G1 X183.475 Y217.119 E206.93579
G1 X183.337 Y217.41 E206.95721
G1 X183.202 Y217.803 E206.98485
G1 X183.12 Y218.183 E207.01071
G1 X183.082 Y218.536 E207.03433
G1 X183.078 Y218.679 E207.04384
G1 X183.078 Y229.813 E207.78448
G1 X159.908 Y229.813 E209.32576
G1 X159.907 Y214.448 E210.34784
G1 X159.887 Y214.15 E210.36771
G1 X159.828 Y213.8 E210.39132
G1 X159.734 Y213.458 E210.41491
G1 X159.605 Y213.128 E210.43848
G1 X159.47 Y212.864 E210.4582
G1 X159.295 Y212.584 E210.48017
G1 X159.114 Y212.349 E210.4999
G1 X158.895 Y212.11 E210.52146
G1 X158.647 Y211.889 E210.54356
G1 X158.388 Y211.7 E210.56489
G1 X158.103 Y211.53 E210.58696
G1 X157.782 Y211.38 E210.61053
G1 X157.422 Y211.258 E210.63582
G1 X157.039 Y211.174 E210.6619
G1 X156.686 Y211.137 E210.68551
G1 X156.544 Y211.133 E210.69496
G1 X146.625 Y211.134 E211.35478
G1 X146.211 Y211.174 E211.38244
G1 X145.893 Y211.24 E211.40405
G1 X145.554 Y211.347 E211.42769
G1 X145.228 Y211.488 E211.45132
G1 X144.868 Y211.695 E211.47895
G1 X144.583 Y211.905 E211.50249
G1 X144.319 Y212.147 E211.52632
G1 X144.047 Y212.459 E211.55385
G1 X143.859 Y212.73 E211.57579
G1 X143.686 Y213.042 E211.59952
G1 X143.547 Y213.37 E211.62322
G1 X143.443 Y213.71 E211.64687
G1 X143.375 Y214.061 E211.67065
G1 X143.344 Y214.412 E211.69409
G1 X143.342 Y214.529 E211.70188
G1 X143.342 Y229.813 E212.71857
G1 X100.083 Y229.813 E215.59617
G1 X99.763 Y229.783 E215.61755
G1 X99.476 Y229.723 E215.63706
G1 X99.097 Y229.588 E215.66382
G1 X98.835 Y229.454 E215.6834
G1 X98.582 Y229.283 E215.70371
G1 X98.354 Y229.087 E215.72371
G1 X98.099 Y228.805 E215.749
G1 X97.954 Y228.597 E215.76587
G1 X97.821 Y228.357 E215.78412
G1 X97.695 Y228.052 E215.80607
G1 X97.619 Y227.786 E215.82447
G1 X97.574 Y227.52 E215.84242
G1 X97.556 Y227.247 E215.86062
G1 X97.555 Y72.773 E226.13627
G1 X97.575 Y72.463 E226.15693
G1 X97.641 Y72.128 E226.17965
G1 X97.748 Y71.806 E226.20222
G1 X97.914 Y71.469 E226.22721
G1 X98.128 Y71.16 E226.25221
G1 X98.309 Y70.956 E226.27035
G1 X98.597 Y70.706 E226.29572
G1 X98.853 Y70.537 E226.31613
G1 X99.103 Y70.41 E226.33478
G1 X99.456 Y70.283 E226.35973
G1 X99.875 Y70.203 E226.38811
G1 X100.147 Y70.187 E226.40623
G1 X199.916 Y70.187 E233.0429
G1 X200.278 Y70.223 E233.06709
G1 X200.583 Y70.293 E233.08791
G1 X200.823 Y70.378 E233.10485
G1 X201.068 Y70.493 E233.12285
G1 X201.341 Y70.661 E233.14417
G1 X201.557 Y70.83 E233.16242
G1 X201.843 Y71.124 E233.1897
G0 F9000 X201.172 Y71.693
G0 X199.987 Y72.649
;TYPE:SKIN
G1 F2100 X200.054 Y72.876 E233.20545
G1 X200.054 Y89.618 E234.31913
G1 X199.851 Y89.412 E234.33837
G1 X199.308 Y88.999 E234.38375
G1 X198.796 Y88.714 E234.42273
G1 X198.215 Y88.476 E234.46449
G1 X197.599 Y88.325 E234.50668
G1 X197.068 Y88.264 E234.54224
G1 X196.655 Y88.258 E234.56971
G1 X195.933 Y88.333 E234.618
G1 X195.29 Y88.509 E234.66234
G1 X194.698 Y88.762 E234.70517
G1 X194.108 Y89.124 E234.75122
G1 X193.615 Y89.538 E234.79404
G1 X193.227 Y89.961 E234.83222
G1 X192.892 Y90.43 E234.87056
G1 X192.597 Y90.99 E234.91267
G1 X192.379 Y91.592 E234.95526
G1 X192.249 Y92.211 E234.99733
G1 X192.204 Y92.866 E235.041
G1 X192.267 Y93.626 E235.09173
G1 X192.412 Y94.214 E235.13202
G1 X192.637 Y94.804 E235.17402
G1 X192.979 Y95.407 E235.22014
G1 X193.338 Y95.872 E235.25921
G1 X193.748 Y96.288 E235.29807
G1 X194.291 Y96.701 E235.34345
G1 X194.803 Y96.986 E235.38243
G1 X195.384 Y97.224 E235.42419
G1 X195.999 Y97.374 E235.4663
G1 X196.563 Y97.44 E235.50408
G1 X197.126 Y97.433 E235.54153
G1 X197.696 Y97.358 E235.57977
G1 X198.309 Y97.191 E235.62204
G1 X198.903 Y96.936 E235.66504
G1 X199.491 Y96.576 E235.7109
G1 X199.984 Y96.163 E235.75368
G1 X200.054 Y96.086 E235.7606
G1 X200.055 Y209.634 E243.31385
G1 X199.851 Y209.427 E243.33318
G1 X199.308 Y209.014 E243.37856
G1 X198.796 Y208.729 E243.41754
G1 X198.215 Y208.491 E243.4593
G1 X197.599 Y208.34 E243.50149
G1 X197.068 Y208.279 E243.53705
G1 X196.655 Y208.273 E243.56452
G1 X195.933 Y208.348 E243.61281
G1 X195.29 Y208.524 E243.65716
G1 X194.698 Y208.777 E243.69998
G1 X194.108 Y209.139 E243.74603
G1 X193.615 Y209.553 E243.78885
G1 X193.227 Y209.976 E243.82703
G1 X192.892 Y210.445 E243.86537
G1 X192.597 Y211.005 E243.90748
G1 X192.379 Y211.607 E243.95007
G1 X192.249 Y212.226 E243.99214
G1 X192.204 Y212.881 E244.03581
G1 X192.208 Y212.925 E244.03875
G1 X186.251 Y212.926 E244.43501
G1 X185.629 Y212.983 E244.47656
G1 X185.022 Y213.107 E244.51778
G1 X184.371 Y213.317 E244.56328
G1 X183.819 Y213.569 E244.60364
G1 X183.357 Y213.833 E244.63904
G1 X182.808 Y214.229 E244.68407
G1 X182.345 Y214.652 E244.72578
G1 X181.949 Y215.103 E244.76571
G1 X181.625 Y215.552 E244.80254
G1 X181.362 Y215.996 E244.83687
G1 X181.12 Y216.508 E244.87454
G1 X180.896 Y217.16 E244.9204
G1 X180.757 Y217.801 E244.96403
G1 X180.696 Y218.375 E245.00243
G1 X180.688 Y218.647 E245.02053
G1 X180.688 Y227.423 E245.60431
G1 X162.298 Y227.423 E246.82762
G1 X162.297 Y214.369 E247.69597
G1 X162.265 Y213.869 E247.7293
G1 X162.164 Y213.281 E247.76899
G1 X162.005 Y212.705 E247.80874
G1 X161.788 Y212.147 E247.84856
G1 X161.551 Y211.683 E247.88322
G1 X161.259 Y211.217 E247.9198
G1 X160.943 Y210.808 E247.95418
G1 X160.574 Y210.407 E247.99043
G1 X160.152 Y210.029 E248.02812
G1 X159.708 Y209.704 E248.06472
G1 X159.223 Y209.415 E248.10228
G1 X158.675 Y209.16 E248.14248
G1 X158.065 Y208.952 E248.18536
G1 X157.421 Y208.811 E248.22921
G1 X156.844 Y208.751 E248.2678
G1 X156.577 Y208.743 E248.28557
G1 X146.509 Y208.744 E248.95529
G1 X145.853 Y208.808 E248.99914
G1 X145.29 Y208.924 E249.03738
G1 X144.717 Y209.104 E249.07733
G1 X144.154 Y209.349 E249.11817
G1 X143.56 Y209.69 E249.16373
G1 X143.062 Y210.057 E249.20488
G1 X142.604 Y210.478 E249.24627
G1 X142.159 Y210.989 E249.29134
G1 X141.828 Y211.466 E249.32996
G1 X141.535 Y211.992 E249.37001
G1 X141.297 Y212.552 E249.41049
G1 X141.121 Y213.133 E249.45087
G1 X141.005 Y213.728 E249.4912
G1 X140.956 Y214.284 E249.52833
G1 X140.952 Y214.506 E249.5431
G1 X140.952 Y227.423 E250.40234
G1 X100.244 Y227.423 E253.11024
G1 X100.021 Y227.352 E253.12581
G1 X99.946 Y227.124 E253.14178
G1 X99.946 Y216.098 E253.87523
G1 X100.063 Y216.222 E253.88657
G1 X100.505 Y216.588 E253.92475
G1 X100.975 Y216.883 E253.96166
G1 X101.485 Y217.129 E253.99932
G1 X102.09 Y217.325 E254.04163
G1 X102.707 Y217.433 E254.08329
G1 X103.312 Y217.461 E254.12358
G1 X104.068 Y217.382 E254.17415
G1 X104.71 Y217.205 E254.21845
G1 X105.303 Y216.951 E254.26136
G1 X105.892 Y216.591 E254.30728
G1 X106.385 Y216.178 E254.35006
G1 X106.773 Y215.754 E254.38829
G1 X107.108 Y215.285 E254.42663
G1 X107.403 Y214.725 E254.46873
G1 X107.621 Y214.123 E254.51132
G1 X107.751 Y213.504 E254.5534
G1 X107.796 Y212.849 E254.59707
G1 X107.733 Y212.089 E254.6478
G1 X107.588 Y211.501 E254.68809
G1 X107.363 Y210.911 E254.73009
G1 X107.021 Y210.308 E254.7762
G1 X106.662 Y209.843 E254.81528
G1 X106.252 Y209.427 E254.85414
G1 X105.709 Y209.014 E254.89952
G1 X105.197 Y208.729 E254.9385
G1 X104.616 Y208.491 E254.98026
G1 X104 Y208.34 E255.02245
G1 X103.469 Y208.279 E255.058
G1 X103.056 Y208.273 E255.08548
G1 X102.334 Y208.348 E255.13377
G1 X101.691 Y208.524 E255.17811
G1 X101.099 Y208.777 E255.22094
G1 X100.509 Y209.139 E255.26698
G1 X100.016 Y209.553 E255.30981
G1 X99.946 Y209.629 E255.31668
G1 X99.945 Y96.082 E262.86986
G1 X100.063 Y96.207 E262.88129
G1 X100.505 Y96.573 E262.91947
G1 X100.975 Y96.868 E262.95638
G1 X101.485 Y97.114 E262.99404
G1 X102.09 Y97.31 E263.03635
G1 X102.707 Y97.418 E263.07802
G1 X103.312 Y97.446 E263.1183
G1 X104.068 Y97.367 E263.16887
G1 X104.71 Y97.19 E263.21317
G1 X105.303 Y96.936 E263.25608
G1 X105.892 Y96.576 E263.302
G1 X106.385 Y96.163 E263.34478
G1 X106.773 Y95.739 E263.38301
G1 X107.108 Y95.27 E263.42135
G1 X107.403 Y94.71 E263.46345
G1 X107.621 Y94.108 E263.50604
G1 X107.751 Y93.489 E263.54812
G1 X107.796 Y92.834 E263.59179
G1 X107.733 Y92.074 E263.64252
G1 X107.588 Y91.486 E263.68281
G1 X107.363 Y90.896 E263.72481
G1 X107.021 Y90.293 E263.77092
G1 X106.662 Y89.828 E263.81
G1 X106.252 Y89.412 E263.84886
G1 X105.709 Y88.999 E263.89424
G1 X105.197 Y88.714 E263.93322
G1 X104.616 Y88.476 E263.97498
G1 X104 Y88.325 E264.01717
G1 X103.469 Y88.264 E264.05273
G1 X103.056 Y88.258 E264.0802
G1 X102.334 Y88.333 E264.12849
G1 X101.691 Y88.509 E264.17283
G1 X101.099 Y88.762 E264.21566
G1 X100.509 Y89.124 E264.2617
G1 X100.016 Y89.538 E264.30453
G1 X99.945 Y89.615 E264.3115
G1 X99.945 Y72.9 E265.42338
G1 X99.975 Y72.706 E265.43644
G1 X100.068 Y72.61 E265.44533
G1 X100.219 Y72.577 E265.45561
G1 X199.757 Y72.577 E272.07691
G1 X199.987 Y72.649 E272.09294
G0 F9000 X199.734 Y73.6
G1 F2100 X100.265 Y73.6 E278.70964
G0 F9000 X100.265 Y74.4
G1 F2100 X199.734 Y74.4 E285.32635
G0 F9000 X199.734 Y75.2
G1 F2100 X100.265 Y75.2 E291.94305
G0 F9000 X100.265 Y76
G1 F2100 X199.734 Y76 E298.55976
G0 F9000 X199.734 Y76.8
G1 F2100 X100.265 Y76.8 E305.17646
G0 F9000 X100.265 Y77.6
G1 F2100 X199.734 Y77.6 E311.79317
G0 F9000 X199.734 Y78.4
G1 F2100 X100.265 Y78.4 E318.40987
G0 F9000 X100.265 Y79.2
G1 F2100 X199.734 Y79.2 E325.02658
G0 F9000 X199.734 Y80
G1 F2100 X100.265 Y80 E331.64328
G0 F9000 X100.265 Y80.8
G1 F2100 X199.734 Y80.8 E338.25999
G0 F9000 X199.734 Y81.6
G1 F2100 X100.265 Y81.6 E344.87669
G0 F9000 X100.265 Y82.4
G1 F2100 X199.734 Y82.4 E351.4934
G0 F9000 X199.734 Y83.2
G1 F2100 X100.265 Y83.2 E358.1101
G0 F9000 X100.265 Y84
G1 F2100 X199.734 Y84 E364.72681
G0 F9000 X199.734 Y84.8
G1 F2100 X100.265 Y84.8 E371.34351
G0 F9000 X100.265 Y85.6
G1 F2100 X199.734 Y85.6 E377.96022
G0 F9000 X199.734 Y86.4
G1 F2100 X100.265 Y86.4 E384.57692
G0 F9000 X100.265 Y87.2
G1 F2100 X199.734 Y87.2 E391.19363
G0 F9000 X199.734 Y88
G1 F2100 X197.589 Y88 E391.33631
G0 F9000 X196.042 Y88
G1 F2100 X103.982 Y88 E397.46017
G0 F9000 X102.452 Y88
G1 F2100 X100.265 Y88 E397.60565
G0 F9000 X100.265 Y88.8
G1 F2100 X100.426 Y88.8 E397.61636
G0 F9000 X105.975 Y88.8
G1 F2100 X194.023 Y88.8 E403.47333
G0 F9000 X193.123 Y89.6
G1 F2100 X106.887 Y89.6 E409.20978
G0 F9000 X107.449 Y90.4
G1 F2100 X192.545 Y90.4 E414.87038
G0 F9000 X192.179 Y91.2
G1 F2100 X107.821 Y91.2 E420.4819
G0 F9000 X108.043 Y92
G1 F2100 X191.965 Y92 E426.06442
G0 F9000 X191.887 Y92.8
G1 F2100 X108.114 Y92.8 E431.63702
G0 F9000 X108.055 Y93.6
G1 F2100 X191.945 Y93.6 E437.2174
G0 F9000 X192.141 Y94.4
G1 F2100 X107.857 Y94.4 E442.824
G0 F9000 X107.507 Y95.2
G1 F2100 X192.495 Y95.2 E448.47742
G0 F9000 X193.033 Y96
G1 F2100 X106.968 Y96 E454.20249
G0 F9000 X106.124 Y96.8
G1 F2100 X193.895 Y96.8 E460.04104
G0 F9000 X195.58 Y97.6
G1 F2100 X104.426 Y97.6 E466.10463
G0 F9000 X101.947 Y97.6
G1 F2100 X100.265 Y97.6 E466.21652
G0 F9000 X100.265 Y98.4
G1 F2100 X199.735 Y98.4 E472.83329
G0 F9000 X199.735 Y97.6
G1 F2100 X198.023 Y97.6 E472.94717
G0 F9000 X199.735 Y99.2
G1 F2100 X100.265 Y99.2 E479.56394
G0 F9000 X100.265 Y100
G1 F2100 X199.735 Y100 E486.18071
G0 F9000 X199.735 Y100.8
G1 F2100 X100.265 Y100.8 E492.79748
G0 F9000 X100.265 Y101.6
G1 F2100 X199.735 Y101.6 E499.41426
G0 F9000 X199.735 Y102.4
G1 F2100 X100.265 Y102.4 E506.03103
G0 F9000 X100.265 Y103.2
G1 F2100 X199.735 Y103.2 E512.6478
G0 F9000 X199.735 Y104
G1 F2100 X100.265 Y104 E519.26457
G0 F9000 X100.265 Y104.8
G1 F2100 X199.735 Y104.8 E525.88134
G0 F9000 X199.735 Y105.6
G1 F2100 X100.265 Y105.6 E532.49811
G0 F9000 X100.265 Y106.4
G1 F2100 X199.735 Y106.4 E539.11488
G0 F9000 X199.735 Y107.2
G1 F2100 X100.265 Y107.2 E545.73165
G0 F9000 X100.265 Y108
G1 F2100 X199.735 Y108 E552.34843
G0 F9000 X199.735 Y108.8
G1 F2100 X100.265 Y108.8 E558.9652
G0 F9000 X100.265 Y109.6
G1 F2100 X199.735 Y109.6 E565.58197
G0 F9000 X199.735 Y110.4
G1 F2100 X100.265 Y110.4 E572.19874
G0 F9000 X100.265 Y111.2
G1 F2100 X199.735 Y111.2 E578.81551
G0 F9000 X199.735 Y112
G1 F2100 X100.265 Y112 E585.43228
G0 F9000 X100.265 Y112.8
G1 F2100 X199.735 Y112.8 E592.04905
G0 F9000 X199.735 Y113.6
G1 F2100 X100.265 Y113.6 E598.66582
G0 F9000 X100.265 Y114.4
G1 F2100 X199.735 Y114.4 E605.2826
G0 F9000 X199.735 Y115.2
G1 F2100 X100.265 Y115.2 E611.89937
G0 F9000 X100.265 Y116
G1 F2100 X199.735 Y116 E618.51614
G0 F9000 X199.735 Y116.8
G1 F2100 X100.265 Y116.8 E625.13291
G0 F9000 X100.265 Y117.6
G1 F2100 X199.735 Y117.6 E631.74968
G0 F9000 X199.735 Y118.4
G1 F2100 X100.265 Y118.4 E638.36645
G0 F9000 X100.264 Y119.2
G1 F2100 X199.735 Y119.2 E644.98329
G0 F9000 X199.735 Y120
G1 F2100 X100.264 Y120 E651.60013
G0 F9000 X100.264 Y120.8
G1 F2100 X199.735 Y120.8 E658.21697
G0 F9000 X199.735 Y121.6
G1 F2100 X100.264 Y121.6 E664.8338
G0 F9000 X100.264 Y122.4
G1 F2100 X199.735 Y122.4 E671.45064
G0 F9000 X199.735 Y123.2
G1 F2100 X100.264 Y123.2 E678.06748
G0 F9000 X100.264 Y124
G1 F2100 X199.735 Y124 E684.68432
G0 F9000 X199.735 Y124.8
G1 F2100 X100.264 Y124.8 E691.30115
G0 F9000 X100.264 Y125.6
G1 F2100 X199.735 Y125.6 E697.91799
G0 F9000 X199.735 Y126.4
G1 F2100 X100.264 Y126.4 E704.53483
G0 F9000 X100.264 Y127.2
G1 F2100 X199.735 Y127.2 E711.15167
G0 F9000 X199.735 Y128
G1 F2100 X100.264 Y128 E717.76851
G0 F9000 X100.264 Y128.8
G1 F2100 X199.735 Y128.8 E724.38534
G0 F9000 X199.735 Y129.6
G1 F2100 X100.264 Y129.6 E731.00218
G0 F9000 X100.264 Y130.4
G1 F2100 X199.735 Y130.4 E737.61902
G0 F9000 X199.735 Y131.2
G1 F2100 X100.264 Y131.2 E744.23586
G0 F9000 X100.264 Y132
G1 F2100 X199.735 Y132 E750.85269
G0 F9000 X199.735 Y132.8
G1 F2100 X100.264 Y132.8 E757.46953
G0 F9000 X100.264 Y133.6
G1 F2100 X199.735 Y133.6 E764.08637
G0 F9000 X199.735 Y134.4
G1 F2100 X100.264 Y134.4 E770.70321
G0 F9000 X100.264 Y135.2
G1 F2100 X199.735 Y135.2 E777.32005
G0 F9000 X199.735 Y136
G1 F2100 X100.264 Y136 E783.93688
G0 F9000 X100.264 Y136.8
G1 F2100 X199.735 Y136.8 E790.55372
G0 F9000 X199.735 Y137.6
G1 F2100 X100.264 Y137.6 E797.17056
G0 F9000 X100.264 Y138.4
G1 F2100 X199.735 Y138.4 E803.7874
G0 F9000 X199.735 Y139.2
G1 F2100 X100.264 Y139.2 E810.40423
G0 F9000 X100.264 Y140
G1 F2100 X199.735 Y140 E817.02107
G0 F9000 X199.735 Y140.8
G1 F2100 X100.264 Y140.8 E823.63791
G0 F9000 X100.264 Y141.6
G1 F2100 X199.735 Y141.6 E830.25475
G0 F9000 X199.735 Y142.4
G1 F2100 X100.264 Y142.4 E836.87159
G0 F9000 X100.264 Y143.2
G1 F2100 X199.735 Y143.2 E843.48842
G0 F9000 X199.735 Y144
G1 F2100 X100.264 Y144 E850.10526
G0 F9000 X100.264 Y144.8
G1 F2100 X199.735 Y144.8 E856.7221
G0 F9000 X199.735 Y145.6
G1 F2100 X100.264 Y145.6 E863.33894
G0 F9000 X100.264 Y146.4
G1 F2100 X199.735 Y146.4 E869.95577
G0 F9000 X199.735 Y147.2
G1 F2100 X100.264 Y147.2 E876.57261
G0 F9000 X100.264 Y148
G1 F2100 X199.735 Y148 E883.18945
G0 F9000 X199.735 Y148.8
G1 F2100 X100.264 Y148.8 E889.80629
G0 F9000 X100.264 Y149.6
G1 F2100 X199.735 Y149.6 E896.42313
G0 F9000 X199.735 Y150.4
G1 F2100 X100.264 Y150.4 E903.03996
G0 F9000 X100.264 Y151.2
G1 F2100 X199.735 Y151.2 E909.6568
G0 F9000 X199.735 Y152
G1 F2100 X100.264 Y152 E916.27364
G0 F9000 X100.264 Y152.8
G1 F2100 X199.735 Y152.8 E922.89048
G0 F9000 X199.735 Y153.6
G1 F2100 X100.264 Y153.6 E929.50731
G0 F9000 X100.264 Y154.4
G1 F2100 X199.735 Y154.4 E936.12415
G0 F9000 X199.735 Y155.2
G1 F2100 X100.264 Y155.2 E942.74099
G0 F9000 X100.264 Y156
G1 F2100 X199.735 Y156 E949.35783
G0 F9000 X199.735 Y156.8
G1 F2100 X100.264 Y156.8 E955.97467
G0 F9000 X100.264 Y157.6
G1 F2100 X199.735 Y157.6 E962.5915
G0 F9000 X199.735 Y158.4
G1 F2100 X100.264 Y158.4 E969.20834
G0 F9000 X100.264 Y159.2
G1 F2100 X199.735 Y159.2 E975.82518
G0 F9000 X199.735 Y160
G1 F2100 X100.264 Y160 E982.44202
G0 F9000 X100.264 Y160.8
G1 F2100 X199.735 Y160.8 E989.05885
G0 F9000 X199.735 Y161.6
G1 F2100 X100.264 Y161.6 E995.67569
G0 F9000 X100.264 Y162.4
G1 F2100 X199.735 Y162.4 E1002.29253
G0 F9000 X199.735 Y163.2
G1 F2100 X100.264 Y163.2 E1008.90937
G0 F9000 X100.264 Y164
G1 F2100 X199.735 Y164 E1015.52621
G0 F9000 X199.735 Y164.8
G1 F2100 X100.264 Y164.8 E1022.14304
G0 F9000 X100.264 Y165.6
G1 F2100 X199.735 Y165.6 E1028.75988
G0 F9000 X199.735 Y166.4
G1 F2100 X100.264 Y166.4 E1035.37672
G0 F9000 X100.264 Y167.2
G1 F2100 X199.735 Y167.2 E1041.99356
G0 F9000 X199.735 Y168
G1 F2100 X100.264 Y168 E1048.61039
G0 F9000 X100.264 Y168.8
G1 F2100 X199.735 Y168.8 E1055.22723
G0 F9000 X199.735 Y169.6
G1 F2100 X100.264 Y169.6 E1061.84407
G0 F9000 X100.264 Y170.4
G1 F2100 X199.735 Y170.4 E1068.46091
G0 F9000 X199.735 Y171.2
G1 F2100 X100.264 Y171.2 E1075.07775
G0 F9000 X100.264 Y172
G1 F2100 X199.735 Y172 E1081.69458
G0 F9000 X199.735 Y172.8
G1 F2100 X100.264 Y172.8 E1088.31142
G0 F9000 X100.264 Y173.6
G1 F2100 X199.735 Y173.6 E1094.92826
G0 F9000 X199.735 Y174.4
G1 F2100 X100.264 Y174.4 E1101.5451
G0 F9000 X100.264 Y175.2
G1 F2100 X199.735 Y175.2 E1108.16193
G0 F9000 X199.735 Y176
G1 F2100 X100.264 Y176 E1114.77877
G0 F9000 X100.264 Y176.8
G1 F2100 X199.735 Y176.8 E1121.39561
G0 F9000 X199.735 Y177.6
G1 F2100 X100.264 Y177.6 E1128.01245
G0 F9000 X100.264 Y178.4
G1 F2100 X199.735 Y178.4 E1134.62929
G0 F9000 X199.735 Y179.2
G1 F2100 X100.264 Y179.2 E1141.24612
G0 F9000 X100.264 Y180
G1 F2100 X199.735 Y180 E1147.86296
G0 F9000 X199.735 Y180.8
G1 F2100 X100.264 Y180.8 E1154.4798
G0 F9000 X100.264 Y181.6
G1 F2100 X199.735 Y181.6 E1161.09664
G0 F9000 X199.735 Y182.4
G1 F2100 X100.264 Y182.4 E1167.71347
G0 F9000 X100.264 Y183.2
G1 F2100 X199.735 Y183.2 E1174.33031
G0 F9000 X199.735 Y184
G1 F2100 X100.264 Y184 E1180.94715
G0 F9000 X100.264 Y184.8
G1 F2100 X199.735 Y184.8 E1187.56399
G0 F9000 X199.735 Y185.6
G1 F2100 X100.264 Y185.6 E1194.18083
G0 F9000 X100.264 Y186.4
G1 F2100 X199.735 Y186.4 E1200.79766
G0 F9000 X199.735 Y187.2
G1 F2100 X100.264 Y187.2 E1207.4145
G0 F9000 X100.264 Y188
G1 F2100 X199.735 Y188 E1214.03134
G0 F9000 X199.735 Y188.8
G1 F2100 X100.264 Y188.8 E1220.64818
G0 F9000 X100.264 Y189.6
G1 F2100 X199.735 Y189.6 E1227.26501
G0 F9000 X199.735 Y190.4
G1 F2100 X100.264 Y190.4 E1233.88185
G0 F9000 X100.264 Y191.2
G1 F2100 X199.735 Y191.2 E1240.49869
G0 F9000 X199.735 Y192
G1 F2100 X100.264 Y192 E1247.11553
G0 F9000 X100.264 Y192.8
G1 F2100 X199.735 Y192.8 E1253.73237
G0 F9000 X199.735 Y193.6
G1 F2100 X100.264 Y193.6 E1260.3492
G0 F9000 X100.264 Y194.4
G1 F2100 X199.735 Y194.4 E1266.96604
G0 F9000 X199.735 Y195.2
G1 F2100 X100.264 Y195.2 E1273.58288
G0 F9000 X100.264 Y196
G1 F2100 X199.735 Y196 E1280.19972
G0 F9000 X199.735 Y196.8
G1 F2100 X100.264 Y196.8 E1286.81655
G0 F9000 X100.264 Y197.6
G1 F2100 X199.735 Y197.6 E1293.43339
G0 F9000 X199.735 Y198.4
G1 F2100 X100.264 Y198.4 E1300.05023
G0 F9000 X100.264 Y199.2
G1 F2100 X199.735 Y199.2 E1306.66707
G0 F9000 X199.735 Y200
G1 F2100 X100.264 Y200 E1313.28391
G0 F9000 X100.264 Y200.8
G1 F2100 X199.735 Y200.8 E1319.90074
G0 F9000 X199.735 Y201.6
G1 F2100 X100.264 Y201.6 E1326.51758
G0 F9000 X100.264 Y202.4
G1 F2100 X199.735 Y202.4 E1333.13442
G0 F9000 X199.735 Y203.2
G1 F2100 X100.264 Y203.2 E1339.75126
G0 F9000 X100.264 Y204
G1 F2100 X199.735 Y204 E1346.36809
G0 F9000 X199.735 Y204.8
G1 F2100 X100.264 Y204.8 E1352.98493
G0 F9000 X100.264 Y205.6
G1 F2100 X199.735 Y205.6 E1359.60177
G0 F9000 X199.735 Y206.4
G1 F2100 X100.264 Y206.4 E1366.21861
G0 F9000 X100.264 Y207.2
G1 F2100 X199.735 Y207.2 E1372.83545
G0 F9000 X199.735 Y208
G1 F2100 X197.45 Y208 E1372.98744
G0 F9000 X196.194 Y208
G1 F2100 X103.85 Y208 E1379.13019
G0 F9000 X102.594 Y208
G1 F2100 X100.264 Y208 E1379.28518
G0 F9000 X100.264 Y208.8
G1 F2100 X100.449 Y208.8 E1379.29749
G0 F9000 X105.955 Y208.8
G1 F2100 X144.617 Y208.8 E1381.8693
G0 F9000 X143.141 Y209.6
G1 F2100 X106.871 Y209.6 E1384.28199
G0 F9000 X107.44 Y210.4
G1 F2100 X142.247 Y210.4 E1386.59736
G0 F9000 X141.623 Y211.2
G1 F2100 X107.814 Y211.2 E1388.84634
G0 F9000 X108.038 Y212
G1 F2100 X141.183 Y212 E1391.05116
G0 F9000 X140.887 Y212.8
G1 F2100 X108.111 Y212.8 E1393.23143
G0 F9000 X108.057 Y213.6
G1 F2100 X140.703 Y213.6 E1395.40305
G0 F9000 X140.633 Y214.4
G1 F2100 X107.861 Y214.4 E1397.58305
G0 F9000 X107.514 Y215.2
G1 F2100 X140.632 Y215.2 E1399.78607
G0 F9000 X140.632 Y216
G1 F2100 X106.981 Y216 E1402.02454
G0 F9000 X106.141 Y216.8
G1 F2100 X140.632 Y216.8 E1404.31889
G0 F9000 X140.632 Y217.6
G1 F2100 X104.48 Y217.6 E1406.72373
G0 F9000 X101.899 Y217.6
G1 F2100 X100.265 Y217.6 E1406.83243
G0 F9000 X100.265 Y218.4
G1 F2100 X140.632 Y218.4 E1409.51765
G0 F9000 X140.632 Y219.2
G1 F2100 X100.265 Y219.2 E1412.20287
G0 F9000 X100.265 Y220
G1 F2100 X140.632 Y220 E1414.8881
G0 F9000 X140.632 Y220.8
G1 F2100 X100.265 Y220.8 E1417.57332
G0 F9000 X100.265 Y221.6
G1 F2100 X140.632 Y221.6 E1420.25854
G0 F9000 X140.632 Y222.4
G1 F2100 X100.265 Y222.4 E1422.94377
G0 F9000 X100.265 Y223.2
G1 F2100 X140.632 Y223.2 E1425.62899
G0 F9000 X140.632 Y224
G1 F2100 X100.265 Y224 E1428.31422
G0 F9000 X100.265 Y224.8
G1 F2100 X140.632 Y224.8 E1430.99944
G0 F9000 X140.632 Y225.6
G1 F2100 X100.265 Y225.6 E1433.68466
G0 F9000 X100.265 Y226.4
G1 F2100 X140.632 Y226.4 E1436.36989
G1 F1500 E1435.36989
G0 F9000 X144.407 Y226.4
G0 X158.843 Y226.401
G0 X162.617 Y226.4
G1 F1500 E1436.3965
G1 F2100 X180.368 Y226.4 E1437.5773
G0 F9000 X180.368 Y225.6
G1 F2100 X162.617 Y225.6 E1438.7581
G0 F9000 X162.617 Y224.8
G1 F2100 X180.368 Y224.8 E1439.9389
G0 F9000 X180.368 Y224
G1 F2100 X162.617 Y224 E1441.1197
G0 F9000 X162.617 Y223.2
G1 F2100 X180.368 Y223.2 E1442.3005
G0 F9000 X180.368 Y222.4
G1 F2100 X162.617 Y222.4 E1443.4813
G0 F9000 X162.617 Y221.6
G1 F2100 X180.368 Y221.6 E1444.6621
G0 F9000 X180.368 Y220.8
G1 F2100 X162.617 Y220.8 E1445.84291
G0 F9000 X162.617 Y220
G1 F2100 X180.368 Y220 E1447.02371
G0 F9000 X180.368 Y219.2
G1 F2100 X162.617 Y219.2 E1448.20451
G0 F9000 X162.617 Y218.4
G1 F2100 X180.375 Y218.4 E1449.38578
G0 F9000 X180.473 Y217.6
G1 F2100 X162.617 Y217.6 E1450.57356
G0 F9000 X162.617 Y216.8
G1 F2100 X180.681 Y216.8 E1451.77518
G0 F9000 X181.005 Y216
G1 F2100 X162.617 Y216 E1452.99836
G0 F9000 X162.617 Y215.2
G1 F2100 X181.484 Y215.2 E1454.2534
G0 F9000 X182.147 Y214.4
G1 F2100 X162.617 Y214.4 E1455.55254
G0 F9000 X162.543 Y213.6
G1 F2100 X183.132 Y213.6 E1456.92212
G0 F9000 X184.931 Y212.8
G1 F2100 X162.363 Y212.8 E1458.42335
G0 F9000 X162.071 Y212
G1 F2100 X191.968 Y212 E1460.41211
G0 F9000 X192.185 Y211.2
G1 F2100 X161.626 Y211.2 E1462.4449
G0 F9000 X161.002 Y210.4
G1 F2100 X192.554 Y210.4 E1464.54375
G0 F9000 X193.137 Y209.6
G1 F2100 X160.107 Y209.6 E1466.74091
G0 F9000 X158.61 Y208.8
G1 F2100 X194.049 Y208.8 E1469.09833
G0 F9000 X199.555 Y208.8
G1 F2100 X199.735 Y208.8 E1469.1103
G0 F9000 X200.055 Y216.1
G1 F2100 X200.055 Y227.098 E1469.84189
G1 X200.01 Y227.324 E1469.85722
G1 X199.791 Y227.423 E1469.87321
G1 X198.271 Y227.423 E1469.97432
G1 X198.27 Y218.551 E1470.56448
G1 X198.238 Y218.057 E1470.59741
G1 X198.149 Y217.517 E1470.63382
G1 X198.085 Y217.267 E1470.65099
G1 X198.309 Y217.206 E1470.66643
G1 X198.903 Y216.951 E1470.70943
G1 X199.491 Y216.591 E1470.75529
G1 X199.984 Y216.178 E1470.79807
G1 X200.055 Y216.1 E1470.80509
G0 F9000 X199.735 Y217.6
G1 F2100 X198.486 Y217.6 E1470.88817
G0 F9000 X198.581 Y218.4
G1 F2100 X199.735 Y218.4 E1470.96494
G0 F9000 X199.735 Y219.2
G1 F2100 X198.59 Y219.2 E1471.0411
G0 F9000 X198.59 Y220
G1 F2100 X199.735 Y220 E1471.11727
G0 F9000 X199.735 Y220.8
G1 F2100 X198.59 Y220.8 E1471.19343
G0 F9000 X198.59 Y221.6
G1 F2100 X199.735 Y221.6 E1471.2696
G0 F9000 X199.735 Y222.4
G1 F2100 X198.59 Y222.4 E1471.34577
G0 F9000 X198.59 Y223.2
G1 F2100 X199.735 Y223.2 E1471.42193
G0 F9000 X199.735 Y224
G1 F2100 X198.59 Y224 E1471.4981
G0 F9000 X198.59 Y224.8
G1 F2100 X199.735 Y224.8 E1471.57426
G0 F9000 X199.735 Y225.6
G1 F2100 X198.59 Y225.6 E1471.65043
G0 F9000 X198.59 Y226.4
G1 F2100 X199.735 Y226.4 E1471.72659
G1 F1500 E1470.72659
;MESH:NONMESH
G0 F300 X199.735 Y226.4 Z1
G0 F9000 X203.509 Y226.399
G0 X197.344 Y211.869
G0 X198.452 Y209.439
;TIME_ELAPSED:3286.562837
;LAYER:4
;TYPE:WALL-INNER
;MESH:Top of Case V2.STL
G1 F1500 E1471.7532
G1 F2400 X197.972 Y209.245 E1471.78764
G1 X197.463 Y209.119 E1471.82252
G1 X197.011 Y209.069 E1471.85277
G1 X196.68 Y209.063 E1471.87479
G1 X196.036 Y209.136 E1471.91791
G1 X195.547 Y209.274 E1471.95171
G1 X195.065 Y209.479 E1471.98655
G1 X194.612 Y209.753 E1472.02177
G1 X194.156 Y210.129 E1472.06108
G1 X193.797 Y210.528 E1472.09679
G1 X193.473 Y211.019 E1472.13592
G1 X193.248 Y211.503 E1472.17142
G1 X193.105 Y211.961 E1472.20334
G1 X193.017 Y212.468 E1472.23757
G1 X192.998 Y212.934 E1472.26859
G1 X193.035 Y213.415 E1472.30068
G1 X193.11 Y213.758 E1472.32404
G1 X192.844 Y213.727 E1472.32883
G1 X192.578 Y213.715 E1472.33849
G1 X186.287 Y213.716 E1472.75697
G1 X185.79 Y213.762 E1472.79018
G1 X185.346 Y213.842 E1472.82019
G1 X184.843 Y213.986 E1472.85499
G1 X184.321 Y214.201 E1472.89254
G1 X183.829 Y214.47 E1472.92984
G1 X183.404 Y214.771 E1472.96449
G1 X183.065 Y215.059 E1472.99408
G1 X182.732 Y215.401 E1473.02583
G1 X182.434 Y215.771 E1473.05743
G1 X182.184 Y216.147 E1473.08747
G1 X181.945 Y216.601 E1473.1216
G1 X181.746 Y217.092 E1473.15684
G1 X181.586 Y217.665 E1473.19641
G1 X181.502 Y218.187 E1473.23158
G1 X181.478 Y218.642 E1473.26189
G1 X181.478 Y228.213 E1473.89856
G1 X161.508 Y228.213 E1475.22697
G1 X161.507 Y214.381 E1476.14708
G1 X161.473 Y213.926 E1476.17743
G1 X161.4 Y213.483 E1476.20729
G1 X161.267 Y212.992 E1476.24113
G1 X161.108 Y212.567 E1476.27132
G1 X160.864 Y212.074 E1476.30791
G1 X160.604 Y211.66 E1476.34043
G1 X160.289 Y211.259 E1476.37435
G1 X160.008 Y210.958 E1476.40174
G1 X159.653 Y210.644 E1476.43327
G1 X159.259 Y210.355 E1476.46577
G1 X158.787 Y210.08 E1476.50211
G1 X158.37 Y209.89 E1476.53259
G1 X157.843 Y209.712 E1476.56959
G1 X157.287 Y209.59 E1476.60746
G1 X156.704 Y209.534 E1476.64642
G1 X146.588 Y209.533 E1477.31934
G1 X146.127 Y209.568 E1477.35009
G1 X145.612 Y209.659 E1477.38488
G1 X145.068 Y209.818 E1477.42258
G1 X144.551 Y210.034 E1477.45985
G1 X144.082 Y210.296 E1477.49559
G1 X143.604 Y210.636 E1477.53461
G1 X143.232 Y210.968 E1477.56778
G1 X142.907 Y211.321 E1477.59969
G1 X142.595 Y211.736 E1477.63423
G1 X142.323 Y212.185 E1477.66915
G1 X142.103 Y212.663 E1477.70415
G1 X141.934 Y213.15 E1477.73844
G1 X141.823 Y213.629 E1477.77115
G1 X141.757 Y214.129 E1477.8047
G1 X141.742 Y214.495 E1477.82907
G1 X141.742 Y228.213 E1478.74159
G1 X100.18 Y228.213 E1481.50631
G1 X99.866 Y228.167 E1481.52742
G1 X99.679 Y228.088 E1481.54092
G1 X99.423 Y227.89 E1481.56245
G1 X99.277 Y227.683 E1481.5793
G1 X99.163 Y227.299 E1481.60595
G1 X99.155 Y227.163 E1481.61501
G1 X99.155 Y214.184 E1482.47838
G1 X99.155 Y213.178 E1482.54529
G1 X99.155 Y211.961 E1482.62625
G1 X99.155 Y211.019 E1482.68891
G1 X99.155 Y94.169 E1490.46181
G1 X99.155 Y93.163 E1490.52872
G1 X99.155 Y91.946 E1490.60968
G1 X99.155 Y91.004 E1490.67234
G1 X99.156 Y72.81 E1491.88261
G1 X99.258 Y72.359 E1491.91337
G1 X99.517 Y72.022 E1491.94164
G1 X99.732 Y71.887 E1491.95853
G1 X99.937 Y71.817 E1491.97294
G1 X100.204 Y71.787 E1491.99081
G1 X199.833 Y71.787 E1498.61816
G1 X200.146 Y71.839 E1498.63927
G1 X200.379 Y71.95 E1498.65644
G1 X200.598 Y72.135 E1498.67551
G1 X200.754 Y72.384 E1498.69505
G1 X200.845 Y72.842 E1498.72611
G1 X200.845 Y91.792 E1499.98667
G1 X200.845 Y92.781 E1500.05246
G1 X200.845 Y93.754 E1500.11719
G1 X200.845 Y94.696 E1500.17985
G1 X200.845 Y211.807 E1507.9701
G1 X200.845 Y212.796 E1508.03589
G1 X200.845 Y213.769 E1508.10062
G1 X200.845 Y214.711 E1508.16328
G1 X200.844 Y227.213 E1508.99491
G1 X200.806 Y227.465 E1509.01187
G1 X200.695 Y227.727 E1509.03079
G1 X200.588 Y227.871 E1509.04273
G1 X200.383 Y228.047 E1509.0607
G1 X199.99 Y228.197 E1509.08868
G1 X199.78 Y228.213 E1509.10269
G1 X197.481 Y228.213 E1509.25562
G1 X197.48 Y218.563 E1509.89754
G1 X197.446 Y218.104 E1509.92816
G1 X197.372 Y217.668 E1509.95758
G1 X197.252 Y217.216 E1509.98869
G1 X197.116 Y216.834 E1510.01566
G1 X197.034 Y216.658 E1510.02858
G1 X197.078 Y216.658
G1 X197.583 Y216.588 E1510.04973
G1 X198.052 Y216.456 E1510.08214
G1 X198.534 Y216.251 E1510.11698
G1 X198.987 Y215.977 E1510.1522
G1 X199.443 Y215.601 E1510.19151
G1 X199.802 Y215.202 E1510.22722
G1 X200.126 Y214.711 E1510.26635
G1 X200.351 Y214.227 E1510.29566
G1 X200.494 Y213.769 E1510.31127
G1 X200.582 Y213.262 E1510.32351
G1 X200.601 Y212.796 E1510.33106
G1 X200.564 Y212.315 E1510.33945
G1 X200.453 Y211.807 E1510.35373
G1 X200.268 Y211.297 E1510.38981
G1 X199.962 Y210.75 E1510.43151
G1 X199.656 Y210.35 E1510.46501
G1 X199.249 Y209.955 E1510.50274
G1 X198.863 Y209.67 E1510.53465
G1 X198.452 Y209.439 E1510.56602
G1 F1500 E1509.56602
G0 F9000 X197.287 Y211.84
G0 X196.01 Y213.681
G0 X194.736 Y215.167
G1 F1500 E1510.59262
G1 F2400 X194.467 Y215.015 E1510.61318
G1 X194.049 Y214.797 E1510.64454
G1 X193.555 Y214.654 E1510.67875
G1 X193.141 Y214.567 E1510.70689
G1 X192.78 Y214.525 E1510.73106
G1 X192.56 Y214.515 E1510.74571
G1 X186.324 Y214.516 E1511.16053
G1 X185.898 Y214.555 E1511.18899
G1 X185.528 Y214.622 E1511.214
G1 X185.106 Y214.743 E1511.24321
G1 X184.666 Y214.924 E1511.27485
G1 X184.253 Y215.15 E1511.30617
G1 X183.895 Y215.403 E1511.33533
G1 X183.612 Y215.644 E1511.36006
G1 X183.331 Y215.932 E1511.38682
G1 X183.08 Y216.244 E1511.41346
G1 X182.873 Y216.556 E1511.43837
G1 X182.671 Y216.939 E1511.46717
G1 X182.504 Y217.35 E1511.49668
G1 X182.369 Y217.836 E1511.53023
G1 X182.299 Y218.272 E1511.55961
G1 X182.278 Y218.663 E1511.58566
G1 X182.278 Y229.013 E1512.27414
G1 X160.708 Y229.013 E1513.70898
G1 X160.707 Y214.411 E1514.68031
G1 X160.678 Y214.021 E1514.70633
G1 X160.617 Y213.653 E1514.73114
G1 X160.505 Y213.237 E1514.7598
G1 X160.373 Y212.886 E1514.78474
G1 X160.165 Y212.465 E1514.81598
G1 X159.949 Y212.121 E1514.843
G1 X159.681 Y211.78 E1514.87185
G1 X159.449 Y211.532 E1514.89444
G1 X159.15 Y211.267 E1514.92102
G1 X158.82 Y211.025 E1514.94824
G1 X158.419 Y210.791 E1514.97912
G1 X158.076 Y210.635 E1515.00419
G1 X157.629 Y210.484 E1515.03557
G1 X157.163 Y210.382 E1515.06731
G1 X156.665 Y210.334 E1515.10059
G1 X146.619 Y210.333 E1515.76885
G1 X146.227 Y210.363 E1515.795
G1 X145.794 Y210.439 E1515.82425
G1 X145.336 Y210.573 E1515.85599
G1 X144.901 Y210.755 E1515.88736
G1 X144.51 Y210.973 E1515.91713
G1 X144.104 Y211.262 E1515.95029
G1 X143.794 Y211.539 E1515.97794
G1 X143.522 Y211.834 E1516.00463
G1 X143.259 Y212.184 E1516.03375
G1 X143.031 Y212.561 E1516.06306
G1 X142.846 Y212.962 E1516.09244
G1 X142.704 Y213.372 E1516.1213
G1 X142.611 Y213.772 E1516.14862
G1 X142.555 Y214.198 E1516.1772
G1 X142.542 Y214.512 E1516.19811
G1 X142.542 Y229.013 E1517.16272
G1 X100.119 Y229.013 E1519.98471
G1 X99.681 Y228.949 E1520.01415
G1 X99.509 Y228.891 E1520.02622
G1 X99.275 Y228.782 E1520.0434
G1 X98.973 Y228.569 E1520.06798
G1 X98.83 Y228.429 E1520.08129
G1 X98.661 Y228.214 E1520.09948
G1 X98.567 Y228.055 E1520.11177
G1 X98.461 Y227.816 E1520.12916
G1 X98.413 Y227.658 E1520.14015
G1 X98.366 Y227.387 E1520.15844
G1 X98.355 Y227.189 E1520.17163
G1 X98.356 Y72.762 E1530.44416
G1 X98.396 Y72.414 E1530.46746
G1 X98.527 Y72.022 E1530.49495
G1 X98.728 Y71.691 E1530.52071
G1 X98.983 Y71.423 E1530.54532
G1 X99.168 Y71.285 E1530.56068
G1 X99.406 Y71.153 E1530.57878
G1 X99.758 Y71.032 E1530.60354
G1 X100.16 Y70.987 E1530.63045
G1 X199.873 Y70.987 E1537.26338
G1 X200.141 Y71.014 E1537.2813
G1 X200.414 Y71.081 E1537.3
G1 X200.803 Y71.266 E1537.32865
G1 X201.09 Y71.49 E1537.35287
G1 X201.217 Y71.625 E1537.3652
G1 X201.367 Y71.833 E1537.38226
G1 X201.495 Y72.073 E1537.40035
G1 X201.608 Y72.433 E1537.42545
G1 X201.645 Y72.802 E1537.45012
G1 X201.644 Y227.249 E1547.72398
G1 X201.629 Y227.442 E1547.73685
G1 X201.573 Y227.707 E1547.75487
G1 X201.394 Y228.127 E1547.78524
G1 X201.178 Y228.42 E1547.80946
G1 X200.832 Y228.715 E1547.8397
G1 X200.476 Y228.897 E1547.8663
G1 X200.122 Y228.99 E1547.89065
G1 X199.812 Y229.013 E1547.91132
G1 X196.681 Y229.013 E1548.1196
G1 X196.68 Y218.593 E1548.81274
G1 X196.651 Y218.201 E1548.83889
G1 X196.589 Y217.838 E1548.86338
G1 X196.487 Y217.453 E1548.88988
G1 X196.375 Y217.138 E1548.91212
G1 X196.191 Y216.743 E1548.9411
G1 X195.961 Y216.361 E1548.97076
G1 X195.675 Y215.987 E1549.00208
G1 X195.613 Y215.918 E1549.00825
G1 X195.592 Y215.694 E1549.02322
G1 X194.99 Y215.348 E1549.06941
G1 X194.736 Y215.167 E1549.09015
G1 F1500 E1548.09015
G0 F9000 X196.01 Y213.681
G0 X197.287 Y211.84
G0 X197.759 Y210.885
;TYPE:WALL-OUTER
G1 F1500 E1549.11676
G1 F2400 X197.476 Y210.771 E1549.13706
G1 X197.18 Y210.697 E1549.15735
G1 X196.91 Y210.667 E1549.17542
G1 X196.759 Y210.665 E1549.18547
G1 X196.344 Y210.712 E1549.21325
G1 X196.079 Y210.786 E1549.23156
G1 X195.796 Y210.907 E1549.25203
G1 X195.539 Y211.062 E1549.27199
G1 X195.266 Y211.287 E1549.29553
G1 X195.066 Y211.51 E1549.31545
G1 X194.873 Y211.801 E1549.33868
G1 X194.744 Y212.08 E1549.35913
G1 X194.663 Y212.339 E1549.37718
G1 X194.611 Y212.638 E1549.39737
G1 X194.6 Y212.906 E1549.41521
G1 X194.621 Y213.181 E1549.43356
G1 X194.686 Y213.476 E1549.45365
G1 X194.791 Y213.765 E1549.4741
G1 X194.977 Y214.098 E1549.49948
G1 X195.143 Y214.314 E1549.5176
G1 X195.388 Y214.553 E1549.54036
G1 X195.606 Y214.714 E1549.55839
G1 X195.84 Y214.845 E1549.57623
G1 X196.123 Y214.959 E1549.59653
G1 X196.419 Y215.033 E1549.61682
G1 X196.689 Y215.063 E1549.63489
G1 X196.957 Y215.06 E1549.65272
G1 X197.255 Y215.018 E1549.67274
G1 X197.52 Y214.944 E1549.69104
G1 X197.803 Y214.823 E1549.71152
G1 X198.06 Y214.668 E1549.73148
G1 X198.333 Y214.443 E1549.75501
G1 X198.533 Y214.22 E1549.77494
G1 X198.726 Y213.929 E1549.79817
G1 X198.855 Y213.65 E1549.81862
G1 X198.936 Y213.391 E1549.83667
G1 X198.988 Y213.092 E1549.85686
G1 X198.999 Y212.824 E1549.8747
G1 X198.978 Y212.549 E1549.89304
G1 X198.913 Y212.254 E1549.91314
G1 X198.808 Y211.965 E1549.93359
G1 X198.622 Y211.632 E1549.95896
G1 X198.456 Y211.416 E1549.97709
G1 X198.211 Y211.177 E1549.99985
G1 X197.993 Y211.016 E1550.01788
G1 X197.759 Y210.885 E1550.03572
G0 F9000 X198.139 Y210.092
G1 F1500 E1549.03572
G0 F9000 X197.142 Y211.783
G0 X103.989 Y212.048
G0 X105.65 Y209.955
;TYPE:WALL-INNER
G1 F1500 E1550.06233
G1 F2400 X105.264 Y209.67 E1550.09425
G1 X104.853 Y209.439 E1550.12561
G1 X104.373 Y209.245 E1550.16005
G1 X103.864 Y209.119 E1550.19493
G1 X103.412 Y209.069 E1550.22518
G1 X103.081 Y209.063 E1550.2472
G1 X102.437 Y209.136 E1550.29031
G1 X101.948 Y209.274 E1550.32411
G1 X101.466 Y209.479 E1550.35895
G1 X101.013 Y209.753 E1550.39417
G1 X100.557 Y210.129 E1550.43349
G1 X100.198 Y210.528 E1550.46919
G1 X99.874 Y211.019 E1550.50832
G1 X99.649 Y211.503 E1550.53763
G1 X99.506 Y211.961 E1550.55324
G1 X99.414 Y212.492 E1550.57033
G1 X99.406 Y213.178 E1550.57287
G1 X99.492 Y213.712 E1550.58416
G1 X99.632 Y214.184 E1550.60177
G1 X99.874 Y214.712 E1550.6404
G1 X100.198 Y215.202 E1550.67948
G1 X100.556 Y215.602 E1550.71519
G1 X100.964 Y215.942 E1550.75052
G1 X101.363 Y216.195 E1550.78194
G1 X101.788 Y216.396 E1550.81322
G1 X102.286 Y216.559 E1550.84807
G1 X102.801 Y216.647 E1550.88283
G1 X103.295 Y216.669 E1550.91572
G1 X103.964 Y216.594 E1550.9605
G1 X104.453 Y216.456 E1550.9943
G1 X104.935 Y216.251 E1551.02914
G1 X105.388 Y215.977 E1551.06436
G1 X105.844 Y215.601 E1551.10368
G1 X106.203 Y215.202 E1551.13938
G1 X106.527 Y214.711 E1551.17851
G1 X106.752 Y214.227 E1551.21402
G1 X106.895 Y213.769 E1551.24593
G1 X106.983 Y213.262 E1551.28016
G1 X107.002 Y212.796 E1551.31119
G1 X106.965 Y212.315 E1551.34328
G1 X106.854 Y211.807 E1551.37787
G1 X106.669 Y211.297 E1551.41396
G1 X106.363 Y210.75 E1551.45565
G1 X106.057 Y210.35 E1551.48915
G1 X105.65 Y209.955 E1551.52688
G0 F9000 X105.131 Y210.566
G1 F2400 X104.829 Y210.343 E1551.55185
G1 X104.506 Y210.162 E1551.57648
G1 X104.125 Y210.008 E1551.60382
G1 X103.723 Y209.908 E1551.63137
G1 X103.361 Y209.868 E1551.6556
G1 X103.12 Y209.864 E1551.67163
G1 X102.591 Y209.924 E1551.70705
G1 X102.214 Y210.03 E1551.7331
G1 X101.831 Y210.193 E1551.76079
G1 X101.477 Y210.407 E1551.7883
G1 X101.112 Y210.708 E1551.81978
G1 X100.833 Y211.019 E1551.84757
G1 X100.574 Y211.41 E1551.87877
G1 X100.397 Y211.792 E1551.90677
G1 X100.285 Y212.15 E1551.93172
G1 X100.213 Y212.565 E1551.95974
G1 X100.207 Y213.118 E1551.99653
G1 X100.274 Y213.534 E1552.02456
G1 X100.383 Y213.903 E1552.05015
G1 X100.575 Y214.322 E1552.08081
G1 X100.833 Y214.712 E1552.11192
G1 X101.113 Y215.025 E1552.13985
G1 X101.436 Y215.294 E1552.16782
G1 X101.75 Y215.493 E1552.19255
G1 X102.084 Y215.651 E1552.21712
G1 X102.479 Y215.78 E1552.24476
G1 X102.887 Y215.85 E1552.2723
G1 X103.268 Y215.867 E1552.29767
G1 X103.81 Y215.806 E1552.33395
G1 X104.187 Y215.7 E1552.36
G1 X104.57 Y215.537 E1552.38769
G1 X104.924 Y215.323 E1552.41521
G1 X105.289 Y215.022 E1552.44668
G1 X105.568 Y214.711 E1552.47447
G1 X105.827 Y214.32 E1552.50567
G1 X106.004 Y213.938 E1552.53368
G1 X106.116 Y213.58 E1552.55863
G1 X106.186 Y213.177 E1552.58584
G1 X106.201 Y212.81 E1552.61027
G1 X106.172 Y212.432 E1552.63549
G1 X106.084 Y212.03 E1552.66286
G1 X105.939 Y211.631 E1552.6911
G1 X105.693 Y211.191 E1552.72464
G1 X105.457 Y210.883 E1552.75045
G1 X105.131 Y210.566 E1552.7807
G0 F9000 X104.612 Y211.177
;TYPE:WALL-OUTER
G1 F2400 X104.394 Y211.016 E1552.79872
G1 X104.16 Y210.885 E1552.81656
G1 X103.877 Y210.771 E1552.83686
G1 X103.581 Y210.697 E1552.85715
G1 X103.311 Y210.667 E1552.87522
G1 X103.16 Y210.665 E1552.88527
G1 X102.745 Y210.712 E1552.91305
G1 X102.48 Y210.786 E1552.93135
G1 X102.197 Y210.907 E1552.95183
G1 X101.94 Y211.062 E1552.97179
G1 X101.667 Y211.287 E1552.99532
G1 X101.467 Y211.51 E1553.01525
G1 X101.274 Y211.801 E1553.03848
G1 X101.145 Y212.08 E1553.05893
G1 X101.064 Y212.339 E1553.07698
G1 X101.012 Y212.638 E1553.09717
G1 X101.008 Y213.058 E1553.12511
G1 X101.056 Y213.357 E1553.14525
G1 X101.134 Y213.622 E1553.16363
G1 X101.276 Y213.932 E1553.18631
G1 X101.468 Y214.221 E1553.20939
G1 X101.671 Y214.448 E1553.22964
G1 X101.908 Y214.646 E1553.25019
G1 X102.137 Y214.791 E1553.26822
G1 X102.38 Y214.906 E1553.2861
G1 X102.672 Y215.001 E1553.30653
G1 X102.973 Y215.053 E1553.32685
G1 X103.241 Y215.065 E1553.34469
G1 X103.656 Y215.018 E1553.37247
G1 X103.921 Y214.944 E1553.39078
G1 X104.204 Y214.823 E1553.41125
G1 X104.461 Y214.668 E1553.43121
G1 X104.734 Y214.443 E1553.45475
G1 X104.934 Y214.22 E1553.47467
G1 X105.127 Y213.929 E1553.4979
G1 X105.256 Y213.65 E1553.51835
G1 X105.337 Y213.391 E1553.5364
G1 X105.389 Y213.092 E1553.55659
G1 X105.4 Y212.824 E1553.57443
G1 X105.379 Y212.549 E1553.59278
G1 X105.314 Y212.254 E1553.61287
G1 X105.209 Y211.965 E1553.63332
G1 X105.023 Y211.632 E1553.6587
G1 X104.857 Y211.416 E1553.67682
G1 X104.612 Y211.177 E1553.69959
G0 F9000 X105.182 Y210.507
G1 F1500 E1552.69959
G0 F9000 X103.868 Y211.947
G0 X104.292 Y92.537
G0 X106.669 Y91.282
;TYPE:WALL-INNER
G1 F1500 E1553.72619
G1 F2400 X106.363 Y90.735 E1553.76789
G1 X106.057 Y90.335 E1553.80139
G1 X105.65 Y89.94 E1553.83912
G1 X105.264 Y89.655 E1553.87103
G1 X104.853 Y89.424 E1553.9024
G1 X104.373 Y89.23 E1553.93683
G1 X103.864 Y89.104 E1553.97172
G1 X103.412 Y89.054 E1554.00197
G1 X103.081 Y89.048 E1554.02399
G1 X102.437 Y89.121 E1554.0671
G1 X101.948 Y89.259 E1554.1009
G1 X101.466 Y89.464 E1554.13574
G1 X101.013 Y89.738 E1554.17096
G1 X100.557 Y90.114 E1554.21027
G1 X100.198 Y90.513 E1554.24598
G1 X99.874 Y91.004 E1554.28511
G1 X99.649 Y91.488 E1554.31442
G1 X99.506 Y91.946 E1554.33003
G1 X99.414 Y92.477 E1554.34712
G1 X99.406 Y93.163 E1554.36277
G1 X99.492 Y93.697 E1554.37406
G1 X99.632 Y94.169 E1554.39167
G1 X99.874 Y94.697 E1554.4303
G1 X100.198 Y95.187 E1554.46938
G1 X100.556 Y95.587 E1554.50509
G1 X100.964 Y95.927 E1554.54042
G1 X101.363 Y96.18 E1554.57184
G1 X101.788 Y96.381 E1554.60312
G1 X102.286 Y96.544 E1554.63797
G1 X102.801 Y96.632 E1554.67273
G1 X103.295 Y96.654 E1554.70562
G1 X103.964 Y96.579 E1554.7504
G1 X104.453 Y96.441 E1554.7842
G1 X104.935 Y96.236 E1554.81904
G1 X105.388 Y95.962 E1554.85426
G1 X105.844 Y95.586 E1554.89358
G1 X106.203 Y95.187 E1554.92928
G1 X106.527 Y94.696 E1554.96841
G1 X106.752 Y94.212 E1555.00392
G1 X106.895 Y93.754 E1555.03583
G1 X106.983 Y93.247 E1555.07006
G1 X107.002 Y92.781 E1555.10109
G1 X106.965 Y92.3 E1555.13318
G1 X106.854 Y91.792 E1555.16777
G1 X106.669 Y91.282 E1555.20386
G0 F9000 X105.939 Y91.616
G1 F2400 X105.693 Y91.176 E1555.23739
G1 X105.457 Y90.868 E1555.2632
G1 X105.131 Y90.551 E1555.29345
G1 X104.829 Y90.328 E1555.31842
G1 X104.506 Y90.147 E1555.34305
G1 X104.125 Y89.993 E1555.37039
G1 X103.723 Y89.893 E1555.39794
G1 X103.361 Y89.853 E1555.42217
G1 X103.12 Y89.849 E1555.4382
G1 X102.591 Y89.909 E1555.47362
G1 X102.214 Y90.015 E1555.49967
G1 X101.831 Y90.178 E1555.52736
G1 X101.477 Y90.392 E1555.55487
G1 X101.112 Y90.693 E1555.58634
G1 X100.833 Y91.004 E1555.61414
G1 X100.574 Y91.395 E1555.64533
G1 X100.397 Y91.777 E1555.67334
G1 X100.285 Y92.135 E1555.69829
G1 X100.213 Y92.55 E1555.72631
G1 X100.207 Y93.103 E1555.7631
G1 X100.274 Y93.519 E1555.79113
G1 X100.383 Y93.888 E1555.81672
G1 X100.575 Y94.307 E1555.84738
G1 X100.833 Y94.697 E1555.87849
G1 X101.113 Y95.01 E1555.90642
G1 X101.436 Y95.279 E1555.93439
G1 X101.75 Y95.478 E1555.95911
G1 X102.084 Y95.636 E1555.98369
G1 X102.479 Y95.765 E1556.01133
G1 X102.887 Y95.835 E1556.03887
G1 X103.268 Y95.852 E1556.06424
G1 X103.81 Y95.791 E1556.10052
G1 X104.187 Y95.685 E1556.12657
G1 X104.57 Y95.522 E1556.15426
G1 X104.924 Y95.308 E1556.18178
G1 X105.289 Y95.007 E1556.21325
G1 X105.568 Y94.696 E1556.24104
G1 X105.827 Y94.305 E1556.27224
G1 X106.004 Y93.923 E1556.30024
G1 X106.116 Y93.565 E1556.3252
G1 X106.186 Y93.162 E1556.35241
G1 X106.201 Y92.795 E1556.37684
G1 X106.172 Y92.417 E1556.40206
G1 X106.084 Y92.015 E1556.42943
G1 X105.939 Y91.616 E1556.45767
G0 F9000 X105.209 Y91.95
;TYPE:WALL-OUTER
G1 F2400 X105.023 Y91.617 E1556.48305
G1 X104.857 Y91.401 E1556.50117
G1 X104.612 Y91.162 E1556.52393
G1 X104.394 Y91.001 E1556.54196
G1 X104.16 Y90.87 E1556.5598
G1 X103.877 Y90.756 E1556.5801
G1 X103.581 Y90.682 E1556.60039
G1 X103.311 Y90.652 E1556.61846
G1 X103.16 Y90.65 E1556.62851
G1 X102.745 Y90.697 E1556.65629
G1 X102.48 Y90.771 E1556.67459
G1 X102.197 Y90.892 E1556.69507
G1 X101.94 Y91.047 E1556.71503
G1 X101.667 Y91.272 E1556.73856
G1 X101.467 Y91.495 E1556.75849
G1 X101.274 Y91.786 E1556.78172
G1 X101.145 Y92.065 E1556.80216
G1 X101.064 Y92.324 E1556.82022
G1 X101.012 Y92.623 E1556.8404
G1 X101.008 Y93.043 E1556.86834
G1 X101.056 Y93.342 E1556.88849
G1 X101.134 Y93.607 E1556.90686
G1 X101.276 Y93.917 E1556.92955
G1 X101.468 Y94.206 E1556.95263
G1 X101.671 Y94.433 E1556.97288
G1 X101.908 Y94.631 E1556.99343
G1 X102.137 Y94.776 E1557.01146
G1 X102.38 Y94.891 E1557.02934
G1 X102.672 Y94.986 E1557.04977
G1 X102.973 Y95.038 E1557.07008
G1 X103.241 Y95.05 E1557.08793
G1 X103.656 Y95.003 E1557.11571
G1 X103.921 Y94.929 E1557.13401
G1 X104.204 Y94.808 E1557.15449
G1 X104.461 Y94.653 E1557.17445
G1 X104.734 Y94.428 E1557.19799
G1 X104.934 Y94.205 E1557.21791
G1 X105.127 Y93.914 E1557.24114
G1 X105.256 Y93.635 E1557.26159
G1 X105.337 Y93.376 E1557.27964
G1 X105.389 Y93.077 E1557.29983
G1 X105.4 Y92.809 E1557.31767
G1 X105.379 Y92.534 E1557.33602
G1 X105.314 Y92.239 E1557.35611
G1 X105.209 Y91.95 E1557.37656
G0 F9000 X106.009 Y91.585
G1 F1500 E1556.37656
G0 F9000 X104.265 Y92.455
G0 X197.588 Y92.033
G0 X199.656 Y90.335
;TYPE:WALL-INNER
G1 F1500 E1557.40317
G1 F2400 X199.249 Y89.94 E1557.4409
G1 X198.863 Y89.655 E1557.47282
G1 X198.452 Y89.424 E1557.50418
G1 X197.972 Y89.23 E1557.53862
G1 X197.463 Y89.104 E1557.5735
G1 X197.011 Y89.054 E1557.60375
G1 X196.68 Y89.048 E1557.62577
G1 X196.036 Y89.121 E1557.66888
G1 X195.547 Y89.259 E1557.70268
G1 X195.065 Y89.464 E1557.73753
G1 X194.612 Y89.738 E1557.77274
G1 X194.156 Y90.114 E1557.81206
G1 X193.797 Y90.513 E1557.84776
G1 X193.473 Y91.004 E1557.88689
G1 X193.248 Y91.488 E1557.9224
G1 X193.105 Y91.946 E1557.95431
G1 X193.017 Y92.453 E1557.98854
G1 X192.998 Y92.919 E1558.01957
G1 X193.035 Y93.4 E1558.05166
G1 X193.146 Y93.908 E1558.08625
G1 X193.331 Y94.418 E1558.12234
G1 X193.637 Y94.965 E1558.16403
G1 X193.943 Y95.365 E1558.19753
G1 X194.35 Y95.76 E1558.23526
G1 X194.736 Y96.045 E1558.26718
G1 X195.147 Y96.276 E1558.29854
G1 X195.627 Y96.47 E1558.33298
G1 X196.136 Y96.596 E1558.36786
G1 X196.609 Y96.648 E1558.39951
G1 X197.078 Y96.643 E1558.43071
G1 X197.583 Y96.573 E1558.46463
G1 X198.052 Y96.441 E1558.49704
G1 X198.534 Y96.236 E1558.53188
G1 X198.987 Y95.962 E1558.5671
G1 X199.443 Y95.586 E1558.60641
G1 X199.802 Y95.187 E1558.64211
G1 X200.126 Y94.696 E1558.68125
G1 X200.351 Y94.212 E1558.71056
G1 X200.494 Y93.754 E1558.72616
G1 X200.582 Y93.247 E1558.73841
G1 X200.601 Y92.781 E1558.74596
G1 X200.564 Y92.3 E1558.75435
G1 X200.453 Y91.792 E1558.76862
G1 X200.268 Y91.282 E1558.80471
G1 X199.962 Y90.735 E1558.8464
G1 X199.656 Y90.335 E1558.87991
G0 F9000 X199.056 Y90.868
G1 F2400 X198.73 Y90.551 E1558.91015
G1 X198.428 Y90.328 E1558.93513
G1 X198.105 Y90.147 E1558.95976
G1 X197.724 Y89.993 E1558.98709
G1 X197.322 Y89.893 E1559.01465
G1 X196.96 Y89.853 E1559.03887
G1 X196.719 Y89.849 E1559.05491
G1 X196.19 Y89.909 E1559.09032
G1 X195.813 Y90.015 E1559.11637
G1 X195.43 Y90.178 E1559.14406
G1 X195.076 Y90.392 E1559.17158
G1 X194.711 Y90.693 E1559.20305
G1 X194.432 Y91.004 E1559.23084
G1 X194.173 Y91.395 E1559.26204
G1 X193.996 Y91.777 E1559.29005
G1 X193.884 Y92.135 E1559.315
G1 X193.814 Y92.538 E1559.34221
G1 X193.799 Y92.905 E1559.36664
G1 X193.828 Y93.283 E1559.39186
G1 X193.916 Y93.685 E1559.41923
G1 X194.061 Y94.084 E1559.44747
G1 X194.307 Y94.524 E1559.48101
G1 X194.543 Y94.832 E1559.50682
G1 X194.869 Y95.149 E1559.53707
G1 X195.171 Y95.372 E1559.56204
G1 X195.494 Y95.553 E1559.58667
G1 X195.875 Y95.707 E1559.614
G1 X196.277 Y95.807 E1559.64156
G1 X196.649 Y95.848 E1559.66646
G1 X197.018 Y95.844 E1559.691
G1 X197.419 Y95.788 E1559.71794
G1 X197.786 Y95.685 E1559.74329
G1 X198.169 Y95.522 E1559.77098
G1 X198.523 Y95.308 E1559.7985
G1 X198.888 Y95.007 E1559.82997
G1 X199.167 Y94.696 E1559.85776
G1 X199.426 Y94.305 E1559.88896
G1 X199.603 Y93.923 E1559.91697
G1 X199.715 Y93.565 E1559.94192
G1 X199.785 Y93.162 E1559.96913
G1 X199.8 Y92.795 E1559.99356
G1 X199.771 Y92.417 E1560.01878
G1 X199.683 Y92.015 E1560.04615
G1 X199.538 Y91.616 E1560.07439
G1 X199.292 Y91.176 E1560.10793
G1 X199.056 Y90.868 E1560.13374
G0 F9000 X198.456 Y91.401
;TYPE:WALL-OUTER
G1 F2400 X198.211 Y91.162 E1560.1565
G1 X197.993 Y91.001 E1560.17453
G1 X197.759 Y90.87 E1560.19237
G1 X197.476 Y90.756 E1560.21267
G1 X197.18 Y90.682 E1560.23296
G1 X196.91 Y90.652 E1560.25103
G1 X196.759 Y90.65 E1560.26108
G1 X196.344 Y90.697 E1560.28886
G1 X196.079 Y90.771 E1560.30716
G1 X195.796 Y90.892 E1560.32764
G1 X195.539 Y91.047 E1560.3476
G1 X195.266 Y91.272 E1560.37113
G1 X195.066 Y91.495 E1560.39106
G1 X194.873 Y91.786 E1560.41429
G1 X194.744 Y92.065 E1560.43474
G1 X194.663 Y92.324 E1560.45279
G1 X194.611 Y92.623 E1560.47297
G1 X194.6 Y92.891 E1560.49082
G1 X194.621 Y93.166 E1560.50916
G1 X194.686 Y93.461 E1560.52926
G1 X194.791 Y93.75 E1560.54971
G1 X194.977 Y94.083 E1560.57508
G1 X195.143 Y94.299 E1560.59321
G1 X195.388 Y94.538 E1560.61597
G1 X195.606 Y94.699 E1560.634
G1 X195.84 Y94.83 E1560.65184
G1 X196.123 Y94.944 E1560.67213
G1 X196.419 Y95.018 E1560.69243
G1 X196.689 Y95.048 E1560.7105
G1 X196.957 Y95.045 E1560.72833
G1 X197.255 Y95.003 E1560.74835
G1 X197.52 Y94.929 E1560.76665
G1 X197.803 Y94.808 E1560.78713
G1 X198.06 Y94.653 E1560.80709
G1 X198.333 Y94.428 E1560.83062
G1 X198.533 Y94.205 E1560.85055
G1 X198.726 Y93.914 E1560.87378
G1 X198.855 Y93.635 E1560.89422
G1 X198.936 Y93.376 E1560.91228
G1 X198.988 Y93.077 E1560.93246
G1 X198.999 Y92.809 E1560.95031
G1 X198.978 Y92.534 E1560.96865
G1 X198.913 Y92.239 E1560.98875
G1 X198.808 Y91.95 E1561.0092
G1 X198.622 Y91.617 E1561.03457
G1 X198.456 Y91.401 E1561.05269
G0 F9000 X199.113 Y90.817
G1 F1500 E1560.05269
G0 F9000 X197.733 Y92.204
G0 X196.855 Y211.731
G0 X196.96 Y209.868
;TYPE:WALL-INNER
G1 F1500 E1561.0793
G1 F2400 X196.719 Y209.864 E1561.09534
G1 X196.19 Y209.924 E1561.13075
G1 X195.813 Y210.03 E1561.1568
G1 X195.43 Y210.193 E1561.18449
G1 X195.076 Y210.407 E1561.21201
G1 X194.711 Y210.708 E1561.24348
G1 X194.432 Y211.019 E1561.27127
G1 X194.173 Y211.41 E1561.30247
G1 X193.996 Y211.792 E1561.33047
G1 X193.884 Y212.15 E1561.35543
G1 X193.814 Y212.553 E1561.38264
G1 X193.799 Y212.92 E1561.40707
G1 X193.828 Y213.298 E1561.43229
G1 X193.916 Y213.7 E1561.45966
G1 X194.061 Y214.099 E1561.4879
G1 X194.307 Y214.539 E1561.51196
G1 X194.543 Y214.847 E1561.51924
G1 X194.869 Y215.164 E1561.5291
G1 X195.171 Y215.387 E1561.54118
G1 X195.494 Y215.568
G1 X195.875 Y215.722 E1561.55573
G1 X196.277 Y215.822 E1561.57212
G1 X196.649 Y215.863 E1561.59702
G1 X197.018 Y215.859 E1561.62157
G1 X197.419 Y215.803 E1561.6485
G1 X197.786 Y215.7 E1561.67386
G1 X198.169 Y215.537 E1561.70154
G1 X198.523 Y215.323 E1561.72906
G1 X198.888 Y215.022 E1561.76053
G1 X199.167 Y214.711 E1561.78832
G1 X199.426 Y214.32 E1561.81952
G1 X199.603 Y213.938 E1561.84753
G1 X199.715 Y213.58 E1561.87248
G1 X199.785 Y213.177 E1561.89969
G1 X199.8 Y212.81 E1561.92412
G1 X199.771 Y212.432 E1561.94934
G1 X199.683 Y212.03 E1561.97672
G1 X199.538 Y211.631 E1562.00496
G1 X199.292 Y211.191 E1562.03849
G1 X199.056 Y210.883 E1562.0643
G1 X198.73 Y210.566 E1562.09455
G1 X198.428 Y210.343 E1562.11952
G1 X198.105 Y210.162 E1562.14415
G1 X197.724 Y210.008 E1562.17149
G1 X197.322 Y209.908 E1562.19904
G1 X196.96 Y209.868 E1562.22327
G1 F1500 E1561.22327
G0 F9000 X196.855 Y211.731
G0 X203.208 Y71.333
G0 X202.048 Y71.409
;TYPE:WALL-OUTER
G1 F1500 E1562.24988
G1 F2400 X202.229 Y71.751 E1562.27562
G1 X202.334 Y72.039 E1562.29601
G1 X202.396 Y72.289 E1562.31314
G1 X202.435 Y72.572 E1562.33215
G1 X202.445 Y72.787 E1562.34646
G1 X202.444 Y227.287 E1572.62384
G1 X202.423 Y227.554 E1572.64166
G1 X202.345 Y227.923 E1572.66675
G1 X202.234 Y228.239 E1572.68903
G1 X202.088 Y228.528 E1572.71057
G1 X201.937 Y228.757 E1572.72881
G1 X201.774 Y228.956 E1572.74592
G1 X201.59 Y229.139 E1572.76319
G1 X201.494 Y229.222 E1572.77163
G1 X201.275 Y229.383 E1572.78971
G1 X201.058 Y229.512 E1572.8065
G1 X200.767 Y229.644 E1572.82776
G1 X200.52 Y229.724 E1572.84503
G1 X200.243 Y229.782 E1572.86386
G1 X199.98 Y229.809 E1572.88144
G1 X199.834 Y229.813 E1572.89116
G1 X195.881 Y229.813 E1573.15411
G1 X195.88 Y218.623 E1573.89847
G1 X195.856 Y218.299 E1573.92009
G1 X195.806 Y218.008 E1573.93973
G1 X195.722 Y217.689 E1573.96167
G1 X195.634 Y217.441 E1573.97917
G1 X195.484 Y217.119 E1574.0028
G1 X195.299 Y216.812 E1574.02665
G1 X195.058 Y216.497 E1574.05303
G1 X194.842 Y216.255 E1574.07461
G1 X194.835 Y216.182 E1574.07949
G1 X194.56 Y216.024 E1574.10058
G1 X194.306 Y215.843 E1574.12133
G1 X194.085 Y215.718 E1574.13822
G1 X193.75 Y215.543 E1574.16336
G1 X193.361 Y215.431 E1574.19029
G1 X193.012 Y215.357 E1574.21402
G1 X192.716 Y215.323 E1574.23384
G1 X192.542 Y215.315 E1574.24543
G1 X186.36 Y215.316 E1574.65666
G1 X186.006 Y215.348 E1574.6803
G1 X185.711 Y215.402 E1574.70025
G1 X185.369 Y215.5 E1574.72392
G1 X185.011 Y215.647 E1574.74966
G1 X184.677 Y215.83 E1574.77499
G1 X184.386 Y216.035 E1574.79867
G1 X184.159 Y216.229 E1574.81853
G1 X183.93 Y216.463 E1574.84031
G1 X183.727 Y216.716 E1574.86189
G1 X183.562 Y216.965 E1574.88176
G1 X183.397 Y217.277 E1574.90524
G1 X183.263 Y217.608 E1574.92899
G1 X183.152 Y218.007 E1574.95654
G1 X183.096 Y218.357 E1574.98012
G1 X183.078 Y218.685 E1575.00197
G1 X183.078 Y229.813 E1575.74221
G1 X159.908 Y229.813 E1577.28349
G1 X159.907 Y214.441 E1578.30603
G1 X159.883 Y214.117 E1578.32765
G1 X159.834 Y213.823 E1578.34747
G1 X159.742 Y213.482 E1578.37097
G1 X159.638 Y213.204 E1578.39071
G1 X159.466 Y212.856 E1578.41653
G1 X159.294 Y212.582 E1578.43805
G1 X159.074 Y212.302 E1578.46174
G1 X158.89 Y212.106 E1578.47962
G1 X158.647 Y211.89 E1578.50125
G1 X158.381 Y211.695 E1578.52319
G1 X158.051 Y211.503 E1578.54859
G1 X157.781 Y211.38 E1578.56832
G1 X157.415 Y211.256 E1578.59403
G1 X157.039 Y211.174 E1578.61963
G1 X156.626 Y211.134 E1578.64723
G1 X146.65 Y211.133 E1579.31084
G1 X146.327 Y211.158 E1579.33239
G1 X145.976 Y211.219 E1579.35609
G1 X145.604 Y211.328 E1579.38187
G1 X145.251 Y211.476 E1579.40733
G1 X144.938 Y211.65 E1579.43116
G1 X144.604 Y211.888 E1579.45844
G1 X144.356 Y212.11 E1579.48058
G1 X144.137 Y212.347 E1579.50204
G1 X143.923 Y212.632 E1579.52575
G1 X143.739 Y212.937 E1579.54945
G1 X143.589 Y213.261 E1579.5732
G1 X143.474 Y213.594 E1579.59663
G1 X143.399 Y213.915 E1579.61856
G1 X143.353 Y214.267 E1579.64217
G1 X143.342 Y214.529 E1579.65962
G1 X143.342 Y229.813 E1580.67631
G1 X100.081 Y229.813 E1583.55405
G1 X99.815 Y229.792 E1583.5718
G1 X99.474 Y229.723 E1583.59494
G1 X99.21 Y229.635 E1583.61345
G1 X98.9 Y229.49 E1583.63622
G1 X98.678 Y229.352 E1583.6536
G1 X98.446 Y229.172 E1583.67314
G1 X98.233 Y228.964 E1583.69294
G1 X97.999 Y228.666 E1583.71815
G1 X97.856 Y228.425 E1583.73679
G1 X97.708 Y228.091 E1583.76109
G1 X97.634 Y227.846 E1583.77811
G1 X97.569 Y227.476 E1583.8031
G1 X97.555 Y227.213 E1583.82062
G1 X97.556 Y72.713 E1594.098
G1 X97.607 Y72.274 E1594.1274
G1 X97.675 Y72.006 E1594.14579
G1 X97.798 Y71.691 E1594.16829
G1 X97.934 Y71.435 E1594.18757
G1 X98.088 Y71.21 E1594.20571
G1 X98.269 Y70.998 E1594.22425
G1 X98.465 Y70.811 E1594.24227
G1 X98.734 Y70.611 E1594.26457
G1 X99.065 Y70.428 E1594.28973
G1 X99.315 Y70.327 E1594.30767
G1 X99.58 Y70.251 E1594.326
G1 X99.852 Y70.205 E1594.34435
G1 X100.142 Y70.187 E1594.36368
G1 X199.912 Y70.187 E1601.00041
G1 X200.276 Y70.223 E1601.02474
G1 X200.663 Y70.319 E1601.05126
G1 X201 Y70.457 E1601.07549
G1 X201.229 Y70.587 E1601.09301
G1 X201.438 Y70.733 E1601.10996
G1 X201.642 Y70.909 E1601.12789
G1 X201.834 Y71.113 E1601.14652
G1 X202.048 Y71.409 E1601.17082
G0 F9000 X201.301 Y71.873
G0 X200.008 Y72.681
;TYPE:SKIN
G1 F2100 X200.055 Y72.916 E1601.18676
G1 X200.055 Y89.622 E1602.29805
G1 X199.761 Y89.336 E1602.32533
G1 X199.293 Y88.99 E1602.36405
G1 X198.795 Y88.711 E1602.40202
G1 X198.217 Y88.477 E1602.4435
G1 X197.602 Y88.324 E1602.48566
G1 X197.062 Y88.264 E1602.5218
G1 X196.642 Y88.258 E1602.54974
G1 X195.884 Y88.343 E1602.60048
G1 X195.284 Y88.512 E1602.64194
G1 X194.704 Y88.759 E1602.68388
G1 X194.154 Y89.092 E1602.72665
G1 X193.608 Y89.542 E1602.77371
G1 X193.171 Y90.029 E1602.81724
G1 X192.782 Y90.617 E1602.86414
G1 X192.509 Y91.202 E1602.90708
G1 X192.335 Y91.76 E1602.94596
G1 X192.229 Y92.368 E1602.98702
G1 X192.206 Y92.933 E1603.02463
G1 X192.251 Y93.515 E1603.06346
G1 X192.386 Y94.128 E1603.10522
G1 X192.61 Y94.748 E1603.14907
G1 X192.975 Y95.4 E1603.19877
G1 X193.351 Y95.891 E1603.23991
G1 X193.838 Y96.364 E1603.28507
G1 X194.306 Y96.71 E1603.32379
G1 X194.804 Y96.989 E1603.36176
G1 X195.382 Y97.223 E1603.40324
G1 X195.998 Y97.376 E1603.44546
G1 X196.57 Y97.438 E1603.48373
G1 X197.137 Y97.433 E1603.52145
G1 X197.745 Y97.348 E1603.56229
G1 X198.314 Y97.188 E1603.60161
G1 X198.895 Y96.941 E1603.6436
G1 X199.445 Y96.608 E1603.68637
G1 X199.991 Y96.158 E1603.73344
G1 X200.055 Y96.087 E1603.7398
G1 X200.054 Y209.636 E1611.29311
G1 X199.761 Y209.351 E1611.3203
G1 X199.293 Y209.005 E1611.35901
G1 X198.795 Y208.726 E1611.39698
G1 X198.217 Y208.492 E1611.43846
G1 X197.602 Y208.339 E1611.48062
G1 X197.062 Y208.279 E1611.51676
G1 X196.642 Y208.273 E1611.5447
G1 X195.884 Y208.358 E1611.59544
G1 X195.284 Y208.527 E1611.63691
G1 X194.704 Y208.774 E1611.67884
G1 X194.154 Y209.107 E1611.72161
G1 X193.608 Y209.557 E1611.76868
G1 X193.171 Y210.044 E1611.8122
G1 X192.782 Y210.632 E1611.8591
G1 X192.509 Y211.217 E1611.90205
G1 X192.335 Y211.775 E1611.94093
G1 X192.229 Y212.383 E1611.98198
G1 X192.207 Y212.925 E1612.01806
G1 X186.25 Y212.926 E1612.41433
G1 X185.683 Y212.978 E1612.4522
G1 X185.166 Y213.072 E1612.48716
G1 X184.583 Y213.239 E1612.5275
G1 X183.98 Y213.488 E1612.57089
G1 X183.41 Y213.799 E1612.61409
G1 X182.919 Y214.147 E1612.65412
G1 X182.526 Y214.481 E1612.68843
G1 X182.14 Y214.876 E1612.72517
G1 X181.796 Y215.304 E1612.76169
G1 X181.504 Y215.744 E1612.79682
G1 X181.228 Y216.267 E1612.83616
G1 X180.997 Y216.837 E1612.87707
G1 X180.813 Y217.495 E1612.92252
G1 X180.716 Y218.104 E1612.96354
G1 X180.688 Y218.621 E1612.99798
G1 X180.688 Y227.423 E1613.58349
G1 X162.298 Y227.423 E1614.8068
G1 X162.297 Y214.352 E1615.67629
G1 X162.259 Y213.831 E1615.71104
G1 X162.173 Y213.315 E1615.74584
G1 X162.02 Y212.75 E1615.78477
G1 X161.834 Y212.253 E1615.82007
G1 X161.555 Y211.687 E1615.86205
G1 X161.251 Y211.204 E1615.90001
G1 X160.889 Y210.744 E1615.93895
G1 X160.559 Y210.391 E1615.9711
G1 X160.149 Y210.028 E1616.00752
G1 X159.693 Y209.693 E1616.04516
G1 X159.15 Y209.377 E1616.08695
G1 X158.66 Y209.155 E1616.12274
G1 X158.055 Y208.95 E1616.16523
G1 X157.41 Y208.808 E1616.20916
G1 X156.742 Y208.744 E1616.2538
G1 X146.558 Y208.743 E1616.93124
G1 X146.028 Y208.784 E1616.96661
G1 X145.432 Y208.889 E1617.00686
G1 X144.804 Y209.072 E1617.05037
G1 X144.205 Y209.323 E1617.09358
G1 X143.659 Y209.627 E1617.13515
G1 X143.11 Y210.018 E1617.17998
G1 X142.677 Y210.405 E1617.21861
G1 X142.299 Y210.815 E1617.25571
G1 X141.94 Y211.293 E1617.29547
G1 X141.624 Y211.814 E1617.33601
G1 X141.369 Y212.367 E1617.37652
G1 X141.174 Y212.931 E1617.41621
G1 X141.045 Y213.488 E1617.45425
G1 X140.969 Y214.061 E1617.49269
G1 X140.952 Y214.479 E1617.52052
G1 X140.952 Y227.423 E1618.38156
G1 X100.241 Y227.423 E1621.08967
G1 X100.08 Y227.399 E1621.1005
G1 X99.997 Y227.333 E1621.10755
G1 X99.945 Y227.158 E1621.11969
G1 X99.945 Y216.105 E1621.85494
G1 X100.005 Y216.172 E1621.86093
G1 X100.498 Y216.582 E1621.90358
G1 X100.982 Y216.888 E1621.94167
G1 X101.496 Y217.131 E1621.97949
G1 X102.096 Y217.328 E1622.0215
G1 X102.716 Y217.434 E1622.06334
G1 X103.321 Y217.461 E1622.10362
G1 X104.116 Y217.372 E1622.15684
G1 X104.716 Y217.203 E1622.1983
G1 X105.296 Y216.956 E1622.24024
G1 X105.846 Y216.623 E1622.28301
G1 X106.392 Y216.173 E1622.33007
G1 X106.829 Y215.686 E1622.3736
G1 X107.218 Y215.098 E1622.4205
G1 X107.491 Y214.513 E1622.46344
G1 X107.665 Y213.955 E1622.50232
G1 X107.771 Y213.347 E1622.54338
G1 X107.794 Y212.782 E1622.58099
G1 X107.749 Y212.2 E1622.61982
G1 X107.614 Y211.587 E1622.66158
G1 X107.39 Y210.967 E1622.70543
G1 X107.025 Y210.315 E1622.75513
G1 X106.649 Y209.824 E1622.79627
G1 X106.162 Y209.351 E1622.84143
G1 X105.694 Y209.005 E1622.88015
G1 X105.196 Y208.726 E1622.91812
G1 X104.618 Y208.492 E1622.9596
G1 X104.003 Y208.339 E1623.00176
G1 X103.463 Y208.279 E1623.0379
G1 X103.043 Y208.273 E1623.06584
G1 X102.285 Y208.358 E1623.11658
G1 X101.685 Y208.527 E1623.15804
G1 X101.105 Y208.774 E1623.19998
G1 X100.555 Y209.107 E1623.24275
G1 X100.009 Y209.557 E1623.28981
G1 X99.945 Y209.628 E1623.29617
G1 X99.946 Y96.091 E1630.84868
G1 X100.005 Y96.157 E1630.85457
G1 X100.498 Y96.567 E1630.89722
G1 X100.982 Y96.873 E1630.93532
G1 X101.496 Y97.116 E1630.97314
G1 X102.096 Y97.313 E1631.01514
G1 X102.716 Y97.419 E1631.05698
G1 X103.321 Y97.446 E1631.09727
G1 X104.116 Y97.357 E1631.15048
G1 X104.716 Y97.188 E1631.19195
G1 X105.296 Y96.941 E1631.23388
G1 X105.846 Y96.608 E1631.27665
G1 X106.392 Y96.158 E1631.32372
G1 X106.829 Y95.671 E1631.36724
G1 X107.218 Y95.083 E1631.41414
G1 X107.491 Y94.498 E1631.45709
G1 X107.665 Y93.94 E1631.49597
G1 X107.771 Y93.332 E1631.53702
G1 X107.794 Y92.767 E1631.57464
G1 X107.749 Y92.185 E1631.61347
G1 X107.614 Y91.572 E1631.65522
G1 X107.39 Y90.952 E1631.69907
G1 X107.025 Y90.3 E1631.74878
G1 X106.649 Y89.809 E1631.78992
G1 X106.162 Y89.336 E1631.83508
G1 X105.694 Y88.99 E1631.87379
G1 X105.196 Y88.711 E1631.91176
G1 X104.618 Y88.477 E1631.95324
G1 X104.003 Y88.324 E1631.9954
G1 X103.463 Y88.264 E1632.03154
G1 X103.043 Y88.258 E1632.05948
G1 X102.285 Y88.343 E1632.11022
G1 X101.685 Y88.512 E1632.15169
G1 X101.105 Y88.759 E1632.19362
G1 X100.555 Y89.092 E1632.23639
G1 X100.009 Y89.542 E1632.28346
G1 X99.946 Y89.612 E1632.28972
G1 X99.946 Y72.899 E1633.40148
G1 X99.99 Y72.702 E1633.4149
G1 X100.115 Y72.591 E1633.42602
G1 X100.24 Y72.577 E1633.43439
G1 X199.763 Y72.577 E1640.05469
G1 X199.947 Y72.619 E1640.06724
G1 X200.008 Y72.681 E1640.07303
G1 F1500 E1639.07303
G0 F9000 X203.51 Y72.781
G0 X197.394 Y93.817
G0 X199.2 Y97.129
G1 F1500 E1640.09964
G1 F2100 X199.199 Y208.585 E1647.51372
G0 F9000 X198.399 Y208.219
G1 F2100 X198.4 Y97.495 E1654.87911
G0 F9000 X197.6 Y97.69
G1 F2100 X197.599 Y208.016 E1662.21802
G0 F9000 X196.799 Y207.954
G1 F2100 X196.8 Y97.755 E1669.54849
G0 F9000 X196 Y97.697
G1 F2100 X195.999 Y208.023 E1676.88741
G0 F9000 X195.199 Y208.218
G1 F2100 X195.2 Y97.494 E1684.2528
G0 F9000 X194.4 Y97.129
G1 F2100 X194.399 Y208.583 E1691.66675
G0 F9000 X193.599 Y209.149
G1 F2100 X193.6 Y96.578 E1699.155
G0 F9000 X192.8 Y95.696
G1 F2100 X192.799 Y210.025 E1706.7602
G0 F9000 X191.999 Y211.832
G1 F2100 X192 Y93.864 E1714.60746
G0 F9000 X192 Y91.817
G1 F2100 X192 Y72.896 E1715.86609
G0 F9000 X191.2 Y72.896
G1 F2100 X191.199 Y212.605 E1725.15957
G0 F9000 X190.399 Y212.605
G1 F2100 X190.4 Y72.896 E1734.45305
G0 F9000 X189.6 Y72.896
G1 F2100 X189.599 Y212.605 E1743.74653
G0 F9000 X188.799 Y212.605
G1 F2100 X188.8 Y72.896 E1753.04001
G0 F9000 X188 Y72.896
G1 F2100 X187.999 Y212.605 E1762.33349
G0 F9000 X187.199 Y212.605
G1 F2100 X187.2 Y72.896 E1771.62697
G0 F9000 X186.4 Y72.896
G1 F2100 X186.399 Y212.605 E1780.92045
G0 F9000 X185.599 Y212.668
G1 F2100 X185.6 Y72.896 E1790.21812
G0 F9000 X184.8 Y72.896
G1 F2100 X184.799 Y212.843 E1799.52744
G0 F9000 X183.999 Y213.134
G1 F2100 X184 Y72.896 E1808.85611
G0 F9000 X183.2 Y72.896
G1 F2100 X183.199 Y213.555 E1818.21278
G0 F9000 X182.399 Y214.168
G1 F2100 X182.4 Y72.896 E1827.61023
G0 F9000 X181.6 Y72.896
G1 F2100 X181.599 Y215.037 E1837.06549
G0 F9000 X180.799 Y216.47
G1 F2100 X180.8 Y72.896 E1846.61607
G0 F9000 X180 Y72.896
G1 F2100 X179.999 Y227.102 E1856.8739
G0 F9000 X179.199 Y227.102
G1 F2100 X179.2 Y72.896 E1867.13172
G0 F9000 X178.4 Y72.896
G1 F2100 X178.399 Y227.102 E1877.38955
G0 F9000 X177.599 Y227.102
G1 F2100 X177.6 Y72.896 E1887.64737
G0 F9000 X176.8 Y72.896
G1 F2100 X176.799 Y227.102 E1897.9052
G0 F9000 X175.999 Y227.102
G1 F2100 X176 Y72.896 E1908.16302
G0 F9000 X175.2 Y72.896
G1 F2100 X175.199 Y227.102 E1918.42084
G0 F9000 X174.399 Y227.102
G1 F2100 X174.4 Y72.896 E1928.67867
G0 F9000 X173.6 Y72.896
G1 F2100 X173.599 Y227.102 E1938.93649
G0 F9000 X172.799 Y227.102
G1 F2100 X172.8 Y72.896 E1949.19432
G0 F9000 X172 Y72.896
G1 F2100 X171.999 Y227.102 E1959.45214
G0 F9000 X171.199 Y227.102
G1 F2100 X171.2 Y72.896 E1969.70997
G0 F9000 X170.4 Y72.896
G1 F2100 X170.399 Y227.102 E1979.96779
G0 F9000 X169.599 Y227.102
G1 F2100 X169.6 Y72.896 E1990.22562
G0 F9000 X168.8 Y72.896
G1 F2100 X168.799 Y227.102 E2000.48344
G0 F9000 X167.999 Y227.102
G1 F2100 X168 Y72.896 E2010.74127
G0 F9000 X167.2 Y72.896
G1 F2100 X167.199 Y227.102 E2020.99909
G0 F9000 X166.399 Y227.102
G1 F2100 X166.4 Y72.896 E2031.25692
G0 F9000 X165.6 Y72.896
G1 F2100 X165.599 Y227.102 E2041.51474
G0 F9000 X164.799 Y227.102
G1 F2100 X164.8 Y72.896 E2051.77257
G0 F9000 X164 Y72.896
G1 F2100 X163.999 Y227.102 E2062.03039
G0 F9000 X163.199 Y227.102
G1 F2100 X163.2 Y72.896 E2072.28822
G0 F9000 X162.4 Y72.896
G1 F2100 X162.399 Y212.927 E2081.60312
G0 F9000 X161.599 Y211.157
G1 F2100 X161.6 Y72.896 E2090.80028
G0 F9000 X160.8 Y72.896
G1 F2100 X160.799 Y210.179 E2099.93238
G0 F9000 X159.999 Y209.52
G1 F2100 X160 Y72.896 E2109.02064
G0 F9000 X159.2 Y72.896
G1 F2100 X159.199 Y209.047 E2118.07744
G0 F9000 X158.399 Y208.728
G1 F2100 X158.4 Y72.896 E2127.11303
G0 F9000 X157.6 Y72.896
G1 F2100 X157.599 Y208.52 E2136.13477
G0 F9000 X156.799 Y208.427
G1 F2100 X156.8 Y72.896 E2145.15033
G0 F9000 X156 Y72.896
G1 F2100 X155.999 Y208.422 E2154.16556
G0 F9000 X155.199 Y208.422
G1 F2100 X155.2 Y72.896 E2163.18078
G0 F9000 X154.4 Y72.896
G1 F2100 X154.399 Y208.422 E2172.19601
G0 F9000 X153.599 Y208.422
G1 F2100 X153.6 Y72.896 E2181.21123
G0 F9000 X152.8 Y72.896
G1 F2100 X152.799 Y208.422 E2190.22646
G0 F9000 X151.999 Y208.422
G1 F2100 X152 Y72.896 E2199.24169
G0 F9000 X151.2 Y72.896
G1 F2100 X151.199 Y208.422 E2208.25691
G0 F9000 X150.399 Y208.422
G1 F2100 X150.4 Y72.896 E2217.27214
G0 F9000 X149.6 Y72.896
G1 F2100 X149.599 Y208.422 E2226.28736
G0 F9000 X148.799 Y208.422
G1 F2100 X148.8 Y72.896 E2235.30259
G0 F9000 X148 Y72.896
G1 F2100 X147.999 Y208.422 E2244.31782
G0 F9000 X147.199 Y208.422
G1 F2100 X147.2 Y72.896 E2253.33304
G0 F9000 X146.4 Y72.896
G1 F2100 X146.399 Y208.434 E2262.34907
G0 F9000 X145.599 Y208.535
G1 F2100 X145.6 Y72.896 E2271.37181
G0 F9000 X144.8 Y72.896
G1 F2100 X144.799 Y208.739 E2280.40812
G0 F9000 X143.999 Y209.071
G1 F2100 X144 Y72.896 E2289.46652
G0 F9000 X143.2 Y72.896
G1 F2100 X143.199 Y209.56 E2298.55745
G0 F9000 X142.399 Y210.233
G1 F2100 X142.4 Y72.896 E2307.69314
G0 F9000 X141.6 Y72.896
G1 F2100 X141.599 Y211.235 E2316.89549
G0 F9000 X140.799 Y213.127
G1 F2100 X140.8 Y72.896 E2326.22369
G0 F9000 X140 Y72.896
G1 F2100 X139.999 Y227.103 E2336.48158
G0 F9000 X139.199 Y227.103
G1 F2100 X139.2 Y72.896 E2346.73948
G0 F9000 X138.4 Y72.896
G1 F2100 X138.399 Y227.103 E2356.99737
G0 F9000 X137.599 Y227.103
G1 F2100 X137.6 Y72.896 E2367.25526
G0 F9000 X136.8 Y72.896
G1 F2100 X136.799 Y227.103 E2377.51315
G0 F9000 X135.999 Y227.103
G1 F2100 X136 Y72.896 E2387.77104
G0 F9000 X135.2 Y72.896
G1 F2100 X135.199 Y227.103 E2398.02893
G0 F9000 X134.399 Y227.103
G1 F2100 X134.4 Y72.896 E2408.28682
G0 F9000 X133.6 Y72.896
G1 F2100 X133.599 Y227.103 E2418.54471
G0 F9000 X132.799 Y227.103
G1 F2100 X132.8 Y72.896 E2428.80261
G0 F9000 X132 Y72.896
G1 F2100 X131.999 Y227.103 E2439.0605
G0 F9000 X131.199 Y227.103
G1 F2100 X131.2 Y72.896 E2449.31839
G0 F9000 X130.399 Y72.896
G1 F2100 X130.399 Y227.103 E2459.57628
G0 F9000 X129.599 Y227.103
G1 F2100 X129.599 Y72.896 E2469.83417
G0 F9000 X128.799 Y72.896
G1 F2100 X128.799 Y227.103 E2480.09206
G0 F9000 X127.999 Y227.103
G1 F2100 X127.999 Y72.896 E2490.34995
G0 F9000 X127.199 Y72.896
G1 F2100 X127.199 Y227.103 E2500.60784
G0 F9000 X126.399 Y227.103
G1 F2100 X126.399 Y72.896 E2510.86574
G0 F9000 X125.599 Y72.896
G1 F2100 X125.599 Y227.103 E2521.12363
G0 F9000 X124.799 Y227.103
G1 F2100 X124.799 Y72.896 E2531.38152
G0 F9000 X123.999 Y72.896
G1 F2100 X123.999 Y227.103 E2541.63941
G0 F9000 X123.199 Y227.103
G1 F2100 X123.199 Y72.896 E2551.8973
G0 F9000 X122.399 Y72.896
G1 F2100 X122.399 Y227.103 E2562.15519
G0 F9000 X121.599 Y227.103
G1 F2100 X121.599 Y72.896 E2572.41308
G0 F9000 X120.799 Y72.896
G1 F2100 X120.799 Y227.103 E2582.67098
G0 F9000 X119.999 Y227.103
G1 F2100 X119.999 Y72.896 E2592.92887
G0 F9000 X119.199 Y72.896
G1 F2100 X119.199 Y227.103 E2603.18676
G0 F9000 X118.399 Y227.103
G1 F2100 X118.399 Y72.896 E2613.44465
G0 F9000 X117.599 Y72.896
G1 F2100 X117.599 Y227.103 E2623.70254
G0 F9000 X116.799 Y227.103
G1 F2100 X116.799 Y72.896 E2633.96043
G0 F9000 X115.999 Y72.896
G1 F2100 X115.999 Y227.103 E2644.21832
G0 F9000 X115.199 Y227.103
G1 F2100 X115.199 Y72.896 E2654.47621
G0 F9000 X114.399 Y72.896
G1 F2100 X114.399 Y227.103 E2664.73411
G0 F9000 X113.599 Y227.103
G1 F2100 X113.599 Y72.896 E2674.992
G0 F9000 X112.799 Y72.896
G1 F2100 X112.799 Y227.103 E2685.24989
G0 F9000 X111.999 Y227.103
G1 F2100 X111.999 Y72.896 E2695.50778
G0 F9000 X111.199 Y72.896
G1 F2100 X111.199 Y227.103 E2705.76567
G0 F9000 X110.399 Y227.103
G1 F2100 X110.399 Y72.896 E2716.02356
G0 F9000 X109.599 Y72.896
G1 F2100 X109.599 Y227.103 E2726.28145
G0 F9000 X108.799 Y227.103
G1 F2100 X108.799 Y72.896 E2736.53934
G0 F9000 X107.999 Y72.896
G1 F2100 X107.999 Y91.833 E2737.79904
G0 F9000 X107.199 Y90.002
G1 F2100 X107.199 Y72.896 E2738.93693
G0 F9000 X106.399 Y72.896
G1 F2100 X106.399 Y89.12 E2740.01616
G0 F9000 X105.599 Y88.569
G1 F2100 X105.599 Y72.896 E2741.05873
G0 F9000 X104.799 Y72.896
G1 F2100 X104.799 Y88.204 E2742.07702
G0 F9000 X103.999 Y88.001
G1 F2100 X103.999 Y72.896 E2743.08181
G0 F9000 X103.199 Y72.896
G1 F2100 X103.199 Y87.939 E2744.08248
G0 F9000 X102.399 Y88.008
G1 F2100 X102.399 Y72.896 E2745.08773
G0 F9000 X101.599 Y72.896
G1 F2100 X101.599 Y88.203 E2746.10596
G0 F9000 X100.799 Y88.568
G1 F2100 X100.799 Y72.896 E2747.14846
G1 F1500 E2746.14846
G0 F9000 X100.799 Y69.122
G0 X104.331 Y92.96
G0 X107.999 Y93.88
G1 F1500 E2747.17507
G1 F2100 X107.999 Y211.849 E2755.0224
G0 F9000 X107.199 Y210.018
G1 F2100 X107.199 Y95.688 E2762.62766
G0 F9000 X106.399 Y96.564
G1 F2100 X106.399 Y209.136 E2770.11598
G0 F9000 X105.599 Y208.585
G1 F2100 X105.599 Y97.13 E2777.53
G0 F9000 X104.799 Y97.495
G1 F2100 X104.799 Y208.22 E2784.89546
G0 F9000 X103.999 Y208.017
G1 F2100 X103.999 Y97.69 E2792.23444
G0 F9000 X103.199 Y97.761
G1 F2100 X103.199 Y207.955 E2799.56457
G0 F9000 X102.399 Y208.024
G1 F2100 X102.399 Y97.689 E2806.90409
G0 F9000 X101.599 Y97.486
G1 F2100 X101.599 Y208.219 E2814.27008
G0 F9000 X100.799 Y208.585
G1 F2100 X100.799 Y97.135 E2821.68376
G1 F1500 E2820.68376
G0 F9000 X102.713 Y93.875
G0 X195.853 Y92.223
G0 X192.8 Y90.01
G1 F1500 E2821.71037
G1 F2100 X192.8 Y72.896 E2822.8488
G0 F9000 X193.6 Y72.896
G1 F2100 X193.6 Y89.134 E2823.92895
G0 F9000 X194.4 Y88.568
G1 F2100 X194.4 Y72.896 E2824.97146
G0 F9000 X195.2 Y72.896
G1 F2100 X195.2 Y88.203 E2825.98968
G0 F9000 X196 Y88.008
G1 F2100 X196 Y72.896 E2826.99494
G0 F9000 X196.8 Y72.896
G1 F2100 X196.8 Y87.939 E2827.9956
G0 F9000 X197.6 Y88.001
G1 F2100 X197.6 Y72.896 E2829.00039
G0 F9000 X198.4 Y72.896
G1 F2100 X198.4 Y88.204 E2830.01868
G0 F9000 X199.2 Y88.57
G1 F2100 X199.2 Y72.896 E2831.06132
G1 F1500 E2830.06132
G0 F9000 X199.2 Y69.122
G0 X104.331 Y212.975
G0 X107.999 Y213.897
G1 F1500 E2831.08793
G1 F2100 X107.999 Y227.103 E2831.9664
G0 F9000 X107.199 Y227.103
G1 F2100 X107.199 Y215.704 E2832.72466
G0 F9000 X106.399 Y216.58
G1 F2100 X106.399 Y227.103 E2833.42465
G0 F9000 X105.599 Y227.103
G1 F2100 X105.599 Y217.146 E2834.087
G0 F9000 X104.799 Y217.511
G1 F2100 X104.799 Y227.103 E2834.72506
G0 F9000 X103.999 Y227.103
G1 F2100 X103.999 Y217.706 E2835.35015
G0 F9000 X103.199 Y217.777
G1 F2100 X103.199 Y227.103 E2835.97052
G0 F9000 X102.399 Y227.103
G1 F2100 X102.399 Y217.705 E2836.59568
G0 F9000 X101.599 Y217.502
G1 F2100 X101.599 Y227.103 E2837.23434
G0 F9000 X100.799 Y227.103
G1 F2100 X100.799 Y217.151 E2837.89635
G1 F1500 E2836.89635
G0 F9000 X102.713 Y213.89
G0 X144.326 Y215.794
G0 X144.407 Y214.545
G0 X158.843 Y214.463
G0 X158.922 Y216.462
G0 X194.735 Y218.101
G0 X198.083 Y217.268
G1 F1500 E2837.92295
G1 F2100 X198.314 Y217.203 E2837.93892
G1 X198.895 Y216.956 E2837.98091
G1 X199.445 Y216.623 E2838.02368
G1 X199.991 Y216.173 E2838.07075
G1 X200.054 Y216.103 E2838.07701
G1 X200.054 Y227.149 E2838.8118
G1 X200.005 Y227.331 E2838.82433
G1 X199.815 Y227.418 E2838.83824
G1 X199.749 Y227.423 E2838.84264
G1 X198.271 Y227.423 E2838.94095
G1 X198.27 Y218.534 E2839.53225
G1 X198.232 Y218.009 E2839.56727
G1 X198.144 Y217.5 E2839.60163
G1 X198.083 Y217.268 E2839.61759
G0 F9000 X199.199 Y217.145
G1 F2100 X199.199 Y227.102 E2840.27993
G1 F1500 E2839.27993
;MESH:NONMESH
G0 F300 X199.199 Y227.102 Z1.2
G0 F9000 X199.199 Y230.878
G0 X197.344 Y211.869
G0 X198.451 Y209.439
;TIME_ELAPSED:3903.008543
;LAYER:5
;TYPE:WALL-INNER
;MESH:Top of Case V2.STL
G1 F1500 E2840.30654
G1 F2400 X197.97 Y209.245 E2840.34104
G1 X197.456 Y209.118 E2840.37626
G1 X197.007 Y209.069 E2840.4063
G1 X196.705 Y209.065 E2840.42639
G1 X196.263 Y209.101 E2840.45589
G1 X195.799 Y209.195 E2840.48738
G1 X195.305 Y209.366 E2840.52216
G1 X194.833 Y209.608 E2840.55744
G1 X194.439 Y209.883 E2840.5894
G1 X194.019 Y210.267 E2840.62726
G1 X193.709 Y210.648 E2840.65993
G1 X193.437 Y211.088 E2840.69434
G1 X193.223 Y211.57 E2840.72942
G1 X193.076 Y212.081 E2840.76479
G1 X193.007 Y212.594 E2840.79923
G1 X193 Y213.068 E2840.83076
G1 X193.056 Y213.538 E2840.86225
G1 X193.109 Y213.756 E2840.87717
G1 X193.051 Y213.746
G1 X192.66 Y213.716 E2840.89156
G1 X186.301 Y213.715 E2841.31456
G1 X185.73 Y213.768 E2841.35271
G1 X185.267 Y213.862 E2841.38413
G1 X184.842 Y213.988 E2841.41362
G1 X184.38 Y214.174 E2841.44675
G1 X183.855 Y214.454 E2841.48633
G1 X183.401 Y214.771 E2841.52316
G1 X183.012 Y215.108 E2841.5574
G1 X182.699 Y215.437 E2841.58761
G1 X182.376 Y215.851 E2841.62254
G1 X182.065 Y216.358 E2841.6621
G1 X181.848 Y216.819 E2841.696
G1 X181.671 Y217.332 E2841.73209
G1 X181.554 Y217.824 E2841.76573
G1 X181.49 Y218.342 E2841.80045
G1 X181.478 Y218.617 E2841.81876
G1 X181.478 Y228.213 E2842.45709
G1 X161.508 Y228.213 E2843.7855
G1 X161.507 Y214.372 E2844.70621
G1 X161.473 Y213.918 E2844.7365
G1 X161.387 Y213.428 E2844.76959
G1 X161.241 Y212.914 E2844.80513
G1 X161.076 Y212.496 E2844.83503
G1 X160.879 Y212.101 E2844.86439
G1 X160.608 Y211.664 E2844.89859
G1 X160.305 Y211.278 E2844.93124
G1 X159.999 Y210.951 E2844.96103
G1 X159.609 Y210.608 E2844.99558
G1 X159.155 Y210.286 E2845.0326
G1 X158.628 Y210.002 E2845.07242
G1 X158.139 Y209.804 E2845.10752
G1 X157.633 Y209.657 E2845.14257
G1 X157.124 Y209.57 E2845.17692
G1 X156.69 Y209.534 E2845.20589
G1 X146.565 Y209.533 E2845.8794
G1 X145.96 Y209.59 E2845.91983
G1 X145.375 Y209.72 E2845.95969
G1 X144.943 Y209.865 E2845.99
G1 X144.499 Y210.062 E2846.02231
G1 X144.083 Y210.295 E2846.05403
G1 X143.67 Y210.587 E2846.08768
G1 X143.322 Y210.881 E2846.11798
G1 X142.928 Y211.294 E2846.15595
G1 X142.596 Y211.734 E2846.19262
G1 X142.324 Y212.184 E2846.2276
G1 X142.109 Y212.649 E2846.26167
G1 X141.957 Y213.073 E2846.29164
G1 X141.83 Y213.583 E2846.3266
G1 X141.756 Y214.138 E2846.36384
G1 X141.742 Y214.497 E2846.38774
G1 X141.742 Y228.213 E2847.30013
G1 X100.159 Y228.213 E2850.06625
G1 X99.86 Y228.164 E2850.0864
G1 X99.572 Y228.021 E2850.10779
G1 X99.475 Y227.938 E2850.11628
G1 X99.301 Y227.721 E2850.13478
G1 X99.221 Y227.551 E2850.14728
G1 X99.162 Y227.293 E2850.16489
G1 X99.155 Y227.161 E2850.17368
G1 X99.155 Y214.187 E2851.03671
G1 X99.155 Y213.197 E2851.10257
G1 X99.155 Y212.08 E2851.17687
G1 X99.155 Y211.088 E2851.24286
G1 X99.155 Y94.172 E2859.02015
G1 X99.155 Y93.182 E2859.086
G1 X99.155 Y92.065 E2859.1603
G1 X99.155 Y91.073 E2859.22629
G1 X99.156 Y72.808 E2860.44128
G1 X99.192 Y72.537 E2860.45947
G1 X99.3 Y72.275 E2860.47832
G1 X99.557 Y71.992 E2860.50375
G1 X99.947 Y71.815 E2860.53224
G1 X100.199 Y71.787 E2860.54911
G1 X199.829 Y71.787 E2867.17652
G1 X199.983 Y71.801 E2867.18681
G1 X200.232 Y71.873 E2867.20405
G1 X200.438 Y71.99 E2867.21981
G1 X200.71 Y72.297 E2867.24709
G1 X200.81 Y72.537 E2867.26439
G1 X200.825 Y72.603 E2867.26889
G1 X200.845 Y72.857 E2867.28584
G1 X200.845 Y91.23 E2868.50802
G1 X200.845 Y92.201 E2868.57261
G1 X200.845 Y93.377 E2868.65083
G1 X200.845 Y94.389 E2868.71815
G1 X200.845 Y211.245 E2876.49145
G1 X200.845 Y212.216 E2876.55604
G1 X200.845 Y213.392 E2876.63426
G1 X200.845 Y214.404 E2876.70158
G1 X200.844 Y227.195 E2877.55244
G1 X200.769 Y227.581 E2877.5786
G1 X200.585 Y227.876 E2877.60173
G1 X200.322 Y228.087 E2877.62416
G1 X200.118 Y228.169 E2877.63878
G1 X199.834 Y228.212 E2877.65789
G1 X197.481 Y228.213 E2877.81441
G1 X197.48 Y218.554 E2878.45693
G1 X197.446 Y218.1 E2878.48722
G1 X197.361 Y217.612 E2878.52017
G1 X197.214 Y217.094 E2878.55599
G1 X197.041 Y216.658 E2878.58719
G1 X197.081 Y216.658
G1 X197.59 Y216.587 E2878.60643
G1 X198.054 Y216.456 E2878.6385
G1 X198.542 Y216.248 E2878.67379
G1 X199.039 Y215.942 E2878.71262
G1 X199.444 Y215.599 E2878.74792
G1 X199.76 Y215.25 E2878.77924
G1 X200.032 Y214.869 E2878.81038
G1 X200.278 Y214.404 E2878.84537
G1 X200.458 Y213.906 E2878.86831
G1 X200.566 Y213.392 E2878.88131
G1 X200.603 Y212.853 E2878.89447
G1 X200.549 Y212.216 E2878.89697
G1 X200.432 Y211.737 E2878.9098
G1 X200.242 Y211.245 E2878.93373
G1 X199.954 Y210.737 E2878.97257
G1 X199.591 Y210.28 E2879.0114
G1 X199.236 Y209.944 E2879.04391
G1 X198.859 Y209.667 E2879.07503
G1 X198.451 Y209.439 E2879.10612
G1 F1500 E2878.10612
G0 F9000 X197.291 Y211.842
G0 X195.968 Y213.638
G0 X194.582 Y215.034
G1 F1500 E2879.13273
G1 F2400 X194.229 Y214.891 E2879.15806
G1 X193.842 Y214.738 E2879.18575
G1 X193.421 Y214.619 E2879.21485
G1 X192.954 Y214.541 E2879.24634
G1 X192.629 Y214.516 E2879.26803
G1 X186.338 Y214.515 E2879.68651
G1 X185.847 Y214.561 E2879.71931
G1 X185.46 Y214.639 E2879.74557
G1 X185.106 Y214.744 E2879.77013
G1 X184.719 Y214.9 E2879.79789
G1 X184.274 Y215.137 E2879.83143
G1 X183.893 Y215.403 E2879.86234
G1 X183.565 Y215.687 E2879.8912
G1 X183.306 Y215.96 E2879.91623
G1 X183.034 Y216.308 E2879.94561
G1 X182.77 Y216.739 E2879.97923
G1 X182.59 Y217.121 E2880.00732
G1 X182.44 Y217.555 E2880.03787
G1 X182.343 Y217.966 E2880.06596
G1 X182.288 Y218.409 E2880.09566
G1 X182.278 Y218.635 E2880.1107
G1 X182.278 Y229.013 E2880.80105
G1 X160.708 Y229.013 E2882.23589
G1 X160.707 Y214.402 E2883.20782
G1 X160.678 Y214.017 E2883.2335
G1 X160.606 Y213.607 E2883.26119
G1 X160.482 Y213.17 E2883.29141
G1 X160.345 Y212.822 E2883.31629
G1 X160.18 Y212.492 E2883.34083
G1 X159.951 Y212.123 E2883.36972
G1 X159.697 Y211.799 E2883.39711
G1 X159.441 Y211.526 E2883.422
G1 X159.112 Y211.236 E2883.45118
G1 X158.732 Y210.967 E2883.48215
G1 X158.287 Y210.727 E2883.51578
G1 X157.877 Y210.561 E2883.5452
G1 X157.453 Y210.438 E2883.57457
G1 X157.023 Y210.364 E2883.60359
G1 X156.657 Y210.334 E2883.62802
G1 X146.603 Y210.333 E2884.29682
G1 X146.085 Y210.382 E2884.33143
G1 X145.59 Y210.492 E2884.36516
G1 X145.233 Y210.612 E2884.39021
G1 X144.857 Y210.778 E2884.41755
G1 X144.511 Y210.972 E2884.44394
G1 X144.16 Y211.22 E2884.47253
G1 X143.871 Y211.464 E2884.49769
G1 X143.539 Y211.813 E2884.52973
G1 X143.259 Y212.183 E2884.5606
G1 X143.032 Y212.56 E2884.58987
G1 X142.85 Y212.953 E2884.61868
G1 X142.724 Y213.305 E2884.64355
G1 X142.617 Y213.733 E2884.6729
G1 X142.554 Y214.207 E2884.7047
G1 X142.542 Y214.513 E2884.72508
G1 X142.542 Y229.013 E2885.68962
G1 X100.122 Y229.013 E2888.51141
G1 X99.876 Y228.989 E2888.52785
G1 X99.611 Y228.928 E2888.54594
G1 X99.279 Y228.785 E2888.56999
G1 X99.093 Y228.664 E2888.58475
G1 X98.9 Y228.499 E2888.60164
G1 X98.617 Y228.146 E2888.63173
G1 X98.46 Y227.812 E2888.65628
G1 X98.367 Y227.405 E2888.68405
G1 X98.355 Y227.188 E2888.69851
G1 X98.356 Y72.757 E2898.9713
G1 X98.408 Y72.361 E2898.99787
G1 X98.489 Y72.113 E2899.01523
G1 X98.598 Y71.887 E2899.03192
G1 X98.695 Y71.737 E2899.0438
G1 X98.881 Y71.519 E2899.06286
G1 X99.091 Y71.338 E2899.0813
G1 X99.401 Y71.155 E2899.10525
G1 X99.77 Y71.03 E2899.13117
G1 X100.155 Y70.987 E2899.15694
G1 X199.871 Y70.987 E2905.79007
G1 X200.13 Y71.011 E2905.80737
G1 X200.543 Y71.13 E2905.83596
G1 X200.919 Y71.343 E2905.86471
G1 X201.225 Y71.634 E2905.8928
G1 X201.418 Y71.915 E2905.91548
G1 X201.574 Y72.291 E2905.94256
G1 X201.617 Y72.482 E2905.95558
G1 X201.645 Y72.83 E2905.9788
G1 X201.644 Y227.23 E2916.24953
G1 X201.62 Y227.506 E2916.26796
G1 X201.52 Y227.868 E2916.29294
G1 X201.391 Y228.13 E2916.31237
G1 X201.185 Y228.411 E2916.33555
G1 X200.917 Y228.658 E2916.35979
G1 X200.689 Y228.801 E2916.37769
G1 X200.328 Y228.946 E2916.40357
G1 X199.896 Y229.012 E2916.43264
G1 X196.681 Y229.013 E2916.64651
G1 X196.68 Y218.584 E2917.34025
G1 X196.651 Y218.199 E2917.36593
G1 X196.58 Y217.79 E2917.39354
G1 X196.455 Y217.351 E2917.4239
G1 X196.315 Y216.997 E2917.44923
G1 X196.083 Y216.551 E2917.48267
G1 X195.824 Y216.17 E2917.51332
G1 X195.663 Y215.977 E2917.53003
G1 X195.663 Y215.695 E2917.54879
G1 X195.03 Y215.381 E2917.5958
G1 X194.876 Y215.267 E2917.60854
G1 X194.582 Y215.034 E2917.6335
G1 F1500 E2916.6335
G0 F9000 X195.968 Y213.638
G0 X197.291 Y211.842
G0 X197.759 Y210.885
;TYPE:WALL-OUTER
G1 F1500 E2917.6601
G1 F2400 X197.476 Y210.771 E2917.6804
G1 X197.175 Y210.696 E2917.70103
G1 X196.909 Y210.667 E2917.71883
G1 X196.759 Y210.665 E2917.72881
G1 X196.488 Y210.687 E2917.7469
G1 X196.224 Y210.741 E2917.76482
G1 X195.934 Y210.842 E2917.78525
G1 X195.659 Y210.982 E2917.80578
G1 X195.442 Y211.134 E2917.8234
G1 X195.185 Y211.369 E2917.84657
G1 X195.015 Y211.578 E2917.86449
G1 X194.855 Y211.836 E2917.88468
G1 X194.731 Y212.117 E2917.90511
G1 X194.646 Y212.412 E2917.92554
G1 X194.605 Y212.712 E2917.94568
G1 X194.602 Y212.983 E2917.96371
G1 X194.634 Y213.254 E2917.98186
G1 X194.697 Y213.514 E2917.99965
G1 X194.807 Y213.799 E2918.01997
G1 X194.975 Y214.095 E2918.04262
G1 X195.19 Y214.366 E2918.06563
G1 X195.39 Y214.555 E2918.08393
G1 X195.606 Y214.713 E2918.10173
G1 X195.839 Y214.845 E2918.11955
G1 X196.123 Y214.959 E2918.1399
G1 X196.424 Y215.034 E2918.16054
G1 X196.69 Y215.063 E2918.17834
G1 X196.96 Y215.06 E2918.1963
G1 X197.26 Y215.017 E2918.21646
G1 X197.522 Y214.944 E2918.23455
G1 X197.803 Y214.824 E2918.25488
G1 X198.097 Y214.642 E2918.27788
G1 X198.33 Y214.446 E2918.29813
G1 X198.511 Y214.246 E2918.31608
G1 X198.668 Y214.026 E2918.33405
G1 X198.812 Y213.754 E2918.35453
G1 X198.916 Y213.467 E2918.37483
G1 X198.978 Y213.172 E2918.39488
G1 X198.999 Y212.867 E2918.41522
G1 X198.965 Y212.476 E2918.44133
G1 X198.902 Y212.216 E2918.45912
G1 X198.792 Y211.931 E2918.47945
G1 X198.624 Y211.635 E2918.50209
G1 X198.409 Y211.364 E2918.5251
G1 X198.209 Y211.175 E2918.5434
G1 X197.991 Y211.015 E2918.56139
G1 X197.759 Y210.885 E2918.57908
G0 F9000 X198.139 Y210.092
G1 F1500 E2917.57908
G0 F9000 X197.142 Y211.783
G0 X104.032 Y212.092
G0 X105.637 Y209.944
;TYPE:WALL-INNER
G1 F1500 E2918.60569
G1 F2400 X105.26 Y209.667 E2918.63681
G1 X104.852 Y209.439 E2918.6679
G1 X104.371 Y209.245 E2918.7024
G1 X103.857 Y209.118 E2918.73762
G1 X103.408 Y209.069 E2918.76766
G1 X103.106 Y209.065 E2918.78776
G1 X102.664 Y209.101 E2918.81725
G1 X102.2 Y209.195 E2918.84875
G1 X101.706 Y209.366 E2918.88352
G1 X101.234 Y209.608 E2918.91881
G1 X100.84 Y209.883 E2918.95077
G1 X100.42 Y210.267 E2918.98862
G1 X100.11 Y210.648 E2919.0213
G1 X99.838 Y211.088 E2919.05571
G1 X99.624 Y211.57 E2919.08387
G1 X99.477 Y212.08 E2919.10018
G1 X99.406 Y212.607 E2919.11378
G1 X99.408 Y213.197 E2919.12595
G1 X99.496 Y213.72 E2919.13703
G1 X99.633 Y214.187 E2919.14565
G1 X99.879 Y214.722 E2919.18482
G1 X100.209 Y215.217 E2919.2244
G1 X100.6 Y215.642 E2919.26281
G1 X100.987 Y215.96 E2919.29613
G1 X101.526 Y216.283 E2919.33793
G1 X102.031 Y216.485 E2919.37411
G1 X102.544 Y216.612 E2919.40927
G1 X103.013 Y216.663 E2919.44065
G1 X103.482 Y216.658 E2919.47185
G1 X103.991 Y216.587 E2919.50603
G1 X104.455 Y216.456 E2919.53811
G1 X104.943 Y216.248 E2919.57339
G1 X105.44 Y215.942 E2919.61222
G1 X105.845 Y215.599 E2919.64752
G1 X106.161 Y215.25 E2919.67884
G1 X106.433 Y214.869 E2919.70998
G1 X106.679 Y214.404 E2919.74497
G1 X106.859 Y213.906 E2919.7802
G1 X106.967 Y213.392 E2919.81514
G1 X107.004 Y212.853 E2919.85108
G1 X106.95 Y212.216 E2919.8936
G1 X106.833 Y211.737 E2919.9264
G1 X106.643 Y211.245 E2919.96149
G1 X106.355 Y210.737 E2920.00033
G1 X105.992 Y210.28 E2920.03915
G1 X105.637 Y209.944 E2920.07167
G0 F9000 X105.123 Y210.559
G1 F2400 X104.826 Y210.341 E2920.09618
G1 X104.506 Y210.162 E2920.12057
G1 X104.124 Y210.008 E2920.14796
G1 X103.717 Y209.907 E2920.17586
G1 X103.359 Y209.868 E2920.19981
G1 X103.133 Y209.865 E2920.21485
G1 X102.776 Y209.894 E2920.23867
G1 X102.412 Y209.968 E2920.26338
G1 X102.021 Y210.104 E2920.29092
G1 X101.647 Y210.295 E2920.31886
G1 X101.341 Y210.509 E2920.3437
G1 X101.003 Y210.818 E2920.37416
G1 X100.763 Y211.113 E2920.39946
G1 X100.547 Y211.462 E2920.42676
G1 X100.378 Y211.844 E2920.45454
G1 X100.262 Y212.246 E2920.48238
G1 X100.206 Y212.659 E2920.5101
G1 X100.208 Y213.129 E2920.54137
G1 X100.277 Y213.541 E2920.56915
G1 X100.384 Y213.906 E2920.59446
G1 X100.579 Y214.33 E2920.6255
G1 X100.84 Y214.721 E2920.65677
G1 X101.151 Y215.059 E2920.68733
G1 X101.449 Y215.304 E2920.71299
G1 X101.883 Y215.564 E2920.74664
G1 X102.277 Y215.722 E2920.77488
G1 X102.684 Y215.823 E2920.80277
G1 X103.052 Y215.863 E2920.8274
G1 X103.422 Y215.859 E2920.85201
G1 X103.826 Y215.802 E2920.87915
G1 X104.189 Y215.7 E2920.90423
G1 X104.574 Y215.536 E2920.93207
G1 X104.969 Y215.292 E2920.96296
G1 X105.288 Y215.023 E2920.99071
G1 X105.536 Y214.748 E2921.01535
G1 X105.751 Y214.447 E2921.03995
G1 X105.946 Y214.079 E2921.06766
G1 X106.088 Y213.687 E2921.09539
G1 X106.173 Y213.282 E2921.12292
G1 X106.202 Y212.86 E2921.15106
G1 X106.158 Y212.346 E2921.18537
G1 X106.068 Y211.977 E2921.21064
G1 X105.918 Y211.588 E2921.23837
G1 X105.69 Y211.186 E2921.26911
G1 X105.401 Y210.822 E2921.30003
G1 X105.123 Y210.559 E2921.32549
G0 F9000 X104.61 Y211.175
;TYPE:WALL-OUTER
G1 F2400 X104.392 Y211.015 E2921.34348
G1 X104.16 Y210.885 E2921.36117
G1 X103.877 Y210.771 E2921.38146
G1 X103.576 Y210.696 E2921.4021
G1 X103.31 Y210.667 E2921.4199
G1 X103.16 Y210.665 E2921.42987
G1 X102.889 Y210.687 E2921.44796
G1 X102.625 Y210.741 E2921.46589
G1 X102.335 Y210.842 E2921.48631
G1 X102.06 Y210.982 E2921.50684
G1 X101.843 Y211.134 E2921.52446
G1 X101.586 Y211.369 E2921.54763
G1 X101.416 Y211.578 E2921.56555
G1 X101.256 Y211.836 E2921.58575
G1 X101.132 Y212.117 E2921.60618
G1 X101.047 Y212.412 E2921.6266
G1 X101.006 Y212.711 E2921.64667
G1 X101.008 Y213.061 E2921.66996
G1 X101.058 Y213.362 E2921.69025
G1 X101.135 Y213.625 E2921.70848
G1 X101.279 Y213.938 E2921.7314
G1 X101.471 Y214.225 E2921.75437
G1 X101.702 Y214.476 E2921.77706
G1 X101.911 Y214.648 E2921.79507
G1 X102.24 Y214.845 E2921.82058
G1 X102.524 Y214.959 E2921.84093
G1 X102.825 Y215.034 E2921.86157
G1 X103.091 Y215.063 E2921.87937
G1 X103.361 Y215.06 E2921.89733
G1 X103.661 Y215.017 E2921.91749
G1 X103.923 Y214.944 E2921.93558
G1 X104.204 Y214.824 E2921.95591
G1 X104.498 Y214.642 E2921.97891
G1 X104.731 Y214.446 E2921.99916
G1 X104.912 Y214.246 E2922.0171
G1 X105.069 Y214.026 E2922.03508
G1 X105.213 Y213.754 E2922.05556
G1 X105.317 Y213.467 E2922.07586
G1 X105.379 Y213.172 E2922.09591
G1 X105.4 Y212.867 E2922.11625
G1 X105.366 Y212.476 E2922.14236
G1 X105.303 Y212.216 E2922.16015
G1 X105.193 Y211.931 E2922.18048
G1 X105.025 Y211.635 E2922.20312
G1 X104.81 Y211.364 E2922.22613
G1 X104.61 Y211.175 E2922.24443
G0 F9000 X105.173 Y210.5
G1 F1500 E2921.24443
G0 F9000 X103.864 Y211.943
G0 X104.282 Y92.505
G0 X106.643 Y91.23
;TYPE:WALL-INNER
G1 F1500 E2922.27104
G1 F2400 X106.355 Y90.722 E2922.30988
G1 X105.992 Y90.265 E2922.34871
G1 X105.637 Y89.929 E2922.38122
G1 X105.26 Y89.652 E2922.41234
G1 X104.852 Y89.424 E2922.44343
G1 X104.371 Y89.23 E2922.47793
G1 X103.857 Y89.103 E2922.51315
G1 X103.408 Y89.054 E2922.5432
G1 X103.106 Y89.05 E2922.56329
G1 X102.664 Y89.086 E2922.59279
G1 X102.2 Y89.18 E2922.62428
G1 X101.706 Y89.351 E2922.65905
G1 X101.234 Y89.593 E2922.69434
G1 X100.84 Y89.868 E2922.7263
G1 X100.42 Y90.252 E2922.76416
G1 X100.11 Y90.633 E2922.79683
G1 X99.838 Y91.073 E2922.83124
G1 X99.624 Y91.555 E2922.8594
G1 X99.477 Y92.065 E2922.87571
G1 X99.406 Y92.592 E2922.88931
G1 X99.408 Y93.182 E2922.90149
G1 X99.496 Y93.705 E2922.91257
G1 X99.633 Y94.172 E2922.92119
G1 X99.879 Y94.707 E2922.96036
G1 X100.209 Y95.202 E2922.99993
G1 X100.6 Y95.627 E2923.03835
G1 X100.987 Y95.945 E2923.07166
G1 X101.526 Y96.268 E2923.11346
G1 X102.031 Y96.47 E2923.14964
G1 X102.544 Y96.597 E2923.1848
G1 X103.013 Y96.648 E2923.21618
G1 X103.482 Y96.643 E2923.24738
G1 X103.991 Y96.572 E2923.28157
G1 X104.455 Y96.441 E2923.31364
G1 X104.943 Y96.233 E2923.34893
G1 X105.44 Y95.927 E2923.38775
G1 X105.845 Y95.584 E2923.42306
G1 X106.161 Y95.235 E2923.45437
G1 X106.433 Y94.854 E2923.48551
G1 X106.679 Y94.389 E2923.52051
G1 X106.859 Y93.891 E2923.55573
G1 X106.967 Y93.377 E2923.59067
G1 X107.004 Y92.838 E2923.62661
G1 X106.95 Y92.201 E2923.66914
G1 X106.833 Y91.722 E2923.70194
G1 X106.643 Y91.23 E2923.73702
G0 F9000 X105.918 Y91.573
G1 F2400 X105.69 Y91.171 E2923.76776
G1 X105.401 Y90.807 E2923.79868
G1 X105.123 Y90.544 E2923.82414
G1 X104.826 Y90.326 E2923.84864
G1 X104.506 Y90.147 E2923.87303
G1 X104.124 Y89.993 E2923.90043
G1 X103.717 Y89.892 E2923.92833
G1 X103.359 Y89.853 E2923.95228
G1 X103.133 Y89.85 E2923.96732
G1 X102.776 Y89.879 E2923.99114
G1 X102.412 Y89.953 E2924.01585
G1 X102.021 Y90.089 E2924.04339
G1 X101.647 Y90.28 E2924.07132
G1 X101.341 Y90.494 E2924.09616
G1 X101.003 Y90.803 E2924.12663
G1 X100.763 Y91.098 E2924.15192
G1 X100.547 Y91.447 E2924.17923
G1 X100.378 Y91.829 E2924.20701
G1 X100.262 Y92.231 E2924.23484
G1 X100.206 Y92.644 E2924.26257
G1 X100.208 Y93.114 E2924.29383
G1 X100.277 Y93.526 E2924.32162
G1 X100.384 Y93.891 E2924.34692
G1 X100.579 Y94.315 E2924.37797
G1 X100.84 Y94.706 E2924.40924
G1 X101.151 Y95.044 E2924.43979
G1 X101.449 Y95.289 E2924.46546
G1 X101.883 Y95.549 E2924.49911
G1 X102.277 Y95.707 E2924.52735
G1 X102.684 Y95.808 E2924.55524
G1 X103.052 Y95.848 E2924.57987
G1 X103.422 Y95.844 E2924.60448
G1 X103.826 Y95.787 E2924.63162
G1 X104.189 Y95.685 E2924.6567
G1 X104.574 Y95.521 E2924.68454
G1 X104.969 Y95.277 E2924.71542
G1 X105.288 Y95.008 E2924.74318
G1 X105.536 Y94.733 E2924.76781
G1 X105.751 Y94.432 E2924.79242
G1 X105.946 Y94.064 E2924.82012
G1 X106.088 Y93.672 E2924.84786
G1 X106.173 Y93.267 E2924.87539
G1 X106.202 Y92.845 E2924.90352
G1 X106.158 Y92.331 E2924.93784
G1 X106.068 Y91.962 E2924.96311
G1 X105.918 Y91.573 E2924.99084
G0 F9000 X105.193 Y91.916
;TYPE:WALL-OUTER
G1 F2400 X105.025 Y91.62 E2925.01348
G1 X104.81 Y91.349 E2925.03649
G1 X104.61 Y91.16 E2925.05479
G1 X104.392 Y91 E2925.07278
G1 X104.16 Y90.87 E2925.09047
G1 X103.877 Y90.756 E2925.11077
G1 X103.576 Y90.681 E2925.1314
G1 X103.31 Y90.652 E2925.1492
G1 X103.16 Y90.65 E2925.15918
G1 X102.889 Y90.672 E2925.17727
G1 X102.625 Y90.726 E2925.19519
G1 X102.335 Y90.827 E2925.21562
G1 X102.06 Y90.967 E2925.23615
G1 X101.843 Y91.119 E2925.25377
G1 X101.586 Y91.354 E2925.27694
G1 X101.416 Y91.563 E2925.29486
G1 X101.256 Y91.821 E2925.31505
G1 X101.132 Y92.102 E2925.33548
G1 X101.047 Y92.397 E2925.35591
G1 X101.006 Y92.696 E2925.37598
G1 X101.008 Y93.046 E2925.39926
G1 X101.058 Y93.347 E2925.41956
G1 X101.135 Y93.61 E2925.43779
G1 X101.279 Y93.923 E2925.46071
G1 X101.471 Y94.21 E2925.48368
G1 X101.702 Y94.461 E2925.50637
G1 X101.911 Y94.633 E2925.52437
G1 X102.24 Y94.83 E2925.54988
G1 X102.524 Y94.944 E2925.57024
G1 X102.825 Y95.019 E2925.59087
G1 X103.091 Y95.048 E2925.60867
G1 X103.361 Y95.045 E2925.62664
G1 X103.661 Y95.002 E2925.6468
G1 X103.923 Y94.929 E2925.66489
G1 X104.204 Y94.809 E2925.68521
G1 X104.498 Y94.627 E2925.70821
G1 X104.731 Y94.431 E2925.72847
G1 X104.912 Y94.231 E2925.74641
G1 X105.069 Y94.011 E2925.76439
G1 X105.213 Y93.739 E2925.78486
G1 X105.317 Y93.452 E2925.80517
G1 X105.379 Y93.157 E2925.82522
G1 X105.4 Y92.852 E2925.84556
G1 X105.366 Y92.461 E2925.87167
G1 X105.303 Y92.201 E2925.88946
G1 X105.193 Y91.916 E2925.90978
G0 F9000 X105.988 Y91.54
G1 F1500 E2924.90978
G0 F9000 X104.261 Y92.444
G0 X197.565 Y92.012
G0 X199.591 Y90.265
;TYPE:WALL-INNER
G1 F1500 E2925.93639
G1 F2400 X199.236 Y89.929 E2925.96891
G1 X198.859 Y89.652 E2926.00003
G1 X198.451 Y89.424 E2926.03112
G1 X197.97 Y89.23 E2926.06562
G1 X197.456 Y89.103 E2926.10084
G1 X197.007 Y89.054 E2926.13088
G1 X196.705 Y89.05 E2926.15097
G1 X196.263 Y89.086 E2926.18047
G1 X195.799 Y89.18 E2926.21196
G1 X195.305 Y89.351 E2926.24674
G1 X194.833 Y89.593 E2926.28202
G1 X194.439 Y89.868 E2926.31398
G1 X194.019 Y90.252 E2926.35184
G1 X193.709 Y90.633 E2926.38451
G1 X193.437 Y91.073 E2926.41892
G1 X193.223 Y91.555 E2926.454
G1 X193.076 Y92.066 E2926.48937
G1 X193.007 Y92.579 E2926.52381
G1 X193 Y93.053 E2926.55534
G1 X193.056 Y93.523 E2926.58683
G1 X193.167 Y93.978 E2926.61798
G1 X193.357 Y94.47 E2926.65306
G1 X193.645 Y94.978 E2926.69191
G1 X194.008 Y95.435 E2926.73073
G1 X194.364 Y95.772 E2926.76334
G1 X194.736 Y96.044 E2926.794
G1 X195.143 Y96.274 E2926.82509
G1 X195.629 Y96.47 E2926.85995
G1 X196.143 Y96.597 E2926.89517
G1 X196.612 Y96.648 E2926.92655
G1 X197.081 Y96.643 E2926.95775
G1 X197.59 Y96.572 E2926.99194
G1 X198.054 Y96.441 E2927.02401
G1 X198.542 Y96.233 E2927.0593
G1 X199.039 Y95.927 E2927.09812
G1 X199.444 Y95.584 E2927.13343
G1 X199.76 Y95.235 E2927.16475
G1 X200.032 Y94.854 E2927.19589
G1 X200.278 Y94.389 E2927.23088
G1 X200.458 Y93.891 E2927.25382
G1 X200.566 Y93.377 E2927.26682
G1 X200.603 Y92.838 E2927.27997
G1 X200.549 Y92.201 E2927.29562
G1 X200.432 Y91.722 E2927.30844
G1 X200.242 Y91.23 E2927.33237
G1 X199.954 Y90.722 E2927.37122
G1 X199.591 Y90.265 E2927.41004
G0 F9000 X199 Y90.807
G1 F2400 X198.722 Y90.544 E2927.4355
G1 X198.425 Y90.326 E2927.46
G1 X198.105 Y90.147 E2927.4844
G1 X197.723 Y89.993 E2927.51179
G1 X197.316 Y89.892 E2927.53969
G1 X196.958 Y89.853 E2927.56364
G1 X196.732 Y89.85 E2927.57868
G1 X196.375 Y89.879 E2927.6025
G1 X196.011 Y89.953 E2927.62721
G1 X195.62 Y90.089 E2927.65475
G1 X195.246 Y90.28 E2927.68269
G1 X194.94 Y90.494 E2927.70752
G1 X194.602 Y90.803 E2927.73799
G1 X194.362 Y91.098 E2927.76329
G1 X194.146 Y91.447 E2927.79059
G1 X193.977 Y91.829 E2927.81837
G1 X193.861 Y92.231 E2927.84621
G1 X193.806 Y92.638 E2927.87353
G1 X193.801 Y93.011 E2927.89834
G1 X193.845 Y93.381 E2927.92313
G1 X193.932 Y93.738 E2927.94757
G1 X194.082 Y94.127 E2927.9753
G1 X194.31 Y94.529 E2928.00605
G1 X194.599 Y94.893 E2928.03696
G1 X194.877 Y95.156 E2928.06242
G1 X195.171 Y95.371 E2928.08665
G1 X195.491 Y95.552 E2928.1111
G1 X195.876 Y95.707 E2928.13871
G1 X196.283 Y95.808 E2928.16661
G1 X196.651 Y95.848 E2928.19123
G1 X197.021 Y95.844 E2928.21584
G1 X197.425 Y95.787 E2928.24298
G1 X197.788 Y95.685 E2928.26807
G1 X198.173 Y95.521 E2928.2959
G1 X198.568 Y95.277 E2928.32679
G1 X198.887 Y95.008 E2928.35455
G1 X199.135 Y94.733 E2928.37918
G1 X199.35 Y94.432 E2928.40378
G1 X199.545 Y94.064 E2928.43149
G1 X199.687 Y93.672 E2928.45922
G1 X199.772 Y93.267 E2928.48675
G1 X199.801 Y92.845 E2928.51489
G1 X199.757 Y92.331 E2928.5492
G1 X199.667 Y91.962 E2928.57447
G1 X199.517 Y91.573 E2928.6022
G1 X199.289 Y91.171 E2928.63295
G1 X199 Y90.807 E2928.66386
G0 F9000 X198.409 Y91.349
;TYPE:WALL-OUTER
G1 F2400 X198.209 Y91.16 E2928.68217
G1 X197.991 Y91 E2928.70016
G1 X197.759 Y90.87 E2928.71785
G1 X197.476 Y90.756 E2928.73814
G1 X197.175 Y90.681 E2928.75878
G1 X196.909 Y90.652 E2928.77658
G1 X196.759 Y90.65 E2928.78655
G1 X196.488 Y90.672 E2928.80464
G1 X196.224 Y90.726 E2928.82257
G1 X195.934 Y90.827 E2928.84299
G1 X195.659 Y90.967 E2928.86352
G1 X195.442 Y91.119 E2928.88114
G1 X195.185 Y91.354 E2928.90431
G1 X195.015 Y91.563 E2928.92223
G1 X194.855 Y91.821 E2928.94242
G1 X194.731 Y92.102 E2928.96286
G1 X194.646 Y92.397 E2928.98328
G1 X194.605 Y92.697 E2929.00342
G1 X194.602 Y92.968 E2929.02145
G1 X194.634 Y93.239 E2929.0396
G1 X194.697 Y93.499 E2929.0574
G1 X194.807 Y93.784 E2929.07772
G1 X194.975 Y94.08 E2929.10036
G1 X195.19 Y94.351 E2929.12337
G1 X195.39 Y94.54 E2929.14167
G1 X195.606 Y94.698 E2929.15948
G1 X195.839 Y94.83 E2929.17729
G1 X196.123 Y94.944 E2929.19765
G1 X196.424 Y95.019 E2929.21828
G1 X196.69 Y95.048 E2929.23608
G1 X196.96 Y95.045 E2929.25404
G1 X197.26 Y95.002 E2929.2742
G1 X197.522 Y94.929 E2929.29229
G1 X197.803 Y94.809 E2929.31262
G1 X198.097 Y94.627 E2929.33562
G1 X198.33 Y94.431 E2929.35587
G1 X198.511 Y94.231 E2929.37382
G1 X198.668 Y94.011 E2929.3918
G1 X198.812 Y93.739 E2929.41227
G1 X198.916 Y93.452 E2929.43257
G1 X198.978 Y93.157 E2929.45263
G1 X198.999 Y92.852 E2929.47296
G1 X198.965 Y92.461 E2929.49907
G1 X198.902 Y92.201 E2929.51687
G1 X198.792 Y91.916 E2929.53719
G1 X198.624 Y91.62 E2929.55983
G1 X198.409 Y91.349 E2929.58284
G0 F9000 X199.057 Y90.755
G1 F1500 E2928.58284
G0 F9000 X197.691 Y92.146
G0 X196.854 Y211.731
G0 X196.958 Y209.868
;TYPE:WALL-INNER
G1 F1500 E2929.60945
G1 F2400 X196.732 Y209.865 E2929.62448
G1 X196.375 Y209.894 E2929.64831
G1 X196.011 Y209.968 E2929.67302
G1 X195.62 Y210.104 E2929.70056
G1 X195.246 Y210.295 E2929.72849
G1 X194.94 Y210.509 E2929.75333
G1 X194.602 Y210.818 E2929.78379
G1 X194.362 Y211.113 E2929.80909
G1 X194.146 Y211.462 E2929.83639
G1 X193.977 Y211.844 E2929.86418
G1 X193.861 Y212.246 E2929.89201
G1 X193.806 Y212.653 E2929.91933
G1 X193.801 Y213.026 E2929.94415
G1 X193.845 Y213.396 E2929.96893
G1 X193.932 Y213.753 E2929.99337
G1 X194.082 Y214.142 E2930.02111
G1 X194.31 Y214.544 E2930.04151
G1 X194.599 Y214.908 E2930.05833
G1 X194.877 Y215.171 E2930.06531
G1 X195.171 Y215.386 E2930.0736
G1 X195.491 Y215.567
G1 X195.876 Y215.722 E2930.08652
G1 X196.283 Y215.823 E2930.10522
G1 X196.651 Y215.863 E2930.12984
G1 X197.021 Y215.859 E2930.15446
G1 X197.425 Y215.802 E2930.1816
G1 X197.788 Y215.7 E2930.20668
G1 X198.173 Y215.536 E2930.23452
G1 X198.568 Y215.292 E2930.2654
G1 X198.887 Y215.023 E2930.29316
G1 X199.135 Y214.748 E2930.31779
G1 X199.35 Y214.447 E2930.3424
G1 X199.545 Y214.079 E2930.3701
G1 X199.687 Y213.687 E2930.39783
G1 X199.772 Y213.282 E2930.42536
G1 X199.801 Y212.86 E2930.4535
G1 X199.757 Y212.346 E2930.48782
G1 X199.667 Y211.977 E2930.51308
G1 X199.517 Y211.588 E2930.54082
G1 X199.289 Y211.186 E2930.57156
G1 X199 Y210.822 E2930.60248
G1 X198.722 Y210.559 E2930.62793
G1 X198.425 Y210.341 E2930.65244
G1 X198.105 Y210.162 E2930.67683
G1 X197.723 Y210.008 E2930.70423
G1 X197.316 Y209.907 E2930.73212
G1 X196.958 Y209.868 E2930.75608
G1 F1500 E2929.75608
G0 F9000 X196.854 Y211.731
G0 X202.973 Y70.879
G0 X201.836 Y71.115
;TYPE:WALL-OUTER
G1 F1500 E2930.78269
G1 F2400 X201.988 Y71.317 E2930.7995
G1 X202.12 Y71.53 E2930.81617
G1 X202.252 Y71.805 E2930.83646
G1 X202.342 Y72.064 E2930.8547
G1 X202.409 Y72.361 E2930.87495
G1 X202.445 Y72.802 E2930.90439
G1 X202.444 Y227.266 E2941.17937
G1 X202.412 Y227.632 E2941.20381
G1 X202.343 Y227.933 E2941.22436
G1 X202.259 Y228.177 E2941.24152
G1 X202.087 Y228.528 E2941.26752
G1 X201.947 Y228.743 E2941.28459
G1 X201.781 Y228.947 E2941.30209
G1 X201.601 Y229.129 E2941.31911
G1 X201.407 Y229.291 E2941.33593
G1 X201.294 Y229.371 E2941.34514
G1 X201.054 Y229.514 E2941.36372
G1 X200.767 Y229.644 E2941.38468
G1 X200.529 Y229.722 E2941.40134
G1 X200.218 Y229.786 E2941.42246
G1 X199.941 Y229.811 E2941.44096
G1 X199.836 Y229.813 E2941.44795
G1 X195.881 Y229.813 E2941.71103
G1 X195.88 Y218.614 E2942.45599
G1 X195.856 Y218.298 E2942.47708
G1 X195.799 Y217.969 E2942.49929
G1 X195.696 Y217.608 E2942.52426
G1 X195.586 Y217.329 E2942.54421
G1 X195.395 Y216.962 E2942.57173
G1 X195.184 Y216.652 E2942.59667
G1 X194.99 Y216.419 E2942.61684
G1 X194.863 Y216.281 E2942.62932
G1 X194.863 Y216.191 E2942.63531
G1 X194.611 Y216.066 E2942.65402
G1 X194.377 Y215.893 E2942.67337
G1 X194.175 Y215.732 E2942.69056
G1 X193.932 Y215.634 E2942.70799
G1 X193.585 Y215.497 E2942.7328
G1 X193.246 Y215.401 E2942.75624
G1 X192.857 Y215.336 E2942.78248
G1 X192.598 Y215.316 E2942.79976
G1 X186.376 Y215.315 E2943.21365
G1 X185.963 Y215.354 E2943.24124
G1 X185.653 Y215.416 E2943.26227
G1 X185.37 Y215.5 E2943.28191
G1 X185.057 Y215.626 E2943.30435
G1 X184.693 Y215.82 E2943.33179
G1 X184.386 Y216.035 E2943.35672
G1 X184.118 Y216.267 E2943.3803
G1 X183.912 Y216.483 E2943.40016
G1 X183.692 Y216.765 E2943.42395
G1 X183.475 Y217.119 E2943.45157
G1 X183.332 Y217.423 E2943.47392
G1 X183.209 Y217.778 E2943.49891
G1 X183.132 Y218.107 E2943.52138
G1 X183.086 Y218.477 E2943.54619
G1 X183.078 Y218.653 E2943.55791
G1 X183.078 Y229.813 E2944.30027
G1 X159.908 Y229.813 E2945.84155
G1 X159.907 Y214.432 E2946.86469
G1 X159.883 Y214.117 E2946.88571
G1 X159.825 Y213.786 E2946.90806
G1 X159.723 Y213.426 E2946.93295
G1 X159.614 Y213.148 E2946.95282
G1 X159.481 Y212.883 E2946.97254
G1 X159.294 Y212.582 E2946.99611
G1 X159.089 Y212.32 E2947.01824
G1 X158.884 Y212.101 E2947.0382
G1 X158.615 Y211.865 E2947.062
G1 X158.309 Y211.648 E2947.08695
G1 X157.946 Y211.452 E2947.1144
G1 X157.615 Y211.318 E2947.13815
G1 X157.273 Y211.219 E2947.16183
G1 X156.922 Y211.158 E2947.18553
G1 X156.625 Y211.134 E2947.20535
G1 X146.641 Y211.133 E2947.86949
G1 X146.21 Y211.174 E2947.89829
G1 X145.805 Y211.264 E2947.92589
G1 X145.523 Y211.359 E2947.94568
G1 X145.215 Y211.495 E2947.96808
G1 X144.938 Y211.65 E2947.9892
G1 X144.65 Y211.853 E2948.01263
G1 X144.421 Y212.047 E2948.0326
G1 X144.15 Y212.332 E2948.05876
G1 X143.923 Y212.632 E2948.08378
G1 X143.74 Y212.936 E2948.10739
G1 X143.591 Y213.257 E2948.13093
G1 X143.49 Y213.538 E2948.15079
G1 X143.404 Y213.883 E2948.17444
G1 X143.352 Y214.275 E2948.20075
G1 X143.342 Y214.529 E2948.21766
G1 X143.342 Y229.813 E2949.23435
G1 X100.087 Y229.813 E2952.11169
G1 X99.744 Y229.78 E2952.13461
G1 X99.375 Y229.694 E2952.15981
G1 X99.131 Y229.603 E2952.17714
G1 X98.885 Y229.483 E2952.19534
G1 X98.612 Y229.305 E2952.21702
G1 X98.342 Y229.075 E2952.24062
G1 X98.106 Y228.814 E2952.26402
G1 X97.937 Y228.57 E2952.28377
G1 X97.817 Y228.349 E2952.3005
G1 X97.704 Y228.079 E2952.31997
G1 X97.614 Y227.764 E2952.34176
G1 X97.57 Y227.489 E2952.36028
G1 X97.555 Y227.213 E2952.37867
G1 X97.556 Y72.735 E2962.65459
G1 X97.573 Y72.476 E2962.67185
G1 X97.631 Y72.162 E2962.69309
G1 X97.744 Y71.815 E2962.71737
G1 X97.898 Y71.497 E2962.74087
G1 X98.055 Y71.255 E2962.76006
G1 X98.309 Y70.956 E2962.78616
G1 X98.61 Y70.696 E2962.81262
G1 X98.82 Y70.556 E2962.82941
G1 X99.065 Y70.428 E2962.8478
G1 X99.324 Y70.323 E2962.86639
G1 X99.601 Y70.247 E2962.88549
G1 X99.852 Y70.205 E2962.90242
G1 X100.135 Y70.187 E2962.92128
G1 X199.91 Y70.187 E2969.55834
G1 X200.252 Y70.218 E2969.58119
G1 X200.598 Y70.298 E2969.60481
G1 X200.859 Y70.393 E2969.62329
G1 X201.139 Y70.531 E2969.64405
G1 X201.395 Y70.699 E2969.66442
G1 X201.627 Y70.894 E2969.68458
G1 X201.836 Y71.115 E2969.70481
G0 F9000 X201.164 Y71.682
G0 X199.935 Y72.614
;TYPE:SKIN
G1 F2100 X200.044 Y72.751 E2969.71646
G1 X200.055 Y72.889 E2969.72567
G1 X200.055 Y89.616 E2970.83835
G1 X199.743 Y89.321 E2970.86692
G1 X199.287 Y88.986 E2970.90456
G1 X198.793 Y88.71 E2970.9422
G1 X198.213 Y88.476 E2970.9838
G1 X197.594 Y88.323 E2971.02622
G1 X197.054 Y88.264 E2971.06235
G1 X196.678 Y88.26 E2971.08736
G1 X196.152 Y88.302 E2971.12247
G1 X195.59 Y88.416 E2971.16061
G1 X194.995 Y88.622 E2971.2025
G1 X194.425 Y88.914 E2971.2451
G1 X193.944 Y89.25 E2971.28413
G1 X193.443 Y89.709 E2971.32933
G1 X193.064 Y90.174 E2971.36923
G1 X192.736 Y90.703 E2971.41064
G1 X192.479 Y91.284 E2971.4529
G1 X192.3 Y91.904 E2971.49582
G1 X192.217 Y92.52 E2971.53717
G1 X192.21 Y93.095 E2971.57542
G1 X192.278 Y93.664 E2971.61354
G1 X192.412 Y94.215 E2971.65126
G1 X192.64 Y94.809 E2971.69359
G1 X192.988 Y95.421 E2971.74042
G1 X193.424 Y95.97 E2971.78705
G1 X193.857 Y96.38 E2971.82672
G1 X194.307 Y96.709 E2971.8638
G1 X194.799 Y96.987 E2971.90139
G1 X195.386 Y97.224 E2971.9435
G1 X196.005 Y97.377 E2971.98592
G1 X196.573 Y97.438 E2972.02392
G1 X197.14 Y97.433 E2972.06164
G1 X197.752 Y97.347 E2972.10275
G1 X198.317 Y97.188 E2972.14179
G1 X198.906 Y96.936 E2972.18441
G1 X199.503 Y96.569 E2972.23102
G1 X199.995 Y96.153 E2972.27388
G1 X200.055 Y96.087 E2972.27982
G1 X200.054 Y209.63 E2979.83273
G1 X199.743 Y209.336 E2979.86119
G1 X199.287 Y209.001 E2979.89883
G1 X198.793 Y208.725 E2979.93648
G1 X198.213 Y208.491 E2979.97808
G1 X197.594 Y208.338 E2980.02049
G1 X197.054 Y208.279 E2980.05663
G1 X196.678 Y208.275 E2980.08164
G1 X196.152 Y208.317 E2980.11674
G1 X195.59 Y208.431 E2980.15489
G1 X194.995 Y208.637 E2980.19677
G1 X194.425 Y208.929 E2980.23938
G1 X193.944 Y209.265 E2980.27841
G1 X193.443 Y209.724 E2980.3236
G1 X193.064 Y210.189 E2980.36351
G1 X192.736 Y210.718 E2980.40491
G1 X192.479 Y211.299 E2980.44717
G1 X192.3 Y211.919 E2980.4901
G1 X192.217 Y212.535 E2980.53145
G1 X192.212 Y212.926 E2980.55746
G1 X186.265 Y212.925 E2980.95306
G1 X185.615 Y212.986 E2980.99648
G1 X185.076 Y213.094 E2981.03305
G1 X184.581 Y213.241 E2981.0674
G1 X184.046 Y213.457 E2981.10578
G1 X183.442 Y213.779 E2981.15131
G1 X182.915 Y214.147 E2981.19407
G1 X182.466 Y214.535 E2981.23354
G1 X182.1 Y214.92 E2981.26888
G1 X181.726 Y215.4 E2981.30936
G1 X181.368 Y215.982 E2981.35481
G1 X181.115 Y216.521 E2981.39442
G1 X180.911 Y217.111 E2981.43594
G1 X180.776 Y217.684 E2981.4751
G1 X180.702 Y218.276 E2981.51479
G1 X180.688 Y218.6 E2981.53636
G1 X180.688 Y227.423 E2982.12327
G1 X162.298 Y227.423 E2983.34658
G1 X162.297 Y214.342 E2984.21673
G1 X162.257 Y213.819 E2984.25162
G1 X162.158 Y213.252 E2984.28991
G1 X161.99 Y212.661 E2984.33078
G1 X161.799 Y212.174 E2984.36558
G1 X161.57 Y211.716 E2984.39964
G1 X161.256 Y211.21 E2984.43925
G1 X160.905 Y210.763 E2984.47706
G1 X160.55 Y210.382 E2984.5117
G1 X160.099 Y209.987 E2984.55158
G1 X159.572 Y209.614 E2984.59453
G1 X158.964 Y209.286 E2984.64048
G1 X158.398 Y209.057 E2984.6811
G1 X157.811 Y208.886 E2984.72177
G1 X157.223 Y208.786 E2984.76144
G1 X156.723 Y208.744 E2984.79482
G1 X146.528 Y208.743 E2985.473
G1 X145.837 Y208.808 E2985.51916
G1 X145.163 Y208.958 E2985.5651
G1 X144.656 Y209.128 E2985.60067
G1 X144.145 Y209.355 E2985.63786
G1 X143.661 Y209.626 E2985.67476
G1 X143.186 Y209.961 E2985.71343
G1 X142.779 Y210.305 E2985.74887
G1 X142.325 Y210.782 E2985.79268
G1 X141.941 Y211.29 E2985.83504
G1 X141.625 Y211.813 E2985.87569
G1 X141.377 Y212.349 E2985.91497
G1 X141.2 Y212.844 E2985.94994
G1 X141.052 Y213.435 E2985.99047
G1 X140.968 Y214.071 E2986.03314
G1 X140.952 Y214.481 E2986.06044
G1 X140.952 Y227.423 E2986.92134
G1 X100.227 Y227.423 E2989.63038
G1 X100.03 Y227.366 E2989.64402
G1 X99.946 Y227.181 E2989.65754
G1 X99.945 Y216.097 E2990.39485
G1 X100.056 Y216.217 E2990.40572
G1 X100.53 Y216.608 E2990.4466
G1 X101.174 Y216.994 E2990.49654
G1 X101.788 Y217.239 E2990.54052
G1 X102.406 Y217.392 E2990.58287
G1 X102.974 Y217.453 E2990.62087
G1 X103.541 Y217.448 E2990.65859
G1 X104.153 Y217.362 E2990.6997
G1 X104.718 Y217.203 E2990.73874
G1 X105.307 Y216.951 E2990.78136
G1 X105.904 Y216.584 E2990.82797
G1 X106.396 Y216.168 E2990.87083
G1 X106.777 Y215.746 E2990.90865
G1 X107.106 Y215.286 E2990.94627
G1 X107.403 Y214.724 E2990.98856
G1 X107.621 Y214.123 E2991.03108
G1 X107.751 Y213.501 E2991.07335
G1 X107.796 Y212.847 E2991.11696
G1 X107.732 Y212.088 E2991.16763
G1 X107.588 Y211.5 E2991.2079
G1 X107.36 Y210.906 E2991.25022
G1 X107.012 Y210.294 E2991.29705
G1 X106.576 Y209.745 E2991.34369
G1 X106.144 Y209.336 E2991.38326
G1 X105.688 Y209.001 E2991.4209
G1 X105.194 Y208.725 E2991.45854
G1 X104.614 Y208.491 E2991.50015
G1 X103.995 Y208.338 E2991.54256
G1 X103.455 Y208.279 E2991.5787
G1 X103.079 Y208.275 E2991.60371
G1 X102.553 Y208.317 E2991.63881
G1 X101.991 Y208.431 E2991.67696
G1 X101.396 Y208.637 E2991.71884
G1 X100.826 Y208.929 E2991.76144
G1 X100.345 Y209.265 E2991.80047
G1 X99.945 Y209.631 E2991.83654
G1 X99.946 Y96.083 E2999.38978
G1 X100.056 Y96.202 E2999.40056
G1 X100.53 Y96.593 E2999.44144
G1 X101.174 Y96.979 E2999.49138
G1 X101.788 Y97.224 E2999.53536
G1 X102.406 Y97.377 E2999.57771
G1 X102.974 Y97.438 E2999.61571
G1 X103.541 Y97.433 E2999.65343
G1 X104.153 Y97.347 E2999.69454
G1 X104.718 Y97.188 E2999.73358
G1 X105.307 Y96.936 E2999.7762
G1 X105.904 Y96.569 E2999.82281
G1 X106.396 Y96.153 E2999.86567
G1 X106.777 Y95.731 E2999.90349
G1 X107.106 Y95.271 E2999.94111
G1 X107.403 Y94.709 E2999.98339
G1 X107.621 Y94.108 E3000.02592
G1 X107.751 Y93.486 E3000.06819
G1 X107.796 Y92.832 E3000.1118
G1 X107.732 Y92.073 E3000.16247
G1 X107.588 Y91.485 E3000.20274
G1 X107.36 Y90.891 E3000.24506
G1 X107.012 Y90.279 E3000.29189
G1 X106.576 Y89.73 E3000.33853
G1 X106.144 Y89.321 E3000.3781
G1 X105.688 Y88.986 E3000.41574
G1 X105.194 Y88.71 E3000.45338
G1 X104.614 Y88.476 E3000.49498
G1 X103.995 Y88.323 E3000.5374
G1 X103.455 Y88.264 E3000.57353
G1 X103.079 Y88.26 E3000.59855
G1 X102.553 Y88.302 E3000.63365
G1 X101.991 Y88.416 E3000.67179
G1 X101.396 Y88.622 E3000.71368
G1 X100.826 Y88.914 E3000.75628
G1 X100.345 Y89.25 E3000.79531
G1 X99.946 Y89.616 E3000.83133
G1 X99.946 Y72.866 E3001.94554
G1 X99.976 Y72.705 E3001.95644
G1 X100.155 Y72.587 E3001.9707
G1 X100.25 Y72.577 E3001.97705
G1 X199.794 Y72.577 E3008.59875
G1 X199.935 Y72.614 E3008.60844
G1 F1500 E3007.60844
G0 F9000 X199.928 Y69.123
G0 X99.714 Y69.149
G0 X98.797 Y69.383
G0 X97.984 Y69.834
G0 X97.291 Y70.501
G0 X96.859 Y71.241
G0 X96.693 Y71.585
G0 X100.266 Y73.6
G1 F1500 E3008.63505
G1 F2100 X199.735 Y73.6 E3015.25176
G0 F9000 X199.735 Y74.4
G1 F2100 X100.266 Y74.4 E3021.86846
G0 F9000 X100.266 Y75.2
G1 F2100 X199.735 Y75.2 E3028.48517
G0 F9000 X199.735 Y76
G1 F2100 X100.266 Y76 E3035.10187
G0 F9000 X100.266 Y76.8
G1 F2100 X199.735 Y76.8 E3041.71858
G0 F9000 X199.735 Y77.6
G1 F2100 X100.266 Y77.6 E3048.33528
G0 F9000 X100.266 Y78.4
G1 F2100 X199.735 Y78.4 E3054.95198
G0 F9000 X199.735 Y79.2
G1 F2100 X100.266 Y79.2 E3061.56869
G0 F9000 X100.266 Y80
G1 F2100 X199.735 Y80 E3068.18539
G0 F9000 X199.735 Y80.8
G1 F2100 X100.266 Y80.8 E3074.8021
G0 F9000 X100.266 Y81.6
G1 F2100 X199.735 Y81.6 E3081.4188
G0 F9000 X199.735 Y82.4
G1 F2100 X100.266 Y82.4 E3088.03551
G0 F9000 X100.266 Y83.2
G1 F2100 X199.735 Y83.2 E3094.65221
G0 F9000 X199.735 Y84
G1 F2100 X100.266 Y84 E3101.26892
G0 F9000 X100.266 Y84.8
G1 F2100 X199.735 Y84.8 E3107.88562
G0 F9000 X199.735 Y85.6
G1 F2100 X100.266 Y85.6 E3114.50233
G0 F9000 X100.266 Y86.4
G1 F2100 X199.735 Y86.4 E3121.11903
G0 F9000 X199.735 Y87.2
G1 F2100 X100.266 Y87.2 E3127.73574
G0 F9000 X100.266 Y88
G1 F2100 X102.429 Y88 E3127.87962
G0 F9000 X103.98 Y88
G1 F2100 X196.023 Y88 E3134.00235
G0 F9000 X197.588 Y88
G1 F2100 X199.735 Y88 E3134.14516
G0 F9000 X199.735 Y88.8
G1 F2100 X199.575 Y88.8 E3134.15581
G0 F9000 X194.027 Y88.8
G1 F2100 X105.976 Y88.8 E3140.01298
G0 F9000 X106.881 Y89.6
G1 F2100 X193.118 Y89.6 E3145.74949
G0 F9000 X192.546 Y90.4
G1 F2100 X107.448 Y90.4 E3151.41023
G0 F9000 X107.821 Y91.2
G1 F2100 X192.169 Y91.2 E3157.02109
G0 F9000 X191.964 Y92
G1 F2100 X108.042 Y92 E3162.6036
G0 F9000 X108.114 Y92.8
G1 F2100 X191.893 Y92.8 E3168.1766
G0 F9000 X191.949 Y93.6
G1 F2100 X108.055 Y93.6 E3173.75725
G0 F9000 X107.857 Y94.4
G1 F2100 X192.142 Y94.4 E3179.36391
G0 F9000 X192.496 Y95.2
G1 F2100 X107.506 Y95.2 E3185.01747
G0 F9000 X106.965 Y96
G1 F2100 X193.041 Y96 E3190.74327
G0 F9000 X193.891 Y96.8
G1 F2100 X106.127 Y96.8 E3196.58136
G0 F9000 X104.434 Y97.6
G1 F2100 X195.577 Y97.6 E3202.64421
G0 F9000 X198.03 Y97.6
G1 F2100 X199.734 Y97.6 E3202.75756
G0 F9000 X199.734 Y98.4
G1 F2100 X100.266 Y98.4 E3209.3742
G0 F9000 X100.266 Y97.6
G1 F2100 X101.974 Y97.6 E3209.48782
G0 F9000 X100.266 Y99.2
G1 F2100 X199.734 Y99.2 E3216.10446
G0 F9000 X199.734 Y100
G1 F2100 X100.266 Y100 E3222.72109
G0 F9000 X100.266 Y100.8
G1 F2100 X199.734 Y100.8 E3229.33773
G0 F9000 X199.734 Y101.6
G1 F2100 X100.266 Y101.6 E3235.95437
G0 F9000 X100.266 Y102.4
G1 F2100 X199.734 Y102.4 E3242.57101
G0 F9000 X199.734 Y103.2
G1 F2100 X100.266 Y103.2 E3249.18765
G0 F9000 X100.266 Y104
G1 F2100 X199.734 Y104 E3255.80429
G0 F9000 X199.734 Y104.8
G1 F2100 X100.266 Y104.8 E3262.42092
G0 F9000 X100.266 Y105.6
G1 F2100 X199.734 Y105.6 E3269.03756
G0 F9000 X199.734 Y106.4
G1 F2100 X100.266 Y106.4 E3275.6542
G0 F9000 X100.266 Y107.2
G1 F2100 X199.734 Y107.2 E3282.27084
G0 F9000 X199.734 Y108
G1 F2100 X100.266 Y108 E3288.88748
G0 F9000 X100.266 Y108.8
G1 F2100 X199.734 Y108.8 E3295.50412
G0 F9000 X199.734 Y109.6
G1 F2100 X100.266 Y109.6 E3302.12075
G0 F9000 X100.266 Y110.4
G1 F2100 X199.734 Y110.4 E3308.73739
G0 F9000 X199.734 Y111.2
G1 F2100 X100.266 Y111.2 E3315.35403
G0 F9000 X100.266 Y112
G1 F2100 X199.734 Y112 E3321.97067
G0 F9000 X199.734 Y112.8
G1 F2100 X100.266 Y112.8 E3328.58731
G0 F9000 X100.266 Y113.6
G1 F2100 X199.734 Y113.6 E3335.20394
G0 F9000 X199.734 Y114.4
G1 F2100 X100.266 Y114.4 E3341.82058
G0 F9000 X100.266 Y115.2
G1 F2100 X199.734 Y115.2 E3348.43722
G0 F9000 X199.734 Y116
G1 F2100 X100.266 Y116 E3355.05386
G0 F9000 X100.266 Y116.8
G1 F2100 X199.734 Y116.8 E3361.6705
G0 F9000 X199.734 Y117.6
G1 F2100 X100.266 Y117.6 E3368.28714
G0 F9000 X100.266 Y118.4
G1 F2100 X199.734 Y118.4 E3374.90377
G0 F9000 X199.734 Y119.2
G1 F2100 X100.265 Y119.2 E3381.52048
G0 F9000 X100.265 Y120
G1 F2100 X199.734 Y120 E3388.13718
G0 F9000 X199.734 Y120.8
G1 F2100 X100.265 Y120.8 E3394.75389
G0 F9000 X100.265 Y121.6
G1 F2100 X199.734 Y121.6 E3401.37059
G0 F9000 X199.734 Y122.4
G1 F2100 X100.265 Y122.4 E3407.9873
G0 F9000 X100.265 Y123.2
G1 F2100 X199.734 Y123.2 E3414.604
G0 F9000 X199.734 Y124
G1 F2100 X100.265 Y124 E3421.22071
G0 F9000 X100.265 Y124.8
G1 F2100 X199.734 Y124.8 E3427.83741
G0 F9000 X199.734 Y125.6
G1 F2100 X100.265 Y125.6 E3434.45412
G0 F9000 X100.265 Y126.4
G1 F2100 X199.734 Y126.4 E3441.07082
G0 F9000 X199.734 Y127.2
G1 F2100 X100.265 Y127.2 E3447.68753
G0 F9000 X100.265 Y128
G1 F2100 X199.734 Y128 E3454.30423
G0 F9000 X199.734 Y128.8
G1 F2100 X100.265 Y128.8 E3460.92094
G0 F9000 X100.265 Y129.6
G1 F2100 X199.734 Y129.6 E3467.53764
G0 F9000 X199.734 Y130.4
G1 F2100 X100.265 Y130.4 E3474.15435
G0 F9000 X100.265 Y131.2
G1 F2100 X199.734 Y131.2 E3480.77105
G0 F9000 X199.734 Y132
G1 F2100 X100.265 Y132 E3487.38775
G0 F9000 X100.265 Y132.8
G1 F2100 X199.734 Y132.8 E3494.00446
G0 F9000 X199.734 Y133.6
G1 F2100 X100.265 Y133.6 E3500.62116
G0 F9000 X100.265 Y134.4
G1 F2100 X199.734 Y134.4 E3507.23787
G0 F9000 X199.734 Y135.2
G1 F2100 X100.265 Y135.2 E3513.85457
G0 F9000 X100.265 Y136
G1 F2100 X199.734 Y136 E3520.47128
G0 F9000 X199.734 Y136.8
G1 F2100 X100.265 Y136.8 E3527.08798
G0 F9000 X100.265 Y137.6
G1 F2100 X199.734 Y137.6 E3533.70469
G0 F9000 X199.734 Y138.4
G1 F2100 X100.265 Y138.4 E3540.32139
G0 F9000 X100.265 Y139.2
G1 F2100 X199.734 Y139.2 E3546.9381
G0 F9000 X199.734 Y140
G1 F2100 X100.265 Y140 E3553.5548
G0 F9000 X100.265 Y140.8
G1 F2100 X199.734 Y140.8 E3560.17151
G0 F9000 X199.734 Y141.6
G1 F2100 X100.265 Y141.6 E3566.78821
G0 F9000 X100.265 Y142.4
G1 F2100 X199.734 Y142.4 E3573.40492
G0 F9000 X199.734 Y143.2
G1 F2100 X100.265 Y143.2 E3580.02162
G0 F9000 X100.265 Y144
G1 F2100 X199.734 Y144 E3586.63833
G0 F9000 X199.734 Y144.8
G1 F2100 X100.265 Y144.8 E3593.25503
G0 F9000 X100.265 Y145.6
G1 F2100 X199.734 Y145.6 E3599.87174
G0 F9000 X199.734 Y146.4
G1 F2100 X100.265 Y146.4 E3606.48844
G0 F9000 X100.265 Y147.2
G1 F2100 X199.734 Y147.2 E3613.10514
G0 F9000 X199.734 Y148
G1 F2100 X100.265 Y148 E3619.72185
G0 F9000 X100.265 Y148.8
G1 F2100 X199.734 Y148.8 E3626.33855
G0 F9000 X199.734 Y149.6
G1 F2100 X100.265 Y149.6 E3632.95526
G0 F9000 X100.265 Y150.4
G1 F2100 X199.734 Y150.4 E3639.57196
G0 F9000 X199.734 Y151.2
G1 F2100 X100.265 Y151.2 E3646.18867
G0 F9000 X100.265 Y152
G1 F2100 X199.734 Y152 E3652.80537
G0 F9000 X199.734 Y152.8
G1 F2100 X100.265 Y152.8 E3659.42208
G0 F9000 X100.265 Y153.6
G1 F2100 X199.734 Y153.6 E3666.03878
G0 F9000 X199.734 Y154.4
G1 F2100 X100.265 Y154.4 E3672.65549
G0 F9000 X100.265 Y155.2
G1 F2100 X199.734 Y155.2 E3679.27219
G0 F9000 X199.734 Y156
G1 F2100 X100.265 Y156 E3685.8889
G0 F9000 X100.265 Y156.8
G1 F2100 X199.734 Y156.8 E3692.5056
G0 F9000 X199.734 Y157.6
G1 F2100 X100.265 Y157.6 E3699.12231
G0 F9000 X100.265 Y158.4
G1 F2100 X199.734 Y158.4 E3705.73901
G0 F9000 X199.734 Y159.2
G1 F2100 X100.265 Y159.2 E3712.35572
G0 F9000 X100.265 Y160
G1 F2100 X199.734 Y160 E3718.97242
G0 F9000 X199.734 Y160.8
G1 F2100 X100.265 Y160.8 E3725.58913
G0 F9000 X100.265 Y161.6
G1 F2100 X199.734 Y161.6 E3732.20583
G0 F9000 X199.734 Y162.4
G1 F2100 X100.265 Y162.4 E3738.82253
G0 F9000 X100.265 Y163.2
G1 F2100 X199.734 Y163.2 E3745.43924
G0 F9000 X199.734 Y164
G1 F2100 X100.265 Y164 E3752.05594
G0 F9000 X100.265 Y164.8
G1 F2100 X199.734 Y164.8 E3758.67265
G0 F9000 X199.734 Y165.6
G1 F2100 X100.265 Y165.6 E3765.28935
G0 F9000 X100.265 Y166.4
G1 F2100 X199.734 Y166.4 E3771.90606
G0 F9000 X199.734 Y167.2
G1 F2100 X100.265 Y167.2 E3778.52276
G0 F9000 X100.265 Y168
G1 F2100 X199.734 Y168 E3785.13947
G0 F9000 X199.734 Y168.8
G1 F2100 X100.265 Y168.8 E3791.75617
G0 F9000 X100.265 Y169.6
G1 F2100 X199.734 Y169.6 E3798.37288
G0 F9000 X199.734 Y170.4
G1 F2100 X100.265 Y170.4 E3804.98958
G0 F9000 X100.265 Y171.2
G1 F2100 X199.734 Y171.2 E3811.60629
G0 F9000 X199.734 Y172
G1 F2100 X100.265 Y172 E3818.22299
G0 F9000 X100.265 Y172.8
G1 F2100 X199.734 Y172.8 E3824.8397
G0 F9000 X199.734 Y173.6
G1 F2100 X100.265 Y173.6 E3831.4564
G0 F9000 X100.265 Y174.4
G1 F2100 X199.734 Y174.4 E3838.07311
G0 F9000 X199.734 Y175.2
G1 F2100 X100.265 Y175.2 E3844.68981
G0 F9000 X100.265 Y176
G1 F2100 X199.734 Y176 E3851.30652
G0 F9000 X199.734 Y176.8
G1 F2100 X100.265 Y176.8 E3857.92322
G0 F9000 X100.265 Y177.6
G1 F2100 X199.734 Y177.6 E3864.53993
G0 F9000 X199.734 Y178.4
G1 F2100 X100.265 Y178.4 E3871.15663
G0 F9000 X100.265 Y179.2
G1 F2100 X199.734 Y179.2 E3877.77333
G0 F9000 X199.734 Y180
G1 F2100 X100.265 Y180 E3884.39004
G0 F9000 X100.265 Y180.8
G1 F2100 X199.734 Y180.8 E3891.00674
G0 F9000 X199.734 Y181.6
G1 F2100 X100.265 Y181.6 E3897.62345
G0 F9000 X100.265 Y182.4
G1 F2100 X199.734 Y182.4 E3904.24015
G0 F9000 X199.734 Y183.2
G1 F2100 X100.265 Y183.2 E3910.85686
G0 F9000 X100.265 Y184
G1 F2100 X199.734 Y184 E3917.47356
G0 F9000 X199.734 Y184.8
G1 F2100 X100.265 Y184.8 E3924.09027
G0 F9000 X100.265 Y185.6
G1 F2100 X199.734 Y185.6 E3930.70697
G0 F9000 X199.734 Y186.4
G1 F2100 X100.265 Y186.4 E3937.32368
G0 F9000 X100.265 Y187.2
G1 F2100 X199.734 Y187.2 E3943.94038
G0 F9000 X199.734 Y188
G1 F2100 X100.265 Y188 E3950.55709
G0 F9000 X100.265 Y188.8
G1 F2100 X199.734 Y188.8 E3957.17379
G0 F9000 X199.734 Y189.6
G1 F2100 X100.265 Y189.6 E3963.7905
G0 F9000 X100.265 Y190.4
G1 F2100 X199.734 Y190.4 E3970.4072
G0 F9000 X199.734 Y191.2
G1 F2100 X100.265 Y191.2 E3977.02391
G0 F9000 X100.265 Y192
G1 F2100 X199.734 Y192 E3983.64061
G0 F9000 X199.734 Y192.8
G1 F2100 X100.265 Y192.8 E3990.25732
G0 F9000 X100.265 Y193.6
G1 F2100 X199.734 Y193.6 E3996.87402
G0 F9000 X199.734 Y194.4
G1 F2100 X100.265 Y194.4 E4003.49072
G0 F9000 X100.265 Y195.2
G1 F2100 X199.734 Y195.2 E4010.10743
G0 F9000 X199.734 Y196
G1 F2100 X100.265 Y196 E4016.72413
G0 F9000 X100.265 Y196.8
G1 F2100 X199.734 Y196.8 E4023.34084
G0 F9000 X199.734 Y197.6
G1 F2100 X100.265 Y197.6 E4029.95754
G0 F9000 X100.265 Y198.4
G1 F2100 X199.734 Y198.4 E4036.57425
G0 F9000 X199.734 Y199.2
G1 F2100 X100.265 Y199.2 E4043.19095
G0 F9000 X100.265 Y200
G1 F2100 X199.734 Y200 E4049.80766
G0 F9000 X199.734 Y200.8
G1 F2100 X100.265 Y200.8 E4056.42436
G0 F9000 X100.265 Y201.6
G1 F2100 X199.734 Y201.6 E4063.04107
G0 F9000 X199.734 Y202.4
G1 F2100 X100.265 Y202.4 E4069.65777
G0 F9000 X100.265 Y203.2
G1 F2100 X199.734 Y203.2 E4076.27448
G0 F9000 X199.734 Y204
G1 F2100 X100.265 Y204 E4082.89118
G0 F9000 X100.265 Y204.8
G1 F2100 X199.734 Y204.8 E4089.50789
G0 F9000 X199.734 Y205.6
G1 F2100 X100.265 Y205.6 E4096.12459
G0 F9000 X100.265 Y206.4
G1 F2100 X199.734 Y206.4 E4102.7413
G0 F9000 X199.734 Y207.2
G1 F2100 X100.265 Y207.2 E4109.358
G0 F9000 X100.265 Y208
G1 F2100 X102.502 Y208 E4109.50681
G0 F9000 X103.842 Y208
G1 F2100 X196.102 Y208 E4115.64397
G0 F9000 X197.442 Y208
G1 F2100 X199.734 Y208 E4115.79643
G0 F9000 X199.734 Y208.8
G1 F2100 X199.553 Y208.8 E4115.80847
G0 F9000 X194.05 Y208.8
G1 F2100 X158.616 Y208.8 E4118.16555
G0 F9000 X160.107 Y209.6
G1 F2100 X193.131 Y209.6 E4120.36232
G0 F9000 X192.556 Y210.4
G1 F2100 X161.004 Y210.4 E4122.46116
G0 F9000 X161.626 Y211.2
G1 F2100 X192.174 Y211.2 E4124.49322
G0 F9000 X191.966 Y212
G1 F2100 X162.069 Y212 E4126.48198
G0 F9000 X162.361 Y212.8
G1 F2100 X184.942 Y212.8 E4127.98408
G0 F9000 X183.14 Y213.6
G1 F2100 X162.543 Y213.6 E4129.35419
G0 F9000 X162.617 Y214.4
G1 F2100 X182.152 Y214.4 E4130.65367
G0 F9000 X181.475 Y215.2
G1 F2100 X162.617 Y215.2 E4131.90811
G0 F9000 X162.617 Y216
G1 F2100 X181.005 Y216 E4133.13128
G0 F9000 X180.679 Y216.8
G1 F2100 X162.617 Y216.8 E4134.33277
G0 F9000 X162.617 Y217.6
G1 F2100 X180.467 Y217.6 E4135.52016
G0 F9000 X180.376 Y218.4
G1 F2100 X162.617 Y218.4 E4136.70149
G0 F9000 X162.617 Y219.2
G1 F2100 X180.368 Y219.2 E4137.88229
G0 F9000 X180.368 Y220
G1 F2100 X162.617 Y220 E4139.06309
G0 F9000 X162.617 Y220.8
G1 F2100 X180.368 Y220.8 E4140.24389
G0 F9000 X180.368 Y221.6
G1 F2100 X162.617 Y221.6 E4141.4247
G0 F9000 X162.617 Y222.4
G1 F2100 X180.368 Y222.4 E4142.6055
G0 F9000 X180.368 Y223.2
G1 F2100 X162.617 Y223.2 E4143.7863
G0 F9000 X162.617 Y224
G1 F2100 X180.368 Y224 E4144.9671
G0 F9000 X180.368 Y224.8
G1 F2100 X162.617 Y224.8 E4146.1479
G0 F9000 X162.617 Y225.6
G1 F2100 X180.368 Y225.6 E4147.3287
G0 F9000 X180.368 Y226.4
G1 F2100 X162.617 Y226.4 E4148.5095
G1 F1500 E4147.5095
G0 F9000 X158.843 Y226.401
G0 X144.407 Y226.4
G0 X140.632 Y226.4
G1 F1500 E4148.53611
G1 F2100 X100.264 Y226.4 E4151.2214
G0 F9000 X100.264 Y225.6
G1 F2100 X140.632 Y225.6 E4153.90669
G0 F9000 X140.632 Y224.8
G1 F2100 X100.264 Y224.8 E4156.59198
G0 F9000 X100.264 Y224
G1 F2100 X140.632 Y224 E4159.27727
G0 F9000 X140.632 Y223.2
G92 E0
G1 F2100 X100.264 Y223.2 E2.68529
G0 F9000 X100.264 Y222.4
G1 F2100 X140.632 Y222.4 E5.37058
G0 F9000 X140.632 Y221.6
G1 F2100 X100.264 Y221.6 E8.05587
G0 F9000 X100.264 Y220.8
G1 F2100 X140.632 Y220.8 E10.74116
G0 F9000 X140.632 Y220
G1 F2100 X100.264 Y220 E13.42645
G0 F9000 X100.264 Y219.2
G1 F2100 X140.632 Y219.2 E16.11174
G0 F9000 X140.632 Y218.4
G1 F2100 X100.264 Y218.4 E18.79703
G0 F9000 X100.264 Y217.6
G1 F2100 X101.913 Y217.6 E18.90672
G0 F9000 X104.487 Y217.6
G1 F2100 X140.632 Y217.6 E21.3111
G0 F9000 X140.632 Y216.8
G1 F2100 X106.144 Y216.8 E23.60525
G0 F9000 X106.978 Y216
G1 F2100 X140.632 Y216 E25.84392
G0 F9000 X140.632 Y215.2
G1 F2100 X107.513 Y215.2 E28.04701
G0 F9000 X107.861 Y214.4
G1 F2100 X140.634 Y214.4 E30.22708
G0 F9000 X140.707 Y213.6
G1 F2100 X108.057 Y213.6 E32.39896
G0 F9000 X108.112 Y212.8
G1 F2100 X140.881 Y212.8 E34.57877
G0 F9000 X141.186 Y212
G1 F2100 X108.038 Y212 E36.78378
G0 F9000 X107.814 Y211.2
G1 F2100 X141.62 Y211.2 E39.03256
G0 F9000 X142.246 Y210.4
G1 F2100 X107.438 Y210.4 E41.348
G0 F9000 X106.868 Y209.6
G1 F2100 X143.141 Y209.6 E43.76089
G0 F9000 X144.628 Y208.8
G1 F2100 X105.955 Y208.8 E46.33343
G0 F9000 X100.45 Y208.8
G1 F2100 X100.265 Y208.8 E46.34574
G1 F1500 E45.34574
G0 F9000 X102.617 Y211.891
G0 X102.511 Y91.947
G0 X100.266 Y88.8
G1 F1500 E46.37234
G1 F2100 X100.429 Y88.8 E46.38319
G1 F1500 E45.38319
G0 F9000 X102.536 Y91.931
G0 X197.081 Y213.966
G0 X198.084 Y217.268
G1 F1500 E46.4098
G1 F2100 X198.317 Y217.203 E46.42589
G1 X198.906 Y216.951 E46.4685
G1 X199.503 Y216.584 E46.51512
G1 X199.995 Y216.168 E46.55798
G1 X200.054 Y216.103 E46.56382
G1 X200.054 Y227.117 E47.29647
G1 X199.986 Y227.344 E47.31223
G1 X199.91 Y227.401 E47.31855
G1 X199.774 Y227.422 E47.32771
G1 X198.271 Y227.423 E47.42769
G1 X198.27 Y218.524 E48.01965
G1 X198.23 Y218.003 E48.05441
G1 X198.132 Y217.436 E48.09269
G1 X198.084 Y217.268 E48.10431
G0 F9000 X199.734 Y217.6
G1 F2100 X198.484 Y217.6 E48.18746
G0 F9000 X198.581 Y218.4
G1 F2100 X199.734 Y218.4 E48.26416
G0 F9000 X199.734 Y219.2
G1 F2100 X198.59 Y219.2 E48.34026
G0 F9000 X198.59 Y220
G1 F2100 X199.734 Y220 E48.41636
G0 F9000 X199.734 Y220.8
G1 F2100 X198.59 Y220.8 E48.49246
G0 F9000 X198.59 Y221.6
G1 F2100 X199.734 Y221.6 E48.56855
G0 F9000 X199.734 Y222.4
G1 F2100 X198.59 Y222.4 E48.64465
G0 F9000 X198.59 Y223.2
G1 F2100 X199.734 Y223.2 E48.72075
G0 F9000 X199.734 Y224
G1 F2100 X198.59 Y224 E48.79685
G0 F9000 X198.59 Y224.8
G1 F2100 X199.734 Y224.8 E48.87295
G0 F9000 X199.734 Y225.6
G1 F2100 X198.59 Y225.6 E48.94905
G0 F9000 X198.59 Y226.4
G1 F2100 X199.734 Y226.4 E49.02515
G1 F1500 E48.02515
;MESH:NONMESH
G0 F300 X199.734 Y226.4 Z1.4
G0 F9000 X203.51 Y226.4
G0 X197.422 Y211.915
G0 X198.45 Y209.439
;TIME_ELAPSED:4608.881627
;LAYER:6
;TYPE:WALL-INNER
;MESH:Top of Case V2.STL
G1 F1500 E49.05176
G1 F2400 X197.973 Y209.246 E49.08599
G1 X197.451 Y209.117 E49.12175
G1 X196.967 Y209.066 E49.15413
G1 X196.697 Y209.065 E49.17209
G1 X196.262 Y209.101 E49.20112
G1 X195.795 Y209.195 E49.23281
G1 X195.301 Y209.368 E49.26763
G1 X194.822 Y209.615 E49.30348
G1 X194.356 Y209.95 E49.34166
G1 X193.997 Y210.29 E49.37455
G1 X193.638 Y210.747 E49.41321
G1 X193.328 Y211.305 E49.45567
G1 X193.141 Y211.827 E49.49255
G1 X193.033 Y212.337 E49.52723
G1 X192.996 Y212.883 E49.56363
G1 X193.05 Y213.517 E49.60596
G1 X193.109 Y213.757 E49.6224
G1 X192.843 Y213.727 E49.62872
G1 X192.578 Y213.715 E49.63937
G1 X186.29 Y213.716 E50.05765
G1 X185.803 Y213.758 E50.09016
G1 X185.345 Y213.841 E50.12112
G1 X184.856 Y213.984 E50.15501
G1 X184.44 Y214.145 E50.18469
G1 X184.044 Y214.345 E50.2142
G1 X183.618 Y214.611 E50.24761
G1 X183.264 Y214.881 E50.27722
G1 X182.926 Y215.191 E50.30773
G1 X182.536 Y215.634 E50.34699
G1 X182.193 Y216.132 E50.38722
G1 X181.948 Y216.594 E50.422
G1 X181.775 Y217.011 E50.45203
G1 X181.627 Y217.498 E50.48589
G1 X181.538 Y217.932 E50.51536
G1 X181.49 Y218.351 E50.54342
G1 X181.478 Y218.617 E50.56113
G1 X181.478 Y228.213 E51.19946
G1 X161.508 Y228.213 E52.52787
G1 X161.507 Y214.359 E53.44944
G1 X161.465 Y213.849 E53.48348
G1 X161.361 Y213.323 E53.51915
G1 X161.209 Y212.825 E53.55378
G1 X161.004 Y212.339 E53.58887
G1 X160.753 Y211.887 E53.62326
G1 X160.502 Y211.521 E53.65278
G1 X160.221 Y211.181 E53.68212
G1 X159.856 Y210.814 E53.71656
G1 X159.453 Y210.49 E53.75095
G1 X159.024 Y210.208 E53.7851
G1 X158.563 Y209.972 E53.81955
G1 X158.133 Y209.802 E53.85031
G1 X157.634 Y209.657 E53.88488
G1 X157.126 Y209.57 E53.91916
G1 X156.691 Y209.534 E53.9482
G1 X146.626 Y209.533 E54.61772
G1 X146.135 Y209.568 E54.65047
G1 X145.619 Y209.657 E54.6853
G1 X145.126 Y209.798 E54.71941
G1 X144.637 Y209.995 E54.75448
G1 X144.234 Y210.203 E54.78465
G1 X143.8 Y210.488 E54.81918
G1 X143.396 Y210.814 E54.85372
G1 X143.033 Y211.176 E54.88782
G1 X142.742 Y211.527 E54.91815
G1 X142.454 Y211.958 E54.95263
G1 X142.208 Y212.419 E54.98739
G1 X142.017 Y212.891 E55.02126
G1 X141.872 Y213.397 E55.05627
G1 X141.789 Y213.834 E55.08586
G1 X141.748 Y214.26 E55.11433
G1 X141.742 Y214.51 E55.13097
G1 X141.742 Y228.213 E56.04249
G1 X100.17 Y228.213 E58.80787
G1 X99.906 Y228.177 E58.8256
G1 X99.666 Y228.08 E58.84282
G1 X99.452 Y227.916 E58.86075
G1 X99.231 Y227.582 E58.88739
G1 X99.155 Y227.183 E58.91441
G1 X99.155 Y214.485 E59.75909
G1 X99.155 Y213.45 E59.82793
G1 X99.155 Y212.334 E59.90217
G1 X99.155 Y211.305 E59.97062
G1 X99.155 Y94.47 E67.74252
G1 X99.155 Y93.435 E67.81136
G1 X99.155 Y92.319 E67.8856
G1 X99.155 Y91.29 E67.95405
G1 X99.156 Y72.816 E69.18295
G1 X99.192 Y72.533 E69.20192
G1 X99.266 Y72.339 E69.21573
G1 X99.437 Y72.096 E69.2355
G1 X99.636 Y71.935 E69.25253
G1 X99.979 Y71.807 E69.27688
G1 X100.167 Y71.787 E69.28946
G1 X199.82 Y71.787 E75.9184
G1 X200.207 Y71.86 E75.9446
G1 X200.483 Y72.024 E75.96596
G1 X200.657 Y72.214 E75.98309
G1 X200.811 Y72.544 E76.00732
G1 X200.844 Y72.824 E76.02607
G1 X200.844 Y91.227 E77.25025
G1 X200.844 Y92.198 E77.31484
G1 X200.844 Y93.378 E77.39333
G1 X200.844 Y94.41 E77.46198
G1 X200.844 Y211.242 E85.23368
G1 X200.844 Y212.213 E85.29827
G1 X200.844 Y213.393 E85.37676
G1 X200.844 Y214.424 E85.44534
G1 X200.845 Y227.156 E86.29228
G1 X200.802 Y227.484 E86.31428
G1 X200.702 Y227.717 E86.33115
G1 X200.49 Y227.97 E86.35311
G1 X200.176 Y228.153 E86.37728
G1 X199.88 Y228.211 E86.39735
G1 X199.837 Y228.213 E86.40021
G1 X197.481 Y228.213 E86.55693
G1 X197.48 Y218.54 E87.20038
G1 X197.436 Y218.028 E87.23457
G1 X197.321 Y217.443 E87.27423
G1 X197.156 Y216.935 E87.30976
G1 X197.029 Y216.65 E87.33051
G1 X197.316 Y216.635 E87.33668
G1 X197.805 Y216.535 E87.36253
G1 X198.298 Y216.362 E87.39728
G1 X198.777 Y216.115 E87.43313
G1 X199.243 Y215.78 E87.47131
G1 X199.602 Y215.44 E87.5042
G1 X199.961 Y214.983 E87.54286
G1 X200.271 Y214.425 E87.58532
G1 X200.458 Y213.903 E87.61512
G1 X200.566 Y213.393 E87.62819
G1 X200.603 Y212.847 E87.64152
G1 X200.549 Y212.213 E87.65714
G1 X200.431 Y211.733 E87.66996
G1 X200.241 Y211.242 E87.69387
G1 X199.956 Y210.741 E87.73221
G1 X199.624 Y210.319 E87.76793
G1 X199.245 Y209.952 E87.80302
G1 X198.858 Y209.666 E87.83503
G1 X198.45 Y209.439 E87.86609
G1 F1500 E86.86609
G0 F9000 X197.284 Y211.839
G0 X195.96 Y213.63
G0 X194.557 Y215
G1 F1500 E87.8927
G1 F2400 X194.304 Y214.921 E87.91033
G1 X193.949 Y214.674 E87.9391
G1 X193.756 Y214.718 E87.95227
G1 X193.568 Y214.656 E87.96543
G1 X193.14 Y214.566 E87.99453
G1 X192.78 Y214.525 E88.01863
G1 X192.56 Y214.515 E88.03328
G1 X186.325 Y214.516 E88.44803
G1 X185.909 Y214.552 E88.47581
G1 X185.529 Y214.621 E88.5015
G1 X185.113 Y214.742 E88.53032
G1 X184.766 Y214.877 E88.55509
G1 X184.437 Y215.043 E88.5796
G1 X184.073 Y215.27 E88.60814
G1 X183.778 Y215.495 E88.63282
G1 X183.498 Y215.752 E88.6581
G1 X183.168 Y216.127 E88.69133
G1 X182.878 Y216.548 E88.72533
G1 X182.673 Y216.935 E88.75446
G1 X182.529 Y217.282 E88.77946
G1 X182.403 Y217.695 E88.80818
G1 X182.329 Y218.058 E88.83282
G1 X182.288 Y218.415 E88.85673
G1 X182.278 Y218.635 E88.87138
G1 X182.278 Y229.013 E89.56172
G1 X160.708 Y229.013 E90.99657
G1 X160.707 Y214.392 E91.96916
G1 X160.671 Y213.96 E91.99799
G1 X160.584 Y213.517 E92.02803
G1 X160.456 Y213.098 E92.05717
G1 X160.284 Y212.69 E92.08662
G1 X160.072 Y212.309 E92.11563
G1 X159.862 Y212.003 E92.14031
G1 X159.628 Y211.719 E92.16479
G1 X159.32 Y211.41 E92.19381
G1 X158.981 Y211.137 E92.22277
G1 X158.621 Y210.9 E92.25144
G1 X158.233 Y210.702 E92.28041
G1 X157.874 Y210.56 E92.3061
G1 X157.454 Y210.438 E92.33519
G1 X157.025 Y210.364 E92.36415
G1 X156.658 Y210.334 E92.38864
G1 X146.654 Y210.333 E93.05411
G1 X146.232 Y210.363 E93.08225
G1 X145.798 Y210.438 E93.11155
G1 X145.386 Y210.556 E93.14006
G1 X144.971 Y210.723 E93.16982
G1 X144.638 Y210.895 E93.19475
G1 X144.272 Y211.135 E93.22386
G1 X143.931 Y211.41 E93.253
G1 X143.625 Y211.716 E93.28179
G1 X143.384 Y212.006 E93.30687
G1 X143.141 Y212.369 E93.33593
G1 X142.934 Y212.758 E93.36524
G1 X142.774 Y213.152 E93.39353
G1 X142.651 Y213.582 E93.42328
G1 X142.582 Y213.947 E93.44799
G1 X142.547 Y214.308 E93.47212
G1 X142.542 Y214.519 E93.48616
G1 X142.542 Y229.013 E94.4503
G1 X100.14 Y229.013 E97.27089
G1 X99.933 Y228.998 E97.2847
G1 X99.676 Y228.947 E97.30213
G1 X99.302 Y228.797 E97.32893
G1 X99.106 Y228.673 E97.34436
G1 X98.874 Y228.475 E97.36465
G1 X98.633 Y228.169 E97.39056
G1 X98.499 Y227.91 E97.40996
G1 X98.439 Y227.749 E97.42139
G1 X98.377 Y227.48 E97.43975
G1 X98.355 Y227.213 E97.45757
G1 X98.356 Y72.761 E107.73176
G1 X98.406 Y72.371 E107.75792
G1 X98.455 Y72.201 E107.76969
G1 X98.557 Y71.962 E107.78697
G1 X98.754 Y71.66 E107.81096
G1 X98.874 Y71.525 E107.82297
G1 X99.102 Y71.328 E107.84302
G1 X99.237 Y71.24 E107.85374
G1 X99.476 Y71.122 E107.87147
G1 X99.82 Y71.02 E107.89533
G1 X100.129 Y70.987 E107.91601
G1 X199.853 Y70.987 E114.54967
G1 X200.133 Y71.011 E114.56837
G1 X200.484 Y71.106 E114.59256
G1 X200.729 Y71.221 E114.61056
G1 X201.009 Y71.415 E114.63322
G1 X201.312 Y71.745 E114.66302
G1 X201.501 Y72.088 E114.68907
G1 X201.583 Y72.328 E114.70594
G1 X201.619 Y72.496 E114.71737
G1 X201.644 Y72.791 E114.73706
G1 X201.645 Y227.185 E125.0074
G1 X201.625 Y227.463 E125.02594
G1 X201.567 Y227.73 E125.04411
G1 X201.404 Y228.111 E125.07168
G1 X201.189 Y228.408 E125.09607
G1 X200.992 Y228.597 E125.11423
G1 X200.678 Y228.807 E125.13936
G1 X200.445 Y228.909 E125.15627
G1 X200.215 Y228.973 E125.17216
G1 X199.958 Y229.008 E125.18941
G1 X199.856 Y229.013 E125.1962
G1 X196.681 Y229.013 E125.4074
G1 X196.68 Y218.574 E126.10181
G1 X196.643 Y218.14 E126.13078
G1 X196.545 Y217.645 E126.16435
G1 X196.408 Y217.222 E126.19393
G1 X196.226 Y216.813 E126.22371
G1 X196.044 Y216.49 E126.24837
G1 X195.834 Y216.183 E126.27311
G1 X195.666 Y215.983 E126.29049
G1 X195.666 Y215.67 E126.31131
G1 X195.038 Y215.386 E126.35715
G1 X194.868 Y215.259 E126.37127
G1 X194.557 Y215 E126.39819
G1 F1500 E125.39819
G0 F9000 X195.96 Y213.63
G0 X197.284 Y211.839
G0 X197.758 Y210.885
;TYPE:WALL-OUTER
G1 F1500 E126.4248
G1 F2400 X197.479 Y210.772 E126.44482
G1 X197.175 Y210.697 E126.46565
G1 X196.878 Y210.666 E126.48552
G1 X196.757 Y210.665 E126.49357
G1 X196.487 Y210.687 E126.51159
G1 X196.222 Y210.741 E126.52958
G1 X195.935 Y210.842 E126.54981
G1 X195.66 Y210.983 E126.57037
G1 X195.378 Y211.186 E126.59349
G1 X195.183 Y211.371 E126.61137
G1 X194.975 Y211.635 E126.63372
G1 X194.79 Y211.969 E126.65912
G1 X194.683 Y212.266 E126.68012
G1 X194.621 Y212.558 E126.69998
G1 X194.6 Y212.868 E126.72065
G1 X194.634 Y213.255 E126.74649
G1 X194.698 Y213.516 E126.76437
G1 X194.808 Y213.801 E126.78469
G1 X194.975 Y214.095 E126.80718
G1 X195.165 Y214.337 E126.82764
G1 X195.39 Y214.554 E126.84844
G1 X195.609 Y214.716 E126.86656
G1 X195.841 Y214.845 E126.88422
G1 X196.12 Y214.958 E126.90424
G1 X196.424 Y215.033 E126.92507
G1 X196.721 Y215.064 E126.94493
G1 X197.112 Y215.043 E126.97098
G1 X197.377 Y214.989 E126.98897
G1 X197.664 Y214.888 E127.00921
G1 X197.939 Y214.747 E127.02977
G1 X198.221 Y214.544 E127.05288
G1 X198.416 Y214.359 E127.07076
G1 X198.624 Y214.095 E127.09312
G1 X198.809 Y213.761 E127.11852
G1 X198.916 Y213.464 E127.13952
G1 X198.978 Y213.172 E127.15937
G1 X198.999 Y212.862 E127.18004
G1 X198.965 Y212.475 E127.20588
G1 X198.901 Y212.214 E127.22376
G1 X198.791 Y211.929 E127.24408
G1 X198.624 Y211.635 E127.26657
G1 X198.434 Y211.393 E127.28704
G1 X198.209 Y211.176 E127.30783
G1 X197.99 Y211.014 E127.32595
G1 X197.758 Y210.885 E127.34361
G0 F9000 X198.137 Y210.092
G1 F1500 E126.34361
G0 F9000 X197.148 Y211.785
G0 X103.983 Y212.041
G0 X105.646 Y209.952
;TYPE:WALL-INNER
G1 F1500 E127.37022
G1 F2400 X105.259 Y209.666 E127.40223
G1 X104.851 Y209.439 E127.43329
G1 X104.374 Y209.246 E127.46752
G1 X103.852 Y209.117 E127.50329
G1 X103.368 Y209.066 E127.53566
G1 X103.098 Y209.065 E127.55362
G1 X102.663 Y209.101 E127.58266
G1 X102.196 Y209.195 E127.61434
G1 X101.702 Y209.368 E127.64916
G1 X101.223 Y209.615 E127.68501
G1 X100.757 Y209.95 E127.72319
G1 X100.398 Y210.29 E127.75608
G1 X100.039 Y210.747 E127.79474
G1 X99.729 Y211.305 E127.8372
G1 X99.542 Y211.827 E127.86149
G1 X99.434 Y212.334 E127.8745
G1 X99.396 Y212.881 E127.88666
G1 X99.442 Y213.45 E127.89955
G1 X99.549 Y213.938 E127.91253
G1 X99.757 Y214.485 E127.9392
G1 X100.044 Y214.989 E127.97779
G1 X100.376 Y215.411 E128.0135
G1 X100.755 Y215.778 E128.0486
G1 X101.142 Y216.064 E128.08061
G1 X101.55 Y216.291 E128.11167
G1 X102.027 Y216.484 E128.14589
G1 X102.549 Y216.613 E128.18166
G1 X103.082 Y216.668 E128.21731
G1 X103.717 Y216.635 E128.2596
G1 X104.206 Y216.535 E128.29281
G1 X104.699 Y216.362 E128.32756
G1 X105.178 Y216.115 E128.36341
G1 X105.644 Y215.78 E128.40159
G1 X106.003 Y215.44 E128.43448
G1 X106.362 Y214.983 E128.47314
G1 X106.672 Y214.425 E128.5156
G1 X106.859 Y213.903 E128.55248
G1 X106.967 Y213.393 E128.58716
G1 X107.004 Y212.847 E128.62356
G1 X106.95 Y212.213 E128.66589
G1 X106.832 Y211.733 E128.69877
G1 X106.642 Y211.242 E128.73379
G1 X106.357 Y210.741 E128.77213
G1 X106.025 Y210.319 E128.80785
G1 X105.646 Y209.952 E128.84295
G0 F9000 X105.128 Y210.564
G1 F2400 X104.825 Y210.34 E128.86801
G1 X104.505 Y210.162 E128.89237
G1 X104.127 Y210.009 E128.9195
G1 X103.714 Y209.907 E128.94779
G1 X103.324 Y209.866 E128.97388
G1 X103.129 Y209.865 E128.98685
G1 X102.775 Y209.894 E129.01048
G1 X102.409 Y209.968 E129.03532
G1 X102.019 Y210.105 E129.06281
G1 X101.642 Y210.299 E129.09102
G1 X101.268 Y210.568 E129.12166
G1 X100.991 Y210.83 E129.14703
G1 X100.708 Y211.191 E129.17754
G1 X100.46 Y211.637 E129.21149
G1 X100.313 Y212.046 E129.2404
G1 X100.228 Y212.446 E129.2676
G1 X100.198 Y212.876 E129.29627
G1 X100.235 Y213.331 E129.32664
G1 X100.318 Y213.709 E129.35238
G1 X100.483 Y214.143 E129.38327
G1 X100.71 Y214.542 E129.4138
G1 X100.971 Y214.874 E129.4419
G1 X101.273 Y215.166 E129.46984
G1 X101.576 Y215.39 E129.49491
G1 X101.896 Y215.568 E129.51926
G1 X102.274 Y215.721 E129.54639
G1 X102.687 Y215.823 E129.57469
G1 X103.102 Y215.866 E129.60244
G1 X103.615 Y215.839 E129.63661
G1 X103.992 Y215.762 E129.66221
G1 X104.382 Y215.625 E129.68971
G1 X104.759 Y215.431 E129.71791
G1 X105.133 Y215.162 E129.74856
G1 X105.41 Y214.9 E129.77392
G1 X105.693 Y214.539 E129.80443
G1 X105.941 Y214.093 E129.83838
G1 X106.088 Y213.684 E129.86729
G1 X106.173 Y213.283 E129.89456
G1 X106.202 Y212.854 E129.92316
G1 X106.158 Y212.344 E129.95721
G1 X106.067 Y211.974 E129.98256
G1 X105.917 Y211.586 E130.01023
G1 X105.691 Y211.188 E130.04067
G1 X105.43 Y210.856 E130.06877
G1 X105.128 Y210.564 E130.09671
G0 F9000 X104.61 Y211.176
;TYPE:WALL-OUTER
G1 F2400 X104.391 Y211.014 E130.11483
G1 X104.159 Y210.885 E130.13249
G1 X103.88 Y210.772 E130.15251
G1 X103.576 Y210.697 E130.17334
G1 X103.279 Y210.666 E130.1932
G1 X103.158 Y210.665 E130.20125
G1 X102.888 Y210.687 E130.21927
G1 X102.623 Y210.741 E130.23726
G1 X102.336 Y210.842 E130.2575
G1 X102.061 Y210.983 E130.27806
G1 X101.779 Y211.186 E130.30117
G1 X101.584 Y211.371 E130.31905
G1 X101.376 Y211.635 E130.34141
G1 X101.191 Y211.969 E130.36681
G1 X101.084 Y212.266 E130.38781
G1 X101.022 Y212.558 E130.40767
G1 X101 Y212.871 E130.42854
G1 X101.028 Y213.212 E130.4513
G1 X101.087 Y213.48 E130.46955
G1 X101.209 Y213.801 E130.49239
G1 X101.376 Y214.095 E130.51489
G1 X101.566 Y214.337 E130.53535
G1 X101.791 Y214.554 E130.55615
G1 X102.01 Y214.716 E130.57427
G1 X102.242 Y214.845 E130.59193
G1 X102.521 Y214.958 E130.61195
G1 X102.825 Y215.033 E130.63278
G1 X103.122 Y215.064 E130.65264
G1 X103.513 Y215.043 E130.67869
G1 X103.778 Y214.989 E130.69668
G1 X104.065 Y214.888 E130.71692
G1 X104.34 Y214.747 E130.73747
G1 X104.622 Y214.544 E130.76059
G1 X104.817 Y214.359 E130.77847
G1 X105.025 Y214.095 E130.80083
G1 X105.21 Y213.761 E130.82622
G1 X105.317 Y213.464 E130.84722
G1 X105.379 Y213.172 E130.86708
G1 X105.4 Y212.862 E130.88775
G1 X105.366 Y212.475 E130.91359
G1 X105.302 Y212.214 E130.93147
G1 X105.192 Y211.929 E130.95179
G1 X105.025 Y211.635 E130.97428
G1 X104.835 Y211.393 E130.99475
G1 X104.61 Y211.176 E131.01554
G0 F9000 X105.178 Y210.505
G1 F1500 E130.01554
G0 F9000 X103.867 Y211.946
G0 X104.286 Y92.519
G0 X106.642 Y91.227
;TYPE:WALL-INNER
G1 F1500 E131.04215
G1 F2400 X106.357 Y90.726 E131.08049
G1 X106.025 Y90.304 E131.11621
G1 X105.646 Y89.937 E131.1513
G1 X105.259 Y89.651 E131.18331
G1 X104.851 Y89.424 E131.21437
G1 X104.374 Y89.231 E131.2486
G1 X103.852 Y89.102 E131.28437
G1 X103.368 Y89.051 E131.31674
G1 X103.098 Y89.05 E131.3347
G1 X102.663 Y89.086 E131.36374
G1 X102.196 Y89.18 E131.39543
G1 X101.702 Y89.353 E131.43024
G1 X101.223 Y89.6 E131.46609
G1 X100.757 Y89.935 E131.50427
G1 X100.398 Y90.275 E131.53716
G1 X100.039 Y90.732 E131.57582
G1 X99.729 Y91.29 E131.61828
G1 X99.542 Y91.812 E131.64257
G1 X99.434 Y92.319 E131.65558
G1 X99.396 Y92.866 E131.66774
G1 X99.442 Y93.435 E131.68064
G1 X99.549 Y93.923 E131.69361
G1 X99.757 Y94.47 E131.72029
G1 X100.044 Y94.974 E131.75887
G1 X100.376 Y95.396 E131.79459
G1 X100.755 Y95.763 E131.82968
G1 X101.142 Y96.049 E131.86169
G1 X101.55 Y96.276 E131.89275
G1 X102.027 Y96.469 E131.92698
G1 X102.549 Y96.598 E131.96275
G1 X103.082 Y96.653 E131.99839
G1 X103.717 Y96.62 E132.04069
G1 X104.206 Y96.52 E132.07389
G1 X104.699 Y96.347 E132.10864
G1 X105.178 Y96.1 E132.14449
G1 X105.644 Y95.765 E132.18267
G1 X106.003 Y95.425 E132.21556
G1 X106.362 Y94.968 E132.25422
G1 X106.672 Y94.41 E132.29668
G1 X106.859 Y93.888 E132.33357
G1 X106.967 Y93.378 E132.36824
G1 X107.004 Y92.832 E132.40465
G1 X106.95 Y92.198 E132.44697
G1 X106.832 Y91.718 E132.47985
G1 X106.642 Y91.227 E132.51488
G0 F9000 X105.917 Y91.571
G1 F2400 X105.691 Y91.173 E132.54532
G1 X105.43 Y90.841 E132.57341
G1 X105.128 Y90.549 E132.60136
G1 X104.825 Y90.325 E132.62642
G1 X104.505 Y90.147 E132.65078
G1 X104.127 Y89.994 E132.67791
G1 X103.714 Y89.892 E132.70621
G1 X103.324 Y89.851 E132.73229
G1 X103.129 Y89.85 E132.74526
G1 X102.775 Y89.879 E132.76889
G1 X102.409 Y89.953 E132.79373
G1 X102.019 Y90.09 E132.82123
G1 X101.642 Y90.284 E132.84943
G1 X101.268 Y90.553 E132.88007
G1 X100.991 Y90.815 E132.90544
G1 X100.708 Y91.176 E132.93595
G1 X100.46 Y91.622 E132.9699
G1 X100.313 Y92.031 E132.99881
G1 X100.228 Y92.431 E133.02601
G1 X100.198 Y92.861 E133.05468
G1 X100.235 Y93.316 E133.08505
G1 X100.318 Y93.694 E133.11079
G1 X100.483 Y94.128 E133.14168
G1 X100.71 Y94.527 E133.17222
G1 X100.971 Y94.859 E133.20031
G1 X101.273 Y95.151 E133.22825
G1 X101.576 Y95.375 E133.25332
G1 X101.896 Y95.553 E133.27768
G1 X102.274 Y95.706 E133.3048
G1 X102.687 Y95.808 E133.3331
G1 X103.102 Y95.851 E133.36085
G1 X103.615 Y95.824 E133.39503
G1 X103.992 Y95.747 E133.42062
G1 X104.382 Y95.61 E133.44812
G1 X104.759 Y95.416 E133.47632
G1 X105.133 Y95.147 E133.50697
G1 X105.41 Y94.885 E133.53233
G1 X105.693 Y94.524 E133.56284
G1 X105.941 Y94.078 E133.59679
G1 X106.088 Y93.669 E133.6257
G1 X106.173 Y93.268 E133.65297
G1 X106.202 Y92.839 E133.68157
G1 X106.158 Y92.329 E133.71562
G1 X106.067 Y91.959 E133.74097
G1 X105.917 Y91.571 E133.76864
G0 F9000 X105.192 Y91.914
;TYPE:WALL-OUTER
G1 F2400 X105.025 Y91.62 E133.79113
G1 X104.835 Y91.378 E133.8116
G1 X104.61 Y91.161 E133.83239
G1 X104.391 Y90.999 E133.85051
G1 X104.159 Y90.87 E133.86817
G1 X103.88 Y90.757 E133.88819
G1 X103.576 Y90.682 E133.90902
G1 X103.279 Y90.651 E133.92889
G1 X103.158 Y90.65 E133.93693
G1 X102.888 Y90.672 E133.95495
G1 X102.623 Y90.726 E133.97294
G1 X102.336 Y90.827 E133.99318
G1 X102.061 Y90.968 E134.01374
G1 X101.779 Y91.171 E134.03685
G1 X101.584 Y91.356 E134.05473
G1 X101.376 Y91.62 E134.07709
G1 X101.191 Y91.954 E134.10249
G1 X101.084 Y92.251 E134.12349
G1 X101.022 Y92.543 E134.14335
G1 X101 Y92.856 E134.16422
G1 X101.028 Y93.197 E134.18698
G1 X101.087 Y93.465 E134.20523
G1 X101.209 Y93.786 E134.22808
G1 X101.376 Y94.08 E134.25057
G1 X101.566 Y94.322 E134.27103
G1 X101.791 Y94.539 E134.29183
G1 X102.01 Y94.701 E134.30995
G1 X102.242 Y94.83 E134.32761
G1 X102.521 Y94.943 E134.34763
G1 X102.825 Y95.018 E134.36846
G1 X103.122 Y95.049 E134.38832
G1 X103.513 Y95.028 E134.41437
G1 X103.778 Y94.974 E134.43236
G1 X104.065 Y94.873 E134.4526
G1 X104.34 Y94.732 E134.47316
G1 X104.622 Y94.529 E134.49627
G1 X104.817 Y94.344 E134.51415
G1 X105.025 Y94.08 E134.53651
G1 X105.21 Y93.746 E134.56191
G1 X105.317 Y93.449 E134.58291
G1 X105.379 Y93.157 E134.60276
G1 X105.4 Y92.847 E134.62343
G1 X105.366 Y92.46 E134.64927
G1 X105.302 Y92.199 E134.66715
G1 X105.192 Y91.914 E134.68747
G0 F9000 X105.987 Y91.538
G1 F1500 E133.68747
G0 F9000 X104.258 Y92.437
G0 X197.582 Y92.026
G0 X199.624 Y90.304
;TYPE:WALL-INNER
G1 F1500 E134.71408
G1 F2400 X199.245 Y89.937 E134.74917
G1 X198.858 Y89.651 E134.78118
G1 X198.45 Y89.424 E134.81224
G1 X197.973 Y89.231 E134.84647
G1 X197.451 Y89.102 E134.88224
G1 X196.967 Y89.051 E134.91461
G1 X196.697 Y89.05 E134.93257
G1 X196.262 Y89.086 E134.96161
G1 X195.795 Y89.18 E134.9933
G1 X195.301 Y89.353 E135.02811
G1 X194.822 Y89.6 E135.06396
G1 X194.356 Y89.935 E135.10214
G1 X193.997 Y90.275 E135.13503
G1 X193.638 Y90.732 E135.17369
G1 X193.328 Y91.29 E135.21615
G1 X193.141 Y91.812 E135.25304
G1 X193.033 Y92.322 E135.28771
G1 X192.996 Y92.868 E135.32412
G1 X193.05 Y93.502 E135.36644
G1 X193.168 Y93.982 E135.39932
G1 X193.358 Y94.473 E135.43435
G1 X193.643 Y94.974 E135.47269
G1 X193.975 Y95.396 E135.50841
G1 X194.354 Y95.763 E135.5435
G1 X194.741 Y96.049 E135.57551
G1 X195.149 Y96.276 E135.60657
G1 X195.626 Y96.469 E135.6408
G1 X196.148 Y96.598 E135.67657
G1 X196.681 Y96.653 E135.71221
G1 X197.316 Y96.62 E135.75451
G1 X197.805 Y96.52 E135.78771
G1 X198.298 Y96.347 E135.82246
G1 X198.777 Y96.1 E135.85831
G1 X199.243 Y95.765 E135.89649
G1 X199.602 Y95.425 E135.92938
G1 X199.961 Y94.968 E135.96804
G1 X200.271 Y94.41 E136.0105
G1 X200.458 Y93.888 E136.0348
G1 X200.566 Y93.378 E136.03943
G1 X200.603 Y92.832 E136.05276
G1 X200.549 Y92.198 E136.06838
G1 X200.431 Y91.718 E136.0812
G1 X200.241 Y91.227 E136.1051
G1 X199.956 Y90.726 E136.14344
G1 X199.624 Y90.304 E136.17916
G0 F9000 X199.029 Y90.841
G1 F2400 X198.727 Y90.549 E136.20711
G1 X198.424 Y90.325 E136.23217
G1 X198.104 Y90.147 E136.25653
G1 X197.726 Y89.994 E136.28366
G1 X197.313 Y89.892 E136.31195
G1 X196.923 Y89.851 E136.33804
G1 X196.728 Y89.85 E136.35101
G1 X196.374 Y89.879 E136.37464
G1 X196.008 Y89.953 E136.39948
G1 X195.618 Y90.09 E136.42697
G1 X195.241 Y90.284 E136.45518
G1 X194.867 Y90.553 E136.48582
G1 X194.59 Y90.815 E136.51119
G1 X194.307 Y91.176 E136.5417
G1 X194.059 Y91.622 E136.57565
G1 X193.912 Y92.031 E136.60456
G1 X193.827 Y92.432 E136.63182
G1 X193.798 Y92.861 E136.66043
G1 X193.842 Y93.371 E136.69448
G1 X193.933 Y93.741 E136.71982
G1 X194.083 Y94.129 E136.7475
G1 X194.309 Y94.527 E136.77794
G1 X194.57 Y94.859 E136.80603
G1 X194.872 Y95.151 E136.83398
G1 X195.175 Y95.375 E136.85904
G1 X195.495 Y95.553 E136.8834
G1 X195.873 Y95.706 E136.91053
G1 X196.286 Y95.808 E136.93882
G1 X196.701 Y95.851 E136.96658
G1 X197.214 Y95.824 E137.00075
G1 X197.591 Y95.747 E137.02635
G1 X197.981 Y95.61 E137.05384
G1 X198.358 Y95.416 E137.08205
G1 X198.732 Y95.147 E137.11269
G1 X199.009 Y94.885 E137.13806
G1 X199.292 Y94.524 E137.16857
G1 X199.54 Y94.078 E137.20251
G1 X199.687 Y93.669 E137.23143
G1 X199.772 Y93.268 E137.25869
G1 X199.801 Y92.839 E137.2873
G1 X199.757 Y92.329 E137.32135
G1 X199.666 Y91.959 E137.34669
G1 X199.516 Y91.571 E137.37436
G1 X199.29 Y91.173 E137.40481
G1 X199.029 Y90.841 E137.4329
G0 F9000 X198.434 Y91.378
;TYPE:WALL-OUTER
G1 F2400 X198.209 Y91.161 E137.4537
G1 X197.99 Y90.999 E137.47182
G1 X197.758 Y90.87 E137.48947
G1 X197.479 Y90.757 E137.5095
G1 X197.175 Y90.682 E137.53033
G1 X196.878 Y90.651 E137.55019
G1 X196.757 Y90.65 E137.55824
G1 X196.487 Y90.672 E137.57626
G1 X196.222 Y90.726 E137.59425
G1 X195.935 Y90.827 E137.61449
G1 X195.66 Y90.968 E137.63505
G1 X195.378 Y91.171 E137.65816
G1 X195.183 Y91.356 E137.67604
G1 X194.975 Y91.62 E137.6984
G1 X194.79 Y91.954 E137.72379
G1 X194.683 Y92.251 E137.74479
G1 X194.621 Y92.543 E137.76465
G1 X194.6 Y92.853 E137.78532
G1 X194.634 Y93.24 E137.81116
G1 X194.698 Y93.501 E137.82904
G1 X194.808 Y93.786 E137.84936
G1 X194.975 Y94.08 E137.87185
G1 X195.165 Y94.322 E137.89232
G1 X195.39 Y94.539 E137.91311
G1 X195.609 Y94.701 E137.93123
G1 X195.841 Y94.83 E137.94889
G1 X196.12 Y94.943 E137.96891
G1 X196.424 Y95.018 E137.98974
G1 X196.721 Y95.049 E138.00961
G1 X197.112 Y95.028 E138.03565
G1 X197.377 Y94.974 E138.05364
G1 X197.664 Y94.873 E138.07388
G1 X197.939 Y94.732 E138.09444
G1 X198.221 Y94.529 E138.11755
G1 X198.416 Y94.344 E138.13543
G1 X198.624 Y94.08 E138.15779
G1 X198.809 Y93.746 E138.18319
G1 X198.916 Y93.449 E138.20419
G1 X198.978 Y93.157 E138.22405
G1 X198.999 Y92.847 E138.24471
G1 X198.965 Y92.46 E138.27056
G1 X198.901 Y92.199 E138.28843
G1 X198.791 Y91.914 E138.30875
G1 X198.624 Y91.62 E138.33125
G1 X198.434 Y91.378 E138.35171
G0 F9000 X199.087 Y90.789
G1 F1500 E137.35171
G0 F9000 X197.743 Y92.218
G0 X196.842 Y211.73
G0 X196.923 Y209.866
;TYPE:WALL-INNER
G1 F1500 E138.37832
G1 F2400 X196.728 Y209.865 E138.39129
G1 X196.374 Y209.894 E138.41492
G1 X196.008 Y209.968 E138.43976
G1 X195.618 Y210.105 E138.46726
G1 X195.241 Y210.299 E138.49546
G1 X194.867 Y210.568 E138.5261
G1 X194.59 Y210.83 E138.55147
G1 X194.307 Y211.191 E138.58198
G1 X194.059 Y211.637 E138.61593
G1 X193.912 Y212.046 E138.64484
G1 X193.827 Y212.447 E138.6721
G1 X193.798 Y212.876 E138.70071
G1 X193.842 Y213.386 E138.73476
G1 X193.933 Y213.756 E138.7601
G1 X194.083 Y214.144 E138.78778
G1 X194.309 Y214.542 E138.81069
G1 X194.57 Y214.874 E138.82881
G1 X194.872 Y215.166 E138.83658
G1 X195.175 Y215.39 E138.84484
G1 X195.495 Y215.568
G1 X195.873 Y215.721 E138.85653
G1 X196.286 Y215.823 E138.87545
G1 X196.701 Y215.866 E138.90321
G1 X197.214 Y215.839 E138.93738
G1 X197.591 Y215.762 E138.96297
G1 X197.981 Y215.625 E138.99047
G1 X198.358 Y215.431 E139.01867
G1 X198.732 Y215.162 E139.04932
G1 X199.009 Y214.9 E139.07468
G1 X199.292 Y214.539 E139.1052
G1 X199.54 Y214.093 E139.13914
G1 X199.687 Y213.684 E139.16805
G1 X199.772 Y213.283 E139.19532
G1 X199.801 Y212.854 E139.22392
G1 X199.757 Y212.344 E139.25797
G1 X199.666 Y211.974 E139.28332
G1 X199.516 Y211.586 E139.31099
G1 X199.29 Y211.188 E139.34144
G1 X199.029 Y210.856 E139.36953
G1 X198.727 Y210.564 E139.39747
G1 X198.424 Y210.34 E139.42254
G1 X198.104 Y210.162 E139.4469
G1 X197.726 Y210.009 E139.47402
G1 X197.313 Y209.907 E139.50232
G1 X196.923 Y209.866 E139.52841
G1 F1500 E138.52841
G0 F9000 X196.842 Y211.73
G0 X203.12 Y71.143
G0 X201.961 Y71.275
;TYPE:WALL-OUTER
G1 F1500 E139.55502
G1 F2400 X202.109 Y71.51 E139.57349
G1 X202.243 Y71.785 E139.59384
G1 X202.355 Y72.112 E139.61683
G1 X202.412 Y72.377 E139.63486
G1 X202.444 Y72.761 E139.66049
G1 X202.445 Y227.214 E149.93475
G1 X202.419 Y227.579 E149.95909
G1 X202.339 Y227.947 E149.98414
G1 X202.251 Y228.198 E150.00184
G1 X202.099 Y228.51 E150.02492
G1 X201.95 Y228.739 E150.0431
G1 X201.776 Y228.954 E150.06149
G1 X201.514 Y229.206 E150.08568
G1 X201.292 Y229.372 E150.10412
G1 X201.056 Y229.513 E150.1224
G1 X200.828 Y229.62 E150.13916
G1 X200.695 Y229.67 E150.14861
G1 X200.382 Y229.757 E150.17022
G1 X200.027 Y229.806 E150.19406
G1 X199.87 Y229.813 E150.20451
G1 X195.881 Y229.813 E150.46986
G1 X195.88 Y218.608 E151.21522
G1 X195.85 Y218.252 E151.23898
G1 X195.769 Y217.847 E151.26646
G1 X195.66 Y217.508 E151.29015
G1 X195.511 Y217.173 E151.31454
G1 X195.364 Y216.913 E151.3344
G1 X195.196 Y216.667 E151.35422
G1 X194.979 Y216.409 E151.37665
G1 X194.866 Y216.279 E151.3881
G1 X194.866 Y216.186 E151.39429
G1 X194.627 Y216.078 E151.41174
G1 X194.381 Y215.894 E151.43217
G1 X194.168 Y215.717 E151.45059
G1 X193.95 Y215.649 E151.46578
G1 X193.782 Y215.532 E151.4794
G1 X193.716 Y215.547 E151.4839
G1 X193.36 Y215.43 E151.50883
G1 X193.012 Y215.357 E151.53248
G1 X192.716 Y215.323 E151.5523
G1 X192.542 Y215.315 E151.56389
G1 X186.36 Y215.316 E151.97512
G1 X186.015 Y215.346 E151.99816
G1 X185.712 Y215.401 E152.01864
G1 X185.371 Y215.5 E152.04226
G1 X185.092 Y215.609 E152.06219
G1 X184.829 Y215.741 E152.08176
G1 X184.528 Y215.929 E152.10537
G1 X184.292 Y216.109 E152.12511
G1 X184.071 Y216.312 E152.14507
G1 X183.8 Y216.62 E152.17236
G1 X183.563 Y216.963 E152.2001
G1 X183.398 Y217.276 E152.22363
G1 X183.283 Y217.553 E152.24358
G1 X183.179 Y217.892 E152.26717
G1 X183.12 Y218.183 E152.28692
G1 X183.086 Y218.479 E152.30674
G1 X183.078 Y218.653 E152.31833
G1 X183.078 Y229.813 E153.0607
G1 X159.908 Y229.813 E154.60197
G1 X159.907 Y214.426 E155.62552
G1 X159.877 Y214.07 E155.64928
G1 X159.807 Y213.711 E155.67361
G1 X159.703 Y213.371 E155.69726
G1 X159.564 Y213.041 E155.72108
G1 X159.391 Y212.731 E155.7447
G1 X159.222 Y212.484 E155.76461
G1 X159.035 Y212.257 E155.78417
G1 X158.784 Y212.006 E155.80778
G1 X158.509 Y211.784 E155.83129
G1 X158.218 Y211.593 E155.85445
G1 X157.903 Y211.432 E155.87798
G1 X157.615 Y211.318 E155.89858
G1 X157.273 Y211.219 E155.92227
G1 X156.924 Y211.158 E155.94584
G1 X156.626 Y211.134 E155.96572
G1 X146.682 Y211.133 E156.6272
G1 X146.329 Y211.158 E156.65074
G1 X145.977 Y211.219 E156.67451
G1 X145.646 Y211.314 E156.69741
G1 X145.305 Y211.451 E156.72186
G1 X145.042 Y211.587 E156.74155
G1 X144.744 Y211.782 E156.76524
G1 X144.467 Y212.006 E156.78894
G1 X144.217 Y212.256 E156.81246
G1 X144.026 Y212.486 E156.83235
G1 X143.828 Y212.781 E156.85598
G1 X143.66 Y213.097 E156.87979
G1 X143.531 Y213.414 E156.90255
G1 X143.43 Y213.766 E156.92691
G1 X143.375 Y214.06 E156.94681
G1 X143.346 Y214.356 E156.96659
G1 X143.342 Y214.528 E156.97804
G1 X143.342 Y229.813 E157.9948
G1 X100.112 Y229.813 E160.87047
G1 X99.829 Y229.793 E160.88934
G1 X99.469 Y229.721 E160.91377
G1 X99.21 Y229.635 E160.93192
G1 X98.923 Y229.503 E160.95293
G1 X98.627 Y229.316 E160.97622
G1 X98.313 Y229.047 E161.00373
G1 X98.108 Y228.815 E161.02432
G1 X97.946 Y228.583 E161.04314
G1 X97.765 Y228.233 E161.06936
G1 X97.67 Y227.975 E161.08764
G1 X97.587 Y227.615 E161.11222
G1 X97.557 Y227.301 E161.1332
G1 X97.555 Y227.213 E161.13906
G1 X97.556 Y72.744 E171.41438
G1 X97.574 Y72.475 E171.43231
G1 X97.623 Y72.201 E171.45083
G1 X97.699 Y71.935 E171.46923
G1 X97.84 Y71.604 E171.49316
G1 X97.971 Y71.377 E171.5106
G1 X98.128 Y71.16 E171.52841
G1 X98.314 Y70.952 E171.54697
G1 X98.619 Y70.689 E171.57376
G1 X98.839 Y70.545 E171.59125
G1 X99.165 Y70.383 E171.61547
G1 X99.405 Y70.298 E171.63241
G1 X99.666 Y70.234 E171.65028
G1 X99.934 Y70.196 E171.66829
G1 X100.106 Y70.187 E171.67975
G1 X199.887 Y70.187 E178.3172
G1 X200.257 Y70.219 E178.34191
G1 X200.527 Y70.278 E178.36029
G1 X200.782 Y70.362 E178.37815
G1 X201.109 Y70.515 E178.40217
G1 X201.332 Y70.654 E178.41965
G1 X201.533 Y70.81 E178.43657
G1 X201.743 Y71.01 E178.45586
G1 X201.961 Y71.275 E178.47869
G0 F9000 X201.248 Y71.79
G0 X199.978 Y72.643
;TYPE:SKIN
G1 F2100 X200.054 Y72.867 E178.49442
G1 X200.054 Y89.62 E179.60884
G1 X199.757 Y89.333 E179.63631
G1 X199.287 Y88.986 E179.67517
G1 X198.792 Y88.709 E179.71291
G1 X198.217 Y88.478 E179.75413
G1 X197.588 Y88.322 E179.79724
G1 X197.01 Y88.261 E179.8359
G1 X196.666 Y88.26 E179.85878
G1 X196.151 Y88.302 E179.89315
G1 X195.585 Y88.416 E179.93156
G1 X194.987 Y88.626 E179.97372
G1 X194.408 Y88.925 E180.01707
G1 X193.852 Y89.325 E180.06263
G1 X193.412 Y89.742 E180.10296
G1 X192.978 Y90.293 E180.14961
G1 X192.606 Y90.962 E180.20053
G1 X192.379 Y91.597 E180.24539
G1 X192.249 Y92.213 E180.28727
G1 X192.204 Y92.874 E180.33134
G1 X192.268 Y93.631 E180.38188
G1 X192.413 Y94.22 E180.42223
G1 X192.643 Y94.813 E180.46454
G1 X192.985 Y95.416 E180.51065
G1 X193.387 Y95.927 E180.5539
G1 X193.842 Y96.367 E180.596
G1 X194.312 Y96.714 E180.63487
G1 X194.807 Y96.991 E180.6726
G1 X195.382 Y97.222 E180.71382
G1 X196.012 Y97.378 E180.75699
G1 X196.661 Y97.445 E180.80039
G1 X197.417 Y97.406 E180.85075
G1 X198.016 Y97.283 E180.89143
G1 X198.612 Y97.074 E180.93344
G1 X199.191 Y96.775 E180.97679
G1 X199.747 Y96.375 E181.02235
G1 X200.054 Y96.084 E181.05049
G1 X200.055 Y209.636 E188.604
G1 X199.757 Y209.348 E188.63157
G1 X199.287 Y209.001 E188.67043
G1 X198.792 Y208.724 E188.70816
G1 X198.217 Y208.493 E188.74938
G1 X197.588 Y208.337 E188.79249
G1 X197.01 Y208.276 E188.83115
G1 X196.666 Y208.275 E188.85403
G1 X196.151 Y208.317 E188.88841
G1 X195.585 Y208.431 E188.92681
G1 X194.987 Y208.641 E188.96897
G1 X194.408 Y208.94 E189.01232
G1 X193.852 Y209.34 E189.05788
G1 X193.412 Y209.757 E189.09821
G1 X192.978 Y210.308 E189.14487
G1 X192.606 Y210.977 E189.19578
G1 X192.379 Y211.612 E189.24064
G1 X192.249 Y212.228 E189.28252
G1 X192.204 Y212.889 E189.32659
G1 X192.207 Y212.925 E189.329
G1 X186.256 Y212.926 E189.72486
G1 X185.698 Y212.974 E189.76211
G1 X185.163 Y213.071 E189.79828
G1 X184.602 Y213.235 E189.83716
G1 X184.118 Y213.422 E189.87168
G1 X183.656 Y213.656 E189.90613
G1 X183.168 Y213.961 E189.94441
G1 X182.756 Y214.275 E189.97887
G1 X182.361 Y214.638 E190.01455
G1 X181.912 Y215.148 E190.05975
G1 X181.516 Y215.721 E190.10608
G1 X181.233 Y216.257 E190.1464
G1 X181.03 Y216.744 E190.1815
G1 X180.861 Y217.303 E190.22035
G1 X180.758 Y217.807 E190.25457
G1 X180.702 Y218.288 E190.28678
G1 X180.688 Y218.599 E190.30749
G1 X180.688 Y227.423 E190.89446
G1 X162.298 Y227.423 E192.11777
G1 X162.297 Y214.327 E192.98892
G1 X162.249 Y213.74 E193.0281
G1 X162.128 Y213.131 E193.0694
G1 X161.953 Y212.556 E193.10938
G1 X161.715 Y211.993 E193.15004
G1 X161.426 Y211.471 E193.18973
G1 X161.134 Y211.045 E193.22409
G1 X160.807 Y210.65 E193.2582
G1 X160.385 Y210.226 E193.29799
G1 X159.919 Y209.85 E193.33782
G1 X159.422 Y209.524 E193.37736
G1 X158.889 Y209.251 E193.4172
G1 X158.389 Y209.054 E193.45295
G1 X157.811 Y208.886 E193.49299
G1 X157.225 Y208.786 E193.53253
G1 X156.724 Y208.744 E193.56597
G1 X146.598 Y208.743 E194.23956
G1 X146.04 Y208.782 E194.27677
G1 X145.443 Y208.885 E194.31707
G1 X144.869 Y209.05 E194.35679
G1 X144.307 Y209.276 E194.39709
G1 X143.835 Y209.52 E194.43243
G1 X143.334 Y209.848 E194.47227
G1 X142.867 Y210.225 E194.51219
G1 X142.448 Y210.643 E194.55156
G1 X142.108 Y211.055 E194.58709
G1 X141.775 Y211.551 E194.62683
G1 X141.491 Y212.084 E194.66701
G1 X141.269 Y212.634 E194.70646
G1 X141.102 Y213.214 E194.74661
G1 X141.007 Y213.722 E194.78099
G1 X140.958 Y214.213 E194.81381
G1 X140.952 Y214.501 E194.83298
G1 X140.952 Y227.423 E195.69255
G1 X100.219 Y227.423 E198.40212
G1 X100.04 Y227.372 E198.4145
G1 X99.977 Y227.278 E198.42203
G1 X99.945 Y227.109 E198.43347
G1 X99.945 Y216.094 E199.16619
G1 X100.243 Y216.382 E199.19376
G1 X100.713 Y216.729 E199.23262
G1 X101.208 Y217.006 E199.27035
G1 X101.783 Y217.237 E199.31157
G1 X102.413 Y217.393 E199.35475
G1 X103.062 Y217.46 E199.39815
G1 X103.818 Y217.421 E199.44851
G1 X104.417 Y217.298 E199.48918
G1 X105.013 Y217.089 E199.5312
G1 X105.592 Y216.79 E199.57454
G1 X106.148 Y216.39 E199.62011
G1 X106.588 Y215.973 E199.66043
G1 X107.022 Y215.422 E199.70709
G1 X107.394 Y214.753 E199.75801
G1 X107.621 Y214.118 E199.80287
G1 X107.751 Y213.502 E199.84474
G1 X107.796 Y212.841 E199.88882
G1 X107.732 Y212.084 E199.93935
G1 X107.587 Y211.495 E199.9797
G1 X107.357 Y210.902 E200.02201
G1 X107.015 Y210.299 E200.06813
G1 X106.613 Y209.788 E200.11138
G1 X106.158 Y209.348 E200.15348
G1 X105.688 Y209.001 E200.19234
G1 X105.193 Y208.724 E200.23007
G1 X104.618 Y208.493 E200.27129
G1 X103.989 Y208.337 E200.3144
G1 X103.411 Y208.276 E200.35307
G1 X103.067 Y208.275 E200.37595
G1 X102.552 Y208.317 E200.41032
G1 X101.986 Y208.431 E200.44873
G1 X101.388 Y208.641 E200.49089
G1 X100.809 Y208.94 E200.53423
G1 X100.253 Y209.34 E200.5798
G1 X99.945 Y209.632 E200.60803
G1 X99.946 Y96.08 E208.16154
G1 X100.243 Y96.367 E208.18901
G1 X100.713 Y96.714 E208.22787
G1 X101.208 Y96.991 E208.26561
G1 X101.783 Y97.222 E208.30683
G1 X102.413 Y97.378 E208.35
G1 X103.062 Y97.445 E208.3934
G1 X103.818 Y97.406 E208.44376
G1 X104.417 Y97.283 E208.48444
G1 X105.013 Y97.074 E208.52645
G1 X105.592 Y96.775 E208.5698
G1 X106.148 Y96.375 E208.61536
G1 X106.588 Y95.958 E208.65568
G1 X107.022 Y95.407 E208.70234
G1 X107.394 Y94.738 E208.75326
G1 X107.621 Y94.103 E208.79812
G1 X107.751 Y93.487 E208.84
G1 X107.796 Y92.826 E208.88407
G1 X107.732 Y92.069 E208.9346
G1 X107.587 Y91.48 E208.97495
G1 X107.357 Y90.887 E209.01726
G1 X107.015 Y90.284 E209.06338
G1 X106.613 Y89.773 E209.10663
G1 X106.158 Y89.333 E209.14873
G1 X105.688 Y88.986 E209.18759
G1 X105.193 Y88.709 E209.22533
G1 X104.618 Y88.478 E209.26655
G1 X103.989 Y88.322 E209.30966
G1 X103.411 Y88.261 E209.34832
G1 X103.067 Y88.26 E209.3712
G1 X102.552 Y88.302 E209.40557
G1 X101.986 Y88.416 E209.44398
G1 X101.388 Y88.626 E209.48614
G1 X100.809 Y88.925 E209.52949
G1 X100.253 Y89.325 E209.57505
G1 X99.946 Y89.616 E209.60319
G1 X99.946 Y72.869 E210.7172
G1 X99.97 Y72.711 E210.72783
G1 X100.033 Y72.63 E210.73466
G1 X100.215 Y72.577 E210.74727
G1 X199.747 Y72.577 E217.36816
G1 X199.978 Y72.643 E217.38415
G1 F1500 E216.38415
G0 F9000 X203.508 Y72.731
G0 X197.384 Y93.823
G0 X199.2 Y97.129
G1 F1500 E217.41075
G1 F2100 X199.199 Y208.584 E224.82477
G0 F9000 X198.399 Y208.219
G1 F2100 X198.4 Y97.485 E232.19083
G0 F9000 X197.6 Y97.694
G1 F2100 X197.599 Y208.015 E239.52941
G0 F9000 X196.799 Y207.954
G1 F2100 X196.8 Y97.757 E246.85974
G0 F9000 X196 Y97.698
G1 F2100 X195.999 Y208.02 E254.19839
G0 F9000 X195.199 Y208.226
G1 F2100 X195.2 Y97.494 E261.56431
G0 F9000 X194.4 Y97.129
G1 F2100 X194.399 Y208.584 E268.97833
G0 F9000 X193.599 Y209.137
G1 F2100 X193.6 Y96.577 E276.46585
G0 F9000 X192.8 Y95.698
G1 F2100 X192.799 Y210.017 E284.07038
G0 F9000 X191.999 Y211.856
G1 F2100 X192 Y93.879 E291.91825
G0 F9000 X192 Y91.841
G1 F2100 X192 Y72.896 E293.17847
G0 F9000 X191.2 Y72.896
G1 F2100 X191.199 Y212.605 E302.47195
G0 F9000 X190.399 Y212.605
G1 F2100 X190.4 Y72.896 E311.76543
G0 F9000 X189.6 Y72.896
G1 F2100 X189.599 Y212.605 E321.05891
G0 F9000 X188.799 Y212.605
G1 F2100 X188.8 Y72.896 E330.35239
G0 F9000 X188 Y72.896
G1 F2100 X187.999 Y212.605 E339.64587
G0 F9000 X187.199 Y212.605
G1 F2100 X187.2 Y72.896 E348.93935
G0 F9000 X186.4 Y72.896
G1 F2100 X186.399 Y212.605 E358.23284
G0 F9000 X185.599 Y212.666
G1 F2100 X185.6 Y72.896 E367.53037
G0 F9000 X184.8 Y72.896
G1 F2100 X184.799 Y212.844 E376.83975
G0 F9000 X183.999 Y213.124
G1 F2100 X184 Y72.896 E386.16776
G0 F9000 X183.2 Y72.896
G1 F2100 X183.199 Y213.563 E395.52496
G0 F9000 X182.399 Y214.167
G1 F2100 X182.4 Y72.896 E404.92235
G0 F9000 X181.6 Y72.896
G1 F2100 X181.599 Y215.035 E414.37747
G0 F9000 X180.799 Y216.464
G1 F2100 X180.8 Y72.896 E423.92766
G0 F9000 X180 Y72.896
G1 F2100 X179.999 Y227.102 E434.18548
G0 F9000 X179.199 Y227.102
G1 F2100 X179.2 Y72.896 E444.4433
G0 F9000 X178.4 Y72.896
G1 F2100 X178.399 Y227.102 E454.70113
G0 F9000 X177.599 Y227.102
G1 F2100 X177.6 Y72.896 E464.95895
G0 F9000 X176.8 Y72.896
G1 F2100 X176.799 Y227.102 E475.21678
G0 F9000 X175.999 Y227.102
G1 F2100 X176 Y72.896 E485.4746
G0 F9000 X175.2 Y72.896
G1 F2100 X175.199 Y227.102 E495.73243
G0 F9000 X174.399 Y227.102
G1 F2100 X174.4 Y72.896 E505.99025
G0 F9000 X173.6 Y72.896
G1 F2100 X173.599 Y227.102 E516.24808
G0 F9000 X172.799 Y227.102
G1 F2100 X172.8 Y72.896 E526.5059
G0 F9000 X172 Y72.896
G1 F2100 X171.999 Y227.102 E536.76373
G0 F9000 X171.199 Y227.102
G1 F2100 X171.2 Y72.896 E547.02155
G0 F9000 X170.4 Y72.896
G1 F2100 X170.399 Y227.102 E557.27938
G0 F9000 X169.599 Y227.102
G1 F2100 X169.6 Y72.896 E567.5372
G0 F9000 X168.8 Y72.896
G1 F2100 X168.799 Y227.102 E577.79503
G0 F9000 X167.999 Y227.102
G1 F2100 X168 Y72.896 E588.05285
G0 F9000 X167.2 Y72.896
G1 F2100 X167.199 Y227.102 E598.31068
G0 F9000 X166.399 Y227.102
G1 F2100 X166.4 Y72.896 E608.5685
G0 F9000 X165.6 Y72.896
G1 F2100 X165.599 Y227.102 E618.82633
G0 F9000 X164.799 Y227.102
G1 F2100 X164.8 Y72.896 E629.08415
G0 F9000 X164 Y72.896
G1 F2100 X163.999 Y227.102 E639.34198
G0 F9000 X163.199 Y227.102
G1 F2100 X163.2 Y72.896 E649.5998
G0 F9000 X162.4 Y72.896
G1 F2100 X162.399 Y212.927 E658.9147
G0 F9000 X161.599 Y211.157
G1 F2100 X161.6 Y72.896 E668.11186
G0 F9000 X160.8 Y72.896
G1 F2100 X160.799 Y210.188 E677.24456
G0 F9000 X159.999 Y209.519
G1 F2100 X160 Y72.896 E686.33276
G0 F9000 X159.2 Y72.896
G1 F2100 X159.199 Y209.049 E695.38969
G0 F9000 X158.399 Y208.723
G1 F2100 X158.4 Y72.896 E704.42494
G0 F9000 X157.6 Y72.896
G1 F2100 X157.599 Y208.524 E713.44695
G0 F9000 X156.799 Y208.428
G1 F2100 X156.8 Y72.896 E722.46258
G0 F9000 X156 Y72.896
G1 F2100 X155.999 Y208.422 E731.4778
G0 F9000 X155.199 Y208.422
G1 F2100 X155.2 Y72.896 E740.49303
G0 F9000 X154.4 Y72.896
G1 F2100 X154.399 Y208.422 E749.50826
G0 F9000 X153.599 Y208.422
G1 F2100 X153.6 Y72.896 E758.52348
G0 F9000 X152.8 Y72.896
G1 F2100 X152.799 Y208.422 E767.53871
G0 F9000 X151.999 Y208.422
G1 F2100 X152 Y72.896 E776.55394
G0 F9000 X151.2 Y72.896
G1 F2100 X151.199 Y208.422 E785.56916
G0 F9000 X150.399 Y208.422
G1 F2100 X150.4 Y72.896 E794.58439
G0 F9000 X149.6 Y72.896
G1 F2100 X149.599 Y208.422 E803.59961
G0 F9000 X148.799 Y208.422
G1 F2100 X148.8 Y72.896 E812.61484
G0 F9000 X148 Y72.896
G1 F2100 X147.999 Y208.422 E821.63007
G0 F9000 X147.199 Y208.422
G1 F2100 X147.2 Y72.896 E830.64529
G0 F9000 X146.4 Y72.896
G1 F2100 X146.399 Y208.436 E839.66145
G0 F9000 X145.599 Y208.533
G1 F2100 X145.6 Y72.896 E848.68406
G0 F9000 X144.8 Y72.896
G1 F2100 X144.799 Y208.736 E857.72017
G0 F9000 X143.999 Y209.074
G1 F2100 X144 Y72.896 E866.77877
G0 F9000 X143.2 Y72.896
G1 F2100 X143.199 Y209.553 E875.86923
G0 F9000 X142.399 Y210.239
G1 F2100 X142.4 Y72.896 E885.00532
G0 F9000 X141.6 Y72.896
G1 F2100 X141.599 Y211.238 E894.20787
G0 F9000 X140.799 Y213.105
G1 F2100 X140.8 Y72.896 E903.53461
G0 F9000 X140 Y72.896
G1 F2100 X139.999 Y227.103 E913.7925
G0 F9000 X139.199 Y227.103
G1 F2100 X139.2 Y72.896 E924.05039
G0 F9000 X138.4 Y72.896
G1 F2100 X138.399 Y227.103 E934.30829
G0 F9000 X137.599 Y227.103
G1 F2100 X137.6 Y72.896 E944.56618
G0 F9000 X136.8 Y72.896
G1 F2100 X136.799 Y227.103 E954.82407
G0 F9000 X135.999 Y227.103
G1 F2100 X136 Y72.896 E965.08196
G0 F9000 X135.2 Y72.896
G1 F2100 X135.199 Y227.103 E975.33985
G0 F9000 X134.399 Y227.103
G1 F2100 X134.4 Y72.896 E985.59774
G0 F9000 X133.6 Y72.896
G1 F2100 X133.599 Y227.103 E995.85563
G0 F9000 X132.799 Y227.103
G1 F2100 X132.8 Y72.896 E1006.11352
G0 F9000 X132 Y72.896
G1 F2100 X131.999 Y227.103 E1016.37142
G0 F9000 X131.199 Y227.103
G1 F2100 X131.2 Y72.896 E1026.62931
G0 F9000 X130.399 Y72.896
G1 F2100 X130.399 Y227.103 E1036.8872
G0 F9000 X129.599 Y227.103
G1 F2100 X129.599 Y72.896 E1047.14509
G0 F9000 X128.799 Y72.896
G1 F2100 X128.799 Y227.103 E1057.40298
G0 F9000 X127.999 Y227.103
G1 F2100 X127.999 Y72.896 E1067.66087
G0 F9000 X127.199 Y72.896
G1 F2100 X127.199 Y227.103 E1077.91876
G0 F9000 X126.399 Y227.103
G1 F2100 X126.399 Y72.896 E1088.17666
G0 F9000 X125.599 Y72.896
G1 F2100 X125.599 Y227.103 E1098.43455
G0 F9000 X124.799 Y227.103
G1 F2100 X124.799 Y72.896 E1108.69244
G0 F9000 X123.999 Y72.896
G1 F2100 X123.999 Y227.103 E1118.95033
G0 F9000 X123.199 Y227.103
G1 F2100 X123.199 Y72.896 E1129.20822
G0 F9000 X122.399 Y72.896
G1 F2100 X122.399 Y227.103 E1139.46611
G0 F9000 X121.599 Y227.103
G1 F2100 X121.599 Y72.896 E1149.724
G0 F9000 X120.799 Y72.896
G1 F2100 X120.799 Y227.103 E1159.98189
G0 F9000 X119.999 Y227.103
G1 F2100 X119.999 Y72.896 E1170.23979
G0 F9000 X119.199 Y72.896
G1 F2100 X119.199 Y227.103 E1180.49768
G0 F9000 X118.399 Y227.103
G1 F2100 X118.399 Y72.896 E1190.75557
G0 F9000 X117.599 Y72.896
G1 F2100 X117.599 Y227.103 E1201.01346
G0 F9000 X116.799 Y227.103
G1 F2100 X116.799 Y72.896 E1211.27135
G0 F9000 X115.999 Y72.896
G1 F2100 X115.999 Y227.103 E1221.52924
G0 F9000 X115.199 Y227.103
G1 F2100 X115.199 Y72.896 E1231.78713
G0 F9000 X114.399 Y72.896
G1 F2100 X114.399 Y227.103 E1242.04502
G0 F9000 X113.599 Y227.103
G1 F2100 X113.599 Y72.896 E1252.30292
G0 F9000 X112.799 Y72.896
G1 F2100 X112.799 Y227.103 E1262.56081
G0 F9000 X111.999 Y227.103
G1 F2100 X111.999 Y72.896 E1272.8187
G0 F9000 X111.199 Y72.896
G1 F2100 X111.199 Y227.103 E1283.07659
G0 F9000 X110.399 Y227.103
G1 F2100 X110.399 Y72.896 E1293.33448
G0 F9000 X109.599 Y72.896
G1 F2100 X109.599 Y227.103 E1303.59237
G0 F9000 X108.799 Y227.103
G1 F2100 X108.799 Y72.896 E1313.85026
G0 F9000 X107.999 Y72.896
G1 F2100 X107.999 Y91.819 E1315.10903
G0 F9000 X107.199 Y90
G1 F2100 X107.199 Y72.896 E1316.24679
G0 F9000 X106.399 Y72.896
G1 F2100 X106.399 Y89.121 E1317.32608
G0 F9000 X105.599 Y88.569
G1 F2100 X105.599 Y72.896 E1318.36865
G0 F9000 X104.799 Y72.896
G1 F2100 X104.799 Y88.204 E1319.38695
G0 F9000 X103.999 Y88
G1 F2100 X103.999 Y72.896 E1320.39167
G0 F9000 X103.199 Y72.896
G1 F2100 X103.199 Y87.939 E1321.39233
G0 F9000 X102.399 Y88.005
G1 F2100 X102.399 Y72.896 E1322.39739
G0 F9000 X101.599 Y72.896
G1 F2100 X101.599 Y88.212 E1323.41621
G0 F9000 X100.799 Y88.569
G1 F2100 X100.799 Y72.896 E1324.45878
G1 F1500 E1323.45878
G0 F9000 X100.799 Y69.122
G0 X104.323 Y93.017
G0 X107.999 Y93.856
G1 F1500 E1324.48539
G1 F2100 X107.999 Y211.835 E1332.33339
G0 F9000 X107.199 Y210.016
G1 F2100 X107.199 Y95.696 E1339.93798
G0 F9000 X106.399 Y96.576
G1 F2100 X106.399 Y209.137 E1347.42557
G0 F9000 X105.599 Y208.585
G1 F2100 X105.599 Y97.129 E1354.83965
G0 F9000 X104.799 Y97.486
G1 F2100 X104.799 Y208.22 E1362.20571
G0 F9000 X103.999 Y208.016
G1 F2100 X103.999 Y97.694 E1369.54436
G0 F9000 X103.199 Y97.757
G1 F2100 X103.199 Y207.955 E1376.87476
G0 F9000 X102.399 Y208.021
G1 F2100 X102.399 Y97.698 E1384.21348
G0 F9000 X101.599 Y97.494
G1 F2100 X101.599 Y208.228 E1391.57953
G0 F9000 X100.799 Y208.585
G1 F2100 X100.799 Y97.129 E1398.99361
G1 F1500 E1397.99361
G0 F9000 X102.716 Y93.876
G0 X195.86 Y92.212
G0 X192.8 Y90.002
G1 F1500 E1399.02022
G1 F2100 X192.8 Y72.896 E1400.15812
G0 F9000 X193.6 Y72.896
G1 F2100 X193.6 Y89.122 E1401.23748
G0 F9000 X194.4 Y88.569
G1 F2100 X194.4 Y72.896 E1402.28005
G0 F9000 X195.2 Y72.896
G1 F2100 X195.2 Y88.211 E1403.29881
G0 F9000 X196 Y88.005
G1 F2100 X196 Y72.896 E1404.30386
G0 F9000 X196.8 Y72.896
G1 F2100 X196.8 Y87.939 E1405.30453
G0 F9000 X197.6 Y88
G1 F2100 X197.6 Y72.896 E1406.30925
G0 F9000 X198.4 Y72.896
G1 F2100 X198.4 Y88.204 E1407.32754
G0 F9000 X199.2 Y88.569
G1 F2100 X199.2 Y72.896 E1408.37011
G1 F1500 E1407.37011
G0 F9000 X199.2 Y69.122
G0 X104.323 Y213.032
G0 X107.999 Y213.872
G1 F1500 E1408.39672
G1 F2100 X107.999 Y227.103 E1409.27685
G0 F9000 X107.199 Y227.103
G1 F2100 X107.199 Y215.712 E1410.03458
G0 F9000 X106.399 Y216.592
G1 F2100 X106.399 Y227.103 E1410.73378
G0 F9000 X105.599 Y227.103
G1 F2100 X105.599 Y217.145 E1411.39619
G0 F9000 X104.799 Y217.502
G1 F2100 X104.799 Y227.103 E1412.03485
G0 F9000 X103.999 Y227.103
G1 F2100 X103.999 Y217.71 E1412.65967
G0 F9000 X103.199 Y217.773
G1 F2100 X103.199 Y227.103 E1413.28031
G0 F9000 X102.399 Y227.103
G1 F2100 X102.399 Y217.714 E1413.90487
G0 F9000 X101.599 Y217.51
G1 F2100 X101.599 Y227.103 E1414.54299
G0 F9000 X100.799 Y227.103
G1 F2100 X100.799 Y217.145 E1415.2054
G1 F1500 E1414.2054
G0 F9000 X102.716 Y213.891
G0 X144.326 Y215.799
G0 X144.406 Y214.549
G0 X158.843 Y214.459
G0 X158.922 Y216.469
G0 X194.738 Y218.113
G0 X198.092 Y217.271
G1 F1500 E1415.23201
G1 F2100 X198.612 Y217.089 E1415.26866
G1 X199.191 Y216.79 E1415.31201
G1 X199.747 Y216.39 E1415.35757
G1 X200.055 Y216.098 E1415.3858
G1 X200.055 Y227.099 E1416.11759
G1 X200.021 Y227.299 E1416.13109
G1 X199.896 Y227.402 E1416.14186
G1 X199.789 Y227.423 E1416.14911
G1 X198.271 Y227.423 E1416.25009
G1 X198.27 Y218.506 E1416.84325
G1 X198.22 Y217.918 E1416.88251
G1 X198.092 Y217.271 E1416.92638
G0 F9000 X199.199 Y217.144
G1 F2100 X199.199 Y227.102 E1417.58879
G1 F1500 E1416.58879
;MESH:NONMESH
G0 F300 X199.199 Y227.102 Z1.6
G0 F9000 X199.199 Y230.878
G0 X197.355 Y211.875
G0 X198.457 Y209.44
;TIME_ELAPSED:5225.395973
;LAYER:7
;TYPE:WALL-INNER
;MESH:Top of Case V2.STL
G1 F1500 E1417.6154
G1 F2400 X197.962 Y209.242 E1417.65086
G1 X197.448 Y209.117 E1417.68605
G1 X196.967 Y209.066 E1417.71822
G1 X196.694 Y209.065 E1417.73638
G1 X196.238 Y209.103 E1417.76682
G1 X195.575 Y209.263 E1417.81219
G1 X195.055 Y209.482 E1417.84973
G1 X194.565 Y209.785 E1417.88805
G1 X194.148 Y210.137 E1417.92435
G1 X193.796 Y210.53 E1417.95944
G1 X193.474 Y211.017 E1417.99828
G1 X193.226 Y211.557 E1418.03781
G1 X193.076 Y212.087 E1418.07445
G1 X193.007 Y212.594 E1418.10849
G1 X193 Y213.071 E1418.14022
G1 X193.056 Y213.54 E1418.17164
G1 X193.11 Y213.759 E1418.18664
G1 X192.852 Y213.727 E1418.19289
G1 X192.583 Y213.715 E1418.20389
G1 X186.275 Y213.716 E1418.6235
G1 X185.626 Y213.785 E1418.66692
G1 X185.099 Y213.907 E1418.7029
G1 X184.604 Y214.076 E1418.7377
G1 X184.131 Y214.297 E1418.77243
G1 X183.682 Y214.565 E1418.80721
G1 X183.263 Y214.881 E1418.84212
G1 X182.886 Y215.233 E1418.87643
G1 X182.588 Y215.57 E1418.90635
G1 X182.327 Y215.924 E1418.93561
G1 X182.063 Y216.362 E1418.96963
G1 X181.842 Y216.835 E1419.00436
G1 X181.672 Y217.326 E1419.03892
G1 X181.566 Y217.763 E1419.06883
G1 X181.494 Y218.273 E1419.1031
G1 X181.478 Y218.679 E1419.13012
G1 X181.478 Y228.213 E1419.76433
G1 X161.508 Y228.213 E1421.09274
G1 X161.508 Y214.416 E1422.01052
G1 X161.474 Y213.934 E1422.04266
G1 X161.4 Y213.49 E1422.0726
G1 X161.289 Y213.062 E1422.10202
G1 X161.113 Y212.578 E1422.13627
G1 X160.884 Y212.109 E1422.17099
G1 X160.61 Y211.67 E1422.20542
G1 X160.336 Y211.314 E1422.2353
G1 X159.995 Y210.946 E1422.26867
G1 X159.654 Y210.644 E1422.29897
G1 X159.303 Y210.385 E1422.32799
G1 X158.921 Y210.15 E1422.35782
G1 X158.393 Y209.898 E1422.39674
G1 X157.888 Y209.725 E1422.43225
G1 X157.377 Y209.606 E1422.46715
G1 X156.879 Y209.545 E1422.50053
G1 X156.61 Y209.533 E1422.51844
G1 X146.546 Y209.534 E1423.1879
G1 X145.972 Y209.59 E1423.22626
G1 X145.523 Y209.682 E1423.25675
G1 X145.025 Y209.833 E1423.29137
G1 X144.488 Y210.067 E1423.33033
G1 X144.083 Y210.296 E1423.36128
G1 X143.671 Y210.584 E1423.39472
G1 X143.32 Y210.882 E1423.42535
G1 X142.913 Y211.313 E1423.46478
G1 X142.595 Y211.736 E1423.49999
G1 X142.324 Y212.184 E1423.53481
G1 X142.109 Y212.649 E1423.56889
G1 X141.957 Y213.073 E1423.59886
G1 X141.83 Y213.585 E1423.63395
G1 X141.755 Y214.157 E1423.67232
G1 X141.742 Y214.499 E1423.69509
G1 X141.742 Y228.213 E1424.60735
G1 X100.191 Y228.213 E1427.37133
G1 X99.925 Y228.182 E1427.38914
G1 X99.815 Y228.149 E1427.39678
G1 X99.593 Y228.033 E1427.41345
G1 X99.301 Y227.723 E1427.44177
G1 X99.196 Y227.475 E1427.45969
G1 X99.155 Y227.19 E1427.47884
G1 X99.155 Y214.247 E1428.33981
G1 X99.155 Y213.208 E1428.40893
G1 X99.155 Y212.086 E1428.48356
G1 X99.155 Y211.017 E1428.55468
G1 X99.155 Y94.232 E1436.32324
G1 X99.155 Y93.193 E1436.39236
G1 X99.155 Y92.071 E1436.467
G1 X99.155 Y91.002 E1436.53811
G1 X99.156 Y72.817 E1437.74778
G1 X99.187 Y72.55 E1437.76566
G1 X99.348 Y72.206 E1437.79092
G1 X99.64 Y71.939 E1437.81724
G1 X99.89 Y71.831 E1437.83536
G1 X100.146 Y71.789 E1437.85261
G1 X100.208 Y71.787 E1437.85674
G1 X199.808 Y71.787 E1444.48216
G1 X200.066 Y71.817 E1444.49944
G1 X200.357 Y71.932 E1444.52025
G1 X200.646 Y72.199 E1444.54642
G1 X200.788 Y72.466 E1444.56654
G1 X200.844 Y72.804 E1444.58933
G1 X200.844 Y91.718 E1445.8475
G1 X200.844 Y92.644 E1445.90909
G1 X200.844 Y93.628 E1445.97455
G1 X200.844 Y94.698 E1446.04573
G1 X200.844 Y211.733 E1453.83093
G1 X200.844 Y212.659 E1453.89252
G1 X200.844 Y213.643 E1453.95798
G1 X200.844 Y214.712 E1454.02909
G1 X200.845 Y227.142 E1454.85594
G1 X200.817 Y227.421 E1454.87459
G1 X200.672 Y227.77 E1454.89973
G1 X200.527 Y227.937 E1454.91444
G1 X200.235 Y228.129 E1454.93769
G1 X199.955 Y228.204 E1454.95697
G1 X199.826 Y228.213 E1454.96557
G1 X197.481 Y228.213 E1455.12156
G1 X197.481 Y218.599 E1455.76109
G1 X197.447 Y218.094 E1455.79476
G1 X197.319 Y217.438 E1455.83922
G1 X197.152 Y216.921 E1455.87536
G1 X197.03 Y216.649 E1455.89519
G1 X197.337 Y216.633 E1455.90257
G1 X198.024 Y216.467 E1455.94959
G1 X198.544 Y216.248 E1455.98712
G1 X199.034 Y215.945 E1456.02545
G1 X199.451 Y215.593 E1456.06175
G1 X199.803 Y215.2 E1456.09684
G1 X200.125 Y214.713 E1456.13568
G1 X200.373 Y214.173 E1456.17133
G1 X200.523 Y213.643 E1456.18916
G1 X200.592 Y213.136 E1456.20025
G1 X200.599 Y212.659 E1456.20805
G1 X200.543 Y212.19 E1456.21603
G1 X200.431 Y211.733 E1456.22918
G1 X200.24 Y211.239 E1456.26441
G1 X199.96 Y210.747 E1456.30207
G1 X199.658 Y210.356 E1456.33493
G1 X199.32 Y210.018 E1456.36673
G1 X198.874 Y209.676 E1456.40412
G1 X198.457 Y209.44 E1456.43599
G1 F1500 E1455.43599
G0 F9000 X197.298 Y211.845
G0 X195.988 Y213.659
G0 X194.58 Y215.024
G1 F1500 E1456.4626
G1 F2400 X194.332 Y214.933 E1456.48017
G1 X193.959 Y214.658 E1456.511
G1 X193.74 Y214.713 E1456.52602
G1 X193.575 Y214.659 E1456.53757
G1 X193.207 Y214.577 E1456.56265
G1 X192.785 Y214.525 E1456.59093
G1 X192.565 Y214.515 E1456.60558
G1 X186.317 Y214.516 E1457.0212
G1 X185.759 Y214.575 E1457.05852
G1 X185.319 Y214.677 E1457.08857
G1 X184.904 Y214.819 E1457.11775
G1 X184.506 Y215.005 E1457.14697
G1 X184.129 Y215.23 E1457.17618
G1 X183.778 Y215.494 E1457.20539
G1 X183.461 Y215.791 E1457.23429
G1 X183.211 Y216.074 E1457.25941
G1 X182.993 Y216.369 E1457.28381
G1 X182.77 Y216.739 E1457.31254
G1 X182.584 Y217.136 E1457.34171
G1 X182.441 Y217.551 E1457.37091
G1 X182.353 Y217.914 E1457.39575
G1 X182.292 Y218.345 E1457.42471
G1 X182.278 Y218.695 E1457.44801
G1 X182.278 Y229.013 E1458.13436
G1 X160.708 Y229.013 E1459.56921
G1 X160.708 Y214.444 E1460.53834
G1 X160.679 Y214.028 E1460.56608
G1 X160.617 Y213.657 E1460.5911
G1 X160.524 Y213.299 E1460.61571
G1 X160.376 Y212.891 E1460.64458
G1 X160.183 Y212.497 E1460.67376
G1 X159.952 Y212.126 E1460.70283
G1 X159.725 Y211.831 E1460.72759
G1 X159.435 Y211.519 E1460.75593
G1 X159.15 Y211.266 E1460.78128
G1 X158.856 Y211.049 E1460.80559
G1 X158.538 Y210.854 E1460.8304
G1 X158.09 Y210.64 E1460.86343
G1 X157.667 Y210.495 E1460.89317
G1 X157.237 Y210.395 E1460.92254
G1 X156.812 Y210.343 E1460.95102
G1 X156.592 Y210.333 E1460.96567
G1 X146.585 Y210.334 E1461.63134
G1 X146.091 Y210.382 E1461.66436
G1 X145.72 Y210.458 E1461.68955
G1 X145.302 Y210.585 E1461.71861
G1 X144.845 Y210.784 E1461.75176
G1 X144.51 Y210.973 E1461.77735
G1 X144.161 Y211.218 E1461.80572
G1 X143.871 Y211.464 E1461.83101
G1 X143.525 Y211.83 E1461.86452
G1 X143.259 Y212.184 E1461.89397
G1 X143.032 Y212.56 E1461.92319
G1 X142.85 Y212.953 E1461.952
G1 X142.724 Y213.305 E1461.97687
G1 X142.617 Y213.734 E1462.00628
G1 X142.553 Y214.224 E1462.03915
G1 X142.542 Y214.514 E1462.05845
G1 X142.542 Y229.013 E1463.02293
G1 X100.142 Y229.013 E1465.84339
G1 X99.764 Y228.969 E1465.86871
G1 X99.511 Y228.892 E1465.8863
G1 X99.145 Y228.701 E1465.91376
G1 X98.855 Y228.456 E1465.93901
G1 X98.62 Y228.149 E1465.96473
G1 X98.502 Y227.917 E1465.98205
G1 X98.415 Y227.663 E1465.99991
G1 X98.357 Y227.264 E1466.02673
G1 X98.355 Y227.213 E1466.03012
G1 X98.356 Y72.769 E1476.30378
G1 X98.399 Y72.395 E1476.32882
G1 X98.453 Y72.206 E1476.3419
G1 X98.553 Y71.972 E1476.35882
G1 X98.702 Y71.728 E1476.37784
G1 X98.936 Y71.465 E1476.40126
G1 X99.239 Y71.24 E1476.42636
G1 X99.663 Y71.058 E1476.45706
G1 X100.073 Y70.99 E1476.4847
G1 X100.187 Y70.987 E1476.49229
G1 X199.858 Y70.987 E1483.12243
G1 X200.244 Y71.032 E1483.14828
G1 X200.602 Y71.156 E1483.17348
G1 X200.785 Y71.254 E1483.18729
G1 X201.024 Y71.428 E1483.20696
G1 X201.296 Y71.725 E1483.23375
G1 X201.492 Y72.065 E1483.25985
G1 X201.553 Y72.227 E1483.27137
G1 X201.617 Y72.488 E1483.28924
G1 X201.644 Y72.768 E1483.30796
G1 X201.645 Y227.182 E1493.57962
G1 X201.604 Y227.589 E1493.60683
G1 X201.478 Y227.964 E1493.63314
G1 X201.345 Y228.206 E1493.65151
G1 X201.251 Y228.334 E1493.66208
G1 X201.067 Y228.531 E1493.68001
G1 X200.777 Y228.75 E1493.70418
G1 X200.55 Y228.867 E1493.72117
G1 X200.304 Y228.951 E1493.73846
G1 X200.056 Y228.999 E1493.75526
G1 X199.852 Y229.013 E1493.76887
G1 X196.681 Y229.013 E1493.9798
G1 X196.681 Y218.626 E1494.67075
G1 X196.652 Y218.198 E1494.69928
G1 X196.543 Y217.638 E1494.73723
G1 X196.404 Y217.209 E1494.76723
G1 X196.223 Y216.805 E1494.79668
G1 X195.966 Y216.368 E1494.8304
G1 X195.702 Y216.017 E1494.85962
G1 X195.617 Y215.924 E1494.868
G1 X195.525 Y215.649 E1494.88729
G1 X195.046 Y215.392 E1494.92345
G1 X194.864 Y215.257 E1494.93852
G1 X194.58 Y215.024 E1494.96296
G1 F1500 E1493.96296
G0 F9000 X195.95 Y213.618
G0 X197.298 Y211.845
G0 X197.763 Y210.886
;TYPE:WALL-OUTER
G1 F1500 E1494.98957
G1 F2400 X197.473 Y210.77 E1495.01034
G1 X197.174 Y210.697 E1495.03082
G1 X196.878 Y210.666 E1495.05062
G1 X196.755 Y210.665 E1495.0588
G1 X196.494 Y210.687 E1495.07622
G1 X196.077 Y210.787 E1495.10475
G1 X195.792 Y210.908 E1495.12534
G1 X195.507 Y211.084 E1495.14763
G1 X195.265 Y211.288 E1495.16868
G1 X195.066 Y211.51 E1495.18851
G1 X194.876 Y211.797 E1495.21141
G1 X194.732 Y212.111 E1495.23439
G1 X194.646 Y212.415 E1495.2554
G1 X194.605 Y212.713 E1495.27541
G1 X194.602 Y212.986 E1495.29357
G1 X194.634 Y213.254 E1495.31153
G1 X194.698 Y213.517 E1495.32953
G1 X194.809 Y213.803 E1495.34994
G1 X194.975 Y214.095 E1495.37228
G1 X195.145 Y214.316 E1495.39083
G1 X195.335 Y214.506 E1495.4087
G1 X195.609 Y214.716 E1495.43167
G1 X195.836 Y214.844 E1495.449
G1 X196.126 Y214.96 E1495.46978
G1 X196.425 Y215.033 E1495.49025
G1 X196.721 Y215.064 E1495.51005
G1 X197.105 Y215.043 E1495.53563
G1 X197.522 Y214.943 E1495.56416
G1 X197.807 Y214.822 E1495.58476
G1 X198.092 Y214.646 E1495.60704
G1 X198.334 Y214.442 E1495.62809
G1 X198.533 Y214.22 E1495.64792
G1 X198.723 Y213.933 E1495.67082
G1 X198.867 Y213.619 E1495.6938
G1 X198.953 Y213.315 E1495.71482
G1 X198.994 Y213.017 E1495.73482
G1 X198.997 Y212.744 E1495.75299
G1 X198.965 Y212.476 E1495.77094
G1 X198.901 Y212.213 E1495.78895
G1 X198.79 Y211.927 E1495.80935
G1 X198.624 Y211.635 E1495.8317
G1 X198.454 Y211.414 E1495.85024
G1 X198.264 Y211.224 E1495.86812
G1 X197.99 Y211.014 E1495.89108
G1 X197.763 Y210.886 E1495.90842
G0 F9000 X198.143 Y210.093
G1 F1500 E1494.90842
G0 F9000 X197.152 Y211.786
G0 X104.012 Y212.071
G0 X105.721 Y210.018
;TYPE:WALL-INNER
G1 F1500 E1495.93502
G1 F2400 X105.275 Y209.676 E1495.97241
G1 X104.858 Y209.44 E1496.00428
G1 X104.363 Y209.242 E1496.03975
G1 X103.849 Y209.117 E1496.07494
G1 X103.368 Y209.066 E1496.10711
G1 X103.095 Y209.065 E1496.12527
G1 X102.639 Y209.103 E1496.15571
G1 X101.976 Y209.263 E1496.20108
G1 X101.456 Y209.482 E1496.23861
G1 X100.966 Y209.785 E1496.27694
G1 X100.549 Y210.137 E1496.31324
G1 X100.197 Y210.53 E1496.34833
G1 X99.875 Y211.017 E1496.38717
G1 X99.627 Y211.556 E1496.42091
G1 X99.477 Y212.086 E1496.4388
G1 X99.406 Y212.605 E1496.45232
G1 X99.408 Y213.208 E1496.46483
G1 X99.509 Y213.786 E1496.47806
G1 X99.657 Y214.247 E1496.49712
G1 X99.883 Y214.728 E1496.53248
G1 X100.2 Y215.204 E1496.57052
G1 X100.519 Y215.562 E1496.60242
G1 X100.875 Y215.876 E1496.63399
G1 X101.352 Y216.189 E1496.67194
G1 X101.79 Y216.397 E1496.7042
G1 X102.289 Y216.56 E1496.73912
G1 X102.8 Y216.647 E1496.7736
G1 X103.277 Y216.667 E1496.80536
G1 X103.761 Y216.627 E1496.83766
G1 X104.425 Y216.467 E1496.8831
G1 X104.945 Y216.248 E1496.92063
G1 X105.435 Y215.945 E1496.95895
G1 X105.852 Y215.593 E1496.99525
G1 X106.204 Y215.2 E1497.03035
G1 X106.526 Y214.713 E1497.06918
G1 X106.774 Y214.173 E1497.10871
G1 X106.924 Y213.643 E1497.14535
G1 X106.993 Y213.136 E1497.17939
G1 X107 Y212.659 E1497.21112
G1 X106.944 Y212.19 E1497.24254
G1 X106.832 Y211.733 E1497.27384
G1 X106.641 Y211.239 E1497.30907
G1 X106.361 Y210.747 E1497.34673
G1 X106.059 Y210.356 E1497.37959
G1 X105.721 Y210.018 E1497.41139
G0 F9000 X105.193 Y210.621
G1 F2400 X104.833 Y210.345 E1497.44157
G1 X104.511 Y210.163 E1497.46617
G1 X104.119 Y210.006 E1497.49426
G1 X103.712 Y209.907 E1497.52212
G1 X103.324 Y209.866 E1497.54808
G1 X103.126 Y209.865 E1497.56125
G1 X102.767 Y209.895 E1497.58521
G1 X102.227 Y210.025 E1497.62216
G1 X101.824 Y210.195 E1497.65126
G1 X101.437 Y210.434 E1497.68151
G1 X101.108 Y210.712 E1497.71016
G1 X100.832 Y211.02 E1497.73767
G1 X100.576 Y211.407 E1497.76854
G1 X100.38 Y211.834 E1497.79979
G1 X100.262 Y212.25 E1497.82856
G1 X100.206 Y212.658 E1497.85595
G1 X100.208 Y213.137 E1497.88782
G1 X100.288 Y213.594 E1497.91868
G1 X100.403 Y213.954 E1497.94382
G1 X100.582 Y214.334 E1497.97176
G1 X100.835 Y214.714 E1498.00213
G1 X101.084 Y214.994 E1498.02705
G1 X101.361 Y215.238 E1498.05161
G1 X101.745 Y215.49 E1498.08216
G1 X102.087 Y215.652 E1498.10733
G1 X102.482 Y215.781 E1498.13498
G1 X102.885 Y215.85 E1498.16217
G1 X103.261 Y215.866 E1498.18721
G1 X103.634 Y215.835 E1498.21211
G1 X104.174 Y215.705 E1498.24905
G1 X104.577 Y215.535 E1498.27815
G1 X104.964 Y215.296 E1498.3084
G1 X105.293 Y215.018 E1498.33706
G1 X105.569 Y214.71 E1498.36457
G1 X105.825 Y214.323 E1498.39543
G1 X106.021 Y213.896 E1498.42669
G1 X106.139 Y213.479 E1498.45552
G1 X106.194 Y213.076 E1498.48257
G1 X106.199 Y212.701 E1498.50752
G1 X106.155 Y212.333 E1498.53217
G1 X106.067 Y211.973 E1498.55683
G1 X105.916 Y211.583 E1498.58464
G1 X105.693 Y211.191 E1498.61464
G1 X105.457 Y210.885 E1498.64035
G1 X105.193 Y210.621 E1498.66519
G0 F9000 X104.665 Y211.224
;TYPE:WALL-OUTER
G1 F2400 X104.391 Y211.014 E1498.68815
G1 X104.164 Y210.886 E1498.70549
G1 X103.874 Y210.77 E1498.72626
G1 X103.575 Y210.697 E1498.74674
G1 X103.279 Y210.666 E1498.76653
G1 X103.156 Y210.665 E1498.77472
G1 X102.895 Y210.687 E1498.79214
G1 X102.478 Y210.787 E1498.82066
G1 X102.193 Y210.908 E1498.84126
G1 X101.908 Y211.084 E1498.86354
G1 X101.666 Y211.288 E1498.8846
G1 X101.467 Y211.51 E1498.90443
G1 X101.277 Y211.797 E1498.92733
G1 X101.133 Y212.111 E1498.9503
G1 X101.047 Y212.415 E1498.97132
G1 X101.006 Y212.711 E1498.9912
G1 X101.008 Y213.065 E1499.01475
G1 X101.067 Y213.403 E1499.03757
G1 X101.149 Y213.661 E1499.05558
G1 X101.28 Y213.939 E1499.07602
G1 X101.47 Y214.224 E1499.09881
G1 X101.649 Y214.425 E1499.11671
G1 X101.848 Y214.6 E1499.13434
G1 X102.138 Y214.791 E1499.15744
G1 X102.383 Y214.907 E1499.17547
G1 X102.675 Y215.002 E1499.1959
G1 X102.971 Y215.053 E1499.21588
G1 X103.245 Y215.065 E1499.23412
G1 X103.506 Y215.043 E1499.25154
G1 X103.923 Y214.943 E1499.28007
G1 X104.208 Y214.822 E1499.30066
G1 X104.493 Y214.646 E1499.32295
G1 X104.735 Y214.442 E1499.344
G1 X104.934 Y214.22 E1499.36383
G1 X105.124 Y213.933 E1499.38673
G1 X105.268 Y213.619 E1499.40971
G1 X105.354 Y213.315 E1499.43072
G1 X105.395 Y213.017 E1499.45073
G1 X105.398 Y212.744 E1499.46889
G1 X105.366 Y212.476 E1499.48685
G1 X105.302 Y212.213 E1499.50485
G1 X105.191 Y211.927 E1499.52526
G1 X105.025 Y211.635 E1499.5476
G1 X104.855 Y211.414 E1499.56615
G1 X104.665 Y211.224 E1499.58403
G0 F9000 X105.245 Y210.563
G1 F1500 E1498.58403
G0 F9000 X103.861 Y211.941
G0 X104.284 Y92.513
G0 X106.641 Y91.224
;TYPE:WALL-INNER
G1 F1500 E1499.61063
G1 F2400 X106.361 Y90.732 E1499.64829
G1 X106.059 Y90.341 E1499.68116
G1 X105.721 Y90.003 E1499.71295
G1 X105.275 Y89.661 E1499.75034
G1 X104.858 Y89.425 E1499.78221
G1 X104.363 Y89.227 E1499.81768
G1 X103.849 Y89.102 E1499.85286
G1 X103.368 Y89.051 E1499.88504
G1 X103.095 Y89.05 E1499.9032
G1 X102.639 Y89.088 E1499.93364
G1 X101.976 Y89.248 E1499.97901
G1 X101.456 Y89.467 E1500.01654
G1 X100.966 Y89.77 E1500.05486
G1 X100.549 Y90.122 E1500.09116
G1 X100.197 Y90.515 E1500.12626
G1 X99.875 Y91.002 E1500.1651
G1 X99.627 Y91.541 E1500.19884
G1 X99.477 Y92.071 E1500.21673
G1 X99.406 Y92.59 E1500.23025
G1 X99.408 Y93.193 E1500.24275
G1 X99.509 Y93.771 E1500.25599
G1 X99.657 Y94.232 E1500.27505
G1 X99.883 Y94.713 E1500.3104
G1 X100.2 Y95.189 E1500.34845
G1 X100.519 Y95.547 E1500.38034
G1 X100.875 Y95.861 E1500.41192
G1 X101.352 Y96.174 E1500.44987
G1 X101.79 Y96.382 E1500.48212
G1 X102.289 Y96.545 E1500.51704
G1 X102.8 Y96.632 E1500.55153
G1 X103.277 Y96.652 E1500.58328
G1 X103.761 Y96.612 E1500.61559
G1 X104.425 Y96.452 E1500.66102
G1 X104.945 Y96.233 E1500.69856
G1 X105.435 Y95.93 E1500.73688
G1 X105.852 Y95.578 E1500.77318
G1 X106.204 Y95.185 E1500.80828
G1 X106.526 Y94.698 E1500.84711
G1 X106.774 Y94.158 E1500.88664
G1 X106.924 Y93.628 E1500.92328
G1 X106.993 Y93.121 E1500.95732
G1 X107 Y92.644 E1500.98905
G1 X106.944 Y92.175 E1501.02047
G1 X106.832 Y91.718 E1501.05177
G1 X106.641 Y91.224 E1501.087
G0 F9000 X105.916 Y91.568
G1 F2400 X105.693 Y91.176 E1501.117
G1 X105.457 Y90.87 E1501.14271
G1 X105.193 Y90.606 E1501.16754
G1 X104.833 Y90.33 E1501.19772
G1 X104.511 Y90.148 E1501.22232
G1 X104.119 Y89.991 E1501.25041
G1 X103.712 Y89.892 E1501.27827
G1 X103.324 Y89.851 E1501.30423
G1 X103.126 Y89.85 E1501.3174
G1 X102.767 Y89.88 E1501.34136
G1 X102.227 Y90.01 E1501.37831
G1 X101.824 Y90.18 E1501.40741
G1 X101.437 Y90.419 E1501.43766
G1 X101.108 Y90.697 E1501.46631
G1 X100.832 Y91.005 E1501.49383
G1 X100.576 Y91.392 E1501.52469
G1 X100.38 Y91.819 E1501.55594
G1 X100.262 Y92.235 E1501.58471
G1 X100.206 Y92.643 E1501.6121
G1 X100.208 Y93.122 E1501.64397
G1 X100.288 Y93.579 E1501.67483
G1 X100.403 Y93.939 E1501.69997
G1 X100.582 Y94.319 E1501.72791
G1 X100.835 Y94.699 E1501.75828
G1 X101.084 Y94.979 E1501.7832
G1 X101.361 Y95.223 E1501.80776
G1 X101.745 Y95.475 E1501.83831
G1 X102.087 Y95.637 E1501.86349
G1 X102.482 Y95.766 E1501.89113
G1 X102.885 Y95.835 E1501.91832
G1 X103.261 Y95.851 E1501.94336
G1 X103.634 Y95.82 E1501.96826
G1 X104.174 Y95.69 E1502.0052
G1 X104.577 Y95.52 E1502.0343
G1 X104.964 Y95.281 E1502.06456
G1 X105.293 Y95.003 E1502.09321
G1 X105.569 Y94.695 E1502.12072
G1 X105.825 Y94.308 E1502.15158
G1 X106.021 Y93.881 E1502.18284
G1 X106.139 Y93.464 E1502.21167
G1 X106.194 Y93.061 E1502.23872
G1 X106.199 Y92.686 E1502.26367
G1 X106.155 Y92.318 E1502.28832
G1 X106.067 Y91.958 E1502.31298
G1 X105.916 Y91.568 E1502.34079
G0 F9000 X105.191 Y91.912
;TYPE:WALL-OUTER
G1 F2400 X105.025 Y91.62 E1502.36314
G1 X104.855 Y91.399 E1502.38169
G1 X104.665 Y91.209 E1502.39956
G1 X104.391 Y90.999 E1502.42252
G1 X104.164 Y90.871 E1502.43986
G1 X103.874 Y90.755 E1502.46064
G1 X103.575 Y90.682 E1502.48111
G1 X103.279 Y90.651 E1502.50091
G1 X103.156 Y90.65 E1502.50909
G1 X102.895 Y90.672 E1502.52651
G1 X102.478 Y90.772 E1502.55504
G1 X102.193 Y90.893 E1502.57563
G1 X101.908 Y91.069 E1502.59792
G1 X101.666 Y91.273 E1502.61897
G1 X101.467 Y91.495 E1502.6388
G1 X101.277 Y91.782 E1502.6617
G1 X101.133 Y92.096 E1502.68468
G1 X101.047 Y92.4 E1502.70569
G1 X101.006 Y92.696 E1502.72557
G1 X101.008 Y93.05 E1502.74912
G1 X101.067 Y93.388 E1502.77194
G1 X101.149 Y93.646 E1502.78995
G1 X101.28 Y93.924 E1502.8104
G1 X101.47 Y94.209 E1502.83318
G1 X101.649 Y94.41 E1502.85108
G1 X101.848 Y94.585 E1502.86871
G1 X102.138 Y94.776 E1502.89181
G1 X102.383 Y94.892 E1502.90984
G1 X102.675 Y94.987 E1502.93027
G1 X102.971 Y95.038 E1502.95025
G1 X103.245 Y95.05 E1502.96849
G1 X103.506 Y95.028 E1502.98592
G1 X103.923 Y94.928 E1503.01444
G1 X104.208 Y94.807 E1503.03504
G1 X104.493 Y94.631 E1503.05732
G1 X104.735 Y94.427 E1503.07837
G1 X104.934 Y94.205 E1503.09821
G1 X105.124 Y93.918 E1503.1211
G1 X105.268 Y93.604 E1503.14408
G1 X105.354 Y93.3 E1503.1651
G1 X105.395 Y93.002 E1503.18511
G1 X105.398 Y92.729 E1503.20327
G1 X105.366 Y92.461 E1503.22122
G1 X105.302 Y92.198 E1503.23923
G1 X105.191 Y91.912 E1503.25963
G0 F9000 X105.985 Y91.535
G1 F1500 E1502.25963
G0 F9000 X104.257 Y92.435
G0 X197.611 Y92.056
G0 X199.658 Y90.341
;TYPE:WALL-INNER
G1 F1500 E1503.28624
G1 F2400 X199.32 Y90.003 E1503.31804
G1 X198.874 Y89.661 E1503.35543
G1 X198.457 Y89.425 E1503.3873
G1 X197.962 Y89.227 E1503.42276
G1 X197.448 Y89.102 E1503.45795
G1 X196.967 Y89.051 E1503.49013
G1 X196.694 Y89.05 E1503.50829
G1 X196.238 Y89.088 E1503.53873
G1 X195.575 Y89.248 E1503.58409
G1 X195.055 Y89.467 E1503.62163
G1 X194.565 Y89.77 E1503.65995
G1 X194.148 Y90.122 E1503.69625
G1 X193.796 Y90.515 E1503.73135
G1 X193.474 Y91.002 E1503.77018
G1 X193.226 Y91.542 E1503.80971
G1 X193.076 Y92.072 E1503.84635
G1 X193.007 Y92.579 E1503.88039
G1 X193 Y93.056 E1503.91212
G1 X193.056 Y93.525 E1503.94354
G1 X193.168 Y93.982 E1503.97484
G1 X193.359 Y94.476 E1504.01007
G1 X193.639 Y94.968 E1504.04773
G1 X193.941 Y95.359 E1504.08059
G1 X194.279 Y95.697 E1504.11239
G1 X194.725 Y96.039 E1504.14978
G1 X195.142 Y96.275 E1504.18165
G1 X195.637 Y96.473 E1504.21711
G1 X196.151 Y96.598 E1504.2523
G1 X196.681 Y96.653 E1504.28775
G1 X197.337 Y96.618 E1504.33145
G1 X198.024 Y96.452 E1504.37846
G1 X198.544 Y96.233 E1504.416
G1 X199.034 Y95.93 E1504.45432
G1 X199.451 Y95.578 E1504.49062
G1 X199.803 Y95.185 E1504.52571
G1 X200.125 Y94.698 E1504.56455
G1 X200.373 Y94.158 E1504.59832
G1 X200.523 Y93.628 E1504.61616
G1 X200.592 Y93.121 E1504.62725
G1 X200.599 Y92.644 E1504.63505
G1 X200.543 Y92.175 E1504.64304
G1 X200.431 Y91.718 E1504.65619
G1 X200.24 Y91.224 E1504.69142
G1 X199.96 Y90.732 E1504.72908
G1 X199.658 Y90.341 E1504.76194
G0 F9000 X199.056 Y90.87
G1 F2400 X198.792 Y90.606 E1504.78678
G1 X198.432 Y90.33 E1504.81695
G1 X198.11 Y90.148 E1504.84155
G1 X197.718 Y89.991 E1504.86964
G1 X197.311 Y89.892 E1504.89751
G1 X196.923 Y89.851 E1504.92346
G1 X196.725 Y89.85 E1504.93663
G1 X196.366 Y89.88 E1504.9606
G1 X195.826 Y90.01 E1504.99754
G1 X195.423 Y90.18 E1505.02664
G1 X195.036 Y90.419 E1505.0569
G1 X194.707 Y90.697 E1505.08555
G1 X194.431 Y91.005 E1505.11306
G1 X194.175 Y91.392 E1505.14392
G1 X193.979 Y91.819 E1505.17518
G1 X193.861 Y92.236 E1505.20401
G1 X193.806 Y92.639 E1505.23106
G1 X193.801 Y93.014 E1505.25601
G1 X193.845 Y93.382 E1505.28066
G1 X193.933 Y93.742 E1505.30532
G1 X194.084 Y94.132 E1505.33314
G1 X194.307 Y94.524 E1505.36314
G1 X194.543 Y94.83 E1505.38884
G1 X194.807 Y95.094 E1505.41368
G1 X195.167 Y95.37 E1505.44385
G1 X195.489 Y95.552 E1505.46846
G1 X195.881 Y95.709 E1505.49655
G1 X196.288 Y95.808 E1505.52441
G1 X196.701 Y95.851 E1505.55203
G1 X197.221 Y95.823 E1505.58667
G1 X197.773 Y95.69 E1505.62444
G1 X198.176 Y95.52 E1505.65354
G1 X198.563 Y95.281 E1505.68379
G1 X198.892 Y95.003 E1505.71245
G1 X199.168 Y94.695 E1505.73996
G1 X199.424 Y94.308 E1505.77082
G1 X199.62 Y93.881 E1505.80208
G1 X199.738 Y93.464 E1505.8309
G1 X199.793 Y93.061 E1505.85796
G1 X199.798 Y92.686 E1505.88291
G1 X199.754 Y92.318 E1505.90756
G1 X199.666 Y91.958 E1505.93221
G1 X199.515 Y91.568 E1505.96003
G1 X199.292 Y91.176 E1505.99003
G1 X199.056 Y90.87 E1506.01574
G0 F9000 X198.454 Y91.399
;TYPE:WALL-OUTER
G1 F2400 X198.264 Y91.209 E1506.03361
G1 X197.99 Y90.999 E1506.05658
G1 X197.763 Y90.871 E1506.07391
G1 X197.473 Y90.755 E1506.09469
G1 X197.174 Y90.682 E1506.11516
G1 X196.878 Y90.651 E1506.13496
G1 X196.755 Y90.65 E1506.14314
G1 X196.494 Y90.672 E1506.16057
G1 X196.077 Y90.772 E1506.18909
G1 X195.792 Y90.893 E1506.20969
G1 X195.507 Y91.069 E1506.23197
G1 X195.265 Y91.273 E1506.25302
G1 X195.066 Y91.495 E1506.27286
G1 X194.876 Y91.782 E1506.29575
G1 X194.732 Y92.096 E1506.31873
G1 X194.646 Y92.4 E1506.33975
G1 X194.605 Y92.698 E1506.35976
G1 X194.602 Y92.971 E1506.37792
G1 X194.634 Y93.239 E1506.39587
G1 X194.698 Y93.502 E1506.41388
G1 X194.809 Y93.788 E1506.43428
G1 X194.975 Y94.08 E1506.45663
G1 X195.145 Y94.301 E1506.47517
G1 X195.335 Y94.491 E1506.49305
G1 X195.609 Y94.701 E1506.51601
G1 X195.836 Y94.829 E1506.53335
G1 X196.126 Y94.945 E1506.55413
G1 X196.425 Y95.018 E1506.5746
G1 X196.721 Y95.049 E1506.5944
G1 X197.105 Y95.028 E1506.61998
G1 X197.522 Y94.928 E1506.6485
G1 X197.807 Y94.807 E1506.6691
G1 X198.092 Y94.631 E1506.69138
G1 X198.334 Y94.427 E1506.71244
G1 X198.533 Y94.205 E1506.73227
G1 X198.723 Y93.918 E1506.75516
G1 X198.867 Y93.604 E1506.77814
G1 X198.953 Y93.3 E1506.79916
G1 X198.994 Y93.002 E1506.81917
G1 X198.997 Y92.729 E1506.83733
G1 X198.965 Y92.461 E1506.85528
G1 X198.901 Y92.198 E1506.87329
G1 X198.79 Y91.912 E1506.8937
G1 X198.624 Y91.62 E1506.91604
G1 X198.454 Y91.399 E1506.93459
G0 F9000 X199.115 Y90.819
G1 F1500 E1505.93459
G0 F9000 X197.738 Y92.21
G0 X196.842 Y211.73
G0 X196.923 Y209.866
;TYPE:WALL-INNER
G1 F1500 E1506.9612
G1 F2400 X196.725 Y209.865 E1506.97437
G1 X196.366 Y209.895 E1506.99833
G1 X195.826 Y210.025 E1507.03528
G1 X195.423 Y210.195 E1507.06437
G1 X195.036 Y210.434 E1507.09463
G1 X194.707 Y210.712 E1507.12328
G1 X194.431 Y211.02 E1507.15079
G1 X194.175 Y211.407 E1507.18166
G1 X193.979 Y211.834 E1507.21291
G1 X193.861 Y212.251 E1507.24174
G1 X193.806 Y212.654 E1507.2688
G1 X193.801 Y213.029 E1507.29374
G1 X193.845 Y213.397 E1507.3184
G1 X193.933 Y213.757 E1507.34305
G1 X194.084 Y214.147 E1507.37087
G1 X194.307 Y214.539 E1507.39279
G1 X194.543 Y214.845 E1507.40635
G1 X194.807 Y215.109 E1507.41871
G1 X195.167 Y215.385 E1507.42911
G1 X195.489 Y215.567
G1 X195.881 Y215.724 E1507.44095
G1 X196.288 Y215.823 E1507.45835
G1 X196.701 Y215.866 E1507.48597
G1 X197.221 Y215.838 E1507.52061
G1 X197.773 Y215.705 E1507.55838
G1 X198.176 Y215.535 E1507.58747
G1 X198.563 Y215.296 E1507.61773
G1 X198.892 Y215.018 E1507.64638
G1 X199.168 Y214.71 E1507.67389
G1 X199.424 Y214.323 E1507.70476
G1 X199.62 Y213.896 E1507.73601
G1 X199.738 Y213.479 E1507.76484
G1 X199.793 Y213.076 E1507.7919
G1 X199.798 Y212.701 E1507.81684
G1 X199.754 Y212.333 E1507.8415
G1 X199.666 Y211.973 E1507.86615
G1 X199.515 Y211.583 E1507.89397
G1 X199.292 Y211.191 E1507.92397
G1 X199.056 Y210.885 E1507.94968
G1 X198.792 Y210.621 E1507.97451
G1 X198.432 Y210.345 E1508.00469
G1 X198.11 Y210.163 E1508.02929
G1 X197.718 Y210.006 E1508.05738
G1 X197.311 Y209.907 E1508.08524
G1 X196.923 Y209.866 E1508.1112
G1 F1500 E1507.1112
G0 F9000 X196.842 Y211.73
G0 X203.119 Y71.141
G0 X201.938 Y71.245
;TYPE:WALL-OUTER
G1 F1500 E1508.1378
G1 F2400 X202.105 Y71.504 E1508.1583
G1 X202.23 Y71.752 E1508.17678
G1 X202.318 Y71.988 E1508.19353
G1 X202.405 Y72.339 E1508.21759
G1 X202.437 Y72.601 E1508.23515
G1 X202.444 Y72.753 E1508.24527
G1 X202.445 Y227.203 E1518.51932
G1 X202.431 Y227.479 E1518.53771
G1 X202.387 Y227.76 E1518.55663
G1 X202.303 Y228.06 E1518.57735
G1 X202.201 Y228.31 E1518.59531
G1 X202.022 Y228.635 E1518.61999
G1 X201.868 Y228.846 E1518.63737
G1 X201.618 Y229.113 E1518.6617
G1 X201.41 Y229.289 E1518.67983
G1 X201.187 Y229.439 E1518.6977
G1 X200.865 Y229.605 E1518.7218
G1 X200.514 Y229.725 E1518.74648
G1 X200.157 Y229.794 E1518.77066
G1 X199.876 Y229.813 E1518.7894
G1 X195.881 Y229.813 E1519.05515
G1 X195.881 Y218.653 E1519.79751
G1 X195.857 Y218.302 E1519.82092
G1 X195.767 Y217.839 E1519.85229
G1 X195.656 Y217.497 E1519.87621
G1 X195.511 Y217.173 E1519.89982
G1 X195.299 Y216.813 E1519.92761
G1 X195.085 Y216.528 E1519.95132
G1 X194.913 Y216.339 E1519.96832
G1 X194.868 Y216.205 E1519.97772
G1 X194.619 Y216.072 E1519.9965
G1 X194.37 Y215.887 E1520.01714
G1 X194.177 Y215.728 E1520.03377
G1 X193.947 Y215.644 E1520.05006
G1 X193.787 Y215.526 E1520.06328
G1 X193.711 Y215.545 E1520.06849
G1 X193.363 Y215.431 E1520.09285
G1 X193.071 Y215.366 E1520.11275
G1 X192.718 Y215.323 E1520.13641
G1 X192.546 Y215.315 E1520.14786
G1 X186.359 Y215.316 E1520.55942
G1 X185.892 Y215.365 E1520.59066
G1 X185.54 Y215.447 E1520.6147
G1 X185.204 Y215.562 E1520.63832
G1 X184.881 Y215.713 E1520.66204
G1 X184.576 Y215.895 E1520.68567
G1 X184.293 Y216.108 E1520.70923
G1 X184.035 Y216.349 E1520.73272
G1 X183.834 Y216.577 E1520.75293
G1 X183.659 Y216.814 E1520.77253
G1 X183.477 Y217.116 E1520.79599
G1 X183.327 Y217.437 E1520.81956
G1 X183.21 Y217.776 E1520.84341
G1 X183.14 Y218.065 E1520.86319
G1 X183.09 Y218.418 E1520.88691
G1 X183.078 Y218.711 E1520.90641
G1 X183.078 Y229.813 E1521.64492
G1 X159.908 Y229.813 E1523.1862
G1 X159.908 Y214.471 E1524.20675
G1 X159.884 Y214.122 E1524.23002
G1 X159.834 Y213.824 E1524.25012
G1 X159.759 Y213.536 E1524.26992
G1 X159.639 Y213.204 E1524.2934
G1 X159.483 Y212.886 E1524.31696
G1 X159.294 Y212.583 E1524.34072
G1 X159.113 Y212.348 E1524.36045
G1 X158.875 Y212.091 E1524.38375
G1 X158.646 Y211.888 E1524.40411
G1 X158.409 Y211.713 E1524.42371
G1 X158.156 Y211.558 E1524.44344
G1 X157.787 Y211.382 E1524.47064
G1 X157.446 Y211.265 E1524.49462
G1 X157.098 Y211.184 E1524.51839
G1 X156.745 Y211.141 E1524.54204
G1 X156.573 Y211.133 E1524.5535
G1 X146.624 Y211.134 E1525.21531
G1 X146.21 Y211.174 E1525.24297
G1 X145.917 Y211.234 E1525.26287
G1 X145.579 Y211.337 E1525.28637
G1 X145.202 Y211.501 E1525.31372
G1 X144.938 Y211.65 E1525.33389
G1 X144.651 Y211.852 E1525.35723
G1 X144.422 Y212.046 E1525.3772
G1 X144.137 Y212.347 E1525.40477
G1 X143.923 Y212.632 E1525.42848
G1 X143.74 Y212.936 E1525.45208
G1 X143.591 Y213.257 E1525.47562
G1 X143.49 Y213.538 E1525.49549
G1 X143.404 Y213.883 E1525.51914
G1 X143.351 Y214.291 E1525.54651
G1 X143.342 Y214.529 E1525.56235
G1 X143.342 Y229.813 E1526.57905
G1 X100.118 Y229.813 E1529.45432
G1 X99.835 Y229.794 E1529.47319
G1 X99.574 Y229.747 E1529.49083
G1 X99.229 Y229.643 E1529.5148
G1 X98.973 Y229.528 E1529.53346
G1 X98.695 Y229.364 E1529.55493
G1 X98.477 Y229.199 E1529.57312
G1 X98.278 Y229.012 E1529.59129
G1 X98.099 Y228.804 E1529.60954
G1 X97.93 Y228.557 E1529.62945
G1 X97.763 Y228.229 E1529.65393
G1 X97.642 Y227.875 E1529.67882
G1 X97.58 Y227.568 E1529.69965
G1 X97.557 Y227.304 E1529.71728
G1 X97.555 Y227.213 E1529.72334
G1 X97.556 Y72.75 E1539.99826
G1 X97.573 Y72.482 E1540.01612
G1 X97.619 Y72.215 E1540.03414
G1 X97.697 Y71.938 E1540.05328
G1 X97.838 Y71.608 E1540.07716
G1 X98.045 Y71.268 E1540.10364
G1 X98.203 Y71.07 E1540.12049
G1 X98.391 Y70.878 E1540.13836
G1 X98.599 Y70.705 E1540.15636
G1 X98.841 Y70.544 E1540.17569
G1 X99.147 Y70.39 E1540.19848
G1 X99.44 Y70.288 E1540.21912
G1 X99.751 Y70.219 E1540.24031
G1 X100.022 Y70.191 E1540.25843
G1 X100.165 Y70.187 E1540.26795
G1 X199.881 Y70.187 E1546.90108
G1 X200.15 Y70.205 E1546.91902
G1 X200.422 Y70.251 E1546.93737
G1 X200.687 Y70.327 E1546.95571
G1 X200.941 Y70.43 E1546.97394
G1 X201.216 Y70.578 E1546.99471
G1 X201.538 Y70.813 E1547.02123
G1 X201.728 Y70.995 E1547.03873
G1 X201.938 Y71.245 E1547.06045
G0 F9000 X201.23 Y71.767
G0 X200.03 Y72.722
;TYPE:SKIN
G1 F2100 X200.054 Y72.872 E1547.07055
G1 X200.054 Y89.62 E1548.18464
G1 X199.841 Y89.408 E1548.20463
G1 X199.311 Y89.001 E1548.24908
G1 X198.8 Y88.712 E1548.28813
G1 X198.203 Y88.473 E1548.33091
G1 X197.584 Y88.322 E1548.37329
G1 X197.01 Y88.261 E1548.41169
G1 X196.662 Y88.26 E1548.43484
G1 X196.112 Y88.306 E1548.47155
G1 X195.328 Y88.495 E1548.5252
G1 X194.692 Y88.762 E1548.57108
G1 X194.1 Y89.128 E1548.61738
G1 X193.597 Y89.553 E1548.66118
G1 X193.168 Y90.031 E1548.70391
G1 X192.781 Y90.617 E1548.75062
G1 X192.483 Y91.268 E1548.79825
G1 X192.3 Y91.91 E1548.84266
G1 X192.217 Y92.52 E1548.88361
G1 X192.21 Y93.098 E1548.92206
G1 X192.278 Y93.667 E1548.96018
G1 X192.413 Y94.219 E1548.99798
G1 X192.644 Y94.816 E1549.04056
G1 X192.979 Y95.407 E1549.08575
G1 X193.347 Y95.882 E1549.12572
G1 X193.758 Y96.292 E1549.16434
G1 X194.288 Y96.699 E1549.20879
G1 X194.799 Y96.988 E1549.24784
G1 X195.396 Y97.227 E1549.29062
G1 X196.017 Y97.378 E1549.33313
G1 X196.661 Y97.445 E1549.3762
G1 X197.452 Y97.403 E1549.42889
G1 X198.271 Y97.205 E1549.48494
G1 X198.907 Y96.938 E1549.53083
G1 X199.499 Y96.572 E1549.57713
G1 X200.002 Y96.147 E1549.62093
G1 X200.054 Y96.089 E1549.62611
G1 X200.055 Y209.636 E1557.17929
G1 X199.841 Y209.423 E1557.19937
G1 X199.311 Y209.016 E1557.24382
G1 X198.8 Y208.727 E1557.28288
G1 X198.203 Y208.488 E1557.32565
G1 X197.584 Y208.337 E1557.36804
G1 X197.01 Y208.276 E1557.40643
G1 X196.662 Y208.275 E1557.42958
G1 X196.112 Y208.321 E1557.4663
G1 X195.328 Y208.51 E1557.51994
G1 X194.692 Y208.777 E1557.56583
G1 X194.1 Y209.143 E1557.61213
G1 X193.597 Y209.568 E1557.65593
G1 X193.168 Y210.046 E1557.69865
G1 X192.781 Y210.632 E1557.74537
G1 X192.483 Y211.283 E1557.79299
G1 X192.3 Y211.925 E1557.8374
G1 X192.217 Y212.535 E1557.87835
G1 X192.212 Y212.925 E1557.9043
G1 X186.233 Y212.926 E1558.30202
G1 X185.495 Y213.005 E1558.35139
G1 X184.882 Y213.146 E1558.39324
G1 X184.308 Y213.342 E1558.43358
G1 X183.76 Y213.598 E1558.47382
G1 X183.24 Y213.909 E1558.51412
G1 X182.754 Y214.275 E1558.55459
G1 X182.319 Y214.682 E1558.59422
G1 X181.973 Y215.073 E1558.62895
G1 X181.669 Y215.485 E1558.66301
G1 X181.365 Y215.99 E1558.70222
G1 X181.109 Y216.537 E1558.7424
G1 X180.913 Y217.103 E1558.78224
G1 X180.79 Y217.615 E1558.81727
G1 X180.706 Y218.202 E1558.85671
G1 X180.688 Y218.663 E1558.8874
G1 X180.688 Y227.423 E1559.47012
G1 X162.298 Y227.423 E1560.69343
G1 X162.298 Y214.388 E1561.56052
G1 X162.26 Y213.841 E1561.59699
G1 X162.174 Y213.326 E1561.63173
G1 X162.044 Y212.827 E1561.66603
G1 X161.842 Y212.268 E1561.70557
G1 X161.575 Y211.725 E1561.74582
G1 X161.26 Y211.219 E1561.78546
G1 X160.94 Y210.804 E1561.82032
G1 X160.548 Y210.381 E1561.85869
G1 X160.152 Y210.03 E1561.89389
G1 X159.745 Y209.729 E1561.92756
G1 X159.299 Y209.455 E1561.96238
G1 X158.692 Y209.165 E1562.00713
G1 X158.106 Y208.965 E1562.04832
G1 X157.515 Y208.827 E1562.08869
G1 X156.945 Y208.757 E1562.12689
G1 X156.628 Y208.743 E1562.148
G1 X146.508 Y208.744 E1562.82118
G1 X145.854 Y208.808 E1562.8649
G1 X145.329 Y208.916 E1562.90055
G1 X144.752 Y209.09 E1562.94064
G1 X144.135 Y209.359 E1562.98541
G1 X143.661 Y209.627 E1563.02163
G1 X143.188 Y209.958 E1563.06004
G1 X142.775 Y210.308 E1563.09605
G1 X142.308 Y210.803 E1563.14132
G1 X141.94 Y211.293 E1563.18208
G1 X141.625 Y211.813 E1563.22252
G1 X141.377 Y212.349 E1563.26181
G1 X141.2 Y212.844 E1563.29678
G1 X141.052 Y213.438 E1563.3375
G1 X140.967 Y214.09 E1563.38124
G1 X140.952 Y214.484 E1563.40747
G1 X140.952 Y227.423 E1564.26817
G1 X100.232 Y227.423 E1566.97688
G1 X100.076 Y227.394 E1566.98743
G1 X99.964 Y227.265 E1566.9988
G1 X99.945 Y227.133 E1567.00767
G1 X99.945 Y216.106 E1567.74119
G1 X99.96 Y216.123 E1567.7427
G1 X100.395 Y216.506 E1567.78125
G1 X100.965 Y216.88 E1567.8266
G1 X101.497 Y217.132 E1567.86576
G1 X102.099 Y217.329 E1567.90789
G1 X102.717 Y217.435 E1567.9496
G1 X103.293 Y217.459 E1567.98795
G1 X103.887 Y217.409 E1568.0276
G1 X104.672 Y217.22 E1568.08131
G1 X105.308 Y216.953 E1568.1272
G1 X105.9 Y216.587 E1568.1735
G1 X106.403 Y216.162 E1568.2173
G1 X106.832 Y215.684 E1568.26003
G1 X107.219 Y215.098 E1568.30674
G1 X107.517 Y214.447 E1568.35437
G1 X107.7 Y213.805 E1568.39877
G1 X107.783 Y213.195 E1568.43972
G1 X107.79 Y212.617 E1568.47818
G1 X107.722 Y212.048 E1568.51629
G1 X107.587 Y211.496 E1568.5541
G1 X107.356 Y210.899 E1568.59668
G1 X107.021 Y210.308 E1568.64187
G1 X106.653 Y209.833 E1568.68184
G1 X106.242 Y209.423 E1568.72046
G1 X105.712 Y209.016 E1568.76491
G1 X105.201 Y208.727 E1568.80396
G1 X104.604 Y208.488 E1568.84674
G1 X103.985 Y208.337 E1568.88912
G1 X103.411 Y208.276 E1568.92752
G1 X103.063 Y208.275 E1568.95067
G1 X102.513 Y208.321 E1568.98738
G1 X101.729 Y208.51 E1569.04103
G1 X101.093 Y208.777 E1569.08691
G1 X100.501 Y209.143 E1569.13321
G1 X99.998 Y209.568 E1569.17701
G1 X99.945 Y209.627 E1569.18229
G1 X99.946 Y96.092 E1576.73467
G1 X99.96 Y96.108 E1576.73608
G1 X100.395 Y96.491 E1576.77463
G1 X100.965 Y96.865 E1576.81998
G1 X101.497 Y97.117 E1576.85914
G1 X102.099 Y97.314 E1576.90128
G1 X102.717 Y97.42 E1576.94299
G1 X103.293 Y97.444 E1576.98134
G1 X103.887 Y97.394 E1577.02099
G1 X104.672 Y97.205 E1577.0747
G1 X105.308 Y96.938 E1577.12058
G1 X105.9 Y96.572 E1577.16688
G1 X106.403 Y96.147 E1577.21069
G1 X106.832 Y95.669 E1577.25341
G1 X107.219 Y95.083 E1577.30013
G1 X107.517 Y94.432 E1577.34775
G1 X107.7 Y93.79 E1577.39216
G1 X107.783 Y93.18 E1577.43311
G1 X107.79 Y92.602 E1577.47156
G1 X107.722 Y92.033 E1577.50968
G1 X107.587 Y91.481 E1577.54748
G1 X107.356 Y90.884 E1577.59006
G1 X107.021 Y90.293 E1577.63525
G1 X106.653 Y89.818 E1577.67522
G1 X106.242 Y89.408 E1577.71384
G1 X105.712 Y89.001 E1577.75829
G1 X105.201 Y88.712 E1577.79734
G1 X104.604 Y88.473 E1577.84012
G1 X103.985 Y88.322 E1577.8825
G1 X103.411 Y88.261 E1577.9209
G1 X103.063 Y88.26 E1577.94405
G1 X102.513 Y88.306 E1577.98077
G1 X101.729 Y88.495 E1578.03441
G1 X101.093 Y88.762 E1578.0803
G1 X100.501 Y89.128 E1578.12659
G1 X99.998 Y89.553 E1578.1704
G1 X99.946 Y89.611 E1578.17558
G1 X99.946 Y72.863 E1579.28966
G1 X99.997 Y72.683 E1579.30211
G1 X100.111 Y72.595 E1579.31169
G1 X100.223 Y72.577 E1579.31923
G1 X199.769 Y72.577 E1585.94106
G1 X199.931 Y72.614 E1585.95211
G1 X200.03 Y72.722 E1585.96186
G1 F1500 E1584.96186
G0 F9000 X199.913 Y69.123
G0 X99.78 Y69.142
G0 X98.741 Y69.406
G0 X97.974 Y69.843
G0 X97.292 Y70.499
G0 X97.015 Y70.956
G0 X96.687 Y71.603
G0 X100.266 Y73.6
G1 F1500 E1585.98847
G1 F2100 X199.734 Y73.6 E1592.6051
G0 F9000 X199.734 Y74.4
G1 F2100 X100.266 Y74.4 E1599.22174
G0 F9000 X100.266 Y75.2
G1 F2100 X199.734 Y75.2 E1605.83838
G0 F9000 X199.734 Y76
G1 F2100 X100.266 Y76 E1612.45502
G0 F9000 X100.266 Y76.8
G1 F2100 X199.734 Y76.8 E1619.07166
G0 F9000 X199.734 Y77.6
G1 F2100 X100.266 Y77.6 E1625.6883
G0 F9000 X100.266 Y78.4
G1 F2100 X199.734 Y78.4 E1632.30493
G0 F9000 X199.734 Y79.2
G1 F2100 X100.266 Y79.2 E1638.92157
G0 F9000 X100.266 Y80
G1 F2100 X199.734 Y80 E1645.53821
G0 F9000 X199.734 Y80.8
G1 F2100 X100.266 Y80.8 E1652.15485
G0 F9000 X100.266 Y81.6
G1 F2100 X199.734 Y81.6 E1658.77149
G0 F9000 X199.734 Y82.4
G1 F2100 X100.266 Y82.4 E1665.38812
G0 F9000 X100.266 Y83.2
G1 F2100 X199.734 Y83.2 E1672.00476
G0 F9000 X199.734 Y84
G1 F2100 X100.266 Y84 E1678.6214
G0 F9000 X100.266 Y84.8
G1 F2100 X199.734 Y84.8 E1685.23804
G0 F9000 X199.734 Y85.6
G1 F2100 X100.266 Y85.6 E1691.85468
G0 F9000 X100.266 Y86.4
G1 F2100 X199.734 Y86.4 E1698.47132
G0 F9000 X199.734 Y87.2
G1 F2100 X100.266 Y87.2 E1705.08795
G0 F9000 X100.266 Y88
G1 F2100 X102.42 Y88 E1705.23124
G0 F9000 X103.984 Y88
G1 F2100 X196.015 Y88 E1711.35317
G0 F9000 X197.592 Y88
G1 F2100 X199.734 Y88 E1711.49565
G0 F9000 X194.018 Y88.8
G1 F2100 X105.975 Y88.8 E1717.3523
G0 F9000 X106.887 Y89.6
G1 F2100 X193.124 Y89.6 E1723.0888
G0 F9000 X192.539 Y90.4
G1 F2100 X107.448 Y90.4 E1728.74908
G0 F9000 X107.82 Y91.2
G1 F2100 X192.169 Y91.2 E1734.36
G0 F9000 X191.963 Y92
G1 F2100 X108.04 Y92 E1739.94258
G0 F9000 X108.108 Y92.8
G1 F2100 X191.893 Y92.8 E1745.51598
G0 F9000 X191.948 Y93.6
G1 F2100 X108.05 Y93.6 E1751.0969
G0 F9000 X107.859 Y94.4
G1 F2100 X192.142 Y94.4 E1756.70343
G0 F9000 X192.496 Y95.2
G1 F2100 X107.518 Y95.2 E1762.35619
G0 F9000 X106.965 Y96
G1 F2100 X193.035 Y96 E1768.08159
G0 F9000 X193.896 Y96.8
G1 F2100 X106.128 Y96.8 E1773.91994
G0 F9000 X104.395 Y97.6
G1 F2100 X195.58 Y97.6 E1779.98559
G0 F9000 X197.99 Y97.6
G1 F2100 X199.735 Y97.6 E1780.10167
G0 F9000 X199.735 Y98.4
G1 F2100 X100.266 Y98.4 E1786.71837
G0 F9000 X100.266 Y97.6
G1 F2100 X101.944 Y97.6 E1786.82999
G0 F9000 X100.266 Y99.2
G1 F2100 X199.735 Y99.2 E1793.4467
G0 F9000 X199.735 Y100
G1 F2100 X100.266 Y100 E1800.0634
G0 F9000 X100.266 Y100.8
G1 F2100 X199.735 Y100.8 E1806.68011
G0 F9000 X199.735 Y101.6
G1 F2100 X100.266 Y101.6 E1813.29681
G0 F9000 X100.266 Y102.4
G1 F2100 X199.735 Y102.4 E1819.91351
G0 F9000 X199.735 Y103.2
G1 F2100 X100.266 Y103.2 E1826.53022
G0 F9000 X100.266 Y104
G1 F2100 X199.735 Y104 E1833.14692
G0 F9000 X199.735 Y104.8
G1 F2100 X100.266 Y104.8 E1839.76363
G0 F9000 X100.266 Y105.6
G1 F2100 X199.735 Y105.6 E1846.38033
G0 F9000 X199.735 Y106.4
G1 F2100 X100.266 Y106.4 E1852.99704
G0 F9000 X100.266 Y107.2
G1 F2100 X199.735 Y107.2 E1859.61374
G0 F9000 X199.735 Y108
G1 F2100 X100.266 Y108 E1866.23045
G0 F9000 X100.266 Y108.8
G1 F2100 X199.735 Y108.8 E1872.84715
G0 F9000 X199.735 Y109.6
G1 F2100 X100.266 Y109.6 E1879.46386
G0 F9000 X100.266 Y110.4
G1 F2100 X199.735 Y110.4 E1886.08056
G0 F9000 X199.735 Y111.2
G1 F2100 X100.266 Y111.2 E1892.69727
G0 F9000 X100.266 Y112
G1 F2100 X199.735 Y112 E1899.31397
G0 F9000 X199.735 Y112.8
G1 F2100 X100.266 Y112.8 E1905.93068
G0 F9000 X100.266 Y113.6
G1 F2100 X199.735 Y113.6 E1912.54738
G0 F9000 X199.735 Y114.4
G1 F2100 X100.266 Y114.4 E1919.16409
G0 F9000 X100.266 Y115.2
G1 F2100 X199.735 Y115.2 E1925.78079
G0 F9000 X199.735 Y116
G1 F2100 X100.266 Y116 E1932.3975
G0 F9000 X100.266 Y116.8
G1 F2100 X199.735 Y116.8 E1939.0142
G0 F9000 X199.735 Y117.6
G1 F2100 X100.266 Y117.6 E1945.63091
G0 F9000 X100.266 Y118.4
G1 F2100 X199.735 Y118.4 E1952.24761
G0 F9000 X199.735 Y119.2
G1 F2100 X100.265 Y119.2 E1958.86438
G0 F9000 X100.265 Y120
G1 F2100 X199.735 Y120 E1965.48115
G0 F9000 X199.735 Y120.8
G1 F2100 X100.265 Y120.8 E1972.09792
G0 F9000 X100.265 Y121.6
G1 F2100 X199.735 Y121.6 E1978.71469
G0 F9000 X199.735 Y122.4
G1 F2100 X100.265 Y122.4 E1985.33147
G0 F9000 X100.265 Y123.2
G1 F2100 X199.735 Y123.2 E1991.94824
G0 F9000 X199.735 Y124
G1 F2100 X100.265 Y124 E1998.56501
G0 F9000 X100.265 Y124.8
G1 F2100 X199.735 Y124.8 E2005.18178
G0 F9000 X199.735 Y125.6
G1 F2100 X100.265 Y125.6 E2011.79855
G0 F9000 X100.265 Y126.4
G1 F2100 X199.735 Y126.4 E2018.41532
G0 F9000 X199.735 Y127.2
G1 F2100 X100.265 Y127.2 E2025.03209
G0 F9000 X100.265 Y128
G1 F2100 X199.735 Y128 E2031.64887
G0 F9000 X199.735 Y128.8
G1 F2100 X100.265 Y128.8 E2038.26564
G0 F9000 X100.265 Y129.6
G1 F2100 X199.735 Y129.6 E2044.88241
G0 F9000 X199.735 Y130.4
G1 F2100 X100.265 Y130.4 E2051.49918
G0 F9000 X100.265 Y131.2
G1 F2100 X199.735 Y131.2 E2058.11595
G0 F9000 X199.735 Y132
G1 F2100 X100.265 Y132 E2064.73272
G0 F9000 X100.265 Y132.8
G1 F2100 X199.735 Y132.8 E2071.34949
G0 F9000 X199.735 Y133.6
G1 F2100 X100.265 Y133.6 E2077.96626
G0 F9000 X100.265 Y134.4
G1 F2100 X199.735 Y134.4 E2084.58304
G0 F9000 X199.735 Y135.2
G1 F2100 X100.265 Y135.2 E2091.19981
G0 F9000 X100.265 Y136
G1 F2100 X199.735 Y136 E2097.81658
G0 F9000 X199.735 Y136.8
G1 F2100 X100.265 Y136.8 E2104.43335
G0 F9000 X100.265 Y137.6
G1 F2100 X199.735 Y137.6 E2111.05012
G0 F9000 X199.735 Y138.4
G1 F2100 X100.265 Y138.4 E2117.66689
G0 F9000 X100.265 Y139.2
G1 F2100 X199.735 Y139.2 E2124.28366
G0 F9000 X199.735 Y140
G1 F2100 X100.265 Y140 E2130.90043
G0 F9000 X100.265 Y140.8
G1 F2100 X199.735 Y140.8 E2137.51721
G0 F9000 X199.735 Y141.6
G1 F2100 X100.265 Y141.6 E2144.13398
G0 F9000 X100.265 Y142.4
G1 F2100 X199.735 Y142.4 E2150.75075
G0 F9000 X199.735 Y143.2
G1 F2100 X100.265 Y143.2 E2157.36752
G0 F9000 X100.265 Y144
G1 F2100 X199.735 Y144 E2163.98429
G0 F9000 X199.735 Y144.8
G1 F2100 X100.265 Y144.8 E2170.60106
G0 F9000 X100.265 Y145.6
G1 F2100 X199.735 Y145.6 E2177.21783
G0 F9000 X199.735 Y146.4
G1 F2100 X100.265 Y146.4 E2183.8346
G0 F9000 X100.265 Y147.2
G1 F2100 X199.735 Y147.2 E2190.45138
G0 F9000 X199.735 Y148
G1 F2100 X100.265 Y148 E2197.06815
G0 F9000 X100.265 Y148.8
G1 F2100 X199.735 Y148.8 E2203.68492
G0 F9000 X199.735 Y149.6
G1 F2100 X100.265 Y149.6 E2210.30169
G0 F9000 X100.265 Y150.4
G1 F2100 X199.735 Y150.4 E2216.91846
G0 F9000 X199.735 Y151.2
G1 F2100 X100.265 Y151.2 E2223.53523
G0 F9000 X100.265 Y152
G1 F2100 X199.735 Y152 E2230.152
G0 F9000 X199.735 Y152.8
G1 F2100 X100.265 Y152.8 E2236.76877
G0 F9000 X100.265 Y153.6
G1 F2100 X199.735 Y153.6 E2243.38555
G0 F9000 X199.735 Y154.4
G1 F2100 X100.265 Y154.4 E2250.00232
G0 F9000 X100.265 Y155.2
G1 F2100 X199.735 Y155.2 E2256.61909
G0 F9000 X199.735 Y156
G1 F2100 X100.265 Y156 E2263.23586
G0 F9000 X100.265 Y156.8
G1 F2100 X199.735 Y156.8 E2269.85263
G0 F9000 X199.735 Y157.6
G1 F2100 X100.265 Y157.6 E2276.4694
G0 F9000 X100.265 Y158.4
G1 F2100 X199.735 Y158.4 E2283.08617
G0 F9000 X199.735 Y159.2
G1 F2100 X100.265 Y159.2 E2289.70294
G0 F9000 X100.265 Y160
G1 F2100 X199.735 Y160 E2296.31972
G0 F9000 X199.735 Y160.8
G1 F2100 X100.265 Y160.8 E2302.93649
G0 F9000 X100.265 Y161.6
G1 F2100 X199.735 Y161.6 E2309.55326
G0 F9000 X199.735 Y162.4
G1 F2100 X100.265 Y162.4 E2316.17003
G0 F9000 X100.265 Y163.2
G1 F2100 X199.735 Y163.2 E2322.7868
G0 F9000 X199.735 Y164
G1 F2100 X100.265 Y164 E2329.40357
G0 F9000 X100.265 Y164.8
G1 F2100 X199.735 Y164.8 E2336.02034
G0 F9000 X199.735 Y165.6
G1 F2100 X100.265 Y165.6 E2342.63711
G0 F9000 X100.265 Y166.4
G1 F2100 X199.735 Y166.4 E2349.25389
G0 F9000 X199.735 Y167.2
G1 F2100 X100.265 Y167.2 E2355.87066
G0 F9000 X100.265 Y168
G1 F2100 X199.735 Y168 E2362.48743
G0 F9000 X199.735 Y168.8
G1 F2100 X100.265 Y168.8 E2369.1042
G0 F9000 X100.265 Y169.6
G1 F2100 X199.735 Y169.6 E2375.72097
G0 F9000 X199.735 Y170.4
G1 F2100 X100.265 Y170.4 E2382.33774
G0 F9000 X100.265 Y171.2
G1 F2100 X199.735 Y171.2 E2388.95451
G0 F9000 X199.735 Y172
G1 F2100 X100.265 Y172 E2395.57128
G0 F9000 X100.265 Y172.8
G1 F2100 X199.735 Y172.8 E2402.18806
G0 F9000 X199.735 Y173.6
G1 F2100 X100.265 Y173.6 E2408.80483
G0 F9000 X100.265 Y174.4
G1 F2100 X199.735 Y174.4 E2415.4216
G0 F9000 X199.735 Y175.2
G1 F2100 X100.265 Y175.2 E2422.03837
G0 F9000 X100.265 Y176
G1 F2100 X199.735 Y176 E2428.65514
G0 F9000 X199.735 Y176.8
G1 F2100 X100.265 Y176.8 E2435.27191
G0 F9000 X100.265 Y177.6
G1 F2100 X199.735 Y177.6 E2441.88868
G0 F9000 X199.735 Y178.4
G1 F2100 X100.265 Y178.4 E2448.50545
G0 F9000 X100.265 Y179.2
G1 F2100 X199.735 Y179.2 E2455.12223
G0 F9000 X199.735 Y180
G1 F2100 X100.265 Y180 E2461.739
G0 F9000 X100.265 Y180.8
G1 F2100 X199.735 Y180.8 E2468.35577
G0 F9000 X199.735 Y181.6
G1 F2100 X100.265 Y181.6 E2474.97254
G0 F9000 X100.265 Y182.4
G1 F2100 X199.735 Y182.4 E2481.58931
G0 F9000 X199.735 Y183.2
G1 F2100 X100.265 Y183.2 E2488.20608
G0 F9000 X100.265 Y184
G1 F2100 X199.735 Y184 E2494.82285
G0 F9000 X199.735 Y184.8
G1 F2100 X100.265 Y184.8 E2501.43962
G0 F9000 X100.265 Y185.6
G1 F2100 X199.735 Y185.6 E2508.0564
G0 F9000 X199.735 Y186.4
G1 F2100 X100.265 Y186.4 E2514.67317
G0 F9000 X100.265 Y187.2
G1 F2100 X199.735 Y187.2 E2521.28994
G0 F9000 X199.735 Y188
G1 F2100 X100.265 Y188 E2527.90671
G0 F9000 X100.265 Y188.8
G1 F2100 X199.735 Y188.8 E2534.52348
G0 F9000 X199.735 Y189.6
G1 F2100 X100.265 Y189.6 E2541.14025
G0 F9000 X100.265 Y190.4
G1 F2100 X199.735 Y190.4 E2547.75702
G0 F9000 X199.735 Y191.2
G1 F2100 X100.265 Y191.2 E2554.3738
G0 F9000 X100.265 Y192
G1 F2100 X199.735 Y192 E2560.99057
G0 F9000 X199.735 Y192.8
G1 F2100 X100.265 Y192.8 E2567.60734
G0 F9000 X100.265 Y193.6
G1 F2100 X199.735 Y193.6 E2574.22411
G0 F9000 X199.735 Y194.4
G1 F2100 X100.265 Y194.4 E2580.84088
G0 F9000 X100.265 Y195.2
G1 F2100 X199.735 Y195.2 E2587.45765
G0 F9000 X199.735 Y196
G1 F2100 X100.265 Y196 E2594.07442
G0 F9000 X100.265 Y196.8
G1 F2100 X199.735 Y196.8 E2600.69119
G0 F9000 X199.735 Y197.6
G1 F2100 X100.265 Y197.6 E2607.30797
G0 F9000 X100.265 Y198.4
G1 F2100 X199.735 Y198.4 E2613.92474
G0 F9000 X199.735 Y199.2
G1 F2100 X100.265 Y199.2 E2620.54151
G0 F9000 X100.265 Y200
G1 F2100 X199.735 Y200 E2627.15828
G0 F9000 X199.735 Y200.8
G1 F2100 X100.265 Y200.8 E2633.77505
G0 F9000 X100.265 Y201.6
G1 F2100 X199.735 Y201.6 E2640.39182
G0 F9000 X199.735 Y202.4
G1 F2100 X100.265 Y202.4 E2647.00859
G0 F9000 X100.265 Y203.2
G1 F2100 X199.735 Y203.2 E2653.62536
G0 F9000 X199.735 Y204
G1 F2100 X100.265 Y204 E2660.24214
G0 F9000 X100.265 Y204.8
G1 F2100 X199.735 Y204.8 E2666.85891
G0 F9000 X199.735 Y205.6
G1 F2100 X100.265 Y205.6 E2673.47568
G0 F9000 X100.265 Y206.4
G1 F2100 X199.735 Y206.4 E2680.09245
G0 F9000 X199.735 Y207.2
G1 F2100 X100.265 Y207.2 E2686.70922
G0 F9000 X100.265 Y208
G1 F2100 X102.52 Y208 E2686.85922
G0 F9000 X103.84 Y208
G1 F2100 X196.12 Y208 E2692.99771
G0 F9000 X197.44 Y208
G1 F2100 X199.735 Y208 E2693.15038
G0 F9000 X199.735 Y208.8
G1 F2100 X199.554 Y208.8 E2693.16242
G0 F9000 X194.044 Y208.8
G1 F2100 X158.612 Y208.8 E2695.51936
G0 F9000 X160.109 Y209.6
G1 F2100 X193.138 Y209.6 E2697.71646
G0 F9000 X192.55 Y210.4
G1 F2100 X161.002 Y210.4 E2699.81504
G0 F9000 X161.625 Y211.2
G1 F2100 X192.174 Y211.2 E2701.84717
G0 F9000 X191.966 Y212
G1 F2100 X162.067 Y212 E2703.83606
G0 F9000 X162.368 Y212.8
G1 F2100 X184.958 Y212.8 E2705.33875
G0 F9000 X183.133 Y213.6
G1 F2100 X162.544 Y213.6 E2706.70834
G0 F9000 X162.618 Y214.4
G1 F2100 X182.151 Y214.4 E2708.00768
G0 F9000 X181.481 Y215.2
G1 F2100 X162.618 Y215.2 E2709.26245
G0 F9000 X162.618 Y216
G1 F2100 X181.007 Y216 E2710.48569
G0 F9000 X180.679 Y216.8
G1 F2100 X162.618 Y216.8 E2711.68712
G0 F9000 X162.618 Y217.6
G1 F2100 X180.469 Y217.6 E2712.87457
G0 F9000 X180.378 Y218.4
G1 F2100 X162.618 Y218.4 E2714.05597
G0 F9000 X162.618 Y219.2
G1 F2100 X180.368 Y219.2 E2715.2367
G0 F9000 X180.368 Y220
G1 F2100 X162.618 Y220 E2716.41744
G0 F9000 X162.618 Y220.8
G1 F2100 X180.368 Y220.8 E2717.59817
G0 F9000 X180.368 Y221.6
G1 F2100 X162.618 Y221.6 E2718.77891
G0 F9000 X162.618 Y222.4
G1 F2100 X180.368 Y222.4 E2719.95964
G0 F9000 X180.368 Y223.2
G1 F2100 X162.618 Y223.2 E2721.14038
G0 F9000 X162.618 Y224
G1 F2100 X180.368 Y224 E2722.32111
G0 F9000 X180.368 Y224.8
G1 F2100 X162.618 Y224.8 E2723.50185
G0 F9000 X162.618 Y225.6
G1 F2100 X180.368 Y225.6 E2724.68258
G0 F9000 X180.368 Y226.4
G1 F2100 X162.618 Y226.4 E2725.86332
G1 F1500 E2724.86332
G0 F9000 X158.843 Y226.4
G0 X144.407 Y226.4
G0 X140.632 Y226.4
G1 F1500 E2725.88993
G1 F2100 X100.264 Y226.4 E2728.57522
G0 F9000 X100.264 Y225.6
G1 F2100 X140.632 Y225.6 E2731.26051
G0 F9000 X140.632 Y224.8
G1 F2100 X100.264 Y224.8 E2733.9458
G0 F9000 X100.264 Y224
G1 F2100 X140.632 Y224 E2736.63109
G0 F9000 X140.632 Y223.2
G1 F2100 X100.264 Y223.2 E2739.31638
G0 F9000 X100.264 Y222.4
G1 F2100 X140.632 Y222.4 E2742.00167
G0 F9000 X140.632 Y221.6
G1 F2100 X100.264 Y221.6 E2744.68696
G0 F9000 X100.264 Y220.8
G1 F2100 X140.632 Y220.8 E2747.37225
G0 F9000 X140.632 Y220
G1 F2100 X100.264 Y220 E2750.05754
G0 F9000 X100.264 Y219.2
G1 F2100 X140.632 Y219.2 E2752.74283
G0 F9000 X140.632 Y218.4
G1 F2100 X100.264 Y218.4 E2755.42812
G0 F9000 X100.264 Y217.6
G1 F2100 X101.897 Y217.6 E2755.53675
G0 F9000 X104.456 Y217.6
G1 F2100 X140.632 Y217.6 E2757.94318
G0 F9000 X140.632 Y216.8
G1 F2100 X106.144 Y216.8 E2760.23733
G0 F9000 X106.977 Y216
G1 F2100 X140.632 Y216 E2762.47607
G0 F9000 X140.632 Y215.2
G1 F2100 X107.524 Y215.2 E2764.67843
G0 F9000 X107.863 Y214.4
G1 F2100 X140.635 Y214.4 E2766.85843
G0 F9000 X140.707 Y213.6
G1 F2100 X108.051 Y213.6 E2769.03072
G0 F9000 X108.107 Y212.8
G1 F2100 X140.881 Y212.8 E2771.21085
G0 F9000 X141.186 Y212
G1 F2100 X108.037 Y212 E2773.41593
G0 F9000 X107.813 Y211.2
G1 F2100 X141.621 Y211.2 E2775.66485
G0 F9000 X142.248 Y210.4
G1 F2100 X107.439 Y210.4 E2777.98035
G0 F9000 X106.871 Y209.6
G1 F2100 X143.141 Y209.6 E2780.39304
G0 F9000 X144.616 Y208.8
G1 F2100 X105.955 Y208.8 E2782.96478
G0 F9000 X100.446 Y208.8
G1 F2100 X100.265 Y208.8 E2782.97682
G1 F1500 E2781.97682
G0 F9000 X102.621 Y211.888
G0 X144.325 Y214.709
G0 X158.844 Y214.48
G0 X158.922 Y215.696
G0 X194.74 Y218.12
G0 X198.09 Y217.264
G1 F1500 E2783.00343
G1 F2100 X198.271 Y217.22 E2783.01582
G1 X198.907 Y216.953 E2783.06171
G1 X199.499 Y216.587 E2783.108
G1 X200.002 Y216.162 E2783.15181
G1 X200.055 Y216.103 E2783.15708
G1 X200.055 Y227.104 E2783.88887
G1 X199.995 Y227.342 E2783.9052
G1 X199.795 Y227.423 E2783.91955
G1 X198.271 Y227.423 E2784.02093
G1 X198.271 Y218.573 E2784.60964
G1 X198.231 Y217.991 E2784.64844
G1 X198.09 Y217.264 E2784.6977
G0 F9000 X199.735 Y217.6
G1 F2100 X198.48 Y217.6 E2784.78119
G0 F9000 X198.579 Y218.4
G1 F2100 X199.735 Y218.4 E2784.85808
G0 F9000 X199.735 Y219.2
G1 F2100 X198.591 Y219.2 E2784.93418
G0 F9000 X198.591 Y220
G1 F2100 X199.735 Y220 E2785.01028
G0 F9000 X199.735 Y220.8
G1 F2100 X198.591 Y220.8 E2785.08638
G0 F9000 X198.591 Y221.6
G1 F2100 X199.735 Y221.6 E2785.16248
G0 F9000 X199.735 Y222.4
G1 F2100 X198.591 Y222.4 E2785.23858
G0 F9000 X198.591 Y223.2
G1 F2100 X199.735 Y223.2 E2785.31468
G0 F9000 X199.735 Y224
G1 F2100 X198.591 Y224 E2785.39078
G0 F9000 X198.591 Y224.8
G1 F2100 X199.735 Y224.8 E2785.46688
G0 F9000 X199.735 Y225.6
G1 F2100 X198.591 Y225.6 E2785.54298
G0 F9000 X198.591 Y226.4
G1 F2100 X199.735 Y226.4 E2785.61908
G1 F1500 E2784.61908
;MESH:NONMESH
G0 F300 X199.735 Y226.4 Z1.8
G0 F9000 X203.509 Y226.399
G0 X197.738 Y92.21
G0 X198.403 Y91.343
;TIME_ELAPSED:5848.588423
;LAYER:8
;TYPE:WALL-OUTER
;MESH:Top of Case V2.STL
G1 F1500 E2785.64568
G1 F2400 X198.185 Y91.141 E2785.66545
G1 X197.834 Y90.908 E2785.69348
G1 X197.472 Y90.755 E2785.71962
G1 X197.173 Y90.682 E2785.74009
G1 X196.878 Y90.651 E2785.75983
G1 X196.754 Y90.65 E2785.76808
G1 X196.497 Y90.671 E2785.78523
G1 X196.11 Y90.76 E2785.81164
G1 X195.828 Y90.876 E2785.83193
G1 X195.565 Y91.029 E2785.85217
G1 X195.267 Y91.271 E2785.8777
G1 X195.066 Y91.495 E2785.89772
G1 X194.875 Y91.783 E2785.92071
G1 X194.745 Y92.062 E2785.94119
G1 X194.664 Y92.321 E2785.95924
G1 X194.611 Y92.621 E2785.9795
G1 X194.6 Y92.896 E2785.99781
G1 X194.634 Y93.241 E2786.02087
G1 X194.698 Y93.502 E2786.03875
G1 X194.808 Y93.786 E2786.05901
G1 X194.979 Y94.086 E2786.08198
G1 X195.196 Y94.357 E2786.10507
G1 X195.414 Y94.559 E2786.12484
G1 X195.733 Y94.774 E2786.15043
G1 X195.976 Y94.89 E2786.16834
G1 X196.268 Y94.986 E2786.18879
G1 X196.57 Y95.038 E2786.20917
G1 X196.845 Y95.05 E2786.22748
G1 X197.102 Y95.029 E2786.24464
G1 X197.489 Y94.94 E2786.27105
G1 X197.772 Y94.824 E2786.2914
G1 X198.005 Y94.691 E2786.30924
G1 X198.273 Y94.485 E2786.33173
G1 X198.533 Y94.205 E2786.35715
G1 X198.724 Y93.917 E2786.38013
G1 X198.854 Y93.638 E2786.40061
G1 X198.935 Y93.379 E2786.41866
G1 X198.988 Y93.079 E2786.43893
G1 X198.999 Y92.804 E2786.45723
G1 X198.965 Y92.459 E2786.48029
G1 X198.901 Y92.198 E2786.49817
G1 X198.791 Y91.914 E2786.51843
G1 X198.62 Y91.614 E2786.5414
G1 X198.403 Y91.343 E2786.56449
G0 F9000 X199.443 Y90.313
G1 F2400 X199.687 Y90.594 E2786.58925
G1 X199.868 Y90.848 E2786.61
G1 X200.012 Y91.088 E2786.62862
G1 X200.154 Y91.375 E2786.64992
G1 X200.263 Y91.654 E2786.66984
G1 X200.354 Y91.961 E2786.69114
G1 X200.412 Y92.248 E2786.71062
G1 X200.451 Y92.544 E2786.73048
G1 X200.464 Y92.847 E2786.75065
G1 X200.448 Y93.182 E2786.77296
G1 X200.396 Y93.553 E2786.79788
G1 X200.323 Y93.856 E2786.81862
G1 X200.194 Y94.228 E2786.84481
G1 X200.036 Y94.568 E2786.86975
G1 X199.87 Y94.85 E2786.89151
G1 X199.638 Y95.167 E2786.91764
G1 X199.438 Y95.393 E2786.93772
G1 X199.192 Y95.625 E2786.96021
G1 X198.954 Y95.814 E2786.98043
G1 X198.69 Y95.988 E2787.00146
G1 X198.408 Y96.142 E2787.02284
G1 X198.118 Y96.268 E2787.04387
G1 X197.794 Y96.376 E2787.06659
G1 X197.426 Y96.46 E2787.0917
G1 X196.987 Y96.509 E2787.12108
G1 X196.658 Y96.512 E2787.14297
G1 X196.346 Y96.485 E2787.1638
G1 X196.094 Y96.446 E2787.18076
G1 X195.782 Y96.371 E2787.20211
G1 X195.418 Y96.244 E2787.22775
G1 X195.189 Y96.141 E2787.24445
G1 X194.965 Y96.022 E2787.26133
G1 X194.75 Y95.887 E2787.27821
G1 X194.482 Y95.687 E2787.30046
G1 X194.156 Y95.387 E2787.32993
G1 X193.909 Y95.102 E2787.35502
G1 X193.721 Y94.837 E2787.37663
G1 X193.561 Y94.564 E2787.39768
G1 X193.423 Y94.271 E2787.41922
G1 X193.333 Y94.037 E2787.4359
G1 X193.228 Y93.669 E2787.46136
G1 X193.163 Y93.293 E2787.48674
G1 X193.141 Y93.042 E2787.5035
G1 X193.14 Y92.663 E2787.52871
G1 X193.171 Y92.342 E2787.55016
G1 X193.244 Y91.962 E2787.5759
G1 X193.333 Y91.663 E2787.59666
G1 X193.486 Y91.285 E2787.62378
G1 X193.625 Y91.02 E2787.64369
G1 X193.77 Y90.789 E2787.66183
G1 X193.954 Y90.542 E2787.68232
G1 X194.161 Y90.307 E2787.70315
G1 X194.407 Y90.075 E2787.72564
G1 X194.645 Y89.886 E2787.74586
G1 X194.909 Y89.712 E2787.76689
G1 X195.191 Y89.558 E2787.78827
G1 X195.481 Y89.432 E2787.8093
G1 X195.807 Y89.323 E2787.83217
G1 X196.164 Y89.241 E2787.85653
G1 X196.487 Y89.199 E2787.8782
G1 X196.811 Y89.186 E2787.89977
G1 X197.133 Y89.201 E2787.92121
G1 X197.505 Y89.254 E2787.94621
G1 X197.817 Y89.329 E2787.96755
G1 X198.181 Y89.456 E2787.9932
G1 X198.41 Y89.559 E2788.0099
G1 X198.743 Y89.744 E2788.03524
G1 X198.96 Y89.891 E2788.05268
G1 X199.205 Y90.086 E2788.0735
G1 X199.443 Y90.313 E2788.09538
G0 F9000 X199.2 Y91.293
;TYPE:SKIN
G1 F2100 X200 Y92.855 E2788.19596
G1 X198.8 Y94.957 E2788.33467
G1 X197.6 Y95.665 E2788.41452
G1 X196.4 Y95.749 E2788.48346
G1 X195.2 Y95.292 E2788.55705
G1 X194.8 Y94.951 E2788.58717
G0 F9000 X194 Y94.648
G1 F2100 X194 Y91.052 E2788.70677
G0 F9000 X194.4 Y91.291
G1 F2100 X193.6 Y92.844 E2788.79158
G1 X194.4 Y94.406 E2788.87677
G0 F9000 X194.4 Y95.154
G0 X194.8 Y91.29
G1 F2100 X194.8 Y90.189 E2788.91339
G0 F9000 X195.2 Y89.933
G1 F2100 X195.2 Y90.893 E2788.94532
G0 F9000 X195.6 Y90.62
G1 F2100 X195.6 Y89.744 E2788.97446
G0 F9000 X196 Y89.62
G1 F2100 X196 Y90.442 E2789.0018
G0 F9000 X196.4 Y90.35
G1 F2100 X196.4 Y89.547 E2789.0285
G0 F9000 X196.8 Y89.521
G1 F2100 X196.8 Y90.314 E2789.05488
G0 F9000 X197.2 Y90.346
G1 F2100 X197.2 Y89.548 E2789.08142
G0 F9000 X197.6 Y89.621
G1 F2100 X197.6 Y90.445 E2789.10883
G0 F9000 X198 Y90.615
G1 F2100 X198 Y89.747 E2789.1377
G0 F9000 X198.4 Y89.936
G1 F2100 X198.4 Y90.883 E2789.16919
G0 F9000 X198.8 Y91.3
G1 F2100 X198.8 Y90.191 E2789.20608
G0 F9000 X199.6 Y91.052
G1 F2100 X199.6 Y94.647 E2789.32565
G1 F1500 E2788.32565
G0 F9000 X200.618 Y95.639
G0 X199.894 Y96.426
G0 X199.082 Y96.991
G0 X198.092 Y97.398
G0 X197.045 Y97.572
G0 X195.891 Y97.491
G0 X194.868 Y97.167
G0 X194.008 Y96.668
G0 X193.225 Y95.946
G0 X192.812 Y95.379
G0 X104.26 Y92.442
G0 X105.192 Y91.914
;TYPE:WALL-OUTER
G1 F1500 E2789.35226
G1 F2400 X105.021 Y91.614 E2789.37523
G1 X104.804 Y91.343 E2789.39832
G1 X104.586 Y91.141 E2789.41809
G1 X104.235 Y90.908 E2789.44612
G1 X103.873 Y90.755 E2789.47226
G1 X103.574 Y90.682 E2789.49273
G1 X103.279 Y90.651 E2789.51247
G1 X103.155 Y90.65 E2789.52071
G1 X102.898 Y90.671 E2789.53787
G1 X102.511 Y90.76 E2789.56428
G1 X102.229 Y90.876 E2789.58457
G1 X101.966 Y91.029 E2789.60481
G1 X101.668 Y91.271 E2789.63034
G1 X101.467 Y91.495 E2789.65036
G1 X101.276 Y91.783 E2789.67335
G1 X101.146 Y92.062 E2789.69382
G1 X101.065 Y92.321 E2789.71188
G1 X101.012 Y92.621 E2789.73214
G1 X101.001 Y92.896 E2789.75045
G1 X101.035 Y93.241 E2789.77351
G1 X101.099 Y93.502 E2789.79139
G1 X101.209 Y93.786 E2789.81165
G1 X101.38 Y94.086 E2789.83462
G1 X101.597 Y94.357 E2789.85771
G1 X101.815 Y94.559 E2789.87748
G1 X102.134 Y94.774 E2789.90307
G1 X102.377 Y94.89 E2789.92098
G1 X102.669 Y94.986 E2789.94143
G1 X102.971 Y95.038 E2789.96181
G1 X103.246 Y95.05 E2789.98012
G1 X103.503 Y95.029 E2789.99728
G1 X103.89 Y94.94 E2790.02369
G1 X104.173 Y94.824 E2790.04404
G1 X104.406 Y94.691 E2790.06188
G1 X104.674 Y94.485 E2790.08437
G1 X104.934 Y94.205 E2790.10979
G1 X105.125 Y93.917 E2790.13277
G1 X105.255 Y93.638 E2790.15325
G1 X105.336 Y93.379 E2790.1713
G1 X105.389 Y93.079 E2790.19157
G1 X105.4 Y92.804 E2790.20987
G1 X105.366 Y92.459 E2790.23293
G1 X105.302 Y92.198 E2790.25081
G1 X105.192 Y91.914 E2790.27107
G0 F9000 X106.438 Y91.136
G1 F2400 X106.57 Y91.413 E2790.29148
G1 X106.705 Y91.78 E2790.31749
G1 X106.781 Y92.074 E2790.33769
G1 X106.828 Y92.34 E2790.35566
G1 X106.862 Y92.705 E2790.38005
G1 X106.861 Y93.007 E2790.40014
G1 X106.842 Y93.258 E2790.41688
G1 X106.791 Y93.573 E2790.43811
G1 X106.707 Y93.912 E2790.46134
G1 X106.6 Y94.217 E2790.48284
G1 X106.481 Y94.479 E2790.50198
G1 X106.342 Y94.734 E2790.5213
G1 X106.203 Y94.951 E2790.53844
G1 X105.972 Y95.247 E2790.56342
G1 X105.74 Y95.49 E2790.58577
G1 X105.415 Y95.769 E2790.61426
G1 X105.088 Y95.989 E2790.64048
G1 X105.046 Y96.014 E2790.64373
G1 X104.806 Y96.143 E2790.66185
G1 X104.48 Y96.283 E2790.68545
G1 X104.151 Y96.387 E2790.70841
G1 X103.878 Y96.451 E2790.72706
G1 X103.526 Y96.5 E2790.7507
G1 X103.26 Y96.513 E2790.76842
G1 X102.934 Y96.504 E2790.79011
G1 X102.616 Y96.467 E2790.81141
G1 X102.349 Y96.413 E2790.82953
G1 X102.006 Y96.314 E2790.85327
G1 X101.708 Y96.195 E2790.87462
G1 X101.365 Y96.02 E2790.90023
G1 X101.052 Y95.818 E2790.92501
G1 X100.751 Y95.575 E2790.95075
G1 X100.472 Y95.294 E2790.97709
G1 X100.242 Y95.011 E2791.00135
G1 X100.065 Y94.744 E2791.02266
G1 X99.876 Y94.389 E2791.04941
G1 X99.743 Y94.06 E2791.07301
G1 X99.629 Y93.665 E2791.10036
G1 X99.577 Y93.39 E2791.11898
G1 X99.539 Y92.989 E2791.14577
G1 X99.54 Y92.693 E2791.16546
G1 X99.56 Y92.44 E2791.18235
G1 X99.61 Y92.127 E2791.20343
G1 X99.697 Y91.776 E2791.22749
G1 X99.825 Y91.427 E2791.25221
G1 X99.961 Y91.139 E2791.2734
G1 X100.098 Y90.901 E2791.29167
G1 X100.309 Y90.601 E2791.31607
G1 X100.553 Y90.318 E2791.34092
G1 X100.748 Y90.13 E2791.35894
G1 X100.989 Y89.93 E2791.37977
G1 X101.297 Y89.721 E2791.40453
G1 X101.589 Y89.561 E2791.42668
G1 X101.921 Y89.417 E2791.45075
G1 X102.25 Y89.313 E2791.47371
G1 X102.523 Y89.249 E2791.49236
G1 X102.875 Y89.2 E2791.516
G1 X103.141 Y89.187 E2791.53371
G1 X103.467 Y89.196 E2791.55541
G1 X103.785 Y89.233 E2791.5767
G1 X104.052 Y89.287 E2791.59483
G1 X104.357 Y89.374 E2791.61592
G1 X104.629 Y89.477 E2791.63527
G1 X104.89 Y89.6 E2791.65446
G1 X105.168 Y89.76 E2791.6758
G1 X105.506 Y90.003 E2791.70349
G1 X105.776 Y90.244 E2791.72757
G1 X106.04 Y90.535 E2791.7537
G1 X106.232 Y90.794 E2791.77515
G1 X106.438 Y91.136 E2791.80171
G0 F9000 X105.999 Y91.056
;TYPE:SKIN
G1 F2100 X105.999 Y94.647 E2791.92114
G0 F9000 X105.599 Y94.403
G1 F2100 X106.399 Y92.849 E2792.02125
G1 X105.199 Y90.747 E2792.15987
G1 X103.999 Y90.032 E2792.23987
G1 X102.799 Y89.948 E2792.30877
G1 X101.599 Y90.414 E2792.3825
G1 X101.199 Y90.741 E2792.41209
G0 F9000 X100.399 Y91.051
G1 F2100 X100.399 Y94.642 E2792.53153
G0 F9000 X100.799 Y94.402
G1 F2100 X99.999 Y92.842 E2792.61627
G1 X100.799 Y91.294 E2792.7005
G0 F9000 X100.799 Y90.544
G0 X101.199 Y94.398
G1 F2100 X101.199 Y95.505 E2792.73732
G0 F9000 X101.599 Y95.761
G1 F2100 X101.599 Y94.817 E2792.76872
G0 F9000 X101.999 Y95.08
G1 F2100 X101.999 Y95.95 E2792.79766
G0 F9000 X102.399 Y96.078
G1 F2100 X102.399 Y95.25 E2792.8252
G0 F9000 X102.799 Y95.348
G1 F2100 X102.799 Y96.15 E2792.85187
G0 F9000 X103.199 Y96.174
G1 F2100 X103.199 Y95.383 E2792.87818
G0 F9000 X103.599 Y95.348
G1 F2100 X103.599 Y96.152 E2792.90492
G0 F9000 X103.999 Y96.078
G1 F2100 X103.999 Y95.256 E2792.93226
G0 F9000 X104.399 Y95.079
G1 F2100 X104.399 Y95.953 E2792.96133
G0 F9000 X104.799 Y95.765
G1 F2100 X104.799 Y94.809 E2792.99313
G0 F9000 X105.199 Y94.408
G1 F2100 X105.199 Y95.509 E2793.02975
G1 F1500 E2792.02975
G0 F9000 X105.854 Y96.764
G0 X103.812 Y211.908
G0 X104.586 Y211.156
;TYPE:WALL-OUTER
G1 F1500 E2793.05635
G1 F2400 X104.235 Y210.923 E2793.08438
G1 X103.873 Y210.77 E2793.11052
G1 X103.574 Y210.697 E2793.131
G1 X103.279 Y210.666 E2793.15073
G1 X103.155 Y210.665 E2793.15898
G1 X102.898 Y210.686 E2793.17613
G1 X102.511 Y210.775 E2793.20254
G1 X102.229 Y210.891 E2793.22283
G1 X101.966 Y211.044 E2793.24307
G1 X101.668 Y211.286 E2793.2686
G1 X101.467 Y211.51 E2793.28862
G1 X101.276 Y211.798 E2793.31161
G1 X101.146 Y212.077 E2793.33209
G1 X101.065 Y212.336 E2793.35014
G1 X101.012 Y212.636 E2793.3704
G1 X101.001 Y212.911 E2793.38871
G1 X101.035 Y213.256 E2793.41177
G1 X101.099 Y213.517 E2793.42965
G1 X101.209 Y213.801 E2793.44991
G1 X101.38 Y214.101 E2793.47288
G1 X101.597 Y214.372 E2793.49597
G1 X101.815 Y214.574 E2793.51574
G1 X102.134 Y214.789 E2793.54133
G1 X102.377 Y214.905 E2793.55924
G1 X102.669 Y215.001 E2793.57969
G1 X102.971 Y215.053 E2793.60007
G1 X103.246 Y215.065 E2793.61838
G1 X103.503 Y215.044 E2793.63554
G1 X103.89 Y214.955 E2793.66195
G1 X104.173 Y214.839 E2793.6823
G1 X104.406 Y214.706 E2793.70014
G1 X104.674 Y214.5 E2793.72263
G1 X104.934 Y214.22 E2793.74805
G1 X105.125 Y213.932 E2793.77104
G1 X105.255 Y213.653 E2793.79151
G1 X105.336 Y213.394 E2793.80956
G1 X105.389 Y213.094 E2793.82983
G1 X105.4 Y212.819 E2793.84813
G1 X105.366 Y212.474 E2793.8712
G1 X105.302 Y212.213 E2793.88907
G1 X105.192 Y211.929 E2793.90933
G1 X105.021 Y211.629 E2793.9323
G1 X104.804 Y211.358 E2793.9554
G1 X104.586 Y211.156 E2793.97517
G0 F9000 X105.743 Y210.226
G1 F2400 X105.966 Y210.461 E2793.99672
G1 X106.127 Y210.66 E2794.01374
G1 X106.308 Y210.923 E2794.03498
G1 X106.495 Y211.262 E2794.06073
G1 X106.619 Y211.547 E2794.08141
G1 X106.722 Y211.853 E2794.10289
G1 X106.796 Y212.158 E2794.12376
G1 X106.837 Y212.422 E2794.14154
G1 X106.859 Y212.673 E2794.1583
G1 X106.859 Y213.062 E2794.18417
G1 X106.829 Y213.378 E2794.20529
G1 X106.767 Y213.703 E2794.2273
G1 X106.693 Y213.969 E2794.24566
G1 X106.599 Y214.235 E2794.26443
G1 X106.436 Y214.586 E2794.29017
G1 X106.309 Y214.805 E2794.30701
G1 X106.129 Y215.067 E2794.32816
G1 X105.955 Y215.281 E2794.34651
G1 X105.687 Y215.556 E2794.37205
G1 X105.444 Y215.762 E2794.39324
G1 X105.19 Y215.942 E2794.41395
G1 X104.906 Y216.107 E2794.4358
G1 X104.502 Y216.29 E2794.4653
G1 X104.135 Y216.408 E2794.49094
G1 X103.775 Y216.484 E2794.51542
G1 X103.381 Y216.525 E2794.54177
G1 X103.062 Y216.527 E2794.56299
G1 X102.743 Y216.501 E2794.58428
G1 X102.446 Y216.449 E2794.60434
G1 X102.174 Y216.383 E2794.62296
G1 X101.888 Y216.286 E2794.64304
G1 X101.597 Y216.16 E2794.66414
G1 X101.25 Y215.967 E2794.69055
G1 X100.942 Y215.75 E2794.71561
G1 X100.654 Y215.5 E2794.74098
G1 X100.393 Y215.22 E2794.76645
G1 X100.154 Y214.9 E2794.79301
G1 X100.02 Y214.684 E2794.80992
G1 X99.877 Y214.408 E2794.8306
G1 X99.778 Y214.171 E2794.84769
G1 X99.678 Y213.871 E2794.86872
G1 X99.603 Y213.56 E2794.89
G1 X99.564 Y213.308 E2794.90696
G1 X99.542 Y213.057 E2794.92373
G1 X99.541 Y212.678 E2794.94894
G1 X99.572 Y212.352 E2794.97072
G1 X99.634 Y212.027 E2794.99273
G1 X99.708 Y211.761 E2795.0111
G1 X99.802 Y211.495 E2795.02986
G1 X99.965 Y211.144 E2795.05561
G1 X100.092 Y210.925 E2795.07245
G1 X100.272 Y210.663 E2795.09359
G1 X100.446 Y210.449 E2795.11194
G1 X100.714 Y210.174 E2795.13748
G1 X100.957 Y209.968 E2795.15867
G1 X101.203 Y209.793 E2795.17875
G1 X101.495 Y209.623 E2795.20123
G1 X101.721 Y209.513 E2795.21795
G1 X102.066 Y209.381 E2795.24252
G1 X102.447 Y209.279 E2795.26876
G1 X102.825 Y209.22 E2795.29421
G1 X103.211 Y209.201 E2795.31992
G1 X103.483 Y209.214 E2795.33803
G1 X103.785 Y209.247 E2795.35824
G1 X104.042 Y209.299 E2795.37568
G1 X104.347 Y209.384 E2795.39674
G1 X104.632 Y209.493 E2795.41704
G1 X104.976 Y209.66 E2795.44248
G1 X105.194 Y209.791 E2795.4594
G1 X105.456 Y209.977 E2795.48077
G1 X105.743 Y210.226 E2795.50604
G0 F9000 X105.599 Y211.309
;TYPE:SKIN
G1 F2100 X106.399 Y212.858 E2795.60599
G1 X105.199 Y214.974 E2795.74546
G1 X103.999 Y215.683 E2795.82537
G1 X102.799 Y215.766 E2795.89433
G1 X101.599 Y215.305 E2795.96803
G1 X101.199 Y214.967 E2795.99805
G0 F9000 X100.399 Y214.659
G1 F2100 X100.399 Y211.067 E2796.11752
G0 F9000 X100.799 Y211.313
G1 F2100 X99.999 Y212.868 E2796.20249
G1 X100.799 Y214.418 E2796.28724
G0 F9000 X100.799 Y215.164
G0 X101.199 Y211.308
G1 F2100 X101.199 Y210.206 E2796.3239
G0 F9000 X101.599 Y209.949
G1 F2100 X101.599 Y210.909 E2796.35583
G0 F9000 X101.999 Y210.637
G1 F2100 X101.999 Y209.765 E2796.38483
G0 F9000 X102.399 Y209.638
G1 F2100 X102.399 Y210.459 E2796.41214
G0 F9000 X102.799 Y210.366
G1 F2100 X102.799 Y209.562 E2796.43888
G0 F9000 X103.199 Y209.536
G1 F2100 X103.199 Y210.33 E2796.46529
G0 F9000 X103.599 Y210.362
G1 F2100 X103.599 Y209.564 E2796.49183
G0 F9000 X103.999 Y209.635
G1 F2100 X103.999 Y210.46 E2796.51927
G0 F9000 X104.399 Y210.63
G1 F2100 X104.399 Y209.764 E2796.54807
G0 F9000 X104.799 Y209.948
G1 F2100 X104.799 Y210.898 E2796.57967
G0 F9000 X105.199 Y211.315
G1 F2100 X105.199 Y210.206 E2796.61655
G0 F9000 X105.999 Y211.068
G1 F2100 X105.999 Y214.664 E2796.73616
G1 F1500 E2795.73616
G0 F9000 X107.372 Y215.092
G0 X197.139 Y211.782
G0 X197.834 Y210.923
;TYPE:WALL-OUTER
G1 F1500 E2796.76276
G1 F2400 X197.472 Y210.77 E2796.78891
G1 X197.173 Y210.697 E2796.80938
G1 X196.878 Y210.666 E2796.82911
G1 X196.754 Y210.665 E2796.83736
G1 X196.497 Y210.686 E2796.85451
G1 X196.11 Y210.775 E2796.88093
G1 X195.828 Y210.891 E2796.90121
G1 X195.565 Y211.044 E2796.92145
G1 X195.267 Y211.286 E2796.94699
G1 X195.066 Y211.51 E2796.96701
G1 X194.875 Y211.798 E2796.99
G1 X194.745 Y212.077 E2797.01047
G1 X194.664 Y212.336 E2797.02852
G1 X194.611 Y212.636 E2797.04879
G1 X194.6 Y212.911 E2797.0671
G1 X194.634 Y213.256 E2797.09016
G1 X194.698 Y213.517 E2797.10803
G1 X194.808 Y213.801 E2797.12829
G1 X194.979 Y214.101 E2797.15126
G1 X195.196 Y214.372 E2797.17436
G1 X195.414 Y214.574 E2797.19413
G1 X195.733 Y214.789 E2797.21972
G1 X195.976 Y214.905 E2797.23763
G1 X196.268 Y215.001 E2797.25808
G1 X196.57 Y215.053 E2797.27846
G1 X196.845 Y215.065 E2797.29677
G1 X197.102 Y215.044 E2797.31392
G1 X197.489 Y214.955 E2797.34034
G1 X197.772 Y214.839 E2797.36068
G1 X198.005 Y214.706 E2797.37853
G1 X198.273 Y214.5 E2797.40102
G1 X198.533 Y214.22 E2797.42643
G1 X198.724 Y213.932 E2797.44942
G1 X198.854 Y213.653 E2797.4699
G1 X198.935 Y213.394 E2797.48795
G1 X198.988 Y213.094 E2797.50821
G1 X198.999 Y212.819 E2797.52652
G1 X198.965 Y212.474 E2797.54958
G1 X198.901 Y212.213 E2797.56746
G1 X198.791 Y211.929 E2797.58772
G1 X198.62 Y211.629 E2797.61069
G1 X198.403 Y211.358 E2797.63378
G1 X198.185 Y211.156 E2797.65355
G1 X197.834 Y210.923 E2797.68158
G0 F9000 X198.575 Y209.66
G1 F2400 X198.793 Y209.791 E2797.69849
G1 X199.055 Y209.977 E2797.71987
G1 X199.342 Y210.226 E2797.74514
G1 X199.565 Y210.461 E2797.76669
G1 X199.726 Y210.66 E2797.78372
G1 X199.907 Y210.923 E2797.80496
G1 X200.094 Y211.262 E2797.83071
G1 X200.218 Y211.547 E2797.85139
G1 X200.321 Y211.853 E2797.87286
G1 X200.395 Y212.158 E2797.89374
G1 X200.436 Y212.422 E2797.91151
G1 X200.458 Y212.673 E2797.92827
G1 X200.458 Y213.062 E2797.95415
G1 X200.428 Y213.378 E2797.97526
G1 X200.366 Y213.703 E2797.99727
G1 X200.292 Y213.969 E2798.01564
G1 X200.198 Y214.235 E2798.03441
G1 X200.035 Y214.586 E2798.06015
G1 X199.908 Y214.805 E2798.07699
G1 X199.728 Y215.067 E2798.09814
G1 X199.554 Y215.281 E2798.11648
G1 X199.286 Y215.556 E2798.14203
G1 X199.043 Y215.762 E2798.16322
G1 X198.797 Y215.937 E2798.1833
G1 X198.505 Y216.107 E2798.20578
G1 X198.101 Y216.29 E2798.23528
G1 X197.734 Y216.408 E2798.26092
G1 X197.374 Y216.484 E2798.2854
G1 X196.98 Y216.525 E2798.31175
G1 X196.661 Y216.527 E2798.33297
G1 X196.342 Y216.501 E2798.35426
G1 X196.045 Y216.449 E2798.37432
G1 X195.773 Y216.383 E2798.39293
G1 X195.487 Y216.286 E2798.41302
G1 X195.192 Y216.158 E2798.43441
G1 X194.849 Y215.967 E2798.46053
G1 X194.541 Y215.75 E2798.48559
G1 X194.253 Y215.5 E2798.51096
G1 X193.992 Y215.22 E2798.53642
G1 X193.753 Y214.9 E2798.56299
G1 X193.619 Y214.684 E2798.5799
G1 X193.476 Y214.408 E2798.60058
G1 X193.377 Y214.171 E2798.61766
G1 X193.277 Y213.871 E2798.6387
G1 X193.202 Y213.56 E2798.65998
G1 X193.163 Y213.308 E2798.67694
G1 X193.141 Y213.057 E2798.6937
G1 X193.14 Y212.678 E2798.71891
G1 X193.171 Y212.352 E2798.7407
G1 X193.233 Y212.027 E2798.76271
G1 X193.307 Y211.761 E2798.78107
G1 X193.401 Y211.495 E2798.79984
G1 X193.564 Y211.144 E2798.82558
G1 X193.691 Y210.925 E2798.84242
G1 X193.871 Y210.663 E2798.86357
G1 X194.045 Y210.449 E2798.88192
G1 X194.313 Y210.174 E2798.90746
G1 X194.556 Y209.968 E2798.92865
G1 X194.802 Y209.793 E2798.94873
G1 X195.094 Y209.623 E2798.97121
G1 X195.32 Y209.513 E2798.98793
G1 X195.665 Y209.381 E2799.0125
G1 X196.046 Y209.279 E2799.03874
G1 X196.424 Y209.22 E2799.06419
G1 X196.81 Y209.201 E2799.08989
G1 X197.082 Y209.214 E2799.10801
G1 X197.384 Y209.247 E2799.12822
G1 X197.641 Y209.299 E2799.14566
G1 X197.946 Y209.384 E2799.16672
G1 X198.231 Y209.493 E2799.18702
G1 X198.575 Y209.66 E2799.21246
G0 F9000 X198.399 Y209.947
;TYPE:SKIN
G1 F2100 X198.399 Y210.898 E2799.24409
G0 F9000 X197.999 Y210.63
G1 F2100 X197.999 Y209.763 E2799.27292
G0 F9000 X197.599 Y209.635
G1 F2100 X197.599 Y210.46 E2799.30036
G0 F9000 X197.199 Y210.361
G1 F2100 X197.199 Y209.563 E2799.3269
G0 F9000 X196.799 Y209.535
G1 F2100 X196.799 Y210.329 E2799.35331
G0 F9000 X196.399 Y210.365
G1 F2100 X196.399 Y209.561 E2799.38005
G0 F9000 X195.999 Y209.637
G1 F2100 X195.999 Y210.457 E2799.40733
G0 F9000 X195.599 Y210.635
G1 F2100 X195.599 Y209.764 E2799.4363
G0 F9000 X195.199 Y209.947
G1 F2100 X195.199 Y210.908 E2799.46826
G0 F9000 X194.799 Y211.305
G1 F2100 X194.799 Y210.205 E2799.50485
G0 F9000 X194.399 Y211.31
G1 F2100 X193.599 Y212.867 E2799.60517
G1 X194.799 Y214.967 E2799.74379
G1 X195.999 Y215.678 E2799.82373
G1 X197.199 Y215.763 E2799.89268
G1 X198.399 Y215.301 E2799.96638
G1 X198.799 Y214.972 E2799.99606
G0 F9000 X199.599 Y214.662
G1 F2100 X199.599 Y211.068 E2800.1156
G0 F9000 X199.199 Y211.31
G1 F2100 X199.999 Y212.858 E2800.20041
G1 X199.199 Y214.416 E2800.28564
G0 F9000 X199.199 Y215.164
G0 X198.799 Y211.315
G1 F2100 X198.799 Y210.206 E2800.32253
G1 F1500 E2799.32253
G0 F9000 X199.303 Y208.853
G0 X198.274 Y208.372
G0 X197.092 Y208.143
G0 X196.069 Y208.192
G0 X194.885 Y208.541
G0 X193.895 Y209.133
G0 X193.174 Y209.832
G0 X193.999 Y211.065
G1 F1500 E2800.34914
G1 F2100 X193.999 Y214.66 E2800.46871
G1 F1500 E2799.46871
;MESH:NONMESH
G0 F300 X193.999 Y214.66 Z2
G0 F9000 X192.509 Y214.854
G0 X192.148 Y213.727
G0 X192.078 Y212.613
G0 X192.262 Y211.522
G0 X192.628 Y210.638
G0 X197.792 Y92.298
G0 X198.453 Y91.398
;TIME_ELAPSED:5868.488492
;LAYER:9
;TYPE:WALL-OUTER
;MESH:Top of Case V2.STL
G1 F1500 E2800.49532
G1 F1880.2 X198.207 Y91.159 E2800.51813
G1 X197.988 Y90.998 E2800.53621
G1 X197.755 Y90.868 E2800.55396
G1 X197.47 Y90.755 E2800.57436
G1 X197.171 Y90.681 E2800.59484
G1 X196.878 Y90.651 E2800.61444
G1 X196.751 Y90.65 E2800.62289
G1 X196.37 Y90.691 E2800.64838
G1 X196.081 Y90.77 E2800.66831
G1 X195.8 Y90.89 E2800.68863
G1 X195.506 Y91.07 E2800.71156
G1 X195.263 Y91.275 E2800.73271
G1 X195.085 Y91.471 E2800.75032
G1 X194.929 Y91.692 E2800.76832
G1 X194.786 Y91.963 E2800.7887
G1 X194.682 Y92.253 E2800.80919
G1 X194.62 Y92.549 E2800.82931
G1 X194.6 Y92.821 E2800.84745
G1 X194.616 Y93.117 E2800.86717
G1 X194.673 Y93.414 E2800.88729
G1 X194.809 Y93.788 E2800.91376
G1 X194.975 Y94.081 E2800.93616
G1 X195.146 Y94.302 E2800.95475
G1 X195.392 Y94.541 E2800.97757
G1 X195.609 Y94.7 E2800.99546
G1 X195.843 Y94.831 E2801.0133
G1 X196.129 Y94.945 E2801.03378
G1 X196.428 Y95.019 E2801.05427
G1 X196.721 Y95.049 E2801.07386
G1 X197.078 Y95.033 E2801.09763
G1 X197.379 Y94.973 E2801.11805
G1 X197.667 Y94.872 E2801.13835
G1 X197.943 Y94.731 E2801.15897
G1 X198.221 Y94.53 E2801.18179
G1 X198.434 Y94.322 E2801.20159
G1 X198.67 Y94.008 E2801.22772
G1 X198.813 Y93.737 E2801.24811
G1 X198.917 Y93.447 E2801.2686
G1 X198.979 Y93.151 E2801.28872
G1 X198.999 Y92.879 E2801.30686
G1 X198.983 Y92.583 E2801.32658
G1 X198.926 Y92.286 E2801.34669
G1 X198.79 Y91.912 E2801.37317
G1 X198.624 Y91.619 E2801.39557
G1 X198.453 Y91.398 E2801.41416
G0 F9000 X199.324 Y90.593
G1 F1880.2 X199.512 Y90.824 E2801.43397
G1 X199.69 Y91.088 E2801.45515
G1 X199.816 Y91.311 E2801.47219
G1 X199.955 Y91.623 E2801.49491
G1 X200.053 Y91.914 E2801.51533
G1 X200.13 Y92.24 E2801.53761
G1 X200.168 Y92.502 E2801.55523
G1 X200.185 Y92.849 E2801.57834
G1 X200.176 Y93.108 E2801.59557
G1 X200.144 Y93.376 E2801.61353
G1 X200.093 Y93.636 E2801.63115
G1 X200.019 Y93.891 E2801.64882
G1 X199.922 Y94.159 E2801.66778
G1 X199.815 Y94.389 E2801.68465
G1 X199.665 Y94.648 E2801.70456
G1 X199.509 Y94.882 E2801.72327
G1 X199.266 Y95.17 E2801.74833
G1 X199.019 Y95.407 E2801.7711
G1 X198.748 Y95.619 E2801.79399
G1 X198.44 Y95.812 E2801.81817
G1 X198.126 Y95.965 E2801.84141
G1 X197.848 Y96.069 E2801.86115
G1 X197.494 Y96.163 E2801.88551
G1 X197.217 Y96.211 E2801.90421
G1 X196.921 Y96.234 E2801.92396
G1 X196.474 Y96.22 E2801.95371
G1 X196.114 Y96.165 E2801.97794
G1 X195.826 Y96.088 E2801.99777
G1 X195.567 Y96.004 E2802.01588
G1 X195.302 Y95.887 E2802.03515
G1 X195.054 Y95.748 E2802.05406
G1 X194.718 Y95.52 E2802.08107
G1 X194.488 Y95.324 E2802.10117
G1 X194.275 Y95.107 E2802.1214
G1 X194.087 Y94.876 E2802.14121
G1 X193.909 Y94.612 E2802.16239
G1 X193.783 Y94.389 E2802.17943
G1 X193.644 Y94.077 E2802.20215
G1 X193.546 Y93.786 E2802.22258
G1 X193.47 Y93.469 E2802.24426
G1 X193.43 Y93.191 E2802.26295
G1 X193.414 Y92.851 E2802.28559
G1 X193.423 Y92.592 E2802.30283
G1 X193.455 Y92.324 E2802.32078
G1 X193.514 Y92.032 E2802.3406
G1 X193.596 Y91.754 E2802.35988
G1 X193.73 Y91.421 E2802.38375
G1 X193.854 Y91.182 E2802.40167
G1 X194.001 Y90.943 E2802.42033
G1 X194.166 Y90.725 E2802.43852
G1 X194.333 Y90.53 E2802.4556
G1 X194.58 Y90.293 E2802.47837
G1 X194.851 Y90.081 E2802.50125
G1 X195.159 Y89.888 E2802.52543
G1 X195.473 Y89.735 E2802.54867
G1 X195.757 Y89.629 E2802.56883
G1 X196.105 Y89.537 E2802.59278
G1 X196.353 Y89.494 E2802.60952
G1 X196.692 Y89.466 E2802.63215
G1 X197.125 Y89.48 E2802.66096
G1 X197.485 Y89.535 E2802.68519
G1 X197.773 Y89.612 E2802.70502
G1 X198.032 Y89.696 E2802.72313
G1 X198.297 Y89.813 E2802.7424
G1 X198.545 Y89.952 E2802.76131
G1 X198.881 Y90.18 E2802.78832
G1 X199.11 Y90.375 E2802.80833
G1 X199.324 Y90.593 E2802.82865
G0 F9000 X198.672 Y90.8
;TYPE:SKIN
G1 F1645.2 X198.022 Y90.4 E2802.86284
G1 X196.802 Y90 E2802.92035
G1 X195.573 Y90.4 E2802.97824
G1 X194.556 Y91.2 E2803.0362
G1 X194.046 Y92.4 E2803.09461
G1 X194.115 Y93.6 E2803.14845
G1 X194.818 Y94.8 E2803.21075
G1 X195.362 Y95.2 E2803.24099
G1 X196.796 Y95.6 E2803.30768
G1 X198.24 Y95.2 E2803.3748
G1 X199.107 Y94.4 E2803.42764
G1 X199.569 Y93.2 E2803.48524
G1 X199.453 Y92 E2803.53924
G1 X199.043 Y91.2 E2803.57951
G1 F1500 E2802.57951
G0 F9000 X197.594 Y92.038
G0 X104.257 Y92.436
G0 X105.191 Y91.912
;TYPE:WALL-OUTER
G1 F1500 E2803.60612
G1 F1880.2 X105.025 Y91.619 E2803.62852
G1 X104.854 Y91.398 E2803.6471
G1 X104.608 Y91.159 E2803.66992
G1 X104.389 Y90.998 E2803.688
G1 X104.156 Y90.868 E2803.70575
G1 X103.871 Y90.755 E2803.72614
G1 X103.572 Y90.681 E2803.74663
G1 X103.279 Y90.651 E2803.76623
G1 X103.152 Y90.65 E2803.77467
G1 X102.771 Y90.691 E2803.80016
G1 X102.482 Y90.77 E2803.82009
G1 X102.201 Y90.89 E2803.84042
G1 X101.907 Y91.07 E2803.86335
G1 X101.664 Y91.275 E2803.8845
G1 X101.486 Y91.471 E2803.90211
G1 X101.33 Y91.692 E2803.92011
G1 X101.187 Y91.963 E2803.94049
G1 X101.083 Y92.253 E2803.96098
G1 X101.021 Y92.549 E2803.9811
G1 X101 Y92.859 E2804.00177
G1 X101.023 Y93.168 E2804.02238
G1 X101.088 Y93.466 E2804.04267
G1 X101.194 Y93.752 E2804.06296
G1 X101.34 Y94.025 E2804.08355
G1 X101.515 Y94.263 E2804.1032
G1 X101.727 Y94.485 E2804.12362
G1 X101.948 Y94.658 E2804.14229
G1 X102.244 Y94.831 E2804.1651
G1 X102.53 Y94.945 E2804.18558
G1 X102.829 Y95.019 E2804.20607
G1 X103.122 Y95.049 E2804.22566
G1 X103.479 Y95.033 E2804.24943
G1 X103.78 Y94.973 E2804.26985
G1 X104.068 Y94.872 E2804.29015
G1 X104.344 Y94.731 E2804.31077
G1 X104.622 Y94.53 E2804.33359
G1 X104.835 Y94.322 E2804.35339
G1 X105.071 Y94.008 E2804.37952
G1 X105.214 Y93.737 E2804.3999
G1 X105.318 Y93.447 E2804.4204
G1 X105.38 Y93.151 E2804.44051
G1 X105.4 Y92.879 E2804.45866
G1 X105.384 Y92.583 E2804.47838
G1 X105.327 Y92.286 E2804.49849
G1 X105.191 Y91.912 E2804.52497
G0 F9000 X106.394 Y91.727
G1 F1880.2 X106.499 Y92.086 E2804.54985
G1 X106.55 Y92.357 E2804.56819
G1 X106.583 Y92.696 E2804.59085
G1 X106.58 Y93.054 E2804.61466
G1 X106.541 Y93.405 E2804.63815
G1 X106.477 Y93.703 E2804.65843
G1 X106.395 Y93.973 E2804.6772
G1 X106.3 Y94.212 E2804.69431
G1 X106.141 Y94.527 E2804.71778
G1 X106.092 Y94.611 E2804.72425
G1 X105.923 Y94.863 E2804.74443
G1 X105.721 Y95.11 E2804.76566
G1 X105.492 Y95.343 E2804.78739
G1 X105.212 Y95.574 E2804.81154
G1 X104.995 Y95.722 E2804.82901
G1 X104.7 Y95.885 E2804.85143
G1 X104.368 Y96.029 E2804.8755
G1 X104.081 Y96.12 E2804.89553
G1 X103.817 Y96.179 E2804.91352
G1 X103.399 Y96.229 E2804.94153
G1 X103.038 Y96.232 E2804.96554
G1 X102.688 Y96.196 E2804.98895
G1 X102.412 Y96.143 E2805.00764
G1 X102.064 Y96.04 E2805.03178
G1 X101.749 Y95.909 E2805.05448
G1 X101.481 Y95.767 E2805.07465
G1 X101.189 Y95.573 E2805.09797
G1 X100.946 Y95.376 E2805.11878
G1 X100.68 Y95.11 E2805.14381
G1 X100.466 Y94.846 E2805.16641
G1 X100.276 Y94.556 E2805.18947
G1 X100.146 Y94.311 E2805.20792
G1 X100.006 Y93.969 E2805.23251
G1 X99.902 Y93.614 E2805.25711
G1 X99.849 Y93.328 E2805.27646
G1 X99.818 Y92.998 E2805.29851
G1 X99.821 Y92.646 E2805.32193
G1 X99.861 Y92.295 E2805.34543
G1 X99.924 Y91.997 E2805.36569
G1 X100.006 Y91.727 E2805.38446
G1 X100.101 Y91.488 E2805.40157
G1 X100.252 Y91.186 E2805.42403
G1 X100.43 Y90.906 E2805.4461
G1 X100.584 Y90.701 E2805.46315
G1 X100.823 Y90.439 E2805.48674
G1 X101.054 Y90.232 E2805.50738
G1 X101.189 Y90.126 E2805.51879
G1 X101.402 Y89.982 E2805.5359
G1 X101.632 Y89.85 E2805.55354
G1 X101.911 Y89.72 E2805.57401
G1 X102.207 Y89.615 E2805.5949
G1 X102.462 Y89.546 E2805.61248
G1 X102.826 Y89.485 E2805.63703
G1 X103.116 Y89.465 E2805.65636
G1 X103.456 Y89.474 E2805.67899
G1 X103.755 Y89.51 E2805.69902
G1 X104.073 Y89.578 E2805.72065
G1 X104.456 Y89.706 E2805.74752
G1 X104.712 Y89.821 E2805.76619
G1 X104.932 Y89.94 E2805.78282
G1 X105.211 Y90.126 E2805.80513
G1 X105.455 Y90.324 E2805.82603
G1 X105.711 Y90.579 E2805.85007
G1 X105.93 Y90.848 E2805.87314
G1 X106.118 Y91.132 E2805.8958
G1 X106.258 Y91.397 E2805.91573
G1 X106.394 Y91.727 E2805.93948
G0 F9000 X105.852 Y92
;TYPE:SKIN
G1 F1645.2 X105.953 Y92.4 E2805.95751
G1 X105.888 Y93.6 E2806.01003
G1 X105.18 Y94.8 E2806.07092
G1 X104.642 Y95.2 E2806.10022
G1 X103.198 Y95.6 E2806.16571
G1 X101.761 Y95.2 E2806.2309
G1 X100.886 Y94.4 E2806.28272
G1 X100.431 Y93.2 E2806.33881
G1 X100.545 Y92 E2806.39149
G1 X101.327 Y90.8 E2806.45409
G1 X101.973 Y90.4 E2806.4873
G1 X103.201 Y90 E2806.54374
G1 X104.424 Y90.4 E2806.59998
G1 X105.443 Y91.2 E2806.6566
G1 X105.689 Y91.6 E2806.67712
G1 F1500 E2805.67712
G0 F9000 X107.474 Y91.607
G0 X107.647 Y92.664
G0 X107.561 Y93.744
G0 X107.393 Y94.249
G0 X103.828 Y211.919
G0 X104.608 Y211.174
;TYPE:WALL-OUTER
G1 F1500 E2806.70373
G1 F1880.2 X104.389 Y211.013 E2806.72181
G1 X104.156 Y210.883 E2806.73956
G1 X103.871 Y210.77 E2806.75996
G1 X103.572 Y210.696 E2806.78045
G1 X103.279 Y210.666 E2806.80004
G1 X103.152 Y210.665 E2806.80849
G1 X102.771 Y210.706 E2806.83398
G1 X102.482 Y210.785 E2806.85391
G1 X102.201 Y210.905 E2806.87423
G1 X101.907 Y211.085 E2806.89716
G1 X101.664 Y211.29 E2806.91831
G1 X101.486 Y211.486 E2806.93592
G1 X101.33 Y211.707 E2806.95392
G1 X101.187 Y211.978 E2806.9743
G1 X101.083 Y212.268 E2806.99479
G1 X101.021 Y212.564 E2807.01491
G1 X101 Y212.874 E2807.03558
G1 X101.023 Y213.183 E2807.05619
G1 X101.088 Y213.481 E2807.07648
G1 X101.194 Y213.767 E2807.09677
G1 X101.34 Y214.04 E2807.11736
G1 X101.515 Y214.278 E2807.13702
G1 X101.727 Y214.5 E2807.15743
G1 X101.948 Y214.673 E2807.1761
G1 X102.244 Y214.846 E2807.19891
G1 X102.53 Y214.96 E2807.21939
G1 X102.829 Y215.034 E2807.23988
G1 X103.122 Y215.064 E2807.25947
G1 X103.479 Y215.048 E2807.28324
G1 X103.78 Y214.988 E2807.30366
G1 X104.068 Y214.887 E2807.32396
G1 X104.344 Y214.746 E2807.34458
G1 X104.622 Y214.545 E2807.3674
G1 X104.835 Y214.337 E2807.3872
G1 X105.071 Y214.023 E2807.41333
G1 X105.214 Y213.752 E2807.43372
G1 X105.318 Y213.462 E2807.45421
G1 X105.38 Y213.166 E2807.47433
G1 X105.4 Y212.894 E2807.49247
G1 X105.384 Y212.598 E2807.51219
G1 X105.327 Y212.301 E2807.5323
G1 X105.191 Y211.927 E2807.55878
G1 X105.025 Y211.634 E2807.58118
G1 X104.854 Y211.413 E2807.59977
G1 X104.608 Y211.174 E2807.62258
G0 F9000 X105.302 Y210.21
G1 F1880.2 X105.548 Y210.425 E2807.64431
G1 X105.762 Y210.652 E2807.66507
G1 X105.964 Y210.909 E2807.68681
G1 X106.13 Y211.167 E2807.70722
G1 X106.266 Y211.428 E2807.7268
G1 X106.4 Y211.756 E2807.75037
G1 X106.501 Y212.113 E2807.77505
G1 X106.557 Y212.417 E2807.79561
G1 X106.586 Y212.821 E2807.82255
G1 X106.575 Y213.141 E2807.84385
G1 X106.545 Y213.391 E2807.8606
G1 X106.494 Y213.651 E2807.87822
G1 X106.42 Y213.906 E2807.89589
G1 X106.323 Y214.174 E2807.91485
G1 X106.216 Y214.404 E2807.93172
G1 X106.066 Y214.663 E2807.95163
G1 X105.92 Y214.882 E2807.96914
G1 X105.7 Y215.148 E2807.9921
G1 X105.455 Y215.39 E2808.01501
G1 X105.131 Y215.646 E2808.04248
G1 X104.873 Y215.809 E2808.06278
G1 X104.497 Y215.992 E2808.09059
G1 X104.253 Y216.083 E2808.10792
G1 X103.942 Y216.169 E2808.12938
G1 X103.588 Y216.228 E2808.15325
G1 X103.222 Y216.251 E2808.17765
G1 X102.967 Y216.244 E2808.19462
G1 X102.578 Y216.193 E2808.22072
G1 X102.237 Y216.111 E2808.24405
G1 X101.911 Y215.996 E2808.26704
G1 X101.662 Y215.879 E2808.28534
G1 X101.345 Y215.697 E2808.30966
G1 X101.099 Y215.52 E2808.32982
G1 X100.85 Y215.302 E2808.35183
G1 X100.599 Y215.032 E2808.37635
G1 X100.429 Y214.808 E2808.39506
G1 X100.269 Y214.559 E2808.41475
G1 X100.133 Y214.297 E2808.43438
G1 X99.997 Y213.961 E2808.4585
G1 X99.9 Y213.617 E2808.48227
G1 X99.844 Y213.311 E2808.50296
G1 X99.818 Y213.012 E2808.52293
G1 X99.817 Y212.734 E2808.54142
G1 X99.84 Y212.46 E2808.55971
G1 X99.885 Y212.179 E2808.57864
G1 X99.962 Y211.883 E2808.59899
G1 X100.048 Y211.631 E2808.6167
G1 X100.157 Y211.382 E2808.63478
G1 X100.301 Y211.122 E2808.65455
G1 X100.485 Y210.843 E2808.67678
G1 X100.694 Y210.589 E2808.69867
G1 X100.946 Y210.34 E2808.72223
G1 X101.27 Y210.084 E2808.7497
G1 X101.528 Y209.921 E2808.77
G1 X101.899 Y209.74 E2808.79746
G1 X102.303 Y209.6 E2808.8259
G1 X102.565 Y209.54 E2808.84378
G1 X102.882 Y209.495 E2808.86508
G1 X103.179 Y209.479 E2808.88486
G1 X103.434 Y209.486 E2808.90183
G1 X103.812 Y209.535 E2808.92719
G1 X104.074 Y209.593 E2808.94504
G1 X104.394 Y209.697 E2808.96742
G1 X104.686 Y209.822 E2808.98855
G1 X104.925 Y209.951 E2809.00662
G1 X105.302 Y210.21 E2809.03704
G0 F9000 X104.377 Y210.4
;TYPE:SKIN
G1 F1645.2 X103.206 Y210 E2809.09399
G1 X102.015 Y210.4 E2809.15182
G1 X100.97 Y211.2 E2809.21239
G1 X100.45 Y212.4 E2809.27258
G1 X100.507 Y213.6 E2809.32787
G1 X101.204 Y214.8 E2809.39174
G1 X101.733 Y215.2 E2809.42226
G1 X103.195 Y215.6 E2809.49202
G1 X104.67 Y215.2 E2809.56236
G1 X105.517 Y214.4 E2809.61598
G1 X105.971 Y213.2 E2809.67503
G1 X105.847 Y212 E2809.73055
G1 X105.053 Y210.8 E2809.79678
G1 F1500 E2808.79678
G0 F9000 X106.296 Y209.668
G0 X197.065 Y211.76
G0 X197.755 Y210.883
;TYPE:WALL-OUTER
G1 F1500 E2809.82338
G1 F1880.2 X197.47 Y210.77 E2809.84378
G1 X197.171 Y210.696 E2809.86427
G1 X196.878 Y210.666 E2809.88386
G1 X196.751 Y210.665 E2809.89231
G1 X196.37 Y210.706 E2809.9178
G1 X196.081 Y210.785 E2809.93773
G1 X195.8 Y210.905 E2809.95805
G1 X195.506 Y211.085 E2809.98099
G1 X195.263 Y211.29 E2810.00213
G1 X195.085 Y211.486 E2810.01975
G1 X194.929 Y211.707 E2810.03774
G1 X194.786 Y211.978 E2810.05812
G1 X194.682 Y212.268 E2810.07862
G1 X194.62 Y212.564 E2810.09873
G1 X194.6 Y212.836 E2810.11688
G1 X194.616 Y213.132 E2810.1366
G1 X194.673 Y213.429 E2810.15671
G1 X194.809 Y213.803 E2810.18319
G1 X194.975 Y214.096 E2810.20559
G1 X195.146 Y214.317 E2810.22417
G1 X195.392 Y214.556 E2810.24699
G1 X195.609 Y214.715 E2810.26488
G1 X195.843 Y214.846 E2810.28272
G1 X196.129 Y214.96 E2810.3032
G1 X196.428 Y215.034 E2810.32369
G1 X196.721 Y215.064 E2810.34329
G1 X197.078 Y215.048 E2810.36706
G1 X197.379 Y214.988 E2810.38747
G1 X197.667 Y214.887 E2810.40778
G1 X197.943 Y214.746 E2810.42839
G1 X198.221 Y214.545 E2810.45121
G1 X198.434 Y214.337 E2810.47102
G1 X198.67 Y214.023 E2810.49715
G1 X198.813 Y213.752 E2810.51753
G1 X198.917 Y213.462 E2810.53802
G1 X198.979 Y213.166 E2810.55814
G1 X198.999 Y212.894 E2810.57628
G1 X198.983 Y212.598 E2810.596
G1 X198.926 Y212.301 E2810.61612
G1 X198.79 Y211.927 E2810.64259
G1 X198.624 Y211.634 E2810.66499
G1 X198.453 Y211.413 E2810.68358
G1 X198.207 Y211.174 E2810.70639
G1 X197.988 Y211.013 E2810.72448
G1 X197.755 Y210.883 E2810.74222
G0 F9000 X198.524 Y209.951
G1 F1880.2 X198.901 Y210.21 E2810.77265
G1 X199.147 Y210.425 E2810.79438
G1 X199.361 Y210.652 E2810.81514
G1 X199.563 Y210.909 E2810.83688
G1 X199.729 Y211.167 E2810.85729
G1 X199.865 Y211.428 E2810.87686
G1 X199.999 Y211.756 E2810.90043
G1 X200.1 Y212.113 E2810.92511
G1 X200.156 Y212.417 E2810.94568
G1 X200.185 Y212.821 E2810.97262
G1 X200.175 Y213.132 E2810.99332
G1 X200.144 Y213.391 E2811.01067
G1 X200.093 Y213.651 E2811.02829
G1 X200.019 Y213.906 E2811.04596
G1 X199.922 Y214.174 E2811.06492
G1 X199.815 Y214.404 E2811.08179
G1 X199.665 Y214.663 E2811.1017
G1 X199.519 Y214.882 E2811.11921
G1 X199.299 Y215.148 E2811.14217
G1 X199.054 Y215.39 E2811.16508
G1 X198.73 Y215.646 E2811.19255
G1 X198.472 Y215.809 E2811.21285
G1 X198.096 Y215.992 E2811.24066
G1 X197.852 Y216.083 E2811.25799
G1 X197.541 Y216.169 E2811.27945
G1 X197.187 Y216.228 E2811.30332
G1 X196.821 Y216.251 E2811.32772
G1 X196.566 Y216.244 E2811.34469
G1 X196.177 Y216.193 E2811.37079
G1 X195.836 Y216.111 E2811.39412
G1 X195.51 Y215.996 E2811.41711
G1 X195.261 Y215.879 E2811.43541
G1 X194.944 Y215.697 E2811.45973
G1 X194.698 Y215.52 E2811.47989
G1 X194.449 Y215.302 E2811.5019
G1 X194.198 Y215.032 E2811.52642
G1 X194.028 Y214.808 E2811.54513
G1 X193.866 Y214.556 E2811.56506
G1 X193.732 Y214.297 E2811.58446
G1 X193.596 Y213.961 E2811.60857
G1 X193.499 Y213.617 E2811.63234
G1 X193.443 Y213.311 E2811.65304
G1 X193.417 Y213.012 E2811.673
G1 X193.416 Y212.734 E2811.69149
G1 X193.439 Y212.46 E2811.70978
G1 X193.484 Y212.179 E2811.72871
G1 X193.561 Y211.883 E2811.74906
G1 X193.647 Y211.631 E2811.76677
G1 X193.756 Y211.382 E2811.78485
G1 X193.9 Y211.122 E2811.80462
G1 X194.084 Y210.843 E2811.82686
G1 X194.293 Y210.589 E2811.84874
G1 X194.545 Y210.34 E2811.8723
G1 X194.869 Y210.084 E2811.89977
G1 X195.127 Y209.921 E2811.92007
G1 X195.498 Y209.74 E2811.94753
G1 X195.902 Y209.6 E2811.97597
G1 X196.164 Y209.54 E2811.99385
G1 X196.481 Y209.495 E2812.01515
G1 X196.778 Y209.479 E2812.03494
G1 X197.033 Y209.486 E2812.0519
G1 X197.411 Y209.535 E2812.07726
G1 X197.673 Y209.593 E2812.09511
G1 X197.993 Y209.697 E2812.11749
G1 X198.285 Y209.822 E2812.13862
G1 X198.524 Y209.951 E2812.15669
G0 F9000 X197.977 Y210.4
;TYPE:SKIN
G1 F1645.2 X196.806 Y210 E2812.2136
G1 X195.615 Y210.4 E2812.27138
G1 X194.57 Y211.2 E2812.33191
G1 X194.05 Y212.4 E2812.39205
G1 X194.11 Y213.6 E2812.44731
G1 X194.802 Y214.8 E2812.51102
G1 X195.333 Y215.2 E2812.54159
G1 X196.795 Y215.6 E2812.6113
G1 X198.27 Y215.2 E2812.68159
G1 X199.117 Y214.4 E2812.73517
G1 X199.571 Y213.2 E2812.79418
G1 X199.447 Y212 E2812.84966
G1 X199.031 Y211.2 E2812.89113
G0 F9000 X199.041 Y210.8
G1 F1645.2 X198.265 Y210.8 E2812.91694
G1 F1500 E2811.91694
;MESH:NONMESH
G0 F300 X198.265 Y210.8 Z2.2
G0 F9000 X199.063 Y209.033
G0 X197.738 Y92.212
G0 X198.428 Y91.371
;TIME_ELAPSED:5881.746653
;LAYER:10
;TYPE:WALL-OUTER
;MESH:Top of Case V2.STL
G1 F1500 E2812.94354
G1 F1820.5 X198.205 Y91.157 E2812.9641
G1 X197.988 Y91 E2812.98192
G1 X197.755 Y90.868 E2812.99973
G1 X197.479 Y90.757 E2813.01952
G1 X197.18 Y90.683 E2813.04001
G1 X196.878 Y90.651 E2813.06021
G1 X196.75 Y90.65 E2813.06873
G1 X196.344 Y90.697 E2813.09592
G1 X196.073 Y90.773 E2813.11464
G1 X195.792 Y90.894 E2813.13499
G1 X195.538 Y91.048 E2813.15475
G1 X195.326 Y91.215 E2813.1727
G1 X195.082 Y91.474 E2813.19637
G1 X194.894 Y91.75 E2813.21859
G1 X194.728 Y92.108 E2813.24484
G1 X194.645 Y92.403 E2813.26522
G1 X194.607 Y92.661 E2813.28257
G1 X194.602 Y92.975 E2813.30346
G1 X194.633 Y93.234 E2813.32081
G1 X194.699 Y93.506 E2813.33943
G1 X194.81 Y93.789 E2813.35965
G1 X194.981 Y94.089 E2813.38262
G1 X195.171 Y94.329 E2813.40298
G1 X195.394 Y94.543 E2813.42354
G1 X195.611 Y94.701 E2813.4414
G1 X195.844 Y94.833 E2813.45921
G1 X196.12 Y94.943 E2813.47898
G1 X196.419 Y95.017 E2813.49947
G1 X196.721 Y95.049 E2813.51967
G1 X197.081 Y95.033 E2813.54364
G1 X197.381 Y94.973 E2813.56399
G1 X197.66 Y94.875 E2813.58366
G1 X197.935 Y94.735 E2813.60419
G1 X198.164 Y94.577 E2813.62269
G1 X198.363 Y94.398 E2813.6405
G1 X198.556 Y94.175 E2813.66012
G1 X198.705 Y93.95 E2813.67807
G1 X198.871 Y93.592 E2813.70432
G1 X198.954 Y93.297 E2813.7247
G1 X198.992 Y93.039 E2813.74205
G1 X198.997 Y92.725 E2813.76294
G1 X198.966 Y92.466 E2813.78029
G1 X198.9 Y92.194 E2813.79891
G1 X198.789 Y91.911 E2813.81913
G1 X198.618 Y91.611 E2813.8421
G1 X198.428 Y91.371 E2813.86247
G0 F9000 X199.289 Y90.785
G1 F1820.5 X199.464 Y91.017 E2813.8818
G1 X199.604 Y91.24 E2813.89931
G1 X199.773 Y91.579 E2813.92451
G1 X199.893 Y91.906 E2813.94768
G1 X199.957 Y92.151 E2813.96452
G1 X200.014 Y92.49 E2813.98739
G1 X200.034 Y92.82 E2814.00938
G1 X200.017 Y93.176 E2814.03309
G1 X199.967 Y93.499 E2814.05483
G1 X199.863 Y93.889 E2814.08168
G1 X199.747 Y94.181 E2814.10258
G1 X199.599 Y94.471 E2814.12424
G1 X199.423 Y94.741 E2814.14568
G1 X199.266 Y94.942 E2814.16265
G1 X198.986 Y95.233 E2814.18951
G1 X198.75 Y95.431 E2814.21
G1 X198.457 Y95.626 E2814.23341
G1 X198.3 Y95.714 E2814.24539
G1 X197.989 Y95.857 E2814.26816
G1 X197.621 Y95.978 E2814.29392
G1 X197.186 Y96.061 E2814.32338
G1 X196.795 Y96.084 E2814.34944
G1 X196.505 Y96.071 E2814.36875
G1 X196.211 Y96.03 E2814.38849
G1 X195.935 Y95.966 E2814.40734
G1 X195.666 Y95.879 E2814.42615
G1 X195.312 Y95.722 E2814.45191
G1 X194.999 Y95.537 E2814.47609
G1 X194.76 Y95.361 E2814.49584
G1 X194.546 Y95.17 E2814.51492
G1 X194.31 Y94.915 E2814.53803
G1 X194.131 Y94.676 E2814.55789
G1 X193.986 Y94.444 E2814.57609
G1 X193.826 Y94.121 E2814.60007
G1 X193.715 Y93.823 E2814.62122
G1 X193.639 Y93.534 E2814.6411
G1 X193.585 Y93.209 E2814.66302
G1 X193.565 Y92.88 E2814.68494
G1 X193.582 Y92.519 E2814.70898
G1 X193.631 Y92.201 E2814.73039
G1 X193.738 Y91.805 E2814.75767
G1 X193.852 Y91.519 E2814.77815
G1 X194.011 Y91.211 E2814.80121
G1 X194.176 Y90.959 E2814.82125
G1 X194.334 Y90.757 E2814.83831
G1 X194.61 Y90.47 E2814.86479
G1 X194.871 Y90.254 E2814.88733
G1 X195.201 Y90.04 E2814.91349
G1 X195.506 Y89.886 E2814.93622
G1 X195.814 Y89.77 E2814.95811
G1 X196.204 Y89.67 E2814.9849
G1 X196.478 Y89.633 E2815.00329
G1 X196.803 Y89.616 E2815.02494
G1 X197.094 Y89.629 E2815.04431
G1 X197.377 Y89.668 E2815.06332
G1 X197.657 Y89.732 E2815.08242
G1 X197.933 Y89.821 E2815.10171
G1 X198.287 Y89.978 E2815.12747
G1 X198.599 Y90.162 E2815.15157
G1 X198.839 Y90.339 E2815.17141
G1 X199.051 Y90.528 E2815.1903
G1 X199.289 Y90.785 E2815.2136
G0 F9000 X199.2 Y91.632
;TYPE:SKIN
G1 F1592.9 X199.6 Y92.843 E2815.25467
G1 X199.2 Y94.061 E2815.29596
G1 X198.4 Y95.038 E2815.33663
G1 X197.2 Y95.533 E2815.37844
G1 X196 Y95.444 E2815.4172
G1 X194.8 Y94.672 E2815.46315
G1 X194.4 Y94.067 E2815.48651
G1 X194 Y92.853 E2815.52768
G1 X194.4 Y91.633 E2815.56903
G1 X195.2 Y90.663 E2815.60953
G1 X196.4 Y90.166 E2815.65136
G1 X197.6 Y90.254 E2815.69011
G1 X198.8 Y91.026 E2815.73607
G1 F1500 E2814.73607
G0 F9000 X197.586 Y92.029
G0 X104.26 Y92.441
G0 X105.19 Y91.911
;TYPE:WALL-OUTER
G1 F1500 E2815.76268
G1 F1820.5 X105.019 Y91.611 E2815.78565
G1 X104.829 Y91.371 E2815.80601
G1 X104.606 Y91.157 E2815.82657
G1 X104.389 Y91 E2815.84439
G1 X104.156 Y90.868 E2815.8622
G1 X103.88 Y90.757 E2815.88199
G1 X103.581 Y90.683 E2815.90248
G1 X103.279 Y90.651 E2815.92268
G1 X103.151 Y90.65 E2815.93119
G1 X102.745 Y90.697 E2815.95838
G1 X102.474 Y90.773 E2815.9771
G1 X102.193 Y90.894 E2815.99746
G1 X101.939 Y91.048 E2816.01721
G1 X101.727 Y91.215 E2816.03517
G1 X101.483 Y91.474 E2816.05884
G1 X101.295 Y91.75 E2816.08105
G1 X101.129 Y92.108 E2816.1073
G1 X101.046 Y92.403 E2816.12769
G1 X101.008 Y92.661 E2816.14503
G1 X101.008 Y93.04 E2816.17024
G1 X101.051 Y93.318 E2816.18896
G1 X101.15 Y93.648 E2816.21188
G1 X101.281 Y93.928 E2816.23244
G1 X101.468 Y94.206 E2816.25473
G1 X101.679 Y94.44 E2816.27569
G1 X101.916 Y94.636 E2816.29614
G1 X102.245 Y94.833 E2816.32165
G1 X102.521 Y94.943 E2816.34142
G1 X102.82 Y95.017 E2816.36191
G1 X103.122 Y95.049 E2816.38211
G1 X103.482 Y95.033 E2816.40608
G1 X103.782 Y94.973 E2816.42643
G1 X104.061 Y94.875 E2816.4461
G1 X104.336 Y94.735 E2816.46663
G1 X104.565 Y94.577 E2816.48513
G1 X104.764 Y94.398 E2816.50294
G1 X104.957 Y94.175 E2816.52256
G1 X105.106 Y93.95 E2816.54051
G1 X105.272 Y93.592 E2816.56676
G1 X105.355 Y93.297 E2816.58714
G1 X105.393 Y93.039 E2816.60449
G1 X105.398 Y92.725 E2816.62538
G1 X105.367 Y92.466 E2816.64273
G1 X105.301 Y92.194 E2816.66135
G1 X105.19 Y91.911 E2816.68157
G0 F9000 X106.085 Y91.39
G1 F1820.5 X106.22 Y91.691 E2816.70352
G1 X106.309 Y91.955 E2816.72205
G1 X106.384 Y92.282 E2816.74437
G1 X106.423 Y92.576 E2816.7641
G1 X106.434 Y92.872 E2816.7838
G1 X106.419 Y93.174 E2816.80391
G1 X106.367 Y93.511 E2816.8266
G1 X106.293 Y93.798 E2816.84631
G1 X106.204 Y94.053 E2816.86428
G1 X106.068 Y94.345 E2816.8857
G1 X105.89 Y94.647 E2816.90902
G1 X105.711 Y94.889 E2816.92905
G1 X105.515 Y95.109 E2816.94865
G1 X105.327 Y95.287 E2816.96587
G1 X105.001 Y95.537 E2816.9932
G1 X104.691 Y95.72 E2817.01714
G1 X104.35 Y95.873 E2817.042
G1 X104.086 Y95.96 E2817.0605
G1 X103.828 Y96.023 E2817.07816
G1 X103.545 Y96.065 E2817.09719
G1 X103.108 Y96.083 E2817.12629
G1 X102.812 Y96.061 E2817.14603
G1 X102.518 Y96.012 E2817.16586
G1 X102.211 Y95.929 E2817.18701
G1 X101.894 Y95.808 E2817.20958
G1 X101.601 Y95.661 E2817.23139
G1 X101.349 Y95.503 E2817.25118
G1 X101.073 Y95.287 E2817.27449
G1 X100.848 Y95.069 E2817.29533
G1 X100.656 Y94.847 E2817.31485
G1 X100.488 Y94.612 E2817.33407
G1 X100.316 Y94.31 E2817.35719
G1 X100.199 Y94.053 E2817.37597
G1 X100.105 Y93.787 E2817.39474
G1 X100.037 Y93.524 E2817.41281
G1 X99.978 Y93.124 E2817.4397
G1 X99.967 Y92.828 E2817.45941
G1 X99.982 Y92.526 E2817.47952
G1 X100.036 Y92.18 E2817.50282
G1 X100.11 Y91.896 E2817.52234
G1 X100.204 Y91.632 E2817.54098
G1 X100.311 Y91.398 E2817.5581
G1 X100.435 Y91.172 E2817.57524
G1 X100.597 Y90.932 E2817.59451
G1 X100.803 Y90.678 E2817.61626
G1 X101.085 Y90.403 E2817.64246
G1 X101.404 Y90.16 E2817.66914
G1 X101.712 Y89.979 E2817.6929
G1 X102.053 Y89.826 E2817.71776
G1 X102.315 Y89.74 E2817.73611
G1 X102.594 Y89.674 E2817.75518
G1 X102.874 Y89.633 E2817.774
G1 X103.293 Y89.617 E2817.80189
G1 X103.589 Y89.639 E2817.82164
G1 X103.901 Y89.693 E2817.8427
G1 X104.253 Y89.792 E2817.86703
G1 X104.488 Y89.883 E2817.88379
G1 X104.737 Y90.004 E2817.9022
G1 X105.05 Y90.196 E2817.92663
G1 X105.325 Y90.41 E2817.94981
G1 X105.573 Y90.653 E2817.97291
G1 X105.745 Y90.853 E2817.99045
G1 X105.913 Y91.088 E2818.00967
G1 X106.085 Y91.39 E2818.03279
G0 F9000 X105.599 Y91.63
;TYPE:SKIN
G1 F1592.9 X105.999 Y92.847 E2818.07419
G1 X105.599 Y94.066 E2818.11565
G1 X104.799 Y95.041 E2818.1564
G1 X103.599 Y95.533 E2818.19831
G1 X102.399 Y95.443 E2818.2372
G1 X101.199 Y94.674 E2818.28326
G1 X100.799 Y94.057 E2818.30702
G1 X100.399 Y92.85 E2818.34811
G1 X100.799 Y91.636 E2818.38942
G1 X101.599 Y90.659 E2818.43022
G1 X102.799 Y90.167 E2818.47214
G1 X103.999 Y90.255 E2818.51102
G1 X105.199 Y91.027 E2818.55713
G1 F1500 E2817.55713
G0 F9000 X104.193 Y92.297
G0 X103.816 Y211.911
G0 X104.606 Y211.172
;TYPE:WALL-OUTER
G1 F1500 E2818.58374
G1 F1820.5 X104.389 Y211.015 E2818.60155
G1 X104.156 Y210.883 E2818.61937
G1 X103.88 Y210.772 E2818.63916
G1 X103.581 Y210.698 E2818.65965
G1 X103.279 Y210.666 E2818.67985
G1 X103.151 Y210.665 E2818.68836
G1 X102.745 Y210.712 E2818.71555
G1 X102.474 Y210.788 E2818.73427
G1 X102.193 Y210.909 E2818.75462
G1 X101.939 Y211.063 E2818.77438
G1 X101.727 Y211.23 E2818.79234
G1 X101.483 Y211.489 E2818.81601
G1 X101.295 Y211.765 E2818.83822
G1 X101.129 Y212.123 E2818.86447
G1 X101.046 Y212.418 E2818.88486
G1 X101.008 Y212.676 E2818.9022
G1 X101.008 Y213.055 E2818.92741
G1 X101.051 Y213.333 E2818.94613
G1 X101.15 Y213.663 E2818.96904
G1 X101.281 Y213.943 E2818.98961
G1 X101.468 Y214.221 E2819.0119
G1 X101.679 Y214.455 E2819.03285
G1 X101.916 Y214.651 E2819.05331
G1 X102.245 Y214.848 E2819.07882
G1 X102.521 Y214.958 E2819.09859
G1 X102.82 Y215.032 E2819.11908
G1 X103.122 Y215.064 E2819.13928
G1 X103.482 Y215.048 E2819.16325
G1 X103.782 Y214.988 E2819.1836
G1 X104.061 Y214.89 E2819.20327
G1 X104.336 Y214.75 E2819.2238
G1 X104.565 Y214.592 E2819.2423
G1 X104.764 Y214.413 E2819.26011
G1 X104.957 Y214.19 E2819.27973
G1 X105.106 Y213.965 E2819.29768
G1 X105.272 Y213.607 E2819.32393
G1 X105.355 Y213.312 E2819.34431
G1 X105.393 Y213.054 E2819.36166
G1 X105.398 Y212.74 E2819.38255
G1 X105.367 Y212.481 E2819.3999
G1 X105.301 Y212.209 E2819.41852
G1 X105.19 Y211.926 E2819.43874
G1 X105.019 Y211.626 E2819.46171
G1 X104.829 Y211.386 E2819.48208
G1 X104.606 Y211.172 E2819.50263
G0 F9000 X105.3 Y210.406
G1 F1820.5 X105.59 Y210.685 E2819.5294
G1 X105.789 Y210.927 E2819.55025
G1 X105.949 Y211.162 E2819.56916
G1 X106.105 Y211.442 E2819.59048
G1 X106.261 Y211.819 E2819.61762
G1 X106.358 Y212.166 E2819.64159
G1 X106.415 Y212.505 E2819.66445
G1 X106.435 Y212.835 E2819.68644
G1 X106.419 Y213.185 E2819.70975
G1 X106.368 Y213.514 E2819.7319
G1 X106.264 Y213.904 E2819.75875
G1 X106.145 Y214.203 E2819.78015
G1 X105.995 Y214.494 E2819.80193
G1 X105.845 Y214.728 E2819.82042
G1 X105.599 Y215.034 E2819.84654
G1 X105.372 Y215.261 E2819.86789
G1 X105.127 Y215.463 E2819.88902
G1 X104.826 Y215.66 E2819.91295
G1 X104.56 Y215.799 E2819.93291
G1 X104.244 Y215.925 E2819.95554
G1 X103.944 Y216.013 E2819.97634
G1 X103.693 Y216.062 E2819.99335
G1 X103.229 Y216.099 E2820.02431
G1 X102.897 Y216.086 E2820.04641
G1 X102.495 Y216.021 E2820.0735
G1 X102.162 Y215.927 E2820.09652
G1 X101.912 Y215.831 E2820.11433
G1 X101.641 Y215.698 E2820.13441
G1 X101.419 Y215.564 E2820.15166
G1 X101.101 Y215.324 E2820.17817
G1 X100.817 Y215.05 E2820.20442
G1 X100.569 Y214.744 E2820.23062
G1 X100.387 Y214.459 E2820.25311
G1 X100.218 Y214.115 E2820.27861
G1 X100.116 Y213.838 E2820.29824
G1 X100.04 Y213.549 E2820.31812
G1 X99.986 Y213.224 E2820.34004
G1 X99.966 Y212.895 E2820.36196
G1 X99.983 Y212.534 E2820.386
G1 X100.032 Y212.216 E2820.4074
G1 X100.139 Y211.82 E2820.43469
G1 X100.258 Y211.523 E2820.45597
G1 X100.41 Y211.23 E2820.47793
G1 X100.557 Y211.001 E2820.49603
G1 X100.829 Y210.666 E2820.52474
G1 X101.029 Y210.469 E2820.54341
G1 X101.286 Y210.259 E2820.56549
G1 X101.576 Y210.069 E2820.58855
G1 X101.845 Y209.929 E2820.60872
G1 X102.195 Y209.79 E2820.63378
G1 X102.436 Y209.722 E2820.65043
G1 X102.831 Y209.652 E2820.67712
G1 X103.172 Y209.631 E2820.69984
G1 X103.504 Y209.644 E2820.72195
G1 X103.778 Y209.682 E2820.74035
G1 X104.133 Y209.769 E2820.76466
G1 X104.411 Y209.866 E2820.78425
G1 X104.777 Y210.042 E2820.81126
G1 X105.018 Y210.192 E2820.83014
G1 X105.3 Y210.406 E2820.85369
G0 F9000 X105.199 Y211.045
;TYPE:SKIN
G1 F1592.9 X105.599 Y211.649 E2820.87661
G1 X105.999 Y212.862 E2820.91702
G1 X105.599 Y214.082 E2820.95763
G1 X104.799 Y215.055 E2820.99748
G1 X103.599 Y215.55 E2821.03855
G1 X102.399 Y215.458 E2821.07662
G1 X101.199 Y214.688 E2821.12173
G1 X100.799 Y214.072 E2821.14497
G1 X100.399 Y212.869 E2821.18507
G1 X100.799 Y211.65 E2821.22566
G1 X101.599 Y210.678 E2821.26548
G1 X102.799 Y210.183 E2821.30655
G1 X103.999 Y210.27 E2821.34461
G1 X104.799 Y210.674 E2821.37296
G1 F1500 E2820.37296
G0 F9000 X106.376 Y209.968
G0 X197.075 Y211.763
G0 X197.755 Y210.883
;TYPE:WALL-OUTER
G1 F1500 E2821.39957
G1 F1820.5 X197.479 Y210.772 E2821.41936
G1 X197.18 Y210.698 E2821.43985
G1 X196.878 Y210.666 E2821.46005
G1 X196.75 Y210.665 E2821.46857
G1 X196.344 Y210.712 E2821.49576
G1 X196.073 Y210.788 E2821.51448
G1 X195.792 Y210.909 E2821.53483
G1 X195.538 Y211.063 E2821.55459
G1 X195.326 Y211.23 E2821.57254
G1 X195.082 Y211.489 E2821.59621
G1 X194.894 Y211.765 E2821.61842
G1 X194.728 Y212.123 E2821.64467
G1 X194.645 Y212.418 E2821.66506
G1 X194.607 Y212.676 E2821.68241
G1 X194.602 Y212.99 E2821.7033
G1 X194.633 Y213.249 E2821.72065
G1 X194.699 Y213.521 E2821.73927
G1 X194.81 Y213.804 E2821.75949
G1 X194.981 Y214.104 E2821.78246
G1 X195.171 Y214.344 E2821.80282
G1 X195.394 Y214.558 E2821.82338
G1 X195.611 Y214.716 E2821.84124
G1 X195.844 Y214.848 E2821.85905
G1 X196.12 Y214.958 E2821.87881
G1 X196.419 Y215.032 E2821.8993
G1 X196.721 Y215.064 E2821.91951
G1 X197.081 Y215.048 E2821.94348
G1 X197.381 Y214.988 E2821.96383
G1 X197.66 Y214.89 E2821.9835
G1 X197.935 Y214.75 E2822.00403
G1 X198.164 Y214.592 E2822.02253
G1 X198.363 Y214.413 E2822.04034
G1 X198.556 Y214.19 E2822.05996
G1 X198.705 Y213.965 E2822.07791
G1 X198.871 Y213.607 E2822.10416
G1 X198.954 Y213.312 E2822.12454
G1 X198.992 Y213.054 E2822.14189
G1 X198.997 Y212.74 E2822.16278
G1 X198.966 Y212.481 E2822.18013
G1 X198.9 Y212.209 E2822.19875
G1 X198.789 Y211.926 E2822.21897
G1 X198.618 Y211.626 E2822.24194
G1 X198.428 Y211.386 E2822.2623
G1 X198.205 Y211.172 E2822.28286
G1 X197.988 Y211.015 E2822.30068
G1 X197.755 Y210.883 E2822.31849
G0 F9000 X198.01 Y209.866
G1 F1820.5 X198.376 Y210.042 E2822.34551
G1 X198.617 Y210.192 E2822.36439
G1 X198.899 Y210.406 E2822.38794
G1 X199.189 Y210.685 E2822.41471
G1 X199.388 Y210.927 E2822.43555
G1 X199.548 Y211.162 E2822.45446
G1 X199.704 Y211.442 E2822.47578
G1 X199.86 Y211.819 E2822.50292
G1 X199.957 Y212.166 E2822.52689
G1 X200.014 Y212.505 E2822.54976
G1 X200.034 Y212.835 E2822.57175
G1 X200.017 Y213.191 E2822.59546
G1 X199.967 Y213.514 E2822.6172
G1 X199.863 Y213.904 E2822.64405
G1 X199.744 Y214.203 E2822.66546
G1 X199.594 Y214.494 E2822.68724
G1 X199.444 Y214.728 E2822.70572
G1 X199.198 Y215.034 E2822.73184
G1 X198.971 Y215.261 E2822.7532
G1 X198.726 Y215.463 E2822.77432
G1 X198.425 Y215.66 E2822.79825
G1 X198.159 Y215.799 E2822.81821
G1 X197.843 Y215.925 E2822.84084
G1 X197.543 Y216.013 E2822.86164
G1 X197.292 Y216.062 E2822.87865
G1 X196.828 Y216.099 E2822.90962
G1 X196.496 Y216.086 E2822.93172
G1 X196.094 Y216.021 E2822.95881
G1 X195.761 Y215.927 E2822.98182
G1 X195.511 Y215.831 E2822.99964
G1 X195.24 Y215.698 E2823.01972
G1 X195.018 Y215.564 E2823.03697
G1 X194.7 Y215.324 E2823.06347
G1 X194.416 Y215.05 E2823.08972
G1 X194.168 Y214.744 E2823.11592
G1 X193.986 Y214.459 E2823.13841
G1 X193.817 Y214.115 E2823.16391
G1 X193.715 Y213.838 E2823.18355
G1 X193.639 Y213.549 E2823.20342
G1 X193.585 Y213.224 E2823.22534
G1 X193.565 Y212.895 E2823.24726
G1 X193.582 Y212.534 E2823.27131
G1 X193.631 Y212.216 E2823.29271
G1 X193.738 Y211.82 E2823.31999
G1 X193.857 Y211.523 E2823.34128
G1 X194.009 Y211.23 E2823.36324
G1 X194.156 Y211.001 E2823.38134
G1 X194.428 Y210.666 E2823.41004
G1 X194.628 Y210.469 E2823.42872
G1 X194.885 Y210.259 E2823.45079
G1 X195.175 Y210.069 E2823.47386
G1 X195.444 Y209.929 E2823.49403
G1 X195.794 Y209.79 E2823.51908
G1 X196.035 Y209.722 E2823.53574
G1 X196.43 Y209.652 E2823.56242
G1 X196.771 Y209.631 E2823.58515
G1 X197.103 Y209.644 E2823.60725
G1 X197.377 Y209.682 E2823.62565
G1 X197.732 Y209.769 E2823.64996
G1 X198.01 Y209.866 E2823.66955
G0 F9000 X197.999 Y210.433
;TYPE:SKIN
G1 F1592.9 X197.599 Y210.269 E2823.68299
G1 X196.399 Y210.182 E2823.72041
G1 X195.199 Y210.677 E2823.76078
G1 X194.399 Y211.647 E2823.79988
G1 X193.999 Y212.869 E2823.83987
G1 X194.399 Y214.08 E2823.87953
G1 X195.199 Y215.055 E2823.91875
G1 X196.399 Y215.548 E2823.9591
G1 X197.599 Y215.455 E2823.99653
G1 X198.799 Y214.688 E2824.04082
G1 X199.199 Y214.079 E2824.06348
G1 X199.599 Y212.861 E2824.10335
G1 X199.199 Y211.649 E2824.14304
G1 X198.799 Y211.045 E2824.16557
G0 F9000 X198.399 Y210.899
G1 F1592.9 X198.399 Y210.45 E2824.1805
G1 F1500 E2823.1805
;MESH:NONMESH
G0 F300 X198.399 Y210.45 Z2.4
G0 F9000 X198.881 Y209.104
G0 X197.792 Y92.297
G0 X198.526 Y91.485
;TIME_ELAPSED:5894.855532
;LAYER:11
;TYPE:WALL-OUTER
;MESH:Top of Case V2.STL
G1 F1500 E2824.20711
G1 F1742.9 X198.273 Y91.215 E2824.23173
G1 X197.987 Y90.997 E2824.25565
G1 X197.752 Y90.867 E2824.27351
G1 X197.469 Y90.754 E2824.29378
G1 X197.18 Y90.683 E2824.31358
G1 X196.878 Y90.651 E2824.33378
G1 X196.749 Y90.65 E2824.34236
G1 X196.343 Y90.697 E2824.36955
G1 X196.072 Y90.773 E2824.38827
G1 X195.8 Y90.89 E2824.40797
G1 X195.506 Y91.07 E2824.4309
G1 X195.262 Y91.276 E2824.45214
G1 X195.091 Y91.464 E2824.46905
G1 X194.928 Y91.694 E2824.4878
G1 X194.785 Y91.966 E2824.50824
G1 X194.684 Y92.245 E2824.52798
G1 X194.62 Y92.552 E2824.54884
G1 X194.6 Y92.823 E2824.56691
G1 X194.612 Y93.094 E2824.58496
G1 X194.667 Y93.394 E2824.60525
G1 X194.746 Y93.639 E2824.62237
G1 X194.882 Y93.928 E2824.64362
G1 X195.073 Y94.215 E2824.66655
G1 X195.326 Y94.485 E2824.69116
G1 X195.612 Y94.703 E2824.71509
G1 X195.847 Y94.833 E2824.73295
G1 X196.13 Y94.946 E2824.75322
G1 X196.419 Y95.017 E2824.77302
G1 X196.721 Y95.049 E2824.79322
G1 X197.082 Y95.033 E2824.81726
G1 X197.382 Y94.972 E2824.83762
G1 X197.67 Y94.871 E2824.85792
G1 X197.944 Y94.729 E2824.87845
G1 X198.215 Y94.535 E2824.90062
G1 X198.434 Y94.322 E2824.92094
G1 X198.671 Y94.006 E2824.94722
G1 X198.814 Y93.734 E2824.96766
G1 X198.915 Y93.455 E2824.9874
G1 X198.979 Y93.148 E2825.00826
G1 X198.999 Y92.877 E2825.02633
G1 X198.987 Y92.606 E2825.04438
G1 X198.932 Y92.306 E2825.06467
G1 X198.853 Y92.061 E2825.08179
G1 X198.717 Y91.772 E2825.10304
G1 X198.526 Y91.485 E2825.12597
G0 F9000 X199.258 Y90.888
G1 F1742.9 X199.453 Y91.161 E2825.14829
G1 X199.582 Y91.383 E2825.16537
G1 X199.747 Y91.749 E2825.19207
G1 X199.836 Y92.026 E2825.21143
G1 X199.911 Y92.38 E2825.2355
G1 X199.945 Y92.786 E2825.2626
G1 X199.939 Y93.061 E2825.2809
G1 X199.906 Y93.35 E2825.30025
G1 X199.843 Y93.651 E2825.3207
G1 X199.748 Y93.948 E2825.34145
G1 X199.615 Y94.255 E2825.3637
G1 X199.449 Y94.546 E2825.38599
G1 X199.256 Y94.817 E2825.40812
G1 X199.005 Y95.094 E2825.43298
G1 X198.802 Y95.276 E2825.45112
G1 X198.671 Y95.378 E2825.46216
G1 X198.433 Y95.539 E2825.48128
G1 X198.147 Y95.693 E2825.50289
G1 X197.82 Y95.826 E2825.52637
G1 X197.571 Y95.9 E2825.54365
G1 X197.264 Y95.962 E2825.56448
G1 X196.993 Y95.991 E2825.58261
G1 X196.655 Y95.993 E2825.6051
G1 X196.331 Y95.961 E2825.62675
G1 X195.999 Y95.893 E2825.6493
G1 X195.695 Y95.796 E2825.67052
G1 X195.381 Y95.659 E2825.69331
G1 X195.072 Y95.479 E2825.7171
G1 X194.841 Y95.312 E2825.73606
G1 X194.551 Y95.051 E2825.76201
G1 X194.336 Y94.807 E2825.78365
G1 X194.145 Y94.539 E2825.80554
G1 X193.952 Y94.188 E2825.83219
G1 X193.839 Y93.915 E2825.85184
G1 X193.762 Y93.67 E2825.86892
G1 X193.69 Y93.331 E2825.89198
G1 X193.654 Y92.914 E2825.91982
G1 X193.66 Y92.639 E2825.93812
G1 X193.691 Y92.366 E2825.95639
G1 X193.759 Y92.041 E2825.97848
G1 X193.84 Y91.782 E2825.99653
G1 X193.962 Y91.49 E2826.01758
G1 X194.15 Y91.154 E2826.04319
G1 X194.343 Y90.884 E2826.06527
G1 X194.641 Y90.56 E2826.09455
G1 X194.93 Y90.32 E2826.11954
G1 X195.164 Y90.162 E2826.13832
G1 X195.454 Y90.006 E2826.16023
G1 X195.779 Y89.874 E2826.18356
G1 X196.028 Y89.8 E2826.20084
G1 X196.335 Y89.738 E2826.22168
G1 X196.606 Y89.709 E2826.23981
G1 X196.944 Y89.707 E2826.26229
G1 X197.268 Y89.739 E2826.28395
G1 X197.6 Y89.807 E2826.30649
G1 X197.904 Y89.904 E2826.32772
G1 X198.218 Y90.041 E2826.35051
G1 X198.379 Y90.129 E2826.36271
G1 X198.591 Y90.264 E2826.37943
G1 X198.846 Y90.461 E2826.40087
G1 X199.056 Y90.659 E2826.42007
G1 X199.258 Y90.888 E2826.44038
G0 F9000 X198.894 Y91.2
;TYPE:SKIN
G1 F1525.1 X198.5 Y90.8 E2826.46191
G1 X197.808 Y90.4 E2826.49257
G0 F9000 X197.436 Y90.4
G0 X196.158 Y90.4
G0 X195.792 Y90.4
G1 F1525.1 X195.09 Y90.8 E2826.5127
G1 X194.269 Y92 E2826.54892
G1 X194.153 Y93.2 E2826.57896
G1 X194.626 Y94.4 E2826.61109
G1 X195.562 Y95.2 E2826.64176
G1 X196.802 Y95.6 E2826.67422
G1 X198.039 Y95.2 E2826.70661
G1 X198.967 Y94.4 E2826.73714
G1 X199.448 Y93.2 E2826.76934
G1 X199.331 Y92 E2826.79938
G1 X199.159 Y91.6 E2826.81023
G1 F1500 E2825.81023
G0 F9000 X197.742 Y92.218
G0 X104.225 Y92.361
G0 X105.118 Y91.772
;TYPE:WALL-OUTER
G1 F1500 E2826.83683
G1 F1742.9 X104.927 Y91.485 E2826.85977
G1 X104.674 Y91.215 E2826.88438
G1 X104.388 Y90.997 E2826.9083
G1 X104.153 Y90.867 E2826.92617
G1 X103.87 Y90.754 E2826.94644
G1 X103.581 Y90.683 E2826.96623
G1 X103.279 Y90.651 E2826.98643
G1 X103.15 Y90.65 E2826.99502
G1 X102.744 Y90.697 E2827.0222
G1 X102.473 Y90.773 E2827.04093
G1 X102.201 Y90.89 E2827.06062
G1 X101.907 Y91.07 E2827.08355
G1 X101.663 Y91.276 E2827.1048
G1 X101.492 Y91.464 E2827.1217
G1 X101.329 Y91.694 E2827.14045
G1 X101.186 Y91.966 E2827.1609
G1 X101.085 Y92.245 E2827.18063
G1 X101.021 Y92.552 E2827.20149
G1 X101 Y92.861 E2827.2221
G1 X101.023 Y93.171 E2827.24277
G1 X101.085 Y93.457 E2827.26224
G1 X101.211 Y93.79 E2827.28592
G1 X101.376 Y94.08 E2827.30812
G1 X101.591 Y94.351 E2827.33113
G1 X101.843 Y94.581 E2827.35383
G1 X102.143 Y94.779 E2827.37774
G1 X102.377 Y94.89 E2827.39496
G1 X102.68 Y94.988 E2827.41615
G1 X102.982 Y95.039 E2827.43652
G1 X103.251 Y95.05 E2827.45443
G1 X103.657 Y95.003 E2827.48162
G1 X103.928 Y94.927 E2827.50034
G1 X104.2 Y94.81 E2827.52004
G1 X104.493 Y94.631 E2827.54288
G1 X104.738 Y94.424 E2827.56421
G1 X104.909 Y94.236 E2827.58112
G1 X105.072 Y94.006 E2827.59987
G1 X105.215 Y93.734 E2827.62031
G1 X105.316 Y93.455 E2827.64005
G1 X105.38 Y93.148 E2827.66091
G1 X105.4 Y92.877 E2827.67899
G1 X105.388 Y92.606 E2827.69703
G1 X105.333 Y92.306 E2827.71732
G1 X105.254 Y92.061 E2827.73444
G1 X105.118 Y91.772 E2827.75569
G0 F9000 X105.912 Y91.254
G1 F1742.9 X106.094 Y91.617 E2827.7827
G1 X106.19 Y91.872 E2827.80083
G1 X106.26 Y92.12 E2827.81797
G1 X106.317 Y92.42 E2827.83828
G1 X106.344 Y92.717 E2827.85812
G1 X106.338 Y93.079 E2827.8822
G1 X106.303 Y93.374 E2827.90196
G1 X106.232 Y93.693 E2827.9237
G1 X106.13 Y93.996 E2827.94497
G1 X105.995 Y94.295 E2827.96679
G1 X105.828 Y94.581 E2827.98882
G1 X105.591 Y94.896 E2828.01505
G1 X105.314 Y95.18 E2828.04144
G1 X105.013 Y95.421 E2828.06709
G1 X104.649 Y95.642 E2828.09541
G1 X104.42 Y95.749 E2828.11223
G1 X104.005 Y95.891 E2828.1414
G1 X103.76 Y95.947 E2828.15812
G1 X103.438 Y95.987 E2828.17971
G1 X103.166 Y95.996 E2828.19781
G1 X102.815 Y95.972 E2828.22121
G1 X102.564 Y95.931 E2828.23813
G1 X102.24 Y95.846 E2828.26041
G1 X101.974 Y95.747 E2828.27929
G1 X101.697 Y95.613 E2828.29976
G1 X101.406 Y95.434 E2828.32249
G1 X101.182 Y95.262 E2828.34127
G1 X100.931 Y95.028 E2828.3641
G1 X100.737 Y94.806 E2828.38371
G1 X100.574 Y94.581 E2828.40219
G1 X100.388 Y94.259 E2828.42693
G1 X100.267 Y93.986 E2828.44679
G1 X100.175 Y93.71 E2828.46615
G1 X100.103 Y93.398 E2828.48745
G1 X100.063 Y93.079 E2828.50883
G1 X100.055 Y92.802 E2828.52727
G1 X100.079 Y92.458 E2828.55021
G1 X100.121 Y92.207 E2828.56713
G1 X100.191 Y91.933 E2828.58595
G1 X100.305 Y91.622 E2828.60798
G1 X100.491 Y91.251 E2828.63559
G1 X100.713 Y90.923 E2828.66193
G1 X100.924 Y90.678 E2828.68344
G1 X101.209 Y90.414 E2828.70928
G1 X101.418 Y90.257 E2828.72667
G1 X101.758 Y90.054 E2828.75301
G1 X102.013 Y89.937 E2828.77168
G1 X102.27 Y89.844 E2828.78986
G1 X102.601 Y89.761 E2828.81256
G1 X102.969 Y89.712 E2828.83725
G1 X103.235 Y89.704 E2828.85496
G1 X103.586 Y89.728 E2828.87836
G1 X103.895 Y89.781 E2828.89921
G1 X104.217 Y89.872 E2828.92147
G1 X104.523 Y89.995 E2828.94341
G1 X104.748 Y90.111 E2828.96025
G1 X105.028 Y90.289 E2828.98232
G1 X105.259 Y90.472 E2829.00192
G1 X105.493 Y90.696 E2829.02347
G1 X105.699 Y90.938 E2829.04461
G1 X105.912 Y91.254 E2829.06996
G0 F9000 X105.558 Y91.6
;TYPE:SKIN
G1 F1525.1 X105.295 Y91.2 E2829.08618
G1 X104.205 Y90.4 E2829.13198
G0 F9000 X103.833 Y90.4
G0 X102.563 Y90.4
G0 X102.197 Y90.4
G1 F1525.1 X101.496 Y90.8 E2829.15212
G1 X100.67 Y92 E2829.18846
G1 X100.552 Y93.2 E2829.21854
G1 X101.03 Y94.4 E2829.25077
G1 X101.955 Y95.2 E2829.28128
G1 X103.197 Y95.6 E2829.31383
G1 X104.435 Y95.2 E2829.34629
G1 X105.374 Y94.4 E2829.37706
G1 X105.849 Y93.2 E2829.40926
G1 X105.733 Y92 E2829.43934
G1 F1500 E2828.43934
G0 F9000 X107.37 Y92.266
G0 X107.382 Y93.345
G0 X103.858 Y211.939
G0 X104.674 Y211.23
;TYPE:WALL-OUTER
G1 F1500 E2829.46595
G1 F1742.9 X104.388 Y211.012 E2829.48987
G1 X104.153 Y210.882 E2829.50773
G1 X103.87 Y210.769 E2829.528
G1 X103.581 Y210.698 E2829.5478
G1 X103.279 Y210.666 E2829.568
G1 X103.15 Y210.665 E2829.57658
G1 X102.744 Y210.712 E2829.60377
G1 X102.473 Y210.788 E2829.62249
G1 X102.201 Y210.905 E2829.64219
G1 X101.907 Y211.085 E2829.66512
G1 X101.663 Y211.291 E2829.68636
G1 X101.492 Y211.479 E2829.70327
G1 X101.329 Y211.709 E2829.72202
G1 X101.186 Y211.981 E2829.74246
G1 X101.085 Y212.26 E2829.7622
G1 X101.021 Y212.567 E2829.78306
G1 X101 Y212.876 E2829.80366
G1 X101.023 Y213.186 E2829.82434
G1 X101.085 Y213.472 E2829.84381
G1 X101.211 Y213.805 E2829.86749
G1 X101.376 Y214.095 E2829.88969
G1 X101.591 Y214.366 E2829.9127
G1 X101.843 Y214.596 E2829.93539
G1 X102.143 Y214.794 E2829.9593
G1 X102.377 Y214.905 E2829.97653
G1 X102.68 Y215.003 E2829.99771
G1 X102.982 Y215.054 E2830.01809
G1 X103.251 Y215.065 E2830.036
G1 X103.657 Y215.018 E2830.06318
G1 X103.928 Y214.942 E2830.08191
G1 X104.2 Y214.825 E2830.1016
G1 X104.493 Y214.646 E2830.12444
G1 X104.738 Y214.439 E2830.14578
G1 X104.909 Y214.251 E2830.16268
G1 X105.072 Y214.021 E2830.18144
G1 X105.215 Y213.749 E2830.20188
G1 X105.316 Y213.47 E2830.22162
G1 X105.38 Y213.163 E2830.24248
G1 X105.4 Y212.892 E2830.26055
G1 X105.388 Y212.621 E2830.2786
G1 X105.333 Y212.321 E2830.29889
G1 X105.254 Y212.076 E2830.31601
G1 X105.118 Y211.787 E2830.33726
G1 X104.927 Y211.5 E2830.36019
G1 X104.674 Y211.23 E2830.3848
G0 F9000 X105.295 Y210.516
G1 F1742.9 X105.556 Y210.78 E2830.4095
G1 X105.772 Y211.053 E2830.43265
G1 X105.967 Y211.366 E2830.45718
G1 X106.085 Y211.607 E2830.47503
G1 X106.196 Y211.904 E2830.49613
G1 X106.28 Y212.221 E2830.51794
G1 X106.335 Y212.601 E2830.54348
G1 X106.347 Y212.857 E2830.56053
G1 X106.333 Y213.165 E2830.58104
G1 X106.279 Y213.512 E2830.6044
G1 X106.195 Y213.829 E2830.62621
G1 X106.07 Y214.154 E2830.64938
G1 X105.949 Y214.397 E2830.66743
G1 X105.754 Y214.703 E2830.69157
G1 X105.518 Y214.994 E2830.71649
G1 X105.327 Y215.183 E2830.73437
G1 X105.068 Y215.397 E2830.75672
G1 X104.826 Y215.559 E2830.77609
G1 X104.54 Y215.711 E2830.79763
G1 X104.218 Y215.842 E2830.82076
G1 X103.87 Y215.938 E2830.84477
G1 X103.553 Y215.992 E2830.86616
G1 X103.17 Y216.011 E2830.89167
G1 X102.909 Y215.997 E2830.90906
G1 X102.611 Y215.955 E2830.92908
G1 X102.298 Y215.88 E2830.95049
G1 X101.984 Y215.767 E2830.97269
G1 X101.653 Y215.604 E2830.99723
G1 X101.414 Y215.454 E2831.016
G1 X101.106 Y215.214 E2831.04197
G1 X100.838 Y214.942 E2831.06737
G1 X100.629 Y214.677 E2831.08982
G1 X100.49 Y214.461 E2831.10691
G1 X100.353 Y214.203 E2831.12634
G1 X100.24 Y213.93 E2831.146
G1 X100.163 Y213.685 E2831.16308
G1 X100.089 Y213.334 E2831.18694
G1 X100.059 Y213.04 E2831.2066
G1 X100.058 Y212.71 E2831.22855
G1 X100.091 Y212.381 E2831.25055
G1 X100.159 Y212.057 E2831.27257
G1 X100.252 Y211.767 E2831.29283
G1 X100.393 Y211.444 E2831.31627
G1 X100.553 Y211.165 E2831.33767
G1 X100.744 Y210.899 E2831.35945
G1 X101.042 Y210.575 E2831.38873
G1 X101.333 Y210.333 E2831.41391
G1 X101.571 Y210.173 E2831.43299
G1 X101.864 Y210.017 E2831.45507
G1 X102.18 Y209.889 E2831.47775
G1 X102.429 Y209.815 E2831.49503
G1 X102.748 Y209.751 E2831.51667
G1 X103.072 Y209.721 E2831.53831
G1 X103.369 Y209.724 E2831.55807
G1 X103.669 Y209.754 E2831.57813
G1 X104.001 Y209.822 E2831.60067
G1 X104.305 Y209.919 E2831.6219
G1 X104.613 Y210.053 E2831.64424
G1 X104.987 Y210.276 E2831.67321
G1 X105.295 Y210.516 E2831.69918
G0 F9000 X104.881 Y210.8
;TYPE:SKIN
G1 F1525.1 X104.156 Y210.4 E2831.71841
G1 X102.235 Y210.4 E2831.76302
G1 X101.115 Y211.2 E2831.79499
G1 X100.57 Y212.4 E2831.8256
G1 X100.63 Y213.6 E2831.85351
G1 X101.368 Y214.8 E2831.88622
G1 X101.927 Y215.2 E2831.90219
G1 X103.2 Y215.6 E2831.93318
G1 X104.466 Y215.2 E2831.96401
G1 X105.381 Y214.4 E2831.99224
G1 X105.85 Y213.2 E2832.02216
G1 X105.727 Y212 E2832.05018
G1 X105.281 Y211.2 E2832.07145
G1 F1500 E2831.07145
G0 F9000 X106.635 Y210.429
G0 X197.062 Y211.76
G0 X197.752 Y210.882
;TYPE:WALL-OUTER
G1 F1500 E2832.09806
G1 F1742.9 X197.469 Y210.769 E2832.11833
G1 X197.18 Y210.698 E2832.13813
G1 X196.878 Y210.666 E2832.15833
G1 X196.749 Y210.665 E2832.16691
G1 X196.343 Y210.712 E2832.1941
G1 X196.072 Y210.788 E2832.21282
G1 X195.8 Y210.905 E2832.23252
G1 X195.506 Y211.085 E2832.25545
G1 X195.262 Y211.291 E2832.27669
G1 X195.091 Y211.479 E2832.2936
G1 X194.928 Y211.709 E2832.31235
G1 X194.785 Y211.981 E2832.33279
G1 X194.684 Y212.26 E2832.35253
G1 X194.62 Y212.567 E2832.37339
G1 X194.6 Y212.838 E2832.39146
G1 X194.612 Y213.109 E2832.40951
G1 X194.667 Y213.409 E2832.4298
G1 X194.746 Y213.654 E2832.44692
G1 X194.882 Y213.943 E2832.46817
G1 X195.073 Y214.23 E2832.4911
G1 X195.326 Y214.5 E2832.51571
G1 X195.612 Y214.718 E2832.53963
G1 X195.847 Y214.848 E2832.5575
G1 X196.13 Y214.961 E2832.57777
G1 X196.419 Y215.032 E2832.59757
G1 X196.721 Y215.064 E2832.61777
G1 X197.082 Y215.048 E2832.64181
G1 X197.382 Y214.987 E2832.66217
G1 X197.67 Y214.886 E2832.68247
G1 X197.944 Y214.744 E2832.703
G1 X198.215 Y214.55 E2832.72517
G1 X198.434 Y214.337 E2832.74549
G1 X198.671 Y214.021 E2832.77177
G1 X198.814 Y213.749 E2832.79221
G1 X198.915 Y213.47 E2832.81195
G1 X198.979 Y213.163 E2832.83281
G1 X198.999 Y212.892 E2832.85088
G1 X198.987 Y212.621 E2832.86893
G1 X198.932 Y212.321 E2832.88922
G1 X198.853 Y212.076 E2832.90634
G1 X198.717 Y211.787 E2832.92759
G1 X198.526 Y211.5 E2832.95052
G1 X198.273 Y211.23 E2832.97513
G1 X197.987 Y211.012 E2832.99905
G1 X197.752 Y210.882 E2833.01692
G0 F9000 X198.212 Y210.053
G1 F1742.9 X198.586 Y210.276 E2833.04588
G1 X198.894 Y210.516 E2833.07186
G1 X199.155 Y210.78 E2833.09655
G1 X199.371 Y211.053 E2833.11971
G1 X199.566 Y211.366 E2833.14424
G1 X199.684 Y211.607 E2833.16209
G1 X199.795 Y211.904 E2833.18318
G1 X199.879 Y212.221 E2833.205
G1 X199.934 Y212.601 E2833.23054
G1 X199.946 Y212.857 E2833.24759
G1 X199.932 Y213.165 E2833.2681
G1 X199.878 Y213.512 E2833.29146
G1 X199.794 Y213.829 E2833.31327
G1 X199.669 Y214.154 E2833.33643
G1 X199.548 Y214.397 E2833.35449
G1 X199.353 Y214.703 E2833.37863
G1 X199.109 Y215.001 E2833.40425
G1 X198.926 Y215.183 E2833.42142
G1 X198.667 Y215.397 E2833.44377
G1 X198.425 Y215.559 E2833.46314
G1 X198.139 Y215.711 E2833.48468
G1 X197.817 Y215.842 E2833.50781
G1 X197.469 Y215.938 E2833.53182
G1 X197.152 Y215.992 E2833.55321
G1 X196.769 Y216.011 E2833.57872
G1 X196.508 Y215.997 E2833.59611
G1 X196.21 Y215.955 E2833.61613
G1 X195.897 Y215.88 E2833.63754
G1 X195.583 Y215.767 E2833.65973
G1 X195.252 Y215.604 E2833.68428
G1 X195.013 Y215.454 E2833.70305
G1 X194.705 Y215.214 E2833.72902
G1 X194.437 Y214.942 E2833.75442
G1 X194.228 Y214.677 E2833.77687
G1 X194.089 Y214.461 E2833.79396
G1 X193.952 Y214.203 E2833.81339
G1 X193.839 Y213.93 E2833.83305
G1 X193.762 Y213.685 E2833.85013
G1 X193.688 Y213.334 E2833.87399
G1 X193.658 Y213.04 E2833.89365
G1 X193.657 Y212.71 E2833.9156
G1 X193.69 Y212.381 E2833.9376
G1 X193.758 Y212.057 E2833.95962
G1 X193.851 Y211.767 E2833.97988
G1 X193.992 Y211.444 E2834.00332
G1 X194.152 Y211.165 E2834.02472
G1 X194.343 Y210.899 E2834.0465
G1 X194.641 Y210.575 E2834.07578
G1 X194.932 Y210.333 E2834.10096
G1 X195.17 Y210.173 E2834.12003
G1 X195.463 Y210.017 E2834.14212
G1 X195.779 Y209.889 E2834.16479
G1 X196.028 Y209.815 E2834.18207
G1 X196.347 Y209.751 E2834.20372
G1 X196.671 Y209.721 E2834.22536
G1 X196.968 Y209.724 E2834.24512
G1 X197.268 Y209.754 E2834.26517
G1 X197.6 Y209.822 E2834.28772
G1 X197.904 Y209.919 E2834.30894
G1 X198.212 Y210.053 E2834.33129
G0 F9000 X197.756 Y210.4
;TYPE:SKIN
G1 F1525.1 X198.481 Y210.8 E2834.35125
G1 X199.327 Y212 E2834.38664
G1 X199.45 Y213.2 E2834.41572
G1 X198.977 Y214.4 E2834.44682
G1 X198.075 Y215.2 E2834.47588
G1 X196.8 Y215.6 E2834.50809
G1 X195.531 Y215.2 E2834.54017
G1 X194.616 Y214.4 E2834.56947
G1 X194.15 Y213.2 E2834.6005
G1 X194.274 Y212 E2834.62958
G1 X195.111 Y210.8 E2834.66485
G0 F9000 X195.456 Y210.4
G1 F1525.1 X196.215 Y210.4 E2834.69009
G1 F1500 E2833.69009
;MESH:NONMESH
G0 F300 X196.215 Y210.4 Z2.6
G0 F9000 X195.996 Y208.732
G0 X197.742 Y92.218
G0 X198.435 Y91.379
;TIME_ELAPSED:5908.099595
;LAYER:12
;TYPE:WALL-OUTER
;MESH:Top of Case V2.STL
G1 F1500 E2834.7167
G1 F1635.3 X198.124 Y91.092 E2834.74485
G1 X197.888 Y90.938 E2834.7636
G1 X197.612 Y90.805 E2834.78398
G1 X197.332 Y90.715 E2834.80354
G1 X197.017 Y90.661 E2834.8248
G1 X196.748 Y90.65 E2834.84271
G1 X196.343 Y90.697 E2834.86983
G1 X196.082 Y90.77 E2834.88786
G1 X195.79 Y90.895 E2834.90899
G1 X195.528 Y91.054 E2834.92938
G1 X195.262 Y91.276 E2834.95242
G1 X195.081 Y91.475 E2834.97032
G1 X194.876 Y91.782 E2834.99487
G1 X194.732 Y92.096 E2835.01785
G1 X194.645 Y92.406 E2835.03927
G1 X194.605 Y92.697 E2835.05881
G1 X194.602 Y92.976 E2835.07737
G1 X194.633 Y93.234 E2835.09466
G1 X194.699 Y93.506 E2835.11327
G1 X194.805 Y93.781 E2835.13288
G1 X194.975 Y94.08 E2835.15576
G1 X195.164 Y94.321 E2835.17613
G1 X195.475 Y94.608 E2835.20428
G1 X195.71 Y94.762 E2835.22297
G1 X195.987 Y94.895 E2835.24341
G1 X196.267 Y94.985 E2835.26298
G1 X196.582 Y95.039 E2835.28424
G1 X196.851 Y95.05 E2835.30214
G1 X197.256 Y95.003 E2835.32927
G1 X197.517 Y94.93 E2835.34729
G1 X197.809 Y94.805 E2835.36842
G1 X198.072 Y94.645 E2835.3889
G1 X198.283 Y94.476 E2835.40688
G1 X198.518 Y94.225 E2835.42976
G1 X198.723 Y93.918 E2835.45431
G1 X198.867 Y93.604 E2835.47729
G1 X198.954 Y93.294 E2835.49871
G1 X198.994 Y93.003 E2835.51825
G1 X198.997 Y92.724 E2835.53681
G1 X198.966 Y92.466 E2835.55409
G1 X198.9 Y92.194 E2835.57271
G1 X198.794 Y91.919 E2835.59232
G1 X198.624 Y91.62 E2835.6152
G1 X198.435 Y91.379 E2835.63557
G0 F9000 X198.931 Y90.593
G1 F1635.3 X199.157 Y90.829 E2835.65731
G1 X199.334 Y91.056 E2835.67646
G1 X199.531 Y91.376 E2835.70145
G1 X199.645 Y91.608 E2835.71865
G1 X199.776 Y91.967 E2835.74407
G1 X199.854 Y92.29 E2835.76617
G1 X199.89 Y92.548 E2835.7835
G1 X199.905 Y92.871 E2835.80501
G1 X199.886 Y93.196 E2835.82667
G1 X199.831 Y93.522 E2835.84866
G1 X199.764 Y93.776 E2835.86613
G1 X199.666 Y94.044 E2835.88511
G1 X199.555 Y94.28 E2835.90246
G1 X199.382 Y94.573 E2835.9251
G1 X199.199 Y94.821 E2835.9456
G1 X198.978 Y95.062 E2835.96735
G1 X198.69 Y95.313 E2835.99276
G1 X198.375 Y95.525 E2836.01802
G1 X198.059 Y95.687 E2836.04164
G1 X197.686 Y95.825 E2836.0681
G1 X197.389 Y95.898 E2836.08844
G1 X197.097 Y95.94 E2836.10807
G1 X196.982 Y95.949 E2836.11574
G1 X196.657 Y95.952 E2836.13736
G1 X196.336 Y95.92 E2836.15882
G1 X196.021 Y95.856 E2836.1802
G1 X195.71 Y95.757 E2836.20191
G1 X195.41 Y95.626 E2836.22369
G1 X195.132 Y95.469 E2836.24492
G1 X194.874 Y95.286 E2836.26597
G1 X194.591 Y95.033 E2836.29122
G1 X194.305 Y94.699 E2836.32047
G1 X194.151 Y94.47 E2836.33882
G1 X194.014 Y94.222 E2836.35767
G1 X193.891 Y93.936 E2836.37838
G1 X193.777 Y93.56 E2836.40452
G1 X193.719 Y93.241 E2836.42608
G1 X193.697 Y92.981 E2836.44344
G1 X193.701 Y92.645 E2836.46579
G1 X193.739 Y92.323 E2836.48736
G1 X193.796 Y92.059 E2836.50533
G1 X193.91 Y91.714 E2836.5295
G1 X194.044 Y91.42 E2836.55099
G1 X194.217 Y91.127 E2836.57363
G1 X194.4 Y90.879 E2836.59413
G1 X194.62 Y90.64 E2836.61574
G1 X194.825 Y90.454 E2836.63415
G1 X195.081 Y90.264 E2836.65536
G1 X195.367 Y90.095 E2836.67745
G1 X195.676 Y89.956 E2836.69999
G1 X195.913 Y89.875 E2836.71665
G1 X196.21 Y89.802 E2836.737
G1 X196.502 Y89.76 E2836.75662
G1 X196.78 Y89.745 E2836.77514
G1 X197.099 Y89.759 E2836.79638
G1 X197.434 Y89.81 E2836.81892
G1 X197.732 Y89.888 E2836.83941
G1 X198.047 Y90.007 E2836.86181
G1 X198.323 Y90.145 E2836.88234
G1 X198.658 Y90.363 E2836.90893
G1 X198.931 Y90.593 E2836.93267
G0 F9000 X198.8 Y91.12
;TYPE:SKIN
G1 F1430.9 X199.2 Y91.759 E2836.94843
G1 X198 Y90.488 E2836.98498
G1 X196.8 Y90.198 E2837.01079
G1 X195.6 Y90.486 E2837.03659
G1 X194.8 Y91.115 E2837.05787
G1 X194.4 Y91.756 E2837.07366
G0 F9000 X194.4 Y92.038
G0 X194.4 Y93.659
G0 X194.4 Y93.942
G1 F1430.9 X194.8 Y94.58 E2837.09147
G1 X196 Y95.374 E2837.12549
G1 X197.2 Y95.466 E2837.15394
G1 X198.4 Y94.957 E2837.18476
G1 X199.2 Y93.939 E2837.21537
G1 F1500 E2836.21537
G0 F9000 X197.871 Y93.225
G0 X104.255 Y92.429
G0 X105.195 Y91.919
;TYPE:WALL-OUTER
G1 F1500 E2837.24198
G1 F1635.3 X105.025 Y91.62 E2837.26486
G1 X104.836 Y91.379 E2837.28523
G1 X104.525 Y91.092 E2837.31338
G1 X104.289 Y90.938 E2837.33213
G1 X104.013 Y90.805 E2837.35251
G1 X103.733 Y90.715 E2837.37207
G1 X103.418 Y90.661 E2837.39333
G1 X103.149 Y90.65 E2837.41124
G1 X102.744 Y90.697 E2837.43836
G1 X102.483 Y90.77 E2837.45639
G1 X102.191 Y90.895 E2837.47752
G1 X101.929 Y91.054 E2837.49791
G1 X101.663 Y91.276 E2837.52095
G1 X101.482 Y91.475 E2837.53885
G1 X101.277 Y91.782 E2837.5634
G1 X101.133 Y92.096 E2837.58638
G1 X101.046 Y92.406 E2837.6078
G1 X101.006 Y92.696 E2837.62728
G1 X101.008 Y93.039 E2837.65009
G1 X101.051 Y93.321 E2837.66907
G1 X101.138 Y93.614 E2837.6894
G1 X101.282 Y93.928 E2837.71238
G1 X101.467 Y94.205 E2837.73454
G1 X101.652 Y94.413 E2837.75305
G1 X101.876 Y94.608 E2837.77281
G1 X102.111 Y94.762 E2837.7915
G1 X102.388 Y94.895 E2837.81194
G1 X102.668 Y94.985 E2837.8315
G1 X102.983 Y95.039 E2837.85276
G1 X103.252 Y95.05 E2837.87067
G1 X103.657 Y95.003 E2837.89779
G1 X103.918 Y94.93 E2837.91582
G1 X104.21 Y94.805 E2837.93695
G1 X104.473 Y94.645 E2837.95743
G1 X104.684 Y94.476 E2837.97541
G1 X104.919 Y94.225 E2837.99828
G1 X105.124 Y93.918 E2838.02284
G1 X105.268 Y93.604 E2838.04582
G1 X105.355 Y93.294 E2838.06724
G1 X105.395 Y93.003 E2838.08678
G1 X105.398 Y92.724 E2838.10534
G1 X105.367 Y92.466 E2838.12262
G1 X105.301 Y92.194 E2838.14124
G1 X105.195 Y91.919 E2838.16084
G0 F9000 X106.167 Y91.934
G1 F1635.3 X106.266 Y92.355 E2838.18961
G1 X106.299 Y92.664 E2838.21029
G1 X106.303 Y92.956 E2838.22971
G1 X106.268 Y93.328 E2838.25457
G1 X106.208 Y93.624 E2838.27466
G1 X106.136 Y93.864 E2838.29132
G1 X106.005 Y94.183 E2838.31426
G1 X105.848 Y94.472 E2838.33614
G1 X105.661 Y94.745 E2838.35815
G1 X105.409 Y95.032 E2838.38356
G1 X105.192 Y95.232 E2838.40319
G1 X104.985 Y95.389 E2838.42047
G1 X104.679 Y95.58 E2838.44447
G1 X104.328 Y95.743 E2838.47021
G1 X104.06 Y95.833 E2838.48902
G1 X103.764 Y95.904 E2838.50927
G1 X103.414 Y95.947 E2838.53272
G1 X103.104 Y95.954 E2838.55335
G1 X102.78 Y95.926 E2838.57498
G1 X102.474 Y95.869 E2838.59569
G1 X102.168 Y95.778 E2838.61692
G1 X101.905 Y95.672 E2838.63579
G1 X101.626 Y95.526 E2838.65673
G1 X101.353 Y95.345 E2838.67852
G1 X101.104 Y95.141 E2838.69993
G1 X100.864 Y94.895 E2838.7228
G1 X100.633 Y94.596 E2838.74793
G1 X100.471 Y94.329 E2838.7687
G1 X100.341 Y94.057 E2838.78876
G1 X100.234 Y93.766 E2838.80938
G1 X100.135 Y93.345 E2838.83815
G1 X100.101 Y93.023 E2838.85969
G1 X100.098 Y92.744 E2838.87825
G1 X100.133 Y92.372 E2838.90311
G1 X100.193 Y92.076 E2838.9232
G1 X100.265 Y91.836 E2838.93986
G1 X100.396 Y91.517 E2838.9628
G1 X100.553 Y91.228 E2838.98468
G1 X100.741 Y90.954 E2839.00679
G1 X100.984 Y90.676 E2839.03135
G1 X101.24 Y90.443 E2839.05437
G1 X101.448 Y90.286 E2839.07171
G1 X101.722 Y90.12 E2839.09302
G1 X102.075 Y89.956 E2839.11891
G1 X102.341 Y89.867 E2839.13757
G1 X102.637 Y89.796 E2839.15782
G1 X102.987 Y89.753 E2839.18128
G1 X103.297 Y89.746 E2839.2019
G1 X103.621 Y89.774 E2839.22353
G1 X103.927 Y89.831 E2839.24424
G1 X104.233 Y89.922 E2839.26548
G1 X104.496 Y90.028 E2839.28434
G1 X104.775 Y90.174 E2839.30529
G1 X105.045 Y90.353 E2839.32683
G1 X105.297 Y90.559 E2839.34849
G1 X105.529 Y90.796 E2839.37055
G1 X105.768 Y91.104 E2839.39648
G1 X105.927 Y91.365 E2839.41681
G1 X106.058 Y91.639 E2839.43701
G1 X106.167 Y91.934 E2839.45793
G0 F9000 X105.599 Y91.755
;TYPE:SKIN
G1 F1430.9 X105.199 Y91.118 E2839.47575
G1 X103.999 Y90.324 E2839.50984
G1 X102.799 Y90.232 E2839.53835
G1 X101.599 Y90.74 E2839.56923
G1 X100.799 Y91.758 E2839.5999
G0 F9000 X100.799 Y92.041
G0 X100.799 Y93.649
G0 X100.799 Y93.936
G1 F1430.9 X101.199 Y94.582 E2839.61784
G1 X102.399 Y95.373 E2839.65178
G1 X103.599 Y95.466 E2839.6802
G1 X104.799 Y94.96 E2839.71095
G1 X105.599 Y93.942 E2839.74152
G1 F1500 E2838.74152
G0 F9000 X106.861 Y94.848
G0 X103.95 Y212.013
G0 X104.836 Y211.394
;TYPE:WALL-OUTER
G1 F1500 E2839.76813
G1 F1635.3 X104.525 Y211.107 E2839.79628
G1 X104.289 Y210.953 E2839.81503
G1 X104.013 Y210.82 E2839.83541
G1 X103.733 Y210.73 E2839.85497
G1 X103.418 Y210.676 E2839.87623
G1 X103.149 Y210.665 E2839.89414
G1 X102.744 Y210.712 E2839.92126
G1 X102.483 Y210.785 E2839.93929
G1 X102.191 Y210.91 E2839.96042
G1 X101.929 Y211.069 E2839.98081
G1 X101.663 Y211.291 E2840.00385
G1 X101.482 Y211.49 E2840.02175
G1 X101.277 Y211.797 E2840.0463
G1 X101.133 Y212.111 E2840.06928
G1 X101.046 Y212.421 E2840.0907
G1 X101.006 Y212.711 E2840.11017
G1 X101.008 Y213.054 E2840.13299
G1 X101.051 Y213.336 E2840.15197
G1 X101.138 Y213.629 E2840.1723
G1 X101.282 Y213.943 E2840.19528
G1 X101.467 Y214.22 E2840.21744
G1 X101.652 Y214.428 E2840.23595
G1 X101.876 Y214.623 E2840.25571
G1 X102.111 Y214.777 E2840.2744
G1 X102.388 Y214.91 E2840.29484
G1 X102.668 Y215 E2840.3144
G1 X102.983 Y215.054 E2840.33566
G1 X103.252 Y215.065 E2840.35357
G1 X103.657 Y215.018 E2840.38069
G1 X103.918 Y214.945 E2840.39872
G1 X104.21 Y214.82 E2840.41985
G1 X104.473 Y214.66 E2840.44033
G1 X104.684 Y214.491 E2840.45831
G1 X104.919 Y214.24 E2840.48118
G1 X105.124 Y213.933 E2840.50574
G1 X105.268 Y213.619 E2840.52872
G1 X105.355 Y213.309 E2840.55014
G1 X105.395 Y213.018 E2840.56967
G1 X105.398 Y212.739 E2840.58824
G1 X105.367 Y212.481 E2840.60552
G1 X105.301 Y212.209 E2840.62414
G1 X105.195 Y211.934 E2840.64374
G1 X105.025 Y211.635 E2840.66662
G1 X104.836 Y211.394 E2840.687
G0 F9000 X105.047 Y210.369
G1 F1635.3 X105.309 Y210.586 E2840.70963
G1 X105.558 Y210.844 E2840.73348
G1 X105.735 Y211.071 E2840.75263
G1 X105.932 Y211.391 E2840.77762
G1 X106.046 Y211.623 E2840.79482
G1 X106.179 Y211.988 E2840.82066
G1 X106.255 Y212.304 E2840.84228
G1 X106.291 Y212.563 E2840.85967
G1 X106.306 Y212.886 E2840.88118
G1 X106.287 Y213.211 E2840.90284
G1 X106.232 Y213.537 E2840.92483
G1 X106.165 Y213.791 E2840.94231
G1 X106.067 Y214.059 E2840.96129
G1 X105.956 Y214.295 E2840.97864
G1 X105.783 Y214.588 E2841.00127
G1 X105.6 Y214.836 E2841.02177
G1 X105.379 Y215.077 E2841.04352
G1 X105.091 Y215.328 E2841.06894
G1 X104.776 Y215.54 E2841.09419
G1 X104.46 Y215.702 E2841.11782
G1 X104.087 Y215.84 E2841.14427
G1 X103.79 Y215.913 E2841.16462
G1 X103.498 Y215.955 E2841.18424
G1 X103.383 Y215.964 E2841.19191
G1 X103.058 Y215.967 E2841.21353
G1 X102.737 Y215.935 E2841.23499
G1 X102.422 Y215.871 E2841.25637
G1 X102.111 Y215.772 E2841.27808
G1 X101.811 Y215.641 E2841.29986
G1 X101.533 Y215.484 E2841.3211
G1 X101.275 Y215.301 E2841.34214
G1 X100.992 Y215.048 E2841.36739
G1 X100.706 Y214.714 E2841.39664
G1 X100.552 Y214.485 E2841.415
G1 X100.415 Y214.237 E2841.43384
G1 X100.292 Y213.951 E2841.45455
G1 X100.178 Y213.575 E2841.48069
G1 X100.12 Y213.256 E2841.50226
G1 X100.098 Y212.996 E2841.51962
G1 X100.102 Y212.66 E2841.54197
G1 X100.14 Y212.338 E2841.56354
G1 X100.198 Y212.072 E2841.58165
G1 X100.311 Y211.729 E2841.60567
G1 X100.445 Y211.435 E2841.62716
G1 X100.618 Y211.142 E2841.6498
G1 X100.801 Y210.894 E2841.6703
G1 X101.022 Y210.653 E2841.69205
G1 X101.31 Y210.402 E2841.71746
G1 X101.63 Y210.187 E2841.74311
G1 X101.941 Y210.028 E2841.76634
G1 X102.314 Y209.89 E2841.7928
G1 X102.611 Y209.817 E2841.81314
G1 X102.903 Y209.775 E2841.83277
G1 X103.181 Y209.76 E2841.85128
G1 X103.5 Y209.774 E2841.87253
G1 X103.835 Y209.825 E2841.89507
G1 X104.133 Y209.903 E2841.91556
G1 X104.448 Y210.022 E2841.93796
G1 X104.724 Y210.16 E2841.95848
G1 X105.047 Y210.369 E2841.98407
G0 F9000 X104.799 Y210.756
;TYPE:SKIN
G1 F1430.9 X105.199 Y211.135 E2842.00156
G1 X105.599 Y211.772 E2842.02543
G0 F9000 X105.599 Y212.055
G0 X105.599 Y213.676
G0 X105.599 Y213.958
G1 F1430.9 X105.199 Y214.599 E2842.04325
G1 X103.999 Y215.392 E2842.07718
G1 X102.799 Y215.483 E2842.10557
G1 X101.599 Y214.974 E2842.13632
G1 X100.799 Y213.952 E2842.16694
G0 F9000 X100.799 Y213.665
G0 X100.799 Y212.057
G0 X100.799 Y211.774
G1 F1430.9 X101.199 Y211.132 E2842.18505
G1 X102.399 Y210.337 E2842.21952
G1 X103.599 Y210.247 E2842.24833
G1 X104.399 Y210.504 E2842.26845
G1 F1500 E2841.26845
G0 F9000 X105.682 Y209.515
G0 X197.144 Y211.784
G0 X197.888 Y210.953
;TYPE:WALL-OUTER
G1 F1500 E2842.29506
G1 F1635.3 X197.612 Y210.82 E2842.31544
G1 X197.332 Y210.73 E2842.335
G1 X197.017 Y210.676 E2842.35626
G1 X196.748 Y210.665 E2842.37417
G1 X196.343 Y210.712 E2842.40129
G1 X196.082 Y210.785 E2842.41932
G1 X195.79 Y210.91 E2842.44045
G1 X195.528 Y211.069 E2842.46084
G1 X195.262 Y211.291 E2842.48388
G1 X195.081 Y211.49 E2842.50178
G1 X194.876 Y211.797 E2842.52633
G1 X194.732 Y212.111 E2842.54931
G1 X194.645 Y212.421 E2842.57073
G1 X194.605 Y212.712 E2842.59027
G1 X194.602 Y212.991 E2842.60883
G1 X194.633 Y213.249 E2842.62612
G1 X194.699 Y213.521 E2842.64473
G1 X194.805 Y213.796 E2842.66434
G1 X194.975 Y214.095 E2842.68722
G1 X195.164 Y214.336 E2842.70759
G1 X195.475 Y214.623 E2842.73574
G1 X195.71 Y214.777 E2842.75443
G1 X195.987 Y214.91 E2842.77487
G1 X196.267 Y215 E2842.79444
G1 X196.582 Y215.054 E2842.8157
G1 X196.851 Y215.065 E2842.83361
G1 X197.256 Y215.018 E2842.86073
G1 X197.517 Y214.945 E2842.87875
G1 X197.809 Y214.82 E2842.89988
G1 X198.072 Y214.66 E2842.92036
G1 X198.283 Y214.491 E2842.93834
G1 X198.518 Y214.24 E2842.96122
G1 X198.723 Y213.933 E2842.98577
G1 X198.867 Y213.619 E2843.00875
G1 X198.954 Y213.309 E2843.03017
G1 X198.994 Y213.018 E2843.04971
G1 X198.997 Y212.739 E2843.06827
G1 X198.966 Y212.481 E2843.08556
G1 X198.9 Y212.209 E2843.10417
G1 X198.794 Y211.934 E2843.12378
G1 X198.624 Y211.635 E2843.14666
G1 X198.435 Y211.394 E2843.16703
G1 X198.124 Y211.107 E2843.19518
G1 X197.888 Y210.953 E2843.21393
G0 F9000 X198.323 Y210.16
G1 F1635.3 X198.646 Y210.369 E2843.23952
G1 X198.908 Y210.586 E2843.26215
G1 X199.157 Y210.844 E2843.286
G1 X199.334 Y211.071 E2843.30515
G1 X199.531 Y211.391 E2843.33015
G1 X199.645 Y211.623 E2843.34734
G1 X199.778 Y211.988 E2843.37318
G1 X199.854 Y212.304 E2843.3948
G1 X199.89 Y212.563 E2843.4122
G1 X199.905 Y212.886 E2843.43371
G1 X199.886 Y213.211 E2843.45536
G1 X199.831 Y213.537 E2843.47735
G1 X199.764 Y213.791 E2843.49483
G1 X199.666 Y214.059 E2843.51381
G1 X199.555 Y214.295 E2843.53116
G1 X199.382 Y214.588 E2843.55379
G1 X199.199 Y214.836 E2843.57429
G1 X198.978 Y215.077 E2843.59605
G1 X198.69 Y215.328 E2843.62146
G1 X198.375 Y215.54 E2843.64672
G1 X198.059 Y215.702 E2843.67034
G1 X197.686 Y215.84 E2843.69679
G1 X197.389 Y215.913 E2843.71714
G1 X197.097 Y215.955 E2843.73676
G1 X196.982 Y215.964 E2843.74444
G1 X196.657 Y215.967 E2843.76606
G1 X196.336 Y215.935 E2843.78751
G1 X196.021 Y215.871 E2843.8089
G1 X195.71 Y215.772 E2843.83061
G1 X195.41 Y215.641 E2843.85238
G1 X195.132 Y215.484 E2843.87362
G1 X194.874 Y215.301 E2843.89466
G1 X194.591 Y215.048 E2843.91991
G1 X194.305 Y214.714 E2843.94916
G1 X194.151 Y214.485 E2843.96752
G1 X194.014 Y214.237 E2843.98637
G1 X193.891 Y213.951 E2844.00708
G1 X193.777 Y213.575 E2844.03321
G1 X193.719 Y213.256 E2844.05478
G1 X193.697 Y212.996 E2844.07214
G1 X193.701 Y212.66 E2844.09449
G1 X193.739 Y212.338 E2844.11606
G1 X193.797 Y212.072 E2844.13417
G1 X193.91 Y211.729 E2844.15819
G1 X194.044 Y211.435 E2844.17968
G1 X194.217 Y211.142 E2844.20232
G1 X194.4 Y210.894 E2844.22282
G1 X194.621 Y210.653 E2844.24457
G1 X194.909 Y210.402 E2844.26998
G1 X195.229 Y210.187 E2844.29563
G1 X195.54 Y210.028 E2844.31886
G1 X195.913 Y209.89 E2844.34532
G1 X196.21 Y209.817 E2844.36566
G1 X196.502 Y209.775 E2844.38529
G1 X196.78 Y209.76 E2844.40381
G1 X197.099 Y209.774 E2844.42505
G1 X197.434 Y209.825 E2844.44759
G1 X197.732 Y209.903 E2844.46808
G1 X198.047 Y210.022 E2844.49048
G1 X198.323 Y210.16 E2844.51101
G0 F9000 X197.999 Y210.503
;TYPE:SKIN
G1 F1430.9 X198.399 Y210.755 E2844.52436
G1 X199.199 Y211.774 E2844.56096
G0 F9000 X199.199 Y212.057
G0 X199.199 Y213.672
G0 X199.199 Y213.954
G1 F1430.9 X198.799 Y214.597 E2844.57884
G1 X197.599 Y215.391 E2844.61283
G1 X196.399 Y215.482 E2844.64126
G1 X195.199 Y214.972 E2844.67206
G1 X194.399 Y213.957 E2844.70259
G0 F9000 X194.399 Y213.674
G0 X194.399 Y212.053
G0 X194.399 Y211.771
G1 F1430.9 X194.799 Y211.13 E2844.72134
G1 X195.999 Y210.336 E2844.75706
G1 X197.199 Y210.246 E2844.78692
G0 F9000 X197.599 Y210.463
G1 F1430.9 X197.599 Y210.215 E2844.79517
G1 F1500 E2843.79517
;MESH:NONMESH
G0 F300 X197.599 Y210.215 Z2.8
G0 F9000 X197.851 Y208.83
G0 X197.738 Y92.21
G0 X198.434 Y91.378
;TIME_ELAPSED:5921.772063
;LAYER:13
;TYPE:WALL-OUTER
;MESH:Top of Case V2.STL
G1 F1500 E2844.82178
G1 F1760.9 X198.214 Y91.164 E2844.8422
G1 X197.985 Y90.996 E2844.86109
G1 X197.75 Y90.866 E2844.87895
G1 X197.48 Y90.758 E2844.8983
G1 X197.167 Y90.68 E2844.91976
G1 X196.914 Y90.652 E2844.93669
G1 X196.748 Y90.65 E2844.94773
G1 X196.48 Y90.673 E2844.96562
G1 X196.18 Y90.739 E2844.98606
G1 X195.939 Y90.825 E2845.00308
G1 X195.652 Y90.972 E2845.02453
G1 X195.442 Y91.119 E2845.04158
G1 X195.19 Y91.349 E2845.06428
G1 X195.01 Y91.57 E2845.08324
G1 X194.851 Y91.829 E2845.10345
G1 X194.727 Y92.11 E2845.12388
G1 X194.645 Y92.406 E2845.14432
G1 X194.606 Y92.673 E2845.16226
G1 X194.602 Y92.963 E2845.18156
G1 X194.635 Y93.246 E2845.20051
G1 X194.696 Y93.495 E2845.21756
G1 X194.812 Y93.793 E2845.23884
G1 X194.975 Y94.081 E2845.26085
G1 X195.165 Y94.322 E2845.28126
G1 X195.385 Y94.536 E2845.30168
G1 X195.614 Y94.704 E2845.32057
G1 X195.849 Y94.834 E2845.33844
G1 X196.119 Y94.942 E2845.35778
G1 X196.432 Y95.02 E2845.37924
G1 X196.685 Y95.048 E2845.39617
G1 X196.991 Y95.042 E2845.41653
G1 X197.271 Y95 E2845.43536
G1 X197.531 Y94.925 E2845.45336
G1 X197.81 Y94.805 E2845.47357
G1 X198.092 Y94.63 E2845.49564
G1 X198.338 Y94.423 E2845.51703
G1 X198.541 Y94.194 E2845.53739
G1 X198.724 Y93.918 E2845.55942
G1 X198.872 Y93.591 E2845.58329
G1 X198.954 Y93.294 E2845.60379
G1 X198.993 Y93.027 E2845.62174
G1 X198.997 Y92.737 E2845.64103
G1 X198.964 Y92.454 E2845.65998
G1 X198.903 Y92.205 E2845.67704
G1 X198.787 Y91.907 E2845.69831
G1 X198.624 Y91.619 E2845.72032
G1 X198.434 Y91.378 E2845.74074
G0 F9000 X199.279 Y90.989
G1 F1760.9 X199.45 Y91.241 E2845.76099
G1 X199.614 Y91.55 E2845.78426
G1 X199.729 Y91.836 E2845.80477
G1 X199.805 Y92.088 E2845.82228
G1 X199.859 Y92.354 E2845.84033
G1 X199.896 Y92.7 E2845.86348
G1 X199.898 Y92.962 E2845.88091
G1 X199.87 Y93.275 E2845.90181
G1 X199.806 Y93.608 E2845.92437
G1 X199.734 Y93.85 E2845.94117
G1 X199.614 Y94.15 E2845.96266
G1 X199.488 Y94.394 E2845.98093
G1 X199.336 Y94.634 E2845.99982
G1 X199.17 Y94.848 E2846.01784
G1 X198.996 Y95.037 E2846.03493
G1 X198.79 Y95.225 E2846.05348
G1 X198.494 Y95.446 E2846.07805
G1 X198.26 Y95.584 E2846.09612
G1 X198.001 Y95.708 E2846.11523
G1 X197.6 Y95.845 E2846.14341
G1 X197.291 Y95.911 E2846.16443
G1 X197.062 Y95.939 E2846.17978
G1 X196.689 Y95.949 E2846.2046
G1 X196.358 Y95.919 E2846.22671
G1 X196.11 Y95.873 E2846.24349
G1 X195.831 Y95.795 E2846.26276
G1 X195.444 Y95.638 E2846.29054
G1 X195.103 Y95.444 E2846.31664
G1 X194.852 Y95.262 E2846.33726
G1 X194.653 Y95.087 E2846.35489
G1 X194.455 Y94.878 E2846.37404
G1 X194.231 Y94.587 E2846.39847
G1 X194.059 Y94.299 E2846.42078
G1 X193.925 Y94.011 E2846.44191
G1 X193.832 Y93.748 E2846.46047
G1 X193.755 Y93.433 E2846.48204
G1 X193.716 Y93.164 E2846.50012
G1 X193.699 Y92.802 E2846.52423
G1 X193.722 Y92.471 E2846.5463
G1 X193.766 Y92.211 E2846.56384
G1 X193.832 Y91.952 E2846.58162
G1 X193.925 Y91.689 E2846.60018
G1 X194.067 Y91.386 E2846.62244
G1 X194.266 Y91.062 E2846.64773
G1 X194.429 Y90.852 E2846.66541
G1 X194.603 Y90.663 E2846.6825
G1 X194.815 Y90.469 E2846.70162
G1 X195.103 Y90.255 E2846.72548
G1 X195.386 Y90.091 E2846.74724
G1 X195.643 Y89.974 E2846.76603
G1 X195.883 Y89.888 E2846.78298
G1 X196.158 Y89.817 E2846.80188
G1 X196.416 Y89.774 E2846.81928
G1 X196.685 Y89.752 E2846.83723
G1 X197.061 Y89.761 E2846.86225
G1 X197.391 Y89.806 E2846.8844
G1 X197.768 Y89.905 E2846.91033
G1 X198.155 Y90.062 E2846.93811
G1 X198.394 Y90.192 E2846.95621
G1 X198.612 Y90.335 E2846.97355
G1 X198.879 Y90.551 E2846.9964
G1 X199.073 Y90.743 E2847.01456
G1 X199.279 Y90.989 E2847.0359
G0 F9000 X198.869 Y91.2
;TYPE:SKIN
G1 F1540.8 X198.47 Y90.8 E2847.04624
G1 X197.753 Y90.4 E2847.06127
G1 X195.836 Y90.4 E2847.09636
G1 X194.731 Y91.2 E2847.12133
G1 X194.19 Y92.4 E2847.14543
G1 X194.259 Y93.6 E2847.16743
G1 X195.011 Y94.8 E2847.19336
G1 X195.608 Y95.2 E2847.20651
G1 X196.812 Y95.6 E2847.22973
G1 X197.995 Y95.2 E2847.25259
G1 X198.946 Y94.4 E2847.27534
G1 X199.423 Y93.2 E2847.29898
G1 X199.306 Y92 E2847.32105
G1 X199.13 Y91.6 E2847.32905
G1 F1500 E2846.32905
G0 F9000 X197.738 Y92.211
G0 X104.285 Y92.517
G0 X105.25 Y92.049
;TYPE:WALL-OUTER
G1 F1500 E2847.35566
G1 F1760.9 X105.118 Y91.77 E2847.37619
G1 X104.926 Y91.485 E2847.39905
G1 X104.73 Y91.268 E2847.4185
G1 X104.495 Y91.071 E2847.4389
G1 X104.267 Y90.926 E2847.45687
G1 X104.012 Y90.805 E2847.47565
G1 X103.733 Y90.715 E2847.49515
G1 X103.419 Y90.661 E2847.51634
G1 X103.149 Y90.65 E2847.53432
G1 X102.881 Y90.673 E2847.55221
G1 X102.581 Y90.739 E2847.57264
G1 X102.34 Y90.825 E2847.58967
G1 X102.053 Y90.972 E2847.61112
G1 X101.843 Y91.119 E2847.62817
G1 X101.591 Y91.349 E2847.65086
G1 X101.411 Y91.57 E2847.66982
G1 X101.252 Y91.829 E2847.69004
G1 X101.128 Y92.11 E2847.71047
G1 X101.046 Y92.406 E2847.7309
G1 X101.007 Y92.674 E2847.74892
G1 X101.009 Y93.054 E2847.7742
G1 X101.051 Y93.321 E2847.79217
G1 X101.151 Y93.651 E2847.81511
G1 X101.283 Y93.93 E2847.83564
G1 X101.475 Y94.215 E2847.8585
G1 X101.671 Y94.432 E2847.87795
G1 X101.906 Y94.629 E2847.89835
G1 X102.134 Y94.774 E2847.91633
G1 X102.389 Y94.895 E2847.9351
G1 X102.668 Y94.985 E2847.9546
G1 X102.982 Y95.039 E2847.9758
G1 X103.252 Y95.05 E2847.99377
G1 X103.52 Y95.027 E2848.01166
G1 X103.82 Y94.961 E2848.0321
G1 X104.061 Y94.875 E2848.04912
G1 X104.348 Y94.728 E2848.07057
G1 X104.616 Y94.535 E2848.09254
G1 X104.845 Y94.312 E2848.1138
G1 X105.026 Y94.079 E2848.13343
G1 X105.201 Y93.766 E2848.15728
G1 X105.32 Y93.442 E2848.18024
G1 X105.379 Y93.159 E2848.19947
G1 X105.4 Y92.874 E2848.21848
G1 X105.388 Y92.606 E2848.23633
G1 X105.336 Y92.32 E2848.25566
G1 X105.25 Y92.049 E2848.27458
G0 F9000 X106.015 Y91.55
G1 F1760.9 X106.13 Y91.836 E2848.29508
G1 X106.206 Y92.088 E2848.31259
G1 X106.26 Y92.354 E2848.33065
G1 X106.297 Y92.7 E2848.35379
G1 X106.299 Y92.962 E2848.37122
G1 X106.271 Y93.275 E2848.39213
G1 X106.207 Y93.608 E2848.41468
G1 X106.135 Y93.85 E2848.43148
G1 X106.015 Y94.15 E2848.45297
G1 X105.889 Y94.394 E2848.47124
G1 X105.737 Y94.634 E2848.49014
G1 X105.571 Y94.848 E2848.50815
G1 X105.397 Y95.037 E2848.52524
G1 X105.191 Y95.225 E2848.54379
G1 X104.895 Y95.446 E2848.56837
G1 X104.661 Y95.584 E2848.58644
G1 X104.402 Y95.708 E2848.60554
G1 X104.001 Y95.845 E2848.63373
G1 X103.692 Y95.911 E2848.65475
G1 X103.463 Y95.939 E2848.67009
G1 X103.09 Y95.949 E2848.69491
G1 X102.759 Y95.919 E2848.71702
G1 X102.511 Y95.873 E2848.7338
G1 X102.232 Y95.795 E2848.75307
G1 X101.845 Y95.638 E2848.78085
G1 X101.504 Y95.444 E2848.80695
G1 X101.253 Y95.262 E2848.82757
G1 X101.054 Y95.087 E2848.8452
G1 X100.856 Y94.878 E2848.86435
G1 X100.632 Y94.587 E2848.88878
G1 X100.46 Y94.299 E2848.91109
G1 X100.326 Y94.011 E2848.93222
G1 X100.233 Y93.748 E2848.95078
G1 X100.156 Y93.433 E2848.97235
G1 X100.117 Y93.164 E2848.99043
G1 X100.1 Y92.802 E2849.01454
G1 X100.123 Y92.471 E2849.03661
G1 X100.167 Y92.211 E2849.05415
G1 X100.233 Y91.952 E2849.07193
G1 X100.326 Y91.689 E2849.09049
G1 X100.468 Y91.386 E2849.11275
G1 X100.667 Y91.062 E2849.13804
G1 X100.83 Y90.852 E2849.15572
G1 X101.004 Y90.663 E2849.17281
G1 X101.216 Y90.469 E2849.19193
G1 X101.504 Y90.255 E2849.2158
G1 X101.787 Y90.091 E2849.23755
G1 X102.044 Y89.974 E2849.25634
G1 X102.284 Y89.888 E2849.2733
G1 X102.559 Y89.817 E2849.29219
G1 X102.817 Y89.774 E2849.30959
G1 X103.086 Y89.752 E2849.32754
G1 X103.462 Y89.761 E2849.35256
G1 X103.792 Y89.806 E2849.37472
G1 X104.169 Y89.905 E2849.40064
G1 X104.556 Y90.062 E2849.42843
G1 X104.795 Y90.192 E2849.44652
G1 X105.013 Y90.335 E2849.46387
G1 X105.28 Y90.551 E2849.48671
G1 X105.474 Y90.743 E2849.50487
G1 X105.68 Y90.989 E2849.52621
G1 X105.851 Y91.241 E2849.54647
G1 X106.015 Y91.55 E2849.56974
G0 F9000 X105.534 Y91.6
;TYPE:SKIN
G1 F1540.8 X105.269 Y91.2 E2849.57845
G1 X104.161 Y90.4 E2849.60325
G1 X102.241 Y90.4 E2849.6381
G1 X101.132 Y91.2 E2849.66292
G1 X100.591 Y92.4 E2849.68681
G1 X100.664 Y93.6 E2849.70863
G1 X101.415 Y94.8 E2849.73432
G1 X102.001 Y95.2 E2849.74719
G1 X103.212 Y95.6 E2849.77034
G1 X104.402 Y95.2 E2849.79313
G1 X105.344 Y94.4 E2849.81556
G1 X105.826 Y93.2 E2849.83903
G1 X105.708 Y92 E2849.86091
G1 F1500 E2848.86091
G0 F9000 X107.314 Y92.201
G0 X107.35 Y93.212
G0 X107.275 Y93.508
G0 X103.858 Y211.939
G0 X104.73 Y211.283
;TYPE:WALL-OUTER
G1 F1500 E2849.88752
G1 F1760.9 X104.495 Y211.086 E2849.90792
G1 X104.267 Y210.941 E2849.92589
G1 X104.012 Y210.82 E2849.94467
G1 X103.733 Y210.73 E2849.96417
G1 X103.419 Y210.676 E2849.98536
G1 X103.149 Y210.665 E2850.00334
G1 X102.881 Y210.688 E2850.02123
G1 X102.581 Y210.754 E2850.04166
G1 X102.34 Y210.84 E2850.05868
G1 X102.053 Y210.987 E2850.08013
G1 X101.843 Y211.134 E2850.09719
G1 X101.591 Y211.364 E2850.11988
G1 X101.411 Y211.585 E2850.13884
G1 X101.252 Y211.844 E2850.15906
G1 X101.128 Y212.125 E2850.17949
G1 X101.046 Y212.421 E2850.19992
G1 X101.007 Y212.689 E2850.21794
G1 X101.009 Y213.069 E2850.24321
G1 X101.051 Y213.336 E2850.26119
G1 X101.151 Y213.666 E2850.28413
G1 X101.283 Y213.945 E2850.30466
G1 X101.475 Y214.23 E2850.32752
G1 X101.671 Y214.447 E2850.34697
G1 X101.906 Y214.644 E2850.36737
G1 X102.134 Y214.789 E2850.38535
G1 X102.389 Y214.91 E2850.40412
G1 X102.668 Y215 E2850.42362
G1 X102.982 Y215.054 E2850.44482
G1 X103.252 Y215.065 E2850.46279
G1 X103.52 Y215.042 E2850.48068
G1 X103.82 Y214.976 E2850.50112
G1 X104.061 Y214.89 E2850.51814
G1 X104.348 Y214.743 E2850.53959
G1 X104.616 Y214.55 E2850.56156
G1 X104.845 Y214.327 E2850.58282
G1 X105.026 Y214.094 E2850.60245
G1 X105.201 Y213.781 E2850.6263
G1 X105.32 Y213.457 E2850.64926
G1 X105.379 Y213.174 E2850.66849
G1 X105.4 Y212.889 E2850.6875
G1 X105.388 Y212.621 E2850.70535
G1 X105.336 Y212.335 E2850.72468
G1 X105.25 Y212.064 E2850.7436
G1 X105.118 Y211.785 E2850.76413
G1 X104.926 Y211.5 E2850.78699
G1 X104.73 Y211.283 E2850.80644
G0 F9000 X105.28 Y210.566
G1 F1760.9 X105.474 Y210.758 E2850.82459
G1 X105.68 Y211.004 E2850.84594
G1 X105.851 Y211.256 E2850.8662
G1 X106.015 Y211.565 E2850.88947
G1 X106.13 Y211.851 E2850.90997
G1 X106.206 Y212.103 E2850.92748
G1 X106.26 Y212.369 E2850.94554
G1 X106.297 Y212.715 E2850.96868
G1 X106.299 Y212.977 E2850.98611
G1 X106.271 Y213.29 E2851.00702
G1 X106.207 Y213.623 E2851.02957
G1 X106.135 Y213.865 E2851.04637
G1 X106.015 Y214.165 E2851.06786
G1 X105.889 Y214.409 E2851.08613
G1 X105.737 Y214.649 E2851.10503
G1 X105.571 Y214.863 E2851.12304
G1 X105.397 Y215.052 E2851.14013
G1 X105.191 Y215.24 E2851.15868
G1 X104.895 Y215.461 E2851.18326
G1 X104.661 Y215.599 E2851.20133
G1 X104.402 Y215.723 E2851.22043
G1 X104.001 Y215.86 E2851.24862
G1 X103.692 Y215.926 E2851.26963
G1 X103.463 Y215.954 E2851.28498
G1 X103.09 Y215.964 E2851.3098
G1 X102.759 Y215.934 E2851.33191
G1 X102.511 Y215.888 E2851.34869
G1 X102.232 Y215.81 E2851.36796
G1 X101.845 Y215.653 E2851.39574
G1 X101.504 Y215.459 E2851.42184
G1 X101.253 Y215.277 E2851.44246
G1 X101.054 Y215.102 E2851.46009
G1 X100.856 Y214.893 E2851.47924
G1 X100.632 Y214.602 E2851.50367
G1 X100.46 Y214.314 E2851.52598
G1 X100.326 Y214.026 E2851.54711
G1 X100.233 Y213.763 E2851.56567
G1 X100.156 Y213.448 E2851.58724
G1 X100.117 Y213.179 E2851.60532
G1 X100.1 Y212.817 E2851.62943
G1 X100.123 Y212.486 E2851.6515
G1 X100.167 Y212.226 E2851.66904
G1 X100.233 Y211.967 E2851.68682
G1 X100.326 Y211.704 E2851.70538
G1 X100.468 Y211.401 E2851.72764
G1 X100.667 Y211.077 E2851.75293
G1 X100.83 Y210.867 E2851.77061
G1 X101.004 Y210.678 E2851.7877
G1 X101.216 Y210.484 E2851.80682
G1 X101.504 Y210.27 E2851.83069
G1 X101.787 Y210.106 E2851.85244
G1 X102.044 Y209.989 E2851.87123
G1 X102.284 Y209.903 E2851.88819
G1 X102.559 Y209.832 E2851.90708
G1 X102.817 Y209.789 E2851.92448
G1 X103.086 Y209.767 E2851.94243
G1 X103.462 Y209.776 E2851.96745
G1 X103.792 Y209.821 E2851.98961
G1 X104.169 Y209.92 E2852.01553
G1 X104.556 Y210.077 E2852.04332
G1 X104.795 Y210.207 E2852.06141
G1 X105.013 Y210.35 E2852.07876
G1 X105.28 Y210.566 E2852.1016
G0 F9000 X104.852 Y210.8
;TYPE:SKIN
G1 F1540.8 X104.116 Y210.4 E2852.11763
G1 X102.289 Y210.4 E2852.15258
G1 X101.143 Y211.2 E2852.17931
G1 X100.593 Y212.4 E2852.20457
G1 X100.658 Y213.6 E2852.22756
G1 X101.398 Y214.8 E2852.25453
G1 X101.971 Y215.2 E2852.26789
G1 X103.198 Y215.6 E2852.29258
G1 X104.434 Y215.2 E2852.31744
G1 X105.354 Y214.4 E2852.34076
G1 X105.827 Y213.2 E2852.36543
G1 X105.702 Y212 E2852.38851
G1 X105.255 Y211.2 E2852.40605
G1 F1500 E2851.40605
G0 F9000 X106.651 Y210.533
G0 X197.082 Y211.765
G0 X197.75 Y210.881
;TYPE:WALL-OUTER
G1 F1500 E2852.43265
G1 F1760.9 X197.48 Y210.773 E2852.452
G1 X197.167 Y210.695 E2852.47346
G1 X196.914 Y210.667 E2852.49039
G1 X196.748 Y210.665 E2852.50143
G1 X196.48 Y210.688 E2852.51932
G1 X196.18 Y210.754 E2852.53976
G1 X195.939 Y210.84 E2852.55678
G1 X195.652 Y210.987 E2852.57823
G1 X195.442 Y211.134 E2852.59528
G1 X195.19 Y211.364 E2852.61798
G1 X195.01 Y211.585 E2852.63694
G1 X194.851 Y211.844 E2852.65715
G1 X194.727 Y212.125 E2852.67758
G1 X194.645 Y212.421 E2852.69801
G1 X194.606 Y212.688 E2852.71596
G1 X194.602 Y212.978 E2852.73526
G1 X194.635 Y213.261 E2852.75421
G1 X194.696 Y213.51 E2852.77126
G1 X194.812 Y213.808 E2852.79253
G1 X194.975 Y214.096 E2852.81455
G1 X195.165 Y214.337 E2852.83496
G1 X195.385 Y214.551 E2852.85538
G1 X195.614 Y214.719 E2852.87427
G1 X195.849 Y214.849 E2852.89214
G1 X196.119 Y214.957 E2852.91148
G1 X196.432 Y215.035 E2852.93294
G1 X196.685 Y215.063 E2852.94987
G1 X196.991 Y215.057 E2852.97023
G1 X197.271 Y215.015 E2852.98906
G1 X197.531 Y214.94 E2853.00706
G1 X197.81 Y214.82 E2853.02727
G1 X198.092 Y214.645 E2853.04934
G1 X198.338 Y214.438 E2853.07073
G1 X198.541 Y214.209 E2853.09109
G1 X198.724 Y213.933 E2853.11312
G1 X198.872 Y213.606 E2853.13699
G1 X198.954 Y213.309 E2853.15749
G1 X198.993 Y213.042 E2853.17544
G1 X198.997 Y212.752 E2853.19473
G1 X198.964 Y212.469 E2853.21368
G1 X198.903 Y212.22 E2853.23074
G1 X198.787 Y211.922 E2853.25201
G1 X198.624 Y211.634 E2853.27402
G1 X198.434 Y211.393 E2853.29444
G1 X198.214 Y211.179 E2853.31485
G1 X197.985 Y211.011 E2853.33374
G1 X197.75 Y210.881 E2853.35161
G0 F9000 X197.768 Y209.92
G1 F1760.9 X198.155 Y210.077 E2853.37939
G1 X198.394 Y210.207 E2853.39749
G1 X198.612 Y210.35 E2853.41483
G1 X198.879 Y210.566 E2853.43768
G1 X199.073 Y210.758 E2853.45583
G1 X199.279 Y211.004 E2853.47718
G1 X199.45 Y211.256 E2853.49744
G1 X199.614 Y211.565 E2853.52071
G1 X199.729 Y211.851 E2853.54121
G1 X199.805 Y212.103 E2853.55872
G1 X199.859 Y212.369 E2853.57677
G1 X199.896 Y212.715 E2853.59992
G1 X199.898 Y212.977 E2853.61735
G1 X199.87 Y213.29 E2853.63825
G1 X199.806 Y213.623 E2853.66081
G1 X199.734 Y213.865 E2853.67761
G1 X199.614 Y214.165 E2853.6991
G1 X199.488 Y214.409 E2853.71737
G1 X199.336 Y214.649 E2853.73626
G1 X199.17 Y214.863 E2853.75428
G1 X198.996 Y215.052 E2853.77137
G1 X198.79 Y215.24 E2853.78992
G1 X198.494 Y215.461 E2853.81449
G1 X198.26 Y215.599 E2853.83257
G1 X198.001 Y215.723 E2853.85167
G1 X197.6 Y215.86 E2853.87986
G1 X197.291 Y215.926 E2853.90087
G1 X197.062 Y215.954 E2853.91622
G1 X196.689 Y215.964 E2853.94104
G1 X196.358 Y215.934 E2853.96315
G1 X196.11 Y215.888 E2853.97993
G1 X195.831 Y215.81 E2853.9992
G1 X195.444 Y215.653 E2854.02698
G1 X195.103 Y215.459 E2854.05308
G1 X194.852 Y215.277 E2854.0737
G1 X194.653 Y215.102 E2854.09133
G1 X194.455 Y214.893 E2854.11048
G1 X194.231 Y214.602 E2854.13491
G1 X194.059 Y214.314 E2854.15722
G1 X193.925 Y214.026 E2854.17835
G1 X193.832 Y213.763 E2854.19691
G1 X193.755 Y213.448 E2854.21848
G1 X193.716 Y213.179 E2854.23656
G1 X193.699 Y212.817 E2854.26067
G1 X193.722 Y212.486 E2854.28274
G1 X193.766 Y212.226 E2854.30028
G1 X193.832 Y211.967 E2854.31806
G1 X193.925 Y211.704 E2854.33662
G1 X194.067 Y211.401 E2854.35888
G1 X194.266 Y211.077 E2854.38417
G1 X194.429 Y210.867 E2854.40185
G1 X194.603 Y210.678 E2854.41894
G1 X194.815 Y210.484 E2854.43806
G1 X195.103 Y210.27 E2854.46192
G1 X195.386 Y210.106 E2854.48368
G1 X195.643 Y209.989 E2854.50247
G1 X195.883 Y209.903 E2854.51943
G1 X196.158 Y209.832 E2854.53832
G1 X196.416 Y209.789 E2854.55572
G1 X196.685 Y209.767 E2854.57367
G1 X197.061 Y209.776 E2854.59869
G1 X197.391 Y209.821 E2854.62084
G1 X197.768 Y209.92 E2854.64677
G0 F9000 X197.706 Y210.4
;TYPE:SKIN
G1 F1540.8 X198.449 Y210.8 E2854.66348
G1 X199.3 Y212 E2854.69261
G1 X199.425 Y213.2 E2854.7165
G1 X198.956 Y214.4 E2854.74201
G1 X198.027 Y215.2 E2854.76629
G1 X196.798 Y215.6 E2854.79188
G1 X195.574 Y215.2 E2854.81738
G1 X194.644 Y214.4 E2854.84167
G1 X194.174 Y213.2 E2854.86719
G1 X194.295 Y212 E2854.89107
G1 X195.15 Y210.8 E2854.92024
G0 F9000 X195.55 Y210.4
G1 F1540.8 X196.228 Y210.4 E2854.94279
G1 F1500 E2853.94279
;MESH:NONMESH
G0 F300 X196.228 Y210.4 Z3
G0 F9000 X195.936 Y208.79
G0 X197.738 Y92.211
G0 X198.435 Y91.379
;TIME_ELAPSED:5934.798181
;LAYER:14
;TYPE:WALL-OUTER
;MESH:Top of Case V2.STL
G1 F1500 E2854.9694
G1 F1640.2 X198.203 Y91.155 E2854.99085
G1 X197.984 Y90.997 E2855.00882
G1 X197.765 Y90.872 E2855.02559
G1 X197.48 Y90.757 E2855.04603
G1 X197.165 Y90.68 E2855.06761
G1 X196.914 Y90.652 E2855.08441
G1 X196.747 Y90.65 E2855.09552
G1 X196.366 Y90.692 E2855.12101
G1 X196.068 Y90.775 E2855.14159
G1 X195.8 Y90.889 E2855.16096
G1 X195.527 Y91.055 E2855.18222
G1 X195.26 Y91.278 E2855.20536
G1 X195.08 Y91.478 E2855.22326
G1 X194.875 Y91.782 E2855.24765
G1 X194.732 Y92.097 E2855.27066
G1 X194.647 Y92.393 E2855.29115
G1 X194.605 Y92.697 E2855.31156
G1 X194.602 Y92.963 E2855.32926
G1 X194.636 Y93.249 E2855.34841
G1 X194.701 Y93.509 E2855.36624
G1 X194.811 Y93.792 E2855.38644
G1 X194.975 Y94.081 E2855.40854
G1 X195.164 Y94.321 E2855.42886
G1 X195.396 Y94.545 E2855.45032
G1 X195.614 Y94.703 E2855.46823
G1 X195.847 Y94.834 E2855.48601
G1 X196.119 Y94.943 E2855.5055
G1 X196.434 Y95.02 E2855.52707
G1 X196.685 Y95.048 E2855.54387
G1 X196.99 Y95.042 E2855.56416
G1 X197.384 Y94.972 E2855.59078
G1 X197.672 Y94.87 E2855.61111
G1 X197.935 Y94.735 E2855.63077
G1 X198.153 Y94.584 E2855.64841
G1 X198.434 Y94.322 E2855.67397
G1 X198.624 Y94.081 E2855.69438
G1 X198.8 Y93.766 E2855.71838
G1 X198.918 Y93.442 E2855.74132
G1 X198.978 Y93.157 E2855.7607
G1 X198.999 Y92.852 E2855.78103
G1 X198.963 Y92.451 E2855.80781
G1 X198.898 Y92.191 E2855.82564
G1 X198.788 Y91.908 E2855.84584
G1 X198.624 Y91.619 E2855.86794
G1 X198.435 Y91.379 E2855.88826
G0 F9000 X199.073 Y90.743
G1 F1640.2 X199.273 Y90.981 E2855.90894
G1 X199.425 Y91.201 E2855.92673
G1 X199.614 Y91.55 E2855.95313
G1 X199.729 Y91.836 E2855.97364
G1 X199.805 Y92.088 E2855.99115
G1 X199.859 Y92.354 E2856.0092
G1 X199.895 Y92.692 E2856.03181
G1 X199.898 Y92.959 E2856.04958
G1 X199.87 Y93.275 E2856.07068
G1 X199.819 Y93.555 E2856.08961
G1 X199.734 Y93.85 E2856.11003
G1 X199.613 Y94.152 E2856.13167
G1 X199.454 Y94.453 E2856.15432
G1 X199.31 Y94.668 E2856.17153
G1 X199.103 Y94.925 E2856.19348
G1 X198.908 Y95.122 E2856.21192
G1 X198.612 Y95.365 E2856.2374
G1 X198.394 Y95.508 E2856.25474
G1 X198.105 Y95.662 E2856.27652
G1 X197.853 Y95.766 E2856.29466
G1 X197.539 Y95.86 E2856.31646
G1 X197.291 Y95.911 E2856.3333
G1 X197.062 Y95.939 E2856.34865
G1 X196.691 Y95.949 E2856.37334
G1 X196.372 Y95.921 E2856.39464
G1 X196.099 Y95.87 E2856.41311
G1 X195.834 Y95.796 E2856.43142
G1 X195.598 Y95.708 E2856.44817
G1 X195.35 Y95.591 E2856.46641
G1 X195.064 Y95.419 E2856.48861
G1 X194.842 Y95.253 E2856.50705
G1 X194.649 Y95.083 E2856.52416
G1 X194.457 Y94.881 E2856.5427
G1 X194.261 Y94.63 E2856.56388
G1 X194.111 Y94.394 E2856.58248
G1 X193.985 Y94.15 E2856.60075
G1 X193.865 Y93.85 E2856.62224
G1 X193.792 Y93.603 E2856.63938
G1 X193.74 Y93.346 E2856.65682
G1 X193.704 Y93.008 E2856.67943
G1 X193.708 Y92.625 E2856.70491
G1 X193.746 Y92.319 E2856.72542
G1 X193.815 Y92.01 E2856.74648
G1 X193.929 Y91.679 E2856.76977
G1 X194.06 Y91.398 E2856.79039
G1 X194.222 Y91.127 E2856.8114
G1 X194.429 Y90.852 E2856.83429
G1 X194.603 Y90.663 E2856.85138
G1 X194.842 Y90.446 E2856.87285
G1 X195.063 Y90.281 E2856.8912
G1 X195.303 Y90.136 E2856.90985
G1 X195.643 Y89.974 E2856.93491
G1 X195.883 Y89.888 E2856.95187
G1 X196.158 Y89.817 E2856.97076
G1 X196.416 Y89.774 E2856.98816
G1 X196.685 Y89.752 E2857.00611
G1 X197.075 Y89.762 E2857.03206
G1 X197.385 Y89.805 E2857.05288
G1 X197.643 Y89.867 E2857.07053
G1 X197.915 Y89.957 E2857.08959
G1 X198.168 Y90.068 E2857.10797
G1 X198.388 Y90.188 E2857.12464
G1 X198.612 Y90.335 E2857.14246
G1 X198.827 Y90.505 E2857.16069
G1 X199.073 Y90.743 E2857.18346
G0 F9000 X198.8 Y91.121
;TYPE:SKIN
G1 F1435.2 X199.2 Y91.766 E2857.19895
G1 X198 Y90.489 E2857.2347
G1 X196.8 Y90.202 E2857.25988
G1 X195.6 Y90.491 E2857.28506
G1 X194.8 Y91.117 E2857.30579
G1 X194.4 Y91.76 E2857.32124
G0 F9000 X194.4 Y92.04
G0 X194.4 Y93.657
G0 X194.4 Y93.939
G1 F1435.2 X194.8 Y94.577 E2857.33886
G1 X196 Y95.374 E2857.37257
G1 X197.2 Y95.463 E2857.40073
G1 X198.4 Y94.956 E2857.43122
G1 X199.2 Y93.93 E2857.46166
G1 F1500 E2856.46166
G0 F9000 X197.862 Y93.249
G0 X104.258 Y92.438
G0 X105.189 Y91.908
;TYPE:WALL-OUTER
G1 F1500 E2857.48827
G1 F1640.2 X105.025 Y91.619 E2857.51037
G1 X104.836 Y91.379 E2857.5307
G1 X104.604 Y91.155 E2857.55215
G1 X104.385 Y90.997 E2857.57011
G1 X104.166 Y90.872 E2857.58689
G1 X103.881 Y90.757 E2857.60733
G1 X103.566 Y90.68 E2857.6289
G1 X103.315 Y90.652 E2857.6457
G1 X103.148 Y90.65 E2857.65681
G1 X102.767 Y90.692 E2857.68231
G1 X102.469 Y90.775 E2857.70288
G1 X102.201 Y90.889 E2857.72226
G1 X101.928 Y91.055 E2857.74351
G1 X101.661 Y91.278 E2857.76665
G1 X101.481 Y91.478 E2857.78455
G1 X101.276 Y91.782 E2857.80894
G1 X101.133 Y92.097 E2857.83195
G1 X101.048 Y92.393 E2857.85244
G1 X101.006 Y92.696 E2857.87279
G1 X101.009 Y93.056 E2857.89674
G1 X101.049 Y93.308 E2857.91371
G1 X101.146 Y93.638 E2857.93659
G1 X101.284 Y93.931 E2857.95813
G1 X101.467 Y94.205 E2857.98005
G1 X101.672 Y94.433 E2858.00045
G1 X101.907 Y94.63 E2858.02085
G1 X102.248 Y94.834 E2858.04728
G1 X102.52 Y94.943 E2858.06677
G1 X102.835 Y95.02 E2858.08834
G1 X103.086 Y95.048 E2858.10514
G1 X103.391 Y95.042 E2858.12543
G1 X103.785 Y94.972 E2858.15205
G1 X104.073 Y94.87 E2858.17238
G1 X104.336 Y94.735 E2858.19204
G1 X104.554 Y94.584 E2858.20968
G1 X104.835 Y94.322 E2858.23524
G1 X105.025 Y94.081 E2858.25565
G1 X105.201 Y93.766 E2858.27966
G1 X105.319 Y93.442 E2858.30259
G1 X105.379 Y93.157 E2858.32197
G1 X105.4 Y92.852 E2858.3423
G1 X105.364 Y92.451 E2858.36909
G1 X105.299 Y92.191 E2858.38691
G1 X105.189 Y91.908 E2858.40711
G0 F9000 X106.015 Y91.55
G1 F1640.2 X106.13 Y91.836 E2858.42762
G1 X106.206 Y92.088 E2858.44513
G1 X106.26 Y92.354 E2858.46318
G1 X106.296 Y92.692 E2858.48579
G1 X106.299 Y92.959 E2858.50355
G1 X106.271 Y93.275 E2858.52466
G1 X106.22 Y93.555 E2858.54359
G1 X106.135 Y93.85 E2858.56401
G1 X106.014 Y94.152 E2858.58565
G1 X105.855 Y94.453 E2858.6083
G1 X105.711 Y94.668 E2858.62551
G1 X105.504 Y94.925 E2858.64746
G1 X105.309 Y95.122 E2858.6659
G1 X105.013 Y95.365 E2858.69138
G1 X104.795 Y95.508 E2858.70872
G1 X104.506 Y95.662 E2858.7305
G1 X104.254 Y95.766 E2858.74864
G1 X103.94 Y95.86 E2858.77044
G1 X103.692 Y95.911 E2858.78728
G1 X103.463 Y95.939 E2858.80263
G1 X103.092 Y95.949 E2858.82732
G1 X102.773 Y95.921 E2858.84862
G1 X102.5 Y95.87 E2858.86709
G1 X102.235 Y95.796 E2858.88539
G1 X101.999 Y95.708 E2858.90215
G1 X101.751 Y95.591 E2858.92039
G1 X101.465 Y95.419 E2858.94259
G1 X101.243 Y95.253 E2858.96103
G1 X101.05 Y95.083 E2858.97814
G1 X100.858 Y94.881 E2858.99668
G1 X100.662 Y94.63 E2859.01786
G1 X100.512 Y94.394 E2859.03646
G1 X100.386 Y94.15 E2859.05473
G1 X100.266 Y93.85 E2859.07622
G1 X100.193 Y93.603 E2859.09336
G1 X100.141 Y93.346 E2859.1108
G1 X100.105 Y93.008 E2859.13341
G1 X100.109 Y92.625 E2859.15889
G1 X100.147 Y92.319 E2859.1794
G1 X100.216 Y92.01 E2859.20046
G1 X100.33 Y91.679 E2859.22375
G1 X100.461 Y91.398 E2859.24437
G1 X100.623 Y91.127 E2859.26537
G1 X100.83 Y90.852 E2859.28827
G1 X101.004 Y90.663 E2859.30536
G1 X101.243 Y90.446 E2859.32683
G1 X101.464 Y90.281 E2859.34518
G1 X101.704 Y90.136 E2859.36383
G1 X102.044 Y89.974 E2859.38888
G1 X102.284 Y89.888 E2859.40584
G1 X102.559 Y89.817 E2859.42474
G1 X102.817 Y89.774 E2859.44214
G1 X103.086 Y89.752 E2859.46009
G1 X103.476 Y89.762 E2859.48604
G1 X103.786 Y89.805 E2859.50686
G1 X104.044 Y89.867 E2859.52451
G1 X104.316 Y89.957 E2859.54357
G1 X104.569 Y90.068 E2859.56195
G1 X104.789 Y90.188 E2859.57862
G1 X105.013 Y90.335 E2859.59644
G1 X105.228 Y90.505 E2859.61467
G1 X105.474 Y90.743 E2859.63744
G1 X105.674 Y90.981 E2859.65812
G1 X105.826 Y91.201 E2859.67591
G1 X106.015 Y91.55 E2859.70231
G0 F9000 X105.599 Y91.764
;TYPE:SKIN
G1 F1435.2 X105.199 Y91.121 E2859.71881
G1 X103.999 Y90.323 E2859.75023
G1 X102.799 Y90.233 E2859.77645
G1 X101.599 Y90.745 E2859.80489
G1 X100.799 Y91.762 E2859.8331
G0 F9000 X100.799 Y92.043
G0 X100.799 Y93.646
G0 X100.799 Y93.933
G1 F1435.2 X101.199 Y94.58 E2859.85091
G1 X102.399 Y95.373 E2859.88459
G1 X103.599 Y95.463 E2859.91277
G1 X104.799 Y94.956 E2859.94327
G1 X105.599 Y93.932 E2859.9737
G1 F1500 E2858.9737
G0 F9000 X106.882 Y94.799
G0 X103.818 Y211.912
G0 X104.604 Y211.17
;TYPE:WALL-OUTER
G1 F1500 E2860.00031
G1 F1640.2 X104.385 Y211.012 E2860.01827
G1 X104.166 Y210.887 E2860.03505
G1 X103.881 Y210.772 E2860.05549
G1 X103.566 Y210.695 E2860.07706
G1 X103.315 Y210.667 E2860.09386
G1 X103.148 Y210.665 E2860.10497
G1 X102.767 Y210.707 E2860.13047
G1 X102.469 Y210.79 E2860.15105
G1 X102.201 Y210.904 E2860.17042
G1 X101.928 Y211.07 E2860.19167
G1 X101.661 Y211.293 E2860.21482
G1 X101.481 Y211.493 E2860.23271
G1 X101.276 Y211.797 E2860.2571
G1 X101.133 Y212.112 E2860.28012
G1 X101.048 Y212.408 E2860.3006
G1 X101.006 Y212.711 E2860.32095
G1 X101.009 Y213.071 E2860.3449
G1 X101.049 Y213.323 E2860.36187
G1 X101.146 Y213.653 E2860.38475
G1 X101.284 Y213.946 E2860.4063
G1 X101.467 Y214.22 E2860.42821
G1 X101.672 Y214.448 E2860.44861
G1 X101.907 Y214.645 E2860.46901
G1 X102.248 Y214.849 E2860.49544
G1 X102.52 Y214.958 E2860.51493
G1 X102.835 Y215.035 E2860.5365
G1 X103.086 Y215.063 E2860.5533
G1 X103.391 Y215.057 E2860.5736
G1 X103.785 Y214.987 E2860.60022
G1 X104.073 Y214.885 E2860.62054
G1 X104.336 Y214.75 E2860.64021
G1 X104.554 Y214.599 E2860.65785
G1 X104.835 Y214.337 E2860.6834
G1 X105.025 Y214.096 E2860.70382
G1 X105.201 Y213.781 E2860.72782
G1 X105.319 Y213.457 E2860.75076
G1 X105.379 Y213.172 E2860.77013
G1 X105.4 Y212.867 E2860.79047
G1 X105.364 Y212.466 E2860.81725
G1 X105.299 Y212.206 E2860.83508
G1 X105.189 Y211.923 E2860.85527
G1 X105.025 Y211.634 E2860.87738
G1 X104.836 Y211.394 E2860.8977
G1 X104.604 Y211.17 E2860.91915
G0 F9000 X105.474 Y210.758
G1 F1640.2 X105.674 Y210.996 E2860.93983
G1 X105.826 Y211.216 E2860.95762
G1 X106.015 Y211.565 E2860.98402
G1 X106.13 Y211.851 E2861.00453
G1 X106.206 Y212.103 E2861.02203
G1 X106.26 Y212.369 E2861.04009
G1 X106.296 Y212.707 E2861.0627
G1 X106.299 Y212.974 E2861.08046
G1 X106.271 Y213.29 E2861.10157
G1 X106.22 Y213.57 E2861.1205
G1 X106.135 Y213.865 E2861.14092
G1 X106.014 Y214.167 E2861.16256
G1 X105.855 Y214.468 E2861.18521
G1 X105.711 Y214.683 E2861.20242
G1 X105.504 Y214.94 E2861.22437
G1 X105.309 Y215.137 E2861.24281
G1 X105.013 Y215.38 E2861.26828
G1 X104.795 Y215.523 E2861.28563
G1 X104.506 Y215.677 E2861.30741
G1 X104.254 Y215.781 E2861.32554
G1 X103.94 Y215.875 E2861.34735
G1 X103.692 Y215.926 E2861.36419
G1 X103.463 Y215.954 E2861.37954
G1 X103.092 Y215.964 E2861.40422
G1 X102.773 Y215.936 E2861.42553
G1 X102.5 Y215.885 E2861.444
G1 X102.235 Y215.811 E2861.4623
G1 X101.999 Y215.723 E2861.47906
G1 X101.751 Y215.606 E2861.4973
G1 X101.465 Y215.434 E2861.5195
G1 X101.243 Y215.268 E2861.53794
G1 X101.05 Y215.098 E2861.55505
G1 X100.858 Y214.896 E2861.57359
G1 X100.662 Y214.645 E2861.59477
G1 X100.512 Y214.409 E2861.61337
G1 X100.386 Y214.165 E2861.63164
G1 X100.266 Y213.865 E2861.65313
G1 X100.193 Y213.618 E2861.67026
G1 X100.141 Y213.361 E2861.68771
G1 X100.105 Y213.023 E2861.71032
G1 X100.109 Y212.64 E2861.7358
G1 X100.147 Y212.334 E2861.75631
G1 X100.216 Y212.025 E2861.77737
G1 X100.33 Y211.694 E2861.80066
G1 X100.461 Y211.413 E2861.82128
G1 X100.623 Y211.142 E2861.84228
G1 X100.83 Y210.867 E2861.86518
G1 X101.004 Y210.678 E2861.88227
G1 X101.243 Y210.461 E2861.90374
G1 X101.464 Y210.296 E2861.92209
G1 X101.704 Y210.151 E2861.94074
G1 X102.044 Y209.989 E2861.96579
G1 X102.284 Y209.903 E2861.98275
G1 X102.559 Y209.832 E2862.00164
G1 X102.817 Y209.789 E2862.01904
G1 X103.086 Y209.767 E2862.037
G1 X103.476 Y209.777 E2862.06295
G1 X103.786 Y209.82 E2862.08377
G1 X104.044 Y209.882 E2862.10142
G1 X104.316 Y209.972 E2862.12048
G1 X104.569 Y210.083 E2862.13885
G1 X104.789 Y210.203 E2862.15552
G1 X105.013 Y210.35 E2862.17335
G1 X105.228 Y210.52 E2862.19158
G1 X105.474 Y210.758 E2862.21435
G0 F9000 X105.199 Y211.137
;TYPE:SKIN
G1 F1435.2 X105.599 Y211.78 E2862.22981
G1 X104.399 Y210.504 E2862.26557
G1 X103.199 Y210.218 E2862.29075
G1 X101.999 Y210.508 E2862.31595
G1 X101.199 Y211.135 E2862.3367
G1 X100.799 Y211.778 E2862.35216
G0 F9000 X100.799 Y212.059
G0 X100.799 Y213.662
G0 X100.799 Y213.949
G1 F1435.2 X101.199 Y214.596 E2862.36998
G1 X102.399 Y215.389 E2862.40366
G1 X103.599 Y215.479 E2862.43184
G1 X104.799 Y214.972 E2862.46234
G1 X105.599 Y213.948 E2862.49277
G1 F1500 E2861.49277
G0 F9000 X107.206 Y214.008
G0 X197.057 Y211.758
G0 X197.765 Y210.887
;TYPE:WALL-OUTER
G1 F1500 E2862.51938
G1 F1640.2 X197.48 Y210.772 E2862.53982
G1 X197.165 Y210.695 E2862.56139
G1 X196.914 Y210.667 E2862.57819
G1 X196.747 Y210.665 E2862.5893
G1 X196.366 Y210.707 E2862.6148
G1 X196.068 Y210.79 E2862.63538
G1 X195.8 Y210.904 E2862.65475
G1 X195.527 Y211.07 E2862.67601
G1 X195.26 Y211.293 E2862.69915
G1 X195.08 Y211.493 E2862.71705
G1 X194.875 Y211.797 E2862.74144
G1 X194.732 Y212.112 E2862.76445
G1 X194.647 Y212.408 E2862.78493
G1 X194.605 Y212.712 E2862.80535
G1 X194.602 Y212.978 E2862.82304
G1 X194.636 Y213.264 E2862.8422
G1 X194.701 Y213.524 E2862.86003
G1 X194.811 Y213.807 E2862.88023
G1 X194.975 Y214.096 E2862.90233
G1 X195.164 Y214.336 E2862.92265
G1 X195.396 Y214.56 E2862.9441
G1 X195.614 Y214.718 E2862.96201
G1 X195.847 Y214.849 E2862.97979
G1 X196.119 Y214.958 E2862.99929
G1 X196.434 Y215.035 E2863.02086
G1 X196.685 Y215.063 E2863.03766
G1 X196.99 Y215.057 E2863.05795
G1 X197.384 Y214.987 E2863.08457
G1 X197.672 Y214.885 E2863.10489
G1 X197.935 Y214.75 E2863.12456
G1 X198.153 Y214.599 E2863.1422
G1 X198.434 Y214.337 E2863.16776
G1 X198.624 Y214.096 E2863.18817
G1 X198.8 Y213.781 E2863.21217
G1 X198.918 Y213.457 E2863.23511
G1 X198.978 Y213.172 E2863.25448
G1 X198.999 Y212.867 E2863.27482
G1 X198.963 Y212.466 E2863.3016
G1 X198.898 Y212.206 E2863.31943
G1 X198.788 Y211.923 E2863.33963
G1 X198.624 Y211.634 E2863.36173
G1 X198.435 Y211.394 E2863.38205
G1 X198.203 Y211.17 E2863.40351
G1 X197.984 Y211.012 E2863.42147
G1 X197.765 Y210.887 E2863.43824
G0 F9000 X197.915 Y209.972
G1 F1640.2 X198.168 Y210.083 E2863.45662
G1 X198.388 Y210.203 E2863.47329
G1 X198.612 Y210.35 E2863.49111
G1 X198.827 Y210.52 E2863.50935
G1 X199.073 Y210.758 E2863.53211
G1 X199.273 Y210.996 E2863.55279
G1 X199.425 Y211.216 E2863.57058
G1 X199.614 Y211.565 E2863.59698
G1 X199.729 Y211.851 E2863.61749
G1 X199.805 Y212.103 E2863.635
G1 X199.859 Y212.369 E2863.65305
G1 X199.895 Y212.707 E2863.67566
G1 X199.898 Y212.974 E2863.69343
G1 X199.87 Y213.29 E2863.71453
G1 X199.819 Y213.57 E2863.73346
G1 X199.734 Y213.865 E2863.75388
G1 X199.613 Y214.167 E2863.77552
G1 X199.454 Y214.468 E2863.79817
G1 X199.31 Y214.683 E2863.81538
G1 X199.103 Y214.94 E2863.83733
G1 X198.908 Y215.137 E2863.85577
G1 X198.612 Y215.38 E2863.88125
G1 X198.394 Y215.523 E2863.89859
G1 X198.105 Y215.677 E2863.92037
G1 X197.853 Y215.781 E2863.93851
G1 X197.539 Y215.875 E2863.96031
G1 X197.291 Y215.926 E2863.97715
G1 X197.062 Y215.954 E2863.9925
G1 X196.691 Y215.964 E2864.01719
G1 X196.372 Y215.936 E2864.03849
G1 X196.099 Y215.885 E2864.05696
G1 X195.834 Y215.811 E2864.07527
G1 X195.598 Y215.723 E2864.09202
G1 X195.35 Y215.606 E2864.11026
G1 X195.064 Y215.434 E2864.13246
G1 X194.842 Y215.268 E2864.1509
G1 X194.649 Y215.098 E2864.16801
G1 X194.457 Y214.896 E2864.18655
G1 X194.261 Y214.645 E2864.20773
G1 X194.111 Y214.409 E2864.22633
G1 X193.985 Y214.165 E2864.2446
G1 X193.865 Y213.865 E2864.26609
G1 X193.792 Y213.618 E2864.28323
G1 X193.74 Y213.361 E2864.30067
G1 X193.704 Y213.023 E2864.32328
G1 X193.708 Y212.64 E2864.34876
G1 X193.746 Y212.334 E2864.36927
G1 X193.815 Y212.025 E2864.39033
G1 X193.929 Y211.694 E2864.41362
G1 X194.06 Y211.413 E2864.43424
G1 X194.222 Y211.142 E2864.45525
G1 X194.429 Y210.867 E2864.47814
G1 X194.603 Y210.678 E2864.49523
G1 X194.842 Y210.461 E2864.5167
G1 X195.063 Y210.296 E2864.53505
G1 X195.303 Y210.151 E2864.5537
G1 X195.643 Y209.989 E2864.57876
G1 X195.883 Y209.903 E2864.59572
G1 X196.158 Y209.832 E2864.61461
G1 X196.416 Y209.789 E2864.63201
G1 X196.685 Y209.767 E2864.64996
G1 X197.075 Y209.777 E2864.67591
G1 X197.385 Y209.82 E2864.69673
G1 X197.643 Y209.882 E2864.71438
G1 X197.915 Y209.972 E2864.73344
G0 F9000 X197.599 Y210.338
;TYPE:SKIN
G1 F1435.2 X197.999 Y210.504 E2864.74457
G1 X198.799 Y211.136 E2864.77076
G1 X199.199 Y211.781 E2864.79025
G0 F9000 X199.199 Y212.057
G0 X199.199 Y213.66
G0 X199.199 Y213.945
G1 F1435.2 X198.799 Y214.59 E2864.80802
G1 X197.599 Y215.386 E2864.84173
G1 X196.399 Y215.482 E2864.86991
G1 X195.199 Y214.973 E2864.90042
G1 X194.399 Y213.954 E2864.93075
G0 F9000 X194.399 Y213.672
G0 X194.399 Y212.055
G0 X194.399 Y211.775
G1 F1435.2 X194.799 Y211.132 E2864.94968
G1 X195.999 Y210.339 E2864.98564
G1 X196.799 Y210.217 E2865.00588
G0 F9000 X197.199 Y210.131
G1 F1435.2 X197.199 Y210.36 E2865.01349
G1 F1500 E2864.01349
;MESH:NONMESH
G0 F300 X197.199 Y210.36 Z3.2
G0 F9000 X197.374 Y208.74
G0 X197.794 Y92.302
G0 X198.523 Y91.482
;TIME_ELAPSED:5948.309612
;LAYER:15
;TYPE:WALL-OUTER
;MESH:Top of Case V2.STL
G1 F1500 E2865.0401
G1 F1759.4 X198.302 Y91.243 E2865.06175
G1 X198.082 Y91.062 E2865.08071
G1 X197.834 Y90.908 E2865.10012
G1 X197.465 Y90.753 E2865.12675
G1 X197.166 Y90.68 E2865.14722
G1 X196.914 Y90.652 E2865.16409
G1 X196.747 Y90.65 E2865.1752
G1 X196.365 Y90.692 E2865.20076
G1 X196.069 Y90.774 E2865.22119
G1 X195.785 Y90.897 E2865.24178
G1 X195.509 Y91.068 E2865.26338
G1 X195.259 Y91.279 E2865.28514
G1 X195.02 Y91.556 E2865.30948
G1 X194.849 Y91.831 E2865.33102
G1 X194.732 Y92.097 E2865.35035
G1 X194.648 Y92.393 E2865.37082
G1 X194.605 Y92.697 E2865.39124
G1 X194.602 Y92.963 E2865.40893
G1 X194.636 Y93.251 E2865.42823
G1 X194.737 Y93.617 E2865.45348
G1 X194.876 Y93.918 E2865.47554
G1 X195.076 Y94.218 E2865.49952
G1 X195.297 Y94.457 E2865.52117
G1 X195.517 Y94.638 E2865.54012
G1 X195.744 Y94.78 E2865.55794
G1 X195.976 Y94.891 E2865.57504
G1 X196.283 Y94.989 E2865.59648
G1 X196.567 Y95.038 E2865.61565
G1 X196.852 Y95.05 E2865.63463
G1 X197.234 Y95.008 E2865.66019
G1 X197.53 Y94.926 E2865.68062
G1 X197.814 Y94.803 E2865.70121
G1 X198.091 Y94.632 E2865.72286
G1 X198.329 Y94.432 E2865.74354
G1 X198.509 Y94.235 E2865.76129
G1 X198.674 Y94.002 E2865.78029
G1 X198.81 Y93.745 E2865.79963
G1 X198.915 Y93.456 E2865.82008
G1 X198.978 Y93.157 E2865.84041
G1 X198.999 Y92.852 E2865.86075
G1 X198.963 Y92.449 E2865.88766
G1 X198.862 Y92.083 E2865.91292
G1 X198.723 Y91.782 E2865.93497
G1 X198.523 Y91.482 E2865.95896
G0 F9000 X199.073 Y90.743
G1 F1759.4 X199.269 Y90.976 E2865.97921
G1 X199.423 Y91.198 E2865.99718
G1 X199.557 Y91.434 E2866.01523
G1 X199.67 Y91.678 E2866.03312
G1 X199.767 Y91.952 E2866.05246
G1 X199.841 Y92.251 E2866.07295
G1 X199.883 Y92.536 E2866.09211
G1 X199.899 Y92.843 E2866.11256
G1 X199.876 Y93.234 E2866.13861
G1 X199.833 Y93.489 E2866.15582
G1 X199.767 Y93.748 E2866.17359
G1 X199.674 Y94.011 E2866.19215
G1 X199.532 Y94.314 E2866.21441
G1 X199.337 Y94.632 E2866.23922
G1 X199.17 Y94.848 E2866.25739
G1 X198.949 Y95.084 E2866.27889
G1 X198.757 Y95.254 E2866.29595
G1 X198.497 Y95.444 E2866.31737
G1 X198.203 Y95.614 E2866.33996
G1 X197.953 Y95.727 E2866.35821
G1 X197.716 Y95.812 E2866.37496
G1 X197.441 Y95.883 E2866.39386
G1 X197.183 Y95.926 E2866.41125
G1 X196.914 Y95.948 E2866.42921
G1 X196.537 Y95.939 E2866.45429
G1 X196.209 Y95.894 E2866.47632
G1 X195.951 Y95.832 E2866.49397
G1 X195.681 Y95.742 E2866.5129
G1 X195.444 Y95.638 E2866.53012
G1 X195.205 Y95.508 E2866.54821
G1 X194.987 Y95.365 E2866.56556
G1 X194.772 Y95.195 E2866.58379
G1 X194.526 Y94.957 E2866.60656
G1 X194.329 Y94.723 E2866.62691
G1 X194.174 Y94.499 E2866.64503
G1 X194.042 Y94.266 E2866.66284
G1 X193.927 Y94.018 E2866.68102
G1 X193.832 Y93.748 E2866.70006
G1 X193.756 Y93.438 E2866.7213
G1 X193.716 Y93.164 E2866.73972
G1 X193.699 Y92.807 E2866.76349
G1 X193.721 Y92.48 E2866.78529
G1 X193.766 Y92.211 E2866.80343
G1 X193.832 Y91.952 E2866.82121
G1 X193.925 Y91.689 E2866.83977
G1 X194.067 Y91.386 E2866.86203
G1 X194.266 Y91.062 E2866.88732
G1 X194.429 Y90.852 E2866.90501
G1 X194.65 Y90.616 E2866.92651
G1 X194.842 Y90.446 E2866.94357
G1 X195.103 Y90.255 E2866.96509
G1 X195.388 Y90.09 E2866.98699
G1 X195.646 Y89.973 E2867.00584
G1 X195.883 Y89.888 E2867.02259
G1 X196.158 Y89.817 E2867.04148
G1 X196.416 Y89.774 E2867.05888
G1 X196.685 Y89.752 E2867.07683
G1 X197.062 Y89.761 E2867.10192
G1 X197.39 Y89.806 E2867.12394
G1 X197.648 Y89.868 E2867.14159
G1 X197.918 Y89.958 E2867.16052
G1 X198.155 Y90.062 E2867.17774
G1 X198.394 Y90.192 E2867.19584
G1 X198.612 Y90.335 E2867.21318
G1 X198.827 Y90.505 E2867.23141
G1 X199.073 Y90.743 E2867.25418
G0 F9000 X198.47 Y90.8
;TYPE:SKIN
G1 F1539.5 X197.754 Y90.4 E2867.26929
G1 X195.839 Y90.4 E2867.30458
G1 X194.733 Y91.2 E2867.32973
G1 X194.19 Y92.4 E2867.354
G1 X194.262 Y93.6 E2867.37615
G1 X195.017 Y94.8 E2867.40227
G1 X195.597 Y95.2 E2867.41525
G1 X196.788 Y95.6 E2867.4384
G1 X197.993 Y95.2 E2867.46179
G1 X198.944 Y94.4 E2867.48469
G1 X199.426 Y93.2 E2867.50852
G1 X199.308 Y92 E2867.53073
G1 X198.869 Y91.2 E2867.54755
G1 F1500 E2866.54755
G0 F9000 X197.531 Y91.981
G0 X104.227 Y92.363
G0 X105.124 Y91.782
;TYPE:WALL-OUTER
G1 F1500 E2867.57416
G1 F1759.4 X104.924 Y91.482 E2867.59814
G1 X104.703 Y91.243 E2867.61979
G1 X104.483 Y91.062 E2867.63875
G1 X104.235 Y90.908 E2867.65816
G1 X103.866 Y90.753 E2867.68479
G1 X103.567 Y90.68 E2867.70526
G1 X103.315 Y90.652 E2867.72213
G1 X103.148 Y90.65 E2867.73324
G1 X102.766 Y90.692 E2867.7588
G1 X102.47 Y90.774 E2867.77923
G1 X102.186 Y90.897 E2867.79982
G1 X101.91 Y91.068 E2867.82142
G1 X101.66 Y91.279 E2867.84318
G1 X101.421 Y91.556 E2867.86752
G1 X101.25 Y91.831 E2867.88906
G1 X101.133 Y92.097 E2867.90839
G1 X101.049 Y92.393 E2867.92886
G1 X101.006 Y92.696 E2867.94921
G1 X101.009 Y93.057 E2867.97323
G1 X101.049 Y93.308 E2867.99014
G1 X101.138 Y93.618 E2868.01159
G1 X101.277 Y93.918 E2868.03358
G1 X101.477 Y94.218 E2868.05757
G1 X101.698 Y94.457 E2868.07922
G1 X101.918 Y94.638 E2868.09817
G1 X102.145 Y94.78 E2868.11598
G1 X102.377 Y94.891 E2868.13309
G1 X102.684 Y94.989 E2868.15453
G1 X102.968 Y95.038 E2868.1737
G1 X103.253 Y95.05 E2868.19267
G1 X103.635 Y95.008 E2868.21824
G1 X103.931 Y94.926 E2868.23867
G1 X104.215 Y94.803 E2868.25926
G1 X104.492 Y94.632 E2868.28091
G1 X104.73 Y94.432 E2868.30159
G1 X104.91 Y94.235 E2868.31934
G1 X105.075 Y94.002 E2868.33833
G1 X105.211 Y93.745 E2868.35768
G1 X105.316 Y93.456 E2868.37813
G1 X105.379 Y93.157 E2868.39846
G1 X105.4 Y92.852 E2868.41879
G1 X105.364 Y92.449 E2868.44571
G1 X105.263 Y92.083 E2868.47096
G1 X105.124 Y91.782 E2868.49302
G0 F9000 X106.071 Y91.678
G1 F1759.4 X106.168 Y91.952 E2868.51235
G1 X106.242 Y92.251 E2868.53284
G1 X106.284 Y92.536 E2868.55201
G1 X106.3 Y92.843 E2868.57246
G1 X106.277 Y93.234 E2868.59851
G1 X106.234 Y93.489 E2868.61571
G1 X106.168 Y93.748 E2868.63349
G1 X106.075 Y94.011 E2868.65205
G1 X105.933 Y94.314 E2868.67431
G1 X105.738 Y94.632 E2868.69912
G1 X105.571 Y94.848 E2868.71728
G1 X105.35 Y95.084 E2868.73879
G1 X105.158 Y95.254 E2868.75585
G1 X104.898 Y95.444 E2868.77727
G1 X104.604 Y95.614 E2868.79986
G1 X104.354 Y95.727 E2868.81811
G1 X104.117 Y95.812 E2868.83486
G1 X103.842 Y95.883 E2868.85375
G1 X103.584 Y95.926 E2868.87115
G1 X103.315 Y95.948 E2868.88911
G1 X102.938 Y95.939 E2868.91419
G1 X102.61 Y95.894 E2868.93621
G1 X102.352 Y95.832 E2868.95386
G1 X102.082 Y95.742 E2868.9728
G1 X101.845 Y95.638 E2868.99001
G1 X101.606 Y95.508 E2869.00811
G1 X101.388 Y95.365 E2869.02545
G1 X101.173 Y95.195 E2869.04369
G1 X100.927 Y94.957 E2869.06646
G1 X100.73 Y94.723 E2869.0868
G1 X100.575 Y94.499 E2869.10492
G1 X100.443 Y94.266 E2869.12274
G1 X100.328 Y94.018 E2869.14092
G1 X100.233 Y93.748 E2869.15996
G1 X100.156 Y93.433 E2869.18153
G1 X100.117 Y93.164 E2869.19961
G1 X100.1 Y92.807 E2869.22339
G1 X100.122 Y92.48 E2869.24519
G1 X100.167 Y92.211 E2869.26333
G1 X100.233 Y91.952 E2869.28111
G1 X100.326 Y91.689 E2869.29967
G1 X100.468 Y91.386 E2869.32193
G1 X100.667 Y91.062 E2869.34722
G1 X100.83 Y90.852 E2869.3649
G1 X101.051 Y90.616 E2869.38641
G1 X101.243 Y90.446 E2869.40347
G1 X101.504 Y90.255 E2869.42498
G1 X101.789 Y90.09 E2869.44689
G1 X102.047 Y89.973 E2869.46573
G1 X102.284 Y89.888 E2869.48248
G1 X102.559 Y89.817 E2869.50138
G1 X102.817 Y89.774 E2869.51877
G1 X103.086 Y89.752 E2869.53673
G1 X103.463 Y89.761 E2869.56181
G1 X103.791 Y89.806 E2869.58384
G1 X104.049 Y89.868 E2869.60149
G1 X104.319 Y89.958 E2869.62042
G1 X104.556 Y90.062 E2869.63764
G1 X104.795 Y90.192 E2869.65573
G1 X105.013 Y90.335 E2869.67308
G1 X105.228 Y90.505 E2869.69131
G1 X105.474 Y90.743 E2869.71408
G1 X105.67 Y90.976 E2869.73433
G1 X105.824 Y91.198 E2869.7523
G1 X105.958 Y91.434 E2869.77036
G1 X106.071 Y91.678 E2869.78824
G0 F9000 X105.709 Y92
;TYPE:SKIN
G1 F1539.5 X105.535 Y91.6 E2869.79616
G1 X104.87 Y90.8 E2869.81504
G1 X104.152 Y90.4 E2869.82996
G1 X102.243 Y90.4 E2869.86461
G1 X101.135 Y91.2 E2869.88941
G1 X100.592 Y92.4 E2869.91332
G1 X100.663 Y93.6 E2869.93514
G1 X101.417 Y94.8 E2869.96086
G1 X101.996 Y95.2 E2869.97364
G1 X103.192 Y95.6 E2869.99653
G1 X104.396 Y95.2 E2870.01955
G1 X105.346 Y94.4 E2870.0421
G1 X105.827 Y93.2 E2870.06556
G1 X105.81 Y92.4 E2870.08008
G1 F1500 E2869.08008
G0 F9000 X104.335 Y92.843
G0 X103.853 Y211.936
G0 X104.703 Y211.258
;TYPE:WALL-OUTER
G1 F1500 E2870.10669
G1 F1759.4 X104.483 Y211.077 E2870.12564
G1 X104.235 Y210.923 E2870.14506
G1 X103.866 Y210.768 E2870.17169
G1 X103.567 Y210.695 E2870.19216
G1 X103.315 Y210.667 E2870.20903
G1 X103.148 Y210.665 E2870.22013
G1 X102.766 Y210.707 E2870.2457
G1 X102.47 Y210.789 E2870.26613
G1 X102.186 Y210.912 E2870.28672
G1 X101.91 Y211.083 E2870.30832
G1 X101.66 Y211.294 E2870.33008
G1 X101.421 Y211.571 E2870.35441
G1 X101.25 Y211.846 E2870.37596
G1 X101.133 Y212.112 E2870.39529
G1 X101.049 Y212.408 E2870.41575
G1 X101.006 Y212.711 E2870.43611
G1 X101.009 Y213.072 E2870.46013
G1 X101.049 Y213.323 E2870.47703
G1 X101.138 Y213.633 E2870.49849
G1 X101.277 Y213.933 E2870.52048
G1 X101.477 Y214.233 E2870.54447
G1 X101.698 Y214.472 E2870.56612
G1 X101.918 Y214.653 E2870.58507
G1 X102.145 Y214.795 E2870.60288
G1 X102.377 Y214.906 E2870.61999
G1 X102.684 Y215.004 E2870.64143
G1 X102.968 Y215.053 E2870.6606
G1 X103.253 Y215.065 E2870.67957
G1 X103.635 Y215.023 E2870.70514
G1 X103.931 Y214.941 E2870.72557
G1 X104.215 Y214.818 E2870.74615
G1 X104.492 Y214.647 E2870.76781
G1 X104.73 Y214.447 E2870.78849
G1 X104.91 Y214.25 E2870.80624
G1 X105.075 Y214.017 E2870.82523
G1 X105.211 Y213.76 E2870.84457
G1 X105.316 Y213.471 E2870.86503
G1 X105.379 Y213.172 E2870.88535
G1 X105.4 Y212.867 E2870.90569
G1 X105.364 Y212.464 E2870.9326
G1 X105.263 Y212.098 E2870.95786
G1 X105.124 Y211.797 E2870.97992
G1 X104.924 Y211.497 E2871.0039
G1 X104.703 Y211.258 E2871.02555
G0 F9000 X105.474 Y210.758
G1 F1759.4 X105.67 Y210.991 E2871.04581
G1 X105.824 Y211.213 E2871.06378
G1 X105.958 Y211.449 E2871.08183
G1 X106.071 Y211.693 E2871.09972
G1 X106.168 Y211.967 E2871.11905
G1 X106.242 Y212.266 E2871.13954
G1 X106.284 Y212.551 E2871.15871
G1 X106.3 Y212.858 E2871.17916
G1 X106.277 Y213.249 E2871.20521
G1 X106.234 Y213.504 E2871.22241
G1 X106.168 Y213.763 E2871.24019
G1 X106.075 Y214.026 E2871.25875
G1 X105.933 Y214.329 E2871.28101
G1 X105.738 Y214.647 E2871.30582
G1 X105.571 Y214.863 E2871.32398
G1 X105.35 Y215.099 E2871.34549
G1 X105.158 Y215.269 E2871.36255
G1 X104.898 Y215.459 E2871.38397
G1 X104.604 Y215.629 E2871.40656
G1 X104.354 Y215.742 E2871.42481
G1 X104.117 Y215.827 E2871.44156
G1 X103.842 Y215.898 E2871.46045
G1 X103.584 Y215.941 E2871.47785
G1 X103.315 Y215.963 E2871.49581
G1 X102.938 Y215.954 E2871.52089
G1 X102.61 Y215.909 E2871.54292
G1 X102.352 Y215.847 E2871.56057
G1 X102.082 Y215.757 E2871.5795
G1 X101.845 Y215.653 E2871.59671
G1 X101.606 Y215.523 E2871.61481
G1 X101.388 Y215.38 E2871.63216
G1 X101.173 Y215.21 E2871.65039
G1 X100.927 Y214.972 E2871.67316
G1 X100.73 Y214.738 E2871.6935
G1 X100.575 Y214.514 E2871.71162
G1 X100.443 Y214.281 E2871.72944
G1 X100.328 Y214.033 E2871.74762
G1 X100.233 Y213.763 E2871.76666
G1 X100.156 Y213.448 E2871.78823
G1 X100.117 Y213.179 E2871.80631
G1 X100.1 Y212.822 E2871.83009
G1 X100.122 Y212.495 E2871.85189
G1 X100.167 Y212.226 E2871.87003
G1 X100.233 Y211.967 E2871.88781
G1 X100.326 Y211.704 E2871.90637
G1 X100.468 Y211.401 E2871.92863
G1 X100.667 Y211.077 E2871.95392
G1 X100.83 Y210.867 E2871.9716
G1 X101.051 Y210.631 E2871.99311
G1 X101.243 Y210.461 E2872.01017
G1 X101.504 Y210.27 E2872.03168
G1 X101.789 Y210.105 E2872.05359
G1 X102.047 Y209.988 E2872.07244
G1 X102.284 Y209.903 E2872.08918
G1 X102.559 Y209.832 E2872.10808
G1 X102.817 Y209.789 E2872.12548
G1 X103.086 Y209.767 E2872.14343
G1 X103.463 Y209.776 E2872.16851
G1 X103.791 Y209.821 E2872.19054
G1 X104.049 Y209.883 E2872.20819
G1 X104.319 Y209.973 E2872.22712
G1 X104.556 Y210.077 E2872.24434
G1 X104.795 Y210.207 E2872.26244
G1 X105.013 Y210.35 E2872.27978
G1 X105.228 Y210.52 E2872.29801
G1 X105.474 Y210.758 E2872.32078
G0 F9000 X104.852 Y210.8
;TYPE:SKIN
G1 F1539.5 X104.107 Y210.4 E2872.33694
G1 X102.283 Y210.4 E2872.3718
G1 X101.146 Y211.2 E2872.39836
G1 X100.593 Y212.4 E2872.42361
G1 X100.657 Y213.6 E2872.44658
G1 X101.399 Y214.8 E2872.47354
G1 X101.968 Y215.2 E2872.48683
G1 X103.205 Y215.6 E2872.51168
G1 X104.426 Y215.2 E2872.53623
G1 X105.355 Y214.4 E2872.55966
G1 X105.827 Y213.2 E2872.5843
G1 X105.703 Y212 E2872.60736
G1 X105.256 Y211.2 E2872.62487
G1 F1500 E2871.62487
G0 F9000 X106.646 Y210.527
G0 X197.148 Y211.785
G0 X197.834 Y210.923
;TYPE:WALL-OUTER
G1 F1500 E2872.65148
G1 F1759.4 X197.465 Y210.768 E2872.6781
G1 X197.166 Y210.695 E2872.69857
G1 X196.914 Y210.667 E2872.71544
G1 X196.747 Y210.665 E2872.72655
G1 X196.365 Y210.707 E2872.75211
G1 X196.069 Y210.789 E2872.77255
G1 X195.785 Y210.912 E2872.79313
G1 X195.509 Y211.083 E2872.81473
G1 X195.259 Y211.294 E2872.83649
G1 X195.02 Y211.571 E2872.86083
G1 X194.849 Y211.846 E2872.88237
G1 X194.732 Y212.112 E2872.9017
G1 X194.648 Y212.408 E2872.92217
G1 X194.605 Y212.712 E2872.94259
G1 X194.602 Y212.978 E2872.96029
G1 X194.636 Y213.266 E2872.97958
G1 X194.737 Y213.632 E2873.00483
G1 X194.876 Y213.933 E2873.02689
G1 X195.076 Y214.233 E2873.05087
G1 X195.297 Y214.472 E2873.07253
G1 X195.517 Y214.653 E2873.09148
G1 X195.744 Y214.795 E2873.10929
G1 X195.976 Y214.906 E2873.1264
G1 X196.283 Y215.004 E2873.14783
G1 X196.567 Y215.053 E2873.167
G1 X196.852 Y215.065 E2873.18598
G1 X197.234 Y215.023 E2873.21154
G1 X197.53 Y214.941 E2873.23197
G1 X197.814 Y214.818 E2873.25256
G1 X198.091 Y214.647 E2873.27422
G1 X198.329 Y214.447 E2873.2949
G1 X198.509 Y214.25 E2873.31265
G1 X198.674 Y214.017 E2873.33164
G1 X198.81 Y213.76 E2873.35098
G1 X198.915 Y213.471 E2873.37143
G1 X198.978 Y213.172 E2873.39176
G1 X198.999 Y212.867 E2873.4121
G1 X198.963 Y212.464 E2873.43901
G1 X198.862 Y212.098 E2873.46427
G1 X198.723 Y211.797 E2873.48632
G1 X198.523 Y211.497 E2873.51031
G1 X198.302 Y211.258 E2873.53196
G1 X198.082 Y211.077 E2873.55091
G1 X197.834 Y210.923 E2873.57033
G0 F9000 X197.918 Y209.973
G1 F1759.4 X198.155 Y210.077 E2873.58755
G1 X198.394 Y210.207 E2873.60565
G1 X198.612 Y210.35 E2873.62299
G1 X198.827 Y210.52 E2873.64122
G1 X199.073 Y210.758 E2873.66399
G1 X199.269 Y210.991 E2873.68424
G1 X199.423 Y211.213 E2873.70222
G1 X199.557 Y211.449 E2873.72027
G1 X199.67 Y211.693 E2873.73816
G1 X199.767 Y211.967 E2873.75749
G1 X199.841 Y212.266 E2873.77798
G1 X199.883 Y212.551 E2873.79714
G1 X199.899 Y212.858 E2873.81759
G1 X199.876 Y213.249 E2873.84365
G1 X199.833 Y213.504 E2873.86085
G1 X199.767 Y213.763 E2873.87863
G1 X199.674 Y214.026 E2873.89719
G1 X199.532 Y214.329 E2873.91944
G1 X199.337 Y214.647 E2873.94426
G1 X199.17 Y214.863 E2873.96242
G1 X198.949 Y215.099 E2873.98393
G1 X198.757 Y215.269 E2874.00099
G1 X198.497 Y215.459 E2874.02241
G1 X198.203 Y215.629 E2874.045
G1 X197.953 Y215.742 E2874.06325
G1 X197.716 Y215.827 E2874.08
G1 X197.441 Y215.898 E2874.09889
G1 X197.183 Y215.941 E2874.11629
G1 X196.914 Y215.963 E2874.13424
G1 X196.537 Y215.954 E2874.15933
G1 X196.209 Y215.909 E2874.18135
G1 X195.951 Y215.847 E2874.199
G1 X195.681 Y215.757 E2874.21793
G1 X195.444 Y215.653 E2874.23515
G1 X195.205 Y215.523 E2874.25325
G1 X194.987 Y215.38 E2874.27059
G1 X194.772 Y215.21 E2874.28882
G1 X194.526 Y214.972 E2874.31159
G1 X194.329 Y214.738 E2874.33194
G1 X194.174 Y214.514 E2874.35006
G1 X194.042 Y214.281 E2874.36787
G1 X193.927 Y214.033 E2874.38606
G1 X193.832 Y213.763 E2874.4051
G1 X193.756 Y213.453 E2874.42633
G1 X193.716 Y213.179 E2874.44475
G1 X193.699 Y212.822 E2874.46852
G1 X193.721 Y212.495 E2874.49033
G1 X193.766 Y212.226 E2874.50847
G1 X193.832 Y211.967 E2874.52625
G1 X193.925 Y211.704 E2874.5448
G1 X194.067 Y211.401 E2874.56706
G1 X194.266 Y211.077 E2874.59236
G1 X194.429 Y210.867 E2874.61004
G1 X194.65 Y210.631 E2874.63155
G1 X194.842 Y210.461 E2874.64861
G1 X195.103 Y210.27 E2874.67012
G1 X195.388 Y210.105 E2874.69203
G1 X195.646 Y209.988 E2874.71087
G1 X195.883 Y209.903 E2874.72762
G1 X196.158 Y209.832 E2874.74651
G1 X196.416 Y209.789 E2874.76391
G1 X196.685 Y209.767 E2874.78187
G1 X197.062 Y209.776 E2874.80695
G1 X197.39 Y209.821 E2874.82897
G1 X197.648 Y209.883 E2874.84662
G1 X197.918 Y209.973 E2874.86556
G0 F9000 X197.707 Y210.4
;TYPE:SKIN
G1 F1539.5 X198.452 Y210.8 E2874.88221
G1 X199.303 Y212 E2874.91119
G1 X199.427 Y213.2 E2874.93495
G1 X198.955 Y214.4 E2874.96034
G1 X198.026 Y215.2 E2874.98449
G1 X196.805 Y215.6 E2875.00979
G1 X195.568 Y215.2 E2875.0354
G1 X194.643 Y214.4 E2875.05949
G1 X194.174 Y213.2 E2875.08486
G1 X194.296 Y212 E2875.10862
G1 X195.147 Y210.8 E2875.13759
G0 F9000 X195.548 Y210.4
G1 F1539.5 X196.218 Y210.4 E2875.15987
G1 F1500 E2874.15987
;MESH:NONMESH
G0 F300 X196.218 Y210.4 Z3.4
G0 F9000 X195.936 Y208.79
G0 X197.739 Y92.212
G0 X198.448 Y91.393
;TIME_ELAPSED:5961.353713
;LAYER:16
;TYPE:WALL-OUTER
;MESH:Top of Case V2.STL
G1 F1500 E2875.18648
G1 F1639.7 X198.259 Y91.204 E2875.20426
G1 X197.982 Y90.995 E2875.22735
G1 X197.747 Y90.864 E2875.24524
G1 X197.464 Y90.753 E2875.26546
G1 X197.181 Y90.683 E2875.28486
G1 X196.898 Y90.652 E2875.30379
G1 X196.747 Y90.65 E2875.31384
G1 X196.343 Y90.697 E2875.3409
G1 X196.082 Y90.77 E2875.35892
G1 X195.8 Y90.889 E2875.37928
G1 X195.525 Y91.057 E2875.40072
G1 X195.258 Y91.28 E2875.42386
G1 X195.043 Y91.525 E2875.44554
G1 X194.866 Y91.798 E2875.46719
G1 X194.732 Y92.097 E2875.48898
G1 X194.644 Y92.409 E2875.51055
G1 X194.605 Y92.698 E2875.52995
G1 X194.602 Y92.963 E2875.54757
G1 X194.633 Y93.233 E2875.56565
G1 X194.701 Y93.512 E2875.58476
G1 X194.813 Y93.796 E2875.60506
G1 X194.975 Y94.08 E2875.62681
G1 X195.151 Y94.307 E2875.64592
G1 X195.34 Y94.496 E2875.6637
G1 X195.615 Y94.704 E2875.68664
G1 X195.85 Y94.835 E2875.70453
G1 X196.135 Y94.947 E2875.7249
G1 X196.418 Y95.017 E2875.7443
G1 X196.701 Y95.048 E2875.76323
G1 X196.971 Y95.044 E2875.7812
G1 X197.256 Y95.003 E2875.80035
G1 X197.517 Y94.93 E2875.81838
G1 X197.799 Y94.811 E2875.83874
G1 X198.075 Y94.643 E2875.86023
G1 X198.283 Y94.474 E2875.87806
G1 X198.471 Y94.281 E2875.89598
G1 X198.635 Y94.065 E2875.91402
G1 X198.809 Y93.746 E2875.93819
G1 X198.915 Y93.455 E2875.95879
G1 X198.981 Y93.14 E2875.9802
G1 X198.999 Y92.852 E2875.9994
G1 X198.966 Y92.467 E2876.0251
G1 X198.898 Y92.188 E2876.04421
G1 X198.786 Y91.904 E2876.06451
G1 X198.624 Y91.62 E2876.08626
G1 X198.448 Y91.393 E2876.10537
G0 F9000 X199.216 Y90.907
G1 F1639.7 X199.372 Y91.12 E2876.12293
G1 X199.557 Y91.434 E2876.14718
G1 X199.67 Y91.678 E2876.16506
G1 X199.778 Y91.99 E2876.18702
G1 X199.841 Y92.251 E2876.20489
G1 X199.883 Y92.536 E2876.22405
G1 X199.899 Y92.843 E2876.2445
G1 X199.884 Y93.164 E2876.26587
G1 X199.834 Y93.486 E2876.28755
G1 X199.755 Y93.787 E2876.30825
G1 X199.655 Y94.056 E2876.32734
G1 X199.536 Y94.307 E2876.34582
G1 X199.34 Y94.627 E2876.37078
G1 X199.099 Y94.929 E2876.39648
G1 X198.908 Y95.122 E2876.41455
G1 X198.612 Y95.365 E2876.44002
G1 X198.351 Y95.533 E2876.46067
G1 X198.105 Y95.662 E2876.47915
G1 X197.853 Y95.766 E2876.49728
G1 X197.539 Y95.86 E2876.51908
G1 X197.291 Y95.911 E2876.53593
G1 X197.012 Y95.942 E2876.5546
G1 X196.697 Y95.949 E2876.57556
G1 X196.322 Y95.913 E2876.60062
G1 X195.995 Y95.844 E2876.62285
G1 X195.699 Y95.748 E2876.64355
G1 X195.391 Y95.612 E2876.66595
G1 X195.103 Y95.444 E2876.68812
G1 X194.841 Y95.253 E2876.70969
G1 X194.65 Y95.084 E2876.72666
G1 X194.383 Y94.793 E2876.75293
G1 X194.226 Y94.578 E2876.77064
G1 X194.092 Y94.362 E2876.78755
G1 X193.963 Y94.101 E2876.80691
G1 X193.865 Y93.85 E2876.82484
G1 X193.792 Y93.603 E2876.84197
G1 X193.74 Y93.344 E2876.85954
G1 X193.704 Y93.008 E2876.88202
G1 X193.707 Y92.638 E2876.90663
G1 X193.737 Y92.372 E2876.92444
G1 X193.805 Y92.048 E2876.94646
G1 X193.909 Y91.731 E2876.96866
G1 X194.067 Y91.386 E2876.9939
G1 X194.261 Y91.07 E2877.01856
G1 X194.502 Y90.768 E2877.04426
G1 X194.691 Y90.578 E2877.06209
G1 X194.987 Y90.335 E2877.08757
G1 X195.259 Y90.16 E2877.10908
G1 X195.495 Y90.038 E2877.12675
G1 X195.746 Y89.934 E2877.14483
G1 X196.06 Y89.84 E2877.16663
G1 X196.308 Y89.789 E2877.18347
G1 X196.587 Y89.758 E2877.20215
G1 X196.902 Y89.751 E2877.22311
G1 X197.277 Y89.787 E2877.24817
G1 X197.604 Y89.856 E2877.2704
G1 X197.901 Y89.952 E2877.29116
G1 X198.201 Y90.085 E2877.31299
G1 X198.489 Y90.251 E2877.3351
G1 X198.758 Y90.447 E2877.35724
G1 X198.949 Y90.616 E2877.37421
G1 X199.216 Y90.907 E2877.40048
G0 F9000 X198.8 Y91.123
;TYPE:SKIN
G1 F1434.7 X199.2 Y91.764 E2877.4159
G1 X198 Y90.49 E2877.45162
G1 X196.8 Y90.2 E2877.47681
G1 X195.6 Y90.489 E2877.502
G1 X194.8 Y91.117 E2877.52276
G1 X194.4 Y91.761 E2877.53823
G0 F9000 X194.4 Y92.04
G0 X194.4 Y93.662
G0 X194.4 Y93.941
G1 F1434.7 X194.8 Y94.575 E2877.55565
G1 X196 Y95.373 E2877.58912
G1 X197.2 Y95.466 E2877.61708
G1 X198.4 Y94.956 E2877.64737
G1 X199.2 Y93.931 E2877.67757
G1 F1500 E2876.67757
G0 F9000 X197.839 Y93.306
G0 X104.254 Y92.429
G0 X105.187 Y91.904
;TYPE:WALL-OUTER
G1 F1500 E2877.70418
G1 F1639.7 X105.025 Y91.62 E2877.72593
G1 X104.849 Y91.393 E2877.74503
G1 X104.66 Y91.204 E2877.76281
G1 X104.383 Y90.995 E2877.78589
G1 X104.148 Y90.864 E2877.80379
G1 X103.865 Y90.753 E2877.82401
G1 X103.582 Y90.683 E2877.84341
G1 X103.299 Y90.652 E2877.86234
G1 X103.148 Y90.65 E2877.87239
G1 X102.744 Y90.697 E2877.89944
G1 X102.483 Y90.77 E2877.91747
G1 X102.201 Y90.889 E2877.93783
G1 X101.926 Y91.057 E2877.95927
G1 X101.659 Y91.28 E2877.98241
G1 X101.444 Y91.525 E2878.00409
G1 X101.267 Y91.798 E2878.02574
G1 X101.133 Y92.097 E2878.04753
G1 X101.045 Y92.409 E2878.0691
G1 X101.006 Y92.697 E2878.08843
G1 X101.009 Y93.059 E2878.11251
G1 X101.069 Y93.396 E2878.13528
G1 X101.153 Y93.654 E2878.15333
G1 X101.285 Y93.933 E2878.17386
G1 X101.467 Y94.204 E2878.19558
G1 X101.656 Y94.417 E2878.21452
G1 X101.908 Y94.63 E2878.23647
G1 X102.251 Y94.835 E2878.26305
G1 X102.536 Y94.947 E2878.28342
G1 X102.819 Y95.017 E2878.30281
G1 X103.102 Y95.048 E2878.32175
G1 X103.372 Y95.044 E2878.33971
G1 X103.657 Y95.003 E2878.35886
G1 X103.918 Y94.93 E2878.37689
G1 X104.2 Y94.811 E2878.39725
G1 X104.476 Y94.643 E2878.41875
G1 X104.684 Y94.474 E2878.43657
G1 X104.872 Y94.281 E2878.4545
G1 X105.036 Y94.065 E2878.47254
G1 X105.21 Y93.746 E2878.49671
G1 X105.316 Y93.455 E2878.51731
G1 X105.382 Y93.14 E2878.53872
G1 X105.4 Y92.852 E2878.55791
G1 X105.367 Y92.467 E2878.58362
G1 X105.299 Y92.188 E2878.60272
G1 X105.187 Y91.904 E2878.62303
G0 F9000 X106.071 Y91.678
G1 F1639.7 X106.179 Y91.99 E2878.64499
G1 X106.242 Y92.251 E2878.66285
G1 X106.284 Y92.536 E2878.68201
G1 X106.3 Y92.843 E2878.70246
G1 X106.285 Y93.164 E2878.72384
G1 X106.235 Y93.486 E2878.74552
G1 X106.156 Y93.787 E2878.76622
G1 X106.056 Y94.056 E2878.78531
G1 X105.937 Y94.307 E2878.80379
G1 X105.741 Y94.627 E2878.82875
G1 X105.5 Y94.929 E2878.85445
G1 X105.309 Y95.122 E2878.87251
G1 X105.013 Y95.365 E2878.89799
G1 X104.752 Y95.533 E2878.91863
G1 X104.506 Y95.662 E2878.93711
G1 X104.254 Y95.766 E2878.95525
G1 X103.94 Y95.86 E2878.97705
G1 X103.692 Y95.911 E2878.99389
G1 X103.413 Y95.942 E2879.01257
G1 X103.098 Y95.949 E2879.03352
G1 X102.723 Y95.913 E2879.05858
G1 X102.396 Y95.844 E2879.08082
G1 X102.1 Y95.748 E2879.10151
G1 X101.792 Y95.612 E2879.12391
G1 X101.504 Y95.444 E2879.14609
G1 X101.242 Y95.253 E2879.16766
G1 X101.051 Y95.084 E2879.18462
G1 X100.784 Y94.793 E2879.21089
G1 X100.627 Y94.578 E2879.2286
G1 X100.493 Y94.362 E2879.24551
G1 X100.364 Y94.101 E2879.26488
G1 X100.266 Y93.85 E2879.2828
G1 X100.193 Y93.603 E2879.29994
G1 X100.141 Y93.344 E2879.31751
G1 X100.105 Y93.008 E2879.33999
G1 X100.108 Y92.638 E2879.3646
G1 X100.138 Y92.372 E2879.38241
G1 X100.206 Y92.048 E2879.40443
G1 X100.31 Y91.731 E2879.42662
G1 X100.468 Y91.386 E2879.45186
G1 X100.662 Y91.07 E2879.47653
G1 X100.903 Y90.768 E2879.50223
G1 X101.092 Y90.578 E2879.52006
G1 X101.388 Y90.335 E2879.54553
G1 X101.66 Y90.16 E2879.56705
G1 X101.896 Y90.038 E2879.58472
G1 X102.147 Y89.934 E2879.60279
G1 X102.461 Y89.84 E2879.6246
G1 X102.709 Y89.789 E2879.64144
G1 X102.988 Y89.758 E2879.66011
G1 X103.303 Y89.751 E2879.68107
G1 X103.678 Y89.787 E2879.70613
G1 X104.005 Y89.856 E2879.72836
G1 X104.302 Y89.952 E2879.74913
G1 X104.602 Y90.085 E2879.77095
G1 X104.89 Y90.251 E2879.79307
G1 X105.159 Y90.447 E2879.81521
G1 X105.35 Y90.616 E2879.83217
G1 X105.617 Y90.907 E2879.85844
G1 X105.773 Y91.12 E2879.87601
G1 X105.958 Y91.434 E2879.90025
G1 X106.071 Y91.678 E2879.91814
G0 F9000 X105.599 Y91.761
;TYPE:SKIN
G1 F1434.7 X105.199 Y91.122 E2879.9346
G1 X103.999 Y90.325 E2879.96608
G1 X102.799 Y90.233 E2879.99237
G1 X101.599 Y90.743 E2880.02085
G1 X100.799 Y91.763 E2880.04917
G0 F9000 X100.799 Y92.043
G0 X100.799 Y93.652
G0 X100.799 Y93.935
G1 F1434.7 X101.199 Y94.578 E2880.06677
G1 X102.399 Y95.372 E2880.1002
G1 X103.599 Y95.466 E2880.12816
G1 X104.799 Y94.956 E2880.15846
G1 X105.599 Y93.933 E2880.18863
G1 F1500 E2879.18863
G0 F9000 X106.879 Y94.802
G0 X103.873 Y211.95
G0 X104.66 Y211.219
;TYPE:WALL-OUTER
G1 F1500 E2880.21524
G1 F1639.7 X104.383 Y211.01 E2880.23832
G1 X104.148 Y210.879 E2880.25622
G1 X103.865 Y210.768 E2880.27644
G1 X103.582 Y210.698 E2880.29583
G1 X103.299 Y210.667 E2880.31477
G1 X103.148 Y210.665 E2880.32482
G1 X102.744 Y210.712 E2880.35187
G1 X102.483 Y210.785 E2880.3699
G1 X102.201 Y210.904 E2880.39026
G1 X101.926 Y211.072 E2880.4117
G1 X101.659 Y211.295 E2880.43484
G1 X101.444 Y211.54 E2880.45652
G1 X101.267 Y211.813 E2880.47817
G1 X101.133 Y212.112 E2880.49996
G1 X101.045 Y212.424 E2880.52152
G1 X101.006 Y212.712 E2880.54086
G1 X101.009 Y213.074 E2880.56494
G1 X101.069 Y213.411 E2880.58771
G1 X101.153 Y213.669 E2880.60576
G1 X101.285 Y213.948 E2880.62629
G1 X101.467 Y214.219 E2880.648
G1 X101.656 Y214.432 E2880.66695
G1 X101.908 Y214.645 E2880.6889
G1 X102.251 Y214.85 E2880.71548
G1 X102.536 Y214.962 E2880.73585
G1 X102.819 Y215.032 E2880.75524
G1 X103.102 Y215.063 E2880.77418
G1 X103.372 Y215.059 E2880.79214
G1 X103.657 Y215.018 E2880.81129
G1 X103.918 Y214.945 E2880.82932
G1 X104.2 Y214.826 E2880.84968
G1 X104.476 Y214.658 E2880.87117
G1 X104.684 Y214.489 E2880.889
G1 X104.872 Y214.296 E2880.90692
G1 X105.036 Y214.08 E2880.92497
G1 X105.21 Y213.761 E2880.94914
G1 X105.316 Y213.47 E2880.96974
G1 X105.382 Y213.155 E2880.99115
G1 X105.4 Y212.867 E2881.01034
G1 X105.367 Y212.482 E2881.03605
G1 X105.299 Y212.203 E2881.05515
G1 X105.187 Y211.919 E2881.07546
G1 X105.025 Y211.635 E2881.09721
G1 X104.849 Y211.408 E2881.11631
G1 X104.66 Y211.219 E2881.13409
G0 F9000 X105.35 Y210.631
G1 F1639.7 X105.617 Y210.922 E2881.16036
G1 X105.773 Y211.135 E2881.17793
G1 X105.958 Y211.449 E2881.20217
G1 X106.071 Y211.693 E2881.22006
G1 X106.179 Y212.005 E2881.24202
G1 X106.242 Y212.266 E2881.25988
G1 X106.284 Y212.551 E2881.27904
G1 X106.3 Y212.858 E2881.29949
G1 X106.285 Y213.179 E2881.32087
G1 X106.235 Y213.501 E2881.34254
G1 X106.156 Y213.802 E2881.36325
G1 X106.056 Y214.071 E2881.38234
G1 X105.937 Y214.322 E2881.40081
G1 X105.741 Y214.642 E2881.42578
G1 X105.5 Y214.944 E2881.45148
G1 X105.309 Y215.137 E2881.46954
G1 X105.013 Y215.38 E2881.49501
G1 X104.752 Y215.548 E2881.51566
G1 X104.506 Y215.677 E2881.53414
G1 X104.254 Y215.781 E2881.55227
G1 X103.94 Y215.875 E2881.57408
G1 X103.692 Y215.926 E2881.59092
G1 X103.413 Y215.957 E2881.60959
G1 X103.098 Y215.964 E2881.63055
G1 X102.723 Y215.928 E2881.65561
G1 X102.396 Y215.859 E2881.67784
G1 X102.1 Y215.763 E2881.69854
G1 X101.792 Y215.627 E2881.72094
G1 X101.504 Y215.459 E2881.74312
G1 X101.242 Y215.268 E2881.76469
G1 X101.051 Y215.099 E2881.78165
G1 X100.784 Y214.808 E2881.80792
G1 X100.627 Y214.593 E2881.82563
G1 X100.493 Y214.377 E2881.84254
G1 X100.364 Y214.116 E2881.86191
G1 X100.266 Y213.865 E2881.87983
G1 X100.193 Y213.618 E2881.89696
G1 X100.141 Y213.359 E2881.91454
G1 X100.105 Y213.023 E2881.93702
G1 X100.108 Y212.653 E2881.96163
G1 X100.138 Y212.387 E2881.97944
G1 X100.206 Y212.063 E2882.00146
G1 X100.31 Y211.746 E2882.02365
G1 X100.468 Y211.401 E2882.04889
G1 X100.662 Y211.085 E2882.07356
G1 X100.903 Y210.783 E2882.09926
G1 X101.092 Y210.593 E2882.11709
G1 X101.388 Y210.35 E2882.14256
G1 X101.66 Y210.175 E2882.16408
G1 X101.896 Y210.053 E2882.18175
G1 X102.147 Y209.949 E2882.19982
G1 X102.461 Y209.855 E2882.22162
G1 X102.709 Y209.804 E2882.23847
G1 X102.988 Y209.773 E2882.25714
G1 X103.303 Y209.766 E2882.2781
G1 X103.678 Y209.802 E2882.30316
G1 X104.005 Y209.871 E2882.32539
G1 X104.302 Y209.967 E2882.34615
G1 X104.602 Y210.1 E2882.36798
G1 X104.89 Y210.266 E2882.3901
G1 X105.159 Y210.462 E2882.41224
G1 X105.35 Y210.631 E2882.4292
G0 F9000 X105.199 Y211.138
;TYPE:SKIN
G1 F1434.7 X105.599 Y211.777 E2882.44461
G1 X104.399 Y210.506 E2882.48034
G1 X103.199 Y210.216 E2882.50557
G1 X101.999 Y210.505 E2882.5308
G1 X101.199 Y211.134 E2882.5516
G1 X100.799 Y211.779 E2882.56712
G0 F9000 X100.799 Y212.059
G0 X100.799 Y213.668
G0 X100.799 Y213.951
G1 F1434.7 X101.199 Y214.594 E2882.58471
G1 X102.399 Y215.388 E2882.61814
G1 X103.599 Y215.482 E2882.64611
G1 X104.799 Y214.972 E2882.67641
G1 X105.599 Y213.949 E2882.70658
G1 F1500 E2881.70658
G0 F9000 X107.226 Y213.931
G0 X197.071 Y211.762
G0 X197.747 Y210.879
;TYPE:WALL-OUTER
G1 F1500 E2882.73319
G1 F1639.7 X197.464 Y210.768 E2882.75341
G1 X197.181 Y210.698 E2882.7728
G1 X196.898 Y210.667 E2882.79174
G1 X196.747 Y210.665 E2882.80178
G1 X196.343 Y210.712 E2882.82884
G1 X196.082 Y210.785 E2882.84687
G1 X195.8 Y210.904 E2882.86723
G1 X195.525 Y211.072 E2882.88866
G1 X195.258 Y211.295 E2882.91181
G1 X195.043 Y211.54 E2882.93349
G1 X194.866 Y211.813 E2882.95513
G1 X194.732 Y212.112 E2882.97693
G1 X194.644 Y212.424 E2882.99849
G1 X194.605 Y212.713 E2883.01789
G1 X194.602 Y212.978 E2883.03552
G1 X194.633 Y213.248 E2883.0536
G1 X194.701 Y213.527 E2883.0727
G1 X194.813 Y213.811 E2883.09301
G1 X194.975 Y214.095 E2883.11476
G1 X195.151 Y214.322 E2883.13386
G1 X195.34 Y214.511 E2883.15164
G1 X195.615 Y214.719 E2883.17458
G1 X195.85 Y214.85 E2883.19248
G1 X196.135 Y214.962 E2883.21285
G1 X196.418 Y215.032 E2883.23224
G1 X196.701 Y215.063 E2883.25118
G1 X196.971 Y215.059 E2883.26914
G1 X197.256 Y215.018 E2883.28829
G1 X197.517 Y214.945 E2883.30632
G1 X197.799 Y214.826 E2883.32668
G1 X198.075 Y214.658 E2883.34818
G1 X198.283 Y214.489 E2883.366
G1 X198.471 Y214.296 E2883.38393
G1 X198.635 Y214.08 E2883.40197
G1 X198.809 Y213.761 E2883.42614
G1 X198.915 Y213.47 E2883.44674
G1 X198.981 Y213.155 E2883.46815
G1 X198.999 Y212.867 E2883.48734
G1 X198.966 Y212.482 E2883.51305
G1 X198.898 Y212.203 E2883.53215
G1 X198.786 Y211.919 E2883.55246
G1 X198.624 Y211.635 E2883.57421
G1 X198.448 Y211.408 E2883.59331
G1 X198.259 Y211.219 E2883.61109
G1 X197.982 Y211.01 E2883.63418
G1 X197.747 Y210.879 E2883.65207
G0 F9000 X198.201 Y210.1
G1 F1639.7 X198.489 Y210.266 E2883.67419
G1 X198.758 Y210.462 E2883.69633
G1 X198.949 Y210.631 E2883.71329
G1 X199.216 Y210.922 E2883.73956
G1 X199.372 Y211.135 E2883.75712
G1 X199.557 Y211.449 E2883.78137
G1 X199.67 Y211.693 E2883.79925
G1 X199.778 Y212.005 E2883.82122
G1 X199.841 Y212.266 E2883.83908
G1 X199.883 Y212.551 E2883.85824
G1 X199.899 Y212.858 E2883.87869
G1 X199.884 Y213.179 E2883.90007
G1 X199.834 Y213.501 E2883.92174
G1 X199.755 Y213.802 E2883.94244
G1 X199.655 Y214.071 E2883.96153
G1 X199.536 Y214.322 E2883.98001
G1 X199.34 Y214.642 E2884.00497
G1 X199.099 Y214.944 E2884.03068
G1 X198.908 Y215.137 E2884.04874
G1 X198.612 Y215.38 E2884.07421
G1 X198.351 Y215.548 E2884.09486
G1 X198.105 Y215.677 E2884.11334
G1 X197.853 Y215.781 E2884.13147
G1 X197.539 Y215.875 E2884.15328
G1 X197.291 Y215.926 E2884.17012
G1 X197.012 Y215.957 E2884.18879
G1 X196.697 Y215.964 E2884.20975
G1 X196.322 Y215.928 E2884.23481
G1 X195.995 Y215.859 E2884.25704
G1 X195.699 Y215.763 E2884.27774
G1 X195.391 Y215.627 E2884.30014
G1 X195.103 Y215.459 E2884.32232
G1 X194.841 Y215.268 E2884.34388
G1 X194.65 Y215.099 E2884.36085
G1 X194.383 Y214.808 E2884.38712
G1 X194.226 Y214.593 E2884.40483
G1 X194.092 Y214.377 E2884.42174
G1 X193.963 Y214.116 E2884.4411
G1 X193.865 Y213.865 E2884.45903
G1 X193.792 Y213.618 E2884.47616
G1 X193.74 Y213.359 E2884.49373
G1 X193.704 Y213.023 E2884.51621
G1 X193.707 Y212.653 E2884.54083
G1 X193.737 Y212.387 E2884.55863
G1 X193.805 Y212.063 E2884.58066
G1 X193.909 Y211.746 E2884.60285
G1 X194.067 Y211.401 E2884.62809
G1 X194.261 Y211.085 E2884.65276
G1 X194.502 Y210.783 E2884.67846
G1 X194.691 Y210.593 E2884.69628
G1 X194.987 Y210.35 E2884.72176
G1 X195.259 Y210.175 E2884.74327
G1 X195.495 Y210.053 E2884.76095
G1 X195.746 Y209.949 E2884.77902
G1 X196.06 Y209.855 E2884.80082
G1 X196.308 Y209.804 E2884.81766
G1 X196.587 Y209.773 E2884.83634
G1 X196.902 Y209.766 E2884.8573
G1 X197.277 Y209.802 E2884.88236
G1 X197.604 Y209.871 E2884.90459
G1 X197.901 Y209.967 E2884.92535
G1 X198.201 Y210.1 E2884.94718
G0 F9000 X197.999 Y210.505
;TYPE:SKIN
G1 F1434.7 X198.399 Y210.759 E2884.96023
G1 X199.199 Y211.779 E2884.99592
G0 F9000 X199.199 Y212.054
G0 X199.199 Y213.664
G0 X199.199 Y213.946
G1 F1434.7 X198.799 Y214.592 E2885.01357
G1 X197.599 Y215.387 E2885.04702
G1 X196.399 Y215.481 E2885.07498
G1 X195.199 Y214.969 E2885.10529
G1 X194.399 Y213.956 E2885.13528
G0 F9000 X194.399 Y213.677
G0 X194.399 Y212.055
G0 X194.399 Y211.776
G1 F1434.7 X194.799 Y211.132 E2885.15377
G1 X195.999 Y210.34 E2885.18884
G1 X197.199 Y210.246 E2885.2182
G0 F9000 X197.599 Y210.46
G1 F1434.7 X197.599 Y210.221 E2885.22615
G1 F1500 E2884.22615
;MESH:NONMESH
G0 F300 X197.599 Y210.221 Z3.6
G0 F9000 X197.878 Y208.842
G0 X197.741 Y92.216
G0 X198.409 Y91.349
;TIME_ELAPSED:5974.862589
;LAYER:17
;TYPE:WALL-OUTER
;MESH:Top of Case V2.STL
G1 F1500 E2885.25275
G1 F1759 X198.214 Y91.164 E2885.27063
G1 X197.98 Y90.993 E2885.28991
G1 X197.624 Y90.81 E2885.31654
G1 X197.332 Y90.715 E2885.33697
G1 X197.029 Y90.662 E2885.35743
G1 X196.744 Y90.65 E2885.3764
G1 X196.343 Y90.697 E2885.40326
G1 X196.065 Y90.776 E2885.42249
G1 X195.785 Y90.897 E2885.44278
G1 X195.538 Y91.048 E2885.46203
G1 X195.258 Y91.28 E2885.48622
G1 X195.066 Y91.495 E2885.5054
G1 X194.876 Y91.782 E2885.52829
G1 X194.745 Y92.062 E2885.54886
G1 X194.664 Y92.32 E2885.56684
G1 X194.611 Y92.619 E2885.58704
G1 X194.6 Y92.904 E2885.60602
G1 X194.633 Y93.233 E2885.62801
G1 X194.696 Y93.494 E2885.64587
G1 X194.806 Y93.781 E2885.66632
G1 X194.975 Y94.08 E2885.68916
G1 X195.19 Y94.351 E2885.71218
G1 X195.385 Y94.536 E2885.73006
G1 X195.618 Y94.706 E2885.74924
G1 X195.975 Y94.89 E2885.77596
G1 X196.267 Y94.985 E2885.79638
G1 X196.57 Y95.038 E2885.81685
G1 X196.855 Y95.05 E2885.83582
G1 X197.256 Y95.003 E2885.86268
G1 X197.534 Y94.924 E2885.8819
G1 X197.814 Y94.803 E2885.90219
G1 X198.061 Y94.652 E2885.92145
G1 X198.341 Y94.42 E2885.94564
G1 X198.533 Y94.205 E2885.96481
G1 X198.723 Y93.918 E2885.98771
G1 X198.854 Y93.638 E2886.00827
G1 X198.935 Y93.38 E2886.02626
G1 X198.988 Y93.081 E2886.04646
G1 X198.999 Y92.796 E2886.06543
G1 X198.966 Y92.467 E2886.08743
G1 X198.903 Y92.206 E2886.10529
G1 X198.793 Y91.919 E2886.12573
G1 X198.624 Y91.62 E2886.14858
G1 X198.409 Y91.349 E2886.17159
G0 F9000 X199.089 Y90.759
G1 F1759 X199.27 Y90.977 E2886.19044
G1 X199.433 Y91.214 E2886.20957
G1 X199.557 Y91.434 E2886.22637
G1 X199.67 Y91.678 E2886.24426
G1 X199.767 Y91.952 E2886.2636
G1 X199.84 Y92.247 E2886.28381
G1 X199.883 Y92.533 E2886.30305
G1 X199.899 Y92.806 E2886.32124
G1 X199.89 Y93.105 E2886.34114
G1 X199.832 Y93.494 E2886.3673
G1 X199.765 Y93.756 E2886.38529
G1 X199.674 Y94.012 E2886.40336
G1 X199.535 Y94.309 E2886.42518
G1 X199.404 Y94.531 E2886.44232
G1 X199.207 Y94.803 E2886.46466
G1 X198.996 Y95.037 E2886.48562
G1 X198.711 Y95.29 E2886.51097
G1 X198.494 Y95.446 E2886.52875
G1 X198.26 Y95.584 E2886.54682
G1 X198.001 Y95.708 E2886.56592
G1 X197.6 Y95.845 E2886.59411
G1 X197.295 Y95.91 E2886.61486
G1 X197.122 Y95.933 E2886.62647
G1 X196.697 Y95.949 E2886.65476
G1 X196.384 Y95.923 E2886.67565
G1 X195.999 Y95.845 E2886.70178
G1 X195.705 Y95.751 E2886.72231
G1 X195.398 Y95.616 E2886.74462
G1 X195.103 Y95.444 E2886.76734
G1 X194.864 Y95.271 E2886.78696
G1 X194.642 Y95.076 E2886.80662
G1 X194.383 Y94.793 E2886.83214
G1 X194.166 Y94.486 E2886.85715
G1 X194.041 Y94.263 E2886.87415
G1 X193.927 Y94.018 E2886.89213
G1 X193.832 Y93.748 E2886.91117
G1 X193.758 Y93.446 E2886.93185
G1 X193.716 Y93.167 E2886.95062
G1 X193.7 Y92.894 E2886.96881
G1 X193.706 Y92.639 E2886.98578
G1 X193.745 Y92.32 E2887.00716
G1 X193.804 Y92.05 E2887.02554
G1 X193.88 Y91.807 E2887.04248
G1 X193.985 Y91.55 E2887.06094
G1 X194.13 Y91.272 E2887.0818
G1 X194.285 Y91.037 E2887.10053
G1 X194.502 Y90.768 E2887.12352
G1 X194.691 Y90.578 E2887.14134
G1 X194.987 Y90.335 E2887.16682
G1 X195.259 Y90.16 E2887.18833
G1 X195.495 Y90.038 E2887.20601
G1 X195.746 Y89.934 E2887.22408
G1 X196.06 Y89.84 E2887.24588
G1 X196.477 Y89.767 E2887.27404
G1 X196.902 Y89.751 E2887.30234
G1 X197.215 Y89.777 E2887.32323
G1 X197.6 Y89.855 E2887.34936
G1 X197.894 Y89.949 E2887.36989
G1 X198.194 Y90.081 E2887.39169
G1 X198.435 Y90.217 E2887.4101
G1 X198.66 Y90.37 E2887.4282
G1 X198.871 Y90.544 E2887.44639
G1 X199.089 Y90.759 E2887.46676
G0 F9000 X198.47 Y90.8
;TYPE:SKIN
G1 F1539.1 X197.766 Y90.4 E2887.48163
G1 X195.841 Y90.4 E2887.51698
G1 X194.731 Y91.2 E2887.54211
G1 X194.191 Y92.4 E2887.56627
G1 X194.26 Y93.6 E2887.58835
G1 X195.013 Y94.8 E2887.61436
G1 X195.6 Y95.2 E2887.62741
G1 X196.791 Y95.6 E2887.65048
G1 X197.995 Y95.2 E2887.67378
G1 X198.945 Y94.4 E2887.69658
G1 X199.422 Y93.2 E2887.7203
G1 X199.305 Y92 E2887.74244
G1 X198.868 Y91.2 E2887.75918
G1 F1500 E2886.75918
G0 F9000 X197.582 Y92.028
G0 X104.26 Y92.442
G0 X105.194 Y91.919
;TYPE:WALL-OUTER
G1 F1500 E2887.78579
G1 F1759 X105.025 Y91.62 E2887.80863
G1 X104.81 Y91.349 E2887.83164
G1 X104.615 Y91.164 E2887.84952
G1 X104.381 Y90.993 E2887.8688
G1 X104.025 Y90.81 E2887.89543
G1 X103.733 Y90.715 E2887.91586
G1 X103.43 Y90.662 E2887.93632
G1 X103.145 Y90.65 E2887.95529
G1 X102.744 Y90.697 E2887.98215
G1 X102.466 Y90.776 E2888.00138
G1 X102.186 Y90.897 E2888.02167
G1 X101.939 Y91.048 E2888.04092
G1 X101.659 Y91.28 E2888.06511
G1 X101.467 Y91.495 E2888.08429
G1 X101.277 Y91.782 E2888.10718
G1 X101.146 Y92.062 E2888.12775
G1 X101.065 Y92.32 E2888.14573
G1 X101.012 Y92.619 E2888.16593
G1 X101.001 Y92.904 E2888.18491
G1 X101.034 Y93.233 E2888.2069
G1 X101.097 Y93.494 E2888.22476
G1 X101.207 Y93.781 E2888.24521
G1 X101.376 Y94.08 E2888.26805
G1 X101.591 Y94.351 E2888.29106
G1 X101.786 Y94.536 E2888.30895
G1 X102.019 Y94.706 E2888.32813
G1 X102.376 Y94.89 E2888.35485
G1 X102.668 Y94.985 E2888.37527
G1 X102.971 Y95.038 E2888.39574
G1 X103.256 Y95.05 E2888.41471
G1 X103.657 Y95.003 E2888.44157
G1 X103.935 Y94.924 E2888.46079
G1 X104.215 Y94.803 E2888.48108
G1 X104.462 Y94.652 E2888.50034
G1 X104.742 Y94.42 E2888.52453
G1 X104.934 Y94.205 E2888.5437
G1 X105.124 Y93.918 E2888.5666
G1 X105.255 Y93.638 E2888.58716
G1 X105.336 Y93.38 E2888.60515
G1 X105.389 Y93.081 E2888.62535
G1 X105.4 Y92.796 E2888.64432
G1 X105.367 Y92.467 E2888.66632
G1 X105.304 Y92.206 E2888.68418
G1 X105.194 Y91.919 E2888.70462
G0 F9000 X106.071 Y91.678
G1 F1759 X106.168 Y91.952 E2888.72396
G1 X106.241 Y92.247 E2888.74417
G1 X106.284 Y92.533 E2888.76341
G1 X106.3 Y92.806 E2888.7816
G1 X106.291 Y93.105 E2888.8015
G1 X106.233 Y93.494 E2888.82767
G1 X106.166 Y93.756 E2888.84565
G1 X106.075 Y94.012 E2888.86373
G1 X105.936 Y94.309 E2888.88554
G1 X105.805 Y94.531 E2888.90269
G1 X105.608 Y94.803 E2888.92503
G1 X105.397 Y95.037 E2888.94599
G1 X105.112 Y95.29 E2888.97134
G1 X104.895 Y95.446 E2888.98912
G1 X104.661 Y95.584 E2889.00719
G1 X104.402 Y95.708 E2889.02629
G1 X104.001 Y95.845 E2889.05448
G1 X103.696 Y95.91 E2889.07522
G1 X103.523 Y95.933 E2889.08683
G1 X103.098 Y95.949 E2889.11512
G1 X102.785 Y95.923 E2889.13601
G1 X102.4 Y95.845 E2889.16214
G1 X102.106 Y95.751 E2889.18268
G1 X101.799 Y95.616 E2889.20499
G1 X101.504 Y95.444 E2889.2277
G1 X101.265 Y95.271 E2889.24733
G1 X101.043 Y95.076 E2889.26698
G1 X100.784 Y94.793 E2889.2925
G1 X100.567 Y94.486 E2889.31751
G1 X100.442 Y94.263 E2889.33452
G1 X100.328 Y94.018 E2889.35249
G1 X100.233 Y93.748 E2889.37153
G1 X100.159 Y93.446 E2889.39221
G1 X100.117 Y93.167 E2889.41098
G1 X100.101 Y92.894 E2889.42917
G1 X100.107 Y92.639 E2889.44614
G1 X100.146 Y92.32 E2889.46752
G1 X100.205 Y92.05 E2889.4859
G1 X100.281 Y91.807 E2889.50284
G1 X100.386 Y91.55 E2889.52131
G1 X100.531 Y91.272 E2889.54216
G1 X100.686 Y91.037 E2889.56089
G1 X100.903 Y90.768 E2889.58388
G1 X101.092 Y90.578 E2889.60171
G1 X101.388 Y90.335 E2889.62718
G1 X101.66 Y90.16 E2889.6487
G1 X101.896 Y90.038 E2889.66637
G1 X102.147 Y89.934 E2889.68444
G1 X102.461 Y89.84 E2889.70625
G1 X102.878 Y89.767 E2889.73441
G1 X103.303 Y89.751 E2889.7627
G1 X103.616 Y89.777 E2889.78359
G1 X104.001 Y89.855 E2889.80972
G1 X104.295 Y89.949 E2889.83025
G1 X104.595 Y90.081 E2889.85206
G1 X104.836 Y90.217 E2889.87046
G1 X105.061 Y90.37 E2889.88856
G1 X105.272 Y90.544 E2889.90676
G1 X105.49 Y90.759 E2889.92712
G1 X105.671 Y90.977 E2889.94597
G1 X105.834 Y91.214 E2889.96511
G1 X105.958 Y91.434 E2889.98191
G1 X106.071 Y91.678 E2889.99979
G0 F9000 X105.706 Y92
;TYPE:SKIN
G1 F1539.1 X105.531 Y91.6 E2890.0077
G1 X104.869 Y90.8 E2890.02652
G1 X104.164 Y90.4 E2890.0412
G1 X102.245 Y90.4 E2890.07597
G1 X101.133 Y91.2 E2890.10079
G1 X100.592 Y92.4 E2890.12464
G1 X100.661 Y93.6 E2890.14642
G1 X101.412 Y94.8 E2890.17207
G1 X101.998 Y95.2 E2890.18492
G1 X103.199 Y95.6 E2890.20786
G1 X104.397 Y95.2 E2890.23074
G1 X105.347 Y94.4 E2890.25324
G1 X105.823 Y93.2 E2890.27663
G1 X105.81 Y92.4 E2890.29113
G1 F1500 E2889.29113
G0 F9000 X104.336 Y92.816
G0 X103.856 Y211.937
G0 X104.615 Y211.179
;TYPE:WALL-OUTER
G1 F1500 E2890.31774
G1 F1759 X104.381 Y211.008 E2890.33702
G1 X104.025 Y210.825 E2890.36364
G1 X103.733 Y210.73 E2890.38407
G1 X103.43 Y210.677 E2890.40453
G1 X103.145 Y210.665 E2890.42351
G1 X102.744 Y210.712 E2890.45036
G1 X102.466 Y210.791 E2890.46959
G1 X102.186 Y210.912 E2890.48988
G1 X101.939 Y211.063 E2890.50914
G1 X101.659 Y211.295 E2890.53333
G1 X101.467 Y211.51 E2890.5525
G1 X101.277 Y211.797 E2890.5754
G1 X101.146 Y212.077 E2890.59596
G1 X101.065 Y212.335 E2890.61395
G1 X101.012 Y212.634 E2890.63415
G1 X101.001 Y212.919 E2890.65312
G1 X101.034 Y213.248 E2890.67511
G1 X101.097 Y213.509 E2890.69298
G1 X101.207 Y213.796 E2890.71342
G1 X101.376 Y214.095 E2890.73627
G1 X101.591 Y214.366 E2890.75928
G1 X101.786 Y214.551 E2890.77716
G1 X102.019 Y214.721 E2890.79635
G1 X102.376 Y214.905 E2890.82306
G1 X102.668 Y215 E2890.84349
G1 X102.971 Y215.053 E2890.86395
G1 X103.256 Y215.065 E2890.88292
G1 X103.657 Y215.018 E2890.90978
G1 X103.935 Y214.939 E2890.92901
G1 X104.215 Y214.818 E2890.9493
G1 X104.462 Y214.667 E2890.96855
G1 X104.742 Y214.435 E2890.99274
G1 X104.934 Y214.22 E2891.01192
G1 X105.124 Y213.933 E2891.03481
G1 X105.255 Y213.653 E2891.05538
G1 X105.336 Y213.395 E2891.07336
G1 X105.389 Y213.096 E2891.09356
G1 X105.4 Y212.811 E2891.11254
G1 X105.367 Y212.482 E2891.13453
G1 X105.304 Y212.221 E2891.15239
G1 X105.194 Y211.934 E2891.17284
G1 X105.025 Y211.635 E2891.19568
G1 X104.81 Y211.364 E2891.2187
G1 X104.615 Y211.179 E2891.23658
G0 F9000 X105.49 Y210.774
G1 F1759 X105.671 Y210.992 E2891.25542
G1 X105.834 Y211.229 E2891.27456
G1 X105.958 Y211.449 E2891.29136
G1 X106.071 Y211.693 E2891.30924
G1 X106.168 Y211.967 E2891.32858
G1 X106.241 Y212.262 E2891.34879
G1 X106.284 Y212.548 E2891.36803
G1 X106.3 Y212.821 E2891.38622
G1 X106.291 Y213.12 E2891.40612
G1 X106.233 Y213.509 E2891.43229
G1 X106.166 Y213.771 E2891.45027
G1 X106.075 Y214.027 E2891.46835
G1 X105.936 Y214.324 E2891.49016
G1 X105.805 Y214.546 E2891.50731
G1 X105.608 Y214.818 E2891.52965
G1 X105.397 Y215.052 E2891.55061
G1 X105.112 Y215.305 E2891.57596
G1 X104.895 Y215.461 E2891.59374
G1 X104.661 Y215.599 E2891.61181
G1 X104.402 Y215.723 E2891.63091
G1 X104.001 Y215.86 E2891.6591
G1 X103.696 Y215.925 E2891.67984
G1 X103.523 Y215.948 E2891.69145
G1 X103.098 Y215.964 E2891.71974
G1 X102.785 Y215.938 E2891.74063
G1 X102.4 Y215.86 E2891.76676
G1 X102.106 Y215.766 E2891.7873
G1 X101.799 Y215.631 E2891.80961
G1 X101.504 Y215.459 E2891.83232
G1 X101.265 Y215.286 E2891.85195
G1 X101.043 Y215.091 E2891.8716
G1 X100.784 Y214.808 E2891.89712
G1 X100.567 Y214.501 E2891.92213
G1 X100.442 Y214.278 E2891.93914
G1 X100.328 Y214.033 E2891.95711
G1 X100.233 Y213.763 E2891.97615
G1 X100.159 Y213.461 E2891.99683
G1 X100.117 Y213.182 E2892.0156
G1 X100.101 Y212.909 E2892.03379
G1 X100.107 Y212.654 E2892.05076
G1 X100.146 Y212.335 E2892.07214
G1 X100.205 Y212.065 E2892.09052
G1 X100.281 Y211.822 E2892.10746
G1 X100.386 Y211.565 E2892.12593
G1 X100.531 Y211.287 E2892.14678
G1 X100.686 Y211.052 E2892.16551
G1 X100.903 Y210.783 E2892.1885
G1 X101.092 Y210.593 E2892.20633
G1 X101.388 Y210.35 E2892.2318
G1 X101.66 Y210.175 E2892.25332
G1 X101.896 Y210.053 E2892.27099
G1 X102.147 Y209.949 E2892.28906
G1 X102.461 Y209.855 E2892.31087
G1 X102.878 Y209.782 E2892.33903
G1 X103.303 Y209.766 E2892.36732
G1 X103.616 Y209.792 E2892.38821
G1 X104.001 Y209.87 E2892.41434
G1 X104.295 Y209.964 E2892.43487
G1 X104.595 Y210.096 E2892.45668
G1 X104.836 Y210.232 E2892.47508
G1 X105.061 Y210.385 E2892.49318
G1 X105.272 Y210.559 E2892.51138
G1 X105.49 Y210.774 E2892.53174
G0 F9000 X105.256 Y211.2
;TYPE:SKIN
G1 F1539.1 X104.849 Y210.8 E2892.54256
G1 X104.122 Y210.4 E2892.5583
G1 X102.285 Y210.4 E2892.59312
G1 X101.145 Y211.2 E2892.61953
G1 X100.593 Y212.4 E2892.64457
G1 X100.655 Y213.6 E2892.66735
G1 X101.396 Y214.8 E2892.69409
G1 X101.97 Y215.2 E2892.70736
G1 X103.202 Y215.6 E2892.73192
G1 X104.427 Y215.2 E2892.75635
G1 X105.356 Y214.4 E2892.77959
G1 X105.825 Y213.2 E2892.80402
G1 X105.699 Y212 E2892.8269
G1 X105.522 Y211.6 E2892.83519
G1 F1500 E2891.83519
G0 F9000 X106.911 Y210.974
G0 X197.002 Y211.748
G0 X197.624 Y210.825
;TYPE:WALL-OUTER
G1 F1500 E2892.8618
G1 F1759 X197.332 Y210.73 E2892.88222
G1 X197.029 Y210.677 E2892.90269
G1 X196.744 Y210.665 E2892.92166
G1 X196.343 Y210.712 E2892.94852
G1 X196.065 Y210.791 E2892.96774
G1 X195.785 Y210.912 E2892.98803
G1 X195.538 Y211.063 E2893.00729
G1 X195.258 Y211.295 E2893.03148
G1 X195.066 Y211.51 E2893.05065
G1 X194.876 Y211.797 E2893.07355
G1 X194.745 Y212.077 E2893.09411
G1 X194.664 Y212.335 E2893.1121
G1 X194.611 Y212.634 E2893.1323
G1 X194.6 Y212.919 E2893.15127
G1 X194.633 Y213.248 E2893.17327
G1 X194.696 Y213.509 E2893.19113
G1 X194.806 Y213.796 E2893.21157
G1 X194.975 Y214.095 E2893.23442
G1 X195.19 Y214.366 E2893.25743
G1 X195.385 Y214.551 E2893.27531
G1 X195.618 Y214.721 E2893.2945
G1 X195.975 Y214.905 E2893.32122
G1 X196.267 Y215 E2893.34164
G1 X196.57 Y215.053 E2893.3621
G1 X196.855 Y215.065 E2893.38108
G1 X197.256 Y215.018 E2893.40794
G1 X197.534 Y214.939 E2893.42716
G1 X197.814 Y214.818 E2893.44745
G1 X198.061 Y214.667 E2893.46671
G1 X198.341 Y214.435 E2893.4909
G1 X198.533 Y214.22 E2893.51007
G1 X198.723 Y213.933 E2893.53297
G1 X198.854 Y213.653 E2893.55353
G1 X198.935 Y213.395 E2893.57152
G1 X198.988 Y213.096 E2893.59172
G1 X198.999 Y212.811 E2893.61069
G1 X198.966 Y212.482 E2893.63269
G1 X198.903 Y212.221 E2893.65055
G1 X198.793 Y211.934 E2893.67099
G1 X198.624 Y211.635 E2893.69384
G1 X198.409 Y211.364 E2893.71685
G1 X198.214 Y211.179 E2893.73473
G1 X197.98 Y211.008 E2893.75401
G1 X197.624 Y210.825 E2893.78064
G0 F9000 X197.894 Y209.964
G1 F1759 X198.194 Y210.096 E2893.80244
G1 X198.435 Y210.232 E2893.82085
G1 X198.66 Y210.385 E2893.83895
G1 X198.871 Y210.559 E2893.85714
G1 X199.089 Y210.774 E2893.87751
G1 X199.27 Y210.992 E2893.89635
G1 X199.433 Y211.229 E2893.91549
G1 X199.557 Y211.449 E2893.93229
G1 X199.67 Y211.693 E2893.95017
G1 X199.767 Y211.967 E2893.96951
G1 X199.84 Y212.262 E2893.98972
G1 X199.883 Y212.548 E2894.00896
G1 X199.899 Y212.821 E2894.02715
G1 X199.89 Y213.12 E2894.04705
G1 X199.832 Y213.509 E2894.07321
G1 X199.765 Y213.771 E2894.0912
G1 X199.674 Y214.027 E2894.10928
G1 X199.535 Y214.324 E2894.13109
G1 X199.404 Y214.546 E2894.14824
G1 X199.207 Y214.818 E2894.17058
G1 X198.996 Y215.052 E2894.19154
G1 X198.711 Y215.305 E2894.21689
G1 X198.494 Y215.461 E2894.23467
G1 X198.26 Y215.599 E2894.25274
G1 X198.001 Y215.723 E2894.27184
G1 X197.6 Y215.86 E2894.30003
G1 X197.295 Y215.925 E2894.32077
G1 X197.122 Y215.948 E2894.33238
G1 X196.697 Y215.964 E2894.36067
G1 X196.384 Y215.938 E2894.38156
G1 X195.999 Y215.86 E2894.40769
G1 X195.705 Y215.766 E2894.42823
G1 X195.398 Y215.631 E2894.45054
G1 X195.103 Y215.459 E2894.47325
G1 X194.864 Y215.286 E2894.49288
G1 X194.642 Y215.091 E2894.51253
G1 X194.383 Y214.808 E2894.53805
G1 X194.166 Y214.501 E2894.56306
G1 X194.041 Y214.278 E2894.58007
G1 X193.927 Y214.033 E2894.59804
G1 X193.832 Y213.763 E2894.61708
G1 X193.758 Y213.461 E2894.63776
G1 X193.716 Y213.182 E2894.65653
G1 X193.7 Y212.909 E2894.67472
G1 X193.706 Y212.654 E2894.69169
G1 X193.745 Y212.335 E2894.71307
G1 X193.804 Y212.065 E2894.73145
G1 X193.88 Y211.822 E2894.74839
G1 X193.985 Y211.565 E2894.76686
G1 X194.13 Y211.287 E2894.78771
G1 X194.285 Y211.052 E2894.80644
G1 X194.502 Y210.783 E2894.82943
G1 X194.691 Y210.593 E2894.84726
G1 X194.987 Y210.35 E2894.87273
G1 X195.259 Y210.175 E2894.89425
G1 X195.495 Y210.053 E2894.91192
G1 X195.746 Y209.949 E2894.92999
G1 X196.06 Y209.855 E2894.9518
G1 X196.477 Y209.782 E2894.97996
G1 X196.902 Y209.766 E2895.00825
G1 X197.215 Y209.792 E2895.02914
G1 X197.6 Y209.87 E2895.05527
G1 X197.894 Y209.964 E2895.0758
G0 F9000 X197.722 Y210.4
;TYPE:SKIN
G1 F1539.1 X198.449 Y210.8 E2895.09221
G1 X199.299 Y212 E2895.12129
G1 X199.425 Y213.2 E2895.14515
G1 X198.956 Y214.4 E2895.17063
G1 X198.027 Y215.2 E2895.19487
G1 X196.802 Y215.6 E2895.22036
G1 X195.57 Y215.2 E2895.24597
G1 X194.648 Y214.4 E2895.27011
G1 X194.175 Y213.2 E2895.29562
G1 X194.296 Y212 E2895.31947
G1 X195.148 Y210.8 E2895.34857
G0 F9000 X195.555 Y210.4
G1 F1539.1 X196.216 Y210.4 E2895.37055
G1 F1500 E2894.37055
;MESH:NONMESH
G0 F300 X196.216 Y210.4 Z3.8
G0 F9000 X195.936 Y208.79
G0 X197.743 Y92.218
G0 X198.409 Y91.349
;TIME_ELAPSED:5987.896933
;LAYER:18
;TYPE:WALL-OUTER
;MESH:Top of Case V2.STL
G1 F1500 E2895.39716
G1 F1633.9 X198.199 Y91.153 E2895.41627
G1 X197.982 Y90.995 E2895.43413
G1 X197.624 Y90.81 E2895.46093
G1 X197.332 Y90.715 E2895.48136
G1 X197.029 Y90.662 E2895.50182
G1 X196.743 Y90.65 E2895.52086
G1 X196.344 Y90.697 E2895.54759
G1 X196.064 Y90.776 E2895.56694
G1 X195.783 Y90.898 E2895.58732
G1 X195.491 Y91.081 E2895.61024
G1 X195.27 Y91.268 E2895.6295
G1 X195.09 Y91.465 E2895.64725
G1 X194.933 Y91.684 E2895.66517
G1 X194.789 Y91.956 E2895.68565
G1 X194.679 Y92.263 E2895.70734
G1 X194.618 Y92.561 E2895.72757
G1 X194.6 Y92.848 E2895.7467
G1 X194.633 Y93.233 E2895.77241
G1 X194.696 Y93.494 E2895.79027
G1 X194.805 Y93.781 E2895.81069
G1 X194.975 Y94.081 E2895.83363
G1 X195.19 Y94.351 E2895.85658
G1 X195.4 Y94.547 E2895.87569
G1 X195.618 Y94.706 E2895.89364
G1 X195.975 Y94.89 E2895.92036
G1 X196.267 Y94.985 E2895.94078
G1 X196.57 Y95.038 E2895.96125
G1 X196.856 Y95.05 E2895.98029
G1 X197.255 Y95.003 E2896.00701
G1 X197.535 Y94.924 E2896.02637
G1 X197.816 Y94.802 E2896.04674
G1 X198.107 Y94.62 E2896.06958
G1 X198.342 Y94.419 E2896.09015
G1 X198.544 Y94.19 E2896.11046
G1 X198.723 Y93.918 E2896.13212
G1 X198.854 Y93.638 E2896.15268
G1 X198.935 Y93.38 E2896.17067
G1 X198.988 Y93.081 E2896.19087
G1 X198.999 Y92.795 E2896.20991
G1 X198.966 Y92.467 E2896.23184
G1 X198.903 Y92.206 E2896.2497
G1 X198.794 Y91.919 E2896.27012
G1 X198.624 Y91.619 E2896.29306
G1 X198.409 Y91.349 E2896.31602
G0 F9000 X199.097 Y90.768
G1 F1633.9 X199.303 Y91.022 E2896.33777
G1 X199.451 Y91.243 E2896.35546
G1 X199.614 Y91.55 E2896.37858
G1 X199.729 Y91.836 E2896.39909
G1 X199.806 Y92.092 E2896.41687
G1 X199.859 Y92.354 E2896.43465
G1 X199.891 Y92.623 E2896.45267
G1 X199.898 Y92.955 E2896.47476
G1 X199.865 Y93.313 E2896.49868
G1 X199.801 Y93.628 E2896.52006
G1 X199.703 Y93.937 E2896.54163
G1 X199.572 Y94.237 E2896.5634
G1 X199.405 Y94.531 E2896.58589
G1 X199.22 Y94.788 E2896.60696
G1 X198.996 Y95.037 E2896.62924
G1 X198.795 Y95.222 E2896.64741
G1 X198.581 Y95.387 E2896.66538
G1 X198.355 Y95.531 E2896.68321
G1 X198.105 Y95.662 E2896.70198
G1 X197.853 Y95.766 E2896.72012
G1 X197.539 Y95.86 E2896.74192
G1 X197.122 Y95.933 E2896.77008
G1 X196.699 Y95.949 E2896.79824
G1 X196.372 Y95.921 E2896.82007
G1 X195.995 Y95.843 E2896.84568
G1 X195.706 Y95.752 E2896.86584
G1 X195.438 Y95.635 E2896.88529
G1 X195.161 Y95.481 E2896.90637
G1 X194.949 Y95.338 E2896.92338
G1 X194.685 Y95.116 E2896.94633
G1 X194.495 Y94.924 E2896.9643
G1 X194.296 Y94.678 E2896.98534
G1 X194.148 Y94.457 E2897.00304
G1 X193.985 Y94.15 E2897.02616
G1 X193.865 Y93.85 E2897.04765
G1 X193.793 Y93.608 E2897.06445
G1 X193.74 Y93.346 E2897.08223
G1 X193.708 Y93.077 E2897.10025
G1 X193.7 Y92.803 E2897.11848
G1 X193.729 Y92.419 E2897.1441
G1 X193.798 Y92.072 E2897.16763
G1 X193.896 Y91.763 E2897.1892
G1 X194.027 Y91.463 E2897.21097
G1 X194.197 Y91.165 E2897.23379
G1 X194.383 Y90.907 E2897.25495
G1 X194.603 Y90.663 E2897.27681
G1 X194.794 Y90.487 E2897.29408
G1 X195.063 Y90.281 E2897.31662
G1 X195.303 Y90.136 E2897.33527
G1 X195.598 Y89.992 E2897.35711
G1 X195.999 Y89.855 E2897.3853
G1 X196.304 Y89.79 E2897.40604
G1 X196.588 Y89.758 E2897.42505
G1 X196.9 Y89.751 E2897.44581
G1 X197.227 Y89.779 E2897.46765
G1 X197.604 Y89.857 E2897.49326
G1 X197.893 Y89.948 E2897.51341
G1 X198.161 Y90.065 E2897.53286
G1 X198.438 Y90.219 E2897.55394
G1 X198.65 Y90.362 E2897.57096
G1 X198.914 Y90.584 E2897.5939
G1 X199.097 Y90.768 E2897.61116
G0 F9000 X198.8 Y91.122
;TYPE:SKIN
G1 F1429.7 X199.2 Y91.764 E2897.62672
G1 X198 Y90.492 E2897.6627
G1 X196.8 Y90.201 E2897.6881
G1 X195.6 Y90.49 E2897.71349
G1 X194.8 Y91.119 E2897.73442
G1 X194.4 Y91.764 E2897.75003
G0 F9000 X194.4 Y92.045
G0 X194.4 Y93.657
G0 X194.4 Y93.936
G1 F1429.7 X194.8 Y94.576 E2897.76758
G1 X196 Y95.371 E2897.80104
G1 X197.2 Y95.461 E2897.82901
G1 X198.4 Y94.955 E2897.85928
G1 X199.2 Y93.933 E2897.88945
G1 F1500 E2896.88945
G0 F9000 X197.859 Y93.258
G0 X104.26 Y92.442
G0 X105.195 Y91.919
;TYPE:WALL-OUTER
G1 F1500 E2897.91605
G1 F1633.9 X105.025 Y91.619 E2897.93899
G1 X104.81 Y91.349 E2897.96195
G1 X104.6 Y91.153 E2897.98106
G1 X104.383 Y90.995 E2897.99892
G1 X104.025 Y90.81 E2898.02572
G1 X103.733 Y90.715 E2898.04615
G1 X103.43 Y90.662 E2898.06661
G1 X103.144 Y90.65 E2898.08565
G1 X102.745 Y90.697 E2898.11238
G1 X102.465 Y90.776 E2898.13173
G1 X102.184 Y90.898 E2898.15211
G1 X101.892 Y91.081 E2898.17503
G1 X101.671 Y91.268 E2898.19429
G1 X101.491 Y91.465 E2898.21204
G1 X101.334 Y91.684 E2898.22996
G1 X101.19 Y91.956 E2898.25044
G1 X101.08 Y92.263 E2898.27213
G1 X101.019 Y92.561 E2898.29236
G1 X101 Y92.869 E2898.31289
G1 X101.034 Y93.233 E2898.33721
G1 X101.097 Y93.494 E2898.35507
G1 X101.206 Y93.781 E2898.37549
G1 X101.376 Y94.081 E2898.39843
G1 X101.591 Y94.351 E2898.42139
G1 X101.801 Y94.547 E2898.4405
G1 X102.019 Y94.706 E2898.45844
G1 X102.376 Y94.89 E2898.48516
G1 X102.668 Y94.985 E2898.50559
G1 X102.971 Y95.038 E2898.52605
G1 X103.257 Y95.05 E2898.54509
G1 X103.656 Y95.003 E2898.57182
G1 X103.936 Y94.924 E2898.59117
G1 X104.217 Y94.802 E2898.61155
G1 X104.508 Y94.62 E2898.63438
G1 X104.743 Y94.419 E2898.65495
G1 X104.945 Y94.19 E2898.67526
G1 X105.124 Y93.918 E2898.69692
G1 X105.255 Y93.638 E2898.71748
G1 X105.336 Y93.38 E2898.73547
G1 X105.389 Y93.081 E2898.75567
G1 X105.4 Y92.795 E2898.77471
G1 X105.367 Y92.467 E2898.79664
G1 X105.304 Y92.206 E2898.8145
G1 X105.195 Y91.919 E2898.83492
G0 F9000 X106.015 Y91.55
G1 F1633.9 X106.13 Y91.836 E2898.85543
G1 X106.207 Y92.092 E2898.87321
G1 X106.26 Y92.354 E2898.89099
G1 X106.292 Y92.623 E2898.90901
G1 X106.299 Y92.955 E2898.9311
G1 X106.266 Y93.313 E2898.95502
G1 X106.202 Y93.628 E2898.9764
G1 X106.104 Y93.937 E2898.99796
G1 X105.973 Y94.237 E2899.01974
G1 X105.806 Y94.531 E2899.04223
G1 X105.621 Y94.788 E2899.06329
G1 X105.397 Y95.037 E2899.08557
G1 X105.196 Y95.222 E2899.10375
G1 X104.982 Y95.387 E2899.12172
G1 X104.756 Y95.531 E2899.13955
G1 X104.506 Y95.662 E2899.15832
G1 X104.254 Y95.766 E2899.17646
G1 X103.94 Y95.86 E2899.19826
G1 X103.523 Y95.933 E2899.22642
G1 X103.1 Y95.949 E2899.25458
G1 X102.773 Y95.921 E2899.27641
G1 X102.396 Y95.843 E2899.30202
G1 X102.107 Y95.752 E2899.32217
G1 X101.839 Y95.635 E2899.34163
G1 X101.562 Y95.481 E2899.36271
G1 X101.35 Y95.338 E2899.37972
G1 X101.086 Y95.116 E2899.40266
G1 X100.896 Y94.924 E2899.42063
G1 X100.697 Y94.678 E2899.44168
G1 X100.549 Y94.457 E2899.45937
G1 X100.386 Y94.15 E2899.4825
G1 X100.266 Y93.85 E2899.50399
G1 X100.194 Y93.608 E2899.52078
G1 X100.141 Y93.346 E2899.53857
G1 X100.109 Y93.077 E2899.55659
G1 X100.101 Y92.803 E2899.57482
G1 X100.13 Y92.419 E2899.60044
G1 X100.199 Y92.072 E2899.62397
G1 X100.297 Y91.763 E2899.64553
G1 X100.428 Y91.463 E2899.66731
G1 X100.598 Y91.165 E2899.69013
G1 X100.784 Y90.907 E2899.71129
G1 X101.004 Y90.663 E2899.73314
G1 X101.195 Y90.487 E2899.75042
G1 X101.464 Y90.281 E2899.77296
G1 X101.704 Y90.136 E2899.79161
G1 X101.999 Y89.992 E2899.81345
G1 X102.4 Y89.855 E2899.84164
G1 X102.705 Y89.79 E2899.86238
G1 X102.989 Y89.758 E2899.88139
G1 X103.301 Y89.751 E2899.90215
G1 X103.628 Y89.779 E2899.92398
G1 X104.005 Y89.857 E2899.94959
G1 X104.294 Y89.948 E2899.96975
G1 X104.562 Y90.065 E2899.9892
G1 X104.839 Y90.219 E2900.01028
G1 X105.051 Y90.362 E2900.02729
G1 X105.315 Y90.584 E2900.05024
G1 X105.498 Y90.768 E2900.0675
G1 X105.704 Y91.022 E2900.08925
G1 X105.852 Y91.243 E2900.10695
G1 X106.015 Y91.55 E2900.13007
G0 F9000 X105.599 Y91.761
;TYPE:SKIN
G1 F1429.7 X105.199 Y91.121 E2900.14664
G1 X103.999 Y90.327 E2900.17823
G1 X102.799 Y90.234 E2900.20466
G1 X101.599 Y90.743 E2900.23328
G1 X100.799 Y91.766 E2900.2618
G0 F9000 X100.799 Y92.048
G0 X100.799 Y93.655
G0 X100.799 Y93.934
G1 F1429.7 X101.199 Y94.575 E2900.27937
G1 X102.399 Y95.371 E2900.31285
G1 X103.599 Y95.462 E2900.34083
G1 X104.799 Y94.956 E2900.37111
G1 X105.599 Y93.936 E2900.40125
G1 F1500 E2899.40125
G0 F9000 X106.919 Y94.724
G0 X103.809 Y211.906
G0 X104.6 Y211.168
;TYPE:WALL-OUTER
G1 F1500 E2900.42786
G1 F1633.9 X104.383 Y211.01 E2900.44571
G1 X104.025 Y210.825 E2900.47252
G1 X103.733 Y210.73 E2900.49295
G1 X103.43 Y210.677 E2900.51341
G1 X103.144 Y210.665 E2900.53245
G1 X102.745 Y210.712 E2900.55917
G1 X102.465 Y210.791 E2900.57853
G1 X102.184 Y210.913 E2900.59891
G1 X101.892 Y211.096 E2900.62183
G1 X101.671 Y211.283 E2900.64109
G1 X101.491 Y211.48 E2900.65884
G1 X101.334 Y211.699 E2900.67676
G1 X101.19 Y211.971 E2900.69723
G1 X101.08 Y212.278 E2900.71893
G1 X101.019 Y212.576 E2900.73916
G1 X101 Y212.884 E2900.75969
G1 X101.034 Y213.248 E2900.78401
G1 X101.097 Y213.509 E2900.80187
G1 X101.206 Y213.796 E2900.82229
G1 X101.376 Y214.096 E2900.84523
G1 X101.591 Y214.366 E2900.86819
G1 X101.801 Y214.562 E2900.8873
G1 X102.019 Y214.721 E2900.90524
G1 X102.376 Y214.905 E2900.93196
G1 X102.668 Y215 E2900.95239
G1 X102.971 Y215.053 E2900.97285
G1 X103.257 Y215.065 E2900.99189
G1 X103.656 Y215.018 E2901.01861
G1 X103.936 Y214.939 E2901.03797
G1 X104.217 Y214.817 E2901.05835
G1 X104.508 Y214.635 E2901.08118
G1 X104.743 Y214.434 E2901.10175
G1 X104.945 Y214.205 E2901.12206
G1 X105.124 Y213.933 E2901.14372
G1 X105.255 Y213.653 E2901.16428
G1 X105.336 Y213.395 E2901.18227
G1 X105.389 Y213.096 E2901.20247
G1 X105.4 Y212.81 E2901.22151
G1 X105.367 Y212.482 E2901.24344
G1 X105.304 Y212.221 E2901.2613
G1 X105.195 Y211.934 E2901.28172
G1 X105.025 Y211.634 E2901.30466
G1 X104.81 Y211.364 E2901.32762
G1 X104.6 Y211.168 E2901.34673
G0 F9000 X105.051 Y210.377
G1 F1633.9 X105.315 Y210.599 E2901.36967
G1 X105.498 Y210.783 E2901.38693
G1 X105.704 Y211.037 E2901.40869
G1 X105.852 Y211.258 E2901.42638
G1 X106.015 Y211.565 E2901.4495
G1 X106.13 Y211.851 E2901.47001
G1 X106.207 Y212.107 E2901.48779
G1 X106.26 Y212.369 E2901.50557
G1 X106.292 Y212.638 E2901.52359
G1 X106.299 Y212.97 E2901.54568
G1 X106.266 Y213.328 E2901.5696
G1 X106.202 Y213.643 E2901.59098
G1 X106.104 Y213.952 E2901.61254
G1 X105.973 Y214.252 E2901.63432
G1 X105.806 Y214.546 E2901.65681
G1 X105.621 Y214.803 E2901.67787
G1 X105.397 Y215.052 E2901.70015
G1 X105.196 Y215.237 E2901.71833
G1 X104.982 Y215.402 E2901.7363
G1 X104.756 Y215.546 E2901.75413
G1 X104.506 Y215.677 E2901.7729
G1 X104.254 Y215.781 E2901.79104
G1 X103.94 Y215.875 E2901.81284
G1 X103.523 Y215.948 E2901.841
G1 X103.1 Y215.964 E2901.86916
G1 X102.773 Y215.936 E2901.89099
G1 X102.396 Y215.858 E2901.9166
G1 X102.107 Y215.767 E2901.93675
G1 X101.839 Y215.65 E2901.95621
G1 X101.562 Y215.496 E2901.97729
G1 X101.35 Y215.353 E2901.9943
G1 X101.086 Y215.131 E2902.01725
G1 X100.896 Y214.939 E2902.03521
G1 X100.697 Y214.693 E2902.05626
G1 X100.549 Y214.472 E2902.07395
G1 X100.386 Y214.165 E2902.09708
G1 X100.266 Y213.865 E2902.11857
G1 X100.194 Y213.623 E2902.13536
G1 X100.141 Y213.361 E2902.15315
G1 X100.109 Y213.092 E2902.17117
G1 X100.101 Y212.818 E2902.1894
G1 X100.13 Y212.434 E2902.21502
G1 X100.199 Y212.087 E2902.23855
G1 X100.297 Y211.778 E2902.26012
G1 X100.428 Y211.478 E2902.28189
G1 X100.598 Y211.18 E2902.30471
G1 X100.784 Y210.922 E2902.32587
G1 X101.004 Y210.678 E2902.34772
G1 X101.195 Y210.502 E2902.365
G1 X101.464 Y210.296 E2902.38754
G1 X101.704 Y210.151 E2902.40619
G1 X101.999 Y210.007 E2902.42803
G1 X102.4 Y209.87 E2902.45622
G1 X102.705 Y209.805 E2902.47696
G1 X102.989 Y209.773 E2902.49597
G1 X103.301 Y209.766 E2902.51673
G1 X103.628 Y209.794 E2902.53856
G1 X104.005 Y209.872 E2902.56417
G1 X104.294 Y209.963 E2902.58433
G1 X104.562 Y210.08 E2902.60378
G1 X104.839 Y210.234 E2902.62486
G1 X105.051 Y210.377 E2902.64187
G0 F9000 X104.799 Y210.755
;TYPE:SKIN
G1 F1429.7 X105.199 Y211.137 E2902.65911
G1 X105.599 Y211.777 E2902.68263
G0 F9000 X105.599 Y212.056
G0 X105.599 Y213.673
G0 X105.599 Y213.952
G1 F1429.7 X105.199 Y214.596 E2902.70024
G1 X103.999 Y215.388 E2902.73364
G1 X102.799 Y215.481 E2902.76159
G1 X101.599 Y214.974 E2902.79185
G1 X100.799 Y213.95 E2902.82203
G0 F9000 X100.799 Y213.671
G0 X100.799 Y212.064
G0 X100.799 Y211.782
G1 F1429.7 X101.199 Y211.136 E2902.83998
G1 X102.399 Y210.342 E2902.87397
G1 X103.599 Y210.249 E2902.9024
G1 X104.399 Y210.508 E2902.92226
G1 F1500 E2901.92226
G0 F9000 X105.695 Y209.53
G0 X197.002 Y211.748
G0 X197.624 Y210.825
;TYPE:WALL-OUTER
G1 F1500 E2902.94887
G1 F1633.9 X197.332 Y210.73 E2902.9693
G1 X197.029 Y210.677 E2902.98976
G1 X196.743 Y210.665 E2903.0088
G1 X196.344 Y210.712 E2903.03552
G1 X196.064 Y210.791 E2903.05488
G1 X195.783 Y210.913 E2903.07526
G1 X195.491 Y211.096 E2903.09818
G1 X195.27 Y211.283 E2903.11744
G1 X195.09 Y211.48 E2903.13519
G1 X194.933 Y211.699 E2903.15311
G1 X194.789 Y211.971 E2903.17358
G1 X194.679 Y212.278 E2903.19528
G1 X194.618 Y212.576 E2903.21551
G1 X194.6 Y212.863 E2903.23464
G1 X194.633 Y213.248 E2903.26034
G1 X194.696 Y213.509 E2903.27821
G1 X194.805 Y213.796 E2903.29863
G1 X194.975 Y214.096 E2903.32156
G1 X195.19 Y214.366 E2903.34452
G1 X195.4 Y214.562 E2903.36363
G1 X195.618 Y214.721 E2903.38158
G1 X195.975 Y214.905 E2903.4083
G1 X196.267 Y215 E2903.42872
G1 X196.57 Y215.053 E2903.44918
G1 X196.856 Y215.065 E2903.46823
G1 X197.255 Y215.018 E2903.49495
G1 X197.535 Y214.939 E2903.5143
G1 X197.816 Y214.817 E2903.53468
G1 X198.107 Y214.635 E2903.55751
G1 X198.342 Y214.434 E2903.57808
G1 X198.544 Y214.205 E2903.5984
G1 X198.723 Y213.933 E2903.62006
G1 X198.854 Y213.653 E2903.64062
G1 X198.935 Y213.395 E2903.65861
G1 X198.988 Y213.096 E2903.67881
G1 X198.999 Y212.81 E2903.69785
G1 X198.966 Y212.482 E2903.71978
G1 X198.903 Y212.221 E2903.73764
G1 X198.794 Y211.934 E2903.75806
G1 X198.624 Y211.634 E2903.781
G1 X198.409 Y211.364 E2903.80395
G1 X198.199 Y211.168 E2903.82306
G1 X197.982 Y211.01 E2903.84092
G1 X197.624 Y210.825 E2903.86772
G0 F9000 X197.893 Y209.963
G1 F1633.9 X198.161 Y210.08 E2903.88718
G1 X198.438 Y210.234 E2903.90826
G1 X198.65 Y210.377 E2903.92527
G1 X198.914 Y210.599 E2903.94821
G1 X199.097 Y210.783 E2903.96548
G1 X199.303 Y211.037 E2903.98723
G1 X199.451 Y211.258 E2904.00492
G1 X199.614 Y211.565 E2904.02805
G1 X199.729 Y211.851 E2904.04855
G1 X199.806 Y212.107 E2904.06633
G1 X199.859 Y212.369 E2904.08412
G1 X199.891 Y212.638 E2904.10214
G1 X199.898 Y212.97 E2904.12423
G1 X199.865 Y213.328 E2904.14814
G1 X199.801 Y213.643 E2904.16952
G1 X199.703 Y213.952 E2904.19109
G1 X199.572 Y214.252 E2904.21286
G1 X199.405 Y214.546 E2904.23535
G1 X199.22 Y214.803 E2904.25642
G1 X198.996 Y215.052 E2904.2787
G1 X198.795 Y215.237 E2904.29687
G1 X198.581 Y215.402 E2904.31485
G1 X198.355 Y215.546 E2904.33267
G1 X198.105 Y215.677 E2904.35145
G1 X197.853 Y215.781 E2904.36958
G1 X197.539 Y215.875 E2904.39138
G1 X197.122 Y215.948 E2904.41954
G1 X196.699 Y215.964 E2904.4477
G1 X196.372 Y215.936 E2904.46953
G1 X195.995 Y215.858 E2904.49514
G1 X195.706 Y215.767 E2904.5153
G1 X195.438 Y215.65 E2904.53475
G1 X195.161 Y215.496 E2904.55583
G1 X194.949 Y215.353 E2904.57284
G1 X194.685 Y215.131 E2904.59579
G1 X194.495 Y214.939 E2904.61376
G1 X194.296 Y214.693 E2904.63481
G1 X194.148 Y214.472 E2904.6525
G1 X193.985 Y214.165 E2904.67562
G1 X193.865 Y213.865 E2904.69711
G1 X193.793 Y213.623 E2904.71391
G1 X193.74 Y213.361 E2904.73169
G1 X193.708 Y213.092 E2904.74971
G1 X193.7 Y212.818 E2904.76794
G1 X193.729 Y212.434 E2904.79356
G1 X193.798 Y212.087 E2904.8171
G1 X193.896 Y211.778 E2904.83866
G1 X194.027 Y211.478 E2904.86043
G1 X194.197 Y211.18 E2904.88326
G1 X194.383 Y210.922 E2904.90441
G1 X194.603 Y210.678 E2904.92627
G1 X194.794 Y210.502 E2904.94355
G1 X195.063 Y210.296 E2904.96608
G1 X195.303 Y210.151 E2904.98474
G1 X195.598 Y210.007 E2905.00657
G1 X195.999 Y209.87 E2905.03476
G1 X196.304 Y209.805 E2905.05551
G1 X196.588 Y209.773 E2905.07452
G1 X196.9 Y209.766 E2905.09528
G1 X197.227 Y209.794 E2905.11711
G1 X197.604 Y209.872 E2905.14272
G1 X197.893 Y209.963 E2905.16287
G0 F9000 X197.599 Y210.342
;TYPE:SKIN
G1 F1429.7 X197.999 Y210.507 E2905.17416
G1 X198.799 Y211.137 E2905.20071
G1 X199.199 Y211.779 E2905.22044
G0 F9000 X199.199 Y212.058
G0 X199.199 Y213.669
G0 X199.199 Y213.948
G1 F1429.7 X198.799 Y214.594 E2905.23809
G1 X197.599 Y215.387 E2905.27149
G1 X196.399 Y215.48 E2905.29944
G1 X195.199 Y214.974 E2905.32969
G1 X194.399 Y213.951 E2905.35985
G0 F9000 X194.399 Y213.672
G0 X194.399 Y212.06
G0 X194.399 Y211.779
G1 F1429.7 X194.799 Y211.134 E2905.37884
G1 X195.999 Y210.341 E2905.41482
G1 X196.799 Y210.216 E2905.43508
G0 F9000 X197.199 Y210.13
G1 F1429.7 X197.199 Y210.366 E2905.44293
G1 F1500 E2904.44293
;MESH:NONMESH
G0 F300 X197.199 Y210.366 Z4
G0 F9000 X197.363 Y208.738
G0 X197.741 Y92.215
G0 X198.422 Y91.363
;TIME_ELAPSED:6001.547774
;LAYER:19
;TYPE:WALL-OUTER
;MESH:Top of Case V2.STL
G1 F1500 E2905.46954
G1 F1759.8 X198.199 Y91.151 E2905.49001
G1 X197.979 Y90.994 E2905.50799
G1 X197.746 Y90.864 E2905.52573
G1 X197.46 Y90.751 E2905.54619
G1 X197.18 Y90.683 E2905.56536
G1 X196.878 Y90.651 E2905.58556
G1 X196.742 Y90.65 E2905.59461
G1 X196.342 Y90.697 E2905.6214
G1 X196.082 Y90.77 E2905.63936
G1 X195.8 Y90.889 E2905.65972
G1 X195.538 Y91.048 E2905.68011
G1 X195.326 Y91.215 E2905.69806
G1 X195.077 Y91.481 E2905.7223
G1 X194.875 Y91.782 E2905.74641
G1 X194.732 Y92.096 E2905.76936
G1 X194.647 Y92.394 E2905.78998
G1 X194.605 Y92.697 E2905.81032
G1 X194.603 Y92.983 E2905.82935
G1 X194.633 Y93.235 E2905.84623
G1 X194.713 Y93.548 E2905.86772
G1 X194.814 Y93.798 E2905.88566
G1 X194.975 Y94.081 E2905.90732
G1 X195.177 Y94.337 E2905.92901
G1 X195.4 Y94.549 E2905.94947
G1 X195.618 Y94.706 E2905.96735
G1 X195.993 Y94.897 E2905.99534
G1 X196.287 Y94.99 E2906.01585
G1 X196.57 Y95.038 E2906.03495
G1 X196.857 Y95.05 E2906.05405
G1 X197.257 Y95.003 E2906.08085
G1 X197.517 Y94.93 E2906.09881
G1 X197.799 Y94.811 E2906.11917
G1 X198.061 Y94.652 E2906.13956
G1 X198.273 Y94.484 E2906.15755
G1 X198.522 Y94.219 E2906.18174
G1 X198.724 Y93.918 E2906.20585
G1 X198.867 Y93.604 E2906.2288
G1 X198.952 Y93.306 E2906.24942
G1 X198.994 Y93.003 E2906.26977
G1 X198.996 Y92.717 E2906.28879
G1 X198.966 Y92.465 E2906.30567
G1 X198.886 Y92.152 E2906.32716
G1 X198.785 Y91.902 E2906.3451
G1 X198.624 Y91.619 E2906.36676
G1 X198.422 Y91.363 E2906.38845
G0 F9000 X198.909 Y90.579
G1 F1759.8 X199.112 Y90.785 E2906.40769
G1 X199.294 Y91.01 E2906.42694
G1 X199.51 Y91.347 E2906.45356
G1 X199.634 Y91.594 E2906.47195
G1 X199.744 Y91.881 E2906.4924
G1 X199.822 Y92.161 E2906.51173
G1 X199.87 Y92.428 E2906.52978
G1 X199.899 Y92.843 E2906.55745
G1 X199.888 Y93.111 E2906.57529
G1 X199.845 Y93.432 E2906.59684
G1 X199.767 Y93.747 E2906.61842
G1 X199.659 Y94.049 E2906.63976
G1 X199.54 Y94.299 E2906.65817
G1 X199.402 Y94.534 E2906.6763
G1 X199.334 Y94.636 E2906.68446
G1 X199.17 Y94.848 E2906.70229
G1 X198.95 Y95.083 E2906.7237
G1 X198.711 Y95.29 E2906.74473
G1 X198.497 Y95.444 E2906.76227
G1 X198.208 Y95.611 E2906.78447
G1 X197.956 Y95.726 E2906.8029
G1 X197.716 Y95.812 E2906.81986
G1 X197.401 Y95.891 E2906.84146
G1 X197.071 Y95.939 E2906.86364
G1 X196.698 Y95.949 E2906.88847
G1 X196.378 Y95.921 E2906.90983
G1 X196.063 Y95.862 E2906.93115
G1 X195.74 Y95.764 E2906.95361
G1 X195.385 Y95.609 E2906.97937
G1 X195.128 Y95.462 E2906.99907
G1 X194.85 Y95.26 E2907.02193
G1 X194.652 Y95.086 E2907.03946
G1 X194.429 Y94.847 E2907.0612
G1 X194.262 Y94.631 E2907.07937
G1 X194.088 Y94.352 E2907.10124
G1 X193.965 Y94.106 E2907.11953
G1 X193.853 Y93.811 E2907.14052
G1 X193.777 Y93.539 E2907.15931
G1 X193.729 Y93.272 E2907.17736
G1 X193.704 Y93.015 E2907.19453
G1 X193.706 Y92.639 E2907.21955
G1 X193.743 Y92.328 E2907.24038
G1 X193.803 Y92.056 E2907.25891
G1 X193.884 Y91.796 E2907.27702
G1 X193.985 Y91.55 E2907.29471
G1 X194.139 Y91.257 E2907.31673
G1 X194.352 Y90.947 E2907.34175
G1 X194.649 Y90.617 E2907.37128
G1 X194.842 Y90.446 E2907.38844
G1 X195.103 Y90.255 E2907.40995
G1 X195.386 Y90.091 E2907.43171
G1 X195.643 Y89.974 E2907.45049
G1 X195.883 Y89.888 E2907.46745
G1 X196.198 Y89.809 E2907.48905
G1 X196.528 Y89.761 E2907.51124
G1 X196.901 Y89.751 E2907.53606
G1 X197.221 Y89.779 E2907.55743
G1 X197.536 Y89.838 E2907.57874
G1 X197.859 Y89.936 E2907.6012
G1 X198.214 Y90.091 E2907.62696
G1 X198.573 Y90.307 E2907.65483
G1 X198.909 Y90.579 E2907.68359
G0 F9000 X198.468 Y90.8
;TYPE:SKIN
G1 F1539.8 X197.759 Y90.4 E2907.6986
G1 X195.838 Y90.4 E2907.73403
G1 X194.732 Y91.2 E2907.75921
G1 X194.189 Y92.4 E2907.7835
G1 X194.261 Y93.6 E2907.80567
G1 X195.011 Y94.8 E2907.83177
G1 X195.599 Y95.2 E2907.84488
G1 X196.813 Y95.6 E2907.86845
G1 X197.991 Y95.2 E2907.8914
G1 X198.946 Y94.4 E2907.91437
G1 X199.422 Y93.2 E2907.93818
G1 X199.308 Y92 E2907.96041
G1 X198.868 Y91.2 E2907.97725
G1 F1500 E2906.97725
G0 F9000 X197.584 Y92.028
G0 X104.258 Y92.436
G0 X105.186 Y91.902
;TYPE:WALL-OUTER
G1 F1500 E2908.00386
G1 F1759.8 X105.025 Y91.619 E2908.02552
G1 X104.823 Y91.363 E2908.04721
G1 X104.6 Y91.151 E2908.06768
G1 X104.38 Y90.994 E2908.08566
G1 X104.147 Y90.864 E2908.1034
G1 X103.861 Y90.751 E2908.12386
G1 X103.581 Y90.683 E2908.14303
G1 X103.279 Y90.651 E2908.16323
G1 X103.143 Y90.65 E2908.17228
G1 X102.743 Y90.697 E2908.19907
G1 X102.483 Y90.77 E2908.21703
G1 X102.201 Y90.889 E2908.23739
G1 X101.939 Y91.048 E2908.25778
G1 X101.727 Y91.215 E2908.27573
G1 X101.478 Y91.481 E2908.29997
G1 X101.276 Y91.782 E2908.32408
G1 X101.133 Y92.096 E2908.34703
G1 X101.048 Y92.394 E2908.36765
G1 X101.006 Y92.697 E2908.388
G1 X101.009 Y93.063 E2908.41234
G1 X101.07 Y93.402 E2908.43526
G1 X101.154 Y93.658 E2908.45318
G1 X101.286 Y93.935 E2908.47359
G1 X101.467 Y94.205 E2908.49521
G1 X101.686 Y94.446 E2908.51687
G1 X101.924 Y94.642 E2908.53738
G1 X102.237 Y94.828 E2908.5616
G1 X102.54 Y94.949 E2908.58331
G1 X102.82 Y95.017 E2908.60247
G1 X103.122 Y95.049 E2908.62267
G1 X103.375 Y95.044 E2908.63951
G1 X103.658 Y95.003 E2908.65853
G1 X103.918 Y94.93 E2908.67649
G1 X104.2 Y94.811 E2908.69685
G1 X104.462 Y94.652 E2908.71724
G1 X104.674 Y94.484 E2908.73523
G1 X104.923 Y94.219 E2908.75942
G1 X105.125 Y93.918 E2908.78354
G1 X105.268 Y93.604 E2908.80649
G1 X105.353 Y93.306 E2908.8271
G1 X105.395 Y93.003 E2908.84745
G1 X105.397 Y92.717 E2908.86647
G1 X105.367 Y92.465 E2908.88336
G1 X105.287 Y92.152 E2908.90485
G1 X105.186 Y91.902 E2908.92278
G0 F9000 X105.911 Y91.347
G1 F1759.8 X106.035 Y91.594 E2908.94117
G1 X106.145 Y91.881 E2908.96161
G1 X106.223 Y92.161 E2908.98095
G1 X106.271 Y92.428 E2908.99899
G1 X106.3 Y92.843 E2909.02667
G1 X106.289 Y93.111 E2909.04451
G1 X106.246 Y93.432 E2909.06605
G1 X106.168 Y93.747 E2909.08764
G1 X106.06 Y94.049 E2909.10897
G1 X105.941 Y94.299 E2909.12739
G1 X105.803 Y94.534 E2909.14552
G1 X105.735 Y94.636 E2909.15368
G1 X105.571 Y94.848 E2909.1715
G1 X105.351 Y95.083 E2909.19292
G1 X105.112 Y95.29 E2909.21395
G1 X104.898 Y95.444 E2909.23149
G1 X104.609 Y95.611 E2909.25369
G1 X104.357 Y95.726 E2909.27212
G1 X104.117 Y95.812 E2909.28908
G1 X103.802 Y95.891 E2909.31068
G1 X103.472 Y95.939 E2909.33286
G1 X103.099 Y95.949 E2909.35768
G1 X102.779 Y95.921 E2909.37905
G1 X102.464 Y95.862 E2909.40037
G1 X102.141 Y95.764 E2909.42282
G1 X101.786 Y95.609 E2909.44859
G1 X101.529 Y95.462 E2909.46828
G1 X101.251 Y95.26 E2909.49114
G1 X101.053 Y95.086 E2909.50868
G1 X100.83 Y94.847 E2909.53042
G1 X100.663 Y94.631 E2909.54858
G1 X100.489 Y94.352 E2909.57046
G1 X100.366 Y94.106 E2909.58875
G1 X100.254 Y93.811 E2909.60974
G1 X100.178 Y93.539 E2909.62853
G1 X100.13 Y93.272 E2909.64657
G1 X100.105 Y93.015 E2909.66375
G1 X100.107 Y92.639 E2909.68876
G1 X100.144 Y92.328 E2909.7096
G1 X100.204 Y92.056 E2909.72812
G1 X100.285 Y91.796 E2909.74624
G1 X100.386 Y91.55 E2909.76393
G1 X100.54 Y91.257 E2909.78595
G1 X100.753 Y90.947 E2909.81097
G1 X101.05 Y90.617 E2909.8405
G1 X101.243 Y90.446 E2909.85765
G1 X101.504 Y90.255 E2909.87917
G1 X101.787 Y90.091 E2909.90093
G1 X102.044 Y89.974 E2909.91971
G1 X102.284 Y89.888 E2909.93667
G1 X102.599 Y89.809 E2909.95827
G1 X102.929 Y89.761 E2909.98045
G1 X103.302 Y89.751 E2910.00528
G1 X103.622 Y89.779 E2910.02664
G1 X103.937 Y89.838 E2910.04796
G1 X104.26 Y89.936 E2910.07041
G1 X104.615 Y90.091 E2910.09618
G1 X104.974 Y90.307 E2910.12405
G1 X105.31 Y90.579 E2910.15281
G1 X105.513 Y90.785 E2910.17205
G1 X105.695 Y91.01 E2910.1913
G1 X105.911 Y91.347 E2910.21792
G0 F9000 X105.531 Y91.6
;TYPE:SKIN
G1 F1539.8 X105.268 Y91.2 E2910.22667
G1 X104.157 Y90.4 E2910.25168
G1 X102.242 Y90.4 E2910.28667
G1 X101.134 Y91.2 E2910.31164
G1 X100.591 Y92.4 E2910.3357
G1 X100.663 Y93.6 E2910.35767
G1 X101.416 Y94.8 E2910.38355
G1 X102.005 Y95.2 E2910.39656
G1 X103.212 Y95.6 E2910.41979
G1 X104.395 Y95.2 E2910.4426
G1 X105.348 Y94.4 E2910.46534
G1 X105.823 Y93.2 E2910.48892
G1 X105.708 Y92 E2910.51094
G1 F1500 E2909.51094
G0 F9000 X107.324 Y92.271
G0 X107.349 Y93.214
G0 X103.812 Y211.909
G0 X104.6 Y211.166
;TYPE:WALL-OUTER
G1 F1500 E2910.53755
G1 F1759.8 X104.38 Y211.009 E2910.55553
G1 X104.147 Y210.879 E2910.57327
G1 X103.861 Y210.766 E2910.59373
G1 X103.581 Y210.698 E2910.6129
G1 X103.279 Y210.666 E2910.6331
G1 X103.143 Y210.665 E2910.64215
G1 X102.743 Y210.712 E2910.66894
G1 X102.483 Y210.785 E2910.6869
G1 X102.201 Y210.904 E2910.70726
G1 X101.939 Y211.063 E2910.72765
G1 X101.727 Y211.23 E2910.7456
G1 X101.478 Y211.496 E2910.76984
G1 X101.276 Y211.797 E2910.79395
G1 X101.133 Y212.111 E2910.8169
G1 X101.048 Y212.409 E2910.83752
G1 X101.006 Y212.712 E2910.85787
G1 X101.009 Y213.078 E2910.88221
G1 X101.07 Y213.417 E2910.90512
G1 X101.154 Y213.673 E2910.92305
G1 X101.286 Y213.95 E2910.94346
G1 X101.467 Y214.22 E2910.96508
G1 X101.686 Y214.461 E2910.98674
G1 X101.924 Y214.657 E2911.00725
G1 X102.237 Y214.843 E2911.03147
G1 X102.54 Y214.964 E2911.05318
G1 X102.82 Y215.032 E2911.07234
G1 X103.122 Y215.064 E2911.09254
G1 X103.375 Y215.059 E2911.10938
G1 X103.658 Y215.018 E2911.1284
G1 X103.918 Y214.945 E2911.14636
G1 X104.2 Y214.826 E2911.16672
G1 X104.462 Y214.667 E2911.18711
G1 X104.674 Y214.499 E2911.2051
G1 X104.923 Y214.234 E2911.22929
G1 X105.125 Y213.933 E2911.25341
G1 X105.268 Y213.619 E2911.27636
G1 X105.353 Y213.321 E2911.29697
G1 X105.395 Y213.018 E2911.31732
G1 X105.397 Y212.732 E2911.33634
G1 X105.367 Y212.48 E2911.35323
G1 X105.287 Y212.167 E2911.37472
G1 X105.186 Y211.917 E2911.39265
G1 X105.025 Y211.634 E2911.41431
G1 X104.823 Y211.378 E2911.436
G1 X104.6 Y211.166 E2911.45647
G0 F9000 X104.974 Y210.322
G1 F1759.8 X105.31 Y210.594 E2911.48523
G1 X105.513 Y210.8 E2911.50447
G1 X105.695 Y211.025 E2911.52372
G1 X105.911 Y211.362 E2911.55034
G1 X106.035 Y211.609 E2911.56873
G1 X106.145 Y211.896 E2911.58917
G1 X106.223 Y212.176 E2911.60851
G1 X106.271 Y212.443 E2911.62655
G1 X106.3 Y212.858 E2911.65423
G1 X106.289 Y213.126 E2911.67207
G1 X106.246 Y213.447 E2911.69361
G1 X106.168 Y213.762 E2911.7152
G1 X106.06 Y214.064 E2911.73653
G1 X105.941 Y214.314 E2911.75495
G1 X105.803 Y214.549 E2911.77308
G1 X105.735 Y214.651 E2911.78124
G1 X105.571 Y214.863 E2911.79907
G1 X105.351 Y215.098 E2911.82048
G1 X105.112 Y215.305 E2911.84151
G1 X104.898 Y215.459 E2911.85905
G1 X104.609 Y215.626 E2911.88125
G1 X104.357 Y215.741 E2911.89968
G1 X104.117 Y215.827 E2911.91664
G1 X103.802 Y215.906 E2911.93824
G1 X103.472 Y215.954 E2911.96042
G1 X103.099 Y215.964 E2911.98524
G1 X102.779 Y215.936 E2912.00661
G1 X102.464 Y215.877 E2912.02793
G1 X102.141 Y215.779 E2912.05038
G1 X101.786 Y215.624 E2912.07615
G1 X101.529 Y215.477 E2912.09585
G1 X101.251 Y215.275 E2912.1187
G1 X101.053 Y215.101 E2912.13624
G1 X100.83 Y214.862 E2912.15798
G1 X100.663 Y214.646 E2912.17614
G1 X100.489 Y214.367 E2912.19802
G1 X100.366 Y214.121 E2912.21631
G1 X100.254 Y213.826 E2912.2373
G1 X100.178 Y213.554 E2912.25609
G1 X100.13 Y213.287 E2912.27414
G1 X100.105 Y213.03 E2912.29131
G1 X100.107 Y212.654 E2912.31632
G1 X100.144 Y212.343 E2912.33716
G1 X100.204 Y212.071 E2912.35569
G1 X100.285 Y211.811 E2912.3738
G1 X100.386 Y211.565 E2912.39149
G1 X100.54 Y211.272 E2912.41351
G1 X100.753 Y210.962 E2912.43853
G1 X101.05 Y210.632 E2912.46806
G1 X101.243 Y210.461 E2912.48521
G1 X101.504 Y210.27 E2912.50673
G1 X101.787 Y210.106 E2912.52849
G1 X102.044 Y209.989 E2912.54727
G1 X102.284 Y209.903 E2912.56423
G1 X102.599 Y209.824 E2912.58583
G1 X102.929 Y209.776 E2912.60801
G1 X103.302 Y209.766 E2912.63284
G1 X103.622 Y209.794 E2912.6542
G1 X103.937 Y209.853 E2912.67552
G1 X104.26 Y209.951 E2912.69797
G1 X104.615 Y210.106 E2912.72374
G1 X104.974 Y210.322 E2912.75161
G0 F9000 X104.847 Y210.8
;TYPE:SKIN
G1 F1539.8 X104.112 Y210.4 E2912.76763
G1 X102.282 Y210.4 E2912.80265
G1 X101.145 Y211.2 E2912.82926
G1 X100.591 Y212.4 E2912.85456
G1 X100.657 Y213.6 E2912.87756
G1 X101.399 Y214.8 E2912.90456
G1 X101.973 Y215.2 E2912.91795
G1 X103.191 Y215.6 E2912.94249
G1 X104.424 Y215.2 E2912.9673
G1 X105.356 Y214.4 E2912.99081
G1 X105.824 Y213.2 E2913.01546
G1 X105.702 Y212 E2913.03855
G1 X105.256 Y211.2 E2913.05608
G1 F1500 E2912.05608
G0 F9000 X106.556 Y210.399
G0 X197.062 Y211.76
G0 X197.746 Y210.879
;TYPE:WALL-OUTER
G1 F1500 E2913.08269
G1 F1759.8 X197.46 Y210.766 E2913.10314
G1 X197.18 Y210.698 E2913.12231
G1 X196.878 Y210.666 E2913.14251
G1 X196.742 Y210.665 E2913.15156
G1 X196.342 Y210.712 E2913.17835
G1 X196.082 Y210.785 E2913.19631
G1 X195.8 Y210.904 E2913.21667
G1 X195.538 Y211.063 E2913.23706
G1 X195.326 Y211.23 E2913.25501
G1 X195.077 Y211.496 E2913.27925
G1 X194.875 Y211.797 E2913.30336
G1 X194.732 Y212.111 E2913.32631
G1 X194.647 Y212.409 E2913.34693
G1 X194.605 Y212.712 E2913.36728
G1 X194.603 Y212.998 E2913.3863
G1 X194.633 Y213.25 E2913.40318
G1 X194.713 Y213.563 E2913.42467
G1 X194.814 Y213.813 E2913.44261
G1 X194.975 Y214.096 E2913.46427
G1 X195.177 Y214.352 E2913.48596
G1 X195.4 Y214.564 E2913.50643
G1 X195.618 Y214.721 E2913.5243
G1 X195.993 Y214.912 E2913.55229
G1 X196.287 Y215.005 E2913.5728
G1 X196.57 Y215.053 E2913.5919
G1 X196.857 Y215.065 E2913.61101
G1 X197.257 Y215.018 E2913.6378
G1 X197.517 Y214.945 E2913.65576
G1 X197.799 Y214.826 E2913.67612
G1 X198.061 Y214.667 E2913.69651
G1 X198.273 Y214.499 E2913.7145
G1 X198.522 Y214.234 E2913.73869
G1 X198.724 Y213.933 E2913.7628
G1 X198.867 Y213.619 E2913.78576
G1 X198.952 Y213.321 E2913.80637
G1 X198.994 Y213.018 E2913.82672
G1 X198.996 Y212.732 E2913.84574
G1 X198.966 Y212.48 E2913.86262
G1 X198.886 Y212.167 E2913.88411
G1 X198.785 Y211.917 E2913.90205
G1 X198.624 Y211.634 E2913.92371
G1 X198.422 Y211.378 E2913.9454
G1 X198.199 Y211.166 E2913.96587
G1 X197.979 Y211.009 E2913.98385
G1 X197.746 Y210.879 E2914.0016
G0 F9000 X198.214 Y210.106
G1 F1759.8 X198.573 Y210.322 E2914.02947
G1 X198.909 Y210.594 E2914.05822
G1 X199.112 Y210.8 E2914.07746
G1 X199.294 Y211.025 E2914.09671
G1 X199.51 Y211.362 E2914.12334
G1 X199.634 Y211.609 E2914.14172
G1 X199.744 Y211.896 E2914.16217
G1 X199.822 Y212.176 E2914.1815
G1 X199.87 Y212.443 E2914.19955
G1 X199.899 Y212.858 E2914.22722
G1 X199.888 Y213.126 E2914.24506
G1 X199.845 Y213.447 E2914.26661
G1 X199.767 Y213.762 E2914.2882
G1 X199.659 Y214.064 E2914.30953
G1 X199.54 Y214.314 E2914.32795
G1 X199.402 Y214.549 E2914.34608
G1 X199.334 Y214.651 E2914.35423
G1 X199.17 Y214.863 E2914.37206
G1 X198.95 Y215.098 E2914.39347
G1 X198.711 Y215.305 E2914.41451
G1 X198.497 Y215.459 E2914.43204
G1 X198.208 Y215.626 E2914.45425
G1 X197.956 Y215.741 E2914.47267
G1 X197.716 Y215.827 E2914.48963
G1 X197.401 Y215.906 E2914.51124
G1 X197.071 Y215.954 E2914.53342
G1 X196.698 Y215.964 E2914.55824
G1 X196.378 Y215.936 E2914.57961
G1 X196.063 Y215.877 E2914.60093
G1 X195.74 Y215.779 E2914.62338
G1 X195.385 Y215.624 E2914.64915
G1 X195.128 Y215.477 E2914.66884
G1 X194.85 Y215.275 E2914.6917
G1 X194.652 Y215.101 E2914.70923
G1 X194.429 Y214.862 E2914.73098
G1 X194.262 Y214.646 E2914.74914
G1 X194.088 Y214.367 E2914.77101
G1 X193.965 Y214.121 E2914.78931
G1 X193.853 Y213.826 E2914.8103
G1 X193.777 Y213.554 E2914.82908
G1 X193.729 Y213.287 E2914.84713
G1 X193.704 Y213.03 E2914.86431
G1 X193.706 Y212.654 E2914.88932
G1 X193.743 Y212.343 E2914.91015
G1 X193.803 Y212.071 E2914.92868
G1 X193.884 Y211.811 E2914.9468
G1 X193.985 Y211.565 E2914.96449
G1 X194.139 Y211.272 E2914.9865
G1 X194.352 Y210.962 E2915.01152
G1 X194.649 Y210.632 E2915.04106
G1 X194.842 Y210.461 E2915.05821
G1 X195.103 Y210.27 E2915.07972
G1 X195.386 Y210.106 E2915.10148
G1 X195.643 Y209.989 E2915.12027
G1 X195.883 Y209.903 E2915.13722
G1 X196.198 Y209.824 E2915.15883
G1 X196.528 Y209.776 E2915.18101
G1 X196.901 Y209.766 E2915.20583
G1 X197.221 Y209.794 E2915.2272
G1 X197.536 Y209.853 E2915.24852
G1 X197.859 Y209.951 E2915.27097
G1 X198.214 Y210.106 E2915.29674
G0 F9000 X197.712 Y210.4
;TYPE:SKIN
G1 F1539.8 X198.447 Y210.8 E2915.31322
G1 X199.302 Y212 E2915.34223
G1 X199.424 Y213.2 E2915.36598
G1 X198.956 Y214.4 E2915.39134
G1 X198.024 Y215.2 E2915.41553
G1 X196.791 Y215.6 E2915.44105
G1 X195.569 Y215.2 E2915.46637
G1 X194.646 Y214.4 E2915.49042
G1 X194.173 Y213.2 E2915.51582
G1 X194.295 Y212 E2915.53958
G1 X195.148 Y210.8 E2915.56857
G0 F9000 X195.55 Y210.4
G1 F1539.8 X196.215 Y210.4 E2915.59068
G1 F1500 E2914.59068
;MESH:NONMESH
G0 F300 X196.215 Y210.4 Z4.2
G0 F9000 X196.005 Y208.776
G0 X197.789 Y92.293
G0 X198.52 Y91.479
;TIME_ELAPSED:6014.603897
;LAYER:20
;TYPE:WALL-OUTER
;MESH:Top of Case V2.STL
G1 F1500 E2915.61729
G1 F1633.8 X198.329 Y91.268 E2915.63622
G1 X198.093 Y91.07 E2915.65672
G1 X197.868 Y90.927 E2915.67445
G1 X197.624 Y90.81 E2915.69245
G1 X197.312 Y90.71 E2915.71425
G1 X197.028 Y90.662 E2915.73341
G1 X196.742 Y90.65 E2915.75245
G1 X196.456 Y90.677 E2915.77156
G1 X196.209 Y90.731 E2915.78837
G1 X195.921 Y90.833 E2915.8087
G1 X195.646 Y90.976 E2915.82932
G1 X195.326 Y91.215 E2915.85589
G1 X195.091 Y91.464 E2915.87866
G1 X194.934 Y91.684 E2915.89664
G1 X194.789 Y91.955 E2915.91708
G1 X194.684 Y92.244 E2915.93754
G1 X194.621 Y92.543 E2915.95786
G1 X194.6 Y92.849 E2915.97827
G1 X194.614 Y93.102 E2915.99512
G1 X194.669 Y93.4 E2916.01528
G1 X194.746 Y93.641 E2916.03211
G1 X194.876 Y93.919 E2916.05253
G1 X195.079 Y94.221 E2916.07673
G1 X195.27 Y94.432 E2916.09566
G1 X195.506 Y94.63 E2916.11616
G1 X195.731 Y94.773 E2916.13389
G1 X195.975 Y94.89 E2916.15189
G1 X196.287 Y94.99 E2916.17368
G1 X196.571 Y95.038 E2916.19284
G1 X196.857 Y95.05 E2916.21189
G1 X197.143 Y95.023 E2916.231
G1 X197.39 Y94.969 E2916.24781
G1 X197.678 Y94.867 E2916.26814
G1 X197.953 Y94.724 E2916.28876
G1 X198.273 Y94.485 E2916.31532
G1 X198.508 Y94.236 E2916.3381
G1 X198.665 Y94.016 E2916.35608
G1 X198.81 Y93.745 E2916.37652
G1 X198.915 Y93.456 E2916.39698
G1 X198.978 Y93.157 E2916.4173
G1 X198.999 Y92.851 E2916.43771
G1 X198.985 Y92.598 E2916.45456
G1 X198.93 Y92.3 E2916.47472
G1 X198.853 Y92.059 E2916.49155
G1 X198.723 Y91.781 E2916.51196
G1 X198.52 Y91.479 E2916.53617
G0 F9000 X198.945 Y90.612
G1 F1633.8 X199.17 Y90.852 E2916.55805
G1 X199.331 Y91.06 E2916.57555
G1 X199.534 Y91.39 E2916.60132
G1 X199.672 Y91.684 E2916.62293
G1 X199.78 Y91.996 E2916.64489
G1 X199.85 Y92.301 E2916.66571
G1 X199.891 Y92.623 E2916.6873
G1 X199.898 Y92.931 E2916.70779
G1 X199.88 Y93.199 E2916.72566
G1 X199.823 Y93.535 E2916.74833
G1 X199.74 Y93.832 E2916.76884
G1 X199.614 Y94.15 E2916.7916
G1 X199.466 Y94.432 E2916.81278
G1 X199.303 Y94.677 E2916.83236
G1 X199.099 Y94.93 E2916.85398
G1 X198.914 Y95.116 E2916.87143
G1 X198.707 Y95.293 E2916.88954
G1 X198.394 Y95.508 E2916.9148
G1 X198.128 Y95.651 E2916.93489
G1 X197.827 Y95.774 E2916.95652
G1 X197.432 Y95.885 E2916.98382
G1 X197.12 Y95.933 E2917.00481
G1 X196.764 Y95.95 E2917.02852
G1 X196.497 Y95.936 E2917.04631
G1 X196.175 Y95.887 E2917.06797
G1 X195.831 Y95.795 E2917.09166
G1 X195.548 Y95.686 E2917.11183
G1 X195.259 Y95.54 E2917.13337
G1 X194.955 Y95.342 E2917.15751
G1 X194.744 Y95.171 E2917.17557
G1 X194.532 Y94.963 E2917.19533
G1 X194.352 Y94.753 E2917.21373
G1 X194.139 Y94.441 E2917.23886
G1 X193.985 Y94.15 E2917.26076
G1 X193.865 Y93.85 E2917.28225
G1 X193.777 Y93.54 E2917.30369
G1 X193.722 Y93.218 E2917.32542
G1 X193.7 Y92.894 E2917.34702
G1 X193.706 Y92.642 E2917.36379
G1 X193.742 Y92.339 E2917.38408
G1 X193.817 Y92.003 E2917.40699
G1 X193.919 Y91.705 E2917.42794
G1 X194.049 Y91.419 E2917.44884
G1 X194.214 Y91.14 E2917.4704
G1 X194.371 Y90.922 E2917.48827
G1 X194.603 Y90.663 E2917.5114
G1 X194.815 Y90.469 E2917.53051
G1 X195.063 Y90.281 E2917.55122
G1 X195.346 Y90.112 E2917.57314
G1 X195.628 Y89.98 E2917.59385
G1 X195.902 Y89.883 E2917.61319
G1 X196.166 Y89.815 E2917.63132
G1 X196.479 Y89.767 E2917.65239
G1 X196.835 Y89.75 E2917.6761
G1 X197.102 Y89.764 E2917.69388
G1 X197.424 Y89.813 E2917.71555
G1 X197.768 Y89.905 E2917.73923
G1 X198.051 Y90.014 E2917.75941
G1 X198.357 Y90.17 E2917.78226
G1 X198.671 Y90.379 E2917.80735
G1 X198.945 Y90.612 E2917.83127
G0 F9000 X198.8 Y91.12
;TYPE:SKIN
G1 F1429.6 X199.2 Y91.764 E2917.84678
G1 X198 Y90.49 E2917.88257
G1 X196.8 Y90.2 E2917.90781
G1 X195.6 Y90.491 E2917.93306
G1 X194.8 Y91.119 E2917.95386
G1 X194.4 Y91.762 E2917.96935
G0 F9000 X194.4 Y92.044
G0 X194.4 Y93.657
G0 X194.4 Y93.936
G1 F1429.6 X194.8 Y94.581 E2917.98698
G1 X196 Y95.371 E2918.02036
G1 X197.2 Y95.467 E2918.04833
G1 X198.4 Y94.952 E2918.07868
G1 X199.2 Y93.935 E2918.10874
G1 F1500 E2917.10874
G0 F9000 X197.839 Y93.307
G0 X104.222 Y92.354
G0 X105.124 Y91.781
;TYPE:WALL-OUTER
G1 F1500 E2918.13535
G1 F1633.8 X104.921 Y91.479 E2918.15956
G1 X104.73 Y91.268 E2918.17849
G1 X104.494 Y91.07 E2918.19898
G1 X104.269 Y90.927 E2918.21671
G1 X104.025 Y90.81 E2918.23471
G1 X103.713 Y90.71 E2918.25651
G1 X103.429 Y90.662 E2918.27567
G1 X103.143 Y90.65 E2918.29471
G1 X102.857 Y90.677 E2918.31382
G1 X102.61 Y90.731 E2918.33064
G1 X102.322 Y90.833 E2918.35096
G1 X102.047 Y90.976 E2918.37158
G1 X101.727 Y91.215 E2918.39815
G1 X101.492 Y91.464 E2918.42092
G1 X101.335 Y91.684 E2918.4389
G1 X101.19 Y91.955 E2918.45935
G1 X101.085 Y92.244 E2918.4798
G1 X101.022 Y92.543 E2918.50013
G1 X101 Y92.87 E2918.52193
G1 X101.037 Y93.252 E2918.54746
G1 X101.103 Y93.515 E2918.5655
G1 X101.215 Y93.797 E2918.58568
G1 X101.376 Y94.081 E2918.6074
G1 X101.566 Y94.322 E2918.62781
G1 X101.786 Y94.536 E2918.64823
G1 X102.021 Y94.707 E2918.66756
G1 X102.376 Y94.89 E2918.69413
G1 X102.688 Y94.99 E2918.71592
G1 X102.972 Y95.038 E2918.73508
G1 X103.258 Y95.05 E2918.75412
G1 X103.544 Y95.023 E2918.77323
G1 X103.791 Y94.969 E2918.79005
G1 X104.079 Y94.867 E2918.81037
G1 X104.354 Y94.724 E2918.83099
G1 X104.674 Y94.485 E2918.85756
G1 X104.909 Y94.236 E2918.88034
G1 X105.066 Y94.016 E2918.89832
G1 X105.211 Y93.745 E2918.91876
G1 X105.316 Y93.456 E2918.93921
G1 X105.379 Y93.157 E2918.95954
G1 X105.4 Y92.851 E2918.97994
G1 X105.386 Y92.598 E2918.9968
G1 X105.331 Y92.3 E2919.01696
G1 X105.254 Y92.059 E2919.03379
G1 X105.124 Y91.781 E2919.0542
G0 F9000 X105.935 Y91.39
G1 F1633.8 X106.073 Y91.684 E2919.07581
G1 X106.181 Y91.996 E2919.09777
G1 X106.251 Y92.301 E2919.11858
G1 X106.292 Y92.623 E2919.14018
G1 X106.299 Y92.931 E2919.16067
G1 X106.281 Y93.199 E2919.17854
G1 X106.224 Y93.535 E2919.20121
G1 X106.141 Y93.832 E2919.22172
G1 X106.015 Y94.15 E2919.24448
G1 X105.867 Y94.432 E2919.26566
G1 X105.704 Y94.677 E2919.28524
G1 X105.5 Y94.93 E2919.30685
G1 X105.315 Y95.116 E2919.32431
G1 X105.108 Y95.293 E2919.34242
G1 X104.795 Y95.508 E2919.36768
G1 X104.529 Y95.651 E2919.38777
G1 X104.228 Y95.774 E2919.4094
G1 X103.833 Y95.885 E2919.43669
G1 X103.521 Y95.933 E2919.45769
G1 X103.165 Y95.95 E2919.4814
G1 X102.898 Y95.936 E2919.49919
G1 X102.576 Y95.887 E2919.52085
G1 X102.232 Y95.795 E2919.54454
G1 X101.949 Y95.686 E2919.56471
G1 X101.66 Y95.54 E2919.58625
G1 X101.356 Y95.342 E2919.61038
G1 X101.145 Y95.171 E2919.62845
G1 X100.933 Y94.963 E2919.64821
G1 X100.753 Y94.753 E2919.66661
G1 X100.54 Y94.441 E2919.69174
G1 X100.386 Y94.15 E2919.71364
G1 X100.266 Y93.85 E2919.73513
G1 X100.178 Y93.54 E2919.75657
G1 X100.123 Y93.218 E2919.7783
G1 X100.101 Y92.894 E2919.7999
G1 X100.107 Y92.642 E2919.81667
G1 X100.143 Y92.339 E2919.83696
G1 X100.218 Y92.003 E2919.85986
G1 X100.32 Y91.705 E2919.88082
G1 X100.45 Y91.419 E2919.90171
G1 X100.615 Y91.14 E2919.92328
G1 X100.772 Y90.922 E2919.94115
G1 X101.004 Y90.663 E2919.96428
G1 X101.216 Y90.469 E2919.98339
G1 X101.464 Y90.281 E2920.00409
G1 X101.747 Y90.112 E2920.02602
G1 X102.029 Y89.98 E2920.04673
G1 X102.303 Y89.883 E2920.06607
G1 X102.567 Y89.815 E2920.0842
G1 X102.88 Y89.767 E2920.10527
G1 X103.236 Y89.75 E2920.12897
G1 X103.503 Y89.764 E2920.14676
G1 X103.825 Y89.813 E2920.16843
G1 X104.169 Y89.905 E2920.19211
G1 X104.452 Y90.014 E2920.21229
G1 X104.758 Y90.17 E2920.23513
G1 X105.072 Y90.379 E2920.26023
G1 X105.346 Y90.612 E2920.28415
G1 X105.571 Y90.852 E2920.30603
G1 X105.732 Y91.06 E2920.32353
G1 X105.935 Y91.39 E2920.3493
G0 F9000 X105.599 Y91.762
;TYPE:SKIN
G1 F1429.6 X105.199 Y91.119 E2920.36585
G1 X103.999 Y90.327 E2920.39728
G1 X102.799 Y90.231 E2920.42359
G1 X101.599 Y90.744 E2920.45211
G1 X100.799 Y91.765 E2920.48046
G0 F9000 X100.799 Y92.047
G0 X100.799 Y93.661
G0 X100.799 Y93.937
G1 F1429.6 X101.199 Y94.576 E2920.49798
G1 X102.399 Y95.371 E2920.53144
G1 X103.599 Y95.467 E2920.55942
G1 X104.799 Y94.953 E2920.58976
G1 X105.599 Y93.937 E2920.61981
G1 F1500 E2919.61981
G0 F9000 X106.89 Y94.783
G0 X103.868 Y211.947
G0 X104.73 Y211.283
;TYPE:WALL-OUTER
G1 F1500 E2920.64642
G1 F1633.8 X104.494 Y211.085 E2920.66691
G1 X104.269 Y210.942 E2920.68465
G1 X104.025 Y210.825 E2920.70265
G1 X103.713 Y210.725 E2920.72444
G1 X103.429 Y210.677 E2920.7436
G1 X103.143 Y210.665 E2920.76264
G1 X102.857 Y210.692 E2920.78175
G1 X102.61 Y210.746 E2920.79857
G1 X102.322 Y210.848 E2920.81889
G1 X102.047 Y210.991 E2920.83951
G1 X101.727 Y211.23 E2920.86608
G1 X101.492 Y211.479 E2920.88886
G1 X101.335 Y211.699 E2920.90683
G1 X101.19 Y211.97 E2920.92728
G1 X101.085 Y212.259 E2920.94773
G1 X101.022 Y212.558 E2920.96806
G1 X101 Y212.885 E2920.98986
G1 X101.037 Y213.267 E2921.01539
G1 X101.103 Y213.53 E2921.03343
G1 X101.215 Y213.812 E2921.05361
G1 X101.376 Y214.096 E2921.07533
G1 X101.566 Y214.337 E2921.09574
G1 X101.786 Y214.551 E2921.11616
G1 X102.021 Y214.722 E2921.13549
G1 X102.376 Y214.905 E2921.16206
G1 X102.688 Y215.005 E2921.18385
G1 X102.972 Y215.053 E2921.20301
G1 X103.258 Y215.065 E2921.22206
G1 X103.544 Y215.038 E2921.24116
G1 X103.791 Y214.984 E2921.25798
G1 X104.079 Y214.882 E2921.27831
G1 X104.354 Y214.739 E2921.29893
G1 X104.674 Y214.5 E2921.32549
G1 X104.909 Y214.251 E2921.34827
G1 X105.066 Y214.031 E2921.36625
G1 X105.211 Y213.76 E2921.38669
G1 X105.316 Y213.471 E2921.40715
G1 X105.379 Y213.172 E2921.42747
G1 X105.4 Y212.866 E2921.44788
G1 X105.386 Y212.613 E2921.46473
G1 X105.331 Y212.315 E2921.48489
G1 X105.254 Y212.074 E2921.50172
G1 X105.124 Y211.796 E2921.52213
G1 X104.921 Y211.494 E2921.54634
G1 X104.73 Y211.283 E2921.56527
G0 F9000 X105.072 Y210.394
G1 F1633.8 X105.346 Y210.627 E2921.5892
G1 X105.571 Y210.867 E2921.61108
G1 X105.732 Y211.075 E2921.62858
G1 X105.935 Y211.405 E2921.65435
G1 X106.073 Y211.699 E2921.67595
G1 X106.181 Y212.011 E2921.69792
G1 X106.251 Y212.316 E2921.71873
G1 X106.292 Y212.638 E2921.74033
G1 X106.299 Y212.946 E2921.76082
G1 X106.281 Y213.214 E2921.77869
G1 X106.224 Y213.55 E2921.80136
G1 X106.141 Y213.847 E2921.82187
G1 X106.015 Y214.165 E2921.84462
G1 X105.867 Y214.447 E2921.86581
G1 X105.704 Y214.692 E2921.88538
G1 X105.5 Y214.945 E2921.907
G1 X105.315 Y215.131 E2921.92445
G1 X105.108 Y215.308 E2921.94257
G1 X104.795 Y215.523 E2921.96783
G1 X104.529 Y215.666 E2921.98792
G1 X104.228 Y215.789 E2922.00955
G1 X103.833 Y215.9 E2922.03684
G1 X103.521 Y215.948 E2922.05784
G1 X103.165 Y215.965 E2922.08155
G1 X102.898 Y215.951 E2922.09934
G1 X102.576 Y215.902 E2922.121
G1 X102.232 Y215.81 E2922.14469
G1 X101.949 Y215.701 E2922.16486
G1 X101.66 Y215.555 E2922.1864
G1 X101.356 Y215.357 E2922.21053
G1 X101.145 Y215.186 E2922.2286
G1 X100.933 Y214.978 E2922.24836
G1 X100.753 Y214.768 E2922.26675
G1 X100.54 Y214.456 E2922.29188
G1 X100.386 Y214.165 E2922.31379
G1 X100.266 Y213.865 E2922.33528
G1 X100.178 Y213.555 E2922.35671
G1 X100.123 Y213.233 E2922.37844
G1 X100.101 Y212.909 E2922.40005
G1 X100.107 Y212.657 E2922.41681
G1 X100.143 Y212.354 E2922.43711
G1 X100.218 Y212.018 E2922.46001
G1 X100.32 Y211.72 E2922.48097
G1 X100.45 Y211.434 E2922.50186
G1 X100.615 Y211.155 E2922.52342
G1 X100.772 Y210.937 E2922.5413
G1 X101.004 Y210.678 E2922.56443
G1 X101.216 Y210.484 E2922.58354
G1 X101.464 Y210.296 E2922.60424
G1 X101.747 Y210.127 E2922.62617
G1 X102.029 Y209.995 E2922.64688
G1 X102.303 Y209.898 E2922.66622
G1 X102.567 Y209.83 E2922.68435
G1 X102.88 Y209.782 E2922.70542
G1 X103.236 Y209.765 E2922.72912
G1 X103.503 Y209.779 E2922.74691
G1 X103.825 Y209.828 E2922.76857
G1 X104.169 Y209.92 E2922.79226
G1 X104.452 Y210.029 E2922.81244
G1 X104.758 Y210.185 E2922.83528
G1 X105.072 Y210.394 E2922.86037
G0 F9000 X104.799 Y210.759
;TYPE:SKIN
G1 F1429.6 X105.199 Y211.135 E2922.87735
G1 X105.599 Y211.778 E2922.90077
G0 F9000 X105.599 Y212.057
G0 X105.599 Y213.67
G0 X105.599 Y213.953
G1 F1429.6 X105.199 Y214.596 E2922.9184
G1 X103.999 Y215.385 E2922.95183
G1 X102.799 Y215.48 E2922.97985
G1 X101.599 Y214.973 E2923.01018
G1 X100.799 Y213.953 E2923.04035
G0 F9000 X100.799 Y213.677
G0 X100.799 Y212.063
G0 X100.799 Y211.781
G1 F1429.6 X101.199 Y211.136 E2923.05823
G1 X102.399 Y210.341 E2923.09213
G1 X103.599 Y210.249 E2923.12048
G1 X104.399 Y210.505 E2923.14026
G1 F1500 E2922.14026
G0 F9000 X105.707 Y209.539
G0 X197.149 Y211.785
G0 X197.868 Y210.942
;TYPE:WALL-OUTER
G1 F1500 E2923.16687
G1 F1633.8 X197.624 Y210.825 E2923.18487
G1 X197.312 Y210.725 E2923.20666
G1 X197.028 Y210.677 E2923.22582
G1 X196.742 Y210.665 E2923.24487
G1 X196.456 Y210.692 E2923.26398
G1 X196.209 Y210.746 E2923.28079
G1 X195.921 Y210.848 E2923.30112
G1 X195.646 Y210.991 E2923.32174
G1 X195.326 Y211.23 E2923.3483
G1 X195.091 Y211.479 E2923.37108
G1 X194.934 Y211.699 E2923.38906
G1 X194.789 Y211.97 E2923.4095
G1 X194.684 Y212.259 E2923.42996
G1 X194.621 Y212.558 E2923.45028
G1 X194.6 Y212.864 E2923.47069
G1 X194.614 Y213.117 E2923.48754
G1 X194.669 Y213.415 E2923.5077
G1 X194.746 Y213.656 E2923.52453
G1 X194.876 Y213.934 E2923.54494
G1 X195.079 Y214.236 E2923.56915
G1 X195.27 Y214.447 E2923.58808
G1 X195.506 Y214.645 E2923.60857
G1 X195.731 Y214.788 E2923.62631
G1 X195.975 Y214.905 E2923.64431
G1 X196.287 Y215.005 E2923.6661
G1 X196.571 Y215.053 E2923.68526
G1 X196.857 Y215.065 E2923.7043
G1 X197.143 Y215.038 E2923.72341
G1 X197.39 Y214.984 E2923.74023
G1 X197.678 Y214.882 E2923.76056
G1 X197.953 Y214.739 E2923.78118
G1 X198.273 Y214.5 E2923.80774
G1 X198.508 Y214.251 E2923.83052
G1 X198.665 Y214.031 E2923.8485
G1 X198.81 Y213.76 E2923.86894
G1 X198.915 Y213.471 E2923.8894
G1 X198.978 Y213.172 E2923.90972
G1 X198.999 Y212.866 E2923.93013
G1 X198.985 Y212.613 E2923.94698
G1 X198.93 Y212.315 E2923.96714
G1 X198.853 Y212.074 E2923.98397
G1 X198.723 Y211.796 E2924.00438
G1 X198.52 Y211.494 E2924.02859
G1 X198.329 Y211.283 E2924.04752
G1 X198.093 Y211.085 E2924.06801
G1 X197.868 Y210.942 E2924.08575
G0 F9000 X198.357 Y210.185
G1 F1633.8 X198.671 Y210.394 E2924.11084
G1 X198.945 Y210.627 E2924.13476
G1 X199.17 Y210.867 E2924.15665
G1 X199.331 Y211.075 E2924.17415
G1 X199.534 Y211.405 E2924.19992
G1 X199.672 Y211.699 E2924.22152
G1 X199.78 Y212.011 E2924.24348
G1 X199.85 Y212.316 E2924.2643
G1 X199.891 Y212.638 E2924.28589
G1 X199.898 Y212.946 E2924.30639
G1 X199.88 Y213.214 E2924.32425
G1 X199.823 Y213.55 E2924.34692
G1 X199.74 Y213.847 E2924.36744
G1 X199.614 Y214.165 E2924.39019
G1 X199.466 Y214.447 E2924.41138
G1 X199.303 Y214.692 E2924.43095
G1 X199.099 Y214.945 E2924.45257
G1 X198.914 Y215.131 E2924.47002
G1 X198.707 Y215.308 E2924.48814
G1 X198.394 Y215.523 E2924.5134
G1 X198.128 Y215.666 E2924.53349
G1 X197.827 Y215.789 E2924.55512
G1 X197.432 Y215.9 E2924.58241
G1 X197.12 Y215.948 E2924.60341
G1 X196.764 Y215.965 E2924.62712
G1 X196.497 Y215.951 E2924.6449
G1 X196.175 Y215.902 E2924.66657
G1 X195.831 Y215.81 E2924.69026
G1 X195.548 Y215.701 E2924.71043
G1 X195.259 Y215.555 E2924.73197
G1 X194.955 Y215.357 E2924.7561
G1 X194.744 Y215.186 E2924.77417
G1 X194.532 Y214.978 E2924.79392
G1 X194.352 Y214.768 E2924.81232
G1 X194.139 Y214.456 E2924.83745
G1 X193.985 Y214.165 E2924.85935
G1 X193.865 Y213.865 E2924.88085
G1 X193.777 Y213.555 E2924.90228
G1 X193.722 Y213.233 E2924.92401
G1 X193.7 Y212.909 E2924.94561
G1 X193.706 Y212.657 E2924.96238
G1 X193.742 Y212.354 E2924.98268
G1 X193.817 Y212.018 E2925.00558
G1 X193.919 Y211.72 E2925.02653
G1 X194.049 Y211.434 E2925.04743
G1 X194.214 Y211.155 E2925.06899
G1 X194.371 Y210.937 E2925.08686
G1 X194.603 Y210.678 E2925.10999
G1 X194.815 Y210.484 E2925.12911
G1 X195.063 Y210.296 E2925.14981
G1 X195.346 Y210.127 E2925.17174
G1 X195.628 Y209.995 E2925.19245
G1 X195.902 Y209.898 E2925.21178
G1 X196.166 Y209.83 E2925.22992
G1 X196.479 Y209.782 E2925.25098
G1 X196.835 Y209.765 E2925.27469
G1 X197.102 Y209.779 E2925.29248
G1 X197.424 Y209.828 E2925.31414
G1 X197.768 Y209.92 E2925.33783
G1 X198.051 Y210.029 E2925.358
G1 X198.357 Y210.185 E2925.38085
G0 F9000 X197.999 Y210.505
;TYPE:SKIN
G1 F1429.6 X198.399 Y210.758 E2925.39386
G1 X199.199 Y211.779 E2925.42953
G0 F9000 X199.199 Y212.059
G0 X199.199 Y213.667
G0 X199.199 Y213.95
G1 F1429.6 X198.799 Y214.594 E2925.44716
G1 X197.599 Y215.384 E2925.48058
G1 X196.399 Y215.479 E2925.50858
G1 X195.199 Y214.971 E2925.5389
G1 X194.399 Y213.951 E2925.56905
G0 F9000 X194.399 Y213.672
G0 X194.399 Y212.059
G0 X194.399 Y211.777
G1 F1429.6 X194.799 Y211.134 E2925.58757
G1 X195.999 Y210.34 E2925.62277
G1 X197.199 Y210.248 E2925.65221
G0 F9000 X197.599 Y210.463
G1 F1429.6 X197.599 Y210.221 E2925.66026
G1 F1500 E2924.66026
;MESH:NONMESH
G0 F300 X197.599 Y210.221 Z4.4
G0 F9000 X197.877 Y208.842
G0 X197.742 Y92.217
G0 X198.42 Y91.362
;TIME_ELAPSED:6028.254778
;LAYER:21
;TYPE:WALL-OUTER
;MESH:Top of Case V2.STL
G1 F1500 E2925.68686
G1 F1760.4 X198.214 Y91.164 E2925.70587
G1 X197.996 Y91.003 E2925.7239
G1 X197.744 Y90.863 E2925.74307
G1 X197.48 Y90.758 E2925.76197
G1 X197.16 Y90.679 E2925.7839
G1 X196.74 Y90.65 E2925.8119
G1 X196.457 Y90.676 E2925.83081
G1 X196.172 Y90.741 E2925.85025
G1 X195.8 Y90.889 E2925.87689
G1 X195.538 Y91.048 E2925.89727
G1 X195.255 Y91.283 E2925.92174
G1 X195.066 Y91.496 E2925.94069
G1 X194.875 Y91.782 E2925.96356
G1 X194.732 Y92.098 E2925.98664
G1 X194.647 Y92.394 E2926.00712
G1 X194.606 Y92.682 E2926.02647
G1 X194.602 Y92.964 E2926.04523
G1 X194.637 Y93.256 E2926.0648
G1 X194.707 Y93.529 E2926.08354
G1 X194.805 Y93.781 E2926.10153
G1 X194.975 Y94.081 E2926.12447
G1 X195.179 Y94.338 E2926.14629
G1 X195.385 Y94.536 E2926.1653
G1 X195.603 Y94.697 E2926.18333
G1 X195.835 Y94.828 E2926.20105
G1 X196.119 Y94.942 E2926.22141
G1 X196.439 Y95.021 E2926.24333
G1 X196.859 Y95.05 E2926.27134
G1 X197.142 Y95.024 E2926.29024
G1 X197.427 Y94.959 E2926.30969
G1 X197.799 Y94.811 E2926.33632
G1 X198.061 Y94.652 E2926.35671
G1 X198.344 Y94.417 E2926.38118
G1 X198.533 Y94.204 E2926.40012
G1 X198.724 Y93.918 E2926.423
G1 X198.867 Y93.602 E2926.44607
G1 X198.952 Y93.306 E2926.46655
G1 X198.993 Y93.018 E2926.4859
G1 X198.997 Y92.736 E2926.50467
G1 X198.962 Y92.444 E2926.52423
G1 X198.892 Y92.171 E2926.54298
G1 X198.794 Y91.919 E2926.56096
G1 X198.624 Y91.619 E2926.5839
G1 X198.42 Y91.362 E2926.60573
G0 F9000 X199.216 Y90.907
G1 F1760.4 X199.423 Y91.198 E2926.62948
G1 X199.557 Y91.434 E2926.64753
G1 X199.69 Y91.73 E2926.66912
G1 X199.782 Y92.003 E2926.68828
G1 X199.851 Y92.304 E2926.70883
G1 X199.888 Y92.579 E2926.72728
G1 X199.899 Y92.896 E2926.74838
G1 X199.883 Y93.166 E2926.76638
G1 X199.834 Y93.484 E2926.78778
G1 X199.771 Y93.736 E2926.80506
G1 X199.666 Y94.032 E2926.82595
G1 X199.515 Y94.346 E2926.84913
G1 X199.346 Y94.619 E2926.87048
G1 X199.105 Y94.923 E2926.89629
G1 X198.914 Y95.116 E2926.91435
G1 X198.657 Y95.332 E2926.93669
G1 X198.355 Y95.531 E2926.96074
G1 X198.105 Y95.662 E2926.97952
G1 X197.853 Y95.766 E2926.99765
G1 X197.539 Y95.86 E2927.01946
G1 X197.221 Y95.921 E2927.041
G1 X196.914 Y95.948 E2927.0615
G1 X196.559 Y95.941 E2927.08512
G1 X196.229 Y95.898 E2927.10725
G1 X195.904 Y95.818 E2927.12952
G1 X195.549 Y95.687 E2927.15469
G1 X195.239 Y95.529 E2927.17783
G1 X194.933 Y95.325 E2927.2023
G1 X194.734 Y95.162 E2927.21941
G1 X194.487 Y94.915 E2927.24264
G1 X194.294 Y94.675 E2927.26313
G1 X194.088 Y94.353 E2927.28856
G1 X193.966 Y94.106 E2927.30688
G1 X193.848 Y93.798 E2927.32883
G1 X193.78 Y93.551 E2927.34587
G1 X193.729 Y93.275 E2927.36454
G1 X193.702 Y92.964 E2927.3853
G1 X193.706 Y92.644 E2927.40659
G1 X193.733 Y92.395 E2927.42325
G1 X193.789 Y92.108 E2927.4427
G1 X193.882 Y91.8 E2927.4641
G1 X194.008 Y91.501 E2927.48569
G1 X194.16 Y91.223 E2927.50676
G1 X194.383 Y90.907 E2927.53249
G1 X194.603 Y90.663 E2927.55435
G1 X194.815 Y90.469 E2927.57346
G1 X195.103 Y90.255 E2927.59733
G1 X195.386 Y90.091 E2927.61909
G1 X195.643 Y89.974 E2927.63787
G1 X195.883 Y89.888 E2927.65483
G1 X196.198 Y89.809 E2927.67643
G1 X196.528 Y89.761 E2927.69862
G1 X196.896 Y89.751 E2927.7231
G1 X197.212 Y89.777 E2927.7442
G1 X197.53 Y89.837 E2927.76572
G1 X197.782 Y89.91 E2927.78317
G1 X198.05 Y90.013 E2927.80227
G1 X198.327 Y90.152 E2927.82289
G1 X198.559 Y90.297 E2927.84109
G1 X198.772 Y90.459 E2927.85889
G1 X198.968 Y90.635 E2927.87641
G1 X199.216 Y90.907 E2927.9009
G0 F9000 X198.866 Y91.2
;TYPE:SKIN
G1 F1540.4 X198.469 Y90.8 E2927.9112
G1 X197.754 Y90.4 E2927.92619
G1 X195.839 Y90.4 E2927.96121
G1 X194.732 Y91.2 E2927.98618
G1 X194.189 Y92.4 E2928.01027
G1 X194.26 Y93.6 E2928.03225
G1 X195.013 Y94.8 E2928.05816
G1 X195.606 Y95.2 E2928.07124
G1 X196.792 Y95.6 E2928.09413
G1 X197.987 Y95.2 E2928.11718
G1 X198.945 Y94.4 E2928.14
G1 X199.423 Y93.2 E2928.16362
G1 X199.306 Y92 E2928.18567
G1 X199.131 Y91.6 E2928.19366
G1 F1500 E2927.19366
G0 F9000 X197.734 Y92.205
G0 X104.262 Y92.447
G0 X105.195 Y91.919
;TYPE:WALL-OUTER
G1 F1500 E2928.22026
G1 F1760.4 X105.025 Y91.619 E2928.2432
G1 X104.821 Y91.362 E2928.26503
G1 X104.615 Y91.164 E2928.28403
G1 X104.397 Y91.003 E2928.30206
G1 X104.145 Y90.863 E2928.32124
G1 X103.881 Y90.758 E2928.34014
G1 X103.561 Y90.679 E2928.36206
G1 X103.141 Y90.65 E2928.39007
G1 X102.858 Y90.676 E2928.40897
G1 X102.573 Y90.741 E2928.42842
G1 X102.201 Y90.889 E2928.45505
G1 X101.939 Y91.048 E2928.47544
G1 X101.656 Y91.283 E2928.49991
G1 X101.467 Y91.496 E2928.51885
G1 X101.276 Y91.782 E2928.54173
G1 X101.133 Y92.098 E2928.5648
G1 X101.048 Y92.394 E2928.58528
G1 X101.007 Y92.682 E2928.60464
G1 X101.008 Y93.042 E2928.62858
G1 X101.049 Y93.308 E2928.64649
G1 X101.146 Y93.638 E2928.66937
G1 X101.287 Y93.936 E2928.6913
G1 X101.468 Y94.206 E2928.71292
G1 X101.687 Y94.447 E2928.73458
G1 X101.905 Y94.629 E2928.75347
G1 X102.132 Y94.773 E2928.77135
G1 X102.376 Y94.89 E2928.78935
G1 X102.669 Y94.986 E2928.80986
G1 X102.99 Y95.04 E2928.83152
G1 X103.26 Y95.05 E2928.84949
G1 X103.543 Y95.024 E2928.86839
G1 X103.828 Y94.959 E2928.88784
G1 X104.2 Y94.811 E2928.91447
G1 X104.462 Y94.652 E2928.93486
G1 X104.745 Y94.417 E2928.95933
G1 X104.934 Y94.204 E2928.97827
G1 X105.125 Y93.918 E2929.00115
G1 X105.268 Y93.602 E2929.02422
G1 X105.353 Y93.306 E2929.04471
G1 X105.394 Y93.018 E2929.06406
G1 X105.398 Y92.736 E2929.08282
G1 X105.363 Y92.444 E2929.10238
G1 X105.293 Y92.171 E2929.12113
G1 X105.195 Y91.919 E2929.13911
G0 F9000 X105.617 Y90.907
G1 F1760.4 X105.824 Y91.198 E2929.16287
G1 X105.958 Y91.434 E2929.18092
G1 X106.091 Y91.73 E2929.20251
G1 X106.183 Y92.003 E2929.22167
G1 X106.252 Y92.304 E2929.24221
G1 X106.289 Y92.579 E2929.26067
G1 X106.3 Y92.896 E2929.28177
G1 X106.284 Y93.166 E2929.29976
G1 X106.235 Y93.484 E2929.32117
G1 X106.172 Y93.736 E2929.33845
G1 X106.067 Y94.032 E2929.35934
G1 X105.916 Y94.346 E2929.38251
G1 X105.747 Y94.619 E2929.40387
G1 X105.506 Y94.923 E2929.42968
G1 X105.315 Y95.116 E2929.44774
G1 X105.058 Y95.332 E2929.47007
G1 X104.756 Y95.531 E2929.49413
G1 X104.506 Y95.662 E2929.51291
G1 X104.254 Y95.766 E2929.53104
G1 X103.94 Y95.86 E2929.55284
G1 X103.622 Y95.921 E2929.57438
G1 X103.315 Y95.948 E2929.59488
G1 X102.96 Y95.941 E2929.6185
G1 X102.63 Y95.898 E2929.64064
G1 X102.305 Y95.818 E2929.6629
G1 X101.95 Y95.687 E2929.68808
G1 X101.64 Y95.529 E2929.71122
G1 X101.334 Y95.325 E2929.73568
G1 X101.135 Y95.162 E2929.7528
G1 X100.888 Y94.915 E2929.77603
G1 X100.695 Y94.675 E2929.79652
G1 X100.489 Y94.353 E2929.82195
G1 X100.367 Y94.106 E2929.84027
G1 X100.249 Y93.798 E2929.86221
G1 X100.181 Y93.551 E2929.87925
G1 X100.13 Y93.275 E2929.89793
G1 X100.103 Y92.964 E2929.91869
G1 X100.107 Y92.644 E2929.93998
G1 X100.134 Y92.395 E2929.95664
G1 X100.19 Y92.108 E2929.97609
G1 X100.283 Y91.8 E2929.99749
G1 X100.409 Y91.501 E2930.01908
G1 X100.561 Y91.223 E2930.04015
G1 X100.784 Y90.907 E2930.06588
G1 X101.004 Y90.663 E2930.08773
G1 X101.216 Y90.469 E2930.10685
G1 X101.504 Y90.255 E2930.13072
G1 X101.787 Y90.091 E2930.15248
G1 X102.044 Y89.974 E2930.17126
G1 X102.284 Y89.888 E2930.18822
G1 X102.599 Y89.809 E2930.20982
G1 X102.929 Y89.761 E2930.232
G1 X103.297 Y89.751 E2930.25649
G1 X103.613 Y89.777 E2930.27758
G1 X103.931 Y89.837 E2930.29911
G1 X104.183 Y89.91 E2930.31656
G1 X104.451 Y90.013 E2930.33566
G1 X104.728 Y90.152 E2930.35628
G1 X104.96 Y90.297 E2930.37448
G1 X105.173 Y90.459 E2930.39228
G1 X105.369 Y90.635 E2930.4098
G1 X105.617 Y90.907 E2930.43429
G0 F9000 X105.266 Y91.2
;TYPE:SKIN
G1 F1540.4 X104.868 Y90.8 E2930.44463
G1 X104.152 Y90.4 E2930.45965
G1 X102.243 Y90.4 E2930.49463
G1 X101.134 Y91.2 E2930.51969
G1 X100.591 Y92.4 E2930.54382
G1 X100.664 Y93.6 E2930.56585
G1 X101.416 Y94.8 E2930.5918
G1 X101.997 Y95.2 E2930.60473
G1 X103.195 Y95.6 E2930.62787
G1 X104.389 Y95.2 E2930.65094
G1 X105.347 Y94.4 E2930.67381
G1 X105.824 Y93.2 E2930.69747
G1 X105.707 Y92 E2930.71957
G1 X105.531 Y91.6 E2930.72757
G1 F1500 E2929.72757
G0 F9000 X104.262 Y92.447
G0 X103.824 Y211.916
G0 X104.615 Y211.179
;TYPE:WALL-OUTER
G1 F1500 E2930.75418
G1 F1760.4 X104.397 Y211.018 E2930.77221
G1 X104.145 Y210.878 E2930.79139
G1 X103.881 Y210.773 E2930.81029
G1 X103.561 Y210.694 E2930.83221
G1 X103.141 Y210.665 E2930.86022
G1 X102.858 Y210.691 E2930.87912
G1 X102.573 Y210.756 E2930.89857
G1 X102.201 Y210.904 E2930.9252
G1 X101.939 Y211.063 E2930.94558
G1 X101.656 Y211.298 E2930.97005
G1 X101.467 Y211.511 E2930.989
G1 X101.276 Y211.797 E2931.01187
G1 X101.133 Y212.113 E2931.03495
G1 X101.048 Y212.409 E2931.05543
G1 X101.007 Y212.697 E2931.07478
G1 X101.008 Y213.057 E2931.09873
G1 X101.049 Y213.323 E2931.11663
G1 X101.146 Y213.653 E2931.13951
G1 X101.287 Y213.951 E2931.16144
G1 X101.468 Y214.221 E2931.18307
G1 X101.687 Y214.462 E2931.20473
G1 X101.905 Y214.644 E2931.22362
G1 X102.132 Y214.788 E2931.2415
G1 X102.376 Y214.905 E2931.2595
G1 X102.669 Y215.001 E2931.28001
G1 X102.99 Y215.055 E2931.30167
G1 X103.26 Y215.065 E2931.31964
G1 X103.543 Y215.039 E2931.33854
G1 X103.828 Y214.974 E2931.35799
G1 X104.2 Y214.826 E2931.38462
G1 X104.462 Y214.667 E2931.40501
G1 X104.745 Y214.432 E2931.42948
G1 X104.934 Y214.219 E2931.44842
G1 X105.125 Y213.933 E2931.4713
G1 X105.268 Y213.617 E2931.49437
G1 X105.353 Y213.321 E2931.51485
G1 X105.394 Y213.033 E2931.5342
G1 X105.398 Y212.751 E2931.55297
G1 X105.363 Y212.459 E2931.57253
G1 X105.293 Y212.186 E2931.59128
G1 X105.195 Y211.934 E2931.60926
G1 X105.025 Y211.634 E2931.6322
G1 X104.821 Y211.377 E2931.65403
G1 X104.615 Y211.179 E2931.67303
G0 F9000 X105.617 Y210.922
G1 F1760.4 X105.824 Y211.213 E2931.69679
G1 X105.958 Y211.449 E2931.71484
G1 X106.091 Y211.745 E2931.73643
G1 X106.183 Y212.018 E2931.75559
G1 X106.252 Y212.319 E2931.77613
G1 X106.289 Y212.594 E2931.79459
G1 X106.3 Y212.911 E2931.81569
G1 X106.284 Y213.181 E2931.83368
G1 X106.235 Y213.499 E2931.85509
G1 X106.172 Y213.751 E2931.87236
G1 X106.067 Y214.047 E2931.89326
G1 X105.916 Y214.361 E2931.91643
G1 X105.747 Y214.634 E2931.93779
G1 X105.506 Y214.938 E2931.9636
G1 X105.315 Y215.131 E2931.98166
G1 X105.058 Y215.347 E2932.00399
G1 X104.756 Y215.546 E2932.02805
G1 X104.506 Y215.677 E2932.04682
G1 X104.254 Y215.781 E2932.06496
G1 X103.94 Y215.875 E2932.08676
G1 X103.622 Y215.936 E2932.1083
G1 X103.315 Y215.963 E2932.1288
G1 X102.96 Y215.956 E2932.15242
G1 X102.63 Y215.913 E2932.17456
G1 X102.305 Y215.833 E2932.19682
G1 X101.95 Y215.702 E2932.22199
G1 X101.64 Y215.544 E2932.24514
G1 X101.334 Y215.34 E2932.2696
G1 X101.135 Y215.177 E2932.28672
G1 X100.888 Y214.93 E2932.30995
G1 X100.695 Y214.69 E2932.33044
G1 X100.489 Y214.368 E2932.35587
G1 X100.367 Y214.121 E2932.37419
G1 X100.249 Y213.813 E2932.39613
G1 X100.181 Y213.566 E2932.41317
G1 X100.13 Y213.29 E2932.43184
G1 X100.103 Y212.979 E2932.45261
G1 X100.107 Y212.659 E2932.4739
G1 X100.134 Y212.41 E2932.49056
G1 X100.19 Y212.123 E2932.51001
G1 X100.283 Y211.815 E2932.53141
G1 X100.409 Y211.516 E2932.55299
G1 X100.561 Y211.238 E2932.57407
G1 X100.784 Y210.922 E2932.5998
G1 X101.004 Y210.678 E2932.62165
G1 X101.216 Y210.484 E2932.64077
G1 X101.504 Y210.27 E2932.66464
G1 X101.787 Y210.106 E2932.68639
G1 X102.044 Y209.989 E2932.70518
G1 X102.284 Y209.903 E2932.72214
G1 X102.599 Y209.824 E2932.74374
G1 X102.929 Y209.776 E2932.76592
G1 X103.297 Y209.766 E2932.79041
G1 X103.613 Y209.792 E2932.8115
G1 X103.931 Y209.852 E2932.83303
G1 X104.183 Y209.925 E2932.85048
G1 X104.451 Y210.028 E2932.86958
G1 X104.728 Y210.167 E2932.8902
G1 X104.96 Y210.312 E2932.9084
G1 X105.173 Y210.474 E2932.9262
G1 X105.369 Y210.65 E2932.94372
G1 X105.617 Y210.922 E2932.9682
G0 F9000 X105.254 Y211.2
;TYPE:SKIN
G1 F1540.4 X104.849 Y210.8 E2932.97899
G1 X104.106 Y210.4 E2932.99497
G1 X102.289 Y210.4 E2933.02938
G1 X101.145 Y211.2 E2933.05582
G1 X100.592 Y212.4 E2933.08085
G1 X100.658 Y213.6 E2933.10361
G1 X101.398 Y214.8 E2933.13031
G1 X101.969 Y215.2 E2933.14352
G1 X103.207 Y215.6 E2933.16816
G1 X104.419 Y215.2 E2933.19233
G1 X105.356 Y214.4 E2933.21567
G1 X105.825 Y213.2 E2933.24007
G1 X105.701 Y212 E2933.26292
G1 X105.523 Y211.6 E2933.27121
G1 F1500 E2932.27121
G0 F9000 X106.912 Y210.978
G0 X197.077 Y211.763
G0 X197.744 Y210.878
;TYPE:WALL-OUTER
G1 F1500 E2933.29782
G1 F1760.4 X197.48 Y210.773 E2933.31672
G1 X197.16 Y210.694 E2933.33864
G1 X196.74 Y210.665 E2933.36665
G1 X196.457 Y210.691 E2933.38555
G1 X196.172 Y210.756 E2933.405
G1 X195.8 Y210.904 E2933.43163
G1 X195.538 Y211.063 E2933.45202
G1 X195.255 Y211.298 E2933.47648
G1 X195.066 Y211.511 E2933.49543
G1 X194.875 Y211.797 E2933.5183
G1 X194.732 Y212.113 E2933.54138
G1 X194.647 Y212.409 E2933.56186
G1 X194.606 Y212.697 E2933.58121
G1 X194.602 Y212.979 E2933.59997
G1 X194.637 Y213.271 E2933.61954
G1 X194.707 Y213.544 E2933.63828
G1 X194.805 Y213.796 E2933.65627
G1 X194.975 Y214.096 E2933.67921
G1 X195.179 Y214.353 E2933.70104
G1 X195.385 Y214.551 E2933.72004
G1 X195.603 Y214.712 E2933.73807
G1 X195.835 Y214.843 E2933.75579
G1 X196.119 Y214.957 E2933.77615
G1 X196.439 Y215.036 E2933.79807
G1 X196.859 Y215.065 E2933.82608
G1 X197.142 Y215.039 E2933.84498
G1 X197.427 Y214.974 E2933.86443
G1 X197.799 Y214.826 E2933.89106
G1 X198.061 Y214.667 E2933.91145
G1 X198.344 Y214.432 E2933.93592
G1 X198.533 Y214.219 E2933.95486
G1 X198.724 Y213.933 E2933.97774
G1 X198.867 Y213.617 E2934.00081
G1 X198.952 Y213.321 E2934.0213
G1 X198.993 Y213.033 E2934.04065
G1 X198.997 Y212.751 E2934.05941
G1 X198.962 Y212.459 E2934.07897
G1 X198.892 Y212.186 E2934.09772
G1 X198.794 Y211.934 E2934.1157
G1 X198.624 Y211.634 E2934.13864
G1 X198.42 Y211.377 E2934.16047
G1 X198.214 Y211.179 E2934.17947
G1 X197.996 Y211.018 E2934.1975
G1 X197.744 Y210.878 E2934.21668
G0 F9000 X198.05 Y210.028
G1 F1760.4 X198.327 Y210.167 E2934.23729
G1 X198.559 Y210.312 E2934.25549
G1 X198.772 Y210.474 E2934.27329
G1 X198.968 Y210.65 E2934.29082
G1 X199.216 Y210.922 E2934.3153
G1 X199.423 Y211.213 E2934.33906
G1 X199.557 Y211.449 E2934.35711
G1 X199.69 Y211.745 E2934.3787
G1 X199.782 Y212.018 E2934.39786
G1 X199.851 Y212.319 E2934.4184
G1 X199.888 Y212.594 E2934.43686
G1 X199.899 Y212.911 E2934.45796
G1 X199.883 Y213.181 E2934.47595
G1 X199.834 Y213.499 E2934.49736
G1 X199.771 Y213.751 E2934.51463
G1 X199.666 Y214.047 E2934.53553
G1 X199.515 Y214.361 E2934.5587
G1 X199.346 Y214.634 E2934.58006
G1 X199.105 Y214.938 E2934.60587
G1 X198.914 Y215.131 E2934.62393
G1 X198.657 Y215.347 E2934.64626
G1 X198.355 Y215.546 E2934.67032
G1 X198.105 Y215.677 E2934.6891
G1 X197.853 Y215.781 E2934.70723
G1 X197.539 Y215.875 E2934.72903
G1 X197.221 Y215.936 E2934.75057
G1 X196.914 Y215.963 E2934.77107
G1 X196.559 Y215.956 E2934.79469
G1 X196.229 Y215.913 E2934.81683
G1 X195.904 Y215.833 E2934.83909
G1 X195.549 Y215.702 E2934.86426
G1 X195.239 Y215.544 E2934.88741
G1 X194.933 Y215.34 E2934.91187
G1 X194.734 Y215.177 E2934.92899
G1 X194.487 Y214.93 E2934.95222
G1 X194.294 Y214.69 E2934.97271
G1 X194.088 Y214.368 E2934.99814
G1 X193.966 Y214.121 E2935.01646
G1 X193.848 Y213.813 E2935.0384
G1 X193.78 Y213.566 E2935.05544
G1 X193.729 Y213.29 E2935.07411
G1 X193.702 Y212.979 E2935.09488
G1 X193.706 Y212.659 E2935.11617
G1 X193.733 Y212.41 E2935.13283
G1 X193.789 Y212.123 E2935.15228
G1 X193.882 Y211.815 E2935.17368
G1 X194.008 Y211.516 E2935.19527
G1 X194.16 Y211.238 E2935.21634
G1 X194.383 Y210.922 E2935.24207
G1 X194.603 Y210.678 E2935.26392
G1 X194.815 Y210.484 E2935.28304
G1 X195.103 Y210.27 E2935.30691
G1 X195.386 Y210.106 E2935.32866
G1 X195.643 Y209.989 E2935.34745
G1 X195.883 Y209.903 E2935.36441
G1 X196.198 Y209.824 E2935.38601
G1 X196.528 Y209.776 E2935.40819
G1 X196.896 Y209.766 E2935.43268
G1 X197.212 Y209.792 E2935.45377
G1 X197.53 Y209.852 E2935.4753
G1 X197.782 Y209.925 E2935.49275
G1 X198.05 Y210.028 E2935.51185
G0 F9000 X197.706 Y210.4
;TYPE:SKIN
G1 F1540.4 X198.449 Y210.8 E2935.52847
G1 X199.301 Y212 E2935.55745
G1 X199.425 Y213.2 E2935.5812
G1 X198.956 Y214.4 E2935.60657
G1 X198.019 Y215.2 E2935.63084
G1 X196.807 Y215.6 E2935.65597
G1 X195.574 Y215.2 E2935.68149
G1 X194.648 Y214.4 E2935.70559
G1 X194.174 Y213.2 E2935.731
G1 X194.295 Y212 E2935.75475
G1 X195.147 Y210.8 E2935.78373
G0 F9000 X195.55 Y210.4
G1 F1540.4 X196.228 Y210.4 E2935.80628
G1 F1500 E2934.80628
;MESH:NONMESH
G0 F300 X196.228 Y210.4 Z4.6
G0 F9000 X196.005 Y208.776
G0 X197.734 Y92.205
G0 X198.419 Y91.36
;TIME_ELAPSED:6041.267747
;LAYER:22
;TYPE:WALL-OUTER
;MESH:Top of Case V2.STL
G1 F1500 E2935.83289
G1 F1640.1 X198.197 Y91.151 E2935.85317
G1 X197.979 Y90.993 E2935.87108
G1 X197.604 Y90.802 E2935.89907
G1 X197.332 Y90.715 E2935.91807
G1 X197.032 Y90.662 E2935.93833
G1 X196.739 Y90.65 E2935.95784
G1 X196.457 Y90.676 E2935.97668
G1 X196.169 Y90.742 E2935.99633
G1 X195.8 Y90.889 E2936.02276
G1 X195.539 Y91.047 E2936.04305
G1 X195.327 Y91.215 E2936.06104
G1 X195.077 Y91.482 E2936.08538
G1 X194.857 Y91.817 E2936.11204
G1 X194.731 Y92.098 E2936.13252
G1 X194.643 Y92.415 E2936.15441
G1 X194.605 Y92.697 E2936.17333
G1 X194.603 Y92.986 E2936.19256
G1 X194.633 Y93.235 E2936.20924
G1 X194.696 Y93.494 E2936.22697
G1 X194.806 Y93.781 E2936.24742
G1 X194.975 Y94.081 E2936.27032
G1 X195.18 Y94.34 E2936.2923
G1 X195.402 Y94.549 E2936.31258
G1 X195.621 Y94.708 E2936.33058
G1 X195.995 Y94.898 E2936.35849
G1 X196.267 Y94.985 E2936.37748
G1 X196.567 Y95.038 E2936.39775
G1 X196.86 Y95.05 E2936.41725
G1 X197.142 Y95.024 E2936.43609
G1 X197.43 Y94.958 E2936.45575
G1 X197.799 Y94.811 E2936.48217
G1 X198.06 Y94.653 E2936.50246
G1 X198.328 Y94.433 E2936.52553
G1 X198.522 Y94.218 E2936.54479
G1 X198.742 Y93.883 E2936.57145
G1 X198.868 Y93.602 E2936.59194
G1 X198.956 Y93.285 E2936.61382
G1 X198.994 Y93.003 E2936.63275
G1 X198.996 Y92.714 E2936.65198
G1 X198.966 Y92.465 E2936.66866
G1 X198.903 Y92.206 E2936.68639
G1 X198.793 Y91.919 E2936.70684
G1 X198.624 Y91.619 E2936.72974
G1 X198.419 Y91.36 E2936.75171
G0 F9000 X199.216 Y90.907
G1 F1640.1 X199.434 Y91.216 E2936.77687
G1 X199.583 Y91.487 E2936.79744
G1 X199.691 Y91.733 E2936.81531
G1 X199.778 Y91.99 E2936.83336
G1 X199.84 Y92.247 E2936.85095
G1 X199.887 Y92.574 E2936.87292
G1 X199.899 Y92.878 E2936.89316
G1 X199.884 Y93.155 E2936.91161
G1 X199.848 Y93.411 E2936.92881
G1 X199.767 Y93.748 E2936.95187
G1 X199.677 Y94.004 E2936.96992
G1 X199.545 Y94.289 E2936.99081
G1 X199.336 Y94.634 E2937.01764
G1 X199.175 Y94.842 E2937.03514
G1 X198.95 Y95.083 E2937.05707
G1 X198.732 Y95.274 E2937.07635
G1 X198.497 Y95.444 E2937.09564
G1 X198.248 Y95.59 E2937.11484
G1 X197.956 Y95.726 E2937.13627
G1 X197.716 Y95.812 E2937.15323
G1 X197.401 Y95.891 E2937.17483
G1 X197.071 Y95.939 E2937.19702
G1 X196.706 Y95.949 E2937.22131
G1 X196.454 Y95.932 E2937.23811
G1 X196.124 Y95.876 E2937.26037
G1 X195.82 Y95.791 E2937.28137
G1 X195.553 Y95.688 E2937.30041
G1 X195.261 Y95.542 E2937.32212
G1 X195.049 Y95.408 E2937.33881
G1 X194.799 Y95.218 E2937.35969
G1 X194.603 Y95.038 E2937.3774
G1 X194.383 Y94.793 E2937.3993
G1 X194.165 Y94.484 E2937.42446
G1 X194.01 Y94.201 E2937.44592
G1 X193.907 Y93.963 E2937.46317
G1 X193.817 Y93.697 E2937.48185
G1 X193.758 Y93.446 E2937.499
G1 X193.712 Y93.126 E2937.52051
G1 X193.699 Y92.821 E2937.54081
G1 X193.718 Y92.506 E2937.56181
G1 X193.772 Y92.183 E2937.58359
G1 X193.843 Y91.915 E2937.60203
G1 X193.975 Y91.571 E2937.62654
G1 X194.111 Y91.306 E2937.64636
G1 X194.266 Y91.062 E2937.66559
G1 X194.429 Y90.852 E2937.68327
G1 X194.649 Y90.617 E2937.70468
G1 X194.842 Y90.446 E2937.72183
G1 X195.103 Y90.255 E2937.74335
G1 X195.388 Y90.09 E2937.76526
G1 X195.643 Y89.974 E2937.78389
G1 X195.883 Y89.888 E2937.80085
G1 X196.198 Y89.809 E2937.82245
G1 X196.528 Y89.761 E2937.84463
G1 X196.893 Y89.751 E2937.86892
G1 X197.145 Y89.768 E2937.88572
G1 X197.475 Y89.824 E2937.90799
G1 X197.779 Y89.909 E2937.92899
G1 X198.046 Y90.012 E2937.94802
G1 X198.307 Y90.142 E2937.96742
G1 X198.551 Y90.292 E2937.98647
G1 X198.8 Y90.482 E2938.00731
G1 X198.985 Y90.651 E2938.02398
G1 X199.216 Y90.907 E2938.04691
G0 F9000 X198.8 Y91.123
;TYPE:SKIN
G1 F1435.1 X199.2 Y91.765 E2938.06245
G1 X198 Y90.494 E2938.09836
G1 X196.8 Y90.201 E2938.12374
G1 X195.6 Y90.489 E2938.14909
G1 X194.8 Y91.119 E2938.17001
G1 X194.4 Y91.756 E2938.18546
G0 F9000 X194.4 Y92.039
G0 X194.4 Y93.655
G0 X194.4 Y93.934
G1 F1435.1 X194.8 Y94.576 E2938.203
G1 X196 Y95.371 E2938.23637
G1 X197.2 Y95.467 E2938.26427
G1 X198.4 Y94.953 E2938.29454
G1 X199.2 Y93.933 E2938.32459
G1 F1500 E2937.32459
G0 F9000 X197.839 Y93.307
G0 X104.26 Y92.442
G0 X105.194 Y91.919
;TYPE:WALL-OUTER
G1 F1500 E2938.35119
G1 F1640.1 X105.025 Y91.619 E2938.3741
G1 X104.82 Y91.36 E2938.39607
G1 X104.598 Y91.151 E2938.41635
G1 X104.38 Y90.993 E2938.43426
G1 X104.005 Y90.802 E2938.46226
G1 X103.733 Y90.715 E2938.48125
G1 X103.433 Y90.662 E2938.50152
G1 X103.14 Y90.65 E2938.52103
G1 X102.858 Y90.676 E2938.53986
G1 X102.57 Y90.742 E2938.55952
G1 X102.201 Y90.889 E2938.58594
G1 X101.94 Y91.047 E2938.60624
G1 X101.728 Y91.215 E2938.62423
G1 X101.478 Y91.482 E2938.64856
G1 X101.258 Y91.817 E2938.67522
G1 X101.132 Y92.098 E2938.69571
G1 X101.044 Y92.415 E2938.71759
G1 X101.006 Y92.696 E2938.73645
G1 X101.008 Y93.042 E2938.75947
G1 X101.053 Y93.329 E2938.77879
G1 X101.154 Y93.658 E2938.80169
G1 X101.288 Y93.937 E2938.82228
G1 X101.481 Y94.222 E2938.84517
G1 X101.689 Y94.449 E2938.86565
G1 X101.908 Y94.63 E2938.88455
G1 X102.12 Y94.766 E2938.90131
G1 X102.396 Y94.898 E2938.92166
G1 X102.668 Y94.985 E2938.94065
G1 X102.968 Y95.038 E2938.96092
G1 X103.261 Y95.05 E2938.98043
G1 X103.543 Y95.024 E2938.99926
G1 X103.831 Y94.958 E2939.01892
G1 X104.2 Y94.811 E2939.04534
G1 X104.461 Y94.653 E2939.06564
G1 X104.729 Y94.433 E2939.0887
G1 X104.923 Y94.218 E2939.10796
G1 X105.143 Y93.883 E2939.13462
G1 X105.269 Y93.602 E2939.15511
G1 X105.357 Y93.285 E2939.17699
G1 X105.395 Y93.003 E2939.19592
G1 X105.397 Y92.714 E2939.21515
G1 X105.367 Y92.465 E2939.23183
G1 X105.304 Y92.206 E2939.24956
G1 X105.194 Y91.919 E2939.27001
G0 F9000 X105.835 Y91.216
G1 F1640.1 X105.984 Y91.487 E2939.29058
G1 X106.092 Y91.733 E2939.30845
G1 X106.179 Y91.99 E2939.3265
G1 X106.241 Y92.247 E2939.34409
G1 X106.288 Y92.574 E2939.36606
G1 X106.3 Y92.878 E2939.3863
G1 X106.285 Y93.155 E2939.40475
G1 X106.249 Y93.411 E2939.42195
G1 X106.168 Y93.748 E2939.44501
G1 X106.078 Y94.004 E2939.46306
G1 X105.946 Y94.289 E2939.48395
G1 X105.737 Y94.634 E2939.51078
G1 X105.576 Y94.842 E2939.52828
G1 X105.351 Y95.083 E2939.55021
G1 X105.133 Y95.274 E2939.56949
G1 X104.898 Y95.444 E2939.58878
G1 X104.649 Y95.59 E2939.60798
G1 X104.357 Y95.726 E2939.62941
G1 X104.117 Y95.812 E2939.64637
G1 X103.802 Y95.891 E2939.66797
G1 X103.472 Y95.939 E2939.69016
G1 X103.107 Y95.949 E2939.71445
G1 X102.855 Y95.932 E2939.73125
G1 X102.525 Y95.876 E2939.75351
G1 X102.221 Y95.791 E2939.77451
G1 X101.954 Y95.688 E2939.79355
G1 X101.662 Y95.542 E2939.81526
G1 X101.45 Y95.408 E2939.83195
G1 X101.2 Y95.218 E2939.85283
G1 X101.004 Y95.038 E2939.87054
G1 X100.784 Y94.793 E2939.89244
G1 X100.566 Y94.484 E2939.9176
G1 X100.411 Y94.201 E2939.93906
G1 X100.308 Y93.963 E2939.95631
G1 X100.218 Y93.697 E2939.97499
G1 X100.159 Y93.446 E2939.99214
G1 X100.113 Y93.126 E2940.01365
G1 X100.1 Y92.821 E2940.03395
G1 X100.119 Y92.506 E2940.05495
G1 X100.173 Y92.183 E2940.07673
G1 X100.244 Y91.915 E2940.09517
G1 X100.376 Y91.571 E2940.11968
G1 X100.512 Y91.306 E2940.1395
G1 X100.667 Y91.062 E2940.15872
G1 X100.83 Y90.852 E2940.17641
G1 X101.05 Y90.617 E2940.19782
G1 X101.243 Y90.446 E2940.21497
G1 X101.504 Y90.255 E2940.23649
G1 X101.789 Y90.09 E2940.2584
G1 X102.044 Y89.974 E2940.27703
G1 X102.284 Y89.888 E2940.29399
G1 X102.599 Y89.809 E2940.31559
G1 X102.929 Y89.761 E2940.33777
G1 X103.294 Y89.751 E2940.36206
G1 X103.546 Y89.768 E2940.37886
G1 X103.876 Y89.824 E2940.40113
G1 X104.18 Y89.909 E2940.42213
G1 X104.447 Y90.012 E2940.44116
G1 X104.708 Y90.142 E2940.46056
G1 X104.952 Y90.292 E2940.47961
G1 X105.201 Y90.482 E2940.50045
G1 X105.386 Y90.651 E2940.51712
G1 X105.617 Y90.907 E2940.54005
G1 X105.835 Y91.216 E2940.56521
G0 F9000 X105.599 Y91.763
;TYPE:SKIN
G1 F1435.1 X105.199 Y91.122 E2940.58177
G1 X103.999 Y90.327 E2940.61331
G1 X102.799 Y90.231 E2940.63969
G1 X101.599 Y90.743 E2940.66829
G1 X100.799 Y91.759 E2940.69663
G0 F9000 X100.799 Y92.043
G0 X100.799 Y93.645
G0 X100.799 Y93.928
G1 F1435.1 X101.199 Y94.579 E2940.71432
G1 X102.399 Y95.371 E2940.74763
G1 X103.599 Y95.467 E2940.77551
G1 X104.799 Y94.953 E2940.80575
G1 X105.599 Y93.936 E2940.83572
G1 F1500 E2939.83572
G0 F9000 X106.893 Y94.776
G0 X103.818 Y211.912
G0 X104.598 Y211.166
;TYPE:WALL-OUTER
G1 F1500 E2940.86233
G1 F1640.1 X104.38 Y211.008 E2940.88024
G1 X104.005 Y210.817 E2940.90823
G1 X103.733 Y210.73 E2940.92723
G1 X103.433 Y210.677 E2940.94749
G1 X103.14 Y210.665 E2940.967
G1 X102.858 Y210.691 E2940.98584
G1 X102.57 Y210.757 E2941.00549
G1 X102.201 Y210.904 E2941.03191
G1 X101.94 Y211.062 E2941.05221
G1 X101.728 Y211.23 E2941.0702
G1 X101.478 Y211.497 E2941.09453
G1 X101.258 Y211.832 E2941.12119
G1 X101.132 Y212.113 E2941.14168
G1 X101.044 Y212.43 E2941.16356
G1 X101.006 Y212.711 E2941.18243
G1 X101.008 Y213.057 E2941.20544
G1 X101.053 Y213.344 E2941.22477
G1 X101.154 Y213.673 E2941.24766
G1 X101.288 Y213.952 E2941.26825
G1 X101.481 Y214.237 E2941.29115
G1 X101.689 Y214.464 E2941.31163
G1 X101.908 Y214.645 E2941.33053
G1 X102.12 Y214.781 E2941.34728
G1 X102.396 Y214.913 E2941.36763
G1 X102.668 Y215 E2941.38663
G1 X102.968 Y215.053 E2941.40689
G1 X103.261 Y215.065 E2941.4264
G1 X103.543 Y215.039 E2941.44524
G1 X103.831 Y214.973 E2941.46489
G1 X104.2 Y214.826 E2941.49131
G1 X104.461 Y214.668 E2941.51161
G1 X104.729 Y214.448 E2941.53467
G1 X104.923 Y214.233 E2941.55394
G1 X105.143 Y213.898 E2941.5806
G1 X105.269 Y213.617 E2941.60108
G1 X105.357 Y213.3 E2941.62297
G1 X105.395 Y213.018 E2941.6419
G1 X105.397 Y212.729 E2941.66112
G1 X105.367 Y212.48 E2941.6778
G1 X105.304 Y212.221 E2941.69554
G1 X105.194 Y211.934 E2941.71598
G1 X105.025 Y211.634 E2941.73889
G1 X104.82 Y211.375 E2941.76086
G1 X104.598 Y211.166 E2941.78114
G0 F9000 X105.617 Y210.922
G1 F1640.1 X105.835 Y211.231 E2941.8063
G1 X105.984 Y211.502 E2941.82687
G1 X106.092 Y211.748 E2941.84474
G1 X106.179 Y212.005 E2941.86279
G1 X106.241 Y212.262 E2941.88037
G1 X106.288 Y212.589 E2941.90235
G1 X106.3 Y212.893 E2941.92259
G1 X106.285 Y213.17 E2941.94104
G1 X106.249 Y213.426 E2941.95824
G1 X106.168 Y213.763 E2941.98129
G1 X106.078 Y214.019 E2941.99934
G1 X105.946 Y214.304 E2942.02024
G1 X105.737 Y214.649 E2942.04707
G1 X105.576 Y214.857 E2942.06457
G1 X105.351 Y215.098 E2942.0865
G1 X105.133 Y215.289 E2942.10578
G1 X104.898 Y215.459 E2942.12507
G1 X104.649 Y215.605 E2942.14427
G1 X104.357 Y215.741 E2942.1657
G1 X104.117 Y215.827 E2942.18266
G1 X103.802 Y215.906 E2942.20426
G1 X103.472 Y215.954 E2942.22644
G1 X103.107 Y215.964 E2942.25073
G1 X102.855 Y215.947 E2942.26753
G1 X102.525 Y215.891 E2942.2898
G1 X102.221 Y215.806 E2942.3108
G1 X101.954 Y215.703 E2942.32983
G1 X101.662 Y215.557 E2942.35155
G1 X101.45 Y215.423 E2942.36823
G1 X101.2 Y215.233 E2942.38912
G1 X101.004 Y215.053 E2942.40682
G1 X100.784 Y214.808 E2942.42873
G1 X100.566 Y214.499 E2942.45388
G1 X100.411 Y214.216 E2942.47535
G1 X100.308 Y213.978 E2942.4926
G1 X100.218 Y213.712 E2942.51128
G1 X100.159 Y213.461 E2942.52843
G1 X100.113 Y213.141 E2942.54993
G1 X100.1 Y212.836 E2942.57024
G1 X100.119 Y212.521 E2942.59123
G1 X100.173 Y212.198 E2942.61302
G1 X100.244 Y211.93 E2942.63146
G1 X100.376 Y211.586 E2942.65597
G1 X100.512 Y211.321 E2942.67578
G1 X100.667 Y211.077 E2942.69501
G1 X100.83 Y210.867 E2942.7127
G1 X101.05 Y210.632 E2942.73411
G1 X101.243 Y210.461 E2942.75126
G1 X101.504 Y210.27 E2942.77278
G1 X101.789 Y210.105 E2942.79468
G1 X102.044 Y209.989 E2942.81332
G1 X102.284 Y209.903 E2942.83028
G1 X102.599 Y209.824 E2942.85188
G1 X102.929 Y209.776 E2942.87406
G1 X103.294 Y209.766 E2942.89835
G1 X103.546 Y209.783 E2942.91515
G1 X103.876 Y209.839 E2942.93742
G1 X104.18 Y209.924 E2942.95842
G1 X104.447 Y210.027 E2942.97745
G1 X104.708 Y210.157 E2942.99685
G1 X104.952 Y210.307 E2943.0159
G1 X105.201 Y210.497 E2943.03674
G1 X105.386 Y210.666 E2943.0534
G1 X105.617 Y210.922 E2943.07634
G0 F9000 X105.199 Y211.138
;TYPE:SKIN
G1 F1435.1 X105.599 Y211.779 E2943.09186
G1 X104.399 Y210.509 E2943.12775
G1 X103.199 Y210.217 E2943.15311
G1 X101.999 Y210.505 E2943.17846
G1 X101.199 Y211.136 E2943.19938
G1 X100.799 Y211.775 E2943.21487
G0 F9000 X100.799 Y212.059
G0 X100.799 Y213.661
G0 X100.799 Y213.944
G1 F1435.1 X101.199 Y214.595 E2943.23257
G1 X102.399 Y215.387 E2943.26587
G1 X103.599 Y215.483 E2943.29375
G1 X104.799 Y214.969 E2943.32399
G1 X105.599 Y213.952 E2943.35396
G1 F1500 E2942.35396
G0 F9000 X107.184 Y214.08
G0 X197.002 Y211.748
G0 X197.604 Y210.817
;TYPE:WALL-OUTER
G1 F1500 E2943.38057
G1 F1640.1 X197.332 Y210.73 E2943.39957
G1 X197.032 Y210.677 E2943.41983
G1 X196.739 Y210.665 E2943.43934
G1 X196.457 Y210.691 E2943.45818
G1 X196.169 Y210.757 E2943.47783
G1 X195.8 Y210.904 E2943.50425
G1 X195.539 Y211.062 E2943.52455
G1 X195.327 Y211.23 E2943.54254
G1 X195.077 Y211.497 E2943.56687
G1 X194.857 Y211.832 E2943.59353
G1 X194.731 Y212.113 E2943.61402
G1 X194.643 Y212.43 E2943.6359
G1 X194.605 Y212.712 E2943.65483
G1 X194.603 Y213.001 E2943.67406
G1 X194.633 Y213.25 E2943.69074
G1 X194.696 Y213.509 E2943.70847
G1 X194.806 Y213.796 E2943.72892
G1 X194.975 Y214.096 E2943.75182
G1 X195.18 Y214.355 E2943.77379
G1 X195.402 Y214.564 E2943.79408
G1 X195.621 Y214.723 E2943.81208
G1 X195.995 Y214.913 E2943.83998
G1 X196.267 Y215 E2943.85898
G1 X196.567 Y215.053 E2943.87924
G1 X196.86 Y215.065 E2943.89875
G1 X197.142 Y215.039 E2943.91759
G1 X197.43 Y214.973 E2943.93724
G1 X197.799 Y214.826 E2943.96367
G1 X198.06 Y214.668 E2943.98396
G1 X198.328 Y214.448 E2944.00703
G1 X198.522 Y214.233 E2944.02629
G1 X198.742 Y213.898 E2944.05295
G1 X198.868 Y213.617 E2944.07344
G1 X198.956 Y213.3 E2944.09532
G1 X198.994 Y213.018 E2944.11425
G1 X198.996 Y212.729 E2944.13347
G1 X198.966 Y212.48 E2944.15016
G1 X198.903 Y212.221 E2944.16789
G1 X198.793 Y211.934 E2944.18833
G1 X198.624 Y211.634 E2944.21124
G1 X198.419 Y211.375 E2944.23321
G1 X198.197 Y211.166 E2944.25349
G1 X197.979 Y211.008 E2944.2714
G1 X197.604 Y210.817 E2944.2994
G0 F9000 X198.046 Y210.027
G1 F1640.1 X198.307 Y210.157 E2944.31879
G1 X198.551 Y210.307 E2944.33784
G1 X198.8 Y210.497 E2944.35868
G1 X198.985 Y210.666 E2944.37535
G1 X199.216 Y210.922 E2944.39828
G1 X199.434 Y211.231 E2944.42344
G1 X199.583 Y211.502 E2944.44401
G1 X199.691 Y211.748 E2944.46188
G1 X199.778 Y212.005 E2944.47993
G1 X199.84 Y212.262 E2944.49752
G1 X199.887 Y212.589 E2944.51949
G1 X199.899 Y212.893 E2944.53973
G1 X199.884 Y213.17 E2944.55819
G1 X199.848 Y213.426 E2944.57538
G1 X199.767 Y213.763 E2944.59844
G1 X199.677 Y214.019 E2944.61649
G1 X199.545 Y214.304 E2944.63738
G1 X199.336 Y214.649 E2944.66421
G1 X199.175 Y214.857 E2944.68171
G1 X198.95 Y215.098 E2944.70364
G1 X198.732 Y215.289 E2944.72292
G1 X198.497 Y215.459 E2944.74222
G1 X198.248 Y215.605 E2944.76142
G1 X197.956 Y215.741 E2944.78284
G1 X197.716 Y215.827 E2944.7998
G1 X197.401 Y215.906 E2944.82141
G1 X197.071 Y215.954 E2944.84359
G1 X196.706 Y215.964 E2944.86788
G1 X196.454 Y215.947 E2944.88468
G1 X196.124 Y215.891 E2944.90694
G1 X195.82 Y215.806 E2944.92794
G1 X195.553 Y215.703 E2944.94698
G1 X195.261 Y215.557 E2944.9687
G1 X195.049 Y215.423 E2944.98538
G1 X194.799 Y215.233 E2945.00627
G1 X194.603 Y215.053 E2945.02397
G1 X194.383 Y214.808 E2945.04587
G1 X194.165 Y214.499 E2945.07103
G1 X194.01 Y214.216 E2945.09249
G1 X193.907 Y213.978 E2945.10974
G1 X193.817 Y213.712 E2945.12842
G1 X193.758 Y213.461 E2945.14557
G1 X193.712 Y213.141 E2945.16708
G1 X193.699 Y212.836 E2945.18739
G1 X193.718 Y212.521 E2945.20838
G1 X193.772 Y212.198 E2945.23016
G1 X193.843 Y211.93 E2945.24861
G1 X193.975 Y211.586 E2945.27311
G1 X194.111 Y211.321 E2945.29293
G1 X194.266 Y211.077 E2945.31216
G1 X194.429 Y210.867 E2945.32984
G1 X194.649 Y210.632 E2945.35125
G1 X194.842 Y210.461 E2945.36841
G1 X195.103 Y210.27 E2945.38992
G1 X195.388 Y210.105 E2945.41183
G1 X195.643 Y209.989 E2945.43046
G1 X195.883 Y209.903 E2945.44742
G1 X196.198 Y209.824 E2945.46902
G1 X196.528 Y209.776 E2945.49121
G1 X196.893 Y209.766 E2945.5155
G1 X197.145 Y209.783 E2945.5323
G1 X197.475 Y209.839 E2945.55456
G1 X197.779 Y209.924 E2945.57556
G1 X198.046 Y210.027 E2945.5946
G0 F9000 X197.999 Y210.509
;TYPE:SKIN
G1 F1435.1 X198.399 Y210.755 E2945.60767
G1 X199.199 Y211.78 E2945.64387
G0 F9000 X199.199 Y212.06
G0 X199.199 Y213.67
G0 X199.199 Y213.948
G1 F1435.1 X198.799 Y214.593 E2945.66145
G1 X197.599 Y215.387 E2945.69478
G1 X196.399 Y215.48 E2945.72267
G1 X195.199 Y214.973 E2945.75284
G1 X194.399 Y213.949 E2945.78295
G0 F9000 X194.399 Y213.67
G0 X194.399 Y212.054
G0 X194.399 Y211.771
G1 F1435.1 X194.799 Y211.134 E2945.80139
G1 X195.999 Y210.34 E2945.83666
G1 X197.199 Y210.248 E2945.86616
G0 F9000 X197.599 Y210.462
G1 F1435.1 X197.599 Y210.222 E2945.87415
G1 F1500 E2944.87415
;MESH:NONMESH
G0 F300 X197.599 Y210.222 Z4.8
G0 F9000 X197.918 Y208.853
G0 X197.74 Y92.214
G0 X198.355 Y91.294
;TIME_ELAPSED:6054.786115
;LAYER:23
;TYPE:WALL-OUTER
;MESH:Top of Case V2.STL
G1 F1500 E2945.90075
G1 F1760.5 X198.125 Y91.093 E2945.92107
G1 X197.849 Y90.916 E2945.94288
G1 X197.623 Y90.809 E2945.95952
G1 X197.331 Y90.714 E2945.97994
G1 X197.032 Y90.662 E2946.00013
G1 X196.737 Y90.65 E2946.01977
G1 X196.381 Y90.69 E2946.0436
G1 X196.096 Y90.765 E2946.0632
G1 X195.8 Y90.889 E2946.08455
G1 X195.538 Y91.048 E2946.10494
G1 X195.254 Y91.284 E2946.1295
G1 X195.074 Y91.485 E2946.14745
G1 X194.876 Y91.782 E2946.17119
G1 X194.737 Y92.084 E2946.19331
G1 X194.648 Y92.393 E2946.2147
G1 X194.605 Y92.697 E2946.23512
G1 X194.603 Y92.987 E2946.25441
G1 X194.664 Y93.381 E2946.28094
G1 X194.746 Y93.639 E2946.29894
G1 X194.875 Y93.918 E2946.31939
G1 X195.034 Y94.163 E2946.33882
G1 X195.244 Y94.406 E2946.36018
G1 X195.474 Y94.607 E2946.3805
G1 X195.75 Y94.784 E2946.40231
G1 X195.976 Y94.891 E2946.41895
G1 X196.268 Y94.986 E2946.43937
G1 X196.567 Y95.038 E2946.45956
G1 X196.862 Y95.05 E2946.4792
G1 X197.218 Y95.01 E2946.50303
G1 X197.503 Y94.935 E2946.52263
G1 X197.799 Y94.811 E2946.54398
G1 X198.061 Y94.652 E2946.56437
G1 X198.345 Y94.416 E2946.58893
G1 X198.525 Y94.215 E2946.60688
G1 X198.723 Y93.918 E2946.63063
G1 X198.862 Y93.616 E2946.65274
G1 X198.951 Y93.307 E2946.67413
G1 X198.994 Y93.003 E2946.69455
G1 X198.996 Y92.713 E2946.71385
G1 X198.935 Y92.319 E2946.74037
G1 X198.853 Y92.061 E2946.75837
G1 X198.724 Y91.782 E2946.77882
G1 X198.565 Y91.537 E2946.79825
G1 X198.355 Y91.294 E2946.81961
G0 F9000 X199.338 Y91.069
G1 F1760.5 X199.505 Y91.336 E2946.84056
G1 X199.634 Y91.594 E2946.85975
G1 X199.751 Y91.902 E2946.88167
G1 X199.85 Y92.301 E2946.90901
G1 X199.891 Y92.623 E2946.93061
G1 X199.899 Y92.943 E2946.9519
G1 X199.871 Y93.266 E2946.97347
G1 X199.816 Y93.566 E2946.99376
G1 X199.724 Y93.878 E2947.01539
G1 X199.614 Y94.15 E2947.03491
G1 X199.467 Y94.43 E2947.05595
G1 X199.327 Y94.645 E2947.07301
G1 X199.17 Y94.848 E2947.09008
G1 X198.949 Y95.084 E2947.11159
G1 X198.707 Y95.293 E2947.13286
G1 X198.484 Y95.452 E2947.15108
G1 X198.211 Y95.61 E2947.17206
G1 X197.903 Y95.747 E2947.19449
G1 X197.6 Y95.845 E2947.21567
G1 X197.295 Y95.91 E2947.23641
G1 X197.122 Y95.933 E2947.24802
G1 X196.844 Y95.949 E2947.26655
G1 X196.458 Y95.932 E2947.29225
G1 X196.162 Y95.884 E2947.3122
G1 X195.872 Y95.809 E2947.33212
G1 X195.594 Y95.706 E2947.35184
G1 X195.323 Y95.576 E2947.37184
G1 X195.07 Y95.423 E2947.3915
G1 X194.822 Y95.237 E2947.41213
G1 X194.62 Y95.054 E2947.43026
G1 X194.419 Y94.836 E2947.44998
G1 X194.259 Y94.628 E2947.46744
G1 X194.093 Y94.362 E2947.48829
G1 X193.965 Y94.106 E2947.50733
G1 X193.848 Y93.798 E2947.52925
G1 X193.779 Y93.551 E2947.54631
G1 X193.722 Y93.218 E2947.56878
G1 X193.7 Y92.894 E2947.59039
G1 X193.708 Y92.617 E2947.60882
G1 X193.751 Y92.283 E2947.63122
G1 X193.83 Y91.957 E2947.65353
G1 X193.932 Y91.671 E2947.67373
G1 X194.067 Y91.386 E2947.69471
G1 X194.195 Y91.169 E2947.71147
G1 X194.352 Y90.947 E2947.72956
G1 X194.65 Y90.616 E2947.75918
G1 X194.842 Y90.446 E2947.77624
G1 X195.103 Y90.255 E2947.79776
G1 X195.382 Y90.093 E2947.81922
G1 X195.696 Y89.953 E2947.84209
G1 X195.999 Y89.855 E2947.86327
G1 X196.304 Y89.79 E2947.88401
G1 X196.58 Y89.759 E2947.90249
G1 X196.877 Y89.751 E2947.92225
G1 X197.141 Y89.768 E2947.93985
G1 X197.437 Y89.816 E2947.9598
G1 X197.727 Y89.891 E2947.97972
G1 X198.005 Y89.994 E2947.99945
G1 X198.287 Y90.13 E2948.02027
G1 X198.526 Y90.275 E2948.03887
G1 X198.77 Y90.457 E2948.05912
G1 X198.979 Y90.646 E2948.07786
G1 X199.17 Y90.852 E2948.09655
G1 X199.338 Y91.069 E2948.1148
G0 F9000 X198.867 Y91.2
;TYPE:SKIN
G1 F1540.5 X198.471 Y90.8 E2948.12509
G1 X197.765 Y90.4 E2948.13992
G1 X195.84 Y90.4 E2948.17511
G1 X194.73 Y91.2 E2948.20011
G1 X194.19 Y92.4 E2948.22417
G1 X194.261 Y93.6 E2948.24614
G1 X195.015 Y94.8 E2948.27204
G1 X195.598 Y95.2 E2948.28496
G1 X196.817 Y95.6 E2948.30841
G1 X197.992 Y95.2 E2948.3311
G1 X198.944 Y94.4 E2948.35383
G1 X199.422 Y93.2 E2948.37744
G1 X199.308 Y92 E2948.39947
G1 X199.134 Y91.6 E2948.40744
G1 F1500 E2947.40744
G0 F9000 X197.715 Y92.178
G0 X104.226 Y92.362
G0 X105.125 Y91.782
;TYPE:WALL-OUTER
G1 F1500 E2948.43405
G1 F1760.5 X104.966 Y91.537 E2948.45348
G1 X104.756 Y91.294 E2948.47484
G1 X104.526 Y91.093 E2948.49516
G1 X104.25 Y90.916 E2948.51697
G1 X104.024 Y90.809 E2948.53361
G1 X103.732 Y90.714 E2948.55403
G1 X103.433 Y90.662 E2948.57422
G1 X103.138 Y90.65 E2948.59386
G1 X102.782 Y90.69 E2948.61769
G1 X102.497 Y90.765 E2948.63729
G1 X102.201 Y90.889 E2948.65864
G1 X101.939 Y91.048 E2948.67903
G1 X101.655 Y91.284 E2948.70359
G1 X101.475 Y91.485 E2948.72154
G1 X101.277 Y91.782 E2948.74528
G1 X101.138 Y92.084 E2948.7674
G1 X101.049 Y92.393 E2948.78879
G1 X101.006 Y92.696 E2948.80915
G1 X101.008 Y93.042 E2948.83216
G1 X101.053 Y93.33 E2948.85155
G1 X101.133 Y93.603 E2948.87048
G1 X101.276 Y93.918 E2948.89349
G1 X101.435 Y94.163 E2948.91292
G1 X101.645 Y94.406 E2948.93428
G1 X101.875 Y94.607 E2948.9546
G1 X102.151 Y94.784 E2948.97641
G1 X102.377 Y94.891 E2948.99305
G1 X102.669 Y94.986 E2949.01347
G1 X102.968 Y95.038 E2949.03366
G1 X103.263 Y95.05 E2949.0533
G1 X103.619 Y95.01 E2949.07713
G1 X103.904 Y94.935 E2949.09673
G1 X104.2 Y94.811 E2949.11808
G1 X104.462 Y94.652 E2949.13847
G1 X104.746 Y94.416 E2949.16303
G1 X104.926 Y94.215 E2949.18098
G1 X105.124 Y93.918 E2949.20472
G1 X105.263 Y93.616 E2949.22684
G1 X105.352 Y93.307 E2949.24823
G1 X105.395 Y93.003 E2949.26865
G1 X105.397 Y92.713 E2949.28794
G1 X105.336 Y92.319 E2949.31447
G1 X105.254 Y92.061 E2949.33247
G1 X105.125 Y91.782 E2949.35292
G0 F9000 X106.152 Y91.902
G1 F1760.5 X106.251 Y92.301 E2949.38027
G1 X106.292 Y92.623 E2949.40186
G1 X106.3 Y92.943 E2949.42315
G1 X106.272 Y93.266 E2949.44472
G1 X106.217 Y93.566 E2949.46501
G1 X106.125 Y93.878 E2949.48665
G1 X106.015 Y94.15 E2949.50616
G1 X105.868 Y94.43 E2949.5272
G1 X105.728 Y94.645 E2949.54427
G1 X105.571 Y94.848 E2949.56134
G1 X105.35 Y95.084 E2949.58284
G1 X105.108 Y95.293 E2949.60411
G1 X104.885 Y95.452 E2949.62233
G1 X104.612 Y95.61 E2949.64332
G1 X104.304 Y95.747 E2949.66574
G1 X104.001 Y95.845 E2949.68692
G1 X103.696 Y95.91 E2949.70767
G1 X103.523 Y95.933 E2949.71928
G1 X103.245 Y95.949 E2949.7378
G1 X102.859 Y95.932 E2949.7635
G1 X102.563 Y95.884 E2949.78345
G1 X102.273 Y95.809 E2949.80337
G1 X101.995 Y95.706 E2949.82309
G1 X101.724 Y95.576 E2949.84309
G1 X101.471 Y95.423 E2949.86276
G1 X101.223 Y95.237 E2949.88338
G1 X101.021 Y95.054 E2949.90151
G1 X100.82 Y94.836 E2949.92123
G1 X100.66 Y94.628 E2949.93869
G1 X100.494 Y94.362 E2949.95955
G1 X100.366 Y94.106 E2949.97859
G1 X100.249 Y93.798 E2950.0005
G1 X100.18 Y93.551 E2950.01756
G1 X100.123 Y93.218 E2950.04004
G1 X100.101 Y92.894 E2950.06164
G1 X100.109 Y92.617 E2950.08007
G1 X100.152 Y92.283 E2950.10247
G1 X100.231 Y91.957 E2950.12479
G1 X100.333 Y91.671 E2950.14498
G1 X100.468 Y91.386 E2950.16596
G1 X100.596 Y91.169 E2950.18272
G1 X100.753 Y90.947 E2950.20081
G1 X101.051 Y90.616 E2950.23044
G1 X101.243 Y90.446 E2950.24749
G1 X101.504 Y90.255 E2950.26901
G1 X101.783 Y90.093 E2950.29047
G1 X102.097 Y89.953 E2950.31334
G1 X102.4 Y89.855 E2950.33452
G1 X102.705 Y89.79 E2950.35527
G1 X102.981 Y89.759 E2950.37374
G1 X103.278 Y89.751 E2950.39351
G1 X103.542 Y89.768 E2950.4111
G1 X103.838 Y89.816 E2950.43105
G1 X104.128 Y89.891 E2950.45098
G1 X104.406 Y89.994 E2950.4707
G1 X104.688 Y90.13 E2950.49152
G1 X104.927 Y90.275 E2950.51012
G1 X105.171 Y90.457 E2950.53037
G1 X105.38 Y90.646 E2950.54911
G1 X105.571 Y90.852 E2950.5678
G1 X105.739 Y91.069 E2950.58605
G1 X105.906 Y91.336 E2950.607
G1 X106.035 Y91.594 E2950.62619
G1 X106.152 Y91.902 E2950.64811
G0 F9000 X105.708 Y92
;TYPE:SKIN
G1 F1540.5 X105.535 Y91.6 E2950.65605
G1 X104.871 Y90.8 E2950.67499
G1 X104.163 Y90.4 E2950.68981
G1 X102.244 Y90.4 E2950.72478
G1 X101.132 Y91.2 E2950.74974
G1 X100.591 Y92.4 E2950.77372
G1 X100.662 Y93.6 E2950.79562
G1 X101.414 Y94.8 E2950.82143
G1 X101.998 Y95.2 E2950.83433
G1 X103.216 Y95.6 E2950.85768
G1 X104.395 Y95.2 E2950.88037
G1 X105.346 Y94.4 E2950.90301
G1 X105.824 Y93.2 E2950.92655
G1 X105.806 Y92.4 E2950.94113
G1 F1500 E2949.94113
G0 F9000 X104.334 Y92.846
G0 X103.877 Y211.953
G0 X104.756 Y211.309
;TYPE:WALL-OUTER
G1 F1500 E2950.96774
G1 F1760.5 X104.526 Y211.108 E2950.98806
G1 X104.25 Y210.931 E2951.00987
G1 X104.024 Y210.824 E2951.0265
G1 X103.732 Y210.729 E2951.04693
G1 X103.433 Y210.677 E2951.06711
G1 X103.138 Y210.665 E2951.08675
G1 X102.782 Y210.705 E2951.11058
G1 X102.497 Y210.78 E2951.13019
G1 X102.201 Y210.904 E2951.15154
G1 X101.939 Y211.063 E2951.17192
G1 X101.655 Y211.299 E2951.19649
G1 X101.475 Y211.5 E2951.21443
G1 X101.277 Y211.797 E2951.23818
G1 X101.138 Y212.099 E2951.26029
G1 X101.049 Y212.408 E2951.28168
G1 X101.006 Y212.711 E2951.30204
G1 X101.008 Y213.057 E2951.32506
G1 X101.053 Y213.345 E2951.34445
G1 X101.133 Y213.618 E2951.36337
G1 X101.276 Y213.933 E2951.38638
G1 X101.435 Y214.178 E2951.40581
G1 X101.645 Y214.421 E2951.42718
G1 X101.875 Y214.622 E2951.4475
G1 X102.151 Y214.799 E2951.46931
G1 X102.377 Y214.906 E2951.48594
G1 X102.669 Y215.001 E2951.50637
G1 X102.968 Y215.053 E2951.52655
G1 X103.263 Y215.065 E2951.54619
G1 X103.619 Y215.025 E2951.57002
G1 X103.904 Y214.95 E2951.58963
G1 X104.2 Y214.826 E2951.61098
G1 X104.462 Y214.667 E2951.63136
G1 X104.746 Y214.431 E2951.65593
G1 X104.926 Y214.23 E2951.67387
G1 X105.124 Y213.933 E2951.69762
G1 X105.263 Y213.631 E2951.71973
G1 X105.352 Y213.322 E2951.74112
G1 X105.395 Y213.018 E2951.76155
G1 X105.397 Y212.728 E2951.78084
G1 X105.336 Y212.334 E2951.80736
G1 X105.254 Y212.076 E2951.82537
G1 X105.125 Y211.797 E2951.84581
G1 X104.966 Y211.552 E2951.86524
G1 X104.756 Y211.309 E2951.88661
G0 F9000 X105.171 Y210.472
G1 F1760.5 X105.38 Y210.661 E2951.90535
G1 X105.571 Y210.867 E2951.92404
G1 X105.739 Y211.084 E2951.94229
G1 X105.906 Y211.351 E2951.96324
G1 X106.035 Y211.609 E2951.98243
G1 X106.152 Y211.917 E2952.00435
G1 X106.251 Y212.316 E2952.03169
G1 X106.292 Y212.638 E2952.05329
G1 X106.3 Y212.958 E2952.07458
G1 X106.272 Y213.281 E2952.09615
G1 X106.217 Y213.581 E2952.11643
G1 X106.125 Y213.893 E2952.13807
G1 X106.015 Y214.165 E2952.15759
G1 X105.868 Y214.445 E2952.17863
G1 X105.728 Y214.66 E2952.19569
G1 X105.571 Y214.863 E2952.21276
G1 X105.35 Y215.099 E2952.23427
G1 X105.108 Y215.308 E2952.25554
G1 X104.885 Y215.467 E2952.27376
G1 X104.612 Y215.625 E2952.29474
G1 X104.304 Y215.762 E2952.31717
G1 X104.001 Y215.86 E2952.33835
G1 X103.696 Y215.925 E2952.35909
G1 X103.523 Y215.948 E2952.3707
G1 X103.245 Y215.964 E2952.38923
G1 X102.859 Y215.947 E2952.41493
G1 X102.563 Y215.899 E2952.43488
G1 X102.273 Y215.824 E2952.4548
G1 X101.995 Y215.721 E2952.47452
G1 X101.724 Y215.591 E2952.49452
G1 X101.471 Y215.438 E2952.51418
G1 X101.223 Y215.252 E2952.53481
G1 X101.021 Y215.069 E2952.55294
G1 X100.82 Y214.851 E2952.57266
G1 X100.66 Y214.643 E2952.59012
G1 X100.494 Y214.377 E2952.61097
G1 X100.366 Y214.121 E2952.63001
G1 X100.249 Y213.813 E2952.65193
G1 X100.18 Y213.566 E2952.66899
G1 X100.123 Y213.233 E2952.69146
G1 X100.101 Y212.909 E2952.71307
G1 X100.109 Y212.632 E2952.7315
G1 X100.152 Y212.298 E2952.7539
G1 X100.231 Y211.972 E2952.77621
G1 X100.333 Y211.686 E2952.79641
G1 X100.468 Y211.401 E2952.81739
G1 X100.596 Y211.184 E2952.83415
G1 X100.753 Y210.962 E2952.85224
G1 X101.051 Y210.631 E2952.88186
G1 X101.243 Y210.461 E2952.89892
G1 X101.504 Y210.27 E2952.92044
G1 X101.783 Y210.108 E2952.9419
G1 X102.097 Y209.968 E2952.96477
G1 X102.4 Y209.87 E2952.98595
G1 X102.705 Y209.805 E2953.00669
G1 X102.981 Y209.774 E2953.02517
G1 X103.278 Y209.766 E2953.04493
G1 X103.542 Y209.783 E2953.06253
G1 X103.838 Y209.831 E2953.08248
G1 X104.128 Y209.906 E2953.1024
G1 X104.406 Y210.009 E2953.12212
G1 X104.688 Y210.145 E2953.14295
G1 X104.927 Y210.29 E2953.16155
G1 X105.171 Y210.472 E2953.1818
G0 F9000 X104.85 Y210.8
;TYPE:SKIN
G1 F1540.5 X104.12 Y210.4 E2953.19771
G1 X102.286 Y210.4 E2953.23277
G1 X101.144 Y211.2 E2953.25942
G1 X100.593 Y212.4 E2953.28467
G1 X100.657 Y213.6 E2953.30764
G1 X101.398 Y214.8 E2953.3346
G1 X101.969 Y215.2 E2953.34793
G1 X103.207 Y215.6 E2953.3728
G1 X104.424 Y215.2 E2953.39729
G1 X105.355 Y214.4 E2953.42076
G1 X105.825 Y213.2 E2953.44539
G1 X105.702 Y212 E2953.46845
G1 X105.254 Y211.2 E2953.48598
G1 F1500 E2952.48598
G0 F9000 X106.613 Y210.478
G0 X197.141 Y211.782
G0 X197.849 Y210.931
;TYPE:WALL-OUTER
G1 F1500 E2953.51259
G1 F1760.5 X197.623 Y210.824 E2953.52922
G1 X197.331 Y210.729 E2953.54965
G1 X197.032 Y210.677 E2953.56984
G1 X196.737 Y210.665 E2953.58948
G1 X196.381 Y210.705 E2953.61331
G1 X196.096 Y210.78 E2953.63291
G1 X195.8 Y210.904 E2953.65426
G1 X195.538 Y211.063 E2953.67465
G1 X195.254 Y211.299 E2953.69921
G1 X195.074 Y211.5 E2953.71716
G1 X194.876 Y211.797 E2953.7409
G1 X194.737 Y212.099 E2953.76302
G1 X194.648 Y212.408 E2953.78441
G1 X194.605 Y212.712 E2953.80483
G1 X194.603 Y213.002 E2953.82412
G1 X194.664 Y213.396 E2953.85064
G1 X194.746 Y213.654 E2953.86865
G1 X194.875 Y213.933 E2953.8891
G1 X195.034 Y214.178 E2953.90853
G1 X195.244 Y214.421 E2953.92989
G1 X195.474 Y214.622 E2953.95021
G1 X195.75 Y214.799 E2953.97202
G1 X195.976 Y214.906 E2953.98865
G1 X196.268 Y215.001 E2954.00908
G1 X196.567 Y215.053 E2954.02927
G1 X196.862 Y215.065 E2954.04891
G1 X197.218 Y215.025 E2954.07274
G1 X197.503 Y214.95 E2954.09234
G1 X197.799 Y214.826 E2954.11369
G1 X198.061 Y214.667 E2954.13408
G1 X198.345 Y214.431 E2954.15864
G1 X198.525 Y214.23 E2954.17659
G1 X198.723 Y213.933 E2954.20033
G1 X198.862 Y213.631 E2954.22245
G1 X198.951 Y213.322 E2954.24384
G1 X198.994 Y213.018 E2954.26426
G1 X198.996 Y212.728 E2954.28355
G1 X198.935 Y212.334 E2954.31007
G1 X198.853 Y212.076 E2954.32808
G1 X198.724 Y211.797 E2954.34853
G1 X198.565 Y211.552 E2954.36796
G1 X198.355 Y211.309 E2954.38932
G1 X198.125 Y211.108 E2954.40964
G1 X197.849 Y210.931 E2954.43145
G0 F9000 X198.287 Y210.145
G1 F1760.5 X198.526 Y210.29 E2954.45005
G1 X198.77 Y210.472 E2954.4703
G1 X198.979 Y210.661 E2954.48904
G1 X199.17 Y210.867 E2954.50773
G1 X199.338 Y211.084 E2954.52598
G1 X199.505 Y211.351 E2954.54693
G1 X199.634 Y211.609 E2954.56612
G1 X199.751 Y211.917 E2954.58804
G1 X199.85 Y212.316 E2954.61538
G1 X199.891 Y212.638 E2954.63697
G1 X199.899 Y212.958 E2954.65827
G1 X199.871 Y213.281 E2954.67983
G1 X199.816 Y213.581 E2954.70012
G1 X199.724 Y213.893 E2954.72176
G1 X199.614 Y214.165 E2954.74128
G1 X199.467 Y214.445 E2954.76231
G1 X199.327 Y214.66 E2954.77938
G1 X199.17 Y214.863 E2954.79645
G1 X198.949 Y215.099 E2954.81796
G1 X198.707 Y215.308 E2954.83923
G1 X198.484 Y215.467 E2954.85745
G1 X198.211 Y215.625 E2954.87843
G1 X197.903 Y215.762 E2954.90085
G1 X197.6 Y215.86 E2954.92204
G1 X197.295 Y215.925 E2954.94278
G1 X197.122 Y215.948 E2954.95439
G1 X196.844 Y215.964 E2954.97291
G1 X196.458 Y215.947 E2954.99862
G1 X196.162 Y215.899 E2955.01856
G1 X195.872 Y215.824 E2955.03849
G1 X195.594 Y215.721 E2955.05821
G1 X195.323 Y215.591 E2955.0782
G1 X195.07 Y215.438 E2955.09787
G1 X194.822 Y215.252 E2955.11849
G1 X194.62 Y215.069 E2955.13662
G1 X194.419 Y214.851 E2955.15635
G1 X194.259 Y214.643 E2955.17381
G1 X194.093 Y214.377 E2955.19466
G1 X193.965 Y214.121 E2955.2137
G1 X193.848 Y213.813 E2955.23562
G1 X193.779 Y213.566 E2955.25268
G1 X193.722 Y213.233 E2955.27515
G1 X193.7 Y212.909 E2955.29675
G1 X193.708 Y212.632 E2955.31519
G1 X193.751 Y212.298 E2955.33759
G1 X193.83 Y211.972 E2955.3599
G1 X193.932 Y211.686 E2955.3801
G1 X194.067 Y211.401 E2955.40108
G1 X194.195 Y211.184 E2955.41784
G1 X194.352 Y210.962 E2955.43592
G1 X194.65 Y210.631 E2955.46555
G1 X194.842 Y210.461 E2955.48261
G1 X195.103 Y210.27 E2955.50412
G1 X195.382 Y210.108 E2955.52558
G1 X195.696 Y209.968 E2955.54845
G1 X195.999 Y209.87 E2955.56964
G1 X196.304 Y209.805 E2955.59038
G1 X196.58 Y209.774 E2955.60886
G1 X196.877 Y209.766 E2955.62862
G1 X197.141 Y209.783 E2955.64622
G1 X197.437 Y209.831 E2955.66617
G1 X197.727 Y209.906 E2955.68609
G1 X198.005 Y210.009 E2955.70581
G1 X198.287 Y210.145 E2955.72664
G0 F9000 X197.72 Y210.4
;TYPE:SKIN
G1 F1540.5 X198.45 Y210.8 E2955.74308
G1 X199.302 Y212 E2955.77215
G1 X199.425 Y213.2 E2955.79597
G1 X198.955 Y214.4 E2955.82143
G1 X198.024 Y215.2 E2955.84567
G1 X196.807 Y215.6 E2955.87098
G1 X195.569 Y215.2 E2955.89667
G1 X194.642 Y214.4 E2955.92086
G1 X194.175 Y213.2 E2955.94629
G1 X194.295 Y212 E2955.97011
G1 X195.148 Y210.8 E2955.99919
G0 F9000 X195.551 Y210.4
G1 F1540.5 X196.221 Y210.4 E2956.02147
G1 F1500 E2955.02147
;MESH:NONMESH
G0 F300 X196.221 Y210.4 Z5
G0 F9000 X195.934 Y208.79
G0 X197.752 Y92.232
G0 X198.409 Y91.349
;TIME_ELAPSED:6067.815951
;LAYER:24
;TYPE:WALL-OUTER
;MESH:Top of Case V2.STL
G1 F1500 E2956.04808
G1 F1624.5 X198.155 Y91.117 E2956.07097
G1 X197.846 Y90.915 E2956.09552
G1 X197.48 Y90.758 E2956.12201
G1 X197.181 Y90.683 E2956.14252
G1 X196.914 Y90.652 E2956.1604
G1 X196.736 Y90.65 E2956.17224
G1 X196.38 Y90.69 E2956.19607
G1 X196.083 Y90.77 E2956.21653
G1 X195.8 Y90.889 E2956.23695
G1 X195.54 Y91.046 E2956.25716
G1 X195.271 Y91.267 E2956.28032
G1 X195.09 Y91.465 E2956.29816
G1 X194.921 Y91.705 E2956.31769
G1 X194.789 Y91.955 E2956.33649
G1 X194.684 Y92.244 E2956.35695
G1 X194.621 Y92.543 E2956.37727
G1 X194.6 Y92.849 E2956.39768
G1 X194.614 Y93.108 E2956.41493
G1 X194.671 Y93.406 E2956.43511
G1 X194.815 Y93.801 E2956.46308
G1 X194.975 Y94.08 E2956.48447
G1 X195.19 Y94.351 E2956.50749
G1 X195.444 Y94.583 E2956.53037
G1 X195.733 Y94.774 E2956.55341
G1 X195.976 Y94.891 E2956.57135
G1 X196.267 Y94.985 E2956.59169
G1 X196.567 Y95.038 E2956.61196
G1 X196.863 Y95.05 E2956.63167
G1 X197.219 Y95.01 E2956.6555
G1 X197.516 Y94.93 E2956.67596
G1 X197.799 Y94.811 E2956.69638
G1 X198.059 Y94.654 E2956.71658
G1 X198.273 Y94.485 E2956.73472
G1 X198.509 Y94.235 E2956.75759
G1 X198.678 Y93.995 E2956.77712
G1 X198.81 Y93.745 E2956.79592
G1 X198.915 Y93.456 E2956.81638
G1 X198.978 Y93.157 E2956.8367
G1 X198.999 Y92.851 E2956.85711
G1 X198.985 Y92.592 E2956.87436
G1 X198.928 Y92.294 E2956.89454
G1 X198.784 Y91.899 E2956.92251
G1 X198.624 Y91.62 E2956.9439
G1 X198.409 Y91.349 E2956.96692
G0 F9000 X198.778 Y90.464
G1 F1624.5 X199.067 Y90.737 E2956.99336
G1 X199.263 Y90.969 E2957.01356
G1 X199.44 Y91.226 E2957.03432
G1 X199.633 Y91.594 E2957.06196
G1 X199.751 Y91.902 E2957.0839
G1 X199.85 Y92.301 E2957.11125
G1 X199.891 Y92.623 E2957.13284
G1 X199.899 Y92.941 E2957.154
G1 X199.873 Y93.257 E2957.17509
G1 X199.814 Y93.577 E2957.19674
G1 X199.728 Y93.866 E2957.2168
G1 X199.619 Y94.138 E2957.23629
G1 X199.488 Y94.394 E2957.25542
G1 X199.336 Y94.634 E2957.27432
G1 X199.153 Y94.868 E2957.29408
G1 X198.949 Y95.084 E2957.31384
G1 X198.707 Y95.294 E2957.33515
G1 X198.497 Y95.444 E2957.35232
G1 X198.202 Y95.614 E2957.37497
G1 X197.957 Y95.726 E2957.39289
G1 X197.716 Y95.812 E2957.40991
G1 X197.401 Y95.891 E2957.43151
G1 X197.221 Y95.921 E2957.44365
G1 X196.914 Y95.948 E2957.46415
G1 X196.602 Y95.944 E2957.48491
G1 X196.297 Y95.91 E2957.50532
G1 X195.972 Y95.837 E2957.52748
G1 X195.67 Y95.737 E2957.54864
G1 X195.41 Y95.621 E2957.56758
G1 X195.164 Y95.483 E2957.58634
G1 X194.821 Y95.236 E2957.61446
G1 X194.532 Y94.963 E2957.64091
G1 X194.336 Y94.731 E2957.66111
G1 X194.159 Y94.474 E2957.68187
G1 X193.966 Y94.106 E2957.70951
G1 X193.848 Y93.798 E2957.73145
G1 X193.78 Y93.551 E2957.74849
G1 X193.722 Y93.218 E2957.77098
G1 X193.7 Y92.894 E2957.79258
G1 X193.708 Y92.618 E2957.81095
G1 X193.75 Y92.294 E2957.83268
G1 X193.824 Y91.98 E2957.85414
G1 X193.922 Y91.697 E2957.87406
G1 X194.054 Y91.41 E2957.89507
G1 X194.266 Y91.062 E2957.92218
G1 X194.446 Y90.832 E2957.94161
G1 X194.65 Y90.616 E2957.96137
G1 X194.842 Y90.446 E2957.97843
G1 X195.094 Y90.262 E2957.99919
G1 X195.377 Y90.096 E2958.02101
G1 X195.749 Y89.933 E2958.04803
G1 X196.06 Y89.84 E2958.06962
G1 X196.378 Y89.779 E2958.09116
G1 X196.685 Y89.752 E2958.11166
G1 X196.997 Y89.756 E2958.13242
G1 X197.302 Y89.79 E2958.15283
G1 X197.627 Y89.863 E2958.17499
G1 X197.929 Y89.963 E2958.19615
G1 X198.189 Y90.079 E2958.21509
G1 X198.435 Y90.217 E2958.23385
G1 X198.778 Y90.464 E2958.26197
G0 F9000 X198.4 Y90.745
;TYPE:SKIN
G1 F1421.4 X198.8 Y91.124 E2958.27911
G1 X199.2 Y91.774 E2958.30285
G0 F9000 X199.2 Y92.059
G0 X199.2 Y93.651
G0 X199.2 Y93.936
G1 F1421.4 X198.8 Y94.577 E2958.32045
G1 X197.6 Y95.373 E2958.35401
G1 X196.4 Y95.465 E2958.38206
G1 X195.2 Y94.953 E2958.41247
G1 X194.4 Y93.925 E2958.44283
G0 F9000 X194.4 Y93.641
G0 X194.4 Y92.044
G0 X194.4 Y91.763
G1 F1421.4 X194.8 Y91.118 E2958.46059
G1 X196 Y90.325 E2958.49427
G1 X197.2 Y90.23 E2958.52245
G1 X198 Y90.488 E2958.54212
G1 F1500 E2957.54212
G0 F9000 X197.146 Y91.769
G0 X104.261 Y92.445
G0 X105.185 Y91.899
;TYPE:WALL-OUTER
G1 F1500 E2958.56873
G1 F1624.5 X105.025 Y91.62 E2958.59013
G1 X104.81 Y91.349 E2958.61314
G1 X104.556 Y91.117 E2958.63602
G1 X104.247 Y90.915 E2958.66058
G1 X103.881 Y90.758 E2958.68707
G1 X103.582 Y90.683 E2958.70758
G1 X103.315 Y90.652 E2958.72546
G1 X103.137 Y90.65 E2958.7373
G1 X102.781 Y90.69 E2958.76113
G1 X102.484 Y90.77 E2958.78159
G1 X102.201 Y90.889 E2958.80201
G1 X101.941 Y91.046 E2958.82221
G1 X101.672 Y91.267 E2958.84537
G1 X101.491 Y91.465 E2958.86322
G1 X101.322 Y91.705 E2958.88274
G1 X101.19 Y91.955 E2958.90155
G1 X101.085 Y92.244 E2958.922
G1 X101.022 Y92.543 E2958.94233
G1 X101 Y92.874 E2958.9644
G1 X101.026 Y93.185 E2958.98516
G1 X101.093 Y93.481 E2959.00534
G1 X101.216 Y93.801 E2959.02815
G1 X101.376 Y94.08 E2959.04954
G1 X101.591 Y94.351 E2959.07255
G1 X101.845 Y94.583 E2959.09544
G1 X102.134 Y94.774 E2959.11848
G1 X102.377 Y94.891 E2959.13642
G1 X102.668 Y94.985 E2959.15676
G1 X102.968 Y95.038 E2959.17703
G1 X103.264 Y95.05 E2959.19674
G1 X103.62 Y95.01 E2959.22057
G1 X103.917 Y94.93 E2959.24103
G1 X104.2 Y94.811 E2959.26145
G1 X104.46 Y94.654 E2959.28165
G1 X104.674 Y94.485 E2959.29979
G1 X104.91 Y94.235 E2959.32266
G1 X105.079 Y93.995 E2959.34219
G1 X105.211 Y93.745 E2959.36099
G1 X105.316 Y93.456 E2959.38145
G1 X105.379 Y93.157 E2959.40177
G1 X105.4 Y92.851 E2959.42218
G1 X105.386 Y92.592 E2959.43943
G1 X105.329 Y92.294 E2959.45961
G1 X105.185 Y91.899 E2959.48758
G0 F9000 X106.034 Y91.594
G1 F1624.5 X106.152 Y91.902 E2959.50952
G1 X106.251 Y92.301 E2959.53687
G1 X106.292 Y92.623 E2959.55846
G1 X106.3 Y92.941 E2959.57962
G1 X106.274 Y93.257 E2959.60071
G1 X106.215 Y93.577 E2959.62235
G1 X106.129 Y93.866 E2959.64241
G1 X106.02 Y94.138 E2959.6619
G1 X105.889 Y94.394 E2959.68103
G1 X105.737 Y94.634 E2959.69993
G1 X105.554 Y94.868 E2959.71969
G1 X105.35 Y95.084 E2959.73946
G1 X105.108 Y95.294 E2959.76077
G1 X104.898 Y95.444 E2959.77794
G1 X104.603 Y95.614 E2959.80058
G1 X104.358 Y95.726 E2959.8185
G1 X104.117 Y95.812 E2959.83553
G1 X103.802 Y95.891 E2959.85713
G1 X103.622 Y95.921 E2959.86927
G1 X103.315 Y95.948 E2959.88977
G1 X103.003 Y95.944 E2959.91052
G1 X102.698 Y95.91 E2959.93094
G1 X102.373 Y95.837 E2959.9531
G1 X102.071 Y95.737 E2959.97426
G1 X101.811 Y95.621 E2959.9932
G1 X101.565 Y95.483 E2960.01196
G1 X101.222 Y95.236 E2960.04008
G1 X100.933 Y94.963 E2960.06652
G1 X100.737 Y94.731 E2960.08672
G1 X100.56 Y94.474 E2960.10748
G1 X100.367 Y94.106 E2960.13512
G1 X100.249 Y93.798 E2960.15706
G1 X100.181 Y93.551 E2960.17411
G1 X100.123 Y93.218 E2960.19659
G1 X100.101 Y92.894 E2960.21819
G1 X100.109 Y92.618 E2960.23656
G1 X100.151 Y92.294 E2960.25829
G1 X100.225 Y91.98 E2960.27975
G1 X100.323 Y91.697 E2960.29968
G1 X100.455 Y91.41 E2960.32069
G1 X100.667 Y91.062 E2960.3478
G1 X100.847 Y90.832 E2960.36722
G1 X101.051 Y90.616 E2960.38699
G1 X101.243 Y90.446 E2960.40405
G1 X101.495 Y90.262 E2960.4248
G1 X101.778 Y90.096 E2960.44663
G1 X102.15 Y89.933 E2960.47364
G1 X102.461 Y89.84 E2960.49524
G1 X102.779 Y89.779 E2960.51678
G1 X103.086 Y89.752 E2960.53728
G1 X103.398 Y89.756 E2960.55803
G1 X103.703 Y89.79 E2960.57845
G1 X104.028 Y89.863 E2960.6006
G1 X104.33 Y89.963 E2960.62177
G1 X104.59 Y90.079 E2960.6407
G1 X104.836 Y90.217 E2960.65947
G1 X105.179 Y90.464 E2960.68758
G1 X105.468 Y90.737 E2960.71403
G1 X105.664 Y90.969 E2960.73423
G1 X105.841 Y91.226 E2960.75499
G1 X106.034 Y91.594 E2960.78263
G0 F9000 X105.599 Y91.772
;TYPE:SKIN
G1 F1421.4 X105.199 Y91.123 E2960.79923
G1 X103.999 Y90.325 E2960.83059
G1 X102.799 Y90.233 E2960.85679
G1 X101.599 Y90.746 E2960.88519
G1 X100.799 Y91.765 E2960.91339
G0 F9000 X100.799 Y92.047
G0 X100.799 Y93.651
G0 X100.799 Y93.929
G1 F1421.4 X101.199 Y94.573 E2960.931
G1 X102.399 Y95.37 E2960.96444
G1 X103.599 Y95.465 E2960.9924
G1 X104.799 Y94.956 E2961.02266
G1 X105.599 Y93.939 E2961.05271
G1 F1500 E2960.05271
G0 F9000 X106.896 Y94.77
G0 X103.898 Y211.969
G0 X104.81 Y211.364
;TYPE:WALL-OUTER
G1 F1500 E2961.07931
G1 F1624.5 X104.556 Y211.132 E2961.1022
G1 X104.247 Y210.93 E2961.12675
G1 X103.881 Y210.773 E2961.15325
G1 X103.582 Y210.698 E2961.17375
G1 X103.315 Y210.667 E2961.19163
G1 X103.137 Y210.665 E2961.20347
G1 X102.781 Y210.705 E2961.2273
G1 X102.484 Y210.785 E2961.24776
G1 X102.201 Y210.904 E2961.26819
G1 X101.941 Y211.061 E2961.28839
G1 X101.672 Y211.282 E2961.31155
G1 X101.491 Y211.48 E2961.32939
G1 X101.322 Y211.72 E2961.34892
G1 X101.19 Y211.97 E2961.36773
G1 X101.085 Y212.259 E2961.38818
G1 X101.022 Y212.558 E2961.40851
G1 X101 Y212.889 E2961.43057
G1 X101.026 Y213.2 E2961.45133
G1 X101.093 Y213.496 E2961.47152
G1 X101.216 Y213.816 E2961.49432
G1 X101.376 Y214.095 E2961.51572
G1 X101.591 Y214.366 E2961.53873
G1 X101.845 Y214.598 E2961.56161
G1 X102.134 Y214.789 E2961.58466
G1 X102.377 Y214.906 E2961.6026
G1 X102.668 Y215 E2961.62294
G1 X102.968 Y215.053 E2961.64321
G1 X103.264 Y215.065 E2961.66291
G1 X103.62 Y215.025 E2961.68674
G1 X103.917 Y214.945 E2961.7072
G1 X104.2 Y214.826 E2961.72762
G1 X104.46 Y214.669 E2961.74783
G1 X104.674 Y214.5 E2961.76597
G1 X104.91 Y214.25 E2961.78884
G1 X105.079 Y214.01 E2961.80836
G1 X105.211 Y213.76 E2961.82717
G1 X105.316 Y213.471 E2961.84762
G1 X105.379 Y213.172 E2961.86795
G1 X105.4 Y212.866 E2961.88835
G1 X105.386 Y212.607 E2961.90561
G1 X105.329 Y212.309 E2961.92579
G1 X105.185 Y211.914 E2961.95375
G1 X105.025 Y211.635 E2961.97515
G1 X104.81 Y211.364 E2961.99816
G0 F9000 X105.179 Y210.479
G1 F1624.5 X105.468 Y210.752 E2962.02461
G1 X105.664 Y210.984 E2962.04481
G1 X105.841 Y211.241 E2962.06557
G1 X106.034 Y211.609 E2962.09321
G1 X106.152 Y211.917 E2962.11515
G1 X106.251 Y212.316 E2962.1425
G1 X106.292 Y212.638 E2962.16409
G1 X106.3 Y212.956 E2962.18525
G1 X106.274 Y213.272 E2962.20634
G1 X106.215 Y213.592 E2962.22798
G1 X106.129 Y213.881 E2962.24804
G1 X106.02 Y214.153 E2962.26753
G1 X105.889 Y214.409 E2962.28666
G1 X105.737 Y214.649 E2962.30556
G1 X105.554 Y214.883 E2962.32532
G1 X105.35 Y215.099 E2962.34509
G1 X105.108 Y215.309 E2962.3664
G1 X104.898 Y215.459 E2962.38357
G1 X104.603 Y215.629 E2962.40621
G1 X104.358 Y215.741 E2962.42413
G1 X104.117 Y215.827 E2962.44116
G1 X103.802 Y215.906 E2962.46276
G1 X103.622 Y215.936 E2962.4749
G1 X103.315 Y215.963 E2962.4954
G1 X103.003 Y215.959 E2962.51615
G1 X102.698 Y215.925 E2962.53657
G1 X102.373 Y215.852 E2962.55873
G1 X102.071 Y215.752 E2962.57989
G1 X101.811 Y215.636 E2962.59883
G1 X101.565 Y215.498 E2962.61759
G1 X101.222 Y215.251 E2962.64571
G1 X100.933 Y214.978 E2962.67215
G1 X100.737 Y214.746 E2962.69235
G1 X100.56 Y214.489 E2962.71311
G1 X100.367 Y214.121 E2962.74075
G1 X100.249 Y213.813 E2962.76269
G1 X100.181 Y213.566 E2962.77974
G1 X100.123 Y213.233 E2962.80222
G1 X100.101 Y212.909 E2962.82382
G1 X100.109 Y212.633 E2962.84219
G1 X100.151 Y212.309 E2962.86392
G1 X100.225 Y211.995 E2962.88538
G1 X100.323 Y211.712 E2962.90531
G1 X100.455 Y211.425 E2962.92632
G1 X100.667 Y211.077 E2962.95343
G1 X100.847 Y210.847 E2962.97285
G1 X101.051 Y210.631 E2962.99262
G1 X101.243 Y210.461 E2963.00968
G1 X101.495 Y210.277 E2963.03043
G1 X101.778 Y210.111 E2963.05226
G1 X102.15 Y209.948 E2963.07927
G1 X102.461 Y209.855 E2963.10087
G1 X102.779 Y209.794 E2963.12241
G1 X103.086 Y209.767 E2963.14291
G1 X103.398 Y209.771 E2963.16366
G1 X103.703 Y209.805 E2963.18408
G1 X104.028 Y209.878 E2963.20623
G1 X104.33 Y209.978 E2963.2274
G1 X104.59 Y210.094 E2963.24633
G1 X104.836 Y210.232 E2963.2651
G1 X105.179 Y210.479 E2963.29321
G0 F9000 X104.799 Y210.76
;TYPE:SKIN
G1 F1421.4 X105.199 Y211.139 E2963.31033
G1 X105.599 Y211.788 E2963.334
G0 F9000 X105.599 Y212.072
G0 X105.599 Y213.67
G0 X105.599 Y213.955
G1 F1421.4 X105.199 Y214.594 E2963.35154
G1 X103.999 Y215.39 E2963.38503
G1 X102.799 Y215.481 E2963.41302
G1 X101.599 Y214.968 E2963.44338
G1 X100.799 Y213.945 E2963.47359
G0 F9000 X100.799 Y213.667
G0 X100.799 Y212.063
G0 X100.799 Y211.781
G1 F1421.4 X101.199 Y211.135 E2963.4914
G1 X102.399 Y210.342 E2963.52512
G1 X103.599 Y210.246 E2963.55334
G1 X104.399 Y210.503 E2963.57304
G1 F1500 E2962.57304
G0 F9000 X105.679 Y209.518
G0 X197.146 Y211.784
G0 X197.846 Y210.93
;TYPE:WALL-OUTER
G1 F1500 E2963.59965
G1 F1624.5 X197.48 Y210.773 E2963.62614
G1 X197.181 Y210.698 E2963.64665
G1 X196.914 Y210.667 E2963.66453
G1 X196.736 Y210.665 E2963.67637
G1 X196.38 Y210.705 E2963.7002
G1 X196.083 Y210.785 E2963.72066
G1 X195.8 Y210.904 E2963.74108
G1 X195.54 Y211.061 E2963.76129
G1 X195.271 Y211.282 E2963.78445
G1 X195.09 Y211.48 E2963.80229
G1 X194.921 Y211.72 E2963.82182
G1 X194.789 Y211.97 E2963.84062
G1 X194.684 Y212.259 E2963.86108
G1 X194.621 Y212.558 E2963.8814
G1 X194.6 Y212.864 E2963.90181
G1 X194.614 Y213.123 E2963.91906
G1 X194.671 Y213.421 E2963.93924
G1 X194.815 Y213.816 E2963.96721
G1 X194.975 Y214.095 E2963.9886
G1 X195.19 Y214.366 E2964.01161
G1 X195.444 Y214.598 E2964.0345
G1 X195.733 Y214.789 E2964.05754
G1 X195.976 Y214.906 E2964.07548
G1 X196.267 Y215 E2964.09582
G1 X196.567 Y215.053 E2964.11609
G1 X196.863 Y215.065 E2964.1358
G1 X197.219 Y215.025 E2964.15963
G1 X197.516 Y214.945 E2964.18009
G1 X197.799 Y214.826 E2964.20051
G1 X198.059 Y214.669 E2964.22071
G1 X198.273 Y214.5 E2964.23885
G1 X198.509 Y214.25 E2964.26172
G1 X198.678 Y214.01 E2964.28125
G1 X198.81 Y213.76 E2964.30005
G1 X198.915 Y213.471 E2964.32051
G1 X198.978 Y213.172 E2964.34083
G1 X198.999 Y212.866 E2964.36124
G1 X198.985 Y212.607 E2964.37849
G1 X198.928 Y212.309 E2964.39867
G1 X198.784 Y211.914 E2964.42664
G1 X198.624 Y211.635 E2964.44803
G1 X198.409 Y211.364 E2964.47104
G1 X198.155 Y211.132 E2964.49393
G1 X197.846 Y210.93 E2964.51848
G0 F9000 X198.778 Y210.479
G1 F1624.5 X199.067 Y210.752 E2964.54493
G1 X199.263 Y210.984 E2964.56513
G1 X199.44 Y211.241 E2964.58589
G1 X199.633 Y211.609 E2964.61353
G1 X199.751 Y211.917 E2964.63547
G1 X199.85 Y212.316 E2964.66282
G1 X199.891 Y212.638 E2964.68441
G1 X199.899 Y212.956 E2964.70557
G1 X199.873 Y213.272 E2964.72666
G1 X199.814 Y213.592 E2964.74831
G1 X199.728 Y213.881 E2964.76837
G1 X199.619 Y214.153 E2964.78786
G1 X199.488 Y214.409 E2964.80699
G1 X199.336 Y214.649 E2964.82589
G1 X199.153 Y214.883 E2964.84565
G1 X198.949 Y215.099 E2964.86541
G1 X198.707 Y215.309 E2964.88672
G1 X198.497 Y215.459 E2964.90389
G1 X198.202 Y215.629 E2964.92654
G1 X197.957 Y215.741 E2964.94446
G1 X197.716 Y215.827 E2964.96148
G1 X197.401 Y215.906 E2964.98308
G1 X197.221 Y215.936 E2964.99522
G1 X196.914 Y215.963 E2965.01572
G1 X196.602 Y215.959 E2965.03648
G1 X196.297 Y215.925 E2965.05689
G1 X195.972 Y215.852 E2965.07905
G1 X195.67 Y215.752 E2965.10021
G1 X195.41 Y215.636 E2965.11915
G1 X195.164 Y215.498 E2965.13791
G1 X194.821 Y215.251 E2965.16603
G1 X194.532 Y214.978 E2965.19248
G1 X194.336 Y214.746 E2965.21268
G1 X194.159 Y214.489 E2965.23344
G1 X193.966 Y214.121 E2965.26108
G1 X193.848 Y213.813 E2965.28302
G1 X193.78 Y213.566 E2965.30006
G1 X193.722 Y213.233 E2965.32255
G1 X193.7 Y212.909 E2965.34415
G1 X193.708 Y212.633 E2965.36251
G1 X193.75 Y212.309 E2965.38425
G1 X193.824 Y211.995 E2965.40571
G1 X193.922 Y211.712 E2965.42563
G1 X194.054 Y211.425 E2965.44664
G1 X194.266 Y211.077 E2965.47375
G1 X194.446 Y210.847 E2965.49318
G1 X194.65 Y210.631 E2965.51294
G1 X194.842 Y210.461 E2965.53
G1 X195.094 Y210.277 E2965.55076
G1 X195.377 Y210.111 E2965.57258
G1 X195.749 Y209.948 E2965.5996
G1 X196.06 Y209.855 E2965.62119
G1 X196.378 Y209.794 E2965.64273
G1 X196.685 Y209.767 E2965.66323
G1 X196.997 Y209.771 E2965.68399
G1 X197.302 Y209.805 E2965.7044
G1 X197.627 Y209.878 E2965.72656
G1 X197.929 Y209.978 E2965.74772
G1 X198.189 Y210.094 E2965.76666
G1 X198.435 Y210.232 E2965.78542
G1 X198.778 Y210.479 E2965.81354
G0 F9000 X198.399 Y210.76
;TYPE:SKIN
G1 F1421.4 X198.799 Y211.139 E2965.83068
G1 X199.199 Y211.789 E2965.85441
G0 F9000 X199.199 Y212.074
G0 X199.199 Y213.666
G0 X199.199 Y213.951
G1 F1421.4 X198.799 Y214.592 E2965.87202
G1 X197.599 Y215.388 E2965.90558
G1 X196.399 Y215.48 E2965.93363
G1 X195.199 Y214.968 E2965.96404
G1 X194.399 Y213.94 E2965.9944
G0 F9000 X194.399 Y213.656
G0 X194.399 Y212.059
G0 X194.399 Y211.778
G1 F1421.4 X194.799 Y211.133 E2966.01247
G1 X195.999 Y210.34 E2966.04672
G1 X197.199 Y210.245 E2966.07539
G1 X197.599 Y210.34 E2966.08518
G0 F9000 X197.999 Y210.376
G1 F1421.4 X197.999 Y210.63 E2966.09363
G1 F1500 E2965.09363
;MESH:NONMESH
G0 F300 X197.999 Y210.63 Z5.2
G0 F9000 X198.523 Y209.074
G0 X197.742 Y92.216
G0 X198.357 Y91.296
;TIME_ELAPSED:6081.609181
;LAYER:25
;TYPE:WALL-OUTER
;MESH:Top of Case V2.STL
G1 F1500 E2966.12024
G1 F1760.7 X198.134 Y91.1 E2966.13999
G1 X197.868 Y90.927 E2966.16109
G1 X197.602 Y90.801 E2966.18067
G1 X197.332 Y90.715 E2966.19952
G1 X197.032 Y90.662 E2966.21979
G1 X196.735 Y90.65 E2966.23956
G1 X196.343 Y90.697 E2966.26582
G1 X196.081 Y90.77 E2966.28392
G1 X195.778 Y90.9 E2966.30585
G1 X195.538 Y91.048 E2966.3246
G1 X195.326 Y91.215 E2966.34256
G1 X195.073 Y91.485 E2966.36717
G1 X194.875 Y91.783 E2966.39097
G1 X194.732 Y92.096 E2966.41386
G1 X194.647 Y92.394 E2966.43447
G1 X194.605 Y92.698 E2966.45489
G1 X194.604 Y92.991 E2966.47438
G1 X194.67 Y93.407 E2966.5024
G1 X194.754 Y93.661 E2966.52019
G1 X194.876 Y93.918 E2966.53912
G1 X195.065 Y94.203 E2966.56187
G1 X195.242 Y94.404 E2966.57968
G1 X195.465 Y94.6 E2966.59943
G1 X195.7 Y94.756 E2966.61819
G1 X195.997 Y94.899 E2966.64012
G1 X196.267 Y94.985 E2966.65897
G1 X196.567 Y95.038 E2966.67924
G1 X196.864 Y95.05 E2966.69901
G1 X197.256 Y95.003 E2966.72527
G1 X197.518 Y94.93 E2966.74336
G1 X197.821 Y94.8 E2966.7653
G1 X198.061 Y94.652 E2966.78405
G1 X198.292 Y94.467 E2966.80374
G1 X198.526 Y94.215 E2966.82661
G1 X198.724 Y93.917 E2966.85041
G1 X198.867 Y93.604 E2966.87331
G1 X198.952 Y93.306 E2966.89392
G1 X198.994 Y93.002 E2966.91433
G1 X198.995 Y92.709 E2966.93382
G1 X198.929 Y92.293 E2966.96184
G1 X198.845 Y92.039 E2966.97964
G1 X198.723 Y91.782 E2966.99856
G1 X198.534 Y91.497 E2967.02131
G1 X198.357 Y91.296 E2967.03913
G0 F9000 X199.248 Y90.948
G1 F1760.7 X199.447 Y91.237 E2967.06247
G1 X199.594 Y91.509 E2967.08303
G1 X199.751 Y91.902 E2967.11119
G1 X199.85 Y92.301 E2967.13853
G1 X199.891 Y92.623 E2967.16012
G1 X199.899 Y92.938 E2967.18109
G1 X199.859 Y93.35 E2967.20862
G1 X199.795 Y93.646 E2967.22877
G1 X199.706 Y93.928 E2967.24844
G1 X199.525 Y94.329 E2967.2777
G1 X199.359 Y94.6 E2967.29884
G1 X199.172 Y94.845 E2967.31934
G1 X198.95 Y95.083 E2967.34099
G1 X198.738 Y95.269 E2967.35976
G1 X198.497 Y95.444 E2967.37957
G1 X198.202 Y95.614 E2967.40222
G1 X197.956 Y95.726 E2967.4202
G1 X197.716 Y95.812 E2967.43716
G1 X197.401 Y95.891 E2967.45876
G1 X197.221 Y95.921 E2967.4709
G1 X196.914 Y95.948 E2967.4914
G1 X196.615 Y95.944 E2967.51129
G1 X196.287 Y95.908 E2967.53324
G1 X196.001 Y95.845 E2967.55272
G1 X195.708 Y95.752 E2967.57317
G1 X195.444 Y95.638 E2967.5923
G1 X195.204 Y95.508 E2967.61045
G1 X194.964 Y95.349 E2967.6296
G1 X194.713 Y95.142 E2967.65125
G1 X194.527 Y94.958 E2967.66865
G1 X194.351 Y94.752 E2967.68667
G1 X194.152 Y94.463 E2967.71001
G1 X193.998 Y94.177 E2967.73162
G1 X193.848 Y93.798 E2967.75874
G1 X193.781 Y93.556 E2967.77544
G1 X193.722 Y93.218 E2967.79826
G1 X193.7 Y92.894 E2967.81987
G1 X193.706 Y92.641 E2967.8367
G1 X193.74 Y92.35 E2967.85619
G1 X193.804 Y92.054 E2967.87633
G1 X193.893 Y91.772 E2967.896
G1 X194.079 Y91.362 E2967.92595
G1 X194.243 Y91.096 E2967.94674
G1 X194.43 Y90.851 E2967.96724
G1 X194.649 Y90.617 E2967.98856
G1 X194.842 Y90.446 E2968.00571
G1 X195.103 Y90.255 E2968.02723
G1 X195.405 Y90.081 E2968.05041
G1 X195.696 Y89.953 E2968.07156
G1 X195.999 Y89.855 E2968.09274
G1 X196.304 Y89.79 E2968.11349
G1 X196.638 Y89.755 E2968.13583
G1 X196.937 Y89.753 E2968.15572
G1 X197.25 Y89.782 E2968.17663
G1 X197.575 Y89.848 E2968.19869
G1 X197.887 Y89.947 E2968.22046
G1 X198.155 Y90.062 E2968.23986
G1 X198.416 Y90.205 E2968.25966
G1 X198.632 Y90.349 E2968.27693
G1 X198.886 Y90.558 E2968.29881
G1 X199.072 Y90.742 E2968.31621
G1 X199.248 Y90.948 E2968.33424
G0 F9000 X198.867 Y91.2
;TYPE:SKIN
G1 F1540.6 X198.471 Y90.8 E2968.34445
G1 X197.764 Y90.4 E2968.35919
G1 X195.839 Y90.4 E2968.39412
G1 X194.732 Y91.2 E2968.4189
G1 X194.19 Y92.4 E2968.44279
G1 X194.26 Y93.6 E2968.4646
G1 X195.015 Y94.8 E2968.49033
G1 X195.598 Y95.2 E2968.50316
G1 X196.8 Y95.6 E2968.52614
G1 X197.99 Y95.2 E2968.54892
G1 X198.946 Y94.4 E2968.57154
G1 X199.421 Y93.2 E2968.59496
G1 X199.307 Y92 E2968.61683
G1 X199.134 Y91.6 E2968.62474
G1 F1500 E2967.62474
G0 F9000 X197.739 Y92.212
G0 X104.277 Y92.488
G0 X105.246 Y92.039
;TYPE:WALL-OUTER
G1 F1500 E2968.65135
G1 F1760.7 X105.124 Y91.782 E2968.67027
G1 X104.935 Y91.497 E2968.69302
G1 X104.758 Y91.296 E2968.71083
G1 X104.535 Y91.1 E2968.73058
G1 X104.269 Y90.927 E2968.75169
G1 X104.003 Y90.801 E2968.77127
G1 X103.733 Y90.715 E2968.79012
G1 X103.433 Y90.662 E2968.81039
G1 X103.136 Y90.65 E2968.83016
G1 X102.744 Y90.697 E2968.85642
G1 X102.482 Y90.77 E2968.87451
G1 X102.179 Y90.9 E2968.89645
G1 X101.939 Y91.048 E2968.9152
G1 X101.727 Y91.215 E2968.93315
G1 X101.474 Y91.485 E2968.95777
G1 X101.276 Y91.783 E2968.98157
G1 X101.133 Y92.096 E2969.00446
G1 X101.048 Y92.394 E2969.02507
G1 X101.006 Y92.698 E2969.04549
G1 X101.008 Y93.041 E2969.0683
G1 X101.057 Y93.344 E2969.08872
G1 X101.146 Y93.638 E2969.10915
G1 X101.277 Y93.918 E2969.12972
G1 X101.466 Y94.203 E2969.15246
G1 X101.643 Y94.404 E2969.17028
G1 X101.866 Y94.6 E2969.19003
G1 X102.101 Y94.756 E2969.20879
G1 X102.398 Y94.899 E2969.23072
G1 X102.668 Y94.985 E2969.24957
G1 X102.968 Y95.038 E2969.26984
G1 X103.265 Y95.05 E2969.28961
G1 X103.657 Y95.003 E2969.31587
G1 X103.919 Y94.93 E2969.33396
G1 X104.222 Y94.8 E2969.3559
G1 X104.462 Y94.652 E2969.37465
G1 X104.693 Y94.467 E2969.39434
G1 X104.927 Y94.215 E2969.41721
G1 X105.125 Y93.917 E2969.44101
G1 X105.268 Y93.604 E2969.4639
G1 X105.353 Y93.306 E2969.48452
G1 X105.395 Y93.002 E2969.50493
G1 X105.396 Y92.709 E2969.52442
G1 X105.33 Y92.293 E2969.55244
G1 X105.246 Y92.039 E2969.57024
G0 F9000 X106.152 Y91.902
G1 F1760.7 X106.251 Y92.301 E2969.59758
G1 X106.292 Y92.623 E2969.61918
G1 X106.3 Y92.938 E2969.64014
G1 X106.26 Y93.35 E2969.66767
G1 X106.196 Y93.646 E2969.68782
G1 X106.107 Y93.928 E2969.70749
G1 X105.926 Y94.329 E2969.73675
G1 X105.76 Y94.6 E2969.75789
G1 X105.573 Y94.845 E2969.7784
G1 X105.351 Y95.083 E2969.80005
G1 X105.139 Y95.269 E2969.81881
G1 X104.898 Y95.444 E2969.83862
G1 X104.603 Y95.614 E2969.86127
G1 X104.357 Y95.726 E2969.87925
G1 X104.117 Y95.812 E2969.89621
G1 X103.802 Y95.891 E2969.91781
G1 X103.622 Y95.921 E2969.92995
G1 X103.315 Y95.948 E2969.95045
G1 X103.016 Y95.944 E2969.97034
G1 X102.688 Y95.908 E2969.99229
G1 X102.402 Y95.845 E2970.01177
G1 X102.109 Y95.752 E2970.03222
G1 X101.845 Y95.638 E2970.05135
G1 X101.605 Y95.508 E2970.0695
G1 X101.365 Y95.349 E2970.08866
G1 X101.114 Y95.142 E2970.1103
G1 X100.928 Y94.958 E2970.1277
G1 X100.752 Y94.752 E2970.14572
G1 X100.553 Y94.463 E2970.16907
G1 X100.399 Y94.177 E2970.19067
G1 X100.249 Y93.798 E2970.21779
G1 X100.182 Y93.556 E2970.23449
G1 X100.123 Y93.218 E2970.25731
G1 X100.101 Y92.894 E2970.27892
G1 X100.107 Y92.641 E2970.29575
G1 X100.141 Y92.35 E2970.31524
G1 X100.205 Y92.054 E2970.33539
G1 X100.294 Y91.772 E2970.35506
G1 X100.48 Y91.362 E2970.385
G1 X100.644 Y91.096 E2970.40579
G1 X100.831 Y90.851 E2970.42629
G1 X101.05 Y90.617 E2970.44761
G1 X101.243 Y90.446 E2970.46477
G1 X101.504 Y90.255 E2970.48628
G1 X101.806 Y90.081 E2970.50947
G1 X102.097 Y89.953 E2970.53061
G1 X102.4 Y89.855 E2970.5518
G1 X102.705 Y89.79 E2970.57254
G1 X103.039 Y89.755 E2970.59488
G1 X103.338 Y89.753 E2970.61477
G1 X103.651 Y89.782 E2970.63568
G1 X103.976 Y89.848 E2970.65774
G1 X104.288 Y89.947 E2970.67951
G1 X104.556 Y90.062 E2970.69891
G1 X104.817 Y90.205 E2970.71871
G1 X105.033 Y90.349 E2970.73598
G1 X105.287 Y90.558 E2970.75786
G1 X105.473 Y90.742 E2970.77526
G1 X105.649 Y90.948 E2970.79329
G1 X105.848 Y91.237 E2970.81663
G1 X105.995 Y91.509 E2970.8372
G1 X106.152 Y91.902 E2970.86535
G0 F9000 X105.708 Y92
;TYPE:SKIN
G1 F1540.6 X105.534 Y91.6 E2970.87322
G1 X104.871 Y90.8 E2970.89197
G1 X104.163 Y90.4 E2970.90664
G1 X102.243 Y90.4 E2970.94129
G1 X101.134 Y91.2 E2970.96596
G1 X100.591 Y92.4 E2970.98973
G1 X100.663 Y93.6 E2971.01142
G1 X101.415 Y94.8 E2971.03698
G1 X101.997 Y95.2 E2971.04972
G1 X103.202 Y95.6 E2971.07263
G1 X104.393 Y95.2 E2971.0953
G1 X105.347 Y94.4 E2971.11777
G1 X105.822 Y93.2 E2971.14106
G1 X105.806 Y92.4 E2971.1555
G1 F1500 E2970.1555
G0 F9000 X104.334 Y92.846
G0 X103.885 Y211.958
G0 X104.758 Y211.311
;TYPE:WALL-OUTER
G1 F1500 E2971.1821
G1 F1760.7 X104.535 Y211.115 E2971.20185
G1 X104.269 Y210.942 E2971.22296
G1 X104.003 Y210.816 E2971.24254
G1 X103.733 Y210.73 E2971.26139
G1 X103.433 Y210.677 E2971.28165
G1 X103.136 Y210.665 E2971.30143
G1 X102.744 Y210.712 E2971.32769
G1 X102.482 Y210.785 E2971.34578
G1 X102.179 Y210.915 E2971.36771
G1 X101.939 Y211.063 E2971.38647
G1 X101.727 Y211.23 E2971.40442
G1 X101.474 Y211.5 E2971.42904
G1 X101.276 Y211.798 E2971.45284
G1 X101.133 Y212.111 E2971.47573
G1 X101.048 Y212.409 E2971.49634
G1 X101.006 Y212.713 E2971.51675
G1 X101.008 Y213.056 E2971.53957
G1 X101.057 Y213.359 E2971.55999
G1 X101.146 Y213.653 E2971.58042
G1 X101.277 Y213.933 E2971.60099
G1 X101.466 Y214.218 E2971.62373
G1 X101.643 Y214.419 E2971.64155
G1 X101.866 Y214.615 E2971.6613
G1 X102.101 Y214.771 E2971.68006
G1 X102.398 Y214.914 E2971.70199
G1 X102.668 Y215 E2971.72084
G1 X102.968 Y215.053 E2971.7411
G1 X103.265 Y215.065 E2971.76088
G1 X103.657 Y215.018 E2971.78714
G1 X103.919 Y214.945 E2971.80523
G1 X104.222 Y214.815 E2971.82716
G1 X104.462 Y214.667 E2971.84592
G1 X104.693 Y214.482 E2971.86561
G1 X104.927 Y214.23 E2971.88848
G1 X105.125 Y213.932 E2971.91228
G1 X105.268 Y213.619 E2971.93517
G1 X105.353 Y213.321 E2971.95579
G1 X105.395 Y213.017 E2971.9762
G1 X105.396 Y212.724 E2971.99569
G1 X105.33 Y212.308 E2972.02371
G1 X105.246 Y212.054 E2972.04151
G1 X105.124 Y211.797 E2972.06043
G1 X104.935 Y211.512 E2972.08318
G1 X104.758 Y211.311 E2972.10099
G0 F9000 X105.033 Y210.364
G1 F1760.7 X105.287 Y210.573 E2972.12288
G1 X105.473 Y210.757 E2972.14028
G1 X105.649 Y210.963 E2972.1583
G1 X105.848 Y211.252 E2972.18164
G1 X105.995 Y211.524 E2972.20221
G1 X106.152 Y211.917 E2972.23036
G1 X106.251 Y212.316 E2972.25771
G1 X106.292 Y212.638 E2972.2793
G1 X106.3 Y212.953 E2972.30026
G1 X106.26 Y213.365 E2972.3278
G1 X106.196 Y213.661 E2972.34794
G1 X106.107 Y213.943 E2972.36761
G1 X105.926 Y214.344 E2972.39688
G1 X105.76 Y214.615 E2972.41802
G1 X105.573 Y214.86 E2972.43852
G1 X105.351 Y215.098 E2972.46017
G1 X105.139 Y215.284 E2972.47893
G1 X104.898 Y215.459 E2972.49874
G1 X104.603 Y215.629 E2972.52139
G1 X104.357 Y215.741 E2972.53937
G1 X104.117 Y215.827 E2972.55633
G1 X103.802 Y215.906 E2972.57793
G1 X103.622 Y215.936 E2972.59007
G1 X103.315 Y215.963 E2972.61057
G1 X103.016 Y215.959 E2972.63047
G1 X102.688 Y215.923 E2972.65241
G1 X102.402 Y215.86 E2972.6719
G1 X102.109 Y215.767 E2972.69234
G1 X101.845 Y215.653 E2972.71147
G1 X101.605 Y215.523 E2972.72963
G1 X101.365 Y215.364 E2972.74878
G1 X101.114 Y215.157 E2972.77042
G1 X100.928 Y214.973 E2972.78783
G1 X100.752 Y214.767 E2972.80585
G1 X100.553 Y214.478 E2972.82919
G1 X100.399 Y214.192 E2972.8508
G1 X100.249 Y213.813 E2972.87791
G1 X100.182 Y213.571 E2972.89462
G1 X100.123 Y213.233 E2972.91744
G1 X100.101 Y212.909 E2972.93904
G1 X100.107 Y212.656 E2972.95588
G1 X100.141 Y212.365 E2972.97537
G1 X100.205 Y212.069 E2972.99551
G1 X100.294 Y211.787 E2973.01518
G1 X100.48 Y211.377 E2973.04513
G1 X100.644 Y211.111 E2973.06592
G1 X100.831 Y210.866 E2973.08642
G1 X101.05 Y210.632 E2973.10774
G1 X101.243 Y210.461 E2973.12489
G1 X101.504 Y210.27 E2973.14641
G1 X101.806 Y210.096 E2973.16959
G1 X102.097 Y209.968 E2973.19074
G1 X102.4 Y209.87 E2973.21192
G1 X102.705 Y209.805 E2973.23267
G1 X103.039 Y209.77 E2973.255
G1 X103.338 Y209.768 E2973.27489
G1 X103.651 Y209.797 E2973.2958
G1 X103.976 Y209.863 E2973.31787
G1 X104.288 Y209.962 E2973.33964
G1 X104.556 Y210.077 E2973.35904
G1 X104.817 Y210.22 E2973.37884
G1 X105.033 Y210.364 E2973.3961
G0 F9000 X104.849 Y210.8
;TYPE:SKIN
G1 F1540.6 X104.118 Y210.4 E2973.412
G1 X102.282 Y210.4 E2973.44703
G1 X101.146 Y211.2 E2973.47353
G1 X100.592 Y212.4 E2973.49874
G1 X100.658 Y213.6 E2973.52167
G1 X101.398 Y214.8 E2973.54857
G1 X101.969 Y215.2 E2973.56187
G1 X103.206 Y215.6 E2973.58667
G1 X104.423 Y215.2 E2973.61111
G1 X105.356 Y214.4 E2973.63455
G1 X105.823 Y213.2 E2973.65912
G1 X105.702 Y212 E2973.68212
G1 X105.254 Y211.2 E2973.69962
G1 F1500 E2972.69962
G0 F9000 X106.613 Y210.478
G0 X197.143 Y211.783
G0 X197.868 Y210.942
;TYPE:WALL-OUTER
G1 F1500 E2973.72622
G1 F1760.7 X197.602 Y210.816 E2973.7458
G1 X197.332 Y210.73 E2973.76465
G1 X197.032 Y210.677 E2973.78492
G1 X196.735 Y210.665 E2973.80469
G1 X196.343 Y210.712 E2973.83095
G1 X196.081 Y210.785 E2973.84904
G1 X195.778 Y210.915 E2973.87098
G1 X195.538 Y211.063 E2973.88973
G1 X195.326 Y211.23 E2973.90769
G1 X195.073 Y211.5 E2973.9323
G1 X194.875 Y211.798 E2973.9561
G1 X194.732 Y212.111 E2973.97899
G1 X194.647 Y212.409 E2973.9996
G1 X194.605 Y212.713 E2974.02002
G1 X194.604 Y213.006 E2974.03951
G1 X194.67 Y213.422 E2974.06753
G1 X194.754 Y213.676 E2974.08532
G1 X194.876 Y213.933 E2974.10425
G1 X195.065 Y214.218 E2974.12699
G1 X195.242 Y214.419 E2974.14481
G1 X195.465 Y214.615 E2974.16456
G1 X195.7 Y214.771 E2974.18332
G1 X195.997 Y214.914 E2974.20525
G1 X196.267 Y215 E2974.2241
G1 X196.567 Y215.053 E2974.24437
G1 X196.864 Y215.065 E2974.26414
G1 X197.256 Y215.018 E2974.2904
G1 X197.518 Y214.945 E2974.30849
G1 X197.821 Y214.815 E2974.33042
G1 X198.061 Y214.667 E2974.34918
G1 X198.292 Y214.482 E2974.36887
G1 X198.526 Y214.23 E2974.39174
G1 X198.724 Y213.932 E2974.41554
G1 X198.867 Y213.619 E2974.43843
G1 X198.952 Y213.321 E2974.45905
G1 X198.994 Y213.017 E2974.47946
G1 X198.995 Y212.724 E2974.49895
G1 X198.929 Y212.308 E2974.52697
G1 X198.845 Y212.054 E2974.54477
G1 X198.723 Y211.797 E2974.56369
G1 X198.534 Y211.512 E2974.58644
G1 X198.357 Y211.311 E2974.60426
G1 X198.134 Y211.115 E2974.624
G1 X197.868 Y210.942 E2974.64511
G0 F9000 X198.155 Y210.077
G1 F1760.7 X198.416 Y210.22 E2974.66491
G1 X198.632 Y210.364 E2974.68218
G1 X198.886 Y210.573 E2974.70406
G1 X199.072 Y210.757 E2974.72146
G1 X199.248 Y210.963 E2974.73949
G1 X199.447 Y211.252 E2974.76283
G1 X199.594 Y211.524 E2974.78339
G1 X199.751 Y211.917 E2974.81155
G1 X199.85 Y212.316 E2974.83889
G1 X199.891 Y212.638 E2974.86048
G1 X199.899 Y212.953 E2974.88144
G1 X199.859 Y213.365 E2974.90898
G1 X199.795 Y213.661 E2974.92912
G1 X199.706 Y213.943 E2974.9488
G1 X199.525 Y214.344 E2974.97806
G1 X199.359 Y214.615 E2974.9992
G1 X199.172 Y214.86 E2975.0197
G1 X198.95 Y215.098 E2975.04135
G1 X198.738 Y215.284 E2975.06011
G1 X198.497 Y215.459 E2975.07993
G1 X198.202 Y215.629 E2975.10258
G1 X197.956 Y215.741 E2975.12056
G1 X197.716 Y215.827 E2975.13751
G1 X197.401 Y215.906 E2975.15912
G1 X197.221 Y215.936 E2975.17126
G1 X196.914 Y215.963 E2975.19176
G1 X196.615 Y215.959 E2975.21165
G1 X196.287 Y215.923 E2975.2336
G1 X196.001 Y215.86 E2975.25308
G1 X195.708 Y215.767 E2975.27353
G1 X195.444 Y215.653 E2975.29266
G1 X195.204 Y215.523 E2975.31081
G1 X194.964 Y215.364 E2975.32996
G1 X194.713 Y215.157 E2975.35161
G1 X194.527 Y214.973 E2975.36901
G1 X194.351 Y214.767 E2975.38703
G1 X194.152 Y214.478 E2975.41037
G1 X193.998 Y214.192 E2975.43198
G1 X193.848 Y213.813 E2975.4591
G1 X193.781 Y213.571 E2975.4758
G1 X193.722 Y213.233 E2975.49862
G1 X193.7 Y212.909 E2975.52022
G1 X193.706 Y212.656 E2975.53706
G1 X193.74 Y212.365 E2975.55655
G1 X193.804 Y212.069 E2975.57669
G1 X193.893 Y211.787 E2975.59636
G1 X194.079 Y211.377 E2975.62631
G1 X194.243 Y211.111 E2975.6471
G1 X194.43 Y210.866 E2975.6676
G1 X194.649 Y210.632 E2975.68892
G1 X194.842 Y210.461 E2975.70607
G1 X195.103 Y210.27 E2975.72759
G1 X195.405 Y210.096 E2975.75077
G1 X195.696 Y209.968 E2975.77192
G1 X195.999 Y209.87 E2975.7931
G1 X196.304 Y209.805 E2975.81385
G1 X196.638 Y209.77 E2975.83619
G1 X196.937 Y209.768 E2975.85608
G1 X197.25 Y209.797 E2975.87699
G1 X197.575 Y209.863 E2975.89905
G1 X197.887 Y209.962 E2975.92082
G1 X198.155 Y210.077 E2975.94022
G0 F9000 X197.718 Y210.4
;TYPE:SKIN
G1 F1540.6 X198.449 Y210.8 E2975.95662
G1 X199.302 Y212 E2975.98561
G1 X199.423 Y213.2 E2976.00935
G1 X198.956 Y214.4 E2976.03469
G1 X198.023 Y215.2 E2976.05889
G1 X196.806 Y215.6 E2976.0841
G1 X195.569 Y215.2 E2976.10969
G1 X194.644 Y214.4 E2976.13377
G1 X194.175 Y213.2 E2976.15913
G1 X194.296 Y212 E2976.18287
G1 X195.148 Y210.8 E2976.21184
G0 F9000 X195.55 Y210.4
G1 F1540.6 X196.214 Y210.4 E2976.23392
G1 F1500 E2975.23392
;MESH:NONMESH
G0 F300 X196.214 Y210.4 Z5.4
G0 F9000 X195.934 Y208.79
G0 X197.739 Y92.212
G0 X198.409 Y91.349
;TIME_ELAPSED:6094.627044
;LAYER:26
;TYPE:WALL-OUTER
;MESH:Top of Case V2.STL
G1 F1500 E2976.26053
G1 F1640.2 X198.214 Y91.164 E2976.27841
G1 X197.974 Y90.99 E2976.29813
G1 X197.624 Y90.81 E2976.32431
G1 X197.332 Y90.715 E2976.34474
G1 X197.032 Y90.662 E2976.365
G1 X196.733 Y90.65 E2976.38491
G1 X196.428 Y90.68 E2976.4053
G1 X196.119 Y90.758 E2976.42649
G1 X195.835 Y90.872 E2976.44685
G1 X195.57 Y91.026 E2976.46724
G1 X195.363 Y91.183 E2976.48452
G1 X195.166 Y91.377 E2976.50291
G1 X194.934 Y91.684 E2976.52851
G1 X194.789 Y91.955 E2976.54896
G1 X194.677 Y92.269 E2976.57113
G1 X194.618 Y92.566 E2976.59128
G1 X194.6 Y92.838 E2976.60941
G1 X194.633 Y93.233 E2976.63578
G1 X194.696 Y93.494 E2976.65364
G1 X194.805 Y93.78 E2976.674
G1 X194.975 Y94.081 E2976.69699
G1 X195.19 Y94.351 E2976.71995
G1 X195.385 Y94.536 E2976.73783
G1 X195.624 Y94.71 E2976.7575
G1 X195.975 Y94.89 E2976.78374
G1 X196.267 Y94.985 E2976.80416
G1 X196.567 Y95.038 E2976.82443
G1 X196.866 Y95.05 E2976.84433
G1 X197.171 Y95.02 E2976.86472
G1 X197.48 Y94.942 E2976.88592
G1 X197.765 Y94.828 E2976.90634
G1 X198.021 Y94.68 E2976.92601
G1 X198.271 Y94.486 E2976.94706
G1 X198.461 Y94.293 E2976.96507
G1 X198.665 Y94.016 E2976.98796
G1 X198.81 Y93.745 E2977.0084
G1 X198.922 Y93.431 E2977.03058
G1 X198.981 Y93.134 E2977.05072
G1 X198.999 Y92.862 E2977.06885
G1 X198.966 Y92.467 E2977.09522
G1 X198.903 Y92.206 E2977.11308
G1 X198.794 Y91.92 E2977.13344
G1 X198.624 Y91.619 E2977.15644
G1 X198.409 Y91.349 E2977.1794
G0 F9000 X199.216 Y90.907
G1 F1640.2 X199.434 Y91.216 E2977.20455
G1 X199.583 Y91.487 E2977.22512
G1 X199.69 Y91.73 E2977.24278
G1 X199.791 Y92.039 E2977.26441
G1 X199.85 Y92.301 E2977.28227
G1 X199.891 Y92.623 E2977.30387
G1 X199.899 Y92.915 E2977.3233
G1 X199.872 Y93.258 E2977.34619
G1 X199.827 Y93.518 E2977.36374
G1 X199.758 Y93.778 E2977.38163
G1 X199.67 Y94.022 E2977.39889
G1 X199.524 Y94.329 E2977.4215
G1 X199.334 Y94.636 E2977.44552
G1 X199.067 Y94.963 E2977.4736
G1 X198.834 Y95.188 E2977.49514
G1 X198.623 Y95.357 E2977.51313
G1 X198.372 Y95.521 E2977.53307
G1 X198.105 Y95.662 E2977.55316
G1 X197.848 Y95.767 E2977.57162
G1 X197.539 Y95.86 E2977.59309
G1 X197.221 Y95.921 E2977.61463
G1 X196.891 Y95.948 E2977.63665
G1 X196.506 Y95.937 E2977.66227
G1 X196.19 Y95.89 E2977.68353
G1 X195.88 Y95.81 E2977.70482
G1 X195.595 Y95.707 E2977.72498
G1 X195.253 Y95.537 E2977.75039
G1 X195.014 Y95.384 E2977.76926
G1 X194.702 Y95.133 E2977.7959
G1 X194.5 Y94.929 E2977.815
G1 X194.315 Y94.704 E2977.83438
G1 X194.169 Y94.49 E2977.85161
G1 X194.01 Y94.201 E2977.87355
G1 X193.906 Y93.963 E2977.89083
G1 X193.806 Y93.655 E2977.91237
G1 X193.749 Y93.399 E2977.92981
G1 X193.708 Y93.074 E2977.9516
G1 X193.7 Y92.785 E2977.97084
G1 X193.727 Y92.442 E2977.99372
G1 X193.774 Y92.174 E2978.01182
G1 X193.842 Y91.92 E2978.02931
G1 X193.929 Y91.678 E2978.04642
G1 X194.077 Y91.366 E2978.06939
G1 X194.266 Y91.062 E2978.0932
G1 X194.532 Y90.737 E2978.12114
G1 X194.772 Y90.505 E2978.14335
G1 X194.987 Y90.335 E2978.16158
G1 X195.26 Y90.159 E2978.18318
G1 X195.534 Y90.021 E2978.20359
G1 X195.888 Y89.888 E2978.22875
G1 X196.198 Y89.809 E2978.25003
G1 X196.529 Y89.761 E2978.27228
G1 X196.824 Y89.75 E2978.29191
G1 X197.093 Y89.763 E2978.30983
G1 X197.406 Y89.809 E2978.33087
G1 X197.718 Y89.889 E2978.3523
G1 X198.001 Y89.992 E2978.37233
G1 X198.317 Y90.148 E2978.39577
G1 X198.552 Y90.292 E2978.41411
G1 X198.774 Y90.46 E2978.43263
G1 X198.991 Y90.658 E2978.45217
G1 X199.216 Y90.907 E2978.47449
G0 F9000 X198.8 Y91.123
;TYPE:SKIN
G1 F1435.2 X199.2 Y91.764 E2978.49006
G1 X198 Y90.494 E2978.52607
G1 X196.8 Y90.2 E2978.55153
G1 X195.6 Y90.491 E2978.57697
G1 X194.8 Y91.124 E2978.59799
G1 X194.4 Y91.763 E2978.61353
G0 F9000 X194.4 Y92.048
G0 X194.4 Y93.657
G0 X194.4 Y93.934
G1 F1435.2 X194.8 Y94.575 E2978.6311
G1 X196 Y95.371 E2978.6646
G1 X197.2 Y95.467 E2978.6926
G1 X198.4 Y94.956 E2978.72294
G1 X199.2 Y93.931 E2978.75319
G1 F1500 E2977.75319
G0 F9000 X197.839 Y93.307
G0 X104.26 Y92.442
G0 X105.195 Y91.92
;TYPE:WALL-OUTER
G1 F1500 E2978.7798
G1 F1640.2 X105.025 Y91.619 E2978.80279
G1 X104.81 Y91.349 E2978.82575
G1 X104.615 Y91.164 E2978.84363
G1 X104.375 Y90.99 E2978.86335
G1 X104.025 Y90.81 E2978.88953
G1 X103.733 Y90.715 E2978.90996
G1 X103.433 Y90.662 E2978.93022
G1 X103.134 Y90.65 E2978.95013
G1 X102.829 Y90.68 E2978.97051
G1 X102.52 Y90.758 E2978.99171
G1 X102.236 Y90.872 E2979.01207
G1 X101.971 Y91.026 E2979.03246
G1 X101.764 Y91.183 E2979.04974
G1 X101.567 Y91.377 E2979.06813
G1 X101.335 Y91.684 E2979.09373
G1 X101.19 Y91.955 E2979.11417
G1 X101.078 Y92.269 E2979.13635
G1 X101.019 Y92.566 E2979.15649
G1 X101 Y92.876 E2979.17715
G1 X101.026 Y93.187 E2979.19791
G1 X101.093 Y93.483 E2979.2181
G1 X101.206 Y93.78 E2979.23924
G1 X101.376 Y94.081 E2979.26224
G1 X101.591 Y94.351 E2979.28519
G1 X101.786 Y94.536 E2979.30307
G1 X102.025 Y94.71 E2979.32274
G1 X102.376 Y94.89 E2979.34898
G1 X102.668 Y94.985 E2979.36941
G1 X102.968 Y95.038 E2979.38967
G1 X103.267 Y95.05 E2979.40958
G1 X103.572 Y95.02 E2979.42996
G1 X103.881 Y94.942 E2979.45116
G1 X104.166 Y94.828 E2979.47158
G1 X104.422 Y94.68 E2979.49125
G1 X104.672 Y94.486 E2979.5123
G1 X104.862 Y94.293 E2979.53032
G1 X105.066 Y94.016 E2979.5532
G1 X105.211 Y93.745 E2979.57365
G1 X105.323 Y93.431 E2979.59582
G1 X105.382 Y93.134 E2979.61597
G1 X105.4 Y92.862 E2979.6341
G1 X105.367 Y92.467 E2979.66047
G1 X105.304 Y92.206 E2979.67833
G1 X105.195 Y91.92 E2979.69869
G0 F9000 X105.835 Y91.216
G1 F1640.2 X105.984 Y91.487 E2979.71926
G1 X106.091 Y91.73 E2979.73692
G1 X106.192 Y92.039 E2979.75854
G1 X106.251 Y92.301 E2979.77641
G1 X106.292 Y92.623 E2979.798
G1 X106.3 Y92.915 E2979.81743
G1 X106.273 Y93.258 E2979.84032
G1 X106.228 Y93.518 E2979.85787
G1 X106.159 Y93.778 E2979.87577
G1 X106.071 Y94.022 E2979.89302
G1 X105.925 Y94.329 E2979.91563
G1 X105.735 Y94.636 E2979.93965
G1 X105.468 Y94.963 E2979.96773
G1 X105.235 Y95.188 E2979.98928
G1 X105.024 Y95.357 E2980.00726
G1 X104.773 Y95.521 E2980.02721
G1 X104.506 Y95.662 E2980.04729
G1 X104.249 Y95.767 E2980.06576
G1 X103.94 Y95.86 E2980.08722
G1 X103.622 Y95.921 E2980.10876
G1 X103.292 Y95.948 E2980.13079
G1 X102.907 Y95.937 E2980.15641
G1 X102.591 Y95.89 E2980.17766
G1 X102.281 Y95.81 E2980.19896
G1 X101.996 Y95.707 E2980.21912
G1 X101.654 Y95.537 E2980.24452
G1 X101.415 Y95.384 E2980.2634
G1 X101.103 Y95.133 E2980.29004
G1 X100.901 Y94.929 E2980.30913
G1 X100.716 Y94.704 E2980.32851
G1 X100.57 Y94.49 E2980.34574
G1 X100.411 Y94.201 E2980.36768
G1 X100.307 Y93.963 E2980.38496
G1 X100.207 Y93.655 E2980.4065
G1 X100.15 Y93.399 E2980.42395
G1 X100.109 Y93.074 E2980.44574
G1 X100.101 Y92.785 E2980.46497
G1 X100.128 Y92.442 E2980.48786
G1 X100.175 Y92.174 E2980.50596
G1 X100.243 Y91.92 E2980.52345
G1 X100.33 Y91.678 E2980.54056
G1 X100.478 Y91.366 E2980.56353
G1 X100.667 Y91.062 E2980.58734
G1 X100.933 Y90.737 E2980.61528
G1 X101.173 Y90.505 E2980.63748
G1 X101.388 Y90.335 E2980.65571
G1 X101.661 Y90.159 E2980.67732
G1 X101.935 Y90.021 E2980.69773
G1 X102.289 Y89.888 E2980.72288
G1 X102.599 Y89.809 E2980.74416
G1 X102.93 Y89.761 E2980.76641
G1 X103.225 Y89.75 E2980.78605
G1 X103.494 Y89.763 E2980.80396
G1 X103.807 Y89.809 E2980.82501
G1 X104.119 Y89.889 E2980.84643
G1 X104.402 Y89.992 E2980.86647
G1 X104.718 Y90.148 E2980.88991
G1 X104.953 Y90.292 E2980.90824
G1 X105.175 Y90.46 E2980.92676
G1 X105.392 Y90.658 E2980.9463
G1 X105.617 Y90.907 E2980.96863
G1 X105.835 Y91.216 E2980.99378
G0 F9000 X105.599 Y91.762
;TYPE:SKIN
G1 F1435.2 X105.199 Y91.122 E2981.01038
G1 X103.999 Y90.325 E2981.04206
G1 X102.799 Y90.232 E2981.06853
G1 X101.599 Y90.741 E2981.09719
G1 X100.799 Y91.766 E2981.12579
G0 F9000 X100.799 Y92.051
G0 X100.799 Y93.653
G0 X100.799 Y93.931
G1 F1435.2 X101.199 Y94.574 E2981.1434
G1 X102.399 Y95.371 E2981.1769
G1 X103.599 Y95.467 E2981.2049
G1 X104.799 Y94.956 E2981.23523
G1 X105.599 Y93.933 E2981.26543
G1 F1500 E2980.26543
G0 F9000 X106.865 Y94.83
G0 X103.811 Y211.908
G0 X104.615 Y211.179
;TYPE:WALL-OUTER
G1 F1500 E2981.29204
G1 F1640.2 X104.375 Y211.005 E2981.31176
G1 X104.025 Y210.825 E2981.33794
G1 X103.733 Y210.73 E2981.35836
G1 X103.433 Y210.677 E2981.37863
G1 X103.134 Y210.665 E2981.39853
G1 X102.829 Y210.695 E2981.41892
G1 X102.52 Y210.773 E2981.44012
G1 X102.236 Y210.887 E2981.46048
G1 X101.971 Y211.041 E2981.48087
G1 X101.764 Y211.198 E2981.49815
G1 X101.567 Y211.392 E2981.51654
G1 X101.335 Y211.699 E2981.54214
G1 X101.19 Y211.97 E2981.56258
G1 X101.078 Y212.284 E2981.58476
G1 X101.019 Y212.581 E2981.6049
G1 X101 Y212.891 E2981.62556
G1 X101.026 Y213.202 E2981.64632
G1 X101.093 Y213.498 E2981.66651
G1 X101.206 Y213.795 E2981.68765
G1 X101.376 Y214.096 E2981.71064
G1 X101.591 Y214.366 E2981.7336
G1 X101.786 Y214.551 E2981.75148
G1 X102.025 Y214.725 E2981.77115
G1 X102.376 Y214.905 E2981.79739
G1 X102.668 Y215 E2981.81781
G1 X102.968 Y215.053 E2981.83808
G1 X103.267 Y215.065 E2981.85798
G1 X103.572 Y215.035 E2981.87837
G1 X103.881 Y214.957 E2981.89957
G1 X104.166 Y214.843 E2981.91999
G1 X104.422 Y214.695 E2981.93966
G1 X104.672 Y214.501 E2981.96071
G1 X104.862 Y214.308 E2981.97872
G1 X105.066 Y214.031 E2982.00161
G1 X105.211 Y213.76 E2982.02205
G1 X105.323 Y213.446 E2982.04423
G1 X105.382 Y213.149 E2982.06437
G1 X105.4 Y212.877 E2982.08251
G1 X105.367 Y212.482 E2982.10887
G1 X105.304 Y212.221 E2982.12673
G1 X105.195 Y211.935 E2982.14709
G1 X105.025 Y211.634 E2982.17009
G1 X104.81 Y211.364 E2982.19305
G1 X104.615 Y211.179 E2982.21093
G0 F9000 X105.617 Y210.922
G1 F1640.2 X105.835 Y211.231 E2982.23608
G1 X105.984 Y211.502 E2982.25665
G1 X106.091 Y211.745 E2982.27432
G1 X106.192 Y212.054 E2982.29594
G1 X106.251 Y212.316 E2982.31381
G1 X106.292 Y212.638 E2982.3354
G1 X106.3 Y212.93 E2982.35483
G1 X106.273 Y213.273 E2982.37772
G1 X106.228 Y213.533 E2982.39527
G1 X106.159 Y213.793 E2982.41316
G1 X106.071 Y214.037 E2982.43042
G1 X105.925 Y214.344 E2982.45303
G1 X105.735 Y214.651 E2982.47705
G1 X105.468 Y214.978 E2982.50513
G1 X105.235 Y215.203 E2982.52668
G1 X105.024 Y215.372 E2982.54466
G1 X104.773 Y215.536 E2982.5646
G1 X104.506 Y215.677 E2982.58469
G1 X104.249 Y215.782 E2982.60316
G1 X103.94 Y215.875 E2982.62462
G1 X103.622 Y215.936 E2982.64616
G1 X103.292 Y215.963 E2982.66819
G1 X102.907 Y215.952 E2982.69381
G1 X102.591 Y215.905 E2982.71506
G1 X102.281 Y215.825 E2982.73635
G1 X101.996 Y215.722 E2982.75651
G1 X101.654 Y215.552 E2982.78192
G1 X101.415 Y215.399 E2982.8008
G1 X101.103 Y215.148 E2982.82743
G1 X100.901 Y214.944 E2982.84653
G1 X100.716 Y214.719 E2982.86591
G1 X100.57 Y214.505 E2982.88314
G1 X100.411 Y214.216 E2982.90508
G1 X100.307 Y213.978 E2982.92236
G1 X100.207 Y213.67 E2982.9439
G1 X100.15 Y213.414 E2982.96135
G1 X100.109 Y213.089 E2982.98314
G1 X100.101 Y212.8 E2983.00237
G1 X100.128 Y212.457 E2983.02525
G1 X100.175 Y212.189 E2983.04335
G1 X100.243 Y211.935 E2983.06085
G1 X100.33 Y211.693 E2983.07795
G1 X100.478 Y211.381 E2983.10092
G1 X100.667 Y211.077 E2983.12473
G1 X100.933 Y210.752 E2983.15267
G1 X101.173 Y210.52 E2983.17488
G1 X101.388 Y210.35 E2983.19311
G1 X101.661 Y210.174 E2983.21472
G1 X101.935 Y210.036 E2983.23512
G1 X102.289 Y209.903 E2983.26028
G1 X102.599 Y209.824 E2983.28156
G1 X102.93 Y209.776 E2983.30381
G1 X103.225 Y209.765 E2983.32344
G1 X103.494 Y209.778 E2983.34136
G1 X103.807 Y209.824 E2983.3624
G1 X104.119 Y209.904 E2983.38383
G1 X104.402 Y210.007 E2983.40386
G1 X104.718 Y210.163 E2983.42731
G1 X104.953 Y210.307 E2983.44564
G1 X105.175 Y210.475 E2983.46416
G1 X105.392 Y210.673 E2983.4837
G1 X105.617 Y210.922 E2983.50602
G0 F9000 X105.199 Y211.138
;TYPE:SKIN
G1 F1435.2 X105.599 Y211.778 E2983.52158
G1 X104.399 Y210.51 E2983.55757
G1 X103.199 Y210.216 E2983.58304
G1 X101.999 Y210.507 E2983.60849
G1 X101.199 Y211.141 E2983.62954
G1 X100.799 Y211.782 E2983.64511
G0 F9000 X100.799 Y212.067
G0 X100.799 Y213.669
G0 X100.799 Y213.947
G1 F1435.2 X101.199 Y214.59 E2983.66272
G1 X102.399 Y215.387 E2983.69622
G1 X103.599 Y215.483 E2983.72422
G1 X104.799 Y214.972 E2983.75455
G1 X105.599 Y213.949 E2983.78475
G1 F1500 E2982.78475
G0 F9000 X107.234 Y213.903
G0 X197.002 Y211.748
G0 X197.624 Y210.825
;TYPE:WALL-OUTER
G1 F1500 E2983.81136
G1 F1640.2 X197.332 Y210.73 E2983.83179
G1 X197.032 Y210.677 E2983.85205
G1 X196.733 Y210.665 E2983.87196
G1 X196.428 Y210.695 E2983.89234
G1 X196.119 Y210.773 E2983.91354
G1 X195.835 Y210.887 E2983.9339
G1 X195.57 Y211.041 E2983.95429
G1 X195.363 Y211.198 E2983.97157
G1 X195.166 Y211.392 E2983.98996
G1 X194.934 Y211.699 E2984.01556
G1 X194.789 Y211.97 E2984.03601
G1 X194.677 Y212.284 E2984.05818
G1 X194.618 Y212.581 E2984.07832
G1 X194.6 Y212.853 E2984.09646
G1 X194.633 Y213.248 E2984.12282
G1 X194.696 Y213.509 E2984.14068
G1 X194.805 Y213.795 E2984.16104
G1 X194.975 Y214.096 E2984.18404
G1 X195.19 Y214.366 E2984.207
G1 X195.385 Y214.551 E2984.22488
G1 X195.624 Y214.725 E2984.24454
G1 X195.975 Y214.905 E2984.27078
G1 X196.267 Y215 E2984.29121
G1 X196.567 Y215.053 E2984.31148
G1 X196.866 Y215.065 E2984.33138
G1 X197.171 Y215.035 E2984.35177
G1 X197.48 Y214.957 E2984.37297
G1 X197.765 Y214.843 E2984.39339
G1 X198.021 Y214.695 E2984.41306
G1 X198.271 Y214.501 E2984.43411
G1 X198.461 Y214.308 E2984.45212
G1 X198.665 Y214.031 E2984.47501
G1 X198.81 Y213.76 E2984.49545
G1 X198.922 Y213.446 E2984.51763
G1 X198.981 Y213.149 E2984.53777
G1 X198.999 Y212.877 E2984.5559
G1 X198.966 Y212.482 E2984.58227
G1 X198.903 Y212.221 E2984.60013
G1 X198.794 Y211.935 E2984.62049
G1 X198.624 Y211.634 E2984.64349
G1 X198.409 Y211.364 E2984.66644
G1 X198.214 Y211.179 E2984.68432
G1 X197.974 Y211.005 E2984.70404
G1 X197.624 Y210.825 E2984.73022
G0 F9000 X198.001 Y210.007
G1 F1640.2 X198.317 Y210.163 E2984.75367
G1 X198.552 Y210.307 E2984.772
G1 X198.774 Y210.475 E2984.79052
G1 X198.991 Y210.673 E2984.81006
G1 X199.216 Y210.922 E2984.83238
G1 X199.434 Y211.231 E2984.85754
G1 X199.583 Y211.502 E2984.87811
G1 X199.69 Y211.745 E2984.89577
G1 X199.791 Y212.054 E2984.9174
G1 X199.85 Y212.316 E2984.93526
G1 X199.891 Y212.638 E2984.95686
G1 X199.899 Y212.93 E2984.97629
G1 X199.872 Y213.273 E2984.99917
G1 X199.827 Y213.533 E2985.01673
G1 X199.758 Y213.793 E2985.03462
G1 X199.67 Y214.037 E2985.05188
G1 X199.524 Y214.344 E2985.07449
G1 X199.334 Y214.651 E2985.09851
G1 X199.067 Y214.978 E2985.12659
G1 X198.834 Y215.203 E2985.14813
G1 X198.623 Y215.372 E2985.16612
G1 X198.372 Y215.536 E2985.18606
G1 X198.105 Y215.677 E2985.20615
G1 X197.848 Y215.782 E2985.22461
G1 X197.539 Y215.875 E2985.24608
G1 X197.221 Y215.936 E2985.26762
G1 X196.891 Y215.963 E2985.28964
G1 X196.506 Y215.952 E2985.31526
G1 X196.19 Y215.905 E2985.33652
G1 X195.88 Y215.825 E2985.35781
G1 X195.595 Y215.722 E2985.37797
G1 X195.253 Y215.552 E2985.40338
G1 X195.014 Y215.399 E2985.42225
G1 X194.702 Y215.148 E2985.44889
G1 X194.5 Y214.944 E2985.46799
G1 X194.315 Y214.719 E2985.48736
G1 X194.169 Y214.505 E2985.5046
G1 X194.01 Y214.216 E2985.52654
G1 X193.906 Y213.978 E2985.54382
G1 X193.806 Y213.67 E2985.56536
G1 X193.749 Y213.414 E2985.5828
G1 X193.708 Y213.089 E2985.60459
G1 X193.7 Y212.8 E2985.62383
G1 X193.727 Y212.457 E2985.64671
G1 X193.774 Y212.189 E2985.66481
G1 X193.842 Y211.935 E2985.6823
G1 X193.929 Y211.693 E2985.69941
G1 X194.077 Y211.381 E2985.72238
G1 X194.266 Y211.077 E2985.74619
G1 X194.532 Y210.752 E2985.77413
G1 X194.772 Y210.52 E2985.79633
G1 X194.987 Y210.35 E2985.81457
G1 X195.26 Y210.174 E2985.83617
G1 X195.534 Y210.036 E2985.85658
G1 X195.888 Y209.903 E2985.88174
G1 X196.198 Y209.824 E2985.90302
G1 X196.529 Y209.776 E2985.92527
G1 X196.824 Y209.765 E2985.9449
G1 X197.093 Y209.778 E2985.96282
G1 X197.406 Y209.824 E2985.98386
G1 X197.718 Y209.904 E2986.00529
G1 X198.001 Y210.007 E2986.02532
G0 F9000 X197.999 Y210.509
;TYPE:SKIN
G1 F1435.2 X198.399 Y210.755 E2986.03839
G1 X199.199 Y211.779 E2986.07455
G0 F9000 X199.199 Y212.058
G0 X199.199 Y213.662
G0 X199.199 Y213.946
G1 F1435.2 X198.799 Y214.591 E2986.09223
G1 X197.599 Y215.388 E2986.12579
G1 X196.399 Y215.48 E2986.15383
G1 X195.199 Y214.974 E2986.18417
G1 X194.399 Y213.949 E2986.21446
G0 F9000 X194.399 Y213.672
G0 X194.399 Y212.063
G0 X194.399 Y211.778
G1 F1435.2 X194.799 Y211.139 E2986.23303
G1 X195.999 Y210.338 E2986.26858
G1 X197.199 Y210.248 E2986.29823
G0 F9000 X197.599 Y210.463
G1 F1435.2 X197.599 Y210.219 E2986.30635
G1 F1500 E2985.30635
;MESH:NONMESH
G0 F300 X197.599 Y210.219 Z5.6
G0 F9000 X197.837 Y208.831
G0 X197.794 Y92.301
G0 X198.458 Y91.404
;TIME_ELAPSED:6108.146758
;LAYER:27
;TYPE:WALL-OUTER
;MESH:Top of Case V2.STL
G1 F1500 E2986.33296
G1 F1760.1 X198.251 Y91.197 E2986.35243
G1 X197.974 Y90.99 E2986.37543
G1 X197.624 Y90.81 E2986.40162
G1 X197.331 Y90.714 E2986.42213
G1 X196.992 Y90.658 E2986.44498
G1 X196.847 Y90.65 E2986.45464
G1 X196.528 Y90.666 E2986.47589
G1 X196.228 Y90.725 E2986.49623
G1 X195.94 Y90.825 E2986.51651
G1 X195.665 Y90.964 E2986.537
G1 X195.448 Y91.114 E2986.55455
G1 X195.251 Y91.287 E2986.57199
G1 X195.043 Y91.525 E2986.59302
G1 X194.874 Y91.784 E2986.61359
G1 X194.731 Y92.098 E2986.63654
G1 X194.647 Y92.394 E2986.65701
G1 X194.607 Y92.66 E2986.6749
G1 X194.603 Y92.992 E2986.69699
G1 X194.638 Y93.261 E2986.71503
G1 X194.704 Y93.521 E2986.73288
G1 X194.805 Y93.78 E2986.75137
G1 X194.975 Y94.08 E2986.77431
G1 X195.141 Y94.296 E2986.79243
G1 X195.348 Y94.503 E2986.8119
G1 X195.622 Y94.708 E2986.83466
G1 X195.975 Y94.89 E2986.86108
G1 X196.268 Y94.986 E2986.88159
G1 X196.607 Y95.042 E2986.90445
G1 X196.94 Y95.047 E2986.9266
G1 X197.245 Y95.005 E2986.94708
G1 X197.516 Y94.93 E2986.96579
G1 X197.799 Y94.811 E2986.98621
G1 X198.061 Y94.652 E2987.0066
G1 X198.348 Y94.413 E2987.03144
G1 X198.556 Y94.175 E2987.05247
G1 X198.725 Y93.916 E2987.07304
G1 X198.868 Y93.602 E2987.09599
G1 X198.952 Y93.306 E2987.11646
G1 X198.992 Y93.04 E2987.13435
G1 X198.996 Y92.708 E2987.15644
G1 X198.961 Y92.439 E2987.17448
G1 X198.895 Y92.179 E2987.19233
G1 X198.794 Y91.92 E2987.21082
G1 X198.624 Y91.62 E2987.23376
G1 X198.458 Y91.404 E2987.25188
G0 F9000 X199.097 Y90.768
G1 F1760.1 X199.283 Y90.994 E2987.27135
G1 X199.444 Y91.232 E2987.29046
G1 X199.633 Y91.594 E2987.31763
G1 X199.751 Y91.902 E2987.33957
G1 X199.85 Y92.301 E2987.36691
G1 X199.891 Y92.623 E2987.3885
G1 X199.899 Y92.913 E2987.4078
G1 X199.873 Y93.256 E2987.43068
G1 X199.815 Y93.574 E2987.45219
G1 X199.741 Y93.83 E2987.46991
G1 X199.63 Y94.117 E2987.49038
G1 X199.497 Y94.379 E2987.50993
G1 X199.327 Y94.645 E2987.53093
G1 X199.145 Y94.877 E2987.55054
G1 X198.962 Y95.072 E2987.56833
G1 X198.711 Y95.29 E2987.59045
G1 X198.497 Y95.444 E2987.60798
G1 X198.208 Y95.611 E2987.63019
G1 X197.951 Y95.728 E2987.64897
G1 X197.836 Y95.771 E2987.65714
G1 X197.539 Y95.86 E2987.67776
G1 X197.221 Y95.921 E2987.6993
G1 X196.893 Y95.948 E2987.72119
G1 X196.516 Y95.938 E2987.74628
G1 X196.234 Y95.899 E2987.76522
G1 X195.971 Y95.837 E2987.78319
G1 X195.695 Y95.747 E2987.8025
G1 X195.423 Y95.628 E2987.82225
G1 X195.141 Y95.469 E2987.84379
G1 X194.928 Y95.321 E2987.86104
G1 X194.717 Y95.146 E2987.87928
G1 X194.5 Y94.929 E2987.89969
G1 X194.308 Y94.695 E2987.91983
G1 X194.155 Y94.468 E2987.93804
G1 X193.966 Y94.106 E2987.9652
G1 X193.848 Y93.798 E2987.98714
G1 X193.78 Y93.551 E2988.00418
G1 X193.722 Y93.218 E2988.02667
G1 X193.7 Y92.894 E2988.04827
G1 X193.709 Y92.604 E2988.06757
G1 X193.748 Y92.302 E2988.08783
G1 X193.823 Y91.983 E2988.10962
G1 X193.912 Y91.721 E2988.12803
G1 X194.045 Y91.429 E2988.14937
G1 X194.178 Y91.193 E2988.1674
G1 X194.368 Y90.926 E2988.18919
G1 X194.551 Y90.716 E2988.20772
G1 X194.772 Y90.505 E2988.22805
G1 X194.987 Y90.335 E2988.24628
G1 X195.259 Y90.16 E2988.2678
G1 X195.495 Y90.038 E2988.28547
G1 X195.763 Y89.929 E2988.30471
G1 X196.06 Y89.84 E2988.32534
G1 X196.378 Y89.779 E2988.34688
G1 X196.706 Y89.752 E2988.36877
G1 X197.083 Y89.762 E2988.39386
G1 X197.365 Y89.801 E2988.41279
G1 X197.628 Y89.863 E2988.43077
G1 X197.904 Y89.953 E2988.45008
G1 X198.176 Y90.072 E2988.46983
G1 X198.454 Y90.228 E2988.49103
G1 X198.671 Y90.379 E2988.50862
G1 X198.88 Y90.552 E2988.52667
G1 X199.097 Y90.768 E2988.54703
G0 F9000 X198.871 Y91.2
;TYPE:SKIN
G1 F1540.1 X198.468 Y90.8 E2988.55736
G1 X197.764 Y90.4 E2988.57209
G1 X195.831 Y90.4 E2988.60726
G1 X194.732 Y91.2 E2988.63199
G1 X194.19 Y92.4 E2988.65594
G1 X194.26 Y93.6 E2988.67781
G1 X195.016 Y94.8 E2988.70361
G1 X195.597 Y95.2 E2988.71644
G1 X196.767 Y95.6 E2988.73893
G1 X197.992 Y95.2 E2988.76238
G1 X198.944 Y94.4 E2988.785
G1 X199.423 Y93.2 E2988.8085
G1 X199.307 Y92 E2988.83043
G1 X199.128 Y91.6 E2988.83841
G1 F1500 E2987.83841
G0 F9000 X197.737 Y92.209
G0 X104.262 Y92.448
G0 X105.195 Y91.92
;TYPE:WALL-OUTER
G1 F1500 E2988.86501
G1 F1760.1 X105.025 Y91.62 E2988.88795
G1 X104.859 Y91.404 E2988.90607
G1 X104.652 Y91.197 E2988.92555
G1 X104.375 Y90.99 E2988.94855
G1 X104.025 Y90.81 E2988.97473
G1 X103.732 Y90.714 E2988.99524
G1 X103.393 Y90.658 E2989.0181
G1 X103.248 Y90.65 E2989.02776
G1 X102.929 Y90.666 E2989.049
G1 X102.629 Y90.725 E2989.06934
G1 X102.341 Y90.825 E2989.08962
G1 X102.066 Y90.964 E2989.11012
G1 X101.849 Y91.114 E2989.12767
G1 X101.652 Y91.287 E2989.14511
G1 X101.444 Y91.525 E2989.16613
G1 X101.275 Y91.784 E2989.1867
G1 X101.132 Y92.098 E2989.20965
G1 X101.048 Y92.394 E2989.23012
G1 X101.008 Y92.661 E2989.24808
G1 X101.008 Y93.039 E2989.27323
G1 X101.049 Y93.307 E2989.29126
G1 X101.133 Y93.603 E2989.31173
G1 X101.258 Y93.883 E2989.33213
G1 X101.42 Y94.143 E2989.3525
G1 X101.592 Y94.352 E2989.37051
G1 X101.845 Y94.582 E2989.39325
G1 X102.101 Y94.756 E2989.41384
G1 X102.376 Y94.89 E2989.43419
G1 X102.669 Y94.986 E2989.4547
G1 X103.008 Y95.042 E2989.47756
G1 X103.341 Y95.047 E2989.49971
G1 X103.646 Y95.005 E2989.52019
G1 X103.917 Y94.93 E2989.5389
G1 X104.2 Y94.811 E2989.55932
G1 X104.462 Y94.652 E2989.57971
G1 X104.749 Y94.413 E2989.60455
G1 X104.957 Y94.175 E2989.62558
G1 X105.126 Y93.916 E2989.64615
G1 X105.269 Y93.602 E2989.6691
G1 X105.353 Y93.306 E2989.68957
G1 X105.393 Y93.04 E2989.70746
G1 X105.397 Y92.708 E2989.72955
G1 X105.362 Y92.439 E2989.74759
G1 X105.296 Y92.179 E2989.76544
G1 X105.195 Y91.92 E2989.78393
G0 F9000 X106.152 Y91.902
G1 F1760.1 X106.251 Y92.301 E2989.81127
G1 X106.292 Y92.623 E2989.83287
G1 X106.3 Y92.913 E2989.85216
G1 X106.274 Y93.256 E2989.87505
G1 X106.216 Y93.574 E2989.89655
G1 X106.142 Y93.83 E2989.91428
G1 X106.031 Y94.117 E2989.93475
G1 X105.898 Y94.379 E2989.95429
G1 X105.728 Y94.645 E2989.97529
G1 X105.546 Y94.877 E2989.9949
G1 X105.363 Y95.072 E2990.01269
G1 X105.112 Y95.29 E2990.03481
G1 X104.898 Y95.444 E2990.05235
G1 X104.609 Y95.611 E2990.07455
G1 X104.352 Y95.728 E2990.09333
G1 X104.237 Y95.771 E2990.1015
G1 X103.94 Y95.86 E2990.12213
G1 X103.622 Y95.921 E2990.14366
G1 X103.294 Y95.948 E2990.16556
G1 X102.917 Y95.938 E2990.19064
G1 X102.635 Y95.899 E2990.20958
G1 X102.372 Y95.837 E2990.22756
G1 X102.096 Y95.747 E2990.24687
G1 X101.824 Y95.628 E2990.26662
G1 X101.542 Y95.469 E2990.28815
G1 X101.329 Y95.321 E2990.3054
G1 X101.118 Y95.146 E2990.32364
G1 X100.901 Y94.929 E2990.34405
G1 X100.709 Y94.695 E2990.36419
G1 X100.556 Y94.468 E2990.3824
G1 X100.367 Y94.106 E2990.40956
G1 X100.249 Y93.798 E2990.4315
G1 X100.181 Y93.551 E2990.44854
G1 X100.123 Y93.218 E2990.47103
G1 X100.101 Y92.894 E2990.49263
G1 X100.11 Y92.604 E2990.51193
G1 X100.149 Y92.302 E2990.53219
G1 X100.224 Y91.983 E2990.55399
G1 X100.313 Y91.721 E2990.57239
G1 X100.446 Y91.429 E2990.59374
G1 X100.579 Y91.193 E2990.61176
G1 X100.769 Y90.926 E2990.63356
G1 X100.952 Y90.716 E2990.65208
G1 X101.173 Y90.505 E2990.67241
G1 X101.388 Y90.335 E2990.69064
G1 X101.66 Y90.16 E2990.71216
G1 X101.896 Y90.038 E2990.72983
G1 X102.164 Y89.929 E2990.74908
G1 X102.461 Y89.84 E2990.7697
G1 X102.779 Y89.779 E2990.79124
G1 X103.107 Y89.752 E2990.81313
G1 X103.484 Y89.762 E2990.83822
G1 X103.766 Y89.801 E2990.85716
G1 X104.029 Y89.863 E2990.87513
G1 X104.305 Y89.953 E2990.89444
G1 X104.577 Y90.072 E2990.91419
G1 X104.855 Y90.228 E2990.9354
G1 X105.072 Y90.379 E2990.95298
G1 X105.281 Y90.552 E2990.97103
G1 X105.498 Y90.768 E2990.9914
G1 X105.684 Y90.994 E2991.01087
G1 X105.845 Y91.232 E2991.02998
G1 X106.034 Y91.594 E2991.05715
G1 X106.152 Y91.902 E2991.07909
G0 F9000 X105.707 Y92
;TYPE:SKIN
G1 F1540.1 X105.529 Y91.6 E2991.08701
G1 X104.868 Y90.8 E2991.1058
G1 X104.163 Y90.4 E2991.12047
G1 X102.236 Y90.4 E2991.15536
G1 X101.134 Y91.2 E2991.18001
G1 X100.591 Y92.4 E2991.20386
G1 X100.663 Y93.6 E2991.22562
G1 X101.416 Y94.8 E2991.25127
G1 X101.995 Y95.2 E2991.26401
G1 X103.171 Y95.6 E2991.2865
G1 X104.395 Y95.2 E2991.30981
G1 X105.346 Y94.4 E2991.33231
G1 X105.824 Y93.2 E2991.35569
G1 X105.81 Y92.4 E2991.37018
G1 F1500 E2990.37018
G0 F9000 X104.336 Y92.878
G0 X103.87 Y211.948
G0 X104.652 Y211.212
;TYPE:WALL-OUTER
G1 F1500 E2991.39679
G1 F1760.1 X104.375 Y211.005 E2991.41979
G1 X104.025 Y210.825 E2991.44597
G1 X103.732 Y210.729 E2991.46648
G1 X103.393 Y210.673 E2991.48934
G1 X103.248 Y210.665 E2991.499
G1 X102.929 Y210.681 E2991.52024
G1 X102.629 Y210.74 E2991.54058
G1 X102.341 Y210.84 E2991.56086
G1 X102.066 Y210.979 E2991.58136
G1 X101.849 Y211.129 E2991.59891
G1 X101.652 Y211.302 E2991.61635
G1 X101.444 Y211.54 E2991.63737
G1 X101.275 Y211.799 E2991.65794
G1 X101.132 Y212.113 E2991.6809
G1 X101.048 Y212.409 E2991.70136
G1 X101.008 Y212.676 E2991.71932
G1 X101.008 Y213.054 E2991.74447
G1 X101.049 Y213.322 E2991.7625
G1 X101.133 Y213.618 E2991.78297
G1 X101.258 Y213.898 E2991.80337
G1 X101.42 Y214.158 E2991.82374
G1 X101.592 Y214.367 E2991.84175
G1 X101.845 Y214.597 E2991.86449
G1 X102.101 Y214.771 E2991.88508
G1 X102.376 Y214.905 E2991.90543
G1 X102.669 Y215.001 E2991.92594
G1 X103.008 Y215.057 E2991.9488
G1 X103.341 Y215.062 E2991.97095
G1 X103.646 Y215.02 E2991.99143
G1 X103.917 Y214.945 E2992.01014
G1 X104.2 Y214.826 E2992.03056
G1 X104.462 Y214.667 E2992.05095
G1 X104.749 Y214.428 E2992.07579
G1 X104.957 Y214.19 E2992.09682
G1 X105.126 Y213.931 E2992.11739
G1 X105.269 Y213.617 E2992.14034
G1 X105.353 Y213.321 E2992.16081
G1 X105.393 Y213.055 E2992.1787
G1 X105.397 Y212.723 E2992.20079
G1 X105.362 Y212.454 E2992.21883
G1 X105.296 Y212.194 E2992.23668
G1 X105.195 Y211.935 E2992.25517
G1 X105.025 Y211.635 E2992.27811
G1 X104.859 Y211.419 E2992.29623
G1 X104.652 Y211.212 E2992.3157
G0 F9000 X105.498 Y210.783
G1 F1760.1 X105.684 Y211.009 E2992.33517
G1 X105.845 Y211.247 E2992.35429
G1 X106.034 Y211.609 E2992.38145
G1 X106.152 Y211.917 E2992.40339
G1 X106.251 Y212.316 E2992.43074
G1 X106.292 Y212.638 E2992.45233
G1 X106.3 Y212.928 E2992.47163
G1 X106.274 Y213.271 E2992.49451
G1 X106.216 Y213.589 E2992.51601
G1 X106.142 Y213.845 E2992.53374
G1 X106.031 Y214.132 E2992.55421
G1 X105.898 Y214.394 E2992.57375
G1 X105.728 Y214.66 E2992.59475
G1 X105.546 Y214.892 E2992.61437
G1 X105.363 Y215.087 E2992.63216
G1 X105.112 Y215.305 E2992.65427
G1 X104.898 Y215.459 E2992.67181
G1 X104.609 Y215.626 E2992.69401
G1 X104.352 Y215.743 E2992.7128
G1 X104.237 Y215.786 E2992.72096
G1 X103.94 Y215.875 E2992.74159
G1 X103.622 Y215.936 E2992.76313
G1 X103.294 Y215.963 E2992.78502
G1 X102.917 Y215.953 E2992.81011
G1 X102.635 Y215.914 E2992.82904
G1 X102.372 Y215.852 E2992.84702
G1 X102.096 Y215.762 E2992.86633
G1 X101.824 Y215.643 E2992.88608
G1 X101.542 Y215.484 E2992.90761
G1 X101.329 Y215.336 E2992.92487
G1 X101.118 Y215.161 E2992.9431
G1 X100.901 Y214.944 E2992.96352
G1 X100.709 Y214.71 E2992.98365
G1 X100.556 Y214.483 E2993.00186
G1 X100.367 Y214.121 E2993.02903
G1 X100.249 Y213.813 E2993.05097
G1 X100.181 Y213.566 E2993.06801
G1 X100.123 Y213.233 E2993.09049
G1 X100.101 Y212.909 E2993.11209
G1 X100.11 Y212.619 E2993.13139
G1 X100.149 Y212.317 E2993.15165
G1 X100.224 Y211.998 E2993.17345
G1 X100.313 Y211.736 E2993.19186
G1 X100.446 Y211.444 E2993.2132
G1 X100.579 Y211.208 E2993.23122
G1 X100.769 Y210.941 E2993.25302
G1 X100.952 Y210.731 E2993.27155
G1 X101.173 Y210.52 E2993.29187
G1 X101.388 Y210.35 E2993.31011
G1 X101.66 Y210.175 E2993.33162
G1 X101.896 Y210.053 E2993.34929
G1 X102.164 Y209.944 E2993.36854
G1 X102.461 Y209.855 E2993.38916
G1 X102.779 Y209.794 E2993.4107
G1 X103.107 Y209.767 E2993.43259
G1 X103.484 Y209.777 E2993.45768
G1 X103.766 Y209.816 E2993.47662
G1 X104.029 Y209.878 E2993.49459
G1 X104.305 Y209.968 E2993.5139
G1 X104.577 Y210.087 E2993.53365
G1 X104.855 Y210.243 E2993.55486
G1 X105.072 Y210.394 E2993.57244
G1 X105.281 Y210.567 E2993.59049
G1 X105.498 Y210.783 E2993.61086
G0 F9000 X105.259 Y211.2
;TYPE:SKIN
G1 F1540.1 X104.847 Y210.8 E2993.62173
G1 X104.121 Y210.4 E2993.63743
G1 X102.288 Y210.4 E2993.67215
G1 X101.145 Y211.2 E2993.69857
G1 X100.592 Y212.4 E2993.7236
G1 X100.657 Y213.6 E2993.74636
G1 X101.399 Y214.8 E2993.77308
G1 X101.966 Y215.2 E2993.78622
G1 X103.197 Y215.6 E2993.81074
G1 X104.425 Y215.2 E2993.8352
G1 X105.356 Y214.4 E2993.85845
G1 X105.825 Y213.2 E2993.88285
G1 X105.701 Y212 E2993.9057
G1 X105.52 Y211.6 E2993.91401
G1 F1500 E2992.91401
G0 F9000 X106.912 Y210.978
G0 X196.991 Y211.746
G0 X197.624 Y210.825
;TYPE:WALL-OUTER
G1 F1500 E2993.94062
G1 F1760.1 X197.331 Y210.729 E2993.96113
G1 X196.992 Y210.673 E2993.98399
G1 X196.847 Y210.665 E2993.99365
G1 X196.528 Y210.681 E2994.01489
G1 X196.228 Y210.74 E2994.03523
G1 X195.94 Y210.84 E2994.05551
G1 X195.665 Y210.979 E2994.07601
G1 X195.448 Y211.129 E2994.09356
G1 X195.251 Y211.302 E2994.111
G1 X195.043 Y211.54 E2994.13202
G1 X194.874 Y211.799 E2994.1526
G1 X194.731 Y212.113 E2994.17555
G1 X194.647 Y212.409 E2994.19601
G1 X194.607 Y212.675 E2994.21391
G1 X194.603 Y213.007 E2994.23599
G1 X194.638 Y213.276 E2994.25404
G1 X194.704 Y213.536 E2994.27188
G1 X194.805 Y213.795 E2994.29038
G1 X194.975 Y214.095 E2994.31331
G1 X195.141 Y214.311 E2994.33143
G1 X195.348 Y214.518 E2994.35091
G1 X195.622 Y214.723 E2994.37367
G1 X195.975 Y214.905 E2994.40009
G1 X196.268 Y215.001 E2994.4206
G1 X196.607 Y215.057 E2994.44346
G1 X196.94 Y215.062 E2994.46561
G1 X197.245 Y215.02 E2994.48609
G1 X197.516 Y214.945 E2994.50479
G1 X197.799 Y214.826 E2994.52522
G1 X198.061 Y214.667 E2994.5456
G1 X198.348 Y214.428 E2994.57045
G1 X198.556 Y214.19 E2994.59147
G1 X198.725 Y213.931 E2994.61204
G1 X198.868 Y213.617 E2994.635
G1 X198.952 Y213.321 E2994.65546
G1 X198.992 Y213.055 E2994.67336
G1 X198.996 Y212.723 E2994.69544
G1 X198.961 Y212.454 E2994.71349
G1 X198.895 Y212.194 E2994.73133
G1 X198.794 Y211.935 E2994.74982
G1 X198.624 Y211.635 E2994.77276
G1 X198.458 Y211.419 E2994.79088
G1 X198.251 Y211.212 E2994.81036
G1 X197.974 Y211.005 E2994.83336
G1 X197.624 Y210.825 E2994.85954
G0 F9000 X198.176 Y210.087
G1 F1760.1 X198.454 Y210.243 E2994.88075
G1 X198.671 Y210.394 E2994.89833
G1 X198.88 Y210.567 E2994.91638
G1 X199.097 Y210.783 E2994.93675
G1 X199.283 Y211.009 E2994.95622
G1 X199.444 Y211.247 E2994.97533
G1 X199.633 Y211.609 E2995.00249
G1 X199.751 Y211.917 E2995.02444
G1 X199.85 Y212.316 E2995.05178
G1 X199.891 Y212.638 E2995.07337
G1 X199.899 Y212.928 E2995.09267
G1 X199.873 Y213.271 E2995.11555
G1 X199.815 Y213.589 E2995.13706
G1 X199.741 Y213.845 E2995.15478
G1 X199.63 Y214.132 E2995.17525
G1 X199.497 Y214.394 E2995.1948
G1 X199.327 Y214.66 E2995.2158
G1 X199.145 Y214.892 E2995.23541
G1 X198.962 Y215.087 E2995.2532
G1 X198.711 Y215.305 E2995.27532
G1 X198.497 Y215.459 E2995.29285
G1 X198.208 Y215.626 E2995.31506
G1 X197.951 Y215.743 E2995.33384
G1 X197.836 Y215.786 E2995.34201
G1 X197.539 Y215.875 E2995.36263
G1 X197.221 Y215.936 E2995.38417
G1 X196.893 Y215.963 E2995.40606
G1 X196.516 Y215.953 E2995.43115
G1 X196.234 Y215.914 E2995.45009
G1 X195.971 Y215.852 E2995.46806
G1 X195.695 Y215.762 E2995.48737
G1 X195.423 Y215.643 E2995.50712
G1 X195.141 Y215.484 E2995.52866
G1 X194.928 Y215.336 E2995.54591
G1 X194.717 Y215.161 E2995.56415
G1 X194.5 Y214.944 E2995.58456
G1 X194.308 Y214.71 E2995.6047
G1 X194.155 Y214.483 E2995.62291
G1 X193.966 Y214.121 E2995.65007
G1 X193.848 Y213.813 E2995.67201
G1 X193.78 Y213.566 E2995.68905
G1 X193.722 Y213.233 E2995.71154
G1 X193.7 Y212.909 E2995.73314
G1 X193.709 Y212.619 E2995.75244
G1 X193.748 Y212.317 E2995.7727
G1 X193.823 Y211.998 E2995.79449
G1 X193.912 Y211.736 E2995.8129
G1 X194.045 Y211.444 E2995.83424
G1 X194.178 Y211.208 E2995.85226
G1 X194.368 Y210.941 E2995.87406
G1 X194.551 Y210.731 E2995.89259
G1 X194.772 Y210.52 E2995.91292
G1 X194.987 Y210.35 E2995.93115
G1 X195.259 Y210.175 E2995.95267
G1 X195.495 Y210.053 E2995.97034
G1 X195.763 Y209.944 E2995.98958
G1 X196.06 Y209.855 E2996.01021
G1 X196.378 Y209.794 E2996.03175
G1 X196.706 Y209.767 E2996.05364
G1 X197.083 Y209.777 E2996.07873
G1 X197.365 Y209.816 E2996.09766
G1 X197.628 Y209.878 E2996.11564
G1 X197.904 Y209.968 E2996.13495
G1 X198.176 Y210.087 E2996.1547
G0 F9000 X197.721 Y210.4
;TYPE:SKIN
G1 F1540.1 X198.447 Y210.8 E2996.17106
G1 X199.301 Y212 E2996.20013
G1 X199.425 Y213.2 E2996.22395
G1 X198.956 Y214.4 E2996.24938
G1 X198.025 Y215.2 E2996.27361
G1 X196.797 Y215.6 E2996.2991
G1 X195.567 Y215.2 E2996.32463
G1 X194.645 Y214.4 E2996.34872
G1 X194.173 Y213.2 E2996.37418
G1 X194.295 Y212 E2996.39799
G1 X195.149 Y210.8 E2996.42706
G0 F9000 X195.555 Y210.4
G1 F1540.1 X196.221 Y210.4 E2996.44921
G1 F1500 E2995.44921
;MESH:NONMESH
G0 F300 X196.221 Y210.4 Z5.8
G0 F9000 X196.005 Y208.776
G0 X197.737 Y92.209
G0 X198.44 Y91.384
;TIME_ELAPSED:6121.168370
;LAYER:28
;TYPE:WALL-OUTER
;MESH:Top of Case V2.STL
G1 F1500 E2996.47582
G1 F1640.1 X198.214 Y91.164 E2996.4968
G1 X197.996 Y91.003 E2996.51483
G1 X197.762 Y90.871 E2996.5327
G1 X197.48 Y90.758 E2996.55291
G1 X197.181 Y90.683 E2996.57341
G1 X196.886 Y90.651 E2996.59315
G1 X196.76 Y90.65 E2996.60153
G1 X196.457 Y90.676 E2996.62176
G1 X196.165 Y90.744 E2996.64171
G1 X195.913 Y90.836 E2996.65955
G1 X195.665 Y90.964 E2996.67812
G1 X195.451 Y91.112 E2996.69542
G1 X195.189 Y91.351 E2996.71901
G1 X195.003 Y91.58 E2996.73864
G1 X194.857 Y91.817 E2996.75716
G1 X194.732 Y92.097 E2996.77755
G1 X194.642 Y92.419 E2996.79979
G1 X194.6 Y92.813 E2996.82615
G1 X194.62 Y93.15 E2996.84861
G1 X194.682 Y93.45 E2996.86899
G1 X194.805 Y93.78 E2996.89241
G1 X194.97 Y94.073 E2996.91478
G1 X195.159 Y94.316 E2996.93526
G1 X195.385 Y94.536 E2996.95624
G1 X195.603 Y94.697 E2996.97427
G1 X195.837 Y94.829 E2996.99214
G1 X196.119 Y94.942 E2997.01235
G1 X196.418 Y95.017 E2997.03285
G1 X196.713 Y95.049 E2997.05259
G1 X196.983 Y95.043 E2997.07056
G1 X197.287 Y94.996 E2997.09102
G1 X197.546 Y94.92 E2997.10897
G1 X197.8 Y94.81 E2997.12739
G1 X198.06 Y94.653 E2997.14759
G1 X198.327 Y94.434 E2997.17056
G1 X198.509 Y94.235 E2997.1885
G1 X198.666 Y94.015 E2997.20648
G1 X198.81 Y93.745 E2997.22684
G1 X198.915 Y93.455 E2997.24735
G1 X198.978 Y93.158 E2997.26755
G1 X198.999 Y92.887 E2997.28563
G1 X198.979 Y92.55 E2997.30809
G1 X198.917 Y92.25 E2997.32846
G1 X198.794 Y91.92 E2997.35189
G1 X198.629 Y91.627 E2997.37426
G1 X198.44 Y91.384 E2997.39474
G0 F9000 X199.221 Y90.914
G1 F1640.1 X199.444 Y91.231 E2997.42052
G1 X199.583 Y91.487 E2997.4399
G1 X199.69 Y91.73 E2997.45756
G1 X199.782 Y92.003 E2997.47672
G1 X199.853 Y92.318 E2997.4982
G1 X199.891 Y92.623 E2997.51865
G1 X199.899 Y92.91 E2997.53775
G1 X199.873 Y93.253 E2997.56063
G1 X199.827 Y93.52 E2997.57865
G1 X199.758 Y93.778 E2997.59642
G1 X199.672 Y94.018 E2997.61337
G1 X199.539 Y94.301 E2997.63417
G1 X199.395 Y94.546 E2997.65308
G1 X199.227 Y94.779 E2997.67219
G1 X198.955 Y95.078 E2997.69907
G1 X198.707 Y95.294 E2997.72095
G1 X198.481 Y95.454 E2997.73937
G1 X198.231 Y95.599 E2997.7586
G1 X197.946 Y95.73 E2997.77946
G1 X197.539 Y95.86 E2997.80788
G1 X197.221 Y95.921 E2997.82942
G1 X196.896 Y95.948 E2997.85112
G1 X196.513 Y95.938 E2997.8766
G1 X196.199 Y95.892 E2997.89771
G1 X195.875 Y95.809 E2997.91996
G1 X195.576 Y95.699 E2997.94115
G1 X195.291 Y95.558 E2997.9623
G1 X195.057 Y95.414 E2997.98058
G1 X194.828 Y95.242 E2997.99963
G1 X194.628 Y95.062 E2998.01753
G1 X194.373 Y94.78 E2998.04282
G1 X194.155 Y94.469 E2998.06809
G1 X194.01 Y94.201 E2998.08836
G1 X193.906 Y93.963 E2998.10563
G1 X193.817 Y93.697 E2998.12429
G1 X193.746 Y93.382 E2998.14577
G1 X193.708 Y93.072 E2998.16655
G1 X193.7 Y92.79 E2998.18531
G1 X193.726 Y92.445 E2998.20833
G1 X193.772 Y92.18 E2998.22622
G1 X193.841 Y91.922 E2998.24399
G1 X193.927 Y91.682 E2998.26094
G1 X194.067 Y91.386 E2998.28273
G1 X194.204 Y91.154 E2998.30065
G1 X194.373 Y90.92 E2998.31985
G1 X194.649 Y90.617 E2998.34711
G1 X194.842 Y90.446 E2998.36427
G1 X195.103 Y90.255 E2998.38578
G1 X195.386 Y90.091 E2998.40754
G1 X195.653 Y89.97 E2998.42704
G1 X196.06 Y89.84 E2998.45546
G1 X196.378 Y89.779 E2998.477
G1 X196.703 Y89.752 E2998.49869
G1 X197.086 Y89.762 E2998.52418
G1 X197.4 Y89.808 E2998.54529
G1 X197.724 Y89.891 E2998.56754
G1 X198.023 Y90.001 E2998.58873
G1 X198.325 Y90.151 E2998.61116
G1 X198.542 Y90.286 E2998.62816
G1 X198.771 Y90.458 E2998.64721
G1 X198.971 Y90.638 E2998.66511
G1 X199.221 Y90.914 E2998.68988
G0 F9000 X198.8 Y91.124
;TYPE:SKIN
G1 F1435.1 X199.2 Y91.766 E2998.70534
G1 X198 Y90.491 E2998.74113
G1 X196.8 Y90.201 E2998.76636
G1 X195.6 Y90.49 E2998.79158
G1 X194.8 Y91.122 E2998.81242
G1 X194.4 Y91.76 E2998.82781
G0 F9000 X194.4 Y92.041
G0 X194.4 Y93.652
G0 X194.4 Y93.934
G1 F1435.1 X194.8 Y94.575 E2998.84536
G1 X196 Y95.374 E2998.87884
G1 X197.2 Y95.465 E2998.90678
G1 X198.4 Y94.952 E2998.93709
G1 X199.2 Y93.933 E2998.96717
G1 F1500 E2997.96717
G0 F9000 X197.839 Y93.307
G0 X104.26 Y92.441
G0 X105.195 Y91.92
;TYPE:WALL-OUTER
G1 F1500 E2998.99378
G1 F1640.1 X105.03 Y91.627 E2999.01615
G1 X104.841 Y91.384 E2999.03663
G1 X104.615 Y91.164 E2999.05761
G1 X104.397 Y91.003 E2999.07564
G1 X104.163 Y90.871 E2999.09351
G1 X103.881 Y90.758 E2999.11372
G1 X103.582 Y90.683 E2999.13422
G1 X103.287 Y90.651 E2999.15396
G1 X103.161 Y90.65 E2999.16234
G1 X102.858 Y90.676 E2999.18257
G1 X102.566 Y90.744 E2999.20252
G1 X102.314 Y90.836 E2999.22036
G1 X102.066 Y90.964 E2999.23893
G1 X101.852 Y91.112 E2999.25623
G1 X101.59 Y91.351 E2999.27982
G1 X101.404 Y91.58 E2999.29945
G1 X101.258 Y91.817 E2999.31797
G1 X101.133 Y92.097 E2999.33836
G1 X101.043 Y92.419 E2999.3606
G1 X101 Y92.85 E2999.38942
G1 X101.022 Y93.16 E2999.41009
G1 X101.094 Y93.486 E2999.4323
G1 X101.206 Y93.78 E2999.45323
G1 X101.371 Y94.073 E2999.47559
G1 X101.56 Y94.316 E2999.49607
G1 X101.786 Y94.536 E2999.51705
G1 X102.004 Y94.697 E2999.53508
G1 X102.238 Y94.829 E2999.55295
G1 X102.52 Y94.942 E2999.57316
G1 X102.819 Y95.017 E2999.59367
G1 X103.114 Y95.049 E2999.6134
G1 X103.384 Y95.043 E2999.63137
G1 X103.688 Y94.996 E2999.65183
G1 X103.947 Y94.92 E2999.66979
G1 X104.201 Y94.81 E2999.6882
G1 X104.461 Y94.653 E2999.7084
G1 X104.728 Y94.434 E2999.73137
G1 X104.91 Y94.235 E2999.74931
G1 X105.067 Y94.015 E2999.76729
G1 X105.211 Y93.745 E2999.78765
G1 X105.316 Y93.455 E2999.80816
G1 X105.379 Y93.158 E2999.82836
G1 X105.4 Y92.887 E2999.84644
G1 X105.38 Y92.55 E2999.8689
G1 X105.318 Y92.25 E2999.88928
G1 X105.195 Y91.92 E2999.9127
G0 F9000 X105.845 Y91.231
G1 F1640.1 X105.984 Y91.487 E2999.93208
G1 X106.091 Y91.73 E2999.94974
G1 X106.183 Y92.003 E2999.96891
G1 X106.254 Y92.318 E2999.99039
G1 X106.292 Y92.623 E3000.01083
G1 X106.3 Y92.91 E3000.02993
G1 X106.274 Y93.253 E3000.05281
G1 X106.228 Y93.52 E3000.07083
G1 X106.159 Y93.778 E3000.0886
G1 X106.073 Y94.018 E3000.10556
G1 X105.94 Y94.301 E3000.12636
G1 X105.796 Y94.546 E3000.14526
G1 X105.628 Y94.779 E3000.16437
G1 X105.356 Y95.078 E3000.19126
G1 X105.108 Y95.294 E3000.21314
G1 X104.882 Y95.454 E3000.23156
G1 X104.632 Y95.599 E3000.25078
G1 X104.347 Y95.73 E3000.27165
G1 X103.94 Y95.86 E3000.30007
G1 X103.622 Y95.921 E3000.32161
G1 X103.297 Y95.948 E3000.3433
G1 X102.914 Y95.938 E3000.36879
G1 X102.6 Y95.892 E3000.3899
G1 X102.276 Y95.809 E3000.41214
G1 X101.977 Y95.699 E3000.43334
G1 X101.692 Y95.558 E3000.45449
G1 X101.458 Y95.414 E3000.47277
G1 X101.229 Y95.242 E3000.49182
G1 X101.029 Y95.062 E3000.50972
G1 X100.774 Y94.78 E3000.53501
G1 X100.556 Y94.469 E3000.56027
G1 X100.411 Y94.201 E3000.58054
G1 X100.307 Y93.963 E3000.59782
G1 X100.218 Y93.697 E3000.61648
G1 X100.147 Y93.382 E3000.63796
G1 X100.109 Y93.072 E3000.65873
G1 X100.101 Y92.79 E3000.6775
G1 X100.127 Y92.445 E3000.70051
G1 X100.173 Y92.18 E3000.7184
G1 X100.242 Y91.922 E3000.73617
G1 X100.328 Y91.682 E3000.75313
G1 X100.468 Y91.386 E3000.77491
G1 X100.605 Y91.154 E3000.79283
G1 X100.774 Y90.92 E3000.81203
G1 X101.05 Y90.617 E3000.8393
G1 X101.243 Y90.446 E3000.85645
G1 X101.504 Y90.255 E3000.87796
G1 X101.787 Y90.091 E3000.89972
G1 X102.054 Y89.97 E3000.91922
G1 X102.461 Y89.84 E3000.94764
G1 X102.779 Y89.779 E3000.96918
G1 X103.104 Y89.752 E3000.99087
G1 X103.487 Y89.762 E3001.01636
G1 X103.801 Y89.808 E3001.03747
G1 X104.125 Y89.891 E3001.05972
G1 X104.424 Y90.001 E3001.08091
G1 X104.726 Y90.151 E3001.10334
G1 X104.943 Y90.286 E3001.12034
G1 X105.172 Y90.458 E3001.13939
G1 X105.372 Y90.638 E3001.15729
G1 X105.622 Y90.914 E3001.18207
G1 X105.845 Y91.231 E3001.20785
G0 F9000 X105.599 Y91.764
;TYPE:SKIN
G1 F1435.1 X105.199 Y91.123 E3001.22431
G1 X103.999 Y90.323 E3001.25574
G1 X102.799 Y90.23 E3001.28197
G1 X101.599 Y90.743 E3001.31041
G1 X100.799 Y91.763 E3001.33866
G0 F9000 X100.799 Y92.045
G0 X100.799 Y93.657
G0 X100.799 Y93.936
G1 F1435.1 X101.199 Y94.574 E3001.35611
G1 X102.399 Y95.374 E3001.38953
G1 X103.599 Y95.465 E3001.41741
G1 X104.799 Y94.953 E3001.44764
G1 X105.599 Y93.936 E3001.47762
G1 F1500 E3000.47762
G0 F9000 X106.88 Y94.801
G0 X103.814 Y211.909
G0 X104.615 Y211.179
;TYPE:WALL-OUTER
G1 F1500 E3001.50423
G1 F1640.1 X104.397 Y211.018 E3001.52225
G1 X104.163 Y210.886 E3001.54013
G1 X103.881 Y210.773 E3001.56033
G1 X103.582 Y210.698 E3001.58084
G1 X103.287 Y210.666 E3001.60058
G1 X103.161 Y210.665 E3001.60896
G1 X102.858 Y210.691 E3001.62919
G1 X102.566 Y210.759 E3001.64913
G1 X102.314 Y210.851 E3001.66698
G1 X102.066 Y210.979 E3001.68554
G1 X101.852 Y211.127 E3001.70285
G1 X101.59 Y211.366 E3001.72644
G1 X101.404 Y211.595 E3001.74607
G1 X101.258 Y211.832 E3001.76458
G1 X101.133 Y212.112 E3001.78498
G1 X101.043 Y212.434 E3001.80722
G1 X101 Y212.865 E3001.83603
G1 X101.022 Y213.175 E3001.85671
G1 X101.094 Y213.501 E3001.87892
G1 X101.206 Y213.795 E3001.89984
G1 X101.371 Y214.088 E3001.92221
G1 X101.56 Y214.331 E3001.94269
G1 X101.786 Y214.551 E3001.96367
G1 X102.004 Y214.712 E3001.9817
G1 X102.238 Y214.844 E3001.99957
G1 X102.52 Y214.957 E3002.01978
G1 X102.819 Y215.032 E3002.04028
G1 X103.114 Y215.064 E3002.06002
G1 X103.384 Y215.058 E3002.07799
G1 X103.688 Y215.011 E3002.09845
G1 X103.947 Y214.935 E3002.11641
G1 X104.201 Y214.825 E3002.13482
G1 X104.461 Y214.668 E3002.15502
G1 X104.728 Y214.449 E3002.17799
G1 X104.91 Y214.25 E3002.19593
G1 X105.067 Y214.03 E3002.21391
G1 X105.211 Y213.76 E3002.23427
G1 X105.316 Y213.47 E3002.25478
G1 X105.379 Y213.173 E3002.27498
G1 X105.4 Y212.902 E3002.29306
G1 X105.38 Y212.565 E3002.31552
G1 X105.318 Y212.265 E3002.33589
G1 X105.195 Y211.935 E3002.35932
G1 X105.03 Y211.642 E3002.38169
G1 X104.841 Y211.399 E3002.40217
G1 X104.615 Y211.179 E3002.42315
G0 F9000 X105.622 Y210.929
G1 F1640.1 X105.845 Y211.246 E3002.44893
G1 X105.984 Y211.502 E3002.46831
G1 X106.091 Y211.745 E3002.48597
G1 X106.183 Y212.018 E3002.50513
G1 X106.254 Y212.333 E3002.52661
G1 X106.292 Y212.638 E3002.54706
G1 X106.3 Y212.925 E3002.56616
G1 X106.274 Y213.268 E3002.58904
G1 X106.228 Y213.535 E3002.60706
G1 X106.159 Y213.793 E3002.62483
G1 X106.073 Y214.033 E3002.64179
G1 X105.94 Y214.316 E3002.66259
G1 X105.796 Y214.561 E3002.68149
G1 X105.628 Y214.794 E3002.7006
G1 X105.356 Y215.093 E3002.72749
G1 X105.108 Y215.309 E3002.74936
G1 X104.882 Y215.469 E3002.76778
G1 X104.632 Y215.614 E3002.78701
G1 X104.347 Y215.745 E3002.80787
G1 X103.94 Y215.875 E3002.83629
G1 X103.622 Y215.936 E3002.85783
G1 X103.297 Y215.963 E3002.87953
G1 X102.914 Y215.953 E3002.90501
G1 X102.6 Y215.907 E3002.92612
G1 X102.276 Y215.824 E3002.94837
G1 X101.977 Y215.714 E3002.96956
G1 X101.692 Y215.573 E3002.99072
G1 X101.458 Y215.429 E3003.00899
G1 X101.229 Y215.257 E3003.02804
G1 X101.029 Y215.077 E3003.04594
G1 X100.774 Y214.795 E3003.07123
G1 X100.556 Y214.484 E3003.0965
G1 X100.411 Y214.216 E3003.11677
G1 X100.307 Y213.978 E3003.13404
G1 X100.218 Y213.712 E3003.1527
G1 X100.147 Y213.397 E3003.17418
G1 X100.109 Y213.087 E3003.19496
G1 X100.101 Y212.805 E3003.21372
G1 X100.127 Y212.46 E3003.23674
G1 X100.173 Y212.195 E3003.25463
G1 X100.242 Y211.937 E3003.2724
G1 X100.328 Y211.697 E3003.28935
G1 X100.468 Y211.401 E3003.31114
G1 X100.605 Y211.169 E3003.32906
G1 X100.774 Y210.935 E3003.34826
G1 X101.05 Y210.632 E3003.37552
G1 X101.243 Y210.461 E3003.39268
G1 X101.504 Y210.27 E3003.41419
G1 X101.787 Y210.106 E3003.43595
G1 X102.054 Y209.985 E3003.45545
G1 X102.461 Y209.855 E3003.48387
G1 X102.779 Y209.794 E3003.50541
G1 X103.104 Y209.767 E3003.5271
G1 X103.487 Y209.777 E3003.55259
G1 X103.801 Y209.823 E3003.5737
G1 X104.125 Y209.906 E3003.59595
G1 X104.424 Y210.016 E3003.61714
G1 X104.726 Y210.166 E3003.63957
G1 X104.943 Y210.301 E3003.65657
G1 X105.172 Y210.473 E3003.67562
G1 X105.372 Y210.653 E3003.69352
G1 X105.622 Y210.929 E3003.71829
G0 F9000 X105.199 Y211.139
;TYPE:SKIN
G1 F1435.1 X105.599 Y211.78 E3003.73374
G1 X104.399 Y210.507 E3003.76951
G1 X103.199 Y210.217 E3003.79476
G1 X101.999 Y210.506 E3003.82
G1 X101.199 Y211.139 E3003.84086
G1 X100.799 Y211.779 E3003.85629
G0 F9000 X100.799 Y212.061
G0 X100.799 Y213.673
G0 X100.799 Y213.952
G1 F1435.1 X101.199 Y214.59 E3003.87374
G1 X102.399 Y215.39 E3003.90715
G1 X103.599 Y215.481 E3003.93504
G1 X104.799 Y214.969 E3003.96526
G1 X105.599 Y213.952 E3003.99524
G1 F1500 E3002.99524
G0 F9000 X107.236 Y213.897
G0 X197.069 Y211.761
G0 X197.762 Y210.886
;TYPE:WALL-OUTER
G1 F1500 E3004.02185
G1 F1640.1 X197.48 Y210.773 E3004.04206
G1 X197.181 Y210.698 E3004.06257
G1 X196.886 Y210.666 E3004.08231
G1 X196.76 Y210.665 E3004.09069
G1 X196.457 Y210.691 E3004.11092
G1 X196.165 Y210.759 E3004.13086
G1 X195.913 Y210.851 E3004.14871
G1 X195.665 Y210.979 E3004.16727
G1 X195.451 Y211.127 E3004.18458
G1 X195.189 Y211.366 E3004.20817
G1 X195.003 Y211.595 E3004.22779
G1 X194.857 Y211.832 E3004.24631
G1 X194.732 Y212.112 E3004.26671
G1 X194.642 Y212.434 E3004.28895
G1 X194.6 Y212.828 E3004.31531
G1 X194.62 Y213.165 E3004.33776
G1 X194.682 Y213.465 E3004.35814
G1 X194.805 Y213.795 E3004.38157
G1 X194.97 Y214.088 E3004.40394
G1 X195.159 Y214.331 E3004.42441
G1 X195.385 Y214.551 E3004.4454
G1 X195.603 Y214.712 E3004.46342
G1 X195.837 Y214.844 E3004.48129
G1 X196.119 Y214.957 E3004.5015
G1 X196.418 Y215.032 E3004.52201
G1 X196.713 Y215.064 E3004.54175
G1 X196.983 Y215.058 E3004.55971
G1 X197.287 Y215.011 E3004.58017
G1 X197.546 Y214.935 E3004.59813
G1 X197.8 Y214.825 E3004.61654
G1 X198.06 Y214.668 E3004.63675
G1 X198.327 Y214.449 E3004.65972
G1 X198.509 Y214.25 E3004.67766
G1 X198.666 Y214.03 E3004.69563
G1 X198.81 Y213.76 E3004.71599
G1 X198.915 Y213.47 E3004.73651
G1 X198.978 Y213.173 E3004.7567
G1 X198.999 Y212.902 E3004.77478
G1 X198.979 Y212.565 E3004.79724
G1 X198.917 Y212.265 E3004.81762
G1 X198.794 Y211.935 E3004.84105
G1 X198.629 Y211.642 E3004.86341
G1 X198.44 Y211.399 E3004.88389
G1 X198.214 Y211.179 E3004.90487
G1 X197.996 Y211.018 E3004.9229
G1 X197.762 Y210.886 E3004.94077
G0 F9000 X198.023 Y210.016
G1 F1640.1 X198.325 Y210.166 E3004.9632
G1 X198.542 Y210.301 E3004.9802
G1 X198.771 Y210.473 E3004.99925
G1 X198.971 Y210.653 E3005.01715
G1 X199.221 Y210.929 E3005.04192
G1 X199.444 Y211.246 E3005.06771
G1 X199.583 Y211.502 E3005.08708
G1 X199.69 Y211.745 E3005.10475
G1 X199.782 Y212.018 E3005.12391
G1 X199.853 Y212.333 E3005.14539
G1 X199.891 Y212.638 E3005.16583
G1 X199.899 Y212.925 E3005.18493
G1 X199.873 Y213.268 E3005.20781
G1 X199.827 Y213.535 E3005.22584
G1 X199.758 Y213.793 E3005.2436
G1 X199.672 Y214.033 E3005.26056
G1 X199.539 Y214.316 E3005.28136
G1 X199.395 Y214.561 E3005.30027
G1 X199.227 Y214.794 E3005.31937
G1 X198.955 Y215.093 E3005.34626
G1 X198.707 Y215.309 E3005.36814
G1 X198.481 Y215.469 E3005.38656
G1 X198.231 Y215.614 E3005.40578
G1 X197.946 Y215.745 E3005.42665
G1 X197.539 Y215.875 E3005.45507
G1 X197.221 Y215.936 E3005.47661
G1 X196.896 Y215.963 E3005.4983
G1 X196.513 Y215.953 E3005.52379
G1 X196.199 Y215.907 E3005.5449
G1 X195.875 Y215.824 E3005.56715
G1 X195.576 Y215.714 E3005.58834
G1 X195.291 Y215.573 E3005.60949
G1 X195.057 Y215.429 E3005.62777
G1 X194.828 Y215.257 E3005.64682
G1 X194.628 Y215.077 E3005.66472
G1 X194.373 Y214.795 E3005.69001
G1 X194.155 Y214.484 E3005.71527
G1 X194.01 Y214.216 E3005.73554
G1 X193.906 Y213.978 E3005.75282
G1 X193.817 Y213.712 E3005.77148
G1 X193.746 Y213.397 E3005.79296
G1 X193.708 Y213.087 E3005.81373
G1 X193.7 Y212.805 E3005.8325
G1 X193.726 Y212.46 E3005.85552
G1 X193.772 Y212.195 E3005.87341
G1 X193.841 Y211.937 E3005.89117
G1 X193.927 Y211.697 E3005.90813
G1 X194.067 Y211.401 E3005.92991
G1 X194.204 Y211.169 E3005.94784
G1 X194.373 Y210.935 E3005.96704
G1 X194.649 Y210.632 E3005.9943
G1 X194.842 Y210.461 E3006.01145
G1 X195.103 Y210.27 E3006.03297
G1 X195.386 Y210.106 E3006.05472
G1 X195.653 Y209.985 E3006.07422
G1 X196.06 Y209.855 E3006.10265
G1 X196.378 Y209.794 E3006.12418
G1 X196.703 Y209.767 E3006.14588
G1 X197.086 Y209.777 E3006.17136
G1 X197.4 Y209.823 E3006.19247
G1 X197.724 Y209.906 E3006.21472
G1 X198.023 Y210.016 E3006.23592
G0 F9000 X197.999 Y210.506
;TYPE:SKIN
G1 F1435.1 X198.399 Y210.756 E3006.24898
G1 X199.199 Y211.781 E3006.28499
G0 F9000 X199.199 Y212.063
G0 X199.199 Y213.666
G0 X199.199 Y213.948
G1 F1435.1 X198.799 Y214.591 E3006.30257
G1 X197.599 Y215.385 E3006.33597
G1 X196.399 Y215.481 E3006.36391
G1 X195.199 Y214.973 E3006.39416
G1 X194.399 Y213.949 E3006.42432
G0 F9000 X194.399 Y213.667
G0 X194.399 Y212.056
G0 X194.399 Y211.775
G1 F1435.1 X194.799 Y211.137 E3006.44265
G1 X195.999 Y210.342 E3006.47769
G1 X197.199 Y210.247 E3006.50699
G0 F9000 X197.599 Y210.458
G1 F1435.1 X197.599 Y210.22 E3006.5149
G1 F1500 E3005.5149
;MESH:NONMESH
G0 F300 X197.599 Y210.22 Z6
G0 F9000 X197.828 Y208.829
G0 X197.741 Y92.216
G0 X198.439 Y91.383
;TIME_ELAPSED:6134.688103
;LAYER:29
;TYPE:WALL-OUTER
;MESH:Top of Case V2.STL
G1 F1500 E3006.54151
G1 F1760.7 X198.214 Y91.164 E3006.5624
G1 X197.996 Y91.003 E3006.58043
G1 X197.764 Y90.872 E3006.59815
G1 X197.48 Y90.758 E3006.61851
G1 X197.181 Y90.683 E3006.63901
G1 X196.885 Y90.651 E3006.65882
G1 X196.76 Y90.65 E3006.66713
G1 X196.457 Y90.677 E3006.68737
G1 X196.192 Y90.736 E3006.70543
G1 X195.912 Y90.836 E3006.7252
G1 X195.664 Y90.965 E3006.7438
G1 X195.445 Y91.116 E3006.7615
G1 X195.169 Y91.373 E3006.78658
G1 X194.975 Y91.62 E3006.80747
G1 X194.804 Y91.922 E3006.83056
G1 X194.684 Y92.246 E3006.85354
G1 X194.621 Y92.542 E3006.87367
G1 X194.6 Y92.813 E3006.89176
G1 X194.62 Y93.152 E3006.91435
G1 X194.693 Y93.486 E3006.93709
G1 X194.805 Y93.78 E3006.95802
G1 X194.975 Y94.08 E3006.98095
G1 X195.16 Y94.317 E3007.00095
G1 X195.385 Y94.536 E3007.02184
G1 X195.601 Y94.695 E3007.03968
G1 X195.835 Y94.828 E3007.05759
G1 X196.119 Y94.942 E3007.07794
G1 X196.418 Y95.017 E3007.09845
G1 X196.714 Y95.049 E3007.11825
G1 X196.984 Y95.043 E3007.13622
G1 X197.286 Y94.996 E3007.15655
G1 X197.687 Y94.864 E3007.18463
G1 X197.935 Y94.735 E3007.20323
G1 X198.154 Y94.584 E3007.22092
G1 X198.43 Y94.327 E3007.24601
G1 X198.624 Y94.08 E3007.2669
G1 X198.795 Y93.778 E3007.28999
G1 X198.915 Y93.454 E3007.31297
G1 X198.978 Y93.158 E3007.3331
G1 X198.999 Y92.887 E3007.35118
G1 X198.979 Y92.548 E3007.37377
G1 X198.906 Y92.214 E3007.39651
G1 X198.794 Y91.92 E3007.41744
G1 X198.624 Y91.62 E3007.44038
G1 X198.439 Y91.383 E3007.46038
G0 F9000 X199.108 Y90.781
G1 F1760.7 X199.303 Y91.022 E3007.481
G1 X199.454 Y91.247 E3007.49903
G1 X199.589 Y91.499 E3007.51804
G1 X199.697 Y91.749 E3007.53616
G1 X199.791 Y92.039 E3007.55644
G1 X199.872 Y92.443 E3007.58385
G1 X199.897 Y92.732 E3007.60314
G1 X199.895 Y93.036 E3007.62337
G1 X199.861 Y93.34 E3007.64371
G1 X199.807 Y93.604 E3007.66164
G1 X199.73 Y93.863 E3007.67961
G1 X199.614 Y94.151 E3007.70027
G1 X199.454 Y94.453 E3007.723
G1 X199.231 Y94.773 E3007.74895
G1 X199.058 Y94.975 E3007.76664
G1 X198.834 Y95.188 E3007.7872
G1 X198.616 Y95.362 E3007.80575
G1 X198.385 Y95.514 E3007.82415
G1 X198.105 Y95.661 E3007.84518
G1 X197.841 Y95.769 E3007.86416
G1 X197.539 Y95.86 E3007.88514
G1 X197.207 Y95.923 E3007.90762
G1 X196.899 Y95.948 E3007.92817
G1 X196.516 Y95.938 E3007.95366
G1 X196.239 Y95.9 E3007.97226
G1 X195.987 Y95.842 E3007.98946
G1 X195.666 Y95.736 E3008.01195
G1 X195.431 Y95.633 E3008.02901
G1 X195.182 Y95.495 E3008.04795
G1 X194.927 Y95.32 E3008.06853
G1 X194.719 Y95.147 E3008.08652
G1 X194.491 Y94.919 E3008.10797
G1 X194.288 Y94.667 E3008.1295
G1 X194.145 Y94.453 E3008.14662
G1 X194.008 Y94.198 E3008.16587
G1 X193.902 Y93.951 E3008.18375
G1 X193.807 Y93.655 E3008.20443
G1 X193.727 Y93.257 E3008.23144
G1 X193.702 Y92.963 E3008.25106
G1 X193.704 Y92.662 E3008.27109
G1 X193.738 Y92.36 E3008.2913
G1 X193.792 Y92.096 E3008.30923
G1 X193.869 Y91.837 E3008.3272
G1 X193.985 Y91.549 E3008.34786
G1 X194.146 Y91.245 E3008.37074
G1 X194.372 Y90.921 E3008.39702
G1 X194.541 Y90.725 E3008.41423
G1 X194.772 Y90.505 E3008.43545
G1 X194.987 Y90.335 E3008.45368
G1 X195.259 Y90.16 E3008.4752
G1 X195.485 Y90.043 E3008.49213
G1 X195.758 Y89.931 E3008.51176
G1 X196.06 Y89.84 E3008.53274
G1 X196.392 Y89.777 E3008.55522
G1 X196.7 Y89.752 E3008.57577
G1 X197.083 Y89.762 E3008.60126
G1 X197.36 Y89.8 E3008.61986
G1 X197.612 Y89.858 E3008.63706
G1 X197.933 Y89.964 E3008.65955
G1 X198.165 Y90.066 E3008.6764
G1 X198.417 Y90.205 E3008.69555
G1 X198.672 Y90.38 E3008.71612
G1 X198.88 Y90.553 E3008.73412
G1 X199.108 Y90.781 E3008.75557
G0 F9000 X198.869 Y91.2
;TYPE:SKIN
G1 F1540.6 X198.47 Y90.8 E3008.76592
G1 X197.757 Y90.4 E3008.7809
G1 X195.841 Y90.4 E3008.81602
G1 X194.731 Y91.2 E3008.84109
G1 X194.19 Y92.4 E3008.86522
G1 X194.259 Y93.6 E3008.88724
G1 X195.012 Y94.8 E3008.91321
G1 X195.604 Y95.2 E3008.9263
G1 X196.771 Y95.6 E3008.94891
G1 X197.993 Y95.2 E3008.97247
G1 X198.939 Y94.4 E3008.99518
G1 X199.425 Y93.2 E3009.0189
G1 X199.305 Y92 E3009.04101
G1 X199.13 Y91.6 E3009.04901
G1 F1500 E3008.04901
G0 F9000 X197.739 Y92.212
G0 X104.261 Y92.446
G0 X105.195 Y91.92
;TYPE:WALL-OUTER
G1 F1500 E3009.07562
G1 F1760.7 X105.025 Y91.62 E3009.09855
G1 X104.84 Y91.383 E3009.11855
G1 X104.615 Y91.164 E3009.13944
G1 X104.397 Y91.003 E3009.15747
G1 X104.165 Y90.872 E3009.17519
G1 X103.881 Y90.758 E3009.19555
G1 X103.582 Y90.683 E3009.21605
G1 X103.286 Y90.651 E3009.23586
G1 X103.161 Y90.65 E3009.24417
G1 X102.858 Y90.677 E3009.26441
G1 X102.593 Y90.736 E3009.28247
G1 X102.313 Y90.836 E3009.30225
G1 X102.065 Y90.965 E3009.32084
G1 X101.846 Y91.116 E3009.33854
G1 X101.57 Y91.373 E3009.36362
G1 X101.376 Y91.62 E3009.38451
G1 X101.205 Y91.922 E3009.4076
G1 X101.085 Y92.246 E3009.43058
G1 X101.022 Y92.542 E3009.45072
G1 X101 Y92.85 E3009.47126
G1 X101.022 Y93.16 E3009.49193
G1 X101.094 Y93.486 E3009.51414
G1 X101.206 Y93.78 E3009.53507
G1 X101.376 Y94.08 E3009.558
G1 X101.561 Y94.317 E3009.578
G1 X101.786 Y94.536 E3009.59889
G1 X102.002 Y94.695 E3009.61673
G1 X102.236 Y94.828 E3009.63463
G1 X102.52 Y94.942 E3009.65499
G1 X102.819 Y95.017 E3009.6755
G1 X103.115 Y95.049 E3009.6953
G1 X103.385 Y95.043 E3009.71327
G1 X103.687 Y94.996 E3009.7336
G1 X104.088 Y94.864 E3009.76168
G1 X104.336 Y94.735 E3009.78028
G1 X104.555 Y94.584 E3009.79797
G1 X104.831 Y94.327 E3009.82306
G1 X105.025 Y94.08 E3009.84395
G1 X105.196 Y93.778 E3009.86704
G1 X105.316 Y93.454 E3009.89002
G1 X105.379 Y93.158 E3009.91015
G1 X105.4 Y92.887 E3009.92823
G1 X105.38 Y92.548 E3009.95082
G1 X105.307 Y92.214 E3009.97356
G1 X105.195 Y91.92 E3009.99449
G0 F9000 X106.192 Y92.039
G1 F1760.7 X106.273 Y92.443 E3010.0219
G1 X106.298 Y92.732 E3010.0412
G1 X106.296 Y93.036 E3010.06142
G1 X106.262 Y93.34 E3010.08177
G1 X106.208 Y93.604 E3010.09969
G1 X106.131 Y93.863 E3010.11767
G1 X106.015 Y94.151 E3010.13832
G1 X105.855 Y94.453 E3010.16105
G1 X105.632 Y94.773 E3010.187
G1 X105.459 Y94.975 E3010.20469
G1 X105.235 Y95.188 E3010.22525
G1 X105.017 Y95.362 E3010.24381
G1 X104.786 Y95.514 E3010.2622
G1 X104.506 Y95.661 E3010.28324
G1 X104.242 Y95.769 E3010.30221
G1 X103.94 Y95.86 E3010.32319
G1 X103.608 Y95.923 E3010.34567
G1 X103.3 Y95.948 E3010.36623
G1 X102.917 Y95.938 E3010.39171
G1 X102.64 Y95.9 E3010.41031
G1 X102.388 Y95.842 E3010.42751
G1 X102.067 Y95.736 E3010.45
G1 X101.832 Y95.633 E3010.46707
G1 X101.583 Y95.495 E3010.48601
G1 X101.328 Y95.32 E3010.50658
G1 X101.12 Y95.147 E3010.52458
G1 X100.892 Y94.919 E3010.54602
G1 X100.689 Y94.667 E3010.56755
G1 X100.546 Y94.453 E3010.58467
G1 X100.409 Y94.198 E3010.60393
G1 X100.303 Y93.951 E3010.62181
G1 X100.208 Y93.655 E3010.64249
G1 X100.128 Y93.257 E3010.66949
G1 X100.103 Y92.963 E3010.68912
G1 X100.105 Y92.662 E3010.70914
G1 X100.139 Y92.36 E3010.72936
G1 X100.193 Y92.096 E3010.74728
G1 X100.27 Y91.837 E3010.76526
G1 X100.386 Y91.549 E3010.78591
G1 X100.547 Y91.245 E3010.80879
G1 X100.773 Y90.921 E3010.83507
G1 X100.942 Y90.725 E3010.85228
G1 X101.173 Y90.505 E3010.8735
G1 X101.388 Y90.335 E3010.89174
G1 X101.66 Y90.16 E3010.91325
G1 X101.886 Y90.043 E3010.93018
G1 X102.159 Y89.931 E3010.94981
G1 X102.461 Y89.84 E3010.97079
G1 X102.793 Y89.777 E3010.99327
G1 X103.101 Y89.752 E3011.01383
G1 X103.484 Y89.762 E3011.03931
G1 X103.761 Y89.8 E3011.05791
G1 X104.013 Y89.858 E3011.07511
G1 X104.334 Y89.964 E3011.0976
G1 X104.566 Y90.066 E3011.11446
G1 X104.818 Y90.205 E3011.1336
G1 X105.073 Y90.38 E3011.15417
G1 X105.281 Y90.553 E3011.17217
G1 X105.509 Y90.781 E3011.19362
G1 X105.704 Y91.022 E3011.21424
G1 X105.855 Y91.247 E3011.23227
G1 X105.99 Y91.499 E3011.25128
G1 X106.098 Y91.749 E3011.2694
G1 X106.192 Y92.039 E3011.28968
G0 F9000 X105.706 Y92
;TYPE:SKIN
G1 F1540.6 X105.531 Y91.6 E3011.29763
G1 X104.87 Y90.8 E3011.31654
G1 X104.155 Y90.4 E3011.33147
G1 X102.245 Y90.4 E3011.36627
G1 X101.133 Y91.2 E3011.39124
G1 X100.591 Y92.4 E3011.41523
G1 X100.66 Y93.6 E3011.43713
G1 X101.412 Y94.8 E3011.46294
G1 X102.004 Y95.2 E3011.47595
G1 X103.175 Y95.6 E3011.4985
G1 X104.396 Y95.2 E3011.52191
G1 X105.341 Y94.4 E3011.54448
G1 X105.826 Y93.2 E3011.56806
G1 X105.806 Y92.4 E3011.58264
G1 F1500 E3010.58264
G0 F9000 X104.336 Y92.878
G0 X103.825 Y211.916
G0 X104.615 Y211.179
;TYPE:WALL-OUTER
G1 F1500 E3011.60925
G1 F1760.7 X104.397 Y211.018 E3011.62728
G1 X104.165 Y210.887 E3011.645
G1 X103.881 Y210.773 E3011.66536
G1 X103.582 Y210.698 E3011.68586
G1 X103.286 Y210.666 E3011.70567
G1 X103.161 Y210.665 E3011.71398
G1 X102.858 Y210.692 E3011.73422
G1 X102.593 Y210.751 E3011.75228
G1 X102.313 Y210.851 E3011.77206
G1 X102.065 Y210.98 E3011.79065
G1 X101.846 Y211.131 E3011.80835
G1 X101.57 Y211.388 E3011.83343
G1 X101.376 Y211.635 E3011.85432
G1 X101.205 Y211.937 E3011.87741
G1 X101.085 Y212.261 E3011.90039
G1 X101.022 Y212.557 E3011.92053
G1 X101 Y212.865 E3011.94107
G1 X101.022 Y213.175 E3011.96174
G1 X101.094 Y213.501 E3011.98395
G1 X101.206 Y213.795 E3012.00488
G1 X101.376 Y214.095 E3012.02781
G1 X101.561 Y214.332 E3012.04781
G1 X101.786 Y214.551 E3012.0687
G1 X102.002 Y214.71 E3012.08654
G1 X102.236 Y214.843 E3012.10444
G1 X102.52 Y214.957 E3012.1248
G1 X102.819 Y215.032 E3012.14531
G1 X103.115 Y215.064 E3012.16511
G1 X103.385 Y215.058 E3012.18308
G1 X103.687 Y215.011 E3012.20341
G1 X104.088 Y214.879 E3012.23149
G1 X104.336 Y214.75 E3012.25009
G1 X104.555 Y214.599 E3012.26778
G1 X104.831 Y214.342 E3012.29287
G1 X105.025 Y214.095 E3012.31376
G1 X105.196 Y213.793 E3012.33685
G1 X105.316 Y213.469 E3012.35983
G1 X105.379 Y213.173 E3012.37996
G1 X105.4 Y212.902 E3012.39804
G1 X105.38 Y212.563 E3012.42063
G1 X105.307 Y212.229 E3012.44337
G1 X105.195 Y211.935 E3012.4643
G1 X105.025 Y211.635 E3012.48724
G1 X104.84 Y211.398 E3012.50724
G1 X104.615 Y211.179 E3012.52812
G0 F9000 X105.509 Y210.796
G1 F1760.7 X105.704 Y211.037 E3012.54875
G1 X105.855 Y211.262 E3012.56677
G1 X105.99 Y211.514 E3012.58579
G1 X106.098 Y211.764 E3012.6039
G1 X106.192 Y212.054 E3012.62418
G1 X106.273 Y212.458 E3012.65159
G1 X106.298 Y212.747 E3012.67089
G1 X106.296 Y213.051 E3012.69111
G1 X106.262 Y213.355 E3012.71146
G1 X106.208 Y213.619 E3012.72938
G1 X106.131 Y213.878 E3012.74736
G1 X106.015 Y214.166 E3012.76801
G1 X105.855 Y214.468 E3012.79075
G1 X105.632 Y214.788 E3012.81669
G1 X105.459 Y214.99 E3012.83438
G1 X105.235 Y215.203 E3012.85494
G1 X105.017 Y215.377 E3012.8735
G1 X104.786 Y215.529 E3012.89189
G1 X104.506 Y215.676 E3012.91293
G1 X104.242 Y215.784 E3012.9319
G1 X103.94 Y215.875 E3012.95288
G1 X103.608 Y215.938 E3012.97536
G1 X103.3 Y215.963 E3012.99592
G1 X102.917 Y215.953 E3013.02141
G1 X102.64 Y215.915 E3013.04
G1 X102.388 Y215.857 E3013.05721
G1 X102.067 Y215.751 E3013.07969
G1 X101.832 Y215.648 E3013.09676
G1 X101.583 Y215.51 E3013.1157
G1 X101.328 Y215.335 E3013.13627
G1 X101.12 Y215.162 E3013.15427
G1 X100.892 Y214.934 E3013.17572
G1 X100.689 Y214.682 E3013.19724
G1 X100.546 Y214.468 E3013.21436
G1 X100.409 Y214.213 E3013.23362
G1 X100.303 Y213.966 E3013.2515
G1 X100.208 Y213.67 E3013.27218
G1 X100.128 Y213.272 E3013.29918
G1 X100.103 Y212.978 E3013.31881
G1 X100.105 Y212.677 E3013.33883
G1 X100.139 Y212.375 E3013.35905
G1 X100.193 Y212.111 E3013.37697
G1 X100.27 Y211.852 E3013.39495
G1 X100.386 Y211.564 E3013.4156
G1 X100.547 Y211.26 E3013.43848
G1 X100.773 Y210.936 E3013.46476
G1 X100.942 Y210.74 E3013.48198
G1 X101.173 Y210.52 E3013.5032
G1 X101.388 Y210.35 E3013.52143
G1 X101.66 Y210.175 E3013.54294
G1 X101.886 Y210.058 E3013.55987
G1 X102.159 Y209.946 E3013.5795
G1 X102.461 Y209.855 E3013.60048
G1 X102.793 Y209.792 E3013.62296
G1 X103.101 Y209.767 E3013.64352
G1 X103.484 Y209.777 E3013.669
G1 X103.761 Y209.815 E3013.6876
G1 X104.013 Y209.873 E3013.7048
G1 X104.334 Y209.979 E3013.72729
G1 X104.566 Y210.081 E3013.74415
G1 X104.818 Y210.22 E3013.76329
G1 X105.073 Y210.395 E3013.78387
G1 X105.281 Y210.568 E3013.80186
G1 X105.509 Y210.796 E3013.82331
G0 F9000 X105.257 Y211.2
;TYPE:SKIN
G1 F1540.6 X104.85 Y210.8 E3013.83414
G1 X104.111 Y210.4 E3013.8501
G1 X102.292 Y210.4 E3013.88463
G1 X101.144 Y211.2 E3013.91119
G1 X100.593 Y212.4 E3013.93626
G1 X100.653 Y213.6 E3013.95907
G1 X101.395 Y214.8 E3013.98585
G1 X101.973 Y215.2 E3013.99919
G1 X103.196 Y215.6 E3014.02362
G1 X104.429 Y215.2 E3014.04823
G1 X105.352 Y214.4 E3014.07142
G1 X105.827 Y213.2 E3014.09592
G1 X105.699 Y212 E3014.11883
G1 X105.522 Y211.6 E3014.12713
G1 F1500 E3013.12713
G0 F9000 X106.95 Y211.055
G0 X197.069 Y211.761
G0 X197.764 Y210.887
;TYPE:WALL-OUTER
G1 F1500 E3014.15374
G1 F1760.7 X197.48 Y210.773 E3014.1741
G1 X197.181 Y210.698 E3014.1946
G1 X196.885 Y210.666 E3014.21441
G1 X196.76 Y210.665 E3014.22272
G1 X196.457 Y210.692 E3014.24296
G1 X196.192 Y210.751 E3014.26102
G1 X195.912 Y210.851 E3014.28079
G1 X195.664 Y210.98 E3014.29939
G1 X195.445 Y211.131 E3014.31708
G1 X195.169 Y211.388 E3014.34217
G1 X194.975 Y211.635 E3014.36306
G1 X194.804 Y211.937 E3014.38615
G1 X194.684 Y212.261 E3014.40913
G1 X194.621 Y212.557 E3014.42926
G1 X194.6 Y212.828 E3014.44735
G1 X194.62 Y213.167 E3014.46993
G1 X194.693 Y213.501 E3014.49268
G1 X194.805 Y213.795 E3014.51361
G1 X194.975 Y214.095 E3014.53654
G1 X195.16 Y214.332 E3014.55654
G1 X195.385 Y214.551 E3014.57743
G1 X195.601 Y214.71 E3014.59527
G1 X195.835 Y214.843 E3014.61317
G1 X196.119 Y214.957 E3014.63353
G1 X196.418 Y215.032 E3014.65404
G1 X196.714 Y215.064 E3014.67384
G1 X196.984 Y215.058 E3014.69181
G1 X197.286 Y215.011 E3014.71214
G1 X197.687 Y214.879 E3014.74022
G1 X197.935 Y214.75 E3014.75882
G1 X198.154 Y214.599 E3014.77651
G1 X198.43 Y214.342 E3014.8016
G1 X198.624 Y214.095 E3014.82249
G1 X198.795 Y213.793 E3014.84558
G1 X198.915 Y213.469 E3014.86856
G1 X198.978 Y213.173 E3014.88869
G1 X198.999 Y212.902 E3014.90677
G1 X198.979 Y212.563 E3014.92936
G1 X198.906 Y212.229 E3014.9521
G1 X198.794 Y211.935 E3014.97303
G1 X198.624 Y211.635 E3014.99597
G1 X198.439 Y211.398 E3015.01597
G1 X198.214 Y211.179 E3015.03685
G1 X197.996 Y211.018 E3015.05488
G1 X197.764 Y210.887 E3015.07261
G0 F9000 X198.417 Y210.22
G1 F1760.7 X198.672 Y210.395 E3015.09318
G1 X198.88 Y210.568 E3015.11117
G1 X199.108 Y210.796 E3015.13262
G1 X199.303 Y211.037 E3015.15325
G1 X199.454 Y211.262 E3015.17127
G1 X199.589 Y211.514 E3015.19029
G1 X199.697 Y211.764 E3015.2084
G1 X199.791 Y212.054 E3015.22868
G1 X199.872 Y212.458 E3015.25609
G1 X199.897 Y212.747 E3015.27539
G1 X199.895 Y213.051 E3015.29561
G1 X199.861 Y213.355 E3015.31596
G1 X199.807 Y213.619 E3015.33388
G1 X199.73 Y213.878 E3015.35186
G1 X199.614 Y214.166 E3015.37251
G1 X199.454 Y214.468 E3015.39524
G1 X199.231 Y214.788 E3015.42119
G1 X199.058 Y214.99 E3015.43888
G1 X198.834 Y215.203 E3015.45944
G1 X198.616 Y215.377 E3015.478
G1 X198.385 Y215.529 E3015.49639
G1 X198.105 Y215.676 E3015.51743
G1 X197.841 Y215.784 E3015.5364
G1 X197.539 Y215.875 E3015.55738
G1 X197.207 Y215.938 E3015.57986
G1 X196.899 Y215.963 E3015.60042
G1 X196.516 Y215.953 E3015.6259
G1 X196.239 Y215.915 E3015.6445
G1 X195.987 Y215.857 E3015.6617
G1 X195.666 Y215.751 E3015.68419
G1 X195.431 Y215.648 E3015.70126
G1 X195.182 Y215.51 E3015.7202
G1 X194.927 Y215.335 E3015.74077
G1 X194.719 Y215.162 E3015.75877
G1 X194.491 Y214.934 E3015.78021
G1 X194.288 Y214.682 E3015.80174
G1 X194.145 Y214.468 E3015.81886
G1 X194.008 Y214.213 E3015.83812
G1 X193.902 Y213.966 E3015.856
G1 X193.807 Y213.67 E3015.87668
G1 X193.727 Y213.272 E3015.90368
G1 X193.702 Y212.978 E3015.92331
G1 X193.704 Y212.677 E3015.94333
G1 X193.738 Y212.375 E3015.96355
G1 X193.792 Y212.111 E3015.98147
G1 X193.869 Y211.852 E3015.99945
G1 X193.985 Y211.564 E3016.0201
G1 X194.146 Y211.26 E3016.04298
G1 X194.372 Y210.936 E3016.06926
G1 X194.541 Y210.74 E3016.08648
G1 X194.772 Y210.52 E3016.1077
G1 X194.987 Y210.35 E3016.12593
G1 X195.259 Y210.175 E3016.14744
G1 X195.485 Y210.058 E3016.16437
G1 X195.758 Y209.946 E3016.184
G1 X196.06 Y209.855 E3016.20498
G1 X196.392 Y209.792 E3016.22746
G1 X196.7 Y209.767 E3016.24802
G1 X197.083 Y209.777 E3016.2735
G1 X197.36 Y209.815 E3016.2921
G1 X197.612 Y209.873 E3016.3093
G1 X197.933 Y209.979 E3016.33179
G1 X198.165 Y210.081 E3016.34865
G1 X198.417 Y210.22 E3016.36779
G0 F9000 X197.711 Y210.4
;TYPE:SKIN
G1 F1540.6 X198.45 Y210.8 E3016.38437
G1 X199.299 Y212 E3016.41338
G1 X199.427 Y213.2 E3016.4372
G1 X198.952 Y214.4 E3016.46266
G1 X198.029 Y215.2 E3016.48677
G1 X196.796 Y215.6 E3016.51235
G1 X195.573 Y215.2 E3016.53774
G1 X194.645 Y214.4 E3016.56192
G1 X194.172 Y213.2 E3016.58737
G1 X194.299 Y212 E3016.61118
G1 X195.149 Y210.8 E3016.6402
G0 F9000 X195.554 Y210.4
G1 F1540.6 X196.23 Y210.4 E3016.66269
G1 F1500 E3015.66269
;MESH:NONMESH
G0 F300 X196.23 Y210.4 Z6.2
G0 F9000 X196.006 Y208.776
G0 X197.739 Y92.212
G0 X198.357 Y91.296
;TIME_ELAPSED:6147.709077
;LAYER:30
;TYPE:WALL-OUTER
;MESH:Top of Case V2.STL
G1 F1500 E3016.68929
G1 F1634.5 X198.157 Y91.119 E3016.70706
G1 X197.868 Y90.927 E3016.73014
G1 X197.624 Y90.81 E3016.74814
G1 X197.332 Y90.715 E3016.76857
G1 X197.029 Y90.662 E3016.78903
G1 X196.76 Y90.65 E3016.80694
G1 X196.458 Y90.676 E3016.8271
G1 X196.2 Y90.733 E3016.84468
G1 X195.94 Y90.825 E3016.86303
G1 X195.665 Y90.964 E3016.88352
G1 X195.382 Y91.167 E3016.90669
G1 X195.139 Y91.406 E3016.92936
G1 X194.974 Y91.621 E3016.94739
G1 X194.805 Y91.92 E3016.97024
G1 X194.695 Y92.207 E3016.99068
G1 X194.633 Y92.468 E3017.00853
G1 X194.601 Y92.772 E3017.02886
G1 X194.607 Y93.04 E3017.04669
G1 X194.648 Y93.308 E3017.06473
G1 X194.745 Y93.639 E3017.08767
G1 X194.89 Y93.944 E3017.11014
G1 X195.065 Y94.203 E3017.13093
G1 X195.242 Y94.404 E3017.14875
G1 X195.442 Y94.581 E3017.16651
G1 X195.731 Y94.773 E3017.18959
G1 X195.975 Y94.89 E3017.20759
G1 X196.267 Y94.985 E3017.22802
G1 X196.57 Y95.038 E3017.24848
G1 X196.839 Y95.05 E3017.26639
G1 X197.141 Y95.024 E3017.28656
G1 X197.399 Y94.967 E3017.30413
G1 X197.659 Y94.875 E3017.32248
G1 X197.934 Y94.736 E3017.34298
G1 X198.217 Y94.533 E3017.36614
G1 X198.46 Y94.294 E3017.38882
G1 X198.625 Y94.079 E3017.40684
G1 X198.794 Y93.78 E3017.42969
G1 X198.904 Y93.493 E3017.45014
G1 X198.966 Y93.232 E3017.46798
G1 X198.998 Y92.928 E3017.48831
G1 X198.992 Y92.66 E3017.50615
G1 X198.951 Y92.392 E3017.52418
G1 X198.854 Y92.061 E3017.54713
G1 X198.709 Y91.756 E3017.56959
G1 X198.534 Y91.497 E3017.59038
G1 X198.357 Y91.296 E3017.6082
G0 F9000 X199.201 Y90.889
G1 F1634.5 X199.373 Y91.122 E3017.62746
G1 X199.535 Y91.393 E3017.64847
G1 X199.674 Y91.69 E3017.67028
G1 X199.778 Y91.99 E3017.6914
G1 X199.852 Y92.315 E3017.71357
G1 X199.891 Y92.622 E3017.73416
G1 X199.899 Y92.912 E3017.75346
G1 X199.882 Y93.181 E3017.77139
G1 X199.841 Y93.455 E3017.78982
G1 X199.763 Y93.761 E3017.81082
G1 X199.674 Y94.013 E3017.8286
G1 X199.536 Y94.307 E3017.8502
G1 X199.368 Y94.586 E3017.87187
G1 X199.133 Y94.89 E3017.89743
G1 X198.94 Y95.092 E3017.91601
G1 X198.712 Y95.289 E3017.93606
G1 X198.484 Y95.452 E3017.9547
G1 X198.2 Y95.616 E3017.97652
G1 X197.913 Y95.743 E3017.99739
G1 X197.598 Y95.845 E3018.01942
G1 X197.296 Y95.91 E3018.03997
G1 X197.113 Y95.933 E3018.05224
G1 X196.846 Y95.949 E3018.07003
G1 X196.512 Y95.937 E3018.09226
G1 X196.204 Y95.893 E3018.11296
G1 X195.889 Y95.813 E3018.13458
G1 X195.586 Y95.703 E3018.15602
G1 X195.327 Y95.578 E3018.17515
G1 X195.068 Y95.422 E3018.19526
G1 X194.816 Y95.231 E3018.2163
G1 X194.595 Y95.029 E3018.23621
G1 X194.395 Y94.807 E3018.25609
G1 X194.226 Y94.578 E3018.27502
G1 X194.058 Y94.297 E3018.2968
G1 X193.925 Y94.01 E3018.31784
G1 X193.819 Y93.704 E3018.33938
G1 X193.747 Y93.385 E3018.36114
G1 X193.708 Y93.073 E3018.38205
G1 X193.7 Y92.788 E3018.40102
G1 X193.717 Y92.519 E3018.41895
G1 X193.76 Y92.236 E3018.43799
G1 X193.836 Y91.939 E3018.45838
G1 X193.925 Y91.687 E3018.47616
G1 X194.067 Y91.386 E3018.4983
G1 X194.231 Y91.114 E3018.51943
G1 X194.473 Y90.802 E3018.54569
G1 X194.662 Y90.605 E3018.56385
G1 X194.985 Y90.336 E3018.59181
G1 X195.259 Y90.16 E3018.61348
G1 X195.531 Y90.022 E3018.63377
G1 X195.863 Y89.895 E3018.65741
G1 X196.166 Y89.815 E3018.67826
G1 X196.486 Y89.767 E3018.69978
G1 X196.753 Y89.751 E3018.71758
G1 X197.087 Y89.763 E3018.73981
G1 X197.395 Y89.807 E3018.7605
G1 X197.71 Y89.887 E3018.78212
G1 X198.012 Y89.996 E3018.80348
G1 X198.272 Y90.122 E3018.8227
G1 X198.531 Y90.278 E3018.84281
G1 X198.784 Y90.469 E3018.8639
G1 X199.004 Y90.671 E3018.88377
G1 X199.201 Y90.889 E3018.90331
G0 F9000 X198.8 Y91.118
;TYPE:SKIN
G1 F1430.2 X199.2 Y91.766 E3018.91891
G1 X198 Y90.488 E3018.95483
G1 X196.8 Y90.201 E3018.98011
G1 X195.6 Y90.491 E3019.0054
G1 X194.8 Y91.119 E3019.02624
G1 X194.4 Y91.761 E3019.04174
G0 F9000 X194.4 Y92.043
G0 X194.4 Y93.651
G0 X194.4 Y93.933
G1 F1430.2 X194.8 Y94.581 E3019.05938
G1 X196 Y95.372 E3019.09269
G1 X197.2 Y95.468 E3019.12059
G1 X198.4 Y94.955 E3019.15083
G1 X199.2 Y93.933 E3019.1809
G1 F1500 E3018.1809
G0 F9000 X197.859 Y93.258
G0 X104.288 Y92.525
G0 X105.255 Y92.061
;TYPE:WALL-OUTER
G1 F1500 E3019.20751
G1 F1634.5 X105.11 Y91.756 E3019.22998
G1 X104.935 Y91.497 E3019.25077
G1 X104.758 Y91.296 E3019.26859
G1 X104.558 Y91.119 E3019.28635
G1 X104.269 Y90.927 E3019.30943
G1 X104.025 Y90.81 E3019.32743
G1 X103.733 Y90.715 E3019.34786
G1 X103.43 Y90.662 E3019.36832
G1 X103.161 Y90.65 E3019.38623
G1 X102.859 Y90.676 E3019.4064
G1 X102.601 Y90.733 E3019.42397
G1 X102.341 Y90.825 E3019.44232
G1 X102.066 Y90.964 E3019.46281
G1 X101.783 Y91.167 E3019.48598
G1 X101.54 Y91.406 E3019.50865
G1 X101.375 Y91.621 E3019.52668
G1 X101.206 Y91.92 E3019.54953
G1 X101.096 Y92.207 E3019.56997
G1 X101.034 Y92.468 E3019.58782
G1 X101.002 Y92.772 E3019.60815
G1 X101.008 Y93.04 E3019.62599
G1 X101.049 Y93.308 E3019.64402
G1 X101.146 Y93.639 E3019.66696
G1 X101.291 Y93.944 E3019.68943
G1 X101.466 Y94.203 E3019.71022
G1 X101.643 Y94.404 E3019.72804
G1 X101.843 Y94.581 E3019.7458
G1 X102.132 Y94.773 E3019.76888
G1 X102.376 Y94.89 E3019.78688
G1 X102.668 Y94.985 E3019.80731
G1 X102.971 Y95.038 E3019.82777
G1 X103.24 Y95.05 E3019.84568
G1 X103.542 Y95.024 E3019.86585
G1 X103.8 Y94.967 E3019.88342
G1 X104.06 Y94.875 E3019.90177
G1 X104.335 Y94.736 E3019.92227
G1 X104.618 Y94.533 E3019.94543
G1 X104.861 Y94.294 E3019.96811
G1 X105.026 Y94.079 E3019.98614
G1 X105.195 Y93.78 E3020.00898
G1 X105.305 Y93.493 E3020.02943
G1 X105.367 Y93.232 E3020.04727
G1 X105.399 Y92.928 E3020.06761
G1 X105.393 Y92.66 E3020.08544
G1 X105.352 Y92.392 E3020.10347
G1 X105.255 Y92.061 E3020.12642
G0 F9000 X106.075 Y91.69
G1 F1634.5 X106.179 Y91.99 E3020.14754
G1 X106.253 Y92.315 E3020.16971
G1 X106.292 Y92.622 E3020.1903
G1 X106.3 Y92.912 E3020.20959
G1 X106.283 Y93.181 E3020.22752
G1 X106.242 Y93.455 E3020.24595
G1 X106.164 Y93.761 E3020.26696
G1 X106.075 Y94.013 E3020.28474
G1 X105.937 Y94.307 E3020.30634
G1 X105.769 Y94.586 E3020.32801
G1 X105.534 Y94.89 E3020.35357
G1 X105.341 Y95.092 E3020.37215
G1 X105.113 Y95.289 E3020.39219
G1 X104.885 Y95.452 E3020.41084
G1 X104.601 Y95.616 E3020.43265
G1 X104.314 Y95.743 E3020.45353
G1 X103.999 Y95.845 E3020.47556
G1 X103.697 Y95.91 E3020.4961
G1 X103.514 Y95.933 E3020.50837
G1 X103.247 Y95.949 E3020.52617
G1 X102.913 Y95.937 E3020.5484
G1 X102.605 Y95.893 E3020.56909
G1 X102.29 Y95.813 E3020.59071
G1 X101.987 Y95.703 E3020.61216
G1 X101.728 Y95.578 E3020.63129
G1 X101.469 Y95.422 E3020.6514
G1 X101.217 Y95.231 E3020.67243
G1 X100.996 Y95.029 E3020.69235
G1 X100.796 Y94.807 E3020.71223
G1 X100.627 Y94.578 E3020.73116
G1 X100.459 Y94.297 E3020.75294
G1 X100.326 Y94.01 E3020.77398
G1 X100.22 Y93.704 E3020.79552
G1 X100.148 Y93.385 E3020.81727
G1 X100.109 Y93.073 E3020.83819
G1 X100.101 Y92.788 E3020.85716
G1 X100.118 Y92.519 E3020.87509
G1 X100.161 Y92.236 E3020.89413
G1 X100.237 Y91.939 E3020.91452
G1 X100.326 Y91.687 E3020.9323
G1 X100.468 Y91.386 E3020.95444
G1 X100.632 Y91.114 E3020.97556
G1 X100.874 Y90.802 E3021.00183
G1 X101.063 Y90.605 E3021.01999
G1 X101.386 Y90.336 E3021.04795
G1 X101.66 Y90.16 E3021.06961
G1 X101.932 Y90.022 E3021.0899
G1 X102.264 Y89.895 E3021.11355
G1 X102.567 Y89.815 E3021.1344
G1 X102.887 Y89.767 E3021.15592
G1 X103.154 Y89.751 E3021.17371
G1 X103.488 Y89.763 E3021.19594
G1 X103.796 Y89.807 E3021.21664
G1 X104.111 Y89.887 E3021.23826
G1 X104.413 Y89.996 E3021.25962
G1 X104.673 Y90.122 E3021.27884
G1 X104.932 Y90.278 E3021.29895
G1 X105.185 Y90.469 E3021.32004
G1 X105.405 Y90.671 E3021.3399
G1 X105.602 Y90.889 E3021.35945
G1 X105.774 Y91.122 E3021.37871
G1 X105.936 Y91.393 E3021.39972
G1 X106.075 Y91.69 E3021.42153
G0 F9000 X105.599 Y91.764
;TYPE:SKIN
G1 F1430.2 X105.199 Y91.117 E3021.43819
G1 X103.999 Y90.325 E3021.46968
G1 X102.799 Y90.231 E3021.49605
G1 X101.599 Y90.74 E3021.5246
G1 X100.799 Y91.764 E3021.55306
G0 F9000 X100.799 Y92.046
G0 X100.799 Y93.648
G0 X100.799 Y93.931
G1 F1430.2 X101.199 Y94.58 E3021.57074
G1 X102.399 Y95.372 E3021.60408
G1 X103.599 Y95.468 E3021.632
G1 X104.799 Y94.956 E3021.66225
G1 X105.599 Y93.935 E3021.69233
G1 F1500 E3020.69233
G0 F9000 X106.872 Y94.817
G0 X103.907 Y211.976
G0 X104.758 Y211.311
;TYPE:WALL-OUTER
G1 F1500 E3021.71894
G1 F1634.5 X104.558 Y211.134 E3021.73671
G1 X104.269 Y210.942 E3021.75979
G1 X104.025 Y210.825 E3021.77779
G1 X103.733 Y210.73 E3021.79821
G1 X103.43 Y210.677 E3021.81867
G1 X103.161 Y210.665 E3021.83659
G1 X102.859 Y210.691 E3021.85675
G1 X102.601 Y210.748 E3021.87432
G1 X102.341 Y210.84 E3021.89267
G1 X102.066 Y210.979 E3021.91317
G1 X101.783 Y211.182 E3021.93634
G1 X101.54 Y211.421 E3021.95901
G1 X101.375 Y211.636 E3021.97704
G1 X101.206 Y211.935 E3021.99988
G1 X101.096 Y212.222 E3022.02033
G1 X101.034 Y212.483 E3022.03817
G1 X101.002 Y212.787 E3022.05851
G1 X101.008 Y213.055 E3022.07634
G1 X101.049 Y213.323 E3022.09437
G1 X101.146 Y213.654 E3022.11732
G1 X101.291 Y213.959 E3022.13978
G1 X101.466 Y214.218 E3022.16058
G1 X101.643 Y214.419 E3022.17839
G1 X101.843 Y214.596 E3022.19616
G1 X102.132 Y214.788 E3022.21924
G1 X102.376 Y214.905 E3022.23724
G1 X102.668 Y215 E3022.25766
G1 X102.971 Y215.053 E3022.27813
G1 X103.24 Y215.065 E3022.29604
G1 X103.542 Y215.039 E3022.3162
G1 X103.8 Y214.982 E3022.33378
G1 X104.06 Y214.89 E3022.35212
G1 X104.335 Y214.751 E3022.37262
G1 X104.618 Y214.548 E3022.39579
G1 X104.861 Y214.309 E3022.41846
G1 X105.026 Y214.094 E3022.43649
G1 X105.195 Y213.795 E3022.45934
G1 X105.305 Y213.508 E3022.47978
G1 X105.367 Y213.247 E3022.49763
G1 X105.399 Y212.943 E3022.51796
G1 X105.393 Y212.675 E3022.53579
G1 X105.352 Y212.407 E3022.55383
G1 X105.255 Y212.076 E3022.57677
G1 X105.11 Y211.771 E3022.59924
G1 X104.935 Y211.512 E3022.62003
G1 X104.758 Y211.311 E3022.63784
G0 F9000 X104.932 Y210.293
G1 F1634.5 X105.185 Y210.484 E3022.65893
G1 X105.405 Y210.686 E3022.6788
G1 X105.602 Y210.904 E3022.69834
G1 X105.774 Y211.137 E3022.71761
G1 X105.936 Y211.408 E3022.73861
G1 X106.075 Y211.705 E3022.76042
G1 X106.179 Y212.005 E3022.78155
G1 X106.253 Y212.33 E3022.80372
G1 X106.292 Y212.637 E3022.8243
G1 X106.3 Y212.927 E3022.8436
G1 X106.283 Y213.196 E3022.86153
G1 X106.242 Y213.47 E3022.87996
G1 X106.164 Y213.776 E3022.90097
G1 X106.075 Y214.028 E3022.91875
G1 X105.937 Y214.322 E3022.94035
G1 X105.769 Y214.601 E3022.96201
G1 X105.534 Y214.905 E3022.98757
G1 X105.341 Y215.107 E3023.00616
G1 X105.113 Y215.304 E3023.0262
G1 X104.885 Y215.467 E3023.04485
G1 X104.601 Y215.631 E3023.06666
G1 X104.314 Y215.758 E3023.08754
G1 X103.999 Y215.86 E3023.10956
G1 X103.697 Y215.925 E3023.13011
G1 X103.514 Y215.948 E3023.14238
G1 X103.247 Y215.964 E3023.16017
G1 X102.913 Y215.952 E3023.18241
G1 X102.605 Y215.908 E3023.2031
G1 X102.29 Y215.828 E3023.22472
G1 X101.987 Y215.718 E3023.24616
G1 X101.728 Y215.593 E3023.26529
G1 X101.469 Y215.437 E3023.28541
G1 X101.217 Y215.246 E3023.30644
G1 X100.996 Y215.044 E3023.32636
G1 X100.796 Y214.822 E3023.34623
G1 X100.627 Y214.593 E3023.36517
G1 X100.459 Y214.312 E3023.38694
G1 X100.326 Y214.025 E3023.40799
G1 X100.22 Y213.719 E3023.42953
G1 X100.148 Y213.4 E3023.45128
G1 X100.109 Y213.088 E3023.4722
G1 X100.101 Y212.803 E3023.49116
G1 X100.118 Y212.534 E3023.50909
G1 X100.161 Y212.251 E3023.52813
G1 X100.237 Y211.954 E3023.54853
G1 X100.326 Y211.702 E3023.56631
G1 X100.468 Y211.401 E3023.58844
G1 X100.632 Y211.129 E3023.60957
G1 X100.874 Y210.817 E3023.63584
G1 X101.063 Y210.62 E3023.654
G1 X101.386 Y210.351 E3023.68196
G1 X101.66 Y210.175 E3023.70362
G1 X101.932 Y210.037 E3023.72391
G1 X102.264 Y209.91 E3023.74756
G1 X102.567 Y209.83 E3023.7684
G1 X102.887 Y209.782 E3023.78993
G1 X103.154 Y209.766 E3023.80772
G1 X103.488 Y209.778 E3023.82995
G1 X103.796 Y209.822 E3023.85065
G1 X104.111 Y209.902 E3023.87227
G1 X104.413 Y210.011 E3023.89363
G1 X104.673 Y210.137 E3023.91284
G1 X104.932 Y210.293 E3023.93296
G0 F9000 X104.799 Y210.756
;TYPE:SKIN
G1 F1430.2 X105.199 Y211.133 E3023.95001
G1 X105.599 Y211.78 E3023.97361
G0 F9000 X105.599 Y212.063
G0 X105.599 Y213.671
G0 X105.599 Y213.951
G1 F1430.2 X105.199 Y214.593 E3023.99116
G1 X103.999 Y215.387 E3024.02452
G1 X102.799 Y215.48 E3024.05244
G1 X101.599 Y214.972 E3024.08266
G1 X100.799 Y213.947 E3024.11281
G0 F9000 X100.799 Y213.664
G0 X100.799 Y212.062
G0 X100.799 Y211.78
G1 F1430.2 X101.199 Y211.137 E3024.13068
G1 X102.399 Y210.342 E3024.16465
G1 X103.599 Y210.25 E3024.19306
G1 X104.399 Y210.504 E3024.21286
G1 F1500 E3023.21286
G0 F9000 X105.72 Y209.549
G0 X197.146 Y211.784
G0 X197.868 Y210.942
;TYPE:WALL-OUTER
G1 F1500 E3024.23947
G1 F1634.5 X197.624 Y210.825 E3024.25747
G1 X197.332 Y210.73 E3024.2779
G1 X197.029 Y210.677 E3024.29836
G1 X196.76 Y210.665 E3024.31627
G1 X196.458 Y210.691 E3024.33644
G1 X196.2 Y210.748 E3024.35401
G1 X195.94 Y210.84 E3024.37236
G1 X195.665 Y210.979 E3024.39286
G1 X195.382 Y211.182 E3024.41602
G1 X195.139 Y211.421 E3024.4387
G1 X194.974 Y211.636 E3024.45672
G1 X194.805 Y211.935 E3024.47957
G1 X194.695 Y212.222 E3024.50002
G1 X194.633 Y212.483 E3024.51786
G1 X194.601 Y212.787 E3024.5382
G1 X194.607 Y213.055 E3024.55603
G1 X194.648 Y213.323 E3024.57406
G1 X194.745 Y213.654 E3024.59701
G1 X194.89 Y213.959 E3024.61947
G1 X195.065 Y214.218 E3024.64026
G1 X195.242 Y214.419 E3024.65808
G1 X195.442 Y214.596 E3024.67585
G1 X195.731 Y214.788 E3024.69893
G1 X195.975 Y214.905 E3024.71693
G1 X196.267 Y215 E3024.73735
G1 X196.57 Y215.053 E3024.75781
G1 X196.839 Y215.065 E3024.77573
G1 X197.141 Y215.039 E3024.79589
G1 X197.399 Y214.982 E3024.81347
G1 X197.659 Y214.89 E3024.83181
G1 X197.934 Y214.751 E3024.85231
G1 X198.217 Y214.548 E3024.87548
G1 X198.46 Y214.309 E3024.89815
G1 X198.625 Y214.094 E3024.91618
G1 X198.794 Y213.795 E3024.93902
G1 X198.904 Y213.508 E3024.95947
G1 X198.966 Y213.247 E3024.97731
G1 X198.998 Y212.943 E3024.99765
G1 X198.992 Y212.675 E3025.01548
G1 X198.951 Y212.407 E3025.03351
G1 X198.854 Y212.076 E3025.05646
G1 X198.709 Y211.771 E3025.07892
G1 X198.534 Y211.512 E3025.09972
G1 X198.357 Y211.311 E3025.11753
G1 X198.157 Y211.134 E3025.1353
G1 X197.868 Y210.942 E3025.15838
G0 F9000 X198.012 Y210.011
G1 F1634.5 X198.272 Y210.137 E3025.1776
G1 X198.531 Y210.293 E3025.19771
G1 X198.784 Y210.484 E3025.2188
G1 X199.004 Y210.686 E3025.23866
G1 X199.201 Y210.904 E3025.25821
G1 X199.373 Y211.137 E3025.27747
G1 X199.535 Y211.408 E3025.29848
G1 X199.674 Y211.705 E3025.32029
G1 X199.778 Y212.005 E3025.34141
G1 X199.852 Y212.33 E3025.36358
G1 X199.891 Y212.637 E3025.38417
G1 X199.899 Y212.927 E3025.40347
G1 X199.882 Y213.196 E3025.4214
G1 X199.841 Y213.47 E3025.43983
G1 X199.763 Y213.776 E3025.46083
G1 X199.674 Y214.028 E3025.47861
G1 X199.536 Y214.322 E3025.50022
G1 X199.368 Y214.601 E3025.52188
G1 X199.133 Y214.905 E3025.54744
G1 X198.94 Y215.107 E3025.56602
G1 X198.712 Y215.304 E3025.58607
G1 X198.484 Y215.467 E3025.60471
G1 X198.2 Y215.631 E3025.62653
G1 X197.913 Y215.758 E3025.6474
G1 X197.598 Y215.86 E3025.66943
G1 X197.296 Y215.925 E3025.68998
G1 X197.113 Y215.948 E3025.70225
G1 X196.846 Y215.964 E3025.72004
G1 X196.512 Y215.952 E3025.74227
G1 X196.204 Y215.908 E3025.76297
G1 X195.889 Y215.828 E3025.78459
G1 X195.586 Y215.718 E3025.80603
G1 X195.327 Y215.593 E3025.82516
G1 X195.068 Y215.437 E3025.84527
G1 X194.816 Y215.246 E3025.86631
G1 X194.595 Y215.044 E3025.88622
G1 X194.395 Y214.822 E3025.9061
G1 X194.226 Y214.593 E3025.92503
G1 X194.058 Y214.312 E3025.94681
G1 X193.925 Y214.025 E3025.96785
G1 X193.819 Y213.719 E3025.98939
G1 X193.747 Y213.4 E3026.01115
G1 X193.708 Y213.088 E3026.03206
G1 X193.7 Y212.803 E3026.05103
G1 X193.717 Y212.534 E3026.06896
G1 X193.76 Y212.251 E3026.088
G1 X193.836 Y211.954 E3026.10839
G1 X193.925 Y211.702 E3026.12617
G1 X194.067 Y211.401 E3026.14831
G1 X194.231 Y211.129 E3026.16944
G1 X194.473 Y210.817 E3026.1957
G1 X194.662 Y210.62 E3026.21386
G1 X194.985 Y210.351 E3026.24182
G1 X195.259 Y210.175 E3026.26349
G1 X195.531 Y210.037 E3026.28378
G1 X195.863 Y209.91 E3026.30742
G1 X196.166 Y209.83 E3026.32827
G1 X196.486 Y209.782 E3026.34979
G1 X196.753 Y209.766 E3026.36759
G1 X197.087 Y209.778 E3026.38982
G1 X197.395 Y209.822 E3026.41051
G1 X197.71 Y209.902 E3026.43213
G1 X198.012 Y210.011 E3026.45349
G0 F9000 X197.999 Y210.503
;TYPE:SKIN
G1 F1430.2 X198.399 Y210.756 E3026.46655
G1 X199.199 Y211.781 E3026.50243
G0 F9000 X199.199 Y212.065
G0 X199.199 Y213.667
G0 X199.199 Y213.948
G1 F1430.2 X198.799 Y214.591 E3026.51999
G1 X197.599 Y215.386 E3026.55335
G1 X196.399 Y215.479 E3026.58125
G1 X195.199 Y214.971 E3026.61146
G1 X194.399 Y213.948 E3026.64157
G0 F9000 X194.399 Y213.666
G0 X194.399 Y212.058
G0 X194.399 Y211.776
G1 F1430.2 X194.799 Y211.134 E3026.66007
G1 X195.999 Y210.341 E3026.69527
G1 X197.199 Y210.249 E3026.72471
G0 F9000 X197.599 Y210.463
G1 F1430.2 X197.599 Y210.218 E3026.73286
G1 F1500 E3025.73286
;MESH:NONMESH
G0 F300 X197.599 Y210.218 Z6.4
G0 F9000 X197.823 Y208.828
G0 X197.737 Y92.209
G0 X198.357 Y91.296
;TIME_ELAPSED:6161.358851
;LAYER:31
;TYPE:WALL-OUTER
;MESH:Top of Case V2.STL
G1 F1500 E3026.75947
G1 F1759.6 X198.155 Y91.117 E3026.77742
G1 X197.842 Y90.912 E3026.80231
G1 X197.48 Y90.758 E3026.82848
G1 X197.181 Y90.683 E3026.84899
G1 X196.883 Y90.651 E3026.86892
G1 X196.76 Y90.65 E3026.87711
G1 X196.457 Y90.676 E3026.89734
G1 X196.083 Y90.77 E3026.92299
G1 X195.8 Y90.889 E3026.94341
G1 X195.54 Y91.047 E3026.96365
G1 X195.272 Y91.266 E3026.98667
G1 X195.089 Y91.466 E3027.0047
G1 X194.878 Y91.777 E3027.0297
G1 X194.745 Y92.062 E3027.05062
G1 X194.664 Y92.32 E3027.06861
G1 X194.611 Y92.62 E3027.08888
G1 X194.6 Y92.889 E3027.10679
G1 X194.633 Y93.234 E3027.12984
G1 X194.696 Y93.494 E3027.14764
G1 X194.805 Y93.78 E3027.168
G1 X194.975 Y94.08 E3027.19093
G1 X195.14 Y94.295 E3027.20896
G1 X195.328 Y94.487 E3027.22684
G1 X195.537 Y94.652 E3027.24455
G1 X195.835 Y94.828 E3027.26757
G1 X196.119 Y94.942 E3027.28793
G1 X196.418 Y95.017 E3027.30843
G1 X196.716 Y95.049 E3027.32837
G1 X196.987 Y95.043 E3027.3464
G1 X197.257 Y95.002 E3027.36457
G1 X197.516 Y94.93 E3027.38245
G1 X197.799 Y94.811 E3027.40287
G1 X198.059 Y94.653 E3027.42311
G1 X198.271 Y94.486 E3027.44106
G1 X198.46 Y94.293 E3027.45903
G1 X198.642 Y94.053 E3027.47907
G1 X198.794 Y93.78 E3027.49985
G1 X198.903 Y93.494 E3027.52021
G1 X198.966 Y93.233 E3027.53807
G1 X198.998 Y92.932 E3027.55821
G1 X198.989 Y92.626 E3027.57857
G1 X198.935 Y92.32 E3027.59924
G1 X198.854 Y92.062 E3027.61723
G1 X198.723 Y91.782 E3027.6378
G1 X198.534 Y91.497 E3027.66054
G1 X198.357 Y91.296 E3027.67836
G0 F9000 X199.079 Y90.75
G1 F1759.6 X199.312 Y91.035 E3027.70285
G1 X199.512 Y91.35 E3027.72767
G1 X199.63 Y91.586 E3027.74522
G1 X199.753 Y91.911 E3027.76833
G1 X199.824 Y92.172 E3027.78633
G1 X199.869 Y92.425 E3027.80342
G1 X199.895 Y92.691 E3027.8212
G1 X199.895 Y93.031 E3027.84382
G1 X199.858 Y93.354 E3027.86544
G1 X199.764 Y93.759 E3027.8931
G1 X199.674 Y94.011 E3027.9109
G1 X199.527 Y94.324 E3027.9339
G1 X199.396 Y94.543 E3027.95088
G1 X199.231 Y94.774 E3027.96976
G1 X198.99 Y95.044 E3027.99384
G1 X198.702 Y95.298 E3028.01938
G1 X198.489 Y95.449 E3028.03675
G1 X198.202 Y95.615 E3028.0588
G1 X197.908 Y95.745 E3028.08019
G1 X197.608 Y95.843 E3028.10118
G1 X197.295 Y95.91 E3028.12247
G1 X197.119 Y95.933 E3028.13428
G1 X196.837 Y95.949 E3028.15307
G1 X196.521 Y95.939 E3028.1741
G1 X196.21 Y95.894 E3028.195
G1 X195.824 Y95.793 E3028.22154
G1 X195.58 Y95.701 E3028.23889
G1 X195.329 Y95.579 E3028.25746
G1 X195.055 Y95.413 E3028.27877
G1 X194.836 Y95.248 E3028.29701
G1 X194.52 Y94.95 E3028.3259
G1 X194.287 Y94.665 E3028.35039
G1 X194.087 Y94.35 E3028.37521
G1 X193.969 Y94.114 E3028.39276
G1 X193.846 Y93.789 E3028.41587
G1 X193.775 Y93.528 E3028.43387
G1 X193.728 Y93.262 E3028.45184
G1 X193.703 Y92.991 E3028.46994
G1 X193.704 Y92.667 E3028.49149
G1 X193.741 Y92.343 E3028.51318
G1 X193.835 Y91.941 E3028.54065
G1 X193.925 Y91.689 E3028.55845
G1 X194.072 Y91.376 E3028.58145
G1 X194.203 Y91.157 E3028.59843
G1 X194.368 Y90.926 E3028.61731
G1 X194.609 Y90.656 E3028.64138
G1 X194.854 Y90.437 E3028.66324
G1 X195.08 Y90.27 E3028.68194
G1 X195.339 Y90.116 E3028.70198
G1 X195.589 Y89.996 E3028.72043
G1 X195.912 Y89.88 E3028.74326
G1 X196.198 Y89.809 E3028.76286
G1 X196.475 Y89.767 E3028.7815
G1 X196.762 Y89.751 E3028.80062
G1 X197.078 Y89.761 E3028.82165
G1 X197.389 Y89.806 E3028.84255
G1 X197.775 Y89.907 E3028.86909
G1 X198.019 Y89.999 E3028.88644
G1 X198.27 Y90.121 E3028.905
G1 X198.538 Y90.283 E3028.92583
G1 X198.763 Y90.452 E3028.94455
G1 X199.079 Y90.75 E3028.97345
G0 F9000 X198.464 Y90.8
;TYPE:SKIN
G1 F1539.6 X197.757 Y90.4 E3028.98851
G1 X195.848 Y90.4 E3029.02391
G1 X194.73 Y91.2 E3029.0494
G1 X194.19 Y92.4 E3029.0738
G1 X194.26 Y93.6 E3029.09609
G1 X195.018 Y94.8 E3029.1224
G1 X195.608 Y95.2 E3029.13562
G1 X196.79 Y95.6 E3029.15876
G1 X197.992 Y95.2 E3029.18225
G1 X198.942 Y94.4 E3029.20528
G1 X199.422 Y93.2 E3029.22924
G1 X199.307 Y92 E3029.2516
G1 X198.867 Y91.2 E3029.26853
G1 F1500 E3028.26853
G0 F9000 X197.555 Y92.002
G0 X104.227 Y92.364
G0 X105.124 Y91.782
;TYPE:WALL-OUTER
G1 F1500 E3029.29513
G1 F1759.6 X104.935 Y91.497 E3029.31788
G1 X104.758 Y91.296 E3029.3357
G1 X104.556 Y91.117 E3029.35365
G1 X104.243 Y90.912 E3029.37854
G1 X103.881 Y90.758 E3029.40471
G1 X103.582 Y90.683 E3029.42522
G1 X103.284 Y90.651 E3029.44515
G1 X103.161 Y90.65 E3029.45333
G1 X102.858 Y90.676 E3029.47356
G1 X102.484 Y90.77 E3029.49922
G1 X102.201 Y90.889 E3029.51964
G1 X101.941 Y91.047 E3029.53988
G1 X101.673 Y91.266 E3029.5629
G1 X101.49 Y91.466 E3029.58093
G1 X101.279 Y91.777 E3029.60593
G1 X101.146 Y92.062 E3029.62685
G1 X101.065 Y92.32 E3029.64484
G1 X101.012 Y92.62 E3029.66511
G1 X101.001 Y92.889 E3029.68302
G1 X101.034 Y93.234 E3029.70607
G1 X101.097 Y93.494 E3029.72387
G1 X101.206 Y93.78 E3029.74422
G1 X101.376 Y94.08 E3029.76716
G1 X101.541 Y94.295 E3029.78519
G1 X101.729 Y94.487 E3029.80307
G1 X101.938 Y94.652 E3029.82078
G1 X102.236 Y94.828 E3029.8438
G1 X102.52 Y94.942 E3029.86416
G1 X102.819 Y95.017 E3029.88466
G1 X103.117 Y95.049 E3029.9046
G1 X103.388 Y95.043 E3029.92263
G1 X103.658 Y95.002 E3029.9408
G1 X103.917 Y94.93 E3029.95868
G1 X104.2 Y94.811 E3029.9791
G1 X104.46 Y94.653 E3029.99934
G1 X104.672 Y94.486 E3030.01729
G1 X104.861 Y94.293 E3030.03526
G1 X105.043 Y94.053 E3030.0553
G1 X105.195 Y93.78 E3030.07608
G1 X105.304 Y93.494 E3030.09644
G1 X105.367 Y93.233 E3030.1143
G1 X105.399 Y92.932 E3030.13444
G1 X105.39 Y92.626 E3030.1548
G1 X105.336 Y92.32 E3030.17547
G1 X105.255 Y92.062 E3030.19346
G1 X105.124 Y91.782 E3030.21402
G0 F9000 X105.713 Y91.035
G1 F1759.6 X105.913 Y91.35 E3030.23884
G1 X106.031 Y91.586 E3030.2564
G1 X106.154 Y91.911 E3030.27951
G1 X106.225 Y92.172 E3030.2975
G1 X106.27 Y92.425 E3030.3146
G1 X106.296 Y92.691 E3030.33238
G1 X106.296 Y93.031 E3030.35499
G1 X106.259 Y93.354 E3030.37662
G1 X106.165 Y93.759 E3030.40428
G1 X106.075 Y94.011 E3030.42208
G1 X105.928 Y94.324 E3030.44508
G1 X105.797 Y94.543 E3030.46206
G1 X105.632 Y94.774 E3030.48094
G1 X105.391 Y95.044 E3030.50501
G1 X105.103 Y95.298 E3030.53056
G1 X104.89 Y95.449 E3030.54793
G1 X104.603 Y95.615 E3030.56998
G1 X104.309 Y95.745 E3030.59136
G1 X104.009 Y95.843 E3030.61236
G1 X103.696 Y95.91 E3030.63365
G1 X103.52 Y95.933 E3030.64546
G1 X103.238 Y95.949 E3030.66425
G1 X102.922 Y95.939 E3030.68528
G1 X102.611 Y95.894 E3030.70618
G1 X102.225 Y95.793 E3030.73272
G1 X101.981 Y95.701 E3030.75007
G1 X101.73 Y95.579 E3030.76863
G1 X101.456 Y95.413 E3030.78994
G1 X101.237 Y95.248 E3030.80818
G1 X100.921 Y94.95 E3030.83708
G1 X100.688 Y94.665 E3030.86156
G1 X100.488 Y94.35 E3030.88638
G1 X100.37 Y94.114 E3030.90394
G1 X100.247 Y93.789 E3030.92705
G1 X100.176 Y93.528 E3030.94504
G1 X100.129 Y93.262 E3030.96301
G1 X100.104 Y92.991 E3030.98112
G1 X100.105 Y92.667 E3031.00267
G1 X100.142 Y92.343 E3031.02436
G1 X100.236 Y91.941 E3031.05182
G1 X100.326 Y91.689 E3031.06962
G1 X100.473 Y91.376 E3031.09263
G1 X100.604 Y91.157 E3031.1096
G1 X100.769 Y90.926 E3031.12849
G1 X101.01 Y90.656 E3031.15256
G1 X101.255 Y90.437 E3031.17442
G1 X101.481 Y90.27 E3031.19311
G1 X101.74 Y90.116 E3031.21316
G1 X101.99 Y89.996 E3031.2316
G1 X102.313 Y89.88 E3031.25443
G1 X102.599 Y89.809 E3031.27404
G1 X102.876 Y89.767 E3031.29267
G1 X103.163 Y89.751 E3031.31179
G1 X103.479 Y89.761 E3031.33282
G1 X103.79 Y89.806 E3031.35373
G1 X104.176 Y89.907 E3031.38027
G1 X104.42 Y89.999 E3031.39761
G1 X104.671 Y90.121 E3031.41618
G1 X104.939 Y90.283 E3031.43701
G1 X105.164 Y90.452 E3031.45573
G1 X105.48 Y90.75 E3031.48462
G1 X105.713 Y91.035 E3031.50911
G0 F9000 X105.267 Y91.2
;TYPE:SKIN
G1 F1539.6 X104.864 Y90.8 E3031.51957
G1 X104.155 Y90.4 E3031.53456
G1 X102.252 Y90.4 E3031.56961
G1 X101.131 Y91.2 E3031.59497
G1 X100.591 Y92.4 E3031.61921
G1 X100.66 Y93.6 E3031.64135
G1 X101.418 Y94.8 E3031.66749
G1 X102.007 Y95.2 E3031.6806
G1 X103.196 Y95.6 E3031.70371
G1 X104.395 Y95.2 E3031.72699
G1 X105.344 Y94.4 E3031.74985
G1 X105.823 Y93.2 E3031.77364
G1 X105.708 Y92 E3031.79585
G1 X105.534 Y91.6 E3031.80388
G1 F1500 E3030.80388
G0 F9000 X104.26 Y92.442
G0 X103.902 Y211.972
G0 X104.758 Y211.311
;TYPE:WALL-OUTER
G1 F1500 E3031.83049
G1 F1759.6 X104.556 Y211.132 E3031.84844
G1 X104.243 Y210.927 E3031.87333
G1 X103.881 Y210.773 E3031.8995
G1 X103.582 Y210.698 E3031.92001
G1 X103.284 Y210.666 E3031.93994
G1 X103.161 Y210.665 E3031.94813
G1 X102.858 Y210.691 E3031.96836
G1 X102.484 Y210.785 E3031.99401
G1 X102.201 Y210.904 E3032.01443
G1 X101.941 Y211.062 E3032.03467
G1 X101.673 Y211.281 E3032.05769
G1 X101.49 Y211.481 E3032.07572
G1 X101.279 Y211.792 E3032.10072
G1 X101.146 Y212.077 E3032.12164
G1 X101.065 Y212.335 E3032.13963
G1 X101.012 Y212.635 E3032.1599
G1 X101.001 Y212.904 E3032.17781
G1 X101.034 Y213.249 E3032.20086
G1 X101.097 Y213.509 E3032.21866
G1 X101.206 Y213.795 E3032.23902
G1 X101.376 Y214.095 E3032.26195
G1 X101.541 Y214.31 E3032.27998
G1 X101.729 Y214.502 E3032.29786
G1 X101.938 Y214.667 E3032.31557
G1 X102.236 Y214.843 E3032.33859
G1 X102.52 Y214.957 E3032.35895
G1 X102.819 Y215.032 E3032.37945
G1 X103.117 Y215.064 E3032.39939
G1 X103.388 Y215.058 E3032.41742
G1 X103.658 Y215.017 E3032.43559
G1 X103.917 Y214.945 E3032.45347
G1 X104.2 Y214.826 E3032.47389
G1 X104.46 Y214.668 E3032.49413
G1 X104.672 Y214.501 E3032.51208
G1 X104.861 Y214.308 E3032.53005
G1 X105.043 Y214.068 E3032.55009
G1 X105.195 Y213.795 E3032.57087
G1 X105.304 Y213.509 E3032.59123
G1 X105.367 Y213.248 E3032.60909
G1 X105.399 Y212.947 E3032.62923
G1 X105.39 Y212.641 E3032.64959
G1 X105.336 Y212.335 E3032.67026
G1 X105.255 Y212.077 E3032.68825
G1 X105.124 Y211.797 E3032.70881
G1 X104.935 Y211.512 E3032.73156
G1 X104.758 Y211.311 E3032.74938
G0 F9000 X105.48 Y210.765
G1 F1759.6 X105.713 Y211.05 E3032.77387
G1 X105.913 Y211.365 E3032.79869
G1 X106.031 Y211.601 E3032.81624
G1 X106.154 Y211.926 E3032.83935
G1 X106.225 Y212.187 E3032.85735
G1 X106.27 Y212.44 E3032.87444
G1 X106.296 Y212.706 E3032.89222
G1 X106.296 Y213.046 E3032.91484
G1 X106.259 Y213.369 E3032.93646
G1 X106.165 Y213.774 E3032.96412
G1 X106.075 Y214.026 E3032.98192
G1 X105.928 Y214.339 E3033.00492
G1 X105.797 Y214.558 E3033.0219
G1 X105.632 Y214.789 E3033.04078
G1 X105.391 Y215.059 E3033.06486
G1 X105.103 Y215.313 E3033.0904
G1 X104.89 Y215.464 E3033.10777
G1 X104.603 Y215.63 E3033.12982
G1 X104.309 Y215.76 E3033.15121
G1 X104.009 Y215.858 E3033.1722
G1 X103.696 Y215.925 E3033.19349
G1 X103.52 Y215.948 E3033.2053
G1 X103.238 Y215.964 E3033.22409
G1 X102.922 Y215.954 E3033.24512
G1 X102.611 Y215.909 E3033.26602
G1 X102.225 Y215.808 E3033.29256
G1 X101.981 Y215.716 E3033.30991
G1 X101.73 Y215.594 E3033.32848
G1 X101.456 Y215.428 E3033.34979
G1 X101.237 Y215.263 E3033.36803
G1 X100.921 Y214.965 E3033.39692
G1 X100.688 Y214.68 E3033.42141
G1 X100.488 Y214.365 E3033.44623
G1 X100.37 Y214.129 E3033.46378
G1 X100.247 Y213.804 E3033.48689
G1 X100.176 Y213.543 E3033.50489
G1 X100.129 Y213.277 E3033.52286
G1 X100.104 Y213.006 E3033.54096
G1 X100.105 Y212.682 E3033.56251
G1 X100.142 Y212.358 E3033.5842
G1 X100.236 Y211.956 E3033.61167
G1 X100.326 Y211.704 E3033.62947
G1 X100.473 Y211.391 E3033.65247
G1 X100.604 Y211.172 E3033.66944
G1 X100.769 Y210.941 E3033.68833
G1 X101.01 Y210.671 E3033.7124
G1 X101.255 Y210.452 E3033.73426
G1 X101.481 Y210.285 E3033.75296
G1 X101.74 Y210.131 E3033.773
G1 X101.99 Y210.011 E3033.79145
G1 X102.313 Y209.895 E3033.81428
G1 X102.599 Y209.824 E3033.83388
G1 X102.876 Y209.782 E3033.85251
G1 X103.163 Y209.766 E3033.87164
G1 X103.479 Y209.776 E3033.89267
G1 X103.79 Y209.821 E3033.91357
G1 X104.176 Y209.922 E3033.94011
G1 X104.42 Y210.014 E3033.95746
G1 X104.671 Y210.136 E3033.97602
G1 X104.939 Y210.298 E3033.99685
G1 X105.164 Y210.467 E3034.01557
G1 X105.48 Y210.765 E3034.04446
G0 F9000 X105.254 Y211.2
;TYPE:SKIN
G1 F1539.6 X104.844 Y210.8 E3034.05532
G1 X104.109 Y210.4 E3034.07118
G1 X102.296 Y210.4 E3034.10553
G1 X101.143 Y211.2 E3034.13213
G1 X100.593 Y212.4 E3034.15714
G1 X100.655 Y213.6 E3034.17991
G1 X101.4 Y214.8 E3034.20668
G1 X101.975 Y215.2 E3034.21995
G1 X103.201 Y215.6 E3034.24439
G1 X104.425 Y215.2 E3034.2688
G1 X105.353 Y214.4 E3034.29201
G1 X105.824 Y213.2 E3034.31644
G1 X105.702 Y212 E3034.3393
G1 X105.524 Y211.6 E3034.3476
G1 F1500 E3033.3476
G0 F9000 X106.918 Y210.988
G0 X197.146 Y211.784
G0 X197.842 Y210.927
;TYPE:WALL-OUTER
G1 F1500 E3034.37421
G1 F1759.6 X197.48 Y210.773 E3034.40037
G1 X197.181 Y210.698 E3034.42088
G1 X196.883 Y210.666 E3034.44082
G1 X196.76 Y210.665 E3034.449
G1 X196.457 Y210.691 E3034.46923
G1 X196.083 Y210.785 E3034.49488
G1 X195.8 Y210.904 E3034.5153
G1 X195.54 Y211.062 E3034.53554
G1 X195.272 Y211.281 E3034.55856
G1 X195.089 Y211.481 E3034.5766
G1 X194.878 Y211.792 E3034.6016
G1 X194.745 Y212.077 E3034.62252
G1 X194.664 Y212.335 E3034.64051
G1 X194.611 Y212.635 E3034.66077
G1 X194.6 Y212.904 E3034.67868
G1 X194.633 Y213.249 E3034.70173
G1 X194.696 Y213.509 E3034.71953
G1 X194.805 Y213.795 E3034.73989
G1 X194.975 Y214.095 E3034.76283
G1 X195.14 Y214.31 E3034.78086
G1 X195.328 Y214.502 E3034.79873
G1 X195.537 Y214.667 E3034.81644
G1 X195.835 Y214.843 E3034.83947
G1 X196.119 Y214.957 E3034.85982
G1 X196.418 Y215.032 E3034.88033
G1 X196.716 Y215.064 E3034.90027
G1 X196.987 Y215.058 E3034.9183
G1 X197.257 Y215.017 E3034.93646
G1 X197.516 Y214.945 E3034.95434
G1 X197.799 Y214.826 E3034.97477
G1 X198.059 Y214.668 E3034.99501
G1 X198.271 Y214.501 E3035.01296
G1 X198.46 Y214.308 E3035.03093
G1 X198.642 Y214.068 E3035.05096
G1 X198.794 Y213.795 E3035.07175
G1 X198.903 Y213.509 E3035.09211
G1 X198.966 Y213.248 E3035.10997
G1 X198.998 Y212.947 E3035.1301
G1 X198.989 Y212.641 E3035.15047
G1 X198.935 Y212.335 E3035.17114
G1 X198.854 Y212.077 E3035.18913
G1 X198.723 Y211.797 E3035.20969
G1 X198.534 Y211.512 E3035.23244
G1 X198.357 Y211.311 E3035.25025
G1 X198.155 Y211.132 E3035.26821
G1 X197.842 Y210.927 E3035.2931
G0 F9000 X197.775 Y209.922
G1 F1759.6 X198.019 Y210.014 E3035.31044
G1 X198.27 Y210.136 E3035.32901
G1 X198.538 Y210.298 E3035.34984
G1 X198.763 Y210.467 E3035.36856
G1 X199.079 Y210.765 E3035.39745
G1 X199.312 Y211.05 E3035.42194
G1 X199.512 Y211.365 E3035.44676
G1 X199.63 Y211.601 E3035.46431
G1 X199.753 Y211.926 E3035.48742
G1 X199.824 Y212.187 E3035.50542
G1 X199.869 Y212.44 E3035.52251
G1 X199.895 Y212.706 E3035.54029
G1 X199.895 Y213.046 E3035.56291
G1 X199.858 Y213.369 E3035.58453
G1 X199.764 Y213.774 E3035.61219
G1 X199.674 Y214.026 E3035.62999
G1 X199.527 Y214.339 E3035.65299
G1 X199.396 Y214.558 E3035.66997
G1 X199.231 Y214.789 E3035.68885
G1 X198.99 Y215.059 E3035.71293
G1 X198.702 Y215.313 E3035.73847
G1 X198.489 Y215.464 E3035.75584
G1 X198.202 Y215.63 E3035.77789
G1 X197.908 Y215.76 E3035.79928
G1 X197.608 Y215.858 E3035.82027
G1 X197.295 Y215.925 E3035.84156
G1 X197.119 Y215.948 E3035.85337
G1 X196.837 Y215.964 E3035.87216
G1 X196.521 Y215.954 E3035.89319
G1 X196.21 Y215.909 E3035.91409
G1 X195.824 Y215.808 E3035.94063
G1 X195.58 Y215.716 E3035.95798
G1 X195.329 Y215.594 E3035.97655
G1 X195.055 Y215.428 E3035.99786
G1 X194.836 Y215.263 E3036.0161
G1 X194.52 Y214.965 E3036.04499
G1 X194.287 Y214.68 E3036.06948
G1 X194.087 Y214.365 E3036.0943
G1 X193.969 Y214.129 E3036.11185
G1 X193.846 Y213.804 E3036.13496
G1 X193.775 Y213.543 E3036.15296
G1 X193.728 Y213.277 E3036.17093
G1 X193.703 Y213.006 E3036.18903
G1 X193.704 Y212.682 E3036.21058
G1 X193.741 Y212.358 E3036.23227
G1 X193.835 Y211.956 E3036.25974
G1 X193.925 Y211.704 E3036.27754
G1 X194.072 Y211.391 E3036.30054
G1 X194.203 Y211.172 E3036.31752
G1 X194.368 Y210.941 E3036.3364
G1 X194.609 Y210.671 E3036.36047
G1 X194.854 Y210.452 E3036.38233
G1 X195.08 Y210.285 E3036.40103
G1 X195.339 Y210.131 E3036.42107
G1 X195.589 Y210.011 E3036.43952
G1 X195.912 Y209.895 E3036.46235
G1 X196.198 Y209.824 E3036.48195
G1 X196.475 Y209.782 E3036.50059
G1 X196.762 Y209.766 E3036.51971
G1 X197.078 Y209.776 E3036.54074
G1 X197.389 Y209.821 E3036.56164
G1 X197.775 Y209.922 E3036.58818
G0 F9000 X197.709 Y210.4
;TYPE:SKIN
G1 F1539.6 X198.444 Y210.8 E3036.60465
G1 X199.302 Y212 E3036.63368
G1 X199.424 Y213.2 E3036.65741
G1 X198.953 Y214.4 E3036.68278
G1 X198.025 Y215.2 E3036.70689
G1 X196.801 Y215.6 E3036.73223
G1 X195.575 Y215.2 E3036.75761
G1 X194.646 Y214.4 E3036.78174
G1 X194.175 Y213.2 E3036.8071
G1 X194.296 Y212 E3036.83084
G1 X195.148 Y210.8 E3036.8598
G0 F9000 X195.553 Y210.4
G1 F1539.6 X196.24 Y210.4 E3036.88265
G1 F1500 E3035.88265
;MESH:NONMESH
G0 F300 X196.24 Y210.4 Z6.6
G0 F9000 X196.007 Y208.776
G0 X197.739 Y92.212
G0 X198.435 Y91.379
;TIME_ELAPSED:6174.383175
;LAYER:32
;TYPE:WALL-OUTER
;MESH:Top of Case V2.STL
G1 F1500 E3036.90926
G1 F1639.2 X198.214 Y91.164 E3036.92977
G1 X197.996 Y91.003 E3036.94779
G1 X197.764 Y90.872 E3036.96552
G1 X197.48 Y90.758 E3036.98587
G1 X197.181 Y90.683 E3037.00638
G1 X196.882 Y90.651 E3037.02638
G1 X196.76 Y90.65 E3037.0345
G1 X196.457 Y90.676 E3037.05473
G1 X196.081 Y90.77 E3037.08051
G1 X195.771 Y90.905 E3037.103
G1 X195.542 Y91.045 E3037.12086
G1 X195.329 Y91.213 E3037.1389
G1 X195.139 Y91.406 E3037.15692
G1 X194.974 Y91.621 E3037.17494
G1 X194.805 Y91.921 E3037.19785
G1 X194.684 Y92.244 E3037.22079
G1 X194.621 Y92.543 E3037.24112
G1 X194.6 Y92.814 E3037.2592
G1 X194.615 Y93.114 E3037.27918
G1 X194.673 Y93.415 E3037.29957
G1 X194.805 Y93.78 E3037.32539
G1 X194.975 Y94.08 E3037.34833
G1 X195.164 Y94.321 E3037.3687
G1 X195.385 Y94.536 E3037.38921
G1 X195.603 Y94.697 E3037.40724
G1 X195.835 Y94.828 E3037.42496
G1 X196.119 Y94.942 E3037.44532
G1 X196.418 Y95.017 E3037.46583
G1 X196.717 Y95.049 E3037.48583
G1 X196.988 Y95.043 E3037.50386
G1 X197.257 Y95.002 E3037.52196
G1 X197.518 Y94.93 E3037.53997
G1 X197.828 Y94.795 E3037.56246
G1 X198.057 Y94.655 E3037.58032
G1 X198.328 Y94.433 E3037.60362
G1 X198.533 Y94.205 E3037.62402
G1 X198.723 Y93.918 E3037.64691
G1 X198.865 Y93.608 E3037.66959
G1 X198.951 Y93.307 E3037.69042
G1 X198.994 Y93.005 E3037.71071
G1 X198.997 Y92.736 E3037.7286
G1 X198.96 Y92.434 E3037.74884
G1 X198.892 Y92.17 E3037.76698
G1 X198.794 Y91.92 E3037.78484
G1 X198.624 Y91.62 E3037.80778
G1 X198.435 Y91.379 E3037.82815
G0 F9000 X199.186 Y90.871
G1 F1639.2 X199.346 Y91.081 E3037.84571
G1 X199.492 Y91.313 E3037.86395
G1 X199.634 Y91.594 E3037.88489
G1 X199.752 Y91.908 E3037.9072
G1 X199.82 Y92.152 E3037.92405
G1 X199.867 Y92.407 E3037.9413
G1 X199.895 Y92.685 E3037.95989
G1 X199.897 Y92.961 E3037.97825
G1 X199.876 Y93.239 E3037.99679
G1 X199.829 Y93.511 E3038.01516
G1 X199.765 Y93.756 E3038.032
G1 X199.675 Y94.01 E3038.04993
G1 X199.507 Y94.361 E3038.07581
G1 X199.335 Y94.635 E3038.09733
G1 X199.178 Y94.84 E3038.11451
G1 X198.951 Y95.082 E3038.13658
G1 X198.712 Y95.289 E3038.15761
G1 X198.484 Y95.452 E3038.17626
G1 X198.211 Y95.61 E3038.19724
G1 X197.908 Y95.745 E3038.2193
G1 X197.585 Y95.849 E3038.24188
G1 X197.295 Y95.91 E3038.26159
G1 X196.957 Y95.945 E3038.28419
G1 X196.676 Y95.948 E3038.30289
G1 X196.37 Y95.92 E3038.32333
G1 X196.105 Y95.871 E3038.34125
G1 X195.845 Y95.8 E3038.35918
G1 X195.591 Y95.705 E3038.37722
G1 X195.296 Y95.56 E3038.39909
G1 X195.063 Y95.418 E3038.41724
G1 X194.837 Y95.249 E3038.43601
G1 X194.633 Y95.067 E3038.45419
G1 X194.413 Y94.829 E3038.47575
G1 X194.253 Y94.619 E3038.49332
G1 X194.107 Y94.387 E3038.51155
G1 X193.965 Y94.106 E3038.53249
G1 X193.847 Y93.792 E3038.55481
G1 X193.779 Y93.548 E3038.57166
G1 X193.731 Y93.285 E3038.58944
G1 X193.704 Y93.005 E3038.60815
G1 X193.703 Y92.691 E3038.62904
G1 X193.74 Y92.349 E3038.65192
G1 X193.79 Y92.102 E3038.66869
G1 X193.872 Y91.828 E3038.68771
G1 X193.99 Y91.539 E3038.70848
G1 X194.15 Y91.239 E3038.73109
G1 X194.367 Y90.926 E3038.75643
G1 X194.654 Y90.612 E3038.78473
G1 X194.983 Y90.338 E3038.81321
G1 X195.265 Y90.156 E3038.83553
G1 X195.502 Y90.035 E3038.85324
G1 X195.738 Y89.938 E3038.87021
G1 X196.053 Y89.842 E3038.89211
G1 X196.356 Y89.782 E3038.91266
G1 X196.694 Y89.752 E3038.93523
G1 X196.979 Y89.755 E3038.95419
G1 X197.229 Y89.78 E3038.97091
G1 X197.492 Y89.828 E3038.98869
G1 X197.754 Y89.9 E3039.00676
G1 X198.008 Y89.995 E3039.0248
G1 X198.303 Y90.14 E3039.04667
G1 X198.535 Y90.281 E3039.06473
G1 X198.762 Y90.451 E3039.08359
G1 X198.966 Y90.633 E3039.10178
G1 X199.186 Y90.871 E3039.12334
G0 F9000 X198.8 Y91.124
;TYPE:SKIN
G1 F1434.3 X199.2 Y91.754 E3039.13862
G1 X198 Y90.491 E3039.1743
G1 X196.8 Y90.201 E3039.19959
G1 X195.6 Y90.488 E3039.22486
G1 X194.8 Y91.122 E3039.24576
G1 X194.4 Y91.764 E3039.26126
G0 F9000 X194.4 Y92.047
G0 X194.4 Y93.644
G0 X194.4 Y93.934
G1 F1434.3 X194.8 Y94.576 E3039.27891
G1 X196 Y95.374 E3039.31256
G1 X197.2 Y95.465 E3039.34065
G1 X198.4 Y94.952 E3039.37112
G1 X199.2 Y93.936 E3039.40131
G1 F1500 E3038.40131
G0 F9000 X197.868 Y93.235
G0 X104.262 Y92.447
G0 X105.195 Y91.92
;TYPE:WALL-OUTER
G1 F1500 E3039.42791
G1 F1639.2 X105.025 Y91.62 E3039.45085
G1 X104.836 Y91.379 E3039.47122
G1 X104.615 Y91.164 E3039.49173
G1 X104.397 Y91.003 E3039.50976
G1 X104.165 Y90.872 E3039.52748
G1 X103.881 Y90.758 E3039.54784
G1 X103.582 Y90.683 E3039.56835
G1 X103.283 Y90.651 E3039.58835
G1 X103.161 Y90.65 E3039.59647
G1 X102.858 Y90.676 E3039.6167
G1 X102.482 Y90.77 E3039.64248
G1 X102.172 Y90.905 E3039.66497
G1 X101.943 Y91.045 E3039.68282
G1 X101.73 Y91.213 E3039.70087
G1 X101.54 Y91.406 E3039.71888
G1 X101.375 Y91.621 E3039.73691
G1 X101.206 Y91.921 E3039.75982
G1 X101.085 Y92.244 E3039.78276
G1 X101.022 Y92.543 E3039.80309
G1 X101 Y92.851 E3039.82363
G1 X101.022 Y93.159 E3039.84417
G1 X101.085 Y93.456 E3039.86436
G1 X101.203 Y93.775 E3039.88699
G1 X101.376 Y94.08 E3039.91032
G1 X101.565 Y94.321 E3039.93069
G1 X101.786 Y94.536 E3039.9512
G1 X102.004 Y94.697 E3039.96923
G1 X102.236 Y94.828 E3039.98695
G1 X102.52 Y94.942 E3040.00731
G1 X102.819 Y95.017 E3040.02781
G1 X103.118 Y95.049 E3040.04781
G1 X103.389 Y95.043 E3040.06585
G1 X103.658 Y95.002 E3040.08395
G1 X103.919 Y94.93 E3040.10196
G1 X104.229 Y94.795 E3040.12445
G1 X104.458 Y94.655 E3040.1423
G1 X104.729 Y94.433 E3040.16561
G1 X104.934 Y94.205 E3040.186
G1 X105.124 Y93.918 E3040.2089
G1 X105.266 Y93.608 E3040.23158
G1 X105.352 Y93.307 E3040.2524
G1 X105.395 Y93.005 E3040.2727
G1 X105.398 Y92.736 E3040.29059
G1 X105.361 Y92.434 E3040.31083
G1 X105.293 Y92.17 E3040.32896
G1 X105.195 Y91.92 E3040.34683
G0 F9000 X106.035 Y91.594
G1 F1639.2 X106.153 Y91.908 E3040.36914
G1 X106.221 Y92.152 E3040.38599
G1 X106.268 Y92.407 E3040.40324
G1 X106.296 Y92.685 E3040.42182
G1 X106.298 Y92.961 E3040.44018
G1 X106.277 Y93.239 E3040.45873
G1 X106.23 Y93.511 E3040.47709
G1 X106.166 Y93.756 E3040.49394
G1 X106.076 Y94.01 E3040.51186
G1 X105.908 Y94.361 E3040.53775
G1 X105.736 Y94.635 E3040.55927
G1 X105.579 Y94.84 E3040.57644
G1 X105.352 Y95.082 E3040.59851
G1 X105.113 Y95.289 E3040.61955
G1 X104.885 Y95.452 E3040.63819
G1 X104.612 Y95.61 E3040.65917
G1 X104.309 Y95.745 E3040.68124
G1 X103.986 Y95.849 E3040.70381
G1 X103.696 Y95.91 E3040.72352
G1 X103.358 Y95.945 E3040.74613
G1 X103.077 Y95.948 E3040.76482
G1 X102.771 Y95.92 E3040.78526
G1 X102.506 Y95.871 E3040.80319
G1 X102.246 Y95.8 E3040.82112
G1 X101.992 Y95.705 E3040.83916
G1 X101.697 Y95.56 E3040.86102
G1 X101.464 Y95.418 E3040.87917
G1 X101.238 Y95.249 E3040.89794
G1 X101.034 Y95.067 E3040.91613
G1 X100.814 Y94.829 E3040.93769
G1 X100.654 Y94.619 E3040.95525
G1 X100.508 Y94.387 E3040.97349
G1 X100.366 Y94.106 E3040.99443
G1 X100.248 Y93.792 E3041.01674
G1 X100.18 Y93.548 E3041.03359
G1 X100.132 Y93.285 E3041.05138
G1 X100.105 Y93.005 E3041.07009
G1 X100.104 Y92.691 E3041.09098
G1 X100.141 Y92.349 E3041.11386
G1 X100.191 Y92.102 E3041.13062
G1 X100.273 Y91.828 E3041.14965
G1 X100.391 Y91.539 E3041.17041
G1 X100.551 Y91.239 E3041.19303
G1 X100.768 Y90.926 E3041.21836
G1 X101.055 Y90.612 E3041.24666
G1 X101.384 Y90.338 E3041.27514
G1 X101.666 Y90.156 E3041.29747
G1 X101.903 Y90.035 E3041.31517
G1 X102.139 Y89.938 E3041.33214
G1 X102.454 Y89.842 E3041.35405
G1 X102.757 Y89.782 E3041.3746
G1 X103.095 Y89.752 E3041.39717
G1 X103.38 Y89.755 E3041.41613
G1 X103.63 Y89.78 E3041.43284
G1 X103.893 Y89.828 E3041.45062
G1 X104.155 Y89.9 E3041.4687
G1 X104.409 Y89.995 E3041.48674
G1 X104.704 Y90.14 E3041.5086
G1 X104.936 Y90.281 E3041.52666
G1 X105.163 Y90.451 E3041.54553
G1 X105.367 Y90.633 E3041.56371
G1 X105.587 Y90.871 E3041.58527
G1 X105.747 Y91.081 E3041.60284
G1 X105.893 Y91.313 E3041.62107
G1 X106.035 Y91.594 E3041.64201
G0 F9000 X105.599 Y91.752
;TYPE:SKIN
G1 F1434.3 X105.199 Y91.122 E3041.65828
G1 X103.999 Y90.323 E3041.68969
G1 X102.799 Y90.229 E3041.71592
G1 X101.599 Y90.742 E3041.74436
G1 X100.799 Y91.765 E3041.77267
G0 F9000 X100.799 Y92.049
G0 X100.799 Y93.651
G0 X100.799 Y93.937
G1 F1434.3 X101.199 Y94.574 E3041.79018
G1 X102.399 Y95.374 E3041.82376
G1 X103.599 Y95.465 E3041.85178
G1 X104.799 Y94.952 E3041.88216
G1 X105.599 Y93.938 E3041.91223
G1 F1500 E3040.91223
G0 F9000 X106.846 Y94.865
G0 X103.825 Y211.916
G0 X104.615 Y211.179
;TYPE:WALL-OUTER
G1 F1500 E3041.93884
G1 F1639.2 X104.397 Y211.018 E3041.95687
G1 X104.165 Y210.887 E3041.97459
G1 X103.881 Y210.773 E3041.99495
G1 X103.582 Y210.698 E3042.01545
G1 X103.283 Y210.666 E3042.03546
G1 X103.161 Y210.665 E3042.04357
G1 X102.858 Y210.691 E3042.0638
G1 X102.482 Y210.785 E3042.08958
G1 X102.172 Y210.92 E3042.11208
G1 X101.943 Y211.06 E3042.12993
G1 X101.73 Y211.228 E3042.14798
G1 X101.54 Y211.421 E3042.16599
G1 X101.375 Y211.636 E3042.18402
G1 X101.206 Y211.936 E3042.20692
G1 X101.085 Y212.259 E3042.22987
G1 X101.022 Y212.558 E3042.25019
G1 X101 Y212.866 E3042.27074
G1 X101.022 Y213.174 E3042.29128
G1 X101.085 Y213.471 E3042.31147
G1 X101.203 Y213.79 E3042.3341
G1 X101.376 Y214.095 E3042.35742
G1 X101.565 Y214.336 E3042.3778
G1 X101.786 Y214.551 E3042.39831
G1 X102.004 Y214.712 E3042.41633
G1 X102.236 Y214.843 E3042.43406
G1 X102.52 Y214.957 E3042.45441
G1 X102.819 Y215.032 E3042.47492
G1 X103.118 Y215.064 E3042.49492
G1 X103.389 Y215.058 E3042.51295
G1 X103.658 Y215.017 E3042.53105
G1 X103.919 Y214.945 E3042.54906
G1 X104.229 Y214.81 E3042.57156
G1 X104.458 Y214.67 E3042.58941
G1 X104.729 Y214.448 E3042.61271
G1 X104.934 Y214.22 E3042.63311
G1 X105.124 Y213.933 E3042.65601
G1 X105.266 Y213.623 E3042.67869
G1 X105.352 Y213.322 E3042.69951
G1 X105.395 Y213.02 E3042.7198
G1 X105.398 Y212.751 E3042.7377
G1 X105.361 Y212.449 E3042.75794
G1 X105.293 Y212.185 E3042.77607
G1 X105.195 Y211.935 E3042.79393
G1 X105.025 Y211.635 E3042.81687
G1 X104.836 Y211.394 E3042.83724
G1 X104.615 Y211.179 E3042.85775
G0 F9000 X105.367 Y210.648
G1 F1639.2 X105.587 Y210.886 E3042.87931
G1 X105.747 Y211.096 E3042.89688
G1 X105.893 Y211.328 E3042.91511
G1 X106.035 Y211.609 E3042.93605
G1 X106.153 Y211.923 E3042.95837
G1 X106.221 Y212.167 E3042.97522
G1 X106.268 Y212.422 E3042.99247
G1 X106.296 Y212.7 E3043.01105
G1 X106.298 Y212.976 E3043.02941
G1 X106.277 Y213.254 E3043.04796
G1 X106.23 Y213.526 E3043.06632
G1 X106.166 Y213.771 E3043.08316
G1 X106.076 Y214.025 E3043.10109
G1 X105.908 Y214.376 E3043.12697
G1 X105.736 Y214.65 E3043.14849
G1 X105.579 Y214.855 E3043.16567
G1 X105.352 Y215.097 E3043.18774
G1 X105.113 Y215.304 E3043.20877
G1 X104.885 Y215.467 E3043.22742
G1 X104.612 Y215.625 E3043.2484
G1 X104.309 Y215.76 E3043.27047
G1 X103.986 Y215.864 E3043.29304
G1 X103.696 Y215.925 E3043.31275
G1 X103.358 Y215.96 E3043.33535
G1 X103.077 Y215.963 E3043.35405
G1 X102.771 Y215.935 E3043.37449
G1 X102.506 Y215.886 E3043.39242
G1 X102.246 Y215.815 E3043.41034
G1 X101.992 Y215.72 E3043.42838
G1 X101.697 Y215.575 E3043.45025
G1 X101.464 Y215.433 E3043.4684
G1 X101.238 Y215.264 E3043.48717
G1 X101.034 Y215.082 E3043.50536
G1 X100.814 Y214.844 E3043.52692
G1 X100.654 Y214.634 E3043.54448
G1 X100.508 Y214.402 E3043.56271
G1 X100.366 Y214.121 E3043.58366
G1 X100.248 Y213.807 E3043.60597
G1 X100.18 Y213.563 E3043.62282
G1 X100.132 Y213.3 E3043.6406
G1 X100.105 Y213.02 E3043.65932
G1 X100.104 Y212.706 E3043.6802
G1 X100.141 Y212.364 E3043.70309
G1 X100.191 Y212.117 E3043.71985
G1 X100.273 Y211.843 E3043.73887
G1 X100.391 Y211.554 E3043.75964
G1 X100.551 Y211.254 E3043.78226
G1 X100.768 Y210.941 E3043.80759
G1 X101.055 Y210.627 E3043.83589
G1 X101.384 Y210.353 E3043.86437
G1 X101.666 Y210.171 E3043.8867
G1 X101.903 Y210.05 E3043.9044
G1 X102.139 Y209.953 E3043.92137
G1 X102.454 Y209.857 E3043.94328
G1 X102.757 Y209.797 E3043.96382
G1 X103.095 Y209.767 E3043.9864
G1 X103.38 Y209.77 E3044.00535
G1 X103.63 Y209.795 E3044.02207
G1 X103.893 Y209.843 E3044.03985
G1 X104.155 Y209.915 E3044.05793
G1 X104.409 Y210.01 E3044.07597
G1 X104.704 Y210.155 E3044.09783
G1 X104.936 Y210.296 E3044.11589
G1 X105.163 Y210.466 E3044.13476
G1 X105.367 Y210.648 E3044.15294
G0 F9000 X105.199 Y211.138
;TYPE:SKIN
G1 F1434.3 X105.599 Y211.768 E3044.16822
G1 X104.399 Y210.507 E3044.20386
G1 X103.199 Y210.217 E3044.22913
G1 X101.999 Y210.504 E3044.25439
G1 X101.199 Y211.14 E3044.27531
G1 X100.799 Y211.781 E3044.29078
G0 F9000 X100.799 Y212.065
G0 X100.799 Y213.667
G0 X100.799 Y213.953
G1 F1434.3 X101.199 Y214.59 E3044.30829
G1 X102.399 Y215.39 E3044.34187
G1 X103.599 Y215.481 E3044.36989
G1 X104.799 Y214.968 E3044.40028
G1 X105.599 Y213.954 E3044.43035
G1 F1500 E3043.43035
G0 F9000 X107.238 Y213.884
G0 X197.071 Y211.762
G0 X197.764 Y210.887
;TYPE:WALL-OUTER
G1 F1500 E3044.45696
G1 F1639.2 X197.48 Y210.773 E3044.47731
G1 X197.181 Y210.698 E3044.49782
G1 X196.882 Y210.666 E3044.51782
G1 X196.76 Y210.665 E3044.52594
G1 X196.457 Y210.691 E3044.54617
G1 X196.081 Y210.785 E3044.57195
G1 X195.771 Y210.92 E3044.59444
G1 X195.542 Y211.06 E3044.61229
G1 X195.329 Y211.228 E3044.63034
G1 X195.139 Y211.421 E3044.64836
G1 X194.974 Y211.636 E3044.66638
G1 X194.805 Y211.936 E3044.68929
G1 X194.684 Y212.259 E3044.71223
G1 X194.621 Y212.558 E3044.73256
G1 X194.6 Y212.829 E3044.75064
G1 X194.615 Y213.129 E3044.77062
G1 X194.673 Y213.43 E3044.79101
G1 X194.805 Y213.795 E3044.81683
G1 X194.975 Y214.095 E3044.83977
G1 X195.164 Y214.336 E3044.86014
G1 X195.385 Y214.551 E3044.88065
G1 X195.603 Y214.712 E3044.89868
G1 X195.835 Y214.843 E3044.9164
G1 X196.119 Y214.957 E3044.93676
G1 X196.418 Y215.032 E3044.95726
G1 X196.717 Y215.064 E3044.97727
G1 X196.988 Y215.058 E3044.9953
G1 X197.257 Y215.017 E3045.0134
G1 X197.518 Y214.945 E3045.03141
G1 X197.828 Y214.81 E3045.0539
G1 X198.057 Y214.67 E3045.07176
G1 X198.328 Y214.448 E3045.09506
G1 X198.533 Y214.22 E3045.11546
G1 X198.723 Y213.933 E3045.13835
G1 X198.865 Y213.623 E3045.16103
G1 X198.951 Y213.322 E3045.18186
G1 X198.994 Y213.02 E3045.20215
G1 X198.997 Y212.751 E3045.22004
G1 X198.96 Y212.449 E3045.24028
G1 X198.892 Y212.185 E3045.25842
G1 X198.794 Y211.935 E3045.27628
G1 X198.624 Y211.635 E3045.29922
G1 X198.435 Y211.394 E3045.31959
G1 X198.214 Y211.179 E3045.3401
G1 X197.996 Y211.018 E3045.35813
G1 X197.764 Y210.887 E3045.37585
G0 F9000 X198.008 Y210.01
G1 F1639.2 X198.303 Y210.155 E3045.39772
G1 X198.535 Y210.296 E3045.41578
G1 X198.762 Y210.466 E3045.43464
G1 X198.966 Y210.648 E3045.45283
G1 X199.186 Y210.886 E3045.47439
G1 X199.346 Y211.096 E3045.49195
G1 X199.492 Y211.328 E3045.51018
G1 X199.634 Y211.609 E3045.53113
G1 X199.752 Y211.923 E3045.55344
G1 X199.82 Y212.167 E3045.57029
G1 X199.867 Y212.422 E3045.58754
G1 X199.895 Y212.7 E3045.60612
G1 X199.897 Y212.976 E3045.62448
G1 X199.876 Y213.254 E3045.64303
G1 X199.829 Y213.526 E3045.66139
G1 X199.765 Y213.771 E3045.67823
G1 X199.675 Y214.025 E3045.69616
G1 X199.507 Y214.376 E3045.72205
G1 X199.335 Y214.65 E3045.74357
G1 X199.178 Y214.855 E3045.76074
G1 X198.951 Y215.097 E3045.78281
G1 X198.712 Y215.304 E3045.80385
G1 X198.484 Y215.467 E3045.82249
G1 X198.211 Y215.625 E3045.84347
G1 X197.908 Y215.76 E3045.86554
G1 X197.585 Y215.864 E3045.88811
G1 X197.295 Y215.925 E3045.90782
G1 X196.957 Y215.96 E3045.93043
G1 X196.676 Y215.963 E3045.94912
G1 X196.37 Y215.935 E3045.96956
G1 X196.105 Y215.886 E3045.98749
G1 X195.845 Y215.815 E3046.00542
G1 X195.591 Y215.72 E3046.02346
G1 X195.296 Y215.575 E3046.04532
G1 X195.063 Y215.433 E3046.06347
G1 X194.837 Y215.264 E3046.08224
G1 X194.633 Y215.082 E3046.10043
G1 X194.413 Y214.844 E3046.12199
G1 X194.253 Y214.634 E3046.13955
G1 X194.107 Y214.402 E3046.15779
G1 X193.965 Y214.121 E3046.17873
G1 X193.847 Y213.807 E3046.20104
G1 X193.779 Y213.563 E3046.21789
G1 X193.731 Y213.3 E3046.23568
G1 X193.704 Y213.02 E3046.25439
G1 X193.703 Y212.706 E3046.27527
G1 X193.74 Y212.364 E3046.29816
G1 X193.79 Y212.117 E3046.31492
G1 X193.872 Y211.843 E3046.33395
G1 X193.99 Y211.554 E3046.35471
G1 X194.15 Y211.254 E3046.37733
G1 X194.367 Y210.941 E3046.40266
G1 X194.654 Y210.627 E3046.43096
G1 X194.983 Y210.353 E3046.45944
G1 X195.265 Y210.171 E3046.48177
G1 X195.502 Y210.05 E3046.49947
G1 X195.738 Y209.953 E3046.51644
G1 X196.053 Y209.857 E3046.53835
G1 X196.356 Y209.797 E3046.5589
G1 X196.694 Y209.767 E3046.58147
G1 X196.979 Y209.77 E3046.60043
G1 X197.229 Y209.795 E3046.61714
G1 X197.492 Y209.843 E3046.63492
G1 X197.754 Y209.915 E3046.653
G1 X198.008 Y210.01 E3046.67104
G0 F9000 X197.999 Y210.506
;TYPE:SKIN
G1 F1434.3 X198.399 Y210.756 E3046.68413
G1 X199.199 Y211.769 E3046.71996
G0 F9000 X199.199 Y212.049
G0 X199.199 Y213.668
G0 X199.199 Y213.951
G1 F1434.3 X198.799 Y214.594 E3046.7376
G1 X197.599 Y215.387 E3046.7711
G1 X196.399 Y215.482 E3046.79914
G1 X195.199 Y214.973 E3046.82951
G1 X194.399 Y213.949 E3046.85978
G0 F9000 X194.399 Y213.659
G0 X194.399 Y212.062
G0 X194.399 Y211.779
G1 F1434.3 X194.799 Y211.137 E3046.87821
G1 X195.999 Y210.341 E3046.91329
G1 X197.199 Y210.245 E3046.94263
G0 F9000 X197.599 Y210.458
G1 F1434.3 X197.599 Y210.219 E3046.95057
G1 F1500 E3045.95057
;MESH:NONMESH
G0 F300 X197.599 Y210.219 Z6.8
G0 F9000 X197.75 Y208.81
G0 X197.739 Y92.212
G0 X198.357 Y91.296
;TIME_ELAPSED:6187.889819
;LAYER:33
;TYPE:WALL-OUTER
;MESH:Top of Case V2.STL
G1 F1500 E3046.97718
G1 F1755.2 X198.125 Y91.093 E3046.99769
G1 X197.868 Y90.927 E3047.01804
G1 X197.624 Y90.81 E3047.03604
G1 X197.332 Y90.715 E3047.05647
G1 X197.032 Y90.662 E3047.07673
G1 X196.763 Y90.65 E3047.09464
G1 X196.497 Y90.671 E3047.11239
G1 X196.196 Y90.734 E3047.13285
G1 X195.94 Y90.825 E3047.15092
G1 X195.665 Y90.964 E3047.17142
G1 X195.448 Y91.114 E3047.18897
G1 X195.189 Y91.351 E3047.21232
G1 X195 Y91.585 E3047.23233
G1 X194.857 Y91.817 E3047.25046
G1 X194.732 Y92.097 E3047.27086
G1 X194.648 Y92.393 E3047.29132
G1 X194.605 Y92.695 E3047.31162
G1 X194.602 Y92.963 E3047.32944
G1 X194.639 Y93.267 E3047.34982
G1 X194.718 Y93.563 E3047.37019
G1 X194.876 Y93.918 E3047.39604
G1 X195.065 Y94.203 E3047.41879
G1 X195.242 Y94.404 E3047.43661
G1 X195.474 Y94.607 E3047.45711
G1 X195.729 Y94.772 E3047.47732
G1 X195.975 Y94.89 E3047.49547
G1 X196.267 Y94.985 E3047.51589
G1 X196.567 Y95.038 E3047.53616
G1 X196.836 Y95.05 E3047.55407
G1 X197.102 Y95.029 E3047.57182
G1 X197.403 Y94.966 E3047.59228
G1 X197.659 Y94.875 E3047.61035
G1 X197.934 Y94.736 E3047.63085
G1 X198.151 Y94.586 E3047.64839
G1 X198.41 Y94.349 E3047.67175
G1 X198.599 Y94.115 E3047.69176
G1 X198.742 Y93.883 E3047.70988
G1 X198.867 Y93.603 E3047.73028
G1 X198.951 Y93.307 E3047.75075
G1 X198.994 Y93.005 E3047.77104
G1 X198.997 Y92.737 E3047.78887
G1 X198.96 Y92.433 E3047.80924
G1 X198.881 Y92.137 E3047.82962
G1 X198.723 Y91.782 E3047.85547
G1 X198.534 Y91.497 E3047.87822
G1 X198.357 Y91.296 E3047.89603
G0 F9000 X199.136 Y90.813
G1 F1755.2 X199.341 Y91.074 E3047.91811
G1 X199.491 Y91.311 E3047.93677
G1 X199.638 Y91.603 E3047.95851
G1 X199.734 Y91.85 E3047.97614
G1 X199.823 Y92.168 E3047.99811
G1 X199.868 Y92.418 E3048.015
G1 X199.896 Y92.701 E3048.03392
G1 X199.896 Y93.006 E3048.05421
G1 X199.859 Y93.349 E3048.07716
G1 X199.805 Y93.614 E3048.09515
G1 X199.709 Y93.918 E3048.11636
G1 X199.61 Y94.16 E3048.13375
G1 X199.449 Y94.46 E3048.1564
G1 X199.337 Y94.632 E3048.17005
G1 X199.175 Y94.842 E3048.18769
G1 X198.992 Y95.041 E3048.20568
G1 X198.697 Y95.301 E3048.23183
G1 X198.389 Y95.511 E3048.25663
G1 X198.105 Y95.662 E3048.27803
G1 X197.866 Y95.761 E3048.29524
G1 X197.543 Y95.859 E3048.31769
G1 X197.216 Y95.921 E3048.33983
G1 X196.91 Y95.948 E3048.36026
G1 X196.623 Y95.945 E3048.37936
G1 X196.366 Y95.921 E3048.39653
G1 X196.091 Y95.868 E3048.41516
G1 X195.829 Y95.795 E3048.43325
G1 X195.593 Y95.706 E3048.45003
G1 X195.334 Y95.582 E3048.46913
G1 X195.056 Y95.414 E3048.49073
G1 X194.839 Y95.251 E3048.50879
G1 X194.648 Y95.082 E3048.52575
G1 X194.463 Y94.887 E3048.54363
G1 X194.257 Y94.624 E3048.56586
G1 X194.108 Y94.389 E3048.58437
G1 X193.961 Y94.097 E3048.60611
G1 X193.865 Y93.85 E3048.62374
G1 X193.776 Y93.532 E3048.64571
G1 X193.729 Y93.268 E3048.66354
G1 X193.703 Y92.999 E3048.68152
G1 X193.703 Y92.694 E3048.70181
G1 X193.74 Y92.348 E3048.72496
G1 X193.794 Y92.086 E3048.74275
G1 X193.891 Y91.779 E3048.76417
G1 X193.987 Y91.545 E3048.78099
G1 X194.15 Y91.24 E3048.804
G1 X194.365 Y90.93 E3048.82909
G1 X194.607 Y90.659 E3048.85326
G1 X194.853 Y90.437 E3048.8753
G1 X195.068 Y90.278 E3048.89309
G1 X195.302 Y90.136 E3048.9113
G1 X195.596 Y89.993 E3048.93305
G1 X195.843 Y89.902 E3048.95056
G1 X196.169 Y89.815 E3048.973
G1 X196.491 Y89.766 E3048.99467
G1 X196.856 Y89.751 E3049.01897
G1 X197.233 Y89.779 E3049.04411
G1 X197.508 Y89.832 E3049.06274
G1 X197.77 Y89.905 E3049.08084
G1 X198.006 Y89.994 E3049.09761
G1 X198.265 Y90.118 E3049.11672
G1 X198.539 Y90.283 E3049.13799
G1 X198.76 Y90.449 E3049.15638
G1 X198.949 Y90.616 E3049.17316
G1 X199.136 Y90.813 E3049.19122
G0 F9000 X198.867 Y91.2
;TYPE:SKIN
G1 F1535.8 X198.472 Y90.8 E3049.20143
G1 X197.766 Y90.4 E3049.21615
G1 X195.838 Y90.4 E3049.25115
G1 X194.732 Y91.2 E3049.27592
G1 X194.19 Y92.4 E3049.29982
G1 X194.262 Y93.6 E3049.32164
G1 X195.015 Y94.8 E3049.34735
G1 X195.599 Y95.2 E3049.3602
G1 X196.786 Y95.6 E3049.38293
G1 X197.995 Y95.2 E3049.40605
G1 X198.943 Y94.4 E3049.42856
G1 X199.421 Y93.2 E3049.45201
G1 X199.307 Y92 E3049.47388
G1 X199.133 Y91.6 E3049.4818
G1 F1500 E3048.4818
G0 F9000 X197.739 Y92.212
G0 X104.274 Y92.479
G0 X105.241 Y92.029
;TYPE:WALL-OUTER
G1 F1500 E3049.50841
G1 F1755.2 X105.124 Y91.782 E3049.52659
G1 X104.935 Y91.497 E3049.54934
G1 X104.758 Y91.296 E3049.56715
G1 X104.526 Y91.093 E3049.58766
G1 X104.269 Y90.927 E3049.60801
G1 X104.025 Y90.81 E3049.62601
G1 X103.733 Y90.715 E3049.64644
G1 X103.433 Y90.662 E3049.6667
G1 X103.164 Y90.65 E3049.68462
G1 X102.898 Y90.671 E3049.70237
G1 X102.597 Y90.734 E3049.72282
G1 X102.341 Y90.825 E3049.74089
G1 X102.066 Y90.964 E3049.76139
G1 X101.849 Y91.114 E3049.77894
G1 X101.59 Y91.351 E3049.80229
G1 X101.401 Y91.585 E3049.8223
G1 X101.258 Y91.817 E3049.84043
G1 X101.133 Y92.097 E3049.86083
G1 X101.049 Y92.393 E3049.8813
G1 X101.006 Y92.695 E3049.90159
G1 X101.008 Y93.04 E3049.92454
G1 X101.057 Y93.343 E3049.94495
G1 X101.133 Y93.603 E3049.96297
G1 X101.258 Y93.883 E3049.98337
G1 X101.42 Y94.143 E3050.00375
G1 X101.593 Y94.352 E3050.0218
G1 X101.786 Y94.536 E3050.03953
G1 X102.004 Y94.697 E3050.05756
G1 X102.236 Y94.828 E3050.07529
G1 X102.52 Y94.942 E3050.09564
G1 X102.819 Y95.017 E3050.11615
G1 X103.086 Y95.048 E3050.13403
G1 X103.356 Y95.045 E3050.15199
G1 X103.656 Y95.004 E3050.17213
G1 X103.919 Y94.93 E3050.19031
G1 X104.2 Y94.811 E3050.2106
G1 X104.462 Y94.652 E3050.23099
G1 X104.728 Y94.434 E3050.25387
G1 X104.91 Y94.235 E3050.27181
G1 X105.067 Y94.015 E3050.28979
G1 X105.211 Y93.745 E3050.31014
G1 X105.316 Y93.456 E3050.3306
G1 X105.379 Y93.157 E3050.35092
G1 X105.4 Y92.886 E3050.369
G1 X105.385 Y92.585 E3050.38905
G1 X105.327 Y92.283 E3050.40951
G1 X105.241 Y92.029 E3050.42734
G0 F9000 X106.039 Y91.603
G1 F1755.2 X106.135 Y91.85 E3050.44497
G1 X106.224 Y92.168 E3050.46694
G1 X106.269 Y92.418 E3050.48384
G1 X106.297 Y92.701 E3050.50275
G1 X106.297 Y93.006 E3050.52304
G1 X106.26 Y93.349 E3050.54599
G1 X106.206 Y93.614 E3050.56398
G1 X106.109 Y93.921 E3050.5854
G1 X106.011 Y94.16 E3050.60258
G1 X105.85 Y94.46 E3050.62523
G1 X105.74 Y94.629 E3050.63864
G1 X105.576 Y94.842 E3050.65652
G1 X105.393 Y95.041 E3050.67451
G1 X105.098 Y95.301 E3050.70067
G1 X104.79 Y95.511 E3050.72546
G1 X104.506 Y95.662 E3050.74686
G1 X104.267 Y95.761 E3050.76407
G1 X103.944 Y95.859 E3050.78652
G1 X103.617 Y95.921 E3050.80866
G1 X103.311 Y95.948 E3050.8291
G1 X103.024 Y95.945 E3050.84819
G1 X102.767 Y95.921 E3050.86536
G1 X102.492 Y95.868 E3050.88399
G1 X102.23 Y95.795 E3050.90208
G1 X101.994 Y95.706 E3050.91886
G1 X101.735 Y95.582 E3050.93796
G1 X101.457 Y95.414 E3050.95957
G1 X101.24 Y95.251 E3050.97762
G1 X101.049 Y95.082 E3050.99458
G1 X100.864 Y94.887 E3051.01246
G1 X100.658 Y94.624 E3051.03469
G1 X100.509 Y94.389 E3051.0532
G1 X100.362 Y94.097 E3051.07494
G1 X100.266 Y93.85 E3051.09257
G1 X100.177 Y93.532 E3051.11454
G1 X100.13 Y93.268 E3051.13238
G1 X100.104 Y92.999 E3051.15035
G1 X100.104 Y92.694 E3051.17064
G1 X100.141 Y92.348 E3051.19379
G1 X100.195 Y92.086 E3051.21158
G1 X100.292 Y91.779 E3051.233
G1 X100.388 Y91.545 E3051.24982
G1 X100.551 Y91.24 E3051.27283
G1 X100.766 Y90.93 E3051.29792
G1 X101.008 Y90.659 E3051.32209
G1 X101.254 Y90.437 E3051.34414
G1 X101.469 Y90.278 E3051.36192
G1 X101.703 Y90.136 E3051.38013
G1 X101.997 Y89.993 E3051.40188
G1 X102.244 Y89.902 E3051.41939
G1 X102.57 Y89.815 E3051.44183
G1 X102.892 Y89.766 E3051.4635
G1 X103.257 Y89.751 E3051.4878
G1 X103.634 Y89.779 E3051.51295
G1 X103.909 Y89.832 E3051.53158
G1 X104.171 Y89.905 E3051.54967
G1 X104.407 Y89.994 E3051.56645
G1 X104.666 Y90.118 E3051.58555
G1 X104.94 Y90.283 E3051.60682
G1 X105.161 Y90.449 E3051.62521
G1 X105.35 Y90.616 E3051.64199
G1 X105.537 Y90.813 E3051.66006
G1 X105.742 Y91.074 E3051.68213
G1 X105.892 Y91.311 E3051.70079
G1 X106.039 Y91.603 E3051.72254
G0 F9000 X105.533 Y91.6
;TYPE:SKIN
G1 F1535.8 X105.268 Y91.2 E3051.73125
G1 X104.164 Y90.4 E3051.756
G1 X102.242 Y90.4 E3051.79088
G1 X101.134 Y91.2 E3051.81569
G1 X100.591 Y92.4 E3051.8396
G1 X100.664 Y93.6 E3051.86142
G1 X101.411 Y94.8 E3051.88708
G1 X102.007 Y95.2 E3051.90011
G1 X103.187 Y95.6 E3051.92273
G1 X104.395 Y95.2 E3051.94583
G1 X105.347 Y94.4 E3051.9684
G1 X105.825 Y93.2 E3051.99185
G1 X105.707 Y92 E3052.01374
G1 F1500 E3051.01374
G0 F9000 X107.324 Y92.276
G0 X107.342 Y93.292
G0 X103.878 Y211.953
G0 X104.758 Y211.311
;TYPE:WALL-OUTER
G1 F1500 E3052.04034
G1 F1755.2 X104.526 Y211.108 E3052.06085
G1 X104.269 Y210.942 E3052.0812
G1 X104.025 Y210.825 E3052.0992
G1 X103.733 Y210.73 E3052.11963
G1 X103.433 Y210.677 E3052.13989
G1 X103.164 Y210.665 E3052.15781
G1 X102.898 Y210.686 E3052.17556
G1 X102.597 Y210.749 E3052.19601
G1 X102.341 Y210.84 E3052.21408
G1 X102.066 Y210.979 E3052.23458
G1 X101.849 Y211.129 E3052.25213
G1 X101.59 Y211.366 E3052.27548
G1 X101.401 Y211.6 E3052.29549
G1 X101.258 Y211.832 E3052.31362
G1 X101.133 Y212.112 E3052.33402
G1 X101.049 Y212.408 E3052.35449
G1 X101.006 Y212.71 E3052.37478
G1 X101.008 Y213.055 E3052.39773
G1 X101.057 Y213.358 E3052.41814
G1 X101.133 Y213.618 E3052.43616
G1 X101.258 Y213.898 E3052.45656
G1 X101.42 Y214.158 E3052.47694
G1 X101.593 Y214.367 E3052.49499
G1 X101.786 Y214.551 E3052.51272
G1 X102.004 Y214.712 E3052.53075
G1 X102.236 Y214.843 E3052.54848
G1 X102.52 Y214.957 E3052.56883
G1 X102.819 Y215.032 E3052.58934
G1 X103.086 Y215.063 E3052.60722
G1 X103.356 Y215.06 E3052.62518
G1 X103.656 Y215.019 E3052.64532
G1 X103.919 Y214.945 E3052.6635
G1 X104.2 Y214.826 E3052.68379
G1 X104.462 Y214.667 E3052.70418
G1 X104.728 Y214.449 E3052.72706
G1 X104.91 Y214.25 E3052.745
G1 X105.067 Y214.03 E3052.76298
G1 X105.211 Y213.76 E3052.78333
G1 X105.316 Y213.471 E3052.80379
G1 X105.379 Y213.172 E3052.82411
G1 X105.4 Y212.901 E3052.84219
G1 X105.385 Y212.6 E3052.86224
G1 X105.327 Y212.298 E3052.8827
G1 X105.241 Y212.044 E3052.90054
G1 X105.124 Y211.797 E3052.91872
G1 X104.935 Y211.512 E3052.94146
G1 X104.758 Y211.311 E3052.95928
G0 F9000 X104.94 Y210.298
G1 F1755.2 X105.161 Y210.464 E3052.97767
G1 X105.35 Y210.631 E3052.99444
G1 X105.537 Y210.828 E3053.01251
G1 X105.742 Y211.089 E3053.03459
G1 X105.892 Y211.326 E3053.05325
G1 X106.039 Y211.618 E3053.07499
G1 X106.135 Y211.865 E3053.09262
G1 X106.224 Y212.183 E3053.11459
G1 X106.269 Y212.433 E3053.13148
G1 X106.297 Y212.716 E3053.1504
G1 X106.297 Y213.021 E3053.17069
G1 X106.26 Y213.364 E3053.19364
G1 X106.206 Y213.629 E3053.21163
G1 X106.109 Y213.936 E3053.23305
G1 X106.011 Y214.175 E3053.25023
G1 X105.85 Y214.475 E3053.27288
G1 X105.74 Y214.644 E3053.28629
G1 X105.576 Y214.857 E3053.30417
G1 X105.393 Y215.056 E3053.32216
G1 X105.098 Y215.316 E3053.34831
G1 X104.79 Y215.526 E3053.37311
G1 X104.506 Y215.677 E3053.39451
G1 X104.267 Y215.776 E3053.41172
G1 X103.944 Y215.874 E3053.43417
G1 X103.617 Y215.936 E3053.45631
G1 X103.311 Y215.963 E3053.47674
G1 X103.024 Y215.96 E3053.49583
G1 X102.767 Y215.936 E3053.513
G1 X102.492 Y215.883 E3053.53163
G1 X102.23 Y215.81 E3053.54973
G1 X101.994 Y215.721 E3053.5665
G1 X101.735 Y215.597 E3053.58561
G1 X101.457 Y215.429 E3053.60721
G1 X101.24 Y215.266 E3053.62527
G1 X101.049 Y215.097 E3053.64223
G1 X100.864 Y214.902 E3053.66011
G1 X100.658 Y214.639 E3053.68233
G1 X100.509 Y214.404 E3053.70084
G1 X100.362 Y214.112 E3053.72259
G1 X100.266 Y213.865 E3053.74022
G1 X100.177 Y213.547 E3053.76218
G1 X100.13 Y213.283 E3053.78002
G1 X100.104 Y213.014 E3053.798
G1 X100.104 Y212.709 E3053.81829
G1 X100.141 Y212.363 E3053.84144
G1 X100.195 Y212.101 E3053.85923
G1 X100.292 Y211.794 E3053.88065
G1 X100.388 Y211.56 E3053.89747
G1 X100.551 Y211.255 E3053.92048
G1 X100.766 Y210.945 E3053.94557
G1 X101.008 Y210.674 E3053.96974
G1 X101.254 Y210.452 E3053.99178
G1 X101.469 Y210.293 E3054.00957
G1 X101.703 Y210.151 E3054.02778
G1 X101.997 Y210.008 E3054.04953
G1 X102.244 Y209.917 E3054.06704
G1 X102.57 Y209.83 E3054.08948
G1 X102.892 Y209.781 E3054.11115
G1 X103.257 Y209.766 E3054.13545
G1 X103.634 Y209.794 E3054.16059
G1 X103.909 Y209.847 E3054.17922
G1 X104.171 Y209.92 E3054.19732
G1 X104.407 Y210.009 E3054.21409
G1 X104.666 Y210.133 E3054.2332
G1 X104.94 Y210.298 E3054.25447
G0 F9000 X104.119 Y210.4
;TYPE:SKIN
G1 F1535.8 X104.85 Y210.8 E3054.27122
G1 X105.701 Y212 E3054.30079
G1 X105.825 Y213.2 E3054.32504
G1 X105.356 Y214.4 E3054.35094
G1 X104.423 Y215.2 E3054.37564
G1 X103.19 Y215.6 E3054.40169
G1 X101.974 Y215.2 E3054.42742
G1 X101.043 Y214.4 E3054.4521
G1 X100.574 Y213.2 E3054.47799
G1 X100.696 Y212 E3054.50224
G1 X101.551 Y210.8 E3054.53185
G1 X102.292 Y210.4 E3054.54878
G1 F1500 E3053.54878
G0 F9000 X103.139 Y211.731
G0 X197.146 Y211.784
G0 X197.868 Y210.942
;TYPE:WALL-OUTER
G1 F1500 E3054.57539
G1 F1755.2 X197.624 Y210.825 E3054.59339
G1 X197.332 Y210.73 E3054.61381
G1 X197.032 Y210.677 E3054.63408
G1 X196.763 Y210.665 E3054.65199
G1 X196.497 Y210.686 E3054.66974
G1 X196.196 Y210.749 E3054.6902
G1 X195.94 Y210.84 E3054.70827
G1 X195.665 Y210.979 E3054.72877
G1 X195.448 Y211.129 E3054.74631
G1 X195.189 Y211.366 E3054.76967
G1 X195 Y211.6 E3054.78968
G1 X194.857 Y211.832 E3054.80781
G1 X194.732 Y212.112 E3054.8282
G1 X194.648 Y212.408 E3054.84867
G1 X194.605 Y212.71 E3054.86896
G1 X194.602 Y212.978 E3054.88679
G1 X194.639 Y213.282 E3054.90716
G1 X194.718 Y213.578 E3054.92754
G1 X194.876 Y213.933 E3054.95339
G1 X195.065 Y214.218 E3054.97614
G1 X195.242 Y214.419 E3054.99395
G1 X195.474 Y214.622 E3055.01446
G1 X195.729 Y214.787 E3055.03466
G1 X195.975 Y214.905 E3055.05281
G1 X196.267 Y215 E3055.07324
G1 X196.567 Y215.053 E3055.0935
G1 X196.836 Y215.065 E3055.11142
G1 X197.102 Y215.044 E3055.12917
G1 X197.403 Y214.981 E3055.14962
G1 X197.659 Y214.89 E3055.16769
G1 X197.934 Y214.751 E3055.18819
G1 X198.151 Y214.601 E3055.20574
G1 X198.41 Y214.364 E3055.22909
G1 X198.599 Y214.13 E3055.2491
G1 X198.742 Y213.898 E3055.26723
G1 X198.867 Y213.618 E3055.28763
G1 X198.951 Y213.322 E3055.3081
G1 X198.994 Y213.02 E3055.32839
G1 X198.997 Y212.752 E3055.34622
G1 X198.96 Y212.448 E3055.36659
G1 X198.881 Y212.152 E3055.38697
G1 X198.723 Y211.797 E3055.41281
G1 X198.534 Y211.512 E3055.43556
G1 X198.357 Y211.311 E3055.45338
G1 X198.125 Y211.108 E3055.47389
G1 X197.868 Y210.942 E3055.49424
G0 F9000 X198.265 Y210.133
G1 F1755.2 X198.539 Y210.298 E3055.51551
G1 X198.76 Y210.464 E3055.5339
G1 X198.949 Y210.631 E3055.55068
G1 X199.136 Y210.828 E3055.56874
G1 X199.341 Y211.089 E3055.59082
G1 X199.491 Y211.326 E3055.60948
G1 X199.638 Y211.618 E3055.63123
G1 X199.734 Y211.865 E3055.64885
G1 X199.823 Y212.183 E3055.67082
G1 X199.868 Y212.433 E3055.68772
G1 X199.896 Y212.716 E3055.70663
G1 X199.896 Y213.021 E3055.72692
G1 X199.859 Y213.364 E3055.74987
G1 X199.805 Y213.629 E3055.76786
G1 X199.709 Y213.933 E3055.78907
G1 X199.61 Y214.175 E3055.80646
G1 X199.449 Y214.475 E3055.82911
G1 X199.337 Y214.647 E3055.84276
G1 X199.175 Y214.857 E3055.86041
G1 X198.992 Y215.056 E3055.87839
G1 X198.697 Y215.316 E3055.90455
G1 X198.389 Y215.526 E3055.92934
G1 X198.105 Y215.677 E3055.95074
G1 X197.866 Y215.776 E3055.96795
G1 X197.543 Y215.874 E3055.9904
G1 X197.216 Y215.936 E3056.01254
G1 X196.91 Y215.963 E3056.03298
G1 X196.623 Y215.96 E3056.05207
G1 X196.366 Y215.936 E3056.06924
G1 X196.091 Y215.883 E3056.08787
G1 X195.829 Y215.81 E3056.10596
G1 X195.593 Y215.721 E3056.12274
G1 X195.334 Y215.597 E3056.14184
G1 X195.056 Y215.429 E3056.16345
G1 X194.839 Y215.266 E3056.1815
G1 X194.648 Y215.097 E3056.19847
G1 X194.463 Y214.902 E3056.21635
G1 X194.257 Y214.639 E3056.23857
G1 X194.108 Y214.404 E3056.25708
G1 X193.961 Y214.112 E3056.27882
G1 X193.865 Y213.865 E3056.29645
G1 X193.776 Y213.547 E3056.31842
G1 X193.729 Y213.283 E3056.33626
G1 X193.703 Y213.014 E3056.35423
G1 X193.703 Y212.709 E3056.37452
G1 X193.74 Y212.363 E3056.39767
G1 X193.794 Y212.101 E3056.41546
G1 X193.891 Y211.794 E3056.43688
G1 X193.987 Y211.56 E3056.45371
G1 X194.15 Y211.255 E3056.47671
G1 X194.365 Y210.945 E3056.50181
G1 X194.607 Y210.674 E3056.52597
G1 X194.853 Y210.452 E3056.54802
G1 X195.068 Y210.293 E3056.5658
G1 X195.302 Y210.151 E3056.58401
G1 X195.596 Y210.008 E3056.60576
G1 X195.843 Y209.917 E3056.62327
G1 X196.169 Y209.83 E3056.64571
G1 X196.491 Y209.781 E3056.66738
G1 X196.856 Y209.766 E3056.69168
G1 X197.233 Y209.794 E3056.71683
G1 X197.508 Y209.847 E3056.73546
G1 X197.77 Y209.92 E3056.75355
G1 X198.006 Y210.009 E3056.77033
G1 X198.265 Y210.133 E3056.78943
G0 F9000 X197.719 Y210.4
;TYPE:SKIN
G1 F1535.8 X198.45 Y210.8 E3056.80582
G1 X199.301 Y212 E3056.83475
G1 X199.423 Y213.2 E3056.85848
G1 X198.954 Y214.4 E3056.88382
G1 X198.029 Y215.2 E3056.90788
G1 X196.79 Y215.6 E3056.93348
G1 X195.57 Y215.2 E3056.95874
G1 X194.642 Y214.4 E3056.98284
G1 X194.174 Y213.2 E3057.00817
G1 X194.296 Y212 E3057.0319
G1 X195.151 Y210.8 E3057.06088
G0 F9000 X195.558 Y210.4
G1 F1535.8 X196.227 Y210.4 E3057.08313
G1 F1500 E3056.08313
;MESH:NONMESH
G0 F300 X196.227 Y210.4 Z7
G0 F9000 X195.941 Y208.789
G0 X197.794 Y92.3
G0 X198.459 Y91.405
;TIME_ELAPSED:6200.963576
;LAYER:34
;TYPE:WALL-OUTER
;MESH:Top of Case V2.STL
G1 F1500 E3057.10974
G1 F1639.5 X198.27 Y91.213 E3057.12766
G1 X197.997 Y91.004 E3057.15053
G1 X197.764 Y90.872 E3057.16834
G1 X197.48 Y90.758 E3057.1887
G1 X197.181 Y90.683 E3057.20921
G1 X196.914 Y90.652 E3057.22709
G1 X196.763 Y90.65 E3057.23713
G1 X196.381 Y90.69 E3057.26268
G1 X196.082 Y90.77 E3057.28327
G1 X195.8 Y90.889 E3057.30363
G1 X195.54 Y91.046 E3057.32383
G1 X195.272 Y91.266 E3057.3469
G1 X195.091 Y91.464 E3057.36474
G1 X194.934 Y91.684 E3057.38272
G1 X194.789 Y91.955 E3057.40317
G1 X194.684 Y92.246 E3057.42375
G1 X194.616 Y92.578 E3057.44629
G1 X194.602 Y92.962 E3057.47185
G1 X194.633 Y93.233 E3057.49
G1 X194.694 Y93.493 E3057.50776
G1 X194.805 Y93.78 E3057.52823
G1 X194.973 Y94.079 E3057.55104
G1 X195.14 Y94.295 E3057.56921
G1 X195.329 Y94.487 E3057.58713
G1 X195.602 Y94.696 E3057.61
G1 X195.835 Y94.828 E3057.62781
G1 X196.119 Y94.942 E3057.64817
G1 X196.418 Y95.017 E3057.66868
G1 X196.685 Y95.048 E3057.68656
G1 X196.953 Y95.045 E3057.70438
G1 X197.218 Y95.01 E3057.72216
G1 X197.517 Y94.93 E3057.74275
G1 X197.799 Y94.811 E3057.76311
G1 X198.059 Y94.654 E3057.78332
G1 X198.327 Y94.434 E3057.80638
G1 X198.508 Y94.236 E3057.82423
G1 X198.665 Y94.016 E3057.84221
G1 X198.81 Y93.745 E3057.86265
G1 X198.915 Y93.454 E3057.88323
G1 X198.983 Y93.122 E3057.90577
G1 X198.997 Y92.738 E3057.93134
G1 X198.966 Y92.467 E3057.94948
G1 X198.905 Y92.207 E3057.96724
G1 X198.794 Y91.92 E3057.98771
G1 X198.626 Y91.621 E3058.01053
G1 X198.459 Y91.405 E3058.02869
G0 F9000 X199.218 Y90.909
G1 F1639.5 X199.426 Y91.204 E3058.0527
G1 X199.608 Y91.539 E3058.07806
G1 X199.734 Y91.85 E3058.10038
G1 X199.818 Y92.142 E3058.12059
G1 X199.877 Y92.484 E3058.14368
G1 X199.899 Y92.809 E3058.16535
G1 X199.891 Y93.077 E3058.18318
G1 X199.85 Y93.4 E3058.20484
G1 X199.766 Y93.755 E3058.22911
G1 X199.677 Y94.005 E3058.24676
G1 X199.531 Y94.317 E3058.26968
G1 X199.334 Y94.635 E3058.29456
G1 X199.168 Y94.85 E3058.31263
G1 X198.994 Y95.039 E3058.32972
G1 X198.788 Y95.227 E3058.34827
G1 X198.497 Y95.444 E3058.37242
G1 X198.198 Y95.616 E3058.39536
G1 X197.951 Y95.728 E3058.4134
G1 X197.536 Y95.86 E3058.44237
G1 X197.119 Y95.933 E3058.47053
G1 X196.796 Y95.95 E3058.49205
G1 X196.467 Y95.932 E3058.51397
G1 X196.197 Y95.891 E3058.53213
G1 X195.837 Y95.797 E3058.55688
G1 X195.595 Y95.707 E3058.57406
G1 X195.336 Y95.583 E3058.59316
G1 X195.1 Y95.443 E3058.61141
G1 X194.85 Y95.26 E3058.63202
G1 X194.651 Y95.085 E3058.64965
G1 X194.453 Y94.876 E3058.6688
G1 X194.256 Y94.622 E3058.69018
G1 X194.11 Y94.391 E3058.70836
G1 X193.987 Y94.153 E3058.72618
G1 X193.865 Y93.85 E3058.74791
G1 X193.78 Y93.551 E3058.76859
G1 X193.722 Y93.216 E3058.7912
G1 X193.7 Y92.891 E3058.81287
G1 X193.708 Y92.62 E3058.83091
G1 X193.749 Y92.298 E3058.8525
G1 X193.833 Y91.945 E3058.87664
G1 X193.922 Y91.695 E3058.89429
G1 X194.068 Y91.383 E3058.9172
G1 X194.266 Y91.063 E3058.94224
G1 X194.431 Y90.85 E3058.96016
G1 X194.605 Y90.661 E3058.97725
G1 X194.808 Y90.475 E3058.99556
G1 X195.109 Y90.251 E3059.02052
G1 X195.389 Y90.09 E3059.04201
G1 X195.696 Y89.953 E3059.06437
G1 X196.009 Y89.853 E3059.08623
G1 X196.326 Y89.787 E3059.10777
G1 X196.54 Y89.761 E3059.12211
G1 X196.853 Y89.751 E3059.14294
G1 X197.132 Y89.768 E3059.16153
G1 X197.402 Y89.809 E3059.1797
G1 X197.762 Y89.903 E3059.20445
G1 X198.004 Y89.993 E3059.22162
G1 X198.263 Y90.117 E3059.24072
G1 X198.526 Y90.275 E3059.26113
G1 X198.784 Y90.469 E3059.28261
G1 X198.998 Y90.665 E3059.30191
G1 X199.218 Y90.909 E3059.32376
G0 F9000 X198.8 Y91.121
;TYPE:SKIN
G1 F1434.5 X199.2 Y91.766 E3059.33925
G1 X198 Y90.49 E3059.37499
G1 X196.8 Y90.2 E3059.40018
G1 X195.6 Y90.489 E3059.42536
G1 X194.8 Y91.117 E3059.44611
G1 X194.4 Y91.763 E3059.46161
G0 F9000 X194.4 Y92.044
G0 X194.4 Y93.659
G0 X194.4 Y93.939
G1 F1434.5 X194.8 Y94.578 E3059.47909
G1 X196 Y95.372 E3059.51245
G1 X197.2 Y95.463 E3059.54035
G1 X198.4 Y94.951 E3059.5706
G1 X199.2 Y93.932 E3059.60063
G1 F1500 E3058.60063
G0 F9000 X197.839 Y93.307
G0 X104.262 Y92.447
G0 X105.195 Y91.92
;TYPE:WALL-OUTER
G1 F1500 E3059.62724
G1 F1639.5 X105.027 Y91.621 E3059.65006
G1 X104.86 Y91.405 E3059.66822
G1 X104.671 Y91.213 E3059.68614
G1 X104.398 Y91.004 E3059.70901
G1 X104.165 Y90.872 E3059.72682
G1 X103.881 Y90.758 E3059.74718
G1 X103.582 Y90.683 E3059.76769
G1 X103.315 Y90.652 E3059.78557
G1 X103.164 Y90.65 E3059.79561
G1 X102.782 Y90.69 E3059.82116
G1 X102.483 Y90.77 E3059.84175
G1 X102.201 Y90.889 E3059.86211
G1 X101.941 Y91.046 E3059.88232
G1 X101.673 Y91.266 E3059.90538
G1 X101.492 Y91.464 E3059.92323
G1 X101.335 Y91.684 E3059.9412
G1 X101.19 Y91.955 E3059.96165
G1 X101.085 Y92.246 E3059.98223
G1 X101.017 Y92.578 E3060.00477
G1 X101 Y92.851 E3060.02297
G1 X101.022 Y93.161 E3060.04364
G1 X101.095 Y93.492 E3060.06619
G1 X101.206 Y93.78 E3060.08672
G1 X101.374 Y94.079 E3060.10953
G1 X101.541 Y94.295 E3060.1277
G1 X101.73 Y94.487 E3060.14562
G1 X102.003 Y94.696 E3060.16849
G1 X102.236 Y94.828 E3060.1863
G1 X102.52 Y94.942 E3060.20666
G1 X102.819 Y95.017 E3060.22716
G1 X103.086 Y95.048 E3060.24504
G1 X103.354 Y95.045 E3060.26287
G1 X103.619 Y95.01 E3060.28065
G1 X103.918 Y94.93 E3060.30124
G1 X104.2 Y94.811 E3060.3216
G1 X104.46 Y94.654 E3060.34181
G1 X104.728 Y94.434 E3060.36487
G1 X104.909 Y94.236 E3060.38272
G1 X105.066 Y94.016 E3060.4007
G1 X105.211 Y93.745 E3060.42114
G1 X105.316 Y93.454 E3060.44172
G1 X105.384 Y93.122 E3060.46426
G1 X105.398 Y92.738 E3060.48982
G1 X105.367 Y92.467 E3060.50797
G1 X105.306 Y92.207 E3060.52573
G1 X105.195 Y91.92 E3060.5462
G0 F9000 X106.009 Y91.539
G1 F1639.5 X106.135 Y91.85 E3060.56852
G1 X106.219 Y92.142 E3060.58874
G1 X106.278 Y92.484 E3060.61182
G1 X106.3 Y92.809 E3060.63349
G1 X106.292 Y93.077 E3060.65133
G1 X106.251 Y93.4 E3060.67298
G1 X106.167 Y93.755 E3060.69725
G1 X106.078 Y94.005 E3060.7149
G1 X105.932 Y94.317 E3060.73782
G1 X105.735 Y94.635 E3060.7627
G1 X105.569 Y94.85 E3060.78077
G1 X105.395 Y95.039 E3060.79786
G1 X105.189 Y95.227 E3060.81641
G1 X104.898 Y95.444 E3060.84056
G1 X104.599 Y95.616 E3060.8635
G1 X104.352 Y95.728 E3060.88154
G1 X103.937 Y95.86 E3060.91051
G1 X103.52 Y95.933 E3060.93867
G1 X103.197 Y95.95 E3060.96019
G1 X102.868 Y95.932 E3060.98211
G1 X102.598 Y95.891 E3061.00027
G1 X102.238 Y95.797 E3061.02502
G1 X101.996 Y95.707 E3061.0422
G1 X101.737 Y95.583 E3061.0613
G1 X101.501 Y95.443 E3061.07955
G1 X101.251 Y95.26 E3061.10016
G1 X101.052 Y95.085 E3061.11779
G1 X100.854 Y94.876 E3061.13694
G1 X100.657 Y94.622 E3061.15832
G1 X100.511 Y94.391 E3061.1765
G1 X100.388 Y94.153 E3061.19432
G1 X100.266 Y93.85 E3061.21605
G1 X100.181 Y93.551 E3061.23673
G1 X100.123 Y93.216 E3061.25935
G1 X100.101 Y92.891 E3061.28101
G1 X100.109 Y92.62 E3061.29905
G1 X100.15 Y92.298 E3061.32064
G1 X100.234 Y91.945 E3061.34478
G1 X100.323 Y91.695 E3061.36243
G1 X100.469 Y91.383 E3061.38535
G1 X100.667 Y91.063 E3061.41038
G1 X100.832 Y90.85 E3061.4283
G1 X101.006 Y90.661 E3061.44539
G1 X101.209 Y90.475 E3061.4637
G1 X101.51 Y90.251 E3061.48866
G1 X101.79 Y90.09 E3061.51015
G1 X102.097 Y89.953 E3061.53251
G1 X102.41 Y89.853 E3061.55437
G1 X102.727 Y89.787 E3061.57591
G1 X102.941 Y89.761 E3061.59025
G1 X103.254 Y89.751 E3061.61108
G1 X103.533 Y89.768 E3061.62967
G1 X103.803 Y89.809 E3061.64784
G1 X104.163 Y89.903 E3061.67259
G1 X104.405 Y89.993 E3061.68976
G1 X104.664 Y90.117 E3061.70887
G1 X104.927 Y90.275 E3061.72927
G1 X105.185 Y90.469 E3061.75075
G1 X105.399 Y90.665 E3061.77005
G1 X105.619 Y90.909 E3061.79191
G1 X105.827 Y91.204 E3061.81592
G1 X106.009 Y91.539 E3061.84128
G0 F9000 X105.599 Y91.763
;TYPE:SKIN
G1 F1434.5 X105.199 Y91.12 E3061.85781
G1 X103.999 Y90.325 E3061.88922
G1 X102.799 Y90.233 E3061.91549
G1 X101.599 Y90.746 E3061.94398
G1 X100.799 Y91.765 E3061.97226
G0 F9000 X100.799 Y92.047
G0 X100.799 Y93.657
G0 X100.799 Y93.937
G1 F1434.5 X101.199 Y94.577 E3061.98974
G1 X102.399 Y95.372 E3062.02308
G1 X103.599 Y95.464 E3062.05096
G1 X104.799 Y94.952 E3062.08118
G1 X105.599 Y93.935 E3062.11116
G1 F1500 E3061.11116
G0 F9000 X106.878 Y94.805
G0 X103.878 Y211.953
G0 X104.671 Y211.228
;TYPE:WALL-OUTER
G1 F1500 E3062.13777
G1 F1639.5 X104.398 Y211.019 E3062.16064
G1 X104.165 Y210.887 E3062.17845
G1 X103.881 Y210.773 E3062.19881
G1 X103.582 Y210.698 E3062.21931
G1 X103.315 Y210.667 E3062.23719
G1 X103.164 Y210.665 E3062.24724
G1 X102.782 Y210.705 E3062.27279
G1 X102.483 Y210.785 E3062.29338
G1 X102.201 Y210.904 E3062.31374
G1 X101.941 Y211.061 E3062.33394
G1 X101.673 Y211.281 E3062.35701
G1 X101.492 Y211.479 E3062.37485
G1 X101.335 Y211.699 E3062.39283
G1 X101.19 Y211.97 E3062.41328
G1 X101.085 Y212.261 E3062.43386
G1 X101.017 Y212.593 E3062.4564
G1 X101 Y212.866 E3062.47459
G1 X101.022 Y213.176 E3062.49527
G1 X101.095 Y213.507 E3062.51781
G1 X101.206 Y213.795 E3062.53835
G1 X101.374 Y214.094 E3062.56116
G1 X101.541 Y214.31 E3062.57932
G1 X101.73 Y214.502 E3062.59724
G1 X102.003 Y214.711 E3062.62011
G1 X102.236 Y214.843 E3062.63793
G1 X102.52 Y214.957 E3062.65828
G1 X102.819 Y215.032 E3062.67879
G1 X103.086 Y215.063 E3062.69667
G1 X103.354 Y215.06 E3062.7145
G1 X103.619 Y215.025 E3062.73228
G1 X103.918 Y214.945 E3062.75287
G1 X104.2 Y214.826 E3062.77323
G1 X104.46 Y214.669 E3062.79343
G1 X104.728 Y214.449 E3062.8165
G1 X104.909 Y214.251 E3062.83434
G1 X105.066 Y214.031 E3062.85232
G1 X105.211 Y213.76 E3062.87277
G1 X105.316 Y213.469 E3062.89335
G1 X105.384 Y213.137 E3062.91589
G1 X105.398 Y212.753 E3062.94145
G1 X105.367 Y212.482 E3062.9596
G1 X105.306 Y212.222 E3062.97736
G1 X105.195 Y211.935 E3062.99783
G1 X105.027 Y211.636 E3063.02064
G1 X104.86 Y211.42 E3063.03881
G1 X104.671 Y211.228 E3063.05673
G0 F9000 X105.619 Y210.924
G1 F1639.5 X105.827 Y211.219 E3063.08074
G1 X106.009 Y211.554 E3063.1061
G1 X106.135 Y211.865 E3063.12842
G1 X106.219 Y212.157 E3063.14863
G1 X106.278 Y212.499 E3063.17172
G1 X106.3 Y212.824 E3063.19339
G1 X106.292 Y213.092 E3063.21122
G1 X106.251 Y213.415 E3063.23288
G1 X106.167 Y213.77 E3063.25715
G1 X106.078 Y214.02 E3063.2748
G1 X105.932 Y214.332 E3063.29771
G1 X105.735 Y214.65 E3063.3226
G1 X105.569 Y214.865 E3063.34067
G1 X105.395 Y215.054 E3063.35775
G1 X105.189 Y215.242 E3063.37631
G1 X104.898 Y215.459 E3063.40045
G1 X104.599 Y215.631 E3063.4234
G1 X104.352 Y215.743 E3063.44144
G1 X103.937 Y215.875 E3063.47041
G1 X103.52 Y215.948 E3063.49857
G1 X103.197 Y215.965 E3063.52009
G1 X102.868 Y215.947 E3063.542
G1 X102.598 Y215.906 E3063.56017
G1 X102.238 Y215.812 E3063.58492
G1 X101.996 Y215.722 E3063.60209
G1 X101.737 Y215.598 E3063.6212
G1 X101.501 Y215.458 E3063.63945
G1 X101.251 Y215.275 E3063.66006
G1 X101.052 Y215.1 E3063.67769
G1 X100.854 Y214.891 E3063.69684
G1 X100.657 Y214.637 E3063.71822
G1 X100.511 Y214.406 E3063.7364
G1 X100.388 Y214.168 E3063.75422
G1 X100.266 Y213.865 E3063.77595
G1 X100.181 Y213.566 E3063.79663
G1 X100.123 Y213.231 E3063.81924
G1 X100.101 Y212.906 E3063.84091
G1 X100.109 Y212.635 E3063.85894
G1 X100.15 Y212.313 E3063.88054
G1 X100.234 Y211.96 E3063.90467
G1 X100.323 Y211.71 E3063.92233
G1 X100.469 Y211.398 E3063.94524
G1 X100.667 Y211.078 E3063.97027
G1 X100.832 Y210.865 E3063.9882
G1 X101.006 Y210.676 E3064.00528
G1 X101.209 Y210.49 E3064.0236
G1 X101.51 Y210.266 E3064.04856
G1 X101.79 Y210.105 E3064.07004
G1 X102.097 Y209.968 E3064.09241
G1 X102.41 Y209.868 E3064.11426
G1 X102.727 Y209.802 E3064.1358
G1 X102.941 Y209.776 E3064.15014
G1 X103.254 Y209.766 E3064.17097
G1 X103.533 Y209.783 E3064.18957
G1 X103.803 Y209.824 E3064.20773
G1 X104.163 Y209.918 E3064.23248
G1 X104.405 Y210.008 E3064.24966
G1 X104.664 Y210.132 E3064.26876
G1 X104.927 Y210.29 E3064.28917
G1 X105.185 Y210.484 E3064.31064
G1 X105.399 Y210.68 E3064.32995
G1 X105.619 Y210.924 E3064.3518
G0 F9000 X105.199 Y211.136
;TYPE:SKIN
G1 F1434.5 X105.599 Y211.779 E3064.36727
G1 X104.399 Y210.505 E3064.40302
G1 X103.199 Y210.216 E3064.42823
G1 X101.999 Y210.506 E3064.45345
G1 X101.199 Y211.135 E3064.47424
G1 X100.799 Y211.781 E3064.48976
G0 F9000 X100.799 Y212.063
G0 X100.799 Y213.673
G0 X100.799 Y213.953
G1 F1434.5 X101.199 Y214.593 E3064.50724
G1 X102.399 Y215.388 E3064.54058
G1 X103.599 Y215.48 E3064.56846
G1 X104.799 Y214.968 E3064.59868
G1 X105.599 Y213.951 E3064.62866
G1 F1500 E3063.62866
G0 F9000 X107.241 Y213.877
G0 X197.071 Y211.762
G0 X197.764 Y210.887
;TYPE:WALL-OUTER
G1 F1500 E3064.65526
G1 F1639.5 X197.48 Y210.773 E3064.67562
G1 X197.181 Y210.698 E3064.69613
G1 X196.914 Y210.667 E3064.71401
G1 X196.763 Y210.665 E3064.72405
G1 X196.381 Y210.705 E3064.7496
G1 X196.082 Y210.785 E3064.77019
G1 X195.8 Y210.904 E3064.79055
G1 X195.54 Y211.061 E3064.81076
G1 X195.272 Y211.281 E3064.83382
G1 X195.091 Y211.479 E3064.85167
G1 X194.934 Y211.699 E3064.86965
G1 X194.789 Y211.97 E3064.89009
G1 X194.684 Y212.261 E3064.91067
G1 X194.616 Y212.593 E3064.93321
G1 X194.602 Y212.977 E3064.95877
G1 X194.633 Y213.248 E3064.97692
G1 X194.694 Y213.508 E3064.99468
G1 X194.805 Y213.795 E3065.01515
G1 X194.973 Y214.094 E3065.03797
G1 X195.14 Y214.31 E3065.05613
G1 X195.329 Y214.502 E3065.07405
G1 X195.602 Y214.711 E3065.09692
G1 X195.835 Y214.843 E3065.11473
G1 X196.119 Y214.957 E3065.13509
G1 X196.418 Y215.032 E3065.1556
G1 X196.685 Y215.063 E3065.17348
G1 X196.953 Y215.06 E3065.19131
G1 X197.218 Y215.025 E3065.20909
G1 X197.517 Y214.945 E3065.22968
G1 X197.799 Y214.826 E3065.25004
G1 X198.059 Y214.669 E3065.27024
G1 X198.327 Y214.449 E3065.29331
G1 X198.508 Y214.251 E3065.31115
G1 X198.665 Y214.031 E3065.32913
G1 X198.81 Y213.76 E3065.34957
G1 X198.915 Y213.469 E3065.37015
G1 X198.983 Y213.137 E3065.3927
G1 X198.997 Y212.753 E3065.41826
G1 X198.966 Y212.482 E3065.4364
G1 X198.905 Y212.222 E3065.45417
G1 X198.794 Y211.935 E3065.47464
G1 X198.626 Y211.636 E3065.49745
G1 X198.459 Y211.42 E3065.51561
G1 X198.27 Y211.228 E3065.53353
G1 X197.997 Y211.019 E3065.5564
G1 X197.764 Y210.887 E3065.57422
G0 F9000 X198.526 Y210.29
G1 F1639.5 X198.784 Y210.484 E3065.59569
G1 X198.998 Y210.68 E3065.61499
G1 X199.218 Y210.924 E3065.63685
G1 X199.426 Y211.219 E3065.66086
G1 X199.608 Y211.554 E3065.68622
G1 X199.734 Y211.865 E3065.70854
G1 X199.818 Y212.157 E3065.72875
G1 X199.877 Y212.499 E3065.75184
G1 X199.899 Y212.824 E3065.77351
G1 X199.891 Y213.092 E3065.79134
G1 X199.85 Y213.415 E3065.813
G1 X199.766 Y213.77 E3065.83727
G1 X199.677 Y214.02 E3065.85492
G1 X199.531 Y214.332 E3065.87784
G1 X199.334 Y214.65 E3065.90272
G1 X199.168 Y214.865 E3065.92079
G1 X198.994 Y215.054 E3065.93788
G1 X198.788 Y215.242 E3065.95643
G1 X198.497 Y215.459 E3065.98058
G1 X198.198 Y215.631 E3066.00352
G1 X197.951 Y215.743 E3066.02156
G1 X197.536 Y215.875 E3066.05053
G1 X197.119 Y215.948 E3066.07869
G1 X196.796 Y215.965 E3066.10021
G1 X196.467 Y215.947 E3066.12212
G1 X196.197 Y215.906 E3066.14029
G1 X195.837 Y215.812 E3066.16504
G1 X195.595 Y215.722 E3066.18222
G1 X195.336 Y215.598 E3066.20132
G1 X195.1 Y215.458 E3066.21957
G1 X194.85 Y215.275 E3066.24018
G1 X194.651 Y215.1 E3066.25781
G1 X194.453 Y214.891 E3066.27696
G1 X194.256 Y214.637 E3066.29834
G1 X194.11 Y214.406 E3066.31652
G1 X193.987 Y214.168 E3066.33434
G1 X193.865 Y213.865 E3066.35607
G1 X193.78 Y213.566 E3066.37675
G1 X193.722 Y213.231 E3066.39936
G1 X193.7 Y212.906 E3066.42103
G1 X193.708 Y212.635 E3066.43907
G1 X193.749 Y212.313 E3066.46066
G1 X193.833 Y211.96 E3066.4848
G1 X193.922 Y211.71 E3066.50245
G1 X194.068 Y211.398 E3066.52536
G1 X194.266 Y211.078 E3066.55039
G1 X194.431 Y210.865 E3066.56832
G1 X194.605 Y210.676 E3066.58541
G1 X194.808 Y210.49 E3066.60372
G1 X195.109 Y210.266 E3066.62868
G1 X195.389 Y210.105 E3066.65016
G1 X195.696 Y209.968 E3066.67253
G1 X196.009 Y209.868 E3066.69439
G1 X196.326 Y209.802 E3066.71592
G1 X196.54 Y209.776 E3066.73026
G1 X196.853 Y209.766 E3066.7511
G1 X197.132 Y209.783 E3066.76969
G1 X197.402 Y209.824 E3066.78786
G1 X197.762 Y209.918 E3066.81261
G1 X198.004 Y210.008 E3066.82978
G1 X198.263 Y210.132 E3066.84888
G1 X198.526 Y210.29 E3066.86929
G0 F9000 X198.399 Y210.759
;TYPE:SKIN
G1 F1434.5 X198.799 Y211.136 E3066.88633
G1 X199.199 Y211.781 E3066.90986
G0 F9000 X199.199 Y212.057
G0 X199.199 Y213.666
G0 X199.199 Y213.947
G1 F1434.5 X198.799 Y214.593 E3066.92748
G1 X197.599 Y215.385 E3066.96081
G1 X196.399 Y215.481 E3066.98872
G1 X195.199 Y214.969 E3067.01896
G1 X194.399 Y213.954 E3067.04892
G0 F9000 X194.399 Y213.674
G0 X194.399 Y212.059
G0 X194.399 Y211.778
G1 F1434.5 X194.799 Y211.132 E3067.06705
G1 X195.999 Y210.34 E3067.10136
G1 X197.199 Y210.246 E3067.13008
G1 X197.599 Y210.34 E3067.13989
G0 F9000 X197.999 Y210.376
G1 F1434.5 X197.999 Y210.634 E3067.14847
G1 F1500 E3066.14847
;MESH:NONMESH
G0 F300 X197.999 Y210.634 Z7.2
G0 F9000 X198.432 Y209.034
G0 X197.741 Y92.215
G0 X198.357 Y91.296
;TIME_ELAPSED:6214.479778
;LAYER:35
;TYPE:WALL-OUTER
;MESH:Top of Case V2.STL
G1 F1500 E3067.17507
G1 F1756.6 X198.125 Y91.093 E3067.19558
G1 X197.869 Y90.927 E3067.21588
G1 X197.624 Y90.81 E3067.23394
G1 X197.332 Y90.715 E3067.25436
G1 X197.032 Y90.662 E3067.27463
G1 X196.763 Y90.65 E3067.29254
G1 X196.382 Y90.69 E3067.31802
G1 X196.119 Y90.758 E3067.33609
G1 X195.835 Y90.872 E3067.35645
G1 X195.568 Y91.027 E3067.37699
G1 X195.272 Y91.266 E3067.4023
G1 X195.09 Y91.465 E3067.42023
G1 X194.915 Y91.715 E3067.44053
G1 X194.789 Y91.954 E3067.45851
G1 X194.684 Y92.244 E3067.47902
G1 X194.621 Y92.54 E3067.49915
G1 X194.6 Y92.813 E3067.51737
G1 X194.611 Y93.081 E3067.53521
G1 X194.664 Y93.38 E3067.55541
G1 X194.745 Y93.638 E3067.5734
G1 X194.876 Y93.918 E3067.59396
G1 X195.065 Y94.203 E3067.61671
G1 X195.242 Y94.404 E3067.63452
G1 X195.474 Y94.607 E3067.65503
G1 X195.73 Y94.773 E3067.67533
G1 X195.975 Y94.89 E3067.69339
G1 X196.267 Y94.985 E3067.71381
G1 X196.567 Y95.038 E3067.73408
G1 X196.836 Y95.05 E3067.75199
G1 X197.217 Y95.01 E3067.77747
G1 X197.48 Y94.942 E3067.79554
G1 X197.765 Y94.828 E3067.81596
G1 X198 Y94.694 E3067.83396
G1 X198.241 Y94.511 E3067.85409
G1 X198.509 Y94.235 E3067.87968
G1 X198.684 Y93.985 E3067.89998
G1 X198.81 Y93.746 E3067.91795
G1 X198.915 Y93.456 E3067.93847
G1 X198.978 Y93.16 E3067.9586
G1 X198.999 Y92.887 E3067.97681
G1 X198.988 Y92.619 E3067.99465
G1 X198.935 Y92.32 E3068.01485
G1 X198.854 Y92.062 E3068.03284
G1 X198.723 Y91.782 E3068.0534
G1 X198.534 Y91.497 E3068.07615
G1 X198.357 Y91.296 E3068.09397
G0 F9000 X199.333 Y91.062
G1 F1756.6 X199.488 Y91.306 E3068.1132
G1 X199.614 Y91.55 E3068.13147
G1 X199.734 Y91.85 E3068.15296
G1 X199.818 Y92.142 E3068.17317
G1 X199.877 Y92.483 E3068.19619
G1 X199.899 Y92.807 E3068.21779
G1 X199.891 Y93.075 E3068.23563
G1 X199.85 Y93.398 E3068.25729
G1 X199.768 Y93.745 E3068.281
G1 X199.678 Y94.002 E3068.29912
G1 X199.532 Y94.314 E3068.32203
G1 X199.336 Y94.634 E3068.34699
G1 X199.17 Y94.848 E3068.36501
G1 X198.996 Y95.037 E3068.3821
G1 X198.79 Y95.225 E3068.40065
G1 X198.536 Y95.419 E3068.42191
G1 X198.26 Y95.584 E3068.4433
G1 X198.001 Y95.708 E3068.4624
G1 X197.599 Y95.845 E3068.49066
G1 X197.295 Y95.91 E3068.51133
G1 X196.961 Y95.945 E3068.53367
G1 X196.637 Y95.945 E3068.55523
G1 X196.377 Y95.921 E3068.5726
G1 X196.096 Y95.869 E3068.59161
G1 X195.838 Y95.797 E3068.60942
G1 X195.598 Y95.708 E3068.62645
G1 X195.339 Y95.584 E3068.64555
G1 X195.103 Y95.444 E3068.66381
G1 X194.856 Y95.265 E3068.6841
G1 X194.652 Y95.086 E3068.70215
G1 X194.455 Y94.878 E3068.72121
G1 X194.262 Y94.631 E3068.74206
G1 X194.111 Y94.394 E3068.76075
G1 X193.985 Y94.15 E3068.77902
G1 X193.865 Y93.85 E3068.80051
G1 X193.78 Y93.551 E3068.82119
G1 X193.722 Y93.217 E3068.84374
G1 X193.7 Y92.893 E3068.86534
G1 X193.708 Y92.622 E3068.88338
G1 X193.749 Y92.3 E3068.90497
G1 X193.831 Y91.955 E3068.92856
G1 X193.921 Y91.698 E3068.94667
G1 X194.067 Y91.386 E3068.96959
G1 X194.266 Y91.062 E3068.99488
G1 X194.429 Y90.852 E3069.01256
G1 X194.603 Y90.663 E3069.02965
G1 X194.815 Y90.469 E3069.04877
G1 X195.063 Y90.281 E3069.06947
G1 X195.303 Y90.136 E3069.08812
G1 X195.631 Y89.979 E3069.11231
G1 X195.882 Y89.889 E3069.13005
G1 X196.155 Y89.817 E3069.14883
G1 X196.48 Y89.767 E3069.1707
G1 X196.8 Y89.75 E3069.19202
G1 X197.13 Y89.768 E3069.214
G1 X197.4 Y89.809 E3069.23217
G1 X197.761 Y89.903 E3069.25698
G1 X198.001 Y89.992 E3069.27401
G1 X198.26 Y90.116 E3069.29311
G1 X198.536 Y90.281 E3069.3145
G1 X198.757 Y90.447 E3069.33289
G1 X198.945 Y90.612 E3069.34953
G1 X199.136 Y90.813 E3069.36797
G1 X199.333 Y91.062 E3069.38909
G0 F9000 X198.868 Y91.2
;TYPE:SKIN
G1 F1537 X198.471 Y90.8 E3069.39931
G1 X197.766 Y90.4 E3069.414
G1 X195.841 Y90.4 E3069.44889
G1 X194.73 Y91.2 E3069.4737
G1 X194.19 Y92.4 E3069.49755
G1 X194.262 Y93.6 E3069.51933
G1 X195.015 Y94.8 E3069.54501
G1 X195.599 Y95.2 E3069.55784
G1 X196.789 Y95.6 E3069.58059
G1 X197.992 Y95.2 E3069.60356
G1 X198.944 Y94.4 E3069.6261
G1 X199.424 Y93.2 E3069.64952
G1 X199.307 Y92 E3069.67137
G1 X199.134 Y91.6 E3069.67927
G1 F1500 E3068.67927
G0 F9000 X197.739 Y92.212
G0 X104.225 Y92.361
G0 X105.124 Y91.782
;TYPE:WALL-OUTER
G1 F1500 E3069.70588
G1 F1756.6 X104.935 Y91.497 E3069.72863
G1 X104.758 Y91.296 E3069.74644
G1 X104.526 Y91.093 E3069.76695
G1 X104.27 Y90.927 E3069.78725
G1 X104.025 Y90.81 E3069.80531
G1 X103.733 Y90.715 E3069.82573
G1 X103.433 Y90.662 E3069.846
G1 X103.164 Y90.65 E3069.86391
G1 X102.783 Y90.69 E3069.88939
G1 X102.52 Y90.758 E3069.90746
G1 X102.236 Y90.872 E3069.92782
G1 X101.969 Y91.027 E3069.94836
G1 X101.673 Y91.266 E3069.97366
G1 X101.491 Y91.465 E3069.9916
G1 X101.316 Y91.715 E3070.0119
G1 X101.19 Y91.954 E3070.02988
G1 X101.085 Y92.244 E3070.05039
G1 X101.022 Y92.54 E3070.07052
G1 X101 Y92.85 E3070.0912
G1 X101.022 Y93.16 E3070.11187
G1 X101.085 Y93.456 E3070.132
G1 X101.19 Y93.745 E3070.15245
G1 X101.335 Y94.016 E3070.1729
G1 X101.513 Y94.261 E3070.19304
G1 X101.698 Y94.457 E3070.21097
G1 X101.905 Y94.629 E3070.22888
G1 X102.131 Y94.773 E3070.2467
G1 X102.376 Y94.89 E3070.26476
G1 X102.668 Y94.985 E3070.28519
G1 X102.968 Y95.038 E3070.30545
G1 X103.237 Y95.05 E3070.32336
G1 X103.618 Y95.01 E3070.34885
G1 X103.881 Y94.942 E3070.36692
G1 X104.166 Y94.828 E3070.38734
G1 X104.401 Y94.694 E3070.40533
G1 X104.642 Y94.511 E3070.42546
G1 X104.91 Y94.235 E3070.45105
G1 X105.085 Y93.985 E3070.47135
G1 X105.211 Y93.746 E3070.48932
G1 X105.316 Y93.456 E3070.50984
G1 X105.379 Y93.16 E3070.52997
G1 X105.4 Y92.887 E3070.54819
G1 X105.389 Y92.619 E3070.56603
G1 X105.336 Y92.32 E3070.58623
G1 X105.255 Y92.062 E3070.60422
G1 X105.124 Y91.782 E3070.62478
G0 F9000 X106.015 Y91.55
G1 F1756.6 X106.135 Y91.85 E3070.64627
G1 X106.219 Y92.142 E3070.66648
G1 X106.278 Y92.483 E3070.6895
G1 X106.3 Y92.807 E3070.71111
G1 X106.292 Y93.075 E3070.72894
G1 X106.251 Y93.398 E3070.7506
G1 X106.169 Y93.745 E3070.77432
G1 X106.079 Y94.002 E3070.79243
G1 X105.933 Y94.314 E3070.81535
G1 X105.74 Y94.629 E3070.83992
G1 X105.571 Y94.848 E3070.85832
G1 X105.397 Y95.037 E3070.87541
G1 X105.191 Y95.225 E3070.89396
G1 X104.937 Y95.419 E3070.91522
G1 X104.661 Y95.584 E3070.93661
G1 X104.402 Y95.708 E3070.95572
G1 X104 Y95.845 E3070.98397
G1 X103.696 Y95.91 E3071.00465
G1 X103.362 Y95.945 E3071.02699
G1 X103.038 Y95.945 E3071.04854
G1 X102.778 Y95.921 E3071.06591
G1 X102.497 Y95.869 E3071.08492
G1 X102.239 Y95.797 E3071.10273
G1 X101.999 Y95.708 E3071.11976
G1 X101.74 Y95.584 E3071.13886
G1 X101.504 Y95.444 E3071.15712
G1 X101.257 Y95.265 E3071.17741
G1 X101.053 Y95.086 E3071.19546
G1 X100.856 Y94.878 E3071.21452
G1 X100.661 Y94.629 E3071.23556
G1 X100.512 Y94.394 E3071.25407
G1 X100.386 Y94.15 E3071.27233
G1 X100.266 Y93.85 E3071.29383
G1 X100.181 Y93.551 E3071.3145
G1 X100.123 Y93.217 E3071.33705
G1 X100.101 Y92.893 E3071.35866
G1 X100.109 Y92.622 E3071.37669
G1 X100.15 Y92.3 E3071.39828
G1 X100.232 Y91.955 E3071.42187
G1 X100.322 Y91.698 E3071.43999
G1 X100.468 Y91.386 E3071.4629
G1 X100.667 Y91.062 E3071.48819
G1 X100.83 Y90.852 E3071.50588
G1 X101.004 Y90.663 E3071.52297
G1 X101.216 Y90.469 E3071.54208
G1 X101.464 Y90.281 E3071.56278
G1 X101.704 Y90.136 E3071.58144
G1 X102.032 Y89.979 E3071.60563
G1 X102.283 Y89.889 E3071.62336
G1 X102.556 Y89.817 E3071.64214
G1 X102.881 Y89.767 E3071.66402
G1 X103.201 Y89.75 E3071.68533
G1 X103.531 Y89.768 E3071.70732
G1 X103.801 Y89.809 E3071.72548
G1 X104.162 Y89.903 E3071.7503
G1 X104.402 Y89.992 E3071.76733
G1 X104.661 Y90.116 E3071.78643
G1 X104.937 Y90.281 E3071.80782
G1 X105.158 Y90.447 E3071.8262
G1 X105.346 Y90.612 E3071.84284
G1 X105.537 Y90.813 E3071.86129
G1 X105.734 Y91.062 E3071.88241
G1 X105.889 Y91.306 E3071.90164
G1 X106.015 Y91.55 E3071.9199
G0 F9000 X105.534 Y91.6
;TYPE:SKIN
G1 F1537 X105.268 Y91.2 E3071.92859
G1 X104.164 Y90.4 E3071.95324
G1 X102.245 Y90.4 E3071.98794
G1 X101.131 Y91.2 E3072.01273
G1 X100.591 Y92.4 E3072.03652
G1 X100.661 Y93.6 E3072.05826
G1 X101.414 Y94.8 E3072.08387
G1 X101.998 Y95.2 E3072.09667
G1 X103.189 Y95.6 E3072.11938
G1 X104.395 Y95.2 E3072.14236
G1 X105.345 Y94.4 E3072.16481
G1 X105.825 Y93.2 E3072.18818
G1 X105.708 Y92 E3072.20998
G1 F1500 E3071.20998
G0 F9000 X107.302 Y92.128
G0 X107.354 Y93.144
G0 X107.258 Y93.615
G0 X103.878 Y211.953
G0 X104.758 Y211.311
;TYPE:WALL-OUTER
G1 F1500 E3072.23659
G1 F1756.6 X104.526 Y211.108 E3072.25709
G1 X104.27 Y210.942 E3072.27739
G1 X104.025 Y210.825 E3072.29545
G1 X103.733 Y210.73 E3072.31587
G1 X103.433 Y210.677 E3072.33614
G1 X103.164 Y210.665 E3072.35405
G1 X102.783 Y210.705 E3072.37953
G1 X102.52 Y210.773 E3072.3976
G1 X102.236 Y210.887 E3072.41796
G1 X101.969 Y211.042 E3072.4385
G1 X101.673 Y211.281 E3072.46381
G1 X101.491 Y211.48 E3072.48174
G1 X101.316 Y211.73 E3072.50204
G1 X101.19 Y211.969 E3072.52002
G1 X101.085 Y212.259 E3072.54053
G1 X101.022 Y212.555 E3072.56066
G1 X101 Y212.865 E3072.58134
G1 X101.022 Y213.175 E3072.60201
G1 X101.085 Y213.471 E3072.62214
G1 X101.19 Y213.76 E3072.6426
G1 X101.335 Y214.031 E3072.66304
G1 X101.513 Y214.276 E3072.68319
G1 X101.698 Y214.472 E3072.70111
G1 X101.905 Y214.644 E3072.71902
G1 X102.131 Y214.788 E3072.73684
G1 X102.376 Y214.905 E3072.7549
G1 X102.668 Y215 E3072.77533
G1 X102.968 Y215.053 E3072.79559
G1 X103.237 Y215.065 E3072.81351
G1 X103.618 Y215.025 E3072.83899
G1 X103.881 Y214.957 E3072.85706
G1 X104.166 Y214.843 E3072.87748
G1 X104.401 Y214.709 E3072.89547
G1 X104.642 Y214.526 E3072.9156
G1 X104.91 Y214.25 E3072.94119
G1 X105.085 Y214 E3072.96149
G1 X105.211 Y213.761 E3072.97947
G1 X105.316 Y213.471 E3072.99998
G1 X105.379 Y213.175 E3073.02011
G1 X105.4 Y212.902 E3073.03833
G1 X105.389 Y212.634 E3073.05617
G1 X105.336 Y212.335 E3073.07637
G1 X105.255 Y212.077 E3073.09436
G1 X105.124 Y211.797 E3073.11492
G1 X104.935 Y211.512 E3073.13767
G1 X104.758 Y211.311 E3073.15548
G0 F9000 X104.937 Y210.296
G1 F1756.6 X105.158 Y210.462 E3073.17387
G1 X105.346 Y210.627 E3073.19051
G1 X105.537 Y210.828 E3073.20895
G1 X105.734 Y211.077 E3073.23007
G1 X105.889 Y211.321 E3073.2493
G1 X106.015 Y211.565 E3073.26757
G1 X106.135 Y211.865 E3073.28906
G1 X106.219 Y212.157 E3073.30928
G1 X106.278 Y212.498 E3073.3323
G1 X106.3 Y212.822 E3073.3539
G1 X106.292 Y213.09 E3073.37173
G1 X106.251 Y213.413 E3073.39339
G1 X106.169 Y213.76 E3073.41711
G1 X106.079 Y214.017 E3073.43522
G1 X105.933 Y214.329 E3073.45814
G1 X105.74 Y214.644 E3073.48271
G1 X105.571 Y214.863 E3073.50111
G1 X105.397 Y215.052 E3073.5182
G1 X105.191 Y215.24 E3073.53676
G1 X104.937 Y215.434 E3073.55802
G1 X104.661 Y215.599 E3073.57941
G1 X104.402 Y215.723 E3073.59851
G1 X104 Y215.86 E3073.62676
G1 X103.696 Y215.925 E3073.64744
G1 X103.362 Y215.96 E3073.66978
G1 X103.038 Y215.96 E3073.69133
G1 X102.778 Y215.936 E3073.7087
G1 X102.497 Y215.884 E3073.72771
G1 X102.239 Y215.812 E3073.74553
G1 X101.999 Y215.723 E3073.76255
G1 X101.74 Y215.599 E3073.78166
G1 X101.504 Y215.459 E3073.79991
G1 X101.257 Y215.28 E3073.8202
G1 X101.053 Y215.101 E3073.83825
G1 X100.856 Y214.893 E3073.85731
G1 X100.661 Y214.644 E3073.87835
G1 X100.512 Y214.409 E3073.89686
G1 X100.386 Y214.165 E3073.91513
G1 X100.266 Y213.865 E3073.93662
G1 X100.181 Y213.566 E3073.9573
G1 X100.123 Y213.232 E3073.97985
G1 X100.101 Y212.908 E3074.00145
G1 X100.109 Y212.637 E3074.01948
G1 X100.15 Y212.315 E3074.04108
G1 X100.232 Y211.97 E3074.06467
G1 X100.322 Y211.713 E3074.08278
G1 X100.468 Y211.401 E3074.10569
G1 X100.667 Y211.077 E3074.13099
G1 X100.83 Y210.867 E3074.14867
G1 X101.004 Y210.678 E3074.16576
G1 X101.216 Y210.484 E3074.18487
G1 X101.464 Y210.296 E3074.20558
G1 X101.704 Y210.151 E3074.22423
G1 X102.032 Y209.994 E3074.24842
G1 X102.283 Y209.904 E3074.26616
G1 X102.556 Y209.832 E3074.28494
G1 X102.881 Y209.782 E3074.30681
G1 X103.201 Y209.765 E3074.32813
G1 X103.531 Y209.783 E3074.35011
G1 X103.801 Y209.824 E3074.36828
G1 X104.162 Y209.918 E3074.39309
G1 X104.402 Y210.007 E3074.41012
G1 X104.661 Y210.131 E3074.42922
G1 X104.937 Y210.296 E3074.45061
G0 F9000 X104.119 Y210.4
;TYPE:SKIN
G1 F1537 X104.849 Y210.8 E3074.46728
G1 X105.703 Y212 E3074.49678
G1 X105.825 Y213.2 E3074.52093
G1 X105.355 Y214.4 E3074.54674
G1 X104.425 Y215.2 E3074.57131
G1 X103.19 Y215.6 E3074.59731
G1 X101.969 Y215.2 E3074.62304
G1 X101.045 Y214.4 E3074.64752
G1 X100.571 Y213.2 E3074.67336
G1 X100.698 Y212 E3074.69752
G1 X101.55 Y210.8 E3074.727
G1 X102.288 Y210.4 E3074.74381
G1 F1500 E3073.74381
G0 F9000 X103.126 Y211.731
G0 X197.149 Y211.785
G0 X197.869 Y210.942
;TYPE:WALL-OUTER
G1 F1500 E3074.77042
G1 F1756.6 X197.624 Y210.825 E3074.78848
G1 X197.332 Y210.73 E3074.8089
G1 X197.032 Y210.677 E3074.82917
G1 X196.763 Y210.665 E3074.84708
G1 X196.382 Y210.705 E3074.87256
G1 X196.119 Y210.773 E3074.89063
G1 X195.835 Y210.887 E3074.91099
G1 X195.568 Y211.042 E3074.93153
G1 X195.272 Y211.281 E3074.95683
G1 X195.09 Y211.48 E3074.97477
G1 X194.915 Y211.73 E3074.99507
G1 X194.789 Y211.969 E3075.01305
G1 X194.684 Y212.259 E3075.03356
G1 X194.621 Y212.555 E3075.05369
G1 X194.6 Y212.828 E3075.07191
G1 X194.611 Y213.096 E3075.08975
G1 X194.664 Y213.395 E3075.10995
G1 X194.745 Y213.653 E3075.12794
G1 X194.876 Y213.933 E3075.1485
G1 X195.065 Y214.218 E3075.17125
G1 X195.242 Y214.419 E3075.18906
G1 X195.474 Y214.622 E3075.20957
G1 X195.73 Y214.788 E3075.22987
G1 X195.975 Y214.905 E3075.24793
G1 X196.267 Y215 E3075.26835
G1 X196.567 Y215.053 E3075.28862
G1 X196.836 Y215.065 E3075.30653
G1 X197.217 Y215.025 E3075.33201
G1 X197.48 Y214.957 E3075.35008
G1 X197.765 Y214.843 E3075.3705
G1 X198 Y214.709 E3075.3885
G1 X198.241 Y214.526 E3075.40863
G1 X198.509 Y214.25 E3075.43422
G1 X198.684 Y214 E3075.45452
G1 X198.81 Y213.761 E3075.47249
G1 X198.915 Y213.471 E3075.49301
G1 X198.978 Y213.175 E3075.51314
G1 X198.999 Y212.902 E3075.53135
G1 X198.988 Y212.634 E3075.54919
G1 X198.935 Y212.335 E3075.56939
G1 X198.854 Y212.077 E3075.58738
G1 X198.723 Y211.797 E3075.60794
G1 X198.534 Y211.512 E3075.63069
G1 X198.357 Y211.311 E3075.64851
G1 X198.125 Y211.108 E3075.66902
G1 X197.869 Y210.942 E3075.68931
G0 F9000 X198.536 Y210.296
G1 F1756.6 X198.757 Y210.462 E3075.7077
G1 X198.945 Y210.627 E3075.72434
G1 X199.136 Y210.828 E3075.74278
G1 X199.333 Y211.077 E3075.7639
G1 X199.488 Y211.321 E3075.78313
G1 X199.614 Y211.565 E3075.8014
G1 X199.734 Y211.865 E3075.82289
G1 X199.818 Y212.157 E3075.8431
G1 X199.877 Y212.498 E3075.86612
G1 X199.899 Y212.822 E3075.88773
G1 X199.891 Y213.09 E3075.90556
G1 X199.85 Y213.413 E3075.92722
G1 X199.768 Y213.76 E3075.95094
G1 X199.678 Y214.017 E3075.96905
G1 X199.532 Y214.329 E3075.99197
G1 X199.336 Y214.649 E3076.01693
G1 X199.17 Y214.863 E3076.03494
G1 X198.996 Y215.052 E3076.05203
G1 X198.79 Y215.24 E3076.07058
G1 X198.536 Y215.434 E3076.09185
G1 X198.26 Y215.599 E3076.11324
G1 X198.001 Y215.723 E3076.13234
G1 X197.599 Y215.86 E3076.16059
G1 X197.295 Y215.925 E3076.18127
G1 X196.961 Y215.96 E3076.20361
G1 X196.637 Y215.96 E3076.22516
G1 X196.377 Y215.936 E3076.24253
G1 X196.096 Y215.884 E3076.26154
G1 X195.838 Y215.812 E3076.27936
G1 X195.598 Y215.723 E3076.29638
G1 X195.339 Y215.599 E3076.31548
G1 X195.103 Y215.459 E3076.33374
G1 X194.856 Y215.28 E3076.35403
G1 X194.652 Y215.101 E3076.37208
G1 X194.455 Y214.893 E3076.39114
G1 X194.262 Y214.646 E3076.41199
G1 X194.111 Y214.409 E3076.43068
G1 X193.985 Y214.165 E3076.44895
G1 X193.865 Y213.865 E3076.47045
G1 X193.78 Y213.566 E3076.49112
G1 X193.722 Y213.232 E3076.51367
G1 X193.7 Y212.908 E3076.53528
G1 X193.708 Y212.637 E3076.55331
G1 X193.749 Y212.315 E3076.5749
G1 X193.831 Y211.97 E3076.59849
G1 X193.921 Y211.713 E3076.61661
G1 X194.067 Y211.401 E3076.63952
G1 X194.266 Y211.077 E3076.66481
G1 X194.429 Y210.867 E3076.6825
G1 X194.603 Y210.678 E3076.69959
G1 X194.815 Y210.484 E3076.7187
G1 X195.063 Y210.296 E3076.7394
G1 X195.303 Y210.151 E3076.75805
G1 X195.631 Y209.994 E3076.78224
G1 X195.882 Y209.904 E3076.79998
G1 X196.155 Y209.832 E3076.81876
G1 X196.48 Y209.782 E3076.84064
G1 X196.8 Y209.765 E3076.86195
G1 X197.13 Y209.783 E3076.88394
G1 X197.4 Y209.824 E3076.9021
G1 X197.761 Y209.918 E3076.92692
G1 X198.001 Y210.007 E3076.94394
G1 X198.26 Y210.131 E3076.96305
G1 X198.536 Y210.296 E3076.98444
G0 F9000 X197.719 Y210.4
;TYPE:SKIN
G1 F1537 X198.449 Y210.8 E3077.00078
G1 X199.303 Y212 E3077.0297
G1 X199.425 Y213.2 E3077.05338
G1 X198.954 Y214.4 E3077.07869
G1 X198.025 Y215.2 E3077.10276
G1 X196.79 Y215.6 E3077.12825
G1 X195.569 Y215.2 E3077.15347
G1 X194.643 Y214.4 E3077.1775
G1 X194.172 Y213.2 E3077.20281
G1 X194.298 Y212 E3077.2265
G1 X195.15 Y210.8 E3077.25539
G0 F9000 X195.558 Y210.4
G1 F1537 X196.219 Y210.4 E3077.27738
;TIME_ELAPSED:6226.318046
G1 F1500 E3076.27738
M140 S0
M107
G91; relative positioning
 G1 Z1.0 F3000 ; move z up little to prevent scratching of print G1 X0 Y200 F1000 ; prepare for part removal
 M104 S0; turn off extruder
 M140 S0 ; turn off bed
 M84 ; disable motors
 M106 S0 ; turn off fan
M82 ;absolute extrusion mode
M104 S0
;End of Gcode
;SETTING_3 {"global_quality": "[general]\\nversion = 4\\nname = polylite 0.8\\nd
;SETTING_3 efinition = artillery_sidewinder_x1\\n\\n[metadata]\\ntype = quality_
;SETTING_3 changes\\nquality_type = standard\\nsetting_version = 19\\n\\n[values
;SETTING_3 ]\\nadhesion_type = skirt\\nadhesion_z_offset = -0.09\\narcwelder_g90
;SETTING_3 _influences_extruder = True\\nmaterial_bed_temperature = 60\\nretract
;SETTING_3 ion_combing = infill\\nsupport_enable = False\\n\\n", "extruder_quali
;SETTING_3 ty": ["[general]\\nversion = 4\\nname = polylite 0.8\\ndefinition = a
;SETTING_3 rtillery_sidewinder_x1\\n\\n[metadata]\\ntype = quality_changes\\nqua
;SETTING_3 lity_type = standard\\nintent_category = default\\nposition = 0\\nset
;SETTING_3 ting_version = 19\\n\\n[values]\\nbrim_width = 3\\ncool_fan_full_at_h
;SETTING_3 eight = 0\\nfilter_out_tiny_gaps = True\\ninfill_pattern = lines\\nin
;SETTING_3 fill_sparse_density = 15\\nline_width = 0.8\\nmaterial_initial_print_
;SETTING_3 temperature = 200\\nmaterial_print_temperature = 200\\nmaterial_print
;SETTING_3 _temperature_layer_0 = 200\\nretraction_amount = 1\\nretraction_extra
;SETTING_3 _prime_amount = 0.064\\nskin_angles = [180, 90 ]\\nspeed_layer_0 = 20
;SETTING_3 \\nspeed_print = 50\\nspeed_topbottom = 35\\nspeed_wall = 40\\nsuppor
;SETTING_3 t_angle = 70\\nsupport_xy_distance = 1\\nwall_line_count = 3\\nz_seam
;SETTING_3 _corner = z_seam_corner_outer\\nz_seam_position = frontright\\n\\n"]}
