;FLAVOR:Marlin
;TIME:3760
;Filament used: 2.67234m
;Layer height: 0.2
;MINX:113.009
;MINY:115.93
;MINZ:0.2
;MAXX:186.991
;MAXY:184.07
;MAXZ:10
;ZOFFSETPROCESSED
;Generated with Cura_SteamEngine 4.13.1
M140 S60
M105
M190 S60
M104 S200
M105
M109 S200
M82 ;absolute extrusion mode
G28 ; home all axes
 M117 Purge extruder
 G92 E0 ; reset extruder
 G1 Z1.0 F3000 ; move z up little to prevent scratching of surface
 G1 X2 Y20 Z0.3 F5000.0 ; move to start-line position
 G1 X2 Y200.0 Z0.3 F1500.0 E15 ; draw 1st line
 G1 X2 Y200.0 Z0.4 F5000.0 ; move to side a little
 G1 X2 Y20 Z0.4 F1500.0 E30 ; draw 2nd line
 G92 E0 ; reset extruder
 G1 Z1.0 F3000 ; move z up little to prevent scratching of surface
G92 E0
G92 E0
G1 F1500 E-1
;LAYER_COUNT:50
;LAYER:0
M106 S255
G0 F6000 X114.826 Y118.103 Z0.12 ;adjusted by z offset
G92 Z0.2 ;consider this the original z before offset
;TYPE:SKIRT
G1 F1500 E0.02661
G1 F600 X115.437 Y117.53 E0.05447
G1 X115.627 Y117.376 E0.0626
G1 X116.18 Y116.979 E0.08524
G1 X116.838 Y116.621 E0.11016
G1 X117.06 Y116.518 E0.1183
G1 X117.693 Y116.268 E0.14094
G1 X118.344 Y116.096 E0.16333
G1 X118.565 Y116.051 E0.17083
G1 X119.456 Y115.94 E0.2007
G1 X119.543 Y115.936 E0.20359
G1 X119.809 Y115.93 E0.21244
G1 X180.242 Y115.931 E2.22245
G1 X180.922 Y115.971 E2.24511
G1 X181.376 Y116.043 E2.2604
G1 X181.667 Y116.101 E2.27027
G1 X182.325 Y116.273 E2.29289
G1 X183.241 Y116.66 E2.32596
G1 X183.474 Y116.783 E2.33472
G1 X184.056 Y117.135 E2.35735
G1 X184.659 Y117.613 E2.38294
G1 X184.839 Y117.776 E2.39101
G1 X185.316 Y118.262 E2.41366
G1 X185.675 Y118.717 E2.43294
G1 X185.795 Y118.886 E2.43983
G1 X186.156 Y119.463 E2.46247
G1 X186.471 Y120.14 E2.48731
G1 X186.566 Y120.384 E2.49602
G1 X186.775 Y121.032 E2.51866
G1 X186.917 Y121.774 E2.54379
G1 X186.947 Y122.016 E2.5519
G1 X186.991 Y122.73 E2.57569
G1 X186.99 Y177.337 E4.39193
G1 X186.9 Y178.353 E4.42585
G1 X186.863 Y178.561 E4.43288
G1 X186.705 Y179.223 E4.45552
G1 X186.515 Y179.756 E4.47434
G1 X186.428 Y179.967 E4.48193
G1 X186.132 Y180.58 E4.50457
G1 X185.751 Y181.174 E4.52804
G1 X185.608 Y181.37 E4.53611
G1 X185.176 Y181.896 E4.55875
G1 X184.655 Y182.392 E4.58267
G1 X184.467 Y182.55 E4.59084
G1 X183.921 Y182.957 E4.61349
G1 X183.204 Y183.358 E4.64082
G1 X182.968 Y183.469 E4.64949
G1 X182.335 Y183.723 E4.67218
G1 X181.656 Y183.904 E4.69555
G1 X181.435 Y183.949 E4.70305
G1 X180.544 Y184.06 E4.73291
G1 X180.457 Y184.064 E4.73581
G1 X180.191 Y184.07 E4.74466
G1 X119.742 Y184.069 E6.7552
G1 X119.062 Y184.029 E6.77786
G1 X118.575 Y183.95 E6.79427
G1 X118.317 Y183.897 E6.80303
G1 X117.659 Y183.721 E6.82568
G1 X116.982 Y183.449 E6.84995
G1 X116.777 Y183.351 E6.85751
G1 X116.181 Y183.022 E6.88015
G1 X115.63 Y182.626 E6.90272
G1 X115.441 Y182.473 E6.9108
G1 X114.937 Y182.014 E6.93348
G1 X114.396 Y181.371 E6.96143
G1 X114.232 Y181.145 E6.97071
G1 X113.865 Y180.572 E6.99335
G1 X113.51 Y179.815 E7.02115
G1 X113.423 Y179.588 E7.02924
G1 X113.217 Y178.939 E7.05189
G1 X113.083 Y178.226 E7.07602
G1 X113.053 Y177.984 E7.08413
G1 X113.009 Y177.27 E7.10792
G1 X113.01 Y122.663 E8.92416
G1 X113.1 Y121.647 E8.95808
G1 X113.137 Y121.439 E8.96511
G1 X113.295 Y120.777 E8.98774
G1 X113.47 Y120.282 E9.00521
G1 X113.548 Y120.089 E9.01213
G1 X113.839 Y119.474 E9.03476
G1 X114.231 Y118.856 E9.0591
G1 X114.395 Y118.63 E9.06839
G1 X114.826 Y118.103 E9.09103
G0 F6000 X115.136 Y118.357
G1 F600 X115.689 Y117.841 E9.11619
G1 X115.879 Y117.687 E9.12432
G1 X116.413 Y117.305 E9.14616
G1 X117.006 Y116.984 E9.16859
G1 X117.228 Y116.881 E9.17673
G1 X117.84 Y116.641 E9.19859
G1 X118.424 Y116.488 E9.21867
G1 X118.645 Y116.443 E9.22617
G1 X119.474 Y116.34 E9.25396
G1 X119.809 Y116.33 E9.2651
G1 X180.242 Y116.331 E11.27511
G1 X180.898 Y116.371 E11.29697
G1 X181.298 Y116.435 E11.31045
G1 X181.589 Y116.493 E11.32032
G1 X182.224 Y116.661 E11.34216
G1 X183.054 Y117.014 E11.37216
G1 X183.287 Y117.137 E11.38092
G1 X183.848 Y117.478 E11.40276
G1 X184.391 Y117.909 E11.42582
G1 X184.571 Y118.072 E11.43389
G1 X185.03 Y118.542 E11.45575
G1 X185.349 Y118.949 E11.47294
G1 X185.469 Y119.118 E11.47984
G1 X185.816 Y119.675 E11.50167
G1 X186.098 Y120.285 E11.52402
G1 X186.193 Y120.529 E11.53273
G1 X186.394 Y121.154 E11.55456
G1 X186.52 Y121.824 E11.57724
G1 X186.55 Y122.066 E11.58535
G1 X186.591 Y122.73 E11.60747
G1 X186.59 Y177.337 E13.42371
G1 X186.507 Y178.283 E13.4553
G1 X186.47 Y178.491 E13.46232
G1 X186.315 Y179.129 E13.48416
G1 X186.145 Y179.603 E13.50091
G1 X186.058 Y179.814 E13.5085
G1 X185.771 Y180.405 E13.53035
G1 X185.428 Y180.939 E13.55146
G1 X185.285 Y181.135 E13.55953
G1 X184.867 Y181.641 E13.58136
G1 X184.397 Y182.086 E13.60289
G1 X184.209 Y182.244 E13.61105
G1 X183.682 Y182.635 E13.63288
G1 X183.033 Y182.996 E13.65758
G1 X182.797 Y183.107 E13.66625
G1 X182.187 Y183.35 E13.68809
G1 X181.576 Y183.512 E13.70912
G1 X181.355 Y183.557 E13.71662
G1 X180.526 Y183.66 E13.7444
G1 X180.191 Y183.67 E13.75555
G1 X119.742 Y183.669 E15.76609
G1 X119.086 Y183.629 E15.78795
G1 X118.655 Y183.559 E15.80248
G1 X118.397 Y183.506 E15.81124
G1 X117.763 Y183.334 E15.83308
G1 X117.155 Y183.088 E15.8549
G1 X116.95 Y182.99 E15.86246
G1 X116.376 Y182.671 E15.8843
G1 X115.881 Y182.315 E15.90458
G1 X115.692 Y182.162 E15.91267
G1 X115.208 Y181.718 E15.93451
G1 X114.719 Y181.137 E15.95977
G1 X114.555 Y180.911 E15.96906
G1 X114.203 Y180.356 E15.99091
G1 X113.884 Y179.672 E16.01602
G1 X113.797 Y179.445 E16.0241
G1 X113.599 Y178.818 E16.04597
G1 X113.48 Y178.176 E16.06769
G1 X113.45 Y177.934 E16.0758
G1 X113.409 Y177.27 E16.09793
G1 X113.41 Y122.663 E17.91416
G1 X113.493 Y121.717 E17.94575
G1 X113.53 Y121.509 E17.95277
G1 X113.685 Y120.871 E17.97461
G1 X113.84 Y120.432 E17.9901
G1 X113.918 Y120.239 E17.99702
G1 X114.201 Y119.646 E18.01887
G1 X114.554 Y119.09 E18.04078
G1 X114.718 Y118.864 E18.05007
G1 X115.136 Y118.357 E18.07192
G0 F6000 X115.445 Y118.612
G1 F600 X115.941 Y118.152 E18.09442
G1 X116.131 Y117.998 E18.10256
G1 X116.646 Y117.631 E18.12359
G1 X117.175 Y117.346 E18.14357
G1 X117.397 Y117.243 E18.15171
G1 X117.986 Y117.014 E18.17273
G1 X118.503 Y116.88 E18.1905
G1 X118.724 Y116.835 E18.198
G1 X119.492 Y116.739 E18.22374
G1 X119.809 Y116.73 E18.23429
G1 X180.242 Y116.731 E20.2443
G1 X180.873 Y116.771 E20.26533
G1 X181.219 Y116.827 E20.27698
G1 X181.51 Y116.885 E20.28685
G1 X182.121 Y117.048 E20.30789
G1 X182.867 Y117.367 E20.33487
G1 X183.1 Y117.49 E20.34363
G1 X183.639 Y117.82 E20.36466
G1 X184.122 Y118.206 E20.38522
G1 X184.302 Y118.369 E20.3933
G1 X184.743 Y118.822 E20.41432
G1 X185.023 Y119.18 E20.42944
G1 X185.143 Y119.349 E20.43633
G1 X185.475 Y119.887 E20.45736
G1 X185.725 Y120.43 E20.47724
G1 X185.82 Y120.674 E20.48595
G1 X186.012 Y121.276 E20.50697
G1 X186.123 Y121.873 E20.52717
G1 X186.153 Y122.115 E20.53528
G1 X186.191 Y122.73 E20.55577
G1 X186.19 Y177.337 E22.37201
G1 X186.113 Y178.213 E22.40125
G1 X186.076 Y178.421 E22.40828
G1 X185.926 Y179.035 E22.4293
G1 X185.775 Y179.451 E22.44402
G1 X185.688 Y179.662 E22.45161
G1 X185.411 Y180.23 E22.47263
G1 X185.105 Y180.703 E22.49137
G1 X184.962 Y180.899 E22.49944
G1 X184.558 Y181.385 E22.52046
G1 X184.14 Y181.78 E22.53959
G1 X183.952 Y181.938 E22.54776
G1 X183.443 Y182.313 E22.56878
G1 X182.863 Y182.635 E22.59085
G1 X182.627 Y182.746 E22.59952
G1 X182.039 Y182.978 E22.62055
G1 X181.497 Y183.12 E22.63918
G1 X181.276 Y183.165 E22.64668
G1 X180.508 Y183.261 E22.67243
G1 X180.191 Y183.27 E22.68297
G1 X119.742 Y183.269 E24.69351
G1 X119.111 Y183.229 E24.71454
G1 X118.736 Y183.167 E24.72719
G1 X118.478 Y183.114 E24.73595
G1 X117.868 Y182.948 E24.75697
G1 X117.328 Y182.727 E24.77638
G1 X117.123 Y182.629 E24.78394
G1 X116.571 Y182.321 E24.80496
G1 X116.133 Y182.004 E24.82294
G1 X115.944 Y181.851 E24.83103
G1 X115.479 Y181.423 E24.85205
G1 X115.043 Y180.902 E24.87465
G1 X114.879 Y180.676 E24.88393
G1 X114.541 Y180.142 E24.90495
G1 X114.257 Y179.528 E24.92745
G1 X114.17 Y179.301 E24.93554
G1 X113.982 Y178.698 E24.95655
G1 X113.877 Y178.127 E24.97586
G1 X113.847 Y177.885 E24.98397
G1 X113.809 Y177.27 E25.00446
G1 X113.81 Y122.663 E26.8207
G1 X113.887 Y121.787 E26.84995
G1 X113.924 Y121.579 E26.85697
G1 X114.074 Y120.965 E26.878
G1 X114.211 Y120.581 E26.89156
G1 X114.289 Y120.388 E26.89848
G1 X114.563 Y119.819 E26.91949
G1 X114.878 Y119.325 E26.93897
G1 X115.042 Y119.099 E26.94826
G1 X115.445 Y118.612 E26.96928
G0 F6000 X115.754 Y118.868
G1 F600 X116.193 Y118.462 E26.98917
G1 X116.383 Y118.308 E26.99731
G1 X116.878 Y117.959 E27.01745
G1 X117.343 Y117.709 E27.03501
G1 X117.565 Y117.606 E27.04315
G1 X118.131 Y117.388 E27.06332
G1 X118.583 Y117.271 E27.07885
G1 X118.804 Y117.226 E27.08635
G1 X119.511 Y117.139 E27.11005
G1 X119.809 Y117.13 E27.11996
G1 X180.242 Y117.131 E29.12997
G1 X181.141 Y117.22 E29.16002
G1 X181.432 Y117.278 E29.16989
G1 X182.018 Y117.435 E29.19007
G1 X182.68 Y117.721 E29.21405
G1 X182.913 Y117.844 E29.22281
G1 X183.43 Y118.162 E29.243
G1 X183.854 Y118.502 E29.26108
G1 X184.034 Y118.665 E29.26916
G1 X184.455 Y119.101 E29.28931
G1 X184.697 Y119.412 E29.30242
G1 X184.817 Y119.581 E29.30931
G1 X185.134 Y120.097 E29.32946
G1 X185.353 Y120.575 E29.34694
G1 X185.448 Y120.819 E29.35565
G1 X185.63 Y121.397 E29.37581
G1 X185.726 Y121.922 E29.39356
G1 X185.756 Y122.164 E29.40167
G1 X185.791 Y122.73 E29.42053
G1 X185.79 Y177.337 E31.23677
G1 X185.719 Y178.143 E31.26368
G1 X185.682 Y178.351 E31.2707
G1 X185.537 Y178.939 E31.29085
G1 X185.406 Y179.298 E31.30356
G1 X185.319 Y179.509 E31.31115
G1 X185.051 Y180.054 E31.33135
G1 X184.782 Y180.467 E31.34774
G1 X184.639 Y180.663 E31.35581
G1 X184.25 Y181.128 E31.37598
G1 X183.883 Y181.474 E31.39275
G1 X183.695 Y181.632 E31.40092
G1 X183.206 Y181.99 E31.42108
G1 X182.693 Y182.273 E31.44056
G1 X182.457 Y182.384 E31.44924
G1 X181.892 Y182.605 E31.46942
G1 X181.417 Y182.729 E31.48574
G1 X181.196 Y182.774 E31.49325
G1 X180.489 Y182.861 E31.51694
G1 X180.191 Y182.87 E31.52685
G1 X119.742 Y182.869 E33.5374
G1 X119.137 Y182.829 E33.55756
G1 X118.816 Y182.775 E33.56839
G1 X118.558 Y182.722 E33.57715
G1 X117.974 Y182.561 E33.5973
G1 X117.5 Y182.366 E33.61434
G1 X117.295 Y182.268 E33.6219
G1 X116.766 Y181.971 E33.64208
G1 X116.385 Y181.693 E33.65777
G1 X116.196 Y181.54 E33.66585
G1 X115.751 Y181.129 E33.686
G1 X115.367 Y180.667 E33.70598
G1 X115.203 Y180.441 E33.71527
G1 X114.88 Y179.928 E33.73543
G1 X114.631 Y179.385 E33.7553
G1 X114.544 Y179.158 E33.76339
G1 X114.364 Y178.579 E33.78355
G1 X114.274 Y178.078 E33.80048
G1 X114.244 Y177.836 E33.80859
G1 X114.209 Y177.27 E33.82746
G1 X114.21 Y122.663 E35.64369
G1 X114.281 Y121.857 E35.6706
G1 X114.318 Y121.649 E35.67763
G1 X114.463 Y121.061 E35.69777
G1 X114.582 Y120.731 E35.70944
G1 X114.66 Y120.538 E35.71636
G1 X114.924 Y119.992 E35.73654
G1 X115.202 Y119.56 E35.75362
G1 X115.366 Y119.334 E35.76291
G1 X115.754 Y118.868 E35.78308
G0 F6000 X116.061 Y119.125
G1 F600 X116.444 Y118.773 E35.80038
G1 X116.634 Y118.619 E35.80851
G1 X117.109 Y118.286 E35.82781
G1 X117.511 Y118.072 E35.84296
G1 X117.733 Y117.969 E35.8511
G1 X118.274 Y117.762 E35.87036
G1 X118.663 Y117.663 E35.88371
G1 X118.884 Y117.618 E35.89121
G1 X119.529 Y117.538 E35.91283
G1 X119.809 Y117.53 E35.92215
G1 X180.242 Y117.531 E37.93216
G1 X181.063 Y117.612 E37.9596
G1 X181.354 Y117.67 E37.96946
G1 X181.913 Y117.822 E37.98873
G1 X182.494 Y118.075 E38.00981
G1 X182.727 Y118.198 E38.01857
G1 X183.219 Y118.503 E38.03783
G1 X183.585 Y118.799 E38.05348
G1 X183.765 Y118.962 E38.06156
G1 X184.167 Y119.379 E38.08082
G1 X184.371 Y119.643 E38.09192
G1 X184.491 Y119.812 E38.09881
G1 X184.793 Y120.307 E38.1181
G1 X184.98 Y120.72 E38.13318
G1 X185.075 Y120.964 E38.14189
G1 X185.247 Y121.517 E38.16115
G1 X185.329 Y121.971 E38.17649
G1 X185.359 Y122.213 E38.1846
G1 X185.391 Y122.73 E38.20183
G1 X185.39 Y177.337 E40.01807
G1 X185.325 Y178.073 E40.04264
G1 X185.288 Y178.281 E40.04967
G1 X185.148 Y178.843 E40.06893
G1 X185.036 Y179.146 E40.07968
G1 X184.949 Y179.357 E40.08727
G1 X184.692 Y179.876 E40.10653
G1 X184.459 Y180.231 E40.12065
G1 X184.316 Y180.427 E40.12872
G1 X183.943 Y180.871 E40.14801
G1 X183.625 Y181.167 E40.16246
G1 X183.437 Y181.325 E40.17063
G1 X182.969 Y181.667 E40.18991
G1 X182.523 Y181.911 E40.20682
G1 X182.287 Y182.022 E40.21549
G1 X181.747 Y182.231 E40.23475
G1 X181.337 Y182.337 E40.24884
G1 X181.116 Y182.382 E40.25634
G1 X180.471 Y182.462 E40.27795
G1 X180.191 Y182.47 E40.28727
G1 X119.742 Y182.469 E42.29781
G1 X118.897 Y182.383 E42.32606
G1 X118.639 Y182.33 E42.33482
G1 X118.081 Y182.175 E42.35408
G1 X117.673 Y182.005 E42.36879
G1 X117.468 Y181.907 E42.37634
G1 X116.963 Y181.622 E42.39563
G1 X116.636 Y181.382 E42.40912
G1 X116.447 Y181.229 E42.41721
G1 X116.023 Y180.835 E42.43646
G1 X115.691 Y180.432 E42.45383
G1 X115.527 Y180.206 E42.46311
G1 X115.22 Y179.715 E42.48237
G1 X115.004 Y179.242 E42.49967
G1 X114.917 Y179.015 E42.50775
G1 X114.748 Y178.461 E42.52702
G1 X114.671 Y178.029 E42.54161
G1 X114.641 Y177.787 E42.54972
G1 X114.609 Y177.27 E42.56695
G1 X114.61 Y122.663 E44.38319
G1 X114.675 Y121.927 E44.40776
G1 X114.712 Y121.719 E44.41479
G1 X114.852 Y121.157 E44.43405
G1 X114.953 Y120.881 E44.44383
G1 X115.031 Y120.688 E44.45075
G1 X115.285 Y120.167 E44.47003
G1 X115.526 Y119.795 E44.48477
G1 X115.69 Y119.569 E44.49406
G1 X116.061 Y119.125 E44.5133
G0 F6000 X116.369 Y119.383
G1 F600 X116.696 Y119.084 E44.52804
G1 X116.886 Y118.93 E44.53618
G1 X117.338 Y118.615 E44.5545
G1 X117.68 Y118.435 E44.56735
G1 X117.902 Y118.332 E44.57549
G1 X118.417 Y118.137 E44.59381
G1 X118.743 Y118.055 E44.60499
G1 X118.964 Y118.01 E44.61249
G1 X119.547 Y117.938 E44.63203
G1 X119.809 Y117.93 E44.64075
G1 X180.242 Y117.931 E46.65076
G1 X180.985 Y118.004 E46.67559
G1 X181.276 Y118.062 E46.68546
G1 X181.807 Y118.209 E46.70378
G1 X182.307 Y118.429 E46.72195
G1 X182.54 Y118.552 E46.73071
G1 X183.007 Y118.843 E46.74902
G1 X183.317 Y119.095 E46.7623
G1 X183.497 Y119.258 E46.77038
G1 X184.044 Y119.875 E46.79781
G1 X184.164 Y120.044 E46.8047
G1 X184.45 Y120.515 E46.82303
G1 X184.607 Y120.865 E46.83579
G1 X184.702 Y121.109 E46.84449
G1 X184.864 Y121.636 E46.86283
G1 X184.932 Y122.021 E46.87584
G1 X184.962 Y122.263 E46.88395
G1 X184.991 Y122.73 E46.89951
G1 X184.99 Y177.337 E48.71574
G1 X184.931 Y178.003 E48.73798
G1 X184.894 Y178.211 E48.74501
G1 X184.666 Y178.994 E48.77213
G1 X184.579 Y179.205 E48.77972
G1 X184.333 Y179.697 E48.79802
G1 X184.136 Y179.996 E48.80993
G1 X183.993 Y180.192 E48.818
G1 X183.637 Y180.612 E48.83631
G1 X183.368 Y180.861 E48.8485
G1 X183.18 Y181.019 E48.85667
G1 X182.733 Y181.342 E48.87501
G1 X182.352 Y181.549 E48.88943
G1 X182.116 Y181.66 E48.89811
G1 X181.602 Y181.857 E48.91642
G1 X181.257 Y181.945 E48.92826
G1 X181.036 Y181.99 E48.93576
G1 X180.453 Y182.062 E48.9553
G1 X180.191 Y182.07 E48.96402
G1 X119.742 Y182.069 E50.97456
G1 X118.977 Y181.991 E51.00013
G1 X118.719 Y181.938 E51.0089
G1 X118.189 Y181.789 E51.02721
G1 X117.845 Y181.644 E51.03962
G1 X117.64 Y181.546 E51.04718
G1 X117.161 Y181.273 E51.06552
G1 X116.888 Y181.072 E51.07679
G1 X116.699 Y180.919 E51.08488
G1 X116.297 Y180.542 E51.10321
G1 X116.014 Y180.197 E51.11805
G1 X115.85 Y179.971 E51.12734
G1 X115.56 Y179.503 E51.14565
G1 X115.378 Y179.099 E51.16039
G1 X115.291 Y178.872 E51.16848
G1 X115.131 Y178.344 E51.18683
G1 X115.068 Y177.979 E51.19914
G1 X115.038 Y177.737 E51.20726
G1 X115.009 Y177.27 E51.22282
G1 X115.01 Y122.663 E53.03905
G1 X115.069 Y121.997 E53.06129
G1 X115.106 Y121.789 E53.06832
G1 X115.324 Y121.031 E53.09455
G1 X115.402 Y120.838 E53.10148
G1 X115.645 Y120.344 E53.11979
G1 X115.849 Y120.03 E53.13224
G1 X116.013 Y119.804 E53.14153
G1 X116.369 Y119.383 E53.15987
G0 F6000 X116.675 Y119.642
G1 F600 X116.948 Y119.395 E53.17211
G1 X117.138 Y119.241 E53.18024
G1 X117.567 Y118.945 E53.19758
G1 X117.848 Y118.798 E53.20813
G1 X118.07 Y118.695 E53.21627
G1 X118.558 Y118.512 E53.2336
G1 X118.823 Y118.447 E53.24268
G1 X119.044 Y118.402 E53.25018
G1 X119.566 Y118.338 E53.26767
G1 X119.809 Y118.33 E53.27576
G1 X180.242 Y118.331 E55.28577
G1 X180.907 Y118.397 E55.30799
G1 X181.198 Y118.455 E55.31786
G1 X181.699 Y118.595 E55.33516
G1 X182.12 Y118.782 E55.35049
G1 X182.353 Y118.905 E55.35925
G1 X182.794 Y119.183 E55.37659
G1 X183.048 Y119.392 E55.38753
G1 X183.228 Y119.555 E55.39561
G1 X183.718 Y120.107 E55.42015
G1 X183.838 Y120.276 E55.42705
G1 X184.106 Y120.722 E55.44435
G1 X184.234 Y121.01 E55.45484
G1 X184.329 Y121.254 E55.46355
G1 X184.481 Y121.753 E55.4809
G1 X184.535 Y122.07 E55.49159
G1 X184.565 Y122.312 E55.4997
G1 X184.591 Y122.73 E55.51363
G1 X184.59 Y177.337 E57.32987
G1 X184.537 Y177.932 E57.34974
G1 X184.5 Y178.14 E57.35676
G1 X184.296 Y178.841 E57.38104
G1 X184.209 Y179.052 E57.38864
G1 X183.974 Y179.517 E57.40596
G1 X183.813 Y179.76 E57.41566
G1 X183.67 Y179.956 E57.42373
G1 X183.331 Y180.352 E57.44107
G1 X183.111 Y180.555 E57.45102
G1 X182.923 Y180.713 E57.45919
G1 X182.499 Y181.017 E57.47654
G1 X182.182 Y181.187 E57.48851
G1 X181.946 Y181.298 E57.49718
G1 X181.459 Y181.483 E57.51451
G1 X181.177 Y181.553 E57.52417
G1 X180.956 Y181.598 E57.53167
G1 X180.434 Y181.662 E57.54917
G1 X180.191 Y181.67 E57.55725
G1 X119.742 Y181.669 E59.56779
G1 X119.058 Y181.599 E59.59066
G1 X118.8 Y181.546 E59.59942
G1 X118.299 Y181.403 E59.61675
G1 X118.018 Y181.284 E59.6269
G1 X117.813 Y181.186 E59.63446
G1 X117.361 Y180.925 E59.65182
G1 X117.14 Y180.761 E59.66097
G1 X116.951 Y180.608 E59.66906
G1 X116.572 Y180.25 E59.6864
G1 X116.338 Y179.962 E59.69874
G1 X116.174 Y179.736 E59.70803
G1 X115.901 Y179.292 E59.72537
G1 X115.751 Y178.956 E59.7376
G1 X115.664 Y178.729 E59.74569
G1 X115.516 Y178.229 E59.76303
G1 X115.465 Y177.93 E59.77312
G1 X115.435 Y177.688 E59.78123
G1 X115.409 Y177.27 E59.79516
G1 X115.41 Y122.663 E61.6114
G1 X115.463 Y122.068 E61.63127
G1 X115.5 Y121.86 E61.63829
G1 X115.695 Y121.181 E61.66179
G1 X115.773 Y120.988 E61.66871
G1 X116.004 Y120.521 E61.68604
G1 X116.173 Y120.265 E61.69624
G1 X116.337 Y120.039 E61.70553
G1 X116.675 Y119.642 E61.72287
G0 F6000 X116.98 Y119.903
G1 F600 X117.2 Y119.705 E61.73272
G1 X117.39 Y119.551 E61.74085
G1 X117.794 Y119.275 E61.75713
G1 X118.238 Y119.058 E61.77356
G1 X118.902 Y118.839 E61.79682
G1 X119.123 Y118.794 E61.80432
G1 X119.584 Y118.737 E61.81977
G1 X119.809 Y118.73 E61.82726
G1 X180.242 Y118.731 E63.83727
G1 X180.828 Y118.789 E63.85685
G1 X181.119 Y118.847 E63.86672
G1 X181.59 Y118.981 E63.88301
G1 X181.934 Y119.136 E63.89556
G1 X182.167 Y119.259 E63.90432
G1 X182.579 Y119.522 E63.92058
G1 X182.78 Y119.688 E63.92925
G1 X182.96 Y119.851 E63.93732
G1 X183.392 Y120.338 E63.95898
G1 X183.512 Y120.507 E63.96587
G1 X183.762 Y120.928 E63.98216
G1 X183.862 Y121.156 E63.99044
G1 X183.957 Y121.4 E63.99915
G1 X184.096 Y121.869 E64.01541
G1 X184.138 Y122.119 E64.02385
G1 X184.168 Y122.361 E64.03196
G1 X184.191 Y122.73 E64.04425
G1 X184.19 Y177.337 E65.86049
G1 X184.144 Y177.862 E65.87802
G1 X184.107 Y178.07 E65.88505
G1 X183.926 Y178.689 E65.9065
G1 X183.839 Y178.9 E65.91409
G1 X183.49 Y179.524 E65.93787
G1 X183.347 Y179.72 E65.94594
G1 X182.853 Y180.249 E65.97001
G1 X182.665 Y180.407 E65.97818
G1 X182.266 Y180.69 E65.99445
G1 X182.012 Y180.825 E66.00401
G1 X181.776 Y180.936 E66.01269
G1 X181.098 Y181.161 E66.03645
G1 X180.877 Y181.206 E66.04395
G1 X180.416 Y181.263 E66.0594
G1 X180.191 Y181.27 E66.06689
G1 X119.742 Y181.269 E68.07743
G1 X119.138 Y181.208 E68.09762
G1 X118.88 Y181.155 E68.10638
G1 X118.19 Y180.923 E68.13059
G1 X117.985 Y180.825 E68.13815
G1 X117.391 Y180.45 E68.16151
G1 X117.202 Y180.297 E68.1696
G1 X116.848 Y179.959 E68.18588
G1 X116.662 Y179.727 E68.19577
G1 X116.498 Y179.501 E68.20506
G1 X116.244 Y179.083 E68.22133
G1 X116.125 Y178.813 E68.23114
G1 X116.038 Y178.586 E68.23923
G1 X115.862 Y177.881 E68.26339
G1 X115.832 Y177.639 E68.2715
G1 X115.809 Y177.27 E68.2838
G1 X115.81 Y122.663 E70.10004
G1 X115.856 Y122.138 E70.11757
G1 X115.893 Y121.93 E70.12459
G1 X116.066 Y121.331 E70.14533
G1 X116.144 Y121.138 E70.15225
G1 X116.497 Y120.5 E70.1765
G1 X116.661 Y120.274 E70.18579
G1 X116.98 Y119.903 E70.20207
G0 F6000 X116.985 Y120.509
G1 F600 X117.452 Y120.016 E70.22465
G1 X117.642 Y119.862 E70.23279
G1 X118.185 Y119.523 E70.25408
G1 X118.407 Y119.42 E70.26222
G1 X118.982 Y119.231 E70.28235
G1 X119.203 Y119.186 E70.28985
G1 X119.603 Y119.137 E70.30325
G1 X119.809 Y119.13 E70.31011
G1 X180.242 Y119.131 E72.32012
G1 X180.75 Y119.181 E72.3371
G1 X181.041 Y119.239 E72.34696
G1 X181.479 Y119.367 E72.36214
G1 X181.747 Y119.49 E72.37195
G1 X181.98 Y119.613 E72.38071
G1 X182.511 Y119.985 E72.40228
G1 X182.691 Y120.148 E72.41035
G1 X183.066 Y120.57 E72.42913
G1 X183.186 Y120.739 E72.43602
G1 X183.489 Y121.301 E72.45726
G1 X183.584 Y121.545 E72.46597
G1 X183.741 Y122.168 E72.48734
G1 X183.771 Y122.41 E72.49545
G1 X183.791 Y122.73 E72.50611
G1 X183.79 Y177.337 E74.32235
G1 X183.75 Y177.792 E74.33754
G1 X183.713 Y178 E74.34457
G1 X183.557 Y178.536 E74.36313
G1 X183.47 Y178.747 E74.37073
G1 X183.166 Y179.288 E74.39137
G1 X183.023 Y179.484 E74.39943
G1 X182.596 Y179.942 E74.42026
G1 X182.408 Y180.1 E74.42843
G1 X181.842 Y180.463 E74.45079
G1 X181.606 Y180.574 E74.45947
G1 X181.018 Y180.769 E74.48007
G1 X180.797 Y180.814 E74.48757
G1 X180.397 Y180.863 E74.50098
G1 X180.191 Y180.87 E74.50783
G1 X119.742 Y180.869 E76.51837
G1 X119.219 Y180.816 E76.53586
G1 X118.961 Y180.763 E76.54462
G1 X118.363 Y180.562 E76.5656
G1 X118.158 Y180.464 E76.57316
G1 X117.643 Y180.139 E76.59341
G1 X117.454 Y179.986 E76.6015
G1 X116.986 Y179.492 E76.62413
G1 X116.822 Y179.266 E76.63342
G1 X116.498 Y178.669 E76.65601
G1 X116.411 Y178.442 E76.6641
G1 X116.259 Y177.832 E76.68501
G1 X116.229 Y177.59 E76.69312
G1 X116.209 Y177.27 E76.70378
G1 X116.21 Y122.663 E78.52002
G1 X116.25 Y122.208 E78.53521
G1 X116.287 Y122 E78.54224
G1 X116.436 Y121.481 E78.5602
G1 X116.514 Y121.288 E78.56712
G1 X116.821 Y120.735 E78.58816
G1 X116.985 Y120.509 E78.59745
G0 F6000 X117.308 Y120.744
G1 F600 X117.704 Y120.327 E78.61657
G1 X117.894 Y120.173 E78.62471
G1 X118.353 Y119.886 E78.64271
G1 X118.575 Y119.783 E78.65085
G1 X119.062 Y119.623 E78.6679
G1 X119.283 Y119.578 E78.6754
G1 X119.621 Y119.536 E78.68673
G1 X119.809 Y119.53 E78.69299
G1 X180.242 Y119.531 E80.703
G1 X180.672 Y119.573 E80.71737
G1 X180.963 Y119.631 E80.72724
G1 X181.364 Y119.752 E80.74117
G1 X181.56 Y119.843 E80.74835
G1 X181.793 Y119.966 E80.75712
G1 X182.243 Y120.281 E80.77539
G1 X182.423 Y120.444 E80.78346
G1 X182.74 Y120.801 E80.79934
G1 X182.86 Y120.97 E80.80624
G1 X183.116 Y121.446 E80.82421
G1 X183.211 Y121.69 E80.83292
G1 X183.344 Y122.217 E80.851
G1 X183.374 Y122.459 E80.85911
G1 X183.391 Y122.73 E80.86814
G1 X183.39 Y177.337 E82.68438
G1 X183.356 Y177.722 E82.69723
G1 X183.319 Y177.93 E82.70426
G1 X183.187 Y178.384 E82.71998
G1 X183.1 Y178.595 E82.72758
G1 X182.843 Y179.053 E82.74504
G1 X182.7 Y179.249 E82.75311
G1 X182.338 Y179.636 E82.77074
G1 X182.15 Y179.794 E82.77891
G1 X181.671 Y180.101 E82.79783
G1 X181.435 Y180.212 E82.8065
G1 X180.938 Y180.377 E82.82392
G1 X180.717 Y180.422 E82.83142
G1 X180.379 Y180.464 E82.84275
G1 X180.191 Y180.47 E82.84901
G1 X119.742 Y180.469 E84.85955
G1 X119.299 Y180.424 E84.87436
G1 X119.041 Y180.371 E84.88312
G1 X118.535 Y180.201 E84.90087
G1 X118.33 Y180.103 E84.90843
G1 X117.895 Y179.828 E84.92555
G1 X117.706 Y179.675 E84.93363
G1 X117.309 Y179.257 E84.95281
G1 X117.145 Y179.031 E84.9621
G1 X116.872 Y178.526 E84.98119
G1 X116.785 Y178.299 E84.98928
G1 X116.656 Y177.783 E85.00697
G1 X116.626 Y177.541 E85.01508
G1 X116.609 Y177.27 E85.02411
G1 X116.61 Y122.663 E86.84034
G1 X116.644 Y122.278 E86.8532
G1 X116.681 Y122.07 E86.86023
G1 X116.807 Y121.631 E86.87542
G1 X116.885 Y121.438 E86.88234
G1 X117.144 Y120.97 E86.90013
G1 X117.308 Y120.744 E86.90942
G0 F6000 X117.632 Y120.979
G1 F600 X117.956 Y120.638 E86.92506
G1 X118.146 Y120.484 E86.9332
G1 X118.521 Y120.249 E86.94792
G1 X118.743 Y120.146 E86.95606
G1 X119.142 Y120.015 E86.97002
G1 X119.363 Y119.97 E86.97752
G1 X119.639 Y119.936 E86.98677
G1 X119.809 Y119.93 E86.99243
G1 X180.242 Y119.931 E89.00244
G1 X180.594 Y119.966 E89.01421
G1 X180.885 Y120.024 E89.02408
G1 X181.373 Y120.197 E89.0413
G1 X181.606 Y120.32 E89.05006
G1 X181.974 Y120.578 E89.06501
G1 X182.154 Y120.741 E89.07308
G1 X182.414 Y121.033 E89.08609
G1 X182.534 Y121.202 E89.09298
G1 X182.743 Y121.591 E89.10767
G1 X182.838 Y121.835 E89.11638
G1 X182.947 Y122.267 E89.1312
G1 X182.991 Y122.73 E89.14667
G1 X182.99 Y177.337 E90.9629
G1 X182.962 Y177.652 E90.97342
G1 X182.925 Y177.86 E90.98045
G1 X182.817 Y178.231 E90.9933
G1 X182.73 Y178.442 E91.00089
G1 X182.52 Y178.817 E91.01519
G1 X182.377 Y179.013 E91.02325
G1 X182.081 Y179.33 E91.03768
G1 X181.893 Y179.488 E91.04585
G1 X181.501 Y179.739 E91.06133
G1 X181.265 Y179.85 E91.07
G1 X180.858 Y179.985 E91.08427
G1 X180.637 Y180.03 E91.09177
G1 X180.361 Y180.064 E91.10102
G1 X180.191 Y180.07 E91.10667
G1 X119.742 Y180.069 E93.11722
G1 X119.38 Y180.032 E93.12932
G1 X119.122 Y179.979 E93.13808
G1 X118.708 Y179.84 E93.1526
G1 X118.503 Y179.742 E93.16016
G1 X118.146 Y179.517 E93.1742
G1 X117.957 Y179.364 E93.18229
G1 X117.633 Y179.022 E93.19795
G1 X117.469 Y178.796 E93.20724
G1 X117.245 Y178.383 E93.22287
G1 X117.158 Y178.156 E93.23095
G1 X117.053 Y177.733 E93.24545
G1 X117.009 Y177.27 E93.26092
G1 X117.01 Y122.663 E95.07715
G1 X117.038 Y122.348 E95.08767
G1 X117.075 Y122.14 E95.0947
G1 X117.178 Y121.781 E95.10712
G1 X117.256 Y121.588 E95.11405
G1 X117.468 Y121.205 E95.12861
G1 X117.632 Y120.979 E95.13789
G0 F6000 X117.956 Y121.214
G1 F600 X118.207 Y120.948 E95.15006
G1 X118.397 Y120.794 E95.15819
G1 X118.69 Y120.612 E95.16966
G1 X118.912 Y120.509 E95.1778
G1 X119.222 Y120.407 E95.18866
G1 X119.658 Y120.335 E95.20336
G1 X119.809 Y120.33 E95.20838
G1 X180.242 Y120.331 E97.21839
G1 X180.516 Y120.358 E97.22755
G1 X180.807 Y120.416 E97.23742
G1 X181.187 Y120.551 E97.25083
G1 X181.42 Y120.674 E97.25959
G1 X181.706 Y120.874 E97.2712
G1 X181.886 Y121.037 E97.27928
G1 X182.088 Y121.264 E97.28938
G1 X182.208 Y121.433 E97.29628
G1 X182.371 Y121.736 E97.30772
G1 X182.466 Y121.98 E97.31643
G1 X182.55 Y122.316 E97.32795
G1 X182.591 Y122.73 E97.34179
G1 X182.59 Y177.337 E99.15802
G1 X182.531 Y177.79 E99.17322
G1 X182.447 Y178.079 E99.18323
G1 X182.36 Y178.29 E99.19082
G1 X182.197 Y178.581 E99.20191
G1 X182.054 Y178.777 E99.20998
G1 X181.824 Y179.024 E99.22121
G1 X181.636 Y179.182 E99.22937
G1 X181.331 Y179.377 E99.24141
G1 X181.095 Y179.488 E99.25009
G1 X180.778 Y179.593 E99.2612
G1 X180.342 Y179.665 E99.27589
G1 X180.191 Y179.67 E99.28092
G1 X119.742 Y179.669 E101.29146
G1 X119.46 Y179.64 E101.30089
G1 X119.202 Y179.587 E101.30965
G1 X118.88 Y179.479 E101.32095
G1 X118.675 Y179.381 E101.3285
G1 X118.398 Y179.206 E101.3394
G1 X118.209 Y179.053 E101.34749
G1 X117.957 Y178.787 E101.35968
G1 X117.793 Y178.561 E101.36896
G1 X117.619 Y178.24 E101.38111
G1 X117.532 Y178.013 E101.38919
G1 X117.45 Y177.684 E101.40047
G1 X117.409 Y177.27 E101.41431
G1 X117.41 Y122.663 E103.23054
G1 X117.469 Y122.21 E103.24574
G1 X117.549 Y121.93 E103.25542
G1 X117.627 Y121.737 E103.26235
G1 X117.792 Y121.44 E103.27365
G1 X117.956 Y121.214 E103.28293
G0 F6000 X118.28 Y121.449
G1 F600 X118.459 Y121.259 E103.29162
G1 X118.858 Y120.975 E103.30791
G1 X119.301 Y120.799 E103.32376
G1 X119.676 Y120.735 E103.33641
G1 X119.809 Y120.73 E103.34084
G1 X180.242 Y120.731 E105.35085
G1 X180.437 Y120.75 E105.35737
G1 X180.728 Y120.808 E105.36724
G1 X181 Y120.905 E105.37684
G1 X181.233 Y121.028 E105.3856
G1 X181.617 Y121.334 E105.40193
G1 X181.881 Y121.665 E105.41602
G1 X181.998 Y121.881 E105.42419
G1 X182.093 Y122.125 E105.4329
G1 X182.183 Y122.607 E105.4492
G1 X182.191 Y122.73 E105.4533
G1 X182.19 Y177.337 E107.26954
G1 X182.138 Y177.72 E107.2824
G1 X181.99 Y178.137 E107.29711
G1 X181.731 Y178.541 E107.31307
G1 X181.378 Y178.876 E107.32926
G1 X181.161 Y179.015 E107.33783
G1 X180.925 Y179.126 E107.34651
G1 X180.478 Y179.246 E107.3619
G1 X180.191 Y179.27 E107.37148
G1 X119.742 Y179.269 E109.38202
G1 X119.541 Y179.249 E109.38874
G1 X119.283 Y179.196 E109.3975
G1 X118.848 Y179.02 E109.41311
G1 X118.461 Y178.742 E109.42895
G1 X118.281 Y178.552 E109.43766
G1 X118.117 Y178.326 E109.44695
G1 X117.992 Y178.097 E109.45562
G1 X117.847 Y177.635 E109.47173
G1 X117.809 Y177.27 E109.48393
G1 X117.81 Y122.663 E111.30017
G1 X117.862 Y122.28 E111.31303
G1 X117.998 Y121.887 E111.32686
G1 X118.116 Y121.675 E111.33493
G1 X118.28 Y121.449 E111.34422
G0 F6000 X118.603 Y121.684
G1 F600 X118.901 Y121.416 E111.35755
G1 X119.248 Y121.235 E111.37056
G1 X119.602 Y121.146 E111.3827
G1 X119.809 Y121.13 E111.38961
G1 X180.242 Y121.131 E113.39962
G1 X180.359 Y121.143 E113.40353
G1 X180.65 Y121.201 E113.4134
G1 X180.813 Y121.258 E113.41914
G1 X181.046 Y121.381 E113.42791
G1 X181.349 Y121.63 E113.44095
G1 X181.555 Y121.897 E113.45217
G1 X181.625 Y122.026 E113.45705
G1 X181.72 Y122.27 E113.46576
G1 X181.786 Y122.656 E113.47878
G1 X181.791 Y122.73 E113.48125
G1 X181.79 Y177.337 E115.29748
G1 X181.744 Y177.65 E115.30801
G1 X181.621 Y177.985 E115.31988
G1 X181.408 Y178.306 E115.33269
G1 X181.121 Y178.569 E115.34564
G1 X180.99 Y178.653 E115.35081
G1 X180.754 Y178.764 E115.35949
G1 X180.398 Y178.854 E115.3717
G1 X180.191 Y178.87 E115.37861
G1 X119.742 Y178.869 E117.38915
G1 X119.621 Y178.857 E117.39319
G1 X119.363 Y178.804 E117.40195
G1 X119.02 Y178.659 E117.41434
G1 X118.712 Y178.431 E117.42708
G1 X118.604 Y178.317 E117.43231
G1 X118.44 Y178.091 E117.44159
G1 X118.279 Y177.727 E117.45483
G1 X118.214 Y177.344 E117.46775
G1 X118.209 Y177.27 E117.47022
G1 X118.21 Y122.663 E119.28646
G1 X118.256 Y122.35 E119.29698
G1 X118.369 Y122.037 E119.30805
G1 X118.439 Y121.91 E119.31287
G1 X118.603 Y121.684 E119.32216
G0 F6000 X118.927 Y121.919
G1 F600 X119.153 Y121.727 E119.33202
G1 X119.417 Y121.598 E119.34179
G1 X119.682 Y121.538 E119.35083
G1 X119.809 Y121.53 E119.35506
G1 X180.242 Y121.531 E121.36507
G1 X180.281 Y121.535 E121.36638
G1 X180.572 Y121.593 E121.37624
G1 X180.626 Y121.612 E121.37815
G1 X180.859 Y121.735 E121.38691
G1 X181.08 Y121.927 E121.39665
G1 X181.229 Y122.128 E121.40497
G1 X181.252 Y122.171 E121.40659
G1 X181.347 Y122.415 E121.4153
G1 X181.389 Y122.705 E121.42505
G1 X181.391 Y122.73 E121.42588
G1 X181.39 Y177.337 E123.24212
G1 X181.338 Y177.621 E123.25172
G1 X181.228 Y177.874 E123.2609
G1 X181.052 Y178.105 E123.27056
G1 X180.82 Y178.291 E123.28045
G1 X180.584 Y178.402 E123.28912
G1 X180.318 Y178.462 E123.29819
G1 X180.191 Y178.47 E123.30242
G1 X119.742 Y178.469 E125.31296
G1 X119.702 Y178.465 E125.3143
G1 X119.444 Y178.412 E125.32306
G1 X119.193 Y178.298 E125.33223
G1 X118.964 Y178.12 E125.34188
G1 X118.928 Y178.082 E125.34362
G1 X118.764 Y177.856 E125.35291
G1 X118.652 Y177.584 E125.36269
G1 X118.611 Y177.295 E125.3724
G1 X118.609 Y177.27 E125.37323
G1 X118.61 Y122.663 E127.18947
G1 X118.662 Y122.38 E127.19904
G1 X118.763 Y122.145 E127.20755
G1 X118.927 Y121.919 E127.21683
G1 F1500 E126.21683
;MESH:Battery Holder.STL
G0 F6000 X118.81 Y121.397
G0 X119.405 Y121.116
G0 X119.795 Y121.066
G0 X180.423 Y121.081
G0 X181.02 Y121.286
G0 X181.537 Y121.75
G0 X180.922 Y122.404
;TYPE:WALL-OUTER
G1 F1500 E127.24344
G1 F600 X180.991 Y122.73 E127.25452
G1 X180.99 Y177.323 E129.07029
G1 X180.918 Y177.604 E129.07994
G1 X180.772 Y177.82 E129.08861
G1 X180.555 Y177.982 E129.09762
G1 X180.26 Y178.066 E129.10782
G1 X180.182 Y178.07 E129.11042
G1 X119.751 Y178.069 E131.12036
G1 X119.498 Y178.007 E131.12903
G1 X119.285 Y177.875 E131.13736
G1 X119.099 Y177.639 E131.14736
G1 X119.014 Y177.357 E131.15715
G1 X119.009 Y177.27 E131.16005
G1 X119.01 Y122.677 E132.97582
G1 X119.066 Y122.432 E132.98418
G1 X119.232 Y122.177 E132.9943
G1 X119.441 Y122.02 E133.00299
G1 X119.731 Y121.934 E133.01305
G1 X119.818 Y121.93 E133.01595
G1 X180.235 Y121.931 E135.02543
G1 X180.515 Y121.998 E135.035
G1 X180.758 Y122.166 E135.04483
G1 X180.922 Y122.404 E135.05444
G0 F6000 X180.518 Y122.577
G0 X180.548 Y122.565
;TYPE:WALL-INNER
G1 F600 X180.591 Y122.77 E135.06141
G1 X180.59 Y177.275 E136.87425
G1 X180.48 Y177.539 E136.88377
G1 X180.375 Y177.617 E136.88812
G1 X180.182 Y177.67 E136.89477
G1 X119.801 Y177.669 E138.90305
G1 X119.556 Y177.572 E138.91182
G1 X119.46 Y177.45 E138.91698
G1 X119.409 Y177.27 E138.9232
G1 X119.41 Y122.722 E140.73748
G1 X119.44 Y122.59 E140.74198
G1 X119.625 Y122.382 E140.75124
G1 X119.836 Y122.33 E140.75847
G1 X180.188 Y122.331 E142.76578
G1 X180.35 Y122.37 E142.77132
G1 X180.47 Y122.453 E142.77618
G1 X180.548 Y122.565 E142.78072
G0 F6000 X180.176 Y122.74
G1 F600 X180.191 Y122.809 E142.78307
G1 X180.19 Y177.195 E144.59195
G1 X180.127 Y177.27 E144.59521
G1 X119.877 Y177.269 E146.59913
G1 X119.809 Y177.214 E146.60204
G1 X119.81 Y122.776 E148.41266
G1 X119.883 Y122.73 E148.41553
G1 X180.14 Y122.731 E150.41968
G1 X180.176 Y122.74 E150.42092
G0 F6000 X179.791 Y123.131
G1 F600 X179.79 Y176.87 E152.20828
G1 X120.209 Y176.869 E154.18995
G1 X120.21 Y123.13 E155.97732
G1 X179.791 Y123.131 E157.95899
G0 F6000 X179.401 Y123.521
;TYPE:SKIN
G1 F600 X179.4 Y176.48 E159.72042
G1 X120.599 Y176.479 E161.67615
G1 X120.6 Y123.52 E163.43757
G1 X179.401 Y123.521 E165.3933
G0 F6000 X179.199 Y123.68
G1 F600 X179.199 Y176.318 E167.14405
G0 F6000 X178.799 Y176.318
G1 F600 X178.799 Y123.68 E168.89479
G0 F6000 X178.399 Y123.68
G1 F600 X178.399 Y176.318 E170.64554
G0 F6000 X177.999 Y176.318
G1 F600 X177.999 Y123.68 E172.39629
G0 F6000 X177.599 Y123.68
G1 F600 X177.599 Y176.318 E174.14703
G0 F6000 X177.199 Y176.318
G1 F600 X177.199 Y123.68 E175.89778
G0 F6000 X176.799 Y123.68
G1 F600 X176.799 Y176.318 E177.64853
G0 F6000 X176.399 Y176.318
G1 F600 X176.399 Y123.68 E179.39927
G0 F6000 X175.999 Y123.68
G1 F600 X175.999 Y176.318 E181.15002
G0 F6000 X175.599 Y176.318
G1 F600 X175.599 Y123.68 E182.90077
G0 F6000 X175.199 Y123.68
G1 F600 X175.199 Y176.318 E184.65152
G0 F6000 X174.799 Y176.318
G1 F600 X174.799 Y123.68 E186.40226
G0 F6000 X174.399 Y123.68
G1 F600 X174.399 Y176.318 E188.15301
G0 F6000 X173.999 Y176.318
G1 F600 X173.999 Y123.68 E189.90376
G0 F6000 X173.599 Y123.68
G1 F600 X173.599 Y176.318 E191.6545
G0 F6000 X173.199 Y176.318
G1 F600 X173.199 Y123.68 E193.40525
G0 F6000 X172.799 Y123.68
G1 F600 X172.799 Y176.318 E195.156
G0 F6000 X172.399 Y176.318
G1 F600 X172.399 Y123.68 E196.90674
G0 F6000 X171.999 Y123.68
G1 F600 X171.999 Y176.318 E198.65749
G0 F6000 X171.599 Y176.318
G1 F600 X171.599 Y123.68 E200.40824
G0 F6000 X171.199 Y123.68
G1 F600 X171.199 Y176.318 E202.15899
G0 F6000 X170.799 Y176.318
G1 F600 X170.799 Y123.68 E203.90973
G0 F6000 X170.399 Y123.68
G1 F600 X170.399 Y176.318 E205.66048
G0 F6000 X169.999 Y176.318
G1 F600 X169.999 Y123.68 E207.41123
G0 F6000 X169.599 Y123.68
G1 F600 X169.599 Y176.318 E209.16197
G0 F6000 X169.199 Y176.318
G1 F600 X169.199 Y123.68 E210.91272
G0 F6000 X168.799 Y123.68
G1 F600 X168.799 Y176.318 E212.66347
G0 F6000 X168.399 Y176.318
G1 F600 X168.399 Y123.68 E214.41421
G0 F6000 X167.999 Y123.68
G1 F600 X167.999 Y176.318 E216.16496
G0 F6000 X167.599 Y176.318
G1 F600 X167.599 Y123.68 E217.91571
G0 F6000 X167.199 Y123.68
G1 F600 X167.199 Y176.318 E219.66646
G0 F6000 X166.799 Y176.318
G1 F600 X166.799 Y123.68 E221.4172
G0 F6000 X166.399 Y123.68
G1 F600 X166.399 Y176.318 E223.16795
G0 F6000 X165.999 Y176.318
G1 F600 X165.999 Y123.68 E224.9187
G0 F6000 X165.599 Y123.68
G1 F600 X165.599 Y176.318 E226.66944
G0 F6000 X165.199 Y176.318
G1 F600 X165.199 Y123.68 E228.42019
G0 F6000 X164.799 Y123.68
G1 F600 X164.799 Y176.318 E230.17094
G0 F6000 X164.399 Y176.318
G1 F600 X164.399 Y123.68 E231.92168
G0 F6000 X163.999 Y123.68
G1 F600 X163.999 Y176.318 E233.67243
G0 F6000 X163.599 Y176.318
G1 F600 X163.599 Y123.68 E235.42318
G0 F6000 X163.199 Y123.68
G1 F600 X163.199 Y176.318 E237.17393
G0 F6000 X162.799 Y176.318
G1 F600 X162.799 Y123.68 E238.92467
G0 F6000 X162.399 Y123.68
G1 F600 X162.399 Y176.318 E240.67542
G0 F6000 X161.999 Y176.318
G1 F600 X161.999 Y123.68 E242.42617
G0 F6000 X161.599 Y123.68
G1 F600 X161.599 Y176.318 E244.17691
G0 F6000 X161.199 Y176.318
G1 F600 X161.199 Y123.68 E245.92766
G0 F6000 X160.799 Y123.68
G1 F600 X160.799 Y176.318 E247.67841
G0 F6000 X160.399 Y176.318
G1 F600 X160.399 Y123.68 E249.42915
G0 F6000 X159.999 Y123.68
G1 F600 X159.999 Y176.318 E251.1799
G0 F6000 X159.599 Y176.318
G1 F600 X159.599 Y123.68 E252.93065
G0 F6000 X159.199 Y123.68
G1 F600 X159.199 Y176.318 E254.6814
G0 F6000 X158.799 Y176.318
G1 F600 X158.799 Y123.68 E256.43214
G0 F6000 X158.399 Y123.68
G1 F600 X158.399 Y176.318 E258.18289
G0 F6000 X157.999 Y176.318
G1 F600 X157.999 Y123.68 E259.93364
G0 F6000 X157.599 Y123.68
G1 F600 X157.599 Y176.318 E261.68438
G0 F6000 X157.199 Y176.318
G1 F600 X157.199 Y123.68 E263.43513
G0 F6000 X156.799 Y123.68
G1 F600 X156.799 Y176.318 E265.18588
G0 F6000 X156.399 Y176.318
G1 F600 X156.399 Y123.68 E266.93662
G0 F6000 X155.999 Y123.68
G1 F600 X155.999 Y176.318 E268.68737
G0 F6000 X155.599 Y176.318
G1 F600 X155.599 Y123.68 E270.43812
G0 F6000 X155.199 Y123.68
G1 F600 X155.199 Y176.318 E272.18886
G0 F6000 X154.799 Y176.318
G1 F600 X154.799 Y123.68 E273.93961
G0 F6000 X154.399 Y123.68
G1 F600 X154.399 Y176.318 E275.69036
G0 F6000 X153.999 Y176.318
G1 F600 X153.999 Y123.68 E277.44111
G0 F6000 X153.599 Y123.68
G1 F600 X153.599 Y176.318 E279.19185
G0 F6000 X153.199 Y176.318
G1 F600 X153.199 Y123.68 E280.9426
G0 F6000 X152.799 Y123.68
G1 F600 X152.799 Y176.318 E282.69335
G0 F6000 X152.399 Y176.318
G1 F600 X152.399 Y123.68 E284.44409
G0 F6000 X151.999 Y123.68
G1 F600 X151.999 Y176.318 E286.19484
G0 F6000 X151.599 Y176.318
G1 F600 X151.599 Y123.68 E287.94559
G0 F6000 X151.199 Y123.68
G1 F600 X151.199 Y176.318 E289.69633
G0 F6000 X150.799 Y176.318
G1 F600 X150.799 Y123.68 E291.44708
G0 F6000 X150.399 Y123.68
G1 F600 X150.399 Y176.318 E293.19783
G0 F6000 X149.999 Y176.318
G1 F600 X149.999 Y123.68 E294.94858
G0 F6000 X149.599 Y123.68
G1 F600 X149.599 Y176.318 E296.69932
G0 F6000 X149.199 Y176.318
G1 F600 X149.199 Y123.68 E298.45007
G0 F6000 X148.799 Y123.68
G1 F600 X148.799 Y176.318 E300.20082
G0 F6000 X148.399 Y176.318
G1 F600 X148.399 Y123.68 E301.95156
G0 F6000 X147.999 Y123.68
G1 F600 X147.999 Y176.318 E303.70231
G0 F6000 X147.599 Y176.318
G1 F600 X147.599 Y123.68 E305.45306
G0 F6000 X147.199 Y123.68
G1 F600 X147.199 Y176.318 E307.2038
G0 F6000 X146.799 Y176.318
G1 F600 X146.799 Y123.68 E308.95455
G0 F6000 X146.399 Y123.68
G1 F600 X146.399 Y176.318 E310.7053
G0 F6000 X145.999 Y176.318
G1 F600 X145.999 Y123.68 E312.45605
G0 F6000 X145.599 Y123.68
G1 F600 X145.599 Y176.318 E314.20679
G0 F6000 X145.199 Y176.318
G1 F600 X145.199 Y123.68 E315.95754
G0 F6000 X144.799 Y123.68
G1 F600 X144.799 Y176.318 E317.70829
G0 F6000 X144.399 Y176.318
G1 F600 X144.399 Y123.68 E319.45903
G0 F6000 X143.999 Y123.68
G1 F600 X143.999 Y176.318 E321.20978
G0 F6000 X143.599 Y176.318
G1 F600 X143.599 Y123.68 E322.96053
G0 F6000 X143.199 Y123.68
G1 F600 X143.199 Y176.318 E324.71127
G0 F6000 X142.799 Y176.318
G1 F600 X142.799 Y123.68 E326.46202
G0 F6000 X142.399 Y123.68
G1 F600 X142.399 Y176.318 E328.21277
G0 F6000 X141.999 Y176.318
G1 F600 X141.999 Y123.68 E329.96352
G0 F6000 X141.599 Y123.68
G1 F600 X141.599 Y176.318 E331.71426
G0 F6000 X141.199 Y176.318
G1 F600 X141.199 Y123.68 E333.46501
G0 F6000 X140.799 Y123.68
G1 F600 X140.799 Y176.318 E335.21576
G0 F6000 X140.399 Y176.318
G1 F600 X140.399 Y123.68 E336.9665
G0 F6000 X139.999 Y123.68
G1 F600 X139.999 Y176.318 E338.71725
G0 F6000 X139.599 Y176.318
G1 F600 X139.599 Y123.68 E340.468
G0 F6000 X139.199 Y123.68
G1 F600 X139.199 Y176.318 E342.21874
G0 F6000 X138.799 Y176.318
G1 F600 X138.799 Y123.68 E343.96949
G0 F6000 X138.399 Y123.68
G1 F600 X138.399 Y176.318 E345.72024
G0 F6000 X137.999 Y176.318
G1 F600 X137.999 Y123.68 E347.47099
G0 F6000 X137.599 Y123.68
G1 F600 X137.599 Y176.318 E349.22173
G0 F6000 X137.199 Y176.318
G1 F600 X137.199 Y123.68 E350.97248
G0 F6000 X136.799 Y123.68
G1 F600 X136.799 Y176.318 E352.72323
G0 F6000 X136.399 Y176.318
G1 F600 X136.399 Y123.68 E354.47397
G0 F6000 X135.999 Y123.68
G1 F600 X135.999 Y176.318 E356.22472
G0 F6000 X135.599 Y176.318
G1 F600 X135.599 Y123.68 E357.97547
G0 F6000 X135.199 Y123.68
G1 F600 X135.199 Y176.318 E359.72621
G0 F6000 X134.799 Y176.318
G1 F600 X134.799 Y123.68 E361.47696
G0 F6000 X134.399 Y123.68
G1 F600 X134.399 Y176.318 E363.22771
G0 F6000 X133.999 Y176.318
G1 F600 X133.999 Y123.68 E364.97846
G0 F6000 X133.599 Y123.68
G1 F600 X133.599 Y176.318 E366.7292
G0 F6000 X133.199 Y176.318
G1 F600 X133.199 Y123.68 E368.47995
G0 F6000 X132.799 Y123.68
G1 F600 X132.799 Y176.318 E370.2307
G0 F6000 X132.399 Y176.318
G1 F600 X132.399 Y123.68 E371.98144
G0 F6000 X131.999 Y123.68
G1 F600 X131.999 Y176.318 E373.73219
G0 F6000 X131.599 Y176.318
G1 F600 X131.599 Y123.68 E375.48294
G0 F6000 X131.199 Y123.68
G1 F600 X131.199 Y176.318 E377.23368
G0 F6000 X130.799 Y176.318
G1 F600 X130.799 Y123.68 E378.98443
G0 F6000 X130.399 Y123.68
G1 F600 X130.399 Y176.318 E380.73518
G0 F6000 X129.999 Y176.318
G1 F600 X129.999 Y123.68 E382.48593
G0 F6000 X129.599 Y123.68
G1 F600 X129.599 Y176.318 E384.23667
G0 F6000 X129.199 Y176.318
G1 F600 X129.199 Y123.68 E385.98742
G0 F6000 X128.799 Y123.68
G1 F600 X128.799 Y176.318 E387.73817
G0 F6000 X128.399 Y176.318
G1 F600 X128.399 Y123.68 E389.48891
G0 F6000 X127.999 Y123.68
G1 F600 X127.999 Y176.318 E391.23966
G0 F6000 X127.599 Y176.318
G1 F600 X127.599 Y123.68 E392.99041
G0 F6000 X127.199 Y123.68
G1 F600 X127.199 Y176.318 E394.74115
G0 F6000 X126.799 Y176.318
G1 F600 X126.799 Y123.68 E396.4919
G0 F6000 X126.399 Y123.68
G1 F600 X126.399 Y176.318 E398.24265
G0 F6000 X125.999 Y176.318
G1 F600 X125.999 Y123.68 E399.9934
G0 F6000 X125.599 Y123.68
G1 F600 X125.599 Y176.318 E401.74414
G0 F6000 X125.199 Y176.318
G1 F600 X125.199 Y123.68 E403.49489
G0 F6000 X124.799 Y123.68
G1 F600 X124.799 Y176.318 E405.24564
G0 F6000 X124.399 Y176.318
G1 F600 X124.399 Y123.68 E406.99638
G0 F6000 X123.999 Y123.68
G1 F600 X123.999 Y176.318 E408.74713
G0 F6000 X123.599 Y176.318
G1 F600 X123.599 Y123.68 E410.49788
G0 F6000 X123.199 Y123.68
G1 F600 X123.199 Y176.318 E412.24862
G0 F6000 X122.799 Y176.318
G1 F600 X122.799 Y123.68 E413.99937
G0 F6000 X122.399 Y123.68
G1 F600 X122.399 Y176.318 E415.75012
G0 F6000 X121.999 Y176.318
G1 F600 X121.999 Y123.68 E417.50086
G0 F6000 X121.599 Y123.68
G1 F600 X121.599 Y176.318 E419.25161
G0 F6000 X121.199 Y176.318
G1 F600 X121.199 Y123.68 E421.00236
G0 F6000 X120.799 Y123.68
G1 F600 X120.799 Y176.318 E422.75311
G1 F1500 E421.75311
;MESH:NONMESH
G0 F300 X120.799 Y176.318 Z0.4
G0 F6000 X120.799 Y178.935
G0 X180.451 Y178.915
G0 X181.095 Y178.669
G0 X181.586 Y178.181
G0 X181.82 Y177.615
G0 X181.83 Y122.437
G0 X181.6 Y121.844
G0 X181.146 Y121.367
G0 X180.591 Y121.113
G0 X179.791 Y121.065
G0 X179.791 Y123.131
;TIME_ELAPSED:1286.439421
;LAYER:1
;TYPE:WALL-INNER
;MESH:Battery Holder.STL
G1 F1500 E422.77971
G1 X179.79 Y176.87 E424.56708
G1 X120.209 Y176.869 E426.54875
G1 X120.21 Y123.13 E428.33612
G1 X179.791 Y123.131 E430.31779
G0 F7500 X180.18 Y122.758
G1 F1500 X180.191 Y122.812 E430.31962
G1 X180.19 Y177.214 E432.12904
G1 X180.136 Y177.27 E432.13163
G1 X119.882 Y177.269 E434.13569
G1 X119.809 Y177.214 E434.13873
G1 X119.81 Y122.786 E435.94901
G1 X119.826 Y122.739 E435.95066
G1 X119.882 Y122.73 E435.95255
G1 X180.111 Y122.731 E437.95577
G1 X180.18 Y122.758 E437.95823
G0 F7500 X180.548 Y122.569
G1 F1500 X180.591 Y122.77 E437.96507
G1 X180.59 Y177.27 E439.77775
G1 X180.537 Y177.457 E439.78421
G1 X180.34 Y177.635 E439.79304
G1 X180.182 Y177.67 E439.79843
G1 X119.801 Y177.669 E441.80671
G1 X119.542 Y177.559 E441.81607
G1 X119.461 Y177.453 E441.8205
G1 X119.409 Y177.27 E441.82683
G1 X119.41 Y122.729 E443.64087
G1 X119.467 Y122.538 E443.6475
G1 X119.554 Y122.432 E443.65206
G1 X119.697 Y122.353 E443.6575
G1 X119.85 Y122.33 E443.66264
G1 X180.188 Y122.331 E445.66949
G1 X180.453 Y122.437 E445.67898
G1 X180.548 Y122.569 E445.68439
G0 F7500 X180.922 Y122.404
;TYPE:WALL-OUTER
G1 F1500 X180.991 Y122.73 E445.69548
G1 X180.99 Y177.327 E447.51138
G1 X180.903 Y177.635 E447.52203
G1 X180.748 Y177.844 E447.53068
G1 X180.503 Y178.007 E447.54047
G1 X180.26 Y178.066 E447.54878
G1 X180.182 Y178.07 E447.55138
G1 X119.751 Y178.069 E449.56133
G1 X119.498 Y178.007 E449.56999
G1 X119.266 Y177.857 E449.57918
G1 X119.099 Y177.639 E449.58831
G1 X119.014 Y177.357 E449.59811
G1 X119.009 Y177.27 E449.60101
G1 X119.01 Y122.671 E451.41698
G1 X119.107 Y122.347 E451.42823
G1 X119.291 Y122.12 E451.43794
G1 X119.569 Y121.967 E451.4485
G1 X119.818 Y121.93 E451.45687
G1 X180.235 Y121.931 E453.46635
G1 X180.523 Y122.002 E453.47621
G1 X180.736 Y122.145 E453.48475
G1 X180.922 Y122.404 E453.49535
G0 F7500 X180.52 Y122.581
G0 X179.401 Y123.521
;TYPE:SKIN
G1 F1050 X179.4 Y176.48 E455.25678
G1 X120.599 Y176.479 E457.21251
G1 X120.6 Y123.52 E458.97393
G1 X179.401 Y123.521 E460.92966
G1 F1500 E459.92966
G0 F7500 X179.401 Y121.065
G0 X180.59 Y121.114
G0 X181.196 Y121.402
G0 X181.649 Y121.925
G0 X181.848 Y122.562
G0 X181.828 Y177.584
G0 X181.551 Y178.231
G0 X181.094 Y178.669
G0 X180.516 Y178.89
G0 X179.24 Y178.935
G0 X179.24 Y176
G1 F1500 E460.95627
G1 F1050 X120.759 Y176 E462.90135
G0 F7500 X120.759 Y175.6
G1 F1050 X179.24 Y175.6 E464.84644
G0 F7500 X179.24 Y175.2
G1 F1050 X120.759 Y175.2 E466.79152
G0 F7500 X120.759 Y174.8
G1 F1050 X179.24 Y174.8 E468.73661
G0 F7500 X179.24 Y174.4
G1 F1050 X120.759 Y174.4 E470.6817
G0 F7500 X120.759 Y174
G1 F1050 X179.24 Y174 E472.62678
G0 F7500 X179.24 Y173.6
G1 F1050 X120.759 Y173.6 E474.57187
G0 F7500 X120.759 Y173.2
G1 F1050 X179.24 Y173.2 E476.51695
G0 F7500 X179.24 Y172.8
G1 F1050 X120.759 Y172.8 E478.46204
G0 F7500 X120.759 Y172.4
G1 F1050 X179.24 Y172.4 E480.40713
G0 F7500 X179.24 Y172
G1 F1050 X120.759 Y172 E482.35221
G0 F7500 X120.759 Y171.6
G1 F1050 X179.24 Y171.6 E484.2973
G0 F7500 X179.24 Y171.2
G1 F1050 X120.759 Y171.2 E486.24238
G0 F7500 X120.759 Y170.8
G1 F1050 X179.24 Y170.8 E488.18747
G0 F7500 X179.24 Y170.4
G1 F1050 X120.759 Y170.4 E490.13256
G0 F7500 X120.759 Y170
G1 F1050 X179.24 Y170 E492.07764
G0 F7500 X179.24 Y169.6
G1 F1050 X120.759 Y169.6 E494.02273
G0 F7500 X120.759 Y169.2
G1 F1050 X179.24 Y169.2 E495.96781
G0 F7500 X179.24 Y168.8
G1 F1050 X120.759 Y168.8 E497.9129
G0 F7500 X120.759 Y168.4
G1 F1050 X179.24 Y168.4 E499.85799
G0 F7500 X179.24 Y168
G1 F1050 X120.759 Y168 E501.80307
G0 F7500 X120.759 Y167.6
G1 F1050 X179.24 Y167.6 E503.74816
G0 F7500 X179.24 Y167.2
G1 F1050 X120.759 Y167.2 E505.69324
G0 F7500 X120.759 Y166.8
G1 F1050 X179.24 Y166.8 E507.63833
G0 F7500 X179.24 Y166.4
G1 F1050 X120.759 Y166.4 E509.58342
G0 F7500 X120.759 Y166
G1 F1050 X179.24 Y166 E511.5285
G0 F7500 X179.24 Y165.6
G1 F1050 X120.759 Y165.6 E513.47359
G0 F7500 X120.759 Y165.2
G1 F1050 X179.24 Y165.2 E515.41867
G0 F7500 X179.24 Y164.8
G1 F1050 X120.759 Y164.8 E517.36376
G0 F7500 X120.759 Y164.4
G1 F1050 X179.24 Y164.4 E519.30884
G0 F7500 X179.24 Y164
G1 F1050 X120.759 Y164 E521.25393
G0 F7500 X120.759 Y163.6
G1 F1050 X179.24 Y163.6 E523.19902
G0 F7500 X179.24 Y163.2
G1 F1050 X120.759 Y163.2 E525.1441
G0 F7500 X120.759 Y162.8
G1 F1050 X179.24 Y162.8 E527.08919
G0 F7500 X179.24 Y162.4
G1 F1050 X120.759 Y162.4 E529.03427
G0 F7500 X120.759 Y162
G1 F1050 X179.24 Y162 E530.97936
G0 F7500 X179.24 Y161.6
G1 F1050 X120.759 Y161.6 E532.92445
G0 F7500 X120.759 Y161.2
G1 F1050 X179.24 Y161.2 E534.86953
G0 F7500 X179.24 Y160.8
G1 F1050 X120.759 Y160.8 E536.81462
G0 F7500 X120.759 Y160.4
G1 F1050 X179.24 Y160.4 E538.7597
G0 F7500 X179.24 Y160
G1 F1050 X120.759 Y160 E540.70479
G0 F7500 X120.759 Y159.6
G1 F1050 X179.24 Y159.6 E542.64988
G0 F7500 X179.24 Y159.2
G1 F1050 X120.759 Y159.2 E544.59496
G0 F7500 X120.759 Y158.8
G1 F1050 X179.24 Y158.8 E546.54005
G0 F7500 X179.24 Y158.4
G1 F1050 X120.759 Y158.4 E548.48513
G0 F7500 X120.759 Y158
G1 F1050 X179.24 Y158 E550.43022
G0 F7500 X179.24 Y157.6
G1 F1050 X120.759 Y157.6 E552.37531
G0 F7500 X120.759 Y157.2
G1 F1050 X179.24 Y157.2 E554.32039
G0 F7500 X179.24 Y156.8
G1 F1050 X120.759 Y156.8 E556.26548
G0 F7500 X120.759 Y156.4
G1 F1050 X179.24 Y156.4 E558.21056
G0 F7500 X179.24 Y156
G1 F1050 X120.759 Y156 E560.15565
G0 F7500 X120.759 Y155.6
G1 F1050 X179.24 Y155.6 E562.10074
G0 F7500 X179.24 Y155.2
G1 F1050 X120.759 Y155.2 E564.04582
G0 F7500 X120.759 Y154.8
G1 F1050 X179.24 Y154.8 E565.99091
G0 F7500 X179.24 Y154.4
G1 F1050 X120.759 Y154.4 E567.93599
G0 F7500 X120.759 Y154
G1 F1050 X179.24 Y154 E569.88108
G0 F7500 X179.24 Y153.6
G1 F1050 X120.759 Y153.6 E571.82617
G0 F7500 X120.759 Y153.2
G1 F1050 X179.24 Y153.2 E573.77125
G0 F7500 X179.24 Y152.8
G1 F1050 X120.759 Y152.8 E575.71634
G0 F7500 X120.759 Y152.4
G1 F1050 X179.24 Y152.4 E577.66142
G0 F7500 X179.24 Y152
G1 F1050 X120.759 Y152 E579.60651
G0 F7500 X120.759 Y151.6
G1 F1050 X179.24 Y151.6 E581.5516
G0 F7500 X179.24 Y151.2
G1 F1050 X120.759 Y151.2 E583.49668
G0 F7500 X120.759 Y150.8
G1 F1050 X179.24 Y150.8 E585.44177
G0 F7500 X179.24 Y150.4
G1 F1050 X120.759 Y150.4 E587.38685
G0 F7500 X120.759 Y150
G1 F1050 X179.24 Y150 E589.33194
G0 F7500 X179.24 Y149.6
G1 F1050 X120.759 Y149.6 E591.27703
G0 F7500 X120.759 Y149.2
G1 F1050 X179.24 Y149.2 E593.22211
G0 F7500 X179.24 Y148.8
G1 F1050 X120.759 Y148.8 E595.1672
G0 F7500 X120.759 Y148.4
G1 F1050 X179.24 Y148.4 E597.11228
G0 F7500 X179.24 Y148
G1 F1050 X120.759 Y148 E599.05737
G0 F7500 X120.759 Y147.6
G1 F1050 X179.24 Y147.6 E601.00246
G0 F7500 X179.24 Y147.2
G1 F1050 X120.759 Y147.2 E602.94754
G0 F7500 X120.759 Y146.8
G1 F1050 X179.24 Y146.8 E604.89263
G0 F7500 X179.24 Y146.4
G1 F1050 X120.759 Y146.4 E606.83771
G0 F7500 X120.759 Y146
G1 F1050 X179.24 Y146 E608.7828
G0 F7500 X179.24 Y145.6
G1 F1050 X120.759 Y145.6 E610.72788
G0 F7500 X120.759 Y145.2
G1 F1050 X179.24 Y145.2 E612.67297
G0 F7500 X179.24 Y144.8
G1 F1050 X120.759 Y144.8 E614.61806
G0 F7500 X120.759 Y144.4
G1 F1050 X179.24 Y144.4 E616.56314
G0 F7500 X179.24 Y144
G1 F1050 X120.759 Y144 E618.50823
G0 F7500 X120.759 Y143.6
G1 F1050 X179.24 Y143.6 E620.45331
G0 F7500 X179.24 Y143.2
G1 F1050 X120.759 Y143.2 E622.3984
G0 F7500 X120.759 Y142.8
G1 F1050 X179.24 Y142.8 E624.34349
G0 F7500 X179.24 Y142.4
G1 F1050 X120.759 Y142.4 E626.28857
G0 F7500 X120.759 Y142
G1 F1050 X179.24 Y142 E628.23366
G0 F7500 X179.24 Y141.6
G1 F1050 X120.759 Y141.6 E630.17874
G0 F7500 X120.759 Y141.2
G1 F1050 X179.24 Y141.2 E632.12383
G0 F7500 X179.24 Y140.8
G1 F1050 X120.759 Y140.8 E634.06892
G0 F7500 X120.759 Y140.4
G1 F1050 X179.24 Y140.4 E636.014
G0 F7500 X179.24 Y140
G1 F1050 X120.759 Y140 E637.95909
G0 F7500 X120.759 Y139.6
G1 F1050 X179.24 Y139.6 E639.90417
G0 F7500 X179.24 Y139.2
G1 F1050 X120.759 Y139.2 E641.84926
G0 F7500 X120.759 Y138.8
G1 F1050 X179.24 Y138.8 E643.79435
G0 F7500 X179.24 Y138.4
G1 F1050 X120.759 Y138.4 E645.73943
G0 F7500 X120.759 Y138
G1 F1050 X179.24 Y138 E647.68452
G0 F7500 X179.24 Y137.6
G1 F1050 X120.759 Y137.6 E649.6296
G0 F7500 X120.759 Y137.2
G1 F1050 X179.24 Y137.2 E651.57469
G0 F7500 X179.24 Y136.8
G1 F1050 X120.759 Y136.8 E653.51978
G0 F7500 X120.759 Y136.4
G1 F1050 X179.24 Y136.4 E655.46486
G0 F7500 X179.24 Y136
G1 F1050 X120.759 Y136 E657.40995
G0 F7500 X120.759 Y135.6
G1 F1050 X179.24 Y135.6 E659.35503
G0 F7500 X179.24 Y135.2
G1 F1050 X120.759 Y135.2 E661.30012
G0 F7500 X120.759 Y134.8
G1 F1050 X179.24 Y134.8 E663.24521
G0 F7500 X179.24 Y134.4
G1 F1050 X120.759 Y134.4 E665.19029
G0 F7500 X120.759 Y134
G1 F1050 X179.24 Y134 E667.13538
G0 F7500 X179.24 Y133.6
G1 F1050 X120.759 Y133.6 E669.08046
G0 F7500 X120.759 Y133.2
G1 F1050 X179.24 Y133.2 E671.02555
G0 F7500 X179.24 Y132.8
G1 F1050 X120.759 Y132.8 E672.97064
G0 F7500 X120.759 Y132.4
G1 F1050 X179.24 Y132.4 E674.91572
G0 F7500 X179.24 Y132
G1 F1050 X120.759 Y132 E676.86081
G0 F7500 X120.759 Y131.6
G1 F1050 X179.24 Y131.6 E678.80589
G0 F7500 X179.24 Y131.2
G1 F1050 X120.759 Y131.2 E680.75098
G0 F7500 X120.759 Y130.8
G1 F1050 X179.24 Y130.8 E682.69607
G0 F7500 X179.24 Y130.4
G1 F1050 X120.759 Y130.4 E684.64115
G0 F7500 X120.759 Y130
G1 F1050 X179.24 Y130 E686.58624
G0 F7500 X179.24 Y129.6
G1 F1050 X120.759 Y129.6 E688.53132
G0 F7500 X120.759 Y129.2
G1 F1050 X179.24 Y129.2 E690.47641
G0 F7500 X179.24 Y128.8
G1 F1050 X120.759 Y128.8 E692.4215
G0 F7500 X120.759 Y128.4
G1 F1050 X179.24 Y128.4 E694.36658
G0 F7500 X179.24 Y128
G1 F1050 X120.759 Y128 E696.31167
G0 F7500 X120.759 Y127.6
G1 F1050 X179.24 Y127.6 E698.25675
G0 F7500 X179.24 Y127.2
G1 F1050 X120.759 Y127.2 E700.20184
G0 F7500 X120.759 Y126.8
G1 F1050 X179.24 Y126.8 E702.14692
G0 F7500 X179.24 Y126.4
G1 F1050 X120.759 Y126.4 E704.09201
G0 F7500 X120.759 Y126
G1 F1050 X179.24 Y126 E706.0371
G0 F7500 X179.24 Y125.6
G1 F1050 X120.759 Y125.6 E707.98218
G0 F7500 X120.759 Y125.2
G1 F1050 X179.24 Y125.2 E709.92727
G0 F7500 X179.24 Y124.8
G1 F1050 X120.759 Y124.8 E711.87235
G0 F7500 X120.759 Y124.4
G1 F1050 X179.24 Y124.4 E713.81744
G0 F7500 X179.24 Y124
G1 F1050 X120.759 Y124 E715.76253
G1 F1500 E714.76253
;MESH:NONMESH
G0 F300 X120.759 Y124 Z0.6
G0 F7500 X118.144 Y124
G0 X118.168 Y122.441
G0 X118.413 Y121.821
G0 X118.926 Y121.319
G0 X119.522 Y121.09
G0 X179.79 Y121.065
G0 X179.79 Y123.131
;TIME_ELAPSED:1784.629903
;LAYER:2
;TYPE:WALL-INNER
;MESH:Battery Holder.STL
G1 F1500 E715.78913
G1 F2400 X179.791 Y176.87 E717.5765
G1 X120.209 Y176.869 E719.55821
G1 X120.21 Y123.13 E721.34557
G1 X179.79 Y123.131 E723.32721
G0 F9000 X180.19 Y122.772
G1 F2400 X180.191 Y177.197 E725.13739
G1 X180.178 Y177.259 E725.1395
G1 X180.133 Y177.27 E725.14104
G1 X119.86 Y177.269 E727.14573
G1 X119.818 Y177.255 E727.1472
G1 X119.809 Y177.202 E727.14899
G1 X119.81 Y122.783 E728.95897
G1 X119.895 Y122.73 E728.96231
G1 X180.143 Y122.731 E730.96616
G1 X180.19 Y122.772 E730.96824
G0 F9000 X180.454 Y122.438
G1 F2400 X180.552 Y122.573 E730.97379
G1 X180.59 Y122.726 E730.97903
G1 X180.591 Y177.238 E732.79211
G1 X180.558 Y177.407 E732.79783
G1 X180.467 Y177.549 E732.80344
G1 X180.362 Y177.625 E732.80775
G1 X180.182 Y177.67 E732.81392
G1 X119.806 Y177.669 E734.82204
G1 X119.634 Y177.621 E734.82798
G1 X119.515 Y177.53 E734.83296
G1 X119.435 Y177.394 E734.83821
G1 X119.409 Y177.238 E734.84347
G1 X119.41 Y122.728 E736.65648
G1 X119.46 Y122.55 E736.66263
G1 X119.65 Y122.37 E736.67133
G1 X119.854 Y122.33 E736.67825
G1 X180.188 Y122.331 E738.68496
G1 X180.346 Y122.367 E738.69035
G1 X180.454 Y122.438 E738.69465
G0 F9000 X180.735 Y122.144
;TYPE:WALL-OUTER
G1 F2400 X180.921 Y122.402 E738.70523
G1 X180.99 Y122.677 E738.71466
G1 X180.991 Y177.278 E740.5307
G1 X180.937 Y177.558 E740.54018
G1 X180.763 Y177.828 E740.55087
G1 X180.536 Y177.992 E740.56018
G1 X180.26 Y178.066 E740.56968
G1 X180.182 Y178.07 E740.57228
G1 X119.752 Y178.069 E742.58219
G1 X119.451 Y177.985 E742.59259
G1 X119.209 Y177.799 E742.60274
G1 X119.054 Y177.535 E742.61292
G1 X119.009 Y177.27 E742.62186
G1 X119.01 Y122.672 E744.4378
G1 X119.096 Y122.367 E744.44834
G1 X119.28 Y122.13 E744.45832
G1 X119.498 Y121.993 E744.46688
G1 X119.818 Y121.93 E744.47773
G1 X180.235 Y121.931 E746.4872
G1 X180.503 Y121.993 E746.49635
G1 X180.735 Y122.144 E746.50556
G0 F9000 X180.432 Y122.462
G0 X179.4 Y123.521
;TYPE:SKIN
G1 F1500 X179.401 Y176.48 E748.26698
G1 X120.599 Y176.479 E750.22275
G1 X120.6 Y123.52 E751.98417
G1 X179.4 Y123.521 E753.93987
G1 F1500 E752.93987
G0 F9000 X179.4 Y121.065
G0 X180.54 Y121.102
G0 X181.02 Y121.285
G0 X181.503 Y121.705
G0 X181.768 Y122.193
G0 X181.854 Y122.649
G0 X181.836 Y177.533
G0 X181.588 Y178.176
G0 X181.19 Y178.603
G0 X180.572 Y178.89
G0 X179.199 Y178.935
G0 X179.199 Y176.318
G1 F1500 E753.96647
G1 X179.199 Y123.68 E755.71722
G0 F9000 X178.799 Y123.68
G1 F1500 X178.799 Y176.318 E757.46797
G0 F9000 X178.399 Y176.318
G1 F1500 X178.399 Y123.68 E759.21871
G0 F9000 X177.999 Y123.68
G1 F1500 X177.999 Y176.318 E760.96946
G0 F9000 X177.599 Y176.318
G1 F1500 X177.599 Y123.68 E762.72021
G0 F9000 X177.199 Y123.68
G1 F1500 X177.199 Y176.318 E764.47096
G0 F9000 X176.799 Y176.318
G1 F1500 X176.799 Y123.68 E766.2217
G0 F9000 X176.399 Y123.68
G1 F1500 X176.399 Y176.318 E767.97245
G0 F9000 X175.999 Y176.318
G1 F1500 X175.999 Y123.68 E769.7232
G0 F9000 X175.599 Y123.68
G1 F1500 X175.599 Y176.318 E771.47394
G0 F9000 X175.199 Y176.318
G1 F1500 X175.199 Y123.68 E773.22469
G0 F9000 X174.799 Y123.68
G1 F1500 X174.799 Y176.318 E774.97544
G0 F9000 X174.399 Y176.318
G1 F1500 X174.399 Y123.68 E776.72618
G0 F9000 X173.999 Y123.68
G1 F1500 X173.999 Y176.318 E778.47693
G0 F9000 X173.599 Y176.318
G1 F1500 X173.599 Y123.68 E780.22768
G0 F9000 X173.199 Y123.68
G1 F1500 X173.199 Y176.318 E781.97843
G0 F9000 X172.799 Y176.318
G1 F1500 X172.799 Y123.68 E783.72917
G0 F9000 X172.399 Y123.68
G1 F1500 X172.399 Y176.318 E785.47992
G0 F9000 X171.999 Y176.318
G1 F1500 X171.999 Y123.68 E787.23067
G0 F9000 X171.599 Y123.68
G1 F1500 X171.599 Y176.318 E788.98141
G0 F9000 X171.199 Y176.318
G1 F1500 X171.199 Y123.68 E790.73216
G0 F9000 X170.799 Y123.68
G1 F1500 X170.799 Y176.318 E792.48291
G0 F9000 X170.399 Y176.318
G1 F1500 X170.399 Y123.68 E794.23365
G0 F9000 X169.999 Y123.68
G1 F1500 X169.999 Y176.318 E795.9844
G0 F9000 X169.599 Y176.318
G1 F1500 X169.599 Y123.68 E797.73515
G0 F9000 X169.199 Y123.68
G1 F1500 X169.199 Y176.318 E799.4859
G0 F9000 X168.799 Y176.318
G1 F1500 X168.799 Y123.68 E801.23664
G0 F9000 X168.399 Y123.68
G1 F1500 X168.399 Y176.318 E802.98739
G0 F9000 X167.999 Y176.318
G1 F1500 X167.999 Y123.68 E804.73814
G0 F9000 X167.599 Y123.68
G1 F1500 X167.599 Y176.318 E806.48888
G0 F9000 X167.199 Y176.318
G1 F1500 X167.199 Y123.68 E808.23963
G0 F9000 X166.799 Y123.68
G1 F1500 X166.799 Y176.318 E809.99038
G0 F9000 X166.399 Y176.318
G1 F1500 X166.399 Y123.68 E811.74112
G0 F9000 X165.999 Y123.68
G1 F1500 X165.999 Y176.318 E813.49187
G0 F9000 X165.599 Y176.318
G1 F1500 X165.599 Y123.68 E815.24262
G0 F9000 X165.199 Y123.68
G1 F1500 X165.199 Y176.318 E816.99337
G0 F9000 X164.799 Y176.318
G1 F1500 X164.799 Y123.68 E818.74411
G0 F9000 X164.399 Y123.68
G1 F1500 X164.399 Y176.318 E820.49486
G0 F9000 X163.999 Y176.318
G1 F1500 X163.999 Y123.68 E822.24561
G0 F9000 X163.599 Y123.68
G1 F1500 X163.599 Y176.318 E823.99635
G0 F9000 X163.199 Y176.318
G1 F1500 X163.199 Y123.68 E825.7471
G0 F9000 X162.799 Y123.68
G1 F1500 X162.799 Y176.318 E827.49785
G0 F9000 X162.399 Y176.318
G1 F1500 X162.399 Y123.68 E829.24859
G0 F9000 X161.999 Y123.68
G1 F1500 X161.999 Y176.318 E830.99934
G0 F9000 X161.599 Y176.318
G1 F1500 X161.599 Y123.68 E832.75009
G0 F9000 X161.199 Y123.68
G1 F1500 X161.199 Y176.318 E834.50084
G0 F9000 X160.799 Y176.318
G1 F1500 X160.799 Y123.68 E836.25158
G0 F9000 X160.399 Y123.68
G1 F1500 X160.399 Y176.318 E838.00233
G0 F9000 X159.999 Y176.318
G1 F1500 X159.999 Y123.68 E839.75308
G0 F9000 X159.599 Y123.68
G1 F1500 X159.599 Y176.318 E841.50382
G0 F9000 X159.199 Y176.318
G1 F1500 X159.199 Y123.68 E843.25457
G0 F9000 X158.799 Y123.68
G1 F1500 X158.799 Y176.318 E845.00532
G0 F9000 X158.399 Y176.318
G1 F1500 X158.399 Y123.68 E846.75606
G0 F9000 X157.999 Y123.68
G1 F1500 X157.999 Y176.318 E848.50681
G0 F9000 X157.599 Y176.318
G1 F1500 X157.599 Y123.68 E850.25756
G0 F9000 X157.199 Y123.68
G1 F1500 X157.199 Y176.318 E852.00831
G0 F9000 X156.799 Y176.318
G1 F1500 X156.799 Y123.68 E853.75905
G0 F9000 X156.399 Y123.68
G1 F1500 X156.399 Y176.318 E855.5098
G0 F9000 X155.999 Y176.318
G1 F1500 X155.999 Y123.68 E857.26055
G0 F9000 X155.599 Y123.68
G1 F1500 X155.599 Y176.318 E859.01129
G0 F9000 X155.199 Y176.318
G1 F1500 X155.199 Y123.68 E860.76204
G0 F9000 X154.799 Y123.68
G1 F1500 X154.799 Y176.318 E862.51279
G0 F9000 X154.399 Y176.318
G1 F1500 X154.399 Y123.68 E864.26353
G0 F9000 X153.999 Y123.68
G1 F1500 X153.999 Y176.318 E866.01428
G0 F9000 X153.599 Y176.318
G1 F1500 X153.599 Y123.68 E867.76503
G0 F9000 X153.199 Y123.68
G1 F1500 X153.199 Y176.318 E869.51578
G0 F9000 X152.799 Y176.318
G1 F1500 X152.799 Y123.68 E871.26652
G0 F9000 X152.399 Y123.68
G1 F1500 X152.399 Y176.318 E873.01727
G0 F9000 X151.999 Y176.318
G1 F1500 X151.999 Y123.68 E874.76802
G0 F9000 X151.599 Y123.68
G1 F1500 X151.599 Y176.318 E876.51876
G0 F9000 X151.199 Y176.318
G1 F1500 X151.199 Y123.68 E878.26951
G0 F9000 X150.799 Y123.68
G1 F1500 X150.799 Y176.318 E880.02026
G0 F9000 X150.399 Y176.318
G1 F1500 X150.399 Y123.68 E881.771
G0 F9000 X149.999 Y123.68
G1 F1500 X149.999 Y176.318 E883.52175
G0 F9000 X149.599 Y176.318
G1 F1500 X149.599 Y123.68 E885.2725
G0 F9000 X149.199 Y123.68
G1 F1500 X149.199 Y176.318 E887.02324
G0 F9000 X148.799 Y176.318
G1 F1500 X148.799 Y123.68 E888.77399
G0 F9000 X148.399 Y123.68
G1 F1500 X148.399 Y176.318 E890.52474
G0 F9000 X147.999 Y176.318
G1 F1500 X147.999 Y123.68 E892.27549
G0 F9000 X147.599 Y123.68
G1 F1500 X147.599 Y176.318 E894.02623
G0 F9000 X147.199 Y176.318
G1 F1500 X147.199 Y123.68 E895.77698
G0 F9000 X146.799 Y123.68
G1 F1500 X146.799 Y176.318 E897.52773
G0 F9000 X146.399 Y176.318
G1 F1500 X146.399 Y123.68 E899.27847
G0 F9000 X145.999 Y123.68
G1 F1500 X145.999 Y176.318 E901.02922
G0 F9000 X145.599 Y176.318
G1 F1500 X145.599 Y123.68 E902.77997
G0 F9000 X145.199 Y123.68
G1 F1500 X145.199 Y176.318 E904.53071
G0 F9000 X144.799 Y176.318
G1 F1500 X144.799 Y123.68 E906.28146
G0 F9000 X144.399 Y123.68
G1 F1500 X144.399 Y176.318 E908.03221
G0 F9000 X143.999 Y176.318
G1 F1500 X143.999 Y123.68 E909.78296
G0 F9000 X143.599 Y123.68
G1 F1500 X143.599 Y176.318 E911.5337
G0 F9000 X143.199 Y176.318
G1 F1500 X143.199 Y123.68 E913.28445
G0 F9000 X142.799 Y123.68
G1 F1500 X142.799 Y176.318 E915.0352
G0 F9000 X142.399 Y176.318
G1 F1500 X142.399 Y123.68 E916.78594
G0 F9000 X141.999 Y123.68
G1 F1500 X141.999 Y176.318 E918.53669
G0 F9000 X141.599 Y176.318
G1 F1500 X141.599 Y123.68 E920.28744
G0 F9000 X141.199 Y123.68
G1 F1500 X141.199 Y176.318 E922.03818
G0 F9000 X140.799 Y176.318
G1 F1500 X140.799 Y123.68 E923.78893
G0 F9000 X140.399 Y123.68
G1 F1500 X140.399 Y176.318 E925.53968
G0 F9000 X139.999 Y176.318
G1 F1500 X139.999 Y123.68 E927.29043
G0 F9000 X139.599 Y123.68
G1 F1500 X139.599 Y176.318 E929.04117
G0 F9000 X139.199 Y176.318
G1 F1500 X139.199 Y123.68 E930.79192
G0 F9000 X138.799 Y123.68
G1 F1500 X138.799 Y176.318 E932.54267
G0 F9000 X138.399 Y176.318
G1 F1500 X138.399 Y123.68 E934.29341
G0 F9000 X137.999 Y123.68
G1 F1500 X137.999 Y176.318 E936.04416
G0 F9000 X137.599 Y176.318
G1 F1500 X137.599 Y123.68 E937.79491
G0 F9000 X137.199 Y123.68
G1 F1500 X137.199 Y176.318 E939.54565
G0 F9000 X136.799 Y176.318
G1 F1500 X136.799 Y123.68 E941.2964
G0 F9000 X136.399 Y123.68
G1 F1500 X136.399 Y176.318 E943.04715
G0 F9000 X135.999 Y176.318
G1 F1500 X135.999 Y123.68 E944.7979
G0 F9000 X135.599 Y123.68
G1 F1500 X135.599 Y176.318 E946.54864
G0 F9000 X135.199 Y176.318
G1 F1500 X135.199 Y123.68 E948.29939
G0 F9000 X134.799 Y123.68
G1 F1500 X134.799 Y176.318 E950.05014
G0 F9000 X134.399 Y176.318
G1 F1500 X134.399 Y123.68 E951.80088
G0 F9000 X133.999 Y123.68
G1 F1500 X133.999 Y176.318 E953.55163
G0 F9000 X133.599 Y176.318
G1 F1500 X133.599 Y123.68 E955.30238
G0 F9000 X133.199 Y123.68
G1 F1500 X133.199 Y176.318 E957.05312
G0 F9000 X132.799 Y176.318
G1 F1500 X132.799 Y123.68 E958.80387
G0 F9000 X132.399 Y123.68
G1 F1500 X132.399 Y176.318 E960.55462
G0 F9000 X131.999 Y176.318
G1 F1500 X131.999 Y123.68 E962.30537
G0 F9000 X131.599 Y123.68
G1 F1500 X131.599 Y176.318 E964.05611
G0 F9000 X131.199 Y176.318
G1 F1500 X131.199 Y123.68 E965.80686
G0 F9000 X130.799 Y123.68
G1 F1500 X130.799 Y176.318 E967.55761
G0 F9000 X130.399 Y176.318
G1 F1500 X130.399 Y123.68 E969.30835
G0 F9000 X129.999 Y123.68
G1 F1500 X129.999 Y176.318 E971.0591
G0 F9000 X129.599 Y176.318
G1 F1500 X129.599 Y123.68 E972.80985
G0 F9000 X129.199 Y123.68
G1 F1500 X129.199 Y176.318 E974.56059
G0 F9000 X128.799 Y176.318
G1 F1500 X128.799 Y123.68 E976.31134
G0 F9000 X128.399 Y123.68
G1 F1500 X128.399 Y176.318 E978.06209
G0 F9000 X127.999 Y176.318
G1 F1500 X127.999 Y123.68 E979.81284
G0 F9000 X127.599 Y123.68
G1 F1500 X127.599 Y176.318 E981.56358
G0 F9000 X127.199 Y176.318
G1 F1500 X127.199 Y123.68 E983.31433
G0 F9000 X126.799 Y123.68
G1 F1500 X126.799 Y176.318 E985.06508
G0 F9000 X126.399 Y176.318
G1 F1500 X126.399 Y123.68 E986.81582
G0 F9000 X125.999 Y123.68
G1 F1500 X125.999 Y176.318 E988.56657
G0 F9000 X125.599 Y176.318
G1 F1500 X125.599 Y123.68 E990.31732
G0 F9000 X125.199 Y123.68
G1 F1500 X125.199 Y176.318 E992.06806
G0 F9000 X124.799 Y176.318
G1 F1500 X124.799 Y123.68 E993.81881
G0 F9000 X124.399 Y123.68
G1 F1500 X124.399 Y176.318 E995.56956
G0 F9000 X123.999 Y176.318
G1 F1500 X123.999 Y123.68 E997.32031
G0 F9000 X123.599 Y123.68
G1 F1500 X123.599 Y176.318 E999.07105
G0 F9000 X123.199 Y176.318
G1 F1500 X123.199 Y123.68 E1000.8218
G0 F9000 X122.799 Y123.68
G1 F1500 X122.799 Y176.318 E1002.57255
G0 F9000 X122.399 Y176.318
G1 F1500 X122.399 Y123.68 E1004.32329
G0 F9000 X121.999 Y123.68
G1 F1500 X121.999 Y176.318 E1006.07404
G0 F9000 X121.599 Y176.318
G1 F1500 X121.599 Y123.68 E1007.82479
G0 F9000 X121.199 Y123.68
G1 F1500 X121.199 Y176.318 E1009.57553
G0 F9000 X120.799 Y176.318
G1 F1500 X120.799 Y123.68 E1011.32628
G1 F1500 E1010.32628
;MESH:NONMESH
G0 F300 X120.799 Y123.68 Z0.8
G0 F9000 X120.799 Y121.065
G0 X179.791 Y121.065
G0 X179.791 Y123.131
;TIME_ELAPSED:2139.864561
;LAYER:3
;TYPE:WALL-INNER
;MESH:Battery Holder.STL
G1 F1500 E1011.35289
G1 F2400 X179.79 Y176.87 E1013.14026
G1 X120.209 Y176.869 E1015.12193
G1 X120.21 Y123.13 E1016.90929
G1 X179.791 Y123.131 E1018.89097
G0 F9000 X180.137 Y122.731
G1 F2400 X180.191 Y122.813 E1018.89423
G1 X180.19 Y177.227 E1020.70405
G1 X180.136 Y177.27 E1020.70634
G1 X119.857 Y177.269 E1022.71123
G1 X119.809 Y177.186 E1022.71442
G1 X119.81 Y122.786 E1024.52377
G1 X119.839 Y122.742 E1024.52553
G1 X119.899 Y122.73 E1024.52756
G1 X180.137 Y122.731 E1026.53108
G0 F9000 X180.546 Y122.561
G1 F2400 X180.591 Y122.771 E1026.53823
G1 X180.59 Y177.277 E1028.3511
G1 X180.551 Y177.429 E1028.35632
G1 X180.464 Y177.552 E1028.36133
G1 X180.34 Y177.635 E1028.3663
G1 X180.182 Y177.67 E1028.37168
G1 X119.804 Y177.669 E1030.37986
G1 X119.638 Y177.624 E1030.38558
G1 X119.454 Y177.439 E1030.39426
G1 X119.409 Y177.227 E1030.40147
G1 X119.41 Y122.73 E1032.21405
G1 X119.462 Y122.547 E1032.22037
G1 X119.648 Y122.371 E1032.22889
G1 X119.859 Y122.33 E1032.23604
G1 X180.185 Y122.331 E1034.24249
G1 X180.351 Y122.371 E1034.24817
G1 X180.546 Y122.561 E1034.25722
G0 F9000 X180.772 Y122.18
;TYPE:WALL-OUTER
G1 F2400 X180.921 Y122.402 E1034.26612
G1 X180.991 Y122.73 E1034.27727
G1 X180.99 Y177.327 E1036.09318
G1 X180.919 Y177.602 E1036.10262
G1 X180.748 Y177.844 E1036.11248
G1 X180.503 Y178.007 E1036.12227
G1 X180.26 Y178.066 E1036.13058
G1 X180.182 Y178.07 E1036.13318
G1 X119.752 Y178.069 E1038.14309
G1 X119.463 Y177.991 E1038.15305
G1 X119.228 Y177.82 E1038.16271
G1 X119.079 Y177.598 E1038.17161
G1 X119.009 Y177.27 E1038.18276
G1 X119.01 Y122.673 E1039.99866
G1 X119.098 Y122.364 E1040.00935
G1 X119.287 Y122.124 E1040.01951
G1 X119.5 Y121.992 E1040.02784
G1 X119.818 Y121.93 E1040.03862
G1 X180.235 Y121.931 E1042.0481
G1 X180.518 Y122 E1042.05779
G1 X180.772 Y122.18 E1042.06814
G0 F9000 X180.457 Y122.487
G0 X179.401 Y123.521
;TYPE:SKIN
G1 F1500 X179.4 Y176.48 E1043.82956
G1 X120.599 Y176.479 E1045.78529
G1 X120.6 Y123.52 E1047.54672
G1 X179.401 Y123.521 E1049.50245
G1 F1500 E1048.50245
G0 F9000 X179.401 Y121.065
G0 X180.588 Y121.112
G0 X181.148 Y121.367
G0 X181.6 Y121.844
G0 X181.83 Y122.434
G0 X181.819 Y177.62
G0 X181.553 Y178.228
G0 X181.095 Y178.669
G0 X180.517 Y178.89
G0 X179.24 Y178.935
G0 X179.24 Y176
G1 F1500 E1049.52905
G1 X120.759 Y176 E1051.47414
G0 F9000 X120.759 Y175.6
G1 F1500 X179.24 Y175.6 E1053.41923
G0 F9000 X179.24 Y175.2
G1 F1500 X120.759 Y175.2 E1055.36431
G0 F9000 X120.759 Y174.8
G1 F1500 X179.24 Y174.8 E1057.3094
G0 F9000 X179.24 Y174.4
G1 F1500 X120.759 Y174.4 E1059.25448
G0 F9000 X120.759 Y174
G1 F1500 X179.24 Y174 E1061.19957
G0 F9000 X179.24 Y173.6
G1 F1500 X120.759 Y173.6 E1063.14466
G0 F9000 X120.759 Y173.2
G1 F1500 X179.24 Y173.2 E1065.08974
G0 F9000 X179.24 Y172.8
G1 F1500 X120.759 Y172.8 E1067.03483
G0 F9000 X120.759 Y172.4
G1 F1500 X179.24 Y172.4 E1068.97991
G0 F9000 X179.24 Y172
G1 F1500 X120.759 Y172 E1070.925
G0 F9000 X120.759 Y171.6
G1 F1500 X179.24 Y171.6 E1072.87009
G0 F9000 X179.24 Y171.2
G1 F1500 X120.759 Y171.2 E1074.81517
G0 F9000 X120.759 Y170.8
G1 F1500 X179.24 Y170.8 E1076.76026
G0 F9000 X179.24 Y170.4
G1 F1500 X120.759 Y170.4 E1078.70534
G0 F9000 X120.759 Y170
G1 F1500 X179.24 Y170 E1080.65043
G0 F9000 X179.24 Y169.6
G1 F1500 X120.759 Y169.6 E1082.59552
G0 F9000 X120.759 Y169.2
G1 F1500 X179.24 Y169.2 E1084.5406
G0 F9000 X179.24 Y168.8
G1 F1500 X120.759 Y168.8 E1086.48569
G0 F9000 X120.759 Y168.4
G1 F1500 X179.24 Y168.4 E1088.43077
G0 F9000 X179.24 Y168
G1 F1500 X120.759 Y168 E1090.37586
G0 F9000 X120.759 Y167.6
G1 F1500 X179.24 Y167.6 E1092.32095
G0 F9000 X179.24 Y167.2
G1 F1500 X120.759 Y167.2 E1094.26603
G0 F9000 X120.759 Y166.8
G1 F1500 X179.24 Y166.8 E1096.21112
G0 F9000 X179.24 Y166.4
G1 F1500 X120.759 Y166.4 E1098.1562
G0 F9000 X120.759 Y166
G1 F1500 X179.24 Y166 E1100.10129
G0 F9000 X179.24 Y165.6
G1 F1500 X120.759 Y165.6 E1102.04638
G0 F9000 X120.759 Y165.2
G1 F1500 X179.24 Y165.2 E1103.99146
G0 F9000 X179.24 Y164.8
G1 F1500 X120.759 Y164.8 E1105.93655
G0 F9000 X120.759 Y164.4
G1 F1500 X179.24 Y164.4 E1107.88163
G0 F9000 X179.24 Y164
G1 F1500 X120.759 Y164 E1109.82672
G0 F9000 X120.759 Y163.6
G1 F1500 X179.24 Y163.6 E1111.7718
G0 F9000 X179.24 Y163.2
G1 F1500 X120.759 Y163.2 E1113.71689
G0 F9000 X120.759 Y162.8
G1 F1500 X179.24 Y162.8 E1115.66198
G0 F9000 X179.24 Y162.4
G1 F1500 X120.759 Y162.4 E1117.60706
G0 F9000 X120.759 Y162
G1 F1500 X179.24 Y162 E1119.55215
G0 F9000 X179.24 Y161.6
G1 F1500 X120.759 Y161.6 E1121.49723
G0 F9000 X120.759 Y161.2
G1 F1500 X179.24 Y161.2 E1123.44232
G0 F9000 X179.24 Y160.8
G1 F1500 X120.759 Y160.8 E1125.38741
G0 F9000 X120.759 Y160.4
G1 F1500 X179.24 Y160.4 E1127.33249
G0 F9000 X179.24 Y160
G1 F1500 X120.759 Y160 E1129.27758
G0 F9000 X120.759 Y159.6
G1 F1500 X179.24 Y159.6 E1131.22266
G0 F9000 X179.24 Y159.2
G1 F1500 X120.759 Y159.2 E1133.16775
G0 F9000 X120.759 Y158.8
G1 F1500 X179.24 Y158.8 E1135.11284
G0 F9000 X179.24 Y158.4
G1 F1500 X120.759 Y158.4 E1137.05792
G0 F9000 X120.759 Y158
G1 F1500 X179.24 Y158 E1139.00301
G0 F9000 X179.24 Y157.6
G1 F1500 X120.759 Y157.6 E1140.94809
G0 F9000 X120.759 Y157.2
G1 F1500 X179.24 Y157.2 E1142.89318
G0 F9000 X179.24 Y156.8
G1 F1500 X120.759 Y156.8 E1144.83827
G0 F9000 X120.759 Y156.4
G1 F1500 X179.24 Y156.4 E1146.78335
G0 F9000 X179.24 Y156
G1 F1500 X120.759 Y156 E1148.72844
G0 F9000 X120.759 Y155.6
G1 F1500 X179.24 Y155.6 E1150.67352
G0 F9000 X179.24 Y155.2
G1 F1500 X120.759 Y155.2 E1152.61861
G0 F9000 X120.759 Y154.8
G1 F1500 X179.24 Y154.8 E1154.5637
G0 F9000 X179.24 Y154.4
G1 F1500 X120.759 Y154.4 E1156.50878
G0 F9000 X120.759 Y154
G1 F1500 X179.24 Y154 E1158.45387
G0 F9000 X179.24 Y153.6
G1 F1500 X120.759 Y153.6 E1160.39895
G0 F9000 X120.759 Y153.2
G1 F1500 X179.24 Y153.2 E1162.34404
G0 F9000 X179.24 Y152.8
G1 F1500 X120.759 Y152.8 E1164.28913
G0 F9000 X120.759 Y152.4
G1 F1500 X179.24 Y152.4 E1166.23421
G0 F9000 X179.24 Y152
G1 F1500 X120.759 Y152 E1168.1793
G0 F9000 X120.759 Y151.6
G1 F1500 X179.24 Y151.6 E1170.12438
G0 F9000 X179.24 Y151.2
G1 F1500 X120.759 Y151.2 E1172.06947
G0 F9000 X120.759 Y150.8
G1 F1500 X179.24 Y150.8 E1174.01456
G0 F9000 X179.24 Y150.4
G1 F1500 X120.759 Y150.4 E1175.95964
G0 F9000 X120.759 Y150
G1 F1500 X179.24 Y150 E1177.90473
G0 F9000 X179.24 Y149.6
G1 F1500 X120.759 Y149.6 E1179.84981
G0 F9000 X120.759 Y149.2
G1 F1500 X179.24 Y149.2 E1181.7949
G0 F9000 X179.24 Y148.8
G1 F1500 X120.759 Y148.8 E1183.73999
G0 F9000 X120.759 Y148.4
G1 F1500 X179.24 Y148.4 E1185.68507
G0 F9000 X179.24 Y148
G1 F1500 X120.759 Y148 E1187.63016
G0 F9000 X120.759 Y147.6
G1 F1500 X179.24 Y147.6 E1189.57524
G0 F9000 X179.24 Y147.2
G1 F1500 X120.759 Y147.2 E1191.52033
G0 F9000 X120.759 Y146.8
G1 F1500 X179.24 Y146.8 E1193.46542
G0 F9000 X179.24 Y146.4
G1 F1500 X120.759 Y146.4 E1195.4105
G0 F9000 X120.759 Y146
G1 F1500 X179.24 Y146 E1197.35559
G0 F9000 X179.24 Y145.6
G1 F1500 X120.759 Y145.6 E1199.30067
G0 F9000 X120.759 Y145.2
G1 F1500 X179.24 Y145.2 E1201.24576
G0 F9000 X179.24 Y144.8
G1 F1500 X120.759 Y144.8 E1203.19084
G0 F9000 X120.759 Y144.4
G1 F1500 X179.24 Y144.4 E1205.13593
G0 F9000 X179.24 Y144
G1 F1500 X120.759 Y144 E1207.08102
G0 F9000 X120.759 Y143.6
G1 F1500 X179.24 Y143.6 E1209.0261
G0 F9000 X179.24 Y143.2
G1 F1500 X120.759 Y143.2 E1210.97119
G0 F9000 X120.759 Y142.8
G1 F1500 X179.24 Y142.8 E1212.91627
G0 F9000 X179.24 Y142.4
G1 F1500 X120.759 Y142.4 E1214.86136
G0 F9000 X120.759 Y142
G1 F1500 X179.24 Y142 E1216.80645
G0 F9000 X179.24 Y141.6
G1 F1500 X120.759 Y141.6 E1218.75153
G0 F9000 X120.759 Y141.2
G1 F1500 X179.24 Y141.2 E1220.69662
G0 F9000 X179.24 Y140.8
G1 F1500 X120.759 Y140.8 E1222.6417
G0 F9000 X120.759 Y140.4
G1 F1500 X179.24 Y140.4 E1224.58679
G0 F9000 X179.24 Y140
G1 F1500 X120.759 Y140 E1226.53188
G0 F9000 X120.759 Y139.6
G1 F1500 X179.24 Y139.6 E1228.47696
G0 F9000 X179.24 Y139.2
G1 F1500 X120.759 Y139.2 E1230.42205
G0 F9000 X120.759 Y138.8
G1 F1500 X179.24 Y138.8 E1232.36713
G0 F9000 X179.24 Y138.4
G1 F1500 X120.759 Y138.4 E1234.31222
G0 F9000 X120.759 Y138
G1 F1500 X179.24 Y138 E1236.25731
G0 F9000 X179.24 Y137.6
G1 F1500 X120.759 Y137.6 E1238.20239
G0 F9000 X120.759 Y137.2
G1 F1500 X179.24 Y137.2 E1240.14748
G0 F9000 X179.24 Y136.8
G1 F1500 X120.759 Y136.8 E1242.09256
G0 F9000 X120.759 Y136.4
G1 F1500 X179.24 Y136.4 E1244.03765
G0 F9000 X179.24 Y136
G1 F1500 X120.759 Y136 E1245.98274
G0 F9000 X120.759 Y135.6
G1 F1500 X179.24 Y135.6 E1247.92782
G0 F9000 X179.24 Y135.2
G1 F1500 X120.759 Y135.2 E1249.87291
G0 F9000 X120.759 Y134.8
G1 F1500 X179.24 Y134.8 E1251.81799
G0 F9000 X179.24 Y134.4
G1 F1500 X120.759 Y134.4 E1253.76308
G0 F9000 X120.759 Y134
G1 F1500 X179.24 Y134 E1255.70817
G0 F9000 X179.24 Y133.6
G1 F1500 X120.759 Y133.6 E1257.65325
G0 F9000 X120.759 Y133.2
G1 F1500 X179.24 Y133.2 E1259.59834
G0 F9000 X179.24 Y132.8
G1 F1500 X120.759 Y132.8 E1261.54342
G0 F9000 X120.759 Y132.4
G1 F1500 X179.24 Y132.4 E1263.48851
G0 F9000 X179.24 Y132
G1 F1500 X120.759 Y132 E1265.4336
G0 F9000 X120.759 Y131.6
G1 F1500 X179.24 Y131.6 E1267.37868
G0 F9000 X179.24 Y131.2
G1 F1500 X120.759 Y131.2 E1269.32377
G0 F9000 X120.759 Y130.8
G1 F1500 X179.24 Y130.8 E1271.26885
G0 F9000 X179.24 Y130.4
G1 F1500 X120.759 Y130.4 E1273.21394
G0 F9000 X120.759 Y130
G1 F1500 X179.24 Y130 E1275.15903
G0 F9000 X179.24 Y129.6
G1 F1500 X120.759 Y129.6 E1277.10411
G0 F9000 X120.759 Y129.2
G1 F1500 X179.24 Y129.2 E1279.0492
G0 F9000 X179.24 Y128.8
G1 F1500 X120.759 Y128.8 E1280.99428
G0 F9000 X120.759 Y128.4
G1 F1500 X179.24 Y128.4 E1282.93937
G0 F9000 X179.24 Y128
G1 F1500 X120.759 Y128 E1284.88446
G0 F9000 X120.759 Y127.6
G1 F1500 X179.24 Y127.6 E1286.82954
G0 F9000 X179.24 Y127.2
G1 F1500 X120.759 Y127.2 E1288.77463
G0 F9000 X120.759 Y126.8
G1 F1500 X179.24 Y126.8 E1290.71971
G0 F9000 X179.24 Y126.4
G1 F1500 X120.759 Y126.4 E1292.6648
G0 F9000 X120.759 Y126
G1 F1500 X179.24 Y126 E1294.60989
G0 F9000 X179.24 Y125.6
G1 F1500 X120.759 Y125.6 E1296.55497
G0 F9000 X120.759 Y125.2
G1 F1500 X179.24 Y125.2 E1298.50006
G0 F9000 X179.24 Y124.8
G1 F1500 X120.759 Y124.8 E1300.44514
G0 F9000 X120.759 Y124.4
G1 F1500 X179.24 Y124.4 E1302.39023
G0 F9000 X179.24 Y124
G1 F1500 X120.759 Y124 E1304.33531
G1 F1500 E1303.33531
;MESH:NONMESH
G0 F300 X120.759 Y124 Z1
G0 F9000 X118.144 Y124
G0 X118.168 Y122.442
G0 X118.412 Y121.823
G0 X118.924 Y121.32
G0 X119.523 Y121.09
G0 X179.783 Y121.065
G0 X179.783 Y123.259
;TIME_ELAPSED:2491.029732
;LAYER:4
;TYPE:WALL-INNER
;MESH:Battery Holder.STL
G1 F1500 E1304.36192
G1 F2400 X179.51 Y123.017 E1304.37406
G1 X179.164 Y122.832 E1304.38711
G1 X178.773 Y122.738 E1304.40048
G1 X178.606 Y122.73 E1304.40604
G1 X121.286 Y122.731 E1306.31251
G1 X120.959 Y122.792 E1306.32358
G1 X120.583 Y122.955 E1306.33721
G1 X120.252 Y123.219 E1306.35129
G1 X119.982 Y123.598 E1306.36677
G1 X119.843 Y123.986 E1306.38047
G1 X119.809 Y124.306 E1306.39118
G1 X119.81 Y175.764 E1308.10268
G1 X119.874 Y176.135 E1308.1152
G1 X120.034 Y176.494 E1308.12827
G1 X120.259 Y176.788 E1308.14059
G1 X120.602 Y177.057 E1308.15508
G1 X120.971 Y177.213 E1308.16841
G1 X121.376 Y177.27 E1308.18201
G1 X178.708 Y177.269 E1310.08888
G1 X179.036 Y177.211 E1310.09996
G1 X179.39 Y177.059 E1310.11277
G1 X179.668 Y176.857 E1310.1242
G1 X179.937 Y176.541 E1310.13801
G1 X180.126 Y176.138 E1310.15281
G1 X180.19 Y175.744 E1310.16609
G1 X180.191 Y124.303 E1311.87702
G1 X180.153 Y123.967 E1311.88827
G1 X180.008 Y123.579 E1311.90204
G1 X179.783 Y123.259 E1311.91506
G0 F9000 X179.482 Y123.527
;TYPE:WALL-OUTER
G1 F2400 X179.28 Y123.347 E1311.92405
G1 X179.021 Y123.209 E1311.93382
G1 X178.716 Y123.136 E1311.94425
G1 X178.596 Y123.13 E1311.94824
G1 X121.323 Y123.131 E1313.85315
G1 X121.077 Y123.177 E1313.86147
G1 X120.791 Y123.301 E1313.87184
G1 X120.545 Y123.497 E1313.8823
G1 X120.34 Y123.785 E1313.89406
G1 X120.236 Y124.076 E1313.90434
G1 X120.209 Y124.327 E1313.91274
G1 X120.21 Y175.73 E1315.62241
G1 X120.26 Y176.018 E1315.63213
G1 X120.38 Y176.288 E1315.64196
G1 X120.546 Y176.504 E1315.65102
G1 X120.807 Y176.709 E1315.66206
G1 X121.079 Y176.824 E1315.67188
G1 X121.404 Y176.87 E1315.68279
G1 X178.673 Y176.869 E1317.58757
G1 X178.921 Y176.825 E1317.59595
G1 X179.191 Y176.709 E1317.60572
G1 X179.395 Y176.561 E1317.6141
G1 X179.598 Y176.323 E1317.62451
G1 X179.74 Y176.019 E1317.63567
G1 X179.79 Y175.712 E1317.64601
G1 X179.791 Y124.326 E1319.35512
G1 X179.761 Y124.061 E1319.36399
G1 X179.651 Y123.767 E1319.37443
G1 X179.482 Y123.527 E1319.38419
G0 F9000 X179.81 Y123.235
G1 F1500 E1318.38419
G0 F9000 X178.799 Y124.067
G0 X121.23 Y124.047
G0 X120.223 Y122.73
;TYPE:WALL-INNER
G1 F1500 E1319.4108
G1 F2400 X119.959 Y122.941 E1319.42204
G1 X119.81 Y123.15 E1319.43058
G1 X119.81 Y122.778 E1319.43571
G1 X119.882 Y122.73 E1319.43685
G1 X120.223 Y122.73 E1319.44036
G1 F1500 E1318.44036
G0 F9000 X121.194 Y124.073
G0 X121.202 Y175.934
G0 X120.224 Y177.269
G1 F1500 E1319.46697
G1 F2400 X119.881 Y177.269 E1319.47838
G1 X119.809 Y177.217 E1319.48133
G1 X119.809 Y176.858 E1319.49327
G1 X119.972 Y177.071 E1319.49433
G1 X120.224 Y177.269 E1319.49734
G1 F1500 E1318.49734
G0 F9000 X121.259 Y175.97
G0 X178.835 Y175.899
G0 X180.19 Y176.86
G1 F1500 E1319.52395
G1 F2400 X180.19 Y177.22 E1319.53593
G1 X180.131 Y177.27 E1319.5385
G1 X179.781 Y177.27 E1319.55014
G1 X179.942 Y177.153 E1319.55047
G1 X180.19 Y176.86 E1319.55533
G1 F1500 E1318.55533
G0 F9000 X178.872 Y175.852
G0 X178.859 Y124.129
G0 X180.191 Y122.812
G1 F1500 E1319.58194
G1 F2400 X180.191 Y123.144 E1319.59298
G1 X180.083 Y122.991 E1319.59312
G1 X179.791 Y122.731 E1319.60612
G1 X180.146 Y122.731 E1319.61021
G1 X180.191 Y122.812 E1319.61094
G0 F9000 X180.547 Y122.566
G1 F2400 X180.591 Y122.769 E1319.61785
G1 X180.59 Y177.269 E1321.43053
G1 X180.555 Y177.419 E1321.43565
G1 X180.471 Y177.545 E1321.44069
G1 X180.36 Y177.625 E1321.44524
G1 X180.182 Y177.67 E1321.45135
G1 X119.801 Y177.669 E1323.45963
G1 X119.543 Y177.56 E1323.46894
G1 X119.454 Y177.44 E1323.47391
G1 X119.409 Y177.27 E1323.47976
G1 X119.41 Y122.724 E1325.29397
G1 X119.439 Y122.593 E1325.29843
G1 X119.627 Y122.38 E1325.30788
G1 X119.835 Y122.33 E1325.31499
G1 X180.191 Y122.331 E1327.32244
G1 X180.348 Y122.368 E1327.32781
G1 X180.459 Y122.442 E1327.33225
G1 X180.547 Y122.566 E1327.3373
G0 F9000 X180.921 Y122.402
;TYPE:WALL-OUTER
G1 F2400 X180.991 Y122.73 E1327.34846
G1 X180.99 Y177.318 E1329.16406
G1 X180.929 Y177.58 E1329.17301
G1 X180.764 Y177.827 E1329.18289
G1 X180.536 Y177.992 E1329.19225
G1 X180.26 Y178.066 E1329.20175
G1 X180.182 Y178.07 E1329.20435
G1 X119.752 Y178.069 E1331.21426
G1 X119.491 Y178.004 E1331.22321
G1 X119.266 Y177.857 E1331.23215
G1 X119.09 Y177.62 E1331.24197
G1 X119.014 Y177.359 E1331.25101
G1 X119.009 Y177.27 E1331.25397
G1 X119.01 Y122.682 E1333.06958
G1 X119.065 Y122.435 E1333.07799
G1 X119.232 Y122.177 E1333.08821
G1 X119.444 Y122.018 E1333.09703
G1 X119.723 Y121.934 E1333.10672
G1 X119.818 Y121.93 E1333.10988
G1 X180.235 Y121.931 E1335.11936
G1 X180.512 Y121.996 E1335.12882
G1 X180.741 Y122.15 E1335.138
G1 X180.921 Y122.402 E1335.1483
G0 F9000 X180.519 Y122.579
;MESH:NONMESH
G0 F300 X180.519 Y122.579 Z1.2
G0 F9000 X179.782 Y123.258
;TIME_ELAPSED:2518.889257
;LAYER:5
;TYPE:WALL-INNER
;MESH:Battery Holder.STL
G1 F2400 X179.508 Y123.016 E1335.16046
G1 X179.163 Y122.831 E1335.17348
G1 X178.751 Y122.737 E1335.18754
G1 X178.606 Y122.73 E1335.19236
G1 X121.286 Y122.731 E1337.09884
G1 X120.959 Y122.792 E1337.1099
G1 X120.581 Y122.956 E1337.1236
G1 X120.252 Y123.219 E1337.13761
G1 X119.982 Y123.598 E1337.15309
G1 X119.843 Y123.986 E1337.1668
G1 X119.809 Y124.306 E1337.1775
G1 X119.81 Y175.764 E1338.889
G1 X119.874 Y176.135 E1338.90152
G1 X120.034 Y176.494 E1338.9146
G1 X120.263 Y176.792 E1338.9271
G1 X120.633 Y177.075 E1338.94259
G1 X121.088 Y177.241 E1338.9587
G1 X121.385 Y177.27 E1338.96862
G1 X178.707 Y177.269 E1340.87516
G1 X179.037 Y177.209 E1340.88632
G1 X179.392 Y177.059 E1340.89913
G1 X179.705 Y176.823 E1340.91217
G1 X179.951 Y176.519 E1340.92518
G1 X180.118 Y176.16 E1340.93835
G1 X180.19 Y175.746 E1340.95232
G1 X180.191 Y124.302 E1342.66336
G1 X180.153 Y123.967 E1342.67457
G1 X180.008 Y123.579 E1342.68835
G1 X179.782 Y123.258 E1342.70141
G0 F9000 X179.482 Y123.527
;TYPE:WALL-OUTER
G1 F2400 X179.278 Y123.347 E1342.71046
G1 X179.021 Y123.209 E1342.72016
G1 X178.696 Y123.135 E1342.73124
G1 X178.596 Y123.13 E1342.73457
G1 X121.323 Y123.131 E1344.63948
G1 X121.077 Y123.177 E1344.64781
G1 X120.789 Y123.302 E1344.65825
G1 X120.545 Y123.497 E1344.66864
G1 X120.34 Y123.785 E1344.68039
G1 X120.236 Y124.076 E1344.69067
G1 X120.209 Y124.327 E1344.69907
G1 X120.21 Y175.73 E1346.40874
G1 X120.26 Y176.018 E1346.41846
G1 X120.38 Y176.288 E1346.42829
G1 X120.548 Y176.506 E1346.43744
G1 X120.828 Y176.72 E1346.44916
G1 X121.178 Y176.848 E1346.46156
G1 X121.404 Y176.87 E1346.46911
G1 X178.671 Y176.869 E1348.37382
G1 X178.922 Y176.823 E1348.38231
G1 X179.191 Y176.71 E1348.39201
G1 X179.425 Y176.533 E1348.40177
G1 X179.609 Y176.306 E1348.41149
G1 X179.733 Y176.039 E1348.42128
G1 X179.79 Y175.711 E1348.43235
G1 X179.791 Y124.325 E1350.14146
G1 X179.761 Y124.061 E1350.1503
G1 X179.651 Y123.767 E1350.16074
G1 X179.482 Y123.527 E1350.1705
G0 F9000 X179.809 Y123.234
G1 F1500 E1349.1705
G0 F9000 X178.808 Y124.074
G0 X121.237 Y124.042
G0 X120.222 Y122.731
;TYPE:WALL-INNER
G1 F1500 E1350.19711
G1 F2400 X119.959 Y122.941 E1350.2083
G1 X119.81 Y123.15 E1350.21684
G1 X119.81 Y122.811 E1350.22101
G1 X119.88 Y122.731 E1350.22191
G1 X120.222 Y122.731 E1350.22545
G1 F1500 E1349.22545
G0 F9000 X121.181 Y124.084
G0 X121.191 Y175.925
G0 X120.228 Y177.269
G1 F1500 E1350.25205
G1 F2400 X119.86 Y177.269 E1350.26429
G1 X119.81 Y177.22 E1350.26662
G1 X119.81 Y176.859 E1350.27863
G1 X119.978 Y177.078 E1350.27989
G1 X120.228 Y177.269 E1350.28255
G1 F1500 E1349.28255
G0 F9000 X121.252 Y175.966
G0 X178.845 Y175.888
G0 X180.191 Y176.858
G1 F1500 E1350.30916
G1 F2400 X180.191 Y177.207 E1350.32076
G1 X180.182 Y177.255 E1350.32239
G1 X180.126 Y177.27 E1350.32432
G1 X179.776 Y177.27 E1350.33596
G1 X179.985 Y177.113 E1350.33754
G1 X180.191 Y176.858 E1350.34073
G1 F1500 E1349.34073
G0 F9000 X178.879 Y175.841
G0 X181.855 Y122.774
G0 X180.19 Y122.775
G1 F1500 E1350.36734
G1 F2400 X180.19 Y123.142 E1350.37955
G1 X180.082 Y122.989 E1350.37958
G1 X179.79 Y122.731 E1350.39254
G1 X180.112 Y122.731 E1350.39577
G1 X180.19 Y122.775 E1350.39638
G0 F9000 X180.453 Y122.437
G1 F2400 X180.555 Y122.581 E1350.40225
G1 X180.59 Y122.728 E1350.40727
G1 X180.591 Y177.241 E1352.22038
G1 X180.561 Y177.404 E1352.22589
G1 X180.473 Y177.543 E1352.23137
G1 X180.372 Y177.619 E1352.23557
G1 X180.179 Y177.67 E1352.24221
G1 X119.807 Y177.669 E1354.25019
G1 X119.627 Y177.619 E1354.2564
G1 X119.448 Y177.426 E1354.26516
G1 X119.41 Y177.269 E1354.27053
G1 X119.41 Y124.306 E1356.03209
G1 X119.41 Y122.73 E1356.08451
G1 X119.525 Y122.456 E1356.09439
G1 X119.791 Y122.331 E1356.10416
G1 X178.606 Y122.331 E1358.06036
G1 X180.189 Y122.331 E1358.11301
G1 X180.453 Y122.437 E1358.12247
G0 F9000 X180.735 Y122.144
;TYPE:WALL-OUTER
G1 F2400 X180.926 Y122.412 E1358.13342
G1 X180.99 Y122.683 E1358.14268
G1 X180.991 Y177.278 E1359.95852
G1 X180.94 Y177.552 E1359.96779
G1 X180.772 Y177.82 E1359.97831
G1 X180.555 Y177.982 E1359.98731
G1 X180.278 Y178.065 E1359.99693
G1 X180.181 Y178.07 E1360.00016
G1 X119.753 Y178.069 E1362.01
G1 X119.449 Y177.984 E1362.0205
G1 X119.238 Y177.829 E1362.02921
G1 X119.076 Y177.591 E1362.03879
G1 X119.01 Y177.317 E1362.04816
G1 X119.01 Y122.676 E1363.86553
G1 X119.087 Y122.386 E1363.87551
G1 X119.232 Y122.177 E1363.88397
G1 X119.437 Y122.022 E1363.89252
G1 X119.721 Y121.935 E1363.9024
G1 X119.818 Y121.93 E1363.90563
G1 X180.234 Y121.931 E1365.91507
G1 X180.497 Y121.991 E1365.92404
G1 X180.735 Y122.144 E1365.93345
G0 F9000 X180.432 Y122.462
;MESH:NONMESH
G0 F300 X180.432 Y122.462 Z1.4
G0 F9000 X179.756 Y123.229
;TIME_ELAPSED:2546.716754
;LAYER:6
;TYPE:WALL-INNER
;MESH:Battery Holder.STL
G1 F2400 X179.42 Y122.958 E1365.94781
G1 X179.082 Y122.805 E1365.96015
G1 X178.743 Y122.737 E1365.97165
G1 X178.606 Y122.73 E1365.97621
G1 X121.291 Y122.731 E1367.88252
G1 X120.958 Y122.792 E1367.89378
G1 X120.561 Y122.969 E1367.90823
G1 X120.255 Y123.217 E1367.92133
G1 X120.004 Y123.554 E1367.93531
G1 X119.839 Y124.007 E1367.95135
G1 X119.81 Y124.268 E1367.96008
G1 X119.81 Y175.766 E1369.67291
G1 X119.875 Y176.133 E1369.68531
G1 X120.021 Y176.473 E1369.69761
G1 X120.26 Y176.788 E1369.71077
G1 X120.603 Y177.057 E1369.72526
G1 X120.971 Y177.213 E1369.73856
G1 X121.376 Y177.27 E1369.75216
G1 X178.707 Y177.269 E1371.659
G1 X179.035 Y177.211 E1371.67008
G1 X179.417 Y177.045 E1371.68393
G1 X179.743 Y176.786 E1371.69778
G1 X179.996 Y176.446 E1371.71187
G1 X180.161 Y175.993 E1371.72791
G1 X180.19 Y175.732 E1371.73664
G1 X180.191 Y124.297 E1373.44738
G1 X180.139 Y123.91 E1373.46037
G1 X179.967 Y123.507 E1373.47494
G1 X179.756 Y123.229 E1373.48655
G0 F9000 X179.467 Y123.51
;TYPE:WALL-OUTER
G1 F2400 X179.208 Y123.301 E1373.49762
G1 X178.959 Y123.188 E1373.50671
G1 X178.693 Y123.135 E1373.51573
G1 X178.596 Y123.13 E1373.51896
G1 X121.327 Y123.131 E1375.42374
G1 X121.077 Y123.177 E1375.43219
G1 X120.772 Y123.313 E1375.4433
G1 X120.546 Y123.496 E1375.45297
G1 X120.36 Y123.746 E1375.46333
G1 X120.231 Y124.099 E1375.47584
G1 X120.21 Y124.29 E1375.48223
G1 X120.21 Y175.731 E1377.19316
G1 X120.261 Y176.018 E1377.20286
G1 X120.369 Y176.27 E1377.21197
G1 X120.547 Y176.505 E1377.22178
G1 X120.808 Y176.709 E1377.2328
G1 X121.079 Y176.824 E1377.24259
G1 X121.404 Y176.87 E1377.25351
G1 X178.672 Y176.869 E1379.15825
G1 X178.919 Y176.825 E1379.16659
G1 X179.209 Y176.699 E1379.17711
G1 X179.453 Y176.505 E1379.18748
G1 X179.64 Y176.254 E1379.19789
G1 X179.769 Y175.901 E1379.21039
G1 X179.79 Y175.71 E1379.21678
G1 X179.791 Y124.324 E1380.92588
G1 X179.75 Y124.017 E1380.93619
G1 X179.619 Y123.71 E1380.94729
G1 X179.467 Y123.51 E1380.95564
G0 F9000 X179.782 Y123.204
G1 F1500 E1379.95564
G0 F9000 X178.81 Y124.077
G0 X121.223 Y124.051
G0 X120.221 Y122.73
;TYPE:WALL-INNER
G1 F1500 E1380.98225
G1 F2400 X119.964 Y122.938 E1380.99325
G1 X119.81 Y123.145 E1381.00183
G1 X119.81 Y122.793 E1381.00645
G1 X119.841 Y122.74 E1381.00681
G1 X119.892 Y122.73
G1 X120.221 Y122.73 E1381.01012
G1 F1500 E1380.01012
G0 F9000 X121.188 Y124.078
G0 X121.204 Y175.936
G0 X120.225 Y177.269
G1 F1500 E1381.03673
G1 F2400 X119.862 Y177.269 E1381.0488
G1 X119.809 Y177.225 E1381.05109
G1 X119.809 Y176.855 E1381.0634
G1 X119.973 Y177.071 E1381.06438
G1 X120.225 Y177.269 E1381.06728
G1 F1500 E1380.06728
G0 F9000 X121.244 Y175.961
G0 X178.836 Y175.9
G0 X180.19 Y176.856
G1 F1500 E1381.09389
G1 F2400 X180.19 Y177.213 E1381.10577
G1 X180.131 Y177.27 E1381.10849
G1 X179.777 Y177.27 E1381.12027
G1 X180.033 Y177.067 E1381.12345
G1 X180.19 Y176.856 E1381.12503
G1 F1500 E1380.12503
G0 F9000 X178.882 Y175.837
G0 X178.858 Y124.127
G0 X180.191 Y122.791
G1 F1500 E1381.15164
G1 F2400 X180.191 Y123.141 E1381.16328
G1 X180.045 Y122.948 E1381.16449
G1 X179.775 Y122.731 E1381.17601
G1 X180.113 Y122.731 E1381.17958
G1 X180.191 Y122.791 E1381.18129
G0 F9000 X180.454 Y122.436
G1 F2400 X180.586 Y122.681 E1381.19055
G1 X180.591 Y122.748 E1381.19278
G1 X180.59 Y177.267 E1383.00609
G1 X180.541 Y177.451 E1383.01243
G1 X180.362 Y177.626 E1383.02075
G1 X180.179 Y177.67 E1383.02701
G1 X119.807 Y177.669 E1385.03499
G1 X119.629 Y177.619 E1385.04114
G1 X119.446 Y177.427 E1385.04996
G1 X119.409 Y177.27 E1385.05533
G1 X119.41 Y122.737 E1386.8691
G1 X119.467 Y122.54 E1386.87593
G1 X119.653 Y122.368 E1386.88435
G1 X119.855 Y122.33 E1386.89119
G1 X180.189 Y122.331 E1388.8979
G1 X180.454 Y122.436 E1388.90739
G0 F9000 X180.887 Y122.334
;TYPE:WALL-OUTER
G1 F2400 X180.981 Y122.6 E1388.91677
G1 X180.991 Y122.73 E1388.92111
G1 X180.99 Y177.319 E1390.73674
G1 X180.908 Y177.625 E1390.74728
G1 X180.753 Y177.84 E1390.75609
G1 X180.533 Y177.993 E1390.76501
G1 X180.278 Y178.065 E1390.77382
G1 X180.181 Y178.07 E1390.77705
G1 X119.753 Y178.069 E1392.78689
G1 X119.449 Y177.984 E1392.79739
G1 X119.234 Y177.825 E1392.80629
G1 X119.077 Y177.595 E1392.81555
G1 X119.013 Y177.348 E1392.82404
G1 X119.009 Y177.27 E1392.82663
G1 X119.01 Y122.681 E1394.64227
G1 X119.103 Y122.355 E1394.65355
G1 X119.283 Y122.127 E1394.66321
G1 X119.506 Y121.989 E1394.67193
G1 X119.818 Y121.93 E1394.68249
G1 X180.234 Y121.931 E1396.69194
G1 X180.501 Y121.992 E1396.70105
G1 X180.723 Y122.133 E1396.70979
G1 X180.887 Y122.334 E1396.71842
G0 F9000 X180.504 Y122.549
;MESH:NONMESH
G0 F300 X180.504 Y122.549 Z1.6
G0 F9000 X179.755 Y123.226
;TIME_ELAPSED:2574.529786
;LAYER:7
;TYPE:WALL-INNER
;MESH:Battery Holder.STL
G1 F2400 X179.351 Y122.917 E1396.73534
G1 X178.909 Y122.757 E1396.75097
G1 X178.615 Y122.73 E1396.76079
G1 X121.291 Y122.731 E1398.6674
G1 X120.958 Y122.792 E1398.67866
G1 X120.56 Y122.969 E1398.69314
G1 X120.257 Y123.215 E1398.70612
G1 X120.035 Y123.505 E1398.71827
G1 X119.88 Y123.846 E1398.73073
G1 X119.81 Y124.256 E1398.74456
G1 X119.81 Y175.766 E1400.45779
G1 X119.875 Y176.134 E1400.47022
G1 X120.024 Y176.479 E1400.48272
G1 X120.312 Y176.84 E1400.49808
G1 X120.641 Y177.079 E1400.51161
G1 X121.09 Y177.241 E1400.52748
G1 X121.384 Y177.27 E1400.53731
G1 X178.707 Y177.269 E1402.44388
G1 X179.036 Y177.21 E1402.455
G1 X179.42 Y177.042 E1402.46894
G1 X179.748 Y176.781 E1402.48288
G1 X180.009 Y176.421 E1402.49767
G1 X180.162 Y175.991 E1402.51285
G1 X180.19 Y175.732 E1402.52151
G1 X180.191 Y124.297 E1404.23225
G1 X180.14 Y123.914 E1404.2451
G1 X180.003 Y123.571 E1404.25738
G1 X179.755 Y123.226 E1404.27152
G0 F9000 X179.465 Y123.508
;TYPE:WALL-OUTER
G1 F2400 X179.157 Y123.272 E1404.28442
G1 X178.821 Y123.151 E1404.2963
G1 X178.596 Y123.13 E1404.30382
G1 X121.327 Y123.131 E1406.20859
G1 X121.077 Y123.177 E1406.21704
G1 X120.771 Y123.313 E1406.22818
G1 X120.546 Y123.496 E1406.23783
G1 X120.38 Y123.712 E1406.24689
G1 X120.266 Y123.964 E1406.25609
G1 X120.21 Y124.29 E1406.26709
G1 X120.21 Y175.731 E1407.97802
G1 X120.261 Y176.018 E1407.98772
G1 X120.37 Y176.271 E1407.99688
G1 X120.591 Y176.548 E1408.00867
G1 X120.83 Y176.722 E1408.0185
G1 X121.179 Y176.848 E1408.03084
G1 X121.404 Y176.87 E1408.03836
G1 X178.672 Y176.869 E1409.9431
G1 X178.919 Y176.825 E1409.95145
G1 X179.212 Y176.697 E1409.96208
G1 X179.456 Y176.502 E1409.97247
G1 X179.651 Y176.233 E1409.98352
G1 X179.769 Y175.901 E1409.99524
G1 X179.79 Y175.71 E1410.00163
G1 X179.791 Y124.324 E1411.71074
G1 X179.75 Y124.016 E1411.72107
G1 X179.65 Y123.765 E1411.73006
G1 X179.465 Y123.508 E1411.74059
G0 F9000 X179.78 Y123.202
G1 F1500 E1410.74059
G0 F9000 X178.801 Y124.069
G0 X121.222 Y124.051
G0 X120.22 Y122.73
;TYPE:WALL-INNER
G1 F1500 E1411.7672
G1 F2400 X119.968 Y122.934 E1411.77798
G1 X119.81 Y123.141 E1411.78664
G1 X119.81 Y122.78 E1411.79155
G1 X119.819 Y122.745 E1411.79276
G1 X119.898 Y122.73 E1411.79347
G1 X120.22 Y122.73 E1411.79664
G1 F1500 E1410.79664
G0 F9000 X121.18 Y124.085
G0 X121.189 Y175.923
G0 X120.222 Y177.269
G1 F1500 E1411.82325
G1 F2400 X119.882 Y177.269 E1411.83456
G1 X119.809 Y177.212 E1411.83764
G1 X119.809 Y176.851 E1411.84965
G1 X120.033 Y177.132 E1411.85347
G1 X120.222 Y177.269 E1411.85445
G1 F1500 E1410.85445
G0 F9000 X121.244 Y175.961
G0 X178.827 Y175.909
G0 X180.19 Y176.853
G1 F1500 E1411.88106
G1 F2400 X180.19 Y177.224 E1411.8934
G1 X180.12 Y177.27 E1411.89619
G1 X179.776 Y177.27 E1411.90763
G1 X180.04 Y177.06 E1411.91115
G1 X180.19 Y176.853 E1411.91247
G1 F1500 E1410.91247
G0 F9000 X178.876 Y175.847
G0 X181.856 Y122.776
G0 X180.191 Y122.776
G1 F1500 E1411.93907
G1 F2400 X180.191 Y123.147 E1411.95141
G1 X180.045 Y122.944 E1411.95262
G1 X179.766 Y122.731 E1411.9643
G1 X180.107 Y122.731 E1411.96776
G1 X180.191 Y122.776 E1411.96948
G0 F9000 X180.454 Y122.438
G1 F2400 X180.553 Y122.575 E1411.9751
G1 X180.591 Y122.73 E1411.98041
G1 X180.59 Y177.27 E1413.79441
G1 X180.556 Y177.419 E1413.7995
G1 X180.475 Y177.542 E1413.8044
G1 X180.345 Y177.632 E1413.80966
G1 X180.162 Y177.67 E1413.81587
G1 X119.801 Y177.669 E1415.82349
G1 X119.542 Y177.559 E1415.83285
G1 X119.414 Y177.322 E1415.8418
G1 X119.409 Y177.252 E1415.84414
G1 X119.41 Y122.731 E1417.65751
G1 X119.452 Y122.565 E1417.66321
G1 X119.538 Y122.444 E1417.66815
G1 X119.652 Y122.37 E1417.67267
G1 X119.858 Y122.33 E1417.67965
G1 X180.185 Y122.331 E1419.68613
G1 X180.454 Y122.438 E1419.69576
G0 F9000 X180.734 Y122.143
;TYPE:WALL-OUTER
G1 F2400 X180.921 Y122.402 E1419.70639
G1 X180.987 Y122.652 E1419.71499
G1 X180.991 Y122.73 E1419.71758
G1 X180.99 Y177.318 E1421.53319
G1 X180.93 Y177.578 E1421.54206
G1 X180.766 Y177.827 E1421.55198
G1 X180.515 Y178.001 E1421.56214
G1 X180.262 Y178.066 E1421.57082
G1 X180.182 Y178.07 E1421.57349
G1 X119.753 Y178.069 E1423.58337
G1 X119.5 Y178.008 E1423.59202
G1 X119.266 Y177.857 E1423.60128
G1 X119.099 Y177.639 E1423.61042
G1 X119.019 Y177.4 E1423.6188
G1 X119.009 Y177.27 E1423.62314
G1 X119.01 Y122.682 E1425.43874
G1 X119.082 Y122.396 E1425.44855
G1 X119.257 Y122.151 E1425.45856
G1 X119.501 Y121.991 E1425.46827
G1 X119.818 Y121.93 E1425.47901
G1 X180.234 Y121.931 E1427.48845
G1 X180.518 Y122 E1427.49817
G1 X180.734 Y122.143 E1427.50679
G0 F9000 X180.43 Y122.46
;MESH:NONMESH
G0 F300 X180.43 Y122.46 Z1.8
G0 F9000 X179.778 Y123.254
;TIME_ELAPSED:2602.345296
;LAYER:8
;TYPE:WALL-INNER
;MESH:Battery Holder.STL
G1 F2400 X179.501 Y123.009 E1427.51909
G1 X179.089 Y122.806 E1427.53436
G1 X178.743 Y122.737 E1427.5461
G1 X178.606 Y122.73 E1427.55066
G1 X121.294 Y122.731 E1429.45687
G1 X120.964 Y122.79 E1429.46802
G1 X120.58 Y122.959 E1429.48197
G1 X120.26 Y123.212 E1429.49554
G1 X120.046 Y123.485 E1429.50707
G1 X119.881 Y123.844 E1429.52022
G1 X119.81 Y124.251 E1429.53396
G1 X119.81 Y175.767 E1431.24739
G1 X119.875 Y176.133 E1431.25975
G1 X120.019 Y176.469 E1431.27191
G1 X120.243 Y176.77 E1431.28439
G1 X120.582 Y177.045 E1431.29891
G1 X120.948 Y177.206 E1431.3122
G1 X121.374 Y177.27 E1431.32653
G1 X178.71 Y177.269 E1433.23354
G1 X179.094 Y177.192 E1433.24656
G1 X179.491 Y176.998 E1433.26126
G1 X179.817 Y176.704 E1433.27586
G1 X180.023 Y176.392 E1433.28829
G1 X180.162 Y175.989 E1433.30247
G1 X180.19 Y175.731 E1433.3111
G1 X180.191 Y124.296 E1435.02184
G1 X180.14 Y123.912 E1435.03472
G1 X179.983 Y123.535 E1435.04831
G1 X179.778 Y123.254 E1435.05988
G0 F9000 X179.481 Y123.525
;TYPE:WALL-OUTER
G1 F2400 X179.276 Y123.344 E1435.06897
G1 X178.959 Y123.188 E1435.08072
G1 X178.693 Y123.135 E1435.08974
G1 X178.596 Y123.13 E1435.09297
G1 X121.329 Y123.131 E1436.99768
G1 X121.081 Y123.175 E1437.00606
G1 X120.788 Y123.304 E1437.01671
G1 X120.546 Y123.496 E1437.02698
G1 X120.39 Y123.695 E1437.03539
G1 X120.266 Y123.964 E1437.04524
G1 X120.21 Y124.286 E1437.05611
G1 X120.21 Y175.732 E1438.76722
G1 X120.261 Y176.018 E1438.77688
G1 X120.368 Y176.268 E1438.78592
G1 X120.534 Y176.491 E1438.79517
G1 X120.792 Y176.7 E1438.80621
G1 X121.06 Y176.818 E1438.81595
G1 X121.404 Y176.87 E1438.82752
G1 X178.67 Y176.869 E1440.7322
G1 X178.965 Y176.81 E1440.7422
G1 X179.265 Y176.663 E1440.75332
G1 X179.511 Y176.441 E1440.76434
G1 X179.661 Y176.214 E1440.77339
G1 X179.769 Y175.901 E1440.7844
G1 X179.79 Y175.709 E1440.79082
G1 X179.791 Y124.323 E1442.49993
G1 X179.75 Y124.017 E1442.5102
G1 X179.632 Y123.732 E1442.52046
G1 X179.481 Y123.525 E1442.52898
G0 F9000 X179.806 Y123.229
G1 F1500 E1441.52898
G0 F9000 X178.805 Y124.072
G0 X121.227 Y124.049
G0 X120.225 Y122.73
;TYPE:WALL-INNER
G1 F1500 E1442.55559
G1 F2400 X119.975 Y122.928 E1442.56619
G1 X119.81 Y123.138 E1442.57508
G1 X119.81 Y122.795 E1442.57943
G1 X119.836 Y122.742 E1442.57985
G1 X119.899 Y122.73 E1442.5801
G1 X120.225 Y122.73 E1442.58333
G1 F1500 E1441.58333
G0 F9000 X121.188 Y124.079
G0 X121.194 Y175.927
G0 X120.223 Y177.269
G1 F1500 E1442.60993
G1 F2400 X119.867 Y177.269 E1442.62177
G1 X119.82 Y177.256 E1442.6234
G1 X119.809 Y177.196 E1442.62543
G1 X119.809 Y176.857 E1442.6367
G1 X119.952 Y177.049 E1442.63787
G1 X120.223 Y177.269 E1442.64169
G1 F1500 E1441.64169
G0 F9000 X121.255 Y175.968
G0 X178.836 Y175.899
G0 X180.19 Y176.865
G1 F1500 E1442.66829
G1 F2400 X180.189 Y177.227 E1442.68033
G1 X180.119 Y177.27 E1442.68307
G1 X179.787 Y177.27 E1442.69411
G1 X180.123 Y176.967 E1442.70159
G1 X180.19 Y176.865
G1 F1500 E1441.70159
G0 F9000 X178.877 Y175.845
G0 X178.853 Y124.12
G0 X180.137 Y122.731
G1 F1500 E1442.7282
G1 F2400 X180.191 Y122.794 E1442.73096
G1 X180.191 Y123.141 E1442.7425
G1 X180.076 Y122.983 E1442.74277
G1 X179.791 Y122.731 E1442.75319
G1 X180.137 Y122.731 E1442.75707
G0 F9000 X180.355 Y122.372
G1 F2400 X180.55 Y122.569 E1442.76629
G1 X180.591 Y122.749 E1442.77243
G1 X180.59 Y177.27 E1444.58581
G1 X180.556 Y177.417 E1444.59083
G1 X180.377 Y177.618 E1444.59978
G1 X180.168 Y177.67 E1444.60694
G1 X119.814 Y177.669 E1446.61433
G1 X119.63 Y177.619 E1446.62067
G1 X119.513 Y177.528 E1446.6256
G1 X119.443 Y177.414 E1446.63005
G1 X119.409 Y177.233 E1446.63617
G1 X119.41 Y122.737 E1448.44872
G1 X119.466 Y122.541 E1448.4555
G1 X119.648 Y122.371 E1448.46378
G1 X119.859 Y122.33 E1448.47093
G1 X180.185 Y122.331 E1450.47738
G1 X180.355 Y122.372 E1450.4832
G0 F9000 X180.522 Y122.001
;TYPE:WALL-OUTER
G1 F2400 X180.763 Y122.172 E1450.49302
G1 X180.921 Y122.402 E1450.50231
G1 X180.988 Y122.667 E1450.5114
G1 X180.991 Y122.73 E1450.51349
G1 X180.99 Y177.32 E1452.32917
G1 X180.931 Y177.574 E1452.33784
G1 X180.771 Y177.821 E1452.34763
G1 X180.566 Y177.976 E1452.35617
G1 X180.327 Y178.057 E1452.36457
G1 X180.182 Y178.07 E1452.36941
G1 X119.759 Y178.069 E1454.37909
G1 X119.449 Y177.984 E1454.38978
G1 X119.209 Y177.799 E1454.39986
G1 X119.064 Y177.561 E1454.40913
G1 X119.009 Y177.27 E1454.41898
G1 X119.01 Y122.68 E1456.23465
G1 X119.103 Y122.355 E1456.24589
G1 X119.287 Y122.124 E1456.25571
G1 X119.5 Y121.992 E1456.26405
G1 X119.818 Y121.93 E1456.27482
G1 X180.234 Y121.931 E1458.28427
G1 X180.522 Y122.001 E1458.29413
G0 F9000 X180.34 Y122.401
;MESH:NONMESH
G0 F300 X180.34 Y122.401 Z2
G0 F9000 X179.722 Y123.194
;TIME_ELAPSED:2630.140460
;LAYER:9
;TYPE:WALL-INNER
;MESH:Battery Holder.STL
G1 F2400 X179.391 Y122.941 E1458.30798
G1 X179.01 Y122.783 E1458.3217
G1 X178.623 Y122.73 E1458.33469
G1 X121.293 Y122.731 E1460.2415
G1 X120.958 Y122.792 E1460.25282
G1 X120.578 Y122.959 E1460.26663
G1 X120.259 Y123.213 E1460.28019
G1 X120.046 Y123.488 E1460.29176
G1 X119.881 Y123.845 E1460.30484
G1 X119.81 Y124.25 E1460.31852
G1 X119.81 Y175.767 E1462.03198
G1 X119.876 Y176.14 E1462.04458
G1 X120.037 Y176.502 E1462.05775
G1 X120.313 Y176.841 E1462.07229
G1 X120.642 Y177.08 E1462.08582
G1 X121.089 Y177.241 E1462.10162
G1 X121.385 Y177.27 E1462.11151
G1 X178.712 Y177.269 E1464.01822
G1 X179.143 Y177.177 E1464.03287
G1 X179.534 Y176.967 E1464.04764
G1 X179.854 Y176.659 E1464.06241
G1 X180.07 Y176.291 E1464.0766
G1 X180.18 Y175.877 E1464.09085
G1 X180.19 Y175.721 E1464.09605
G1 X180.191 Y124.295 E1465.80648
G1 X180.139 Y123.909 E1465.81944
G1 X179.966 Y123.504 E1465.83409
G1 X179.722 Y123.194 E1465.84721
G0 F9000 X179.439 Y123.481
;TYPE:WALL-OUTER
G1 F2400 X179.189 Y123.29 E1465.85767
G1 X178.905 Y123.172 E1465.8679
G1 X178.596 Y123.13 E1465.87827
G1 X121.329 Y123.131 E1467.78298
G1 X121.076 Y123.177 E1467.79153
G1 X120.787 Y123.304 E1467.80203
G1 X120.546 Y123.496 E1467.81228
G1 X120.39 Y123.697 E1467.82074
G1 X120.266 Y123.965 E1467.83056
G1 X120.21 Y124.285 E1467.84137
G1 X120.21 Y175.732 E1469.5525
G1 X120.261 Y176.022 E1469.5623
G1 X120.381 Y176.29 E1469.57206
G1 X120.591 Y176.548 E1469.58313
G1 X120.831 Y176.723 E1469.59301
G1 X121.178 Y176.848 E1469.60527
G1 X121.404 Y176.87 E1469.61283
G1 X178.67 Y176.869 E1471.5175
G1 X179.004 Y176.798 E1471.52886
G1 X179.296 Y176.641 E1471.53989
G1 X179.537 Y176.409 E1471.55101
G1 X179.697 Y176.136 E1471.56154
G1 X179.783 Y175.812 E1471.57269
G1 X179.79 Y175.708 E1471.57615
G1 X179.791 Y124.322 E1473.28526
G1 X179.75 Y124.016 E1473.29553
G1 X179.619 Y123.71 E1473.3066
G1 X179.439 Y123.481 E1473.31629
G0 F9000 X179.747 Y123.168
G1 F1500 E1472.31629
G0 F9000 X178.784 Y124.055
G0 X121.235 Y124.044
G0 X120.223 Y122.73
;TYPE:WALL-INNER
G1 F1500 E1473.34289
G1 F2400 X119.972 Y122.93 E1473.35357
G1 X119.81 Y123.139 E1473.36236
G1 X119.81 Y122.789 E1473.36692
G1 X119.835 Y122.741 E1473.3672
G1 X119.884 Y122.73
G1 X120.223 Y122.73 E1473.37096
G1 F1500 E1472.37096
G0 F9000 X121.192 Y124.074
G0 X121.189 Y175.923
G0 X120.223 Y177.27
G1 F1500 E1473.39757
G1 F2400 X119.865 Y177.27 E1473.40947
G1 X119.809 Y177.201 E1473.41243
G1 X119.809 Y176.855 E1473.42394
G1 X120.036 Y177.134 E1473.42798
G1 X120.223 Y177.27 E1473.42889
G1 F1500 E1472.42889
G0 F9000 X121.25 Y175.965
G0 X178.827 Y175.909
G0 X180.19 Y176.877
G1 F1500 E1473.4555
G1 F2400 X180.19 Y177.22 E1473.4669
G1 X180.147 Y177.269 E1473.46907
G1 X179.797 Y177.269 E1473.48071
G1 X180.171 Y176.909 E1473.4906
G1 X180.19 Y176.877
G1 F1500 E1472.4906
G0 F9000 X178.872 Y175.853
G0 X178.86 Y124.13
G0 X180.191 Y122.787
G1 F1500 E1473.51721
G1 F2400 X180.191 Y123.143 E1473.52905
G1 X180.005 Y122.907 E1473.53158
G1 X179.774 Y122.731 E1473.54124
G1 X180.112 Y122.731 E1473.54513
G1 X180.191 Y122.787 E1473.5461
G0 F9000 X180.452 Y122.435
G1 F2400 X180.584 Y122.671 E1473.55509
G1 X180.591 Y122.746 E1473.55759
G1 X180.59 Y177.269 E1475.37104
G1 X180.549 Y177.433 E1475.37666
G1 X180.362 Y177.625 E1475.38557
G1 X180.201 Y177.669 E1475.39113
G1 X119.819 Y177.67 E1477.39944
G1 X119.644 Y177.627 E1477.40543
G1 X119.457 Y177.447 E1477.41407
G1 X119.409 Y177.251 E1477.42078
G1 X119.41 Y122.735 E1479.23399
G1 X119.458 Y122.554 E1479.24021
G1 X119.633 Y122.377 E1479.24849
G1 X119.837 Y122.33 E1479.25546
G1 X180.187 Y122.331 E1481.26271
G1 X180.452 Y122.435 E1481.27217
G0 F9000 X180.887 Y122.334
;TYPE:WALL-OUTER
G1 F2400 X180.977 Y122.581 E1481.28092
G1 X180.991 Y122.73 E1481.28589
G1 X180.99 Y177.319 E1483.10153
G1 X180.919 Y177.602 E1483.11124
G1 X180.756 Y177.837 E1483.12075
G1 X180.535 Y177.992 E1483.12973
G1 X180.282 Y178.064 E1483.13848
G1 X180.223 Y178.069 E1483.14045
G1 X119.771 Y178.07 E1485.15109
G1 X119.473 Y177.996 E1485.1613
G1 X119.239 Y177.831 E1485.17082
G1 X119.09 Y177.622 E1485.17936
G1 X119.012 Y177.333 E1485.18932
G1 X119.009 Y177.27 E1485.19141
G1 X119.01 Y122.681 E1487.00705
G1 X119.09 Y122.38 E1487.01741
G1 X119.254 Y122.154 E1487.0267
G1 X119.461 Y122.01 E1487.03508
G1 X119.734 Y121.934 E1487.04451
G1 X119.818 Y121.93 E1487.04731
G1 X180.234 Y121.931 E1489.05675
G1 X180.502 Y121.993 E1489.0659
G1 X180.72 Y122.13 E1489.07446
G1 X180.887 Y122.334 E1489.08323
G0 F9000 X180.505 Y122.551
;MESH:NONMESH
G0 F300 X180.505 Y122.551 Z2.2
G0 F9000 X179.764 Y123.238
;TIME_ELAPSED:2657.947416
;LAYER:10
;TYPE:WALL-INNER
;MESH:Battery Holder.STL
G1 F2400 X179.445 Y122.972 E1489.09705
G1 X179.056 Y122.795 E1489.11126
G1 X178.626 Y122.73 E1489.12573
G1 X121.294 Y122.731 E1491.0326
G1 X120.959 Y122.791 E1491.04392
G1 X120.574 Y122.96 E1491.0579
G1 X120.231 Y123.242 E1491.07267
G1 X119.98 Y123.602 E1491.08727
G1 X119.843 Y123.988 E1491.10089
G1 X119.81 Y124.26 E1491.11
G1 X119.81 Y175.767 E1492.82313
G1 X119.876 Y176.142 E1492.8358
G1 X120.05 Y176.522 E1492.8497
G1 X120.314 Y176.842 E1492.86349
G1 X120.678 Y177.098 E1492.8783
G1 X121.094 Y177.241 E1492.89293
G1 X121.384 Y177.27 E1492.90262
G1 X178.712 Y177.269 E1494.80936
G1 X179.136 Y177.178 E1494.82378
G1 X179.486 Y177 E1494.83684
G1 X179.766 Y176.76 E1494.84911
G1 X180.018 Y176.401 E1494.86369
G1 X180.162 Y175.991 E1494.87815
G1 X180.19 Y175.728 E1494.88694
G1 X180.191 Y124.294 E1496.59765
G1 X180.14 Y123.913 E1496.61043
G1 X180.003 Y123.571 E1496.62268
G1 X179.764 Y123.238 E1496.63632
G0 F9000 X179.469 Y123.513
;TYPE:WALL-OUTER
G1 F2400 X179.23 Y123.314 E1496.64666
G1 X178.941 Y123.182 E1496.65723
G1 X178.596 Y123.13 E1496.66883
G1 X121.329 Y123.131 E1498.57354
G1 X121.076 Y123.176 E1498.58209
G1 X120.786 Y123.304 E1498.59263
G1 X120.528 Y123.516 E1498.60374
G1 X120.339 Y123.787 E1498.61473
G1 X120.235 Y124.08 E1498.62507
G1 X120.21 Y124.284 E1498.6319
G1 X120.21 Y175.732 E1500.34307
G1 X120.261 Y176.022 E1500.35287
G1 X120.392 Y176.308 E1500.36333
G1 X120.588 Y176.546 E1500.37358
G1 X120.862 Y176.738 E1500.38471
G1 X121.18 Y176.848 E1500.3959
G1 X121.404 Y176.87 E1500.40339
G1 X178.67 Y176.869 E1502.30806
G1 X179.001 Y176.798 E1502.31932
G1 X179.262 Y176.665 E1502.32907
G1 X179.468 Y176.489 E1502.33808
G1 X179.659 Y176.217 E1502.34913
G1 X179.769 Y175.902 E1502.36023
G1 X179.79 Y175.707 E1502.36675
G1 X179.791 Y124.321 E1504.07586
G1 X179.75 Y124.015 E1504.08613
G1 X179.65 Y123.765 E1504.09508
G1 X179.469 Y123.513 E1504.1054
G0 F9000 X179.791 Y123.214
G1 F1500 E1503.1054
G0 F9000 X178.784 Y124.056
G0 X121.232 Y124.046
G0 X120.224 Y122.73
;TYPE:WALL-INNER
G1 F1500 E1504.13201
G1 F2400 X119.934 Y122.968 E1504.14449
G1 X119.81 Y123.146 E1504.1517
G1 X119.81 Y122.768 E1504.15759
G1 X119.885 Y122.73 E1504.15824
G1 X120.224 Y122.73 E1504.16167
G1 F1500 E1503.16167
G0 F9000 X121.186 Y124.08
G0 X121.174 Y175.908
G0 X120.227 Y177.27
G1 F1500 E1504.18828
G1 F2400 X119.853 Y177.27 E1504.20072
G1 X119.809 Y177.205 E1504.20333
G1 X119.809 Y176.858 E1504.21487
G1 X120.04 Y177.138 E1504.21903
G1 X120.227 Y177.27 E1504.21977
G1 F1500 E1503.21977
G0 F9000 X121.277 Y175.979
G0 X178.835 Y175.899
G0 X180.19 Y176.852
G1 F1500 E1504.24638
G1 F2400 X180.19 Y177.202 E1504.25802
G1 X180.149 Y177.269 E1504.26064
G1 X179.787 Y177.269 E1504.27268
G1 X180.064 Y177.031 E1504.27707
G1 X180.19 Y176.852 E1504.27769
G1 F1500 E1503.27769
G0 F9000 X178.873 Y175.852
G0 X178.857 Y124.126
G0 X180.191 Y122.787
G1 F1500 E1504.3043
G1 F2400 X180.191 Y123.147 E1504.31627
G1 X180.059 Y122.963 E1504.31706
G1 X179.781 Y122.731 E1504.3291
G1 X180.113 Y122.731 E1504.33253
G1 X180.191 Y122.787 E1504.33338
G0 F9000 X180.453 Y122.435
G1 F2400 X180.585 Y122.674 E1504.34247
G1 X180.591 Y122.742 E1504.34474
G1 X180.59 Y177.276 E1506.15854
G1 X180.497 Y177.517 E1506.16714
G1 X180.353 Y177.628 E1506.17318
G1 X180.202 Y177.669 E1506.17839
G1 X119.811 Y177.67 E1508.187
G1 X119.676 Y177.642 E1508.19159
G1 X119.542 Y177.559 E1508.19683
G1 X119.454 Y177.441 E1508.20172
G1 X119.409 Y177.251 E1508.20822
G1 X119.41 Y122.724 E1510.02179
G1 X119.44 Y122.591 E1510.02633
G1 X119.526 Y122.457 E1510.03162
G1 X119.63 Y122.38 E1510.03593
G1 X119.837 Y122.33 E1510.04301
G1 X180.189 Y122.331 E1512.05033
G1 X180.453 Y122.435 E1512.05976
G0 F9000 X180.72 Y122.13
;TYPE:WALL-OUTER
G1 F2400 X180.887 Y122.334 E1512.06853
G1 X180.978 Y122.582 E1512.07732
G1 X180.991 Y122.73 E1512.08226
G1 X180.99 Y177.318 E1513.89787
G1 X180.935 Y177.564 E1513.90625
G1 X180.802 Y177.787 E1513.91489
G1 X180.536 Y177.992 E1513.92605
G1 X180.283 Y178.064 E1513.9348
G1 X180.224 Y178.069 E1513.93677
G1 X119.772 Y178.07 E1515.94741
G1 X119.525 Y178.018 E1515.95581
G1 X119.268 Y177.859 E1515.96586
G1 X119.088 Y177.618 E1515.97587
G1 X119.012 Y177.333 E1515.98568
G1 X119.009 Y177.27 E1515.98777
G1 X119.01 Y122.682 E1517.80338
G1 X119.065 Y122.435 E1517.8118
G1 X119.231 Y122.177 E1517.822
G1 X119.45 Y122.015 E1517.83106
G1 X119.734 Y121.934 E1517.84088
G1 X119.818 Y121.93 E1517.84368
G1 X180.234 Y121.931 E1519.85312
G1 X180.489 Y121.987 E1519.86181
G1 X180.72 Y122.13 E1519.87084
G0 F9000 X180.431 Y122.46
;MESH:NONMESH
G0 F300 X180.431 Y122.46 Z2.4
G0 F9000 X179.685 Y123.158
;TIME_ELAPSED:2685.728639
;LAYER:11
;TYPE:WALL-INNER
;MESH:Battery Holder.STL
G1 F2400 X179.389 Y122.941 E1519.88305
G1 X179.047 Y122.793 E1519.89544
G1 X178.626 Y122.73 E1519.9096
G1 X121.296 Y122.731 E1521.81641
G1 X120.965 Y122.788 E1521.82758
G1 X120.576 Y122.96 E1521.84172
G1 X120.254 Y123.217 E1521.85543
G1 X120.003 Y123.557 E1521.86948
G1 X119.844 Y123.983 E1521.88461
G1 X119.81 Y124.259 E1521.89386
G1 X119.81 Y175.768 E1523.60705
G1 X119.874 Y176.134 E1523.61941
G1 X120.022 Y176.473 E1523.63171
G1 X120.243 Y176.77 E1523.64403
G1 X120.628 Y177.073 E1523.66032
G1 X121.064 Y177.235 E1523.67579
G1 X121.382 Y177.27 E1523.68643
G1 X178.705 Y177.269 E1525.593
G1 X179.031 Y177.211 E1525.60402
G1 X179.375 Y177.069 E1525.61639
G1 X179.708 Y176.82 E1525.63022
G1 X179.965 Y176.496 E1525.64398
G1 X180.117 Y176.162 E1525.65618
G1 X180.188 Y175.796 E1525.66858
G1 X180.191 Y175.678 E1525.67251
G1 X180.19 Y124.231 E1527.38364
G1 X180.125 Y123.862 E1527.39611
G1 X179.949 Y123.477 E1527.41018
G1 X179.685 Y123.158 E1527.42396
G0 F9000 X179.408 Y123.451
;TYPE:WALL-OUTER
G1 F2400 X179.189 Y123.29 E1527.433
G1 X178.936 Y123.181 E1527.44216
G1 X178.596 Y123.13 E1527.45359
G1 X121.33 Y123.131 E1529.35827
G1 X121.082 Y123.174 E1529.36664
G1 X120.785 Y123.305 E1529.37744
G1 X120.545 Y123.497 E1529.38766
G1 X120.358 Y123.75 E1529.39812
G1 X120.235 Y124.079 E1529.40981
G1 X120.21 Y124.283 E1529.41664
G1 X120.21 Y175.733 E1531.12788
G1 X120.26 Y176.018 E1531.1375
G1 X120.37 Y176.271 E1531.14668
G1 X120.532 Y176.489 E1531.15571
G1 X120.826 Y176.72 E1531.16815
G1 X121.157 Y176.843 E1531.17989
G1 X121.404 Y176.87 E1531.18815
G1 X178.67 Y176.869 E1533.09283
G1 X178.919 Y176.825 E1533.10124
G1 X179.176 Y176.719 E1533.11049
G1 X179.427 Y176.531 E1533.12092
G1 X179.621 Y176.286 E1533.13131
G1 X179.733 Y176.039 E1533.14033
G1 X179.789 Y175.752 E1533.15006
G1 X179.791 Y175.673 E1533.15268
G1 X179.79 Y124.266 E1534.86249
G1 X179.74 Y123.982 E1534.87208
G1 X179.607 Y123.691 E1534.88272
G1 X179.408 Y123.451 E1534.89309
G0 F9000 X179.709 Y123.131
G1 F1500 E1533.89309
G0 F9000 X178.781 Y124.054
G0 X121.231 Y124.047
G0 X120.223 Y122.73
;TYPE:WALL-INNER
G1 F1500 E1534.9197
G1 F2400 X119.963 Y122.937 E1534.93075
G1 X119.81 Y123.145 E1534.93934
G1 X119.81 Y122.788 E1534.94403
G1 X119.894 Y122.73 E1534.94561
G1 X120.223 Y122.73 E1534.94887
G1 F1500 E1533.94887
G0 F9000 X121.189 Y124.077
G0 X121.196 Y175.929
G0 X120.232 Y177.27
G1 F1500 E1534.97548
G1 F2400 X119.863 Y177.27 E1534.98775
G1 X119.809 Y177.214 E1534.99034
G1 X119.809 Y176.856 E1535.00225
G1 X119.954 Y177.051 E1535.00343
G1 X120.232 Y177.27 E1535.00719
G1 F1500 E1534.00719
G0 F9000 X121.251 Y175.966
G0 X178.846 Y175.886
G0 X180.19 Y176.856
G1 F1500 E1535.0338
G1 F2400 X180.19 Y177.225 E1535.04607
G1 X180.15 Y177.269 E1535.04805
G1 X179.775 Y177.269 E1535.06053
G1 X179.989 Y177.109 E1535.06214
G1 X180.19 Y176.856 E1535.06518
G1 F1500 E1534.06518
G0 F9000 X178.88 Y175.84
G0 X178.863 Y124.133
G0 X180.18 Y122.759
G1 F1500 E1535.09179
G1 F2400 X180.191 Y122.808 E1535.09346
G1 X180.191 Y123.142 E1535.10456
G1 X179.962 Y122.865 E1535.10886
G1 X179.779 Y122.731 E1535.1164
G1 X180.109 Y122.731 E1535.12075
G1 X180.18 Y122.759
G0 F9000 X180.548 Y122.568
G1 F2400 X180.591 Y122.768 E1535.12756
G1 X180.59 Y177.269 E1536.94027
G1 X180.554 Y177.423 E1536.94553
G1 X180.474 Y177.542 E1536.9503
G1 X180.355 Y177.628 E1536.95518
G1 X180.202 Y177.669 E1536.96045
G1 X119.818 Y177.67 E1538.96883
G1 X119.656 Y177.633 E1538.97436
G1 X119.456 Y177.445 E1538.98348
G1 X119.409 Y177.265 E1538.98967
G1 X119.41 Y122.736 E1540.80331
G1 X119.461 Y122.547 E1540.80983
G1 X119.662 Y122.367 E1540.8188
G1 X119.856 Y122.33 E1540.82537
G1 X180.184 Y122.331 E1542.83189
G1 X180.452 Y122.435 E1542.84145
G1 X180.548 Y122.568 E1542.8469
G0 F9000 X180.921 Y122.402
;TYPE:WALL-OUTER
G1 F2400 X180.991 Y122.726 E1542.85793
G1 X180.99 Y177.317 E1544.67363
G1 X180.926 Y177.586 E1544.68283
G1 X180.765 Y177.826 E1544.69244
G1 X180.533 Y177.993 E1544.70195
G1 X180.283 Y178.064 E1544.71059
G1 X180.224 Y178.069 E1544.71256
G1 X119.773 Y178.07 E1546.72317
G1 X119.498 Y178.007 E1546.73255
G1 X119.261 Y177.853 E1546.74195
G1 X119.094 Y177.628 E1546.75127
G1 X119.015 Y177.371 E1546.76022
G1 X119.009 Y177.274 E1546.76345
G1 X119.01 Y122.683 E1548.57915
G1 X119.095 Y122.369 E1548.58997
G1 X119.25 Y122.159 E1548.59865
G1 X119.507 Y121.989 E1548.6089
G1 X119.818 Y121.93 E1548.61943
G1 X180.234 Y121.931 E1550.62887
G1 X180.524 Y122.002 E1550.6388
G1 X180.733 Y122.142 E1550.64717
G1 X180.921 Y122.402 E1550.65784
G0 F9000 X180.52 Y122.581
;MESH:NONMESH
G0 F300 X180.52 Y122.581 Z2.6
G0 F9000 X179.643 Y123.118
;TIME_ELAPSED:2713.531994
;LAYER:12
;TYPE:WALL-INNER
;MESH:Battery Holder.STL
G1 F2400 X179.292 Y122.889 E1550.67178
G1 X178.935 Y122.765 E1550.68435
G1 X178.676 Y122.731 E1550.69304
G1 X121.353 Y122.73 E1552.59961
G1 X120.969 Y122.786 E1552.61252
G1 X120.556 Y122.972 E1552.62758
G1 X120.246 Y123.225 E1552.64089
G1 X119.968 Y123.626 E1552.65712
G1 X119.852 Y123.954 E1552.66869
G1 X119.809 Y124.302 E1552.68035
G1 X119.81 Y175.767 E1554.39209
G1 X119.873 Y176.133 E1554.40444
G1 X120.037 Y176.502 E1554.41787
G1 X120.315 Y176.843 E1554.4325
G1 X120.644 Y177.08 E1554.44599
G1 X121.067 Y177.237 E1554.461
G1 X121.383 Y177.27 E1554.47156
G1 X178.705 Y177.269 E1556.3781
G1 X179.036 Y177.211 E1556.38928
G1 X179.424 Y177.04 E1556.40338
G1 X179.744 Y176.784 E1556.41701
G1 X179.966 Y176.495 E1556.42913
G1 X180.12 Y176.151 E1556.44167
G1 X180.19 Y175.752 E1556.45514
G1 X180.191 Y124.29 E1558.16677
G1 X180.128 Y123.869 E1558.18093
G1 X179.947 Y123.473 E1558.19541
G1 X179.643 Y123.118 E1558.21096
G0 F9000 X179.377 Y123.422
;TYPE:WALL-OUTER
G1 F2400 X179.114 Y123.251 E1558.22139
G1 X178.842 Y123.156 E1558.23098
G1 X178.65 Y123.131 E1558.23742
G1 X121.382 Y123.13 E1560.14216
G1 X121.082 Y123.174 E1560.15224
G1 X120.768 Y123.315 E1560.16369
G1 X120.543 Y123.499 E1560.17336
G1 X120.327 Y123.81 E1560.18595
G1 X120.244 Y124.046 E1560.19427
G1 X120.209 Y124.327 E1560.20369
G1 X120.21 Y175.733 E1561.91346
G1 X120.259 Y176.016 E1561.92301
G1 X120.381 Y176.291 E1561.93302
G1 X120.592 Y176.549 E1561.94411
G1 X120.834 Y176.724 E1561.95404
G1 X121.159 Y176.844 E1561.96556
G1 X121.404 Y176.87 E1561.97376
G1 X178.67 Y176.869 E1563.87843
G1 X178.919 Y176.825 E1563.88684
G1 X179.215 Y176.695 E1563.89759
G1 X179.456 Y176.502 E1563.90786
G1 X179.62 Y176.288 E1563.91683
G1 X179.735 Y176.033 E1563.92613
G1 X179.79 Y175.717 E1563.9368
G1 X179.791 Y124.32 E1565.64627
G1 X179.741 Y123.984 E1565.65757
G1 X179.607 Y123.69 E1565.66832
G1 X179.377 Y123.422 E1565.68006
G0 F9000 X179.666 Y123.091
G1 F1500 E1564.68006
G0 F9000 X178.774 Y124.049
G0 X121.256 Y124.031
G0 X120.22 Y122.73
;TYPE:WALL-INNER
G1 F1500 E1565.70667
G1 F2400 X119.949 Y122.951 E1565.7183
G1 X119.81 Y123.152 E1565.72643
G1 X119.81 Y122.788 E1565.73147
G1 X119.823 Y122.739 E1565.73161
G1 X119.881 Y122.73 E1565.73176
G1 X120.22 Y122.73 E1565.73524
G1 F1500 E1564.73524
G0 F9000 X121.191 Y124.076
G0 X121.195 Y175.928
G0 X120.222 Y177.269
G1 F1500 E1565.76185
G1 F2400 X119.857 Y177.269 E1565.77399
G1 X119.809 Y177.223 E1565.7762
G1 X119.809 Y176.856 E1565.78841
G1 X120.038 Y177.137 E1565.79231
G1 X120.222 Y177.269 E1565.79308
G1 F1500 E1564.79308
G0 F9000 X121.242 Y175.962
G0 X178.836 Y175.899
G0 X180.19 Y176.86
G1 F1500 E1565.81969
G1 F2400 X180.19 Y177.227 E1565.83189
G1 X180.101 Y177.27 E1565.83518
G1 X179.777 Y177.27 E1565.84596
G1 X180.032 Y177.066 E1565.84936
G1 X180.19 Y176.86 E1565.85088
G1 F1500 E1564.85088
G0 F9000 X178.881 Y175.837
G0 X178.86 Y124.13
G0 X180.139 Y122.731
G1 F1500 E1565.87749
G1 F2400 X180.19 Y122.799 E1565.88032
G1 X180.19 Y123.142 E1565.89173
G1 X179.91 Y122.814 E1565.89822
G1 X179.783 Y122.731 E1565.90326
G1 X180.139 Y122.731 E1565.90944
G0 F9000 X180.353 Y122.371
G1 F2400 X180.473 Y122.455 E1565.91431
G1 X180.59 Y122.712 E1565.9237
G1 X180.59 Y124.29 E1565.97619
G1 X180.59 Y177.269 E1567.73827
G1 X180.557 Y177.417 E1567.74332
G1 X180.466 Y177.549 E1567.74865
G1 X180.348 Y177.63 E1567.75341
G1 X180.141 Y177.67 E1567.76042
G1 X119.805 Y177.669 E1569.76721
G1 X119.645 Y177.627 E1569.77271
G1 X119.447 Y177.429 E1569.78202
G1 X119.409 Y177.27 E1569.78746
G1 X119.41 Y122.737 E1571.60123
G1 X119.457 Y122.557 E1571.60742
G1 X119.556 Y122.43 E1571.61278
G1 X119.686 Y122.356 E1571.61775
G1 X119.85 Y122.33 E1571.62328
G1 X180.186 Y122.331 E1573.63006
G1 X180.353 Y122.371 E1573.63577
G0 F9000 X180.52 Y122
;TYPE:WALL-OUTER
G1 F2400 X180.76 Y122.168 E1573.64551
G1 X180.919 Y122.398 E1573.65481
G1 X180.986 Y122.645 E1573.66333
G1 X180.991 Y122.73 E1573.66616
G1 X180.99 Y177.316 E1575.4817
G1 X180.93 Y177.578 E1575.49064
G1 X180.752 Y177.839 E1575.50114
G1 X180.505 Y178.007 E1575.51108
G1 X180.182 Y178.07 E1575.52202
G1 X119.753 Y178.069 E1577.5319
G1 X119.471 Y177.995 E1577.5416
G1 X119.228 Y177.82 E1577.55156
G1 X119.079 Y177.598 E1577.56045
G1 X119.014 Y177.355 E1577.56882
G1 X119.009 Y177.27 E1577.57165
G1 X119.01 Y122.684 E1579.38719
G1 X119.091 Y122.377 E1579.39775
G1 X119.29 Y122.121 E1579.40853
G1 X119.55 Y121.973 E1579.41848
G1 X119.818 Y121.93 E1579.42751
G1 X180.234 Y121.931 E1581.43695
G1 X180.52 Y122 E1581.44674
G0 F9000 X180.339 Y122.401
;MESH:NONMESH
G0 F300 X180.339 Y122.401 Z2.8
G0 F9000 X179.72 Y123.192
;TIME_ELAPSED:2741.331093
;LAYER:13
;TYPE:WALL-INNER
;MESH:Battery Holder.STL
G1 F2400 X179.388 Y122.938 E1581.46064
G1 X179 Y122.779 E1581.47459
G1 X178.622 Y122.73 E1581.48727
G1 X121.296 Y122.731 E1583.39394
G1 X120.966 Y122.788 E1583.40508
G1 X120.573 Y122.96 E1583.41934
G1 X120.254 Y123.218 E1583.43299
G1 X120.032 Y123.511 E1583.44522
G1 X119.881 Y123.847 E1583.45747
G1 X119.816 Y124.176 E1583.46862
G1 X119.809 Y124.315 E1583.47325
G1 X119.81 Y175.771 E1585.18468
G1 X119.893 Y176.197 E1585.19912
G1 X120.112 Y176.615 E1585.21481
G1 X120.407 Y176.923 E1585.229
G1 X120.788 Y177.149 E1585.24373
G1 X121.228 Y177.261 E1585.25883
G1 X121.394 Y177.27 E1585.26436
G1 X178.704 Y177.269 E1587.1705
G1 X179.034 Y177.212 E1587.18164
G1 X179.427 Y177.04 E1587.19591
G1 X179.744 Y176.783 E1587.20948
G1 X179.971 Y176.488 E1587.22186
G1 X180.127 Y176.126 E1587.23497
G1 X180.188 Y175.793 E1587.24623
G1 X180.191 Y175.678 E1587.25006
G1 X180.19 Y124.234 E1588.96109
G1 X180.136 Y123.902 E1588.97228
G1 X179.966 Y123.505 E1588.98665
G1 X179.72 Y123.192 E1588.99989
G0 F9000 X179.437 Y123.479
;TYPE:WALL-OUTER
G1 F2400 X179.187 Y123.288 E1589.01035
G1 X178.897 Y123.169 E1589.02078
G1 X178.596 Y123.13 E1589.03087
G1 X121.33 Y123.131 E1590.93555
G1 X121.082 Y123.174 E1590.94392
G1 X120.783 Y123.305 E1590.95477
G1 X120.543 Y123.499 E1590.96504
G1 X120.378 Y123.716 E1590.97411
G1 X120.265 Y123.969 E1590.98332
G1 X120.214 Y124.225 E1590.992
G1 X120.209 Y124.325 E1590.99533
G1 X120.21 Y175.733 E1592.70517
G1 X120.274 Y176.063 E1592.71635
G1 X120.44 Y176.379 E1592.72822
G1 X120.658 Y176.607 E1592.73872
G1 X120.943 Y176.776 E1592.74974
G1 X121.288 Y176.864 E1592.76158
G1 X121.404 Y176.87 E1592.76544
G1 X178.67 Y176.869 E1594.67012
G1 X178.918 Y176.826 E1594.67849
G1 X179.217 Y176.695 E1594.68935
G1 X179.456 Y176.502 E1594.69956
G1 X179.623 Y176.284 E1594.7087
G1 X179.742 Y176.009 E1594.71866
G1 X179.789 Y175.752 E1594.72735
G1 X179.791 Y175.673 E1594.72998
G1 X179.79 Y124.266 E1596.43978
G1 X179.749 Y124.015 E1596.44824
G1 X179.619 Y123.711 E1596.45924
G1 X179.437 Y123.479 E1596.46905
G0 F9000 X179.746 Y123.166
G1 F1500 E1595.46905
G0 F9000 X178.797 Y124.066
G0 X121.234 Y124.044
G0 X120.221 Y122.73
;TYPE:WALL-INNER
G1 F1500 E1596.49566
G1 F2400 X119.965 Y122.938 E1596.50663
G1 X119.81 Y123.142 E1596.51515
G1 X119.81 Y122.773 E1596.5203
G1 X119.877 Y122.73 E1596.52125
G1 X120.221 Y122.73 E1596.52488
G1 F1500 E1595.52488
G0 F9000 X121.187 Y124.079
G0 X121.187 Y175.922
G0 X120.207 Y177.269
G1 F1500 E1596.55149
G1 F2400 X119.855 Y177.269 E1596.5632
G1 X119.809 Y177.188 E1596.5663
G1 X119.809 Y176.877 E1596.57664
G1 X120.156 Y177.239 E1596.58625
G1 X120.207 Y177.269
G1 F1500 E1595.58625
G0 F9000 X121.242 Y175.961
G0 X178.827 Y175.908
G0 X180.19 Y176.859
G1 F1500 E1596.61286
G1 F2400 X180.19 Y177.22 E1596.62486
G1 X180.125 Y177.27 E1596.62759
G1 X179.779 Y177.27 E1596.6391
G1 X180.032 Y177.064 E1596.6424
G1 X180.19 Y176.859 E1596.64394
G1 F1500 E1595.64394
G0 F9000 X178.884 Y175.833
G0 X178.847 Y124.114
G0 X180.142 Y122.731
G1 F1500 E1596.67055
G1 F2400 X180.191 Y122.815 E1596.67378
G1 X180.191 Y123.144 E1596.68472
G1 X180.003 Y122.905 E1596.68748
G1 X179.776 Y122.731 E1596.69523
G1 X180.142 Y122.731 E1596.69999
G0 F9000 X180.348 Y122.369
G1 F2400 X180.544 Y122.557 E1596.70902
G1 X180.591 Y122.771 E1596.71631
G1 X180.59 Y177.269 E1598.52892
G1 X180.55 Y177.431 E1598.53447
G1 X180.467 Y177.55 E1598.5393
G1 X180.349 Y177.631 E1598.54406
G1 X180.166 Y177.67 E1598.55028
G1 X119.805 Y177.669 E1600.55789
G1 X119.642 Y177.627 E1600.56349
G1 X119.454 Y177.439 E1600.57234
G1 X119.409 Y177.23 E1600.57945
G1 X119.41 Y122.73 E1602.39212
G1 X119.439 Y122.596 E1602.39668
G1 X119.533 Y122.452 E1602.4024
G1 X119.778 Y122.333 E1602.41146
G1 X119.83 Y122.33 E1602.4132
G1 X180.192 Y122.331 E1604.42084
G1 X180.348 Y122.369 E1604.42618
G0 F9000 X180.519 Y122
;TYPE:WALL-OUTER
G1 F2400 X180.771 Y122.179 E1604.43646
G1 X180.919 Y122.398 E1604.44526
G1 X180.991 Y122.726 E1604.45643
G1 X180.99 Y177.315 E1606.27206
G1 X180.92 Y177.6 E1606.28182
G1 X180.754 Y177.838 E1606.29147
G1 X180.518 Y178 E1606.301
G1 X180.258 Y178.067 E1606.30993
G1 X180.182 Y178.07 E1606.31246
G1 X119.754 Y178.069 E1608.3223
G1 X119.47 Y177.995 E1608.33206
G1 X119.238 Y177.829 E1608.34155
G1 X119.08 Y177.6 E1608.3508
G1 X119.009 Y177.274 E1608.3619
G1 X119.01 Y122.685 E1610.17754
G1 X119.064 Y122.439 E1610.18591
G1 X119.237 Y122.172 E1610.19649
G1 X119.467 Y122.007 E1610.20591
G1 X119.71 Y121.937 E1610.21432
G1 X119.821 Y121.93 E1610.21802
G1 X180.238 Y121.931 E1612.2275
G1 X180.519 Y122 E1612.23712
G0 F9000 X180.336 Y122.4
;MESH:NONMESH
G0 F300 X180.336 Y122.4 Z3
G0 F9000 X179.696 Y123.168
;TIME_ELAPSED:2769.126041
;LAYER:14
;TYPE:WALL-INNER
;MESH:Battery Holder.STL
G1 F2400 X179.411 Y122.952 E1612.24901
G1 X179.08 Y122.804 E1612.26107
G1 X178.741 Y122.737 E1612.27257
G1 X178.607 Y122.73 E1612.27703
G1 X121.296 Y122.731 E1614.1832
G1 X120.963 Y122.791 E1614.19446
G1 X120.644 Y122.922 E1614.20593
G1 X120.332 Y123.142 E1614.21862
G1 X120.1 Y123.405 E1614.23029
G1 X119.916 Y123.744 E1614.24312
G1 X119.816 Y124.169 E1614.25764
G1 X119.809 Y124.315 E1614.2625
G1 X119.81 Y175.768 E1615.97383
G1 X119.874 Y176.135 E1615.98622
G1 X120.051 Y176.523 E1616.00041
G1 X120.308 Y176.836 E1616.01388
G1 X120.592 Y177.049 E1616.02569
G1 X120.97 Y177.213 E1616.03939
G1 X121.376 Y177.27 E1616.05303
G1 X178.703 Y177.269 E1617.95973
G1 X179.034 Y177.211 E1617.97091
G1 X179.465 Y177.015 E1617.98666
G1 X179.767 Y176.76 E1617.9998
G1 X180.025 Y176.392 E1618.01475
G1 X180.169 Y175.95 E1618.03021
G1 X180.191 Y175.69 E1618.03889
G1 X180.19 Y124.233 E1619.75036
G1 X180.136 Y123.904 E1619.76145
G1 X179.983 Y123.53 E1619.77489
G1 X179.696 Y123.168 E1619.79025
G0 F9000 X179.414 Y123.456
;TYPE:WALL-OUTER
G1 F2400 X179.206 Y123.299 E1619.79892
G1 X178.958 Y123.188 E1619.80796
G1 X178.691 Y123.135 E1619.81701
G1 X178.596 Y123.13 E1619.82017
G1 X121.332 Y123.131 E1621.72478
G1 X121.076 Y123.177 E1621.73343
G1 X120.838 Y123.275 E1621.74199
G1 X120.601 Y123.442 E1621.75164
G1 X120.43 Y123.636 E1621.76024
G1 X120.293 Y123.888 E1621.76978
G1 X120.214 Y124.225 E1621.78129
G1 X120.209 Y124.325 E1621.78462
G1 X120.21 Y175.734 E1623.49449
G1 X120.259 Y176.016 E1623.50401
G1 X120.393 Y176.309 E1623.51473
G1 X120.587 Y176.545 E1623.52489
G1 X120.794 Y176.701 E1623.53351
G1 X121.079 Y176.824 E1623.54383
G1 X121.404 Y176.87 E1623.55475
G1 X178.668 Y176.869 E1625.45936
G1 X178.915 Y176.826 E1625.4677
G1 X179.249 Y176.674 E1625.4799
G1 X179.469 Y176.488 E1625.48948
G1 X179.663 Y176.211 E1625.50073
G1 X179.774 Y175.87 E1625.51266
G1 X179.791 Y175.673 E1625.51924
G1 X179.79 Y124.265 E1627.22907
G1 X179.749 Y124.014 E1627.23753
G1 X179.634 Y123.734 E1627.2476
G1 X179.414 Y123.456 E1627.25939
G0 F9000 X179.721 Y123.142
G1 F1500 E1626.25939
G0 F9000 X178.79 Y124.061
G0 X121.235 Y124.044
G0 X120.222 Y122.73
;TYPE:WALL-INNER
G1 F1500 E1627.286
G1 F2400 X120.063 Y122.842 E1627.29247
G1 X119.81 Y123.129 E1627.30519
G1 X119.81 Y122.802 E1627.3085
G1 X119.834 Y122.737 E1627.30864
G1 X119.882 Y122.73
G1 X120.222 Y122.73 E1627.31371
G1 F1500 E1626.31371
G0 F9000 X121.189 Y124.078
G0 X121.17 Y175.905
G0 X120.219 Y177.269
G1 F1500 E1627.34032
G1 F2400 X119.856 Y177.269 E1627.35239
G1 X119.81 Y177.218 E1627.35468
G1 X119.81 Y176.859 E1627.36662
G1 X120.029 Y177.127 E1627.37012
G1 X120.219 Y177.269 E1627.37117
G1 F1500 E1626.37117
G0 F9000 X121.238 Y175.958
G0 X178.833 Y175.901
G0 X180.191 Y176.852
G1 F1500 E1627.39778
G1 F2400 X180.191 Y177.202 E1627.40942
G1 X180.173 Y177.253 E1627.41122
G1 X180.113 Y177.27 E1627.41329
G1 X179.783 Y177.27 E1627.42427
G1 X180.065 Y177.032 E1627.42894
G1 X180.191 Y176.852 E1627.42957
G1 F1500 E1626.42957
G0 F9000 X178.871 Y175.856
G0 X178.847 Y124.113
G0 X180.19 Y122.784
G1 F1500 E1627.45618
G1 F2400 X180.19 Y123.147 E1627.46825
G1 X179.978 Y122.88 E1627.47174
G1 X179.781 Y122.731 E1627.47995
G1 X180.114 Y122.731 E1627.48419
G1 X180.19 Y122.784
G0 F9000 X180.456 Y122.437
G1 F2400 X180.584 Y122.671 E1627.49306
G1 X180.59 Y122.723 E1627.4948
G1 X180.591 Y177.241 E1629.30807
G1 X180.554 Y177.424 E1629.31428
G1 X180.396 Y177.606 E1629.3223
G1 X180.169 Y177.67 E1629.33014
G1 X119.805 Y177.669 E1631.33786
G1 X119.641 Y177.626 E1631.3435
G1 X119.527 Y177.544 E1631.34817
G1 X119.44 Y177.406 E1631.35359
G1 X119.41 Y177.258 E1631.35862
G1 X119.41 Y124.315 E1633.11951
G1 X119.41 Y122.73 E1633.17223
G1 X119.504 Y122.48 E1633.18111
G1 X119.677 Y122.357 E1633.18817
G1 X119.855 Y122.33 E1633.19416
G1 X180.191 Y122.331 E1635.20094
G1 X180.456 Y122.437 E1635.21043
G0 F9000 X180.726 Y122.135
;TYPE:WALL-OUTER
G1 F2400 X180.887 Y122.334 E1635.21895
G1 X180.977 Y122.58 E1635.22766
G1 X180.99 Y122.696 E1635.23154
G1 X180.991 Y177.28 E1637.04701
G1 X180.932 Y177.573 E1637.05695
G1 X180.798 Y177.791 E1637.06547
G1 X180.595 Y177.96 E1637.07425
G1 X180.298 Y178.062 E1637.0847
G1 X180.182 Y178.07 E1637.08856
G1 X119.754 Y178.069 E1639.09841
G1 X119.468 Y177.994 E1639.10824
G1 X119.231 Y177.824 E1639.11794
G1 X119.062 Y177.556 E1639.12848
G1 X119.01 Y177.296 E1639.1373
G1 X119.01 Y122.686 E1640.95363
G1 X119.064 Y122.439 E1640.96204
G1 X119.191 Y122.223 E1640.97038
G1 X119.39 Y122.049 E1640.97917
G1 X119.563 Y121.969 E1640.98551
G1 X119.821 Y121.93 E1640.99419
G1 X180.238 Y121.931 E1643.00366
G1 X180.499 Y121.991 E1643.01257
G1 X180.726 Y122.135 E1643.02151
G0 F9000 X180.434 Y122.463
;MESH:NONMESH
G0 F300 X180.434 Y122.463 Z3.2
G0 F9000 X179.721 Y123.193
;TIME_ELAPSED:2796.919651
;LAYER:15
;TYPE:WALL-INNER
;MESH:Battery Holder.STL
G1 F2400 X179.39 Y122.941 E1643.03535
G1 X179.045 Y122.793 E1643.04784
G1 X178.626 Y122.73 E1643.06193
G1 X121.296 Y122.731 E1644.96873
G1 X120.968 Y122.788 E1644.9798
G1 X120.578 Y122.959 E1644.99397
G1 X120.298 Y123.173 E1645.00569
G1 X120.034 Y123.506 E1645.01982
G1 X119.865 Y123.896 E1645.03396
G1 X119.809 Y124.297 E1645.04743
G1 X119.81 Y175.773 E1646.75953
G1 X119.893 Y176.196 E1646.77386
G1 X120.084 Y176.574 E1646.78795
G1 X120.378 Y176.9 E1646.80255
G1 X120.775 Y177.143 E1646.81803
G1 X121.105 Y177.243 E1646.8295
G1 X121.385 Y177.27 E1646.83886
G1 X178.703 Y177.269 E1648.74526
G1 X179.032 Y177.212 E1648.75637
G1 X179.403 Y177.053 E1648.76979
G1 X179.751 Y176.778 E1648.78454
G1 X180.019 Y176.399 E1648.79998
G1 X180.147 Y176.051 E1648.81232
G1 X180.191 Y175.698 E1648.82415
G1 X180.19 Y124.233 E1650.53588
G1 X180.136 Y123.902 E1650.54703
G1 X179.976 Y123.523 E1650.56072
G1 X179.721 Y123.193 E1650.57459
G0 F9000 X179.437 Y123.479
;TYPE:WALL-OUTER
G1 F2400 X179.187 Y123.289 E1650.58503
G1 X178.935 Y123.181 E1650.59415
G1 X178.596 Y123.13 E1650.60555
G1 X121.331 Y123.131 E1652.51019
G1 X121.084 Y123.174 E1652.51853
G1 X120.783 Y123.306 E1652.52946
G1 X120.58 Y123.461 E1652.53796
G1 X120.38 Y123.713 E1652.54866
G1 X120.254 Y124.005 E1652.55924
G1 X120.209 Y124.325 E1652.56999
G1 X120.21 Y175.734 E1654.27986
G1 X120.275 Y176.065 E1654.29108
G1 X120.417 Y176.346 E1654.30155
G1 X120.636 Y176.589 E1654.31243
G1 X120.94 Y176.775 E1654.32428
G1 X121.183 Y176.849 E1654.33273
G1 X121.404 Y176.87 E1654.34011
G1 X178.669 Y176.869 E1656.24475
G1 X178.917 Y176.826 E1656.25313
G1 X179.197 Y176.706 E1656.26326
G1 X179.458 Y176.5 E1656.27432
G1 X179.662 Y176.211 E1656.28608
G1 X179.756 Y175.956 E1656.29512
G1 X179.791 Y175.673 E1656.30461
G1 X179.79 Y124.265 E1658.01444
G1 X179.749 Y124.013 E1658.02294
G1 X179.628 Y123.726 E1658.03329
G1 X179.437 Y123.479 E1658.04368
G0 F9000 X179.746 Y123.167
G1 F1500 E1657.04368
G0 F9000 X178.778 Y124.052
G0 X121.233 Y124.045
G0 X120.219 Y122.73
;TYPE:WALL-INNER
G1 F1500 E1658.07029
G1 F2400 X120.016 Y122.885 E1658.07878
G1 X119.81 Y123.145 E1658.08982
G1 X119.81 Y122.775 E1658.09433
G1 X119.876 Y122.73 E1658.09464
G1 X120.219 Y122.73 E1658.09845
G1 F1500 E1657.09845
G0 F9000 X121.179 Y124.087
G0 X121.192 Y175.926
G0 X120.215 Y177.269
G1 F1500 E1658.12506
G1 F2400 X119.856 Y177.269 E1658.137
G1 X119.81 Y177.219 E1658.13926
G1 X119.81 Y176.867 E1658.15096
G1 X120.12 Y177.211 E1658.15862
G1 X120.215 Y177.269
G1 F1500 E1657.15862
G0 F9000 X121.251 Y175.966
G0 X178.833 Y175.901
G0 X180.191 Y176.848
G1 F1500 E1658.18523
G1 F2400 X180.191 Y177.193 E1658.19671
G1 X180.129 Y177.27 E1658.2
G1 X179.773 Y177.27 E1658.21184
G1 X180.044 Y177.056 E1658.21548
G1 X180.191 Y176.848 E1658.2168
G1 F1500 E1657.2168
G0 F9000 X178.893 Y175.815
G0 X181.855 Y122.771
G0 X180.19 Y122.772
G1 F1500 E1658.24341
G1 F2400 X180.19 Y123.147 E1658.25588
G1 X180.005 Y122.907 E1658.25833
G1 X179.774 Y122.731 E1658.26799
G1 X180.117 Y122.731 E1658.27202
G1 X180.19 Y122.772 E1658.27303
G0 F9000 X180.531 Y122.531
G1 F2400 X180.59 Y122.706 E1658.27917
G1 X180.591 Y177.234 E1660.09278
G1 X180.551 Y177.43 E1660.09943
G1 X180.359 Y177.626 E1660.10856
G1 X180.179 Y177.67 E1660.11472
G1 X119.805 Y177.669 E1662.12277
G1 X119.637 Y177.624 E1662.12855
G1 X119.449 Y177.429 E1662.13756
G1 X119.41 Y177.267 E1662.14311
G1 X119.41 Y124.297 E1663.90489
G1 X119.41 Y122.73 E1663.95701
G1 X119.44 Y122.593 E1663.96168
G1 X119.527 Y122.456 E1663.96708
G1 X119.778 Y122.333 E1663.97637
G1 X119.828 Y122.33 E1663.97804
G1 X180.193 Y122.331 E1665.98579
G1 X180.45 Y122.431 E1665.99496
G1 X180.531 Y122.531 E1665.99924
G0 F9000 X180.887 Y122.334
;TYPE:WALL-OUTER
G1 F2400 X180.983 Y122.616 E1666.00915
G1 X180.99 Y122.684 E1666.01142
G1 X180.991 Y177.275 E1667.82712
G1 X180.928 Y177.582 E1667.83755
G1 X180.789 Y177.802 E1667.8462
G1 X180.541 Y177.989 E1667.85653
G1 X180.276 Y178.065 E1667.8657
G1 X180.181 Y178.07 E1667.86887
G1 X119.754 Y178.069 E1669.87868
G1 X119.462 Y177.991 E1669.88873
G1 X119.239 Y177.83 E1669.89788
G1 X119.078 Y177.596 E1669.90733
G1 X119.01 Y177.316 E1669.91691
G1 X119.01 Y122.686 E1671.73391
G1 X119.064 Y122.439 E1671.74232
G1 X119.229 Y122.179 E1671.75256
G1 X119.455 Y122.013 E1671.76189
G1 X119.705 Y121.937 E1671.77058
G1 X119.821 Y121.93 E1671.77444
G1 X180.238 Y121.931 E1673.78392
G1 X180.487 Y121.986 E1673.7924
G1 X180.718 Y122.127 E1673.8014
G1 X180.887 Y122.334 E1673.81029
G0 F9000 X180.503 Y122.547
;MESH:NONMESH
G0 F300 X180.503 Y122.547 Z3.4
G0 F9000 X179.717 Y123.189
;TIME_ELAPSED:2824.755578
;LAYER:16
;TYPE:WALL-INNER
;MESH:Battery Holder.STL
G1 F2400 X179.39 Y122.941 E1673.82394
G1 X179.045 Y122.793 E1673.83643
G1 X178.626 Y122.73 E1673.85052
G1 X121.298 Y122.731 E1675.75726
G1 X120.969 Y122.788 E1675.76836
G1 X120.583 Y122.955 E1675.78235
G1 X120.249 Y123.222 E1675.79657
G1 X119.989 Y123.585 E1675.81143
G1 X119.835 Y124.019 E1675.82674
G1 X119.809 Y124.309 E1675.83643
G1 X119.81 Y175.775 E1677.54819
G1 X119.892 Y176.195 E1677.56243
G1 X120.084 Y176.576 E1677.57662
G1 X120.375 Y176.896 E1677.591
G1 X120.715 Y177.116 E1677.60447
G1 X121.126 Y177.248 E1677.61883
G1 X121.387 Y177.27 E1677.62754
G1 X178.709 Y177.269 E1679.53408
G1 X179.142 Y177.177 E1679.5488
G1 X179.499 Y176.992 E1679.56217
G1 X179.771 Y176.755 E1679.57417
G1 X180.012 Y176.413 E1679.58809
G1 X180.165 Y175.981 E1679.60333
G1 X180.191 Y175.691 E1679.61302
G1 X180.19 Y124.231 E1681.32458
G1 X180.136 Y123.901 E1681.3357
G1 X179.964 Y123.5 E1681.35022
G1 X179.717 Y123.189 E1681.36343
G0 F9000 X179.435 Y123.477
;TYPE:WALL-OUTER
G1 F2400 X179.187 Y123.289 E1681.37378
G1 X178.935 Y123.181 E1681.3829
G1 X178.596 Y123.13 E1681.3943
G1 X121.332 Y123.131 E1683.29891
G1 X121.084 Y123.174 E1683.30728
G1 X120.791 Y123.301 E1683.3179
G1 X120.542 Y123.5 E1683.3285
G1 X120.347 Y123.772 E1683.33963
G1 X120.229 Y124.105 E1683.35138
G1 X120.209 Y124.327 E1683.3588
G1 X120.21 Y175.736 E1685.06867
G1 X120.274 Y176.064 E1685.07978
G1 X120.417 Y176.347 E1685.09033
G1 X120.636 Y176.588 E1685.10116
G1 X120.888 Y176.751 E1685.11114
G1 X121.205 Y176.853 E1685.12222
G1 X121.404 Y176.87 E1685.12886
G1 X178.667 Y176.869 E1687.03343
G1 X179.006 Y176.797 E1687.04496
G1 X179.272 Y176.659 E1687.05493
G1 X179.472 Y176.485 E1687.06375
G1 X179.653 Y176.228 E1687.0742
G1 X179.771 Y175.895 E1687.08595
G1 X179.791 Y175.673 E1687.09336
G1 X179.79 Y124.264 E1688.80323
G1 X179.749 Y124.014 E1688.81166
G1 X179.617 Y123.707 E1688.82278
G1 X179.435 Y123.477 E1688.83253
G0 F9000 X179.742 Y123.163
G1 F1500 E1687.83253
G0 F9000 X178.807 Y124.073
G0 X121.233 Y124.044
G0 X120.224 Y122.73
;TYPE:WALL-INNER
G1 F1500 E1688.85914
G1 F2400 X119.956 Y122.944 E1688.87055
G1 X119.81 Y123.148 E1688.87889
G1 X119.81 Y122.808 E1688.88317
G1 X119.874 Y122.73 E1688.88421
G1 X120.224 Y122.73 E1688.88789
G1 F1500 E1687.88789
G0 F9000 X121.175 Y124.089
G0 X121.202 Y175.934
G0 X120.214 Y177.269
G1 F1500 E1688.9145
G1 F2400 X119.858 Y177.269 E1688.92634
G1 X119.809 Y177.204 E1688.92905
G1 X119.809 Y176.869 E1688.94019
G1 X120.114 Y177.204 E1688.9477
G1 X120.214 Y177.269
G1 F1500 E1687.9477
G0 F9000 X121.251 Y175.966
G0 X178.836 Y175.898
G0 X180.19 Y176.855
G1 F1500 E1688.97431
G1 F2400 X180.19 Y177.194 E1688.98558
G1 X180.136 Y177.27 E1688.98868
G1 X179.789 Y177.27 E1689.00022
G1 X180.07 Y177.025 E1689.00495
G1 X180.19 Y176.855 E1689.00544
G1 F1500 E1688.00544
G0 F9000 X178.885 Y175.829
G0 X181.856 Y122.777
G0 X180.191 Y122.777
G1 F1500 E1689.03205
G1 F2400 X180.191 Y123.142 E1689.04419
G1 X179.999 Y122.901 E1689.04689
G1 X179.775 Y122.731 E1689.05624
G1 X180.144 Y122.731 E1689.06113
G1 X180.191 Y122.777
G0 F9000 X180.469 Y122.453
G1 F2400 X180.554 Y122.576 E1689.06611
G1 X180.591 Y122.73 E1689.07138
G1 X180.59 Y177.275 E1690.88555
G1 X180.476 Y177.54 E1690.89514
G1 X180.357 Y177.627 E1690.90005
G1 X180.182 Y177.67 E1690.90604
G1 X119.807 Y177.669 E1692.91412
G1 X119.641 Y177.627 E1692.91982
G1 X119.46 Y177.452 E1692.92819
G1 X119.409 Y177.256 E1692.93493
G1 X119.41 Y122.725 E1694.74864
G1 X119.524 Y122.459 E1694.75826
G1 X119.775 Y122.333 E1694.7676
G1 X119.828 Y122.33 E1694.76937
G1 X180.191 Y122.331 E1696.77705
G1 X180.345 Y122.368 E1696.78232
G1 X180.469 Y122.453 E1696.78732
G0 F9000 X180.757 Y122.166
;TYPE:WALL-OUTER
G1 F2400 X180.923 Y122.406 E1696.79702
G1 X180.987 Y122.652 E1696.80548
G1 X180.991 Y122.73 E1696.80807
G1 X180.99 Y177.322 E1698.62381
G1 X180.929 Y177.578 E1698.63256
G1 X180.772 Y177.82 E1698.64216
G1 X180.533 Y177.993 E1698.65197
G1 X180.26 Y178.066 E1698.66137
G1 X180.182 Y178.07 E1698.66397
G1 X119.755 Y178.069 E1700.67378
G1 X119.477 Y177.998 E1700.68332
G1 X119.258 Y177.85 E1700.69211
G1 X119.099 Y177.638 E1700.70093
G1 X119.017 Y177.384 E1700.70981
G1 X119.009 Y177.27 E1700.71361
G1 X119.01 Y122.678 E1702.52934
G1 X119.067 Y122.432 E1702.53774
G1 X119.228 Y122.18 E1702.54769
G1 X119.461 Y122.01 E1702.55728
G1 X119.703 Y121.937 E1702.56569
G1 X119.821 Y121.93 E1702.56962
G1 X180.238 Y121.931 E1704.5791
G1 X180.51 Y121.996 E1704.5884
G1 X180.757 Y122.166 E1704.59837
G0 F9000 X180.447 Y122.477
;MESH:NONMESH
G0 F300 X180.447 Y122.477 Z3.6
G0 F9000 X179.665 Y123.14
;TIME_ELAPSED:2852.588591
;LAYER:17
;TYPE:WALL-INNER
;MESH:Battery Holder.STL
G1 F2400 X179.296 Y122.889 E1704.61322
G1 X178.881 Y122.754 E1704.62773
G1 X178.614 Y122.73 E1704.63665
G1 X121.291 Y122.731 E1706.54322
G1 X120.865 Y122.819 E1706.55769
G1 X120.439 Y123.051 E1706.57382
G1 X120.124 Y123.37 E1706.58873
G1 X119.915 Y123.744 E1706.60298
G1 X119.816 Y124.169 E1706.61749
G1 X119.809 Y124.315 E1706.62236
G1 X119.81 Y175.775 E1708.33392
G1 X119.891 Y176.189 E1708.34795
G1 X120.075 Y176.561 E1708.36176
G1 X120.374 Y176.896 E1708.37669
G1 X120.716 Y177.116 E1708.39022
G1 X121.126 Y177.248 E1708.40454
G1 X121.387 Y177.27 E1708.41325
G1 X178.706 Y177.269 E1710.31969
G1 X179.103 Y177.19 E1710.33315
G1 X179.489 Y176.999 E1710.34748
G1 X179.82 Y176.701 E1710.36229
G1 X180.067 Y176.3 E1710.37796
G1 X180.166 Y175.969 E1710.38945
G1 X180.191 Y175.691 E1710.39873
G1 X180.19 Y124.232 E1712.11026
G1 X180.136 Y123.899 E1712.12149
G1 X179.961 Y123.495 E1712.13613
G1 X179.665 Y123.14 E1712.1515
G0 F9000 X179.394 Y123.439
;TYPE:WALL-OUTER
G1 F2400 X179.118 Y123.252 E1712.16259
G1 X178.8 Y123.148 E1712.17372
G1 X178.596 Y123.13 E1712.18053
G1 X121.332 Y123.131 E1714.08514
G1 X121.004 Y123.199 E1714.09628
G1 X120.682 Y123.374 E1714.10847
G1 X120.447 Y123.612 E1714.11959
G1 X120.292 Y123.89 E1714.13018
G1 X120.214 Y124.225 E1714.14162
G1 X120.209 Y124.325 E1714.14495
G1 X120.21 Y175.736 E1715.85489
G1 X120.273 Y176.06 E1715.86586
G1 X120.409 Y176.335 E1715.87607
G1 X120.636 Y176.589 E1715.8874
G1 X120.888 Y176.751 E1715.89736
G1 X121.205 Y176.853 E1715.90844
G1 X121.404 Y176.87 E1715.91508
G1 X178.667 Y176.869 E1717.81966
G1 X178.973 Y176.808 E1717.83003
G1 X179.262 Y176.665 E1717.84076
G1 X179.51 Y176.442 E1717.85185
G1 X179.699 Y176.135 E1717.86384
G1 X179.771 Y175.893 E1717.87224
G1 X179.791 Y175.673 E1717.87959
G1 X179.79 Y124.264 E1719.58946
G1 X179.749 Y124.012 E1719.59795
G1 X179.617 Y123.707 E1719.609
G1 X179.394 Y123.439 E1719.6206
G0 F9000 X179.689 Y123.113
G1 F1500 E1718.6206
G0 F9000 X178.787 Y124.057
G0 X121.228 Y124.047
G0 X120.194 Y122.73
;TYPE:WALL-INNER
G1 F1500 E1719.64721
G1 F2400 X119.81 Y123.119 E1719.66539
G1 X119.81 Y122.778 E1719.66965
G1 X119.877 Y122.73 E1719.67056
G1 X120.194 Y122.73 E1719.67436
G1 F1500 E1718.67436
G0 F9000 X121.181 Y124.084
G0 X121.192 Y175.926
G0 X120.215 Y177.269
G1 F1500 E1719.70096
G1 F2400 X119.857 Y177.269 E1719.71287
G1 X119.809 Y177.202 E1719.71561
G1 X119.809 Y176.864 E1719.72686
G1 X120.112 Y177.203 E1719.73432
G1 X120.215 Y177.269
G1 F1500 E1718.73432
G0 F9000 X121.245 Y175.962
G0 X178.849 Y175.885
G0 X180.19 Y176.863
G1 F1500 E1719.76093
G1 F2400 X180.189 Y177.229 E1719.7731
G1 X180.124 Y177.27 E1719.77566
G1 X179.786 Y177.27 E1719.7869
G1 X180.13 Y176.96 E1719.79469
G1 X180.19 Y176.863
G1 F1500 E1718.79469
G0 F9000 X178.885 Y175.83
G0 X178.839 Y124.105
G0 X180.135 Y122.731
G1 F1500 E1719.82129
G1 F2400 X180.191 Y122.811 E1719.82454
G1 X180.191 Y123.146 E1719.83568
G1 X179.936 Y122.841 E1719.84112
G1 X179.775 Y122.731 E1719.84761
G1 X180.135 Y122.731 E1719.85325
G0 F9000 X180.363 Y122.376
G1 F2400 X180.55 Y122.571 E1719.86224
G1 X180.591 Y122.767 E1719.8689
G1 X180.59 Y177.274 E1721.68181
G1 X180.556 Y177.42 E1721.6868
G1 X180.379 Y177.615 E1721.69555
G1 X180.18 Y177.67 E1721.70242
G1 X119.807 Y177.669 E1723.71044
G1 X119.644 Y177.627 E1723.71603
G1 X119.527 Y177.543 E1723.72082
G1 X119.44 Y177.404 E1723.72628
G1 X119.409 Y177.239 E1723.73186
G1 X119.41 Y122.723 E1725.54507
G1 X119.439 Y122.595 E1725.54944
G1 X119.628 Y122.38 E1725.55896
G1 X119.828 Y122.33 E1725.56581
G1 X180.187 Y122.331 E1727.57336
G1 X180.363 Y122.376 E1727.57941
G0 F9000 X180.536 Y122.008
;TYPE:WALL-OUTER
G1 F2400 X180.771 Y122.179 E1727.58907
G1 X180.927 Y122.416 E1727.59851
G1 X180.991 Y122.726 E1727.60904
G1 X180.99 Y177.321 E1729.42487
G1 X180.929 Y177.579 E1729.43369
G1 X180.777 Y177.815 E1729.44303
G1 X180.559 Y177.98 E1729.45212
G1 X180.258 Y178.066 E1729.46253
G1 X180.182 Y178.07 E1729.46506
G1 X119.755 Y178.069 E1731.47488
G1 X119.473 Y177.997 E1731.48456
G1 X119.228 Y177.82 E1731.49461
G1 X119.061 Y177.554 E1731.50505
G1 X119.009 Y177.274 E1731.51453
G1 X119.01 Y122.679 E1733.33036
G1 X119.065 Y122.435 E1733.33868
G1 X119.237 Y122.172 E1733.34913
G1 X119.444 Y122.018 E1733.35772
G1 X119.705 Y121.937 E1733.36681
G1 X119.821 Y121.93 E1733.37067
G1 X180.237 Y121.931 E1735.38011
G1 X180.536 Y122.008 E1735.39038
G0 F9000 X180.349 Y122.406
;MESH:NONMESH
G0 F300 X180.349 Y122.406 Z3.8
G0 F9000 X179.776 Y123.252
;TIME_ELAPSED:2880.394978
;LAYER:18
;TYPE:WALL-INNER
;MESH:Battery Holder.STL
G1 F2400 X179.494 Y123.004 E1735.40287
G1 X179.091 Y122.807 E1735.41779
G1 X178.762 Y122.738 E1735.42897
G1 X178.607 Y122.73 E1735.43414
G1 X121.291 Y122.731 E1737.34047
G1 X120.87 Y122.817 E1737.35477
G1 X120.493 Y123.013 E1737.3689
G1 X120.141 Y123.346 E1737.38502
G1 X119.899 Y123.786 E1737.40172
G1 X119.812 Y124.204 E1737.41592
G1 X119.809 Y124.322 E1737.41984
G1 X119.81 Y175.775 E1739.13118
G1 X119.894 Y176.201 E1739.14562
G1 X120.122 Y176.629 E1739.16175
G1 X120.366 Y176.887 E1739.17356
G1 X120.714 Y177.115 E1739.1874
G1 X121.127 Y177.248 E1739.20183
G1 X121.387 Y177.27 E1739.21051
G1 X178.706 Y177.269 E1741.11694
G1 X179.102 Y177.19 E1741.13037
G1 X179.471 Y177.01 E1741.14403
G1 X179.772 Y176.754 E1741.15717
G1 X180.022 Y176.393 E1741.17178
G1 X180.164 Y175.985 E1741.18615
G1 X180.191 Y175.691 E1741.19597
G1 X180.19 Y124.232 E1742.9075
G1 X180.136 Y123.902 E1742.91862
G1 X179.985 Y123.537 E1742.93176
G1 X179.776 Y123.252 E1742.94351
G0 F9000 X179.479 Y123.524
;TYPE:WALL-OUTER
G1 F2400 X179.27 Y123.34 E1742.95277
G1 X178.96 Y123.188 E1742.96426
G1 X178.71 Y123.136 E1742.97275
G1 X178.596 Y123.13 E1742.97655
G1 X121.332 Y123.131 E1744.88116
G1 X121.005 Y123.198 E1744.89226
G1 X120.727 Y123.342 E1744.90267
G1 X120.461 Y123.594 E1744.91486
G1 X120.278 Y123.926 E1744.92747
G1 X120.211 Y124.25 E1744.93847
G1 X120.209 Y124.327 E1744.94103
G1 X120.21 Y175.736 E1746.6509
G1 X120.275 Y176.065 E1746.66206
G1 X120.45 Y176.393 E1746.67442
G1 X120.625 Y176.578 E1746.68289
G1 X120.888 Y176.751 E1746.69336
G1 X121.206 Y176.853 E1746.70447
G1 X121.404 Y176.87 E1746.71108
G1 X178.667 Y176.869 E1748.61566
G1 X178.973 Y176.808 E1748.62603
G1 X179.25 Y176.673 E1748.63628
G1 X179.473 Y176.483 E1748.64603
G1 X179.662 Y176.21 E1748.65707
G1 X179.77 Y175.9 E1748.66799
G1 X179.791 Y175.673 E1748.67557
G1 X179.79 Y124.264 E1750.38544
G1 X179.749 Y124.012 E1750.39393
G1 X179.634 Y123.735 E1750.40391
G1 X179.479 Y123.524 E1750.41262
G0 F9000 X179.803 Y123.227
G1 F1500 E1749.41262
G0 F9000 X178.806 Y124.072
G0 X121.248 Y124.036
G0 X120.21 Y122.73
;TYPE:WALL-INNER
G1 F1500 E1750.43922
G1 F2400 X119.821 Y123.098 E1750.45703
G1 X119.81 Y123.118 E1750.45779
G1 X119.81 Y122.768 E1750.46326
G1 X119.902 Y122.73 E1750.46446
G1 X120.21 Y122.73 E1750.46777
G1 F1500 E1749.46777
G0 F9000 X121.199 Y124.069
G0 X121.187 Y175.92
G0 X120.219 Y177.269
G1 F1500 E1750.49438
G1 F2400 X119.854 Y177.269 E1750.50652
G1 X119.81 Y177.221 E1750.50869
G1 X119.81 Y176.882 E1750.51996
G1 X120.108 Y177.196 E1750.52687
G1 X120.219 Y177.269
G1 F1500 E1749.52687
G0 F9000 X121.237 Y175.957
G0 X178.835 Y175.899
G0 X180.191 Y176.852
G1 F1500 E1750.55348
G1 F2400 X180.191 Y177.199 E1750.56502
G1 X180.165 Y177.256 E1750.56711
G1 X180.111 Y177.27 E1750.56896
G1 X179.783 Y177.27 E1750.57987
G1 X180.071 Y177.025 E1750.58486
G1 X180.191 Y176.852 E1750.58532
G1 F1500 E1749.58532
G0 F9000 X178.875 Y175.849
G0 X178.846 Y124.113
G0 X180.148 Y122.732
G1 F1500 E1750.61193
G1 F2400 X180.19 Y122.773 E1750.61388
G1 X180.19 Y123.14 E1750.62609
G1 X180.073 Y122.98 E1750.62637
G1 X179.79 Y122.731 E1750.63707
G1 X180.148 Y122.732 E1750.64125
G0 F9000 X180.349 Y122.37
G1 F2400 X180.55 Y122.566 E1750.65058
G1 X180.59 Y122.712 E1750.65562
G1 X180.591 Y177.237 E1752.46913
G1 X180.56 Y177.41 E1752.47497
G1 X180.386 Y177.612 E1752.48384
G1 X180.161 Y177.67 E1752.49157
G1 X119.807 Y177.669 E1754.49895
G1 X119.653 Y177.631 E1754.50423
G1 X119.528 Y177.545 E1754.50927
G1 X119.45 Y177.43 E1754.51389
G1 X119.41 Y177.267 E1754.51948
G1 X119.41 Y124.322 E1756.28043
G1 X119.41 Y122.724 E1756.33358
G1 X119.44 Y122.591 E1756.33812
G1 X119.525 Y122.459 E1756.34334
G1 X119.651 Y122.371 E1756.34845
G1 X119.862 Y122.33 E1756.3556
G1 X180.191 Y122.331 E1758.36215
G1 X180.349 Y122.37 E1758.36756
G0 F9000 X180.518 Y122
;TYPE:WALL-OUTER
G1 F2400 X180.769 Y122.178 E1758.3778
G1 X180.919 Y122.398 E1758.38666
G1 X180.986 Y122.642 E1758.39507
G1 X180.99 Y122.697 E1758.39691
G1 X180.991 Y177.275 E1760.21218
G1 X180.942 Y177.548 E1760.2214
G1 X180.809 Y177.778 E1760.23024
G1 X180.591 Y177.963 E1760.23975
G1 X180.329 Y178.058 E1760.24902
G1 X180.182 Y178.07 E1760.25392
G1 X119.76 Y178.069 E1762.26357
G1 X119.484 Y178.001 E1762.27302
G1 X119.24 Y177.832 E1762.28289
G1 X119.078 Y177.595 E1762.29244
G1 X119.01 Y177.317 E1762.30196
G1 X119.01 Y122.68 E1764.11919
G1 X119.066 Y122.433 E1764.12762
G1 X119.231 Y122.177 E1764.13775
G1 X119.494 Y121.994 E1764.14841
G1 X119.821 Y121.93 E1764.15949
G1 X180.237 Y121.931 E1766.16893
G1 X180.518 Y122 E1766.17856
G0 F9000 X180.336 Y122.4
G1 F1500 E1765.17856
;MESH:NONMESH
G0 F300 X180.336 Y122.4 Z4
G0 F9000 X180.271 Y121.067
G0 X121.248 Y124.036
G0 X120.226 Y122.73
;TIME_ELAPSED:2909.024067
;LAYER:19
;TYPE:WALL-INNER
;MESH:Battery Holder.STL
G1 F1500 E1766.20516
G1 F2400 X119.895 Y123.012 E1766.21963
G1 X119.809 Y123.143 E1766.22484
G1 X119.809 Y122.812 E1766.23017
G1 X119.872 Y122.73 E1766.23106
G1 X120.226 Y122.73 E1766.23488
G1 F1500 E1765.23488
G0 F9000 X121.232 Y124.046
G0 X178.938 Y143.033
G0 X181.844 Y143.033
G0 X181.83 Y122.43
G0 X181.606 Y121.853
G0 X181.125 Y121.35
G0 X180.665 Y121.153
G0 X180.18 Y121.065
G0 X180.18 Y122.742
G1 F1500 E1766.26149
G1 F2400 X180.191 Y122.803 E1766.26355
G1 X180.191 Y123.144 E1766.27489
G1 X180.001 Y122.903 E1766.27763
G1 X179.775 Y122.731 E1766.28707
G1 X180.143 Y122.731 E1766.29191
G1 X180.18 Y122.742 E1766.29319
G0 F9000 X180.475 Y122.461
G1 F2400 X180.558 Y122.591 E1766.29832
G1 X180.591 Y122.766 E1766.30425
G1 X180.591 Y141.78 E1766.93665
G1 X180.191 Y141.78 E1766.94996
G1 X180.19 Y124.231 E1767.53364
G1 X180.136 Y123.898 E1767.54486
G1 X179.962 Y123.5 E1767.55931
G1 X179.718 Y123.19 E1767.57243
G1 X179.386 Y122.937 E1767.58631
G1 X178.999 Y122.779 E1767.60022
G1 X178.622 Y122.73 E1767.61286
G1 X121.295 Y122.731 E1769.51956
G1 X120.875 Y122.816 E1769.53382
G1 X120.558 Y122.972 E1769.54557
G1 X120.198 Y123.279 E1769.5613
G1 X119.959 Y123.643 E1769.57579
G1 X119.832 Y124.043 E1769.58975
G1 X119.809 Y124.309 E1769.59863
G1 X119.809 Y141.78 E1770.17971
G1 X119.409 Y141.78 E1770.19302
G1 X119.409 Y122.735 E1770.82646
G1 X119.513 Y122.469 E1770.83596
G1 X119.76 Y122.336 E1770.84529
G1 X119.836 Y122.33 E1770.84782
G1 X180.19 Y122.331 E1772.8552
G1 X180.344 Y122.368 E1772.86047
G1 X180.475 Y122.461 E1772.86582
G0 F9000 X180.769 Y122.178
;TYPE:WALL-OUTER
G1 F2400 X180.937 Y122.441 E1772.8762
G1 X180.991 Y122.73 E1772.88597
G1 X180.991 Y142.18 E1773.53288
G1 X179.791 Y142.18 E1773.5728
G1 X179.79 Y124.263 E1774.16872
G1 X179.749 Y124.012 E1774.17718
G1 X179.616 Y123.707 E1774.18824
G1 X179.435 Y123.477 E1774.19798
G1 X179.186 Y123.287 E1774.2084
G1 X178.896 Y123.169 E1774.21881
G1 X178.596 Y123.13 E1774.22887
G1 X121.335 Y123.131 E1776.13338
G1 X121.005 Y123.198 E1776.14458
G1 X120.779 Y123.309 E1776.15295
G1 X120.501 Y123.546 E1776.1651
G1 X120.324 Y123.816 E1776.17584
G1 X120.227 Y124.122 E1776.18652
G1 X120.209 Y124.327 E1776.19336
G1 X120.209 Y142.18 E1776.78716
G1 X119.009 Y142.18 E1776.82707
G1 X119.009 Y122.693 E1777.47521
G1 X119.063 Y122.441 E1777.48378
G1 X119.204 Y122.207 E1777.49287
G1 X119.399 Y122.043 E1777.50134
G1 X119.675 Y121.941 E1777.51113
G1 X119.818 Y121.93 E1777.5159
G1 X180.237 Y121.931 E1779.52544
G1 X180.513 Y121.997 E1779.53488
G1 X180.769 Y122.178 E1779.54531
G0 F9000 X180.451 Y122.481
G1 F1500 E1778.54531
G0 F9000 X181.34 Y121.527
G0 X181.682 Y121.99
G0 X181.849 Y122.586
G0 X181.844 Y143.033
G0 X121.205 Y175.936
G0 X120.195 Y177.269
;TYPE:WALL-INNER
G1 F1500 E1779.57192
G1 F2400 X119.852 Y177.269 E1779.58333
G1 X119.809 Y177.219 E1779.58552
G1 X119.809 Y176.877 E1779.59689
G1 X120.195 Y177.269 E1779.60812
G1 F1500 E1778.60812
G0 F9000 X121.24 Y175.959
G0 X178.832 Y175.903
G0 X180.191 Y176.876
G1 F1500 E1779.63473
G1 F2400 X180.191 Y177.219 E1779.64614
G1 X180.128 Y177.27 E1779.64884
G1 X179.792 Y177.27 E1779.66001
G1 X180.173 Y176.907 E1779.67026
G1 X180.191 Y176.876
G1 F1500 E1778.67026
G0 F9000 X178.889 Y175.824
G0 X178.938 Y156.967
G0 X181.844 Y156.967
G0 X181.856 Y158.22
G0 X180.591 Y158.22
G1 F1500 E1779.69687
G1 F2400 X180.591 Y177.261 E1780.33018
G1 X180.555 Y177.422 E1780.33567
G1 X180.369 Y177.619 E1780.34468
G1 X180.18 Y177.67 E1780.35119
G1 X119.803 Y177.669 E1782.35934
G1 X119.652 Y177.632 E1782.36451
G1 X119.453 Y177.438 E1782.37375
G1 X119.409 Y177.27 E1782.37953
G1 X119.409 Y158.22 E1783.01313
G1 X119.809 Y158.22 E1783.02644
G1 X119.81 Y175.776 E1783.61035
G1 X119.891 Y176.193 E1783.62448
G1 X120.105 Y176.607 E1783.63998
G1 X120.445 Y176.953 E1783.65611
G1 X120.796 Y177.153 E1783.66955
G1 X121.231 Y177.261 E1783.68446
G1 X121.393 Y177.27 E1783.68985
G1 X178.705 Y177.269 E1785.59606
G1 X179.106 Y177.19 E1785.60965
G1 X179.507 Y176.989 E1785.62457
G1 X179.856 Y176.656 E1785.64062
G1 X180.068 Y176.295 E1785.65454
G1 X180.166 Y175.97 E1785.66583
G1 X180.191 Y175.691 E1785.67515
G1 X180.191 Y158.22 E1786.25624
G1 X180.591 Y158.22 E1786.26954
G0 F9000 X180.991 Y157.82
;TYPE:WALL-OUTER
G1 F2400 X180.991 Y177.306 E1786.91765
G1 X180.929 Y177.58 E1786.92699
G1 X180.78 Y177.811 E1786.93613
G1 X180.55 Y177.984 E1786.94571
G1 X180.258 Y178.066 E1786.95579
G1 X180.182 Y178.07 E1786.95832
G1 X119.756 Y178.069 E1788.9681
G1 X119.485 Y178.002 E1788.97739
G1 X119.258 Y177.849 E1788.98649
G1 X119.088 Y177.616 E1788.99608
G1 X119.013 Y177.346 E1789.0054
G1 X119.009 Y177.27 E1789.00794
G1 X119.009 Y157.82 E1789.65484
G1 X120.209 Y157.82 E1789.69476
G1 X120.21 Y175.737 E1790.29068
G1 X120.273 Y176.06 E1790.30162
G1 X120.433 Y176.37 E1790.31323
G1 X120.691 Y176.633 E1790.32548
G1 X120.946 Y176.778 E1790.33524
G1 X121.291 Y176.864 E1790.34706
G1 X121.404 Y176.87 E1790.35083
G1 X178.666 Y176.869 E1792.25537
G1 X178.975 Y176.808 E1792.26584
G1 X179.274 Y176.658 E1792.27697
G1 X179.54 Y176.405 E1792.28918
G1 X179.699 Y176.134 E1792.29963
G1 X179.771 Y175.894 E1792.30797
G1 X179.791 Y175.673 E1792.31535
G1 X179.791 Y157.82 E1792.90914
G1 X180.991 Y157.82 E1792.94905
G1 F1500 E1791.94905
;MESH:NONMESH
G0 F300 X180.991 Y157.82 Z4.2
G0 F9000 X180.991 Y156.955
G0 X121.232 Y124.046
G0 X120.221 Y122.73
;TIME_ELAPSED:2936.243011
;LAYER:20
;TYPE:WALL-INNER
;MESH:Battery Holder.STL
G1 F1500 E1792.97566
G1 F2400 X119.951 Y122.949 E1792.98722
G1 X119.809 Y123.15 E1792.99541
G1 X119.809 Y122.777 E1793.00073
G1 X119.865 Y122.73 E1793.00124
G1 X120.221 Y122.73 E1793.00508
G1 F1500 E1792.00508
G0 F9000 X121.227 Y124.048
G0 X178.81 Y124.076
G0 X180.19 Y122.774
G1 F1500 E1793.03169
G1 F2400 X180.19 Y123.143 E1793.04397
G1 X180.037 Y122.937 E1793.04535
G1 X179.774 Y122.731 E1793.05646
G1 X180.114 Y122.731 E1793.06009
G1 X180.19 Y122.774 E1793.06151
G0 F9000 X180.454 Y122.438
G1 F2400 X180.551 Y122.573 E1793.06704
G1 X180.59 Y122.723 E1793.07219
G1 X180.591 Y141.78 E1793.70603
G1 X180.191 Y141.78 E1793.71933
G1 X180.19 Y124.227 E1794.30315
G1 X180.128 Y123.872 E1794.31513
G1 X179.985 Y123.537 E1794.32725
G1 X179.748 Y123.219 E1794.34044
G1 X179.392 Y122.94 E1794.35548
G1 X179.065 Y122.799 E1794.36733
G1 X178.627 Y122.73 E1794.38208
G1 X121.3 Y122.731 E1796.28878
G1 X120.969 Y122.787 E1796.29994
G1 X120.567 Y122.964 E1796.31455
G1 X120.246 Y123.225 E1796.32831
G1 X119.977 Y123.605 E1796.3438
G1 X119.843 Y123.989 E1796.35733
G1 X119.809 Y124.305 E1796.3679
G1 X119.809 Y141.78 E1796.94912
G1 X119.409 Y141.78 E1796.96242
G1 X119.409 Y122.734 E1797.59589
G1 X119.44 Y122.591 E1797.60076
G1 X119.523 Y122.461 E1797.60589
G1 X119.644 Y122.373 E1797.61087
G1 X119.818 Y122.33 E1797.61683
G1 X180.192 Y122.331 E1799.62488
G1 X180.454 Y122.438 E1799.63429
G0 F9000 X180.732 Y122.14
;TYPE:WALL-OUTER
G1 F2400 X180.919 Y122.398 E1799.64489
G1 X180.99 Y122.675 E1799.6544
G1 X180.991 Y142.18 E1800.30314
G1 X179.791 Y142.18 E1800.34305
G1 X179.79 Y124.262 E1800.939
G1 X179.742 Y123.986 E1800.94832
G1 X179.636 Y123.738 E1800.95729
G1 X179.459 Y123.501 E1800.96713
G1 X179.186 Y123.287 E1800.97867
G1 X178.953 Y123.186 E1800.98711
G1 X178.596 Y123.13 E1800.99913
G1 X121.334 Y123.131 E1802.90368
G1 X121.085 Y123.173 E1802.91207
G1 X120.778 Y123.308 E1802.92323
G1 X120.541 Y123.501 E1802.93339
G1 X120.336 Y123.79 E1802.94518
G1 X120.236 Y124.077 E1802.95529
G1 X120.209 Y124.327 E1802.96365
G1 X120.209 Y142.18 E1803.55744
G1 X119.009 Y142.18 E1803.59736
G1 X119.009 Y122.69 E1804.2456
G1 X119.064 Y122.437 E1804.25421
G1 X119.227 Y122.181 E1804.2643
G1 X119.467 Y122.007 E1804.27416
G1 X119.74 Y121.934 E1804.28356
G1 X119.818 Y121.93 E1804.28616
G1 X180.236 Y121.931 E1806.29567
G1 X180.485 Y121.985 E1806.30414
G1 X180.732 Y122.14 E1806.31384
G0 F9000 X180.432 Y122.461
G1 F1500 E1805.31384
G0 F9000 X180.697 Y121.144
G0 X181.318 Y121.504
G0 X181.712 Y122.051
G0 X181.855 Y122.714
G0 X181.844 Y143.033
G0 X121.202 Y175.934
G0 X120.226 Y177.269
;TYPE:WALL-INNER
G1 F1500 E1806.34045
G1 F2400 X119.886 Y177.269 E1806.35176
G1 X119.809 Y177.216 E1806.35487
G1 X119.809 Y176.854 E1806.36691
G1 X119.978 Y177.077 E1806.36822
G1 X120.226 Y177.269 E1806.37106
G1 F1500 E1805.37106
G0 F9000 X121.248 Y175.964
G0 X178.848 Y175.885
G0 X180.191 Y176.854
G1 F1500 E1806.39767
G1 F2400 X180.191 Y177.221 E1806.40988
G1 X180.118 Y177.27 E1806.4128
G1 X179.777 Y177.27 E1806.42415
G1 X179.988 Y177.11 E1806.42585
G1 X180.191 Y176.854 E1806.42891
G1 F1500 E1805.42891
G0 F9000 X178.886 Y175.829
G0 X178.938 Y156.967
G0 X181.844 Y156.967
G0 X181.856 Y158.22
G0 X180.591 Y158.22
G1 F1500 E1806.45551
G1 F2400 X180.591 Y177.265 E1807.08895
G1 X180.556 Y177.42 E1807.09424
G1 X180.48 Y177.536 E1807.09885
G1 X180.353 Y177.628 E1807.10407
G1 X180.163 Y177.67 E1807.11054
G1 X119.803 Y177.669 E1809.11812
G1 X119.54 Y177.558 E1809.12761
G1 X119.46 Y177.452 E1809.13203
G1 X119.409 Y177.27 E1809.13832
G1 X119.409 Y158.22 E1809.77192
G1 X119.809 Y158.22 E1809.78523
G1 X119.81 Y175.771 E1810.36898
G1 X119.872 Y176.129 E1810.38106
G1 X120.017 Y176.466 E1810.39326
G1 X120.265 Y176.793 E1810.40691
G1 X120.602 Y177.055 E1810.42111
G1 X120.934 Y177.201 E1810.43317
G1 X121.373 Y177.27 E1810.44795
G1 X178.701 Y177.269 E1812.35469
G1 X179.029 Y177.213 E1812.36576
G1 X179.4 Y177.054 E1812.37918
G1 X179.706 Y176.822 E1812.39196
G1 X179.967 Y176.493 E1812.40592
G1 X180.117 Y176.16 E1812.41807
G1 X180.182 Y175.84 E1812.42893
G1 X180.19 Y175.735 E1812.43243
G1 X180.191 Y158.22 E1813.01498
G1 X180.591 Y158.22 E1813.02829
G0 F9000 X180.991 Y157.82
;TYPE:WALL-OUTER
G1 F2400 X180.991 Y177.309 E1813.6765
G1 X180.93 Y177.578 E1813.68567
G1 X180.773 Y177.819 E1813.69524
G1 X180.527 Y177.996 E1813.70532
G1 X180.264 Y178.066 E1813.71437
G1 X180.182 Y178.07 E1813.7171
G1 X119.756 Y178.069 E1815.72688
G1 X119.498 Y178.007 E1815.7357
G1 X119.263 Y177.855 E1815.74501
G1 X119.099 Y177.639 E1815.75403
G1 X119.014 Y177.365 E1815.76357
G1 X119.009 Y177.27 E1815.76674
G1 X119.009 Y157.82 E1816.41365
G1 X120.209 Y157.82 E1816.45356
G1 X120.21 Y175.737 E1817.04948
G1 X120.258 Y176.014 E1817.05883
G1 X120.365 Y176.263 E1817.06784
G1 X120.552 Y176.51 E1817.07815
G1 X120.808 Y176.709 E1817.08893
G1 X121.047 Y176.814 E1817.09761
G1 X121.404 Y176.87 E1817.10963
G1 X178.667 Y176.869 E1819.01421
G1 X178.915 Y176.827 E1819.02257
G1 X179.197 Y176.706 E1819.03278
G1 X179.424 Y176.534 E1819.04225
G1 X179.623 Y176.283 E1819.05291
G1 X179.734 Y176.037 E1819.06188
G1 X179.785 Y175.785 E1819.07044
G1 X179.79 Y175.72 E1819.0726
G1 X179.791 Y157.82 E1819.66796
G1 X180.991 Y157.82 E1819.70787
G1 F1500 E1818.70787
;MESH:NONMESH
G0 F300 X180.991 Y157.82 Z4.4
G0 F9000 X180.991 Y156.955
G0 X121.227 Y124.048
G0 X120.226 Y122.73
;TIME_ELAPSED:2962.936512
;LAYER:21
;TYPE:WALL-INNER
;MESH:Battery Holder.STL
G1 F1500 E1819.73448
G1 F2400 X119.94 Y122.961 E1819.74671
G1 X119.809 Y123.149 E1819.75433
G1 X119.809 Y122.787 E1819.75953
G1 X119.88 Y122.73 E1819.76031
G1 X120.226 Y122.73 E1819.76388
G1 F1500 E1818.76388
G0 F9000 X121.23 Y124.046
G0 X178.938 Y143.033
G0 X181.844 Y143.033
G0 X181.83 Y122.433
G0 X181.584 Y121.817
G0 X181.147 Y121.367
G0 X180.67 Y121.157
G0 X180.142 Y121.065
G0 X180.142 Y122.731
G1 F1500 E1819.79049
G1 F2400 X180.191 Y122.804 E1819.79341
G1 X180.191 Y123.135 E1819.80442
G1 X179.938 Y122.847 E1819.80962
G1 X179.781 Y122.731 E1819.81611
G1 X180.142 Y122.731 E1819.82189
G0 F9000 X180.467 Y122.452
G1 F2400 X180.554 Y122.582 E1819.82709
G1 X180.591 Y122.77 E1819.83347
G1 X180.591 Y141.78 E1820.46574
G1 X180.191 Y141.78 E1820.47904
G1 X180.19 Y124.219 E1821.06313
G1 X180.101 Y123.789 E1821.07773
G1 X179.926 Y123.44 E1821.09072
G1 X179.666 Y123.143 E1821.10384
G1 X179.391 Y122.941 E1821.11519
G1 X179.042 Y122.792 E1821.12782
G1 X178.625 Y122.73 E1821.14184
G1 X121.302 Y122.731 E1823.04841
G1 X120.97 Y122.787 E1823.05961
G1 X120.584 Y122.955 E1823.07361
G1 X120.236 Y123.236 E1823.08848
G1 X119.976 Y123.609 E1823.10361
G1 X119.836 Y124.016 E1823.11792
G1 X119.809 Y124.307 E1823.12764
G1 X119.809 Y141.78 E1823.7088
G1 X119.409 Y141.78 E1823.7221
G1 X119.409 Y122.74 E1824.35537
G1 X119.451 Y122.564 E1824.36139
G1 X119.654 Y122.368 E1824.37078
G1 X119.836 Y122.33 E1824.37696
G1 X180.189 Y122.331 E1826.38431
G1 X180.344 Y122.368 E1826.38961
G1 X180.467 Y122.452 E1826.39456
G0 F9000 X180.756 Y122.165
;TYPE:WALL-OUTER
G1 F2400 X180.932 Y122.427 E1826.40506
G1 X180.991 Y122.73 E1826.41533
G1 X180.991 Y142.18 E1827.06224
G1 X179.791 Y142.18 E1827.10215
G1 X179.79 Y124.26 E1827.69817
G1 X179.72 Y123.922 E1827.70965
G1 X179.591 Y123.665 E1827.71922
G1 X179.394 Y123.439 E1827.72919
G1 X179.192 Y123.291 E1827.73752
G1 X178.932 Y123.18 E1827.74692
G1 X178.595 Y123.13 E1827.75825
G1 X121.335 Y123.131 E1829.66273
G1 X121.085 Y123.173 E1829.67116
G1 X120.793 Y123.3 E1829.68175
G1 X120.532 Y123.511 E1829.69291
G1 X120.336 Y123.792 E1829.70431
G1 X120.23 Y124.101 E1829.71517
G1 X120.209 Y124.326 E1829.72269
G1 X120.209 Y142.18 E1830.31652
G1 X119.009 Y142.18 E1830.35643
G1 X119.009 Y122.692 E1831.0046
G1 X119.079 Y122.401 E1831.01456
G1 X119.227 Y122.181 E1831.02337
G1 X119.48 Y122.001 E1831.0337
G1 X119.731 Y121.934 E1831.04234
G1 X119.818 Y121.93 E1831.04524
G1 X180.236 Y121.931 E1833.05475
G1 X180.509 Y121.996 E1833.06408
G1 X180.756 Y122.165 E1833.07404
G0 F9000 X180.444 Y122.474
G1 F1500 E1832.07404
G0 F9000 X181.24 Y121.439
G0 X181.651 Y121.928
G0 X181.849 Y122.586
G0 X181.844 Y143.033
G0 X121.208 Y175.938
G0 X120.22 Y177.269
;TYPE:WALL-INNER
G1 F1500 E1833.10065
G1 F2400 X119.853 Y177.269 E1833.11285
G1 X119.809 Y177.221 E1833.11502
G1 X119.809 Y176.859 E1833.12706
G1 X120.027 Y177.125 E1833.13045
G1 X120.22 Y177.269 E1833.13153
G1 F1500 E1832.13153
G0 F9000 X121.239 Y175.958
G0 X178.855 Y175.877
G0 X180.191 Y176.855
G1 F1500 E1833.15814
G1 F2400 X180.191 Y177.186 E1833.16915
G1 X180.122 Y177.27 E1833.17277
G1 X179.772 Y177.27 E1833.18441
G1 X179.985 Y177.117 E1833.18592
G1 X180.191 Y176.855 E1833.18941
G1 F1500 E1832.18941
G0 F9000 X178.882 Y175.835
G0 X178.938 Y156.967
G0 X181.844 Y156.967
G0 X181.856 Y158.22
G0 X180.591 Y158.22
G1 F1500 E1833.21601
G1 F2400 X180.591 Y177.262 E1833.84935
G1 X180.483 Y177.535 E1833.85912
G1 X180.363 Y177.625 E1833.86411
G1 X180.17 Y177.67 E1833.8707
G1 X119.805 Y177.669 E1835.87845
G1 X119.652 Y177.631 E1835.88369
G1 X119.528 Y177.544 E1835.88873
G1 X119.447 Y177.422 E1835.8936
G1 X119.409 Y177.27 E1835.89881
G1 X119.409 Y158.22 E1836.53242
G1 X119.809 Y158.22 E1836.54572
G1 X119.81 Y175.774 E1837.12957
G1 X119.873 Y176.133 E1837.14169
G1 X120.053 Y176.526 E1837.15607
G1 X120.306 Y176.834 E1837.16933
G1 X120.594 Y177.05 E1837.1813
G1 X120.97 Y177.213 E1837.19493
G1 X121.377 Y177.27 E1837.2086
G1 X178.699 Y177.269 E1839.11514
G1 X179.023 Y177.214 E1839.12607
G1 X179.344 Y177.085 E1839.13757
G1 X179.705 Y176.825 E1839.15237
G1 X179.967 Y176.492 E1839.16646
G1 X180.117 Y176.163 E1839.17849
G1 X180.188 Y175.799 E1839.19082
G1 X180.191 Y175.678 E1839.19485
G1 X180.191 Y158.22 E1839.7755
G1 X180.591 Y158.22 E1839.78881
G0 F9000 X180.991 Y157.82
;TYPE:WALL-OUTER
G1 F2400 X180.991 Y177.308 E1840.43698
G1 X180.924 Y177.591 E1840.44665
G1 X180.777 Y177.815 E1840.45557
G1 X180.548 Y177.986 E1840.46507
G1 X180.301 Y178.062 E1840.47367
G1 X180.182 Y178.07 E1840.47763
G1 X119.756 Y178.069 E1842.48741
G1 X119.483 Y178.001 E1842.49677
G1 X119.237 Y177.828 E1842.50677
G1 X119.074 Y177.585 E1842.5165
G1 X119.011 Y177.326 E1842.52537
G1 X119.009 Y177.27 E1842.52723
G1 X119.009 Y157.82 E1843.17414
G1 X120.209 Y157.82 E1843.21405
G1 X120.21 Y175.739 E1843.81004
G1 X120.258 Y176.013 E1843.81929
G1 X120.395 Y176.312 E1843.83023
G1 X120.585 Y176.543 E1843.84018
G1 X120.796 Y176.702 E1843.84897
G1 X121.079 Y176.824 E1843.85922
G1 X121.405 Y176.87 E1843.87017
G1 X178.665 Y176.869 E1845.77464
G1 X178.914 Y176.827 E1845.78304
G1 X179.15 Y176.732 E1845.79151
G1 X179.426 Y176.533 E1845.80282
G1 X179.623 Y176.283 E1845.81341
G1 X179.733 Y176.04 E1845.82228
G1 X179.789 Y175.755 E1845.83194
G1 X179.791 Y175.673 E1845.83467
G1 X179.791 Y157.82 E1846.42846
G1 X180.991 Y157.82 E1846.46837
G1 F1500 E1845.46837
;MESH:NONMESH
G0 F300 X180.991 Y157.82 Z4.6
G0 F9000 X180.991 Y156.955
G0 X121.23 Y124.046
G0 X120.218 Y122.73
;TIME_ELAPSED:2990.137209
;LAYER:22
;TYPE:WALL-INNER
;MESH:Battery Holder.STL
G1 F1500 E1846.49498
G1 F2400 X119.948 Y122.954 E1846.50665
G1 X119.809 Y123.151 E1846.51467
G1 X119.809 Y122.779 E1846.52003
G1 X119.881 Y122.73 E1846.52076
G1 X120.218 Y122.73 E1846.52423
G1 F1500 E1845.52423
G0 F9000 X121.252 Y124.034
G0 X178.796 Y124.065
G0 X180.191 Y122.777
G1 F1500 E1846.55084
G1 F2400 X180.191 Y123.144 E1846.56304
G1 X179.993 Y122.895 E1846.56596
G1 X179.771 Y122.731 E1846.57514
G1 X180.142 Y122.731 E1846.58009
G1 X180.191 Y122.777
G0 F9000 X180.479 Y122.463
G1 F2400 X180.554 Y122.575 E1846.58457
G1 X180.591 Y122.73 E1846.58987
G1 X180.591 Y141.78 E1847.22348
G1 X180.191 Y141.78 E1847.23678
G1 X180.19 Y124.226 E1847.82063
G1 X180.134 Y123.897 E1847.83173
G1 X179.963 Y123.499 E1847.84614
G1 X179.713 Y123.185 E1847.85949
G1 X179.355 Y122.92 E1847.8743
G1 X178.938 Y122.765 E1847.8891
G1 X178.67 Y122.731 E1847.89808
G1 X121.337 Y122.73 E1849.80499
G1 X120.908 Y122.807 E1849.81948
G1 X120.543 Y122.98 E1849.83292
G1 X120.244 Y123.228 E1849.84584
G1 X119.979 Y123.604 E1849.86114
G1 X119.849 Y123.962 E1849.8738
G1 X119.809 Y124.304 E1849.88526
G1 X119.809 Y141.78 E1850.46651
G1 X119.409 Y141.78 E1850.47982
G1 X119.409 Y122.734 E1851.11329
G1 X119.44 Y122.593 E1851.11809
G1 X119.526 Y122.458 E1851.12341
G1 X119.639 Y122.375 E1851.12808
G1 X119.836 Y122.33 E1851.1348
G1 X180.189 Y122.331 E1853.14215
G1 X180.344 Y122.368 E1853.14745
G1 X180.479 Y122.463 E1853.15294
G0 F9000 X180.771 Y122.179
;TYPE:WALL-OUTER
G1 F2400 X180.926 Y122.412 E1853.16224
G1 X180.989 Y122.673 E1853.17118
G1 X180.991 Y122.73 E1853.17307
G1 X180.991 Y142.18 E1853.81998
G1 X179.791 Y142.18 E1853.85989
G1 X179.79 Y124.26 E1854.45592
G1 X179.748 Y124.011 E1854.46431
G1 X179.617 Y123.706 E1854.47535
G1 X179.433 Y123.475 E1854.48518
G1 X179.163 Y123.275 E1854.49635
G1 X178.842 Y123.156 E1854.50774
G1 X178.645 Y123.131 E1854.51434
G1 X121.372 Y123.13 E1856.41925
G1 X121.031 Y123.191 E1856.43077
G1 X120.76 Y123.32 E1856.44076
G1 X120.54 Y123.502 E1856.45025
G1 X120.337 Y123.791 E1856.462
G1 X120.241 Y124.055 E1856.47134
G1 X120.209 Y124.327 E1856.48045
G1 X120.209 Y142.18 E1857.07424
G1 X119.009 Y142.18 E1857.11416
G1 X119.009 Y122.689 E1857.76243
G1 X119.064 Y122.439 E1857.77094
G1 X119.229 Y122.179 E1857.78119
G1 X119.461 Y122.01 E1857.79073
G1 X119.731 Y121.934 E1857.80006
G1 X119.818 Y121.93 E1857.80296
G1 X180.236 Y121.931 E1859.81247
G1 X180.513 Y121.997 E1859.82194
G1 X180.771 Y122.179 E1859.83244
G0 F9000 X180.456 Y122.485
G1 F1500 E1858.83244
G0 F9000 X181.446 Y121.638
G0 X181.764 Y122.181
G0 X181.855 Y122.715
G0 X181.844 Y143.033
G0 X121.206 Y175.937
G0 X120.225 Y177.269
;TYPE:WALL-INNER
G1 F1500 E1859.85905
G1 F2400 X119.849 Y177.269 E1859.87156
G1 X119.809 Y177.218 E1859.87371
G1 X119.809 Y176.856 E1859.88575
G1 X120.05 Y177.148 E1859.89025
G1 X120.225 Y177.269 E1859.89068
G1 F1500 E1858.89068
G0 F9000 X121.262 Y175.971
G0 X178.834 Y175.9
G0 X180.191 Y176.882
G1 F1500 E1859.91728
G1 F2400 X180.191 Y177.219 E1859.92849
G1 X180.132 Y177.27 E1859.93109
G1 X179.797 Y177.27 E1859.94223
G1 X180.182 Y176.898 E1859.95289
G1 X180.191 Y176.882
G1 F1500 E1858.95289
G0 F9000 X178.868 Y175.858
G0 X178.938 Y156.967
G0 X181.844 Y156.967
G0 X181.856 Y158.22
G0 X180.591 Y158.22
G1 F1500 E1859.9795
G1 F2400 X180.591 Y177.261 E1860.6128
G1 X180.557 Y177.414 E1860.61802
G1 X180.465 Y177.551 E1860.62351
G1 X180.354 Y177.628 E1860.628
G1 X180.182 Y177.67 E1860.63389
G1 X119.802 Y177.669 E1862.64213
G1 X119.664 Y177.637 E1862.64685
G1 X119.539 Y177.555 E1862.65182
G1 X119.455 Y177.441 E1862.65653
G1 X119.409 Y177.27 E1862.66242
G1 X119.409 Y158.22 E1863.29602
G1 X119.809 Y158.22 E1863.30933
G1 X119.81 Y175.774 E1863.89318
G1 X119.873 Y176.129 E1863.90517
G1 X120.039 Y176.506 E1863.91887
G1 X120.323 Y176.85 E1863.93371
G1 X120.685 Y177.1 E1863.94834
G1 X121.035 Y177.229 E1863.96074
G1 X121.381 Y177.27 E1863.97233
G1 X178.707 Y177.269 E1865.879
G1 X179.147 Y177.175 E1865.89397
G1 X179.534 Y176.968 E1865.90857
G1 X179.862 Y176.651 E1865.92374
G1 X180.092 Y176.239 E1865.93943
G1 X180.188 Y175.803 E1865.95428
G1 X180.191 Y175.678 E1865.95844
G1 X180.191 Y158.22 E1866.53909
G1 X180.591 Y158.22 E1866.5524
G0 F9000 X180.991 Y157.82
;TYPE:WALL-OUTER
G1 F2400 X180.991 Y177.307 E1867.20054
G1 X180.932 Y177.573 E1867.2096
G1 X180.755 Y177.836 E1867.22014
G1 X180.525 Y177.997 E1867.22948
G1 X180.26 Y178.066 E1867.23859
G1 X180.182 Y178.07 E1867.24119
G1 X119.757 Y178.069 E1869.25093
G1 X119.504 Y178.011 E1869.25956
G1 X119.258 Y177.85 E1869.26934
G1 X119.09 Y177.621 E1869.27879
G1 X119.013 Y177.347 E1869.28826
G1 X119.009 Y177.27 E1869.29082
G1 X119.009 Y157.82 E1869.93773
G1 X120.209 Y157.82 E1869.97764
G1 X120.21 Y175.739 E1870.57363
G1 X120.258 Y176.012 E1870.58285
G1 X120.383 Y176.294 E1870.59311
G1 X120.596 Y176.553 E1870.60426
G1 X120.87 Y176.742 E1870.61533
G1 X121.129 Y176.837 E1870.62451
G1 X121.405 Y176.87 E1870.63375
G1 X178.665 Y176.869 E1872.53823
G1 X179.008 Y176.796 E1872.54989
G1 X179.296 Y176.642 E1872.56076
G1 X179.541 Y176.405 E1872.57209
G1 X179.714 Y176.095 E1872.5839
G1 X179.789 Y175.755 E1872.59548
G1 X179.791 Y175.673 E1872.59821
G1 X179.791 Y157.82 E1873.192
G1 X180.991 Y157.82 E1873.23191
G1 F1500 E1872.23191
;MESH:NONMESH
G0 F300 X180.991 Y157.82 Z4.8
G0 F9000 X180.991 Y156.955
G0 X121.224 Y124.05
G0 X120.224 Y122.73
;TIME_ELAPSED:3016.792321
;LAYER:23
;TYPE:WALL-INNER
;MESH:Battery Holder.STL
G1 F1500 E1873.25852
G1 F2400 X119.895 Y123.009 E1873.27287
G1 X119.809 Y123.141 E1873.27811
G1 X119.809 Y122.812 E1873.28336
G1 X119.87 Y122.73 E1873.28421
G1 X120.224 Y122.73 E1873.28801
G1 F1500 E1872.28801
G0 F9000 X121.258 Y124.03
G0 X178.938 Y143.033
G0 X181.844 Y143.033
G0 X181.835 Y122.455
G0 X181.625 Y121.884
G0 X181.146 Y121.366
G0 X180.666 Y121.156
G0 X180.139 Y121.065
G0 X180.139 Y122.731
G1 F1500 E1873.31462
G1 F2400 X180.19 Y122.768 E1873.31671
G1 X180.19 Y123.146 E1873.32929
G1 X180.001 Y122.901 E1873.33187
G1 X179.777 Y122.731 E1873.34123
G1 X180.139 Y122.731 E1873.34589
G0 F9000 X180.356 Y122.373
G1 F2400 X180.544 Y122.555 E1873.3546
G1 X180.59 Y122.706 E1873.35985
G1 X180.591 Y141.78 E1873.99425
G1 X180.191 Y141.78 E1874.00755
G1 X180.19 Y124.226 E1874.5914
G1 X180.135 Y123.9 E1874.6024
G1 X179.984 Y123.534 E1874.61557
G1 X179.717 Y123.188 E1874.6301
G1 X179.386 Y122.937 E1874.64392
G1 X179.069 Y122.8 E1874.65541
G1 X178.68 Y122.731 E1874.66855
G1 X121.337 Y122.73 E1876.57578
G1 X120.932 Y122.8 E1876.58945
G1 X120.56 Y122.969 E1876.60304
G1 X120.199 Y123.276 E1876.6188
G1 X119.958 Y123.647 E1876.63352
G1 X119.832 Y124.043 E1876.64734
G1 X119.809 Y124.309 E1876.65622
G1 X119.809 Y141.78 E1877.23731
G1 X119.409 Y141.78 E1877.25061
G1 X119.409 Y122.739 E1877.88392
G1 X119.507 Y122.476 E1877.89325
G1 X119.752 Y122.337 E1877.90262
G1 X119.834 Y122.33 E1877.90536
G1 X180.187 Y122.331 E1879.91271
G1 X180.356 Y122.373 E1879.9185
G0 F9000 X180.525 Y122.003
;TYPE:WALL-OUTER
G1 F2400 X180.758 Y122.166 E1879.92796
G1 X180.909 Y122.379 E1879.93664
G1 X180.985 Y122.628 E1879.9453
G1 X180.99 Y122.679 E1879.94701
G1 X180.991 Y142.18 E1880.59561
G1 X179.791 Y142.18 E1880.63552
G1 X179.79 Y124.26 E1881.23154
G1 X179.748 Y124.011 E1881.23994
G1 X179.635 Y123.736 E1881.24983
G1 X179.433 Y123.475 E1881.26081
G1 X179.183 Y123.285 E1881.27125
G1 X178.953 Y123.186 E1881.27958
G1 X178.645 Y123.131 E1881.28999
G1 X121.371 Y123.13 E1883.19493
G1 X121.051 Y123.185 E1883.20573
G1 X120.777 Y123.31 E1883.21574
G1 X120.503 Y123.543 E1883.22771
G1 X120.323 Y123.82 E1883.2387
G1 X120.227 Y124.122 E1883.24923
G1 X120.209 Y124.327 E1883.25608
G1 X120.209 Y142.18 E1883.84987
G1 X119.009 Y142.18 E1883.88978
G1 X119.009 Y122.694 E1884.53789
G1 X119.066 Y122.434 E1884.54674
G1 X119.2 Y122.211 E1884.5554
G1 X119.412 Y122.035 E1884.56456
G1 X119.665 Y121.944 E1884.5735
G1 X119.82 Y121.93 E1884.57868
G1 X180.236 Y121.931 E1886.58813
G1 X180.525 Y122.003 E1886.59803
G0 F9000 X180.343 Y122.403
G1 F1500 E1885.59803
G0 F9000 X180.272 Y121.067
G0 X180.901 Y121.223
G0 X181.449 Y121.639
G0 X181.779 Y122.23
G0 X181.854 Y122.639
G0 X181.844 Y143.033
G0 X121.207 Y175.937
G0 X120.225 Y177.269
;TYPE:WALL-INNER
G1 F1500 E1886.62464
G1 F2400 X119.858 Y177.269 E1886.63685
G1 X119.81 Y177.228 E1886.63895
G1 X119.81 Y176.854 E1886.65138
G1 X120.047 Y177.145 E1886.65562
G1 X120.225 Y177.269 E1886.65615
G1 F1500 E1885.65615
G0 F9000 X121.256 Y175.968
G0 X178.841 Y175.894
G0 X180.191 Y176.853
G1 F1500 E1886.68276
G1 F2400 X180.191 Y177.214 E1886.69477
G1 X180.181 Y177.254 E1886.69614
G1 X180.1 Y177.27 E1886.69889
G1 X179.783 Y177.27 E1886.70943
G1 X180.071 Y177.025 E1886.7145
G1 X180.191 Y176.853 E1886.71491
G1 F1500 E1885.71491
G0 F9000 X178.891 Y175.821
G0 X178.938 Y156.967
G0 X181.844 Y156.967
G0 X181.856 Y158.22
G0 X180.591 Y158.22
G1 F1500 E1886.74152
G1 F2400 X180.591 Y177.259 E1887.37476
G1 X180.55 Y177.433 E1887.38071
G1 X180.471 Y177.545 E1887.38527
G1 X180.346 Y177.63 E1887.39029
G1 X180.14 Y177.67 E1887.39727
G1 X119.809 Y177.669 E1889.40389
G1 X119.645 Y177.628 E1889.40951
G1 X119.532 Y177.551 E1889.41406
G1 X119.448 Y177.429 E1889.41899
G1 X119.41 Y177.274 E1889.4243
G1 X119.409 Y158.22 E1890.05803
G1 X119.809 Y158.22 E1890.07134
G1 X119.81 Y175.777 E1890.65529
G1 X119.885 Y176.169 E1890.66856
G1 X120.039 Y176.502 E1890.68076
G1 X120.322 Y176.849 E1890.69566
G1 X120.678 Y177.097 E1890.71009
G1 X121.035 Y177.229 E1890.72275
G1 X121.381 Y177.27 E1890.73433
G1 X178.707 Y177.269 E1892.641
G1 X179.144 Y177.177 E1892.65586
G1 X179.466 Y177.014 E1892.66786
G1 X179.773 Y176.754 E1892.68124
G1 X180.02 Y176.399 E1892.69563
G1 X180.154 Y176.022 E1892.70893
G1 X180.191 Y175.695 E1892.71988
G1 X180.191 Y158.22 E1893.3011
G1 X180.591 Y158.22 E1893.3144
G0 F9000 X180.991 Y157.82
;TYPE:WALL-OUTER
G1 F2400 X180.991 Y177.306 E1893.96251
G1 X180.921 Y177.6 E1893.97256
G1 X180.755 Y177.836 E1893.98216
G1 X180.503 Y178.007 E1893.99229
G1 X180.181 Y178.07 E1894.0032
G1 X119.762 Y178.069 E1896.01275
G1 X119.478 Y177.999 E1896.02247
G1 X119.245 Y177.838 E1896.03189
G1 X119.078 Y177.596 E1896.04167
G1 X119.01 Y177.321 E1896.0511
G1 X119.009 Y157.82 E1896.6997
G1 X120.209 Y157.82 E1896.73961
G1 X120.21 Y175.739 E1897.3356
G1 X120.269 Y176.046 E1897.346
G1 X120.381 Y176.289 E1897.3549
G1 X120.596 Y176.553 E1897.36622
G1 X120.864 Y176.739 E1897.37707
G1 X121.129 Y176.837 E1897.38647
G1 X121.405 Y176.87 E1897.39572
G1 X178.665 Y176.869 E1899.30019
G1 X179.01 Y176.796 E1899.31192
G1 X179.244 Y176.678 E1899.32064
G1 X179.474 Y176.483 E1899.33067
G1 X179.661 Y176.214 E1899.34156
G1 X179.762 Y175.931 E1899.35156
G1 X179.791 Y175.673 E1899.36019
G1 X179.791 Y157.82 E1899.95399
G1 X180.991 Y157.82 E1899.9939
G1 F1500 E1898.9939
;MESH:NONMESH
G0 F300 X180.991 Y157.82 Z5
G0 F9000 X180.991 Y156.955
G0 X121.231 Y124.046
G0 X120.222 Y122.73
;TIME_ELAPSED:3044.026810
;LAYER:24
;TYPE:WALL-INNER
;MESH:Battery Holder.STL
G1 F1500 E1900.02051
G1 F2400 X120.045 Y122.858 E1900.02777
G1 X119.809 Y123.145 E1900.04013
G1 X119.809 Y122.79 E1900.04405
G1 X119.866 Y122.73 E1900.04468
G1 X120.222 Y122.73 E1900.04992
G1 F1500 E1899.04992
G0 F9000 X121.245 Y124.037
G0 X178.938 Y143.033
G0 X181.844 Y143.033
G0 X181.835 Y122.453
G0 X181.606 Y121.851
G0 X181.118 Y121.346
G0 X180.661 Y121.151
G0 X180.147 Y121.065
G0 X180.147 Y122.731
G1 F1500 E1900.07652
G1 F2400 X180.19 Y122.801 E1900.07926
G1 X180.19 Y123.121 E1900.0899
G1 X179.833 Y122.752 E1900.0999
G1 X179.798 Y122.731 E1900.10125
G1 X180.147 Y122.731 E1900.10708
G0 F9000 X180.466 Y122.448
G1 F2400 X180.59 Y122.711 E1900.11675
G1 X180.591 Y141.78 E1900.75099
G1 X180.191 Y141.78 E1900.76429
G1 X180.19 Y124.218 E1901.3484
G1 X180.099 Y123.781 E1901.36325
G1 X179.883 Y123.379 E1901.37843
G1 X179.583 Y123.069 E1901.39278
G1 X179.212 Y122.849 E1901.40712
G1 X178.744 Y122.736 E1901.42314
G1 X178.604 Y122.73 E1901.4278
G1 X121.302 Y122.731 E1903.33367
G1 X120.957 Y122.793 E1903.34533
G1 X120.632 Y122.927 E1903.35702
G1 X120.321 Y123.152 E1903.36979
G1 X120.042 Y123.491 E1903.38439
G1 X119.864 Y123.899 E1903.39919
G1 X119.809 Y124.3 E1903.41266
G1 X119.809 Y141.78 E1903.99404
G1 X119.409 Y141.78 E1904.00735
G1 X119.409 Y122.743 E1904.64052
G1 X119.448 Y122.575 E1904.64626
G1 X119.641 Y122.374 E1904.65553
G1 X119.818 Y122.33 E1904.66159
G1 X180.191 Y122.331 E1906.66961
G1 X180.345 Y122.367 E1906.67487
G1 X180.466 Y122.448 E1906.67971
G0 F9000 X180.747 Y122.155
;TYPE:WALL-OUTER
G1 F2400 X180.911 Y122.382 E1906.68902
G1 X180.987 Y122.645 E1906.69813
G1 X180.99 Y122.679 E1906.69926
G1 X180.991 Y142.18 E1907.34787
G1 X179.791 Y142.18 E1907.38778
G1 X179.79 Y124.259 E1907.98384
G1 X179.719 Y123.919 E1907.99539
G1 X179.557 Y123.617 E1908.00679
G1 X179.333 Y123.386 E1908.01749
G1 X179.06 Y123.224 E1908.02805
G1 X178.688 Y123.134 E1908.04078
G1 X178.595 Y123.13 E1908.04387
G1 X121.338 Y123.131 E1909.94825
G1 X121.07 Y123.179 E1909.95731
G1 X120.828 Y123.279 E1909.96601
G1 X120.597 Y123.446 E1909.9755
G1 X120.386 Y123.702 E1909.98653
G1 X120.253 Y124.008 E1909.99763
G1 X120.209 Y124.327 E1910.00834
G1 X120.209 Y142.18 E1910.60213
G1 X119.009 Y142.18 E1910.64204
G1 X119.009 Y122.695 E1911.29012
G1 X119.075 Y122.412 E1911.29978
G1 X119.243 Y122.166 E1911.30969
G1 X119.467 Y122.007 E1911.31883
G1 X119.74 Y121.934 E1911.32822
G1 X119.818 Y121.93 E1911.33082
G1 X180.236 Y121.931 E1913.34033
G1 X180.508 Y121.995 E1913.34963
G1 X180.747 Y122.155 E1913.35919
G0 F9000 X180.442 Y122.471
G1 F1500 E1912.35919
G0 F9000 X181.215 Y121.418
G0 X181.606 Y121.851
G0 X181.842 Y122.515
G0 X181.844 Y143.033
G0 X121.232 Y175.954
G0 X120.205 Y177.269
;TYPE:WALL-INNER
G1 F1500 E1913.3858
G1 F2400 X119.855 Y177.269 E1913.39744
G1 X119.81 Y177.199 E1913.40021
G1 X119.81 Y176.879 E1913.41085
G1 X120.17 Y177.248 E1913.42095
G1 X120.205 Y177.269
G1 F1500 E1912.42095
G0 F9000 X121.247 Y175.964
G0 X178.845 Y175.888
G0 X180.191 Y176.857
G1 F1500 E1913.44756
G1 F2400 X180.191 Y177.215 E1913.45946
G1 X180.182 Y177.257 E1913.46089
G1 X180.122 Y177.27 E1913.46293
G1 X179.782 Y177.27 E1913.47424
G1 X180.093 Y177.002 E1913.48013
G1 X180.191 Y176.857
G1 F1500 E1912.48013
G0 F9000 X178.876 Y175.845
G0 X178.938 Y156.967
G0 X181.844 Y156.967
G0 X181.856 Y158.22
G0 X180.591 Y158.22
G1 F1500 E1913.50673
G1 F2400 X180.591 Y177.261 E1914.14004
G1 X180.551 Y177.432 E1914.14588
G1 X180.482 Y177.535 E1914.15001
G1 X180.347 Y177.631 E1914.15551
G1 X180.163 Y177.67 E1914.16177
G1 X119.808 Y177.669 E1916.16919
G1 X119.665 Y177.636 E1916.17407
G1 X119.533 Y177.55 E1916.17931
G1 X119.41 Y177.289 E1916.1889
G1 X119.409 Y158.22 E1916.82314
G1 X119.809 Y158.22 E1916.83645
G1 X119.81 Y175.78 E1917.42049
G1 X119.895 Y176.204 E1917.43488
G1 X120.116 Y176.621 E1917.45057
G1 X120.419 Y176.931 E1917.46499
G1 X120.78 Y177.145 E1917.47895
G1 X121.133 Y177.248 E1917.49118
G1 X121.387 Y177.27 E1917.49966
G1 X178.706 Y177.269 E1919.4061
G1 X179.142 Y177.177 E1919.42092
G1 X179.468 Y177.013 E1919.43306
G1 X179.791 Y176.734 E1919.44725
G1 X180.023 Y176.391 E1919.46102
G1 X180.151 Y176.041 E1919.47342
G1 X180.191 Y175.696 E1919.48497
G1 X180.191 Y158.22 E1920.06622
G1 X180.591 Y158.22 E1920.07953
G0 F9000 X180.991 Y157.82
;TYPE:WALL-OUTER
G1 F2400 X180.991 Y177.305 E1920.7276
G1 X180.923 Y177.595 E1920.73751
G1 X180.773 Y177.819 E1920.74648
G1 X180.522 Y177.998 E1920.75673
G1 X180.267 Y178.066 E1920.76551
G1 X180.182 Y178.07 E1920.76834
G1 X119.763 Y178.069 E1922.77788
G1 X119.505 Y178.01 E1922.78668
G1 X119.253 Y177.845 E1922.7967
G1 X119.089 Y177.618 E1922.80602
G1 X119.013 Y177.355 E1922.81512
G1 X119.01 Y177.321 E1922.81626
G1 X119.009 Y157.82 E1923.46486
G1 X120.209 Y157.82 E1923.50478
G1 X120.21 Y175.74 E1924.1008
G1 X120.276 Y176.068 E1924.11193
G1 X120.443 Y176.383 E1924.12378
G1 X120.668 Y176.614 E1924.13451
G1 X120.94 Y176.775 E1924.14502
G1 X121.207 Y176.853 E1924.15427
G1 X121.404 Y176.87 E1924.16085
G1 X178.664 Y176.869 E1926.06533
G1 X179.009 Y176.796 E1926.07705
G1 X179.244 Y176.678 E1926.0858
G1 X179.489 Y176.466 E1926.09658
G1 X179.664 Y176.207 E1926.10697
G1 X179.759 Y175.948 E1926.11615
G1 X179.791 Y175.673 E1926.12536
G1 X179.791 Y157.82 E1926.71915
G1 X180.991 Y157.82 E1926.75906
G1 F1500 E1925.75906
;MESH:NONMESH
G0 F300 X180.991 Y157.82 Z5.2
G0 F9000 X180.991 Y156.955
G0 X121.225 Y124.05
G0 X120.22 Y122.73
;TIME_ELAPSED:3071.240411
;LAYER:25
;TYPE:WALL-INNER
;MESH:Battery Holder.STL
G1 F1500 E1926.78567
G1 F2400 X119.895 Y123.01 E1926.79994
G1 X119.809 Y123.142 E1926.80518
G1 X119.809 Y122.779 E1926.81148
G1 X119.867 Y122.73 E1926.81189
G1 X120.22 Y122.73 E1926.81571
G1 F1500 E1925.81571
G0 F9000 X121.257 Y124.031
G0 X178.82 Y124.086
G0 X180.191 Y122.783
G1 F1500 E1926.84232
G1 F2400 X180.191 Y123.131 E1926.8539
G1 X179.837 Y122.754 E1926.86365
G1 X179.798 Y122.731 E1926.86516
G1 X180.111 Y122.731 E1926.87039
G1 X180.191 Y122.783
G0 F9000 X180.453 Y122.436
G1 F2400 X180.546 Y122.56 E1926.87554
G1 X180.591 Y122.73 E1926.88139
G1 X180.591 Y141.78 E1927.515
G1 X180.191 Y141.78 E1927.5283
G1 X180.19 Y124.218 E1928.11242
G1 X180.1 Y123.784 E1928.12716
G1 X179.911 Y123.417 E1928.14089
G1 X179.585 Y123.07 E1928.15672
G1 X179.203 Y122.846 E1928.17145
G1 X178.743 Y122.736 E1928.18718
G1 X178.604 Y122.73 E1928.19181
G1 X121.299 Y122.731 E1930.09778
G1 X120.876 Y122.815 E1930.11213
G1 X120.541 Y122.982 E1930.12458
G1 X120.199 Y123.276 E1930.13958
G1 X119.958 Y123.647 E1930.15429
G1 X119.836 Y124.018 E1930.16728
G1 X119.809 Y124.309 E1930.177
G1 X119.809 Y141.78 E1930.75809
G1 X119.409 Y141.78 E1930.77139
G1 X119.409 Y122.736 E1931.4048
G1 X119.44 Y122.593 E1931.40967
G1 X119.522 Y122.463 E1931.41478
G1 X119.652 Y122.369 E1931.42011
G1 X119.822 Y122.33 E1931.42592
G1 X180.186 Y122.331 E1933.43363
G1 X180.453 Y122.436 E1933.44317
G0 F9000 X180.731 Y122.139
;TYPE:WALL-OUTER
G1 F2400 X180.911 Y122.382 E1933.45323
G1 X180.987 Y122.652 E1933.46256
G1 X180.991 Y122.73 E1933.46516
G1 X180.991 Y142.18 E1934.11207
G1 X179.791 Y142.18 E1934.15198
G1 X179.79 Y124.259 E1934.74803
G1 X179.719 Y123.919 E1934.75959
G1 X179.581 Y123.65 E1934.76964
G1 X179.333 Y123.386 E1934.78169
G1 X179.052 Y123.221 E1934.79253
G1 X178.687 Y123.134 E1934.80501
G1 X178.595 Y123.13 E1934.80807
G1 X121.338 Y123.131 E1936.71245
G1 X121.007 Y123.197 E1936.72367
G1 X120.764 Y123.318 E1936.7327
G1 X120.503 Y123.542 E1936.74414
G1 X120.322 Y123.821 E1936.7552
G1 X120.23 Y124.1 E1936.76497
G1 X120.209 Y124.327 E1936.77256
G1 X120.209 Y142.18 E1937.36635
G1 X119.009 Y142.18 E1937.40626
G1 X119.009 Y122.696 E1938.0543
G1 X119.064 Y122.438 E1938.06308
G1 X119.226 Y122.183 E1938.07312
G1 X119.476 Y122.002 E1938.08339
G1 X119.723 Y121.935 E1938.0919
G1 X119.82 Y121.93 E1938.09513
G1 X180.236 Y121.931 E1940.10458
G1 X180.519 Y122 E1940.11426
G1 X180.731 Y122.139 E1940.1227
G0 F9000 X180.429 Y122.458
G1 F1500 E1939.1227
G0 F9000 X180.704 Y121.146
G0 X181.317 Y121.503
G0 X181.73 Y122.098
G0 X181.855 Y122.716
G0 X181.844 Y143.033
G0 X121.232 Y175.954
G0 X120.223 Y177.269
;TYPE:WALL-INNER
G1 F1500 E1940.1493
G1 F2400 X119.85 Y177.269 E1940.16171
G1 X119.809 Y177.222 E1940.16378
G1 X119.809 Y176.868 E1940.17556
G1 X120.035 Y177.131 E1940.17924
G1 X120.223 Y177.269 E1940.18016
G1 F1500 E1939.18016
G0 F9000 X121.246 Y175.964
G0 X178.835 Y175.899
G0 X180.191 Y176.851
G1 F1500 E1940.20677
G1 F2400 X180.191 Y177.216 E1940.21891
G1 X180.182 Y177.258 E1940.22034
G1 X180.123 Y177.27 E1940.22234
G1 X179.779 Y177.27 E1940.23378
G1 X180.06 Y177.037 E1940.23818
G1 X180.191 Y176.851 E1940.23893
G1 F1500 E1939.23893
G0 F9000 X178.896 Y175.81
G0 X178.938 Y156.967
G0 X181.844 Y156.967
G0 X181.856 Y158.22
G0 X180.591 Y158.22
G1 F1500 E1940.26554
G1 F2400 X180.591 Y177.26 E1940.89881
G1 X180.555 Y177.42 E1940.90426
G1 X180.477 Y177.538 E1940.90897
G1 X180.348 Y177.631 E1940.91426
G1 X180.164 Y177.67 E1940.92051
G1 X119.808 Y177.669 E1942.92796
G1 X119.665 Y177.637 E1942.93284
G1 X119.536 Y177.553 E1942.93796
G1 X119.458 Y177.447 E1942.94233
G1 X119.409 Y177.278 E1942.94819
G1 X119.409 Y158.22 E1943.58206
G1 X119.809 Y158.22 E1943.59536
G1 X119.81 Y175.782 E1944.17948
G1 X119.899 Y176.213 E1944.19411
G1 X120.085 Y176.575 E1944.20765
G1 X120.309 Y176.836 E1944.21909
G1 X120.629 Y177.071 E1944.23229
G1 X120.95 Y177.206 E1944.24388
G1 X121.374 Y177.27 E1944.25814
G1 X178.698 Y177.269 E1946.16474
G1 X179.028 Y177.213 E1946.17588
G1 X179.438 Y177.033 E1946.19077
G1 X179.764 Y176.763 E1946.20485
G1 X180.017 Y176.403 E1946.21948
G1 X180.15 Y176.044 E1946.23222
G1 X180.191 Y175.697 E1946.24384
G1 X180.191 Y158.22 E1946.82512
G1 X180.591 Y158.22 E1946.83843
G0 F9000 X180.991 Y157.82
;TYPE:WALL-OUTER
G1 F2400 X180.991 Y177.304 E1947.48647
G1 X180.929 Y177.579 E1947.49585
G1 X180.77 Y177.821 E1947.50548
G1 X180.522 Y177.998 E1947.51561
G1 X180.269 Y178.066 E1947.52432
G1 X180.182 Y178.07 E1947.52722
G1 X119.763 Y178.069 E1949.53676
G1 X119.508 Y178.011 E1949.54546
G1 X119.258 Y177.85 E1949.55535
G1 X119.092 Y177.625 E1949.56465
G1 X119.013 Y177.348 E1949.57423
G1 X119.009 Y177.27 E1949.57683
G1 X119.009 Y157.82 E1950.22374
G1 X120.209 Y157.82 E1950.26365
G1 X120.21 Y175.741 E1950.85971
G1 X120.28 Y176.079 E1950.87119
G1 X120.419 Y176.35 E1950.88132
G1 X120.583 Y176.541 E1950.88969
G1 X120.828 Y176.721 E1950.8998
G1 X121.059 Y176.818 E1950.90813
G1 X121.404 Y176.87 E1950.91974
G1 X178.664 Y176.869 E1952.82421
G1 X178.912 Y176.827 E1952.83258
G1 X179.226 Y176.689 E1952.84399
G1 X179.468 Y176.489 E1952.85443
G1 X179.66 Y176.216 E1952.86553
G1 X179.758 Y175.95 E1952.87496
G1 X179.791 Y175.673 E1952.88424
G1 X179.791 Y157.82 E1953.47803
G1 X180.991 Y157.82 E1953.51794
G1 F1500 E1952.51794
;MESH:NONMESH
G0 F300 X180.991 Y157.82 Z5.4
G0 F9000 X180.991 Y156.955
G0 X121.229 Y124.047
G0 X120.225 Y122.73
;TIME_ELAPSED:3097.925069
;LAYER:26
;TYPE:WALL-INNER
;MESH:Battery Holder.STL
G1 F1500 E1953.54455
G1 F2400 X119.951 Y122.949 E1953.55622
G1 X119.809 Y123.15 E1953.5644
G1 X119.809 Y122.78 E1953.56963
G1 X119.82 Y122.739
G1 X119.879 Y122.73 E1953.56987
G1 X120.225 Y122.73 E1953.57345
G1 F1500 E1952.57345
G0 F9000 X121.234 Y124.044
G0 X178.938 Y143.033
G0 X181.844 Y143.033
G0 X181.83 Y122.429
G0 X181.616 Y121.87
G0 X181.236 Y121.434
G0 X180.71 Y121.16
G0 X180.149 Y121.065
G0 X180.149 Y122.731
G1 F1500 E1953.60006
G1 F2400 X180.191 Y122.779 E1953.60218
G1 X180.191 Y123.137 E1953.61409
G1 X179.902 Y122.81 E1953.62073
G1 X179.784 Y122.731 E1953.62545
G1 X180.149 Y122.731 E1953.6321
G0 F9000 X180.466 Y122.448
G1 F2400 X180.539 Y122.547 E1953.63619
G1 X180.591 Y122.721 E1953.64223
G1 X180.591 Y141.78 E1954.27614
G1 X180.191 Y141.78 E1954.28944
G1 X180.19 Y124.215 E1954.87365
G1 X180.1 Y123.787 E1954.8882
G1 X179.927 Y123.442 E1954.90104
G1 X179.637 Y123.114 E1954.9156
G1 X179.316 Y122.9 E1954.92843
G1 X178.907 Y122.757 E1954.94284
G1 X178.614 Y122.73 E1954.95263
G1 X121.304 Y122.731 E1956.85877
G1 X120.95 Y122.794 E1956.87073
G1 X120.582 Y122.957 E1956.88411
G1 X120.245 Y123.226 E1956.89845
G1 X119.981 Y123.599 E1956.91365
G1 X119.841 Y123.999 E1956.92775
G1 X119.81 Y124.254 E1956.93629
G1 X119.809 Y141.78 E1957.51921
G1 X119.409 Y141.78 E1957.53251
G1 X119.409 Y122.739 E1958.16582
G1 X119.441 Y122.589 E1958.17092
G1 X119.527 Y122.455 E1958.17622
G1 X119.662 Y122.359 E1958.18173
G1 X119.85 Y122.33 E1958.18805
G1 X180.194 Y122.331 E1960.1951
G1 X180.33 Y122.361 E1960.19973
G1 X180.466 Y122.448 E1960.2051
G0 F9000 X180.742 Y122.15
;TYPE:WALL-OUTER
G1 F2400 X180.903 Y122.365 E1960.21404
G1 X180.987 Y122.652 E1960.22398
G1 X180.991 Y122.73 E1960.22658
G1 X180.991 Y142.18 E1960.87349
G1 X179.791 Y142.18 E1960.9134
G1 X179.79 Y124.257 E1961.50953
G1 X179.719 Y123.92 E1961.52098
G1 X179.593 Y123.668 E1961.53035
G1 X179.372 Y123.418 E1961.54145
G1 X179.136 Y123.261 E1961.55088
G1 X178.821 Y123.151 E1961.56197
G1 X178.595 Y123.13 E1961.56952
G1 X121.339 Y123.131 E1963.47387
G1 X121.068 Y123.179 E1963.48302
G1 X120.791 Y123.302 E1963.4931
G1 X120.539 Y123.503 E1963.50382
G1 X120.34 Y123.784 E1963.51527
G1 X120.233 Y124.09 E1963.52606
G1 X120.21 Y124.278 E1963.53235
G1 X120.209 Y142.18 E1964.12778
G1 X119.009 Y142.18 E1964.16769
G1 X119.009 Y122.697 E1964.8157
G1 X119.065 Y122.435 E1964.82461
G1 X119.231 Y122.177 E1964.83481
G1 X119.448 Y122.016 E1964.8438
G1 X119.552 Y121.972 E1964.84755
G1 X119.82 Y121.93 E1964.85658
G1 X180.236 Y121.931 E1966.86602
G1 X180.488 Y121.987 E1966.87461
G1 X180.742 Y122.15 E1966.88465
G0 F9000 X180.443 Y122.472
G1 F1500 E1965.88465
G0 F9000 X181.019 Y121.287
G0 X181.537 Y121.75
G0 X181.797 Y122.293
G0 X181.855 Y122.716
G0 X181.844 Y143.033
G0 X121.214 Y175.943
G0 X120.215 Y177.269
;TYPE:WALL-INNER
G1 F1500 E1966.91125
G1 F2400 X119.854 Y177.269 E1966.92326
G1 X119.809 Y177.224 E1966.92538
G1 X119.809 Y176.863 E1966.93738
G1 X120.098 Y177.192 E1966.944
G1 X120.215 Y177.269
G1 F1500 E1965.944
G0 F9000 X121.234 Y175.956
G0 X178.84 Y175.895
G0 X180.191 Y176.85
G1 F1500 E1966.97061
G1 F2400 X180.191 Y177.21 E1966.98258
G1 X180.131 Y177.27 E1966.9854
G1 X179.773 Y177.27 E1966.99731
G1 X180.047 Y177.053 E1967.00104
G1 X180.191 Y176.85 E1967.00221
G1 F1500 E1966.00221
G0 F9000 X178.872 Y175.853
G0 X178.938 Y156.967
G0 X181.844 Y156.967
G0 X181.856 Y158.22
G0 X180.591 Y158.22
G1 F1500 E1967.02882
G1 F2400 X180.591 Y177.255 E1967.66193
G1 X180.549 Y177.433 E1967.66801
G1 X180.363 Y177.623 E1967.67685
G1 X180.182 Y177.67 E1967.68307
G1 X119.807 Y177.669 E1969.69115
G1 X119.66 Y177.635 E1969.69617
G1 X119.541 Y177.557 E1969.70091
G1 X119.445 Y177.422 E1969.70642
G1 X119.409 Y177.27 E1969.71161
G1 X119.409 Y158.22 E1970.34522
G1 X119.809 Y158.22 E1970.35852
G1 X119.81 Y175.782 E1970.94263
G1 X119.891 Y176.19 E1970.95647
G1 X120.073 Y176.557 E1970.97009
G1 X120.363 Y176.887 E1970.98471
G1 X120.698 Y177.107 E1970.99804
G1 X121.117 Y177.246 E1971.01272
G1 X121.388 Y177.27 E1971.02177
G1 X178.696 Y177.269 E1972.92784
G1 X179.024 Y177.214 E1972.9389
G1 X179.406 Y177.051 E1972.95272
G1 X179.754 Y176.775 E1972.96749
G1 X180.017 Y176.404 E1972.98261
G1 X180.15 Y176.044 E1972.99538
G1 X180.191 Y175.697 E1973.007
G1 X180.191 Y158.22 E1973.58829
G1 X180.591 Y158.22 E1973.60159
G0 F9000 X180.991 Y157.82
;TYPE:WALL-OUTER
G1 F2400 X180.991 Y177.303 E1974.2496
G1 X180.923 Y177.594 E1974.25954
G1 X180.769 Y177.823 E1974.26872
G1 X180.539 Y177.99 E1974.27817
G1 X180.26 Y178.066 E1974.28779
G1 X180.182 Y178.07 E1974.29039
G1 X119.763 Y178.069 E1976.29993
G1 X119.498 Y178.007 E1976.30898
G1 X119.258 Y177.85 E1976.31852
G1 X119.077 Y177.594 E1976.32895
G1 X119.013 Y177.348 E1976.3374
G1 X119.009 Y177.27 E1976.34
G1 X119.009 Y157.82 E1976.98691
G1 X120.209 Y157.82 E1977.02682
G1 X120.21 Y175.743 E1977.62294
G1 X120.273 Y176.06 E1977.63369
G1 X120.408 Y176.332 E1977.64379
G1 X120.628 Y176.582 E1977.65487
G1 X120.874 Y176.744 E1977.66467
G1 X121.199 Y176.852 E1977.67606
G1 X121.405 Y176.87 E1977.68293
G1 X178.662 Y176.869 E1979.58731
G1 X178.911 Y176.827 E1979.59571
G1 X179.2 Y176.704 E1979.60615
G1 X179.461 Y176.497 E1979.61723
G1 X179.66 Y176.216 E1979.62869
G1 X179.758 Y175.95 E1979.63812
G1 X179.791 Y175.673 E1979.64739
G1 X179.791 Y157.82 E1980.24119
G1 X180.991 Y157.82 E1980.2811
G1 F1500 E1979.2811
;MESH:NONMESH
G0 F300 X180.991 Y157.82 Z5.6
G0 F9000 X180.991 Y156.955
G0 X121.234 Y124.044
G0 X120.223 Y122.73
;TIME_ELAPSED:3125.123984
;LAYER:27
;TYPE:WALL-INNER
;MESH:Battery Holder.STL
G1 F1500 E1980.30771
G1 F2400 X120.001 Y122.9 E1980.31701
G1 X119.809 Y123.145 E1980.32736
G1 X119.809 Y122.78 E1980.33188
G1 X119.868 Y122.73 E1980.33284
G1 X120.223 Y122.73 E1980.33678
G1 F1500 E1979.33678
G0 F9000 X121.227 Y124.048
G0 X178.803 Y124.069
G0 X180.19 Y122.786
G1 F1500 E1980.36339
G1 F2400 X180.19 Y123.128 E1980.37476
G1 X179.883 Y122.795 E1980.38223
G1 X179.784 Y122.731 E1980.38615
G1 X180.117 Y122.731 E1980.39217
G1 X180.19 Y122.786
G0 F9000 X180.542 Y122.556
G1 F2400 X180.59 Y122.734 E1980.39831
G1 X180.591 Y141.78 E1981.03178
G1 X180.191 Y141.78 E1981.04508
G1 X180.19 Y124.214 E1981.62933
G1 X180.091 Y123.76 E1981.64479
G1 X179.897 Y123.4 E1981.65839
G1 X179.623 Y123.103 E1981.67183
G1 X179.291 Y122.887 E1981.685
G1 X178.878 Y122.754 E1981.69943
G1 X178.612 Y122.73 E1981.70831
G1 X121.304 Y122.731 E1983.61439
G1 X120.95 Y122.794 E1983.62635
G1 X120.587 Y122.955 E1983.63955
G1 X120.284 Y123.187 E1983.65225
G1 X120.037 Y123.502 E1983.66556
G1 X119.884 Y123.837 E1983.67781
G1 X119.812 Y124.2 E1983.69012
G1 X119.809 Y124.322 E1983.69418
G1 X119.809 Y141.78 E1984.27483
G1 X119.409 Y141.78 E1984.28814
G1 X119.409 Y122.738 E1984.92148
G1 X119.44 Y122.594 E1984.92637
G1 X119.529 Y122.454 E1984.93189
G1 X119.633 Y122.378 E1984.93618
G1 X119.818 Y122.33 E1984.94253
G1 X180.192 Y122.331 E1986.95058
G1 X180.442 Y122.428 E1986.9595
G1 X180.542 Y122.556 E1986.9649
G0 F9000 X180.907 Y122.374
;TYPE:WALL-OUTER
G1 F2400 X180.99 Y122.682 E1986.97551
G1 X180.991 Y142.18 E1987.62402
G1 X179.791 Y142.18 E1987.66393
G1 X179.79 Y124.257 E1988.26005
G1 X179.712 Y123.9 E1988.27221
G1 X179.569 Y123.634 E1988.28225
G1 X179.363 Y123.411 E1988.29235
G1 X179.117 Y123.251 E1988.30211
G1 X178.798 Y123.148 E1988.31326
G1 X178.594 Y123.13 E1988.32007
G1 X121.339 Y123.131 E1990.22438
G1 X121.068 Y123.179 E1990.23353
G1 X120.793 Y123.301 E1990.24354
G1 X120.568 Y123.474 E1990.25298
G1 X120.381 Y123.712 E1990.26304
G1 X120.267 Y123.961 E1990.27215
G1 X120.211 Y124.244 E1990.28175
G1 X120.209 Y124.327 E1990.28451
G1 X120.209 Y142.18 E1990.8783
G1 X119.009 Y142.18 E1990.91822
G1 X119.009 Y122.697 E1991.56622
G1 X119.064 Y122.438 E1991.57503
G1 X119.231 Y122.177 E1991.58533
G1 X119.459 Y122.011 E1991.59472
G1 X119.74 Y121.934 E1991.60441
G1 X119.818 Y121.93 E1991.607
G1 X180.236 Y121.931 E1993.61651
G1 X180.483 Y121.985 E1993.62492
G1 X180.712 Y122.123 E1993.63382
G1 X180.907 Y122.374 E1993.64439
G0 F9000 X180.514 Y122.57
G1 F1500 E1992.64439
G0 F9000 X181.854 Y122.63
G0 X181.844 Y143.033
G0 X121.207 Y175.938
G0 X120.216 Y177.269
;TYPE:WALL-INNER
G1 F1500 E1993.671
G1 F2400 X119.858 Y177.269 E1993.6829
G1 X119.81 Y177.214 E1993.68533
G1 X119.81 Y176.864 E1993.69697
G1 X120.099 Y177.192 E1993.70369
G1 X120.216 Y177.269
G1 F1500 E1992.70369
G0 F9000 X121.247 Y175.963
G0 X178.854 Y175.879
G0 X180.191 Y176.856
G1 F1500 E1993.7303
G1 F2400 X180.191 Y177.209 E1993.74204
G1 X180.18 Y177.257 E1993.74368
G1 X180.121 Y177.27 E1993.74569
G1 X179.779 Y177.27 E1993.75706
G1 X180.001 Y177.1 E1993.7591
G1 X180.191 Y176.856 E1993.76183
G1 F1500 E1992.76183
G0 F9000 X178.877 Y175.845
G0 X178.938 Y156.967
G0 X181.844 Y156.967
G0 X181.856 Y158.22
G0 X180.591 Y158.22
G1 F1500 E1993.78844
G1 F2400 X180.591 Y177.256 E1994.42158
G1 X180.551 Y177.429 E1994.42748
G1 X180.476 Y177.54 E1994.43194
G1 X180.352 Y177.628 E1994.437
G1 X180.163 Y177.67 E1994.44344
G1 X119.811 Y177.669 E1996.45075
G1 X119.652 Y177.631 E1996.45619
G1 X119.456 Y177.441 E1996.46527
G1 X119.41 Y177.267 E1996.47126
G1 X119.409 Y158.22 E1997.10476
G1 X119.809 Y158.22 E1997.11807
G1 X119.81 Y175.785 E1997.70228
G1 X119.9 Y176.213 E1997.71683
G1 X120.074 Y176.558 E1997.72968
G1 X120.364 Y176.887 E1997.74426
G1 X120.708 Y177.113 E1997.75795
G1 X121.119 Y177.246 E1997.77232
G1 X121.388 Y177.27 E1997.7813
G1 X178.696 Y177.269 E1999.68738
G1 X179.024 Y177.214 E1999.69844
G1 X179.402 Y177.054 E1999.71209
G1 X179.717 Y176.813 E1999.72528
G1 X179.963 Y176.498 E1999.73858
G1 X180.116 Y176.164 E1999.75079
G1 X180.188 Y175.799 E1999.76317
G1 X180.191 Y175.678 E1999.76719
G1 X180.191 Y158.22 E2000.34785
G1 X180.591 Y158.22 E2000.36115
G0 F9000 X180.991 Y157.82
;TYPE:WALL-OUTER
G1 F2400 X180.991 Y177.303 E2001.00916
G1 X180.924 Y177.592 E2001.01903
G1 X180.769 Y177.822 E2001.02825
G1 X180.523 Y177.998 E2001.03831
G1 X180.244 Y178.067 E2001.04787
G1 X180.182 Y178.07 E2001.04994
G1 X119.764 Y178.069 E2003.05945
G1 X119.489 Y178.003 E2003.06885
G1 X119.256 Y177.848 E2003.07816
G1 X119.088 Y177.616 E2003.08769
G1 X119.01 Y177.318 E2003.09793
G1 X119.009 Y157.82 E2003.74644
G1 X120.209 Y157.82 E2003.78635
G1 X120.21 Y175.743 E2004.38247
G1 X120.281 Y176.08 E2004.39393
G1 X120.408 Y176.332 E2004.40331
G1 X120.628 Y176.582 E2004.41439
G1 X120.883 Y176.749 E2004.42453
G1 X121.199 Y176.852 E2004.43558
G1 X121.405 Y176.87 E2004.44246
G1 X178.662 Y176.869 E2006.34684
G1 X178.911 Y176.827 E2006.35523
G1 X179.199 Y176.705 E2006.36564
G1 X179.433 Y176.526 E2006.37544
G1 X179.619 Y176.288 E2006.38548
G1 X179.733 Y176.04 E2006.39456
G1 X179.789 Y175.755 E2006.40422
G1 X179.791 Y175.673 E2006.40695
G1 X179.791 Y157.82 E2007.00074
G1 X180.991 Y157.82 E2007.04066
G1 F1500 E2006.04066
;MESH:NONMESH
G0 F300 X180.991 Y157.82 Z5.8
G0 F9000 X180.991 Y156.955
G0 X121.221 Y124.052
G0 X120.222 Y122.73
;TIME_ELAPSED:3151.775076
;LAYER:28
;TYPE:WALL-INNER
;MESH:Battery Holder.STL
G1 F1500 E2007.06726
G1 F2400 X119.916 Y122.988 E2007.08058
G1 X119.809 Y123.146 E2007.08692
G1 X119.809 Y122.783 E2007.09272
G1 X119.818 Y122.745
G1 X119.882 Y122.73 E2007.09298
G1 X120.222 Y122.73 E2007.09647
G1 F1500 E2006.09647
G0 F9000 X121.227 Y124.048
G0 X178.938 Y143.033
G0 X181.844 Y143.033
G0 X181.83 Y122.426
G0 X181.59 Y121.826
G0 X181.146 Y121.367
G0 X180.662 Y121.153
G0 X180.15 Y121.065
G0 X180.15 Y122.732
G1 F1500 E2007.12308
G1 F2400 X180.19 Y122.783 E2007.12523
G1 X180.19 Y123.128 E2007.13671
G1 X179.883 Y122.795 E2007.14414
G1 X179.784 Y122.731 E2007.14807
G1 X180.15 Y122.732 E2007.15512
G0 F9000 X180.342 Y122.366
G1 F2400 X180.54 Y122.548 E2007.16406
G1 X180.59 Y122.731 E2007.17037
G1 X180.591 Y141.78 E2007.80394
G1 X180.191 Y141.78 E2007.81725
G1 X180.19 Y124.217 E2008.4014
G1 X180.104 Y123.794 E2008.41575
G1 X179.899 Y123.402 E2008.43047
G1 X179.623 Y123.103 E2008.444
G1 X179.289 Y122.887 E2008.45723
G1 X178.878 Y122.754 E2008.4716
G1 X178.612 Y122.73 E2008.48048
G1 X121.299 Y122.731 E2010.38672
G1 X120.882 Y122.815 E2010.40087
G1 X120.552 Y122.974 E2010.41305
G1 X120.216 Y123.258 E2010.42768
G1 X119.97 Y123.622 E2010.4423
G1 X119.843 Y123.987 E2010.45515
G1 X119.81 Y124.251 E2010.464
G1 X119.809 Y141.78 E2011.04702
G1 X119.409 Y141.78 E2011.06032
G1 X119.409 Y122.735 E2011.69376
G1 X119.446 Y122.576 E2011.69919
G1 X119.523 Y122.459 E2011.70385
G1 X119.639 Y122.375 E2011.70861
G1 X119.837 Y122.33 E2011.71536
G1 X180.189 Y122.331 E2013.72268
G1 X180.342 Y122.366 E2013.7279
G0 F9000 X180.505 Y121.993
;TYPE:WALL-OUTER
G1 F2400 X180.759 Y122.167 E2013.73814
G1 X180.907 Y122.374 E2013.7466
G1 X180.99 Y122.677 E2013.75705
G1 X180.991 Y142.18 E2014.40572
G1 X179.791 Y142.18 E2014.44564
G1 X179.79 Y124.257 E2015.04176
G1 X179.723 Y123.929 E2015.05289
G1 X179.569 Y123.634 E2015.06396
G1 X179.363 Y123.411 E2015.07406
G1 X179.116 Y123.251 E2015.08385
G1 X178.798 Y123.148 E2015.09496
G1 X178.594 Y123.13 E2015.10178
G1 X121.339 Y123.131 E2017.00608
G1 X121.01 Y123.197 E2017.01725
G1 X120.772 Y123.312 E2017.02604
G1 X120.517 Y123.528 E2017.03715
G1 X120.331 Y123.803 E2017.04819
G1 X120.235 Y124.079 E2017.05791
G1 X120.21 Y124.276 E2017.06452
G1 X120.209 Y142.18 E2017.66001
G1 X119.009 Y142.18 E2017.69992
G1 X119.009 Y122.691 E2018.34813
G1 X119.074 Y122.414 E2018.35759
G1 X119.228 Y122.18 E2018.36691
G1 X119.463 Y122.009 E2018.37657
G1 X119.733 Y121.934 E2018.38589
G1 X119.818 Y121.93 E2018.38872
G1 X180.236 Y121.931 E2020.39824
G1 X180.505 Y121.993 E2020.40742
G0 F9000 X180.329 Y122.395
G1 F1500 E2019.40742
G0 F9000 X180.272 Y121.067
G0 X180.856 Y121.202
G0 X181.389 Y121.574
G0 X181.737 Y122.112
G0 X181.854 Y122.627
G0 X181.844 Y143.033
G0 X121.225 Y175.95
G0 X120.203 Y177.269
;TYPE:WALL-INNER
G1 F1500 E2020.43402
G1 F2400 X119.866 Y177.269 E2020.44523
G1 X119.818 Y177.237 E2020.44715
G1 X119.809 Y177.189 E2020.44878
G1 X119.809 Y176.872 E2020.45932
G1 X120.159 Y177.243 E2020.46915
G1 X120.203 Y177.269
G1 F1500 E2019.46915
G0 F9000 X121.242 Y175.96
G0 X178.853 Y175.88
G0 X180.191 Y176.862
G1 F1500 E2020.49576
G1 F2400 X180.191 Y177.212 E2020.5074
G1 X180.18 Y177.255 E2020.50887
G1 X180.103 Y177.27 E2020.51148
G1 X179.786 Y177.27 E2020.52203
G1 X180.124 Y176.966 E2020.5297
G1 X180.191 Y176.862
G1 F1500 E2019.5297
G0 F9000 X178.876 Y175.846
G0 X178.938 Y156.967
G0 X181.844 Y156.967
G0 X181.856 Y158.22
G0 X180.591 Y158.22
G1 F1500 E2020.55631
G1 F2400 X180.591 Y177.26 E2021.18959
G1 X180.547 Y177.437 E2021.19565
G1 X180.462 Y177.554 E2021.20046
G1 X180.345 Y177.631 E2021.20512
G1 X180.142 Y177.67 E2021.212
G1 X119.809 Y177.669 E2023.21868
G1 X119.623 Y177.615 E2023.22512
G1 X119.447 Y177.424 E2023.23376
G1 X119.409 Y177.23 E2023.24034
G1 X119.409 Y158.22 E2023.87261
G1 X119.809 Y158.22 E2023.88591
G1 X119.81 Y175.784 E2024.4701
G1 X119.896 Y176.205 E2024.48439
G1 X120.102 Y176.6 E2024.4992
G1 X120.411 Y176.927 E2024.51417
G1 X120.796 Y177.154 E2024.52903
G1 X121.247 Y177.263 E2024.54447
G1 X121.394 Y177.27 E2024.54936
G1 X178.703 Y177.269 E2026.45546
G1 X179.134 Y177.18 E2026.4701
G1 X179.491 Y176.997 E2026.48345
G1 X179.817 Y176.704 E2026.49802
G1 X180.038 Y176.362 E2026.51157
G1 X180.168 Y175.96 E2026.52562
G1 X180.191 Y175.69 E2026.53463
G1 X180.191 Y158.22 E2027.11569
G1 X180.591 Y158.22 E2027.12899
G0 F9000 X180.991 Y157.82
;TYPE:WALL-OUTER
G1 F2400 X180.991 Y177.309 E2027.7772
G1 X180.916 Y177.608 E2027.78745
G1 X180.743 Y177.849 E2027.79732
G1 X180.498 Y178.009 E2027.80705
G1 X180.182 Y178.07 E2027.81775
G1 X119.755 Y178.069 E2029.82756
G1 X119.438 Y177.978 E2029.83853
G1 X119.213 Y177.804 E2029.84799
G1 X119.07 Y177.576 E2029.85695
G1 X119.009 Y177.268 E2029.86739
G1 X119.009 Y157.82 E2030.51423
G1 X120.209 Y157.82 E2030.55414
G1 X120.21 Y175.743 E2031.15027
G1 X120.277 Y176.07 E2031.16137
G1 X120.431 Y176.366 E2031.17247
G1 X120.663 Y176.611 E2031.18369
G1 X120.948 Y176.779 E2031.19469
G1 X121.304 Y176.865 E2031.20687
G1 X121.404 Y176.87 E2031.2102
G1 X178.662 Y176.869 E2033.11461
G1 X179 Y176.799 E2033.12609
G1 X179.262 Y176.665 E2033.13588
G1 X179.51 Y176.442 E2033.14697
G1 X179.673 Y176.189 E2033.15698
G1 X179.773 Y175.88 E2033.16778
G1 X179.791 Y175.673 E2033.1747
G1 X179.791 Y157.82 E2033.76849
G1 X180.991 Y157.82 E2033.8084
G1 F1500 E2032.8084
;MESH:NONMESH
G0 F300 X180.991 Y157.82 Z6
G0 F9000 X180.991 Y156.955
G0 X121.227 Y124.048
G0 X120.205 Y122.73
;TIME_ELAPSED:3179.009739
;LAYER:29
;TYPE:WALL-INNER
;MESH:Battery Holder.STL
G1 F1500 E2033.83501
G1 F2400 X119.827 Y123.093 E2033.85244
G1 X119.809 Y123.124 E2033.85363
G1 X119.809 Y122.778 E2033.861
G1 X119.882 Y122.73 E2033.86186
G1 X120.205 Y122.73 E2033.86552
G1 F1500 E2032.86552
G0 F9000 X121.246 Y124.037
G0 X178.826 Y124.09
G0 X180.19 Y122.784
G1 F1500 E2033.89213
G1 F2400 X180.19 Y123.141 E2033.904
G1 X180.068 Y122.974 E2033.90443
G1 X179.787 Y122.731 E2033.91679
G1 X180.121 Y122.731 E2033.92032
G1 X180.19 Y122.784 E2033.92093
G0 F9000 X180.452 Y122.433
G1 F2400 X180.583 Y122.666 E2033.92982
G1 X180.59 Y122.721 E2033.93167
G1 X180.591 Y141.78 E2034.56557
G1 X180.191 Y141.78 E2034.57888
G1 X180.19 Y124.221 E2035.16289
G1 X180.129 Y123.877 E2035.17451
G1 X179.987 Y123.541 E2035.18664
G1 X179.772 Y123.247 E2035.19876
G1 X179.481 Y122.995 E2035.21156
G1 X179.076 Y122.802 E2035.22648
G1 X178.733 Y122.736 E2035.2381
G1 X178.604 Y122.73 E2035.24239
G1 X121.3 Y122.731 E2037.14833
G1 X120.877 Y122.816 E2037.16268
G1 X120.475 Y123.025 E2037.17775
G1 X120.145 Y123.342 E2037.19297
G1 X119.921 Y123.73 E2037.20787
G1 X119.812 Y124.193 E2037.22369
G1 X119.809 Y124.322 E2037.22799
G1 X119.809 Y141.78 E2037.80864
G1 X119.409 Y141.78 E2037.82195
G1 X119.409 Y122.734 E2038.45542
G1 X119.442 Y122.588 E2038.4604
G1 X119.519 Y122.467 E2038.46517
G1 X119.661 Y122.367 E2038.47094
G1 X119.838 Y122.33 E2038.47696
G1 X180.201 Y122.331 E2040.48464
G1 X180.452 Y122.433 E2040.49365
G0 F9000 X180.723 Y122.132
;TYPE:WALL-OUTER
G1 F2400 X180.886 Y122.333 E2040.50226
G1 X180.974 Y122.569 E2040.51064
G1 X180.99 Y122.695 E2040.51486
G1 X180.991 Y142.18 E2041.16293
G1 X179.791 Y142.18 E2041.20285
G1 X179.79 Y124.256 E2041.799
G1 X179.743 Y123.991 E2041.80795
G1 X179.637 Y123.74 E2041.81701
G1 X179.476 Y123.52 E2041.82608
G1 X179.26 Y123.333 E2041.83558
G1 X178.95 Y123.185 E2041.84701
G1 X178.686 Y123.134 E2041.85595
G1 X178.595 Y123.13 E2041.85898
G1 X121.34 Y123.131 E2043.76329
G1 X121.011 Y123.197 E2043.77445
G1 X120.711 Y123.353 E2043.7857
G1 X120.463 Y123.591 E2043.79713
G1 X120.297 Y123.879 E2043.80819
G1 X120.211 Y124.244 E2043.82066
G1 X120.209 Y124.327 E2043.82342
G1 X120.209 Y142.18 E2044.41721
G1 X119.009 Y142.18 E2044.45713
G1 X119.009 Y122.692 E2045.1053
G1 X119.067 Y122.432 E2045.11416
G1 X119.225 Y122.184 E2045.12394
G1 X119.49 Y121.997 E2045.13473
G1 X119.738 Y121.934 E2045.14324
G1 X119.818 Y121.93 E2045.1459
G1 X180.248 Y121.931 E2047.15581
G1 X180.508 Y121.995 E2047.16472
G1 X180.723 Y122.132 E2047.1732
G0 F9000 X180.431 Y122.46
G1 F1500 E2046.1732
G0 F9000 X180.675 Y121.136
G0 X181.294 Y121.483
G0 X181.718 Y122.065
G0 X181.854 Y122.579
G0 X181.844 Y143.033
G0 X121.226 Y175.95
G0 X120.224 Y177.269
;TYPE:WALL-INNER
G1 F1500 E2047.1998
G1 F2400 X119.867 Y177.269 E2047.21168
G1 X119.821 Y177.256 E2047.21327
G1 X119.809 Y177.192 E2047.21543
G1 X119.809 Y176.854 E2047.22668
G1 X120.024 Y177.122 E2047.23043
G1 X120.224 Y177.269 E2047.23168
G1 F1500 E2046.23168
G0 F9000 X121.25 Y175.965
G0 X178.836 Y175.898
G0 X180.191 Y176.858
G1 F1500 E2047.25829
G1 F2400 X180.191 Y177.219 E2047.27029
G1 X180.182 Y177.257 E2047.27159
G1 X180.12 Y177.27 E2047.2737
G1 X179.778 Y177.27 E2047.28507
G1 X179.941 Y177.153 E2047.28541
G1 X180.191 Y176.858 E2047.29036
G1 F1500 E2046.29036
G0 F9000 X178.893 Y175.817
G0 X178.938 Y156.967
G0 X181.844 Y156.967
G0 X181.856 Y158.22
G0 X180.591 Y158.22
G1 F1500 E2047.31697
G1 F2400 X180.591 Y177.263 E2047.95034
G1 X180.552 Y177.429 E2047.95601
G1 X180.482 Y177.534 E2047.96021
G1 X180.349 Y177.63 E2047.96566
G1 X180.162 Y177.67 E2047.97202
G1 X119.811 Y177.669 E2049.97931
G1 X119.623 Y177.616 E2049.9858
G1 X119.527 Y177.545 E2049.98977
G1 X119.443 Y177.411 E2049.99503
G1 X119.409 Y177.226 E2050.00129
G1 X119.409 Y158.22 E2050.63343
G1 X119.809 Y158.22 E2050.64674
G1 X119.81 Y175.779 E2051.23075
G1 X119.872 Y176.125 E2051.24244
G1 X120.036 Y176.498 E2051.256
G1 X120.303 Y176.831 E2051.27019
G1 X120.636 Y177.076 E2051.28394
G1 X121.089 Y177.241 E2051.29998
G1 X121.385 Y177.27 E2051.30987
G1 X178.694 Y177.269 E2053.21597
G1 X179.021 Y177.215 E2053.227
G1 X179.368 Y177.072 E2053.23948
G1 X179.668 Y176.857 E2053.25176
G1 X179.943 Y176.532 E2053.26592
G1 X180.116 Y176.166 E2053.27938
G1 X180.188 Y175.799 E2053.29182
G1 X180.191 Y175.678 E2053.29585
G1 X180.191 Y158.22 E2053.8765
G1 X180.591 Y158.22 E2053.88981
G0 F9000 X180.991 Y157.82
;TYPE:WALL-OUTER
G1 F2400 X180.991 Y177.308 E2054.53798
G1 X180.924 Y177.592 E2054.54768
G1 X180.776 Y177.816 E2054.55661
G1 X180.523 Y177.998 E2054.56698
G1 X180.262 Y178.066 E2054.57595
G1 X180.182 Y178.07 E2054.57861
G1 X119.755 Y178.069 E2056.58842
G1 X119.443 Y177.981 E2056.59921
G1 X119.229 Y177.821 E2056.60809
G1 X119.064 Y177.561 E2056.61834
G1 X119.009 Y177.26 E2056.62851
G1 X119.009 Y157.82 E2057.27509
G1 X120.209 Y157.82 E2057.315
G1 X120.21 Y175.744 E2057.91116
G1 X120.257 Y176.008 E2057.92008
G1 X120.381 Y176.289 E2057.93029
G1 X120.582 Y176.54 E2057.94099
G1 X120.827 Y176.72 E2057.9511
G1 X121.178 Y176.848 E2057.96352
G1 X121.404 Y176.87 E2057.97108
G1 X178.661 Y176.869 E2059.87545
G1 X178.911 Y176.828 E2059.88388
G1 X179.173 Y176.72 E2059.8933
G1 X179.395 Y176.561 E2059.90239
G1 X179.604 Y176.314 E2059.91315
G1 X179.733 Y176.04 E2059.92322
G1 X179.789 Y175.755 E2059.93288
G1 X179.791 Y175.673 E2059.93561
G1 X179.791 Y157.82 E2060.5294
G1 X180.991 Y157.82 E2060.56931
G1 F1500 E2059.56931
;MESH:NONMESH
G0 F300 X180.991 Y157.82 Z6.2
G0 F9000 X180.991 Y156.955
G0 X121.21 Y124.06
G0 X120.211 Y122.73
;TIME_ELAPSED:3205.702386
;LAYER:30
;TYPE:WALL-INNER
;MESH:Battery Holder.STL
G1 F1500 E2060.59592
G1 F2400 X119.882 Y123.026 E2060.61064
G1 X119.809 Y123.138 E2060.61509
G1 X119.809 Y122.785 E2060.62147
G1 X119.82 Y122.74
G1 X119.882 Y122.73 E2060.6217
G1 X120.211 Y122.73 E2060.6251
G1 F1500 E2059.6251
G0 F9000 X121.238 Y124.041
G0 X178.938 Y143.033
G0 X181.844 Y143.033
G0 X181.829 Y122.428
G0 X181.606 Y121.852
G0 X181.112 Y121.342
G0 X180.652 Y121.148
G0 X180.148 Y121.065
G0 X180.148 Y122.731
G1 F1500 E2060.6517
G1 F2400 X180.19 Y122.777 E2060.65378
G1 X180.19 Y123.146 E2060.66605
G1 X180.001 Y122.902 E2060.66866
G1 X179.778 Y122.731 E2060.67656
G1 X180.148 Y122.731 E2060.68148
G0 F9000 X180.54 Y122.548
G1 F2400 X180.59 Y122.721 E2060.68747
G1 X180.591 Y141.78 E2061.32137
G1 X180.191 Y141.78 E2061.33468
G1 X180.19 Y124.221 E2061.91869
G1 X180.129 Y123.878 E2061.93028
G1 X179.986 Y123.536 E2061.94261
G1 X179.717 Y123.188 E2061.95724
G1 X179.404 Y122.949 E2061.97034
G1 X179.04 Y122.791 E2061.98353
G1 X178.624 Y122.73 E2061.99752
G1 X121.3 Y122.731 E2063.90412
G1 X120.88 Y122.815 E2063.91837
G1 X120.502 Y123.006 E2063.93245
G1 X120.189 Y123.288 E2063.94647
G1 X119.966 Y123.631 E2063.96007
G1 X119.833 Y124.041 E2063.97441
G1 X119.809 Y124.31 E2063.98339
G1 X119.809 Y141.78 E2064.56445
G1 X119.409 Y141.78 E2064.57775
G1 X119.409 Y122.741 E2065.21099
G1 X119.448 Y122.575 E2065.21666
G1 X119.527 Y122.456 E2065.22141
G1 X119.663 Y122.36 E2065.22695
G1 X119.85 Y122.33 E2065.23325
G1 X180.198 Y122.331 E2067.24043
G1 X180.342 Y122.366 E2067.24536
G1 X180.54 Y122.548 E2067.2543
G0 F9000 X180.743 Y122.151
;TYPE:WALL-OUTER
G1 F2400 X180.904 Y122.368 E2067.26329
G1 X180.987 Y122.655 E2067.27323
G1 X180.99 Y122.693 E2067.2745
G1 X180.991 Y142.18 E2067.92264
G1 X179.791 Y142.18 E2067.96255
G1 X179.79 Y124.256 E2068.5587
G1 X179.743 Y123.992 E2068.56762
G1 X179.637 Y123.739 E2068.57675
G1 X179.432 Y123.474 E2068.58789
G1 X179.2 Y123.296 E2068.59762
G1 X178.93 Y123.179 E2068.6074
G1 X178.595 Y123.13 E2068.61866
G1 X121.34 Y123.131 E2070.52297
G1 X121.012 Y123.197 E2070.5341
G1 X120.73 Y123.339 E2070.5446
G1 X120.496 Y123.55 E2070.55508
G1 X120.33 Y123.805 E2070.5652
G1 X120.227 Y124.121 E2070.57626
G1 X120.209 Y124.327 E2070.58313
G1 X120.209 Y142.18 E2071.17693
G1 X119.009 Y142.18 E2071.21684
G1 X119.009 Y122.693 E2071.86498
G1 X119.074 Y122.414 E2071.87451
G1 X119.234 Y122.174 E2071.8841
G1 X119.467 Y122.007 E2071.89364
G1 X119.555 Y121.972 E2071.89679
G1 X119.818 Y121.93 E2071.90564
G1 X180.247 Y121.931 E2073.91552
G1 X180.503 Y121.993 E2073.92428
G1 X180.743 Y122.151 E2073.93384
G0 F9000 X180.441 Y122.47
G1 F1500 E2072.93384
G0 F9000 X181.291 Y121.482
G0 X181.679 Y121.985
G0 X181.854 Y122.578
G0 X181.844 Y143.033
G0 X121.216 Y175.944
G0 X120.222 Y177.269
;TYPE:WALL-INNER
G1 F1500 E2073.96045
G1 F2400 X119.87 Y177.269 E2073.97215
G1 X119.81 Y177.192 E2073.9754
G1 X119.81 Y176.85 E2073.98678
G1 X120.071 Y177.169 E2073.99254
G1 X120.222 Y177.269
G1 F1500 E2072.99254
G0 F9000 X121.235 Y175.956
G0 X178.84 Y175.895
G0 X180.191 Y176.852
G1 F1500 E2074.01914
G1 F2400 X180.191 Y177.216 E2074.03125
G1 X180.183 Y177.254 E2074.03254
G1 X180.116 Y177.27 E2074.03483
G1 X179.776 Y177.27 E2074.04614
G1 X179.969 Y177.127 E2074.04732
G1 X180.191 Y176.852 E2074.05119
G1 F1500 E2073.05119
G0 F9000 X178.884 Y175.832
G0 X178.938 Y156.967
G0 X181.844 Y156.967
G0 X181.856 Y158.22
G0 X180.591 Y158.22
G1 F1500 E2074.07779
G1 F2400 X180.591 Y177.262 E2074.71113
G1 X180.555 Y177.421 E2074.71656
G1 X180.478 Y177.539 E2074.72124
G1 X180.362 Y177.624 E2074.72603
G1 X180.164 Y177.67 E2074.73279
G1 X119.814 Y177.669 E2076.74004
G1 X119.62 Y177.614 E2076.74674
G1 X119.515 Y177.531 E2076.75119
G1 X119.41 Y177.269 E2076.76058
G1 X119.409 Y158.22 E2077.39415
G1 X119.809 Y158.22 E2077.40746
G1 X119.81 Y175.779 E2077.99147
G1 X119.871 Y176.122 E2078.00306
G1 X120.016 Y176.469 E2078.01557
G1 X120.342 Y176.869 E2078.03273
G1 X120.716 Y177.116 E2078.04764
G1 X121.096 Y177.242 E2078.06095
G1 X121.384 Y177.27 E2078.07058
G1 X178.694 Y177.269 E2079.97672
G1 X179.02 Y177.215 E2079.98771
G1 X179.372 Y177.071 E2080.00036
G1 X179.69 Y176.836 E2080.01351
G1 X179.974 Y176.484 E2080.02855
G1 X180.142 Y176.077 E2080.0432
G1 X180.191 Y175.699 E2080.05587
G1 X180.191 Y158.22 E2080.63723
G1 X180.591 Y158.22 E2080.65053
G0 F9000 X180.991 Y157.82
;TYPE:WALL-OUTER
G1 F2400 X180.991 Y177.307 E2081.29867
G1 X180.929 Y177.579 E2081.30795
G1 X180.772 Y177.82 E2081.31752
G1 X180.54 Y177.989 E2081.32706
G1 X180.269 Y178.066 E2081.33643
G1 X180.182 Y178.07 E2081.33933
G1 X119.756 Y178.069 E2083.34911
G1 X119.434 Y177.977 E2083.36025
G1 X119.204 Y177.794 E2083.37002
G1 X119.046 Y177.51 E2083.38083
G1 X119.01 Y177.306 E2083.38772
G1 X119.009 Y157.82 E2084.03583
G1 X120.209 Y157.82 E2084.07574
G1 X120.21 Y175.744 E2084.67189
G1 X120.257 Y176.008 E2084.68081
G1 X120.363 Y176.261 E2084.68994
G1 X120.614 Y176.569 E2084.70315
G1 X120.892 Y176.753 E2084.71424
G1 X121.179 Y176.848 E2084.72429
G1 X121.404 Y176.87 E2084.73181
G1 X178.661 Y176.869 E2086.63619
G1 X178.91 Y176.828 E2086.64458
G1 X179.174 Y176.72 E2086.65407
G1 X179.411 Y176.545 E2086.66387
G1 X179.626 Y176.278 E2086.67527
G1 X179.752 Y175.973 E2086.68625
G1 X179.791 Y175.673 E2086.69631
G1 X179.791 Y157.82 E2087.2901
G1 X180.991 Y157.82 E2087.33001
G1 F1500 E2086.33001
;MESH:NONMESH
G0 F300 X180.991 Y157.82 Z6.4
G0 F9000 X180.991 Y156.955
G0 X178.938 Y143.033
G0 X178.867 Y124.14
G0 X179.764 Y123.239
;TIME_ELAPSED:3232.667232
;LAYER:31
;TYPE:WALL-INNER
;MESH:Battery Holder.STL
G1 F1500 E2087.35662
G1 F2400 X179.486 Y122.999 E2087.36884
G1 X179.159 Y122.83 E2087.38108
G1 X178.735 Y122.734 E2087.39554
G1 X178.602 Y122.73 E2087.39996
G1 X121.308 Y122.731 E2089.30557
G1 X120.976 Y122.785 E2089.31676
G1 X120.584 Y122.955 E2089.33097
G1 X120.266 Y123.206 E2089.34444
G1 X119.998 Y123.566 E2089.35937
G1 X119.847 Y123.969 E2089.37368
G1 X119.809 Y124.304 E2089.3849
G1 X119.81 Y175.779 E2091.09696
G1 X119.871 Y176.123 E2091.10858
G1 X120.028 Y176.486 E2091.12174
G1 X120.279 Y176.808 E2091.13532
G1 X120.606 Y177.057 E2091.14899
G1 X120.971 Y177.213 E2091.16219
G1 X121.376 Y177.27 E2091.17579
G1 X178.697 Y177.269 E2093.0823
G1 X179.092 Y177.193 E2093.09568
G1 X179.527 Y176.973 E2093.11189
G1 X179.817 Y176.703 E2093.12507
G1 X180.031 Y176.378 E2093.13801
G1 X180.167 Y175.96 E2093.15263
G1 X180.191 Y175.69 E2093.16165
G1 X180.19 Y124.221 E2094.87351
G1 X180.129 Y123.877 E2094.88513
G1 X179.989 Y123.545 E2094.89712
G1 X179.764 Y123.239 E2094.90975
G0 F9000 X179.469 Y123.513
;TYPE:WALL-OUTER
G1 F2400 X179.26 Y123.333 E2094.91892
G1 X179.021 Y123.209 E2094.92788
G1 X178.684 Y123.133 E2094.93937
G1 X178.595 Y123.13 E2094.94233
G1 X121.34 Y123.131 E2096.84664
G1 X121.089 Y123.172 E2096.8551
G1 X120.791 Y123.301 E2096.8659
G1 X120.555 Y123.487 E2096.87589
G1 X120.353 Y123.759 E2096.88716
G1 X120.239 Y124.063 E2096.89796
G1 X120.209 Y124.327 E2096.9068
G1 X120.21 Y175.744 E2098.61693
G1 X120.257 Y176.007 E2098.62582
G1 X120.375 Y176.28 E2098.63571
G1 X120.563 Y176.521 E2098.64588
G1 X120.809 Y176.709 E2098.65617
G1 X121.079 Y176.824 E2098.66594
G1 X121.404 Y176.87 E2098.67685
G1 X178.659 Y176.869 E2100.58116
G1 X178.962 Y176.811 E2100.59142
G1 X179.296 Y176.642 E2100.60387
G1 X179.509 Y176.443 E2100.61357
G1 X179.667 Y176.203 E2100.62313
G1 X179.773 Y175.879 E2100.63446
G1 X179.791 Y175.673 E2100.64134
G1 X179.79 Y124.256 E2102.35148
G1 X179.743 Y123.991 E2102.36043
G1 X179.639 Y123.744 E2102.36934
G1 X179.469 Y123.513 E2102.37888
G0 F9000 X179.791 Y123.214
G1 F1500 E2101.37888
G0 F9000 X178.804 Y124.072
G0 X121.23 Y124.047
G0 X120.224 Y122.73
;TYPE:WALL-INNER
G1 F1500 E2102.40549
G1 F2400 X119.977 Y122.925 E2102.41596
G1 X119.809 Y123.15 E2102.4253
G1 X119.809 Y122.784 E2102.43005
G1 X119.865 Y122.73 E2102.43085
G1 X120.224 Y122.73 E2102.4348
G1 F1500 E2101.4348
G0 F9000 X121.188 Y124.077
G0 X121.192 Y175.925
G0 X120.224 Y177.269
G1 F1500 E2102.46141
G1 F2400 X119.868 Y177.269 E2102.47325
G1 X119.81 Y177.195 E2102.47638
G1 X119.81 Y176.858 E2102.48759
G1 X119.995 Y177.095 E2102.48987
G1 X120.224 Y177.269 E2102.4919
G1 F1500 E2101.4919
G0 F9000 X121.245 Y175.963
G0 X178.853 Y175.88
G0 X180.191 Y176.863
G1 F1500 E2102.51851
G1 F2400 X180.191 Y177.211 E2102.53009
G1 X180.18 Y177.258 E2102.53169
G1 X180.122 Y177.27 E2102.53366
G1 X179.795 Y177.27 E2102.54454
G1 X180.125 Y176.963 E2102.5521
G1 X180.191 Y176.863
G1 F1500 E2101.5521
G0 F9000 X178.881 Y175.838
G0 X181.855 Y122.764
G0 X180.19 Y122.765
G1 F1500 E2102.57871
G1 F2400 X180.19 Y123.143 E2102.59128
G1 X180.06 Y122.966 E2102.59193
G1 X179.788 Y122.731 E2102.60388
G1 X180.118 Y122.731 E2102.60737
G1 X180.19 Y122.765 E2102.60792
G0 F9000 X180.554 Y122.576
G1 F2400 X180.59 Y122.716 E2102.61273
G1 X180.591 Y177.258 E2104.4268
G1 X180.552 Y177.427 E2104.43257
G1 X180.473 Y177.543 E2104.43724
G1 X180.347 Y177.632 E2104.44237
G1 X180.164 Y177.67 E2104.44859
G1 X119.812 Y177.669 E2106.4559
G1 X119.625 Y177.616 E2106.46237
G1 X119.515 Y177.529 E2106.46703
G1 X119.41 Y177.275 E2106.47618
G1 X119.409 Y122.739 E2108.29005
G1 X119.442 Y122.59 E2108.29513
G1 X119.526 Y122.459 E2108.3003
G1 X119.654 Y122.368 E2108.30553
G1 X119.82 Y122.33 E2108.31119
G1 X180.196 Y122.331 E2110.3193
G1 X180.456 Y122.439 E2110.32867
G1 X180.554 Y122.576 E2110.33427
G0 F9000 X180.922 Y122.403
;TYPE:WALL-OUTER
G1 F2400 X180.987 Y122.655 E2110.34293
G1 X180.99 Y122.692 E2110.34416
G1 X180.991 Y177.306 E2112.16063
G1 X180.925 Y177.59 E2112.17033
G1 X180.764 Y177.827 E2112.17986
G1 X180.52 Y177.999 E2112.18979
G1 X180.269 Y178.066 E2112.19843
G1 X180.182 Y178.07 E2112.20132
G1 X119.756 Y178.069 E2114.2111
G1 X119.439 Y177.979 E2114.22206
G1 X119.206 Y177.795 E2114.23193
G1 X119.048 Y177.516 E2114.2426
G1 X119.01 Y177.309 E2114.2496
G1 X119.009 Y122.694 E2116.0661
G1 X119.066 Y122.434 E2116.07495
G1 X119.231 Y122.177 E2116.08511
G1 X119.483 Y121.999 E2116.09537
G1 X119.742 Y121.934 E2116.10425
G1 X119.818 Y121.93 E2116.10679
G1 X180.247 Y121.931 E2118.11666
G1 X180.528 Y122.004 E2118.12632
G1 X180.74 Y122.149 E2118.13486
G1 X180.922 Y122.403 E2118.14525
G0 F9000 X180.524 Y122.589
;MESH:NONMESH
G0 F300 X180.524 Y122.589 Z6.6
G0 F9000 X179.761 Y123.234
;TIME_ELAPSED:3260.534755
;LAYER:32
;TYPE:WALL-INNER
;MESH:Battery Holder.STL
G1 F2400 X179.454 Y122.978 E2118.15855
G1 X179.073 Y122.802 E2118.17251
G1 X178.73 Y122.734 E2118.18414
G1 X178.602 Y122.73 E2118.1884
G1 X121.307 Y122.731 E2120.09404
G1 X120.977 Y122.785 E2120.10516
G1 X120.59 Y122.951 E2120.11917
G1 X120.239 Y123.233 E2120.13414
G1 X119.975 Y123.612 E2120.1495
G1 X119.847 Y123.973 E2120.16224
G1 X119.809 Y124.304 E2120.17332
G1 X119.81 Y175.786 E2121.88562
G1 X119.904 Y176.23 E2121.90072
G1 X120.103 Y176.603 E2121.91478
G1 X120.414 Y176.928 E2121.92974
G1 X120.779 Y177.145 E2121.94386
G1 X121.113 Y177.245 E2121.95546
G1 X121.385 Y177.27 E2121.96454
G1 X178.697 Y177.269 E2123.87075
G1 X179.09 Y177.194 E2123.88406
G1 X179.482 Y177.002 E2123.89857
G1 X179.761 Y176.765 E2123.91075
G1 X179.965 Y176.495 E2123.922
G1 X180.116 Y176.164 E2123.93411
G1 X180.188 Y175.799 E2123.94648
G1 X180.191 Y175.678 E2123.9505
G1 X180.19 Y124.222 E2125.66194
G1 X180.134 Y123.896 E2125.67294
G1 X179.989 Y123.546 E2125.68554
G1 X179.761 Y123.234 E2125.69839
G0 F9000 X179.467 Y123.51
;TYPE:WALL-OUTER
G1 F2400 X179.238 Y123.319 E2125.70831
G1 X178.949 Y123.185 E2125.71891
G1 X178.684 Y123.133 E2125.72789
G1 X178.595 Y123.13 E2125.73085
G1 X121.34 Y123.131 E2127.63516
G1 X121.09 Y123.172 E2127.64359
G1 X120.798 Y123.297 E2127.65415
G1 X120.534 Y123.509 E2127.66541
G1 X120.334 Y123.796 E2127.67705
G1 X120.239 Y124.064 E2127.6865
G1 X120.209 Y124.327 E2127.69531
G1 X120.21 Y175.744 E2129.40544
G1 X120.284 Y176.092 E2129.41728
G1 X120.43 Y176.366 E2129.4276
G1 X120.665 Y176.612 E2129.43892
G1 X120.941 Y176.776 E2129.4496
G1 X121.189 Y176.85 E2129.4582
G1 X121.404 Y176.87 E2129.46539
G1 X178.659 Y176.869 E2131.3697
G1 X178.962 Y176.811 E2131.37996
G1 X179.261 Y176.665 E2131.39102
G1 X179.468 Y176.489 E2131.40006
G1 X179.619 Y176.289 E2131.4084
G1 X179.733 Y176.04 E2131.4175
G1 X179.789 Y175.755 E2131.42716
G1 X179.791 Y175.673 E2131.42989
G1 X179.79 Y124.256 E2133.14003
G1 X179.747 Y124.008 E2133.1484
G1 X179.638 Y123.743 E2133.15793
G1 X179.467 Y123.51 E2133.16754
G0 F9000 X179.787 Y123.209
G1 F1500 E2132.16754
G0 F9000 X178.788 Y124.058
G0 X121.238 Y124.042
G0 X120.226 Y122.73
;TYPE:WALL-INNER
G1 F1500 E2133.19415
G1 F2400 X119.944 Y122.957 E2133.20619
G1 X119.809 Y123.151 E2133.21405
G1 X119.809 Y122.81 E2133.21852
G1 X119.833 Y122.744 E2133.21903
G1 X119.89 Y122.73 E2133.21904
G1 X120.226 Y122.73 E2133.22245
G1 F1500 E2132.22245
G0 F9000 X121.194 Y124.073
G0 X121.179 Y175.914
G0 X120.205 Y177.269
G1 F1500 E2133.24906
G1 F2400 X119.867 Y177.269 E2133.2603
G1 X119.81 Y177.224 E2133.26272
G1 X119.81 Y176.875 E2133.27433
G1 X120.163 Y177.244 E2133.28388
G1 X120.205 Y177.269
G1 F1500 E2132.28388
G0 F9000 X121.23 Y175.954
G0 X178.835 Y175.899
G0 X180.191 Y176.86
G1 F1500 E2133.31049
G1 F2400 X180.19 Y177.226 E2133.32266
G1 X180.117 Y177.27 E2133.3255
G1 X179.784 Y177.27 E2133.33658
G1 X180.054 Y177.041 E2133.34081
G1 X180.191 Y176.86 E2133.34167
G1 F1500 E2132.34167
G0 F9000 X178.878 Y175.841
G0 X181.855 Y122.772
G0 X180.19 Y122.773
G1 F1500 E2133.36828
G1 F2400 X180.19 Y123.143 E2133.38059
G1 X180.055 Y122.958 E2133.38143
G1 X179.783 Y122.731 E2133.39321
G1 X180.119 Y122.731 E2133.39679
G1 X180.19 Y122.773 E2133.39741
G0 F9000 X180.537 Y122.542
G1 F2400 X180.59 Y122.715 E2133.40342
G1 X180.591 Y177.263 E2135.2177
G1 X180.556 Y177.42 E2135.22305
G1 X180.364 Y177.624 E2135.23237
G1 X180.161 Y177.67 E2135.23929
G1 X119.812 Y177.669 E2137.2465
G1 X119.62 Y177.615 E2137.25314
G1 X119.439 Y177.406 E2137.26233
G1 X119.41 Y177.267 E2137.26706
G1 X119.409 Y122.74 E2139.08063
G1 X119.503 Y122.481 E2139.0898
G1 X119.618 Y122.386 E2139.09476
G1 X119.839 Y122.33 E2139.10234
G1 X180.197 Y122.331 E2141.10986
G1 X180.454 Y122.436 E2141.11909
G1 X180.537 Y122.542 E2141.12357
G0 F9000 X180.897 Y122.354
;TYPE:WALL-OUTER
G1 F2400 X180.986 Y122.642 E2141.13359
G1 X180.99 Y122.691 E2141.13523
G1 X180.991 Y177.305 E2142.9517
G1 X180.93 Y177.578 E2142.961
G1 X180.776 Y177.815 E2142.9704
G1 X180.543 Y177.988 E2142.98005
G1 X180.281 Y178.065 E2142.98914
G1 X180.181 Y178.07 E2142.99247
G1 X119.756 Y178.069 E2145.00221
G1 X119.437 Y177.979 E2145.01323
G1 X119.219 Y177.81 E2145.02241
G1 X119.063 Y177.558 E2145.03227
G1 X119.01 Y177.308 E2145.04077
G1 X119.009 Y122.695 E2146.8572
G1 X119.067 Y122.432 E2146.86616
G1 X119.196 Y122.216 E2146.87453
G1 X119.418 Y122.032 E2146.88412
G1 X119.672 Y121.942 E2146.89308
G1 X119.818 Y121.93 E2146.89795
G1 X180.246 Y121.931 E2148.9078
G1 X180.515 Y121.998 E2148.91702
G1 X180.73 Y122.139 E2148.92557
G1 X180.897 Y122.354 E2148.93462
G0 F9000 X180.507 Y122.557
;MESH:NONMESH
G0 F300 X180.507 Y122.557 Z6.8
G0 F9000 X179.771 Y123.246
;TIME_ELAPSED:3288.365910
;LAYER:33
;TYPE:WALL-INNER
;MESH:Battery Holder.STL
G1 F2400 X179.477 Y122.992 E2148.94755
G1 X179.064 Y122.799 E2148.96271
G1 X178.728 Y122.734 E2148.97409
G1 X178.602 Y122.73 E2148.97828
G1 X121.305 Y122.731 E2150.88399
G1 X120.955 Y122.793 E2150.89581
G1 X120.604 Y122.943 E2150.90851
G1 X120.27 Y123.201 E2150.92254
G1 X120.04 Y123.497 E2150.93501
G1 X119.883 Y123.839 E2150.94753
G1 X119.812 Y124.214 E2150.96022
G1 X119.809 Y124.321 E2150.96378
G1 X119.81 Y175.784 E2152.67545
G1 X119.893 Y176.196 E2152.68943
G1 X120.118 Y176.624 E2152.70551
G1 X120.416 Y176.93 E2152.71972
G1 X120.794 Y177.151 E2152.73428
G1 X121.152 Y177.252 E2152.74665
G1 X121.391 Y177.27 E2152.75462
G1 X178.696 Y177.269 E2154.6606
G1 X179.088 Y177.195 E2154.67386
G1 X179.482 Y177.002 E2154.68846
G1 X179.767 Y176.76 E2154.70089
G1 X180.025 Y176.387 E2154.71598
G1 X180.152 Y176.028 E2154.72864
G1 X180.191 Y175.696 E2154.73976
G1 X180.19 Y124.222 E2156.45179
G1 X180.134 Y123.896 E2156.46279
G1 X179.99 Y123.544 E2156.47544
G1 X179.771 Y123.246 E2156.48774
G0 F9000 X179.475 Y123.519
;TYPE:WALL-OUTER
G1 F2400 X179.257 Y123.331 E2156.49732
G1 X178.94 Y123.182 E2156.50897
G1 X178.683 Y123.133 E2156.51767
G1 X178.595 Y123.13 E2156.5206
G1 X121.34 Y123.131 E2158.42491
G1 X121.07 Y123.179 E2158.43403
G1 X120.808 Y123.291 E2158.44351
G1 X120.555 Y123.487 E2158.45415
G1 X120.384 Y123.706 E2158.46339
G1 X120.267 Y123.961 E2158.47272
G1 X120.211 Y124.257 E2158.48274
G1 X120.209 Y124.327 E2158.48507
G1 X120.21 Y175.744 E2160.19521
G1 X120.274 Y176.061 E2160.20596
G1 X120.445 Y176.386 E2160.21818
G1 X120.665 Y176.612 E2160.22867
G1 X120.952 Y176.78 E2160.23973
G1 X121.222 Y176.856 E2160.24906
G1 X121.406 Y176.87 E2160.2552
G1 X178.659 Y176.869 E2162.15944
G1 X178.961 Y176.812 E2162.16966
G1 X179.261 Y176.665 E2162.18077
G1 X179.468 Y176.489 E2162.18981
G1 X179.666 Y176.203 E2162.20138
G1 X179.76 Y175.937 E2162.21076
G1 X179.791 Y175.673 E2162.2196
G1 X179.79 Y124.256 E2163.92974
G1 X179.747 Y124.007 E2163.93814
G1 X179.638 Y123.741 E2163.94771
G1 X179.475 Y123.519 E2163.95687
G0 F9000 X179.798 Y123.221
G1 F1500 E2162.95687
G0 F9000 X178.796 Y124.065
G0 X121.249 Y124.035
G0 X120.225 Y122.73
;TYPE:WALL-INNER
G1 F1500 E2163.98347
G1 F2400 X119.985 Y122.915 E2163.99355
G1 X119.809 Y123.142 E2164.00311
G1 X119.809 Y122.809 E2164.0069
G1 X119.871 Y122.73 E2164.0086
G1 X120.225 Y122.73 E2164.01243
G1 F1500 E2163.01243
G0 F9000 X121.189 Y124.077
G0 X121.173 Y175.909
G0 X120.203 Y177.269
G1 F1500 E2164.03904
G1 F2400 X119.885 Y177.269 E2164.04961
G1 X119.809 Y177.203 E2164.05296
G1 X119.809 Y176.88 E2164.0637
G1 X120.167 Y177.248 E2164.07367
G1 X120.203 Y177.269
G1 F1500 E2163.07367
G0 F9000 X121.243 Y175.961
G0 X178.836 Y175.898
G0 X180.191 Y176.85
G1 F1500 E2164.10028
G1 F2400 X180.191 Y177.211 E2164.11229
G1 X180.115 Y177.27 E2164.11549
G1 X179.784 Y177.27 E2164.1265
G1 X180.066 Y177.031 E2164.13118
G1 X180.191 Y176.85 E2164.13176
G1 F1500 E2163.13176
G0 F9000 X178.873 Y175.852
G0 X178.837 Y124.102
G0 X180.145 Y122.731
G1 F1500 E2164.15837
G1 F2400 X180.191 Y122.807 E2164.16132
G1 X180.191 Y123.142 E2164.17246
G1 X180.067 Y122.973 E2164.17302
G1 X179.787 Y122.731 E2164.18312
G1 X180.145 Y122.731 E2164.1873
G0 F9000 X180.47 Y122.453
G1 F2400 X180.553 Y122.578 E2164.19229
G1 X180.591 Y122.769 E2164.19877
G1 X180.591 Y177.258 E2166.01108
G1 X180.552 Y177.429 E2166.01691
G1 X180.377 Y177.617 E2166.02545
G1 X180.163 Y177.67 E2166.03279
G1 X119.806 Y177.669 E2168.04027
G1 X119.543 Y177.561 E2168.04973
G1 X119.461 Y177.454 E2168.05421
G1 X119.409 Y177.252 E2168.06115
G1 X119.409 Y122.738 E2169.87429
G1 X119.502 Y122.482 E2169.88335
G1 X119.749 Y122.338 E2169.89286
G1 X119.833 Y122.33 E2169.89566
G1 X180.197 Y122.331 E2171.90338
G1 X180.354 Y122.371 E2171.90877
G1 X180.47 Y122.453 E2171.91349
G0 F9000 X180.761 Y122.169
;TYPE:WALL-OUTER
G1 F2400 X180.929 Y122.421 E2171.92357
G1 X180.991 Y122.731 E2171.93408
G1 X180.991 Y177.304 E2173.74919
G1 X180.926 Y177.587 E2173.75884
G1 X180.784 Y177.808 E2173.76758
G1 X180.561 Y177.979 E2173.77693
G1 X180.271 Y178.066 E2173.787
G1 X180.181 Y178.07 E2173.78999
G1 X119.757 Y178.069 E2175.7997
G1 X119.493 Y178.005 E2175.80874
G1 X119.268 Y177.86 E2175.81764
G1 X119.099 Y177.638 E2175.82692
G1 X119.016 Y177.373 E2175.83616
G1 X119.009 Y177.269 E2175.83963
G1 X119.009 Y122.696 E2177.65473
G1 X119.061 Y122.445 E2177.66326
G1 X119.188 Y122.226 E2177.67168
G1 X119.388 Y122.05 E2177.68054
G1 X119.654 Y121.945 E2177.69005
G1 X119.819 Y121.93 E2177.69556
G1 X180.246 Y121.931 E2179.70537
G1 X180.526 Y122.003 E2179.71499
G1 X180.761 Y122.169 E2179.72455
G0 F9000 X180.446 Y122.475
;MESH:NONMESH
G0 F300 X180.446 Y122.475 Z7
G0 F9000 X179.715 Y123.186
;TIME_ELAPSED:3316.158384
;LAYER:34
;TYPE:WALL-INNER
;MESH:Battery Holder.STL
G1 F2400 X179.373 Y122.929 E2179.73878
G1 X178.939 Y122.766 E2179.7542
G1 X178.666 Y122.731 E2179.76336
G1 X121.325 Y122.73 E2181.67053
G1 X120.878 Y122.814 E2181.68565
G1 X120.455 Y123.04 E2181.70161
G1 X120.146 Y123.341 E2181.71595
G1 X119.927 Y123.717 E2181.73043
G1 X119.827 Y124.08 E2181.74295
G1 X119.809 Y124.311 E2181.75065
G1 X119.81 Y175.785 E2183.46269
G1 X119.893 Y176.194 E2183.47657
G1 X120.09 Y176.582 E2183.49104
G1 X120.381 Y176.902 E2183.50543
G1 X120.791 Y177.15 E2183.52136
G1 X121.151 Y177.252 E2183.53381
G1 X121.391 Y177.27 E2183.54181
G1 X178.695 Y177.269 E2185.44775
G1 X179.082 Y177.196 E2185.46085
G1 X179.413 Y177.047 E2185.47292
G1 X179.728 Y176.8 E2185.48624
G1 X179.968 Y176.492 E2185.49923
G1 X180.141 Y176.081 E2185.51406
G1 X180.191 Y175.699 E2185.52687
G1 X180.19 Y124.221 E2187.23904
G1 X180.134 Y123.896 E2187.25
G1 X179.989 Y123.543 E2187.2627
G1 X179.715 Y123.186 E2187.27767
G0 F9000 X179.431 Y123.473
;TYPE:WALL-OUTER
G1 F2400 X179.179 Y123.283 E2187.28816
G1 X178.842 Y123.157 E2187.30013
G1 X178.64 Y123.131 E2187.3069
G1 X121.362 Y123.13 E2189.21198
G1 X121.012 Y123.196 E2189.22382
G1 X120.694 Y123.366 E2189.23582
G1 X120.464 Y123.59 E2189.24649
G1 X120.299 Y123.873 E2189.25739
G1 X120.223 Y124.149 E2189.26691
G1 X120.209 Y124.327 E2189.27285
G1 X120.21 Y175.745 E2190.98302
G1 X120.274 Y176.061 E2190.99374
G1 X120.422 Y176.353 E2191.00463
G1 X120.638 Y176.59 E2191.0153
G1 X120.952 Y176.78 E2191.0275
G1 X121.221 Y176.856 E2191.0368
G1 X121.406 Y176.87 E2191.04297
G1 X178.658 Y176.869 E2192.94718
G1 X178.961 Y176.812 E2192.95744
G1 X179.204 Y176.702 E2192.96631
G1 X179.443 Y176.515 E2192.9764
G1 X179.62 Y176.288 E2192.98597
G1 X179.751 Y175.976 E2192.99723
G1 X179.791 Y175.673 E2193.00739
G1 X179.79 Y124.255 E2194.71756
G1 X179.747 Y124.007 E2194.72594
G1 X179.639 Y123.744 E2194.73539
G1 X179.431 Y123.473 E2194.74675
G0 F9000 X179.74 Y123.161
G1 F1500 E2193.74675
G0 F9000 X178.783 Y124.055
G0 X121.236 Y124.043
G0 X120.201 Y122.73
;TYPE:WALL-INNER
G1 F1500 E2194.77336
G1 F2400 X119.828 Y123.093 E2194.79067
G1 X119.809 Y123.126 E2194.79194
G1 X119.809 Y122.775 E2194.79939
G1 X119.865 Y122.73 E2194.79999
G1 X120.201 Y122.73 E2194.80396
G1 F1500 E2193.80396
G0 F9000 X121.19 Y124.076
G0 X121.171 Y175.906
G0 X120.215 Y177.269
G1 F1500 E2194.83057
G1 F2400 X119.869 Y177.269 E2194.84208
G1 X119.815 Y177.246 E2194.84403
G1 X119.809 Y177.204 E2194.84544
G1 X119.809 Y176.867 E2194.85665
G1 X120.124 Y177.214 E2194.86465
G1 X120.215 Y177.269
G1 F1500 E2193.86465
G0 F9000 X121.252 Y175.965
G0 X178.85 Y175.883
G0 X180.191 Y176.856
G1 F1500 E2194.89126
G1 F2400 X180.19 Y177.223 E2194.90346
G1 X180.115 Y177.27 E2194.90641
G1 X179.777 Y177.27 E2194.91765
G1 X180.013 Y177.085 E2194.92022
G1 X180.191 Y176.856 E2194.92243
G1 F1500 E2193.92243
G0 F9000 X178.881 Y175.838
G0 X178.855 Y124.124
G0 X180.145 Y122.731
G1 F1500 E2194.94904
G1 F2400 X180.191 Y122.797 E2194.95171
G1 X180.191 Y123.149 E2194.96342
G1 X179.999 Y122.899 E2194.96626
G1 X179.775 Y122.731 E2194.974
G1 X180.145 Y122.731 E2194.9789
G0 F9000 X180.471 Y122.455
G1 F2400 X180.564 Y122.607 E2194.98483
G1 X180.591 Y122.764 E2194.99013
G1 X180.591 Y177.262 E2196.80274
G1 X180.559 Y177.411 E2196.80781
G1 X180.373 Y177.618 E2196.81706
G1 X180.163 Y177.67 E2196.82426
G1 X119.815 Y177.669 E2198.83144
G1 X119.62 Y177.613 E2198.83819
G1 X119.519 Y177.534 E2198.84245
G1 X119.43 Y177.377 E2198.84846
G1 X119.409 Y177.236 E2198.8532
G1 X119.409 Y122.736 E2200.66588
G1 X119.439 Y122.593 E2200.67074
G1 X119.53 Y122.455 E2200.67623
G1 X119.654 Y122.368 E2200.68127
G1 X119.818 Y122.33 E2200.68687
G1 X180.195 Y122.331 E2202.69502
G1 X180.358 Y122.373 E2202.70062
G1 X180.471 Y122.455 E2202.70526
G0 F9000 X180.77 Y122.178
;TYPE:WALL-OUTER
G1 F2400 X180.945 Y122.463 E2202.71638
G1 X180.991 Y122.731 E2202.72543
G1 X180.991 Y177.303 E2204.5405
G1 X180.935 Y177.566 E2204.54944
G1 X180.784 Y177.806 E2204.55887
G1 X180.559 Y177.98 E2204.56833
G1 X180.269 Y178.066 E2204.57839
G1 X180.181 Y178.07 E2204.58132
G1 X119.757 Y178.069 E2206.59104
G1 X119.435 Y177.977 E2206.60217
G1 X119.209 Y177.8 E2206.61172
G1 X119.045 Y177.508 E2206.62286
G1 X119.009 Y177.269 E2206.6309
G1 X119.009 Y122.697 E2208.44597
G1 X119.064 Y122.436 E2208.45484
G1 X119.238 Y122.171 E2208.46539
G1 X119.485 Y121.998 E2208.47542
G1 X119.74 Y121.934 E2208.48416
G1 X119.818 Y121.93 E2208.48676
G1 X180.246 Y121.931 E2210.4966
G1 X180.53 Y122.005 E2210.50636
G1 X180.77 Y122.178 E2210.5162
G0 F9000 X180.448 Y122.477
;MESH:NONMESH
G0 F300 X180.448 Y122.477 Z7.2
G0 F9000 X179.76 Y123.234
;TIME_ELAPSED:3343.953067
;LAYER:35
;TYPE:WALL-INNER
;MESH:Battery Holder.STL
G1 F2400 X179.399 Y122.944 E2210.5316
G1 X179.023 Y122.786 E2210.54517
G1 X178.622 Y122.73 E2210.55864
G1 X121.307 Y122.731 E2212.46494
G1 X120.951 Y122.794 E2212.47697
G1 X120.616 Y122.935 E2212.48905
G1 X120.244 Y123.229 E2212.50483
G1 X120.033 Y123.508 E2212.51646
G1 X119.867 Y123.89 E2212.53031
G1 X119.809 Y124.299 E2212.54405
G1 X119.81 Y175.785 E2214.25648
G1 X119.891 Y176.188 E2214.27016
G1 X120.07 Y176.555 E2214.28374
G1 X120.372 Y176.893 E2214.29881
G1 X120.683 Y177.099 E2214.31122
G1 X121.03 Y177.226 E2214.32351
G1 X121.379 Y177.27 E2214.33521
G1 X178.693 Y177.269 E2216.24148
G1 X179.051 Y177.206 E2216.25357
G1 X179.389 Y177.061 E2216.2658
G1 X179.734 Y176.796 E2216.28027
G1 X180.019 Y176.402 E2216.29645
G1 X180.166 Y175.969 E2216.31165
G1 X180.191 Y175.691 E2216.32094
G1 X180.19 Y124.221 E2218.03284
G1 X180.134 Y123.896 E2218.04381
G1 X179.99 Y123.547 E2218.05636
G1 X179.76 Y123.234 E2218.06928
G0 F9000 X179.469 Y123.513
;TYPE:WALL-OUTER
G1 F2400 X179.192 Y123.291 E2218.08109
G1 X178.916 Y123.175 E2218.09105
G1 X178.594 Y123.13 E2218.10186
G1 X121.342 Y123.131 E2220.00607
G1 X121.065 Y123.18 E2220.01543
G1 X120.821 Y123.283 E2220.02423
G1 X120.532 Y123.511 E2220.03648
G1 X120.381 Y123.711 E2220.04481
G1 X120.255 Y124 E2220.0553
G1 X120.209 Y124.327 E2220.06628
G1 X120.21 Y175.745 E2221.77645
G1 X120.273 Y176.059 E2221.7871
G1 X120.405 Y176.33 E2221.79713
G1 X120.636 Y176.588 E2221.80865
G1 X120.865 Y176.74 E2221.81779
G1 X121.125 Y176.835 E2221.827
G1 X121.404 Y176.87 E2221.83635
G1 X178.658 Y176.869 E2223.74062
G1 X178.936 Y176.82 E2223.75001
G1 X179.185 Y176.713 E2223.75903
G1 X179.444 Y176.514 E2223.76989
G1 X179.66 Y176.216 E2223.78213
G1 X179.772 Y175.886 E2223.79372
G1 X179.791 Y175.673 E2223.80084
G1 X179.79 Y124.255 E2225.511
G1 X179.747 Y124.007 E2225.51938
G1 X179.639 Y123.744 E2225.52883
G1 X179.469 Y123.513 E2225.53837
G0 F9000 X179.786 Y123.209
G1 F1500 E2224.53837
G0 F9000 X178.798 Y124.066
G0 X121.246 Y124.037
G0 X120.23 Y122.73
;TYPE:WALL-INNER
G1 F1500 E2225.56498
G1 F2400 X119.956 Y122.947 E2225.57661
G1 X119.809 Y123.141 E2225.5847
G1 X119.809 Y122.784 E2225.5897
G1 X119.818 Y122.743
G1 X119.88 Y122.73 E2225.59008
G1 X120.23 Y122.73 E2225.59373
G1 F1500 E2224.59373
G0 F9000 X121.193 Y124.074
G0 X121.194 Y175.928
G0 X120.215 Y177.269
G1 F1500 E2225.62034
G1 F2400 X119.87 Y177.269 E2225.63181
G1 X119.818 Y177.254 E2225.63361
G1 X119.809 Y177.202 E2225.63537
G1 X119.809 Y176.863 E2225.64664
G1 X120.108 Y177.198 E2225.65391
G1 X120.215 Y177.269
G1 F1500 E2224.65391
G0 F9000 X121.254 Y175.967
G0 X178.82 Y175.915
G0 X180.191 Y176.847
G1 F1500 E2225.68052
G1 F2400 X180.191 Y177.219 E2225.6929
G1 X180.117 Y177.27 E2225.69588
G1 X179.774 Y177.27 E2225.70729
G1 X180.024 Y177.078 E2225.71018
G1 X180.191 Y176.847 E2225.7121
G1 F1500 E2224.7121
G0 F9000 X178.894 Y175.814
G0 X178.864 Y124.134
G0 X180.144 Y122.731
G1 F1500 E2225.73871
G1 F2400 X180.191 Y122.799 E2225.74146
G1 X180.191 Y123.145 E2225.75297
G1 X180.051 Y122.955 E2225.75403
G1 X179.773 Y122.731 E2225.76392
G1 X180.144 Y122.731 E2225.76831
G0 F9000 X180.476 Y122.46
G1 F2400 X180.559 Y122.592 E2225.7735
G1 X180.591 Y122.764 E2225.77932
G1 X180.591 Y177.261 E2227.5919
G1 X180.559 Y177.41 E2227.59696
G1 X180.475 Y177.542 E2227.60217
G1 X180.371 Y177.619 E2227.60647
G1 X180.164 Y177.67 E2227.61356
G1 X119.814 Y177.669 E2229.62081
G1 X119.626 Y177.616 E2229.62731
G1 X119.509 Y177.523 E2229.63228
G1 X119.434 Y177.388 E2229.63742
G1 X119.409 Y177.237 E2229.64251
G1 X119.409 Y122.74 E2231.45509
G1 X119.442 Y122.589 E2231.46023
G1 X119.526 Y122.457 E2231.46543
G1 X119.643 Y122.372 E2231.47024
G1 X119.838 Y122.33 E2231.47687
G1 X180.194 Y122.331 E2233.48432
G1 X180.356 Y122.373 E2233.48989
G1 X180.476 Y122.46 E2233.49482
G0 F9000 X180.775 Y122.183
;TYPE:WALL-OUTER
G1 F2400 X180.938 Y122.442 E2233.505
G1 X180.991 Y122.73 E2233.51474
G1 X180.991 Y177.302 E2235.32981
G1 X180.935 Y177.566 E2235.33879
G1 X180.773 Y177.819 E2235.34878
G1 X180.553 Y177.983 E2235.3579
G1 X180.269 Y178.066 E2235.36774
G1 X180.182 Y178.07 E2235.37064
G1 X119.758 Y178.069 E2237.38035
G1 X119.44 Y177.979 E2237.39134
G1 X119.199 Y177.787 E2237.40159
G1 X119.05 Y177.521 E2237.41173
G1 X119.009 Y177.27 E2237.42019
G1 X119.009 Y122.698 E2239.23526
G1 X119.066 Y122.433 E2239.24428
G1 X119.231 Y122.177 E2239.25441
G1 X119.464 Y122.008 E2239.26398
G1 X119.715 Y121.935 E2239.27268
G1 X119.819 Y121.93 E2239.27614
G1 X180.245 Y121.931 E2241.28592
G1 X180.529 Y122.005 E2241.29568
G1 X180.775 Y122.183 E2241.30578
G0 F9000 X180.455 Y122.483
;MESH:NONMESH
G0 F300 X180.455 Y122.483 Z7.4
G0 F9000 X179.704 Y123.175
;TIME_ELAPSED:3371.727624
;LAYER:36
;TYPE:WALL-INNER
;MESH:Battery Holder.STL
G1 F2400 X179.358 Y122.921 E2241.32005
G1 X178.913 Y122.759 E2241.33581
G1 X178.65 Y122.731 E2241.3446
G1 X121.327 Y122.73 E2243.25117
G1 X120.951 Y122.794 E2243.26386
G1 X120.608 Y122.941 E2243.27627
G1 X120.309 Y123.165 E2243.2887
G1 X120.05 Y123.479 E2243.30223
G1 X119.884 Y123.836 E2243.31533
G1 X119.812 Y124.2 E2243.32767
G1 X119.809 Y124.322 E2243.33173
G1 X119.81 Y175.787 E2245.04346
G1 X119.9 Y176.213 E2245.05794
G1 X120.099 Y176.596 E2245.0723
G1 X120.414 Y176.929 E2245.08754
G1 X120.784 Y177.148 E2245.10185
G1 X121.223 Y177.261 E2245.11692
G1 X121.394 Y177.27 E2245.12262
G1 X178.693 Y177.269 E2247.02839
G1 X179.05 Y177.206 E2247.04045
G1 X179.376 Y177.069 E2247.05221
G1 X179.726 Y176.803 E2247.06683
G1 X179.95 Y176.518 E2247.07889
G1 X180.109 Y176.189 E2247.09104
G1 X180.188 Y175.8 E2247.10424
G1 X180.191 Y175.678 E2247.1083
G1 X180.19 Y124.221 E2248.81977
G1 X180.134 Y123.895 E2248.83077
G1 X179.987 Y123.538 E2248.84361
G1 X179.704 Y123.175 E2248.85892
G0 F9000 X179.422 Y123.464
;TYPE:WALL-OUTER
G1 F2400 X179.168 Y123.277 E2248.86941
G1 X178.822 Y123.152 E2248.88165
G1 X178.628 Y123.131 E2248.88814
G1 X121.361 Y123.13 E2250.79285
G1 X121.065 Y123.18 E2250.80283
G1 X120.81 Y123.29 E2250.81207
G1 X120.587 Y123.457 E2250.82133
G1 X120.391 Y123.694 E2250.83156
G1 X120.267 Y123.961 E2250.84135
G1 X120.211 Y124.244 E2250.85095
G1 X120.209 Y124.327 E2250.85371
G1 X120.21 Y175.745 E2252.56388
G1 X120.28 Y176.077 E2252.57516
G1 X120.428 Y176.362 E2252.58585
G1 X120.666 Y176.613 E2252.59735
G1 X120.939 Y176.775 E2252.60791
G1 X121.284 Y176.864 E2252.61976
G1 X121.404 Y176.87 E2252.62375
G1 X178.658 Y176.869 E2254.52803
G1 X178.936 Y176.82 E2254.53742
G1 X179.174 Y176.72 E2254.54601
G1 X179.443 Y176.515 E2254.55725
G1 X179.609 Y176.305 E2254.56616
G1 X179.727 Y176.06 E2254.5752
G1 X179.789 Y175.755 E2254.58555
G1 X179.791 Y175.673 E2254.58828
G1 X179.79 Y124.255 E2256.29845
G1 X179.747 Y124.006 E2256.30686
G1 X179.638 Y123.741 E2256.31639
G1 X179.422 Y123.464 E2256.32807
G0 F9000 X179.728 Y123.149
G1 F1500 E2255.32807
G0 F9000 X178.798 Y124.066
G0 X121.23 Y124.047
G0 X120.222 Y122.73
;TYPE:WALL-INNER
G1 F1500 E2256.35468
G1 F2400 X120.031 Y122.874 E2256.36263
G1 X119.809 Y123.143 E2256.37423
G1 X119.809 Y122.784 E2256.37842
G1 X119.872 Y122.73 E2256.3785
G1 X120.222 Y122.73 E2256.38252
G1 F1500 E2255.38252
G0 F9000 X121.175 Y124.089
G0 X121.172 Y175.908
G0 X120.203 Y177.269
G1 F1500 E2256.40913
G1 F2400 X119.887 Y177.269 E2256.41964
G1 X119.809 Y177.215 E2256.4228
G1 X119.809 Y176.871 E2256.43424
G1 X120.162 Y177.245 E2256.44394
G1 X120.203 Y177.269
G1 F1500 E2255.44394
G0 F9000 X121.236 Y175.958
G0 X178.852 Y175.881
G0 X180.191 Y176.858
G1 F1500 E2256.47055
G1 F2400 X180.191 Y177.208 E2256.48219
G1 X180.12 Y177.27 E2256.48532
G1 X179.772 Y177.27 E2256.4969
G1 X180.009 Y177.09 E2256.49929
G1 X180.191 Y176.858 E2256.50169
G1 F1500 E2255.50169
G0 F9000 X178.877 Y175.844
G0 X181.855 Y122.777
G0 X180.19 Y122.778
G1 F1500 E2256.5283
G1 F2400 X180.19 Y123.148 E2256.54061
G1 X179.985 Y122.885 E2256.54383
G1 X179.775 Y122.731 E2256.55249
G1 X180.118 Y122.731 E2256.55678
G1 X180.19 Y122.778
G0 F9000 X180.534 Y122.538
G1 F2400 X180.59 Y122.717 E2256.56302
G1 X180.591 Y177.255 E2258.37696
G1 X180.547 Y177.439 E2258.38325
G1 X180.354 Y177.627 E2258.39221
G1 X180.164 Y177.67 E2258.39869
G1 X119.811 Y177.669 E2260.40604
G1 X119.549 Y177.567 E2260.41539
G1 X119.457 Y177.444 E2260.4205
G1 X119.409 Y177.27 E2260.42651
G1 X119.409 Y122.742 E2262.24011
G1 X119.443 Y122.585 E2262.24546
G1 X119.522 Y122.46 E2262.25038
G1 X119.764 Y122.336 E2262.25942
G1 X119.839 Y122.33 E2262.26192
G1 X180.198 Y122.331 E2264.26947
G1 X180.457 Y122.439 E2264.2788
G1 X180.534 Y122.538 E2264.28298
G0 F9000 X180.895 Y122.35
;TYPE:WALL-OUTER
G1 F2400 X180.986 Y122.643 E2264.29318
G1 X180.99 Y122.687 E2264.29465
G1 X180.991 Y177.301 E2266.11112
G1 X180.919 Y177.604 E2266.12148
G1 X180.773 Y177.819 E2266.13012
G1 X180.53 Y177.994 E2266.14008
G1 X180.269 Y178.066 E2266.14909
G1 X180.182 Y178.07 E2266.15198
G1 X119.766 Y178.069 E2268.16143
G1 X119.491 Y178.004 E2268.17083
G1 X119.272 Y177.864 E2268.17947
G1 X119.094 Y177.627 E2268.18933
G1 X119.013 Y177.345 E2268.19909
G1 X119.009 Y177.27 E2268.20159
G1 X119.009 Y122.699 E2270.01662
G1 X119.067 Y122.431 E2270.02574
G1 X119.223 Y122.185 E2270.03543
G1 X119.441 Y122.02 E2270.04453
G1 X119.685 Y121.941 E2270.05306
G1 X119.818 Y121.93 E2270.0575
G1 X180.245 Y121.931 E2272.06731
G1 X180.504 Y121.993 E2272.07616
G1 X180.73 Y122.139 E2272.08511
G1 X180.895 Y122.35 E2272.09402
G0 F9000 X180.506 Y122.554
;MESH:NONMESH
G0 F300 X180.506 Y122.554 Z7.6
G0 F9000 X179.597 Y123.082
;TIME_ELAPSED:3399.553624
;LAYER:37
;TYPE:WALL-INNER
;MESH:Battery Holder.STL
G1 F2400 X179.295 Y122.888 E2272.10596
G1 X178.878 Y122.754 E2272.12053
G1 X178.612 Y122.73 E2272.12941
G1 X121.308 Y122.731 E2274.03535
G1 X120.948 Y122.794 E2274.0475
G1 X120.583 Y122.955 E2274.06077
G1 X120.273 Y123.2 E2274.07392
G1 X120.048 Y123.484 E2274.08597
G1 X119.884 Y123.836 E2274.09888
G1 X119.812 Y124.2 E2274.11122
G1 X119.809 Y124.322 E2274.11528
G1 X119.81 Y175.791 E2275.82715
G1 X119.911 Y176.244 E2275.84259
G1 X120.101 Y176.597 E2275.85592
G1 X120.376 Y176.896 E2275.86943
G1 X120.709 Y177.113 E2275.88265
G1 X121.117 Y177.246 E2275.89692
G1 X121.387 Y177.27 E2275.90594
G1 X178.692 Y177.269 E2277.81191
G1 X179.053 Y177.206 E2277.8241
G1 X179.412 Y177.048 E2277.83714
G1 X179.729 Y176.799 E2277.85055
G1 X179.955 Y176.513 E2277.86268
G1 X180.136 Y176.101 E2277.87764
G1 X180.191 Y175.701 E2277.89107
G1 X180.19 Y124.211 E2279.60364
G1 X180.099 Y123.783 E2279.61819
G1 X179.9 Y123.403 E2279.63246
G1 X179.597 Y123.082 E2279.64714
G0 F9000 X179.34 Y123.392
;TYPE:WALL-OUTER
G1 F2400 X179.123 Y123.253 E2279.65571
G1 X178.798 Y123.148 E2279.66707
G1 X178.594 Y123.13 E2279.67388
G1 X121.343 Y123.131 E2281.57806
G1 X121.065 Y123.18 E2281.58745
G1 X120.791 Y123.301 E2281.59741
G1 X120.557 Y123.485 E2281.60731
G1 X120.391 Y123.695 E2281.61621
G1 X120.267 Y123.961 E2281.62597
G1 X120.211 Y124.244 E2281.63557
G1 X120.209 Y124.327 E2281.63833
G1 X120.21 Y175.747 E2283.34857
G1 X120.289 Y176.103 E2283.36069
G1 X120.429 Y176.363 E2283.37052
G1 X120.636 Y176.588 E2283.38068
G1 X120.883 Y176.749 E2283.39049
G1 X121.198 Y176.852 E2283.40151
G1 X121.404 Y176.87 E2283.40839
G1 X178.657 Y176.869 E2285.31263
G1 X178.936 Y176.82 E2285.32206
G1 X179.205 Y176.702 E2285.33183
G1 X179.444 Y176.514 E2285.34194
G1 X179.609 Y176.305 E2285.3508
G1 X179.747 Y175.991 E2285.3622
G1 X179.791 Y175.673 E2285.37288
G1 X179.79 Y124.253 E2287.08312
G1 X179.719 Y123.92 E2287.09444
G1 X179.571 Y123.637 E2287.10506
G1 X179.34 Y123.392 E2287.11626
G0 F9000 X179.62 Y123.054
G1 F1500 E2286.11626
G0 F9000 X178.778 Y124.051
G0 X121.23 Y124.047
G0 X120.223 Y122.73
;TYPE:WALL-INNER
G1 F1500 E2287.14287
G1 F2400 X119.988 Y122.915 E2287.15282
G1 X119.81 Y123.14 E2287.16236
G1 X119.81 Y122.805 E2287.1663
G1 X119.837 Y122.74 E2287.16691
G1 X119.882 Y122.73
G1 X120.223 Y122.73 E2287.17054
G1 F1500 E2286.17054
G0 F9000 X121.198 Y124.069
G0 X121.204 Y175.936
G0 X120.216 Y177.269
G1 F1500 E2287.19715
G1 F2400 X119.854 Y177.269 E2287.20919
G1 X119.809 Y177.202 E2287.21187
G1 X119.809 Y176.87 E2287.22291
G1 X120.116 Y177.204 E2287.23049
G1 X120.216 Y177.269
G1 F1500 E2286.23049
G0 F9000 X121.23 Y175.953
G0 X178.852 Y175.881
G0 X180.19 Y176.861
G1 F1500 E2287.2571
G1 F2400 X180.19 Y177.22 E2287.26904
G1 X180.117 Y177.27 E2287.27198
G1 X179.777 Y177.27 E2287.28329
G1 X180.013 Y177.084 E2287.2859
G1 X180.19 Y176.861 E2287.28806
G1 F1500 E2286.28806
G0 F9000 X178.872 Y175.852
G0 X178.851 Y124.119
G0 X180.145 Y122.731
G1 F1500 E2287.31467
G1 F2400 X180.191 Y122.807 E2287.31763
G1 X180.191 Y123.129 E2287.32834
G1 X179.854 Y122.772 E2287.33739
G1 X179.79 Y122.731 E2287.33991
G1 X180.145 Y122.731 E2287.34674
G0 F9000 X180.476 Y122.46
G1 F2400 X180.553 Y122.58 E2287.35149
G1 X180.591 Y122.768 E2287.35787
G1 X180.59 Y177.269 E2289.17058
G1 X180.552 Y177.427 E2289.17598
G1 X180.369 Y177.621 E2289.18485
G1 X180.164 Y177.67 E2289.19186
G1 X119.81 Y177.669 E2291.19924
G1 X119.668 Y177.638 E2291.20408
G1 X119.541 Y177.558 E2291.20907
G1 X119.458 Y177.446 E2291.21371
G1 X119.409 Y177.251 E2291.22039
G1 X119.41 Y122.724 E2293.03397
G1 X119.519 Y122.465 E2293.04332
G1 X119.645 Y122.374 E2293.04849
G1 X119.834 Y122.33 E2293.05494
G1 X180.195 Y122.331 E2295.06255
G1 X180.354 Y122.372 E2295.06802
G1 X180.476 Y122.46 E2295.07302
G0 F9000 X180.771 Y122.179
;TYPE:WALL-OUTER
G1 F2400 X180.93 Y122.424 E2295.08273
G1 X180.991 Y122.73 E2295.09311
G1 X180.99 Y177.32 E2296.90878
G1 X180.923 Y177.594 E2296.91816
G1 X180.756 Y177.835 E2296.92792
G1 X180.549 Y177.985 E2296.93642
G1 X180.269 Y178.066 E2296.94611
G1 X180.182 Y178.07 E2296.94901
G1 X119.766 Y178.069 E2298.95845
G1 X119.514 Y178.014 E2298.96703
G1 X119.266 Y177.858 E2298.97678
G1 X119.093 Y177.625 E2298.98643
G1 X119.012 Y177.334 E2298.99648
G1 X119.009 Y177.27 E2298.99861
G1 X119.01 Y122.68 E2300.81428
G1 X119.07 Y122.424 E2300.82302
G1 X119.224 Y122.185 E2300.83248
G1 X119.469 Y122.007 E2300.84255
G1 X119.742 Y121.933 E2300.85196
G1 X119.818 Y121.93 E2300.85449
G1 X180.244 Y121.931 E2302.86427
G1 X180.528 Y122.004 E2302.87402
G1 X180.771 Y122.179 E2302.88398
G0 F9000 X180.453 Y122.482
;MESH:NONMESH
G0 F300 X180.453 Y122.482 Z7.8
G0 F9000 X179.727 Y123.199
;TIME_ELAPSED:3427.345628
;LAYER:38
;TYPE:WALL-INNER
;MESH:Battery Holder.STL
G1 F2400 X179.42 Y122.958 E2302.89696
G1 X179.027 Y122.786 E2302.91123
G1 X178.624 Y122.73 E2302.92476
G1 X121.304 Y122.731 E2304.83123
G1 X120.886 Y122.813 E2304.8454
G1 X120.523 Y122.993 E2304.85888
G1 X120.199 Y123.278 E2304.87323
G1 X119.966 Y123.629 E2304.88724
G1 X119.835 Y124.035 E2304.90143
G1 X119.81 Y124.237 E2304.9082
G1 X119.81 Y175.753 E2306.62163
G1 X119.895 Y176.203 E2306.63686
G1 X120.09 Y176.583 E2306.65107
G1 X120.357 Y176.88 E2306.66435
G1 X120.702 Y177.11 E2306.67814
G1 X121.118 Y177.246 E2306.6927
G1 X121.388 Y177.27 E2306.70171
G1 X178.689 Y177.269 E2308.60755
G1 X179.019 Y177.215 E2308.61867
G1 X179.389 Y177.06 E2308.63202
G1 X179.671 Y176.855 E2308.64361
G1 X179.959 Y176.508 E2308.65861
G1 X180.117 Y176.161 E2308.67129
G1 X180.19 Y175.764 E2308.68472
G1 X180.191 Y124.302 E2310.39635
G1 X180.146 Y123.932 E2310.40875
G1 X179.989 Y123.544 E2310.42267
G1 X179.727 Y123.199 E2310.43708
G0 F9000 X179.44 Y123.482
;TYPE:WALL-OUTER
G1 F2400 X179.213 Y123.304 E2310.44667
G1 X178.917 Y123.175 E2310.45741
G1 X178.596 Y123.13 E2310.46819
G1 X121.343 Y123.131 E2312.37244
G1 X121.016 Y123.195 E2312.38352
G1 X120.748 Y123.328 E2312.39347
G1 X120.503 Y123.543 E2312.40431
G1 X120.33 Y123.804 E2312.41473
G1 X120.227 Y124.122 E2312.42584
G1 X120.21 Y124.261 E2312.4305
G1 X120.21 Y175.716 E2314.1419
G1 X120.277 Y176.072 E2314.15395
G1 X120.422 Y176.354 E2314.1645
G1 X120.621 Y176.575 E2314.17439
G1 X120.879 Y176.747 E2314.1847
G1 X121.199 Y176.852 E2314.1959
G1 X121.405 Y176.87 E2314.20278
G1 X178.657 Y176.869 E2316.10699
G1 X178.908 Y176.828 E2316.11545
G1 X179.191 Y176.709 E2316.12566
G1 X179.395 Y176.561 E2316.13404
G1 X179.617 Y176.293 E2316.14562
G1 X179.733 Y176.04 E2316.15487
G1 X179.79 Y175.728 E2316.16542
G1 X179.791 Y124.326 E2317.87506
G1 X179.755 Y124.033 E2317.88488
G1 X179.638 Y123.743 E2317.89528
G1 X179.44 Y123.482 E2317.90617
G0 F9000 X179.753 Y123.174
G1 F1500 E2316.90617
G0 F9000 X178.795 Y124.063
G0 X121.251 Y124.035
G0 X120.216 Y122.73
;TYPE:WALL-INNER
G1 F1500 E2317.93278
G1 F2400 X119.895 Y123.013 E2317.94702
G1 X119.81 Y123.141 E2317.95213
G1 X119.81 Y122.785 E2317.95829
G1 X119.889 Y122.73 E2317.959
G1 X120.216 Y122.73 E2317.96229
G1 F1500 E2316.96229
G0 F9000 X121.185 Y124.081
G0 X121.195 Y175.928
G0 X120.219 Y177.269
G1 F1500 E2317.98889
G1 F2400 X119.884 Y177.269 E2318.00004
G1 X119.809 Y177.216 E2318.00309
G1 X119.809 Y176.869 E2318.01463
G1 X120.093 Y177.185 E2318.02103
G1 X120.219 Y177.269
G1 F1500 E2317.02103
G0 F9000 X121.259 Y175.97
G0 X178.836 Y175.899
G0 X180.19 Y176.856
G1 F1500 E2318.04763
G1 F2400 X180.19 Y177.198 E2318.05901
G1 X180.121 Y177.27 E2318.06232
G1 X179.781 Y177.27 E2318.07363
G1 X179.947 Y177.149 E2318.07409
G1 X180.19 Y176.856 E2318.07853
G1 F1500 E2317.07853
G0 F9000 X178.879 Y175.841
G0 X178.855 Y124.124
G0 X180.147 Y122.732
G1 F1500 E2318.10514
G1 F2400 X180.191 Y122.792 E2318.10761
G1 X180.191 Y123.149 E2318.11949
G1 X180.014 Y122.916 E2318.12175
G1 X179.778 Y122.731 E2318.13137
G1 X180.147 Y122.732 E2318.13611
G0 F9000 X180.55 Y122.567
G1 F2400 X180.591 Y122.745 E2318.14219
G1 X180.59 Y177.28 E2319.95603
G1 X180.479 Y177.538 E2319.96537
G1 X180.356 Y177.627 E2319.97042
G1 X180.163 Y177.67 E2319.977
G1 X119.81 Y177.669 E2321.98434
G1 X119.557 Y177.571 E2321.99337
G1 X119.456 Y177.442 E2321.99882
G1 X119.409 Y177.27 E2322.00475
G1 X119.41 Y122.728 E2323.81882
G1 X119.464 Y122.542 E2323.82526
G1 X119.667 Y122.363 E2323.83427
G1 X119.853 Y122.33 E2323.84055
G1 X180.194 Y122.331 E2325.8475
G1 X180.352 Y122.372 E2325.85293
G1 X180.55 Y122.567 E2325.86217
G0 F9000 X180.774 Y122.182
;TYPE:WALL-OUTER
G1 F2400 X180.921 Y122.402 E2325.87097
G1 X180.989 Y122.678 E2325.88043
G1 X180.991 Y122.73 E2325.88216
G1 X180.99 Y177.329 E2327.69813
G1 X180.925 Y177.589 E2327.70704
G1 X180.771 Y177.821 E2327.7163
G1 X180.532 Y177.994 E2327.72612
G1 X180.264 Y178.066 E2327.73535
G1 X180.182 Y178.07 E2327.73808
G1 X119.768 Y178.069 E2329.74745
G1 X119.516 Y178.015 E2329.75603
G1 X119.287 Y177.876 E2329.76494
G1 X119.092 Y177.625 E2329.77551
G1 X119.013 Y177.346 E2329.78515
G1 X119.009 Y177.27 E2329.78768
G1 X119.01 Y122.671 E2331.60365
G1 X119.102 Y122.355 E2331.6146
G1 X119.278 Y122.132 E2331.62405
G1 X119.523 Y121.982 E2331.6336
G1 X119.818 Y121.93 E2331.64357
G1 X180.243 Y121.931 E2333.65331
G1 X180.527 Y122.004 E2333.66306
G1 X180.774 Y122.182 E2333.67319
G0 F9000 X180.458 Y122.487
;MESH:NONMESH
G0 F300 X180.458 Y122.487 Z8
G0 F9000 X179.759 Y123.232
;TIME_ELAPSED:3455.151853
;LAYER:39
;TYPE:WALL-INNER
;MESH:Battery Holder.STL
G1 F2400 X179.42 Y122.957 E2333.68771
G1 X179.037 Y122.789 E2333.70162
G1 X178.624 Y122.73 E2333.71549
G1 X121.305 Y122.731 E2335.62193
G1 X120.886 Y122.813 E2335.63613
G1 X120.527 Y122.991 E2335.64946
G1 X120.232 Y123.241 E2335.66232
G1 X119.967 Y123.625 E2335.67784
G1 X119.835 Y124.035 E2335.69216
G1 X119.81 Y124.238 E2335.69897
G1 X119.81 Y175.751 E2337.4123
G1 X119.89 Y176.191 E2337.42717
G1 X120.12 Y176.629 E2337.44362
G1 X120.444 Y176.953 E2337.45886
G1 X120.837 Y177.169 E2337.47378
G1 X121.25 Y177.263 E2337.48787
G1 X121.394 Y177.27 E2337.49266
G1 X178.688 Y177.269 E2339.39827
G1 X179.02 Y177.216 E2339.40945
G1 X179.413 Y177.046 E2339.42369
G1 X179.706 Y176.822 E2339.43596
G1 X179.951 Y176.52 E2339.44889
G1 X180.117 Y176.163 E2339.46199
G1 X180.19 Y175.765 E2339.47545
G1 X180.191 Y124.298 E2341.18725
G1 X180.133 Y123.887 E2341.20105
G1 X179.991 Y123.546 E2341.21334
G1 X179.759 Y123.232 E2341.22632
G0 F9000 X179.468 Y123.511
;TYPE:WALL-OUTER
G1 F2400 X179.21 Y123.302 E2341.23737
G1 X178.926 Y123.177 E2341.24769
G1 X178.596 Y123.13 E2341.25877
G1 X121.344 Y123.131 E2343.16298
G1 X121.016 Y123.195 E2343.1741
G1 X120.748 Y123.328 E2343.18405
G1 X120.531 Y123.512 E2343.19351
G1 X120.33 Y123.804 E2343.2053
G1 X120.227 Y124.122 E2343.21642
G1 X120.21 Y124.262 E2343.22111
G1 X120.21 Y175.715 E2344.93244
G1 X120.273 Y176.059 E2344.94408
G1 X120.446 Y176.389 E2344.95647
G1 X120.687 Y176.63 E2344.9678
G1 X120.98 Y176.791 E2344.97892
G1 X121.305 Y176.865 E2344.99001
G1 X121.404 Y176.87 E2344.99331
G1 X178.656 Y176.869 E2346.89752
G1 X178.907 Y176.829 E2346.90597
G1 X179.209 Y176.698 E2346.91692
G1 X179.425 Y176.533 E2346.92596
G1 X179.609 Y176.306 E2346.93568
G1 X179.733 Y176.04 E2346.94544
G1 X179.79 Y175.729 E2346.95596
G1 X179.791 Y124.326 E2348.66563
G1 X179.744 Y123.994 E2348.67678
G1 X179.64 Y123.744 E2348.68578
G1 X179.468 Y123.511 E2348.69542
G0 F9000 X179.786 Y123.207
G1 F1500 E2347.69542
G0 F9000 X178.793 Y124.063
G0 X121.252 Y124.035
G0 X120.215 Y122.731
;TYPE:WALL-INNER
G1 F1500 E2348.72202
G1 F2400 X119.933 Y122.97 E2348.73432
G1 X119.81 Y123.148 E2348.74152
G1 X119.81 Y122.777 E2348.74718
G1 X119.875 Y122.731
G1 X120.215 Y122.731 E2348.75073
G1 F1500 E2347.75073
G0 F9000 X121.18 Y124.086
G0 X121.183 Y175.917
G0 X120.194 Y177.269
G1 F1500 E2348.77734
G1 F2400 X119.89 Y177.269 E2348.78745
G1 X119.809 Y177.214 E2348.79071
G1 X119.809 Y176.884 E2348.80168
G1 X120.194 Y177.269 E2348.81018
G1 F1500 E2347.81018
G0 F9000 X121.239 Y175.959
G0 X178.842 Y175.891
G0 X180.19 Y176.861
G1 F1500 E2348.83679
G1 F2400 X180.19 Y177.197 E2348.84796
G1 X180.121 Y177.27 E2348.8513
G1 X179.779 Y177.27 E2348.86268
G1 X179.987 Y177.111 E2348.86432
G1 X180.19 Y176.861 E2348.86756
G1 F1500 E2347.86756
G0 F9000 X178.877 Y175.845
G0 X178.861 Y124.131
G0 X180.191 Y122.8
G1 F1500 E2348.89417
G1 F2400 X180.191 Y123.143 E2348.90558
G1 X180.05 Y122.953 E2348.90666
G1 X179.775 Y122.73 E2348.91843
G1 X180.13 Y122.73 E2348.92242
G1 X180.191 Y122.8 E2348.9233
G0 F9000 X180.533 Y122.533
G1 F2400 X180.591 Y122.748 E2348.93071
G1 X180.59 Y177.278 E2350.74439
G1 X180.477 Y177.54 E2350.75388
G1 X180.35 Y177.63 E2350.75905
G1 X180.163 Y177.67 E2350.76541
G1 X119.808 Y177.669 E2352.77283
G1 X119.533 Y177.553 E2352.78276
G1 X119.459 Y177.451 E2352.78695
G1 X119.409 Y177.27 E2352.79319
G1 X119.41 Y122.724 E2354.6074
G1 X119.453 Y122.561 E2354.61301
G1 X119.634 Y122.379 E2354.62154
G1 X119.826 Y122.331 E2354.62813
G1 X180.167 Y122.33 E2356.63508
G1 X180.327 Y122.36 E2356.64049
G1 X180.533 Y122.533 E2356.64944
G0 F9000 X180.886 Y122.333
;TYPE:WALL-OUTER
G1 F2400 X180.981 Y122.602 E2356.65893
G1 X180.991 Y122.73 E2356.6632
G1 X180.99 Y177.329 E2358.47917
G1 X180.923 Y177.594 E2358.48826
G1 X180.769 Y177.823 E2358.49744
G1 X180.522 Y177.998 E2358.50751
G1 X180.271 Y178.066 E2358.51615
G1 X180.181 Y178.07 E2358.51915
G1 X119.754 Y178.069 E2360.52896
G1 X119.457 Y177.988 E2360.5392
G1 X119.249 Y177.842 E2360.54765
G1 X119.093 Y177.626 E2360.55651
G1 X119.013 Y177.346 E2360.5662
G1 X119.009 Y177.27 E2360.56873
G1 X119.01 Y122.671 E2362.3847
G1 X119.084 Y122.391 E2362.39433
G1 X119.238 Y122.169 E2362.40332
G1 X119.463 Y122.009 E2362.4125
G1 X119.779 Y121.931 E2362.42333
G1 X180.202 Y121.93 E2364.43301
G1 X180.472 Y121.98 E2364.44214
G1 X180.712 Y122.123 E2364.45143
G1 X180.886 Y122.333 E2364.4605
G0 F9000 X180.504 Y122.55
;MESH:NONMESH
G0 F300 X180.504 Y122.55 Z8.2
G0 F9000 X179.702 Y123.173
;TIME_ELAPSED:3482.954979
;LAYER:40
;TYPE:WALL-INNER
;MESH:Battery Holder.STL
G1 F2400 X179.36 Y122.922 E2364.47461
G1 X178.91 Y122.758 E2364.49054
G1 X178.614 Y122.73 E2364.50043
G1 X121.312 Y122.731 E2366.4063
G1 X120.983 Y122.784 E2366.41739
G1 X120.588 Y122.953 E2366.43168
G1 X120.268 Y123.203 E2366.44518
G1 X119.997 Y123.571 E2366.46038
G1 X119.861 Y123.918 E2366.47278
G1 X119.81 Y124.229 E2366.48326
G1 X119.81 Y175.75 E2368.19686
G1 X119.882 Y176.16 E2368.2107
G1 X120.066 Y176.55 E2368.22504
G1 X120.357 Y176.88 E2368.23968
G1 X120.707 Y177.113 E2368.25366
G1 X121.12 Y177.246 E2368.26809
G1 X121.386 Y177.27 E2368.27698
G1 X178.688 Y177.269 E2370.18285
G1 X179.022 Y177.216 E2370.1941
G1 X179.452 Y177.025 E2370.20975
G1 X179.765 Y176.762 E2370.22334
G1 X180.018 Y176.403 E2370.23795
G1 X180.147 Y176.047 E2370.25055
G1 X180.19 Y175.768 E2370.25993
G1 X180.191 Y124.298 E2371.97183
G1 X180.132 Y123.882 E2371.98581
G1 X179.956 Y123.488 E2372.00016
G1 X179.702 Y123.173 E2372.01362
G0 F9000 X179.423 Y123.465
;TYPE:WALL-OUTER
G1 F2400 X179.169 Y123.278 E2372.02411
G1 X178.821 Y123.151 E2372.03643
G1 X178.595 Y123.13 E2372.04398
G1 X121.344 Y123.131 E2373.94816
G1 X121.095 Y123.171 E2373.95654
G1 X120.793 Y123.3 E2373.96747
G1 X120.558 Y123.484 E2373.97739
G1 X120.35 Y123.766 E2373.98905
G1 X120.249 Y124.024 E2373.99826
G1 X120.21 Y124.262 E2374.00629
G1 X120.21 Y175.715 E2375.71762
G1 X120.267 Y176.038 E2375.72853
G1 X120.404 Y176.328 E2375.7392
G1 X120.622 Y176.576 E2375.75018
G1 X120.883 Y176.749 E2375.76059
G1 X121.2 Y176.852 E2375.77168
G1 X121.404 Y176.87 E2375.77849
G1 X178.656 Y176.869 E2377.6827
G1 X178.907 Y176.829 E2377.69115
G1 X179.238 Y176.682 E2377.7032
G1 X179.468 Y176.489 E2377.71319
G1 X179.66 Y176.216 E2377.72429
G1 X179.758 Y175.947 E2377.73381
G1 X179.79 Y175.738 E2377.74084
G1 X179.791 Y124.326 E2379.45081
G1 X179.744 Y123.994 E2379.46196
G1 X179.612 Y123.699 E2379.47271
G1 X179.423 Y123.465 E2379.48272
G0 F9000 X179.727 Y123.147
G1 F1500 E2378.48272
G0 F9000 X178.793 Y124.062
G0 X121.23 Y124.047
G0 X120.224 Y122.73
;TYPE:WALL-INNER
G1 F1500 E2379.50932
G1 F2400 X119.978 Y122.922 E2379.5197
G1 X119.81 Y123.15 E2379.52912
G1 X119.81 Y122.772 E2379.53414
G1 X119.862 Y122.73 E2379.53469
G1 X120.224 Y122.73 E2379.53869
G1 F1500 E2378.53869
G0 F9000 X121.192 Y124.074
G0 X121.192 Y175.925
G0 X120.22 Y177.269
G1 F1500 E2379.5653
G1 F2400 X119.864 Y177.269 E2379.57714
G1 X119.81 Y177.191 E2379.58029
G1 X119.81 Y176.865 E2379.59114
G1 X120.092 Y177.184 E2379.59772
G1 X120.22 Y177.269
G1 F1500 E2378.59772
G0 F9000 X121.23 Y175.953
G0 X178.835 Y175.899
G0 X180.19 Y176.854
G1 F1500 E2379.62433
G1 F2400 X180.19 Y177.233 E2379.63694
G1 X180.129 Y177.27 E2379.63931
G1 X179.783 Y177.27 E2379.65082
G1 X180.062 Y177.035 E2379.65523
G1 X180.19 Y176.854 E2379.65585
G1 F1500 E2378.65585
G0 F9000 X178.896 Y175.812
G0 X181.856 Y122.782
G0 X180.191 Y122.782
G1 F1500 E2379.68246
G1 F2400 X180.191 Y123.142 E2379.69443
G1 X179.981 Y122.881 E2379.69783
G1 X179.776 Y122.731 E2379.70628
G1 X180.115 Y122.731 E2379.71053
G1 X180.191 Y122.782
G0 F9000 X180.545 Y122.56
G1 F2400 X180.591 Y122.73 E2379.71639
G1 X180.59 Y177.282 E2381.5308
G1 X180.556 Y177.422 E2381.53559
G1 X180.477 Y177.54 E2381.54031
G1 X180.358 Y177.625 E2381.54518
G1 X180.181 Y177.67 E2381.55125
G1 X119.809 Y177.669 E2383.55923
G1 X119.628 Y177.618 E2383.56549
G1 X119.52 Y177.537 E2383.56998
G1 X119.41 Y177.27 E2383.57958
G1 X119.41 Y122.723 E2385.39382
G1 X119.448 Y122.571 E2385.39903
G1 X119.528 Y122.455 E2385.40372
G1 X119.654 Y122.367 E2385.40883
G1 X119.82 Y122.33 E2385.41449
G1 X180.194 Y122.331 E2387.42254
G1 X180.453 Y122.437 E2387.43184
G1 X180.545 Y122.56 E2387.43695
G0 F9000 X180.91 Y122.38
;TYPE:WALL-OUTER
G1 F2400 X180.987 Y122.652 E2387.44635
G1 X180.991 Y122.73 E2387.44895
G1 X180.99 Y177.328 E2389.26489
G1 X180.927 Y177.585 E2389.27369
G1 X180.769 Y177.823 E2389.28319
G1 X180.53 Y177.994 E2389.29297
G1 X180.259 Y178.066 E2389.30229
G1 X180.181 Y178.07 E2389.30489
G1 X119.754 Y178.069 E2391.3147
G1 X119.448 Y177.983 E2391.32527
G1 X119.221 Y177.812 E2391.33472
G1 X119.068 Y177.571 E2391.34422
G1 X119.011 Y177.321 E2391.35275
G1 X119.009 Y177.27 E2391.35444
G1 X119.01 Y122.672 E2393.17038
G1 X119.078 Y122.404 E2393.17958
G1 X119.238 Y122.169 E2393.18903
G1 X119.487 Y121.997 E2393.1991
G1 X119.742 Y121.934 E2393.20784
G1 X119.818 Y121.93 E2393.21037
G1 X180.242 Y121.931 E2395.22008
G1 X180.52 Y122 E2395.2296
G1 X180.733 Y122.142 E2395.23812
G1 X180.91 Y122.38 E2395.24798
G0 F9000 X180.516 Y122.574
;MESH:NONMESH
G0 F300 X180.516 Y122.574 Z8.4
G0 F9000 X179.709 Y123.18
;TIME_ELAPSED:3510.756033
;LAYER:41
;TYPE:WALL-INNER
;MESH:Battery Holder.STL
G1 F2400 X179.363 Y122.923 E2395.26232
G1 X178.937 Y122.765 E2395.27743
G1 X178.66 Y122.731 E2395.28671
G1 X121.358 Y122.73 E2397.19258
G1 X120.986 Y122.783 E2397.20508
G1 X120.546 Y122.977 E2397.22108
G1 X120.189 Y123.288 E2397.23682
G1 X119.98 Y123.605 E2397.24945
G1 X119.844 Y123.985 E2397.26288
G1 X119.81 Y124.244 E2397.27156
G1 X119.81 Y175.747 E2398.98456
G1 X119.881 Y176.159 E2398.99847
G1 X120.064 Y176.545 E2399.01267
G1 X120.331 Y176.858 E2399.02636
G1 X120.673 Y177.095 E2399.0402
G1 X121.093 Y177.243 E2399.05501
G1 X121.386 Y177.27 E2399.0648
G1 X178.688 Y177.269 E2400.97067
G1 X179.02 Y177.216 E2400.98185
G1 X179.453 Y177.024 E2400.9976
G1 X179.782 Y176.744 E2401.01197
G1 X180.031 Y176.376 E2401.02675
G1 X180.148 Y176.043 E2401.03849
G1 X180.19 Y175.769 E2401.04771
G1 X180.191 Y124.298 E2402.75964
G1 X180.132 Y123.884 E2402.77355
G1 X179.957 Y123.49 E2402.78789
G1 X179.709 Y123.18 E2402.80109
G0 F9000 X179.429 Y123.47
;TYPE:WALL-OUTER
G1 F2400 X179.17 Y123.278 E2402.81182
G1 X178.842 Y123.156 E2402.82346
G1 X178.636 Y123.131 E2402.83036
G1 X121.386 Y123.13 E2404.7345
G1 X121.097 Y123.171 E2404.74421
G1 X120.763 Y123.318 E2404.75635
G1 X120.493 Y123.554 E2404.76827
G1 X120.34 Y123.785 E2404.77749
G1 X120.235 Y124.079 E2404.78787
G1 X120.21 Y124.27 E2404.79428
G1 X120.21 Y175.713 E2406.50528
G1 X120.266 Y176.037 E2406.51622
G1 X120.403 Y176.326 E2406.52686
G1 X120.602 Y176.559 E2406.53705
G1 X120.857 Y176.736 E2406.54737
G1 X121.179 Y176.849 E2406.55872
G1 X121.405 Y176.87 E2406.56627
G1 X178.656 Y176.869 E2408.47045
G1 X178.906 Y176.829 E2408.47887
G1 X179.238 Y176.682 E2408.49094
G1 X179.481 Y176.475 E2408.50156
G1 X179.671 Y176.195 E2408.51281
G1 X179.758 Y175.946 E2408.52159
G1 X179.79 Y175.738 E2408.52859
G1 X179.791 Y124.326 E2410.23856
G1 X179.744 Y123.996 E2410.24964
G1 X179.612 Y123.699 E2410.26045
G1 X179.429 Y123.47 E2410.2702
G0 F9000 X179.734 Y123.154
G1 F1500 E2409.2702
G0 F9000 X178.793 Y124.062
G0 X121.227 Y124.048
G0 X120.22 Y122.73
;TYPE:WALL-INNER
G1 F1500 E2410.29681
G1 F2400 X119.885 Y123.022 E2410.31159
G1 X119.81 Y123.136 E2410.31613
G1 X119.81 Y122.785 E2410.32241
G1 X119.885 Y122.73 E2410.32309
G1 X120.22 Y122.73 E2410.32654
G1 F1500 E2409.32654
G0 F9000 X121.185 Y124.081
G0 X121.184 Y175.918
G0 X120.222 Y177.269
G1 F1500 E2410.35315
G1 F2400 X119.87 Y177.269 E2410.36485
G1 X119.818 Y177.237 E2410.36688
G1 X119.809 Y177.19 E2410.36848
G1 X119.809 Y176.863 E2410.37935
G1 X120.06 Y177.157 E2410.38457
G1 X120.222 Y177.269 E2410.38476
G1 F1500 E2409.38476
G0 F9000 X121.254 Y175.967
G0 X178.834 Y175.902
G0 X180.19 Y176.855
G1 F1500 E2410.41136
G1 F2400 X180.19 Y177.196 E2410.42271
G1 X180.132 Y177.27 E2410.42583
G1 X179.781 Y177.27 E2410.43751
G1 X180.083 Y177.013 E2410.44284
G1 X180.19 Y176.855 E2410.44292
G1 F1500 E2409.44292
G0 F9000 X178.877 Y175.843
G0 X178.848 Y124.115
G0 X180.145 Y122.731
G1 F1500 E2410.46953
G1 F2400 X180.191 Y122.785 E2410.47189
G1 X180.191 Y123.142 E2410.48376
G1 X179.989 Y122.89 E2410.48686
G1 X179.775 Y122.731 E2410.49431
G1 X180.145 Y122.731 E2410.49936
G0 F9000 X180.354 Y122.371
G1 F2400 X180.539 Y122.545 E2410.5078
G1 X180.591 Y122.73 E2410.51419
G1 X180.59 Y177.28 E2412.32854
G1 X180.476 Y177.541 E2412.33801
G1 X180.357 Y177.626 E2412.34287
G1 X180.178 Y177.67 E2412.349
G1 X119.813 Y177.669 E2414.35675
G1 X119.62 Y177.614 E2414.36343
G1 X119.446 Y177.422 E2414.37204
G1 X119.409 Y177.23 E2414.37855
G1 X119.41 Y122.729 E2416.19126
G1 X119.461 Y122.549 E2416.19748
G1 X119.655 Y122.367 E2416.20633
G1 X119.844 Y122.33 E2416.21273
G1 X180.191 Y122.331 E2418.21988
G1 X180.354 Y122.371 E2418.22546
G0 F9000 X180.519 Y121.999
;TYPE:WALL-OUTER
G1 F2400 X180.749 Y122.158 E2418.23476
G1 X180.903 Y122.366 E2418.24337
G1 X180.986 Y122.647 E2418.25312
G1 X180.991 Y122.73 E2418.25588
G1 X180.99 Y177.327 E2420.07179
G1 X180.926 Y177.587 E2420.08069
G1 X180.769 Y177.823 E2420.09012
G1 X180.53 Y177.994 E2420.09989
G1 X180.255 Y178.066 E2420.10935
G1 X180.181 Y178.07 E2420.11181
G1 X119.755 Y178.069 E2422.12159
G1 X119.437 Y177.978 E2422.13259
G1 X119.209 Y177.8 E2422.14221
G1 X119.067 Y177.569 E2422.15123
G1 X119.009 Y177.27 E2422.16136
G1 X119.01 Y122.673 E2423.97727
G1 X119.097 Y122.366 E2423.98788
G1 X119.287 Y122.123 E2423.99814
G1 X119.508 Y121.989 E2424.00673
G1 X119.808 Y121.93 E2424.0169
G1 X180.241 Y121.931 E2426.02691
G1 X180.519 Y121.999 E2426.03643
G0 F9000 X180.339 Y122.4
;MESH:NONMESH
G0 F300 X180.339 Y122.4 Z8.6
G0 F9000 X179.762 Y123.236
;TIME_ELAPSED:3538.570492
;LAYER:42
;TYPE:WALL-INNER
;MESH:Battery Holder.STL
G1 F2400 X179.461 Y122.983 E2426.04951
G1 X179.082 Y122.803 E2426.06347
G1 X178.665 Y122.731 E2426.07754
G1 X121.358 Y122.73 E2427.98358
G1 X120.991 Y122.782 E2427.99591
G1 X120.611 Y122.939 E2428.00958
G1 X120.311 Y123.162 E2428.02201
G1 X120.035 Y123.503 E2428.03661
G1 X119.864 Y123.903 E2428.05107
G1 X119.81 Y124.23 E2428.0621
G1 X119.81 Y175.744 E2429.77546
G1 X119.868 Y176.114 E2429.78792
G1 X120.009 Y176.452 E2429.8001
G1 X120.238 Y176.764 E2429.81297
G1 X120.539 Y177.017 E2429.82605
G1 X120.92 Y177.198 E2429.84008
G1 X121.369 Y177.27 E2429.8552
G1 X178.687 Y177.269 E2431.76161
G1 X179.016 Y177.217 E2431.77269
G1 X179.39 Y177.061 E2431.78616
G1 X179.725 Y176.803 E2431.80023
G1 X179.965 Y176.497 E2431.81316
G1 X180.117 Y176.16 E2431.82546
G1 X180.19 Y175.774 E2431.83852
G1 X180.191 Y124.298 E2433.55062
G1 X180.133 Y123.89 E2433.56433
G1 X179.991 Y123.549 E2433.57661
G1 X179.762 Y123.236 E2433.58951
G0 F9000 X179.468 Y123.511
;TYPE:WALL-OUTER
G1 F2400 X179.243 Y123.322 E2433.59929
G1 X178.96 Y123.188 E2433.6097
G1 X178.631 Y123.131 E2433.62081
G1 X121.386 Y123.13 E2435.52478
G1 X121.097 Y123.171 E2435.53449
G1 X120.81 Y123.29 E2435.54483
G1 X120.59 Y123.453 E2435.55393
G1 X120.381 Y123.711 E2435.56498
G1 X120.251 Y124.016 E2435.576
G1 X120.21 Y124.263 E2435.58433
G1 X120.21 Y175.713 E2437.29556
G1 X120.256 Y176.004 E2437.30536
G1 X120.36 Y176.254 E2437.31437
G1 X120.532 Y176.489 E2437.32406
G1 X120.757 Y176.678 E2437.33383
G1 X121.04 Y176.812 E2437.34424
G1 X121.401 Y176.87 E2437.3564
G1 X178.655 Y176.869 E2439.26068
G1 X178.906 Y176.829 E2439.26913
G1 X179.188 Y176.712 E2439.27929
G1 X179.441 Y176.517 E2439.28991
G1 X179.62 Y176.288 E2439.29958
G1 X179.733 Y176.039 E2439.30867
G1 X179.79 Y175.737 E2439.3189
G1 X179.791 Y124.326 E2441.02883
G1 X179.744 Y123.997 E2441.03989
G1 X179.64 Y123.746 E2441.04892
G1 X179.468 Y123.511 E2441.05861
G0 F9000 X179.789 Y123.211
G1 F1500 E2440.05861
G0 F9000 X178.786 Y124.057
G0 X121.23 Y124.046
G0 X120.221 Y122.73
;TYPE:WALL-INNER
G1 F1500 E2441.08522
G1 F2400 X120.032 Y122.871 E2441.09306
G1 X119.81 Y123.145 E2441.10479
G1 X119.81 Y122.783 E2441.10898
G1 X119.822 Y122.739
G1 X119.882 Y122.73 E2441.11099
G1 X120.221 Y122.73 E2441.11479
G1 F1500 E2440.11479
G0 F9000 X121.177 Y124.089
G0 X121.183 Y175.918
G0 X120.218 Y177.269
G1 F1500 E2441.1414
G1 F2400 X119.862 Y177.269 E2441.15324
G1 X119.817 Y177.253 E2441.15483
G1 X119.809 Y177.207 E2441.15638
G1 X119.809 Y176.855 E2441.16809
G1 X119.944 Y177.039
G1 X120.218 Y177.269 E2441.17224
G1 F1500 E2440.17224
G0 F9000 X121.244 Y175.962
G0 X178.852 Y175.881
G0 X180.19 Y176.859
G1 F1500 E2441.19885
G1 F2400 X180.19 Y177.217 E2441.21075
G1 X180.133 Y177.27 E2441.21334
G1 X179.774 Y177.27 E2441.22528
G1 X180.009 Y177.089 E2441.22765
G1 X180.19 Y176.859 E2441.22997
G1 F1500 E2440.22997
G0 F9000 X178.877 Y175.843
G0 X178.859 Y124.13
G0 X180.142 Y122.731
G1 F1500 E2441.25658
G1 F2400 X180.19 Y122.807 E2441.25957
G1 X180.19 Y123.144 E2441.27078
G1 X180.056 Y122.961 E2441.27166
G1 X179.782 Y122.731 E2441.28139
G1 X180.142 Y122.731 E2441.2856
G0 F9000 X180.486 Y122.471
G1 F2400 X180.59 Y122.729 E2441.29485
G1 X180.59 Y124.298 E2441.34704
G1 X180.59 Y177.272 E2443.10896
G1 X180.541 Y177.45 E2443.1151
G1 X180.358 Y177.626 E2443.12354
G1 X180.179 Y177.67 E2443.12968
G1 X119.809 Y177.669 E2445.13759
G1 X119.638 Y177.624 E2445.14347
G1 X119.517 Y177.532 E2445.14853
G1 X119.435 Y177.392 E2445.15392
G1 X119.409 Y177.238 E2445.15912
G1 X119.41 Y122.727 E2446.97216
G1 X119.462 Y122.547 E2446.97839
G1 X119.561 Y122.425 E2446.98362
G1 X119.687 Y122.356 E2446.9884
G1 X119.85 Y122.33 E2446.99389
G1 X180.192 Y122.331 E2449.00087
G1 X180.344 Y122.368 E2449.00607
G1 X180.486 Y122.471 E2449.01191
G0 F9000 X180.783 Y122.192
;TYPE:WALL-OUTER
G1 F2400 X180.926 Y122.415 E2449.02072
G1 X180.989 Y122.673 E2449.02955
G1 X180.991 Y122.73 E2449.03145
G1 X180.99 Y177.327 E2450.84735
G1 X180.908 Y177.626 E2450.85766
G1 X180.759 Y177.833 E2450.86615
G1 X180.531 Y177.994 E2450.87543
G1 X180.256 Y178.066 E2450.88488
G1 X180.181 Y178.07 E2450.88738
G1 X119.756 Y178.069 E2452.89713
G1 X119.458 Y177.99 E2452.90738
G1 X119.212 Y177.802 E2452.91768
G1 X119.054 Y177.534 E2452.92803
G1 X119.009 Y177.27 E2452.93693
G1 X119.01 Y122.673 E2454.75284
G1 X119.101 Y122.356 E2454.76381
G1 X119.301 Y122.112 E2454.7743
G1 X119.554 Y121.972 E2454.78392
G1 X119.819 Y121.93 E2454.79284
G1 X180.241 Y121.931 E2456.80248
G1 X180.513 Y121.997 E2456.81179
G1 X180.783 Y122.192 E2456.82287
G0 F9000 X180.464 Y122.494
;MESH:NONMESH
G0 F300 X180.464 Y122.494 Z8.8
G0 F9000 X179.76 Y123.235
;TIME_ELAPSED:3566.357181
;LAYER:43
;TYPE:WALL-INNER
;MESH:Battery Holder.STL
G1 F2400 X179.457 Y122.978 E2456.83609
G1 X179.032 Y122.789 E2456.85156
G1 X178.624 Y122.73 E2456.86527
G1 X121.307 Y122.731 E2458.77164
G1 X120.885 Y122.813 E2458.78594
G1 X120.519 Y122.996 E2458.79955
G1 X120.232 Y123.241 E2458.8121
G1 X119.969 Y123.621 E2458.82747
G1 X119.834 Y124.037 E2458.84201
G1 X119.81 Y124.246 E2458.84901
G1 X119.81 Y175.744 E2460.56184
G1 X119.869 Y176.117 E2460.5744
G1 X120.03 Y176.488 E2460.58785
G1 X120.24 Y176.765 E2460.59942
G1 X120.536 Y177.015 E2460.6123
G1 X120.859 Y177.177 E2460.62432
G1 X121.249 Y177.263 E2460.6376
G1 X121.395 Y177.27 E2460.64247
G1 X178.687 Y177.269 E2462.548
G1 X179.017 Y177.216 E2462.55912
G1 X179.415 Y177.047 E2462.5735
G1 X179.764 Y176.764 E2462.58845
G1 X180.028 Y176.383 E2462.60386
G1 X180.148 Y176.043 E2462.61586
G1 X180.19 Y175.767 E2462.62514
G1 X180.191 Y124.298 E2464.33701
G1 X180.132 Y123.887 E2464.35082
G1 X179.97 Y123.512 E2464.3644
G1 X179.76 Y123.235 E2464.37597
G0 F9000 X179.468 Y123.512
;TYPE:WALL-OUTER
G1 F2400 X179.242 Y123.32 E2464.38583
G1 X178.92 Y123.177 E2464.39755
G1 X178.595 Y123.13 E2464.40847
G1 X121.345 Y123.131 E2466.31261
G1 X121.015 Y123.195 E2466.32379
G1 X120.742 Y123.332 E2466.33395
G1 X120.531 Y123.512 E2466.34318
G1 X120.331 Y123.8 E2466.35484
G1 X120.227 Y124.122 E2466.36609
G1 X120.21 Y124.269 E2466.37101
G1 X120.21 Y175.713 E2468.08205
G1 X120.256 Y176.004 E2468.09185
G1 X120.378 Y176.285 E2468.10204
G1 X120.532 Y176.488 E2468.11051
G1 X120.758 Y176.679 E2468.12035
G1 X120.994 Y176.797 E2468.12913
G1 X121.302 Y176.865 E2468.13962
G1 X121.405 Y176.87 E2468.14305
G1 X178.655 Y176.869 E2470.04719
G1 X178.906 Y176.829 E2470.05565
G1 X179.207 Y176.701 E2470.06653
G1 X179.468 Y176.489 E2470.07771
G1 X179.669 Y176.199 E2470.08944
G1 X179.758 Y175.946 E2470.09836
G1 X179.79 Y175.737 E2470.1054
G1 X179.791 Y124.326 E2471.81533
G1 X179.744 Y123.997 E2471.82639
G1 X179.622 Y123.715 E2471.83661
G1 X179.468 Y123.512 E2471.84508
G0 F9000 X179.787 Y123.21
G1 F1500 E2470.84508
G0 F9000 X178.782 Y124.054
G0 X121.227 Y124.048
G0 X120.214 Y122.73
;TYPE:WALL-INNER
G1 F1500 E2471.87169
G1 F2400 X119.933 Y122.971 E2471.884
G1 X119.81 Y123.149 E2471.8912
G1 X119.81 Y122.804 E2471.89606
G1 X119.867 Y122.73 E2471.89681
G1 X120.214 Y122.73 E2471.90055
G1 F1500 E2470.90055
G0 F9000 X121.177 Y124.089
G0 X121.183 Y175.917
G0 X120.217 Y177.269
G1 F1500 E2471.92716
G1 F2400 X119.866 Y177.269 E2471.93883
G1 X119.809 Y177.208 E2471.94161
G1 X119.809 Y176.859 E2471.95322
G1 X119.948 Y177.042 E2471.95418
G1 X120.217 Y177.269 E2471.9582
G1 F1500 E2470.9582
G0 F9000 X121.216 Y175.946
G0 X178.835 Y175.899
G0 X180.19 Y176.851
G1 F1500 E2471.98481
G1 F2400 X180.19 Y177.23 E2471.99741
G1 X180.099 Y177.27 E2472.00072
G1 X179.775 Y177.27 E2472.0115
G1 X180.06 Y177.039 E2472.01603
G1 X180.19 Y176.851 E2472.01675
G1 F1500 E2471.01675
G0 F9000 X178.874 Y175.849
G0 X181.856 Y122.777
G0 X180.191 Y122.777
G1 F1500 E2472.04336
G1 F2400 X180.191 Y123.141 E2472.05546
G1 X180.052 Y122.958 E2472.05638
G1 X179.784 Y122.731 E2472.06807
G1 X180.112 Y122.731 E2472.07149
G1 X180.191 Y122.777 E2472.07229
G0 F9000 X180.459 Y122.441
G1 F2400 X180.555 Y122.58 E2472.07791
G1 X180.591 Y122.73 E2472.08304
G1 X180.59 Y177.279 E2473.89735
G1 X180.554 Y177.423 E2473.90229
G1 X180.472 Y177.544 E2473.90715
G1 X180.344 Y177.63 E2473.91228
G1 X180.14 Y177.67 E2473.91919
G1 X119.811 Y177.669 E2475.92574
G1 X119.625 Y177.618 E2475.93216
G1 X119.45 Y177.432 E2475.94065
G1 X119.409 Y177.255 E2475.9467
G1 X119.41 Y122.724 E2477.7604
G1 X119.519 Y122.463 E2477.76981
G1 X119.649 Y122.371 E2477.77511
G1 X119.819 Y122.33 E2477.78092
G1 X180.19 Y122.331 E2479.78887
G1 X180.459 Y122.441 E2479.79854
G0 F9000 X180.742 Y122.149
;TYPE:WALL-OUTER
G1 F2400 X180.927 Y122.415 E2479.80931
G1 X180.989 Y122.672 E2479.81811
G1 X180.991 Y122.73 E2479.82004
G1 X180.99 Y177.326 E2481.63591
G1 X180.925 Y177.59 E2481.64495
G1 X180.759 Y177.833 E2481.65474
G1 X180.499 Y178.008 E2481.66516
G1 X180.181 Y178.07 E2481.67594
G1 X119.756 Y178.069 E2483.68568
G1 X119.447 Y177.984 E2483.69634
G1 X119.232 Y177.823 E2483.70528
G1 X119.078 Y177.597 E2483.71437
G1 X119.011 Y177.322 E2483.72379
G1 X119.009 Y177.27 E2483.72552
G1 X119.01 Y122.674 E2485.54139
G1 X119.082 Y122.395 E2485.55097
G1 X119.23 Y122.178 E2485.55971
G1 X119.478 Y122.002 E2485.56982
G1 X119.741 Y121.934 E2485.57886
G1 X119.819 Y121.93 E2485.58145
G1 X180.24 Y121.931 E2487.59106
G1 X180.515 Y121.998 E2487.60048
G1 X180.742 Y122.149 E2487.60955
G0 F9000 X180.435 Y122.463
;MESH:NONMESH
G0 F300 X180.435 Y122.463 Z9
G0 F9000 X179.709 Y123.181
;TIME_ELAPSED:3594.180097
;LAYER:44
;TYPE:WALL-INNER
;MESH:Battery Holder.STL
G1 F2400 X179.396 Y122.943 E2487.62262
G1 X179.029 Y122.788 E2487.63588
G1 X178.623 Y122.73 E2487.64952
G1 X121.308 Y122.731 E2489.55582
G1 X120.889 Y122.812 E2489.57001
G1 X120.509 Y123.002 E2489.58415
G1 X120.183 Y123.296 E2489.59875
G1 X119.982 Y123.601 E2489.6109
G1 X119.861 Y123.918 E2489.62218
G1 X119.81 Y124.236 E2489.63289
G1 X119.81 Y175.747 E2491.34616
G1 X119.881 Y176.159 E2491.36006
G1 X120.066 Y176.548 E2491.37439
G1 X120.337 Y176.861 E2491.38816
G1 X120.679 Y177.098 E2491.402
G1 X121.023 Y177.225 E2491.41419
G1 X121.381 Y177.27 E2491.42619
G1 X178.687 Y177.269 E2493.3322
G1 X179.014 Y177.216 E2493.34322
G1 X179.395 Y177.058 E2493.35694
G1 X179.724 Y176.804 E2493.37076
G1 X179.952 Y176.518 E2493.38293
G1 X180.115 Y176.167 E2493.3958
G1 X180.188 Y175.799 E2493.40828
G1 X180.191 Y175.678 E2493.4123
G1 X180.19 Y124.256 E2495.1226
G1 X180.132 Y123.889 E2495.13496
G1 X179.991 Y123.546 E2495.1473
G1 X179.709 Y123.181 E2495.16264
G0 F9000 X179.425 Y123.467
;TYPE:WALL-OUTER
G1 F2400 X179.194 Y123.292 E2495.17228
G1 X178.921 Y123.177 E2495.18213
G1 X178.594 Y123.13 E2495.19312
G1 X121.346 Y123.131 E2497.09719
G1 X121.019 Y123.194 E2497.10827
G1 X120.737 Y123.335 E2497.11876
G1 X120.489 Y123.559 E2497.12987
G1 X120.34 Y123.785 E2497.13887
G1 X120.249 Y124.022 E2497.14732
G1 X120.21 Y124.268 E2497.1556
G1 X120.21 Y175.713 E2498.86667
G1 X120.266 Y176.037 E2498.87761
G1 X120.404 Y176.327 E2498.88829
G1 X120.606 Y176.561 E2498.89857
G1 X120.865 Y176.74 E2498.90904
G1 X121.119 Y176.834 E2498.91805
G1 X121.406 Y176.87 E2498.92767
G1 X178.655 Y176.869 E2500.83178
G1 X178.904 Y176.829 E2500.84017
G1 X179.192 Y176.709 E2500.85054
G1 X179.441 Y176.517 E2500.861
G1 X179.609 Y176.306 E2500.86997
G1 X179.732 Y176.042 E2500.87966
G1 X179.789 Y175.755 E2500.88939
G1 X179.791 Y175.673 E2500.89212
G1 X179.79 Y124.288 E2502.60119
G1 X179.744 Y123.998 E2502.61096
G1 X179.641 Y123.748 E2502.61995
G1 X179.425 Y123.467 E2502.63174
G0 F9000 X179.735 Y123.155
G1 F1500 E2501.63174
G0 F9000 X178.797 Y124.065
G0 X121.251 Y124.035
G0 X120.213 Y122.73
;TYPE:WALL-INNER
G1 F1500 E2502.65835
G1 F2400 X119.877 Y123.033 E2502.6734
G1 X119.81 Y123.135 E2502.67745
G1 X119.81 Y122.776 E2502.68423
G1 X119.877 Y122.73 E2502.68474
G1 X120.213 Y122.73 E2502.68831
G1 F1500 E2501.68831
G0 F9000 X121.181 Y124.084
G0 X121.183 Y175.918
G0 X120.224 Y177.269
G1 F1500 E2502.71492
G1 F2400 X119.864 Y177.269 E2502.72689
G1 X119.822 Y177.258 E2502.72834
G1 X119.809 Y177.191 E2502.73061
G1 X119.809 Y176.862 E2502.74155
G1 X120.068 Y177.161 E2502.74707
G1 X120.224 Y177.269 E2502.74712
G1 F1500 E2501.74712
G0 F9000 X121.236 Y175.957
G0 X178.827 Y175.909
G0 X180.19 Y176.862
G1 F1500 E2502.77372
G1 F2400 X180.19 Y177.194 E2502.78477
G1 X180.135 Y177.27 E2502.78789
G1 X179.775 Y177.27 E2502.79986
G1 X180.007 Y177.091 E2502.80216
G1 X180.19 Y176.862 E2502.80467
G1 F1500 E2501.80467
G0 F9000 X178.889 Y175.823
G0 X178.851 Y124.117
G0 X180.143 Y122.731
G1 F1500 E2502.83127
G1 F2400 X180.19 Y122.805 E2502.83419
G1 X180.19 Y123.15 E2502.84566
G1 X179.993 Y122.895 E2502.84872
G1 X179.778 Y122.731 E2502.85612
G1 X180.143 Y122.731 E2502.86103
G0 F9000 X180.479 Y122.463
G1 F2400 X180.59 Y122.722 E2502.8704
G1 X180.59 Y175.678 E2504.63173
G1 X180.59 Y177.269 E2504.68464
G1 X180.487 Y177.527 E2504.69388
G1 X180.348 Y177.629 E2504.69962
G1 X180.181 Y177.67 E2504.70534
G1 X119.81 Y177.669 E2506.71329
G1 X119.633 Y177.622 E2506.71938
G1 X119.525 Y177.542 E2506.72385
G1 X119.445 Y177.417 E2506.72878
G1 X119.409 Y177.229 E2506.73515
G1 X119.41 Y122.731 E2508.54776
G1 X119.445 Y122.583 E2508.55282
G1 X119.531 Y122.453 E2508.558
G1 X119.78 Y122.333 E2508.5672
G1 X119.821 Y122.33 E2508.56856
G1 X180.192 Y122.331 E2510.57651
G1 X180.348 Y122.37 E2510.58186
G1 X180.479 Y122.463 E2510.5872
G0 F9000 X180.773 Y122.181
;TYPE:WALL-OUTER
G1 F2400 X180.93 Y122.424 E2510.59683
G1 X180.989 Y122.668 E2510.60517
G1 X180.991 Y122.73 E2510.60724
G1 X180.99 Y177.315 E2512.42274
G1 X180.935 Y177.565 E2512.43126
G1 X180.785 Y177.805 E2512.44067
G1 X180.523 Y177.997 E2512.45147
G1 X180.26 Y178.066 E2512.46052
G1 X180.181 Y178.07 E2512.46315
G1 X119.757 Y178.069 E2514.47286
G1 X119.458 Y177.99 E2514.48314
G1 X119.227 Y177.819 E2514.4927
G1 X119.066 Y177.566 E2514.50268
G1 X119.009 Y177.27 E2514.5127
G1 X119.01 Y122.686 E2516.32817
G1 X119.071 Y122.422 E2516.33719
G1 X119.238 Y122.171 E2516.34721
G1 X119.461 Y122.011 E2516.35634
G1 X119.709 Y121.937 E2516.36495
G1 X119.807 Y121.93 E2516.36822
G1 X180.239 Y121.931 E2518.37819
G1 X180.519 Y122 E2518.38779
G1 X180.773 Y122.181 E2518.39816
G0 F9000 X180.455 Y122.485
;MESH:NONMESH
G0 F300 X180.455 Y122.485 Z9.2
G0 F9000 X179.76 Y123.233
;TIME_ELAPSED:3621.967523
;LAYER:45
;TYPE:WALL-INNER
;MESH:Battery Holder.STL
G1 F2400 X179.418 Y122.955 E2518.41282
G1 X179.03 Y122.789 E2518.42685
G1 X178.623 Y122.73 E2518.44053
G1 X121.308 Y122.731 E2520.34684
G1 X120.887 Y122.812 E2520.3611
G1 X120.511 Y123 E2520.37508
G1 X120.185 Y123.292 E2520.38964
G1 X119.979 Y123.605 E2520.4021
G1 X119.844 Y123.985 E2520.41551
G1 X119.81 Y124.243 E2520.42417
G1 X119.81 Y175.747 E2522.1372
G1 X119.881 Y176.159 E2522.1511
G1 X120.064 Y176.547 E2522.16537
G1 X120.331 Y176.857 E2522.17898
G1 X120.636 Y177.076 E2522.19147
G1 X121.02 Y177.225 E2522.20517
G1 X121.381 Y177.27 E2522.21727
G1 X178.687 Y177.269 E2524.12327
G1 X179.012 Y177.217 E2524.13422
G1 X179.371 Y177.072 E2524.1471
G1 X179.705 Y176.824 E2524.16093
G1 X179.978 Y176.476 E2524.17564
G1 X180.141 Y176.082 E2524.18982
G1 X180.191 Y175.699 E2524.20267
G1 X180.19 Y124.256 E2525.91367
G1 X180.132 Y123.889 E2525.92603
G1 X179.992 Y123.551 E2525.9382
G1 X179.76 Y123.233 E2525.95129
G0 F9000 X179.468 Y123.511
;TYPE:WALL-OUTER
G1 F2400 X179.209 Y123.301 E2525.96238
G1 X178.921 Y123.177 E2525.97281
G1 X178.594 Y123.13 E2525.9838
G1 X121.346 Y123.131 E2527.88787
G1 X121.017 Y123.194 E2527.89902
G1 X120.738 Y123.334 E2527.9094
G1 X120.491 Y123.555 E2527.92042
G1 X120.34 Y123.785 E2527.92957
G1 X120.235 Y124.079 E2527.93996
G1 X120.21 Y124.269 E2527.94633
G1 X120.21 Y175.713 E2529.65736
G1 X120.266 Y176.037 E2529.6683
G1 X120.403 Y176.327 E2529.67897
G1 X120.603 Y176.56 E2529.68918
G1 X120.828 Y176.721 E2529.69838
G1 X121.119 Y176.834 E2529.70877
G1 X121.406 Y176.87 E2529.71839
G1 X178.655 Y176.869 E2531.6225
G1 X178.904 Y176.829 E2531.63088
G1 X179.174 Y176.72 E2531.64057
G1 X179.423 Y176.535 E2531.65089
G1 X179.629 Y176.272 E2531.662
G1 X179.751 Y175.978 E2531.67258
G1 X179.791 Y175.673 E2531.68282
G1 X179.79 Y124.288 E2533.39189
G1 X179.744 Y123.998 E2533.40165
G1 X179.641 Y123.748 E2533.41065
G1 X179.468 Y123.511 E2533.42041
G0 F9000 X179.786 Y123.208
G1 F1500 E2532.42041
G0 F9000 X178.807 Y124.072
G0 X121.239 Y124.041
G0 X120.213 Y122.73
;TYPE:WALL-INNER
G1 F1500 E2533.44701
G1 F2400 X119.879 Y123.029 E2533.46192
G1 X119.81 Y123.134 E2533.4661
G1 X119.81 Y122.772 E2533.47291
G1 X119.863 Y122.73 E2533.47319
G1 X120.213 Y122.73 E2533.47707
G1 F1500 E2532.47707
G0 F9000 X121.179 Y124.086
G0 X121.188 Y175.921
G0 X120.219 Y177.269
G1 F1500 E2533.50368
G1 F2400 X119.865 Y177.269 E2533.51545
G1 X119.819 Y177.256 E2533.51704
G1 X119.809 Y177.199 E2533.51897
G1 X119.809 Y176.864 E2533.53011
G1 X120.059 Y177.154 E2533.5352
G1 X120.219 Y177.269 E2533.53547
G1 F1500 E2532.53547
G0 F9000 X121.252 Y175.966
G0 X178.831 Y175.905
G0 X180.19 Y176.854
G1 F1500 E2533.56208
G1 F2400 X180.19 Y177.21 E2533.57392
G1 X180.162 Y177.26 E2533.57582
G1 X180.116 Y177.27 E2533.57739
G1 X179.775 Y177.27 E2533.58873
G1 X179.987 Y177.113 E2533.59037
G1 X180.19 Y176.854 E2533.59357
G1 F1500 E2532.59357
G0 F9000 X178.881 Y175.838
G0 X178.833 Y124.099
G0 X180.146 Y122.731
G1 F1500 E2533.62018
G1 F2400 X180.191 Y122.8 E2533.62292
G1 X180.191 Y123.145 E2533.63439
G1 X180.053 Y122.955 E2533.63538
G1 X179.777 Y122.731 E2533.64519
G1 X180.146 Y122.731 E2533.64956
G0 F9000 X180.351 Y122.37
G1 F2400 X180.537 Y122.543 E2533.65801
G1 X180.591 Y122.749 E2533.6651
G1 X180.59 Y177.263 E2535.47824
G1 X180.541 Y177.449 E2535.48464
G1 X180.357 Y177.627 E2535.49315
G1 X180.161 Y177.67 E2535.49982
G1 X119.812 Y177.669 E2537.50704
G1 X119.631 Y177.62 E2537.51328
G1 X119.51 Y177.525 E2537.51839
G1 X119.439 Y177.405 E2537.52303
G1 X119.409 Y177.234 E2537.52881
G1 X119.41 Y122.73 E2539.34162
G1 X119.441 Y122.591 E2539.34635
G1 X119.524 Y122.461 E2539.35148
G1 X119.659 Y122.366 E2539.35697
G1 X119.819 Y122.33 E2539.36243
G1 X180.192 Y122.331 E2541.37044
G1 X180.351 Y122.37 E2541.37589
G0 F9000 X180.518 Y122
;TYPE:WALL-OUTER
G1 F2400 X180.75 Y122.159 E2541.38524
G1 X180.9 Y122.36 E2541.39358
G1 X180.987 Y122.648 E2541.40359
G1 X180.991 Y122.73 E2541.40632
G1 X180.99 Y177.314 E2543.22179
G1 X180.91 Y177.62 E2543.23231
G1 X180.759 Y177.833 E2543.241
G1 X180.531 Y177.994 E2543.25028
G1 X180.261 Y178.066 E2543.25957
G1 X180.181 Y178.07 E2543.26224
G1 X119.758 Y178.069 E2545.27191
G1 X119.447 Y177.984 E2545.28264
G1 X119.205 Y177.794 E2545.29287
G1 X119.058 Y177.546 E2545.30246
G1 X119.009 Y177.27 E2545.31178
G1 X119.01 Y122.687 E2547.12722
G1 X119.065 Y122.435 E2547.1358
G1 X119.229 Y122.179 E2547.14591
G1 X119.492 Y121.995 E2547.15659
G1 X119.741 Y121.934 E2547.16511
G1 X119.819 Y121.93 E2547.16771
G1 X180.239 Y121.931 E2549.17729
G1 X180.518 Y122 E2549.18685
G0 F9000 X180.338 Y122.401
;MESH:NONMESH
G0 F300 X180.338 Y122.401 Z9.4
G0 F9000 X179.765 Y123.239
;TIME_ELAPSED:3649.751563
;LAYER:46
;TYPE:WALL-INNER
;MESH:Battery Holder.STL
G1 F2400 X179.463 Y122.984 E2549.19999
G1 X179.086 Y122.805 E2549.21387
G1 X178.719 Y122.733 E2549.22631
G1 X178.599 Y122.73 E2549.23031
G1 X121.313 Y122.731 E2551.13565
G1 X120.983 Y122.784 E2551.14676
G1 X120.545 Y122.977 E2551.16268
G1 X120.234 Y123.239 E2551.17621
G1 X119.985 Y123.592 E2551.19058
G1 X119.861 Y123.917 E2551.20215
G1 X119.81 Y124.232 E2551.21276
G1 X119.81 Y175.747 E2552.92615
G1 X119.881 Y176.159 E2552.94006
G1 X120.065 Y176.545 E2552.95428
G1 X120.336 Y176.861 E2552.96813
G1 X120.679 Y177.099 E2552.98201
G1 X121.117 Y177.246 E2552.99738
G1 X121.389 Y177.27 E2553.00646
G1 X178.689 Y177.269 E2554.91227
G1 X179.057 Y177.204 E2554.9247
G1 X179.393 Y177.059 E2554.93687
G1 X179.724 Y176.804 E2554.95077
G1 X179.964 Y176.497 E2554.96373
G1 X180.115 Y176.165 E2554.97586
G1 X180.188 Y175.799 E2554.98827
G1 X180.191 Y175.678 E2554.9923
G1 X180.19 Y124.26 E2556.70247
G1 X180.145 Y123.94 E2556.71321
G1 X180.019 Y123.599 E2556.7253
G1 X179.765 Y123.239 E2556.73996
G0 F9000 X179.468 Y123.511
;TYPE:WALL-OUTER
G1 F2400 X179.245 Y123.323 E2556.74966
G1 X178.96 Y123.188 E2556.76015
G1 X178.675 Y123.132 E2556.76981
G1 X178.594 Y123.13 E2556.7725
G1 X121.345 Y123.131 E2558.67661
G1 X121.097 Y123.171 E2558.68497
G1 X120.759 Y123.32 E2558.69725
G1 X120.531 Y123.512 E2558.70717
G1 X120.341 Y123.782 E2558.71815
G1 X120.249 Y124.022 E2558.7267
G1 X120.21 Y124.264 E2558.73485
G1 X120.21 Y175.713 E2560.44605
G1 X120.266 Y176.037 E2560.45699
G1 X120.403 Y176.325 E2560.4676
G1 X120.606 Y176.561 E2560.47795
G1 X120.861 Y176.738 E2560.48827
G1 X121.199 Y176.852 E2560.50014
G1 X121.406 Y176.87 E2560.50705
G1 X178.654 Y176.869 E2562.41112
G1 X178.941 Y176.818 E2562.42082
G1 X179.189 Y176.711 E2562.4298
G1 X179.44 Y176.518 E2562.44033
G1 X179.62 Y176.288 E2562.45005
G1 X179.732 Y176.042 E2562.45904
G1 X179.789 Y175.755 E2562.46877
G1 X179.791 Y175.673 E2562.4715
G1 X179.79 Y124.288 E2564.18057
G1 X179.755 Y124.038 E2564.18897
G1 X179.662 Y123.787 E2564.19787
G1 X179.468 Y123.511 E2564.20909
G0 F9000 X179.792 Y123.214
G1 F1500 E2563.20909
G0 F9000 X178.813 Y124.079
G0 X121.227 Y124.048
G0 X120.217 Y122.73
;TYPE:WALL-INNER
G1 F1500 E2564.2357
G1 F2400 X119.937 Y122.966 E2564.24788
G1 X119.81 Y123.146 E2564.2552
G1 X119.81 Y122.783 E2564.26059
G1 X119.866 Y122.73 E2564.26108
G1 X120.217 Y122.73 E2564.26487
G1 F1500 E2563.26487
G0 F9000 X121.18 Y124.086
G0 X121.183 Y175.918
G0 X120.223 Y177.269
G1 F1500 E2564.29148
G1 F2400 X119.855 Y177.269 E2564.30372
G1 X119.809 Y177.209 E2564.30623
G1 X119.809 Y176.861 E2564.31781
G1 X120.066 Y177.16 E2564.32307
G1 X120.223 Y177.269 E2564.32315
G1 F1500 E2563.32315
G0 F9000 X121.254 Y175.968
G0 X178.857 Y175.875
G0 X180.19 Y176.857
G1 F1500 E2564.34976
G1 F2400 X180.19 Y177.228 E2564.3621
G1 X180.133 Y177.27 E2564.36446
G1 X179.774 Y177.27 E2564.3764
G1 X180.008 Y177.09 E2564.37874
G1 X180.19 Y176.857 E2564.38107
G1 F1500 E2563.38107
G0 F9000 X178.874 Y175.849
G0 X178.851 Y124.12
G0 X180.145 Y122.731
G1 F1500 E2564.40768
G1 F2400 X180.191 Y122.787 E2564.41009
G1 X180.191 Y123.149 E2564.42213
G1 X180.062 Y122.966 E2564.42281
G1 X179.783 Y122.731 E2564.43297
G1 X180.145 Y122.731 E2564.43721
G0 F9000 X180.354 Y122.371
G1 F2400 X180.543 Y122.552 E2564.44591
G1 X180.591 Y122.737 E2564.45227
G1 X180.59 Y177.269 E2566.26601
G1 X180.56 Y177.41 E2566.27081
G1 X180.466 Y177.55 E2566.27642
G1 X180.358 Y177.626 E2566.28081
G1 X180.181 Y177.67 E2566.28687
G1 X119.807 Y177.669 E2568.29492
G1 X119.646 Y177.629 E2568.30044
G1 X119.456 Y177.446 E2568.30921
G1 X119.409 Y177.256 E2568.31572
G1 X119.41 Y122.736 E2570.12907
G1 X119.451 Y122.567 E2570.13485
G1 X119.527 Y122.456 E2570.13932
G1 X119.651 Y122.369 E2570.14436
G1 X119.819 Y122.33 E2570.1501
G1 X180.192 Y122.331 E2572.15811
G1 X180.354 Y122.371 E2572.16366
G0 F9000 X180.519 Y122
;TYPE:WALL-OUTER
G1 F2400 X180.742 Y122.151 E2572.17262
G1 X180.905 Y122.368 E2572.18165
G1 X180.983 Y122.617 E2572.19033
G1 X180.991 Y122.73 E2572.19409
G1 X180.99 Y177.314 E2574.00956
G1 X180.935 Y177.567 E2574.01818
G1 X180.755 Y177.836 E2574.02894
G1 X180.53 Y177.995 E2574.03811
G1 X180.26 Y178.066 E2574.04739
G1 X180.181 Y178.07 E2574.05002
G1 X119.758 Y178.069 E2576.0597
G1 X119.479 Y177.999 E2576.06927
G1 X119.258 Y177.849 E2576.07815
G1 X119.094 Y177.63 E2576.08725
G1 X119.017 Y177.383 E2576.09585
G1 X119.009 Y177.27 E2576.09962
G1 X119.01 Y122.687 E2577.91506
G1 X119.079 Y122.402 E2577.92481
G1 X119.239 Y122.17 E2577.93419
G1 X119.482 Y121.999 E2577.94407
G1 X119.74 Y121.934 E2577.95292
G1 X119.819 Y121.93 E2577.95555
G1 X180.238 Y121.931 E2579.96509
G1 X180.519 Y122 E2579.97472
G0 F9000 X180.341 Y122.402
;MESH:NONMESH
G0 F300 X180.341 Y122.402 Z9.6
G0 F9000 X179.763 Y123.236
;TIME_ELAPSED:3677.530658
;LAYER:47
;TYPE:WALL-INNER
;MESH:Battery Holder.STL
G1 F2400 X179.463 Y122.984 E2579.98775
G1 X179.086 Y122.805 E2580.00163
G1 X178.722 Y122.733 E2580.01397
G1 X178.599 Y122.73 E2580.01806
G1 X121.311 Y122.731 E2581.92347
G1 X120.94 Y122.796 E2581.936
G1 X120.539 Y122.983 E2581.95071
G1 X120.234 Y123.239 E2581.96396
G1 X119.985 Y123.592 E2581.97833
G1 X119.861 Y123.916 E2581.98986
G1 X119.81 Y124.233 E2582.00054
G1 X119.81 Y175.746 E2583.71387
G1 X119.881 Y176.16 E2583.72784
G1 X120.065 Y176.545 E2583.74204
G1 X120.335 Y176.861 E2583.75586
G1 X120.679 Y177.098 E2583.76975
G1 X121.089 Y177.242 E2583.78421
G1 X121.385 Y177.27 E2583.7941
G1 X178.688 Y177.269 E2585.7
G1 X179.086 Y177.197 E2585.71345
G1 X179.487 Y177 E2585.72831
G1 X179.814 Y176.707 E2585.74292
G1 X180.018 Y176.399 E2585.7552
G1 X180.151 Y176.036 E2585.76806
G1 X180.191 Y175.697 E2585.77942
G1 X180.19 Y124.261 E2587.49018
G1 X180.145 Y123.938 E2587.50103
G1 X179.996 Y123.555 E2587.5147
G1 X179.763 Y123.236 E2587.52784
G0 F9000 X179.468 Y123.511
;TYPE:WALL-OUTER
G1 F2400 X179.245 Y123.323 E2587.53754
G1 X178.96 Y123.188 E2587.54803
G1 X178.678 Y123.132 E2587.55759
G1 X178.594 Y123.13 E2587.56039
G1 X121.346 Y123.131 E2589.46446
G1 X121.061 Y123.181 E2589.47409
G1 X120.756 Y123.323 E2589.48528
G1 X120.531 Y123.512 E2589.49505
G1 X120.341 Y123.782 E2589.50603
G1 X120.249 Y124.021 E2589.51455
G1 X120.21 Y124.265 E2589.52277
G1 X120.21 Y175.712 E2591.2339
G1 X120.266 Y176.038 E2591.2449
G1 X120.403 Y176.325 E2591.25548
G1 X120.605 Y176.561 E2591.26581
G1 X120.862 Y176.738 E2591.27619
G1 X121.176 Y176.848 E2591.28726
G1 X121.404 Y176.87 E2591.29487
G1 X178.652 Y176.869 E2593.19895
G1 X178.96 Y176.813 E2593.20936
G1 X179.261 Y176.665 E2593.22052
G1 X179.509 Y176.443 E2593.23159
G1 X179.659 Y176.217 E2593.24061
G1 X179.759 Y175.943 E2593.25031
G1 X179.791 Y175.673 E2593.25936
G1 X179.79 Y124.289 E2594.96839
G1 X179.755 Y124.04 E2594.97676
G1 X179.642 Y123.749 E2594.98714
G1 X179.468 Y123.511 E2594.99695
G0 F9000 X179.789 Y123.211
G1 F1500 E2593.99695
G0 F9000 X178.808 Y124.074
G0 X121.265 Y124.026
G0 X120.218 Y122.73
;TYPE:WALL-INNER
G1 F1500 E2595.02355
G1 F2400 X119.937 Y122.966 E2595.03576
G1 X119.81 Y123.146 E2595.04309
G1 X119.81 Y122.777 E2595.04866
G1 X119.865 Y122.73 E2595.04906
G1 X120.218 Y122.73 E2595.05289
G1 F1500 E2594.05289
G0 F9000 X121.18 Y124.086
G0 X121.188 Y175.922
G0 X120.222 Y177.269
G1 F1500 E2595.07949
G1 F2400 X119.864 Y177.269 E2595.0914
G1 X119.818 Y177.256 E2595.09299
G1 X119.809 Y177.206 E2595.09468
G1 X119.809 Y176.861 E2595.10616
G1 X120.065 Y177.161 E2595.11148
G1 X120.222 Y177.269 E2595.11155
G1 F1500 E2594.11155
G0 F9000 X121.268 Y175.974
G0 X178.853 Y175.88
G0 X180.19 Y176.864
G1 F1500 E2595.13816
G1 F2400 X180.19 Y177.196 E2595.1492
G1 X180.168 Y177.255 E2595.1513
G1 X180.11 Y177.27 E2595.15329
G1 X179.786 Y177.27 E2595.16407
G1 X180.119 Y176.971 E2595.17144
G1 X180.19 Y176.864
G1 F1500 E2594.17144
G0 F9000 X178.875 Y175.848
G0 X178.851 Y124.12
G0 X180.191 Y122.808
G1 F1500 E2595.19805
G1 F2400 X180.191 Y123.144 E2595.20923
G1 X180.057 Y122.961 E2595.2101
G1 X179.783 Y122.731 E2595.222
G1 X180.144 Y122.731 E2595.22623
G1 X180.191 Y122.808 E2595.22706
G0 F9000 X180.549 Y122.569
G1 F2400 X180.591 Y122.769 E2595.23386
G1 X180.59 Y177.269 E2597.04653
G1 X180.493 Y177.522 E2597.05555
G1 X180.388 Y177.611 E2597.06012
G1 X180.161 Y177.67 E2597.06792
G1 X119.811 Y177.669 E2599.07517
G1 X119.634 Y177.621 E2599.08127
G1 X119.512 Y177.527 E2599.0864
G1 X119.437 Y177.4 E2599.0913
G1 X119.409 Y177.241 E2599.09667
G1 X119.41 Y122.733 E2600.90961
G1 X119.444 Y122.582 E2600.91476
G1 X119.522 Y122.461 E2600.91955
G1 X119.651 Y122.37 E2600.9248
G1 X119.818 Y122.33 E2600.93051
G1 X180.191 Y122.331 E2602.93853
G1 X180.35 Y122.369 E2602.94396
G1 X180.459 Y122.442 E2602.94833
G1 X180.549 Y122.569 E2602.9535
G0 F9000 X180.923 Y122.406
;TYPE:WALL-OUTER
G1 F2400 X180.991 Y122.73 E2602.96452
G1 X180.99 Y177.313 E2604.77995
G1 X180.937 Y177.56 E2604.78836
G1 X180.804 Y177.783 E2604.79699
G1 X180.59 Y177.963 E2604.80629
G1 X180.329 Y178.058 E2604.81553
G1 X180.182 Y178.07 E2604.82044
G1 X119.759 Y178.069 E2606.83011
G1 X119.452 Y177.986 E2606.84069
G1 X119.206 Y177.795 E2606.85105
G1 X119.056 Y177.543 E2606.8608
G1 X119.009 Y177.276 E2606.86982
G1 X119.01 Y122.688 E2608.68542
G1 X119.068 Y122.426 E2608.69435
G1 X119.229 Y122.179 E2608.70416
G1 X119.48 Y122.001 E2608.71439
G1 X119.74 Y121.934 E2608.72332
G1 X119.818 Y121.93 E2608.72592
G1 X180.238 Y121.931 E2610.7355
G1 X180.513 Y121.997 E2610.7449
G1 X180.741 Y122.149 E2610.75402
G1 X180.923 Y122.406 E2610.76449
G0 F9000 X180.52 Y122.582
;MESH:NONMESH
G0 F300 X180.52 Y122.582 Z9.8
G0 F9000 X179.763 Y123.236
;TIME_ELAPSED:3705.307912
;LAYER:48
;TYPE:WALL-INNER
;MESH:Battery Holder.STL
G1 F2400 X179.463 Y122.984 E2610.77752
G1 X179.089 Y122.806 E2610.7913
G1 X178.72 Y122.733 E2610.80381
G1 X178.599 Y122.73 E2610.80783
G1 X121.312 Y122.731 E2612.71321
G1 X120.944 Y122.796 E2612.72564
G1 X120.609 Y122.941 E2612.73778
G1 X120.315 Y123.159 E2612.74995
G1 X120.063 Y123.459 E2612.76298
G1 X119.885 Y123.831 E2612.7767
G1 X119.812 Y124.201 E2612.78924
G1 X119.809 Y124.322 E2612.79327
G1 X119.81 Y175.744 E2614.50357
G1 X119.868 Y176.111 E2614.51593
G1 X120.008 Y176.448 E2614.52807
G1 X120.237 Y176.763 E2614.54102
G1 X120.537 Y177.016 E2614.55407
G1 X120.921 Y177.198 E2614.56821
G1 X121.372 Y177.27 E2614.5834
G1 X178.688 Y177.269 E2616.48973
G1 X179.055 Y177.204 E2616.50213
G1 X179.39 Y177.059 E2616.51427
G1 X179.668 Y176.857 E2616.5257
G1 X179.936 Y176.543 E2616.53943
G1 X180.117 Y176.164 E2616.5534
G1 X180.19 Y175.766 E2616.56686
G1 X180.191 Y124.297 E2618.27872
G1 X180.134 Y123.894 E2618.29226
G1 X179.992 Y123.551 E2618.30461
G1 X179.763 Y123.236 E2618.31756
G0 F9000 X179.468 Y123.511
;TYPE:WALL-OUTER
G1 F2400 X179.245 Y123.323 E2618.32726
G1 X178.962 Y123.189 E2618.33768
G1 X178.676 Y123.132 E2618.34738
G1 X178.594 Y123.13 E2618.35011
G1 X121.347 Y123.131 E2620.25415
G1 X121.06 Y123.182 E2620.26384
G1 X120.81 Y123.29 E2620.2729
G1 X120.591 Y123.452 E2620.28196
G1 X120.402 Y123.677 E2620.29173
G1 X120.268 Y123.958 E2620.30209
G1 X120.211 Y124.245 E2620.31182
G1 X120.209 Y124.327 E2620.31455
G1 X120.21 Y175.712 E2622.02362
G1 X120.256 Y176.002 E2622.03339
G1 X120.359 Y176.251 E2622.04235
G1 X120.532 Y176.489 E2622.05214
G1 X120.755 Y176.677 E2622.06184
G1 X121.04 Y176.812 E2622.07233
G1 X121.404 Y176.87 E2622.08459
G1 X178.653 Y176.869 E2623.98869
G1 X178.939 Y176.818 E2623.99836
G1 X179.191 Y176.709 E2624.00749
G1 X179.395 Y176.561 E2624.01587
G1 X179.598 Y176.323 E2624.02628
G1 X179.733 Y176.04 E2624.0367
G1 X179.79 Y175.73 E2624.04719
G1 X179.791 Y124.325 E2625.75693
G1 X179.745 Y124 E2625.76784
G1 X179.641 Y123.748 E2625.77691
G1 X179.468 Y123.511 E2625.78667
G0 F9000 X179.789 Y123.211
G1 F1500 E2624.78667
G0 F9000 X178.817 Y124.082
G0 X121.231 Y124.045
G0 X120.222 Y122.73
;TYPE:WALL-INNER
G1 F1500 E2625.81328
G1 F2400 X120.039 Y122.866 E2625.82086
G1 X119.81 Y123.139 E2625.83271
G1 X119.81 Y122.779 E2625.83692
G1 X119.862 Y122.73 E2625.83737
G1 X120.222 Y122.73 E2625.84264
G1 F1500 E2624.84264
G0 F9000 X121.18 Y124.086
G0 X121.183 Y175.917
G0 X120.217 Y177.269
G1 F1500 E2625.86925
G1 F2400 X119.886 Y177.269 E2625.88026
G1 X119.809 Y177.221 E2625.88328
G1 X119.809 Y176.854 E2625.89548
G1 X119.942 Y177.037
G1 X120.217 Y177.269 E2625.89971
G1 F1500 E2624.89971
G0 F9000 X121.245 Y175.963
G0 X178.835 Y175.899
G0 X180.19 Y176.861
G1 F1500 E2625.92632
G1 F2400 X180.19 Y177.189 E2625.93723
G1 X180.163 Y177.258 E2625.93969
G1 X180.113 Y177.27 E2625.9414
G1 X179.78 Y177.27 E2625.95248
G1 X179.941 Y177.153 E2625.95286
G1 X180.19 Y176.861 E2625.958
G1 F1500 E2624.958
G0 F9000 X178.872 Y175.853
G0 X181.856 Y122.782
G0 X180.191 Y122.782
G1 F1500 E2625.9846
G1 F2400 X180.191 Y123.144 E2625.99664
G1 X180.058 Y122.961 E2625.99745
G1 X179.784 Y122.731 E2626.00935
G1 X180.113 Y122.731 E2626.01274
G1 X180.191 Y122.782 E2626.01353
G0 F9000 X180.533 Y122.535
G1 F2400 X180.591 Y122.724 E2626.0201
G1 X180.59 Y177.264 E2627.83411
G1 X180.486 Y177.532 E2627.84367
G1 X180.372 Y177.619 E2627.84844
G1 X180.163 Y177.67 E2627.8556
G1 X119.806 Y177.669 E2629.86308
G1 X119.545 Y177.563 E2629.87245
G1 X119.456 Y177.443 E2629.87742
G1 X119.409 Y177.276 E2629.88319
G1 X119.41 Y122.731 E2631.69736
G1 X119.445 Y122.581 E2631.70248
G1 X119.528 Y122.456 E2631.70747
G1 X119.658 Y122.366 E2631.71273
G1 X119.82 Y122.33 E2631.71825
G1 X180.19 Y122.331 E2633.72617
G1 X180.46 Y122.441 E2633.73586
G1 X180.533 Y122.535 E2633.73982
G0 F9000 X180.894 Y122.348
;TYPE:WALL-OUTER
G1 F2400 X180.987 Y122.645 E2633.75017
G1 X180.991 Y122.724 E2633.75281
G1 X180.99 Y177.312 E2635.56841
G1 X180.921 Y177.599 E2635.57823
G1 X180.781 Y177.81 E2635.58665
G1 X180.556 Y177.982 E2635.59607
G1 X180.268 Y178.066 E2635.60605
G1 X180.182 Y178.07 E2635.60891
G1 X119.759 Y178.069 E2637.61859
G1 X119.483 Y178.001 E2637.62804
G1 X119.266 Y177.857 E2637.6367
G1 X119.092 Y177.625 E2637.64635
G1 X119.013 Y177.355 E2637.65571
G1 X119.009 Y177.276 E2637.65834
G1 X119.01 Y122.688 E2639.47394
G1 X119.071 Y122.42 E2639.48308
G1 X119.238 Y122.171 E2639.49305
G1 X119.489 Y121.996 E2639.50323
G1 X119.741 Y121.934 E2639.51186
G1 X119.818 Y121.93 E2639.51443
G1 X180.238 Y121.931 E2641.52401
G1 X180.512 Y121.997 E2641.53338
G1 X180.734 Y122.143 E2641.54222
G1 X180.894 Y122.348 E2641.55087
G0 F9000 X180.505 Y122.552
;MESH:NONMESH
G0 F300 X180.505 Y122.552 Z10
G0 F9000 X179.76 Y123.233
;TIME_ELAPSED:3733.114209
;LAYER:49
;TYPE:WALL-INNER
;MESH:Battery Holder.STL
G1 F2400 X179.422 Y122.959 E2641.56534
G1 X179.086 Y122.806 E2641.57762
G1 X178.72 Y122.733 E2641.59003
G1 X178.599 Y122.73 E2641.59406
G1 X121.312 Y122.731 E2643.49943
G1 X120.942 Y122.797 E2643.51193
G1 X120.579 Y122.958 E2643.52514
G1 X120.237 Y123.235 E2643.53978
G1 X119.986 Y123.592 E2643.55429
G1 X119.859 Y123.922 E2643.56605
G1 X119.809 Y124.301 E2643.57877
G1 X119.81 Y175.747 E2645.28987
G1 X119.882 Y176.161 E2645.30384
G1 X120.065 Y176.545 E2645.31799
G1 X120.335 Y176.861 E2645.33182
G1 X120.677 Y177.097 E2645.34564
G1 X121.023 Y177.225 E2645.35791
G1 X121.381 Y177.27 E2645.36991
G1 X178.688 Y177.269 E2647.27595
G1 X179.058 Y177.203 E2647.28845
G1 X179.414 Y177.045 E2647.3014
G1 X179.706 Y176.822 E2647.31362
G1 X179.95 Y176.52 E2647.32653
G1 X180.108 Y176.19 E2647.3387
G1 X180.188 Y175.801 E2647.35191
G1 X180.191 Y175.678 E2647.356
G1 X180.19 Y124.258 E2649.06624
G1 X180.133 Y123.892 E2649.07856
G1 X179.994 Y123.552 E2649.09078
G1 X179.76 Y123.233 E2649.10394
G0 F9000 X179.468 Y123.511
;TYPE:WALL-OUTER
G1 F2400 X179.21 Y123.302 E2649.11498
G1 X178.962 Y123.189 E2649.12404
G1 X178.676 Y123.132 E2649.13374
G1 X178.594 Y123.13 E2649.13647
G1 X121.347 Y123.131 E2651.04051
G1 X121.06 Y123.182 E2651.05021
G1 X120.79 Y123.302 E2651.06004
G1 X120.532 Y123.511 E2651.07108
G1 X120.341 Y123.782 E2651.08211
G1 X120.249 Y124.021 E2651.09062
G1 X120.209 Y124.327 E2651.10089
G1 X120.21 Y175.712 E2652.80996
G1 X120.267 Y176.039 E2652.821
G1 X120.403 Y176.325 E2652.83153
G1 X120.605 Y176.561 E2652.84187
G1 X120.863 Y176.739 E2652.85229
G1 X121.119 Y176.834 E2652.86137
G1 X121.406 Y176.87 E2652.87099
G1 X178.653 Y176.869 E2654.77504
G1 X178.94 Y176.818 E2654.78473
G1 X179.208 Y176.699 E2654.79448
G1 X179.425 Y176.533 E2654.80357
G1 X179.609 Y176.305 E2654.81332
G1 X179.726 Y176.061 E2654.82232
G1 X179.789 Y175.755 E2654.83271
G1 X179.791 Y175.673 E2654.83544
G1 X179.79 Y124.289 E2656.54447
G1 X179.745 Y124 E2656.5542
G1 X179.642 Y123.749 E2656.56323
G1 X179.468 Y123.511 E2656.57303
G0 F9000 X179.786 Y123.208
G1 F1500 E2655.57303
G0 F9000 X178.795 Y124.063
G0 X121.259 Y124.03
G0 X120.225 Y122.73
;TYPE:WALL-INNER
G1 F1500 E2656.59964
G1 F2400 X119.942 Y122.959 E2656.61175
G1 X119.81 Y123.146 E2656.61936
G1 X119.81 Y122.771 E2656.62499
G1 X119.862 Y122.73 E2656.62534
G1 X120.225 Y122.73 E2656.62929
G1 F1500 E2655.62929
G0 F9000 X121.186 Y124.08
G0 X121.189 Y175.922
G0 X120.221 Y177.269
G1 F1500 E2656.6559
G1 F2400 X119.865 Y177.269 E2656.66774
G1 X119.819 Y177.257 E2656.66932
G1 X119.809 Y177.199 E2656.67128
G1 X119.809 Y176.861 E2656.68252
G1 X120.065 Y177.161 E2656.68789
G1 X120.221 Y177.269 E2656.68795
G1 F1500 E2655.68795
G0 F9000 X121.238 Y175.958
G0 X178.857 Y175.875
G0 X180.19 Y176.86
G1 F1500 E2656.71456
G1 F2400 X180.19 Y177.196 E2656.72573
G1 X180.165 Y177.258 E2656.72796
G1 X180.115 Y177.27 E2656.72967
G1 X179.778 Y177.27 E2656.74088
G1 X179.987 Y177.111 E2656.74256
G1 X180.19 Y176.86 E2656.7458
G1 F1500 E2655.7458
G0 F9000 X178.875 Y175.847
G0 X178.851 Y124.12
G0 X180.179 Y122.758
G1 F1500 E2656.77241
G1 F2400 X180.191 Y122.813 E2656.77428
G1 X180.191 Y123.144 E2656.78529
G1 X180.052 Y122.955 E2656.78635
G1 X179.776 Y122.731 E2656.79817
G1 X180.112 Y122.731 E2656.80166
G1 X180.179 Y122.758 E2656.80203
G0 F9000 X180.547 Y122.567
G1 F2400 X180.591 Y122.768 E2656.80888
G1 X180.59 Y177.274 E2658.62175
G1 X180.485 Y177.533 E2658.63105
G1 X180.373 Y177.618 E2658.63572
G1 X180.164 Y177.67 E2658.64289
G1 X119.812 Y177.669 E2660.6502
G1 X119.638 Y177.623 E2660.65619
G1 X119.513 Y177.528 E2660.66141
G1 X119.439 Y177.404 E2660.66621
G1 X119.409 Y177.237 E2660.67186
G1 X119.41 Y122.724 E2662.48497
G1 X119.445 Y122.578 E2662.48996
G1 X119.526 Y122.458 E2662.49478
G1 X119.659 Y122.366 E2662.50015
G1 X119.818 Y122.33 E2662.50558
G1 X180.192 Y122.331 E2664.51362
G1 X180.453 Y122.437 E2664.52299
G1 X180.547 Y122.567 E2664.52833
G0 F9000 X180.921 Y122.402
;TYPE:WALL-OUTER
G1 F2400 X180.991 Y122.724 E2664.53929
G1 X180.99 Y177.322 E2666.35523
G1 X180.922 Y177.596 E2666.36462
G1 X180.781 Y177.81 E2666.37314
G1 X180.559 Y177.98 E2666.38244
G1 X180.269 Y178.066 E2666.3925
G1 X180.182 Y178.07 E2666.3954
G1 X119.759 Y178.069 E2668.40507
G1 X119.459 Y177.99 E2668.41539
G1 X119.209 Y177.799 E2668.42586
G1 X119.058 Y177.545 E2668.43568
G1 X119.009 Y177.276 E2668.44478
G1 X119.01 Y122.678 E2670.26072
G1 X119.073 Y122.415 E2670.26971
G1 X119.238 Y122.171 E2670.27951
G1 X119.49 Y121.996 E2670.28971
G1 X119.74 Y121.934 E2670.29828
G1 X119.818 Y121.93 E2670.30088
G1 X180.238 Y121.931 E2672.31045
G1 X180.519 Y122 E2672.32008
G1 X180.734 Y122.143 E2672.32867
G1 X180.921 Y122.402 E2672.33929
G0 F9000 X180.52 Y122.581
;TIME_ELAPSED:3760.748802
G1 F1500 E2671.33929
M140 S0
M107
G91; relative positioning
 G1 Z1.0 F3000 ; move z up little to prevent scratching of print G1 X0 Y200 F1000 ; prepare for part removal
 M104 S0; turn off extruder
 M140 S0 ; turn off bed
 M84 ; disable motors
 M106 S0 ; turn off fan
M82 ;absolute extrusion mode
M104 S0
;End of Gcode
;SETTING_3 {"global_quality": "[general]\\nversion = 4\\nname = polylite 0.4\\nd
;SETTING_3 efinition = artillery_sidewinder_x1\\n\\n[metadata]\\ntype = quality_
;SETTING_3 changes\\nquality_type = standard\\nsetting_version = 19\\n\\n[values
;SETTING_3 ]\\nadhesion_type = brim\\nadhesion_z_offset = -0.08\\narcwelder_g90_
;SETTING_3 influences_extruder = True\\nmaterial_bed_temperature = 60\\nretracti
;SETTING_3 on_combing = infill\\n\\n", "extruder_quality": ["[general]\\nversion
;SETTING_3  = 4\\nname = polylite 0.4\\ndefinition = artillery_sidewinder_x1\\n\
;SETTING_3 \n[metadata]\\ntype = quality_changes\\nquality_type = standard\\nint
;SETTING_3 ent_category = default\\nposition = 0\\nsetting_version = 19\\n\\n[va
;SETTING_3 lues]\\nbrim_width = 6\\ncool_fan_full_at_height = 0\\nfilter_out_tin
;SETTING_3 y_gaps = True\\ninfill_pattern = lines\\ninfill_sparse_density = 15\\
;SETTING_3 nline_width = 0.4\\nmaterial_initial_print_temperature = 200\\nmateri
;SETTING_3 al_print_temperature = 200\\nmaterial_print_temperature_layer_0 = 200
;SETTING_3 \\nretraction_amount = 1\\nretraction_extra_prime_amount = 0.064\\nsk
;SETTING_3 in_angles = [180, 90 ]\\nspeed_layer_0 = 10\\nspeed_print = 50\\nspee
;SETTING_3 d_wall = 40\\nsupport_angle = 70\\nsupport_xy_distance = 1\\nwall_lin
;SETTING_3 e_count = 4\\nz_seam_corner = z_seam_corner_outer\\nz_seam_position =
;SETTING_3  frontright\\n\\n"]}
