;FLAVOR:Marlin
;TIME:1181
;Filament used: 0.978519m
;Layer height: 0.2
;MINX:128.617
;MINY:128.618
;MINZ:0.2
;MAXX:171.385
;MAXY:171.384
;MAXZ:17
;ZOFFSETPROCESSED
;Generated with Cura_SteamEngine 4.13.1
M140 S70
M105
M190 S70
M104 S230
M105
M109 S230
M82 ;absolute extrusion mode
G28 ; home all axes
 M117 Purge extruder
 G92 E0 ; reset extruder
 G1 Z1.0 F3000 ; move z up little to prevent scratching of surface
 G1 X2 Y20 Z0.3 F5000.0 ; move to start-line position
 G1 X2 Y200.0 Z0.3 F1500.0 E15 ; draw 1st line
 G1 X2 Y200.0 Z0.4 F5000.0 ; move to side a little
 G1 X2 Y20 Z0.4 F1500.0 E30 ; draw 2nd line
 G92 E0 ; reset extruder
 G1 Z1.0 F3000 ; move z up little to prevent scratching of surface
G92 E0
G92 E0
G1 F1500 E-1
;LAYER_COUNT:85
;LAYER:0
M107
G0 F6000 X134.725 Y135.037 Z0.12 ;adjusted by z offset
G92 Z0.2 ;consider this the original z before offset
;TYPE:SKIRT
G1 F1500 E0
G1 F600 X135.438 Y134.336 E0.03326
G1 X135.685 Y134.114 E0.0443
G1 X135.908 Y133.919 E0.05415
G1 X136.211 Y133.663 E0.06735
G1 X136.76 Y133.209 E0.09104
G1 X137.524 Y132.629 E0.12295
G1 X137.766 Y132.461 E0.13274
G1 X138.018 Y132.291 E0.14286
G1 X138.393 Y132.047 E0.15774
G1 X139.037 Y131.641 E0.18306
G1 X139.875 Y131.162 E0.21516
G1 X140.128 Y131.031 E0.22464
G1 X140.408 Y130.891 E0.23505
G1 X140.844 Y130.681 E0.25114
G1 X141.443 Y130.403 E0.27311
G1 X142.339 Y130.033 E0.30535
G1 X142.682 Y129.908 E0.31749
G1 X142.996 Y129.799 E0.32855
G1 X143.333 Y129.688 E0.34035
G1 X144.013 Y129.472 E0.36408
G1 X144.957 Y129.216 E0.39661
G1 X145.303 Y129.138 E0.40841
G1 X145.642 Y129.067 E0.41993
G1 X146.023 Y128.994 E0.43283
G1 X146.71 Y128.871 E0.45604
G1 X147.679 Y128.741 E0.48856
G1 X148.061 Y128.706 E0.50132
G1 X148.485 Y128.674 E0.51546
G1 X148.705 Y128.661 E0.52279
G1 X149.441 Y128.625 E0.5473
G1 X150.399 Y128.618 E0.57916
G1 X150.768 Y128.631 E0.59144
G1 X151.098 Y128.647 E0.60243
G1 X151.473 Y128.673 E0.61494
G1 X152.164 Y128.727 E0.63799
G1 X153.124 Y128.843 E0.67015
G1 X153.471 Y128.9 E0.68185
G1 X153.825 Y128.964 E0.69381
G1 X154.204 Y129.039 E0.70666
G1 X154.829 Y129.169 E0.72789
G1 X155.737 Y129.397 E0.75903
G1 X156.106 Y129.506 E0.77183
G1 X156.521 Y129.637 E0.7863
G1 X156.865 Y129.754 E0.79839
G1 X157.483 Y129.969 E0.82015
G1 X158.367 Y130.319 E0.85177
G1 X158.691 Y130.463 E0.86357
G1 X158.973 Y130.593 E0.8739
G1 X159.331 Y130.765 E0.88711
G1 X159.996 Y131.097 E0.91183
G1 X160.829 Y131.558 E0.94349
G1 X161.092 Y131.718 E0.95373
G1 X161.372 Y131.894 E0.96473
G1 X161.692 Y132.103 E0.97744
G1 X162.341 Y132.539 E1.00345
G1 X163.072 Y133.073 E1.03356
G1 X163.3 Y133.254 E1.04324
G1 X163.589 Y133.492 E1.05569
G1 X163.921 Y133.775 E1.0702
G1 X164.454 Y134.241 E1.09375
G1 X165.215 Y134.971 E1.12882
G1 X165.481 Y135.251 E1.14167
G1 X165.796 Y135.594 E1.15716
G1 X166.359 Y136.23 E1.18541
G1 X166.959 Y136.969 E1.21707
G1 X167.128 Y137.196 E1.22648
G1 X167.327 Y137.472 E1.2378
G1 X167.566 Y137.816 E1.25173
G1 X167.97 Y138.411 E1.27565
G1 X168.488 Y139.249 E1.30842
G1 X168.648 Y139.535 E1.31932
G1 X168.786 Y139.789 E1.32893
G1 X168.976 Y140.154 E1.34262
G1 X169.314 Y140.824 E1.36758
G1 X169.723 Y141.731 E1.40067
G1 X169.852 Y142.054 E1.41224
G1 X169.956 Y142.324 E1.42186
G1 X170.106 Y142.734 E1.43638
G1 X170.328 Y143.365 E1.45863
G1 X170.598 Y144.245 E1.48925
G1 X170.672 Y144.526 E1.49891
G1 X170.747 Y144.828 E1.50926
G1 X170.858 Y145.309 E1.52568
G1 X171.011 Y146.027 E1.5501
G1 X171.174 Y147 E1.58291
G1 X171.221 Y147.379 E1.59561
G1 X171.252 Y147.654 E1.60482
G1 X171.289 Y148.04 E1.61771
G1 X171.347 Y148.746 E1.64127
G1 X171.385 Y149.74 E1.67436
G1 X171.383 Y150.111 E1.6867
G1 X171.377 Y150.424 E1.69711
G1 X171.365 Y150.751 E1.70799
G1 X171.332 Y151.476 E1.73213
G1 X171.247 Y152.442 E1.76439
G1 X171.208 Y152.739 E1.77435
G1 X171.169 Y153.011 E1.78349
G1 X171.091 Y153.499 E1.79992
G1 X170.965 Y154.213 E1.82404
G1 X170.736 Y155.234 E1.85884
G1 X170.632 Y155.615 E1.87198
G1 X170.531 Y155.963 E1.88403
G1 X170.249 Y156.869 E1.91559
G1 X169.923 Y157.776 E1.94765
G1 X169.8 Y158.077 E1.95846
G1 X169.662 Y158.399 E1.97011
G1 X169.507 Y158.747 E1.98278
G1 X169.214 Y159.384 E2.0061
G1 X168.789 Y160.217 E2.03721
G1 X168.616 Y160.524 E2.04893
G1 X168.366 Y160.944 E2.06518
G1 X167.88 Y161.726 E2.09581
G1 X167.31 Y162.559 E2.12938
G1 X167.092 Y162.849 E2.14145
G1 X166.891 Y163.109 E2.15238
G1 X166.647 Y163.413 E2.16534
G1 X166.213 Y163.942 E2.1881
G1 X165.573 Y164.659 E2.22006
G1 X165.361 Y164.877 E2.23018
G1 X165.153 Y165.085 E2.23996
G1 X164.79 Y165.437 E2.25678
G1 X164.294 Y165.904 E2.27944
G1 X163.538 Y166.556 E2.31264
G1 X163.259 Y166.776 E2.32446
G1 X163.033 Y166.949 E2.33393
G1 X162.675 Y167.216 E2.34878
G1 X162.136 Y167.607 E2.37093
G1 X161.302 Y168.158 E2.40417
G1 X161.045 Y168.312 E2.41414
G1 X160.565 Y168.587 E2.43254
G1 X160.39 Y168.685 E2.43921
G1 X159.791 Y169.011 E2.46189
G1 X158.933 Y169.432 E2.49368
G1 X158.599 Y169.579 E2.50582
G1 X158.241 Y169.73 E2.51874
G1 X157.934 Y169.852 E2.52973
G1 X157.304 Y170.098 E2.55222
G1 X156.387 Y170.412 E2.58446
G1 X156.079 Y170.503 E2.59514
G1 X155.754 Y170.594 E2.60637
G1 X155.27 Y170.72 E2.623
G1 X154.618 Y170.88 E2.64533
G1 X153.683 Y171.068 E2.67705
G1 X153.367 Y171.118 E2.68769
G1 X153.016 Y171.168 E2.69948
G1 X152.611 Y171.218 E2.71306
G1 X152.044 Y171.282 E2.73204
G1 X151.358 Y171.339 E2.75493
G1 X150.763 Y171.37 E2.77475
G1 X150.003 Y171.384 E2.80003
G1 X149.321 Y171.374 E2.82271
G1 X148.261 Y171.309 E2.85804
G1 X147.365 Y171.212 E2.88801
G1 X146.98 Y171.163 E2.90092
G1 X146.476 Y171.091 E2.91785
G1 X145.508 Y170.91 E2.95061
G1 X145.211 Y170.841 E2.96075
G1 X144.944 Y170.776 E2.96989
G1 X144.488 Y170.656 E2.98557
G1 X143.804 Y170.466 E3.00918
G1 X142.903 Y170.175 E3.04067
G1 X142.581 Y170.056 E3.05209
G1 X142.271 Y169.936 E3.06315
G1 X141.896 Y169.783 E3.07662
G1 X141.216 Y169.495 E3.10118
G1 X140.371 Y169.096 E3.13226
G1 X140.1 Y168.954 E3.14244
G1 X139.646 Y168.705 E3.15966
G1 X139.444 Y168.59 E3.16739
G1 X138.806 Y168.218 E3.19195
G1 X137.987 Y167.692 E3.22433
G1 X137.7 Y167.49 E3.236
G1 X137.445 Y167.306 E3.24646
G1 X137.133 Y167.072 E3.25943
G1 X136.58 Y166.647 E3.28263
G1 X135.848 Y166.033 E3.31441
G1 X135.577 Y165.786 E3.3266
G1 X135.337 Y165.561 E3.33754
G1 X135.065 Y165.297 E3.35015
G1 X134.549 Y164.783 E3.37437
G1 X133.882 Y164.058 E3.40714
G1 X133.682 Y163.821 E3.41746
G1 X133.465 Y163.556 E3.42885
G1 X133.199 Y163.219 E3.44313
G1 X132.783 Y162.681 E3.46575
G1 X132.201 Y161.857 E3.4993
G1 X132.005 Y161.551 E3.51139
G1 X131.763 Y161.158 E3.52674
G1 X131.304 Y160.378 E3.55684
G1 X130.845 Y159.512 E3.58944
G1 X130.695 Y159.197 E3.60104
G1 X130.56 Y158.902 E3.61183
G1 X130.408 Y158.555 E3.62443
G1 X130.136 Y157.916 E3.64753
G1 X129.803 Y157.034 E3.67889
G1 X129.705 Y156.738 E3.68926
G1 X129.607 Y156.427 E3.7001
G1 X129.474 Y155.978 E3.71568
G1 X129.283 Y155.295 E3.73927
G1 X129.066 Y154.37 E3.77087
G1 X128.993 Y153.989 E3.78377
G1 X128.934 Y153.659 E3.79492
G1 X128.88 Y153.318 E3.8064
G1 X128.777 Y152.618 E3.82993
G1 X128.677 Y151.643 E3.86253
G1 X128.656 Y151.294 E3.87416
G1 X128.641 Y150.969 E3.88498
G1 X128.629 Y150.555 E3.89876
G1 X128.617 Y149.867 E3.92165
G1 X128.643 Y148.875 E3.95465
G1 X128.663 Y148.588 E3.96422
G1 X128.684 Y148.327 E3.97293
G1 X128.731 Y147.844 E3.98907
G1 X128.807 Y147.159 E4.01199
G1 X128.951 Y146.218 E4.04365
G1 X129.018 Y145.877 E4.05521
G1 X129.078 Y145.592 E4.0649
G1 X129.184 Y145.129 E4.0807
G1 X129.356 Y144.427 E4.10474
G1 X129.629 Y143.488 E4.13726
G1 X129.722 Y143.213 E4.14692
G1 X129.903 Y142.706 E4.16482
G1 X129.984 Y142.488 E4.17256
G1 X130.225 Y141.863 E4.19484
G1 X130.605 Y140.989 E4.22653
G1 X130.767 Y140.655 E4.23888
G1 X130.917 Y140.357 E4.24998
G1 X131.107 Y139.994 E4.2636
G1 X131.414 Y139.424 E4.28514
G1 X131.914 Y138.584 E4.31765
G1 X132.1 Y138.3 E4.32894
G1 X132.313 Y137.986 E4.34156
G1 X132.538 Y137.668 E4.35452
G1 X132.931 Y137.121 E4.37692
G1 X133.516 Y136.374 E4.40848
G1 X133.731 Y136.122 E4.4195
G1 X133.971 Y135.85 E4.43156
G1 X134.221 Y135.577 E4.44387
G1 X134.725 Y135.037 E4.46844
G0 F6000 X135.017 Y135.309
G1 F600 X135.706 Y134.634 E4.50052
G1 X135.953 Y134.412 E4.51157
G1 X136.168 Y134.224 E4.52107
G1 X136.466 Y133.971 E4.53407
G1 X137.015 Y133.517 E4.55776
G1 X137.752 Y132.958 E4.58853
G1 X137.994 Y132.79 E4.59833
G1 X138.238 Y132.626 E4.60811
G1 X138.607 Y132.386 E4.62275
G1 X139.251 Y131.98 E4.64807
G1 X140.059 Y131.517 E4.67904
G1 X140.312 Y131.386 E4.68852
G1 X140.582 Y131.251 E4.69856
G1 X141.012 Y131.044 E4.71443
G1 X141.611 Y130.766 E4.73639
G1 X142.476 Y130.409 E4.76752
G1 X142.819 Y130.284 E4.77966
G1 X143.122 Y130.178 E4.79034
G1 X143.454 Y130.069 E4.80196
G1 X144.134 Y129.853 E4.82569
G1 X145.045 Y129.606 E4.85708
G1 X145.391 Y129.528 E4.86888
G1 X145.718 Y129.46 E4.87999
G1 X146.093 Y129.388 E4.89269
G1 X146.78 Y129.265 E4.9159
G1 X147.715 Y129.139 E4.94728
G1 X148.097 Y129.104 E4.96004
G1 X148.512 Y129.073 E4.97388
G1 X148.725 Y129.06 E4.98098
G1 X149.461 Y129.024 E5.00549
G1 X150.385 Y129.018 E5.03622
G1 X150.754 Y129.031 E5.0485
G1 X151.072 Y129.047 E5.05909
G1 X151.442 Y129.071 E5.07142
G1 X152.133 Y129.125 E5.09448
G1 X153.059 Y129.237 E5.1255
G1 X153.406 Y129.294 E5.1372
G1 X153.748 Y129.356 E5.14876
G1 X154.122 Y129.43 E5.16144
G1 X154.747 Y129.56 E5.18267
G1 X155.623 Y129.781 E5.21272
G1 X155.992 Y129.89 E5.22552
G1 X156.393 Y130.016 E5.2395
G1 X156.733 Y130.132 E5.25144
G1 X157.351 Y130.347 E5.27321
G1 X158.205 Y130.684 E5.30374
G1 X158.529 Y130.828 E5.31554
G1 X158.979 Y131.039 E5.33207
G1 X159.152 Y131.123 E5.33846
G1 X159.817 Y131.455 E5.36318
G1 X160.621 Y131.899 E5.39373
G1 X160.884 Y132.059 E5.40397
G1 X161.154 Y132.229 E5.41458
G1 X161.469 Y132.435 E5.4271
G1 X162.118 Y132.871 E5.45311
G1 X162.823 Y133.387 E5.48216
G1 X163.051 Y133.568 E5.49185
G1 X163.33 Y133.797 E5.50385
G1 X163.657 Y134.076 E5.51815
G1 X164.19 Y134.542 E5.5417
G1 X164.925 Y135.247 E5.57557
G1 X165.191 Y135.527 E5.58841
G1 X165.5 Y135.863 E5.6036
G1 X166.059 Y136.494 E5.63164
G1 X166.638 Y137.208 E5.66221
G1 X166.807 Y137.435 E5.67162
G1 X166.999 Y137.702 E5.68256
G1 X167.235 Y138.041 E5.6963
G1 X167.639 Y138.636 E5.72022
G1 X168.139 Y139.444 E5.75182
G1 X168.299 Y139.73 E5.76272
G1 X168.531 Y140.164 E5.77909
G1 X168.957 Y141.005 E5.81045
G1 X169.351 Y141.879 E5.84233
G1 X169.48 Y142.202 E5.8539
G1 X169.581 Y142.463 E5.86321
G1 X169.729 Y142.866 E5.87749
G1 X169.951 Y143.497 E5.89974
G1 X170.211 Y144.347 E5.9293
G1 X170.285 Y144.628 E5.93897
G1 X170.358 Y144.919 E5.94894
G1 X170.418 Y145.175 E5.95769
G1 X170.619 Y146.11 E5.9895
G1 X170.777 Y147.049 E6.02117
G1 X170.824 Y147.428 E6.03387
G1 X170.854 Y147.693 E6.04274
G1 X170.89 Y148.072 E6.0554
G1 X170.948 Y148.778 E6.07896
G1 X170.985 Y149.738 E6.11092
G1 X170.983 Y150.109 E6.12326
G1 X170.977 Y150.41 E6.13327
G1 X170.966 Y150.733 E6.14402
G1 X170.933 Y151.458 E6.16816
G1 X170.85 Y152.39 E6.19928
G1 X170.774 Y152.949 E6.21804
G1 X170.697 Y153.43 E6.23424
G1 X170.571 Y154.144 E6.25836
G1 X170.35 Y155.129 E6.29194
G1 X170.246 Y155.51 E6.30507
G1 X170.148 Y155.85 E6.31684
G1 X169.868 Y156.75 E6.34819
G1 X169.553 Y157.625 E6.37912
G1 X169.43 Y157.926 E6.38994
G1 X169.297 Y158.237 E6.40119
G1 X169.144 Y158.58 E6.41368
G1 X168.851 Y159.217 E6.437
G1 X168.44 Y160.02 E6.467
G1 X168.267 Y160.327 E6.47872
G1 X168.027 Y160.733 E6.49441
G1 X167.541 Y161.515 E6.52503
G1 X166.991 Y162.319 E6.55743
G1 X166.773 Y162.609 E6.5695
G1 X166.579 Y162.859 E6.58002
G1 X166.338 Y163.159 E6.59282
G1 X165.904 Y163.688 E6.61558
G1 X165.286 Y164.38 E6.64644
G1 X165.074 Y164.598 E6.65655
G1 X164.873 Y164.799 E6.66601
G1 X164.516 Y165.146 E6.68256
G1 X164.02 Y165.613 E6.70522
G1 X163.29 Y166.242 E6.73727
G1 X163.011 Y166.462 E6.74909
G1 X162.794 Y166.629 E6.7582
G1 X162.44 Y166.892 E6.77287
G1 X161.901 Y167.283 E6.79501
G1 X161.096 Y167.815 E6.82711
G1 X160.839 Y167.969 E6.83707
G1 X160.368 Y168.239 E6.85513
G1 X160.198 Y168.334 E6.8616
G1 X159.599 Y168.66 E6.88429
G1 X158.772 Y169.066 E6.91493
G1 X158.438 Y169.213 E6.92707
G1 X158.092 Y169.358 E6.93954
G1 X157.788 Y169.48 E6.95044
G1 X157.158 Y169.726 E6.97293
G1 X156.274 Y170.028 E7.004
G1 X155.966 Y170.119 E7.01469
G1 X155.652 Y170.207 E7.02553
G1 X155.175 Y170.331 E7.04192
G1 X154.523 Y170.491 E7.06425
G1 X153.62 Y170.673 E7.09489
G1 X153.304 Y170.723 E7.10553
G1 X152.965 Y170.771 E7.11692
G1 X152.566 Y170.821 E7.13029
G1 X151.999 Y170.885 E7.14927
G1 X151.337 Y170.939 E7.17136
G1 X150.742 Y170.97 E7.19118
G1 X150.009 Y170.984 E7.21556
G1 X149.327 Y170.974 E7.23825
G1 X148.304 Y170.911 E7.27234
G1 X147.408 Y170.814 E7.30232
G1 X147.036 Y170.767 E7.31479
G1 X146.532 Y170.695 E7.33172
G1 X145.599 Y170.521 E7.36329
G1 X145.302 Y170.452 E7.37343
G1 X144.792 Y170.323 E7.39092
G1 X144.595 Y170.271 E7.3977
G1 X143.911 Y170.081 E7.42131
G1 X143.042 Y169.8 E7.45169
G1 X142.72 Y169.681 E7.46311
G1 X142.42 Y169.565 E7.47381
G1 X142.052 Y169.415 E7.48702
G1 X141.372 Y169.127 E7.51158
G1 X140.557 Y168.741 E7.54158
G1 X140.045 Y168.47 E7.56085
G1 X139.645 Y168.245 E7.57611
G1 X139.007 Y167.873 E7.60067
G1 X138.217 Y167.365 E7.63191
G1 X137.93 Y167.163 E7.64359
G1 X137.684 Y166.986 E7.65367
G1 X137.377 Y166.755 E7.66644
G1 X136.824 Y166.33 E7.68964
G1 X136.117 Y165.738 E7.72031
G1 X135.846 Y165.491 E7.73251
G1 X135.614 Y165.273 E7.7431
G1 X135.347 Y165.013 E7.75549
G1 X134.831 Y164.499 E7.77971
G1 X134.187 Y163.8 E7.81133
G1 X133.987 Y163.563 E7.82164
G1 X133.778 Y163.308 E7.83261
G1 X133.515 Y162.975 E7.84672
G1 X133.099 Y162.437 E7.86934
G1 X132.538 Y161.641 E7.90173
G1 X132.342 Y161.335 E7.91382
G1 X132.199 Y161.106 E7.92279
G1 X132.022 Y160.812 E7.93421
G1 X131.649 Y160.176 E7.95873
G1 X131.207 Y159.34 E7.99018
G1 X131.057 Y159.025 E8.00179
G1 X130.926 Y158.741 E8.01219
G1 X130.776 Y158.398 E8.02464
G1 X130.504 Y157.759 E8.04774
G1 X130.182 Y156.908 E8.078
G1 X130.084 Y156.612 E8.08837
G1 X129.99 Y156.312 E8.09883
G1 X129.859 Y155.87 E8.11416
G1 X129.668 Y155.187 E8.13775
G1 X129.459 Y154.295 E8.16822
G1 X129.386 Y153.914 E8.18113
G1 X129.329 Y153.596 E8.19187
G1 X129.276 Y153.259 E8.20322
G1 X129.173 Y152.559 E8.22675
G1 X129.076 Y151.619 E8.25818
G1 X129.055 Y151.27 E8.26981
G1 X129.04 Y150.957 E8.28023
G1 X129.029 Y150.548 E8.29384
G1 X129.017 Y149.86 E8.31673
G1 X129.042 Y148.903 E8.34857
G1 X129.082 Y148.364 E8.36654
G1 X129.128 Y147.888 E8.38245
G1 X129.204 Y147.203 E8.40537
G1 X129.343 Y146.295 E8.43592
G1 X129.41 Y145.954 E8.44748
G1 X129.468 Y145.679 E8.45683
G1 X129.572 Y145.224 E8.47235
G1 X129.744 Y144.522 E8.49639
G1 X130.008 Y143.616 E8.52778
G1 X130.179 Y143.118 E8.54529
G1 X130.358 Y142.631 E8.56255
G1 X130.599 Y142.006 E8.58483
G1 X130.965 Y141.164 E8.61537
G1 X131.127 Y140.83 E8.62771
G1 X131.272 Y140.542 E8.63844
G1 X131.459 Y140.184 E8.65187
G1 X131.766 Y139.614 E8.6734
G1 X132.249 Y138.803 E8.7048
G1 X132.435 Y138.519 E8.71609
G1 X132.64 Y138.217 E8.72823
G1 X132.863 Y137.902 E8.74107
G1 X133.256 Y137.355 E8.76347
G1 X133.821 Y136.633 E8.79396
G1 X134.036 Y136.381 E8.80498
G1 X134.267 Y136.119 E8.8166
G1 X134.513 Y135.849 E8.82875
G1 X135.017 Y135.309 E8.85331
G0 F6000 X135.31 Y135.582
G1 F600 X135.973 Y134.931 E8.88422
G1 X136.22 Y134.709 E8.89526
G1 X136.427 Y134.528 E8.90441
G1 X136.721 Y134.279 E8.91722
G1 X137.27 Y133.825 E8.94092
G1 X137.98 Y133.287 E8.97055
G1 X138.222 Y133.119 E8.98035
G1 X138.457 Y132.96 E8.98978
G1 X138.82 Y132.724 E9.00418
G1 X139.464 Y132.318 E9.0295
G1 X140.243 Y131.872 E9.05936
G1 X140.496 Y131.741 E9.06884
G1 X140.756 Y131.611 E9.0785
G1 X141.181 Y131.407 E9.09418
G1 X141.78 Y131.129 E9.11615
G1 X142.613 Y130.785 E9.14612
G1 X142.956 Y130.66 E9.15827
G1 X143.248 Y130.558 E9.16855
G1 X143.575 Y130.45 E9.18001
G1 X144.255 Y130.234 E9.20374
G1 X145.133 Y129.996 E9.23399
G1 X145.479 Y129.918 E9.24579
G1 X145.794 Y129.852 E9.2565
G1 X146.164 Y129.782 E9.26902
G1 X146.851 Y129.659 E9.29223
G1 X147.752 Y129.537 E9.32247
G1 X148.134 Y129.502 E9.33523
G1 X148.539 Y129.472 E9.34874
G1 X148.744 Y129.46 E9.35557
G1 X149.48 Y129.424 E9.38008
G1 X150.371 Y129.418 E9.40971
G1 X150.74 Y129.431 E9.42199
G1 X151.046 Y129.446 E9.43218
G1 X151.411 Y129.47 E9.44435
G1 X152.102 Y129.524 E9.4674
G1 X152.994 Y129.632 E9.49729
G1 X153.341 Y129.689 E9.50898
G1 X153.671 Y129.749 E9.52014
G1 X154.041 Y129.822 E9.53268
G1 X154.666 Y129.952 E9.55392
G1 X155.51 Y130.164 E9.58286
G1 X155.879 Y130.273 E9.59566
G1 X156.265 Y130.395 E9.60912
G1 X156.602 Y130.51 E9.62096
G1 X157.22 Y130.725 E9.64273
G1 X158.042 Y131.05 E9.67213
G1 X158.366 Y131.194 E9.68392
G1 X158.629 Y131.315 E9.69355
G1 X158.974 Y131.481 E9.70628
G1 X159.639 Y131.813 E9.731
G1 X160.413 Y132.241 E9.76042
G1 X160.676 Y132.401 E9.77066
G1 X160.936 Y132.565 E9.78088
G1 X161.246 Y132.767 E9.79319
G1 X161.895 Y133.203 E9.81919
G1 X162.575 Y133.7 E9.84721
G1 X162.803 Y133.881 E9.85689
G1 X163.071 Y134.102 E9.86844
G1 X163.394 Y134.377 E9.88255
G1 X163.927 Y134.843 E9.9061
G1 X164.635 Y135.522 E9.93873
G1 X164.901 Y135.802 E9.95157
G1 X165.203 Y136.131 E9.96643
G1 X165.759 Y136.759 E9.99432
G1 X166.317 Y137.447 E10.02379
G1 X166.486 Y137.674 E10.0332
G1 X166.672 Y137.931 E10.04375
G1 X166.905 Y138.266 E10.05732
G1 X167.309 Y138.861 E10.08124
G1 X167.79 Y139.64 E10.1117
G1 X167.95 Y139.926 E10.1226
G1 X168.078 Y140.162 E10.13152
G1 X168.262 Y140.515 E10.14476
G1 X168.6 Y141.185 E10.16972
G1 X168.98 Y142.028 E10.20048
G1 X169.109 Y142.351 E10.21205
G1 X169.206 Y142.602 E10.221
G1 X169.351 Y142.999 E10.23506
G1 X169.573 Y143.63 E10.2573
G1 X169.825 Y144.449 E10.2858
G1 X169.899 Y144.73 E10.29547
G1 X169.968 Y145.01 E10.30506
G1 X170.075 Y145.476 E10.32096
G1 X170.228 Y146.194 E10.34538
G1 X170.38 Y147.098 E10.37587
G1 X170.427 Y147.477 E10.38857
G1 X170.456 Y147.733 E10.39714
G1 X170.491 Y148.105 E10.40957
G1 X170.549 Y148.811 E10.43313
G1 X170.585 Y149.736 E10.46392
G1 X170.583 Y150.107 E10.47626
G1 X170.571 Y150.58 E10.49199
G1 X170.533 Y151.44 E10.52063
G1 X170.454 Y152.338 E10.55061
G1 X170.415 Y152.635 E10.56057
G1 X170.337 Y153.151 E10.57793
G1 X170.303 Y153.36 E10.58497
G1 X170.177 Y154.074 E10.60909
G1 X169.964 Y155.023 E10.64144
G1 X169.86 Y155.404 E10.65457
G1 X169.764 Y155.737 E10.6661
G1 X169.712 Y155.909 E10.67207
G1 X169.486 Y156.631 E10.69724
G1 X169.182 Y157.474 E10.72704
G1 X169.059 Y157.775 E10.73786
G1 X168.932 Y158.074 E10.74866
G1 X168.78 Y158.413 E10.76102
G1 X168.487 Y159.05 E10.78434
G1 X168.092 Y159.824 E10.81324
G1 X167.919 Y160.131 E10.82496
G1 X167.687 Y160.522 E10.84008
G1 X167.201 Y161.304 E10.87071
G1 X166.671 Y162.078 E10.90191
G1 X166.453 Y162.368 E10.91397
G1 X166.266 Y162.61 E10.92415
G1 X166.029 Y162.905 E10.93673
G1 X165.595 Y163.434 E10.95949
G1 X164.999 Y164.101 E10.98924
G1 X164.787 Y164.319 E10.99935
G1 X164.594 Y164.513 E11.00846
G1 X164.241 Y164.855 E11.0248
G1 X163.745 Y165.322 E11.04746
G1 X163.042 Y165.928 E11.07833
G1 X162.763 Y166.148 E11.09015
G1 X162.554 Y166.309 E11.09892
G1 X162.205 Y166.568 E11.11338
G1 X161.666 Y166.959 E11.13553
G1 X160.89 Y167.472 E11.16647
G1 X160.416 Y167.753 E11.18479
G1 X160.171 Y167.892 E11.19416
G1 X159.408 Y168.308 E11.22307
G1 X158.611 Y168.7 E11.25261
G1 X158.277 Y168.847 E11.26475
G1 X157.944 Y168.987 E11.27676
G1 X157.643 Y169.107 E11.28754
G1 X157.013 Y169.353 E11.31003
G1 X156.16 Y169.645 E11.34002
G1 X155.852 Y169.736 E11.3507
G1 X155.55 Y169.82 E11.36113
G1 X155.079 Y169.943 E11.37732
G1 X154.427 Y170.103 E11.39965
G1 X153.558 Y170.278 E11.42913
G1 X153.242 Y170.328 E11.43977
G1 X152.915 Y170.374 E11.45075
G1 X152.521 Y170.423 E11.46396
G1 X151.954 Y170.487 E11.48294
G1 X151.317 Y170.54 E11.5042
G1 X150.722 Y170.571 E11.52401
G1 X150.015 Y170.584 E11.54753
G1 X149.333 Y170.574 E11.57022
G1 X148.347 Y170.513 E11.60308
G1 X147.451 Y170.416 E11.63305
G1 X147.093 Y170.371 E11.64505
G1 X146.589 Y170.299 E11.66199
G1 X145.689 Y170.131 E11.69244
G1 X145.392 Y170.062 E11.70258
G1 X145.144 Y170.001 E11.71107
G1 X144.702 Y169.885 E11.72627
G1 X144.018 Y169.695 E11.74988
G1 X143.181 Y169.425 E11.77913
G1 X142.859 Y169.306 E11.79055
G1 X142.57 Y169.194 E11.80086
G1 X142.208 Y169.047 E11.81386
G1 X141.528 Y168.759 E11.83842
G1 X140.742 Y168.387 E11.86734
G1 X140.471 Y168.245 E11.87752
G1 X140.239 Y168.12 E11.88628
G1 X139.847 Y167.899 E11.90125
G1 X139.209 Y167.527 E11.92581
G1 X138.447 Y167.038 E11.95593
G1 X138.16 Y166.836 E11.9676
G1 X137.924 Y166.665 E11.97729
G1 X137.621 Y166.438 E11.98988
G1 X137.068 Y166.013 E12.01308
G1 X136.387 Y165.442 E12.04264
G1 X136.116 Y165.195 E12.05484
G1 X135.892 Y164.986 E12.06503
G1 X135.629 Y164.73 E12.07723
G1 X135.113 Y164.216 E12.10146
G1 X134.493 Y163.542 E12.13192
G1 X134.293 Y163.305 E12.14223
G1 X134.091 Y163.059 E12.15282
G1 X133.831 Y162.73 E12.16676
G1 X133.415 Y162.192 E12.18938
G1 X132.875 Y161.425 E12.22058
G1 X132.679 Y161.119 E12.23267
G1 X132.541 Y160.899 E12.24131
G1 X132.367 Y160.609 E12.25256
G1 X131.994 Y159.973 E12.27708
G1 X131.568 Y159.168 E12.30737
G1 X131.418 Y158.853 E12.31898
G1 X131.292 Y158.579 E12.32901
G1 X131.144 Y158.242 E12.34125
G1 X130.872 Y157.603 E12.36435
G1 X130.562 Y156.783 E12.3935
G1 X130.464 Y156.487 E12.40387
G1 X130.373 Y156.197 E12.41398
G1 X130.245 Y155.763 E12.42903
G1 X130.054 Y155.08 E12.45262
G1 X129.851 Y154.22 E12.48201
G1 X129.778 Y153.839 E12.49491
G1 X129.724 Y153.532 E12.50528
G1 X129.672 Y153.201 E12.51643
G1 X129.569 Y152.501 E12.53996
G1 X129.475 Y151.595 E12.57025
G1 X129.454 Y151.246 E12.58188
G1 X129.44 Y150.944 E12.59194
G1 X129.429 Y150.541 E12.60535
G1 X129.417 Y149.853 E12.62823
G1 X129.441 Y148.931 E12.65891
G1 X129.48 Y148.401 E12.67658
G1 X129.506 Y148.121 E12.68594
G1 X129.602 Y147.247 E12.71518
G1 X129.736 Y146.372 E12.74462
G1 X129.803 Y146.031 E12.75618
G1 X129.859 Y145.766 E12.76519
G1 X129.961 Y145.319 E12.78044
G1 X130.133 Y144.617 E12.80448
G1 X130.387 Y143.744 E12.83472
G1 X130.555 Y143.254 E12.85195
G1 X130.731 Y142.775 E12.86892
G1 X130.972 Y142.15 E12.8912
G1 X131.325 Y141.338 E12.92065
G1 X131.487 Y141.004 E12.933
G1 X131.626 Y140.727 E12.9433
G1 X131.812 Y140.374 E12.95658
G1 X132.119 Y139.804 E12.97811
G1 X132.584 Y139.022 E13.00837
G1 X132.77 Y138.738 E13.01966
G1 X132.968 Y138.447 E13.03137
G1 X133.187 Y138.135 E13.04405
G1 X133.58 Y137.588 E13.06645
G1 X134.125 Y136.893 E13.09582
G1 X134.34 Y136.641 E13.10684
G1 X134.563 Y136.388 E13.11806
G1 X134.806 Y136.122 E13.13004
G1 X135.31 Y135.582 E13.15461
G0 F6000 X135.602 Y135.855
G1 F600 X136.241 Y135.229 E13.18436
G1 X136.488 Y135.007 E13.19541
G1 X136.687 Y134.832 E13.20422
G1 X136.976 Y134.588 E13.2168
G1 X137.525 Y134.134 E13.24049
G1 X138.208 Y133.615 E13.26903
G1 X138.45 Y133.447 E13.27882
G1 X138.676 Y133.295 E13.28788
G1 X139.033 Y133.063 E13.30204
G1 X139.677 Y132.657 E13.32736
G1 X140.427 Y132.227 E13.35612
G1 X140.68 Y132.096 E13.36559
G1 X140.93 Y131.971 E13.37489
G1 X141.349 Y131.77 E13.39035
G1 X141.948 Y131.492 E13.41231
G1 X142.749 Y131.161 E13.44114
G1 X143.092 Y131.036 E13.45328
G1 X143.374 Y130.938 E13.46321
G1 X143.696 Y130.832 E13.47449
G1 X144.376 Y130.616 E13.49822
G1 X145.221 Y130.387 E13.52733
G1 X145.567 Y130.309 E13.53913
G1 X145.87 Y130.245 E13.54943
G1 X146.234 Y130.176 E13.56175
G1 X146.921 Y130.053 E13.58497
G1 X147.788 Y129.936 E13.61406
G1 X148.17 Y129.901 E13.62682
G1 X148.567 Y129.871 E13.64007
G1 X148.764 Y129.859 E13.64663
G1 X149.5 Y129.823 E13.67114
G1 X150.357 Y129.817 E13.69964
G1 X150.726 Y129.83 E13.71192
G1 X151.021 Y129.845 E13.72175
G1 X151.38 Y129.869 E13.73371
G1 X152.071 Y129.923 E13.75677
G1 X152.929 Y130.027 E13.78551
G1 X153.276 Y130.084 E13.79721
G1 X153.594 Y130.141 E13.80796
G1 X153.959 Y130.214 E13.82034
G1 X154.584 Y130.344 E13.84157
G1 X155.397 Y130.548 E13.86945
G1 X155.766 Y130.657 E13.88224
G1 X156.137 Y130.774 E13.89518
G1 X156.471 Y130.887 E13.90691
G1 X157.089 Y131.102 E13.92867
G1 X157.88 Y131.415 E13.95697
G1 X158.204 Y131.559 E13.96876
G1 X158.634 Y131.761 E13.98456
G1 X158.795 Y131.839 E13.99051
G1 X159.46 Y132.171 E14.01523
G1 X160.205 Y132.583 E14.04355
G1 X160.468 Y132.743 E14.05379
G1 X160.719 Y132.9 E14.06363
G1 X161.023 Y133.099 E14.07572
G1 X161.672 Y133.535 E14.10172
G1 X162.326 Y134.013 E14.12867
G1 X162.554 Y134.194 E14.13835
G1 X162.813 Y134.407 E14.1495
G1 X163.131 Y134.678 E14.1634
G1 X163.664 Y135.144 E14.18695
G1 X164.345 Y135.798 E14.21835
G1 X164.611 Y136.078 E14.23119
G1 X164.907 Y136.4 E14.24574
G1 X165.46 Y137.024 E14.27347
G1 X165.997 Y137.686 E14.30182
G1 X166.166 Y137.913 E14.31124
G1 X166.344 Y138.16 E14.32136
G1 X166.574 Y138.49 E14.33474
G1 X166.978 Y139.085 E14.35866
G1 X167.441 Y139.835 E14.38798
G1 X167.601 Y140.121 E14.39888
G1 X167.823 Y140.536 E14.41453
G1 X168.243 Y141.365 E14.44544
G1 X168.608 Y142.176 E14.47502
G1 X168.831 Y142.741 E14.49522
G1 X168.974 Y143.132 E14.50907
G1 X169.196 Y143.763 E14.53132
G1 X169.438 Y144.55 E14.5587
G1 X169.512 Y144.831 E14.56837
G1 X169.579 Y145.101 E14.57762
G1 X169.684 Y145.559 E14.59325
G1 X169.837 Y146.277 E14.61767
G1 X169.983 Y147.148 E14.64704
G1 X170.03 Y147.527 E14.65974
G1 X170.077 Y147.963 E14.67433
G1 X170.151 Y148.844 E14.70373
G1 X170.185 Y149.734 E14.73336
G1 X170.183 Y150.105 E14.7457
G1 X170.178 Y150.384 E14.75498
G1 X170.166 Y150.697 E14.7654
G1 X170.133 Y151.422 E14.78953
G1 X170.057 Y152.286 E14.81838
G1 X170.018 Y152.583 E14.82835
G1 X169.983 Y152.826 E14.83651
G1 X169.909 Y153.291 E14.85217
G1 X169.783 Y154.005 E14.87629
G1 X169.578 Y154.918 E14.90741
G1 X169.474 Y155.299 E14.92054
G1 X169.38 Y155.624 E14.9318
G1 X169.104 Y156.511 E14.96269
G1 X168.812 Y157.322 E14.99136
G1 X168.689 Y157.623 E15.00218
G1 X168.566 Y157.912 E15.01262
G1 X168.417 Y158.245 E15.02476
G1 X168.124 Y158.882 E15.04808
G1 X167.743 Y159.628 E15.07594
G1 X167.57 Y159.935 E15.08766
G1 X167.347 Y160.311 E15.1022
G1 X166.861 Y161.093 E15.13282
G1 X166.351 Y161.838 E15.16285
G1 X166.133 Y162.128 E15.17492
G1 X165.953 Y162.36 E15.18468
G1 X165.72 Y162.652 E15.19711
G1 X165.286 Y163.181 E15.21987
G1 X164.712 Y163.822 E15.24849
G1 X164.5 Y164.04 E15.2586
G1 X164.314 Y164.227 E15.26737
G1 X163.967 Y164.563 E15.28344
G1 X163.471 Y165.03 E15.3061
G1 X162.795 Y165.613 E15.33579
G1 X162.516 Y165.833 E15.3476
G1 X162.314 Y165.988 E15.35607
G1 X161.97 Y166.244 E15.37033
G1 X161.431 Y166.635 E15.39248
G1 X160.685 Y167.128 E15.42222
G1 X160.218 Y167.405 E15.44028
G1 X159.816 Y167.631 E15.45562
G1 X159.217 Y167.957 E15.4783
G1 X158.45 Y168.334 E15.50673
G1 X158.116 Y168.481 E15.51887
G1 X157.795 Y168.615 E15.53044
G1 X157.497 Y168.734 E15.54111
G1 X156.867 Y168.98 E15.5636
G1 X156.047 Y169.261 E15.59243
G1 X155.739 Y169.352 E15.60311
G1 X155.448 Y169.433 E15.61316
G1 X154.984 Y169.554 E15.62911
G1 X154.332 Y169.714 E15.65144
G1 X153.495 Y169.883 E15.67984
G1 X153.179 Y169.933 E15.69048
G1 X152.865 Y169.977 E15.70103
G1 X152.476 Y170.026 E15.71407
G1 X151.909 Y170.09 E15.73305
G1 X151.296 Y170.14 E15.7535
G1 X150.701 Y170.171 E15.77332
G1 X150.02 Y170.184 E15.79597
G1 X149.338 Y170.174 E15.81866
G1 X148.39 Y170.116 E15.85025
G1 X147.494 Y170.019 E15.88022
G1 X147.15 Y169.975 E15.89176
G1 X146.646 Y169.903 E15.90869
G1 X145.78 Y169.741 E15.93799
G1 X145.243 Y169.614 E15.95635
G1 X144.809 Y169.5 E15.97127
G1 X144.125 Y169.31 E15.99488
G1 X143.319 Y169.05 E16.02305
G1 X142.997 Y168.931 E16.03447
G1 X142.719 Y168.823 E16.04439
G1 X142.364 Y168.678 E16.05714
G1 X141.684 Y168.39 E16.0817
G1 X140.928 Y168.033 E16.10951
G1 X140.657 Y167.891 E16.11969
G1 X140.229 Y167.656 E16.13593
G1 X140.048 Y167.554 E16.14284
G1 X139.41 Y167.182 E16.1674
G1 X138.677 Y166.711 E16.19638
G1 X138.39 Y166.509 E16.20805
G1 X138.163 Y166.344 E16.21739
G1 X137.864 Y166.12 E16.22981
G1 X137.311 Y165.695 E16.25301
G1 X136.656 Y165.147 E16.28141
G1 X136.385 Y164.9 E16.29361
G1 X136.17 Y164.698 E16.30342
G1 X135.912 Y164.446 E16.31542
G1 X135.396 Y163.932 E16.33964
G1 X134.799 Y163.284 E16.36895
G1 X134.599 Y163.047 E16.37926
G1 X134.405 Y162.81 E16.38945
G1 X134.148 Y162.485 E16.40323
G1 X133.732 Y161.947 E16.42585
G1 X133.212 Y161.21 E16.45585
G1 X133.016 Y160.904 E16.46793
G1 X132.789 Y160.536 E16.48232
G1 X132.34 Y159.771 E16.51182
G1 X131.929 Y158.996 E16.541
G1 X131.779 Y158.681 E16.5526
G1 X131.658 Y158.418 E16.56223
G1 X131.512 Y158.085 E16.57432
G1 X131.24 Y157.446 E16.59742
G1 X130.942 Y156.657 E16.62547
G1 X130.844 Y156.361 E16.63584
G1 X130.756 Y156.082 E16.64557
G1 X130.63 Y155.655 E16.66038
G1 X130.439 Y154.972 E16.68397
G1 X130.244 Y154.144 E16.71226
G1 X130.171 Y153.763 E16.72516
G1 X130.119 Y153.468 E16.73513
G1 X130.068 Y153.143 E16.74607
G1 X129.965 Y152.443 E16.7696
G1 X129.874 Y151.571 E16.79876
G1 X129.853 Y151.222 E16.81039
G1 X129.84 Y150.931 E16.82008
G1 X129.829 Y150.534 E16.83329
G1 X129.817 Y149.846 E16.85617
G1 X129.84 Y148.959 E16.88569
G1 X129.86 Y148.672 E16.89526
G1 X129.879 Y148.438 E16.90306
G1 X129.923 Y147.976 E16.9185
G1 X129.999 Y147.291 E16.94142
G1 X130.128 Y146.449 E16.96975
G1 X130.195 Y146.108 E16.98131
G1 X130.301 Y145.62 E16.99792
G1 X130.349 Y145.415 E17.00492
G1 X130.521 Y144.713 E17.02896
G1 X130.766 Y143.872 E17.0581
G1 X130.931 Y143.39 E17.07504
G1 X131.104 Y142.919 E17.09173
G1 X131.345 Y142.294 E17.11401
G1 X131.685 Y141.513 E17.14234
G1 X131.847 Y141.179 E17.15469
G1 X131.981 Y140.912 E17.16463
G1 X132.164 Y140.563 E17.17773
G1 X132.471 Y139.993 E17.19927
G1 X132.918 Y139.242 E17.22833
G1 X133.104 Y138.958 E17.23962
G1 X133.295 Y138.677 E17.25093
G1 X133.512 Y138.368 E17.26348
G1 X133.905 Y137.821 E17.28589
G1 X134.429 Y137.153 E17.31412
G1 X134.644 Y136.901 E17.32514
G1 X134.859 Y136.657 E17.33596
G1 X135.098 Y136.395 E17.34775
G1 X135.602 Y135.855 E17.37232
G1 F1500 E16.37232
;MESH:dannypart.STL
G0 F6000 X154.733 Y154.208
G0 X155.98 Y155.319
;TYPE:WALL-INNER
G1 F1500 E17.37232
G1 F600 X156.721 Y154.345 E17.41303
G1 X157.305 Y153.267 E17.4538
G1 X157.718 Y152.114 E17.49454
G1 X157.951 Y150.912 E17.53526
G1 X157.997 Y149.686 E17.57607
G1 X157.856 Y148.469 E17.61682
G1 X157.529 Y147.288 E17.65757
G1 X157.027 Y146.171 E17.6983
G1 X156.36 Y145.144 E17.73903
G1 X155.544 Y144.229 E17.77981
G1 X154.597 Y143.451 E17.82057
G1 X153.545 Y142.825 E17.86129
G1 X152.408 Y142.368 E17.90205
G1 X151.216 Y142.092 E17.94274
G1 X149.994 Y141.997 E17.98351
G1 X148.77 Y142.093 E18.02434
G1 X147.579 Y142.373 E18.06504
G1 X146.444 Y142.832 E18.10576
G1 X145.391 Y143.458 E18.1465
G1 X144.447 Y144.238 E18.18723
G1 X143.632 Y145.153 E18.22799
G1 X142.968 Y146.178 E18.26861
G1 X142.466 Y147.302 E18.30955
G1 X142.143 Y148.477 E18.35008
G1 X142.003 Y149.7 E18.39102
G1 X142.052 Y150.924 E18.43177
G1 X142.285 Y152.128 E18.47255
G1 X142.7 Y153.278 E18.51322
G1 X143.286 Y154.355 E18.554
G1 X144.03 Y155.329 E18.59476
G1 X144.913 Y156.178 E18.6355
G1 X145.916 Y156.882 E18.67626
G1 X147.014 Y157.425 E18.717
G1 X148.184 Y157.794 E18.75781
G1 X149.372 Y157.976 E18.79778
G1 X150.003 Y158 E18.81878
G1 X150.639 Y157.975 E18.83995
G1 X151.831 Y157.791 E18.88007
G1 X152.997 Y157.42 E18.92077
G1 X154.095 Y156.876 E18.96152
G1 X155.098 Y156.169 E19.00234
G1 X155.98 Y155.319 E19.04308
G0 F6000 X155.68 Y155.052
G1 F600 X156.384 Y154.127 E19.08174
G1 X156.939 Y153.103 E19.12048
G1 X157.331 Y152.008 E19.15916
G1 X157.552 Y150.866 E19.19785
G1 X157.596 Y149.702 E19.23659
G1 X157.462 Y148.546 E19.2753
G1 X157.152 Y147.424 E19.31402
G1 X156.675 Y146.363 E19.35271
G1 X156.041 Y145.387 E19.39142
G1 X155.266 Y144.518 E19.43014
G1 X154.367 Y143.779 E19.46885
G1 X153.367 Y143.185 E19.50754
G1 X152.287 Y142.751 E19.54625
G1 X151.155 Y142.488 E19.5849
G1 X149.994 Y142.398 E19.62363
G1 X148.832 Y142.489 E19.6624
G1 X147.7 Y142.755 E19.70107
G1 X146.622 Y143.191 E19.73975
G1 X145.622 Y143.786 E19.77845
G1 X144.725 Y144.527 E19.81715
G1 X143.951 Y145.396 E19.85586
G1 X143.321 Y146.369 E19.89441
G1 X142.844 Y147.437 E19.93331
G1 X142.537 Y148.553 E19.97181
G1 X142.404 Y149.715 E20.01071
G1 X142.45 Y150.878 E20.04942
G1 X142.672 Y152.021 E20.08815
G1 X143.066 Y153.114 E20.12679
G1 X143.623 Y154.137 E20.16553
G1 X144.329 Y155.062 E20.20424
G1 X145.168 Y155.868 E20.24293
G1 X146.121 Y156.537 E20.28166
G1 X147.164 Y157.053 E20.32036
G1 X148.275 Y157.403 E20.35911
G1 X149.41 Y157.577 E20.3973
G1 X150.003 Y157.6 E20.41704
G1 X150.6 Y157.576 E20.43691
G1 X151.739 Y157.4 E20.47524
G1 X152.847 Y157.048 E20.51391
G1 X153.89 Y156.531 E20.55263
G1 X154.842 Y155.86 E20.59136
G1 X155.68 Y155.052 E20.63008
G0 F6000 X155.38 Y154.785
;TYPE:WALL-OUTER
G1 F600 X156.047 Y153.909 E20.6667
G1 X156.573 Y152.939 E20.7034
G1 X156.944 Y151.902 E20.74003
G1 X157.153 Y150.82 E20.77669
G1 X157.195 Y149.718 E20.81337
G1 X157.068 Y148.623 E20.85003
G1 X156.775 Y147.56 E20.8867
G1 X156.323 Y146.555 E20.92336
G1 X155.722 Y145.63 E20.96005
G1 X154.988 Y144.807 E20.99672
G1 X154.137 Y144.107 E21.03337
G1 X153.189 Y143.545 E21.07003
G1 X152.166 Y143.134 E21.1067
G1 X151.094 Y142.884 E21.14331
G1 X149.994 Y142.799 E21.18
G1 X148.894 Y142.885 E21.2167
G1 X147.821 Y143.137 E21.25336
G1 X146.8 Y143.55 E21.28999
G1 X145.853 Y144.114 E21.32665
G1 X145.003 Y144.816 E21.36332
G1 X144.27 Y145.639 E21.39997
G1 X143.674 Y146.56 E21.43646
G1 X143.222 Y147.572 E21.47333
G1 X142.931 Y148.629 E21.50979
G1 X142.805 Y149.73 E21.54665
G1 X142.848 Y150.832 E21.58333
G1 X143.059 Y151.914 E21.61999
G1 X143.432 Y152.95 E21.65662
G1 X143.96 Y153.919 E21.69332
G1 X144.628 Y154.795 E21.72996
G1 X145.423 Y155.558 E21.76661
G1 X146.326 Y156.192 E21.80331
G1 X147.314 Y156.681 E21.83997
G1 X148.366 Y157.012 E21.87665
G1 X149.448 Y157.178 E21.91306
G1 X150.003 Y157.2 E21.93154
G1 X150.561 Y157.177 E21.95011
G1 X151.647 Y157.009 E21.98666
G1 X152.697 Y156.676 E22.0233
G1 X153.685 Y156.186 E22.05998
G1 X154.586 Y155.551 E22.09664
G1 X155.38 Y154.785 E22.13334
G0 F6000 X155.708 Y155.077
G0 X156.663 Y156.047
;TYPE:WALL-INNER
G1 F600 X155.821 Y156.86 E22.17226
G1 X154.914 Y157.538 E22.20993
G1 X153.908 Y158.106 E22.24835
G1 X152.836 Y158.539 E22.28681
G1 X151.721 Y158.832 E22.32515
G1 X150.561 Y158.981 E22.36405
G1 X149.996 Y159 E22.38285
G1 X149.435 Y158.981 E22.40152
G1 X148.279 Y158.832 E22.44029
G1 X147.164 Y158.539 E22.47863
G1 X146.092 Y158.106 E22.51709
G1 X145.086 Y157.538 E22.55551
G1 X144.179 Y156.86 E22.59317
G1 X143.337 Y156.047 E22.6321
G1 X142.616 Y155.143 E22.67056
G1 X142.026 Y154.168 E22.70847
G1 X141.555 Y153.107 E22.74708
G1 X141.227 Y151.998 E22.78554
G1 X141.044 Y150.869 E22.82358
G1 X141.007 Y149.7 E22.86248
G1 X141.116 Y148.567 E22.90034
G1 X141.374 Y147.437 E22.93889
G1 X141.768 Y146.365 E22.97688
G1 X142.309 Y145.33 E23.01572
G1 X142.967 Y144.389 E23.05391
G1 X143.74 Y143.536 E23.0922
G1 X144.617 Y142.789 E23.13052
G1 X145.59 Y142.156 E23.16912
G1 X146.608 Y141.666 E23.2067
G1 X147.722 Y141.296 E23.24574
G1 X148.851 Y141.076 E23.284
G1 X150 Y141.003 E23.32229
G1 X151.149 Y141.076 E23.36058
G1 X152.278 Y141.296 E23.39884
G1 X153.392 Y141.666 E23.43788
G1 X154.41 Y142.156 E23.47546
G1 X155.383 Y142.789 E23.51407
G1 X156.26 Y143.536 E23.55238
G1 X157.033 Y144.389 E23.59067
G1 X157.691 Y145.33 E23.62886
G1 X158.232 Y146.365 E23.66771
G1 X158.626 Y147.437 E23.70569
G1 X158.884 Y148.567 E23.74424
G1 X158.993 Y149.7 E23.7821
G1 X158.956 Y150.869 E23.821
G1 X158.773 Y151.998 E23.85904
G1 X158.445 Y153.107 E23.89751
G1 X157.974 Y154.168 E23.93612
G1 X157.384 Y155.143 E23.97402
G1 X156.663 Y156.047 E24.01248
G0 F6000 X156.961 Y156.315
G1 F600 X156.086 Y157.161 E24.05296
G1 X155.129 Y157.876 E24.09269
G1 X154.08 Y158.468 E24.13276
G1 X152.962 Y158.92 E24.17287
G1 X151.797 Y159.226 E24.21293
G1 X150.594 Y159.38 E24.25327
G1 X149.996 Y159.4 E24.27317
G1 X149.402 Y159.38 E24.29293
G1 X148.203 Y159.226 E24.33314
G1 X147.038 Y158.92 E24.3732
G1 X145.92 Y158.468 E24.41331
G1 X144.871 Y157.876 E24.45337
G1 X143.914 Y157.161 E24.49311
G1 X143.039 Y156.315 E24.53359
G1 X142.291 Y155.378 E24.57347
G1 X141.669 Y154.35 E24.61343
G1 X141.181 Y153.25 E24.65345
G1 X140.835 Y152.083 E24.69394
G1 X140.645 Y150.907 E24.73356
G1 X140.606 Y149.694 E24.77392
G1 X140.721 Y148.501 E24.81379
G1 X140.989 Y147.326 E24.85387
G1 X141.404 Y146.198 E24.89385
G1 X141.965 Y145.124 E24.93415
G1 X142.653 Y144.139 E24.97411
G1 X143.458 Y143.252 E25.01395
G1 X144.379 Y142.467 E25.0542
G1 X145.392 Y141.808 E25.0944
G1 X146.464 Y141.292 E25.13397
G1 X147.62 Y140.908 E25.17448
G1 X148.796 Y140.679 E25.21433
G1 X150 Y140.602 E25.25446
G1 X151.204 Y140.679 E25.29458
G1 X152.38 Y140.908 E25.33443
G1 X153.536 Y141.292 E25.37495
G1 X154.608 Y141.808 E25.41452
G1 X155.621 Y142.467 E25.45471
G1 X156.542 Y143.252 E25.49496
G1 X157.347 Y144.139 E25.5348
G1 X158.035 Y145.124 E25.57476
G1 X158.596 Y146.198 E25.61506
G1 X159.011 Y147.326 E25.65504
G1 X159.279 Y148.501 E25.69512
G1 X159.394 Y149.694 E25.73499
G1 X159.355 Y150.907 E25.77535
G1 X159.165 Y152.083 E25.81497
G1 X158.819 Y153.25 E25.85546
G1 X158.331 Y154.35 E25.89548
G1 X157.709 Y155.378 E25.93545
G1 X156.961 Y156.315 E25.97532
G0 F6000 X157.256 Y156.587
;TYPE:WALL-OUTER
G1 F600 X156.351 Y157.462 E26.01719
G1 X155.344 Y158.214 E26.05899
G1 X154.252 Y158.83 E26.10069
G1 X153.088 Y159.301 E26.14246
G1 X151.873 Y159.62 E26.18424
G1 X150.627 Y159.779 E26.22602
G1 X149.996 Y159.8 E26.24701
G1 X149.369 Y159.779 E26.26788
G1 X148.127 Y159.62 E26.30953
G1 X146.912 Y159.301 E26.35131
G1 X145.748 Y158.83 E26.39307
G1 X144.656 Y158.214 E26.43477
G1 X143.649 Y157.462 E26.47657
G1 X142.744 Y156.587 E26.51844
G1 X141.963 Y155.608 E26.5601
G1 X141.312 Y154.532 E26.60192
G1 X140.804 Y153.386 E26.64362
G1 X140.445 Y152.175 E26.68563
G1 X140.246 Y150.945 E26.72707
G1 X140.205 Y149.684 E26.76903
G1 X140.326 Y148.436 E26.81074
G1 X140.604 Y147.215 E26.85239
G1 X141.04 Y146.031 E26.89435
G1 X141.621 Y144.918 E26.93611
G1 X142.339 Y143.889 E26.97784
G1 X143.18 Y142.963 E27.01945
G1 X144.137 Y142.148 E27.06126
G1 X145.194 Y141.46 E27.1032
G1 X146.32 Y140.918 E27.14477
G1 X147.518 Y140.52 E27.18675
G1 X148.741 Y140.282 E27.22819
G1 X150 Y140.201 E27.27016
G1 X151.259 Y140.282 E27.31212
G1 X152.482 Y140.52 E27.35356
G1 X153.68 Y140.918 E27.39554
G1 X154.806 Y141.46 E27.43711
G1 X155.863 Y142.148 E27.47905
G1 X156.82 Y142.963 E27.52086
G1 X157.661 Y143.889 E27.56247
G1 X158.379 Y144.918 E27.6042
G1 X158.96 Y146.031 E27.64596
G1 X159.396 Y147.215 E27.68793
G1 X159.674 Y148.436 E27.72958
G1 X159.795 Y149.684 E27.77128
G1 X159.754 Y150.945 E27.81324
G1 X159.555 Y152.175 E27.85468
G1 X159.196 Y153.386 E27.89669
G1 X158.688 Y154.532 E27.93839
G1 X158.037 Y155.608 E27.98022
G1 X157.256 Y156.587 E28.02187
G0 F6000 X156.931 Y156.292
G0 X156.376 Y155.782
;TYPE:SKIN
G1 F600 X155.565 Y156.564 E28.05934
G1 X154.695 Y157.215 E28.09548
G1 X153.741 Y157.754 E28.13193
G1 X152.716 Y158.167 E28.16868
G1 X151.641 Y158.45 E28.20565
G1 X150.542 Y158.591 E28.24251
G1 X149.996 Y158.61 E28.26068
G1 X149.456 Y158.591 E28.27865
G1 X148.358 Y158.45 E28.31547
G1 X147.284 Y158.167 E28.35241
G1 X146.259 Y157.754 E28.38916
G1 X145.305 Y157.215 E28.42561
G1 X144.435 Y156.564 E28.46175
G1 X143.624 Y155.782 E28.49922
G1 X142.939 Y154.922 E28.53579
G1 X142.373 Y153.987 E28.57214
G1 X141.922 Y152.97 E28.60914
G1 X141.608 Y151.91 E28.64591
G1 X141.434 Y150.833 E28.6822
G1 X141.397 Y149.709 E28.7196
G1 X141.502 Y148.63 E28.75566
G1 X141.748 Y147.55 E28.7925
G1 X142.126 Y146.52 E28.82899
G1 X142.639 Y145.54 E28.86578
G1 X143.276 Y144.63 E28.90273
G1 X144.011 Y143.817 E28.93918
G1 X144.85 Y143.103 E28.97582
G1 X145.787 Y142.493 E29.01301
G1 X146.752 Y142.029 E29.04862
G1 X147.827 Y141.672 E29.0863
G1 X148.888 Y141.466 E29.12225
G1 X150 Y141.395 E29.15931
G1 X151.112 Y141.466 E29.19637
G1 X152.173 Y141.672 E29.23232
G1 X153.248 Y142.029 E29.26999
G1 X154.213 Y142.493 E29.3056
G1 X155.15 Y143.103 E29.34279
G1 X155.989 Y143.817 E29.37943
G1 X156.724 Y144.63 E29.41589
G1 X157.361 Y145.54 E29.45283
G1 X157.874 Y146.52 E29.48962
G1 X158.252 Y147.55 E29.52611
G1 X158.498 Y148.63 E29.56296
G1 X158.603 Y149.709 E29.59901
G1 X158.566 Y150.833 E29.63642
G1 X158.392 Y151.91 E29.6727
G1 X158.078 Y152.97 E29.70947
G1 X157.627 Y153.987 E29.74648
G1 X157.061 Y154.922 E29.78283
G1 X156.376 Y155.782 E29.8194
G0 F6000 X156.272 Y155.579
M104 S210
G1 F600 X157.05 Y154.557 E29.86212
G1 X157.662 Y153.427 E29.90486
G1 X158.095 Y152.217 E29.9476
G1 X158.339 Y150.957 E29.99029
G1 X158.387 Y149.671 E30.03309
G1 X158.24 Y148.395 E30.07581
G1 X157.897 Y147.155 E30.1186
G1 X157.37 Y145.984 E30.16131
G1 X156.67 Y144.906 E30.20406
G1 X155.815 Y143.947 E30.2468
G1 X154.821 Y143.131 E30.28957
G1 X153.719 Y142.474 E30.33224
G1 X152.525 Y141.995 E30.37503
G1 X151.275 Y141.706 E30.4177
G1 X149.994 Y141.605 E30.46044
G1 X148.71 Y141.707 E30.50328
G1 X147.46 Y142 E30.54598
G1 X146.27 Y142.481 E30.58867
G1 X145.166 Y143.138 E30.6314
G1 X144.176 Y143.957 E30.67414
G1 X143.32 Y144.915 E30.71687
G1 X142.625 Y145.991 E30.75947
G1 X142.098 Y147.17 E30.80243
G1 X141.759 Y148.403 E30.84496
G1 X141.613 Y149.686 E30.88791
G1 X141.664 Y150.969 E30.93061
G1 X141.908 Y152.232 E30.9734
G1 X142.343 Y153.438 E31.01604
G1 X142.958 Y154.568 E31.05883
G1 X143.738 Y155.59 E31.10159
G1 X144.664 Y156.48 E31.14431
G1 X145.717 Y157.218 E31.18707
G1 X146.868 Y157.788 E31.22979
G1 X148.096 Y158.175 E31.27262
G1 X149.335 Y158.364 E31.3143
G1 X150.003 Y158.39 E31.33654
G1 X150.676 Y158.363 E31.35894
G1 X151.921 Y158.172 E31.40083
G1 X153.143 Y157.783 E31.44349
G1 X154.295 Y157.212 E31.48625
G1 X155.347 Y156.471 E31.52905
G1 X156.272 Y155.579 E31.57179
;MESH:NONMESH
G0 F300 X156.272 Y155.579 Z0.4
G0 F6000 X155.975 Y155.324
;TIME_ELAPSED:100.574423
;LAYER:1
M106 S85
;TYPE:WALL-INNER
;MESH:dannypart.STL
G1 F1500 X156.718 Y154.35 E31.61253
G1 X157.303 Y153.273 E31.6533
G1 X157.717 Y152.12 E31.69404
G1 X157.951 Y150.918 E31.73477
G1 X157.997 Y149.694 E31.77551
G1 X157.857 Y148.477 E31.81626
G1 X157.533 Y147.294 E31.85705
G1 X157.03 Y146.176 E31.89783
G1 X156.365 Y145.148 E31.93855
G1 X155.549 Y144.233 E31.97933
G1 X154.604 Y143.454 E32.02006
G1 X153.551 Y142.827 E32.06082
G1 X152.415 Y142.37 E32.10155
G1 X151.222 Y142.092 E32.14229
G1 X150 Y141.997 E32.18306
G1 X148.778 Y142.092 E32.22382
G1 X147.585 Y142.37 E32.26457
G1 X146.449 Y142.827 E32.30529
G1 X145.396 Y143.454 E32.34605
G1 X144.451 Y144.233 E32.38679
G1 X143.635 Y145.148 E32.42756
G1 X142.97 Y146.176 E32.46829
G1 X142.467 Y147.294 E32.50906
G1 X142.143 Y148.477 E32.54986
G1 X142.003 Y149.694 E32.5906
G1 X142.049 Y150.918 E32.63134
G1 X142.283 Y152.12 E32.67207
G1 X142.697 Y153.273 E32.71282
G1 X143.282 Y154.35 E32.75358
G1 X144.025 Y155.324 E32.79433
G1 X144.908 Y156.173 E32.83507
G1 X145.91 Y156.879 E32.87584
G1 X147.008 Y157.423 E32.91659
G1 X148.177 Y157.793 E32.95737
G1 X149.369 Y157.976 E32.99748
G1 X150.009 Y158 E33.01879
G1 X150.632 Y157.976 E33.03952
G1 X151.823 Y157.793 E33.0796
G1 X152.992 Y157.423 E33.12038
G1 X154.09 Y156.879 E33.16114
G1 X155.092 Y156.173 E33.20191
G1 X155.975 Y155.324 E33.24265
G0 F7500 X155.676 Y155.057
G1 F1500 X156.381 Y154.132 E33.28133
G1 X156.937 Y153.109 E33.32006
G1 X157.33 Y152.014 E33.35875
G1 X157.552 Y150.872 E33.39745
G1 X157.596 Y149.709 E33.43615
G1 X157.463 Y148.553 E33.47486
G1 X157.155 Y147.43 E33.51359
G1 X156.678 Y146.368 E33.55231
G1 X156.046 Y145.391 E33.59101
G1 X155.271 Y144.522 E33.62974
G1 X154.373 Y143.782 E33.66844
G1 X153.373 Y143.187 E33.70714
G1 X152.294 Y142.753 E33.74582
G1 X151.161 Y142.488 E33.78452
G1 X150 Y142.398 E33.82326
G1 X148.839 Y142.488 E33.86199
G1 X147.706 Y142.753 E33.90069
G1 X146.627 Y143.187 E33.93937
G1 X145.627 Y143.782 E33.97807
G1 X144.729 Y144.522 E34.01677
G1 X143.954 Y145.391 E34.0555
G1 X143.322 Y146.368 E34.0942
G1 X142.845 Y147.43 E34.13292
G1 X142.537 Y148.553 E34.17165
G1 X142.404 Y149.709 E34.21036
G1 X142.448 Y150.872 E34.24907
G1 X142.67 Y152.014 E34.28776
G1 X143.063 Y153.109 E34.32645
G1 X143.619 Y154.132 E34.36518
G1 X144.324 Y155.057 E34.40386
G1 X145.163 Y155.864 E34.44258
G1 X146.115 Y156.534 E34.4813
G1 X147.158 Y157.051 E34.52002
G1 X148.268 Y157.402 E34.55874
G1 X149.407 Y157.577 E34.59707
G1 X150.009 Y157.6 E34.6171
G1 X150.594 Y157.577 E34.63658
G1 X151.732 Y157.402 E34.67487
G1 X152.842 Y157.051 E34.71359
G1 X153.885 Y156.534 E34.75231
G1 X154.837 Y155.864 E34.79103
G1 X155.676 Y155.057 E34.82975
G0 F7500 X155.376 Y154.79
;TYPE:WALL-OUTER
G1 F1500 X156.044 Y153.914 E34.86639
G1 X156.571 Y152.945 E34.90308
G1 X156.943 Y151.908 E34.93972
G1 X157.153 Y150.826 E34.97638
G1 X157.195 Y149.724 E35.01306
G1 X157.069 Y148.629 E35.04972
G1 X156.777 Y147.566 E35.08638
G1 X156.326 Y146.56 E35.12305
G1 X155.727 Y145.634 E35.15973
G1 X154.993 Y144.811 E35.19641
G1 X154.142 Y144.11 E35.23308
G1 X153.195 Y143.547 E35.26972
G1 X152.173 Y143.135 E35.30637
G1 X151.1 Y142.884 E35.34303
G1 X150 Y142.799 E35.37972
G1 X148.9 Y142.884 E35.41642
G1 X147.827 Y143.135 E35.45307
G1 X146.805 Y143.547 E35.48972
G1 X145.858 Y144.11 E35.52636
G1 X145.007 Y144.811 E35.56303
G1 X144.273 Y145.634 E35.59971
G1 X143.674 Y146.56 E35.63639
G1 X143.223 Y147.566 E35.67306
G1 X142.931 Y148.629 E35.70972
G1 X142.805 Y149.724 E35.74638
G1 X142.847 Y150.826 E35.78306
G1 X143.057 Y151.908 E35.81972
G1 X143.429 Y152.945 E35.85637
G1 X143.956 Y153.914 E35.89305
G1 X144.624 Y154.79 E35.92969
G1 X145.418 Y155.555 E35.96636
G1 X146.32 Y156.189 E36.00303
G1 X147.308 Y156.679 E36.03972
G1 X148.359 Y157.011 E36.07637
G1 X149.445 Y157.178 E36.11292
G1 X150.009 Y157.2 E36.13169
G1 X150.555 Y157.178 E36.14987
G1 X151.641 Y157.011 E36.18641
G1 X152.692 Y156.679 E36.22307
G1 X153.68 Y156.189 E36.25975
G1 X154.582 Y155.555 E36.29642
G1 X155.376 Y154.79 E36.33309
G0 F7500 X155.704 Y155.082
G0 X156.663 Y156.047
;TYPE:WALL-INNER
G1 F1500 X155.821 Y156.86 E36.37202
G1 X154.914 Y157.538 E36.40969
G1 X153.908 Y158.106 E36.44811
G1 X152.836 Y158.539 E36.48656
G1 X151.721 Y158.832 E36.52491
G1 X150.556 Y158.981 E36.56397
G1 X149.991 Y159 E36.58277
G1 X149.434 Y158.981 E36.60131
G1 X148.279 Y158.832 E36.64005
G1 X147.164 Y158.539 E36.67839
G1 X146.092 Y158.106 E36.71684
G1 X145.086 Y157.538 E36.75527
G1 X144.179 Y156.86 E36.79293
G1 X143.337 Y156.047 E36.83186
G1 X142.616 Y155.143 E36.87032
G1 X142.026 Y154.168 E36.90822
G1 X141.555 Y153.107 E36.94683
G1 X141.227 Y151.998 E36.9853
G1 X141.044 Y150.869 E37.02334
G1 X141.007 Y149.704 E37.06211
G1 X141.116 Y148.567 E37.1001
G1 X141.374 Y147.437 E37.13865
G1 X141.768 Y146.365 E37.17663
G1 X142.309 Y145.33 E37.21548
G1 X142.967 Y144.389 E37.25367
G1 X143.74 Y143.536 E37.29196
G1 X144.617 Y142.789 E37.33027
G1 X145.59 Y142.156 E37.36888
G1 X146.608 Y141.666 E37.40646
G1 X147.722 Y141.296 E37.4455
G1 X148.851 Y141.076 E37.48376
G1 X150 Y141.003 E37.52205
G1 X151.149 Y141.076 E37.56034
G1 X152.278 Y141.296 E37.5986
G1 X153.392 Y141.666 E37.63764
G1 X154.41 Y142.156 E37.67522
G1 X155.383 Y142.789 E37.71382
G1 X156.26 Y143.536 E37.75214
G1 X157.033 Y144.389 E37.79043
G1 X157.691 Y145.33 E37.82862
G1 X158.232 Y146.365 E37.86746
G1 X158.626 Y147.437 E37.90545
G1 X158.884 Y148.567 E37.944
G1 X158.993 Y149.704 E37.98199
G1 X158.956 Y150.869 E38.02076
G1 X158.773 Y151.998 E38.0588
G1 X158.445 Y153.107 E38.09726
G1 X157.974 Y154.168 E38.13587
G1 X157.384 Y155.143 E38.17378
G1 X156.663 Y156.047 E38.21224
G0 F7500 X156.961 Y156.315
G1 F1500 X156.086 Y157.161 E38.25272
G1 X155.129 Y157.876 E38.29245
G1 X154.08 Y158.468 E38.33251
G1 X152.962 Y158.92 E38.37262
G1 X151.797 Y159.226 E38.41268
G1 X150.589 Y159.38 E38.45319
G1 X149.99 Y159.4 E38.47312
G1 X149.401 Y159.38 E38.49272
G1 X148.203 Y159.226 E38.5329
G1 X147.038 Y158.92 E38.57296
G1 X145.92 Y158.468 E38.61307
G1 X144.871 Y157.876 E38.65313
G1 X143.914 Y157.161 E38.69286
G1 X143.039 Y156.315 E38.73334
G1 X142.291 Y155.378 E38.77322
G1 X141.669 Y154.35 E38.81318
G1 X141.181 Y153.25 E38.85321
G1 X140.835 Y152.083 E38.89369
G1 X140.645 Y150.907 E38.93331
G1 X140.606 Y149.694 E38.97368
G1 X140.721 Y148.501 E39.01354
G1 X140.989 Y147.326 E39.05363
G1 X141.404 Y146.198 E39.0936
G1 X141.965 Y145.124 E39.1339
G1 X142.653 Y144.139 E39.17387
G1 X143.458 Y143.252 E39.21371
G1 X144.379 Y142.467 E39.25396
G1 X145.392 Y141.808 E39.29415
G1 X146.464 Y141.292 E39.33372
G1 X147.62 Y140.908 E39.37423
G1 X148.796 Y140.679 E39.41408
G1 X150 Y140.602 E39.45421
G1 X151.204 Y140.679 E39.49434
G1 X152.38 Y140.908 E39.53419
G1 X153.536 Y141.292 E39.5747
G1 X154.608 Y141.808 E39.61427
G1 X155.621 Y142.467 E39.65447
G1 X156.542 Y143.252 E39.69472
G1 X157.347 Y144.139 E39.73456
G1 X158.035 Y145.124 E39.77452
G1 X158.596 Y146.198 E39.81482
G1 X159.011 Y147.326 E39.85479
G1 X159.279 Y148.501 E39.89488
G1 X159.394 Y149.694 E39.93474
G1 X159.355 Y150.907 E39.97511
G1 X159.165 Y152.083 E40.01473
G1 X158.819 Y153.25 E40.05521
G1 X158.331 Y154.35 E40.09524
G1 X157.709 Y155.378 E40.1352
G1 X156.961 Y156.315 E40.17508
G0 F7500 X157.256 Y156.587
;TYPE:WALL-OUTER
G1 F1500 X156.351 Y157.462 E40.21695
G1 X155.344 Y158.214 E40.25875
G1 X154.252 Y158.83 E40.30045
G1 X153.088 Y159.301 E40.34221
G1 X151.874 Y159.62 E40.38396
G1 X150.62 Y159.779 E40.426
G1 X149.989 Y159.8 E40.447
G1 X149.369 Y159.779 E40.46763
G1 X148.127 Y159.62 E40.50928
G1 X146.912 Y159.301 E40.55106
G1 X145.748 Y158.83 E40.59283
G1 X144.656 Y158.214 E40.63453
G1 X143.649 Y157.462 E40.67633
G1 X142.744 Y156.587 E40.7182
G1 X141.963 Y155.608 E40.75985
G1 X141.312 Y154.532 E40.80168
G1 X140.804 Y153.386 E40.84337
G1 X140.445 Y152.175 E40.88538
G1 X140.246 Y150.945 E40.92682
G1 X140.205 Y149.684 E40.96879
G1 X140.326 Y148.436 E41.01049
G1 X140.604 Y147.215 E41.05214
G1 X141.04 Y146.031 E41.09411
G1 X141.621 Y144.918 E41.13586
G1 X142.339 Y143.889 E41.1776
G1 X143.18 Y142.963 E41.2192
G1 X144.137 Y142.148 E41.26101
G1 X145.194 Y141.46 E41.30296
G1 X146.32 Y140.918 E41.34452
G1 X147.518 Y140.52 E41.38651
G1 X148.741 Y140.282 E41.42795
G1 X150 Y140.201 E41.46991
G1 X151.259 Y140.282 E41.51187
G1 X152.482 Y140.52 E41.55331
G1 X153.68 Y140.918 E41.5953
G1 X154.806 Y141.46 E41.63686
G1 X155.863 Y142.148 E41.67881
G1 X156.82 Y142.963 E41.72062
G1 X157.661 Y143.889 E41.76222
G1 X158.379 Y144.918 E41.80396
G1 X158.96 Y146.031 E41.84571
G1 X159.396 Y147.215 E41.88768
G1 X159.674 Y148.436 E41.92933
G1 X159.795 Y149.684 E41.97103
G1 X159.754 Y150.945 E42.013
G1 X159.555 Y152.175 E42.05444
G1 X159.196 Y153.386 E42.09645
G1 X158.688 Y154.532 E42.13814
G1 X158.037 Y155.608 E42.17997
G1 X157.256 Y156.587 E42.22162
G0 F7500 X156.931 Y156.292
G0 X156.376 Y155.782
;TYPE:SKIN
G1 F1200 X155.565 Y156.564 E42.25909
G1 X154.695 Y157.215 E42.29523
G1 X153.741 Y157.754 E42.33168
G1 X152.716 Y158.167 E42.36843
G1 X151.641 Y158.45 E42.40541
G1 X150.537 Y158.591 E42.44242
G1 X149.991 Y158.61 E42.4606
G1 X149.455 Y158.591 E42.47843
G1 X148.358 Y158.45 E42.51522
G1 X147.284 Y158.167 E42.55216
G1 X146.259 Y157.754 E42.58892
G1 X145.305 Y157.215 E42.62536
G1 X144.435 Y156.564 E42.6615
G1 X143.624 Y155.782 E42.69897
G1 X142.939 Y154.922 E42.73554
G1 X142.373 Y153.987 E42.77189
G1 X141.922 Y152.97 E42.8089
G1 X141.608 Y151.91 E42.84567
G1 X141.434 Y150.833 E42.88195
G1 X141.397 Y149.713 E42.91922
G1 X141.502 Y148.63 E42.95541
G1 X141.748 Y147.55 E42.99225
G1 X142.126 Y146.52 E43.02875
G1 X142.639 Y145.54 E43.06554
G1 X143.276 Y144.63 E43.10248
G1 X144.011 Y143.817 E43.13893
G1 X144.85 Y143.103 E43.17558
G1 X145.787 Y142.493 E43.21276
G1 X146.752 Y142.029 E43.24838
G1 X147.827 Y141.672 E43.28605
G1 X148.888 Y141.466 E43.322
G1 X150 Y141.395 E43.35906
G1 X151.112 Y141.466 E43.39612
G1 X152.173 Y141.672 E43.43207
G1 X153.248 Y142.029 E43.46974
G1 X154.213 Y142.493 E43.50536
G1 X155.15 Y143.103 E43.54254
G1 X155.989 Y143.817 E43.57919
G1 X156.724 Y144.63 E43.61564
G1 X157.361 Y145.54 E43.65258
G1 X157.874 Y146.52 E43.68937
G1 X158.252 Y147.55 E43.72587
G1 X158.498 Y148.63 E43.76271
G1 X158.603 Y149.713 E43.7989
G1 X158.566 Y150.833 E43.83617
G1 X158.392 Y151.91 E43.87245
G1 X158.078 Y152.97 E43.90922
G1 X157.627 Y153.987 E43.94623
G1 X157.061 Y154.922 E43.98258
G1 X156.376 Y155.782 E44.01915
G0 F7500 X156.267 Y155.585
G1 F1200 X157.046 Y154.563 E44.06189
G1 X157.66 Y153.433 E44.10466
G1 X158.094 Y152.224 E44.14739
G1 X158.339 Y150.963 E44.19011
G1 X158.387 Y149.679 E44.23285
G1 X158.241 Y148.403 E44.27556
G1 X157.901 Y147.162 E44.31836
G1 X157.373 Y145.989 E44.36115
G1 X156.677 Y144.911 E44.40382
G1 X155.82 Y143.951 E44.44663
G1 X154.829 Y143.134 E44.48934
G1 X153.725 Y142.476 E44.53209
G1 X152.532 Y141.997 E44.57485
G1 X151.282 Y141.706 E44.61753
G1 X150 Y141.605 E44.66031
G1 X148.718 Y141.706 E44.70308
G1 X147.468 Y141.997 E44.74576
G1 X146.275 Y142.476 E44.78852
G1 X145.171 Y143.134 E44.83127
G1 X144.18 Y143.951 E44.87399
G1 X143.323 Y144.911 E44.91679
G1 X142.627 Y145.989 E44.95947
G1 X142.099 Y147.162 E45.00225
G1 X141.759 Y148.403 E45.04505
G1 X141.613 Y149.679 E45.08777
G1 X141.661 Y150.963 E45.1305
G1 X141.906 Y152.224 E45.17323
G1 X142.34 Y153.433 E45.21595
G1 X142.954 Y154.563 E45.25872
G1 X143.733 Y155.585 E45.30146
G1 X144.659 Y156.475 E45.34418
G1 X145.71 Y157.215 E45.38693
G1 X146.862 Y157.786 E45.4297
G1 X148.088 Y158.174 E45.47247
G1 X149.332 Y158.364 E45.51432
G1 X150.009 Y158.39 E45.53686
G1 X150.669 Y158.364 E45.55883
G1 X151.912 Y158.174 E45.60065
G1 X153.138 Y157.786 E45.64342
G1 X154.29 Y157.215 E45.68618
G1 X155.341 Y156.475 E45.72894
G1 X156.267 Y155.585 E45.77165
;MESH:NONMESH
G0 F300 X156.267 Y155.585 Z0.6
G0 F7500 X155.975 Y155.324
;TIME_ELAPSED:119.429906
;LAYER:2
M106 S170
;TYPE:WALL-INNER
;MESH:dannypart.STL
G1 F2400 X156.718 Y154.35 E45.8124
G1 X157.303 Y153.273 E45.85316
G1 X157.717 Y152.12 E45.89391
G1 X157.951 Y150.918 E45.93464
G1 X157.997 Y149.694 E45.97538
G1 X157.857 Y148.477 E46.01612
G1 X157.533 Y147.294 E46.05692
G1 X157.03 Y146.176 E46.09769
G1 X156.365 Y145.148 E46.13841
G1 X155.549 Y144.233 E46.17919
G1 X154.604 Y143.454 E46.21992
G1 X153.551 Y142.827 E46.26069
G1 X152.415 Y142.37 E46.30141
G1 X151.222 Y142.092 E46.34216
G1 X150 Y141.997 E46.38292
G1 X148.778 Y142.092 E46.42369
G1 X147.585 Y142.37 E46.46443
G1 X146.449 Y142.827 E46.50516
G1 X145.396 Y143.454 E46.54592
G1 X144.451 Y144.233 E46.58665
G1 X143.635 Y145.148 E46.62743
G1 X142.97 Y146.176 E46.66815
G1 X142.467 Y147.294 E46.70893
G1 X142.143 Y148.477 E46.74972
G1 X142.003 Y149.694 E46.79047
G1 X142.049 Y150.918 E46.8312
G1 X142.283 Y152.12 E46.87193
G1 X142.697 Y153.273 E46.91268
G1 X143.282 Y154.35 E46.95344
G1 X144.025 Y155.324 E46.99419
G1 X144.908 Y156.173 E47.03493
G1 X145.91 Y156.879 E47.0757
G1 X147.008 Y157.423 E47.11646
G1 X148.177 Y157.793 E47.15724
G1 X149.369 Y157.976 E47.19735
G1 X150.016 Y158 E47.21888
G1 X150.632 Y157.976 E47.23939
G1 X151.823 Y157.793 E47.27946
G1 X152.992 Y157.423 E47.32025
G1 X154.09 Y156.879 E47.361
G1 X155.092 Y156.173 E47.40177
G1 X155.975 Y155.324 E47.44251
G0 F9000 X155.676 Y155.057
G1 F2400 X156.381 Y154.132 E47.4812
G1 X156.937 Y153.109 E47.51992
G1 X157.33 Y152.014 E47.55862
G1 X157.552 Y150.872 E47.59731
G1 X157.596 Y149.709 E47.63602
G1 X157.463 Y148.553 E47.67472
G1 X157.155 Y147.43 E47.71345
G1 X156.678 Y146.368 E47.75217
G1 X156.046 Y145.391 E47.79087
G1 X155.271 Y144.522 E47.8296
G1 X154.373 Y143.782 E47.8683
G1 X153.373 Y143.187 E47.90701
G1 X152.294 Y142.753 E47.94569
G1 X151.161 Y142.488 E47.98439
G1 X150 Y142.398 E48.02312
G1 X148.839 Y142.488 E48.06185
G1 X147.706 Y142.753 E48.10055
G1 X146.627 Y143.187 E48.13923
G1 X145.627 Y143.782 E48.17794
G1 X144.729 Y144.522 E48.21664
G1 X143.954 Y145.391 E48.25537
G1 X143.322 Y146.368 E48.29407
G1 X142.845 Y147.43 E48.33279
G1 X142.537 Y148.553 E48.37152
G1 X142.404 Y149.709 E48.41022
G1 X142.448 Y150.872 E48.44893
G1 X142.67 Y152.014 E48.48762
G1 X143.063 Y153.109 E48.52632
G1 X143.619 Y154.132 E48.56504
G1 X144.324 Y155.057 E48.60373
G1 X145.163 Y155.864 E48.64245
G1 X146.115 Y156.534 E48.68117
G1 X147.158 Y157.051 E48.71988
G1 X148.268 Y157.402 E48.7586
G1 X149.407 Y157.577 E48.79693
G1 X150.016 Y157.6 E48.8172
G1 X150.594 Y157.577 E48.83644
G1 X151.732 Y157.402 E48.87474
G1 X152.842 Y157.051 E48.91346
G1 X153.885 Y156.534 E48.95218
G1 X154.837 Y155.864 E48.99089
G1 X155.676 Y155.057 E49.02961
G0 F9000 X155.376 Y154.79
;TYPE:WALL-OUTER
G1 F2400 X156.044 Y153.914 E49.06625
G1 X156.571 Y152.945 E49.10294
G1 X156.943 Y151.908 E49.13958
G1 X157.153 Y150.826 E49.17624
G1 X157.195 Y149.724 E49.21292
G1 X157.069 Y148.629 E49.24958
G1 X156.777 Y147.566 E49.28625
G1 X156.326 Y146.56 E49.32292
G1 X155.727 Y145.634 E49.3596
G1 X154.993 Y144.811 E49.39627
G1 X154.142 Y144.11 E49.43295
G1 X153.195 Y143.547 E49.46959
G1 X152.173 Y143.135 E49.50624
G1 X151.1 Y142.884 E49.54289
G1 X150 Y142.799 E49.57959
G1 X148.9 Y142.884 E49.61628
G1 X147.827 Y143.135 E49.65293
G1 X146.805 Y143.547 E49.68958
G1 X145.858 Y144.11 E49.72623
G1 X145.007 Y144.811 E49.7629
G1 X144.273 Y145.634 E49.79957
G1 X143.674 Y146.56 E49.83625
G1 X143.223 Y147.566 E49.87292
G1 X142.931 Y148.629 E49.90959
G1 X142.805 Y149.724 E49.94625
G1 X142.847 Y150.826 E49.98293
G1 X143.057 Y151.908 E50.01959
G1 X143.429 Y152.945 E50.05623
G1 X143.956 Y153.914 E50.09292
G1 X144.624 Y154.79 E50.12956
G1 X145.418 Y155.555 E50.16623
G1 X146.32 Y156.189 E50.2029
G1 X147.308 Y156.679 E50.23958
G1 X148.359 Y157.011 E50.27624
G1 X149.445 Y157.178 E50.31278
G1 X150.016 Y157.2 E50.33179
G1 X150.555 Y157.178 E50.34973
G1 X151.641 Y157.011 E50.38628
G1 X152.692 Y156.679 E50.42294
G1 X153.68 Y156.189 E50.45962
G1 X154.582 Y155.555 E50.49629
G1 X155.376 Y154.79 E50.53296
G0 F9000 X155.704 Y155.082
G0 X156.663 Y156.047
;TYPE:WALL-INNER
G1 F2400 X155.821 Y156.86 E50.57189
G1 X154.914 Y157.538 E50.60955
G1 X153.908 Y158.106 E50.64798
G1 X152.836 Y158.539 E50.68643
G1 X151.721 Y158.832 E50.72477
G1 X150.565 Y158.981 E50.76354
G1 X150 Y159 E50.78234
G1 X149.435 Y158.981 E50.80114
G1 X148.279 Y158.832 E50.83991
G1 X147.164 Y158.539 E50.87826
G1 X146.092 Y158.106 E50.91671
G1 X145.086 Y157.538 E50.95513
G1 X144.179 Y156.86 E50.9928
G1 X143.337 Y156.047 E51.03173
G1 X142.616 Y155.143 E51.07019
G1 X142.026 Y154.168 E51.10809
G1 X141.555 Y153.107 E51.1467
G1 X141.227 Y151.998 E51.18516
G1 X141.044 Y150.869 E51.22321
G1 X141.007 Y149.704 E51.26197
G1 X141.116 Y148.567 E51.29996
G1 X141.374 Y147.437 E51.33851
G1 X141.768 Y146.365 E51.3765
G1 X142.309 Y145.33 E51.41534
G1 X142.967 Y144.389 E51.45353
G1 X143.74 Y143.536 E51.49182
G1 X144.617 Y142.789 E51.53014
G1 X145.59 Y142.156 E51.56875
G1 X146.608 Y141.666 E51.60632
G1 X147.722 Y141.296 E51.64536
G1 X148.851 Y141.076 E51.68362
G1 X150 Y141.003 E51.72191
G1 X151.149 Y141.076 E51.76021
G1 X152.278 Y141.296 E51.79846
G1 X153.392 Y141.666 E51.83751
G1 X154.41 Y142.156 E51.87508
G1 X155.383 Y142.789 E51.91369
G1 X156.26 Y143.536 E51.95201
G1 X157.033 Y144.389 E51.99029
G1 X157.691 Y145.33 E52.02849
G1 X158.232 Y146.365 E52.06733
G1 X158.626 Y147.437 E52.10532
G1 X158.884 Y148.567 E52.14387
G1 X158.993 Y149.704 E52.18186
G1 X158.956 Y150.869 E52.22062
G1 X158.773 Y151.998 E52.25867
G1 X158.445 Y153.107 E52.29713
G1 X157.974 Y154.168 E52.33574
G1 X157.384 Y155.143 E52.37364
G1 X156.663 Y156.047 E52.4121
G0 F9000 X156.961 Y156.315
G1 F2400 X156.086 Y157.161 E52.45258
G1 X155.129 Y157.876 E52.49232
G1 X154.08 Y158.468 E52.53238
G1 X152.962 Y158.92 E52.57249
G1 X151.797 Y159.226 E52.61255
G1 X150.598 Y159.38 E52.65276
G1 X150 Y159.4 E52.67266
G1 X149.402 Y159.38 E52.69256
G1 X148.203 Y159.226 E52.73276
G1 X147.038 Y158.92 E52.77283
G1 X145.92 Y158.468 E52.81294
G1 X144.871 Y157.876 E52.853
G1 X143.914 Y157.161 E52.89273
G1 X143.039 Y156.315 E52.93321
G1 X142.291 Y155.378 E52.97309
G1 X141.669 Y154.35 E53.01305
G1 X141.181 Y153.25 E53.05308
G1 X140.835 Y152.083 E53.09356
G1 X140.645 Y150.907 E53.13318
G1 X140.606 Y149.694 E53.17355
G1 X140.721 Y148.501 E53.21341
G1 X140.989 Y147.326 E53.2535
G1 X141.404 Y146.198 E53.29347
G1 X141.965 Y145.124 E53.33377
G1 X142.653 Y144.139 E53.37373
G1 X143.458 Y143.252 E53.41357
G1 X144.379 Y142.467 E53.45382
G1 X145.392 Y141.808 E53.49402
G1 X146.464 Y141.292 E53.53359
G1 X147.62 Y140.908 E53.5741
G1 X148.796 Y140.679 E53.61395
G1 X150 Y140.602 E53.65408
G1 X151.204 Y140.679 E53.69421
G1 X152.38 Y140.908 E53.73405
G1 X153.536 Y141.292 E53.77457
G1 X154.608 Y141.808 E53.81414
G1 X155.621 Y142.467 E53.85433
G1 X156.542 Y143.252 E53.89458
G1 X157.347 Y144.139 E53.93442
G1 X158.035 Y145.124 E53.97439
G1 X158.596 Y146.198 E54.01469
G1 X159.011 Y147.326 E54.05466
G1 X159.279 Y148.501 E54.09475
G1 X159.394 Y149.694 E54.13461
G1 X159.355 Y150.907 E54.17498
G1 X159.165 Y152.083 E54.2146
G1 X158.819 Y153.25 E54.25508
G1 X158.331 Y154.35 E54.29511
G1 X157.709 Y155.378 E54.33507
G1 X156.961 Y156.315 E54.37495
G0 F9000 X157.256 Y156.587
;TYPE:WALL-OUTER
G1 F2400 X156.351 Y157.462 E54.41681
G1 X155.344 Y158.214 E54.45862
G1 X154.252 Y158.83 E54.50032
G1 X153.088 Y159.301 E54.54208
G1 X151.873 Y159.62 E54.58386
G1 X150.631 Y159.779 E54.62551
G1 X150 Y159.8 E54.64651
G1 X149.369 Y159.779 E54.66751
G1 X148.127 Y159.62 E54.70915
G1 X146.912 Y159.301 E54.75093
G1 X145.748 Y158.83 E54.7927
G1 X144.656 Y158.214 E54.8344
G1 X143.649 Y157.462 E54.8762
G1 X142.744 Y156.587 E54.91807
G1 X141.963 Y155.608 E54.95972
G1 X141.312 Y154.532 E55.00155
G1 X140.804 Y153.386 E55.04324
G1 X140.445 Y152.175 E55.08525
G1 X140.246 Y150.945 E55.12669
G1 X140.205 Y149.684 E55.16866
G1 X140.326 Y148.436 E55.21036
G1 X140.604 Y147.215 E55.25201
G1 X141.04 Y146.031 E55.29398
G1 X141.621 Y144.918 E55.33573
G1 X142.339 Y143.889 E55.37747
G1 X143.18 Y142.963 E55.41907
G1 X144.137 Y142.148 E55.46088
G1 X145.194 Y141.46 E55.50283
G1 X146.32 Y140.918 E55.54439
G1 X147.518 Y140.52 E55.58638
G1 X148.741 Y140.282 E55.62782
G1 X150 Y140.201 E55.66978
G1 X151.259 Y140.282 E55.71174
G1 X152.482 Y140.52 E55.75318
G1 X153.68 Y140.918 E55.79517
G1 X154.806 Y141.46 E55.83673
G1 X155.863 Y142.148 E55.87868
G1 X156.82 Y142.963 E55.92049
G1 X157.661 Y143.889 E55.96209
G1 X158.379 Y144.918 E56.00383
G1 X158.96 Y146.031 E56.04558
G1 X159.396 Y147.215 E56.08755
G1 X159.674 Y148.436 E56.1292
G1 X159.795 Y149.684 E56.1709
G1 X159.754 Y150.945 E56.21287
G1 X159.555 Y152.175 E56.25431
G1 X159.196 Y153.386 E56.29632
G1 X158.688 Y154.532 E56.33801
G1 X158.037 Y155.608 E56.37984
G1 X157.256 Y156.587 E56.42149
G0 F9000 X156.931 Y156.292
G0 X156.376 Y155.782
;TYPE:SKIN
G1 F1800 X155.565 Y156.564 E56.45896
G1 X154.695 Y157.215 E56.49511
G1 X153.741 Y157.754 E56.53155
G1 X152.716 Y158.167 E56.5683
G1 X151.642 Y158.45 E56.60525
G1 X150.544 Y158.591 E56.64206
G1 X150 Y158.61 E56.66017
G1 X149.456 Y158.591 E56.67827
G1 X148.358 Y158.45 E56.71509
G1 X147.284 Y158.167 E56.75203
G1 X146.259 Y157.754 E56.78879
G1 X145.305 Y157.215 E56.82523
G1 X144.435 Y156.564 E56.86137
G1 X143.624 Y155.782 E56.89884
G1 X142.939 Y154.922 E56.93541
G1 X142.373 Y153.987 E56.97177
G1 X141.922 Y152.97 E57.00877
G1 X141.608 Y151.91 E57.04554
G1 X141.434 Y150.833 E57.08182
G1 X141.397 Y149.713 E57.1191
G1 X141.502 Y148.63 E57.15528
G1 X141.748 Y147.55 E57.19213
G1 X142.126 Y146.52 E57.22862
G1 X142.639 Y145.54 E57.26541
G1 X143.276 Y144.63 E57.30235
G1 X144.011 Y143.817 E57.33881
G1 X144.85 Y143.103 E57.37545
G1 X145.787 Y142.493 E57.41264
G1 X146.752 Y142.029 E57.44825
G1 X147.827 Y141.672 E57.48592
G1 X148.888 Y141.466 E57.52187
G1 X150 Y141.395 E57.55893
G1 X151.112 Y141.466 E57.59599
G1 X152.173 Y141.672 E57.63194
G1 X153.248 Y142.029 E57.66962
G1 X154.213 Y142.493 E57.70523
G1 X155.15 Y143.103 E57.74242
G1 X155.989 Y143.817 E57.77906
G1 X156.724 Y144.63 E57.81551
G1 X157.361 Y145.54 E57.85246
G1 X157.874 Y146.52 E57.88925
G1 X158.252 Y147.55 E57.92574
G1 X158.498 Y148.63 E57.96258
G1 X158.603 Y149.713 E57.99877
G1 X158.566 Y150.833 E58.03604
G1 X158.392 Y151.91 E58.07233
G1 X158.078 Y152.97 E58.1091
G1 X157.627 Y153.987 E58.1461
G1 X157.061 Y154.922 E58.18245
G1 X156.376 Y155.782 E58.21902
G0 F9000 X156.267 Y155.585
G1 F1800 X157.046 Y154.563 E58.26176
G1 X157.66 Y153.433 E58.30454
G1 X158.094 Y152.224 E58.34726
G1 X158.339 Y150.963 E58.38998
G1 X158.387 Y149.679 E58.43272
G1 X158.241 Y148.403 E58.47544
G1 X157.901 Y147.162 E58.51823
G1 X157.373 Y145.989 E58.56102
G1 X156.677 Y144.911 E58.6037
G1 X155.82 Y143.951 E58.6465
G1 X154.829 Y143.134 E58.68922
G1 X153.725 Y142.476 E58.73196
G1 X152.532 Y141.997 E58.77472
G1 X151.282 Y141.706 E58.81741
G1 X150 Y141.605 E58.86018
G1 X148.718 Y141.706 E58.90295
G1 X147.468 Y141.997 E58.94564
G1 X146.275 Y142.476 E58.9884
G1 X145.171 Y143.134 E59.03114
G1 X144.18 Y143.951 E59.07386
G1 X143.323 Y144.911 E59.11666
G1 X142.627 Y145.989 E59.15934
G1 X142.099 Y147.162 E59.20212
G1 X141.759 Y148.403 E59.24492
G1 X141.613 Y149.679 E59.28764
G1 X141.661 Y150.963 E59.33037
G1 X141.906 Y152.224 E59.3731
G1 X142.34 Y153.433 E59.41582
G1 X142.954 Y154.563 E59.4586
G1 X143.733 Y155.585 E59.50134
G1 X144.659 Y156.475 E59.54406
G1 X145.71 Y157.215 E59.58681
G1 X146.862 Y157.786 E59.62957
G1 X148.088 Y158.174 E59.67234
G1 X149.332 Y158.364 E59.7142
G1 X150.016 Y158.39 E59.73696
G1 X150.669 Y158.364 E59.7587
G1 X151.912 Y158.174 E59.80052
G1 X153.138 Y157.786 E59.84329
G1 X154.29 Y157.215 E59.88606
G1 X155.341 Y156.475 E59.92881
G1 X156.267 Y155.585 E59.97153
;MESH:NONMESH
G0 F300 X156.267 Y155.585 Z0.8
G0 F9000 X155.975 Y155.324
;TIME_ELAPSED:131.900858
;LAYER:3
M106 S255
;TYPE:WALL-INNER
;MESH:dannypart.STL
G1 F2400 X156.718 Y154.35 E60.01227
G1 X157.303 Y153.273 E60.05304
G1 X157.717 Y152.12 E60.09378
G1 X157.951 Y150.918 E60.13451
G1 X157.997 Y149.694 E60.17525
G1 X157.857 Y148.477 E60.21599
G1 X157.533 Y147.294 E60.25679
G1 X157.03 Y146.176 E60.29757
G1 X156.365 Y145.148 E60.33829
G1 X155.549 Y144.233 E60.37906
G1 X154.604 Y143.454 E60.4198
G1 X153.551 Y142.827 E60.46056
G1 X152.415 Y142.37 E60.50129
G1 X151.222 Y142.092 E60.54203
G1 X150 Y141.997 E60.58279
G1 X148.778 Y142.092 E60.62356
G1 X147.585 Y142.37 E60.6643
G1 X146.449 Y142.827 E60.70503
G1 X145.396 Y143.454 E60.74579
G1 X144.451 Y144.233 E60.78652
G1 X143.635 Y145.148 E60.8273
G1 X142.97 Y146.176 E60.86802
G1 X142.467 Y147.294 E60.9088
G1 X142.143 Y148.477 E60.94959
G1 X142.003 Y149.694 E60.99034
G1 X142.049 Y150.918 E61.03108
G1 X142.283 Y152.12 E61.07181
G1 X142.697 Y153.273 E61.11255
G1 X143.282 Y154.35 E61.15332
G1 X144.025 Y155.324 E61.19406
G1 X144.908 Y156.173 E61.2348
G1 X145.91 Y156.879 E61.27557
G1 X147.008 Y157.423 E61.31633
G1 X148.177 Y157.793 E61.35711
G1 X149.369 Y157.976 E61.39722
G1 X150 Y158 E61.41822
G1 X150.631 Y157.976 E61.43923
G1 X151.823 Y157.793 E61.47934
G1 X152.992 Y157.423 E61.52012
G1 X154.09 Y156.879 E61.56087
G1 X155.092 Y156.173 E61.60164
G1 X155.975 Y155.324 E61.64238
G0 F9000 X155.676 Y155.057
G1 F2400 X156.381 Y154.132 E61.68107
G1 X156.937 Y153.109 E61.71979
G1 X157.33 Y152.014 E61.75849
G1 X157.552 Y150.872 E61.79718
G1 X157.596 Y149.709 E61.83589
G1 X157.463 Y148.553 E61.87459
G1 X157.155 Y147.43 E61.91332
G1 X156.678 Y146.368 E61.95205
G1 X156.046 Y145.391 E61.99075
G1 X155.271 Y144.522 E62.02947
G1 X154.373 Y143.782 E62.06818
G1 X153.373 Y143.187 E62.10688
G1 X152.294 Y142.753 E62.14556
G1 X151.161 Y142.488 E62.18426
G1 X150 Y142.398 E62.22299
G1 X148.839 Y142.488 E62.26172
G1 X147.706 Y142.753 E62.30042
G1 X146.627 Y143.187 E62.33911
G1 X145.627 Y143.782 E62.37781
G1 X144.729 Y144.522 E62.41651
G1 X143.954 Y145.391 E62.45524
G1 X143.322 Y146.368 E62.49394
G1 X142.845 Y147.43 E62.53266
G1 X142.537 Y148.553 E62.57139
G1 X142.404 Y149.709 E62.61009
G1 X142.448 Y150.872 E62.6488
G1 X142.67 Y152.014 E62.6875
G1 X143.063 Y153.109 E62.72619
G1 X143.619 Y154.132 E62.76492
G1 X144.324 Y155.057 E62.8036
G1 X145.163 Y155.864 E62.84232
G1 X146.115 Y156.534 E62.88104
G1 X147.158 Y157.051 E62.91976
G1 X148.268 Y157.402 E62.95848
G1 X149.407 Y157.577 E62.9968
G1 X150 Y157.6 E63.01654
G1 X150.593 Y157.577 E63.03628
G1 X151.732 Y157.402 E63.07461
G1 X152.842 Y157.051 E63.11333
G1 X153.885 Y156.534 E63.15205
G1 X154.837 Y155.864 E63.19077
G1 X155.676 Y155.057 E63.22949
G0 F9000 X155.376 Y154.79
;TYPE:WALL-OUTER
G1 F2400 X156.044 Y153.914 E63.26613
G1 X156.571 Y152.945 E63.30281
G1 X156.943 Y151.908 E63.33946
G1 X157.153 Y150.826 E63.37611
G1 X157.195 Y149.724 E63.41279
G1 X157.069 Y148.629 E63.44945
G1 X156.777 Y147.566 E63.48612
G1 X156.326 Y146.56 E63.52279
G1 X155.727 Y145.634 E63.55947
G1 X154.993 Y144.811 E63.59615
G1 X154.142 Y144.11 E63.63282
G1 X153.195 Y143.547 E63.66946
G1 X152.173 Y143.135 E63.70611
G1 X151.1 Y142.884 E63.74276
G1 X150 Y142.799 E63.77946
G1 X148.9 Y142.884 E63.81615
G1 X147.827 Y143.135 E63.8528
G1 X146.805 Y143.547 E63.88945
G1 X145.858 Y144.11 E63.9261
G1 X145.007 Y144.811 E63.96277
G1 X144.273 Y145.634 E63.99945
G1 X143.674 Y146.56 E64.03613
G1 X143.223 Y147.566 E64.0728
G1 X142.931 Y148.629 E64.10946
G1 X142.805 Y149.724 E64.14612
G1 X142.847 Y150.826 E64.1828
G1 X143.057 Y151.908 E64.21946
G1 X143.429 Y152.945 E64.2561
G1 X143.956 Y153.914 E64.29279
G1 X144.624 Y154.79 E64.32943
G1 X145.418 Y155.555 E64.3661
G1 X146.32 Y156.189 E64.40277
G1 X147.308 Y156.679 E64.43945
G1 X148.359 Y157.011 E64.47611
G1 X149.445 Y157.178 E64.51266
G1 X150 Y157.2 E64.53113
G1 X150.555 Y157.178 E64.5496
G1 X151.641 Y157.011 E64.58615
G1 X152.692 Y156.679 E64.62281
G1 X153.68 Y156.189 E64.65949
G1 X154.582 Y155.555 E64.69616
G1 X155.376 Y154.79 E64.73283
G0 F9000 X155.704 Y155.082
G0 X156.663 Y156.047
;TYPE:WALL-INNER
G1 F2400 X155.821 Y156.86 E64.77176
G1 X154.914 Y157.538 E64.80942
G1 X153.908 Y158.106 E64.84785
G1 X152.836 Y158.539 E64.8863
G1 X151.721 Y158.832 E64.92464
G1 X150.565 Y158.981 E64.96341
G1 X150 Y159 E64.98221
G1 X149.435 Y158.981 E65.00102
G1 X148.279 Y158.832 E65.03978
G1 X147.164 Y158.539 E65.07813
G1 X146.092 Y158.106 E65.11658
G1 X145.086 Y157.538 E65.15501
G1 X144.179 Y156.86 E65.19267
G1 X143.337 Y156.047 E65.2316
G1 X142.616 Y155.143 E65.27006
G1 X142.026 Y154.168 E65.30796
G1 X141.555 Y153.107 E65.34657
G1 X141.227 Y151.998 E65.38504
G1 X141.044 Y150.869 E65.42308
G1 X141.007 Y149.704 E65.46184
G1 X141.116 Y148.567 E65.49983
G1 X141.374 Y147.437 E65.53839
G1 X141.768 Y146.365 E65.57637
G1 X142.309 Y145.33 E65.61522
G1 X142.967 Y144.389 E65.65341
G1 X143.74 Y143.536 E65.69169
G1 X144.617 Y142.789 E65.73001
G1 X145.59 Y142.156 E65.76862
G1 X146.608 Y141.666 E65.80619
G1 X147.722 Y141.296 E65.84524
G1 X148.851 Y141.076 E65.88349
G1 X150 Y141.003 E65.92179
G1 X151.149 Y141.076 E65.96008
G1 X152.278 Y141.296 E65.99834
G1 X153.392 Y141.666 E66.03738
G1 X154.41 Y142.156 E66.07496
G1 X155.383 Y142.789 E66.11356
G1 X156.26 Y143.536 E66.15188
G1 X157.033 Y144.389 E66.19017
G1 X157.691 Y145.33 E66.22836
G1 X158.232 Y146.365 E66.2672
G1 X158.626 Y147.437 E66.30519
G1 X158.884 Y148.567 E66.34374
G1 X158.993 Y149.704 E66.38173
G1 X158.956 Y150.869 E66.4205
G1 X158.773 Y151.998 E66.45854
G1 X158.445 Y153.107 E66.497
G1 X157.974 Y154.168 E66.53561
G1 X157.384 Y155.143 E66.57352
G1 X156.663 Y156.047 E66.61197
G0 F9000 X156.961 Y156.315
G1 F2400 X156.086 Y157.161 E66.65246
G1 X155.129 Y157.876 E66.69219
G1 X154.08 Y158.468 E66.73225
G1 X152.962 Y158.92 E66.77236
G1 X151.797 Y159.226 E66.81242
G1 X150.598 Y159.38 E66.85263
G1 X150 Y159.4 E66.87253
G1 X149.402 Y159.38 E66.89243
G1 X148.203 Y159.226 E66.93264
G1 X147.038 Y158.92 E66.9727
G1 X145.92 Y158.468 E67.01281
G1 X144.871 Y157.876 E67.05287
G1 X143.914 Y157.161 E67.0926
G1 X143.039 Y156.315 E67.13308
G1 X142.291 Y155.378 E67.17296
G1 X141.669 Y154.35 E67.21292
G1 X141.181 Y153.25 E67.25295
G1 X140.835 Y152.083 E67.29343
G1 X140.645 Y150.907 E67.33305
G1 X140.606 Y149.694 E67.37342
G1 X140.721 Y148.501 E67.41328
G1 X140.989 Y147.326 E67.45337
G1 X141.404 Y146.198 E67.49334
G1 X141.965 Y145.124 E67.53364
G1 X142.653 Y144.139 E67.57361
G1 X143.458 Y143.252 E67.61345
G1 X144.379 Y142.467 E67.6537
G1 X145.392 Y141.808 E67.69389
G1 X146.464 Y141.292 E67.73346
G1 X147.62 Y140.908 E67.77398
G1 X148.796 Y140.679 E67.81382
G1 X150 Y140.602 E67.85395
G1 X151.204 Y140.679 E67.89408
G1 X152.38 Y140.908 E67.93393
G1 X153.536 Y141.292 E67.97444
G1 X154.608 Y141.808 E68.01401
G1 X155.621 Y142.467 E68.05421
G1 X156.542 Y143.252 E68.09446
G1 X157.347 Y144.139 E68.1343
G1 X158.035 Y145.124 E68.17426
G1 X158.596 Y146.198 E68.21456
G1 X159.011 Y147.326 E68.25453
G1 X159.279 Y148.501 E68.29462
G1 X159.394 Y149.694 E68.33448
G1 X159.355 Y150.907 E68.37485
G1 X159.165 Y152.083 E68.41447
G1 X158.819 Y153.25 E68.45495
G1 X158.331 Y154.35 E68.49498
G1 X157.709 Y155.378 E68.53494
G1 X156.961 Y156.315 E68.57482
G0 F9000 X157.256 Y156.587
;TYPE:WALL-OUTER
G1 F2400 X156.351 Y157.462 E68.61669
G1 X155.344 Y158.214 E68.65849
G1 X154.252 Y158.83 E68.70019
G1 X153.088 Y159.301 E68.74195
G1 X151.873 Y159.62 E68.78373
G1 X150.631 Y159.779 E68.82538
G1 X150 Y159.8 E68.84638
G1 X149.369 Y159.779 E68.86738
G1 X148.127 Y159.62 E68.90902
G1 X146.912 Y159.301 E68.9508
G1 X145.748 Y158.83 E68.99257
G1 X144.656 Y158.214 E69.03427
G1 X143.649 Y157.462 E69.07607
G1 X142.744 Y156.587 E69.11794
G1 X141.963 Y155.608 E69.15959
G1 X141.312 Y154.532 E69.20142
G1 X140.804 Y153.386 E69.24311
G1 X140.445 Y152.175 E69.28512
G1 X140.246 Y150.945 E69.32657
G1 X140.205 Y149.684 E69.36853
G1 X140.326 Y148.436 E69.41023
G1 X140.604 Y147.215 E69.45188
G1 X141.04 Y146.031 E69.49385
G1 X141.621 Y144.918 E69.53561
G1 X142.339 Y143.889 E69.57734
G1 X143.18 Y142.963 E69.61894
G1 X144.137 Y142.148 E69.66075
G1 X145.194 Y141.46 E69.7027
G1 X146.32 Y140.918 E69.74426
G1 X147.518 Y140.52 E69.78625
G1 X148.741 Y140.282 E69.82769
G1 X150 Y140.201 E69.86965
G1 X151.259 Y140.282 E69.91161
G1 X152.482 Y140.52 E69.95305
G1 X153.68 Y140.918 E69.99504
G1 X154.806 Y141.46 E70.0366
G1 X155.863 Y142.148 E70.07855
G1 X156.82 Y142.963 E70.12036
G1 X157.661 Y143.889 E70.16196
G1 X158.379 Y144.918 E70.2037
G1 X158.96 Y146.031 E70.24546
G1 X159.396 Y147.215 E70.28742
G1 X159.674 Y148.436 E70.32907
G1 X159.795 Y149.684 E70.37077
G1 X159.754 Y150.945 E70.41274
G1 X159.555 Y152.175 E70.45418
G1 X159.196 Y153.386 E70.49619
G1 X158.688 Y154.532 E70.53788
G1 X158.037 Y155.608 E70.57971
G1 X157.256 Y156.587 E70.62137
G0 F9000 X156.931 Y156.292
G0 X156.376 Y155.782
;TYPE:SKIN
G1 F1800 X155.565 Y156.564 E70.65884
G1 X154.695 Y157.215 E70.69498
G1 X153.741 Y157.754 E70.73142
G1 X152.716 Y158.167 E70.76818
G1 X151.642 Y158.45 E70.80512
G1 X150.544 Y158.591 E70.84194
G1 X150 Y158.61 E70.86004
G1 X149.456 Y158.591 E70.87815
G1 X148.358 Y158.45 E70.91497
G1 X147.284 Y158.167 E70.95191
G1 X146.259 Y157.754 E70.98866
G1 X145.305 Y157.215 E71.02511
G1 X144.435 Y156.564 E71.06125
G1 X143.624 Y155.782 E71.09872
G1 X142.939 Y154.922 E71.13529
G1 X142.373 Y153.987 E71.17164
G1 X141.922 Y152.97 E71.20864
G1 X141.608 Y151.91 E71.24541
G1 X141.434 Y150.833 E71.2817
G1 X141.397 Y149.713 E71.31897
G1 X141.502 Y148.63 E71.35516
G1 X141.748 Y147.55 E71.392
G1 X142.126 Y146.52 E71.42849
G1 X142.639 Y145.54 E71.46528
G1 X143.276 Y144.63 E71.50223
G1 X144.011 Y143.817 E71.53868
G1 X144.85 Y143.103 E71.57532
G1 X145.787 Y142.493 E71.61251
G1 X146.752 Y142.029 E71.64812
G1 X147.827 Y141.672 E71.6858
G1 X148.888 Y141.466 E71.72174
G1 X150 Y141.395 E71.7588
G1 X151.112 Y141.466 E71.79587
G1 X152.173 Y141.672 E71.83181
G1 X153.248 Y142.029 E71.86949
G1 X154.213 Y142.493 E71.9051
G1 X155.15 Y143.103 E71.94229
G1 X155.989 Y143.817 E71.97893
G1 X156.724 Y144.63 E72.01538
G1 X157.361 Y145.54 E72.05233
G1 X157.874 Y146.52 E72.08912
G1 X158.252 Y147.55 E72.12561
G1 X158.498 Y148.63 E72.16245
G1 X158.603 Y149.713 E72.19864
G1 X158.566 Y150.833 E72.23591
G1 X158.392 Y151.91 E72.2722
G1 X158.078 Y152.97 E72.30897
G1 X157.627 Y153.987 E72.34597
G1 X157.061 Y154.922 E72.38232
G1 X156.376 Y155.782 E72.41889
G0 F9000 X156.267 Y155.585
G1 F1800 X157.046 Y154.563 E72.46163
G1 X157.66 Y153.433 E72.50441
G1 X158.094 Y152.224 E72.54713
G1 X158.339 Y150.963 E72.58986
G1 X158.387 Y149.679 E72.63259
G1 X158.241 Y148.403 E72.67531
G1 X157.901 Y147.162 E72.71811
G1 X157.373 Y145.989 E72.76089
G1 X156.677 Y144.911 E72.80357
G1 X155.82 Y143.951 E72.84637
G1 X154.829 Y143.134 E72.88909
G1 X153.725 Y142.476 E72.93183
G1 X152.532 Y141.997 E72.97459
G1 X151.282 Y141.706 E73.01728
G1 X150 Y141.605 E73.06005
G1 X148.718 Y141.706 E73.10282
G1 X147.468 Y141.997 E73.14551
G1 X146.275 Y142.476 E73.18827
G1 X145.171 Y143.134 E73.23101
G1 X144.18 Y143.951 E73.27373
G1 X143.323 Y144.911 E73.31653
G1 X142.627 Y145.989 E73.35921
G1 X142.099 Y147.162 E73.402
G1 X141.759 Y148.403 E73.44479
G1 X141.613 Y149.679 E73.48751
G1 X141.661 Y150.963 E73.53025
G1 X141.906 Y152.224 E73.57297
G1 X142.34 Y153.433 E73.6157
G1 X142.954 Y154.563 E73.65847
G1 X143.733 Y155.585 E73.70121
G1 X144.659 Y156.475 E73.74393
G1 X145.71 Y157.215 E73.78668
G1 X146.862 Y157.786 E73.82944
G1 X148.088 Y158.174 E73.87221
G1 X149.332 Y158.364 E73.91407
G1 X150 Y158.39 E73.9363
G1 X150.668 Y158.364 E73.95854
G1 X151.912 Y158.174 E74.00039
G1 X153.138 Y157.786 E74.04316
G1 X154.29 Y157.215 E74.08593
G1 X155.341 Y156.475 E74.12868
G1 X156.267 Y155.585 E74.1714
;MESH:NONMESH
G0 F300 X156.267 Y155.585 Z1
G0 F9000 X155.975 Y155.324
;TIME_ELAPSED:144.371809
;LAYER:4
;TYPE:WALL-INNER
;MESH:dannypart.STL
G1 F2034.7 X156.718 Y154.35 E74.21214
G1 X157.303 Y153.273 E74.25291
G1 X157.717 Y152.12 E74.29365
G1 X157.951 Y150.918 E74.33438
G1 X157.997 Y149.694 E74.37512
G1 X157.857 Y148.477 E74.41587
G1 X157.533 Y147.294 E74.45666
G1 X157.03 Y146.176 E74.49744
G1 X156.365 Y145.148 E74.53816
G1 X155.549 Y144.233 E74.57894
G1 X154.604 Y143.454 E74.61967
G1 X153.551 Y142.827 E74.66043
G1 X152.415 Y142.37 E74.70116
G1 X151.222 Y142.092 E74.7419
G1 X150 Y141.997 E74.78267
G1 X148.778 Y142.092 E74.82343
G1 X147.585 Y142.37 E74.86417
G1 X146.449 Y142.827 E74.9049
G1 X145.396 Y143.454 E74.94566
G1 X144.451 Y144.233 E74.9864
G1 X143.635 Y145.148 E75.02717
G1 X142.97 Y146.176 E75.06789
G1 X142.467 Y147.294 E75.10867
G1 X142.143 Y148.477 E75.14947
G1 X142.003 Y149.694 E75.19021
G1 X142.049 Y150.918 E75.23095
G1 X142.283 Y152.12 E75.27168
G1 X142.697 Y153.273 E75.31242
G1 X143.282 Y154.35 E75.35319
G1 X144.025 Y155.324 E75.39393
G1 X144.908 Y156.173 E75.43468
G1 X145.91 Y156.879 E75.47544
G1 X147.008 Y157.423 E75.5162
G1 X148.177 Y157.793 E75.55698
G1 X149.369 Y157.976 E75.59709
G1 X150 Y158 E75.6181
G1 X150.631 Y157.976 E75.6391
G1 X151.823 Y157.793 E75.67921
G1 X152.992 Y157.423 E75.71999
G1 X154.09 Y156.879 E75.76075
G1 X155.092 Y156.173 E75.80151
G1 X155.975 Y155.324 E75.84226
G0 F9000 X155.676 Y155.057
G1 F2034.7 X156.381 Y154.132 E75.88094
G1 X156.937 Y153.109 E75.91966
G1 X157.33 Y152.014 E75.95836
G1 X157.552 Y150.872 E75.99705
G1 X157.596 Y149.709 E76.03576
G1 X157.463 Y148.553 E76.07446
G1 X157.155 Y147.43 E76.1132
G1 X156.678 Y146.368 E76.15192
G1 X156.046 Y145.391 E76.19062
G1 X155.271 Y144.522 E76.22935
G1 X154.373 Y143.782 E76.26805
G1 X153.373 Y143.187 E76.30675
G1 X152.294 Y142.753 E76.34543
G1 X151.161 Y142.488 E76.38413
G1 X150 Y142.398 E76.42286
G1 X148.839 Y142.488 E76.46159
G1 X147.706 Y142.753 E76.5003
G1 X146.627 Y143.187 E76.53898
G1 X145.627 Y143.782 E76.57768
G1 X144.729 Y144.522 E76.61638
G1 X143.954 Y145.391 E76.65511
G1 X143.322 Y146.368 E76.69381
G1 X142.845 Y147.43 E76.73253
G1 X142.537 Y148.553 E76.77126
G1 X142.404 Y149.709 E76.80997
G1 X142.448 Y150.872 E76.84867
G1 X142.67 Y152.014 E76.88737
G1 X143.063 Y153.109 E76.92606
G1 X143.619 Y154.132 E76.96479
G1 X144.324 Y155.057 E77.00347
G1 X145.163 Y155.864 E77.04219
G1 X146.115 Y156.534 E77.08091
G1 X147.158 Y157.051 E77.11963
G1 X148.268 Y157.402 E77.15835
G1 X149.407 Y157.577 E77.19668
G1 X150 Y157.6 E77.21641
G1 X150.593 Y157.577 E77.23615
G1 X151.732 Y157.402 E77.27448
G1 X152.842 Y157.051 E77.3132
G1 X153.885 Y156.534 E77.35192
G1 X154.837 Y155.864 E77.39064
G1 X155.676 Y155.057 E77.42936
G0 F9000 X155.376 Y154.79
;TYPE:WALL-OUTER
G1 F2034.7 X156.044 Y153.914 E77.466
G1 X156.571 Y152.945 E77.50268
G1 X156.943 Y151.908 E77.53933
G1 X157.153 Y150.826 E77.57599
G1 X157.195 Y149.724 E77.61267
G1 X157.069 Y148.629 E77.64933
G1 X156.777 Y147.566 E77.68599
G1 X156.326 Y146.56 E77.72266
G1 X155.727 Y145.634 E77.75934
G1 X154.993 Y144.811 E77.79602
G1 X154.142 Y144.11 E77.83269
G1 X153.195 Y143.547 E77.86933
G1 X152.173 Y143.135 E77.90598
G1 X151.1 Y142.884 E77.94263
G1 X150 Y142.799 E77.97933
G1 X148.9 Y142.884 E78.01602
G1 X147.827 Y143.135 E78.05268
G1 X146.805 Y143.547 E78.08933
G1 X145.858 Y144.11 E78.12597
G1 X145.007 Y144.811 E78.16264
G1 X144.273 Y145.634 E78.19932
G1 X143.674 Y146.56 E78.236
G1 X143.223 Y147.566 E78.27267
G1 X142.931 Y148.629 E78.30933
G1 X142.805 Y149.724 E78.34599
G1 X142.847 Y150.826 E78.38267
G1 X143.057 Y151.908 E78.41933
G1 X143.429 Y152.945 E78.45597
G1 X143.956 Y153.914 E78.49266
G1 X144.624 Y154.79 E78.5293
G1 X145.418 Y155.555 E78.56597
G1 X146.32 Y156.189 E78.60264
G1 X147.308 Y156.679 E78.63932
G1 X148.359 Y157.011 E78.67598
G1 X149.445 Y157.178 E78.71253
G1 X150 Y157.2 E78.731
G1 X150.555 Y157.178 E78.74947
G1 X151.641 Y157.011 E78.78602
G1 X152.692 Y156.679 E78.82268
G1 X153.68 Y156.189 E78.85936
G1 X154.582 Y155.555 E78.89603
G1 X155.376 Y154.79 E78.9327
G0 F9000 X155.704 Y155.082
G0 X156.163 Y155.56
G0 X156.444 Y155.843
G0 X156.663 Y156.047
;TYPE:WALL-INNER
G1 F2034.7 X155.821 Y156.86 E78.97163
G1 X154.914 Y157.538 E79.00929
G1 X153.908 Y158.106 E79.04772
G1 X152.836 Y158.539 E79.08617
G1 X151.721 Y158.832 E79.12452
G1 X150.565 Y158.981 E79.16328
G1 X150 Y159 E79.18209
G1 X149.435 Y158.981 E79.20089
G1 X148.279 Y158.832 E79.23966
G1 X147.164 Y158.539 E79.278
G1 X146.092 Y158.106 E79.31645
G1 X145.086 Y157.538 E79.35488
G1 X144.179 Y156.86 E79.39254
G1 X143.337 Y156.047 E79.43147
G1 X142.616 Y155.143 E79.46993
G1 X142.026 Y154.168 E79.50783
G1 X141.555 Y153.107 E79.54644
G1 X141.227 Y151.998 E79.58491
G1 X141.044 Y150.869 E79.62295
G1 X141.007 Y149.704 E79.66172
G1 X141.116 Y148.567 E79.69971
G1 X141.374 Y147.437 E79.73826
G1 X141.768 Y146.365 E79.77624
G1 X142.309 Y145.33 E79.81509
G1 X142.967 Y144.389 E79.85328
G1 X143.74 Y143.536 E79.89157
G1 X144.617 Y142.789 E79.92988
G1 X145.59 Y142.156 E79.96849
G1 X146.608 Y141.666 E80.00607
G1 X147.722 Y141.296 E80.04511
G1 X148.851 Y141.076 E80.08337
G1 X150 Y141.003 E80.12166
G1 X151.149 Y141.076 E80.15995
G1 X152.278 Y141.296 E80.19821
G1 X153.392 Y141.666 E80.23725
G1 X154.41 Y142.156 E80.27483
G1 X155.383 Y142.789 E80.31343
G1 X156.26 Y143.536 E80.35175
G1 X157.033 Y144.389 E80.39004
G1 X157.691 Y145.33 E80.42823
G1 X158.232 Y146.365 E80.46707
G1 X158.626 Y147.437 E80.50506
G1 X158.884 Y148.567 E80.54361
G1 X158.993 Y149.704 E80.5816
G1 X158.956 Y150.869 E80.62037
G1 X158.773 Y151.998 E80.65841
G1 X158.445 Y153.107 E80.69687
G1 X157.974 Y154.168 E80.73548
G1 X157.384 Y155.143 E80.77339
G1 X156.663 Y156.047 E80.81185
G0 F9000 X156.961 Y156.315
G1 F2034.7 X156.086 Y157.161 E80.85233
G1 X155.129 Y157.876 E80.89206
G1 X154.08 Y158.468 E80.93212
G1 X152.962 Y158.92 E80.97223
G1 X151.797 Y159.226 E81.01229
G1 X150.598 Y159.38 E81.0525
G1 X150 Y159.4 E81.0724
G1 X149.402 Y159.38 E81.0923
G1 X148.203 Y159.226 E81.13251
G1 X147.038 Y158.92 E81.17257
G1 X145.92 Y158.468 E81.21268
G1 X144.871 Y157.876 E81.25274
G1 X143.914 Y157.161 E81.29247
G1 X143.039 Y156.315 E81.33296
G1 X142.291 Y155.378 E81.37283
G1 X141.669 Y154.35 E81.4128
G1 X141.181 Y153.25 E81.45282
G1 X140.835 Y152.083 E81.4933
G1 X140.645 Y150.907 E81.53293
G1 X140.606 Y149.694 E81.57329
G1 X140.721 Y148.501 E81.61315
G1 X140.989 Y147.326 E81.65324
G1 X141.404 Y146.198 E81.69322
G1 X141.965 Y145.124 E81.73352
G1 X142.653 Y144.139 E81.77348
G1 X143.458 Y143.252 E81.81332
G1 X144.379 Y142.467 E81.85357
G1 X145.392 Y141.808 E81.89376
G1 X146.464 Y141.292 E81.93333
G1 X147.62 Y140.908 E81.97385
G1 X148.796 Y140.679 E82.0137
G1 X150 Y140.602 E82.05382
G1 X151.204 Y140.679 E82.09395
G1 X152.38 Y140.908 E82.1338
G1 X153.536 Y141.292 E82.17431
G1 X154.608 Y141.808 E82.21388
G1 X155.621 Y142.467 E82.25408
G1 X156.542 Y143.252 E82.29433
G1 X157.347 Y144.139 E82.33417
G1 X158.035 Y145.124 E82.37413
G1 X158.596 Y146.198 E82.41443
G1 X159.011 Y147.326 E82.45441
G1 X159.279 Y148.501 E82.49449
G1 X159.394 Y149.694 E82.53435
G1 X159.355 Y150.907 E82.57472
G1 X159.165 Y152.083 E82.61434
G1 X158.819 Y153.25 E82.65482
G1 X158.331 Y154.35 E82.69485
G1 X157.709 Y155.378 E82.73481
G1 X156.961 Y156.315 E82.77469
G0 F9000 X157.256 Y156.587
;TYPE:WALL-OUTER
G1 F2034.7 X156.351 Y157.462 E82.81656
G1 X155.344 Y158.214 E82.85836
G1 X154.252 Y158.83 E82.90006
G1 X153.088 Y159.301 E82.94182
G1 X151.873 Y159.62 E82.9836
G1 X150.631 Y159.779 E83.02525
G1 X150 Y159.8 E83.04625
G1 X149.369 Y159.779 E83.06725
G1 X148.127 Y159.62 E83.10889
G1 X146.912 Y159.301 E83.15068
G1 X145.748 Y158.83 E83.19244
G1 X144.656 Y158.214 E83.23414
G1 X143.649 Y157.462 E83.27594
G1 X142.744 Y156.587 E83.31781
G1 X141.963 Y155.608 E83.35946
G1 X141.312 Y154.532 E83.40129
G1 X140.804 Y153.386 E83.44299
G1 X140.445 Y152.175 E83.485
G1 X140.246 Y150.945 E83.52644
G1 X140.205 Y149.684 E83.5684
G1 X140.326 Y148.436 E83.6101
G1 X140.604 Y147.215 E83.65175
G1 X141.04 Y146.031 E83.69372
G1 X141.621 Y144.918 E83.73548
G1 X142.339 Y143.889 E83.77721
G1 X143.18 Y142.963 E83.81882
G1 X144.137 Y142.148 E83.86062
G1 X145.194 Y141.46 E83.90257
G1 X146.32 Y140.918 E83.94414
G1 X147.518 Y140.52 E83.98612
G1 X148.741 Y140.282 E84.02756
G1 X150 Y140.201 E84.06952
G1 X151.259 Y140.282 E84.11148
G1 X152.482 Y140.52 E84.15292
G1 X153.68 Y140.918 E84.19491
G1 X154.806 Y141.46 E84.23648
G1 X155.863 Y142.148 E84.27842
G1 X156.82 Y142.963 E84.32023
G1 X157.661 Y143.889 E84.36184
G1 X158.379 Y144.918 E84.40357
G1 X158.96 Y146.031 E84.44533
G1 X159.396 Y147.215 E84.48729
G1 X159.674 Y148.436 E84.52894
G1 X159.795 Y149.684 E84.57065
G1 X159.754 Y150.945 E84.61261
G1 X159.555 Y152.175 E84.65405
G1 X159.196 Y153.386 E84.69606
G1 X158.688 Y154.532 E84.73776
G1 X158.037 Y155.608 E84.77958
G1 X157.256 Y156.587 E84.82124
G0 F9000 X156.931 Y156.292
G0 X156.444 Y155.843
G0 X153.877 Y157.781
G0 X153.984 Y157.972
;TYPE:FILL
G1 F3052 X153.635 Y157.724 E84.83548
G1 X153.302 Y157.358 E84.85193
G0 F9000 X153.399 Y157.556
G0 X151.879 Y158.025
G0 X150.886 Y158.177
G0 X147.802 Y158.399
G0 X147.746 Y158.61
G1 F3052 X147.552 Y158.326 E84.86337
G1 X147.545 Y157.724 E84.8834
G1 X147.555 Y157.68 E84.8849
G0 F9000 X147.489 Y157.888
G0 X145.959 Y157.167
G0 X142.904 Y155.022
G0 X142.731 Y155.159
G1 F3052 X142.736 Y154.714 E84.8997
G1 X143.1 Y154.182 E84.92114
G0 F9000 X142.908 Y154.285
G0 X142.476 Y153.366
G0 X142.052 Y152.183
G0 X141.812 Y150.948
G0 X141.765 Y149.686
G0 X141.907 Y148.431
G0 X142.096 Y147.74
G0 X142.656 Y146.144
G0 X142.855 Y146.235
G1 F3052 X142.729 Y145.684 E84.93994
G1 X142.736 Y145.082 E84.95996
G1 X143.148 Y144.48 E84.98423
G1 X144.112 Y143.878 E85.02203
G1 X144.958 Y143.276 E85.05656
G1 X145.506 Y142.674 E85.08364
G1 X145.824 Y142.131 E85.10457
G0 F9000 X145.919 Y142.33
G0 X149.986 Y141.306
G0 X149.973 Y141.087
G1 F3052 X150.322 Y141.47 E85.1218
G1 X150.612 Y141.964 E85.14085
G0 F9000 X150.629 Y141.746
G0 X152.486 Y142.141
G0 X153.149 Y142.407
G0 X154.645 Y143.13
G0 X154.532 Y143.317
G1 F3052 X154.59 Y143.276 E85.14322
G1 X155.109 Y142.706 E85.16886
G0 F9000 X154.989 Y142.889
G0 X157.834 Y146.249
G0 X158.029 Y146.148
G1 F3052 X157.903 Y146.286 E85.17507
G1 X157.55 Y146.888 E85.19828
G1 X157.498 Y147.02 E85.203
G0 F9000 X157.699 Y146.93
G0 X157.921 Y147.78
G0 X158.283 Y149.565
G0 X158.064 Y149.589
G1 F3052 X158.56 Y149.898 E85.22244
G1 X158.899 Y150.139 E85.23627
G0 F9000 X158.58 Y150.129
;MESH:NONMESH
G0 F300 X158.58 Y150.129 Z1.2
G0 F9000 X157.524 Y153.366
G0 X157.032 Y154.271
G0 X156.182 Y155.541
G0 X155.975 Y155.324
;TIME_ELAPSED:157.168251
;LAYER:5
;TYPE:WALL-INNER
;MESH:dannypart.STL
G1 F2045.5 X156.718 Y154.35 E85.27702
G1 X157.303 Y153.273 E85.31778
G1 X157.717 Y152.12 E85.35853
G1 X157.951 Y150.918 E85.39926
G1 X157.997 Y149.694 E85.44
G1 X157.857 Y148.477 E85.48074
G1 X157.533 Y147.294 E85.52154
G1 X157.03 Y146.176 E85.56231
G1 X156.365 Y145.148 E85.60303
G1 X155.549 Y144.233 E85.64381
G1 X154.604 Y143.454 E85.68454
G1 X153.551 Y142.827 E85.7253
G1 X152.415 Y142.37 E85.76603
G1 X151.222 Y142.092 E85.80677
G1 X150 Y141.997 E85.84754
G1 X148.778 Y142.092 E85.88831
G1 X147.585 Y142.37 E85.92905
G1 X146.449 Y142.827 E85.96978
G1 X145.396 Y143.454 E86.01054
G1 X144.451 Y144.233 E86.05127
G1 X143.635 Y145.148 E86.09205
G1 X142.97 Y146.176 E86.13277
G1 X142.467 Y147.294 E86.17354
G1 X142.143 Y148.477 E86.21434
G1 X142.003 Y149.694 E86.25508
G1 X142.049 Y150.918 E86.29582
G1 X142.283 Y152.12 E86.33655
G1 X142.697 Y153.273 E86.3773
G1 X143.282 Y154.35 E86.41806
G1 X144.025 Y155.324 E86.45881
G1 X144.908 Y156.173 E86.49955
G1 X145.91 Y156.879 E86.54032
G1 X147.008 Y157.423 E86.58107
G1 X148.177 Y157.793 E86.62186
G1 X149.369 Y157.976 E86.66197
G1 X150 Y158 E86.68297
G1 X150.631 Y157.976 E86.70397
G1 X151.823 Y157.793 E86.74408
G1 X152.992 Y157.423 E86.78486
G1 X154.09 Y156.879 E86.82562
G1 X155.092 Y156.173 E86.86639
G1 X155.975 Y155.324 E86.90713
G0 F9000 X155.676 Y155.057
G1 F2045.5 X156.381 Y154.132 E86.94581
G1 X156.937 Y153.109 E86.98454
G1 X157.33 Y152.014 E87.02323
G1 X157.552 Y150.872 E87.06193
G1 X157.596 Y149.709 E87.10064
G1 X157.463 Y148.553 E87.13934
G1 X157.155 Y147.43 E87.17807
G1 X156.678 Y146.368 E87.21679
G1 X156.046 Y145.391 E87.25549
G1 X155.271 Y144.522 E87.29422
G1 X154.373 Y143.782 E87.33292
G1 X153.373 Y143.187 E87.37162
G1 X152.294 Y142.753 E87.41031
G1 X151.161 Y142.488 E87.44901
G1 X150 Y142.398 E87.48774
G1 X148.839 Y142.488 E87.52647
G1 X147.706 Y142.753 E87.56517
G1 X146.627 Y143.187 E87.60385
G1 X145.627 Y143.782 E87.64255
G1 X144.729 Y144.522 E87.68126
G1 X143.954 Y145.391 E87.71998
G1 X143.322 Y146.368 E87.75868
G1 X142.845 Y147.43 E87.79741
G1 X142.537 Y148.553 E87.83614
G1 X142.404 Y149.709 E87.87484
G1 X142.448 Y150.872 E87.91355
G1 X142.67 Y152.014 E87.95224
G1 X143.063 Y153.109 E87.99094
G1 X143.619 Y154.132 E88.02966
G1 X144.324 Y155.057 E88.06835
G1 X145.163 Y155.864 E88.10706
G1 X146.115 Y156.534 E88.14578
G1 X147.158 Y157.051 E88.1845
G1 X148.268 Y157.402 E88.22322
G1 X149.407 Y157.577 E88.26155
G1 X150 Y157.6 E88.28129
G1 X150.593 Y157.577 E88.30103
G1 X151.732 Y157.402 E88.33935
G1 X152.842 Y157.051 E88.37807
G1 X153.885 Y156.534 E88.41679
G1 X154.837 Y155.864 E88.45551
G1 X155.676 Y155.057 E88.49423
G0 F9000 X155.376 Y154.79
;TYPE:WALL-OUTER
G1 F2045.5 X156.044 Y153.914 E88.53087
G1 X156.571 Y152.945 E88.56756
G1 X156.943 Y151.908 E88.6042
G1 X157.153 Y150.826 E88.64086
G1 X157.195 Y149.724 E88.67754
G1 X157.069 Y148.629 E88.7142
G1 X156.777 Y147.566 E88.75086
G1 X156.326 Y146.56 E88.78753
G1 X155.727 Y145.634 E88.82421
G1 X154.993 Y144.811 E88.86089
G1 X154.142 Y144.11 E88.89756
G1 X153.195 Y143.547 E88.93421
G1 X152.173 Y143.135 E88.97086
G1 X151.1 Y142.884 E89.00751
G1 X150 Y142.799 E89.0442
G1 X148.9 Y142.884 E89.0809
G1 X147.827 Y143.135 E89.11755
G1 X146.805 Y143.547 E89.1542
G1 X145.858 Y144.11 E89.19084
G1 X145.007 Y144.811 E89.22751
G1 X144.273 Y145.634 E89.26419
G1 X143.674 Y146.56 E89.30087
G1 X143.223 Y147.566 E89.33754
G1 X142.931 Y148.629 E89.37421
G1 X142.805 Y149.724 E89.41087
G1 X142.847 Y150.826 E89.44755
G1 X143.057 Y151.908 E89.4842
G1 X143.429 Y152.945 E89.52085
G1 X143.956 Y153.914 E89.55753
G1 X144.624 Y154.79 E89.59417
G1 X145.418 Y155.555 E89.63085
G1 X146.32 Y156.189 E89.66752
G1 X147.308 Y156.679 E89.7042
G1 X148.359 Y157.011 E89.74086
G1 X149.445 Y157.178 E89.7774
G1 X150 Y157.2 E89.79588
G1 X150.555 Y157.178 E89.81435
G1 X151.641 Y157.011 E89.85089
G1 X152.692 Y156.679 E89.88755
G1 X153.68 Y156.189 E89.92423
G1 X154.582 Y155.555 E89.9609
G1 X155.376 Y154.79 E89.99758
G0 F9000 X155.704 Y155.082
G0 X156.163 Y155.56
G0 X156.444 Y155.843
G0 X156.663 Y156.047
;TYPE:WALL-INNER
G1 F2045.5 X155.821 Y156.86 E90.0365
G1 X154.914 Y157.538 E90.07417
G1 X153.908 Y158.106 E90.11259
G1 X152.836 Y158.539 E90.15105
G1 X151.721 Y158.832 E90.18939
G1 X150.565 Y158.981 E90.22816
G1 X150 Y159 E90.24696
G1 X149.435 Y158.981 E90.26576
G1 X148.279 Y158.832 E90.30453
G1 X147.164 Y158.539 E90.34287
G1 X146.092 Y158.106 E90.38133
G1 X145.086 Y157.538 E90.41975
G1 X144.179 Y156.86 E90.45742
G1 X143.337 Y156.047 E90.49634
G1 X142.616 Y155.143 E90.5348
G1 X142.026 Y154.168 E90.57271
G1 X141.555 Y153.107 E90.61132
G1 X141.227 Y151.998 E90.64978
G1 X141.044 Y150.869 E90.68782
G1 X141.007 Y149.704 E90.72659
G1 X141.116 Y148.567 E90.76458
G1 X141.374 Y147.437 E90.80313
G1 X141.768 Y146.365 E90.84112
G1 X142.309 Y145.33 E90.87996
G1 X142.967 Y144.389 E90.91815
G1 X143.74 Y143.536 E90.95644
G1 X144.617 Y142.789 E90.99476
G1 X145.59 Y142.156 E91.03336
G1 X146.608 Y141.666 E91.07094
G1 X147.722 Y141.296 E91.10998
G1 X148.851 Y141.076 E91.14824
G1 X150 Y141.003 E91.18653
G1 X151.149 Y141.076 E91.22483
G1 X152.278 Y141.296 E91.26308
G1 X153.392 Y141.666 E91.30212
G1 X154.41 Y142.156 E91.3397
G1 X155.383 Y142.789 E91.37831
G1 X156.26 Y143.536 E91.41663
G1 X157.033 Y144.389 E91.45491
G1 X157.691 Y145.33 E91.4931
G1 X158.232 Y146.365 E91.53195
G1 X158.626 Y147.437 E91.56993
G1 X158.884 Y148.567 E91.60848
G1 X158.993 Y149.704 E91.64647
G1 X158.956 Y150.869 E91.68524
G1 X158.773 Y151.998 E91.72328
G1 X158.445 Y153.107 E91.76175
G1 X157.974 Y154.168 E91.80036
G1 X157.384 Y155.143 E91.83826
G1 X156.663 Y156.047 E91.87672
G0 F9000 X156.961 Y156.315
G1 F2045.5 X156.086 Y157.161 E91.9172
G1 X155.129 Y157.876 E91.95693
G1 X154.08 Y158.468 E91.997
G1 X152.962 Y158.92 E92.03711
G1 X151.797 Y159.226 E92.07717
G1 X150.598 Y159.38 E92.11737
G1 X150 Y159.4 E92.13727
G1 X149.402 Y159.38 E92.15718
G1 X148.203 Y159.226 E92.19738
G1 X147.038 Y158.92 E92.23744
G1 X145.92 Y158.468 E92.27755
G1 X144.871 Y157.876 E92.31762
G1 X143.914 Y157.161 E92.35735
G1 X143.039 Y156.315 E92.39783
G1 X142.291 Y155.378 E92.43771
G1 X141.669 Y154.35 E92.47767
G1 X141.181 Y153.25 E92.51769
G1 X140.835 Y152.083 E92.55818
G1 X140.645 Y150.907 E92.5978
G1 X140.606 Y149.694 E92.63817
G1 X140.721 Y148.501 E92.67803
G1 X140.989 Y147.326 E92.71811
G1 X141.404 Y146.198 E92.75809
G1 X141.965 Y145.124 E92.79839
G1 X142.653 Y144.139 E92.83835
G1 X143.458 Y143.252 E92.87819
G1 X144.379 Y142.467 E92.91844
G1 X145.392 Y141.808 E92.95864
G1 X146.464 Y141.292 E92.99821
G1 X147.62 Y140.908 E93.03872
G1 X148.796 Y140.679 E93.07857
G1 X150 Y140.602 E93.1187
G1 X151.204 Y140.679 E93.15882
G1 X152.38 Y140.908 E93.19867
G1 X153.536 Y141.292 E93.23919
G1 X154.608 Y141.808 E93.27876
G1 X155.621 Y142.467 E93.31895
G1 X156.542 Y143.252 E93.3592
G1 X157.347 Y144.139 E93.39904
G1 X158.035 Y145.124 E93.439
G1 X158.596 Y146.198 E93.4793
G1 X159.011 Y147.326 E93.51928
G1 X159.279 Y148.501 E93.55936
G1 X159.394 Y149.694 E93.59923
G1 X159.355 Y150.907 E93.63959
G1 X159.165 Y152.083 E93.67921
G1 X158.819 Y153.25 E93.7197
G1 X158.331 Y154.35 E93.75972
G1 X157.709 Y155.378 E93.79969
G1 X156.961 Y156.315 E93.83956
G0 F9000 X157.256 Y156.587
;TYPE:WALL-OUTER
G1 F2045.5 X156.351 Y157.462 E93.88143
G1 X155.344 Y158.214 E93.92323
G1 X154.252 Y158.83 E93.96493
G1 X153.088 Y159.301 E94.0067
G1 X151.873 Y159.62 E94.04848
G1 X150.631 Y159.779 E94.09013
G1 X150 Y159.8 E94.11112
G1 X149.369 Y159.779 E94.13212
G1 X148.127 Y159.62 E94.17377
G1 X146.912 Y159.301 E94.21555
G1 X145.748 Y158.83 E94.25731
G1 X144.656 Y158.214 E94.29901
G1 X143.649 Y157.462 E94.34082
G1 X142.744 Y156.587 E94.38268
G1 X141.963 Y155.608 E94.42434
G1 X141.312 Y154.532 E94.46617
G1 X140.804 Y153.386 E94.50786
G1 X140.445 Y152.175 E94.54987
G1 X140.246 Y150.945 E94.59131
G1 X140.205 Y149.684 E94.63328
G1 X140.326 Y148.436 E94.67498
G1 X140.604 Y147.215 E94.71663
G1 X141.04 Y146.031 E94.75859
G1 X141.621 Y144.918 E94.80035
G1 X142.339 Y143.889 E94.84208
G1 X143.18 Y142.963 E94.88369
G1 X144.137 Y142.148 E94.9255
G1 X145.194 Y141.46 E94.96745
G1 X146.32 Y140.918 E95.00901
G1 X147.518 Y140.52 E95.051
G1 X148.741 Y140.282 E95.09244
G1 X150 Y140.201 E95.1344
G1 X151.259 Y140.282 E95.17636
G1 X152.482 Y140.52 E95.2178
G1 X153.68 Y140.918 E95.25979
G1 X154.806 Y141.46 E95.30135
G1 X155.863 Y142.148 E95.3433
G1 X156.82 Y142.963 E95.38511
G1 X157.661 Y143.889 E95.42671
G1 X158.379 Y144.918 E95.46844
G1 X158.96 Y146.031 E95.5102
G1 X159.396 Y147.215 E95.55217
G1 X159.674 Y148.436 E95.59382
G1 X159.795 Y149.684 E95.63552
G1 X159.754 Y150.945 E95.67748
G1 X159.555 Y152.175 E95.71893
G1 X159.196 Y153.386 E95.76094
G1 X158.688 Y154.532 E95.80263
G1 X158.037 Y155.608 E95.84446
G1 X157.256 Y156.587 E95.88611
G0 F9000 X156.931 Y156.292
G0 X156.444 Y155.843
G0 X153.963 Y157.732
G0 X154.071 Y157.924
;TYPE:FILL
G1 F3068.3 X153.71 Y157.724 E95.89984
G1 X153.313 Y157.353 E95.91791
G0 F9000 X153.41 Y157.55
G0 X151.879 Y158.025
G0 X150.652 Y158.213
G0 X149.348 Y158.213
G0 X149.001 Y158.16
G0 X147.273 Y157.82
G0 X147.339 Y157.612
G1 F3068.3 X147.295 Y157.724 E95.92191
G1 X147.094 Y158.326 E95.94302
G1 X147.086 Y158.422 E95.94623
G0 F9000 X147.168 Y158.219
G0 X144.754 Y156.357
G0 X144.017 Y155.649
G0 X142.726 Y153.951
G0 X142.919 Y153.847
G1 F3068.3 X142.229 Y154.112 E95.97081
G1 X142.251 Y154.385 E95.97992
G0 F9000 X141.877 Y153.635
G1 F3068.3 X141.867 Y153.51 E95.98409
G1 X141.666 Y152.908 E96.0052
G1 X141.428 Y152.306 E96.02673
G1 X141.365 Y152.181 E96.03139
G0 F9000 X141.576 Y152.119
G0 X141.907 Y148.431
G0 X142.096 Y147.74
G0 X142.578 Y146.317
G0 X142.778 Y146.408
G1 F3068.3 X142.717 Y146.286 E96.03592
G1 X142.479 Y145.684 E96.05745
G1 X142.376 Y145.376 E96.06825
G0 F9000 X142.563 Y145.491
G0 X143.561 Y144.178
G0 X143.399 Y144.03
G1 F3068.3 X143.795 Y143.878 E96.08236
G1 X144.883 Y143.276 E96.12372
G1 X145.527 Y142.674 E96.15304
G1 X145.941 Y142.075 E96.17726
G0 F9000 X146.036 Y142.274
G0 X149.949 Y141.308
G0 X149.936 Y141.089
G1 F3068.3 X150.343 Y141.47 E96.1958
G1 X150.689 Y141.97 E96.21602
G0 F9000 X150.706 Y141.752
G0 X152.486 Y142.141
G0 X153.149 Y142.407
G0 X154.601 Y143.104
G0 X154.488 Y143.291
G1 F3068.3 X154.515 Y143.276 E96.21705
G1 X155.118 Y142.712 E96.24451
G0 F9000 X154.998 Y142.895
G0 X157.834 Y146.25
G0 X158.029 Y146.149
G1 F3068.3 X157.882 Y146.286 E96.2512
G1 X157.466 Y146.888 E96.27553
G1 X157.452 Y146.917 E96.27661
G0 F9000 X157.652 Y146.827
G0 X158.008 Y148.125
G0 X158.29 Y149.84
G0 X158.071 Y149.832
G1 F3068.3 X158.243 Y149.898 E96.28273
G1 X158.895 Y150.259 E96.30752
G0 F9000 X158.575 Y150.249
;MESH:NONMESH
G0 F300 X158.575 Y150.249 Z1.4
G0 F9000 X157.524 Y153.366
G0 X157.032 Y154.271
G0 X156.182 Y155.541
G0 X155.975 Y155.324
;TIME_ELAPSED:170.181402
;LAYER:6
;TYPE:WALL-INNER
;MESH:dannypart.STL
G1 F2042 X156.718 Y154.35 E96.34827
G1 X157.303 Y153.273 E96.38903
G1 X157.717 Y152.12 E96.42978
G1 X157.951 Y150.918 E96.47051
G1 X157.997 Y149.694 E96.51124
G1 X157.857 Y148.477 E96.55199
G1 X157.533 Y147.294 E96.59278
G1 X157.03 Y146.176 E96.63356
G1 X156.365 Y145.148 E96.67428
G1 X155.549 Y144.233 E96.71506
G1 X154.604 Y143.454 E96.75579
G1 X153.551 Y142.827 E96.79655
G1 X152.415 Y142.37 E96.83728
G1 X151.222 Y142.092 E96.87802
G1 X150 Y141.997 E96.91879
G1 X148.778 Y142.092 E96.95956
G1 X147.585 Y142.37 E97.0003
G1 X146.449 Y142.827 E97.04102
G1 X145.396 Y143.454 E97.08179
G1 X144.451 Y144.233 E97.12252
G1 X143.635 Y145.148 E97.1633
G1 X142.97 Y146.176 E97.20402
G1 X142.467 Y147.294 E97.24479
G1 X142.143 Y148.477 E97.28559
G1 X142.003 Y149.694 E97.32633
G1 X142.049 Y150.918 E97.36707
G1 X142.283 Y152.12 E97.4078
G1 X142.697 Y153.273 E97.44855
G1 X143.282 Y154.35 E97.48931
G1 X144.025 Y155.324 E97.53006
G1 X144.908 Y156.173 E97.5708
G1 X145.91 Y156.879 E97.61157
G1 X147.008 Y157.423 E97.65232
G1 X148.177 Y157.793 E97.6931
G1 X149.369 Y157.976 E97.73322
G1 X150 Y158 E97.75422
G1 X150.631 Y157.976 E97.77522
G1 X151.823 Y157.793 E97.81533
G1 X152.992 Y157.423 E97.85611
G1 X154.09 Y156.879 E97.89687
G1 X155.092 Y156.173 E97.93764
G1 X155.975 Y155.324 E97.97838
G0 F9000 X155.676 Y155.057
G1 F2042 X156.381 Y154.132 E98.01706
G1 X156.937 Y153.109 E98.05579
G1 X157.33 Y152.014 E98.09448
G1 X157.552 Y150.872 E98.13318
G1 X157.596 Y149.709 E98.17189
G1 X157.463 Y148.553 E98.21059
G1 X157.155 Y147.43 E98.24932
G1 X156.678 Y146.368 E98.28804
G1 X156.046 Y145.391 E98.32674
G1 X155.271 Y144.522 E98.36547
G1 X154.373 Y143.782 E98.40417
G1 X153.373 Y143.187 E98.44287
G1 X152.294 Y142.753 E98.48156
G1 X151.161 Y142.488 E98.52026
G1 X150 Y142.398 E98.55899
G1 X148.839 Y142.488 E98.59772
G1 X147.706 Y142.753 E98.63642
G1 X146.627 Y143.187 E98.6751
G1 X145.627 Y143.782 E98.7138
G1 X144.729 Y144.522 E98.7525
G1 X143.954 Y145.391 E98.79123
G1 X143.322 Y146.368 E98.82993
G1 X142.845 Y147.43 E98.86866
G1 X142.537 Y148.553 E98.90739
G1 X142.404 Y149.709 E98.94609
G1 X142.448 Y150.872 E98.9848
G1 X142.67 Y152.014 E99.02349
G1 X143.063 Y153.109 E99.06219
G1 X143.619 Y154.132 E99.10091
G1 X144.324 Y155.057 E99.13959
G1 X145.163 Y155.864 E99.17831
G1 X146.115 Y156.534 E99.21703
G1 X147.158 Y157.051 E99.25575
G1 X148.268 Y157.402 E99.29447
G1 X149.407 Y157.577 E99.3328
G1 X150 Y157.6 E99.35254
G1 X150.593 Y157.577 E99.37227
G1 X151.732 Y157.402 E99.4106
G1 X152.842 Y157.051 E99.44932
G1 X153.885 Y156.534 E99.48804
G1 X154.837 Y155.864 E99.52676
G1 X155.676 Y155.057 E99.56548
G0 F9000 X155.376 Y154.79
;TYPE:WALL-OUTER
G1 F2042 X156.044 Y153.914 E99.60212
G1 X156.571 Y152.945 E99.63881
G1 X156.943 Y151.908 E99.67545
G1 X157.153 Y150.826 E99.71211
G1 X157.195 Y149.724 E99.74879
G1 X157.069 Y148.629 E99.78545
G1 X156.777 Y147.566 E99.82211
G1 X156.326 Y146.56 E99.85878
G1 X155.727 Y145.634 E99.89546
G1 X154.993 Y144.811 E99.93214
G1 X154.142 Y144.11 E99.96881
G1 X153.195 Y143.547 E100.00545
G1 X152.173 Y143.135 E100.0421
G1 X151.1 Y142.884 E100.07876
G1 X150 Y142.799 E100.11545
G1 X148.9 Y142.884 E100.15215
G1 X147.827 Y143.135 E100.1888
G1 X146.805 Y143.547 E100.22545
G1 X145.858 Y144.11 E100.26209
G1 X145.007 Y144.811 E100.29876
G1 X144.273 Y145.634 E100.33544
G1 X143.674 Y146.56 E100.37212
G1 X143.223 Y147.566 E100.40879
G1 X142.931 Y148.629 E100.44545
G1 X142.805 Y149.724 E100.48211
G1 X142.847 Y150.826 E100.51879
G1 X143.057 Y151.908 E100.55545
G1 X143.429 Y152.945 E100.5921
G1 X143.956 Y153.914 E100.62878
G1 X144.624 Y154.79 E100.66542
G1 X145.418 Y155.555 E100.7021
G1 X146.32 Y156.189 E100.73877
G1 X147.308 Y156.679 E100.77545
G1 X148.359 Y157.011 E100.8121
G1 X149.445 Y157.178 E100.84865
G1 X150 Y157.2 E100.86712
G1 X150.555 Y157.178 E100.8856
G1 X151.641 Y157.011 E100.92214
G1 X152.692 Y156.679 E100.9588
G1 X153.68 Y156.189 E100.99548
G1 X154.582 Y155.555 E101.03215
G1 X155.376 Y154.79 E101.06882
G0 F9000 X155.704 Y155.082
G0 X156.163 Y155.56
G0 X156.444 Y155.843
G0 X156.663 Y156.047
;TYPE:WALL-INNER
G1 F2042 X155.821 Y156.86 E101.10775
G1 X154.914 Y157.538 E101.14542
G1 X153.908 Y158.106 E101.18384
G1 X152.836 Y158.539 E101.2223
G1 X151.721 Y158.832 E101.26064
G1 X150.565 Y158.981 E101.29941
G1 X150 Y159 E101.31821
G1 X149.435 Y158.981 E101.33701
G1 X148.279 Y158.832 E101.37578
G1 X147.164 Y158.539 E101.41412
G1 X146.092 Y158.106 E101.45258
G1 X145.086 Y157.538 E101.491
G1 X144.179 Y156.86 E101.52866
G1 X143.337 Y156.047 E101.56759
G1 X142.616 Y155.143 E101.60605
G1 X142.026 Y154.168 E101.64396
G1 X141.555 Y153.107 E101.68257
G1 X141.227 Y151.998 E101.72103
G1 X141.044 Y150.869 E101.75907
G1 X141.007 Y149.704 E101.79784
G1 X141.116 Y148.567 E101.83583
G1 X141.374 Y147.437 E101.87438
G1 X141.768 Y146.365 E101.91237
G1 X142.309 Y145.33 E101.95121
G1 X142.967 Y144.389 E101.9894
G1 X143.74 Y143.536 E102.02769
G1 X144.617 Y142.789 E102.066
G1 X145.59 Y142.156 E102.10461
G1 X146.608 Y141.666 E102.14219
G1 X147.722 Y141.296 E102.18123
G1 X148.851 Y141.076 E102.21949
G1 X150 Y141.003 E102.25778
G1 X151.149 Y141.076 E102.29607
G1 X152.278 Y141.296 E102.33433
G1 X153.392 Y141.666 E102.37337
G1 X154.41 Y142.156 E102.41095
G1 X155.383 Y142.789 E102.44956
G1 X156.26 Y143.536 E102.48787
G1 X157.033 Y144.389 E102.52616
G1 X157.691 Y145.33 E102.56435
G1 X158.232 Y146.365 E102.6032
G1 X158.626 Y147.437 E102.64118
G1 X158.884 Y148.567 E102.67973
G1 X158.993 Y149.704 E102.71772
G1 X158.956 Y150.869 E102.75649
G1 X158.773 Y151.998 E102.79453
G1 X158.445 Y153.107 E102.833
G1 X157.974 Y154.168 E102.87161
G1 X157.384 Y155.143 E102.90951
G1 X156.663 Y156.047 E102.94797
G0 F9000 X156.961 Y156.315
G1 F2042 X156.086 Y157.161 E102.98845
G1 X155.129 Y157.876 E103.02818
G1 X154.08 Y158.468 E103.06825
G1 X152.962 Y158.92 E103.10835
G1 X151.797 Y159.226 E103.14842
G1 X150.598 Y159.38 E103.18862
G1 X150 Y159.4 E103.20852
G1 X149.402 Y159.38 E103.22842
G1 X148.203 Y159.226 E103.26863
G1 X147.038 Y158.92 E103.30869
G1 X145.92 Y158.468 E103.3488
G1 X144.871 Y157.876 E103.38886
G1 X143.914 Y157.161 E103.4286
G1 X143.039 Y156.315 E103.46908
G1 X142.291 Y155.378 E103.50896
G1 X141.669 Y154.35 E103.54892
G1 X141.181 Y153.25 E103.58894
G1 X140.835 Y152.083 E103.62943
G1 X140.645 Y150.907 E103.66905
G1 X140.606 Y149.694 E103.70941
G1 X140.721 Y148.501 E103.74928
G1 X140.989 Y147.326 E103.78936
G1 X141.404 Y146.198 E103.82934
G1 X141.965 Y145.124 E103.86964
G1 X142.653 Y144.139 E103.9096
G1 X143.458 Y143.252 E103.94944
G1 X144.379 Y142.467 E103.98969
G1 X145.392 Y141.808 E104.02988
G1 X146.464 Y141.292 E104.06946
G1 X147.62 Y140.908 E104.10997
G1 X148.796 Y140.679 E104.14982
G1 X150 Y140.602 E104.18995
G1 X151.204 Y140.679 E104.23007
G1 X152.38 Y140.908 E104.26992
G1 X153.536 Y141.292 E104.31044
G1 X154.608 Y141.808 E104.35001
G1 X155.621 Y142.467 E104.3902
G1 X156.542 Y143.252 E104.43045
G1 X157.347 Y144.139 E104.47029
G1 X158.035 Y145.124 E104.51025
G1 X158.596 Y146.198 E104.55055
G1 X159.011 Y147.326 E104.59053
G1 X159.279 Y148.501 E104.63061
G1 X159.394 Y149.694 E104.67048
G1 X159.355 Y150.907 E104.71084
G1 X159.165 Y152.083 E104.75046
G1 X158.819 Y153.25 E104.79095
G1 X158.331 Y154.35 E104.83097
G1 X157.709 Y155.378 E104.87094
G1 X156.961 Y156.315 E104.91081
G0 F9000 X157.256 Y156.587
;TYPE:WALL-OUTER
G1 F2042 X156.351 Y157.462 E104.95268
G1 X155.344 Y158.214 E104.99448
G1 X154.252 Y158.83 E105.03618
G1 X153.088 Y159.301 E105.07795
G1 X151.873 Y159.62 E105.11973
G1 X150.631 Y159.779 E105.16137
G1 X150 Y159.8 E105.18237
G1 X149.369 Y159.779 E105.20337
G1 X148.127 Y159.62 E105.24502
G1 X146.912 Y159.301 E105.2868
G1 X145.748 Y158.83 E105.32856
G1 X144.656 Y158.214 E105.37026
G1 X143.649 Y157.462 E105.41206
G1 X142.744 Y156.587 E105.45393
G1 X141.963 Y155.608 E105.49559
G1 X141.312 Y154.532 E105.53741
G1 X140.804 Y153.386 E105.57911
G1 X140.445 Y152.175 E105.62112
G1 X140.246 Y150.945 E105.66256
G1 X140.205 Y149.684 E105.70452
G1 X140.326 Y148.436 E105.74623
G1 X140.604 Y147.215 E105.78788
G1 X141.04 Y146.031 E105.82984
G1 X141.621 Y144.918 E105.8716
G1 X142.339 Y143.889 E105.91333
G1 X143.18 Y142.963 E105.95494
G1 X144.137 Y142.148 E105.99675
G1 X145.194 Y141.46 E106.03869
G1 X146.32 Y140.918 E106.08026
G1 X147.518 Y140.52 E106.12225
G1 X148.741 Y140.282 E106.16369
G1 X150 Y140.201 E106.20565
G1 X151.259 Y140.282 E106.24761
G1 X152.482 Y140.52 E106.28905
G1 X153.68 Y140.918 E106.33103
G1 X154.806 Y141.46 E106.3726
G1 X155.863 Y142.148 E106.41455
G1 X156.82 Y142.963 E106.45635
G1 X157.661 Y143.889 E106.49796
G1 X158.379 Y144.918 E106.53969
G1 X158.96 Y146.031 E106.58145
G1 X159.396 Y147.215 E106.62342
G1 X159.674 Y148.436 E106.66507
G1 X159.795 Y149.684 E106.70677
G1 X159.754 Y150.945 E106.74873
G1 X159.555 Y152.175 E106.79017
G1 X159.196 Y153.386 E106.83218
G1 X158.688 Y154.532 E106.87388
G1 X158.037 Y155.608 E106.91571
G1 X157.256 Y156.587 E106.95736
G0 F9000 X156.931 Y156.292
G0 X156.444 Y155.843
G0 X154.004 Y157.709
G0 X154.112 Y157.901
;TYPE:FILL
G1 F3063 X153.51 Y157.545 E106.98062
G1 X153.304 Y157.357 E106.9899
G0 F9000 X153.401 Y157.555
G0 X151.879 Y158.025
G0 X150.652 Y158.213
G0 X149.348 Y158.213
G0 X148.653 Y158.107
G0 X147.03 Y157.744
G0 X147.097 Y157.535
G1 F3063 X146.888 Y157.872 E107.00309
G1 X146.453 Y158.166 E107.02055
G0 F9000 X146.535 Y157.964
G0 X143.844 Y155.482
G0 X143.414 Y154.917
G0 X142.517 Y153.567
G0 X142.71 Y153.463
G1 F3063 X142.674 Y153.463 E107.02175
G1 X142.072 Y153.056 E107.04592
G1 X141.47 Y152.082 E107.084
G1 X141.277 Y151.808 E107.09515
G0 F9000 X141.494 Y151.774
G0 X141.907 Y148.431
G0 X142.51 Y146.469
G0 X142.709 Y146.559
G1 F3063 X142.674 Y146.509 E107.09718
G1 X142.191 Y145.728 E107.12772
G0 F9000 X142.385 Y145.83
G0 X143.823 Y143.889
G0 X143.66 Y143.741
G1 F3063 X143.878 Y143.69 E107.13517
G1 X144.48 Y143.453 E107.15668
G1 X145.082 Y143.097 E107.17995
G1 X145.684 Y142.546 E107.20709
G1 X146.055 Y142.021 E107.22847
G0 F9000 X146.149 Y142.219
G0 X149.957 Y141.308
G0 X149.944 Y141.089
G1 F3063 X150.5 Y141.597 E107.25352
G1 X150.768 Y141.976 E107.26896
G0 F9000 X150.785 Y141.758
G0 X152.486 Y142.141
G0 X153.149 Y142.407
G0 X154.55 Y143.074
G0 X154.437 Y143.261
G1 F3063 X154.714 Y143.097 E107.27966
G1 X155.128 Y142.718 E107.29833
G0 F9000 X155.008 Y142.901
G0 X157.829 Y146.24
G0 X158.024 Y146.139
G1 F3063 X157.724 Y146.413 E107.31185
G1 X157.419 Y146.845 E107.32944
G0 F9000 X157.62 Y146.755
G0 X158.045 Y148.263
G0 X158.283 Y150.031
G0 X158.063 Y150.023
G1 F3063 X158.326 Y150.085 E107.33842
G1 X158.893 Y150.308 E107.35869
G0 F9000 X158.573 Y150.298
;MESH:NONMESH
G0 F300 X158.573 Y150.298 Z1.6
G0 F9000 X157.524 Y153.366
G0 X157.032 Y154.271
G0 X156.182 Y155.541
G0 X155.975 Y155.324
;TIME_ELAPSED:183.100093
;LAYER:7
;TYPE:WALL-INNER
;MESH:dannypart.STL
G1 F2037.8 X156.718 Y154.35 E107.39943
G1 X157.303 Y153.273 E107.4402
G1 X157.717 Y152.12 E107.48094
G1 X157.951 Y150.918 E107.52167
G1 X157.997 Y149.694 E107.56241
G1 X157.857 Y148.477 E107.60316
G1 X157.533 Y147.294 E107.64395
G1 X157.03 Y146.176 E107.68473
G1 X156.365 Y145.148 E107.72545
G1 X155.549 Y144.233 E107.76622
G1 X154.604 Y143.454 E107.80696
G1 X153.551 Y142.827 E107.84772
G1 X152.415 Y142.37 E107.88845
G1 X151.222 Y142.092 E107.92919
G1 X150 Y141.997 E107.96996
G1 X148.778 Y142.092 E108.01072
G1 X147.585 Y142.37 E108.05146
G1 X146.449 Y142.827 E108.09219
G1 X145.396 Y143.454 E108.13295
G1 X144.451 Y144.233 E108.17369
G1 X143.635 Y145.148 E108.21446
G1 X142.97 Y146.176 E108.25518
G1 X142.467 Y147.294 E108.29596
G1 X142.143 Y148.477 E108.33675
G1 X142.003 Y149.694 E108.3775
G1 X142.049 Y150.918 E108.41824
G1 X142.283 Y152.12 E108.45897
G1 X142.697 Y153.273 E108.49971
G1 X143.282 Y154.35 E108.54048
G1 X144.025 Y155.324 E108.58122
G1 X144.908 Y156.173 E108.62196
G1 X145.91 Y156.879 E108.66273
G1 X147.008 Y157.423 E108.70349
G1 X148.177 Y157.793 E108.74427
G1 X149.369 Y157.976 E108.78438
G1 X150 Y158 E108.80538
G1 X150.631 Y157.976 E108.82639
G1 X151.823 Y157.793 E108.8665
G1 X152.992 Y157.423 E108.90728
G1 X154.09 Y156.879 E108.94804
G1 X155.092 Y156.173 E108.9888
G1 X155.975 Y155.324 E109.02955
G0 F9000 X155.676 Y155.057
G1 F2037.8 X156.381 Y154.132 E109.06823
G1 X156.937 Y153.109 E109.10695
G1 X157.33 Y152.014 E109.14565
G1 X157.552 Y150.872 E109.18434
G1 X157.596 Y149.709 E109.22305
G1 X157.463 Y148.553 E109.26175
G1 X157.155 Y147.43 E109.30048
G1 X156.678 Y146.368 E109.33921
G1 X156.046 Y145.391 E109.37791
G1 X155.271 Y144.522 E109.41664
G1 X154.373 Y143.782 E109.45534
G1 X153.373 Y143.187 E109.49404
G1 X152.294 Y142.753 E109.53272
G1 X151.161 Y142.488 E109.57142
G1 X150 Y142.398 E109.61015
G1 X148.839 Y142.488 E109.64888
G1 X147.706 Y142.753 E109.68758
G1 X146.627 Y143.187 E109.72627
G1 X145.627 Y143.782 E109.76497
G1 X144.729 Y144.522 E109.80367
G1 X143.954 Y145.391 E109.8424
G1 X143.322 Y146.368 E109.8811
G1 X142.845 Y147.43 E109.91982
G1 X142.537 Y148.553 E109.95855
G1 X142.404 Y149.709 E109.99725
G1 X142.448 Y150.872 E110.03596
G1 X142.67 Y152.014 E110.07466
G1 X143.063 Y153.109 E110.11335
G1 X143.619 Y154.132 E110.15208
G1 X144.324 Y155.057 E110.19076
G1 X145.163 Y155.864 E110.22948
G1 X146.115 Y156.534 E110.2682
G1 X147.158 Y157.051 E110.30692
G1 X148.268 Y157.402 E110.34564
G1 X149.407 Y157.577 E110.38397
G1 X150 Y157.6 E110.4037
G1 X150.593 Y157.577 E110.42344
G1 X151.732 Y157.402 E110.46177
G1 X152.842 Y157.051 E110.50049
G1 X153.885 Y156.534 E110.53921
G1 X154.837 Y155.864 E110.57793
G1 X155.676 Y155.057 E110.61665
G0 F9000 X155.376 Y154.79
;TYPE:WALL-OUTER
G1 F2037.8 X156.044 Y153.914 E110.65329
G1 X156.571 Y152.945 E110.68997
G1 X156.943 Y151.908 E110.72662
G1 X157.153 Y150.826 E110.76328
G1 X157.195 Y149.724 E110.79995
G1 X157.069 Y148.629 E110.83661
G1 X156.777 Y147.566 E110.87328
G1 X156.326 Y146.56 E110.90995
G1 X155.727 Y145.634 E110.94663
G1 X154.993 Y144.811 E110.98331
G1 X154.142 Y144.11 E111.01998
G1 X153.195 Y143.547 E111.05662
G1 X152.173 Y143.135 E111.09327
G1 X151.1 Y142.884 E111.12992
G1 X150 Y142.799 E111.16662
G1 X148.9 Y142.884 E111.20331
G1 X147.827 Y143.135 E111.23996
G1 X146.805 Y143.547 E111.27661
G1 X145.858 Y144.11 E111.31326
G1 X145.007 Y144.811 E111.34993
G1 X144.273 Y145.634 E111.38661
G1 X143.674 Y146.56 E111.42329
G1 X143.223 Y147.566 E111.45996
G1 X142.931 Y148.629 E111.49662
G1 X142.805 Y149.724 E111.53328
G1 X142.847 Y150.826 E111.56996
G1 X143.057 Y151.908 E111.60662
G1 X143.429 Y152.945 E111.64326
G1 X143.956 Y153.914 E111.67995
G1 X144.624 Y154.79 E111.71659
G1 X145.418 Y155.555 E111.75326
G1 X146.32 Y156.189 E111.78993
G1 X147.308 Y156.679 E111.82661
G1 X148.359 Y157.011 E111.86327
G1 X149.445 Y157.178 E111.89982
G1 X150 Y157.2 E111.91829
G1 X150.555 Y157.178 E111.93676
G1 X151.641 Y157.011 E111.97331
G1 X152.692 Y156.679 E112.00997
G1 X153.68 Y156.189 E112.04665
G1 X154.582 Y155.555 E112.08332
G1 X155.376 Y154.79 E112.11999
G0 F9000 X155.704 Y155.082
G0 X156.163 Y155.56
G0 X156.444 Y155.843
G0 X156.663 Y156.047
;TYPE:WALL-INNER
G1 F2037.8 X155.821 Y156.86 E112.15892
G1 X154.914 Y157.538 E112.19658
G1 X153.908 Y158.106 E112.23501
G1 X152.836 Y158.539 E112.27346
G1 X151.721 Y158.832 E112.31181
G1 X150.565 Y158.981 E112.35057
G1 X150 Y159 E112.36937
G1 X149.435 Y158.981 E112.38818
G1 X148.279 Y158.832 E112.42694
G1 X147.164 Y158.539 E112.46529
G1 X146.092 Y158.106 E112.50374
G1 X145.086 Y157.538 E112.54217
G1 X144.179 Y156.86 E112.57983
G1 X143.337 Y156.047 E112.61876
G1 X142.616 Y155.143 E112.65722
G1 X142.026 Y154.168 E112.69512
G1 X141.555 Y153.107 E112.73373
G1 X141.227 Y151.998 E112.7722
G1 X141.044 Y150.869 E112.81024
G1 X141.007 Y149.704 E112.84901
G1 X141.116 Y148.567 E112.887
G1 X141.374 Y147.437 E112.92555
G1 X141.768 Y146.365 E112.96353
G1 X142.309 Y145.33 E113.00238
G1 X142.967 Y144.389 E113.04057
G1 X143.74 Y143.536 E113.07885
G1 X144.617 Y142.789 E113.11717
G1 X145.59 Y142.156 E113.15578
G1 X146.608 Y141.666 E113.19336
G1 X147.722 Y141.296 E113.2324
G1 X148.851 Y141.076 E113.27065
G1 X150 Y141.003 E113.30895
G1 X151.149 Y141.076 E113.34724
G1 X152.278 Y141.296 E113.3855
G1 X153.392 Y141.666 E113.42454
G1 X154.41 Y142.156 E113.46212
G1 X155.383 Y142.789 E113.50072
G1 X156.26 Y143.536 E113.53904
G1 X157.033 Y144.389 E113.57733
G1 X157.691 Y145.33 E113.61552
G1 X158.232 Y146.365 E113.65436
G1 X158.626 Y147.437 E113.69235
G1 X158.884 Y148.567 E113.7309
G1 X158.993 Y149.704 E113.76889
G1 X158.956 Y150.869 E113.80766
G1 X158.773 Y151.998 E113.8457
G1 X158.445 Y153.107 E113.88416
G1 X157.974 Y154.168 E113.92277
G1 X157.384 Y155.143 E113.96068
G1 X156.663 Y156.047 E113.99914
G0 F9000 X156.961 Y156.315
G1 F2037.8 X156.086 Y157.161 E114.03962
G1 X155.129 Y157.876 E114.07935
G1 X154.08 Y158.468 E114.11941
G1 X152.962 Y158.92 E114.15952
G1 X151.797 Y159.226 E114.19958
G1 X150.598 Y159.38 E114.23979
G1 X150 Y159.4 E114.25969
G1 X149.402 Y159.38 E114.27959
G1 X148.203 Y159.226 E114.3198
G1 X147.038 Y158.92 E114.35986
G1 X145.92 Y158.468 E114.39997
G1 X144.871 Y157.876 E114.44003
G1 X143.914 Y157.161 E114.47976
G1 X143.039 Y156.315 E114.52024
G1 X142.291 Y155.378 E114.56012
G1 X141.669 Y154.35 E114.60008
G1 X141.181 Y153.25 E114.64011
G1 X140.835 Y152.083 E114.68059
G1 X140.645 Y150.907 E114.72022
G1 X140.606 Y149.694 E114.76058
G1 X140.721 Y148.501 E114.80044
G1 X140.989 Y147.326 E114.84053
G1 X141.404 Y146.198 E114.8805
G1 X141.965 Y145.124 E114.92081
G1 X142.653 Y144.139 E114.96077
G1 X143.458 Y143.252 E115.00061
G1 X144.379 Y142.467 E115.04086
G1 X145.392 Y141.808 E115.08105
G1 X146.464 Y141.292 E115.12062
G1 X147.62 Y140.908 E115.16114
G1 X148.796 Y140.679 E115.20098
G1 X150 Y140.602 E115.24111
G1 X151.204 Y140.679 E115.28124
G1 X152.38 Y140.908 E115.32109
G1 X153.536 Y141.292 E115.3616
G1 X154.608 Y141.808 E115.40117
G1 X155.621 Y142.467 E115.44137
G1 X156.542 Y143.252 E115.48162
G1 X157.347 Y144.139 E115.52146
G1 X158.035 Y145.124 E115.56142
G1 X158.596 Y146.198 E115.60172
G1 X159.011 Y147.326 E115.64169
G1 X159.279 Y148.501 E115.68178
G1 X159.394 Y149.694 E115.72164
G1 X159.355 Y150.907 E115.76201
G1 X159.165 Y152.083 E115.80163
G1 X158.819 Y153.25 E115.84211
G1 X158.331 Y154.35 E115.88214
G1 X157.709 Y155.378 E115.9221
G1 X156.961 Y156.315 E115.96198
G0 F9000 X157.256 Y156.587
;TYPE:WALL-OUTER
G1 F2037.8 X156.351 Y157.462 E116.00385
G1 X155.344 Y158.214 E116.04565
G1 X154.252 Y158.83 E116.08735
G1 X153.088 Y159.301 E116.12911
G1 X151.873 Y159.62 E116.17089
G1 X150.631 Y159.779 E116.21254
G1 X150 Y159.8 E116.23354
G1 X149.369 Y159.779 E116.25454
G1 X148.127 Y159.62 E116.29618
G1 X146.912 Y159.301 E116.33796
G1 X145.748 Y158.83 E116.37973
G1 X144.656 Y158.214 E116.42143
G1 X143.649 Y157.462 E116.46323
G1 X142.744 Y156.587 E116.5051
G1 X141.963 Y155.608 E116.54675
G1 X141.312 Y154.532 E116.58858
G1 X140.804 Y153.386 E116.63027
G1 X140.445 Y152.175 E116.67228
G1 X140.246 Y150.945 E116.71373
G1 X140.205 Y149.684 E116.75569
G1 X140.326 Y148.436 E116.79739
G1 X140.604 Y147.215 E116.83904
G1 X141.04 Y146.031 E116.88101
G1 X141.621 Y144.918 E116.92277
G1 X142.339 Y143.889 E116.9645
G1 X143.18 Y142.963 E117.00611
G1 X144.137 Y142.148 E117.04791
G1 X145.194 Y141.46 E117.08986
G1 X146.32 Y140.918 E117.13142
G1 X147.518 Y140.52 E117.17341
G1 X148.741 Y140.282 E117.21485
G1 X150 Y140.201 E117.25681
G1 X151.259 Y140.282 E117.29877
G1 X152.482 Y140.52 E117.34021
G1 X153.68 Y140.918 E117.3822
G1 X154.806 Y141.46 E117.42376
G1 X155.863 Y142.148 E117.46571
G1 X156.82 Y142.963 E117.50752
G1 X157.661 Y143.889 E117.54913
G1 X158.379 Y144.918 E117.59086
G1 X158.96 Y146.031 E117.63262
G1 X159.396 Y147.215 E117.67458
G1 X159.674 Y148.436 E117.71623
G1 X159.795 Y149.684 E117.75794
G1 X159.754 Y150.945 E117.7999
G1 X159.555 Y152.175 E117.84134
G1 X159.196 Y153.386 E117.88335
G1 X158.688 Y154.532 E117.92504
G1 X158.037 Y155.608 E117.96687
G1 X157.256 Y156.587 E118.00853
G0 F9000 X156.931 Y156.292
G0 X156.444 Y155.843
G0 X154.082 Y157.665
G0 X154.189 Y157.857
;TYPE:FILL
G1 F3056.7 X154.112 Y157.835 E118.01119
G1 X153.51 Y157.54 E118.03349
G1 X153.285 Y157.366 E118.04295
G0 F9000 X153.382 Y157.564
G0 X151.879 Y158.025
G0 X150.652 Y158.213
G0 X149.348 Y158.213
G0 X148.355 Y158.061
G0 X146.801 Y157.654
G0 X146.899 Y157.457
G1 F3056.7 X146.888 Y157.472 E118.04357
G1 X146.286 Y157.946 E118.06905
G1 X146.053 Y157.993 E118.07696
G0 F9000 X146.161 Y157.803
G0 X143.844 Y155.482
G0 X143.229 Y154.674
G0 X142.309 Y153.079
G0 X142.517 Y153.006
G1 F3056.7 X142.072 Y152.656 E118.09579
G1 X141.47 Y151.852 E118.12919
G1 X141.241 Y151.584 E118.14092
G0 F9000 X141.458 Y151.55
G0 X141.907 Y148.431
G0 X142.242 Y147.21
G0 X142.388 Y146.885
G0 X143.969 Y143.734
G0 X143.828 Y143.566
G1 F3056.7 X143.878 Y143.561 E118.14259
G1 X144.48 Y143.387 E118.16343
G1 X145.082 Y143.092 E118.18573
G1 X145.684 Y142.626 E118.21105
G1 X146.286 Y141.923 E118.24183
G1 X146.301 Y141.902 E118.24269
G0 F9000 X146.396 Y142.101
G0 X149.959 Y141.307
G0 X149.946 Y141.088
G1 F3056.7 X150.5 Y141.517 E118.266
G1 X150.902 Y141.987 E118.28657
G0 F9000 X150.919 Y141.769
G0 X152.486 Y142.141
G0 X153.149 Y142.407
G0 X154.519 Y143.055
G0 X154.406 Y143.243
G1 F3056.7 X154.714 Y143.092 E118.29797
G1 X155.165 Y142.743 E118.31694
G0 F9000 X155.045 Y142.926
G0 X157.815 Y146.213
G0 X158.01 Y146.112
G1 F3056.7 X157.724 Y146.333 E118.32896
G1 X157.373 Y146.743 E118.34691
G0 F9000 X157.574 Y146.653
G0 X158.041 Y148.253
G0 X158.277 Y150.196
G0 X158.057 Y150.188
G1 F3056.7 X158.326 Y150.214 E118.3559
G1 X158.891 Y150.377 E118.37546
G0 F9000 X158.571 Y150.367
;MESH:NONMESH
G0 F300 X158.571 Y150.367 Z1.8
G0 F9000 X157.524 Y153.366
G0 X157.032 Y154.271
G0 X156.182 Y155.541
G0 X155.975 Y155.324
;TIME_ELAPSED:195.847346
;LAYER:8
;TYPE:WALL-INNER
;MESH:dannypart.STL
G1 F2042 X156.718 Y154.35 E118.41621
G1 X157.303 Y153.273 E118.45697
G1 X157.717 Y152.12 E118.49772
G1 X157.951 Y150.918 E118.53845
G1 X157.997 Y149.694 E118.57919
G1 X157.857 Y148.477 E118.61993
G1 X157.533 Y147.294 E118.66073
G1 X157.03 Y146.176 E118.7015
G1 X156.365 Y145.148 E118.74222
G1 X155.549 Y144.233 E118.783
G1 X154.604 Y143.454 E118.82373
G1 X153.551 Y142.827 E118.86449
G1 X152.415 Y142.37 E118.90522
G1 X151.222 Y142.092 E118.94596
G1 X150 Y141.997 E118.98673
G1 X148.778 Y142.092 E119.0275
G1 X147.585 Y142.37 E119.06824
G1 X146.449 Y142.827 E119.10896
G1 X145.396 Y143.454 E119.14973
G1 X144.451 Y144.233 E119.19046
G1 X143.635 Y145.148 E119.23124
G1 X142.97 Y146.176 E119.27196
G1 X142.467 Y147.294 E119.31273
G1 X142.143 Y148.477 E119.35353
G1 X142.003 Y149.694 E119.39427
G1 X142.049 Y150.918 E119.43501
G1 X142.283 Y152.12 E119.47574
G1 X142.697 Y153.273 E119.51649
G1 X143.282 Y154.35 E119.55725
G1 X144.025 Y155.324 E119.598
G1 X144.908 Y156.173 E119.63874
G1 X145.91 Y156.879 E119.67951
G1 X147.008 Y157.423 E119.72026
G1 X148.177 Y157.793 E119.76105
G1 X149.369 Y157.976 E119.80116
G1 X150 Y158 E119.82216
G1 X150.631 Y157.976 E119.84316
G1 X151.823 Y157.793 E119.88327
G1 X152.992 Y157.423 E119.92405
G1 X154.09 Y156.879 E119.96481
G1 X155.092 Y156.173 E120.00558
G1 X155.975 Y155.324 E120.04632
G0 F9000 X155.676 Y155.057
G1 F2042 X156.381 Y154.132 E120.085
G1 X156.937 Y153.109 E120.12373
G1 X157.33 Y152.014 E120.16242
G1 X157.552 Y150.872 E120.20112
G1 X157.596 Y149.709 E120.23983
G1 X157.463 Y148.553 E120.27853
G1 X157.155 Y147.43 E120.31726
G1 X156.678 Y146.368 E120.35598
G1 X156.046 Y145.391 E120.39468
G1 X155.271 Y144.522 E120.43341
G1 X154.373 Y143.782 E120.47211
G1 X153.373 Y143.187 E120.51081
G1 X152.294 Y142.753 E120.5495
G1 X151.161 Y142.488 E120.5882
G1 X150 Y142.398 E120.62693
G1 X148.839 Y142.488 E120.66566
G1 X147.706 Y142.753 E120.70436
G1 X146.627 Y143.187 E120.74304
G1 X145.627 Y143.782 E120.78174
G1 X144.729 Y144.522 E120.82045
G1 X143.954 Y145.391 E120.85917
G1 X143.322 Y146.368 E120.89787
G1 X142.845 Y147.43 E120.9366
G1 X142.537 Y148.553 E120.97533
G1 X142.404 Y149.709 E121.01403
G1 X142.448 Y150.872 E121.05274
G1 X142.67 Y152.014 E121.09143
G1 X143.063 Y153.109 E121.13013
G1 X143.619 Y154.132 E121.16885
G1 X144.324 Y155.057 E121.20753
G1 X145.163 Y155.864 E121.24625
G1 X146.115 Y156.534 E121.28497
G1 X147.158 Y157.051 E121.32369
G1 X148.268 Y157.402 E121.36241
G1 X149.407 Y157.577 E121.40074
G1 X150 Y157.6 E121.42048
G1 X150.593 Y157.577 E121.44022
G1 X151.732 Y157.402 E121.47854
G1 X152.842 Y157.051 E121.51726
G1 X153.885 Y156.534 E121.55598
G1 X154.837 Y155.864 E121.5947
G1 X155.676 Y155.057 E121.63342
G0 F9000 X155.376 Y154.79
;TYPE:WALL-OUTER
G1 F2042 X156.044 Y153.914 E121.67006
G1 X156.571 Y152.945 E121.70675
G1 X156.943 Y151.908 E121.74339
G1 X157.153 Y150.826 E121.78005
G1 X157.195 Y149.724 E121.81673
G1 X157.069 Y148.629 E121.85339
G1 X156.777 Y147.566 E121.89005
G1 X156.326 Y146.56 E121.92672
G1 X155.727 Y145.634 E121.9634
G1 X154.993 Y144.811 E122.00008
G1 X154.142 Y144.11 E122.03675
G1 X153.195 Y143.547 E122.0734
G1 X152.173 Y143.135 E122.11005
G1 X151.1 Y142.884 E122.1467
G1 X150 Y142.799 E122.18339
G1 X148.9 Y142.884 E122.22009
G1 X147.827 Y143.135 E122.25674
G1 X146.805 Y143.547 E122.29339
G1 X145.858 Y144.11 E122.33003
G1 X145.007 Y144.811 E122.3667
G1 X144.273 Y145.634 E122.40338
G1 X143.674 Y146.56 E122.44006
G1 X143.223 Y147.566 E122.47673
G1 X142.931 Y148.629 E122.5134
G1 X142.805 Y149.724 E122.55006
G1 X142.847 Y150.826 E122.58673
G1 X143.057 Y151.908 E122.62339
G1 X143.429 Y152.945 E122.66004
G1 X143.956 Y153.914 E122.69672
G1 X144.624 Y154.79 E122.73336
G1 X145.418 Y155.555 E122.77004
G1 X146.32 Y156.189 E122.80671
G1 X147.308 Y156.679 E122.84339
G1 X148.359 Y157.011 E122.88005
G1 X149.445 Y157.178 E122.91659
G1 X150 Y157.2 E122.93506
G1 X150.555 Y157.178 E122.95354
G1 X151.641 Y157.011 E122.99008
G1 X152.692 Y156.679 E123.02674
G1 X153.68 Y156.189 E123.06342
G1 X154.582 Y155.555 E123.10009
G1 X155.376 Y154.79 E123.13676
G0 F9000 X155.704 Y155.082
G0 X156.163 Y155.56
G0 X156.444 Y155.843
G0 X156.663 Y156.047
;TYPE:WALL-INNER
G1 F2042 X155.821 Y156.86 E123.17569
G1 X154.914 Y157.538 E123.21336
G1 X153.908 Y158.106 E123.25178
G1 X152.836 Y158.539 E123.29024
G1 X151.721 Y158.832 E123.32858
G1 X150.565 Y158.981 E123.36735
G1 X150 Y159 E123.38615
G1 X149.435 Y158.981 E123.40495
G1 X148.279 Y158.832 E123.44372
G1 X147.164 Y158.539 E123.48206
G1 X146.092 Y158.106 E123.52052
G1 X145.086 Y157.538 E123.55894
G1 X144.179 Y156.86 E123.5966
G1 X143.337 Y156.047 E123.63553
G1 X142.616 Y155.143 E123.67399
G1 X142.026 Y154.168 E123.7119
G1 X141.555 Y153.107 E123.75051
G1 X141.227 Y151.998 E123.78897
G1 X141.044 Y150.869 E123.82701
G1 X141.007 Y149.704 E123.86578
G1 X141.116 Y148.567 E123.90377
G1 X141.374 Y147.437 E123.94232
G1 X141.768 Y146.365 E123.98031
G1 X142.309 Y145.33 E124.01915
G1 X142.967 Y144.389 E124.05734
G1 X143.74 Y143.536 E124.09563
G1 X144.617 Y142.789 E124.13395
G1 X145.59 Y142.156 E124.17255
G1 X146.608 Y141.666 E124.21013
G1 X147.722 Y141.296 E124.24917
G1 X148.851 Y141.076 E124.28743
G1 X150 Y141.003 E124.32572
G1 X151.149 Y141.076 E124.36401
G1 X152.278 Y141.296 E124.40227
G1 X153.392 Y141.666 E124.44131
G1 X154.41 Y142.156 E124.47889
G1 X155.383 Y142.789 E124.5175
G1 X156.26 Y143.536 E124.55581
G1 X157.033 Y144.389 E124.5941
G1 X157.691 Y145.33 E124.63229
G1 X158.232 Y146.365 E124.67114
G1 X158.626 Y147.437 E124.70912
G1 X158.884 Y148.567 E124.74767
G1 X158.993 Y149.704 E124.78566
G1 X158.956 Y150.869 E124.82443
G1 X158.773 Y151.998 E124.86247
G1 X158.445 Y153.107 E124.90094
G1 X157.974 Y154.168 E124.93955
G1 X157.384 Y155.143 E124.97745
G1 X156.663 Y156.047 E125.01591
G0 F9000 X156.961 Y156.315
G1 F2042 X156.086 Y157.161 E125.05639
G1 X155.129 Y157.876 E125.09612
G1 X154.08 Y158.468 E125.13619
G1 X152.962 Y158.92 E125.17629
G1 X151.797 Y159.226 E125.21636
G1 X150.598 Y159.38 E125.25656
G1 X150 Y159.4 E125.27646
G1 X149.402 Y159.38 E125.29637
G1 X148.203 Y159.226 E125.33657
G1 X147.038 Y158.92 E125.37663
G1 X145.92 Y158.468 E125.41674
G1 X144.871 Y157.876 E125.45681
G1 X143.914 Y157.161 E125.49654
G1 X143.039 Y156.315 E125.53702
G1 X142.291 Y155.378 E125.5769
G1 X141.669 Y154.35 E125.61686
G1 X141.181 Y153.25 E125.65688
G1 X140.835 Y152.083 E125.69737
G1 X140.645 Y150.907 E125.73699
G1 X140.606 Y149.694 E125.77736
G1 X140.721 Y148.501 E125.81722
G1 X140.989 Y147.326 E125.8573
G1 X141.404 Y146.198 E125.89728
G1 X141.965 Y145.124 E125.93758
G1 X142.653 Y144.139 E125.97754
G1 X143.458 Y143.252 E126.01738
G1 X144.379 Y142.467 E126.05763
G1 X145.392 Y141.808 E126.09783
G1 X146.464 Y141.292 E126.1374
G1 X147.62 Y140.908 E126.17791
G1 X148.796 Y140.679 E126.21776
G1 X150 Y140.602 E126.25789
G1 X151.204 Y140.679 E126.29801
G1 X152.38 Y140.908 E126.33786
G1 X153.536 Y141.292 E126.37838
G1 X154.608 Y141.808 E126.41795
G1 X155.621 Y142.467 E126.45814
G1 X156.542 Y143.252 E126.49839
G1 X157.347 Y144.139 E126.53823
G1 X158.035 Y145.124 E126.57819
G1 X158.596 Y146.198 E126.61849
G1 X159.011 Y147.326 E126.65847
G1 X159.279 Y148.501 E126.69855
G1 X159.394 Y149.694 E126.73842
G1 X159.355 Y150.907 E126.77878
G1 X159.165 Y152.083 E126.8184
G1 X158.819 Y153.25 E126.85889
G1 X158.331 Y154.35 E126.89891
G1 X157.709 Y155.378 E126.93888
G1 X156.961 Y156.315 E126.97875
G0 F9000 X157.256 Y156.587
;TYPE:WALL-OUTER
G1 F2042 X156.351 Y157.462 E127.02062
G1 X155.344 Y158.214 E127.06242
G1 X154.252 Y158.83 E127.10412
G1 X153.088 Y159.301 E127.14589
G1 X151.873 Y159.62 E127.18767
G1 X150.631 Y159.779 E127.22931
G1 X150 Y159.8 E127.25031
G1 X149.369 Y159.779 E127.27131
G1 X148.127 Y159.62 E127.31296
G1 X146.912 Y159.301 E127.35474
G1 X145.748 Y158.83 E127.3965
G1 X144.656 Y158.214 E127.4382
G1 X143.649 Y157.462 E127.48001
G1 X142.744 Y156.587 E127.52187
G1 X141.963 Y155.608 E127.56353
G1 X141.312 Y154.532 E127.60536
G1 X140.804 Y153.386 E127.64705
G1 X140.445 Y152.175 E127.68906
G1 X140.246 Y150.945 E127.7305
G1 X140.205 Y149.684 E127.77246
G1 X140.326 Y148.436 E127.81417
G1 X140.604 Y147.215 E127.85582
G1 X141.04 Y146.031 E127.89778
G1 X141.621 Y144.918 E127.93954
G1 X142.339 Y143.889 E127.98127
G1 X143.18 Y142.963 E128.02288
G1 X144.137 Y142.148 E128.06469
G1 X145.194 Y141.46 E128.10664
G1 X146.32 Y140.918 E128.1482
G1 X147.518 Y140.52 E128.19019
G1 X148.741 Y140.282 E128.23163
G1 X150 Y140.201 E128.27359
G1 X151.259 Y140.282 E128.31555
G1 X152.482 Y140.52 E128.35699
G1 X153.68 Y140.918 E128.39898
G1 X154.806 Y141.46 E128.44054
G1 X155.863 Y142.148 E128.48249
G1 X156.82 Y142.963 E128.52429
G1 X157.661 Y143.889 E128.5659
G1 X158.379 Y144.918 E128.60763
G1 X158.96 Y146.031 E128.64939
G1 X159.396 Y147.215 E128.69136
G1 X159.674 Y148.436 E128.73301
G1 X159.795 Y149.684 E128.77471
G1 X159.754 Y150.945 E128.81667
G1 X159.555 Y152.175 E128.85812
G1 X159.196 Y153.386 E128.90013
G1 X158.688 Y154.532 E128.94182
G1 X158.037 Y155.608 E128.98365
G1 X157.256 Y156.587 E129.0253
G0 F9000 X156.931 Y156.292
G0 X156.444 Y155.843
G0 X154.159 Y157.622
G0 X154.266 Y157.814
;TYPE:FILL
G1 F3063 X154.112 Y157.785 E129.03051
G1 X153.51 Y157.551 E129.05199
G1 X153.252 Y157.383 E129.06223
G0 F9000 X153.349 Y157.58
G0 X151.879 Y158.025
G0 X150.652 Y158.213
G0 X149.348 Y158.213
G0 X148.355 Y158.061
G0 X146.587 Y157.548
G0 X146.685 Y157.351
G1 F3063 X146.286 Y157.683 E129.0795
G1 X145.795 Y157.848 E129.09673
G0 F9000 X145.903 Y157.657
G0 X143.844 Y155.482
G0 X143.084 Y154.484
G0 X142.171 Y152.694
G0 X142.378 Y152.621
G1 F3063 X142.072 Y152.366 E129.10998
G1 X141.47 Y151.661 E129.14081
G1 X141.212 Y151.405 E129.1529
G0 F9000 X141.429 Y151.371
G0 X141.859 Y148.725
G0 X142.388 Y146.738
G0 X142.588 Y146.829
G1 F3063 X142.072 Y146.225 E129.17932
G1 X141.974 Y146.143 E129.18357
G0 F9000 X142.168 Y146.245
G0 X144.128 Y143.598
G0 X143.987 Y143.43
G1 F3063 X144.48 Y143.337 E129.20026
G1 X145.082 Y143.103 E129.22174
G1 X145.684 Y142.71 E129.24565
G1 X146.286 Y142.114 E129.27383
G1 X146.581 Y141.768 E129.28895
G0 F9000 X146.675 Y141.967
G0 X149.983 Y141.306
G0 X149.97 Y141.087
G1 F3063 X150.5 Y141.433 E129.31
G1 X151.073 Y142 E129.33681
G0 F9000 X151.09 Y141.782
G0 X152.486 Y142.141
G0 X153.149 Y142.407
G0 X154.499 Y143.043
G0 X154.386 Y143.231
G1 F3063 X154.714 Y143.103 E129.34852
G1 X155.215 Y142.776 E129.36842
G0 F9000 X155.096 Y142.958
G0 X157.795 Y146.176
G0 X157.99 Y146.075
G1 F3063 X157.724 Y146.249 E129.37899
G1 X157.328 Y146.641 E129.39753
G0 F9000 X157.528 Y146.552
G0 X158.036 Y148.243
G0 X158.271 Y150.338
G0 X158.052 Y150.33
G1 F3063 X158.326 Y150.324 E129.40664
G1 X158.889 Y150.431 E129.4257
G0 F9000 X158.569 Y150.421
;MESH:NONMESH
G0 F300 X158.569 Y150.421 Z2
G0 F9000 X157.524 Y153.366
G0 X157.032 Y154.271
G0 X156.182 Y155.541
G0 X155.975 Y155.324
;TIME_ELAPSED:208.766600
;LAYER:9
;TYPE:WALL-INNER
;MESH:dannypart.STL
G1 F2042.6 X156.718 Y154.35 E129.46645
G1 X157.303 Y153.273 E129.50721
G1 X157.717 Y152.12 E129.54796
G1 X157.951 Y150.918 E129.58869
G1 X157.997 Y149.694 E129.62943
G1 X157.857 Y148.477 E129.67017
G1 X157.533 Y147.294 E129.71097
G1 X157.03 Y146.176 E129.75174
G1 X156.365 Y145.148 E129.79246
G1 X155.549 Y144.233 E129.83324
G1 X154.604 Y143.454 E129.87397
G1 X153.551 Y142.827 E129.91473
G1 X152.415 Y142.37 E129.95546
G1 X151.222 Y142.092 E129.9962
G1 X150 Y141.997 E130.03697
G1 X148.778 Y142.092 E130.07774
G1 X147.585 Y142.37 E130.11848
G1 X146.449 Y142.827 E130.1592
G1 X145.396 Y143.454 E130.19997
G1 X144.451 Y144.233 E130.2407
G1 X143.635 Y145.148 E130.28148
G1 X142.97 Y146.176 E130.3222
G1 X142.467 Y147.294 E130.36297
G1 X142.143 Y148.477 E130.40377
G1 X142.003 Y149.694 E130.44451
G1 X142.049 Y150.918 E130.48525
G1 X142.283 Y152.12 E130.52598
G1 X142.697 Y153.273 E130.56673
G1 X143.282 Y154.35 E130.60749
G1 X144.025 Y155.324 E130.64824
G1 X144.908 Y156.173 E130.68898
G1 X145.91 Y156.879 E130.72975
G1 X147.008 Y157.423 E130.7705
G1 X148.177 Y157.793 E130.81129
G1 X149.369 Y157.976 E130.8514
G1 X150 Y158 E130.8724
G1 X150.631 Y157.976 E130.8934
G1 X151.823 Y157.793 E130.93351
G1 X152.992 Y157.423 E130.97429
G1 X154.09 Y156.879 E131.01505
G1 X155.092 Y156.173 E131.05582
G1 X155.975 Y155.324 E131.09656
G0 F9000 X155.676 Y155.057
G1 F2042.6 X156.381 Y154.132 E131.13524
G1 X156.937 Y153.109 E131.17397
G1 X157.33 Y152.014 E131.21266
G1 X157.552 Y150.872 E131.25136
G1 X157.596 Y149.709 E131.29007
G1 X157.463 Y148.553 E131.32877
G1 X157.155 Y147.43 E131.3675
G1 X156.678 Y146.368 E131.40622
G1 X156.046 Y145.391 E131.44492
G1 X155.271 Y144.522 E131.48365
G1 X154.373 Y143.782 E131.52235
G1 X153.373 Y143.187 E131.56105
G1 X152.294 Y142.753 E131.59974
G1 X151.161 Y142.488 E131.63844
G1 X150 Y142.398 E131.67717
G1 X148.839 Y142.488 E131.7159
G1 X147.706 Y142.753 E131.7546
G1 X146.627 Y143.187 E131.79328
G1 X145.627 Y143.782 E131.83198
G1 X144.729 Y144.522 E131.87069
G1 X143.954 Y145.391 E131.90941
G1 X143.322 Y146.368 E131.94811
G1 X142.845 Y147.43 E131.98684
G1 X142.537 Y148.553 E132.02557
G1 X142.404 Y149.709 E132.06427
G1 X142.448 Y150.872 E132.10298
G1 X142.67 Y152.014 E132.14167
G1 X143.063 Y153.109 E132.18037
G1 X143.619 Y154.132 E132.21909
G1 X144.324 Y155.057 E132.25777
G1 X145.163 Y155.864 E132.29649
G1 X146.115 Y156.534 E132.33521
G1 X147.158 Y157.051 E132.37393
G1 X148.268 Y157.402 E132.41265
G1 X149.407 Y157.577 E132.45098
G1 X150 Y157.6 E132.47072
G1 X150.593 Y157.577 E132.49046
G1 X151.732 Y157.402 E132.52878
G1 X152.842 Y157.051 E132.5675
G1 X153.885 Y156.534 E132.60622
G1 X154.837 Y155.864 E132.64494
G1 X155.676 Y155.057 E132.68366
G0 F9000 X155.376 Y154.79
;TYPE:WALL-OUTER
G1 F2042.6 X156.044 Y153.914 E132.7203
G1 X156.571 Y152.945 E132.75699
G1 X156.943 Y151.908 E132.79363
G1 X157.153 Y150.826 E132.83029
G1 X157.195 Y149.724 E132.86697
G1 X157.069 Y148.629 E132.90363
G1 X156.777 Y147.566 E132.94029
G1 X156.326 Y146.56 E132.97696
G1 X155.727 Y145.634 E133.01364
G1 X154.993 Y144.811 E133.05032
G1 X154.142 Y144.11 E133.08699
G1 X153.195 Y143.547 E133.12364
G1 X152.173 Y143.135 E133.16029
G1 X151.1 Y142.884 E133.19694
G1 X150 Y142.799 E133.23363
G1 X148.9 Y142.884 E133.27033
G1 X147.827 Y143.135 E133.30698
G1 X146.805 Y143.547 E133.34363
G1 X145.858 Y144.11 E133.38027
G1 X145.007 Y144.811 E133.41694
G1 X144.273 Y145.634 E133.45362
G1 X143.674 Y146.56 E133.4903
G1 X143.223 Y147.566 E133.52697
G1 X142.931 Y148.629 E133.56364
G1 X142.805 Y149.724 E133.6003
G1 X142.847 Y150.826 E133.63697
G1 X143.057 Y151.908 E133.67363
G1 X143.429 Y152.945 E133.71028
G1 X143.956 Y153.914 E133.74696
G1 X144.624 Y154.79 E133.7836
G1 X145.418 Y155.555 E133.82028
G1 X146.32 Y156.189 E133.85695
G1 X147.308 Y156.679 E133.89363
G1 X148.359 Y157.011 E133.93029
G1 X149.445 Y157.178 E133.96683
G1 X150 Y157.2 E133.9853
G1 X150.555 Y157.178 E134.00378
G1 X151.641 Y157.011 E134.04032
G1 X152.692 Y156.679 E134.07698
G1 X153.68 Y156.189 E134.11366
G1 X154.582 Y155.555 E134.15033
G1 X155.376 Y154.79 E134.187
G0 F9000 X155.704 Y155.082
G0 X156.163 Y155.56
G0 X156.444 Y155.843
G0 X156.663 Y156.047
;TYPE:WALL-INNER
G1 F2042.6 X155.821 Y156.86 E134.22593
G1 X154.914 Y157.538 E134.2636
G1 X153.908 Y158.106 E134.30202
G1 X152.836 Y158.539 E134.34048
G1 X151.721 Y158.832 E134.37882
G1 X150.565 Y158.981 E134.41759
G1 X150 Y159 E134.43639
G1 X149.435 Y158.981 E134.45519
G1 X148.279 Y158.832 E134.49396
G1 X147.164 Y158.539 E134.5323
G1 X146.092 Y158.106 E134.57076
G1 X145.086 Y157.538 E134.60918
G1 X144.179 Y156.86 E134.64684
G1 X143.337 Y156.047 E134.68577
G1 X142.616 Y155.143 E134.72423
G1 X142.026 Y154.168 E134.76214
G1 X141.555 Y153.107 E134.80075
G1 X141.227 Y151.998 E134.83921
G1 X141.044 Y150.869 E134.87725
G1 X141.007 Y149.704 E134.91602
G1 X141.116 Y148.567 E134.95401
G1 X141.374 Y147.437 E134.99256
G1 X141.768 Y146.365 E135.03055
G1 X142.309 Y145.33 E135.06939
G1 X142.967 Y144.389 E135.10758
G1 X143.74 Y143.536 E135.14587
G1 X144.617 Y142.789 E135.18418
G1 X145.59 Y142.156 E135.22279
G1 X146.608 Y141.666 E135.26037
G1 X147.722 Y141.296 E135.29941
G1 X148.851 Y141.076 E135.33767
G1 X150 Y141.003 E135.37596
G1 X151.149 Y141.076 E135.41425
G1 X152.278 Y141.296 E135.45251
G1 X153.392 Y141.666 E135.49155
G1 X154.41 Y142.156 E135.52913
G1 X155.383 Y142.789 E135.56774
G1 X156.26 Y143.536 E135.60605
G1 X157.033 Y144.389 E135.64434
G1 X157.691 Y145.33 E135.68253
G1 X158.232 Y146.365 E135.72138
G1 X158.626 Y147.437 E135.75936
G1 X158.884 Y148.567 E135.79791
G1 X158.993 Y149.704 E135.8359
G1 X158.956 Y150.869 E135.87467
G1 X158.773 Y151.998 E135.91271
G1 X158.445 Y153.107 E135.95118
G1 X157.974 Y154.168 E135.98979
G1 X157.384 Y155.143 E136.02769
G1 X156.663 Y156.047 E136.06615
G0 F9000 X156.961 Y156.315
G1 F2042.6 X156.086 Y157.161 E136.10663
G1 X155.129 Y157.876 E136.14636
G1 X154.08 Y158.468 E136.18643
G1 X152.962 Y158.92 E136.22653
G1 X151.797 Y159.226 E136.2666
G1 X150.598 Y159.38 E136.3068
G1 X150 Y159.4 E136.3267
G1 X149.402 Y159.38 E136.3466
G1 X148.203 Y159.226 E136.38681
G1 X147.038 Y158.92 E136.42687
G1 X145.92 Y158.468 E136.46698
G1 X144.871 Y157.876 E136.50705
G1 X143.914 Y157.161 E136.54678
G1 X143.039 Y156.315 E136.58726
G1 X142.291 Y155.378 E136.62714
G1 X141.669 Y154.35 E136.6671
G1 X141.181 Y153.25 E136.70712
G1 X140.835 Y152.083 E136.74761
G1 X140.645 Y150.907 E136.78723
G1 X140.606 Y149.694 E136.82759
G1 X140.721 Y148.501 E136.86746
G1 X140.989 Y147.326 E136.90754
G1 X141.404 Y146.198 E136.94752
G1 X141.965 Y145.124 E136.98782
G1 X142.653 Y144.139 E137.02778
G1 X143.458 Y143.252 E137.06762
G1 X144.379 Y142.467 E137.10787
G1 X145.392 Y141.808 E137.14807
G1 X146.464 Y141.292 E137.18764
G1 X147.62 Y140.908 E137.22815
G1 X148.796 Y140.679 E137.268
G1 X150 Y140.602 E137.30813
G1 X151.204 Y140.679 E137.34825
G1 X152.38 Y140.908 E137.3881
G1 X153.536 Y141.292 E137.42862
G1 X154.608 Y141.808 E137.46819
G1 X155.621 Y142.467 E137.50838
G1 X156.542 Y143.252 E137.54863
G1 X157.347 Y144.139 E137.58847
G1 X158.035 Y145.124 E137.62843
G1 X158.596 Y146.198 E137.66873
G1 X159.011 Y147.326 E137.70871
G1 X159.279 Y148.501 E137.74879
G1 X159.394 Y149.694 E137.78866
G1 X159.355 Y150.907 E137.82902
G1 X159.165 Y152.083 E137.86864
G1 X158.819 Y153.25 E137.90913
G1 X158.331 Y154.35 E137.94915
G1 X157.709 Y155.378 E137.98912
G1 X156.961 Y156.315 E138.02899
G0 F9000 X157.256 Y156.587
;TYPE:WALL-OUTER
G1 F2042.6 X156.351 Y157.462 E138.07086
G1 X155.344 Y158.214 E138.11266
G1 X154.252 Y158.83 E138.15436
G1 X153.088 Y159.301 E138.19613
G1 X151.873 Y159.62 E138.23791
G1 X150.631 Y159.779 E138.27955
G1 X150 Y159.8 E138.30055
G1 X149.369 Y159.779 E138.32155
G1 X148.127 Y159.62 E138.3632
G1 X146.912 Y159.301 E138.40498
G1 X145.748 Y158.83 E138.44674
G1 X144.656 Y158.214 E138.48844
G1 X143.649 Y157.462 E138.53024
G1 X142.744 Y156.587 E138.57211
G1 X141.963 Y155.608 E138.61377
G1 X141.312 Y154.532 E138.6556
G1 X140.804 Y153.386 E138.69729
G1 X140.445 Y152.175 E138.7393
G1 X140.246 Y150.945 E138.78074
G1 X140.205 Y149.684 E138.8227
G1 X140.326 Y148.436 E138.86441
G1 X140.604 Y147.215 E138.90606
G1 X141.04 Y146.031 E138.94802
G1 X141.621 Y144.918 E138.98978
G1 X142.339 Y143.889 E139.03151
G1 X143.18 Y142.963 E139.07312
G1 X144.137 Y142.148 E139.11493
G1 X145.194 Y141.46 E139.15687
G1 X146.32 Y140.918 E139.19844
G1 X147.518 Y140.52 E139.24043
G1 X148.741 Y140.282 E139.28187
G1 X150 Y140.201 E139.32383
G1 X151.259 Y140.282 E139.36579
G1 X152.482 Y140.52 E139.40723
G1 X153.68 Y140.918 E139.44922
G1 X154.806 Y141.46 E139.49078
G1 X155.863 Y142.148 E139.53273
G1 X156.82 Y142.963 E139.57453
G1 X157.661 Y143.889 E139.61614
G1 X158.379 Y144.918 E139.65787
G1 X158.96 Y146.031 E139.69963
G1 X159.396 Y147.215 E139.7416
G1 X159.674 Y148.436 E139.78325
G1 X159.795 Y149.684 E139.82495
G1 X159.754 Y150.945 E139.86691
G1 X159.555 Y152.175 E139.90835
G1 X159.196 Y153.386 E139.95037
G1 X158.688 Y154.532 E139.99206
G1 X158.037 Y155.608 E140.03389
G1 X157.256 Y156.587 E140.07554
G0 F9000 X156.931 Y156.292
G0 X156.444 Y155.843
G0 X154.233 Y157.58
G0 X154.341 Y157.772
;TYPE:FILL
G1 F3064 X154.112 Y157.751 E140.08319
G1 X153.51 Y157.575 E140.10405
G1 X153.201 Y157.408 E140.11573
G0 F9000 X153.298 Y157.606
G0 X151.879 Y158.025
G0 X150.652 Y158.213
G0 X149.348 Y158.213
G0 X148.355 Y158.061
G0 X146.415 Y157.463
G0 X146.513 Y157.266
G1 F3064 X146.286 Y157.461 E140.12569
G1 X145.684 Y157.728 E140.14759
G1 X145.601 Y157.739 E140.15037
G0 F9000 X145.709 Y157.548
G0 X143.844 Y155.482
G0 X143.084 Y154.484
G0 X142.74 Y153.851
G0 X142.051 Y152.361
G0 X142.259 Y152.288
G1 F3064 X142.072 Y152.127 E140.15858
G1 X141.47 Y151.487 E140.1878
G1 X141.186 Y151.244 E140.20024
G0 F9000 X141.403 Y151.21
G0 X141.81 Y148.96
G0 X142.332 Y146.862
G0 X142.532 Y146.953
G1 F3064 X142.072 Y146.464 E140.22257
G1 X141.889 Y146.306 E140.23061
G0 F9000 X142.083 Y146.408
G0 X144.236 Y143.506
G0 X144.095 Y143.338
G1 F3064 X144.48 Y143.303 E140.24346
G1 X145.082 Y143.127 E140.26433
G1 X145.684 Y142.802 E140.28708
G1 X146.286 Y142.288 E140.31341
G1 X146.874 Y141.663 E140.34195
G0 F9000 X146.942 Y141.871
G0 X150.015 Y141.305
G0 X150.029 Y141.087
G1 F3064 X150.5 Y141.341 E140.35975
G1 X151.102 Y141.855 E140.38608
G1 X151.256 Y142.018 E140.39353
G0 F9000 X151.306 Y141.805
G0 X152.486 Y142.141
G0 X153.149 Y142.407
G0 X154.49 Y143.038
G0 X154.377 Y143.225
G1 F3064 X154.714 Y143.127 E140.40521
G1 X155.283 Y142.82 E140.42671
G0 F9000 X155.163 Y143.003
G0 X157.77 Y146.128
G0 X157.965 Y146.027
G1 F3064 X157.724 Y146.157 E140.43582
G1 X157.28 Y146.536 E140.45523
G0 F9000 X157.481 Y146.446
G0 X157.758 Y147.21
G0 X158.093 Y148.431
G0 X158.267 Y150.461
G0 X158.047 Y150.453
G1 F3064 X158.326 Y150.417 E140.46459
G1 X158.888 Y150.468 E140.48336
G0 F9000 X158.567 Y150.458
;MESH:NONMESH
G0 F300 X158.567 Y150.458 Z2.2
G0 F9000 X157.524 Y153.366
G0 X157.032 Y154.271
G0 X156.182 Y155.541
G0 X155.975 Y155.324
;TIME_ELAPSED:221.681377
;LAYER:10
;TYPE:WALL-INNER
;MESH:dannypart.STL
G1 F2044.4 X156.718 Y154.35 E140.5241
G1 X157.303 Y153.273 E140.56487
G1 X157.717 Y152.12 E140.60562
G1 X157.951 Y150.918 E140.64634
G1 X157.997 Y149.694 E140.68708
G1 X157.857 Y148.477 E140.72783
G1 X157.533 Y147.294 E140.76862
G1 X157.03 Y146.176 E140.8094
G1 X156.365 Y145.148 E140.85012
G1 X155.549 Y144.233 E140.8909
G1 X154.604 Y143.454 E140.93163
G1 X153.551 Y142.827 E140.97239
G1 X152.415 Y142.37 E141.01312
G1 X151.222 Y142.092 E141.05386
G1 X150 Y141.997 E141.09463
G1 X148.778 Y142.092 E141.13539
G1 X147.585 Y142.37 E141.17614
G1 X146.449 Y142.827 E141.21686
G1 X145.396 Y143.454 E141.25762
G1 X144.451 Y144.233 E141.29836
G1 X143.635 Y145.148 E141.33913
G1 X142.97 Y146.176 E141.37986
G1 X142.467 Y147.294 E141.42063
G1 X142.143 Y148.477 E141.46143
G1 X142.003 Y149.694 E141.50217
G1 X142.049 Y150.918 E141.54291
G1 X142.283 Y152.12 E141.58364
G1 X142.697 Y153.273 E141.62439
G1 X143.282 Y154.35 E141.66515
G1 X144.025 Y155.324 E141.7059
G1 X144.908 Y156.173 E141.74664
G1 X145.91 Y156.879 E141.78741
G1 X147.008 Y157.423 E141.82816
G1 X148.177 Y157.793 E141.86894
G1 X149.369 Y157.976 E141.90905
G1 X150 Y158 E141.93006
G1 X150.631 Y157.976 E141.95106
G1 X151.823 Y157.793 E141.99117
G1 X152.992 Y157.423 E142.03195
G1 X154.09 Y156.879 E142.07271
G1 X155.092 Y156.173 E142.11348
G1 X155.975 Y155.324 E142.15422
G0 F9000 X155.676 Y155.057
G1 F2044.4 X156.381 Y154.132 E142.1929
G1 X156.937 Y153.109 E142.23163
G1 X157.33 Y152.014 E142.27032
G1 X157.552 Y150.872 E142.30902
G1 X157.596 Y149.709 E142.34772
G1 X157.463 Y148.553 E142.38643
G1 X157.155 Y147.43 E142.42516
G1 X156.678 Y146.368 E142.46388
G1 X156.046 Y145.391 E142.50258
G1 X155.271 Y144.522 E142.54131
G1 X154.373 Y143.782 E142.58001
G1 X153.373 Y143.187 E142.61871
G1 X152.294 Y142.753 E142.65739
G1 X151.161 Y142.488 E142.69609
G1 X150 Y142.398 E142.73483
G1 X148.839 Y142.488 E142.77356
G1 X147.706 Y142.753 E142.81226
G1 X146.627 Y143.187 E142.85094
G1 X145.627 Y143.782 E142.88964
G1 X144.729 Y144.522 E142.92834
G1 X143.954 Y145.391 E142.96707
G1 X143.322 Y146.368 E143.00577
G1 X142.845 Y147.43 E143.04449
G1 X142.537 Y148.553 E143.08322
G1 X142.404 Y149.709 E143.12193
G1 X142.448 Y150.872 E143.16064
G1 X142.67 Y152.014 E143.19933
G1 X143.063 Y153.109 E143.23802
G1 X143.619 Y154.132 E143.27675
G1 X144.324 Y155.057 E143.31543
G1 X145.163 Y155.864 E143.35415
G1 X146.115 Y156.534 E143.39287
G1 X147.158 Y157.051 E143.43159
G1 X148.268 Y157.402 E143.47031
G1 X149.407 Y157.577 E143.50864
G1 X150 Y157.6 E143.52838
G1 X150.593 Y157.577 E143.54811
G1 X151.732 Y157.402 E143.58644
G1 X152.842 Y157.051 E143.62516
G1 X153.885 Y156.534 E143.66388
G1 X154.837 Y155.864 E143.7026
G1 X155.676 Y155.057 E143.74132
G0 F9000 X155.376 Y154.79
;TYPE:WALL-OUTER
G1 F2044.4 X156.044 Y153.914 E143.77796
G1 X156.571 Y152.945 E143.81465
G1 X156.943 Y151.908 E143.85129
G1 X157.153 Y150.826 E143.88795
G1 X157.195 Y149.724 E143.92463
G1 X157.069 Y148.629 E143.96129
G1 X156.777 Y147.566 E143.99795
G1 X156.326 Y146.56 E144.03462
G1 X155.727 Y145.634 E144.0713
G1 X154.993 Y144.811 E144.10798
G1 X154.142 Y144.11 E144.14465
G1 X153.195 Y143.547 E144.18129
G1 X152.173 Y143.135 E144.21794
G1 X151.1 Y142.884 E144.2546
G1 X150 Y142.799 E144.29129
G1 X148.9 Y142.884 E144.32799
G1 X147.827 Y143.135 E144.36464
G1 X146.805 Y143.547 E144.40129
G1 X145.858 Y144.11 E144.43793
G1 X145.007 Y144.811 E144.4746
G1 X144.273 Y145.634 E144.51128
G1 X143.674 Y146.56 E144.54796
G1 X143.223 Y147.566 E144.58463
G1 X142.931 Y148.629 E144.62129
G1 X142.805 Y149.724 E144.65795
G1 X142.847 Y150.826 E144.69463
G1 X143.057 Y151.908 E144.73129
G1 X143.429 Y152.945 E144.76793
G1 X143.956 Y153.914 E144.80462
G1 X144.624 Y154.79 E144.84126
G1 X145.418 Y155.555 E144.87793
G1 X146.32 Y156.189 E144.9146
G1 X147.308 Y156.679 E144.95128
G1 X148.359 Y157.011 E144.98794
G1 X149.445 Y157.178 E145.02449
G1 X150 Y157.2 E145.04296
G1 X150.555 Y157.178 E145.06144
G1 X151.641 Y157.011 E145.09798
G1 X152.692 Y156.679 E145.13464
G1 X153.68 Y156.189 E145.17132
G1 X154.582 Y155.555 E145.20799
G1 X155.376 Y154.79 E145.24466
G0 F9000 X155.704 Y155.082
G0 X156.163 Y155.56
G0 X156.444 Y155.843
G0 X156.663 Y156.047
;TYPE:WALL-INNER
G1 F2044.4 X155.821 Y156.86 E145.28359
G1 X154.914 Y157.538 E145.32126
G1 X153.908 Y158.106 E145.35968
G1 X152.836 Y158.539 E145.39813
G1 X151.721 Y158.832 E145.43648
G1 X150.565 Y158.981 E145.47524
G1 X150 Y159 E145.49405
G1 X149.435 Y158.981 E145.51285
G1 X148.279 Y158.832 E145.55162
G1 X147.164 Y158.539 E145.58996
G1 X146.092 Y158.106 E145.62841
G1 X145.086 Y157.538 E145.66684
G1 X144.179 Y156.86 E145.7045
G1 X143.337 Y156.047 E145.74343
G1 X142.616 Y155.143 E145.78189
G1 X142.026 Y154.168 E145.81979
G1 X141.555 Y153.107 E145.8584
G1 X141.227 Y151.998 E145.89687
G1 X141.044 Y150.869 E145.93491
G1 X141.007 Y149.704 E145.97368
G1 X141.116 Y148.567 E146.01167
G1 X141.374 Y147.437 E146.05022
G1 X141.768 Y146.365 E146.08821
G1 X142.309 Y145.33 E146.12705
G1 X142.967 Y144.389 E146.16524
G1 X143.74 Y143.536 E146.20353
G1 X144.617 Y142.789 E146.24184
G1 X145.59 Y142.156 E146.28045
G1 X146.608 Y141.666 E146.31803
G1 X147.722 Y141.296 E146.35707
G1 X148.851 Y141.076 E146.39533
G1 X150 Y141.003 E146.43362
G1 X151.149 Y141.076 E146.47191
G1 X152.278 Y141.296 E146.51017
G1 X153.392 Y141.666 E146.54921
G1 X154.41 Y142.156 E146.58679
G1 X155.383 Y142.789 E146.6254
G1 X156.26 Y143.536 E146.66371
G1 X157.033 Y144.389 E146.702
G1 X157.691 Y145.33 E146.74019
G1 X158.232 Y146.365 E146.77903
G1 X158.626 Y147.437 E146.81702
G1 X158.884 Y148.567 E146.85557
G1 X158.993 Y149.704 E146.89356
G1 X158.956 Y150.869 E146.93233
G1 X158.773 Y151.998 E146.97037
G1 X158.445 Y153.107 E147.00884
G1 X157.974 Y154.168 E147.04745
G1 X157.384 Y155.143 E147.08535
G1 X156.663 Y156.047 E147.12381
G0 F9000 X156.961 Y156.315
G1 F2044.4 X156.086 Y157.161 E147.16429
G1 X155.129 Y157.876 E147.20402
G1 X154.08 Y158.468 E147.24408
G1 X152.962 Y158.92 E147.28419
G1 X151.797 Y159.226 E147.32426
G1 X150.598 Y159.38 E147.36446
G1 X150 Y159.4 E147.38436
G1 X149.402 Y159.38 E147.40426
G1 X148.203 Y159.226 E147.44447
G1 X147.038 Y158.92 E147.48453
G1 X145.92 Y158.468 E147.52464
G1 X144.871 Y157.876 E147.5647
G1 X143.914 Y157.161 E147.60444
G1 X143.039 Y156.315 E147.64492
G1 X142.291 Y155.378 E147.68479
G1 X141.669 Y154.35 E147.72476
G1 X141.181 Y153.25 E147.76478
G1 X140.835 Y152.083 E147.80527
G1 X140.645 Y150.907 E147.84489
G1 X140.606 Y149.694 E147.88525
G1 X140.721 Y148.501 E147.92512
G1 X140.989 Y147.326 E147.9652
G1 X141.404 Y146.198 E148.00518
G1 X141.965 Y145.124 E148.04548
G1 X142.653 Y144.139 E148.08544
G1 X143.458 Y143.252 E148.12528
G1 X144.379 Y142.467 E148.16553
G1 X145.392 Y141.808 E148.20572
G1 X146.464 Y141.292 E148.24529
G1 X147.62 Y140.908 E148.28581
G1 X148.796 Y140.679 E148.32566
G1 X150 Y140.602 E148.36578
G1 X151.204 Y140.679 E148.40591
G1 X152.38 Y140.908 E148.44576
G1 X153.536 Y141.292 E148.48627
G1 X154.608 Y141.808 E148.52584
G1 X155.621 Y142.467 E148.56604
G1 X156.542 Y143.252 E148.60629
G1 X157.347 Y144.139 E148.64613
G1 X158.035 Y145.124 E148.68609
G1 X158.596 Y146.198 E148.72639
G1 X159.011 Y147.326 E148.76637
G1 X159.279 Y148.501 E148.80645
G1 X159.394 Y149.694 E148.84632
G1 X159.355 Y150.907 E148.88668
G1 X159.165 Y152.083 E148.9263
G1 X158.819 Y153.25 E148.96679
G1 X158.331 Y154.35 E149.00681
G1 X157.709 Y155.378 E149.04677
G1 X156.961 Y156.315 E149.08665
G0 F9000 X157.256 Y156.587
;TYPE:WALL-OUTER
G1 F2044.4 X156.351 Y157.462 E149.12852
G1 X155.344 Y158.214 E149.17032
G1 X154.252 Y158.83 E149.21202
G1 X153.088 Y159.301 E149.25379
G1 X151.873 Y159.62 E149.29557
G1 X150.631 Y159.779 E149.33721
G1 X150 Y159.8 E149.35821
G1 X149.369 Y159.779 E149.37921
G1 X148.127 Y159.62 E149.42086
G1 X146.912 Y159.301 E149.46264
G1 X145.748 Y158.83 E149.5044
G1 X144.656 Y158.214 E149.5461
G1 X143.649 Y157.462 E149.5879
G1 X142.744 Y156.587 E149.62977
G1 X141.963 Y155.608 E149.67143
G1 X141.312 Y154.532 E149.71325
G1 X140.804 Y153.386 E149.75495
G1 X140.445 Y152.175 E149.79696
G1 X140.246 Y150.945 E149.8384
G1 X140.205 Y149.684 E149.88036
G1 X140.326 Y148.436 E149.92207
G1 X140.604 Y147.215 E149.96372
G1 X141.04 Y146.031 E150.00568
G1 X141.621 Y144.918 E150.04744
G1 X142.339 Y143.889 E150.08917
G1 X143.18 Y142.963 E150.13078
G1 X144.137 Y142.148 E150.17259
G1 X145.194 Y141.46 E150.21453
G1 X146.32 Y140.918 E150.2561
G1 X147.518 Y140.52 E150.29808
G1 X148.741 Y140.282 E150.33952
G1 X150 Y140.201 E150.38149
G1 X151.259 Y140.282 E150.42345
G1 X152.482 Y140.52 E150.46489
G1 X153.68 Y140.918 E150.50687
G1 X154.806 Y141.46 E150.54844
G1 X155.863 Y142.148 E150.59038
G1 X156.82 Y142.963 E150.63219
G1 X157.661 Y143.889 E150.6738
G1 X158.379 Y144.918 E150.71553
G1 X158.96 Y146.031 E150.75729
G1 X159.396 Y147.215 E150.79925
G1 X159.674 Y148.436 E150.8409
G1 X159.795 Y149.684 E150.88261
G1 X159.754 Y150.945 E150.92457
G1 X159.555 Y152.175 E150.96601
G1 X159.196 Y153.386 E151.00802
G1 X158.688 Y154.532 E151.04972
G1 X158.037 Y155.608 E151.09155
G1 X157.256 Y156.587 E151.1332
G0 F9000 X156.931 Y156.292
G0 X156.444 Y155.843
G0 X154.308 Y157.538
G0 X154.415 Y157.73
;TYPE:FILL
G1 F3066.6 X154.112 Y157.731 E151.14328
G1 X153.51 Y157.611 E151.16369
G1 X153.127 Y157.444 E151.17759
G0 F9000 X153.224 Y157.642
G0 X151.879 Y158.025
G0 X150.652 Y158.213
G0 X149.348 Y158.213
G0 X148.244 Y158.044
G0 X146.268 Y157.39
G0 X146.366 Y157.194
G1 F3066.6 X146.286 Y157.265 E151.18115
G1 X145.684 Y157.59 E151.2039
G1 X145.437 Y157.647 E151.21233
G0 F9000 X145.546 Y157.456
G0 X143.844 Y155.482
G0 X143.084 Y154.484
G0 X142.592 Y153.579
G0 X141.964 Y152.051
G0 X142.181 Y152.01
G1 F3066.6 X142.072 Y151.913 E151.21719
G1 X141.47 Y151.319 E151.24531
G1 X141.161 Y151.09 E151.25811
G0 F9000 X141.378 Y151.056
G0 X141.677 Y149.569
G0 X142.276 Y146.986
G0 X142.476 Y147.077
G1 F3066.6 X142.072 Y146.678 E151.27699
G1 X141.821 Y146.454 E151.28818
G0 F9000 X142.026 Y146.53
G0 X144.302 Y143.45
G0 X144.161 Y143.282
G1 F3066.6 X144.48 Y143.283 E151.29879
G1 X145.082 Y143.163 E151.31921
G1 X145.684 Y142.901 E151.34104
G1 X146.286 Y142.456 E151.36594
G1 X146.888 Y141.862 E151.39407
G1 X147.253 Y141.537 E151.41033
G0 F9000 X147.321 Y141.745
G0 X150.149 Y141.313
G0 X150.163 Y141.095
G1 F3066.6 X150.5 Y141.242 E151.42256
G1 X151.102 Y141.687 E151.44746
G1 X151.494 Y142.074 E151.46578
G0 F9000 X151.544 Y141.861
G0 X152.486 Y142.141
G0 X153.149 Y142.407
G0 X154.496 Y143.042
G0 X154.383 Y143.229
G1 F3066.6 X154.714 Y143.163 E151.477
G1 X155.316 Y142.901 E151.49884
G1 X155.357 Y142.871 E151.50053
G0 F9000 X155.215 Y143.038
G0 X157.43 Y146.334
G0 X157.229 Y146.424
G1 F3066.6 X157.724 Y146.058 E151.521
G1 X157.934 Y145.967 E151.52862
G0 F9000 X157.739 Y146.068
G0 X158.185 Y149.324
G0 X158.263 Y150.567
G0 X158.043 Y150.559
G1 F3066.6 X158.326 Y150.494 E151.53827
G1 X158.887 Y150.492 E151.55693
G0 F9000 X158.566 Y150.482
;MESH:NONMESH
G0 F300 X158.566 Y150.482 Z2.4
G0 F9000 X157.524 Y153.366
G0 X157.032 Y154.271
G0 X156.182 Y155.541
G0 X155.975 Y155.324
;TIME_ELAPSED:234.593957
;LAYER:11
;TYPE:WALL-INNER
;MESH:dannypart.STL
G1 F2045.7 X156.718 Y154.35 E151.59768
G1 X157.303 Y153.273 E151.63844
G1 X157.717 Y152.12 E151.67919
G1 X157.951 Y150.918 E151.71992
G1 X157.997 Y149.694 E151.76066
G1 X157.857 Y148.477 E151.8014
G1 X157.533 Y147.294 E151.8422
G1 X157.03 Y146.176 E151.88297
G1 X156.365 Y145.148 E151.92369
G1 X155.549 Y144.233 E151.96447
G1 X154.604 Y143.454 E152.0052
G1 X153.551 Y142.827 E152.04597
G1 X152.415 Y142.37 E152.08669
G1 X151.222 Y142.092 E152.12743
G1 X150 Y141.997 E152.1682
G1 X148.778 Y142.092 E152.20897
G1 X147.585 Y142.37 E152.24971
G1 X146.449 Y142.827 E152.29044
G1 X145.396 Y143.454 E152.3312
G1 X144.451 Y144.233 E152.37193
G1 X143.635 Y145.148 E152.41271
G1 X142.97 Y146.176 E152.45343
G1 X142.467 Y147.294 E152.49421
G1 X142.143 Y148.477 E152.535
G1 X142.003 Y149.694 E152.57575
G1 X142.049 Y150.918 E152.61648
G1 X142.283 Y152.12 E152.65721
G1 X142.697 Y153.273 E152.69796
G1 X143.282 Y154.35 E152.73872
G1 X144.025 Y155.324 E152.77947
G1 X144.908 Y156.173 E152.82021
G1 X145.91 Y156.879 E152.86098
G1 X147.008 Y157.423 E152.90174
G1 X148.177 Y157.793 E152.94252
G1 X149.369 Y157.976 E152.98263
G1 X150 Y158 E153.00363
G1 X150.631 Y157.976 E153.02463
G1 X151.823 Y157.793 E153.06474
G1 X152.992 Y157.423 E153.10553
G1 X154.09 Y156.879 E153.14628
G1 X155.092 Y156.173 E153.18705
G1 X155.975 Y155.324 E153.22779
G0 F9000 X155.676 Y155.057
G1 F2045.7 X156.381 Y154.132 E153.26647
G1 X156.937 Y153.109 E153.3052
G1 X157.33 Y152.014 E153.34389
G1 X157.552 Y150.872 E153.38259
G1 X157.596 Y149.709 E153.4213
G1 X157.463 Y148.553 E153.46
G1 X157.155 Y147.43 E153.49873
G1 X156.678 Y146.368 E153.53745
G1 X156.046 Y145.391 E153.57615
G1 X155.271 Y144.522 E153.61488
G1 X154.373 Y143.782 E153.65358
G1 X153.373 Y143.187 E153.69229
G1 X152.294 Y142.753 E153.73097
G1 X151.161 Y142.488 E153.76967
G1 X150 Y142.398 E153.8084
G1 X148.839 Y142.488 E153.84713
G1 X147.706 Y142.753 E153.88583
G1 X146.627 Y143.187 E153.92451
G1 X145.627 Y143.782 E153.96322
G1 X144.729 Y144.522 E154.00192
G1 X143.954 Y145.391 E154.04064
G1 X143.322 Y146.368 E154.07935
G1 X142.845 Y147.43 E154.11807
G1 X142.537 Y148.553 E154.1568
G1 X142.404 Y149.709 E154.1955
G1 X142.448 Y150.872 E154.23421
G1 X142.67 Y152.014 E154.2729
G1 X143.063 Y153.109 E154.3116
G1 X143.619 Y154.132 E154.35032
G1 X144.324 Y155.057 E154.38901
G1 X145.163 Y155.864 E154.42773
G1 X146.115 Y156.534 E154.46644
G1 X147.158 Y157.051 E154.50516
G1 X148.268 Y157.402 E154.54388
G1 X149.407 Y157.577 E154.58221
G1 X150 Y157.6 E154.60195
G1 X150.593 Y157.577 E154.62169
G1 X151.732 Y157.402 E154.66002
G1 X152.842 Y157.051 E154.69874
G1 X153.885 Y156.534 E154.73745
G1 X154.837 Y155.864 E154.77617
G1 X155.676 Y155.057 E154.81489
G0 F9000 X155.376 Y154.79
;TYPE:WALL-OUTER
G1 F2045.7 X156.044 Y153.914 E154.85153
G1 X156.571 Y152.945 E154.88822
G1 X156.943 Y151.908 E154.92486
G1 X157.153 Y150.826 E154.96152
G1 X157.195 Y149.724 E154.9982
G1 X157.069 Y148.629 E155.03486
G1 X156.777 Y147.566 E155.07153
G1 X156.326 Y146.56 E155.10819
G1 X155.727 Y145.634 E155.14488
G1 X154.993 Y144.811 E155.18155
G1 X154.142 Y144.11 E155.21822
G1 X153.195 Y143.547 E155.25487
G1 X152.173 Y143.135 E155.29152
G1 X151.1 Y142.884 E155.32817
G1 X150 Y142.799 E155.36486
G1 X148.9 Y142.884 E155.40156
G1 X147.827 Y143.135 E155.43821
G1 X146.805 Y143.547 E155.47486
G1 X145.858 Y144.11 E155.5115
G1 X145.007 Y144.811 E155.54818
G1 X144.273 Y145.634 E155.58485
G1 X143.674 Y146.56 E155.62153
G1 X143.223 Y147.566 E155.6582
G1 X142.931 Y148.629 E155.69487
G1 X142.805 Y149.724 E155.73153
G1 X142.847 Y150.826 E155.76821
G1 X143.057 Y151.908 E155.80487
G1 X143.429 Y152.945 E155.84151
G1 X143.956 Y153.914 E155.8782
G1 X144.624 Y154.79 E155.91484
G1 X145.418 Y155.555 E155.95151
G1 X146.32 Y156.189 E155.98818
G1 X147.308 Y156.679 E156.02486
G1 X148.359 Y157.011 E156.06152
G1 X149.445 Y157.178 E156.09806
G1 X150 Y157.2 E156.11654
G1 X150.555 Y157.178 E156.13501
G1 X151.641 Y157.011 E156.17156
G1 X152.692 Y156.679 E156.20821
G1 X153.68 Y156.189 E156.24489
G1 X154.582 Y155.555 E156.28157
G1 X155.376 Y154.79 E156.31824
G0 F9000 X155.704 Y155.082
G0 X156.163 Y155.56
G0 X156.444 Y155.843
G0 X156.663 Y156.047
;TYPE:WALL-INNER
G1 F2045.7 X155.821 Y156.86 E156.35717
G1 X154.914 Y157.538 E156.39483
G1 X153.908 Y158.106 E156.43325
G1 X152.836 Y158.539 E156.47171
G1 X151.721 Y158.832 E156.51005
G1 X150.565 Y158.981 E156.54882
G1 X150 Y159 E156.56762
G1 X149.435 Y158.981 E156.58642
G1 X148.279 Y158.832 E156.62519
G1 X147.164 Y158.539 E156.66353
G1 X146.092 Y158.106 E156.70199
G1 X145.086 Y157.538 E156.74041
G1 X144.179 Y156.86 E156.77808
G1 X143.337 Y156.047 E156.81701
G1 X142.616 Y155.143 E156.85546
G1 X142.026 Y154.168 E156.89337
G1 X141.555 Y153.107 E156.93198
G1 X141.227 Y151.998 E156.97044
G1 X141.044 Y150.869 E157.00848
G1 X141.007 Y149.704 E157.04725
G1 X141.116 Y148.567 E157.08524
G1 X141.374 Y147.437 E157.12379
G1 X141.768 Y146.365 E157.16178
G1 X142.309 Y145.33 E157.20062
G1 X142.967 Y144.389 E157.23881
G1 X143.74 Y143.536 E157.2771
G1 X144.617 Y142.789 E157.31542
G1 X145.59 Y142.156 E157.35402
G1 X146.608 Y141.666 E157.3916
G1 X147.722 Y141.296 E157.43064
G1 X148.851 Y141.076 E157.4689
G1 X150 Y141.003 E157.50719
G1 X151.149 Y141.076 E157.54549
G1 X152.278 Y141.296 E157.58374
G1 X153.392 Y141.666 E157.62279
G1 X154.41 Y142.156 E157.66036
G1 X155.383 Y142.789 E157.69897
G1 X156.26 Y143.536 E157.73729
G1 X157.033 Y144.389 E157.77557
G1 X157.691 Y145.33 E157.81376
G1 X158.232 Y146.365 E157.85261
G1 X158.626 Y147.437 E157.89059
G1 X158.884 Y148.567 E157.92915
G1 X158.993 Y149.704 E157.96714
G1 X158.956 Y150.869 E158.0059
G1 X158.773 Y151.998 E158.04394
G1 X158.445 Y153.107 E158.08241
G1 X157.974 Y154.168 E158.12102
G1 X157.384 Y155.143 E158.15892
G1 X156.663 Y156.047 E158.19738
G0 F9000 X156.961 Y156.315
G1 F2045.7 X156.086 Y157.161 E158.23786
G1 X155.129 Y157.876 E158.2776
G1 X154.08 Y158.468 E158.31766
G1 X152.962 Y158.92 E158.35777
G1 X151.797 Y159.226 E158.39783
G1 X150.598 Y159.38 E158.43804
G1 X150 Y159.4 E158.45794
G1 X149.402 Y159.38 E158.47784
G1 X148.203 Y159.226 E158.51804
G1 X147.038 Y158.92 E158.55811
G1 X145.92 Y158.468 E158.59821
G1 X144.871 Y157.876 E158.63828
G1 X143.914 Y157.161 E158.67801
G1 X143.039 Y156.315 E158.71849
G1 X142.291 Y155.378 E158.75837
G1 X141.669 Y154.35 E158.79833
G1 X141.181 Y153.25 E158.83836
G1 X140.835 Y152.083 E158.87884
G1 X140.645 Y150.907 E158.91846
G1 X140.606 Y149.694 E158.95883
G1 X140.721 Y148.501 E158.99869
G1 X140.989 Y147.326 E159.03877
G1 X141.404 Y146.198 E159.07875
G1 X141.965 Y145.124 E159.11905
G1 X142.653 Y144.139 E159.15901
G1 X143.458 Y143.252 E159.19885
G1 X144.379 Y142.467 E159.2391
G1 X145.392 Y141.808 E159.2793
G1 X146.464 Y141.292 E159.31887
G1 X147.62 Y140.908 E159.35938
G1 X148.796 Y140.679 E159.39923
G1 X150 Y140.602 E159.43936
G1 X151.204 Y140.679 E159.47949
G1 X152.38 Y140.908 E159.51933
G1 X153.536 Y141.292 E159.55985
G1 X154.608 Y141.808 E159.59942
G1 X155.621 Y142.467 E159.63961
G1 X156.542 Y143.252 E159.67986
G1 X157.347 Y144.139 E159.7197
G1 X158.035 Y145.124 E159.75966
G1 X158.596 Y146.198 E159.79997
G1 X159.011 Y147.326 E159.83994
G1 X159.279 Y148.501 E159.88003
G1 X159.394 Y149.694 E159.91989
G1 X159.355 Y150.907 E159.96025
G1 X159.165 Y152.083 E159.99988
G1 X158.819 Y153.25 E160.04036
G1 X158.331 Y154.35 E160.08038
G1 X157.709 Y155.378 E160.12035
G1 X156.961 Y156.315 E160.16023
G0 F9000 X157.256 Y156.587
;TYPE:WALL-OUTER
G1 F2045.7 X156.351 Y157.462 E160.20209
G1 X155.344 Y158.214 E160.2439
G1 X154.252 Y158.83 E160.2856
G1 X153.088 Y159.301 E160.32736
G1 X151.873 Y159.62 E160.36914
G1 X150.631 Y159.779 E160.41079
G1 X150 Y159.8 E160.43179
G1 X149.369 Y159.779 E160.45278
G1 X148.127 Y159.62 E160.49443
G1 X146.912 Y159.301 E160.53621
G1 X145.748 Y158.83 E160.57798
G1 X144.656 Y158.214 E160.61968
G1 X143.649 Y157.462 E160.66148
G1 X142.744 Y156.587 E160.70335
G1 X141.963 Y155.608 E160.745
G1 X141.312 Y154.532 E160.78683
G1 X140.804 Y153.386 E160.82852
G1 X140.445 Y152.175 E160.87053
G1 X140.246 Y150.945 E160.91197
G1 X140.205 Y149.684 E160.95394
G1 X140.326 Y148.436 E160.99564
G1 X140.604 Y147.215 E161.03729
G1 X141.04 Y146.031 E161.07925
G1 X141.621 Y144.918 E161.12101
G1 X142.339 Y143.889 E161.16275
G1 X143.18 Y142.963 E161.20435
G1 X144.137 Y142.148 E161.24616
G1 X145.194 Y141.46 E161.28811
G1 X146.32 Y140.918 E161.32967
G1 X147.518 Y140.52 E161.37166
G1 X148.741 Y140.282 E161.4131
G1 X150 Y140.201 E161.45506
G1 X151.259 Y140.282 E161.49702
G1 X152.482 Y140.52 E161.53846
G1 X153.68 Y140.918 E161.58045
G1 X154.806 Y141.46 E161.62201
G1 X155.863 Y142.148 E161.66396
G1 X156.82 Y142.963 E161.70577
G1 X157.661 Y143.889 E161.74737
G1 X158.379 Y144.918 E161.7891
G1 X158.96 Y146.031 E161.83086
G1 X159.396 Y147.215 E161.87283
G1 X159.674 Y148.436 E161.91448
G1 X159.795 Y149.684 E161.95618
G1 X159.754 Y150.945 E161.99815
G1 X159.555 Y152.175 E162.03959
G1 X159.196 Y153.386 E162.0816
G1 X158.688 Y154.532 E162.12329
G1 X158.037 Y155.608 E162.16512
G1 X157.256 Y156.587 E162.20677
G0 F9000 X156.931 Y156.292
G0 X156.444 Y155.843
G0 X154.384 Y157.495
G0 X154.492 Y157.687
;TYPE:FILL
G1 F3068.5 X154.112 Y157.724 E162.21947
G1 X153.51 Y157.661 E162.2396
G1 X153.022 Y157.496 E162.25674
G0 F9000 X153.119 Y157.694
G0 X151.879 Y158.025
G0 X150.652 Y158.213
G0 X149.348 Y158.213
G0 X148.121 Y158.025
G0 X147.781 Y157.918
G0 X146.129 Y157.321
G0 X146.227 Y157.125
G1 F3068.5 X145.684 Y157.468 E162.2781
G1 X145.327 Y157.585 E162.29059
G0 F9000 X145.436 Y157.394
G0 X143.084 Y154.484
G0 X142.592 Y153.579
G0 X141.918 Y151.811
G0 X142.134 Y151.77
G1 F3068.5 X142.072 Y151.712 E162.29342
G1 X141.47 Y151.15 E162.32081
G1 X141.136 Y150.936 E162.334
G0 F9000 X141.353 Y150.902
G0 X142.22 Y147.112
G0 X142.419 Y147.203
G1 F3068.5 X142.072 Y146.879 E162.34979
G1 X141.768 Y146.597 E162.36358
G0 F9000 X141.973 Y146.673
G0 X144.341 Y143.417
G0 X144.2 Y143.249
G1 F3068.5 X144.48 Y143.276 E162.37294
G1 X145.082 Y143.213 E162.39307
G1 X145.684 Y143.01 E162.4142
G1 X146.286 Y142.625 E162.43797
G1 X146.888 Y142.063 E162.46536
G1 X147.49 Y141.504 E162.49269
G1 X147.642 Y141.408 E162.49866
G0 F9000 X147.71 Y141.616
G0 X150.427 Y141.331
G0 X150.441 Y141.113
G1 F3068.5 X150.5 Y141.133 E162.50074
G1 X151.102 Y141.518 E162.5245
G1 X151.704 Y142.08 E162.5519
G1 X151.765 Y142.137 E162.55467
G0 F9000 X151.815 Y141.924
G0 X153.307 Y142.481
G0 X154.523 Y143.058
G0 X154.41 Y143.245
G1 F3068.5 X154.714 Y143.213 E162.56484
G1 X155.316 Y143.01 E162.58597
G1 X155.432 Y142.936 E162.59055
G0 F9000 X155.29 Y143.102
G0 X157.375 Y146.211
G0 X157.174 Y146.301
G1 F3068.5 X157.724 Y145.949 E162.61226
G1 X157.894 Y145.892 E162.61823
G0 F9000 X157.699 Y145.993
G0 X158.667 Y150.496
G0 X158.887 Y150.503
G1 F3068.5 X158.326 Y150.558 E162.63698
G1 X158.04 Y150.652 E162.64699
G0 F9000 X158.361 Y150.664
;MESH:NONMESH
G0 F300 X158.361 Y150.664 Z2.6
G0 F9000 X157.948 Y152.183
G0 X157.524 Y153.366
G0 X157.032 Y154.271
G0 X156.182 Y155.541
G0 X155.975 Y155.324
;TIME_ELAPSED:247.489903
;LAYER:12
;TYPE:WALL-INNER
;MESH:dannypart.STL
G1 F2046.8 X156.718 Y154.35 E162.68773
G1 X157.303 Y153.273 E162.7285
G1 X157.717 Y152.12 E162.76925
G1 X157.951 Y150.918 E162.80997
G1 X157.997 Y149.694 E162.85071
G1 X157.857 Y148.477 E162.89146
G1 X157.533 Y147.294 E162.93225
G1 X157.03 Y146.176 E162.97303
G1 X156.365 Y145.148 E163.01375
G1 X155.549 Y144.233 E163.05453
G1 X154.604 Y143.454 E163.09526
G1 X153.551 Y142.827 E163.13602
G1 X152.415 Y142.37 E163.17675
G1 X151.222 Y142.092 E163.21749
G1 X150 Y141.997 E163.25826
G1 X148.778 Y142.092 E163.29902
G1 X147.585 Y142.37 E163.33977
G1 X146.449 Y142.827 E163.38049
G1 X145.396 Y143.454 E163.42125
G1 X144.451 Y144.233 E163.46199
G1 X143.635 Y145.148 E163.50276
G1 X142.97 Y146.176 E163.54349
G1 X142.467 Y147.294 E163.58426
G1 X142.143 Y148.477 E163.62506
G1 X142.003 Y149.694 E163.6658
G1 X142.049 Y150.918 E163.70654
G1 X142.283 Y152.12 E163.74727
G1 X142.697 Y153.273 E163.78802
G1 X143.282 Y154.35 E163.82878
G1 X144.025 Y155.324 E163.86953
G1 X144.908 Y156.173 E163.91027
G1 X145.91 Y156.879 E163.95104
G1 X147.008 Y157.423 E163.99179
G1 X148.177 Y157.793 E164.03257
G1 X149.369 Y157.976 E164.07268
G1 X150 Y158 E164.09369
G1 X150.631 Y157.976 E164.11469
G1 X151.823 Y157.793 E164.1548
G1 X152.992 Y157.423 E164.19558
G1 X154.09 Y156.879 E164.23634
G1 X155.092 Y156.173 E164.27711
G1 X155.975 Y155.324 E164.31785
G0 F9000 X155.676 Y155.057
G1 F2046.8 X156.381 Y154.132 E164.35653
G1 X156.937 Y153.109 E164.39526
G1 X157.33 Y152.014 E164.43395
G1 X157.552 Y150.872 E164.47264
G1 X157.596 Y149.709 E164.51135
G1 X157.463 Y148.553 E164.55006
G1 X157.155 Y147.43 E164.58879
G1 X156.678 Y146.368 E164.62751
G1 X156.046 Y145.391 E164.66621
G1 X155.271 Y144.522 E164.70494
G1 X154.373 Y143.782 E164.74364
G1 X153.373 Y143.187 E164.78234
G1 X152.294 Y142.753 E164.82102
G1 X151.161 Y142.488 E164.85972
G1 X150 Y142.398 E164.89846
G1 X148.839 Y142.488 E164.93719
G1 X147.706 Y142.753 E164.97589
G1 X146.627 Y143.187 E165.01457
G1 X145.627 Y143.782 E165.05327
G1 X144.729 Y144.522 E165.09197
G1 X143.954 Y145.391 E165.1307
G1 X143.322 Y146.368 E165.1694
G1 X142.845 Y147.43 E165.20812
G1 X142.537 Y148.553 E165.24685
G1 X142.404 Y149.709 E165.28556
G1 X142.448 Y150.872 E165.32427
G1 X142.67 Y152.014 E165.36296
G1 X143.063 Y153.109 E165.40165
G1 X143.619 Y154.132 E165.44038
G1 X144.324 Y155.057 E165.47906
G1 X145.163 Y155.864 E165.51778
G1 X146.115 Y156.534 E165.5565
G1 X147.158 Y157.051 E165.59522
G1 X148.268 Y157.402 E165.63394
G1 X149.407 Y157.577 E165.67227
G1 X150 Y157.6 E165.69201
G1 X150.593 Y157.577 E165.71174
G1 X151.732 Y157.402 E165.75007
G1 X152.842 Y157.051 E165.78879
G1 X153.885 Y156.534 E165.82751
G1 X154.837 Y155.864 E165.86623
G1 X155.676 Y155.057 E165.90495
G0 F9000 X155.376 Y154.79
;TYPE:WALL-OUTER
G1 F2046.8 X156.044 Y153.914 E165.94159
G1 X156.571 Y152.945 E165.97828
G1 X156.943 Y151.908 E166.01492
G1 X157.153 Y150.826 E166.05158
G1 X157.195 Y149.724 E166.08826
G1 X157.069 Y148.629 E166.12492
G1 X156.777 Y147.566 E166.16158
G1 X156.326 Y146.56 E166.19825
G1 X155.727 Y145.634 E166.23493
G1 X154.993 Y144.811 E166.27161
G1 X154.142 Y144.11 E166.30828
G1 X153.195 Y143.547 E166.34492
G1 X152.173 Y143.135 E166.38157
G1 X151.1 Y142.884 E166.41823
G1 X150 Y142.799 E166.45492
G1 X148.9 Y142.884 E166.49162
G1 X147.827 Y143.135 E166.52827
G1 X146.805 Y143.547 E166.56492
G1 X145.858 Y144.11 E166.60156
G1 X145.007 Y144.811 E166.63823
G1 X144.273 Y145.634 E166.67491
G1 X143.674 Y146.56 E166.71159
G1 X143.223 Y147.566 E166.74826
G1 X142.931 Y148.629 E166.78492
G1 X142.805 Y149.724 E166.82158
G1 X142.847 Y150.826 E166.85826
G1 X143.057 Y151.908 E166.89492
G1 X143.429 Y152.945 E166.93156
G1 X143.956 Y153.914 E166.96825
G1 X144.624 Y154.79 E167.00489
G1 X145.418 Y155.555 E167.04156
G1 X146.32 Y156.189 E167.07823
G1 X147.308 Y156.679 E167.11491
G1 X148.359 Y157.011 E167.15157
G1 X149.445 Y157.178 E167.18812
G1 X150 Y157.2 E167.20659
G1 X150.555 Y157.178 E167.22507
G1 X151.641 Y157.011 E167.26161
G1 X152.692 Y156.679 E167.29827
G1 X153.68 Y156.189 E167.33495
G1 X154.582 Y155.555 E167.37162
G1 X155.376 Y154.79 E167.40829
G0 F9000 X155.704 Y155.082
G0 X156.163 Y155.56
G0 X156.444 Y155.843
G0 X156.663 Y156.047
;TYPE:WALL-INNER
G1 F2046.8 X155.821 Y156.86 E167.44722
G1 X154.914 Y157.538 E167.48489
G1 X153.908 Y158.106 E167.52331
G1 X152.836 Y158.539 E167.56176
G1 X151.721 Y158.832 E167.60011
G1 X150.565 Y158.981 E167.63887
G1 X150 Y159 E167.65768
G1 X149.435 Y158.981 E167.67648
G1 X148.279 Y158.832 E167.71525
G1 X147.164 Y158.539 E167.75359
G1 X146.092 Y158.106 E167.79204
G1 X145.086 Y157.538 E167.83047
G1 X144.179 Y156.86 E167.86813
G1 X143.337 Y156.047 E167.90706
G1 X142.616 Y155.143 E167.94552
G1 X142.026 Y154.168 E167.98342
G1 X141.555 Y153.107 E168.02203
G1 X141.227 Y151.998 E168.0605
G1 X141.044 Y150.869 E168.09854
G1 X141.007 Y149.704 E168.13731
G1 X141.116 Y148.567 E168.1753
G1 X141.374 Y147.437 E168.21385
G1 X141.768 Y146.365 E168.25184
G1 X142.309 Y145.33 E168.29068
G1 X142.967 Y144.389 E168.32887
G1 X143.74 Y143.536 E168.36716
G1 X144.617 Y142.789 E168.40547
G1 X145.59 Y142.156 E168.44408
G1 X146.608 Y141.666 E168.48166
G1 X147.722 Y141.296 E168.5207
G1 X148.851 Y141.076 E168.55896
G1 X150 Y141.003 E168.59725
G1 X151.149 Y141.076 E168.63554
G1 X152.278 Y141.296 E168.6738
G1 X153.392 Y141.666 E168.71284
G1 X154.41 Y142.156 E168.75042
G1 X155.383 Y142.789 E168.78903
G1 X156.26 Y143.536 E168.82734
G1 X157.033 Y144.389 E168.86563
G1 X157.691 Y145.33 E168.90382
G1 X158.232 Y146.365 E168.94266
G1 X158.626 Y147.437 E168.98065
G1 X158.884 Y148.567 E169.0192
G1 X158.993 Y149.704 E169.05719
G1 X158.956 Y150.869 E169.09596
G1 X158.773 Y151.998 E169.134
G1 X158.445 Y153.107 E169.17247
G1 X157.974 Y154.168 E169.21108
G1 X157.384 Y155.143 E169.24898
G1 X156.663 Y156.047 E169.28744
G0 F9000 X156.961 Y156.315
G1 F2046.8 X156.086 Y157.161 E169.32792
G1 X155.129 Y157.876 E169.36765
G1 X154.08 Y158.468 E169.40771
G1 X152.962 Y158.92 E169.44782
G1 X151.797 Y159.226 E169.48789
G1 X150.598 Y159.38 E169.52809
G1 X150 Y159.4 E169.54799
G1 X149.402 Y159.38 E169.56789
G1 X148.203 Y159.226 E169.6081
G1 X147.038 Y158.92 E169.64816
G1 X145.92 Y158.468 E169.68827
G1 X144.871 Y157.876 E169.72833
G1 X143.914 Y157.161 E169.76807
G1 X143.039 Y156.315 E169.80855
G1 X142.291 Y155.378 E169.84842
G1 X141.669 Y154.35 E169.88839
G1 X141.181 Y153.25 E169.92841
G1 X140.835 Y152.083 E169.9689
G1 X140.645 Y150.907 E170.00852
G1 X140.606 Y149.694 E170.04888
G1 X140.721 Y148.501 E170.08875
G1 X140.989 Y147.326 E170.12883
G1 X141.404 Y146.198 E170.16881
G1 X141.965 Y145.124 E170.20911
G1 X142.653 Y144.139 E170.24907
G1 X143.458 Y143.252 E170.28891
G1 X144.379 Y142.467 E170.32916
G1 X145.392 Y141.808 E170.36935
G1 X146.464 Y141.292 E170.40892
G1 X147.62 Y140.908 E170.44944
G1 X148.796 Y140.679 E170.48929
G1 X150 Y140.602 E170.52941
G1 X151.204 Y140.679 E170.56954
G1 X152.38 Y140.908 E170.60939
G1 X153.536 Y141.292 E170.6499
G1 X154.608 Y141.808 E170.68947
G1 X155.621 Y142.467 E170.72967
G1 X156.542 Y143.252 E170.76992
G1 X157.347 Y144.139 E170.80976
G1 X158.035 Y145.124 E170.84972
G1 X158.596 Y146.198 E170.89002
G1 X159.011 Y147.326 E170.93
G1 X159.279 Y148.501 E170.97008
G1 X159.394 Y149.694 E171.00994
G1 X159.355 Y150.907 E171.05031
G1 X159.165 Y152.083 E171.08993
G1 X158.819 Y153.25 E171.13042
G1 X158.331 Y154.35 E171.17044
G1 X157.709 Y155.378 E171.2104
G1 X156.961 Y156.315 E171.25028
G0 F9000 X157.256 Y156.587
;TYPE:WALL-OUTER
G1 F2046.8 X156.351 Y157.462 E171.29215
G1 X155.344 Y158.214 E171.33395
G1 X154.252 Y158.83 E171.37565
G1 X153.088 Y159.301 E171.41742
G1 X151.873 Y159.62 E171.4592
G1 X150.631 Y159.779 E171.50084
G1 X150 Y159.8 E171.52184
G1 X149.369 Y159.779 E171.54284
G1 X148.127 Y159.62 E171.58449
G1 X146.912 Y159.301 E171.62627
G1 X145.748 Y158.83 E171.66803
G1 X144.656 Y158.214 E171.70973
G1 X143.649 Y157.462 E171.75153
G1 X142.744 Y156.587 E171.7934
G1 X141.963 Y155.608 E171.83506
G1 X141.312 Y154.532 E171.87688
G1 X140.804 Y153.386 E171.91858
G1 X140.445 Y152.175 E171.96059
G1 X140.246 Y150.945 E172.00203
G1 X140.205 Y149.684 E172.04399
G1 X140.326 Y148.436 E172.0857
G1 X140.604 Y147.215 E172.12735
G1 X141.04 Y146.031 E172.16931
G1 X141.621 Y144.918 E172.21107
G1 X142.339 Y143.889 E172.2528
G1 X143.18 Y142.963 E172.29441
G1 X144.137 Y142.148 E172.33622
G1 X145.194 Y141.46 E172.37816
G1 X146.32 Y140.918 E172.41973
G1 X147.518 Y140.52 E172.46171
G1 X148.741 Y140.282 E172.50315
G1 X150 Y140.201 E172.54512
G1 X151.259 Y140.282 E172.58708
G1 X152.482 Y140.52 E172.62852
G1 X153.68 Y140.918 E172.6705
G1 X154.806 Y141.46 E172.71207
G1 X155.863 Y142.148 E172.75401
G1 X156.82 Y142.963 E172.79582
G1 X157.661 Y143.889 E172.83743
G1 X158.379 Y144.918 E172.87916
G1 X158.96 Y146.031 E172.92092
G1 X159.396 Y147.215 E172.96288
G1 X159.674 Y148.436 E173.00453
G1 X159.795 Y149.684 E173.04624
G1 X159.754 Y150.945 E173.0882
G1 X159.555 Y152.175 E173.12964
G1 X159.196 Y153.386 E173.17165
G1 X158.688 Y154.532 E173.21335
G1 X158.037 Y155.608 E173.25517
G1 X157.256 Y156.587 E173.29683
G0 F9000 X156.931 Y156.292
G0 X156.444 Y155.843
G0 X154.464 Y157.45
G0 X154.571 Y157.642
;TYPE:FILL
G1 F3070.2 X154.112 Y157.73 E173.31237
G1 X153.51 Y157.723 E173.3324
G1 X152.908 Y157.58 E173.35298
G1 X152.854 Y157.55 E173.35503
G0 F9000 X152.92 Y157.76
G0 X151.879 Y158.025
G0 X150.652 Y158.213
G0 X149.348 Y158.213
G0 X148.121 Y158.025
G0 X147.44 Y157.811
G0 X145.995 Y157.255
G0 X146.093 Y157.058
G1 F3070.2 X145.684 Y157.357 E173.37188
G1 X145.252 Y157.542 E173.38751
G0 F9000 X145.36 Y157.351
G0 X143.084 Y154.484
G0 X142.592 Y153.579
G0 X141.87 Y151.565
G0 X142.086 Y151.524
G1 F3070.2 X142.072 Y151.51 E173.38817
G1 X141.47 Y150.972 E173.41502
G1 X141.122 Y150.782 E173.42821
G0 F9000 X141.343 Y150.776
G0 X142.158 Y147.289
G0 X142.37 Y147.347
G1 F3070.2 X142.072 Y147.081 E173.4415
G1 X141.718 Y146.734 E173.45798
G0 F9000 X141.923 Y146.81
G0 X144.361 Y143.4
G0 X144.219 Y143.232
G1 F3070.2 X144.48 Y143.282 E173.46682
G1 X145.082 Y143.275 E173.48685
G1 X145.684 Y143.132 E173.50743
G1 X146.286 Y142.803 E173.53024
G1 X146.888 Y142.265 E173.5571
G1 X147.49 Y141.674 E173.58516
G1 X147.959 Y141.331 E173.60448
G0 F9000 X148 Y141.547
G0 X150.705 Y141.349
G0 X150.719 Y141.131
G1 F3070.2 X151.102 Y141.34 E173.61899
G1 X151.704 Y141.878 E173.64585
G1 X152.031 Y142.199 E173.66109
G0 F9000 X152.081 Y141.986
G0 X153.358 Y142.492
G0 X154.578 Y143.09
G0 X154.465 Y143.278
G1 F3070.2 X154.714 Y143.275 E173.66937
G1 X155.316 Y143.132 E173.68995
G1 X155.527 Y143.016 E173.69796
G0 F9000 X155.385 Y143.183
G0 X157.313 Y146.074
G0 X157.113 Y146.164
G1 F3070.2 X157.122 Y146.156 E173.69836
G1 X157.724 Y145.827 E173.72118
G1 X157.845 Y145.798 E173.72532
G0 F9000 X157.65 Y145.899
G0 X158.667 Y150.494
G0 X158.887 Y150.501
G1 F3070.2 X158.326 Y150.608 E173.74431
G1 X158.036 Y150.732 E173.7548
G0 F9000 X158.359 Y150.744
;MESH:NONMESH
G0 F300 X158.359 Y150.744 Z2.8
G0 F9000 X157.948 Y152.183
G0 X157.524 Y153.366
G0 X157.032 Y154.271
G0 X156.182 Y155.541
G0 X155.975 Y155.324
;TIME_ELAPSED:260.381550
;LAYER:13
;TYPE:WALL-INNER
;MESH:dannypart.STL
G1 F2044.9 X156.718 Y154.35 E173.79555
G1 X157.303 Y153.273 E173.83631
G1 X157.717 Y152.12 E173.87706
G1 X157.951 Y150.918 E173.91779
G1 X157.997 Y149.694 E173.95852
G1 X157.857 Y148.477 E173.99927
G1 X157.533 Y147.294 E174.04006
G1 X157.03 Y146.176 E174.08084
G1 X156.365 Y145.148 E174.12156
G1 X155.549 Y144.233 E174.16234
G1 X154.604 Y143.454 E174.20307
G1 X153.551 Y142.827 E174.24383
G1 X152.415 Y142.37 E174.28456
G1 X151.222 Y142.092 E174.3253
G1 X150 Y141.997 E174.36607
G1 X148.778 Y142.092 E174.40684
G1 X147.585 Y142.37 E174.44758
G1 X146.449 Y142.827 E174.4883
G1 X145.396 Y143.454 E174.52907
G1 X144.451 Y144.233 E174.5698
G1 X143.635 Y145.148 E174.61058
G1 X142.97 Y146.176 E174.6513
G1 X142.467 Y147.294 E174.69207
G1 X142.143 Y148.477 E174.73287
G1 X142.003 Y149.694 E174.77361
G1 X142.049 Y150.918 E174.81435
G1 X142.283 Y152.12 E174.85508
G1 X142.697 Y153.273 E174.89583
G1 X143.282 Y154.35 E174.93659
G1 X144.025 Y155.324 E174.97734
G1 X144.908 Y156.173 E175.01808
G1 X145.91 Y156.879 E175.05885
G1 X147.008 Y157.423 E175.0996
G1 X148.177 Y157.793 E175.14039
G1 X149.369 Y157.976 E175.1805
G1 X150 Y158 E175.2015
G1 X150.631 Y157.976 E175.2225
G1 X151.823 Y157.793 E175.26261
G1 X152.992 Y157.423 E175.30339
G1 X154.09 Y156.879 E175.34415
G1 X155.092 Y156.173 E175.38492
G1 X155.975 Y155.324 E175.42566
G0 F9000 X155.676 Y155.057
G1 F2044.9 X156.381 Y154.132 E175.46434
G1 X156.937 Y153.109 E175.50307
G1 X157.33 Y152.014 E175.54176
G1 X157.552 Y150.872 E175.58046
G1 X157.596 Y149.709 E175.61917
G1 X157.463 Y148.553 E175.65787
G1 X157.155 Y147.43 E175.6966
G1 X156.678 Y146.368 E175.73532
G1 X156.046 Y145.391 E175.77402
G1 X155.271 Y144.522 E175.81275
G1 X154.373 Y143.782 E175.85145
G1 X153.373 Y143.187 E175.89015
G1 X152.294 Y142.753 E175.92884
G1 X151.161 Y142.488 E175.96754
G1 X150 Y142.398 E176.00627
G1 X148.839 Y142.488 E176.045
G1 X147.706 Y142.753 E176.0837
G1 X146.627 Y143.187 E176.12238
G1 X145.627 Y143.782 E176.16108
G1 X144.729 Y144.522 E176.19978
G1 X143.954 Y145.391 E176.23851
G1 X143.322 Y146.368 E176.27721
G1 X142.845 Y147.43 E176.31594
G1 X142.537 Y148.553 E176.35467
G1 X142.404 Y149.709 E176.39337
G1 X142.448 Y150.872 E176.43208
G1 X142.67 Y152.014 E176.47077
G1 X143.063 Y153.109 E176.50947
G1 X143.619 Y154.132 E176.54819
G1 X144.324 Y155.057 E176.58687
G1 X145.163 Y155.864 E176.62559
G1 X146.115 Y156.534 E176.66431
G1 X147.158 Y157.051 E176.70303
G1 X148.268 Y157.402 E176.74175
G1 X149.407 Y157.577 E176.78008
G1 X150 Y157.6 E176.79982
G1 X150.593 Y157.577 E176.81956
G1 X151.732 Y157.402 E176.85788
G1 X152.842 Y157.051 E176.8966
G1 X153.885 Y156.534 E176.93532
G1 X154.837 Y155.864 E176.97404
G1 X155.676 Y155.057 E177.01276
G0 F9000 X155.376 Y154.79
;TYPE:WALL-OUTER
G1 F2044.9 X156.044 Y153.914 E177.0494
G1 X156.571 Y152.945 E177.08609
G1 X156.943 Y151.908 E177.12273
G1 X157.153 Y150.826 E177.15939
G1 X157.195 Y149.724 E177.19607
G1 X157.069 Y148.629 E177.23273
G1 X156.777 Y147.566 E177.26939
G1 X156.326 Y146.56 E177.30606
G1 X155.727 Y145.634 E177.34274
G1 X154.993 Y144.811 E177.37942
G1 X154.142 Y144.11 E177.41609
G1 X153.195 Y143.547 E177.45273
G1 X152.173 Y143.135 E177.48938
G1 X151.1 Y142.884 E177.52604
G1 X150 Y142.799 E177.56273
G1 X148.9 Y142.884 E177.59943
G1 X147.827 Y143.135 E177.63608
G1 X146.805 Y143.547 E177.67273
G1 X145.858 Y144.11 E177.70937
G1 X145.007 Y144.811 E177.74604
G1 X144.273 Y145.634 E177.78272
G1 X143.674 Y146.56 E177.8194
G1 X143.223 Y147.566 E177.85607
G1 X142.931 Y148.629 E177.89273
G1 X142.805 Y149.724 E177.92939
G1 X142.847 Y150.826 E177.96607
G1 X143.057 Y151.908 E178.00273
G1 X143.429 Y152.945 E178.03938
G1 X143.956 Y153.914 E178.07606
G1 X144.624 Y154.79 E178.1127
G1 X145.418 Y155.555 E178.14938
G1 X146.32 Y156.189 E178.18605
G1 X147.308 Y156.679 E178.22273
G1 X148.359 Y157.011 E178.25938
G1 X149.445 Y157.178 E178.29593
G1 X150 Y157.2 E178.3144
G1 X150.555 Y157.178 E178.33288
G1 X151.641 Y157.011 E178.36942
G1 X152.692 Y156.679 E178.40608
G1 X153.68 Y156.189 E178.44276
G1 X154.582 Y155.555 E178.47943
G1 X155.376 Y154.79 E178.5161
G0 F9000 X155.704 Y155.082
G0 X156.163 Y155.56
G0 X156.444 Y155.843
G0 X156.663 Y156.047
;TYPE:WALL-INNER
G1 F2044.9 X155.821 Y156.86 E178.55503
G1 X154.914 Y157.538 E178.5927
G1 X153.908 Y158.106 E178.63112
G1 X152.836 Y158.539 E178.66958
G1 X151.721 Y158.832 E178.70792
G1 X150.565 Y158.981 E178.74669
G1 X150 Y159 E178.76549
G1 X149.435 Y158.981 E178.78429
G1 X148.279 Y158.832 E178.82306
G1 X147.164 Y158.539 E178.8614
G1 X146.092 Y158.106 E178.89986
G1 X145.086 Y157.538 E178.93828
G1 X144.179 Y156.86 E178.97594
G1 X143.337 Y156.047 E179.01487
G1 X142.616 Y155.143 E179.05333
G1 X142.026 Y154.168 E179.09124
G1 X141.555 Y153.107 E179.12985
G1 X141.227 Y151.998 E179.16831
G1 X141.044 Y150.869 E179.20635
G1 X141.007 Y149.704 E179.24512
G1 X141.116 Y148.567 E179.28311
G1 X141.374 Y147.437 E179.32166
G1 X141.768 Y146.365 E179.35965
G1 X142.309 Y145.33 E179.39849
G1 X142.967 Y144.389 E179.43668
G1 X143.74 Y143.536 E179.47497
G1 X144.617 Y142.789 E179.51328
G1 X145.59 Y142.156 E179.55189
G1 X146.608 Y141.666 E179.58947
G1 X147.722 Y141.296 E179.62851
G1 X148.851 Y141.076 E179.66677
G1 X150 Y141.003 E179.70506
G1 X151.149 Y141.076 E179.74335
G1 X152.278 Y141.296 E179.78161
G1 X153.392 Y141.666 E179.82065
G1 X154.41 Y142.156 E179.85823
G1 X155.383 Y142.789 E179.89684
G1 X156.26 Y143.536 E179.93515
G1 X157.033 Y144.389 E179.97344
G1 X157.691 Y145.33 E180.01163
G1 X158.232 Y146.365 E180.05048
G1 X158.626 Y147.437 E180.08846
G1 X158.884 Y148.567 E180.12701
G1 X158.993 Y149.704 E180.165
G1 X158.956 Y150.869 E180.20377
G1 X158.773 Y151.998 E180.24181
G1 X158.445 Y153.107 E180.28028
G1 X157.974 Y154.168 E180.31889
G1 X157.384 Y155.143 E180.35679
G1 X156.663 Y156.047 E180.39525
G0 F9000 X156.961 Y156.315
G1 F2044.9 X156.086 Y157.161 E180.43573
G1 X155.129 Y157.876 E180.47546
G1 X154.08 Y158.468 E180.51553
G1 X152.962 Y158.92 E180.55563
G1 X151.797 Y159.226 E180.5957
G1 X150.598 Y159.38 E180.6359
G1 X150 Y159.4 E180.6558
G1 X149.402 Y159.38 E180.6757
G1 X148.203 Y159.226 E180.71591
G1 X147.038 Y158.92 E180.75597
G1 X145.92 Y158.468 E180.79608
G1 X144.871 Y157.876 E180.83614
G1 X143.914 Y157.161 E180.87588
G1 X143.039 Y156.315 E180.91636
G1 X142.291 Y155.378 E180.95624
G1 X141.669 Y154.35 E180.9962
G1 X141.181 Y153.25 E181.03622
G1 X140.835 Y152.083 E181.07671
G1 X140.645 Y150.907 E181.11633
G1 X140.606 Y149.694 E181.15669
G1 X140.721 Y148.501 E181.19656
G1 X140.989 Y147.326 E181.23664
G1 X141.404 Y146.198 E181.27662
G1 X141.965 Y145.124 E181.31692
G1 X142.653 Y144.139 E181.35688
G1 X143.458 Y143.252 E181.39672
G1 X144.379 Y142.467 E181.43697
G1 X145.392 Y141.808 E181.47716
G1 X146.464 Y141.292 E181.51674
G1 X147.62 Y140.908 E181.55725
G1 X148.796 Y140.679 E181.5971
G1 X150 Y140.602 E181.63723
G1 X151.204 Y140.679 E181.67735
G1 X152.38 Y140.908 E181.7172
G1 X153.536 Y141.292 E181.75772
G1 X154.608 Y141.808 E181.79729
G1 X155.621 Y142.467 E181.83748
G1 X156.542 Y143.252 E181.87773
G1 X157.347 Y144.139 E181.91757
G1 X158.035 Y145.124 E181.95753
G1 X158.596 Y146.198 E181.99783
G1 X159.011 Y147.326 E182.03781
G1 X159.279 Y148.501 E182.07789
G1 X159.394 Y149.694 E182.11776
G1 X159.355 Y150.907 E182.15812
G1 X159.165 Y152.083 E182.19774
G1 X158.819 Y153.25 E182.23823
G1 X158.331 Y154.35 E182.27825
G1 X157.709 Y155.378 E182.31822
G1 X156.961 Y156.315 E182.35809
G0 F9000 X157.256 Y156.587
;TYPE:WALL-OUTER
G1 F2044.9 X156.351 Y157.462 E182.39996
G1 X155.344 Y158.214 E182.44176
G1 X154.252 Y158.83 E182.48346
G1 X153.088 Y159.301 E182.52523
G1 X151.873 Y159.62 E182.56701
G1 X150.631 Y159.779 E182.60865
G1 X150 Y159.8 E182.62965
G1 X149.369 Y159.779 E182.65065
G1 X148.127 Y159.62 E182.6923
G1 X146.912 Y159.301 E182.73408
G1 X145.748 Y158.83 E182.77584
G1 X144.656 Y158.214 E182.81754
G1 X143.649 Y157.462 E182.85934
G1 X142.744 Y156.587 E182.90121
G1 X141.963 Y155.608 E182.94287
G1 X141.312 Y154.532 E182.9847
G1 X140.804 Y153.386 E183.02639
G1 X140.445 Y152.175 E183.0684
G1 X140.246 Y150.945 E183.10984
G1 X140.205 Y149.684 E183.1518
G1 X140.326 Y148.436 E183.19351
G1 X140.604 Y147.215 E183.23516
G1 X141.04 Y146.031 E183.27712
G1 X141.621 Y144.918 E183.31888
G1 X142.339 Y143.889 E183.36061
G1 X143.18 Y142.963 E183.40222
G1 X144.137 Y142.148 E183.44403
G1 X145.194 Y141.46 E183.48597
G1 X146.32 Y140.918 E183.52754
G1 X147.518 Y140.52 E183.56953
G1 X148.741 Y140.282 E183.61097
G1 X150 Y140.201 E183.65293
G1 X151.259 Y140.282 E183.69489
G1 X152.482 Y140.52 E183.73633
G1 X153.68 Y140.918 E183.77831
G1 X154.806 Y141.46 E183.81988
G1 X155.863 Y142.148 E183.86183
G1 X156.82 Y142.963 E183.90363
G1 X157.661 Y143.889 E183.94524
G1 X158.379 Y144.918 E183.98697
G1 X158.96 Y146.031 E184.02873
G1 X159.396 Y147.215 E184.0707
G1 X159.674 Y148.436 E184.11235
G1 X159.795 Y149.684 E184.15405
G1 X159.754 Y150.945 E184.19601
G1 X159.555 Y152.175 E184.23745
G1 X159.196 Y153.386 E184.27946
G1 X158.688 Y154.532 E184.32116
G1 X158.037 Y155.608 E184.36299
G1 X157.256 Y156.587 E184.40464
G0 F9000 X156.931 Y156.292
G0 X156.444 Y155.843
G0 X154.551 Y157.4
G0 X154.659 Y157.593
;TYPE:FILL
G1 F3067.3 X154.112 Y157.749 E184.42356
G1 X153.51 Y157.799 E184.44365
G1 X152.908 Y157.717 E184.46386
G1 X152.669 Y157.609 E184.47258
G0 F9000 X152.735 Y157.819
G0 X151.879 Y158.025
G0 X150.652 Y158.213
G0 X149.348 Y158.213
G0 X148.121 Y158.025
G0 X147.44 Y157.811
G0 X145.886 Y157.201
G0 X145.984 Y157.004
G1 F3067.3 X145.684 Y157.257 E184.48563
G1 X145.201 Y157.514 E184.50383
G0 F9000 X145.31 Y157.323
G0 X143.084 Y154.484
G0 X142.476 Y153.366
G0 X142.357 Y153.032
G0 X141.82 Y151.31
G0 X142.037 Y151.268
G1 F3067.3 X141.47 Y150.779 E184.52873
G1 X141.117 Y150.619 E184.54162
G0 F9000 X141.337 Y150.613
G0 X142.113 Y147.453
G0 X142.325 Y147.511
G1 F3067.3 X142.072 Y147.293 E184.55273
G1 X141.669 Y146.867 E184.57224
G0 F9000 X141.874 Y146.943
G0 X144.365 Y143.396
G0 X144.224 Y143.228
G1 F3067.3 X144.48 Y143.301 E184.58109
G1 X145.082 Y143.351 E184.60118
G1 X145.51 Y143.293 E184.61555
G0 F9000 X145.398 Y143.104
G0 X146.618 Y142.436
G0 X146.699 Y142.64
G1 F3067.3 X146.888 Y142.477 E184.62385
G1 X147.49 Y141.841 E184.65298
G1 X148.092 Y141.334 E184.67915
G1 X148.177 Y141.289 E184.68235
G0 F9000 X148.218 Y141.505
G0 X151.098 Y141.374
G0 X151.112 Y141.156
G1 F3067.3 X151.704 Y141.666 E184.70834
G1 X152.258 Y142.252 E184.73516
G0 F9000 X152.308 Y142.039
G0 X153.073 Y142.363
G0 X154.681 Y143.152
G0 X154.568 Y143.339
G1 F3067.3 X154.714 Y143.351 E184.74003
G1 X155.316 Y143.269 E184.76024
G1 X155.647 Y143.119 E184.77233
G0 F9000 X155.505 Y143.285
G0 X157.221 Y145.919
G0 X157.035 Y146.038
G1 F3067.3 X157.122 Y145.963 E184.77615
G1 X157.724 Y145.69 E184.79813
G1 X157.784 Y145.682 E184.80015
G0 F9000 X157.589 Y145.783
G0 X158.668 Y150.479
G0 X158.888 Y150.486
G1 F3067.3 X158.326 Y150.646 E184.81958
G1 X158.034 Y150.801 E184.83058
G0 F9000 X158.357 Y150.813
;MESH:NONMESH
G0 F300 X158.357 Y150.813 Z3
G0 F9000 X157.524 Y153.366
G0 X157.032 Y154.271
G0 X156.182 Y155.541
G0 X155.975 Y155.324
;TIME_ELAPSED:273.424640
;LAYER:14
;TYPE:WALL-INNER
;MESH:dannypart.STL
G1 F2053 X156.718 Y154.35 E184.87132
G1 X157.303 Y153.273 E184.91209
G1 X157.717 Y152.12 E184.95283
G1 X157.951 Y150.918 E184.99356
G1 X157.997 Y149.694 E185.0343
G1 X157.857 Y148.477 E185.07505
G1 X157.533 Y147.294 E185.11584
G1 X157.03 Y146.176 E185.15662
G1 X156.365 Y145.148 E185.19734
G1 X155.549 Y144.233 E185.23812
G1 X154.604 Y143.454 E185.27885
G1 X153.551 Y142.827 E185.31961
G1 X152.415 Y142.37 E185.36034
G1 X151.222 Y142.092 E185.40108
G1 X150 Y141.997 E185.44185
G1 X148.778 Y142.092 E185.48261
G1 X147.585 Y142.37 E185.52336
G1 X146.449 Y142.827 E185.56408
G1 X145.396 Y143.454 E185.60484
G1 X144.451 Y144.233 E185.64558
G1 X143.635 Y145.148 E185.68635
G1 X142.97 Y146.176 E185.72707
G1 X142.467 Y147.294 E185.76785
G1 X142.143 Y148.477 E185.80865
G1 X142.003 Y149.694 E185.84939
G1 X142.049 Y150.918 E185.89013
G1 X142.283 Y152.12 E185.93086
G1 X142.697 Y153.273 E185.9716
G1 X143.282 Y154.35 E186.01237
G1 X144.025 Y155.324 E186.05311
G1 X144.908 Y156.173 E186.09386
G1 X145.91 Y156.879 E186.13462
G1 X147.008 Y157.423 E186.17538
G1 X148.177 Y157.793 E186.21616
G1 X149.369 Y157.976 E186.25627
G1 X150 Y158 E186.27728
G1 X150.631 Y157.976 E186.29828
G1 X151.823 Y157.793 E186.33839
G1 X152.992 Y157.423 E186.37917
G1 X154.09 Y156.879 E186.41993
G1 X155.092 Y156.173 E186.46069
G1 X155.975 Y155.324 E186.50144
G0 F9000 X155.676 Y155.057
G1 F2053 X156.381 Y154.132 E186.54012
G1 X156.937 Y153.109 E186.57885
G1 X157.33 Y152.014 E186.61754
G1 X157.552 Y150.872 E186.65623
G1 X157.596 Y149.709 E186.69494
G1 X157.463 Y148.553 E186.73365
G1 X157.155 Y147.43 E186.77238
G1 X156.678 Y146.368 E186.8111
G1 X156.046 Y145.391 E186.8498
G1 X155.271 Y144.522 E186.88853
G1 X154.373 Y143.782 E186.92723
G1 X153.373 Y143.187 E186.96593
G1 X152.294 Y142.753 E187.00461
G1 X151.161 Y142.488 E187.04331
G1 X150 Y142.398 E187.08204
G1 X148.839 Y142.488 E187.12078
G1 X147.706 Y142.753 E187.15948
G1 X146.627 Y143.187 E187.19816
G1 X145.627 Y143.782 E187.23686
G1 X144.729 Y144.522 E187.27556
G1 X143.954 Y145.391 E187.31429
G1 X143.322 Y146.368 E187.35299
G1 X142.845 Y147.43 E187.39171
G1 X142.537 Y148.553 E187.43044
G1 X142.404 Y149.709 E187.46915
G1 X142.448 Y150.872 E187.50785
G1 X142.67 Y152.014 E187.54655
G1 X143.063 Y153.109 E187.58524
G1 X143.619 Y154.132 E187.62397
G1 X144.324 Y155.057 E187.66265
G1 X145.163 Y155.864 E187.70137
G1 X146.115 Y156.534 E187.74009
G1 X147.158 Y157.051 E187.77881
G1 X148.268 Y157.402 E187.81753
G1 X149.407 Y157.577 E187.85586
G1 X150 Y157.6 E187.87559
G1 X150.593 Y157.577 E187.89533
G1 X151.732 Y157.402 E187.93366
G1 X152.842 Y157.051 E187.97238
G1 X153.885 Y156.534 E188.0111
G1 X154.837 Y155.864 E188.04982
G1 X155.676 Y155.057 E188.08854
G0 F9000 X155.376 Y154.79
;TYPE:WALL-OUTER
G1 F2053 X156.044 Y153.914 E188.12518
G1 X156.571 Y152.945 E188.16186
G1 X156.943 Y151.908 E188.19851
G1 X157.153 Y150.826 E188.23517
G1 X157.195 Y149.724 E188.27185
G1 X157.069 Y148.629 E188.30851
G1 X156.777 Y147.566 E188.34517
G1 X156.326 Y146.56 E188.38184
G1 X155.727 Y145.634 E188.41852
G1 X154.993 Y144.811 E188.4552
G1 X154.142 Y144.11 E188.49187
G1 X153.195 Y143.547 E188.52851
G1 X152.173 Y143.135 E188.56516
G1 X151.1 Y142.884 E188.60181
G1 X150 Y142.799 E188.63851
G1 X148.9 Y142.884 E188.6752
G1 X147.827 Y143.135 E188.71186
G1 X146.805 Y143.547 E188.74851
G1 X145.858 Y144.11 E188.78515
G1 X145.007 Y144.811 E188.82182
G1 X144.273 Y145.634 E188.8585
G1 X143.674 Y146.56 E188.89518
G1 X143.223 Y147.566 E188.93185
G1 X142.931 Y148.629 E188.96851
G1 X142.805 Y149.724 E189.00517
G1 X142.847 Y150.826 E189.04185
G1 X143.057 Y151.908 E189.07851
G1 X143.429 Y152.945 E189.11515
G1 X143.956 Y153.914 E189.15184
G1 X144.624 Y154.79 E189.18848
G1 X145.418 Y155.555 E189.22515
G1 X146.32 Y156.189 E189.26182
G1 X147.308 Y156.679 E189.2985
G1 X148.359 Y157.011 E189.33516
G1 X149.445 Y157.178 E189.37171
G1 X150 Y157.2 E189.39018
G1 X150.555 Y157.178 E189.40866
G1 X151.641 Y157.011 E189.4452
G1 X152.692 Y156.679 E189.48186
G1 X153.68 Y156.189 E189.51854
G1 X154.582 Y155.555 E189.55521
G1 X155.376 Y154.79 E189.59188
G0 F9000 X155.704 Y155.082
G0 X156.163 Y155.56
G0 X156.444 Y155.843
G0 X156.663 Y156.047
;TYPE:WALL-INNER
G1 F2053 X155.821 Y156.86 E189.63081
G1 X154.914 Y157.538 E189.66847
G1 X153.908 Y158.106 E189.7069
G1 X152.836 Y158.539 E189.74535
G1 X151.721 Y158.832 E189.7837
G1 X150.565 Y158.981 E189.82246
G1 X150 Y159 E189.84127
G1 X149.435 Y158.981 E189.86007
G1 X148.279 Y158.832 E189.89884
G1 X147.164 Y158.539 E189.93718
G1 X146.092 Y158.106 E189.97563
G1 X145.086 Y157.538 E190.01406
G1 X144.179 Y156.86 E190.05172
G1 X143.337 Y156.047 E190.09065
G1 X142.616 Y155.143 E190.12911
G1 X142.026 Y154.168 E190.16701
G1 X141.555 Y153.107 E190.20562
G1 X141.227 Y151.998 E190.24409
G1 X141.044 Y150.869 E190.28213
G1 X141.007 Y149.704 E190.3209
G1 X141.116 Y148.567 E190.35889
G1 X141.374 Y147.437 E190.39744
G1 X141.768 Y146.365 E190.43542
G1 X142.309 Y145.33 E190.47427
G1 X142.967 Y144.389 E190.51246
G1 X143.74 Y143.536 E190.55075
G1 X144.617 Y142.789 E190.58906
G1 X145.59 Y142.156 E190.62767
G1 X146.608 Y141.666 E190.66525
G1 X147.722 Y141.296 E190.70429
G1 X148.851 Y141.076 E190.74255
G1 X150 Y141.003 E190.78084
G1 X151.149 Y141.076 E190.81913
G1 X152.278 Y141.296 E190.85739
G1 X153.392 Y141.666 E190.89643
G1 X154.41 Y142.156 E190.93401
G1 X155.383 Y142.789 E190.97262
G1 X156.26 Y143.536 E191.01093
G1 X157.033 Y144.389 E191.04922
G1 X157.691 Y145.33 E191.08741
G1 X158.232 Y146.365 E191.12625
G1 X158.626 Y147.437 E191.16424
G1 X158.884 Y148.567 E191.20279
G1 X158.993 Y149.704 E191.24078
G1 X158.956 Y150.869 E191.27955
G1 X158.773 Y151.998 E191.31759
G1 X158.445 Y153.107 E191.35605
G1 X157.974 Y154.168 E191.39466
G1 X157.384 Y155.143 E191.43257
G1 X156.663 Y156.047 E191.47103
G0 F9000 X156.961 Y156.315
G1 F2053 X156.086 Y157.161 E191.51151
G1 X155.129 Y157.876 E191.55124
G1 X154.08 Y158.468 E191.5913
G1 X152.962 Y158.92 E191.63141
G1 X151.797 Y159.226 E191.67147
G1 X150.598 Y159.38 E191.71168
G1 X150 Y159.4 E191.73158
G1 X149.402 Y159.38 E191.75148
G1 X148.203 Y159.226 E191.79169
G1 X147.038 Y158.92 E191.83175
G1 X145.92 Y158.468 E191.87186
G1 X144.871 Y157.876 E191.91192
G1 X143.914 Y157.161 E191.95165
G1 X143.039 Y156.315 E191.99214
G1 X142.291 Y155.378 E192.03201
G1 X141.669 Y154.35 E192.07198
G1 X141.181 Y153.25 E192.112
G1 X140.835 Y152.083 E192.15249
G1 X140.645 Y150.907 E192.19211
G1 X140.606 Y149.694 E192.23247
G1 X140.721 Y148.501 E192.27234
G1 X140.989 Y147.326 E192.31242
G1 X141.404 Y146.198 E192.3524
G1 X141.965 Y145.124 E192.3927
G1 X142.653 Y144.139 E192.43266
G1 X143.458 Y143.252 E192.4725
G1 X144.379 Y142.467 E192.51275
G1 X145.392 Y141.808 E192.55294
G1 X146.464 Y141.292 E192.59251
G1 X147.62 Y140.908 E192.63303
G1 X148.796 Y140.679 E192.67288
G1 X150 Y140.602 E192.713
G1 X151.204 Y140.679 E192.75313
G1 X152.38 Y140.908 E192.79298
G1 X153.536 Y141.292 E192.83349
G1 X154.608 Y141.808 E192.87306
G1 X155.621 Y142.467 E192.91326
G1 X156.542 Y143.252 E192.95351
G1 X157.347 Y144.139 E192.99335
G1 X158.035 Y145.124 E193.03331
G1 X158.596 Y146.198 E193.07361
G1 X159.011 Y147.326 E193.11359
G1 X159.279 Y148.501 E193.15367
G1 X159.394 Y149.694 E193.19353
G1 X159.355 Y150.907 E193.2339
G1 X159.165 Y152.083 E193.27352
G1 X158.819 Y153.25 E193.314
G1 X158.331 Y154.35 E193.35403
G1 X157.709 Y155.378 E193.39399
G1 X156.961 Y156.315 E193.43387
G0 F9000 X157.256 Y156.587
;TYPE:WALL-OUTER
G1 F2053 X156.351 Y157.462 E193.47574
G1 X155.344 Y158.214 E193.51754
G1 X154.252 Y158.83 E193.55924
G1 X153.088 Y159.301 E193.601
G1 X151.873 Y159.62 E193.64279
G1 X150.631 Y159.779 E193.68443
G1 X150 Y159.8 E193.70543
G1 X149.369 Y159.779 E193.72643
G1 X148.127 Y159.62 E193.76808
G1 X146.912 Y159.301 E193.80986
G1 X145.748 Y158.83 E193.85162
G1 X144.656 Y158.214 E193.89332
G1 X143.649 Y157.462 E193.93512
G1 X142.744 Y156.587 E193.97699
G1 X141.963 Y155.608 E194.01864
G1 X141.312 Y154.532 E194.06047
G1 X140.804 Y153.386 E194.10217
G1 X140.445 Y152.175 E194.14418
G1 X140.246 Y150.945 E194.18562
G1 X140.205 Y149.684 E194.22758
G1 X140.326 Y148.436 E194.26928
G1 X140.604 Y147.215 E194.31093
G1 X141.04 Y146.031 E194.3529
G1 X141.621 Y144.918 E194.39466
G1 X142.339 Y143.889 E194.43639
G1 X143.18 Y142.963 E194.478
G1 X144.137 Y142.148 E194.5198
G1 X145.194 Y141.46 E194.56175
G1 X146.32 Y140.918 E194.60332
G1 X147.518 Y140.52 E194.6453
G1 X148.741 Y140.282 E194.68674
G1 X150 Y140.201 E194.7287
G1 X151.259 Y140.282 E194.77067
G1 X152.482 Y140.52 E194.81211
G1 X153.68 Y140.918 E194.85409
G1 X154.806 Y141.46 E194.89566
G1 X155.863 Y142.148 E194.9376
G1 X156.82 Y142.963 E194.97941
G1 X157.661 Y143.889 E195.02102
G1 X158.379 Y144.918 E195.06275
G1 X158.96 Y146.031 E195.10451
G1 X159.396 Y147.215 E195.14647
G1 X159.674 Y148.436 E195.18812
G1 X159.795 Y149.684 E195.22983
G1 X159.754 Y150.945 E195.27179
G1 X159.555 Y152.175 E195.31323
G1 X159.196 Y153.386 E195.35524
G1 X158.688 Y154.532 E195.39694
G1 X158.037 Y155.608 E195.43876
G1 X157.256 Y156.587 E195.48042
G0 F9000 X156.931 Y156.292
G0 X157.046 Y155.438
;TYPE:FILL
G1 F3079.5 X156.52 Y155.878 E195.50323
G1 X155.918 Y156.577 E195.53391
G1 X155.43 Y157.054 E195.55661
G0 F9000 X155.074 Y157.321
G1 F3079.5 X154.714 Y157.552 E195.57083
G1 X154.112 Y157.782 E195.59227
G1 X153.51 Y157.891 E195.61261
G1 X152.908 Y157.872 E195.63265
G1 X152.396 Y157.695 E195.65066
G0 F9000 X152.462 Y157.905
G0 X150.652 Y158.213
G0 X149.348 Y158.213
G0 X148.121 Y158.025
G0 X147.147 Y157.718
G0 X145.796 Y157.156
G0 X145.894 Y156.96
G1 F3079.5 X145.684 Y157.165 E195.66043
G1 X145.169 Y157.496 E195.68079
G0 F9000 X145.278 Y157.305
G0 X143.084 Y154.484
G0 X142.476 Y153.366
G0 X142.237 Y152.697
G0 X141.765 Y151.028
G0 X141.982 Y150.987
G1 F3079.5 X141.47 Y150.559 E195.70298
G1 X141.111 Y150.435 E195.71562
G0 F9000 X141.331 Y150.429
G0 X142.062 Y147.64
G0 X142.274 Y147.698
G1 F3079.5 X142.072 Y147.529 E195.72438
G1 X141.619 Y147.003 E195.74746
G0 F9000 X141.824 Y147.079
G0 X144.359 Y143.401
G0 X144.218 Y143.234
G1 F3079.5 X144.48 Y143.334 E195.75679
G1 X145.082 Y143.443 E195.77714
G1 X145.291 Y143.436 E195.78409
G0 F9000 X145.153 Y143.266
G0 X147.003 Y142.282
G0 X147.084 Y142.485
G1 F3079.5 X147.49 Y142.014 E195.80478
G1 X148.092 Y141.426 E195.83277
G1 X148.361 Y141.253 E195.8434
G0 F9000 X148.402 Y141.469
G0 X151.406 Y141.431
G0 X151.448 Y141.216
G1 F3079.5 X151.704 Y141.43 E195.8545
G1 X152.306 Y142.129 E195.88518
G1 X152.499 Y142.318 E195.89417
G0 F9000 X152.581 Y142.115
G0 X152.886 Y142.255
G0 X154.857 Y143.274
G0 X154.717 Y143.443
G1 F3079.5 X155.316 Y143.424 E195.9141
G1 X155.807 Y143.254 E195.93138
G0 F9000 X155.664 Y143.421
G0 X157.128 Y145.774
G0 X156.942 Y145.893
G1 F3079.5 X157.122 Y145.743 E195.93918
G1 X157.71 Y145.54 E195.95987
G0 F9000 X157.515 Y145.641
G0 X158.669 Y150.449
G0 X158.888 Y150.456
G1 F3079.5 X158.326 Y150.671 E195.97988
G1 X158.032 Y150.86 E195.9915
G0 F9000 X158.353 Y150.847
;MESH:NONMESH
G0 F300 X158.353 Y150.847 Z3.2
G0 F9000 X157.524 Y153.366
G0 X157.032 Y154.271
G0 X156.182 Y155.541
G0 X155.975 Y155.324
;TIME_ELAPSED:286.472576
;LAYER:15
;TYPE:WALL-INNER
;MESH:dannypart.STL
G1 F2058.4 X156.718 Y154.35 E196.03225
G1 X157.303 Y153.273 E196.07301
G1 X157.717 Y152.12 E196.11376
G1 X157.951 Y150.918 E196.15449
G1 X157.997 Y149.694 E196.19523
G1 X157.857 Y148.477 E196.23597
G1 X157.533 Y147.294 E196.27677
G1 X157.03 Y146.176 E196.31754
G1 X156.365 Y145.148 E196.35826
G1 X155.549 Y144.233 E196.39904
G1 X154.604 Y143.454 E196.43977
G1 X153.551 Y142.827 E196.48054
G1 X152.415 Y142.37 E196.52126
G1 X151.222 Y142.092 E196.56201
G1 X150 Y141.997 E196.60277
G1 X148.778 Y142.092 E196.64354
G1 X147.585 Y142.37 E196.68428
G1 X146.449 Y142.827 E196.72501
G1 X145.396 Y143.454 E196.76577
G1 X144.451 Y144.233 E196.8065
G1 X143.635 Y145.148 E196.84728
G1 X142.97 Y146.176 E196.888
G1 X142.467 Y147.294 E196.92878
G1 X142.143 Y148.477 E196.96957
G1 X142.003 Y149.694 E197.01032
G1 X142.049 Y150.918 E197.05105
G1 X142.283 Y152.12 E197.09178
G1 X142.697 Y153.273 E197.13253
G1 X143.282 Y154.35 E197.17329
G1 X144.025 Y155.324 E197.21404
G1 X144.908 Y156.173 E197.25478
G1 X145.91 Y156.879 E197.29555
G1 X147.008 Y157.423 E197.33631
G1 X148.177 Y157.793 E197.37709
G1 X149.369 Y157.976 E197.4172
G1 X150 Y158 E197.4382
G1 X150.631 Y157.976 E197.4592
G1 X151.823 Y157.793 E197.49931
G1 X152.992 Y157.423 E197.5401
G1 X154.09 Y156.879 E197.58085
G1 X155.092 Y156.173 E197.62162
G1 X155.975 Y155.324 E197.66236
G0 F9000 X155.676 Y155.057
G1 F2058.4 X156.381 Y154.132 E197.70104
G1 X156.937 Y153.109 E197.73977
G1 X157.33 Y152.014 E197.77847
G1 X157.552 Y150.872 E197.81716
G1 X157.596 Y149.709 E197.85587
G1 X157.463 Y148.553 E197.89457
G1 X157.155 Y147.43 E197.9333
G1 X156.678 Y146.368 E197.97202
G1 X156.046 Y145.391 E198.01072
G1 X155.271 Y144.522 E198.04945
G1 X154.373 Y143.782 E198.08815
G1 X153.373 Y143.187 E198.12686
G1 X152.294 Y142.753 E198.16554
G1 X151.161 Y142.488 E198.20424
G1 X150 Y142.398 E198.24297
G1 X148.839 Y142.488 E198.2817
G1 X147.706 Y142.753 E198.3204
G1 X146.627 Y143.187 E198.35908
G1 X145.627 Y143.782 E198.39779
G1 X144.729 Y144.522 E198.43649
G1 X143.954 Y145.391 E198.47522
G1 X143.322 Y146.368 E198.51392
G1 X142.845 Y147.43 E198.55264
G1 X142.537 Y148.553 E198.59137
G1 X142.404 Y149.709 E198.63007
G1 X142.448 Y150.872 E198.66878
G1 X142.67 Y152.014 E198.70747
G1 X143.063 Y153.109 E198.74617
G1 X143.619 Y154.132 E198.78489
G1 X144.324 Y155.057 E198.82358
G1 X145.163 Y155.864 E198.8623
G1 X146.115 Y156.534 E198.90101
G1 X147.158 Y157.051 E198.93973
G1 X148.268 Y157.402 E198.97845
G1 X149.407 Y157.577 E199.01678
G1 X150 Y157.6 E199.03652
G1 X150.593 Y157.577 E199.05626
G1 X151.732 Y157.402 E199.09459
G1 X152.842 Y157.051 E199.13331
G1 X153.885 Y156.534 E199.17202
G1 X154.837 Y155.864 E199.21074
G1 X155.676 Y155.057 E199.24946
G0 F9000 X155.376 Y154.79
;TYPE:WALL-OUTER
G1 F2058.4 X156.044 Y153.914 E199.2861
G1 X156.571 Y152.945 E199.32279
G1 X156.943 Y151.908 E199.35943
G1 X157.153 Y150.826 E199.39609
G1 X157.195 Y149.724 E199.43277
G1 X157.069 Y148.629 E199.46943
G1 X156.777 Y147.566 E199.5061
G1 X156.326 Y146.56 E199.54276
G1 X155.727 Y145.634 E199.57945
G1 X154.993 Y144.811 E199.61612
G1 X154.142 Y144.11 E199.65279
G1 X153.195 Y143.547 E199.68944
G1 X152.173 Y143.135 E199.72609
G1 X151.1 Y142.884 E199.76274
G1 X150 Y142.799 E199.79943
G1 X148.9 Y142.884 E199.83613
G1 X147.827 Y143.135 E199.87278
G1 X146.805 Y143.547 E199.90943
G1 X145.858 Y144.11 E199.94607
G1 X145.007 Y144.811 E199.98275
G1 X144.273 Y145.634 E200.01942
G1 X143.674 Y146.56 E200.0561
G1 X143.223 Y147.566 E200.09277
G1 X142.931 Y148.629 E200.12944
G1 X142.805 Y149.724 E200.1661
G1 X142.847 Y150.826 E200.20278
G1 X143.057 Y151.908 E200.23944
G1 X143.429 Y152.945 E200.27608
G1 X143.956 Y153.914 E200.31277
G1 X144.624 Y154.79 E200.34941
G1 X145.418 Y155.555 E200.38608
G1 X146.32 Y156.189 E200.42275
G1 X147.308 Y156.679 E200.45943
G1 X148.359 Y157.011 E200.49609
G1 X149.445 Y157.178 E200.53263
G1 X150 Y157.2 E200.55111
G1 X150.555 Y157.178 E200.56958
G1 X151.641 Y157.011 E200.60613
G1 X152.692 Y156.679 E200.64278
G1 X153.68 Y156.189 E200.67947
G1 X154.582 Y155.555 E200.71614
G1 X155.376 Y154.79 E200.75281
G0 F9000 X155.704 Y155.082
G0 X156.163 Y155.56
G0 X156.444 Y155.843
G0 X156.663 Y156.047
;TYPE:WALL-INNER
G1 F2058.4 X155.821 Y156.86 E200.79174
G1 X154.914 Y157.538 E200.8294
G1 X153.908 Y158.106 E200.86782
G1 X152.836 Y158.539 E200.90628
G1 X151.721 Y158.832 E200.94462
G1 X150.565 Y158.981 E200.98339
G1 X150 Y159 E201.00219
G1 X149.435 Y158.981 E201.02099
G1 X148.279 Y158.832 E201.05976
G1 X147.164 Y158.539 E201.0981
G1 X146.092 Y158.106 E201.13656
G1 X145.086 Y157.538 E201.17498
G1 X144.179 Y156.86 E201.21265
G1 X143.337 Y156.047 E201.25158
G1 X142.616 Y155.143 E201.29003
G1 X142.026 Y154.168 E201.32794
G1 X141.555 Y153.107 E201.36655
G1 X141.227 Y151.998 E201.40501
G1 X141.044 Y150.869 E201.44305
G1 X141.007 Y149.704 E201.48182
G1 X141.116 Y148.567 E201.51981
G1 X141.374 Y147.437 E201.55836
G1 X141.768 Y146.365 E201.59635
G1 X142.309 Y145.33 E201.63519
G1 X142.967 Y144.389 E201.67338
G1 X143.74 Y143.536 E201.71167
G1 X144.617 Y142.789 E201.74999
G1 X145.59 Y142.156 E201.7886
G1 X146.608 Y141.666 E201.82617
G1 X147.722 Y141.296 E201.86521
G1 X148.851 Y141.076 E201.90347
G1 X150 Y141.003 E201.94176
G1 X151.149 Y141.076 E201.98006
G1 X152.278 Y141.296 E202.01831
G1 X153.392 Y141.666 E202.05736
G1 X154.41 Y142.156 E202.09493
G1 X155.383 Y142.789 E202.13354
G1 X156.26 Y143.536 E202.17186
G1 X157.033 Y144.389 E202.21014
G1 X157.691 Y145.33 E202.24833
G1 X158.232 Y146.365 E202.28718
G1 X158.626 Y147.437 E202.32516
G1 X158.884 Y148.567 E202.36372
G1 X158.993 Y149.704 E202.40171
G1 X158.956 Y150.869 E202.44047
G1 X158.773 Y151.998 E202.47851
G1 X158.445 Y153.107 E202.51698
G1 X157.974 Y154.168 E202.55559
G1 X157.384 Y155.143 E202.59349
G1 X156.663 Y156.047 E202.63195
G0 F9000 X156.961 Y156.315
G1 F2058.4 X156.086 Y157.161 E202.67243
G1 X155.129 Y157.876 E202.71217
G1 X154.08 Y158.468 E202.75223
G1 X152.962 Y158.92 E202.79234
G1 X151.797 Y159.226 E202.8324
G1 X150.598 Y159.38 E202.87261
G1 X150 Y159.4 E202.89251
G1 X149.402 Y159.38 E202.91241
G1 X148.203 Y159.226 E202.95261
G1 X147.038 Y158.92 E202.99268
G1 X145.92 Y158.468 E203.03279
G1 X144.871 Y157.876 E203.07285
G1 X143.914 Y157.161 E203.11258
G1 X143.039 Y156.315 E203.15306
G1 X142.291 Y155.378 E203.19294
G1 X141.669 Y154.35 E203.2329
G1 X141.181 Y153.25 E203.27293
G1 X140.835 Y152.083 E203.31341
G1 X140.645 Y150.907 E203.35303
G1 X140.606 Y149.694 E203.3934
G1 X140.721 Y148.501 E203.43326
G1 X140.989 Y147.326 E203.47334
G1 X141.404 Y146.198 E203.51332
G1 X141.965 Y145.124 E203.55362
G1 X142.653 Y144.139 E203.59358
G1 X143.458 Y143.252 E203.63342
G1 X144.379 Y142.467 E203.67367
G1 X145.392 Y141.808 E203.71387
G1 X146.464 Y141.292 E203.75344
G1 X147.62 Y140.908 E203.79395
G1 X148.796 Y140.679 E203.8338
G1 X150 Y140.602 E203.87393
G1 X151.204 Y140.679 E203.91406
G1 X152.38 Y140.908 E203.9539
G1 X153.536 Y141.292 E203.99442
G1 X154.608 Y141.808 E204.03399
G1 X155.621 Y142.467 E204.07418
G1 X156.542 Y143.252 E204.11443
G1 X157.347 Y144.139 E204.15427
G1 X158.035 Y145.124 E204.19423
G1 X158.596 Y146.198 E204.23454
G1 X159.011 Y147.326 E204.27451
G1 X159.279 Y148.501 E204.3146
G1 X159.394 Y149.694 E204.35446
G1 X159.355 Y150.907 E204.39482
G1 X159.165 Y152.083 E204.43445
G1 X158.819 Y153.25 E204.47493
G1 X158.331 Y154.35 E204.51496
G1 X157.709 Y155.378 E204.55492
G1 X156.961 Y156.315 E204.5948
G0 F9000 X157.256 Y156.587
;TYPE:WALL-OUTER
G1 F2058.4 X156.351 Y157.462 E204.63666
G1 X155.344 Y158.214 E204.67847
G1 X154.252 Y158.83 E204.72017
G1 X153.088 Y159.301 E204.76193
G1 X151.873 Y159.62 E204.80371
G1 X150.631 Y159.779 E204.84536
G1 X150 Y159.8 E204.86636
G1 X149.369 Y159.779 E204.88735
G1 X148.127 Y159.62 E204.929
G1 X146.912 Y159.301 E204.97078
G1 X145.748 Y158.83 E205.01255
G1 X144.656 Y158.214 E205.05425
G1 X143.649 Y157.462 E205.09605
G1 X142.744 Y156.587 E205.13792
G1 X141.963 Y155.608 E205.17957
G1 X141.312 Y154.532 E205.2214
G1 X140.804 Y153.386 E205.26309
G1 X140.445 Y152.175 E205.3051
G1 X140.246 Y150.945 E205.34654
G1 X140.205 Y149.684 E205.38851
G1 X140.326 Y148.436 E205.43021
G1 X140.604 Y147.215 E205.47186
G1 X141.04 Y146.031 E205.51383
G1 X141.621 Y144.918 E205.55558
G1 X142.339 Y143.889 E205.59732
G1 X143.18 Y142.963 E205.63892
G1 X144.137 Y142.148 E205.68073
G1 X145.194 Y141.46 E205.72268
G1 X146.32 Y140.918 E205.76424
G1 X147.518 Y140.52 E205.80623
G1 X148.741 Y140.282 E205.84767
G1 X150 Y140.201 E205.88963
G1 X151.259 Y140.282 E205.93159
G1 X152.482 Y140.52 E205.97303
G1 X153.68 Y140.918 E206.01502
G1 X154.806 Y141.46 E206.05658
G1 X155.863 Y142.148 E206.09853
G1 X156.82 Y142.963 E206.14034
G1 X157.661 Y143.889 E206.18194
G1 X158.379 Y144.918 E206.22367
G1 X158.96 Y146.031 E206.26543
G1 X159.396 Y147.215 E206.3074
G1 X159.674 Y148.436 E206.34905
G1 X159.795 Y149.684 E206.39075
G1 X159.754 Y150.945 E206.43272
G1 X159.555 Y152.175 E206.47416
G1 X159.196 Y153.386 E206.51617
G1 X158.688 Y154.532 E206.55786
G1 X158.037 Y155.608 E206.59969
G1 X157.256 Y156.587 E206.64134
G0 F9000 X156.931 Y156.292
G0 X156.444 Y155.843
G0 X157.146 Y154.957
G0 X157.333 Y155.071
;TYPE:FILL
G1 F3087.6 X157.122 Y155.116 E206.64852
G1 X156.52 Y155.593 E206.67406
G1 X155.918 Y156.387 E206.70721
G1 X155.316 Y157.08 E206.73774
G1 X154.714 Y157.541 E206.76296
G1 X154.112 Y157.83 E206.78517
G1 X153.51 Y157.999 E206.80596
G1 X152.908 Y158.052 E206.82606
G1 X152.306 Y157.923 E206.84654
G1 X152.126 Y157.781 E206.85417
G0 F9000 X152.191 Y157.99
G0 X150.652 Y158.213
G0 X149.348 Y158.213
G0 X148.121 Y158.025
G0 X147.147 Y157.718
G0 X145.699 Y157.096
G0 X145.826 Y156.917
G1 F3087.6 X145.684 Y157.08 E206.86136
G1 X145.153 Y157.487 E206.88361
G0 F9000 X145.262 Y157.295
G0 X143.084 Y154.484
G0 X142.476 Y153.366
G0 X142.134 Y152.409
G0 X141.741 Y150.697
G0 X141.962 Y150.69
G1 F3087.6 X141.47 Y150.3 E206.90449
G1 X141.104 Y150.222 E206.91694
G0 F9000 X141.324 Y150.216
G0 X142 Y147.867
G0 X142.212 Y147.925
G1 F3087.6 X142.072 Y147.814 E206.92288
G1 X141.566 Y147.147 E206.95072
G0 F9000 X141.771 Y147.223
G0 X144.342 Y143.416
G0 X144.201 Y143.248
G1 F3087.6 X144.48 Y143.382 E206.96102
G1 X145.082 Y143.551 E206.98182
G1 X145.145 Y143.557 E206.98392
G0 F9000 X145.006 Y143.387
G0 X145.762 Y142.949
G0 X147.28 Y142.171
G0 X147.361 Y142.374
G1 F3087.6 X147.49 Y142.204 E206.99102
G1 X148.092 Y141.511 E207.02155
G1 X148.452 Y141.235 E207.03664
G0 F9000 X148.493 Y141.451
G0 X151.769 Y141.502
G0 X151.811 Y141.287
G1 F3087.6 X152.306 Y141.939 E207.06386
G1 X152.708 Y142.402 E207.08426
G0 F9000 X152.79 Y142.199
G0 X153.281 Y142.432
G0 X155.004 Y143.395
G0 X154.864 Y143.564
G1 F3087.6 X155.316 Y143.604 E207.09935
G1 X155.918 Y143.475 E207.11983
G1 X155.994 Y143.414 E207.12307
G0 F9000 X155.852 Y143.581
G0 X157.014 Y145.598
G0 X156.829 Y145.716
G1 F3087.6 X157.122 Y145.484 E207.1355
G1 X157.624 Y145.376 E207.15258
G0 F9000 X157.437 Y145.491
G0 X158.67 Y150.404
G0 X158.89 Y150.411
G1 F3087.6 X158.326 Y150.682 E207.17339
G1 X158.03 Y150.909 E207.1858
G0 F9000 X158.345 Y150.895
;MESH:NONMESH
G0 F300 X158.345 Y150.895 Z3.4
G0 F9000 X157.524 Y153.366
G0 X157.032 Y154.271
G0 X156.182 Y155.541
G0 X155.975 Y155.324
;TIME_ELAPSED:299.501380
;LAYER:16
;TYPE:WALL-INNER
;MESH:dannypart.STL
G1 F2061.8 X156.718 Y154.35 E207.22654
G1 X157.303 Y153.273 E207.26731
G1 X157.717 Y152.12 E207.30805
G1 X157.951 Y150.918 E207.34878
G1 X157.997 Y149.694 E207.38952
G1 X157.857 Y148.477 E207.43027
G1 X157.533 Y147.294 E207.47106
G1 X157.03 Y146.176 E207.51184
G1 X156.365 Y145.148 E207.55256
G1 X155.549 Y144.233 E207.59333
G1 X154.604 Y143.454 E207.63407
G1 X153.551 Y142.827 E207.67483
G1 X152.415 Y142.37 E207.71556
G1 X151.222 Y142.092 E207.7563
G1 X150 Y141.997 E207.79706
G1 X148.778 Y142.092 E207.83783
G1 X147.585 Y142.37 E207.87857
G1 X146.449 Y142.827 E207.9193
G1 X145.396 Y143.454 E207.96006
G1 X144.451 Y144.233 E208.00079
G1 X143.635 Y145.148 E208.04157
G1 X142.97 Y146.176 E208.08229
G1 X142.467 Y147.294 E208.12307
G1 X142.143 Y148.477 E208.16386
G1 X142.003 Y149.694 E208.20461
G1 X142.049 Y150.918 E208.24535
G1 X142.283 Y152.12 E208.28608
G1 X142.697 Y153.273 E208.32682
G1 X143.282 Y154.35 E208.36759
G1 X144.025 Y155.324 E208.40833
G1 X144.908 Y156.173 E208.44907
G1 X145.91 Y156.879 E208.48984
G1 X147.008 Y157.423 E208.5306
G1 X148.177 Y157.793 E208.57138
G1 X149.369 Y157.976 E208.61149
G1 X150 Y158 E208.63249
G1 X150.631 Y157.976 E208.6535
G1 X151.823 Y157.793 E208.69361
G1 X152.992 Y157.423 E208.73439
G1 X154.09 Y156.879 E208.77514
G1 X155.092 Y156.173 E208.81591
G1 X155.975 Y155.324 E208.85666
G0 F9000 X155.676 Y155.057
G1 F2061.8 X156.381 Y154.132 E208.89534
G1 X156.937 Y153.109 E208.93406
G1 X157.33 Y152.014 E208.97276
G1 X157.552 Y150.872 E209.01145
G1 X157.596 Y149.709 E209.05016
G1 X157.463 Y148.553 E209.08886
G1 X157.155 Y147.43 E209.12759
G1 X156.678 Y146.368 E209.16632
G1 X156.046 Y145.391 E209.20502
G1 X155.271 Y144.522 E209.24374
G1 X154.373 Y143.782 E209.28245
G1 X153.373 Y143.187 E209.32115
G1 X152.294 Y142.753 E209.35983
G1 X151.161 Y142.488 E209.39853
G1 X150 Y142.398 E209.43726
G1 X148.839 Y142.488 E209.47599
G1 X147.706 Y142.753 E209.51469
G1 X146.627 Y143.187 E209.55338
G1 X145.627 Y143.782 E209.59208
G1 X144.729 Y144.522 E209.63078
G1 X143.954 Y145.391 E209.66951
G1 X143.322 Y146.368 E209.70821
G1 X142.845 Y147.43 E209.74693
G1 X142.537 Y148.553 E209.78566
G1 X142.404 Y149.709 E209.82436
G1 X142.448 Y150.872 E209.86307
G1 X142.67 Y152.014 E209.90177
G1 X143.063 Y153.109 E209.94046
G1 X143.619 Y154.132 E209.97919
G1 X144.324 Y155.057 E210.01787
G1 X145.163 Y155.864 E210.05659
G1 X146.115 Y156.534 E210.09531
G1 X147.158 Y157.051 E210.13403
G1 X148.268 Y157.402 E210.17275
G1 X149.407 Y157.577 E210.21107
G1 X150 Y157.6 E210.23081
G1 X150.593 Y157.577 E210.25055
G1 X151.732 Y157.402 E210.28888
G1 X152.842 Y157.051 E210.3276
G1 X153.885 Y156.534 E210.36632
G1 X154.837 Y155.864 E210.40504
G1 X155.676 Y155.057 E210.44376
G0 F9000 X155.376 Y154.79
;TYPE:WALL-OUTER
G1 F2061.8 X156.044 Y153.914 E210.4804
G1 X156.571 Y152.945 E210.51708
G1 X156.943 Y151.908 E210.55373
G1 X157.153 Y150.826 E210.59038
G1 X157.195 Y149.724 E210.62706
G1 X157.069 Y148.629 E210.66372
G1 X156.777 Y147.566 E210.70039
G1 X156.326 Y146.56 E210.73706
G1 X155.727 Y145.634 E210.77374
G1 X154.993 Y144.811 E210.81042
G1 X154.142 Y144.11 E210.84709
G1 X153.195 Y143.547 E210.88373
G1 X152.173 Y143.135 E210.92038
G1 X151.1 Y142.884 E210.95703
G1 X150 Y142.799 E210.99373
G1 X148.9 Y142.884 E211.03042
G1 X147.827 Y143.135 E211.06707
G1 X146.805 Y143.547 E211.10372
G1 X145.858 Y144.11 E211.14037
G1 X145.007 Y144.811 E211.17704
G1 X144.273 Y145.634 E211.21372
G1 X143.674 Y146.56 E211.2504
G1 X143.223 Y147.566 E211.28707
G1 X142.931 Y148.629 E211.32373
G1 X142.805 Y149.724 E211.36039
G1 X142.847 Y150.826 E211.39707
G1 X143.057 Y151.908 E211.43373
G1 X143.429 Y152.945 E211.47037
G1 X143.956 Y153.914 E211.50706
G1 X144.624 Y154.79 E211.5437
G1 X145.418 Y155.555 E211.58037
G1 X146.32 Y156.189 E211.61704
G1 X147.308 Y156.679 E211.65372
G1 X148.359 Y157.011 E211.69038
G1 X149.445 Y157.178 E211.72693
G1 X150 Y157.2 E211.7454
G1 X150.555 Y157.178 E211.76387
G1 X151.641 Y157.011 E211.80042
G1 X152.692 Y156.679 E211.83708
G1 X153.68 Y156.189 E211.87376
G1 X154.582 Y155.555 E211.91043
G1 X155.376 Y154.79 E211.9471
G0 F9000 X155.704 Y155.082
G0 X156.163 Y155.56
G0 X156.444 Y155.843
G0 X156.663 Y156.047
;TYPE:WALL-INNER
G1 F2061.8 X155.821 Y156.86 E211.98603
G1 X154.914 Y157.538 E212.02369
G1 X153.908 Y158.106 E212.06212
G1 X152.836 Y158.539 E212.10057
G1 X151.721 Y158.832 E212.13892
G1 X150.565 Y158.981 E212.17768
G1 X150 Y159 E212.19648
G1 X149.435 Y158.981 E212.21529
G1 X148.279 Y158.832 E212.25405
G1 X147.164 Y158.539 E212.2924
G1 X146.092 Y158.106 E212.33085
G1 X145.086 Y157.538 E212.36928
G1 X144.179 Y156.86 E212.40694
G1 X143.337 Y156.047 E212.44587
G1 X142.616 Y155.143 E212.48433
G1 X142.026 Y154.168 E212.52223
G1 X141.555 Y153.107 E212.56084
G1 X141.227 Y151.998 E212.59931
G1 X141.044 Y150.869 E212.63735
G1 X141.007 Y149.704 E212.67612
G1 X141.116 Y148.567 E212.71411
G1 X141.374 Y147.437 E212.75266
G1 X141.768 Y146.365 E212.79064
G1 X142.309 Y145.33 E212.82949
G1 X142.967 Y144.389 E212.86768
G1 X143.74 Y143.536 E212.90596
G1 X144.617 Y142.789 E212.94428
G1 X145.59 Y142.156 E212.98289
G1 X146.608 Y141.666 E213.02047
G1 X147.722 Y141.296 E213.05951
G1 X148.851 Y141.076 E213.09776
G1 X150 Y141.003 E213.13606
G1 X151.149 Y141.076 E213.17435
G1 X152.278 Y141.296 E213.21261
G1 X153.392 Y141.666 E213.25165
G1 X154.41 Y142.156 E213.28923
G1 X155.383 Y142.789 E213.32783
G1 X156.26 Y143.536 E213.36615
G1 X157.033 Y144.389 E213.40444
G1 X157.691 Y145.33 E213.44263
G1 X158.232 Y146.365 E213.48147
G1 X158.626 Y147.437 E213.51946
G1 X158.884 Y148.567 E213.55801
G1 X158.993 Y149.704 E213.596
G1 X158.956 Y150.869 E213.63477
G1 X158.773 Y151.998 E213.67281
G1 X158.445 Y153.107 E213.71127
G1 X157.974 Y154.168 E213.74988
G1 X157.384 Y155.143 E213.78779
G1 X156.663 Y156.047 E213.82625
G0 F9000 X156.961 Y156.315
G1 F2061.8 X156.086 Y157.161 E213.86673
G1 X155.129 Y157.876 E213.90646
G1 X154.08 Y158.468 E213.94652
G1 X152.962 Y158.92 E213.98663
G1 X151.797 Y159.226 E214.02669
G1 X150.598 Y159.38 E214.0669
G1 X150 Y159.4 E214.0868
G1 X149.402 Y159.38 E214.1067
G1 X148.203 Y159.226 E214.14691
G1 X147.038 Y158.92 E214.18697
G1 X145.92 Y158.468 E214.22708
G1 X144.871 Y157.876 E214.26714
G1 X143.914 Y157.161 E214.30687
G1 X143.039 Y156.315 E214.34735
G1 X142.291 Y155.378 E214.38723
G1 X141.669 Y154.35 E214.42719
G1 X141.181 Y153.25 E214.46722
G1 X140.835 Y152.083 E214.5077
G1 X140.645 Y150.907 E214.54732
G1 X140.606 Y149.694 E214.58769
G1 X140.721 Y148.501 E214.62755
G1 X140.989 Y147.326 E214.66764
G1 X141.404 Y146.198 E214.70761
G1 X141.965 Y145.124 E214.74791
G1 X142.653 Y144.139 E214.78788
G1 X143.458 Y143.252 E214.82772
G1 X144.379 Y142.467 E214.86797
G1 X145.392 Y141.808 E214.90816
G1 X146.464 Y141.292 E214.94773
G1 X147.62 Y140.908 E214.98825
G1 X148.796 Y140.679 E215.02809
G1 X150 Y140.602 E215.06822
G1 X151.204 Y140.679 E215.10835
G1 X152.38 Y140.908 E215.1482
G1 X153.536 Y141.292 E215.18871
G1 X154.608 Y141.808 E215.22828
G1 X155.621 Y142.467 E215.26848
G1 X156.542 Y143.252 E215.30873
G1 X157.347 Y144.139 E215.34857
G1 X158.035 Y145.124 E215.38853
G1 X158.596 Y146.198 E215.42883
G1 X159.011 Y147.326 E215.4688
G1 X159.279 Y148.501 E215.50889
G1 X159.394 Y149.694 E215.54875
G1 X159.355 Y150.907 E215.58912
G1 X159.165 Y152.083 E215.62874
G1 X158.819 Y153.25 E215.66922
G1 X158.331 Y154.35 E215.70925
G1 X157.709 Y155.378 E215.74921
G1 X156.961 Y156.315 E215.78909
G0 F9000 X157.256 Y156.587
;TYPE:WALL-OUTER
G1 F2061.8 X156.351 Y157.462 E215.83096
G1 X155.344 Y158.214 E215.87276
G1 X154.252 Y158.83 E215.91446
G1 X153.088 Y159.301 E215.95622
G1 X151.873 Y159.62 E215.998
G1 X150.631 Y159.779 E216.03965
G1 X150 Y159.8 E216.06065
G1 X149.369 Y159.779 E216.08165
G1 X148.127 Y159.62 E216.12329
G1 X146.912 Y159.301 E216.16507
G1 X145.748 Y158.83 E216.20684
G1 X144.656 Y158.214 E216.24854
G1 X143.649 Y157.462 E216.29034
G1 X142.744 Y156.587 E216.33221
G1 X141.963 Y155.608 E216.37386
G1 X141.312 Y154.532 E216.41569
G1 X140.804 Y153.386 E216.45738
G1 X140.445 Y152.175 E216.49939
G1 X140.246 Y150.945 E216.54084
G1 X140.205 Y149.684 E216.5828
G1 X140.326 Y148.436 E216.6245
G1 X140.604 Y147.215 E216.66615
G1 X141.04 Y146.031 E216.70812
G1 X141.621 Y144.918 E216.74988
G1 X142.339 Y143.889 E216.79161
G1 X143.18 Y142.963 E216.83321
G1 X144.137 Y142.148 E216.87502
G1 X145.194 Y141.46 E216.91697
G1 X146.32 Y140.918 E216.95853
G1 X147.518 Y140.52 E217.00052
G1 X148.741 Y140.282 E217.04196
G1 X150 Y140.201 E217.08392
G1 X151.259 Y140.282 E217.12588
G1 X152.482 Y140.52 E217.16732
G1 X153.68 Y140.918 E217.20931
G1 X154.806 Y141.46 E217.25087
G1 X155.863 Y142.148 E217.29282
G1 X156.82 Y142.963 E217.33463
G1 X157.661 Y143.889 E217.37624
G1 X158.379 Y144.918 E217.41797
G1 X158.96 Y146.031 E217.45973
G1 X159.396 Y147.215 E217.50169
G1 X159.674 Y148.436 E217.54334
G1 X159.795 Y149.684 E217.58505
G1 X159.754 Y150.945 E217.62701
G1 X159.555 Y152.175 E217.66845
G1 X159.196 Y153.386 E217.71046
G1 X158.688 Y154.532 E217.75215
G1 X158.037 Y155.608 E217.79398
G1 X157.256 Y156.587 E217.83564
G0 F9000 X156.931 Y156.292
G0 X156.444 Y155.843
G0 X157.321 Y154.668
G0 X157.509 Y154.782
;TYPE:FILL
G1 F3092.7 X157.122 Y154.79 E217.84851
G1 X156.52 Y155.206 E217.87285
G1 X155.918 Y156.161 E217.9104
G1 X155.316 Y157.001 E217.94477
G1 X154.714 Y157.544 E217.97173
G1 X154.112 Y157.895 E217.99491
G1 X153.51 Y158.127 E218.01637
G1 X152.908 Y158.262 E218.03689
G1 X152.306 Y158.249 E218.05692
G1 X151.773 Y157.88 E218.07848
G0 F9000 X151.806 Y158.098
G0 X150 Y158.24
G0 X149.348 Y158.213
G0 X148.121 Y158.025
G0 X147.147 Y157.718
G0 X145.645 Y157.057
G0 X145.771 Y156.879
G1 F3092.7 X145.684 Y157.001 E218.08346
G1 X145.148 Y157.484 E218.10746
G0 F9000 X145.257 Y157.293
G0 X143.084 Y154.484
G0 X142.476 Y153.366
G0 X142.134 Y152.409
G0 X141.727 Y150.311
G0 X141.947 Y150.304
G1 F3092.7 X141.47 Y149.974 E218.12675
G1 X141.096 Y149.966 E218.13919
G0 F9000 X141.316 Y149.96
G0 X141.914 Y148.18
G0 X142.126 Y148.238
G1 F3092.7 X142.072 Y148.201 E218.14137
G1 X141.508 Y147.306 E218.17655
G0 F9000 X141.713 Y147.382
G0 X144.317 Y143.437
G0 X144.176 Y143.27
G1 F3092.7 X144.48 Y143.447 E218.18825
G1 X145.024 Y143.657 E218.20765
G0 F9000 X144.885 Y143.486
G0 X146.064 Y142.779
G0 X147.544 Y142.072
G0 X147.593 Y142.286
G1 F3092.7 X148.092 Y141.59 E218.23613
G1 X148.494 Y141.227 E218.25415
G0 F9000 X148.535 Y141.443
G0 X152.027 Y141.552
G0 X152.069 Y141.337
G1 F3092.7 X152.306 Y141.713 E218.26893
G1 X152.836 Y142.453 E218.29921
G0 F9000 X152.918 Y142.251
G0 X153.337 Y142.454
G0 X155.252 Y143.599
G0 X155.112 Y143.768
G1 F3092.7 X155.316 Y143.814 E218.30616
G1 X155.918 Y143.801 E218.32619
G1 X156.211 Y143.599 E218.33802
G0 F9000 X156.057 Y143.755
G0 X156.855 Y145.351
G0 X156.67 Y145.47
G1 F3092.7 X157.122 Y145.158 E218.35629
G1 X157.466 Y145.151 E218.36774
G0 F9000 X157.286 Y145.276
G0 X158.672 Y150.342
G0 X158.892 Y150.349
G1 F3092.7 X158.326 Y150.679 E218.38953
G1 X158.025 Y150.951 E218.40302
G0 F9000 X158.326 Y151.016
;MESH:NONMESH
G0 F300 X158.326 Y151.016 Z3.6
G0 F9000 X157.524 Y153.366
G0 X157.032 Y154.271
G0 X156.182 Y155.541
G0 X155.975 Y155.324
;TIME_ELAPSED:312.554721
;LAYER:17
;TYPE:WALL-INNER
;MESH:dannypart.STL
G1 F2060.9 X156.718 Y154.35 E218.44377
G1 X157.303 Y153.273 E218.48453
G1 X157.717 Y152.12 E218.52528
G1 X157.951 Y150.918 E218.56601
G1 X157.997 Y149.694 E218.60674
G1 X157.857 Y148.477 E218.64749
G1 X157.533 Y147.294 E218.68828
G1 X157.03 Y146.176 E218.72906
G1 X156.365 Y145.148 E218.76978
G1 X155.549 Y144.233 E218.81056
G1 X154.604 Y143.454 E218.85129
G1 X153.551 Y142.827 E218.89205
G1 X152.415 Y142.37 E218.93278
G1 X151.222 Y142.092 E218.97352
G1 X150 Y141.997 E219.01429
G1 X148.778 Y142.092 E219.05506
G1 X147.585 Y142.37 E219.0958
G1 X146.449 Y142.827 E219.13652
G1 X145.396 Y143.454 E219.17729
G1 X144.451 Y144.233 E219.21802
G1 X143.635 Y145.148 E219.2588
G1 X142.97 Y146.176 E219.29952
G1 X142.467 Y147.294 E219.34029
G1 X142.143 Y148.477 E219.38109
G1 X142.003 Y149.694 E219.42183
G1 X142.049 Y150.918 E219.46257
G1 X142.283 Y152.12 E219.5033
G1 X142.697 Y153.273 E219.54405
G1 X143.282 Y154.35 E219.58481
G1 X144.025 Y155.324 E219.62556
G1 X144.908 Y156.173 E219.6663
G1 X145.91 Y156.879 E219.70707
G1 X147.008 Y157.423 E219.74782
G1 X148.177 Y157.793 E219.7886
G1 X149.369 Y157.976 E219.82872
G1 X150 Y158 E219.84972
G1 X150.631 Y157.976 E219.87072
G1 X151.823 Y157.793 E219.91083
G1 X152.992 Y157.423 E219.95161
G1 X154.09 Y156.879 E219.99237
G1 X155.092 Y156.173 E220.03314
G1 X155.975 Y155.324 E220.07388
G0 F9000 X155.676 Y155.057
G1 F2060.9 X156.381 Y154.132 E220.11256
G1 X156.937 Y153.109 E220.15129
G1 X157.33 Y152.014 E220.18998
G1 X157.552 Y150.872 E220.22868
G1 X157.596 Y149.709 E220.26739
G1 X157.463 Y148.553 E220.30609
G1 X157.155 Y147.43 E220.34482
G1 X156.678 Y146.368 E220.38354
G1 X156.046 Y145.391 E220.42224
G1 X155.271 Y144.522 E220.46097
G1 X154.373 Y143.782 E220.49967
G1 X153.373 Y143.187 E220.53837
G1 X152.294 Y142.753 E220.57705
G1 X151.161 Y142.488 E220.61576
G1 X150 Y142.398 E220.65449
G1 X148.839 Y142.488 E220.69322
G1 X147.706 Y142.753 E220.73192
G1 X146.627 Y143.187 E220.7706
G1 X145.627 Y143.782 E220.8093
G1 X144.729 Y144.522 E220.848
G1 X143.954 Y145.391 E220.88673
G1 X143.322 Y146.368 E220.92543
G1 X142.845 Y147.43 E220.96415
G1 X142.537 Y148.553 E221.00289
G1 X142.404 Y149.709 E221.04159
G1 X142.448 Y150.872 E221.0803
G1 X142.67 Y152.014 E221.11899
G1 X143.063 Y153.109 E221.15769
G1 X143.619 Y154.132 E221.19641
G1 X144.324 Y155.057 E221.23509
G1 X145.163 Y155.864 E221.27381
G1 X146.115 Y156.534 E221.31253
G1 X147.158 Y157.051 E221.35125
G1 X148.268 Y157.402 E221.38997
G1 X149.407 Y157.577 E221.4283
G1 X150 Y157.6 E221.44804
G1 X150.593 Y157.577 E221.46777
G1 X151.732 Y157.402 E221.5061
G1 X152.842 Y157.051 E221.54482
G1 X153.885 Y156.534 E221.58354
G1 X154.837 Y155.864 E221.62226
G1 X155.676 Y155.057 E221.66098
G0 F9000 X155.376 Y154.79
;TYPE:WALL-OUTER
G1 F2060.9 X156.044 Y153.914 E221.69762
G1 X156.571 Y152.945 E221.73431
G1 X156.943 Y151.908 E221.77095
G1 X157.153 Y150.826 E221.80761
G1 X157.195 Y149.724 E221.84429
G1 X157.069 Y148.629 E221.88095
G1 X156.777 Y147.566 E221.91761
G1 X156.326 Y146.56 E221.95428
G1 X155.727 Y145.634 E221.99096
G1 X154.993 Y144.811 E222.02764
G1 X154.142 Y144.11 E222.06431
G1 X153.195 Y143.547 E222.10095
G1 X152.173 Y143.135 E222.1376
G1 X151.1 Y142.884 E222.17426
G1 X150 Y142.799 E222.21095
G1 X148.9 Y142.884 E222.24765
G1 X147.827 Y143.135 E222.2843
G1 X146.805 Y143.547 E222.32095
G1 X145.858 Y144.11 E222.35759
G1 X145.007 Y144.811 E222.39426
G1 X144.273 Y145.634 E222.43094
G1 X143.674 Y146.56 E222.46762
G1 X143.223 Y147.566 E222.50429
G1 X142.931 Y148.629 E222.54095
G1 X142.805 Y149.724 E222.57761
G1 X142.847 Y150.826 E222.61429
G1 X143.057 Y151.908 E222.65095
G1 X143.429 Y152.945 E222.6876
G1 X143.956 Y153.914 E222.72428
G1 X144.624 Y154.79 E222.76092
G1 X145.418 Y155.555 E222.7976
G1 X146.32 Y156.189 E222.83427
G1 X147.308 Y156.679 E222.87095
G1 X148.359 Y157.011 E222.9076
G1 X149.445 Y157.178 E222.94415
G1 X150 Y157.2 E222.96262
G1 X150.555 Y157.178 E222.9811
G1 X151.641 Y157.011 E223.01764
G1 X152.692 Y156.679 E223.0543
G1 X153.68 Y156.189 E223.09098
G1 X154.582 Y155.555 E223.12765
G1 X155.376 Y154.79 E223.16432
G0 F9000 X155.704 Y155.082
G0 X156.163 Y155.56
G0 X156.444 Y155.843
G0 X156.663 Y156.047
;TYPE:WALL-INNER
G1 F2060.9 X155.821 Y156.86 E223.20325
G1 X154.914 Y157.538 E223.24092
G1 X153.908 Y158.106 E223.27934
G1 X152.836 Y158.539 E223.31779
G1 X151.721 Y158.832 E223.35614
G1 X150.565 Y158.981 E223.39491
G1 X150 Y159 E223.41371
G1 X149.435 Y158.981 E223.43251
G1 X148.279 Y158.832 E223.47128
G1 X147.164 Y158.539 E223.50962
G1 X146.092 Y158.106 E223.54808
G1 X145.086 Y157.538 E223.5865
G1 X144.179 Y156.86 E223.62416
G1 X143.337 Y156.047 E223.66309
G1 X142.616 Y155.143 E223.70155
G1 X142.026 Y154.168 E223.73946
G1 X141.555 Y153.107 E223.77807
G1 X141.227 Y151.998 E223.81653
G1 X141.044 Y150.869 E223.85457
G1 X141.007 Y149.704 E223.89334
G1 X141.116 Y148.567 E223.93133
G1 X141.374 Y147.437 E223.96988
G1 X141.768 Y146.365 E224.00787
G1 X142.309 Y145.33 E224.04671
G1 X142.967 Y144.389 E224.0849
G1 X143.74 Y143.536 E224.12319
G1 X144.617 Y142.789 E224.1615
G1 X145.59 Y142.156 E224.20011
G1 X146.608 Y141.666 E224.23769
G1 X147.722 Y141.296 E224.27673
G1 X148.851 Y141.076 E224.31499
G1 X150 Y141.003 E224.35328
G1 X151.149 Y141.076 E224.39157
G1 X152.278 Y141.296 E224.42983
G1 X153.392 Y141.666 E224.46887
G1 X154.41 Y142.156 E224.50645
G1 X155.383 Y142.789 E224.54506
G1 X156.26 Y143.536 E224.58337
G1 X157.033 Y144.389 E224.62166
G1 X157.691 Y145.33 E224.65985
G1 X158.232 Y146.365 E224.69869
G1 X158.626 Y147.437 E224.73668
G1 X158.884 Y148.567 E224.77523
G1 X158.993 Y149.704 E224.81322
G1 X158.956 Y150.869 E224.85199
G1 X158.773 Y151.998 E224.89003
G1 X158.445 Y153.107 E224.9285
G1 X157.974 Y154.168 E224.96711
G1 X157.384 Y155.143 E225.00501
G1 X156.663 Y156.047 E225.04347
G0 F9000 X156.961 Y156.315
G1 F2060.9 X156.086 Y157.161 E225.08395
G1 X155.129 Y157.876 E225.12368
G1 X154.08 Y158.468 E225.16375
G1 X152.962 Y158.92 E225.20385
G1 X151.797 Y159.226 E225.24392
G1 X150.598 Y159.38 E225.28412
G1 X150 Y159.4 E225.30402
G1 X149.402 Y159.38 E225.32392
G1 X148.203 Y159.226 E225.36413
G1 X147.038 Y158.92 E225.40419
G1 X145.92 Y158.468 E225.4443
G1 X144.871 Y157.876 E225.48436
G1 X143.914 Y157.161 E225.5241
G1 X143.039 Y156.315 E225.56458
G1 X142.291 Y155.378 E225.60446
G1 X141.669 Y154.35 E225.64442
G1 X141.181 Y153.25 E225.68444
G1 X140.835 Y152.083 E225.72493
G1 X140.645 Y150.907 E225.76455
G1 X140.606 Y149.694 E225.80491
G1 X140.721 Y148.501 E225.84478
G1 X140.989 Y147.326 E225.88486
G1 X141.404 Y146.198 E225.92484
G1 X141.965 Y145.124 E225.96514
G1 X142.653 Y144.139 E226.0051
G1 X143.458 Y143.252 E226.04494
G1 X144.379 Y142.467 E226.08519
G1 X145.392 Y141.808 E226.12538
G1 X146.464 Y141.292 E226.16496
G1 X147.62 Y140.908 E226.20547
G1 X148.796 Y140.679 E226.24532
G1 X150 Y140.602 E226.28545
G1 X151.204 Y140.679 E226.32557
G1 X152.38 Y140.908 E226.36542
G1 X153.536 Y141.292 E226.40594
G1 X154.608 Y141.808 E226.44551
G1 X155.621 Y142.467 E226.4857
G1 X156.542 Y143.252 E226.52595
G1 X157.347 Y144.139 E226.56579
G1 X158.035 Y145.124 E226.60575
G1 X158.596 Y146.198 E226.64605
G1 X159.011 Y147.326 E226.68603
G1 X159.279 Y148.501 E226.72611
G1 X159.394 Y149.694 E226.76598
G1 X159.355 Y150.907 E226.80634
G1 X159.165 Y152.083 E226.84596
G1 X158.819 Y153.25 E226.88645
G1 X158.331 Y154.35 E226.92647
G1 X157.709 Y155.378 E226.96644
G1 X156.961 Y156.315 E227.00631
G0 F9000 X157.256 Y156.587
;TYPE:WALL-OUTER
G1 F2060.9 X156.351 Y157.462 E227.04818
G1 X155.344 Y158.214 E227.08998
G1 X154.252 Y158.83 E227.13168
G1 X153.088 Y159.301 E227.17345
G1 X151.873 Y159.62 E227.21523
G1 X150.631 Y159.779 E227.25687
G1 X150 Y159.8 E227.27787
G1 X149.369 Y159.779 E227.29887
G1 X148.127 Y159.62 E227.34052
G1 X146.912 Y159.301 E227.3823
G1 X145.748 Y158.83 E227.42406
G1 X144.656 Y158.214 E227.46576
G1 X143.649 Y157.462 E227.50756
G1 X142.744 Y156.587 E227.54943
G1 X141.963 Y155.608 E227.59109
G1 X141.312 Y154.532 E227.63291
G1 X140.804 Y153.386 E227.67461
G1 X140.445 Y152.175 E227.71662
G1 X140.246 Y150.945 E227.75806
G1 X140.205 Y149.684 E227.80002
G1 X140.326 Y148.436 E227.84173
G1 X140.604 Y147.215 E227.88338
G1 X141.04 Y146.031 E227.92534
G1 X141.621 Y144.918 E227.9671
G1 X142.339 Y143.889 E228.00883
G1 X143.18 Y142.963 E228.05044
G1 X144.137 Y142.148 E228.09225
G1 X145.194 Y141.46 E228.13419
G1 X146.32 Y140.918 E228.17576
G1 X147.518 Y140.52 E228.21774
G1 X148.741 Y140.282 E228.25919
G1 X150 Y140.201 E228.30115
G1 X151.259 Y140.282 E228.34311
G1 X152.482 Y140.52 E228.38455
G1 X153.68 Y140.918 E228.42653
G1 X154.806 Y141.46 E228.4681
G1 X155.863 Y142.148 E228.51005
G1 X156.82 Y142.963 E228.55185
G1 X157.661 Y143.889 E228.59346
G1 X158.379 Y144.918 E228.63519
G1 X158.96 Y146.031 E228.67695
G1 X159.396 Y147.215 E228.71892
G1 X159.674 Y148.436 E228.76057
G1 X159.795 Y149.684 E228.80227
G1 X159.754 Y150.945 E228.84423
G1 X159.555 Y152.175 E228.88567
G1 X159.196 Y153.386 E228.92768
G1 X158.688 Y154.532 E228.96938
G1 X158.037 Y155.608 E229.01121
G1 X157.256 Y156.587 E229.05286
G0 F9000 X156.931 Y156.292
G0 X156.444 Y155.843
G0 X156.374 Y155.295
G0 X156.2 Y155.162
;TYPE:FILL
G1 F3091.4 X155.918 Y155.85 E229.07759
G1 X155.316 Y156.925 E229.11857
G1 X154.719 Y157.559 E229.14753
G0 F9000 X154.611 Y157.367
G0 X151.942 Y158.465
G0 X151.997 Y158.678
G1 F3091.4 X151.704 Y158.657 E229.1573
G1 X151.408 Y157.936 E229.18323
G0 F9000 X151.441 Y158.153
G0 X150 Y158.24
G0 X149.348 Y158.213
G0 X148.121 Y158.025
G0 X147.147 Y157.718
G0 X145.601 Y157.026
G0 X145.727 Y156.848
G1 F3091.4 X145.684 Y156.925 E229.18616
G1 X145.154 Y157.487 E229.21185
G0 F9000 X145.262 Y157.296
G0 X143.084 Y154.484
G0 X142.476 Y153.366
G0 X142.052 Y152.183
G0 X141.858 Y151.184
G0 X141.722 Y149.532
G0 X141.939 Y149.557
G1 F3091.4 X141.47 Y149.523 E229.22749
G1 X141.093 Y149.642 E229.24064
G0 F9000 X141.311 Y149.663
G0 X141.798 Y148.863
G0 X142.016 Y148.888
G1 F3091.4 X141.47 Y147.557 E229.28849
G1 X141.441 Y147.505 E229.29047
G0 F9000 X141.654 Y147.554
G0 X144.283 Y143.466
G0 X144.142 Y143.298
G1 F3091.4 X144.48 Y143.53 E229.30411
G1 X144.916 Y143.746 E229.32029
G0 F9000 X144.777 Y143.575
G0 X146.185 Y142.709
G0 X147.718 Y142.032
G0 X147.767 Y142.246
G1 F3091.4 X148.092 Y141.666 E229.3424
G1 X148.508 Y141.225 E229.36257
G0 F9000 X148.549 Y141.441
G0 X152.232 Y141.596
G0 X152.301 Y141.389
G1 F3091.4 X152.306 Y141.402 E229.36303
G1 X152.908 Y142.477 E229.40401
G1 X152.915 Y142.485 E229.40436
G0 F9000 X152.997 Y142.282
G0 X154.411 Y143.073
G0 X155.703 Y143.971
G0 X155.563 Y144.14
G1 F3091.4 X155.918 Y144.252 E229.41674
G1 X156.52 Y144.209 E229.43682
G1 X156.596 Y144.024 E229.44347
G0 F9000 X157.166 Y144.721
G1 F3091.4 X157.122 Y144.707 E229.44501
G1 X156.52 Y144.75 E229.46508
G1 X156.394 Y145.057 E229.47612
G0 F9000 X156.558 Y144.912
G0 X157.241 Y146.061
G0 X157.659 Y146.991
G0 X158.675 Y150.261
G0 X158.895 Y150.268
G1 F3091.4 X158.326 Y150.659 E229.49908
G1 X158.018 Y150.986 E229.51402
G0 F9000 X158.234 Y151.029
G0 X157.484 Y154.399
G0 X157.672 Y154.513
G1 F3091.4 X157.122 Y154.339 E229.53321
G1 X156.802 Y154.362 E229.54388
G0 F9000 X157.072 Y154.498
;MESH:NONMESH
G0 F300 X157.072 Y154.498 Z3.8
G0 F9000 X156.182 Y155.541
G0 X155.975 Y155.324
;TIME_ELAPSED:325.795236
;LAYER:18
;TYPE:WALL-INNER
;MESH:dannypart.STL
G1 F2034.2 X156.718 Y154.35 E229.58462
G1 X157.303 Y153.273 E229.62539
G1 X157.717 Y152.12 E229.66613
G1 X157.951 Y150.918 E229.70686
G1 X157.997 Y149.694 E229.7476
G1 X157.857 Y148.477 E229.78835
G1 X157.533 Y147.294 E229.82914
G1 X157.03 Y146.176 E229.86992
G1 X156.365 Y145.148 E229.91064
G1 X155.549 Y144.233 E229.95142
G1 X154.604 Y143.454 E229.99215
G1 X153.551 Y142.827 E230.03291
G1 X152.415 Y142.37 E230.07364
G1 X151.222 Y142.092 E230.11438
G1 X150 Y141.997 E230.15515
G1 X148.778 Y142.092 E230.19591
G1 X147.585 Y142.37 E230.23665
G1 X146.449 Y142.827 E230.27738
G1 X145.396 Y143.454 E230.31814
G1 X144.451 Y144.233 E230.35888
G1 X143.635 Y145.148 E230.39965
G1 X142.97 Y146.176 E230.44037
G1 X142.467 Y147.294 E230.48115
G1 X142.143 Y148.477 E230.52195
G1 X142.003 Y149.694 E230.56269
G1 X142.049 Y150.918 E230.60343
G1 X142.283 Y152.12 E230.64416
G1 X142.697 Y153.273 E230.6849
G1 X143.282 Y154.35 E230.72567
G1 X144.025 Y155.324 E230.76641
G1 X144.908 Y156.173 E230.80716
G1 X145.91 Y156.879 E230.84792
G1 X147.008 Y157.423 E230.88868
G1 X148.177 Y157.793 E230.92946
G1 X149.369 Y157.976 E230.96957
G1 X150 Y158 E230.99058
G1 X150.631 Y157.976 E231.01158
G1 X151.823 Y157.793 E231.05169
G1 X152.992 Y157.423 E231.09247
G1 X154.09 Y156.879 E231.13323
G1 X155.092 Y156.173 E231.17399
G1 X155.975 Y155.324 E231.21474
G0 F9000 X155.676 Y155.057
G1 F2034.2 X156.381 Y154.132 E231.25342
G1 X156.937 Y153.109 E231.29214
G1 X157.33 Y152.014 E231.33084
G1 X157.552 Y150.872 E231.36953
G1 X157.596 Y149.709 E231.40824
G1 X157.463 Y148.553 E231.44694
G1 X157.155 Y147.43 E231.48568
G1 X156.678 Y146.368 E231.5244
G1 X156.046 Y145.391 E231.5631
G1 X155.271 Y144.522 E231.60183
G1 X154.373 Y143.782 E231.64053
G1 X153.373 Y143.187 E231.67923
G1 X152.294 Y142.753 E231.71791
G1 X151.161 Y142.488 E231.75661
G1 X150 Y142.398 E231.79534
G1 X148.839 Y142.488 E231.83407
G1 X147.706 Y142.753 E231.87278
G1 X146.627 Y143.187 E231.91146
G1 X145.627 Y143.782 E231.95016
G1 X144.729 Y144.522 E231.98886
G1 X143.954 Y145.391 E232.02759
G1 X143.322 Y146.368 E232.06629
G1 X142.845 Y147.43 E232.10501
G1 X142.537 Y148.553 E232.14374
G1 X142.404 Y149.709 E232.18245
G1 X142.448 Y150.872 E232.22115
G1 X142.67 Y152.014 E232.25985
G1 X143.063 Y153.109 E232.29854
G1 X143.619 Y154.132 E232.33727
G1 X144.324 Y155.057 E232.37595
G1 X145.163 Y155.864 E232.41467
G1 X146.115 Y156.534 E232.45339
G1 X147.158 Y157.051 E232.49211
G1 X148.268 Y157.402 E232.53083
G1 X149.407 Y157.577 E232.56916
G1 X150 Y157.6 E232.58889
G1 X150.593 Y157.577 E232.60863
G1 X151.732 Y157.402 E232.64696
G1 X152.842 Y157.051 E232.68568
G1 X153.885 Y156.534 E232.7244
G1 X154.837 Y155.864 E232.76312
G1 X155.676 Y155.057 E232.80184
G0 F9000 X155.376 Y154.79
;TYPE:WALL-OUTER
G1 F2034.2 X156.044 Y153.914 E232.83848
G1 X156.571 Y152.945 E232.87516
G1 X156.943 Y151.908 E232.91181
G1 X157.153 Y150.826 E232.94847
G1 X157.195 Y149.724 E232.98515
G1 X157.069 Y148.629 E233.02181
G1 X156.777 Y147.566 E233.05847
G1 X156.326 Y146.56 E233.09514
G1 X155.727 Y145.634 E233.13182
G1 X154.993 Y144.811 E233.1685
G1 X154.142 Y144.11 E233.20517
G1 X153.195 Y143.547 E233.24181
G1 X152.173 Y143.135 E233.27846
G1 X151.1 Y142.884 E233.31511
G1 X150 Y142.799 E233.35181
G1 X148.9 Y142.884 E233.3885
G1 X147.827 Y143.135 E233.42516
G1 X146.805 Y143.547 E233.46181
G1 X145.858 Y144.11 E233.49845
G1 X145.007 Y144.811 E233.53512
G1 X144.273 Y145.634 E233.5718
G1 X143.674 Y146.56 E233.60848
G1 X143.223 Y147.566 E233.64515
G1 X142.931 Y148.629 E233.68181
G1 X142.805 Y149.724 E233.71847
G1 X142.847 Y150.826 E233.75515
G1 X143.057 Y151.908 E233.79181
G1 X143.429 Y152.945 E233.82845
G1 X143.956 Y153.914 E233.86514
G1 X144.624 Y154.79 E233.90178
G1 X145.418 Y155.555 E233.93845
G1 X146.32 Y156.189 E233.97512
G1 X147.308 Y156.679 E234.0118
G1 X148.359 Y157.011 E234.04846
G1 X149.445 Y157.178 E234.08501
G1 X150 Y157.2 E234.10348
G1 X150.555 Y157.178 E234.12195
G1 X151.641 Y157.011 E234.1585
G1 X152.692 Y156.679 E234.19516
G1 X153.68 Y156.189 E234.23184
G1 X154.582 Y155.555 E234.26851
G1 X155.376 Y154.79 E234.30518
G0 F9000 X155.704 Y155.082
G0 X156.163 Y155.56
G0 X156.444 Y155.843
G0 X156.663 Y156.047
;TYPE:WALL-INNER
G1 F2034.2 X155.821 Y156.86 E234.34411
G1 X154.914 Y157.538 E234.38177
G1 X153.908 Y158.106 E234.4202
G1 X152.836 Y158.539 E234.45865
G1 X151.721 Y158.832 E234.497
G1 X150.565 Y158.981 E234.53576
G1 X150 Y159 E234.55457
G1 X149.435 Y158.981 E234.57337
G1 X148.279 Y158.832 E234.61214
G1 X147.164 Y158.539 E234.65048
G1 X146.092 Y158.106 E234.68893
G1 X145.086 Y157.538 E234.72736
G1 X144.179 Y156.86 E234.76502
G1 X143.337 Y156.047 E234.80395
G1 X142.616 Y155.143 E234.84241
G1 X142.026 Y154.168 E234.88031
G1 X141.555 Y153.107 E234.91892
G1 X141.227 Y151.998 E234.95739
G1 X141.044 Y150.869 E234.99543
G1 X141.007 Y149.704 E235.0342
G1 X141.116 Y148.567 E235.07219
G1 X141.374 Y147.437 E235.11074
G1 X141.768 Y146.365 E235.14872
G1 X142.309 Y145.33 E235.18757
G1 X142.967 Y144.389 E235.22576
G1 X143.74 Y143.536 E235.26405
G1 X144.617 Y142.789 E235.30236
G1 X145.59 Y142.156 E235.34097
G1 X146.608 Y141.666 E235.37855
G1 X147.722 Y141.296 E235.41759
G1 X148.851 Y141.076 E235.45585
G1 X150 Y141.003 E235.49414
G1 X151.149 Y141.076 E235.53243
G1 X152.278 Y141.296 E235.57069
G1 X153.392 Y141.666 E235.60973
G1 X154.41 Y142.156 E235.64731
G1 X155.383 Y142.789 E235.68591
G1 X156.26 Y143.536 E235.72423
G1 X157.033 Y144.389 E235.76252
G1 X157.691 Y145.33 E235.80071
G1 X158.232 Y146.365 E235.83955
G1 X158.626 Y147.437 E235.87754
G1 X158.884 Y148.567 E235.91609
G1 X158.993 Y149.704 E235.95408
G1 X158.956 Y150.869 E235.99285
G1 X158.773 Y151.998 E236.03089
G1 X158.445 Y153.107 E236.06935
G1 X157.974 Y154.168 E236.10796
G1 X157.384 Y155.143 E236.14587
G1 X156.663 Y156.047 E236.18433
G0 F9000 X156.961 Y156.315
G1 F2034.2 X156.086 Y157.161 E236.22481
G1 X155.129 Y157.876 E236.26454
G1 X154.08 Y158.468 E236.3046
G1 X152.962 Y158.92 E236.34471
G1 X151.797 Y159.226 E236.38477
G1 X150.598 Y159.38 E236.42498
G1 X150 Y159.4 E236.44488
G1 X149.402 Y159.38 E236.46478
G1 X148.203 Y159.226 E236.50499
G1 X147.038 Y158.92 E236.54505
G1 X145.92 Y158.468 E236.58516
G1 X144.871 Y157.876 E236.62522
G1 X143.914 Y157.161 E236.66495
G1 X143.039 Y156.315 E236.70544
G1 X142.291 Y155.378 E236.74531
G1 X141.669 Y154.35 E236.78528
G1 X141.181 Y153.25 E236.8253
G1 X140.835 Y152.083 E236.86578
G1 X140.645 Y150.907 E236.90541
G1 X140.606 Y149.694 E236.94577
G1 X140.721 Y148.501 E236.98563
G1 X140.989 Y147.326 E237.02572
G1 X141.404 Y146.198 E237.0657
G1 X141.965 Y145.124 E237.106
G1 X142.653 Y144.139 E237.14596
G1 X143.458 Y143.252 E237.1858
G1 X144.379 Y142.467 E237.22605
G1 X145.392 Y141.808 E237.26624
G1 X146.464 Y141.292 E237.30581
G1 X147.62 Y140.908 E237.34633
G1 X148.796 Y140.679 E237.38618
G1 X150 Y140.602 E237.4263
G1 X151.204 Y140.679 E237.46643
G1 X152.38 Y140.908 E237.50628
G1 X153.536 Y141.292 E237.54679
G1 X154.608 Y141.808 E237.58636
G1 X155.621 Y142.467 E237.62656
G1 X156.542 Y143.252 E237.66681
G1 X157.347 Y144.139 E237.70665
G1 X158.035 Y145.124 E237.74661
G1 X158.596 Y146.198 E237.78691
G1 X159.011 Y147.326 E237.82689
G1 X159.279 Y148.501 E237.86697
G1 X159.394 Y149.694 E237.90683
G1 X159.355 Y150.907 E237.9472
G1 X159.165 Y152.083 E237.98682
G1 X158.819 Y153.25 E238.0273
G1 X158.331 Y154.35 E238.06733
G1 X157.709 Y155.378 E238.10729
G1 X156.961 Y156.315 E238.14717
G0 F9000 X157.256 Y156.587
;TYPE:WALL-OUTER
G1 F2034.2 X156.351 Y157.462 E238.18904
G1 X155.344 Y158.214 E238.23084
G1 X154.252 Y158.83 E238.27254
G1 X153.088 Y159.301 E238.3143
G1 X151.873 Y159.62 E238.35608
G1 X150.631 Y159.779 E238.39773
G1 X150 Y159.8 E238.41873
G1 X149.369 Y159.779 E238.43973
G1 X148.127 Y159.62 E238.48137
G1 X146.912 Y159.301 E238.52316
G1 X145.748 Y158.83 E238.56492
G1 X144.656 Y158.214 E238.60662
G1 X143.649 Y157.462 E238.64842
G1 X142.744 Y156.587 E238.69029
G1 X141.963 Y155.608 E238.73194
G1 X141.312 Y154.532 E238.77377
G1 X140.804 Y153.386 E238.81547
G1 X140.445 Y152.175 E238.85748
G1 X140.246 Y150.945 E238.89892
G1 X140.205 Y149.684 E238.94088
G1 X140.326 Y148.436 E238.98258
G1 X140.604 Y147.215 E239.02423
G1 X141.04 Y146.031 E239.0662
G1 X141.621 Y144.918 E239.10796
G1 X142.339 Y143.889 E239.14969
G1 X143.18 Y142.963 E239.1913
G1 X144.137 Y142.148 E239.2331
G1 X145.194 Y141.46 E239.27505
G1 X146.32 Y140.918 E239.31662
G1 X147.518 Y140.52 E239.3586
G1 X148.741 Y140.282 E239.40004
G1 X150 Y140.201 E239.442
G1 X151.259 Y140.282 E239.48396
G1 X152.482 Y140.52 E239.5254
G1 X153.68 Y140.918 E239.56739
G1 X154.806 Y141.46 E239.60896
G1 X155.863 Y142.148 E239.6509
G1 X156.82 Y142.963 E239.69271
G1 X157.661 Y143.889 E239.73432
G1 X158.379 Y144.918 E239.77605
G1 X158.96 Y146.031 E239.81781
G1 X159.396 Y147.215 E239.85977
G1 X159.674 Y148.436 E239.90142
G1 X159.795 Y149.684 E239.94313
G1 X159.754 Y150.945 E239.98509
G1 X159.555 Y152.175 E240.02653
G1 X159.196 Y153.386 E240.06854
G1 X158.688 Y154.532 E240.11024
G1 X158.037 Y155.608 E240.15206
G1 X157.256 Y156.587 E240.19372
G0 F9000 X156.931 Y156.292
G0 X156.444 Y155.843
G0 X155.968 Y155.747
G0 X155.817 Y155.588
;TYPE:FILL
G1 F3051.3 X155.737 Y155.918 E240.20501
G1 X155.497 Y156.52 E240.22657
G1 X155.139 Y157.122 E240.24986
G1 X154.755 Y157.539 E240.26872
G0 F9000 X154.647 Y157.346
G0 X151.101 Y158.206
G0 X151.068 Y157.988
G1 F3051.3 X151.071 Y158.326 E240.27996
G1 X150.698 Y158.884 E240.30228
G0 F9000 X150.671 Y158.666
G0 X148.121 Y158.025
G0 X147.147 Y157.718
G0 X145.561 Y156.998
G0 X145.687 Y156.82
G1 F3051.3 X145.507 Y157.122 E240.31398
G1 X145.165 Y157.493 E240.33076
G0 F9000 X145.273 Y157.302
G0 X143.084 Y154.484
G0 X142.476 Y153.366
G0 X142.134 Y152.409
G0 X141.359 Y149.161
G0 X141.141 Y149.14
G1 F3051.3 X141.439 Y148.694 E240.3486
G1 X141.434 Y148.092 E240.36862
G1 X141.369 Y147.821 E240.37789
G0 F9000 X141.582 Y147.87
G0 X143.443 Y145.001
G0 X144.285 Y144.059
G0 X145.256 Y143.259
G0 X146.135 Y142.736
G0 X147.801 Y142.012
G0 X147.85 Y142.226
G1 F3051.3 X147.912 Y142.072 E240.38341
G1 X148.27 Y141.47 E240.40671
G1 X148.494 Y141.227 E240.4177
G0 F9000 X148.535 Y141.443
G0 X152.414 Y141.657
G0 X152.483 Y141.449
G1 F3051.3 X152.488 Y141.47 E240.41842
G1 X152.728 Y142.072 E240.43997
G1 X152.992 Y142.516 E240.45715
G0 F9000 X153.074 Y142.313
G0 X154.744 Y143.259
G0 X155.715 Y144.059
G0 X156.557 Y145.001
G0 X157.241 Y146.061
G0 X157.659 Y146.991
G0 X158.678 Y150.185
G0 X158.897 Y150.192
G1 F3051.3 X158.457 Y150.5 E240.47502
G1 X158.02 Y150.974 E240.49646
G0 F9000 X158.236 Y151.017
G0 X158.003 Y151.961
G0 X157.407 Y153.706
G0 X157.215 Y153.601
G1 F3051.3 X157.556 Y154.112 E240.51689
G1 X157.817 Y154.272 E240.52708
G0 F9000 X157.539 Y154.093
;MESH:NONMESH
G0 F300 X157.539 Y154.093 Z4
G0 F9000 X156.182 Y155.541
G0 X155.975 Y155.324
;TIME_ELAPSED:338.431557
;LAYER:19
;TYPE:WALL-INNER
;MESH:dannypart.STL
G1 F2032.6 X156.718 Y154.35 E240.56782
G1 X157.303 Y153.273 E240.60859
G1 X157.717 Y152.12 E240.64933
G1 X157.951 Y150.918 E240.69006
G1 X157.997 Y149.694 E240.7308
G1 X157.857 Y148.477 E240.77154
G1 X157.533 Y147.294 E240.81234
G1 X157.03 Y146.176 E240.85311
G1 X156.365 Y145.148 E240.89384
G1 X155.549 Y144.233 E240.93461
G1 X154.604 Y143.454 E240.97535
G1 X153.551 Y142.827 E241.01611
G1 X152.415 Y142.37 E241.05683
G1 X151.222 Y142.092 E241.09758
G1 X150 Y141.997 E241.13834
G1 X148.778 Y142.092 E241.17911
G1 X147.585 Y142.37 E241.21985
G1 X146.449 Y142.827 E241.26058
G1 X145.396 Y143.454 E241.30134
G1 X144.451 Y144.233 E241.34207
G1 X143.635 Y145.148 E241.38285
G1 X142.97 Y146.176 E241.42357
G1 X142.467 Y147.294 E241.46435
G1 X142.143 Y148.477 E241.50514
G1 X142.003 Y149.694 E241.54589
G1 X142.049 Y150.918 E241.58663
G1 X142.283 Y152.12 E241.62736
G1 X142.697 Y153.273 E241.6681
G1 X143.282 Y154.35 E241.70887
G1 X144.025 Y155.324 E241.74961
G1 X144.908 Y156.173 E241.79035
G1 X145.91 Y156.879 E241.83112
G1 X147.008 Y157.423 E241.87188
G1 X148.177 Y157.793 E241.91266
G1 X149.369 Y157.976 E241.95277
G1 X150 Y158 E241.97377
G1 X150.631 Y157.976 E241.99478
G1 X151.823 Y157.793 E242.03489
G1 X152.992 Y157.423 E242.07567
G1 X154.09 Y156.879 E242.11642
G1 X155.092 Y156.173 E242.15719
G1 X155.975 Y155.324 E242.19793
G0 F9000 X155.676 Y155.057
G1 F2032.6 X156.381 Y154.132 E242.23662
G1 X156.937 Y153.109 E242.27534
G1 X157.33 Y152.014 E242.31404
G1 X157.552 Y150.872 E242.35273
G1 X157.596 Y149.709 E242.39144
G1 X157.463 Y148.553 E242.43014
G1 X157.155 Y147.43 E242.46887
G1 X156.678 Y146.368 E242.50759
G1 X156.046 Y145.391 E242.5463
G1 X155.271 Y144.522 E242.58502
G1 X154.373 Y143.782 E242.62373
G1 X153.373 Y143.187 E242.66243
G1 X152.294 Y142.753 E242.70111
G1 X151.161 Y142.488 E242.73981
G1 X150 Y142.398 E242.77854
G1 X148.839 Y142.488 E242.81727
G1 X147.706 Y142.753 E242.85597
G1 X146.627 Y143.187 E242.89466
G1 X145.627 Y143.782 E242.93336
G1 X144.729 Y144.522 E242.97206
G1 X143.954 Y145.391 E243.01079
G1 X143.322 Y146.368 E243.04949
G1 X142.845 Y147.43 E243.08821
G1 X142.537 Y148.553 E243.12694
G1 X142.404 Y149.709 E243.16564
G1 X142.448 Y150.872 E243.20435
G1 X142.67 Y152.014 E243.24305
G1 X143.063 Y153.109 E243.28174
G1 X143.619 Y154.132 E243.32047
G1 X144.324 Y155.057 E243.35915
G1 X145.163 Y155.864 E243.39787
G1 X146.115 Y156.534 E243.43659
G1 X147.158 Y157.051 E243.47531
G1 X148.268 Y157.402 E243.51403
G1 X149.407 Y157.577 E243.55235
G1 X150 Y157.6 E243.57209
G1 X150.593 Y157.577 E243.59183
G1 X151.732 Y157.402 E243.63016
G1 X152.842 Y157.051 E243.66888
G1 X153.885 Y156.534 E243.7076
G1 X154.837 Y155.864 E243.74632
G1 X155.676 Y155.057 E243.78503
G0 F9000 X155.376 Y154.79
;TYPE:WALL-OUTER
G1 F2032.6 X156.044 Y153.914 E243.82167
G1 X156.571 Y152.945 E243.85836
G1 X156.943 Y151.908 E243.895
G1 X157.153 Y150.826 E243.93166
G1 X157.195 Y149.724 E243.96834
G1 X157.069 Y148.629 E244.005
G1 X156.777 Y147.566 E244.04167
G1 X156.326 Y146.56 E244.07834
G1 X155.727 Y145.634 E244.11502
G1 X154.993 Y144.811 E244.1517
G1 X154.142 Y144.11 E244.18837
G1 X153.195 Y143.547 E244.22501
G1 X152.173 Y143.135 E244.26166
G1 X151.1 Y142.884 E244.29831
G1 X150 Y142.799 E244.33501
G1 X148.9 Y142.884 E244.3717
G1 X147.827 Y143.135 E244.40835
G1 X146.805 Y143.547 E244.445
G1 X145.858 Y144.11 E244.48165
G1 X145.007 Y144.811 E244.51832
G1 X144.273 Y145.634 E244.555
G1 X143.674 Y146.56 E244.59168
G1 X143.223 Y147.566 E244.62834
G1 X142.931 Y148.629 E244.66501
G1 X142.805 Y149.724 E244.70167
G1 X142.847 Y150.826 E244.73835
G1 X143.057 Y151.908 E244.77501
G1 X143.429 Y152.945 E244.81165
G1 X143.956 Y153.914 E244.84834
G1 X144.624 Y154.79 E244.88498
G1 X145.418 Y155.555 E244.92165
G1 X146.32 Y156.189 E244.95832
G1 X147.308 Y156.679 E244.995
G1 X148.359 Y157.011 E245.03166
G1 X149.445 Y157.178 E245.0682
G1 X150 Y157.2 E245.08668
G1 X150.555 Y157.178 E245.10515
G1 X151.641 Y157.011 E245.1417
G1 X152.692 Y156.679 E245.17836
G1 X153.68 Y156.189 E245.21504
G1 X154.582 Y155.555 E245.25171
G1 X155.376 Y154.79 E245.28838
G0 F9000 X155.704 Y155.082
G0 X156.163 Y155.56
G0 X156.444 Y155.843
G0 X156.663 Y156.047
;TYPE:WALL-INNER
G1 F2032.6 X155.821 Y156.86 E245.32731
G1 X154.914 Y157.538 E245.36497
G1 X153.908 Y158.106 E245.4034
G1 X152.836 Y158.539 E245.44185
G1 X151.721 Y158.832 E245.48019
G1 X150.565 Y158.981 E245.51896
G1 X150 Y159 E245.53776
G1 X149.435 Y158.981 E245.55657
G1 X148.279 Y158.832 E245.59533
G1 X147.164 Y158.539 E245.63368
G1 X146.092 Y158.106 E245.67213
G1 X145.086 Y157.538 E245.71056
G1 X144.179 Y156.86 E245.74822
G1 X143.337 Y156.047 E245.78715
G1 X142.616 Y155.143 E245.82561
G1 X142.026 Y154.168 E245.86351
G1 X141.555 Y153.107 E245.90212
G1 X141.227 Y151.998 E245.94059
G1 X141.044 Y150.869 E245.97863
G1 X141.007 Y149.704 E246.01739
G1 X141.116 Y148.567 E246.05538
G1 X141.374 Y147.437 E246.09394
G1 X141.768 Y146.365 E246.13192
G1 X142.309 Y145.33 E246.17077
G1 X142.967 Y144.389 E246.20896
G1 X143.74 Y143.536 E246.24724
G1 X144.617 Y142.789 E246.28556
G1 X145.59 Y142.156 E246.32417
G1 X146.608 Y141.666 E246.36174
G1 X147.722 Y141.296 E246.40079
G1 X148.851 Y141.076 E246.43904
G1 X150 Y141.003 E246.47734
G1 X151.149 Y141.076 E246.51563
G1 X152.278 Y141.296 E246.55389
G1 X153.392 Y141.666 E246.59293
G1 X154.41 Y142.156 E246.6305
G1 X155.383 Y142.789 E246.66911
G1 X156.26 Y143.536 E246.70743
G1 X157.033 Y144.389 E246.74572
G1 X157.691 Y145.33 E246.78391
G1 X158.232 Y146.365 E246.82275
G1 X158.626 Y147.437 E246.86074
G1 X158.884 Y148.567 E246.89929
G1 X158.993 Y149.704 E246.93728
G1 X158.956 Y150.869 E246.97605
G1 X158.773 Y151.998 E247.01409
G1 X158.445 Y153.107 E247.05255
G1 X157.974 Y154.168 E247.09116
G1 X157.384 Y155.143 E247.12907
G1 X156.663 Y156.047 E247.16752
G0 F9000 X156.961 Y156.315
G1 F2032.6 X156.086 Y157.161 E247.20801
G1 X155.129 Y157.876 E247.24774
G1 X154.08 Y158.468 E247.2878
G1 X152.962 Y158.92 E247.32791
G1 X151.797 Y159.226 E247.36797
G1 X150.598 Y159.38 E247.40818
G1 X150 Y159.4 E247.42808
G1 X149.402 Y159.38 E247.44798
G1 X148.203 Y159.226 E247.48819
G1 X147.038 Y158.92 E247.52825
G1 X145.92 Y158.468 E247.56836
G1 X144.871 Y157.876 E247.60842
G1 X143.914 Y157.161 E247.64815
G1 X143.039 Y156.315 E247.68863
G1 X142.291 Y155.378 E247.72851
G1 X141.669 Y154.35 E247.76847
G1 X141.181 Y153.25 E247.8085
G1 X140.835 Y152.083 E247.84898
G1 X140.645 Y150.907 E247.8886
G1 X140.606 Y149.694 E247.92897
G1 X140.721 Y148.501 E247.96883
G1 X140.989 Y147.326 E248.00892
G1 X141.404 Y146.198 E248.04889
G1 X141.965 Y145.124 E248.08919
G1 X142.653 Y144.139 E248.12916
G1 X143.458 Y143.252 E248.169
G1 X144.379 Y142.467 E248.20925
G1 X145.392 Y141.808 E248.24944
G1 X146.464 Y141.292 E248.28901
G1 X147.62 Y140.908 E248.32952
G1 X148.796 Y140.679 E248.36937
G1 X150 Y140.602 E248.4095
G1 X151.204 Y140.679 E248.44963
G1 X152.38 Y140.908 E248.48948
G1 X153.536 Y141.292 E248.52999
G1 X154.608 Y141.808 E248.56956
G1 X155.621 Y142.467 E248.60976
G1 X156.542 Y143.252 E248.65001
G1 X157.347 Y144.139 E248.68985
G1 X158.035 Y145.124 E248.72981
G1 X158.596 Y146.198 E248.77011
G1 X159.011 Y147.326 E248.81008
G1 X159.279 Y148.501 E248.85017
G1 X159.394 Y149.694 E248.89003
G1 X159.355 Y150.907 E248.9304
G1 X159.165 Y152.083 E248.97002
G1 X158.819 Y153.25 E249.0105
G1 X158.331 Y154.35 E249.05053
G1 X157.709 Y155.378 E249.09049
G1 X156.961 Y156.315 E249.13037
G0 F9000 X157.256 Y156.587
;TYPE:WALL-OUTER
G1 F2032.6 X156.351 Y157.462 E249.17224
G1 X155.344 Y158.214 E249.21404
G1 X154.252 Y158.83 E249.25574
G1 X153.088 Y159.301 E249.2975
G1 X151.873 Y159.62 E249.33928
G1 X150.631 Y159.779 E249.38093
G1 X150 Y159.8 E249.40193
G1 X149.369 Y159.779 E249.42293
G1 X148.127 Y159.62 E249.46457
G1 X146.912 Y159.301 E249.50635
G1 X145.748 Y158.83 E249.54812
G1 X144.656 Y158.214 E249.58982
G1 X143.649 Y157.462 E249.63162
G1 X142.744 Y156.587 E249.67349
G1 X141.963 Y155.608 E249.71514
G1 X141.312 Y154.532 E249.75697
G1 X140.804 Y153.386 E249.79866
G1 X140.445 Y152.175 E249.84067
G1 X140.246 Y150.945 E249.88212
G1 X140.205 Y149.684 E249.92408
G1 X140.326 Y148.436 E249.96578
G1 X140.604 Y147.215 E250.00743
G1 X141.04 Y146.031 E250.0494
G1 X141.621 Y144.918 E250.09116
G1 X142.339 Y143.889 E250.13289
G1 X143.18 Y142.963 E250.17449
G1 X144.137 Y142.148 E250.2163
G1 X145.194 Y141.46 E250.25825
G1 X146.32 Y140.918 E250.29981
G1 X147.518 Y140.52 E250.3418
G1 X148.741 Y140.282 E250.38324
G1 X150 Y140.201 E250.4252
G1 X151.259 Y140.282 E250.46716
G1 X152.482 Y140.52 E250.5086
G1 X153.68 Y140.918 E250.55059
G1 X154.806 Y141.46 E250.59215
G1 X155.863 Y142.148 E250.6341
G1 X156.82 Y142.963 E250.67591
G1 X157.661 Y143.889 E250.71751
G1 X158.379 Y144.918 E250.75925
G1 X158.96 Y146.031 E250.80101
G1 X159.396 Y147.215 E250.84297
G1 X159.674 Y148.436 E250.88462
G1 X159.795 Y149.684 E250.92632
G1 X159.754 Y150.945 E250.96829
G1 X159.555 Y152.175 E251.00973
G1 X159.196 Y153.386 E251.05174
G1 X158.688 Y154.532 E251.09343
G1 X158.037 Y155.608 E251.13526
G1 X157.256 Y156.587 E251.17691
G0 F9000 X156.931 Y156.292
G0 X156.444 Y155.843
G0 X155.773 Y155.935
G0 X155.621 Y155.775
;TYPE:FILL
G1 F3048.9 X155.607 Y155.918 E251.18169
G1 X155.43 Y156.52 E251.20256
G1 X155.133 Y157.122 E251.22489
G1 X154.849 Y157.486 E251.24025
G0 F9000 X154.741 Y157.293
G0 X150.826 Y158.248
G0 X150.793 Y158.03
G1 F3048.9 X150.735 Y158.326 E251.25028
G1 X150.276 Y158.911 E251.27501
G0 F9000 X150.269 Y158.69
G0 X146.917 Y157.645
G0 X145.533 Y156.979
G0 X145.66 Y156.8
G1 F3048.9 X145.501 Y157.122 E251.28695
G1 X145.197 Y157.512 E251.3034
G0 F9000 X145.306 Y157.32
G0 X148.121 Y158.025
G0 X149.348 Y158.213
G0 X150.652 Y158.213
G0 X151.879 Y158.025
G0 X153.083 Y157.645
G0 X154.211 Y157.086
G0 X155.246 Y156.357
G0 X156.156 Y155.482
G0 X156.771 Y154.674
G0 X157.631 Y153.245
G0 X157.424 Y153.171
G1 F3048.9 X157.49 Y153.51 E251.31489
G1 X157.93 Y154.07 E251.33857
G0 F9000 X157.729 Y153.981
G0 X158.24 Y150.996
G0 X158.024 Y150.953
G1 F3048.9 X158.378 Y150.5 E251.3577
G1 X158.902 Y150.055 E251.38056
G0 F9000 X158.682 Y150.048
G0 X157.758 Y147.21
G0 X157.241 Y146.061
G0 X156.557 Y145.001
G0 X155.715 Y144.059
G0 X154.93 Y143.411
G0 X153.101 Y142.324
G0 X153.019 Y142.527
G1 F3048.9 X152.795 Y142.072 E251.39743
G1 X152.626 Y141.497 E251.41736
G0 F9000 X152.557 Y141.704
G0 X148.501 Y141.45
G0 X148.46 Y141.234
G1 F3048.9 X148.276 Y141.47 E251.42732
G1 X147.979 Y142.072 E251.44964
G1 X147.94 Y142.206 E251.45428
G0 F9000 X147.891 Y141.991
G0 X146.342 Y142.612
G0 X146.035 Y142.795
G0 X144.56 Y143.754
G0 X144.699 Y143.924
G1 F3048.9 X144.638 Y143.878 E251.45683
G1 X144.049 Y143.377 E251.48254
G0 F9000 X144.256 Y143.616
;MESH:NONMESH
G0 F300 X144.256 Y143.616 Z4.2
G0 F9000 X146.342 Y142.612
G0 X147.514 Y142.141
G0 X148.744 Y141.855
G0 X150 Y141.755
G0 X151.256 Y141.855
G0 X152.486 Y142.141
G0 X153.658 Y142.612
G0 X154.744 Y143.259
G0 X155.715 Y144.059
G0 X156.557 Y145.001
G0 X157.241 Y146.061
G0 X157.758 Y147.21
G0 X158.093 Y148.431
G0 X158.235 Y149.686
G0 X158.188 Y150.948
G0 X157.948 Y152.183
G0 X157.524 Y153.366
G0 X157.032 Y154.271
G0 X156.182 Y155.541
G0 X155.975 Y155.324
;TIME_ELAPSED:351.450721
;LAYER:20
;TYPE:WALL-INNER
;MESH:dannypart.STL
G1 F2053.2 X156.718 Y154.35 E251.52329
G1 X157.303 Y153.273 E251.56405
G1 X157.717 Y152.12 E251.6048
G1 X157.951 Y150.918 E251.64553
G1 X157.997 Y149.694 E251.68627
G1 X157.857 Y148.477 E251.72701
G1 X157.533 Y147.294 E251.76781
G1 X157.03 Y146.176 E251.80858
G1 X156.365 Y145.148 E251.84931
G1 X155.549 Y144.233 E251.89008
G1 X154.604 Y143.454 E251.93082
G1 X153.551 Y142.827 E251.97158
G1 X152.415 Y142.37 E252.0123
G1 X151.222 Y142.092 E252.05305
G1 X150 Y141.997 E252.09381
G1 X148.778 Y142.092 E252.13458
G1 X147.585 Y142.37 E252.17532
G1 X146.449 Y142.827 E252.21605
G1 X145.396 Y143.454 E252.25681
G1 X144.451 Y144.233 E252.29754
G1 X143.635 Y145.148 E252.33832
G1 X142.97 Y146.176 E252.37904
G1 X142.467 Y147.294 E252.41982
G1 X142.143 Y148.477 E252.46061
G1 X142.003 Y149.694 E252.50136
G1 X142.049 Y150.918 E252.5421
G1 X142.283 Y152.12 E252.58282
G1 X142.697 Y153.273 E252.62357
G1 X143.282 Y154.35 E252.66434
G1 X144.025 Y155.324 E252.70508
G1 X144.908 Y156.173 E252.74582
G1 X145.91 Y156.879 E252.78659
G1 X147.008 Y157.423 E252.82735
G1 X148.177 Y157.793 E252.86813
G1 X149.369 Y157.976 E252.90824
G1 X150 Y158 E252.92924
G1 X150.631 Y157.976 E252.95024
G1 X151.823 Y157.793 E252.99035
G1 X152.992 Y157.423 E253.03114
G1 X154.09 Y156.879 E253.07189
G1 X155.092 Y156.173 E253.11266
G1 X155.975 Y155.324 E253.1534
G0 F9000 X155.676 Y155.057
G1 F2053.2 X156.381 Y154.132 E253.19209
G1 X156.937 Y153.109 E253.23081
G1 X157.33 Y152.014 E253.26951
G1 X157.552 Y150.872 E253.3082
G1 X157.596 Y149.709 E253.34691
G1 X157.463 Y148.553 E253.38561
G1 X157.155 Y147.43 E253.42434
G1 X156.678 Y146.368 E253.46306
G1 X156.046 Y145.391 E253.50176
G1 X155.271 Y144.522 E253.54049
G1 X154.373 Y143.782 E253.57919
G1 X153.373 Y143.187 E253.6179
G1 X152.294 Y142.753 E253.65658
G1 X151.161 Y142.488 E253.69528
G1 X150 Y142.398 E253.73401
G1 X148.839 Y142.488 E253.77274
G1 X147.706 Y142.753 E253.81144
G1 X146.627 Y143.187 E253.85012
G1 X145.627 Y143.782 E253.88883
G1 X144.729 Y144.522 E253.92753
G1 X143.954 Y145.391 E253.96626
G1 X143.322 Y146.368 E254.00496
G1 X142.845 Y147.43 E254.04368
G1 X142.537 Y148.553 E254.08241
G1 X142.404 Y149.709 E254.12111
G1 X142.448 Y150.872 E254.15982
G1 X142.67 Y152.014 E254.19851
G1 X143.063 Y153.109 E254.23721
G1 X143.619 Y154.132 E254.27594
G1 X144.324 Y155.057 E254.31462
G1 X145.163 Y155.864 E254.35334
G1 X146.115 Y156.534 E254.39206
G1 X147.158 Y157.051 E254.43077
G1 X148.268 Y157.402 E254.46949
G1 X149.407 Y157.577 E254.50782
G1 X150 Y157.6 E254.52756
G1 X150.593 Y157.577 E254.5473
G1 X151.732 Y157.402 E254.58563
G1 X152.842 Y157.051 E254.62435
G1 X153.885 Y156.534 E254.66307
G1 X154.837 Y155.864 E254.70178
G1 X155.676 Y155.057 E254.7405
G0 F9000 X155.376 Y154.79
;TYPE:WALL-OUTER
G1 F2053.2 X156.044 Y153.914 E254.77714
G1 X156.571 Y152.945 E254.81383
G1 X156.943 Y151.908 E254.85047
G1 X157.153 Y150.826 E254.88713
G1 X157.195 Y149.724 E254.92381
G1 X157.069 Y148.629 E254.96047
G1 X156.777 Y147.566 E254.99714
G1 X156.326 Y146.56 E255.03381
G1 X155.727 Y145.634 E255.07049
G1 X154.993 Y144.811 E255.10716
G1 X154.142 Y144.11 E255.14384
G1 X153.195 Y143.547 E255.18048
G1 X152.173 Y143.135 E255.21713
G1 X151.1 Y142.884 E255.25378
G1 X150 Y142.799 E255.29048
G1 X148.9 Y142.884 E255.32717
G1 X147.827 Y143.135 E255.36382
G1 X146.805 Y143.547 E255.40047
G1 X145.858 Y144.11 E255.43712
G1 X145.007 Y144.811 E255.47379
G1 X144.273 Y145.634 E255.51046
G1 X143.674 Y146.56 E255.54714
G1 X143.223 Y147.566 E255.58381
G1 X142.931 Y148.629 E255.62048
G1 X142.805 Y149.724 E255.65714
G1 X142.847 Y150.826 E255.69382
G1 X143.057 Y151.908 E255.73048
G1 X143.429 Y152.945 E255.76712
G1 X143.956 Y153.914 E255.80381
G1 X144.624 Y154.79 E255.84045
G1 X145.418 Y155.555 E255.87712
G1 X146.32 Y156.189 E255.91379
G1 X147.308 Y156.679 E255.95047
G1 X148.359 Y157.011 E255.98713
G1 X149.445 Y157.178 E256.02367
G1 X150 Y157.2 E256.04215
G1 X150.555 Y157.178 E256.06062
G1 X151.641 Y157.011 E256.09717
G1 X152.692 Y156.679 E256.13383
G1 X153.68 Y156.189 E256.17051
G1 X154.582 Y155.555 E256.20718
G1 X155.376 Y154.79 E256.24385
G0 F9000 X155.704 Y155.082
G0 X156.163 Y155.56
G0 X156.444 Y155.843
G0 X156.663 Y156.047
;TYPE:WALL-INNER
G1 F2053.2 X155.821 Y156.86 E256.28278
G1 X154.914 Y157.538 E256.32044
G1 X153.908 Y158.106 E256.35887
G1 X152.836 Y158.539 E256.39732
G1 X151.721 Y158.832 E256.43566
G1 X150.565 Y158.981 E256.47443
G1 X150 Y159 E256.49323
G1 X149.435 Y158.981 E256.51203
G1 X148.279 Y158.832 E256.5508
G1 X147.164 Y158.539 E256.58915
G1 X146.092 Y158.106 E256.6276
G1 X145.086 Y157.538 E256.66602
G1 X144.179 Y156.86 E256.70369
G1 X143.337 Y156.047 E256.74262
G1 X142.616 Y155.143 E256.78108
G1 X142.026 Y154.168 E256.81898
G1 X141.555 Y153.107 E256.85759
G1 X141.227 Y151.998 E256.89605
G1 X141.044 Y150.869 E256.9341
G1 X141.007 Y149.704 E256.97286
G1 X141.116 Y148.567 E257.01085
G1 X141.374 Y147.437 E257.0494
G1 X141.768 Y146.365 E257.08739
G1 X142.309 Y145.33 E257.12623
G1 X142.967 Y144.389 E257.16442
G1 X143.74 Y143.536 E257.20271
G1 X144.617 Y142.789 E257.24103
G1 X145.59 Y142.156 E257.27964
G1 X146.608 Y141.666 E257.31721
G1 X147.722 Y141.296 E257.35625
G1 X148.851 Y141.076 E257.39451
G1 X150 Y141.003 E257.4328
G1 X151.149 Y141.076 E257.4711
G1 X152.278 Y141.296 E257.50935
G1 X153.392 Y141.666 E257.5484
G1 X154.41 Y142.156 E257.58597
G1 X155.383 Y142.789 E257.62458
G1 X156.26 Y143.536 E257.6629
G1 X157.033 Y144.389 E257.70118
G1 X157.691 Y145.33 E257.73938
G1 X158.232 Y146.365 E257.77822
G1 X158.626 Y147.437 E257.81621
G1 X158.884 Y148.567 E257.85476
G1 X158.993 Y149.704 E257.89275
G1 X158.956 Y150.869 E257.93151
G1 X158.773 Y151.998 E257.96956
G1 X158.445 Y153.107 E258.00802
G1 X157.974 Y154.168 E258.04663
G1 X157.384 Y155.143 E258.08453
G1 X156.663 Y156.047 E258.12299
G0 F9000 X156.961 Y156.315
G1 F2053.2 X156.086 Y157.161 E258.16347
G1 X155.129 Y157.876 E258.20321
G1 X154.08 Y158.468 E258.24327
G1 X152.962 Y158.92 E258.28338
G1 X151.797 Y159.226 E258.32344
G1 X150.598 Y159.38 E258.36365
G1 X150 Y159.4 E258.38355
G1 X149.402 Y159.38 E258.40345
G1 X148.203 Y159.226 E258.44365
G1 X147.038 Y158.92 E258.48372
G1 X145.92 Y158.468 E258.52383
G1 X144.871 Y157.876 E258.56389
G1 X143.914 Y157.161 E258.60362
G1 X143.039 Y156.315 E258.6441
G1 X142.291 Y155.378 E258.68398
G1 X141.669 Y154.35 E258.72394
G1 X141.181 Y153.25 E258.76397
G1 X140.835 Y152.083 E258.80445
G1 X140.645 Y150.907 E258.84407
G1 X140.606 Y149.694 E258.88444
G1 X140.721 Y148.501 E258.9243
G1 X140.989 Y147.326 E258.96439
G1 X141.404 Y146.198 E259.00436
G1 X141.965 Y145.124 E259.04466
G1 X142.653 Y144.139 E259.08462
G1 X143.458 Y143.252 E259.12446
G1 X144.379 Y142.467 E259.16471
G1 X145.392 Y141.808 E259.20491
G1 X146.464 Y141.292 E259.24448
G1 X147.62 Y140.908 E259.28499
G1 X148.796 Y140.679 E259.32484
G1 X150 Y140.602 E259.36497
G1 X151.204 Y140.679 E259.4051
G1 X152.38 Y140.908 E259.44494
G1 X153.536 Y141.292 E259.48546
G1 X154.608 Y141.808 E259.52503
G1 X155.621 Y142.467 E259.56522
G1 X156.542 Y143.252 E259.60547
G1 X157.347 Y144.139 E259.64531
G1 X158.035 Y145.124 E259.68528
G1 X158.596 Y146.198 E259.72558
G1 X159.011 Y147.326 E259.76555
G1 X159.279 Y148.501 E259.80564
G1 X159.394 Y149.694 E259.8455
G1 X159.355 Y150.907 E259.88587
G1 X159.165 Y152.083 E259.92549
G1 X158.819 Y153.25 E259.96597
G1 X158.331 Y154.35 E260.006
G1 X157.709 Y155.378 E260.04596
G1 X156.961 Y156.315 E260.08584
G0 F9000 X157.256 Y156.587
;TYPE:WALL-OUTER
G1 F2053.2 X156.351 Y157.462 E260.1277
G1 X155.344 Y158.214 E260.16951
G1 X154.252 Y158.83 E260.21121
G1 X153.088 Y159.301 E260.25297
G1 X151.873 Y159.62 E260.29475
G1 X150.631 Y159.779 E260.3364
G1 X150 Y159.8 E260.3574
G1 X149.369 Y159.779 E260.3784
G1 X148.127 Y159.62 E260.42004
G1 X146.912 Y159.301 E260.46182
G1 X145.748 Y158.83 E260.50359
G1 X144.656 Y158.214 E260.54529
G1 X143.649 Y157.462 E260.58709
G1 X142.744 Y156.587 E260.62896
G1 X141.963 Y155.608 E260.67061
G1 X141.312 Y154.532 E260.71244
G1 X140.804 Y153.386 E260.75413
G1 X140.445 Y152.175 E260.79614
G1 X140.246 Y150.945 E260.83758
G1 X140.205 Y149.684 E260.87955
G1 X140.326 Y148.436 E260.92125
G1 X140.604 Y147.215 E260.9629
G1 X141.04 Y146.031 E261.00487
G1 X141.621 Y144.918 E261.04662
G1 X142.339 Y143.889 E261.08836
G1 X143.18 Y142.963 E261.12996
G1 X144.137 Y142.148 E261.17177
G1 X145.194 Y141.46 E261.21372
G1 X146.32 Y140.918 E261.25528
G1 X147.518 Y140.52 E261.29727
G1 X148.741 Y140.282 E261.33871
G1 X150 Y140.201 E261.38067
G1 X151.259 Y140.282 E261.42263
G1 X152.482 Y140.52 E261.46407
G1 X153.68 Y140.918 E261.50606
G1 X154.806 Y141.46 E261.54762
G1 X155.863 Y142.148 E261.58957
G1 X156.82 Y142.963 E261.63138
G1 X157.661 Y143.889 E261.67298
G1 X158.379 Y144.918 E261.71472
G1 X158.96 Y146.031 E261.75647
G1 X159.396 Y147.215 E261.79844
G1 X159.674 Y148.436 E261.84009
G1 X159.795 Y149.684 E261.88179
G1 X159.754 Y150.945 E261.92376
G1 X159.555 Y152.175 E261.9652
G1 X159.196 Y153.386 E262.00721
G1 X158.688 Y154.532 E262.0489
G1 X158.037 Y155.608 E262.09073
G1 X157.256 Y156.587 E262.13238
G0 F9000 X156.931 Y156.292
G0 X156.444 Y155.843
G0 X155.648 Y156.055
G0 X155.496 Y155.896
;TYPE:FILL
G1 F3079.8 X155.496 Y155.918 E262.13312
G1 X155.38 Y156.52 E262.15351
G1 X155.143 Y157.122 E262.17502
G1 X154.953 Y157.411 E262.18653
G0 F9000 X154.821 Y157.234
G0 X152.439 Y157.873
G0 X150.567 Y158.278
G0 X150.559 Y158.057
G1 F3079.8 X150.469 Y158.326 E262.19596
G1 X149.976 Y158.919 E262.22161
G0 F9000 X149.984 Y158.7
G0 X147.224 Y157.751
G0 X145.516 Y156.966
G0 X145.642 Y156.788
G1 F3079.8 X145.511 Y157.122 E262.23354
G1 X145.24 Y157.536 E262.25
G0 F9000 X145.349 Y157.345
G0 X148.121 Y158.025
G0 X149.348 Y158.213
G0 X150.652 Y158.213
G0 X151.879 Y158.025
G0 X153.083 Y157.645
G0 X154.211 Y157.086
G0 X155.246 Y156.357
G0 X156.156 Y155.482
G0 X156.771 Y154.674
G0 X157.76 Y152.885
G0 X157.553 Y152.811
G1 F3079.8 X157.555 Y152.908 E262.25323
G1 X157.756 Y153.51 E262.27434
G1 X158.031 Y153.841 E262.28865
G0 F9000 X157.831 Y153.752
G0 X158.25 Y150.909
G0 X158.03 Y150.901
G1 F3079.8 X158.293 Y150.5 E262.3046
G1 X158.893 Y149.898 E262.33287
G1 X158.907 Y149.886 E262.33348
G0 F9000 X158.688 Y149.879
G0 X157.758 Y147.21
G0 X157.241 Y146.061
G0 X156.557 Y145.001
G0 X155.715 Y144.059
G0 X154.93 Y143.411
G0 X153.107 Y142.326
G0 X153.025 Y142.529
G1 F3079.8 X152.845 Y142.072 E262.34982
G1 X152.742 Y141.535 E262.36801
G0 F9000 X152.673 Y141.743
G0 X148.456 Y141.459
G0 X148.415 Y141.243
G1 F3079.8 X148.266 Y141.47 E262.37704
G1 X148.029 Y142.072 E262.39856
G1 X148.006 Y142.19 E262.40255
G0 F9000 X147.957 Y141.976
G0 X146.342 Y142.612
G0 X145.727 Y142.978
G0 X144.458 Y143.838
G0 X144.597 Y144.008
G1 F3079.8 X144.445 Y143.878 E262.40921
G1 X143.993 Y143.425 E262.43049
G0 F9000 X144.199 Y143.663
;MESH:NONMESH
G0 F300 X144.199 Y143.663 Z4.4
G0 F9000 X146.342 Y142.612
G0 X147.514 Y142.141
G0 X148.744 Y141.855
G0 X150 Y141.755
G0 X151.256 Y141.855
G0 X152.486 Y142.141
G0 X153.658 Y142.612
G0 X154.744 Y143.259
G0 X155.715 Y144.059
G0 X156.557 Y145.001
G0 X157.241 Y146.061
G0 X157.758 Y147.21
G0 X158.093 Y148.431
G0 X158.235 Y149.686
G0 X158.188 Y150.948
G0 X157.948 Y152.183
G0 X157.524 Y153.366
G0 X157.032 Y154.271
G0 X156.182 Y155.541
G0 X155.975 Y155.324
;TIME_ELAPSED:364.391571
;LAYER:21
;TYPE:WALL-INNER
;MESH:dannypart.STL
G1 F2053.4 X156.718 Y154.35 E262.47124
G1 X157.303 Y153.273 E262.512
G1 X157.717 Y152.12 E262.55275
G1 X157.951 Y150.918 E262.59348
G1 X157.997 Y149.694 E262.63421
G1 X157.857 Y148.477 E262.67496
G1 X157.533 Y147.294 E262.71575
G1 X157.03 Y146.176 E262.75653
G1 X156.365 Y145.148 E262.79725
G1 X155.549 Y144.233 E262.83803
G1 X154.604 Y143.454 E262.87876
G1 X153.551 Y142.827 E262.91952
G1 X152.415 Y142.37 E262.96025
G1 X151.222 Y142.092 E263.00099
G1 X150 Y141.997 E263.04176
G1 X148.778 Y142.092 E263.08253
G1 X147.585 Y142.37 E263.12327
G1 X146.449 Y142.827 E263.16399
G1 X145.396 Y143.454 E263.20476
G1 X144.451 Y144.233 E263.24549
G1 X143.635 Y145.148 E263.28627
G1 X142.97 Y146.176 E263.32699
G1 X142.467 Y147.294 E263.36776
G1 X142.143 Y148.477 E263.40856
G1 X142.003 Y149.694 E263.4493
G1 X142.049 Y150.918 E263.49004
G1 X142.283 Y152.12 E263.53077
G1 X142.697 Y153.273 E263.57152
G1 X143.282 Y154.35 E263.61228
G1 X144.025 Y155.324 E263.65303
G1 X144.908 Y156.173 E263.69377
G1 X145.91 Y156.879 E263.73454
G1 X147.008 Y157.423 E263.77529
G1 X148.177 Y157.793 E263.81607
G1 X149.369 Y157.976 E263.85619
G1 X150 Y158 E263.87719
G1 X150.631 Y157.976 E263.89819
G1 X151.823 Y157.793 E263.9383
G1 X152.992 Y157.423 E263.97908
G1 X154.09 Y156.879 E264.01984
G1 X155.092 Y156.173 E264.06061
G1 X155.975 Y155.324 E264.10135
G0 F9000 X155.676 Y155.057
G1 F2053.4 X156.381 Y154.132 E264.14003
G1 X156.937 Y153.109 E264.17876
G1 X157.33 Y152.014 E264.21745
G1 X157.552 Y150.872 E264.25615
G1 X157.596 Y149.709 E264.29486
G1 X157.463 Y148.553 E264.33356
G1 X157.155 Y147.43 E264.37229
G1 X156.678 Y146.368 E264.41101
G1 X156.046 Y145.391 E264.44971
G1 X155.271 Y144.522 E264.48844
G1 X154.373 Y143.782 E264.52714
G1 X153.373 Y143.187 E264.56584
G1 X152.294 Y142.753 E264.60452
G1 X151.161 Y142.488 E264.64323
G1 X150 Y142.398 E264.68196
G1 X148.839 Y142.488 E264.72069
G1 X147.706 Y142.753 E264.75939
G1 X146.627 Y143.187 E264.79807
G1 X145.627 Y143.782 E264.83677
G1 X144.729 Y144.522 E264.87547
G1 X143.954 Y145.391 E264.9142
G1 X143.322 Y146.368 E264.9529
G1 X142.845 Y147.43 E264.99163
G1 X142.537 Y148.553 E265.03036
G1 X142.404 Y149.709 E265.06906
G1 X142.448 Y150.872 E265.10777
G1 X142.67 Y152.014 E265.14646
G1 X143.063 Y153.109 E265.18516
G1 X143.619 Y154.132 E265.22388
G1 X144.324 Y155.057 E265.26256
G1 X145.163 Y155.864 E265.30128
G1 X146.115 Y156.534 E265.34
G1 X147.158 Y157.051 E265.37872
G1 X148.268 Y157.402 E265.41744
G1 X149.407 Y157.577 E265.45577
G1 X150 Y157.6 E265.47551
G1 X150.593 Y157.577 E265.49524
G1 X151.732 Y157.402 E265.53357
G1 X152.842 Y157.051 E265.57229
G1 X153.885 Y156.534 E265.61101
G1 X154.837 Y155.864 E265.64973
G1 X155.676 Y155.057 E265.68845
G0 F9000 X155.376 Y154.79
;TYPE:WALL-OUTER
G1 F2053.4 X156.044 Y153.914 E265.72509
G1 X156.571 Y152.945 E265.76178
G1 X156.943 Y151.908 E265.79842
G1 X157.153 Y150.826 E265.83508
G1 X157.195 Y149.724 E265.87176
G1 X157.069 Y148.629 E265.90842
G1 X156.777 Y147.566 E265.94508
G1 X156.326 Y146.56 E265.98175
G1 X155.727 Y145.634 E266.01843
G1 X154.993 Y144.811 E266.05511
G1 X154.142 Y144.11 E266.09178
G1 X153.195 Y143.547 E266.12842
G1 X152.173 Y143.135 E266.16507
G1 X151.1 Y142.884 E266.20173
G1 X150 Y142.799 E266.23842
G1 X148.9 Y142.884 E266.27512
G1 X147.827 Y143.135 E266.31177
G1 X146.805 Y143.547 E266.34842
G1 X145.858 Y144.11 E266.38506
G1 X145.007 Y144.811 E266.42173
G1 X144.273 Y145.634 E266.45841
G1 X143.674 Y146.56 E266.49509
G1 X143.223 Y147.566 E266.53176
G1 X142.931 Y148.629 E266.56842
G1 X142.805 Y149.724 E266.60508
G1 X142.847 Y150.826 E266.64176
G1 X143.057 Y151.908 E266.67842
G1 X143.429 Y152.945 E266.71507
G1 X143.956 Y153.914 E266.75175
G1 X144.624 Y154.79 E266.78839
G1 X145.418 Y155.555 E266.82507
G1 X146.32 Y156.189 E266.86174
G1 X147.308 Y156.679 E266.89842
G1 X148.359 Y157.011 E266.93507
G1 X149.445 Y157.178 E266.97162
G1 X150 Y157.2 E266.99009
G1 X150.555 Y157.178 E267.00857
G1 X151.641 Y157.011 E267.04511
G1 X152.692 Y156.679 E267.08177
G1 X153.68 Y156.189 E267.11845
G1 X154.582 Y155.555 E267.15512
G1 X155.376 Y154.79 E267.19179
G0 F9000 X155.704 Y155.082
G0 X156.163 Y155.56
G0 X156.444 Y155.843
G0 X156.663 Y156.047
;TYPE:WALL-INNER
G1 F2053.4 X155.821 Y156.86 E267.23072
G1 X154.914 Y157.538 E267.26839
G1 X153.908 Y158.106 E267.30681
G1 X152.836 Y158.539 E267.34526
G1 X151.721 Y158.832 E267.38361
G1 X150.565 Y158.981 E267.42238
G1 X150 Y159 E267.44118
G1 X149.435 Y158.981 E267.45998
G1 X148.279 Y158.832 E267.49875
G1 X147.164 Y158.539 E267.53709
G1 X146.092 Y158.106 E267.57555
G1 X145.086 Y157.538 E267.61397
G1 X144.179 Y156.86 E267.65163
G1 X143.337 Y156.047 E267.69056
G1 X142.616 Y155.143 E267.72902
G1 X142.026 Y154.168 E267.76693
G1 X141.555 Y153.107 E267.80554
G1 X141.227 Y151.998 E267.844
G1 X141.044 Y150.869 E267.88204
G1 X141.007 Y149.704 E267.92081
G1 X141.116 Y148.567 E267.9588
G1 X141.374 Y147.437 E267.99735
G1 X141.768 Y146.365 E268.03534
G1 X142.309 Y145.33 E268.07418
G1 X142.967 Y144.389 E268.11237
G1 X143.74 Y143.536 E268.15066
G1 X144.617 Y142.789 E268.18897
G1 X145.59 Y142.156 E268.22758
G1 X146.608 Y141.666 E268.26516
G1 X147.722 Y141.296 E268.3042
G1 X148.851 Y141.076 E268.34246
G1 X150 Y141.003 E268.38075
G1 X151.149 Y141.076 E268.41904
G1 X152.278 Y141.296 E268.4573
G1 X153.392 Y141.666 E268.49634
G1 X154.41 Y142.156 E268.53392
G1 X155.383 Y142.789 E268.57253
G1 X156.26 Y143.536 E268.61084
G1 X157.033 Y144.389 E268.64913
G1 X157.691 Y145.33 E268.68732
G1 X158.232 Y146.365 E268.72616
G1 X158.626 Y147.437 E268.76415
G1 X158.884 Y148.567 E268.8027
G1 X158.993 Y149.704 E268.84069
G1 X158.956 Y150.869 E268.87946
G1 X158.773 Y151.998 E268.9175
G1 X158.445 Y153.107 E268.95597
G1 X157.974 Y154.168 E268.99458
G1 X157.384 Y155.143 E269.03248
G1 X156.663 Y156.047 E269.07094
G0 F9000 X156.961 Y156.315
G1 F2053.4 X156.086 Y157.161 E269.11142
G1 X155.129 Y157.876 E269.15115
G1 X154.08 Y158.468 E269.19122
G1 X152.962 Y158.92 E269.23132
G1 X151.797 Y159.226 E269.27139
G1 X150.598 Y159.38 E269.31159
G1 X150 Y159.4 E269.33149
G1 X149.402 Y159.38 E269.35139
G1 X148.203 Y159.226 E269.3916
G1 X147.038 Y158.92 E269.43166
G1 X145.92 Y158.468 E269.47177
G1 X144.871 Y157.876 E269.51183
G1 X143.914 Y157.161 E269.55157
G1 X143.039 Y156.315 E269.59205
G1 X142.291 Y155.378 E269.63193
G1 X141.669 Y154.35 E269.67189
G1 X141.181 Y153.25 E269.71191
G1 X140.835 Y152.083 E269.7524
G1 X140.645 Y150.907 E269.79202
G1 X140.606 Y149.694 E269.83238
G1 X140.721 Y148.501 E269.87225
G1 X140.989 Y147.326 E269.91233
G1 X141.404 Y146.198 E269.95231
G1 X141.965 Y145.124 E269.99261
G1 X142.653 Y144.139 E270.03257
G1 X143.458 Y143.252 E270.07241
G1 X144.379 Y142.467 E270.11266
G1 X145.392 Y141.808 E270.15285
G1 X146.464 Y141.292 E270.19243
G1 X147.62 Y140.908 E270.23294
G1 X148.796 Y140.679 E270.27279
G1 X150 Y140.602 E270.31292
G1 X151.204 Y140.679 E270.35304
G1 X152.38 Y140.908 E270.39289
G1 X153.536 Y141.292 E270.43341
G1 X154.608 Y141.808 E270.47298
G1 X155.621 Y142.467 E270.51317
G1 X156.542 Y143.252 E270.55342
G1 X157.347 Y144.139 E270.59326
G1 X158.035 Y145.124 E270.63322
G1 X158.596 Y146.198 E270.67352
G1 X159.011 Y147.326 E270.7135
G1 X159.279 Y148.501 E270.75358
G1 X159.394 Y149.694 E270.79345
G1 X159.355 Y150.907 E270.83381
G1 X159.165 Y152.083 E270.87343
G1 X158.819 Y153.25 E270.91392
G1 X158.331 Y154.35 E270.95394
G1 X157.709 Y155.378 E270.99391
G1 X156.961 Y156.315 E271.03378
G0 F9000 X157.256 Y156.587
;TYPE:WALL-OUTER
G1 F2053.4 X156.351 Y157.462 E271.07565
G1 X155.344 Y158.214 E271.11745
G1 X154.252 Y158.83 E271.15915
G1 X153.088 Y159.301 E271.20092
G1 X151.873 Y159.62 E271.2427
G1 X150.631 Y159.779 E271.28434
G1 X150 Y159.8 E271.30534
G1 X149.369 Y159.779 E271.32634
G1 X148.127 Y159.62 E271.36799
G1 X146.912 Y159.301 E271.40977
G1 X145.748 Y158.83 E271.45153
G1 X144.656 Y158.214 E271.49323
G1 X143.649 Y157.462 E271.53503
G1 X142.744 Y156.587 E271.5769
G1 X141.963 Y155.608 E271.61856
G1 X141.312 Y154.532 E271.66038
G1 X140.804 Y153.386 E271.70208
G1 X140.445 Y152.175 E271.74409
G1 X140.246 Y150.945 E271.78553
G1 X140.205 Y149.684 E271.82749
G1 X140.326 Y148.436 E271.8692
G1 X140.604 Y147.215 E271.91085
G1 X141.04 Y146.031 E271.95281
G1 X141.621 Y144.918 E271.99457
G1 X142.339 Y143.889 E272.0363
G1 X143.18 Y142.963 E272.07791
G1 X144.137 Y142.148 E272.11972
G1 X145.194 Y141.46 E272.16166
G1 X146.32 Y140.918 E272.20323
G1 X147.518 Y140.52 E272.24522
G1 X148.741 Y140.282 E272.28666
G1 X150 Y140.201 E272.32862
G1 X151.259 Y140.282 E272.37058
G1 X152.482 Y140.52 E272.41202
G1 X153.68 Y140.918 E272.454
G1 X154.806 Y141.46 E272.49557
G1 X155.863 Y142.148 E272.53752
G1 X156.82 Y142.963 E272.57932
G1 X157.661 Y143.889 E272.62093
G1 X158.379 Y144.918 E272.66266
G1 X158.96 Y146.031 E272.70442
G1 X159.396 Y147.215 E272.74639
G1 X159.674 Y148.436 E272.78804
G1 X159.795 Y149.684 E272.82974
G1 X159.754 Y150.945 E272.8717
G1 X159.555 Y152.175 E272.91314
G1 X159.196 Y153.386 E272.95515
G1 X158.688 Y154.532 E272.99685
G1 X158.037 Y155.608 E273.03868
G1 X157.256 Y156.587 E273.08033
G0 F9000 X156.931 Y156.292
G0 X156.444 Y155.843
G0 X155.547 Y156.152
G0 X155.395 Y155.993
;TYPE:FILL
G1 F3080 X155.345 Y156.52 E273.09794
G1 X155.166 Y157.122 E273.11883
G1 X155.047 Y157.341 E273.12712
G0 F9000 X154.915 Y157.164
G0 X152.183 Y157.938
G0 X150.369 Y158.286
G0 X150.361 Y158.065
G1 F3080 X150.246 Y158.326 E273.1366
G1 X149.743 Y158.911 E273.16226
G0 F9000 X149.751 Y158.692
G0 X147.201 Y157.75
G0 X145.509 Y156.961
G0 X145.635 Y156.783
G1 F3080 X145.534 Y157.122 E273.17403
G1 X145.293 Y157.566 E273.19083
G0 F9000 X145.402 Y157.374
G0 X148.121 Y158.025
G0 X149.348 Y158.213
G0 X150.652 Y158.213
G0 X151.879 Y158.025
G0 X153.083 Y157.645
G0 X154.211 Y157.086
G0 X155.246 Y156.357
G0 X156.156 Y155.482
G0 X156.916 Y154.484
G0 X157.088 Y154.168
G0 X157.87 Y152.578
G0 X157.664 Y152.504
G1 F3080 X157.714 Y152.908 E273.20437
G1 X157.979 Y153.51 E273.22625
G1 X158.11 Y153.663 E273.23295
G0 F9000 X157.91 Y153.574
G0 X158.253 Y150.818
G0 X158.034 Y150.81
G1 F3080 X158.202 Y150.5 E273.24467
G1 X158.719 Y149.898 E273.27107
G1 X158.913 Y149.716 E273.27991
G0 F9000 X158.693 Y149.709
G0 X157.758 Y147.21
G0 X157.241 Y146.061
G0 X156.557 Y145.001
G0 X155.715 Y144.059
G0 X154.93 Y143.411
G0 X153.097 Y142.322
G0 X153.015 Y142.525
G1 F3080 X152.88 Y142.072 E273.29563
G1 X152.832 Y141.565 E273.31257
G0 F9000 X152.763 Y141.773
G0 X148.402 Y141.469
G0 X148.361 Y141.253
G1 F3080 X148.243 Y141.47 E273.32079
G1 X148.064 Y142.072 E273.34168
G1 X148.054 Y142.179 E273.34525
G0 F9000 X148.005 Y141.965
G0 X146.342 Y142.612
G0 X145.727 Y142.978
G0 X144.358 Y143.92
G0 X144.497 Y144.09
G1 F3080 X144.271 Y143.878 E273.35556
G1 X143.929 Y143.48 E273.37301
G0 F9000 X144.134 Y143.716
;MESH:NONMESH
G0 F300 X144.134 Y143.716 Z4.6
G0 F9000 X146.342 Y142.612
G0 X147.514 Y142.141
G0 X148.744 Y141.855
G0 X150 Y141.755
G0 X151.256 Y141.855
G0 X152.486 Y142.141
G0 X153.658 Y142.612
G0 X154.744 Y143.259
G0 X155.715 Y144.059
G0 X156.557 Y145.001
G0 X157.241 Y146.061
G0 X157.758 Y147.21
G0 X158.093 Y148.431
G0 X158.235 Y149.686
G0 X158.188 Y150.948
G0 X157.948 Y152.183
G0 X157.524 Y153.366
G0 X157.032 Y154.271
G0 X156.182 Y155.541
G0 X155.975 Y155.324
;TIME_ELAPSED:377.341777
;LAYER:22
;TYPE:WALL-INNER
;MESH:dannypart.STL
G1 F2051.1 X156.718 Y154.35 E273.41376
G1 X157.303 Y153.273 E273.45452
G1 X157.717 Y152.12 E273.49527
G1 X157.951 Y150.918 E273.536
G1 X157.997 Y149.694 E273.57674
G1 X157.857 Y148.477 E273.61748
G1 X157.533 Y147.294 E273.65828
G1 X157.03 Y146.176 E273.69905
G1 X156.365 Y145.148 E273.73977
G1 X155.549 Y144.233 E273.78055
G1 X154.604 Y143.454 E273.82128
G1 X153.551 Y142.827 E273.86204
G1 X152.415 Y142.37 E273.90277
G1 X151.222 Y142.092 E273.94351
G1 X150 Y141.997 E273.98428
G1 X148.778 Y142.092 E274.02505
G1 X147.585 Y142.37 E274.06579
G1 X146.449 Y142.827 E274.10652
G1 X145.396 Y143.454 E274.14728
G1 X144.451 Y144.233 E274.18801
G1 X143.635 Y145.148 E274.22879
G1 X142.97 Y146.176 E274.26951
G1 X142.467 Y147.294 E274.31028
G1 X142.143 Y148.477 E274.35108
G1 X142.003 Y149.694 E274.39182
G1 X142.049 Y150.918 E274.43256
G1 X142.283 Y152.12 E274.47329
G1 X142.697 Y153.273 E274.51404
G1 X143.282 Y154.35 E274.5548
G1 X144.025 Y155.324 E274.59555
G1 X144.908 Y156.173 E274.63629
G1 X145.91 Y156.879 E274.67706
G1 X147.008 Y157.423 E274.71781
G1 X148.177 Y157.793 E274.7586
G1 X149.369 Y157.976 E274.79871
G1 X150 Y158 E274.81971
G1 X150.631 Y157.976 E274.84071
G1 X151.823 Y157.793 E274.88082
G1 X152.992 Y157.423 E274.9216
G1 X154.09 Y156.879 E274.96236
G1 X155.092 Y156.173 E275.00313
G1 X155.975 Y155.324 E275.04387
G0 F9000 X155.676 Y155.057
G1 F2051.1 X156.381 Y154.132 E275.08255
G1 X156.937 Y153.109 E275.12128
G1 X157.33 Y152.014 E275.15997
G1 X157.552 Y150.872 E275.19867
G1 X157.596 Y149.709 E275.23738
G1 X157.463 Y148.553 E275.27608
G1 X157.155 Y147.43 E275.31481
G1 X156.678 Y146.368 E275.35353
G1 X156.046 Y145.391 E275.39223
G1 X155.271 Y144.522 E275.43096
G1 X154.373 Y143.782 E275.46966
G1 X153.373 Y143.187 E275.50836
G1 X152.294 Y142.753 E275.54705
G1 X151.161 Y142.488 E275.58575
G1 X150 Y142.398 E275.62448
G1 X148.839 Y142.488 E275.66321
G1 X147.706 Y142.753 E275.70191
G1 X146.627 Y143.187 E275.74059
G1 X145.627 Y143.782 E275.77929
G1 X144.729 Y144.522 E275.818
G1 X143.954 Y145.391 E275.85672
G1 X143.322 Y146.368 E275.89542
G1 X142.845 Y147.43 E275.93415
G1 X142.537 Y148.553 E275.97288
G1 X142.404 Y149.709 E276.01158
G1 X142.448 Y150.872 E276.05029
G1 X142.67 Y152.014 E276.08898
G1 X143.063 Y153.109 E276.12768
G1 X143.619 Y154.132 E276.1664
G1 X144.324 Y155.057 E276.20509
G1 X145.163 Y155.864 E276.2438
G1 X146.115 Y156.534 E276.28252
G1 X147.158 Y157.051 E276.32124
G1 X148.268 Y157.402 E276.35996
G1 X149.407 Y157.577 E276.39829
G1 X150 Y157.6 E276.41803
G1 X150.593 Y157.577 E276.43777
G1 X151.732 Y157.402 E276.47609
G1 X152.842 Y157.051 E276.51481
G1 X153.885 Y156.534 E276.55353
G1 X154.837 Y155.864 E276.59225
G1 X155.676 Y155.057 E276.63097
G0 F9000 X155.376 Y154.79
;TYPE:WALL-OUTER
G1 F2051.1 X156.044 Y153.914 E276.66761
G1 X156.571 Y152.945 E276.7043
G1 X156.943 Y151.908 E276.74094
G1 X157.153 Y150.826 E276.7776
G1 X157.195 Y149.724 E276.81428
G1 X157.069 Y148.629 E276.85094
G1 X156.777 Y147.566 E276.8876
G1 X156.326 Y146.56 E276.92427
G1 X155.727 Y145.634 E276.96095
G1 X154.993 Y144.811 E276.99763
G1 X154.142 Y144.11 E277.0343
G1 X153.195 Y143.547 E277.07095
G1 X152.173 Y143.135 E277.1076
G1 X151.1 Y142.884 E277.14425
G1 X150 Y142.799 E277.18094
G1 X148.9 Y142.884 E277.21764
G1 X147.827 Y143.135 E277.25429
G1 X146.805 Y143.547 E277.29094
G1 X145.858 Y144.11 E277.32758
G1 X145.007 Y144.811 E277.36425
G1 X144.273 Y145.634 E277.40093
G1 X143.674 Y146.56 E277.43761
G1 X143.223 Y147.566 E277.47428
G1 X142.931 Y148.629 E277.51095
G1 X142.805 Y149.724 E277.54761
G1 X142.847 Y150.826 E277.58429
G1 X143.057 Y151.908 E277.62094
G1 X143.429 Y152.945 E277.65759
G1 X143.956 Y153.914 E277.69427
G1 X144.624 Y154.79 E277.73091
G1 X145.418 Y155.555 E277.76759
G1 X146.32 Y156.189 E277.80426
G1 X147.308 Y156.679 E277.84094
G1 X148.359 Y157.011 E277.8776
G1 X149.445 Y157.178 E277.91414
G1 X150 Y157.2 E277.93262
G1 X150.555 Y157.178 E277.95109
G1 X151.641 Y157.011 E277.98763
G1 X152.692 Y156.679 E278.02429
G1 X153.68 Y156.189 E278.06097
G1 X154.582 Y155.555 E278.09764
G1 X155.376 Y154.79 E278.13432
G0 F9000 X155.704 Y155.082
G0 X156.163 Y155.56
G0 X156.444 Y155.843
G0 X156.663 Y156.047
;TYPE:WALL-INNER
G1 F2051.1 X155.821 Y156.86 E278.17324
G1 X154.914 Y157.538 E278.21091
G1 X153.908 Y158.106 E278.24933
G1 X152.836 Y158.539 E278.28779
G1 X151.721 Y158.832 E278.32613
G1 X150.565 Y158.981 E278.3649
G1 X150 Y159 E278.3837
G1 X149.435 Y158.981 E278.4025
G1 X148.279 Y158.832 E278.44127
G1 X147.164 Y158.539 E278.47961
G1 X146.092 Y158.106 E278.51807
G1 X145.086 Y157.538 E278.55649
G1 X144.179 Y156.86 E278.59416
G1 X143.337 Y156.047 E278.63308
G1 X142.616 Y155.143 E278.67154
G1 X142.026 Y154.168 E278.70945
G1 X141.555 Y153.107 E278.74806
G1 X141.227 Y151.998 E278.78652
G1 X141.044 Y150.869 E278.82456
G1 X141.007 Y149.704 E278.86333
G1 X141.116 Y148.567 E278.90132
G1 X141.374 Y147.437 E278.93987
G1 X141.768 Y146.365 E278.97786
G1 X142.309 Y145.33 E279.0167
G1 X142.967 Y144.389 E279.05489
G1 X143.74 Y143.536 E279.09318
G1 X144.617 Y142.789 E279.1315
G1 X145.59 Y142.156 E279.1701
G1 X146.608 Y141.666 E279.20768
G1 X147.722 Y141.296 E279.24672
G1 X148.851 Y141.076 E279.28498
G1 X150 Y141.003 E279.32327
G1 X151.149 Y141.076 E279.36157
G1 X152.278 Y141.296 E279.39982
G1 X153.392 Y141.666 E279.43886
G1 X154.41 Y142.156 E279.47644
G1 X155.383 Y142.789 E279.51505
G1 X156.26 Y143.536 E279.55337
G1 X157.033 Y144.389 E279.59165
G1 X157.691 Y145.33 E279.62984
G1 X158.232 Y146.365 E279.66869
G1 X158.626 Y147.437 E279.70667
G1 X158.884 Y148.567 E279.74522
G1 X158.993 Y149.704 E279.78321
G1 X158.956 Y150.869 E279.82198
G1 X158.773 Y151.998 E279.86002
G1 X158.445 Y153.107 E279.89849
G1 X157.974 Y154.168 E279.9371
G1 X157.384 Y155.143 E279.975
G1 X156.663 Y156.047 E280.01346
G0 F9000 X156.961 Y156.315
G1 F2051.1 X156.086 Y157.161 E280.05394
G1 X155.129 Y157.876 E280.09367
G1 X154.08 Y158.468 E280.13374
G1 X152.962 Y158.92 E280.17385
G1 X151.797 Y159.226 E280.21391
G1 X150.598 Y159.38 E280.25411
G1 X150 Y159.4 E280.27401
G1 X149.402 Y159.38 E280.29392
G1 X148.203 Y159.226 E280.33412
G1 X147.038 Y158.92 E280.37418
G1 X145.92 Y158.468 E280.41429
G1 X144.871 Y157.876 E280.45436
G1 X143.914 Y157.161 E280.49409
G1 X143.039 Y156.315 E280.53457
G1 X142.291 Y155.378 E280.57445
G1 X141.669 Y154.35 E280.61441
G1 X141.181 Y153.25 E280.65443
G1 X140.835 Y152.083 E280.69492
G1 X140.645 Y150.907 E280.73454
G1 X140.606 Y149.694 E280.77491
G1 X140.721 Y148.501 E280.81477
G1 X140.989 Y147.326 E280.85485
G1 X141.404 Y146.198 E280.89483
G1 X141.965 Y145.124 E280.93513
G1 X142.653 Y144.139 E280.97509
G1 X143.458 Y143.252 E281.01493
G1 X144.379 Y142.467 E281.05518
G1 X145.392 Y141.808 E281.09538
G1 X146.464 Y141.292 E281.13495
G1 X147.62 Y140.908 E281.17546
G1 X148.796 Y140.679 E281.21531
G1 X150 Y140.602 E281.25544
G1 X151.204 Y140.679 E281.29556
G1 X152.38 Y140.908 E281.33541
G1 X153.536 Y141.292 E281.37593
G1 X154.608 Y141.808 E281.4155
G1 X155.621 Y142.467 E281.45569
G1 X156.542 Y143.252 E281.49594
G1 X157.347 Y144.139 E281.53578
G1 X158.035 Y145.124 E281.57574
G1 X158.596 Y146.198 E281.61604
G1 X159.011 Y147.326 E281.65602
G1 X159.279 Y148.501 E281.6961
G1 X159.394 Y149.694 E281.73597
G1 X159.355 Y150.907 E281.77633
G1 X159.165 Y152.083 E281.81595
G1 X158.819 Y153.25 E281.85644
G1 X158.331 Y154.35 E281.89646
G1 X157.709 Y155.378 E281.93643
G1 X156.961 Y156.315 E281.9763
G0 F9000 X157.256 Y156.587
;TYPE:WALL-OUTER
G1 F2051.1 X156.351 Y157.462 E282.01817
G1 X155.344 Y158.214 E282.05997
G1 X154.252 Y158.83 E282.10167
G1 X153.088 Y159.301 E282.14344
G1 X151.873 Y159.62 E282.18522
G1 X150.631 Y159.779 E282.22687
G1 X150 Y159.8 E282.24786
G1 X149.369 Y159.779 E282.26886
G1 X148.127 Y159.62 E282.31051
G1 X146.912 Y159.301 E282.35229
G1 X145.748 Y158.83 E282.39405
G1 X144.656 Y158.214 E282.43575
G1 X143.649 Y157.462 E282.47756
G1 X142.744 Y156.587 E282.51942
G1 X141.963 Y155.608 E282.56108
G1 X141.312 Y154.532 E282.60291
G1 X140.804 Y153.386 E282.6446
G1 X140.445 Y152.175 E282.68661
G1 X140.246 Y150.945 E282.72805
G1 X140.205 Y149.684 E282.77001
G1 X140.326 Y148.436 E282.81172
G1 X140.604 Y147.215 E282.85337
G1 X141.04 Y146.031 E282.89533
G1 X141.621 Y144.918 E282.93709
G1 X142.339 Y143.889 E282.97882
G1 X143.18 Y142.963 E283.02043
G1 X144.137 Y142.148 E283.06224
G1 X145.194 Y141.46 E283.10419
G1 X146.32 Y140.918 E283.14575
G1 X147.518 Y140.52 E283.18774
G1 X148.741 Y140.282 E283.22918
G1 X150 Y140.201 E283.27114
G1 X151.259 Y140.282 E283.3131
G1 X152.482 Y140.52 E283.35454
G1 X153.68 Y140.918 E283.39653
G1 X154.806 Y141.46 E283.43809
G1 X155.863 Y142.148 E283.48004
G1 X156.82 Y142.963 E283.52185
G1 X157.661 Y143.889 E283.56345
G1 X158.379 Y144.918 E283.60518
G1 X158.96 Y146.031 E283.64694
G1 X159.396 Y147.215 E283.68891
G1 X159.674 Y148.436 E283.73056
G1 X159.795 Y149.684 E283.77226
G1 X159.754 Y150.945 E283.81422
G1 X159.555 Y152.175 E283.85567
G1 X159.196 Y153.386 E283.89768
G1 X158.688 Y154.532 E283.93937
G1 X158.037 Y155.608 E283.9812
G1 X157.256 Y156.587 E284.02285
G0 F9000 X156.931 Y156.292
G0 X156.444 Y155.843
G0 X155.476 Y156.22
G0 X155.324 Y156.061
;TYPE:FILL
G1 F3076.6 X155.324 Y156.52 E284.03812
G1 X155.203 Y157.122 E284.05854
G1 X155.136 Y157.274 E284.06407
G0 F9000 X155.004 Y157.097
G0 X152.192 Y157.932
G0 X150.194 Y158.293
G0 X150.186 Y158.072
G1 F3076.6 X150.05 Y158.326 E284.07365
G1 X149.536 Y158.905 E284.0994
G0 F9000 X149.544 Y158.685
G0 X145.468 Y157.412
G0 X145.359 Y157.603
G1 F3076.6 X145.571 Y157.122 E284.11688
G1 X145.639 Y156.786 E284.12828
G0 F9000 X145.513 Y156.964
G0 X144.754 Y156.357
G0 X143.844 Y155.482
G0 X143.084 Y154.484
G0 X142.476 Y153.366
G0 X142.052 Y152.183
G0 X141.812 Y150.948
G0 X141.765 Y149.686
G0 X141.907 Y148.431
G0 X142.242 Y147.21
G0 X142.759 Y146.061
G0 X143.312 Y145.203
G0 X144.233 Y144.027
G0 X144.396 Y144.174
G1 F3076.6 X144.103 Y143.878 E284.14214
G1 X143.854 Y143.543 E284.15602
G0 F9000 X143.996 Y143.711
G0 X145.895 Y142.821
G0 X148.036 Y141.958
G0 X148.085 Y142.172
G1 F3076.6 X148.085 Y142.072 E284.15935
G1 X148.206 Y141.47 E284.17977
G1 X148.296 Y141.266 E284.18718
G0 F9000 X148.337 Y141.482
G0 X152.832 Y141.795
G0 X152.901 Y141.588
G1 F3076.6 X152.901 Y142.072 E284.20328
G1 X152.99 Y142.515 E284.21831
G0 F9000 X153.072 Y142.312
G0 X154.744 Y143.259
G0 X155.715 Y144.059
G0 X156.557 Y145.001
G0 X157.241 Y146.061
G0 X157.387 Y146.386
G0 X158.679 Y149.568
G0 X158.898 Y149.548
G1 F3076.6 X158.551 Y149.898 E284.2347
G1 X158.103 Y150.5 E284.25966
G1 X158.04 Y150.644 E284.26489
G0 F9000 X158.26 Y150.652
G0 X157.931 Y152.41
G0 X157.724 Y152.336
G1 F3076.6 X157.853 Y152.908 E284.28439
G1 X158.175 Y153.51 E284.3071
G0 F9000 X157.904 Y153.373
;MESH:NONMESH
G0 F300 X157.904 Y153.373 Z4.8
G0 F9000 X156.182 Y155.541
G0 X155.975 Y155.324
;TIME_ELAPSED:389.913679
;LAYER:23
;TYPE:WALL-INNER
;MESH:dannypart.STL
G1 F2030.3 X156.718 Y154.35 E284.34784
G1 X157.303 Y153.273 E284.38861
G1 X157.717 Y152.12 E284.42936
G1 X157.951 Y150.918 E284.47008
G1 X157.997 Y149.694 E284.51082
G1 X157.857 Y148.477 E284.55157
G1 X157.533 Y147.294 E284.59236
G1 X157.03 Y146.176 E284.63314
G1 X156.365 Y145.148 E284.67386
G1 X155.549 Y144.233 E284.71464
G1 X154.604 Y143.454 E284.75537
G1 X153.551 Y142.827 E284.79613
G1 X152.415 Y142.37 E284.83686
G1 X151.222 Y142.092 E284.8776
G1 X150 Y141.997 E284.91837
G1 X148.778 Y142.092 E284.95913
G1 X147.585 Y142.37 E284.99988
G1 X146.449 Y142.827 E285.0406
G1 X145.396 Y143.454 E285.08136
G1 X144.451 Y144.233 E285.1221
G1 X143.635 Y145.148 E285.16287
G1 X142.97 Y146.176 E285.2036
G1 X142.467 Y147.294 E285.24437
G1 X142.143 Y148.477 E285.28517
G1 X142.003 Y149.694 E285.32591
G1 X142.049 Y150.918 E285.36665
G1 X142.283 Y152.12 E285.40738
G1 X142.697 Y153.273 E285.44813
G1 X143.282 Y154.35 E285.48889
G1 X144.025 Y155.324 E285.52964
G1 X144.908 Y156.173 E285.57038
G1 X145.91 Y156.879 E285.61115
G1 X147.008 Y157.423 E285.6519
G1 X148.177 Y157.793 E285.69268
G1 X149.369 Y157.976 E285.73279
G1 X150 Y158 E285.7538
G1 X150.631 Y157.976 E285.7748
G1 X151.823 Y157.793 E285.81491
G1 X152.992 Y157.423 E285.85569
G1 X154.09 Y156.879 E285.89645
G1 X155.092 Y156.173 E285.93722
G1 X155.975 Y155.324 E285.97796
G0 F9000 X155.676 Y155.057
G1 F2030.3 X156.381 Y154.132 E286.01664
G1 X156.937 Y153.109 E286.05537
G1 X157.33 Y152.014 E286.09406
G1 X157.552 Y150.872 E286.13276
G1 X157.596 Y149.709 E286.17146
G1 X157.463 Y148.553 E286.21017
G1 X157.155 Y147.43 E286.2489
G1 X156.678 Y146.368 E286.28762
G1 X156.046 Y145.391 E286.32632
G1 X155.271 Y144.522 E286.36505
G1 X154.373 Y143.782 E286.40375
G1 X153.373 Y143.187 E286.44245
G1 X152.294 Y142.753 E286.48113
G1 X151.161 Y142.488 E286.51983
G1 X150 Y142.398 E286.55857
G1 X148.839 Y142.488 E286.5973
G1 X147.706 Y142.753 E286.636
G1 X146.627 Y143.187 E286.67468
G1 X145.627 Y143.782 E286.71338
G1 X144.729 Y144.522 E286.75208
G1 X143.954 Y145.391 E286.79081
G1 X143.322 Y146.368 E286.82951
G1 X142.845 Y147.43 E286.86823
G1 X142.537 Y148.553 E286.90696
G1 X142.404 Y149.709 E286.94567
G1 X142.448 Y150.872 E286.98438
G1 X142.67 Y152.014 E287.02307
G1 X143.063 Y153.109 E287.06176
G1 X143.619 Y154.132 E287.10049
G1 X144.324 Y155.057 E287.13917
G1 X145.163 Y155.864 E287.17789
G1 X146.115 Y156.534 E287.21661
G1 X147.158 Y157.051 E287.25533
G1 X148.268 Y157.402 E287.29405
G1 X149.407 Y157.577 E287.33238
G1 X150 Y157.6 E287.35212
G1 X150.593 Y157.577 E287.37185
G1 X151.732 Y157.402 E287.41018
G1 X152.842 Y157.051 E287.4489
G1 X153.885 Y156.534 E287.48762
G1 X154.837 Y155.864 E287.52634
G1 X155.676 Y155.057 E287.56506
G0 F9000 X155.376 Y154.79
;TYPE:WALL-OUTER
G1 F2030.3 X156.044 Y153.914 E287.6017
G1 X156.571 Y152.945 E287.63839
G1 X156.943 Y151.908 E287.67503
G1 X157.153 Y150.826 E287.71169
G1 X157.195 Y149.724 E287.74837
G1 X157.069 Y148.629 E287.78503
G1 X156.777 Y147.566 E287.82169
G1 X156.326 Y146.56 E287.85836
G1 X155.727 Y145.634 E287.89504
G1 X154.993 Y144.811 E287.93172
G1 X154.142 Y144.11 E287.96839
G1 X153.195 Y143.547 E288.00503
G1 X152.173 Y143.135 E288.04168
G1 X151.1 Y142.884 E288.07834
G1 X150 Y142.799 E288.11503
G1 X148.9 Y142.884 E288.15173
G1 X147.827 Y143.135 E288.18838
G1 X146.805 Y143.547 E288.22503
G1 X145.858 Y144.11 E288.26167
G1 X145.007 Y144.811 E288.29834
G1 X144.273 Y145.634 E288.33502
G1 X143.674 Y146.56 E288.3717
G1 X143.223 Y147.566 E288.40837
G1 X142.931 Y148.629 E288.44503
G1 X142.805 Y149.724 E288.48169
G1 X142.847 Y150.826 E288.51837
G1 X143.057 Y151.908 E288.55503
G1 X143.429 Y152.945 E288.59168
G1 X143.956 Y153.914 E288.62836
G1 X144.624 Y154.79 E288.665
G1 X145.418 Y155.555 E288.70167
G1 X146.32 Y156.189 E288.73834
G1 X147.308 Y156.679 E288.77503
G1 X148.359 Y157.011 E288.81168
G1 X149.445 Y157.178 E288.84823
G1 X150 Y157.2 E288.8667
G1 X150.555 Y157.178 E288.88518
G1 X151.641 Y157.011 E288.92172
G1 X152.692 Y156.679 E288.95838
G1 X153.68 Y156.189 E288.99506
G1 X154.582 Y155.555 E289.03173
G1 X155.376 Y154.79 E289.0684
G0 F9000 X155.704 Y155.082
G0 X156.163 Y155.56
G0 X156.444 Y155.843
G0 X156.663 Y156.047
;TYPE:WALL-INNER
G1 F2030.3 X155.821 Y156.86 E289.10733
G1 X154.914 Y157.538 E289.145
G1 X153.908 Y158.106 E289.18342
G1 X152.836 Y158.539 E289.22187
G1 X151.721 Y158.832 E289.26022
G1 X150.565 Y158.981 E289.29899
G1 X150 Y159 E289.31779
G1 X149.435 Y158.981 E289.33659
G1 X148.279 Y158.832 E289.37536
G1 X147.164 Y158.539 E289.4137
G1 X146.092 Y158.106 E289.45215
G1 X145.086 Y157.538 E289.49058
G1 X144.179 Y156.86 E289.52824
G1 X143.337 Y156.047 E289.56717
G1 X142.616 Y155.143 E289.60563
G1 X142.026 Y154.168 E289.64354
G1 X141.555 Y153.107 E289.68214
G1 X141.227 Y151.998 E289.72061
G1 X141.044 Y150.869 E289.75865
G1 X141.007 Y149.704 E289.79742
G1 X141.116 Y148.567 E289.83541
G1 X141.374 Y147.437 E289.87396
G1 X141.768 Y146.365 E289.91195
G1 X142.309 Y145.33 E289.95079
G1 X142.967 Y144.389 E289.98898
G1 X143.74 Y143.536 E290.02727
G1 X144.617 Y142.789 E290.06558
G1 X145.59 Y142.156 E290.10419
G1 X146.608 Y141.666 E290.14177
G1 X147.722 Y141.296 E290.18081
G1 X148.851 Y141.076 E290.21907
G1 X150 Y141.003 E290.25736
G1 X151.149 Y141.076 E290.29565
G1 X152.278 Y141.296 E290.33391
G1 X153.392 Y141.666 E290.37295
G1 X154.41 Y142.156 E290.41053
G1 X155.383 Y142.789 E290.44914
G1 X156.26 Y143.536 E290.48745
G1 X157.033 Y144.389 E290.52574
G1 X157.691 Y145.33 E290.56393
G1 X158.232 Y146.365 E290.60277
G1 X158.626 Y147.437 E290.64076
G1 X158.884 Y148.567 E290.67931
G1 X158.993 Y149.704 E290.7173
G1 X158.956 Y150.869 E290.75607
G1 X158.773 Y151.998 E290.79411
G1 X158.445 Y153.107 E290.83258
G1 X157.974 Y154.168 E290.87119
G1 X157.384 Y155.143 E290.90909
G1 X156.663 Y156.047 E290.94755
G0 F9000 X156.961 Y156.315
G1 F2030.3 X156.086 Y157.161 E290.98803
G1 X155.129 Y157.876 E291.02776
G1 X154.08 Y158.468 E291.06782
G1 X152.962 Y158.92 E291.10793
G1 X151.797 Y159.226 E291.148
G1 X150.598 Y159.38 E291.1882
G1 X150 Y159.4 E291.2081
G1 X149.402 Y159.38 E291.228
G1 X148.203 Y159.226 E291.26821
G1 X147.038 Y158.92 E291.30827
G1 X145.92 Y158.468 E291.34838
G1 X144.871 Y157.876 E291.38844
G1 X143.914 Y157.161 E291.42818
G1 X143.039 Y156.315 E291.46866
G1 X142.291 Y155.378 E291.50853
G1 X141.669 Y154.35 E291.5485
G1 X141.181 Y153.25 E291.58852
G1 X140.835 Y152.083 E291.62901
G1 X140.645 Y150.907 E291.66863
G1 X140.606 Y149.694 E291.70899
G1 X140.721 Y148.501 E291.74886
G1 X140.989 Y147.326 E291.78894
G1 X141.404 Y146.198 E291.82892
G1 X141.965 Y145.124 E291.86922
G1 X142.653 Y144.139 E291.90918
G1 X143.458 Y143.252 E291.94902
G1 X144.379 Y142.467 E291.98927
G1 X145.392 Y141.808 E292.02946
G1 X146.464 Y141.292 E292.06903
G1 X147.62 Y140.908 E292.10955
G1 X148.796 Y140.679 E292.1494
G1 X150 Y140.602 E292.18952
G1 X151.204 Y140.679 E292.22965
G1 X152.38 Y140.908 E292.2695
G1 X153.536 Y141.292 E292.31001
G1 X154.608 Y141.808 E292.34958
G1 X155.621 Y142.467 E292.38978
G1 X156.542 Y143.252 E292.43003
G1 X157.347 Y144.139 E292.46987
G1 X158.035 Y145.124 E292.50983
G1 X158.596 Y146.198 E292.55013
G1 X159.011 Y147.326 E292.59011
G1 X159.279 Y148.501 E292.63019
G1 X159.394 Y149.694 E292.67006
G1 X159.355 Y150.907 E292.71042
G1 X159.165 Y152.083 E292.75004
G1 X158.819 Y153.25 E292.79053
G1 X158.331 Y154.35 E292.83055
G1 X157.709 Y155.378 E292.87051
G1 X156.961 Y156.315 E292.91039
G0 F9000 X157.256 Y156.587
;TYPE:WALL-OUTER
G1 F2030.3 X156.351 Y157.462 E292.95226
G1 X155.344 Y158.214 E292.99406
G1 X154.252 Y158.83 E293.03576
G1 X153.088 Y159.301 E293.07753
G1 X151.873 Y159.62 E293.11931
G1 X150.631 Y159.779 E293.16095
G1 X150 Y159.8 E293.18195
G1 X149.369 Y159.779 E293.20295
G1 X148.127 Y159.62 E293.2446
G1 X146.912 Y159.301 E293.28638
G1 X145.748 Y158.83 E293.32814
G1 X144.656 Y158.214 E293.36984
G1 X143.649 Y157.462 E293.41164
G1 X142.744 Y156.587 E293.45351
G1 X141.963 Y155.608 E293.49517
G1 X141.312 Y154.532 E293.53699
G1 X140.804 Y153.386 E293.57869
G1 X140.445 Y152.175 E293.6207
G1 X140.246 Y150.945 E293.66214
G1 X140.205 Y149.684 E293.7041
G1 X140.326 Y148.436 E293.74581
G1 X140.604 Y147.215 E293.78746
G1 X141.04 Y146.031 E293.82942
G1 X141.621 Y144.918 E293.87118
G1 X142.339 Y143.889 E293.91291
G1 X143.18 Y142.963 E293.95452
G1 X144.137 Y142.148 E293.99633
G1 X145.194 Y141.46 E294.03827
G1 X146.32 Y140.918 E294.07984
G1 X147.518 Y140.52 E294.12182
G1 X148.741 Y140.282 E294.16326
G1 X150 Y140.201 E294.20523
G1 X151.259 Y140.282 E294.24719
G1 X152.482 Y140.52 E294.28863
G1 X153.68 Y140.918 E294.33061
G1 X154.806 Y141.46 E294.37218
G1 X155.863 Y142.148 E294.41412
G1 X156.82 Y142.963 E294.45593
G1 X157.661 Y143.889 E294.49754
G1 X158.379 Y144.918 E294.53927
G1 X158.96 Y146.031 E294.58103
G1 X159.396 Y147.215 E294.623
G1 X159.674 Y148.436 E294.66464
G1 X159.795 Y149.684 E294.70635
G1 X159.754 Y150.945 E294.74831
G1 X159.555 Y152.175 E294.78975
G1 X159.196 Y153.386 E294.83176
G1 X158.688 Y154.532 E294.87346
G1 X158.037 Y155.608 E294.91529
G1 X157.256 Y156.587 E294.95694
G0 F9000 X156.931 Y156.292
G0 X156.444 Y155.843
G0 X155.43 Y156.265
G0 X155.278 Y156.106
;TYPE:FILL
G1 F3045.5 X155.317 Y156.52 E294.97077
G1 X155.251 Y157.122 E294.99091
G1 X155.221 Y157.21 E294.994
G0 F9000 X155.089 Y157.033
G0 X158.05 Y153.257
G0 X158.251 Y153.346
G1 F3045.5 X157.976 Y152.908 E295.01121
G1 X157.781 Y152.306 E295.03225
G1 X157.771 Y152.204 E295.03566
G0 F9000 X157.978 Y152.278
G0 X158.268 Y150.423
G0 X158.048 Y150.415
G1 F3045.5 X158.382 Y149.898 E295.05613
G1 X158.88 Y149.365 E295.08039
G0 F9000 X158.661 Y149.385
G0 X157.241 Y146.061
G0 X156.557 Y145.001
G0 X155.715 Y144.059
G0 X154.842 Y143.339
G0 X153.037 Y142.298
G0 X152.955 Y142.501
G1 F3045.5 X152.908 Y142.072 E295.09475
G1 X152.952 Y141.605 E295.11035
G0 F9000 X152.883 Y141.812
G0 X148.263 Y141.496
G0 X148.222 Y141.28
G1 F3045.5 X148.158 Y141.47 E295.11702
G1 X148.092 Y142.072 E295.13716
G1 X148.101 Y142.168 E295.14037
G0 F9000 X148.052 Y141.954
G0 X146.342 Y142.612
G0 X145.463 Y143.135
G0 X144.142 Y144.129
G0 X144.305 Y144.275
G1 F3045.5 X143.934 Y143.878 E295.15844
G1 X143.769 Y143.622 E295.16857
G0 F9000 X143.931 Y143.77
G0 X142.759 Y146.061
G0 X142.242 Y147.21
G0 X141.907 Y148.431
G0 X141.765 Y149.686
G0 X141.812 Y150.948
G0 X142.052 Y152.183
G0 X142.476 Y153.366
G0 X143.084 Y154.484
G0 X143.844 Y155.482
G0 X144.359 Y155.977
G0 X145.528 Y156.976
G0 X145.655 Y156.797
G1 F3045.5 X145.619 Y157.122 E295.17945
G1 X145.441 Y157.649 E295.19795
G0 F9000 X145.55 Y157.458
G0 X149.376 Y158.673
G0 X149.348 Y158.89
G1 F3045.5 X149.871 Y158.326 E295.22353
G1 X150.026 Y158.079 E295.23323
G0 F9000 X150.04 Y158.398
;MESH:NONMESH
G0 F300 X150.04 Y158.398 Z5
G0 F9000 X151.879 Y158.025
G0 X153.083 Y157.645
G0 X154.211 Y157.086
G0 X155.048 Y156.496
G0 X156.182 Y155.541
G0 X155.975 Y155.324
;TIME_ELAPSED:402.655907
;LAYER:24
;TYPE:WALL-INNER
;MESH:dannypart.STL
G1 F2034.9 X156.718 Y154.35 E295.27397
G1 X157.303 Y153.273 E295.31474
G1 X157.717 Y152.12 E295.35548
G1 X157.951 Y150.918 E295.39621
G1 X157.997 Y149.694 E295.43695
G1 X157.857 Y148.477 E295.4777
G1 X157.533 Y147.294 E295.51849
G1 X157.03 Y146.176 E295.55927
G1 X156.365 Y145.148 E295.59999
G1 X155.549 Y144.233 E295.64077
G1 X154.604 Y143.454 E295.6815
G1 X153.551 Y142.827 E295.72226
G1 X152.415 Y142.37 E295.76299
G1 X151.222 Y142.092 E295.80373
G1 X150 Y141.997 E295.8445
G1 X148.778 Y142.092 E295.88526
G1 X147.585 Y142.37 E295.92601
G1 X146.449 Y142.827 E295.96673
G1 X145.396 Y143.454 E296.00749
G1 X144.451 Y144.233 E296.04823
G1 X143.635 Y145.148 E296.089
G1 X142.97 Y146.176 E296.12973
G1 X142.467 Y147.294 E296.1705
G1 X142.143 Y148.477 E296.2113
G1 X142.003 Y149.694 E296.25204
G1 X142.049 Y150.918 E296.29278
G1 X142.283 Y152.12 E296.33351
G1 X142.697 Y153.273 E296.37425
G1 X143.282 Y154.35 E296.41502
G1 X144.025 Y155.324 E296.45576
G1 X144.908 Y156.173 E296.49651
G1 X145.91 Y156.879 E296.53727
G1 X147.008 Y157.423 E296.57803
G1 X148.177 Y157.793 E296.61881
G1 X149.369 Y157.976 E296.65892
G1 X150 Y158 E296.67993
G1 X150.631 Y157.976 E296.70093
G1 X151.823 Y157.793 E296.74104
G1 X152.992 Y157.423 E296.78182
G1 X154.09 Y156.879 E296.82258
G1 X155.092 Y156.173 E296.86335
G1 X155.975 Y155.324 E296.90409
G0 F9000 X155.676 Y155.057
G1 F2034.9 X156.381 Y154.132 E296.94277
G1 X156.937 Y153.109 E296.9815
G1 X157.33 Y152.014 E297.02019
G1 X157.552 Y150.872 E297.05888
G1 X157.596 Y149.709 E297.09759
G1 X157.463 Y148.553 E297.1363
G1 X157.155 Y147.43 E297.17503
G1 X156.678 Y146.368 E297.21375
G1 X156.046 Y145.391 E297.25245
G1 X155.271 Y144.522 E297.29118
G1 X154.373 Y143.782 E297.32988
G1 X153.373 Y143.187 E297.36858
G1 X152.294 Y142.753 E297.40726
G1 X151.161 Y142.488 E297.44596
G1 X150 Y142.398 E297.48469
G1 X148.839 Y142.488 E297.52343
G1 X147.706 Y142.753 E297.56213
G1 X146.627 Y143.187 E297.60081
G1 X145.627 Y143.782 E297.63951
G1 X144.729 Y144.522 E297.67821
G1 X143.954 Y145.391 E297.71694
G1 X143.322 Y146.368 E297.75564
G1 X142.845 Y147.43 E297.79436
G1 X142.537 Y148.553 E297.83309
G1 X142.404 Y149.709 E297.8718
G1 X142.448 Y150.872 E297.9105
G1 X142.67 Y152.014 E297.9492
G1 X143.063 Y153.109 E297.98789
G1 X143.619 Y154.132 E298.02662
G1 X144.324 Y155.057 E298.0653
G1 X145.163 Y155.864 E298.10402
G1 X146.115 Y156.534 E298.14274
G1 X147.158 Y157.051 E298.18146
G1 X148.268 Y157.402 E298.22018
G1 X149.407 Y157.577 E298.25851
G1 X150 Y157.6 E298.27824
G1 X150.593 Y157.577 E298.29798
G1 X151.732 Y157.402 E298.33631
G1 X152.842 Y157.051 E298.37503
G1 X153.885 Y156.534 E298.41375
G1 X154.837 Y155.864 E298.45247
G1 X155.676 Y155.057 E298.49119
G0 F9000 X155.376 Y154.79
;TYPE:WALL-OUTER
G1 F2034.9 X156.044 Y153.914 E298.52783
G1 X156.571 Y152.945 E298.56451
G1 X156.943 Y151.908 E298.60116
G1 X157.153 Y150.826 E298.63782
G1 X157.195 Y149.724 E298.6745
G1 X157.069 Y148.629 E298.71116
G1 X156.777 Y147.566 E298.74782
G1 X156.326 Y146.56 E298.78449
G1 X155.727 Y145.634 E298.82117
G1 X154.993 Y144.811 E298.85785
G1 X154.142 Y144.11 E298.89452
G1 X153.195 Y143.547 E298.93116
G1 X152.173 Y143.135 E298.96781
G1 X151.1 Y142.884 E299.00446
G1 X150 Y142.799 E299.04116
G1 X148.9 Y142.884 E299.07785
G1 X147.827 Y143.135 E299.11451
G1 X146.805 Y143.547 E299.15116
G1 X145.858 Y144.11 E299.1878
G1 X145.007 Y144.811 E299.22447
G1 X144.273 Y145.634 E299.26115
G1 X143.674 Y146.56 E299.29783
G1 X143.223 Y147.566 E299.3345
G1 X142.931 Y148.629 E299.37116
G1 X142.805 Y149.724 E299.40782
G1 X142.847 Y150.826 E299.4445
G1 X143.057 Y151.908 E299.48116
G1 X143.429 Y152.945 E299.5178
G1 X143.956 Y153.914 E299.55449
G1 X144.624 Y154.79 E299.59113
G1 X145.418 Y155.555 E299.6278
G1 X146.32 Y156.189 E299.66447
G1 X147.308 Y156.679 E299.70115
G1 X148.359 Y157.011 E299.73781
G1 X149.445 Y157.178 E299.77436
G1 X150 Y157.2 E299.79283
G1 X150.555 Y157.178 E299.81131
G1 X151.641 Y157.011 E299.84785
G1 X152.692 Y156.679 E299.88451
G1 X153.68 Y156.189 E299.92119
G1 X154.582 Y155.555 E299.95786
G1 X155.376 Y154.79 E299.99453
G0 F9000 X155.704 Y155.082
G0 X156.163 Y155.56
G0 X156.444 Y155.843
G0 X156.663 Y156.047
;TYPE:WALL-INNER
G1 F2034.9 X155.821 Y156.86 E300.03346
G1 X154.914 Y157.538 E300.07112
G1 X153.908 Y158.106 E300.10955
G1 X152.836 Y158.539 E300.148
G1 X151.721 Y158.832 E300.18635
G1 X150.565 Y158.981 E300.22511
G1 X150 Y159 E300.24392
G1 X149.435 Y158.981 E300.26272
G1 X148.279 Y158.832 E300.30149
G1 X147.164 Y158.539 E300.33983
G1 X146.092 Y158.106 E300.37828
G1 X145.086 Y157.538 E300.41671
G1 X144.179 Y156.86 E300.45437
G1 X143.337 Y156.047 E300.4933
G1 X142.616 Y155.143 E300.53176
G1 X142.026 Y154.168 E300.56966
G1 X141.555 Y153.107 E300.60827
G1 X141.227 Y151.998 E300.64674
G1 X141.044 Y150.869 E300.68478
G1 X141.007 Y149.704 E300.72355
G1 X141.116 Y148.567 E300.76154
G1 X141.374 Y147.437 E300.80009
G1 X141.768 Y146.365 E300.83807
G1 X142.309 Y145.33 E300.87692
G1 X142.967 Y144.389 E300.91511
G1 X143.74 Y143.536 E300.9534
G1 X144.617 Y142.789 E300.99171
G1 X145.59 Y142.156 E301.03032
G1 X146.608 Y141.666 E301.0679
G1 X147.722 Y141.296 E301.10694
G1 X148.851 Y141.076 E301.1452
G1 X150 Y141.003 E301.18349
G1 X151.149 Y141.076 E301.22178
G1 X152.278 Y141.296 E301.26004
G1 X153.392 Y141.666 E301.29908
G1 X154.41 Y142.156 E301.33666
G1 X155.383 Y142.789 E301.37527
G1 X156.26 Y143.536 E301.41358
G1 X157.033 Y144.389 E301.45187
G1 X157.691 Y145.33 E301.49006
G1 X158.232 Y146.365 E301.5289
G1 X158.626 Y147.437 E301.56689
G1 X158.884 Y148.567 E301.60544
G1 X158.993 Y149.704 E301.64343
G1 X158.956 Y150.869 E301.6822
G1 X158.773 Y151.998 E301.72024
G1 X158.445 Y153.107 E301.7587
G1 X157.974 Y154.168 E301.79731
G1 X157.384 Y155.143 E301.83522
G1 X156.663 Y156.047 E301.87368
G0 F9000 X156.961 Y156.315
G1 F2034.9 X156.086 Y157.161 E301.91416
G1 X155.129 Y157.876 E301.95389
G1 X154.08 Y158.468 E301.99395
G1 X152.962 Y158.92 E302.03406
G1 X151.797 Y159.226 E302.07412
G1 X150.598 Y159.38 E302.11433
G1 X150 Y159.4 E302.13423
G1 X149.402 Y159.38 E302.15413
G1 X148.203 Y159.226 E302.19434
G1 X147.038 Y158.92 E302.2344
G1 X145.92 Y158.468 E302.27451
G1 X144.871 Y157.876 E302.31457
G1 X143.914 Y157.161 E302.3543
G1 X143.039 Y156.315 E302.39479
G1 X142.291 Y155.378 E302.43466
G1 X141.669 Y154.35 E302.47463
G1 X141.181 Y153.25 E302.51465
G1 X140.835 Y152.083 E302.55514
G1 X140.645 Y150.907 E302.59476
G1 X140.606 Y149.694 E302.63512
G1 X140.721 Y148.501 E302.67499
G1 X140.989 Y147.326 E302.71507
G1 X141.404 Y146.198 E302.75505
G1 X141.965 Y145.124 E302.79535
G1 X142.653 Y144.139 E302.83531
G1 X143.458 Y143.252 E302.87515
G1 X144.379 Y142.467 E302.9154
G1 X145.392 Y141.808 E302.95559
G1 X146.464 Y141.292 E302.99516
G1 X147.62 Y140.908 E303.03568
G1 X148.796 Y140.679 E303.07553
G1 X150 Y140.602 E303.11565
G1 X151.204 Y140.679 E303.15578
G1 X152.38 Y140.908 E303.19563
G1 X153.536 Y141.292 E303.23614
G1 X154.608 Y141.808 E303.27571
G1 X155.621 Y142.467 E303.31591
G1 X156.542 Y143.252 E303.35616
G1 X157.347 Y144.139 E303.396
G1 X158.035 Y145.124 E303.43596
G1 X158.596 Y146.198 E303.47626
G1 X159.011 Y147.326 E303.51624
G1 X159.279 Y148.501 E303.55632
G1 X159.394 Y149.694 E303.59618
G1 X159.355 Y150.907 E303.63655
G1 X159.165 Y152.083 E303.67617
G1 X158.819 Y153.25 E303.71666
G1 X158.331 Y154.35 E303.75668
G1 X157.709 Y155.378 E303.79664
G1 X156.961 Y156.315 E303.83652
G0 F9000 X157.256 Y156.587
;TYPE:WALL-OUTER
G1 F2034.9 X156.351 Y157.462 E303.87839
G1 X155.344 Y158.214 E303.92019
G1 X154.252 Y158.83 E303.96189
G1 X153.088 Y159.301 E304.00365
G1 X151.873 Y159.62 E304.04544
G1 X150.631 Y159.779 E304.08708
G1 X150 Y159.8 E304.10808
G1 X149.369 Y159.779 E304.12908
G1 X148.127 Y159.62 E304.17073
G1 X146.912 Y159.301 E304.21251
G1 X145.748 Y158.83 E304.25427
G1 X144.656 Y158.214 E304.29597
G1 X143.649 Y157.462 E304.33777
G1 X142.744 Y156.587 E304.37964
G1 X141.963 Y155.608 E304.42129
G1 X141.312 Y154.532 E304.46312
G1 X140.804 Y153.386 E304.50482
G1 X140.445 Y152.175 E304.54683
G1 X140.246 Y150.945 E304.58827
G1 X140.205 Y149.684 E304.63023
G1 X140.326 Y148.436 E304.67193
G1 X140.604 Y147.215 E304.71358
G1 X141.04 Y146.031 E304.75555
G1 X141.621 Y144.918 E304.79731
G1 X142.339 Y143.889 E304.83904
G1 X143.18 Y142.963 E304.88065
G1 X144.137 Y142.148 E304.92245
G1 X145.194 Y141.46 E304.9644
G1 X146.32 Y140.918 E305.00597
G1 X147.518 Y140.52 E305.04795
G1 X148.741 Y140.282 E305.08939
G1 X150 Y140.201 E305.13135
G1 X151.259 Y140.282 E305.17332
G1 X152.482 Y140.52 E305.21476
G1 X153.68 Y140.918 E305.25674
G1 X154.806 Y141.46 E305.29831
G1 X155.863 Y142.148 E305.34025
G1 X156.82 Y142.963 E305.38206
G1 X157.661 Y143.889 E305.42367
G1 X158.379 Y144.918 E305.4654
G1 X158.96 Y146.031 E305.50716
G1 X159.396 Y147.215 E305.54912
G1 X159.674 Y148.436 E305.59077
G1 X159.795 Y149.684 E305.63248
G1 X159.754 Y150.945 E305.67444
G1 X159.555 Y152.175 E305.71588
G1 X159.196 Y153.386 E305.75789
G1 X158.688 Y154.532 E305.79959
G1 X158.037 Y155.608 E305.84141
G1 X157.256 Y156.587 E305.88307
G0 F9000 X156.931 Y156.292
G0 X156.444 Y155.843
G0 X155.402 Y156.291
G0 X155.25 Y156.132
;TYPE:FILL
G1 F3052.3 X155.322 Y156.52 E305.89619
G1 X155.313 Y157.122 E305.91622
G1 X155.307 Y157.146 E305.91704
G0 F9000 X155.175 Y156.969
G0 X158.109 Y153.126
G0 X158.309 Y153.215
G1 F3052.3 X158.086 Y152.908 E305.92966
G1 X157.831 Y152.306 E305.95141
G1 X157.797 Y152.124 E305.95756
G0 F9000 X158.013 Y152.166
G0 X158.277 Y150.173
G0 X158.058 Y150.165
G1 F3052.3 X158.205 Y149.898 E305.9677
G1 X158.743 Y149.296 E305.99455
G1 X158.862 Y149.175 E306.0002
G0 F9000 X158.643 Y149.195
G0 X157.241 Y146.061
G0 X156.557 Y145.001
G0 X155.715 Y144.059
G0 X154.744 Y143.259
G0 X152.991 Y142.28
G0 X152.909 Y142.482
G1 F3052.3 X152.903 Y142.072 E306.01384
G1 X152.988 Y141.617 E306.02923
G0 F9000 X152.919 Y141.824
G0 X148.179 Y141.513
G0 X148.138 Y141.297
G1 F3052.3 X148.096 Y141.47 E306.03515
G1 X148.087 Y142.072 E306.05518
G1 X148.105 Y142.167 E306.05839
G0 F9000 X148.056 Y141.953
G0 X146.342 Y142.612
G0 X145.463 Y143.135
G0 X144.045 Y144.237
G0 X144.208 Y144.383
G1 F3052.3 X143.757 Y143.878 E306.08091
G1 X143.674 Y143.727 E306.08664
G0 F9000 X143.836 Y143.875
G0 X142.242 Y147.21
G0 X141.907 Y148.431
G0 X141.765 Y149.686
G0 X141.812 Y150.948
G0 X142.052 Y152.183
G0 X142.476 Y153.366
G0 X143.084 Y154.484
G0 X143.844 Y155.482
G0 X144.359 Y155.977
G0 X145.56 Y156.997
G0 X145.686 Y156.819
G1 F3052.3 X145.681 Y157.122 E306.09672
G1 X145.541 Y157.705 E306.11667
G0 F9000 X145.649 Y157.514
G0 X149.198 Y158.65
G0 X149.17 Y158.867
G1 F3052.3 X149.701 Y158.326 E306.14188
G1 X149.883 Y158.075 E306.15219
G0 F9000 X149.869 Y158.396
;MESH:NONMESH
G0 F300 X149.869 Y158.396 Z5.2
G0 F9000 X151.879 Y158.025
G0 X153.083 Y157.645
G0 X154.211 Y157.086
G0 X155.048 Y156.496
G0 X156.182 Y155.541
G0 X155.975 Y155.324
;TIME_ELAPSED:415.372869
;LAYER:25
;TYPE:WALL-INNER
;MESH:dannypart.STL
G1 F2034.5 X156.718 Y154.35 E306.19294
G1 X157.303 Y153.273 E306.2337
G1 X157.717 Y152.12 E306.27445
G1 X157.951 Y150.918 E306.31518
G1 X157.997 Y149.694 E306.35591
G1 X157.857 Y148.477 E306.39666
G1 X157.533 Y147.294 E306.43745
G1 X157.03 Y146.176 E306.47823
G1 X156.365 Y145.148 E306.51895
G1 X155.549 Y144.233 E306.55973
G1 X154.604 Y143.454 E306.60046
G1 X153.551 Y142.827 E306.64122
G1 X152.415 Y142.37 E306.68195
G1 X151.222 Y142.092 E306.72269
G1 X150 Y141.997 E306.76346
G1 X148.778 Y142.092 E306.80423
G1 X147.585 Y142.37 E306.84497
G1 X146.449 Y142.827 E306.88569
G1 X145.396 Y143.454 E306.92646
G1 X144.451 Y144.233 E306.96719
G1 X143.635 Y145.148 E307.00797
G1 X142.97 Y146.176 E307.04869
G1 X142.467 Y147.294 E307.08946
G1 X142.143 Y148.477 E307.13026
G1 X142.003 Y149.694 E307.171
G1 X142.049 Y150.918 E307.21174
G1 X142.283 Y152.12 E307.25247
G1 X142.697 Y153.273 E307.29322
G1 X143.282 Y154.35 E307.33398
G1 X144.025 Y155.324 E307.37473
G1 X144.908 Y156.173 E307.41547
G1 X145.91 Y156.879 E307.45624
G1 X147.008 Y157.423 E307.49699
G1 X148.177 Y157.793 E307.53777
G1 X149.369 Y157.976 E307.57789
G1 X150 Y158 E307.59889
G1 X150.631 Y157.976 E307.61989
G1 X151.823 Y157.793 E307.66
G1 X152.992 Y157.423 E307.70078
G1 X154.09 Y156.879 E307.74154
G1 X155.092 Y156.173 E307.78231
G1 X155.975 Y155.324 E307.82305
G0 F9000 X155.676 Y155.057
G1 F2034.5 X156.381 Y154.132 E307.86173
G1 X156.937 Y153.109 E307.90046
G1 X157.33 Y152.014 E307.93915
G1 X157.552 Y150.872 E307.97785
G1 X157.596 Y149.709 E308.01656
G1 X157.463 Y148.553 E308.05526
G1 X157.155 Y147.43 E308.09399
G1 X156.678 Y146.368 E308.13271
G1 X156.046 Y145.391 E308.17141
G1 X155.271 Y144.522 E308.21014
G1 X154.373 Y143.782 E308.24884
G1 X153.373 Y143.187 E308.28754
G1 X152.294 Y142.753 E308.32622
G1 X151.161 Y142.488 E308.36493
G1 X150 Y142.398 E308.40366
G1 X148.839 Y142.488 E308.44239
G1 X147.706 Y142.753 E308.48109
G1 X146.627 Y143.187 E308.51977
G1 X145.627 Y143.782 E308.55847
G1 X144.729 Y144.522 E308.59717
G1 X143.954 Y145.391 E308.6359
G1 X143.322 Y146.368 E308.6746
G1 X142.845 Y147.43 E308.71332
G1 X142.537 Y148.553 E308.75206
G1 X142.404 Y149.709 E308.79076
G1 X142.448 Y150.872 E308.82947
G1 X142.67 Y152.014 E308.86816
G1 X143.063 Y153.109 E308.90686
G1 X143.619 Y154.132 E308.94558
G1 X144.324 Y155.057 E308.98426
G1 X145.163 Y155.864 E309.02298
G1 X146.115 Y156.534 E309.0617
G1 X147.158 Y157.051 E309.10042
G1 X148.268 Y157.402 E309.13914
G1 X149.407 Y157.577 E309.17747
G1 X150 Y157.6 E309.19721
G1 X150.593 Y157.577 E309.21694
G1 X151.732 Y157.402 E309.25527
G1 X152.842 Y157.051 E309.29399
G1 X153.885 Y156.534 E309.33271
G1 X154.837 Y155.864 E309.37143
G1 X155.676 Y155.057 E309.41015
G0 F9000 X155.376 Y154.79
;TYPE:WALL-OUTER
G1 F2034.5 X156.044 Y153.914 E309.44679
G1 X156.571 Y152.945 E309.48348
G1 X156.943 Y151.908 E309.52012
G1 X157.153 Y150.826 E309.55678
G1 X157.195 Y149.724 E309.59346
G1 X157.069 Y148.629 E309.63012
G1 X156.777 Y147.566 E309.66678
G1 X156.326 Y146.56 E309.70345
G1 X155.727 Y145.634 E309.74013
G1 X154.993 Y144.811 E309.77681
G1 X154.142 Y144.11 E309.81348
G1 X153.195 Y143.547 E309.85012
G1 X152.173 Y143.135 E309.88677
G1 X151.1 Y142.884 E309.92343
G1 X150 Y142.799 E309.96012
G1 X148.9 Y142.884 E309.99682
G1 X147.827 Y143.135 E310.03347
G1 X146.805 Y143.547 E310.07012
G1 X145.858 Y144.11 E310.10676
G1 X145.007 Y144.811 E310.14343
G1 X144.273 Y145.634 E310.18011
G1 X143.674 Y146.56 E310.21679
G1 X143.223 Y147.566 E310.25346
G1 X142.931 Y148.629 E310.29012
G1 X142.805 Y149.724 E310.32678
G1 X142.847 Y150.826 E310.36346
G1 X143.057 Y151.908 E310.40012
G1 X143.429 Y152.945 E310.43677
G1 X143.956 Y153.914 E310.47345
G1 X144.624 Y154.79 E310.51009
G1 X145.418 Y155.555 E310.54677
G1 X146.32 Y156.189 E310.58344
G1 X147.308 Y156.679 E310.62012
G1 X148.359 Y157.011 E310.65677
G1 X149.445 Y157.178 E310.69332
G1 X150 Y157.2 E310.71179
G1 X150.555 Y157.178 E310.73027
G1 X151.641 Y157.011 E310.76681
G1 X152.692 Y156.679 E310.80347
G1 X153.68 Y156.189 E310.84015
G1 X154.582 Y155.555 E310.87682
G1 X155.376 Y154.79 E310.91349
G0 F9000 X155.704 Y155.082
G0 X156.163 Y155.56
G0 X156.444 Y155.843
G0 X156.663 Y156.047
;TYPE:WALL-INNER
G1 F2034.5 X155.821 Y156.86 E310.95242
G1 X154.914 Y157.538 E310.99009
G1 X153.908 Y158.106 E311.02851
G1 X152.836 Y158.539 E311.06696
G1 X151.721 Y158.832 E311.10531
G1 X150.565 Y158.981 E311.14408
G1 X150 Y159 E311.16288
G1 X149.435 Y158.981 E311.18168
G1 X148.279 Y158.832 E311.22045
G1 X147.164 Y158.539 E311.25879
G1 X146.092 Y158.106 E311.29725
G1 X145.086 Y157.538 E311.33567
G1 X144.179 Y156.86 E311.37333
G1 X143.337 Y156.047 E311.41226
G1 X142.616 Y155.143 E311.45072
G1 X142.026 Y154.168 E311.48863
G1 X141.555 Y153.107 E311.52724
G1 X141.227 Y151.998 E311.5657
G1 X141.044 Y150.869 E311.60374
G1 X141.007 Y149.704 E311.64251
G1 X141.116 Y148.567 E311.6805
G1 X141.374 Y147.437 E311.71905
G1 X141.768 Y146.365 E311.75704
G1 X142.309 Y145.33 E311.79588
G1 X142.967 Y144.389 E311.83407
G1 X143.74 Y143.536 E311.87236
G1 X144.617 Y142.789 E311.91067
G1 X145.59 Y142.156 E311.94928
G1 X146.608 Y141.666 E311.98686
G1 X147.722 Y141.296 E312.0259
G1 X148.851 Y141.076 E312.06416
G1 X150 Y141.003 E312.10245
G1 X151.149 Y141.076 E312.14074
G1 X152.278 Y141.296 E312.179
G1 X153.392 Y141.666 E312.21804
G1 X154.41 Y142.156 E312.25562
G1 X155.383 Y142.789 E312.29423
G1 X156.26 Y143.536 E312.33254
G1 X157.033 Y144.389 E312.37083
G1 X157.691 Y145.33 E312.40902
G1 X158.232 Y146.365 E312.44786
G1 X158.626 Y147.437 E312.48585
G1 X158.884 Y148.567 E312.5244
G1 X158.993 Y149.704 E312.56239
G1 X158.956 Y150.869 E312.60116
G1 X158.773 Y151.998 E312.6392
G1 X158.445 Y153.107 E312.67767
G1 X157.974 Y154.168 E312.71628
G1 X157.384 Y155.143 E312.75418
G1 X156.663 Y156.047 E312.79264
G0 F9000 X156.961 Y156.315
G1 F2034.5 X156.086 Y157.161 E312.83312
G1 X155.129 Y157.876 E312.87285
G1 X154.08 Y158.468 E312.91292
G1 X152.962 Y158.92 E312.95302
G1 X151.797 Y159.226 E312.99309
G1 X150.598 Y159.38 E313.03329
G1 X150 Y159.4 E313.05319
G1 X149.402 Y159.38 E313.07309
G1 X148.203 Y159.226 E313.1133
G1 X147.038 Y158.92 E313.15336
G1 X145.92 Y158.468 E313.19347
G1 X144.871 Y157.876 E313.23353
G1 X143.914 Y157.161 E313.27327
G1 X143.039 Y156.315 E313.31375
G1 X142.291 Y155.378 E313.35363
G1 X141.669 Y154.35 E313.39359
G1 X141.181 Y153.25 E313.43361
G1 X140.835 Y152.083 E313.4741
G1 X140.645 Y150.907 E313.51372
G1 X140.606 Y149.694 E313.55408
G1 X140.721 Y148.501 E313.59395
G1 X140.989 Y147.326 E313.63403
G1 X141.404 Y146.198 E313.67401
G1 X141.965 Y145.124 E313.71431
G1 X142.653 Y144.139 E313.75427
G1 X143.458 Y143.252 E313.79411
G1 X144.379 Y142.467 E313.83436
G1 X145.392 Y141.808 E313.87455
G1 X146.464 Y141.292 E313.91413
G1 X147.62 Y140.908 E313.95464
G1 X148.796 Y140.679 E313.99449
G1 X150 Y140.602 E314.03462
G1 X151.204 Y140.679 E314.07474
G1 X152.38 Y140.908 E314.11459
G1 X153.536 Y141.292 E314.15511
G1 X154.608 Y141.808 E314.19468
G1 X155.621 Y142.467 E314.23487
G1 X156.542 Y143.252 E314.27512
G1 X157.347 Y144.139 E314.31496
G1 X158.035 Y145.124 E314.35492
G1 X158.596 Y146.198 E314.39522
G1 X159.011 Y147.326 E314.4352
G1 X159.279 Y148.501 E314.47528
G1 X159.394 Y149.694 E314.51515
G1 X159.355 Y150.907 E314.55551
G1 X159.165 Y152.083 E314.59513
G1 X158.819 Y153.25 E314.63562
G1 X158.331 Y154.35 E314.67564
G1 X157.709 Y155.378 E314.71561
G1 X156.961 Y156.315 E314.75548
G0 F9000 X157.256 Y156.587
;TYPE:WALL-OUTER
G1 F2034.5 X156.351 Y157.462 E314.79735
G1 X155.344 Y158.214 E314.83915
G1 X154.252 Y158.83 E314.88085
G1 X153.088 Y159.301 E314.92262
G1 X151.873 Y159.62 E314.9644
G1 X150.631 Y159.779 E315.00604
G1 X150 Y159.8 E315.02704
G1 X149.369 Y159.779 E315.04804
G1 X148.127 Y159.62 E315.08969
G1 X146.912 Y159.301 E315.13147
G1 X145.748 Y158.83 E315.17323
G1 X144.656 Y158.214 E315.21493
G1 X143.649 Y157.462 E315.25673
G1 X142.744 Y156.587 E315.2986
G1 X141.963 Y155.608 E315.34026
G1 X141.312 Y154.532 E315.38208
G1 X140.804 Y153.386 E315.42378
G1 X140.445 Y152.175 E315.46579
G1 X140.246 Y150.945 E315.50723
G1 X140.205 Y149.684 E315.54919
G1 X140.326 Y148.436 E315.5909
G1 X140.604 Y147.215 E315.63255
G1 X141.04 Y146.031 E315.67451
G1 X141.621 Y144.918 E315.71627
G1 X142.339 Y143.889 E315.758
G1 X143.18 Y142.963 E315.79961
G1 X144.137 Y142.148 E315.84142
G1 X145.194 Y141.46 E315.88336
G1 X146.32 Y140.918 E315.92493
G1 X147.518 Y140.52 E315.96692
G1 X148.741 Y140.282 E316.00836
G1 X150 Y140.201 E316.05032
G1 X151.259 Y140.282 E316.09228
G1 X152.482 Y140.52 E316.13372
G1 X153.68 Y140.918 E316.1757
G1 X154.806 Y141.46 E316.21727
G1 X155.863 Y142.148 E316.25922
G1 X156.82 Y142.963 E316.30102
G1 X157.661 Y143.889 E316.34263
G1 X158.379 Y144.918 E316.38436
G1 X158.96 Y146.031 E316.42612
G1 X159.396 Y147.215 E316.46809
G1 X159.674 Y148.436 E316.50974
G1 X159.795 Y149.684 E316.55144
G1 X159.754 Y150.945 E316.5934
G1 X159.555 Y152.175 E316.63484
G1 X159.196 Y153.386 E316.67685
G1 X158.688 Y154.532 E316.71855
G1 X158.037 Y155.608 E316.76038
G1 X157.256 Y156.587 E316.80203
G0 F9000 X156.931 Y156.292
G0 X156.444 Y155.843
G0 X155.387 Y156.306
G0 X155.235 Y156.146
;TYPE:FILL
G1 F3051.8 X155.341 Y156.52 E316.81496
G1 X155.386 Y157.087 E316.83388
G0 F9000 X155.254 Y156.91
G0 X158.156 Y153.02
G0 X158.356 Y153.109
G1 F3051.8 X158.187 Y152.908 E316.84261
G1 X157.87 Y152.306 E316.86524
G1 X157.806 Y152.079 E316.87308
G0 F9000 X158.021 Y152.121
G0 X158.29 Y149.838
G0 X158.071 Y149.83
G1 F3051.8 X158.532 Y149.296 E316.89655
G1 X158.845 Y148.998 E316.91092
G0 F9000 X158.626 Y149.018
G0 X157.241 Y146.061
G0 X156.557 Y145.001
G0 X155.715 Y144.059
G0 X154.744 Y143.259
G0 X154.437 Y143.076
G0 X152.935 Y142.257
G0 X152.853 Y142.46
G1 F3051.8 X152.884 Y142.072 E316.92387
G1 X153.01 Y141.625 E316.93931
G0 F9000 X152.941 Y141.832
G0 X150 Y141.755
G0 X148.046 Y141.955
G0 X148.095 Y142.169
G1 F3051.8 X148.068 Y142.072 E316.94266
G1 X148.02 Y141.47 E316.96275
G1 X148.042 Y141.315 E316.96796
G0 F9000 X148.083 Y141.531
G0 X145.256 Y143.259
G0 X143.941 Y144.353
G0 X144.104 Y144.499
G1 F3051.8 X144.084 Y144.48 E316.96887
G1 X143.564 Y143.878 E316.99533
G1 X143.555 Y143.858 E316.99606
G0 F9000 X143.717 Y144.006
G0 X142.242 Y147.21
G0 X141.907 Y148.431
G0 X141.765 Y149.686
G0 X141.812 Y150.948
G0 X142.052 Y152.183
G0 X142.476 Y153.366
G0 X143.084 Y154.484
G0 X143.844 Y155.482
G0 X144.359 Y155.977
G0 X145.609 Y157.033
G0 X145.736 Y156.854
G1 F3051.8 X145.757 Y157.122 E317.005
G1 X145.672 Y157.724 E317.02522
G1 X145.652 Y157.768 E317.02683
G0 F9000 X145.761 Y157.577
G0 X149.016 Y158.626
G0 X148.988 Y158.844
G1 F3051.8 X149.533 Y158.326 E317.05184
G1 X149.748 Y158.07 E317.06296
G0 F9000 X149.734 Y158.391
;MESH:NONMESH
G0 F300 X149.734 Y158.391 Z5.4
G0 F9000 X151.879 Y158.025
G0 X153.083 Y157.645
G0 X154.211 Y157.086
G0 X155.048 Y156.496
G0 X156.182 Y155.541
G0 X155.975 Y155.324
;TIME_ELAPSED:428.090847
;LAYER:26
;TYPE:WALL-INNER
;MESH:dannypart.STL
G1 F2033.7 X156.718 Y154.35 E317.1037
G1 X157.303 Y153.273 E317.14447
G1 X157.717 Y152.12 E317.18521
G1 X157.951 Y150.918 E317.22594
G1 X157.997 Y149.694 E317.26668
G1 X157.857 Y148.477 E317.30743
G1 X157.533 Y147.294 E317.34822
G1 X157.03 Y146.176 E317.389
G1 X156.365 Y145.148 E317.42972
G1 X155.549 Y144.233 E317.4705
G1 X154.604 Y143.454 E317.51123
G1 X153.551 Y142.827 E317.55199
G1 X152.415 Y142.37 E317.59272
G1 X151.222 Y142.092 E317.63346
G1 X150 Y141.997 E317.67423
G1 X148.778 Y142.092 E317.71499
G1 X147.585 Y142.37 E317.75574
G1 X146.449 Y142.827 E317.79646
G1 X145.396 Y143.454 E317.83722
G1 X144.451 Y144.233 E317.87796
G1 X143.635 Y145.148 E317.91873
G1 X142.97 Y146.176 E317.95946
G1 X142.467 Y147.294 E318.00023
G1 X142.143 Y148.477 E318.04103
G1 X142.003 Y149.694 E318.08177
G1 X142.049 Y150.918 E318.12251
G1 X142.283 Y152.12 E318.16324
G1 X142.697 Y153.273 E318.20399
G1 X143.282 Y154.35 E318.24475
G1 X144.025 Y155.324 E318.2855
G1 X144.908 Y156.173 E318.32624
G1 X145.91 Y156.879 E318.36701
G1 X147.008 Y157.423 E318.40776
G1 X148.177 Y157.793 E318.44854
G1 X149.369 Y157.976 E318.48865
G1 X150 Y158 E318.50966
G1 X150.631 Y157.976 E318.53066
G1 X151.823 Y157.793 E318.57077
G1 X152.992 Y157.423 E318.61155
G1 X154.09 Y156.879 E318.65231
G1 X155.092 Y156.173 E318.69308
G1 X155.975 Y155.324 E318.73382
G0 F9000 X155.676 Y155.057
G1 F2033.7 X156.381 Y154.132 E318.7725
G1 X156.937 Y153.109 E318.81123
G1 X157.33 Y152.014 E318.84992
G1 X157.552 Y150.872 E318.88861
G1 X157.596 Y149.709 E318.92732
G1 X157.463 Y148.553 E318.96603
G1 X157.155 Y147.43 E319.00476
G1 X156.678 Y146.368 E319.04348
G1 X156.046 Y145.391 E319.08218
G1 X155.271 Y144.522 E319.12091
G1 X154.373 Y143.782 E319.15961
G1 X153.373 Y143.187 E319.19831
G1 X152.294 Y142.753 E319.23699
G1 X151.161 Y142.488 E319.27569
G1 X150 Y142.398 E319.31443
G1 X148.839 Y142.488 E319.35316
G1 X147.706 Y142.753 E319.39186
G1 X146.627 Y143.187 E319.43054
G1 X145.627 Y143.782 E319.46924
G1 X144.729 Y144.522 E319.50794
G1 X143.954 Y145.391 E319.54667
G1 X143.322 Y146.368 E319.58537
G1 X142.845 Y147.43 E319.62409
G1 X142.537 Y148.553 E319.66282
G1 X142.404 Y149.709 E319.70153
G1 X142.448 Y150.872 E319.74024
G1 X142.67 Y152.014 E319.77893
G1 X143.063 Y153.109 E319.81762
G1 X143.619 Y154.132 E319.85635
G1 X144.324 Y155.057 E319.89503
G1 X145.163 Y155.864 E319.93375
G1 X146.115 Y156.534 E319.97247
G1 X147.158 Y157.051 E320.01119
G1 X148.268 Y157.402 E320.04991
G1 X149.407 Y157.577 E320.08824
G1 X150 Y157.6 E320.10798
G1 X150.593 Y157.577 E320.12771
G1 X151.732 Y157.402 E320.16604
G1 X152.842 Y157.051 E320.20476
G1 X153.885 Y156.534 E320.24348
G1 X154.837 Y155.864 E320.2822
G1 X155.676 Y155.057 E320.32092
G0 F9000 X155.376 Y154.79
;TYPE:WALL-OUTER
G1 F2033.7 X156.044 Y153.914 E320.35756
G1 X156.571 Y152.945 E320.39425
G1 X156.943 Y151.908 E320.43089
G1 X157.153 Y150.826 E320.46755
G1 X157.195 Y149.724 E320.50423
G1 X157.069 Y148.629 E320.54089
G1 X156.777 Y147.566 E320.57755
G1 X156.326 Y146.56 E320.61422
G1 X155.727 Y145.634 E320.6509
G1 X154.993 Y144.811 E320.68758
G1 X154.142 Y144.11 E320.72425
G1 X153.195 Y143.547 E320.76089
G1 X152.173 Y143.135 E320.79754
G1 X151.1 Y142.884 E320.83419
G1 X150 Y142.799 E320.87089
G1 X148.9 Y142.884 E320.90759
G1 X147.827 Y143.135 E320.94424
G1 X146.805 Y143.547 E320.98089
G1 X145.858 Y144.11 E321.01753
G1 X145.007 Y144.811 E321.0542
G1 X144.273 Y145.634 E321.09088
G1 X143.674 Y146.56 E321.12756
G1 X143.223 Y147.566 E321.16423
G1 X142.931 Y148.629 E321.20089
G1 X142.805 Y149.724 E321.23755
G1 X142.847 Y150.826 E321.27423
G1 X143.057 Y151.908 E321.31089
G1 X143.429 Y152.945 E321.34753
G1 X143.956 Y153.914 E321.38422
G1 X144.624 Y154.79 E321.42086
G1 X145.418 Y155.555 E321.45753
G1 X146.32 Y156.189 E321.4942
G1 X147.308 Y156.679 E321.53088
G1 X148.359 Y157.011 E321.56754
G1 X149.445 Y157.178 E321.60409
G1 X150 Y157.2 E321.62256
G1 X150.555 Y157.178 E321.64104
G1 X151.641 Y157.011 E321.67758
G1 X152.692 Y156.679 E321.71424
G1 X153.68 Y156.189 E321.75092
G1 X154.582 Y155.555 E321.78759
G1 X155.376 Y154.79 E321.82426
G0 F9000 X155.704 Y155.082
G0 X156.163 Y155.56
G0 X156.444 Y155.843
G0 X156.663 Y156.047
;TYPE:WALL-INNER
G1 F2033.7 X155.821 Y156.86 E321.86319
G1 X154.914 Y157.538 E321.90086
G1 X153.908 Y158.106 E321.93928
G1 X152.836 Y158.539 E321.97773
G1 X151.721 Y158.832 E322.01608
G1 X150.565 Y158.981 E322.05484
G1 X150 Y159 E322.07365
G1 X149.435 Y158.981 E322.09245
G1 X148.279 Y158.832 E322.13122
G1 X147.164 Y158.539 E322.16956
G1 X146.092 Y158.106 E322.20801
G1 X145.086 Y157.538 E322.24644
G1 X144.179 Y156.86 E322.2841
G1 X143.337 Y156.047 E322.32303
G1 X142.616 Y155.143 E322.36149
G1 X142.026 Y154.168 E322.39939
G1 X141.555 Y153.107 E322.438
G1 X141.227 Y151.998 E322.47647
G1 X141.044 Y150.869 E322.51451
G1 X141.007 Y149.704 E322.55328
G1 X141.116 Y148.567 E322.59127
G1 X141.374 Y147.437 E322.62982
G1 X141.768 Y146.365 E322.66781
G1 X142.309 Y145.33 E322.70665
G1 X142.967 Y144.389 E322.74484
G1 X143.74 Y143.536 E322.78313
G1 X144.617 Y142.789 E322.82144
G1 X145.59 Y142.156 E322.86005
G1 X146.608 Y141.666 E322.89763
G1 X147.722 Y141.296 E322.93667
G1 X148.851 Y141.076 E322.97493
G1 X150 Y141.003 E323.01322
G1 X151.149 Y141.076 E323.05151
G1 X152.278 Y141.296 E323.08977
G1 X153.392 Y141.666 E323.12881
G1 X154.41 Y142.156 E323.16639
G1 X155.383 Y142.789 E323.205
G1 X156.26 Y143.536 E323.24331
G1 X157.033 Y144.389 E323.2816
G1 X157.691 Y145.33 E323.31979
G1 X158.232 Y146.365 E323.35863
G1 X158.626 Y147.437 E323.39662
G1 X158.884 Y148.567 E323.43517
G1 X158.993 Y149.704 E323.47316
G1 X158.956 Y150.869 E323.51193
G1 X158.773 Y151.998 E323.54997
G1 X158.445 Y153.107 E323.58843
G1 X157.974 Y154.168 E323.62704
G1 X157.384 Y155.143 E323.66495
G1 X156.663 Y156.047 E323.70341
G0 F9000 X156.961 Y156.315
G1 F2033.7 X156.086 Y157.161 E323.74389
G1 X155.129 Y157.876 E323.78362
G1 X154.08 Y158.468 E323.82368
G1 X152.962 Y158.92 E323.86379
G1 X151.797 Y159.226 E323.90385
G1 X150.598 Y159.38 E323.94406
G1 X150 Y159.4 E323.96396
G1 X149.402 Y159.38 E323.98386
G1 X148.203 Y159.226 E324.02407
G1 X147.038 Y158.92 E324.06413
G1 X145.92 Y158.468 E324.10424
G1 X144.871 Y157.876 E324.1443
G1 X143.914 Y157.161 E324.18404
G1 X143.039 Y156.315 E324.22452
G1 X142.291 Y155.378 E324.26439
G1 X141.669 Y154.35 E324.30436
G1 X141.181 Y153.25 E324.34438
G1 X140.835 Y152.083 E324.38487
G1 X140.645 Y150.907 E324.42449
G1 X140.606 Y149.694 E324.46485
G1 X140.721 Y148.501 E324.50472
G1 X140.989 Y147.326 E324.5448
G1 X141.404 Y146.198 E324.58478
G1 X141.965 Y145.124 E324.62508
G1 X142.653 Y144.139 E324.66504
G1 X143.458 Y143.252 E324.70488
G1 X144.379 Y142.467 E324.74513
G1 X145.392 Y141.808 E324.78532
G1 X146.464 Y141.292 E324.82489
G1 X147.62 Y140.908 E324.86541
G1 X148.796 Y140.679 E324.90526
G1 X150 Y140.602 E324.94538
G1 X151.204 Y140.679 E324.98551
G1 X152.38 Y140.908 E325.02536
G1 X153.536 Y141.292 E325.06587
G1 X154.608 Y141.808 E325.10544
G1 X155.621 Y142.467 E325.14564
G1 X156.542 Y143.252 E325.18589
G1 X157.347 Y144.139 E325.22573
G1 X158.035 Y145.124 E325.26569
G1 X158.596 Y146.198 E325.30599
G1 X159.011 Y147.326 E325.34597
G1 X159.279 Y148.501 E325.38605
G1 X159.394 Y149.694 E325.42591
G1 X159.355 Y150.907 E325.46628
G1 X159.165 Y152.083 E325.5059
G1 X158.819 Y153.25 E325.54639
G1 X158.331 Y154.35 E325.58641
G1 X157.709 Y155.378 E325.62637
G1 X156.961 Y156.315 E325.66625
G0 F9000 X157.256 Y156.587
;TYPE:WALL-OUTER
G1 F2033.7 X156.351 Y157.462 E325.70812
G1 X155.344 Y158.214 E325.74992
G1 X154.252 Y158.83 E325.79162
G1 X153.088 Y159.301 E325.83339
G1 X151.873 Y159.62 E325.87517
G1 X150.631 Y159.779 E325.91681
G1 X150 Y159.8 E325.93781
G1 X149.369 Y159.779 E325.95881
G1 X148.127 Y159.62 E326.00046
G1 X146.912 Y159.301 E326.04224
G1 X145.748 Y158.83 E326.084
G1 X144.656 Y158.214 E326.1257
G1 X143.649 Y157.462 E326.1675
G1 X142.744 Y156.587 E326.20937
G1 X141.963 Y155.608 E326.25103
G1 X141.312 Y154.532 E326.29285
G1 X140.804 Y153.386 E326.33455
G1 X140.445 Y152.175 E326.37656
G1 X140.246 Y150.945 E326.418
G1 X140.205 Y149.684 E326.45996
G1 X140.326 Y148.436 E326.50167
G1 X140.604 Y147.215 E326.54332
G1 X141.04 Y146.031 E326.58528
G1 X141.621 Y144.918 E326.62704
G1 X142.339 Y143.889 E326.66877
G1 X143.18 Y142.963 E326.71038
G1 X144.137 Y142.148 E326.75219
G1 X145.194 Y141.46 E326.79413
G1 X146.32 Y140.918 E326.8357
G1 X147.518 Y140.52 E326.87768
G1 X148.741 Y140.282 E326.91912
G1 X150 Y140.201 E326.96108
G1 X151.259 Y140.282 E327.00305
G1 X152.482 Y140.52 E327.04449
G1 X153.68 Y140.918 E327.08647
G1 X154.806 Y141.46 E327.12804
G1 X155.863 Y142.148 E327.16998
G1 X156.82 Y142.963 E327.21179
G1 X157.661 Y143.889 E327.2534
G1 X158.379 Y144.918 E327.29513
G1 X158.96 Y146.031 E327.33689
G1 X159.396 Y147.215 E327.37885
G1 X159.674 Y148.436 E327.4205
G1 X159.795 Y149.684 E327.46221
G1 X159.754 Y150.945 E327.50417
G1 X159.555 Y152.175 E327.54561
G1 X159.196 Y153.386 E327.58762
G1 X158.688 Y154.532 E327.62932
G1 X158.037 Y155.608 E327.67114
G1 X157.256 Y156.587 E327.7128
G0 F9000 X156.931 Y156.292
G0 X156.444 Y155.843
G0 X155.331 Y156.852
G0 X155.463 Y157.029
;TYPE:FILL
G1 F3050.6 X155.373 Y156.52 E327.72999
G1 X155.233 Y156.149 E327.74318
G0 F9000 X155.385 Y156.308
G0 X155.821 Y155.841
G0 X158.177 Y152.956
G0 X158.387 Y153.019
G1 F3050.6 X158.279 Y152.908 E327.74833
G1 X157.895 Y152.306 E327.77208
G1 X157.807 Y152.073 E327.78036
G0 F9000 X158.022 Y152.115
G0 X158.115 Y151.454
G0 X158.281 Y149.552
G0 X158.063 Y149.576
G1 F3050.6 X158.297 Y149.296 E327.7925
G1 X158.829 Y148.836 E327.81589
G0 F9000 X158.61 Y148.856
G0 X157.241 Y146.061
G0 X156.557 Y145.001
G0 X155.715 Y144.059
G0 X154.744 Y143.259
G0 X154.129 Y142.893
G0 X152.87 Y142.231
G0 X152.788 Y142.434
G1 F3050.6 X152.852 Y142.072 E327.82812
G1 X153.019 Y141.628 E327.8439
G0 F9000 X152.95 Y141.835
G0 X150 Y141.755
G0 X148.026 Y141.96
G0 X148.075 Y142.174
G1 F3050.6 X148.036 Y142.072 E327.84753
G1 X147.929 Y141.47 E327.86786
G1 X147.934 Y141.336 E327.87232
G0 F9000 X147.975 Y141.552
G0 X145.256 Y143.259
G0 X143.84 Y144.467
G0 X144.003 Y144.613
G1 F3050.6 X143.849 Y144.48 E327.87909
G1 X143.437 Y143.987 E327.90046
G0 F9000 X143.6 Y144.135
G0 X142.242 Y147.21
G0 X141.907 Y148.431
G0 X141.765 Y149.686
G0 X141.812 Y150.948
G0 X142.052 Y152.183
G0 X142.476 Y153.366
G0 X143.084 Y154.484
G0 X143.844 Y155.482
G0 X144.359 Y155.977
G0 X145.683 Y157.085
G0 X145.81 Y156.906
G1 F3050.6 X145.848 Y157.122 E327.90776
G1 X145.827 Y157.724 E327.92779
G1 X145.785 Y157.843 E327.93199
G0 F9000 X145.894 Y157.652
G0 X148.819 Y158.601
G0 X148.791 Y158.819
G1 F3050.6 X149.361 Y158.326 E327.95705
G1 X149.615 Y158.064 E327.96919
G0 F9000 X149.601 Y158.386
;MESH:NONMESH
G0 F300 X149.601 Y158.386 Z5.6
G0 F9000 X151.879 Y158.025
G0 X153.083 Y157.645
G0 X154.211 Y157.086
G0 X155.048 Y156.496
G0 X156.182 Y155.541
G0 X155.975 Y155.324
;TIME_ELAPSED:440.819685
;LAYER:27
;TYPE:WALL-INNER
;MESH:dannypart.STL
G1 F2033.3 X156.718 Y154.35 E328.00994
G1 X157.303 Y153.273 E328.0507
G1 X157.717 Y152.12 E328.09145
G1 X157.951 Y150.918 E328.13218
G1 X157.997 Y149.694 E328.17291
G1 X157.857 Y148.477 E328.21366
G1 X157.533 Y147.294 E328.25446
G1 X157.03 Y146.176 E328.29523
G1 X156.365 Y145.148 E328.33595
G1 X155.549 Y144.233 E328.37673
G1 X154.604 Y143.454 E328.41746
G1 X153.551 Y142.827 E328.45822
G1 X152.415 Y142.37 E328.49895
G1 X151.222 Y142.092 E328.53969
G1 X150 Y141.997 E328.58046
G1 X148.778 Y142.092 E328.62123
G1 X147.585 Y142.37 E328.66197
G1 X146.449 Y142.827 E328.70269
G1 X145.396 Y143.454 E328.74346
G1 X144.451 Y144.233 E328.78419
G1 X143.635 Y145.148 E328.82497
G1 X142.97 Y146.176 E328.86569
G1 X142.467 Y147.294 E328.90646
G1 X142.143 Y148.477 E328.94726
G1 X142.003 Y149.694 E328.988
G1 X142.049 Y150.918 E329.02874
G1 X142.283 Y152.12 E329.06947
G1 X142.697 Y153.273 E329.11022
G1 X143.282 Y154.35 E329.15098
G1 X144.025 Y155.324 E329.19173
G1 X144.908 Y156.173 E329.23247
G1 X145.91 Y156.879 E329.27324
G1 X147.008 Y157.423 E329.31399
G1 X148.177 Y157.793 E329.35478
G1 X149.369 Y157.976 E329.39489
G1 X150 Y158 E329.41589
G1 X150.631 Y157.976 E329.43689
G1 X151.823 Y157.793 E329.477
G1 X152.992 Y157.423 E329.51778
G1 X154.09 Y156.879 E329.55854
G1 X155.092 Y156.173 E329.59931
G1 X155.975 Y155.324 E329.64005
G0 F9000 X155.676 Y155.057
G1 F2033.3 X156.381 Y154.132 E329.67873
G1 X156.937 Y153.109 E329.71746
G1 X157.33 Y152.014 E329.75615
G1 X157.552 Y150.872 E329.79485
G1 X157.596 Y149.709 E329.83356
G1 X157.463 Y148.553 E329.87226
G1 X157.155 Y147.43 E329.91099
G1 X156.678 Y146.368 E329.94971
G1 X156.046 Y145.391 E329.98841
G1 X155.271 Y144.522 E330.02714
G1 X154.373 Y143.782 E330.06584
G1 X153.373 Y143.187 E330.10454
G1 X152.294 Y142.753 E330.14323
G1 X151.161 Y142.488 E330.18193
G1 X150 Y142.398 E330.22066
G1 X148.839 Y142.488 E330.25939
G1 X147.706 Y142.753 E330.29809
G1 X146.627 Y143.187 E330.33677
G1 X145.627 Y143.782 E330.37547
G1 X144.729 Y144.522 E330.41417
G1 X143.954 Y145.391 E330.4529
G1 X143.322 Y146.368 E330.4916
G1 X142.845 Y147.43 E330.53033
G1 X142.537 Y148.553 E330.56906
G1 X142.404 Y149.709 E330.60776
G1 X142.448 Y150.872 E330.64647
G1 X142.67 Y152.014 E330.68516
G1 X143.063 Y153.109 E330.72386
G1 X143.619 Y154.132 E330.76258
G1 X144.324 Y155.057 E330.80126
G1 X145.163 Y155.864 E330.83998
G1 X146.115 Y156.534 E330.8787
G1 X147.158 Y157.051 E330.91742
G1 X148.268 Y157.402 E330.95614
G1 X149.407 Y157.577 E330.99447
G1 X150 Y157.6 E331.01421
G1 X150.593 Y157.577 E331.03395
G1 X151.732 Y157.402 E331.07227
G1 X152.842 Y157.051 E331.11099
G1 X153.885 Y156.534 E331.14971
G1 X154.837 Y155.864 E331.18843
G1 X155.676 Y155.057 E331.22715
G0 F9000 X155.376 Y154.79
;TYPE:WALL-OUTER
G1 F2033.3 X156.044 Y153.914 E331.26379
G1 X156.571 Y152.945 E331.30048
G1 X156.943 Y151.908 E331.33712
G1 X157.153 Y150.826 E331.37378
G1 X157.195 Y149.724 E331.41046
G1 X157.069 Y148.629 E331.44712
G1 X156.777 Y147.566 E331.48378
G1 X156.326 Y146.56 E331.52045
G1 X155.727 Y145.634 E331.55713
G1 X154.993 Y144.811 E331.59381
G1 X154.142 Y144.11 E331.63048
G1 X153.195 Y143.547 E331.66713
G1 X152.173 Y143.135 E331.70378
G1 X151.1 Y142.884 E331.74043
G1 X150 Y142.799 E331.77712
G1 X148.9 Y142.884 E331.81382
G1 X147.827 Y143.135 E331.85047
G1 X146.805 Y143.547 E331.88712
G1 X145.858 Y144.11 E331.92376
G1 X145.007 Y144.811 E331.96043
G1 X144.273 Y145.634 E331.99711
G1 X143.674 Y146.56 E332.03379
G1 X143.223 Y147.566 E332.07046
G1 X142.931 Y148.629 E332.10712
G1 X142.805 Y149.724 E332.14379
G1 X142.847 Y150.826 E332.18046
G1 X143.057 Y151.908 E332.21712
G1 X143.429 Y152.945 E332.25377
G1 X143.956 Y153.914 E332.29045
G1 X144.624 Y154.79 E332.32709
G1 X145.418 Y155.555 E332.36377
G1 X146.32 Y156.189 E332.40044
G1 X147.308 Y156.679 E332.43712
G1 X148.359 Y157.011 E332.47378
G1 X149.445 Y157.178 E332.51032
G1 X150 Y157.2 E332.52879
G1 X150.555 Y157.178 E332.54727
G1 X151.641 Y157.011 E332.58381
G1 X152.692 Y156.679 E332.62047
G1 X153.68 Y156.189 E332.65715
G1 X154.582 Y155.555 E332.69382
G1 X155.376 Y154.79 E332.73049
G0 F9000 X155.704 Y155.082
G0 X156.163 Y155.56
G0 X156.444 Y155.843
G0 X156.663 Y156.047
;TYPE:WALL-INNER
G1 F2033.3 X155.821 Y156.86 E332.76942
G1 X154.914 Y157.538 E332.80709
G1 X153.908 Y158.106 E332.84551
G1 X152.836 Y158.539 E332.88397
G1 X151.721 Y158.832 E332.92231
G1 X150.565 Y158.981 E332.96108
G1 X150 Y159 E332.97988
G1 X149.435 Y158.981 E332.99868
G1 X148.279 Y158.832 E333.03745
G1 X147.164 Y158.539 E333.07579
G1 X146.092 Y158.106 E333.11425
G1 X145.086 Y157.538 E333.15267
G1 X144.179 Y156.86 E333.19033
G1 X143.337 Y156.047 E333.22926
G1 X142.616 Y155.143 E333.26772
G1 X142.026 Y154.168 E333.30563
G1 X141.555 Y153.107 E333.34424
G1 X141.227 Y151.998 E333.3827
G1 X141.044 Y150.869 E333.42074
G1 X141.007 Y149.704 E333.45951
G1 X141.116 Y148.567 E333.4975
G1 X141.374 Y147.437 E333.53605
G1 X141.768 Y146.365 E333.57404
G1 X142.309 Y145.33 E333.61288
G1 X142.967 Y144.389 E333.65107
G1 X143.74 Y143.536 E333.68936
G1 X144.617 Y142.789 E333.72767
G1 X145.59 Y142.156 E333.76628
G1 X146.608 Y141.666 E333.80386
G1 X147.722 Y141.296 E333.8429
G1 X148.851 Y141.076 E333.88116
G1 X150 Y141.003 E333.91945
G1 X151.149 Y141.076 E333.95774
G1 X152.278 Y141.296 E333.996
G1 X153.392 Y141.666 E334.03504
G1 X154.41 Y142.156 E334.07262
G1 X155.383 Y142.789 E334.11123
G1 X156.26 Y143.536 E334.14954
G1 X157.033 Y144.389 E334.18783
G1 X157.691 Y145.33 E334.22602
G1 X158.232 Y146.365 E334.26487
G1 X158.626 Y147.437 E334.30285
G1 X158.884 Y148.567 E334.3414
G1 X158.993 Y149.704 E334.37939
G1 X158.956 Y150.869 E334.41816
G1 X158.773 Y151.998 E334.4562
G1 X158.445 Y153.107 E334.49467
G1 X157.974 Y154.168 E334.53328
G1 X157.384 Y155.143 E334.57118
G1 X156.663 Y156.047 E334.60964
G0 F9000 X156.961 Y156.315
G1 F2033.3 X156.086 Y157.161 E334.65012
G1 X155.129 Y157.876 E334.68985
G1 X154.08 Y158.468 E334.72992
G1 X152.962 Y158.92 E334.77002
G1 X151.797 Y159.226 E334.81009
G1 X150.598 Y159.38 E334.85029
G1 X150 Y159.4 E334.87019
G1 X149.402 Y159.38 E334.89009
G1 X148.203 Y159.226 E334.9303
G1 X147.038 Y158.92 E334.97036
G1 X145.92 Y158.468 E335.01047
G1 X144.871 Y157.876 E335.05053
G1 X143.914 Y157.161 E335.09027
G1 X143.039 Y156.315 E335.13075
G1 X142.291 Y155.378 E335.17063
G1 X141.669 Y154.35 E335.21059
G1 X141.181 Y153.25 E335.25061
G1 X140.835 Y152.083 E335.2911
G1 X140.645 Y150.907 E335.33072
G1 X140.606 Y149.694 E335.37108
G1 X140.721 Y148.501 E335.41095
G1 X140.989 Y147.326 E335.45103
G1 X141.404 Y146.198 E335.49101
G1 X141.965 Y145.124 E335.53131
G1 X142.653 Y144.139 E335.57127
G1 X143.458 Y143.252 E335.61111
G1 X144.379 Y142.467 E335.65136
G1 X145.392 Y141.808 E335.69156
G1 X146.464 Y141.292 E335.73113
G1 X147.62 Y140.908 E335.77164
G1 X148.796 Y140.679 E335.81149
G1 X150 Y140.602 E335.85162
G1 X151.204 Y140.679 E335.89174
G1 X152.38 Y140.908 E335.93159
G1 X153.536 Y141.292 E335.97211
G1 X154.608 Y141.808 E336.01168
G1 X155.621 Y142.467 E336.05187
G1 X156.542 Y143.252 E336.09212
G1 X157.347 Y144.139 E336.13196
G1 X158.035 Y145.124 E336.17192
G1 X158.596 Y146.198 E336.21222
G1 X159.011 Y147.326 E336.2522
G1 X159.279 Y148.501 E336.29228
G1 X159.394 Y149.694 E336.33215
G1 X159.355 Y150.907 E336.37251
G1 X159.165 Y152.083 E336.41213
G1 X158.819 Y153.25 E336.45262
G1 X158.331 Y154.35 E336.49264
G1 X157.709 Y155.378 E336.53261
G1 X156.961 Y156.315 E336.57248
G0 F9000 X157.256 Y156.587
;TYPE:WALL-OUTER
G1 F2033.3 X156.351 Y157.462 E336.61435
G1 X155.344 Y158.214 E336.65615
G1 X154.252 Y158.83 E336.69785
G1 X153.088 Y159.301 E336.73962
G1 X151.873 Y159.62 E336.7814
G1 X150.631 Y159.779 E336.82304
G1 X150 Y159.8 E336.84404
G1 X149.369 Y159.779 E336.86504
G1 X148.127 Y159.62 E336.90669
G1 X146.912 Y159.301 E336.94847
G1 X145.748 Y158.83 E336.99023
G1 X144.656 Y158.214 E337.03193
G1 X143.649 Y157.462 E337.07373
G1 X142.744 Y156.587 E337.1156
G1 X141.963 Y155.608 E337.15726
G1 X141.312 Y154.532 E337.19909
G1 X140.804 Y153.386 E337.24078
G1 X140.445 Y152.175 E337.28279
G1 X140.246 Y150.945 E337.32423
G1 X140.205 Y149.684 E337.36619
G1 X140.326 Y148.436 E337.4079
G1 X140.604 Y147.215 E337.44955
G1 X141.04 Y146.031 E337.49151
G1 X141.621 Y144.918 E337.53327
G1 X142.339 Y143.889 E337.575
G1 X143.18 Y142.963 E337.61661
G1 X144.137 Y142.148 E337.65842
G1 X145.194 Y141.46 E337.70036
G1 X146.32 Y140.918 E337.74193
G1 X147.518 Y140.52 E337.78392
G1 X148.741 Y140.282 E337.82536
G1 X150 Y140.201 E337.86732
G1 X151.259 Y140.282 E337.90928
G1 X152.482 Y140.52 E337.95072
G1 X153.68 Y140.918 E337.9927
G1 X154.806 Y141.46 E338.03427
G1 X155.863 Y142.148 E338.07622
G1 X156.82 Y142.963 E338.11802
G1 X157.661 Y143.889 E338.15963
G1 X158.379 Y144.918 E338.20136
G1 X158.96 Y146.031 E338.24312
G1 X159.396 Y147.215 E338.28509
G1 X159.674 Y148.436 E338.32674
G1 X159.795 Y149.684 E338.36844
G1 X159.754 Y150.945 E338.4104
G1 X159.555 Y152.175 E338.45184
G1 X159.196 Y153.386 E338.49386
G1 X158.688 Y154.532 E338.53555
G1 X158.037 Y155.608 E338.57738
G1 X157.256 Y156.587 E338.61903
G0 F9000 X156.931 Y156.292
G0 X156.444 Y155.843
G0 X155.413 Y156.79
G0 X155.545 Y156.967
;TYPE:FILL
G1 F3049.9 X155.421 Y156.52 E338.63446
G1 X155.24 Y156.141 E338.64843
G0 F9000 X155.392 Y156.301
G0 X155.824 Y155.837
G0 X158.198 Y152.884
G0 X158.408 Y152.947
G1 F3049.9 X158.364 Y152.908 E338.65038
G1 X157.907 Y152.306 E338.67552
G1 X157.804 Y152.09 E338.68348
G0 F9000 X158.019 Y152.132
G0 X158.155 Y151.174
G0 X158.248 Y149.261
G0 X158.03 Y149.285
G1 F3049.9 X158.804 Y148.694 E338.71587
G1 X158.815 Y148.685 E338.71634
G0 F9000 X158.596 Y148.705
G0 X157.241 Y146.061
G0 X156.557 Y145.001
G0 X155.715 Y144.059
G0 X154.744 Y143.259
G0 X154.129 Y142.893
G0 X152.794 Y142.201
G0 X152.712 Y142.403
G1 F3049.9 X152.804 Y142.072 E338.72777
G1 X153.016 Y141.627 E338.74416
G0 F9000 X152.947 Y141.834
G0 X150 Y141.755
G0 X147.992 Y141.968
G0 X148.041 Y142.182
G1 F3049.9 X147.988 Y142.072 E338.74823
G1 X147.821 Y141.47 E338.769
G1 X147.812 Y141.36 E338.77268
G0 F9000 X147.853 Y141.576
G0 X145.256 Y143.259
G0 X143.734 Y144.585
G0 X143.897 Y144.732
G1 F3049.9 X143.567 Y144.48 E338.78649
G1 X143.298 Y144.142 E338.80085
G0 F9000 X143.46 Y144.29
G0 X142.242 Y147.21
G0 X141.907 Y148.431
G0 X141.765 Y149.686
G0 X141.812 Y150.948
G0 X142.052 Y152.183
G0 X142.476 Y153.366
G0 X143.084 Y154.484
G0 X143.844 Y155.482
G0 X144.581 Y156.19
G0 X145.816 Y157.166
G0 X145.914 Y156.97
G1 F3049.9 X145.956 Y157.122 E338.8061
G1 X146.005 Y157.724 E338.82619
G1 X145.958 Y157.94 E338.83354
G0 F9000 X146.066 Y157.749
G0 X148.592 Y158.572
G0 X148.564 Y158.79
G1 F3049.9 X149.172 Y158.326 E338.85898
G1 X149.478 Y158.059 E338.87249
G0 F9000 X149.482 Y158.384
;MESH:NONMESH
G0 F300 X149.482 Y158.384 Z5.8
G0 F9000 X151.879 Y158.025
G0 X153.083 Y157.645
G0 X154.211 Y157.086
G0 X155.048 Y156.496
G0 X156.182 Y155.541
G0 X155.975 Y155.324
;TIME_ELAPSED:453.543645
;LAYER:28
;TYPE:WALL-INNER
;MESH:dannypart.STL
G1 F2033.1 X156.718 Y154.35 E338.91323
G1 X157.303 Y153.273 E338.95399
G1 X157.717 Y152.12 E338.99474
G1 X157.951 Y150.918 E339.03547
G1 X157.997 Y149.694 E339.07621
G1 X157.857 Y148.477 E339.11695
G1 X157.533 Y147.294 E339.15775
G1 X157.03 Y146.176 E339.19852
G1 X156.365 Y145.148 E339.23925
G1 X155.549 Y144.233 E339.28002
G1 X154.604 Y143.454 E339.32076
G1 X153.551 Y142.827 E339.36152
G1 X152.415 Y142.37 E339.40224
G1 X151.222 Y142.092 E339.44299
G1 X150 Y141.997 E339.48375
G1 X148.778 Y142.092 E339.52452
G1 X147.585 Y142.37 E339.56526
G1 X146.449 Y142.827 E339.60599
G1 X145.396 Y143.454 E339.64675
G1 X144.451 Y144.233 E339.68748
G1 X143.635 Y145.148 E339.72826
G1 X142.97 Y146.176 E339.76898
G1 X142.467 Y147.294 E339.80976
G1 X142.143 Y148.477 E339.85055
G1 X142.003 Y149.694 E339.8913
G1 X142.049 Y150.918 E339.93204
G1 X142.283 Y152.12 E339.97277
G1 X142.697 Y153.273 E340.01351
G1 X143.282 Y154.35 E340.05428
G1 X144.025 Y155.324 E340.09502
G1 X144.908 Y156.173 E340.13576
G1 X145.91 Y156.879 E340.17653
G1 X147.008 Y157.423 E340.21729
G1 X148.177 Y157.793 E340.25807
G1 X149.369 Y157.976 E340.29818
G1 X150 Y158 E340.31918
G1 X150.631 Y157.976 E340.34018
G1 X151.823 Y157.793 E340.3803
G1 X152.992 Y157.423 E340.42108
G1 X154.09 Y156.879 E340.46183
G1 X155.092 Y156.173 E340.5026
G1 X155.975 Y155.324 E340.54334
G0 F9000 X155.676 Y155.057
G1 F2033.1 X156.381 Y154.132 E340.58203
G1 X156.937 Y153.109 E340.62075
G1 X157.33 Y152.014 E340.65945
G1 X157.552 Y150.872 E340.69814
G1 X157.596 Y149.709 E340.73685
G1 X157.463 Y148.553 E340.77555
G1 X157.155 Y147.43 E340.81428
G1 X156.678 Y146.368 E340.853
G1 X156.046 Y145.391 E340.89171
G1 X155.271 Y144.522 E340.93043
G1 X154.373 Y143.782 E340.96914
G1 X153.373 Y143.187 E341.00784
G1 X152.294 Y142.753 E341.04652
G1 X151.161 Y142.488 E341.08522
G1 X150 Y142.398 E341.12395
G1 X148.839 Y142.488 E341.16268
G1 X147.706 Y142.753 E341.20138
G1 X146.627 Y143.187 E341.24006
G1 X145.627 Y143.782 E341.27877
G1 X144.729 Y144.522 E341.31747
G1 X143.954 Y145.391 E341.3562
G1 X143.322 Y146.368 E341.3949
G1 X142.845 Y147.43 E341.43362
G1 X142.537 Y148.553 E341.47235
G1 X142.404 Y149.709 E341.51105
G1 X142.448 Y150.872 E341.54976
G1 X142.67 Y152.014 E341.58846
G1 X143.063 Y153.109 E341.62715
G1 X143.619 Y154.132 E341.66588
G1 X144.324 Y155.057 E341.70456
G1 X145.163 Y155.864 E341.74328
G1 X146.115 Y156.534 E341.782
G1 X147.158 Y157.051 E341.82071
G1 X148.268 Y157.402 E341.85944
G1 X149.407 Y157.577 E341.89776
G1 X150 Y157.6 E341.9175
G1 X150.593 Y157.577 E341.93724
G1 X151.732 Y157.402 E341.97557
G1 X152.842 Y157.051 E342.01429
G1 X153.885 Y156.534 E342.05301
G1 X154.837 Y155.864 E342.09173
G1 X155.676 Y155.057 E342.13044
G0 F9000 X155.376 Y154.79
;TYPE:WALL-OUTER
G1 F2033.1 X156.044 Y153.914 E342.16708
G1 X156.571 Y152.945 E342.20377
G1 X156.943 Y151.908 E342.24041
G1 X157.153 Y150.826 E342.27707
G1 X157.195 Y149.724 E342.31375
G1 X157.069 Y148.629 E342.35041
G1 X156.777 Y147.566 E342.38708
G1 X156.326 Y146.56 E342.42375
G1 X155.727 Y145.634 E342.46043
G1 X154.993 Y144.811 E342.49711
G1 X154.142 Y144.11 E342.53378
G1 X153.195 Y143.547 E342.57042
G1 X152.173 Y143.135 E342.60707
G1 X151.1 Y142.884 E342.64372
G1 X150 Y142.799 E342.68042
G1 X148.9 Y142.884 E342.71711
G1 X147.827 Y143.135 E342.75376
G1 X146.805 Y143.547 E342.79041
G1 X145.858 Y144.11 E342.82706
G1 X145.007 Y144.811 E342.86373
G1 X144.273 Y145.634 E342.9004
G1 X143.674 Y146.56 E342.93709
G1 X143.223 Y147.566 E342.97375
G1 X142.931 Y148.629 E343.01042
G1 X142.805 Y149.724 E343.04708
G1 X142.847 Y150.826 E343.08376
G1 X143.057 Y151.908 E343.12042
G1 X143.429 Y152.945 E343.15706
G1 X143.956 Y153.914 E343.19375
G1 X144.624 Y154.79 E343.23039
G1 X145.418 Y155.555 E343.26706
G1 X146.32 Y156.189 E343.30373
G1 X147.308 Y156.679 E343.34041
G1 X148.359 Y157.011 E343.37707
G1 X149.445 Y157.178 E343.41361
G1 X150 Y157.2 E343.43209
G1 X150.555 Y157.178 E343.45056
G1 X151.641 Y157.011 E343.48711
G1 X152.692 Y156.679 E343.52377
G1 X153.68 Y156.189 E343.56045
G1 X154.582 Y155.555 E343.59712
G1 X155.376 Y154.79 E343.63379
G0 F9000 X155.704 Y155.082
G0 X156.163 Y155.56
G0 X156.444 Y155.843
G0 X156.663 Y156.047
;TYPE:WALL-INNER
G1 F2033.1 X155.821 Y156.86 E343.67272
G1 X154.914 Y157.538 E343.71038
G1 X153.908 Y158.106 E343.74881
G1 X152.836 Y158.539 E343.78726
G1 X151.721 Y158.832 E343.8256
G1 X150.565 Y158.981 E343.86437
G1 X150 Y159 E343.88317
G1 X149.435 Y158.981 E343.90198
G1 X148.279 Y158.832 E343.94074
G1 X147.164 Y158.539 E343.97909
G1 X146.092 Y158.106 E344.01754
G1 X145.086 Y157.538 E344.05596
G1 X144.179 Y156.86 E344.09363
G1 X143.337 Y156.047 E344.13256
G1 X142.616 Y155.143 E344.17102
G1 X142.026 Y154.168 E344.20892
G1 X141.555 Y153.107 E344.24753
G1 X141.227 Y151.998 E344.286
G1 X141.044 Y150.869 E344.32404
G1 X141.007 Y149.704 E344.3628
G1 X141.116 Y148.567 E344.40079
G1 X141.374 Y147.437 E344.43934
G1 X141.768 Y146.365 E344.47733
G1 X142.309 Y145.33 E344.51617
G1 X142.967 Y144.389 E344.55437
G1 X143.74 Y143.536 E344.59265
G1 X144.617 Y142.789 E344.63097
G1 X145.59 Y142.156 E344.66958
G1 X146.608 Y141.666 E344.70715
G1 X147.722 Y141.296 E344.7462
G1 X148.851 Y141.076 E344.78445
G1 X150 Y141.003 E344.82275
G1 X151.149 Y141.076 E344.86104
G1 X152.278 Y141.296 E344.8993
G1 X153.392 Y141.666 E344.93834
G1 X154.41 Y142.156 E344.97591
G1 X155.383 Y142.789 E345.01452
G1 X156.26 Y143.536 E345.05284
G1 X157.033 Y144.389 E345.09113
G1 X157.691 Y145.33 E345.12932
G1 X158.232 Y146.365 E345.16816
G1 X158.626 Y147.437 E345.20615
G1 X158.884 Y148.567 E345.2447
G1 X158.993 Y149.704 E345.28269
G1 X158.956 Y150.869 E345.32146
G1 X158.773 Y151.998 E345.3595
G1 X158.445 Y153.107 E345.39796
G1 X157.974 Y154.168 E345.43657
G1 X157.384 Y155.143 E345.47447
G1 X156.663 Y156.047 E345.51293
G0 F9000 X156.961 Y156.315
G1 F2033.1 X156.086 Y157.161 E345.55341
G1 X155.129 Y157.876 E345.59315
G1 X154.08 Y158.468 E345.63321
G1 X152.962 Y158.92 E345.67332
G1 X151.797 Y159.226 E345.71338
G1 X150.598 Y159.38 E345.75359
G1 X150 Y159.4 E345.77349
G1 X149.402 Y159.38 E345.79339
G1 X148.203 Y159.226 E345.8336
G1 X147.038 Y158.92 E345.87366
G1 X145.92 Y158.468 E345.91377
G1 X144.871 Y157.876 E345.95383
G1 X143.914 Y157.161 E345.99356
G1 X143.039 Y156.315 E346.03404
G1 X142.291 Y155.378 E346.07392
G1 X141.669 Y154.35 E346.11388
G1 X141.181 Y153.25 E346.15391
G1 X140.835 Y152.083 E346.19439
G1 X140.645 Y150.907 E346.23401
G1 X140.606 Y149.694 E346.27438
G1 X140.721 Y148.501 E346.31424
G1 X140.989 Y147.326 E346.35433
G1 X141.404 Y146.198 E346.3943
G1 X141.965 Y145.124 E346.4346
G1 X142.653 Y144.139 E346.47456
G1 X143.458 Y143.252 E346.5144
G1 X144.379 Y142.467 E346.55465
G1 X145.392 Y141.808 E346.59485
G1 X146.464 Y141.292 E346.63442
G1 X147.62 Y140.908 E346.67493
G1 X148.796 Y140.679 E346.71478
G1 X150 Y140.602 E346.75491
G1 X151.204 Y140.679 E346.79504
G1 X152.38 Y140.908 E346.83489
G1 X153.536 Y141.292 E346.8754
G1 X154.608 Y141.808 E346.91497
G1 X155.621 Y142.467 E346.95516
G1 X156.542 Y143.252 E346.99541
G1 X157.347 Y144.139 E347.03525
G1 X158.035 Y145.124 E347.07522
G1 X158.596 Y146.198 E347.11552
G1 X159.011 Y147.326 E347.15549
G1 X159.279 Y148.501 E347.19558
G1 X159.394 Y149.694 E347.23544
G1 X159.355 Y150.907 E347.27581
G1 X159.165 Y152.083 E347.31543
G1 X158.819 Y153.25 E347.35591
G1 X158.331 Y154.35 E347.39594
G1 X157.709 Y155.378 E347.4359
G1 X156.961 Y156.315 E347.47578
G0 F9000 X157.256 Y156.587
;TYPE:WALL-OUTER
G1 F2033.1 X156.351 Y157.462 E347.51765
G1 X155.344 Y158.214 E347.55945
G1 X154.252 Y158.83 E347.60115
G1 X153.088 Y159.301 E347.64291
G1 X151.873 Y159.62 E347.68469
G1 X150.631 Y159.779 E347.72634
G1 X150 Y159.8 E347.74734
G1 X149.369 Y159.779 E347.76834
G1 X148.127 Y159.62 E347.80998
G1 X146.912 Y159.301 E347.85176
G1 X145.748 Y158.83 E347.89353
G1 X144.656 Y158.214 E347.93523
G1 X143.649 Y157.462 E347.97703
G1 X142.744 Y156.587 E348.0189
G1 X141.963 Y155.608 E348.06055
G1 X141.312 Y154.532 E348.10238
G1 X140.804 Y153.386 E348.14407
G1 X140.445 Y152.175 E348.18608
G1 X140.246 Y150.945 E348.22752
G1 X140.205 Y149.684 E348.26949
G1 X140.326 Y148.436 E348.31119
G1 X140.604 Y147.215 E348.35284
G1 X141.04 Y146.031 E348.39481
G1 X141.621 Y144.918 E348.43657
G1 X142.339 Y143.889 E348.4783
G1 X143.18 Y142.963 E348.5199
G1 X144.137 Y142.148 E348.56171
G1 X145.194 Y141.46 E348.60366
G1 X146.32 Y140.918 E348.64522
G1 X147.518 Y140.52 E348.68721
G1 X148.741 Y140.282 E348.72865
G1 X150 Y140.201 E348.77061
G1 X151.259 Y140.282 E348.81257
G1 X152.482 Y140.52 E348.85401
G1 X153.68 Y140.918 E348.896
G1 X154.806 Y141.46 E348.93756
G1 X155.863 Y142.148 E348.97951
G1 X156.82 Y142.963 E349.02132
G1 X157.661 Y143.889 E349.06292
G1 X158.379 Y144.918 E349.10466
G1 X158.96 Y146.031 E349.14642
G1 X159.396 Y147.215 E349.18838
G1 X159.674 Y148.436 E349.23003
G1 X159.795 Y149.684 E349.27173
G1 X159.754 Y150.945 E349.3137
G1 X159.555 Y152.175 E349.35514
G1 X159.196 Y153.386 E349.39715
G1 X158.688 Y154.532 E349.43884
G1 X158.037 Y155.608 E349.48067
G1 X157.256 Y156.587 E349.52232
G0 F9000 X156.931 Y156.292
G0 X156.444 Y155.843
G0 X155.499 Y156.726
G0 X155.631 Y156.903
;TYPE:FILL
G1 F3049.7 X155.485 Y156.52 E349.53596
G1 X155.257 Y156.126 E349.5511
G0 F9000 X155.409 Y156.285
G0 X155.831 Y155.831
G0 X158.216 Y152.824
G0 X158.426 Y152.887
G1 F3049.7 X157.904 Y152.306 E349.57708
G1 X157.798 Y152.122 E349.58414
G0 F9000 X158.013 Y152.164
G0 X158.154 Y151.18
G0 X158.223 Y149.037
G0 X158.004 Y149.061
G1 F3049.7 X158.581 Y148.694 E349.60688
G1 X158.795 Y148.539 E349.61567
G0 F9000 X158.58 Y148.587
G0 X157.241 Y146.061
G0 X156.557 Y145.001
G0 X155.715 Y144.059
G0 X154.744 Y143.259
G0 X154.129 Y142.893
G0 X152.709 Y142.167
G0 X152.627 Y142.369
G1 F3049.7 X152.74 Y142.072 E349.62624
G1 X153 Y141.621 E349.64355
G0 F9000 X152.931 Y141.828
G0 X150 Y141.755
G0 X147.945 Y141.979
G0 X147.994 Y142.193
G1 F3049.7 X147.924 Y142.072 E349.6482
G1 X147.694 Y141.47 E349.66964
G1 X147.678 Y141.396 E349.67216
G0 F9000 X147.746 Y141.604
G0 X145.256 Y143.259
G0 X144.707 Y143.712
G0 X143.62 Y144.713
G0 X143.783 Y144.859
G1 F3049.7 X143.186 Y144.48 E349.69568
G1 X143.101 Y144.359 E349.70059
G0 F9000 X143.264 Y144.507
G0 X142.242 Y147.21
G0 X141.907 Y148.431
G0 X141.765 Y149.686
G0 X141.812 Y150.948
G0 X142.052 Y152.183
G0 X142.476 Y153.366
G0 X143.084 Y154.484
G0 X143.844 Y155.482
G0 X144.581 Y156.19
G0 X145.953 Y157.234
G0 X146.051 Y157.037
G1 F3049.7 X146.083 Y157.122 E349.70361
G1 X146.214 Y157.724 E349.72411
G1 X146.203 Y158.066 E349.73549
G0 F9000 X146.285 Y157.863
G0 X148.336 Y158.54
G0 X148.28 Y158.751
G1 F3049.7 X148.949 Y158.326 E349.76185
G1 X149.332 Y158.049 E349.77757
G0 F9000 X149.279 Y158.358
;MESH:NONMESH
G0 F300 X149.279 Y158.358 Z6
G0 F9000 X151.879 Y158.025
G0 X153.083 Y157.645
G0 X154.211 Y157.086
G0 X155.048 Y156.496
G0 X156.182 Y155.541
G0 X155.975 Y155.324
;TIME_ELAPSED:466.267010
;LAYER:29
;TYPE:WALL-INNER
;MESH:dannypart.STL
G1 F2036.1 X156.718 Y154.35 E349.81831
G1 X157.303 Y153.273 E349.85908
G1 X157.717 Y152.12 E349.89982
G1 X157.951 Y150.918 E349.94055
G1 X157.997 Y149.694 E349.98129
G1 X157.857 Y148.477 E350.02204
G1 X157.533 Y147.294 E350.06283
G1 X157.03 Y146.176 E350.10361
G1 X156.365 Y145.148 E350.14433
G1 X155.549 Y144.233 E350.18511
G1 X154.604 Y143.454 E350.22584
G1 X153.551 Y142.827 E350.2666
G1 X152.415 Y142.37 E350.30733
G1 X151.222 Y142.092 E350.34807
G1 X150 Y141.997 E350.38884
G1 X148.778 Y142.092 E350.4296
G1 X147.585 Y142.37 E350.47035
G1 X146.449 Y142.827 E350.51107
G1 X145.396 Y143.454 E350.55183
G1 X144.451 Y144.233 E350.59257
G1 X143.635 Y145.148 E350.63334
G1 X142.97 Y146.176 E350.67407
G1 X142.467 Y147.294 E350.71484
G1 X142.143 Y148.477 E350.75564
G1 X142.003 Y149.694 E350.79638
G1 X142.049 Y150.918 E350.83712
G1 X142.283 Y152.12 E350.87785
G1 X142.697 Y153.273 E350.9186
G1 X143.282 Y154.35 E350.95936
G1 X144.025 Y155.324 E351.00011
G1 X144.908 Y156.173 E351.04085
G1 X145.91 Y156.879 E351.08162
G1 X147.008 Y157.423 E351.12237
G1 X148.177 Y157.793 E351.16315
G1 X149.369 Y157.976 E351.20326
G1 X150 Y158 E351.22427
G1 X150.631 Y157.976 E351.24527
G1 X151.823 Y157.793 E351.28538
G1 X152.992 Y157.423 E351.32616
G1 X154.09 Y156.879 E351.36692
G1 X155.092 Y156.173 E351.40769
G1 X155.975 Y155.324 E351.44843
G0 F9000 X155.676 Y155.057
G1 F2036.1 X156.381 Y154.132 E351.48711
G1 X156.937 Y153.109 E351.52584
G1 X157.33 Y152.014 E351.56453
G1 X157.552 Y150.872 E351.60322
G1 X157.596 Y149.709 E351.64193
G1 X157.463 Y148.553 E351.68064
G1 X157.155 Y147.43 E351.71937
G1 X156.678 Y146.368 E351.75809
G1 X156.046 Y145.391 E351.79679
G1 X155.271 Y144.522 E351.83552
G1 X154.373 Y143.782 E351.87422
G1 X153.373 Y143.187 E351.91292
G1 X152.294 Y142.753 E351.9516
G1 X151.161 Y142.488 E351.9903
G1 X150 Y142.398 E352.02904
G1 X148.839 Y142.488 E352.06777
G1 X147.706 Y142.753 E352.10647
G1 X146.627 Y143.187 E352.14515
G1 X145.627 Y143.782 E352.18385
G1 X144.729 Y144.522 E352.22255
G1 X143.954 Y145.391 E352.26128
G1 X143.322 Y146.368 E352.29998
G1 X142.845 Y147.43 E352.3387
G1 X142.537 Y148.553 E352.37743
G1 X142.404 Y149.709 E352.41614
G1 X142.448 Y150.872 E352.45485
G1 X142.67 Y152.014 E352.49354
G1 X143.063 Y153.109 E352.53223
G1 X143.619 Y154.132 E352.57096
G1 X144.324 Y155.057 E352.60964
G1 X145.163 Y155.864 E352.64836
G1 X146.115 Y156.534 E352.68708
G1 X147.158 Y157.051 E352.7258
G1 X148.268 Y157.402 E352.76452
G1 X149.407 Y157.577 E352.80285
G1 X150 Y157.6 E352.82259
G1 X150.593 Y157.577 E352.84232
G1 X151.732 Y157.402 E352.88065
G1 X152.842 Y157.051 E352.91937
G1 X153.885 Y156.534 E352.95809
G1 X154.837 Y155.864 E352.99681
G1 X155.676 Y155.057 E353.03553
G0 F9000 X155.376 Y154.79
;TYPE:WALL-OUTER
G1 F2036.1 X156.044 Y153.914 E353.07217
G1 X156.571 Y152.945 E353.10886
G1 X156.943 Y151.908 E353.1455
G1 X157.153 Y150.826 E353.18216
G1 X157.195 Y149.724 E353.21884
G1 X157.069 Y148.629 E353.2555
G1 X156.777 Y147.566 E353.29216
G1 X156.326 Y146.56 E353.32883
G1 X155.727 Y145.634 E353.36551
G1 X154.993 Y144.811 E353.40219
G1 X154.142 Y144.11 E353.43886
G1 X153.195 Y143.547 E353.4755
G1 X152.173 Y143.135 E353.51215
G1 X151.1 Y142.884 E353.5488
G1 X150 Y142.799 E353.5855
G1 X148.9 Y142.884 E353.6222
G1 X147.827 Y143.135 E353.65885
G1 X146.805 Y143.547 E353.6955
G1 X145.858 Y144.11 E353.73214
G1 X145.007 Y144.811 E353.76881
G1 X144.273 Y145.634 E353.80549
G1 X143.674 Y146.56 E353.84217
G1 X143.223 Y147.566 E353.87884
G1 X142.931 Y148.629 E353.9155
G1 X142.805 Y149.724 E353.95216
G1 X142.847 Y150.826 E353.98884
G1 X143.057 Y151.908 E354.0255
G1 X143.429 Y152.945 E354.06214
G1 X143.956 Y153.914 E354.09883
G1 X144.624 Y154.79 E354.13547
G1 X145.418 Y155.555 E354.17214
G1 X146.32 Y156.189 E354.20881
G1 X147.308 Y156.679 E354.24549
G1 X148.359 Y157.011 E354.28215
G1 X149.445 Y157.178 E354.3187
G1 X150 Y157.2 E354.33717
G1 X150.555 Y157.178 E354.35565
G1 X151.641 Y157.011 E354.39219
G1 X152.692 Y156.679 E354.42885
G1 X153.68 Y156.189 E354.46553
G1 X154.582 Y155.555 E354.5022
G1 X155.376 Y154.79 E354.53887
G0 F9000 X155.704 Y155.082
G0 X156.163 Y155.56
G0 X156.444 Y155.843
G0 X156.663 Y156.047
;TYPE:WALL-INNER
G1 F2036.1 X155.821 Y156.86 E354.5778
G1 X154.914 Y157.538 E354.61547
G1 X153.908 Y158.106 E354.65389
G1 X152.836 Y158.539 E354.69234
G1 X151.721 Y158.832 E354.73069
G1 X150.565 Y158.981 E354.76945
G1 X150 Y159 E354.78826
G1 X149.435 Y158.981 E354.80706
G1 X148.279 Y158.832 E354.84583
G1 X147.164 Y158.539 E354.88417
G1 X146.092 Y158.106 E354.92262
G1 X145.086 Y157.538 E354.96105
G1 X144.179 Y156.86 E354.99871
G1 X143.337 Y156.047 E355.03764
G1 X142.616 Y155.143 E355.0761
G1 X142.026 Y154.168 E355.114
G1 X141.555 Y153.107 E355.15261
G1 X141.227 Y151.998 E355.19108
G1 X141.044 Y150.869 E355.22912
G1 X141.007 Y149.704 E355.26789
G1 X141.116 Y148.567 E355.30588
G1 X141.374 Y147.437 E355.34443
G1 X141.768 Y146.365 E355.38242
G1 X142.309 Y145.33 E355.42126
G1 X142.967 Y144.389 E355.45945
G1 X143.74 Y143.536 E355.49774
G1 X144.617 Y142.789 E355.53605
G1 X145.59 Y142.156 E355.57466
G1 X146.608 Y141.666 E355.61224
G1 X147.722 Y141.296 E355.65128
G1 X148.851 Y141.076 E355.68954
G1 X150 Y141.003 E355.72783
G1 X151.149 Y141.076 E355.76612
G1 X152.278 Y141.296 E355.80438
G1 X153.392 Y141.666 E355.84342
G1 X154.41 Y142.156 E355.881
G1 X155.383 Y142.789 E355.91961
G1 X156.26 Y143.536 E355.95792
G1 X157.033 Y144.389 E355.99621
G1 X157.691 Y145.33 E356.0344
G1 X158.232 Y146.365 E356.07324
G1 X158.626 Y147.437 E356.11123
G1 X158.884 Y148.567 E356.14978
G1 X158.993 Y149.704 E356.18777
G1 X158.956 Y150.869 E356.22654
G1 X158.773 Y151.998 E356.26458
G1 X158.445 Y153.107 E356.30305
G1 X157.974 Y154.168 E356.34165
G1 X157.384 Y155.143 E356.37956
G1 X156.663 Y156.047 E356.41802
G0 F9000 X156.961 Y156.315
G1 F2036.1 X156.086 Y157.161 E356.4585
G1 X155.129 Y157.876 E356.49823
G1 X154.08 Y158.468 E356.53829
G1 X152.962 Y158.92 E356.5784
G1 X151.797 Y159.226 E356.61847
G1 X150.598 Y159.38 E356.65867
G1 X150 Y159.4 E356.67857
G1 X149.402 Y159.38 E356.69847
G1 X148.203 Y159.226 E356.73868
G1 X147.038 Y158.92 E356.77874
G1 X145.92 Y158.468 E356.81885
G1 X144.871 Y157.876 E356.85891
G1 X143.914 Y157.161 E356.89865
G1 X143.039 Y156.315 E356.93913
G1 X142.291 Y155.378 E356.979
G1 X141.669 Y154.35 E357.01897
G1 X141.181 Y153.25 E357.05899
G1 X140.835 Y152.083 E357.09948
G1 X140.645 Y150.907 E357.1391
G1 X140.606 Y149.694 E357.17946
G1 X140.721 Y148.501 E357.21933
G1 X140.989 Y147.326 E357.25941
G1 X141.404 Y146.198 E357.29939
G1 X141.965 Y145.124 E357.33969
G1 X142.653 Y144.139 E357.37965
G1 X143.458 Y143.252 E357.41949
G1 X144.379 Y142.467 E357.45974
G1 X145.392 Y141.808 E357.49993
G1 X146.464 Y141.292 E357.5395
G1 X147.62 Y140.908 E357.58002
G1 X148.796 Y140.679 E357.61987
G1 X150 Y140.602 E357.65999
G1 X151.204 Y140.679 E357.70012
G1 X152.38 Y140.908 E357.73997
G1 X153.536 Y141.292 E357.78048
G1 X154.608 Y141.808 E357.82005
G1 X155.621 Y142.467 E357.86025
G1 X156.542 Y143.252 E357.9005
G1 X157.347 Y144.139 E357.94034
G1 X158.035 Y145.124 E357.9803
G1 X158.596 Y146.198 E358.0206
G1 X159.011 Y147.326 E358.06058
G1 X159.279 Y148.501 E358.10066
G1 X159.394 Y149.694 E358.14052
G1 X159.355 Y150.907 E358.18089
G1 X159.165 Y152.083 E358.22051
G1 X158.819 Y153.25 E358.261
G1 X158.331 Y154.35 E358.30102
G1 X157.709 Y155.378 E358.34098
G1 X156.961 Y156.315 E358.38086
G0 F9000 X157.256 Y156.587
;TYPE:WALL-OUTER
G1 F2036.1 X156.351 Y157.462 E358.42273
G1 X155.344 Y158.214 E358.46453
G1 X154.252 Y158.83 E358.50623
G1 X153.088 Y159.301 E358.548
G1 X151.873 Y159.62 E358.58978
G1 X150.631 Y159.779 E358.63142
G1 X150 Y159.8 E358.65242
G1 X149.369 Y159.779 E358.67342
G1 X148.127 Y159.62 E358.71507
G1 X146.912 Y159.301 E358.75685
G1 X145.748 Y158.83 E358.79861
G1 X144.656 Y158.214 E358.84031
G1 X143.649 Y157.462 E358.88211
G1 X142.744 Y156.587 E358.92398
G1 X141.963 Y155.608 E358.96564
G1 X141.312 Y154.532 E359.00746
G1 X140.804 Y153.386 E359.04916
G1 X140.445 Y152.175 E359.09117
G1 X140.246 Y150.945 E359.13261
G1 X140.205 Y149.684 E359.17457
G1 X140.326 Y148.436 E359.21628
G1 X140.604 Y147.215 E359.25793
G1 X141.04 Y146.031 E359.29989
G1 X141.621 Y144.918 E359.34165
G1 X142.339 Y143.889 E359.38338
G1 X143.18 Y142.963 E359.42499
G1 X144.137 Y142.148 E359.4668
G1 X145.194 Y141.46 E359.50874
G1 X146.32 Y140.918 E359.55031
G1 X147.518 Y140.52 E359.59229
G1 X148.741 Y140.282 E359.63373
G1 X150 Y140.201 E359.6757
G1 X151.259 Y140.282 E359.71766
G1 X152.482 Y140.52 E359.7591
G1 X153.68 Y140.918 E359.80108
G1 X154.806 Y141.46 E359.84265
G1 X155.863 Y142.148 E359.88459
G1 X156.82 Y142.963 E359.9264
G1 X157.661 Y143.889 E359.96801
G1 X158.379 Y144.918 E360.00974
G1 X158.96 Y146.031 E360.0515
G1 X159.396 Y147.215 E360.09346
G1 X159.674 Y148.436 E360.13511
G1 X159.795 Y149.684 E360.17682
G1 X159.754 Y150.945 E360.21878
G1 X159.555 Y152.175 E360.26022
G1 X159.196 Y153.386 E360.30223
G1 X158.688 Y154.532 E360.34393
G1 X158.037 Y155.608 E360.38575
G1 X157.256 Y156.587 E360.42741
G0 F9000 X156.931 Y156.292
G0 X156.444 Y155.843
G0 X155.59 Y156.658
G0 X155.722 Y156.835
;TYPE:FILL
G1 F3054.2 X155.568 Y156.52 E360.43907
G1 X155.282 Y156.102 E360.45592
G0 F9000 X155.434 Y156.261
G0 X155.842 Y155.82
G0 X158.232 Y152.771
G0 X158.441 Y152.834
G1 F3054.2 X157.885 Y152.306 E360.48142
G1 X157.786 Y152.162 E360.48723
G0 F9000 X157.993 Y152.236
G0 X158.188 Y150.948
G0 X158.2 Y150.591
G0 X158.196 Y148.798
G0 X157.977 Y148.822
G1 F3054.2 X158.275 Y148.694 E360.49802
G1 X158.767 Y148.415 E360.51683
G0 F9000 X158.552 Y148.463
G0 X157.241 Y146.061
G0 X156.557 Y145.001
G0 X155.715 Y144.059
G0 X154.744 Y143.259
G0 X153.865 Y142.736
G0 X152.612 Y142.128
G0 X152.53 Y142.33
G1 F3054.2 X152.657 Y142.072 E360.52639
G1 X152.972 Y141.612 E360.54494
G0 F9000 X152.903 Y141.819
G0 X150 Y141.755
G0 X149.645 Y141.783
G0 X147.884 Y141.993
G0 X147.933 Y142.207
G1 F3054.2 X147.841 Y142.072 E360.55037
G1 X147.546 Y141.47 E360.57267
G1 X147.536 Y141.443 E360.57363
G0 F9000 X147.604 Y141.651
G0 X145.256 Y143.259
G0 X144.285 Y144.059
G0 X143.443 Y145.001
G0 X142.759 Y146.061
G0 X142.242 Y147.21
G0 X141.907 Y148.431
G0 X141.765 Y149.686
G0 X141.812 Y150.948
G0 X141.879 Y151.297
G0 X142.284 Y153.011
G0 X142.492 Y152.938
G1 F3054.2 X142.322 Y153.51 E360.59347
G1 X142.421 Y154.112 E360.61376
G1 X143.281 Y154.48 E360.64488
G0 F9000 X143.106 Y154.612
G0 X143.844 Y155.482
G0 X144.581 Y156.19
G0 X146.135 Y157.324
G0 X146.233 Y157.128
G1 F3054.2 X146.46 Y157.724 E360.66609
G1 X146.61 Y158.23 E360.68364
G0 F9000 X146.692 Y158.027
G0 X147.946 Y158.437
G0 X147.89 Y158.648
G1 F3054.2 X148.643 Y158.326 E360.71088
G1 X149.174 Y158.025 E360.73118
G0 F9000 X149.121 Y158.338
;MESH:NONMESH
G0 F300 X149.121 Y158.338 Z6.2
G0 F9000 X150.652 Y158.213
G0 X151.879 Y158.025
G0 X153.083 Y157.645
G0 X154.211 Y157.086
G0 X155.048 Y156.496
G0 X156.182 Y155.541
G0 X155.975 Y155.324
;TIME_ELAPSED:479.002649
;LAYER:30
;TYPE:WALL-INNER
;MESH:dannypart.STL
G1 F2035.1 X156.718 Y154.35 E360.77193
G1 X157.303 Y153.273 E360.81269
G1 X157.717 Y152.12 E360.85344
G1 X157.951 Y150.918 E360.89417
G1 X157.997 Y149.694 E360.93491
G1 X157.857 Y148.477 E360.97565
G1 X157.533 Y147.294 E361.01645
G1 X157.03 Y146.176 E361.05722
G1 X156.365 Y145.148 E361.09794
G1 X155.549 Y144.233 E361.13872
G1 X154.604 Y143.454 E361.17945
G1 X153.551 Y142.827 E361.22022
G1 X152.415 Y142.37 E361.26094
G1 X151.222 Y142.092 E361.30168
G1 X150 Y141.997 E361.34245
G1 X148.778 Y142.092 E361.38322
G1 X147.585 Y142.37 E361.42396
G1 X146.449 Y142.827 E361.46469
G1 X145.396 Y143.454 E361.50545
G1 X144.451 Y144.233 E361.54618
G1 X143.635 Y145.148 E361.58696
G1 X142.97 Y146.176 E361.62768
G1 X142.467 Y147.294 E361.66845
G1 X142.143 Y148.477 E361.70925
G1 X142.003 Y149.694 E361.74999
G1 X142.049 Y150.918 E361.79073
G1 X142.283 Y152.12 E361.83146
G1 X142.697 Y153.273 E361.87221
G1 X143.282 Y154.35 E361.91297
G1 X144.025 Y155.324 E361.95372
G1 X144.908 Y156.173 E361.99446
G1 X145.91 Y156.879 E362.03523
G1 X147.008 Y157.423 E362.07598
G1 X148.177 Y157.793 E362.11677
G1 X149.369 Y157.976 E362.15688
G1 X150 Y158 E362.17788
G1 X150.631 Y157.976 E362.19888
G1 X151.823 Y157.793 E362.23899
G1 X152.992 Y157.423 E362.27978
G1 X154.09 Y156.879 E362.32053
G1 X155.092 Y156.173 E362.3613
G1 X155.975 Y155.324 E362.40204
G0 F9000 X155.676 Y155.057
G1 F2035.1 X156.381 Y154.132 E362.44072
G1 X156.937 Y153.109 E362.47945
G1 X157.33 Y152.014 E362.51814
G1 X157.552 Y150.872 E362.55684
G1 X157.596 Y149.709 E362.59555
G1 X157.463 Y148.553 E362.63425
G1 X157.155 Y147.43 E362.67298
G1 X156.678 Y146.368 E362.7117
G1 X156.046 Y145.391 E362.7504
G1 X155.271 Y144.522 E362.78913
G1 X154.373 Y143.782 E362.82783
G1 X153.373 Y143.187 E362.86654
G1 X152.294 Y142.753 E362.90522
G1 X151.161 Y142.488 E362.94392
G1 X150 Y142.398 E362.98265
G1 X148.839 Y142.488 E363.02138
G1 X147.706 Y142.753 E363.06008
G1 X146.627 Y143.187 E363.09876
G1 X145.627 Y143.782 E363.13746
G1 X144.729 Y144.522 E363.17617
G1 X143.954 Y145.391 E363.21489
G1 X143.322 Y146.368 E363.2536
G1 X142.845 Y147.43 E363.29232
G1 X142.537 Y148.553 E363.33105
G1 X142.404 Y149.709 E363.36975
G1 X142.448 Y150.872 E363.40846
G1 X142.67 Y152.014 E363.44715
G1 X143.063 Y153.109 E363.48585
G1 X143.619 Y154.132 E363.52457
G1 X144.324 Y155.057 E363.56326
G1 X145.163 Y155.864 E363.60197
G1 X146.115 Y156.534 E363.64069
G1 X147.158 Y157.051 E363.67941
G1 X148.268 Y157.402 E363.71813
G1 X149.407 Y157.577 E363.75646
G1 X150 Y157.6 E363.7762
G1 X150.593 Y157.577 E363.79594
G1 X151.732 Y157.402 E363.83426
G1 X152.842 Y157.051 E363.87299
G1 X153.885 Y156.534 E363.9117
G1 X154.837 Y155.864 E363.95042
G1 X155.676 Y155.057 E363.98914
G0 F9000 X155.376 Y154.79
;TYPE:WALL-OUTER
G1 F2035.1 X156.044 Y153.914 E364.02578
G1 X156.571 Y152.945 E364.06247
G1 X156.943 Y151.908 E364.09911
G1 X157.153 Y150.826 E364.13577
G1 X157.195 Y149.724 E364.17245
G1 X157.069 Y148.629 E364.20911
G1 X156.777 Y147.566 E364.24578
G1 X156.326 Y146.56 E364.28244
G1 X155.727 Y145.634 E364.31912
G1 X154.993 Y144.811 E364.3558
G1 X154.142 Y144.11 E364.39247
G1 X153.195 Y143.547 E364.42912
G1 X152.173 Y143.135 E364.46577
G1 X151.1 Y142.884 E364.50242
G1 X150 Y142.799 E364.53911
G1 X148.9 Y142.884 E364.57581
G1 X147.827 Y143.135 E364.61246
G1 X146.805 Y143.547 E364.64911
G1 X145.858 Y144.11 E364.68575
G1 X145.007 Y144.811 E364.72242
G1 X144.273 Y145.634 E364.7591
G1 X143.674 Y146.56 E364.79578
G1 X143.223 Y147.566 E364.83245
G1 X142.931 Y148.629 E364.86912
G1 X142.805 Y149.724 E364.90578
G1 X142.847 Y150.826 E364.94246
G1 X143.057 Y151.908 E364.97912
G1 X143.429 Y152.945 E365.01576
G1 X143.956 Y153.914 E365.05245
G1 X144.624 Y154.79 E365.08909
G1 X145.418 Y155.555 E365.12576
G1 X146.32 Y156.189 E365.16243
G1 X147.308 Y156.679 E365.19911
G1 X148.359 Y157.011 E365.23577
G1 X149.445 Y157.178 E365.27231
G1 X150 Y157.2 E365.29079
G1 X150.555 Y157.178 E365.30926
G1 X151.641 Y157.011 E365.3458
G1 X152.692 Y156.679 E365.38246
G1 X153.68 Y156.189 E365.41914
G1 X154.582 Y155.555 E365.45581
G1 X155.376 Y154.79 E365.49249
G0 F9000 X155.704 Y155.082
G0 X156.163 Y155.56
G0 X156.444 Y155.843
G0 X156.663 Y156.047
;TYPE:WALL-INNER
G1 F2035.1 X155.821 Y156.86 E365.53142
G1 X154.914 Y157.538 E365.56908
G1 X153.908 Y158.106 E365.6075
G1 X152.836 Y158.539 E365.64596
G1 X151.721 Y158.832 E365.6843
G1 X150.565 Y158.981 E365.72307
G1 X150 Y159 E365.74187
G1 X149.435 Y158.981 E365.76067
G1 X148.279 Y158.832 E365.79944
G1 X147.164 Y158.539 E365.83778
G1 X146.092 Y158.106 E365.87624
G1 X145.086 Y157.538 E365.91466
G1 X144.179 Y156.86 E365.95233
G1 X143.337 Y156.047 E365.99126
G1 X142.616 Y155.143 E366.02971
G1 X142.026 Y154.168 E366.06762
G1 X141.555 Y153.107 E366.10623
G1 X141.227 Y151.998 E366.14469
G1 X141.044 Y150.869 E366.18273
G1 X141.007 Y149.704 E366.2215
G1 X141.116 Y148.567 E366.25949
G1 X141.374 Y147.437 E366.29804
G1 X141.768 Y146.365 E366.33603
G1 X142.309 Y145.33 E366.37487
G1 X142.967 Y144.389 E366.41306
G1 X143.74 Y143.536 E366.45135
G1 X144.617 Y142.789 E366.48967
G1 X145.59 Y142.156 E366.52827
G1 X146.608 Y141.666 E366.56585
G1 X147.722 Y141.296 E366.60489
G1 X148.851 Y141.076 E366.64315
G1 X150 Y141.003 E366.68144
G1 X151.149 Y141.076 E366.71974
G1 X152.278 Y141.296 E366.75799
G1 X153.392 Y141.666 E366.79704
G1 X154.41 Y142.156 E366.83461
G1 X155.383 Y142.789 E366.87322
G1 X156.26 Y143.536 E366.91154
G1 X157.033 Y144.389 E366.94982
G1 X157.691 Y145.33 E366.98801
G1 X158.232 Y146.365 E367.02686
G1 X158.626 Y147.437 E367.06484
G1 X158.884 Y148.567 E367.1034
G1 X158.993 Y149.704 E367.14139
G1 X158.956 Y150.869 E367.18015
G1 X158.773 Y151.998 E367.21819
G1 X158.445 Y153.107 E367.25666
G1 X157.974 Y154.168 E367.29527
G1 X157.384 Y155.143 E367.33317
G1 X156.663 Y156.047 E367.37163
G0 F9000 X156.961 Y156.315
G1 F2035.1 X156.086 Y157.161 E367.41211
G1 X155.129 Y157.876 E367.45184
G1 X154.08 Y158.468 E367.49191
G1 X152.962 Y158.92 E367.53202
G1 X151.797 Y159.226 E367.57208
G1 X150.598 Y159.38 E367.61229
G1 X150 Y159.4 E367.63219
G1 X149.402 Y159.38 E367.65209
G1 X148.203 Y159.226 E367.69229
G1 X147.038 Y158.92 E367.73236
G1 X145.92 Y158.468 E367.77246
G1 X144.871 Y157.876 E367.81253
G1 X143.914 Y157.161 E367.85226
G1 X143.039 Y156.315 E367.89274
G1 X142.291 Y155.378 E367.93262
G1 X141.669 Y154.35 E367.97258
G1 X141.181 Y153.25 E368.01261
G1 X140.835 Y152.083 E368.05309
G1 X140.645 Y150.907 E368.09271
G1 X140.606 Y149.694 E368.13308
G1 X140.721 Y148.501 E368.17294
G1 X140.989 Y147.326 E368.21302
G1 X141.404 Y146.198 E368.253
G1 X141.965 Y145.124 E368.2933
G1 X142.653 Y144.139 E368.33326
G1 X143.458 Y143.252 E368.3731
G1 X144.379 Y142.467 E368.41335
G1 X145.392 Y141.808 E368.45355
G1 X146.464 Y141.292 E368.49312
G1 X147.62 Y140.908 E368.53363
G1 X148.796 Y140.679 E368.57348
G1 X150 Y140.602 E368.61361
G1 X151.204 Y140.679 E368.65373
G1 X152.38 Y140.908 E368.69358
G1 X153.536 Y141.292 E368.7341
G1 X154.608 Y141.808 E368.77367
G1 X155.621 Y142.467 E368.81386
G1 X156.542 Y143.252 E368.85411
G1 X157.347 Y144.139 E368.89395
G1 X158.035 Y145.124 E368.93391
G1 X158.596 Y146.198 E368.97421
G1 X159.011 Y147.326 E369.01419
G1 X159.279 Y148.501 E369.05428
G1 X159.394 Y149.694 E369.09414
G1 X159.355 Y150.907 E369.1345
G1 X159.165 Y152.083 E369.17412
G1 X158.819 Y153.25 E369.21461
G1 X158.331 Y154.35 E369.25463
G1 X157.709 Y155.378 E369.2946
G1 X156.961 Y156.315 E369.33447
G0 F9000 X157.256 Y156.587
;TYPE:WALL-OUTER
G1 F2035.1 X156.351 Y157.462 E369.37634
G1 X155.344 Y158.214 E369.41814
G1 X154.252 Y158.83 E369.45984
G1 X153.088 Y159.301 E369.50161
G1 X151.873 Y159.62 E369.54339
G1 X150.631 Y159.779 E369.58504
G1 X150 Y159.8 E369.60603
G1 X149.369 Y159.779 E369.62703
G1 X148.127 Y159.62 E369.66868
G1 X146.912 Y159.301 E369.71046
G1 X145.748 Y158.83 E369.75222
G1 X144.656 Y158.214 E369.79392
G1 X143.649 Y157.462 E369.83573
G1 X142.744 Y156.587 E369.8776
G1 X141.963 Y155.608 E369.91925
G1 X141.312 Y154.532 E369.96108
G1 X140.804 Y153.386 E370.00277
G1 X140.445 Y152.175 E370.04478
G1 X140.246 Y150.945 E370.08622
G1 X140.205 Y149.684 E370.12819
G1 X140.326 Y148.436 E370.16989
G1 X140.604 Y147.215 E370.21154
G1 X141.04 Y146.031 E370.2535
G1 X141.621 Y144.918 E370.29526
G1 X142.339 Y143.889 E370.337
G1 X143.18 Y142.963 E370.3786
G1 X144.137 Y142.148 E370.42041
G1 X145.194 Y141.46 E370.46236
G1 X146.32 Y140.918 E370.50392
G1 X147.518 Y140.52 E370.54591
G1 X148.741 Y140.282 E370.58735
G1 X150 Y140.201 E370.62931
G1 X151.259 Y140.282 E370.67127
G1 X152.482 Y140.52 E370.71271
G1 X153.68 Y140.918 E370.7547
G1 X154.806 Y141.46 E370.79626
G1 X155.863 Y142.148 E370.83821
G1 X156.82 Y142.963 E370.88002
G1 X157.661 Y143.889 E370.92162
G1 X158.379 Y144.918 E370.96335
G1 X158.96 Y146.031 E371.00511
G1 X159.396 Y147.215 E371.04708
G1 X159.674 Y148.436 E371.08873
G1 X159.795 Y149.684 E371.13043
G1 X159.754 Y150.945 E371.17239
G1 X159.555 Y152.175 E371.21384
G1 X159.196 Y153.386 E371.25585
G1 X158.688 Y154.532 E371.29754
G1 X158.037 Y155.608 E371.33937
G1 X157.256 Y156.587 E371.38102
G0 F9000 X156.931 Y156.292
G0 X156.444 Y155.843
G0 X158.241 Y152.741
G0 X158.45 Y152.804
;TYPE:FILL
G1 F3052.6 X158.326 Y152.73 E371.38582
G1 X157.768 Y152.213 E371.41113
G0 F9000 X157.975 Y152.287
G0 X158.188 Y150.948
G0 X158.213 Y150.234
G0 X158.172 Y148.586
G0 X157.953 Y148.61
G1 F3052.6 X158.326 Y148.517 E371.42391
G1 X158.751 Y148.346 E371.43915
G0 F9000 X158.537 Y148.394
G0 X157.241 Y146.061
G0 X156.557 Y145.001
G0 X155.715 Y144.059
G0 X154.744 Y143.259
G0 X153.865 Y142.736
G0 X152.48 Y142.079
G0 X152.43 Y142.292
G1 F3052.6 X152.908 Y141.603 E371.46704
G1 X152.918 Y141.594 E371.46749
G0 F9000 X152.849 Y141.801
G0 X150 Y141.755
G0 X149.645 Y141.783
G0 X147.822 Y142.008
G0 X147.871 Y142.222
G1 F3052.6 X147.49 Y141.672 E371.48974
G1 X147.382 Y141.494 E371.49666
G0 F9000 X147.45 Y141.702
G0 X145.256 Y143.259
G0 X144.471 Y143.907
G0 X143.339 Y145.05
G0 X143.524 Y145.17
G1 F3052.6 X143.276 Y145.108 E371.50517
G1 X142.674 Y145.097 E371.52519
G1 X142.483 Y145.223 E371.5328
G0 F9000 X142.663 Y145.349
G0 X141.907 Y148.431
G0 X141.765 Y149.686
G0 X141.802 Y150.707
G0 X142.164 Y152.675
G0 X142.372 Y152.602
G1 F3052.6 X142.072 Y153.097 E371.55206
G1 X141.737 Y153.318 E371.5654
G0 F9000 X141.938 Y153.23
G0 X142.709 Y154.717
G0 X142.521 Y154.83
G1 F3052.6 X142.674 Y154.729 E371.5715
G1 X143.276 Y154.74 E371.59153
G1 X143.526 Y154.802 E371.60009
G0 F9000 X143.351 Y154.934
G0 X144.754 Y156.357
G0 X146.391 Y157.451
G0 X146.489 Y157.255
G1 F3052.6 X146.888 Y157.913 E371.62569
G1 X147.49 Y158.31 E371.64967
G1 X148.092 Y158.299 E371.6697
G1 X148.694 Y158.149 E371.69033
G1 X149.05 Y158.006 E371.70309
G0 F9000 X148.996 Y158.322
;MESH:NONMESH
G0 F300 X148.996 Y158.322 Z6.4
G0 F9000 X150.652 Y158.213
G0 X151.879 Y158.025
G0 X153.083 Y157.645
G0 X154.211 Y157.086
G0 X155.048 Y156.496
G0 X156.182 Y155.541
G0 X155.975 Y155.324
;TIME_ELAPSED:491.760034
;LAYER:31
;TYPE:WALL-INNER
;MESH:dannypart.STL
G1 F2033.3 X156.718 Y154.35 E371.74384
G1 X157.303 Y153.273 E371.7846
G1 X157.717 Y152.12 E371.82535
G1 X157.951 Y150.918 E371.86608
G1 X157.997 Y149.694 E371.90682
G1 X157.857 Y148.477 E371.94756
G1 X157.533 Y147.294 E371.98836
G1 X157.03 Y146.176 E372.02913
G1 X156.365 Y145.148 E372.06985
G1 X155.549 Y144.233 E372.11063
G1 X154.604 Y143.454 E372.15137
G1 X153.551 Y142.827 E372.19213
G1 X152.415 Y142.37 E372.23285
G1 X151.222 Y142.092 E372.2736
G1 X150 Y141.997 E372.31436
G1 X148.778 Y142.092 E372.35513
G1 X147.585 Y142.37 E372.39587
G1 X146.449 Y142.827 E372.4366
G1 X145.396 Y143.454 E372.47736
G1 X144.451 Y144.233 E372.51809
G1 X143.635 Y145.148 E372.55887
G1 X142.97 Y146.176 E372.59959
G1 X142.467 Y147.294 E372.64037
G1 X142.143 Y148.477 E372.68116
G1 X142.003 Y149.694 E372.72191
G1 X142.049 Y150.918 E372.76264
G1 X142.283 Y152.12 E372.80337
G1 X142.697 Y153.273 E372.84412
G1 X143.282 Y154.35 E372.88488
G1 X144.025 Y155.324 E372.92563
G1 X144.908 Y156.173 E372.96637
G1 X145.91 Y156.879 E373.00714
G1 X147.008 Y157.423 E373.0479
G1 X148.177 Y157.793 E373.08868
G1 X149.369 Y157.976 E373.12879
G1 X150 Y158 E373.14979
G1 X150.631 Y157.976 E373.17079
G1 X151.823 Y157.793 E373.2109
G1 X152.992 Y157.423 E373.25169
G1 X154.09 Y156.879 E373.29244
G1 X155.092 Y156.173 E373.33321
G1 X155.975 Y155.324 E373.37395
G0 F9000 X155.676 Y155.057
G1 F2033.3 X156.381 Y154.132 E373.41263
G1 X156.937 Y153.109 E373.45136
G1 X157.33 Y152.014 E373.49006
G1 X157.552 Y150.872 E373.52875
G1 X157.596 Y149.709 E373.56746
G1 X157.463 Y148.553 E373.60616
G1 X157.155 Y147.43 E373.64489
G1 X156.678 Y146.368 E373.68361
G1 X156.046 Y145.391 E373.72231
G1 X155.271 Y144.522 E373.76104
G1 X154.373 Y143.782 E373.79974
G1 X153.373 Y143.187 E373.83845
G1 X152.294 Y142.753 E373.87713
G1 X151.161 Y142.488 E373.91583
G1 X150 Y142.398 E373.95456
G1 X148.839 Y142.488 E373.99329
G1 X147.706 Y142.753 E374.03199
G1 X146.627 Y143.187 E374.07067
G1 X145.627 Y143.782 E374.10938
G1 X144.729 Y144.522 E374.14808
G1 X143.954 Y145.391 E374.18681
G1 X143.322 Y146.368 E374.22551
G1 X142.845 Y147.43 E374.26423
G1 X142.537 Y148.553 E374.30296
G1 X142.404 Y149.709 E374.34166
G1 X142.448 Y150.872 E374.38037
G1 X142.67 Y152.014 E374.41906
G1 X143.063 Y153.109 E374.45776
G1 X143.619 Y154.132 E374.49648
G1 X144.324 Y155.057 E374.53517
G1 X145.163 Y155.864 E374.57389
G1 X146.115 Y156.534 E374.61261
G1 X147.158 Y157.051 E374.65132
G1 X148.268 Y157.402 E374.69004
G1 X149.407 Y157.577 E374.72837
G1 X150 Y157.6 E374.74811
G1 X150.593 Y157.577 E374.76785
G1 X151.732 Y157.402 E374.80618
G1 X152.842 Y157.051 E374.8449
G1 X153.885 Y156.534 E374.88361
G1 X154.837 Y155.864 E374.92233
G1 X155.676 Y155.057 E374.96105
G0 F9000 X155.376 Y154.79
;TYPE:WALL-OUTER
G1 F2033.3 X156.044 Y153.914 E374.99769
G1 X156.571 Y152.945 E375.03438
G1 X156.943 Y151.908 E375.07102
G1 X157.153 Y150.826 E375.10768
G1 X157.195 Y149.724 E375.14436
G1 X157.069 Y148.629 E375.18102
G1 X156.777 Y147.566 E375.21769
G1 X156.326 Y146.56 E375.25435
G1 X155.727 Y145.634 E375.29104
G1 X154.993 Y144.811 E375.32771
G1 X154.142 Y144.11 E375.36438
G1 X153.195 Y143.547 E375.40103
G1 X152.173 Y143.135 E375.43768
G1 X151.1 Y142.884 E375.47433
G1 X150 Y142.799 E375.51102
G1 X148.9 Y142.884 E375.54772
G1 X147.827 Y143.135 E375.58437
G1 X146.805 Y143.547 E375.62102
G1 X145.858 Y144.11 E375.65766
G1 X145.007 Y144.811 E375.69434
G1 X144.273 Y145.634 E375.73101
G1 X143.674 Y146.56 E375.76769
G1 X143.223 Y147.566 E375.80436
G1 X142.931 Y148.629 E375.84103
G1 X142.805 Y149.724 E375.87769
G1 X142.847 Y150.826 E375.91437
G1 X143.057 Y151.908 E375.95103
G1 X143.429 Y152.945 E375.98767
G1 X143.956 Y153.914 E376.02436
G1 X144.624 Y154.79 E376.061
G1 X145.418 Y155.555 E376.09767
G1 X146.32 Y156.189 E376.13434
G1 X147.308 Y156.679 E376.17102
G1 X148.359 Y157.011 E376.20768
G1 X149.445 Y157.178 E376.24422
G1 X150 Y157.2 E376.2627
G1 X150.555 Y157.178 E376.28117
G1 X151.641 Y157.011 E376.31772
G1 X152.692 Y156.679 E376.35437
G1 X153.68 Y156.189 E376.39106
G1 X154.582 Y155.555 E376.42773
G1 X155.376 Y154.79 E376.4644
G0 F9000 X155.704 Y155.082
G0 X156.163 Y155.56
G0 X156.444 Y155.843
G0 X156.663 Y156.047
;TYPE:WALL-INNER
G1 F2033.3 X155.821 Y156.86 E376.50333
G1 X154.914 Y157.538 E376.54099
G1 X153.908 Y158.106 E376.57941
G1 X152.836 Y158.539 E376.61787
G1 X151.721 Y158.832 E376.65621
G1 X150.565 Y158.981 E376.69498
G1 X150 Y159 E376.71378
G1 X149.435 Y158.981 E376.73258
G1 X148.279 Y158.832 E376.77135
G1 X147.164 Y158.539 E376.8097
G1 X146.092 Y158.106 E376.84815
G1 X145.086 Y157.538 E376.88657
G1 X144.179 Y156.86 E376.92424
G1 X143.337 Y156.047 E376.96317
G1 X142.616 Y155.143 E377.00163
G1 X142.026 Y154.168 E377.03953
G1 X141.555 Y153.107 E377.07814
G1 X141.227 Y151.998 E377.1166
G1 X141.044 Y150.869 E377.15464
G1 X141.007 Y149.704 E377.19341
G1 X141.116 Y148.567 E377.2314
G1 X141.374 Y147.437 E377.26995
G1 X141.768 Y146.365 E377.30794
G1 X142.309 Y145.33 E377.34678
G1 X142.967 Y144.389 E377.38497
G1 X143.74 Y143.536 E377.42326
G1 X144.617 Y142.789 E377.46158
G1 X145.59 Y142.156 E377.50019
G1 X146.608 Y141.666 E377.53776
G1 X147.722 Y141.296 E377.5768
G1 X148.851 Y141.076 E377.61506
G1 X150 Y141.003 E377.65335
G1 X151.149 Y141.076 E377.69165
G1 X152.278 Y141.296 E377.7299
G1 X153.392 Y141.666 E377.76895
G1 X154.41 Y142.156 E377.80652
G1 X155.383 Y142.789 E377.84513
G1 X156.26 Y143.536 E377.88345
G1 X157.033 Y144.389 E377.92173
G1 X157.691 Y145.33 E377.95992
G1 X158.232 Y146.365 E377.99877
G1 X158.626 Y147.437 E378.03675
G1 X158.884 Y148.567 E378.07531
G1 X158.993 Y149.704 E378.1133
G1 X158.956 Y150.869 E378.15206
G1 X158.773 Y151.998 E378.1901
G1 X158.445 Y153.107 E378.22857
G1 X157.974 Y154.168 E378.26718
G1 X157.384 Y155.143 E378.30508
G1 X156.663 Y156.047 E378.34354
G0 F9000 X156.961 Y156.315
G1 F2033.3 X156.086 Y157.161 E378.38402
G1 X155.129 Y157.876 E378.42376
G1 X154.08 Y158.468 E378.46382
G1 X152.962 Y158.92 E378.50393
G1 X151.797 Y159.226 E378.54399
G1 X150.598 Y159.38 E378.5842
G1 X150 Y159.4 E378.6041
G1 X149.402 Y159.38 E378.624
G1 X148.203 Y159.226 E378.6642
G1 X147.038 Y158.92 E378.70427
G1 X145.92 Y158.468 E378.74438
G1 X144.871 Y157.876 E378.78444
G1 X143.914 Y157.161 E378.82417
G1 X143.039 Y156.315 E378.86465
G1 X142.291 Y155.378 E378.90453
G1 X141.669 Y154.35 E378.94449
G1 X141.181 Y153.25 E378.98452
G1 X140.835 Y152.083 E379.025
G1 X140.645 Y150.907 E379.06462
G1 X140.606 Y149.694 E379.10499
G1 X140.721 Y148.501 E379.14485
G1 X140.989 Y147.326 E379.18494
G1 X141.404 Y146.198 E379.22491
G1 X141.965 Y145.124 E379.26521
G1 X142.653 Y144.139 E379.30517
G1 X143.458 Y143.252 E379.34501
G1 X144.379 Y142.467 E379.38526
G1 X145.392 Y141.808 E379.42546
G1 X146.464 Y141.292 E379.46503
G1 X147.62 Y140.908 E379.50554
G1 X148.796 Y140.679 E379.54539
G1 X150 Y140.602 E379.58552
G1 X151.204 Y140.679 E379.62565
G1 X152.38 Y140.908 E379.66549
G1 X153.536 Y141.292 E379.70601
G1 X154.608 Y141.808 E379.74558
G1 X155.621 Y142.467 E379.78577
G1 X156.542 Y143.252 E379.82602
G1 X157.347 Y144.139 E379.86586
G1 X158.035 Y145.124 E379.90582
G1 X158.596 Y146.198 E379.94613
G1 X159.011 Y147.326 E379.9861
G1 X159.279 Y148.501 E380.02619
G1 X159.394 Y149.694 E380.06605
G1 X159.355 Y150.907 E380.10641
G1 X159.165 Y152.083 E380.14604
G1 X158.819 Y153.25 E380.18652
G1 X158.331 Y154.35 E380.22655
G1 X157.709 Y155.378 E380.26651
G1 X156.961 Y156.315 E380.30639
G0 F9000 X157.256 Y156.587
;TYPE:WALL-OUTER
G1 F2033.3 X156.351 Y157.462 E380.34825
G1 X155.344 Y158.214 E380.39006
G1 X154.252 Y158.83 E380.43176
G1 X153.088 Y159.301 E380.47352
G1 X151.873 Y159.62 E380.5153
G1 X150.631 Y159.779 E380.55695
G1 X150 Y159.8 E380.57795
G1 X149.369 Y159.779 E380.59894
G1 X148.127 Y159.62 E380.64059
G1 X146.912 Y159.301 E380.68237
G1 X145.748 Y158.83 E380.72414
G1 X144.656 Y158.214 E380.76584
G1 X143.649 Y157.462 E380.80764
G1 X142.744 Y156.587 E380.84951
G1 X141.963 Y155.608 E380.89116
G1 X141.312 Y154.532 E380.93299
G1 X140.804 Y153.386 E380.97468
G1 X140.445 Y152.175 E381.01669
G1 X140.246 Y150.945 E381.05813
G1 X140.205 Y149.684 E381.1001
G1 X140.326 Y148.436 E381.1418
G1 X140.604 Y147.215 E381.18345
G1 X141.04 Y146.031 E381.22542
G1 X141.621 Y144.918 E381.26717
G1 X142.339 Y143.889 E381.30891
G1 X143.18 Y142.963 E381.35051
G1 X144.137 Y142.148 E381.39232
G1 X145.194 Y141.46 E381.43427
G1 X146.32 Y140.918 E381.47583
G1 X147.518 Y140.52 E381.51782
G1 X148.741 Y140.282 E381.55926
G1 X150 Y140.201 E381.60122
G1 X151.259 Y140.282 E381.64318
G1 X152.482 Y140.52 E381.68462
G1 X153.68 Y140.918 E381.72661
G1 X154.806 Y141.46 E381.76817
G1 X155.863 Y142.148 E381.81012
G1 X156.82 Y142.963 E381.85193
G1 X157.661 Y143.889 E381.89353
G1 X158.379 Y144.918 E381.93527
G1 X158.96 Y146.031 E381.97702
G1 X159.396 Y147.215 E382.01899
G1 X159.674 Y148.436 E382.06064
G1 X159.795 Y149.684 E382.10234
G1 X159.754 Y150.945 E382.14431
G1 X159.555 Y152.175 E382.18575
G1 X159.196 Y153.386 E382.22776
G1 X158.688 Y154.532 E382.26945
G1 X158.037 Y155.608 E382.31128
G1 X157.256 Y156.587 E382.35293
G0 F9000 X156.931 Y156.292
G0 X156.444 Y155.843
G0 X158.245 Y152.725
G0 X158.455 Y152.788
;TYPE:FILL
G1 F3050 X158.326 Y152.724 E382.35772
G1 X157.748 Y152.27 E382.38217
G0 F9000 X157.954 Y152.344
G0 X158.188 Y150.948
G0 X158.225 Y149.927
G0 X158.139 Y148.371
G0 X157.926 Y148.429
G1 F3050 X158.326 Y148.386 E382.39555
G1 X158.733 Y148.266 E382.40966
G0 F9000 X158.518 Y148.314
G0 X157.241 Y146.061
G0 X156.557 Y145.001
G0 X155.715 Y144.059
G0 X154.744 Y143.259
G0 X153.865 Y142.736
G0 X152.34 Y142.046
G0 X152.29 Y142.259
G1 F3050 X152.306 Y142.237 E382.41057
G1 X152.864 Y141.576 E382.43934
G0 F9000 X152.795 Y141.783
G0 X150 Y141.755
G0 X149.289 Y141.811
G0 X147.726 Y142.03
G0 X147.775 Y142.244
G1 F3050 X147.49 Y141.906 E382.45404
G1 X147.224 Y141.547 E382.4689
G0 F9000 X147.292 Y141.755
G0 X145.256 Y143.259
G0 X144.471 Y143.907
G0 X143.23 Y145.219
G0 X143.415 Y145.339
G1 F3050 X143.276 Y145.324 E382.47355
G1 X142.674 Y145.437 E382.49393
G1 X142.114 Y145.876 E382.51759
G0 F9000 X142.308 Y145.978
G0 X141.907 Y148.431
G0 X141.765 Y149.686
G0 X141.802 Y150.707
G0 X142.085 Y152.456
G0 X142.293 Y152.383
G1 F3050 X142.072 Y152.682 E382.52996
G1 X141.619 Y153.037 E382.5491
G0 F9000 X141.83 Y152.975
G0 X142.857 Y154.96
G0 X142.668 Y155.073
G1 F3050 X142.674 Y155.069 E382.54934
G1 X143.276 Y154.956 E382.56971
G1 X143.676 Y154.999 E382.58309
G0 F9000 X143.501 Y155.131
G0 X144.754 Y156.357
G0 X145.339 Y156.77
G0 X146.736 Y157.622
G0 X146.834 Y157.425
G1 F3050 X146.888 Y157.498 E382.58611
G1 X147.49 Y157.97 E382.61156
G1 X148.092 Y158.083 E382.63193
G1 X148.694 Y158.018 E382.65207
G1 X148.842 Y157.974 E382.6572
G0 F9000 X148.788 Y158.295
;MESH:NONMESH
G0 F300 X148.788 Y158.295 Z6.6
G0 F9000 X150.652 Y158.213
G0 X151.879 Y158.025
G0 X153.083 Y157.645
G0 X154.211 Y157.086
G0 X155.048 Y156.496
G0 X156.182 Y155.541
G0 X155.975 Y155.324
;TIME_ELAPSED:504.518898
;LAYER:32
;TYPE:WALL-INNER
;MESH:dannypart.STL
G1 F2036.6 X156.718 Y154.35 E382.69795
G1 X157.303 Y153.273 E382.73871
G1 X157.717 Y152.12 E382.77946
G1 X157.951 Y150.918 E382.82019
G1 X157.997 Y149.694 E382.86093
G1 X157.857 Y148.477 E382.90167
G1 X157.533 Y147.294 E382.94247
G1 X157.03 Y146.176 E382.98324
G1 X156.365 Y145.148 E383.02396
G1 X155.549 Y144.233 E383.06474
G1 X154.604 Y143.454 E383.10548
G1 X153.551 Y142.827 E383.14624
G1 X152.415 Y142.37 E383.18696
G1 X151.222 Y142.092 E383.22771
G1 X150 Y141.997 E383.26847
G1 X148.778 Y142.092 E383.30924
G1 X147.585 Y142.37 E383.34998
G1 X146.449 Y142.827 E383.39071
G1 X145.396 Y143.454 E383.43147
G1 X144.451 Y144.233 E383.4722
G1 X143.635 Y145.148 E383.51298
G1 X142.97 Y146.176 E383.5537
G1 X142.467 Y147.294 E383.59448
G1 X142.143 Y148.477 E383.63527
G1 X142.003 Y149.694 E383.67602
G1 X142.049 Y150.918 E383.71676
G1 X142.283 Y152.12 E383.75748
G1 X142.697 Y153.273 E383.79823
G1 X143.282 Y154.35 E383.83899
G1 X144.025 Y155.324 E383.87974
G1 X144.908 Y156.173 E383.92048
G1 X145.91 Y156.879 E383.96125
G1 X147.008 Y157.423 E384.00201
G1 X148.177 Y157.793 E384.04279
G1 X149.369 Y157.976 E384.0829
G1 X150 Y158 E384.1039
G1 X150.631 Y157.976 E384.1249
G1 X151.823 Y157.793 E384.16501
G1 X152.992 Y157.423 E384.2058
G1 X154.09 Y156.879 E384.24655
G1 X155.092 Y156.173 E384.28732
G1 X155.975 Y155.324 E384.32806
G0 F9000 X155.676 Y155.057
G1 F2036.6 X156.381 Y154.132 E384.36675
G1 X156.937 Y153.109 E384.40547
G1 X157.33 Y152.014 E384.44417
G1 X157.552 Y150.872 E384.48286
G1 X157.596 Y149.709 E384.52157
G1 X157.463 Y148.553 E384.56027
G1 X157.155 Y147.43 E384.599
G1 X156.678 Y146.368 E384.63772
G1 X156.046 Y145.391 E384.67642
G1 X155.271 Y144.522 E384.71515
G1 X154.373 Y143.782 E384.75385
G1 X153.373 Y143.187 E384.79256
G1 X152.294 Y142.753 E384.83124
G1 X151.161 Y142.488 E384.86994
G1 X150 Y142.398 E384.90867
G1 X148.839 Y142.488 E384.9474
G1 X147.706 Y142.753 E384.9861
G1 X146.627 Y143.187 E385.02478
G1 X145.627 Y143.782 E385.06349
G1 X144.729 Y144.522 E385.10219
G1 X143.954 Y145.391 E385.14092
G1 X143.322 Y146.368 E385.17962
G1 X142.845 Y147.43 E385.21834
G1 X142.537 Y148.553 E385.25707
G1 X142.404 Y149.709 E385.29577
G1 X142.448 Y150.872 E385.33448
G1 X142.67 Y152.014 E385.37317
G1 X143.063 Y153.109 E385.41187
G1 X143.619 Y154.132 E385.45059
G1 X144.324 Y155.057 E385.48928
G1 X145.163 Y155.864 E385.528
G1 X146.115 Y156.534 E385.56672
G1 X147.158 Y157.051 E385.60543
G1 X148.268 Y157.402 E385.64415
G1 X149.407 Y157.577 E385.68248
G1 X150 Y157.6 E385.70222
G1 X150.593 Y157.577 E385.72196
G1 X151.732 Y157.402 E385.76029
G1 X152.842 Y157.051 E385.79901
G1 X153.885 Y156.534 E385.83772
G1 X154.837 Y155.864 E385.87644
G1 X155.676 Y155.057 E385.91516
G0 F9000 X155.376 Y154.79
;TYPE:WALL-OUTER
G1 F2036.6 X156.044 Y153.914 E385.9518
G1 X156.571 Y152.945 E385.98849
G1 X156.943 Y151.908 E386.02513
G1 X157.153 Y150.826 E386.06179
G1 X157.195 Y149.724 E386.09847
G1 X157.069 Y148.629 E386.13513
G1 X156.777 Y147.566 E386.1718
G1 X156.326 Y146.56 E386.20847
G1 X155.727 Y145.634 E386.24515
G1 X154.993 Y144.811 E386.28182
G1 X154.142 Y144.11 E386.31849
G1 X153.195 Y143.547 E386.35514
G1 X152.173 Y143.135 E386.39179
G1 X151.1 Y142.884 E386.42844
G1 X150 Y142.799 E386.46513
G1 X148.9 Y142.884 E386.50183
G1 X147.827 Y143.135 E386.53848
G1 X146.805 Y143.547 E386.57513
G1 X145.858 Y144.11 E386.61177
G1 X145.007 Y144.811 E386.64845
G1 X144.273 Y145.634 E386.68512
G1 X143.674 Y146.56 E386.7218
G1 X143.223 Y147.566 E386.75847
G1 X142.931 Y148.629 E386.79514
G1 X142.805 Y149.724 E386.8318
G1 X142.847 Y150.826 E386.86848
G1 X143.057 Y151.908 E386.90514
G1 X143.429 Y152.945 E386.94178
G1 X143.956 Y153.914 E386.97847
G1 X144.624 Y154.79 E387.01511
G1 X145.418 Y155.555 E387.05178
G1 X146.32 Y156.189 E387.08845
G1 X147.308 Y156.679 E387.12513
G1 X148.359 Y157.011 E387.16179
G1 X149.445 Y157.178 E387.19833
G1 X150 Y157.2 E387.21681
G1 X150.555 Y157.178 E387.23528
G1 X151.641 Y157.011 E387.27183
G1 X152.692 Y156.679 E387.30849
G1 X153.68 Y156.189 E387.34517
G1 X154.582 Y155.555 E387.38184
G1 X155.376 Y154.79 E387.41851
G0 F9000 X155.704 Y155.082
G0 X156.163 Y155.56
G0 X156.444 Y155.843
G0 X156.663 Y156.047
;TYPE:WALL-INNER
G1 F2036.6 X155.821 Y156.86 E387.45744
G1 X154.914 Y157.538 E387.4951
G1 X153.908 Y158.106 E387.53352
G1 X152.836 Y158.539 E387.57198
G1 X151.721 Y158.832 E387.61032
G1 X150.565 Y158.981 E387.64909
G1 X150 Y159 E387.66789
G1 X149.435 Y158.981 E387.68669
G1 X148.279 Y158.832 E387.72546
G1 X147.164 Y158.539 E387.76381
G1 X146.092 Y158.106 E387.80226
G1 X145.086 Y157.538 E387.84068
G1 X144.179 Y156.86 E387.87835
G1 X143.337 Y156.047 E387.91728
G1 X142.616 Y155.143 E387.95574
G1 X142.026 Y154.168 E387.99364
G1 X141.555 Y153.107 E388.03225
G1 X141.227 Y151.998 E388.07071
G1 X141.044 Y150.869 E388.10875
G1 X141.007 Y149.704 E388.14752
G1 X141.116 Y148.567 E388.18551
G1 X141.374 Y147.437 E388.22406
G1 X141.768 Y146.365 E388.26205
G1 X142.309 Y145.33 E388.30089
G1 X142.967 Y144.389 E388.33908
G1 X143.74 Y143.536 E388.37737
G1 X144.617 Y142.789 E388.41569
G1 X145.59 Y142.156 E388.4543
G1 X146.608 Y141.666 E388.49187
G1 X147.722 Y141.296 E388.53091
G1 X148.851 Y141.076 E388.56917
G1 X150 Y141.003 E388.60746
G1 X151.149 Y141.076 E388.64576
G1 X152.278 Y141.296 E388.68401
G1 X153.392 Y141.666 E388.72306
G1 X154.41 Y142.156 E388.76063
G1 X155.383 Y142.789 E388.79924
G1 X156.26 Y143.536 E388.83756
G1 X157.033 Y144.389 E388.87584
G1 X157.691 Y145.33 E388.91403
G1 X158.232 Y146.365 E388.95288
G1 X158.626 Y147.437 E388.99087
G1 X158.884 Y148.567 E389.02942
G1 X158.993 Y149.704 E389.06741
G1 X158.956 Y150.869 E389.10617
G1 X158.773 Y151.998 E389.14421
G1 X158.445 Y153.107 E389.18268
G1 X157.974 Y154.168 E389.22129
G1 X157.384 Y155.143 E389.25919
G1 X156.663 Y156.047 E389.29765
G0 F9000 X156.961 Y156.315
G1 F2036.6 X156.086 Y157.161 E389.33813
G1 X155.129 Y157.876 E389.37787
G1 X154.08 Y158.468 E389.41793
G1 X152.962 Y158.92 E389.45804
G1 X151.797 Y159.226 E389.4981
G1 X150.598 Y159.38 E389.53831
G1 X150 Y159.4 E389.55821
G1 X149.402 Y159.38 E389.57811
G1 X148.203 Y159.226 E389.61831
G1 X147.038 Y158.92 E389.65838
G1 X145.92 Y158.468 E389.69849
G1 X144.871 Y157.876 E389.73855
G1 X143.914 Y157.161 E389.77828
G1 X143.039 Y156.315 E389.81876
G1 X142.291 Y155.378 E389.85864
G1 X141.669 Y154.35 E389.8986
G1 X141.181 Y153.25 E389.93863
G1 X140.835 Y152.083 E389.97911
G1 X140.645 Y150.907 E390.01873
G1 X140.606 Y149.694 E390.0591
G1 X140.721 Y148.501 E390.09896
G1 X140.989 Y147.326 E390.13905
G1 X141.404 Y146.198 E390.17902
G1 X141.965 Y145.124 E390.21932
G1 X142.653 Y144.139 E390.25928
G1 X143.458 Y143.252 E390.29912
G1 X144.379 Y142.467 E390.33937
G1 X145.392 Y141.808 E390.37957
G1 X146.464 Y141.292 E390.41914
G1 X147.62 Y140.908 E390.45965
G1 X148.796 Y140.679 E390.4995
G1 X150 Y140.602 E390.53963
G1 X151.204 Y140.679 E390.57976
G1 X152.38 Y140.908 E390.6196
G1 X153.536 Y141.292 E390.66012
G1 X154.608 Y141.808 E390.69969
G1 X155.621 Y142.467 E390.73988
G1 X156.542 Y143.252 E390.78013
G1 X157.347 Y144.139 E390.81997
G1 X158.035 Y145.124 E390.85993
G1 X158.596 Y146.198 E390.90024
G1 X159.011 Y147.326 E390.94021
G1 X159.279 Y148.501 E390.9803
G1 X159.394 Y149.694 E391.02016
G1 X159.355 Y150.907 E391.06052
G1 X159.165 Y152.083 E391.10015
G1 X158.819 Y153.25 E391.14063
G1 X158.331 Y154.35 E391.18066
G1 X157.709 Y155.378 E391.22062
G1 X156.961 Y156.315 E391.2605
G0 F9000 X157.256 Y156.587
;TYPE:WALL-OUTER
G1 F2036.6 X156.351 Y157.462 E391.30236
G1 X155.344 Y158.214 E391.34417
G1 X154.252 Y158.83 E391.38587
G1 X153.088 Y159.301 E391.42763
G1 X151.873 Y159.62 E391.46941
G1 X150.631 Y159.779 E391.51106
G1 X150 Y159.8 E391.53206
G1 X149.369 Y159.779 E391.55305
G1 X148.127 Y159.62 E391.5947
G1 X146.912 Y159.301 E391.63648
G1 X145.748 Y158.83 E391.67825
G1 X144.656 Y158.214 E391.71995
G1 X143.649 Y157.462 E391.76175
G1 X142.744 Y156.587 E391.80362
G1 X141.963 Y155.608 E391.84527
G1 X141.312 Y154.532 E391.8871
G1 X140.804 Y153.386 E391.92879
G1 X140.445 Y152.175 E391.9708
G1 X140.246 Y150.945 E392.01224
G1 X140.205 Y149.684 E392.05421
G1 X140.326 Y148.436 E392.09591
G1 X140.604 Y147.215 E392.13756
G1 X141.04 Y146.031 E392.17953
G1 X141.621 Y144.918 E392.22128
G1 X142.339 Y143.889 E392.26302
G1 X143.18 Y142.963 E392.30462
G1 X144.137 Y142.148 E392.34643
G1 X145.194 Y141.46 E392.38838
G1 X146.32 Y140.918 E392.42994
G1 X147.518 Y140.52 E392.47193
G1 X148.741 Y140.282 E392.51337
G1 X150 Y140.201 E392.55533
G1 X151.259 Y140.282 E392.59729
G1 X152.482 Y140.52 E392.63873
G1 X153.68 Y140.918 E392.68072
G1 X154.806 Y141.46 E392.72228
G1 X155.863 Y142.148 E392.76423
G1 X156.82 Y142.963 E392.80604
G1 X157.661 Y143.889 E392.84764
G1 X158.379 Y144.918 E392.88938
G1 X158.96 Y146.031 E392.93113
G1 X159.396 Y147.215 E392.9731
G1 X159.674 Y148.436 E393.01475
G1 X159.795 Y149.684 E393.05645
G1 X159.754 Y150.945 E393.09842
G1 X159.555 Y152.175 E393.13986
G1 X159.196 Y153.386 E393.18187
G1 X158.688 Y154.532 E393.22356
G1 X158.037 Y155.608 E393.26539
G1 X157.256 Y156.587 E393.30704
G0 F9000 X156.931 Y156.292
G0 X155.994 Y156.581
;TYPE:FILL
G1 F3055 X155.918 Y156.491 E393.31096
G1 X155.408 Y155.98 E393.33497
G0 F9000 X155.56 Y156.139
G0 X156.156 Y155.482
G0 X156.916 Y154.484
G0 X157.26 Y153.851
G0 X157.931 Y152.409
G0 X157.724 Y152.335
G1 F3055 X158.326 Y152.733 E393.35898
G1 X158.456 Y152.785 E393.36363
G0 F9000 X158.246 Y152.722
G0 X158.238 Y150.264
G0 X158.095 Y148.212
G0 X157.883 Y148.269
G1 F3055 X158.326 Y148.275 E393.37837
G1 X158.717 Y148.198 E393.39162
G0 F9000 X158.503 Y148.246
G0 X157.241 Y146.061
G0 X156.557 Y145.001
G0 X155.715 Y144.059
G0 X154.744 Y143.259
G0 X153.865 Y142.736
G0 X152.201 Y142.014
G0 X152.151 Y142.227
G1 F3055 X152.306 Y142.043 E393.39963
G1 X152.795 Y141.553 E393.42265
G0 F9000 X152.726 Y141.76
G0 X150 Y141.755
G0 X149.289 Y141.811
G0 X147.611 Y142.057
G0 X147.66 Y142.271
G1 F3055 X147.49 Y142.1 E393.43067
G1 X147.067 Y141.599 E393.45248
G0 F9000 X147.135 Y141.807
G0 X144.285 Y144.059
G0 X143.121 Y145.388
G0 X143.306 Y145.508
G1 F3055 X143.276 Y145.508 E393.45348
G1 X142.674 Y145.705 E393.47454
G1 X142.072 Y146.204 E393.50055
G1 X141.79 Y146.538 E393.51509
G0 F9000 X141.995 Y146.614
G0 X141.765 Y149.686
G0 X141.802 Y150.707
G0 X142.02 Y152.275
G0 X142.228 Y152.202
G1 F3055 X142.072 Y152.387 E393.52314
G1 X141.554 Y152.817 E393.54553
G0 F9000 X141.764 Y152.755
G0 X143.004 Y155.149
G0 X142.832 Y155.285
G1 F3055 X143.276 Y155.14 E393.56106
G1 X143.778 Y155.133 E393.57776
G0 F9000 X143.603 Y155.265
G0 X144.754 Y156.357
G0 X145.591 Y156.947
G0 X147.34 Y157.842
G0 X147.407 Y157.633
G1 F3055 X147.49 Y157.702 E393.58135
G1 X148.092 Y157.899 E393.60242
G1 X148.373 Y157.903 E393.61177
G0 F9000 X148.344 Y158.231
;MESH:NONMESH
G0 F300 X148.344 Y158.231 Z6.8
G0 F9000 X150.652 Y158.213
G0 X151.879 Y158.025
G0 X153.083 Y157.645
G0 X154.211 Y157.086
G0 X155.048 Y156.496
G0 X156.182 Y155.541
G0 X155.975 Y155.324
;TIME_ELAPSED:517.388310
;LAYER:33
;TYPE:WALL-INNER
;MESH:dannypart.STL
G1 F2025.6 X156.718 Y154.35 E393.65251
G1 X157.303 Y153.273 E393.69328
G1 X157.717 Y152.12 E393.73402
G1 X157.951 Y150.918 E393.77475
G1 X157.997 Y149.694 E393.81549
G1 X157.857 Y148.477 E393.85624
G1 X157.533 Y147.294 E393.89703
G1 X157.03 Y146.176 E393.93781
G1 X156.365 Y145.148 E393.97853
G1 X155.549 Y144.233 E394.0193
G1 X154.604 Y143.454 E394.06004
G1 X153.551 Y142.827 E394.1008
G1 X152.415 Y142.37 E394.14153
G1 X151.222 Y142.092 E394.18227
G1 X150 Y141.997 E394.22303
G1 X148.778 Y142.092 E394.2638
G1 X147.585 Y142.37 E394.30454
G1 X146.449 Y142.827 E394.34527
G1 X145.396 Y143.454 E394.38603
G1 X144.451 Y144.233 E394.42676
G1 X143.635 Y145.148 E394.46754
G1 X142.97 Y146.176 E394.50826
G1 X142.467 Y147.294 E394.54904
G1 X142.143 Y148.477 E394.58983
G1 X142.003 Y149.694 E394.63058
G1 X142.049 Y150.918 E394.67132
G1 X142.283 Y152.12 E394.71205
G1 X142.697 Y153.273 E394.75279
G1 X143.282 Y154.35 E394.79356
G1 X144.025 Y155.324 E394.8343
G1 X144.908 Y156.173 E394.87504
G1 X145.91 Y156.879 E394.91581
G1 X147.008 Y157.423 E394.95657
G1 X148.177 Y157.793 E394.99735
G1 X149.369 Y157.976 E395.03746
G1 X150 Y158 E395.05846
G1 X150.631 Y157.976 E395.07947
G1 X151.823 Y157.793 E395.11958
G1 X152.992 Y157.423 E395.16036
G1 X154.09 Y156.879 E395.20111
G1 X155.092 Y156.173 E395.24188
G1 X155.975 Y155.324 E395.28263
G0 F9000 X155.676 Y155.057
G1 F2025.6 X156.381 Y154.132 E395.32131
G1 X156.937 Y153.109 E395.36003
G1 X157.33 Y152.014 E395.39873
G1 X157.552 Y150.872 E395.43742
G1 X157.596 Y149.709 E395.47613
G1 X157.463 Y148.553 E395.51483
G1 X157.155 Y147.43 E395.55356
G1 X156.678 Y146.368 E395.59229
G1 X156.046 Y145.391 E395.63099
G1 X155.271 Y144.522 E395.66971
G1 X154.373 Y143.782 E395.70842
G1 X153.373 Y143.187 E395.74712
G1 X152.294 Y142.753 E395.7858
G1 X151.161 Y142.488 E395.8245
G1 X150 Y142.398 E395.86323
G1 X148.839 Y142.488 E395.90196
G1 X147.706 Y142.753 E395.94066
G1 X146.627 Y143.187 E395.97935
G1 X145.627 Y143.782 E396.01805
G1 X144.729 Y144.522 E396.05675
G1 X143.954 Y145.391 E396.09548
G1 X143.322 Y146.368 E396.13418
G1 X142.845 Y147.43 E396.1729
G1 X142.537 Y148.553 E396.21163
G1 X142.404 Y149.709 E396.25033
G1 X142.448 Y150.872 E396.28904
G1 X142.67 Y152.014 E396.32774
G1 X143.063 Y153.109 E396.36643
G1 X143.619 Y154.132 E396.40516
G1 X144.324 Y155.057 E396.44384
G1 X145.163 Y155.864 E396.48256
G1 X146.115 Y156.534 E396.52128
G1 X147.158 Y157.051 E396.56
G1 X148.268 Y157.402 E396.59872
G1 X149.407 Y157.577 E396.63704
G1 X150 Y157.6 E396.65678
G1 X150.593 Y157.577 E396.67652
G1 X151.732 Y157.402 E396.71485
G1 X152.842 Y157.051 E396.75357
G1 X153.885 Y156.534 E396.79229
G1 X154.837 Y155.864 E396.83101
G1 X155.676 Y155.057 E396.86973
G0 F9000 X155.376 Y154.79
;TYPE:WALL-OUTER
G1 F2025.6 X156.044 Y153.914 E396.90637
G1 X156.571 Y152.945 E396.94305
G1 X156.943 Y151.908 E396.9797
G1 X157.153 Y150.826 E397.01635
G1 X157.195 Y149.724 E397.05303
G1 X157.069 Y148.629 E397.08969
G1 X156.777 Y147.566 E397.12636
G1 X156.326 Y146.56 E397.16303
G1 X155.727 Y145.634 E397.19971
G1 X154.993 Y144.811 E397.23639
G1 X154.142 Y144.11 E397.27306
G1 X153.195 Y143.547 E397.3097
G1 X152.173 Y143.135 E397.34635
G1 X151.1 Y142.884 E397.383
G1 X150 Y142.799 E397.4197
G1 X148.9 Y142.884 E397.45639
G1 X147.827 Y143.135 E397.49304
G1 X146.805 Y143.547 E397.52969
G1 X145.858 Y144.11 E397.56634
G1 X145.007 Y144.811 E397.60301
G1 X144.273 Y145.634 E397.63969
G1 X143.674 Y146.56 E397.67637
G1 X143.223 Y147.566 E397.71304
G1 X142.931 Y148.629 E397.7497
G1 X142.805 Y149.724 E397.78636
G1 X142.847 Y150.826 E397.82304
G1 X143.057 Y151.908 E397.8597
G1 X143.429 Y152.945 E397.89634
G1 X143.956 Y153.914 E397.93303
G1 X144.624 Y154.79 E397.96967
G1 X145.418 Y155.555 E398.00634
G1 X146.32 Y156.189 E398.04301
G1 X147.308 Y156.679 E398.07969
G1 X148.359 Y157.011 E398.11635
G1 X149.445 Y157.178 E398.1529
G1 X150 Y157.2 E398.17137
G1 X150.555 Y157.178 E398.18984
G1 X151.641 Y157.011 E398.22639
G1 X152.692 Y156.679 E398.26305
G1 X153.68 Y156.189 E398.29973
G1 X154.582 Y155.555 E398.3364
G1 X155.376 Y154.79 E398.37307
G0 F9000 X155.704 Y155.082
G0 X156.163 Y155.56
G0 X156.444 Y155.843
G0 X156.663 Y156.047
;TYPE:WALL-INNER
G1 F2025.6 X155.821 Y156.86 E398.412
G1 X154.914 Y157.538 E398.44966
G1 X153.908 Y158.106 E398.48809
G1 X152.836 Y158.539 E398.52654
G1 X151.721 Y158.832 E398.56489
G1 X150.565 Y158.981 E398.60365
G1 X150 Y159 E398.62245
G1 X149.435 Y158.981 E398.64126
G1 X148.279 Y158.832 E398.68002
G1 X147.164 Y158.539 E398.71837
G1 X146.092 Y158.106 E398.75682
G1 X145.086 Y157.538 E398.79525
G1 X144.179 Y156.86 E398.83291
G1 X143.337 Y156.047 E398.87184
G1 X142.616 Y155.143 E398.9103
G1 X142.026 Y154.168 E398.9482
G1 X141.555 Y153.107 E398.98681
G1 X141.227 Y151.998 E399.02528
G1 X141.044 Y150.869 E399.06332
G1 X141.007 Y149.704 E399.10208
G1 X141.116 Y148.567 E399.14008
G1 X141.374 Y147.437 E399.17863
G1 X141.768 Y146.365 E399.21661
G1 X142.309 Y145.33 E399.25546
G1 X142.967 Y144.389 E399.29365
G1 X143.74 Y143.536 E399.33193
G1 X144.617 Y142.789 E399.37025
G1 X145.59 Y142.156 E399.40886
G1 X146.608 Y141.666 E399.44644
G1 X147.722 Y141.296 E399.48548
G1 X148.851 Y141.076 E399.52373
G1 X150 Y141.003 E399.56203
G1 X151.149 Y141.076 E399.60032
G1 X152.278 Y141.296 E399.63858
G1 X153.392 Y141.666 E399.67762
G1 X154.41 Y142.156 E399.7152
G1 X155.383 Y142.789 E399.7538
G1 X156.26 Y143.536 E399.79212
G1 X157.033 Y144.389 E399.83041
G1 X157.691 Y145.33 E399.8686
G1 X158.232 Y146.365 E399.90744
G1 X158.626 Y147.437 E399.94543
G1 X158.884 Y148.567 E399.98398
G1 X158.993 Y149.704 E400.02197
G1 X158.956 Y150.869 E400.06074
G1 X158.773 Y151.998 E400.09878
G1 X158.445 Y153.107 E400.13724
G1 X157.974 Y154.168 E400.17585
G1 X157.384 Y155.143 E400.21376
G1 X156.663 Y156.047 E400.25222
G0 F9000 X156.961 Y156.315
G1 F2025.6 X156.086 Y157.161 E400.2927
G1 X155.129 Y157.876 E400.33243
G1 X154.08 Y158.468 E400.37249
G1 X152.962 Y158.92 E400.4126
G1 X151.797 Y159.226 E400.45266
G1 X150.598 Y159.38 E400.49287
G1 X150 Y159.4 E400.51277
G1 X149.402 Y159.38 E400.53267
G1 X148.203 Y159.226 E400.57288
G1 X147.038 Y158.92 E400.61294
G1 X145.92 Y158.468 E400.65305
G1 X144.871 Y157.876 E400.69311
G1 X143.914 Y157.161 E400.73284
G1 X143.039 Y156.315 E400.77332
G1 X142.291 Y155.378 E400.8132
G1 X141.669 Y154.35 E400.85316
G1 X141.181 Y153.25 E400.89319
G1 X140.835 Y152.083 E400.93367
G1 X140.645 Y150.907 E400.97329
G1 X140.606 Y149.694 E401.01366
G1 X140.721 Y148.501 E401.05352
G1 X140.989 Y147.326 E401.09361
G1 X141.404 Y146.198 E401.13358
G1 X141.965 Y145.124 E401.17388
G1 X142.653 Y144.139 E401.21385
G1 X143.458 Y143.252 E401.25369
G1 X144.379 Y142.467 E401.29394
G1 X145.392 Y141.808 E401.33413
G1 X146.464 Y141.292 E401.3737
G1 X147.62 Y140.908 E401.41422
G1 X148.796 Y140.679 E401.45406
G1 X150 Y140.602 E401.49419
G1 X151.204 Y140.679 E401.53432
G1 X152.38 Y140.908 E401.57417
G1 X153.536 Y141.292 E401.61468
G1 X154.608 Y141.808 E401.65425
G1 X155.621 Y142.467 E401.69445
G1 X156.542 Y143.252 E401.7347
G1 X157.347 Y144.139 E401.77454
G1 X158.035 Y145.124 E401.8145
G1 X158.596 Y146.198 E401.8548
G1 X159.011 Y147.326 E401.89477
G1 X159.279 Y148.501 E401.93486
G1 X159.394 Y149.694 E401.97472
G1 X159.355 Y150.907 E402.01509
G1 X159.165 Y152.083 E402.05471
G1 X158.819 Y153.25 E402.09519
G1 X158.331 Y154.35 E402.13522
G1 X157.709 Y155.378 E402.17518
G1 X156.961 Y156.315 E402.21506
G0 F9000 X157.256 Y156.587
;TYPE:WALL-OUTER
G1 F2025.6 X156.351 Y157.462 E402.25693
G1 X155.344 Y158.214 E402.29873
G1 X154.252 Y158.83 E402.34043
G1 X153.088 Y159.301 E402.38219
G1 X151.873 Y159.62 E402.42397
G1 X150.631 Y159.779 E402.46562
G1 X150 Y159.8 E402.48662
G1 X149.369 Y159.779 E402.50762
G1 X148.127 Y159.62 E402.54926
G1 X146.912 Y159.301 E402.59104
G1 X145.748 Y158.83 E402.63281
G1 X144.656 Y158.214 E402.67451
G1 X143.649 Y157.462 E402.71631
G1 X142.744 Y156.587 E402.75818
G1 X141.963 Y155.608 E402.79983
G1 X141.312 Y154.532 E402.84166
G1 X140.804 Y153.386 E402.88335
G1 X140.445 Y152.175 E402.92536
G1 X140.246 Y150.945 E402.96681
G1 X140.205 Y149.684 E403.00877
G1 X140.326 Y148.436 E403.05047
G1 X140.604 Y147.215 E403.09212
G1 X141.04 Y146.031 E403.13409
G1 X141.621 Y144.918 E403.17585
G1 X142.339 Y143.889 E403.21758
G1 X143.18 Y142.963 E403.25918
G1 X144.137 Y142.148 E403.30099
G1 X145.194 Y141.46 E403.34294
G1 X146.32 Y140.918 E403.3845
G1 X147.518 Y140.52 E403.42649
G1 X148.741 Y140.282 E403.46793
G1 X150 Y140.201 E403.50989
G1 X151.259 Y140.282 E403.55185
G1 X152.482 Y140.52 E403.59329
G1 X153.68 Y140.918 E403.63528
G1 X154.806 Y141.46 E403.67684
G1 X155.863 Y142.148 E403.71879
G1 X156.82 Y142.963 E403.7606
G1 X157.661 Y143.889 E403.80221
G1 X158.379 Y144.918 E403.84394
G1 X158.96 Y146.031 E403.8857
G1 X159.396 Y147.215 E403.92766
G1 X159.674 Y148.436 E403.96931
G1 X159.795 Y149.684 E404.01101
G1 X159.754 Y150.945 E404.05298
G1 X159.555 Y152.175 E404.09442
G1 X159.196 Y153.386 E404.13643
G1 X158.688 Y154.532 E404.17812
G1 X158.037 Y155.608 E404.21995
G1 X157.256 Y156.587 E404.26161
G0 F9000 X156.931 Y156.292
G0 X156.085 Y156.494
;TYPE:FILL
G1 F3038.3 X155.918 Y156.316 E404.26972
G1 X155.465 Y155.926 E404.28961
G0 F9000 X155.617 Y156.085
G0 X156.156 Y155.482
G0 X156.916 Y154.484
G0 X157.26 Y153.851
G0 X157.906 Y152.479
G0 X157.699 Y152.405
G1 F3038.3 X157.724 Y152.426 E404.29069
G1 X158.326 Y152.756 E404.31352
G1 X158.453 Y152.794 E404.31793
G0 F9000 X158.243 Y152.731
G0 X158.49 Y148.191
G0 X158.705 Y148.143
G1 F3038.3 X158.326 Y148.181 E404.3306
G1 X157.842 Y148.122 E404.34682
G0 F9000 X158.055 Y148.065
G0 X157.758 Y147.21
G0 X157.241 Y146.061
G0 X156.557 Y145.001
G0 X155.715 Y144.059
G0 X154.744 Y143.259
G0 X153.865 Y142.736
G0 X152.053 Y141.979
G0 X152.003 Y142.192
G1 F3038.3 X152.306 Y141.868 E404.36157
G1 X152.706 Y141.523 E404.37914
G0 F9000 X152.637 Y141.731
G0 X150 Y141.755
G0 X148.983 Y141.836
G0 X147.446 Y142.104
G0 X147.527 Y142.307
G1 F3038.3 X147.49 Y142.275 E404.38077
G1 X146.908 Y141.652 E404.40913
G0 F9000 X146.976 Y141.86
G0 X144.285 Y144.059
G0 X142.99 Y145.591
G0 X143.175 Y145.711
G1 F3038.3 X142.674 Y145.93 E404.42731
G1 X142.072 Y146.446 E404.45368
G1 X141.663 Y146.885 E404.47364
G0 F9000 X141.868 Y146.961
G0 X141.765 Y149.686
G0 X141.79 Y150.4
G0 X141.967 Y152.067
G0 X142.184 Y152.025
G1 F3038.3 X142.072 Y152.145 E404.4791
G1 X141.5 Y152.635 E404.50415
G0 F9000 X141.71 Y152.573
G0 X143.127 Y155.303
G0 X142.955 Y155.439
G1 F3038.3 X143.276 Y155.299 E404.5158
G1 X143.851 Y155.229 E404.53506
G0 F9000 X143.6 Y155.414
;MESH:NONMESH
G0 F300 X143.6 Y155.414 Z7
G0 F9000 X144.754 Y156.357
G0 X145.789 Y157.086
G0 X146.917 Y157.645
G0 X148.121 Y158.025
G0 X149.348 Y158.213
G0 X150.652 Y158.213
G0 X151.879 Y158.025
G0 X153.083 Y157.645
G0 X154.211 Y157.086
G0 X155.048 Y156.496
G0 X156.182 Y155.541
G0 X155.975 Y155.324
;TIME_ELAPSED:530.094233
;LAYER:34
;TYPE:WALL-INNER
;MESH:dannypart.STL
G1 F2030 X156.718 Y154.35 E404.57581
G1 X157.303 Y153.273 E404.61657
G1 X157.717 Y152.12 E404.65732
G1 X157.951 Y150.918 E404.69805
G1 X157.997 Y149.694 E404.73879
G1 X157.857 Y148.477 E404.77953
G1 X157.533 Y147.294 E404.82033
G1 X157.03 Y146.176 E404.8611
G1 X156.365 Y145.148 E404.90182
G1 X155.549 Y144.233 E404.9426
G1 X154.604 Y143.454 E404.98333
G1 X153.551 Y142.827 E405.0241
G1 X152.415 Y142.37 E405.06482
G1 X151.222 Y142.092 E405.10556
G1 X150 Y141.997 E405.14633
G1 X148.778 Y142.092 E405.1871
G1 X147.585 Y142.37 E405.22784
G1 X146.449 Y142.827 E405.26857
G1 X145.396 Y143.454 E405.30933
G1 X144.451 Y144.233 E405.35006
G1 X143.635 Y145.148 E405.39084
G1 X142.97 Y146.176 E405.43156
G1 X142.467 Y147.294 E405.47233
G1 X142.143 Y148.477 E405.51313
G1 X142.003 Y149.694 E405.55388
G1 X142.049 Y150.918 E405.59461
G1 X142.283 Y152.12 E405.63534
G1 X142.697 Y153.273 E405.67609
G1 X143.282 Y154.35 E405.71685
G1 X144.025 Y155.324 E405.7576
G1 X144.908 Y156.173 E405.79834
G1 X145.91 Y156.879 E405.83911
G1 X147.008 Y157.423 E405.87987
G1 X148.177 Y157.793 E405.92065
G1 X149.369 Y157.976 E405.96076
G1 X150 Y158 E405.98176
G1 X150.631 Y157.976 E406.00276
G1 X151.823 Y157.793 E406.04287
G1 X152.992 Y157.423 E406.08366
G1 X154.09 Y156.879 E406.12441
G1 X155.092 Y156.173 E406.16518
G1 X155.975 Y155.324 E406.20592
G0 F9000 X155.676 Y155.057
G1 F2030 X156.381 Y154.132 E406.2446
G1 X156.937 Y153.109 E406.28333
G1 X157.33 Y152.014 E406.32202
G1 X157.552 Y150.872 E406.36072
G1 X157.596 Y149.709 E406.39943
G1 X157.463 Y148.553 E406.43813
G1 X157.155 Y147.43 E406.47686
G1 X156.678 Y146.368 E406.51558
G1 X156.046 Y145.391 E406.55428
G1 X155.271 Y144.522 E406.59301
G1 X154.373 Y143.782 E406.63171
G1 X153.373 Y143.187 E406.67042
G1 X152.294 Y142.753 E406.7091
G1 X151.161 Y142.488 E406.7478
G1 X150 Y142.398 E406.78653
G1 X148.839 Y142.488 E406.82526
G1 X147.706 Y142.753 E406.86396
G1 X146.627 Y143.187 E406.90264
G1 X145.627 Y143.782 E406.94135
G1 X144.729 Y144.522 E406.98005
G1 X143.954 Y145.391 E407.01877
G1 X143.322 Y146.368 E407.05748
G1 X142.845 Y147.43 E407.0962
G1 X142.537 Y148.553 E407.13493
G1 X142.404 Y149.709 E407.17363
G1 X142.448 Y150.872 E407.21234
G1 X142.67 Y152.014 E407.25103
G1 X143.063 Y153.109 E407.28973
G1 X143.619 Y154.132 E407.32845
G1 X144.324 Y155.057 E407.36714
G1 X145.163 Y155.864 E407.40586
G1 X146.115 Y156.534 E407.44457
G1 X147.158 Y157.051 E407.48329
G1 X148.268 Y157.402 E407.52201
G1 X149.407 Y157.577 E407.56034
G1 X150 Y157.6 E407.58008
G1 X150.593 Y157.577 E407.59982
G1 X151.732 Y157.402 E407.63815
G1 X152.842 Y157.051 E407.67687
G1 X153.885 Y156.534 E407.71558
G1 X154.837 Y155.864 E407.7543
G1 X155.676 Y155.057 E407.79302
G0 F9000 X155.376 Y154.79
;TYPE:WALL-OUTER
G1 F2030 X156.044 Y153.914 E407.82966
G1 X156.571 Y152.945 E407.86635
G1 X156.943 Y151.908 E407.90299
G1 X157.153 Y150.826 E407.93965
G1 X157.195 Y149.724 E407.97633
G1 X157.069 Y148.629 E408.01299
G1 X156.777 Y147.566 E408.04966
G1 X156.326 Y146.56 E408.08632
G1 X155.727 Y145.634 E408.12301
G1 X154.993 Y144.811 E408.15968
G1 X154.142 Y144.11 E408.19635
G1 X153.195 Y143.547 E408.233
G1 X152.173 Y143.135 E408.26965
G1 X151.1 Y142.884 E408.3063
G1 X150 Y142.799 E408.34299
G1 X148.9 Y142.884 E408.37969
G1 X147.827 Y143.135 E408.41634
G1 X146.805 Y143.547 E408.45299
G1 X145.858 Y144.11 E408.48963
G1 X145.007 Y144.811 E408.5263
G1 X144.273 Y145.634 E408.56298
G1 X143.674 Y146.56 E408.59966
G1 X143.223 Y147.566 E408.63633
G1 X142.931 Y148.629 E408.673
G1 X142.805 Y149.724 E408.70966
G1 X142.847 Y150.826 E408.74634
G1 X143.057 Y151.908 E408.783
G1 X143.429 Y152.945 E408.81964
G1 X143.956 Y153.914 E408.85633
G1 X144.624 Y154.79 E408.89297
G1 X145.418 Y155.555 E408.92964
G1 X146.32 Y156.189 E408.96631
G1 X147.308 Y156.679 E409.00299
G1 X148.359 Y157.011 E409.03965
G1 X149.445 Y157.178 E409.07619
G1 X150 Y157.2 E409.09467
G1 X150.555 Y157.178 E409.11314
G1 X151.641 Y157.011 E409.14969
G1 X152.692 Y156.679 E409.18634
G1 X153.68 Y156.189 E409.22302
G1 X154.582 Y155.555 E409.25969
G1 X155.376 Y154.79 E409.29637
G0 F9000 X155.704 Y155.082
G0 X156.163 Y155.56
G0 X156.444 Y155.843
G0 X156.663 Y156.047
;TYPE:WALL-INNER
G1 F2030 X155.821 Y156.86 E409.3353
G1 X154.914 Y157.538 E409.37296
G1 X153.908 Y158.106 E409.41138
G1 X152.836 Y158.539 E409.44984
G1 X151.721 Y158.832 E409.48818
G1 X150.565 Y158.981 E409.52695
G1 X150 Y159 E409.54575
G1 X149.435 Y158.981 E409.56455
G1 X148.279 Y158.832 E409.60332
G1 X147.164 Y158.539 E409.64166
G1 X146.092 Y158.106 E409.68012
G1 X145.086 Y157.538 E409.71854
G1 X144.179 Y156.86 E409.75621
G1 X143.337 Y156.047 E409.79514
G1 X142.616 Y155.143 E409.83359
G1 X142.026 Y154.168 E409.8715
G1 X141.555 Y153.107 E409.91011
G1 X141.227 Y151.998 E409.94857
G1 X141.044 Y150.869 E409.98661
G1 X141.007 Y149.704 E410.02538
G1 X141.116 Y148.567 E410.06337
G1 X141.374 Y147.437 E410.10192
G1 X141.768 Y146.365 E410.13991
G1 X142.309 Y145.33 E410.17875
G1 X142.967 Y144.389 E410.21694
G1 X143.74 Y143.536 E410.25523
G1 X144.617 Y142.789 E410.29355
G1 X145.59 Y142.156 E410.33215
G1 X146.608 Y141.666 E410.36973
G1 X147.722 Y141.296 E410.40877
G1 X148.851 Y141.076 E410.44703
G1 X150 Y141.003 E410.48532
G1 X151.149 Y141.076 E410.52362
G1 X152.278 Y141.296 E410.56187
G1 X153.392 Y141.666 E410.60092
G1 X154.41 Y142.156 E410.63849
G1 X155.383 Y142.789 E410.6771
G1 X156.26 Y143.536 E410.71542
G1 X157.033 Y144.389 E410.7537
G1 X157.691 Y145.33 E410.79189
G1 X158.232 Y146.365 E410.83074
G1 X158.626 Y147.437 E410.86872
G1 X158.884 Y148.567 E410.90728
G1 X158.993 Y149.704 E410.94527
G1 X158.956 Y150.869 E410.98403
G1 X158.773 Y151.998 E411.02207
G1 X158.445 Y153.107 E411.06054
G1 X157.974 Y154.168 E411.09915
G1 X157.384 Y155.143 E411.13705
G1 X156.663 Y156.047 E411.17551
G0 F9000 X156.961 Y156.315
G1 F2030 X156.086 Y157.161 E411.21599
G1 X155.129 Y157.876 E411.25573
G1 X154.08 Y158.468 E411.29579
G1 X152.962 Y158.92 E411.3359
G1 X151.797 Y159.226 E411.37596
G1 X150.598 Y159.38 E411.41617
G1 X150 Y159.4 E411.43607
G1 X149.402 Y159.38 E411.45597
G1 X148.203 Y159.226 E411.49617
G1 X147.038 Y158.92 E411.53624
G1 X145.92 Y158.468 E411.57634
G1 X144.871 Y157.876 E411.61641
G1 X143.914 Y157.161 E411.65614
G1 X143.039 Y156.315 E411.69662
G1 X142.291 Y155.378 E411.7365
G1 X141.669 Y154.35 E411.77646
G1 X141.181 Y153.25 E411.81649
G1 X140.835 Y152.083 E411.85697
G1 X140.645 Y150.907 E411.89659
G1 X140.606 Y149.694 E411.93696
G1 X140.721 Y148.501 E411.97682
G1 X140.989 Y147.326 E412.0169
G1 X141.404 Y146.198 E412.05688
G1 X141.965 Y145.124 E412.09718
G1 X142.653 Y144.139 E412.13714
G1 X143.458 Y143.252 E412.17698
G1 X144.379 Y142.467 E412.21723
G1 X145.392 Y141.808 E412.25743
G1 X146.464 Y141.292 E412.297
G1 X147.62 Y140.908 E412.33751
G1 X148.796 Y140.679 E412.37736
G1 X150 Y140.602 E412.41749
G1 X151.204 Y140.679 E412.45761
G1 X152.38 Y140.908 E412.49746
G1 X153.536 Y141.292 E412.53798
G1 X154.608 Y141.808 E412.57755
G1 X155.621 Y142.467 E412.61774
G1 X156.542 Y143.252 E412.65799
G1 X157.347 Y144.139 E412.69783
G1 X158.035 Y145.124 E412.73779
G1 X158.596 Y146.198 E412.7781
G1 X159.011 Y147.326 E412.81807
G1 X159.279 Y148.501 E412.85816
G1 X159.394 Y149.694 E412.89802
G1 X159.355 Y150.907 E412.93838
G1 X159.165 Y152.083 E412.97801
G1 X158.819 Y153.25 E413.01849
G1 X158.331 Y154.35 E413.05851
G1 X157.709 Y155.378 E413.09848
G1 X156.961 Y156.315 E413.13835
G0 F9000 X157.256 Y156.587
;TYPE:WALL-OUTER
G1 F2030 X156.351 Y157.462 E413.18022
G1 X155.344 Y158.214 E413.22203
G1 X154.252 Y158.83 E413.26373
G1 X153.088 Y159.301 E413.30549
G1 X151.873 Y159.62 E413.34727
G1 X150.631 Y159.779 E413.38892
G1 X150 Y159.8 E413.40992
G1 X149.369 Y159.779 E413.43091
G1 X148.127 Y159.62 E413.47256
G1 X146.912 Y159.301 E413.51434
G1 X145.748 Y158.83 E413.55611
G1 X144.656 Y158.214 E413.59781
G1 X143.649 Y157.462 E413.63961
G1 X142.744 Y156.587 E413.68148
G1 X141.963 Y155.608 E413.72313
G1 X141.312 Y154.532 E413.76496
G1 X140.804 Y153.386 E413.80665
G1 X140.445 Y152.175 E413.84866
G1 X140.246 Y150.945 E413.8901
G1 X140.205 Y149.684 E413.93207
G1 X140.326 Y148.436 E413.97377
G1 X140.604 Y147.215 E414.01542
G1 X141.04 Y146.031 E414.05738
G1 X141.621 Y144.918 E414.09914
G1 X142.339 Y143.889 E414.14088
G1 X143.18 Y142.963 E414.18248
G1 X144.137 Y142.148 E414.22429
G1 X145.194 Y141.46 E414.26624
G1 X146.32 Y140.918 E414.3078
G1 X147.518 Y140.52 E414.34979
G1 X148.741 Y140.282 E414.39123
G1 X150 Y140.201 E414.43319
G1 X151.259 Y140.282 E414.47515
G1 X152.482 Y140.52 E414.51659
G1 X153.68 Y140.918 E414.55858
G1 X154.806 Y141.46 E414.60014
G1 X155.863 Y142.148 E414.64209
G1 X156.82 Y142.963 E414.6839
G1 X157.661 Y143.889 E414.7255
G1 X158.379 Y144.918 E414.76723
G1 X158.96 Y146.031 E414.80899
G1 X159.396 Y147.215 E414.85096
G1 X159.674 Y148.436 E414.89261
G1 X159.795 Y149.684 E414.93431
G1 X159.754 Y150.945 E414.97627
G1 X159.555 Y152.175 E415.01772
G1 X159.196 Y153.386 E415.05973
G1 X158.688 Y154.532 E415.10142
G1 X158.037 Y155.608 E415.14325
G1 X157.256 Y156.587 E415.1849
G0 F9000 X156.931 Y156.292
G0 X156.177 Y156.406
;TYPE:FILL
G1 F3045 X155.918 Y156.149 E415.19704
G1 X155.533 Y155.86 E415.21305
G0 F9000 X155.685 Y156.019
G0 X156.916 Y154.484
G0 X157.088 Y154.168
G0 X157.877 Y152.559
G0 X157.67 Y152.485
G1 F3045 X157.724 Y152.525 E415.21528
G1 X158.326 Y152.792 E415.23719
G1 X158.446 Y152.817 E415.24126
G0 F9000 X158.237 Y152.754
G0 X158.481 Y148.149
G0 X158.695 Y148.101
G1 F3045 X158.326 Y148.102 E415.25354
G1 X157.805 Y147.987 E415.27128
G0 F9000 X158.018 Y147.93
G0 X157.241 Y146.061
G0 X156.557 Y145.001
G0 X155.715 Y144.059
G0 X155.166 Y143.606
G0 X152.524 Y141.693
G0 X152.593 Y141.486
G1 F3045 X152.306 Y141.701 E415.28321
G1 X151.847 Y142.156 E415.30471
G0 F9000 X151.897 Y141.943
G0 X150 Y141.755
G0 X148.983 Y141.836
G0 X147.323 Y142.153
G0 X147.404 Y142.357
G1 F3045 X146.888 Y141.845 E415.32888
G1 X146.735 Y141.709 E415.33569
G0 F9000 X146.803 Y141.917
G0 X144.285 Y144.059
G0 X143.809 Y144.592
G0 X142.844 Y145.818
G0 X143.029 Y145.938
G1 F3045 X142.674 Y146.127 E415.34907
G1 X142.072 Y146.661 E415.37583
G1 X141.557 Y147.171 E415.39994
G0 F9000 X141.762 Y147.247
G0 X141.807 Y150.577
G0 X141.934 Y151.894
G0 X142.15 Y151.853
G1 F3045 X142.072 Y151.93 E415.40359
G1 X141.47 Y152.464 E415.43035
G1 X141.452 Y152.474 E415.43104
G0 F9000 X141.663 Y152.412
G0 X143.222 Y155.423
G0 X143.05 Y155.559
G1 F3045 X143.276 Y155.438 E415.43956
G1 X143.878 Y155.305 E415.46007
G1 X143.909 Y155.305 E415.4611
G0 F9000 X143.659 Y155.489
;MESH:NONMESH
G0 F300 X143.659 Y155.489 Z7.2
G0 F9000 X145.789 Y157.086
G0 X146.917 Y157.645
G0 X148.121 Y158.025
G0 X149.348 Y158.213
G0 X150.652 Y158.213
G0 X151.879 Y158.025
G0 X153.083 Y157.645
G0 X154.211 Y157.086
G0 X155.048 Y156.496
G0 X156.182 Y155.541
G0 X155.975 Y155.324
;TIME_ELAPSED:542.754123
;LAYER:35
;TYPE:WALL-INNER
;MESH:dannypart.STL
G1 F2029.8 X156.718 Y154.35 E415.50184
G1 X157.303 Y153.273 E415.54261
G1 X157.717 Y152.12 E415.58335
G1 X157.951 Y150.918 E415.62408
G1 X157.997 Y149.694 E415.66482
G1 X157.857 Y148.477 E415.70557
G1 X157.533 Y147.294 E415.74636
G1 X157.03 Y146.176 E415.78714
G1 X156.365 Y145.148 E415.82786
G1 X155.549 Y144.233 E415.86864
G1 X154.604 Y143.454 E415.90937
G1 X153.551 Y142.827 E415.95013
G1 X152.415 Y142.37 E415.99086
G1 X151.222 Y142.092 E416.0316
G1 X150 Y141.997 E416.07237
G1 X148.778 Y142.092 E416.11313
G1 X147.585 Y142.37 E416.15388
G1 X146.449 Y142.827 E416.1946
G1 X145.396 Y143.454 E416.23536
G1 X144.451 Y144.233 E416.2761
G1 X143.635 Y145.148 E416.31687
G1 X142.97 Y146.176 E416.3576
G1 X142.467 Y147.294 E416.39837
G1 X142.143 Y148.477 E416.43917
G1 X142.003 Y149.694 E416.47991
G1 X142.049 Y150.918 E416.52065
G1 X142.283 Y152.12 E416.56138
G1 X142.697 Y153.273 E416.60212
G1 X143.282 Y154.35 E416.64289
G1 X144.025 Y155.324 E416.68363
G1 X144.908 Y156.173 E416.72438
G1 X145.91 Y156.879 E416.76514
G1 X147.008 Y157.423 E416.8059
G1 X148.177 Y157.793 E416.84668
G1 X149.369 Y157.976 E416.88679
G1 X150 Y158 E416.9078
G1 X150.631 Y157.976 E416.9288
G1 X151.823 Y157.793 E416.96891
G1 X152.992 Y157.423 E417.00969
G1 X154.09 Y156.879 E417.05045
G1 X155.092 Y156.173 E417.09122
G1 X155.975 Y155.324 E417.13196
G0 F9000 X155.676 Y155.057
G1 F2029.8 X156.381 Y154.132 E417.17064
G1 X156.937 Y153.109 E417.20937
G1 X157.33 Y152.014 E417.24806
G1 X157.552 Y150.872 E417.28675
G1 X157.596 Y149.709 E417.32546
G1 X157.463 Y148.553 E417.36417
G1 X157.155 Y147.43 E417.4029
G1 X156.678 Y146.368 E417.44162
G1 X156.046 Y145.391 E417.48032
G1 X155.271 Y144.522 E417.51905
G1 X154.373 Y143.782 E417.55775
G1 X153.373 Y143.187 E417.59645
G1 X152.294 Y142.753 E417.63513
G1 X151.161 Y142.488 E417.67383
G1 X150 Y142.398 E417.71256
G1 X148.839 Y142.488 E417.7513
G1 X147.706 Y142.753 E417.79
G1 X146.627 Y143.187 E417.82868
G1 X145.627 Y143.782 E417.86738
G1 X144.729 Y144.522 E417.90608
G1 X143.954 Y145.391 E417.94481
G1 X143.322 Y146.368 E417.98351
G1 X142.845 Y147.43 E418.02223
G1 X142.537 Y148.553 E418.06096
G1 X142.404 Y149.709 E418.09967
G1 X142.448 Y150.872 E418.13837
G1 X142.67 Y152.014 E418.17707
G1 X143.063 Y153.109 E418.21576
G1 X143.619 Y154.132 E418.25449
G1 X144.324 Y155.057 E418.29317
G1 X145.163 Y155.864 E418.33189
G1 X146.115 Y156.534 E418.37061
G1 X147.158 Y157.051 E418.40933
G1 X148.268 Y157.402 E418.44805
G1 X149.407 Y157.577 E418.48638
G1 X150 Y157.6 E418.50611
G1 X150.593 Y157.577 E418.52585
G1 X151.732 Y157.402 E418.56418
G1 X152.842 Y157.051 E418.6029
G1 X153.885 Y156.534 E418.64162
G1 X154.837 Y155.864 E418.68034
G1 X155.676 Y155.057 E418.71906
G0 F9000 X155.376 Y154.79
;TYPE:WALL-OUTER
G1 F2029.8 X156.044 Y153.914 E418.7557
G1 X156.571 Y152.945 E418.79238
G1 X156.943 Y151.908 E418.82903
G1 X157.153 Y150.826 E418.86569
G1 X157.195 Y149.724 E418.90237
G1 X157.069 Y148.629 E418.93903
G1 X156.777 Y147.566 E418.97569
G1 X156.326 Y146.56 E419.01236
G1 X155.727 Y145.634 E419.04904
G1 X154.993 Y144.811 E419.08572
G1 X154.142 Y144.11 E419.12239
G1 X153.195 Y143.547 E419.15903
G1 X152.173 Y143.135 E419.19568
G1 X151.1 Y142.884 E419.23233
G1 X150 Y142.799 E419.26903
G1 X148.9 Y142.884 E419.30572
G1 X147.827 Y143.135 E419.34238
G1 X146.805 Y143.547 E419.37903
G1 X145.858 Y144.11 E419.41567
G1 X145.007 Y144.811 E419.45234
G1 X144.273 Y145.634 E419.48902
G1 X143.674 Y146.56 E419.5257
G1 X143.223 Y147.566 E419.56237
G1 X142.931 Y148.629 E419.59903
G1 X142.805 Y149.724 E419.63569
G1 X142.847 Y150.826 E419.67237
G1 X143.057 Y151.908 E419.70903
G1 X143.429 Y152.945 E419.74567
G1 X143.956 Y153.914 E419.78236
G1 X144.624 Y154.79 E419.819
G1 X145.418 Y155.555 E419.85567
G1 X146.32 Y156.189 E419.89234
G1 X147.308 Y156.679 E419.92902
G1 X148.359 Y157.011 E419.96568
G1 X149.445 Y157.178 E420.00223
G1 X150 Y157.2 E420.0207
G1 X150.555 Y157.178 E420.03918
G1 X151.641 Y157.011 E420.07572
G1 X152.692 Y156.679 E420.11238
G1 X153.68 Y156.189 E420.14906
G1 X154.582 Y155.555 E420.18573
G1 X155.376 Y154.79 E420.2224
G0 F9000 X155.704 Y155.082
G0 X156.163 Y155.56
G0 X156.444 Y155.843
G0 X156.663 Y156.047
;TYPE:WALL-INNER
G1 F2029.8 X155.821 Y156.86 E420.26133
G1 X154.914 Y157.538 E420.29899
G1 X153.908 Y158.106 E420.33742
G1 X152.836 Y158.539 E420.37587
G1 X151.721 Y158.832 E420.41422
G1 X150.565 Y158.981 E420.45298
G1 X150 Y159 E420.47179
G1 X149.435 Y158.981 E420.49059
G1 X148.279 Y158.832 E420.52936
G1 X147.164 Y158.539 E420.5677
G1 X146.092 Y158.106 E420.60615
G1 X145.086 Y157.538 E420.64458
G1 X144.179 Y156.86 E420.68224
G1 X143.337 Y156.047 E420.72117
G1 X142.616 Y155.143 E420.75963
G1 X142.026 Y154.168 E420.79753
G1 X141.555 Y153.107 E420.83614
G1 X141.227 Y151.998 E420.87461
G1 X141.044 Y150.869 E420.91265
G1 X141.007 Y149.704 E420.95142
G1 X141.116 Y148.567 E420.98941
G1 X141.374 Y147.437 E421.02796
G1 X141.768 Y146.365 E421.06594
G1 X142.309 Y145.33 E421.10479
G1 X142.967 Y144.389 E421.14298
G1 X143.74 Y143.536 E421.18127
G1 X144.617 Y142.789 E421.21958
G1 X145.59 Y142.156 E421.25819
G1 X146.608 Y141.666 E421.29577
G1 X147.722 Y141.296 E421.33481
G1 X148.851 Y141.076 E421.37307
G1 X150 Y141.003 E421.41136
G1 X151.149 Y141.076 E421.44965
G1 X152.278 Y141.296 E421.48791
G1 X153.392 Y141.666 E421.52695
G1 X154.41 Y142.156 E421.56453
G1 X155.383 Y142.789 E421.60314
G1 X156.26 Y143.536 E421.64145
G1 X157.033 Y144.389 E421.67974
G1 X157.691 Y145.33 E421.71793
G1 X158.232 Y146.365 E421.75677
G1 X158.626 Y147.437 E421.79476
G1 X158.884 Y148.567 E421.83331
G1 X158.993 Y149.704 E421.8713
G1 X158.956 Y150.869 E421.91007
G1 X158.773 Y151.998 E421.94811
G1 X158.445 Y153.107 E421.98657
G1 X157.974 Y154.168 E422.02518
G1 X157.384 Y155.143 E422.06309
G1 X156.663 Y156.047 E422.10155
G0 F9000 X156.961 Y156.315
G1 F2029.8 X156.086 Y157.161 E422.14203
G1 X155.129 Y157.876 E422.18176
G1 X154.08 Y158.468 E422.22182
G1 X152.962 Y158.92 E422.26193
G1 X151.797 Y159.226 E422.30199
G1 X150.598 Y159.38 E422.3422
G1 X150 Y159.4 E422.3621
G1 X149.402 Y159.38 E422.382
G1 X148.203 Y159.226 E422.42221
G1 X147.038 Y158.92 E422.46227
G1 X145.92 Y158.468 E422.50238
G1 X144.871 Y157.876 E422.54244
G1 X143.914 Y157.161 E422.58218
G1 X143.039 Y156.315 E422.62266
G1 X142.291 Y155.378 E422.66253
G1 X141.669 Y154.35 E422.7025
G1 X141.181 Y153.25 E422.74252
G1 X140.835 Y152.083 E422.78301
G1 X140.645 Y150.907 E422.82263
G1 X140.606 Y149.694 E422.86299
G1 X140.721 Y148.501 E422.90286
G1 X140.989 Y147.326 E422.94294
G1 X141.404 Y146.198 E422.98292
G1 X141.965 Y145.124 E423.02322
G1 X142.653 Y144.139 E423.06318
G1 X143.458 Y143.252 E423.10302
G1 X144.379 Y142.467 E423.14327
G1 X145.392 Y141.808 E423.18346
G1 X146.464 Y141.292 E423.22303
G1 X147.62 Y140.908 E423.26355
G1 X148.796 Y140.679 E423.3034
G1 X150 Y140.602 E423.34352
G1 X151.204 Y140.679 E423.38365
G1 X152.38 Y140.908 E423.4235
G1 X153.536 Y141.292 E423.46401
G1 X154.608 Y141.808 E423.50358
G1 X155.621 Y142.467 E423.54378
G1 X156.542 Y143.252 E423.58403
G1 X157.347 Y144.139 E423.62387
G1 X158.035 Y145.124 E423.66383
G1 X158.596 Y146.198 E423.70413
G1 X159.011 Y147.326 E423.74411
G1 X159.279 Y148.501 E423.78419
G1 X159.394 Y149.694 E423.82405
G1 X159.355 Y150.907 E423.86442
G1 X159.165 Y152.083 E423.90404
G1 X158.819 Y153.25 E423.94453
G1 X158.331 Y154.35 E423.98455
G1 X157.709 Y155.378 E424.02451
G1 X156.961 Y156.315 E424.06439
G0 F9000 X157.256 Y156.587
;TYPE:WALL-OUTER
G1 F2029.8 X156.351 Y157.462 E424.10626
G1 X155.344 Y158.214 E424.14806
G1 X154.252 Y158.83 E424.18976
G1 X153.088 Y159.301 E424.23152
G1 X151.873 Y159.62 E424.27331
G1 X150.631 Y159.779 E424.31495
G1 X150 Y159.8 E424.33595
G1 X149.369 Y159.779 E424.35695
G1 X148.127 Y159.62 E424.3986
G1 X146.912 Y159.301 E424.44038
G1 X145.748 Y158.83 E424.48214
G1 X144.656 Y158.214 E424.52384
G1 X143.649 Y157.462 E424.56564
G1 X142.744 Y156.587 E424.60751
G1 X141.963 Y155.608 E424.64916
G1 X141.312 Y154.532 E424.69099
G1 X140.804 Y153.386 E424.73269
G1 X140.445 Y152.175 E424.7747
G1 X140.246 Y150.945 E424.81614
G1 X140.205 Y149.684 E424.8581
G1 X140.326 Y148.436 E424.8998
G1 X140.604 Y147.215 E424.94145
G1 X141.04 Y146.031 E424.98342
G1 X141.621 Y144.918 E425.02518
G1 X142.339 Y143.889 E425.06691
G1 X143.18 Y142.963 E425.10852
G1 X144.137 Y142.148 E425.15032
G1 X145.194 Y141.46 E425.19227
G1 X146.32 Y140.918 E425.23384
G1 X147.518 Y140.52 E425.27582
G1 X148.741 Y140.282 E425.31726
G1 X150 Y140.201 E425.35922
G1 X151.259 Y140.282 E425.40119
G1 X152.482 Y140.52 E425.44263
G1 X153.68 Y140.918 E425.48461
G1 X154.806 Y141.46 E425.52618
G1 X155.863 Y142.148 E425.56812
G1 X156.82 Y142.963 E425.60993
G1 X157.661 Y143.889 E425.65154
G1 X158.379 Y144.918 E425.69327
G1 X158.96 Y146.031 E425.73503
G1 X159.396 Y147.215 E425.77699
G1 X159.674 Y148.436 E425.81864
G1 X159.795 Y149.684 E425.86035
G1 X159.754 Y150.945 E425.90231
G1 X159.555 Y152.175 E425.94375
G1 X159.196 Y153.386 E425.98576
G1 X158.688 Y154.532 E426.02746
G1 X158.037 Y155.608 E426.06928
G1 X157.256 Y156.587 E426.11094
G0 F9000 X156.931 Y156.292
G0 X156.273 Y156.313
;TYPE:FILL
G1 F3044.7 X155.918 Y155.98 E426.12713
G1 X155.614 Y155.783 E426.13918
G0 F9000 X155.766 Y155.942
G0 X156.916 Y154.484
G0 X157.844 Y152.651
G0 X157.637 Y152.577
G1 F3044.7 X157.724 Y152.633 E426.14262
G1 X158.326 Y152.84 E426.16379
G1 X158.436 Y152.852 E426.16747
G0 F9000 X158.226 Y152.789
G0 X158.474 Y148.119
G0 X158.688 Y148.071
G1 F3044.7 X158.326 Y148.038 E426.17956
G1 X157.771 Y147.86 E426.19895
G0 F9000 X157.983 Y147.803
G0 X157.241 Y146.061
G0 X156.557 Y145.001
G0 X155.715 Y144.059
G0 X154.93 Y143.411
G0 X152.381 Y141.646
G0 X152.45 Y141.439
G1 F3044.7 X152.306 Y141.532 E426.20465
G1 X151.704 Y142.096 E426.23208
G1 X151.681 Y142.117 E426.23312
G0 F9000 X151.731 Y141.904
G0 X150 Y141.755
G0 X148.983 Y141.836
G0 X147.193 Y142.205
G0 X147.274 Y142.409
G1 F3044.7 X146.888 Y142.047 E426.25072
G1 X146.585 Y141.767 E426.26444
G0 F9000 X146.679 Y141.965
G0 X144.285 Y144.059
G0 X143.604 Y144.821
G0 X142.682 Y146.085
G0 X142.882 Y146.176
G1 F3044.7 X142.674 Y146.306 E426.2726
G1 X142.072 Y146.863 E426.29988
G1 X141.47 Y147.427 E426.32732
G1 X141.462 Y147.432 E426.32763
G0 F9000 X141.667 Y147.508
G0 X141.748 Y149.458
G0 X141.901 Y151.727
G0 X142.118 Y151.685
G1 F3044.7 X142.072 Y151.728 E426.32972
G1 X141.47 Y152.285 E426.357
G1 X141.408 Y152.324 E426.35944
G0 F9000 X141.618 Y152.262
G0 X143.299 Y155.519
G0 X143.127 Y155.655
G1 F3044.7 X143.276 Y155.562 E426.36528
G1 X143.878 Y155.369 E426.38631
G1 X143.952 Y155.362 E426.38878
G0 F9000 X143.704 Y155.545
;MESH:NONMESH
G0 F300 X143.704 Y155.545 Z7.4
G0 F9000 X145.789 Y157.086
G0 X146.917 Y157.645
G0 X148.121 Y158.025
G0 X149.348 Y158.213
G0 X150.652 Y158.213
G0 X151.879 Y158.025
G0 X153.083 Y157.645
G0 X154.211 Y157.086
G0 X155.048 Y156.496
G0 X156.182 Y155.541
G0 X155.975 Y155.324
;TIME_ELAPSED:555.409172
;LAYER:36
;TYPE:WALL-INNER
;MESH:dannypart.STL
G1 F2029.5 X156.718 Y154.35 E426.42952
G1 X157.303 Y153.273 E426.47029
G1 X157.717 Y152.12 E426.51104
G1 X157.951 Y150.918 E426.55176
G1 X157.997 Y149.694 E426.5925
G1 X157.857 Y148.477 E426.63325
G1 X157.533 Y147.294 E426.67404
G1 X157.03 Y146.176 E426.71482
G1 X156.365 Y145.148 E426.75554
G1 X155.549 Y144.233 E426.79632
G1 X154.604 Y143.454 E426.83705
G1 X153.551 Y142.827 E426.87781
G1 X152.415 Y142.37 E426.91854
G1 X151.222 Y142.092 E426.95928
G1 X150 Y141.997 E427.00005
G1 X148.778 Y142.092 E427.04081
G1 X147.585 Y142.37 E427.08156
G1 X146.449 Y142.827 E427.12228
G1 X145.396 Y143.454 E427.16304
G1 X144.451 Y144.233 E427.20378
G1 X143.635 Y145.148 E427.24455
G1 X142.97 Y146.176 E427.28528
G1 X142.467 Y147.294 E427.32605
G1 X142.143 Y148.477 E427.36685
G1 X142.003 Y149.694 E427.40759
G1 X142.049 Y150.918 E427.44833
G1 X142.283 Y152.12 E427.48906
G1 X142.697 Y153.273 E427.52981
G1 X143.282 Y154.35 E427.57057
G1 X144.025 Y155.324 E427.61132
G1 X144.908 Y156.173 E427.65206
G1 X145.91 Y156.879 E427.69283
G1 X147.008 Y157.423 E427.73358
G1 X148.177 Y157.793 E427.77436
G1 X149.369 Y157.976 E427.81447
G1 X150 Y158 E427.83548
G1 X150.631 Y157.976 E427.85648
G1 X151.823 Y157.793 E427.89659
G1 X152.992 Y157.423 E427.93737
G1 X154.09 Y156.879 E427.97813
G1 X155.092 Y156.173 E428.0189
G1 X155.975 Y155.324 E428.05964
G0 F9000 X155.676 Y155.057
G1 F2029.5 X156.381 Y154.132 E428.09832
G1 X156.937 Y153.109 E428.13705
G1 X157.33 Y152.014 E428.17574
G1 X157.552 Y150.872 E428.21444
G1 X157.596 Y149.709 E428.25314
G1 X157.463 Y148.553 E428.29185
G1 X157.155 Y147.43 E428.33058
G1 X156.678 Y146.368 E428.3693
G1 X156.046 Y145.391 E428.408
G1 X155.271 Y144.522 E428.44673
G1 X154.373 Y143.782 E428.48543
G1 X153.373 Y143.187 E428.52413
G1 X152.294 Y142.753 E428.56281
G1 X151.161 Y142.488 E428.60151
G1 X150 Y142.398 E428.64025
G1 X148.839 Y142.488 E428.67898
G1 X147.706 Y142.753 E428.71768
G1 X146.627 Y143.187 E428.75636
G1 X145.627 Y143.782 E428.79506
G1 X144.729 Y144.522 E428.83376
G1 X143.954 Y145.391 E428.87249
G1 X143.322 Y146.368 E428.91119
G1 X142.845 Y147.43 E428.94991
G1 X142.537 Y148.553 E428.98864
G1 X142.404 Y149.709 E429.02735
G1 X142.448 Y150.872 E429.06606
G1 X142.67 Y152.014 E429.10475
G1 X143.063 Y153.109 E429.14344
G1 X143.619 Y154.132 E429.18217
G1 X144.324 Y155.057 E429.22085
G1 X145.163 Y155.864 E429.25957
G1 X146.115 Y156.534 E429.29829
G1 X147.158 Y157.051 E429.33701
G1 X148.268 Y157.402 E429.37573
G1 X149.407 Y157.577 E429.41406
G1 X150 Y157.6 E429.4338
G1 X150.593 Y157.577 E429.45353
G1 X151.732 Y157.402 E429.49186
G1 X152.842 Y157.051 E429.53058
G1 X153.885 Y156.534 E429.5693
G1 X154.837 Y155.864 E429.60802
G1 X155.676 Y155.057 E429.64674
G0 F9000 X155.376 Y154.79
;TYPE:WALL-OUTER
G1 F2029.5 X156.044 Y153.914 E429.68338
G1 X156.571 Y152.945 E429.72007
G1 X156.943 Y151.908 E429.75671
G1 X157.153 Y150.826 E429.79337
G1 X157.195 Y149.724 E429.83005
G1 X157.069 Y148.629 E429.86671
G1 X156.777 Y147.566 E429.90337
G1 X156.326 Y146.56 E429.94004
G1 X155.727 Y145.634 E429.97672
G1 X154.993 Y144.811 E430.0134
G1 X154.142 Y144.11 E430.05007
G1 X153.195 Y143.547 E430.08671
G1 X152.173 Y143.135 E430.12336
G1 X151.1 Y142.884 E430.16002
G1 X150 Y142.799 E430.19671
G1 X148.9 Y142.884 E430.23341
G1 X147.827 Y143.135 E430.27006
G1 X146.805 Y143.547 E430.30671
G1 X145.858 Y144.11 E430.34335
G1 X145.007 Y144.811 E430.38002
G1 X144.273 Y145.634 E430.4167
G1 X143.674 Y146.56 E430.45338
G1 X143.223 Y147.566 E430.49005
G1 X142.931 Y148.629 E430.52671
G1 X142.805 Y149.724 E430.56337
G1 X142.847 Y150.826 E430.60005
G1 X143.057 Y151.908 E430.63671
G1 X143.429 Y152.945 E430.67336
G1 X143.956 Y153.914 E430.71004
G1 X144.624 Y154.79 E430.74668
G1 X145.418 Y155.555 E430.78335
G1 X146.32 Y156.189 E430.82002
G1 X147.308 Y156.679 E430.8567
G1 X148.359 Y157.011 E430.89336
G1 X149.445 Y157.178 E430.92991
G1 X150 Y157.2 E430.94838
G1 X150.555 Y157.178 E430.96686
G1 X151.641 Y157.011 E431.0034
G1 X152.692 Y156.679 E431.04006
G1 X153.68 Y156.189 E431.07674
G1 X154.582 Y155.555 E431.11341
G1 X155.376 Y154.79 E431.15008
G0 F9000 X155.704 Y155.082
G0 X156.163 Y155.56
G0 X156.444 Y155.843
G0 X156.663 Y156.047
;TYPE:WALL-INNER
G1 F2029.5 X155.821 Y156.86 E431.18901
G1 X154.914 Y157.538 E431.22668
G1 X153.908 Y158.106 E431.2651
G1 X152.836 Y158.539 E431.30355
G1 X151.721 Y158.832 E431.3419
G1 X150.565 Y158.981 E431.38066
G1 X150 Y159 E431.39947
G1 X149.435 Y158.981 E431.41827
G1 X148.279 Y158.832 E431.45704
G1 X147.164 Y158.539 E431.49538
G1 X146.092 Y158.106 E431.53383
G1 X145.086 Y157.538 E431.57226
G1 X144.179 Y156.86 E431.60992
G1 X143.337 Y156.047 E431.64885
G1 X142.616 Y155.143 E431.68731
G1 X142.026 Y154.168 E431.72521
G1 X141.555 Y153.107 E431.76382
G1 X141.227 Y151.998 E431.80229
G1 X141.044 Y150.869 E431.84033
G1 X141.007 Y149.704 E431.8791
G1 X141.116 Y148.567 E431.91709
G1 X141.374 Y147.437 E431.95564
G1 X141.768 Y146.365 E431.99363
G1 X142.309 Y145.33 E432.03247
G1 X142.967 Y144.389 E432.07066
G1 X143.74 Y143.536 E432.10895
G1 X144.617 Y142.789 E432.14726
G1 X145.59 Y142.156 E432.18587
G1 X146.608 Y141.666 E432.22345
G1 X147.722 Y141.296 E432.26249
G1 X148.851 Y141.076 E432.30075
G1 X150 Y141.003 E432.33904
G1 X151.149 Y141.076 E432.37733
G1 X152.278 Y141.296 E432.41559
G1 X153.392 Y141.666 E432.45463
G1 X154.41 Y142.156 E432.49221
G1 X155.383 Y142.789 E432.53082
G1 X156.26 Y143.536 E432.56913
G1 X157.033 Y144.389 E432.60742
G1 X157.691 Y145.33 E432.64561
G1 X158.232 Y146.365 E432.68445
G1 X158.626 Y147.437 E432.72244
G1 X158.884 Y148.567 E432.76099
G1 X158.993 Y149.704 E432.79898
G1 X158.956 Y150.869 E432.83775
G1 X158.773 Y151.998 E432.87579
G1 X158.445 Y153.107 E432.91426
G1 X157.974 Y154.168 E432.95287
G1 X157.384 Y155.143 E432.99077
G1 X156.663 Y156.047 E433.02923
G0 F9000 X156.961 Y156.315
G1 F2029.5 X156.086 Y157.161 E433.06971
G1 X155.129 Y157.876 E433.10944
G1 X154.08 Y158.468 E433.1495
G1 X152.962 Y158.92 E433.18961
G1 X151.797 Y159.226 E433.22968
G1 X150.598 Y159.38 E433.26988
G1 X150 Y159.4 E433.28978
G1 X149.402 Y159.38 E433.30968
G1 X148.203 Y159.226 E433.34989
G1 X147.038 Y158.92 E433.38995
G1 X145.92 Y158.468 E433.43006
G1 X144.871 Y157.876 E433.47012
G1 X143.914 Y157.161 E433.50986
G1 X143.039 Y156.315 E433.55034
G1 X142.291 Y155.378 E433.59021
G1 X141.669 Y154.35 E433.63018
G1 X141.181 Y153.25 E433.6702
G1 X140.835 Y152.083 E433.71069
G1 X140.645 Y150.907 E433.75031
G1 X140.606 Y149.694 E433.79067
G1 X140.721 Y148.501 E433.83054
G1 X140.989 Y147.326 E433.87062
G1 X141.404 Y146.198 E433.9106
G1 X141.965 Y145.124 E433.9509
G1 X142.653 Y144.139 E433.99086
G1 X143.458 Y143.252 E434.0307
G1 X144.379 Y142.467 E434.07095
G1 X145.392 Y141.808 E434.11114
G1 X146.464 Y141.292 E434.15071
G1 X147.62 Y140.908 E434.19123
G1 X148.796 Y140.679 E434.23108
G1 X150 Y140.602 E434.2712
G1 X151.204 Y140.679 E434.31133
G1 X152.38 Y140.908 E434.35118
G1 X153.536 Y141.292 E434.39169
G1 X154.608 Y141.808 E434.43126
G1 X155.621 Y142.467 E434.47146
G1 X156.542 Y143.252 E434.51171
G1 X157.347 Y144.139 E434.55155
G1 X158.035 Y145.124 E434.59151
G1 X158.596 Y146.198 E434.63181
G1 X159.011 Y147.326 E434.67179
G1 X159.279 Y148.501 E434.71187
G1 X159.394 Y149.694 E434.75174
G1 X159.355 Y150.907 E434.7921
G1 X159.165 Y152.083 E434.83172
G1 X158.819 Y153.25 E434.87221
G1 X158.331 Y154.35 E434.91223
G1 X157.709 Y155.378 E434.95219
G1 X156.961 Y156.315 E434.99207
G0 F9000 X157.256 Y156.587
;TYPE:WALL-OUTER
G1 F2029.5 X156.351 Y157.462 E435.03394
G1 X155.344 Y158.214 E435.07574
G1 X154.252 Y158.83 E435.11744
G1 X153.088 Y159.301 E435.15921
G1 X151.873 Y159.62 E435.20099
G1 X150.631 Y159.779 E435.24263
G1 X150 Y159.8 E435.26363
G1 X149.369 Y159.779 E435.28463
G1 X148.127 Y159.62 E435.32628
G1 X146.912 Y159.301 E435.36806
G1 X145.748 Y158.83 E435.40982
G1 X144.656 Y158.214 E435.45152
G1 X143.649 Y157.462 E435.49332
G1 X142.744 Y156.587 E435.53519
G1 X141.963 Y155.608 E435.57685
G1 X141.312 Y154.532 E435.61867
G1 X140.804 Y153.386 E435.66037
G1 X140.445 Y152.175 E435.70238
G1 X140.246 Y150.945 E435.74382
G1 X140.205 Y149.684 E435.78578
G1 X140.326 Y148.436 E435.82749
G1 X140.604 Y147.215 E435.86914
G1 X141.04 Y146.031 E435.9111
G1 X141.621 Y144.918 E435.95286
G1 X142.339 Y143.889 E435.99459
G1 X143.18 Y142.963 E436.0362
G1 X144.137 Y142.148 E436.07801
G1 X145.194 Y141.46 E436.11995
G1 X146.32 Y140.918 E436.16152
G1 X147.518 Y140.52 E436.2035
G1 X148.741 Y140.282 E436.24494
G1 X150 Y140.201 E436.28691
G1 X151.259 Y140.282 E436.32887
G1 X152.482 Y140.52 E436.37031
G1 X153.68 Y140.918 E436.41229
G1 X154.806 Y141.46 E436.45386
G1 X155.863 Y142.148 E436.4958
G1 X156.82 Y142.963 E436.53761
G1 X157.661 Y143.889 E436.57922
G1 X158.379 Y144.918 E436.62095
G1 X158.96 Y146.031 E436.66271
G1 X159.396 Y147.215 E436.70467
G1 X159.674 Y148.436 E436.74632
G1 X159.795 Y149.684 E436.78803
G1 X159.754 Y150.945 E436.82999
G1 X159.555 Y152.175 E436.87143
G1 X159.196 Y153.386 E436.91344
G1 X158.688 Y154.532 E436.95514
G1 X158.037 Y155.608 E436.99697
G1 X157.256 Y156.587 E437.03862
G0 F9000 X156.931 Y156.292
G0 X156.376 Y156.213
;TYPE:FILL
G1 F3044.3 X155.918 Y155.803 E437.05906
G1 X155.712 Y155.689 E437.06689
G0 F9000 X155.863 Y155.848
G0 X156.81 Y154.621
G0 X157.805 Y152.759
G0 X157.599 Y152.685
G1 F3044.3 X157.724 Y152.754 E437.07164
G1 X158.326 Y152.901 E437.09225
G1 X158.421 Y152.903 E437.09541
G0 F9000 X158.211 Y152.84
G0 X158.47 Y148.1
G0 X158.684 Y148.052
G1 F3044.3 X158.326 Y147.986 E437.10752
G1 X157.738 Y147.74 E437.12872
G0 F9000 X157.95 Y147.683
G0 X157.241 Y146.061
G0 X156.557 Y145.001
G0 X155.715 Y144.059
G0 X154.93 Y143.411
G0 X152.208 Y141.588
G0 X152.277 Y141.381
G1 F3044.3 X151.704 Y141.894 E437.1543
G1 X151.515 Y142.079 E437.1631
G0 F9000 X151.565 Y141.866
G0 X150 Y141.755
G0 X148.983 Y141.836
G0 X147.05 Y142.263
G0 X147.131 Y142.466
G1 F3044.3 X146.888 Y142.249 E437.17393
G1 X146.457 Y141.828 E437.19397
G0 F9000 X146.551 Y142.026
G0 X144.285 Y144.059
G0 X143.604 Y144.821
G0 X142.582 Y146.307
G0 X142.782 Y146.398
G1 F3044.3 X142.674 Y146.476 E437.1984
G1 X142.072 Y147.065 E437.22642
G1 X141.47 Y147.604 E437.25329
G1 X141.411 Y147.637 E437.25554
G0 F9000 X141.624 Y147.686
G0 X141.868 Y151.557
G0 X142.085 Y151.515
G1 F3044.3 X142.072 Y151.526 E437.25611
G1 X141.47 Y152.115 E437.28412
G1 X141.368 Y152.189 E437.28831
G0 F9000 X141.578 Y152.127
G0 X143.363 Y155.599
G0 X143.19 Y155.735
G1 F3044.3 X143.276 Y155.673 E437.29184
G1 X143.878 Y155.421 E437.31354
G1 X143.989 Y155.401 E437.31729
G0 F9000 X143.787 Y155.65
;MESH:NONMESH
G0 F300 X143.787 Y155.65 Z7.6
G0 F9000 X145.789 Y157.086
G0 X146.917 Y157.645
G0 X148.121 Y158.025
G0 X149.348 Y158.213
G0 X150.652 Y158.213
G0 X151.879 Y158.025
G0 X153.083 Y157.645
G0 X154.211 Y157.086
G0 X155.048 Y156.496
G0 X156.182 Y155.541
G0 X155.975 Y155.324
;TIME_ELAPSED:568.054343
;LAYER:37
;TYPE:WALL-INNER
;MESH:dannypart.STL
G1 F2029 X156.718 Y154.35 E437.35804
G1 X157.303 Y153.273 E437.3988
G1 X157.717 Y152.12 E437.43955
G1 X157.951 Y150.918 E437.48028
G1 X157.997 Y149.694 E437.52102
G1 X157.857 Y148.477 E437.56176
G1 X157.533 Y147.294 E437.60256
G1 X157.03 Y146.176 E437.64333
G1 X156.365 Y145.148 E437.68405
G1 X155.549 Y144.233 E437.72483
G1 X154.604 Y143.454 E437.76557
G1 X153.551 Y142.827 E437.80633
G1 X152.415 Y142.37 E437.84705
G1 X151.222 Y142.092 E437.8878
G1 X150 Y141.997 E437.92856
G1 X148.778 Y142.092 E437.96933
G1 X147.585 Y142.37 E438.01007
G1 X146.449 Y142.827 E438.0508
G1 X145.396 Y143.454 E438.09156
G1 X144.451 Y144.233 E438.13229
G1 X143.635 Y145.148 E438.17307
G1 X142.97 Y146.176 E438.21379
G1 X142.467 Y147.294 E438.25457
G1 X142.143 Y148.477 E438.29536
G1 X142.003 Y149.694 E438.33611
G1 X142.049 Y150.918 E438.37685
G1 X142.283 Y152.12 E438.41757
G1 X142.697 Y153.273 E438.45832
G1 X143.282 Y154.35 E438.49908
G1 X144.025 Y155.324 E438.53983
G1 X144.908 Y156.173 E438.58057
G1 X145.91 Y156.879 E438.62134
G1 X147.008 Y157.423 E438.6621
G1 X148.177 Y157.793 E438.70288
G1 X149.369 Y157.976 E438.74299
G1 X150 Y158 E438.76399
G1 X150.631 Y157.976 E438.78499
G1 X151.823 Y157.793 E438.8251
G1 X152.992 Y157.423 E438.86589
G1 X154.09 Y156.879 E438.90664
G1 X155.092 Y156.173 E438.94741
G1 X155.975 Y155.324 E438.98815
G0 F9000 X155.676 Y155.057
G1 F2029 X156.381 Y154.132 E439.02684
G1 X156.937 Y153.109 E439.06556
G1 X157.33 Y152.014 E439.10426
G1 X157.552 Y150.872 E439.14295
G1 X157.596 Y149.709 E439.18166
G1 X157.463 Y148.553 E439.22036
G1 X157.155 Y147.43 E439.25909
G1 X156.678 Y146.368 E439.29781
G1 X156.046 Y145.391 E439.33651
G1 X155.271 Y144.522 E439.37524
G1 X154.373 Y143.782 E439.41394
G1 X153.373 Y143.187 E439.45265
G1 X152.294 Y142.753 E439.49133
G1 X151.161 Y142.488 E439.53003
G1 X150 Y142.398 E439.56876
G1 X148.839 Y142.488 E439.60749
G1 X147.706 Y142.753 E439.64619
G1 X146.627 Y143.187 E439.68487
G1 X145.627 Y143.782 E439.72358
G1 X144.729 Y144.522 E439.76228
G1 X143.954 Y145.391 E439.80101
G1 X143.322 Y146.368 E439.83971
G1 X142.845 Y147.43 E439.87843
G1 X142.537 Y148.553 E439.91716
G1 X142.404 Y149.709 E439.95586
G1 X142.448 Y150.872 E439.99457
G1 X142.67 Y152.014 E440.03326
G1 X143.063 Y153.109 E440.07196
G1 X143.619 Y154.132 E440.11068
G1 X144.324 Y155.057 E440.14937
G1 X145.163 Y155.864 E440.18809
G1 X146.115 Y156.534 E440.22681
G1 X147.158 Y157.051 E440.26552
G1 X148.268 Y157.402 E440.30424
G1 X149.407 Y157.577 E440.34257
G1 X150 Y157.6 E440.36231
G1 X150.593 Y157.577 E440.38205
G1 X151.732 Y157.402 E440.42038
G1 X152.842 Y157.051 E440.4591
G1 X153.885 Y156.534 E440.49781
G1 X154.837 Y155.864 E440.53653
G1 X155.676 Y155.057 E440.57525
G0 F9000 X155.376 Y154.79
;TYPE:WALL-OUTER
G1 F2029 X156.044 Y153.914 E440.61189
G1 X156.571 Y152.945 E440.64858
G1 X156.943 Y151.908 E440.68522
G1 X157.153 Y150.826 E440.72188
G1 X157.195 Y149.724 E440.75856
G1 X157.069 Y148.629 E440.79522
G1 X156.777 Y147.566 E440.83189
G1 X156.326 Y146.56 E440.86856
G1 X155.727 Y145.634 E440.90524
G1 X154.993 Y144.811 E440.94191
G1 X154.142 Y144.11 E440.97858
G1 X153.195 Y143.547 E441.01523
G1 X152.173 Y143.135 E441.05188
G1 X151.1 Y142.884 E441.08853
G1 X150 Y142.799 E441.12522
G1 X148.9 Y142.884 E441.16192
G1 X147.827 Y143.135 E441.19857
G1 X146.805 Y143.547 E441.23522
G1 X145.858 Y144.11 E441.27186
G1 X145.007 Y144.811 E441.30854
G1 X144.273 Y145.634 E441.34521
G1 X143.674 Y146.56 E441.38189
G1 X143.223 Y147.566 E441.41856
G1 X142.931 Y148.629 E441.45523
G1 X142.805 Y149.724 E441.49189
G1 X142.847 Y150.826 E441.52857
G1 X143.057 Y151.908 E441.56523
G1 X143.429 Y152.945 E441.60187
G1 X143.956 Y153.914 E441.63856
G1 X144.624 Y154.79 E441.6752
G1 X145.418 Y155.555 E441.71187
G1 X146.32 Y156.189 E441.74854
G1 X147.308 Y156.679 E441.78522
G1 X148.359 Y157.011 E441.82188
G1 X149.445 Y157.178 E441.85842
G1 X150 Y157.2 E441.8769
G1 X150.555 Y157.178 E441.89537
G1 X151.641 Y157.011 E441.93192
G1 X152.692 Y156.679 E441.96858
G1 X153.68 Y156.189 E442.00526
G1 X154.582 Y155.555 E442.04193
G1 X155.376 Y154.79 E442.0786
G0 F9000 X155.704 Y155.082
G0 X156.163 Y155.56
G0 X156.444 Y155.843
G0 X156.663 Y156.047
;TYPE:WALL-INNER
G1 F2029 X155.821 Y156.86 E442.11753
G1 X154.914 Y157.538 E442.15519
G1 X153.908 Y158.106 E442.19361
G1 X152.836 Y158.539 E442.23207
G1 X151.721 Y158.832 E442.27041
G1 X150.565 Y158.981 E442.30918
G1 X150 Y159 E442.32798
G1 X149.435 Y158.981 E442.34678
G1 X148.279 Y158.832 E442.38555
G1 X147.164 Y158.539 E442.4239
G1 X146.092 Y158.106 E442.46235
G1 X145.086 Y157.538 E442.50077
G1 X144.179 Y156.86 E442.53844
G1 X143.337 Y156.047 E442.57737
G1 X142.616 Y155.143 E442.61583
G1 X142.026 Y154.168 E442.65373
G1 X141.555 Y153.107 E442.69234
G1 X141.227 Y151.998 E442.7308
G1 X141.044 Y150.869 E442.76884
G1 X141.007 Y149.704 E442.80761
G1 X141.116 Y148.567 E442.8456
G1 X141.374 Y147.437 E442.88415
G1 X141.768 Y146.365 E442.92214
G1 X142.309 Y145.33 E442.96098
G1 X142.967 Y144.389 E442.99917
G1 X143.74 Y143.536 E443.03746
G1 X144.617 Y142.789 E443.07578
G1 X145.59 Y142.156 E443.11439
G1 X146.608 Y141.666 E443.15196
G1 X147.722 Y141.296 E443.191
G1 X148.851 Y141.076 E443.22926
G1 X150 Y141.003 E443.26755
G1 X151.149 Y141.076 E443.30585
G1 X152.278 Y141.296 E443.3441
G1 X153.392 Y141.666 E443.38315
G1 X154.41 Y142.156 E443.42072
G1 X155.383 Y142.789 E443.45933
G1 X156.26 Y143.536 E443.49765
G1 X157.033 Y144.389 E443.53593
G1 X157.691 Y145.33 E443.57413
G1 X158.232 Y146.365 E443.61297
G1 X158.626 Y147.437 E443.65096
G1 X158.884 Y148.567 E443.68951
G1 X158.993 Y149.704 E443.7275
G1 X158.956 Y150.869 E443.76626
G1 X158.773 Y151.998 E443.8043
G1 X158.445 Y153.107 E443.84277
G1 X157.974 Y154.168 E443.88138
G1 X157.384 Y155.143 E443.91928
G1 X156.663 Y156.047 E443.95774
G0 F9000 X156.961 Y156.315
G1 F2029 X156.086 Y157.161 E443.99822
G1 X155.129 Y157.876 E444.03796
G1 X154.08 Y158.468 E444.07802
G1 X152.962 Y158.92 E444.11813
G1 X151.797 Y159.226 E444.15819
G1 X150.598 Y159.38 E444.1984
G1 X150 Y159.4 E444.2183
G1 X149.402 Y159.38 E444.2382
G1 X148.203 Y159.226 E444.2784
G1 X147.038 Y158.92 E444.31847
G1 X145.92 Y158.468 E444.35858
G1 X144.871 Y157.876 E444.39864
G1 X143.914 Y157.161 E444.43837
G1 X143.039 Y156.315 E444.47885
G1 X142.291 Y155.378 E444.51873
G1 X141.669 Y154.35 E444.55869
G1 X141.181 Y153.25 E444.59872
G1 X140.835 Y152.083 E444.6392
G1 X140.645 Y150.907 E444.67882
G1 X140.606 Y149.694 E444.71919
G1 X140.721 Y148.501 E444.75905
G1 X140.989 Y147.326 E444.79914
G1 X141.404 Y146.198 E444.83911
G1 X141.965 Y145.124 E444.87941
G1 X142.653 Y144.139 E444.91937
G1 X143.458 Y143.252 E444.95921
G1 X144.379 Y142.467 E444.99946
G1 X145.392 Y141.808 E445.03966
G1 X146.464 Y141.292 E445.07923
G1 X147.62 Y140.908 E445.11974
G1 X148.796 Y140.679 E445.15959
G1 X150 Y140.602 E445.19972
G1 X151.204 Y140.679 E445.23985
G1 X152.38 Y140.908 E445.27969
G1 X153.536 Y141.292 E445.32021
G1 X154.608 Y141.808 E445.35978
G1 X155.621 Y142.467 E445.39997
G1 X156.542 Y143.252 E445.44022
G1 X157.347 Y144.139 E445.48006
G1 X158.035 Y145.124 E445.52003
G1 X158.596 Y146.198 E445.56033
G1 X159.011 Y147.326 E445.6003
G1 X159.279 Y148.501 E445.64039
G1 X159.394 Y149.694 E445.68025
G1 X159.355 Y150.907 E445.72062
G1 X159.165 Y152.083 E445.76024
G1 X158.819 Y153.25 E445.80072
G1 X158.331 Y154.35 E445.84075
G1 X157.709 Y155.378 E445.88071
G1 X156.961 Y156.315 E445.92059
G0 F9000 X157.256 Y156.587
;TYPE:WALL-OUTER
G1 F2029 X156.351 Y157.462 E445.96245
G1 X155.344 Y158.214 E446.00426
G1 X154.252 Y158.83 E446.04596
G1 X153.088 Y159.301 E446.08772
G1 X151.873 Y159.62 E446.1295
G1 X150.631 Y159.779 E446.17115
G1 X150 Y159.8 E446.19215
G1 X149.369 Y159.779 E446.21314
G1 X148.127 Y159.62 E446.25479
G1 X146.912 Y159.301 E446.29657
G1 X145.748 Y158.83 E446.33834
G1 X144.656 Y158.214 E446.38004
G1 X143.649 Y157.462 E446.42184
G1 X142.744 Y156.587 E446.46371
G1 X141.963 Y155.608 E446.50536
G1 X141.312 Y154.532 E446.54719
G1 X140.804 Y153.386 E446.58888
G1 X140.445 Y152.175 E446.63089
G1 X140.246 Y150.945 E446.67233
G1 X140.205 Y149.684 E446.7143
G1 X140.326 Y148.436 E446.756
G1 X140.604 Y147.215 E446.79765
G1 X141.04 Y146.031 E446.83962
G1 X141.621 Y144.918 E446.88137
G1 X142.339 Y143.889 E446.92311
G1 X143.18 Y142.963 E446.96471
G1 X144.137 Y142.148 E447.00652
G1 X145.194 Y141.46 E447.04847
G1 X146.32 Y140.918 E447.09003
G1 X147.518 Y140.52 E447.13202
G1 X148.741 Y140.282 E447.17346
G1 X150 Y140.201 E447.21542
G1 X151.259 Y140.282 E447.25738
G1 X152.482 Y140.52 E447.29882
G1 X153.68 Y140.918 E447.34081
G1 X154.806 Y141.46 E447.38237
G1 X155.863 Y142.148 E447.42432
G1 X156.82 Y142.963 E447.46613
G1 X157.661 Y143.889 E447.50773
G1 X158.379 Y144.918 E447.54947
G1 X158.96 Y146.031 E447.59122
G1 X159.396 Y147.215 E447.63319
G1 X159.674 Y148.436 E447.67484
G1 X159.795 Y149.684 E447.71654
G1 X159.754 Y150.945 E447.75851
G1 X159.555 Y152.175 E447.79995
G1 X159.196 Y153.386 E447.84196
G1 X158.688 Y154.532 E447.88365
G1 X158.037 Y155.608 E447.92548
G1 X157.256 Y156.587 E447.96713
G0 F9000 X156.931 Y156.292
G0 X156.488 Y156.105
;TYPE:FILL
G1 F3043.4 X155.918 Y155.611 E447.99222
G1 X155.833 Y155.572 E447.99533
G0 F9000 X155.985 Y155.731
G0 X156.822 Y154.609
G0 X157.76 Y152.885
G0 X157.554 Y152.811
G1 F3043.4 X157.724 Y152.889 E448.00155
G1 X158.326 Y152.977 E448.02179
G1 X158.401 Y152.971 E448.02429
G0 F9000 X158.191 Y152.908
G0 X158.468 Y148.095
G0 X158.683 Y148.047
G1 F3043.4 X158.326 Y147.948 E448.03661
G1 X157.724 Y147.633 E448.05921
G1 X157.704 Y147.616 E448.06008
G0 F9000 X157.916 Y147.559
G0 X157.241 Y146.061
G0 X156.557 Y145.001
G0 X155.715 Y144.059
G0 X154.93 Y143.411
G0 X152.057 Y141.558
G0 X152.099 Y141.343
G1 F3043.4 X151.704 Y141.684 E448.07744
G1 X151.362 Y142.043 E448.09393
G0 F9000 X151.412 Y141.83
G0 X150 Y141.755
G0 X148.983 Y141.836
G0 X146.89 Y142.327
G0 X146.971 Y142.531
G1 F3043.4 X146.888 Y142.459 E448.09758
G1 X146.34 Y141.884 E448.124
G0 F9000 X146.434 Y142.082
G0 X144.285 Y144.059
G0 X143.604 Y144.821
G0 X142.469 Y146.558
G0 X142.669 Y146.649
G1 F3043.4 X142.072 Y147.275 E448.15277
G1 X141.47 Y147.796 E448.17925
G1 X141.363 Y147.845 E448.18317
G0 F9000 X141.576 Y147.894
G0 X141.834 Y151.38
G0 X142.05 Y151.339
G1 F3043.4 X141.47 Y151.947 E448.21112
G1 X141.331 Y152.063 E448.21714
G0 F9000 X141.541 Y152.002
G0 X143.415 Y155.665
G0 X143.243 Y155.801
G1 F3043.4 X143.276 Y155.774 E448.21856
G1 X143.878 Y155.459 E448.24115
G1 X144.011 Y155.422 E448.24575
G0 F9000 X143.79 Y155.651
;MESH:NONMESH
G0 F300 X143.79 Y155.651 Z7.8
G0 F9000 X145.789 Y157.086
G0 X146.917 Y157.645
G0 X148.121 Y158.025
G0 X149.348 Y158.213
G0 X150.652 Y158.213
G0 X151.879 Y158.025
G0 X153.083 Y157.645
G0 X154.211 Y157.086
G0 X155.048 Y156.496
G0 X156.182 Y155.541
G0 X155.975 Y155.324
;TIME_ELAPSED:580.686187
;LAYER:38
;TYPE:WALL-INNER
;MESH:dannypart.STL
G1 F2029.8 X156.718 Y154.35 E448.28649
G1 X157.303 Y153.273 E448.32726
G1 X157.717 Y152.12 E448.368
G1 X157.951 Y150.918 E448.40873
G1 X157.997 Y149.694 E448.44947
G1 X157.857 Y148.477 E448.49021
G1 X157.533 Y147.294 E448.53101
G1 X157.03 Y146.176 E448.57179
G1 X156.365 Y145.148 E448.61251
G1 X155.549 Y144.233 E448.65328
G1 X154.604 Y143.454 E448.69402
G1 X153.551 Y142.827 E448.73478
G1 X152.415 Y142.37 E448.77551
G1 X151.222 Y142.092 E448.81625
G1 X150 Y141.997 E448.85701
G1 X148.778 Y142.092 E448.89778
G1 X147.585 Y142.37 E448.93852
G1 X146.449 Y142.827 E448.97925
G1 X145.396 Y143.454 E449.02001
G1 X144.451 Y144.233 E449.06074
G1 X143.635 Y145.148 E449.10152
G1 X142.97 Y146.176 E449.14224
G1 X142.467 Y147.294 E449.18302
G1 X142.143 Y148.477 E449.22381
G1 X142.003 Y149.694 E449.26456
G1 X142.049 Y150.918 E449.3053
G1 X142.283 Y152.12 E449.34603
G1 X142.697 Y153.273 E449.38677
G1 X143.282 Y154.35 E449.42754
G1 X144.025 Y155.324 E449.46828
G1 X144.908 Y156.173 E449.50902
G1 X145.91 Y156.879 E449.54979
G1 X147.008 Y157.423 E449.59055
G1 X148.177 Y157.793 E449.63133
G1 X149.369 Y157.976 E449.67144
G1 X150 Y158 E449.69244
G1 X150.631 Y157.976 E449.71345
G1 X151.823 Y157.793 E449.75356
G1 X152.992 Y157.423 E449.79434
G1 X154.09 Y156.879 E449.83509
G1 X155.092 Y156.173 E449.87586
G1 X155.975 Y155.324 E449.9166
G0 F9000 X155.676 Y155.057
G1 F2029.8 X156.381 Y154.132 E449.95529
G1 X156.937 Y153.109 E449.99401
G1 X157.33 Y152.014 E450.03271
G1 X157.552 Y150.872 E450.0714
G1 X157.596 Y149.709 E450.11011
G1 X157.463 Y148.553 E450.14881
G1 X157.155 Y147.43 E450.18754
G1 X156.678 Y146.368 E450.22627
G1 X156.046 Y145.391 E450.26497
G1 X155.271 Y144.522 E450.30369
G1 X154.373 Y143.782 E450.3424
G1 X153.373 Y143.187 E450.3811
G1 X152.294 Y142.753 E450.41978
G1 X151.161 Y142.488 E450.45848
G1 X150 Y142.398 E450.49721
G1 X148.839 Y142.488 E450.53594
G1 X147.706 Y142.753 E450.57464
G1 X146.627 Y143.187 E450.61333
G1 X145.627 Y143.782 E450.65203
G1 X144.729 Y144.522 E450.69073
G1 X143.954 Y145.391 E450.72946
G1 X143.322 Y146.368 E450.76816
G1 X142.845 Y147.43 E450.80688
G1 X142.537 Y148.553 E450.84561
G1 X142.404 Y149.709 E450.88431
G1 X142.448 Y150.872 E450.92302
G1 X142.67 Y152.014 E450.96172
G1 X143.063 Y153.109 E451.00041
G1 X143.619 Y154.132 E451.03914
G1 X144.324 Y155.057 E451.07782
G1 X145.163 Y155.864 E451.11654
G1 X146.115 Y156.534 E451.15526
G1 X147.158 Y157.051 E451.19398
G1 X148.268 Y157.402 E451.2327
G1 X149.407 Y157.577 E451.27102
G1 X150 Y157.6 E451.29076
G1 X150.593 Y157.577 E451.3105
G1 X151.732 Y157.402 E451.34883
G1 X152.842 Y157.051 E451.38755
G1 X153.885 Y156.534 E451.42627
G1 X154.837 Y155.864 E451.46499
G1 X155.676 Y155.057 E451.5037
G0 F9000 X155.376 Y154.79
;TYPE:WALL-OUTER
G1 F2029.8 X156.044 Y153.914 E451.54035
G1 X156.571 Y152.945 E451.57703
G1 X156.943 Y151.908 E451.61368
G1 X157.153 Y150.826 E451.65033
G1 X157.195 Y149.724 E451.68701
G1 X157.069 Y148.629 E451.72367
G1 X156.777 Y147.566 E451.76034
G1 X156.326 Y146.56 E451.79701
G1 X155.727 Y145.634 E451.83369
G1 X154.993 Y144.811 E451.87037
G1 X154.142 Y144.11 E451.90704
G1 X153.195 Y143.547 E451.94368
G1 X152.173 Y143.135 E451.98033
G1 X151.1 Y142.884 E452.01698
G1 X150 Y142.799 E452.05368
G1 X148.9 Y142.884 E452.09037
G1 X147.827 Y143.135 E452.12702
G1 X146.805 Y143.547 E452.16367
G1 X145.858 Y144.11 E452.20032
G1 X145.007 Y144.811 E452.23699
G1 X144.273 Y145.634 E452.27367
G1 X143.674 Y146.56 E452.31035
G1 X143.223 Y147.566 E452.34701
G1 X142.931 Y148.629 E452.38368
G1 X142.805 Y149.724 E452.42034
G1 X142.847 Y150.826 E452.45702
G1 X143.057 Y151.908 E452.49368
G1 X143.429 Y152.945 E452.53032
G1 X143.956 Y153.914 E452.56701
G1 X144.624 Y154.79 E452.60365
G1 X145.418 Y155.555 E452.64032
G1 X146.32 Y156.189 E452.67699
G1 X147.308 Y156.679 E452.71367
G1 X148.359 Y157.011 E452.75033
G1 X149.445 Y157.178 E452.78688
G1 X150 Y157.2 E452.80535
G1 X150.555 Y157.178 E452.82382
G1 X151.641 Y157.011 E452.86037
G1 X152.692 Y156.679 E452.89703
G1 X153.68 Y156.189 E452.93371
G1 X154.582 Y155.555 E452.97038
G1 X155.376 Y154.79 E453.00705
G0 F9000 X155.704 Y155.082
G0 X156.163 Y155.56
G0 X156.444 Y155.843
G0 X156.663 Y156.047
;TYPE:WALL-INNER
G1 F2029.8 X155.821 Y156.86 E453.04598
G1 X154.914 Y157.538 E453.08364
G1 X153.908 Y158.106 E453.12207
G1 X152.836 Y158.539 E453.16052
G1 X151.721 Y158.832 E453.19886
G1 X150.565 Y158.981 E453.23763
G1 X150 Y159 E453.25643
G1 X149.435 Y158.981 E453.27524
G1 X148.279 Y158.832 E453.314
G1 X147.164 Y158.539 E453.35235
G1 X146.092 Y158.106 E453.3908
G1 X145.086 Y157.538 E453.42923
G1 X144.179 Y156.86 E453.46689
G1 X143.337 Y156.047 E453.50582
G1 X142.616 Y155.143 E453.54428
G1 X142.026 Y154.168 E453.58218
G1 X141.555 Y153.107 E453.62079
G1 X141.227 Y151.998 E453.65926
G1 X141.044 Y150.869 E453.6973
G1 X141.007 Y149.704 E453.73606
G1 X141.116 Y148.567 E453.77405
G1 X141.374 Y147.437 E453.81261
G1 X141.768 Y146.365 E453.85059
G1 X142.309 Y145.33 E453.88944
G1 X142.967 Y144.389 E453.92763
G1 X143.74 Y143.536 E453.96591
G1 X144.617 Y142.789 E454.00423
G1 X145.59 Y142.156 E454.04284
G1 X146.608 Y141.666 E454.08041
G1 X147.722 Y141.296 E454.11946
G1 X148.851 Y141.076 E454.15771
G1 X150 Y141.003 E454.19601
G1 X151.149 Y141.076 E454.2343
G1 X152.278 Y141.296 E454.27256
G1 X153.392 Y141.666 E454.3116
G1 X154.41 Y142.156 E454.34918
G1 X155.383 Y142.789 E454.38778
G1 X156.26 Y143.536 E454.4261
G1 X157.033 Y144.389 E454.46439
G1 X157.691 Y145.33 E454.50258
G1 X158.232 Y146.365 E454.54142
G1 X158.626 Y147.437 E454.57941
G1 X158.884 Y148.567 E454.61796
G1 X158.993 Y149.704 E454.65595
G1 X158.956 Y150.869 E454.69472
G1 X158.773 Y151.998 E454.73276
G1 X158.445 Y153.107 E454.77122
G1 X157.974 Y154.168 E454.80983
G1 X157.384 Y155.143 E454.84774
G1 X156.663 Y156.047 E454.88619
G0 F9000 X156.961 Y156.315
G1 F2029.8 X156.086 Y157.161 E454.92668
G1 X155.129 Y157.876 E454.96641
G1 X154.08 Y158.468 E455.00647
G1 X152.962 Y158.92 E455.04658
G1 X151.797 Y159.226 E455.08664
G1 X150.598 Y159.38 E455.12685
G1 X150 Y159.4 E455.14675
G1 X149.402 Y159.38 E455.16665
G1 X148.203 Y159.226 E455.20686
G1 X147.038 Y158.92 E455.24692
G1 X145.92 Y158.468 E455.28703
G1 X144.871 Y157.876 E455.32709
G1 X143.914 Y157.161 E455.36682
G1 X143.039 Y156.315 E455.4073
G1 X142.291 Y155.378 E455.44718
G1 X141.669 Y154.35 E455.48714
G1 X141.181 Y153.25 E455.52717
G1 X140.835 Y152.083 E455.56765
G1 X140.645 Y150.907 E455.60727
G1 X140.606 Y149.694 E455.64764
G1 X140.721 Y148.501 E455.6875
G1 X140.989 Y147.326 E455.72759
G1 X141.404 Y146.198 E455.76756
G1 X141.965 Y145.124 E455.80786
G1 X142.653 Y144.139 E455.84783
G1 X143.458 Y143.252 E455.88767
G1 X144.379 Y142.467 E455.92792
G1 X145.392 Y141.808 E455.96811
G1 X146.464 Y141.292 E456.00768
G1 X147.62 Y140.908 E456.0482
G1 X148.796 Y140.679 E456.08804
G1 X150 Y140.602 E456.12817
G1 X151.204 Y140.679 E456.1683
G1 X152.38 Y140.908 E456.20815
G1 X153.536 Y141.292 E456.24866
G1 X154.608 Y141.808 E456.28823
G1 X155.621 Y142.467 E456.32843
G1 X156.542 Y143.252 E456.36868
G1 X157.347 Y144.139 E456.40852
G1 X158.035 Y145.124 E456.44848
G1 X158.596 Y146.198 E456.48878
G1 X159.011 Y147.326 E456.52875
G1 X159.279 Y148.501 E456.56884
G1 X159.394 Y149.694 E456.6087
G1 X159.355 Y150.907 E456.64907
G1 X159.165 Y152.083 E456.68869
G1 X158.819 Y153.25 E456.72917
G1 X158.331 Y154.35 E456.7692
G1 X157.709 Y155.378 E456.80916
G1 X156.961 Y156.315 E456.84904
G0 F9000 X157.256 Y156.587
;TYPE:WALL-OUTER
G1 F2029.8 X156.351 Y157.462 E456.89091
G1 X155.344 Y158.214 E456.93271
G1 X154.252 Y158.83 E456.97441
G1 X153.088 Y159.301 E457.01617
G1 X151.873 Y159.62 E457.05795
G1 X150.631 Y159.779 E457.0996
G1 X150 Y159.8 E457.1206
G1 X149.369 Y159.779 E457.1416
G1 X148.127 Y159.62 E457.18324
G1 X146.912 Y159.301 E457.22502
G1 X145.748 Y158.83 E457.26679
G1 X144.656 Y158.214 E457.30849
G1 X143.649 Y157.462 E457.35029
G1 X142.744 Y156.587 E457.39216
G1 X141.963 Y155.608 E457.43381
G1 X141.312 Y154.532 E457.47564
G1 X140.804 Y153.386 E457.51733
G1 X140.445 Y152.175 E457.55934
G1 X140.246 Y150.945 E457.60079
G1 X140.205 Y149.684 E457.64275
G1 X140.326 Y148.436 E457.68445
G1 X140.604 Y147.215 E457.7261
G1 X141.04 Y146.031 E457.76807
G1 X141.621 Y144.918 E457.80983
G1 X142.339 Y143.889 E457.85156
G1 X143.18 Y142.963 E457.89316
G1 X144.137 Y142.148 E457.93497
G1 X145.194 Y141.46 E457.97692
G1 X146.32 Y140.918 E458.01848
G1 X147.518 Y140.52 E458.06047
G1 X148.741 Y140.282 E458.10191
G1 X150 Y140.201 E458.14387
G1 X151.259 Y140.282 E458.18583
G1 X152.482 Y140.52 E458.22727
G1 X153.68 Y140.918 E458.26926
G1 X154.806 Y141.46 E458.31082
G1 X155.863 Y142.148 E458.35277
G1 X156.82 Y142.963 E458.39458
G1 X157.661 Y143.889 E458.43618
G1 X158.379 Y144.918 E458.47792
G1 X158.96 Y146.031 E458.51968
G1 X159.396 Y147.215 E458.56164
G1 X159.674 Y148.436 E458.60329
G1 X159.795 Y149.684 E458.64499
G1 X159.754 Y150.945 E458.68696
G1 X159.555 Y152.175 E458.7284
G1 X159.196 Y153.386 E458.77041
G1 X158.688 Y154.532 E458.8121
G1 X158.037 Y155.608 E458.85393
G1 X157.256 Y156.587 E458.89559
G0 F9000 X156.931 Y156.292
G0 X156.603 Y155.994
;TYPE:FILL
G1 F3044.7 X156.52 Y155.898 E458.89981
G1 X155.972 Y155.439 E458.92358
G0 F9000 X156.123 Y155.598
G0 X156.764 Y154.697
G0 X157.706 Y153.037
G0 X157.499 Y152.963
G1 F3044.7 X157.724 Y153.043 E458.93152
G1 X158.326 Y153.067 E458.95156
G1 X158.375 Y153.059 E458.95321
G0 F9000 X158.165 Y152.996
G0 X158.471 Y148.104
G0 X158.685 Y148.056
G1 F3044.7 X158.326 Y147.922 E458.96596
G1 X157.724 Y147.541 E458.98965
G1 X157.669 Y147.487 E458.99222
G0 F9000 X157.881 Y147.43
G0 X157.241 Y146.061
G0 X156.557 Y145.001
G0 X155.715 Y144.059
G0 X154.744 Y143.259
G0 X153.658 Y142.612
G0 X152.71 Y142.232
G0 X151.233 Y141.794
G0 X151.216 Y142.012
G1 F3044.7 X151.704 Y141.45 E459.01697
G1 X151.883 Y141.301 E459.02472
G0 F9000 X151.841 Y141.516
G0 X148.744 Y141.855
G0 X148.396 Y141.935
G0 X146.724 Y142.393
G0 X146.805 Y142.597
G1 F3044.7 X146.286 Y142 E459.05103
G1 X146.224 Y141.94 E459.0539
G0 F9000 X146.318 Y142.138
G0 X144.285 Y144.059
G0 X143.443 Y145.001
G0 X143.056 Y145.601
G0 X142.308 Y146.917
G0 X142.507 Y147.008
G1 F3044.7 X142.072 Y147.509 E459.07597
G1 X141.47 Y148.013 E459.10208
G1 X141.312 Y148.069 E459.10766
G0 F9000 X141.526 Y148.118
G0 X141.797 Y151.191
G0 X142.014 Y151.149
G1 F3044.7 X141.47 Y151.775 E459.13524
G1 X141.298 Y151.941 E459.14319
G0 F9000 X141.515 Y151.907
G0 X143.461 Y155.722
G0 X143.288 Y155.858
G1 F3044.7 X143.878 Y155.485 E459.16641
G1 X144.021 Y155.432 E459.17148
G0 F9000 X143.8 Y155.661
;MESH:NONMESH
G0 F300 X143.8 Y155.661 Z8
G0 F9000 X145.789 Y157.086
G0 X146.917 Y157.645
G0 X148.121 Y158.025
G0 X149.348 Y158.213
G0 X150.652 Y158.213
G0 X151.879 Y158.025
G0 X153.083 Y157.645
G0 X154.211 Y157.086
G0 X155.048 Y156.496
G0 X156.182 Y155.541
G0 X155.975 Y155.324
;TIME_ELAPSED:593.319595
;LAYER:39
;TYPE:WALL-INNER
;MESH:dannypart.STL
G1 F2029.2 X156.718 Y154.35 E459.21223
G1 X157.303 Y153.273 E459.25299
G1 X157.717 Y152.12 E459.29374
G1 X157.951 Y150.918 E459.33446
G1 X157.997 Y149.694 E459.3752
G1 X157.857 Y148.477 E459.41595
G1 X157.533 Y147.294 E459.45674
G1 X157.03 Y146.176 E459.49752
G1 X156.365 Y145.148 E459.53824
G1 X155.549 Y144.233 E459.57902
G1 X154.604 Y143.454 E459.61975
G1 X153.551 Y142.827 E459.66051
G1 X152.415 Y142.37 E459.70124
G1 X151.222 Y142.092 E459.74198
G1 X150 Y141.997 E459.78275
G1 X148.778 Y142.092 E459.82351
G1 X147.585 Y142.37 E459.86426
G1 X146.449 Y142.827 E459.90498
G1 X145.396 Y143.454 E459.94574
G1 X144.451 Y144.233 E459.98648
G1 X143.635 Y145.148 E460.02726
G1 X142.97 Y146.176 E460.06798
G1 X142.467 Y147.294 E460.10875
G1 X142.143 Y148.477 E460.14955
G1 X142.003 Y149.694 E460.19029
G1 X142.049 Y150.918 E460.23103
G1 X142.283 Y152.12 E460.27176
G1 X142.697 Y153.273 E460.31251
G1 X143.282 Y154.35 E460.35327
G1 X144.025 Y155.324 E460.39402
G1 X144.908 Y156.173 E460.43476
G1 X145.91 Y156.879 E460.47553
G1 X147.008 Y157.423 E460.51628
G1 X148.177 Y157.793 E460.55706
G1 X149.369 Y157.976 E460.59718
G1 X150 Y158 E460.61818
G1 X150.631 Y157.976 E460.63918
G1 X151.823 Y157.793 E460.67929
G1 X152.992 Y157.423 E460.72007
G1 X154.09 Y156.879 E460.76083
G1 X155.092 Y156.173 E460.8016
G1 X155.975 Y155.324 E460.84234
G0 F9000 X155.676 Y155.057
G1 F2029.2 X156.381 Y154.132 E460.88102
G1 X156.937 Y153.109 E460.91975
G1 X157.33 Y152.014 E460.95844
G1 X157.552 Y150.872 E460.99714
G1 X157.596 Y149.709 E461.03584
G1 X157.463 Y148.553 E461.07455
G1 X157.155 Y147.43 E461.11328
G1 X156.678 Y146.368 E461.152
G1 X156.046 Y145.391 E461.1907
G1 X155.271 Y144.522 E461.22943
G1 X154.373 Y143.782 E461.26813
G1 X153.373 Y143.187 E461.30683
G1 X152.294 Y142.753 E461.34551
G1 X151.161 Y142.488 E461.38422
G1 X150 Y142.398 E461.42295
G1 X148.839 Y142.488 E461.46168
G1 X147.706 Y142.753 E461.50038
G1 X146.627 Y143.187 E461.53906
G1 X145.627 Y143.782 E461.57776
G1 X144.729 Y144.522 E461.61646
G1 X143.954 Y145.391 E461.65519
G1 X143.322 Y146.368 E461.69389
G1 X142.845 Y147.43 E461.73261
G1 X142.537 Y148.553 E461.77135
G1 X142.404 Y149.709 E461.81005
G1 X142.448 Y150.872 E461.84876
G1 X142.67 Y152.014 E461.88745
G1 X143.063 Y153.109 E461.92615
G1 X143.619 Y154.132 E461.96487
G1 X144.324 Y155.057 E462.00355
G1 X145.163 Y155.864 E462.04227
G1 X146.115 Y156.534 E462.08099
G1 X147.158 Y157.051 E462.11971
G1 X148.268 Y157.402 E462.15843
G1 X149.407 Y157.577 E462.19676
G1 X150 Y157.6 E462.2165
G1 X150.593 Y157.577 E462.23623
G1 X151.732 Y157.402 E462.27456
G1 X152.842 Y157.051 E462.31328
G1 X153.885 Y156.534 E462.352
G1 X154.837 Y155.864 E462.39072
G1 X155.676 Y155.057 E462.42944
G0 F9000 X155.376 Y154.79
;TYPE:WALL-OUTER
G1 F2029.2 X156.044 Y153.914 E462.46608
G1 X156.571 Y152.945 E462.50277
G1 X156.943 Y151.908 E462.53941
G1 X157.153 Y150.826 E462.57607
G1 X157.195 Y149.724 E462.61275
G1 X157.069 Y148.629 E462.64941
G1 X156.777 Y147.566 E462.68607
G1 X156.326 Y146.56 E462.72274
G1 X155.727 Y145.634 E462.75942
G1 X154.993 Y144.811 E462.7961
G1 X154.142 Y144.11 E462.83277
G1 X153.195 Y143.547 E462.86941
G1 X152.173 Y143.135 E462.90606
G1 X151.1 Y142.884 E462.94272
G1 X150 Y142.799 E462.97941
G1 X148.9 Y142.884 E463.01611
G1 X147.827 Y143.135 E463.05276
G1 X146.805 Y143.547 E463.08941
G1 X145.858 Y144.11 E463.12605
G1 X145.007 Y144.811 E463.16272
G1 X144.273 Y145.634 E463.1994
G1 X143.674 Y146.56 E463.23608
G1 X143.223 Y147.566 E463.27275
G1 X142.931 Y148.629 E463.30941
G1 X142.805 Y149.724 E463.34607
G1 X142.847 Y150.826 E463.38275
G1 X143.057 Y151.908 E463.41941
G1 X143.429 Y152.945 E463.45606
G1 X143.956 Y153.914 E463.49274
G1 X144.624 Y154.79 E463.52938
G1 X145.418 Y155.555 E463.56605
G1 X146.32 Y156.189 E463.60272
G1 X147.308 Y156.679 E463.63941
G1 X148.359 Y157.011 E463.67606
G1 X149.445 Y157.178 E463.71261
G1 X150 Y157.2 E463.73108
G1 X150.555 Y157.178 E463.74956
G1 X151.641 Y157.011 E463.7861
G1 X152.692 Y156.679 E463.82276
G1 X153.68 Y156.189 E463.85944
G1 X154.582 Y155.555 E463.89611
G1 X155.376 Y154.79 E463.93278
G0 F9000 X155.704 Y155.082
G0 X156.163 Y155.56
G0 X156.444 Y155.843
G0 X156.663 Y156.047
;TYPE:WALL-INNER
G1 F2029.2 X155.821 Y156.86 E463.97171
G1 X154.914 Y157.538 E464.00938
G1 X153.908 Y158.106 E464.0478
G1 X152.836 Y158.539 E464.08625
G1 X151.721 Y158.832 E464.1246
G1 X150.565 Y158.981 E464.16337
G1 X150 Y159 E464.18217
G1 X149.435 Y158.981 E464.20097
G1 X148.279 Y158.832 E464.23974
G1 X147.164 Y158.539 E464.27808
G1 X146.092 Y158.106 E464.31654
G1 X145.086 Y157.538 E464.35496
G1 X144.179 Y156.86 E464.39262
G1 X143.337 Y156.047 E464.43155
G1 X142.616 Y155.143 E464.47001
G1 X142.026 Y154.168 E464.50792
G1 X141.555 Y153.107 E464.54653
G1 X141.227 Y151.998 E464.58499
G1 X141.044 Y150.869 E464.62303
G1 X141.007 Y149.704 E464.6618
G1 X141.116 Y148.567 E464.69979
G1 X141.374 Y147.437 E464.73834
G1 X141.768 Y146.365 E464.77633
G1 X142.309 Y145.33 E464.81517
G1 X142.967 Y144.389 E464.85336
G1 X143.74 Y143.536 E464.89165
G1 X144.617 Y142.789 E464.92996
G1 X145.59 Y142.156 E464.96857
G1 X146.608 Y141.666 E465.00615
G1 X147.722 Y141.296 E465.04519
G1 X148.851 Y141.076 E465.08345
G1 X150 Y141.003 E465.12174
G1 X151.149 Y141.076 E465.16003
G1 X152.278 Y141.296 E465.19829
G1 X153.392 Y141.666 E465.23733
G1 X154.41 Y142.156 E465.27491
G1 X155.383 Y142.789 E465.31352
G1 X156.26 Y143.536 E465.35183
G1 X157.033 Y144.389 E465.39012
G1 X157.691 Y145.33 E465.42831
G1 X158.232 Y146.365 E465.46715
G1 X158.626 Y147.437 E465.50514
G1 X158.884 Y148.567 E465.54369
G1 X158.993 Y149.704 E465.58168
G1 X158.956 Y150.869 E465.62045
G1 X158.773 Y151.998 E465.65849
G1 X158.445 Y153.107 E465.69696
G1 X157.974 Y154.168 E465.73557
G1 X157.384 Y155.143 E465.77347
G1 X156.663 Y156.047 E465.81193
G0 F9000 X156.961 Y156.315
G1 F2029.2 X156.086 Y157.161 E465.85241
G1 X155.129 Y157.876 E465.89214
G1 X154.08 Y158.468 E465.9322
G1 X152.962 Y158.92 E465.97231
G1 X151.797 Y159.226 E466.01238
G1 X150.598 Y159.38 E466.05258
G1 X150 Y159.4 E466.07248
G1 X149.402 Y159.38 E466.09238
G1 X148.203 Y159.226 E466.13259
G1 X147.038 Y158.92 E466.17265
G1 X145.92 Y158.468 E466.21276
G1 X144.871 Y157.876 E466.25282
G1 X143.914 Y157.161 E466.29256
G1 X143.039 Y156.315 E466.33304
G1 X142.291 Y155.378 E466.37291
G1 X141.669 Y154.35 E466.41288
G1 X141.181 Y153.25 E466.4529
G1 X140.835 Y152.083 E466.49339
G1 X140.645 Y150.907 E466.53301
G1 X140.606 Y149.694 E466.57337
G1 X140.721 Y148.501 E466.61324
G1 X140.989 Y147.326 E466.65332
G1 X141.404 Y146.198 E466.6933
G1 X141.965 Y145.124 E466.7336
G1 X142.653 Y144.139 E466.77356
G1 X143.458 Y143.252 E466.8134
G1 X144.379 Y142.467 E466.85365
G1 X145.392 Y141.808 E466.89384
G1 X146.464 Y141.292 E466.93341
G1 X147.62 Y140.908 E466.97393
G1 X148.796 Y140.679 E467.01378
G1 X150 Y140.602 E467.0539
G1 X151.204 Y140.679 E467.09403
G1 X152.38 Y140.908 E467.13388
G1 X153.536 Y141.292 E467.17439
G1 X154.608 Y141.808 E467.21397
G1 X155.621 Y142.467 E467.25416
G1 X156.542 Y143.252 E467.29441
G1 X157.347 Y144.139 E467.33425
G1 X158.035 Y145.124 E467.37421
G1 X158.596 Y146.198 E467.41451
G1 X159.011 Y147.326 E467.45449
G1 X159.279 Y148.501 E467.49457
G1 X159.394 Y149.694 E467.53444
G1 X159.355 Y150.907 E467.5748
G1 X159.165 Y152.083 E467.61442
G1 X158.819 Y153.25 E467.65491
G1 X158.331 Y154.35 E467.69493
G1 X157.709 Y155.378 E467.73489
G1 X156.961 Y156.315 E467.77477
G0 F9000 X157.256 Y156.587
;TYPE:WALL-OUTER
G1 F2029.2 X156.351 Y157.462 E467.81664
G1 X155.344 Y158.214 E467.85844
G1 X154.252 Y158.83 E467.90014
G1 X153.088 Y159.301 E467.94191
G1 X151.873 Y159.62 E467.98369
G1 X150.631 Y159.779 E468.02533
G1 X150 Y159.8 E468.04633
G1 X149.369 Y159.779 E468.06733
G1 X148.127 Y159.62 E468.10898
G1 X146.912 Y159.301 E468.15076
G1 X145.748 Y158.83 E468.19252
G1 X144.656 Y158.214 E468.23422
G1 X143.649 Y157.462 E468.27602
G1 X142.744 Y156.587 E468.31789
G1 X141.963 Y155.608 E468.35955
G1 X141.312 Y154.532 E468.40137
G1 X140.804 Y153.386 E468.44307
G1 X140.445 Y152.175 E468.48508
G1 X140.246 Y150.945 E468.52652
G1 X140.205 Y149.684 E468.56848
G1 X140.326 Y148.436 E468.61019
G1 X140.604 Y147.215 E468.65184
G1 X141.04 Y146.031 E468.6938
G1 X141.621 Y144.918 E468.73556
G1 X142.339 Y143.889 E468.77729
G1 X143.18 Y142.963 E468.8189
G1 X144.137 Y142.148 E468.86071
G1 X145.194 Y141.46 E468.90265
G1 X146.32 Y140.918 E468.94422
G1 X147.518 Y140.52 E468.9862
G1 X148.741 Y140.282 E469.02764
G1 X150 Y140.201 E469.06961
G1 X151.259 Y140.282 E469.11157
G1 X152.482 Y140.52 E469.15301
G1 X153.68 Y140.918 E469.19499
G1 X154.806 Y141.46 E469.23656
G1 X155.863 Y142.148 E469.27851
G1 X156.82 Y142.963 E469.32031
G1 X157.661 Y143.889 E469.36192
G1 X158.379 Y144.918 E469.40365
G1 X158.96 Y146.031 E469.44541
G1 X159.396 Y147.215 E469.48738
G1 X159.674 Y148.436 E469.52903
G1 X159.795 Y149.684 E469.57073
G1 X159.754 Y150.945 E469.61269
G1 X159.555 Y152.175 E469.65413
G1 X159.196 Y153.386 E469.69614
G1 X158.688 Y154.532 E469.73784
G1 X158.037 Y155.608 E469.77967
G1 X157.256 Y156.587 E469.82132
G0 F9000 X156.931 Y156.292
G0 X156.708 Y155.863
;TYPE:FILL
G1 F3043.9 X156.52 Y155.619 E469.83156
G1 X156.105 Y155.287 E469.84924
G0 F9000 X156.279 Y155.42
G0 X156.639 Y154.891
G0 X157.637 Y153.229
G0 X157.43 Y153.155
G1 F3043.9 X157.724 Y153.221 E469.85926
G1 X158.326 Y153.174 E469.87935
G0 F9000 X158.127 Y153.085
G0 X158.476 Y148.13
G0 X158.691 Y148.082
G1 F3043.9 X158.326 Y147.909 E469.89278
G1 X157.724 Y147.455 E469.91786
G1 X157.631 Y147.349 E469.92255
G0 F9000 X157.843 Y147.292
G0 X157.241 Y146.061
G0 X156.557 Y145.001
G0 X155.715 Y144.059
G0 X154.744 Y143.259
G0 X153.658 Y142.612
G0 X152.71 Y142.232
G0 X151.08 Y141.781
G0 X151.063 Y142
G1 F3043.9 X151.102 Y141.955 E469.92453
G1 X151.641 Y141.253 E469.95397
G0 F9000 X151.599 Y141.469
G0 X148.744 Y141.855
G0 X148.047 Y142.016
G0 X146.567 Y142.456
G0 X146.648 Y142.66
G1 F3043.9 X146.286 Y142.188 E469.97375
G1 X146.114 Y141.992 E469.98242
G0 F9000 X146.209 Y142.191
G0 X144.285 Y144.059
G0 X143.443 Y145.001
G0 X142.89 Y145.859
G0 X142.136 Y147.371
G0 X142.347 Y147.429
G1 F3043.9 X142.072 Y147.788 E469.99747
G1 X141.47 Y148.269 E470.02309
G1 X141.255 Y148.317 E470.03042
G0 F9000 X141.469 Y148.366
G0 X141.755 Y150.975
G0 X141.972 Y150.933
G1 F3043.9 X141.47 Y151.587 E470.05784
G1 X141.277 Y151.807 E470.06758
G0 F9000 X141.493 Y151.773
G0 X142.78 Y153.968
G0 X143.867 Y155.589
G0 X144.02 Y155.431
G1 F3043.9 X143.878 Y155.498 E470.0728
G1 X143.33 Y155.911 E470.09562
G0 F9000 X143.575 Y155.722
;MESH:NONMESH
G0 F300 X143.575 Y155.722 Z8.2
G0 F9000 X145.789 Y157.086
G0 X146.917 Y157.645
G0 X148.121 Y158.025
G0 X149.348 Y158.213
G0 X150.652 Y158.213
G0 X151.879 Y158.025
G0 X153.083 Y157.645
G0 X154.211 Y157.086
G0 X155.048 Y156.496
G0 X156.182 Y155.541
G0 X155.975 Y155.324
;TIME_ELAPSED:605.945861
;LAYER:40
;TYPE:WALL-INNER
;MESH:dannypart.STL
G1 F2047.8 X156.718 Y154.35 E470.13637
G1 X157.303 Y153.273 E470.17713
G1 X157.717 Y152.12 E470.21788
G1 X157.951 Y150.918 E470.25861
G1 X157.997 Y149.694 E470.29935
G1 X157.857 Y148.477 E470.34009
G1 X157.533 Y147.294 E470.38089
G1 X157.03 Y146.176 E470.42166
G1 X156.365 Y145.148 E470.46238
G1 X155.549 Y144.233 E470.50316
G1 X154.604 Y143.454 E470.54389
G1 X153.551 Y142.827 E470.58465
G1 X152.415 Y142.37 E470.62538
G1 X151.222 Y142.092 E470.66612
G1 X150 Y141.997 E470.70689
G1 X148.778 Y142.092 E470.74766
G1 X147.585 Y142.37 E470.7884
G1 X146.449 Y142.827 E470.82912
G1 X145.396 Y143.454 E470.86989
G1 X144.451 Y144.233 E470.91062
G1 X143.635 Y145.148 E470.9514
G1 X142.97 Y146.176 E470.99212
G1 X142.467 Y147.294 E471.03289
G1 X142.143 Y148.477 E471.07369
G1 X142.003 Y149.694 E471.11443
G1 X142.049 Y150.918 E471.15517
G1 X142.283 Y152.12 E471.1959
G1 X142.697 Y153.273 E471.23665
G1 X143.282 Y154.35 E471.27741
G1 X144.025 Y155.324 E471.31816
G1 X144.908 Y156.173 E471.3589
G1 X145.91 Y156.879 E471.39967
G1 X147.008 Y157.423 E471.44042
G1 X148.177 Y157.793 E471.48121
G1 X149.369 Y157.976 E471.52132
G1 X150 Y158 E471.54232
G1 X150.631 Y157.976 E471.56332
G1 X151.823 Y157.793 E471.60343
G1 X152.992 Y157.423 E471.64421
G1 X154.09 Y156.879 E471.68497
G1 X155.092 Y156.173 E471.72574
G1 X155.975 Y155.324 E471.76648
G0 F9000 X155.676 Y155.057
G1 F2047.8 X156.381 Y154.132 E471.80516
G1 X156.937 Y153.109 E471.84389
G1 X157.33 Y152.014 E471.88258
G1 X157.552 Y150.872 E471.92128
G1 X157.596 Y149.709 E471.95999
G1 X157.463 Y148.553 E471.99869
G1 X157.155 Y147.43 E472.03742
G1 X156.678 Y146.368 E472.07614
G1 X156.046 Y145.391 E472.11484
G1 X155.271 Y144.522 E472.15357
G1 X154.373 Y143.782 E472.19227
G1 X153.373 Y143.187 E472.23097
G1 X152.294 Y142.753 E472.26966
G1 X151.161 Y142.488 E472.30836
G1 X150 Y142.398 E472.34709
G1 X148.839 Y142.488 E472.38582
G1 X147.706 Y142.753 E472.42452
G1 X146.627 Y143.187 E472.4632
G1 X145.627 Y143.782 E472.5019
G1 X144.729 Y144.522 E472.54061
G1 X143.954 Y145.391 E472.57933
G1 X143.322 Y146.368 E472.61803
G1 X142.845 Y147.43 E472.65676
G1 X142.537 Y148.553 E472.69549
G1 X142.404 Y149.709 E472.73419
G1 X142.448 Y150.872 E472.7729
G1 X142.67 Y152.014 E472.81159
G1 X143.063 Y153.109 E472.85029
G1 X143.619 Y154.132 E472.88901
G1 X144.324 Y155.057 E472.9277
G1 X145.163 Y155.864 E472.96641
G1 X146.115 Y156.534 E473.00513
G1 X147.158 Y157.051 E473.04385
G1 X148.268 Y157.402 E473.08257
G1 X149.407 Y157.577 E473.1209
G1 X150 Y157.6 E473.14064
G1 X150.593 Y157.577 E473.16038
G1 X151.732 Y157.402 E473.1987
G1 X152.842 Y157.051 E473.23742
G1 X153.885 Y156.534 E473.27614
G1 X154.837 Y155.864 E473.31486
G1 X155.676 Y155.057 E473.35358
G0 F9000 X155.376 Y154.79
;TYPE:WALL-OUTER
G1 F2047.8 X156.044 Y153.914 E473.39022
G1 X156.571 Y152.945 E473.42691
G1 X156.943 Y151.908 E473.46355
G1 X157.153 Y150.826 E473.50021
G1 X157.195 Y149.724 E473.53689
G1 X157.069 Y148.629 E473.57355
G1 X156.777 Y147.566 E473.61021
G1 X156.326 Y146.56 E473.64688
G1 X155.727 Y145.634 E473.68356
G1 X154.993 Y144.811 E473.72024
G1 X154.142 Y144.11 E473.75691
G1 X153.195 Y143.547 E473.79356
G1 X152.173 Y143.135 E473.83021
G1 X151.1 Y142.884 E473.86686
G1 X150 Y142.799 E473.90355
G1 X148.9 Y142.884 E473.94025
G1 X147.827 Y143.135 E473.9769
G1 X146.805 Y143.547 E474.01355
G1 X145.858 Y144.11 E474.05019
G1 X145.007 Y144.811 E474.08686
G1 X144.273 Y145.634 E474.12354
G1 X143.674 Y146.56 E474.16022
G1 X143.223 Y147.566 E474.19689
G1 X142.931 Y148.629 E474.23356
G1 X142.805 Y149.724 E474.27022
G1 X142.847 Y150.826 E474.3069
G1 X143.057 Y151.908 E474.34355
G1 X143.429 Y152.945 E474.3802
G1 X143.956 Y153.914 E474.41688
G1 X144.624 Y154.79 E474.45352
G1 X145.418 Y155.555 E474.4902
G1 X146.32 Y156.189 E474.52687
G1 X147.308 Y156.679 E474.56355
G1 X148.359 Y157.011 E474.60021
G1 X149.445 Y157.178 E474.63675
G1 X150 Y157.2 E474.65522
G1 X150.555 Y157.178 E474.6737
G1 X151.641 Y157.011 E474.71024
G1 X152.692 Y156.679 E474.7469
G1 X153.68 Y156.189 E474.78358
G1 X154.582 Y155.555 E474.82025
G1 X155.376 Y154.79 E474.85693
G0 F9000 X155.704 Y155.082
G0 X156.163 Y155.56
G0 X156.444 Y155.843
G0 X156.663 Y156.047
;TYPE:WALL-INNER
G1 F2047.8 X155.821 Y156.86 E474.89585
G1 X154.914 Y157.538 E474.93352
G1 X153.908 Y158.106 E474.97194
G1 X152.836 Y158.539 E475.0104
G1 X151.721 Y158.832 E475.04874
G1 X150.565 Y158.981 E475.08751
G1 X150 Y159 E475.10631
G1 X149.435 Y158.981 E475.12511
G1 X148.279 Y158.832 E475.16388
G1 X147.164 Y158.539 E475.20222
G1 X146.092 Y158.106 E475.24068
G1 X145.086 Y157.538 E475.2791
G1 X144.179 Y156.86 E475.31676
G1 X143.337 Y156.047 E475.35569
G1 X142.616 Y155.143 E475.39415
G1 X142.026 Y154.168 E475.43206
G1 X141.555 Y153.107 E475.47067
G1 X141.227 Y151.998 E475.50913
G1 X141.044 Y150.869 E475.54717
G1 X141.007 Y149.704 E475.58594
G1 X141.116 Y148.567 E475.62393
G1 X141.374 Y147.437 E475.66248
G1 X141.768 Y146.365 E475.70047
G1 X142.309 Y145.33 E475.73931
G1 X142.967 Y144.389 E475.7775
G1 X143.74 Y143.536 E475.81579
G1 X144.617 Y142.789 E475.85411
G1 X145.59 Y142.156 E475.89271
G1 X146.608 Y141.666 E475.93029
G1 X147.722 Y141.296 E475.96933
G1 X148.851 Y141.076 E476.00759
G1 X150 Y141.003 E476.04588
G1 X151.149 Y141.076 E476.08418
G1 X152.278 Y141.296 E476.12243
G1 X153.392 Y141.666 E476.16147
G1 X154.41 Y142.156 E476.19905
G1 X155.383 Y142.789 E476.23766
G1 X156.26 Y143.536 E476.27597
G1 X157.033 Y144.389 E476.31426
G1 X157.691 Y145.33 E476.35245
G1 X158.232 Y146.365 E476.3913
G1 X158.626 Y147.437 E476.42928
G1 X158.884 Y148.567 E476.46783
G1 X158.993 Y149.704 E476.50582
G1 X158.956 Y150.869 E476.54459
G1 X158.773 Y151.998 E476.58263
G1 X158.445 Y153.107 E476.6211
G1 X157.974 Y154.168 E476.65971
G1 X157.384 Y155.143 E476.69761
G1 X156.663 Y156.047 E476.73607
G0 F9000 X156.961 Y156.315
G1 F2047.8 X156.086 Y157.161 E476.77655
G1 X155.129 Y157.876 E476.81628
G1 X154.08 Y158.468 E476.85635
G1 X152.962 Y158.92 E476.89646
G1 X151.797 Y159.226 E476.93652
G1 X150.598 Y159.38 E476.97672
G1 X150 Y159.4 E476.99662
G1 X149.402 Y159.38 E477.01653
G1 X148.203 Y159.226 E477.05673
G1 X147.038 Y158.92 E477.09679
G1 X145.92 Y158.468 E477.1369
G1 X144.871 Y157.876 E477.17697
G1 X143.914 Y157.161 E477.2167
G1 X143.039 Y156.315 E477.25718
G1 X142.291 Y155.378 E477.29706
G1 X141.669 Y154.35 E477.33702
G1 X141.181 Y153.25 E477.37704
G1 X140.835 Y152.083 E477.41753
G1 X140.645 Y150.907 E477.45715
G1 X140.606 Y149.694 E477.49752
G1 X140.721 Y148.501 E477.53738
G1 X140.989 Y147.326 E477.57746
G1 X141.404 Y146.198 E477.61744
G1 X141.965 Y145.124 E477.65774
G1 X142.653 Y144.139 E477.6977
G1 X143.458 Y143.252 E477.73754
G1 X144.379 Y142.467 E477.77779
G1 X145.392 Y141.808 E477.81799
G1 X146.464 Y141.292 E477.85756
G1 X147.62 Y140.908 E477.89807
G1 X148.796 Y140.679 E477.93792
G1 X150 Y140.602 E477.97805
G1 X151.204 Y140.679 E478.01817
G1 X152.38 Y140.908 E478.05802
G1 X153.536 Y141.292 E478.09854
G1 X154.608 Y141.808 E478.13811
G1 X155.621 Y142.467 E478.1783
G1 X156.542 Y143.252 E478.21855
G1 X157.347 Y144.139 E478.25839
G1 X158.035 Y145.124 E478.29835
G1 X158.596 Y146.198 E478.33865
G1 X159.011 Y147.326 E478.37863
G1 X159.279 Y148.501 E478.41871
G1 X159.394 Y149.694 E478.45858
G1 X159.355 Y150.907 E478.49894
G1 X159.165 Y152.083 E478.53856
G1 X158.819 Y153.25 E478.57905
G1 X158.331 Y154.35 E478.61907
G1 X157.709 Y155.378 E478.65904
G1 X156.961 Y156.315 E478.69891
G0 F9000 X157.256 Y156.587
;TYPE:WALL-OUTER
G1 F2047.8 X156.351 Y157.462 E478.74078
G1 X155.344 Y158.214 E478.78258
G1 X154.252 Y158.83 E478.82428
G1 X153.088 Y159.301 E478.86605
G1 X151.873 Y159.62 E478.90783
G1 X150.631 Y159.779 E478.94947
G1 X150 Y159.8 E478.97047
G1 X149.369 Y159.779 E478.99147
G1 X148.127 Y159.62 E479.03312
G1 X146.912 Y159.301 E479.0749
G1 X145.748 Y158.83 E479.11666
G1 X144.656 Y158.214 E479.15836
G1 X143.649 Y157.462 E479.20017
G1 X142.744 Y156.587 E479.24203
G1 X141.963 Y155.608 E479.28369
G1 X141.312 Y154.532 E479.32552
G1 X140.804 Y153.386 E479.36721
G1 X140.445 Y152.175 E479.40922
G1 X140.246 Y150.945 E479.45066
G1 X140.205 Y149.684 E479.49262
G1 X140.326 Y148.436 E479.53433
G1 X140.604 Y147.215 E479.57598
G1 X141.04 Y146.031 E479.61794
G1 X141.621 Y144.918 E479.6597
G1 X142.339 Y143.889 E479.70143
G1 X143.18 Y142.963 E479.74304
G1 X144.137 Y142.148 E479.78485
G1 X145.194 Y141.46 E479.8268
G1 X146.32 Y140.918 E479.86836
G1 X147.518 Y140.52 E479.91035
G1 X148.741 Y140.282 E479.95179
G1 X150 Y140.201 E479.99375
G1 X151.259 Y140.282 E480.03571
G1 X152.482 Y140.52 E480.07715
G1 X153.68 Y140.918 E480.11914
G1 X154.806 Y141.46 E480.1607
G1 X155.863 Y142.148 E480.20265
G1 X156.82 Y142.963 E480.24446
G1 X157.661 Y143.889 E480.28606
G1 X158.379 Y144.918 E480.32779
G1 X158.96 Y146.031 E480.36955
G1 X159.396 Y147.215 E480.41152
G1 X159.674 Y148.436 E480.45317
G1 X159.795 Y149.684 E480.49487
G1 X159.754 Y150.945 E480.53683
G1 X159.555 Y152.175 E480.57828
G1 X159.196 Y153.386 E480.62029
G1 X158.688 Y154.532 E480.66198
G1 X158.037 Y155.608 E480.70381
G1 X157.256 Y156.587 E480.74546
G0 F9000 X156.931 Y156.292
G0 X156.824 Y155.717
;TYPE:FILL
G1 F3071.7 X156.52 Y155.244 E480.76416
G1 X156.271 Y155.069 E480.77428
G0 F9000 X156.445 Y155.202
G0 X157.51 Y153.516
G0 X157.318 Y153.411
G1 F3071.7 X157.724 Y153.428 E480.7878
G1 X158.266 Y153.313 E480.80623
G0 F9000 X158.065 Y153.224
G0 X158.487 Y148.175
G0 X158.701 Y148.127
G1 F3071.7 X158.326 Y147.911 E480.82062
G1 X157.724 Y147.375 E480.84743
G1 X157.552 Y147.139 E480.85714
G0 F9000 X157.753 Y147.049
G0 X157.241 Y146.061
G0 X156.557 Y145.001
G0 X155.715 Y144.059
G0 X154.744 Y143.259
G0 X153.658 Y142.612
G0 X152.71 Y142.232
G0 X150.934 Y141.77
G0 X150.917 Y141.988
G1 F3071.7 X151.102 Y141.734 E480.8676
G1 X151.436 Y141.214 E480.88815
G0 F9000 X151.394 Y141.429
G0 X148.744 Y141.855
G0 X148.047 Y142.016
G0 X146.407 Y142.521
G0 X146.488 Y142.724
G1 F3071.7 X146.286 Y142.409 E480.9006
G1 X146.016 Y142.039 E480.91583
G0 F9000 X146.111 Y142.238
G0 X144.285 Y144.059
G0 X143.443 Y145.001
G0 X142.759 Y146.061
G0 X141.99 Y147.903
G0 X142.202 Y147.961
G1 F3071.7 X142.072 Y148.163 E480.92382
G1 X141.47 Y148.587 E480.94831
G1 X141.193 Y148.598 E480.95753
G0 F9000 X141.412 Y148.619
G0 X141.738 Y150.612
G0 X141.959 Y150.605
G1 F3071.7 X141.47 Y151.366 E480.98762
G1 X141.253 Y151.663 E480.99985
G0 F9000 X141.47 Y151.629
G0 X142.922 Y154.198
G0 X143.856 Y155.578
G0 X144.009 Y155.42
G1 F3071.7 X143.878 Y155.496 E481.00489
G1 X143.364 Y155.954 E481.02779
G0 F9000 X143.537 Y155.817
G0 X145.789 Y157.086
G0 X146.917 Y157.645
G0 X147.891 Y157.952
G0 X149.769 Y158.29
G0 X149.778 Y158.071
G1 F3071.7 X149.898 Y158.116 E481.03205
G1 X150.5 Y158.244 E481.05252
G1 X151.102 Y158.219 E481.07256
G1 X151.53 Y157.917 E481.08998
G0 F9000 X151.586 Y158.247
;MESH:NONMESH
G0 F300 X151.586 Y158.247 Z8.4
G0 F9000 X153.083 Y157.645
G0 X154.211 Y157.086
G0 X155.048 Y156.496
G0 X156.182 Y155.541
G0 X155.975 Y155.324
;TIME_ELAPSED:618.703989
;LAYER:41
;TYPE:WALL-INNER
;MESH:dannypart.STL
G1 F2047.8 X156.718 Y154.35 E481.13073
G1 X157.303 Y153.273 E481.17149
G1 X157.717 Y152.12 E481.21224
G1 X157.951 Y150.918 E481.25297
G1 X157.997 Y149.694 E481.29371
G1 X157.857 Y148.477 E481.33445
G1 X157.533 Y147.294 E481.37525
G1 X157.03 Y146.176 E481.41602
G1 X156.365 Y145.148 E481.45674
G1 X155.549 Y144.233 E481.49752
G1 X154.604 Y143.454 E481.53825
G1 X153.551 Y142.827 E481.57901
G1 X152.415 Y142.37 E481.61974
G1 X151.222 Y142.092 E481.66048
G1 X150 Y141.997 E481.70125
G1 X148.778 Y142.092 E481.74202
G1 X147.585 Y142.37 E481.78276
G1 X146.449 Y142.827 E481.82348
G1 X145.396 Y143.454 E481.86425
G1 X144.451 Y144.233 E481.90498
G1 X143.635 Y145.148 E481.94576
G1 X142.97 Y146.176 E481.98648
G1 X142.467 Y147.294 E482.02725
G1 X142.143 Y148.477 E482.06805
G1 X142.003 Y149.694 E482.10879
G1 X142.049 Y150.918 E482.14953
G1 X142.283 Y152.12 E482.19026
G1 X142.697 Y153.273 E482.23101
G1 X143.282 Y154.35 E482.27177
G1 X144.025 Y155.324 E482.31252
G1 X144.908 Y156.173 E482.35326
G1 X145.91 Y156.879 E482.39403
G1 X147.008 Y157.423 E482.43478
G1 X148.177 Y157.793 E482.47557
G1 X149.369 Y157.976 E482.51568
G1 X150 Y158 E482.53668
G1 X150.631 Y157.976 E482.55768
G1 X151.823 Y157.793 E482.59779
G1 X152.992 Y157.423 E482.63857
G1 X154.09 Y156.879 E482.67933
G1 X155.092 Y156.173 E482.7201
G1 X155.975 Y155.324 E482.76084
G0 F9000 X155.676 Y155.057
G1 F2047.8 X156.381 Y154.132 E482.79952
G1 X156.937 Y153.109 E482.83825
G1 X157.33 Y152.014 E482.87694
G1 X157.552 Y150.872 E482.91564
G1 X157.596 Y149.709 E482.95435
G1 X157.463 Y148.553 E482.99305
G1 X157.155 Y147.43 E483.03178
G1 X156.678 Y146.368 E483.0705
G1 X156.046 Y145.391 E483.1092
G1 X155.271 Y144.522 E483.14793
G1 X154.373 Y143.782 E483.18663
G1 X153.373 Y143.187 E483.22533
G1 X152.294 Y142.753 E483.26402
G1 X151.161 Y142.488 E483.30272
G1 X150 Y142.398 E483.34145
G1 X148.839 Y142.488 E483.38018
G1 X147.706 Y142.753 E483.41888
G1 X146.627 Y143.187 E483.45756
G1 X145.627 Y143.782 E483.49626
G1 X144.729 Y144.522 E483.53497
G1 X143.954 Y145.391 E483.57369
G1 X143.322 Y146.368 E483.61239
G1 X142.845 Y147.43 E483.65112
G1 X142.537 Y148.553 E483.68985
G1 X142.404 Y149.709 E483.72855
G1 X142.448 Y150.872 E483.76726
G1 X142.67 Y152.014 E483.80595
G1 X143.063 Y153.109 E483.84465
G1 X143.619 Y154.132 E483.88337
G1 X144.324 Y155.057 E483.92206
G1 X145.163 Y155.864 E483.96077
G1 X146.115 Y156.534 E483.99949
G1 X147.158 Y157.051 E484.03821
G1 X148.268 Y157.402 E484.07693
G1 X149.407 Y157.577 E484.11526
G1 X150 Y157.6 E484.135
G1 X150.593 Y157.577 E484.15474
G1 X151.732 Y157.402 E484.19306
G1 X152.842 Y157.051 E484.23178
G1 X153.885 Y156.534 E484.2705
G1 X154.837 Y155.864 E484.30922
G1 X155.676 Y155.057 E484.34794
G0 F9000 X155.376 Y154.79
;TYPE:WALL-OUTER
G1 F2047.8 X156.044 Y153.914 E484.38458
G1 X156.571 Y152.945 E484.42127
G1 X156.943 Y151.908 E484.45791
G1 X157.153 Y150.826 E484.49457
G1 X157.195 Y149.724 E484.53125
G1 X157.069 Y148.629 E484.56791
G1 X156.777 Y147.566 E484.60457
G1 X156.326 Y146.56 E484.64124
G1 X155.727 Y145.634 E484.67792
G1 X154.993 Y144.811 E484.7146
G1 X154.142 Y144.11 E484.75127
G1 X153.195 Y143.547 E484.78792
G1 X152.173 Y143.135 E484.82457
G1 X151.1 Y142.884 E484.86122
G1 X150 Y142.799 E484.89791
G1 X148.9 Y142.884 E484.93461
G1 X147.827 Y143.135 E484.97126
G1 X146.805 Y143.547 E485.00791
G1 X145.858 Y144.11 E485.04455
G1 X145.007 Y144.811 E485.08122
G1 X144.273 Y145.634 E485.1179
G1 X143.674 Y146.56 E485.15458
G1 X143.223 Y147.566 E485.19125
G1 X142.931 Y148.629 E485.22792
G1 X142.805 Y149.724 E485.26458
G1 X142.847 Y150.826 E485.30126
G1 X143.057 Y151.908 E485.33791
G1 X143.429 Y152.945 E485.37456
G1 X143.956 Y153.914 E485.41124
G1 X144.624 Y154.79 E485.44788
G1 X145.418 Y155.555 E485.48456
G1 X146.32 Y156.189 E485.52123
G1 X147.308 Y156.679 E485.55791
G1 X148.359 Y157.011 E485.59457
G1 X149.445 Y157.178 E485.63111
G1 X150 Y157.2 E485.64958
G1 X150.555 Y157.178 E485.66806
G1 X151.641 Y157.011 E485.7046
G1 X152.692 Y156.679 E485.74126
G1 X153.68 Y156.189 E485.77794
G1 X154.582 Y155.555 E485.81461
G1 X155.376 Y154.79 E485.85129
G0 F9000 X155.704 Y155.082
G0 X156.163 Y155.56
G0 X156.444 Y155.843
G0 X156.663 Y156.047
;TYPE:WALL-INNER
G1 F2047.8 X155.821 Y156.86 E485.89021
G1 X154.914 Y157.538 E485.92788
G1 X153.908 Y158.106 E485.9663
G1 X152.836 Y158.539 E486.00476
G1 X151.721 Y158.832 E486.0431
G1 X150.565 Y158.981 E486.08187
G1 X150 Y159 E486.10067
G1 X149.435 Y158.981 E486.11947
G1 X148.279 Y158.832 E486.15824
G1 X147.164 Y158.539 E486.19658
G1 X146.092 Y158.106 E486.23504
G1 X145.086 Y157.538 E486.27346
G1 X144.179 Y156.86 E486.31113
G1 X143.337 Y156.047 E486.35005
G1 X142.616 Y155.143 E486.38851
G1 X142.026 Y154.168 E486.42642
G1 X141.555 Y153.107 E486.46503
G1 X141.227 Y151.998 E486.50349
G1 X141.044 Y150.869 E486.54153
G1 X141.007 Y149.704 E486.5803
G1 X141.116 Y148.567 E486.61829
G1 X141.374 Y147.437 E486.65684
G1 X141.768 Y146.365 E486.69483
G1 X142.309 Y145.33 E486.73367
G1 X142.967 Y144.389 E486.77186
G1 X143.74 Y143.536 E486.81015
G1 X144.617 Y142.789 E486.84847
G1 X145.59 Y142.156 E486.88707
G1 X146.608 Y141.666 E486.92465
G1 X147.722 Y141.296 E486.96369
G1 X148.851 Y141.076 E487.00195
G1 X150 Y141.003 E487.04024
G1 X151.149 Y141.076 E487.07854
G1 X152.278 Y141.296 E487.11679
G1 X153.392 Y141.666 E487.15583
G1 X154.41 Y142.156 E487.19341
G1 X155.383 Y142.789 E487.23202
G1 X156.26 Y143.536 E487.27034
G1 X157.033 Y144.389 E487.30862
G1 X157.691 Y145.33 E487.34681
G1 X158.232 Y146.365 E487.38566
G1 X158.626 Y147.437 E487.42364
G1 X158.884 Y148.567 E487.46219
G1 X158.993 Y149.704 E487.50018
G1 X158.956 Y150.869 E487.53895
G1 X158.773 Y151.998 E487.57699
G1 X158.445 Y153.107 E487.61546
G1 X157.974 Y154.168 E487.65407
G1 X157.384 Y155.143 E487.69197
G1 X156.663 Y156.047 E487.73043
G0 F9000 X156.961 Y156.315
G1 F2047.8 X156.086 Y157.161 E487.77091
G1 X155.129 Y157.876 E487.81064
G1 X154.08 Y158.468 E487.85071
G1 X152.962 Y158.92 E487.89082
G1 X151.797 Y159.226 E487.93088
G1 X150.598 Y159.38 E487.97108
G1 X150 Y159.4 E487.99098
G1 X149.402 Y159.38 E488.01089
G1 X148.203 Y159.226 E488.05109
G1 X147.038 Y158.92 E488.09115
G1 X145.92 Y158.468 E488.13126
G1 X144.871 Y157.876 E488.17133
G1 X143.914 Y157.161 E488.21106
G1 X143.039 Y156.315 E488.25154
G1 X142.291 Y155.378 E488.29142
G1 X141.669 Y154.35 E488.33138
G1 X141.181 Y153.25 E488.3714
G1 X140.835 Y152.083 E488.41189
G1 X140.645 Y150.907 E488.45151
G1 X140.606 Y149.694 E488.49188
G1 X140.721 Y148.501 E488.53174
G1 X140.989 Y147.326 E488.57182
G1 X141.404 Y146.198 E488.6118
G1 X141.965 Y145.124 E488.6521
G1 X142.653 Y144.139 E488.69206
G1 X143.458 Y143.252 E488.7319
G1 X144.379 Y142.467 E488.77215
G1 X145.392 Y141.808 E488.81235
G1 X146.464 Y141.292 E488.85192
G1 X147.62 Y140.908 E488.89243
G1 X148.796 Y140.679 E488.93228
G1 X150 Y140.602 E488.97241
G1 X151.204 Y140.679 E489.01253
G1 X152.38 Y140.908 E489.05238
G1 X153.536 Y141.292 E489.0929
G1 X154.608 Y141.808 E489.13247
G1 X155.621 Y142.467 E489.17266
G1 X156.542 Y143.252 E489.21291
G1 X157.347 Y144.139 E489.25275
G1 X158.035 Y145.124 E489.29271
G1 X158.596 Y146.198 E489.33301
G1 X159.011 Y147.326 E489.37299
G1 X159.279 Y148.501 E489.41307
G1 X159.394 Y149.694 E489.45294
G1 X159.355 Y150.907 E489.4933
G1 X159.165 Y152.083 E489.53292
G1 X158.819 Y153.25 E489.57341
G1 X158.331 Y154.35 E489.61343
G1 X157.709 Y155.378 E489.6534
G1 X156.961 Y156.315 E489.69327
G0 F9000 X157.256 Y156.587
;TYPE:WALL-OUTER
G1 F2047.8 X156.351 Y157.462 E489.73514
G1 X155.344 Y158.214 E489.77694
G1 X154.252 Y158.83 E489.81864
G1 X153.088 Y159.301 E489.86041
G1 X151.873 Y159.62 E489.90219
G1 X150.631 Y159.779 E489.94384
G1 X150 Y159.8 E489.96483
G1 X149.369 Y159.779 E489.98583
G1 X148.127 Y159.62 E490.02748
G1 X146.912 Y159.301 E490.06926
G1 X145.748 Y158.83 E490.11102
G1 X144.656 Y158.214 E490.15272
G1 X143.649 Y157.462 E490.19453
G1 X142.744 Y156.587 E490.23639
G1 X141.963 Y155.608 E490.27805
G1 X141.312 Y154.532 E490.31988
G1 X140.804 Y153.386 E490.36157
G1 X140.445 Y152.175 E490.40358
G1 X140.246 Y150.945 E490.44502
G1 X140.205 Y149.684 E490.48698
G1 X140.326 Y148.436 E490.52869
G1 X140.604 Y147.215 E490.57034
G1 X141.04 Y146.031 E490.6123
G1 X141.621 Y144.918 E490.65406
G1 X142.339 Y143.889 E490.69579
G1 X143.18 Y142.963 E490.7374
G1 X144.137 Y142.148 E490.77921
G1 X145.194 Y141.46 E490.82116
G1 X146.32 Y140.918 E490.86272
G1 X147.518 Y140.52 E490.90471
G1 X148.741 Y140.282 E490.94615
G1 X150 Y140.201 E490.98811
G1 X151.259 Y140.282 E491.03007
G1 X152.482 Y140.52 E491.07151
G1 X153.68 Y140.918 E491.1135
G1 X154.806 Y141.46 E491.15506
G1 X155.863 Y142.148 E491.19701
G1 X156.82 Y142.963 E491.23882
G1 X157.661 Y143.889 E491.28042
G1 X158.379 Y144.918 E491.32215
G1 X158.96 Y146.031 E491.36391
G1 X159.396 Y147.215 E491.40588
G1 X159.674 Y148.436 E491.44753
G1 X159.795 Y149.684 E491.48923
G1 X159.754 Y150.945 E491.53119
G1 X159.555 Y152.175 E491.57264
G1 X159.196 Y153.386 E491.61465
G1 X158.688 Y154.532 E491.65634
G1 X158.037 Y155.608 E491.69817
G1 X157.256 Y156.587 E491.73982
G0 F9000 X156.931 Y156.292
G0 X156.444 Y155.843
G0 X157.281 Y153.937
G0 X157.089 Y153.832
;TYPE:FILL
G1 F3071.7 X157.122 Y153.84 E491.74095
G1 X157.724 Y153.672 E491.76174
G1 X158.182 Y153.501 E491.778
G0 F9000 X157.982 Y153.412
G0 X158.502 Y148.244
G0 X158.717 Y148.196
G1 F3071.7 X158.326 Y147.93 E491.79373
G1 X157.724 Y147.299 E491.82273
G1 X157.256 Y146.483 E491.85402
G0 F9000 X157.013 Y146.002
G1 F3071.7 X156.52 Y144.891 E491.89445
G1 X156.174 Y144.811 E491.90626
G0 F9000 X156.666 Y144.102
G1 F3071.7 X156.52 Y144.068 E491.91124
G1 X156.409 Y143.818 E491.92034
G0 F9000 X156.246 Y143.965
G0 X151.176 Y141.386
G0 X151.218 Y141.171
G1 F3071.7 X151.102 Y141.433 E491.92987
G1 X150.789 Y141.978 E491.95078
G0 F9000 X150.806 Y141.76
G0 X150 Y141.755
G0 X148.744 Y141.855
G0 X147.748 Y142.086
G0 X146.216 Y142.617
G0 X146.328 Y142.805
G1 F3071.7 X146.286 Y142.71 E491.95423
G1 X145.926 Y142.082 E491.97831
G0 F9000 X146.021 Y142.281
G0 X143.443 Y145.001
G0 X142.759 Y146.061
G0 X142.341 Y146.991
G0 X141.797 Y148.872
G0 X142.015 Y148.897
G1 F3071.7 X141.47 Y149.024 E491.99692
G1 X141.161 Y148.938 E492.00759
G0 F9000 X141.379 Y148.959
G0 X141.716 Y150.02
G0 X141.936 Y150.013
G1 F3071.7 X141.47 Y151.065 E492.04586
G1 X141.226 Y151.491 E492.06218
G0 F9000 X141.443 Y151.457
G0 X142.919 Y154.181
G0 X143.836 Y155.559
G0 X143.989 Y155.401
G1 F3071.7 X143.878 Y155.477 E492.06666
G1 X143.391 Y155.987 E492.09011
G0 F9000 X143.556 Y155.843
G0 X145.789 Y157.086
G0 X146.917 Y157.645
G0 X147.891 Y157.952
G0 X149.468 Y158.278
G0 X149.477 Y158.059
G1 F3071.7 X149.898 Y158.263 E492.10567
G1 X150.5 Y158.488 E492.12705
G1 X151.102 Y158.656 E492.14784
G1 X151.704 Y158.516 E492.16839
G1 X152.014 Y157.816 E492.19386
G0 F9000 X152.117 Y158.109
;MESH:NONMESH
G0 F300 X152.117 Y158.109 Z8.6
G0 F9000 X154.211 Y157.086
G0 X155.048 Y156.496
G0 X156.182 Y155.541
G0 X155.975 Y155.324
;TIME_ELAPSED:631.597752
;LAYER:42
;TYPE:WALL-INNER
;MESH:dannypart.STL
G1 F2051.7 X156.718 Y154.35 E492.2346
G1 X157.303 Y153.273 E492.27537
G1 X157.717 Y152.12 E492.31611
G1 X157.951 Y150.918 E492.35684
G1 X157.997 Y149.694 E492.39758
G1 X157.857 Y148.477 E492.43832
G1 X157.533 Y147.294 E492.47912
G1 X157.03 Y146.176 E492.51989
G1 X156.365 Y145.148 E492.56062
G1 X155.549 Y144.233 E492.60139
G1 X154.604 Y143.454 E492.64213
G1 X153.551 Y142.827 E492.68289
G1 X152.415 Y142.37 E492.72361
G1 X151.222 Y142.092 E492.76436
G1 X150 Y141.997 E492.80512
G1 X148.778 Y142.092 E492.84589
G1 X147.585 Y142.37 E492.88663
G1 X146.449 Y142.827 E492.92736
G1 X145.396 Y143.454 E492.96812
G1 X144.451 Y144.233 E493.00885
G1 X143.635 Y145.148 E493.04963
G1 X142.97 Y146.176 E493.09035
G1 X142.467 Y147.294 E493.13113
G1 X142.143 Y148.477 E493.17192
G1 X142.003 Y149.694 E493.21267
G1 X142.049 Y150.918 E493.25341
G1 X142.283 Y152.12 E493.29414
G1 X142.697 Y153.273 E493.33488
G1 X143.282 Y154.35 E493.37565
G1 X144.025 Y155.324 E493.41639
G1 X144.908 Y156.173 E493.45713
G1 X145.91 Y156.879 E493.4979
G1 X147.008 Y157.423 E493.53866
G1 X148.177 Y157.793 E493.57944
G1 X149.369 Y157.976 E493.61955
G1 X150 Y158 E493.64055
G1 X150.631 Y157.976 E493.66156
G1 X151.823 Y157.793 E493.70167
G1 X152.992 Y157.423 E493.74245
G1 X154.09 Y156.879 E493.7832
G1 X155.092 Y156.173 E493.82397
G1 X155.975 Y155.324 E493.86471
G0 F9000 X155.676 Y155.057
G1 F2051.7 X156.381 Y154.132 E493.9034
G1 X156.937 Y153.109 E493.94212
G1 X157.33 Y152.014 E493.98082
G1 X157.552 Y150.872 E494.01951
G1 X157.596 Y149.709 E494.05822
G1 X157.463 Y148.553 E494.09692
G1 X157.155 Y147.43 E494.13565
G1 X156.678 Y146.368 E494.17437
G1 X156.046 Y145.391 E494.21308
G1 X155.271 Y144.522 E494.2518
G1 X154.373 Y143.782 E494.29051
G1 X153.373 Y143.187 E494.32921
G1 X152.294 Y142.753 E494.36789
G1 X151.161 Y142.488 E494.40659
G1 X150 Y142.398 E494.44532
G1 X148.839 Y142.488 E494.48405
G1 X147.706 Y142.753 E494.52275
G1 X146.627 Y143.187 E494.56144
G1 X145.627 Y143.782 E494.60014
G1 X144.729 Y144.522 E494.63884
G1 X143.954 Y145.391 E494.67757
G1 X143.322 Y146.368 E494.71627
G1 X142.845 Y147.43 E494.75499
G1 X142.537 Y148.553 E494.79372
G1 X142.404 Y149.709 E494.83242
G1 X142.448 Y150.872 E494.87113
G1 X142.67 Y152.014 E494.90983
G1 X143.063 Y153.109 E494.94852
G1 X143.619 Y154.132 E494.98725
G1 X144.324 Y155.057 E495.02593
G1 X145.163 Y155.864 E495.06465
G1 X146.115 Y156.534 E495.10337
G1 X147.158 Y157.051 E495.14209
G1 X148.268 Y157.402 E495.18081
G1 X149.407 Y157.577 E495.21913
G1 X150 Y157.6 E495.23887
G1 X150.593 Y157.577 E495.25861
G1 X151.732 Y157.402 E495.29694
G1 X152.842 Y157.051 E495.33566
G1 X153.885 Y156.534 E495.37438
G1 X154.837 Y155.864 E495.4131
G1 X155.676 Y155.057 E495.45181
G0 F9000 X155.376 Y154.79
;TYPE:WALL-OUTER
G1 F2051.7 X156.044 Y153.914 E495.48845
G1 X156.571 Y152.945 E495.52514
G1 X156.943 Y151.908 E495.56178
G1 X157.153 Y150.826 E495.59844
G1 X157.195 Y149.724 E495.63512
G1 X157.069 Y148.629 E495.67178
G1 X156.777 Y147.566 E495.70845
G1 X156.326 Y146.56 E495.74512
G1 X155.727 Y145.634 E495.7818
G1 X154.993 Y144.811 E495.81848
G1 X154.142 Y144.11 E495.85515
G1 X153.195 Y143.547 E495.89179
G1 X152.173 Y143.135 E495.92844
G1 X151.1 Y142.884 E495.96509
G1 X150 Y142.799 E496.00179
G1 X148.9 Y142.884 E496.03848
G1 X147.827 Y143.135 E496.07513
G1 X146.805 Y143.547 E496.11178
G1 X145.858 Y144.11 E496.14843
G1 X145.007 Y144.811 E496.1851
G1 X144.273 Y145.634 E496.22178
G1 X143.674 Y146.56 E496.25846
G1 X143.223 Y147.566 E496.29512
G1 X142.931 Y148.629 E496.33179
G1 X142.805 Y149.724 E496.36845
G1 X142.847 Y150.826 E496.40513
G1 X143.057 Y151.908 E496.44179
G1 X143.429 Y152.945 E496.47843
G1 X143.956 Y153.914 E496.51512
G1 X144.624 Y154.79 E496.55176
G1 X145.418 Y155.555 E496.58843
G1 X146.32 Y156.189 E496.6251
G1 X147.308 Y156.679 E496.66178
G1 X148.359 Y157.011 E496.69844
G1 X149.445 Y157.178 E496.73498
G1 X150 Y157.2 E496.75346
G1 X150.555 Y157.178 E496.77193
G1 X151.641 Y157.011 E496.80848
G1 X152.692 Y156.679 E496.84514
G1 X153.68 Y156.189 E496.88182
G1 X154.582 Y155.555 E496.91849
G1 X155.376 Y154.79 E496.95516
G0 F9000 X155.704 Y155.082
G0 X156.163 Y155.56
G0 X156.444 Y155.843
G0 X156.663 Y156.047
;TYPE:WALL-INNER
G1 F2051.7 X155.821 Y156.86 E496.99409
G1 X154.914 Y157.538 E497.03175
G1 X153.908 Y158.106 E497.07018
G1 X152.836 Y158.539 E497.10863
G1 X151.721 Y158.832 E497.14697
G1 X150.565 Y158.981 E497.18574
G1 X150 Y159 E497.20454
G1 X149.435 Y158.981 E497.22335
G1 X148.279 Y158.832 E497.26211
G1 X147.164 Y158.539 E497.30046
G1 X146.092 Y158.106 E497.33891
G1 X145.086 Y157.538 E497.37734
G1 X144.179 Y156.86 E497.415
G1 X143.337 Y156.047 E497.45393
G1 X142.616 Y155.143 E497.49239
G1 X142.026 Y154.168 E497.53029
G1 X141.555 Y153.107 E497.5689
G1 X141.227 Y151.998 E497.60737
G1 X141.044 Y150.869 E497.64541
G1 X141.007 Y149.704 E497.68417
G1 X141.116 Y148.567 E497.72216
G1 X141.374 Y147.437 E497.76072
G1 X141.768 Y146.365 E497.7987
G1 X142.309 Y145.33 E497.83755
G1 X142.967 Y144.389 E497.87574
G1 X143.74 Y143.536 E497.91402
G1 X144.617 Y142.789 E497.95234
G1 X145.59 Y142.156 E497.99095
G1 X146.608 Y141.666 E498.02852
G1 X147.722 Y141.296 E498.06757
G1 X148.851 Y141.076 E498.10582
G1 X150 Y141.003 E498.14412
G1 X151.149 Y141.076 E498.18241
G1 X152.278 Y141.296 E498.22067
G1 X153.392 Y141.666 E498.25971
G1 X154.41 Y142.156 E498.29728
G1 X155.383 Y142.789 E498.33589
G1 X156.26 Y143.536 E498.37421
G1 X157.033 Y144.389 E498.4125
G1 X157.691 Y145.33 E498.45069
G1 X158.232 Y146.365 E498.48953
G1 X158.626 Y147.437 E498.52752
G1 X158.884 Y148.567 E498.56607
G1 X158.993 Y149.704 E498.60406
G1 X158.956 Y150.869 E498.64283
G1 X158.773 Y151.998 E498.68087
G1 X158.445 Y153.107 E498.71933
G1 X157.974 Y154.168 E498.75794
G1 X157.384 Y155.143 E498.79585
G1 X156.663 Y156.047 E498.8343
G0 F9000 X156.961 Y156.315
G1 F2051.7 X156.086 Y157.161 E498.87479
G1 X155.129 Y157.876 E498.91452
G1 X154.08 Y158.468 E498.95458
G1 X152.962 Y158.92 E498.99469
G1 X151.797 Y159.226 E499.03475
G1 X150.598 Y159.38 E499.07496
G1 X150 Y159.4 E499.09486
G1 X149.402 Y159.38 E499.11476
G1 X148.203 Y159.226 E499.15497
G1 X147.038 Y158.92 E499.19503
G1 X145.92 Y158.468 E499.23514
G1 X144.871 Y157.876 E499.2752
G1 X143.914 Y157.161 E499.31493
G1 X143.039 Y156.315 E499.35541
G1 X142.291 Y155.378 E499.39529
G1 X141.669 Y154.35 E499.43525
G1 X141.181 Y153.25 E499.47528
G1 X140.835 Y152.083 E499.51576
G1 X140.645 Y150.907 E499.55538
G1 X140.606 Y149.694 E499.59575
G1 X140.721 Y148.501 E499.63561
G1 X140.989 Y147.326 E499.6757
G1 X141.404 Y146.198 E499.71567
G1 X141.965 Y145.124 E499.75597
G1 X142.653 Y144.139 E499.79594
G1 X143.458 Y143.252 E499.83578
G1 X144.379 Y142.467 E499.87603
G1 X145.392 Y141.808 E499.91622
G1 X146.464 Y141.292 E499.95579
G1 X147.62 Y140.908 E499.9963
G1 X148.796 Y140.679 E500.03615
G1 X150 Y140.602 E500.07628
G1 X151.204 Y140.679 E500.11641
G1 X152.38 Y140.908 E500.15626
G1 X153.536 Y141.292 E500.19677
G1 X154.608 Y141.808 E500.23634
G1 X155.621 Y142.467 E500.27654
G1 X156.542 Y143.252 E500.31679
G1 X157.347 Y144.139 E500.35663
G1 X158.035 Y145.124 E500.39659
G1 X158.596 Y146.198 E500.43689
G1 X159.011 Y147.326 E500.47686
G1 X159.279 Y148.501 E500.51695
G1 X159.394 Y149.694 E500.55681
G1 X159.355 Y150.907 E500.59718
G1 X159.165 Y152.083 E500.6368
G1 X158.819 Y153.25 E500.67728
G1 X158.331 Y154.35 E500.71731
G1 X157.709 Y155.378 E500.75727
G1 X156.961 Y156.315 E500.79715
G0 F9000 X157.256 Y156.587
;TYPE:WALL-OUTER
G1 F2051.7 X156.351 Y157.462 E500.83902
G1 X155.344 Y158.214 E500.88082
G1 X154.252 Y158.83 E500.92252
G1 X153.088 Y159.301 E500.96428
G1 X151.873 Y159.62 E501.00606
G1 X150.631 Y159.779 E501.04771
G1 X150 Y159.8 E501.06871
G1 X149.369 Y159.779 E501.08971
G1 X148.127 Y159.62 E501.13135
G1 X146.912 Y159.301 E501.17313
G1 X145.748 Y158.83 E501.2149
G1 X144.656 Y158.214 E501.2566
G1 X143.649 Y157.462 E501.2984
G1 X142.744 Y156.587 E501.34027
G1 X141.963 Y155.608 E501.38192
G1 X141.312 Y154.532 E501.42375
G1 X140.804 Y153.386 E501.46544
G1 X140.445 Y152.175 E501.50745
G1 X140.246 Y150.945 E501.5489
G1 X140.205 Y149.684 E501.59086
G1 X140.326 Y148.436 E501.63256
G1 X140.604 Y147.215 E501.67421
G1 X141.04 Y146.031 E501.71618
G1 X141.621 Y144.918 E501.75794
G1 X142.339 Y143.889 E501.79967
G1 X143.18 Y142.963 E501.84127
G1 X144.137 Y142.148 E501.88308
G1 X145.194 Y141.46 E501.92503
G1 X146.32 Y140.918 E501.96659
G1 X147.518 Y140.52 E502.00858
G1 X148.741 Y140.282 E502.05002
G1 X150 Y140.201 E502.09198
G1 X151.259 Y140.282 E502.13394
G1 X152.482 Y140.52 E502.17538
G1 X153.68 Y140.918 E502.21737
G1 X154.806 Y141.46 E502.25893
G1 X155.863 Y142.148 E502.30088
G1 X156.82 Y142.963 E502.34269
G1 X157.661 Y143.889 E502.38429
G1 X158.379 Y144.918 E502.42603
G1 X158.96 Y146.031 E502.46779
G1 X159.396 Y147.215 E502.50975
G1 X159.674 Y148.436 E502.5514
G1 X159.795 Y149.684 E502.5931
G1 X159.754 Y150.945 E502.63507
G1 X159.555 Y152.175 E502.67651
G1 X159.196 Y153.386 E502.71852
G1 X158.688 Y154.532 E502.76021
G1 X158.037 Y155.608 E502.80204
G1 X157.256 Y156.587 E502.84369
G0 F9000 X156.931 Y156.292
G0 X156.444 Y155.843
G0 X157.855 Y153.698
G0 X158.055 Y153.787
;TYPE:FILL
G1 F3077.6 X157.513 Y154.112 E502.86471
G1 X157.122 Y154.714 E502.88859
G1 X157.14 Y155.316 E502.90862
G0 F9000 X156.971 Y155.18
G0 X154.211 Y157.086
G0 X152.391 Y157.927
G0 X152.326 Y157.718
G1 F3077.6 X152.324 Y157.724 E502.90883
G1 X152.306 Y158.326 E502.92886
G1 X152.456 Y158.557 E502.93802
G0 F9000 X152.401 Y158.344
G0 X150.623 Y158.672
G0 X150.65 Y158.891
G1 F3077.6 X149.707 Y158.326 E502.97459
G1 X149.296 Y158.043 E502.99118
G0 F9000 X149.262 Y158.26
G0 X148.121 Y158.025
G0 X146.917 Y157.645
G0 X145.789 Y157.086
G0 X144.952 Y156.496
G0 X143.786 Y155.506
G0 X143.961 Y155.374
G1 F3077.6 X143.453 Y155.918 E503.01594
G1 X143.403 Y156 E503.01913
G0 F9000 X143.556 Y155.842
G0 X141.419 Y151.31
G0 X141.202 Y151.344
G1 F3077.6 X141.3 Y151.102 E503.02782
G1 X141.453 Y150.5 E503.04848
G1 X141.471 Y149.898 E503.06851
G1 X141.12 Y149.358 E503.08993
G0 F9000 X141.338 Y149.379
G0 X142.759 Y146.061
G0 X143.443 Y145.001
G0 X144.285 Y144.059
G0 X144.834 Y143.606
G0 X146.061 Y142.709
G0 X146.173 Y142.898
G1 F3077.6 X146.116 Y142.674 E503.09762
G1 X145.884 Y142.103 E503.11812
G0 F9000 X145.978 Y142.301
G0 X148.744 Y141.855
G0 X150.744 Y141.755
G0 X150.727 Y141.973
G1 F3077.6 X150.932 Y141.47 E503.13618
G1 X151.013 Y141.149 E503.14719
G0 F9000 X150.999 Y141.367
G0 X155.761 Y143.503
G0 X155.903 Y143.336
G1 F3077.6 X155.919 Y143.878 E503.16523
G1 X155.676 Y144.253 E503.18009
G0 F9000 X155.84 Y144.108
G0 X157.084 Y144.987
G0 X157.265 Y144.862
G1 F3077.6 X157.122 Y145.082 E503.18882
G1 X157.14 Y145.684 E503.20885
G1 X157.293 Y146.286 E503.22951
G1 X157.538 Y146.888 E503.25113
G1 X157.901 Y147.49 E503.27451
G1 X158.463 Y148.092 E503.3019
G1 X158.736 Y148.28 E503.31292
G0 F9000 X158.446 Y148.363
;MESH:NONMESH
G0 F300 X158.446 Y148.363 Z8.8
G0 F9000 X158.188 Y150.948
G0 X157.948 Y152.183
G0 X157.524 Y153.366
G0 X157.032 Y154.271
G0 X156.182 Y155.541
G0 X155.975 Y155.324
;TIME_ELAPSED:644.573283
;LAYER:43
;TYPE:WALL-INNER
;MESH:dannypart.STL
G1 F2046.5 X156.718 Y154.35 E503.35367
G1 X157.303 Y153.273 E503.39443
G1 X157.717 Y152.12 E503.43518
G1 X157.951 Y150.918 E503.47591
G1 X157.997 Y149.694 E503.51665
G1 X157.857 Y148.477 E503.55739
G1 X157.533 Y147.294 E503.59819
G1 X157.03 Y146.176 E503.63896
G1 X156.365 Y145.148 E503.67968
G1 X155.549 Y144.233 E503.72046
G1 X154.604 Y143.454 E503.76119
G1 X153.551 Y142.827 E503.80196
G1 X152.415 Y142.37 E503.84268
G1 X151.222 Y142.092 E503.88343
G1 X150 Y141.997 E503.92419
G1 X148.778 Y142.092 E503.96496
G1 X147.585 Y142.37 E504.0057
G1 X146.449 Y142.827 E504.04643
G1 X145.396 Y143.454 E504.08719
G1 X144.451 Y144.233 E504.12792
G1 X143.635 Y145.148 E504.1687
G1 X142.97 Y146.176 E504.20942
G1 X142.467 Y147.294 E504.2502
G1 X142.143 Y148.477 E504.29099
G1 X142.003 Y149.694 E504.33174
G1 X142.049 Y150.918 E504.37247
G1 X142.283 Y152.12 E504.4132
G1 X142.697 Y153.273 E504.45395
G1 X143.282 Y154.35 E504.49471
G1 X144.025 Y155.324 E504.53546
G1 X144.908 Y156.173 E504.5762
G1 X145.91 Y156.879 E504.61697
G1 X147.008 Y157.423 E504.65773
G1 X148.177 Y157.793 E504.69851
G1 X149.369 Y157.976 E504.73862
G1 X150 Y158 E504.75962
G1 X150.631 Y157.976 E504.78062
G1 X151.823 Y157.793 E504.82073
G1 X152.992 Y157.423 E504.86152
G1 X154.09 Y156.879 E504.90227
G1 X155.092 Y156.173 E504.94304
G1 X155.975 Y155.324 E504.98378
G0 F9000 X155.676 Y155.057
G1 F2046.5 X156.381 Y154.132 E505.02246
G1 X156.937 Y153.109 E505.06119
G1 X157.33 Y152.014 E505.09989
G1 X157.552 Y150.872 E505.13858
G1 X157.596 Y149.709 E505.17729
G1 X157.463 Y148.553 E505.21599
G1 X157.155 Y147.43 E505.25472
G1 X156.678 Y146.368 E505.29344
G1 X156.046 Y145.391 E505.33214
G1 X155.271 Y144.522 E505.37087
G1 X154.373 Y143.782 E505.40957
G1 X153.373 Y143.187 E505.44828
G1 X152.294 Y142.753 E505.48696
G1 X151.161 Y142.488 E505.52566
G1 X150 Y142.398 E505.56439
G1 X148.839 Y142.488 E505.60312
G1 X147.706 Y142.753 E505.64182
G1 X146.627 Y143.187 E505.6805
G1 X145.627 Y143.782 E505.71921
G1 X144.729 Y144.522 E505.75791
G1 X143.954 Y145.391 E505.79664
G1 X143.322 Y146.368 E505.83534
G1 X142.845 Y147.43 E505.87406
G1 X142.537 Y148.553 E505.91279
G1 X142.404 Y149.709 E505.95149
G1 X142.448 Y150.872 E505.9902
G1 X142.67 Y152.014 E506.02889
G1 X143.063 Y153.109 E506.06759
G1 X143.619 Y154.132 E506.10631
G1 X144.324 Y155.057 E506.145
G1 X145.163 Y155.864 E506.18372
G1 X146.115 Y156.534 E506.22244
G1 X147.158 Y157.051 E506.26115
G1 X148.268 Y157.402 E506.29987
G1 X149.407 Y157.577 E506.3382
G1 X150 Y157.6 E506.35794
G1 X150.593 Y157.577 E506.37768
G1 X151.732 Y157.402 E506.41601
G1 X152.842 Y157.051 E506.45473
G1 X153.885 Y156.534 E506.49344
G1 X154.837 Y155.864 E506.53216
G1 X155.676 Y155.057 E506.57088
G0 F9000 X155.376 Y154.79
;TYPE:WALL-OUTER
G1 F2046.5 X156.044 Y153.914 E506.60752
G1 X156.571 Y152.945 E506.64421
G1 X156.943 Y151.908 E506.68085
G1 X157.153 Y150.826 E506.71751
G1 X157.195 Y149.724 E506.75419
G1 X157.069 Y148.629 E506.79085
G1 X156.777 Y147.566 E506.82752
G1 X156.326 Y146.56 E506.86418
G1 X155.727 Y145.634 E506.90087
G1 X154.993 Y144.811 E506.93754
G1 X154.142 Y144.11 E506.97421
G1 X153.195 Y143.547 E507.01086
G1 X152.173 Y143.135 E507.04751
G1 X151.1 Y142.884 E507.08416
G1 X150 Y142.799 E507.12085
G1 X148.9 Y142.884 E507.15755
G1 X147.827 Y143.135 E507.1942
G1 X146.805 Y143.547 E507.23085
G1 X145.858 Y144.11 E507.26749
G1 X145.007 Y144.811 E507.30417
G1 X144.273 Y145.634 E507.34084
G1 X143.674 Y146.56 E507.37752
G1 X143.223 Y147.566 E507.41419
G1 X142.931 Y148.629 E507.45086
G1 X142.805 Y149.724 E507.48752
G1 X142.847 Y150.826 E507.5242
G1 X143.057 Y151.908 E507.56086
G1 X143.429 Y152.945 E507.5975
G1 X143.956 Y153.914 E507.63419
G1 X144.624 Y154.79 E507.67083
G1 X145.418 Y155.555 E507.7075
G1 X146.32 Y156.189 E507.74417
G1 X147.308 Y156.679 E507.78085
G1 X148.359 Y157.011 E507.81751
G1 X149.445 Y157.178 E507.85405
G1 X150 Y157.2 E507.87253
G1 X150.555 Y157.178 E507.891
G1 X151.641 Y157.011 E507.92755
G1 X152.692 Y156.679 E507.9642
G1 X153.68 Y156.189 E508.00089
G1 X154.582 Y155.555 E508.03756
G1 X155.376 Y154.79 E508.07423
G0 F9000 X155.704 Y155.082
G0 X156.163 Y155.56
G0 X156.444 Y155.843
G0 X156.663 Y156.047
;TYPE:WALL-INNER
G1 F2046.5 X155.821 Y156.86 E508.11316
G1 X154.914 Y157.538 E508.15082
G1 X153.908 Y158.106 E508.18924
G1 X152.836 Y158.539 E508.2277
G1 X151.721 Y158.832 E508.26604
G1 X150.565 Y158.981 E508.30481
G1 X150 Y159 E508.32361
G1 X149.435 Y158.981 E508.34241
G1 X148.279 Y158.832 E508.38118
G1 X147.164 Y158.539 E508.41952
G1 X146.092 Y158.106 E508.45798
G1 X145.086 Y157.538 E508.4964
G1 X144.179 Y156.86 E508.53407
G1 X143.337 Y156.047 E508.573
G1 X142.616 Y155.143 E508.61146
G1 X142.026 Y154.168 E508.64936
G1 X141.555 Y153.107 E508.68797
G1 X141.227 Y151.998 E508.72643
G1 X141.044 Y150.869 E508.76447
G1 X141.007 Y149.704 E508.80324
G1 X141.116 Y148.567 E508.84123
G1 X141.374 Y147.437 E508.87978
G1 X141.768 Y146.365 E508.91777
G1 X142.309 Y145.33 E508.95661
G1 X142.967 Y144.389 E508.9948
G1 X143.74 Y143.536 E509.03309
G1 X144.617 Y142.789 E509.07141
G1 X145.59 Y142.156 E509.11002
G1 X146.608 Y141.666 E509.14759
G1 X147.722 Y141.296 E509.18663
G1 X148.851 Y141.076 E509.22489
G1 X150 Y141.003 E509.26318
G1 X151.149 Y141.076 E509.30148
G1 X152.278 Y141.296 E509.33973
G1 X153.392 Y141.666 E509.37878
G1 X154.41 Y142.156 E509.41635
G1 X155.383 Y142.789 E509.45496
G1 X156.26 Y143.536 E509.49328
G1 X157.033 Y144.389 E509.53156
G1 X157.691 Y145.33 E509.56975
G1 X158.232 Y146.365 E509.6086
G1 X158.626 Y147.437 E509.64658
G1 X158.884 Y148.567 E509.68514
G1 X158.993 Y149.704 E509.72313
G1 X158.956 Y150.869 E509.76189
G1 X158.773 Y151.998 E509.79993
G1 X158.445 Y153.107 E509.8384
G1 X157.974 Y154.168 E509.87701
G1 X157.384 Y155.143 E509.91491
G1 X156.663 Y156.047 E509.95337
G0 F9000 X156.961 Y156.315
G1 F2046.5 X156.086 Y157.161 E509.99385
G1 X155.129 Y157.876 E510.03359
G1 X154.08 Y158.468 E510.07365
G1 X152.962 Y158.92 E510.11376
G1 X151.797 Y159.226 E510.15382
G1 X150.598 Y159.38 E510.19403
G1 X150 Y159.4 E510.21393
G1 X149.402 Y159.38 E510.23383
G1 X148.203 Y159.226 E510.27403
G1 X147.038 Y158.92 E510.3141
G1 X145.92 Y158.468 E510.35421
G1 X144.871 Y157.876 E510.39427
G1 X143.914 Y157.161 E510.434
G1 X143.039 Y156.315 E510.47448
G1 X142.291 Y155.378 E510.51436
G1 X141.669 Y154.35 E510.55432
G1 X141.181 Y153.25 E510.59435
G1 X140.835 Y152.083 E510.63483
G1 X140.645 Y150.907 E510.67445
G1 X140.606 Y149.694 E510.71482
G1 X140.721 Y148.501 E510.75468
G1 X140.989 Y147.326 E510.79476
G1 X141.404 Y146.198 E510.83474
G1 X141.965 Y145.124 E510.87504
G1 X142.653 Y144.139 E510.915
G1 X143.458 Y143.252 E510.95484
G1 X144.379 Y142.467 E510.99509
G1 X145.392 Y141.808 E511.03529
G1 X146.464 Y141.292 E511.07486
G1 X147.62 Y140.908 E511.11537
G1 X148.796 Y140.679 E511.15522
G1 X150 Y140.602 E511.19535
G1 X151.204 Y140.679 E511.23548
G1 X152.38 Y140.908 E511.27532
G1 X153.536 Y141.292 E511.31584
G1 X154.608 Y141.808 E511.35541
G1 X155.621 Y142.467 E511.3956
G1 X156.542 Y143.252 E511.43585
G1 X157.347 Y144.139 E511.47569
G1 X158.035 Y145.124 E511.51565
G1 X158.596 Y146.198 E511.55596
G1 X159.011 Y147.326 E511.59593
G1 X159.279 Y148.501 E511.63602
G1 X159.394 Y149.694 E511.67588
G1 X159.355 Y150.907 E511.71624
G1 X159.165 Y152.083 E511.75587
G1 X158.819 Y153.25 E511.79635
G1 X158.331 Y154.35 E511.83638
G1 X157.709 Y155.378 E511.87634
G1 X156.961 Y156.315 E511.91622
G0 F9000 X157.256 Y156.587
;TYPE:WALL-OUTER
G1 F2046.5 X156.351 Y157.462 E511.95808
G1 X155.344 Y158.214 E511.99989
G1 X154.252 Y158.83 E512.04159
G1 X153.088 Y159.301 E512.08335
G1 X151.873 Y159.62 E512.12513
G1 X150.631 Y159.779 E512.16678
G1 X150 Y159.8 E512.18778
G1 X149.369 Y159.779 E512.20877
G1 X148.127 Y159.62 E512.25042
G1 X146.912 Y159.301 E512.2922
G1 X145.748 Y158.83 E512.33397
G1 X144.656 Y158.214 E512.37567
G1 X143.649 Y157.462 E512.41747
G1 X142.744 Y156.587 E512.45934
G1 X141.963 Y155.608 E512.50099
G1 X141.312 Y154.532 E512.54282
G1 X140.804 Y153.386 E512.58451
G1 X140.445 Y152.175 E512.62652
G1 X140.246 Y150.945 E512.66796
G1 X140.205 Y149.684 E512.70993
G1 X140.326 Y148.436 E512.75163
G1 X140.604 Y147.215 E512.79328
G1 X141.04 Y146.031 E512.83525
G1 X141.621 Y144.918 E512.877
G1 X142.339 Y143.889 E512.91874
G1 X143.18 Y142.963 E512.96034
G1 X144.137 Y142.148 E513.00215
G1 X145.194 Y141.46 E513.0441
G1 X146.32 Y140.918 E513.08566
G1 X147.518 Y140.52 E513.12765
G1 X148.741 Y140.282 E513.16909
G1 X150 Y140.201 E513.21105
G1 X151.259 Y140.282 E513.25301
G1 X152.482 Y140.52 E513.29445
G1 X153.68 Y140.918 E513.33644
G1 X154.806 Y141.46 E513.378
G1 X155.863 Y142.148 E513.41995
G1 X156.82 Y142.963 E513.46176
G1 X157.661 Y143.889 E513.50336
G1 X158.379 Y144.918 E513.54509
G1 X158.96 Y146.031 E513.58685
G1 X159.396 Y147.215 E513.62882
G1 X159.674 Y148.436 E513.67047
G1 X159.795 Y149.684 E513.71217
G1 X159.754 Y150.945 E513.75414
G1 X159.555 Y152.175 E513.79558
G1 X159.196 Y153.386 E513.83759
G1 X158.688 Y154.532 E513.87928
G1 X158.037 Y155.608 E513.92111
G1 X157.256 Y156.587 E513.96276
G0 F9000 X156.931 Y156.292
G0 X156.444 Y155.843
G0 X157.243 Y154.797
G0 X157.43 Y154.911
;TYPE:FILL
G1 F3069.7 X157.466 Y154.714 E513.96942
G1 X157.84 Y154.235 E513.98964
G0 F9000 X157.652 Y154.121
G0 X158.552 Y148.461
G0 X158.766 Y148.413
G1 F3069.7 X158.384 Y148.092 E514.00623
G1 X157.908 Y147.49 E514.03176
G1 X157.606 Y146.888 E514.05416
G1 X157.425 Y146.286 E514.07507
G1 X157.357 Y145.684 E514.09522
G1 X157.456 Y145.136 E514.11374
G0 F9000 X157.275 Y145.261
G0 X155.586 Y143.874
G0 X155.446 Y144.043
G1 F3069.7 X155.575 Y143.878 E514.1207
G1 X155.684 Y143.276 E514.14105
G1 X155.668 Y143.136 E514.14574
G0 F9000 X155.526 Y143.303
G0 X152.486 Y142.141
G0 X150.668 Y141.749
G0 X150.651 Y141.967
G1 F3069.7 X150.8 Y141.47 E514.163
G1 X150.837 Y141.138 E514.17411
G0 F9000 X150.823 Y141.356
G0 X145.915 Y142.332
G0 X145.821 Y142.133
G1 F3069.7 X145.984 Y142.674 E514.1929
G1 X146.02 Y142.989 E514.20344
G0 F9000 X145.908 Y142.8
G0 X144.285 Y144.059
G0 X143.443 Y145.001
G0 X142.759 Y146.061
G0 X142.341 Y146.991
G0 X141.312 Y149.847
G0 X141.092 Y149.853
G1 F3069.7 X141.127 Y149.898 E514.20534
G1 X141.236 Y150.5 E514.22569
G1 X141.168 Y151.102 E514.24584
G1 X141.164 Y151.114 E514.24626
G0 F9000 X141.382 Y151.08
G0 X142.476 Y153.366
G0 X142.82 Y153.999
G0 X143.751 Y155.46
G0 X143.926 Y155.328
G1 F3069.7 X143.46 Y155.918 E514.27127
G1 X143.414 Y156.01 E514.27469
G0 F9000 X143.567 Y155.852
G0 X145.789 Y157.086
G0 X146.917 Y157.645
G0 X147.598 Y157.859
G0 X149.063 Y158.23
G0 X149.097 Y158.013
G1 F3069.7 X149.47 Y158.326 E514.29088
G1 X150.266 Y158.911 E514.32374
G0 F9000 X150.259 Y158.691
G0 X152.711 Y158.262
G0 X152.766 Y158.475
G1 F3069.7 X152.65 Y158.326 E514.33002
G1 X152.541 Y157.724 E514.35037
G1 X152.55 Y157.647 E514.35294
G0 F9000 X152.638 Y157.972
;MESH:NONMESH
G0 F300 X152.638 Y157.972 Z9
G0 F9000 X154.211 Y157.086
G0 X155.048 Y156.496
G0 X156.182 Y155.541
G0 X155.975 Y155.324
;TIME_ELAPSED:657.415366
;LAYER:44
;TYPE:WALL-INNER
;MESH:dannypart.STL
G1 F2029.7 X156.718 Y154.35 E514.39369
G1 X157.303 Y153.273 E514.43445
G1 X157.717 Y152.12 E514.4752
G1 X157.951 Y150.918 E514.51593
G1 X157.997 Y149.694 E514.55667
G1 X157.857 Y148.477 E514.59741
G1 X157.533 Y147.294 E514.63821
G1 X157.03 Y146.176 E514.67898
G1 X156.365 Y145.148 E514.71971
G1 X155.549 Y144.233 E514.76048
G1 X154.604 Y143.454 E514.80122
G1 X153.551 Y142.827 E514.84198
G1 X152.415 Y142.37 E514.8827
G1 X151.222 Y142.092 E514.92345
G1 X150 Y141.997 E514.96421
G1 X148.778 Y142.092 E515.00498
G1 X147.585 Y142.37 E515.04572
G1 X146.449 Y142.827 E515.08645
G1 X145.396 Y143.454 E515.12721
G1 X144.451 Y144.233 E515.16794
G1 X143.635 Y145.148 E515.20872
G1 X142.97 Y146.176 E515.24944
G1 X142.467 Y147.294 E515.29022
G1 X142.143 Y148.477 E515.33101
G1 X142.003 Y149.694 E515.37176
G1 X142.049 Y150.918 E515.4125
G1 X142.283 Y152.12 E515.45323
G1 X142.697 Y153.273 E515.49397
G1 X143.282 Y154.35 E515.53474
G1 X144.025 Y155.324 E515.57548
G1 X144.908 Y156.173 E515.61622
G1 X145.91 Y156.879 E515.65699
G1 X147.008 Y157.423 E515.69775
G1 X148.177 Y157.793 E515.73853
G1 X149.369 Y157.976 E515.77864
G1 X150 Y158 E515.79964
G1 X150.631 Y157.976 E515.82064
G1 X151.823 Y157.793 E515.86076
G1 X152.992 Y157.423 E515.90154
G1 X154.09 Y156.879 E515.94229
G1 X155.092 Y156.173 E515.98306
G1 X155.975 Y155.324 E516.0238
G0 F9000 X155.676 Y155.057
G1 F2029.7 X156.381 Y154.132 E516.06249
G1 X156.937 Y153.109 E516.10121
G1 X157.33 Y152.014 E516.13991
G1 X157.552 Y150.872 E516.1786
G1 X157.596 Y149.709 E516.21731
G1 X157.463 Y148.553 E516.25601
G1 X157.155 Y147.43 E516.29474
G1 X156.678 Y146.368 E516.33346
G1 X156.046 Y145.391 E516.37217
G1 X155.271 Y144.522 E516.41089
G1 X154.373 Y143.782 E516.4496
G1 X153.373 Y143.187 E516.4883
G1 X152.294 Y142.753 E516.52698
G1 X151.161 Y142.488 E516.56568
G1 X150 Y142.398 E516.60441
G1 X148.839 Y142.488 E516.64314
G1 X147.706 Y142.753 E516.68184
G1 X146.627 Y143.187 E516.72052
G1 X145.627 Y143.782 E516.75923
G1 X144.729 Y144.522 E516.79793
G1 X143.954 Y145.391 E516.83666
G1 X143.322 Y146.368 E516.87536
G1 X142.845 Y147.43 E516.91408
G1 X142.537 Y148.553 E516.95281
G1 X142.404 Y149.709 E516.99151
G1 X142.448 Y150.872 E517.03022
G1 X142.67 Y152.014 E517.06892
G1 X143.063 Y153.109 E517.10761
G1 X143.619 Y154.132 E517.14634
G1 X144.324 Y155.057 E517.18502
G1 X145.163 Y155.864 E517.22374
G1 X146.115 Y156.534 E517.26246
G1 X147.158 Y157.051 E517.30117
G1 X148.268 Y157.402 E517.3399
G1 X149.407 Y157.577 E517.37822
G1 X150 Y157.6 E517.39796
G1 X150.593 Y157.577 E517.4177
G1 X151.732 Y157.402 E517.45603
G1 X152.842 Y157.051 E517.49475
G1 X153.885 Y156.534 E517.53347
G1 X154.837 Y155.864 E517.57219
G1 X155.676 Y155.057 E517.6109
G0 F9000 X155.376 Y154.79
;TYPE:WALL-OUTER
G1 F2029.7 X156.044 Y153.914 E517.64754
G1 X156.571 Y152.945 E517.68423
G1 X156.943 Y151.908 E517.72087
G1 X157.153 Y150.826 E517.75753
G1 X157.195 Y149.724 E517.79421
G1 X157.069 Y148.629 E517.83087
G1 X156.777 Y147.566 E517.86754
G1 X156.326 Y146.56 E517.90421
G1 X155.727 Y145.634 E517.94089
G1 X154.993 Y144.811 E517.97757
G1 X154.142 Y144.11 E518.01424
G1 X153.195 Y143.547 E518.05088
G1 X152.173 Y143.135 E518.08753
G1 X151.1 Y142.884 E518.12418
G1 X150 Y142.799 E518.16088
G1 X148.9 Y142.884 E518.19757
G1 X147.827 Y143.135 E518.23422
G1 X146.805 Y143.547 E518.27087
G1 X145.858 Y144.11 E518.30752
G1 X145.007 Y144.811 E518.34419
G1 X144.273 Y145.634 E518.38086
G1 X143.674 Y146.56 E518.41755
G1 X143.223 Y147.566 E518.45421
G1 X142.931 Y148.629 E518.49088
G1 X142.805 Y149.724 E518.52754
G1 X142.847 Y150.826 E518.56422
G1 X143.057 Y151.908 E518.60088
G1 X143.429 Y152.945 E518.63752
G1 X143.956 Y153.914 E518.67421
G1 X144.624 Y154.79 E518.71085
G1 X145.418 Y155.555 E518.74752
G1 X146.32 Y156.189 E518.78419
G1 X147.308 Y156.679 E518.82087
G1 X148.359 Y157.011 E518.85753
G1 X149.445 Y157.178 E518.89407
G1 X150 Y157.2 E518.91255
G1 X150.555 Y157.178 E518.93102
G1 X151.641 Y157.011 E518.96757
G1 X152.692 Y156.679 E519.00423
G1 X153.68 Y156.189 E519.04091
G1 X154.582 Y155.555 E519.07758
G1 X155.376 Y154.79 E519.11425
G0 F9000 X155.704 Y155.082
G0 X156.163 Y155.56
G0 X156.444 Y155.843
G0 X156.663 Y156.047
;TYPE:WALL-INNER
G1 F2029.7 X155.821 Y156.86 E519.15318
G1 X154.914 Y157.538 E519.19084
G1 X153.908 Y158.106 E519.22927
G1 X152.836 Y158.539 E519.26772
G1 X151.721 Y158.832 E519.30606
G1 X150.565 Y158.981 E519.34483
G1 X150 Y159 E519.36363
G1 X149.435 Y158.981 E519.38244
G1 X148.279 Y158.832 E519.4212
G1 X147.164 Y158.539 E519.45955
G1 X146.092 Y158.106 E519.498
G1 X145.086 Y157.538 E519.53642
G1 X144.179 Y156.86 E519.57409
G1 X143.337 Y156.047 E519.61302
G1 X142.616 Y155.143 E519.65148
G1 X142.026 Y154.168 E519.68938
G1 X141.555 Y153.107 E519.72799
G1 X141.227 Y151.998 E519.76645
G1 X141.044 Y150.869 E519.8045
G1 X141.007 Y149.704 E519.84326
G1 X141.116 Y148.567 E519.88125
G1 X141.374 Y147.437 E519.9198
G1 X141.768 Y146.365 E519.95779
G1 X142.309 Y145.33 E519.99663
G1 X142.967 Y144.389 E520.03483
G1 X143.74 Y143.536 E520.07311
G1 X144.617 Y142.789 E520.11143
G1 X145.59 Y142.156 E520.15004
G1 X146.608 Y141.666 E520.18761
G1 X147.722 Y141.296 E520.22666
G1 X148.851 Y141.076 E520.26491
G1 X150 Y141.003 E520.30321
G1 X151.149 Y141.076 E520.3415
G1 X152.278 Y141.296 E520.37976
G1 X153.392 Y141.666 E520.4188
G1 X154.41 Y142.156 E520.45637
G1 X155.383 Y142.789 E520.49498
G1 X156.26 Y143.536 E520.5333
G1 X157.033 Y144.389 E520.57159
G1 X157.691 Y145.33 E520.60978
G1 X158.232 Y146.365 E520.64862
G1 X158.626 Y147.437 E520.68661
G1 X158.884 Y148.567 E520.72516
G1 X158.993 Y149.704 E520.76315
G1 X158.956 Y150.869 E520.80191
G1 X158.773 Y151.998 E520.83996
G1 X158.445 Y153.107 E520.87842
G1 X157.974 Y154.168 E520.91703
G1 X157.384 Y155.143 E520.95493
G1 X156.663 Y156.047 E520.99339
G0 F9000 X156.961 Y156.315
G1 F2029.7 X156.086 Y157.161 E521.03387
G1 X155.129 Y157.876 E521.07361
G1 X154.08 Y158.468 E521.11367
G1 X152.962 Y158.92 E521.15378
G1 X151.797 Y159.226 E521.19384
G1 X150.598 Y159.38 E521.23405
G1 X150 Y159.4 E521.25395
G1 X149.402 Y159.38 E521.27385
G1 X148.203 Y159.226 E521.31406
G1 X147.038 Y158.92 E521.35412
G1 X145.92 Y158.468 E521.39423
G1 X144.871 Y157.876 E521.43429
G1 X143.914 Y157.161 E521.47402
G1 X143.039 Y156.315 E521.5145
G1 X142.291 Y155.378 E521.55438
G1 X141.669 Y154.35 E521.59434
G1 X141.181 Y153.25 E521.63437
G1 X140.835 Y152.083 E521.67485
G1 X140.645 Y150.907 E521.71447
G1 X140.606 Y149.694 E521.75484
G1 X140.721 Y148.501 E521.7947
G1 X140.989 Y147.326 E521.83479
G1 X141.404 Y146.198 E521.87476
G1 X141.965 Y145.124 E521.91506
G1 X142.653 Y144.139 E521.95502
G1 X143.458 Y143.252 E521.99486
G1 X144.379 Y142.467 E522.03511
G1 X145.392 Y141.808 E522.07531
G1 X146.464 Y141.292 E522.11488
G1 X147.62 Y140.908 E522.15539
G1 X148.796 Y140.679 E522.19524
G1 X150 Y140.602 E522.23537
G1 X151.204 Y140.679 E522.2755
G1 X152.38 Y140.908 E522.31535
G1 X153.536 Y141.292 E522.35586
G1 X154.608 Y141.808 E522.39543
G1 X155.621 Y142.467 E522.43562
G1 X156.542 Y143.252 E522.47587
G1 X157.347 Y144.139 E522.51571
G1 X158.035 Y145.124 E522.55568
G1 X158.596 Y146.198 E522.59598
G1 X159.011 Y147.326 E522.63595
G1 X159.279 Y148.501 E522.67604
G1 X159.394 Y149.694 E522.7159
G1 X159.355 Y150.907 E522.75627
G1 X159.165 Y152.083 E522.79589
G1 X158.819 Y153.25 E522.83637
G1 X158.331 Y154.35 E522.8764
G1 X157.709 Y155.378 E522.91636
G1 X156.961 Y156.315 E522.95624
G0 F9000 X157.256 Y156.587
;TYPE:WALL-OUTER
G1 F2029.7 X156.351 Y157.462 E522.99811
G1 X155.344 Y158.214 E523.03991
G1 X154.252 Y158.83 E523.08161
G1 X153.088 Y159.301 E523.12337
G1 X151.873 Y159.62 E523.16515
G1 X150.631 Y159.779 E523.2068
G1 X150 Y159.8 E523.2278
G1 X149.369 Y159.779 E523.2488
G1 X148.127 Y159.62 E523.29044
G1 X146.912 Y159.301 E523.33222
G1 X145.748 Y158.83 E523.37399
G1 X144.656 Y158.214 E523.41569
G1 X143.649 Y157.462 E523.45749
G1 X142.744 Y156.587 E523.49936
G1 X141.963 Y155.608 E523.54101
G1 X141.312 Y154.532 E523.58284
G1 X140.804 Y153.386 E523.62453
G1 X140.445 Y152.175 E523.66654
G1 X140.246 Y150.945 E523.70798
G1 X140.205 Y149.684 E523.74995
G1 X140.326 Y148.436 E523.79165
G1 X140.604 Y147.215 E523.8333
G1 X141.04 Y146.031 E523.87527
G1 X141.621 Y144.918 E523.91703
G1 X142.339 Y143.889 E523.95876
G1 X143.18 Y142.963 E524.00036
G1 X144.137 Y142.148 E524.04217
G1 X145.194 Y141.46 E524.08412
G1 X146.32 Y140.918 E524.12568
G1 X147.518 Y140.52 E524.16767
G1 X148.741 Y140.282 E524.20911
G1 X150 Y140.201 E524.25107
G1 X151.259 Y140.282 E524.29303
G1 X152.482 Y140.52 E524.33447
G1 X153.68 Y140.918 E524.37646
G1 X154.806 Y141.46 E524.41802
G1 X155.863 Y142.148 E524.45997
G1 X156.82 Y142.963 E524.50178
G1 X157.661 Y143.889 E524.54338
G1 X158.379 Y144.918 E524.58512
G1 X158.96 Y146.031 E524.62687
G1 X159.396 Y147.215 E524.66884
G1 X159.674 Y148.436 E524.71049
G1 X159.795 Y149.684 E524.75219
G1 X159.754 Y150.945 E524.79416
G1 X159.555 Y152.175 E524.8356
G1 X159.196 Y153.386 E524.87761
G1 X158.688 Y154.532 E524.9193
G1 X158.037 Y155.608 E524.96113
G1 X157.256 Y156.587 E525.00278
G0 F9000 X156.931 Y156.292
G0 X156.444 Y155.843
G0 X155.812 Y156.195
G0 X152.791 Y157.801
G0 X152.725 Y157.591
;TYPE:FILL
G1 F3044.5 X152.726 Y157.724 E525.00721
G1 X152.92 Y158.326 E525.02824
G1 X152.978 Y158.396 E525.03127
G0 F9000 X152.897 Y158.192
G0 X149.988 Y158.7
G0 X149.98 Y158.919
G1 F3044.5 X149.276 Y158.326 E525.06188
G1 X148.935 Y157.988 E525.07785
G0 F9000 X148.901 Y158.205
G0 X148.121 Y158.025
G0 X146.917 Y157.645
G0 X145.789 Y157.086
G0 X144.952 Y156.496
G0 X143.714 Y155.411
G0 X143.889 Y155.279
G1 F3044.5 X143.852 Y155.316 E525.07959
G1 X143.451 Y155.918 E525.10365
G1 X143.414 Y156.01 E525.10695
G0 F9000 X143.567 Y155.852
G0 X142.476 Y153.366
G0 X142.052 Y152.183
G0 X141.812 Y150.948
G0 X141.765 Y149.686
G0 X141.907 Y148.431
G0 X142.242 Y147.21
G0 X142.759 Y146.061
G0 X143.443 Y145.001
G0 X144.124 Y144.239
G0 X145.757 Y142.89
G0 X145.869 Y143.079
G1 F3044.5 X145.872 Y142.674 E525.12042
G1 X145.768 Y142.158 E525.13793
G0 F9000 X145.863 Y142.357
G0 X148.455 Y141.906
G0 X150.606 Y141.744
G0 X150.589 Y141.962
G1 F3044.5 X150.688 Y141.47 E525.15462
G1 X150.685 Y141.128 E525.16599
G0 F9000 X150.671 Y141.346
G0 X155.359 Y143.161
G0 X155.501 Y142.994
G1 F3044.5 X155.499 Y143.276 E525.17537
G1 X155.305 Y143.878 E525.19641
G1 X155.281 Y143.907 E525.19766
G0 F9000 X155.421 Y143.738
G0 X157.44 Y145.497
G0 X157.635 Y145.396
G1 F3044.5 X157.542 Y145.684 E525.20773
G1 X157.537 Y146.286 E525.22775
G1 X157.658 Y146.888 E525.24817
G1 X157.899 Y147.49 E525.26974
G1 X158.3 Y148.092 E525.2938
G1 X158.806 Y148.593 E525.31748
G0 F9000 X158.477 Y148.621
;MESH:NONMESH
G0 F300 X158.477 Y148.621 Z9.2
G0 F9000 X158.188 Y150.948
G0 X157.948 Y152.183
G0 X157.524 Y153.366
G0 X157.032 Y154.271
G0 X156.182 Y155.541
G0 X155.975 Y155.324
;TIME_ELAPSED:669.984374
;LAYER:45
;TYPE:WALL-INNER
;MESH:dannypart.STL
G1 F2034 X156.718 Y154.35 E525.35823
G1 X157.303 Y153.273 E525.39899
G1 X157.717 Y152.12 E525.43974
G1 X157.951 Y150.918 E525.48047
G1 X157.997 Y149.694 E525.52121
G1 X157.857 Y148.477 E525.56195
G1 X157.533 Y147.294 E525.60275
G1 X157.03 Y146.176 E525.64352
G1 X156.365 Y145.148 E525.68424
G1 X155.549 Y144.233 E525.72502
G1 X154.604 Y143.454 E525.76575
G1 X153.551 Y142.827 E525.80652
G1 X152.415 Y142.37 E525.84724
G1 X151.222 Y142.092 E525.88798
G1 X150 Y141.997 E525.92875
G1 X148.778 Y142.092 E525.96952
G1 X147.585 Y142.37 E526.01026
G1 X146.449 Y142.827 E526.05099
G1 X145.396 Y143.454 E526.09175
G1 X144.451 Y144.233 E526.13248
G1 X143.635 Y145.148 E526.17326
G1 X142.97 Y146.176 E526.21398
G1 X142.467 Y147.294 E526.25476
G1 X142.143 Y148.477 E526.29555
G1 X142.003 Y149.694 E526.3363
G1 X142.049 Y150.918 E526.37703
G1 X142.283 Y152.12 E526.41776
G1 X142.697 Y153.273 E526.45851
G1 X143.282 Y154.35 E526.49927
G1 X144.025 Y155.324 E526.54002
G1 X144.908 Y156.173 E526.58076
G1 X145.91 Y156.879 E526.62153
G1 X147.008 Y157.423 E526.66229
G1 X148.177 Y157.793 E526.70307
G1 X149.369 Y157.976 E526.74318
G1 X150 Y158 E526.76418
G1 X150.631 Y157.976 E526.78518
G1 X151.823 Y157.793 E526.82529
G1 X152.992 Y157.423 E526.86608
G1 X154.09 Y156.879 E526.90683
G1 X155.092 Y156.173 E526.9476
G1 X155.975 Y155.324 E526.98834
G0 F9000 X155.676 Y155.057
G1 F2034 X156.381 Y154.132 E527.02702
G1 X156.937 Y153.109 E527.06575
G1 X157.33 Y152.014 E527.10444
G1 X157.552 Y150.872 E527.14314
G1 X157.596 Y149.709 E527.18185
G1 X157.463 Y148.553 E527.22055
G1 X157.155 Y147.43 E527.25928
G1 X156.678 Y146.368 E527.298
G1 X156.046 Y145.391 E527.3367
G1 X155.271 Y144.522 E527.37543
G1 X154.373 Y143.782 E527.41413
G1 X153.373 Y143.187 E527.45284
G1 X152.294 Y142.753 E527.49152
G1 X151.161 Y142.488 E527.53022
G1 X150 Y142.398 E527.56895
G1 X148.839 Y142.488 E527.60768
G1 X147.706 Y142.753 E527.64638
G1 X146.627 Y143.187 E527.68506
G1 X145.627 Y143.782 E527.72377
G1 X144.729 Y144.522 E527.76247
G1 X143.954 Y145.391 E527.80119
G1 X143.322 Y146.368 E527.8399
G1 X142.845 Y147.43 E527.87862
G1 X142.537 Y148.553 E527.91735
G1 X142.404 Y149.709 E527.95605
G1 X142.448 Y150.872 E527.99476
G1 X142.67 Y152.014 E528.03345
G1 X143.063 Y153.109 E528.07215
G1 X143.619 Y154.132 E528.11087
G1 X144.324 Y155.057 E528.14956
G1 X145.163 Y155.864 E528.18828
G1 X146.115 Y156.534 E528.22699
G1 X147.158 Y157.051 E528.26571
G1 X148.268 Y157.402 E528.30443
G1 X149.407 Y157.577 E528.34276
G1 X150 Y157.6 E528.3625
G1 X150.593 Y157.577 E528.38224
G1 X151.732 Y157.402 E528.42057
G1 X152.842 Y157.051 E528.45929
G1 X153.885 Y156.534 E528.498
G1 X154.837 Y155.864 E528.53672
G1 X155.676 Y155.057 E528.57544
G0 F9000 X155.376 Y154.79
;TYPE:WALL-OUTER
G1 F2034 X156.044 Y153.914 E528.61208
G1 X156.571 Y152.945 E528.64877
G1 X156.943 Y151.908 E528.68541
G1 X157.153 Y150.826 E528.72207
G1 X157.195 Y149.724 E528.75875
G1 X157.069 Y148.629 E528.79541
G1 X156.777 Y147.566 E528.83208
G1 X156.326 Y146.56 E528.86874
G1 X155.727 Y145.634 E528.90543
G1 X154.993 Y144.811 E528.9421
G1 X154.142 Y144.11 E528.97877
G1 X153.195 Y143.547 E529.01542
G1 X152.173 Y143.135 E529.05207
G1 X151.1 Y142.884 E529.08872
G1 X150 Y142.799 E529.12541
G1 X148.9 Y142.884 E529.16211
G1 X147.827 Y143.135 E529.19876
G1 X146.805 Y143.547 E529.23541
G1 X145.858 Y144.11 E529.27205
G1 X145.007 Y144.811 E529.30873
G1 X144.273 Y145.634 E529.3454
G1 X143.674 Y146.56 E529.38208
G1 X143.223 Y147.566 E529.41875
G1 X142.931 Y148.629 E529.45542
G1 X142.805 Y149.724 E529.49208
G1 X142.847 Y150.826 E529.52876
G1 X143.057 Y151.908 E529.56542
G1 X143.429 Y152.945 E529.60206
G1 X143.956 Y153.914 E529.63875
G1 X144.624 Y154.79 E529.67539
G1 X145.418 Y155.555 E529.71206
G1 X146.32 Y156.189 E529.74873
G1 X147.308 Y156.679 E529.78541
G1 X148.359 Y157.011 E529.82207
G1 X149.445 Y157.178 E529.85861
G1 X150 Y157.2 E529.87709
G1 X150.555 Y157.178 E529.89556
G1 X151.641 Y157.011 E529.93211
G1 X152.692 Y156.679 E529.96876
G1 X153.68 Y156.189 E530.00545
G1 X154.582 Y155.555 E530.04212
G1 X155.376 Y154.79 E530.07879
G0 F9000 X155.704 Y155.082
G0 X156.163 Y155.56
G0 X156.444 Y155.843
G0 X156.663 Y156.047
;TYPE:WALL-INNER
G1 F2034 X155.821 Y156.86 E530.11772
G1 X154.914 Y157.538 E530.15538
G1 X153.908 Y158.106 E530.1938
G1 X152.836 Y158.539 E530.23226
G1 X151.721 Y158.832 E530.2706
G1 X150.565 Y158.981 E530.30937
G1 X150 Y159 E530.32817
G1 X149.435 Y158.981 E530.34697
G1 X148.279 Y158.832 E530.38574
G1 X147.164 Y158.539 E530.42408
G1 X146.092 Y158.106 E530.46254
G1 X145.086 Y157.538 E530.50096
G1 X144.179 Y156.86 E530.53863
G1 X143.337 Y156.047 E530.57756
G1 X142.616 Y155.143 E530.61601
G1 X142.026 Y154.168 E530.65392
G1 X141.555 Y153.107 E530.69253
G1 X141.227 Y151.998 E530.73099
G1 X141.044 Y150.869 E530.76903
G1 X141.007 Y149.704 E530.8078
G1 X141.116 Y148.567 E530.84579
G1 X141.374 Y147.437 E530.88434
G1 X141.768 Y146.365 E530.92233
G1 X142.309 Y145.33 E530.96117
G1 X142.967 Y144.389 E530.99936
G1 X143.74 Y143.536 E531.03765
G1 X144.617 Y142.789 E531.07597
G1 X145.59 Y142.156 E531.11457
G1 X146.608 Y141.666 E531.15215
G1 X147.722 Y141.296 E531.19119
G1 X148.851 Y141.076 E531.22945
G1 X150 Y141.003 E531.26774
G1 X151.149 Y141.076 E531.30604
G1 X152.278 Y141.296 E531.34429
G1 X153.392 Y141.666 E531.38334
G1 X154.41 Y142.156 E531.42091
G1 X155.383 Y142.789 E531.45952
G1 X156.26 Y143.536 E531.49784
G1 X157.033 Y144.389 E531.53612
G1 X157.691 Y145.33 E531.57431
G1 X158.232 Y146.365 E531.61316
G1 X158.626 Y147.437 E531.65114
G1 X158.884 Y148.567 E531.6897
G1 X158.993 Y149.704 E531.72769
G1 X158.956 Y150.869 E531.76645
G1 X158.773 Y151.998 E531.80449
G1 X158.445 Y153.107 E531.84296
G1 X157.974 Y154.168 E531.88157
G1 X157.384 Y155.143 E531.91947
G1 X156.663 Y156.047 E531.95793
G0 F9000 X156.961 Y156.315
G1 F2034 X156.086 Y157.161 E531.99841
G1 X155.129 Y157.876 E532.03815
G1 X154.08 Y158.468 E532.07821
G1 X152.962 Y158.92 E532.11832
G1 X151.797 Y159.226 E532.15838
G1 X150.598 Y159.38 E532.19859
G1 X150 Y159.4 E532.21849
G1 X149.402 Y159.38 E532.23839
G1 X148.203 Y159.226 E532.27859
G1 X147.038 Y158.92 E532.31866
G1 X145.92 Y158.468 E532.35876
G1 X144.871 Y157.876 E532.39883
G1 X143.914 Y157.161 E532.43856
G1 X143.039 Y156.315 E532.47904
G1 X142.291 Y155.378 E532.51892
G1 X141.669 Y154.35 E532.55888
G1 X141.181 Y153.25 E532.59891
G1 X140.835 Y152.083 E532.63939
G1 X140.645 Y150.907 E532.67901
G1 X140.606 Y149.694 E532.71938
G1 X140.721 Y148.501 E532.75924
G1 X140.989 Y147.326 E532.79932
G1 X141.404 Y146.198 E532.8393
G1 X141.965 Y145.124 E532.8796
G1 X142.653 Y144.139 E532.91956
G1 X143.458 Y143.252 E532.9594
G1 X144.379 Y142.467 E532.99965
G1 X145.392 Y141.808 E533.03985
G1 X146.464 Y141.292 E533.07942
G1 X147.62 Y140.908 E533.11993
G1 X148.796 Y140.679 E533.15978
G1 X150 Y140.602 E533.19991
G1 X151.204 Y140.679 E533.24004
G1 X152.38 Y140.908 E533.27988
G1 X153.536 Y141.292 E533.3204
G1 X154.608 Y141.808 E533.35997
G1 X155.621 Y142.467 E533.40016
G1 X156.542 Y143.252 E533.44041
G1 X157.347 Y144.139 E533.48025
G1 X158.035 Y145.124 E533.52021
G1 X158.596 Y146.198 E533.56052
G1 X159.011 Y147.326 E533.60049
G1 X159.279 Y148.501 E533.64058
G1 X159.394 Y149.694 E533.68044
G1 X159.355 Y150.907 E533.7208
G1 X159.165 Y152.083 E533.76043
G1 X158.819 Y153.25 E533.80091
G1 X158.331 Y154.35 E533.84094
G1 X157.709 Y155.378 E533.8809
G1 X156.961 Y156.315 E533.92078
G0 F9000 X157.256 Y156.587
;TYPE:WALL-OUTER
G1 F2034 X156.351 Y157.462 E533.96264
G1 X155.344 Y158.214 E534.00445
G1 X154.252 Y158.83 E534.04615
G1 X153.088 Y159.301 E534.08791
G1 X151.873 Y159.62 E534.12969
G1 X150.631 Y159.779 E534.17134
G1 X150 Y159.8 E534.19234
G1 X149.369 Y159.779 E534.21333
G1 X148.127 Y159.62 E534.25498
G1 X146.912 Y159.301 E534.29676
G1 X145.748 Y158.83 E534.33853
G1 X144.656 Y158.214 E534.38023
G1 X143.649 Y157.462 E534.42203
G1 X142.744 Y156.587 E534.4639
G1 X141.963 Y155.608 E534.50555
G1 X141.312 Y154.532 E534.54738
G1 X140.804 Y153.386 E534.58907
G1 X140.445 Y152.175 E534.63108
G1 X140.246 Y150.945 E534.67252
G1 X140.205 Y149.684 E534.71449
G1 X140.326 Y148.436 E534.75619
G1 X140.604 Y147.215 E534.79784
G1 X141.04 Y146.031 E534.8398
G1 X141.621 Y144.918 E534.88156
G1 X142.339 Y143.889 E534.9233
G1 X143.18 Y142.963 E534.9649
G1 X144.137 Y142.148 E535.00671
G1 X145.194 Y141.46 E535.04866
G1 X146.32 Y140.918 E535.09022
G1 X147.518 Y140.52 E535.13221
G1 X148.741 Y140.282 E535.17365
G1 X150 Y140.201 E535.21561
G1 X151.259 Y140.282 E535.25757
G1 X152.482 Y140.52 E535.29901
G1 X153.68 Y140.918 E535.341
G1 X154.806 Y141.46 E535.38256
G1 X155.863 Y142.148 E535.42451
G1 X156.82 Y142.963 E535.46632
G1 X157.661 Y143.889 E535.50792
G1 X158.379 Y144.918 E535.54965
G1 X158.96 Y146.031 E535.59141
G1 X159.396 Y147.215 E535.63338
G1 X159.674 Y148.436 E535.67503
G1 X159.795 Y149.684 E535.71673
G1 X159.754 Y150.945 E535.7587
G1 X159.555 Y152.175 E535.80014
G1 X159.196 Y153.386 E535.84215
G1 X158.688 Y154.532 E535.88384
G1 X158.037 Y155.608 E535.92567
G1 X157.256 Y156.587 E535.96732
G0 F9000 X156.931 Y156.292
G0 X156.444 Y155.843
G0 X152.931 Y157.757
G0 X152.865 Y157.547
;TYPE:FILL
G1 F3051 X152.886 Y157.724 E535.97325
G1 X153.146 Y158.326 E535.99506
G0 F9000 X153.065 Y158.124
G0 X149.737 Y158.691
G0 X149.729 Y158.911
G1 F3051 X149.1 Y158.326 E536.02363
G1 X148.788 Y157.966 E536.03948
G0 F9000 X148.754 Y158.182
G0 X146.917 Y157.645
G0 X145.789 Y157.086
G0 X144.952 Y156.496
G0 X143.67 Y155.353
G0 X143.844 Y155.221
G1 F3051 X143.762 Y155.316 E536.04365
G1 X143.429 Y155.918 E536.06653
G1 X143.404 Y156.001 E536.06941
G0 F9000 X143.557 Y155.843
G0 X142.476 Y153.366
G0 X142.052 Y152.183
G0 X141.812 Y150.948
G0 X141.765 Y149.686
G0 X141.907 Y148.431
G0 X142.242 Y147.21
G0 X142.759 Y146.061
G0 X143.443 Y145.001
G0 X144.124 Y144.239
G0 X145.608 Y142.979
G0 X145.72 Y143.168
G1 F3051 X145.777 Y142.674 E536.08595
G1 X145.726 Y142.178 E536.10254
G0 F9000 X145.821 Y142.377
G0 X148.451 Y141.908
G0 X150.56 Y141.74
G0 X150.543 Y141.959
G1 F3051 X150.593 Y141.47 E536.11889
G1 X150.552 Y141.12 E536.13061
G0 F9000 X150.538 Y141.338
G0 X155.241 Y143.06
G0 X155.383 Y142.894
G1 F3051 X155.339 Y143.276 E536.1434
G1 X155.123 Y143.777 E536.16154
G0 F9000 X155.263 Y143.608
G0 X157.545 Y145.698
G0 X157.74 Y145.597
G1 F3051 X157.702 Y145.684 E536.1647
G1 X157.632 Y146.286 E536.18486
G1 X157.694 Y146.888 E536.20499
G1 X157.877 Y147.49 E536.22591
G1 X158.21 Y148.092 E536.2488
G1 X158.732 Y148.694 E536.2753
G1 X158.824 Y148.78 E536.27949
G0 F9000 X158.499 Y148.808
;MESH:NONMESH
G0 F300 X158.499 Y148.808 Z9.4
G0 F9000 X157.948 Y152.183
G0 X157.524 Y153.366
G0 X157.032 Y154.271
G0 X156.182 Y155.541
G0 X155.975 Y155.324
;TIME_ELAPSED:682.544026
;LAYER:46
;TYPE:WALL-INNER
;MESH:dannypart.STL
G1 F2034.5 X156.718 Y154.35 E536.32023
G1 X157.303 Y153.273 E536.361
G1 X157.717 Y152.12 E536.40174
G1 X157.951 Y150.918 E536.44247
G1 X157.997 Y149.694 E536.48321
G1 X157.857 Y148.477 E536.52395
G1 X157.533 Y147.294 E536.56475
G1 X157.03 Y146.176 E536.60553
G1 X156.365 Y145.148 E536.64625
G1 X155.549 Y144.233 E536.68702
G1 X154.604 Y143.454 E536.72776
G1 X153.551 Y142.827 E536.76852
G1 X152.415 Y142.37 E536.80925
G1 X151.222 Y142.092 E536.84999
G1 X150 Y141.997 E536.89075
G1 X148.778 Y142.092 E536.93152
G1 X147.585 Y142.37 E536.97226
G1 X146.449 Y142.827 E537.01299
G1 X145.396 Y143.454 E537.05375
G1 X144.451 Y144.233 E537.09448
G1 X143.635 Y145.148 E537.13526
G1 X142.97 Y146.176 E537.17598
G1 X142.467 Y147.294 E537.21676
G1 X142.143 Y148.477 E537.25755
G1 X142.003 Y149.694 E537.2983
G1 X142.049 Y150.918 E537.33904
G1 X142.283 Y152.12 E537.37977
G1 X142.697 Y153.273 E537.42051
G1 X143.282 Y154.35 E537.46128
G1 X144.025 Y155.324 E537.50202
G1 X144.908 Y156.173 E537.54276
G1 X145.91 Y156.879 E537.58353
G1 X147.008 Y157.423 E537.62429
G1 X148.177 Y157.793 E537.66507
G1 X149.369 Y157.976 E537.70518
G1 X150 Y158 E537.72618
G1 X150.631 Y157.976 E537.74719
G1 X151.823 Y157.793 E537.7873
G1 X152.992 Y157.423 E537.82808
G1 X154.09 Y156.879 E537.86883
G1 X155.092 Y156.173 E537.9096
G1 X155.975 Y155.324 E537.95034
G0 F9000 X155.676 Y155.057
G1 F2034.5 X156.381 Y154.132 E537.98903
G1 X156.937 Y153.109 E538.02775
G1 X157.33 Y152.014 E538.06645
G1 X157.552 Y150.872 E538.10514
G1 X157.596 Y149.709 E538.14385
G1 X157.463 Y148.553 E538.18255
G1 X157.155 Y147.43 E538.22128
G1 X156.678 Y146.368 E538.26001
G1 X156.046 Y145.391 E538.29871
G1 X155.271 Y144.522 E538.33743
G1 X154.373 Y143.782 E538.37614
G1 X153.373 Y143.187 E538.41484
G1 X152.294 Y142.753 E538.45352
G1 X151.161 Y142.488 E538.49222
G1 X150 Y142.398 E538.53095
G1 X148.839 Y142.488 E538.56968
G1 X147.706 Y142.753 E538.60838
G1 X146.627 Y143.187 E538.64707
G1 X145.627 Y143.782 E538.68577
G1 X144.729 Y144.522 E538.72447
G1 X143.954 Y145.391 E538.7632
G1 X143.322 Y146.368 E538.8019
G1 X142.845 Y147.43 E538.84062
G1 X142.537 Y148.553 E538.87935
G1 X142.404 Y149.709 E538.91805
G1 X142.448 Y150.872 E538.95676
G1 X142.67 Y152.014 E538.99546
G1 X143.063 Y153.109 E539.03415
G1 X143.619 Y154.132 E539.07288
G1 X144.324 Y155.057 E539.11156
G1 X145.163 Y155.864 E539.15028
G1 X146.115 Y156.534 E539.189
G1 X147.158 Y157.051 E539.22772
G1 X148.268 Y157.402 E539.26644
G1 X149.407 Y157.577 E539.30476
G1 X150 Y157.6 E539.3245
G1 X150.593 Y157.577 E539.34424
G1 X151.732 Y157.402 E539.38257
G1 X152.842 Y157.051 E539.42129
G1 X153.885 Y156.534 E539.46001
G1 X154.837 Y155.864 E539.49873
G1 X155.676 Y155.057 E539.53745
G0 F9000 X155.376 Y154.79
;TYPE:WALL-OUTER
G1 F2034.5 X156.044 Y153.914 E539.57409
G1 X156.571 Y152.945 E539.61077
G1 X156.943 Y151.908 E539.64742
G1 X157.153 Y150.826 E539.68407
G1 X157.195 Y149.724 E539.72075
G1 X157.069 Y148.629 E539.75741
G1 X156.777 Y147.566 E539.79408
G1 X156.326 Y146.56 E539.83075
G1 X155.727 Y145.634 E539.86743
G1 X154.993 Y144.811 E539.90411
G1 X154.142 Y144.11 E539.94078
G1 X153.195 Y143.547 E539.97742
G1 X152.173 Y143.135 E540.01407
G1 X151.1 Y142.884 E540.05072
G1 X150 Y142.799 E540.08742
G1 X148.9 Y142.884 E540.12411
G1 X147.827 Y143.135 E540.16076
G1 X146.805 Y143.547 E540.19741
G1 X145.858 Y144.11 E540.23406
G1 X145.007 Y144.811 E540.27073
G1 X144.273 Y145.634 E540.30741
G1 X143.674 Y146.56 E540.34409
G1 X143.223 Y147.566 E540.38076
G1 X142.931 Y148.629 E540.41742
G1 X142.805 Y149.724 E540.45408
G1 X142.847 Y150.826 E540.49076
G1 X143.057 Y151.908 E540.52742
G1 X143.429 Y152.945 E540.56406
G1 X143.956 Y153.914 E540.60075
G1 X144.624 Y154.79 E540.63739
G1 X145.418 Y155.555 E540.67406
G1 X146.32 Y156.189 E540.71073
G1 X147.308 Y156.679 E540.74741
G1 X148.359 Y157.011 E540.78407
G1 X149.445 Y157.178 E540.82062
G1 X150 Y157.2 E540.83909
G1 X150.555 Y157.178 E540.85756
G1 X151.641 Y157.011 E540.89411
G1 X152.692 Y156.679 E540.93077
G1 X153.68 Y156.189 E540.96745
G1 X154.582 Y155.555 E541.00412
G1 X155.376 Y154.79 E541.04079
G0 F9000 X155.704 Y155.082
G0 X156.163 Y155.56
G0 X156.444 Y155.843
G0 X156.663 Y156.047
;TYPE:WALL-INNER
G1 F2034.5 X155.821 Y156.86 E541.07972
G1 X154.914 Y157.538 E541.11738
G1 X153.908 Y158.106 E541.15581
G1 X152.836 Y158.539 E541.19426
G1 X151.721 Y158.832 E541.2326
G1 X150.565 Y158.981 E541.27137
G1 X150 Y159 E541.29017
G1 X149.435 Y158.981 E541.30898
G1 X148.279 Y158.832 E541.34774
G1 X147.164 Y158.539 E541.38609
G1 X146.092 Y158.106 E541.42454
G1 X145.086 Y157.538 E541.46297
G1 X144.179 Y156.86 E541.50063
G1 X143.337 Y156.047 E541.53956
G1 X142.616 Y155.143 E541.57802
G1 X142.026 Y154.168 E541.61592
G1 X141.555 Y153.107 E541.65453
G1 X141.227 Y151.998 E541.693
G1 X141.044 Y150.869 E541.73104
G1 X141.007 Y149.704 E541.7698
G1 X141.116 Y148.567 E541.80779
G1 X141.374 Y147.437 E541.84635
G1 X141.768 Y146.365 E541.88433
G1 X142.309 Y145.33 E541.92318
G1 X142.967 Y144.389 E541.96137
G1 X143.74 Y143.536 E541.99965
G1 X144.617 Y142.789 E542.03797
G1 X145.59 Y142.156 E542.07658
G1 X146.608 Y141.666 E542.11415
G1 X147.722 Y141.296 E542.1532
G1 X148.851 Y141.076 E542.19145
G1 X150 Y141.003 E542.22975
G1 X151.149 Y141.076 E542.26804
G1 X152.278 Y141.296 E542.3063
G1 X153.392 Y141.666 E542.34534
G1 X154.41 Y142.156 E542.38292
G1 X155.383 Y142.789 E542.42152
G1 X156.26 Y143.536 E542.45984
G1 X157.033 Y144.389 E542.49813
G1 X157.691 Y145.33 E542.53632
G1 X158.232 Y146.365 E542.57516
G1 X158.626 Y147.437 E542.61315
G1 X158.884 Y148.567 E542.6517
G1 X158.993 Y149.704 E542.68969
G1 X158.956 Y150.869 E542.72846
G1 X158.773 Y151.998 E542.7665
G1 X158.445 Y153.107 E542.80496
G1 X157.974 Y154.168 E542.84357
G1 X157.384 Y155.143 E542.88148
G1 X156.663 Y156.047 E542.91993
G0 F9000 X156.961 Y156.315
G1 F2034.5 X156.086 Y157.161 E542.96042
G1 X155.129 Y157.876 E543.00015
G1 X154.08 Y158.468 E543.04021
G1 X152.962 Y158.92 E543.08032
G1 X151.797 Y159.226 E543.12038
G1 X150.598 Y159.38 E543.16059
G1 X150 Y159.4 E543.18049
G1 X149.402 Y159.38 E543.20039
G1 X148.203 Y159.226 E543.2406
G1 X147.038 Y158.92 E543.28066
G1 X145.92 Y158.468 E543.32077
G1 X144.871 Y157.876 E543.36083
G1 X143.914 Y157.161 E543.40056
G1 X143.039 Y156.315 E543.44104
G1 X142.291 Y155.378 E543.48092
G1 X141.669 Y154.35 E543.52088
G1 X141.181 Y153.25 E543.56091
G1 X140.835 Y152.083 E543.60139
G1 X140.645 Y150.907 E543.64101
G1 X140.606 Y149.694 E543.68138
G1 X140.721 Y148.501 E543.72124
G1 X140.989 Y147.326 E543.76133
G1 X141.404 Y146.198 E543.8013
G1 X141.965 Y145.124 E543.8416
G1 X142.653 Y144.139 E543.88157
G1 X143.458 Y143.252 E543.92141
G1 X144.379 Y142.467 E543.96166
G1 X145.392 Y141.808 E544.00185
G1 X146.464 Y141.292 E544.04142
G1 X147.62 Y140.908 E544.08194
G1 X148.796 Y140.679 E544.12178
G1 X150 Y140.602 E544.16191
G1 X151.204 Y140.679 E544.20204
G1 X152.38 Y140.908 E544.24189
G1 X153.536 Y141.292 E544.2824
G1 X154.608 Y141.808 E544.32197
G1 X155.621 Y142.467 E544.36217
G1 X156.542 Y143.252 E544.40242
G1 X157.347 Y144.139 E544.44226
G1 X158.035 Y145.124 E544.48222
G1 X158.596 Y146.198 E544.52252
G1 X159.011 Y147.326 E544.56249
G1 X159.279 Y148.501 E544.60258
G1 X159.394 Y149.694 E544.64244
G1 X159.355 Y150.907 E544.68281
G1 X159.165 Y152.083 E544.72243
G1 X158.819 Y153.25 E544.76291
G1 X158.331 Y154.35 E544.80294
G1 X157.709 Y155.378 E544.8429
G1 X156.961 Y156.315 E544.88278
G0 F9000 X157.256 Y156.587
;TYPE:WALL-OUTER
G1 F2034.5 X156.351 Y157.462 E544.92465
G1 X155.344 Y158.214 E544.96645
G1 X154.252 Y158.83 E545.00815
G1 X153.088 Y159.301 E545.04991
G1 X151.873 Y159.62 E545.09169
G1 X150.631 Y159.779 E545.13334
G1 X150 Y159.8 E545.15434
G1 X149.369 Y159.779 E545.17534
G1 X148.127 Y159.62 E545.21698
G1 X146.912 Y159.301 E545.25876
G1 X145.748 Y158.83 E545.30053
G1 X144.656 Y158.214 E545.34223
G1 X143.649 Y157.462 E545.38403
G1 X142.744 Y156.587 E545.4259
G1 X141.963 Y155.608 E545.46755
G1 X141.312 Y154.532 E545.50938
G1 X140.804 Y153.386 E545.55107
G1 X140.445 Y152.175 E545.59308
G1 X140.246 Y150.945 E545.63453
G1 X140.205 Y149.684 E545.67649
G1 X140.326 Y148.436 E545.71819
G1 X140.604 Y147.215 E545.75984
G1 X141.04 Y146.031 E545.80181
G1 X141.621 Y144.918 E545.84357
G1 X142.339 Y143.889 E545.8853
G1 X143.18 Y142.963 E545.9269
G1 X144.137 Y142.148 E545.96871
G1 X145.194 Y141.46 E546.01066
G1 X146.32 Y140.918 E546.05222
G1 X147.518 Y140.52 E546.09421
G1 X148.741 Y140.282 E546.13565
G1 X150 Y140.201 E546.17761
G1 X151.259 Y140.282 E546.21957
G1 X152.482 Y140.52 E546.26101
G1 X153.68 Y140.918 E546.303
G1 X154.806 Y141.46 E546.34456
G1 X155.863 Y142.148 E546.38651
G1 X156.82 Y142.963 E546.42832
G1 X157.661 Y143.889 E546.46992
G1 X158.379 Y144.918 E546.51166
G1 X158.96 Y146.031 E546.55342
G1 X159.396 Y147.215 E546.59538
G1 X159.674 Y148.436 E546.63703
G1 X159.795 Y149.684 E546.67873
G1 X159.754 Y150.945 E546.7207
G1 X159.555 Y152.175 E546.76214
G1 X159.196 Y153.386 E546.80415
G1 X158.688 Y154.532 E546.84584
G1 X158.037 Y155.608 E546.88767
G1 X157.256 Y156.587 E546.92933
G0 F9000 X156.931 Y156.292
G0 X156.444 Y155.843
G0 X153.229 Y158.058
G0 X153.31 Y158.262
;TYPE:FILL
G1 F3051.7 X153.026 Y157.724 E546.94956
G1 X152.98 Y157.511 E546.95681
G0 F9000 X153.045 Y157.72
G0 X149.515 Y158.684
G0 X149.507 Y158.904
G1 F3051.7 X148.932 Y158.326 E546.98392
G1 X148.645 Y157.944 E546.99982
G0 F9000 X148.611 Y158.161
G0 X146.917 Y157.645
G0 X145.789 Y157.086
G0 X144.952 Y156.496
G0 X143.614 Y155.28
G0 X143.789 Y155.148
G1 F3051.7 X143.663 Y155.316 E547.0068
G1 X143.394 Y155.918 E547.02873
G1 X143.382 Y155.976 E547.0307
G0 F9000 X143.554 Y155.84
G0 X142.476 Y153.366
G0 X142.052 Y152.183
G0 X141.812 Y150.948
G0 X141.765 Y149.686
G0 X141.907 Y148.431
G0 X142.242 Y147.21
G0 X142.759 Y146.061
G0 X143.443 Y145.001
G0 X144.124 Y144.239
G0 X145.459 Y143.068
G0 X145.571 Y143.256
G1 F3051.7 X145.698 Y142.674 E547.05051
G1 X145.694 Y142.194 E547.06648
G0 F9000 X145.788 Y142.393
G0 X148.448 Y141.909
G0 X150.527 Y141.738
G0 X150.51 Y141.956
G1 F3051.7 X150.514 Y141.47 E547.08264
G1 X150.436 Y141.113 E547.0948
G0 F9000 X150.422 Y141.331
G0 X155.176 Y143.011
G0 X155.296 Y142.828
G1 F3051.7 X155.199 Y143.276 E547.11004
G1 X154.991 Y143.669 E547.12483
G0 F9000 X155.131 Y143.5
G0 X157.63 Y145.861
G0 X157.825 Y145.76
G1 F3051.7 X157.711 Y146.286 E547.14273
G1 X157.716 Y146.888 E547.16276
G1 X157.842 Y147.49 E547.18321
G1 X158.111 Y148.092 E547.20514
G1 X158.564 Y148.694 E547.2302
G1 X158.843 Y148.974 E547.24335
G0 F9000 X158.521 Y149.001
;MESH:NONMESH
G0 F300 X158.521 Y149.001 Z9.6
G0 F9000 X157.948 Y152.183
G0 X157.524 Y153.366
G0 X157.032 Y154.271
G0 X156.182 Y155.541
G0 X155.975 Y155.324
;TIME_ELAPSED:695.112904
;LAYER:47
;TYPE:WALL-INNER
;MESH:dannypart.STL
G1 F2034.1 X156.718 Y154.35 E547.28409
G1 X157.303 Y153.273 E547.32486
G1 X157.717 Y152.12 E547.36561
G1 X157.951 Y150.918 E547.40633
G1 X157.997 Y149.694 E547.44707
G1 X157.857 Y148.477 E547.48782
G1 X157.533 Y147.294 E547.52861
G1 X157.03 Y146.176 E547.56939
G1 X156.365 Y145.148 E547.61011
G1 X155.549 Y144.233 E547.65089
G1 X154.604 Y143.454 E547.69162
G1 X153.551 Y142.827 E547.73238
G1 X152.415 Y142.37 E547.77311
G1 X151.222 Y142.092 E547.81385
G1 X150 Y141.997 E547.85462
G1 X148.778 Y142.092 E547.89538
G1 X147.585 Y142.37 E547.93613
G1 X146.449 Y142.827 E547.97685
G1 X145.396 Y143.454 E548.01761
G1 X144.451 Y144.233 E548.05835
G1 X143.635 Y145.148 E548.09912
G1 X142.97 Y146.176 E548.13985
G1 X142.467 Y147.294 E548.18062
G1 X142.143 Y148.477 E548.22142
G1 X142.003 Y149.694 E548.26216
G1 X142.049 Y150.918 E548.3029
G1 X142.283 Y152.12 E548.34363
G1 X142.697 Y153.273 E548.38438
G1 X143.282 Y154.35 E548.42514
G1 X144.025 Y155.324 E548.46589
G1 X144.908 Y156.173 E548.50663
G1 X145.91 Y156.879 E548.5474
G1 X147.008 Y157.423 E548.58815
G1 X148.177 Y157.793 E548.62893
G1 X149.369 Y157.976 E548.66904
G1 X150 Y158 E548.69005
G1 X150.631 Y157.976 E548.71105
G1 X151.823 Y157.793 E548.75116
G1 X152.992 Y157.423 E548.79194
G1 X154.09 Y156.879 E548.8327
G1 X155.092 Y156.173 E548.87347
G1 X155.975 Y155.324 E548.91421
G0 F9000 X155.676 Y155.057
G1 F2034.1 X156.381 Y154.132 E548.95289
G1 X156.937 Y153.109 E548.99162
G1 X157.33 Y152.014 E549.03031
G1 X157.552 Y150.872 E549.06901
G1 X157.596 Y149.709 E549.10771
G1 X157.463 Y148.553 E549.14642
G1 X157.155 Y147.43 E549.18515
G1 X156.678 Y146.368 E549.22387
G1 X156.046 Y145.391 E549.26257
G1 X155.271 Y144.522 E549.3013
G1 X154.373 Y143.782 E549.34
G1 X153.373 Y143.187 E549.3787
G1 X152.294 Y142.753 E549.41738
G1 X151.161 Y142.488 E549.45608
G1 X150 Y142.398 E549.49482
G1 X148.839 Y142.488 E549.53355
G1 X147.706 Y142.753 E549.57225
G1 X146.627 Y143.187 E549.61093
G1 X145.627 Y143.782 E549.64963
G1 X144.729 Y144.522 E549.68833
G1 X143.954 Y145.391 E549.72706
G1 X143.322 Y146.368 E549.76576
G1 X142.845 Y147.43 E549.80448
G1 X142.537 Y148.553 E549.84321
G1 X142.404 Y149.709 E549.88192
G1 X142.448 Y150.872 E549.92063
G1 X142.67 Y152.014 E549.95932
G1 X143.063 Y153.109 E549.99801
G1 X143.619 Y154.132 E550.03674
G1 X144.324 Y155.057 E550.07542
G1 X145.163 Y155.864 E550.11414
G1 X146.115 Y156.534 E550.15286
G1 X147.158 Y157.051 E550.19158
G1 X148.268 Y157.402 E550.2303
G1 X149.407 Y157.577 E550.26863
G1 X150 Y157.6 E550.28837
G1 X150.593 Y157.577 E550.3081
G1 X151.732 Y157.402 E550.34643
G1 X152.842 Y157.051 E550.38515
G1 X153.885 Y156.534 E550.42387
G1 X154.837 Y155.864 E550.46259
G1 X155.676 Y155.057 E550.50131
G0 F9000 X155.376 Y154.79
;TYPE:WALL-OUTER
G1 F2034.1 X156.044 Y153.914 E550.53795
G1 X156.571 Y152.945 E550.57464
G1 X156.943 Y151.908 E550.61128
G1 X157.153 Y150.826 E550.64794
G1 X157.195 Y149.724 E550.68462
G1 X157.069 Y148.629 E550.72128
G1 X156.777 Y147.566 E550.75794
G1 X156.326 Y146.56 E550.79461
G1 X155.727 Y145.634 E550.83129
G1 X154.993 Y144.811 E550.86797
G1 X154.142 Y144.11 E550.90464
G1 X153.195 Y143.547 E550.94128
G1 X152.173 Y143.135 E550.97793
G1 X151.1 Y142.884 E551.01459
G1 X150 Y142.799 E551.05128
G1 X148.9 Y142.884 E551.08798
G1 X147.827 Y143.135 E551.12463
G1 X146.805 Y143.547 E551.16128
G1 X145.858 Y144.11 E551.19792
G1 X145.007 Y144.811 E551.23459
G1 X144.273 Y145.634 E551.27127
G1 X143.674 Y146.56 E551.30795
G1 X143.223 Y147.566 E551.34462
G1 X142.931 Y148.629 E551.38128
G1 X142.805 Y149.724 E551.41794
G1 X142.847 Y150.826 E551.45462
G1 X143.057 Y151.908 E551.49128
G1 X143.429 Y152.945 E551.52793
G1 X143.956 Y153.914 E551.56461
G1 X144.624 Y154.79 E551.60125
G1 X145.418 Y155.555 E551.63792
G1 X146.32 Y156.189 E551.67459
G1 X147.308 Y156.679 E551.71127
G1 X148.359 Y157.011 E551.74793
G1 X149.445 Y157.178 E551.78448
G1 X150 Y157.2 E551.80295
G1 X150.555 Y157.178 E551.82143
G1 X151.641 Y157.011 E551.85797
G1 X152.692 Y156.679 E551.89463
G1 X153.68 Y156.189 E551.93131
G1 X154.582 Y155.555 E551.96798
G1 X155.376 Y154.79 E552.00465
G0 F9000 X155.704 Y155.082
G0 X156.163 Y155.56
G0 X156.444 Y155.843
G0 X156.663 Y156.047
;TYPE:WALL-INNER
G1 F2034.1 X155.821 Y156.86 E552.04358
G1 X154.914 Y157.538 E552.08125
G1 X153.908 Y158.106 E552.11967
G1 X152.836 Y158.539 E552.15812
G1 X151.721 Y158.832 E552.19647
G1 X150.565 Y158.981 E552.23523
G1 X150 Y159 E552.25404
G1 X149.435 Y158.981 E552.27284
G1 X148.279 Y158.832 E552.31161
G1 X147.164 Y158.539 E552.34995
G1 X146.092 Y158.106 E552.3884
G1 X145.086 Y157.538 E552.42683
G1 X144.179 Y156.86 E552.46449
G1 X143.337 Y156.047 E552.50342
G1 X142.616 Y155.143 E552.54188
G1 X142.026 Y154.168 E552.57978
G1 X141.555 Y153.107 E552.61839
G1 X141.227 Y151.998 E552.65686
G1 X141.044 Y150.869 E552.6949
G1 X141.007 Y149.704 E552.73367
G1 X141.116 Y148.567 E552.77166
G1 X141.374 Y147.437 E552.81021
G1 X141.768 Y146.365 E552.8482
G1 X142.309 Y145.33 E552.88704
G1 X142.967 Y144.389 E552.92523
G1 X143.74 Y143.536 E552.96352
G1 X144.617 Y142.789 E553.00183
G1 X145.59 Y142.156 E553.04044
G1 X146.608 Y141.666 E553.07802
G1 X147.722 Y141.296 E553.11706
G1 X148.851 Y141.076 E553.15532
G1 X150 Y141.003 E553.19361
G1 X151.149 Y141.076 E553.2319
G1 X152.278 Y141.296 E553.27016
G1 X153.392 Y141.666 E553.3092
G1 X154.41 Y142.156 E553.34678
G1 X155.383 Y142.789 E553.38539
G1 X156.26 Y143.536 E553.4237
G1 X157.033 Y144.389 E553.46199
G1 X157.691 Y145.33 E553.50018
G1 X158.232 Y146.365 E553.53902
G1 X158.626 Y147.437 E553.57701
G1 X158.884 Y148.567 E553.61556
G1 X158.993 Y149.704 E553.65355
G1 X158.956 Y150.869 E553.69232
G1 X158.773 Y151.998 E553.73036
G1 X158.445 Y153.107 E553.76883
G1 X157.974 Y154.168 E553.80744
G1 X157.384 Y155.143 E553.84534
G1 X156.663 Y156.047 E553.8838
G0 F9000 X156.961 Y156.315
G1 F2034.1 X156.086 Y157.161 E553.92428
G1 X155.129 Y157.876 E553.96401
G1 X154.08 Y158.468 E554.00407
G1 X152.962 Y158.92 E554.04418
G1 X151.797 Y159.226 E554.08425
G1 X150.598 Y159.38 E554.12445
G1 X150 Y159.4 E554.14435
G1 X149.402 Y159.38 E554.16425
G1 X148.203 Y159.226 E554.20446
G1 X147.038 Y158.92 E554.24452
G1 X145.92 Y158.468 E554.28463
G1 X144.871 Y157.876 E554.32469
G1 X143.914 Y157.161 E554.36443
G1 X143.039 Y156.315 E554.40491
G1 X142.291 Y155.378 E554.44478
G1 X141.669 Y154.35 E554.48475
G1 X141.181 Y153.25 E554.52477
G1 X140.835 Y152.083 E554.56526
G1 X140.645 Y150.907 E554.60488
G1 X140.606 Y149.694 E554.64524
G1 X140.721 Y148.501 E554.68511
G1 X140.989 Y147.326 E554.72519
G1 X141.404 Y146.198 E554.76517
G1 X141.965 Y145.124 E554.80547
G1 X142.653 Y144.139 E554.84543
G1 X143.458 Y143.252 E554.88527
G1 X144.379 Y142.467 E554.92552
G1 X145.392 Y141.808 E554.96571
G1 X146.464 Y141.292 E555.00528
G1 X147.62 Y140.908 E555.0458
G1 X148.796 Y140.679 E555.08565
G1 X150 Y140.602 E555.12577
G1 X151.204 Y140.679 E555.1659
G1 X152.38 Y140.908 E555.20575
G1 X153.536 Y141.292 E555.24626
G1 X154.608 Y141.808 E555.28583
G1 X155.621 Y142.467 E555.32603
G1 X156.542 Y143.252 E555.36628
G1 X157.347 Y144.139 E555.40612
G1 X158.035 Y145.124 E555.44608
G1 X158.596 Y146.198 E555.48638
G1 X159.011 Y147.326 E555.52636
G1 X159.279 Y148.501 E555.56644
G1 X159.394 Y149.694 E555.60631
G1 X159.355 Y150.907 E555.64667
G1 X159.165 Y152.083 E555.68629
G1 X158.819 Y153.25 E555.72678
G1 X158.331 Y154.35 E555.7668
G1 X157.709 Y155.378 E555.80676
G1 X156.961 Y156.315 E555.84664
G0 F9000 X157.256 Y156.587
;TYPE:WALL-OUTER
G1 F2034.1 X156.351 Y157.462 E555.88851
G1 X155.344 Y158.214 E555.93031
G1 X154.252 Y158.83 E555.97201
G1 X153.088 Y159.301 E556.01378
G1 X151.873 Y159.62 E556.05556
G1 X150.631 Y159.779 E556.0972
G1 X150 Y159.8 E556.1182
G1 X149.369 Y159.779 E556.1392
G1 X148.127 Y159.62 E556.18085
G1 X146.912 Y159.301 E556.22263
G1 X145.748 Y158.83 E556.26439
G1 X144.656 Y158.214 E556.30609
G1 X143.649 Y157.462 E556.34789
G1 X142.744 Y156.587 E556.38976
G1 X141.963 Y155.608 E556.43142
G1 X141.312 Y154.532 E556.47324
G1 X140.804 Y153.386 E556.51494
G1 X140.445 Y152.175 E556.55695
G1 X140.246 Y150.945 E556.59839
G1 X140.205 Y149.684 E556.64035
G1 X140.326 Y148.436 E556.68206
G1 X140.604 Y147.215 E556.72371
G1 X141.04 Y146.031 E556.76567
G1 X141.621 Y144.918 E556.80743
G1 X142.339 Y143.889 E556.84916
G1 X143.18 Y142.963 E556.89077
G1 X144.137 Y142.148 E556.93258
G1 X145.194 Y141.46 E556.97452
G1 X146.32 Y140.918 E557.01609
G1 X147.518 Y140.52 E557.05807
G1 X148.741 Y140.282 E557.09951
G1 X150 Y140.201 E557.14148
G1 X151.259 Y140.282 E557.18344
G1 X152.482 Y140.52 E557.22488
G1 X153.68 Y140.918 E557.26686
G1 X154.806 Y141.46 E557.30843
G1 X155.863 Y142.148 E557.35037
G1 X156.82 Y142.963 E557.39218
G1 X157.661 Y143.889 E557.43379
G1 X158.379 Y144.918 E557.47552
G1 X158.96 Y146.031 E557.51728
G1 X159.396 Y147.215 E557.55924
G1 X159.674 Y148.436 E557.60089
G1 X159.795 Y149.684 E557.6426
G1 X159.754 Y150.945 E557.68456
G1 X159.555 Y152.175 E557.726
G1 X159.196 Y153.386 E557.76801
G1 X158.688 Y154.532 E557.80971
G1 X158.037 Y155.608 E557.85154
G1 X157.256 Y156.587 E557.89319
G0 F9000 X156.931 Y156.292
G0 X156.444 Y155.843
G0 X153.368 Y158.002
G0 X153.449 Y158.206
;TYPE:FILL
G1 F3051.1 X153.15 Y157.724 E557.91205
G1 X153.071 Y157.472 E557.92084
G0 F9000 X153.168 Y157.67
G0 X149.314 Y158.665
G0 X149.286 Y158.882
G1 F3051.1 X148.764 Y158.326 E557.9462
G1 X148.5 Y157.922 E557.96226
G0 F9000 X148.466 Y158.138
G0 X146.917 Y157.645
G0 X146.598 Y157.487
G0 X143.517 Y155.793
G0 X143.345 Y155.929
G1 F3051.1 X143.346 Y155.918 E557.96262
G1 X143.555 Y155.316 E557.98382
G1 X143.722 Y155.06 E557.99398
G0 F9000 X143.547 Y155.192
G0 X143.084 Y154.484
G0 X142.476 Y153.366
G0 X142.052 Y152.183
G0 X141.812 Y150.948
G0 X141.765 Y149.686
G0 X141.907 Y148.431
G0 X142.242 Y147.21
G0 X142.759 Y146.061
G0 X143.443 Y145.001
G0 X144.124 Y144.239
G0 X145.275 Y143.178
G0 X145.387 Y143.366
G1 F3051.1 X145.443 Y143.276 E557.99751
G1 X145.633 Y142.674 E558.01851
G1 X145.674 Y142.203 E558.03423
G0 F9000 X145.769 Y142.402
G0 X150.32 Y141.324
G0 X150.334 Y141.106
G1 F3051.1 X150.449 Y141.47 E558.04693
G1 X150.491 Y141.955 E558.06312
G0 F9000 X150.508 Y141.736
G0 X152.486 Y142.141
G0 X153.434 Y142.521
G0 X155.025 Y143.413
G0 X154.885 Y143.582
G1 F3051.1 X155.075 Y143.276 E558.0751
G1 X155.23 Y142.785 E558.09222
G0 F9000 X155.11 Y142.968
G0 X157.703 Y146
G0 X157.898 Y145.899
G1 F3051.1 X157.776 Y146.286 E558.10572
G1 X157.724 Y146.888 E558.12582
G1 X157.794 Y147.49 E558.14597
G1 X158.003 Y148.092 E558.16717
G1 X158.396 Y148.694 E558.19108
G1 X158.864 Y149.192 E558.21381
G0 F9000 X158.545 Y149.219
;MESH:NONMESH
G0 F300 X158.545 Y149.219 Z9.8
G0 F9000 X157.948 Y152.183
G0 X157.524 Y153.366
G0 X157.032 Y154.271
G0 X156.182 Y155.541
G0 X155.975 Y155.324
;TIME_ELAPSED:707.678233
;LAYER:48
;TYPE:WALL-INNER
;MESH:dannypart.STL
G1 F2035.1 X156.718 Y154.35 E558.25456
G1 X157.303 Y153.273 E558.29532
G1 X157.717 Y152.12 E558.33607
G1 X157.951 Y150.918 E558.3768
G1 X157.997 Y149.694 E558.41753
G1 X157.857 Y148.477 E558.45828
G1 X157.533 Y147.294 E558.49907
G1 X157.03 Y146.176 E558.53985
G1 X156.365 Y145.148 E558.58057
G1 X155.549 Y144.233 E558.62135
G1 X154.604 Y143.454 E558.66208
G1 X153.551 Y142.827 E558.70284
G1 X152.415 Y142.37 E558.74357
G1 X151.222 Y142.092 E558.78431
G1 X150 Y141.997 E558.82508
G1 X148.778 Y142.092 E558.86584
G1 X147.585 Y142.37 E558.90659
G1 X146.449 Y142.827 E558.94731
G1 X145.396 Y143.454 E558.98808
G1 X144.451 Y144.233 E559.02881
G1 X143.635 Y145.148 E559.06959
G1 X142.97 Y146.176 E559.11031
G1 X142.467 Y147.294 E559.15108
G1 X142.143 Y148.477 E559.19188
G1 X142.003 Y149.694 E559.23262
G1 X142.049 Y150.918 E559.27336
G1 X142.283 Y152.12 E559.31409
G1 X142.697 Y153.273 E559.35484
G1 X143.282 Y154.35 E559.3956
G1 X144.025 Y155.324 E559.43635
G1 X144.908 Y156.173 E559.47709
G1 X145.91 Y156.879 E559.51786
G1 X147.008 Y157.423 E559.55861
G1 X148.177 Y157.793 E559.59939
G1 X149.369 Y157.976 E559.63951
G1 X150 Y158 E559.66051
G1 X150.631 Y157.976 E559.68151
G1 X151.823 Y157.793 E559.72162
G1 X152.992 Y157.423 E559.7624
G1 X154.09 Y156.879 E559.80316
G1 X155.092 Y156.173 E559.84393
G1 X155.975 Y155.324 E559.88467
G0 F9000 X155.676 Y155.057
G1 F2035.1 X156.381 Y154.132 E559.92335
G1 X156.937 Y153.109 E559.96208
G1 X157.33 Y152.014 E560.00077
G1 X157.552 Y150.872 E560.03947
G1 X157.596 Y149.709 E560.07818
G1 X157.463 Y148.553 E560.11688
G1 X157.155 Y147.43 E560.15561
G1 X156.678 Y146.368 E560.19433
G1 X156.046 Y145.391 E560.23303
G1 X155.271 Y144.522 E560.27176
G1 X154.373 Y143.782 E560.31046
G1 X153.373 Y143.187 E560.34916
G1 X152.294 Y142.753 E560.38784
G1 X151.161 Y142.488 E560.42655
G1 X150 Y142.398 E560.46528
G1 X148.839 Y142.488 E560.50401
G1 X147.706 Y142.753 E560.54271
G1 X146.627 Y143.187 E560.58139
G1 X145.627 Y143.782 E560.62009
G1 X144.729 Y144.522 E560.65879
G1 X143.954 Y145.391 E560.69752
G1 X143.322 Y146.368 E560.73622
G1 X142.845 Y147.43 E560.77494
G1 X142.537 Y148.553 E560.81368
G1 X142.404 Y149.709 E560.85238
G1 X142.448 Y150.872 E560.89109
G1 X142.67 Y152.014 E560.92978
G1 X143.063 Y153.109 E560.96848
G1 X143.619 Y154.132 E561.0072
G1 X144.324 Y155.057 E561.04588
G1 X145.163 Y155.864 E561.0846
G1 X146.115 Y156.534 E561.12332
G1 X147.158 Y157.051 E561.16204
G1 X148.268 Y157.402 E561.20076
G1 X149.407 Y157.577 E561.23909
G1 X150 Y157.6 E561.25883
G1 X150.593 Y157.577 E561.27856
G1 X151.732 Y157.402 E561.31689
G1 X152.842 Y157.051 E561.35561
G1 X153.885 Y156.534 E561.39433
G1 X154.837 Y155.864 E561.43305
G1 X155.676 Y155.057 E561.47177
G0 F9000 X155.376 Y154.79
;TYPE:WALL-OUTER
G1 F2035.1 X156.044 Y153.914 E561.50841
G1 X156.571 Y152.945 E561.5451
G1 X156.943 Y151.908 E561.58174
G1 X157.153 Y150.826 E561.6184
G1 X157.195 Y149.724 E561.65508
G1 X157.069 Y148.629 E561.69174
G1 X156.777 Y147.566 E561.7284
G1 X156.326 Y146.56 E561.76507
G1 X155.727 Y145.634 E561.80175
G1 X154.993 Y144.811 E561.83843
G1 X154.142 Y144.11 E561.8751
G1 X153.195 Y143.547 E561.91174
G1 X152.173 Y143.135 E561.94839
G1 X151.1 Y142.884 E561.98505
G1 X150 Y142.799 E562.02174
G1 X148.9 Y142.884 E562.05844
G1 X147.827 Y143.135 E562.09509
G1 X146.805 Y143.547 E562.13174
G1 X145.858 Y144.11 E562.16838
G1 X145.007 Y144.811 E562.20505
G1 X144.273 Y145.634 E562.24173
G1 X143.674 Y146.56 E562.27841
G1 X143.223 Y147.566 E562.31508
G1 X142.931 Y148.629 E562.35174
G1 X142.805 Y149.724 E562.3884
G1 X142.847 Y150.826 E562.42508
G1 X143.057 Y151.908 E562.46174
G1 X143.429 Y152.945 E562.49839
G1 X143.956 Y153.914 E562.53507
G1 X144.624 Y154.79 E562.57171
G1 X145.418 Y155.555 E562.60838
G1 X146.32 Y156.189 E562.64506
G1 X147.308 Y156.679 E562.68174
G1 X148.359 Y157.011 E562.71839
G1 X149.445 Y157.178 E562.75494
G1 X150 Y157.2 E562.77341
G1 X150.555 Y157.178 E562.79189
G1 X151.641 Y157.011 E562.82843
G1 X152.692 Y156.679 E562.86509
G1 X153.68 Y156.189 E562.90177
G1 X154.582 Y155.555 E562.93844
G1 X155.376 Y154.79 E562.97511
G0 F9000 X155.704 Y155.082
G0 X156.163 Y155.56
G0 X156.444 Y155.843
G0 X156.663 Y156.047
;TYPE:WALL-INNER
G1 F2035.1 X155.821 Y156.86 E563.01404
G1 X154.914 Y157.538 E563.05171
G1 X153.908 Y158.106 E563.09013
G1 X152.836 Y158.539 E563.12858
G1 X151.721 Y158.832 E563.16693
G1 X150.565 Y158.981 E563.2057
G1 X150 Y159 E563.2245
G1 X149.435 Y158.981 E563.2433
G1 X148.279 Y158.832 E563.28207
G1 X147.164 Y158.539 E563.32041
G1 X146.092 Y158.106 E563.35887
G1 X145.086 Y157.538 E563.39729
G1 X144.179 Y156.86 E563.43495
G1 X143.337 Y156.047 E563.47388
G1 X142.616 Y155.143 E563.51234
G1 X142.026 Y154.168 E563.55025
G1 X141.555 Y153.107 E563.58886
G1 X141.227 Y151.998 E563.62732
G1 X141.044 Y150.869 E563.66536
G1 X141.007 Y149.704 E563.70413
G1 X141.116 Y148.567 E563.74212
G1 X141.374 Y147.437 E563.78067
G1 X141.768 Y146.365 E563.81866
G1 X142.309 Y145.33 E563.8575
G1 X142.967 Y144.389 E563.89569
G1 X143.74 Y143.536 E563.93398
G1 X144.617 Y142.789 E563.97229
G1 X145.59 Y142.156 E564.0109
G1 X146.608 Y141.666 E564.04848
G1 X147.722 Y141.296 E564.08752
G1 X148.851 Y141.076 E564.12578
G1 X150 Y141.003 E564.16407
G1 X151.149 Y141.076 E564.20236
G1 X152.278 Y141.296 E564.24062
G1 X153.392 Y141.666 E564.27966
G1 X154.41 Y142.156 E564.31724
G1 X155.383 Y142.789 E564.35585
G1 X156.26 Y143.536 E564.39416
G1 X157.033 Y144.389 E564.43245
G1 X157.691 Y145.33 E564.47064
G1 X158.232 Y146.365 E564.50948
G1 X158.626 Y147.437 E564.54747
G1 X158.884 Y148.567 E564.58602
G1 X158.993 Y149.704 E564.62401
G1 X158.956 Y150.869 E564.66278
G1 X158.773 Y151.998 E564.70082
G1 X158.445 Y153.107 E564.73929
G1 X157.974 Y154.168 E564.7779
G1 X157.384 Y155.143 E564.8158
G1 X156.663 Y156.047 E564.85426
G0 F9000 X156.961 Y156.315
G1 F2035.1 X156.086 Y157.161 E564.89474
G1 X155.129 Y157.876 E564.93447
G1 X154.08 Y158.468 E564.97453
G1 X152.962 Y158.92 E565.01464
G1 X151.797 Y159.226 E565.05471
G1 X150.598 Y159.38 E565.09491
G1 X150 Y159.4 E565.11481
G1 X149.402 Y159.38 E565.13471
G1 X148.203 Y159.226 E565.17492
G1 X147.038 Y158.92 E565.21498
G1 X145.92 Y158.468 E565.25509
G1 X144.871 Y157.876 E565.29515
G1 X143.914 Y157.161 E565.33489
G1 X143.039 Y156.315 E565.37537
G1 X142.291 Y155.378 E565.41524
G1 X141.669 Y154.35 E565.45521
G1 X141.181 Y153.25 E565.49523
G1 X140.835 Y152.083 E565.53572
G1 X140.645 Y150.907 E565.57534
G1 X140.606 Y149.694 E565.6157
G1 X140.721 Y148.501 E565.65557
G1 X140.989 Y147.326 E565.69565
G1 X141.404 Y146.198 E565.73563
G1 X141.965 Y145.124 E565.77593
G1 X142.653 Y144.139 E565.81589
G1 X143.458 Y143.252 E565.85573
G1 X144.379 Y142.467 E565.89598
G1 X145.392 Y141.808 E565.93617
G1 X146.464 Y141.292 E565.97574
G1 X147.62 Y140.908 E566.01626
G1 X148.796 Y140.679 E566.05611
G1 X150 Y140.602 E566.09623
G1 X151.204 Y140.679 E566.13636
G1 X152.38 Y140.908 E566.17621
G1 X153.536 Y141.292 E566.21673
G1 X154.608 Y141.808 E566.2563
G1 X155.621 Y142.467 E566.29649
G1 X156.542 Y143.252 E566.33674
G1 X157.347 Y144.139 E566.37658
G1 X158.035 Y145.124 E566.41654
G1 X158.596 Y146.198 E566.45684
G1 X159.011 Y147.326 E566.49682
G1 X159.279 Y148.501 E566.5369
G1 X159.394 Y149.694 E566.57677
G1 X159.355 Y150.907 E566.61713
G1 X159.165 Y152.083 E566.65675
G1 X158.819 Y153.25 E566.69724
G1 X158.331 Y154.35 E566.73726
G1 X157.709 Y155.378 E566.77722
G1 X156.961 Y156.315 E566.8171
G0 F9000 X157.256 Y156.587
;TYPE:WALL-OUTER
G1 F2035.1 X156.351 Y157.462 E566.85897
G1 X155.344 Y158.214 E566.90077
G1 X154.252 Y158.83 E566.94247
G1 X153.088 Y159.301 E566.98424
G1 X151.873 Y159.62 E567.02602
G1 X150.631 Y159.779 E567.06766
G1 X150 Y159.8 E567.08866
G1 X149.369 Y159.779 E567.10966
G1 X148.127 Y159.62 E567.15131
G1 X146.912 Y159.301 E567.19309
G1 X145.748 Y158.83 E567.23485
G1 X144.656 Y158.214 E567.27655
G1 X143.649 Y157.462 E567.31835
G1 X142.744 Y156.587 E567.36022
G1 X141.963 Y155.608 E567.40188
G1 X141.312 Y154.532 E567.4437
G1 X140.804 Y153.386 E567.4854
G1 X140.445 Y152.175 E567.52741
G1 X140.246 Y150.945 E567.56885
G1 X140.205 Y149.684 E567.61081
G1 X140.326 Y148.436 E567.65252
G1 X140.604 Y147.215 E567.69417
G1 X141.04 Y146.031 E567.73613
G1 X141.621 Y144.918 E567.77789
G1 X142.339 Y143.889 E567.81962
G1 X143.18 Y142.963 E567.86123
G1 X144.137 Y142.148 E567.90304
G1 X145.194 Y141.46 E567.94498
G1 X146.32 Y140.918 E567.98655
G1 X147.518 Y140.52 E568.02853
G1 X148.741 Y140.282 E568.06997
G1 X150 Y140.201 E568.11194
G1 X151.259 Y140.282 E568.1539
G1 X152.482 Y140.52 E568.19534
G1 X153.68 Y140.918 E568.23732
G1 X154.806 Y141.46 E568.27889
G1 X155.863 Y142.148 E568.32084
G1 X156.82 Y142.963 E568.36264
G1 X157.661 Y143.889 E568.40425
G1 X158.379 Y144.918 E568.44598
G1 X158.96 Y146.031 E568.48774
G1 X159.396 Y147.215 E568.52971
G1 X159.674 Y148.436 E568.57136
G1 X159.795 Y149.684 E568.61306
G1 X159.754 Y150.945 E568.65502
G1 X159.555 Y152.175 E568.69646
G1 X159.196 Y153.386 E568.73847
G1 X158.688 Y154.532 E568.78017
G1 X158.037 Y155.608 E568.822
G1 X157.256 Y156.587 E568.86365
G0 F9000 X156.931 Y156.292
G0 X156.444 Y155.843
G0 X153.492 Y157.952
G0 X153.573 Y158.156
;TYPE:FILL
G1 F3052.6 X153.262 Y157.724 E568.88135
G1 X153.143 Y157.437 E568.89169
G0 F9000 X153.24 Y157.634
G0 X152.47 Y157.854
G0 X149.088 Y158.636
G0 X149.06 Y158.853
G1 F3052.6 X148.587 Y158.326 E568.91524
G1 X148.349 Y157.899 E568.9315
G0 F9000 X148.315 Y158.115
G0 X146.917 Y157.645
G0 X146.278 Y157.329
G0 X143.469 Y155.733
G0 X143.297 Y155.869
G1 F3052.6 X143.435 Y155.316 E568.95046
G1 X143.639 Y154.951 E568.96436
G0 F9000 X143.464 Y155.083
G0 X142.476 Y153.366
G0 X142.052 Y152.183
G0 X141.812 Y150.948
G0 X141.765 Y149.686
G0 X141.907 Y148.431
G0 X142.242 Y147.21
G0 X142.759 Y146.061
G0 X143.443 Y145.001
G0 X143.919 Y144.468
G0 X144.967 Y143.419
G0 X145.106 Y143.589
G1 F3052.6 X145.331 Y143.276 E568.97718
G1 X145.581 Y142.674 E568.99887
G1 X145.665 Y142.208 E569.01461
G0 F9000 X145.759 Y142.407
G0 X150.23 Y141.318
G0 X150.244 Y141.1
G1 F3052.6 X150.397 Y141.47 E569.02793
G1 X150.484 Y141.954 E569.04429
G0 F9000 X150.501 Y141.736
G0 X152.486 Y142.141
G0 X153.434 Y142.521
G0 X154.936 Y143.339
G0 X154.796 Y143.508
G1 F3052.6 X154.963 Y143.276 E569.05379
G1 X155.18 Y142.753 E569.07263
G0 F9000 X155.06 Y142.936
G0 X157.754 Y146.096
G0 X157.949 Y145.995
G1 F3052.6 X157.828 Y146.286 E569.08311
G1 X157.72 Y146.888 E569.10345
G1 X157.733 Y147.49 E569.12348
G1 X157.883 Y148.092 E569.14411
G1 X158.219 Y148.694 E569.16704
G1 X158.759 Y149.296 E569.19394
G1 X158.886 Y149.427 E569.20001
G0 F9000 X158.572 Y149.453
;MESH:NONMESH
G0 F300 X158.572 Y149.453 Z10
G0 F9000 X157.948 Y152.183
G0 X157.524 Y153.366
G0 X157.032 Y154.271
G0 X156.182 Y155.541
G0 X155.975 Y155.324
;TIME_ELAPSED:720.244880
;LAYER:49
;TYPE:WALL-INNER
;MESH:dannypart.STL
G1 F2039 X156.718 Y154.35 E569.24076
G1 X157.303 Y153.273 E569.28152
G1 X157.717 Y152.12 E569.32227
G1 X157.951 Y150.918 E569.363
G1 X157.997 Y149.694 E569.40373
G1 X157.857 Y148.477 E569.44448
G1 X157.533 Y147.294 E569.48527
G1 X157.03 Y146.176 E569.52605
G1 X156.365 Y145.148 E569.56677
G1 X155.549 Y144.233 E569.60755
G1 X154.604 Y143.454 E569.64828
G1 X153.551 Y142.827 E569.68904
G1 X152.415 Y142.37 E569.72977
G1 X151.222 Y142.092 E569.77051
G1 X150 Y141.997 E569.81128
G1 X148.778 Y142.092 E569.85204
G1 X147.585 Y142.37 E569.89279
G1 X146.449 Y142.827 E569.93351
G1 X145.396 Y143.454 E569.97428
G1 X144.451 Y144.233 E570.01501
G1 X143.635 Y145.148 E570.05579
G1 X142.97 Y146.176 E570.09651
G1 X142.467 Y147.294 E570.13728
G1 X142.143 Y148.477 E570.17808
G1 X142.003 Y149.694 E570.21882
G1 X142.049 Y150.918 E570.25956
G1 X142.283 Y152.12 E570.30029
G1 X142.697 Y153.273 E570.34104
G1 X143.282 Y154.35 E570.3818
G1 X144.025 Y155.324 E570.42255
G1 X144.908 Y156.173 E570.46329
G1 X145.91 Y156.879 E570.50406
G1 X147.008 Y157.423 E570.54481
G1 X148.177 Y157.793 E570.58559
G1 X149.369 Y157.976 E570.62571
G1 X150 Y158 E570.64671
G1 X150.631 Y157.976 E570.66771
G1 X151.823 Y157.793 E570.70782
G1 X152.992 Y157.423 E570.7486
G1 X154.09 Y156.879 E570.78936
G1 X155.092 Y156.173 E570.83013
G1 X155.975 Y155.324 E570.87087
G0 F9000 X155.676 Y155.057
G1 F2039 X156.381 Y154.132 E570.90955
G1 X156.937 Y153.109 E570.94828
G1 X157.33 Y152.014 E570.98697
G1 X157.552 Y150.872 E571.02567
G1 X157.596 Y149.709 E571.06438
G1 X157.463 Y148.553 E571.10308
G1 X157.155 Y147.43 E571.14181
G1 X156.678 Y146.368 E571.18053
G1 X156.046 Y145.391 E571.21923
G1 X155.271 Y144.522 E571.25796
G1 X154.373 Y143.782 E571.29666
G1 X153.373 Y143.187 E571.33536
G1 X152.294 Y142.753 E571.37404
G1 X151.161 Y142.488 E571.41275
G1 X150 Y142.398 E571.45148
G1 X148.839 Y142.488 E571.49021
G1 X147.706 Y142.753 E571.52891
G1 X146.627 Y143.187 E571.56759
G1 X145.627 Y143.782 E571.60629
G1 X144.729 Y144.522 E571.64499
G1 X143.954 Y145.391 E571.68372
G1 X143.322 Y146.368 E571.72242
G1 X142.845 Y147.43 E571.76114
G1 X142.537 Y148.553 E571.79988
G1 X142.404 Y149.709 E571.83858
G1 X142.448 Y150.872 E571.87729
G1 X142.67 Y152.014 E571.91598
G1 X143.063 Y153.109 E571.95468
G1 X143.619 Y154.132 E571.9934
G1 X144.324 Y155.057 E572.03208
G1 X145.163 Y155.864 E572.0708
G1 X146.115 Y156.534 E572.10952
G1 X147.158 Y157.051 E572.14824
G1 X148.268 Y157.402 E572.18696
G1 X149.407 Y157.577 E572.22529
G1 X150 Y157.6 E572.24503
G1 X150.593 Y157.577 E572.26476
G1 X151.732 Y157.402 E572.30309
G1 X152.842 Y157.051 E572.34181
G1 X153.885 Y156.534 E572.38053
G1 X154.837 Y155.864 E572.41925
G1 X155.676 Y155.057 E572.45797
G0 F9000 X155.376 Y154.79
;TYPE:WALL-OUTER
G1 F2039 X156.044 Y153.914 E572.49461
G1 X156.571 Y152.945 E572.5313
G1 X156.943 Y151.908 E572.56794
G1 X157.153 Y150.826 E572.6046
G1 X157.195 Y149.724 E572.64128
G1 X157.069 Y148.629 E572.67794
G1 X156.777 Y147.566 E572.7146
G1 X156.326 Y146.56 E572.75127
G1 X155.727 Y145.634 E572.78795
G1 X154.993 Y144.811 E572.82463
G1 X154.142 Y144.11 E572.8613
G1 X153.195 Y143.547 E572.89794
G1 X152.173 Y143.135 E572.93459
G1 X151.1 Y142.884 E572.97125
G1 X150 Y142.799 E573.00794
G1 X148.9 Y142.884 E573.04464
G1 X147.827 Y143.135 E573.08129
G1 X146.805 Y143.547 E573.11794
G1 X145.858 Y144.11 E573.15458
G1 X145.007 Y144.811 E573.19125
G1 X144.273 Y145.634 E573.22793
G1 X143.674 Y146.56 E573.26461
G1 X143.223 Y147.566 E573.30128
G1 X142.931 Y148.629 E573.33794
G1 X142.805 Y149.724 E573.3746
G1 X142.847 Y150.826 E573.41128
G1 X143.057 Y151.908 E573.44794
G1 X143.429 Y152.945 E573.48459
G1 X143.956 Y153.914 E573.52127
G1 X144.624 Y154.79 E573.55791
G1 X145.418 Y155.555 E573.59459
G1 X146.32 Y156.189 E573.63126
G1 X147.308 Y156.679 E573.66794
G1 X148.359 Y157.011 E573.70459
G1 X149.445 Y157.178 E573.74114
G1 X150 Y157.2 E573.75961
G1 X150.555 Y157.178 E573.77809
G1 X151.641 Y157.011 E573.81463
G1 X152.692 Y156.679 E573.85129
G1 X153.68 Y156.189 E573.88797
G1 X154.582 Y155.555 E573.92464
G1 X155.376 Y154.79 E573.96131
G0 F9000 X155.704 Y155.082
G0 X156.163 Y155.56
G0 X156.444 Y155.843
G0 X156.663 Y156.047
;TYPE:WALL-INNER
G1 F2039 X155.821 Y156.86 E574.00024
G1 X154.914 Y157.538 E574.03791
G1 X153.908 Y158.106 E574.07633
G1 X152.836 Y158.539 E574.11478
G1 X151.721 Y158.832 E574.15313
G1 X150.565 Y158.981 E574.1919
G1 X150 Y159 E574.2107
G1 X149.435 Y158.981 E574.2295
G1 X148.279 Y158.832 E574.26827
G1 X147.164 Y158.539 E574.30661
G1 X146.092 Y158.106 E574.34507
G1 X145.086 Y157.538 E574.38349
G1 X144.179 Y156.86 E574.42115
G1 X143.337 Y156.047 E574.46008
G1 X142.616 Y155.143 E574.49854
G1 X142.026 Y154.168 E574.53645
G1 X141.555 Y153.107 E574.57506
G1 X141.227 Y151.998 E574.61352
G1 X141.044 Y150.869 E574.65156
G1 X141.007 Y149.704 E574.69033
G1 X141.116 Y148.567 E574.72832
G1 X141.374 Y147.437 E574.76687
G1 X141.768 Y146.365 E574.80486
G1 X142.309 Y145.33 E574.8437
G1 X142.967 Y144.389 E574.88189
G1 X143.74 Y143.536 E574.92018
G1 X144.617 Y142.789 E574.95849
G1 X145.59 Y142.156 E574.9971
G1 X146.608 Y141.666 E575.03468
G1 X147.722 Y141.296 E575.07372
G1 X148.851 Y141.076 E575.11198
G1 X150 Y141.003 E575.15027
G1 X151.149 Y141.076 E575.18856
G1 X152.278 Y141.296 E575.22682
G1 X153.392 Y141.666 E575.26586
G1 X154.41 Y142.156 E575.30344
G1 X155.383 Y142.789 E575.34205
G1 X156.26 Y143.536 E575.38036
G1 X157.033 Y144.389 E575.41865
G1 X157.691 Y145.33 E575.45684
G1 X158.232 Y146.365 E575.49568
G1 X158.626 Y147.437 E575.53367
G1 X158.884 Y148.567 E575.57222
G1 X158.993 Y149.704 E575.61021
G1 X158.956 Y150.869 E575.64898
G1 X158.773 Y151.998 E575.68702
G1 X158.445 Y153.107 E575.72549
G1 X157.974 Y154.168 E575.7641
G1 X157.384 Y155.143 E575.802
G1 X156.663 Y156.047 E575.84046
G0 F9000 X156.961 Y156.315
G1 F2039 X156.086 Y157.161 E575.88094
G1 X155.129 Y157.876 E575.92067
G1 X154.08 Y158.468 E575.96073
G1 X152.962 Y158.92 E576.00084
G1 X151.797 Y159.226 E576.04091
G1 X150.598 Y159.38 E576.08111
G1 X150 Y159.4 E576.10101
G1 X149.402 Y159.38 E576.12091
G1 X148.203 Y159.226 E576.16112
G1 X147.038 Y158.92 E576.20118
G1 X145.92 Y158.468 E576.24129
G1 X144.871 Y157.876 E576.28135
G1 X143.914 Y157.161 E576.32109
G1 X143.039 Y156.315 E576.36157
G1 X142.291 Y155.378 E576.40145
G1 X141.669 Y154.35 E576.44141
G1 X141.181 Y153.25 E576.48143
G1 X140.835 Y152.083 E576.52192
G1 X140.645 Y150.907 E576.56154
G1 X140.606 Y149.694 E576.6019
G1 X140.721 Y148.501 E576.64177
G1 X140.989 Y147.326 E576.68185
G1 X141.404 Y146.198 E576.72183
G1 X141.965 Y145.124 E576.76213
G1 X142.653 Y144.139 E576.80209
G1 X143.458 Y143.252 E576.84193
G1 X144.379 Y142.467 E576.88218
G1 X145.392 Y141.808 E576.92237
G1 X146.464 Y141.292 E576.96194
G1 X147.62 Y140.908 E577.00246
G1 X148.796 Y140.679 E577.04231
G1 X150 Y140.602 E577.08243
G1 X151.204 Y140.679 E577.12256
G1 X152.38 Y140.908 E577.16241
G1 X153.536 Y141.292 E577.20293
G1 X154.608 Y141.808 E577.2425
G1 X155.621 Y142.467 E577.28269
G1 X156.542 Y143.252 E577.32294
G1 X157.347 Y144.139 E577.36278
G1 X158.035 Y145.124 E577.40274
G1 X158.596 Y146.198 E577.44304
G1 X159.011 Y147.326 E577.48302
G1 X159.279 Y148.501 E577.5231
G1 X159.394 Y149.694 E577.56297
G1 X159.355 Y150.907 E577.60333
G1 X159.165 Y152.083 E577.64295
G1 X158.819 Y153.25 E577.68344
G1 X158.331 Y154.35 E577.72346
G1 X157.709 Y155.378 E577.76342
G1 X156.961 Y156.315 E577.8033
G0 F9000 X157.256 Y156.587
;TYPE:WALL-OUTER
G1 F2039 X156.351 Y157.462 E577.84517
G1 X155.344 Y158.214 E577.88697
G1 X154.252 Y158.83 E577.92867
G1 X153.088 Y159.301 E577.97044
G1 X151.873 Y159.62 E578.01222
G1 X150.631 Y159.779 E578.05386
G1 X150 Y159.8 E578.07486
G1 X149.369 Y159.779 E578.09586
G1 X148.127 Y159.62 E578.13751
G1 X146.912 Y159.301 E578.17929
G1 X145.748 Y158.83 E578.22105
G1 X144.656 Y158.214 E578.26275
G1 X143.649 Y157.462 E578.30455
G1 X142.744 Y156.587 E578.34642
G1 X141.963 Y155.608 E578.38808
G1 X141.312 Y154.532 E578.4299
G1 X140.804 Y153.386 E578.4716
G1 X140.445 Y152.175 E578.51361
G1 X140.246 Y150.945 E578.55505
G1 X140.205 Y149.684 E578.59701
G1 X140.326 Y148.436 E578.63872
G1 X140.604 Y147.215 E578.68037
G1 X141.04 Y146.031 E578.72233
G1 X141.621 Y144.918 E578.76409
G1 X142.339 Y143.889 E578.80582
G1 X143.18 Y142.963 E578.84743
G1 X144.137 Y142.148 E578.88924
G1 X145.194 Y141.46 E578.93118
G1 X146.32 Y140.918 E578.97275
G1 X147.518 Y140.52 E579.01473
G1 X148.741 Y140.282 E579.05618
G1 X150 Y140.201 E579.09814
G1 X151.259 Y140.282 E579.1401
G1 X152.482 Y140.52 E579.18154
G1 X153.68 Y140.918 E579.22352
G1 X154.806 Y141.46 E579.26509
G1 X155.863 Y142.148 E579.30704
G1 X156.82 Y142.963 E579.34884
G1 X157.661 Y143.889 E579.39045
G1 X158.379 Y144.918 E579.43218
G1 X158.96 Y146.031 E579.47394
G1 X159.396 Y147.215 E579.51591
G1 X159.674 Y148.436 E579.55756
G1 X159.795 Y149.684 E579.59926
G1 X159.754 Y150.945 E579.64122
G1 X159.555 Y152.175 E579.68266
G1 X159.196 Y153.386 E579.72467
G1 X158.688 Y154.532 E579.76637
G1 X158.037 Y155.608 E579.8082
G1 X157.256 Y156.587 E579.84985
G0 F9000 X156.931 Y156.292
G0 X156.444 Y155.843
G0 X153.603 Y157.908
G0 X153.684 Y158.111
;TYPE:FILL
G1 F3058.5 X153.363 Y157.724 E579.86657
G1 X153.2 Y157.409 E579.87837
G0 F9000 X153.297 Y157.606
G0 X152.149 Y157.945
G0 X148.854 Y158.606
G0 X148.826 Y158.823
G1 F3058.5 X148.396 Y158.326 E579.90023
G1 X148.187 Y157.874 E579.91679
G0 F9000 X148.153 Y158.09
G0 X146.917 Y157.645
G0 X146.278 Y157.329
G0 X143.403 Y155.65
G0 X143.231 Y155.786
G1 F3058.5 X143.301 Y155.316 E579.9326
G1 X143.534 Y154.813 E579.95103
G0 F9000 X143.359 Y154.945
G0 X142.476 Y153.366
G0 X142.052 Y152.183
G0 X141.812 Y150.948
G0 X141.765 Y149.686
G0 X141.907 Y148.431
G0 X142.242 Y147.21
G0 X142.66 Y146.28
G0 X143.413 Y144.944
G0 X143.576 Y145.09
G1 F3058.5 X143.58 Y145.082 E579.95133
G1 X144.101 Y144.48 E579.97781
G1 X144.731 Y143.878 E580.00679
G1 X145.23 Y143.276 E580.0328
G1 X145.542 Y142.674 E580.05535
G1 X145.671 Y142.205 E580.07153
G0 F9000 X145.765 Y142.404
G0 X150.15 Y141.313
G0 X150.164 Y141.095
G1 F3058.5 X150.358 Y141.47 E580.08557
G1 X150.491 Y141.955 E580.1023
G0 F9000 X150.508 Y141.736
G0 X152.486 Y142.141
G0 X153.434 Y142.521
G0 X154.861 Y143.277
G0 X154.721 Y143.446
G1 F3058.5 X154.862 Y143.276 E580.10965
G1 X155.145 Y142.73 E580.1301
G0 F9000 X155.025 Y142.913
G0 X157.788 Y146.163
G0 X157.983 Y146.062
G1 F3058.5 X157.867 Y146.286 E580.13849
G1 X157.702 Y146.888 E580.15925
G1 X157.661 Y147.46 E580.17832
G0 F9000 X157.874 Y147.403
G0 X158.16 Y148.482
G0 X157.941 Y148.506
G1 F3058.5 X158.028 Y148.694 E580.18521
G1 X158.549 Y149.296 E580.21169
G1 X158.907 Y149.638 E580.22816
G0 F9000 X158.595 Y149.672
;MESH:NONMESH
G0 F300 X158.595 Y149.672 Z10.2
G0 F9000 X157.948 Y152.183
G0 X157.524 Y153.366
G0 X157.032 Y154.271
G0 X156.182 Y155.541
G0 X155.975 Y155.324
;TIME_ELAPSED:732.960583
;LAYER:50
;TYPE:WALL-INNER
;MESH:dannypart.STL
G1 F2040.2 X156.718 Y154.35 E580.26891
G1 X157.303 Y153.273 E580.30967
G1 X157.717 Y152.12 E580.35042
G1 X157.951 Y150.918 E580.39115
G1 X157.997 Y149.694 E580.43189
G1 X157.857 Y148.477 E580.47263
G1 X157.533 Y147.294 E580.51343
G1 X157.03 Y146.176 E580.5542
G1 X156.365 Y145.148 E580.59492
G1 X155.549 Y144.233 E580.6357
G1 X154.604 Y143.454 E580.67643
G1 X153.551 Y142.827 E580.71719
G1 X152.415 Y142.37 E580.75792
G1 X151.222 Y142.092 E580.79866
G1 X150 Y141.997 E580.83943
G1 X148.778 Y142.092 E580.8802
G1 X147.585 Y142.37 E580.92094
G1 X146.449 Y142.827 E580.96166
G1 X145.396 Y143.454 E581.00243
G1 X144.451 Y144.233 E581.04316
G1 X143.635 Y145.148 E581.08394
G1 X142.97 Y146.176 E581.12466
G1 X142.467 Y147.294 E581.16543
G1 X142.143 Y148.477 E581.20623
G1 X142.003 Y149.694 E581.24697
G1 X142.049 Y150.918 E581.28771
G1 X142.283 Y152.12 E581.32844
G1 X142.697 Y153.273 E581.36919
G1 X143.282 Y154.35 E581.40995
G1 X144.025 Y155.324 E581.4507
G1 X144.908 Y156.173 E581.49144
G1 X145.91 Y156.879 E581.53221
G1 X147.008 Y157.423 E581.57296
G1 X148.177 Y157.793 E581.61375
G1 X149.369 Y157.976 E581.65386
G1 X150 Y158 E581.67486
G1 X150.631 Y157.976 E581.69586
G1 X151.823 Y157.793 E581.73597
G1 X152.992 Y157.423 E581.77675
G1 X154.09 Y156.879 E581.81751
G1 X155.092 Y156.173 E581.85828
G1 X155.975 Y155.324 E581.89902
G0 F9000 X155.676 Y155.057
G1 F2040.2 X156.381 Y154.132 E581.9377
G1 X156.937 Y153.109 E581.97643
G1 X157.33 Y152.014 E582.01512
G1 X157.552 Y150.872 E582.05382
G1 X157.596 Y149.709 E582.09253
G1 X157.463 Y148.553 E582.13123
G1 X157.155 Y147.43 E582.16996
G1 X156.678 Y146.368 E582.20868
G1 X156.046 Y145.391 E582.24738
G1 X155.271 Y144.522 E582.28611
G1 X154.373 Y143.782 E582.32481
G1 X153.373 Y143.187 E582.36351
G1 X152.294 Y142.753 E582.4022
G1 X151.161 Y142.488 E582.4409
G1 X150 Y142.398 E582.47963
G1 X148.839 Y142.488 E582.51836
G1 X147.706 Y142.753 E582.55706
G1 X146.627 Y143.187 E582.59574
G1 X145.627 Y143.782 E582.63444
G1 X144.729 Y144.522 E582.67315
G1 X143.954 Y145.391 E582.71187
G1 X143.322 Y146.368 E582.75057
G1 X142.845 Y147.43 E582.7893
G1 X142.537 Y148.553 E582.82803
G1 X142.404 Y149.709 E582.86673
G1 X142.448 Y150.872 E582.90544
G1 X142.67 Y152.014 E582.94413
G1 X143.063 Y153.109 E582.98283
G1 X143.619 Y154.132 E583.02155
G1 X144.324 Y155.057 E583.06023
G1 X145.163 Y155.864 E583.09895
G1 X146.115 Y156.534 E583.13767
G1 X147.158 Y157.051 E583.17639
G1 X148.268 Y157.402 E583.21511
G1 X149.407 Y157.577 E583.25344
G1 X150 Y157.6 E583.27318
G1 X150.593 Y157.577 E583.29292
G1 X151.732 Y157.402 E583.33124
G1 X152.842 Y157.051 E583.36996
G1 X153.885 Y156.534 E583.40868
G1 X154.837 Y155.864 E583.4474
G1 X155.676 Y155.057 E583.48612
G0 F9000 X155.376 Y154.79
;TYPE:WALL-OUTER
G1 F2040.2 X156.044 Y153.914 E583.52276
G1 X156.571 Y152.945 E583.55945
G1 X156.943 Y151.908 E583.59609
G1 X157.153 Y150.826 E583.63275
G1 X157.195 Y149.724 E583.66943
G1 X157.069 Y148.629 E583.70609
G1 X156.777 Y147.566 E583.74275
G1 X156.326 Y146.56 E583.77942
G1 X155.727 Y145.634 E583.8161
G1 X154.993 Y144.811 E583.85278
G1 X154.142 Y144.11 E583.88945
G1 X153.195 Y143.547 E583.9261
G1 X152.173 Y143.135 E583.96275
G1 X151.1 Y142.884 E583.9994
G1 X150 Y142.799 E584.03609
G1 X148.9 Y142.884 E584.07279
G1 X147.827 Y143.135 E584.10944
G1 X146.805 Y143.547 E584.14609
G1 X145.858 Y144.11 E584.18273
G1 X145.007 Y144.811 E584.2194
G1 X144.273 Y145.634 E584.25608
G1 X143.674 Y146.56 E584.29276
G1 X143.223 Y147.566 E584.32943
G1 X142.931 Y148.629 E584.3661
G1 X142.805 Y149.724 E584.40276
G1 X142.847 Y150.826 E584.43943
G1 X143.057 Y151.908 E584.47609
G1 X143.429 Y152.945 E584.51274
G1 X143.956 Y153.914 E584.54942
G1 X144.624 Y154.79 E584.58606
G1 X145.418 Y155.555 E584.62274
G1 X146.32 Y156.189 E584.65941
G1 X147.308 Y156.679 E584.69609
G1 X148.359 Y157.011 E584.73275
G1 X149.445 Y157.178 E584.76929
G1 X150 Y157.2 E584.78776
G1 X150.555 Y157.178 E584.80624
G1 X151.641 Y157.011 E584.84278
G1 X152.692 Y156.679 E584.87944
G1 X153.68 Y156.189 E584.91612
G1 X154.582 Y155.555 E584.95279
G1 X155.376 Y154.79 E584.98946
G0 F9000 X155.704 Y155.082
G0 X156.163 Y155.56
G0 X156.444 Y155.843
G0 X156.663 Y156.047
;TYPE:WALL-INNER
G1 F2040.2 X155.821 Y156.86 E585.02839
G1 X154.914 Y157.538 E585.06606
G1 X153.908 Y158.106 E585.10448
G1 X152.836 Y158.539 E585.14294
G1 X151.721 Y158.832 E585.18128
G1 X150.565 Y158.981 E585.22005
G1 X150 Y159 E585.23885
G1 X149.435 Y158.981 E585.25765
G1 X148.279 Y158.832 E585.29642
G1 X147.164 Y158.539 E585.33476
G1 X146.092 Y158.106 E585.37322
G1 X145.086 Y157.538 E585.41164
G1 X144.179 Y156.86 E585.4493
G1 X143.337 Y156.047 E585.48823
G1 X142.616 Y155.143 E585.52669
G1 X142.026 Y154.168 E585.5646
G1 X141.555 Y153.107 E585.60321
G1 X141.227 Y151.998 E585.64167
G1 X141.044 Y150.869 E585.67971
G1 X141.007 Y149.704 E585.71848
G1 X141.116 Y148.567 E585.75647
G1 X141.374 Y147.437 E585.79502
G1 X141.768 Y146.365 E585.83301
G1 X142.309 Y145.33 E585.87185
G1 X142.967 Y144.389 E585.91004
G1 X143.74 Y143.536 E585.94833
G1 X144.617 Y142.789 E585.98664
G1 X145.59 Y142.156 E586.02525
G1 X146.608 Y141.666 E586.06283
G1 X147.722 Y141.296 E586.10187
G1 X148.851 Y141.076 E586.14013
G1 X150 Y141.003 E586.17842
G1 X151.149 Y141.076 E586.21671
G1 X152.278 Y141.296 E586.25497
G1 X153.392 Y141.666 E586.29401
G1 X154.41 Y142.156 E586.33159
G1 X155.383 Y142.789 E586.3702
G1 X156.26 Y143.536 E586.40851
G1 X157.033 Y144.389 E586.4468
G1 X157.691 Y145.33 E586.48499
G1 X158.232 Y146.365 E586.52384
G1 X158.626 Y147.437 E586.56182
G1 X158.884 Y148.567 E586.60037
G1 X158.993 Y149.704 E586.63836
G1 X158.956 Y150.869 E586.67713
G1 X158.773 Y151.998 E586.71517
G1 X158.445 Y153.107 E586.75364
G1 X157.974 Y154.168 E586.79225
G1 X157.384 Y155.143 E586.83015
G1 X156.663 Y156.047 E586.86861
G0 F9000 X156.961 Y156.315
G1 F2040.2 X156.086 Y157.161 E586.90909
G1 X155.129 Y157.876 E586.94882
G1 X154.08 Y158.468 E586.98889
G1 X152.962 Y158.92 E587.02899
G1 X151.797 Y159.226 E587.06906
G1 X150.598 Y159.38 E587.10926
G1 X150 Y159.4 E587.12916
G1 X149.402 Y159.38 E587.14906
G1 X148.203 Y159.226 E587.18927
G1 X147.038 Y158.92 E587.22933
G1 X145.92 Y158.468 E587.26944
G1 X144.871 Y157.876 E587.30951
G1 X143.914 Y157.161 E587.34924
G1 X143.039 Y156.315 E587.38972
G1 X142.291 Y155.378 E587.4296
G1 X141.669 Y154.35 E587.46956
G1 X141.181 Y153.25 E587.50958
G1 X140.835 Y152.083 E587.55007
G1 X140.645 Y150.907 E587.58969
G1 X140.606 Y149.694 E587.63005
G1 X140.721 Y148.501 E587.66992
G1 X140.989 Y147.326 E587.71
G1 X141.404 Y146.198 E587.74998
G1 X141.965 Y145.124 E587.79028
G1 X142.653 Y144.139 E587.83024
G1 X143.458 Y143.252 E587.87008
G1 X144.379 Y142.467 E587.91033
G1 X145.392 Y141.808 E587.95053
G1 X146.464 Y141.292 E587.9901
G1 X147.62 Y140.908 E588.03061
G1 X148.796 Y140.679 E588.07046
G1 X150 Y140.602 E588.11059
G1 X151.204 Y140.679 E588.15071
G1 X152.38 Y140.908 E588.19056
G1 X153.536 Y141.292 E588.23108
G1 X154.608 Y141.808 E588.27065
G1 X155.621 Y142.467 E588.31084
G1 X156.542 Y143.252 E588.35109
G1 X157.347 Y144.139 E588.39093
G1 X158.035 Y145.124 E588.43089
G1 X158.596 Y146.198 E588.47119
G1 X159.011 Y147.326 E588.51117
G1 X159.279 Y148.501 E588.55125
G1 X159.394 Y149.694 E588.59112
G1 X159.355 Y150.907 E588.63148
G1 X159.165 Y152.083 E588.6711
G1 X158.819 Y153.25 E588.71159
G1 X158.331 Y154.35 E588.75161
G1 X157.709 Y155.378 E588.79158
G1 X156.961 Y156.315 E588.83145
G0 F9000 X157.256 Y156.587
;TYPE:WALL-OUTER
G1 F2040.2 X156.351 Y157.462 E588.87332
G1 X155.344 Y158.214 E588.91512
G1 X154.252 Y158.83 E588.95682
G1 X153.088 Y159.301 E588.99859
G1 X151.873 Y159.62 E589.04037
G1 X150.631 Y159.779 E589.08201
G1 X150 Y159.8 E589.10301
G1 X149.369 Y159.779 E589.12401
G1 X148.127 Y159.62 E589.16566
G1 X146.912 Y159.301 E589.20744
G1 X145.748 Y158.83 E589.2492
G1 X144.656 Y158.214 E589.2909
G1 X143.649 Y157.462 E589.3327
G1 X142.744 Y156.587 E589.37457
G1 X141.963 Y155.608 E589.41623
G1 X141.312 Y154.532 E589.45806
G1 X140.804 Y153.386 E589.49975
G1 X140.445 Y152.175 E589.54176
G1 X140.246 Y150.945 E589.5832
G1 X140.205 Y149.684 E589.62516
G1 X140.326 Y148.436 E589.66687
G1 X140.604 Y147.215 E589.70852
G1 X141.04 Y146.031 E589.75048
G1 X141.621 Y144.918 E589.79224
G1 X142.339 Y143.889 E589.83397
G1 X143.18 Y142.963 E589.87558
G1 X144.137 Y142.148 E589.91739
G1 X145.194 Y141.46 E589.95933
G1 X146.32 Y140.918 E590.0009
G1 X147.518 Y140.52 E590.04289
G1 X148.741 Y140.282 E590.08433
G1 X150 Y140.201 E590.12629
G1 X151.259 Y140.282 E590.16825
G1 X152.482 Y140.52 E590.20969
G1 X153.68 Y140.918 E590.25168
G1 X154.806 Y141.46 E590.29324
G1 X155.863 Y142.148 E590.33519
G1 X156.82 Y142.963 E590.37699
G1 X157.661 Y143.889 E590.4186
G1 X158.379 Y144.918 E590.46033
G1 X158.96 Y146.031 E590.50209
G1 X159.396 Y147.215 E590.54406
G1 X159.674 Y148.436 E590.58571
G1 X159.795 Y149.684 E590.62741
G1 X159.754 Y150.945 E590.66937
G1 X159.555 Y152.175 E590.71081
G1 X159.196 Y153.386 E590.75283
G1 X158.688 Y154.532 E590.79452
G1 X158.037 Y155.608 E590.83635
G1 X157.256 Y156.587 E590.878
G0 F9000 X156.931 Y156.292
G0 X156.444 Y155.843
G0 X153.707 Y157.866
G0 X153.788 Y158.069
;TYPE:FILL
G1 F3060.3 X153.456 Y157.724 E590.89393
G1 X153.244 Y157.387 E590.90717
G0 F9000 X153.341 Y157.584
G0 X152.158 Y157.94
G0 X148.598 Y158.573
G0 X148.57 Y158.79
G1 F3060.3 X148.181 Y158.326 E590.92731
G1 X147.998 Y157.82 E590.9452
G0 F9000 X147.931 Y158.028
G0 X146.917 Y157.645
G0 X146.004 Y157.193
G0 X143.304 Y155.526
G0 X143.132 Y155.662
G1 F3060.3 X143.147 Y155.316 E590.95672
G1 X143.365 Y154.714 E590.97802
G1 X143.414 Y154.655 E590.98057
G0 F9000 X143.239 Y154.787
G0 X142.476 Y153.366
G0 X142.052 Y152.183
G0 X141.812 Y150.948
G0 X141.765 Y149.686
G0 X141.907 Y148.431
G0 X142.177 Y147.443
G0 X142.959 Y145.639
G0 X143.144 Y145.759
G1 F3060.3 X143.147 Y145.684 E590.98306
G1 X143.365 Y145.082 E591.00436
G1 X143.869 Y144.48 E591.03047
G1 X144.559 Y143.878 E591.06093
G1 X145.137 Y143.276 E591.08869
G1 X145.516 Y142.674 E591.11235
G1 X145.693 Y142.194 E591.12936
G0 F9000 X145.788 Y142.393
G0 X150.079 Y141.309
G0 X150.093 Y141.091
G1 F3060.3 X150.332 Y141.47 E591.14426
G1 X150.511 Y141.956 E591.16149
G0 F9000 X150.528 Y141.738
G0 X152.486 Y142.141
G0 X153.434 Y142.521
G0 X154.796 Y143.224
G0 X154.656 Y143.393
G1 F3060.3 X154.769 Y143.276 E591.1669
G1 X155.122 Y142.715 E591.18895
G0 F9000 X155.002 Y142.898
G0 X157.812 Y146.207
G0 X158.006 Y146.106
G1 F3060.3 X157.893 Y146.286 E591.19601
G1 X157.671 Y146.888 E591.21736
G1 X157.607 Y147.264 E591.23004
G0 F9000 X157.82 Y147.207
G0 X158.204 Y148.876
G0 X157.986 Y148.9
G1 F3060.3 X158.317 Y149.296 E591.24721
G1 X158.909 Y149.813 E591.27335
G0 F9000 X158.592 Y149.803
;MESH:NONMESH
G0 F300 X158.592 Y149.803 Z10.4
G0 F9000 X157.948 Y152.183
G0 X157.524 Y153.366
G0 X157.032 Y154.271
G0 X156.182 Y155.541
G0 X155.975 Y155.324
;TIME_ELAPSED:745.682543
;LAYER:51
;TYPE:WALL-INNER
;MESH:dannypart.STL
G1 F2041 X156.718 Y154.35 E591.31409
G1 X157.303 Y153.273 E591.35486
G1 X157.717 Y152.12 E591.3956
G1 X157.951 Y150.918 E591.43633
G1 X157.997 Y149.694 E591.47707
G1 X157.857 Y148.477 E591.51782
G1 X157.533 Y147.294 E591.55861
G1 X157.03 Y146.176 E591.59939
G1 X156.365 Y145.148 E591.64011
G1 X155.549 Y144.233 E591.68089
G1 X154.604 Y143.454 E591.72162
G1 X153.551 Y142.827 E591.76238
G1 X152.415 Y142.37 E591.80311
G1 X151.222 Y142.092 E591.84385
G1 X150 Y141.997 E591.88462
G1 X148.778 Y142.092 E591.92538
G1 X147.585 Y142.37 E591.96613
G1 X146.449 Y142.827 E592.00685
G1 X145.396 Y143.454 E592.04761
G1 X144.451 Y144.233 E592.08835
G1 X143.635 Y145.148 E592.12912
G1 X142.97 Y146.176 E592.16985
G1 X142.467 Y147.294 E592.21062
G1 X142.143 Y148.477 E592.25142
G1 X142.003 Y149.694 E592.29216
G1 X142.049 Y150.918 E592.3329
G1 X142.283 Y152.12 E592.37363
G1 X142.697 Y153.273 E592.41438
G1 X143.282 Y154.35 E592.45514
G1 X144.025 Y155.324 E592.49588
G1 X144.908 Y156.173 E592.53663
G1 X145.91 Y156.879 E592.57739
G1 X147.008 Y157.423 E592.61815
G1 X148.177 Y157.793 E592.65893
G1 X149.369 Y157.976 E592.69904
G1 X150 Y158 E592.72005
G1 X150.631 Y157.976 E592.74105
G1 X151.823 Y157.793 E592.78116
G1 X152.992 Y157.423 E592.82194
G1 X154.09 Y156.879 E592.8627
G1 X155.092 Y156.173 E592.90347
G1 X155.975 Y155.324 E592.94421
G0 F9000 X155.676 Y155.057
G1 F2041 X156.381 Y154.132 E592.98289
G1 X156.937 Y153.109 E593.02162
G1 X157.33 Y152.014 E593.06031
G1 X157.552 Y150.872 E593.099
G1 X157.596 Y149.709 E593.13771
G1 X157.463 Y148.553 E593.17642
G1 X157.155 Y147.43 E593.21515
G1 X156.678 Y146.368 E593.25387
G1 X156.046 Y145.391 E593.29257
G1 X155.271 Y144.522 E593.3313
G1 X154.373 Y143.782 E593.37
G1 X153.373 Y143.187 E593.4087
G1 X152.294 Y142.753 E593.44738
G1 X151.161 Y142.488 E593.48608
G1 X150 Y142.398 E593.52481
G1 X148.839 Y142.488 E593.56355
G1 X147.706 Y142.753 E593.60225
G1 X146.627 Y143.187 E593.64093
G1 X145.627 Y143.782 E593.67963
G1 X144.729 Y144.522 E593.71833
G1 X143.954 Y145.391 E593.75706
G1 X143.322 Y146.368 E593.79576
G1 X142.845 Y147.43 E593.83448
G1 X142.537 Y148.553 E593.87321
G1 X142.404 Y149.709 E593.91192
G1 X142.448 Y150.872 E593.95063
G1 X142.67 Y152.014 E593.98932
G1 X143.063 Y153.109 E594.02801
G1 X143.619 Y154.132 E594.06674
G1 X144.324 Y155.057 E594.10542
G1 X145.163 Y155.864 E594.14414
G1 X146.115 Y156.534 E594.18286
G1 X147.158 Y157.051 E594.22158
G1 X148.268 Y157.402 E594.2603
G1 X149.407 Y157.577 E594.29863
G1 X150 Y157.6 E594.31836
G1 X150.593 Y157.577 E594.3381
G1 X151.732 Y157.402 E594.37643
G1 X152.842 Y157.051 E594.41515
G1 X153.885 Y156.534 E594.45387
G1 X154.837 Y155.864 E594.49259
G1 X155.676 Y155.057 E594.53131
G0 F9000 X155.376 Y154.79
;TYPE:WALL-OUTER
G1 F2041 X156.044 Y153.914 E594.56795
G1 X156.571 Y152.945 E594.60464
G1 X156.943 Y151.908 E594.64128
G1 X157.153 Y150.826 E594.67794
G1 X157.195 Y149.724 E594.71462
G1 X157.069 Y148.629 E594.75128
G1 X156.777 Y147.566 E594.78794
G1 X156.326 Y146.56 E594.82461
G1 X155.727 Y145.634 E594.86129
G1 X154.993 Y144.811 E594.89797
G1 X154.142 Y144.11 E594.93464
G1 X153.195 Y143.547 E594.97128
G1 X152.173 Y143.135 E595.00793
G1 X151.1 Y142.884 E595.04458
G1 X150 Y142.799 E595.08128
G1 X148.9 Y142.884 E595.11797
G1 X147.827 Y143.135 E595.15463
G1 X146.805 Y143.547 E595.19128
G1 X145.858 Y144.11 E595.22792
G1 X145.007 Y144.811 E595.26459
G1 X144.273 Y145.634 E595.30127
G1 X143.674 Y146.56 E595.33795
G1 X143.223 Y147.566 E595.37462
G1 X142.931 Y148.629 E595.41128
G1 X142.805 Y149.724 E595.44794
G1 X142.847 Y150.826 E595.48462
G1 X143.057 Y151.908 E595.52128
G1 X143.429 Y152.945 E595.55792
G1 X143.956 Y153.914 E595.59461
G1 X144.624 Y154.79 E595.63125
G1 X145.418 Y155.555 E595.66792
G1 X146.32 Y156.189 E595.70459
G1 X147.308 Y156.679 E595.74127
G1 X148.359 Y157.011 E595.77793
G1 X149.445 Y157.178 E595.81448
G1 X150 Y157.2 E595.83295
G1 X150.555 Y157.178 E595.85143
G1 X151.641 Y157.011 E595.88797
G1 X152.692 Y156.679 E595.92463
G1 X153.68 Y156.189 E595.96131
G1 X154.582 Y155.555 E595.99798
G1 X155.376 Y154.79 E596.03465
G0 F9000 X155.704 Y155.082
G0 X156.163 Y155.56
G0 X156.444 Y155.843
G0 X156.663 Y156.047
;TYPE:WALL-INNER
G1 F2041 X155.821 Y156.86 E596.07358
G1 X154.914 Y157.538 E596.11124
G1 X153.908 Y158.106 E596.14967
G1 X152.836 Y158.539 E596.18812
G1 X151.721 Y158.832 E596.22647
G1 X150.565 Y158.981 E596.26523
G1 X150 Y159 E596.28404
G1 X149.435 Y158.981 E596.30284
G1 X148.279 Y158.832 E596.34161
G1 X147.164 Y158.539 E596.37995
G1 X146.092 Y158.106 E596.4184
G1 X145.086 Y157.538 E596.45683
G1 X144.179 Y156.86 E596.49449
G1 X143.337 Y156.047 E596.53342
G1 X142.616 Y155.143 E596.57188
G1 X142.026 Y154.168 E596.60978
G1 X141.555 Y153.107 E596.64839
G1 X141.227 Y151.998 E596.68686
G1 X141.044 Y150.869 E596.7249
G1 X141.007 Y149.704 E596.76367
G1 X141.116 Y148.567 E596.80166
G1 X141.374 Y147.437 E596.84021
G1 X141.768 Y146.365 E596.8782
G1 X142.309 Y145.33 E596.91704
G1 X142.967 Y144.389 E596.95523
G1 X143.74 Y143.536 E596.99352
G1 X144.617 Y142.789 E597.03183
G1 X145.59 Y142.156 E597.07044
G1 X146.608 Y141.666 E597.10802
G1 X147.722 Y141.296 E597.14706
G1 X148.851 Y141.076 E597.18532
G1 X150 Y141.003 E597.22361
G1 X151.149 Y141.076 E597.2619
G1 X152.278 Y141.296 E597.30016
G1 X153.392 Y141.666 E597.3392
G1 X154.41 Y142.156 E597.37678
G1 X155.383 Y142.789 E597.41539
G1 X156.26 Y143.536 E597.4537
G1 X157.033 Y144.389 E597.49199
G1 X157.691 Y145.33 E597.53018
G1 X158.232 Y146.365 E597.56902
G1 X158.626 Y147.437 E597.60701
G1 X158.884 Y148.567 E597.64556
G1 X158.993 Y149.704 E597.68355
G1 X158.956 Y150.869 E597.72232
G1 X158.773 Y151.998 E597.76036
G1 X158.445 Y153.107 E597.79882
G1 X157.974 Y154.168 E597.83743
G1 X157.384 Y155.143 E597.87534
G1 X156.663 Y156.047 E597.9138
G0 F9000 X156.961 Y156.315
G1 F2041 X156.086 Y157.161 E597.95428
G1 X155.129 Y157.876 E597.99401
G1 X154.08 Y158.468 E598.03407
G1 X152.962 Y158.92 E598.07418
G1 X151.797 Y159.226 E598.11424
G1 X150.598 Y159.38 E598.15445
G1 X150 Y159.4 E598.17435
G1 X149.402 Y159.38 E598.19425
G1 X148.203 Y159.226 E598.23446
G1 X147.038 Y158.92 E598.27452
G1 X145.92 Y158.468 E598.31463
G1 X144.871 Y157.876 E598.35469
G1 X143.914 Y157.161 E598.39443
G1 X143.039 Y156.315 E598.43491
G1 X142.291 Y155.378 E598.47478
G1 X141.669 Y154.35 E598.51475
G1 X141.181 Y153.25 E598.55477
G1 X140.835 Y152.083 E598.59526
G1 X140.645 Y150.907 E598.63488
G1 X140.606 Y149.694 E598.67524
G1 X140.721 Y148.501 E598.71511
G1 X140.989 Y147.326 E598.75519
G1 X141.404 Y146.198 E598.79517
G1 X141.965 Y145.124 E598.83547
G1 X142.653 Y144.139 E598.87543
G1 X143.458 Y143.252 E598.91527
G1 X144.379 Y142.467 E598.95552
G1 X145.392 Y141.808 E598.99571
G1 X146.464 Y141.292 E599.03528
G1 X147.62 Y140.908 E599.0758
G1 X148.796 Y140.679 E599.11565
G1 X150 Y140.602 E599.15577
G1 X151.204 Y140.679 E599.1959
G1 X152.38 Y140.908 E599.23575
G1 X153.536 Y141.292 E599.27626
G1 X154.608 Y141.808 E599.31583
G1 X155.621 Y142.467 E599.35603
G1 X156.542 Y143.252 E599.39628
G1 X157.347 Y144.139 E599.43612
G1 X158.035 Y145.124 E599.47608
G1 X158.596 Y146.198 E599.51638
G1 X159.011 Y147.326 E599.55636
G1 X159.279 Y148.501 E599.59644
G1 X159.394 Y149.694 E599.6363
G1 X159.355 Y150.907 E599.67667
G1 X159.165 Y152.083 E599.71629
G1 X158.819 Y153.25 E599.75678
G1 X158.331 Y154.35 E599.7968
G1 X157.709 Y155.378 E599.83676
G1 X156.961 Y156.315 E599.87664
G0 F9000 X157.256 Y156.587
;TYPE:WALL-OUTER
G1 F2041 X156.351 Y157.462 E599.91851
G1 X155.344 Y158.214 E599.96031
G1 X154.252 Y158.83 E600.00201
G1 X153.088 Y159.301 E600.04378
G1 X151.873 Y159.62 E600.08556
G1 X150.631 Y159.779 E600.1272
G1 X150 Y159.8 E600.1482
G1 X149.369 Y159.779 E600.1692
G1 X148.127 Y159.62 E600.21085
G1 X146.912 Y159.301 E600.25263
G1 X145.748 Y158.83 E600.29439
G1 X144.656 Y158.214 E600.33609
G1 X143.649 Y157.462 E600.37789
G1 X142.744 Y156.587 E600.41976
G1 X141.963 Y155.608 E600.46141
G1 X141.312 Y154.532 E600.50324
G1 X140.804 Y153.386 E600.54494
G1 X140.445 Y152.175 E600.58695
G1 X140.246 Y150.945 E600.62839
G1 X140.205 Y149.684 E600.67035
G1 X140.326 Y148.436 E600.71206
G1 X140.604 Y147.215 E600.75371
G1 X141.04 Y146.031 E600.79567
G1 X141.621 Y144.918 E600.83743
G1 X142.339 Y143.889 E600.87916
G1 X143.18 Y142.963 E600.92077
G1 X144.137 Y142.148 E600.96258
G1 X145.194 Y141.46 E601.00452
G1 X146.32 Y140.918 E601.04609
G1 X147.518 Y140.52 E601.08807
G1 X148.741 Y140.282 E601.12951
G1 X150 Y140.201 E601.17147
G1 X151.259 Y140.282 E601.21344
G1 X152.482 Y140.52 E601.25488
G1 X153.68 Y140.918 E601.29686
G1 X154.806 Y141.46 E601.33843
G1 X155.863 Y142.148 E601.38037
G1 X156.82 Y142.963 E601.42218
G1 X157.661 Y143.889 E601.46379
G1 X158.379 Y144.918 E601.50552
G1 X158.96 Y146.031 E601.54728
G1 X159.396 Y147.215 E601.58924
G1 X159.674 Y148.436 E601.63089
G1 X159.795 Y149.684 E601.6726
G1 X159.754 Y150.945 E601.71456
G1 X159.555 Y152.175 E601.756
G1 X159.196 Y153.386 E601.79801
G1 X158.688 Y154.532 E601.83971
G1 X158.037 Y155.608 E601.88153
G1 X157.256 Y156.587 E601.92319
G0 F9000 X156.931 Y156.292
G0 X156.444 Y155.843
G0 X153.778 Y157.837
G0 X153.885 Y158.028
;TYPE:FILL
G1 F3061.4 X153.542 Y157.724 E601.93843
G1 X153.277 Y157.37 E601.95314
G0 F9000 X153.374 Y157.568
G0 X152.029 Y157.979
G0 X148.319 Y158.535
G0 X148.263 Y158.747
G1 F3061.4 X147.927 Y158.326 E601.97105
G1 X147.794 Y157.756 E601.99052
G0 F9000 X147.728 Y157.964
G0 X146.917 Y157.645
G0 X146.004 Y157.193
G0 X143.156 Y155.339
G0 X142.983 Y155.475
G1 F3061.4 X142.971 Y155.316 E601.99583
G1 X143.111 Y154.714 E602.01638
G1 X143.289 Y154.491 E602.02587
G0 F9000 X143.114 Y154.623
G0 X142.476 Y153.366
G0 X142.052 Y152.183
G0 X141.812 Y150.948
G0 X141.765 Y149.686
G0 X141.907 Y148.431
G0 X142.177 Y147.443
G0 X142.809 Y145.873
G0 X142.994 Y145.993
G1 F3061.4 X142.971 Y145.684 E602.03618
G1 X143.111 Y145.082 E602.05674
G1 X143.592 Y144.48 E602.08236
G1 X144.372 Y143.878 E602.11514
G1 X145.051 Y143.276 E602.14532
G1 X145.502 Y142.674 E602.17034
G1 X145.738 Y142.173 E602.18875
G0 F9000 X145.832 Y142.371
G0 X150.017 Y141.305
G0 X150.031 Y141.087
G1 F3061.4 X150.318 Y141.47 E602.20467
G1 X150.548 Y141.959 E602.22265
G0 F9000 X150.565 Y141.741
G0 X152.486 Y142.141
G0 X153.434 Y142.521
G0 X154.707 Y143.167
G0 X154.594 Y143.355
G1 F3061.4 X154.683 Y143.276 E602.2266
G1 X155.11 Y142.707 E602.25027
G0 F9000 X154.99 Y142.89
G0 X157.826 Y146.235
G0 X158.021 Y146.134
G1 F3061.4 X157.907 Y146.286 E602.25659
G1 X157.624 Y146.888 E602.27871
G1 X157.555 Y147.146 E602.28759
G0 F9000 X157.756 Y147.056
G0 X158.248 Y149.259
G0 X158.03 Y149.283
G1 F3061.4 X158.04 Y149.296 E602.28814
G1 X158.82 Y149.898 E602.32091
G1 X158.904 Y149.973 E602.32465
G0 F9000 X158.586 Y149.963
;MESH:NONMESH
G0 F300 X158.586 Y149.963 Z10.6
G0 F9000 X157.948 Y152.183
G0 X157.524 Y153.366
G0 X157.032 Y154.271
G0 X156.182 Y155.541
G0 X155.975 Y155.324
;TIME_ELAPSED:758.418110
;LAYER:52
;TYPE:WALL-INNER
;MESH:dannypart.STL
G1 F2042.2 X156.718 Y154.35 E602.3654
G1 X157.303 Y153.273 E602.40616
G1 X157.717 Y152.12 E602.44691
G1 X157.951 Y150.918 E602.48764
G1 X157.997 Y149.694 E602.52838
G1 X157.857 Y148.477 E602.56912
G1 X157.533 Y147.294 E602.60992
G1 X157.03 Y146.176 E602.65069
G1 X156.365 Y145.148 E602.69142
G1 X155.549 Y144.233 E602.73219
G1 X154.604 Y143.454 E602.77293
G1 X153.551 Y142.827 E602.81369
G1 X152.415 Y142.37 E602.85441
G1 X151.222 Y142.092 E602.89516
G1 X150 Y141.997 E602.93592
G1 X148.778 Y142.092 E602.97669
G1 X147.585 Y142.37 E603.01743
G1 X146.449 Y142.827 E603.05816
G1 X145.396 Y143.454 E603.09892
G1 X144.451 Y144.233 E603.13965
G1 X143.635 Y145.148 E603.18043
G1 X142.97 Y146.176 E603.22115
G1 X142.467 Y147.294 E603.26193
G1 X142.143 Y148.477 E603.30272
G1 X142.003 Y149.694 E603.34347
G1 X142.049 Y150.918 E603.38421
G1 X142.283 Y152.12 E603.42494
G1 X142.697 Y153.273 E603.46568
G1 X143.282 Y154.35 E603.50645
G1 X144.025 Y155.324 E603.54719
G1 X144.908 Y156.173 E603.58793
G1 X145.91 Y156.879 E603.6287
G1 X147.008 Y157.423 E603.66946
G1 X148.177 Y157.793 E603.71024
G1 X149.369 Y157.976 E603.75035
G1 X150 Y158 E603.77135
G1 X150.631 Y157.976 E603.79235
G1 X151.823 Y157.793 E603.83246
G1 X152.992 Y157.423 E603.87325
G1 X154.09 Y156.879 E603.914
G1 X155.092 Y156.173 E603.95477
G1 X155.975 Y155.324 E603.99551
G0 F9000 X155.676 Y155.057
G1 F2042.2 X156.381 Y154.132 E604.0342
G1 X156.937 Y153.109 E604.07292
G1 X157.33 Y152.014 E604.11162
G1 X157.552 Y150.872 E604.15031
G1 X157.596 Y149.709 E604.18902
G1 X157.463 Y148.553 E604.22772
G1 X157.155 Y147.43 E604.26645
G1 X156.678 Y146.368 E604.30517
G1 X156.046 Y145.391 E604.34388
G1 X155.271 Y144.522 E604.3826
G1 X154.373 Y143.782 E604.4213
G1 X153.373 Y143.187 E604.46001
G1 X152.294 Y142.753 E604.49869
G1 X151.161 Y142.488 E604.53739
G1 X150 Y142.398 E604.57612
G1 X148.839 Y142.488 E604.61485
G1 X147.706 Y142.753 E604.65355
G1 X146.627 Y143.187 E604.69223
G1 X145.627 Y143.782 E604.73094
G1 X144.729 Y144.522 E604.76964
G1 X143.954 Y145.391 E604.80837
G1 X143.322 Y146.368 E604.84707
G1 X142.845 Y147.43 E604.88579
G1 X142.537 Y148.553 E604.92452
G1 X142.404 Y149.709 E604.96322
G1 X142.448 Y150.872 E605.00193
G1 X142.67 Y152.014 E605.04063
G1 X143.063 Y153.109 E605.07932
G1 X143.619 Y154.132 E605.11805
G1 X144.324 Y155.057 E605.15673
G1 X145.163 Y155.864 E605.19545
G1 X146.115 Y156.534 E605.23417
G1 X147.158 Y157.051 E605.27288
G1 X148.268 Y157.402 E605.3116
G1 X149.407 Y157.577 E605.34993
G1 X150 Y157.6 E605.36967
G1 X150.593 Y157.577 E605.38941
G1 X151.732 Y157.402 E605.42774
G1 X152.842 Y157.051 E605.46646
G1 X153.885 Y156.534 E605.50518
G1 X154.837 Y155.864 E605.54389
G1 X155.676 Y155.057 E605.58261
G0 F9000 X155.376 Y154.79
;TYPE:WALL-OUTER
G1 F2042.2 X156.044 Y153.914 E605.61925
G1 X156.571 Y152.945 E605.65594
G1 X156.943 Y151.908 E605.69258
G1 X157.153 Y150.826 E605.72924
G1 X157.195 Y149.724 E605.76592
G1 X157.069 Y148.629 E605.80258
G1 X156.777 Y147.566 E605.83925
G1 X156.326 Y146.56 E605.87592
G1 X155.727 Y145.634 E605.9126
G1 X154.993 Y144.811 E605.94927
G1 X154.142 Y144.11 E605.98595
G1 X153.195 Y143.547 E606.02259
G1 X152.173 Y143.135 E606.05924
G1 X151.1 Y142.884 E606.09589
G1 X150 Y142.799 E606.13259
G1 X148.9 Y142.884 E606.16928
G1 X147.827 Y143.135 E606.20593
G1 X146.805 Y143.547 E606.24258
G1 X145.858 Y144.11 E606.27923
G1 X145.007 Y144.811 E606.3159
G1 X144.273 Y145.634 E606.35257
G1 X143.674 Y146.56 E606.38926
G1 X143.223 Y147.566 E606.42592
G1 X142.931 Y148.629 E606.46259
G1 X142.805 Y149.724 E606.49925
G1 X142.847 Y150.826 E606.53593
G1 X143.057 Y151.908 E606.57259
G1 X143.429 Y152.945 E606.60923
G1 X143.956 Y153.914 E606.64592
G1 X144.624 Y154.79 E606.68256
G1 X145.418 Y155.555 E606.71923
G1 X146.32 Y156.189 E606.7559
G1 X147.308 Y156.679 E606.79258
G1 X148.359 Y157.011 E606.82924
G1 X149.445 Y157.178 E606.86578
G1 X150 Y157.2 E606.88426
G1 X150.555 Y157.178 E606.90273
G1 X151.641 Y157.011 E606.93928
G1 X152.692 Y156.679 E606.97594
G1 X153.68 Y156.189 E607.01262
G1 X154.582 Y155.555 E607.04929
G1 X155.376 Y154.79 E607.08596
G0 F9000 X155.704 Y155.082
G0 X156.163 Y155.56
G0 X156.444 Y155.843
G0 X156.663 Y156.047
;TYPE:WALL-INNER
G1 F2042.2 X155.821 Y156.86 E607.12489
G1 X154.914 Y157.538 E607.16255
G1 X153.908 Y158.106 E607.20098
G1 X152.836 Y158.539 E607.23943
G1 X151.721 Y158.832 E607.27777
G1 X150.565 Y158.981 E607.31654
G1 X150 Y159 E607.33534
G1 X149.435 Y158.981 E607.35415
G1 X148.279 Y158.832 E607.39291
G1 X147.164 Y158.539 E607.43126
G1 X146.092 Y158.106 E607.46971
G1 X145.086 Y157.538 E607.50813
G1 X144.179 Y156.86 E607.5458
G1 X143.337 Y156.047 E607.58473
G1 X142.616 Y155.143 E607.62319
G1 X142.026 Y154.168 E607.66109
G1 X141.555 Y153.107 E607.6997
G1 X141.227 Y151.998 E607.73816
G1 X141.044 Y150.869 E607.77621
G1 X141.007 Y149.704 E607.81497
G1 X141.116 Y148.567 E607.85296
G1 X141.374 Y147.437 E607.89151
G1 X141.768 Y146.365 E607.9295
G1 X142.309 Y145.33 E607.96834
G1 X142.967 Y144.389 E608.00653
G1 X143.74 Y143.536 E608.04482
G1 X144.617 Y142.789 E608.08314
G1 X145.59 Y142.156 E608.12175
G1 X146.608 Y141.666 E608.15932
G1 X147.722 Y141.296 E608.19837
G1 X148.851 Y141.076 E608.23662
G1 X150 Y141.003 E608.27492
G1 X151.149 Y141.076 E608.31321
G1 X152.278 Y141.296 E608.35147
G1 X153.392 Y141.666 E608.39051
G1 X154.41 Y142.156 E608.42808
G1 X155.383 Y142.789 E608.46669
G1 X156.26 Y143.536 E608.50501
G1 X157.033 Y144.389 E608.5433
G1 X157.691 Y145.33 E608.58149
G1 X158.232 Y146.365 E608.62033
G1 X158.626 Y147.437 E608.65832
G1 X158.884 Y148.567 E608.69687
G1 X158.993 Y149.704 E608.73486
G1 X158.956 Y150.869 E608.77362
G1 X158.773 Y151.998 E608.81167
G1 X158.445 Y153.107 E608.85013
G1 X157.974 Y154.168 E608.88874
G1 X157.384 Y155.143 E608.92664
G1 X156.663 Y156.047 E608.9651
G0 F9000 X156.961 Y156.315
G1 F2042.2 X156.086 Y157.161 E609.00558
G1 X155.129 Y157.876 E609.04532
G1 X154.08 Y158.468 E609.08538
G1 X152.962 Y158.92 E609.12549
G1 X151.797 Y159.226 E609.16555
G1 X150.598 Y159.38 E609.20576
G1 X150 Y159.4 E609.22566
G1 X149.402 Y159.38 E609.24556
G1 X148.203 Y159.226 E609.28576
G1 X147.038 Y158.92 E609.32583
G1 X145.92 Y158.468 E609.36594
G1 X144.871 Y157.876 E609.406
G1 X143.914 Y157.161 E609.44573
G1 X143.039 Y156.315 E609.48621
G1 X142.291 Y155.378 E609.52609
G1 X141.669 Y154.35 E609.56605
G1 X141.181 Y153.25 E609.60608
G1 X140.835 Y152.083 E609.64656
G1 X140.645 Y150.907 E609.68618
G1 X140.606 Y149.694 E609.72655
G1 X140.721 Y148.501 E609.76641
G1 X140.989 Y147.326 E609.8065
G1 X141.404 Y146.198 E609.84647
G1 X141.965 Y145.124 E609.88677
G1 X142.653 Y144.139 E609.92673
G1 X143.458 Y143.252 E609.96657
G1 X144.379 Y142.467 E610.00682
G1 X145.392 Y141.808 E610.04702
G1 X146.464 Y141.292 E610.08659
G1 X147.62 Y140.908 E610.1271
G1 X148.796 Y140.679 E610.16695
G1 X150 Y140.602 E610.20708
G1 X151.204 Y140.679 E610.24721
G1 X152.38 Y140.908 E610.28705
G1 X153.536 Y141.292 E610.32757
G1 X154.608 Y141.808 E610.36714
G1 X155.621 Y142.467 E610.40733
G1 X156.542 Y143.252 E610.44758
G1 X157.347 Y144.139 E610.48742
G1 X158.035 Y145.124 E610.52739
G1 X158.596 Y146.198 E610.56769
G1 X159.011 Y147.326 E610.60766
G1 X159.279 Y148.501 E610.64775
G1 X159.394 Y149.694 E610.68761
G1 X159.355 Y150.907 E610.72798
G1 X159.165 Y152.083 E610.7676
G1 X158.819 Y153.25 E610.80808
G1 X158.331 Y154.35 E610.84811
G1 X157.709 Y155.378 E610.88807
G1 X156.961 Y156.315 E610.92795
G0 F9000 X157.256 Y156.587
;TYPE:WALL-OUTER
G1 F2042.2 X156.351 Y157.462 E610.96982
G1 X155.344 Y158.214 E611.01162
G1 X154.252 Y158.83 E611.05332
G1 X153.088 Y159.301 E611.09508
G1 X151.873 Y159.62 E611.13686
G1 X150.631 Y159.779 E611.17851
G1 X150 Y159.8 E611.19951
G1 X149.369 Y159.779 E611.22051
G1 X148.127 Y159.62 E611.26215
G1 X146.912 Y159.301 E611.30393
G1 X145.748 Y158.83 E611.3457
G1 X144.656 Y158.214 E611.3874
G1 X143.649 Y157.462 E611.4292
G1 X142.744 Y156.587 E611.47107
G1 X141.963 Y155.608 E611.51272
G1 X141.312 Y154.532 E611.55455
G1 X140.804 Y153.386 E611.59624
G1 X140.445 Y152.175 E611.63825
G1 X140.246 Y150.945 E611.67969
G1 X140.205 Y149.684 E611.72166
G1 X140.326 Y148.436 E611.76336
G1 X140.604 Y147.215 E611.80501
G1 X141.04 Y146.031 E611.84698
G1 X141.621 Y144.918 E611.88873
G1 X142.339 Y143.889 E611.93047
G1 X143.18 Y142.963 E611.97207
G1 X144.137 Y142.148 E612.01388
G1 X145.194 Y141.46 E612.05583
G1 X146.32 Y140.918 E612.09739
G1 X147.518 Y140.52 E612.13938
G1 X148.741 Y140.282 E612.18082
G1 X150 Y140.201 E612.22278
G1 X151.259 Y140.282 E612.26474
G1 X152.482 Y140.52 E612.30618
G1 X153.68 Y140.918 E612.34817
G1 X154.806 Y141.46 E612.38973
G1 X155.863 Y142.148 E612.43168
G1 X156.82 Y142.963 E612.47349
G1 X157.661 Y143.889 E612.51509
G1 X158.379 Y144.918 E612.55683
G1 X158.96 Y146.031 E612.59858
G1 X159.396 Y147.215 E612.64055
G1 X159.674 Y148.436 E612.6822
G1 X159.795 Y149.684 E612.7239
G1 X159.754 Y150.945 E612.76587
G1 X159.555 Y152.175 E612.80731
G1 X159.196 Y153.386 E612.84932
G1 X158.688 Y154.532 E612.89101
G1 X158.037 Y155.608 E612.93284
G1 X157.256 Y156.587 E612.97449
G0 F9000 X156.931 Y156.292
G0 X156.444 Y155.843
G0 X153.863 Y157.789
G0 X153.97 Y157.98
;TYPE:FILL
G1 F3063.2 X153.622 Y157.724 E612.98886
G1 X153.299 Y157.359 E613.00507
G0 F9000 X153.396 Y157.557
G0 X151.879 Y158.025
G0 X151.184 Y158.131
G0 X147.884 Y158.42
G0 X147.828 Y158.632
G1 F3063.2 X147.611 Y158.326 E613.01755
G1 X147.581 Y157.724 E613.0376
G1 X147.588 Y157.69 E613.03875
G0 F9000 X147.521 Y157.899
G0 X145.963 Y157.168
G0 X142.943 Y155.071
G0 X142.77 Y155.208
G1 F3063.2 X142.795 Y154.714 E613.0552
G1 X143.132 Y154.24 E613.07455
G0 F9000 X142.939 Y154.344
G0 X142.476 Y153.366
G0 X142.052 Y152.183
G0 X141.812 Y150.948
G0 X141.765 Y149.686
G0 X141.907 Y148.431
G0 X142.096 Y147.74
G0 X142.672 Y146.109
G0 X142.871 Y146.2
G1 F3063.2 X142.765 Y145.684 E613.09207
G1 X142.795 Y145.082 E613.11212
G1 X143.223 Y144.48 E613.13668
G1 X144.152 Y143.878 E613.1735
G1 X144.971 Y143.276 E613.20731
G1 X145.504 Y142.674 E613.23405
G1 X145.809 Y142.139 E613.25453
G0 F9000 X145.903 Y142.337
G0 X149.993 Y141.305
G0 X149.98 Y141.086
G1 F3063.2 X150.32 Y141.47 E613.27159
G1 X150.601 Y141.963 E613.29047
G0 F9000 X150.618 Y141.745
G0 X152.486 Y142.141
G0 X153.149 Y142.407
G0 X154.653 Y143.135
G0 X154.54 Y143.322
G1 F3063.2 X154.603 Y143.276 E613.29306
G1 X155.108 Y142.706 E613.31839
G0 F9000 X154.988 Y142.889
G0 X157.833 Y146.248
G0 X158.028 Y146.147
G1 F3063.2 X157.905 Y146.286 E613.32456
G1 X157.562 Y146.888 E613.34761
G1 X157.506 Y147.037 E613.3529
G0 F9000 X157.707 Y146.947
G0 X157.925 Y147.787
G0 X158.278 Y149.524
G0 X158.06 Y149.548
G1 F3063.2 X158.6 Y149.898 E613.37431
G1 X158.9 Y150.118 E613.38668
G0 F9000 X158.58 Y150.108
;MESH:NONMESH
G0 F300 X158.58 Y150.108 Z10.8
G0 F9000 X157.524 Y153.366
G0 X157.032 Y154.271
G0 X156.182 Y155.541
G0 X155.975 Y155.324
;TIME_ELAPSED:771.175271
;LAYER:53
;TYPE:WALL-INNER
;MESH:dannypart.STL
G1 F2044.7 X156.718 Y154.35 E613.42742
G1 X157.303 Y153.273 E613.46819
G1 X157.717 Y152.12 E613.50893
G1 X157.951 Y150.918 E613.54966
G1 X157.997 Y149.694 E613.5904
G1 X157.857 Y148.477 E613.63115
G1 X157.533 Y147.294 E613.67194
G1 X157.03 Y146.176 E613.71272
G1 X156.365 Y145.148 E613.75344
G1 X155.549 Y144.233 E613.79422
G1 X154.604 Y143.454 E613.83495
G1 X153.551 Y142.827 E613.87571
G1 X152.415 Y142.37 E613.91644
G1 X151.222 Y142.092 E613.95718
G1 X150 Y141.997 E613.99795
G1 X148.778 Y142.092 E614.03871
G1 X147.585 Y142.37 E614.07946
G1 X146.449 Y142.827 E614.12018
G1 X145.396 Y143.454 E614.16094
G1 X144.451 Y144.233 E614.20168
G1 X143.635 Y145.148 E614.24245
G1 X142.97 Y146.176 E614.28318
G1 X142.467 Y147.294 E614.32395
G1 X142.143 Y148.477 E614.36475
G1 X142.003 Y149.694 E614.40549
G1 X142.049 Y150.918 E614.44623
G1 X142.283 Y152.12 E614.48696
G1 X142.697 Y153.273 E614.52771
G1 X143.282 Y154.35 E614.56847
G1 X144.025 Y155.324 E614.60921
G1 X144.908 Y156.173 E614.64996
G1 X145.91 Y156.879 E614.69073
G1 X147.008 Y157.423 E614.73148
G1 X148.177 Y157.793 E614.77226
G1 X149.369 Y157.976 E614.81237
G1 X150 Y158 E614.83338
G1 X150.631 Y157.976 E614.85438
G1 X151.823 Y157.793 E614.89449
G1 X152.992 Y157.423 E614.93527
G1 X154.09 Y156.879 E614.97603
G1 X155.092 Y156.173 E615.0168
G1 X155.975 Y155.324 E615.05754
G0 F9000 X155.676 Y155.057
G1 F2044.7 X156.381 Y154.132 E615.09622
G1 X156.937 Y153.109 E615.13495
G1 X157.33 Y152.014 E615.17364
G1 X157.552 Y150.872 E615.21233
G1 X157.596 Y149.709 E615.25104
G1 X157.463 Y148.553 E615.28975
G1 X157.155 Y147.43 E615.32848
G1 X156.678 Y146.368 E615.3672
G1 X156.046 Y145.391 E615.4059
G1 X155.271 Y144.522 E615.44463
G1 X154.373 Y143.782 E615.48333
G1 X153.373 Y143.187 E615.52203
G1 X152.294 Y142.753 E615.56071
G1 X151.161 Y142.488 E615.59941
G1 X150 Y142.398 E615.63814
G1 X148.839 Y142.488 E615.67688
G1 X147.706 Y142.753 E615.71558
G1 X146.627 Y143.187 E615.75426
G1 X145.627 Y143.782 E615.79296
G1 X144.729 Y144.522 E615.83166
G1 X143.954 Y145.391 E615.87039
G1 X143.322 Y146.368 E615.90909
G1 X142.845 Y147.43 E615.94781
G1 X142.537 Y148.553 E615.98654
G1 X142.404 Y149.709 E616.02525
G1 X142.448 Y150.872 E616.06396
G1 X142.67 Y152.014 E616.10265
G1 X143.063 Y153.109 E616.14134
G1 X143.619 Y154.132 E616.18007
G1 X144.324 Y155.057 E616.21875
G1 X145.163 Y155.864 E616.25747
G1 X146.115 Y156.534 E616.29619
G1 X147.158 Y157.051 E616.33491
G1 X148.268 Y157.402 E616.37363
G1 X149.407 Y157.577 E616.41196
G1 X150 Y157.6 E616.4317
G1 X150.593 Y157.577 E616.45143
G1 X151.732 Y157.402 E616.48976
G1 X152.842 Y157.051 E616.52848
G1 X153.885 Y156.534 E616.5672
G1 X154.837 Y155.864 E616.60592
G1 X155.676 Y155.057 E616.64464
G0 F9000 X155.376 Y154.79
;TYPE:WALL-OUTER
G1 F2044.7 X156.044 Y153.914 E616.68128
G1 X156.571 Y152.945 E616.71797
G1 X156.943 Y151.908 E616.75461
G1 X157.153 Y150.826 E616.79127
G1 X157.195 Y149.724 E616.82795
G1 X157.069 Y148.629 E616.86461
G1 X156.777 Y147.566 E616.90127
G1 X156.326 Y146.56 E616.93794
G1 X155.727 Y145.634 E616.97462
G1 X154.993 Y144.811 E617.0113
G1 X154.142 Y144.11 E617.04797
G1 X153.195 Y143.547 E617.08461
G1 X152.173 Y143.135 E617.12126
G1 X151.1 Y142.884 E617.15791
G1 X150 Y142.799 E617.19461
G1 X148.9 Y142.884 E617.23131
G1 X147.827 Y143.135 E617.26796
G1 X146.805 Y143.547 E617.30461
G1 X145.858 Y144.11 E617.34125
G1 X145.007 Y144.811 E617.37792
G1 X144.273 Y145.634 E617.4146
G1 X143.674 Y146.56 E617.45128
G1 X143.223 Y147.566 E617.48795
G1 X142.931 Y148.629 E617.52461
G1 X142.805 Y149.724 E617.56127
G1 X142.847 Y150.826 E617.59795
G1 X143.057 Y151.908 E617.63461
G1 X143.429 Y152.945 E617.67125
G1 X143.956 Y153.914 E617.70794
G1 X144.624 Y154.79 E617.74458
G1 X145.418 Y155.555 E617.78125
G1 X146.32 Y156.189 E617.81792
G1 X147.308 Y156.679 E617.8546
G1 X148.359 Y157.011 E617.89126
G1 X149.445 Y157.178 E617.92781
G1 X150 Y157.2 E617.94628
G1 X150.555 Y157.178 E617.96476
G1 X151.641 Y157.011 E618.0013
G1 X152.692 Y156.679 E618.03796
G1 X153.68 Y156.189 E618.07464
G1 X154.582 Y155.555 E618.11131
G1 X155.376 Y154.79 E618.14798
G0 F9000 X155.704 Y155.082
G0 X156.163 Y155.56
G0 X156.444 Y155.843
G0 X156.663 Y156.047
;TYPE:WALL-INNER
G1 F2044.7 X155.821 Y156.86 E618.18691
G1 X154.914 Y157.538 E618.22458
G1 X153.908 Y158.106 E618.263
G1 X152.836 Y158.539 E618.30145
G1 X151.721 Y158.832 E618.3398
G1 X150.565 Y158.981 E618.37856
G1 X150 Y159 E618.39737
G1 X149.435 Y158.981 E618.41617
G1 X148.279 Y158.832 E618.45494
G1 X147.164 Y158.539 E618.49328
G1 X146.092 Y158.106 E618.53173
G1 X145.086 Y157.538 E618.57016
G1 X144.179 Y156.86 E618.60782
G1 X143.337 Y156.047 E618.64675
G1 X142.616 Y155.143 E618.68521
G1 X142.026 Y154.168 E618.72311
G1 X141.555 Y153.107 E618.76172
G1 X141.227 Y151.998 E618.80019
G1 X141.044 Y150.869 E618.83823
G1 X141.007 Y149.704 E618.877
G1 X141.116 Y148.567 E618.91499
G1 X141.374 Y147.437 E618.95354
G1 X141.768 Y146.365 E618.99153
G1 X142.309 Y145.33 E619.03037
G1 X142.967 Y144.389 E619.06856
G1 X143.74 Y143.536 E619.10685
G1 X144.617 Y142.789 E619.14516
G1 X145.59 Y142.156 E619.18377
G1 X146.608 Y141.666 E619.22135
G1 X147.722 Y141.296 E619.26039
G1 X148.851 Y141.076 E619.29865
G1 X150 Y141.003 E619.33694
G1 X151.149 Y141.076 E619.37523
G1 X152.278 Y141.296 E619.41349
G1 X153.392 Y141.666 E619.45253
G1 X154.41 Y142.156 E619.49011
G1 X155.383 Y142.789 E619.52872
G1 X156.26 Y143.536 E619.56703
G1 X157.033 Y144.389 E619.60532
G1 X157.691 Y145.33 E619.64351
G1 X158.232 Y146.365 E619.68235
G1 X158.626 Y147.437 E619.72034
G1 X158.884 Y148.567 E619.75889
G1 X158.993 Y149.704 E619.79688
G1 X158.956 Y150.869 E619.83565
G1 X158.773 Y151.998 E619.87369
G1 X158.445 Y153.107 E619.91215
G1 X157.974 Y154.168 E619.95076
G1 X157.384 Y155.143 E619.98867
G1 X156.663 Y156.047 E620.02713
G0 F9000 X156.961 Y156.315
G1 F2044.7 X156.086 Y157.161 E620.06761
G1 X155.129 Y157.876 E620.10734
G1 X154.08 Y158.468 E620.1474
G1 X152.962 Y158.92 E620.18751
G1 X151.797 Y159.226 E620.22757
G1 X150.598 Y159.38 E620.26778
G1 X150 Y159.4 E620.28768
G1 X149.402 Y159.38 E620.30758
G1 X148.203 Y159.226 E620.34779
G1 X147.038 Y158.92 E620.38785
G1 X145.92 Y158.468 E620.42796
G1 X144.871 Y157.876 E620.46802
G1 X143.914 Y157.161 E620.50776
G1 X143.039 Y156.315 E620.54824
G1 X142.291 Y155.378 E620.58811
G1 X141.669 Y154.35 E620.62808
G1 X141.181 Y153.25 E620.6681
G1 X140.835 Y152.083 E620.70859
G1 X140.645 Y150.907 E620.74821
G1 X140.606 Y149.694 E620.78857
G1 X140.721 Y148.501 E620.82844
G1 X140.989 Y147.326 E620.86852
G1 X141.404 Y146.198 E620.9085
G1 X141.965 Y145.124 E620.9488
G1 X142.653 Y144.139 E620.98876
G1 X143.458 Y143.252 E621.0286
G1 X144.379 Y142.467 E621.06885
G1 X145.392 Y141.808 E621.10904
G1 X146.464 Y141.292 E621.14861
G1 X147.62 Y140.908 E621.18913
G1 X148.796 Y140.679 E621.22898
G1 X150 Y140.602 E621.2691
G1 X151.204 Y140.679 E621.30923
G1 X152.38 Y140.908 E621.34908
G1 X153.536 Y141.292 E621.38959
G1 X154.608 Y141.808 E621.42916
G1 X155.621 Y142.467 E621.46936
G1 X156.542 Y143.252 E621.50961
G1 X157.347 Y144.139 E621.54945
G1 X158.035 Y145.124 E621.58941
G1 X158.596 Y146.198 E621.62971
G1 X159.011 Y147.326 E621.66969
G1 X159.279 Y148.501 E621.70977
G1 X159.394 Y149.694 E621.74963
G1 X159.355 Y150.907 E621.79
G1 X159.165 Y152.083 E621.82962
G1 X158.819 Y153.25 E621.87011
G1 X158.331 Y154.35 E621.91013
G1 X157.709 Y155.378 E621.95009
G1 X156.961 Y156.315 E621.98997
G0 F9000 X157.256 Y156.587
;TYPE:WALL-OUTER
G1 F2044.7 X156.351 Y157.462 E622.03184
G1 X155.344 Y158.214 E622.07364
G1 X154.252 Y158.83 E622.11534
G1 X153.088 Y159.301 E622.15711
G1 X151.873 Y159.62 E622.19889
G1 X150.631 Y159.779 E622.24053
G1 X150 Y159.8 E622.26153
G1 X149.369 Y159.779 E622.28253
G1 X148.127 Y159.62 E622.32418
G1 X146.912 Y159.301 E622.36596
G1 X145.748 Y158.83 E622.40772
G1 X144.656 Y158.214 E622.44942
G1 X143.649 Y157.462 E622.49122
G1 X142.744 Y156.587 E622.53309
G1 X141.963 Y155.608 E622.57474
G1 X141.312 Y154.532 E622.61657
G1 X140.804 Y153.386 E622.65827
G1 X140.445 Y152.175 E622.70028
G1 X140.246 Y150.945 E622.74172
G1 X140.205 Y149.684 E622.78368
G1 X140.326 Y148.436 E622.82539
G1 X140.604 Y147.215 E622.86704
G1 X141.04 Y146.031 E622.909
G1 X141.621 Y144.918 E622.95076
G1 X142.339 Y143.889 E622.99249
G1 X143.18 Y142.963 E623.0341
G1 X144.137 Y142.148 E623.07591
G1 X145.194 Y141.46 E623.11785
G1 X146.32 Y140.918 E623.15942
G1 X147.518 Y140.52 E623.2014
G1 X148.741 Y140.282 E623.24284
G1 X150 Y140.201 E623.2848
G1 X151.259 Y140.282 E623.32677
G1 X152.482 Y140.52 E623.36821
G1 X153.68 Y140.918 E623.41019
G1 X154.806 Y141.46 E623.45176
G1 X155.863 Y142.148 E623.4937
G1 X156.82 Y142.963 E623.53551
G1 X157.661 Y143.889 E623.57712
G1 X158.379 Y144.918 E623.61885
G1 X158.96 Y146.031 E623.66061
G1 X159.396 Y147.215 E623.70257
G1 X159.674 Y148.436 E623.74422
G1 X159.795 Y149.684 E623.78593
G1 X159.754 Y150.945 E623.82789
G1 X159.555 Y152.175 E623.86933
G1 X159.196 Y153.386 E623.91134
G1 X158.688 Y154.532 E623.95304
G1 X158.037 Y155.608 E623.99486
G1 X157.256 Y156.587 E624.03652
G0 F9000 X156.931 Y156.292
G0 X156.444 Y155.843
G0 X153.949 Y157.74
G0 X154.056 Y157.932
;TYPE:FILL
G1 F3067 X153.698 Y157.724 E624.05029
G1 X153.312 Y157.353 E624.0681
G0 F9000 X153.409 Y157.551
G0 X151.879 Y158.025
G0 X150.652 Y158.213
G0 X149.348 Y158.213
G0 X149.001 Y158.16
G0 X147.308 Y157.831
G0 X147.375 Y157.623
G1 F3067 X147.338 Y157.724 E624.07167
G1 X147.181 Y158.326 E624.09237
G1 X147.223 Y158.472 E624.09742
G0 F9000 X147.279 Y158.261
G0 X145.235 Y156.72
G0 X142.581 Y154.506
G0 X142.393 Y154.619
G1 F3067 X142.539 Y154.112 E624.11497
G1 X142.958 Y153.92 E624.1303
G0 F9000 X142.765 Y154.024
G0 X141.922 Y153.193
G0 X141.72 Y153.281
G1 F3067 X141.623 Y152.908 E624.14312
G1 X141.402 Y152.306 E624.16444
G0 F9000 X141.613 Y152.244
G0 X141.765 Y149.686
G0 X141.907 Y148.431
G0 X142.096 Y147.74
G0 X142.59 Y146.291
G0 X142.789 Y146.382
G1 F3067 X142.743 Y146.286 E624.16798
G1 X142.522 Y145.684 E624.18931
G1 X142.424 Y145.308 E624.20224
G0 F9000 X142.604 Y145.434
G0 X143.473 Y144.276
G0 X143.311 Y144.128
G1 F3067 X143.857 Y143.878 E624.22221
G1 X144.895 Y143.276 E624.26212
G1 X145.522 Y142.674 E624.29103
G1 X145.919 Y142.086 E624.31463
G0 F9000 X146.013 Y142.285
G0 X149.954 Y141.308
G0 X149.941 Y141.089
G1 F3067 X150.338 Y141.47 E624.33293
G1 X150.675 Y141.969 E624.35296
G0 F9000 X150.692 Y141.751
G0 X152.486 Y142.141
G0 X153.149 Y142.407
G0 X154.607 Y143.108
G0 X154.494 Y143.295
G1 F3067 X154.527 Y143.276 E624.35422
G1 X155.116 Y142.711 E624.38137
G0 F9000 X154.996 Y142.894
G0 X157.834 Y146.25
G0 X158.029 Y146.149
G1 F3067 X157.887 Y146.286 E624.38793
G1 X157.481 Y146.888 E624.41208
G1 X157.459 Y146.933 E624.41375
G0 F9000 X157.66 Y146.843
G0 X158.01 Y148.129
G0 X158.291 Y149.8
G0 X158.072 Y149.792
G1 F3067 X158.305 Y149.898 E624.42226
G1 X158.896 Y150.24 E624.44497
G0 F9000 X158.576 Y150.23
;MESH:NONMESH
G0 F300 X158.576 Y150.23 Z11
G0 F9000 X157.524 Y153.366
G0 X157.032 Y154.271
G0 X156.182 Y155.541
G0 X155.975 Y155.324
;TIME_ELAPSED:784.214378
;LAYER:54
;TYPE:WALL-INNER
;MESH:dannypart.STL
G1 F2042.2 X156.718 Y154.35 E624.48572
G1 X157.303 Y153.273 E624.52648
G1 X157.717 Y152.12 E624.56723
G1 X157.951 Y150.918 E624.60796
G1 X157.997 Y149.694 E624.6487
G1 X157.857 Y148.477 E624.68944
G1 X157.533 Y147.294 E624.73024
G1 X157.03 Y146.176 E624.77101
G1 X156.365 Y145.148 E624.81173
G1 X155.549 Y144.233 E624.85251
G1 X154.604 Y143.454 E624.89324
G1 X153.551 Y142.827 E624.93401
G1 X152.415 Y142.37 E624.97473
G1 X151.222 Y142.092 E625.01547
G1 X150 Y141.997 E625.05624
G1 X148.778 Y142.092 E625.09701
G1 X147.585 Y142.37 E625.13775
G1 X146.449 Y142.827 E625.17848
G1 X145.396 Y143.454 E625.21924
G1 X144.451 Y144.233 E625.25997
G1 X143.635 Y145.148 E625.30075
G1 X142.97 Y146.176 E625.34147
G1 X142.467 Y147.294 E625.38225
G1 X142.143 Y148.477 E625.42304
G1 X142.003 Y149.694 E625.46379
G1 X142.049 Y150.918 E625.50452
G1 X142.283 Y152.12 E625.54525
G1 X142.697 Y153.273 E625.586
G1 X143.282 Y154.35 E625.62676
G1 X144.025 Y155.324 E625.66751
G1 X144.908 Y156.173 E625.70825
G1 X145.91 Y156.879 E625.74902
G1 X147.008 Y157.423 E625.78978
G1 X148.177 Y157.793 E625.83056
G1 X149.369 Y157.976 E625.87067
G1 X150 Y158 E625.89167
G1 X150.631 Y157.976 E625.91267
G1 X151.823 Y157.793 E625.95278
G1 X152.992 Y157.423 E625.99357
G1 X154.09 Y156.879 E626.03432
G1 X155.092 Y156.173 E626.07509
G1 X155.975 Y155.324 E626.11583
G0 F9000 X155.676 Y155.057
G1 F2042.2 X156.381 Y154.132 E626.15451
G1 X156.937 Y153.109 E626.19324
G1 X157.33 Y152.014 E626.23193
G1 X157.552 Y150.872 E626.27063
G1 X157.596 Y149.709 E626.30934
G1 X157.463 Y148.553 E626.34804
G1 X157.155 Y147.43 E626.38677
G1 X156.678 Y146.368 E626.42549
G1 X156.046 Y145.391 E626.46419
G1 X155.271 Y144.522 E626.50292
G1 X154.373 Y143.782 E626.54162
G1 X153.373 Y143.187 E626.58033
G1 X152.294 Y142.753 E626.61901
G1 X151.161 Y142.488 E626.65771
G1 X150 Y142.398 E626.69644
G1 X148.839 Y142.488 E626.73517
G1 X147.706 Y142.753 E626.77387
G1 X146.627 Y143.187 E626.81255
G1 X145.627 Y143.782 E626.85126
G1 X144.729 Y144.522 E626.88996
G1 X143.954 Y145.391 E626.92868
G1 X143.322 Y146.368 E626.96739
G1 X142.845 Y147.43 E627.00611
G1 X142.537 Y148.553 E627.04484
G1 X142.404 Y149.709 E627.08354
G1 X142.448 Y150.872 E627.12225
G1 X142.67 Y152.014 E627.16094
G1 X143.063 Y153.109 E627.19964
G1 X143.619 Y154.132 E627.23836
G1 X144.324 Y155.057 E627.27705
G1 X145.163 Y155.864 E627.31577
G1 X146.115 Y156.534 E627.35448
G1 X147.158 Y157.051 E627.3932
G1 X148.268 Y157.402 E627.43192
G1 X149.407 Y157.577 E627.47025
G1 X150 Y157.6 E627.48999
G1 X150.593 Y157.577 E627.50973
G1 X151.732 Y157.402 E627.54806
G1 X152.842 Y157.051 E627.58678
G1 X153.885 Y156.534 E627.62549
G1 X154.837 Y155.864 E627.66421
G1 X155.676 Y155.057 E627.70293
G0 F9000 X155.376 Y154.79
;TYPE:WALL-OUTER
G1 F2042.2 X156.044 Y153.914 E627.73957
G1 X156.571 Y152.945 E627.77626
G1 X156.943 Y151.908 E627.8129
G1 X157.153 Y150.826 E627.84956
G1 X157.195 Y149.724 E627.88624
G1 X157.069 Y148.629 E627.9229
G1 X156.777 Y147.566 E627.95957
G1 X156.326 Y146.56 E627.99623
G1 X155.727 Y145.634 E628.03292
G1 X154.993 Y144.811 E628.06959
G1 X154.142 Y144.11 E628.10626
G1 X153.195 Y143.547 E628.14291
G1 X152.173 Y143.135 E628.17956
G1 X151.1 Y142.884 E628.21621
G1 X150 Y142.799 E628.2529
G1 X148.9 Y142.884 E628.2896
G1 X147.827 Y143.135 E628.32625
G1 X146.805 Y143.547 E628.3629
G1 X145.858 Y144.11 E628.39954
G1 X145.007 Y144.811 E628.43621
G1 X144.273 Y145.634 E628.47289
G1 X143.674 Y146.56 E628.50957
G1 X143.223 Y147.566 E628.54624
G1 X142.931 Y148.629 E628.58291
G1 X142.805 Y149.724 E628.61957
G1 X142.847 Y150.826 E628.65625
G1 X143.057 Y151.908 E628.69291
G1 X143.429 Y152.945 E628.72955
G1 X143.956 Y153.914 E628.76624
G1 X144.624 Y154.79 E628.80288
G1 X145.418 Y155.555 E628.83955
G1 X146.32 Y156.189 E628.87622
G1 X147.308 Y156.679 E628.9129
G1 X148.359 Y157.011 E628.94956
G1 X149.445 Y157.178 E628.9861
G1 X150 Y157.2 E629.00458
G1 X150.555 Y157.178 E629.02305
G1 X151.641 Y157.011 E629.0596
G1 X152.692 Y156.679 E629.09625
G1 X153.68 Y156.189 E629.13293
G1 X154.582 Y155.555 E629.1696
G1 X155.376 Y154.79 E629.20628
G0 F9000 X155.704 Y155.082
G0 X156.163 Y155.56
G0 X156.444 Y155.843
G0 X156.663 Y156.047
;TYPE:WALL-INNER
G1 F2042.2 X155.821 Y156.86 E629.24521
G1 X154.914 Y157.538 E629.28287
G1 X153.908 Y158.106 E629.32129
G1 X152.836 Y158.539 E629.35975
G1 X151.721 Y158.832 E629.39809
G1 X150.565 Y158.981 E629.43686
G1 X150 Y159 E629.45566
G1 X149.435 Y158.981 E629.47446
G1 X148.279 Y158.832 E629.51323
G1 X147.164 Y158.539 E629.55157
G1 X146.092 Y158.106 E629.59003
G1 X145.086 Y157.538 E629.62845
G1 X144.179 Y156.86 E629.66612
G1 X143.337 Y156.047 E629.70505
G1 X142.616 Y155.143 E629.7435
G1 X142.026 Y154.168 E629.78141
G1 X141.555 Y153.107 E629.82002
G1 X141.227 Y151.998 E629.85848
G1 X141.044 Y150.869 E629.89652
G1 X141.007 Y149.704 E629.93529
G1 X141.116 Y148.567 E629.97328
G1 X141.374 Y147.437 E630.01183
G1 X141.768 Y146.365 E630.04982
G1 X142.309 Y145.33 E630.08866
G1 X142.967 Y144.389 E630.12685
G1 X143.74 Y143.536 E630.16514
G1 X144.617 Y142.789 E630.20346
G1 X145.59 Y142.156 E630.24206
G1 X146.608 Y141.666 E630.27964
G1 X147.722 Y141.296 E630.31868
G1 X148.851 Y141.076 E630.35694
G1 X150 Y141.003 E630.39523
G1 X151.149 Y141.076 E630.43353
G1 X152.278 Y141.296 E630.47178
G1 X153.392 Y141.666 E630.51083
G1 X154.41 Y142.156 E630.5484
G1 X155.383 Y142.789 E630.58701
G1 X156.26 Y143.536 E630.62533
G1 X157.033 Y144.389 E630.66361
G1 X157.691 Y145.33 E630.7018
G1 X158.232 Y146.365 E630.74065
G1 X158.626 Y147.437 E630.77863
G1 X158.884 Y148.567 E630.81719
G1 X158.993 Y149.704 E630.85518
G1 X158.956 Y150.869 E630.89394
G1 X158.773 Y151.998 E630.93198
G1 X158.445 Y153.107 E630.97045
G1 X157.974 Y154.168 E631.00906
G1 X157.384 Y155.143 E631.04696
G1 X156.663 Y156.047 E631.08542
G0 F9000 X156.961 Y156.315
G1 F2042.2 X156.086 Y157.161 E631.1259
G1 X155.129 Y157.876 E631.16564
G1 X154.08 Y158.468 E631.2057
G1 X152.962 Y158.92 E631.24581
G1 X151.797 Y159.226 E631.28587
G1 X150.598 Y159.38 E631.32608
G1 X150 Y159.4 E631.34598
G1 X149.402 Y159.38 E631.36588
G1 X148.203 Y159.226 E631.40608
G1 X147.038 Y158.92 E631.44615
G1 X145.92 Y158.468 E631.48625
G1 X144.871 Y157.876 E631.52632
G1 X143.914 Y157.161 E631.56605
G1 X143.039 Y156.315 E631.60653
G1 X142.291 Y155.378 E631.64641
G1 X141.669 Y154.35 E631.68637
G1 X141.181 Y153.25 E631.7264
G1 X140.835 Y152.083 E631.76688
G1 X140.645 Y150.907 E631.8065
G1 X140.606 Y149.694 E631.84687
G1 X140.721 Y148.501 E631.88673
G1 X140.989 Y147.326 E631.92681
G1 X141.404 Y146.198 E631.96679
G1 X141.965 Y145.124 E632.00709
G1 X142.653 Y144.139 E632.04705
G1 X143.458 Y143.252 E632.08689
G1 X144.379 Y142.467 E632.12714
G1 X145.392 Y141.808 E632.16734
G1 X146.464 Y141.292 E632.20691
G1 X147.62 Y140.908 E632.24742
G1 X148.796 Y140.679 E632.28727
G1 X150 Y140.602 E632.3274
G1 X151.204 Y140.679 E632.36752
G1 X152.38 Y140.908 E632.40737
G1 X153.536 Y141.292 E632.44789
G1 X154.608 Y141.808 E632.48746
G1 X155.621 Y142.467 E632.52765
G1 X156.542 Y143.252 E632.5679
G1 X157.347 Y144.139 E632.60774
G1 X158.035 Y145.124 E632.6477
G1 X158.596 Y146.198 E632.68801
G1 X159.011 Y147.326 E632.72798
G1 X159.279 Y148.501 E632.76807
G1 X159.394 Y149.694 E632.80793
G1 X159.355 Y150.907 E632.84829
G1 X159.165 Y152.083 E632.88792
G1 X158.819 Y153.25 E632.9284
G1 X158.331 Y154.35 E632.96842
G1 X157.709 Y155.378 E633.00839
G1 X156.961 Y156.315 E633.04826
G0 F9000 X157.256 Y156.587
;TYPE:WALL-OUTER
G1 F2042.2 X156.351 Y157.462 E633.09013
G1 X155.344 Y158.214 E633.13194
G1 X154.252 Y158.83 E633.17364
G1 X153.088 Y159.301 E633.2154
G1 X151.873 Y159.62 E633.25718
G1 X150.631 Y159.779 E633.29883
G1 X150 Y159.8 E633.31983
G1 X149.369 Y159.779 E633.34082
G1 X148.127 Y159.62 E633.38247
G1 X146.912 Y159.301 E633.42425
G1 X145.748 Y158.83 E633.46602
G1 X144.656 Y158.214 E633.50772
G1 X143.649 Y157.462 E633.54952
G1 X142.744 Y156.587 E633.59139
G1 X141.963 Y155.608 E633.63304
G1 X141.312 Y154.532 E633.67487
G1 X140.804 Y153.386 E633.71656
G1 X140.445 Y152.175 E633.75857
G1 X140.246 Y150.945 E633.80001
G1 X140.205 Y149.684 E633.84198
G1 X140.326 Y148.436 E633.88368
G1 X140.604 Y147.215 E633.92533
G1 X141.04 Y146.031 E633.96729
G1 X141.621 Y144.918 E634.00905
G1 X142.339 Y143.889 E634.05079
G1 X143.18 Y142.963 E634.09239
G1 X144.137 Y142.148 E634.1342
G1 X145.194 Y141.46 E634.17615
G1 X146.32 Y140.918 E634.21771
G1 X147.518 Y140.52 E634.2597
G1 X148.741 Y140.282 E634.30114
G1 X150 Y140.201 E634.3431
G1 X151.259 Y140.282 E634.38506
G1 X152.482 Y140.52 E634.4265
G1 X153.68 Y140.918 E634.46849
G1 X154.806 Y141.46 E634.51005
G1 X155.863 Y142.148 E634.552
G1 X156.82 Y142.963 E634.59381
G1 X157.661 Y143.889 E634.63541
G1 X158.379 Y144.918 E634.67714
G1 X158.96 Y146.031 E634.7189
G1 X159.396 Y147.215 E634.76087
G1 X159.674 Y148.436 E634.80252
G1 X159.795 Y149.684 E634.84422
G1 X159.754 Y150.945 E634.88618
G1 X159.555 Y152.175 E634.92763
G1 X159.196 Y153.386 E634.96964
G1 X158.688 Y154.532 E635.01133
G1 X158.037 Y155.608 E635.05316
G1 X157.256 Y156.587 E635.09481
G0 F9000 X156.931 Y156.292
G0 X156.444 Y155.843
G0 X153.994 Y157.715
G0 X154.101 Y157.907
;TYPE:FILL
G1 F3063.4 X153.51 Y157.547 E635.11783
G1 X153.306 Y157.356 E635.12712
G0 F9000 X153.403 Y157.554
G0 X151.879 Y158.025
G0 X150.652 Y158.213
G0 X149.348 Y158.213
G0 X148.653 Y158.107
G0 X147.065 Y157.755
G0 X147.132 Y157.546
G1 F3063.4 X146.888 Y157.957 E635.14302
G1 X146.519 Y158.193 E635.15759
G0 F9000 X146.601 Y157.99
G0 X143.844 Y155.482
G0 X143.414 Y154.917
G0 X142.55 Y153.627
G0 X142.743 Y153.523
G1 F3063.4 X142.674 Y153.526 E635.15989
G1 X142.072 Y153.141 E635.18365
G1 X141.47 Y152.125 E635.22293
G1 X141.284 Y151.852 E635.23392
G0 F9000 X141.501 Y151.818
G0 X141.907 Y148.431
G0 X142.001 Y148.086
G0 X142.521 Y146.443
G0 X142.721 Y146.534
G1 F3063.4 X142.674 Y146.466 E635.23667
G1 X142.213 Y145.688 E635.26675
G0 F9000 X142.406 Y145.79
G0 X143.789 Y143.927
G0 X143.627 Y143.779
G1 F3063.4 X143.878 Y143.713 E635.27538
G1 X144.48 Y143.465 E635.29703
G1 X145.082 Y143.099 E635.32047
G1 X145.684 Y142.534 E635.34793
G1 X146.023 Y142.036 E635.36796
G0 F9000 X146.117 Y142.235
G0 X149.958 Y141.308
G0 X149.945 Y141.088
G1 F3063.4 X150.5 Y141.609 E635.39328
G1 X150.749 Y141.975 E635.40801
G0 F9000 X150.766 Y141.757
G0 X152.486 Y142.141
G0 X153.149 Y142.407
G0 X154.555 Y143.077
G0 X154.442 Y143.264
G1 F3063.4 X154.714 Y143.099 E635.41859
G1 X155.123 Y142.715 E635.43725
G0 F9000 X155.003 Y142.898
G0 X157.83 Y146.243
G0 X158.025 Y146.142
G1 F3063.4 X157.724 Y146.425 E635.45099
G1 X157.427 Y146.861 E635.46853
G0 F9000 X157.627 Y146.771
G0 X158.046 Y148.265
G0 X158.284 Y150.002
G0 X158.064 Y149.994
G1 F3063.4 X158.326 Y150.062 E635.47754
G1 X158.894 Y150.296 E635.49797
G0 F9000 X158.574 Y150.286
;MESH:NONMESH
G0 F300 X158.574 Y150.286 Z11.2
G0 F9000 X157.524 Y153.366
G0 X157.032 Y154.271
G0 X156.182 Y155.541
G0 X155.975 Y155.324
;TIME_ELAPSED:797.134704
;LAYER:55
;TYPE:WALL-INNER
;MESH:dannypart.STL
G1 F2037.8 X156.718 Y154.35 E635.53871
G1 X157.303 Y153.273 E635.57948
G1 X157.717 Y152.12 E635.62022
G1 X157.951 Y150.918 E635.66095
G1 X157.997 Y149.694 E635.70169
G1 X157.857 Y148.477 E635.74244
G1 X157.533 Y147.294 E635.78323
G1 X157.03 Y146.176 E635.82401
G1 X156.365 Y145.148 E635.86473
G1 X155.549 Y144.233 E635.90551
G1 X154.604 Y143.454 E635.94624
G1 X153.551 Y142.827 E635.987
G1 X152.415 Y142.37 E636.02773
G1 X151.222 Y142.092 E636.06847
G1 X150 Y141.997 E636.10924
G1 X148.778 Y142.092 E636.15
G1 X147.585 Y142.37 E636.19075
G1 X146.449 Y142.827 E636.23147
G1 X145.396 Y143.454 E636.27223
G1 X144.451 Y144.233 E636.31297
G1 X143.635 Y145.148 E636.35374
G1 X142.97 Y146.176 E636.39447
G1 X142.467 Y147.294 E636.43524
G1 X142.143 Y148.477 E636.47604
G1 X142.003 Y149.694 E636.51678
G1 X142.049 Y150.918 E636.55752
G1 X142.283 Y152.12 E636.59825
G1 X142.697 Y153.273 E636.639
G1 X143.282 Y154.35 E636.67976
G1 X144.025 Y155.324 E636.7205
G1 X144.908 Y156.173 E636.76125
G1 X145.91 Y156.879 E636.80201
G1 X147.008 Y157.423 E636.84277
G1 X148.177 Y157.793 E636.88355
G1 X149.369 Y157.976 E636.92366
G1 X150 Y158 E636.94467
G1 X150.631 Y157.976 E636.96567
G1 X151.823 Y157.793 E637.00578
G1 X152.992 Y157.423 E637.04656
G1 X154.09 Y156.879 E637.08732
G1 X155.092 Y156.173 E637.12809
G1 X155.975 Y155.324 E637.16883
G0 F9000 X155.676 Y155.057
G1 F2037.8 X156.381 Y154.132 E637.20751
G1 X156.937 Y153.109 E637.24624
G1 X157.33 Y152.014 E637.28493
G1 X157.552 Y150.872 E637.32362
G1 X157.596 Y149.709 E637.36233
G1 X157.463 Y148.553 E637.40104
G1 X157.155 Y147.43 E637.43977
G1 X156.678 Y146.368 E637.47849
G1 X156.046 Y145.391 E637.51719
G1 X155.271 Y144.522 E637.55592
G1 X154.373 Y143.782 E637.59462
G1 X153.373 Y143.187 E637.63332
G1 X152.294 Y142.753 E637.672
G1 X151.161 Y142.488 E637.7107
G1 X150 Y142.398 E637.74943
G1 X148.839 Y142.488 E637.78817
G1 X147.706 Y142.753 E637.82687
G1 X146.627 Y143.187 E637.86555
G1 X145.627 Y143.782 E637.90425
G1 X144.729 Y144.522 E637.94295
G1 X143.954 Y145.391 E637.98168
G1 X143.322 Y146.368 E638.02038
G1 X142.845 Y147.43 E638.0591
G1 X142.537 Y148.553 E638.09783
G1 X142.404 Y149.709 E638.13654
G1 X142.448 Y150.872 E638.17525
G1 X142.67 Y152.014 E638.21394
G1 X143.063 Y153.109 E638.25263
G1 X143.619 Y154.132 E638.29136
G1 X144.324 Y155.057 E638.33004
G1 X145.163 Y155.864 E638.36876
G1 X146.115 Y156.534 E638.40748
G1 X147.158 Y157.051 E638.4462
G1 X148.268 Y157.402 E638.48492
G1 X149.407 Y157.577 E638.52325
G1 X150 Y157.6 E638.54298
G1 X150.593 Y157.577 E638.56272
G1 X151.732 Y157.402 E638.60105
G1 X152.842 Y157.051 E638.63977
G1 X153.885 Y156.534 E638.67849
G1 X154.837 Y155.864 E638.71721
G1 X155.676 Y155.057 E638.75593
G0 F9000 X155.376 Y154.79
;TYPE:WALL-OUTER
G1 F2037.8 X156.044 Y153.914 E638.79257
G1 X156.571 Y152.945 E638.82926
G1 X156.943 Y151.908 E638.8659
G1 X157.153 Y150.826 E638.90256
G1 X157.195 Y149.724 E638.93924
G1 X157.069 Y148.629 E638.9759
G1 X156.777 Y147.566 E639.01256
G1 X156.326 Y146.56 E639.04923
G1 X155.727 Y145.634 E639.08591
G1 X154.993 Y144.811 E639.12259
G1 X154.142 Y144.11 E639.15926
G1 X153.195 Y143.547 E639.1959
G1 X152.173 Y143.135 E639.23255
G1 X151.1 Y142.884 E639.2692
G1 X150 Y142.799 E639.3059
G1 X148.9 Y142.884 E639.34259
G1 X147.827 Y143.135 E639.37925
G1 X146.805 Y143.547 E639.4159
G1 X145.858 Y144.11 E639.45254
G1 X145.007 Y144.811 E639.48921
G1 X144.273 Y145.634 E639.52589
G1 X143.674 Y146.56 E639.56257
G1 X143.223 Y147.566 E639.59924
G1 X142.931 Y148.629 E639.6359
G1 X142.805 Y149.724 E639.67256
G1 X142.847 Y150.826 E639.70924
G1 X143.057 Y151.908 E639.7459
G1 X143.429 Y152.945 E639.78254
G1 X143.956 Y153.914 E639.81923
G1 X144.624 Y154.79 E639.85587
G1 X145.418 Y155.555 E639.89254
G1 X146.32 Y156.189 E639.92921
G1 X147.308 Y156.679 E639.96589
G1 X148.359 Y157.011 E640.00255
G1 X149.445 Y157.178 E640.0391
G1 X150 Y157.2 E640.05757
G1 X150.555 Y157.178 E640.07605
G1 X151.641 Y157.011 E640.11259
G1 X152.692 Y156.679 E640.14925
G1 X153.68 Y156.189 E640.18593
G1 X154.582 Y155.555 E640.2226
G1 X155.376 Y154.79 E640.25927
G0 F9000 X155.704 Y155.082
G0 X156.163 Y155.56
G0 X156.444 Y155.843
G0 X156.663 Y156.047
;TYPE:WALL-INNER
G1 F2037.8 X155.821 Y156.86 E640.2982
G1 X154.914 Y157.538 E640.33586
G1 X153.908 Y158.106 E640.37429
G1 X152.836 Y158.539 E640.41274
G1 X151.721 Y158.832 E640.45109
G1 X150.565 Y158.981 E640.48985
G1 X150 Y159 E640.50866
G1 X149.435 Y158.981 E640.52746
G1 X148.279 Y158.832 E640.56623
G1 X147.164 Y158.539 E640.60457
G1 X146.092 Y158.106 E640.64302
G1 X145.086 Y157.538 E640.68145
G1 X144.179 Y156.86 E640.71911
G1 X143.337 Y156.047 E640.75804
G1 X142.616 Y155.143 E640.7965
G1 X142.026 Y154.168 E640.8344
G1 X141.555 Y153.107 E640.87301
G1 X141.227 Y151.998 E640.91148
G1 X141.044 Y150.869 E640.94952
G1 X141.007 Y149.704 E640.98829
G1 X141.116 Y148.567 E641.02628
G1 X141.374 Y147.437 E641.06483
G1 X141.768 Y146.365 E641.10282
G1 X142.309 Y145.33 E641.14166
G1 X142.967 Y144.389 E641.17985
G1 X143.74 Y143.536 E641.21814
G1 X144.617 Y142.789 E641.25645
G1 X145.59 Y142.156 E641.29506
G1 X146.608 Y141.666 E641.33264
G1 X147.722 Y141.296 E641.37168
G1 X148.851 Y141.076 E641.40994
G1 X150 Y141.003 E641.44823
G1 X151.149 Y141.076 E641.48652
G1 X152.278 Y141.296 E641.52478
G1 X153.392 Y141.666 E641.56382
G1 X154.41 Y142.156 E641.6014
G1 X155.383 Y142.789 E641.64001
G1 X156.26 Y143.536 E641.67832
G1 X157.033 Y144.389 E641.71661
G1 X157.691 Y145.33 E641.7548
G1 X158.232 Y146.365 E641.79364
G1 X158.626 Y147.437 E641.83163
G1 X158.884 Y148.567 E641.87018
G1 X158.993 Y149.704 E641.90817
G1 X158.956 Y150.869 E641.94694
G1 X158.773 Y151.998 E641.98498
G1 X158.445 Y153.107 E642.02344
G1 X157.974 Y154.168 E642.06205
G1 X157.384 Y155.143 E642.09996
G1 X156.663 Y156.047 E642.13842
G0 F9000 X156.961 Y156.315
G1 F2037.8 X156.086 Y157.161 E642.1789
G1 X155.129 Y157.876 E642.21863
G1 X154.08 Y158.468 E642.25869
G1 X152.962 Y158.92 E642.2988
G1 X151.797 Y159.226 E642.33886
G1 X150.598 Y159.38 E642.37907
G1 X150 Y159.4 E642.39897
G1 X149.402 Y159.38 E642.41887
G1 X148.203 Y159.226 E642.45908
G1 X147.038 Y158.92 E642.49914
G1 X145.92 Y158.468 E642.53925
G1 X144.871 Y157.876 E642.57931
G1 X143.914 Y157.161 E642.61905
G1 X143.039 Y156.315 E642.65953
G1 X142.291 Y155.378 E642.6994
G1 X141.669 Y154.35 E642.73937
G1 X141.181 Y153.25 E642.77939
G1 X140.835 Y152.083 E642.81988
G1 X140.645 Y150.907 E642.8595
G1 X140.606 Y149.694 E642.89986
G1 X140.721 Y148.501 E642.93973
G1 X140.989 Y147.326 E642.97981
G1 X141.404 Y146.198 E643.01979
G1 X141.965 Y145.124 E643.06009
G1 X142.653 Y144.139 E643.10005
G1 X143.458 Y143.252 E643.13989
G1 X144.379 Y142.467 E643.18014
G1 X145.392 Y141.808 E643.22033
G1 X146.464 Y141.292 E643.2599
G1 X147.62 Y140.908 E643.30042
G1 X148.796 Y140.679 E643.34027
G1 X150 Y140.602 E643.38039
G1 X151.204 Y140.679 E643.42052
G1 X152.38 Y140.908 E643.46037
G1 X153.536 Y141.292 E643.50088
G1 X154.608 Y141.808 E643.54045
G1 X155.621 Y142.467 E643.58065
G1 X156.542 Y143.252 E643.6209
G1 X157.347 Y144.139 E643.66074
G1 X158.035 Y145.124 E643.7007
G1 X158.596 Y146.198 E643.741
G1 X159.011 Y147.326 E643.78098
G1 X159.279 Y148.501 E643.82106
G1 X159.394 Y149.694 E643.86092
G1 X159.355 Y150.907 E643.90129
G1 X159.165 Y152.083 E643.94091
G1 X158.819 Y153.25 E643.9814
G1 X158.331 Y154.35 E644.02142
G1 X157.709 Y155.378 E644.06138
G1 X156.961 Y156.315 E644.10126
G0 F9000 X157.256 Y156.587
;TYPE:WALL-OUTER
G1 F2037.8 X156.351 Y157.462 E644.14313
G1 X155.344 Y158.214 E644.18493
G1 X154.252 Y158.83 E644.22663
G1 X153.088 Y159.301 E644.2684
G1 X151.873 Y159.62 E644.31018
G1 X150.631 Y159.779 E644.35182
G1 X150 Y159.8 E644.37282
G1 X149.369 Y159.779 E644.39382
G1 X148.127 Y159.62 E644.43547
G1 X146.912 Y159.301 E644.47725
G1 X145.748 Y158.83 E644.51901
G1 X144.656 Y158.214 E644.56071
G1 X143.649 Y157.462 E644.60251
G1 X142.744 Y156.587 E644.64438
G1 X141.963 Y155.608 E644.68603
G1 X141.312 Y154.532 E644.72786
G1 X140.804 Y153.386 E644.76956
G1 X140.445 Y152.175 E644.81157
G1 X140.246 Y150.945 E644.85301
G1 X140.205 Y149.684 E644.89497
G1 X140.326 Y148.436 E644.93668
G1 X140.604 Y147.215 E644.97832
G1 X141.04 Y146.031 E645.02029
G1 X141.621 Y144.918 E645.06205
G1 X142.339 Y143.889 E645.10378
G1 X143.18 Y142.963 E645.14539
G1 X144.137 Y142.148 E645.1872
G1 X145.194 Y141.46 E645.22914
G1 X146.32 Y140.918 E645.27071
G1 X147.518 Y140.52 E645.31269
G1 X148.741 Y140.282 E645.35413
G1 X150 Y140.201 E645.39609
G1 X151.259 Y140.282 E645.43806
G1 X152.482 Y140.52 E645.4795
G1 X153.68 Y140.918 E645.52148
G1 X154.806 Y141.46 E645.56305
G1 X155.863 Y142.148 E645.60499
G1 X156.82 Y142.963 E645.6468
G1 X157.661 Y143.889 E645.68841
G1 X158.379 Y144.918 E645.73014
G1 X158.96 Y146.031 E645.7719
G1 X159.396 Y147.215 E645.81386
G1 X159.674 Y148.436 E645.85551
G1 X159.795 Y149.684 E645.89722
G1 X159.754 Y150.945 E645.93918
G1 X159.555 Y152.175 E645.98062
G1 X159.196 Y153.386 E646.02263
G1 X158.688 Y154.532 E646.06433
G1 X158.037 Y155.608 E646.10615
G1 X157.256 Y156.587 E646.14781
G0 F9000 X156.931 Y156.292
G0 X156.444 Y155.843
G0 X154.07 Y157.672
G0 X154.177 Y157.864
;TYPE:FILL
G1 F3056.7 X154.112 Y157.844 E646.15007
G1 X153.51 Y157.54 E646.1725
G1 X153.289 Y157.364 E646.1819
G0 F9000 X153.386 Y157.562
G0 X151.879 Y158.025
G0 X150.652 Y158.213
G0 X149.348 Y158.213
G0 X148.355 Y158.061
G0 X146.83 Y157.668
G0 X146.928 Y157.472
G1 F3056.7 X146.888 Y157.526 E646.18413
G1 X146.286 Y157.994 E646.20949
G1 X146.109 Y158.025 E646.21547
G0 F9000 X146.217 Y157.834
G0 X143.844 Y155.482
G0 X143.229 Y154.674
G0 X142.333 Y153.148
G0 X142.541 Y153.075
G1 F3056.7 X142.072 Y152.71 E646.23524
G1 X141.47 Y151.886 E646.26918
G1 X141.246 Y151.616 E646.28085
G0 F9000 X141.463 Y151.582
G0 X141.907 Y148.431
G0 X142.242 Y147.21
G0 X142.388 Y146.885
G0 X143.943 Y143.755
G0 X143.8 Y143.589
G1 F3056.7 X143.878 Y143.58 E646.28346
G1 X144.48 Y143.396 E646.30439
G1 X145.082 Y143.092 E646.32683
G1 X145.684 Y142.613 E646.35241
G1 X146.257 Y141.924 E646.38222
G0 F9000 X146.351 Y142.122
G0 X149.958 Y141.308
G0 X149.945 Y141.088
G1 F3056.7 X150.5 Y141.53 E646.40582
G1 X150.878 Y141.985 E646.42549
G0 F9000 X150.895 Y141.767
G0 X152.486 Y142.141
G0 X153.149 Y142.407
G0 X154.524 Y143.058
G0 X154.411 Y143.245
G1 F3056.7 X154.714 Y143.092 E646.43678
G1 X155.158 Y142.738 E646.45567
G0 F9000 X155.038 Y142.921
G0 X157.817 Y146.218
G0 X158.012 Y146.117
G1 F3056.7 X157.724 Y146.346 E646.46791
G1 X157.381 Y146.759 E646.48576
G0 F9000 X157.581 Y146.669
G0 X158.041 Y148.254
G0 X158.278 Y150.171
G0 X158.058 Y150.163
G1 F3056.7 X158.326 Y150.195 E646.49474
G1 X158.891 Y150.368 E646.51439
G0 F9000 X158.571 Y150.358
;MESH:NONMESH
G0 F300 X158.571 Y150.358 Z11.4
G0 F9000 X157.524 Y153.366
G0 X157.032 Y154.271
G0 X156.182 Y155.541
G0 X155.975 Y155.324
;TIME_ELAPSED:809.882088
;LAYER:56
;TYPE:WALL-INNER
;MESH:dannypart.STL
G1 F2041.9 X156.718 Y154.35 E646.55514
G1 X157.303 Y153.273 E646.5959
G1 X157.717 Y152.12 E646.63665
G1 X157.951 Y150.918 E646.67738
G1 X157.997 Y149.694 E646.71812
G1 X157.857 Y148.477 E646.75886
G1 X157.533 Y147.294 E646.79966
G1 X157.03 Y146.176 E646.84043
G1 X156.365 Y145.148 E646.88115
G1 X155.549 Y144.233 E646.92193
G1 X154.604 Y143.454 E646.96266
G1 X153.551 Y142.827 E647.00342
G1 X152.415 Y142.37 E647.04415
G1 X151.222 Y142.092 E647.08489
G1 X150 Y141.997 E647.12566
G1 X148.778 Y142.092 E647.16643
G1 X147.585 Y142.37 E647.20717
G1 X146.449 Y142.827 E647.24789
G1 X145.396 Y143.454 E647.28866
G1 X144.451 Y144.233 E647.32939
G1 X143.635 Y145.148 E647.37017
G1 X142.97 Y146.176 E647.41089
G1 X142.467 Y147.294 E647.45166
G1 X142.143 Y148.477 E647.49246
G1 X142.003 Y149.694 E647.5332
G1 X142.049 Y150.918 E647.57394
G1 X142.283 Y152.12 E647.61467
G1 X142.697 Y153.273 E647.65542
G1 X143.282 Y154.35 E647.69618
G1 X144.025 Y155.324 E647.73693
G1 X144.908 Y156.173 E647.77767
G1 X145.91 Y156.879 E647.81844
G1 X147.008 Y157.423 E647.85919
G1 X148.177 Y157.793 E647.89998
G1 X149.369 Y157.976 E647.94009
G1 X150 Y158 E647.96109
G1 X150.631 Y157.976 E647.98209
G1 X151.823 Y157.793 E648.0222
G1 X152.992 Y157.423 E648.06298
G1 X154.09 Y156.879 E648.10374
G1 X155.092 Y156.173 E648.14451
G1 X155.975 Y155.324 E648.18525
G0 F9000 X155.676 Y155.057
G1 F2041.9 X156.381 Y154.132 E648.22393
G1 X156.937 Y153.109 E648.26266
G1 X157.33 Y152.014 E648.30135
G1 X157.552 Y150.872 E648.34005
G1 X157.596 Y149.709 E648.37876
G1 X157.463 Y148.553 E648.41746
G1 X157.155 Y147.43 E648.45619
G1 X156.678 Y146.368 E648.49491
G1 X156.046 Y145.391 E648.53361
G1 X155.271 Y144.522 E648.57234
G1 X154.373 Y143.782 E648.61104
G1 X153.373 Y143.187 E648.64974
G1 X152.294 Y142.753 E648.68843
G1 X151.161 Y142.488 E648.72713
G1 X150 Y142.398 E648.76586
G1 X148.839 Y142.488 E648.80459
G1 X147.706 Y142.753 E648.84329
G1 X146.627 Y143.187 E648.88197
G1 X145.627 Y143.782 E648.92067
G1 X144.729 Y144.522 E648.95938
G1 X143.954 Y145.391 E648.9981
G1 X143.322 Y146.368 E649.0368
G1 X142.845 Y147.43 E649.07553
G1 X142.537 Y148.553 E649.11426
G1 X142.404 Y149.709 E649.15296
G1 X142.448 Y150.872 E649.19167
G1 X142.67 Y152.014 E649.23036
G1 X143.063 Y153.109 E649.26906
G1 X143.619 Y154.132 E649.30778
G1 X144.324 Y155.057 E649.34646
G1 X145.163 Y155.864 E649.38518
G1 X146.115 Y156.534 E649.4239
G1 X147.158 Y157.051 E649.46262
G1 X148.268 Y157.402 E649.50134
G1 X149.407 Y157.577 E649.53967
G1 X150 Y157.6 E649.55941
G1 X150.593 Y157.577 E649.57915
G1 X151.732 Y157.402 E649.61747
G1 X152.842 Y157.051 E649.65619
G1 X153.885 Y156.534 E649.69491
G1 X154.837 Y155.864 E649.73363
G1 X155.676 Y155.057 E649.77235
G0 F9000 X155.376 Y154.79
;TYPE:WALL-OUTER
G1 F2041.9 X156.044 Y153.914 E649.80899
G1 X156.571 Y152.945 E649.84568
G1 X156.943 Y151.908 E649.88232
G1 X157.153 Y150.826 E649.91898
G1 X157.195 Y149.724 E649.95566
G1 X157.069 Y148.629 E649.99232
G1 X156.777 Y147.566 E650.02898
G1 X156.326 Y146.56 E650.06565
G1 X155.727 Y145.634 E650.10233
G1 X154.993 Y144.811 E650.13901
G1 X154.142 Y144.11 E650.17568
G1 X153.195 Y143.547 E650.21233
G1 X152.173 Y143.135 E650.24898
G1 X151.1 Y142.884 E650.28563
G1 X150 Y142.799 E650.32232
G1 X148.9 Y142.884 E650.35902
G1 X147.827 Y143.135 E650.39567
G1 X146.805 Y143.547 E650.43232
G1 X145.858 Y144.11 E650.46896
G1 X145.007 Y144.811 E650.50563
G1 X144.273 Y145.634 E650.54231
G1 X143.674 Y146.56 E650.57899
G1 X143.223 Y147.566 E650.61566
G1 X142.931 Y148.629 E650.65233
G1 X142.805 Y149.724 E650.68899
G1 X142.847 Y150.826 E650.72566
G1 X143.057 Y151.908 E650.76232
G1 X143.429 Y152.945 E650.79897
G1 X143.956 Y153.914 E650.83565
G1 X144.624 Y154.79 E650.87229
G1 X145.418 Y155.555 E650.90897
G1 X146.32 Y156.189 E650.94564
G1 X147.308 Y156.679 E650.98232
G1 X148.359 Y157.011 E651.01898
G1 X149.445 Y157.178 E651.05552
G1 X150 Y157.2 E651.07399
G1 X150.555 Y157.178 E651.09247
G1 X151.641 Y157.011 E651.12901
G1 X152.692 Y156.679 E651.16567
G1 X153.68 Y156.189 E651.20235
G1 X154.582 Y155.555 E651.23902
G1 X155.376 Y154.79 E651.27569
G0 F9000 X155.704 Y155.082
G0 X156.163 Y155.56
G0 X156.444 Y155.843
G0 X156.663 Y156.047
;TYPE:WALL-INNER
G1 F2041.9 X155.821 Y156.86 E651.31462
G1 X154.914 Y157.538 E651.35229
G1 X153.908 Y158.106 E651.39071
G1 X152.836 Y158.539 E651.42917
G1 X151.721 Y158.832 E651.46751
G1 X150.565 Y158.981 E651.50628
G1 X150 Y159 E651.52508
G1 X149.435 Y158.981 E651.54388
G1 X148.279 Y158.832 E651.58265
G1 X147.164 Y158.539 E651.62099
G1 X146.092 Y158.106 E651.65945
G1 X145.086 Y157.538 E651.69787
G1 X144.179 Y156.86 E651.73553
G1 X143.337 Y156.047 E651.77446
G1 X142.616 Y155.143 E651.81292
G1 X142.026 Y154.168 E651.85083
G1 X141.555 Y153.107 E651.88944
G1 X141.227 Y151.998 E651.9279
G1 X141.044 Y150.869 E651.96594
G1 X141.007 Y149.704 E652.00471
G1 X141.116 Y148.567 E652.0427
G1 X141.374 Y147.437 E652.08125
G1 X141.768 Y146.365 E652.11924
G1 X142.309 Y145.33 E652.15808
G1 X142.967 Y144.389 E652.19627
G1 X143.74 Y143.536 E652.23456
G1 X144.617 Y142.789 E652.27288
G1 X145.59 Y142.156 E652.31148
G1 X146.608 Y141.666 E652.34906
G1 X147.722 Y141.296 E652.3881
G1 X148.851 Y141.076 E652.42636
G1 X150 Y141.003 E652.46465
G1 X151.149 Y141.076 E652.50294
G1 X152.278 Y141.296 E652.5412
G1 X153.392 Y141.666 E652.58024
G1 X154.41 Y142.156 E652.61782
G1 X155.383 Y142.789 E652.65643
G1 X156.26 Y143.536 E652.69474
G1 X157.033 Y144.389 E652.73303
G1 X157.691 Y145.33 E652.77122
G1 X158.232 Y146.365 E652.81007
G1 X158.626 Y147.437 E652.84805
G1 X158.884 Y148.567 E652.8866
G1 X158.993 Y149.704 E652.92459
G1 X158.956 Y150.869 E652.96336
G1 X158.773 Y151.998 E653.0014
G1 X158.445 Y153.107 E653.03987
G1 X157.974 Y154.168 E653.07848
G1 X157.384 Y155.143 E653.11638
G1 X156.663 Y156.047 E653.15484
G0 F9000 X156.961 Y156.315
G1 F2041.9 X156.086 Y157.161 E653.19532
G1 X155.129 Y157.876 E653.23505
G1 X154.08 Y158.468 E653.27512
G1 X152.962 Y158.92 E653.31522
G1 X151.797 Y159.226 E653.35529
G1 X150.598 Y159.38 E653.39549
G1 X150 Y159.4 E653.41539
G1 X149.402 Y159.38 E653.4353
G1 X148.203 Y159.226 E653.4755
G1 X147.038 Y158.92 E653.51556
G1 X145.92 Y158.468 E653.55567
G1 X144.871 Y157.876 E653.59574
G1 X143.914 Y157.161 E653.63547
G1 X143.039 Y156.315 E653.67595
G1 X142.291 Y155.378 E653.71583
G1 X141.669 Y154.35 E653.75579
G1 X141.181 Y153.25 E653.79581
G1 X140.835 Y152.083 E653.8363
G1 X140.645 Y150.907 E653.87592
G1 X140.606 Y149.694 E653.91629
G1 X140.721 Y148.501 E653.95615
G1 X140.989 Y147.326 E653.99623
G1 X141.404 Y146.198 E654.03621
G1 X141.965 Y145.124 E654.07651
G1 X142.653 Y144.139 E654.11647
G1 X143.458 Y143.252 E654.15631
G1 X144.379 Y142.467 E654.19656
G1 X145.392 Y141.808 E654.23676
G1 X146.464 Y141.292 E654.27633
G1 X147.62 Y140.908 E654.31684
G1 X148.796 Y140.679 E654.35669
G1 X150 Y140.602 E654.39682
G1 X151.204 Y140.679 E654.43694
G1 X152.38 Y140.908 E654.47679
G1 X153.536 Y141.292 E654.51731
G1 X154.608 Y141.808 E654.55688
G1 X155.621 Y142.467 E654.59707
G1 X156.542 Y143.252 E654.63732
G1 X157.347 Y144.139 E654.67716
G1 X158.035 Y145.124 E654.71712
G1 X158.596 Y146.198 E654.75742
G1 X159.011 Y147.326 E654.7974
G1 X159.279 Y148.501 E654.83748
G1 X159.394 Y149.694 E654.87735
G1 X159.355 Y150.907 E654.91771
G1 X159.165 Y152.083 E654.95733
G1 X158.819 Y153.25 E654.99782
G1 X158.331 Y154.35 E655.03784
G1 X157.709 Y155.378 E655.07781
G1 X156.961 Y156.315 E655.11768
G0 F9000 X157.256 Y156.587
;TYPE:WALL-OUTER
G1 F2041.9 X156.351 Y157.462 E655.15955
G1 X155.344 Y158.214 E655.20135
G1 X154.252 Y158.83 E655.24305
G1 X153.088 Y159.301 E655.28482
G1 X151.873 Y159.62 E655.3266
G1 X150.631 Y159.779 E655.36824
G1 X150 Y159.8 E655.38924
G1 X149.369 Y159.779 E655.41024
G1 X148.127 Y159.62 E655.45189
G1 X146.912 Y159.301 E655.49367
G1 X145.748 Y158.83 E655.53543
G1 X144.656 Y158.214 E655.57713
G1 X143.649 Y157.462 E655.61894
G1 X142.744 Y156.587 E655.6608
G1 X141.963 Y155.608 E655.70246
G1 X141.312 Y154.532 E655.74429
G1 X140.804 Y153.386 E655.78598
G1 X140.445 Y152.175 E655.82799
G1 X140.246 Y150.945 E655.86943
G1 X140.205 Y149.684 E655.91139
G1 X140.326 Y148.436 E655.9531
G1 X140.604 Y147.215 E655.99475
G1 X141.04 Y146.031 E656.03671
G1 X141.621 Y144.918 E656.07847
G1 X142.339 Y143.889 E656.1202
G1 X143.18 Y142.963 E656.16181
G1 X144.137 Y142.148 E656.20362
G1 X145.194 Y141.46 E656.24557
G1 X146.32 Y140.918 E656.28713
G1 X147.518 Y140.52 E656.32912
G1 X148.741 Y140.282 E656.37056
G1 X150 Y140.201 E656.41252
G1 X151.259 Y140.282 E656.45448
G1 X152.482 Y140.52 E656.49592
G1 X153.68 Y140.918 E656.53791
G1 X154.806 Y141.46 E656.57947
G1 X155.863 Y142.148 E656.62142
G1 X156.82 Y142.963 E656.66322
G1 X157.661 Y143.889 E656.70483
G1 X158.379 Y144.918 E656.74656
G1 X158.96 Y146.031 E656.78832
G1 X159.396 Y147.215 E656.83029
G1 X159.674 Y148.436 E656.87194
G1 X159.795 Y149.684 E656.91364
G1 X159.754 Y150.945 E656.9556
G1 X159.555 Y152.175 E656.99704
G1 X159.196 Y153.386 E657.03906
G1 X158.688 Y154.532 E657.08075
G1 X158.037 Y155.608 E657.12258
G1 X157.256 Y156.587 E657.16423
G0 F9000 X156.931 Y156.292
G0 X156.444 Y155.843
G0 X154.146 Y157.629
G0 X154.253 Y157.821
;TYPE:FILL
G1 F3062.9 X154.112 Y157.792 E657.16902
G1 X153.51 Y157.548 E657.19062
G1 X153.259 Y157.379 E657.20069
G0 F9000 X153.356 Y157.577
G0 X151.879 Y158.025
G0 X150.652 Y158.213
G0 X149.348 Y158.213
G0 X148.355 Y158.061
G0 X146.618 Y157.563
G0 X146.716 Y157.367
G1 F3062.9 X146.286 Y157.722 E657.21923
G1 X145.829 Y157.867 E657.23518
G0 F9000 X145.937 Y157.676
G0 X143.844 Y155.482
G0 X143.16 Y154.584
G0 X142.191 Y152.752
G0 X142.399 Y152.679
G1 F3062.9 X142.072 Y152.408 E657.24931
G1 X141.47 Y151.69 E657.28047
G1 X141.216 Y151.432 E657.29251
G0 F9000 X141.433 Y151.398
G0 X141.859 Y148.728
G0 X142.397 Y146.718
G0 X142.597 Y146.809
G1 F3062.9 X142.072 Y146.183 E657.31969
G1 X141.989 Y146.114 E657.32328
G0 F9000 X142.183 Y146.216
G0 X144.106 Y143.617
G0 X143.965 Y143.449
G1 F3062.9 X144.48 Y143.344 E657.34076
G1 X145.082 Y143.1 E657.36236
G1 X145.684 Y142.696 E657.38647
G1 X146.286 Y142.085 E657.415
G1 X146.532 Y141.792 E657.42773
G0 F9000 X146.626 Y141.99
G0 X149.977 Y141.306
G0 X149.964 Y141.087
G1 F3062.9 X150.5 Y141.447 E657.4492
G1 X151.043 Y141.998 E657.47493
G0 F9000 X151.06 Y141.78
G0 X152.486 Y142.141
G0 X153.149 Y142.407
G0 X154.501 Y143.045
G0 X154.388 Y143.232
G1 F3062.9 X154.714 Y143.1 E657.48663
G1 X155.206 Y142.77 E657.50634
G0 F9000 X155.086 Y142.953
G0 X157.799 Y146.183
G0 X157.994 Y146.082
G1 F3062.9 X157.724 Y146.263 E657.51715
G1 X157.335 Y146.658 E657.53559
G0 F9000 X157.536 Y146.568
G0 X158.037 Y148.244
G0 X158.272 Y150.317
G0 X158.053 Y150.309
G1 F3062.9 X158.326 Y150.308 E657.54467
G1 X158.89 Y150.423 E657.56381
G0 F9000 X158.569 Y150.413
;MESH:NONMESH
G0 F300 X158.569 Y150.413 Z11.6
G0 F9000 X157.524 Y153.366
G0 X157.032 Y154.271
G0 X156.182 Y155.541
G0 X155.975 Y155.324
;TIME_ELAPSED:822.801955
;LAYER:57
;TYPE:WALL-INNER
;MESH:dannypart.STL
G1 F2042.5 X156.718 Y154.35 E657.60456
G1 X157.303 Y153.273 E657.64532
G1 X157.717 Y152.12 E657.68607
G1 X157.951 Y150.918 E657.7268
G1 X157.997 Y149.694 E657.76753
G1 X157.857 Y148.477 E657.80828
G1 X157.533 Y147.294 E657.84907
G1 X157.03 Y146.176 E657.88985
G1 X156.365 Y145.148 E657.93057
G1 X155.549 Y144.233 E657.97135
G1 X154.604 Y143.454 E658.01208
G1 X153.551 Y142.827 E658.05284
G1 X152.415 Y142.37 E658.09357
G1 X151.222 Y142.092 E658.13431
G1 X150 Y141.997 E658.17508
G1 X148.778 Y142.092 E658.21584
G1 X147.585 Y142.37 E658.25659
G1 X146.449 Y142.827 E658.29731
G1 X145.396 Y143.454 E658.33808
G1 X144.451 Y144.233 E658.37881
G1 X143.635 Y145.148 E658.41959
G1 X142.97 Y146.176 E658.46031
G1 X142.467 Y147.294 E658.50108
G1 X142.143 Y148.477 E658.54188
G1 X142.003 Y149.694 E658.58262
G1 X142.049 Y150.918 E658.62336
G1 X142.283 Y152.12 E658.66409
G1 X142.697 Y153.273 E658.70484
G1 X143.282 Y154.35 E658.7456
G1 X144.025 Y155.324 E658.78635
G1 X144.908 Y156.173 E658.82709
G1 X145.91 Y156.879 E658.86786
G1 X147.008 Y157.423 E658.90861
G1 X148.177 Y157.793 E658.94939
G1 X149.369 Y157.976 E658.98951
G1 X150 Y158 E659.01051
G1 X150.631 Y157.976 E659.03151
G1 X151.823 Y157.793 E659.07162
G1 X152.992 Y157.423 E659.1124
G1 X154.09 Y156.879 E659.15316
G1 X155.092 Y156.173 E659.19393
G1 X155.975 Y155.324 E659.23467
G0 F9000 X155.676 Y155.057
G1 F2042.5 X156.381 Y154.132 E659.27335
G1 X156.937 Y153.109 E659.31208
G1 X157.33 Y152.014 E659.35077
G1 X157.552 Y150.872 E659.38947
G1 X157.596 Y149.709 E659.42818
G1 X157.463 Y148.553 E659.46688
G1 X157.155 Y147.43 E659.50561
G1 X156.678 Y146.368 E659.54433
G1 X156.046 Y145.391 E659.58303
G1 X155.271 Y144.522 E659.62176
G1 X154.373 Y143.782 E659.66046
G1 X153.373 Y143.187 E659.69916
G1 X152.294 Y142.753 E659.73784
G1 X151.161 Y142.488 E659.77655
G1 X150 Y142.398 E659.81528
G1 X148.839 Y142.488 E659.85401
G1 X147.706 Y142.753 E659.89271
G1 X146.627 Y143.187 E659.93139
G1 X145.627 Y143.782 E659.97009
G1 X144.729 Y144.522 E660.00879
G1 X143.954 Y145.391 E660.04752
G1 X143.322 Y146.368 E660.08622
G1 X142.845 Y147.43 E660.12494
G1 X142.537 Y148.553 E660.16368
G1 X142.404 Y149.709 E660.20238
G1 X142.448 Y150.872 E660.24109
G1 X142.67 Y152.014 E660.27978
G1 X143.063 Y153.109 E660.31848
G1 X143.619 Y154.132 E660.3572
G1 X144.324 Y155.057 E660.39588
G1 X145.163 Y155.864 E660.4346
G1 X146.115 Y156.534 E660.47332
G1 X147.158 Y157.051 E660.51204
G1 X148.268 Y157.402 E660.55076
G1 X149.407 Y157.577 E660.58909
G1 X150 Y157.6 E660.60883
G1 X150.593 Y157.577 E660.62856
G1 X151.732 Y157.402 E660.66689
G1 X152.842 Y157.051 E660.70561
G1 X153.885 Y156.534 E660.74433
G1 X154.837 Y155.864 E660.78305
G1 X155.676 Y155.057 E660.82177
G0 F9000 X155.376 Y154.79
;TYPE:WALL-OUTER
G1 F2042.5 X156.044 Y153.914 E660.85841
G1 X156.571 Y152.945 E660.8951
G1 X156.943 Y151.908 E660.93174
G1 X157.153 Y150.826 E660.9684
G1 X157.195 Y149.724 E661.00508
G1 X157.069 Y148.629 E661.04174
G1 X156.777 Y147.566 E661.0784
G1 X156.326 Y146.56 E661.11507
G1 X155.727 Y145.634 E661.15175
G1 X154.993 Y144.811 E661.18843
G1 X154.142 Y144.11 E661.2251
G1 X153.195 Y143.547 E661.26174
G1 X152.173 Y143.135 E661.29839
G1 X151.1 Y142.884 E661.33505
G1 X150 Y142.799 E661.37174
G1 X148.9 Y142.884 E661.40844
G1 X147.827 Y143.135 E661.44509
G1 X146.805 Y143.547 E661.48174
G1 X145.858 Y144.11 E661.51838
G1 X145.007 Y144.811 E661.55505
G1 X144.273 Y145.634 E661.59173
G1 X143.674 Y146.56 E661.62841
G1 X143.223 Y147.566 E661.66508
G1 X142.931 Y148.629 E661.70174
G1 X142.805 Y149.724 E661.7384
G1 X142.847 Y150.826 E661.77508
G1 X143.057 Y151.908 E661.81174
G1 X143.429 Y152.945 E661.84839
G1 X143.956 Y153.914 E661.88507
G1 X144.624 Y154.79 E661.92171
G1 X145.418 Y155.555 E661.95838
G1 X146.32 Y156.189 E661.99506
G1 X147.308 Y156.679 E662.03174
G1 X148.359 Y157.011 E662.06839
G1 X149.445 Y157.178 E662.10494
G1 X150 Y157.2 E662.12341
G1 X150.555 Y157.178 E662.14189
G1 X151.641 Y157.011 E662.17843
G1 X152.692 Y156.679 E662.21509
G1 X153.68 Y156.189 E662.25177
G1 X154.582 Y155.555 E662.28844
G1 X155.376 Y154.79 E662.32511
G0 F9000 X155.704 Y155.082
G0 X156.163 Y155.56
G0 X156.444 Y155.843
G0 X156.663 Y156.047
;TYPE:WALL-INNER
G1 F2042.5 X155.821 Y156.86 E662.36404
G1 X154.914 Y157.538 E662.40171
G1 X153.908 Y158.106 E662.44013
G1 X152.836 Y158.539 E662.47858
G1 X151.721 Y158.832 E662.51693
G1 X150.565 Y158.981 E662.5557
G1 X150 Y159 E662.5745
G1 X149.435 Y158.981 E662.5933
G1 X148.279 Y158.832 E662.63207
G1 X147.164 Y158.539 E662.67041
G1 X146.092 Y158.106 E662.70887
G1 X145.086 Y157.538 E662.74729
G1 X144.179 Y156.86 E662.78495
G1 X143.337 Y156.047 E662.82388
G1 X142.616 Y155.143 E662.86234
G1 X142.026 Y154.168 E662.90025
G1 X141.555 Y153.107 E662.93886
G1 X141.227 Y151.998 E662.97732
G1 X141.044 Y150.869 E663.01536
G1 X141.007 Y149.704 E663.05413
G1 X141.116 Y148.567 E663.09212
G1 X141.374 Y147.437 E663.13067
G1 X141.768 Y146.365 E663.16866
G1 X142.309 Y145.33 E663.2075
G1 X142.967 Y144.389 E663.24569
G1 X143.74 Y143.536 E663.28398
G1 X144.617 Y142.789 E663.32229
G1 X145.59 Y142.156 E663.3609
G1 X146.608 Y141.666 E663.39848
G1 X147.722 Y141.296 E663.43752
G1 X148.851 Y141.076 E663.47578
G1 X150 Y141.003 E663.51407
G1 X151.149 Y141.076 E663.55236
G1 X152.278 Y141.296 E663.59062
G1 X153.392 Y141.666 E663.62966
G1 X154.41 Y142.156 E663.66724
G1 X155.383 Y142.789 E663.70585
G1 X156.26 Y143.536 E663.74416
G1 X157.033 Y144.389 E663.78245
G1 X157.691 Y145.33 E663.82064
G1 X158.232 Y146.365 E663.85948
G1 X158.626 Y147.437 E663.89747
G1 X158.884 Y148.567 E663.93602
G1 X158.993 Y149.704 E663.97401
G1 X158.956 Y150.869 E664.01278
G1 X158.773 Y151.998 E664.05082
G1 X158.445 Y153.107 E664.08929
G1 X157.974 Y154.168 E664.1279
G1 X157.384 Y155.143 E664.1658
G1 X156.663 Y156.047 E664.20426
G0 F9000 X156.961 Y156.315
G1 F2042.5 X156.086 Y157.161 E664.24474
G1 X155.129 Y157.876 E664.28447
G1 X154.08 Y158.468 E664.32453
G1 X152.962 Y158.92 E664.36464
G1 X151.797 Y159.226 E664.40471
G1 X150.598 Y159.38 E664.44491
G1 X150 Y159.4 E664.46481
G1 X149.402 Y159.38 E664.48471
G1 X148.203 Y159.226 E664.52492
G1 X147.038 Y158.92 E664.56498
G1 X145.92 Y158.468 E664.60509
G1 X144.871 Y157.876 E664.64515
G1 X143.914 Y157.161 E664.68489
G1 X143.039 Y156.315 E664.72537
G1 X142.291 Y155.378 E664.76524
G1 X141.669 Y154.35 E664.80521
G1 X141.181 Y153.25 E664.84523
G1 X140.835 Y152.083 E664.88572
G1 X140.645 Y150.907 E664.92534
G1 X140.606 Y149.694 E664.9657
G1 X140.721 Y148.501 E665.00557
G1 X140.989 Y147.326 E665.04565
G1 X141.404 Y146.198 E665.08563
G1 X141.965 Y145.124 E665.12593
G1 X142.653 Y144.139 E665.16589
G1 X143.458 Y143.252 E665.20573
G1 X144.379 Y142.467 E665.24598
G1 X145.392 Y141.808 E665.28617
G1 X146.464 Y141.292 E665.32574
G1 X147.62 Y140.908 E665.36626
G1 X148.796 Y140.679 E665.40611
G1 X150 Y140.602 E665.44623
G1 X151.204 Y140.679 E665.48636
G1 X152.38 Y140.908 E665.52621
G1 X153.536 Y141.292 E665.56673
G1 X154.608 Y141.808 E665.6063
G1 X155.621 Y142.467 E665.64649
G1 X156.542 Y143.252 E665.68674
G1 X157.347 Y144.139 E665.72658
G1 X158.035 Y145.124 E665.76654
G1 X158.596 Y146.198 E665.80684
G1 X159.011 Y147.326 E665.84682
G1 X159.279 Y148.501 E665.8869
G1 X159.394 Y149.694 E665.92677
G1 X159.355 Y150.907 E665.96713
G1 X159.165 Y152.083 E666.00675
G1 X158.819 Y153.25 E666.04724
G1 X158.331 Y154.35 E666.08726
G1 X157.709 Y155.378 E666.12722
G1 X156.961 Y156.315 E666.1671
G0 F9000 X157.256 Y156.587
;TYPE:WALL-OUTER
G1 F2042.5 X156.351 Y157.462 E666.20897
G1 X155.344 Y158.214 E666.25077
G1 X154.252 Y158.83 E666.29247
G1 X153.088 Y159.301 E666.33424
G1 X151.873 Y159.62 E666.37602
G1 X150.631 Y159.779 E666.41766
G1 X150 Y159.8 E666.43866
G1 X149.369 Y159.779 E666.45966
G1 X148.127 Y159.62 E666.50131
G1 X146.912 Y159.301 E666.54309
G1 X145.748 Y158.83 E666.58485
G1 X144.656 Y158.214 E666.62655
G1 X143.649 Y157.462 E666.66835
G1 X142.744 Y156.587 E666.71022
G1 X141.963 Y155.608 E666.75188
G1 X141.312 Y154.532 E666.7937
G1 X140.804 Y153.386 E666.8354
G1 X140.445 Y152.175 E666.87741
G1 X140.246 Y150.945 E666.91885
G1 X140.205 Y149.684 E666.96081
G1 X140.326 Y148.436 E667.00252
G1 X140.604 Y147.215 E667.04417
G1 X141.04 Y146.031 E667.08613
G1 X141.621 Y144.918 E667.12789
G1 X142.339 Y143.889 E667.16962
G1 X143.18 Y142.963 E667.21123
G1 X144.137 Y142.148 E667.25304
G1 X145.194 Y141.46 E667.29498
G1 X146.32 Y140.918 E667.33655
G1 X147.518 Y140.52 E667.37853
G1 X148.741 Y140.282 E667.41997
G1 X150 Y140.201 E667.46194
G1 X151.259 Y140.282 E667.5039
G1 X152.482 Y140.52 E667.54534
G1 X153.68 Y140.918 E667.58732
G1 X154.806 Y141.46 E667.62889
G1 X155.863 Y142.148 E667.67084
G1 X156.82 Y142.963 E667.71264
G1 X157.661 Y143.889 E667.75425
G1 X158.379 Y144.918 E667.79598
G1 X158.96 Y146.031 E667.83774
G1 X159.396 Y147.215 E667.87971
G1 X159.674 Y148.436 E667.92136
G1 X159.795 Y149.684 E667.96306
G1 X159.754 Y150.945 E668.00502
G1 X159.555 Y152.175 E668.04646
G1 X159.196 Y153.386 E668.08847
G1 X158.688 Y154.532 E668.13017
G1 X158.037 Y155.608 E668.172
G1 X157.256 Y156.587 E668.21365
G0 F9000 X156.931 Y156.292
G0 X156.444 Y155.843
G0 X154.221 Y157.587
G0 X154.328 Y157.779
;TYPE:FILL
G1 F3063.8 X154.112 Y157.756 E668.22087
G1 X153.51 Y157.57 E668.24183
G1 X153.21 Y157.403 E668.25325
G0 F9000 X153.307 Y157.601
G0 X151.879 Y158.025
G0 X150.652 Y158.213
G0 X149.348 Y158.213
G0 X148.355 Y158.061
G0 X146.44 Y157.475
G0 X146.538 Y157.279
G1 F3063.8 X146.286 Y157.494 E668.26427
G1 X145.684 Y157.752 E668.28605
G1 X145.634 Y157.758 E668.28773
G0 F9000 X145.743 Y157.567
G0 X143.844 Y155.482
G0 X143.084 Y154.484
G0 X142.74 Y153.851
G0 X142.069 Y152.411
G0 X142.277 Y152.338
G1 F3063.8 X142.072 Y152.163 E668.29669
G1 X141.47 Y151.514 E668.32613
G1 X141.19 Y151.269 E668.33851
G0 F9000 X141.407 Y151.235
G0 X141.812 Y148.965
G0 X142.341 Y146.842
G0 X142.541 Y146.933
G1 F3063.8 X142.072 Y146.428 E668.36143
G1 X141.901 Y146.282 E668.36891
G0 F9000 X142.095 Y146.384
G0 X144.222 Y143.518
G0 X144.081 Y143.35
G1 F3063.8 X144.48 Y143.308 E668.38225
G1 X145.082 Y143.122 E668.40321
G1 X145.684 Y142.787 E668.42612
G1 X146.286 Y142.261 E668.45271
G1 X146.826 Y141.679 E668.47912
G0 F9000 X146.894 Y141.887
G0 X150.001 Y141.304
G0 X150.015 Y141.086
G1 F3063.8 X150.5 Y141.356 E668.49758
G1 X151.102 Y141.882 E668.52417
G1 X151.223 Y142.012 E668.53008
G0 F9000 X151.24 Y141.794
G0 X152.486 Y142.141
G0 X153.149 Y142.407
G0 X154.491 Y143.039
G0 X154.378 Y143.226
G1 F3063.8 X154.714 Y143.122 E668.54178
G1 X155.271 Y142.812 E668.56298
G0 F9000 X155.151 Y142.995
G0 X157.775 Y146.137
G0 X157.97 Y146.035
G1 F3063.8 X157.724 Y146.172 E668.57234
G1 X157.288 Y146.553 E668.5916
G0 F9000 X157.488 Y146.463
G0 X158.093 Y148.431
G0 X158.267 Y150.442
G0 X158.048 Y150.434
G1 F3063.8 X158.326 Y150.403 E668.60091
G1 X158.888 Y150.463 E668.6197
G0 F9000 X158.567 Y150.453
;MESH:NONMESH
G0 F300 X158.567 Y150.453 Z11.8
G0 F9000 X157.524 Y153.366
G0 X157.032 Y154.271
G0 X156.182 Y155.541
G0 X155.975 Y155.324
;TIME_ELAPSED:835.719682
;LAYER:58
;TYPE:WALL-INNER
;MESH:dannypart.STL
G1 F2044.2 X156.718 Y154.35 E668.66045
G1 X157.303 Y153.273 E668.70121
G1 X157.717 Y152.12 E668.74196
G1 X157.951 Y150.918 E668.78269
G1 X157.997 Y149.694 E668.82343
G1 X157.857 Y148.477 E668.86417
G1 X157.533 Y147.294 E668.90497
G1 X157.03 Y146.176 E668.94574
G1 X156.365 Y145.148 E668.98646
G1 X155.549 Y144.233 E669.02724
G1 X154.604 Y143.454 E669.06798
G1 X153.551 Y142.827 E669.10874
G1 X152.415 Y142.37 E669.14946
G1 X151.222 Y142.092 E669.19021
G1 X150 Y141.997 E669.23097
G1 X148.778 Y142.092 E669.27174
G1 X147.585 Y142.37 E669.31248
G1 X146.449 Y142.827 E669.35321
G1 X145.396 Y143.454 E669.39397
G1 X144.451 Y144.233 E669.4347
G1 X143.635 Y145.148 E669.47548
G1 X142.97 Y146.176 E669.5162
G1 X142.467 Y147.294 E669.55698
G1 X142.143 Y148.477 E669.59777
G1 X142.003 Y149.694 E669.63852
G1 X142.049 Y150.918 E669.67925
G1 X142.283 Y152.12 E669.71998
G1 X142.697 Y153.273 E669.76073
G1 X143.282 Y154.35 E669.80149
G1 X144.025 Y155.324 E669.84224
G1 X144.908 Y156.173 E669.88298
G1 X145.91 Y156.879 E669.92375
G1 X147.008 Y157.423 E669.96451
G1 X148.177 Y157.793 E670.00529
G1 X149.369 Y157.976 E670.0454
G1 X150 Y158 E670.0664
G1 X150.631 Y157.976 E670.0874
G1 X151.823 Y157.793 E670.12751
G1 X152.992 Y157.423 E670.1683
G1 X154.09 Y156.879 E670.20905
G1 X155.092 Y156.173 E670.24982
G1 X155.975 Y155.324 E670.29056
G0 F9000 X155.676 Y155.057
G1 F2044.2 X156.381 Y154.132 E670.32924
G1 X156.937 Y153.109 E670.36797
G1 X157.33 Y152.014 E670.40667
G1 X157.552 Y150.872 E670.44536
G1 X157.596 Y149.709 E670.48407
G1 X157.463 Y148.553 E670.52277
G1 X157.155 Y147.43 E670.5615
G1 X156.678 Y146.368 E670.60022
G1 X156.046 Y145.391 E670.63892
G1 X155.271 Y144.522 E670.67765
G1 X154.373 Y143.782 E670.71635
G1 X153.373 Y143.187 E670.75506
G1 X152.294 Y142.753 E670.79374
G1 X151.161 Y142.488 E670.83244
G1 X150 Y142.398 E670.87117
G1 X148.839 Y142.488 E670.9099
G1 X147.706 Y142.753 E670.9486
G1 X146.627 Y143.187 E670.98728
G1 X145.627 Y143.782 E671.02599
G1 X144.729 Y144.522 E671.06469
G1 X143.954 Y145.391 E671.10342
G1 X143.322 Y146.368 E671.14212
G1 X142.845 Y147.43 E671.18084
G1 X142.537 Y148.553 E671.21957
G1 X142.404 Y149.709 E671.25827
G1 X142.448 Y150.872 E671.29698
G1 X142.67 Y152.014 E671.33567
G1 X143.063 Y153.109 E671.37437
G1 X143.619 Y154.132 E671.41309
G1 X144.324 Y155.057 E671.45178
G1 X145.163 Y155.864 E671.4905
G1 X146.115 Y156.534 E671.52922
G1 X147.158 Y157.051 E671.56793
G1 X148.268 Y157.402 E671.60665
G1 X149.407 Y157.577 E671.64498
G1 X150 Y157.6 E671.66472
G1 X150.593 Y157.577 E671.68446
G1 X151.732 Y157.402 E671.72279
G1 X152.842 Y157.051 E671.76151
G1 X153.885 Y156.534 E671.80022
G1 X154.837 Y155.864 E671.83894
G1 X155.676 Y155.057 E671.87766
G0 F9000 X155.376 Y154.79
;TYPE:WALL-OUTER
G1 F2044.2 X156.044 Y153.914 E671.9143
G1 X156.571 Y152.945 E671.95099
G1 X156.943 Y151.908 E671.98763
G1 X157.153 Y150.826 E672.02429
G1 X157.195 Y149.724 E672.06097
G1 X157.069 Y148.629 E672.09763
G1 X156.777 Y147.566 E672.1343
G1 X156.326 Y146.56 E672.17096
G1 X155.727 Y145.634 E672.20765
G1 X154.993 Y144.811 E672.24432
G1 X154.142 Y144.11 E672.28099
G1 X153.195 Y143.547 E672.31764
G1 X152.173 Y143.135 E672.35429
G1 X151.1 Y142.884 E672.39094
G1 X150 Y142.799 E672.42763
G1 X148.9 Y142.884 E672.46433
G1 X147.827 Y143.135 E672.50098
G1 X146.805 Y143.547 E672.53763
G1 X145.858 Y144.11 E672.57427
G1 X145.007 Y144.811 E672.61095
G1 X144.273 Y145.634 E672.64762
G1 X143.674 Y146.56 E672.6843
G1 X143.223 Y147.566 E672.72097
G1 X142.931 Y148.629 E672.75764
G1 X142.805 Y149.724 E672.7943
G1 X142.847 Y150.826 E672.83098
G1 X143.057 Y151.908 E672.86764
G1 X143.429 Y152.945 E672.90428
G1 X143.956 Y153.914 E672.94097
G1 X144.624 Y154.79 E672.97761
G1 X145.418 Y155.555 E673.01428
G1 X146.32 Y156.189 E673.05095
G1 X147.308 Y156.679 E673.08763
G1 X148.359 Y157.011 E673.12429
G1 X149.445 Y157.178 E673.16083
G1 X150 Y157.2 E673.17931
G1 X150.555 Y157.178 E673.19778
G1 X151.641 Y157.011 E673.23433
G1 X152.692 Y156.679 E673.27098
G1 X153.68 Y156.189 E673.30767
G1 X154.582 Y155.555 E673.34434
G1 X155.376 Y154.79 E673.38101
G0 F9000 X155.704 Y155.082
G0 X156.163 Y155.56
G0 X156.444 Y155.843
G0 X156.663 Y156.047
;TYPE:WALL-INNER
G1 F2044.2 X155.821 Y156.86 E673.41994
G1 X154.914 Y157.538 E673.4576
G1 X153.908 Y158.106 E673.49602
G1 X152.836 Y158.539 E673.53448
G1 X151.721 Y158.832 E673.57282
G1 X150.565 Y158.981 E673.61159
G1 X150 Y159 E673.63039
G1 X149.435 Y158.981 E673.64919
G1 X148.279 Y158.832 E673.68796
G1 X147.164 Y158.539 E673.72631
G1 X146.092 Y158.106 E673.76476
G1 X145.086 Y157.538 E673.80318
G1 X144.179 Y156.86 E673.84085
G1 X143.337 Y156.047 E673.87978
G1 X142.616 Y155.143 E673.91824
G1 X142.026 Y154.168 E673.95614
G1 X141.555 Y153.107 E673.99475
G1 X141.227 Y151.998 E674.03321
G1 X141.044 Y150.869 E674.07125
G1 X141.007 Y149.704 E674.11002
G1 X141.116 Y148.567 E674.14801
G1 X141.374 Y147.437 E674.18656
G1 X141.768 Y146.365 E674.22455
G1 X142.309 Y145.33 E674.26339
G1 X142.967 Y144.389 E674.30158
G1 X143.74 Y143.536 E674.33987
G1 X144.617 Y142.789 E674.37819
G1 X145.59 Y142.156 E674.4168
G1 X146.608 Y141.666 E674.45437
G1 X147.722 Y141.296 E674.49341
G1 X148.851 Y141.076 E674.53167
G1 X150 Y141.003 E674.56996
G1 X151.149 Y141.076 E674.60826
G1 X152.278 Y141.296 E674.64651
G1 X153.392 Y141.666 E674.68556
G1 X154.41 Y142.156 E674.72313
G1 X155.383 Y142.789 E674.76174
G1 X156.26 Y143.536 E674.80006
G1 X157.033 Y144.389 E674.83834
G1 X157.691 Y145.33 E674.87653
G1 X158.232 Y146.365 E674.91538
G1 X158.626 Y147.437 E674.95336
G1 X158.884 Y148.567 E674.99192
G1 X158.993 Y149.704 E675.02991
G1 X158.956 Y150.869 E675.06867
G1 X158.773 Y151.998 E675.10671
G1 X158.445 Y153.107 E675.14518
G1 X157.974 Y154.168 E675.18379
G1 X157.384 Y155.143 E675.22169
G1 X156.663 Y156.047 E675.26015
G0 F9000 X156.961 Y156.315
G1 F2044.2 X156.086 Y157.161 E675.30063
G1 X155.129 Y157.876 E675.34037
G1 X154.08 Y158.468 E675.38043
G1 X152.962 Y158.92 E675.42054
G1 X151.797 Y159.226 E675.4606
G1 X150.598 Y159.38 E675.50081
G1 X150 Y159.4 E675.52071
G1 X149.402 Y159.38 E675.54061
G1 X148.203 Y159.226 E675.58081
G1 X147.038 Y158.92 E675.62088
G1 X145.92 Y158.468 E675.66099
G1 X144.871 Y157.876 E675.70105
G1 X143.914 Y157.161 E675.74078
G1 X143.039 Y156.315 E675.78126
G1 X142.291 Y155.378 E675.82114
G1 X141.669 Y154.35 E675.8611
G1 X141.181 Y153.25 E675.90113
G1 X140.835 Y152.083 E675.94161
G1 X140.645 Y150.907 E675.98123
G1 X140.606 Y149.694 E676.0216
G1 X140.721 Y148.501 E676.06146
G1 X140.989 Y147.326 E676.10155
G1 X141.404 Y146.198 E676.14152
G1 X141.965 Y145.124 E676.18182
G1 X142.653 Y144.139 E676.22178
G1 X143.458 Y143.252 E676.26162
G1 X144.379 Y142.467 E676.30187
G1 X145.392 Y141.808 E676.34207
G1 X146.464 Y141.292 E676.38164
G1 X147.62 Y140.908 E676.42215
G1 X148.796 Y140.679 E676.462
G1 X150 Y140.602 E676.50213
G1 X151.204 Y140.679 E676.54226
G1 X152.38 Y140.908 E676.5821
G1 X153.536 Y141.292 E676.62262
G1 X154.608 Y141.808 E676.66219
G1 X155.621 Y142.467 E676.70238
G1 X156.542 Y143.252 E676.74263
G1 X157.347 Y144.139 E676.78247
G1 X158.035 Y145.124 E676.82243
G1 X158.596 Y146.198 E676.86274
G1 X159.011 Y147.326 E676.90271
G1 X159.279 Y148.501 E676.9428
G1 X159.394 Y149.694 E676.98266
G1 X159.355 Y150.907 E677.02302
G1 X159.165 Y152.083 E677.06265
G1 X158.819 Y153.25 E677.10313
G1 X158.331 Y154.35 E677.14316
G1 X157.709 Y155.378 E677.18312
G1 X156.961 Y156.315 E677.223
G0 F9000 X157.256 Y156.587
;TYPE:WALL-OUTER
G1 F2044.2 X156.351 Y157.462 E677.26486
G1 X155.344 Y158.214 E677.30667
G1 X154.252 Y158.83 E677.34837
G1 X153.088 Y159.301 E677.39013
G1 X151.873 Y159.62 E677.43191
G1 X150.631 Y159.779 E677.47356
G1 X150 Y159.8 E677.49456
G1 X149.369 Y159.779 E677.51555
G1 X148.127 Y159.62 E677.5572
G1 X146.912 Y159.301 E677.59898
G1 X145.748 Y158.83 E677.64075
G1 X144.656 Y158.214 E677.68245
G1 X143.649 Y157.462 E677.72425
G1 X142.744 Y156.587 E677.76612
G1 X141.963 Y155.608 E677.80777
G1 X141.312 Y154.532 E677.8496
G1 X140.804 Y153.386 E677.89129
G1 X140.445 Y152.175 E677.9333
G1 X140.246 Y150.945 E677.97474
G1 X140.205 Y149.684 E678.01671
G1 X140.326 Y148.436 E678.05841
G1 X140.604 Y147.215 E678.10006
G1 X141.04 Y146.031 E678.14203
G1 X141.621 Y144.918 E678.18378
G1 X142.339 Y143.889 E678.22552
G1 X143.18 Y142.963 E678.26712
G1 X144.137 Y142.148 E678.30893
G1 X145.194 Y141.46 E678.35088
G1 X146.32 Y140.918 E678.39244
G1 X147.518 Y140.52 E678.43443
G1 X148.741 Y140.282 E678.47587
G1 X150 Y140.201 E678.51783
G1 X151.259 Y140.282 E678.55979
G1 X152.482 Y140.52 E678.60123
G1 X153.68 Y140.918 E678.64322
G1 X154.806 Y141.46 E678.68478
G1 X155.863 Y142.148 E678.72673
G1 X156.82 Y142.963 E678.76854
G1 X157.661 Y143.889 E678.81014
G1 X158.379 Y144.918 E678.85188
G1 X158.96 Y146.031 E678.89363
G1 X159.396 Y147.215 E678.9356
G1 X159.674 Y148.436 E678.97725
G1 X159.795 Y149.684 E679.01895
G1 X159.754 Y150.945 E679.06092
G1 X159.555 Y152.175 E679.10236
G1 X159.196 Y153.386 E679.14437
G1 X158.688 Y154.532 E679.18606
G1 X158.037 Y155.608 E679.22789
G1 X157.256 Y156.587 E679.26954
G0 F9000 X156.931 Y156.292
G0 X156.444 Y155.843
G0 X154.297 Y157.544
G0 X154.404 Y157.736
;TYPE:FILL
G1 F3066.3 X154.112 Y157.733 E679.27926
G1 X153.51 Y157.605 E679.29973
G1 X153.14 Y157.438 E679.31323
G0 F9000 X153.237 Y157.636
G0 X151.879 Y158.025
G0 X150.652 Y158.213
G0 X149.348 Y158.213
G0 X148.244 Y158.044
G0 X146.29 Y157.401
G0 X146.388 Y157.205
G1 F3066.3 X146.286 Y157.295 E679.31775
G1 X145.684 Y157.611 E679.34037
G1 X145.459 Y157.659 E679.34802
G0 F9000 X145.567 Y157.468
G0 X143.844 Y155.482
G0 X143.084 Y154.484
G0 X142.592 Y153.579
G0 X141.972 Y152.09
G0 X142.188 Y152.049
G1 F3066.3 X142.072 Y151.946 E679.35318
G1 X141.47 Y151.346 E679.38145
G1 X141.165 Y151.115 E679.39417
G0 F9000 X141.382 Y151.081
G0 X141.678 Y149.579
G0 X142.285 Y146.966
G0 X142.485 Y147.057
G1 F3066.3 X142.072 Y146.645 E679.41357
G1 X141.829 Y146.43 E679.42437
G0 F9000 X142.035 Y146.506
G0 X144.294 Y143.457
G0 X144.153 Y143.289
G1 F3066.3 X144.48 Y143.285 E679.43524
G1 X145.082 Y143.157 E679.45571
G1 X145.684 Y142.885 E679.47768
G1 X146.286 Y142.429 E679.5028
G1 X146.888 Y141.829 E679.53107
G1 X147.196 Y141.556 E679.54476
G0 F9000 X147.264 Y141.764
G0 X150.122 Y141.312
G0 X150.136 Y141.094
G1 F3066.3 X150.5 Y141.258 E679.55804
G1 X151.102 Y141.714 E679.58316
G1 X151.454 Y142.064 E679.59967
G0 F9000 X151.504 Y141.851
G0 X152.486 Y142.141
G0 X153.149 Y142.407
G0 X154.494 Y143.04
G0 X154.381 Y143.228
G1 F3066.3 X154.714 Y143.157 E679.61099
G1 X155.316 Y142.885 E679.63296
G1 X155.346 Y142.862 E679.63422
G0 F9000 X155.208 Y143.032
G0 X157.438 Y146.352
G0 X157.238 Y146.442
G1 F3066.3 X157.724 Y146.074 E679.6545
G1 X157.939 Y145.977 E679.66234
G0 F9000 X157.744 Y146.078
G0 X158.185 Y149.325
G0 X158.263 Y150.552
G0 X158.044 Y150.544
G1 F3066.3 X158.326 Y150.483 E679.67194
G1 X158.887 Y150.49 E679.6906
G0 F9000 X158.566 Y150.48
;MESH:NONMESH
G0 F300 X158.566 Y150.48 Z12
G0 F9000 X157.524 Y153.366
G0 X157.032 Y154.271
G0 X156.182 Y155.541
G0 X155.975 Y155.324
;TIME_ELAPSED:848.632571
;LAYER:59
;TYPE:WALL-INNER
;MESH:dannypart.STL
G1 F2045.4 X156.718 Y154.35 E679.73134
G1 X157.303 Y153.273 E679.77211
G1 X157.717 Y152.12 E679.81285
G1 X157.951 Y150.918 E679.85358
G1 X157.997 Y149.694 E679.89432
G1 X157.857 Y148.477 E679.93507
G1 X157.533 Y147.294 E679.97586
G1 X157.03 Y146.176 E680.01664
G1 X156.365 Y145.148 E680.05736
G1 X155.549 Y144.233 E680.09814
G1 X154.604 Y143.454 E680.13887
G1 X153.551 Y142.827 E680.17963
G1 X152.415 Y142.37 E680.22036
G1 X151.222 Y142.092 E680.2611
G1 X150 Y141.997 E680.30187
G1 X148.778 Y142.092 E680.34263
G1 X147.585 Y142.37 E680.38338
G1 X146.449 Y142.827 E680.4241
G1 X145.396 Y143.454 E680.46486
G1 X144.451 Y144.233 E680.5056
G1 X143.635 Y145.148 E680.54637
G1 X142.97 Y146.176 E680.5871
G1 X142.467 Y147.294 E680.62787
G1 X142.143 Y148.477 E680.66867
G1 X142.003 Y149.694 E680.70941
G1 X142.049 Y150.918 E680.75015
G1 X142.283 Y152.12 E680.79088
G1 X142.697 Y153.273 E680.83163
G1 X143.282 Y154.35 E680.87239
G1 X144.025 Y155.324 E680.91313
G1 X144.908 Y156.173 E680.95388
G1 X145.91 Y156.879 E680.99464
G1 X147.008 Y157.423 E681.0354
G1 X148.177 Y157.793 E681.07618
G1 X149.369 Y157.976 E681.11629
G1 X150 Y158 E681.1373
G1 X150.631 Y157.976 E681.1583
G1 X151.823 Y157.793 E681.19841
G1 X152.992 Y157.423 E681.23919
G1 X154.09 Y156.879 E681.27995
G1 X155.092 Y156.173 E681.32072
G1 X155.975 Y155.324 E681.36146
G0 F9000 X155.676 Y155.057
G1 F2045.4 X156.381 Y154.132 E681.40014
G1 X156.937 Y153.109 E681.43887
G1 X157.33 Y152.014 E681.47756
G1 X157.552 Y150.872 E681.51625
G1 X157.596 Y149.709 E681.55496
G1 X157.463 Y148.553 E681.59367
G1 X157.155 Y147.43 E681.6324
G1 X156.678 Y146.368 E681.67112
G1 X156.046 Y145.391 E681.70982
G1 X155.271 Y144.522 E681.74855
G1 X154.373 Y143.782 E681.78725
G1 X153.373 Y143.187 E681.82595
G1 X152.294 Y142.753 E681.86463
G1 X151.161 Y142.488 E681.90333
G1 X150 Y142.398 E681.94206
G1 X148.839 Y142.488 E681.9808
G1 X147.706 Y142.753 E682.0195
G1 X146.627 Y143.187 E682.05818
G1 X145.627 Y143.782 E682.09688
G1 X144.729 Y144.522 E682.13558
G1 X143.954 Y145.391 E682.17431
G1 X143.322 Y146.368 E682.21301
G1 X142.845 Y147.43 E682.25173
G1 X142.537 Y148.553 E682.29046
G1 X142.404 Y149.709 E682.32917
G1 X142.448 Y150.872 E682.36788
G1 X142.67 Y152.014 E682.40657
G1 X143.063 Y153.109 E682.44526
G1 X143.619 Y154.132 E682.48399
G1 X144.324 Y155.057 E682.52267
G1 X145.163 Y155.864 E682.56139
G1 X146.115 Y156.534 E682.60011
G1 X147.158 Y157.051 E682.63883
G1 X148.268 Y157.402 E682.67755
G1 X149.407 Y157.577 E682.71588
G1 X150 Y157.6 E682.73561
G1 X150.593 Y157.577 E682.75535
G1 X151.732 Y157.402 E682.79368
G1 X152.842 Y157.051 E682.8324
G1 X153.885 Y156.534 E682.87112
G1 X154.837 Y155.864 E682.90984
G1 X155.676 Y155.057 E682.94856
G0 F9000 X155.376 Y154.79
;TYPE:WALL-OUTER
G1 F2045.4 X156.044 Y153.914 E682.9852
G1 X156.571 Y152.945 E683.02189
G1 X156.943 Y151.908 E683.05853
G1 X157.153 Y150.826 E683.09519
G1 X157.195 Y149.724 E683.13187
G1 X157.069 Y148.629 E683.16853
G1 X156.777 Y147.566 E683.20519
G1 X156.326 Y146.56 E683.24186
G1 X155.727 Y145.634 E683.27854
G1 X154.993 Y144.811 E683.31522
G1 X154.142 Y144.11 E683.35189
G1 X153.195 Y143.547 E683.38853
G1 X152.173 Y143.135 E683.42518
G1 X151.1 Y142.884 E683.46183
G1 X150 Y142.799 E683.49853
G1 X148.9 Y142.884 E683.53522
G1 X147.827 Y143.135 E683.57188
G1 X146.805 Y143.547 E683.60853
G1 X145.858 Y144.11 E683.64517
G1 X145.007 Y144.811 E683.68184
G1 X144.273 Y145.634 E683.71852
G1 X143.674 Y146.56 E683.7552
G1 X143.223 Y147.566 E683.79187
G1 X142.931 Y148.629 E683.82853
G1 X142.805 Y149.724 E683.86519
G1 X142.847 Y150.826 E683.90187
G1 X143.057 Y151.908 E683.93853
G1 X143.429 Y152.945 E683.97517
G1 X143.956 Y153.914 E684.01186
G1 X144.624 Y154.79 E684.0485
G1 X145.418 Y155.555 E684.08517
G1 X146.32 Y156.189 E684.12184
G1 X147.308 Y156.679 E684.15852
G1 X148.359 Y157.011 E684.19518
G1 X149.445 Y157.178 E684.23173
G1 X150 Y157.2 E684.2502
G1 X150.555 Y157.178 E684.26868
G1 X151.641 Y157.011 E684.30522
G1 X152.692 Y156.679 E684.34188
G1 X153.68 Y156.189 E684.37856
G1 X154.582 Y155.555 E684.41523
G1 X155.376 Y154.79 E684.4519
G0 F9000 X155.704 Y155.082
G0 X156.163 Y155.56
G0 X156.444 Y155.843
G0 X156.663 Y156.047
;TYPE:WALL-INNER
G1 F2045.4 X155.821 Y156.86 E684.49083
G1 X154.914 Y157.538 E684.52849
G1 X153.908 Y158.106 E684.56692
G1 X152.836 Y158.539 E684.60537
G1 X151.721 Y158.832 E684.64372
G1 X150.565 Y158.981 E684.68248
G1 X150 Y159 E684.70129
G1 X149.435 Y158.981 E684.72009
G1 X148.279 Y158.832 E684.75886
G1 X147.164 Y158.539 E684.7972
G1 X146.092 Y158.106 E684.83565
G1 X145.086 Y157.538 E684.87408
G1 X144.179 Y156.86 E684.91174
G1 X143.337 Y156.047 E684.95067
G1 X142.616 Y155.143 E684.98913
G1 X142.026 Y154.168 E685.02703
G1 X141.555 Y153.107 E685.06564
G1 X141.227 Y151.998 E685.10411
G1 X141.044 Y150.869 E685.14215
G1 X141.007 Y149.704 E685.18092
G1 X141.116 Y148.567 E685.21891
G1 X141.374 Y147.437 E685.25746
G1 X141.768 Y146.365 E685.29545
G1 X142.309 Y145.33 E685.33429
G1 X142.967 Y144.389 E685.37248
G1 X143.74 Y143.536 E685.41077
G1 X144.617 Y142.789 E685.44908
G1 X145.59 Y142.156 E685.48769
G1 X146.608 Y141.666 E685.52527
G1 X147.722 Y141.296 E685.56431
G1 X148.851 Y141.076 E685.60257
G1 X150 Y141.003 E685.64086
G1 X151.149 Y141.076 E685.67915
G1 X152.278 Y141.296 E685.71741
G1 X153.392 Y141.666 E685.75645
G1 X154.41 Y142.156 E685.79403
G1 X155.383 Y142.789 E685.83264
G1 X156.26 Y143.536 E685.87095
G1 X157.033 Y144.389 E685.90924
G1 X157.691 Y145.33 E685.94743
G1 X158.232 Y146.365 E685.98627
G1 X158.626 Y147.437 E686.02426
G1 X158.884 Y148.567 E686.06281
G1 X158.993 Y149.704 E686.1008
G1 X158.956 Y150.869 E686.13957
G1 X158.773 Y151.998 E686.17761
G1 X158.445 Y153.107 E686.21607
G1 X157.974 Y154.168 E686.25468
G1 X157.384 Y155.143 E686.29259
G1 X156.663 Y156.047 E686.33105
G0 F9000 X156.961 Y156.315
G1 F2045.4 X156.086 Y157.161 E686.37153
G1 X155.129 Y157.876 E686.41126
G1 X154.08 Y158.468 E686.45132
G1 X152.962 Y158.92 E686.49143
G1 X151.797 Y159.226 E686.53149
G1 X150.598 Y159.38 E686.5717
G1 X150 Y159.4 E686.5916
G1 X149.402 Y159.38 E686.6115
G1 X148.203 Y159.226 E686.65171
G1 X147.038 Y158.92 E686.69177
G1 X145.92 Y158.468 E686.73188
G1 X144.871 Y157.876 E686.77194
G1 X143.914 Y157.161 E686.81168
G1 X143.039 Y156.315 E686.85216
G1 X142.291 Y155.378 E686.89203
G1 X141.669 Y154.35 E686.932
G1 X141.181 Y153.25 E686.97202
G1 X140.835 Y152.083 E687.01251
G1 X140.645 Y150.907 E687.05213
G1 X140.606 Y149.694 E687.09249
G1 X140.721 Y148.501 E687.13236
G1 X140.989 Y147.326 E687.17244
G1 X141.404 Y146.198 E687.21242
G1 X141.965 Y145.124 E687.25272
G1 X142.653 Y144.139 E687.29268
G1 X143.458 Y143.252 E687.33252
G1 X144.379 Y142.467 E687.37277
G1 X145.392 Y141.808 E687.41296
G1 X146.464 Y141.292 E687.45253
G1 X147.62 Y140.908 E687.49305
G1 X148.796 Y140.679 E687.5329
G1 X150 Y140.602 E687.57302
G1 X151.204 Y140.679 E687.61315
G1 X152.38 Y140.908 E687.653
G1 X153.536 Y141.292 E687.69351
G1 X154.608 Y141.808 E687.73308
G1 X155.621 Y142.467 E687.77328
G1 X156.542 Y143.252 E687.81353
G1 X157.347 Y144.139 E687.85337
G1 X158.035 Y145.124 E687.89333
G1 X158.596 Y146.198 E687.93363
G1 X159.011 Y147.326 E687.97361
G1 X159.279 Y148.501 E688.01369
G1 X159.394 Y149.694 E688.05355
G1 X159.355 Y150.907 E688.09392
G1 X159.165 Y152.083 E688.13354
G1 X158.819 Y153.25 E688.17403
G1 X158.331 Y154.35 E688.21405
G1 X157.709 Y155.378 E688.25401
G1 X156.961 Y156.315 E688.29389
G0 F9000 X157.256 Y156.587
;TYPE:WALL-OUTER
G1 F2045.4 X156.351 Y157.462 E688.33576
G1 X155.344 Y158.214 E688.37756
G1 X154.252 Y158.83 E688.41926
G1 X153.088 Y159.301 E688.46102
G1 X151.873 Y159.62 E688.50281
G1 X150.631 Y159.779 E688.54445
G1 X150 Y159.8 E688.56545
G1 X149.369 Y159.779 E688.58645
G1 X148.127 Y159.62 E688.6281
G1 X146.912 Y159.301 E688.66988
G1 X145.748 Y158.83 E688.71164
G1 X144.656 Y158.214 E688.75334
G1 X143.649 Y157.462 E688.79514
G1 X142.744 Y156.587 E688.83701
G1 X141.963 Y155.608 E688.87866
G1 X141.312 Y154.532 E688.92049
G1 X140.804 Y153.386 E688.96219
G1 X140.445 Y152.175 E689.0042
G1 X140.246 Y150.945 E689.04564
G1 X140.205 Y149.684 E689.0876
G1 X140.326 Y148.436 E689.12931
G1 X140.604 Y147.215 E689.17095
G1 X141.04 Y146.031 E689.21292
G1 X141.621 Y144.918 E689.25468
G1 X142.339 Y143.889 E689.29641
G1 X143.18 Y142.963 E689.33802
G1 X144.137 Y142.148 E689.37983
G1 X145.194 Y141.46 E689.42177
G1 X146.32 Y140.918 E689.46334
G1 X147.518 Y140.52 E689.50532
G1 X148.741 Y140.282 E689.54676
G1 X150 Y140.201 E689.58872
G1 X151.259 Y140.282 E689.63069
G1 X152.482 Y140.52 E689.67213
G1 X153.68 Y140.918 E689.71411
G1 X154.806 Y141.46 E689.75568
G1 X155.863 Y142.148 E689.79762
G1 X156.82 Y142.963 E689.83943
G1 X157.661 Y143.889 E689.88104
G1 X158.379 Y144.918 E689.92277
G1 X158.96 Y146.031 E689.96453
G1 X159.396 Y147.215 E690.00649
G1 X159.674 Y148.436 E690.04814
G1 X159.795 Y149.684 E690.08985
G1 X159.754 Y150.945 E690.13181
G1 X159.555 Y152.175 E690.17325
G1 X159.196 Y153.386 E690.21526
G1 X158.688 Y154.532 E690.25696
G1 X158.037 Y155.608 E690.29878
G1 X157.256 Y156.587 E690.34044
G0 F9000 X156.931 Y156.292
G0 X156.444 Y155.843
G0 X154.373 Y157.501
G0 X154.48 Y157.693
;TYPE:FILL
G1 F3068.1 X154.112 Y157.724 E690.35272
G1 X153.51 Y157.652 E690.37289
G1 X153.041 Y157.487 E690.38942
G0 F9000 X153.138 Y157.685
G0 X151.879 Y158.025
G0 X150.652 Y158.213
G0 X149.348 Y158.213
G0 X148.121 Y158.025
G0 X147.781 Y157.918
G0 X146.152 Y157.333
G0 X146.25 Y157.136
G1 F3068.1 X145.684 Y157.486 E690.41156
G1 X145.342 Y157.593 E690.42347
G0 F9000 X145.45 Y157.402
G0 X143.084 Y154.484
G0 X142.592 Y153.579
G0 X141.925 Y151.849
G0 X142.141 Y151.808
G1 F3068.1 X142.072 Y151.744 E690.4266
G1 X141.47 Y151.178 E690.45409
G1 X141.14 Y150.961 E690.46722
G0 F9000 X141.357 Y150.927
G0 X142.229 Y147.091
G0 X142.429 Y147.182
G1 F3068.1 X142.072 Y146.847 E690.48351
G1 X141.776 Y146.575 E690.49688
G0 F9000 X141.981 Y146.651
G0 X144.337 Y143.42
G0 X144.196 Y143.252
G1 F3068.1 X144.48 Y143.276 E690.50636
G1 X145.082 Y143.204 E690.52652
G1 X145.684 Y142.992 E690.54775
G1 X146.286 Y142.597 E690.5717
G1 X146.888 Y142.031 E690.59918
G1 X147.49 Y141.477 E690.62639
G1 X147.555 Y141.437 E690.62893
G0 F9000 X147.623 Y141.645
G0 X150.367 Y141.327
G0 X150.381 Y141.109
G1 F3068.1 X150.5 Y141.151 E690.63313
G1 X151.102 Y141.546 E690.65707
G1 X151.704 Y142.112 E690.68456
G1 X151.719 Y142.126 E690.68524
G0 F9000 X151.769 Y141.913
G0 X153.299 Y142.479
G0 X154.517 Y143.054
G0 X154.404 Y143.241
G1 F3068.1 X154.714 Y143.204 E690.69562
G1 X155.316 Y142.992 E690.71685
G1 X155.419 Y142.924 E690.72096
G0 F9000 X155.277 Y143.091
G0 X157.384 Y146.232
G0 X157.183 Y146.322
G1 F3068.1 X157.724 Y145.967 E690.74248
G1 X157.901 Y145.905 E690.74872
G0 F9000 X157.706 Y146.006
G0 X158.667 Y150.495
G0 X158.887 Y150.502
G1 F3068.1 X158.326 Y150.549 E690.76744
G1 X158.04 Y150.638 E690.7774
G0 F9000 X158.362 Y150.65
;MESH:NONMESH
G0 F300 X158.362 Y150.65 Z12.2
G0 F9000 X157.948 Y152.183
G0 X157.524 Y153.366
G0 X157.032 Y154.271
G0 X156.182 Y155.541
G0 X155.975 Y155.324
;TIME_ELAPSED:861.530505
;LAYER:60
;TYPE:WALL-INNER
;MESH:dannypart.STL
G1 F2046.6 X156.718 Y154.35 E690.81815
G1 X157.303 Y153.273 E690.85891
G1 X157.717 Y152.12 E690.89966
G1 X157.951 Y150.918 E690.94039
G1 X157.997 Y149.694 E690.98113
G1 X157.857 Y148.477 E691.02187
G1 X157.533 Y147.294 E691.06267
G1 X157.03 Y146.176 E691.10344
G1 X156.365 Y145.148 E691.14416
G1 X155.549 Y144.233 E691.18494
G1 X154.604 Y143.454 E691.22567
G1 X153.551 Y142.827 E691.26644
G1 X152.415 Y142.37 E691.30716
G1 X151.222 Y142.092 E691.3479
G1 X150 Y141.997 E691.38867
G1 X148.778 Y142.092 E691.42944
G1 X147.585 Y142.37 E691.47018
G1 X146.449 Y142.827 E691.51091
G1 X145.396 Y143.454 E691.55167
G1 X144.451 Y144.233 E691.5924
G1 X143.635 Y145.148 E691.63318
G1 X142.97 Y146.176 E691.6739
G1 X142.467 Y147.294 E691.71467
G1 X142.143 Y148.477 E691.75547
G1 X142.003 Y149.694 E691.79622
G1 X142.049 Y150.918 E691.83695
G1 X142.283 Y152.12 E691.87768
G1 X142.697 Y153.273 E691.91843
G1 X143.282 Y154.35 E691.95919
G1 X144.025 Y155.324 E691.99994
G1 X144.908 Y156.173 E692.04068
G1 X145.91 Y156.879 E692.08145
G1 X147.008 Y157.423 E692.12221
G1 X148.177 Y157.793 E692.16299
G1 X149.369 Y157.976 E692.2031
G1 X150 Y158 E692.2241
G1 X150.631 Y157.976 E692.2451
G1 X151.823 Y157.793 E692.28521
G1 X152.992 Y157.423 E692.326
G1 X154.09 Y156.879 E692.36675
G1 X155.092 Y156.173 E692.40752
G1 X155.975 Y155.324 E692.44826
G0 F9000 X155.676 Y155.057
G1 F2046.6 X156.381 Y154.132 E692.48694
G1 X156.937 Y153.109 E692.52567
G1 X157.33 Y152.014 E692.56436
G1 X157.552 Y150.872 E692.60306
G1 X157.596 Y149.709 E692.64177
G1 X157.463 Y148.553 E692.68047
G1 X157.155 Y147.43 E692.7192
G1 X156.678 Y146.368 E692.75792
G1 X156.046 Y145.391 E692.79662
G1 X155.271 Y144.522 E692.83535
G1 X154.373 Y143.782 E692.87405
G1 X153.373 Y143.187 E692.91276
G1 X152.294 Y142.753 E692.95144
G1 X151.161 Y142.488 E692.99014
G1 X150 Y142.398 E693.02887
G1 X148.839 Y142.488 E693.0676
G1 X147.706 Y142.753 E693.1063
G1 X146.627 Y143.187 E693.14498
G1 X145.627 Y143.782 E693.18368
G1 X144.729 Y144.522 E693.22239
G1 X143.954 Y145.391 E693.26111
G1 X143.322 Y146.368 E693.29982
G1 X142.845 Y147.43 E693.33854
G1 X142.537 Y148.553 E693.37727
G1 X142.404 Y149.709 E693.41597
G1 X142.448 Y150.872 E693.45468
G1 X142.67 Y152.014 E693.49337
G1 X143.063 Y153.109 E693.53207
G1 X143.619 Y154.132 E693.57079
G1 X144.324 Y155.057 E693.60948
G1 X145.163 Y155.864 E693.6482
G1 X146.115 Y156.534 E693.68691
G1 X147.158 Y157.051 E693.72563
G1 X148.268 Y157.402 E693.76435
G1 X149.407 Y157.577 E693.80268
G1 X150 Y157.6 E693.82242
G1 X150.593 Y157.577 E693.84216
G1 X151.732 Y157.402 E693.88049
G1 X152.842 Y157.051 E693.91921
G1 X153.885 Y156.534 E693.95792
G1 X154.837 Y155.864 E693.99664
G1 X155.676 Y155.057 E694.03536
G0 F9000 X155.376 Y154.79
;TYPE:WALL-OUTER
G1 F2046.6 X156.044 Y153.914 E694.072
G1 X156.571 Y152.945 E694.10869
G1 X156.943 Y151.908 E694.14533
G1 X157.153 Y150.826 E694.18199
G1 X157.195 Y149.724 E694.21867
G1 X157.069 Y148.629 E694.25533
G1 X156.777 Y147.566 E694.292
G1 X156.326 Y146.56 E694.32866
G1 X155.727 Y145.634 E694.36535
G1 X154.993 Y144.811 E694.40202
G1 X154.142 Y144.11 E694.43869
G1 X153.195 Y143.547 E694.47534
G1 X152.173 Y143.135 E694.51199
G1 X151.1 Y142.884 E694.54864
G1 X150 Y142.799 E694.58533
G1 X148.9 Y142.884 E694.62203
G1 X147.827 Y143.135 E694.65868
G1 X146.805 Y143.547 E694.69533
G1 X145.858 Y144.11 E694.73197
G1 X145.007 Y144.811 E694.76864
G1 X144.273 Y145.634 E694.80532
G1 X143.674 Y146.56 E694.842
G1 X143.223 Y147.566 E694.87867
G1 X142.931 Y148.629 E694.91534
G1 X142.805 Y149.724 E694.952
G1 X142.847 Y150.826 E694.98868
G1 X143.057 Y151.908 E695.02534
G1 X143.429 Y152.945 E695.06198
G1 X143.956 Y153.914 E695.09867
G1 X144.624 Y154.79 E695.13531
G1 X145.418 Y155.555 E695.17198
G1 X146.32 Y156.189 E695.20865
G1 X147.308 Y156.679 E695.24533
G1 X148.359 Y157.011 E695.28199
G1 X149.445 Y157.178 E695.31853
G1 X150 Y157.2 E695.33701
G1 X150.555 Y157.178 E695.35548
G1 X151.641 Y157.011 E695.39203
G1 X152.692 Y156.679 E695.42868
G1 X153.68 Y156.189 E695.46536
G1 X154.582 Y155.555 E695.50203
G1 X155.376 Y154.79 E695.53871
G0 F9000 X155.704 Y155.082
G0 X156.163 Y155.56
G0 X156.444 Y155.843
G0 X156.663 Y156.047
;TYPE:WALL-INNER
G1 F2046.6 X155.821 Y156.86 E695.57764
G1 X154.914 Y157.538 E695.6153
G1 X153.908 Y158.106 E695.65372
G1 X152.836 Y158.539 E695.69218
G1 X151.721 Y158.832 E695.73052
G1 X150.565 Y158.981 E695.76929
G1 X150 Y159 E695.78809
G1 X149.435 Y158.981 E695.80689
G1 X148.279 Y158.832 E695.84566
G1 X147.164 Y158.539 E695.884
G1 X146.092 Y158.106 E695.92246
G1 X145.086 Y157.538 E695.96088
G1 X144.179 Y156.86 E695.99855
G1 X143.337 Y156.047 E696.03748
G1 X142.616 Y155.143 E696.07593
G1 X142.026 Y154.168 E696.11384
G1 X141.555 Y153.107 E696.15245
G1 X141.227 Y151.998 E696.19091
G1 X141.044 Y150.869 E696.22895
G1 X141.007 Y149.704 E696.26772
G1 X141.116 Y148.567 E696.30571
G1 X141.374 Y147.437 E696.34426
G1 X141.768 Y146.365 E696.38225
G1 X142.309 Y145.33 E696.42109
G1 X142.967 Y144.389 E696.45928
G1 X143.74 Y143.536 E696.49757
G1 X144.617 Y142.789 E696.53589
G1 X145.59 Y142.156 E696.57449
G1 X146.608 Y141.666 E696.61207
G1 X147.722 Y141.296 E696.65111
G1 X148.851 Y141.076 E696.68937
G1 X150 Y141.003 E696.72766
G1 X151.149 Y141.076 E696.76596
G1 X152.278 Y141.296 E696.80421
G1 X153.392 Y141.666 E696.84326
G1 X154.41 Y142.156 E696.88083
G1 X155.383 Y142.789 E696.91944
G1 X156.26 Y143.536 E696.95776
G1 X157.033 Y144.389 E696.99604
G1 X157.691 Y145.33 E697.03423
G1 X158.232 Y146.365 E697.07308
G1 X158.626 Y147.437 E697.11106
G1 X158.884 Y148.567 E697.14962
G1 X158.993 Y149.704 E697.18761
G1 X158.956 Y150.869 E697.22637
G1 X158.773 Y151.998 E697.26441
G1 X158.445 Y153.107 E697.30288
G1 X157.974 Y154.168 E697.34149
G1 X157.384 Y155.143 E697.37939
G1 X156.663 Y156.047 E697.41785
G0 F9000 X156.961 Y156.315
G1 F2046.6 X156.086 Y157.161 E697.45833
G1 X155.129 Y157.876 E697.49807
G1 X154.08 Y158.468 E697.53813
G1 X152.962 Y158.92 E697.57824
G1 X151.797 Y159.226 E697.6183
G1 X150.598 Y159.38 E697.65851
G1 X150 Y159.4 E697.67841
G1 X149.402 Y159.38 E697.69831
G1 X148.203 Y159.226 E697.73851
G1 X147.038 Y158.92 E697.77858
G1 X145.92 Y158.468 E697.81868
G1 X144.871 Y157.876 E697.85875
G1 X143.914 Y157.161 E697.89848
G1 X143.039 Y156.315 E697.93896
G1 X142.291 Y155.378 E697.97884
G1 X141.669 Y154.35 E698.0188
G1 X141.181 Y153.25 E698.05883
G1 X140.835 Y152.083 E698.09931
G1 X140.645 Y150.907 E698.13893
G1 X140.606 Y149.694 E698.1793
G1 X140.721 Y148.501 E698.21916
G1 X140.989 Y147.326 E698.25924
G1 X141.404 Y146.198 E698.29922
G1 X141.965 Y145.124 E698.33952
G1 X142.653 Y144.139 E698.37948
G1 X143.458 Y143.252 E698.41932
G1 X144.379 Y142.467 E698.45957
G1 X145.392 Y141.808 E698.49977
G1 X146.464 Y141.292 E698.53934
G1 X147.62 Y140.908 E698.57985
G1 X148.796 Y140.679 E698.6197
G1 X150 Y140.602 E698.65983
G1 X151.204 Y140.679 E698.69995
G1 X152.38 Y140.908 E698.7398
G1 X153.536 Y141.292 E698.78032
G1 X154.608 Y141.808 E698.81989
G1 X155.621 Y142.467 E698.86008
G1 X156.542 Y143.252 E698.90033
G1 X157.347 Y144.139 E698.94017
G1 X158.035 Y145.124 E698.98013
G1 X158.596 Y146.198 E699.02043
G1 X159.011 Y147.326 E699.06041
G1 X159.279 Y148.501 E699.1005
G1 X159.394 Y149.694 E699.14036
G1 X159.355 Y150.907 E699.18072
G1 X159.165 Y152.083 E699.22035
G1 X158.819 Y153.25 E699.26083
G1 X158.331 Y154.35 E699.30085
G1 X157.709 Y155.378 E699.34082
G1 X156.961 Y156.315 E699.38069
G0 F9000 X157.256 Y156.587
;TYPE:WALL-OUTER
G1 F2046.6 X156.351 Y157.462 E699.42256
G1 X155.344 Y158.214 E699.46436
G1 X154.252 Y158.83 E699.50607
G1 X153.088 Y159.301 E699.54783
G1 X151.873 Y159.62 E699.58961
G1 X150.631 Y159.779 E699.63126
G1 X150 Y159.8 E699.65225
G1 X149.369 Y159.779 E699.67325
G1 X148.127 Y159.62 E699.7149
G1 X146.912 Y159.301 E699.75668
G1 X145.748 Y158.83 E699.79844
G1 X144.656 Y158.214 E699.84015
G1 X143.649 Y157.462 E699.88195
G1 X142.744 Y156.587 E699.92382
G1 X141.963 Y155.608 E699.96547
G1 X141.312 Y154.532 E700.0073
G1 X140.804 Y153.386 E700.04899
G1 X140.445 Y152.175 E700.091
G1 X140.246 Y150.945 E700.13244
G1 X140.205 Y149.684 E700.17441
G1 X140.326 Y148.436 E700.21611
G1 X140.604 Y147.215 E700.25776
G1 X141.04 Y146.031 E700.29972
G1 X141.621 Y144.918 E700.34148
G1 X142.339 Y143.889 E700.38322
G1 X143.18 Y142.963 E700.42482
G1 X144.137 Y142.148 E700.46663
G1 X145.194 Y141.46 E700.50858
G1 X146.32 Y140.918 E700.55014
G1 X147.518 Y140.52 E700.59213
G1 X148.741 Y140.282 E700.63357
G1 X150 Y140.201 E700.67553
G1 X151.259 Y140.282 E700.71749
G1 X152.482 Y140.52 E700.75893
G1 X153.68 Y140.918 E700.80092
G1 X154.806 Y141.46 E700.84248
G1 X155.863 Y142.148 E700.88443
G1 X156.82 Y142.963 E700.92624
G1 X157.661 Y143.889 E700.96784
G1 X158.379 Y144.918 E701.00957
G1 X158.96 Y146.031 E701.05133
G1 X159.396 Y147.215 E701.0933
G1 X159.674 Y148.436 E701.13495
G1 X159.795 Y149.684 E701.17665
G1 X159.754 Y150.945 E701.21861
G1 X159.555 Y152.175 E701.26006
G1 X159.196 Y153.386 E701.30207
G1 X158.688 Y154.532 E701.34376
G1 X158.037 Y155.608 E701.38559
G1 X157.256 Y156.587 E701.42724
G0 F9000 X156.931 Y156.292
G0 X156.444 Y155.843
G0 X154.451 Y157.457
G0 X154.558 Y157.649
;TYPE:FILL
G1 F3069.9 X154.112 Y157.728 E701.44231
G1 X153.51 Y157.712 E701.46234
G1 X152.908 Y157.56 E701.48299
G1 X152.878 Y157.543 E701.48413
G0 F9000 X152.944 Y157.752
G0 X151.879 Y158.025
G0 X150.652 Y158.213
G0 X149.348 Y158.213
G0 X148.121 Y158.025
G0 X147.44 Y157.811
G0 X146.014 Y157.264
G0 X146.112 Y157.068
G1 F3069.9 X145.684 Y157.374 E701.50163
G1 X145.262 Y157.548 E701.51682
G0 F9000 X145.37 Y157.357
G0 X143.084 Y154.484
G0 X142.592 Y153.579
G0 X141.878 Y151.606
G0 X142.094 Y151.565
G1 F3069.9 X142.072 Y151.543 E701.51785
G1 X141.47 Y151.002 E701.54477
G1 X141.123 Y150.807 E701.55801
G0 F9000 X141.344 Y150.801
G0 X142.165 Y147.264
G0 X142.377 Y147.322
G1 F3069.9 X142.072 Y147.048 E701.57165
G1 X141.726 Y146.712 E701.58769
G0 F9000 X141.931 Y146.788
G0 X144.359 Y143.401
G0 X144.218 Y143.234
G1 F3069.9 X144.48 Y143.28 E701.59653
G1 X145.082 Y143.264 E701.61656
G1 X145.684 Y143.112 E701.63722
G1 X146.286 Y142.773 E701.66019
G1 X146.888 Y142.232 E701.68711
G1 X147.49 Y141.647 E701.71503
G1 X147.922 Y141.339 E701.73268
G0 F9000 X147.963 Y141.555
G0 X150.658 Y141.346
G0 X150.672 Y141.128
G1 F3069.9 X151.102 Y141.37 E701.74909
G1 X151.704 Y141.911 E701.77601
G1 X151.99 Y142.189 E701.78928
G0 F9000 X152.04 Y141.976
G0 X153.35 Y142.49
G0 X154.567 Y143.084
G0 X154.454 Y143.271
G1 F3069.9 X154.714 Y143.264 E701.79793
G1 X155.316 Y143.112 E701.81858
G1 X155.511 Y143.002 E701.82603
G0 F9000 X155.369 Y143.169
G0 X157.323 Y146.096
G0 X157.122 Y146.186
G1 F3069.9 X157.724 Y145.847 E701.849
G1 X157.854 Y145.814 E701.85347
G0 F9000 X157.659 Y145.915
G0 X158.667 Y150.495
G0 X158.887 Y150.502
G1 F3069.9 X158.326 Y150.601 E701.87241
G1 X158.037 Y150.72 E701.88281
G0 F9000 X158.359 Y150.732
;MESH:NONMESH
G0 F300 X158.359 Y150.732 Z12.4
G0 F9000 X157.948 Y152.183
G0 X157.524 Y153.366
G0 X157.032 Y154.271
G0 X156.182 Y155.541
G0 X155.975 Y155.324
;TIME_ELAPSED:874.422893
;LAYER:61
;TYPE:WALL-INNER
;MESH:dannypart.STL
G1 F2045 X156.718 Y154.35 E701.92355
G1 X157.303 Y153.273 E701.96432
G1 X157.717 Y152.12 E702.00506
G1 X157.951 Y150.918 E702.04579
G1 X157.997 Y149.694 E702.08653
G1 X157.857 Y148.477 E702.12728
G1 X157.533 Y147.294 E702.16807
G1 X157.03 Y146.176 E702.20885
G1 X156.365 Y145.148 E702.24957
G1 X155.549 Y144.233 E702.29035
G1 X154.604 Y143.454 E702.33108
G1 X153.551 Y142.827 E702.37184
G1 X152.415 Y142.37 E702.41257
G1 X151.222 Y142.092 E702.45331
G1 X150 Y141.997 E702.49408
G1 X148.778 Y142.092 E702.53484
G1 X147.585 Y142.37 E702.57558
G1 X146.449 Y142.827 E702.61631
G1 X145.396 Y143.454 E702.65707
G1 X144.451 Y144.233 E702.69781
G1 X143.635 Y145.148 E702.73858
G1 X142.97 Y146.176 E702.7793
G1 X142.467 Y147.294 E702.82008
G1 X142.143 Y148.477 E702.86087
G1 X142.003 Y149.694 E702.90162
G1 X142.049 Y150.918 E702.94236
G1 X142.283 Y152.12 E702.98309
G1 X142.697 Y153.273 E703.02383
G1 X143.282 Y154.35 E703.0646
G1 X144.025 Y155.324 E703.10534
G1 X144.908 Y156.173 E703.14609
G1 X145.91 Y156.879 E703.18685
G1 X147.008 Y157.423 E703.22761
G1 X148.177 Y157.793 E703.26839
G1 X149.369 Y157.976 E703.3085
G1 X150 Y158 E703.3295
G1 X150.631 Y157.976 E703.35051
G1 X151.823 Y157.793 E703.39062
G1 X152.992 Y157.423 E703.4314
G1 X154.09 Y156.879 E703.47216
G1 X155.092 Y156.173 E703.51292
G1 X155.975 Y155.324 E703.55367
G0 F9000 X155.676 Y155.057
G1 F2045 X156.381 Y154.132 E703.59235
G1 X156.937 Y153.109 E703.63107
G1 X157.33 Y152.014 E703.66977
G1 X157.552 Y150.872 E703.70846
G1 X157.596 Y149.709 E703.74717
G1 X157.463 Y148.553 E703.78587
G1 X157.155 Y147.43 E703.82461
G1 X156.678 Y146.368 E703.86333
G1 X156.046 Y145.391 E703.90203
G1 X155.271 Y144.522 E703.94076
G1 X154.373 Y143.782 E703.97946
G1 X153.373 Y143.187 E704.01816
G1 X152.294 Y142.753 E704.05684
G1 X151.161 Y142.488 E704.09554
G1 X150 Y142.398 E704.13427
G1 X148.839 Y142.488 E704.173
G1 X147.706 Y142.753 E704.21171
G1 X146.627 Y143.187 E704.25039
G1 X145.627 Y143.782 E704.28909
G1 X144.729 Y144.522 E704.32779
G1 X143.954 Y145.391 E704.36652
G1 X143.322 Y146.368 E704.40522
G1 X142.845 Y147.43 E704.44394
G1 X142.537 Y148.553 E704.48267
G1 X142.404 Y149.709 E704.52137
G1 X142.448 Y150.872 E704.56008
G1 X142.67 Y152.014 E704.59878
G1 X143.063 Y153.109 E704.63747
G1 X143.619 Y154.132 E704.6762
G1 X144.324 Y155.057 E704.71488
G1 X145.163 Y155.864 E704.7536
G1 X146.115 Y156.534 E704.79232
G1 X147.158 Y157.051 E704.83104
G1 X148.268 Y157.402 E704.86976
G1 X149.407 Y157.577 E704.90809
G1 X150 Y157.6 E704.92782
G1 X150.593 Y157.577 E704.94756
G1 X151.732 Y157.402 E704.98589
G1 X152.842 Y157.051 E705.02461
G1 X153.885 Y156.534 E705.06333
G1 X154.837 Y155.864 E705.10205
G1 X155.676 Y155.057 E705.14077
G0 F9000 X155.376 Y154.79
;TYPE:WALL-OUTER
G1 F2045 X156.044 Y153.914 E705.17741
G1 X156.571 Y152.945 E705.21409
G1 X156.943 Y151.908 E705.25074
G1 X157.153 Y150.826 E705.2874
G1 X157.195 Y149.724 E705.32408
G1 X157.069 Y148.629 E705.36074
G1 X156.777 Y147.566 E705.3974
G1 X156.326 Y146.56 E705.43407
G1 X155.727 Y145.634 E705.47075
G1 X154.993 Y144.811 E705.50743
G1 X154.142 Y144.11 E705.5441
G1 X153.195 Y143.547 E705.58074
G1 X152.173 Y143.135 E705.61739
G1 X151.1 Y142.884 E705.65404
G1 X150 Y142.799 E705.69074
G1 X148.9 Y142.884 E705.72743
G1 X147.827 Y143.135 E705.76409
G1 X146.805 Y143.547 E705.80074
G1 X145.858 Y144.11 E705.83738
G1 X145.007 Y144.811 E705.87405
G1 X144.273 Y145.634 E705.91073
G1 X143.674 Y146.56 E705.94741
G1 X143.223 Y147.566 E705.98408
G1 X142.931 Y148.629 E706.02074
G1 X142.805 Y149.724 E706.0574
G1 X142.847 Y150.826 E706.09408
G1 X143.057 Y151.908 E706.13074
G1 X143.429 Y152.945 E706.16738
G1 X143.956 Y153.914 E706.20407
G1 X144.624 Y154.79 E706.24071
G1 X145.418 Y155.555 E706.27738
G1 X146.32 Y156.189 E706.31405
G1 X147.308 Y156.679 E706.35073
G1 X148.359 Y157.011 E706.38739
G1 X149.445 Y157.178 E706.42394
G1 X150 Y157.2 E706.44241
G1 X150.555 Y157.178 E706.46088
G1 X151.641 Y157.011 E706.49743
G1 X152.692 Y156.679 E706.53409
G1 X153.68 Y156.189 E706.57077
G1 X154.582 Y155.555 E706.60744
G1 X155.376 Y154.79 E706.64411
G0 F9000 X155.704 Y155.082
G0 X156.163 Y155.56
G0 X156.444 Y155.843
G0 X156.663 Y156.047
;TYPE:WALL-INNER
G1 F2045 X155.821 Y156.86 E706.68304
G1 X154.914 Y157.538 E706.7207
G1 X153.908 Y158.106 E706.75913
G1 X152.836 Y158.539 E706.79758
G1 X151.721 Y158.832 E706.83593
G1 X150.565 Y158.981 E706.87469
G1 X150 Y159 E706.8935
G1 X149.435 Y158.981 E706.9123
G1 X148.279 Y158.832 E706.95106
G1 X147.164 Y158.539 E706.98941
G1 X146.092 Y158.106 E707.02786
G1 X145.086 Y157.538 E707.06629
G1 X144.179 Y156.86 E707.10395
G1 X143.337 Y156.047 E707.14288
G1 X142.616 Y155.143 E707.18134
G1 X142.026 Y154.168 E707.21924
G1 X141.555 Y153.107 E707.25785
G1 X141.227 Y151.998 E707.29632
G1 X141.044 Y150.869 E707.33436
G1 X141.007 Y149.704 E707.37313
G1 X141.116 Y148.567 E707.41112
G1 X141.374 Y147.437 E707.44967
G1 X141.768 Y146.365 E707.48765
G1 X142.309 Y145.33 E707.5265
G1 X142.967 Y144.389 E707.56469
G1 X143.74 Y143.536 E707.60297
G1 X144.617 Y142.789 E707.64129
G1 X145.59 Y142.156 E707.6799
G1 X146.608 Y141.666 E707.71748
G1 X147.722 Y141.296 E707.75652
G1 X148.851 Y141.076 E707.79477
G1 X150 Y141.003 E707.83307
G1 X151.149 Y141.076 E707.87136
G1 X152.278 Y141.296 E707.90962
G1 X153.392 Y141.666 E707.94866
G1 X154.41 Y142.156 E707.98624
G1 X155.383 Y142.789 E708.02484
G1 X156.26 Y143.536 E708.06316
G1 X157.033 Y144.389 E708.10145
G1 X157.691 Y145.33 E708.13964
G1 X158.232 Y146.365 E708.17848
G1 X158.626 Y147.437 E708.21647
G1 X158.884 Y148.567 E708.25502
G1 X158.993 Y149.704 E708.29301
G1 X158.956 Y150.869 E708.33178
G1 X158.773 Y151.998 E708.36982
G1 X158.445 Y153.107 E708.40828
G1 X157.974 Y154.168 E708.44689
G1 X157.384 Y155.143 E708.4848
G1 X156.663 Y156.047 E708.52326
G0 F9000 X156.961 Y156.315
G1 F2045 X156.086 Y157.161 E708.56374
G1 X155.129 Y157.876 E708.60347
G1 X154.08 Y158.468 E708.64353
G1 X152.962 Y158.92 E708.68364
G1 X151.797 Y159.226 E708.7237
G1 X150.598 Y159.38 E708.76391
G1 X150 Y159.4 E708.78381
G1 X149.402 Y159.38 E708.80371
G1 X148.203 Y159.226 E708.84392
G1 X147.038 Y158.92 E708.88398
G1 X145.92 Y158.468 E708.92409
G1 X144.871 Y157.876 E708.96415
G1 X143.914 Y157.161 E709.00388
G1 X143.039 Y156.315 E709.04437
G1 X142.291 Y155.378 E709.08424
G1 X141.669 Y154.35 E709.12421
G1 X141.181 Y153.25 E709.16423
G1 X140.835 Y152.083 E709.20471
G1 X140.645 Y150.907 E709.24434
G1 X140.606 Y149.694 E709.2847
G1 X140.721 Y148.501 E709.32456
G1 X140.989 Y147.326 E709.36465
G1 X141.404 Y146.198 E709.40462
G1 X141.965 Y145.124 E709.44493
G1 X142.653 Y144.139 E709.48489
G1 X143.458 Y143.252 E709.52473
G1 X144.379 Y142.467 E709.56498
G1 X145.392 Y141.808 E709.60517
G1 X146.464 Y141.292 E709.64474
G1 X147.62 Y140.908 E709.68526
G1 X148.796 Y140.679 E709.72511
G1 X150 Y140.602 E709.76523
G1 X151.204 Y140.679 E709.80536
G1 X152.38 Y140.908 E709.84521
G1 X153.536 Y141.292 E709.88572
G1 X154.608 Y141.808 E709.92529
G1 X155.621 Y142.467 E709.96549
G1 X156.542 Y143.252 E710.00574
G1 X157.347 Y144.139 E710.04558
G1 X158.035 Y145.124 E710.08554
G1 X158.596 Y146.198 E710.12584
G1 X159.011 Y147.326 E710.16582
G1 X159.279 Y148.501 E710.2059
G1 X159.394 Y149.694 E710.24576
G1 X159.355 Y150.907 E710.28613
G1 X159.165 Y152.083 E710.32575
G1 X158.819 Y153.25 E710.36623
G1 X158.331 Y154.35 E710.40626
G1 X157.709 Y155.378 E710.44622
G1 X156.961 Y156.315 E710.4861
G0 F9000 X157.256 Y156.587
;TYPE:WALL-OUTER
G1 F2045 X156.351 Y157.462 E710.52797
G1 X155.344 Y158.214 E710.56977
G1 X154.252 Y158.83 E710.61147
G1 X153.088 Y159.301 E710.65323
G1 X151.873 Y159.62 E710.69501
G1 X150.631 Y159.779 E710.73666
G1 X150 Y159.8 E710.75766
G1 X149.369 Y159.779 E710.77866
G1 X148.127 Y159.62 E710.8203
G1 X146.912 Y159.301 E710.86209
G1 X145.748 Y158.83 E710.90385
G1 X144.656 Y158.214 E710.94555
G1 X143.649 Y157.462 E710.98735
G1 X142.744 Y156.587 E711.02922
G1 X141.963 Y155.608 E711.07087
G1 X141.312 Y154.532 E711.1127
G1 X140.804 Y153.386 E711.15439
G1 X140.445 Y152.175 E711.19641
G1 X140.246 Y150.945 E711.23785
G1 X140.205 Y149.684 E711.27981
G1 X140.326 Y148.436 E711.32151
G1 X140.604 Y147.215 E711.36316
G1 X141.04 Y146.031 E711.40513
G1 X141.621 Y144.918 E711.44689
G1 X142.339 Y143.889 E711.48862
G1 X143.18 Y142.963 E711.53023
G1 X144.137 Y142.148 E711.57203
G1 X145.194 Y141.46 E711.61398
G1 X146.32 Y140.918 E711.65554
G1 X147.518 Y140.52 E711.69753
G1 X148.741 Y140.282 E711.73897
G1 X150 Y140.201 E711.78093
G1 X151.259 Y140.282 E711.82289
G1 X152.482 Y140.52 E711.86433
G1 X153.68 Y140.918 E711.90632
G1 X154.806 Y141.46 E711.94789
G1 X155.863 Y142.148 E711.98983
G1 X156.82 Y142.963 E712.03164
G1 X157.661 Y143.889 E712.07325
G1 X158.379 Y144.918 E712.11498
G1 X158.96 Y146.031 E712.15674
G1 X159.396 Y147.215 E712.1987
G1 X159.674 Y148.436 E712.24035
G1 X159.795 Y149.684 E712.28206
G1 X159.754 Y150.945 E712.32402
G1 X159.555 Y152.175 E712.36546
G1 X159.196 Y153.386 E712.40747
G1 X158.688 Y154.532 E712.44916
G1 X158.037 Y155.608 E712.49099
G1 X157.256 Y156.587 E712.53265
G0 F9000 X156.931 Y156.292
G0 X156.444 Y155.843
G0 X154.536 Y157.409
G0 X154.644 Y157.601
;TYPE:FILL
G1 F3067.5 X154.112 Y157.745 E712.55098
G1 X153.51 Y157.786 E712.57105
G1 X152.908 Y157.694 E712.5913
G1 X152.703 Y157.598 E712.59883
G0 F9000 X152.769 Y157.808
G0 X151.879 Y158.025
G0 X150.652 Y158.213
G0 X149.348 Y158.213
G0 X148.121 Y158.025
G0 X147.44 Y157.811
G0 X145.902 Y157.209
G0 X146 Y157.012
G1 F3067.5 X145.684 Y157.273 E712.61246
G1 X145.208 Y157.518 E712.63027
G0 F9000 X145.317 Y157.327
G0 X143.084 Y154.484
G0 X142.476 Y153.366
G0 X142.357 Y153.032
G0 X141.828 Y151.351
G0 X142.045 Y151.309
G1 F3067.5 X141.47 Y150.811 E712.65557
G1 X141.118 Y150.646 E712.6685
G0 F9000 X141.338 Y150.64
G0 X142.121 Y147.426
G0 X142.332 Y147.484
G1 F3067.5 X142.072 Y147.258 E712.67996
G1 X141.677 Y146.846 E712.69894
G0 F9000 X141.882 Y146.922
G0 X144.366 Y143.395
G0 X144.225 Y143.228
G1 F3067.5 X144.48 Y143.297 E712.70773
G1 X145.082 Y143.338 E712.7278
G1 X145.555 Y143.266 E712.74371
G0 F9000 X145.443 Y143.078
G0 X146.545 Y142.465
G0 X146.626 Y142.669
G1 F3067.5 X146.888 Y142.442 E712.75524
G1 X147.49 Y141.814 E712.78417
G1 X148.092 Y141.318 E712.81012
G1 X148.131 Y141.298 E712.81157
G0 F9000 X148.172 Y141.514
G0 X151.029 Y141.369
G0 X151.043 Y141.151
G1 F3067.5 X151.102 Y141.179 E712.81375
G1 X151.704 Y141.701 E712.84025
G1 X152.224 Y142.244 E712.86525
G0 F9000 X152.274 Y142.031
G0 X153.058 Y142.359
G0 X154.66 Y143.139
G0 X154.547 Y143.327
G1 F3067.5 X154.714 Y143.338 E712.87082
G1 X155.316 Y143.246 E712.89108
G1 X155.626 Y143.101 E712.90246
G0 F9000 X155.484 Y143.267
G0 X157.234 Y145.939
G0 X157.049 Y146.058
G1 F3067.5 X157.122 Y145.995 E712.90566
G1 X157.724 Y145.713 E712.92778
G1 X157.795 Y145.702 E712.93017
G0 F9000 X157.6 Y145.803
G0 X158.668 Y150.482
G0 X158.887 Y150.489
G1 F3067.5 X158.326 Y150.641 E712.9495
G1 X158.034 Y150.791 E712.96042
G0 F9000 X158.357 Y150.803
;MESH:NONMESH
G0 F300 X158.357 Y150.803 Z12.6
G0 F9000 X157.524 Y153.366
G0 X157.032 Y154.271
G0 X156.182 Y155.541
G0 X155.975 Y155.324
;TIME_ELAPSED:887.463698
;LAYER:62
;TYPE:WALL-INNER
;MESH:dannypart.STL
G1 F2051.7 X156.718 Y154.35 E713.00116
G1 X157.303 Y153.273 E713.04192
G1 X157.717 Y152.12 E713.08267
G1 X157.951 Y150.918 E713.1234
G1 X157.997 Y149.694 E713.16414
G1 X157.857 Y148.477 E713.20488
G1 X157.533 Y147.294 E713.24568
G1 X157.03 Y146.176 E713.28645
G1 X156.365 Y145.148 E713.32718
G1 X155.549 Y144.233 E713.36795
G1 X154.604 Y143.454 E713.40869
G1 X153.551 Y142.827 E713.44945
G1 X152.415 Y142.37 E713.49017
G1 X151.222 Y142.092 E713.53092
G1 X150 Y141.997 E713.57168
G1 X148.778 Y142.092 E713.61245
G1 X147.585 Y142.37 E713.65319
G1 X146.449 Y142.827 E713.69392
G1 X145.396 Y143.454 E713.73468
G1 X144.451 Y144.233 E713.77541
G1 X143.635 Y145.148 E713.81619
G1 X142.97 Y146.176 E713.85691
G1 X142.467 Y147.294 E713.89769
G1 X142.143 Y148.477 E713.93848
G1 X142.003 Y149.694 E713.97923
G1 X142.049 Y150.918 E714.01997
G1 X142.283 Y152.12 E714.0607
G1 X142.697 Y153.273 E714.10144
G1 X143.282 Y154.35 E714.14221
G1 X144.025 Y155.324 E714.18295
G1 X144.908 Y156.173 E714.22369
G1 X145.91 Y156.879 E714.26446
G1 X147.008 Y157.423 E714.30522
G1 X148.177 Y157.793 E714.346
G1 X149.369 Y157.976 E714.38611
G1 X150 Y158 E714.40711
G1 X150.631 Y157.976 E714.42811
G1 X151.823 Y157.793 E714.46823
G1 X152.992 Y157.423 E714.50901
G1 X154.09 Y156.879 E714.54976
G1 X155.092 Y156.173 E714.59053
G1 X155.975 Y155.324 E714.63127
G0 F9000 X155.676 Y155.057
G1 F2051.7 X156.381 Y154.132 E714.66996
G1 X156.937 Y153.109 E714.70868
G1 X157.33 Y152.014 E714.74738
G1 X157.552 Y150.872 E714.78607
G1 X157.596 Y149.709 E714.82478
G1 X157.463 Y148.553 E714.86348
G1 X157.155 Y147.43 E714.90221
G1 X156.678 Y146.368 E714.94093
G1 X156.046 Y145.391 E714.97964
G1 X155.271 Y144.522 E715.01836
G1 X154.373 Y143.782 E715.05707
G1 X153.373 Y143.187 E715.09577
G1 X152.294 Y142.753 E715.13445
G1 X151.161 Y142.488 E715.17315
G1 X150 Y142.398 E715.21188
G1 X148.839 Y142.488 E715.25061
G1 X147.706 Y142.753 E715.28931
G1 X146.627 Y143.187 E715.32799
G1 X145.627 Y143.782 E715.3667
G1 X144.729 Y144.522 E715.4054
G1 X143.954 Y145.391 E715.44413
G1 X143.322 Y146.368 E715.48283
G1 X142.845 Y147.43 E715.52155
G1 X142.537 Y148.553 E715.56028
G1 X142.404 Y149.709 E715.59898
G1 X142.448 Y150.872 E715.63769
G1 X142.67 Y152.014 E715.67639
G1 X143.063 Y153.109 E715.71508
G1 X143.619 Y154.132 E715.75381
G1 X144.324 Y155.057 E715.79249
G1 X145.163 Y155.864 E715.83121
G1 X146.115 Y156.534 E715.86993
G1 X147.158 Y157.051 E715.90864
G1 X148.268 Y157.402 E715.94737
G1 X149.407 Y157.577 E715.98569
G1 X150 Y157.6 E716.00543
G1 X150.593 Y157.577 E716.02517
G1 X151.732 Y157.402 E716.0635
G1 X152.842 Y157.051 E716.10222
G1 X153.885 Y156.534 E716.14094
G1 X154.837 Y155.864 E716.17966
G1 X155.676 Y155.057 E716.21837
G0 F9000 X155.376 Y154.79
;TYPE:WALL-OUTER
G1 F2051.7 X156.044 Y153.914 E716.25501
G1 X156.571 Y152.945 E716.2917
G1 X156.943 Y151.908 E716.32834
G1 X157.153 Y150.826 E716.365
G1 X157.195 Y149.724 E716.40168
G1 X157.069 Y148.629 E716.43834
G1 X156.777 Y147.566 E716.47501
G1 X156.326 Y146.56 E716.51168
G1 X155.727 Y145.634 E716.54836
G1 X154.993 Y144.811 E716.58504
G1 X154.142 Y144.11 E716.62171
G1 X153.195 Y143.547 E716.65835
G1 X152.173 Y143.135 E716.695
G1 X151.1 Y142.884 E716.73165
G1 X150 Y142.799 E716.76835
G1 X148.9 Y142.884 E716.80504
G1 X147.827 Y143.135 E716.84169
G1 X146.805 Y143.547 E716.87834
G1 X145.858 Y144.11 E716.91499
G1 X145.007 Y144.811 E716.95166
G1 X144.273 Y145.634 E716.98833
G1 X143.674 Y146.56 E717.02502
G1 X143.223 Y147.566 E717.06168
G1 X142.931 Y148.629 E717.09835
G1 X142.805 Y149.724 E717.13501
G1 X142.847 Y150.826 E717.17169
G1 X143.057 Y151.908 E717.20835
G1 X143.429 Y152.945 E717.24499
G1 X143.956 Y153.914 E717.28168
G1 X144.624 Y154.79 E717.31832
G1 X145.418 Y155.555 E717.35499
G1 X146.32 Y156.189 E717.39166
G1 X147.308 Y156.679 E717.42834
G1 X148.359 Y157.011 E717.465
G1 X149.445 Y157.178 E717.50154
G1 X150 Y157.2 E717.52002
G1 X150.555 Y157.178 E717.53849
G1 X151.641 Y157.011 E717.57504
G1 X152.692 Y156.679 E717.6117
G1 X153.68 Y156.189 E717.64838
G1 X154.582 Y155.555 E717.68505
G1 X155.376 Y154.79 E717.72172
G0 F9000 X155.704 Y155.082
G0 X156.163 Y155.56
G0 X156.444 Y155.843
G0 X156.663 Y156.047
;TYPE:WALL-INNER
G1 F2051.7 X155.821 Y156.86 E717.76065
G1 X154.914 Y157.538 E717.79831
G1 X153.908 Y158.106 E717.83674
G1 X152.836 Y158.539 E717.87519
G1 X151.721 Y158.832 E717.91353
G1 X150.565 Y158.981 E717.9523
G1 X150 Y159 E717.9711
G1 X149.435 Y158.981 E717.98991
G1 X148.279 Y158.832 E718.02867
G1 X147.164 Y158.539 E718.06702
G1 X146.092 Y158.106 E718.10547
G1 X145.086 Y157.538 E718.14389
G1 X144.179 Y156.86 E718.18156
G1 X143.337 Y156.047 E718.22049
G1 X142.616 Y155.143 E718.25895
G1 X142.026 Y154.168 E718.29685
G1 X141.555 Y153.107 E718.33546
G1 X141.227 Y151.998 E718.37393
G1 X141.044 Y150.869 E718.41197
G1 X141.007 Y149.704 E718.45073
G1 X141.116 Y148.567 E718.48872
G1 X141.374 Y147.437 E718.52727
G1 X141.768 Y146.365 E718.56526
G1 X142.309 Y145.33 E718.60411
G1 X142.967 Y144.389 E718.6423
G1 X143.74 Y143.536 E718.68058
G1 X144.617 Y142.789 E718.7189
G1 X145.59 Y142.156 E718.75751
G1 X146.608 Y141.666 E718.79508
G1 X147.722 Y141.296 E718.83413
G1 X148.851 Y141.076 E718.87238
G1 X150 Y141.003 E718.91068
G1 X151.149 Y141.076 E718.94897
G1 X152.278 Y141.296 E718.98723
G1 X153.392 Y141.666 E719.02627
G1 X154.41 Y142.156 E719.06384
G1 X155.383 Y142.789 E719.10245
G1 X156.26 Y143.536 E719.14077
G1 X157.033 Y144.389 E719.17906
G1 X157.691 Y145.33 E719.21725
G1 X158.232 Y146.365 E719.25609
G1 X158.626 Y147.437 E719.29408
G1 X158.884 Y148.567 E719.33263
G1 X158.993 Y149.704 E719.37062
G1 X158.956 Y150.869 E719.40939
G1 X158.773 Y151.998 E719.44743
G1 X158.445 Y153.107 E719.48589
G1 X157.974 Y154.168 E719.5245
G1 X157.384 Y155.143 E719.5624
G1 X156.663 Y156.047 E719.60086
G0 F9000 X156.961 Y156.315
G1 F2051.7 X156.086 Y157.161 E719.64134
G1 X155.129 Y157.876 E719.68108
G1 X154.08 Y158.468 E719.72114
G1 X152.962 Y158.92 E719.76125
G1 X151.797 Y159.226 E719.80131
G1 X150.598 Y159.38 E719.84152
G1 X150 Y159.4 E719.86142
G1 X149.402 Y159.38 E719.88132
G1 X148.203 Y159.226 E719.92153
G1 X147.038 Y158.92 E719.96159
G1 X145.92 Y158.468 E720.0017
G1 X144.871 Y157.876 E720.04176
G1 X143.914 Y157.161 E720.08149
G1 X143.039 Y156.315 E720.12197
G1 X142.291 Y155.378 E720.16185
G1 X141.669 Y154.35 E720.20181
G1 X141.181 Y153.25 E720.24184
G1 X140.835 Y152.083 E720.28232
G1 X140.645 Y150.907 E720.32194
G1 X140.606 Y149.694 E720.36231
G1 X140.721 Y148.501 E720.40217
G1 X140.989 Y147.326 E720.44226
G1 X141.404 Y146.198 E720.48223
G1 X141.965 Y145.124 E720.52253
G1 X142.653 Y144.139 E720.5625
G1 X143.458 Y143.252 E720.60234
G1 X144.379 Y142.467 E720.64258
G1 X145.392 Y141.808 E720.68278
G1 X146.464 Y141.292 E720.72235
G1 X147.62 Y140.908 E720.76286
G1 X148.796 Y140.679 E720.80271
G1 X150 Y140.602 E720.84284
G1 X151.204 Y140.679 E720.88297
G1 X152.38 Y140.908 E720.92282
G1 X153.536 Y141.292 E720.96333
G1 X154.608 Y141.808 E721.0029
G1 X155.621 Y142.467 E721.04309
G1 X156.542 Y143.252 E721.08334
G1 X157.347 Y144.139 E721.12318
G1 X158.035 Y145.124 E721.16315
G1 X158.596 Y146.198 E721.20345
G1 X159.011 Y147.326 E721.24342
G1 X159.279 Y148.501 E721.28351
G1 X159.394 Y149.694 E721.32337
G1 X159.355 Y150.907 E721.36374
G1 X159.165 Y152.083 E721.40336
G1 X158.819 Y153.25 E721.44384
G1 X158.331 Y154.35 E721.48387
G1 X157.709 Y155.378 E721.52383
G1 X156.961 Y156.315 E721.56371
G0 F9000 X157.256 Y156.587
;TYPE:WALL-OUTER
G1 F2051.7 X156.351 Y157.462 E721.60558
G1 X155.344 Y158.214 E721.64738
G1 X154.252 Y158.83 E721.68908
G1 X153.088 Y159.301 E721.73084
G1 X151.873 Y159.62 E721.77262
G1 X150.631 Y159.779 E721.81427
G1 X150 Y159.8 E721.83527
G1 X149.369 Y159.779 E721.85627
G1 X148.127 Y159.62 E721.89791
G1 X146.912 Y159.301 E721.93969
G1 X145.748 Y158.83 E721.98146
G1 X144.656 Y158.214 E722.02316
G1 X143.649 Y157.462 E722.06496
G1 X142.744 Y156.587 E722.10683
G1 X141.963 Y155.608 E722.14848
G1 X141.312 Y154.532 E722.19031
G1 X140.804 Y153.386 E722.232
G1 X140.445 Y152.175 E722.27401
G1 X140.246 Y150.945 E722.31546
G1 X140.205 Y149.684 E722.35742
G1 X140.326 Y148.436 E722.39912
G1 X140.604 Y147.215 E722.44077
G1 X141.04 Y146.031 E722.48274
G1 X141.621 Y144.918 E722.5245
G1 X142.339 Y143.889 E722.56623
G1 X143.18 Y142.963 E722.60783
G1 X144.137 Y142.148 E722.64964
G1 X145.194 Y141.46 E722.69159
G1 X146.32 Y140.918 E722.73315
G1 X147.518 Y140.52 E722.77514
G1 X148.741 Y140.282 E722.81658
G1 X150 Y140.201 E722.85854
G1 X151.259 Y140.282 E722.9005
G1 X152.482 Y140.52 E722.94194
G1 X153.68 Y140.918 E722.98393
G1 X154.806 Y141.46 E723.02549
G1 X155.863 Y142.148 E723.06744
G1 X156.82 Y142.963 E723.10925
G1 X157.661 Y143.889 E723.15085
G1 X158.379 Y144.918 E723.19259
G1 X158.96 Y146.031 E723.23435
G1 X159.396 Y147.215 E723.27631
G1 X159.674 Y148.436 E723.31796
G1 X159.795 Y149.684 E723.35966
G1 X159.754 Y150.945 E723.40163
G1 X159.555 Y152.175 E723.44307
G1 X159.196 Y153.386 E723.48508
G1 X158.688 Y154.532 E723.52677
G1 X158.037 Y155.608 E723.5686
G1 X157.256 Y156.587 E723.61025
G0 F9000 X156.931 Y156.292
G0 X156.955 Y155.553
;TYPE:FILL
G1 F3077.5 X156.52 Y155.918 E723.62914
G1 X155.918 Y156.605 E723.65952
G1 X155.515 Y156.99 E723.67806
G0 F9000 X154.994 Y157.381
G1 F3077.5 X154.714 Y157.555 E723.68902
G1 X154.112 Y157.776 E723.71035
G1 X153.51 Y157.875 E723.73064
G1 X152.908 Y157.846 E723.75069
G1 X152.449 Y157.678 E723.76695
G0 F9000 X152.515 Y157.888
G0 X150.652 Y158.213
G0 X149.348 Y158.213
G0 X148.121 Y158.025
G0 X147.147 Y157.718
G0 X145.809 Y157.163
G0 X145.907 Y156.967
G1 F3077.5 X145.684 Y157.18 E723.7772
G1 X145.173 Y157.498 E723.79722
G0 F9000 X145.282 Y157.307
G0 X143.084 Y154.484
G0 X142.476 Y153.366
G0 X142.237 Y152.697
G0 X141.774 Y151.075
G0 X141.991 Y151.034
G1 F3077.5 X141.47 Y150.597 E723.81984
G1 X141.112 Y150.466 E723.83252
G0 F9000 X141.332 Y150.46
G0 X142.071 Y147.608
G0 X142.283 Y147.666
G1 F3077.5 X142.072 Y147.489 E723.84168
G1 X141.627 Y146.981 E723.86414
G0 F9000 X141.832 Y147.057
G0 X144.361 Y143.4
G0 X144.219 Y143.232
G1 F3077.5 X144.48 Y143.328 E723.87339
G1 X145.082 Y143.427 E723.89368
G1 X145.316 Y143.416 E723.90147
G0 F9000 X145.177 Y143.246
G0 X146.955 Y142.301
G0 X147.036 Y142.505
G1 F3077.5 X147.49 Y141.986 E723.92441
G1 X148.092 Y141.411 E723.9521
G1 X148.338 Y141.258 E723.96173
G0 F9000 X148.379 Y141.474
G0 X151.345 Y141.419
G0 X151.387 Y141.204
G1 F3077.5 X151.704 Y141.47 E723.9755
G1 X152.306 Y142.157 E724.00588
G1 X152.456 Y142.301 E724.01279
G0 F9000 X152.538 Y142.098
G0 X152.855 Y142.243
G0 X154.833 Y143.254
G0 X154.693 Y143.424
G1 F3077.5 X154.714 Y143.427 E724.0135
G1 X155.316 Y143.398 E724.03354
G1 X155.777 Y143.229 E724.04987
G0 F9000 X155.635 Y143.396
G0 X157.144 Y145.799
G0 X156.958 Y145.918
G1 F3077.5 X157.122 Y145.781 E724.05698
G1 X157.721 Y145.562 E724.07819
G0 F9000 X157.527 Y145.663
G0 X158.669 Y150.455
G0 X158.888 Y150.462
G1 F3077.5 X158.326 Y150.668 E724.0981
G1 X158.032 Y150.851 E724.10962
G0 F9000 X158.354 Y150.838
;MESH:NONMESH
G0 F300 X158.354 Y150.838 Z12.8
G0 F9000 X157.524 Y153.366
G0 X157.032 Y154.271
G0 X156.182 Y155.541
G0 X155.975 Y155.324
;TIME_ELAPSED:900.510338
;LAYER:63
;TYPE:WALL-INNER
;MESH:dannypart.STL
G1 F2058 X156.718 Y154.35 E724.15037
G1 X157.303 Y153.273 E724.19113
G1 X157.717 Y152.12 E724.23188
G1 X157.951 Y150.918 E724.27261
G1 X157.997 Y149.694 E724.31335
G1 X157.857 Y148.477 E724.35409
G1 X157.533 Y147.294 E724.39489
G1 X157.03 Y146.176 E724.43566
G1 X156.365 Y145.148 E724.47638
G1 X155.549 Y144.233 E724.51716
G1 X154.604 Y143.454 E724.55789
G1 X153.551 Y142.827 E724.59865
G1 X152.415 Y142.37 E724.63938
G1 X151.222 Y142.092 E724.68012
G1 X150 Y141.997 E724.72089
G1 X148.778 Y142.092 E724.76166
G1 X147.585 Y142.37 E724.8024
G1 X146.449 Y142.827 E724.84312
G1 X145.396 Y143.454 E724.88389
G1 X144.451 Y144.233 E724.92462
G1 X143.635 Y145.148 E724.9654
G1 X142.97 Y146.176 E725.00612
G1 X142.467 Y147.294 E725.04689
G1 X142.143 Y148.477 E725.08769
G1 X142.003 Y149.694 E725.12843
G1 X142.049 Y150.918 E725.16917
G1 X142.283 Y152.12 E725.2099
G1 X142.697 Y153.273 E725.25065
G1 X143.282 Y154.35 E725.29141
G1 X144.025 Y155.324 E725.33216
G1 X144.908 Y156.173 E725.3729
G1 X145.91 Y156.879 E725.41367
G1 X147.008 Y157.423 E725.45442
G1 X148.177 Y157.793 E725.49521
G1 X149.369 Y157.976 E725.53532
G1 X150 Y158 E725.55632
G1 X150.631 Y157.976 E725.57732
G1 X151.823 Y157.793 E725.61743
G1 X152.992 Y157.423 E725.65821
G1 X154.09 Y156.879 E725.69897
G1 X155.092 Y156.173 E725.73974
G1 X155.975 Y155.324 E725.78048
G0 F9000 X155.676 Y155.057
G1 F2058 X156.381 Y154.132 E725.81916
G1 X156.937 Y153.109 E725.85789
G1 X157.33 Y152.014 E725.89658
G1 X157.552 Y150.872 E725.93528
G1 X157.596 Y149.709 E725.97399
G1 X157.463 Y148.553 E726.01269
G1 X157.155 Y147.43 E726.05142
G1 X156.678 Y146.368 E726.09014
G1 X156.046 Y145.391 E726.12884
G1 X155.271 Y144.522 E726.16757
G1 X154.373 Y143.782 E726.20627
G1 X153.373 Y143.187 E726.24497
G1 X152.294 Y142.753 E726.28366
G1 X151.161 Y142.488 E726.32236
G1 X150 Y142.398 E726.36109
G1 X148.839 Y142.488 E726.39982
G1 X147.706 Y142.753 E726.43852
G1 X146.627 Y143.187 E726.4772
G1 X145.627 Y143.782 E726.5159
G1 X144.729 Y144.522 E726.55461
G1 X143.954 Y145.391 E726.59333
G1 X143.322 Y146.368 E726.63203
G1 X142.845 Y147.43 E726.67076
G1 X142.537 Y148.553 E726.70949
G1 X142.404 Y149.709 E726.74819
G1 X142.448 Y150.872 E726.7869
G1 X142.67 Y152.014 E726.82559
G1 X143.063 Y153.109 E726.86429
G1 X143.619 Y154.132 E726.90301
G1 X144.324 Y155.057 E726.94169
G1 X145.163 Y155.864 E726.98041
G1 X146.115 Y156.534 E727.01913
G1 X147.158 Y157.051 E727.05785
G1 X148.268 Y157.402 E727.09657
G1 X149.407 Y157.577 E727.1349
G1 X150 Y157.6 E727.15464
G1 X150.593 Y157.577 E727.17438
G1 X151.732 Y157.402 E727.2127
G1 X152.842 Y157.051 E727.25142
G1 X153.885 Y156.534 E727.29014
G1 X154.837 Y155.864 E727.32886
G1 X155.676 Y155.057 E727.36758
G0 F9000 X155.376 Y154.79
;TYPE:WALL-OUTER
G1 F2058 X156.044 Y153.914 E727.40422
G1 X156.571 Y152.945 E727.44091
G1 X156.943 Y151.908 E727.47755
G1 X157.153 Y150.826 E727.51421
G1 X157.195 Y149.724 E727.55089
G1 X157.069 Y148.629 E727.58755
G1 X156.777 Y147.566 E727.62421
G1 X156.326 Y146.56 E727.66088
G1 X155.727 Y145.634 E727.69756
G1 X154.993 Y144.811 E727.73424
G1 X154.142 Y144.11 E727.77091
G1 X153.195 Y143.547 E727.80756
G1 X152.173 Y143.135 E727.84421
G1 X151.1 Y142.884 E727.88086
G1 X150 Y142.799 E727.91755
G1 X148.9 Y142.884 E727.95425
G1 X147.827 Y143.135 E727.9909
G1 X146.805 Y143.547 E728.02755
G1 X145.858 Y144.11 E728.06419
G1 X145.007 Y144.811 E728.10086
G1 X144.273 Y145.634 E728.13754
G1 X143.674 Y146.56 E728.17422
G1 X143.223 Y147.566 E728.21089
G1 X142.931 Y148.629 E728.24756
G1 X142.805 Y149.724 E728.28422
G1 X142.847 Y150.826 E728.32089
G1 X143.057 Y151.908 E728.35755
G1 X143.429 Y152.945 E728.3942
G1 X143.956 Y153.914 E728.43088
G1 X144.624 Y154.79 E728.46752
G1 X145.418 Y155.555 E728.5042
G1 X146.32 Y156.189 E728.54087
G1 X147.308 Y156.679 E728.57755
G1 X148.359 Y157.011 E728.61421
G1 X149.445 Y157.178 E728.65075
G1 X150 Y157.2 E728.66922
G1 X150.555 Y157.178 E728.6877
G1 X151.641 Y157.011 E728.72424
G1 X152.692 Y156.679 E728.7609
G1 X153.68 Y156.189 E728.79758
G1 X154.582 Y155.555 E728.83425
G1 X155.376 Y154.79 E728.87092
G0 F9000 X155.704 Y155.082
G0 X156.163 Y155.56
G0 X156.444 Y155.843
G0 X156.663 Y156.047
;TYPE:WALL-INNER
G1 F2058 X155.821 Y156.86 E728.90985
G1 X154.914 Y157.538 E728.94752
G1 X153.908 Y158.106 E728.98594
G1 X152.836 Y158.539 E729.0244
G1 X151.721 Y158.832 E729.06274
G1 X150.565 Y158.981 E729.10151
G1 X150 Y159 E729.12031
G1 X149.435 Y158.981 E729.13911
G1 X148.279 Y158.832 E729.17788
G1 X147.164 Y158.539 E729.21622
G1 X146.092 Y158.106 E729.25468
G1 X145.086 Y157.538 E729.2931
G1 X144.179 Y156.86 E729.33076
G1 X143.337 Y156.047 E729.36969
G1 X142.616 Y155.143 E729.40815
G1 X142.026 Y154.168 E729.44606
G1 X141.555 Y153.107 E729.48467
G1 X141.227 Y151.998 E729.52313
G1 X141.044 Y150.869 E729.56117
G1 X141.007 Y149.704 E729.59994
G1 X141.116 Y148.567 E729.63793
G1 X141.374 Y147.437 E729.67648
G1 X141.768 Y146.365 E729.71447
G1 X142.309 Y145.33 E729.75331
G1 X142.967 Y144.389 E729.7915
G1 X143.74 Y143.536 E729.82979
G1 X144.617 Y142.789 E729.8681
G1 X145.59 Y142.156 E729.90671
G1 X146.608 Y141.666 E729.94429
G1 X147.722 Y141.296 E729.98333
G1 X148.851 Y141.076 E730.02159
G1 X150 Y141.003 E730.05988
G1 X151.149 Y141.076 E730.09817
G1 X152.278 Y141.296 E730.13643
G1 X153.392 Y141.666 E730.17547
G1 X154.41 Y142.156 E730.21305
G1 X155.383 Y142.789 E730.25166
G1 X156.26 Y143.536 E730.28997
G1 X157.033 Y144.389 E730.32826
G1 X157.691 Y145.33 E730.36645
G1 X158.232 Y146.365 E730.4053
G1 X158.626 Y147.437 E730.44328
G1 X158.884 Y148.567 E730.48183
G1 X158.993 Y149.704 E730.51982
G1 X158.956 Y150.869 E730.55859
G1 X158.773 Y151.998 E730.59663
G1 X158.445 Y153.107 E730.6351
G1 X157.974 Y154.168 E730.67371
G1 X157.384 Y155.143 E730.71161
G1 X156.663 Y156.047 E730.75007
G0 F9000 X156.961 Y156.315
G1 F2058 X156.086 Y157.161 E730.79055
G1 X155.129 Y157.876 E730.83028
G1 X154.08 Y158.468 E730.87035
G1 X152.962 Y158.92 E730.91045
G1 X151.797 Y159.226 E730.95052
G1 X150.598 Y159.38 E730.99072
G1 X150 Y159.4 E731.01062
G1 X149.402 Y159.38 E731.03052
G1 X148.203 Y159.226 E731.07073
G1 X147.038 Y158.92 E731.11079
G1 X145.92 Y158.468 E731.1509
G1 X144.871 Y157.876 E731.19097
G1 X143.914 Y157.161 E731.2307
G1 X143.039 Y156.315 E731.27118
G1 X142.291 Y155.378 E731.31106
G1 X141.669 Y154.35 E731.35102
G1 X141.181 Y153.25 E731.39104
G1 X140.835 Y152.083 E731.43153
G1 X140.645 Y150.907 E731.47115
G1 X140.606 Y149.694 E731.51151
G1 X140.721 Y148.501 E731.55138
G1 X140.989 Y147.326 E731.59146
G1 X141.404 Y146.198 E731.63144
G1 X141.965 Y145.124 E731.67174
G1 X142.653 Y144.139 E731.7117
G1 X143.458 Y143.252 E731.75154
G1 X144.379 Y142.467 E731.79179
G1 X145.392 Y141.808 E731.83199
G1 X146.464 Y141.292 E731.87156
G1 X147.62 Y140.908 E731.91207
G1 X148.796 Y140.679 E731.95192
G1 X150 Y140.602 E731.99205
G1 X151.204 Y140.679 E732.03217
G1 X152.38 Y140.908 E732.07202
G1 X153.536 Y141.292 E732.11254
G1 X154.608 Y141.808 E732.15211
G1 X155.621 Y142.467 E732.1923
G1 X156.542 Y143.252 E732.23255
G1 X157.347 Y144.139 E732.27239
G1 X158.035 Y145.124 E732.31235
G1 X158.596 Y146.198 E732.35265
G1 X159.011 Y147.326 E732.39263
G1 X159.279 Y148.501 E732.43271
G1 X159.394 Y149.694 E732.47258
G1 X159.355 Y150.907 E732.51294
G1 X159.165 Y152.083 E732.55256
G1 X158.819 Y153.25 E732.59305
G1 X158.331 Y154.35 E732.63307
G1 X157.709 Y155.378 E732.67304
G1 X156.961 Y156.315 E732.71291
G0 F9000 X157.256 Y156.587
;TYPE:WALL-OUTER
G1 F2058 X156.351 Y157.462 E732.75478
G1 X155.344 Y158.214 E732.79658
G1 X154.252 Y158.83 E732.83828
G1 X153.088 Y159.301 E732.88005
G1 X151.873 Y159.62 E732.92183
G1 X150.631 Y159.779 E732.96347
G1 X150 Y159.8 E732.98447
G1 X149.369 Y159.779 E733.00547
G1 X148.127 Y159.62 E733.04712
G1 X146.912 Y159.301 E733.0889
G1 X145.748 Y158.83 E733.13066
G1 X144.656 Y158.214 E733.17236
G1 X143.649 Y157.462 E733.21416
G1 X142.744 Y156.587 E733.25603
G1 X141.963 Y155.608 E733.29769
G1 X141.312 Y154.532 E733.33952
G1 X140.804 Y153.386 E733.38121
G1 X140.445 Y152.175 E733.42322
G1 X140.246 Y150.945 E733.46466
G1 X140.205 Y149.684 E733.50662
G1 X140.326 Y148.436 E733.54833
G1 X140.604 Y147.215 E733.58998
G1 X141.04 Y146.031 E733.63194
G1 X141.621 Y144.918 E733.6737
G1 X142.339 Y143.889 E733.71543
G1 X143.18 Y142.963 E733.75704
G1 X144.137 Y142.148 E733.79885
G1 X145.194 Y141.46 E733.84079
G1 X146.32 Y140.918 E733.88236
G1 X147.518 Y140.52 E733.92435
G1 X148.741 Y140.282 E733.96579
G1 X150 Y140.201 E734.00775
G1 X151.259 Y140.282 E734.04971
G1 X152.482 Y140.52 E734.09115
G1 X153.68 Y140.918 E734.13314
G1 X154.806 Y141.46 E734.1747
G1 X155.863 Y142.148 E734.21665
G1 X156.82 Y142.963 E734.25845
G1 X157.661 Y143.889 E734.30006
G1 X158.379 Y144.918 E734.34179
G1 X158.96 Y146.031 E734.38355
G1 X159.396 Y147.215 E734.42552
G1 X159.674 Y148.436 E734.46717
G1 X159.795 Y149.684 E734.50887
G1 X159.754 Y150.945 E734.55083
G1 X159.555 Y152.175 E734.59227
G1 X159.196 Y153.386 E734.63429
G1 X158.688 Y154.532 E734.67598
G1 X158.037 Y155.608 E734.71781
G1 X157.256 Y156.587 E734.75946
G0 F9000 X156.931 Y156.292
G0 X156.444 Y155.843
G0 X157.13 Y154.981
G0 X157.301 Y155.118
;TYPE:FILL
G1 F3087 X157.122 Y155.161 E734.76558
G1 X156.52 Y155.644 E734.79125
G1 X155.918 Y156.419 E734.82389
G1 X155.316 Y157.094 E734.85398
G1 X154.714 Y157.542 E734.87893
G1 X154.112 Y157.822 E734.90102
G1 X153.51 Y157.981 E734.92173
G1 X152.908 Y158.021 E734.94179
G1 X152.306 Y157.878 E734.96237
G1 X152.168 Y157.768 E734.96824
G0 F9000 X152.233 Y157.977
G0 X150.652 Y158.213
G0 X149.348 Y158.213
G0 X148.121 Y158.025
G0 X147.147 Y157.718
G0 X145.709 Y157.103
G0 X145.836 Y156.924
G1 F3087 X145.684 Y157.094 E734.97583
G1 X145.155 Y157.488 E734.99777
G0 F9000 X145.264 Y157.297
G0 X143.084 Y154.484
G0 X142.476 Y153.366
G0 X142.134 Y152.409
G0 X141.743 Y150.748
G0 X141.964 Y150.741
G1 F3087 X141.47 Y150.345 E735.01882
G1 X141.105 Y150.258 E735.0313
G0 F9000 X141.326 Y150.252
G0 X142.011 Y147.826
G0 X142.223 Y147.884
G1 F3087 X142.072 Y147.763 E735.03774
G1 X141.575 Y147.123 E735.06469
G0 F9000 X141.78 Y147.199
G0 X144.345 Y143.413
G0 X144.204 Y143.246
G1 F3087 X144.48 Y143.374 E735.07481
G1 X145.082 Y143.533 E735.09552
G1 X145.167 Y143.539 E735.09835
G0 F9000 X145.028 Y143.369
G0 X145.772 Y142.941
G0 X147.24 Y142.187
G0 X147.321 Y142.39
G1 F3087 X147.49 Y142.172 E735.10753
G1 X148.092 Y141.497 E735.13761
G1 X148.44 Y141.238 E735.15204
G0 F9000 X148.481 Y141.454
G0 X151.726 Y141.493
G0 X151.768 Y141.278
G1 F3087 X152.306 Y141.971 E735.18122
G1 X152.68 Y142.39 E735.1999
G0 F9000 X152.762 Y142.188
G0 X153.269 Y142.427
G0 X154.976 Y143.372
G0 X154.836 Y143.541
G1 F3087 X155.316 Y143.573 E735.2159
G1 X155.918 Y143.43 E735.23648
G1 X155.967 Y143.391 E735.23856
G0 F9000 X155.825 Y143.558
G0 X157.035 Y145.629
G0 X156.849 Y145.748
G1 F3087 X157.122 Y145.529 E735.2502
G1 X157.64 Y145.406 E735.26791
G0 F9000 X157.445 Y145.507
G0 X158.67 Y150.412
G0 X158.89 Y150.419
G1 F3087 X158.326 Y150.681 E735.28859
G1 X158.03 Y150.901 E735.30086
G0 F9000 X158.347 Y150.887
;MESH:NONMESH
G0 F300 X158.347 Y150.887 Z13
G0 F9000 X157.524 Y153.366
G0 X157.032 Y154.271
G0 X156.182 Y155.541
G0 X155.975 Y155.324
;TIME_ELAPSED:913.541193
;LAYER:64
;TYPE:WALL-INNER
;MESH:dannypart.STL
G1 F2061.2 X156.718 Y154.35 E735.3416
G1 X157.303 Y153.273 E735.38237
G1 X157.717 Y152.12 E735.42311
G1 X157.951 Y150.918 E735.46384
G1 X157.997 Y149.694 E735.50458
G1 X157.857 Y148.477 E735.54533
G1 X157.533 Y147.294 E735.58612
G1 X157.03 Y146.176 E735.6269
G1 X156.365 Y145.148 E735.66762
G1 X155.549 Y144.233 E735.7084
G1 X154.604 Y143.454 E735.74913
G1 X153.551 Y142.827 E735.78989
G1 X152.415 Y142.37 E735.83062
G1 X151.222 Y142.092 E735.87136
G1 X150 Y141.997 E735.91213
G1 X148.778 Y142.092 E735.95289
G1 X147.585 Y142.37 E735.99364
G1 X146.449 Y142.827 E736.03436
G1 X145.396 Y143.454 E736.07512
G1 X144.451 Y144.233 E736.11586
G1 X143.635 Y145.148 E736.15663
G1 X142.97 Y146.176 E736.19736
G1 X142.467 Y147.294 E736.23813
G1 X142.143 Y148.477 E736.27893
G1 X142.003 Y149.694 E736.31967
G1 X142.049 Y150.918 E736.36041
G1 X142.283 Y152.12 E736.40114
G1 X142.697 Y153.273 E736.44189
G1 X143.282 Y154.35 E736.48265
G1 X144.025 Y155.324 E736.52339
G1 X144.908 Y156.173 E736.56414
G1 X145.91 Y156.879 E736.6049
G1 X147.008 Y157.423 E736.64566
G1 X148.177 Y157.793 E736.68644
G1 X149.369 Y157.976 E736.72655
G1 X150 Y158 E736.74756
G1 X150.631 Y157.976 E736.76856
G1 X151.823 Y157.793 E736.80867
G1 X152.992 Y157.423 E736.84945
G1 X154.09 Y156.879 E736.89021
G1 X155.092 Y156.173 E736.93098
G1 X155.975 Y155.324 E736.97172
G0 F9000 X155.676 Y155.057
G1 F2061.2 X156.381 Y154.132 E737.0104
G1 X156.937 Y153.109 E737.04913
G1 X157.33 Y152.014 E737.08782
G1 X157.552 Y150.872 E737.12651
G1 X157.596 Y149.709 E737.16522
G1 X157.463 Y148.553 E737.20393
G1 X157.155 Y147.43 E737.24266
G1 X156.678 Y146.368 E737.28138
G1 X156.046 Y145.391 E737.32008
G1 X155.271 Y144.522 E737.35881
G1 X154.373 Y143.782 E737.39751
G1 X153.373 Y143.187 E737.43621
G1 X152.294 Y142.753 E737.47489
G1 X151.161 Y142.488 E737.51359
G1 X150 Y142.398 E737.55232
G1 X148.839 Y142.488 E737.59106
G1 X147.706 Y142.753 E737.62976
G1 X146.627 Y143.187 E737.66844
G1 X145.627 Y143.782 E737.70714
G1 X144.729 Y144.522 E737.74584
G1 X143.954 Y145.391 E737.78457
G1 X143.322 Y146.368 E737.82327
G1 X142.845 Y147.43 E737.86199
G1 X142.537 Y148.553 E737.90072
G1 X142.404 Y149.709 E737.93943
G1 X142.448 Y150.872 E737.97814
G1 X142.67 Y152.014 E738.01683
G1 X143.063 Y153.109 E738.05552
G1 X143.619 Y154.132 E738.09425
G1 X144.324 Y155.057 E738.13293
G1 X145.163 Y155.864 E738.17165
G1 X146.115 Y156.534 E738.21037
G1 X147.158 Y157.051 E738.24909
G1 X148.268 Y157.402 E738.28781
G1 X149.407 Y157.577 E738.32614
G1 X150 Y157.6 E738.34587
G1 X150.593 Y157.577 E738.36561
G1 X151.732 Y157.402 E738.40394
G1 X152.842 Y157.051 E738.44266
G1 X153.885 Y156.534 E738.48138
G1 X154.837 Y155.864 E738.5201
G1 X155.676 Y155.057 E738.55882
G0 F9000 X155.376 Y154.79
;TYPE:WALL-OUTER
G1 F2061.2 X156.044 Y153.914 E738.59546
G1 X156.571 Y152.945 E738.63215
G1 X156.943 Y151.908 E738.66879
G1 X157.153 Y150.826 E738.70545
G1 X157.195 Y149.724 E738.74213
G1 X157.069 Y148.629 E738.77879
G1 X156.777 Y147.566 E738.81545
G1 X156.326 Y146.56 E738.85212
G1 X155.727 Y145.634 E738.8888
G1 X154.993 Y144.811 E738.92548
G1 X154.142 Y144.11 E738.96215
G1 X153.195 Y143.547 E738.99879
G1 X152.173 Y143.135 E739.03544
G1 X151.1 Y142.884 E739.07209
G1 X150 Y142.799 E739.10879
G1 X148.9 Y142.884 E739.14548
G1 X147.827 Y143.135 E739.18214
G1 X146.805 Y143.547 E739.21879
G1 X145.858 Y144.11 E739.25543
G1 X145.007 Y144.811 E739.2921
G1 X144.273 Y145.634 E739.32878
G1 X143.674 Y146.56 E739.36546
G1 X143.223 Y147.566 E739.40213
G1 X142.931 Y148.629 E739.43879
G1 X142.805 Y149.724 E739.47545
G1 X142.847 Y150.826 E739.51213
G1 X143.057 Y151.908 E739.54879
G1 X143.429 Y152.945 E739.58543
G1 X143.956 Y153.914 E739.62212
G1 X144.624 Y154.79 E739.65876
G1 X145.418 Y155.555 E739.69543
G1 X146.32 Y156.189 E739.7321
G1 X147.308 Y156.679 E739.76878
G1 X148.359 Y157.011 E739.80544
G1 X149.445 Y157.178 E739.84199
G1 X150 Y157.2 E739.86046
G1 X150.555 Y157.178 E739.87894
G1 X151.641 Y157.011 E739.91548
G1 X152.692 Y156.679 E739.95214
G1 X153.68 Y156.189 E739.98882
G1 X154.582 Y155.555 E740.02549
G1 X155.376 Y154.79 E740.06216
G0 F9000 X155.704 Y155.082
G0 X156.163 Y155.56
G0 X156.444 Y155.843
G0 X156.663 Y156.047
;TYPE:WALL-INNER
G1 F2061.2 X155.821 Y156.86 E740.10109
G1 X154.914 Y157.538 E740.13875
G1 X153.908 Y158.106 E740.17718
G1 X152.836 Y158.539 E740.21563
G1 X151.721 Y158.832 E740.25398
G1 X150.565 Y158.981 E740.29274
G1 X150 Y159 E740.31155
G1 X149.435 Y158.981 E740.33035
G1 X148.279 Y158.832 E740.36912
G1 X147.164 Y158.539 E740.40746
G1 X146.092 Y158.106 E740.44591
G1 X145.086 Y157.538 E740.48434
G1 X144.179 Y156.86 E740.522
G1 X143.337 Y156.047 E740.56093
G1 X142.616 Y155.143 E740.59939
G1 X142.026 Y154.168 E740.63729
G1 X141.555 Y153.107 E740.6759
G1 X141.227 Y151.998 E740.71437
G1 X141.044 Y150.869 E740.75241
G1 X141.007 Y149.704 E740.79118
G1 X141.116 Y148.567 E740.82917
G1 X141.374 Y147.437 E740.86772
G1 X141.768 Y146.365 E740.90571
G1 X142.309 Y145.33 E740.94455
G1 X142.967 Y144.389 E740.98274
G1 X143.74 Y143.536 E741.02103
G1 X144.617 Y142.789 E741.05934
G1 X145.59 Y142.156 E741.09795
G1 X146.608 Y141.666 E741.13553
G1 X147.722 Y141.296 E741.17457
G1 X148.851 Y141.076 E741.21283
G1 X150 Y141.003 E741.25112
G1 X151.149 Y141.076 E741.28941
G1 X152.278 Y141.296 E741.32767
G1 X153.392 Y141.666 E741.36671
G1 X154.41 Y142.156 E741.40429
G1 X155.383 Y142.789 E741.4429
G1 X156.26 Y143.536 E741.48121
G1 X157.033 Y144.389 E741.5195
G1 X157.691 Y145.33 E741.55769
G1 X158.232 Y146.365 E741.59653
G1 X158.626 Y147.437 E741.63452
G1 X158.884 Y148.567 E741.67307
G1 X158.993 Y149.704 E741.71106
G1 X158.956 Y150.869 E741.74983
G1 X158.773 Y151.998 E741.78787
G1 X158.445 Y153.107 E741.82633
G1 X157.974 Y154.168 E741.86494
G1 X157.384 Y155.143 E741.90285
G1 X156.663 Y156.047 E741.94131
G0 F9000 X156.961 Y156.315
G1 F2061.2 X156.086 Y157.161 E741.98179
G1 X155.129 Y157.876 E742.02152
G1 X154.08 Y158.468 E742.06158
G1 X152.962 Y158.92 E742.10169
G1 X151.797 Y159.226 E742.14175
G1 X150.598 Y159.38 E742.18196
G1 X150 Y159.4 E742.20186
G1 X149.402 Y159.38 E742.22176
G1 X148.203 Y159.226 E742.26197
G1 X147.038 Y158.92 E742.30203
G1 X145.92 Y158.468 E742.34214
G1 X144.871 Y157.876 E742.3822
G1 X143.914 Y157.161 E742.42194
G1 X143.039 Y156.315 E742.46242
G1 X142.291 Y155.378 E742.50229
G1 X141.669 Y154.35 E742.54226
G1 X141.181 Y153.25 E742.58228
G1 X140.835 Y152.083 E742.62277
G1 X140.645 Y150.907 E742.66239
G1 X140.606 Y149.694 E742.70275
G1 X140.721 Y148.501 E742.74262
G1 X140.989 Y147.326 E742.7827
G1 X141.404 Y146.198 E742.82268
G1 X141.965 Y145.124 E742.86298
G1 X142.653 Y144.139 E742.90294
G1 X143.458 Y143.252 E742.94278
G1 X144.379 Y142.467 E742.98303
G1 X145.392 Y141.808 E743.02322
G1 X146.464 Y141.292 E743.06279
G1 X147.62 Y140.908 E743.10331
G1 X148.796 Y140.679 E743.14316
G1 X150 Y140.602 E743.18328
G1 X151.204 Y140.679 E743.22341
G1 X152.38 Y140.908 E743.26326
G1 X153.536 Y141.292 E743.30377
G1 X154.608 Y141.808 E743.34334
G1 X155.621 Y142.467 E743.38354
G1 X156.542 Y143.252 E743.42379
G1 X157.347 Y144.139 E743.46363
G1 X158.035 Y145.124 E743.50359
G1 X158.596 Y146.198 E743.54389
G1 X159.011 Y147.326 E743.58387
G1 X159.279 Y148.501 E743.62395
G1 X159.394 Y149.694 E743.66381
G1 X159.355 Y150.907 E743.70418
G1 X159.165 Y152.083 E743.7438
G1 X158.819 Y153.25 E743.78429
G1 X158.331 Y154.35 E743.82431
G1 X157.709 Y155.378 E743.86427
G1 X156.961 Y156.315 E743.90415
G0 F9000 X157.256 Y156.587
;TYPE:WALL-OUTER
G1 F2061.2 X156.351 Y157.462 E743.94602
G1 X155.344 Y158.214 E743.98782
G1 X154.252 Y158.83 E744.02952
G1 X153.088 Y159.301 E744.07129
G1 X151.873 Y159.62 E744.11307
G1 X150.631 Y159.779 E744.15471
G1 X150 Y159.8 E744.17571
G1 X149.369 Y159.779 E744.19671
G1 X148.127 Y159.62 E744.23836
G1 X146.912 Y159.301 E744.28014
G1 X145.748 Y158.83 E744.3219
G1 X144.656 Y158.214 E744.3636
G1 X143.649 Y157.462 E744.4054
G1 X142.744 Y156.587 E744.44727
G1 X141.963 Y155.608 E744.48892
G1 X141.312 Y154.532 E744.53075
G1 X140.804 Y153.386 E744.57245
G1 X140.445 Y152.175 E744.61446
G1 X140.246 Y150.945 E744.6559
G1 X140.205 Y149.684 E744.69786
G1 X140.326 Y148.436 E744.73957
G1 X140.604 Y147.215 E744.78122
G1 X141.04 Y146.031 E744.82318
G1 X141.621 Y144.918 E744.86494
G1 X142.339 Y143.889 E744.90667
G1 X143.18 Y142.963 E744.94828
G1 X144.137 Y142.148 E744.99009
G1 X145.194 Y141.46 E745.03203
G1 X146.32 Y140.918 E745.0736
G1 X147.518 Y140.52 E745.11558
G1 X148.741 Y140.282 E745.15702
G1 X150 Y140.201 E745.19898
G1 X151.259 Y140.282 E745.24095
G1 X152.482 Y140.52 E745.28239
G1 X153.68 Y140.918 E745.32437
G1 X154.806 Y141.46 E745.36594
G1 X155.863 Y142.148 E745.40788
G1 X156.82 Y142.963 E745.44969
G1 X157.661 Y143.889 E745.4913
G1 X158.379 Y144.918 E745.53303
G1 X158.96 Y146.031 E745.57479
G1 X159.396 Y147.215 E745.61675
G1 X159.674 Y148.436 E745.6584
G1 X159.795 Y149.684 E745.70011
G1 X159.754 Y150.945 E745.74207
G1 X159.555 Y152.175 E745.78351
G1 X159.196 Y153.386 E745.82552
G1 X158.688 Y154.532 E745.86722
G1 X158.037 Y155.608 E745.90904
G1 X157.256 Y156.587 E745.9507
G0 F9000 X156.931 Y156.292
G0 X156.444 Y155.843
G0 X157.294 Y154.713
G0 X157.481 Y154.827
;TYPE:FILL
G1 F3091.7 X157.122 Y154.848 E745.96266
G1 X156.52 Y155.28 E745.9873
G1 X155.918 Y156.201 E746.0239
G1 X155.316 Y157.013 E746.05752
G1 X154.714 Y157.542 E746.08417
G1 X154.112 Y157.884 E746.1072
G1 X153.51 Y158.105 E746.12853
G1 X152.908 Y158.226 E746.14895
G1 X152.306 Y158.191 E746.16901
G1 X151.854 Y157.867 E746.18751
G0 F9000 X151.919 Y158.076
G0 X150 Y158.24
G0 X149.348 Y158.213
G0 X148.121 Y158.025
G0 X147.147 Y157.718
G0 X145.653 Y157.063
G0 X145.779 Y156.885
G1 F3091.7 X145.684 Y157.013 E746.19281
G1 X145.148 Y157.484 E746.21654
G0 F9000 X145.257 Y157.293
G0 X143.084 Y154.484
G0 X142.476 Y153.366
G0 X142.134 Y152.409
G0 X141.729 Y150.383
G0 X141.95 Y150.376
G1 F3091.7 X141.47 Y150.032 E746.23618
G1 X141.097 Y150.01 E746.24861
G0 F9000 X141.317 Y150.004
G0 X141.93 Y148.12
G0 X142.142 Y148.178
G1 F3091.7 X142.072 Y148.127 E746.25149
G1 X141.518 Y147.279 E746.28518
G0 F9000 X141.723 Y147.355
G0 X144.321 Y143.434
G0 X144.18 Y143.266
G1 F3091.7 X144.48 Y143.436 E746.29665
G1 X145.041 Y143.642 E746.31653
G0 F9000 X144.902 Y143.472
G0 X146.068 Y142.776
G0 X147.512 Y142.08
G0 X147.561 Y142.294
G1 F3091.7 X148.092 Y141.578 E746.34618
G1 X148.49 Y141.228 E746.3638
G0 F9000 X148.531 Y141.444
G0 X151.987 Y141.544
G0 X152.029 Y141.329
G1 F3091.7 X152.306 Y141.753 E746.38065
G1 X152.82 Y142.447 E746.40937
G0 F9000 X152.902 Y142.244
G0 X153.33 Y142.451
G0 X155.202 Y143.558
G0 X155.062 Y143.727
G1 F3091.7 X155.316 Y143.778 E746.41799
G1 X155.918 Y143.743 E746.43805
G1 X156.169 Y143.563 E746.44832
G0 F9000 X156.027 Y143.73
G0 X156.886 Y145.399
G0 X156.701 Y145.518
G1 F3091.7 X157.122 Y145.216 E746.46555
G1 X157.497 Y145.194 E746.47805
G0 F9000 X157.316 Y145.319
G0 X158.672 Y150.353
G0 X158.892 Y150.36
G1 F3091.7 X158.326 Y150.681 E746.49969
G1 X158.026 Y150.945 E746.51298
G0 F9000 X158.327 Y151.011
;MESH:NONMESH
G0 F300 X158.327 Y151.011 Z13.2
G0 F9000 X157.524 Y153.366
G0 X157.032 Y154.271
G0 X156.182 Y155.541
G0 X155.975 Y155.324
;TIME_ELAPSED:926.587320
;LAYER:65
;TYPE:WALL-INNER
;MESH:dannypart.STL
G1 F2062.8 X156.718 Y154.35 E746.55372
G1 X157.303 Y153.273 E746.59449
G1 X157.717 Y152.12 E746.63523
G1 X157.951 Y150.918 E746.67596
G1 X157.997 Y149.694 E746.7167
G1 X157.857 Y148.477 E746.75745
G1 X157.533 Y147.294 E746.79824
G1 X157.03 Y146.176 E746.83902
G1 X156.365 Y145.148 E746.87974
G1 X155.549 Y144.233 E746.92052
G1 X154.604 Y143.454 E746.96125
G1 X153.551 Y142.827 E747.00201
G1 X152.415 Y142.37 E747.04274
G1 X151.222 Y142.092 E747.08348
G1 X150 Y141.997 E747.12425
G1 X148.778 Y142.092 E747.16501
G1 X147.585 Y142.37 E747.20576
G1 X146.449 Y142.827 E747.24648
G1 X145.396 Y143.454 E747.28724
G1 X144.451 Y144.233 E747.32798
G1 X143.635 Y145.148 E747.36875
G1 X142.97 Y146.176 E747.40948
G1 X142.467 Y147.294 E747.45025
G1 X142.143 Y148.477 E747.49105
G1 X142.003 Y149.694 E747.53179
G1 X142.049 Y150.918 E747.57253
G1 X142.283 Y152.12 E747.61326
G1 X142.697 Y153.273 E747.65401
G1 X143.282 Y154.35 E747.69477
G1 X144.025 Y155.324 E747.73551
G1 X144.908 Y156.173 E747.77626
G1 X145.91 Y156.879 E747.81702
G1 X147.008 Y157.423 E747.85778
G1 X148.177 Y157.793 E747.89856
G1 X149.369 Y157.976 E747.93867
G1 X150 Y158 E747.95968
G1 X150.631 Y157.976 E747.98068
G1 X151.823 Y157.793 E748.02079
G1 X152.992 Y157.423 E748.06157
G1 X154.09 Y156.879 E748.10233
G1 X155.092 Y156.173 E748.1431
G1 X155.975 Y155.324 E748.18384
G0 F9000 X155.676 Y155.057
G1 F2062.8 X156.381 Y154.132 E748.22252
G1 X156.937 Y153.109 E748.26125
G1 X157.33 Y152.014 E748.29994
G1 X157.552 Y150.872 E748.33863
G1 X157.596 Y149.709 E748.37734
G1 X157.463 Y148.553 E748.41605
G1 X157.155 Y147.43 E748.45478
G1 X156.678 Y146.368 E748.4935
G1 X156.046 Y145.391 E748.5322
G1 X155.271 Y144.522 E748.57093
G1 X154.373 Y143.782 E748.60963
G1 X153.373 Y143.187 E748.64833
G1 X152.294 Y142.753 E748.68701
G1 X151.161 Y142.488 E748.72571
G1 X150 Y142.398 E748.76444
G1 X148.839 Y142.488 E748.80318
G1 X147.706 Y142.753 E748.84188
G1 X146.627 Y143.187 E748.88056
G1 X145.627 Y143.782 E748.91926
G1 X144.729 Y144.522 E748.95796
G1 X143.954 Y145.391 E748.99669
G1 X143.322 Y146.368 E749.03539
G1 X142.845 Y147.43 E749.07411
G1 X142.537 Y148.553 E749.11284
G1 X142.404 Y149.709 E749.15155
G1 X142.448 Y150.872 E749.19026
G1 X142.67 Y152.014 E749.22895
G1 X143.063 Y153.109 E749.26764
G1 X143.619 Y154.132 E749.30637
G1 X144.324 Y155.057 E749.34505
G1 X145.163 Y155.864 E749.38377
G1 X146.115 Y156.534 E749.42249
G1 X147.158 Y157.051 E749.46121
G1 X148.268 Y157.402 E749.49993
G1 X149.407 Y157.577 E749.53826
G1 X150 Y157.6 E749.558
G1 X150.593 Y157.577 E749.57773
G1 X151.732 Y157.402 E749.61606
G1 X152.842 Y157.051 E749.65478
G1 X153.885 Y156.534 E749.6935
G1 X154.837 Y155.864 E749.73222
G1 X155.676 Y155.057 E749.77094
G0 F9000 X155.376 Y154.79
;TYPE:WALL-OUTER
G1 F2062.8 X156.044 Y153.914 E749.80758
G1 X156.571 Y152.945 E749.84427
G1 X156.943 Y151.908 E749.88091
G1 X157.153 Y150.826 E749.91757
G1 X157.195 Y149.724 E749.95425
G1 X157.069 Y148.629 E749.99091
G1 X156.777 Y147.566 E750.02757
G1 X156.326 Y146.56 E750.06424
G1 X155.727 Y145.634 E750.10092
G1 X154.993 Y144.811 E750.1376
G1 X154.142 Y144.11 E750.17427
G1 X153.195 Y143.547 E750.21091
G1 X152.173 Y143.135 E750.24756
G1 X151.1 Y142.884 E750.28421
G1 X150 Y142.799 E750.32091
G1 X148.9 Y142.884 E750.35761
G1 X147.827 Y143.135 E750.39426
G1 X146.805 Y143.547 E750.43091
G1 X145.858 Y144.11 E750.46755
G1 X145.007 Y144.811 E750.50422
G1 X144.273 Y145.634 E750.5409
G1 X143.674 Y146.56 E750.57758
G1 X143.223 Y147.566 E750.61425
G1 X142.931 Y148.629 E750.65091
G1 X142.805 Y149.724 E750.68757
G1 X142.847 Y150.826 E750.72425
G1 X143.057 Y151.908 E750.76091
G1 X143.429 Y152.945 E750.79755
G1 X143.956 Y153.914 E750.83424
G1 X144.624 Y154.79 E750.87088
G1 X145.418 Y155.555 E750.90755
G1 X146.32 Y156.189 E750.94422
G1 X147.308 Y156.679 E750.9809
G1 X148.359 Y157.011 E751.01756
G1 X149.445 Y157.178 E751.05411
G1 X150 Y157.2 E751.07258
G1 X150.555 Y157.178 E751.09106
G1 X151.641 Y157.011 E751.1276
G1 X152.692 Y156.679 E751.16426
G1 X153.68 Y156.189 E751.20094
G1 X154.582 Y155.555 E751.23761
G1 X155.376 Y154.79 E751.27428
G0 F9000 X155.704 Y155.082
G0 X156.163 Y155.56
G0 X156.444 Y155.843
G0 X156.663 Y156.047
;TYPE:WALL-INNER
G1 F2062.8 X155.821 Y156.86 E751.31321
G1 X154.914 Y157.538 E751.35088
G1 X153.908 Y158.106 E751.3893
G1 X152.836 Y158.539 E751.42775
G1 X151.721 Y158.832 E751.4661
G1 X150.565 Y158.981 E751.50486
G1 X150 Y159 E751.52367
G1 X149.435 Y158.981 E751.54247
G1 X148.279 Y158.832 E751.58124
G1 X147.164 Y158.539 E751.61958
G1 X146.092 Y158.106 E751.65803
G1 X145.086 Y157.538 E751.69646
G1 X144.179 Y156.86 E751.73412
G1 X143.337 Y156.047 E751.77305
G1 X142.616 Y155.143 E751.81151
G1 X142.026 Y154.168 E751.84941
G1 X141.555 Y153.107 E751.88802
G1 X141.227 Y151.998 E751.92649
G1 X141.044 Y150.869 E751.96453
G1 X141.007 Y149.704 E752.0033
G1 X141.116 Y148.567 E752.04129
G1 X141.374 Y147.437 E752.07984
G1 X141.768 Y146.365 E752.11783
G1 X142.309 Y145.33 E752.15667
G1 X142.967 Y144.389 E752.19486
G1 X143.74 Y143.536 E752.23315
G1 X144.617 Y142.789 E752.27146
G1 X145.59 Y142.156 E752.31007
G1 X146.608 Y141.666 E752.34765
G1 X147.722 Y141.296 E752.38669
G1 X148.851 Y141.076 E752.42495
G1 X150 Y141.003 E752.46324
G1 X151.149 Y141.076 E752.50153
G1 X152.278 Y141.296 E752.53979
G1 X153.392 Y141.666 E752.57883
G1 X154.41 Y142.156 E752.61641
G1 X155.383 Y142.789 E752.65502
G1 X156.26 Y143.536 E752.69333
G1 X157.033 Y144.389 E752.73162
G1 X157.691 Y145.33 E752.76981
G1 X158.232 Y146.365 E752.80865
G1 X158.626 Y147.437 E752.84664
G1 X158.884 Y148.567 E752.88519
G1 X158.993 Y149.704 E752.92318
G1 X158.956 Y150.869 E752.96195
G1 X158.773 Y151.998 E752.99999
G1 X158.445 Y153.107 E753.03845
G1 X157.974 Y154.168 E753.07706
G1 X157.384 Y155.143 E753.11497
G1 X156.663 Y156.047 E753.15343
G0 F9000 X156.961 Y156.315
G1 F2062.8 X156.086 Y157.161 E753.19391
G1 X155.129 Y157.876 E753.23364
G1 X154.08 Y158.468 E753.2737
G1 X152.962 Y158.92 E753.31381
G1 X151.797 Y159.226 E753.35387
G1 X150.598 Y159.38 E753.39408
G1 X150 Y159.4 E753.41398
G1 X149.402 Y159.38 E753.43388
G1 X148.203 Y159.226 E753.47409
G1 X147.038 Y158.92 E753.51415
G1 X145.92 Y158.468 E753.55426
G1 X144.871 Y157.876 E753.59432
G1 X143.914 Y157.161 E753.63406
G1 X143.039 Y156.315 E753.67454
G1 X142.291 Y155.378 E753.71441
G1 X141.669 Y154.35 E753.75438
G1 X141.181 Y153.25 E753.7944
G1 X140.835 Y152.083 E753.83489
G1 X140.645 Y150.907 E753.87451
G1 X140.606 Y149.694 E753.91487
G1 X140.721 Y148.501 E753.95474
G1 X140.989 Y147.326 E753.99482
G1 X141.404 Y146.198 E754.0348
G1 X141.965 Y145.124 E754.0751
G1 X142.653 Y144.139 E754.11506
G1 X143.458 Y143.252 E754.1549
G1 X144.379 Y142.467 E754.19515
G1 X145.392 Y141.808 E754.23534
G1 X146.464 Y141.292 E754.27491
G1 X147.62 Y140.908 E754.31543
G1 X148.796 Y140.679 E754.35528
G1 X150 Y140.602 E754.3954
G1 X151.204 Y140.679 E754.43553
G1 X152.38 Y140.908 E754.47538
G1 X153.536 Y141.292 E754.51589
G1 X154.608 Y141.808 E754.55546
G1 X155.621 Y142.467 E754.59566
G1 X156.542 Y143.252 E754.63591
G1 X157.347 Y144.139 E754.67575
G1 X158.035 Y145.124 E754.71571
G1 X158.596 Y146.198 E754.75601
G1 X159.011 Y147.326 E754.79599
G1 X159.279 Y148.501 E754.83607
G1 X159.394 Y149.694 E754.87593
G1 X159.355 Y150.907 E754.9163
G1 X159.165 Y152.083 E754.95592
G1 X158.819 Y153.25 E754.99641
G1 X158.331 Y154.35 E755.03643
G1 X157.709 Y155.378 E755.07639
G1 X156.961 Y156.315 E755.11627
G0 F9000 X157.256 Y156.587
;TYPE:WALL-OUTER
G1 F2062.8 X156.351 Y157.462 E755.15814
G1 X155.344 Y158.214 E755.19994
G1 X154.252 Y158.83 E755.24164
G1 X153.088 Y159.301 E755.28341
G1 X151.873 Y159.62 E755.32519
G1 X150.631 Y159.779 E755.36683
G1 X150 Y159.8 E755.38783
G1 X149.369 Y159.779 E755.40883
G1 X148.127 Y159.62 E755.45048
G1 X146.912 Y159.301 E755.49226
G1 X145.748 Y158.83 E755.53402
G1 X144.656 Y158.214 E755.57572
G1 X143.649 Y157.462 E755.61752
G1 X142.744 Y156.587 E755.65939
G1 X141.963 Y155.608 E755.70104
G1 X141.312 Y154.532 E755.74287
G1 X140.804 Y153.386 E755.78457
G1 X140.445 Y152.175 E755.82658
G1 X140.246 Y150.945 E755.86802
G1 X140.205 Y149.684 E755.90998
G1 X140.326 Y148.436 E755.95169
G1 X140.604 Y147.215 E755.99334
G1 X141.04 Y146.031 E756.0353
G1 X141.621 Y144.918 E756.07706
G1 X142.339 Y143.889 E756.11879
G1 X143.18 Y142.963 E756.1604
G1 X144.137 Y142.148 E756.20221
G1 X145.194 Y141.46 E756.24415
G1 X146.32 Y140.918 E756.28572
G1 X147.518 Y140.52 E756.3277
G1 X148.741 Y140.282 E756.36914
G1 X150 Y140.201 E756.4111
G1 X151.259 Y140.282 E756.45307
G1 X152.482 Y140.52 E756.49451
G1 X153.68 Y140.918 E756.53649
G1 X154.806 Y141.46 E756.57806
G1 X155.863 Y142.148 E756.62
G1 X156.82 Y142.963 E756.66181
G1 X157.661 Y143.889 E756.70342
G1 X158.379 Y144.918 E756.74515
G1 X158.96 Y146.031 E756.78691
G1 X159.396 Y147.215 E756.82887
G1 X159.674 Y148.436 E756.87052
G1 X159.795 Y149.684 E756.91223
G1 X159.754 Y150.945 E756.95419
G1 X159.555 Y152.175 E756.99563
G1 X159.196 Y153.386 E757.03764
G1 X158.688 Y154.532 E757.07934
G1 X158.037 Y155.608 E757.12116
G1 X157.256 Y156.587 E757.16282
G0 F9000 X156.931 Y156.292
G0 X156.444 Y155.843
G0 X156.552 Y155.061
G0 X156.379 Y154.928
;TYPE:FILL
G1 F3094.1 X155.918 Y155.91 E757.1989
G1 X155.316 Y156.937 E757.23849
G1 X154.714 Y157.56 E757.26731
G1 X154.699 Y157.57 E757.26791
G0 F9000 X154.591 Y157.378
G0 X152.221 Y158.392
G0 X152.276 Y158.604
G1 F3094.1 X151.704 Y158.413 E757.28796
G1 X151.476 Y157.926 E757.30585
G0 F9000 X151.509 Y158.143
G0 X150 Y158.24
G0 X149.348 Y158.213
G0 X148.121 Y158.025
G0 X147.147 Y157.718
G0 X145.607 Y157.031
G0 X145.734 Y156.852
G1 F3094.1 X145.684 Y156.937 E757.30913
G1 X145.153 Y157.487 E757.33456
G0 F9000 X145.262 Y157.295
G0 X143.084 Y154.484
G0 X142.476 Y153.366
G0 X142.052 Y152.183
G0 X141.917 Y151.484
G0 X141.706 Y149.768
G0 X141.927 Y149.761
G1 F3094.1 X141.47 Y149.609 E757.35058
G1 X141.087 Y149.702 E757.36368
G0 F9000 X141.306 Y149.711
G0 X141.819 Y148.68
G0 X142.036 Y148.705
G1 F3094.1 X141.47 Y147.497 E757.40805
G1 X141.45 Y147.463 E757.40937
G0 F9000 X141.66 Y147.526
G0 X144.289 Y143.461
G0 X144.148 Y143.293
G1 F3094.1 X144.48 Y143.516 E757.42267
G1 X144.933 Y143.732 E757.43936
G0 F9000 X144.794 Y143.561
G0 X146.187 Y142.707
G0 X147.693 Y142.038
G0 X147.742 Y142.252
G1 F3094.1 X148.092 Y141.654 E757.46241
G1 X148.507 Y141.225 E757.48226
G0 F9000 X148.548 Y141.441
G0 X152.197 Y141.585
G0 X152.266 Y141.377
G1 F3094.1 X152.306 Y141.462 E757.48538
G1 X152.903 Y142.48 E757.52463
G0 F9000 X152.985 Y142.277
G0 X154.409 Y143.071
G0 X155.599 Y143.885
G0 X155.459 Y144.054
G1 F3094.1 X155.918 Y144.166 E757.54035
G1 X156.52 Y143.965 E757.56146
G1 X156.528 Y143.949 E757.56205
G0 F9000 X156.364 Y144.096
G0 X157.055 Y144.946
G0 X157.236 Y144.821
G1 F3094.1 X157.122 Y144.793 E757.56596
G1 X156.52 Y144.994 E757.58707
G1 X156.454 Y145.135 E757.59224
G0 F9000 X156.639 Y145.016
G0 X157.241 Y146.061
G0 X157.659 Y146.991
G0 X158.675 Y150.275
G0 X158.894 Y150.282
G1 F3094.1 X158.326 Y150.663 E757.61499
G1 X158.019 Y150.981 E757.62969
G0 F9000 X158.235 Y151.024
G0 X157.46 Y154.439
G0 X157.647 Y154.553
G1 F3094.1 X157.122 Y154.425 E757.64767
G1 X156.638 Y154.587 E757.66464
G0 F9000 X156.888 Y154.803
;MESH:NONMESH
G0 F300 X156.888 Y154.803 Z13.4
G0 F9000 X156.182 Y155.541
G0 X155.975 Y155.324
;TIME_ELAPSED:939.867981
;LAYER:66
;TYPE:WALL-INNER
;MESH:dannypart.STL
G1 F2034.8 X156.718 Y154.35 E757.70539
G1 X157.303 Y153.273 E757.74615
G1 X157.717 Y152.12 E757.7869
G1 X157.951 Y150.918 E757.82763
G1 X157.997 Y149.694 E757.86837
G1 X157.857 Y148.477 E757.90911
G1 X157.533 Y147.294 E757.94991
G1 X157.03 Y146.176 E757.99068
G1 X156.365 Y145.148 E758.0314
G1 X155.549 Y144.233 E758.07218
G1 X154.604 Y143.454 E758.11291
G1 X153.551 Y142.827 E758.15368
G1 X152.415 Y142.37 E758.1944
G1 X151.222 Y142.092 E758.23514
G1 X150 Y141.997 E758.27591
G1 X148.778 Y142.092 E758.31668
G1 X147.585 Y142.37 E758.35742
G1 X146.449 Y142.827 E758.39815
G1 X145.396 Y143.454 E758.43891
G1 X144.451 Y144.233 E758.47964
G1 X143.635 Y145.148 E758.52042
G1 X142.97 Y146.176 E758.56114
G1 X142.467 Y147.294 E758.60191
G1 X142.143 Y148.477 E758.64271
G1 X142.003 Y149.694 E758.68345
G1 X142.049 Y150.918 E758.72419
G1 X142.283 Y152.12 E758.76492
G1 X142.697 Y153.273 E758.80567
G1 X143.282 Y154.35 E758.84643
G1 X144.025 Y155.324 E758.88718
G1 X144.908 Y156.173 E758.92792
G1 X145.91 Y156.879 E758.96869
G1 X147.008 Y157.423 E759.00945
G1 X148.177 Y157.793 E759.05023
G1 X149.369 Y157.976 E759.09034
G1 X150 Y158 E759.11134
G1 X150.631 Y157.976 E759.13234
G1 X151.823 Y157.793 E759.17245
G1 X152.992 Y157.423 E759.21324
G1 X154.09 Y156.879 E759.25399
G1 X155.092 Y156.173 E759.29476
G1 X155.975 Y155.324 E759.3355
G0 F9000 X155.676 Y155.057
G1 F2034.8 X156.381 Y154.132 E759.37418
G1 X156.937 Y153.109 E759.41291
G1 X157.33 Y152.014 E759.4516
G1 X157.552 Y150.872 E759.4903
G1 X157.596 Y149.709 E759.52901
G1 X157.463 Y148.553 E759.56771
G1 X157.155 Y147.43 E759.60644
G1 X156.678 Y146.368 E759.64516
G1 X156.046 Y145.391 E759.68386
G1 X155.271 Y144.522 E759.72259
G1 X154.373 Y143.782 E759.76129
G1 X153.373 Y143.187 E759.8
G1 X152.294 Y142.753 E759.83868
G1 X151.161 Y142.488 E759.87738
G1 X150 Y142.398 E759.91611
G1 X148.839 Y142.488 E759.95484
G1 X147.706 Y142.753 E759.99354
G1 X146.627 Y143.187 E760.03222
G1 X145.627 Y143.782 E760.07092
G1 X144.729 Y144.522 E760.10963
G1 X143.954 Y145.391 E760.14835
G1 X143.322 Y146.368 E760.18706
G1 X142.845 Y147.43 E760.22578
G1 X142.537 Y148.553 E760.26451
G1 X142.404 Y149.709 E760.30321
G1 X142.448 Y150.872 E760.34192
G1 X142.67 Y152.014 E760.38061
G1 X143.063 Y153.109 E760.41931
G1 X143.619 Y154.132 E760.45803
G1 X144.324 Y155.057 E760.49672
G1 X145.163 Y155.864 E760.53544
G1 X146.115 Y156.534 E760.57415
G1 X147.158 Y157.051 E760.61287
G1 X148.268 Y157.402 E760.65159
G1 X149.407 Y157.577 E760.68992
G1 X150 Y157.6 E760.70966
G1 X150.593 Y157.577 E760.7294
G1 X151.732 Y157.402 E760.76772
G1 X152.842 Y157.051 E760.80645
G1 X153.885 Y156.534 E760.84516
G1 X154.837 Y155.864 E760.88388
G1 X155.676 Y155.057 E760.9226
G0 F9000 X155.376 Y154.79
;TYPE:WALL-OUTER
G1 F2034.8 X156.044 Y153.914 E760.95924
G1 X156.571 Y152.945 E760.99593
G1 X156.943 Y151.908 E761.03257
G1 X157.153 Y150.826 E761.06923
G1 X157.195 Y149.724 E761.10591
G1 X157.069 Y148.629 E761.14257
G1 X156.777 Y147.566 E761.17924
G1 X156.326 Y146.56 E761.2159
G1 X155.727 Y145.634 E761.25259
G1 X154.993 Y144.811 E761.28926
G1 X154.142 Y144.11 E761.32593
G1 X153.195 Y143.547 E761.36258
G1 X152.173 Y143.135 E761.39923
G1 X151.1 Y142.884 E761.43588
G1 X150 Y142.799 E761.47257
G1 X148.9 Y142.884 E761.50927
G1 X147.827 Y143.135 E761.54592
G1 X146.805 Y143.547 E761.58257
G1 X145.858 Y144.11 E761.61921
G1 X145.007 Y144.811 E761.65588
G1 X144.273 Y145.634 E761.69256
G1 X143.674 Y146.56 E761.72924
G1 X143.223 Y147.566 E761.76591
G1 X142.931 Y148.629 E761.80258
G1 X142.805 Y149.724 E761.83924
G1 X142.847 Y150.826 E761.87592
G1 X143.057 Y151.908 E761.91258
G1 X143.429 Y152.945 E761.94922
G1 X143.956 Y153.914 E761.98591
G1 X144.624 Y154.79 E762.02255
G1 X145.418 Y155.555 E762.05922
G1 X146.32 Y156.189 E762.09589
G1 X147.308 Y156.679 E762.13257
G1 X148.359 Y157.011 E762.16923
G1 X149.445 Y157.178 E762.20577
G1 X150 Y157.2 E762.22425
G1 X150.555 Y157.178 E762.24272
G1 X151.641 Y157.011 E762.27927
G1 X152.692 Y156.679 E762.31592
G1 X153.68 Y156.189 E762.3526
G1 X154.582 Y155.555 E762.38927
G1 X155.376 Y154.79 E762.42595
G0 F9000 X155.704 Y155.082
G0 X156.163 Y155.56
G0 X156.444 Y155.843
G0 X156.663 Y156.047
;TYPE:WALL-INNER
G1 F2034.8 X155.821 Y156.86 E762.46488
G1 X154.914 Y157.538 E762.50254
G1 X153.908 Y158.106 E762.54096
G1 X152.836 Y158.539 E762.57942
G1 X151.721 Y158.832 E762.61776
G1 X150.565 Y158.981 E762.65653
G1 X150 Y159 E762.67533
G1 X149.435 Y158.981 E762.69413
G1 X148.279 Y158.832 E762.7329
G1 X147.164 Y158.539 E762.77124
G1 X146.092 Y158.106 E762.8097
G1 X145.086 Y157.538 E762.84812
G1 X144.179 Y156.86 E762.88579
G1 X143.337 Y156.047 E762.92472
G1 X142.616 Y155.143 E762.96317
G1 X142.026 Y154.168 E763.00108
G1 X141.555 Y153.107 E763.03969
G1 X141.227 Y151.998 E763.07815
G1 X141.044 Y150.869 E763.11619
G1 X141.007 Y149.704 E763.15496
G1 X141.116 Y148.567 E763.19295
G1 X141.374 Y147.437 E763.2315
G1 X141.768 Y146.365 E763.26949
G1 X142.309 Y145.33 E763.30833
G1 X142.967 Y144.389 E763.34652
G1 X143.74 Y143.536 E763.38481
G1 X144.617 Y142.789 E763.42313
G1 X145.59 Y142.156 E763.46173
G1 X146.608 Y141.666 E763.49931
G1 X147.722 Y141.296 E763.53835
G1 X148.851 Y141.076 E763.57661
G1 X150 Y141.003 E763.6149
G1 X151.149 Y141.076 E763.6532
G1 X152.278 Y141.296 E763.69145
G1 X153.392 Y141.666 E763.7305
G1 X154.41 Y142.156 E763.76807
G1 X155.383 Y142.789 E763.80668
G1 X156.26 Y143.536 E763.845
G1 X157.033 Y144.389 E763.88328
G1 X157.691 Y145.33 E763.92147
G1 X158.232 Y146.365 E763.96032
G1 X158.626 Y147.437 E763.9983
G1 X158.884 Y148.567 E764.03686
G1 X158.993 Y149.704 E764.07485
G1 X158.956 Y150.869 E764.11361
G1 X158.773 Y151.998 E764.15165
G1 X158.445 Y153.107 E764.19012
G1 X157.974 Y154.168 E764.22873
G1 X157.384 Y155.143 E764.26663
G1 X156.663 Y156.047 E764.30509
G0 F9000 X156.961 Y156.315
G1 F2034.8 X156.086 Y157.161 E764.34557
G1 X155.129 Y157.876 E764.38531
G1 X154.08 Y158.468 E764.42537
G1 X152.962 Y158.92 E764.46548
G1 X151.797 Y159.226 E764.50554
G1 X150.598 Y159.38 E764.54575
G1 X150 Y159.4 E764.56565
G1 X149.402 Y159.38 E764.58555
G1 X148.203 Y159.226 E764.62575
G1 X147.038 Y158.92 E764.66582
G1 X145.92 Y158.468 E764.70592
G1 X144.871 Y157.876 E764.74599
G1 X143.914 Y157.161 E764.78572
G1 X143.039 Y156.315 E764.8262
G1 X142.291 Y155.378 E764.86608
G1 X141.669 Y154.35 E764.90604
G1 X141.181 Y153.25 E764.94607
G1 X140.835 Y152.083 E764.98655
G1 X140.645 Y150.907 E765.02617
G1 X140.606 Y149.694 E765.06654
G1 X140.721 Y148.501 E765.1064
G1 X140.989 Y147.326 E765.14648
G1 X141.404 Y146.198 E765.18646
G1 X141.965 Y145.124 E765.22676
G1 X142.653 Y144.139 E765.26672
G1 X143.458 Y143.252 E765.30656
G1 X144.379 Y142.467 E765.34681
G1 X145.392 Y141.808 E765.38701
G1 X146.464 Y141.292 E765.42658
G1 X147.62 Y140.908 E765.46709
G1 X148.796 Y140.679 E765.50694
G1 X150 Y140.602 E765.54707
G1 X151.204 Y140.679 E765.58719
G1 X152.38 Y140.908 E765.62704
G1 X153.536 Y141.292 E765.66756
G1 X154.608 Y141.808 E765.70713
G1 X155.621 Y142.467 E765.74732
G1 X156.542 Y143.252 E765.78757
G1 X157.347 Y144.139 E765.82741
G1 X158.035 Y145.124 E765.86737
G1 X158.596 Y146.198 E765.90767
G1 X159.011 Y147.326 E765.94765
G1 X159.279 Y148.501 E765.98774
G1 X159.394 Y149.694 E766.0276
G1 X159.355 Y150.907 E766.06796
G1 X159.165 Y152.083 E766.10759
G1 X158.819 Y153.25 E766.14807
G1 X158.331 Y154.35 E766.18809
G1 X157.709 Y155.378 E766.22806
G1 X156.961 Y156.315 E766.26793
G0 F9000 X157.256 Y156.587
;TYPE:WALL-OUTER
G1 F2034.8 X156.351 Y157.462 E766.3098
G1 X155.344 Y158.214 E766.3516
G1 X154.252 Y158.83 E766.39331
G1 X153.088 Y159.301 E766.43507
G1 X151.873 Y159.62 E766.47685
G1 X150.631 Y159.779 E766.5185
G1 X150 Y159.8 E766.53949
G1 X149.369 Y159.779 E766.56049
G1 X148.127 Y159.62 E766.60214
G1 X146.912 Y159.301 E766.64392
G1 X145.748 Y158.83 E766.68568
G1 X144.656 Y158.214 E766.72739
G1 X143.649 Y157.462 E766.76919
G1 X142.744 Y156.587 E766.81106
G1 X141.963 Y155.608 E766.85271
G1 X141.312 Y154.532 E766.89454
G1 X140.804 Y153.386 E766.93623
G1 X140.445 Y152.175 E766.97824
G1 X140.246 Y150.945 E767.01968
G1 X140.205 Y149.684 E767.06165
G1 X140.326 Y148.436 E767.10335
G1 X140.604 Y147.215 E767.145
G1 X141.04 Y146.031 E767.18696
G1 X141.621 Y144.918 E767.22872
G1 X142.339 Y143.889 E767.27046
G1 X143.18 Y142.963 E767.31206
G1 X144.137 Y142.148 E767.35387
G1 X145.194 Y141.46 E767.39582
G1 X146.32 Y140.918 E767.43738
G1 X147.518 Y140.52 E767.47937
G1 X148.741 Y140.282 E767.52081
G1 X150 Y140.201 E767.56277
G1 X151.259 Y140.282 E767.60473
G1 X152.482 Y140.52 E767.64617
G1 X153.68 Y140.918 E767.68816
G1 X154.806 Y141.46 E767.72972
G1 X155.863 Y142.148 E767.77167
G1 X156.82 Y142.963 E767.81348
G1 X157.661 Y143.889 E767.85508
G1 X158.379 Y144.918 E767.89681
G1 X158.96 Y146.031 E767.93857
G1 X159.396 Y147.215 E767.98054
G1 X159.674 Y148.436 E768.02219
G1 X159.795 Y149.684 E768.06389
G1 X159.754 Y150.945 E768.10585
G1 X159.555 Y152.175 E768.1473
G1 X159.196 Y153.386 E768.18931
G1 X158.688 Y154.532 E768.231
G1 X158.037 Y155.608 E768.27283
G1 X157.256 Y156.587 E768.31448
G0 F9000 X156.931 Y156.292
G0 X156.444 Y155.843
G0 X156.01 Y155.707
G0 X155.858 Y155.547
;TYPE:FILL
G1 F3052.2 X155.76 Y155.918 E768.32724
G1 X155.51 Y156.52 E768.34893
G1 X155.141 Y157.122 E768.37241
G1 X154.738 Y157.548 E768.39191
G0 F9000 X154.631 Y157.356
G0 X151.15 Y158.198
G0 X151.117 Y157.98
G1 F3052.2 X151.135 Y158.326 E768.40344
G1 X150.791 Y158.872 E768.4249
G0 F9000 X150.764 Y158.654
G0 X148.121 Y158.025
G0 X147.147 Y157.718
G0 X145.565 Y157.002
G0 X145.692 Y156.823
G1 F3052.2 X145.509 Y157.122 E768.43656
G1 X145.16 Y157.491 E768.45345
G0 F9000 X145.269 Y157.299
G0 X143.084 Y154.484
G0 X142.476 Y153.366
G0 X142.134 Y152.409
G0 X141.345 Y149.313
G0 X141.127 Y149.292
G1 F3052.2 X141.503 Y148.694 E768.47695
G1 X141.472 Y148.092 E768.497
G1 X141.383 Y147.757 E768.50853
G0 F9000 X141.597 Y147.806
G0 X143.443 Y145.001
G0 X144.285 Y144.059
G0 X145.256 Y143.259
G0 X146.135 Y142.736
G0 X147.784 Y142.016
G0 X147.833 Y142.23
G1 F3052.2 X147.899 Y142.072 E768.51422
G1 X148.268 Y141.47 E768.53771
G1 X148.498 Y141.226 E768.54886
G0 F9000 X148.539 Y141.442
G0 X152.388 Y141.648
G0 X152.457 Y141.441
G1 F3052.2 X152.465 Y141.47 E768.54986
G1 X152.715 Y142.072 E768.57154
G1 X152.985 Y142.513 E768.58874
G0 F9000 X153.067 Y142.31
G0 X154.744 Y143.259
G0 X155.715 Y144.059
G0 X156.557 Y145.001
G0 X157.241 Y146.061
G0 X157.659 Y146.991
G0 X158.677 Y150.205
G0 X158.896 Y150.212
G1 F3052.2 X158.469 Y150.5 E768.60587
G1 X158.02 Y150.975 E768.62761
G0 F9000 X158.236 Y151.018
G0 X158.003 Y151.961
G0 X157.376 Y153.764
G0 X157.184 Y153.659
G1 F3052.2 X157.469 Y154.112 E768.64541
G1 X157.798 Y154.305 E768.6581
G0 F9000 X157.52 Y154.127
;MESH:NONMESH
G0 F300 X157.52 Y154.127 Z13.6
G0 F9000 X156.182 Y155.541
G0 X155.975 Y155.324
;TIME_ELAPSED:952.507021
;LAYER:67
;TYPE:WALL-INNER
;MESH:dannypart.STL
G1 F2032.5 X156.718 Y154.35 E768.69884
G1 X157.303 Y153.273 E768.73961
G1 X157.717 Y152.12 E768.78035
G1 X157.951 Y150.918 E768.82108
G1 X157.997 Y149.694 E768.86182
G1 X157.857 Y148.477 E768.90256
G1 X157.533 Y147.294 E768.94336
G1 X157.03 Y146.176 E768.98413
G1 X156.365 Y145.148 E769.02486
G1 X155.549 Y144.233 E769.06563
G1 X154.604 Y143.454 E769.10637
G1 X153.551 Y142.827 E769.14713
G1 X152.415 Y142.37 E769.18785
G1 X151.222 Y142.092 E769.2286
G1 X150 Y141.997 E769.26936
G1 X148.778 Y142.092 E769.31013
G1 X147.585 Y142.37 E769.35087
G1 X146.449 Y142.827 E769.3916
G1 X145.396 Y143.454 E769.43236
G1 X144.451 Y144.233 E769.47309
G1 X143.635 Y145.148 E769.51387
G1 X142.97 Y146.176 E769.55459
G1 X142.467 Y147.294 E769.59537
G1 X142.143 Y148.477 E769.63616
G1 X142.003 Y149.694 E769.67691
G1 X142.049 Y150.918 E769.71765
G1 X142.283 Y152.12 E769.75838
G1 X142.697 Y153.273 E769.79912
G1 X143.282 Y154.35 E769.83989
G1 X144.025 Y155.324 E769.88063
G1 X144.908 Y156.173 E769.92137
G1 X145.91 Y156.879 E769.96214
G1 X147.008 Y157.423 E770.0029
G1 X148.177 Y157.793 E770.04368
G1 X149.369 Y157.976 E770.08379
G1 X150 Y158 E770.10479
G1 X150.631 Y157.976 E770.1258
G1 X151.823 Y157.793 E770.16591
G1 X152.992 Y157.423 E770.20669
G1 X154.09 Y156.879 E770.24744
G1 X155.092 Y156.173 E770.28821
G1 X155.975 Y155.324 E770.32895
G0 F9000 X155.676 Y155.057
G1 F2032.5 X156.381 Y154.132 E770.36764
G1 X156.937 Y153.109 E770.40636
G1 X157.33 Y152.014 E770.44506
G1 X157.552 Y150.872 E770.48375
G1 X157.596 Y149.709 E770.52246
G1 X157.463 Y148.553 E770.56116
G1 X157.155 Y147.43 E770.59989
G1 X156.678 Y146.368 E770.63861
G1 X156.046 Y145.391 E770.67732
G1 X155.271 Y144.522 E770.71604
G1 X154.373 Y143.782 E770.75475
G1 X153.373 Y143.187 E770.79345
G1 X152.294 Y142.753 E770.83213
G1 X151.161 Y142.488 E770.87083
G1 X150 Y142.398 E770.90956
G1 X148.839 Y142.488 E770.94829
G1 X147.706 Y142.753 E770.98699
G1 X146.627 Y143.187 E771.02568
G1 X145.627 Y143.782 E771.06438
G1 X144.729 Y144.522 E771.10308
G1 X143.954 Y145.391 E771.14181
G1 X143.322 Y146.368 E771.18051
G1 X142.845 Y147.43 E771.21923
G1 X142.537 Y148.553 E771.25796
G1 X142.404 Y149.709 E771.29666
G1 X142.448 Y150.872 E771.33537
G1 X142.67 Y152.014 E771.37407
G1 X143.063 Y153.109 E771.41276
G1 X143.619 Y154.132 E771.45149
G1 X144.324 Y155.057 E771.49017
G1 X145.163 Y155.864 E771.52889
G1 X146.115 Y156.534 E771.56761
G1 X147.158 Y157.051 E771.60633
G1 X148.268 Y157.402 E771.64505
G1 X149.407 Y157.577 E771.68337
G1 X150 Y157.6 E771.70311
G1 X150.593 Y157.577 E771.72285
G1 X151.732 Y157.402 E771.76118
G1 X152.842 Y157.051 E771.7999
G1 X153.885 Y156.534 E771.83862
G1 X154.837 Y155.864 E771.87734
G1 X155.676 Y155.057 E771.91605
G0 F9000 X155.376 Y154.79
;TYPE:WALL-OUTER
G1 F2032.5 X156.044 Y153.914 E771.95269
G1 X156.571 Y152.945 E771.98938
G1 X156.943 Y151.908 E772.02602
G1 X157.153 Y150.826 E772.06268
G1 X157.195 Y149.724 E772.09936
G1 X157.069 Y148.629 E772.13602
G1 X156.777 Y147.566 E772.17269
G1 X156.326 Y146.56 E772.20936
G1 X155.727 Y145.634 E772.24604
G1 X154.993 Y144.811 E772.28272
G1 X154.142 Y144.11 E772.31939
G1 X153.195 Y143.547 E772.35603
G1 X152.173 Y143.135 E772.39268
G1 X151.1 Y142.884 E772.42933
G1 X150 Y142.799 E772.46603
G1 X148.9 Y142.884 E772.50272
G1 X147.827 Y143.135 E772.53937
G1 X146.805 Y143.547 E772.57602
G1 X145.858 Y144.11 E772.61267
G1 X145.007 Y144.811 E772.64934
G1 X144.273 Y145.634 E772.68602
G1 X143.674 Y146.56 E772.7227
G1 X143.223 Y147.566 E772.75936
G1 X142.931 Y148.629 E772.79603
G1 X142.805 Y149.724 E772.83269
G1 X142.847 Y150.826 E772.86937
G1 X143.057 Y151.908 E772.90603
G1 X143.429 Y152.945 E772.94267
G1 X143.956 Y153.914 E772.97936
G1 X144.624 Y154.79 E773.016
G1 X145.418 Y155.555 E773.05267
G1 X146.32 Y156.189 E773.08934
G1 X147.308 Y156.679 E773.12602
G1 X148.359 Y157.011 E773.16268
G1 X149.445 Y157.178 E773.19922
G1 X150 Y157.2 E773.2177
G1 X150.555 Y157.178 E773.23617
G1 X151.641 Y157.011 E773.27272
G1 X152.692 Y156.679 E773.30938
G1 X153.68 Y156.189 E773.34606
G1 X154.582 Y155.555 E773.38273
G1 X155.376 Y154.79 E773.4194
G0 F9000 X155.704 Y155.082
G0 X156.163 Y155.56
G0 X156.444 Y155.843
G0 X156.663 Y156.047
;TYPE:WALL-INNER
G1 F2032.5 X155.821 Y156.86 E773.45833
G1 X154.914 Y157.538 E773.49599
G1 X153.908 Y158.106 E773.53442
G1 X152.836 Y158.539 E773.57287
G1 X151.721 Y158.832 E773.61121
G1 X150.565 Y158.981 E773.64998
G1 X150 Y159 E773.66878
G1 X149.435 Y158.981 E773.68759
G1 X148.279 Y158.832 E773.72635
G1 X147.164 Y158.539 E773.7647
G1 X146.092 Y158.106 E773.80315
G1 X145.086 Y157.538 E773.84158
G1 X144.179 Y156.86 E773.87924
G1 X143.337 Y156.047 E773.91817
G1 X142.616 Y155.143 E773.95663
G1 X142.026 Y154.168 E773.99453
G1 X141.555 Y153.107 E774.03314
G1 X141.227 Y151.998 E774.07161
G1 X141.044 Y150.869 E774.10965
G1 X141.007 Y149.704 E774.14841
G1 X141.116 Y148.567 E774.1864
G1 X141.374 Y147.437 E774.22496
G1 X141.768 Y146.365 E774.26294
G1 X142.309 Y145.33 E774.30179
G1 X142.967 Y144.389 E774.33998
G1 X143.74 Y143.536 E774.37826
G1 X144.617 Y142.789 E774.41658
G1 X145.59 Y142.156 E774.45519
G1 X146.608 Y141.666 E774.49276
G1 X147.722 Y141.296 E774.53181
G1 X148.851 Y141.076 E774.57006
G1 X150 Y141.003 E774.60836
G1 X151.149 Y141.076 E774.64665
G1 X152.278 Y141.296 E774.68491
G1 X153.392 Y141.666 E774.72395
G1 X154.41 Y142.156 E774.76152
G1 X155.383 Y142.789 E774.80013
G1 X156.26 Y143.536 E774.83845
G1 X157.033 Y144.389 E774.87674
G1 X157.691 Y145.33 E774.91493
G1 X158.232 Y146.365 E774.95377
G1 X158.626 Y147.437 E774.99176
G1 X158.884 Y148.567 E775.03031
G1 X158.993 Y149.704 E775.0683
G1 X158.956 Y150.869 E775.10707
G1 X158.773 Y151.998 E775.14511
G1 X158.445 Y153.107 E775.18357
G1 X157.974 Y154.168 E775.22218
G1 X157.384 Y155.143 E775.26008
G1 X156.663 Y156.047 E775.29854
G0 F9000 X156.961 Y156.315
G1 F2032.5 X156.086 Y157.161 E775.33903
G1 X155.129 Y157.876 E775.37876
G1 X154.08 Y158.468 E775.41882
G1 X152.962 Y158.92 E775.45893
G1 X151.797 Y159.226 E775.49899
G1 X150.598 Y159.38 E775.5392
G1 X150 Y159.4 E775.5591
G1 X149.402 Y159.38 E775.579
G1 X148.203 Y159.226 E775.61921
G1 X147.038 Y158.92 E775.65927
G1 X145.92 Y158.468 E775.69938
G1 X144.871 Y157.876 E775.73944
G1 X143.914 Y157.161 E775.77917
G1 X143.039 Y156.315 E775.81965
G1 X142.291 Y155.378 E775.85953
G1 X141.669 Y154.35 E775.89949
G1 X141.181 Y153.25 E775.93952
G1 X140.835 Y152.083 E775.98
G1 X140.645 Y150.907 E776.01962
G1 X140.606 Y149.694 E776.05999
G1 X140.721 Y148.501 E776.09985
G1 X140.989 Y147.326 E776.13994
G1 X141.404 Y146.198 E776.17991
G1 X141.965 Y145.124 E776.22021
G1 X142.653 Y144.139 E776.26018
G1 X143.458 Y143.252 E776.30002
G1 X144.379 Y142.467 E776.34027
G1 X145.392 Y141.808 E776.38046
G1 X146.464 Y141.292 E776.42003
G1 X147.62 Y140.908 E776.46054
G1 X148.796 Y140.679 E776.50039
G1 X150 Y140.602 E776.54052
G1 X151.204 Y140.679 E776.58065
G1 X152.38 Y140.908 E776.6205
G1 X153.536 Y141.292 E776.66101
G1 X154.608 Y141.808 E776.70058
G1 X155.621 Y142.467 E776.74078
G1 X156.542 Y143.252 E776.78103
G1 X157.347 Y144.139 E776.82086
G1 X158.035 Y145.124 E776.86083
G1 X158.596 Y146.198 E776.90113
G1 X159.011 Y147.326 E776.9411
G1 X159.279 Y148.501 E776.98119
G1 X159.394 Y149.694 E777.02105
G1 X159.355 Y150.907 E777.06142
G1 X159.165 Y152.083 E777.10104
G1 X158.819 Y153.25 E777.14152
G1 X158.331 Y154.35 E777.18155
G1 X157.709 Y155.378 E777.22151
G1 X156.961 Y156.315 E777.26139
G0 F9000 X157.256 Y156.587
;TYPE:WALL-OUTER
G1 F2032.5 X156.351 Y157.462 E777.30326
G1 X155.344 Y158.214 E777.34506
G1 X154.252 Y158.83 E777.38676
G1 X153.088 Y159.301 E777.42852
G1 X151.873 Y159.62 E777.4703
G1 X150.631 Y159.779 E777.51195
G1 X150 Y159.8 E777.53295
G1 X149.369 Y159.779 E777.55395
G1 X148.127 Y159.62 E777.59559
G1 X146.912 Y159.301 E777.63737
G1 X145.748 Y158.83 E777.67914
G1 X144.656 Y158.214 E777.72084
G1 X143.649 Y157.462 E777.76264
G1 X142.744 Y156.587 E777.80451
G1 X141.963 Y155.608 E777.84616
G1 X141.312 Y154.532 E777.88799
G1 X140.804 Y153.386 E777.92968
G1 X140.445 Y152.175 E777.97169
G1 X140.246 Y150.945 E778.01314
G1 X140.205 Y149.684 E778.0551
G1 X140.326 Y148.436 E778.0968
G1 X140.604 Y147.215 E778.13845
G1 X141.04 Y146.031 E778.18042
G1 X141.621 Y144.918 E778.22218
G1 X142.339 Y143.889 E778.26391
G1 X143.18 Y142.963 E778.30551
G1 X144.137 Y142.148 E778.34732
G1 X145.194 Y141.46 E778.38927
G1 X146.32 Y140.918 E778.43083
G1 X147.518 Y140.52 E778.47282
G1 X148.741 Y140.282 E778.51426
G1 X150 Y140.201 E778.55622
G1 X151.259 Y140.282 E778.59818
G1 X152.482 Y140.52 E778.63962
G1 X153.68 Y140.918 E778.68161
G1 X154.806 Y141.46 E778.72317
G1 X155.863 Y142.148 E778.76512
G1 X156.82 Y142.963 E778.80693
G1 X157.661 Y143.889 E778.84853
G1 X158.379 Y144.918 E778.89027
G1 X158.96 Y146.031 E778.93203
G1 X159.396 Y147.215 E778.97399
G1 X159.674 Y148.436 E779.01564
G1 X159.795 Y149.684 E779.05734
G1 X159.754 Y150.945 E779.09931
G1 X159.555 Y152.175 E779.14075
G1 X159.196 Y153.386 E779.18276
G1 X158.688 Y154.532 E779.22445
G1 X158.037 Y155.608 E779.26628
G1 X157.256 Y156.587 E779.30793
G0 F9000 X156.931 Y156.292
G0 X156.444 Y155.843
G0 X155.799 Y155.91
G0 X155.647 Y155.751
;TYPE:FILL
G1 F3048.8 X155.626 Y155.918 E779.31353
G1 X155.44 Y156.52 E779.33449
G1 X155.133 Y157.122 E779.35697
G1 X154.835 Y157.494 E779.37282
G0 F9000 X154.727 Y157.301
G0 X150.867 Y158.241
G0 X150.834 Y158.024
G1 F3048.8 X150.783 Y158.326 E779.38301
G1 X150.332 Y158.909 E779.40752
G0 F9000 X150.325 Y158.688
G0 X146.917 Y157.645
G0 X145.537 Y156.982
G0 X145.664 Y156.803
G1 F3048.8 X145.501 Y157.122 E779.41944
G1 X145.191 Y157.508 E779.4359
G0 F9000 X145.3 Y157.317
G0 X148.121 Y158.025
G0 X149.348 Y158.213
G0 X150.652 Y158.213
G0 X151.879 Y158.025
G0 X153.083 Y157.645
G0 X154.211 Y157.086
G0 X155.246 Y156.357
G0 X156.156 Y155.482
G0 X156.771 Y154.674
G0 X157.605 Y153.319
G0 X157.398 Y153.245
G1 F3048.8 X157.442 Y153.51 E779.44484
G1 X157.908 Y154.112 E779.47016
G0 F9000 X157.71 Y154.024
G0 X158.239 Y151.001
G0 X158.023 Y150.958
G1 F3048.8 X158.391 Y150.5 E779.4897
G1 X158.901 Y150.078 E779.51171
G0 F9000 X158.681 Y150.071
G0 X157.758 Y147.21
G0 X157.241 Y146.061
G0 X156.557 Y145.001
G0 X155.715 Y144.059
G0 X154.93 Y143.411
G0 X153.098 Y142.323
G0 X153.016 Y142.525
G1 F3048.8 X152.785 Y142.072 E779.52863
G1 X152.605 Y141.49 E779.54889
G0 F9000 X152.536 Y141.697
G0 X148.507 Y141.449
G0 X148.466 Y141.233
G1 F3048.8 X148.276 Y141.47 E779.55899
G1 X147.969 Y142.072 E779.58147
G1 X147.927 Y142.209 E779.58623
G0 F9000 X147.878 Y141.994
G0 X146.342 Y142.612
G0 X146.035 Y142.795
G0 X144.577 Y143.74
G0 X144.716 Y143.91
G1 F3048.8 X144.671 Y143.878 E779.58807
G1 X144.057 Y143.37 E779.61458
G0 F9000 X144.265 Y143.609
;MESH:NONMESH
G0 F300 X144.265 Y143.609 Z13.8
G0 F9000 X146.342 Y142.612
G0 X147.514 Y142.141
G0 X148.744 Y141.855
G0 X150 Y141.755
G0 X151.256 Y141.855
G0 X152.486 Y142.141
G0 X153.658 Y142.612
G0 X154.744 Y143.259
G0 X155.715 Y144.059
G0 X156.557 Y145.001
G0 X157.241 Y146.061
G0 X157.758 Y147.21
G0 X158.093 Y148.431
G0 X158.235 Y149.686
G0 X158.188 Y150.948
G0 X157.948 Y152.183
G0 X157.524 Y153.366
G0 X157.032 Y154.271
G0 X156.182 Y155.541
G0 X155.975 Y155.324
;TIME_ELAPSED:965.522703
;LAYER:68
;TYPE:WALL-INNER
;MESH:dannypart.STL
G1 F2053.1 X156.718 Y154.35 E779.65532
G1 X157.303 Y153.273 E779.69609
G1 X157.717 Y152.12 E779.73683
G1 X157.951 Y150.918 E779.77756
G1 X157.997 Y149.694 E779.8183
G1 X157.857 Y148.477 E779.85904
G1 X157.533 Y147.294 E779.89984
G1 X157.03 Y146.176 E779.94062
G1 X156.365 Y145.148 E779.98134
G1 X155.549 Y144.233 E780.02211
G1 X154.604 Y143.454 E780.06285
G1 X153.551 Y142.827 E780.10361
G1 X152.415 Y142.37 E780.14434
G1 X151.222 Y142.092 E780.18508
G1 X150 Y141.997 E780.22584
G1 X148.778 Y142.092 E780.26661
G1 X147.585 Y142.37 E780.30735
G1 X146.449 Y142.827 E780.34808
G1 X145.396 Y143.454 E780.38884
G1 X144.451 Y144.233 E780.42957
G1 X143.635 Y145.148 E780.47035
G1 X142.97 Y146.176 E780.51107
G1 X142.467 Y147.294 E780.55185
G1 X142.143 Y148.477 E780.59264
G1 X142.003 Y149.694 E780.63339
G1 X142.049 Y150.918 E780.67413
G1 X142.283 Y152.12 E780.71486
G1 X142.697 Y153.273 E780.7556
G1 X143.282 Y154.35 E780.79637
G1 X144.025 Y155.324 E780.83711
G1 X144.908 Y156.173 E780.87785
G1 X145.91 Y156.879 E780.91862
G1 X147.008 Y157.423 E780.95938
G1 X148.177 Y157.793 E781.00016
G1 X149.369 Y157.976 E781.04027
G1 X150 Y158 E781.06127
G1 X150.631 Y157.976 E781.08228
G1 X151.823 Y157.793 E781.12239
G1 X152.992 Y157.423 E781.16317
G1 X154.09 Y156.879 E781.20392
G1 X155.092 Y156.173 E781.24469
G1 X155.975 Y155.324 E781.28543
G0 F9000 X155.676 Y155.057
G1 F2053.1 X156.381 Y154.132 E781.32412
G1 X156.937 Y153.109 E781.36284
G1 X157.33 Y152.014 E781.40154
G1 X157.552 Y150.872 E781.44023
G1 X157.596 Y149.709 E781.47894
G1 X157.463 Y148.553 E781.51764
G1 X157.155 Y147.43 E781.55637
G1 X156.678 Y146.368 E781.5951
G1 X156.046 Y145.391 E781.6338
G1 X155.271 Y144.522 E781.67252
G1 X154.373 Y143.782 E781.71123
G1 X153.373 Y143.187 E781.74993
G1 X152.294 Y142.753 E781.78861
G1 X151.161 Y142.488 E781.82731
G1 X150 Y142.398 E781.86604
G1 X148.839 Y142.488 E781.90477
G1 X147.706 Y142.753 E781.94347
G1 X146.627 Y143.187 E781.98216
G1 X145.627 Y143.782 E782.02086
G1 X144.729 Y144.522 E782.05956
G1 X143.954 Y145.391 E782.09829
G1 X143.322 Y146.368 E782.13699
G1 X142.845 Y147.43 E782.17571
G1 X142.537 Y148.553 E782.21444
G1 X142.404 Y149.709 E782.25314
G1 X142.448 Y150.872 E782.29185
G1 X142.67 Y152.014 E782.33055
G1 X143.063 Y153.109 E782.36924
G1 X143.619 Y154.132 E782.40797
G1 X144.324 Y155.057 E782.44665
G1 X145.163 Y155.864 E782.48537
G1 X146.115 Y156.534 E782.52409
G1 X147.158 Y157.051 E782.56281
G1 X148.268 Y157.402 E782.60153
G1 X149.407 Y157.577 E782.63985
G1 X150 Y157.6 E782.65959
G1 X150.593 Y157.577 E782.67933
G1 X151.732 Y157.402 E782.71766
G1 X152.842 Y157.051 E782.75638
G1 X153.885 Y156.534 E782.7951
G1 X154.837 Y155.864 E782.83382
G1 X155.676 Y155.057 E782.87254
G0 F9000 X155.376 Y154.79
;TYPE:WALL-OUTER
G1 F2053.1 X156.044 Y153.914 E782.90918
G1 X156.571 Y152.945 E782.94586
G1 X156.943 Y151.908 E782.98251
G1 X157.153 Y150.826 E783.01916
G1 X157.195 Y149.724 E783.05584
G1 X157.069 Y148.629 E783.0925
G1 X156.777 Y147.566 E783.12917
G1 X156.326 Y146.56 E783.16584
G1 X155.727 Y145.634 E783.20252
G1 X154.993 Y144.811 E783.2392
G1 X154.142 Y144.11 E783.27587
G1 X153.195 Y143.547 E783.31251
G1 X152.173 Y143.135 E783.34916
G1 X151.1 Y142.884 E783.38581
G1 X150 Y142.799 E783.42251
G1 X148.9 Y142.884 E783.4592
G1 X147.827 Y143.135 E783.49585
G1 X146.805 Y143.547 E783.5325
G1 X145.858 Y144.11 E783.56915
G1 X145.007 Y144.811 E783.60582
G1 X144.273 Y145.634 E783.6425
G1 X143.674 Y146.56 E783.67918
G1 X143.223 Y147.566 E783.71585
G1 X142.931 Y148.629 E783.75251
G1 X142.805 Y149.724 E783.78917
G1 X142.847 Y150.826 E783.82585
G1 X143.057 Y151.908 E783.86251
G1 X143.429 Y152.945 E783.89915
G1 X143.956 Y153.914 E783.93584
G1 X144.624 Y154.79 E783.97248
G1 X145.418 Y155.555 E784.00915
G1 X146.32 Y156.189 E784.04582
G1 X147.308 Y156.679 E784.0825
G1 X148.359 Y157.011 E784.11916
G1 X149.445 Y157.178 E784.15571
G1 X150 Y157.2 E784.17418
G1 X150.555 Y157.178 E784.19265
G1 X151.641 Y157.011 E784.2292
G1 X152.692 Y156.679 E784.26586
G1 X153.68 Y156.189 E784.30254
G1 X154.582 Y155.555 E784.33921
G1 X155.376 Y154.79 E784.37588
G0 F9000 X155.704 Y155.082
G0 X156.163 Y155.56
G0 X156.444 Y155.843
G0 X156.663 Y156.047
;TYPE:WALL-INNER
G1 F2053.1 X155.821 Y156.86 E784.41481
G1 X154.914 Y157.538 E784.45247
G1 X153.908 Y158.106 E784.4909
G1 X152.836 Y158.539 E784.52935
G1 X151.721 Y158.832 E784.56769
G1 X150.565 Y158.981 E784.60646
G1 X150 Y159 E784.62526
G1 X149.435 Y158.981 E784.64407
G1 X148.279 Y158.832 E784.68283
G1 X147.164 Y158.539 E784.72118
G1 X146.092 Y158.106 E784.75963
G1 X145.086 Y157.538 E784.79806
G1 X144.179 Y156.86 E784.83572
G1 X143.337 Y156.047 E784.87465
G1 X142.616 Y155.143 E784.91311
G1 X142.026 Y154.168 E784.95101
G1 X141.555 Y153.107 E784.98962
G1 X141.227 Y151.998 E785.02809
G1 X141.044 Y150.869 E785.06613
G1 X141.007 Y149.704 E785.10489
G1 X141.116 Y148.567 E785.14288
G1 X141.374 Y147.437 E785.18144
G1 X141.768 Y146.365 E785.21942
G1 X142.309 Y145.33 E785.25827
G1 X142.967 Y144.389 E785.29646
G1 X143.74 Y143.536 E785.33474
G1 X144.617 Y142.789 E785.37306
G1 X145.59 Y142.156 E785.41167
G1 X146.608 Y141.666 E785.44924
G1 X147.722 Y141.296 E785.48829
G1 X148.851 Y141.076 E785.52654
G1 X150 Y141.003 E785.56484
G1 X151.149 Y141.076 E785.60313
G1 X152.278 Y141.296 E785.64139
G1 X153.392 Y141.666 E785.68043
G1 X154.41 Y142.156 E785.71801
G1 X155.383 Y142.789 E785.75661
G1 X156.26 Y143.536 E785.79493
G1 X157.033 Y144.389 E785.83322
G1 X157.691 Y145.33 E785.87141
G1 X158.232 Y146.365 E785.91025
G1 X158.626 Y147.437 E785.94824
G1 X158.884 Y148.567 E785.98679
G1 X158.993 Y149.704 E786.02478
G1 X158.956 Y150.869 E786.06355
G1 X158.773 Y151.998 E786.10159
G1 X158.445 Y153.107 E786.14005
G1 X157.974 Y154.168 E786.17866
G1 X157.384 Y155.143 E786.21657
G1 X156.663 Y156.047 E786.25502
G0 F9000 X156.961 Y156.315
G1 F2053.1 X156.086 Y157.161 E786.29551
G1 X155.129 Y157.876 E786.33524
G1 X154.08 Y158.468 E786.3753
G1 X152.962 Y158.92 E786.41541
G1 X151.797 Y159.226 E786.45547
G1 X150.598 Y159.38 E786.49568
G1 X150 Y159.4 E786.51558
G1 X149.402 Y159.38 E786.53548
G1 X148.203 Y159.226 E786.57569
G1 X147.038 Y158.92 E786.61575
G1 X145.92 Y158.468 E786.65586
G1 X144.871 Y157.876 E786.69592
G1 X143.914 Y157.161 E786.73565
G1 X143.039 Y156.315 E786.77613
G1 X142.291 Y155.378 E786.81601
G1 X141.669 Y154.35 E786.85597
G1 X141.181 Y153.25 E786.896
G1 X140.835 Y152.083 E786.93648
G1 X140.645 Y150.907 E786.9761
G1 X140.606 Y149.694 E787.01647
G1 X140.721 Y148.501 E787.05633
G1 X140.989 Y147.326 E787.09642
G1 X141.404 Y146.198 E787.13639
G1 X141.965 Y145.124 E787.17669
G1 X142.653 Y144.139 E787.21666
G1 X143.458 Y143.252 E787.2565
G1 X144.379 Y142.467 E787.29675
G1 X145.392 Y141.808 E787.33694
G1 X146.464 Y141.292 E787.37651
G1 X147.62 Y140.908 E787.41703
G1 X148.796 Y140.679 E787.45687
G1 X150 Y140.602 E787.497
G1 X151.204 Y140.679 E787.53713
G1 X152.38 Y140.908 E787.57698
G1 X153.536 Y141.292 E787.61749
G1 X154.608 Y141.808 E787.65706
G1 X155.621 Y142.467 E787.69726
G1 X156.542 Y143.252 E787.73751
G1 X157.347 Y144.139 E787.77735
G1 X158.035 Y145.124 E787.81731
G1 X158.596 Y146.198 E787.85761
G1 X159.011 Y147.326 E787.89758
G1 X159.279 Y148.501 E787.93767
G1 X159.394 Y149.694 E787.97753
G1 X159.355 Y150.907 E788.0179
G1 X159.165 Y152.083 E788.05752
G1 X158.819 Y153.25 E788.098
G1 X158.331 Y154.35 E788.13803
G1 X157.709 Y155.378 E788.17799
G1 X156.961 Y156.315 E788.21787
G0 F9000 X157.256 Y156.587
;TYPE:WALL-OUTER
G1 F2053.1 X156.351 Y157.462 E788.25974
G1 X155.344 Y158.214 E788.30154
G1 X154.252 Y158.83 E788.34324
G1 X153.088 Y159.301 E788.385
G1 X151.873 Y159.62 E788.42678
G1 X150.631 Y159.779 E788.46843
G1 X150 Y159.8 E788.48943
G1 X149.369 Y159.779 E788.51043
G1 X148.127 Y159.62 E788.55207
G1 X146.912 Y159.301 E788.59385
G1 X145.748 Y158.83 E788.63562
G1 X144.656 Y158.214 E788.67732
G1 X143.649 Y157.462 E788.71912
G1 X142.744 Y156.587 E788.76099
G1 X141.963 Y155.608 E788.80264
G1 X141.312 Y154.532 E788.84447
G1 X140.804 Y153.386 E788.88616
G1 X140.445 Y152.175 E788.92817
G1 X140.246 Y150.945 E788.96962
G1 X140.205 Y149.684 E789.01158
G1 X140.326 Y148.436 E789.05328
G1 X140.604 Y147.215 E789.09493
G1 X141.04 Y146.031 E789.1369
G1 X141.621 Y144.918 E789.17866
G1 X142.339 Y143.889 E789.22039
G1 X143.18 Y142.963 E789.26199
G1 X144.137 Y142.148 E789.3038
G1 X145.194 Y141.46 E789.34575
G1 X146.32 Y140.918 E789.38731
G1 X147.518 Y140.52 E789.4293
G1 X148.741 Y140.282 E789.47074
G1 X150 Y140.201 E789.5127
G1 X151.259 Y140.282 E789.55466
G1 X152.482 Y140.52 E789.5961
G1 X153.68 Y140.918 E789.63809
G1 X154.806 Y141.46 E789.67965
G1 X155.863 Y142.148 E789.7216
G1 X156.82 Y142.963 E789.76341
G1 X157.661 Y143.889 E789.80501
G1 X158.379 Y144.918 E789.84675
G1 X158.96 Y146.031 E789.88851
G1 X159.396 Y147.215 E789.93047
G1 X159.674 Y148.436 E789.97212
G1 X159.795 Y149.684 E790.01382
G1 X159.754 Y150.945 E790.05579
G1 X159.555 Y152.175 E790.09723
G1 X159.196 Y153.386 E790.13924
G1 X158.688 Y154.532 E790.18093
G1 X158.037 Y155.608 E790.22276
G1 X157.256 Y156.587 E790.26442
G0 F9000 X156.931 Y156.292
G0 X156.444 Y155.843
G0 X155.664 Y156.039
G0 X155.512 Y155.88
;TYPE:FILL
G1 F3079.6 X155.512 Y155.918 E790.26568
G1 X155.387 Y156.52 E790.28613
G1 X155.141 Y157.122 E790.30776
G1 X154.938 Y157.423 E790.31983
G0 F9000 X154.806 Y157.246
G0 X152.436 Y157.876
G0 X150.601 Y158.277
G0 X150.593 Y158.056
G1 F3079.6 X150.508 Y158.326 E790.32925
G1 X150.019 Y158.919 E790.35481
G0 F9000 X150.012 Y158.699
G0 X147.227 Y157.751
G0 X145.519 Y156.969
G0 X145.645 Y156.79
G1 F3079.6 X145.509 Y157.122 E790.36675
G1 X145.232 Y157.531 E790.38318
G0 F9000 X145.34 Y157.34
G0 X148.121 Y158.025
G0 X149.348 Y158.213
G0 X150.652 Y158.213
G0 X151.879 Y158.025
G0 X153.083 Y157.645
G0 X154.211 Y157.086
G0 X155.246 Y156.357
G0 X156.156 Y155.482
G0 X156.771 Y154.674
G0 X157.735 Y152.956
G0 X157.528 Y152.882
G1 F3079.6 X157.528 Y152.908 E790.38404
G1 X157.717 Y153.51 E790.40503
G1 X158.017 Y153.874 E790.42072
G0 F9000 X157.816 Y153.785
G0 X158.25 Y150.918
G0 X158.03 Y150.91
G1 F3079.6 X158.307 Y150.5 E790.43717
G1 X158.906 Y149.913 E790.46507
G0 F9000 X158.687 Y149.906
G0 X157.758 Y147.21
G0 X157.241 Y146.061
G0 X156.557 Y145.001
G0 X155.715 Y144.059
G0 X154.93 Y143.411
G0 X153.107 Y142.326
G0 X153.025 Y142.529
G1 F3079.6 X152.838 Y142.072 E790.48149
G1 X152.725 Y141.53 E790.4999
G0 F9000 X152.656 Y141.737
G0 X148.464 Y141.457
G0 X148.423 Y141.241
G1 F3079.6 X148.268 Y141.47 E790.5091
G1 X148.022 Y142.072 E790.53073
G1 X147.997 Y142.192 E790.53481
G0 F9000 X147.948 Y141.978
G0 X146.342 Y142.612
G0 X145.727 Y142.978
G0 X144.475 Y143.824
G0 X144.614 Y143.994
G1 F3079.6 X144.474 Y143.878 E790.54086
G1 X144.003 Y143.417 E790.56278
G0 F9000 X144.21 Y143.654
;MESH:NONMESH
G0 F300 X144.21 Y143.654 Z14
G0 F9000 X146.342 Y142.612
G0 X147.514 Y142.141
G0 X148.744 Y141.855
G0 X150 Y141.755
G0 X151.256 Y141.855
G0 X152.486 Y142.141
G0 X153.658 Y142.612
G0 X154.744 Y143.259
G0 X155.715 Y144.059
G0 X156.557 Y145.001
G0 X157.241 Y146.061
G0 X157.758 Y147.21
G0 X158.093 Y148.431
G0 X158.235 Y149.686
G0 X158.188 Y150.948
G0 X157.948 Y152.183
G0 X157.524 Y153.366
G0 X157.032 Y154.271
G0 X156.182 Y155.541
G0 X155.975 Y155.324
;TIME_ELAPSED:978.459891
;LAYER:69
;TYPE:WALL-INNER
;MESH:dannypart.STL
G1 F2053.4 X156.718 Y154.35 E790.60352
G1 X157.303 Y153.273 E790.64429
G1 X157.717 Y152.12 E790.68503
G1 X157.951 Y150.918 E790.72576
G1 X157.997 Y149.694 E790.7665
G1 X157.857 Y148.477 E790.80724
G1 X157.533 Y147.294 E790.84804
G1 X157.03 Y146.176 E790.88882
G1 X156.365 Y145.148 E790.92954
G1 X155.549 Y144.233 E790.97031
G1 X154.604 Y143.454 E791.01105
G1 X153.551 Y142.827 E791.05181
G1 X152.415 Y142.37 E791.09254
G1 X151.222 Y142.092 E791.13328
G1 X150 Y141.997 E791.17404
G1 X148.778 Y142.092 E791.21481
G1 X147.585 Y142.37 E791.25555
G1 X146.449 Y142.827 E791.29628
G1 X145.396 Y143.454 E791.33704
G1 X144.451 Y144.233 E791.37777
G1 X143.635 Y145.148 E791.41855
G1 X142.97 Y146.176 E791.45927
G1 X142.467 Y147.294 E791.50005
G1 X142.143 Y148.477 E791.54084
G1 X142.003 Y149.694 E791.58159
G1 X142.049 Y150.918 E791.62233
G1 X142.283 Y152.12 E791.66306
G1 X142.697 Y153.273 E791.7038
G1 X143.282 Y154.35 E791.74457
G1 X144.025 Y155.324 E791.78531
G1 X144.908 Y156.173 E791.82605
G1 X145.91 Y156.879 E791.86682
G1 X147.008 Y157.423 E791.90758
G1 X148.177 Y157.793 E791.94836
G1 X149.369 Y157.976 E791.98847
G1 X150 Y158 E792.00947
G1 X150.631 Y157.976 E792.03048
G1 X151.823 Y157.793 E792.07059
G1 X152.992 Y157.423 E792.11137
G1 X154.09 Y156.879 E792.15212
G1 X155.092 Y156.173 E792.19289
G1 X155.975 Y155.324 E792.23363
G0 F9000 X155.676 Y155.057
G1 F2053.4 X156.381 Y154.132 E792.27232
G1 X156.937 Y153.109 E792.31104
G1 X157.33 Y152.014 E792.34974
G1 X157.552 Y150.872 E792.38843
G1 X157.596 Y149.709 E792.42714
G1 X157.463 Y148.553 E792.46584
G1 X157.155 Y147.43 E792.50457
G1 X156.678 Y146.368 E792.5433
G1 X156.046 Y145.391 E792.582
G1 X155.271 Y144.522 E792.62072
G1 X154.373 Y143.782 E792.65943
G1 X153.373 Y143.187 E792.69813
G1 X152.294 Y142.753 E792.73681
G1 X151.161 Y142.488 E792.77551
G1 X150 Y142.398 E792.81424
G1 X148.839 Y142.488 E792.85297
G1 X147.706 Y142.753 E792.89167
G1 X146.627 Y143.187 E792.93036
G1 X145.627 Y143.782 E792.96906
G1 X144.729 Y144.522 E793.00776
G1 X143.954 Y145.391 E793.04649
G1 X143.322 Y146.368 E793.08519
G1 X142.845 Y147.43 E793.12391
G1 X142.537 Y148.553 E793.16264
G1 X142.404 Y149.709 E793.20134
G1 X142.448 Y150.872 E793.24005
G1 X142.67 Y152.014 E793.27875
G1 X143.063 Y153.109 E793.31744
G1 X143.619 Y154.132 E793.35617
G1 X144.324 Y155.057 E793.39485
G1 X145.163 Y155.864 E793.43357
G1 X146.115 Y156.534 E793.47229
G1 X147.158 Y157.051 E793.51101
G1 X148.268 Y157.402 E793.54973
G1 X149.407 Y157.577 E793.58805
G1 X150 Y157.6 E793.60779
G1 X150.593 Y157.577 E793.62753
G1 X151.732 Y157.402 E793.66586
G1 X152.842 Y157.051 E793.70458
G1 X153.885 Y156.534 E793.7433
G1 X154.837 Y155.864 E793.78202
G1 X155.676 Y155.057 E793.82073
G0 F9000 X155.376 Y154.79
;TYPE:WALL-OUTER
G1 F2053.4 X156.044 Y153.914 E793.85738
G1 X156.571 Y152.945 E793.89406
G1 X156.943 Y151.908 E793.93071
G1 X157.153 Y150.826 E793.96736
G1 X157.195 Y149.724 E794.00404
G1 X157.069 Y148.629 E794.0407
G1 X156.777 Y147.566 E794.07737
G1 X156.326 Y146.56 E794.11404
G1 X155.727 Y145.634 E794.15072
G1 X154.993 Y144.811 E794.1874
G1 X154.142 Y144.11 E794.22407
G1 X153.195 Y143.547 E794.26071
G1 X152.173 Y143.135 E794.29736
G1 X151.1 Y142.884 E794.33401
G1 X150 Y142.799 E794.37071
G1 X148.9 Y142.884 E794.4074
G1 X147.827 Y143.135 E794.44405
G1 X146.805 Y143.547 E794.4807
G1 X145.858 Y144.11 E794.51735
G1 X145.007 Y144.811 E794.55402
G1 X144.273 Y145.634 E794.5907
G1 X143.674 Y146.56 E794.62738
G1 X143.223 Y147.566 E794.66404
G1 X142.931 Y148.629 E794.70071
G1 X142.805 Y149.724 E794.73737
G1 X142.847 Y150.826 E794.77405
G1 X143.057 Y151.908 E794.81071
G1 X143.429 Y152.945 E794.84735
G1 X143.956 Y153.914 E794.88404
G1 X144.624 Y154.79 E794.92068
G1 X145.418 Y155.555 E794.95735
G1 X146.32 Y156.189 E794.99402
G1 X147.308 Y156.679 E795.0307
G1 X148.359 Y157.011 E795.06736
G1 X149.445 Y157.178 E795.10391
G1 X150 Y157.2 E795.12238
G1 X150.555 Y157.178 E795.14085
G1 X151.641 Y157.011 E795.1774
G1 X152.692 Y156.679 E795.21406
G1 X153.68 Y156.189 E795.25074
G1 X154.582 Y155.555 E795.28741
G1 X155.376 Y154.79 E795.32408
G0 F9000 X155.704 Y155.082
G0 X156.163 Y155.56
G0 X156.444 Y155.843
G0 X156.663 Y156.047
;TYPE:WALL-INNER
G1 F2053.4 X155.821 Y156.86 E795.36301
G1 X154.914 Y157.538 E795.40067
G1 X153.908 Y158.106 E795.4391
G1 X152.836 Y158.539 E795.47755
G1 X151.721 Y158.832 E795.51589
G1 X150.565 Y158.981 E795.55466
G1 X150 Y159 E795.57346
G1 X149.435 Y158.981 E795.59227
G1 X148.279 Y158.832 E795.63103
G1 X147.164 Y158.539 E795.66938
G1 X146.092 Y158.106 E795.70783
G1 X145.086 Y157.538 E795.74626
G1 X144.179 Y156.86 E795.78392
G1 X143.337 Y156.047 E795.82285
G1 X142.616 Y155.143 E795.86131
G1 X142.026 Y154.168 E795.89921
G1 X141.555 Y153.107 E795.93782
G1 X141.227 Y151.998 E795.97629
G1 X141.044 Y150.869 E796.01433
G1 X141.007 Y149.704 E796.05309
G1 X141.116 Y148.567 E796.09108
G1 X141.374 Y147.437 E796.12964
G1 X141.768 Y146.365 E796.16762
G1 X142.309 Y145.33 E796.20647
G1 X142.967 Y144.389 E796.24466
G1 X143.74 Y143.536 E796.28294
G1 X144.617 Y142.789 E796.32126
G1 X145.59 Y142.156 E796.35987
G1 X146.608 Y141.666 E796.39744
G1 X147.722 Y141.296 E796.43649
G1 X148.851 Y141.076 E796.47474
G1 X150 Y141.003 E796.51304
G1 X151.149 Y141.076 E796.55133
G1 X152.278 Y141.296 E796.58959
G1 X153.392 Y141.666 E796.62863
G1 X154.41 Y142.156 E796.66621
G1 X155.383 Y142.789 E796.70481
G1 X156.26 Y143.536 E796.74313
G1 X157.033 Y144.389 E796.78142
G1 X157.691 Y145.33 E796.81961
G1 X158.232 Y146.365 E796.85845
G1 X158.626 Y147.437 E796.89644
G1 X158.884 Y148.567 E796.93499
G1 X158.993 Y149.704 E796.97298
G1 X158.956 Y150.869 E797.01175
G1 X158.773 Y151.998 E797.04979
G1 X158.445 Y153.107 E797.08825
G1 X157.974 Y154.168 E797.12686
G1 X157.384 Y155.143 E797.16477
G1 X156.663 Y156.047 E797.20322
G0 F9000 X156.961 Y156.315
G1 F2053.4 X156.086 Y157.161 E797.24371
G1 X155.129 Y157.876 E797.28344
G1 X154.08 Y158.468 E797.3235
G1 X152.962 Y158.92 E797.36361
G1 X151.797 Y159.226 E797.40367
G1 X150.598 Y159.38 E797.44388
G1 X150 Y159.4 E797.46378
G1 X149.402 Y159.38 E797.48368
G1 X148.203 Y159.226 E797.52389
G1 X147.038 Y158.92 E797.56395
G1 X145.92 Y158.468 E797.60406
G1 X144.871 Y157.876 E797.64412
G1 X143.914 Y157.161 E797.68385
G1 X143.039 Y156.315 E797.72433
G1 X142.291 Y155.378 E797.76421
G1 X141.669 Y154.35 E797.80417
G1 X141.181 Y153.25 E797.8442
G1 X140.835 Y152.083 E797.88468
G1 X140.645 Y150.907 E797.9243
G1 X140.606 Y149.694 E797.96467
G1 X140.721 Y148.501 E798.00453
G1 X140.989 Y147.326 E798.04462
G1 X141.404 Y146.198 E798.08459
G1 X141.965 Y145.124 E798.12489
G1 X142.653 Y144.139 E798.16486
G1 X143.458 Y143.252 E798.2047
G1 X144.379 Y142.467 E798.24495
G1 X145.392 Y141.808 E798.28514
G1 X146.464 Y141.292 E798.32471
G1 X147.62 Y140.908 E798.36523
G1 X148.796 Y140.679 E798.40507
G1 X150 Y140.602 E798.4452
G1 X151.204 Y140.679 E798.48533
G1 X152.38 Y140.908 E798.52518
G1 X153.536 Y141.292 E798.56569
G1 X154.608 Y141.808 E798.60526
G1 X155.621 Y142.467 E798.64546
G1 X156.542 Y143.252 E798.68571
G1 X157.347 Y144.139 E798.72555
G1 X158.035 Y145.124 E798.76551
G1 X158.596 Y146.198 E798.80581
G1 X159.011 Y147.326 E798.84578
G1 X159.279 Y148.501 E798.88587
G1 X159.394 Y149.694 E798.92573
G1 X159.355 Y150.907 E798.9661
G1 X159.165 Y152.083 E799.00572
G1 X158.819 Y153.25 E799.0462
G1 X158.331 Y154.35 E799.08623
G1 X157.709 Y155.378 E799.12619
G1 X156.961 Y156.315 E799.16607
G0 F9000 X157.256 Y156.587
;TYPE:WALL-OUTER
G1 F2053.4 X156.351 Y157.462 E799.20794
G1 X155.344 Y158.214 E799.24974
G1 X154.252 Y158.83 E799.29144
G1 X153.088 Y159.301 E799.3332
G1 X151.873 Y159.62 E799.37498
G1 X150.631 Y159.779 E799.41663
G1 X150 Y159.8 E799.43763
G1 X149.369 Y159.779 E799.45863
G1 X148.127 Y159.62 E799.50027
G1 X146.912 Y159.301 E799.54205
G1 X145.748 Y158.83 E799.58382
G1 X144.656 Y158.214 E799.62552
G1 X143.649 Y157.462 E799.66732
G1 X142.744 Y156.587 E799.70919
G1 X141.963 Y155.608 E799.75084
G1 X141.312 Y154.532 E799.79267
G1 X140.804 Y153.386 E799.83436
G1 X140.445 Y152.175 E799.87637
G1 X140.246 Y150.945 E799.91782
G1 X140.205 Y149.684 E799.95978
G1 X140.326 Y148.436 E800.00148
G1 X140.604 Y147.215 E800.04313
G1 X141.04 Y146.031 E800.0851
G1 X141.621 Y144.918 E800.12686
G1 X142.339 Y143.889 E800.16859
G1 X143.18 Y142.963 E800.21019
G1 X144.137 Y142.148 E800.252
G1 X145.194 Y141.46 E800.29395
G1 X146.32 Y140.918 E800.33551
G1 X147.518 Y140.52 E800.3775
G1 X148.741 Y140.282 E800.41894
G1 X150 Y140.201 E800.4609
G1 X151.259 Y140.282 E800.50286
G1 X152.482 Y140.52 E800.5443
G1 X153.68 Y140.918 E800.58629
G1 X154.806 Y141.46 E800.62785
G1 X155.863 Y142.148 E800.6698
G1 X156.82 Y142.963 E800.71161
G1 X157.661 Y143.889 E800.75321
G1 X158.379 Y144.918 E800.79495
G1 X158.96 Y146.031 E800.83671
G1 X159.396 Y147.215 E800.87867
G1 X159.674 Y148.436 E800.92032
G1 X159.795 Y149.684 E800.96202
G1 X159.754 Y150.945 E801.00399
G1 X159.555 Y152.175 E801.04543
G1 X159.196 Y153.386 E801.08744
G1 X158.688 Y154.532 E801.12913
G1 X158.037 Y155.608 E801.17096
G1 X157.256 Y156.587 E801.21262
G0 F9000 X156.931 Y156.292
G0 X156.444 Y155.843
G0 X155.561 Y156.138
G0 X155.409 Y155.979
;TYPE:FILL
G1 F3080.1 X155.35 Y156.52 E801.23072
G1 X155.162 Y157.122 E801.25169
G1 X155.033 Y157.351 E801.26043
G0 F9000 X154.901 Y157.174
G0 X152.182 Y157.939
G0 X150.399 Y158.285
G0 X150.391 Y158.064
G1 F3080.1 X150.28 Y158.326 E801.2699
G1 X149.778 Y158.913 E801.29559
G0 F9000 X149.786 Y158.693
G0 X147.204 Y157.75
G0 X145.509 Y156.962
G0 X145.636 Y156.783
G1 F3080.1 X145.53 Y157.122 E801.3074
G1 X145.284 Y157.56 E801.32411
G0 F9000 X145.392 Y157.369
G0 X148.121 Y158.025
G0 X149.348 Y158.213
G0 X150.652 Y158.213
G0 X151.879 Y158.025
G0 X153.083 Y157.645
G0 X154.211 Y157.086
G0 X155.246 Y156.357
G0 X156.156 Y155.482
G0 X156.916 Y154.484
G0 X157.088 Y154.168
G0 X157.857 Y152.615
G0 X157.65 Y152.541
G1 F3080.1 X157.69 Y152.908 E801.33639
G1 X157.945 Y153.51 E801.35813
G1 X158.099 Y153.69 E801.36601
G0 F9000 X157.898 Y153.6
G0 X158.253 Y150.836
G0 X158.033 Y150.828
G1 F3080.1 X158.217 Y150.5 E801.37852
G1 X158.746 Y149.898 E801.40518
G1 X158.912 Y149.745 E801.41268
G0 F9000 X158.692 Y149.738
G0 X157.758 Y147.21
G0 X157.241 Y146.061
G0 X156.557 Y145.001
G0 X155.715 Y144.059
G0 X154.93 Y143.411
G0 X153.099 Y142.323
G0 X153.017 Y142.526
G1 F3080.1 X152.875 Y142.072 E801.42851
G1 X152.819 Y141.561 E801.4456
G0 F9000 X152.75 Y141.768
G0 X148.411 Y141.467
G0 X148.37 Y141.251
G1 F3080.1 X148.247 Y141.47 E801.45396
G1 X148.059 Y142.072 E801.47493
G1 X148.047 Y142.181 E801.47858
G0 F9000 X147.998 Y141.967
G0 X146.342 Y142.612
G0 X145.727 Y142.978
G0 X144.374 Y143.907
G0 X144.513 Y144.077
G1 F3080.1 X144.298 Y143.878 E801.48832
G1 X143.94 Y143.47 E801.50638
G0 F9000 X144.145 Y143.707
;MESH:NONMESH
G0 F300 X144.145 Y143.707 Z14.2
G0 F9000 X146.342 Y142.612
G0 X147.514 Y142.141
G0 X148.744 Y141.855
G0 X150 Y141.755
G0 X151.256 Y141.855
G0 X152.486 Y142.141
G0 X153.658 Y142.612
G0 X154.744 Y143.259
G0 X155.715 Y144.059
G0 X156.557 Y145.001
G0 X157.241 Y146.061
G0 X157.758 Y147.21
G0 X158.093 Y148.431
G0 X158.235 Y149.686
G0 X158.188 Y150.948
G0 X157.948 Y152.183
G0 X157.524 Y153.366
G0 X157.032 Y154.271
G0 X156.182 Y155.541
G0 X155.975 Y155.324
;TIME_ELAPSED:991.409303
;LAYER:70
;TYPE:WALL-INNER
;MESH:dannypart.STL
G1 F2051 X156.718 Y154.35 E801.54712
G1 X157.303 Y153.273 E801.58789
G1 X157.717 Y152.12 E801.62863
G1 X157.951 Y150.918 E801.66936
G1 X157.997 Y149.694 E801.7101
G1 X157.857 Y148.477 E801.75085
G1 X157.533 Y147.294 E801.79164
G1 X157.03 Y146.176 E801.83242
G1 X156.365 Y145.148 E801.87314
G1 X155.549 Y144.233 E801.91392
G1 X154.604 Y143.454 E801.95465
G1 X153.551 Y142.827 E801.99541
G1 X152.415 Y142.37 E802.03614
G1 X151.222 Y142.092 E802.07688
G1 X150 Y141.997 E802.11765
G1 X148.778 Y142.092 E802.15841
G1 X147.585 Y142.37 E802.19915
G1 X146.449 Y142.827 E802.23988
G1 X145.396 Y143.454 E802.28064
G1 X144.451 Y144.233 E802.32138
G1 X143.635 Y145.148 E802.36215
G1 X142.97 Y146.176 E802.40287
G1 X142.467 Y147.294 E802.44365
G1 X142.143 Y148.477 E802.48445
G1 X142.003 Y149.694 E802.52519
G1 X142.049 Y150.918 E802.56593
G1 X142.283 Y152.12 E802.60666
G1 X142.697 Y153.273 E802.6474
G1 X143.282 Y154.35 E802.68817
G1 X144.025 Y155.324 E802.72891
G1 X144.908 Y156.173 E802.76966
G1 X145.91 Y156.879 E802.81042
G1 X147.008 Y157.423 E802.85118
G1 X148.177 Y157.793 E802.89196
G1 X149.369 Y157.976 E802.93207
G1 X150 Y158 E802.95308
G1 X150.631 Y157.976 E802.97408
G1 X151.823 Y157.793 E803.01419
G1 X152.992 Y157.423 E803.05497
G1 X154.09 Y156.879 E803.09573
G1 X155.092 Y156.173 E803.13649
G1 X155.975 Y155.324 E803.17724
G0 F9000 X155.676 Y155.057
G1 F2051 X156.381 Y154.132 E803.21592
G1 X156.937 Y153.109 E803.25464
G1 X157.33 Y152.014 E803.29334
G1 X157.552 Y150.872 E803.33203
G1 X157.596 Y149.709 E803.37074
G1 X157.463 Y148.553 E803.40944
G1 X157.155 Y147.43 E803.44818
G1 X156.678 Y146.368 E803.4869
G1 X156.046 Y145.391 E803.5256
G1 X155.271 Y144.522 E803.56433
G1 X154.373 Y143.782 E803.60303
G1 X153.373 Y143.187 E803.64173
G1 X152.294 Y142.753 E803.68041
G1 X151.161 Y142.488 E803.71911
G1 X150 Y142.398 E803.75784
G1 X148.839 Y142.488 E803.79657
G1 X147.706 Y142.753 E803.83528
G1 X146.627 Y143.187 E803.87396
G1 X145.627 Y143.782 E803.91266
G1 X144.729 Y144.522 E803.95136
G1 X143.954 Y145.391 E803.99009
G1 X143.322 Y146.368 E804.02879
G1 X142.845 Y147.43 E804.06751
G1 X142.537 Y148.553 E804.10624
G1 X142.404 Y149.709 E804.14495
G1 X142.448 Y150.872 E804.18365
G1 X142.67 Y152.014 E804.22235
G1 X143.063 Y153.109 E804.26104
G1 X143.619 Y154.132 E804.29977
G1 X144.324 Y155.057 E804.33845
G1 X145.163 Y155.864 E804.37717
G1 X146.115 Y156.534 E804.41589
G1 X147.158 Y157.051 E804.45461
G1 X148.268 Y157.402 E804.49333
G1 X149.407 Y157.577 E804.53166
G1 X150 Y157.6 E804.55139
G1 X150.593 Y157.577 E804.57113
G1 X151.732 Y157.402 E804.60946
G1 X152.842 Y157.051 E804.64818
G1 X153.885 Y156.534 E804.6869
G1 X154.837 Y155.864 E804.72562
G1 X155.676 Y155.057 E804.76434
G0 F9000 X155.376 Y154.79
;TYPE:WALL-OUTER
G1 F2051 X156.044 Y153.914 E804.80098
G1 X156.571 Y152.945 E804.83766
G1 X156.943 Y151.908 E804.87431
G1 X157.153 Y150.826 E804.91097
G1 X157.195 Y149.724 E804.94765
G1 X157.069 Y148.629 E804.98431
G1 X156.777 Y147.566 E805.02097
G1 X156.326 Y146.56 E805.05764
G1 X155.727 Y145.634 E805.09432
G1 X154.993 Y144.811 E805.131
G1 X154.142 Y144.11 E805.16767
G1 X153.195 Y143.547 E805.20431
G1 X152.173 Y143.135 E805.24096
G1 X151.1 Y142.884 E805.27761
G1 X150 Y142.799 E805.31431
G1 X148.9 Y142.884 E805.351
G1 X147.827 Y143.135 E805.38766
G1 X146.805 Y143.547 E805.42431
G1 X145.858 Y144.11 E805.46095
G1 X145.007 Y144.811 E805.49762
G1 X144.273 Y145.634 E805.5343
G1 X143.674 Y146.56 E805.57098
G1 X143.223 Y147.566 E805.60765
G1 X142.931 Y148.629 E805.64431
G1 X142.805 Y149.724 E805.68097
G1 X142.847 Y150.826 E805.71765
G1 X143.057 Y151.908 E805.75431
G1 X143.429 Y152.945 E805.79095
G1 X143.956 Y153.914 E805.82764
G1 X144.624 Y154.79 E805.86428
G1 X145.418 Y155.555 E805.90095
G1 X146.32 Y156.189 E805.93762
G1 X147.308 Y156.679 E805.9743
G1 X148.359 Y157.011 E806.01096
G1 X149.445 Y157.178 E806.04751
G1 X150 Y157.2 E806.06598
G1 X150.555 Y157.178 E806.08445
G1 X151.641 Y157.011 E806.121
G1 X152.692 Y156.679 E806.15766
G1 X153.68 Y156.189 E806.19434
G1 X154.582 Y155.555 E806.23101
G1 X155.376 Y154.79 E806.26768
G0 F9000 X155.704 Y155.082
G0 X156.163 Y155.56
G0 X156.444 Y155.843
G0 X156.663 Y156.047
;TYPE:WALL-INNER
G1 F2051 X155.821 Y156.86 E806.30661
G1 X154.914 Y157.538 E806.34427
G1 X153.908 Y158.106 E806.3827
G1 X152.836 Y158.539 E806.42115
G1 X151.721 Y158.832 E806.4595
G1 X150.565 Y158.981 E806.49826
G1 X150 Y159 E806.51707
G1 X149.435 Y158.981 E806.53587
G1 X148.279 Y158.832 E806.57464
G1 X147.164 Y158.539 E806.61298
G1 X146.092 Y158.106 E806.65143
G1 X145.086 Y157.538 E806.68986
G1 X144.179 Y156.86 E806.72752
G1 X143.337 Y156.047 E806.76645
G1 X142.616 Y155.143 E806.80491
G1 X142.026 Y154.168 E806.84281
G1 X141.555 Y153.107 E806.88142
G1 X141.227 Y151.998 E806.91989
G1 X141.044 Y150.869 E806.95793
G1 X141.007 Y149.704 E806.9967
G1 X141.116 Y148.567 E807.03469
G1 X141.374 Y147.437 E807.07324
G1 X141.768 Y146.365 E807.11122
G1 X142.309 Y145.33 E807.15007
G1 X142.967 Y144.389 E807.18826
G1 X143.74 Y143.536 E807.22655
G1 X144.617 Y142.789 E807.26486
G1 X145.59 Y142.156 E807.30347
G1 X146.608 Y141.666 E807.34105
G1 X147.722 Y141.296 E807.38009
G1 X148.851 Y141.076 E807.41835
G1 X150 Y141.003 E807.45664
G1 X151.149 Y141.076 E807.49493
G1 X152.278 Y141.296 E807.53319
G1 X153.392 Y141.666 E807.57223
G1 X154.41 Y142.156 E807.60981
G1 X155.383 Y142.789 E807.64842
G1 X156.26 Y143.536 E807.68673
G1 X157.033 Y144.389 E807.72502
G1 X157.691 Y145.33 E807.76321
G1 X158.232 Y146.365 E807.80205
G1 X158.626 Y147.437 E807.84004
G1 X158.884 Y148.567 E807.87859
G1 X158.993 Y149.704 E807.91658
G1 X158.956 Y150.869 E807.95535
G1 X158.773 Y151.998 E807.99339
G1 X158.445 Y153.107 E808.03185
G1 X157.974 Y154.168 E808.07046
G1 X157.384 Y155.143 E808.10837
G1 X156.663 Y156.047 E808.14683
G0 F9000 X156.961 Y156.315
G1 F2051 X156.086 Y157.161 E808.18731
G1 X155.129 Y157.876 E808.22704
G1 X154.08 Y158.468 E808.2671
G1 X152.962 Y158.92 E808.30721
G1 X151.797 Y159.226 E808.34727
G1 X150.598 Y159.38 E808.38748
G1 X150 Y159.4 E808.40738
G1 X149.402 Y159.38 E808.42728
G1 X148.203 Y159.226 E808.46749
G1 X147.038 Y158.92 E808.50755
G1 X145.92 Y158.468 E808.54766
G1 X144.871 Y157.876 E808.58772
G1 X143.914 Y157.161 E808.62745
G1 X143.039 Y156.315 E808.66794
G1 X142.291 Y155.378 E808.70781
G1 X141.669 Y154.35 E808.74778
G1 X141.181 Y153.25 E808.7878
G1 X140.835 Y152.083 E808.82829
G1 X140.645 Y150.907 E808.86791
G1 X140.606 Y149.694 E808.90827
G1 X140.721 Y148.501 E808.94813
G1 X140.989 Y147.326 E808.98822
G1 X141.404 Y146.198 E809.0282
G1 X141.965 Y145.124 E809.0685
G1 X142.653 Y144.139 E809.10846
G1 X143.458 Y143.252 E809.1483
G1 X144.379 Y142.467 E809.18855
G1 X145.392 Y141.808 E809.22874
G1 X146.464 Y141.292 E809.26831
G1 X147.62 Y140.908 E809.30883
G1 X148.796 Y140.679 E809.34868
G1 X150 Y140.602 E809.3888
G1 X151.204 Y140.679 E809.42893
G1 X152.38 Y140.908 E809.46878
G1 X153.536 Y141.292 E809.50929
G1 X154.608 Y141.808 E809.54886
G1 X155.621 Y142.467 E809.58906
G1 X156.542 Y143.252 E809.62931
G1 X157.347 Y144.139 E809.66915
G1 X158.035 Y145.124 E809.70911
G1 X158.596 Y146.198 E809.74941
G1 X159.011 Y147.326 E809.78939
G1 X159.279 Y148.501 E809.82947
G1 X159.394 Y149.694 E809.86933
G1 X159.355 Y150.907 E809.9097
G1 X159.165 Y152.083 E809.94932
G1 X158.819 Y153.25 E809.9898
G1 X158.331 Y154.35 E810.02983
G1 X157.709 Y155.378 E810.06979
G1 X156.961 Y156.315 E810.10967
G0 F9000 X157.256 Y156.587
;TYPE:WALL-OUTER
G1 F2051 X156.351 Y157.462 E810.15154
G1 X155.344 Y158.214 E810.19334
G1 X154.252 Y158.83 E810.23504
G1 X153.088 Y159.301 E810.2768
G1 X151.873 Y159.62 E810.31858
G1 X150.631 Y159.779 E810.36023
G1 X150 Y159.8 E810.38123
G1 X149.369 Y159.779 E810.40223
G1 X148.127 Y159.62 E810.44387
G1 X146.912 Y159.301 E810.48566
G1 X145.748 Y158.83 E810.52742
G1 X144.656 Y158.214 E810.56912
G1 X143.649 Y157.462 E810.61092
G1 X142.744 Y156.587 E810.65279
G1 X141.963 Y155.608 E810.69444
G1 X141.312 Y154.532 E810.73627
G1 X140.804 Y153.386 E810.77797
G1 X140.445 Y152.175 E810.81998
G1 X140.246 Y150.945 E810.86142
G1 X140.205 Y149.684 E810.90338
G1 X140.326 Y148.436 E810.94508
G1 X140.604 Y147.215 E810.98673
G1 X141.04 Y146.031 E811.0287
G1 X141.621 Y144.918 E811.07046
G1 X142.339 Y143.889 E811.11219
G1 X143.18 Y142.963 E811.1538
G1 X144.137 Y142.148 E811.1956
G1 X145.194 Y141.46 E811.23755
G1 X146.32 Y140.918 E811.27912
G1 X147.518 Y140.52 E811.3211
G1 X148.741 Y140.282 E811.36254
G1 X150 Y140.201 E811.4045
G1 X151.259 Y140.282 E811.44646
G1 X152.482 Y140.52 E811.4879
G1 X153.68 Y140.918 E811.52989
G1 X154.806 Y141.46 E811.57146
G1 X155.863 Y142.148 E811.6134
G1 X156.82 Y142.963 E811.65521
G1 X157.661 Y143.889 E811.69682
G1 X158.379 Y144.918 E811.73855
G1 X158.96 Y146.031 E811.78031
G1 X159.396 Y147.215 E811.82227
G1 X159.674 Y148.436 E811.86392
G1 X159.795 Y149.684 E811.90563
G1 X159.754 Y150.945 E811.94759
G1 X159.555 Y152.175 E811.98903
G1 X159.196 Y153.386 E812.03104
G1 X158.688 Y154.532 E812.07274
G1 X158.037 Y155.608 E812.11456
G1 X157.256 Y156.587 E812.15622
G0 F9000 X156.931 Y156.292
G0 X156.444 Y155.843
G0 X155.486 Y156.21
G0 X155.334 Y156.051
;TYPE:FILL
G1 F3076.6 X155.327 Y156.52 E812.17182
G1 X155.196 Y157.122 E812.19231
G1 X155.122 Y157.285 E812.19826
G0 F9000 X154.99 Y157.108
G0 X157.967 Y153.446
G0 X158.167 Y153.535
G1 F3076.6 X158.145 Y153.51 E812.19937
G1 X157.831 Y152.908 E812.22195
G1 X157.716 Y152.358 E812.24064
G0 F9000 X157.923 Y152.432
G0 X158.258 Y150.685
G0 X158.039 Y150.677
G1 F3076.6 X158.119 Y150.5 E812.2471
G1 X158.578 Y149.898 E812.27228
G1 X158.901 Y149.575 E812.28747
G0 F9000 X158.682 Y149.595
G0 X157.758 Y147.21
G0 X157.241 Y146.061
G0 X156.557 Y145.001
G0 X155.715 Y144.059
G0 X154.842 Y143.339
G0 X153.077 Y142.314
G0 X152.995 Y142.517
G1 F3076.6 X152.898 Y142.072 E812.30262
G1 X152.891 Y141.585 E812.31882
G0 F9000 X152.822 Y141.792
G0 X148.348 Y141.48
G0 X148.307 Y141.264
G1 F3076.6 X148.213 Y141.47 E812.32635
G1 X148.082 Y142.072 E812.34684
G1 X148.08 Y142.173 E812.3502
G0 F9000 X148.031 Y141.959
G0 X146.342 Y142.612
G0 X145.727 Y142.978
G0 X144.273 Y143.99
G0 X144.412 Y144.16
G1 F3076.6 X144.13 Y143.878 E812.36347
G1 X143.867 Y143.533 E812.3779
G0 F9000 X144.008 Y143.7
G0 X142.759 Y146.061
G0 X142.242 Y147.21
G0 X141.907 Y148.431
G0 X141.765 Y149.686
G0 X141.812 Y150.948
G0 X142.052 Y152.183
G0 X142.476 Y153.366
G0 X143.084 Y154.484
G0 X143.844 Y155.482
G0 X144.359 Y155.977
G0 X145.511 Y156.963
G0 X145.637 Y156.785
G1 F3076.6 X145.564 Y157.122 E812.38937
G1 X145.348 Y157.597 E812.40672
G0 F9000 X145.457 Y157.405
G0 X149.576 Y158.686
G0 X149.568 Y158.906
G1 F3076.6 X150.08 Y158.326 E812.43245
G1 X150.213 Y158.071 E812.44202
G0 F9000 X150.227 Y158.391
;MESH:NONMESH
G0 F300 X150.227 Y158.391 Z14.4
G0 F9000 X151.879 Y158.025
G0 X153.083 Y157.645
G0 X154.211 Y157.086
G0 X155.048 Y156.496
G0 X156.182 Y155.541
G0 X155.975 Y155.324
;TIME_ELAPSED:1004.057741
;LAYER:71
;TYPE:WALL-INNER
;MESH:dannypart.STL
G1 F2035.8 X156.718 Y154.35 E812.48276
G1 X157.303 Y153.273 E812.52353
G1 X157.717 Y152.12 E812.56427
G1 X157.951 Y150.918 E812.605
G1 X157.997 Y149.694 E812.64574
G1 X157.857 Y148.477 E812.68649
G1 X157.533 Y147.294 E812.72728
G1 X157.03 Y146.176 E812.76806
G1 X156.365 Y145.148 E812.80878
G1 X155.549 Y144.233 E812.84956
G1 X154.604 Y143.454 E812.89029
G1 X153.551 Y142.827 E812.93105
G1 X152.415 Y142.37 E812.97178
G1 X151.222 Y142.092 E813.01252
G1 X150 Y141.997 E813.05329
G1 X148.778 Y142.092 E813.09405
G1 X147.585 Y142.37 E813.1348
G1 X146.449 Y142.827 E813.17552
G1 X145.396 Y143.454 E813.21628
G1 X144.451 Y144.233 E813.25702
G1 X143.635 Y145.148 E813.29779
G1 X142.97 Y146.176 E813.33852
G1 X142.467 Y147.294 E813.37929
G1 X142.143 Y148.477 E813.42009
G1 X142.003 Y149.694 E813.46083
G1 X142.049 Y150.918 E813.50157
G1 X142.283 Y152.12 E813.5423
G1 X142.697 Y153.273 E813.58304
G1 X143.282 Y154.35 E813.62381
G1 X144.025 Y155.324 E813.66455
G1 X144.908 Y156.173 E813.7053
G1 X145.91 Y156.879 E813.74606
G1 X147.008 Y157.423 E813.78682
G1 X148.177 Y157.793 E813.8276
G1 X149.369 Y157.976 E813.86771
G1 X150 Y158 E813.88872
G1 X150.631 Y157.976 E813.90972
G1 X151.823 Y157.793 E813.94983
G1 X152.992 Y157.423 E813.99061
G1 X154.09 Y156.879 E814.03137
G1 X155.092 Y156.173 E814.07214
G1 X155.975 Y155.324 E814.11288
G0 F9000 X155.676 Y155.057
G1 F2035.8 X156.381 Y154.132 E814.15156
G1 X156.937 Y153.109 E814.19029
G1 X157.33 Y152.014 E814.22898
G1 X157.552 Y150.872 E814.26767
G1 X157.596 Y149.709 E814.30638
G1 X157.463 Y148.553 E814.34509
G1 X157.155 Y147.43 E814.38382
G1 X156.678 Y146.368 E814.42254
G1 X156.046 Y145.391 E814.46124
G1 X155.271 Y144.522 E814.49997
G1 X154.373 Y143.782 E814.53867
G1 X153.373 Y143.187 E814.57737
G1 X152.294 Y142.753 E814.61605
G1 X151.161 Y142.488 E814.65475
G1 X150 Y142.398 E814.69348
G1 X148.839 Y142.488 E814.73222
G1 X147.706 Y142.753 E814.77092
G1 X146.627 Y143.187 E814.8096
G1 X145.627 Y143.782 E814.8483
G1 X144.729 Y144.522 E814.887
G1 X143.954 Y145.391 E814.92573
G1 X143.322 Y146.368 E814.96443
G1 X142.845 Y147.43 E815.00315
G1 X142.537 Y148.553 E815.04188
G1 X142.404 Y149.709 E815.08059
G1 X142.448 Y150.872 E815.11929
G1 X142.67 Y152.014 E815.15799
G1 X143.063 Y153.109 E815.19668
G1 X143.619 Y154.132 E815.23541
G1 X144.324 Y155.057 E815.27409
G1 X145.163 Y155.864 E815.31281
G1 X146.115 Y156.534 E815.35153
G1 X147.158 Y157.051 E815.39025
G1 X148.268 Y157.402 E815.42897
G1 X149.407 Y157.577 E815.4673
G1 X150 Y157.6 E815.48703
G1 X150.593 Y157.577 E815.50677
G1 X151.732 Y157.402 E815.5451
G1 X152.842 Y157.051 E815.58382
G1 X153.885 Y156.534 E815.62254
G1 X154.837 Y155.864 E815.66126
G1 X155.676 Y155.057 E815.69998
G0 F9000 X155.376 Y154.79
;TYPE:WALL-OUTER
G1 F2035.8 X156.044 Y153.914 E815.73662
G1 X156.571 Y152.945 E815.7733
G1 X156.943 Y151.908 E815.80995
G1 X157.153 Y150.826 E815.84661
G1 X157.195 Y149.724 E815.88329
G1 X157.069 Y148.629 E815.91995
G1 X156.777 Y147.566 E815.95661
G1 X156.326 Y146.56 E815.99328
G1 X155.727 Y145.634 E816.02996
G1 X154.993 Y144.811 E816.06664
G1 X154.142 Y144.11 E816.10331
G1 X153.195 Y143.547 E816.13995
G1 X152.173 Y143.135 E816.1766
G1 X151.1 Y142.884 E816.21325
G1 X150 Y142.799 E816.24995
G1 X148.9 Y142.884 E816.28664
G1 X147.827 Y143.135 E816.3233
G1 X146.805 Y143.547 E816.35995
G1 X145.858 Y144.11 E816.39659
G1 X145.007 Y144.811 E816.43326
G1 X144.273 Y145.634 E816.46994
G1 X143.674 Y146.56 E816.50662
G1 X143.223 Y147.566 E816.54329
G1 X142.931 Y148.629 E816.57995
G1 X142.805 Y149.724 E816.61661
G1 X142.847 Y150.826 E816.65329
G1 X143.057 Y151.908 E816.68995
G1 X143.429 Y152.945 E816.72659
G1 X143.956 Y153.914 E816.76328
G1 X144.624 Y154.79 E816.79992
G1 X145.418 Y155.555 E816.83659
G1 X146.32 Y156.189 E816.87326
G1 X147.308 Y156.679 E816.90994
G1 X148.359 Y157.011 E816.9466
G1 X149.445 Y157.178 E816.98315
G1 X150 Y157.2 E817.00162
G1 X150.555 Y157.178 E817.0201
G1 X151.641 Y157.011 E817.05664
G1 X152.692 Y156.679 E817.0933
G1 X153.68 Y156.189 E817.12998
G1 X154.582 Y155.555 E817.16665
G1 X155.376 Y154.79 E817.20332
G0 F9000 X155.704 Y155.082
G0 X156.163 Y155.56
G0 X156.444 Y155.843
G0 X156.663 Y156.047
;TYPE:WALL-INNER
G1 F2035.8 X155.821 Y156.86 E817.24225
G1 X154.914 Y157.538 E817.27991
G1 X153.908 Y158.106 E817.31834
G1 X152.836 Y158.539 E817.35679
G1 X151.721 Y158.832 E817.39514
G1 X150.565 Y158.981 E817.4339
G1 X150 Y159 E817.45271
G1 X149.435 Y158.981 E817.47151
G1 X148.279 Y158.832 E817.51028
G1 X147.164 Y158.539 E817.54862
G1 X146.092 Y158.106 E817.58707
G1 X145.086 Y157.538 E817.6255
G1 X144.179 Y156.86 E817.66316
G1 X143.337 Y156.047 E817.70209
G1 X142.616 Y155.143 E817.74055
G1 X142.026 Y154.168 E817.77845
G1 X141.555 Y153.107 E817.81706
G1 X141.227 Y151.998 E817.85553
G1 X141.044 Y150.869 E817.89357
G1 X141.007 Y149.704 E817.93234
G1 X141.116 Y148.567 E817.97033
G1 X141.374 Y147.437 E818.00888
G1 X141.768 Y146.365 E818.04686
G1 X142.309 Y145.33 E818.08571
G1 X142.967 Y144.389 E818.1239
G1 X143.74 Y143.536 E818.16219
G1 X144.617 Y142.789 E818.2005
G1 X145.59 Y142.156 E818.23911
G1 X146.608 Y141.666 E818.27669
G1 X147.722 Y141.296 E818.31573
G1 X148.851 Y141.076 E818.35399
G1 X150 Y141.003 E818.39228
G1 X151.149 Y141.076 E818.43057
G1 X152.278 Y141.296 E818.46883
G1 X153.392 Y141.666 E818.50787
G1 X154.41 Y142.156 E818.54545
G1 X155.383 Y142.789 E818.58406
G1 X156.26 Y143.536 E818.62237
G1 X157.033 Y144.389 E818.66066
G1 X157.691 Y145.33 E818.69885
G1 X158.232 Y146.365 E818.73769
G1 X158.626 Y147.437 E818.77568
G1 X158.884 Y148.567 E818.81423
G1 X158.993 Y149.704 E818.85222
G1 X158.956 Y150.869 E818.89099
G1 X158.773 Y151.998 E818.92903
G1 X158.445 Y153.107 E818.96749
G1 X157.974 Y154.168 E819.0061
G1 X157.384 Y155.143 E819.04401
G1 X156.663 Y156.047 E819.08247
G0 F9000 X156.961 Y156.315
G1 F2035.8 X156.086 Y157.161 E819.12295
G1 X155.129 Y157.876 E819.16268
G1 X154.08 Y158.468 E819.20274
G1 X152.962 Y158.92 E819.24285
G1 X151.797 Y159.226 E819.28291
G1 X150.598 Y159.38 E819.32312
G1 X150 Y159.4 E819.34302
G1 X149.402 Y159.38 E819.36292
G1 X148.203 Y159.226 E819.40313
G1 X147.038 Y158.92 E819.44319
G1 X145.92 Y158.468 E819.4833
G1 X144.871 Y157.876 E819.52336
G1 X143.914 Y157.161 E819.56309
G1 X143.039 Y156.315 E819.60358
G1 X142.291 Y155.378 E819.64345
G1 X141.669 Y154.35 E819.68342
G1 X141.181 Y153.25 E819.72344
G1 X140.835 Y152.083 E819.76393
G1 X140.645 Y150.907 E819.80355
G1 X140.606 Y149.694 E819.84391
G1 X140.721 Y148.501 E819.88378
G1 X140.989 Y147.326 E819.92386
G1 X141.404 Y146.198 E819.96384
G1 X141.965 Y145.124 E820.00414
G1 X142.653 Y144.139 E820.0441
G1 X143.458 Y143.252 E820.08394
G1 X144.379 Y142.467 E820.12419
G1 X145.392 Y141.808 E820.16438
G1 X146.464 Y141.292 E820.20395
G1 X147.62 Y140.908 E820.24447
G1 X148.796 Y140.679 E820.28432
G1 X150 Y140.602 E820.32444
G1 X151.204 Y140.679 E820.36457
G1 X152.38 Y140.908 E820.40442
G1 X153.536 Y141.292 E820.44493
G1 X154.608 Y141.808 E820.4845
G1 X155.621 Y142.467 E820.5247
G1 X156.542 Y143.252 E820.56495
G1 X157.347 Y144.139 E820.60479
G1 X158.035 Y145.124 E820.64475
G1 X158.596 Y146.198 E820.68505
G1 X159.011 Y147.326 E820.72503
G1 X159.279 Y148.501 E820.76511
G1 X159.394 Y149.694 E820.80497
G1 X159.355 Y150.907 E820.84534
G1 X159.165 Y152.083 E820.88496
G1 X158.819 Y153.25 E820.92545
G1 X158.331 Y154.35 E820.96547
G1 X157.709 Y155.378 E821.00543
G1 X156.961 Y156.315 E821.04531
G0 F9000 X157.256 Y156.587
;TYPE:WALL-OUTER
G1 F2035.8 X156.351 Y157.462 E821.08718
G1 X155.344 Y158.214 E821.12898
G1 X154.252 Y158.83 E821.17068
G1 X153.088 Y159.301 E821.21244
G1 X151.873 Y159.62 E821.25423
G1 X150.631 Y159.779 E821.29587
G1 X150 Y159.8 E821.31687
G1 X149.369 Y159.779 E821.33787
G1 X148.127 Y159.62 E821.37952
G1 X146.912 Y159.301 E821.4213
G1 X145.748 Y158.83 E821.46306
G1 X144.656 Y158.214 E821.50476
G1 X143.649 Y157.462 E821.54656
G1 X142.744 Y156.587 E821.58843
G1 X141.963 Y155.608 E821.63008
G1 X141.312 Y154.532 E821.67191
G1 X140.804 Y153.386 E821.71361
G1 X140.445 Y152.175 E821.75562
G1 X140.246 Y150.945 E821.79706
G1 X140.205 Y149.684 E821.83902
G1 X140.326 Y148.436 E821.88072
G1 X140.604 Y147.215 E821.92237
G1 X141.04 Y146.031 E821.96434
G1 X141.621 Y144.918 E822.0061
G1 X142.339 Y143.889 E822.04783
G1 X143.18 Y142.963 E822.08944
G1 X144.137 Y142.148 E822.13124
G1 X145.194 Y141.46 E822.17319
G1 X146.32 Y140.918 E822.21476
G1 X147.518 Y140.52 E822.25674
G1 X148.741 Y140.282 E822.29818
G1 X150 Y140.201 E822.34014
G1 X151.259 Y140.282 E822.38211
G1 X152.482 Y140.52 E822.42355
G1 X153.68 Y140.918 E822.46553
G1 X154.806 Y141.46 E822.5071
G1 X155.863 Y142.148 E822.54904
G1 X156.82 Y142.963 E822.59085
G1 X157.661 Y143.889 E822.63246
G1 X158.379 Y144.918 E822.67419
G1 X158.96 Y146.031 E822.71595
G1 X159.396 Y147.215 E822.75791
G1 X159.674 Y148.436 E822.79956
G1 X159.795 Y149.684 E822.84127
G1 X159.754 Y150.945 E822.88323
G1 X159.555 Y152.175 E822.92467
G1 X159.196 Y153.386 E822.96668
G1 X158.688 Y154.532 E823.00838
G1 X158.037 Y155.608 E823.0502
G1 X157.256 Y156.587 E823.09186
G0 F9000 X156.931 Y156.292
G0 X156.444 Y155.843
G0 X155.436 Y156.259
G0 X155.284 Y156.099
;TYPE:FILL
G1 F3053.6 X155.317 Y156.52 E823.1059
G1 X155.243 Y157.122 E823.12608
G1 X155.208 Y157.22 E823.12954
G0 F9000 X155.076 Y157.043
G0 X158.04 Y153.28
G0 X158.241 Y153.369
G1 F3053.6 X157.957 Y152.908 E823.14755
G1 X157.771 Y152.306 E823.1685
G1 X157.765 Y152.223 E823.17127
G0 F9000 X157.971 Y152.297
G0 X158.267 Y150.454
G0 X158.047 Y150.446
G1 F3053.6 X158.409 Y149.898 E823.19312
G1 X158.883 Y149.395 E823.2161
G0 F9000 X158.664 Y149.415
G0 X157.241 Y146.061
G0 X156.557 Y145.001
G0 X155.715 Y144.059
G0 X154.842 Y143.339
G0 X153.043 Y142.301
G0 X152.961 Y142.503
G1 F3053.6 X152.908 Y142.072 E823.23055
G1 X152.945 Y141.603 E823.24619
G0 F9000 X152.876 Y141.81
G0 X148.275 Y141.494
G0 X148.234 Y141.278
G1 F3053.6 X148.166 Y141.47 E823.25297
G1 X148.092 Y142.072 E823.27314
G1 X148.1 Y142.168 E823.27635
G0 F9000 X148.051 Y141.954
G0 X146.342 Y142.612
G0 X145.463 Y143.135
G0 X144.157 Y144.112
G0 X144.32 Y144.258
G1 F3053.6 X143.961 Y143.878 E823.29373
G1 X143.782 Y143.607 E823.30453
G0 F9000 X143.944 Y143.755
G0 X142.759 Y146.061
G0 X142.242 Y147.21
G0 X141.907 Y148.431
G0 X141.765 Y149.686
G0 X141.812 Y150.948
G0 X142.052 Y152.183
G0 X142.476 Y153.366
G0 X143.084 Y154.484
G0 X143.844 Y155.482
G0 X144.359 Y155.977
G0 X145.524 Y156.973
G0 X145.651 Y156.794
G1 F3053.6 X145.611 Y157.122 E823.31552
G1 X145.427 Y157.641 E823.33384
G0 F9000 X145.535 Y157.45
G0 X149.404 Y158.676
G0 X149.376 Y158.894
G1 F3053.6 X149.898 Y158.326 E823.3595
G1 X150.05 Y158.078 E823.36917
G0 F9000 X150.064 Y158.397
;MESH:NONMESH
G0 F300 X150.064 Y158.397 Z14.6
G0 F9000 X151.879 Y158.025
G0 X153.083 Y157.645
G0 X154.211 Y157.086
G0 X155.048 Y156.496
G0 X156.182 Y155.541
G0 X155.975 Y155.324
;TIME_ELAPSED:1016.776343
;LAYER:72
;TYPE:WALL-INNER
;MESH:dannypart.STL
G1 F2035 X156.718 Y154.35 E823.40992
G1 X157.303 Y153.273 E823.45068
G1 X157.717 Y152.12 E823.49143
G1 X157.951 Y150.918 E823.53216
G1 X157.997 Y149.694 E823.5729
G1 X157.857 Y148.477 E823.61364
G1 X157.533 Y147.294 E823.65444
G1 X157.03 Y146.176 E823.69521
G1 X156.365 Y145.148 E823.73593
G1 X155.549 Y144.233 E823.77671
G1 X154.604 Y143.454 E823.81744
G1 X153.551 Y142.827 E823.8582
G1 X152.415 Y142.37 E823.89893
G1 X151.222 Y142.092 E823.93967
G1 X150 Y141.997 E823.98044
G1 X148.778 Y142.092 E824.02121
G1 X147.585 Y142.37 E824.06195
G1 X146.449 Y142.827 E824.10268
G1 X145.396 Y143.454 E824.14344
G1 X144.451 Y144.233 E824.18417
G1 X143.635 Y145.148 E824.22495
G1 X142.97 Y146.176 E824.26567
G1 X142.467 Y147.294 E824.30644
G1 X142.143 Y148.477 E824.34724
G1 X142.003 Y149.694 E824.38798
G1 X142.049 Y150.918 E824.42872
G1 X142.283 Y152.12 E824.46945
G1 X142.697 Y153.273 E824.5102
G1 X143.282 Y154.35 E824.55096
G1 X144.025 Y155.324 E824.59171
G1 X144.908 Y156.173 E824.63245
G1 X145.91 Y156.879 E824.67322
G1 X147.008 Y157.423 E824.71397
G1 X148.177 Y157.793 E824.75476
G1 X149.369 Y157.976 E824.79487
G1 X150 Y158 E824.81587
G1 X150.631 Y157.976 E824.83687
G1 X151.823 Y157.793 E824.87698
G1 X152.992 Y157.423 E824.91776
G1 X154.09 Y156.879 E824.95852
G1 X155.092 Y156.173 E824.99929
G1 X155.975 Y155.324 E825.04003
G0 F9000 X155.676 Y155.057
G1 F2035 X156.381 Y154.132 E825.07871
G1 X156.937 Y153.109 E825.11744
G1 X157.33 Y152.014 E825.15613
G1 X157.552 Y150.872 E825.19483
G1 X157.596 Y149.709 E825.23354
G1 X157.463 Y148.553 E825.27224
G1 X157.155 Y147.43 E825.31097
G1 X156.678 Y146.368 E825.34969
G1 X156.046 Y145.391 E825.38839
G1 X155.271 Y144.522 E825.42712
G1 X154.373 Y143.782 E825.46582
G1 X153.373 Y143.187 E825.50452
G1 X152.294 Y142.753 E825.54321
G1 X151.161 Y142.488 E825.58191
G1 X150 Y142.398 E825.62064
G1 X148.839 Y142.488 E825.65937
G1 X147.706 Y142.753 E825.69807
G1 X146.627 Y143.187 E825.73675
G1 X145.627 Y143.782 E825.77545
G1 X144.729 Y144.522 E825.81416
G1 X143.954 Y145.391 E825.85288
G1 X143.322 Y146.368 E825.89158
G1 X142.845 Y147.43 E825.93031
G1 X142.537 Y148.553 E825.96904
G1 X142.404 Y149.709 E826.00774
G1 X142.448 Y150.872 E826.04645
G1 X142.67 Y152.014 E826.08514
G1 X143.063 Y153.109 E826.12384
G1 X143.619 Y154.132 E826.16256
G1 X144.324 Y155.057 E826.20125
G1 X145.163 Y155.864 E826.23996
G1 X146.115 Y156.534 E826.27868
G1 X147.158 Y157.051 E826.3174
G1 X148.268 Y157.402 E826.35612
G1 X149.407 Y157.577 E826.39445
G1 X150 Y157.6 E826.41419
G1 X150.593 Y157.577 E826.43393
G1 X151.732 Y157.402 E826.47225
G1 X152.842 Y157.051 E826.51097
G1 X153.885 Y156.534 E826.54969
G1 X154.837 Y155.864 E826.58841
G1 X155.676 Y155.057 E826.62713
G0 F9000 X155.376 Y154.79
;TYPE:WALL-OUTER
G1 F2035 X156.044 Y153.914 E826.66377
G1 X156.571 Y152.945 E826.70046
G1 X156.943 Y151.908 E826.7371
G1 X157.153 Y150.826 E826.77376
G1 X157.195 Y149.724 E826.81044
G1 X157.069 Y148.629 E826.8471
G1 X156.777 Y147.566 E826.88376
G1 X156.326 Y146.56 E826.92043
G1 X155.727 Y145.634 E826.95711
G1 X154.993 Y144.811 E826.99379
G1 X154.142 Y144.11 E827.03046
G1 X153.195 Y143.547 E827.06711
G1 X152.173 Y143.135 E827.10376
G1 X151.1 Y142.884 E827.14041
G1 X150 Y142.799 E827.1771
G1 X148.9 Y142.884 E827.2138
G1 X147.827 Y143.135 E827.25045
G1 X146.805 Y143.547 E827.2871
G1 X145.858 Y144.11 E827.32374
G1 X145.007 Y144.811 E827.36041
G1 X144.273 Y145.634 E827.39709
G1 X143.674 Y146.56 E827.43377
G1 X143.223 Y147.566 E827.47044
G1 X142.931 Y148.629 E827.50711
G1 X142.805 Y149.724 E827.54377
G1 X142.847 Y150.826 E827.58045
G1 X143.057 Y151.908 E827.6171
G1 X143.429 Y152.945 E827.65375
G1 X143.956 Y153.914 E827.69043
G1 X144.624 Y154.79 E827.72707
G1 X145.418 Y155.555 E827.76375
G1 X146.32 Y156.189 E827.80042
G1 X147.308 Y156.679 E827.8371
G1 X148.359 Y157.011 E827.87376
G1 X149.445 Y157.178 E827.9103
G1 X150 Y157.2 E827.92878
G1 X150.555 Y157.178 E827.94725
G1 X151.641 Y157.011 E827.98379
G1 X152.692 Y156.679 E828.02045
G1 X153.68 Y156.189 E828.05713
G1 X154.582 Y155.555 E828.0938
G1 X155.376 Y154.79 E828.13048
G0 F9000 X155.704 Y155.082
G0 X156.163 Y155.56
G0 X156.444 Y155.843
G0 X156.663 Y156.047
;TYPE:WALL-INNER
G1 F2035 X155.821 Y156.86 E828.1694
G1 X154.914 Y157.538 E828.20707
G1 X153.908 Y158.106 E828.24549
G1 X152.836 Y158.539 E828.28395
G1 X151.721 Y158.832 E828.32229
G1 X150.565 Y158.981 E828.36106
G1 X150 Y159 E828.37986
G1 X149.435 Y158.981 E828.39866
G1 X148.279 Y158.832 E828.43743
G1 X147.164 Y158.539 E828.47577
G1 X146.092 Y158.106 E828.51423
G1 X145.086 Y157.538 E828.55265
G1 X144.179 Y156.86 E828.59032
G1 X143.337 Y156.047 E828.62924
G1 X142.616 Y155.143 E828.6677
G1 X142.026 Y154.168 E828.70561
G1 X141.555 Y153.107 E828.74422
G1 X141.227 Y151.998 E828.78268
G1 X141.044 Y150.869 E828.82072
G1 X141.007 Y149.704 E828.85949
G1 X141.116 Y148.567 E828.89748
G1 X141.374 Y147.437 E828.93603
G1 X141.768 Y146.365 E828.97402
G1 X142.309 Y145.33 E829.01286
G1 X142.967 Y144.389 E829.05105
G1 X143.74 Y143.536 E829.08934
G1 X144.617 Y142.789 E829.12766
G1 X145.59 Y142.156 E829.16626
G1 X146.608 Y141.666 E829.20384
G1 X147.722 Y141.296 E829.24288
G1 X148.851 Y141.076 E829.28114
G1 X150 Y141.003 E829.31943
G1 X151.149 Y141.076 E829.35773
G1 X152.278 Y141.296 E829.39598
G1 X153.392 Y141.666 E829.43502
G1 X154.41 Y142.156 E829.4726
G1 X155.383 Y142.789 E829.51121
G1 X156.26 Y143.536 E829.54953
G1 X157.033 Y144.389 E829.58781
G1 X157.691 Y145.33 E829.626
G1 X158.232 Y146.365 E829.66485
G1 X158.626 Y147.437 E829.70283
G1 X158.884 Y148.567 E829.74138
G1 X158.993 Y149.704 E829.77937
G1 X158.956 Y150.869 E829.81814
G1 X158.773 Y151.998 E829.85618
G1 X158.445 Y153.107 E829.89465
G1 X157.974 Y154.168 E829.93326
G1 X157.384 Y155.143 E829.97116
G1 X156.663 Y156.047 E830.00962
G0 F9000 X156.961 Y156.315
G1 F2035 X156.086 Y157.161 E830.0501
G1 X155.129 Y157.876 E830.08983
G1 X154.08 Y158.468 E830.1299
G1 X152.962 Y158.92 E830.17001
G1 X151.797 Y159.226 E830.21007
G1 X150.598 Y159.38 E830.25027
G1 X150 Y159.4 E830.27017
G1 X149.402 Y159.38 E830.29008
G1 X148.203 Y159.226 E830.33028
G1 X147.038 Y158.92 E830.37034
G1 X145.92 Y158.468 E830.41045
G1 X144.871 Y157.876 E830.45052
G1 X143.914 Y157.161 E830.49025
G1 X143.039 Y156.315 E830.53073
G1 X142.291 Y155.378 E830.57061
G1 X141.669 Y154.35 E830.61057
G1 X141.181 Y153.25 E830.65059
G1 X140.835 Y152.083 E830.69108
G1 X140.645 Y150.907 E830.7307
G1 X140.606 Y149.694 E830.77107
G1 X140.721 Y148.501 E830.81093
G1 X140.989 Y147.326 E830.85101
G1 X141.404 Y146.198 E830.89099
G1 X141.965 Y145.124 E830.93129
G1 X142.653 Y144.139 E830.97125
G1 X143.458 Y143.252 E831.01109
G1 X144.379 Y142.467 E831.05134
G1 X145.392 Y141.808 E831.09154
G1 X146.464 Y141.292 E831.13111
G1 X147.62 Y140.908 E831.17162
G1 X148.796 Y140.679 E831.21147
G1 X150 Y140.602 E831.2516
G1 X151.204 Y140.679 E831.29172
G1 X152.38 Y140.908 E831.33157
G1 X153.536 Y141.292 E831.37209
G1 X154.608 Y141.808 E831.41166
G1 X155.621 Y142.467 E831.45185
G1 X156.542 Y143.252 E831.4921
G1 X157.347 Y144.139 E831.53194
G1 X158.035 Y145.124 E831.5719
G1 X158.596 Y146.198 E831.6122
G1 X159.011 Y147.326 E831.65218
G1 X159.279 Y148.501 E831.69226
G1 X159.394 Y149.694 E831.73213
G1 X159.355 Y150.907 E831.77249
G1 X159.165 Y152.083 E831.81211
G1 X158.819 Y153.25 E831.8526
G1 X158.331 Y154.35 E831.89262
G1 X157.709 Y155.378 E831.93259
G1 X156.961 Y156.315 E831.97246
G0 F9000 X157.256 Y156.587
;TYPE:WALL-OUTER
G1 F2035 X156.351 Y157.462 E832.01433
G1 X155.344 Y158.214 E832.05613
G1 X154.252 Y158.83 E832.09783
G1 X153.088 Y159.301 E832.1396
G1 X151.873 Y159.62 E832.18138
G1 X150.631 Y159.779 E832.22303
G1 X150 Y159.8 E832.24402
G1 X149.369 Y159.779 E832.26502
G1 X148.127 Y159.62 E832.30667
G1 X146.912 Y159.301 E832.34845
G1 X145.748 Y158.83 E832.39021
G1 X144.656 Y158.214 E832.43191
G1 X143.649 Y157.462 E832.47372
G1 X142.744 Y156.587 E832.51558
G1 X141.963 Y155.608 E832.55724
G1 X141.312 Y154.532 E832.59907
G1 X140.804 Y153.386 E832.64076
G1 X140.445 Y152.175 E832.68277
G1 X140.246 Y150.945 E832.72421
G1 X140.205 Y149.684 E832.76618
G1 X140.326 Y148.436 E832.80788
G1 X140.604 Y147.215 E832.84953
G1 X141.04 Y146.031 E832.89149
G1 X141.621 Y144.918 E832.93325
G1 X142.339 Y143.889 E832.97498
G1 X143.18 Y142.963 E833.01659
G1 X144.137 Y142.148 E833.0584
G1 X145.194 Y141.46 E833.10035
G1 X146.32 Y140.918 E833.14191
G1 X147.518 Y140.52 E833.1839
G1 X148.741 Y140.282 E833.22534
G1 X150 Y140.201 E833.2673
G1 X151.259 Y140.282 E833.30926
G1 X152.482 Y140.52 E833.3507
G1 X153.68 Y140.918 E833.39269
G1 X154.806 Y141.46 E833.43425
G1 X155.863 Y142.148 E833.4762
G1 X156.82 Y142.963 E833.51801
G1 X157.661 Y143.889 E833.55961
G1 X158.379 Y144.918 E833.60134
G1 X158.96 Y146.031 E833.6431
G1 X159.396 Y147.215 E833.68507
G1 X159.674 Y148.436 E833.72672
G1 X159.795 Y149.684 E833.76842
G1 X159.754 Y150.945 E833.81038
G1 X159.555 Y152.175 E833.85183
G1 X159.196 Y153.386 E833.89384
G1 X158.688 Y154.532 E833.93553
G1 X158.037 Y155.608 E833.97736
G1 X157.256 Y156.587 E834.01901
G0 F9000 X156.931 Y156.292
G0 X156.444 Y155.843
G0 X155.405 Y156.288
G0 X155.253 Y156.129
;TYPE:FILL
G1 F3052.5 X155.32 Y156.52 E834.03221
G1 X155.302 Y157.122 E834.05224
G1 X155.293 Y157.156 E834.05341
G0 F9000 X155.161 Y156.979
G0 X158.1 Y153.145
G0 X158.301 Y153.234
G1 F3052.5 X158.069 Y152.908 E834.06671
G1 X157.824 Y152.306 E834.08833
G1 X157.795 Y152.136 E834.09407
G0 F9000 X158.01 Y152.178
G0 X158.276 Y150.22
G0 X158.056 Y150.212
G1 F3052.5 X158.234 Y149.898 E834.10607
G1 X158.776 Y149.296 E834.13302
G1 X158.865 Y149.204 E834.13727
G0 F9000 X158.646 Y149.224
G0 X157.241 Y146.061
G0 X156.557 Y145.001
G0 X155.715 Y144.059
G0 X154.744 Y143.259
G0 X152.999 Y142.283
G0 X152.917 Y142.486
G1 F3052.5 X152.905 Y142.072 E834.15105
G1 X152.983 Y141.616 E834.16644
G0 F9000 X152.914 Y141.823
G0 X148.193 Y141.51
G0 X148.152 Y141.294
G1 F3052.5 X148.107 Y141.47 E834.17248
G1 X148.089 Y142.072 E834.19251
G1 X148.105 Y142.167 E834.19571
G0 F9000 X148.056 Y141.953
G0 X146.342 Y142.612
G0 X145.463 Y143.135
G0 X144.061 Y144.219
G0 X144.224 Y144.365
G1 F3052.5 X143.786 Y143.878 E834.2175
G1 X143.69 Y143.708 E834.22399
G0 F9000 X143.853 Y143.856
G0 X142.242 Y147.21
G0 X141.907 Y148.431
G0 X141.765 Y149.686
G0 X141.812 Y150.948
G0 X142.052 Y152.183
G0 X142.476 Y153.366
G0 X143.084 Y154.484
G0 X143.844 Y155.482
G0 X144.359 Y155.977
G0 X145.553 Y156.992
G0 X145.679 Y156.814
G1 F3052.5 X145.67 Y157.122 E834.23424
G1 X145.523 Y157.695 E834.25392
G0 F9000 X145.631 Y157.504
G0 X149.227 Y158.653
G0 X149.199 Y158.871
G1 F3052.5 X149.728 Y158.326 E834.27918
G1 X149.906 Y158.076 E834.28938
G0 F9000 X149.892 Y158.396
;MESH:NONMESH
G0 F300 X149.892 Y158.396 Z14.8
G0 F9000 X151.879 Y158.025
G0 X153.083 Y157.645
G0 X154.211 Y157.086
G0 X155.048 Y156.496
G0 X156.182 Y155.541
G0 X155.975 Y155.324
;TIME_ELAPSED:1029.493864
;LAYER:73
;TYPE:WALL-INNER
;MESH:dannypart.STL
G1 F2034.4 X156.718 Y154.35 E834.33013
G1 X157.303 Y153.273 E834.37089
G1 X157.717 Y152.12 E834.41164
G1 X157.951 Y150.918 E834.45237
G1 X157.997 Y149.694 E834.49311
G1 X157.857 Y148.477 E834.53385
G1 X157.533 Y147.294 E834.57465
G1 X157.03 Y146.176 E834.61542
G1 X156.365 Y145.148 E834.65615
G1 X155.549 Y144.233 E834.69692
G1 X154.604 Y143.454 E834.73766
G1 X153.551 Y142.827 E834.77842
G1 X152.415 Y142.37 E834.81914
G1 X151.222 Y142.092 E834.85989
G1 X150 Y141.997 E834.90065
G1 X148.778 Y142.092 E834.94142
G1 X147.585 Y142.37 E834.98216
G1 X146.449 Y142.827 E835.02289
G1 X145.396 Y143.454 E835.06365
G1 X144.451 Y144.233 E835.10438
G1 X143.635 Y145.148 E835.14516
G1 X142.97 Y146.176 E835.18588
G1 X142.467 Y147.294 E835.22666
G1 X142.143 Y148.477 E835.26745
G1 X142.003 Y149.694 E835.3082
G1 X142.049 Y150.918 E835.34894
G1 X142.283 Y152.12 E835.38966
G1 X142.697 Y153.273 E835.43041
G1 X143.282 Y154.35 E835.47118
G1 X144.025 Y155.324 E835.51192
G1 X144.908 Y156.173 E835.55266
G1 X145.91 Y156.879 E835.59343
G1 X147.008 Y157.423 E835.63419
G1 X148.177 Y157.793 E835.67497
G1 X149.369 Y157.976 E835.71508
G1 X150 Y158 E835.73608
G1 X150.631 Y157.976 E835.75708
G1 X151.823 Y157.793 E835.79719
G1 X152.992 Y157.423 E835.83798
G1 X154.09 Y156.879 E835.87873
G1 X155.092 Y156.173 E835.9195
G1 X155.975 Y155.324 E835.96024
G0 F9000 X155.676 Y155.057
G1 F2034.4 X156.381 Y154.132 E835.99893
G1 X156.937 Y153.109 E836.03765
G1 X157.33 Y152.014 E836.07635
G1 X157.552 Y150.872 E836.11504
G1 X157.596 Y149.709 E836.15375
G1 X157.463 Y148.553 E836.19245
G1 X157.155 Y147.43 E836.23118
G1 X156.678 Y146.368 E836.2699
G1 X156.046 Y145.391 E836.3086
G1 X155.271 Y144.522 E836.34733
G1 X154.373 Y143.782 E836.38603
G1 X153.373 Y143.187 E836.42474
G1 X152.294 Y142.753 E836.46342
G1 X151.161 Y142.488 E836.50212
G1 X150 Y142.398 E836.54085
G1 X148.839 Y142.488 E836.57958
G1 X147.706 Y142.753 E836.61828
G1 X146.627 Y143.187 E836.65696
G1 X145.627 Y143.782 E836.69567
G1 X144.729 Y144.522 E836.73437
G1 X143.954 Y145.391 E836.7731
G1 X143.322 Y146.368 E836.8118
G1 X142.845 Y147.43 E836.85052
G1 X142.537 Y148.553 E836.88925
G1 X142.404 Y149.709 E836.92795
G1 X142.448 Y150.872 E836.96666
G1 X142.67 Y152.014 E837.00535
G1 X143.063 Y153.109 E837.04405
G1 X143.619 Y154.132 E837.08277
G1 X144.324 Y155.057 E837.12146
G1 X145.163 Y155.864 E837.16018
G1 X146.115 Y156.534 E837.1989
G1 X147.158 Y157.051 E837.23761
G1 X148.268 Y157.402 E837.27633
G1 X149.407 Y157.577 E837.31466
G1 X150 Y157.6 E837.3344
G1 X150.593 Y157.577 E837.35414
G1 X151.732 Y157.402 E837.39247
G1 X152.842 Y157.051 E837.43119
G1 X153.885 Y156.534 E837.4699
G1 X154.837 Y155.864 E837.50862
G1 X155.676 Y155.057 E837.54734
G0 F9000 X155.376 Y154.79
;TYPE:WALL-OUTER
G1 F2034.4 X156.044 Y153.914 E837.58398
G1 X156.571 Y152.945 E837.62067
G1 X156.943 Y151.908 E837.65731
G1 X157.153 Y150.826 E837.69397
G1 X157.195 Y149.724 E837.73065
G1 X157.069 Y148.629 E837.76731
G1 X156.777 Y147.566 E837.80398
G1 X156.326 Y146.56 E837.84065
G1 X155.727 Y145.634 E837.87733
G1 X154.993 Y144.811 E837.914
G1 X154.142 Y144.11 E837.95068
G1 X153.195 Y143.547 E837.98732
G1 X152.173 Y143.135 E838.02397
G1 X151.1 Y142.884 E838.06062
G1 X150 Y142.799 E838.09732
G1 X148.9 Y142.884 E838.13401
G1 X147.827 Y143.135 E838.17066
G1 X146.805 Y143.547 E838.20731
G1 X145.858 Y144.11 E838.24396
G1 X145.007 Y144.811 E838.28063
G1 X144.273 Y145.634 E838.3173
G1 X143.674 Y146.56 E838.35398
G1 X143.223 Y147.566 E838.39065
G1 X142.931 Y148.629 E838.42732
G1 X142.805 Y149.724 E838.46398
G1 X142.847 Y150.826 E838.50066
G1 X143.057 Y151.908 E838.53732
G1 X143.429 Y152.945 E838.57396
G1 X143.956 Y153.914 E838.61065
G1 X144.624 Y154.79 E838.64729
G1 X145.418 Y155.555 E838.68396
G1 X146.32 Y156.189 E838.72063
G1 X147.308 Y156.679 E838.75731
G1 X148.359 Y157.011 E838.79397
G1 X149.445 Y157.178 E838.83051
G1 X150 Y157.2 E838.84899
G1 X150.555 Y157.178 E838.86746
G1 X151.641 Y157.011 E838.90401
G1 X152.692 Y156.679 E838.94067
G1 X153.68 Y156.189 E838.97735
G1 X154.582 Y155.555 E839.01402
G1 X155.376 Y154.79 E839.05069
G0 F9000 X155.704 Y155.082
G0 X156.163 Y155.56
G0 X156.444 Y155.843
G0 X156.663 Y156.047
;TYPE:WALL-INNER
G1 F2034.4 X155.821 Y156.86 E839.08962
G1 X154.914 Y157.538 E839.12728
G1 X153.908 Y158.106 E839.1657
G1 X152.836 Y158.539 E839.20416
G1 X151.721 Y158.832 E839.2425
G1 X150.565 Y158.981 E839.28127
G1 X150 Y159 E839.30007
G1 X149.435 Y158.981 E839.31887
G1 X148.279 Y158.832 E839.35764
G1 X147.164 Y158.539 E839.39599
G1 X146.092 Y158.106 E839.43444
G1 X145.086 Y157.538 E839.47286
G1 X144.179 Y156.86 E839.51053
G1 X143.337 Y156.047 E839.54946
G1 X142.616 Y155.143 E839.58792
G1 X142.026 Y154.168 E839.62582
G1 X141.555 Y153.107 E839.66443
G1 X141.227 Y151.998 E839.70289
G1 X141.044 Y150.869 E839.74093
G1 X141.007 Y149.704 E839.7797
G1 X141.116 Y148.567 E839.81769
G1 X141.374 Y147.437 E839.85624
G1 X141.768 Y146.365 E839.89423
G1 X142.309 Y145.33 E839.93307
G1 X142.967 Y144.389 E839.97126
G1 X143.74 Y143.536 E840.00955
G1 X144.617 Y142.789 E840.04787
G1 X145.59 Y142.156 E840.08648
G1 X146.608 Y141.666 E840.12405
G1 X147.722 Y141.296 E840.16309
G1 X148.851 Y141.076 E840.20135
G1 X150 Y141.003 E840.23964
G1 X151.149 Y141.076 E840.27794
G1 X152.278 Y141.296 E840.31619
G1 X153.392 Y141.666 E840.35524
G1 X154.41 Y142.156 E840.39281
G1 X155.383 Y142.789 E840.43142
G1 X156.26 Y143.536 E840.46974
G1 X157.033 Y144.389 E840.50802
G1 X157.691 Y145.33 E840.54622
G1 X158.232 Y146.365 E840.58506
G1 X158.626 Y147.437 E840.62305
G1 X158.884 Y148.567 E840.6616
G1 X158.993 Y149.704 E840.69959
G1 X158.956 Y150.869 E840.73835
G1 X158.773 Y151.998 E840.77639
G1 X158.445 Y153.107 E840.81486
G1 X157.974 Y154.168 E840.85347
G1 X157.384 Y155.143 E840.89137
G1 X156.663 Y156.047 E840.92983
G0 F9000 X156.961 Y156.315
G1 F2034.4 X156.086 Y157.161 E840.97031
G1 X155.129 Y157.876 E841.01005
G1 X154.08 Y158.468 E841.05011
G1 X152.962 Y158.92 E841.09022
G1 X151.797 Y159.226 E841.13028
G1 X150.598 Y159.38 E841.17049
G1 X150 Y159.4 E841.19039
G1 X149.402 Y159.38 E841.21029
G1 X148.203 Y159.226 E841.25049
G1 X147.038 Y158.92 E841.29056
G1 X145.92 Y158.468 E841.33067
G1 X144.871 Y157.876 E841.37073
G1 X143.914 Y157.161 E841.41046
G1 X143.039 Y156.315 E841.45094
G1 X142.291 Y155.378 E841.49082
G1 X141.669 Y154.35 E841.53078
G1 X141.181 Y153.25 E841.57081
G1 X140.835 Y152.083 E841.61129
G1 X140.645 Y150.907 E841.65091
G1 X140.606 Y149.694 E841.69128
G1 X140.721 Y148.501 E841.73114
G1 X140.989 Y147.326 E841.77123
G1 X141.404 Y146.198 E841.8112
G1 X141.965 Y145.124 E841.8515
G1 X142.653 Y144.139 E841.89146
G1 X143.458 Y143.252 E841.9313
G1 X144.379 Y142.467 E841.97155
G1 X145.392 Y141.808 E842.01175
G1 X146.464 Y141.292 E842.05132
G1 X147.62 Y140.908 E842.09183
G1 X148.796 Y140.679 E842.13168
G1 X150 Y140.602 E842.17181
G1 X151.204 Y140.679 E842.21194
G1 X152.38 Y140.908 E842.25178
G1 X153.536 Y141.292 E842.2923
G1 X154.608 Y141.808 E842.33187
G1 X155.621 Y142.467 E842.37206
G1 X156.542 Y143.252 E842.41231
G1 X157.347 Y144.139 E842.45215
G1 X158.035 Y145.124 E842.49212
G1 X158.596 Y146.198 E842.53242
G1 X159.011 Y147.326 E842.57239
G1 X159.279 Y148.501 E842.61248
G1 X159.394 Y149.694 E842.65234
G1 X159.355 Y150.907 E842.69271
G1 X159.165 Y152.083 E842.73233
G1 X158.819 Y153.25 E842.77281
G1 X158.331 Y154.35 E842.81284
G1 X157.709 Y155.378 E842.8528
G1 X156.961 Y156.315 E842.89268
G0 F9000 X157.256 Y156.587
;TYPE:WALL-OUTER
G1 F2034.4 X156.351 Y157.462 E842.93454
G1 X155.344 Y158.214 E842.97635
G1 X154.252 Y158.83 E843.01805
G1 X153.088 Y159.301 E843.05981
G1 X151.873 Y159.62 E843.10159
G1 X150.631 Y159.779 E843.14324
G1 X150 Y159.8 E843.16424
G1 X149.369 Y159.779 E843.18523
G1 X148.127 Y159.62 E843.22688
G1 X146.912 Y159.301 E843.26866
G1 X145.748 Y158.83 E843.31043
G1 X144.656 Y158.214 E843.35213
G1 X143.649 Y157.462 E843.39393
G1 X142.744 Y156.587 E843.4358
G1 X141.963 Y155.608 E843.47745
G1 X141.312 Y154.532 E843.51928
G1 X140.804 Y153.386 E843.56097
G1 X140.445 Y152.175 E843.60298
G1 X140.246 Y150.945 E843.64442
G1 X140.205 Y149.684 E843.68639
G1 X140.326 Y148.436 E843.72809
G1 X140.604 Y147.215 E843.76974
G1 X141.04 Y146.031 E843.81171
G1 X141.621 Y144.918 E843.85346
G1 X142.339 Y143.889 E843.8952
G1 X143.18 Y142.963 E843.9368
G1 X144.137 Y142.148 E843.97861
G1 X145.194 Y141.46 E844.02056
G1 X146.32 Y140.918 E844.06212
G1 X147.518 Y140.52 E844.10411
G1 X148.741 Y140.282 E844.14555
G1 X150 Y140.201 E844.18751
G1 X151.259 Y140.282 E844.22947
G1 X152.482 Y140.52 E844.27091
G1 X153.68 Y140.918 E844.3129
G1 X154.806 Y141.46 E844.35446
G1 X155.863 Y142.148 E844.39641
G1 X156.82 Y142.963 E844.43822
G1 X157.661 Y143.889 E844.47982
G1 X158.379 Y144.918 E844.52156
G1 X158.96 Y146.031 E844.56331
G1 X159.396 Y147.215 E844.60528
G1 X159.674 Y148.436 E844.64693
G1 X159.795 Y149.684 E844.68863
G1 X159.754 Y150.945 E844.7306
G1 X159.555 Y152.175 E844.77204
G1 X159.196 Y153.386 E844.81405
G1 X158.688 Y154.532 E844.85574
G1 X158.037 Y155.608 E844.89757
G1 X157.256 Y156.587 E844.93922
G0 F9000 X156.931 Y156.292
G0 X156.444 Y155.843
G0 X155.389 Y156.304
G0 X155.237 Y156.145
;TYPE:FILL
G1 F3051.6 X155.337 Y156.52 E844.95213
G1 X155.374 Y157.095 E844.9713
G0 F9000 X155.243 Y156.919
G0 X158.148 Y153.036
G0 X158.349 Y153.125
G1 F3051.6 X158.171 Y152.908 E844.98063
G1 X157.864 Y152.306 E845.00311
G1 X157.805 Y152.084 E845.01075
G0 F9000 X158.02 Y152.126
G0 X158.289 Y149.877
G0 X158.069 Y149.869
G1 F3051.6 X158.567 Y149.296 E845.036
G1 X158.848 Y149.026 E845.04896
G0 F9000 X158.629 Y149.046
G0 X157.241 Y146.061
G0 X156.557 Y145.001
G0 X155.715 Y144.059
G0 X154.744 Y143.259
G0 X154.437 Y143.076
G0 X152.945 Y142.261
G0 X152.863 Y142.464
G1 F3051.6 X152.888 Y142.072 E845.06202
G1 X153.007 Y141.624 E845.07744
G0 F9000 X152.938 Y141.831
G0 X150 Y141.755
G0 X148.049 Y141.955
G0 X148.098 Y142.169
G1 F3051.6 X148.072 Y142.072 E845.08078
G1 X148.033 Y141.47 E845.10084
G1 X148.058 Y141.312 E845.10616
G0 F9000 X148.099 Y141.528
G0 X143.738 Y143.983
G0 X143.576 Y143.835
G1 F3051.6 X143.596 Y143.878 E845.10774
G1 X144.119 Y144.48 E845.13427
G0 F9000 X143.958 Y144.335
G0 X143.443 Y145.001
G0 X142.759 Y146.061
G0 X142.242 Y147.21
G0 X141.907 Y148.431
G0 X141.765 Y149.686
G0 X141.812 Y150.948
G0 X142.052 Y152.183
G0 X142.476 Y153.366
G0 X143.084 Y154.484
G0 X143.844 Y155.482
G0 X144.359 Y155.977
G0 X145.6 Y157.026
G0 X145.726 Y156.847
G1 F3051.6 X145.744 Y157.122 E845.14343
G1 X145.649 Y157.724 E845.1637
G1 X145.633 Y157.757 E845.16492
G0 F9000 X145.741 Y157.566
G0 X149.046 Y158.63
G0 X149.018 Y158.848
G1 F3051.6 X149.56 Y158.326 E845.18995
G1 X149.77 Y158.071 E845.20094
G0 F9000 X149.756 Y158.392
;MESH:NONMESH
G0 F300 X149.756 Y158.392 Z15
G0 F9000 X151.879 Y158.025
G0 X153.083 Y157.645
G0 X154.211 Y157.086
G0 X155.048 Y156.496
G0 X156.182 Y155.541
G0 X155.975 Y155.324
;TIME_ELAPSED:1042.210396
;LAYER:74
;TYPE:WALL-INNER
;MESH:dannypart.STL
G1 F2033.8 X156.718 Y154.35 E845.24168
G1 X157.303 Y153.273 E845.28245
G1 X157.717 Y152.12 E845.32319
G1 X157.951 Y150.918 E845.36392
G1 X157.997 Y149.694 E845.40466
G1 X157.857 Y148.477 E845.44541
G1 X157.533 Y147.294 E845.4862
G1 X157.03 Y146.176 E845.52698
G1 X156.365 Y145.148 E845.5677
G1 X155.549 Y144.233 E845.60847
G1 X154.604 Y143.454 E845.64921
G1 X153.551 Y142.827 E845.68997
G1 X152.415 Y142.37 E845.7307
G1 X151.222 Y142.092 E845.77144
G1 X150 Y141.997 E845.81221
G1 X148.778 Y142.092 E845.85297
G1 X147.585 Y142.37 E845.89371
G1 X146.449 Y142.827 E845.93444
G1 X145.396 Y143.454 E845.9752
G1 X144.451 Y144.233 E846.01594
G1 X143.635 Y145.148 E846.05671
G1 X142.97 Y146.176 E846.09743
G1 X142.467 Y147.294 E846.13821
G1 X142.143 Y148.477 E846.179
G1 X142.003 Y149.694 E846.21975
G1 X142.049 Y150.918 E846.26049
G1 X142.283 Y152.12 E846.30122
G1 X142.697 Y153.273 E846.34196
G1 X143.282 Y154.35 E846.38273
G1 X144.025 Y155.324 E846.42347
G1 X144.908 Y156.173 E846.46421
G1 X145.91 Y156.879 E846.50498
G1 X147.008 Y157.423 E846.54574
G1 X148.177 Y157.793 E846.58652
G1 X149.369 Y157.976 E846.62663
G1 X150 Y158 E846.64763
G1 X150.631 Y157.976 E846.66864
G1 X151.823 Y157.793 E846.70875
G1 X152.992 Y157.423 E846.74953
G1 X154.09 Y156.879 E846.79029
G1 X155.092 Y156.173 E846.83105
G1 X155.975 Y155.324 E846.8718
G0 F9000 X155.676 Y155.057
G1 F2033.8 X156.381 Y154.132 E846.91048
G1 X156.937 Y153.109 E846.9492
G1 X157.33 Y152.014 E846.9879
G1 X157.552 Y150.872 E847.02659
G1 X157.596 Y149.709 E847.0653
G1 X157.463 Y148.553 E847.104
G1 X157.155 Y147.43 E847.14273
G1 X156.678 Y146.368 E847.18146
G1 X156.046 Y145.391 E847.22016
G1 X155.271 Y144.522 E847.25889
G1 X154.373 Y143.782 E847.29759
G1 X153.373 Y143.187 E847.33629
G1 X152.294 Y142.753 E847.37497
G1 X151.161 Y142.488 E847.41367
G1 X150 Y142.398 E847.4524
G1 X148.839 Y142.488 E847.49113
G1 X147.706 Y142.753 E847.52983
G1 X146.627 Y143.187 E847.56852
G1 X145.627 Y143.782 E847.60722
G1 X144.729 Y144.522 E847.64592
G1 X143.954 Y145.391 E847.68465
G1 X143.322 Y146.368 E847.72335
G1 X142.845 Y147.43 E847.76207
G1 X142.537 Y148.553 E847.8008
G1 X142.404 Y149.709 E847.8395
G1 X142.448 Y150.872 E847.87821
G1 X142.67 Y152.014 E847.91691
G1 X143.063 Y153.109 E847.9556
G1 X143.619 Y154.132 E847.99433
G1 X144.324 Y155.057 E848.03301
G1 X145.163 Y155.864 E848.07173
G1 X146.115 Y156.534 E848.11045
G1 X147.158 Y157.051 E848.14917
G1 X148.268 Y157.402 E848.18789
G1 X149.407 Y157.577 E848.22622
G1 X150 Y157.6 E848.24595
G1 X150.593 Y157.577 E848.26569
G1 X151.732 Y157.402 E848.30402
G1 X152.842 Y157.051 E848.34274
G1 X153.885 Y156.534 E848.38146
G1 X154.837 Y155.864 E848.42018
G1 X155.676 Y155.057 E848.4589
G0 F9000 X155.376 Y154.79
;TYPE:WALL-OUTER
G1 F2033.8 X156.044 Y153.914 E848.49554
G1 X156.571 Y152.945 E848.53222
G1 X156.943 Y151.908 E848.56887
G1 X157.153 Y150.826 E848.60553
G1 X157.195 Y149.724 E848.6422
G1 X157.069 Y148.629 E848.67886
G1 X156.777 Y147.566 E848.71553
G1 X156.326 Y146.56 E848.7522
G1 X155.727 Y145.634 E848.78888
G1 X154.993 Y144.811 E848.82556
G1 X154.142 Y144.11 E848.86223
G1 X153.195 Y143.547 E848.89887
G1 X152.173 Y143.135 E848.93552
G1 X151.1 Y142.884 E848.97217
G1 X150 Y142.799 E849.00887
G1 X148.9 Y142.884 E849.04556
G1 X147.827 Y143.135 E849.08221
G1 X146.805 Y143.547 E849.11886
G1 X145.858 Y144.11 E849.15551
G1 X145.007 Y144.811 E849.19218
G1 X144.273 Y145.634 E849.22886
G1 X143.674 Y146.56 E849.26554
G1 X143.223 Y147.566 E849.30221
G1 X142.931 Y148.629 E849.33887
G1 X142.805 Y149.724 E849.37553
G1 X142.847 Y150.826 E849.41221
G1 X143.057 Y151.908 E849.44887
G1 X143.429 Y152.945 E849.48551
G1 X143.956 Y153.914 E849.5222
G1 X144.624 Y154.79 E849.55884
G1 X145.418 Y155.555 E849.59551
G1 X146.32 Y156.189 E849.63218
G1 X147.308 Y156.679 E849.66886
G1 X148.359 Y157.011 E849.70552
G1 X149.445 Y157.178 E849.74207
G1 X150 Y157.2 E849.76054
G1 X150.555 Y157.178 E849.77901
G1 X151.641 Y157.011 E849.81556
G1 X152.692 Y156.679 E849.85222
G1 X153.68 Y156.189 E849.8889
G1 X154.582 Y155.555 E849.92557
G1 X155.376 Y154.79 E849.96224
G0 F9000 X155.704 Y155.082
G0 X156.163 Y155.56
G0 X156.444 Y155.843
G0 X156.663 Y156.047
;TYPE:WALL-INNER
G1 F2033.8 X155.821 Y156.86 E850.00117
G1 X154.914 Y157.538 E850.03883
G1 X153.908 Y158.106 E850.07726
G1 X152.836 Y158.539 E850.11571
G1 X151.721 Y158.832 E850.15406
G1 X150.565 Y158.981 E850.19282
G1 X150 Y159 E850.21162
G1 X149.435 Y158.981 E850.23043
G1 X148.279 Y158.832 E850.26919
G1 X147.164 Y158.539 E850.30754
G1 X146.092 Y158.106 E850.34599
G1 X145.086 Y157.538 E850.38442
G1 X144.179 Y156.86 E850.42208
G1 X143.337 Y156.047 E850.46101
G1 X142.616 Y155.143 E850.49947
G1 X142.026 Y154.168 E850.53737
G1 X141.555 Y153.107 E850.57598
G1 X141.227 Y151.998 E850.61445
G1 X141.044 Y150.869 E850.65249
G1 X141.007 Y149.704 E850.69126
G1 X141.116 Y148.567 E850.72925
G1 X141.374 Y147.437 E850.7678
G1 X141.768 Y146.365 E850.80578
G1 X142.309 Y145.33 E850.84463
G1 X142.967 Y144.389 E850.88282
G1 X143.74 Y143.536 E850.9211
G1 X144.617 Y142.789 E850.95942
G1 X145.59 Y142.156 E850.99803
G1 X146.608 Y141.666 E851.03561
G1 X147.722 Y141.296 E851.07465
G1 X148.851 Y141.076 E851.1129
G1 X150 Y141.003 E851.1512
G1 X151.149 Y141.076 E851.18949
G1 X152.278 Y141.296 E851.22775
G1 X153.392 Y141.666 E851.26679
G1 X154.41 Y142.156 E851.30437
G1 X155.383 Y142.789 E851.34297
G1 X156.26 Y143.536 E851.38129
G1 X157.033 Y144.389 E851.41958
G1 X157.691 Y145.33 E851.45777
G1 X158.232 Y146.365 E851.49661
G1 X158.626 Y147.437 E851.5346
G1 X158.884 Y148.567 E851.57315
G1 X158.993 Y149.704 E851.61114
G1 X158.956 Y150.869 E851.64991
G1 X158.773 Y151.998 E851.68795
G1 X158.445 Y153.107 E851.72641
G1 X157.974 Y154.168 E851.76502
G1 X157.384 Y155.143 E851.80293
G1 X156.663 Y156.047 E851.84139
G0 F9000 X156.961 Y156.315
G1 F2033.8 X156.086 Y157.161 E851.88187
G1 X155.129 Y157.876 E851.9216
G1 X154.08 Y158.468 E851.96166
G1 X152.962 Y158.92 E852.00177
G1 X151.797 Y159.226 E852.04183
G1 X150.598 Y159.38 E852.08204
G1 X150 Y159.4 E852.10194
G1 X149.402 Y159.38 E852.12184
G1 X148.203 Y159.226 E852.16205
G1 X147.038 Y158.92 E852.20211
G1 X145.92 Y158.468 E852.24222
G1 X144.871 Y157.876 E852.28228
G1 X143.914 Y157.161 E852.32201
G1 X143.039 Y156.315 E852.36249
G1 X142.291 Y155.378 E852.40237
G1 X141.669 Y154.35 E852.44233
G1 X141.181 Y153.25 E852.48236
G1 X140.835 Y152.083 E852.52284
G1 X140.645 Y150.907 E852.56247
G1 X140.606 Y149.694 E852.60283
G1 X140.721 Y148.501 E852.64269
G1 X140.989 Y147.326 E852.68278
G1 X141.404 Y146.198 E852.72275
G1 X141.965 Y145.124 E852.76306
G1 X142.653 Y144.139 E852.80302
G1 X143.458 Y143.252 E852.84286
G1 X144.379 Y142.467 E852.88311
G1 X145.392 Y141.808 E852.9233
G1 X146.464 Y141.292 E852.96287
G1 X147.62 Y140.908 E853.00339
G1 X148.796 Y140.679 E853.04323
G1 X150 Y140.602 E853.08336
G1 X151.204 Y140.679 E853.12349
G1 X152.38 Y140.908 E853.16334
G1 X153.536 Y141.292 E853.20385
G1 X154.608 Y141.808 E853.24342
G1 X155.621 Y142.467 E853.28362
G1 X156.542 Y143.252 E853.32387
G1 X157.347 Y144.139 E853.36371
G1 X158.035 Y145.124 E853.40367
G1 X158.596 Y146.198 E853.44397
G1 X159.011 Y147.326 E853.48395
G1 X159.279 Y148.501 E853.52403
G1 X159.394 Y149.694 E853.56389
G1 X159.355 Y150.907 E853.60426
G1 X159.165 Y152.083 E853.64388
G1 X158.819 Y153.25 E853.68436
G1 X158.331 Y154.35 E853.72439
G1 X157.709 Y155.378 E853.76435
G1 X156.961 Y156.315 E853.80423
G0 F9000 X157.256 Y156.587
;TYPE:WALL-OUTER
G1 F2033.8 X156.351 Y157.462 E853.8461
G1 X155.344 Y158.214 E853.8879
G1 X154.252 Y158.83 E853.9296
G1 X153.088 Y159.301 E853.97136
G1 X151.873 Y159.62 E854.01314
G1 X150.631 Y159.779 E854.05479
G1 X150 Y159.8 E854.07579
G1 X149.369 Y159.779 E854.09679
G1 X148.127 Y159.62 E854.13843
G1 X146.912 Y159.301 E854.18021
G1 X145.748 Y158.83 E854.22198
G1 X144.656 Y158.214 E854.26368
G1 X143.649 Y157.462 E854.30548
G1 X142.744 Y156.587 E854.34735
G1 X141.963 Y155.608 E854.389
G1 X141.312 Y154.532 E854.43083
G1 X140.804 Y153.386 E854.47252
G1 X140.445 Y152.175 E854.51454
G1 X140.246 Y150.945 E854.55598
G1 X140.205 Y149.684 E854.59794
G1 X140.326 Y148.436 E854.63964
G1 X140.604 Y147.215 E854.68129
G1 X141.04 Y146.031 E854.72326
G1 X141.621 Y144.918 E854.76502
G1 X142.339 Y143.889 E854.80675
G1 X143.18 Y142.963 E854.84836
G1 X144.137 Y142.148 E854.89016
G1 X145.194 Y141.46 E854.93211
G1 X146.32 Y140.918 E854.97367
G1 X147.518 Y140.52 E855.01566
G1 X148.741 Y140.282 E855.0571
G1 X150 Y140.201 E855.09906
G1 X151.259 Y140.282 E855.14102
G1 X152.482 Y140.52 E855.18246
G1 X153.68 Y140.918 E855.22445
G1 X154.806 Y141.46 E855.26601
G1 X155.863 Y142.148 E855.30796
G1 X156.82 Y142.963 E855.34977
G1 X157.661 Y143.889 E855.39138
G1 X158.379 Y144.918 E855.43311
G1 X158.96 Y146.031 E855.47487
G1 X159.396 Y147.215 E855.51683
G1 X159.674 Y148.436 E855.55848
G1 X159.795 Y149.684 E855.60019
G1 X159.754 Y150.945 E855.64215
G1 X159.555 Y152.175 E855.68359
G1 X159.196 Y153.386 E855.7256
G1 X158.688 Y154.532 E855.76729
G1 X158.037 Y155.608 E855.80912
G1 X157.256 Y156.587 E855.85078
G0 F9000 X156.931 Y156.292
G0 X156.444 Y155.843
G0 X155.319 Y156.861
G0 X155.451 Y157.038
;TYPE:FILL
G1 F3050.7 X155.367 Y156.52 E855.86823
G1 X155.233 Y156.149 E855.88135
G0 F9000 X155.385 Y156.308
G0 X155.821 Y155.841
G0 X158.173 Y152.969
G0 X158.383 Y153.032
G1 F3050.7 X158.265 Y152.908 E855.88704
G1 X157.892 Y152.306 E855.9106
G1 X157.807 Y152.072 E855.91888
G0 F9000 X158.023 Y152.114
G0 X158.069 Y151.784
G0 X158.286 Y149.593
G0 X158.068 Y149.617
G1 F3050.7 X158.337 Y149.296 E855.93281
G1 X158.832 Y148.861 E855.95473
G0 F9000 X158.613 Y148.881
G0 X157.241 Y146.061
G0 X156.557 Y145.001
G0 X155.715 Y144.059
G0 X154.744 Y143.259
G0 X154.129 Y142.893
G0 X152.881 Y142.236
G0 X152.799 Y142.438
G1 F3050.7 X152.858 Y142.072 E855.96706
G1 X153.019 Y141.628 E855.98276
G0 F9000 X152.95 Y141.835
G0 X150 Y141.755
G0 X148.03 Y141.959
G0 X148.079 Y142.173
G1 F3050.7 X148.042 Y142.072 E855.98634
G1 X147.945 Y141.47 E856.00662
G1 X147.952 Y141.333 E856.01118
G0 F9000 X147.993 Y141.549
G0 X145.256 Y143.259
G0 X143.857 Y144.448
G0 X144.019 Y144.594
G1 F3050.7 X143.889 Y144.48 E856.01694
G1 X143.457 Y143.966 E856.03927
G0 F9000 X143.619 Y144.114
G0 X142.242 Y147.21
G0 X141.907 Y148.431
G0 X141.765 Y149.686
G0 X141.812 Y150.948
G0 X142.052 Y152.183
G0 X142.476 Y153.366
G0 X143.084 Y154.484
G0 X143.844 Y155.482
G0 X144.359 Y155.977
G0 X145.669 Y157.075
G0 X145.796 Y156.896
G1 F3050.7 X145.832 Y157.122 E856.04688
G1 X145.801 Y157.724 E856.06693
G1 X145.762 Y157.83 E856.07068
G0 F9000 X145.871 Y157.639
G0 X148.852 Y158.605
G0 X148.824 Y158.823
G1 F3050.7 X149.389 Y158.326 E856.09571
G1 X149.636 Y158.065 E856.10766
G0 F9000 X149.622 Y158.387
;MESH:NONMESH
G0 F300 X149.622 Y158.387 Z15.2
G0 F9000 X151.879 Y158.025
G0 X153.083 Y157.645
G0 X154.211 Y157.086
G0 X155.048 Y156.496
G0 X156.182 Y155.541
G0 X155.975 Y155.324
;TIME_ELAPSED:1054.939800
;LAYER:75
;TYPE:WALL-INNER
;MESH:dannypart.STL
G1 F2033.4 X156.718 Y154.35 E856.14841
G1 X157.303 Y153.273 E856.18917
G1 X157.717 Y152.12 E856.22992
G1 X157.951 Y150.918 E856.27065
G1 X157.997 Y149.694 E856.31139
G1 X157.857 Y148.477 E856.35213
G1 X157.533 Y147.294 E856.39293
G1 X157.03 Y146.176 E856.4337
G1 X156.365 Y145.148 E856.47443
G1 X155.549 Y144.233 E856.5152
G1 X154.604 Y143.454 E856.55594
G1 X153.551 Y142.827 E856.5967
G1 X152.415 Y142.37 E856.63742
G1 X151.222 Y142.092 E856.67817
G1 X150 Y141.997 E856.71893
G1 X148.778 Y142.092 E856.7597
G1 X147.585 Y142.37 E856.80044
G1 X146.449 Y142.827 E856.84117
G1 X145.396 Y143.454 E856.88193
G1 X144.451 Y144.233 E856.92266
G1 X143.635 Y145.148 E856.96344
G1 X142.97 Y146.176 E857.00416
G1 X142.467 Y147.294 E857.04494
G1 X142.143 Y148.477 E857.08573
G1 X142.003 Y149.694 E857.12648
G1 X142.049 Y150.918 E857.16722
G1 X142.283 Y152.12 E857.20795
G1 X142.697 Y153.273 E857.24869
G1 X143.282 Y154.35 E857.28946
G1 X144.025 Y155.324 E857.3302
G1 X144.908 Y156.173 E857.37094
G1 X145.91 Y156.879 E857.41171
G1 X147.008 Y157.423 E857.45247
G1 X148.177 Y157.793 E857.49325
G1 X149.369 Y157.976 E857.53336
G1 X150 Y158 E857.55436
G1 X150.631 Y157.976 E857.57536
G1 X151.823 Y157.793 E857.61547
G1 X152.992 Y157.423 E857.65626
G1 X154.09 Y156.879 E857.69701
G1 X155.092 Y156.173 E857.73778
G1 X155.975 Y155.324 E857.77852
G0 F9000 X155.676 Y155.057
G1 F2033.4 X156.381 Y154.132 E857.81721
G1 X156.937 Y153.109 E857.85593
G1 X157.33 Y152.014 E857.89463
G1 X157.552 Y150.872 E857.93332
G1 X157.596 Y149.709 E857.97203
G1 X157.463 Y148.553 E858.01073
G1 X157.155 Y147.43 E858.04946
G1 X156.678 Y146.368 E858.08818
G1 X156.046 Y145.391 E858.12689
G1 X155.271 Y144.522 E858.16561
G1 X154.373 Y143.782 E858.20431
G1 X153.373 Y143.187 E858.24302
G1 X152.294 Y142.753 E858.2817
G1 X151.161 Y142.488 E858.3204
G1 X150 Y142.398 E858.35913
G1 X148.839 Y142.488 E858.39786
G1 X147.706 Y142.753 E858.43656
G1 X146.627 Y143.187 E858.47524
G1 X145.627 Y143.782 E858.51395
G1 X144.729 Y144.522 E858.55265
G1 X143.954 Y145.391 E858.59138
G1 X143.322 Y146.368 E858.63008
G1 X142.845 Y147.43 E858.6688
G1 X142.537 Y148.553 E858.70753
G1 X142.404 Y149.709 E858.74623
G1 X142.448 Y150.872 E858.78494
G1 X142.67 Y152.014 E858.82364
G1 X143.063 Y153.109 E858.86233
G1 X143.619 Y154.132 E858.90106
G1 X144.324 Y155.057 E858.93974
G1 X145.163 Y155.864 E858.97846
G1 X146.115 Y156.534 E859.01718
G1 X147.158 Y157.051 E859.05589
G1 X148.268 Y157.402 E859.09461
G1 X149.407 Y157.577 E859.13294
G1 X150 Y157.6 E859.15268
G1 X150.593 Y157.577 E859.17242
G1 X151.732 Y157.402 E859.21075
G1 X152.842 Y157.051 E859.24947
G1 X153.885 Y156.534 E859.28819
G1 X154.837 Y155.864 E859.3269
G1 X155.676 Y155.057 E859.36562
G0 F9000 X155.376 Y154.79
;TYPE:WALL-OUTER
G1 F2033.4 X156.044 Y153.914 E859.40226
G1 X156.571 Y152.945 E859.43895
G1 X156.943 Y151.908 E859.47559
G1 X157.153 Y150.826 E859.51225
G1 X157.195 Y149.724 E859.54893
G1 X157.069 Y148.629 E859.58559
G1 X156.777 Y147.566 E859.62226
G1 X156.326 Y146.56 E859.65893
G1 X155.727 Y145.634 E859.69561
G1 X154.993 Y144.811 E859.73228
G1 X154.142 Y144.11 E859.76896
G1 X153.195 Y143.547 E859.8056
G1 X152.173 Y143.135 E859.84225
G1 X151.1 Y142.884 E859.8789
G1 X150 Y142.799 E859.9156
G1 X148.9 Y142.884 E859.95229
G1 X147.827 Y143.135 E859.98894
G1 X146.805 Y143.547 E860.02559
G1 X145.858 Y144.11 E860.06224
G1 X145.007 Y144.811 E860.09891
G1 X144.273 Y145.634 E860.13558
G1 X143.674 Y146.56 E860.17227
G1 X143.223 Y147.566 E860.20893
G1 X142.931 Y148.629 E860.2456
G1 X142.805 Y149.724 E860.28226
G1 X142.847 Y150.826 E860.31894
G1 X143.057 Y151.908 E860.3556
G1 X143.429 Y152.945 E860.39224
G1 X143.956 Y153.914 E860.42893
G1 X144.624 Y154.79 E860.46557
G1 X145.418 Y155.555 E860.50224
G1 X146.32 Y156.189 E860.53891
G1 X147.308 Y156.679 E860.57559
G1 X148.359 Y157.011 E860.61225
G1 X149.445 Y157.178 E860.64879
G1 X150 Y157.2 E860.66727
G1 X150.555 Y157.178 E860.68574
G1 X151.641 Y157.011 E860.72229
G1 X152.692 Y156.679 E860.75895
G1 X153.68 Y156.189 E860.79563
G1 X154.582 Y155.555 E860.8323
G1 X155.376 Y154.79 E860.86897
G0 F9000 X155.704 Y155.082
G0 X156.163 Y155.56
G0 X156.444 Y155.843
G0 X156.663 Y156.047
;TYPE:WALL-INNER
G1 F2033.4 X155.821 Y156.86 E860.9079
G1 X154.914 Y157.538 E860.94556
G1 X153.908 Y158.106 E860.98399
G1 X152.836 Y158.539 E861.02244
G1 X151.721 Y158.832 E861.06078
G1 X150.565 Y158.981 E861.09955
G1 X150 Y159 E861.11835
G1 X149.435 Y158.981 E861.13716
G1 X148.279 Y158.832 E861.17592
G1 X147.164 Y158.539 E861.21427
G1 X146.092 Y158.106 E861.25272
G1 X145.086 Y157.538 E861.29114
G1 X144.179 Y156.86 E861.32881
G1 X143.337 Y156.047 E861.36774
G1 X142.616 Y155.143 E861.4062
G1 X142.026 Y154.168 E861.4441
G1 X141.555 Y153.107 E861.48271
G1 X141.227 Y151.998 E861.52117
G1 X141.044 Y150.869 E861.55922
G1 X141.007 Y149.704 E861.59798
G1 X141.116 Y148.567 E861.63597
G1 X141.374 Y147.437 E861.67452
G1 X141.768 Y146.365 E861.71251
G1 X142.309 Y145.33 E861.75135
G1 X142.967 Y144.389 E861.78954
G1 X143.74 Y143.536 E861.82783
G1 X144.617 Y142.789 E861.86615
G1 X145.59 Y142.156 E861.90476
G1 X146.608 Y141.666 E861.94233
G1 X147.722 Y141.296 E861.98138
G1 X148.851 Y141.076 E862.01963
G1 X150 Y141.003 E862.05793
G1 X151.149 Y141.076 E862.09622
G1 X152.278 Y141.296 E862.13447
G1 X153.392 Y141.666 E862.17352
G1 X154.41 Y142.156 E862.21109
G1 X155.383 Y142.789 E862.2497
G1 X156.26 Y143.536 E862.28802
G1 X157.033 Y144.389 E862.32631
G1 X157.691 Y145.33 E862.3645
G1 X158.232 Y146.365 E862.40334
G1 X158.626 Y147.437 E862.44133
G1 X158.884 Y148.567 E862.47988
G1 X158.993 Y149.704 E862.51787
G1 X158.956 Y150.869 E862.55663
G1 X158.773 Y151.998 E862.59468
G1 X158.445 Y153.107 E862.63314
G1 X157.974 Y154.168 E862.67175
G1 X157.384 Y155.143 E862.70965
G1 X156.663 Y156.047 E862.74811
G0 F9000 X156.961 Y156.315
G1 F2033.4 X156.086 Y157.161 E862.78859
G1 X155.129 Y157.876 E862.82833
G1 X154.08 Y158.468 E862.86839
G1 X152.962 Y158.92 E862.9085
G1 X151.797 Y159.226 E862.94856
G1 X150.598 Y159.38 E862.98877
G1 X150 Y159.4 E863.00867
G1 X149.402 Y159.38 E863.02857
G1 X148.203 Y159.226 E863.06877
G1 X147.038 Y158.92 E863.10884
G1 X145.92 Y158.468 E863.14895
G1 X144.871 Y157.876 E863.18901
G1 X143.914 Y157.161 E863.22874
G1 X143.039 Y156.315 E863.26922
G1 X142.291 Y155.378 E863.3091
G1 X141.669 Y154.35 E863.34906
G1 X141.181 Y153.25 E863.38909
G1 X140.835 Y152.083 E863.42957
G1 X140.645 Y150.907 E863.46919
G1 X140.606 Y149.694 E863.50956
G1 X140.721 Y148.501 E863.54942
G1 X140.989 Y147.326 E863.58951
G1 X141.404 Y146.198 E863.62948
G1 X141.965 Y145.124 E863.66978
G1 X142.653 Y144.139 E863.70974
G1 X143.458 Y143.252 E863.74958
G1 X144.379 Y142.467 E863.78983
G1 X145.392 Y141.808 E863.83003
G1 X146.464 Y141.292 E863.8696
G1 X147.62 Y140.908 E863.91011
G1 X148.796 Y140.679 E863.94996
G1 X150 Y140.602 E863.99009
G1 X151.204 Y140.679 E864.03022
G1 X152.38 Y140.908 E864.07006
G1 X153.536 Y141.292 E864.11058
G1 X154.608 Y141.808 E864.15015
G1 X155.621 Y142.467 E864.19034
G1 X156.542 Y143.252 E864.23059
G1 X157.347 Y144.139 E864.27043
G1 X158.035 Y145.124 E864.3104
G1 X158.596 Y146.198 E864.3507
G1 X159.011 Y147.326 E864.39067
G1 X159.279 Y148.501 E864.43076
G1 X159.394 Y149.694 E864.47062
G1 X159.355 Y150.907 E864.51099
G1 X159.165 Y152.083 E864.55061
G1 X158.819 Y153.25 E864.59109
G1 X158.331 Y154.35 E864.63112
G1 X157.709 Y155.378 E864.67108
G1 X156.961 Y156.315 E864.71096
G0 F9000 X157.256 Y156.587
;TYPE:WALL-OUTER
G1 F2033.4 X156.351 Y157.462 E864.75283
G1 X155.344 Y158.214 E864.79463
G1 X154.252 Y158.83 E864.83633
G1 X153.088 Y159.301 E864.87809
G1 X151.873 Y159.62 E864.91987
G1 X150.631 Y159.779 E864.96152
G1 X150 Y159.8 E864.98252
G1 X149.369 Y159.779 E865.00352
G1 X148.127 Y159.62 E865.04516
G1 X146.912 Y159.301 E865.08694
G1 X145.748 Y158.83 E865.12871
G1 X144.656 Y158.214 E865.17041
G1 X143.649 Y157.462 E865.21221
G1 X142.744 Y156.587 E865.25408
G1 X141.963 Y155.608 E865.29573
G1 X141.312 Y154.532 E865.33756
G1 X140.804 Y153.386 E865.37925
G1 X140.445 Y152.175 E865.42126
G1 X140.246 Y150.945 E865.4627
G1 X140.205 Y149.684 E865.50467
G1 X140.326 Y148.436 E865.54637
G1 X140.604 Y147.215 E865.58802
G1 X141.04 Y146.031 E865.62999
G1 X141.621 Y144.918 E865.67174
G1 X142.339 Y143.889 E865.71348
G1 X143.18 Y142.963 E865.75508
G1 X144.137 Y142.148 E865.79689
G1 X145.194 Y141.46 E865.83884
G1 X146.32 Y140.918 E865.8804
G1 X147.518 Y140.52 E865.92239
G1 X148.741 Y140.282 E865.96383
G1 X150 Y140.201 E866.00579
G1 X151.259 Y140.282 E866.04775
G1 X152.482 Y140.52 E866.08919
G1 X153.68 Y140.918 E866.13118
G1 X154.806 Y141.46 E866.17274
G1 X155.863 Y142.148 E866.21469
G1 X156.82 Y142.963 E866.2565
G1 X157.661 Y143.889 E866.2981
G1 X158.379 Y144.918 E866.33984
G1 X158.96 Y146.031 E866.38159
G1 X159.396 Y147.215 E866.42356
G1 X159.674 Y148.436 E866.46521
G1 X159.795 Y149.684 E866.50691
G1 X159.754 Y150.945 E866.54888
G1 X159.555 Y152.175 E866.59032
G1 X159.196 Y153.386 E866.63233
G1 X158.688 Y154.532 E866.67402
G1 X158.037 Y155.608 E866.71585
G1 X157.256 Y156.587 E866.7575
G0 F9000 X156.931 Y156.292
G0 X156.444 Y155.843
G0 X155.399 Y156.801
G0 X155.531 Y156.978
;TYPE:FILL
G1 F3050 X155.412 Y156.52 E866.77324
G1 X155.239 Y156.143 E866.78704
G0 F9000 X155.391 Y156.302
G0 X155.824 Y155.838
G0 X158.195 Y152.894
G0 X158.405 Y152.957
G1 F3050 X158.351 Y152.908 E866.78946
G1 X157.906 Y152.306 E866.81436
G1 X157.805 Y152.086 E866.82241
G0 F9000 X158.02 Y152.128
G0 X158.155 Y151.173
G0 X158.254 Y149.309
G0 X158.035 Y149.333
G1 F3050 X158.065 Y149.296 E866.824
G1 X158.817 Y148.709 E866.85573
G0 F9000 X158.598 Y148.729
G0 X157.241 Y146.061
G0 X156.557 Y145.001
G0 X155.715 Y144.059
G0 X154.744 Y143.259
G0 X154.129 Y142.893
G0 X152.807 Y142.206
G0 X152.725 Y142.409
G1 F3050 X152.813 Y142.072 E866.86731
G1 X153.018 Y141.627 E866.88361
G0 F9000 X152.949 Y141.834
G0 X150 Y141.755
G0 X147.998 Y141.967
G0 X148.047 Y142.181
G1 F3050 X147.997 Y142.072 E866.8876
G1 X147.84 Y141.47 E866.90829
G1 X147.833 Y141.356 E866.91209
G0 F9000 X147.874 Y141.572
G0 X145.256 Y143.259
G0 X143.751 Y144.566
G0 X143.914 Y144.712
G1 F3050 X143.617 Y144.48 E866.92462
G1 X143.323 Y144.114 E866.94024
G0 F9000 X143.485 Y144.262
G0 X142.242 Y147.21
G0 X141.907 Y148.431
G0 X141.765 Y149.686
G0 X141.812 Y150.948
G0 X142.052 Y152.183
G0 X142.476 Y153.366
G0 X143.084 Y154.484
G0 X143.844 Y155.482
G0 X144.581 Y156.19
G0 X145.797 Y157.157
G0 X145.895 Y156.96
G1 F3050 X145.937 Y157.122 E866.9458
G1 X145.975 Y157.724 E866.96587
G1 X145.927 Y157.922 E866.97264
G0 F9000 X146.035 Y157.731
G0 X148.632 Y158.577
G0 X148.604 Y158.795
G1 F3050 X149.204 Y158.326 E866.99797
G1 X149.501 Y158.06 E867.01123
G0 F9000 X149.487 Y158.383
;MESH:NONMESH
G0 F300 X149.487 Y158.383 Z15.4
G0 F9000 X151.879 Y158.025
G0 X153.083 Y157.645
G0 X154.211 Y157.086
G0 X155.048 Y156.496
G0 X156.182 Y155.541
G0 X155.975 Y155.324
;TIME_ELAPSED:1067.665220
;LAYER:76
;TYPE:WALL-INNER
;MESH:dannypart.STL
G1 F2033.2 X156.718 Y154.35 E867.05198
G1 X157.303 Y153.273 E867.09274
G1 X157.717 Y152.12 E867.13349
G1 X157.951 Y150.918 E867.17422
G1 X157.997 Y149.694 E867.21496
G1 X157.857 Y148.477 E867.2557
G1 X157.533 Y147.294 E867.2965
G1 X157.03 Y146.176 E867.33727
G1 X156.365 Y145.148 E867.37799
G1 X155.549 Y144.233 E867.41877
G1 X154.604 Y143.454 E867.4595
G1 X153.551 Y142.827 E867.50027
G1 X152.415 Y142.37 E867.54099
G1 X151.222 Y142.092 E867.58173
G1 X150 Y141.997 E867.6225
G1 X148.778 Y142.092 E867.66327
G1 X147.585 Y142.37 E867.70401
G1 X146.449 Y142.827 E867.74474
G1 X145.396 Y143.454 E867.7855
G1 X144.451 Y144.233 E867.82623
G1 X143.635 Y145.148 E867.86701
G1 X142.97 Y146.176 E867.90773
G1 X142.467 Y147.294 E867.9485
G1 X142.143 Y148.477 E867.9893
G1 X142.003 Y149.694 E868.03004
G1 X142.049 Y150.918 E868.07078
G1 X142.283 Y152.12 E868.11151
G1 X142.697 Y153.273 E868.15226
G1 X143.282 Y154.35 E868.19302
G1 X144.025 Y155.324 E868.23377
G1 X144.908 Y156.173 E868.27451
G1 X145.91 Y156.879 E868.31528
G1 X147.008 Y157.423 E868.35604
G1 X148.177 Y157.793 E868.39682
G1 X149.369 Y157.976 E868.43693
G1 X150 Y158 E868.45793
G1 X150.631 Y157.976 E868.47893
G1 X151.823 Y157.793 E868.51904
G1 X152.992 Y157.423 E868.55983
G1 X154.09 Y156.879 E868.60058
G1 X155.092 Y156.173 E868.64135
G1 X155.975 Y155.324 E868.68209
G0 F9000 X155.676 Y155.057
G1 F2033.2 X156.381 Y154.132 E868.72077
G1 X156.937 Y153.109 E868.7595
G1 X157.33 Y152.014 E868.79819
G1 X157.552 Y150.872 E868.83689
G1 X157.596 Y149.709 E868.8756
G1 X157.463 Y148.553 E868.9143
G1 X157.155 Y147.43 E868.95303
G1 X156.678 Y146.368 E868.99175
G1 X156.046 Y145.391 E869.03045
G1 X155.271 Y144.522 E869.06918
G1 X154.373 Y143.782 E869.10788
G1 X153.373 Y143.187 E869.14659
G1 X152.294 Y142.753 E869.18527
G1 X151.161 Y142.488 E869.22397
G1 X150 Y142.398 E869.2627
G1 X148.839 Y142.488 E869.30143
G1 X147.706 Y142.753 E869.34013
G1 X146.627 Y143.187 E869.37881
G1 X145.627 Y143.782 E869.41751
G1 X144.729 Y144.522 E869.45622
G1 X143.954 Y145.391 E869.49494
G1 X143.322 Y146.368 E869.53365
G1 X142.845 Y147.43 E869.57237
G1 X142.537 Y148.553 E869.6111
G1 X142.404 Y149.709 E869.6498
G1 X142.448 Y150.872 E869.68851
G1 X142.67 Y152.014 E869.7272
G1 X143.063 Y153.109 E869.7659
G1 X143.619 Y154.132 E869.80462
G1 X144.324 Y155.057 E869.84331
G1 X145.163 Y155.864 E869.88203
G1 X146.115 Y156.534 E869.92074
G1 X147.158 Y157.051 E869.95946
G1 X148.268 Y157.402 E869.99818
G1 X149.407 Y157.577 E870.03651
G1 X150 Y157.6 E870.05625
G1 X150.593 Y157.577 E870.07599
G1 X151.732 Y157.402 E870.11431
G1 X152.842 Y157.051 E870.15304
G1 X153.885 Y156.534 E870.19175
G1 X154.837 Y155.864 E870.23047
G1 X155.676 Y155.057 E870.26919
G0 F9000 X155.376 Y154.79
;TYPE:WALL-OUTER
G1 F2033.2 X156.044 Y153.914 E870.30583
G1 X156.571 Y152.945 E870.34252
G1 X156.943 Y151.908 E870.37916
G1 X157.153 Y150.826 E870.41582
G1 X157.195 Y149.724 E870.4525
G1 X157.069 Y148.629 E870.48916
G1 X156.777 Y147.566 E870.52583
G1 X156.326 Y146.56 E870.56249
G1 X155.727 Y145.634 E870.59918
G1 X154.993 Y144.811 E870.63585
G1 X154.142 Y144.11 E870.67252
G1 X153.195 Y143.547 E870.70917
G1 X152.173 Y143.135 E870.74582
G1 X151.1 Y142.884 E870.78247
G1 X150 Y142.799 E870.81916
G1 X148.9 Y142.884 E870.85586
G1 X147.827 Y143.135 E870.89251
G1 X146.805 Y143.547 E870.92916
G1 X145.858 Y144.11 E870.9658
G1 X145.007 Y144.811 E871.00247
G1 X144.273 Y145.634 E871.03915
G1 X143.674 Y146.56 E871.07583
G1 X143.223 Y147.566 E871.1125
G1 X142.931 Y148.629 E871.14917
G1 X142.805 Y149.724 E871.18583
G1 X142.847 Y150.826 E871.22251
G1 X143.057 Y151.908 E871.25917
G1 X143.429 Y152.945 E871.29581
G1 X143.956 Y153.914 E871.3325
G1 X144.624 Y154.79 E871.36914
G1 X145.418 Y155.555 E871.40581
G1 X146.32 Y156.189 E871.44248
G1 X147.308 Y156.679 E871.47916
G1 X148.359 Y157.011 E871.51582
G1 X149.445 Y157.178 E871.55236
G1 X150 Y157.2 E871.57084
G1 X150.555 Y157.178 E871.58931
G1 X151.641 Y157.011 E871.62586
G1 X152.692 Y156.679 E871.66251
G1 X153.68 Y156.189 E871.69919
G1 X154.582 Y155.555 E871.73586
G1 X155.376 Y154.79 E871.77254
G0 F9000 X155.704 Y155.082
G0 X156.163 Y155.56
G0 X156.444 Y155.843
G0 X156.663 Y156.047
;TYPE:WALL-INNER
G1 F2033.2 X155.821 Y156.86 E871.81147
G1 X154.914 Y157.538 E871.84913
G1 X153.908 Y158.106 E871.88755
G1 X152.836 Y158.539 E871.92601
G1 X151.721 Y158.832 E871.96435
G1 X150.565 Y158.981 E872.00312
G1 X150 Y159 E872.02192
G1 X149.435 Y158.981 E872.04072
G1 X148.279 Y158.832 E872.07949
G1 X147.164 Y158.539 E872.11783
G1 X146.092 Y158.106 E872.15629
G1 X145.086 Y157.538 E872.19471
G1 X144.179 Y156.86 E872.23238
G1 X143.337 Y156.047 E872.27131
G1 X142.616 Y155.143 E872.30976
G1 X142.026 Y154.168 E872.34767
G1 X141.555 Y153.107 E872.38628
G1 X141.227 Y151.998 E872.42474
G1 X141.044 Y150.869 E872.46278
G1 X141.007 Y149.704 E872.50155
G1 X141.116 Y148.567 E872.53954
G1 X141.374 Y147.437 E872.57809
G1 X141.768 Y146.365 E872.61608
G1 X142.309 Y145.33 E872.65492
G1 X142.967 Y144.389 E872.69311
G1 X143.74 Y143.536 E872.7314
G1 X144.617 Y142.789 E872.76972
G1 X145.59 Y142.156 E872.80832
G1 X146.608 Y141.666 E872.8459
G1 X147.722 Y141.296 E872.88494
G1 X148.851 Y141.076 E872.9232
G1 X150 Y141.003 E872.96149
G1 X151.149 Y141.076 E872.99979
G1 X152.278 Y141.296 E873.03804
G1 X153.392 Y141.666 E873.07709
G1 X154.41 Y142.156 E873.11466
G1 X155.383 Y142.789 E873.15327
G1 X156.26 Y143.536 E873.19159
G1 X157.033 Y144.389 E873.22987
G1 X157.691 Y145.33 E873.26806
G1 X158.232 Y146.365 E873.30691
G1 X158.626 Y147.437 E873.34489
G1 X158.884 Y148.567 E873.38345
G1 X158.993 Y149.704 E873.42144
G1 X158.956 Y150.869 E873.4602
G1 X158.773 Y151.998 E873.49824
G1 X158.445 Y153.107 E873.53671
G1 X157.974 Y154.168 E873.57532
G1 X157.384 Y155.143 E873.61322
G1 X156.663 Y156.047 E873.65168
G0 F9000 X156.961 Y156.315
G1 F2033.2 X156.086 Y157.161 E873.69216
G1 X155.129 Y157.876 E873.7319
G1 X154.08 Y158.468 E873.77196
G1 X152.962 Y158.92 E873.81207
G1 X151.797 Y159.226 E873.85213
G1 X150.598 Y159.38 E873.89234
G1 X150 Y159.4 E873.91224
G1 X149.402 Y159.38 E873.93214
G1 X148.203 Y159.226 E873.97234
G1 X147.038 Y158.92 E874.01241
G1 X145.92 Y158.468 E874.05251
G1 X144.871 Y157.876 E874.09258
G1 X143.914 Y157.161 E874.13231
G1 X143.039 Y156.315 E874.17279
G1 X142.291 Y155.378 E874.21267
G1 X141.669 Y154.35 E874.25263
G1 X141.181 Y153.25 E874.29266
G1 X140.835 Y152.083 E874.33314
G1 X140.645 Y150.907 E874.37276
G1 X140.606 Y149.694 E874.41313
G1 X140.721 Y148.501 E874.45299
G1 X140.989 Y147.326 E874.49307
G1 X141.404 Y146.198 E874.53305
G1 X141.965 Y145.124 E874.57335
G1 X142.653 Y144.139 E874.61331
G1 X143.458 Y143.252 E874.65315
G1 X144.379 Y142.467 E874.6934
G1 X145.392 Y141.808 E874.7336
G1 X146.464 Y141.292 E874.77317
G1 X147.62 Y140.908 E874.81368
G1 X148.796 Y140.679 E874.85353
G1 X150 Y140.602 E874.89366
G1 X151.204 Y140.679 E874.93378
G1 X152.38 Y140.908 E874.97363
G1 X153.536 Y141.292 E875.01415
G1 X154.608 Y141.808 E875.05372
G1 X155.621 Y142.467 E875.09391
G1 X156.542 Y143.252 E875.13416
G1 X157.347 Y144.139 E875.174
G1 X158.035 Y145.124 E875.21396
G1 X158.596 Y146.198 E875.25426
G1 X159.011 Y147.326 E875.29424
G1 X159.279 Y148.501 E875.33433
G1 X159.394 Y149.694 E875.37419
G1 X159.355 Y150.907 E875.41455
G1 X159.165 Y152.083 E875.45417
G1 X158.819 Y153.25 E875.49466
G1 X158.331 Y154.35 E875.53468
G1 X157.709 Y155.378 E875.57465
G1 X156.961 Y156.315 E875.61452
G0 F9000 X157.256 Y156.587
;TYPE:WALL-OUTER
G1 F2033.2 X156.351 Y157.462 E875.65639
G1 X155.344 Y158.214 E875.69819
G1 X154.252 Y158.83 E875.7399
G1 X153.088 Y159.301 E875.78166
G1 X151.873 Y159.62 E875.82344
G1 X150.631 Y159.779 E875.86509
G1 X150 Y159.8 E875.88608
G1 X149.369 Y159.779 E875.90708
G1 X148.127 Y159.62 E875.94873
G1 X146.912 Y159.301 E875.99051
G1 X145.748 Y158.83 E876.03227
G1 X144.656 Y158.214 E876.07398
G1 X143.649 Y157.462 E876.11578
G1 X142.744 Y156.587 E876.15765
G1 X141.963 Y155.608 E876.1993
G1 X141.312 Y154.532 E876.24113
G1 X140.804 Y153.386 E876.28282
G1 X140.445 Y152.175 E876.32483
G1 X140.246 Y150.945 E876.36627
G1 X140.205 Y149.684 E876.40824
G1 X140.326 Y148.436 E876.44994
G1 X140.604 Y147.215 E876.49159
G1 X141.04 Y146.031 E876.53355
G1 X141.621 Y144.918 E876.57531
G1 X142.339 Y143.889 E876.61705
G1 X143.18 Y142.963 E876.65865
G1 X144.137 Y142.148 E876.70046
G1 X145.194 Y141.46 E876.74241
G1 X146.32 Y140.918 E876.78397
G1 X147.518 Y140.52 E876.82596
G1 X148.741 Y140.282 E876.8674
G1 X150 Y140.201 E876.90936
G1 X151.259 Y140.282 E876.95132
G1 X152.482 Y140.52 E876.99276
G1 X153.68 Y140.918 E877.03475
G1 X154.806 Y141.46 E877.07631
G1 X155.863 Y142.148 E877.11826
G1 X156.82 Y142.963 E877.16007
G1 X157.661 Y143.889 E877.20167
G1 X158.379 Y144.918 E877.2434
G1 X158.96 Y146.031 E877.28516
G1 X159.396 Y147.215 E877.32713
G1 X159.674 Y148.436 E877.36878
G1 X159.795 Y149.684 E877.41048
G1 X159.754 Y150.945 E877.45244
G1 X159.555 Y152.175 E877.49389
G1 X159.196 Y153.386 E877.5359
G1 X158.688 Y154.532 E877.57759
G1 X158.037 Y155.608 E877.61942
G1 X157.256 Y156.587 E877.66107
G0 F9000 X156.931 Y156.292
G0 X156.444 Y155.843
G0 X155.485 Y156.736
G0 X155.617 Y156.913
;TYPE:FILL
G1 F3049.7 X155.474 Y156.52 E877.67498
G1 X155.254 Y156.129 E877.6899
G0 F9000 X155.406 Y156.288
G0 X155.83 Y155.832
G0 X158.213 Y152.834
G0 X158.423 Y152.897
G1 F3049.7 X157.906 Y152.306 E877.71602
G1 X157.799 Y152.116 E877.72327
G0 F9000 X158.014 Y152.158
G0 X158.154 Y151.178
G0 X158.227 Y149.073
G0 X158.008 Y149.097
G1 F3049.7 X158.62 Y148.694 E877.74764
G1 X158.8 Y148.559 E877.75513
G0 F9000 X158.585 Y148.607
G0 X157.241 Y146.061
G0 X156.557 Y145.001
G0 X155.715 Y144.059
G0 X154.744 Y143.259
G0 X154.129 Y142.893
G0 X152.723 Y142.172
G0 X152.641 Y142.375
G1 F3049.7 X152.751 Y142.072 E877.76585
G1 X153.004 Y141.623 E877.78299
G0 F9000 X152.935 Y141.83
G0 X150 Y141.755
G0 X147.953 Y141.977
G0 X148.002 Y142.191
G1 F3049.7 X147.935 Y142.072 E877.78753
G1 X147.716 Y141.47 E877.80884
G1 X147.7 Y141.389 E877.81159
G0 F9000 X147.768 Y141.597
G0 X145.256 Y143.259
G0 X144.707 Y143.712
G0 X143.639 Y144.692
G0 X143.802 Y144.838
G1 F3049.7 X143.258 Y144.48 E877.83325
G1 X143.14 Y144.316 E877.83997
G0 F9000 X143.303 Y144.464
G0 X142.242 Y147.21
G0 X141.907 Y148.431
G0 X141.765 Y149.686
G0 X141.812 Y150.948
G0 X142.052 Y152.183
G0 X142.476 Y153.366
G0 X143.084 Y154.484
G0 X143.844 Y155.482
G0 X144.581 Y156.19
G0 X145.928 Y157.222
G0 X146.026 Y157.025
G1 F3049.7 X146.061 Y157.122 E877.8434
G1 X146.178 Y157.724 E877.86379
G1 X146.157 Y158.047 E877.87456
G0 F9000 X146.239 Y157.845
G0 X148.358 Y158.542
G0 X148.33 Y158.759
G1 F3049.7 X148.988 Y158.326 E877.90076
G1 X149.354 Y158.052 E877.91596
G0 F9000 X149.301 Y158.361
;MESH:NONMESH
G0 F300 X149.301 Y158.361 Z15.6
G0 F9000 X151.879 Y158.025
G0 X153.083 Y157.645
G0 X154.211 Y157.086
G0 X155.048 Y156.496
G0 X156.182 Y155.541
G0 X155.975 Y155.324
;TIME_ELAPSED:1080.388464
;LAYER:77
;TYPE:WALL-INNER
;MESH:dannypart.STL
G1 F2034.9 X156.718 Y154.35 E877.95671
G1 X157.303 Y153.273 E877.99747
G1 X157.717 Y152.12 E878.03822
G1 X157.951 Y150.918 E878.07895
G1 X157.997 Y149.694 E878.11969
G1 X157.857 Y148.477 E878.16043
G1 X157.533 Y147.294 E878.20123
G1 X157.03 Y146.176 E878.242
G1 X156.365 Y145.148 E878.28272
G1 X155.549 Y144.233 E878.3235
G1 X154.604 Y143.454 E878.36423
G1 X153.551 Y142.827 E878.405
G1 X152.415 Y142.37 E878.44572
G1 X151.222 Y142.092 E878.48647
G1 X150 Y141.997 E878.52723
G1 X148.778 Y142.092 E878.568
G1 X147.585 Y142.37 E878.60874
G1 X146.449 Y142.827 E878.64947
G1 X145.396 Y143.454 E878.69023
G1 X144.451 Y144.233 E878.73096
G1 X143.635 Y145.148 E878.77174
G1 X142.97 Y146.176 E878.81246
G1 X142.467 Y147.294 E878.85324
G1 X142.143 Y148.477 E878.89403
G1 X142.003 Y149.694 E878.93478
G1 X142.049 Y150.918 E878.97551
G1 X142.283 Y152.12 E879.01624
G1 X142.697 Y153.273 E879.05699
G1 X143.282 Y154.35 E879.09775
G1 X144.025 Y155.324 E879.1385
G1 X144.908 Y156.173 E879.17924
G1 X145.91 Y156.879 E879.22001
G1 X147.008 Y157.423 E879.26077
G1 X148.177 Y157.793 E879.30155
G1 X149.369 Y157.976 E879.34166
G1 X150 Y158 E879.36266
G1 X150.631 Y157.976 E879.38366
G1 X151.823 Y157.793 E879.42377
G1 X152.992 Y157.423 E879.46456
G1 X154.09 Y156.879 E879.50531
G1 X155.092 Y156.173 E879.54608
G1 X155.975 Y155.324 E879.58682
G0 F9000 X155.676 Y155.057
G1 F2034.9 X156.381 Y154.132 E879.6255
G1 X156.937 Y153.109 E879.66423
G1 X157.33 Y152.014 E879.70292
G1 X157.552 Y150.872 E879.74162
G1 X157.596 Y149.709 E879.78033
G1 X157.463 Y148.553 E879.81903
G1 X157.155 Y147.43 E879.85776
G1 X156.678 Y146.368 E879.89648
G1 X156.046 Y145.391 E879.93518
G1 X155.271 Y144.522 E879.97391
G1 X154.373 Y143.782 E880.01261
G1 X153.373 Y143.187 E880.05132
G1 X152.294 Y142.753 E880.09
G1 X151.161 Y142.488 E880.1287
G1 X150 Y142.398 E880.16743
G1 X148.839 Y142.488 E880.20616
G1 X147.706 Y142.753 E880.24486
G1 X146.627 Y143.187 E880.28354
G1 X145.627 Y143.782 E880.32225
G1 X144.729 Y144.522 E880.36095
G1 X143.954 Y145.391 E880.39968
G1 X143.322 Y146.368 E880.43838
G1 X142.845 Y147.43 E880.4771
G1 X142.537 Y148.553 E880.51583
G1 X142.404 Y149.709 E880.55453
G1 X142.448 Y150.872 E880.59324
G1 X142.67 Y152.014 E880.63193
G1 X143.063 Y153.109 E880.67063
G1 X143.619 Y154.132 E880.70935
G1 X144.324 Y155.057 E880.74804
G1 X145.163 Y155.864 E880.78676
G1 X146.115 Y156.534 E880.82547
G1 X147.158 Y157.051 E880.86419
G1 X148.268 Y157.402 E880.90291
G1 X149.407 Y157.577 E880.94124
G1 X150 Y157.6 E880.96098
G1 X150.593 Y157.577 E880.98072
G1 X151.732 Y157.402 E881.01905
G1 X152.842 Y157.051 E881.05777
G1 X153.885 Y156.534 E881.09648
G1 X154.837 Y155.864 E881.1352
G1 X155.676 Y155.057 E881.17392
G0 F9000 X155.376 Y154.79
;TYPE:WALL-OUTER
G1 F2034.9 X156.044 Y153.914 E881.21056
G1 X156.571 Y152.945 E881.24725
G1 X156.943 Y151.908 E881.28389
G1 X157.153 Y150.826 E881.32055
G1 X157.195 Y149.724 E881.35723
G1 X157.069 Y148.629 E881.39389
G1 X156.777 Y147.566 E881.43056
G1 X156.326 Y146.56 E881.46722
G1 X155.727 Y145.634 E881.50391
G1 X154.993 Y144.811 E881.54058
G1 X154.142 Y144.11 E881.57725
G1 X153.195 Y143.547 E881.6139
G1 X152.173 Y143.135 E881.65055
G1 X151.1 Y142.884 E881.6872
G1 X150 Y142.799 E881.72389
G1 X148.9 Y142.884 E881.76059
G1 X147.827 Y143.135 E881.79724
G1 X146.805 Y143.547 E881.83389
G1 X145.858 Y144.11 E881.87053
G1 X145.007 Y144.811 E881.90721
G1 X144.273 Y145.634 E881.94388
G1 X143.674 Y146.56 E881.98056
G1 X143.223 Y147.566 E882.01723
G1 X142.931 Y148.629 E882.0539
G1 X142.805 Y149.724 E882.09056
G1 X142.847 Y150.826 E882.12724
G1 X143.057 Y151.908 E882.1639
G1 X143.429 Y152.945 E882.20054
G1 X143.956 Y153.914 E882.23723
G1 X144.624 Y154.79 E882.27387
G1 X145.418 Y155.555 E882.31054
G1 X146.32 Y156.189 E882.34721
G1 X147.308 Y156.679 E882.38389
G1 X148.359 Y157.011 E882.42055
G1 X149.445 Y157.178 E882.45709
G1 X150 Y157.2 E882.47557
G1 X150.555 Y157.178 E882.49404
G1 X151.641 Y157.011 E882.53059
G1 X152.692 Y156.679 E882.56724
G1 X153.68 Y156.189 E882.60393
G1 X154.582 Y155.555 E882.6406
G1 X155.376 Y154.79 E882.67727
G0 F9000 X155.704 Y155.082
G0 X156.163 Y155.56
G0 X156.444 Y155.843
G0 X156.663 Y156.047
;TYPE:WALL-INNER
G1 F2034.9 X155.821 Y156.86 E882.7162
G1 X154.914 Y157.538 E882.75386
G1 X153.908 Y158.106 E882.79228
G1 X152.836 Y158.539 E882.83074
G1 X151.721 Y158.832 E882.86908
G1 X150.565 Y158.981 E882.90785
G1 X150 Y159 E882.92665
G1 X149.435 Y158.981 E882.94545
G1 X148.279 Y158.832 E882.98422
G1 X147.164 Y158.539 E883.02256
G1 X146.092 Y158.106 E883.06102
G1 X145.086 Y157.538 E883.09944
G1 X144.179 Y156.86 E883.13711
G1 X143.337 Y156.047 E883.17604
G1 X142.616 Y155.143 E883.21449
G1 X142.026 Y154.168 E883.2524
G1 X141.555 Y153.107 E883.29101
G1 X141.227 Y151.998 E883.32947
G1 X141.044 Y150.869 E883.36751
G1 X141.007 Y149.704 E883.40628
G1 X141.116 Y148.567 E883.44427
G1 X141.374 Y147.437 E883.48282
G1 X141.768 Y146.365 E883.52081
G1 X142.309 Y145.33 E883.55965
G1 X142.967 Y144.389 E883.59784
G1 X143.74 Y143.536 E883.63613
G1 X144.617 Y142.789 E883.67445
G1 X145.59 Y142.156 E883.71306
G1 X146.608 Y141.666 E883.75063
G1 X147.722 Y141.296 E883.78967
G1 X148.851 Y141.076 E883.82793
G1 X150 Y141.003 E883.86622
G1 X151.149 Y141.076 E883.90452
G1 X152.278 Y141.296 E883.94277
G1 X153.392 Y141.666 E883.98182
G1 X154.41 Y142.156 E884.01939
G1 X155.383 Y142.789 E884.058
G1 X156.26 Y143.536 E884.09632
G1 X157.033 Y144.389 E884.1346
G1 X157.691 Y145.33 E884.17279
G1 X158.232 Y146.365 E884.21164
G1 X158.626 Y147.437 E884.24962
G1 X158.884 Y148.567 E884.28818
G1 X158.993 Y149.704 E884.32617
G1 X158.956 Y150.869 E884.36493
G1 X158.773 Y151.998 E884.40297
G1 X158.445 Y153.107 E884.44144
G1 X157.974 Y154.168 E884.48005
G1 X157.384 Y155.143 E884.51795
G1 X156.663 Y156.047 E884.55641
G0 F9000 X156.961 Y156.315
G1 F2034.9 X156.086 Y157.161 E884.59689
G1 X155.129 Y157.876 E884.63663
G1 X154.08 Y158.468 E884.67669
G1 X152.962 Y158.92 E884.7168
G1 X151.797 Y159.226 E884.75686
G1 X150.598 Y159.38 E884.79707
G1 X150 Y159.4 E884.81697
G1 X149.402 Y159.38 E884.83687
G1 X148.203 Y159.226 E884.87707
G1 X147.038 Y158.92 E884.91714
G1 X145.92 Y158.468 E884.95725
G1 X144.871 Y157.876 E884.99731
G1 X143.914 Y157.161 E885.03704
G1 X143.039 Y156.315 E885.07752
G1 X142.291 Y155.378 E885.1174
G1 X141.669 Y154.35 E885.15736
G1 X141.181 Y153.25 E885.19739
G1 X140.835 Y152.083 E885.23787
G1 X140.645 Y150.907 E885.27749
G1 X140.606 Y149.694 E885.31786
G1 X140.721 Y148.501 E885.35772
G1 X140.989 Y147.326 E885.3978
G1 X141.404 Y146.198 E885.43778
G1 X141.965 Y145.124 E885.47808
G1 X142.653 Y144.139 E885.51804
G1 X143.458 Y143.252 E885.55788
G1 X144.379 Y142.467 E885.59813
G1 X145.392 Y141.808 E885.63833
G1 X146.464 Y141.292 E885.6779
G1 X147.62 Y140.908 E885.71841
G1 X148.796 Y140.679 E885.75826
G1 X150 Y140.602 E885.79839
G1 X151.204 Y140.679 E885.83852
G1 X152.38 Y140.908 E885.87836
G1 X153.536 Y141.292 E885.91888
G1 X154.608 Y141.808 E885.95845
G1 X155.621 Y142.467 E885.99864
G1 X156.542 Y143.252 E886.03889
G1 X157.347 Y144.139 E886.07873
G1 X158.035 Y145.124 E886.11869
G1 X158.596 Y146.198 E886.159
G1 X159.011 Y147.326 E886.19897
G1 X159.279 Y148.501 E886.23906
G1 X159.394 Y149.694 E886.27892
G1 X159.355 Y150.907 E886.31928
G1 X159.165 Y152.083 E886.35891
G1 X158.819 Y153.25 E886.39939
G1 X158.331 Y154.35 E886.43942
G1 X157.709 Y155.378 E886.47938
G1 X156.961 Y156.315 E886.51926
G0 F9000 X157.256 Y156.587
;TYPE:WALL-OUTER
G1 F2034.9 X156.351 Y157.462 E886.56112
G1 X155.344 Y158.214 E886.60293
G1 X154.252 Y158.83 E886.64463
G1 X153.088 Y159.301 E886.68639
G1 X151.873 Y159.62 E886.72817
G1 X150.631 Y159.779 E886.76982
G1 X150 Y159.8 E886.79082
G1 X149.369 Y159.779 E886.81181
G1 X148.127 Y159.62 E886.85346
G1 X146.912 Y159.301 E886.89524
G1 X145.748 Y158.83 E886.93701
G1 X144.656 Y158.214 E886.97871
G1 X143.649 Y157.462 E887.02051
G1 X142.744 Y156.587 E887.06238
G1 X141.963 Y155.608 E887.10403
G1 X141.312 Y154.532 E887.14586
G1 X140.804 Y153.386 E887.18755
G1 X140.445 Y152.175 E887.22956
G1 X140.246 Y150.945 E887.271
G1 X140.205 Y149.684 E887.31297
G1 X140.326 Y148.436 E887.35467
G1 X140.604 Y147.215 E887.39632
G1 X141.04 Y146.031 E887.43829
G1 X141.621 Y144.918 E887.48004
G1 X142.339 Y143.889 E887.52178
G1 X143.18 Y142.963 E887.56338
G1 X144.137 Y142.148 E887.60519
G1 X145.194 Y141.46 E887.64714
G1 X146.32 Y140.918 E887.6887
G1 X147.518 Y140.52 E887.73069
G1 X148.741 Y140.282 E887.77213
G1 X150 Y140.201 E887.81409
G1 X151.259 Y140.282 E887.85605
G1 X152.482 Y140.52 E887.89749
G1 X153.68 Y140.918 E887.93948
G1 X154.806 Y141.46 E887.98104
G1 X155.863 Y142.148 E888.02299
G1 X156.82 Y142.963 E888.0648
G1 X157.661 Y143.889 E888.1064
G1 X158.379 Y144.918 E888.14813
G1 X158.96 Y146.031 E888.18989
G1 X159.396 Y147.215 E888.23186
G1 X159.674 Y148.436 E888.27351
G1 X159.795 Y149.684 E888.31521
G1 X159.754 Y150.945 E888.35718
G1 X159.555 Y152.175 E888.39862
G1 X159.196 Y153.386 E888.44063
G1 X158.688 Y154.532 E888.48232
G1 X158.037 Y155.608 E888.52415
G1 X157.256 Y156.587 E888.5658
G0 F9000 X156.931 Y156.292
G0 X156.444 Y155.843
G0 X155.575 Y156.669
G0 X155.707 Y156.846
;TYPE:FILL
G1 F3052.3 X155.553 Y156.52 E888.57779
G1 X155.277 Y156.106 E888.59434
G0 F9000 X155.429 Y156.265
G0 X156.017 Y155.632
G0 X158.23 Y152.778
G0 X158.439 Y152.841
G1 F3052.3 X157.889 Y152.306 E888.61986
G1 X157.789 Y152.156 E888.62586
G0 F9000 X157.995 Y152.23
G0 X158.188 Y150.948
G0 X158.2 Y150.591
G0 X158.2 Y148.839
G0 X157.982 Y148.863
G1 F3052.3 X158.334 Y148.694 E888.63885
G1 X158.771 Y148.435 E888.65574
G0 F9000 X158.557 Y148.483
G0 X157.241 Y146.061
G0 X156.557 Y145.001
G0 X155.715 Y144.059
G0 X154.744 Y143.259
G0 X153.865 Y142.736
G0 X152.629 Y142.135
G0 X152.547 Y142.337
G1 F3052.3 X152.672 Y142.072 E888.66549
G1 X152.977 Y141.614 E888.68379
G0 F9000 X152.908 Y141.821
G0 X150 Y141.755
G0 X149.645 Y141.783
G0 X147.895 Y141.991
G0 X147.944 Y142.205
G1 F3052.3 X147.856 Y142.072 E888.68909
G1 X147.571 Y141.47 E888.71125
G1 X147.559 Y141.436 E888.71245
G0 F9000 X147.627 Y141.644
G0 X145.256 Y143.259
G0 X144.285 Y144.059
G0 X143.443 Y145.001
G0 X142.759 Y146.061
G0 X142.242 Y147.21
G0 X141.907 Y148.431
G0 X141.765 Y149.686
G0 X141.812 Y150.948
G0 X141.947 Y151.647
G0 X142.311 Y153.086
G0 X142.519 Y153.013
G1 F3052.3 X142.406 Y153.51 E888.7294
G1 X142.631 Y154.112 E888.75077
G1 X143.215 Y154.392 E888.77231
G0 F9000 X143.022 Y154.496
G0 X143.844 Y155.482
G0 X144.581 Y156.19
G0 X146.103 Y157.308
G0 X146.201 Y157.112
G1 F3052.3 X146.206 Y157.122 E888.77269
G1 X146.418 Y157.724 E888.79391
G1 X146.525 Y158.196 E888.81001
G0 F9000 X146.607 Y157.993
G0 X148.037 Y158.461
G0 X147.981 Y158.672
G1 F3052.3 X148.702 Y158.326 E888.83661
G1 X149.202 Y158.029 E888.85595
G0 F9000 X149.149 Y158.342
;MESH:NONMESH
G0 F300 X149.149 Y158.342 Z15.8
G0 F9000 X150.652 Y158.213
G0 X151.879 Y158.025
G0 X153.083 Y157.645
G0 X154.211 Y157.086
G0 X155.048 Y156.496
G0 X156.182 Y155.541
G0 X155.975 Y155.324
;TIME_ELAPSED:1093.119287
;LAYER:78
;TYPE:WALL-INNER
;MESH:dannypart.STL
G1 F2035.3 X156.718 Y154.35 E888.8967
G1 X157.303 Y153.273 E888.93746
G1 X157.717 Y152.12 E888.97821
G1 X157.951 Y150.918 E889.01894
G1 X157.997 Y149.694 E889.05968
G1 X157.857 Y148.477 E889.10042
G1 X157.533 Y147.294 E889.14122
G1 X157.03 Y146.176 E889.18199
G1 X156.365 Y145.148 E889.22271
G1 X155.549 Y144.233 E889.26349
G1 X154.604 Y143.454 E889.30422
G1 X153.551 Y142.827 E889.34499
G1 X152.415 Y142.37 E889.38571
G1 X151.222 Y142.092 E889.42645
G1 X150 Y141.997 E889.46722
G1 X148.778 Y142.092 E889.50799
G1 X147.585 Y142.37 E889.54873
G1 X146.449 Y142.827 E889.58946
G1 X145.396 Y143.454 E889.63022
G1 X144.451 Y144.233 E889.67095
G1 X143.635 Y145.148 E889.71173
G1 X142.97 Y146.176 E889.75245
G1 X142.467 Y147.294 E889.79322
G1 X142.143 Y148.477 E889.83402
G1 X142.003 Y149.694 E889.87476
G1 X142.049 Y150.918 E889.9155
G1 X142.283 Y152.12 E889.95623
G1 X142.697 Y153.273 E889.99698
G1 X143.282 Y154.35 E890.03774
G1 X144.025 Y155.324 E890.07849
G1 X144.908 Y156.173 E890.11923
G1 X145.91 Y156.879 E890.16
G1 X147.008 Y157.423 E890.20076
G1 X148.177 Y157.793 E890.24154
G1 X149.369 Y157.976 E890.28165
G1 X150 Y158 E890.30265
G1 X150.631 Y157.976 E890.32365
G1 X151.823 Y157.793 E890.36376
G1 X152.992 Y157.423 E890.40455
G1 X154.09 Y156.879 E890.4453
G1 X155.092 Y156.173 E890.48607
G1 X155.975 Y155.324 E890.52681
G0 F9000 X155.676 Y155.057
G1 F2035.3 X156.381 Y154.132 E890.56549
G1 X156.937 Y153.109 E890.60422
G1 X157.33 Y152.014 E890.64291
G1 X157.552 Y150.872 E890.68161
G1 X157.596 Y149.709 E890.72032
G1 X157.463 Y148.553 E890.75902
G1 X157.155 Y147.43 E890.79775
G1 X156.678 Y146.368 E890.83647
G1 X156.046 Y145.391 E890.87517
G1 X155.271 Y144.522 E890.9139
G1 X154.373 Y143.782 E890.9526
G1 X153.373 Y143.187 E890.99131
G1 X152.294 Y142.753 E891.02999
G1 X151.161 Y142.488 E891.06869
G1 X150 Y142.398 E891.10742
G1 X148.839 Y142.488 E891.14615
G1 X147.706 Y142.753 E891.18485
G1 X146.627 Y143.187 E891.22353
G1 X145.627 Y143.782 E891.26223
G1 X144.729 Y144.522 E891.30094
G1 X143.954 Y145.391 E891.33966
G1 X143.322 Y146.368 E891.37837
G1 X142.845 Y147.43 E891.41709
G1 X142.537 Y148.553 E891.45582
G1 X142.404 Y149.709 E891.49452
G1 X142.448 Y150.872 E891.53323
G1 X142.67 Y152.014 E891.57192
G1 X143.063 Y153.109 E891.61062
G1 X143.619 Y154.132 E891.64934
G1 X144.324 Y155.057 E891.68803
G1 X145.163 Y155.864 E891.72675
G1 X146.115 Y156.534 E891.76546
G1 X147.158 Y157.051 E891.80418
G1 X148.268 Y157.402 E891.8429
G1 X149.407 Y157.577 E891.88123
G1 X150 Y157.6 E891.90097
G1 X150.593 Y157.577 E891.92071
G1 X151.732 Y157.402 E891.95903
G1 X152.842 Y157.051 E891.99776
G1 X153.885 Y156.534 E892.03647
G1 X154.837 Y155.864 E892.07519
G1 X155.676 Y155.057 E892.11391
G0 F9000 X155.376 Y154.79
;TYPE:WALL-OUTER
G1 F2035.3 X156.044 Y153.914 E892.15055
G1 X156.571 Y152.945 E892.18724
G1 X156.943 Y151.908 E892.22388
G1 X157.153 Y150.826 E892.26054
G1 X157.195 Y149.724 E892.29722
G1 X157.069 Y148.629 E892.33388
G1 X156.777 Y147.566 E892.37055
G1 X156.326 Y146.56 E892.40721
G1 X155.727 Y145.634 E892.4439
G1 X154.993 Y144.811 E892.48057
G1 X154.142 Y144.11 E892.51724
G1 X153.195 Y143.547 E892.55389
G1 X152.173 Y143.135 E892.59054
G1 X151.1 Y142.884 E892.62719
G1 X150 Y142.799 E892.66388
G1 X148.9 Y142.884 E892.70058
G1 X147.827 Y143.135 E892.73723
G1 X146.805 Y143.547 E892.77388
G1 X145.858 Y144.11 E892.81052
G1 X145.007 Y144.811 E892.84719
G1 X144.273 Y145.634 E892.88387
G1 X143.674 Y146.56 E892.92055
G1 X143.223 Y147.566 E892.95722
G1 X142.931 Y148.629 E892.99389
G1 X142.805 Y149.724 E893.03055
G1 X142.847 Y150.826 E893.06723
G1 X143.057 Y151.908 E893.10389
G1 X143.429 Y152.945 E893.14053
G1 X143.956 Y153.914 E893.17722
G1 X144.624 Y154.79 E893.21386
G1 X145.418 Y155.555 E893.25053
G1 X146.32 Y156.189 E893.2872
G1 X147.308 Y156.679 E893.32388
G1 X148.359 Y157.011 E893.36054
G1 X149.445 Y157.178 E893.39708
G1 X150 Y157.2 E893.41556
G1 X150.555 Y157.178 E893.43403
G1 X151.641 Y157.011 E893.47058
G1 X152.692 Y156.679 E893.50723
G1 X153.68 Y156.189 E893.54391
G1 X154.582 Y155.555 E893.58058
G1 X155.376 Y154.79 E893.61726
G0 F9000 X155.704 Y155.082
G0 X156.163 Y155.56
G0 X156.444 Y155.843
G0 X156.663 Y156.047
;TYPE:WALL-INNER
G1 F2035.3 X155.821 Y156.86 E893.65619
G1 X154.914 Y157.538 E893.69385
G1 X153.908 Y158.106 E893.73227
G1 X152.836 Y158.539 E893.77073
G1 X151.721 Y158.832 E893.80907
G1 X150.565 Y158.981 E893.84784
G1 X150 Y159 E893.86664
G1 X149.435 Y158.981 E893.88544
G1 X148.279 Y158.832 E893.92421
G1 X147.164 Y158.539 E893.96255
G1 X146.092 Y158.106 E894.00101
G1 X145.086 Y157.538 E894.03943
G1 X144.179 Y156.86 E894.0771
G1 X143.337 Y156.047 E894.11603
G1 X142.616 Y155.143 E894.15448
G1 X142.026 Y154.168 E894.19239
G1 X141.555 Y153.107 E894.231
G1 X141.227 Y151.998 E894.26946
G1 X141.044 Y150.869 E894.3075
G1 X141.007 Y149.704 E894.34627
G1 X141.116 Y148.567 E894.38426
G1 X141.374 Y147.437 E894.42281
G1 X141.768 Y146.365 E894.4608
G1 X142.309 Y145.33 E894.49964
G1 X142.967 Y144.389 E894.53783
G1 X143.74 Y143.536 E894.57612
G1 X144.617 Y142.789 E894.61444
G1 X145.59 Y142.156 E894.65304
G1 X146.608 Y141.666 E894.69062
G1 X147.722 Y141.296 E894.72966
G1 X148.851 Y141.076 E894.76792
G1 X150 Y141.003 E894.80621
G1 X151.149 Y141.076 E894.84451
G1 X152.278 Y141.296 E894.88276
G1 X153.392 Y141.666 E894.92181
G1 X154.41 Y142.156 E894.95938
G1 X155.383 Y142.789 E894.99799
G1 X156.26 Y143.536 E895.03631
G1 X157.033 Y144.389 E895.07459
G1 X157.691 Y145.33 E895.11278
G1 X158.232 Y146.365 E895.15163
G1 X158.626 Y147.437 E895.18961
G1 X158.884 Y148.567 E895.22817
G1 X158.993 Y149.704 E895.26616
G1 X158.956 Y150.869 E895.30492
G1 X158.773 Y151.998 E895.34296
G1 X158.445 Y153.107 E895.38143
G1 X157.974 Y154.168 E895.42004
G1 X157.384 Y155.143 E895.45794
G1 X156.663 Y156.047 E895.4964
G0 F9000 X156.961 Y156.315
G1 F2035.3 X156.086 Y157.161 E895.53688
G1 X155.129 Y157.876 E895.57662
G1 X154.08 Y158.468 E895.61668
G1 X152.962 Y158.92 E895.65679
G1 X151.797 Y159.226 E895.69685
G1 X150.598 Y159.38 E895.73706
G1 X150 Y159.4 E895.75696
G1 X149.402 Y159.38 E895.77686
G1 X148.203 Y159.226 E895.81706
G1 X147.038 Y158.92 E895.85713
G1 X145.92 Y158.468 E895.89723
G1 X144.871 Y157.876 E895.9373
G1 X143.914 Y157.161 E895.97703
G1 X143.039 Y156.315 E896.01751
G1 X142.291 Y155.378 E896.05739
G1 X141.669 Y154.35 E896.09735
G1 X141.181 Y153.25 E896.13738
G1 X140.835 Y152.083 E896.17786
G1 X140.645 Y150.907 E896.21748
G1 X140.606 Y149.694 E896.25785
G1 X140.721 Y148.501 E896.29771
G1 X140.989 Y147.326 E896.33779
G1 X141.404 Y146.198 E896.37777
G1 X141.965 Y145.124 E896.41807
G1 X142.653 Y144.139 E896.45803
G1 X143.458 Y143.252 E896.49787
G1 X144.379 Y142.467 E896.53812
G1 X145.392 Y141.808 E896.57832
G1 X146.464 Y141.292 E896.61789
G1 X147.62 Y140.908 E896.6584
G1 X148.796 Y140.679 E896.69825
G1 X150 Y140.602 E896.73838
G1 X151.204 Y140.679 E896.7785
G1 X152.38 Y140.908 E896.81835
G1 X153.536 Y141.292 E896.85887
G1 X154.608 Y141.808 E896.89844
G1 X155.621 Y142.467 E896.93863
G1 X156.542 Y143.252 E896.97888
G1 X157.347 Y144.139 E897.01872
G1 X158.035 Y145.124 E897.05868
G1 X158.596 Y146.198 E897.09898
G1 X159.011 Y147.326 E897.13896
G1 X159.279 Y148.501 E897.17905
G1 X159.394 Y149.694 E897.21891
G1 X159.355 Y150.907 E897.25927
G1 X159.165 Y152.083 E897.29889
G1 X158.819 Y153.25 E897.33938
G1 X158.331 Y154.35 E897.3794
G1 X157.709 Y155.378 E897.41937
G1 X156.961 Y156.315 E897.45924
G0 F9000 X157.256 Y156.587
;TYPE:WALL-OUTER
G1 F2035.3 X156.351 Y157.462 E897.50111
G1 X155.344 Y158.214 E897.54291
G1 X154.252 Y158.83 E897.58462
G1 X153.088 Y159.301 E897.62638
G1 X151.873 Y159.62 E897.66816
G1 X150.631 Y159.779 E897.70981
G1 X150 Y159.8 E897.7308
G1 X149.369 Y159.779 E897.7518
G1 X148.127 Y159.62 E897.79345
G1 X146.912 Y159.301 E897.83523
G1 X145.748 Y158.83 E897.87699
G1 X144.656 Y158.214 E897.9187
G1 X143.649 Y157.462 E897.9605
G1 X142.744 Y156.587 E898.00237
G1 X141.963 Y155.608 E898.04402
G1 X141.312 Y154.532 E898.08585
G1 X140.804 Y153.386 E898.12754
G1 X140.445 Y152.175 E898.16955
G1 X140.246 Y150.945 E898.21099
G1 X140.205 Y149.684 E898.25296
G1 X140.326 Y148.436 E898.29466
G1 X140.604 Y147.215 E898.33631
G1 X141.04 Y146.031 E898.37827
G1 X141.621 Y144.918 E898.42003
G1 X142.339 Y143.889 E898.46177
G1 X143.18 Y142.963 E898.50337
G1 X144.137 Y142.148 E898.54518
G1 X145.194 Y141.46 E898.58713
G1 X146.32 Y140.918 E898.62869
G1 X147.518 Y140.52 E898.67068
G1 X148.741 Y140.282 E898.71212
G1 X150 Y140.201 E898.75408
G1 X151.259 Y140.282 E898.79604
G1 X152.482 Y140.52 E898.83748
G1 X153.68 Y140.918 E898.87947
G1 X154.806 Y141.46 E898.92103
G1 X155.863 Y142.148 E898.96298
G1 X156.82 Y142.963 E899.00479
G1 X157.661 Y143.889 E899.04639
G1 X158.379 Y144.918 E899.08812
G1 X158.96 Y146.031 E899.12988
G1 X159.396 Y147.215 E899.17185
G1 X159.674 Y148.436 E899.2135
G1 X159.795 Y149.684 E899.2552
G1 X159.754 Y150.945 E899.29716
G1 X159.555 Y152.175 E899.33861
G1 X159.196 Y153.386 E899.38062
G1 X158.688 Y154.532 E899.42231
G1 X158.037 Y155.608 E899.46414
G1 X157.256 Y156.587 E899.50579
G0 F9000 X156.931 Y156.292
G0 X156.444 Y155.843
G0 X158.239 Y152.746
G0 X158.449 Y152.809
;TYPE:FILL
G1 F3053 X158.326 Y152.733 E899.5106
G1 X157.771 Y152.205 E899.53608
G0 F9000 X157.978 Y152.279
G0 X158.188 Y150.948
G0 X158.213 Y150.234
G0 X158.175 Y148.617
G0 X157.956 Y148.641
G1 F3053 X158.326 Y148.54 E899.54884
G1 X158.755 Y148.361 E899.5643
G0 F9000 X158.54 Y148.409
G0 X157.241 Y146.061
G0 X156.557 Y145.001
G0 X155.715 Y144.059
G0 X154.744 Y143.259
G0 X153.865 Y142.736
G0 X152.533 Y142.096
G0 X152.451 Y142.299
G1 F3053 X152.908 Y141.615 E899.59166
G1 X152.927 Y141.597 E899.59253
G0 F9000 X152.858 Y141.804
G0 X150 Y141.755
G0 X149.645 Y141.783
G0 X147.836 Y142.004
G0 X147.885 Y142.218
G1 F3053 X147.49 Y141.627 E899.61617
G1 X147.408 Y141.486 E899.6216
G0 F9000 X147.476 Y141.694
G0 X145.256 Y143.259
G0 X144.471 Y143.907
G0 X143.356 Y145.023
G0 X143.541 Y145.143
G1 F3053 X143.276 Y145.07 E899.63074
G1 X142.674 Y145.032 E899.6508
G1 X142.573 Y145.094 E899.65474
G0 F9000 X142.753 Y145.22
G0 X141.907 Y148.431
G0 X141.765 Y149.686
G0 X141.802 Y150.707
G0 X142.179 Y152.717
G0 X142.387 Y152.644
G1 F3053 X142.072 Y153.187 E899.67562
G1 X141.763 Y153.378 E899.6877
G0 F9000 X141.965 Y153.29
G0 X142.678 Y154.665
G0 X142.489 Y154.778
G1 F3053 X142.674 Y154.664 E899.69493
G1 X143.276 Y154.702 E899.71499
G1 X143.496 Y154.762 E899.72258
G0 F9000 X143.321 Y154.894
G0 X144.61 Y156.21
G0 X146.342 Y157.427
G0 X146.44 Y157.23
G1 F3053 X146.888 Y158.003 E899.75229
G1 X147.49 Y158.375 E899.77583
G1 X148.092 Y158.337 E899.79589
G1 X148.694 Y158.172 E899.81665
G1 X149.08 Y158.011 E899.83056
G0 F9000 X149.026 Y158.326
;MESH:NONMESH
G0 F300 X149.026 Y158.326 Z16
G0 F9000 X150.652 Y158.213
G0 X151.879 Y158.025
G0 X153.083 Y157.645
G0 X154.211 Y157.086
G0 X155.048 Y156.496
G0 X156.182 Y155.541
G0 X155.975 Y155.324
;TIME_ELAPSED:1105.876493
;LAYER:79
;TYPE:WALL-INNER
;MESH:dannypart.STL
G1 F2028.7 X156.718 Y154.35 E899.87131
G1 X157.303 Y153.273 E899.91207
G1 X157.717 Y152.12 E899.95282
G1 X157.951 Y150.918 E899.99355
G1 X157.997 Y149.694 E900.03429
G1 X157.857 Y148.477 E900.07503
G1 X157.533 Y147.294 E900.11583
G1 X157.03 Y146.176 E900.1566
G1 X156.365 Y145.148 E900.19733
G1 X155.549 Y144.233 E900.2381
G1 X154.604 Y143.454 E900.27884
G1 X153.551 Y142.827 E900.3196
G1 X152.415 Y142.37 E900.36032
G1 X151.222 Y142.092 E900.40107
G1 X150 Y141.997 E900.44183
G1 X148.778 Y142.092 E900.4826
G1 X147.585 Y142.37 E900.52334
G1 X146.449 Y142.827 E900.56407
G1 X145.396 Y143.454 E900.60483
G1 X144.451 Y144.233 E900.64556
G1 X143.635 Y145.148 E900.68634
G1 X142.97 Y146.176 E900.72706
G1 X142.467 Y147.294 E900.76784
G1 X142.143 Y148.477 E900.80863
G1 X142.003 Y149.694 E900.84938
G1 X142.049 Y150.918 E900.89012
G1 X142.283 Y152.12 E900.93085
G1 X142.697 Y153.273 E900.97159
G1 X143.282 Y154.35 E901.01236
G1 X144.025 Y155.324 E901.0531
G1 X144.908 Y156.173 E901.09384
G1 X145.91 Y156.879 E901.13461
G1 X147.008 Y157.423 E901.17537
G1 X148.177 Y157.793 E901.21615
G1 X149.369 Y157.976 E901.25626
G1 X150 Y158 E901.27726
G1 X150.631 Y157.976 E901.29826
G1 X151.823 Y157.793 E901.33837
G1 X152.992 Y157.423 E901.37916
G1 X154.09 Y156.879 E901.41991
G1 X155.092 Y156.173 E901.46068
G1 X155.975 Y155.324 E901.50142
G0 F9000 X155.676 Y155.057
G1 F2028.7 X156.381 Y154.132 E901.54011
G1 X156.937 Y153.109 E901.57883
G1 X157.33 Y152.014 E901.61753
G1 X157.552 Y150.872 E901.65622
G1 X157.596 Y149.709 E901.69493
G1 X157.463 Y148.553 E901.73363
G1 X157.155 Y147.43 E901.77236
G1 X156.678 Y146.368 E901.81108
G1 X156.046 Y145.391 E901.84979
G1 X155.271 Y144.522 E901.88851
G1 X154.373 Y143.782 E901.92721
G1 X153.373 Y143.187 E901.96592
G1 X152.294 Y142.753 E902.0046
G1 X151.161 Y142.488 E902.0433
G1 X150 Y142.398 E902.08203
G1 X148.839 Y142.488 E902.12076
G1 X147.706 Y142.753 E902.15946
G1 X146.627 Y143.187 E902.19814
G1 X145.627 Y143.782 E902.23685
G1 X144.729 Y144.522 E902.27555
G1 X143.954 Y145.391 E902.31428
G1 X143.322 Y146.368 E902.35298
G1 X142.845 Y147.43 E902.3917
G1 X142.537 Y148.553 E902.43043
G1 X142.404 Y149.709 E902.46913
G1 X142.448 Y150.872 E902.50784
G1 X142.67 Y152.014 E902.54654
G1 X143.063 Y153.109 E902.58523
G1 X143.619 Y154.132 E902.62396
G1 X144.324 Y155.057 E902.66264
G1 X145.163 Y155.864 E902.70136
G1 X146.115 Y156.534 E902.74008
G1 X147.158 Y157.051 E902.77879
G1 X148.268 Y157.402 E902.81752
G1 X149.407 Y157.577 E902.85584
G1 X150 Y157.6 E902.87558
G1 X150.593 Y157.577 E902.89532
G1 X151.732 Y157.402 E902.93365
G1 X152.842 Y157.051 E902.97237
G1 X153.885 Y156.534 E903.01109
G1 X154.837 Y155.864 E903.0498
G1 X155.676 Y155.057 E903.08852
G0 F9000 X155.376 Y154.79
;TYPE:WALL-OUTER
G1 F2028.7 X156.044 Y153.914 E903.12516
G1 X156.571 Y152.945 E903.16185
G1 X156.943 Y151.908 E903.19849
G1 X157.153 Y150.826 E903.23515
G1 X157.195 Y149.724 E903.27183
G1 X157.069 Y148.629 E903.30849
G1 X156.777 Y147.566 E903.34516
G1 X156.326 Y146.56 E903.38183
G1 X155.727 Y145.634 E903.41851
G1 X154.993 Y144.811 E903.45519
G1 X154.142 Y144.11 E903.49186
G1 X153.195 Y143.547 E903.5285
G1 X152.173 Y143.135 E903.56515
G1 X151.1 Y142.884 E903.6018
G1 X150 Y142.799 E903.6385
G1 X148.9 Y142.884 E903.67519
G1 X147.827 Y143.135 E903.71184
G1 X146.805 Y143.547 E903.74849
G1 X145.858 Y144.11 E903.78514
G1 X145.007 Y144.811 E903.82181
G1 X144.273 Y145.634 E903.85848
G1 X143.674 Y146.56 E903.89517
G1 X143.223 Y147.566 E903.93183
G1 X142.931 Y148.629 E903.9685
G1 X142.805 Y149.724 E904.00516
G1 X142.847 Y150.826 E904.04184
G1 X143.057 Y151.908 E904.0785
G1 X143.429 Y152.945 E904.11514
G1 X143.956 Y153.914 E904.15183
G1 X144.624 Y154.79 E904.18847
G1 X145.418 Y155.555 E904.22514
G1 X146.32 Y156.189 E904.26181
G1 X147.308 Y156.679 E904.29849
G1 X148.359 Y157.011 E904.33515
G1 X149.445 Y157.178 E904.37169
G1 X150 Y157.2 E904.39017
G1 X150.555 Y157.178 E904.40864
G1 X151.641 Y157.011 E904.44519
G1 X152.692 Y156.679 E904.48185
G1 X153.68 Y156.189 E904.51853
G1 X154.582 Y155.555 E904.5552
G1 X155.376 Y154.79 E904.59187
G0 F9000 X155.704 Y155.082
G0 X156.163 Y155.56
G0 X156.444 Y155.843
G0 X156.663 Y156.047
;TYPE:WALL-INNER
G1 F2028.7 X155.821 Y156.86 E904.6308
G1 X154.914 Y157.538 E904.66846
G1 X153.908 Y158.106 E904.70689
G1 X152.836 Y158.539 E904.74534
G1 X151.721 Y158.832 E904.78368
G1 X150.565 Y158.981 E904.82245
G1 X150 Y159 E904.84125
G1 X149.435 Y158.981 E904.86006
G1 X148.279 Y158.832 E904.89882
G1 X147.164 Y158.539 E904.93717
G1 X146.092 Y158.106 E904.97562
G1 X145.086 Y157.538 E905.01404
G1 X144.179 Y156.86 E905.05171
G1 X143.337 Y156.047 E905.09064
G1 X142.616 Y155.143 E905.1291
G1 X142.026 Y154.168 E905.167
G1 X141.555 Y153.107 E905.20561
G1 X141.227 Y151.998 E905.24407
G1 X141.044 Y150.869 E905.28212
G1 X141.007 Y149.704 E905.32088
G1 X141.116 Y148.567 E905.35887
G1 X141.374 Y147.437 E905.39742
G1 X141.768 Y146.365 E905.43541
G1 X142.309 Y145.33 E905.47425
G1 X142.967 Y144.389 E905.51245
G1 X143.74 Y143.536 E905.55073
G1 X144.617 Y142.789 E905.58905
G1 X145.59 Y142.156 E905.62766
G1 X146.608 Y141.666 E905.66523
G1 X147.722 Y141.296 E905.70428
G1 X148.851 Y141.076 E905.74253
G1 X150 Y141.003 E905.78083
G1 X151.149 Y141.076 E905.81912
G1 X152.278 Y141.296 E905.85738
G1 X153.392 Y141.666 E905.89642
G1 X154.41 Y142.156 E905.93399
G1 X155.383 Y142.789 E905.9726
G1 X156.26 Y143.536 E906.01092
G1 X157.033 Y144.389 E906.04921
G1 X157.691 Y145.33 E906.0874
G1 X158.232 Y146.365 E906.12624
G1 X158.626 Y147.437 E906.16423
G1 X158.884 Y148.567 E906.20278
G1 X158.993 Y149.704 E906.24077
G1 X158.956 Y150.869 E906.27953
G1 X158.773 Y151.998 E906.31758
G1 X158.445 Y153.107 E906.35604
G1 X157.974 Y154.168 E906.39465
G1 X157.384 Y155.143 E906.43255
G1 X156.663 Y156.047 E906.47101
G0 F9000 X156.961 Y156.315
G1 F2028.7 X156.086 Y157.161 E906.51149
G1 X155.129 Y157.876 E906.55123
G1 X154.08 Y158.468 E906.59129
G1 X152.962 Y158.92 E906.6314
G1 X151.797 Y159.226 E906.67146
G1 X150.598 Y159.38 E906.71167
G1 X150 Y159.4 E906.73157
G1 X149.402 Y159.38 E906.75147
G1 X148.203 Y159.226 E906.79168
G1 X147.038 Y158.92 E906.83174
G1 X145.92 Y158.468 E906.87185
G1 X144.871 Y157.876 E906.91191
G1 X143.914 Y157.161 E906.95164
G1 X143.039 Y156.315 E906.99212
G1 X142.291 Y155.378 E907.032
G1 X141.669 Y154.35 E907.07196
G1 X141.181 Y153.25 E907.11199
G1 X140.835 Y152.083 E907.15247
G1 X140.645 Y150.907 E907.19209
G1 X140.606 Y149.694 E907.23246
G1 X140.721 Y148.501 E907.27232
G1 X140.989 Y147.326 E907.31241
G1 X141.404 Y146.198 E907.35238
G1 X141.965 Y145.124 E907.39268
G1 X142.653 Y144.139 E907.43264
G1 X143.458 Y143.252 E907.47248
G1 X144.379 Y142.467 E907.51273
G1 X145.392 Y141.808 E907.55293
G1 X146.464 Y141.292 E907.5925
G1 X147.62 Y140.908 E907.63301
G1 X148.796 Y140.679 E907.67286
G1 X150 Y140.602 E907.71299
G1 X151.204 Y140.679 E907.75312
G1 X152.38 Y140.908 E907.79297
G1 X153.536 Y141.292 E907.83348
G1 X154.608 Y141.808 E907.87305
G1 X155.621 Y142.467 E907.91324
G1 X156.542 Y143.252 E907.95349
G1 X157.347 Y144.139 E907.99333
G1 X158.035 Y145.124 E908.0333
G1 X158.596 Y146.198 E908.0736
G1 X159.011 Y147.326 E908.11357
G1 X159.279 Y148.501 E908.15366
G1 X159.394 Y149.694 E908.19352
G1 X159.355 Y150.907 E908.23389
G1 X159.165 Y152.083 E908.27351
G1 X158.819 Y153.25 E908.31399
G1 X158.331 Y154.35 E908.35402
G1 X157.709 Y155.378 E908.39398
G1 X156.961 Y156.315 E908.43386
G0 F9000 X157.256 Y156.587
;TYPE:WALL-OUTER
G1 F2028.7 X156.351 Y157.462 E908.47573
G1 X155.344 Y158.214 E908.51753
G1 X154.252 Y158.83 E908.55923
G1 X153.088 Y159.301 E908.60099
G1 X151.873 Y159.62 E908.64277
G1 X150.631 Y159.779 E908.68442
G1 X150 Y159.8 E908.70542
G1 X149.369 Y159.779 E908.72642
G1 X148.127 Y159.62 E908.76806
G1 X146.912 Y159.301 E908.80984
G1 X145.748 Y158.83 E908.85161
G1 X144.656 Y158.214 E908.89331
G1 X143.649 Y157.462 E908.93511
G1 X142.744 Y156.587 E908.97698
G1 X141.963 Y155.608 E909.01863
G1 X141.312 Y154.532 E909.06046
G1 X140.804 Y153.386 E909.10215
G1 X140.445 Y152.175 E909.14416
G1 X140.246 Y150.945 E909.1856
G1 X140.205 Y149.684 E909.22757
G1 X140.326 Y148.436 E909.26927
G1 X140.604 Y147.215 E909.31092
G1 X141.04 Y146.031 E909.35289
G1 X141.621 Y144.918 E909.39465
G1 X142.339 Y143.889 E909.43638
G1 X143.18 Y142.963 E909.47798
G1 X144.137 Y142.148 E909.51979
G1 X145.194 Y141.46 E909.56174
G1 X146.32 Y140.918 E909.6033
G1 X147.518 Y140.52 E909.64529
G1 X148.741 Y140.282 E909.68673
G1 X150 Y140.201 E909.72869
G1 X151.259 Y140.282 E909.77065
G1 X152.482 Y140.52 E909.81209
G1 X153.68 Y140.918 E909.85408
G1 X154.806 Y141.46 E909.89564
G1 X155.863 Y142.148 E909.93759
G1 X156.82 Y142.963 E909.9794
G1 X157.661 Y143.889 E910.021
G1 X158.379 Y144.918 E910.06274
G1 X158.96 Y146.031 E910.10449
G1 X159.396 Y147.215 E910.14646
G1 X159.674 Y148.436 E910.18811
G1 X159.795 Y149.684 E910.22981
G1 X159.754 Y150.945 E910.27178
G1 X159.555 Y152.175 E910.31322
G1 X159.196 Y153.386 E910.35523
G1 X158.688 Y154.532 E910.39692
G1 X158.037 Y155.608 E910.43875
G1 X157.256 Y156.587 E910.4804
G0 F9000 X156.931 Y156.292
G0 X156.444 Y155.843
G0 X158.245 Y152.727
G0 X158.454 Y152.79
;TYPE:FILL
G1 F3043.1 X158.326 Y152.724 E910.48519
G1 X157.751 Y152.26 E910.50977
G0 F9000 X157.958 Y152.334
G0 X158.188 Y150.948
G0 X158.225 Y149.927
G0 X158.147 Y148.4
G0 X157.934 Y148.457
G1 F3043.1 X158.326 Y148.406 E910.52292
G1 X158.736 Y148.277 E910.53721
G0 F9000 X158.521 Y148.325
G0 X157.241 Y146.061
G0 X156.557 Y145.001
G0 X155.715 Y144.059
G0 X154.744 Y143.259
G0 X153.658 Y142.612
G0 X152.486 Y142.141
G0 X151.256 Y141.855
G0 X150 Y141.755
G0 X149.289 Y141.811
G0 X147.743 Y142.026
G0 X147.792 Y142.24
G1 F3043.1 X147.49 Y141.872 E910.55305
G1 X147.249 Y141.538 E910.56674
G0 F9000 X147.317 Y141.747
G0 X145.256 Y143.259
G0 X144.471 Y143.907
G0 X143.248 Y145.192
G0 X143.432 Y145.311
G1 F3043.1 X143.276 Y145.291 E910.57198
G1 X142.674 Y145.388 E910.59226
G1 X142.163 Y145.783 E910.61374
G0 F9000 X142.357 Y145.885
G0 X141.907 Y148.431
G0 X141.765 Y149.686
G0 X141.802 Y150.707
G0 X142.097 Y152.488
G0 X142.305 Y152.415
G1 F3043.1 X142.072 Y152.738 E910.62698
G1 X141.631 Y153.079 E910.64553
G0 F9000 X141.838 Y153.006
G0 X142.837 Y154.927
G0 X142.648 Y155.04
G1 F3043.1 X142.674 Y155.02 E910.64662
G1 X143.276 Y154.923 E910.6669
G1 X143.655 Y154.972 E910.67961
G0 F9000 X143.48 Y155.104
G0 X144.754 Y156.357
G0 X145.339 Y156.77
G0 X146.676 Y157.592
G0 X146.774 Y157.395
G1 F3043.1 X146.888 Y157.554 E910.68612
G1 X147.49 Y158.019 E910.71142
G1 X148.092 Y158.116 E910.7317
G1 X148.694 Y158.038 E910.75189
G1 X148.879 Y157.98 E910.75833
G0 F9000 X148.825 Y158.3
;MESH:NONMESH
G0 F300 X148.825 Y158.3 Z16.2
G0 F9000 X150.652 Y158.213
G0 X151.879 Y158.025
G0 X153.083 Y157.645
G0 X154.211 Y157.086
G0 X155.048 Y156.496
G0 X156.182 Y155.541
G0 X155.975 Y155.324
;TIME_ELAPSED:1118.438245
;LAYER:80
;TYPE:WALL-INNER
;MESH:dannypart.STL
G1 F2037.5 X156.718 Y154.35 E910.79908
G1 X157.303 Y153.273 E910.83984
G1 X157.717 Y152.12 E910.88059
G1 X157.951 Y150.918 E910.92132
G1 X157.997 Y149.694 E910.96206
G1 X157.857 Y148.477 E911.0028
G1 X157.533 Y147.294 E911.0436
G1 X157.03 Y146.176 E911.08437
G1 X156.365 Y145.148 E911.1251
G1 X155.549 Y144.233 E911.16587
G1 X154.604 Y143.454 E911.20661
G1 X153.551 Y142.827 E911.24737
G1 X152.415 Y142.37 E911.28809
G1 X151.222 Y142.092 E911.32884
G1 X150 Y141.997 E911.3696
G1 X148.778 Y142.092 E911.41037
G1 X147.585 Y142.37 E911.45111
G1 X146.449 Y142.827 E911.49184
G1 X145.396 Y143.454 E911.5326
G1 X144.451 Y144.233 E911.57333
G1 X143.635 Y145.148 E911.61411
G1 X142.97 Y146.176 E911.65483
G1 X142.467 Y147.294 E911.69561
G1 X142.143 Y148.477 E911.7364
G1 X142.003 Y149.694 E911.77715
G1 X142.049 Y150.918 E911.81789
G1 X142.283 Y152.12 E911.85862
G1 X142.697 Y153.273 E911.89936
G1 X143.282 Y154.35 E911.94013
G1 X144.025 Y155.324 E911.98087
G1 X144.908 Y156.173 E912.02161
G1 X145.91 Y156.879 E912.06238
G1 X147.008 Y157.423 E912.10314
G1 X148.177 Y157.793 E912.14392
G1 X149.369 Y157.976 E912.18403
G1 X150 Y158 E912.20503
G1 X150.631 Y157.976 E912.22603
G1 X151.823 Y157.793 E912.26615
G1 X152.992 Y157.423 E912.30693
G1 X154.09 Y156.879 E912.34768
G1 X155.092 Y156.173 E912.38845
G1 X155.975 Y155.324 E912.42919
G0 F9000 X155.676 Y155.057
G1 F2037.5 X156.381 Y154.132 E912.46788
G1 X156.937 Y153.109 E912.5066
G1 X157.33 Y152.014 E912.5453
G1 X157.552 Y150.872 E912.58399
G1 X157.596 Y149.709 E912.6227
G1 X157.463 Y148.553 E912.6614
G1 X157.155 Y147.43 E912.70013
G1 X156.678 Y146.368 E912.73885
G1 X156.046 Y145.391 E912.77756
G1 X155.271 Y144.522 E912.81628
G1 X154.373 Y143.782 E912.85498
G1 X153.373 Y143.187 E912.89369
G1 X152.294 Y142.753 E912.93237
G1 X151.161 Y142.488 E912.97107
G1 X150 Y142.398 E913.0098
G1 X148.839 Y142.488 E913.04853
G1 X147.706 Y142.753 E913.08723
G1 X146.627 Y143.187 E913.12591
G1 X145.627 Y143.782 E913.16462
G1 X144.729 Y144.522 E913.20332
G1 X143.954 Y145.391 E913.24205
G1 X143.322 Y146.368 E913.28075
G1 X142.845 Y147.43 E913.31947
G1 X142.537 Y148.553 E913.3582
G1 X142.404 Y149.709 E913.3969
G1 X142.448 Y150.872 E913.43561
G1 X142.67 Y152.014 E913.47431
G1 X143.063 Y153.109 E913.513
G1 X143.619 Y154.132 E913.55173
G1 X144.324 Y155.057 E913.59041
G1 X145.163 Y155.864 E913.62913
G1 X146.115 Y156.534 E913.66785
G1 X147.158 Y157.051 E913.70656
G1 X148.268 Y157.402 E913.74529
G1 X149.407 Y157.577 E913.78361
G1 X150 Y157.6 E913.80335
G1 X150.593 Y157.577 E913.82309
G1 X151.732 Y157.402 E913.86142
G1 X152.842 Y157.051 E913.90014
G1 X153.885 Y156.534 E913.93886
G1 X154.837 Y155.864 E913.97758
G1 X155.676 Y155.057 E914.01629
G0 F9000 X155.376 Y154.79
;TYPE:WALL-OUTER
G1 F2037.5 X156.044 Y153.914 E914.05293
G1 X156.571 Y152.945 E914.08962
G1 X156.943 Y151.908 E914.12626
G1 X157.153 Y150.826 E914.16292
G1 X157.195 Y149.724 E914.1996
G1 X157.069 Y148.629 E914.23626
G1 X156.777 Y147.566 E914.27293
G1 X156.326 Y146.56 E914.3096
G1 X155.727 Y145.634 E914.34628
G1 X154.993 Y144.811 E914.38296
G1 X154.142 Y144.11 E914.41963
G1 X153.195 Y143.547 E914.45627
G1 X152.173 Y143.135 E914.49292
G1 X151.1 Y142.884 E914.52957
G1 X150 Y142.799 E914.56627
G1 X148.9 Y142.884 E914.60296
G1 X147.827 Y143.135 E914.63961
G1 X146.805 Y143.547 E914.67626
G1 X145.858 Y144.11 E914.71291
G1 X145.007 Y144.811 E914.74958
G1 X144.273 Y145.634 E914.78625
G1 X143.674 Y146.56 E914.82294
G1 X143.223 Y147.566 E914.8596
G1 X142.931 Y148.629 E914.89627
G1 X142.805 Y149.724 E914.93293
G1 X142.847 Y150.826 E914.96961
G1 X143.057 Y151.908 E915.00627
G1 X143.429 Y152.945 E915.04291
G1 X143.956 Y153.914 E915.0796
G1 X144.624 Y154.79 E915.11624
G1 X145.418 Y155.555 E915.15291
G1 X146.32 Y156.189 E915.18958
G1 X147.308 Y156.679 E915.22626
G1 X148.359 Y157.011 E915.26292
G1 X149.445 Y157.178 E915.29946
G1 X150 Y157.2 E915.31794
G1 X150.555 Y157.178 E915.33641
G1 X151.641 Y157.011 E915.37296
G1 X152.692 Y156.679 E915.40962
G1 X153.68 Y156.189 E915.4463
G1 X154.582 Y155.555 E915.48297
G1 X155.376 Y154.79 E915.51964
G0 F9000 X155.704 Y155.082
G0 X156.163 Y155.56
G0 X156.444 Y155.843
G0 X156.663 Y156.047
;TYPE:WALL-INNER
G1 F2037.5 X155.821 Y156.86 E915.55857
G1 X154.914 Y157.538 E915.59623
G1 X153.908 Y158.106 E915.63466
G1 X152.836 Y158.539 E915.67311
G1 X151.721 Y158.832 E915.71145
G1 X150.565 Y158.981 E915.75022
G1 X150 Y159 E915.76902
G1 X149.435 Y158.981 E915.78783
G1 X148.279 Y158.832 E915.82659
G1 X147.164 Y158.539 E915.86494
G1 X146.092 Y158.106 E915.90339
G1 X145.086 Y157.538 E915.94181
G1 X144.179 Y156.86 E915.97948
G1 X143.337 Y156.047 E916.01841
G1 X142.616 Y155.143 E916.05687
G1 X142.026 Y154.168 E916.09477
G1 X141.555 Y153.107 E916.13338
G1 X141.227 Y151.998 E916.17184
G1 X141.044 Y150.869 E916.20989
G1 X141.007 Y149.704 E916.24865
G1 X141.116 Y148.567 E916.28664
G1 X141.374 Y147.437 E916.32519
G1 X141.768 Y146.365 E916.36318
G1 X142.309 Y145.33 E916.40202
G1 X142.967 Y144.389 E916.44022
G1 X143.74 Y143.536 E916.4785
G1 X144.617 Y142.789 E916.51682
G1 X145.59 Y142.156 E916.55543
G1 X146.608 Y141.666 E916.593
G1 X147.722 Y141.296 E916.63205
G1 X148.851 Y141.076 E916.6703
G1 X150 Y141.003 E916.7086
G1 X151.149 Y141.076 E916.74689
G1 X152.278 Y141.296 E916.78515
G1 X153.392 Y141.666 E916.82419
G1 X154.41 Y142.156 E916.86176
G1 X155.383 Y142.789 E916.90037
G1 X156.26 Y143.536 E916.93869
G1 X157.033 Y144.389 E916.97698
G1 X157.691 Y145.33 E917.01517
G1 X158.232 Y146.365 E917.05401
G1 X158.626 Y147.437 E917.092
G1 X158.884 Y148.567 E917.13055
G1 X158.993 Y149.704 E917.16854
G1 X158.956 Y150.869 E917.2073
G1 X158.773 Y151.998 E917.24535
G1 X158.445 Y153.107 E917.28381
G1 X157.974 Y154.168 E917.32242
G1 X157.384 Y155.143 E917.36032
G1 X156.663 Y156.047 E917.39878
G0 F9000 X156.961 Y156.315
G1 F2037.5 X156.086 Y157.161 E917.43926
G1 X155.129 Y157.876 E917.479
G1 X154.08 Y158.468 E917.51906
G1 X152.962 Y158.92 E917.55917
G1 X151.797 Y159.226 E917.59923
G1 X150.598 Y159.38 E917.63944
G1 X150 Y159.4 E917.65934
G1 X149.402 Y159.38 E917.67924
G1 X148.203 Y159.226 E917.71945
G1 X147.038 Y158.92 E917.75951
G1 X145.92 Y158.468 E917.79962
G1 X144.871 Y157.876 E917.83968
G1 X143.914 Y157.161 E917.87941
G1 X143.039 Y156.315 E917.91989
G1 X142.291 Y155.378 E917.95977
G1 X141.669 Y154.35 E917.99973
G1 X141.181 Y153.25 E918.03976
G1 X140.835 Y152.083 E918.08024
G1 X140.645 Y150.907 E918.11986
G1 X140.606 Y149.694 E918.16023
G1 X140.721 Y148.501 E918.20009
G1 X140.989 Y147.326 E918.24018
G1 X141.404 Y146.198 E918.28015
G1 X141.965 Y145.124 E918.32045
G1 X142.653 Y144.139 E918.36041
G1 X143.458 Y143.252 E918.40025
G1 X144.379 Y142.467 E918.4405
G1 X145.392 Y141.808 E918.4807
G1 X146.464 Y141.292 E918.52027
G1 X147.62 Y140.908 E918.56078
G1 X148.796 Y140.679 E918.60063
G1 X150 Y140.602 E918.64076
G1 X151.204 Y140.679 E918.68089
G1 X152.38 Y140.908 E918.72074
G1 X153.536 Y141.292 E918.76125
G1 X154.608 Y141.808 E918.80082
G1 X155.621 Y142.467 E918.84101
G1 X156.542 Y143.252 E918.88126
G1 X157.347 Y144.139 E918.9211
G1 X158.035 Y145.124 E918.96107
G1 X158.596 Y146.198 E919.00137
G1 X159.011 Y147.326 E919.04134
G1 X159.279 Y148.501 E919.08143
G1 X159.394 Y149.694 E919.12129
G1 X159.355 Y150.907 E919.16166
G1 X159.165 Y152.083 E919.20128
G1 X158.819 Y153.25 E919.24176
G1 X158.331 Y154.35 E919.28179
G1 X157.709 Y155.378 E919.32175
G1 X156.961 Y156.315 E919.36163
G0 F9000 X157.256 Y156.587
;TYPE:WALL-OUTER
G1 F2037.5 X156.351 Y157.462 E919.4035
G1 X155.344 Y158.214 E919.4453
G1 X154.252 Y158.83 E919.487
G1 X153.088 Y159.301 E919.52876
G1 X151.873 Y159.62 E919.57054
G1 X150.631 Y159.779 E919.61219
G1 X150 Y159.8 E919.63319
G1 X149.369 Y159.779 E919.65419
G1 X148.127 Y159.62 E919.69583
G1 X146.912 Y159.301 E919.73761
G1 X145.748 Y158.83 E919.77938
G1 X144.656 Y158.214 E919.82108
G1 X143.649 Y157.462 E919.86288
G1 X142.744 Y156.587 E919.90475
G1 X141.963 Y155.608 E919.9464
G1 X141.312 Y154.532 E919.98823
G1 X140.804 Y153.386 E920.02992
G1 X140.445 Y152.175 E920.07193
G1 X140.246 Y150.945 E920.11337
G1 X140.205 Y149.684 E920.15534
G1 X140.326 Y148.436 E920.19704
G1 X140.604 Y147.215 E920.23869
G1 X141.04 Y146.031 E920.28066
G1 X141.621 Y144.918 E920.32242
G1 X142.339 Y143.889 E920.36415
G1 X143.18 Y142.963 E920.40575
G1 X144.137 Y142.148 E920.44756
G1 X145.194 Y141.46 E920.48951
G1 X146.32 Y140.918 E920.53107
G1 X147.518 Y140.52 E920.57306
G1 X148.741 Y140.282 E920.6145
G1 X150 Y140.201 E920.65646
G1 X151.259 Y140.282 E920.69842
G1 X152.482 Y140.52 E920.73986
G1 X153.68 Y140.918 E920.78185
G1 X154.806 Y141.46 E920.82341
G1 X155.863 Y142.148 E920.86536
G1 X156.82 Y142.963 E920.90717
G1 X157.661 Y143.889 E920.94877
G1 X158.379 Y144.918 E920.99051
G1 X158.96 Y146.031 E921.03226
G1 X159.396 Y147.215 E921.07423
G1 X159.674 Y148.436 E921.11588
G1 X159.795 Y149.684 E921.15758
G1 X159.754 Y150.945 E921.19955
G1 X159.555 Y152.175 E921.24099
G1 X159.196 Y153.386 E921.283
G1 X158.688 Y154.532 E921.32469
G1 X158.037 Y155.608 E921.36652
G1 X157.256 Y156.587 E921.40817
G0 F9000 X156.931 Y156.292
G0 X155.98 Y156.595
;TYPE:FILL
G1 F3056.2 X155.918 Y156.521 E921.41138
G1 X155.4 Y155.988 E921.43611
G0 F9000 X155.552 Y156.147
G0 X156.156 Y155.482
G0 X156.916 Y154.484
G0 X157.26 Y153.851
G0 X157.934 Y152.399
G0 X157.728 Y152.325
G1 F3056.2 X158.326 Y152.731 E921.46015
G1 X158.456 Y152.785 E921.46483
G0 F9000 X158.246 Y152.722
G0 X158.238 Y150.264
G0 X158.102 Y148.236
G0 X157.889 Y148.294
G1 F3056.2 X158.326 Y148.291 E921.47936
G1 X158.72 Y148.208 E921.49275
G0 F9000 X158.505 Y148.256
G0 X157.241 Y146.061
G0 X156.557 Y145.001
G0 X155.715 Y144.059
G0 X154.744 Y143.259
G0 X153.865 Y142.736
G0 X152.224 Y142.019
G0 X152.174 Y142.232
G1 F3056.2 X152.306 Y142.073 E921.49963
G1 X152.807 Y141.557 E921.52355
G0 F9000 X152.738 Y141.764
G0 X150 Y141.755
G0 X149.289 Y141.811
G0 X147.631 Y142.052
G0 X147.68 Y142.266
G1 F3056.2 X147.49 Y142.07 E921.53263
G1 X147.092 Y141.591 E921.55334
G0 F9000 X147.16 Y141.799
G0 X144.285 Y144.059
G0 X143.139 Y145.361
G0 X143.323 Y145.48
G1 F3056.2 X143.276 Y145.48 E921.55491
G1 X142.674 Y145.666 E921.57586
G1 X142.072 Y146.161 E921.60178
G1 X141.814 Y146.471 E921.6152
G0 F9000 X142.02 Y146.547
G0 X141.765 Y149.686
G0 X141.802 Y150.707
G0 X142.03 Y152.303
G0 X142.238 Y152.23
G1 F3056.2 X142.072 Y152.43 E921.62384
G1 X141.563 Y152.849 E921.64577
G0 F9000 X141.774 Y152.787
G0 X142.981 Y155.12
G0 X142.809 Y155.256
G1 F3056.2 X143.276 Y155.112 E921.66202
G1 X143.764 Y155.115 E921.67826
G0 F9000 X143.589 Y155.247
G0 X144.754 Y156.357
G0 X145.591 Y156.947
G0 X147.261 Y157.817
G0 X147.328 Y157.608
G1 F3056.2 X147.49 Y157.741 E921.68523
G1 X148.092 Y157.927 E921.70618
G1 X148.514 Y157.924 E921.72022
G0 F9000 X148.459 Y158.253
;MESH:NONMESH
G0 F300 X148.459 Y158.253 Z16.4
G0 F9000 X150.652 Y158.213
G0 X151.879 Y158.025
G0 X153.083 Y157.645
G0 X154.211 Y157.086
G0 X155.048 Y156.496
G0 X156.182 Y155.541
G0 X155.975 Y155.324
;TIME_ELAPSED:1131.311667
;LAYER:81
;TYPE:WALL-INNER
;MESH:dannypart.STL
G1 F2400 X156.718 Y154.35 E921.76096
G1 X157.303 Y153.273 E921.80173
G1 X157.717 Y152.12 E921.84248
G1 X157.951 Y150.918 E921.8832
G1 X157.997 Y149.694 E921.92394
G1 X157.857 Y148.477 E921.96469
G1 X157.533 Y147.294 E922.00548
G1 X157.03 Y146.176 E922.04626
G1 X156.365 Y145.148 E922.08698
G1 X155.549 Y144.233 E922.12776
G1 X154.604 Y143.454 E922.16849
G1 X153.551 Y142.827 E922.20925
G1 X152.415 Y142.37 E922.24998
G1 X151.222 Y142.092 E922.29072
G1 X150 Y141.997 E922.33149
G1 X148.778 Y142.092 E922.37225
G1 X147.585 Y142.37 E922.413
G1 X146.449 Y142.827 E922.45372
G1 X145.396 Y143.454 E922.49448
G1 X144.451 Y144.233 E922.53522
G1 X143.635 Y145.148 E922.57599
G1 X142.97 Y146.176 E922.61672
G1 X142.467 Y147.294 E922.65749
G1 X142.143 Y148.477 E922.69829
G1 X142.003 Y149.694 E922.73903
G1 X142.049 Y150.918 E922.77977
G1 X142.283 Y152.12 E922.8205
G1 X142.697 Y153.273 E922.86125
G1 X143.282 Y154.35 E922.90201
G1 X144.025 Y155.324 E922.94276
G1 X144.908 Y156.173 E922.9835
G1 X145.91 Y156.879 E923.02427
G1 X147.008 Y157.423 E923.06502
G1 X148.177 Y157.793 E923.1058
G1 X149.369 Y157.976 E923.14591
G1 X150 Y158 E923.16692
G1 X150.631 Y157.976 E923.18792
G1 X151.823 Y157.793 E923.22803
G1 X152.992 Y157.423 E923.26881
G1 X154.09 Y156.879 E923.30957
G1 X155.092 Y156.173 E923.35034
G1 X155.975 Y155.324 E923.39108
G0 F9000 X155.676 Y155.057
G1 F2400 X156.381 Y154.132 E923.42976
G1 X156.937 Y153.109 E923.46849
G1 X157.33 Y152.014 E923.50718
G1 X157.552 Y150.872 E923.54588
G1 X157.596 Y149.709 E923.58458
G1 X157.463 Y148.553 E923.62329
G1 X157.155 Y147.43 E923.66202
G1 X156.678 Y146.368 E923.70074
G1 X156.046 Y145.391 E923.73944
G1 X155.271 Y144.522 E923.77817
G1 X154.373 Y143.782 E923.81687
G1 X153.373 Y143.187 E923.85557
G1 X152.294 Y142.753 E923.89425
G1 X151.161 Y142.488 E923.93296
G1 X150 Y142.398 E923.97169
G1 X148.839 Y142.488 E924.01042
G1 X147.706 Y142.753 E924.04912
G1 X146.627 Y143.187 E924.0878
G1 X145.627 Y143.782 E924.1265
G1 X144.729 Y144.522 E924.1652
G1 X143.954 Y145.391 E924.20393
G1 X143.322 Y146.368 E924.24263
G1 X142.845 Y147.43 E924.28135
G1 X142.537 Y148.553 E924.32008
G1 X142.404 Y149.709 E924.35879
G1 X142.448 Y150.872 E924.3975
G1 X142.67 Y152.014 E924.43619
G1 X143.063 Y153.109 E924.47488
G1 X143.619 Y154.132 E924.51361
G1 X144.324 Y155.057 E924.55229
G1 X145.163 Y155.864 E924.59101
G1 X146.115 Y156.534 E924.62973
G1 X147.158 Y157.051 E924.66845
G1 X148.268 Y157.402 E924.70717
G1 X149.407 Y157.577 E924.7455
G1 X150 Y157.6 E924.76524
G1 X150.593 Y157.577 E924.78497
G1 X151.732 Y157.402 E924.8233
G1 X152.842 Y157.051 E924.86202
G1 X153.885 Y156.534 E924.90074
G1 X154.837 Y155.864 E924.93946
G1 X155.676 Y155.057 E924.97818
G0 F9000 X155.376 Y154.79
;TYPE:WALL-OUTER
G1 F2400 X156.044 Y153.914 E925.01482
G1 X156.571 Y152.945 E925.05151
G1 X156.943 Y151.908 E925.08815
G1 X157.153 Y150.826 E925.12481
G1 X157.195 Y149.724 E925.16149
G1 X157.069 Y148.629 E925.19815
G1 X156.777 Y147.566 E925.23481
G1 X156.326 Y146.56 E925.27148
G1 X155.727 Y145.634 E925.30816
G1 X154.993 Y144.811 E925.34484
G1 X154.142 Y144.11 E925.38151
G1 X153.195 Y143.547 E925.41815
G1 X152.173 Y143.135 E925.4548
G1 X151.1 Y142.884 E925.49146
G1 X150 Y142.799 E925.52815
G1 X148.9 Y142.884 E925.56485
G1 X147.827 Y143.135 E925.6015
G1 X146.805 Y143.547 E925.63815
G1 X145.858 Y144.11 E925.67479
G1 X145.007 Y144.811 E925.71146
G1 X144.273 Y145.634 E925.74814
G1 X143.674 Y146.56 E925.78482
G1 X143.223 Y147.566 E925.82149
G1 X142.931 Y148.629 E925.85815
G1 X142.805 Y149.724 E925.89481
G1 X142.847 Y150.826 E925.93149
G1 X143.057 Y151.908 E925.96815
G1 X143.429 Y152.945 E926.0048
G1 X143.956 Y153.914 E926.04148
G1 X144.624 Y154.79 E926.07812
G1 X145.418 Y155.555 E926.11479
G1 X146.32 Y156.189 E926.15146
G1 X147.308 Y156.679 E926.18815
G1 X148.359 Y157.011 E926.2248
G1 X149.445 Y157.178 E926.26135
G1 X150 Y157.2 E926.27982
G1 X150.555 Y157.178 E926.2983
G1 X151.641 Y157.011 E926.33484
G1 X152.692 Y156.679 E926.3715
G1 X153.68 Y156.189 E926.40818
G1 X154.582 Y155.555 E926.44485
G1 X155.376 Y154.79 E926.48152
G0 F9000 X155.704 Y155.082
G0 X156.663 Y156.047
;TYPE:WALL-INNER
G1 F2400 X155.821 Y156.86 E926.52045
G1 X154.914 Y157.538 E926.55812
G1 X153.908 Y158.106 E926.59654
G1 X152.836 Y158.539 E926.63499
G1 X151.721 Y158.832 E926.67334
G1 X150.565 Y158.981 E926.71211
G1 X150 Y159 E926.73091
G1 X149.435 Y158.981 E926.74971
G1 X148.279 Y158.832 E926.78848
G1 X147.164 Y158.539 E926.82682
G1 X146.092 Y158.106 E926.86527
G1 X145.086 Y157.538 E926.9037
G1 X144.179 Y156.86 E926.94136
G1 X143.337 Y156.047 E926.98029
G1 X142.616 Y155.143 E927.01875
G1 X142.026 Y154.168 E927.05666
G1 X141.555 Y153.107 E927.09526
G1 X141.227 Y151.998 E927.13373
G1 X141.044 Y150.869 E927.17177
G1 X141.007 Y149.704 E927.21054
G1 X141.116 Y148.567 E927.24853
G1 X141.374 Y147.437 E927.28708
G1 X141.768 Y146.365 E927.32507
G1 X142.309 Y145.33 E927.36391
G1 X142.967 Y144.389 E927.4021
G1 X143.74 Y143.536 E927.44039
G1 X144.617 Y142.789 E927.4787
G1 X145.59 Y142.156 E927.51731
G1 X146.608 Y141.666 E927.55489
G1 X147.722 Y141.296 E927.59393
G1 X148.851 Y141.076 E927.63219
G1 X150 Y141.003 E927.67048
G1 X151.149 Y141.076 E927.70877
G1 X152.278 Y141.296 E927.74703
G1 X153.392 Y141.666 E927.78607
G1 X154.41 Y142.156 E927.82365
G1 X155.383 Y142.789 E927.86226
G1 X156.26 Y143.536 E927.90057
G1 X157.033 Y144.389 E927.93886
G1 X157.691 Y145.33 E927.97705
G1 X158.232 Y146.365 E928.01589
G1 X158.626 Y147.437 E928.05388
G1 X158.884 Y148.567 E928.09243
G1 X158.993 Y149.704 E928.13042
G1 X158.956 Y150.869 E928.16919
G1 X158.773 Y151.998 E928.20723
G1 X158.445 Y153.107 E928.2457
G1 X157.974 Y154.168 E928.28431
G1 X157.384 Y155.143 E928.32221
G1 X156.663 Y156.047 E928.36067
G0 F9000 X156.961 Y156.315
G1 F2400 X156.086 Y157.161 E928.40115
G1 X155.129 Y157.876 E928.44088
G1 X154.08 Y158.468 E928.48094
G1 X152.962 Y158.92 E928.52105
G1 X151.797 Y159.226 E928.56112
G1 X150.598 Y159.38 E928.60132
G1 X150 Y159.4 E928.62122
G1 X149.402 Y159.38 E928.64112
G1 X148.203 Y159.226 E928.68133
G1 X147.038 Y158.92 E928.72139
G1 X145.92 Y158.468 E928.7615
G1 X144.871 Y157.876 E928.80156
G1 X143.914 Y157.161 E928.8413
G1 X143.039 Y156.315 E928.88178
G1 X142.291 Y155.378 E928.92165
G1 X141.669 Y154.35 E928.96162
G1 X141.181 Y153.25 E929.00164
G1 X140.835 Y152.083 E929.04213
G1 X140.645 Y150.907 E929.08175
G1 X140.606 Y149.694 E929.12211
G1 X140.721 Y148.501 E929.16198
G1 X140.989 Y147.326 E929.20206
G1 X141.404 Y146.198 E929.24204
G1 X141.965 Y145.124 E929.28234
G1 X142.653 Y144.139 E929.3223
G1 X143.458 Y143.252 E929.36214
G1 X144.379 Y142.467 E929.40239
G1 X145.392 Y141.808 E929.44258
G1 X146.464 Y141.292 E929.48215
G1 X147.62 Y140.908 E929.52267
G1 X148.796 Y140.679 E929.56252
G1 X150 Y140.602 E929.60264
G1 X151.204 Y140.679 E929.64277
G1 X152.38 Y140.908 E929.68262
G1 X153.536 Y141.292 E929.72313
G1 X154.608 Y141.808 E929.7627
G1 X155.621 Y142.467 E929.8029
G1 X156.542 Y143.252 E929.84315
G1 X157.347 Y144.139 E929.88299
G1 X158.035 Y145.124 E929.92295
G1 X158.596 Y146.198 E929.96325
G1 X159.011 Y147.326 E930.00323
G1 X159.279 Y148.501 E930.04331
G1 X159.394 Y149.694 E930.08318
G1 X159.355 Y150.907 E930.12354
G1 X159.165 Y152.083 E930.16316
G1 X158.819 Y153.25 E930.20365
G1 X158.331 Y154.35 E930.24367
G1 X157.709 Y155.378 E930.28363
G1 X156.961 Y156.315 E930.32351
G0 F9000 X157.256 Y156.587
;TYPE:WALL-OUTER
G1 F2400 X156.351 Y157.462 E930.36538
G1 X155.344 Y158.214 E930.40718
G1 X154.252 Y158.83 E930.44888
G1 X153.088 Y159.301 E930.49065
G1 X151.873 Y159.62 E930.53243
G1 X150.631 Y159.779 E930.57407
G1 X150 Y159.8 E930.59507
G1 X149.369 Y159.779 E930.61607
G1 X148.127 Y159.62 E930.65772
G1 X146.912 Y159.301 E930.6995
G1 X145.748 Y158.83 E930.74126
G1 X144.656 Y158.214 E930.78296
G1 X143.649 Y157.462 E930.82476
G1 X142.744 Y156.587 E930.86663
G1 X141.963 Y155.608 E930.90829
G1 X141.312 Y154.532 E930.95011
G1 X140.804 Y153.386 E930.99181
G1 X140.445 Y152.175 E931.03382
G1 X140.246 Y150.945 E931.07526
G1 X140.205 Y149.684 E931.11722
G1 X140.326 Y148.436 E931.15893
G1 X140.604 Y147.215 E931.20058
G1 X141.04 Y146.031 E931.24254
G1 X141.621 Y144.918 E931.2843
G1 X142.339 Y143.889 E931.32603
G1 X143.18 Y142.963 E931.36764
G1 X144.137 Y142.148 E931.40945
G1 X145.194 Y141.46 E931.45139
G1 X146.32 Y140.918 E931.49296
G1 X147.518 Y140.52 E931.53494
G1 X148.741 Y140.282 E931.57638
G1 X150 Y140.201 E931.61835
G1 X151.259 Y140.282 E931.66031
G1 X152.482 Y140.52 E931.70175
G1 X153.68 Y140.918 E931.74373
G1 X154.806 Y141.46 E931.7853
G1 X155.863 Y142.148 E931.82724
G1 X156.82 Y142.963 E931.86905
G1 X157.661 Y143.889 E931.91066
G1 X158.379 Y144.918 E931.95239
G1 X158.96 Y146.031 E931.99415
G1 X159.396 Y147.215 E932.03612
G1 X159.674 Y148.436 E932.07777
G1 X159.795 Y149.684 E932.11947
G1 X159.754 Y150.945 E932.16143
G1 X159.555 Y152.175 E932.20287
G1 X159.196 Y153.386 E932.24488
G1 X158.688 Y154.532 E932.28658
G1 X158.037 Y155.608 E932.32841
G1 X157.256 Y156.587 E932.37006
G0 F9000 X156.931 Y156.292
G0 X156.376 Y155.782
;TYPE:SKIN
G1 F1800 X155.565 Y156.564 E932.40753
G1 X154.695 Y157.215 E932.44367
G1 X153.741 Y157.754 E932.48011
G1 X152.716 Y158.167 E932.51687
G1 X151.642 Y158.45 E932.55381
G1 X150.544 Y158.591 E932.59063
G1 X150 Y158.61 E932.60873
G1 X149.456 Y158.591 E932.62684
G1 X148.358 Y158.45 E932.66366
G1 X147.284 Y158.167 E932.7006
G1 X146.259 Y157.754 E932.73735
G1 X145.305 Y157.215 E932.7738
G1 X144.435 Y156.564 E932.80994
G1 X143.624 Y155.782 E932.84741
G1 X142.939 Y154.922 E932.88398
G1 X142.373 Y153.987 E932.92033
G1 X141.922 Y152.97 E932.95733
G1 X141.608 Y151.91 E932.9941
G1 X141.434 Y150.833 E933.03039
G1 X141.397 Y149.713 E933.06766
G1 X141.502 Y148.63 E933.10385
G1 X141.748 Y147.55 E933.14069
G1 X142.126 Y146.52 E933.17718
G1 X142.639 Y145.54 E933.21397
G1 X143.276 Y144.63 E933.25092
G1 X144.011 Y143.817 E933.28737
G1 X144.85 Y143.103 E933.32401
G1 X145.787 Y142.493 E933.3612
G1 X146.752 Y142.029 E933.39682
G1 X147.827 Y141.672 E933.43449
G1 X148.888 Y141.466 E933.47044
G1 X150 Y141.395 E933.5075
G1 X151.112 Y141.466 E933.54456
G1 X152.173 Y141.672 E933.58051
G1 X153.248 Y142.029 E933.61818
G1 X154.213 Y142.493 E933.6538
G1 X155.15 Y143.103 E933.69098
G1 X155.989 Y143.817 E933.72762
G1 X156.724 Y144.63 E933.76408
G1 X157.361 Y145.54 E933.80102
G1 X157.874 Y146.52 E933.83781
G1 X158.252 Y147.55 E933.87431
G1 X158.498 Y148.63 E933.91115
G1 X158.603 Y149.713 E933.94734
G1 X158.566 Y150.833 E933.98461
G1 X158.392 Y151.91 E934.02089
G1 X158.078 Y152.97 E934.05766
G1 X157.627 Y153.987 E934.09467
G1 X157.061 Y154.922 E934.13102
G1 X156.376 Y155.782 E934.16759
G0 F9000 X156.267 Y155.585
G1 F1800 X157.046 Y154.563 E934.21033
G1 X157.66 Y153.433 E934.2531
G1 X158.094 Y152.224 E934.29582
G1 X158.339 Y150.963 E934.33855
G1 X158.387 Y149.679 E934.38129
G1 X158.241 Y148.403 E934.424
G1 X157.901 Y147.162 E934.4668
G1 X157.373 Y145.989 E934.50958
G1 X156.677 Y144.911 E934.55226
G1 X155.82 Y143.951 E934.59506
G1 X154.829 Y143.134 E934.63778
G1 X153.725 Y142.476 E934.68053
G1 X152.532 Y141.997 E934.72329
G1 X151.282 Y141.706 E934.76597
G1 X150 Y141.605 E934.80874
G1 X148.718 Y141.706 E934.85152
G1 X147.468 Y141.997 E934.8942
G1 X146.275 Y142.476 E934.93696
G1 X145.171 Y143.134 E934.97971
G1 X144.18 Y143.951 E935.02243
G1 X143.323 Y144.911 E935.06523
G1 X142.627 Y145.989 E935.10791
G1 X142.099 Y147.162 E935.15069
G1 X141.759 Y148.403 E935.19349
G1 X141.613 Y149.679 E935.2362
G1 X141.661 Y150.963 E935.27894
G1 X141.906 Y152.224 E935.32166
G1 X142.34 Y153.433 E935.36439
G1 X142.954 Y154.563 E935.40716
G1 X143.733 Y155.585 E935.4499
G1 X144.659 Y156.475 E935.49262
G1 X145.71 Y157.215 E935.53537
G1 X146.862 Y157.786 E935.57814
G1 X148.088 Y158.174 E935.62091
G1 X149.332 Y158.364 E935.66276
G1 X150 Y158.39 E935.685
G1 X150.668 Y158.364 E935.70723
G1 X151.912 Y158.174 E935.74909
G1 X153.138 Y157.786 E935.79186
G1 X154.29 Y157.215 E935.83462
G1 X155.341 Y156.475 E935.87737
G1 X156.267 Y155.585 E935.92009
;MESH:NONMESH
G0 F300 X156.267 Y155.585 Z16.6
G0 F9000 X155.975 Y155.324
;TIME_ELAPSED:1143.782618
;LAYER:82
;TYPE:WALL-INNER
;MESH:dannypart.STL
G1 F2400 X156.718 Y154.35 E935.96084
G1 X157.303 Y153.273 E936.0016
G1 X157.717 Y152.12 E936.04235
G1 X157.951 Y150.918 E936.08308
G1 X157.997 Y149.694 E936.12382
G1 X157.857 Y148.477 E936.16456
G1 X157.533 Y147.294 E936.20536
G1 X157.03 Y146.176 E936.24613
G1 X156.365 Y145.148 E936.28685
G1 X155.549 Y144.233 E936.32763
G1 X154.604 Y143.454 E936.36836
G1 X153.551 Y142.827 E936.40912
G1 X152.415 Y142.37 E936.44985
G1 X151.222 Y142.092 E936.49059
G1 X150 Y141.997 E936.53136
G1 X148.778 Y142.092 E936.57213
G1 X147.585 Y142.37 E936.61287
G1 X146.449 Y142.827 E936.65359
G1 X145.396 Y143.454 E936.69436
G1 X144.451 Y144.233 E936.73509
G1 X143.635 Y145.148 E936.77587
G1 X142.97 Y146.176 E936.81659
G1 X142.467 Y147.294 E936.85736
G1 X142.143 Y148.477 E936.89816
G1 X142.003 Y149.694 E936.9389
G1 X142.049 Y150.918 E936.97964
G1 X142.283 Y152.12 E937.02037
G1 X142.697 Y153.273 E937.06112
G1 X143.282 Y154.35 E937.10188
G1 X144.025 Y155.324 E937.14263
G1 X144.908 Y156.173 E937.18337
G1 X145.91 Y156.879 E937.22414
G1 X147.008 Y157.423 E937.26489
G1 X148.177 Y157.793 E937.30568
G1 X149.369 Y157.976 E937.34579
G1 X150 Y158 E937.36679
G1 X150.631 Y157.976 E937.38779
G1 X151.823 Y157.793 E937.4279
G1 X152.992 Y157.423 E937.46868
G1 X154.09 Y156.879 E937.50944
G1 X155.092 Y156.173 E937.55021
G1 X155.975 Y155.324 E937.59095
G0 F9000 X155.676 Y155.057
G1 F2400 X156.381 Y154.132 E937.62963
G1 X156.937 Y153.109 E937.66836
G1 X157.33 Y152.014 E937.70705
G1 X157.552 Y150.872 E937.74575
G1 X157.596 Y149.709 E937.78446
G1 X157.463 Y148.553 E937.82316
G1 X157.155 Y147.43 E937.86189
G1 X156.678 Y146.368 E937.90061
G1 X156.046 Y145.391 E937.93931
G1 X155.271 Y144.522 E937.97804
G1 X154.373 Y143.782 E938.01674
G1 X153.373 Y143.187 E938.05544
G1 X152.294 Y142.753 E938.09413
G1 X151.161 Y142.488 E938.13283
G1 X150 Y142.398 E938.17156
G1 X148.839 Y142.488 E938.21029
G1 X147.706 Y142.753 E938.24899
G1 X146.627 Y143.187 E938.28767
G1 X145.627 Y143.782 E938.32637
G1 X144.729 Y144.522 E938.36508
G1 X143.954 Y145.391 E938.4038
G1 X143.322 Y146.368 E938.4425
G1 X142.845 Y147.43 E938.48123
G1 X142.537 Y148.553 E938.51996
G1 X142.404 Y149.709 E938.55866
G1 X142.448 Y150.872 E938.59737
G1 X142.67 Y152.014 E938.63606
G1 X143.063 Y153.109 E938.67476
G1 X143.619 Y154.132 E938.71348
G1 X144.324 Y155.057 E938.75216
G1 X145.163 Y155.864 E938.79088
G1 X146.115 Y156.534 E938.8296
G1 X147.158 Y157.051 E938.86832
G1 X148.268 Y157.402 E938.90704
G1 X149.407 Y157.577 E938.94537
G1 X150 Y157.6 E938.96511
G1 X150.593 Y157.577 E938.98485
G1 X151.732 Y157.402 E939.02317
G1 X152.842 Y157.051 E939.06189
G1 X153.885 Y156.534 E939.10061
G1 X154.837 Y155.864 E939.13933
G1 X155.676 Y155.057 E939.17805
G0 F9000 X155.376 Y154.79
;TYPE:WALL-OUTER
G1 F2400 X156.044 Y153.914 E939.21469
G1 X156.571 Y152.945 E939.25138
G1 X156.943 Y151.908 E939.28802
G1 X157.153 Y150.826 E939.32468
G1 X157.195 Y149.724 E939.36136
G1 X157.069 Y148.629 E939.39802
G1 X156.777 Y147.566 E939.43468
G1 X156.326 Y146.56 E939.47135
G1 X155.727 Y145.634 E939.50803
G1 X154.993 Y144.811 E939.54471
G1 X154.142 Y144.11 E939.58138
G1 X153.195 Y143.547 E939.61803
G1 X152.173 Y143.135 E939.65468
G1 X151.1 Y142.884 E939.69133
G1 X150 Y142.799 E939.72802
G1 X148.9 Y142.884 E939.76472
G1 X147.827 Y143.135 E939.80137
G1 X146.805 Y143.547 E939.83802
G1 X145.858 Y144.11 E939.87466
G1 X145.007 Y144.811 E939.91133
G1 X144.273 Y145.634 E939.94801
G1 X143.674 Y146.56 E939.98469
G1 X143.223 Y147.566 E940.02136
G1 X142.931 Y148.629 E940.05803
G1 X142.805 Y149.724 E940.09469
G1 X142.847 Y150.826 E940.13136
G1 X143.057 Y151.908 E940.16802
G1 X143.429 Y152.945 E940.20467
G1 X143.956 Y153.914 E940.24135
G1 X144.624 Y154.79 E940.27799
G1 X145.418 Y155.555 E940.31467
G1 X146.32 Y156.189 E940.35134
G1 X147.308 Y156.679 E940.38802
G1 X148.359 Y157.011 E940.42468
G1 X149.445 Y157.178 E940.46122
G1 X150 Y157.2 E940.47969
G1 X150.555 Y157.178 E940.49817
G1 X151.641 Y157.011 E940.53471
G1 X152.692 Y156.679 E940.57137
G1 X153.68 Y156.189 E940.60805
G1 X154.582 Y155.555 E940.64472
G1 X155.376 Y154.79 E940.68139
G0 F9000 X155.704 Y155.082
G0 X156.663 Y156.047
;TYPE:WALL-INNER
G1 F2400 X155.821 Y156.86 E940.72032
G1 X154.914 Y157.538 E940.75799
G1 X153.908 Y158.106 E940.79641
G1 X152.836 Y158.539 E940.83487
G1 X151.721 Y158.832 E940.87321
G1 X150.565 Y158.981 E940.91198
G1 X150 Y159 E940.93078
G1 X149.435 Y158.981 E940.94958
G1 X148.279 Y158.832 E940.98835
G1 X147.164 Y158.539 E941.02669
G1 X146.092 Y158.106 E941.06515
G1 X145.086 Y157.538 E941.10357
G1 X144.179 Y156.86 E941.14123
G1 X143.337 Y156.047 E941.18016
G1 X142.616 Y155.143 E941.21862
G1 X142.026 Y154.168 E941.25653
G1 X141.555 Y153.107 E941.29514
G1 X141.227 Y151.998 E941.3336
G1 X141.044 Y150.869 E941.37164
G1 X141.007 Y149.704 E941.41041
G1 X141.116 Y148.567 E941.4484
G1 X141.374 Y147.437 E941.48695
G1 X141.768 Y146.365 E941.52494
G1 X142.309 Y145.33 E941.56378
G1 X142.967 Y144.389 E941.60197
G1 X143.74 Y143.536 E941.64026
G1 X144.617 Y142.789 E941.67858
G1 X145.59 Y142.156 E941.71718
G1 X146.608 Y141.666 E941.75476
G1 X147.722 Y141.296 E941.7938
G1 X148.851 Y141.076 E941.83206
G1 X150 Y141.003 E941.87035
G1 X151.149 Y141.076 E941.90864
G1 X152.278 Y141.296 E941.9469
G1 X153.392 Y141.666 E941.98594
G1 X154.41 Y142.156 E942.02352
G1 X155.383 Y142.789 E942.06213
G1 X156.26 Y143.536 E942.10044
G1 X157.033 Y144.389 E942.13873
G1 X157.691 Y145.33 E942.17692
G1 X158.232 Y146.365 E942.21577
G1 X158.626 Y147.437 E942.25375
G1 X158.884 Y148.567 E942.2923
G1 X158.993 Y149.704 E942.33029
G1 X158.956 Y150.869 E942.36906
G1 X158.773 Y151.998 E942.4071
G1 X158.445 Y153.107 E942.44557
G1 X157.974 Y154.168 E942.48418
G1 X157.384 Y155.143 E942.52208
G1 X156.663 Y156.047 E942.56054
G0 F9000 X156.961 Y156.315
G1 F2400 X156.086 Y157.161 E942.60102
G1 X155.129 Y157.876 E942.64075
G1 X154.08 Y158.468 E942.68082
G1 X152.962 Y158.92 E942.72092
G1 X151.797 Y159.226 E942.76099
G1 X150.598 Y159.38 E942.80119
G1 X150 Y159.4 E942.82109
G1 X149.402 Y159.38 E942.841
G1 X148.203 Y159.226 E942.8812
G1 X147.038 Y158.92 E942.92126
G1 X145.92 Y158.468 E942.96137
G1 X144.871 Y157.876 E943.00144
G1 X143.914 Y157.161 E943.04117
G1 X143.039 Y156.315 E943.08165
G1 X142.291 Y155.378 E943.12153
G1 X141.669 Y154.35 E943.16149
G1 X141.181 Y153.25 E943.20151
G1 X140.835 Y152.083 E943.242
G1 X140.645 Y150.907 E943.28162
G1 X140.606 Y149.694 E943.32199
G1 X140.721 Y148.501 E943.36185
G1 X140.989 Y147.326 E943.40193
G1 X141.404 Y146.198 E943.44191
G1 X141.965 Y145.124 E943.48221
G1 X142.653 Y144.139 E943.52217
G1 X143.458 Y143.252 E943.56201
G1 X144.379 Y142.467 E943.60226
G1 X145.392 Y141.808 E943.64246
G1 X146.464 Y141.292 E943.68203
G1 X147.62 Y140.908 E943.72254
G1 X148.796 Y140.679 E943.76239
G1 X150 Y140.602 E943.80252
G1 X151.204 Y140.679 E943.84264
G1 X152.38 Y140.908 E943.88249
G1 X153.536 Y141.292 E943.92301
G1 X154.608 Y141.808 E943.96258
G1 X155.621 Y142.467 E944.00277
G1 X156.542 Y143.252 E944.04302
G1 X157.347 Y144.139 E944.08286
G1 X158.035 Y145.124 E944.12282
G1 X158.596 Y146.198 E944.16312
G1 X159.011 Y147.326 E944.2031
G1 X159.279 Y148.501 E944.24318
G1 X159.394 Y149.694 E944.28305
G1 X159.355 Y150.907 E944.32341
G1 X159.165 Y152.083 E944.36303
G1 X158.819 Y153.25 E944.40352
G1 X158.331 Y154.35 E944.44354
G1 X157.709 Y155.378 E944.48351
G1 X156.961 Y156.315 E944.52338
G0 F9000 X157.256 Y156.587
;TYPE:WALL-OUTER
G1 F2400 X156.351 Y157.462 E944.56525
G1 X155.344 Y158.214 E944.60705
G1 X154.252 Y158.83 E944.64875
G1 X153.088 Y159.301 E944.69052
G1 X151.873 Y159.62 E944.7323
G1 X150.631 Y159.779 E944.77394
G1 X150 Y159.8 E944.79494
G1 X149.369 Y159.779 E944.81594
G1 X148.127 Y159.62 E944.85759
G1 X146.912 Y159.301 E944.89937
G1 X145.748 Y158.83 E944.94113
G1 X144.656 Y158.214 E944.98283
G1 X143.649 Y157.462 E945.02464
G1 X142.744 Y156.587 E945.0665
G1 X141.963 Y155.608 E945.10816
G1 X141.312 Y154.532 E945.14999
G1 X140.804 Y153.386 E945.19168
G1 X140.445 Y152.175 E945.23369
G1 X140.246 Y150.945 E945.27513
G1 X140.205 Y149.684 E945.31709
G1 X140.326 Y148.436 E945.3588
G1 X140.604 Y147.215 E945.40045
G1 X141.04 Y146.031 E945.44241
G1 X141.621 Y144.918 E945.48417
G1 X142.339 Y143.889 E945.5259
G1 X143.18 Y142.963 E945.56751
G1 X144.137 Y142.148 E945.60932
G1 X145.194 Y141.46 E945.65127
G1 X146.32 Y140.918 E945.69283
G1 X147.518 Y140.52 E945.73482
G1 X148.741 Y140.282 E945.77626
G1 X150 Y140.201 E945.81822
G1 X151.259 Y140.282 E945.86018
G1 X152.482 Y140.52 E945.90162
G1 X153.68 Y140.918 E945.94361
G1 X154.806 Y141.46 E945.98517
G1 X155.863 Y142.148 E946.02712
G1 X156.82 Y142.963 E946.06892
G1 X157.661 Y143.889 E946.11053
G1 X158.379 Y144.918 E946.15226
G1 X158.96 Y146.031 E946.19402
G1 X159.396 Y147.215 E946.23599
G1 X159.674 Y148.436 E946.27764
G1 X159.795 Y149.684 E946.31934
G1 X159.754 Y150.945 E946.3613
G1 X159.555 Y152.175 E946.40275
G1 X159.196 Y153.386 E946.44476
G1 X158.688 Y154.532 E946.48645
G1 X158.037 Y155.608 E946.52828
G1 X157.256 Y156.587 E946.56993
G0 F9000 X156.931 Y156.292
G0 X156.376 Y155.782
;TYPE:SKIN
G1 F1800 X155.565 Y156.564 E946.6074
G1 X154.695 Y157.215 E946.64354
G1 X153.741 Y157.754 E946.67999
G1 X152.716 Y158.167 E946.71674
G1 X151.642 Y158.45 E946.75368
G1 X150.544 Y158.591 E946.7905
G1 X150 Y158.61 E946.80861
G1 X149.456 Y158.591 E946.82671
G1 X148.358 Y158.45 E946.86353
G1 X147.284 Y158.167 E946.90047
G1 X146.259 Y157.754 E946.93723
G1 X145.305 Y157.215 E946.97367
G1 X144.435 Y156.564 E947.00981
G1 X143.624 Y155.782 E947.04728
G1 X142.939 Y154.922 E947.08385
G1 X142.373 Y153.987 E947.1202
G1 X141.922 Y152.97 E947.15721
G1 X141.608 Y151.91 E947.19398
G1 X141.434 Y150.833 E947.23026
G1 X141.397 Y149.713 E947.26753
G1 X141.502 Y148.63 E947.30372
G1 X141.748 Y147.55 E947.34056
G1 X142.126 Y146.52 E947.37706
G1 X142.639 Y145.54 E947.41385
G1 X143.276 Y144.63 E947.45079
G1 X144.011 Y143.817 E947.48724
G1 X144.85 Y143.103 E947.52389
G1 X145.787 Y142.493 E947.56107
G1 X146.752 Y142.029 E947.59669
G1 X147.827 Y141.672 E947.63436
G1 X148.888 Y141.466 E947.67031
G1 X150 Y141.395 E947.70737
G1 X151.112 Y141.466 E947.74443
G1 X152.173 Y141.672 E947.78038
G1 X153.248 Y142.029 E947.81805
G1 X154.213 Y142.493 E947.85367
G1 X155.15 Y143.103 E947.89085
G1 X155.989 Y143.817 E947.9275
G1 X156.724 Y144.63 E947.96395
G1 X157.361 Y145.54 E948.00089
G1 X157.874 Y146.52 E948.03768
G1 X158.252 Y147.55 E948.07418
G1 X158.498 Y148.63 E948.11102
G1 X158.603 Y149.713 E948.14721
G1 X158.566 Y150.833 E948.18448
G1 X158.392 Y151.91 E948.22076
G1 X158.078 Y152.97 E948.25753
G1 X157.627 Y153.987 E948.29454
G1 X157.061 Y154.922 E948.33089
G1 X156.376 Y155.782 E948.36746
G0 F9000 X156.267 Y155.585
G1 F1800 X157.046 Y154.563 E948.4102
G1 X157.66 Y153.433 E948.45297
G1 X158.094 Y152.224 E948.4957
G1 X158.339 Y150.963 E948.53842
G1 X158.387 Y149.679 E948.58116
G1 X158.241 Y148.403 E948.62387
G1 X157.901 Y147.162 E948.66667
G1 X157.373 Y145.989 E948.70946
G1 X156.677 Y144.911 E948.75213
G1 X155.82 Y143.951 E948.79494
G1 X154.829 Y143.134 E948.83765
G1 X153.725 Y142.476 E948.8804
G1 X152.532 Y141.997 E948.92316
G1 X151.282 Y141.706 E948.96584
G1 X150 Y141.605 E949.00862
G1 X148.718 Y141.706 E949.05139
G1 X147.468 Y141.997 E949.09407
G1 X146.275 Y142.476 E949.13683
G1 X145.171 Y143.134 E949.17958
G1 X144.18 Y143.951 E949.2223
G1 X143.323 Y144.911 E949.2651
G1 X142.627 Y145.989 E949.30778
G1 X142.099 Y147.162 E949.35056
G1 X141.759 Y148.403 E949.39336
G1 X141.613 Y149.679 E949.43608
G1 X141.661 Y150.963 E949.47881
G1 X141.906 Y152.224 E949.52154
G1 X142.34 Y153.433 E949.56426
G1 X142.954 Y154.563 E949.60703
G1 X143.733 Y155.585 E949.64977
G1 X144.659 Y156.475 E949.69249
G1 X145.71 Y157.215 E949.73524
G1 X146.862 Y157.786 E949.77801
G1 X148.088 Y158.174 E949.82078
G1 X149.332 Y158.364 E949.86263
G1 X150 Y158.39 E949.88487
G1 X150.668 Y158.364 E949.9071
G1 X151.912 Y158.174 E949.94896
G1 X153.138 Y157.786 E949.99173
G1 X154.29 Y157.215 E950.03449
G1 X155.341 Y156.475 E950.07725
G1 X156.267 Y155.585 E950.11996
;MESH:NONMESH
G0 F300 X156.267 Y155.585 Z16.8
G0 F9000 X155.975 Y155.324
;TIME_ELAPSED:1156.253569
;LAYER:83
;TYPE:WALL-INNER
;MESH:dannypart.STL
G1 F2400 X156.718 Y154.35 E950.16071
G1 X157.303 Y153.273 E950.20147
G1 X157.717 Y152.12 E950.24222
G1 X157.951 Y150.918 E950.28295
G1 X157.997 Y149.694 E950.32369
G1 X157.857 Y148.477 E950.36443
G1 X157.533 Y147.294 E950.40523
G1 X157.03 Y146.176 E950.446
G1 X156.365 Y145.148 E950.48672
G1 X155.549 Y144.233 E950.5275
G1 X154.604 Y143.454 E950.56823
G1 X153.551 Y142.827 E950.609
G1 X152.415 Y142.37 E950.64972
G1 X151.222 Y142.092 E950.69046
G1 X150 Y141.997 E950.73123
G1 X148.778 Y142.092 E950.772
G1 X147.585 Y142.37 E950.81274
G1 X146.449 Y142.827 E950.85347
G1 X145.396 Y143.454 E950.89423
G1 X144.451 Y144.233 E950.93496
G1 X143.635 Y145.148 E950.97574
G1 X142.97 Y146.176 E951.01646
G1 X142.467 Y147.294 E951.05723
G1 X142.143 Y148.477 E951.09803
G1 X142.003 Y149.694 E951.13878
G1 X142.049 Y150.918 E951.17951
G1 X142.283 Y152.12 E951.22024
G1 X142.697 Y153.273 E951.26099
G1 X143.282 Y154.35 E951.30175
G1 X144.025 Y155.324 E951.3425
G1 X144.908 Y156.173 E951.38324
G1 X145.91 Y156.879 E951.42401
G1 X147.008 Y157.423 E951.46477
G1 X148.177 Y157.793 E951.50555
G1 X149.369 Y157.976 E951.54566
G1 X150 Y158 E951.56666
G1 X150.631 Y157.976 E951.58766
G1 X151.823 Y157.793 E951.62777
G1 X152.992 Y157.423 E951.66856
G1 X154.09 Y156.879 E951.70931
G1 X155.092 Y156.173 E951.75008
G1 X155.975 Y155.324 E951.79082
G0 F9000 X155.676 Y155.057
G1 F2400 X156.381 Y154.132 E951.8295
G1 X156.937 Y153.109 E951.86823
G1 X157.33 Y152.014 E951.90692
G1 X157.552 Y150.872 E951.94562
G1 X157.596 Y149.709 E951.98433
G1 X157.463 Y148.553 E952.02303
G1 X157.155 Y147.43 E952.06176
G1 X156.678 Y146.368 E952.10048
G1 X156.046 Y145.391 E952.13918
G1 X155.271 Y144.522 E952.17791
G1 X154.373 Y143.782 E952.21661
G1 X153.373 Y143.187 E952.25532
G1 X152.294 Y142.753 E952.294
G1 X151.161 Y142.488 E952.3327
G1 X150 Y142.398 E952.37143
G1 X148.839 Y142.488 E952.41016
G1 X147.706 Y142.753 E952.44886
G1 X146.627 Y143.187 E952.48754
G1 X145.627 Y143.782 E952.52624
G1 X144.729 Y144.522 E952.56495
G1 X143.954 Y145.391 E952.60367
G1 X143.322 Y146.368 E952.64238
G1 X142.845 Y147.43 E952.6811
G1 X142.537 Y148.553 E952.71983
G1 X142.404 Y149.709 E952.75853
G1 X142.448 Y150.872 E952.79724
G1 X142.67 Y152.014 E952.83593
G1 X143.063 Y153.109 E952.87463
G1 X143.619 Y154.132 E952.91335
G1 X144.324 Y155.057 E952.95204
G1 X145.163 Y155.864 E952.99076
G1 X146.115 Y156.534 E953.02947
G1 X147.158 Y157.051 E953.06819
G1 X148.268 Y157.402 E953.10691
G1 X149.407 Y157.577 E953.14524
G1 X150 Y157.6 E953.16498
G1 X150.593 Y157.577 E953.18472
G1 X151.732 Y157.402 E953.22305
G1 X152.842 Y157.051 E953.26177
G1 X153.885 Y156.534 E953.30048
G1 X154.837 Y155.864 E953.3392
G1 X155.676 Y155.057 E953.37792
G0 F9000 X155.376 Y154.79
;TYPE:WALL-OUTER
G1 F2400 X156.044 Y153.914 E953.41456
G1 X156.571 Y152.945 E953.45125
G1 X156.943 Y151.908 E953.48789
G1 X157.153 Y150.826 E953.52455
G1 X157.195 Y149.724 E953.56123
G1 X157.069 Y148.629 E953.59789
G1 X156.777 Y147.566 E953.63456
G1 X156.326 Y146.56 E953.67122
G1 X155.727 Y145.634 E953.70791
G1 X154.993 Y144.811 E953.74458
G1 X154.142 Y144.11 E953.78125
G1 X153.195 Y143.547 E953.8179
G1 X152.173 Y143.135 E953.85455
G1 X151.1 Y142.884 E953.8912
G1 X150 Y142.799 E953.92789
G1 X148.9 Y142.884 E953.96459
G1 X147.827 Y143.135 E954.00124
G1 X146.805 Y143.547 E954.03789
G1 X145.858 Y144.11 E954.07453
G1 X145.007 Y144.811 E954.1112
G1 X144.273 Y145.634 E954.14788
G1 X143.674 Y146.56 E954.18456
G1 X143.223 Y147.566 E954.22123
G1 X142.931 Y148.629 E954.2579
G1 X142.805 Y149.724 E954.29456
G1 X142.847 Y150.826 E954.33124
G1 X143.057 Y151.908 E954.3679
G1 X143.429 Y152.945 E954.40454
G1 X143.956 Y153.914 E954.44123
G1 X144.624 Y154.79 E954.47787
G1 X145.418 Y155.555 E954.51454
G1 X146.32 Y156.189 E954.55121
G1 X147.308 Y156.679 E954.58789
G1 X148.359 Y157.011 E954.62455
G1 X149.445 Y157.178 E954.66109
G1 X150 Y157.2 E954.67957
G1 X150.555 Y157.178 E954.69804
G1 X151.641 Y157.011 E954.73459
G1 X152.692 Y156.679 E954.77124
G1 X153.68 Y156.189 E954.80792
G1 X154.582 Y155.555 E954.84459
G1 X155.376 Y154.79 E954.88127
G0 F9000 X155.704 Y155.082
G0 X156.663 Y156.047
;TYPE:WALL-INNER
G1 F2400 X155.821 Y156.86 E954.9202
G1 X154.914 Y157.538 E954.95786
G1 X153.908 Y158.106 E954.99628
G1 X152.836 Y158.539 E955.03474
G1 X151.721 Y158.832 E955.07308
G1 X150.565 Y158.981 E955.11185
G1 X150.01 Y158.999 E955.13032
G1 X149.445 Y158.982 E955.14912
G1 X148.279 Y158.832 E955.18822
G1 X147.164 Y158.539 E955.22656
G1 X146.092 Y158.106 E955.26502
G1 X145.086 Y157.538 E955.30344
G1 X144.179 Y156.86 E955.3411
G1 X143.337 Y156.047 E955.38003
G1 X142.616 Y155.143 E955.41849
G1 X142.026 Y154.168 E955.4564
G1 X141.555 Y153.107 E955.49501
G1 X141.227 Y151.998 E955.53347
G1 X141.044 Y150.869 E955.57151
G1 X141.008 Y149.681 E955.61104
G1 X141.116 Y148.566 E955.6483
G1 X141.374 Y147.437 E955.68682
G1 X141.768 Y146.365 E955.72481
G1 X142.309 Y145.33 E955.76365
G1 X142.967 Y144.389 E955.80184
G1 X143.74 Y143.536 E955.84013
G1 X144.617 Y142.789 E955.87844
G1 X145.59 Y142.156 E955.91705
G1 X146.608 Y141.666 E955.95463
G1 X147.722 Y141.296 E955.99367
G1 X148.851 Y141.076 E956.03193
G1 X150 Y141.003 E956.07022
G1 X151.149 Y141.076 E956.10851
G1 X152.278 Y141.296 E956.14677
G1 X153.392 Y141.666 E956.18581
G1 X154.41 Y142.156 E956.22339
G1 X155.383 Y142.789 E956.262
G1 X156.26 Y143.536 E956.30031
G1 X157.033 Y144.389 E956.3386
G1 X157.691 Y145.33 E956.37679
G1 X158.232 Y146.365 E956.41564
G1 X158.626 Y147.437 E956.45362
G1 X158.884 Y148.567 E956.49217
G1 X158.993 Y149.704 E956.53016
G1 X158.956 Y150.869 E956.56893
G1 X158.773 Y151.998 E956.60697
G1 X158.445 Y153.107 E956.64544
G1 X157.974 Y154.168 E956.68405
G1 X157.384 Y155.143 E956.72195
G1 X156.663 Y156.047 E956.76041
G0 F9000 X156.961 Y156.315
G1 F2400 X156.086 Y157.161 E956.80089
G1 X155.129 Y157.876 E956.84062
G1 X154.08 Y158.468 E956.88069
G1 X152.962 Y158.92 E956.92079
G1 X151.797 Y159.226 E956.96086
G1 X150.598 Y159.38 E957.00106
G1 X150.011 Y159.399 E957.0206
G1 X149.413 Y159.381 E957.0405
G1 X148.203 Y159.226 E957.08107
G1 X147.038 Y158.92 E957.12113
G1 X145.92 Y158.468 E957.16124
G1 X144.871 Y157.876 E957.2013
G1 X143.914 Y157.161 E957.24104
G1 X143.039 Y156.315 E957.28152
G1 X142.291 Y155.378 E957.32139
G1 X141.669 Y154.35 E957.36136
G1 X141.181 Y153.25 E957.40138
G1 X140.835 Y152.083 E957.44187
G1 X140.645 Y150.907 E957.48149
G1 X140.607 Y149.671 E957.52262
G1 X140.721 Y148.501 E957.56172
G1 X140.989 Y147.326 E957.6018
G1 X141.404 Y146.198 E957.64178
G1 X141.965 Y145.124 E957.68208
G1 X142.653 Y144.139 E957.72204
G1 X143.458 Y143.252 E957.76188
G1 X144.379 Y142.467 E957.80213
G1 X145.392 Y141.808 E957.84232
G1 X146.464 Y141.292 E957.88189
G1 X147.62 Y140.908 E957.92241
G1 X148.796 Y140.679 E957.96226
G1 X150 Y140.602 E958.00238
G1 X151.204 Y140.679 E958.04251
G1 X152.38 Y140.908 E958.08236
G1 X153.536 Y141.292 E958.12287
G1 X154.608 Y141.808 E958.16244
G1 X155.621 Y142.467 E958.20264
G1 X156.542 Y143.252 E958.24289
G1 X157.347 Y144.139 E958.28273
G1 X158.035 Y145.124 E958.32269
G1 X158.596 Y146.198 E958.36299
G1 X159.011 Y147.326 E958.40297
G1 X159.279 Y148.501 E958.44305
G1 X159.394 Y149.694 E958.48291
G1 X159.355 Y150.907 E958.52328
G1 X159.165 Y152.083 E958.5629
G1 X158.819 Y153.25 E958.60339
G1 X158.331 Y154.35 E958.64341
G1 X157.709 Y155.378 E958.68337
G1 X156.961 Y156.315 E958.72325
G0 F9000 X157.256 Y156.587
;TYPE:WALL-OUTER
G1 F2400 X156.351 Y157.462 E958.76512
G1 X155.344 Y158.214 E958.80692
G1 X154.252 Y158.83 E958.84862
G1 X153.088 Y159.301 E958.89038
G1 X151.873 Y159.62 E958.93217
G1 X150.63 Y159.779 E958.97384
G1 X150.012 Y159.799 E958.99441
G1 X149.381 Y159.78 E959.01541
G1 X148.127 Y159.62 E959.05745
G1 X146.912 Y159.301 E959.09923
G1 X145.748 Y158.83 E959.141
G1 X144.656 Y158.214 E959.1827
G1 X143.649 Y157.462 E959.2245
G1 X142.744 Y156.587 E959.26637
G1 X141.963 Y155.608 E959.30802
G1 X141.312 Y154.532 E959.34985
G1 X140.804 Y153.386 E959.39154
G1 X140.445 Y152.175 E959.43355
G1 X140.246 Y150.945 E959.475
G1 X140.206 Y149.662 E959.51769
G1 X140.326 Y148.436 E959.55866
G1 X140.604 Y147.215 E959.60031
G1 X141.04 Y146.031 E959.64228
G1 X141.621 Y144.918 E959.68404
G1 X142.339 Y143.889 E959.72577
G1 X143.18 Y142.963 E959.76737
G1 X144.137 Y142.148 E959.80918
G1 X145.194 Y141.46 E959.85113
G1 X146.32 Y140.918 E959.89269
G1 X147.518 Y140.52 E959.93468
G1 X148.741 Y140.282 E959.97612
G1 X150 Y140.201 E960.01808
G1 X151.259 Y140.282 E960.06004
G1 X152.482 Y140.52 E960.10148
G1 X153.68 Y140.918 E960.14347
G1 X154.806 Y141.46 E960.18503
G1 X155.863 Y142.148 E960.22698
G1 X156.82 Y142.963 E960.26879
G1 X157.661 Y143.889 E960.31039
G1 X158.379 Y144.918 E960.35213
G1 X158.96 Y146.031 E960.39388
G1 X159.396 Y147.215 E960.43585
G1 X159.674 Y148.436 E960.4775
G1 X159.795 Y149.684 E960.5192
G1 X159.754 Y150.945 E960.56117
G1 X159.555 Y152.175 E960.60261
G1 X159.196 Y153.386 E960.64462
G1 X158.688 Y154.532 E960.68631
G1 X158.037 Y155.608 E960.72814
G1 X157.256 Y156.587 E960.76979
G0 F9000 X156.931 Y156.292
G0 X156.376 Y155.782
;TYPE:SKIN
G1 F1800 X155.565 Y156.564 E960.80727
G1 X154.695 Y157.215 E960.84341
G1 X153.741 Y157.754 E960.87985
G1 X152.716 Y158.167 E960.9166
G1 X151.642 Y158.45 E960.95355
G1 X150.544 Y158.591 E960.99037
G1 X150.01 Y158.609 E961.00814
G1 X149.466 Y158.592 E961.02624
G1 X148.358 Y158.45 E961.06339
G1 X147.284 Y158.167 E961.10033
G1 X146.259 Y157.754 E961.13709
G1 X145.305 Y157.215 E961.17353
G1 X144.435 Y156.564 E961.20967
G1 X143.624 Y155.782 E961.24714
G1 X142.939 Y154.922 E961.28371
G1 X142.373 Y153.987 E961.32006
G1 X141.922 Y152.97 E961.35707
G1 X141.608 Y151.91 E961.39384
G1 X141.434 Y150.834 E961.43009
G1 X141.398 Y149.69 E961.46816
G1 X141.502 Y148.629 E961.50362
G1 X141.748 Y147.55 E961.54042
G1 X142.126 Y146.52 E961.57692
G1 X142.639 Y145.54 E961.61371
G1 X143.276 Y144.63 E961.65065
G1 X144.011 Y143.817 E961.68711
G1 X144.85 Y143.103 E961.72375
G1 X145.787 Y142.493 E961.76093
G1 X146.752 Y142.029 E961.79655
G1 X147.827 Y141.672 E961.83422
G1 X148.888 Y141.466 E961.87017
G1 X150 Y141.395 E961.90723
G1 X151.112 Y141.466 E961.94429
G1 X152.173 Y141.672 E961.98024
G1 X153.248 Y142.029 E962.01791
G1 X154.213 Y142.493 E962.05353
G1 X155.15 Y143.103 E962.09072
G1 X155.989 Y143.817 E962.12736
G1 X156.724 Y144.63 E962.16381
G1 X157.361 Y145.54 E962.20076
G1 X157.874 Y146.52 E962.23755
G1 X158.252 Y147.55 E962.27404
G1 X158.498 Y148.63 E962.31088
G1 X158.603 Y149.713 E962.34707
G1 X158.566 Y150.833 E962.38434
G1 X158.392 Y151.91 E962.42063
G1 X158.078 Y152.97 E962.4574
G1 X157.627 Y153.987 E962.4944
G1 X157.061 Y154.922 E962.53075
G1 X156.376 Y155.782 E962.56732
G0 F9000 X156.267 Y155.585
G1 F1800 X157.046 Y154.563 E962.61006
G1 X157.66 Y153.433 E962.65283
G1 X158.094 Y152.224 E962.69556
G1 X158.339 Y150.963 E962.73828
G1 X158.387 Y149.679 E962.78102
G1 X158.241 Y148.403 E962.82374
G1 X157.901 Y147.162 E962.86653
G1 X157.373 Y145.989 E962.90932
G1 X156.677 Y144.911 E962.952
G1 X155.82 Y143.951 E962.9948
G1 X154.829 Y143.134 E963.03751
G1 X153.725 Y142.476 E963.08026
G1 X152.532 Y141.997 E963.12302
G1 X151.282 Y141.706 E963.16571
G1 X150 Y141.605 E963.20848
G1 X148.718 Y141.706 E963.25125
G1 X147.468 Y141.997 E963.29394
G1 X146.275 Y142.476 E963.33669
G1 X145.171 Y143.134 E963.37944
G1 X144.18 Y143.951 E963.42216
G1 X143.323 Y144.911 E963.46496
G1 X142.627 Y145.989 E963.50764
G1 X142.099 Y147.162 E963.55042
G1 X141.759 Y148.403 E963.59322
G1 X141.613 Y149.679 E963.63594
G1 X141.661 Y150.963 E963.67867
G1 X141.906 Y152.224 E963.7214
G1 X142.34 Y153.433 E963.76412
G1 X142.954 Y154.563 E963.8069
G1 X143.733 Y155.585 E963.84964
G1 X144.659 Y156.475 E963.89235
G1 X145.71 Y157.215 E963.93511
G1 X146.862 Y157.786 E963.97787
G1 X148.088 Y158.174 E964.02064
G1 X149.332 Y158.364 E964.0625
G1 X150 Y158.39 E964.08473
G1 X150.668 Y158.364 E964.10697
G1 X151.912 Y158.174 E964.14882
G1 X153.138 Y157.786 E964.19159
G1 X154.29 Y157.215 E964.23436
G1 X155.341 Y156.475 E964.27711
G1 X156.267 Y155.585 E964.31982
;MESH:NONMESH
G0 F300 X156.267 Y155.585 Z17
G0 F9000 X155.975 Y155.324
;TIME_ELAPSED:1168.724512
;LAYER:84
;TYPE:WALL-INNER
;MESH:dannypart.STL
G1 F2400 X156.718 Y154.35 E964.36057
G1 X157.303 Y153.273 E964.40133
G1 X157.717 Y152.12 E964.44208
G1 X157.951 Y150.918 E964.48281
G1 X157.997 Y149.694 E964.52355
G1 X157.857 Y148.477 E964.56429
G1 X157.533 Y147.294 E964.60509
G1 X157.03 Y146.176 E964.64586
G1 X156.365 Y145.148 E964.68659
G1 X155.549 Y144.233 E964.72736
G1 X154.604 Y143.454 E964.7681
G1 X153.551 Y142.827 E964.80886
G1 X152.415 Y142.37 E964.84958
G1 X151.222 Y142.092 E964.89033
G1 X150 Y141.997 E964.93109
G1 X148.778 Y142.092 E964.97186
G1 X147.585 Y142.37 E965.0126
G1 X146.449 Y142.827 E965.05333
G1 X145.396 Y143.454 E965.09409
G1 X144.451 Y144.233 E965.13482
G1 X143.635 Y145.148 E965.1756
G1 X142.97 Y146.176 E965.21632
G1 X142.467 Y147.294 E965.2571
G1 X142.143 Y148.477 E965.29789
G1 X142.003 Y149.694 E965.33864
G1 X142.049 Y150.918 E965.37938
G1 X142.283 Y152.12 E965.42011
G1 X142.697 Y153.273 E965.46085
G1 X143.282 Y154.35 E965.50162
G1 X144.025 Y155.324 E965.54236
G1 X144.908 Y156.173 E965.5831
G1 X145.91 Y156.879 E965.62387
G1 X147.008 Y157.423 E965.66463
G1 X148.177 Y157.793 E965.70541
G1 X149.369 Y157.976 E965.74552
G1 X150 Y158 E965.76652
G1 X150.631 Y157.976 E965.78752
G1 X151.823 Y157.793 E965.82763
G1 X152.992 Y157.423 E965.86842
G1 X154.09 Y156.879 E965.90917
G1 X155.092 Y156.173 E965.94994
G1 X155.975 Y155.324 E965.99068
G0 F9000 X155.676 Y155.057
G1 F2400 X156.381 Y154.132 E966.02937
G1 X156.937 Y153.109 E966.06809
G1 X157.33 Y152.014 E966.10679
G1 X157.552 Y150.872 E966.14548
G1 X157.596 Y149.709 E966.18419
G1 X157.463 Y148.553 E966.22289
G1 X157.155 Y147.43 E966.26162
G1 X156.678 Y146.368 E966.30034
G1 X156.046 Y145.391 E966.33905
G1 X155.271 Y144.522 E966.37777
G1 X154.373 Y143.782 E966.41647
G1 X153.373 Y143.187 E966.45518
G1 X152.294 Y142.753 E966.49386
G1 X151.161 Y142.488 E966.53256
G1 X150 Y142.398 E966.57129
G1 X148.839 Y142.488 E966.61002
G1 X147.706 Y142.753 E966.64872
G1 X146.627 Y143.187 E966.6874
G1 X145.627 Y143.782 E966.72611
G1 X144.729 Y144.522 E966.76481
G1 X143.954 Y145.391 E966.80354
G1 X143.322 Y146.368 E966.84224
G1 X142.845 Y147.43 E966.88096
G1 X142.537 Y148.553 E966.91969
G1 X142.404 Y149.709 E966.95839
G1 X142.448 Y150.872 E966.9971
G1 X142.67 Y152.014 E967.0358
G1 X143.063 Y153.109 E967.07449
G1 X143.619 Y154.132 E967.11322
G1 X144.324 Y155.057 E967.1519
G1 X145.163 Y155.864 E967.19062
G1 X146.115 Y156.534 E967.22934
G1 X147.158 Y157.051 E967.26805
G1 X148.268 Y157.402 E967.30678
G1 X149.407 Y157.577 E967.3451
G1 X150 Y157.6 E967.36484
G1 X150.593 Y157.577 E967.38458
G1 X151.732 Y157.402 E967.42291
G1 X152.842 Y157.051 E967.46163
G1 X153.885 Y156.534 E967.50035
G1 X154.837 Y155.864 E967.53906
G1 X155.676 Y155.057 E967.57778
G0 F9000 X155.376 Y154.79
;TYPE:WALL-OUTER
G1 F2400 X156.044 Y153.914 E967.61442
G1 X156.571 Y152.945 E967.65111
G1 X156.943 Y151.908 E967.68775
G1 X157.153 Y150.826 E967.72441
G1 X157.195 Y149.724 E967.76109
G1 X157.069 Y148.629 E967.79775
G1 X156.777 Y147.566 E967.83442
G1 X156.326 Y146.56 E967.87109
G1 X155.727 Y145.634 E967.90777
G1 X154.993 Y144.811 E967.94444
G1 X154.142 Y144.11 E967.98112
G1 X153.195 Y143.547 E968.01776
G1 X152.173 Y143.135 E968.05441
G1 X151.1 Y142.884 E968.09106
G1 X150 Y142.799 E968.12776
G1 X148.9 Y142.884 E968.16445
G1 X147.827 Y143.135 E968.2011
G1 X146.805 Y143.547 E968.23775
G1 X145.858 Y144.11 E968.2744
G1 X145.007 Y144.811 E968.31107
G1 X144.273 Y145.634 E968.34774
G1 X143.674 Y146.56 E968.38443
G1 X143.223 Y147.566 E968.42109
G1 X142.931 Y148.629 E968.45776
G1 X142.805 Y149.724 E968.49442
G1 X142.847 Y150.826 E968.5311
G1 X143.057 Y151.908 E968.56776
G1 X143.429 Y152.945 E968.6044
G1 X143.956 Y153.914 E968.64109
G1 X144.624 Y154.79 E968.67773
G1 X145.418 Y155.555 E968.7144
G1 X146.32 Y156.189 E968.75107
G1 X147.308 Y156.679 E968.78775
G1 X148.359 Y157.011 E968.82441
G1 X149.445 Y157.178 E968.86095
G1 X150 Y157.2 E968.87943
G1 X150.555 Y157.178 E968.8979
G1 X151.641 Y157.011 E968.93445
G1 X152.692 Y156.679 E968.97111
G1 X153.68 Y156.189 E969.00779
G1 X154.582 Y155.555 E969.04446
G1 X155.376 Y154.79 E969.08113
G0 F9000 X155.704 Y155.082
G0 X156.655 Y156.055
;TYPE:WALL-INNER
G1 F2400 X155.826 Y156.856 E969.11947
G1 X154.902 Y157.544 E969.15778
G1 X153.896 Y158.11 E969.19618
G1 X152.837 Y158.539 E969.23418
G1 X151.714 Y158.832 E969.27278
G1 X150.563 Y158.981 E969.31138
G1 X150.003 Y159 E969.33002
G1 X149.43 Y158.981 E969.34909
G1 X148.273 Y158.831 E969.38789
G1 X147.159 Y158.537 E969.42621
G1 X146.087 Y158.103 E969.46468
G1 X145.087 Y157.538 E969.50288
G1 X144.166 Y156.851 E969.5411
G1 X143.339 Y156.048 E969.57944
G1 X142.613 Y155.137 E969.61818
G1 X142.024 Y154.162 E969.65607
G1 X141.558 Y153.11 E969.69434
G1 X141.227 Y151.988 E969.73324
G1 X141.044 Y150.862 E969.77119
G1 X141.007 Y149.694 E969.81005
G1 X141.117 Y148.56 E969.84795
G1 X141.377 Y147.429 E969.88655
G1 X141.774 Y146.351 E969.92475
G1 X142.307 Y145.334 E969.96294
G1 X142.968 Y144.389 E970.0013
G1 X143.749 Y143.528 E970.03996
G1 X144.616 Y142.789 E970.07785
G1 X145.584 Y142.161 E970.11623
G1 X146.626 Y141.66 E970.15469
G1 X147.729 Y141.295 E970.19333
G1 X148.856 Y141.076 E970.23151
G1 X150.007 Y141.003 E970.26987
G1 X151.154 Y141.077 E970.3081
G1 X152.286 Y141.298 E970.34646
G1 X153.391 Y141.666 E970.3852
G1 X154.412 Y142.159 E970.42291
G1 X155.389 Y142.796 E970.4617
G1 X156.266 Y143.544 E970.50004
G1 X157.04 Y144.396 E970.53833
G1 X157.694 Y145.335 E970.57639
G1 X158.232 Y146.367 E970.61509
G1 X158.626 Y147.439 E970.65308
G1 X158.882 Y148.568 E970.69158
G1 X158.993 Y149.712 E970.72981
G1 X158.956 Y150.876 E970.76855
G1 X158.77 Y152.011 E970.8068
G1 X158.446 Y153.106 E970.84478
G1 X157.973 Y154.17 E970.88351
G1 X157.381 Y155.144 E970.92142
G1 X156.655 Y156.055 E970.96016
G0 F9000 X156.953 Y156.323
G1 F2400 X156.086 Y157.161 E971.00027
G1 X155.12 Y157.881 E971.04034
G1 X154.071 Y158.471 E971.08037
G1 X152.965 Y158.919 E971.12006
G1 X151.788 Y159.226 E971.16052
G1 X150.596 Y159.38 E971.20049
G1 X150.003 Y159.4 E971.22023
G1 X149.397 Y159.38 E971.24039
G1 X148.196 Y159.225 E971.28067
G1 X147.033 Y158.918 E971.32068
G1 X145.915 Y158.465 E971.3608
G1 X144.871 Y157.876 E971.40067
G1 X143.901 Y157.151 E971.44094
G1 X143.044 Y156.319 E971.48067
G1 X142.285 Y155.367 E971.52117
G1 X141.667 Y154.344 E971.56092
G1 X141.181 Y153.248 E971.6008
G1 X140.836 Y152.078 E971.64137
G1 X140.645 Y150.9 E971.68106
G1 X140.606 Y149.688 E971.72139
G1 X140.722 Y148.495 E971.76126
G1 X140.992 Y147.318 E971.80142
G1 X141.409 Y146.186 E971.84154
G1 X141.965 Y145.125 E971.88139
G1 X142.654 Y144.139 E971.92139
G1 X143.467 Y143.244 E971.96161
G1 X144.379 Y142.467 E972.00146
G1 X145.392 Y141.809 E972.04163
G1 X146.476 Y141.288 E972.08164
G1 X147.627 Y140.907 E972.12196
G1 X148.802 Y140.679 E972.16177
G1 X150.007 Y140.602 E972.20193
G1 X151.21 Y140.68 E972.24203
G1 X152.387 Y140.91 E972.28192
G1 X153.538 Y141.293 E972.32226
G1 X154.612 Y141.811 E972.36192
G1 X155.628 Y142.474 E972.40227
G1 X156.545 Y143.256 E972.44236
G1 X157.351 Y144.143 E972.48222
G1 X158.04 Y145.133 E972.52233
G1 X158.596 Y146.2 E972.56235
G1 X159.011 Y147.327 E972.6023
G1 X159.278 Y148.505 E972.64247
G1 X159.394 Y149.701 E972.68244
G1 X159.355 Y150.914 E972.7228
G1 X159.162 Y152.096 E972.76264
G1 X158.82 Y153.249 E972.80264
G1 X158.328 Y154.356 E972.84293
G1 X157.709 Y155.376 E972.88261
G1 X156.953 Y156.323 E972.92292
G0 F9000 X157.251 Y156.591
;TYPE:WALL-OUTER
G1 F2400 X156.346 Y157.466 E972.96478
G1 X155.338 Y158.217 E973.00659
G1 X154.246 Y158.832 E973.04828
G1 X153.093 Y159.299 E973.08965
G1 X151.862 Y159.62 E973.13196
G1 X150.629 Y159.779 E973.17331
G1 X150.003 Y159.8 E973.19415
G1 X149.364 Y159.779 E973.21541
G1 X148.119 Y159.619 E973.25716
G1 X146.906 Y159.299 E973.29888
G1 X145.743 Y158.827 E973.34063
G1 X144.651 Y158.211 E973.38233
G1 X143.644 Y157.458 E973.42415
G1 X142.745 Y156.586 E973.46581
G1 X141.957 Y155.597 E973.50787
G1 X141.31 Y154.526 E973.54948
G1 X140.804 Y153.386 E973.59097
G1 X140.445 Y152.168 E973.6332
G1 X140.246 Y150.938 E973.67464
G1 X140.205 Y149.677 E973.71661
G1 X140.327 Y148.43 E973.75828
G1 X140.607 Y147.207 E973.80001
G1 X141.043 Y146.025 E973.84191
G1 X141.625 Y144.913 E973.88366
G1 X142.34 Y143.889 E973.9252
G1 X143.189 Y142.955 E973.96718
G1 X144.137 Y142.148 E974.00859
G1 X145.2 Y141.457 E974.05075
G1 X146.326 Y140.916 E974.0923
G1 X147.525 Y140.519 E974.13431
G1 X148.748 Y140.282 E974.17575
G1 X150.007 Y140.201 E974.21771
G1 X151.266 Y140.283 E974.25967
G1 X152.488 Y140.522 E974.30108
G1 X153.685 Y140.92 E974.34304
G1 X154.812 Y141.463 E974.38465
G1 X155.867 Y142.152 E974.42656
G1 X156.824 Y142.968 E974.46839
G1 X157.665 Y143.894 E974.50999
G1 X158.384 Y144.927 E974.55185
G1 X158.96 Y146.033 E974.59333
G1 X159.396 Y147.215 E974.63523
G1 X159.674 Y148.442 E974.67708
G1 X159.795 Y149.691 E974.71881
G1 X159.754 Y150.952 E974.76078
G1 X159.554 Y152.181 E974.80219
G1 X159.194 Y153.392 E974.84421
G1 X158.685 Y154.538 E974.88592
G1 X158.034 Y155.611 E974.92766
G1 X157.251 Y156.591 E974.96938
G0 F9000 X156.926 Y156.295
G0 X156.368 Y155.79
;TYPE:SKIN
G1 F1800 X155.564 Y156.566 E975.00655
G1 X154.697 Y157.212 E975.04251
G1 X153.723 Y157.76 E975.07968
G1 X152.722 Y158.165 E975.11559
G1 X151.63 Y158.45 E975.15313
G1 X150.542 Y158.591 E975.18962
G1 X150.002 Y158.61 E975.20759
G1 X149.451 Y158.591 E975.22593
G1 X148.354 Y158.449 E975.26272
G1 X147.277 Y158.165 E975.29976
G1 X146.257 Y157.752 E975.33637
G1 X145.301 Y157.211 E975.3729
G1 X144.413 Y156.549 E975.40974
G1 X143.634 Y155.791 E975.44589
G1 X142.932 Y154.911 E975.48333
G1 X142.372 Y153.986 E975.5193
G1 X141.925 Y152.973 E975.55612
G1 X141.608 Y151.9 E975.59334
G1 X141.434 Y150.826 E975.62952
G1 X141.397 Y149.703 E975.66689
G1 X141.503 Y148.623 E975.70299
G1 X141.751 Y147.542 E975.73988
G1 X142.132 Y146.506 E975.77659
G1 X142.637 Y145.544 E975.81273
G1 X143.277 Y144.629 E975.84987
G1 X144.02 Y143.809 E975.88667
G1 X144.852 Y143.1 E975.92303
G1 X145.777 Y142.5 E975.9597
G1 X146.771 Y142.023 E975.99637
G1 X147.827 Y141.674 E976.03336
G1 X148.901 Y141.465 E976.06975
G1 X150.007 Y141.395 E976.10661
G1 X151.117 Y141.467 E976.14361
G1 X152.181 Y141.674 E976.17966
G1 X153.243 Y142.027 E976.21688
G1 X154.218 Y142.498 E976.2529
G1 X155.155 Y143.11 E976.29012
G1 X155.995 Y143.825 E976.32681
G1 X156.733 Y144.638 E976.36333
G1 X157.36 Y145.537 E976.39978
G1 X157.874 Y146.524 E976.43679
G1 X158.252 Y147.553 E976.47326
G1 X158.496 Y148.629 E976.50995
G1 X158.603 Y149.721 E976.54645
G1 X158.567 Y150.838 E976.58362
G1 X158.39 Y151.919 E976.62005
G1 X158.081 Y152.965 E976.65633
G1 X157.625 Y153.992 E976.6937
G1 X157.061 Y154.921 E976.72985
G1 X156.368 Y155.79 E976.76682
G0 F9000 X156.267 Y155.585
G1 F1800 X157.046 Y154.563 E976.80956
G1 X157.66 Y153.433 E976.85233
G1 X158.094 Y152.224 E976.89505
G1 X158.339 Y150.963 E976.93778
G1 X158.387 Y149.679 E976.98052
G1 X158.241 Y148.403 E977.02323
G1 X157.901 Y147.162 E977.06603
G1 X157.373 Y145.989 E977.10881
G1 X156.677 Y144.911 E977.15149
G1 X155.82 Y143.951 E977.19429
G1 X154.829 Y143.134 E977.23701
G1 X153.725 Y142.476 E977.27976
G1 X152.532 Y141.997 E977.32252
G1 X151.282 Y141.706 E977.3652
G1 X150 Y141.605 E977.40797
G1 X148.718 Y141.706 E977.45075
G1 X147.468 Y141.997 E977.49343
G1 X146.275 Y142.476 E977.53619
G1 X145.171 Y143.134 E977.57894
G1 X144.18 Y143.951 E977.62166
G1 X143.323 Y144.911 E977.66446
G1 X142.627 Y145.989 E977.70713
G1 X142.099 Y147.162 E977.74992
G1 X141.759 Y148.403 E977.79272
G1 X141.613 Y149.679 E977.83543
G1 X141.661 Y150.963 E977.87817
G1 X141.906 Y152.224 E977.92089
G1 X142.34 Y153.433 E977.96362
G1 X142.954 Y154.563 E978.00639
G1 X143.733 Y155.585 E978.04913
G1 X144.659 Y156.475 E978.09185
G1 X145.71 Y157.215 E978.1346
G1 X146.862 Y157.786 E978.17737
G1 X148.088 Y158.174 E978.22014
G1 X149.332 Y158.364 E978.26199
G1 X150 Y158.39 E978.28423
G1 X150.668 Y158.364 E978.30646
G1 X151.912 Y158.174 E978.34832
G1 X153.138 Y157.786 E978.39109
G1 X154.29 Y157.215 E978.43385
G1 X155.341 Y156.475 E978.4766
G1 X156.267 Y155.585 E978.51932
;TIME_ELAPSED:1181.087405
G1 F1500 E977.51932
M140 S0
M107
G91; relative positioning
 G1 Z1.0 F3000 ; move z up little to prevent scratching of print G1 X0 Y200 F1000 ; prepare for part removal
 M104 S0; turn off extruder
 M140 S0 ; turn off bed
 M84 ; disable motors
 M106 S0 ; turn off fan
M82 ;absolute extrusion mode
M104 S0
;End of Gcode
;SETTING_3 {"global_quality": "[general]\\nversion = 4\\nname = polylite 0.4\\nd
;SETTING_3 efinition = artillery_sidewinder_x1\\n\\n[metadata]\\ntype = quality_
;SETTING_3 changes\\nquality_type = standard\\nsetting_version = 19\\n\\n[values
;SETTING_3 ]\\nadhesion_type = skirt\\nadhesion_z_offset = -0.08\\nmaterial_bed_
;SETTING_3 temperature = 70\\n\\n", "extruder_quality": ["[general]\\nversion = 
;SETTING_3 4\\nname = polylite 0.4\\ndefinition = artillery_sidewinder_x1\\n\\n[
;SETTING_3 metadata]\\ntype = quality_changes\\nquality_type = standard\\nintent
;SETTING_3 _category = default\\nposition = 0\\nsetting_version = 19\\n\\n[value
;SETTING_3 s]\\ninfill_pattern = gyroid\\ninfill_sparse_density = 10\\nline_widt
;SETTING_3 h = 0.4\\nmaterial_initial_print_temperature = 230\\nmaterial_print_t
;SETTING_3 emperature = 210\\nmaterial_print_temperature_layer_0 = 230\\nretract
;SETTING_3 ion_amount = 1\\nskin_angles = [180, 90 ]\\nspeed_layer_0 = 10\\nspee
;SETTING_3 d_wall = 40\\nsupport_angle = 70\\nsupport_xy_distance = 0.16\\nz_sea
;SETTING_3 m_position = backright\\n\\n"]}
