ISO-10303-21;
HEADER;
FILE_DESCRIPTION (( 'STEP AP214' ),
    '1' );
FILE_NAME ('SSD, 7 mm.STEP',
    '2015-01-04T07:02:57',
    ( '' ),
    ( '' ),
    'SwSTEP 2.0',
    'SolidWorks 2014',
    '' );
FILE_SCHEMA (( 'AUTOMOTIVE_DESIGN' ));
ENDSEC;

DATA;
#1 = ORIENTED_EDGE ( 'NONE', *, *, #4816, .F. ) ;
#2 = DIRECTION ( 'NONE',  ( 0.0000000000000000000, -0.4226182617407002200, 0.9063077870366494900 ) ) ;
#3 = EDGE_CURVE ( 'NONE', #9973, #2050, #10958, .T. ) ;
#4 = AXIS2_PLACEMENT_3D ( 'NONE', #10316, #4803, #11234 ) ;
#5 = LINE ( 'NONE', #4841, #4338 ) ;
#6 = DIRECTION ( 'NONE',  ( -0.0000000000000000000, 1.000000000000000000, -0.0000000000000000000 ) ) ;
#7 = PLANE ( 'NONE',  #11523 ) ;
#8 = PRESENTATION_LAYER_ASSIGNMENT (  '', '', ( #1258 ) ) ;
#9 = EDGE_CURVE ( 'NONE', #11375, #1910, #3901, .T. ) ;
#10 = CIRCLE ( 'NONE', #7440, 2.000000000000001800 ) ;
#11 = CARTESIAN_POINT ( 'NONE',  ( -20.55000000000000100, 0.6699999999999920500, -2.088061301782108400 ) ) ;
#12 = ORIENTED_EDGE ( 'NONE', *, *, #7273, .F. ) ;
#13 = DIRECTION ( 'NONE',  ( 0.0000000000000000000, 0.0000000000000000000, 1.000000000000000000 ) ) ;
#14 = PLANE ( 'NONE',  #5450 ) ;
#15 = ORIENTED_EDGE ( 'NONE', *, *, #9378, .T. ) ;
#16 = DIRECTION ( 'NONE',  ( -1.000000000000000000, -0.0000000000000000000, 1.387778780781445900E-016 ) ) ;
#17 = ORIENTED_EDGE ( 'NONE', *, *, #6119, .T. ) ;
#18 = CARTESIAN_POINT ( 'NONE',  ( 30.86000000000001700, 0.5000000000000000000, 41.84999999999998000 ) ) ;
#19 = FILL_AREA_STYLE ('',( #4615 ) ) ;
#20 = CARTESIAN_POINT ( 'NONE',  ( 30.86000000000001700, -3.500000000000000000, 41.84999999999998700 ) ) ;
#21 = LINE ( 'NONE', #2710, #9508 ) ;
#22 = ORIENTED_EDGE ( 'NONE', *, *, #10891, .T. ) ;
#23 = EDGE_CURVE ( 'NONE', #7633, #6184, #1466, .T. ) ;
#24 = AXIS2_PLACEMENT_3D ( 'NONE', #3170, #9594, #4091 ) ;
#25 = VERTEX_POINT ( 'NONE', #1991 ) ;
#26 = ORIENTED_EDGE ( 'NONE', *, *, #398, .F. ) ;
#27 = ORIENTED_EDGE ( 'NONE', *, *, #5431, .T. ) ;
#28 = LINE ( 'NONE', #247, #7094 ) ;
#29 = CARTESIAN_POINT ( 'NONE',  ( 1.000000000000002000, -0.9100000000000032500, 5.099999999999999600 ) ) ;
#30 = CARTESIAN_POINT ( 'NONE',  ( 0.1000000000000028500, -0.8100000000000040500, 5.099999999999999600 ) ) ;
#31 = VERTEX_POINT ( 'NONE', #137 ) ;
#32 = AXIS2_PLACEMENT_3D ( 'NONE', #6208, #712, #7138 ) ;
#33 = DIRECTION ( 'NONE',  ( -2.409338161078899700E-016, -1.000000000000000000, -1.899788849813798600E-031 ) ) ;
#34 = CARTESIAN_POINT ( 'NONE',  ( 0.0000000000000000000, 0.0000000000000000000, 0.0000000000000000000 ) ) ;
#35 = ORIENTED_EDGE ( 'NONE', *, *, #3880, .T. ) ;
#36 = UNCERTAINTY_MEASURE_WITH_UNIT (LENGTH_MEASURE( 1.000000000000000100E-005 ), #3844, 'distance_accuracy_value', 'NONE');
#37 = ORIENTED_EDGE ( 'NONE', *, *, #7980, .F. ) ;
#38 = ADVANCED_FACE ( 'NONE', ( #3629 ), #2926, .T. ) ;
#39 = LINE ( 'NONE', #6458, #9528 ) ;
#40 = EDGE_CURVE ( 'NONE', #5652, #11299, #7351, .T. ) ;
#41 = LINE ( 'NONE', #10885, #2503 ) ;
#42 = DIRECTION ( 'NONE',  ( 0.0000000000000000000, -1.000000000000000000, 0.0000000000000000000 ) ) ;
#43 = ORIENTED_EDGE ( 'NONE', *, *, #11199, .T. ) ;
#44 = DIRECTION ( 'NONE',  ( -0.9963190726394435300, -0.08572225787319877300, -2.992976636877723600E-016 ) ) ;
#45 = DIRECTION ( 'NONE',  ( 1.387778780781445900E-016, -0.0000000000000000000, 1.000000000000000000 ) ) ;
#46 = DIRECTION ( 'NONE',  ( 1.668003342285391100E-017, 1.000000000000000000, -0.0000000000000000000 ) ) ;
#47 = ORIENTED_EDGE ( 'NONE', *, *, #1593, .F. ) ;
#48 = CARTESIAN_POINT ( 'NONE',  ( -34.99999999999999300, 3.500000000000000000, 50.00000000000000000 ) ) ;
#49 = ORIENTED_EDGE ( 'NONE', *, *, #3520, .T. ) ;
#50 = AXIS2_PLACEMENT_3D ( 'NONE', #4271, #7988, #8834 ) ;
#51 = CARTESIAN_POINT ( 'NONE',  ( 32.20000000000000300, 2.150000000000010600, 46.40000000000001300 ) ) ;
#52 = LINE ( 'NONE', #5482, #9537 ) ;
#53 = DIRECTION ( 'NONE',  ( 0.0000000000000000000, -1.000000000000000000, -0.0000000000000000000 ) ) ;
#54 = LINE ( 'NONE', #136, #7396 ) ;
#55 = DIRECTION ( 'NONE',  ( -2.409338161078899700E-016, 4.018784105375342500E-033, 1.000000000000000000 ) ) ;
#56 = AXIS2_PLACEMENT_3D ( 'NONE', #3193, #9614, #4111 ) ;
#57 = EDGE_CURVE ( 'NONE', #6297, #8126, #2761, .T. ) ;
#58 = VECTOR ( 'NONE', #10467, 1000.000000000000000 ) ;
#59 = ORIENTED_EDGE ( 'NONE', *, *, #2088, .T. ) ;
#60 = CARTESIAN_POINT ( 'NONE',  ( 30.86000000000000700, 0.5000000000000000000, -37.25000000000000700 ) ) ;
#61 = ORIENTED_EDGE ( 'NONE', *, *, #11561, .T. ) ;
#62 = VECTOR ( 'NONE', #6856, 1000.000000000000000 ) ;
#63 = FILL_AREA_STYLE ('',( #10044 ) ) ;
#64 = FACE_OUTER_BOUND ( 'NONE', #8605, .T. ) ;
#65 = VECTOR ( 'NONE', #10728, 1000.000000000000000 ) ;
#66 = CONTEXT_DEPENDENT_SHAPE_REPRESENTATION ( #5544, #9926 ) ;
#67 = DIRECTION ( 'NONE',  ( -0.0000000000000000000, -0.0000000000000000000, -1.000000000000000000 ) ) ;
#68 = DIRECTION ( 'NONE',  ( -1.000000000000000000, 1.668003342285391100E-017, 0.0000000000000000000 ) ) ;
#69 = ORIENTED_EDGE ( 'NONE', *, *, #3860, .T. ) ;
#70 = CARTESIAN_POINT ( 'NONE',  ( 20.55000000000000100, -2.010000000000008200, -0.0000000000000000000 ) ) ;
#71 = AXIS2_PLACEMENT_3D ( 'NONE', #5908, #412, #6849 ) ;
#72 = VECTOR ( 'NONE', #8185, 1000.000000000000000 ) ;
#73 = EDGE_CURVE ( 'NONE', #2862, #169, #4892, .T. ) ;
#74 = CARTESIAN_POINT ( 'NONE',  ( 4.900000000000001200, -0.8100000000000041600, 5.099999999999999600 ) ) ;
#75 = AXIS2_PLACEMENT_3D ( 'NONE', #5380, #4468, #11806 ) ;
#76 = CARTESIAN_POINT ( 'NONE',  ( -18.39999999999999100, 3.500000000000000000, -50.00000000000000000 ) ) ;
#77 = VERTEX_POINT ( 'NONE', #1160 ) ;
#78 = PRESENTATION_STYLE_ASSIGNMENT (( #10325 ) ) ;
#79 = EDGE_CURVE ( 'NONE', #2159, #6745, #4622, .T. ) ;
#80 = CIRCLE ( 'NONE', #117, 2.149999999999999000 ) ;
#81 = CYLINDRICAL_SURFACE ( 'NONE', #9204, 1.399999999999998600 ) ;
#82 = DIRECTION ( 'NONE',  ( 1.668003342285391400E-017, 1.000000000000000000, -0.0000000000000000000 ) ) ;
#83 = ORIENTED_EDGE ( 'NONE', *, *, #958, .T. ) ;
#84 = VECTOR ( 'NONE', #8672, 1000.000000000000000 ) ;
#85 = DIRECTION ( 'NONE',  ( -1.000000000000000000, 0.0000000000000000000, 0.0000000000000000000 ) ) ;
#86 = CARTESIAN_POINT ( 'NONE',  ( -16.34000000000000000, -0.8100000000000003900, 5.099999999999999600 ) ) ;
#87 = VERTEX_POINT ( 'NONE', #3914 ) ;
#88 = LINE ( 'NONE', #7183, #379 ) ;
#89 =( NAMED_UNIT ( * ) SI_UNIT ( $, .STERADIAN. ) SOLID_ANGLE_UNIT ( ) );
#90 = LINE ( 'NONE', #11348, #6863 ) ;
#91 = DIRECTION ( 'NONE',  ( 1.000000000000000000, 0.0000000000000000000, -0.0000000000000000000 ) ) ;
#92 = FACE_OUTER_BOUND ( 'NONE', #11015, .T. ) ;
#93 = CARTESIAN_POINT ( 'NONE',  ( -30.85999999999999600, 2.751075773784449600, 40.59999999999998000 ) ) ;
#94 = VERTEX_POINT ( 'NONE', #9349 ) ;
#95 = EDGE_CURVE ( 'NONE', #3459, #651, #11659, .T. ) ;
#96 = EDGE_CURVE ( 'NONE', #3758, #10424, #7075, .T. ) ;
#97 = EDGE_CURVE ( 'NONE', #2844, #7566, #5, .T. ) ;
#98 = ORIENTED_EDGE ( 'NONE', *, *, #8220, .F. ) ;
#99 = CARTESIAN_POINT ( 'NONE',  ( -1.199999999999998800, -0.9100000000000041400, 5.099999999999999600 ) ) ;
#100 = ADVANCED_FACE ( 'NONE', ( #6774 ), #9453, .F. ) ;
#101 = ORIENTED_EDGE ( 'NONE', *, *, #9821, .F. ) ;
#102 = DIRECTION ( 'NONE',  ( 1.000000000000000000, -1.210516988697408100E-016, 0.0000000000000000000 ) ) ;
#103 = PRESENTATION_STYLE_ASSIGNMENT (( #653 ) ) ;
#104 = LINE ( 'NONE', #1054, #8580 ) ;
#105 = ORIENTED_EDGE ( 'NONE', *, *, #11667, .F. ) ;
#107 = CARTESIAN_POINT ( 'NONE',  ( 32.20000000000001700, 0.2999999999999999900, 47.20000000000001700 ) ) ;
#106 = SURFACE_STYLE_FILL_AREA ( #9161 ) ;
#108 = VERTEX_POINT ( 'NONE', #296 ) ;
#109 = STYLED_ITEM ( 'NONE', ( #355 ), #9499 ) ;
#110 = UNCERTAINTY_MEASURE_WITH_UNIT (LENGTH_MEASURE( 1.000000000000000100E-005 ), #9631, 'distance_accuracy_value', 'NONE');
#111 = DIRECTION ( 'NONE',  ( -0.0000000000000000000, -0.0000000000000000000, 1.000000000000000000 ) ) ;
#112 = PLANE ( 'NONE',  #10979 ) ;
#113 = VERTEX_POINT ( 'NONE', #6732 ) ;
#114 = DIRECTION ( 'NONE',  ( 0.0000000000000000000, 1.000000000000000000, 0.0000000000000000000 ) ) ;
#115 = EDGE_CURVE ( 'NONE', #6794, #3693, #3013, .T. ) ;
#116 = CIRCLE ( 'NONE', #7015, 0.5000000000000004400 ) ;
#117 = AXIS2_PLACEMENT_3D ( 'NONE', #5389, #11815, #6312 ) ;
#118 = VERTEX_POINT ( 'NONE', #2063 ) ;
#119 = FACE_OUTER_BOUND ( 'NONE', #3963, .T. ) ;
#121 = VERTEX_POINT ( 'NONE', #8560 ) ;
#120 = AXIS2_PLACEMENT_3D ( 'NONE', #9633, #4127, #10561 ) ;
#122 = ORIENTED_EDGE ( 'NONE', *, *, #6928, .T. ) ;
#123 = DIRECTION ( 'NONE',  ( 1.668003342285391100E-017, 1.000000000000000000, -0.0000000000000000000 ) ) ;
#124 = VECTOR ( 'NONE', #10496, 1000.000000000000000 ) ;
#125 = ORIENTED_EDGE ( 'NONE', *, *, #4873, .F. ) ;
#126 = STYLED_ITEM ( 'NONE', ( #5309 ), #10920 ) ;
#127 = VECTOR ( 'NONE', #10264, 1000.000000000000000 ) ;
#128 = ORIENTED_EDGE ( 'NONE', *, *, #10006, .F. ) ;
#129 = LINE ( 'NONE', #7055, #11793 ) ;
#130 = DIRECTION ( 'NONE',  ( 0.0000000000000000000, 0.0000000000000000000, 1.000000000000000000 ) ) ;
#131 = ORIENTED_EDGE ( 'NONE', *, *, #2390, .F. ) ;
#132 = VECTOR ( 'NONE', #10329, 1000.000000000000000 ) ;
#133 = AXIS2_PLACEMENT_3D ( 'NONE', #9416, #10351, #4839 ) ;
#134 = FILL_AREA_STYLE_COLOUR ( '', #11518 ) ;
#135 = CARTESIAN_POINT ( 'NONE',  ( -34.39999999999999900, 9.722539674441609500, -45.00000000000001400 ) ) ;
#136 = CARTESIAN_POINT ( 'NONE',  ( 14.39999999999999900, -4.815124837953332500, 1.300000000000002500 ) ) ;
#137 = CARTESIAN_POINT ( 'NONE',  ( 11.79999999999999900, -0.9100000000000062500, 0.7000000000000030600 ) ) ;
#138 = FILL_AREA_STYLE ('',( #4728 ) ) ;
#139 = PRESENTATION_STYLE_ASSIGNMENT (( #4827 ) ) ;
#140 = DIRECTION ( 'NONE',  ( -1.000000000000000000, -0.0000000000000000000, -0.0000000000000000000 ) ) ;
#141 = VERTEX_POINT ( 'NONE', #9492 ) ;
#142 = DIRECTION ( 'NONE',  ( 0.0000000000000000000, 0.0000000000000000000, 1.000000000000000000 ) ) ;
#143 = PRODUCT_DEFINITION_FORMATION_WITH_SPECIFIED_SOURCE ( 'ANY', '', #9815, .NOT_KNOWN. ) ;
#144 = ORIENTED_EDGE ( 'NONE', *, *, #2309, .F. ) ;
#145 = DIRECTION ( 'NONE',  ( -1.000000000000000000, -0.0000000000000000000, -0.0000000000000000000 ) ) ;
#146 = AXIS2_PLACEMENT_3D ( 'NONE', #1512, #7956, #2439 ) ;
#147 = EDGE_CURVE ( 'NONE', #1615, #11733, #10046, .T. ) ;
#148 = AXIS2_PLACEMENT_3D ( 'NONE', #253, #6690, #1195 ) ;
#149 = ORIENTED_EDGE ( 'NONE', *, *, #9805, .T. ) ;
#150 = DIRECTION ( 'NONE',  ( 1.049727191138616500E-016, 0.5150380749100571500, -0.8571673007021105600 ) ) ;
#151 = CARTESIAN_POINT ( 'NONE',  ( 15.69999999999999900, -0.8100000000000044900, 1.300000000000002000 ) ) ;
#152 = DIRECTION ( 'NONE',  ( -1.668003342285391400E-017, -1.000000000000000000, 0.0000000000000000000 ) ) ;
#153 = CARTESIAN_POINT ( 'NONE',  ( 21.30000000000000100, -0.4500000000000074500, 0.0000000000000000000 ) ) ;
#154 = ORIENTED_EDGE ( 'NONE', *, *, #7907, .F. ) ;
#155 = DIRECTION ( 'NONE',  ( 1.668003342285391100E-017, 1.000000000000000000, -0.0000000000000000000 ) ) ;
#156 = ORIENTED_EDGE ( 'NONE', *, *, #1938, .T. ) ;
#157 = CARTESIAN_POINT ( 'NONE',  ( 10.50000000000000000, -0.8100000000000042700, 1.299999999999999600 ) ) ;
#158 = ADVANCED_FACE ( 'NONE', ( #5457 ), #7647, .F. ) ;
#159 = CIRCLE ( 'NONE', #11580, 2.000000000000001800 ) ;
#160 = ORIENTED_EDGE ( 'NONE', *, *, #6445, .T. ) ;
#161 = CARTESIAN_POINT ( 'NONE',  ( -13.34000000000000200, -0.8100000000000008300, 1.299999999999999200 ) ) ;
#162 = STYLED_ITEM ( 'NONE', ( #5237 ), #1495 ) ;
#163 = VERTEX_POINT ( 'NONE', #3080 ) ;
#164 = CARTESIAN_POINT ( 'NONE',  ( -34.99999999999999300, 3.500000000000000000, 48.00000000000000000 ) ) ;
#165 = ORIENTED_EDGE ( 'NONE', *, *, #8346, .T. ) ;
#166 =( NAMED_UNIT ( * ) PLANE_ANGLE_UNIT ( ) SI_UNIT ( $, .RADIAN. ) );
#167 = CARTESIAN_POINT ( 'NONE',  ( 30.86000000000001700, 10.74102034176674400, 38.09999999999998000 ) ) ;
#168 = STYLED_ITEM ( 'NONE', ( #11129 ), #6621 ) ;
#169 = VERTEX_POINT ( 'NONE', #6813 ) ;
#170 = EDGE_CURVE ( 'NONE', #11396, #2740, #4588, .T. ) ;
#171 = DIRECTION ( 'NONE',  ( -0.0000000000000000000, -0.0000000000000000000, 1.000000000000000000 ) ) ;
#172 = LINE ( 'NONE', #6110, #7231 ) ;
#173 = DIRECTION ( 'NONE',  ( -0.0000000000000000000, -0.0000000000000000000, 1.000000000000000000 ) ) ;
#174 = ORIENTED_EDGE ( 'NONE', *, *, #5887, .T. ) ;
#175 = CARTESIAN_POINT ( 'NONE',  ( -35.00000000000000000, 0.5000000000000000000, -34.75000000000001400 ) ) ;
#176 =( NAMED_UNIT ( * ) PLANE_ANGLE_UNIT ( ) SI_UNIT ( $, .RADIAN. ) );
#177 = ORIENTED_EDGE ( 'NONE', *, *, #4503, .T. ) ;
#178 = CARTESIAN_POINT ( 'NONE',  ( 34.39999999999999900, 0.2999999999999999900, 48.00000000000000000 ) ) ;
#179 = ORIENTED_EDGE ( 'NONE', *, *, #11830, .F. ) ;
#180 = CARTESIAN_POINT ( 'NONE',  ( 2.700000000000002000, -0.9100000000000031400, 5.099999999999999600 ) ) ;
#181 = VECTOR ( 'NONE', #46, 1000.000000000000000 ) ;
#182 = EDGE_CURVE ( 'NONE', #3723, #11357, #9182, .T. ) ;
#183 = MECHANICAL_DESIGN_GEOMETRIC_PRESENTATION_REPRESENTATION (  '', ( #10913 ), #835 ) ;
#184 = CARTESIAN_POINT ( 'NONE',  ( 9.200000000000001100, -0.8100000000000041600, 5.099999999999999600 ) ) ;
#185 = EDGE_LOOP ( 'NONE', ( #9464, #1473, #8688, #8119 ) ) ;
#186 = AXIS2_PLACEMENT_3D ( 'NONE', #11692, #6189, #4387 ) ;
#187 = PLANE ( 'NONE',  #343 ) ;
#188 = ORIENTED_EDGE ( 'NONE', *, *, #6964, .T. ) ;
#189 = UNCERTAINTY_MEASURE_WITH_UNIT (LENGTH_MEASURE( 1.000000000000000100E-005 ), #9653, 'distance_accuracy_value', 'NONE');
#190 = ORIENTED_EDGE ( 'NONE', *, *, #10282, .T. ) ;
#191 = DIRECTION ( 'NONE',  ( 1.000000000000000000, 0.0000000000000000000, 0.0000000000000000000 ) ) ;
#192 = LINE ( 'NONE', #4059, #9686 ) ;
#193 = CARTESIAN_POINT ( 'NONE',  ( 13.10000000000000100, -0.8100000000000042700, 5.099999999999999600 ) ) ;
#194 = SURFACE_STYLE_USAGE ( .BOTH. , #5703 ) ;
#195 = PRESENTATION_LAYER_ASSIGNMENT (  '', '', ( #2051 ) ) ;
#196 = CARTESIAN_POINT ( 'NONE',  ( 30.86000000000001700, -3.500000000000000000, 41.84999999999998700 ) ) ;
#197 = DIRECTION ( 'NONE',  ( 0.0000000000000000000, 0.0000000000000000000, 1.000000000000000000 ) ) ;
#198 = VERTEX_POINT ( 'NONE', #9576 ) ;
#199 = ORIENTED_EDGE ( 'NONE', *, *, #11795, .T. ) ;
#200 = ORIENTED_EDGE ( 'NONE', *, *, #6407, .F. ) ;
#201 = DIRECTION ( 'NONE',  ( 0.0000000000000000000, -1.000000000000000000, 0.0000000000000000000 ) ) ;
#202 = VECTOR ( 'NONE', #598, 1000.000000000000200 ) ;
#203 = LINE ( 'NONE', #2472, #2675 ) ;
#204 = DIRECTION ( 'NONE',  ( 0.0000000000000000000, 0.0000000000000000000, -1.000000000000000000 ) ) ;
#205 = VECTOR ( 'NONE', #9065, 1000.000000000000000 ) ;
#206 = DIRECTION ( 'NONE',  ( 0.0000000000000000000, 0.0000000000000000000, 1.000000000000000000 ) ) ;
#207 = DIRECTION ( 'NONE',  ( 0.0000000000000000000, 0.0000000000000000000, -1.000000000000000000 ) ) ;
#208 = FILL_AREA_STYLE ('',( #11225 ) ) ;
#209 = VECTOR ( 'NONE', #7533, 1000.000000000000000 ) ;
#210 = ORIENTED_EDGE ( 'NONE', *, *, #11801, .F. ) ;
#211 = PRESENTATION_LAYER_ASSIGNMENT (  '', '', ( #10938 ) ) ;
#212 = DIRECTION ( 'NONE',  ( 1.404634393503487300E-016, 0.0000000000000000000, 1.000000000000000000 ) ) ;
#213 = DIRECTION ( 'NONE',  ( -0.0000000000000000000, 1.000000000000000000, -0.0000000000000000000 ) ) ;
#214 = VECTOR ( 'NONE', #8491, 1000.000000000000000 ) ;
#215 = CARTESIAN_POINT ( 'NONE',  ( -2.499999999999997300, -0.8100000000000040500, 1.299999999999999200 ) ) ;
#216 =( NAMED_UNIT ( * ) PLANE_ANGLE_UNIT ( ) SI_UNIT ( $, .RADIAN. ) );
#217 = STYLED_ITEM ( 'NONE', ( #4865 ), #4684 ) ;
#218 = EDGE_CURVE ( 'NONE', #5210, #1461, #4304, .T. ) ;
#219 = LINE ( 'NONE', #7620, #2684 ) ;
#220 = CARTESIAN_POINT ( 'NONE',  ( 10.50000000000000000, -0.8100000000000042700, 1.299999999999999200 ) ) ;
#221 = EDGE_CURVE ( 'NONE', #25, #4427, #2128, .T. ) ;
#222 = ADVANCED_FACE ( 'NONE', ( #1856, #8892, #4001, #1578, #11061 ), #415, .T. ) ;
#223 = VECTOR ( 'NONE', #10941, 1000.000000000000000 ) ;
#224 = ORIENTED_EDGE ( 'NONE', *, *, #7208, .F. ) ;
#225 = CARTESIAN_POINT ( 'NONE',  ( -13.34000000000000200, -0.9100000000000003600, 1.299999999999999600 ) ) ;
#226 = ORIENTED_EDGE ( 'NONE', *, *, #10944, .T. ) ;
#227 = VECTOR ( 'NONE', #11318, 1000.000000000000000 ) ;
#228 = LINE ( 'NONE', #6489, #7287 ) ;
#229 = DIRECTION ( 'NONE',  ( 0.0000000000000000000, 1.000000000000000000, 0.0000000000000000000 ) ) ;
#230 = DIRECTION ( 'NONE',  ( 0.0000000000000000000, 1.000000000000000000, 0.0000000000000000000 ) ) ;
#231 = LINE ( 'NONE', #6867, #7563 ) ;
#232 = FACE_OUTER_BOUND ( 'NONE', #7900, .T. ) ;
#234 = EDGE_CURVE ( 'NONE', #4198, #2833, #8587, .T. ) ;
#233 = VERTEX_POINT ( 'NONE', #9617 ) ;
#235 = STYLED_ITEM ( 'NONE', ( #11024 ), #923 ) ;
#236 = DIRECTION ( 'NONE',  ( 0.0000000000000000000, 0.0000000000000000000, -1.000000000000000000 ) ) ;
#237 = EDGE_CURVE ( 'NONE', #4306, #9965, #1286, .T. ) ;
#238 = VERTEX_POINT ( 'NONE', #5954 ) ;
#239 = CIRCLE ( 'NONE', #10917, 0.5000000000000004400 ) ;
#240 = VECTOR ( 'NONE', #7866, 1000.000000000000000 ) ;
#241 = LINE ( 'NONE', #7688, #4846 ) ;
#242 = VECTOR ( 'NONE', #281, 1000.000000000000000 ) ;
#243 = CIRCLE ( 'NONE', #7230, 1.249999999999987100 ) ;
#244 = VERTEX_POINT ( 'NONE', #6899 ) ;
#245 = CARTESIAN_POINT ( 'NONE',  ( 35.00000000000001400, 0.5000000000000000000, 41.84999999999998000 ) ) ;
#246 =( NAMED_UNIT ( * ) SI_UNIT ( $, .STERADIAN. ) SOLID_ANGLE_UNIT ( ) );
#247 = CARTESIAN_POINT ( 'NONE',  ( 15.69999999999999900, -4.815124837953332500, 1.300000000000002500 ) ) ;
#248 = CARTESIAN_POINT ( 'NONE',  ( -30.85999999999999600, 0.5000000000000000000, 39.34999999999998000 ) ) ;
#249 = EDGE_LOOP ( 'NONE', ( #10121, #859 ) ) ;
#250 = VECTOR ( 'NONE', #8256, 1000.000000000000000 ) ;
#251 = CARTESIAN_POINT ( 'NONE',  ( -22.80000000000000100, 2.849999999999991700, 7.000000000000000000 ) ) ;
#252 = CARTESIAN_POINT ( 'NONE',  ( -11.21999999999999900, -0.9100000000000011400, 0.7000000000000001800 ) ) ;
#253 = CARTESIAN_POINT ( 'NONE',  ( -32.20000000000001700, 0.2999999999999999900, 47.20000000000001700 ) ) ;
#254 = VERTEX_POINT ( 'NONE', #1397 ) ;
#255 = EDGE_CURVE ( 'NONE', #4488, #7460, #10476, .T. ) ;
#256 = AXIS2_PLACEMENT_3D ( 'NONE', #2942, #10288, #4776 ) ;
#257 = VERTEX_POINT ( 'NONE', #456 ) ;
#258 = LINE ( 'NONE', #1594, #9456 ) ;
#259 = CARTESIAN_POINT ( 'NONE',  ( -32.20000000000001700, -0.2999999999999999900, -47.20000000000001700 ) ) ;
#260 = EDGE_LOOP ( 'NONE', ( #1209, #10199, #8759, #5233 ) ) ;
#261 = UNCERTAINTY_MEASURE_WITH_UNIT (LENGTH_MEASURE( 1.000000000000000100E-005 ), #9324, 'distance_accuracy_value', 'NONE');
#262 = AXIS2_PLACEMENT_3D ( 'NONE', #8720, #3250, #9658 ) ;
#263 = CARTESIAN_POINT ( 'NONE',  ( 34.50000000000001400, -3.500000000000000000, 48.00000000000000000 ) ) ;
#264 = CARTESIAN_POINT ( 'NONE',  ( 26.55000000000000400, -3.500000000000000000, -49.50000000000000000 ) ) ;
#265 = ORIENTED_EDGE ( 'NONE', *, *, #2812, .F. ) ;
#266 = LINE ( 'NONE', #10632, #2734 ) ;
#267 = CONICAL_SURFACE ( 'NONE', #9692, 1.250000000000001100, 1.029744258676653900 ) ;
#268 = ORIENTED_EDGE ( 'NONE', *, *, #4547, .T. ) ;
#269 = LINE ( 'NONE', #2671, #7047 ) ;
#270 = STYLED_ITEM ( 'NONE', ( #10093 ), #9806 ) ;
#271 = ORIENTED_EDGE ( 'NONE', *, *, #1112, .F. ) ;
#272 = EDGE_LOOP ( 'NONE', ( #7904, #9072, #8011, #4593 ) ) ;
#273 = CIRCLE ( 'NONE', #5460, 0.5000000000000004400 ) ;
#274 = CARTESIAN_POINT ( 'NONE',  ( -16.34000000000000000, 0.2899999999999994800, 5.099999999999999600 ) ) ;
#275 = CARTESIAN_POINT ( 'NONE',  ( 30.86000000000000700, -3.500000000000000000, -37.25000000000000700 ) ) ;
#276 = DIRECTION ( 'NONE',  ( -0.0000000000000000000, -1.000000000000000000, -0.0000000000000000000 ) ) ;
#277 =( LENGTH_UNIT ( ) NAMED_UNIT ( * ) SI_UNIT ( .MILLI., .METRE. ) );
#278 = EDGE_CURVE ( 'NONE', #4110, #4266, #1013, .T. ) ;
#279 = LINE ( 'NONE', #4022, #4880 ) ;
#280 = ADVANCED_FACE ( 'NONE', ( #5589 ), #11513, .F. ) ;
#281 = DIRECTION ( 'NONE',  ( 1.000000000000000000, -2.409338161078899700E-016, 1.204669080539449800E-016 ) ) ;
#282 = PRESENTATION_LAYER_ASSIGNMENT (  '', '', ( #11001 ) ) ;
#283 = CARTESIAN_POINT ( 'NONE',  ( -34.39999999999999900, 3.500000000000000000, -50.00000000000000000 ) ) ;
#284 = DIRECTION ( 'NONE',  ( -0.0000000000000000000, 0.0000000000000000000, -1.000000000000000000 ) ) ;
#285 = CARTESIAN_POINT ( 'NONE',  ( -15.94000000000000300, -0.9100000000000010300, 5.100000000000000500 ) ) ;
#286 = AXIS2_PLACEMENT_3D ( 'NONE', #9305, #10230, #4723 ) ;
#287 = LINE ( 'NONE', #11869, #1381 ) ;
#288 = DIRECTION ( 'NONE',  ( 1.668003342285391100E-017, 1.000000000000000000, -0.0000000000000000000 ) ) ;
#289 = EDGE_CURVE ( 'NONE', #4007, #8596, #3138, .T. ) ;
#290 = ORIENTED_EDGE ( 'NONE', *, *, #4081, .T. ) ;
#291 = CARTESIAN_POINT ( 'NONE',  ( 0.0000000000000000000, 0.2649999999999954600, 1.070000000000000700 ) ) ;
#292 = VERTEX_POINT ( 'NONE', #3287 ) ;
#293 = FILL_AREA_STYLE ('',( #6687 ) ) ;
#294 = DIRECTION ( 'NONE',  ( -0.0000000000000000000, -0.0000000000000000000, -1.000000000000000000 ) ) ;
#295 = ADVANCED_FACE ( 'NONE', ( #708 ), #6878, .F. ) ;
#296 = CARTESIAN_POINT ( 'NONE',  ( -32.20000000000001700, 0.2999999999999999900, -45.05000000000001800 ) ) ;
#297 = SURFACE_SIDE_STYLE ('',( #8829 ) ) ;
#298 = VECTOR ( 'NONE', #4795, 1000.000000000000000 ) ;
#299 = CARTESIAN_POINT ( 'NONE',  ( -34.39999999999999900, 0.2999999999999999900, 48.00000000000000000 ) ) ;
#300 = SURFACE_STYLE_FILL_AREA ( #6788 ) ;
#301 = ORIENTED_EDGE ( 'NONE', *, *, #8571, .T. ) ;
#302 = AXIS2_PLACEMENT_3D ( 'NONE', #316, #8588, #3102 ) ;
#303 = EDGE_CURVE ( 'NONE', #8401, #11406, #9323, .T. ) ;
#304 = ORIENTED_EDGE ( 'NONE', *, *, #9876, .F. ) ;
#305 = AXIS2_PLACEMENT_3D ( 'NONE', #9760, #4217, #4254 ) ;
#306 = ORIENTED_EDGE ( 'NONE', *, *, #10726, .T. ) ;
#307 =( NAMED_UNIT ( * ) SI_UNIT ( $, .STERADIAN. ) SOLID_ANGLE_UNIT ( ) );
#308 = VECTOR ( 'NONE', #1475, 1000.000000000000000 ) ;
#309 = FACE_OUTER_BOUND ( 'NONE', #7507, .T. ) ;
#310 = ORIENTED_EDGE ( 'NONE', *, *, #3505, .T. ) ;
#311 = SURFACE_STYLE_USAGE ( .BOTH. , #5823 ) ;
#312 = CARTESIAN_POINT ( 'NONE',  ( 5.300000000000001600, -0.9100000000000031400, 5.099999999999999600 ) ) ;
#313 = ORIENTED_EDGE ( 'NONE', *, *, #2023, .F. ) ;
#314 = ORIENTED_EDGE ( 'NONE', *, *, #9624, .F. ) ;
#315 = LINE ( 'NONE', #9485, #11399 ) ;
#316 = CARTESIAN_POINT ( 'NONE',  ( -6.999999999999998200, -0.8100000000000017200, -20.72142852218446800 ) ) ;
#317 = AXIS2_PLACEMENT_3D ( 'NONE', #135, #1987, #8413 ) ;
#318 = EDGE_LOOP ( 'NONE', ( #5917, #7031, #5465 ) ) ;
#319 = DIRECTION ( 'NONE',  ( 0.0000000000000000000, 0.0000000000000000000, 1.000000000000000000 ) ) ;
#320 = EDGE_CURVE ( 'NONE', #10860, #3745, #11771, .T. ) ;
#321 = AXIS2_PLACEMENT_3D ( 'NONE', #490, #6936, #1427 ) ;
#322 = EDGE_CURVE ( 'NONE', #9804, #9249, #4443, .T. ) ;
#323 = EDGE_CURVE ( 'NONE', #5250, #5037, #2271, .T. ) ;
#324 = ORIENTED_EDGE ( 'NONE', *, *, #11163, .F. ) ;
#325 = VECTOR ( 'NONE', #2767, 1000.000000000000000 ) ;
#326 = VECTOR ( 'NONE', #763, 999.9999999999998900 ) ;
#327 = DIRECTION ( 'NONE',  ( 0.0000000000000000000, 0.0000000000000000000, -1.000000000000000000 ) ) ;
#328 = CYLINDRICAL_SURFACE ( 'NONE', #11844, 0.7999999999999951600 ) ;
#329 = DIRECTION ( 'NONE',  ( -0.0000000000000000000, 1.000000000000000000, -0.0000000000000000000 ) ) ;
#330 = EDGE_LOOP ( 'NONE', ( #11760, #5219, #5123, #3063 ) ) ;
#331 = CARTESIAN_POINT ( 'NONE',  ( -12.44000000000000100, -0.9100000000000004800, 5.099999999999999600 ) ) ;
#332 = PRESENTATION_LAYER_ASSIGNMENT (  '', '', ( #11661 ) ) ;
#333 = PLANE ( 'NONE',  #9872 ) ;
#334 = ADVANCED_FACE ( 'NONE', ( #6591 ), #2433, .T. ) ;
#335 = UNCERTAINTY_MEASURE_WITH_UNIT (LENGTH_MEASURE( 1.000000000000000100E-005 ), #1450, 'distance_accuracy_value', 'NONE');
#336 = VERTEX_POINT ( 'NONE', #7953 ) ;
#337 = DIRECTION ( 'NONE',  ( 0.0000000000000000000, -1.000000000000000000, -0.0000000000000000000 ) ) ;
#338 = ORIENTED_EDGE ( 'NONE', *, *, #3434, .F. ) ;
#339 = EDGE_CURVE ( 'NONE', #9402, #10969, #3297, .T. ) ;
#340 = AXIS2_PLACEMENT_3D ( 'NONE', #11501, #7847, #2321 ) ;
#341 = FACE_OUTER_BOUND ( 'NONE', #5110, .T. ) ;
#342 = LINE ( 'NONE', #11122, #8007 ) ;
#343 = AXIS2_PLACEMENT_3D ( 'NONE', #6625, #1136, #7543 ) ;
#344 = FACE_BOUND ( 'NONE', #3492, .T. ) ;
#345 = CARTESIAN_POINT ( 'NONE',  ( -20.55000000000000100, 1.269999999999992000, 5.099999999999999600 ) ) ;
#346 = EDGE_LOOP ( 'NONE', ( #8035, #11330, #8965, #3590 ) ) ;
#347 = CARTESIAN_POINT ( 'NONE',  ( 16.60000000000000500, 0.6699999999999920500, 5.099999999999999600 ) ) ;
#348 = SURFACE_SIDE_STYLE ('',( #10934 ) ) ;
#349 = ORIENTED_EDGE ( 'NONE', *, *, #742, .F. ) ;
#350 = ADVANCED_FACE ( 'NONE', ( #10326 ), #7582, .F. ) ;
#351 = AXIS2_PLACEMENT_3D ( 'NONE', #5273, #11704, #6197 ) ;
#352 = CARTESIAN_POINT ( 'NONE',  ( 4.900000000000001200, -0.8100000000000041600, 5.099999999999999600 ) ) ;
#353 = VECTOR ( 'NONE', #3306, 1000.000000000000000 ) ;
#354 = SHAPE_DEFINITION_REPRESENTATION ( #7816, #9247 ) ;
#355 = PRESENTATION_STYLE_ASSIGNMENT (( #9233 ) ) ;
#356 = CARTESIAN_POINT ( 'NONE',  ( 33.90000000000001300, 3.500000000000000000, 37.59999999999998000 ) ) ;
#357 = ORIENTED_EDGE ( 'NONE', *, *, #1349, .F. ) ;
#358 = LINE ( 'NONE', #4480, #9862 ) ;
#359 = DIRECTION ( 'NONE',  ( 1.000000000000000000, -2.409338161078899700E-016, 0.0000000000000000000 ) ) ;
#360 = CARTESIAN_POINT ( 'NONE',  ( -15.94000000000000300, -0.9100000000000010300, 5.100000000000000500 ) ) ;
#361 = ORIENTED_EDGE ( 'NONE', *, *, #5784, .T. ) ;
#362 = VECTOR ( 'NONE', #7107, 1000.000000000000000 ) ;
#363 = CARTESIAN_POINT ( 'NONE',  ( 5.300000000000002500, -0.9100000000000029200, 5.099999999999999600 ) ) ;
#364 = CARTESIAN_POINT ( 'NONE',  ( -30.86000000000000700, 2.899999999999999900, -33.50000000000000000 ) ) ;
#365 = LINE ( 'NONE', #4262, #4957 ) ;
#366 = AXIS2_PLACEMENT_3D ( 'NONE', #9041, #3546, #9958 ) ;
#367 = CARTESIAN_POINT ( 'NONE',  ( 0.0000000000000000000, -0.2650000000000035700, 1.069999999999999000 ) ) ;
#368 = VECTOR ( 'NONE', #3264, 999.9999999999998900 ) ;
#369 = ORIENTED_EDGE ( 'NONE', *, *, #8296, .T. ) ;
#370 = CARTESIAN_POINT ( 'NONE',  ( 12.69999999999999900, -0.8100000000000042700, 5.099999999999999600 ) ) ;
#371 = CARTESIAN_POINT ( 'NONE',  ( -30.86000000000000700, 1.999999999999999600, -34.75000000000000000 ) ) ;
#372 = AXIS2_PLACEMENT_3D ( 'NONE', #7280, #1780, #8219 ) ;
#373 = LINE ( 'NONE', #8633, #7432 ) ;
#374 = CARTESIAN_POINT ( 'NONE',  ( 35.00000000000000000, 0.5000000000000000000, -36.00000000000000700 ) ) ;
#375 = EDGE_CURVE ( 'NONE', #5136, #7456, #554, .T. ) ;
#376 = SURFACE_STYLE_USAGE ( .BOTH. , #5884 ) ;
#377 = EDGE_CURVE ( 'NONE', #4699, #2862, #5444, .T. ) ;
#378 = EDGE_LOOP ( 'NONE', ( #11476, #6212, #7296, #10625 ) ) ;
#379 = VECTOR ( 'NONE', #1680, 1000.000000000000000 ) ;
#380 = CIRCLE ( 'NONE', #7695, 1.000000000000000000 ) ;
#381 = PRESENTATION_STYLE_ASSIGNMENT (( #7661 ) ) ;
#382 = EDGE_LOOP ( 'NONE', ( #4991, #9490, #10864, #2870 ) ) ;
#383 = DIRECTION ( 'NONE',  ( -1.000000000000000000, 0.0000000000000000000, 0.0000000000000000000 ) ) ;
#384 = VECTOR ( 'NONE', #3428, 1000.000000000000000 ) ;
#385 = SURFACE_SIDE_STYLE ('',( #8433 ) ) ;
#386 = SURFACE_SIDE_STYLE ('',( #300 ) ) ;
#387 = EDGE_LOOP ( 'NONE', ( #5360, #9276, #11911, #11535, #696, #8595, #4085, #3317 ) ) ;
#388 = VECTOR ( 'NONE', #7977, 1000.000000000000000 ) ;
#389 = CYLINDRICAL_SURFACE ( 'NONE', #10283, 1.249999999999994200 ) ;
#390 = ORIENTED_EDGE ( 'NONE', *, *, #115, .F. ) ;
#391 = DIRECTION ( 'NONE',  ( -3.168854151125935100E-048, -1.899788849813798600E-031, 1.000000000000000000 ) ) ;
#392 = CYLINDRICAL_SURFACE ( 'NONE', #8093, 2.000000000000001800 ) ;
#393 = MECHANICAL_DESIGN_GEOMETRIC_PRESENTATION_REPRESENTATION (  '', ( #9264 ), #1040 ) ;
#394 = EDGE_LOOP ( 'NONE', ( #10853, #3022, #1614, #497 ) ) ;
#395 = AXIS2_PLACEMENT_3D ( 'NONE', #34, #6484, #1002 ) ;
#396 = DIRECTION ( 'NONE',  ( -1.000000000000000000, -0.0000000000000000000, 1.387778780781445900E-016 ) ) ;
#397 = ADVANCED_FACE ( 'NONE', ( #5720 ), #9676, .F. ) ;
#398 = EDGE_CURVE ( 'NONE', #6643, #8317, #1843, .T. ) ;
#399 = CARTESIAN_POINT ( 'NONE',  ( -11.21999999999999900, -0.8100000000000011600, 0.7000000000000027300 ) ) ;
#400 = ORIENTED_EDGE ( 'NONE', *, *, #11051, .T. ) ;
#401 = LINE ( 'NONE', #2424, #9605 ) ;
#402 = ORIENTED_EDGE ( 'NONE', *, *, #11402, .F. ) ;
#403 = CARTESIAN_POINT ( 'NONE',  ( -1.599999999999997600, -0.9100000000000041400, 1.299999999999999200 ) ) ;
#404 = LINE ( 'NONE', #9836, #2871 ) ;
#405 = DIRECTION ( 'NONE',  ( 1.392979236598078500E-016, 1.000000000000000000, -0.0000000000000000000 ) ) ;
#406 = VERTEX_POINT ( 'NONE', #6919 ) ;
#407 = ORIENTED_EDGE ( 'NONE', *, *, #5036, .F. ) ;
#408 = VECTOR ( 'NONE', #1385, 1000.000000000000000 ) ;
#409 = DIRECTION ( 'NONE',  ( 0.0000000000000000000, 0.0000000000000000000, 1.000000000000000000 ) ) ;
#410 = VERTEX_POINT ( 'NONE', #9718 ) ;
#411 = UNCERTAINTY_MEASURE_WITH_UNIT (LENGTH_MEASURE( 1.000000000000000100E-005 ), #626, 'distance_accuracy_value', 'NONE');
#412 = DIRECTION ( 'NONE',  ( -0.0000000000000000000, -1.000000000000000000, -0.0000000000000000000 ) ) ;
#413 = CARTESIAN_POINT ( 'NONE',  ( 2.700000000000002800, -5.401102314577125100, 5.099999999999999600 ) ) ;
#414 = ADVANCED_FACE ( 'NONE', ( #9171 ), #5576, .F. ) ;
#415 = PLANE ( 'NONE',  #8189 ) ;
#416 = CARTESIAN_POINT ( 'NONE',  ( -13.34000000000000300, -0.9100000000000003600, 5.099999999999999600 ) ) ;
#417 = EDGE_CURVE ( 'NONE', #11325, #8773, #1003, .T. ) ;
#418 = LINE ( 'NONE', #5607, #728 ) ;
#419 =( GEOMETRIC_REPRESENTATION_CONTEXT ( 3 ) GLOBAL_UNCERTAINTY_ASSIGNED_CONTEXT ( ( #1526 ) ) GLOBAL_UNIT_ASSIGNED_CONTEXT ( ( #3542, #9956, #4469 ) ) REPRESENTATION_CONTEXT ( 'NONE', 'WORKASPACE' ) );
#420 = EDGE_LOOP ( 'NONE', ( #4861, #4502, #5579, #1586, #8977, #8208 ) ) ;
#421 = VECTOR ( 'NONE', #2378, 1000.000000000000000 ) ;
#422 = CARTESIAN_POINT ( 'NONE',  ( 1.540000000000000000, 0.1325000000000000300, -0.1325000000000000300 ) ) ;
#423 = MECHANICAL_DESIGN_GEOMETRIC_PRESENTATION_REPRESENTATION (  '', ( #9898 ), #1062 ) ;
#424 = ORIENTED_EDGE ( 'NONE', *, *, #491, .F. ) ;
#425 = DIRECTION ( 'NONE',  ( 7.885106708985486100E-016, 0.0000000000000000000, -1.000000000000000000 ) ) ;
#426 = LINE ( 'NONE', #6668, #5012 ) ;
#427 = CARTESIAN_POINT ( 'NONE',  ( 15.29999999999999700, -4.815124837953332500, 5.099999999999999600 ) ) ;
#428 = CARTESIAN_POINT ( 'NONE',  ( -2.899999999999997700, -1.950000000000001300, 5.099999999999999600 ) ) ;
#429 = STYLED_ITEM ( 'NONE', ( #7788 ), #10112 ) ;
#430 = FACE_OUTER_BOUND ( 'NONE', #10686, .T. ) ;
#431 = DIRECTION ( 'NONE',  ( 1.668003342285391100E-017, 1.000000000000000000, 0.0000000000000000000 ) ) ;
#432 = LINE ( 'NONE', #1153, #9634 ) ;
#433 = VERTEX_POINT ( 'NONE', #1528 ) ;
#434 = DIRECTION ( 'NONE',  ( -1.392979236598078500E-016, 1.000000000000000000, 0.0000000000000000000 ) ) ;
#435 = CARTESIAN_POINT ( 'NONE',  ( -33.89999999999998400, 2.899999999999999900, 45.00000000000001400 ) ) ;
#436 = ORIENTED_EDGE ( 'NONE', *, *, #57, .F. ) ;
#437 = DIRECTION ( 'NONE',  ( 1.000000000000000000, 0.0000000000000000000, -0.0000000000000000000 ) ) ;
#438 = SURFACE_STYLE_FILL_AREA ( #3767 ) ;
#439 = VECTOR ( 'NONE', #10651, 1000.000000000000000 ) ;
#440 = EDGE_LOOP ( 'NONE', ( #2987, #6310 ) ) ;
#441 = ORIENTED_EDGE ( 'NONE', *, *, #10155, .T. ) ;
#442 = CARTESIAN_POINT ( 'NONE',  ( 11.79999999999999900, -0.8100000000000042700, 5.099999999999999600 ) ) ;
#443 = DIRECTION ( 'NONE',  ( -0.0000000000000000000, -0.0000000000000000000, 1.000000000000000000 ) ) ;
#444 = ORIENTED_EDGE ( 'NONE', *, *, #9210, .T. ) ;
#445 = DIRECTION ( 'NONE',  ( -0.0000000000000000000, -0.0000000000000000000, 1.000000000000000000 ) ) ;
#446 = CARTESIAN_POINT ( 'NONE',  ( 28.00000000000000400, 3.500000000000000000, -49.39999999999999900 ) ) ;
#447 = FILL_AREA_STYLE_COLOUR ( '', #7152 ) ;
#448 = ORIENTED_EDGE ( 'NONE', *, *, #2657, .F. ) ;
#449 = AXIS2_PLACEMENT_3D ( 'NONE', #8842, #3368, #2470 ) ;
#450 =( NAMED_UNIT ( * ) PLANE_ANGLE_UNIT ( ) SI_UNIT ( $, .RADIAN. ) );
#451 = EDGE_CURVE ( 'NONE', #2074, #4575, #4293, .T. ) ;
#452 = SURFACE_STYLE_FILL_AREA ( #5399 ) ;
#453 = PRESENTATION_STYLE_ASSIGNMENT (( #9860 ) ) ;
#454 = DIRECTION ( 'NONE',  ( 1.668003342285391100E-017, 1.000000000000000000, -0.0000000000000000000 ) ) ;
#455 = ORIENTED_EDGE ( 'NONE', *, *, #7387, .F. ) ;
#456 = CARTESIAN_POINT ( 'NONE',  ( 16.60000000000000500, 0.2899999999999968700, 5.099999999999999600 ) ) ;
#457 = CARTESIAN_POINT ( 'NONE',  ( 1.757653333333334200, -2.168404344971008900E-016, 0.1137733333333334600 ) ) ;
#458 = DIRECTION ( 'NONE',  ( -1.000000000000000000, 0.0000000000000000000, 0.0000000000000000000 ) ) ;
#459 = DIRECTION ( 'NONE',  ( 0.0000000000000000000, 1.000000000000000000, 0.0000000000000000000 ) ) ;
#460 = VERTEX_POINT ( 'NONE', #5175 ) ;
#461 = DIRECTION ( 'NONE',  ( -0.0000000000000000000, -1.000000000000000000, -0.0000000000000000000 ) ) ;
#462 = ORIENTED_EDGE ( 'NONE', *, *, #10200, .T. ) ;
#463 = ADVANCED_FACE ( 'NONE', ( #694 ), #8868, .F. ) ;
#464 = CARTESIAN_POINT ( 'NONE',  ( -0.0000000000000000000, -1.069999999999999800, -0.2649999999999991800 ) ) ;
#465 = LINE ( 'NONE', #3322, #5057 ) ;
#466 = ORIENTED_EDGE ( 'NONE', *, *, #11633, .T. ) ;
#467 = EDGE_CURVE ( 'NONE', #1219, #10041, #10176, .T. ) ;
#468 = VERTEX_POINT ( 'NONE', #1577 ) ;
#469 = AXIS2_PLACEMENT_3D ( 'NONE', #2257, #4109, #10539 ) ;
#470 = CARTESIAN_POINT ( 'NONE',  ( 32.20000000000000300, 2.150000000000010600, 47.20000000000000300 ) ) ;
#471 = CARTESIAN_POINT ( 'NONE',  ( 30.00000000000000400, -2.900000000000000400, -48.89999999999999900 ) ) ;
#472 = ORIENTED_EDGE ( 'NONE', *, *, #3380, .F. ) ;
#473 = FILL_AREA_STYLE ('',( #5970 ) ) ;
#474 = EDGE_CURVE ( 'NONE', #11567, #6593, #2852, .T. ) ;
#475 = CARTESIAN_POINT ( 'NONE',  ( 1.540000000000000000, 0.1325000000000000300, -0.1325000000000000300 ) ) ;
#476 = PLANE ( 'NONE',  #3744 ) ;
#477 = DIRECTION ( 'NONE',  ( 0.0000000000000000000, 0.0000000000000000000, -1.000000000000000000 ) ) ;
#478 = LINE ( 'NONE', #9225, #789 ) ;
#479 = ADVANCED_FACE ( 'NONE', ( #5289 ), #4343, .F. ) ;
#480 = DIRECTION ( 'NONE',  ( -1.000000000000000000, 0.0000000000000000000, 0.0000000000000000000 ) ) ;
#481 = ORIENTED_EDGE ( 'NONE', *, *, #10495, .T. ) ;
#482 = CARTESIAN_POINT ( 'NONE',  ( -32.20000000000000300, -2.100000000000000100, -47.20000000000000300 ) ) ;
#483 = VERTEX_POINT ( 'NONE', #8914 ) ;
#484 = FILL_AREA_STYLE ('',( #11504 ) ) ;
#485 = CIRCLE ( 'NONE', #8203, 1.000000000000000000 ) ;
#486 = LINE ( 'NONE', #2911, #11560 ) ;
#487 = CARTESIAN_POINT ( 'NONE',  ( 8.800000000000002500, -4.815124837953332500, 5.099999999999999600 ) ) ;
#488 = DIRECTION ( 'NONE',  ( -1.000000000000000000, -0.0000000000000000000, -0.0000000000000000000 ) ) ;
#489 = CARTESIAN_POINT ( 'NONE',  ( -15.94000000000000300, -0.8100000000000009400, 5.100000000000000500 ) ) ;
#490 = CARTESIAN_POINT ( 'NONE',  ( 11.40000000000000000, -4.815124837953334200, 5.099999999999999600 ) ) ;
#491 = EDGE_CURVE ( 'NONE', #2866, #6227, #4432, .T. ) ;
#492 = AXIS2_PLACEMENT_3D ( 'NONE', #9889, #4396, #10825 ) ;
#493 = DIRECTION ( 'NONE',  ( 1.000000000000000000, -2.409338161078899700E-016, 0.0000000000000000000 ) ) ;
#494 = ORIENTED_EDGE ( 'NONE', *, *, #1752, .F. ) ;
#495 = PRODUCT_DEFINITION_SHAPE ( 'NONE', 'NONE',  #11942 ) ;
#496 = EDGE_CURVE ( 'NONE', #6511, #4062, #11467, .T. ) ;
#497 = ORIENTED_EDGE ( 'NONE', *, *, #11746, .F. ) ;
#498 = DIRECTION ( 'NONE',  ( 0.3892816206350256900, 0.3892816206350256400, -0.8348171294789871200 ) ) ;
#499 = ORIENTED_EDGE ( 'NONE', *, *, #6499, .F. ) ;
#500 = LINE ( 'NONE', #1516, #7537 ) ;
#501 = DIRECTION ( 'NONE',  ( 1.000000000000000000, 0.0000000000000000000, -0.0000000000000000000 ) ) ;
#502 = DIRECTION ( 'NONE',  ( -0.9963190726394435300, -0.08572225787319877300, -2.992976636877723600E-016 ) ) ;
#503 = LINE ( 'NONE', #3370, #1376 ) ;
#504 =( NAMED_UNIT ( * ) SI_UNIT ( $, .STERADIAN. ) SOLID_ANGLE_UNIT ( ) );
#505 = DIRECTION ( 'NONE',  ( -0.0000000000000000000, -0.0000000000000000000, 1.000000000000000000 ) ) ;
#506 = VECTOR ( 'NONE', #5378, 1000.000000000000100 ) ;
#507 = AXIS2_PLACEMENT_3D ( 'NONE', #7567, #2065, #8484 ) ;
#508 = DIRECTION ( 'NONE',  ( 4.130293990421005200E-015, -1.000000000000000000, 0.0000000000000000000 ) ) ;
#509 = CARTESIAN_POINT ( 'NONE',  ( 33.00000000000001400, -3.000000000000000400, 48.00000000000000000 ) ) ;
#510 = VECTOR ( 'NONE', #2890, 1000.000000000000000 ) ;
#511 = ORIENTED_EDGE ( 'NONE', *, *, #4157, .T. ) ;
#512 = EDGE_CURVE ( 'NONE', #7940, #7368, #1973, .T. ) ;
#513 = AXIS2_PLACEMENT_3D ( 'NONE', #9285, #3782, #10207 ) ;
#514 = CYLINDRICAL_SURFACE ( 'NONE', #641, 0.5000000000000004400 ) ;
#515 = PRESENTATION_LAYER_ASSIGNMENT (  '', '', ( #6053 ) ) ;
#516 = PLANE ( 'NONE',  #3216 ) ;
#517 = CARTESIAN_POINT ( 'NONE',  ( 11.79999999999999900, -0.8100000000000042700, 5.099999999999999600 ) ) ;
#518 = SURFACE_SIDE_STYLE ('',( #4959 ) ) ;
#519 =( NAMED_UNIT ( * ) PLANE_ANGLE_UNIT ( ) SI_UNIT ( $, .RADIAN. ) );
#520 = VECTOR ( 'NONE', #2664, 1000.000000000000000 ) ;
#521 = DIRECTION ( 'NONE',  ( 0.0000000000000000000, 0.0000000000000000000, -1.000000000000000000 ) ) ;
#522 = DIRECTION ( 'NONE',  ( 0.0000000000000000000, -1.000000000000000000, -0.0000000000000000000 ) ) ;
#523 = VECTOR ( 'NONE', #7110, 1000.000000000000100 ) ;
#524 = ORIENTED_EDGE ( 'NONE', *, *, #1805, .T. ) ;
#525 = DIRECTION ( 'NONE',  ( 1.000000000000000000, 0.0000000000000000000, 1.204669080539449800E-016 ) ) ;
#526 = STYLED_ITEM ( 'NONE', ( #8209 ), #11142 ) ;
#527 = ADVANCED_FACE ( 'NONE', ( #9021 ), #4420, .F. ) ;
#528 = ORIENTED_EDGE ( 'NONE', *, *, #6722, .T. ) ;
#529 = CIRCLE ( 'NONE', #3677, 1.249999999999987100 ) ;
#530 = LINE ( 'NONE', #1792, #7561 ) ;
#531 = EDGE_CURVE ( 'NONE', #4182, #8609, #848, .T. ) ;
#532 = LINE ( 'NONE', #6623, #4270 ) ;
#533 = CARTESIAN_POINT ( 'NONE',  ( 11.40000000000000000, -0.9100000000000065800, 5.099999999999999600 ) ) ;
#534 = DIRECTION ( 'NONE',  ( 0.0000000000000000000, 0.0000000000000000000, -1.000000000000000000 ) ) ;
#535 = EDGE_LOOP ( 'NONE', ( #755, #1810, #9314, #2790 ) ) ;
#536 = CARTESIAN_POINT ( 'NONE',  ( -14.64000000000000100, -0.8100000000000006100, 5.099999999999999600 ) ) ;
#537 = CARTESIAN_POINT ( 'NONE',  ( 30.86000000000000700, -3.500000000000000000, -36.00000000000000700 ) ) ;
#538 = CIRCLE ( 'NONE', #10801, 0.7999999999999951600 ) ;
#539 = DIRECTION ( 'NONE',  ( -1.000000000000000000, -0.0000000000000000000, -0.0000000000000000000 ) ) ;
#540 = FILL_AREA_STYLE_COLOUR ( '', #8681 ) ;
#541 = EDGE_LOOP ( 'NONE', ( #7326, #1312, #2666, #6472, #5782, #5692 ) ) ;
#542 = VECTOR ( 'NONE', #10775, 1000.000000000000200 ) ;
#543 = LINE ( 'NONE', #2347, #240 ) ;
#544 = ADVANCED_FACE ( 'NONE', ( #3283 ), #2986, .F. ) ;
#545 = VECTOR ( 'NONE', #2109, 1000.000000000000000 ) ;
#546 = LINE ( 'NONE', #10376, #5440 ) ;
#548 = DIRECTION ( 'NONE',  ( 0.0000000000000000000, 0.0000000000000000000, -1.000000000000000000 ) ) ;
#547 = PRESENTATION_LAYER_ASSIGNMENT (  '', '', ( #11239 ) ) ;
#549 = FILL_AREA_STYLE_COLOUR ( '', #9306 ) ;
#551 = EDGE_CURVE ( 'NONE', #8997, #7012, #5432, .T. ) ;
#550 = ORIENTED_EDGE ( 'NONE', *, *, #5875, .F. ) ;
#552 = CARTESIAN_POINT ( 'NONE',  ( -8.699999999999999300, -0.8100000000000015000, 5.099999999999999600 ) ) ;
#553 = STYLED_ITEM ( 'NONE', ( #11190 ), #334 ) ;
#554 = LINE ( 'NONE', #5971, #2998 ) ;
#555 = DIRECTION ( 'NONE',  ( 0.8518743543862779000, 0.07329438438713267700, -0.5185923423617758700 ) ) ;
#556 = ORIENTED_EDGE ( 'NONE', *, *, #377, .F. ) ;
#557 = LINE ( 'NONE', #10987, #10037 ) ;
#558 = VECTOR ( 'NONE', #8107, 1000.000000000000000 ) ;
#559 = SURFACE_SIDE_STYLE ('',( #5942 ) ) ;
#560 = LINE ( 'NONE', #1767, #10040 ) ;
#561 = VERTEX_POINT ( 'NONE', #9920 ) ;
#562 = EDGE_LOOP ( 'NONE', ( #3062, #2554, #1008, #3515 ) ) ;
#563 = LINE ( 'NONE', #7942, #5453 ) ;
#564 = DIRECTION ( 'NONE',  ( 1.000000000000000000, 0.0000000000000000000, 0.0000000000000000000 ) ) ;
#565 = VERTEX_POINT ( 'NONE', #8168 ) ;
#566 = DIRECTION ( 'NONE',  ( -0.0000000000000000000, -1.000000000000000000, -0.0000000000000000000 ) ) ;
#567 = FILL_AREA_STYLE ('',( #6055 ) ) ;
#568 = VECTOR ( 'NONE', #5802, 1000.000000000000000 ) ;
#569 = DIRECTION ( 'NONE',  ( -0.0000000000000000000, 1.000000000000000000, -0.0000000000000000000 ) ) ;
#570 = CARTESIAN_POINT ( 'NONE',  ( 5.300000000000002500, -0.9100000000000029200, 0.7000000000000010700 ) ) ;
#571 = DIRECTION ( 'NONE',  ( 0.0000000000000000000, 0.0000000000000000000, 1.000000000000000000 ) ) ;
#572 = LINE ( 'NONE', #6898, #10048 ) ;
#573 = LINE ( 'NONE', #11296, #5160 ) ;
#574 = AXIS2_PLACEMENT_3D ( 'NONE', #11453, #5931, #437 ) ;
#575 = ORIENTED_EDGE ( 'NONE', *, *, #2605, .T. ) ;
#576 = VERTEX_POINT ( 'NONE', #2658 ) ;
#577 = VERTEX_POINT ( 'NONE', #9989 ) ;
#578 = FILL_AREA_STYLE ('',( #4222 ) ) ;
#579 = EDGE_CURVE ( 'NONE', #4575, #2074, #538, .T. ) ;
#580 = EDGE_CURVE ( 'NONE', #2621, #11555, #10015, .T. ) ;
#581 = UNCERTAINTY_MEASURE_WITH_UNIT (LENGTH_MEASURE( 1.000000000000000100E-005 ), #7644, 'distance_accuracy_value', 'NONE');
#582 = DIRECTION ( 'NONE',  ( 1.668003342285391100E-017, 1.000000000000000000, -0.0000000000000000000 ) ) ;
#583 = DIRECTION ( 'NONE',  ( 0.0000000000000000000, 1.000000000000000000, 0.0000000000000000000 ) ) ;
#584 = CARTESIAN_POINT ( 'NONE',  ( -33.89999999999998400, 2.899999999999999900, 43.09999999999998700 ) ) ;
#585 = DIRECTION ( 'NONE',  ( 1.000000000000000000, -1.668003342285391100E-017, 0.0000000000000000000 ) ) ;
#586 = FILL_AREA_STYLE ('',( #7014 ) ) ;
#587 = CARTESIAN_POINT ( 'NONE',  ( -8.300000000000002500, -0.9100000000000010300, 5.099999999999999600 ) ) ;
#588 = CARTESIAN_POINT ( 'NONE',  ( -8.299999999999998900, -0.9100000000000010300, 0.6999999999999997300 ) ) ;
#589 = CARTESIAN_POINT ( 'NONE',  ( -21.30000000000000100, -0.4500000000000074500, 7.000000000000000000 ) ) ;
#590 = ORIENTED_EDGE ( 'NONE', *, *, #2338, .T. ) ;
#591 = FILL_AREA_STYLE_COLOUR ( '', #1717 ) ;
#592 = DIRECTION ( 'NONE',  ( 1.000000000000000000, -1.392979236598078500E-016, 0.0000000000000000000 ) ) ;
#593 = EDGE_CURVE ( 'NONE', #767, #5374, #5705, .T. ) ;
#594 = MECHANICAL_DESIGN_GEOMETRIC_PRESENTATION_REPRESENTATION (  '', ( #10676 ), #1205 ) ;
#595 = SURFACE_STYLE_USAGE ( .BOTH. , #6080 ) ;
#596 = STYLED_ITEM ( 'NONE', ( #8704 ), #2776 ) ;
#597 = LINE ( 'NONE', #3882, #2020 ) ;
#598 = DIRECTION ( 'NONE',  ( -0.3892816206350256400, -0.3892816206350256400, -0.8348171294789870100 ) ) ;
#599 = ADVANCED_FACE ( 'NONE', ( #7879 ), #7306, .F. ) ;
#600 = EDGE_LOOP ( 'NONE', ( #5370, #794, #3123, #5638 ) ) ;
#601 = CARTESIAN_POINT ( 'NONE',  ( -29.50000000000000400, 3.500000000000000000, 49.39999999999999900 ) ) ;
#602 = ORIENTED_EDGE ( 'NONE', *, *, #5021, .T. ) ;
#603 = ORIENTED_EDGE ( 'NONE', *, *, #6912, .F. ) ;
#604 = CARTESIAN_POINT ( 'NONE',  ( 18.55000000000000100, -2.010000000000008200, -0.0000000000000000000 ) ) ;
#605 = AXIS2_PLACEMENT_3D ( 'NONE', #10536, #5016, #11463 ) ;
#606 = CARTESIAN_POINT ( 'NONE',  ( 0.0000000000000000000, -0.2650000000000035700, 1.069999999999999000 ) ) ;
#607 = CARTESIAN_POINT ( 'NONE',  ( 14.39999999999999700, -0.9100000000000071400, 5.099999999999999600 ) ) ;
#608 = CARTESIAN_POINT ( 'NONE',  ( 32.20000000000000300, -2.100000000000000100, -47.20000000000000300 ) ) ;
#609 = PLANE ( 'NONE',  #11606 ) ;
#610 = COLOUR_RGB ( '',0.9686274509803921600, 0.8784313725490196000, 0.5999999999999999800 ) ;
#611 = VERTEX_POINT ( 'NONE', #7342 ) ;
#612 = ADVANCED_FACE ( 'NONE', ( #4278 ), #8864, .F. ) ;
#613 = EDGE_LOOP ( 'NONE', ( #3514, #9148, #7753, #5212 ) ) ;
#614 = ORIENTED_EDGE ( 'NONE', *, *, #741, .T. ) ;
#615 = PRESENTATION_STYLE_ASSIGNMENT (( #8029 ) ) ;
#616 = LINE ( 'NONE', #6044, #308 ) ;
#617 = STYLED_ITEM ( 'NONE', ( #6428 ), #8891 ) ;
#618 = VECTOR ( 'NONE', #4476, 1000.000000000000000 ) ;
#619 = ORIENTED_EDGE ( 'NONE', *, *, #531, .T. ) ;
#620 = DIRECTION ( 'NONE',  ( 0.0000000000000000000, -0.5150380749100547100, -0.8571673007021120000 ) ) ;
#621 = DIRECTION ( 'NONE',  ( 0.0000000000000000000, 0.0000000000000000000, 1.000000000000000000 ) ) ;
#622 = CARTESIAN_POINT ( 'NONE',  ( -1.668003342285391100E-018, -0.9100000000000041400, 0.0000000000000000000 ) ) ;
#623 = AXIS2_PLACEMENT_3D ( 'NONE', #8027, #10788, #5272 ) ;
#624 = EDGE_CURVE ( 'NONE', #2566, #6904, #9159, .T. ) ;
#625 = EDGE_LOOP ( 'NONE', ( #3937, #10208, #22, #4823 ) ) ;
#626 =( LENGTH_UNIT ( ) NAMED_UNIT ( * ) SI_UNIT ( .MILLI., .METRE. ) );
#627 = EDGE_CURVE ( 'NONE', #5899, #7605, #1834, .T. ) ;
#628 = ORIENTED_EDGE ( 'NONE', *, *, #9950, .F. ) ;
#629 = CARTESIAN_POINT ( 'NONE',  ( 25.55000000000000400, -2.900000000000000400, -43.20000000000000300 ) ) ;
#630 = VECTOR ( 'NONE', #6534, 1000.000000000000000 ) ;
#631 = CARTESIAN_POINT ( 'NONE',  ( -14.64000000000000100, -4.815124837953327100, 1.299999999999999600 ) ) ;
#632 =( NAMED_UNIT ( * ) SI_UNIT ( $, .STERADIAN. ) SOLID_ANGLE_UNIT ( ) );
#633 = ORIENTED_EDGE ( 'NONE', *, *, #3164, .F. ) ;
#634 =( NAMED_UNIT ( * ) SI_UNIT ( $, .STERADIAN. ) SOLID_ANGLE_UNIT ( ) );
#635 = CARTESIAN_POINT ( 'NONE',  ( -30.85999999999999600, -3.500000000000000000, 40.59999999999998000 ) ) ;
#636 = DIRECTION ( 'NONE',  ( 1.000000000000000000, -2.409338161078899700E-016, 0.0000000000000000000 ) ) ;
#637 = VERTEX_POINT ( 'NONE', #18 ) ;
#638 = VECTOR ( 'NONE', #11002, 1000.000000000000000 ) ;
#639 = CARTESIAN_POINT ( 'NONE',  ( -34.39999999999997000, 10.74102034176674400, 43.09999999999998700 ) ) ;
#640 = VECTOR ( 'NONE', #5824, 1000.000000000000000 ) ;
#641 = AXIS2_PLACEMENT_3D ( 'NONE', #5655, #6618, #1093 ) ;
#642 = ORIENTED_EDGE ( 'NONE', *, *, #79, .F. ) ;
#643 = CARTESIAN_POINT ( 'NONE',  ( 30.00000000000000400, 9.722539674441609500, 47.00000000000001400 ) ) ;
#644 = UNCERTAINTY_MEASURE_WITH_UNIT (LENGTH_MEASURE( 1.000000000000000100E-005 ), #10494, 'distance_accuracy_value', 'NONE');
#645 = DIRECTION ( 'NONE',  ( 0.0000000000000000000, 0.0000000000000000000, 1.000000000000000000 ) ) ;
#646 = AXIS2_PLACEMENT_3D ( 'NONE', #9855, #707, #7135 ) ;
#647 = EDGE_CURVE ( 'NONE', #10041, #1589, #11034, .T. ) ;
#648 = VERTEX_POINT ( 'NONE', #3696 ) ;
#649 = CARTESIAN_POINT ( 'NONE',  ( 20.55000000000000100, 0.6699999999999920500, 0.0000000000000000000 ) ) ;
#650 =( NAMED_UNIT ( * ) PLANE_ANGLE_UNIT ( ) SI_UNIT ( $, .RADIAN. ) );
#651 = VERTEX_POINT ( 'NONE', #10110 ) ;
#652 = FACE_OUTER_BOUND ( 'NONE', #8783, .T. ) ;
#653 = SURFACE_STYLE_USAGE ( .BOTH. , #6145 ) ;
#654 = VECTOR ( 'NONE', #5572, 1000.000000000000000 ) ;
#655 = DIRECTION ( 'NONE',  ( 1.387778780781445900E-016, -0.0000000000000000000, 1.000000000000000000 ) ) ;
#656 = ADVANCED_FACE ( 'NONE', ( #3707 ), #2814, .T. ) ;
#657 = ORIENTED_EDGE ( 'NONE', *, *, #997, .F. ) ;
#658 = ORIENTED_EDGE ( 'NONE', *, *, #6632, .T. ) ;
#659 = CARTESIAN_POINT ( 'NONE',  ( -0.2999999999999977700, -0.9100000000000041400, 1.299999999999999200 ) ) ;
#660 = CARTESIAN_POINT ( 'NONE',  ( 4.000000000000002700, -0.8100000000000041600, 5.099999999999999600 ) ) ;
#661 = PLANE ( 'NONE',  #1007 ) ;
#662 = PLANE ( 'NONE',  #9565 ) ;
#663 = EDGE_CURVE ( 'NONE', #6770, #3108, #6432, .T. ) ;
#664 = PRESENTATION_LAYER_ASSIGNMENT (  '', '', ( #11352 ) ) ;
#665 = CARTESIAN_POINT ( 'NONE',  ( -18.39999999999999100, -1.099999999999999900, -50.00000000000000000 ) ) ;
#666 = PRODUCT ( 'SSD, COVER, 7 mm', 'SSD, COVER, 7 mm', '', ( #10115 ) ) ;
#667 = CONICAL_SURFACE ( 'NONE', #1366, 0.7999999999999951600, 0.7853981633974536100 ) ;
#668 = CARTESIAN_POINT ( 'NONE',  ( -18.55000000000000400, -2.010000000000008200, 42.20950821555037900 ) ) ;
#669 = SURFACE_STYLE_FILL_AREA ( #8308 ) ;
#670 = ADVANCED_FACE ( 'NONE', ( #5276 ), #6805, .T. ) ;
#671 = VERTEX_POINT ( 'NONE', #11379 ) ;
#672 = FILL_AREA_STYLE_COLOUR ( '', #2913 ) ;
#673 = LINE ( 'NONE', #836, #7142 ) ;
#674 = PRESENTATION_LAYER_ASSIGNMENT (  '', '', ( #11361 ) ) ;
#675 = ORIENTED_EDGE ( 'NONE', *, *, #4601, .T. ) ;
#676 = VECTOR ( 'NONE', #3424, 1000.000000000000000 ) ;
#677 = CARTESIAN_POINT ( 'NONE',  ( -9.999999999999998200, -0.8100000000000012700, 1.300000000000000300 ) ) ;
#678 = EDGE_CURVE ( 'NONE', #1151, #3967, #9874, .T. ) ;
#679 = CARTESIAN_POINT ( 'NONE',  ( -16.34000000000000000, 0.2899999999999994800, 0.0000000000000000000 ) ) ;
#680 = LINE ( 'NONE', #5969, #368 ) ;
#681 = DIRECTION ( 'NONE',  ( 0.0000000000000000000, 0.0000000000000000000, 1.000000000000000000 ) ) ;
#682 = EDGE_LOOP ( 'NONE', ( #927, #830 ) ) ;
#683 =( NAMED_UNIT ( * ) PLANE_ANGLE_UNIT ( ) SI_UNIT ( $, .RADIAN. ) );
#684 =( NAMED_UNIT ( * ) PLANE_ANGLE_UNIT ( ) SI_UNIT ( $, .RADIAN. ) );
#685 = DIRECTION ( 'NONE',  ( 0.4226182617407002200, 0.0000000000000000000, 0.9063077870366494900 ) ) ;
#686 = ORIENTED_EDGE ( 'NONE', *, *, #5718, .F. ) ;
#687 = VECTOR ( 'NONE', #8279, 1000.000000000000000 ) ;
#688 = COLOUR_RGB ( '',0.9686274509803921600, 0.8784313725490196000, 0.5999999999999999800 ) ;
#689 = LINE ( 'NONE', #1383, #7437 ) ;
#690 = AXIS2_PLACEMENT_3D ( 'NONE', #3402, #11655, #8877 ) ;
#691 = ORIENTED_EDGE ( 'NONE', *, *, #10816, .T. ) ;
#692 = FILL_AREA_STYLE_COLOUR ( '', #6850 ) ;
#693 = AXIS2_PLACEMENT_3D ( 'NONE', #2174, #11382, #5878 ) ;
#694 = FACE_OUTER_BOUND ( 'NONE', #10123, .T. ) ;
#695 = EDGE_CURVE ( 'NONE', #2783, #6360, #373, .T. ) ;
#696 = ORIENTED_EDGE ( 'NONE', *, *, #10200, .F. ) ;
#697 = CYLINDRICAL_SURFACE ( 'NONE', #4744, 0.5000000000000004400 ) ;
#698 = VECTOR ( 'NONE', #6396, 999.9999999999998900 ) ;
#699 = DIRECTION ( 'NONE',  ( -0.0000000000000000000, -1.000000000000000000, -0.0000000000000000000 ) ) ;
#700 = DIRECTION ( 'NONE',  ( -1.000000000000000000, -0.0000000000000000000, 1.387778780781445900E-016 ) ) ;
#701 = CARTESIAN_POINT ( 'NONE',  ( -10.90000000000000000, -0.8100000000000011600, 5.099999999999999600 ) ) ;
#702 = DIRECTION ( 'NONE',  ( -0.0000000000000000000, 1.000000000000000000, -0.0000000000000000000 ) ) ;
#703 = ORIENTED_EDGE ( 'NONE', *, *, #6833, .T. ) ;
#704 = FACE_OUTER_BOUND ( 'NONE', #394, .T. ) ;
#705 = DIRECTION ( 'NONE',  ( -0.0000000000000000000, -1.000000000000000000, -0.0000000000000000000 ) ) ;
#706 = ORIENTED_EDGE ( 'NONE', *, *, #1735, .T. ) ;
#707 = DIRECTION ( 'NONE',  ( 1.000000000000000000, -0.0000000000000000000, 0.0000000000000000000 ) ) ;
#708 = FACE_OUTER_BOUND ( 'NONE', #3088, .T. ) ;
#709 = SURFACE_STYLE_USAGE ( .BOTH. , #6205 ) ;
#710 = EDGE_LOOP ( 'NONE', ( #8448, #1038, #2364, #11080 ) ) ;
#711 = CIRCLE ( 'NONE', #10122, 2.000000000000001800 ) ;
#712 = DIRECTION ( 'NONE',  ( -1.000000000000000000, 1.668003342285391100E-017, 0.0000000000000000000 ) ) ;
#713 = VECTOR ( 'NONE', #11543, 1000.000000000000000 ) ;
#715 = DIRECTION ( 'NONE',  ( -1.392979236598078500E-016, -1.000000000000000000, 0.0000000000000000000 ) ) ;
#714 = AXIS2_PLACEMENT_3D ( 'NONE', #4033, #8635, #3155 ) ;
#716 = VERTEX_POINT ( 'NONE', #3150 ) ;
#717 = LINE ( 'NONE', #9209, #3144 ) ;
#718 = FACE_OUTER_BOUND ( 'NONE', #8481, .T. ) ;
#719 = EDGE_CURVE ( 'NONE', #8331, #8338, #2553, .T. ) ;
#720 = ORIENTED_EDGE ( 'NONE', *, *, #1593, .T. ) ;
#721 = EDGE_LOOP ( 'NONE', ( #6784, #10318, #4149, #1789 ) ) ;
#722 = AXIS2_PLACEMENT_3D ( 'NONE', #10970, #5468, #11882 ) ;
#723 = ADVANCED_FACE ( 'NONE', ( #1550 ), #1346, .F. ) ;
#724 = VERTEX_POINT ( 'NONE', #9566 ) ;
#725 =( NAMED_UNIT ( * ) PLANE_ANGLE_UNIT ( ) SI_UNIT ( $, .RADIAN. ) );
#726 = EDGE_CURVE ( 'NONE', #11109, #3890, #4963, .T. ) ;
#727 = CARTESIAN_POINT ( 'NONE',  ( 15.29999999999999700, -0.9100000000000075800, 5.099999999999999600 ) ) ;
#728 = VECTOR ( 'NONE', #6531, 1000.000000000000000 ) ;
#729 = ORIENTED_EDGE ( 'NONE', *, *, #678, .T. ) ;
#730 = DIRECTION ( 'NONE',  ( 1.392979236598078500E-016, 1.000000000000000000, 0.0000000000000000000 ) ) ;
#731 = FILL_AREA_STYLE ('',( #9875 ) ) ;
#732 = ORIENTED_EDGE ( 'NONE', *, *, #8806, .F. ) ;
#733 = LINE ( 'NONE', #4815, #132 ) ;
#734 = DIRECTION ( 'NONE',  ( 1.000000000000000000, 0.0000000000000000000, 0.0000000000000000000 ) ) ;
#735 = CARTESIAN_POINT ( 'NONE',  ( 32.20000000000000300, -2.100000000000000100, 46.40000000000001300 ) ) ;
#736 = ADVANCED_FACE ( 'NONE', ( #2245 ), #1391, .T. ) ;
#737 = SURFACE_STYLE_USAGE ( .BOTH. , #6225 ) ;
#738 = EDGE_CURVE ( 'NONE', #3511, #9321, #1400, .T. ) ;
#739 = FACE_OUTER_BOUND ( 'NONE', #7162, .T. ) ;
#740 = AXIS2_PLACEMENT_3D ( 'NONE', #792, #3519, #5357 ) ;
#741 = EDGE_CURVE ( 'NONE', #3723, #2159, #8700, .T. ) ;
#742 = EDGE_CURVE ( 'NONE', #785, #11365, #10888, .T. ) ;
#743 = VERTEX_POINT ( 'NONE', #10628 ) ;
#744 = EDGE_LOOP ( 'NONE', ( #8585, #3355 ) ) ;
#745 = CARTESIAN_POINT ( 'NONE',  ( -34.39999999999998400, -2.900000000000000400, -44.50000000000001400 ) ) ;
#746 = DIRECTION ( 'NONE',  ( -1.000000000000000000, 2.409338161078899700E-016, 0.0000000000000000000 ) ) ;
#747 = CARTESIAN_POINT ( 'NONE',  ( 7.500000000000001800, -0.9100000000000045800, 1.299999999999999800 ) ) ;
#748 = DIRECTION ( 'NONE',  ( 1.000000000000000000, 0.0000000000000000000, 1.204669080539449800E-016 ) ) ;
#749 = FILL_AREA_STYLE ('',( #5318 ) ) ;
#750 = PRESENTATION_LAYER_ASSIGNMENT (  '', '', ( #109 ) ) ;
#751 = LINE ( 'NONE', #7413, #5338 ) ;
#752 = DIRECTION ( 'NONE',  ( 1.668003342285391100E-017, 1.000000000000000000, -0.0000000000000000000 ) ) ;
#753 = VECTOR ( 'NONE', #9826, 1000.000000000000000 ) ;
#754 = LINE ( 'NONE', #2362, #10229 ) ;
#755 = ORIENTED_EDGE ( 'NONE', *, *, #3743, .T. ) ;
#756 =( NAMED_UNIT ( * ) SI_UNIT ( $, .STERADIAN. ) SOLID_ANGLE_UNIT ( ) );
#757 = EDGE_CURVE ( 'NONE', #4093, #4966, #5978, .T. ) ;
#758 = ORIENTED_EDGE ( 'NONE', *, *, #796, .F. ) ;
#759 = AXIS2_PLACEMENT_3D ( 'NONE', #11782, #8135, #2622 ) ;
#760 = ORIENTED_EDGE ( 'NONE', *, *, #8529, .T. ) ;
#761 = AXIS2_PLACEMENT_3D ( 'NONE', #11445, #5923, #431 ) ;
#762 = ORIENTED_EDGE ( 'NONE', *, *, #10333, .F. ) ;
#763 = DIRECTION ( 'NONE',  ( 0.0000000000000000000, 0.7071067811865479100, 0.7071067811865472400 ) ) ;
#764 = LINE ( 'NONE', #4438, #10239 ) ;
#765 = VECTOR ( 'NONE', #1606, 1000.000000000000000 ) ;
#766 = CARTESIAN_POINT ( 'NONE',  ( 2.700000000000003700, -0.9100000000000029200, 5.099999999999999600 ) ) ;
#767 = VERTEX_POINT ( 'NONE', #1465 ) ;
#768 = PRESENTATION_LAYER_ASSIGNMENT (  '', '', ( #126 ) ) ;
#769 = CARTESIAN_POINT ( 'NONE',  ( 26.55000000000000400, -2.900000000000000400, -43.20000000000000300 ) ) ;
#770 = ORIENTED_EDGE ( 'NONE', *, *, #5653, .T. ) ;
#771 = VERTEX_POINT ( 'NONE', #7855 ) ;
#772 = CARTESIAN_POINT ( 'NONE',  ( -5.899999999999998600, 1.949999999999991700, 6.299999999999999800 ) ) ;
#773 = ORIENTED_EDGE ( 'NONE', *, *, #8336, .F. ) ;
#774 = AXIS2_PLACEMENT_3D ( 'NONE', #6730, #1232, #4212 ) ;
#775 =( LENGTH_UNIT ( ) NAMED_UNIT ( * ) SI_UNIT ( .MILLI., .METRE. ) );
#776 = CARTESIAN_POINT ( 'NONE',  ( 30.86000000000001700, -3.500000000000000000, 40.59999999999998000 ) ) ;
#777 = FACE_OUTER_BOUND ( 'NONE', #10778, .T. ) ;
#778 = DIRECTION ( 'NONE',  ( 0.0000000000000000000, -1.000000000000000000, 1.519909587596501900E-016 ) ) ;
#779 = LINE ( 'NONE', #4185, #7808 ) ;
#780 =( LENGTH_UNIT ( ) NAMED_UNIT ( * ) SI_UNIT ( .MILLI., .METRE. ) );
#781 = VERTEX_POINT ( 'NONE', #6036 ) ;
#782 = ORIENTED_EDGE ( 'NONE', *, *, #4909, .T. ) ;
#783 = DIRECTION ( 'NONE',  ( 1.000000000000000000, -5.489631253091163800E-017, -0.0000000000000000000 ) ) ;
#784 = ADVANCED_FACE ( 'NONE', ( #8165 ), #3327, .F. ) ;
#785 = VERTEX_POINT ( 'NONE', #9733 ) ;
#786 = ORIENTED_EDGE ( 'NONE', *, *, #6162, .T. ) ;
#787 = SURFACE_STYLE_FILL_AREA ( #293 ) ;
#788 = PRODUCT_RELATED_PRODUCT_CATEGORY ( 'part', '', ( #9815 ) ) ;
#789 = VECTOR ( 'NONE', #2803, 1000.000000000000000 ) ;
#790 = DIRECTION ( 'NONE',  ( 0.0000000000000000000, 0.0000000000000000000, 1.000000000000000000 ) ) ;
#791 = SURFACE_SIDE_STYLE ('',( #3603 ) ) ;
#792 = CARTESIAN_POINT ( 'NONE',  ( -32.20000000000000300, -2.100000000000000100, -47.20000000000000300 ) ) ;
#793 = CARTESIAN_POINT ( 'NONE',  ( 26.55000000000000400, -1.099999999999999900, -50.00000000000000000 ) ) ;
#794 = ORIENTED_EDGE ( 'NONE', *, *, #8690, .T. ) ;
#795 = AXIS2_PLACEMENT_3D ( 'NONE', #6983, #4242, #548 ) ;
#796 = EDGE_CURVE ( 'NONE', #6820, #11173, #10590, .T. ) ;
#797 = AXIS2_PLACEMENT_3D ( 'NONE', #7532, #2029, #8451 ) ;
#798 = DIRECTION ( 'NONE',  ( 1.000000000000000000, -0.0000000000000000000, -0.0000000000000000000 ) ) ;
#799 = VERTEX_POINT ( 'NONE', #4233 ) ;
#800 = ADVANCED_FACE ( 'NONE', ( #837 ), #8839, .T. ) ;
#801 = SURFACE_STYLE_FILL_AREA ( #1035 ) ;
#802 = DIRECTION ( 'NONE',  ( -0.0000000000000000000, 1.000000000000000000, -0.0000000000000000000 ) ) ;
#803 = VECTOR ( 'NONE', #3951, 1000.000000000000000 ) ;
#804 = ORIENTED_EDGE ( 'NONE', *, *, #7388, .F. ) ;
#805 = DIRECTION ( 'NONE',  ( 1.000000000000000000, -0.0000000000000000000, 0.0000000000000000000 ) ) ;
#806 = UNCERTAINTY_MEASURE_WITH_UNIT (LENGTH_MEASURE( 1.000000000000000100E-005 ), #9861, 'distance_accuracy_value', 'NONE');
#807 = CARTESIAN_POINT ( 'NONE',  ( -34.99999999999999300, 3.500000000000000000, 50.00000000000000000 ) ) ;
#808 = FACE_OUTER_BOUND ( 'NONE', #7079, .T. ) ;
#809 = ORIENTED_EDGE ( 'NONE', *, *, #4223, .T. ) ;
#810 = DIRECTION ( 'NONE',  ( 0.0000000000000000000, 0.0000000000000000000, 1.000000000000000000 ) ) ;
#811 = EDGE_LOOP ( 'NONE', ( #2612, #3938, #10493, #11808 ) ) ;
#812 = FACE_OUTER_BOUND ( 'NONE', #10679, .T. ) ;
#813 = AXIS2_PLACEMENT_3D ( 'NONE', #6558, #4749, #11175 ) ;
#814 = CARTESIAN_POINT ( 'NONE',  ( -20.55000000000000100, 1.949999999999992000, 5.099999999999999600 ) ) ;
#815 = FACE_OUTER_BOUND ( 'NONE', #1010, .T. ) ;
#816 = AXIS2_PLACEMENT_3D ( 'NONE', #807, #6333, #850 ) ;
#817 = EDGE_CURVE ( 'NONE', #5508, #6820, #5695, .T. ) ;
#818 = EDGE_CURVE ( 'NONE', #2509, #1885, #2389, .T. ) ;
#819 = DIRECTION ( 'NONE',  ( 0.0000000000000000000, 1.000000000000000000, 0.0000000000000000000 ) ) ;
#820 = CARTESIAN_POINT ( 'NONE',  ( 0.0000000000000000000, 0.0000000000000000000, -42.20000000000000300 ) ) ;
#821 = ORIENTED_EDGE ( 'NONE', *, *, #4359, .F. ) ;
#822 = DIRECTION ( 'NONE',  ( 0.0000000000000000000, 1.000000000000000000, 0.0000000000000000000 ) ) ;
#823 = DIRECTION ( 'NONE',  ( 1.000000000000000000, 0.0000000000000000000, 0.0000000000000000000 ) ) ;
#824 = LINE ( 'NONE', #6657, #5100 ) ;
#825 = DIRECTION ( 'NONE',  ( 0.0000000000000000000, -1.000000000000000000, -0.0000000000000000000 ) ) ;
#826 = FACE_OUTER_BOUND ( 'NONE', #10997, .T. ) ;
#827 = LINE ( 'NONE', #4382, #523 ) ;
#828 = CARTESIAN_POINT ( 'NONE',  ( -32.99999999999998600, 3.500000000000000000, 48.00000000000000000 ) ) ;
#829 = CARTESIAN_POINT ( 'NONE',  ( 20.55000000000000100, 1.949999999999991500, 0.0000000000000000000 ) ) ;
#830 = ORIENTED_EDGE ( 'NONE', *, *, #8608, .T. ) ;
#831 = CARTESIAN_POINT ( 'NONE',  ( 34.39999999999999900, 2.899999999999999900, 43.59999999999998700 ) ) ;
#832 = DIRECTION ( 'NONE',  ( 1.000000000000000000, -2.409338161078899700E-016, 1.204669080539449800E-016 ) ) ;
#833 =( LENGTH_UNIT ( ) NAMED_UNIT ( * ) SI_UNIT ( .MILLI., .METRE. ) );
#834 = EDGE_CURVE ( 'NONE', #3730, #5997, #11877, .T. ) ;
#835 =( GEOMETRIC_REPRESENTATION_CONTEXT ( 3 ) GLOBAL_UNCERTAINTY_ASSIGNED_CONTEXT ( ( #7063 ) ) GLOBAL_UNIT_ASSIGNED_CONTEXT ( ( #2928, #9354, #3848 ) ) REPRESENTATION_CONTEXT ( 'NONE', 'WORKASPACE' ) );
#836 = CARTESIAN_POINT ( 'NONE',  ( 10.50000000000000200, -0.9100000000000062500, 5.099999999999999600 ) ) ;
#837 = FACE_OUTER_BOUND ( 'NONE', #3304, .T. ) ;
#838 = AXIS2_PLACEMENT_3D ( 'NONE', #8130, #9038, #3545 ) ;
#839 = CARTESIAN_POINT ( 'NONE',  ( 33.89999999999999900, -2.900000000000000400, -33.50000000000000000 ) ) ;
#840 = ORIENTED_EDGE ( 'NONE', *, *, #417, .T. ) ;
#841 = LINE ( 'NONE', #10319, #5119 ) ;
#842 = CYLINDRICAL_SURFACE ( 'NONE', #3636, 1.250000000000001100 ) ;
#843 = DIRECTION ( 'NONE',  ( 1.000000000000000000, 0.0000000000000000000, 2.409338161078899700E-016 ) ) ;
#844 = SURFACE_STYLE_FILL_AREA ( #3137 ) ;
#845 = CARTESIAN_POINT ( 'NONE',  ( -30.86000000000000700, -3.500000000000000000, -36.00000000000000700 ) ) ;
#846 = ORIENTED_EDGE ( 'NONE', *, *, #977, .F. ) ;
#847 = AXIS2_PLACEMENT_3D ( 'NONE', #9300, #3802, #10225 ) ;
#848 = CIRCLE ( 'NONE', #9540, 2.000000000000001800 ) ;
#849 = CARTESIAN_POINT ( 'NONE',  ( 1.000000000000002000, -5.401102314577125100, 0.7000000000000010700 ) ) ;
#850 = DIRECTION ( 'NONE',  ( -1.000000000000000000, 0.0000000000000000000, -0.0000000000000000000 ) ) ;
#851 = ORIENTED_EDGE ( 'NONE', *, *, #11383, .F. ) ;
#852 = VECTOR ( 'NONE', #5344, 1000.000000000000000 ) ;
#853 = DIRECTION ( 'NONE',  ( 0.9963190726394435300, -0.08572225787319831500, -2.992976636877707900E-016 ) ) ;
#854 = LINE ( 'NONE', #10391, #10023 ) ;
#855 = CIRCLE ( 'NONE', #8528, 1.249999999999987100 ) ;
#856 =( LENGTH_UNIT ( ) NAMED_UNIT ( * ) SI_UNIT ( .MILLI., .METRE. ) );
#857 = ORIENTED_EDGE ( 'NONE', *, *, #3100, .F. ) ;
#858 = CARTESIAN_POINT ( 'NONE',  ( -1.599999999999998100, -0.9100000000000041400, 5.099999999999999600 ) ) ;
#859 = ORIENTED_EDGE ( 'NONE', *, *, #8138, .T. ) ;
#860 = CARTESIAN_POINT ( 'NONE',  ( -1.199999999999996200, -0.8100000000000040500, 5.099999999999999600 ) ) ;
#861 = CARTESIAN_POINT ( 'NONE',  ( -33.89999999999998400, 3.500000000000000000, -44.50000000000001400 ) ) ;
#862 = VECTOR ( 'NONE', #2315, 1000.000000000000000 ) ;
#863 = DIRECTION ( 'NONE',  ( -0.0000000000000000000, 1.000000000000000000, -0.0000000000000000000 ) ) ;
#864 = ADVANCED_FACE ( 'NONE', ( #11587 ), #6157, .F. ) ;
#865 = ORIENTED_EDGE ( 'NONE', *, *, #9587, .F. ) ;
#866 = PLANE ( 'NONE',  #6361 ) ;
#867 = CIRCLE ( 'NONE', #7433, 2.000000000000001800 ) ;
#868 = MECHANICAL_DESIGN_GEOMETRIC_PRESENTATION_REPRESENTATION (  '', ( #10938 ), #1460 ) ;
#869 = CARTESIAN_POINT ( 'NONE',  ( 32.20000000000000300, 3.549999999999993200, -47.20000000000000300 ) ) ;
#870 = VECTOR ( 'NONE', #9068, 1000.000000000000000 ) ;
#871 = ORIENTED_EDGE ( 'NONE', *, *, #3743, .F. ) ;
#872 = ORIENTED_EDGE ( 'NONE', *, *, #6356, .F. ) ;
#874 = CARTESIAN_POINT ( 'NONE',  ( -1.599999999999998100, -0.8100000000000040500, 5.099999999999999600 ) ) ;
#873 = VECTOR ( 'NONE', #582, 1000.000000000000000 ) ;
#875 = PRESENTATION_LAYER_ASSIGNMENT (  '', '', ( #217 ) ) ;
#877 = EDGE_CURVE ( 'NONE', #7508, #3845, #4554, .T. ) ;
#876 = ORIENTED_EDGE ( 'NONE', *, *, #9363, .F. ) ;
#878 = EDGE_CURVE ( 'NONE', #11679, #10479, #6699, .T. ) ;
#879 = PRESENTATION_STYLE_ASSIGNMENT (( #7686 ) ) ;
#880 = DIRECTION ( 'NONE',  ( -0.0000000000000000000, -1.000000000000000000, -0.0000000000000000000 ) ) ;
#881 = EDGE_LOOP ( 'NONE', ( #2635, #6853, #6952, #590 ) ) ;
#882 = PLANE ( 'NONE',  #5429 ) ;
#883 = CARTESIAN_POINT ( 'NONE',  ( -34.39999999999999900, -2.900000000000000400, 45.00000000000001400 ) ) ;
#884 = CARTESIAN_POINT ( 'NONE',  ( 33.00000000000000000, -3.000000000000000400, -48.00000000000000000 ) ) ;
#885 = VECTOR ( 'NONE', #9616, 1000.000000000000000 ) ;
#886 = LINE ( 'NONE', #2995, #5461 ) ;
#887 = SURFACE_STYLE_USAGE ( .BOTH. , #6358 ) ;
#888 = ORIENTED_EDGE ( 'NONE', *, *, #4431, .T. ) ;
#889 = ORIENTED_EDGE ( 'NONE', *, *, #5991, .F. ) ;
#890 = ORIENTED_EDGE ( 'NONE', *, *, #3274, .F. ) ;
#891 = DIRECTION ( 'NONE',  ( 0.0000000000000000000, 0.0000000000000000000, -1.000000000000000000 ) ) ;
#892 = DIRECTION ( 'NONE',  ( 1.000000000000000000, -2.409338161078899700E-016, 0.0000000000000000000 ) ) ;
#893 = EDGE_CURVE ( 'NONE', #4742, #1461, #9143, .T. ) ;
#894 = LINE ( 'NONE', #8800, #5473 ) ;
#895 = PRESENTATION_LAYER_ASSIGNMENT (  '', '', ( #235 ) ) ;
#896 = FILL_AREA_STYLE ('',( #5455 ) ) ;
#897 = ORIENTED_EDGE ( 'NONE', *, *, #11051, .F. ) ;
#898 = EDGE_CURVE ( 'NONE', #4994, #11393, #1821, .T. ) ;
#899 = CARTESIAN_POINT ( 'NONE',  ( 34.39999999999999900, -2.900000000000000400, 45.00000000000001400 ) ) ;
#900 = CARTESIAN_POINT ( 'NONE',  ( 4.000000000000001800, -0.8100000000000041600, 0.7000000000000010700 ) ) ;
#901 = LINE ( 'NONE', #11191, #10362 ) ;
#902 = DIRECTION ( 'NONE',  ( 0.0000000000000000000, -1.000000000000000000, 0.0000000000000000000 ) ) ;
#903 = FILL_AREA_STYLE ('',( #10971 ) ) ;
#904 = EDGE_LOOP ( 'NONE', ( #8327, #5195, #7546, #2334 ) ) ;
#905 = CARTESIAN_POINT ( 'NONE',  ( 32.20000000000000300, 2.150000000000010600, -48.00000000000000000 ) ) ;
#906 = EDGE_LOOP ( 'NONE', ( #6283, #2264, #4783, #10477 ) ) ;
#907 = APPLICATION_CONTEXT ( 'automotive_design' ) ;
#908 = EDGE_CURVE ( 'NONE', #4916, #4806, #8851, .T. ) ;
#909 = FILL_AREA_STYLE ('',( #4542 ) ) ;
#910 = AXIS2_PLACEMENT_3D ( 'NONE', #413, #6851, #1353 ) ;
#911 = FACE_OUTER_BOUND ( 'NONE', #2659, .T. ) ;
#912 = CIRCLE ( 'NONE', #5805, 1.000000000000000900 ) ;
#913 = ORIENTED_EDGE ( 'NONE', *, *, #8981, .T. ) ;
#914 = FILL_AREA_STYLE_COLOUR ( '', #9600 ) ;
#915 = DIRECTION ( 'NONE',  ( -0.0000000000000000000, 1.000000000000000000, -0.0000000000000000000 ) ) ;
#916 = DIRECTION ( 'NONE',  ( 1.000000000000000000, -2.409338161078899700E-016, 0.0000000000000000000 ) ) ;
#917 = ORIENTED_EDGE ( 'NONE', *, *, #3891, .T. ) ;
#918 = AXIS2_PLACEMENT_3D ( 'NONE', #7823, #6001, #502 ) ;
#919 = ORIENTED_EDGE ( 'NONE', *, *, #7501, .F. ) ;
#920 = CARTESIAN_POINT ( 'NONE',  ( 26.55000000000000400, -3.000000000000000400, -50.00000000000000000 ) ) ;
#921 = CARTESIAN_POINT ( 'NONE',  ( 32.00000000000000000, 2.899999999999999900, 47.00000000000001400 ) ) ;
#922 = LINE ( 'NONE', #5187, #7965 ) ;
#923 = ADVANCED_FACE ( 'NONE', ( #1535 ), #8972, .F. ) ;
#924 = LINE ( 'NONE', #1433, #3055 ) ;
#925 = EDGE_CURVE ( 'NONE', #4198, #3878, #10149, .T. ) ;
#926 = VECTOR ( 'NONE', #10867, 1000.000000000000000 ) ;
#927 = ORIENTED_EDGE ( 'NONE', *, *, #3421, .T. ) ;
#928 = CLOSED_SHELL ( 'NONE', ( #10475, #10611, #2717, #8847, #295, #414, #5302, #7843, #7399, #4576, #7914, #5423, #9940, #5896, #7115, #7976, #5485, #5109, #10547, #3509, #7706, #8539, #3318, #8137, #4391, #8020, #6506, #8586, #11031, #9452, #10370, #1442, #5706, #1696, #2895, #1320, #2533, #1567, #4636, #3079, #2148, #10359, #3850, #7180, #3132, #6798, #670, #1509, #3268, #10177, #8769, #5288, #3741, #1202, #9994, #7468, #3065, #9510, #3334, #5095, #864, #2587, #9388, #6561, #8312, #6750, #5826, #11623, #5167, #9152, #1033, #2087, #544, #2323, #2660, #3497, #2949, #5952, #10531, #10854, #6191, #100, #10488, #5885, #8038, #6124, #5540, #3974, #11316, #4282, #2393, #10059, #10901, #7571, #9701, #6926, #3565, #8081, #4752, #3200, #7765, #8091, #7100, #9279, #350, #7691, #2457, #1866, #612, #10657, #6381, #7217, #3902, #6022, #3260, #1096, #11450, #3437, #5602, #8601, #4019, #6443, #280, #7891, #3626, #5350, #4804, #4160, #8702, #4470, #8661, #1643, #2835, #5839, #1259, #2475, #4264, #3681 ) ) ;
#929 = EDGE_LOOP ( 'NONE', ( #950, #1135, #10236, #4280 ) ) ;
#930 = CARTESIAN_POINT ( 'NONE',  ( 3.819999999999999800, -0.9100000000000039200, -3.111100318418500300E-016 ) ) ;
#931 = CARTESIAN_POINT ( 'NONE',  ( 1.400000000000001900, -0.8100000000000041600, 5.099999999999999600 ) ) ;
#932 =( NAMED_UNIT ( * ) SI_UNIT ( $, .STERADIAN. ) SOLID_ANGLE_UNIT ( ) );
#933 = VERTEX_POINT ( 'NONE', #1714 ) ;
#934 = DIRECTION ( 'NONE',  ( -1.000000000000000000, 0.0000000000000000000, -0.0000000000000000000 ) ) ;
#935 = MECHANICAL_DESIGN_GEOMETRIC_PRESENTATION_REPRESENTATION (  '', ( #11001 ), #1534 ) ;
#936 = DIRECTION ( 'NONE',  ( -1.355252715606881000E-016, 2.226315058375545200E-031, -1.000000000000000000 ) ) ;
#937 = ORIENTED_EDGE ( 'NONE', *, *, #10397, .F. ) ;
#938 = DIRECTION ( 'NONE',  ( 0.0000000000000000000, -1.000000000000000000, 0.0000000000000000000 ) ) ;
#939 = CARTESIAN_POINT ( 'NONE',  ( 33.89999999999998400, -2.900000000000000400, -45.00000000000001400 ) ) ;
#940 = PRESENTATION_LAYER_ASSIGNMENT (  '', '', ( #11609 ) ) ;
#941 = DIRECTION ( 'NONE',  ( 0.0000000000000000000, 0.0000000000000000000, 1.000000000000000000 ) ) ;
#942 = DIRECTION ( 'NONE',  ( 0.0000000000000000000, -2.045664476387743000E-016, -1.000000000000000000 ) ) ;
#943 = EDGE_CURVE ( 'NONE', #11299, #7428, #5259, .T. ) ;
#944 = ORIENTED_EDGE ( 'NONE', *, *, #6980, .F. ) ;
#945 = FACE_OUTER_BOUND ( 'NONE', #7122, .T. ) ;
#946 = CARTESIAN_POINT ( 'NONE',  ( -16.34000000000000000, -0.8100000000000003900, 5.099999999999999600 ) ) ;
#947 = APPLICATION_CONTEXT ( 'automotive_design' ) ;
#948 = VECTOR ( 'NONE', #10407, 1000.000000000000000 ) ;
#949 = CARTESIAN_POINT ( 'NONE',  ( 34.39999999999998400, 2.899999999999999900, -38.50000000000000700 ) ) ;
#950 = ORIENTED_EDGE ( 'NONE', *, *, #1951, .T. ) ;
#951 = ORIENTED_EDGE ( 'NONE', *, *, #234, .T. ) ;
#952 = ORIENTED_EDGE ( 'NONE', *, *, #9245, .F. ) ;
#953 = DIRECTION ( 'NONE',  ( 1.000000000000000000, -1.668003342285391100E-017, 0.0000000000000000000 ) ) ;
#954 = LINE ( 'NONE', #3868, #3089 ) ;
#955 = DIRECTION ( 'NONE',  ( 0.0000000000000000000, 0.0000000000000000000, 1.000000000000000000 ) ) ;
#956 = DIRECTION ( 'NONE',  ( -0.0000000000000000000, 1.000000000000000000, -0.0000000000000000000 ) ) ;
#957 = AXIS2_PLACEMENT_3D ( 'NONE', #1339, #7766, #2252 ) ;
#958 = EDGE_CURVE ( 'NONE', #2311, #1570, #7696, .T. ) ;
#959 = LINE ( 'NONE', #4649, #5537 ) ;
#960 = FILL_AREA_STYLE_COLOUR ( '', #5087 ) ;
#961 = STYLED_ITEM ( 'NONE', ( #3125 ), #479 ) ;
#962 = CARTESIAN_POINT ( 'NONE',  ( -16.94999999999999200, -3.500000000000005300, -42.20000000000000300 ) ) ;
#963 = UNCERTAINTY_MEASURE_WITH_UNIT (LENGTH_MEASURE( 1.000000000000000100E-005 ), #1998, 'distance_accuracy_value', 'NONE');
#964 = EDGE_CURVE ( 'NONE', #7591, #785, #358, .T. ) ;
#965 = ORIENTED_EDGE ( 'NONE', *, *, #4562, .F. ) ;
#966 = ORIENTED_EDGE ( 'NONE', *, *, #8549, .T. ) ;
#967 = PRESENTATION_STYLE_ASSIGNMENT (( #376 ) ) ;
#968 = LINE ( 'NONE', #6993, #353 ) ;
#969 = DIRECTION ( 'NONE',  ( 0.9963190726394435300, 0.0000000000000000000, 0.08572225787319831500 ) ) ;
#970 = CARTESIAN_POINT ( 'NONE',  ( -16.94999999999999200, -2.900000000000000400, -49.39999999999999900 ) ) ;
#971 = DIRECTION ( 'NONE',  ( -0.0000000000000000000, -1.000000000000000000, -0.0000000000000000000 ) ) ;
#972 = FACE_OUTER_BOUND ( 'NONE', #2357, .T. ) ;
#973 = ORIENTED_EDGE ( 'NONE', *, *, #1735, .F. ) ;
#974 = CARTESIAN_POINT ( 'NONE',  ( 0.0000000000000000000, 1.069999999999999800, -0.2649999999999991800 ) ) ;
#975 = DIRECTION ( 'NONE',  ( -1.000000000000000000, 0.0000000000000000000, -0.0000000000000000000 ) ) ;
#976 = PLANE ( 'NONE',  #3820 ) ;
#977 = EDGE_CURVE ( 'NONE', #4648, #3851, #5556, .T. ) ;
#978 = PRESENTATION_LAYER_ASSIGNMENT (  '', '', ( #11649 ) ) ;
#979 = EDGE_CURVE ( 'NONE', #10223, #10055, #7419, .T. ) ;
#980 = EDGE_CURVE ( 'NONE', #11413, #10492, #673, .T. ) ;
#981 = FILL_AREA_STYLE_COLOUR ( '', #6134 ) ;
#982 = EDGE_LOOP ( 'NONE', ( #9979, #706, #7362, #3574 ) ) ;
#983 = VECTOR ( 'NONE', #1358, 1000.000000000000000 ) ;
#984 = ADVANCED_FACE ( 'NONE', ( #2537 ), #5442, .F. ) ;
#985 = CARTESIAN_POINT ( 'NONE',  ( 30.86000000000000700, -3.500000000000000000, -36.00000000000000700 ) ) ;
#986 = SHAPE_REPRESENTATION_RELATIONSHIP ( 'NONE' , 'NONE' ,  #6512, #1619 ) ;
#987 = LINE ( 'NONE', #5773, #5838 ) ;
#988 = ORIENTED_EDGE ( 'NONE', *, *, #8345, .F. ) ;
#989 = PLANE ( 'NONE',  #513 ) ;
#990 = MECHANICAL_DESIGN_GEOMETRIC_PRESENTATION_REPRESENTATION (  '', ( #11661 ), #1601 ) ;
#991 = ORIENTED_EDGE ( 'NONE', *, *, #4669, .T. ) ;
#992 = LINE ( 'NONE', #946, #11039 ) ;
#993 = CARTESIAN_POINT ( 'NONE',  ( 13.99999999999999800, -0.8100000000000042700, 5.099999999999999600 ) ) ;
#994 = VECTOR ( 'NONE', #6984, 1000.000000000000200 ) ;
#995 = CARTESIAN_POINT ( 'NONE',  ( -15.03999999999999900, -0.8100000000000011600, 5.100000000000000500 ) ) ;
#996 = SURFACE_STYLE_USAGE ( .BOTH. , #6479 ) ;
#997 = EDGE_CURVE ( 'NONE', #4531, #10515, #6266, .T. ) ;
#998 = AXIS2_PLACEMENT_3D ( 'NONE', #7890, #2370, #8786 ) ;
#999 = ORIENTED_EDGE ( 'NONE', *, *, #3020, .T. ) ;
#1000 = PRESENTATION_LAYER_ASSIGNMENT (  '', '', ( #11672 ) ) ;
#1001 = CARTESIAN_POINT ( 'NONE',  ( 0.0000000000000000000, 0.0000000000000000000, 0.0000000000000000000 ) ) ;
#1002 = DIRECTION ( 'NONE',  ( -0.0000000000000000000, 0.0000000000000000000, 1.000000000000000000 ) ) ;
#1003 = LINE ( 'NONE', #607, #10458 ) ;
#1004 = ORIENTED_EDGE ( 'NONE', *, *, #8788, .T. ) ;
#1005 = LINE ( 'NONE', #2413, #5580 ) ;
#1006 = LINE ( 'NONE', #883, #5581 ) ;
#1007 = AXIS2_PLACEMENT_3D ( 'NONE', #1547, #1596, #8028 ) ;
#1008 = ORIENTED_EDGE ( 'NONE', *, *, #10006, .T. ) ;
#1009 = LINE ( 'NONE', #6273, #5860 ) ;
#1010 = EDGE_LOOP ( 'NONE', ( #9427, #3465, #3369, #4141, #8619, #9982, #11483, #8355, #5818, #9592, #10108, #2983, #8120, #1538, #2589, #7372, #10620, #5619, #11569, #1303, #7493, #8534, #8178, #2192, #2104, #7370, #8021, #4457, #6514, #2718, #9639, #10999 ) ) ;
#1011 = DIRECTION ( 'NONE',  ( -1.404634393503487500E-016, -0.0000000000000000000, -1.000000000000000000 ) ) ;
#1012 = DIRECTION ( 'NONE',  ( 1.668003342285391100E-017, 1.000000000000000000, -0.0000000000000000000 ) ) ;
#1013 = LINE ( 'NONE', #4161, #8320 ) ;
#1014 = DIRECTION ( 'NONE',  ( 1.000000000000000000, 0.0000000000000000000, 0.0000000000000000000 ) ) ;
#1015 = ORIENTED_EDGE ( 'NONE', *, *, #2634, .F. ) ;
#1016 = VECTOR ( 'NONE', #3182, 1000.000000000000000 ) ;
#1017 = ORIENTED_EDGE ( 'NONE', *, *, #11130, .T. ) ;
#1018 = CARTESIAN_POINT ( 'NONE',  ( 7.900000000000000400, -0.8100000000000041600, 1.299999999999999600 ) ) ;
#1019 = VECTOR ( 'NONE', #7318, 999.9999999999998900 ) ;
#1020 = ORIENTED_EDGE ( 'NONE', *, *, #9411, .F. ) ;
#1021 = ORIENTED_EDGE ( 'NONE', *, *, #1703, .F. ) ;
#1022 = CARTESIAN_POINT ( 'NONE',  ( -6.349999999999990800, 0.0000000000000000000, 0.0000000000000000000 ) ) ;
#1023 = EDGE_LOOP ( 'NONE', ( #9085, #7727, #6172, #1659 ) ) ;
#1024 = AXIS2_PLACEMENT_3D ( 'NONE', #4471, #10896, #5386 ) ;
#1025 = VECTOR ( 'NONE', #5531, 1000.000000000000000 ) ;
#1026 = SURFACE_STYLE_USAGE ( .BOTH. , #6510 ) ;
#1027 = AXIS2_PLACEMENT_3D ( 'NONE', #6839, #6438, #955 ) ;
#1028 = ORIENTED_EDGE ( 'NONE', *, *, #3455, .T. ) ;
#1029 = EDGE_CURVE ( 'NONE', #5534, #11135, #1386, .T. ) ;
#1030 = UNCERTAINTY_MEASURE_WITH_UNIT (LENGTH_MEASURE( 1.000000000000000100E-005 ), #1235, 'distance_accuracy_value', 'NONE');
#1031 = ORIENTED_EDGE ( 'NONE', *, *, #1434, .F. ) ;
#1032 = EDGE_CURVE ( 'NONE', #2693, #11405, #8689, .T. ) ;
#1033 = ADVANCED_FACE ( 'NONE', ( #3828 ), #10573, .F. ) ;
#1034 = FILL_AREA_STYLE ('',( #5623 ) ) ;
#1035 = FILL_AREA_STYLE ('',( #7441 ) ) ;
#1036 = ORIENTED_EDGE ( 'NONE', *, *, #2069, .T. ) ;
#1037 = ADVANCED_FACE ( 'NONE', ( #8415 ), #5685, .T. ) ;
#1038 = ORIENTED_EDGE ( 'NONE', *, *, #8957, .T. ) ;
#1039 = DIRECTION ( 'NONE',  ( 2.646366421711166800E-047, 1.899788849813798600E-031, -1.000000000000000000 ) ) ;
#1040 =( GEOMETRIC_REPRESENTATION_CONTEXT ( 3 ) GLOBAL_UNCERTAINTY_ASSIGNED_CONTEXT ( ( #11245 ) ) GLOBAL_UNIT_ASSIGNED_CONTEXT ( ( #8728, #3258, #9667 ) ) REPRESENTATION_CONTEXT ( 'NONE', 'WORKASPACE' ) );
#1041 = DIRECTION ( 'NONE',  ( -1.000000000000000000, 0.0000000000000000000, 0.0000000000000000000 ) ) ;
#1042 = CARTESIAN_POINT ( 'NONE',  ( -34.39999999999999900, -2.900000000000000400, -33.00000000000000000 ) ) ;
#1043 = FILL_AREA_STYLE_COLOUR ( '', #3922 ) ;
#1044 = LINE ( 'NONE', #2765, #10810 ) ;
#1045 = PRESENTATION_LAYER_ASSIGNMENT (  '', '', ( #11728 ) ) ;
#1046 = EDGE_CURVE ( 'NONE', #198, #3108, #8156, .T. ) ;
#1047 = COLOUR_RGB ( '',0.9686274509803921600, 0.8784313725490196000, 0.5999999999999999800 ) ;
#1048 = CARTESIAN_POINT ( 'NONE',  ( 2.520000000000000000, -0.9100000000000036900, 3.849209924698311700E-016 ) ) ;
#1049 = EDGE_LOOP ( 'NONE', ( #7514, #369, #1493, #6288 ) ) ;
#1050 = CARTESIAN_POINT ( 'NONE',  ( -1.199999999999998800, -0.9100000000000041400, 5.099999999999999600 ) ) ;
#1051 = EDGE_LOOP ( 'NONE', ( #1227, #9478, #4369, #9157 ) ) ;
#1052 = CARTESIAN_POINT ( 'NONE',  ( -10.90000000000000000, -0.8100000000000011600, 5.100000000000000500 ) ) ;
#1053 = VERTEX_POINT ( 'NONE', #6581 ) ;
#1054 = CARTESIAN_POINT ( 'NONE',  ( 32.20000000000000300, -2.100000000000000100, -48.00000000000000000 ) ) ;
#1055 = DIRECTION ( 'NONE',  ( 0.0000000000000000000, 0.0000000000000000000, -1.000000000000000000 ) ) ;
#1056 = LINE ( 'NONE', #7173, #5907 ) ;
#1057 = SURFACE_STYLE_FILL_AREA ( #1966 ) ;
#1058 = ORIENTED_EDGE ( 'NONE', *, *, #7697, .T. ) ;
#1059 = EDGE_CURVE ( 'NONE', #4355, #8277, #5966, .T. ) ;
#1060 = PRESENTATION_LAYER_ASSIGNMENT (  '', '', ( #3521 ) ) ;
#1061 = EDGE_LOOP ( 'NONE', ( #9026, #11552, #400, #2461 ) ) ;
#1062 =( GEOMETRIC_REPRESENTATION_CONTEXT ( 3 ) GLOBAL_UNCERTAINTY_ASSIGNED_CONTEXT ( ( #11611 ) ) GLOBAL_UNIT_ASSIGNED_CONTEXT ( ( #8742, #3270, #9679 ) ) REPRESENTATION_CONTEXT ( 'NONE', 'WORKASPACE' ) );
#1063 = ORIENTED_EDGE ( 'NONE', *, *, #3656, .F. ) ;
#1064 = FACE_OUTER_BOUND ( 'NONE', #8366, .T. ) ;
#1065 = SURFACE_SIDE_STYLE ('',( #3856 ) ) ;
#1066 = CARTESIAN_POINT ( 'NONE',  ( -16.94999999999999200, -2.900000000000000400, 0.0000000000000000000 ) ) ;
#1067 = ORIENTED_EDGE ( 'NONE', *, *, #278, .T. ) ;
#1068 = AXIS2_PLACEMENT_3D ( 'NONE', #1568, #5202, #11638 ) ;
#1069 = EDGE_LOOP ( 'NONE', ( #3495, #7386, #7303, #2031 ) ) ;
#1070 = CARTESIAN_POINT ( 'NONE',  ( 35.00000000000001400, 3.500000000000000000, 48.00000000000000000 ) ) ;
#1071 = CARTESIAN_POINT ( 'NONE',  ( 6.200000000000002000, -5.401102314577125100, 5.099999999999999600 ) ) ;
#1072 = VERTEX_POINT ( 'NONE', #7503 ) ;
#1073 = ORIENTED_EDGE ( 'NONE', *, *, #4178, .T. ) ;
#1074 = VECTOR ( 'NONE', #3003, 1000.000000000000000 ) ;
#1075 = CARTESIAN_POINT ( 'NONE',  ( -18.55000000000000400, 1.269999999999992000, 5.099999999999999600 ) ) ;
#1076 = VERTEX_POINT ( 'NONE', #2932 ) ;
#1077 = CARTESIAN_POINT ( 'NONE',  ( 0.0000000000000000000, -0.2650000000000035700, 1.069999999999999000 ) ) ;
#1078 = DIRECTION ( 'NONE',  ( -0.0000000000000000000, -0.0000000000000000000, 1.000000000000000000 ) ) ;
#1079 = DIRECTION ( 'NONE',  ( 1.000000000000000000, -1.668003342285391100E-017, -1.355252715606881000E-016 ) ) ;
#1080 = DIRECTION ( 'NONE',  ( -1.000000000000000000, -0.0000000000000000000, -0.0000000000000000000 ) ) ;
#1081 = ORIENTED_EDGE ( 'NONE', *, *, #9195, .T. ) ;
#1082 = AXIS2_PLACEMENT_3D ( 'NONE', #6435, #953, #7354 ) ;
#1083 = CARTESIAN_POINT ( 'NONE',  ( 19.71064621532100200, -0.1693537846790078800, 6.899999999999999500 ) ) ;
#1084 = LINE ( 'NONE', #11073, #3806 ) ;
#1085 = DIRECTION ( 'NONE',  ( 1.668003342285391100E-017, 1.000000000000000000, -0.0000000000000000000 ) ) ;
#1086 = DIRECTION ( 'NONE',  ( -0.0000000000000000000, -1.000000000000000000, -0.0000000000000000000 ) ) ;
#1087 = VECTOR ( 'NONE', #7565, 1000.000000000000000 ) ;
#1088 = SURFACE_STYLE_USAGE ( .BOTH. , #6578 ) ;
#1089 = ORIENTED_EDGE ( 'NONE', *, *, #7902, .F. ) ;
#1091 = MECHANICAL_DESIGN_GEOMETRIC_PRESENTATION_REPRESENTATION (  '', ( #11783 ), #1701 ) ;
#1090 = PRODUCT_DEFINITION_SHAPE ( 'NONE', 'NONE',  #7776 ) ;
#1092 = DIRECTION ( 'NONE',  ( 0.0000000000000000000, -1.000000000000000000, 0.0000000000000000000 ) ) ;
#1093 = DIRECTION ( 'NONE',  ( 0.0000000000000000000, 0.0000000000000000000, 1.000000000000000000 ) ) ;
#1094 = EDGE_CURVE ( 'NONE', #9414, #2623, #3262, .T. ) ;
#1095 = VECTOR ( 'NONE', #6901, 1000.000000000000000 ) ;
#1096 = ADVANCED_FACE ( 'NONE', ( #3547 ), #514, .F. ) ;
#1097 = ORIENTED_EDGE ( 'NONE', *, *, #4047, .T. ) ;
#1098 = SURFACE_SIDE_STYLE ('',( #1695 ) ) ;
#1099 = VERTEX_POINT ( 'NONE', #2034 ) ;
#1100 = VECTOR ( 'NONE', #8767, 1000.000000000000000 ) ;
#1101 = PLANE ( 'NONE',  #2982 ) ;
#1102 = UNCERTAINTY_MEASURE_WITH_UNIT (LENGTH_MEASURE( 1.000000000000000100E-005 ), #6019, 'distance_accuracy_value', 'NONE');
#1103 = CONTEXT_DEPENDENT_SHAPE_REPRESENTATION ( #11093, #7236 ) ;
#1104 = DIRECTION ( 'NONE',  ( -1.000000000000000000, -0.0000000000000000000, 1.387778780781445900E-016 ) ) ;
#1105 = CARTESIAN_POINT ( 'NONE',  ( -32.20000000000000300, -2.580688495222049000, 47.20000000000000300 ) ) ;
#1106 = ORIENTED_EDGE ( 'NONE', *, *, #97, .T. ) ;
#1107 = DIRECTION ( 'NONE',  ( 0.0000000000000000000, 0.0000000000000000000, -1.000000000000000000 ) ) ;
#1108 = VECTOR ( 'NONE', #4735, 1000.000000000000000 ) ;
#1109 = EDGE_CURVE ( 'NONE', #6664, #1666, #2962, .T. ) ;
#1110 = PRESENTATION_LAYER_ASSIGNMENT (  '', '', ( #11796 ) ) ;
#1111 = VECTOR ( 'NONE', #2078, 1000.000000000000000 ) ;
#1112 = EDGE_CURVE ( 'NONE', #5811, #7348, #7851, .T. ) ;
#1113 = LINE ( 'NONE', #1662, #10585 ) ;
#1114 = SURFACE_STYLE_FILL_AREA ( #11735 ) ;
#1115 = ORIENTED_EDGE ( 'NONE', *, *, #237, .T. ) ;
#1116 = VECTOR ( 'NONE', #1503, 1000.000000000000000 ) ;
#1117 = DIRECTION ( 'NONE',  ( -0.0000000000000000000, 1.000000000000000000, -0.0000000000000000000 ) ) ;
#1118 = DIRECTION ( 'NONE',  ( 0.0000000000000000000, -1.000000000000000000, -0.0000000000000000000 ) ) ;
#1119 = ORIENTED_EDGE ( 'NONE', *, *, #4178, .F. ) ;
#1120 = DIRECTION ( 'NONE',  ( -1.000000000000000000, -0.0000000000000000000, -0.0000000000000000000 ) ) ;
#1121 = CYLINDRICAL_SURFACE ( 'NONE', #6743, 1.250000000000001100 ) ;
#1122 = CARTESIAN_POINT ( 'NONE',  ( -30.85999999999999600, -3.500000000000000000, 41.84999999999998700 ) ) ;
#1123 = FACE_OUTER_BOUND ( 'NONE', #929, .T. ) ;
#1124 = ORIENTED_EDGE ( 'NONE', *, *, #6324, .F. ) ;
#1125 = CARTESIAN_POINT ( 'NONE',  ( -20.55000000000000100, 0.6699999999999918200, 0.0000000000000000000 ) ) ;
#1126 = EDGE_CURVE ( 'NONE', #8254, #10689, #824, .T. ) ;
#1127 = AXIS2_PLACEMENT_3D ( 'NONE', #10745, #2505, #8926 ) ;
#1128 = EDGE_CURVE ( 'NONE', #10984, #10028, #5406, .T. ) ;
#1129 = VERTEX_POINT ( 'NONE', #2070 ) ;
#1130 = DIRECTION ( 'NONE',  ( -1.000000000000000000, 2.409338161078899700E-016, 0.0000000000000000000 ) ) ;
#1131 = ORIENTED_EDGE ( 'NONE', *, *, #11151, .T. ) ;
#1132 = LINE ( 'NONE', #3918, #7886 ) ;
#1133 = CYLINDRICAL_SURFACE ( 'NONE', #9784, 1.000000000000000900 ) ;
#1134 = VECTOR ( 'NONE', #67, 1000.000000000000000 ) ;
#1135 = ORIENTED_EDGE ( 'NONE', *, *, #1727, .T. ) ;
#1136 = DIRECTION ( 'NONE',  ( 0.0000000000000000000, 1.000000000000000000, 0.0000000000000000000 ) ) ;
#1137 = FILL_AREA_STYLE_COLOUR ( '', #6146 ) ;
#1138 = DIRECTION ( 'NONE',  ( 3.168854151125935700E-048, 1.899788849813798900E-031, -1.000000000000000000 ) ) ;
#1139 = VERTEX_POINT ( 'NONE', #220 ) ;
#1140 =( NAMED_UNIT ( * ) PLANE_ANGLE_UNIT ( ) SI_UNIT ( $, .RADIAN. ) );
#1141 = EDGE_CURVE ( 'NONE', #2144, #10434, #7270, .T. ) ;
#1142 = VECTOR ( 'NONE', #11807, 1000.000000000000000 ) ;
#1143 = ORIENTED_EDGE ( 'NONE', *, *, #9483, .F. ) ;
#1144 = VERTEX_POINT ( 'NONE', #5766 ) ;
#1145 = FILL_AREA_STYLE ('',( #4781 ) ) ;
#1146 = LINE ( 'NONE', #10621, #10627 ) ;
#1147 = CARTESIAN_POINT ( 'NONE',  ( -3.999999999999996400, 1.949999999999992000, 6.299999999999999800 ) ) ;
#1148 = ORIENTED_EDGE ( 'NONE', *, *, #5470, .T. ) ;
#1149 = ADVANCED_FACE ( 'NONE', ( #2376 ), #11274, .F. ) ;
#1150 = AXIS2_PLACEMENT_3D ( 'NONE', #8537, #3057, #9473 ) ;
#1151 = VERTEX_POINT ( 'NONE', #263 ) ;
#1152 = CARTESIAN_POINT ( 'NONE',  ( -20.55000000000000100, 0.6699999999999920500, 0.0000000000000000000 ) ) ;
#1153 = CARTESIAN_POINT ( 'NONE',  ( -35.00000000000000000, 3.500000000000000000, -48.00000000000000000 ) ) ;
#1154 = CARTESIAN_POINT ( 'NONE',  ( 32.20000000000001700, 0.2999999999999999900, 45.05000000000001800 ) ) ;
#1155 = EDGE_LOOP ( 'NONE', ( #9887, #6802, #11597, #4910, #5559, #11488 ) ) ;
#1156 = COLOUR_RGB ( '',0.9686274509803921600, 0.8784313725490196000, 0.5999999999999999800 ) ;
#1157 = SURFACE_STYLE_USAGE ( .BOTH. , #6646 ) ;
#1158 = EDGE_CURVE ( 'NONE', #11555, #2621, #8835, .T. ) ;
#1159 = CARTESIAN_POINT ( 'NONE',  ( -16.94999999999999200, -1.100000000000002100, -50.00000000000000000 ) ) ;
#1160 = CARTESIAN_POINT ( 'NONE',  ( 6.600000000000001400, -0.8100000000000041600, 5.099999999999999600 ) ) ;
#1161 = FACE_OUTER_BOUND ( 'NONE', #881, .T. ) ;
#1162 = PRESENTATION_STYLE_ASSIGNMENT (( #3987 ) ) ;
#1163 = DIRECTION ( 'NONE',  ( -0.0000000000000000000, 1.000000000000000000, -0.0000000000000000000 ) ) ;
#1164 = UNCERTAINTY_MEASURE_WITH_UNIT (LENGTH_MEASURE( 1.000000000000000100E-005 ), #10576, 'distance_accuracy_value', 'NONE');
#1165 = ORIENTED_EDGE ( 'NONE', *, *, #10836, .F. ) ;
#1166 = DIRECTION ( 'NONE',  ( 0.0000000000000000000, -1.000000000000000000, 0.0000000000000000000 ) ) ;
#1167 = FILL_AREA_STYLE ('',( #11238 ) ) ;
#1168 = MECHANICAL_DESIGN_GEOMETRIC_PRESENTATION_REPRESENTATION (  '', ( #11239 ), #1784 ) ;
#1169 = EDGE_CURVE ( 'NONE', #10541, #3538, #6406, .T. ) ;
#1170 = AXIS2_PLACEMENT_3D ( 'NONE', #6978, #5069, #1474 ) ;
#1171 = CARTESIAN_POINT ( 'NONE',  ( 32.20000000000000300, 2.900000000000000400, -48.00000000000000000 ) ) ;
#1172 = SURFACE_STYLE_FILL_AREA ( #896 ) ;
#1173 = ORIENTED_EDGE ( 'NONE', *, *, #2944, .F. ) ;
#1174 = DIRECTION ( 'NONE',  ( 1.000000000000000000, -1.668003342285391100E-017, 0.0000000000000000000 ) ) ;
#1175 = DIRECTION ( 'NONE',  ( -1.000000000000000000, 0.0000000000000000000, 0.0000000000000000000 ) ) ;
#1176 = FILL_AREA_STYLE ('',( #3024 ) ) ;
#1177 = ORIENTED_EDGE ( 'NONE', *, *, #9459, .T. ) ;
#1178 = PLANE ( 'NONE',  #5712 ) ;
#1179 = VECTOR ( 'NONE', #150, 1000.000000000000000 ) ;
#1180 = DIRECTION ( 'NONE',  ( -0.0000000000000000000, -1.000000000000000000, -0.0000000000000000000 ) ) ;
#1181 = EDGE_LOOP ( 'NONE', ( #3733, #10082, #511, #4780 ) ) ;
#1182 = PLANE ( 'NONE',  #10396 ) ;
#1183 = CARTESIAN_POINT ( 'NONE',  ( -30.85999999999999600, 1.999999999999999600, 40.59999999999998000 ) ) ;
#1184 = ORIENTED_EDGE ( 'NONE', *, *, #719, .F. ) ;
#1185 = CARTESIAN_POINT ( 'NONE',  ( -15.94000000000000300, -0.9100000000000010300, 5.100000000000000500 ) ) ;
#1186 = PLANE ( 'NONE',  #3654 ) ;
#1187 = AXIS2_PLACEMENT_3D ( 'NONE', #9446, #11298, #1225 ) ;
#1188 = EDGE_LOOP ( 'NONE', ( #4664, #3872 ) ) ;
#1189 = EDGE_CURVE ( 'NONE', #4458, #5420, #3952, .T. ) ;
#1190 = EDGE_CURVE ( 'NONE', #5525, #6589, #8540, .T. ) ;
#1191 = DIRECTION ( 'NONE',  ( 1.000000000000000000, -1.204669080539449800E-016, 0.0000000000000000000 ) ) ;
#1192 = LINE ( 'NONE', #11787, #8242 ) ;
#1193 = CARTESIAN_POINT ( 'NONE',  ( -33.00000000000000000, 3.500000000000000000, -48.00000000000000000 ) ) ;
#1194 = ORIENTED_EDGE ( 'NONE', *, *, #5650, .F. ) ;
#1195 = DIRECTION ( 'NONE',  ( 0.0000000000000000000, 0.0000000000000000000, 1.000000000000000000 ) ) ;
#1196 = CARTESIAN_POINT ( 'NONE',  ( 22.80000000000000100, -0.4500000000000076700, 7.000000000000000000 ) ) ;
#1197 = ORIENTED_EDGE ( 'NONE', *, *, #3191, .T. ) ;
#1198 = EDGE_LOOP ( 'NONE', ( #965, #10022, #4065, #6429 ) ) ;
#1199 = DIRECTION ( 'NONE',  ( 0.0000000000000000000, 0.0000000000000000000, 1.000000000000000000 ) ) ;
#1200 = SURFACE_SIDE_STYLE ('',( #7548 ) ) ;
#1201 = ORIENTED_EDGE ( 'NONE', *, *, #7479, .F. ) ;
#1202 = ADVANCED_FACE ( 'NONE', ( #10725 ), #4911, .T. ) ;
#1203 = CARTESIAN_POINT ( 'NONE',  ( -33.35999999999999200, -1.999999999999990500, -37.25000000000000000 ) ) ;
#1204 = EDGE_CURVE ( 'NONE', #3845, #10223, #5822, .T. ) ;
#1205 =( GEOMETRIC_REPRESENTATION_CONTEXT ( 3 ) GLOBAL_UNCERTAINTY_ASSIGNED_CONTEXT ( ( #4893 ) ) GLOBAL_UNIT_ASSIGNED_CONTEXT ( ( #7027, #1513, #7957 ) ) REPRESENTATION_CONTEXT ( 'NONE', 'WORKASPACE' ) );
#1206 = ORIENTED_EDGE ( 'NONE', *, *, #9421, .T. ) ;
#1207 = PRESENTATION_LAYER_ASSIGNMENT (  '', '', ( #596 ) ) ;
#1208 = CARTESIAN_POINT ( 'NONE',  ( -21.30000000000000100, -0.4500000000000074500, 0.0000000000000000000 ) ) ;
#1209 = ORIENTED_EDGE ( 'NONE', *, *, #10421, .T. ) ;
#1210 = CARTESIAN_POINT ( 'NONE',  ( 2.300000000000001600, -0.9100000000000028100, 0.7000000000000011800 ) ) ;
#1211 = FILL_AREA_STYLE ('',( #11287 ) ) ;
#1212 =( NAMED_UNIT ( * ) SI_UNIT ( $, .STERADIAN. ) SOLID_ANGLE_UNIT ( ) );
#1213 = CIRCLE ( 'NONE', #7195, 2.500000000000002200 ) ;
#1214 = ADVANCED_FACE ( 'NONE', ( #8282 ), #333, .F. ) ;
#1215 = CARTESIAN_POINT ( 'NONE',  ( 0.0000000000000000000, -3.500000000000000000, 49.50000000000000000 ) ) ;
#1216 = DIRECTION ( 'NONE',  ( -0.0000000000000000000, -1.000000000000000000, -0.0000000000000000000 ) ) ;
#1217 = ORIENTED_EDGE ( 'NONE', *, *, #323, .T. ) ;
#1218 = ORIENTED_EDGE ( 'NONE', *, *, #10577, .T. ) ;
#1219 = VERTEX_POINT ( 'NONE', #4990 ) ;
#1220 = DIRECTION ( 'NONE',  ( -1.000000000000000000, -0.0000000000000000000, -1.387778780781445900E-016 ) ) ;
#1221 = LINE ( 'NONE', #5670, #10413 ) ;
#1222 = FACE_OUTER_BOUND ( 'NONE', #7353, .T. ) ;
#1223 = DIRECTION ( 'NONE',  ( 1.387778780781445900E-016, -0.0000000000000000000, 1.000000000000000000 ) ) ;
#1224 = VECTOR ( 'NONE', #11047, 1000.000000000000000 ) ;
#1225 = DIRECTION ( 'NONE',  ( 0.0000000000000000000, 0.0000000000000000000, 1.000000000000000000 ) ) ;
#1226 = CARTESIAN_POINT ( 'NONE',  ( -12.12000000000000300, -0.8100000000000009400, 5.099999999999999600 ) ) ;
#1227 = ORIENTED_EDGE ( 'NONE', *, *, #10049, .T. ) ;
#1228 = VERTEX_POINT ( 'NONE', #4080 ) ;
#1229 = PRESENTATION_LAYER_ASSIGNMENT (  '', '', ( #617 ) ) ;
#1230 = SURFACE_STYLE_USAGE ( .BOTH. , #6729 ) ;
#1231 = ORIENTED_EDGE ( 'NONE', *, *, #23, .T. ) ;
#1232 = DIRECTION ( 'NONE',  ( -0.0000000000000000000, -1.000000000000000000, -0.0000000000000000000 ) ) ;
#1233 = VECTOR ( 'NONE', #11358, 1000.000000000000000 ) ;
#1234 = DIRECTION ( 'NONE',  ( 1.000000000000000000, 0.0000000000000000000, 0.0000000000000000000 ) ) ;
#1235 =( LENGTH_UNIT ( ) NAMED_UNIT ( * ) SI_UNIT ( .MILLI., .METRE. ) );
#1236 = PRESENTATION_LAYER_ASSIGNMENT (  '', '', ( #11931 ) ) ;
#1237 = DIRECTION ( 'NONE',  ( 0.0000000000000000000, -0.0000000000000000000, 1.000000000000000000 ) ) ;
#1238 = EDGE_CURVE ( 'NONE', #4375, #933, #7403, .T. ) ;
#1239 = CIRCLE ( 'NONE', #120, 1.399999999999998600 ) ;
#1240 = EDGE_CURVE ( 'NONE', #7863, #10035, #2527, .T. ) ;
#1241 = UNCERTAINTY_MEASURE_WITH_UNIT (LENGTH_MEASURE( 1.000000000000000100E-005 ), #1327, 'distance_accuracy_value', 'NONE');
#1242 = VECTOR ( 'NONE', #5546, 1000.000000000000000 ) ;
#1243 = DIRECTION ( 'NONE',  ( 0.0000000000000000000, 0.0000000000000000000, -1.000000000000000000 ) ) ;
#1244 = CIRCLE ( 'NONE', #7134, 0.5000000000000004400 ) ;
#1245 = EDGE_LOOP ( 'NONE', ( #5740, #2626, #357, #5627, #9532 ) ) ;
#1246 = CARTESIAN_POINT ( 'NONE',  ( 5.119999999999999200, -0.9100000000000039200, -2.562404328450167200E-016 ) ) ;
#1247 = ORIENTED_EDGE ( 'NONE', *, *, #3588, .F. ) ;
#1248 = LINE ( 'NONE', #4949, #10741 ) ;
#1249 = VECTOR ( 'NONE', #1977, 1000.000000000000000 ) ;
#1250 = SURFACE_SIDE_STYLE ('',( #9588 ) ) ;
#1251 = VECTOR ( 'NONE', #5137, 999.9999999999998900 ) ;
#1252 = CARTESIAN_POINT ( 'NONE',  ( -35.00000000000000000, 3.500000000000000000, -48.00000000000000000 ) ) ;
#1253 = ORIENTED_EDGE ( 'NONE', *, *, #2828, .T. ) ;
#1254 =( NAMED_UNIT ( * ) PLANE_ANGLE_UNIT ( ) SI_UNIT ( $, .RADIAN. ) );
#1255 = PRESENTATION_LAYER_ASSIGNMENT (  '', '', ( #10098 ) ) ;
#1256 = CARTESIAN_POINT ( 'NONE',  ( 20.55000000000000100, 1.269999999999991800, 5.099999999999999600 ) ) ;
#1257 = PRESENTATION_STYLE_ASSIGNMENT (( #10151 ) ) ;
#1258 = STYLED_ITEM ( 'NONE', ( #6398 ), #6142 ) ;
#1259 = ADVANCED_FACE ( 'NONE', ( #4678 ), #9283, .F. ) ;
#1260 = EDGE_CURVE ( 'NONE', #2025, #3737, #11723, .T. ) ;
#1261 = ORIENTED_EDGE ( 'NONE', *, *, #5790, .F. ) ;
#1262 = VECTOR ( 'NONE', #10036, 1000.000000000000000 ) ;
#1263 = SURFACE_STYLE_FILL_AREA ( #2517 ) ;
#1264 = DIRECTION ( 'NONE',  ( 0.0000000000000000000, 0.0000000000000000000, -1.000000000000000000 ) ) ;
#1265 = LINE ( 'NONE', #3293, #5847 ) ;
#1266 = ORIENTED_EDGE ( 'NONE', *, *, #9801, .T. ) ;
#1267 = CARTESIAN_POINT ( 'NONE',  ( -14.64000000000000100, -0.9099999999999993600, 1.299999999999999600 ) ) ;
#1268 = DIRECTION ( 'NONE',  ( 1.000000000000000000, -5.288791085295141800E-017, 0.0000000000000000000 ) ) ;
#1269 = DIRECTION ( 'NONE',  ( 0.0000000000000000000, 1.000000000000000000, 0.0000000000000000000 ) ) ;
#1270 = DIRECTION ( 'NONE',  ( 2.409338161078899700E-016, -1.000000000000000000, -1.899788849813798600E-031 ) ) ;
#1271 = CARTESIAN_POINT ( 'NONE',  ( -33.89999999999999900, -2.900000000000000400, -39.00000000000000700 ) ) ;
#1272 = ORIENTED_EDGE ( 'NONE', *, *, #147, .F. ) ;
#1273 = LINE ( 'NONE', #7888, #3440 ) ;
#1274 = CARTESIAN_POINT ( 'NONE',  ( -11.21999999999999900, -0.9100000000000011400, 0.7000000000000001800 ) ) ;
#1275 = ADVANCED_FACE ( 'NONE', ( #2223 ), #10552, .F. ) ;
#1276 = PRESENTATION_STYLE_ASSIGNMENT (( #1884 ) ) ;
#1277 = SURFACE_SIDE_STYLE ('',( #10341 ) ) ;
#1278 = PLANE ( 'NONE',  #7283 ) ;
#1279 = ORIENTED_EDGE ( 'NONE', *, *, #5875, .T. ) ;
#1280 = EDGE_CURVE ( 'NONE', #799, #4182, #8404, .T. ) ;
#1281 = MECHANICAL_DESIGN_GEOMETRIC_PRESENTATION_REPRESENTATION (  '', ( #11352 ), #1889 ) ;
#1282 = DIRECTION ( 'NONE',  ( -1.000000000000000000, 2.409338161078899700E-016, 0.0000000000000000000 ) ) ;
#1283 = ORIENTED_EDGE ( 'NONE', *, *, #4265, .F. ) ;
#1284 = PRESENTATION_LAYER_ASSIGNMENT (  '', '', ( #11356 ) ) ;
#1285 = CARTESIAN_POINT ( 'NONE',  ( -34.99999999999999300, 3.500000000000000000, 49.39999999999999900 ) ) ;
#1286 = LINE ( 'NONE', #5027, #6163 ) ;
#1287 = CARTESIAN_POINT ( 'NONE',  ( -5.899999999999998600, 0.0000000000000000000, 5.099999999999999600 ) ) ;
#1288 = ORIENTED_EDGE ( 'NONE', *, *, #115, .T. ) ;
#1289 = VECTOR ( 'NONE', #11420, 1000.000000000000000 ) ;
#1290 = VERTEX_POINT ( 'NONE', #2350 ) ;
#1291 = LINE ( 'NONE', #10086, #3460 ) ;
#1292 = MECHANICAL_DESIGN_GEOMETRIC_PRESENTATION_REPRESENTATION (  '', ( #11361 ), #1900 ) ;
#1293 = ORIENTED_EDGE ( 'NONE', *, *, #7104, .T. ) ;
#1294 = ORIENTED_EDGE ( 'NONE', *, *, #1888, .T. ) ;
#1295 = FACE_OUTER_BOUND ( 'NONE', #1049, .T. ) ;
#1296 = CARTESIAN_POINT ( 'NONE',  ( -22.80000000000000100, 2.849999999999991700, 0.0000000000000000000 ) ) ;
#1297 = ORIENTED_EDGE ( 'NONE', *, *, #10805, .T. ) ;
#1298 = DIRECTION ( 'NONE',  ( -1.000000000000000000, 1.392979236598078500E-016, -0.0000000000000000000 ) ) ;
#1299 =( LENGTH_UNIT ( ) NAMED_UNIT ( * ) SI_UNIT ( .MILLI., .METRE. ) );
#1300 = EDGE_CURVE ( 'NONE', #483, #10969, #10866, .T. ) ;
#1301 = DIRECTION ( 'NONE',  ( -1.000000000000000000, 0.0000000000000000000, -0.0000000000000000000 ) ) ;
#1302 = ORIENTED_EDGE ( 'NONE', *, *, #1280, .T. ) ;
#1303 = ORIENTED_EDGE ( 'NONE', *, *, #2172, .F. ) ;
#1304 = STYLED_ITEM ( 'NONE', ( #6735 ), #11570 ) ;
#1305 = DIRECTION ( 'NONE',  ( -2.409338161078899700E-016, -1.000000000000000000, -1.899788849813798600E-031 ) ) ;
#1306 = CARTESIAN_POINT ( 'NONE',  ( 6.200000000000001100, -0.8100000000000041600, 0.7000000000000027300 ) ) ;
#1307 = DIRECTION ( 'NONE',  ( 7.885106708985486100E-016, 0.0000000000000000000, -1.000000000000000000 ) ) ;
#1308 = CARTESIAN_POINT ( 'NONE',  ( 0.0000000000000000000, -2.900000000000000400, 0.0000000000000000000 ) ) ;
#1309 = FACE_OUTER_BOUND ( 'NONE', #6352, .T. ) ;
#1310 = UNCERTAINTY_MEASURE_WITH_UNIT (LENGTH_MEASURE( 1.000000000000000100E-005 ), #2920, 'distance_accuracy_value', 'NONE');
#1311 = EDGE_CURVE ( 'NONE', #3527, #8043, #3539, .T. ) ;
#1312 = ORIENTED_EDGE ( 'NONE', *, *, #5937, .F. ) ;
#1313 = PLANE ( 'NONE',  #714 ) ;
#1314 = ORIENTED_EDGE ( 'NONE', *, *, #8732, .F. ) ;
#1315 = CARTESIAN_POINT ( 'NONE',  ( 3.000000000000002700, 0.0000000000000000000, 0.0000000000000000000 ) ) ;
#1316 = DIRECTION ( 'NONE',  ( 1.049727191138618300E-016, -0.5150380749100547100, 0.8571673007021120000 ) ) ;
#1317 = DIRECTION ( 'NONE',  ( 0.0000000000000000000, 0.0000000000000000000, 1.000000000000000000 ) ) ;
#1318 = VECTOR ( 'NONE', #10021, 1000.000000000000000 ) ;
#1319 =( NAMED_UNIT ( * ) PLANE_ANGLE_UNIT ( ) SI_UNIT ( $, .RADIAN. ) );
#1320 = ADVANCED_FACE ( 'NONE', ( #5953 ), #5396, .F. ) ;
#1321 = LINE ( 'NONE', #6127, #10811 ) ;
#1322 = VERTEX_POINT ( 'NONE', #552 ) ;
#1323 = EDGE_CURVE ( 'NONE', #11317, #8461, #7844, .T. ) ;
#1324 = ORIENTED_EDGE ( 'NONE', *, *, #1470, .T. ) ;
#1325 = STYLED_ITEM ( 'NONE', ( #2702 ), #599 ) ;
#1326 = VERTEX_POINT ( 'NONE', #3338 ) ;
#1327 =( LENGTH_UNIT ( ) NAMED_UNIT ( * ) SI_UNIT ( .MILLI., .METRE. ) );
#1328 = EDGE_CURVE ( 'NONE', #6010, #2885, #10568, .T. ) ;
#1329 =( LENGTH_UNIT ( ) NAMED_UNIT ( * ) SI_UNIT ( .MILLI., .METRE. ) );
#1330 = CARTESIAN_POINT ( 'NONE',  ( 32.20000000000000300, -2.100000000000000100, 47.20000000000000300 ) ) ;
#1331 = VECTOR ( 'NONE', #68, 1000.000000000000000 ) ;
#1332 = ORIENTED_EDGE ( 'NONE', *, *, #11795, .F. ) ;
#1333 = ADVANCED_FACE ( 'NONE', ( #812 ), #7925, .F. ) ;
#1334 = CARTESIAN_POINT ( 'NONE',  ( -33.00000000000000000, 0.2999999999999999900, 48.00000000000000000 ) ) ;
#1335 = ORIENTED_EDGE ( 'NONE', *, *, #1922, .T. ) ;
#1336 = ORIENTED_EDGE ( 'NONE', *, *, #5548, .F. ) ;
#1337 = ORIENTED_EDGE ( 'NONE', *, *, #9195, .F. ) ;
#1338 = VECTOR ( 'NONE', #11422, 1000.000000000000000 ) ;
#1339 = CARTESIAN_POINT ( 'NONE',  ( 33.00000000000001400, 3.500000000000000000, 48.00000000000000000 ) ) ;
#1340 = VERTEX_POINT ( 'NONE', #10681 ) ;
#1341 = CARTESIAN_POINT ( 'NONE',  ( -30.85999999999999600, -3.500000000000000000, 39.34999999999998000 ) ) ;
#1342 = CARTESIAN_POINT ( 'NONE',  ( 30.86000000000001700, -3.500000000000000000, 41.84999999999998700 ) ) ;
#1343 = ORIENTED_EDGE ( 'NONE', *, *, #10353, .T. ) ;
#1344 = EDGE_CURVE ( 'NONE', #4665, #767, #500, .T. ) ;
#1345 = AXIS2_PLACEMENT_3D ( 'NONE', #11745, #6237, #748 ) ;
#1346 = PLANE ( 'NONE',  #469 ) ;
#1347 = EDGE_CURVE ( 'NONE', #7108, #565, #5677, .T. ) ;
#1348 = ORIENTED_EDGE ( 'NONE', *, *, #451, .F. ) ;
#1349 = EDGE_CURVE ( 'NONE', #6078, #5980, #3252, .T. ) ;
#1350 = CARTESIAN_POINT ( 'NONE',  ( 0.0000000000000000000, -0.2649999999999991800, -0.2649999999999991800 ) ) ;
#1351 = ORIENTED_EDGE ( 'NONE', *, *, #5956, .T. ) ;
#1352 = CIRCLE ( 'NONE', #2967, 1.399999999999998600 ) ;
#1353 = DIRECTION ( 'NONE',  ( -1.355252715606881000E-016, 0.0000000000000000000, -1.000000000000000000 ) ) ;
#1354 = CARTESIAN_POINT ( 'NONE',  ( 0.0000000000000000000, -0.2649999999999964100, -1.070000000000000700 ) ) ;
#1355 = CARTESIAN_POINT ( 'NONE',  ( -34.99999999999999300, -2.900000000000000400, 49.39999999999999900 ) ) ;
#1356 = ORIENTED_EDGE ( 'NONE', *, *, #4978, .T. ) ;
#1357 = MECHANICAL_DESIGN_GEOMETRIC_PRESENTATION_REPRESENTATION (  '', ( #109 ), #1960 ) ;
#1358 = DIRECTION ( 'NONE',  ( 1.668003342285391100E-017, 1.000000000000000000, -0.0000000000000000000 ) ) ;
#1359 = CARTESIAN_POINT ( 'NONE',  ( -32.20000000000000300, 2.900000000000000400, -47.20000000000000300 ) ) ;
#1360 = EDGE_LOOP ( 'NONE', ( #10243, #3103, #10815, #2801 ) ) ;
#1361 = FACE_OUTER_BOUND ( 'NONE', #9791, .T. ) ;
#1362 = EDGE_CURVE ( 'NONE', #7605, #8250, #2668, .T. ) ;
#1363 = AXIS2_PLACEMENT_3D ( 'NONE', #10899, #825, #7235 ) ;
#1364 = FACE_OUTER_BOUND ( 'NONE', #1449, .T. ) ;
#1365 = LINE ( 'NONE', #7531, #8396 ) ;
#1366 = AXIS2_PLACEMENT_3D ( 'NONE', #470, #6915, #5042 ) ;
#1367 = ORIENTED_EDGE ( 'NONE', *, *, #6551, .T. ) ;
#1368 = LINE ( 'NONE', #8680, #10563 ) ;
#1369 = ORIENTED_EDGE ( 'NONE', *, *, #7783, .F. ) ;
#1370 = CARTESIAN_POINT ( 'NONE',  ( -12.12000000000000300, -0.9100000000000010300, 5.099999999999999600 ) ) ;
#1371 = ORIENTED_EDGE ( 'NONE', *, *, #8345, .T. ) ;
#1372 = VECTOR ( 'NONE', #5031, 1000.000000000000000 ) ;
#1373 = DIRECTION ( 'NONE',  ( -0.0000000000000000000, 1.000000000000000000, -0.0000000000000000000 ) ) ;
#1374 = MECHANICAL_DESIGN_GEOMETRIC_PRESENTATION_REPRESENTATION (  '', ( #126 ), #1978 ) ;
#1375 = CARTESIAN_POINT ( 'NONE',  ( 33.00000000000000000, 3.500000000000000000, -49.39999999999999900 ) ) ;
#1376 = VECTOR ( 'NONE', #9779, 1000.000000000000000 ) ;
#1377 = UNCERTAINTY_MEASURE_WITH_UNIT (LENGTH_MEASURE( 1.000000000000000100E-005 ), #10416, 'distance_accuracy_value', 'NONE');
#1378 = DIRECTION ( 'NONE',  ( -0.0000000000000000000, 1.000000000000000000, 0.0000000000000000000 ) ) ;
#1379 = STYLED_ITEM ( 'NONE', ( #2945 ), #3796 ) ;
#1380 = ADVANCED_FACE ( 'NONE', ( #4807 ), #6441, .T. ) ;
#1381 = VECTOR ( 'NONE', #11035, 1000.000000000000000 ) ;
#1382 = VECTOR ( 'NONE', #8378, 1000.000000000000000 ) ;
#1383 = CARTESIAN_POINT ( 'NONE',  ( 22.80000000000000100, 2.849999999999991700, 7.000000000000000000 ) ) ;
#1384 = ORIENTED_EDGE ( 'NONE', *, *, #7499, .T. ) ;
#1385 = DIRECTION ( 'NONE',  ( 1.668003342285391100E-017, 1.000000000000000000, -0.0000000000000000000 ) ) ;
#1386 = LINE ( 'NONE', #9083, #10882 ) ;
#1387 = CARTESIAN_POINT ( 'NONE',  ( -6.999999999999998200, -0.8100000000000017200, 5.099999999999999600 ) ) ;
#1388 = CARTESIAN_POINT ( 'NONE',  ( 1.000000000000002000, -0.9100000000000028100, 5.099999999999999600 ) ) ;
#1389 = CARTESIAN_POINT ( 'NONE',  ( -34.39999999999999900, -2.900000000000000400, -45.00000000000001400 ) ) ;
#1390 = DIRECTION ( 'NONE',  ( -3.168854151125935700E-048, -1.899788849813798900E-031, 1.000000000000000000 ) ) ;
#1391 = PLANE ( 'NONE',  #4172 ) ;
#1392 = SURFACE_STYLE_FILL_AREA ( #3966 ) ;
#1393 = DIRECTION ( 'NONE',  ( 1.668003342285391100E-017, 1.000000000000000000, 0.0000000000000000000 ) ) ;
#1394 = PRODUCT_DEFINITION_FORMATION_WITH_SPECIFIED_SOURCE ( 'ANY', '', #10750, .NOT_KNOWN. ) ;
#1395 = ADVANCED_FACE ( 'NONE', ( #8823 ), #1901, .F. ) ;
#1396 = EDGE_LOOP ( 'NONE', ( #1711, #11255, #2575, #7073, #8402, #402 ) ) ;
#1397 = CARTESIAN_POINT ( 'NONE',  ( 6.600000000000001400, -0.9100000000000046900, 5.099999999999999600 ) ) ;
#1399 = CARTESIAN_POINT ( 'NONE',  ( -32.20000000000000300, 2.900000000000000400, 47.20000000000000300 ) ) ;
#1398 = PRESENTATION_LAYER_ASSIGNMENT (  '', '', ( #10245 ) ) ;
#1400 = LINE ( 'NONE', #2337, #6280 ) ;
#1401 = EDGE_CURVE ( 'NONE', #1732, #7940, #11000, .T. ) ;
#1402 = FILL_AREA_STYLE ('',( #3207 ) ) ;
#1403 = VERTEX_POINT ( 'NONE', #3755 ) ;
#1404 = VECTOR ( 'NONE', #1298, 1000.000000000000000 ) ;
#1405 = VERTEX_POINT ( 'NONE', #10173 ) ;
#1406 = SURFACE_STYLE_USAGE ( .BOTH. , #6918 ) ;
#1407 = FILL_AREA_STYLE_COLOUR ( '', #5138 ) ;
#1408 = FILL_AREA_STYLE ('',( #11491 ) ) ;
#1409 = ORIENTED_EDGE ( 'NONE', *, *, #1189, .F. ) ;
#1410 = DIRECTION ( 'NONE',  ( 0.0000000000000000000, -1.000000000000000000, -0.0000000000000000000 ) ) ;
#1411 = CYLINDRICAL_SURFACE ( 'NONE', #7781, 0.5000000000000004400 ) ;
#1412 = VERTEX_POINT ( 'NONE', #74 ) ;
#1413 = VERTEX_POINT ( 'NONE', #8332 ) ;
#1414 = CARTESIAN_POINT ( 'NONE',  ( 6.600000000000001400, -0.9100000000000045800, 5.099999999999999600 ) ) ;
#1415 = VECTOR ( 'NONE', #6476, 1000.000000000000000 ) ;
#1416 = PRESENTATION_LAYER_ASSIGNMENT (  '', '', ( #162 ) ) ;
#1417 = ORIENTED_EDGE ( 'NONE', *, *, #1952, .T. ) ;
#1418 = PRESENTATION_LAYER_ASSIGNMENT (  '', '', ( #168 ) ) ;
#1419 = DIRECTION ( 'NONE',  ( 0.0000000000000000000, 0.0000000000000000000, -1.000000000000000000 ) ) ;
#1420 = EDGE_CURVE ( 'NONE', #4393, #4335, #6394, .T. ) ;
#1421 = EDGE_CURVE ( 'NONE', #7496, #6159, #6096, .T. ) ;
#1422 = SURFACE_STYLE_USAGE ( .BOTH. , #6930 ) ;
#1423 = ORIENTED_EDGE ( 'NONE', *, *, #5206, .T. ) ;
#1424 = DIRECTION ( 'NONE',  ( -1.668003342285391100E-017, -1.000000000000000000, 0.0000000000000000000 ) ) ;
#1425 = PLANE ( 'NONE',  #8712 ) ;
#1426 = ORIENTED_EDGE ( 'NONE', *, *, #7649, .F. ) ;
#1427 = DIRECTION ( 'NONE',  ( -1.668003342285391100E-017, -1.000000000000000000, 0.0000000000000000000 ) ) ;
#1428 = VERTEX_POINT ( 'NONE', #11139 ) ;
#1429 = EDGE_LOOP ( 'NONE', ( #6194, #5086, #9205, #8090 ) ) ;
#1430 = CARTESIAN_POINT ( 'NONE',  ( -1.599999999999998100, -0.8100000000000040500, 5.099999999999999600 ) ) ;
#1431 = CARTESIAN_POINT ( 'NONE',  ( -13.34000000000000200, -0.9100000000000007000, 5.099999999999999600 ) ) ;
#1432 = FILL_AREA_STYLE ('',( #7864 ) ) ;
#1433 = CARTESIAN_POINT ( 'NONE',  ( -34.39999999999999900, 3.500000000000000000, -33.00000000000000000 ) ) ;
#1434 = EDGE_CURVE ( 'NONE', #7448, #10263, #10713, .T. ) ;
#1435 = DIRECTION ( 'NONE',  ( 0.0000000000000000000, 0.0000000000000000000, 1.000000000000000000 ) ) ;
#1436 = VERTEX_POINT ( 'NONE', #4711 ) ;
#1437 = VECTOR ( 'NONE', #6236, 1000.000000000000000 ) ;
#1438 = PLANE ( 'NONE',  #11279 ) ;
#1439 = STYLED_ITEM ( 'NONE', ( #9439 ), #2603 ) ;
#1440 = VERTEX_POINT ( 'NONE', #1070 ) ;
#1441 = VECTOR ( 'NONE', #6749, 1000.000000000000000 ) ;
#1442 = ADVANCED_FACE ( 'NONE', ( #8526 ), #10219, .F. ) ;
#1443 = DIRECTION ( 'NONE',  ( 0.0000000000000000000, 0.0000000000000000000, 1.000000000000000000 ) ) ;
#1444 = AXIS2_PLACEMENT_3D ( 'NONE', #3763, #7408, #4682 ) ;
#1445 = CYLINDRICAL_SURFACE ( 'NONE', #6845, 2.000000000000001800 ) ;
#1446 = DIRECTION ( 'NONE',  ( 1.000000000000000000, 0.0000000000000000000, -1.387778780781445900E-016 ) ) ;
#1447 = VECTOR ( 'NONE', #10378, 1000.000000000000000 ) ;
#1448 = DIRECTION ( 'NONE',  ( -0.0000000000000000000, -0.0000000000000000000, 1.000000000000000000 ) ) ;
#1449 = EDGE_LOOP ( 'NONE', ( #268, #6640, #6556, #8379, #8664 ) ) ;
#1450 =( LENGTH_UNIT ( ) NAMED_UNIT ( * ) SI_UNIT ( .MILLI., .METRE. ) );
#1451 = CARTESIAN_POINT ( 'NONE',  ( -30.86000000000000700, 1.999999999999999600, -36.00000000000000700 ) ) ;
#1452 = CARTESIAN_POINT ( 'NONE',  ( -12.11999999999999900, -0.9100000000000010300, 0.7000000000000000700 ) ) ;
#1453 = ADVANCED_FACE ( 'NONE', ( #5812 ), #5628, .F. ) ;
#1454 = CARTESIAN_POINT ( 'NONE',  ( -14.64000000000000100, -0.9099999999999993600, 5.099999999999999600 ) ) ;
#1455 = DIRECTION ( 'NONE',  ( 1.000000000000000000, 0.0000000000000000000, 1.387778780781445900E-016 ) ) ;
#1456 = PRESENTATION_STYLE_ASSIGNMENT (( #1795 ) ) ;
#1457 = UNCERTAINTY_MEASURE_WITH_UNIT (LENGTH_MEASURE( 1.000000000000000100E-005 ), #6819, 'distance_accuracy_value', 'NONE');
#1458 = ORIENTED_EDGE ( 'NONE', *, *, #2309, .T. ) ;
#1459 = FILL_AREA_STYLE_COLOUR ( '', #5424 ) ;
#1460 =( GEOMETRIC_REPRESENTATION_CONTEXT ( 3 ) GLOBAL_UNCERTAINTY_ASSIGNED_CONTEXT ( ( #5512 ) ) GLOBAL_UNIT_ASSIGNED_CONTEXT ( ( #4813, #11246, #5745 ) ) REPRESENTATION_CONTEXT ( 'NONE', 'WORKASPACE' ) );
#1461 = VERTEX_POINT ( 'NONE', #9333 ) ;
#1462 = DIRECTION ( 'NONE',  ( 0.0000000000000000000, 0.0000000000000000000, -1.000000000000000000 ) ) ;
#1463 = CARTESIAN_POINT ( 'NONE',  ( 9.200000000000001100, -0.8100000000000042700, 5.099999999999999600 ) ) ;
#1464 = PLANE ( 'NONE',  #4026 ) ;
#1465 = CARTESIAN_POINT ( 'NONE',  ( -18.55000000000000400, 0.6699999999999920500, 0.0000000000000000000 ) ) ;
#1466 = LINE ( 'NONE', #10251, #1179 ) ;
#1467 = MECHANICAL_DESIGN_GEOMETRIC_PRESENTATION_REPRESENTATION (  '', ( #217 ), #2067 ) ;
#1468 = EDGE_CURVE ( 'NONE', #5492, #11873, #1221, .T. ) ;
#1469 = DIRECTION ( 'NONE',  ( 0.9063077870366496000, 0.0000000000000000000, 0.4226182617407002700 ) ) ;
#1470 = EDGE_CURVE ( 'NONE', #3095, #1139, #1510, .T. ) ;
#1471 = CARTESIAN_POINT ( 'NONE',  ( -32.20000000000001700, -0.2999999999999999900, 47.20000000000001700 ) ) ;
#1472 = CARTESIAN_POINT ( 'NONE',  ( 16.60000000000000500, -0.8100000000000043800, 5.099999999999999600 ) ) ;
#1473 = ORIENTED_EDGE ( 'NONE', *, *, #6342, .T. ) ;
#1474 = DIRECTION ( 'NONE',  ( 0.0000000000000000000, 0.0000000000000000000, 1.000000000000000000 ) ) ;
#1475 = DIRECTION ( 'NONE',  ( 0.0000000000000000000, -1.000000000000000000, 0.0000000000000000000 ) ) ;
#1476 = CARTESIAN_POINT ( 'NONE',  ( -33.35999999999998500, 2.999999999999991600, 39.34999999999998700 ) ) ;
#1477 = DIRECTION ( 'NONE',  ( 0.0000000000000000000, -1.000000000000000000, 0.0000000000000000000 ) ) ;
#1478 = ORIENTED_EDGE ( 'NONE', *, *, #4006, .T. ) ;
#1479 = EDGE_LOOP ( 'NONE', ( #5051, #4389, #4586, #1766 ) ) ;
#1480 = CARTESIAN_POINT ( 'NONE',  ( 18.55000000000000100, -2.850000000000001000, 5.100000000000000500 ) ) ;
#1481 = CIRCLE ( 'NONE', #492, 0.5000000000000004400 ) ;
#1482 =( LENGTH_UNIT ( ) NAMED_UNIT ( * ) SI_UNIT ( .MILLI., .METRE. ) );
#1483 = ORIENTED_EDGE ( 'NONE', *, *, #10340, .T. ) ;
#1484 = EDGE_CURVE ( 'NONE', #9298, #7654, #954, .T. ) ;
#1485 = ORIENTED_EDGE ( 'NONE', *, *, #7615, .T. ) ;
#1486 = MECHANICAL_DESIGN_GEOMETRIC_PRESENTATION_REPRESENTATION (  '', ( #235 ), #2084 ) ;
#1487 = CARTESIAN_POINT ( 'NONE',  ( -32.20000000000001700, -0.2999999999999999900, -47.20000000000001700 ) ) ;
#1488 = ORIENTED_EDGE ( 'NONE', *, *, #10197, .F. ) ;
#1489 = AXIS2_PLACEMENT_3D ( 'NONE', #4979, #4072, #10502 ) ;
#1490 = ORIENTED_EDGE ( 'NONE', *, *, #6868, .T. ) ;
#1491 = EDGE_CURVE ( 'NONE', #4926, #11198, #5535, .T. ) ;
#1492 = SURFACE_STYLE_USAGE ( .BOTH. , #6996 ) ;
#1493 = ORIENTED_EDGE ( 'NONE', *, *, #9787, .F. ) ;
#1494 = SURFACE_STYLE_USAGE ( .BOTH. , #7003 ) ;
#1495 = ADVANCED_FACE ( 'NONE', ( #652 ), #6633, .F. ) ;
#1496 = VERTEX_POINT ( 'NONE', #9366 ) ;
#1497 = VECTOR ( 'NONE', #3830, 1000.000000000000000 ) ;
#1498 = PLANE ( 'NONE',  #8840 ) ;
#1499 = CIRCLE ( 'NONE', #6302, 0.5000000000000004400 ) ;
#1500 = CARTESIAN_POINT ( 'NONE',  ( -20.55000000000000100, 0.6699999999999918200, 5.099999999999999600 ) ) ;
#1501 = EDGE_CURVE ( 'NONE', #5507, #637, #6823, .T. ) ;
#1502 = AXIS2_PLACEMENT_3D ( 'NONE', #5779, #276, #6706 ) ;
#1503 = DIRECTION ( 'NONE',  ( -1.000000000000000000, 1.392979236598078500E-016, -0.0000000000000000000 ) ) ;
#1504 = ORIENTED_EDGE ( 'NONE', *, *, #9191, .T. ) ;
#1505 = DIRECTION ( 'NONE',  ( 1.000000000000000000, 0.0000000000000000000, 1.204669080539449800E-016 ) ) ;
#1506 = VERTEX_POINT ( 'NONE', #8503 ) ;
#1507 = DIRECTION ( 'NONE',  ( 0.0000000000000000000, -3.491481338843133400E-015, 1.000000000000000000 ) ) ;
#1508 = ORIENTED_EDGE ( 'NONE', *, *, #6570, .F. ) ;
#1509 = ADVANCED_FACE ( 'NONE', ( #11418, #9273, #11714 ), #1178, .F. ) ;
#1510 = LINE ( 'NONE', #2012, #3393 ) ;
#1511 = COLOUR_RGB ( '',0.9686274509803921600, 0.8784313725490196000, 0.5999999999999999800 ) ;
#1512 = CARTESIAN_POINT ( 'NONE',  ( -32.20000000000000300, 2.150000000000010600, -47.20000000000000300 ) ) ;
#1513 =( NAMED_UNIT ( * ) PLANE_ANGLE_UNIT ( ) SI_UNIT ( $, .RADIAN. ) );
#1514 = CONICAL_SURFACE ( 'NONE', #2984, 0.7999999999999951600, 0.7853981633974536100 ) ;
#1515 = PRESENTATION_LAYER_ASSIGNMENT (  '', '', ( #270 ) ) ;
#1516 = CARTESIAN_POINT ( 'NONE',  ( -18.55000000000000400, 1.269999999999992000, 0.0000000000000000000 ) ) ;
#1517 = DIRECTION ( 'NONE',  ( -0.0000000000000000000, 1.000000000000000000, -0.0000000000000000000 ) ) ;
#1518 = FACE_OUTER_BOUND ( 'NONE', #8074, .T. ) ;
#1519 = ORIENTED_EDGE ( 'NONE', *, *, #451, .T. ) ;
#1520 = VERTEX_POINT ( 'NONE', #2083 ) ;
#1521 = EDGE_CURVE ( 'NONE', #3917, #11325, #8979, .T. ) ;
#1522 = CARTESIAN_POINT ( 'NONE',  ( -33.00000000000000000, -3.500000000000000000, -48.00000000000000000 ) ) ;
#1523 = VERTEX_POINT ( 'NONE', #11291 ) ;
#1524 = VECTOR ( 'NONE', #10473, 1000.000000000000000 ) ;
#1525 = CARTESIAN_POINT ( 'NONE',  ( -13.34000000000000200, -0.9100000000000003600, 5.099999999999999600 ) ) ;
#1526 = UNCERTAINTY_MEASURE_WITH_UNIT (LENGTH_MEASURE( 1.000000000000000100E-005 ), #3542, 'distance_accuracy_value', 'NONE');
#1527 = DIRECTION ( 'NONE',  ( 1.668003342285391100E-017, 1.000000000000000000, -0.0000000000000000000 ) ) ;
#1528 = CARTESIAN_POINT ( 'NONE',  ( 15.29999999999999700, -0.9100000000000075800, 1.300000000000002700 ) ) ;
#1529 = CIRCLE ( 'NONE', #6286, 1.399999999999998600 ) ;
#1530 = CARTESIAN_POINT ( 'NONE',  ( -21.30000000000000100, -2.850000000000001000, 0.0000000000000000000 ) ) ;
#1531 = FILL_AREA_STYLE ('',( #3390 ) ) ;
#1532 = FACE_BOUND ( 'NONE', #249, .T. ) ;
#1533 = ORIENTED_EDGE ( 'NONE', *, *, #5447, .F. ) ;
#1534 =( GEOMETRIC_REPRESENTATION_CONTEXT ( 3 ) GLOBAL_UNCERTAINTY_ASSIGNED_CONTEXT ( ( #6390 ) ) GLOBAL_UNIT_ASSIGNED_CONTEXT ( ( #6139, #650, #7078 ) ) REPRESENTATION_CONTEXT ( 'NONE', 'WORKASPACE' ) );
#1535 = FACE_OUTER_BOUND ( 'NONE', #9755, .T. ) ;
#1536 = CARTESIAN_POINT ( 'NONE',  ( 34.39999999999998400, 2.899999999999999900, 48.00000000000000000 ) ) ;
#1537 = MECHANICAL_DESIGN_GEOMETRIC_PRESENTATION_REPRESENTATION (  '', ( #11609 ), #2138 ) ;
#1538 = ORIENTED_EDGE ( 'NONE', *, *, #2673, .T. ) ;
#1539 = VECTOR ( 'NONE', #11398, 1000.000000000000000 ) ;
#1540 = FACE_OUTER_BOUND ( 'NONE', #8351, .T. ) ;
#1541 = EDGE_CURVE ( 'NONE', #3967, #6599, #4086, .T. ) ;
#1542 = LINE ( 'NONE', #9721, #1251 ) ;
#1543 = DIRECTION ( 'NONE',  ( 0.0000000000000000000, -1.000000000000000000, 0.0000000000000000000 ) ) ;
#1544 = DIRECTION ( 'NONE',  ( 0.0000000000000000000, -0.5150380749100547100, -0.8571673007021120000 ) ) ;
#1545 = VERTEX_POINT ( 'NONE', #7627 ) ;
#1546 = CARTESIAN_POINT ( 'NONE',  ( 30.86000000000001700, -3.500000000000000000, 40.59999999999998000 ) ) ;
#1547 = CARTESIAN_POINT ( 'NONE',  ( 1.757653333333334600, 0.1137733333333333800, 6.140779046884138400E-016 ) ) ;
#1548 = DIRECTION ( 'NONE',  ( -0.0000000000000000000, -1.000000000000000000, -0.0000000000000000000 ) ) ;
#1549 = DIRECTION ( 'NONE',  ( 0.0000000000000000000, -0.0000000000000000000, -1.000000000000000000 ) ) ;
#1550 = FACE_OUTER_BOUND ( 'NONE', #2406, .T. ) ;
#1551 =( NAMED_UNIT ( * ) SI_UNIT ( $, .STERADIAN. ) SOLID_ANGLE_UNIT ( ) );
#1552 = DIRECTION ( 'NONE',  ( 0.0000000000000000000, 0.0000000000000000000, 1.000000000000000000 ) ) ;
#1553 = ORIENTED_EDGE ( 'NONE', *, *, #7198, .F. ) ;
#1554 = VECTOR ( 'NONE', #8213, 1000.000000000000000 ) ;
#1555 = CARTESIAN_POINT ( 'NONE',  ( 26.55000000000000400, -3.500000000000000000, -42.20000000000000300 ) ) ;
#1556 = VECTOR ( 'NONE', #2304, 1000.000000000000000 ) ;
#1557 = DIRECTION ( 'NONE',  ( -1.000000000000000000, 0.0000000000000000000, -0.0000000000000000000 ) ) ;
#1558 = SURFACE_STYLE_FILL_AREA ( #484 ) ;
#1559 = CARTESIAN_POINT ( 'NONE',  ( -14.64000000000000100, -4.815124837953327100, 5.099999999999999600 ) ) ;
#1560 = FACE_OUTER_BOUND ( 'NONE', #6165, .T. ) ;
#1562 = CARTESIAN_POINT ( 'NONE',  ( -2.090861834133726000E-016, -0.9100000000000039200, -1.538828968349184100E-031 ) ) ;
#1561 = AXIS2_PLACEMENT_3D ( 'NONE', #356, #3139, #9557 ) ;
#1563 = FILL_AREA_STYLE ('',( #549 ) ) ;
#1565 = EDGE_CURVE ( 'NONE', #7187, #1413, #4386, .T. ) ;
#1564 = ORIENTED_EDGE ( 'NONE', *, *, #2673, .F. ) ;
#1566 = AXIS2_PLACEMENT_3D ( 'NONE', #11566, #5213, #11644 ) ;
#1567 = ADVANCED_FACE ( 'NONE', ( #1361 ), #9974, .F. ) ;
#1568 = CARTESIAN_POINT ( 'NONE',  ( -33.89999999999998400, 3.500000000000000000, 44.50000000000001400 ) ) ;
#1569 = EDGE_CURVE ( 'NONE', #1862, #4394, #7831, .T. ) ;
#1570 = VERTEX_POINT ( 'NONE', #10447 ) ;
#1571 = DIRECTION ( 'NONE',  ( 0.0000000000000000000, 0.0000000000000000000, -1.000000000000000000 ) ) ;
#1572 = CARTESIAN_POINT ( 'NONE',  ( -32.20000000000001700, 0.2999999999999999900, 47.20000000000001700 ) ) ;
#1573 = VECTOR ( 'NONE', #942, 1000.000000000000000 ) ;
#1574 = VERTEX_POINT ( 'NONE', #5859 ) ;
#1575 = DIRECTION ( 'NONE',  ( 0.0000000000000000000, -1.000000000000000000, 0.0000000000000000000 ) ) ;
#1576 = ORIENTED_EDGE ( 'NONE', *, *, #8475, .F. ) ;
#1577 = CARTESIAN_POINT ( 'NONE',  ( -29.50000000000000400, -2.900000000000000400, -49.39999999999999900 ) ) ;
#1578 = FACE_BOUND ( 'NONE', #7536, .T. ) ;
#1579 = DIRECTION ( 'NONE',  ( 1.668003342285391100E-017, 1.000000000000000000, -0.0000000000000000000 ) ) ;
#1580 = ADVANCED_FACE ( 'NONE', ( #7529 ), #3096, .F. ) ;
#1581 =( NAMED_UNIT ( * ) PLANE_ANGLE_UNIT ( ) SI_UNIT ( $, .RADIAN. ) );
#1582 = LINE ( 'NONE', #10757, #11066 ) ;
#1583 = LINE ( 'NONE', #5901, #6168 ) ;
#1584 = AXIS2_PLACEMENT_3D ( 'NONE', #9415, #3912, #10350 ) ;
#1585 = EDGE_LOOP ( 'NONE', ( #919, #11470, #10196, #5382 ) ) ;
#1586 = ORIENTED_EDGE ( 'NONE', *, *, #3086, .T. ) ;
#1587 = EDGE_CURVE ( 'NONE', #5404, #8658, #485, .T. ) ;
#1588 = MECHANICAL_DESIGN_GEOMETRIC_PRESENTATION_REPRESENTATION (  '', ( #11649 ), #2169 ) ;
#1589 = VERTEX_POINT ( 'NONE', #9511 ) ;
#1591 = CARTESIAN_POINT ( 'NONE',  ( -6.999999999999998200, -1.950000000000001100, -20.72142852218446800 ) ) ;
#1590 = CIRCLE ( 'NONE', #9766, 1.399999999999998600 ) ;
#1592 = EDGE_CURVE ( 'NONE', #11853, #4850, #192, .T. ) ;
#1593 = EDGE_CURVE ( 'NONE', #2759, #460, #5383, .T. ) ;
#1594 = CARTESIAN_POINT ( 'NONE',  ( 33.00000000000001400, 3.500000000000000000, 50.00000000000000000 ) ) ;
#1595 = PLANE ( 'NONE',  #1127 ) ;
#1596 = DIRECTION ( 'NONE',  ( -0.08572225787319832900, -0.9963190726394436400, -3.470804941418630900E-015 ) ) ;
#1597 = SURFACE_SIDE_STYLE ('',( #5204 ) ) ;
#1598 = DIRECTION ( 'NONE',  ( 0.0000000000000000000, -1.000000000000000000, 0.0000000000000000000 ) ) ;
#1599 = ORIENTED_EDGE ( 'NONE', *, *, #4873, .T. ) ;
#1600 = COLOUR_RGB ( '',0.8941176470588234600, 0.9137254901960784000, 0.9294117647058823800 ) ;
#1601 =( GEOMETRIC_REPRESENTATION_CONTEXT ( 3 ) GLOBAL_UNCERTAINTY_ASSIGNED_CONTEXT ( ( #11685 ) ) GLOBAL_UNIT_ASSIGNED_CONTEXT ( ( #3427, #9834, #4339 ) ) REPRESENTATION_CONTEXT ( 'NONE', 'WORKASPACE' ) );
#1602 = ORIENTED_EDGE ( 'NONE', *, *, #8942, .F. ) ;
#1603 = PRESENTATION_STYLE_ASSIGNMENT (( #194 ) ) ;
#1604 = PLANE ( 'NONE',  #646 ) ;
#1605 = CARTESIAN_POINT ( 'NONE',  ( 33.00000000000000000, 0.2999999999999999900, 48.00000000000000000 ) ) ;
#1606 = DIRECTION ( 'NONE',  ( -0.0000000000000000000, -0.0000000000000000000, 1.000000000000000000 ) ) ;
#1607 = EDGE_CURVE ( 'NONE', #2307, #11873, #2661, .T. ) ;
#1608 = AXIS2_PLACEMENT_3D ( 'NONE', #9682, #8748, #5052 ) ;
#1609 = CARTESIAN_POINT ( 'NONE',  ( -32.20000000000000300, 2.150000000000010600, -46.40000000000001300 ) ) ;
#1610 = MECHANICAL_DESIGN_GEOMETRIC_PRESENTATION_REPRESENTATION (  '', ( #11672 ), #2193 ) ;
#1611 = FACE_OUTER_BOUND ( 'NONE', #2308, .T. ) ;
#1612 = CIRCLE ( 'NONE', #847, 0.5000000000000004400 ) ;
#1613 = FILL_AREA_STYLE_COLOUR ( '', #1047 ) ;
#1614 = ORIENTED_EDGE ( 'NONE', *, *, #8485, .T. ) ;
#1615 = VERTEX_POINT ( 'NONE', #5008 ) ;
#1616 = AXIS2_PLACEMENT_3D ( 'NONE', #10789, #702, #7129 ) ;
#1617 = CARTESIAN_POINT ( 'NONE',  ( -30.86000000000000700, 0.5000000000000000000, -34.75000000000000700 ) ) ;
#1618 = LINE ( 'NONE', #11839, #8621 ) ;
#1619 = ADVANCED_BREP_SHAPE_REPRESENTATION ( '', ( #11773, #11927 ), #9239 ) ;
#1620 = LINE ( 'NONE', #7102, #8088 ) ;
#1621 = VECTOR ( 'NONE', #4130, 1000.000000000000000 ) ;
#1622 = ORIENTED_EDGE ( 'NONE', *, *, #4431, .F. ) ;
#1623 = SURFACE_SIDE_STYLE ('',( #4133 ) ) ;
#1624 = ORIENTED_EDGE ( 'NONE', *, *, #5876, .F. ) ;
#1625 = EDGE_LOOP ( 'NONE', ( #11401, #1832, #9514, #361, #11201, #1337, #2420, #3316, #3391, #2599 ) ) ;
#1626 = ADVANCED_FACE ( 'NONE', ( #2353 ), #8620, .F. ) ;
#1627 = AXIS2_PLACEMENT_3D ( 'NONE', #11812, #6309, #823 ) ;
#1628 = FACE_OUTER_BOUND ( 'NONE', #4513, .T. ) ;
#1629 = ORIENTED_EDGE ( 'NONE', *, *, #10557, .F. ) ;
#1630 = PLANE ( 'NONE',  #1915 ) ;
#1631 = FILL_AREA_STYLE ('',( #6196 ) ) ;
#1632 = CARTESIAN_POINT ( 'NONE',  ( 8.800000000000002500, -0.9100000000000045800, 1.299999999999999800 ) ) ;
#1633 = DIRECTION ( 'NONE',  ( 1.000000000000000000, -5.288791085295141800E-017, 0.0000000000000000000 ) ) ;
#1634 = STYLED_ITEM ( 'NONE', ( #5293 ), #5032 ) ;
#1635 = EDGE_CURVE ( 'NONE', #2144, #7516, #11847, .T. ) ;
#1636 = ORIENTED_EDGE ( 'NONE', *, *, #1362, .T. ) ;
#1637 = SHAPE_REPRESENTATION ( 'SSD, 7 mm', ( #6544, #1024, #1627, #2219, #2857, #3478, #4074, #4697 ), #5315 ) ;
#1638 = EDGE_CURVE ( 'NONE', #5420, #4814, #5079, .T. ) ;
#1639 = ORIENTED_EDGE ( 'NONE', *, *, #11633, .F. ) ;
#1640 = CARTESIAN_POINT ( 'NONE',  ( -1.599999999999998100, -0.9100000000000041400, 5.099999999999999600 ) ) ;
#1641 =( NAMED_UNIT ( * ) PLANE_ANGLE_UNIT ( ) SI_UNIT ( $, .RADIAN. ) );
#1642 = VECTOR ( 'NONE', #10456, 1000.000000000000000 ) ;
#1643 = ADVANCED_FACE ( 'NONE', ( #7250 ), #11496, .F. ) ;
#1644 = CARTESIAN_POINT ( 'NONE',  ( 30.86000000000000700, -3.500000000000000000, -37.25000000000000700 ) ) ;
#1645 = VECTOR ( 'NONE', #2295, 1000.000000000000000 ) ;
#1646 = EDGE_LOOP ( 'NONE', ( #7461, #1165, #47, #8744 ) ) ;
#1647 = ORIENTED_EDGE ( 'NONE', *, *, #8118, .T. ) ;
#1648 = ORIENTED_EDGE ( 'NONE', *, *, #10580, .T. ) ;
#1649 = LINE ( 'NONE', #1122, #10847 ) ;
#1650 = FILL_AREA_STYLE ('',( #3467 ) ) ;
#1651 = COLOUR_RGB ( '',0.9686274509803921600, 0.8784313725490196000, 0.5999999999999999800 ) ;
#1652 = EDGE_LOOP ( 'NONE', ( #6791, #6697, #7360, #8815 ) ) ;
#1653 = CARTESIAN_POINT ( 'NONE',  ( 32.20000000000001700, 0.2999999999999999900, -45.05000000000001800 ) ) ;
#1654 = SURFACE_STYLE_USAGE ( .BOTH. , #7153 ) ;
#1655 = MECHANICAL_DESIGN_GEOMETRIC_PRESENTATION_REPRESENTATION (  '', ( #11728 ), #2247 ) ;
#1656 = EDGE_CURVE ( 'NONE', #254, #7046, #9397, .T. ) ;
#1657 = ORIENTED_EDGE ( 'NONE', *, *, #1806, .T. ) ;
#1658 = CARTESIAN_POINT ( 'NONE',  ( 30.86000000000000700, 0.5000000000000000000, -34.75000000000000700 ) ) ;
#1659 = ORIENTED_EDGE ( 'NONE', *, *, #6502, .F. ) ;
#1660 = VECTOR ( 'NONE', #3027, 1000.000000000000000 ) ;
#1661 =( NAMED_UNIT ( * ) PLANE_ANGLE_UNIT ( ) SI_UNIT ( $, .RADIAN. ) );
#1662 = CARTESIAN_POINT ( 'NONE',  ( 4.000000000000003600, -0.9100000000000029200, 5.099999999999999600 ) ) ;
#1663 = ORIENTED_EDGE ( 'NONE', *, *, #9411, .T. ) ;
#1664 = PRODUCT_DEFINITION_CONTEXT ( 'detailed design', #947, 'design' ) ;
#1665 = EDGE_LOOP ( 'NONE', ( #7101, #528, #11074, #3921 ) ) ;
#1666 = VERTEX_POINT ( 'NONE', #1375 ) ;
#1667 = FILL_AREA_STYLE ('',( #6151 ) ) ;
#1668 = CARTESIAN_POINT ( 'NONE',  ( -15.94000000000000000, -0.8100000000000009400, 0.7000000000000004000 ) ) ;
#1669 = DIRECTION ( 'NONE',  ( -1.404634393503487500E-016, -0.0000000000000000000, -1.000000000000000000 ) ) ;
#1670 = CARTESIAN_POINT ( 'NONE',  ( -20.55000000000000100, 1.269999999999991800, -2.088061301782108400 ) ) ;
#1671 = EDGE_CURVE ( 'NONE', #9877, #10388, #6666, .T. ) ;
#1672 = SURFACE_STYLE_USAGE ( .BOTH. , #7175 ) ;
#1673 = FACE_OUTER_BOUND ( 'NONE', #4383, .T. ) ;
#1674 = PRESENTATION_STYLE_ASSIGNMENT (( #11682 ) ) ;
#1675 = CARTESIAN_POINT ( 'NONE',  ( 7.900000000000000400, -4.815124837953332500, 5.099999999999999600 ) ) ;
#1676 = CARTESIAN_POINT ( 'NONE',  ( 30.86000000000001700, 0.5000000000000000000, 39.34999999999998000 ) ) ;
#1677 = LINE ( 'NONE', #5615, #6262 ) ;
#1678 = ORIENTED_EDGE ( 'NONE', *, *, #8423, .T. ) ;
#1679 = CARTESIAN_POINT ( 'NONE',  ( 25.55000000000000400, -3.500000000000000000, -42.20000000000000300 ) ) ;
#1680 = DIRECTION ( 'NONE',  ( -1.392979236598078500E-016, 1.000000000000000000, 0.0000000000000000000 ) ) ;
#1681 = MECHANICAL_DESIGN_GEOMETRIC_PRESENTATION_REPRESENTATION (  '', ( #429 ), #2278 ) ;
#1682 = ADVANCED_FACE ( 'NONE', ( #11558 ), #2689, .F. ) ;
#1683 = ORIENTED_EDGE ( 'NONE', *, *, #7617, .T. ) ;
#1684 = VECTOR ( 'NONE', #8532, 1000.000000000000000 ) ;
#1685 = CARTESIAN_POINT ( 'NONE',  ( 33.90000000000001300, 10.74102034176674400, 43.09999999999998700 ) ) ;
#1686 = UNCERTAINTY_MEASURE_WITH_UNIT (LENGTH_MEASURE( 1.000000000000000100E-005 ), #2628, 'distance_accuracy_value', 'NONE');
#1687 = CARTESIAN_POINT ( 'NONE',  ( 30.86000000000001700, 1.999999999999999600, 40.59999999999998000 ) ) ;
#1688 = DIRECTION ( 'NONE',  ( 1.668003342285391100E-017, 1.000000000000000000, -0.0000000000000000000 ) ) ;
#1689 = COLOUR_RGB ( '',0.8941176470588234600, 0.9137254901960784000, 0.9294117647058823800 ) ;
#1690 = ORIENTED_EDGE ( 'NONE', *, *, #57, .T. ) ;
#1691 = CARTESIAN_POINT ( 'NONE',  ( 30.86000000000000700, -3.500000000000000000, -36.00000000000000700 ) ) ;
#1692 =( NAMED_UNIT ( * ) SI_UNIT ( $, .STERADIAN. ) SOLID_ANGLE_UNIT ( ) );
#1693 = DIRECTION ( 'NONE',  ( 0.0000000000000000000, 0.0000000000000000000, -1.000000000000000000 ) ) ;
#1694 = ORIENTED_EDGE ( 'NONE', *, *, #1806, .F. ) ;
#1695 = SURFACE_STYLE_FILL_AREA ( #6583 ) ;
#1696 = ADVANCED_FACE ( 'NONE', ( #945 ), #4532, .T. ) ;
#1697 = PLANE ( 'NONE',  #838 ) ;
#1698 = AXIS2_PLACEMENT_3D ( 'NONE', #2825, #9251, #3750 ) ;
#1699 =( NAMED_UNIT ( * ) SI_UNIT ( $, .STERADIAN. ) SOLID_ANGLE_UNIT ( ) );
#1700 = ORIENTED_EDGE ( 'NONE', *, *, #10315, .F. ) ;
#1701 =( GEOMETRIC_REPRESENTATION_CONTEXT ( 3 ) GLOBAL_UNCERTAINTY_ASSIGNED_CONTEXT ( ( #10221 ) ) GLOBAL_UNIT_ASSIGNED_CONTEXT ( ( #10062, #4564, #10994 ) ) REPRESENTATION_CONTEXT ( 'NONE', 'WORKASPACE' ) );
#1702 = COLOUR_RGB ( '',0.9686274509803921600, 0.8784313725490196000, 0.5999999999999999800 ) ;
#1703 = EDGE_CURVE ( 'NONE', #7428, #3693, #8259, .T. ) ;
#1704 = EDGE_CURVE ( 'NONE', #1403, #2885, #10402, .T. ) ;
#1705 = VERTEX_POINT ( 'NONE', #2736 ) ;
#1706 = LINE ( 'NONE', #4348, #6584 ) ;
#1707 = FACE_OUTER_BOUND ( 'NONE', #5541, .T. ) ;
#1708 = DIRECTION ( 'NONE',  ( 0.0000000000000000000, 0.0000000000000000000, -1.000000000000000000 ) ) ;
#1709 = SURFACE_SIDE_STYLE ('',( #7588 ) ) ;
#1710 =( LENGTH_UNIT ( ) NAMED_UNIT ( * ) SI_UNIT ( .MILLI., .METRE. ) );
#1711 = ORIENTED_EDGE ( 'NONE', *, *, #1854, .F. ) ;
#1712 = DIRECTION ( 'NONE',  ( 1.668003342285391100E-017, 1.000000000000000000, -0.0000000000000000000 ) ) ;
#1713 = LINE ( 'NONE', #11062, #1415 ) ;
#1714 = CARTESIAN_POINT ( 'NONE',  ( -8.299999999999998900, -0.9100000000000010300, 0.6999999999999997300 ) ) ;
#1715 = ORIENTED_EDGE ( 'NONE', *, *, #4024, .F. ) ;
#1716 = SURFACE_STYLE_USAGE ( .BOTH. , #7211 ) ;
#1717 = COLOUR_RGB ( '',0.9686274509803921600, 0.8784313725490196000, 0.5999999999999999800 ) ;
#1718 = FILL_AREA_STYLE ('',( #10833 ) ) ;
#1719 = EDGE_LOOP ( 'NONE', ( #4597, #10501 ) ) ;
#1720 = FACE_OUTER_BOUND ( 'NONE', #5682, .T. ) ;
#1721 = VECTOR ( 'NONE', #7089, 1000.000000000000000 ) ;
#1722 = EDGE_CURVE ( 'NONE', #6593, #3866, #7986, .T. ) ;
#1723 = ORIENTED_EDGE ( 'NONE', *, *, #3084, .F. ) ;
#1724 = ORIENTED_EDGE ( 'NONE', *, *, #2747, .T. ) ;
#1725 = MECHANICAL_DESIGN_GEOMETRIC_PRESENTATION_REPRESENTATION (  '', ( #11796 ), #2310 ) ;
#1726 = VERTEX_POINT ( 'NONE', #11918 ) ;
#1727 = EDGE_CURVE ( 'NONE', #2766, #3557, #7662, .T. ) ;
#1728 = PLANE ( 'NONE',  #2371 ) ;
#1729 = ORIENTED_EDGE ( 'NONE', *, *, #9151, .F. ) ;
#1730 = FACE_OUTER_BOUND ( 'NONE', #9403, .T. ) ;
#1731 = CARTESIAN_POINT ( 'NONE',  ( 8.800000000000002500, -0.8100000000000042700, 1.300000000000002500 ) ) ;
#1732 = VERTEX_POINT ( 'NONE', #1840 ) ;
#1733 = FILL_AREA_STYLE ('',( #5384 ) ) ;
#1734 = DIRECTION ( 'NONE',  ( 0.0000000000000000000, 0.0000000000000000000, 1.000000000000000000 ) ) ;
#1735 = EDGE_CURVE ( 'NONE', #10846, #7465, #5799, .T. ) ;
#1736 = LINE ( 'NONE', #7858, #6331 ) ;
#1737 = EDGE_CURVE ( 'NONE', #10453, #10393, #2797, .T. ) ;
#1738 = EDGE_LOOP ( 'NONE', ( #10439, #9337, #1912, #5139 ) ) ;
#1739 = DIRECTION ( 'NONE',  ( -3.168854151125935100E-048, -1.899788849813798600E-031, 1.000000000000000000 ) ) ;
#1740 = CARTESIAN_POINT ( 'NONE',  ( -20.55000000000000100, 0.6699999999999918200, 5.099999999999999600 ) ) ;
#1741 = CARTESIAN_POINT ( 'NONE',  ( 29.50000000000000400, -2.900000000000000400, -49.39999999999999900 ) ) ;
#1742 = CARTESIAN_POINT ( 'NONE',  ( 0.0000000000000000000, -0.9500000000000009500, 5.099999999999999600 ) ) ;
#1743 =( NAMED_UNIT ( * ) SI_UNIT ( $, .STERADIAN. ) SOLID_ANGLE_UNIT ( ) );
#1744 = FILL_AREA_STYLE_COLOUR ( '', #4689 ) ;
#1745 = STYLED_ITEM ( 'NONE', ( #6104 ), #9640 ) ;
#1746 = SURFACE_STYLE_FILL_AREA ( #208 ) ;
#1747 = DIRECTION ( 'NONE',  ( -0.0000000000000000000, -0.0000000000000000000, 1.000000000000000000 ) ) ;
#1748 = LINE ( 'NONE', #4492, #3894 ) ;
#1749 = DIRECTION ( 'NONE',  ( -0.0000000000000000000, -1.000000000000000000, 0.0000000000000000000 ) ) ;
#1750 = ORIENTED_EDGE ( 'NONE', *, *, #8283, .F. ) ;
#1751 = ADVANCED_FACE ( 'NONE', ( #10113 ), #2502, .T. ) ;
#1752 = EDGE_CURVE ( 'NONE', #8691, #5806, #4921, .T. ) ;
#1753 = ORIENTED_EDGE ( 'NONE', *, *, #7119, .T. ) ;
#1754 = AXIS2_PLACEMENT_3D ( 'NONE', #7471, #1959, #8387 ) ;
#1755 = FILL_AREA_STYLE ('',( #6330 ) ) ;
#1756 = AXIS2_PLACEMENT_3D ( 'NONE', #4418, #6299, #4463 ) ;
#1757 = EDGE_LOOP ( 'NONE', ( #11180, #2581, #5078, #9193 ) ) ;
#1758 = DIRECTION ( 'NONE',  ( 1.668003342285391100E-017, 1.000000000000000000, -0.0000000000000000000 ) ) ;
#1759 = COLOUR_RGB ( '',0.8941176470588234600, 0.9137254901960784000, 0.9294117647058823800 ) ;
#1760 = ORIENTED_EDGE ( 'NONE', *, *, #11880, .F. ) ;
#1761 = PRESENTATION_LAYER_ASSIGNMENT (  '', '', ( #526 ) ) ;
#1762 =( NAMED_UNIT ( * ) SI_UNIT ( $, .STERADIAN. ) SOLID_ANGLE_UNIT ( ) );
#1763 = CARTESIAN_POINT ( 'NONE',  ( 34.39999999999999900, 3.500000000000000000, -39.00000000000000700 ) ) ;
#1764 = VERTEX_POINT ( 'NONE', #974 ) ;
#1765 = CARTESIAN_POINT ( 'NONE',  ( 33.90000000000001300, 10.74102034176674400, 38.09999999999998000 ) ) ;
#1766 = ORIENTED_EDGE ( 'NONE', *, *, #3036, .T. ) ;
#1767 = CARTESIAN_POINT ( 'NONE',  ( 0.3000000000000042600, 0.0000000000000000000, 1.899999999999999700 ) ) ;
#1768 = EDGE_CURVE ( 'NONE', #11184, #4110, #39, .T. ) ;
#1769 = FACE_OUTER_BOUND ( 'NONE', #7815, .T. ) ;
#1770 = CARTESIAN_POINT ( 'NONE',  ( 0.3000000000000042600, 2.326828918379970900E-016, -1.899999999999999700 ) ) ;
#1771 = LINE ( 'NONE', #4356, #3911 ) ;
#1772 = DIRECTION ( 'NONE',  ( 0.0000000000000000000, -1.000000000000000000, 0.0000000000000000000 ) ) ;
#1773 = ORIENTED_EDGE ( 'NONE', *, *, #2758, .T. ) ;
#1774 = VERTEX_POINT ( 'NONE', #51 ) ;
#1775 = CARTESIAN_POINT ( 'NONE',  ( 20.55000000000000100, 1.949999999999991500, 5.099999999999999600 ) ) ;
#1776 = ORIENTED_EDGE ( 'NONE', *, *, #1190, .F. ) ;
#1777 = ORIENTED_EDGE ( 'NONE', *, *, #11612, .T. ) ;
#1778 = LINE ( 'NONE', #86, #6375 ) ;
#1779 = DIRECTION ( 'NONE',  ( 1.000000000000000000, 0.0000000000000000000, -0.0000000000000000000 ) ) ;
#1780 = DIRECTION ( 'NONE',  ( -0.0000000000000000000, 0.0000000000000000000, 1.000000000000000000 ) ) ;
#1781 = PLANE ( 'NONE',  #10849 ) ;
#1782 =( NAMED_UNIT ( * ) PLANE_ANGLE_UNIT ( ) SI_UNIT ( $, .RADIAN. ) );
#1783 = ORIENTED_EDGE ( 'NONE', *, *, #2230, .F. ) ;
#1784 =( GEOMETRIC_REPRESENTATION_CONTEXT ( 3 ) GLOBAL_UNCERTAINTY_ASSIGNED_CONTEXT ( ( #10582 ) ) GLOBAL_UNIT_ASSIGNED_CONTEXT ( ( #9092, #3611, #10013 ) ) REPRESENTATION_CONTEXT ( 'NONE', 'WORKASPACE' ) );
#1785 = EDGE_CURVE ( 'NONE', #5806, #8691, #3076, .T. ) ;
#1786 = MECHANICAL_DESIGN_GEOMETRIC_PRESENTATION_REPRESENTATION (  '', ( #553 ), #2392 ) ;
#1787 = CARTESIAN_POINT ( 'NONE',  ( 34.39999999999999900, 2.899999999999999900, 38.09999999999998000 ) ) ;
#1788 = CARTESIAN_POINT ( 'NONE',  ( 22.80000000000000100, -0.4500000000000076700, 7.000000000000000000 ) ) ;
#1789 = ORIENTED_EDGE ( 'NONE', *, *, #5283, .T. ) ;
#1790 = COLOUR_RGB ( '',0.9686274509803921600, 0.8784313725490196000, 0.5999999999999999800 ) ;
#1791 = LINE ( 'NONE', #157, #4226 ) ;
#1792 = CARTESIAN_POINT ( 'NONE',  ( -20.55000000000000100, -0.1693537846790077700, 6.899999999999999500 ) ) ;
#1793 = VECTOR ( 'NONE', #8858, 1000.000000000000000 ) ;
#1794 = EDGE_LOOP ( 'NONE', ( #7293, #10100, #8294, #4734 ) ) ;
#1795 = SURFACE_STYLE_USAGE ( .BOTH. , #7295 ) ;
#1796 = DIRECTION ( 'NONE',  ( -1.000000000000000000, 1.392979236598078500E-016, -0.0000000000000000000 ) ) ;
#1797 = ORIENTED_EDGE ( 'NONE', *, *, #9351, .T. ) ;
#1798 = CARTESIAN_POINT ( 'NONE',  ( 30.86000000000001700, 1.999999999999999600, 40.59999999999998000 ) ) ;
#1799 = ORIENTED_EDGE ( 'NONE', *, *, #5188, .T. ) ;
#1800 = STYLED_ITEM ( 'NONE', ( #9107 ), #1682 ) ;
#1801 = VECTOR ( 'NONE', #6239, 1000.000000000000000 ) ;
#1802 = DIRECTION ( 'NONE',  ( 0.0000000000000000000, 0.0000000000000000000, 1.000000000000000000 ) ) ;
#1803 = LINE ( 'NONE', #9187, #4534 ) ;
#1804 = AXIS2_PLACEMENT_3D ( 'NONE', #10303, #4789, #11221 ) ;
#1805 = EDGE_CURVE ( 'NONE', #8609, #1523, #7105, .T. ) ;
#1806 = EDGE_CURVE ( 'NONE', #1144, #9944, #9828, .T. ) ;
#1807 = FILL_AREA_STYLE ('',( #6344 ) ) ;
#1808 = SURFACE_STYLE_USAGE ( .BOTH. , #7307 ) ;
#1809 = ADVANCED_FACE ( 'NONE', ( #7381 ), #5613, .F. ) ;
#1810 = ORIENTED_EDGE ( 'NONE', *, *, #10945, .F. ) ;
#1811 = ORIENTED_EDGE ( 'NONE', *, *, #3973, .T. ) ;
#1812 = CARTESIAN_POINT ( 'NONE',  ( -34.50000000000000000, -3.000000000000000400, -50.00000000000000000 ) ) ;
#1813 = APPLICATION_CONTEXT ( 'automotive_design' ) ;
#1814 = SURFACE_STYLE_USAGE ( .BOTH. , #7314 ) ;
#1815 = VECTOR ( 'NONE', #10809, 1000.000000000000000 ) ;
#1816 = CARTESIAN_POINT ( 'NONE',  ( -32.99999999999998600, 3.500000000000000000, 48.00000000000000000 ) ) ;
#1817 = CARTESIAN_POINT ( 'NONE',  ( 6.600000000000002300, -0.9100000000000045800, 1.299999999999999600 ) ) ;
#1818 = ORIENTED_EDGE ( 'NONE', *, *, #1323, .F. ) ;
#1819 = DIRECTION ( 'NONE',  ( 0.0000000000000000000, 1.000000000000000000, 0.0000000000000000000 ) ) ;
#1820 = EDGE_CURVE ( 'NONE', #2328, #8104, #2199, .T. ) ;
#1821 = CIRCLE ( 'NONE', #11563, 1.899999999999999000 ) ;
#1822 = MECHANICAL_DESIGN_GEOMETRIC_PRESENTATION_REPRESENTATION (  '', ( #596 ), #2442 ) ;
#1823 = CARTESIAN_POINT ( 'NONE',  ( -20.55000000000000100, -2.010000000000008200, 5.099999999999999600 ) ) ;
#1824 = ORIENTED_EDGE ( 'NONE', *, *, #4655, .T. ) ;
#1825 = LINE ( 'NONE', #1287, #1539 ) ;
#1826 = UNCERTAINTY_MEASURE_WITH_UNIT (LENGTH_MEASURE( 1.000000000000000100E-005 ), #10011, 'distance_accuracy_value', 'NONE');
#1827 = FACE_OUTER_BOUND ( 'NONE', #9000, .T. ) ;
#1828 = DIRECTION ( 'NONE',  ( 0.0000000000000000000, 0.0000000000000000000, 1.000000000000000000 ) ) ;
#1829 = CIRCLE ( 'NONE', #9211, 0.7999999999999951600 ) ;
#1830 = FACE_OUTER_BOUND ( 'NONE', #1069, .T. ) ;
#1831 = PLANE ( 'NONE',  #6079 ) ;
#1832 = ORIENTED_EDGE ( 'NONE', *, *, #8765, .F. ) ;
#1833 = AXIS2_PLACEMENT_3D ( 'NONE', #4868, #8548, #319 ) ;
#1834 = LINE ( 'NONE', #9197, #3978 ) ;
#1835 = DIRECTION ( 'NONE',  ( 1.000000000000000000, -2.409338161078899700E-016, 0.0000000000000000000 ) ) ;
#1836 = CARTESIAN_POINT ( 'NONE',  ( 3.819999999999999800, -0.9100000000000039200, -3.111100318418500300E-016 ) ) ;
#1837 = VERTEX_POINT ( 'NONE', #2889 ) ;
#1838 = LINE ( 'NONE', #9623, #1556 ) ;
#1839 = CIRCLE ( 'NONE', #957, 1.399999999999998600 ) ;
#1840 = CARTESIAN_POINT ( 'NONE',  ( -30.86000000000000700, -2.900000000000000400, -38.50000000000000700 ) ) ;
#1841 = CARTESIAN_POINT ( 'NONE',  ( 34.39999999999999900, 9.722539674441609500, 45.00000000000001400 ) ) ;
#1842 = ORIENTED_EDGE ( 'NONE', *, *, #898, .F. ) ;
#1843 = LINE ( 'NONE', #10650, #6724 ) ;
#1844 = ORIENTED_EDGE ( 'NONE', *, *, #11565, .F. ) ;
#1845 = MECHANICAL_DESIGN_GEOMETRIC_PRESENTATION_REPRESENTATION (  '', ( #617 ), #2460 ) ;
#1846 = CIRCLE ( 'NONE', #11708, 0.5000000000000004400 ) ;
#1847 = APPLICATION_PROTOCOL_DEFINITION ( 'draft international standard', 'automotive_design', 1998, #6383 ) ;
#1848 = LINE ( 'NONE', #4537, #9175 ) ;
#1849 = ORIENTED_EDGE ( 'NONE', *, *, #8032, .T. ) ;
#1851 = CARTESIAN_POINT ( 'NONE',  ( 35.00000000000000000, 3.500000000000000000, -48.00000000000000000 ) ) ;
#1850 = COLOUR_RGB ( '',0.9686274509803921600, 0.8784313725490196000, 0.5999999999999999800 ) ;
#1852 = MECHANICAL_DESIGN_GEOMETRIC_PRESENTATION_REPRESENTATION (  '', ( #11931 ), #2468 ) ;
#1854 = EDGE_CURVE ( 'NONE', #11707, #2897, #11409, .T. ) ;
#1853 = VERTEX_POINT ( 'NONE', #9309 ) ;
#1855 = EDGE_CURVE ( 'NONE', #6880, #7791, #1925, .T. ) ;
#1856 = FACE_BOUND ( 'NONE', #440, .T. ) ;
#1857 = PLANE ( 'NONE',  #2294 ) ;
#1858 = DIRECTION ( 'NONE',  ( -0.9926784959919535700, -0.08540902644086577300, -0.08540902644086557900 ) ) ;
#1859 = SURFACE_SIDE_STYLE ('',( #10181 ) ) ;
#1860 = VECTOR ( 'NONE', #7998, 1000.000000000000000 ) ;
#1861 = ORIENTED_EDGE ( 'NONE', *, *, #8153, .T. ) ;
#1862 = VERTEX_POINT ( 'NONE', #1083 ) ;
#1863 = ORIENTED_EDGE ( 'NONE', *, *, #339, .F. ) ;
#1864 = FACE_OUTER_BOUND ( 'NONE', #5208, .T. ) ;
#1865 = PLANE ( 'NONE',  #11114 ) ;
#1866 = ADVANCED_FACE ( 'NONE', ( #4073 ), #11120, .F. ) ;
#1867 = CARTESIAN_POINT ( 'NONE',  ( -35.00000000000000000, -3.000000000000000400, -50.00000000000000000 ) ) ;
#1868 = PRESENTATION_STYLE_ASSIGNMENT (( #3646 ) ) ;
#1869 = MECHANICAL_DESIGN_GEOMETRIC_PRESENTATION_REPRESENTATION (  '', ( #10098 ), #2486 ) ;
#1870 = ORIENTED_EDGE ( 'NONE', *, *, #3048, .T. ) ;
#1871 = CONICAL_SURFACE ( 'NONE', #3060, 0.7999999999999951600, 1.029744258676651000 ) ;
#1872 = CARTESIAN_POINT ( 'NONE',  ( -34.99999999999999300, -3.000000000000000400, 50.00000000000000000 ) ) ;
#1873 = DIRECTION ( 'NONE',  ( 1.049727191138618300E-016, -0.5150380749100547100, 0.8571673007021120000 ) ) ;
#1874 = CARTESIAN_POINT ( 'NONE',  ( -1.199999999999997500, -0.9100000000000041400, 1.299999999999999200 ) ) ;
#1875 = AXIS2_PLACEMENT_3D ( 'NONE', #2601, #9012, #3525 ) ;
#1876 = ORIENTED_EDGE ( 'NONE', *, *, #4637, .F. ) ;
#1877 = VECTOR ( 'NONE', #7510, 1000.000000000000000 ) ;
#1878 = EDGE_CURVE ( 'NONE', #9904, #10517, #6526, .T. ) ;
#1879 = DIRECTION ( 'NONE',  ( 0.0000000000000000000, -1.000000000000000000, 0.0000000000000000000 ) ) ;
#1880 = CARTESIAN_POINT ( 'NONE',  ( -16.34000000000000000, -0.8100000000000003900, 5.099999999999999600 ) ) ;
#1881 = PLANE ( 'NONE',  #5030 ) ;
#1882 = CYLINDRICAL_SURFACE ( 'NONE', #7084, 1.250000000000001100 ) ;
#1883 = FACE_OUTER_BOUND ( 'NONE', #9954, .T. ) ;
#1884 = SURFACE_STYLE_USAGE ( .BOTH. , #7379 ) ;
#1885 = VERTEX_POINT ( 'NONE', #10270 ) ;
#1886 = FILL_AREA_STYLE ('',( #11013 ) ) ;
#1887 = ORIENTED_EDGE ( 'NONE', *, *, #5094, .T. ) ;
#1888 = EDGE_CURVE ( 'NONE', #2540, #8609, #6233, .T. ) ;
#1889 =( GEOMETRIC_REPRESENTATION_CONTEXT ( 3 ) GLOBAL_UNCERTAINTY_ASSIGNED_CONTEXT ( ( #5787 ) ) GLOBAL_UNIT_ASSIGNED_CONTEXT ( ( #8740, #3266, #9677 ) ) REPRESENTATION_CONTEXT ( 'NONE', 'WORKASPACE' ) );
#1890 = CARTESIAN_POINT ( 'NONE',  ( 11.79999999999999900, -5.401102314577126900, 0.7000000000000030600 ) ) ;
#1891 = UNCERTAINTY_MEASURE_WITH_UNIT (LENGTH_MEASURE( 1.000000000000000100E-005 ), #8494, 'distance_accuracy_value', 'NONE');
#1892 = MECHANICAL_DESIGN_GEOMETRIC_PRESENTATION_REPRESENTATION (  '', ( #11356 ), #2510 ) ;
#1893 = LINE ( 'NONE', #5375, #11371 ) ;
#1894 = LINE ( 'NONE', #2351, #11373 ) ;
#1895 = LINE ( 'NONE', #5928, #6781 ) ;
#1896 = ORIENTED_EDGE ( 'NONE', *, *, #3929, .T. ) ;
#1897 = CARTESIAN_POINT ( 'NONE',  ( 16.60000000000000500, -0.8100000000000043800, 5.099999999999999600 ) ) ;
#1898 =( NAMED_UNIT ( * ) PLANE_ANGLE_UNIT ( ) SI_UNIT ( $, .RADIAN. ) );
#1899 = ORIENTED_EDGE ( 'NONE', *, *, #6889, .F. ) ;
#1900 =( GEOMETRIC_REPRESENTATION_CONTEXT ( 3 ) GLOBAL_UNCERTAINTY_ASSIGNED_CONTEXT ( ( #2246 ) ) GLOBAL_UNIT_ASSIGNED_CONTEXT ( ( #11757, #6244, #756 ) ) REPRESENTATION_CONTEXT ( 'NONE', 'WORKASPACE' ) );
#1901 = PLANE ( 'NONE',  #9643 ) ;
#1902 = ORIENTED_EDGE ( 'NONE', *, *, #1878, .F. ) ;
#1903 = COLOUR_RGB ( '',0.9686274509803921600, 0.8784313725490196000, 0.5999999999999999800 ) ;
#1904 = VECTOR ( 'NONE', #3373, 1000.000000000000000 ) ;
#1905 = EDGE_CURVE ( 'NONE', #5848, #10587, #8659, .T. ) ;
#1906 = LINE ( 'NONE', #8289, #2483 ) ;
#1907 = EDGE_LOOP ( 'NONE', ( #3473, #7212, #5817, #5280 ) ) ;
#1908 = DIRECTION ( 'NONE',  ( 0.0000000000000000000, 0.0000000000000000000, -1.000000000000000000 ) ) ;
#1909 = CARTESIAN_POINT ( 'NONE',  ( 0.0000000000000000000, -0.2649999999999964100, -1.070000000000000700 ) ) ;
#1910 = VERTEX_POINT ( 'NONE', #5683 ) ;
#1911 = SURFACE_SIDE_STYLE ('',( #2936 ) ) ;
#1912 = ORIENTED_EDGE ( 'NONE', *, *, #6963, .T. ) ;
#1913 = PLANE ( 'NONE',  #11006 ) ;
#1914 = LINE ( 'NONE', #5833, #4063 ) ;
#1915 = AXIS2_PLACEMENT_3D ( 'NONE', #8025, #8067, #2546 ) ;
#1916 = VECTOR ( 'NONE', #11370, 1000.000000000000000 ) ;
#1917 = CARTESIAN_POINT ( 'NONE',  ( -30.86000000000000700, -3.500000000000000000, -36.00000000000000700 ) ) ;
#1918 = ORIENTED_EDGE ( 'NONE', *, *, #834, .F. ) ;
#1919 = CARTESIAN_POINT ( 'NONE',  ( -3.999999999999997300, 1.196361017915041600E-015, 5.099999999999999600 ) ) ;
#1920 = ORIENTED_EDGE ( 'NONE', *, *, #3192, .T. ) ;
#1921 = CARTESIAN_POINT ( 'NONE',  ( 35.00000000000001400, 0.5000000000000000000, 40.59999999999998000 ) ) ;
#1922 = EDGE_CURVE ( 'NONE', #4899, #11396, #1649, .T. ) ;
#1923 = EDGE_LOOP ( 'NONE', ( #7315, #11827, #10461, #11343 ) ) ;
#1924 = ADVANCED_FACE ( 'NONE', ( #11128 ), #11229, .F. ) ;
#1925 = LINE ( 'NONE', #11155, #6809 ) ;
#1926 = LINE ( 'NONE', #3616, #11411 ) ;
#1927 =( NAMED_UNIT ( * ) PLANE_ANGLE_UNIT ( ) SI_UNIT ( $, .RADIAN. ) );
#1928 = ORIENTED_EDGE ( 'NONE', *, *, #4377, .T. ) ;
#1929 = VERTEX_POINT ( 'NONE', #2027 ) ;
#1930 = ORIENTED_EDGE ( 'NONE', *, *, #3328, .T. ) ;
#1931 = VECTOR ( 'NONE', #7593, 1000.000000000000000 ) ;
#1932 = CARTESIAN_POINT ( 'NONE',  ( -9.999999999999998200, -0.9100000000000004800, 1.300000000000000300 ) ) ;
#1933 = CARTESIAN_POINT ( 'NONE',  ( 0.1000000000000028600, -0.8100000000000040500, 5.099999999999999600 ) ) ;
#1934 = EDGE_CURVE ( 'NONE', #4071, #1151, #5927, .T. ) ;
#1935 = PRESENTATION_LAYER_ASSIGNMENT (  '', '', ( #1325 ) ) ;
#1936 = PLANE ( 'NONE',  #4100 ) ;
#1937 = ORIENTED_EDGE ( 'NONE', *, *, #8841, .T. ) ;
#1938 = EDGE_CURVE ( 'NONE', #2432, #11105, #3516, .T. ) ;
#1939 = ORIENTED_EDGE ( 'NONE', *, *, #979, .T. ) ;
#1940 = ORIENTED_EDGE ( 'NONE', *, *, #1938, .F. ) ;
#1941 = DIRECTION ( 'NONE',  ( 0.0000000000000000000, 0.0000000000000000000, 1.000000000000000000 ) ) ;
#1942 = VECTOR ( 'NONE', #4158, 1000.000000000000000 ) ;
#1943 = VECTOR ( 'NONE', #1575, 1000.000000000000000 ) ;
#1944 = CARTESIAN_POINT ( 'NONE',  ( 30.86000000000001700, 10.74102034176674400, 40.59999999999998000 ) ) ;
#1945 = DIRECTION ( 'NONE',  ( 1.000000000000000000, -2.409338161078899700E-016, 0.0000000000000000000 ) ) ;
#1946 = ITEM_DEFINED_TRANSFORMATION ( 'NONE', 'NONE', #2857,  #11927 ) ;
#1947 = EDGE_LOOP ( 'NONE', ( #11673, #851, #11485, #9106 ) ) ;
#1948 = CARTESIAN_POINT ( 'NONE',  ( 34.39999999999998400, 2.899999999999999900, -38.50000000000000700 ) ) ;
#1949 = EDGE_CURVE ( 'NONE', #10280, #4048, #1352, .T. ) ;
#1950 = STYLED_ITEM ( 'NONE', ( #8101 ), #7115 ) ;
#1951 = EDGE_CURVE ( 'NONE', #11720, #2766, #8384, .T. ) ;
#1952 = EDGE_CURVE ( 'NONE', #5037, #6474, #8124, .T. ) ;
#1953 = ORIENTED_EDGE ( 'NONE', *, *, #5765, .T. ) ;
#1954 = DIRECTION ( 'NONE',  ( 0.0000000000000000000, 1.000000000000000000, 0.0000000000000000000 ) ) ;
#1955 = FACE_OUTER_BOUND ( 'NONE', #10468, .T. ) ;
#1956 = DIRECTION ( 'NONE',  ( -1.000000000000000000, 0.0000000000000000000, 0.0000000000000000000 ) ) ;
#1957 = FACE_OUTER_BOUND ( 'NONE', #9835, .T. ) ;
#1958 = EDGE_LOOP ( 'NONE', ( #10793, #5035, #6105 ) ) ;
#1959 = DIRECTION ( 'NONE',  ( 0.0000000000000000000, 0.0000000000000000000, -1.000000000000000000 ) ) ;
#1960 =( GEOMETRIC_REPRESENTATION_CONTEXT ( 3 ) GLOBAL_UNCERTAINTY_ASSIGNED_CONTEXT ( ( #7409 ) ) GLOBAL_UNIT_ASSIGNED_CONTEXT ( ( #3735, #10150, #4650 ) ) REPRESENTATION_CONTEXT ( 'NONE', 'WORKASPACE' ) );
#1961 = ORIENTED_EDGE ( 'NONE', *, *, #11710, .T. ) ;
#1962 = VECTOR ( 'NONE', #7425, 1000.000000000000000 ) ;
#1963 = MANIFOLD_SOLID_BREP ( 'LPattern7', #6075 ) ;
#1964 = VECTOR ( 'NONE', #802, 1000.000000000000000 ) ;
#1965 =( LENGTH_UNIT ( ) NAMED_UNIT ( * ) SI_UNIT ( .MILLI., .METRE. ) );
#1966 = FILL_AREA_STYLE ('',( #6555 ) ) ;
#1967 = VECTOR ( 'NONE', #9527, 1000.000000000000000 ) ;
#1968 = CARTESIAN_POINT ( 'NONE',  ( 8.800000000000002500, -0.8100000000000041600, 5.099999999999999600 ) ) ;
#1969 = EDGE_CURVE ( 'NONE', #5843, #5980, #11790, .T. ) ;
#1970 = ORIENTED_EDGE ( 'NONE', *, *, #10172, .F. ) ;
#1971 = CARTESIAN_POINT ( 'NONE',  ( 34.39999999999999900, 10.74102034176674400, 38.09999999999998000 ) ) ;
#1972 = DIRECTION ( 'NONE',  ( -1.668003342285391100E-017, -1.000000000000000000, 0.0000000000000000000 ) ) ;
#1973 = LINE ( 'NONE', #3474, #4128 ) ;
#1974 = ADVANCED_FACE ( 'NONE', ( #2287 ), #10425, .F. ) ;
#1975 = EDGE_LOOP ( 'NONE', ( #2340, #8058, #10075, #8988 ) ) ;
#1976 = FACE_OUTER_BOUND ( 'NONE', #6603, .T. ) ;
#1977 = DIRECTION ( 'NONE',  ( -1.392979236598078500E-016, 1.000000000000000000, -0.0000000000000000000 ) ) ;
#1978 =( GEOMETRIC_REPRESENTATION_CONTEXT ( 3 ) GLOBAL_UNCERTAINTY_ASSIGNED_CONTEXT ( ( #4757 ) ) GLOBAL_UNIT_ASSIGNED_CONTEXT ( ( #7394, #1898, #8324 ) ) REPRESENTATION_CONTEXT ( 'NONE', 'WORKASPACE' ) );
#1979 = ORIENTED_EDGE ( 'NONE', *, *, #6252, .T. ) ;
#1980 = ORIENTED_EDGE ( 'NONE', *, *, #8248, .F. ) ;
#1981 = FILL_AREA_STYLE_COLOUR ( '', #5890 ) ;
#1982 = PRESENTATION_LAYER_ASSIGNMENT (  '', '', ( #1379 ) ) ;
#1983 = VECTOR ( 'NONE', #4238, 1000.000000000000000 ) ;
#1984 = SURFACE_SIDE_STYLE ('',( #11222 ) ) ;
#1985 = VERTEX_POINT ( 'NONE', #1274 ) ;
#1986 = VECTOR ( 'NONE', #11656, 1000.000000000000000 ) ;
#1987 = DIRECTION ( 'NONE',  ( 0.0000000000000000000, 0.0000000000000000000, -1.000000000000000000 ) ) ;
#1988 = ORIENTED_EDGE ( 'NONE', *, *, #1204, .F. ) ;
#1989 = DIRECTION ( 'NONE',  ( 1.000000000000000000, 0.0000000000000000000, 1.387778780781445900E-016 ) ) ;
#1990 = FACE_OUTER_BOUND ( 'NONE', #904, .T. ) ;
#1991 = CARTESIAN_POINT ( 'NONE',  ( 34.39999999999999900, -2.900000000000000400, -33.00000000000000000 ) ) ;
#1992 =( NAMED_UNIT ( * ) PLANE_ANGLE_UNIT ( ) SI_UNIT ( $, .RADIAN. ) );
#1993 = ORIENTED_EDGE ( 'NONE', *, *, #5113, .T. ) ;
#1994 = ORIENTED_EDGE ( 'NONE', *, *, #7615, .F. ) ;
#1995 = SURFACE_SIDE_STYLE ('',( #9320 ) ) ;
#1996 = VERTEX_POINT ( 'NONE', #10387 ) ;
#1997 = CARTESIAN_POINT ( 'NONE',  ( -1.199999999999998800, -0.8100000000000040500, 5.099999999999999600 ) ) ;
#1998 =( LENGTH_UNIT ( ) NAMED_UNIT ( * ) SI_UNIT ( .MILLI., .METRE. ) );
#1999 = PRODUCT_RELATED_PRODUCT_CATEGORY ( 'part', '', ( #10750 ) ) ;
#2000 = CIRCLE ( 'NONE', #7275, 2.149999999999999000 ) ;
#2001 = FACE_OUTER_BOUND ( 'NONE', #5165, .T. ) ;
#2002 = DIRECTION ( 'NONE',  ( -1.000000000000000000, 0.0000000000000000000, 0.0000000000000000000 ) ) ;
#2003 = MECHANICAL_DESIGN_GEOMETRIC_PRESENTATION_REPRESENTATION (  '', ( #10245 ), #2632 ) ;
#2004 = EDGE_LOOP ( 'NONE', ( #1184, #2665, #5300 ) ) ;
#2005 = LINE ( 'NONE', #9850, #6604 ) ;
#2006 = EDGE_CURVE ( 'NONE', #651, #3459, #2000, .T. ) ;
#2007 = ORIENTED_EDGE ( 'NONE', *, *, #6270, .F. ) ;
#2008 = AXIS2_PLACEMENT_3D ( 'NONE', #11350, #5841, #327 ) ;
#2009 = FILL_AREA_STYLE ('',( #10252 ) ) ;
#2010 = CARTESIAN_POINT ( 'NONE',  ( 16.60000000000000500, -0.8100000000000043800, 5.099999999999999600 ) ) ;
#2011 = DIRECTION ( 'NONE',  ( 3.168854151125935100E-048, 1.899788849813798600E-031, -1.000000000000000000 ) ) ;
#2012 = CARTESIAN_POINT ( 'NONE',  ( 10.50000000000000000, -4.815124837953334200, 1.299999999999999600 ) ) ;
#2013 = CARTESIAN_POINT ( 'NONE',  ( 11.79999999999999900, -0.9100000000000062500, 5.099999999999999600 ) ) ;
#2014 = ORIENTED_EDGE ( 'NONE', *, *, #7697, .F. ) ;
#2015 = CARTESIAN_POINT ( 'NONE',  ( 25.55000000000000400, -1.099999999999996800, -43.20000000000000300 ) ) ;
#2016 = MECHANICAL_DESIGN_GEOMETRIC_PRESENTATION_REPRESENTATION (  '', ( #162 ), #2651 ) ;
#2017 = FILL_AREA_STYLE_COLOUR ( '', #7191 ) ;
#2018 = DIRECTION ( 'NONE',  ( 1.000000000000000000, -1.668003342285391100E-017, -1.355252715606881000E-016 ) ) ;
#2019 = CARTESIAN_POINT ( 'NONE',  ( -10.90000000000000000, -0.9100000000000004800, 5.099999999999999600 ) ) ;
#2020 = VECTOR ( 'NONE', #4790, 1000.000000000000000 ) ;
#2021 = MECHANICAL_DESIGN_GEOMETRIC_PRESENTATION_REPRESENTATION (  '', ( #168 ), #2655 ) ;
#2022 = EDGE_CURVE ( 'NONE', #1853, #8245, #4737, .T. ) ;
#2023 = EDGE_CURVE ( 'NONE', #4236, #2198, #6900, .T. ) ;
#2024 = VECTOR ( 'NONE', #9910, 1000.000000000000000 ) ;
#2025 = VERTEX_POINT ( 'NONE', #11387 ) ;
#2026 = ORIENTED_EDGE ( 'NONE', *, *, #8981, .F. ) ;
#2027 = CARTESIAN_POINT ( 'NONE',  ( -5.899999999999998600, 0.2899999999999997000, 0.0000000000000000000 ) ) ;
#2028 = CARTESIAN_POINT ( 'NONE',  ( 4.900000000000001200, -0.8100000000000041600, 0.7000000000000027300 ) ) ;
#2029 = DIRECTION ( 'NONE',  ( -2.409338161078899700E-016, -1.000000000000000000, -1.899788849813798600E-031 ) ) ;
#2030 = DIRECTION ( 'NONE',  ( 0.0000000000000000000, 0.0000000000000000000, 1.000000000000000000 ) ) ;
#2031 = ORIENTED_EDGE ( 'NONE', *, *, #7927, .F. ) ;
#2032 = CARTESIAN_POINT ( 'NONE',  ( -34.39999999999998400, -2.900000000000000400, -33.50000000000000000 ) ) ;
#2033 = UNCERTAINTY_MEASURE_WITH_UNIT (LENGTH_MEASURE( 1.000000000000000100E-005 ), #8149, 'distance_accuracy_value', 'NONE');
#2034 = CARTESIAN_POINT ( 'NONE',  ( -3.999999999999997300, -0.9500000000000009500, 6.299999999999999800 ) ) ;
#2035 = ADVANCED_FACE ( 'NONE', ( #6601 ), #6810, .F. ) ;
#2036 = LINE ( 'NONE', #1644, #6939 ) ;
#2037 = DIRECTION ( 'NONE',  ( 1.000000000000000000, -1.971276677246372000E-016, 0.0000000000000000000 ) ) ;
#2038 = VECTOR ( 'NONE', #2980, 1000.000000000000000 ) ;
#2039 = VERTEX_POINT ( 'NONE', #6771 ) ;
#2040 = EDGE_CURVE ( 'NONE', #9256, #9973, #5737, .T. ) ;
#2041 = AXIS2_PLACEMENT_3D ( 'NONE', #9386, #1163, #7569 ) ;
#2042 = DIRECTION ( 'NONE',  ( 0.8518743543862780100, -0.07329438438713238600, 0.5185923423617758700 ) ) ;
#2043 = VERTEX_POINT ( 'NONE', #3198 ) ;
#2044 = PRESENTATION_LAYER_ASSIGNMENT (  '', '', ( #1439 ) ) ;
#2045 = ORIENTED_EDGE ( 'NONE', *, *, #4872, .F. ) ;
#2046 = FILL_AREA_STYLE_COLOUR ( '', #7145 ) ;
#2047 = SURFACE_STYLE_FILL_AREA ( #8795 ) ;
#2048 = CARTESIAN_POINT ( 'NONE',  ( -30.00000000000000400, 9.722539674441609500, -45.00000000000001400 ) ) ;
#2049 = VECTOR ( 'NONE', #3404, 1000.000000000000000 ) ;
#2050 = VERTEX_POINT ( 'NONE', #7778 ) ;
#2051 = STYLED_ITEM ( 'NONE', ( #4030 ), #10409 ) ;
#2052 = ORIENTED_EDGE ( 'NONE', *, *, #3813, .F. ) ;
#2053 = SURFACE_STYLE_USAGE ( .BOTH. , #7549 ) ;
#2054 = ORIENTED_EDGE ( 'NONE', *, *, #1855, .T. ) ;
#2055 = DIRECTION ( 'NONE',  ( 0.0000000000000000000, 1.000000000000000000, 0.0000000000000000000 ) ) ;
#2056 = EDGE_LOOP ( 'NONE', ( #6882, #6206, #11012 ) ) ;
#2057 = DIRECTION ( 'NONE',  ( 1.392979236598078500E-016, 1.000000000000000000, -0.0000000000000000000 ) ) ;
#2058 = DIRECTION ( 'NONE',  ( 0.0000000000000000000, -1.000000000000000000, 0.0000000000000000000 ) ) ;
#2059 = CARTESIAN_POINT ( 'NONE',  ( -33.00000000000000000, 3.500000000000000000, -48.00000000000000000 ) ) ;
#2060 =( NAMED_UNIT ( * ) PLANE_ANGLE_UNIT ( ) SI_UNIT ( $, .RADIAN. ) );
#2061 = VERTEX_POINT ( 'NONE', #2261 ) ;
#2062 = SURFACE_STYLE_FILL_AREA ( #5416 ) ;
#2063 = CARTESIAN_POINT ( 'NONE',  ( -30.85999999999999600, -3.500000000000000000, 41.84999999999998700 ) ) ;
#2064 = LINE ( 'NONE', #4297, #1793 ) ;
#2065 = DIRECTION ( 'NONE',  ( 1.000000000000000000, -1.668003342285391100E-017, -1.355252715606881000E-016 ) ) ;
#2066 = ORIENTED_EDGE ( 'NONE', *, *, #3797, .T. ) ;
#2067 =( GEOMETRIC_REPRESENTATION_CONTEXT ( 3 ) GLOBAL_UNCERTAINTY_ASSIGNED_CONTEXT ( ( #5925 ) ) GLOBAL_UNIT_ASSIGNED_CONTEXT ( ( #9519, #4021, #10454 ) ) REPRESENTATION_CONTEXT ( 'NONE', 'WORKASPACE' ) );
#2068 = DIRECTION ( 'NONE',  ( -0.0000000000000000000, 1.000000000000000000, -0.0000000000000000000 ) ) ;
#2069 = EDGE_CURVE ( 'NONE', #10792, #7830, #10634, .T. ) ;
#2070 = CARTESIAN_POINT ( 'NONE',  ( -32.20000000000000300, -2.100000000000000100, 48.00000000000000000 ) ) ;
#2071 = EDGE_CURVE ( 'NONE', #9037, #5811, #10343, .T. ) ;
#2072 = ORIENTED_EDGE ( 'NONE', *, *, #6700, .T. ) ;
#2073 = DIRECTION ( 'NONE',  ( -1.000000000000000000, -0.0000000000000000000, 1.387778780781445900E-016 ) ) ;
#2074 = VERTEX_POINT ( 'NONE', #10546 ) ;
#2075 = SURFACE_STYLE_USAGE ( .BOTH. , #7578 ) ;
#2076 = LINE ( 'NONE', #3449, #9122 ) ;
#2077 = VECTOR ( 'NONE', #9102, 1000.000000000000000 ) ;
#2078 = DIRECTION ( 'NONE',  ( -0.0000000000000000000, -0.0000000000000000000, -1.000000000000000000 ) ) ;
#2079 = CARTESIAN_POINT ( 'NONE',  ( -21.30000000000000100, -0.4500000000000074500, 7.000000000000000000 ) ) ;
#2080 = CARTESIAN_POINT ( 'NONE',  ( -18.39999999999999100, -1.099999999999999900, -49.39999999999999900 ) ) ;
#2081 = VERTEX_POINT ( 'NONE', #5950 ) ;
#2082 = EDGE_CURVE ( 'NONE', #5723, #11198, #572, .T. ) ;
#2083 = CARTESIAN_POINT ( 'NONE',  ( -9.599999999999999600, -0.9100000000000008100, 5.099999999999999600 ) ) ;
#2084 =( GEOMETRIC_REPRESENTATION_CONTEXT ( 3 ) GLOBAL_UNCERTAINTY_ASSIGNED_CONTEXT ( ( #7872 ) ) GLOBAL_UNIT_ASSIGNED_CONTEXT ( ( #8109, #2596, #9008 ) ) REPRESENTATION_CONTEXT ( 'NONE', 'WORKASPACE' ) );
#2085 = DIRECTION ( 'NONE',  ( 0.0000000000000000000, 0.0000000000000000000, -1.000000000000000000 ) ) ;
#2086 = COLOUR_RGB ( '',0.9686274509803921600, 0.8784313725490196000, 0.5999999999999999800 ) ;
#2087 = ADVANCED_FACE ( 'NONE', ( #8201 ), #5158, .F. ) ;
#2088 = EDGE_CURVE ( 'NONE', #6511, #8801, #7597, .T. ) ;
#2089 = LINE ( 'NONE', #5337, #1815 ) ;
#2090 = DIRECTION ( 'NONE',  ( 0.0000000000000000000, 1.000000000000000000, 0.0000000000000000000 ) ) ;
#2091 = EDGE_LOOP ( 'NONE', ( #1423, #5895, #9700, #4017 ) ) ;
#2092 = VECTOR ( 'NONE', #8886, 1000.000000000000000 ) ;
#2093 = DIRECTION ( 'NONE',  ( 0.0000000000000000000, 1.000000000000000000, 0.0000000000000000000 ) ) ;
#2094 = DIRECTION ( 'NONE',  ( 7.885106708985487100E-016, 0.0000000000000000000, -1.000000000000000000 ) ) ;
#2095 = ORIENTED_EDGE ( 'NONE', *, *, #678, .F. ) ;
#2096 = VECTOR ( 'NONE', #2149, 1000.000000000000000 ) ;
#2097 = LINE ( 'NONE', #7444, #4268 ) ;
#2098 = CARTESIAN_POINT ( 'NONE',  ( -33.35999999999998500, -1.999999999999991100, 41.84999999999998000 ) ) ;
#2099 = CYLINDRICAL_SURFACE ( 'NONE', #9822, 1.249999999999994200 ) ;
#2100 = DIRECTION ( 'NONE',  ( 0.0000000000000000000, 0.0000000000000000000, 1.000000000000000000 ) ) ;
#2101 = COLOUR_RGB ( '',0.9686274509803921600, 0.8784313725490196000, 0.5999999999999999800 ) ;
#2102 = DIRECTION ( 'NONE',  ( 1.000000000000000000, 0.0000000000000000000, 0.0000000000000000000 ) ) ;
#2103 = ADVANCED_FACE ( 'NONE', ( #5459 ), #5067, .T. ) ;
#2104 = ORIENTED_EDGE ( 'NONE', *, *, #9538, .F. ) ;
#2105 = DIRECTION ( 'NONE',  ( 1.392979236598078500E-016, 1.000000000000000000, -0.0000000000000000000 ) ) ;
#2106 = DIRECTION ( 'NONE',  ( -1.000000000000000000, -0.0000000000000000000, -0.0000000000000000000 ) ) ;
#2107 = EDGE_CURVE ( 'NONE', #10566, #198, #266, .T. ) ;
#2108 = AXIS2_PLACEMENT_3D ( 'NONE', #2048, #1175, #7584 ) ;
#2109 = DIRECTION ( 'NONE',  ( -0.0000000000000000000, 1.000000000000000000, -0.0000000000000000000 ) ) ;
#2110 =( LENGTH_UNIT ( ) NAMED_UNIT ( * ) SI_UNIT ( .MILLI., .METRE. ) );
#2111 = UNCERTAINTY_MEASURE_WITH_UNIT (LENGTH_MEASURE( 1.000000000000000100E-005 ), #9003, 'distance_accuracy_value', 'NONE');
#2112 = ORIENTED_EDGE ( 'NONE', *, *, #8612, .T. ) ;
#2113 = CARTESIAN_POINT ( 'NONE',  ( -30.86000000000000700, 0.5000000000000000000, -34.75000000000000700 ) ) ;
#2114 = FACE_OUTER_BOUND ( 'NONE', #625, .T. ) ;
#2115 = CIRCLE ( 'NONE', #11628, 1.549999999999995800 ) ;
#2116 = ORIENTED_EDGE ( 'NONE', *, *, #1109, .F. ) ;
#2117 = MECHANICAL_DESIGN_GEOMETRIC_PRESENTATION_REPRESENTATION (  '', ( #270 ), #2753 ) ;
#2118 = CARTESIAN_POINT ( 'NONE',  ( 12.69999999999999900, -0.9100000000000071400, 5.099999999999999600 ) ) ;
#2119 = SURFACE_STYLE_USAGE ( .BOTH. , #7624 ) ;
#2120 = ORIENTED_EDGE ( 'NONE', *, *, #7984, .F. ) ;
#2121 = CARTESIAN_POINT ( 'NONE',  ( -34.39999999999999900, 3.500000000000000000, -48.00000000000000000 ) ) ;
#2122 = COLOUR_RGB ( '',0.9686274509803921600, 0.8784313725490196000, 0.5999999999999999800 ) ;
#2123 = EDGE_CURVE ( 'NONE', #4224, #5759, #3015, .T. ) ;
#2124 = ORIENTED_EDGE ( 'NONE', *, *, #9032, .F. ) ;
#2125 = DIRECTION ( 'NONE',  ( -1.000000000000000000, 0.0000000000000000000, -0.0000000000000000000 ) ) ;
#2126 = VECTOR ( 'NONE', #699, 1000.000000000000000 ) ;
#2127 = EDGE_LOOP ( 'NONE', ( #4440, #4050, #5129, #10924 ) ) ;
#2128 = LINE ( 'NONE', #2224, #6454 ) ;
#2129 = PLANE ( 'NONE',  #302 ) ;
#2130 = ORIENTED_EDGE ( 'NONE', *, *, #997, .T. ) ;
#2131 = CYLINDRICAL_SURFACE ( 'NONE', #4587, 0.5000000000000004400 ) ;
#2132 = VERTEX_POINT ( 'NONE', #2385 ) ;
#2133 = VECTOR ( 'NONE', #4518, 1000.000000000000000 ) ;
#2134 = CARTESIAN_POINT ( 'NONE',  ( -18.55000000000000400, 1.269999999999992000, 0.0000000000000000000 ) ) ;
#2135 = ORIENTED_EDGE ( 'NONE', *, *, #8551, .F. ) ;
#2136 = EDGE_LOOP ( 'NONE', ( #226, #3740, #8505, #11774 ) ) ;
#2137 = VECTOR ( 'NONE', #522, 1000.000000000000000 ) ;
#2138 =( GEOMETRIC_REPRESENTATION_CONTEXT ( 3 ) GLOBAL_UNCERTAINTY_ASSIGNED_CONTEXT ( ( #1310 ) ) GLOBAL_UNIT_ASSIGNED_CONTEXT ( ( #2920, #9346, #3841 ) ) REPRESENTATION_CONTEXT ( 'NONE', 'WORKASPACE' ) );
#2139 = FILL_AREA_STYLE_COLOUR ( '', #8614 ) ;
#2140 = EDGE_CURVE ( 'NONE', #4843, #10969, #11916, .T. ) ;
#2141 =( NAMED_UNIT ( * ) PLANE_ANGLE_UNIT ( ) SI_UNIT ( $, .RADIAN. ) );
#2142 =( NAMED_UNIT ( * ) SI_UNIT ( $, .STERADIAN. ) SOLID_ANGLE_UNIT ( ) );
#2143 = SURFACE_STYLE_FILL_AREA ( #2728 ) ;
#2144 = VERTEX_POINT ( 'NONE', #7913 ) ;
#2145 = VECTOR ( 'NONE', #405, 1000.000000000000000 ) ;
#2146 = CARTESIAN_POINT ( 'NONE',  ( 30.86000000000000700, 1.999999999999999600, -36.00000000000000700 ) ) ;
#2147 = VECTOR ( 'NONE', #3825, 1000.000000000000000 ) ;
#2148 = ADVANCED_FACE ( 'NONE', ( #2434 ), #2131, .F. ) ;
#2149 = DIRECTION ( 'NONE',  ( -2.646366421711167300E-047, 1.899788849813798600E-031, -1.000000000000000000 ) ) ;
#2150 = EDGE_CURVE ( 'NONE', #7894, #7670, #7044, .T. ) ;
#2151 = PRESENTATION_LAYER_ASSIGNMENT (  '', '', ( #961 ) ) ;
#2152 = DIRECTION ( 'NONE',  ( 1.000000000000000000, -2.409338161078899700E-016, 0.0000000000000000000 ) ) ;
#2153 = VECTOR ( 'NONE', #9224, 1000.000000000000000 ) ;
#2154 = ORIENTED_EDGE ( 'NONE', *, *, #5003, .T. ) ;
#2155 =( LENGTH_UNIT ( ) NAMED_UNIT ( * ) SI_UNIT ( .MILLI., .METRE. ) );
#2156 = EDGE_CURVE ( 'NONE', #1910, #11375, #9765, .T. ) ;
#2157 = DIRECTION ( 'NONE',  ( 0.0000000000000000000, 1.000000000000000000, 0.0000000000000000000 ) ) ;
#2158 = CARTESIAN_POINT ( 'NONE',  ( 35.00000000000000000, 3.500000000000000000, -50.00000000000000000 ) ) ;
#2159 = VERTEX_POINT ( 'NONE', #10671 ) ;
#2160 = ADVANCED_FACE ( 'NONE', ( #6741 ), #10711, .F. ) ;
#2161 = VECTOR ( 'NONE', #3006, 1000.000000000000000 ) ;
#2162 = CYLINDRICAL_SURFACE ( 'NONE', #8654, 0.7999999999999951600 ) ;
#2163 = ORIENTED_EDGE ( 'NONE', *, *, #7358, .T. ) ;
#2164 = AXIS2_PLACEMENT_3D ( 'NONE', #6610, #5725, #212 ) ;
#2165 = FILL_AREA_STYLE ('',( #6718 ) ) ;
#2166 = ORIENTED_EDGE ( 'NONE', *, *, #6928, .F. ) ;
#2167 = CARTESIAN_POINT ( 'NONE',  ( -16.94999999999999200, -1.100000000000002100, -42.20000000000000300 ) ) ;
#2168 = EDGE_CURVE ( 'NONE', #1428, #648, #4592, .T. ) ;
#2169 =( GEOMETRIC_REPRESENTATION_CONTEXT ( 3 ) GLOBAL_UNCERTAINTY_ASSIGNED_CONTEXT ( ( #10960 ) ) GLOBAL_UNIT_ASSIGNED_CONTEXT ( ( #4232, #10664, #5147 ) ) REPRESENTATION_CONTEXT ( 'NONE', 'WORKASPACE' ) );
#2170 = ORIENTED_EDGE ( 'NONE', *, *, #3778, .T. ) ;
#2171 = EDGE_CURVE ( 'NONE', #4634, #8297, #4305, .T. ) ;
#2172 = EDGE_CURVE ( 'NONE', #5933, #3745, #11626, .T. ) ;
#2173 = UNCERTAINTY_MEASURE_WITH_UNIT (LENGTH_MEASURE( 1.000000000000000100E-005 ), #6180, 'distance_accuracy_value', 'NONE');
#2174 = CARTESIAN_POINT ( 'NONE',  ( 1.757653333333334600, 2.168404344971008900E-016, -0.1137733333333333800 ) ) ;
#2175 = DIRECTION ( 'NONE',  ( 0.0000000000000000000, 0.0000000000000000000, 1.000000000000000000 ) ) ;
#2176 = LINE ( 'NONE', #6477, #11108 ) ;
#2177 = DIRECTION ( 'NONE',  ( -1.000000000000000000, 1.030120828964849300E-016, 0.0000000000000000000 ) ) ;
#2178 = ORIENTED_EDGE ( 'NONE', *, *, #8939, .F. ) ;
#2179 =( LENGTH_UNIT ( ) NAMED_UNIT ( * ) SI_UNIT ( .MILLI., .METRE. ) );
#2180 = CARTESIAN_POINT ( 'NONE',  ( 30.86000000000001700, -3.500000000000000000, 39.34999999999998000 ) ) ;
#2181 = CLOSED_SHELL ( 'NONE', ( #1037, #11439, #8151, #6263, #6739, #9749, #10295, #4219, #1751, #4138, #11512, #6872, #8420, #10972, #11556, #9763, #3959, #8474, #4456, #10719, #5236 ) ) ;
#2182 = VERTEX_POINT ( 'NONE', #6164 ) ;
#2183 = SHAPE_REPRESENTATION ( 'SSD, COVER, 7 mm', ( #11927 ), #10697 ) ;
#2184 = PRESENTATION_LAYER_ASSIGNMENT (  '', '', ( #2822 ) ) ;
#2185 = DIRECTION ( 'NONE',  ( -1.000000000000000000, 0.0000000000000000000, -0.0000000000000000000 ) ) ;
#2186 = VERTEX_POINT ( 'NONE', #11664 ) ;
#2187 = CARTESIAN_POINT ( 'NONE',  ( -16.94999999999999200, -2.900000000000000400, -43.20000000000000300 ) ) ;
#2188 = VECTOR ( 'NONE', #5755, 1000.000000000000000 ) ;
#2189 = EDGE_CURVE ( 'NONE', #1705, #10328, #1582, .T. ) ;
#2190 = CIRCLE ( 'NONE', #8134, 1.250000000000001100 ) ;
#2191 = PRESENTATION_LAYER_ASSIGNMENT (  '', '', ( #11668 ) ) ;
#2192 = ORIENTED_EDGE ( 'NONE', *, *, #5075, .F. ) ;
#2193 =( GEOMETRIC_REPRESENTATION_CONTEXT ( 3 ) GLOBAL_UNCERTAINTY_ASSIGNED_CONTEXT ( ( #8575 ) ) GLOBAL_UNIT_ASSIGNED_CONTEXT ( ( #4811, #11244, #5744 ) ) REPRESENTATION_CONTEXT ( 'NONE', 'WORKASPACE' ) );
#2194 = CARTESIAN_POINT ( 'NONE',  ( -34.39999999999998400, 3.500000000000000000, 44.50000000000001400 ) ) ;
#2195 = VERTEX_POINT ( 'NONE', #2513 ) ;
#2196 = ORIENTED_EDGE ( 'NONE', *, *, #5956, .F. ) ;
#2197 = CARTESIAN_POINT ( 'NONE',  ( -35.00000000000000000, 0.5000000000000001100, -37.24999999999999300 ) ) ;
#2198 = VERTEX_POINT ( 'NONE', #8037 ) ;
#2199 = LINE ( 'NONE', #7417, #9261 ) ;
#2200 = CARTESIAN_POINT ( 'NONE',  ( -29.50000000000000400, -2.899999999999999900, -48.89999999999999900 ) ) ;
#2201 =( NAMED_UNIT ( * ) SI_UNIT ( $, .STERADIAN. ) SOLID_ANGLE_UNIT ( ) );
#2202 = FACE_OUTER_BOUND ( 'NONE', #9345, .T. ) ;
#2203 = ORIENTED_EDGE ( 'NONE', *, *, #10079, .F. ) ;
#2204 = DIRECTION ( 'NONE',  ( 0.0000000000000000000, -1.000000000000000000, 0.0000000000000000000 ) ) ;
#2205 = ADVANCED_FACE ( 'NONE', ( #9184 ), #6166, .T. ) ;
#2206 = EDGE_LOOP ( 'NONE', ( #4745, #3625, #59, #3220 ) ) ;
#2207 = ORIENTED_EDGE ( 'NONE', *, *, #8358, .F. ) ;
#2208 = CARTESIAN_POINT ( 'NONE',  ( 34.39999999999999900, -2.900000000000000400, 43.09999999999998700 ) ) ;
#2209 = DIRECTION ( 'NONE',  ( 0.0000000000000000000, 1.000000000000000000, 0.0000000000000000000 ) ) ;
#2210 = CARTESIAN_POINT ( 'NONE',  ( 11.79999999999999900, -0.8100000000000042700, 0.7000000000000030600 ) ) ;
#2211 = PRESENTATION_STYLE_ASSIGNMENT (( #9348 ) ) ;
#2212 = DIRECTION ( 'NONE',  ( -1.387778780781445900E-016, 0.0000000000000000000, -1.000000000000000000 ) ) ;
#2213 = PLANE ( 'NONE',  #7338 ) ;
#2214 = DIRECTION ( 'NONE',  ( 0.0000000000000000000, -0.0000000000000000000, 1.000000000000000000 ) ) ;
#2215 = ORIENTED_EDGE ( 'NONE', *, *, #1240, .T. ) ;
#2216 = CARTESIAN_POINT ( 'NONE',  ( 30.86000000000001700, 0.5000000000000000000, 41.84999999999998000 ) ) ;
#2217 = FACE_OUTER_BOUND ( 'NONE', #8018, .T. ) ;
#2218 = EDGE_LOOP ( 'NONE', ( #2444, #8349 ) ) ;
#2219 = AXIS2_PLACEMENT_3D ( 'NONE', #7232, #1734, #8175 ) ;
#2220 = DIRECTION ( 'NONE',  ( 0.0000000000000000000, 0.0000000000000000000, 1.000000000000000000 ) ) ;
#2221 = ORIENTED_EDGE ( 'NONE', *, *, #11428, .F. ) ;
#2222 = ADVANCED_FACE ( 'NONE', ( #4003 ), #9856, .T. ) ;
#2223 = FACE_OUTER_BOUND ( 'NONE', #9387, .T. ) ;
#2224 = CARTESIAN_POINT ( 'NONE',  ( 34.39999999999999900, 3.500000000000000000, -33.00000000000000000 ) ) ;
#2225 = VECTOR ( 'NONE', #4112, 1000.000000000000000 ) ;
#2226 = PRESENTATION_LAYER_ASSIGNMENT (  '', '', ( #1634 ) ) ;
#2227 = DIRECTION ( 'NONE',  ( -1.404634393503487300E-016, 0.0000000000000000000, -1.000000000000000000 ) ) ;
#2228 = EDGE_CURVE ( 'NONE', #6822, #9467, #5305, .T. ) ;
#2229 = LINE ( 'NONE', #8013, #8992 ) ;
#2230 = EDGE_CURVE ( 'NONE', #1405, #9944, #711, .T. ) ;
#2231 = CARTESIAN_POINT ( 'NONE',  ( -22.80000000000000100, 2.849999999999991700, 7.000000000000000000 ) ) ;
#2232 = CONTEXT_DEPENDENT_SHAPE_REPRESENTATION ( #6470, #9352 ) ;
#2233 = ORIENTED_EDGE ( 'NONE', *, *, #8071, .F. ) ;
#2234 = PRESENTATION_STYLE_ASSIGNMENT (( #887 ) ) ;
#2235 = SURFACE_SIDE_STYLE ('',( #4545 ) ) ;
#2236 = ORIENTED_EDGE ( 'NONE', *, *, #10786, .F. ) ;
#2237 =( NAMED_UNIT ( * ) SI_UNIT ( $, .STERADIAN. ) SOLID_ANGLE_UNIT ( ) );
#2238 = VECTOR ( 'NONE', #6148, 1000.000000000000000 ) ;
#2239 =( NAMED_UNIT ( * ) SI_UNIT ( $, .STERADIAN. ) SOLID_ANGLE_UNIT ( ) );
#2240 = DIRECTION ( 'NONE',  ( 0.0000000000000000000, 0.0000000000000000000, 1.000000000000000000 ) ) ;
#2241 = LINE ( 'NONE', #6091, #11449 ) ;
#2242 = ORIENTED_EDGE ( 'NONE', *, *, #6721, .F. ) ;
#2243 = DIRECTION ( 'NONE',  ( 0.0000000000000000000, -1.000000000000000000, 0.0000000000000000000 ) ) ;
#2244 = AXIS2_PLACEMENT_3D ( 'NONE', #10643, #5117, #4205 ) ;
#2245 = FACE_OUTER_BOUND ( 'NONE', #185, .T. ) ;
#2246 = UNCERTAINTY_MEASURE_WITH_UNIT (LENGTH_MEASURE( 1.000000000000000100E-005 ), #11757, 'distance_accuracy_value', 'NONE');
#2247 =( GEOMETRIC_REPRESENTATION_CONTEXT ( 3 ) GLOBAL_UNCERTAINTY_ASSIGNED_CONTEXT ( ( #9694 ) ) GLOBAL_UNIT_ASSIGNED_CONTEXT ( ( #4712, #11140, #5631 ) ) REPRESENTATION_CONTEXT ( 'NONE', 'WORKASPACE' ) );
#2248 = EDGE_CURVE ( 'NONE', #7083, #637, #6084, .T. ) ;
#2249 = ORIENTED_EDGE ( 'NONE', *, *, #8499, .F. ) ;
#2250 = VECTOR ( 'NONE', #102, 1000.000000000000000 ) ;
#2251 = LINE ( 'NONE', #6245, #11752 ) ;
#2252 = DIRECTION ( 'NONE',  ( 0.0000000000000000000, 0.0000000000000000000, 1.000000000000000000 ) ) ;
#2253 = SURFACE_STYLE_FILL_AREA ( #1563 ) ;
#2254 = LINE ( 'NONE', #5128, #7385 ) ;
#2255 = EDGE_LOOP ( 'NONE', ( #4918, #840, #4135, #1777 ) ) ;
#2256 = CARTESIAN_POINT ( 'NONE',  ( -10.90000000000000000, -4.815124837953328000, 5.100000000000000500 ) ) ;
#2257 = CARTESIAN_POINT ( 'NONE',  ( -16.34000000000000000, 0.2899999999999994800, -20.72142852218446800 ) ) ;
#2258 = ORIENTED_EDGE ( 'NONE', *, *, #7239, .T. ) ;
#2259 = DIRECTION ( 'NONE',  ( -0.0000000000000000000, 1.000000000000000000, -0.0000000000000000000 ) ) ;
#2260 = ORIENTED_EDGE ( 'NONE', *, *, #4779, .F. ) ;
#2261 = CARTESIAN_POINT ( 'NONE',  ( -5.899999999999998600, 0.2899999999999997000, 5.099999999999997000 ) ) ;
#2262 = LINE ( 'NONE', #2892, #11765 ) ;
#2263 = DIRECTION ( 'NONE',  ( 0.0000000000000000000, -0.0000000000000000000, 1.000000000000000000 ) ) ;
#2264 = ORIENTED_EDGE ( 'NONE', *, *, #10215, .T. ) ;
#2265 = EDGE_CURVE ( 'NONE', #2866, #163, #2868, .T. ) ;
#2266 = AXIS2_PLACEMENT_3D ( 'NONE', #11772, #8952, #5381 ) ;
#2267 = DIRECTION ( 'NONE',  ( 1.000000000000000000, 0.0000000000000000000, 0.0000000000000000000 ) ) ;
#2268 = ORIENTED_EDGE ( 'NONE', *, *, #7040, .T. ) ;
#2269 = AXIS2_PLACEMENT_3D ( 'NONE', #2366, #8782, #3312 ) ;
#2270 = ADVANCED_FACE ( 'NONE', ( #9901 ), #8150, .F. ) ;
#2271 = LINE ( 'NONE', #9742, #4139 ) ;
#2272 = CARTESIAN_POINT ( 'NONE',  ( 33.00000000000001400, 3.500000000000000000, 48.00000000000000000 ) ) ;
#2273 = FILL_AREA_STYLE ('',( #11441 ) ) ;
#2274 = EDGE_LOOP ( 'NONE', ( #6366, #11165 ) ) ;
#2275 = CONICAL_SURFACE ( 'NONE', #4543, 1.250000000000001100, 1.029744258676653900 ) ;
#2276 = EDGE_LOOP ( 'NONE', ( #4334, #10278, #9202, #10976 ) ) ;
#2277 = FACE_OUTER_BOUND ( 'NONE', #4676, .T. ) ;
#2278 =( GEOMETRIC_REPRESENTATION_CONTEXT ( 3 ) GLOBAL_UNCERTAINTY_ASSIGNED_CONTEXT ( ( #9916 ) ) GLOBAL_UNIT_ASSIGNED_CONTEXT ( ( #6213, #725, #7146 ) ) REPRESENTATION_CONTEXT ( 'NONE', 'WORKASPACE' ) );
#2279 = ORIENTED_EDGE ( 'NONE', *, *, #7720, .T. ) ;
#2280 = ORIENTED_EDGE ( 'NONE', *, *, #7271, .T. ) ;
#2281 = VECTOR ( 'NONE', #5900, 1000.000000000000000 ) ;
#2282 = CARTESIAN_POINT ( 'NONE',  ( -8.300000000000002500, -0.9100000000000010300, 5.100000000000000500 ) ) ;
#2283 = ORIENTED_EDGE ( 'NONE', *, *, #6009, .F. ) ;
#2284 = CARTESIAN_POINT ( 'NONE',  ( -22.80000000000000100, 2.849999999999991700, 7.000000000000000000 ) ) ;
#2285 = CARTESIAN_POINT ( 'NONE',  ( -35.00000000000000000, -3.000000000000000400, -50.00000000000000000 ) ) ;
#2286 = ADVANCED_FACE ( 'NONE', ( #1720 ), #7248, .T. ) ;
#2287 = FACE_OUTER_BOUND ( 'NONE', #9331, .T. ) ;
#2288 = LINE ( 'NONE', #11187, #4461 ) ;
#2289 = CARTESIAN_POINT ( 'NONE',  ( -3.999999999999996400, 1.949999999999992000, 6.299999999999999800 ) ) ;
#2290 = EDGE_LOOP ( 'NONE', ( #11500, #5484, #11430, #2914 ) ) ;
#2291 = LINE ( 'NONE', #2464, #5010 ) ;
#2292 = ORIENTED_EDGE ( 'NONE', *, *, #10397, .T. ) ;
#2293 = DIRECTION ( 'NONE',  ( 0.0000000000000000000, -1.000000000000000000, -0.0000000000000000000 ) ) ;
#2294 = AXIS2_PLACEMENT_3D ( 'NONE', #2787, #3713, #10125 ) ;
#2295 = DIRECTION ( 'NONE',  ( -0.0000000000000000000, 1.000000000000000000, -0.0000000000000000000 ) ) ;
#2296 = DIRECTION ( 'NONE',  ( -1.000000000000000000, -0.0000000000000000000, 0.0000000000000000000 ) ) ;
#2297 = FILL_AREA_STYLE ('',( #447 ) ) ;
#2298 = EDGE_CURVE ( 'NONE', #2915, #8717, #3300, .T. ) ;
#2299 = CARTESIAN_POINT ( 'NONE',  ( -2.499999999999998700, -0.9100000000000041400, 5.099999999999999600 ) ) ;
#2300 = EDGE_CURVE ( 'NONE', #9546, #2432, #5724, .T. ) ;
#2301 = ORIENTED_EDGE ( 'NONE', *, *, #531, .F. ) ;
#2302 = DIRECTION ( 'NONE',  ( 0.8518743543862780100, 0.07329438438712926300, 0.5185923423617764300 ) ) ;
#2303 = DIRECTION ( 'NONE',  ( -0.08572225787319878700, -1.721391811806175100E-016, -0.9963190726394436400 ) ) ;
#2304 = DIRECTION ( 'NONE',  ( -0.0000000000000000000, 1.000000000000000000, -0.0000000000000000000 ) ) ;
#2305 = SURFACE_STYLE_USAGE ( .BOTH. , #7828 ) ;
#2306 = LINE ( 'NONE', #4412, #2024 ) ;
#2307 = VERTEX_POINT ( 'NONE', #10058 ) ;
#2308 = EDGE_LOOP ( 'NONE', ( #1020, #5938, #5166, #6193 ) ) ;
#2309 = EDGE_CURVE ( 'NONE', #8493, #5011, #867, .T. ) ;
#2310 =( GEOMETRIC_REPRESENTATION_CONTEXT ( 3 ) GLOBAL_UNCERTAINTY_ASSIGNED_CONTEXT ( ( #189 ) ) GLOBAL_UNIT_ASSIGNED_CONTEXT ( ( #9653, #4152, #10579 ) ) REPRESENTATION_CONTEXT ( 'NONE', 'WORKASPACE' ) );
#2311 = VERTEX_POINT ( 'NONE', #8191 ) ;
#2312 = CARTESIAN_POINT ( 'NONE',  ( -32.20000000000000300, 2.900000000000000400, -48.00000000000000000 ) ) ;
#2313 =( NAMED_UNIT ( * ) PLANE_ANGLE_UNIT ( ) SI_UNIT ( $, .RADIAN. ) );
#2314 = EDGE_CURVE ( 'NONE', #3878, #9900, #557, .T. ) ;
#2315 = DIRECTION ( 'NONE',  ( 0.0000000000000000000, 0.0000000000000000000, 1.000000000000000000 ) ) ;
#2316 = SURFACE_STYLE_USAGE ( .BOTH. , #7840 ) ;
#2317 = FACE_OUTER_BOUND ( 'NONE', #9043, .T. ) ;
#2318 = ORIENTED_EDGE ( 'NONE', *, *, #512, .T. ) ;
#2319 = SURFACE_STYLE_USAGE ( .BOTH. , #7845 ) ;
#2320 = ORIENTED_EDGE ( 'NONE', *, *, #9460, .F. ) ;
#2321 = DIRECTION ( 'NONE',  ( 0.0000000000000000000, -0.0000000000000000000, -1.000000000000000000 ) ) ;
#2322 = ORIENTED_EDGE ( 'NONE', *, *, #4155, .T. ) ;
#2323 = ADVANCED_FACE ( 'NONE', ( #7587 ), #3001, .T. ) ;
#2324 = UNCERTAINTY_MEASURE_WITH_UNIT (LENGTH_MEASURE( 1.000000000000000100E-005 ), #4656, 'distance_accuracy_value', 'NONE');
#2325 = VECTOR ( 'NONE', #9690, 1000.000000000000000 ) ;
#2326 =( NAMED_UNIT ( * ) PLANE_ANGLE_UNIT ( ) SI_UNIT ( $, .RADIAN. ) );
#2327 = CONICAL_SURFACE ( 'NONE', #9962, 0.7999999999999951600, 1.029744258676651000 ) ;
#2328 = VERTEX_POINT ( 'NONE', #6400 ) ;
#2329 = CARTESIAN_POINT ( 'NONE',  ( 32.20000000000000300, 2.150000000000010600, -48.00000000000000000 ) ) ;
#2330 = DIRECTION ( 'NONE',  ( -1.000000000000000000, 1.392979236598078500E-016, 0.0000000000000000000 ) ) ;
#2331 = CARTESIAN_POINT ( 'NONE',  ( 30.86000000000001700, 2.899999999999999900, 38.09999999999998000 ) ) ;
#2332 = DIRECTION ( 'NONE',  ( 0.0000000000000000000, -1.000000000000000000, -0.0000000000000000000 ) ) ;
#2333 = DIRECTION ( 'NONE',  ( 1.000000000000000000, -0.0000000000000000000, 0.0000000000000000000 ) ) ;
#2334 = ORIENTED_EDGE ( 'NONE', *, *, #4243, .F. ) ;
#2335 = EDGE_CURVE ( 'NONE', #3644, #10610, #10330, .T. ) ;
#2336 = AXIS2_PLACEMENT_3D ( 'NONE', #9047, #3556, #9967 ) ;
#2337 = CARTESIAN_POINT ( 'NONE',  ( -30.86000000000000700, -3.500000000000000000, -34.75000000000000000 ) ) ;
#2338 = EDGE_CURVE ( 'NONE', #10434, #3093, #5140, .T. ) ;
#2339 = DIRECTION ( 'NONE',  ( 0.0000000000000000000, -0.0000000000000000000, -1.000000000000000000 ) ) ;
#2340 = ORIENTED_EDGE ( 'NONE', *, *, #4029, .T. ) ;
#2341 = CARTESIAN_POINT ( 'NONE',  ( -30.86000000000000700, 2.899999999999999900, -36.00000000000000700 ) ) ;
#2342 = CARTESIAN_POINT ( 'NONE',  ( 32.20000000000000300, 2.900000000000000400, 48.00000000000000000 ) ) ;
#2343 = ADVANCED_FACE ( 'NONE', ( #5446 ), #2421, .T. ) ;
#2344 = CARTESIAN_POINT ( 'NONE',  ( 34.39999999999999900, -2.900000000000000400, -50.00000000000000000 ) ) ;
#2345 = DIRECTION ( 'NONE',  ( 1.668003342285391100E-017, 1.000000000000000000, -0.0000000000000000000 ) ) ;
#2346 = VERTEX_POINT ( 'NONE', #5006 ) ;
#2347 = CARTESIAN_POINT ( 'NONE',  ( -16.34000000000000000, -0.8100000000000003900, 5.099999999999999600 ) ) ;
#2348 = DIRECTION ( 'NONE',  ( -0.8541717779369629700, 1.815538650263817700E-015, -0.5199909362440923200 ) ) ;
#2349 = AXIS2_PLACEMENT_3D ( 'NONE', #1196, #3043, #9454 ) ;
#2350 = CARTESIAN_POINT ( 'NONE',  ( -5.899999999999998600, -1.950000000000001100, 5.099999999999999600 ) ) ;
#2351 = CARTESIAN_POINT ( 'NONE',  ( 0.0000000000000000000, -0.2650000000000035700, 1.069999999999999000 ) ) ;
#2352 = ORIENTED_EDGE ( 'NONE', *, *, #10836, .T. ) ;
#2353 = FACE_OUTER_BOUND ( 'NONE', #10408, .T. ) ;
#2354 = EDGE_CURVE ( 'NONE', #11613, #7456, #7310, .T. ) ;
#2355 = AXIS2_PLACEMENT_3D ( 'NONE', #107, #3857, #10284 ) ;
#2356 = AXIS2_PLACEMENT_3D ( 'NONE', #814, #4499, #10931 ) ;
#2357 = EDGE_LOOP ( 'NONE', ( #11919, #3903, #11153, #10538, #1356, #3718 ) ) ;
#2358 = DIRECTION ( 'NONE',  ( 0.0000000000000000000, 0.0000000000000000000, -1.000000000000000000 ) ) ;
#2359 =( NAMED_UNIT ( * ) SI_UNIT ( $, .STERADIAN. ) SOLID_ANGLE_UNIT ( ) );
#2360 = DIRECTION ( 'NONE',  ( -1.000000000000000000, 1.668003342285391100E-017, 0.0000000000000000000 ) ) ;
#2361 = ORIENTED_EDGE ( 'NONE', *, *, #8311, .T. ) ;
#2362 = CARTESIAN_POINT ( 'NONE',  ( -11.21999999999999900, -0.9100000000000011400, 5.100000000000000500 ) ) ;
#2363 = DIRECTION ( 'NONE',  ( -0.0000000000000000000, 0.0000000000000000000, -1.000000000000000000 ) ) ;
#2364 = ORIENTED_EDGE ( 'NONE', *, *, #8071, .T. ) ;
#2365 = PRESENTATION_STYLE_ASSIGNMENT (( #9214 ) ) ;
#2366 = CARTESIAN_POINT ( 'NONE',  ( -30.86000000000000700, -2.900000000000000400, -36.00000000000000700 ) ) ;
#2367 = MECHANICAL_DESIGN_GEOMETRIC_PRESENTATION_REPRESENTATION (  '', ( #526 ), #2993 ) ;
#2368 = VECTOR ( 'NONE', #11662, 1000.000000000000000 ) ;
#2369 = VECTOR ( 'NONE', #7263, 1000.000000000000000 ) ;
#2370 = DIRECTION ( 'NONE',  ( 0.0000000000000000000, 1.000000000000000000, 0.0000000000000000000 ) ) ;
#2371 = AXIS2_PLACEMENT_3D ( 'NONE', #5413, #6335, #853 ) ;
#2372 = EDGE_CURVE ( 'NONE', #9900, #3774, #4855, .T. ) ;
#2373 = PRESENTATION_STYLE_ASSIGNMENT (( #11232 ) ) ;
#2374 = ORIENTED_EDGE ( 'NONE', *, *, #6037, .T. ) ;
#2375 = DIRECTION ( 'NONE',  ( 1.668003342285391100E-017, 1.000000000000000000, -0.0000000000000000000 ) ) ;
#2376 = FACE_OUTER_BOUND ( 'NONE', #11058, .T. ) ;
#2377 = CARTESIAN_POINT ( 'NONE',  ( -2.899999999999998100, -0.8100000000000040500, -20.72142852218446800 ) ) ;
#2378 = DIRECTION ( 'NONE',  ( -0.0000000000000000000, -1.000000000000000000, -0.0000000000000000000 ) ) ;
#2379 = DIRECTION ( 'NONE',  ( -0.9063077870366496000, 0.0000000000000000000, 0.4226182617407002700 ) ) ;
#2380 = DIRECTION ( 'NONE',  ( 0.0000000000000000000, 1.000000000000000000, 0.0000000000000000000 ) ) ;
#2381 = CIRCLE ( 'NONE', #7749, 0.7999999999999951600 ) ;
#2382 = CARTESIAN_POINT ( 'NONE',  ( -34.39999999999997000, -2.900000000000000400, 38.09999999999998000 ) ) ;
#2383 = DIRECTION ( 'NONE',  ( 0.0000000000000000000, 0.0000000000000000000, 1.000000000000000000 ) ) ;
#2384 = COLOUR_RGB ( '',0.9686274509803921600, 0.8784313725490196000, 0.5999999999999999800 ) ;
#2385 = CARTESIAN_POINT ( 'NONE',  ( -34.39999999999998400, 2.899999999999999900, -33.00000000000000000 ) ) ;
#2386 = ORIENTED_EDGE ( 'NONE', *, *, #339, .T. ) ;
#2387 = CARTESIAN_POINT ( 'NONE',  ( -8.699999999999999300, -4.815124837953328000, 1.299999999999999600 ) ) ;
#2388 = AXIS2_PLACEMENT_3D ( 'NONE', #10991, #5487, #11907 ) ;
#2389 = LINE ( 'NONE', #9813, #7002 ) ;
#2390 = EDGE_CURVE ( 'NONE', #406, #6488, #9449, .T. ) ;
#2391 = DIRECTION ( 'NONE',  ( 1.000000000000000000, 0.0000000000000000000, 0.0000000000000000000 ) ) ;
#2392 =( GEOMETRIC_REPRESENTATION_CONTEXT ( 3 ) GLOBAL_UNCERTAINTY_ASSIGNED_CONTEXT ( ( #3234 ) ) GLOBAL_UNIT_ASSIGNED_CONTEXT ( ( #10714, #5196, #11625 ) ) REPRESENTATION_CONTEXT ( 'NONE', 'WORKASPACE' ) );
#2393 = ADVANCED_FACE ( 'NONE', ( #7032 ), #6727, .F. ) ;
#2394 = EDGE_LOOP ( 'NONE', ( #5926, #5452, #4184, #2714, #658, #6744, #6058, #1384, #3217, #10550, #999, #6359 ) ) ;
#2395 = VECTOR ( 'NONE', #337, 1000.000000000000000 ) ;
#2396 = CARTESIAN_POINT ( 'NONE',  ( -35.00000000000000000, 3.500000000000000000, -50.00000000000000000 ) ) ;
#2397 = VECTOR ( 'NONE', #42, 1000.000000000000000 ) ;
#2398 =( NAMED_UNIT ( * ) SI_UNIT ( $, .STERADIAN. ) SOLID_ANGLE_UNIT ( ) );
#2399 = VECTOR ( 'NONE', #145, 1000.000000000000000 ) ;
#2400 = ORIENTED_EDGE ( 'NONE', *, *, #5820, .F. ) ;
#2401 = DIRECTION ( 'NONE',  ( 0.0000000000000000000, 0.0000000000000000000, 1.000000000000000000 ) ) ;
#2402 = UNCERTAINTY_MEASURE_WITH_UNIT (LENGTH_MEASURE( 1.000000000000000100E-005 ), #5060, 'distance_accuracy_value', 'NONE');
#2403 = DIRECTION ( 'NONE',  ( -0.0000000000000000000, -1.000000000000000000, -0.0000000000000000000 ) ) ;
#2404 =( NAMED_UNIT ( * ) PLANE_ANGLE_UNIT ( ) SI_UNIT ( $, .RADIAN. ) );
#2405 = CARTESIAN_POINT ( 'NONE',  ( 35.00000000000000000, 3.500000000000000000, -48.00000000000000000 ) ) ;
#2406 = EDGE_LOOP ( 'NONE', ( #2688, #917, #9401, #9601 ) ) ;
#2407 = CARTESIAN_POINT ( 'NONE',  ( 0.3000000000000042600, 0.0000000000000000000, 0.0000000000000000000 ) ) ;
#2408 = FACE_OUTER_BOUND ( 'NONE', #6049, .T. ) ;
#2409 = CIRCLE ( 'NONE', #146, 0.7999999999999951600 ) ;
#2410 = ADVANCED_FACE ( 'NONE', ( #2719 ), #6921, .F. ) ;
#2411 = LINE ( 'NONE', #7651, #11896 ) ;
#2413 = CARTESIAN_POINT ( 'NONE',  ( 1.767299457939687200, 0.1129433907941508300, -0.1129433907941504400 ) ) ;
#2412 = VECTOR ( 'NONE', #7712, 1000.000000000000000 ) ;
#2414 = SURFACE_STYLE_FILL_AREA ( #2009 ) ;
#2415 = AXIS2_PLACEMENT_3D ( 'NONE', #4096, #5977, #480 ) ;
#2416 = EDGE_LOOP ( 'NONE', ( #4580, #9091, #9004, #7223 ) ) ;
#2417 =( NAMED_UNIT ( * ) PLANE_ANGLE_UNIT ( ) SI_UNIT ( $, .RADIAN. ) );
#2418 = EDGE_CURVE ( 'NONE', #1228, #1732, #8315, .T. ) ;
#2419 = EDGE_CURVE ( 'NONE', #3855, #11930, #1273, .T. ) ;
#2420 = ORIENTED_EDGE ( 'NONE', *, *, #2811, .T. ) ;
#2421 = CYLINDRICAL_SURFACE ( 'NONE', #11134, 1.399999999999998600 ) ;
#2422 = CARTESIAN_POINT ( 'NONE',  ( 34.39999999999999900, 9.722539674441609500, -45.00000000000001400 ) ) ;
#2423 = CARTESIAN_POINT ( 'NONE',  ( 30.86000000000001700, 1.999999999999999600, 39.34999999999998000 ) ) ;
#2424 = CARTESIAN_POINT ( 'NONE',  ( 16.60000000000000500, -0.8100000000000043800, 5.099999999999999600 ) ) ;
#2425 = DIRECTION ( 'NONE',  ( 0.0000000000000000000, 1.000000000000000000, 0.0000000000000000000 ) ) ;
#2426 = ORIENTED_EDGE ( 'NONE', *, *, #3086, .F. ) ;
#2427 = PLANE ( 'NONE',  #5261 ) ;
#2428 = CIRCLE ( 'NONE', #10146, 0.5000000000000004400 ) ;
#2429 = ORIENTED_EDGE ( 'NONE', *, *, #893, .T. ) ;
#2430 = CARTESIAN_POINT ( 'NONE',  ( 13.10000000000000100, -0.9100000000000062500, 5.099999999999999600 ) ) ;
#2431 = CARTESIAN_POINT ( 'NONE',  ( -34.39999999999999900, -0.2999999999999999900, 48.00000000000000000 ) ) ;
#2432 = VERTEX_POINT ( 'NONE', #6960 ) ;
#2433 = PLANE ( 'NONE',  #4246 ) ;
#2434 = FACE_OUTER_BOUND ( 'NONE', #9837, .T. ) ;
#2435 = CARTESIAN_POINT ( 'NONE',  ( -7.399999999999998600, -0.8100000000000011600, 5.100000000000000500 ) ) ;
#2436 = EDGE_CURVE ( 'NONE', #5217, #11585, #10462, .T. ) ;
#2437 = FACE_OUTER_BOUND ( 'NONE', #3710, .T. ) ;
#2438 = STYLED_ITEM ( 'NONE', ( #4424 ), #8539 ) ;
#2439 = DIRECTION ( 'NONE',  ( 0.0000000000000000000, 0.0000000000000000000, -1.000000000000000000 ) ) ;
#2440 = VERTEX_POINT ( 'NONE', #1454 ) ;
#2441 = LINE ( 'NONE', #11856, #2133 ) ;
#2443 = ORIENTED_EDGE ( 'NONE', *, *, #5392, .F. ) ;
#2442 =( GEOMETRIC_REPRESENTATION_CONTEXT ( 3 ) GLOBAL_UNCERTAINTY_ASSIGNED_CONTEXT ( ( #963 ) ) GLOBAL_UNIT_ASSIGNED_CONTEXT ( ( #1998, #8421, #2935 ) ) REPRESENTATION_CONTEXT ( 'NONE', 'WORKASPACE' ) );
#2444 = ORIENTED_EDGE ( 'NONE', *, *, #7178, .F. ) ;
#2445 = DIRECTION ( 'NONE',  ( 0.0000000000000000000, -1.000000000000000000, 0.0000000000000000000 ) ) ;
#2446 = FACE_OUTER_BOUND ( 'NONE', #9647, .T. ) ;
#2447 = CARTESIAN_POINT ( 'NONE',  ( 18.55000000000000400, 1.269999999999992000, 0.0000000000000000000 ) ) ;
#2448 = DIRECTION ( 'NONE',  ( 0.0000000000000000000, 0.0000000000000000000, 1.000000000000000000 ) ) ;
#2449 = AXIS2_PLACEMENT_3D ( 'NONE', #2167, #3106, #9520 ) ;
#2450 = VERTEX_POINT ( 'NONE', #6059 ) ;
#2451 = VECTOR ( 'NONE', #445, 1000.000000000000000 ) ;
#2452 = DIRECTION ( 'NONE',  ( -1.000000000000000000, 1.084202172485505200E-016, 0.0000000000000000000 ) ) ;
#2453 = CARTESIAN_POINT ( 'NONE',  ( -6.349999999999990800, 0.0000000000000000000, 1.000000000000000000 ) ) ;
#2454 = DIRECTION ( 'NONE',  ( 1.000000000000000000, 0.0000000000000000000, -0.0000000000000000000 ) ) ;
#2455 = CARTESIAN_POINT ( 'NONE',  ( 34.39999999999998400, 2.899999999999999900, -48.00000000000000000 ) ) ;
#2456 = CARTESIAN_POINT ( 'NONE',  ( -35.00000000000000000, 3.500000000000000000, -50.00000000000000000 ) ) ;
#2457 = ADVANCED_FACE ( 'NONE', ( #5857 ), #697, .F. ) ;
#2458 = FACE_OUTER_BOUND ( 'NONE', #2056, .T. ) ;
#2459 = ORIENTED_EDGE ( 'NONE', *, *, #817, .F. ) ;
#2460 =( GEOMETRIC_REPRESENTATION_CONTEXT ( 3 ) GLOBAL_UNCERTAINTY_ASSIGNED_CONTEXT ( ( #6759 ) ) GLOBAL_UNIT_ASSIGNED_CONTEXT ( ( #7837, #2313, #8739 ) ) REPRESENTATION_CONTEXT ( 'NONE', 'WORKASPACE' ) );
#2461 = ORIENTED_EDGE ( 'NONE', *, *, #8960, .T. ) ;
#2462 = CARTESIAN_POINT ( 'NONE',  ( -8.699999999999999300, -4.815124837953328000, 5.099999999999999600 ) ) ;
#2463 = DIRECTION ( 'NONE',  ( 0.0000000000000000000, 0.0000000000000000000, -1.000000000000000000 ) ) ;
#2464 = CARTESIAN_POINT ( 'NONE',  ( 16.60000000000000500, -2.010000000000008200, 5.099999999999999600 ) ) ;
#2465 = CARTESIAN_POINT ( 'NONE',  ( 2.700000000000002800, -0.8100000000000041600, 5.099999999999999600 ) ) ;
#2466 = CARTESIAN_POINT ( 'NONE',  ( -13.34000000000000200, -0.8100000000000011600, 5.099999999999999600 ) ) ;
#2467 = VECTOR ( 'NONE', #3884, 1000.000000000000000 ) ;
#2468 =( GEOMETRIC_REPRESENTATION_CONTEXT ( 3 ) GLOBAL_UNCERTAINTY_ASSIGNED_CONTEXT ( ( #3815 ) ) GLOBAL_UNIT_ASSIGNED_CONTEXT ( ( #8969, #3482, #9890 ) ) REPRESENTATION_CONTEXT ( 'NONE', 'WORKASPACE' ) );
#2469 = EDGE_CURVE ( 'NONE', #7670, #4699, #1005, .T. ) ;
#2470 = DIRECTION ( 'NONE',  ( 0.0000000000000000000, 0.0000000000000000000, -1.000000000000000000 ) ) ;
#2471 = EDGE_CURVE ( 'NONE', #4062, #1774, #10765, .T. ) ;
#2472 = CARTESIAN_POINT ( 'NONE',  ( -2.899999999999997700, -1.950000000000001300, -20.72142852218446800 ) ) ;
#2473 = CARTESIAN_POINT ( 'NONE',  ( -32.20000000000000300, 2.900000000000000400, -47.20000000000000300 ) ) ;
#2474 = ORIENTED_EDGE ( 'NONE', *, *, #10766, .F. ) ;
#2475 = ADVANCED_FACE ( 'NONE', ( #10180 ), #4981, .F. ) ;
#2476 = DIRECTION ( 'NONE',  ( 0.0000000000000000000, -1.000000000000000000, 0.0000000000000000000 ) ) ;
#2477 = DIRECTION ( 'NONE',  ( 1.392979236598078800E-016, -1.000000000000000000, 0.0000000000000000000 ) ) ;
#2478 = DIRECTION ( 'NONE',  ( 1.000000000000000000, -2.409338161078899700E-016, 0.0000000000000000000 ) ) ;
#2479 = SURFACE_STYLE_USAGE ( .BOTH. , #8006 ) ;
#2480 = ORIENTED_EDGE ( 'NONE', *, *, #10820, .T. ) ;
#2481 = EDGE_LOOP ( 'NONE', ( #10260, #7809, #7707, #5915 ) ) ;
#2482 = DIRECTION ( 'NONE',  ( -1.000000000000000000, 0.0000000000000000000, 0.0000000000000000000 ) ) ;
#2483 = VECTOR ( 'NONE', #1858, 1000.000000000000000 ) ;
#2484 = CARTESIAN_POINT ( 'NONE',  ( 11.79999999999999900, -5.401102314577126900, 5.099999999999999600 ) ) ;
#2485 = ORIENTED_EDGE ( 'NONE', *, *, #1541, .T. ) ;
#2486 =( GEOMETRIC_REPRESENTATION_CONTEXT ( 3 ) GLOBAL_UNCERTAINTY_ASSIGNED_CONTEXT ( ( #3608 ) ) GLOBAL_UNIT_ASSIGNED_CONTEXT ( ( #2110, #8522, #3045 ) ) REPRESENTATION_CONTEXT ( 'NONE', 'WORKASPACE' ) );
#2487 = CARTESIAN_POINT ( 'NONE',  ( 20.55000000000000100, 1.269999999999991800, 5.099999999999999600 ) ) ;
#2488 = ORIENTED_EDGE ( 'NONE', *, *, #2981, .T. ) ;
#2489 = ORIENTED_EDGE ( 'NONE', *, *, #1362, .F. ) ;
#2490 = SURFACE_SIDE_STYLE ('',( #6852 ) ) ;
#2491 = MECHANICAL_DESIGN_GEOMETRIC_PRESENTATION_REPRESENTATION (  '', ( #1258 ), #3099 ) ;
#2492 = ORIENTED_EDGE ( 'NONE', *, *, #8690, .F. ) ;
#2493 = ADVANCED_BREP_SHAPE_REPRESENTATION ( '', ( #6240, #11927 ), #3077 ) ;
#2494 = EDGE_CURVE ( 'NONE', #3050, #6073, #9886, .T. ) ;
#2495 = FILL_AREA_STYLE_COLOUR ( '', #9884 ) ;
#2496 = CARTESIAN_POINT ( 'NONE',  ( 16.60000000000000500, -2.010000000000008200, 5.099999999999999600 ) ) ;
#2497 = VECTOR ( 'NONE', #6720, 1000.000000000000000 ) ;
#2498 = ORIENTED_EDGE ( 'NONE', *, *, #8957, .F. ) ;
#2499 = DIRECTION ( 'NONE',  ( -0.0000000000000000000, -0.0000000000000000000, 1.000000000000000000 ) ) ;
#2500 = ORIENTED_EDGE ( 'NONE', *, *, #3486, .F. ) ;
#2501 = ORIENTED_EDGE ( 'NONE', *, *, #4637, .T. ) ;
#2502 = CYLINDRICAL_SURFACE ( 'NONE', #9185, 1.899999999999999200 ) ;
#2503 = VECTOR ( 'NONE', #7219, 1000.000000000000000 ) ;
#2504 = DIRECTION ( 'NONE',  ( -0.0000000000000000000, 1.000000000000000000, -0.0000000000000000000 ) ) ;
#2505 = DIRECTION ( 'NONE',  ( -0.0000000000000000000, 0.0000000000000000000, 1.000000000000000000 ) ) ;
#2506 =( LENGTH_UNIT ( ) NAMED_UNIT ( * ) SI_UNIT ( .MILLI., .METRE. ) );
#2507 = EDGE_CURVE ( 'NONE', #2741, #3064, #5292, .T. ) ;
#2508 = DIRECTION ( 'NONE',  ( -0.0000000000000000000, -0.0000000000000000000, -1.000000000000000000 ) ) ;
#2509 = VERTEX_POINT ( 'NONE', #9799 ) ;
#2510 =( GEOMETRIC_REPRESENTATION_CONTEXT ( 3 ) GLOBAL_UNCERTAINTY_ASSIGNED_CONTEXT ( ( #3944 ) ) GLOBAL_UNIT_ASSIGNED_CONTEXT ( ( #9972, #4487, #10919 ) ) REPRESENTATION_CONTEXT ( 'NONE', 'WORKASPACE' ) );
#2511 = DIRECTION ( 'NONE',  ( -1.000000000000000000, -4.130293990421005200E-015, 0.0000000000000000000 ) ) ;
#2512 = ORIENTED_EDGE ( 'NONE', *, *, #9098, .T. ) ;
#2513 = CARTESIAN_POINT ( 'NONE',  ( 16.60000000000000500, 0.2899999999999967600, 0.0000000000000000000 ) ) ;
#2514 = ORIENTED_EDGE ( 'NONE', *, *, #5322, .T. ) ;
#2515 = PLANE ( 'NONE',  #32 ) ;
#2516 = VECTOR ( 'NONE', #7284, 1000.000000000000000 ) ;
#2517 = FILL_AREA_STYLE ('',( #7097 ) ) ;
#2518 = DIRECTION ( 'NONE',  ( -8.659560562354979700E-017, 0.7071067811865439100, 0.7071067811865512400 ) ) ;
#2519 = VECTOR ( 'NONE', #3807, 1000.000000000000000 ) ;
#2520 = ADVANCED_FACE ( 'NONE', ( #2567 ), #3394, .F. ) ;
#2521 = DIRECTION ( 'NONE',  ( 1.392979236598078500E-016, 1.000000000000000000, -0.0000000000000000000 ) ) ;
#2522 = FACE_BOUND ( 'NONE', #10103, .T. ) ;
#2523 = ORIENTED_EDGE ( 'NONE', *, *, #11337, .T. ) ;
#2524 = EDGE_CURVE ( 'NONE', #8244, #2039, #1706, .T. ) ;
#2525 = DIRECTION ( 'NONE',  ( -0.0000000000000000000, -1.000000000000000000, -0.0000000000000000000 ) ) ;
#2526 = ORIENTED_EDGE ( 'NONE', *, *, #10421, .F. ) ;
#2527 = LINE ( 'NONE', #8610, #62 ) ;
#2528 = FACE_OUTER_BOUND ( 'NONE', #9909, .T. ) ;
#2529 = CARTESIAN_POINT ( 'NONE',  ( 1.299999999999999800, -0.9100000000000039200, -1.538828968349184100E-031 ) ) ;
#2530 = LINE ( 'NONE', #11598, #9853 ) ;
#2531 = DIRECTION ( 'NONE',  ( -2.409338161078899700E-016, 4.018784105375343200E-033, 1.000000000000000000 ) ) ;
#2532 =( NAMED_UNIT ( * ) SI_UNIT ( $, .STERADIAN. ) SOLID_ANGLE_UNIT ( ) );
#2533 = ADVANCED_FACE ( 'NONE', ( #11181 ), #2988, .F. ) ;
#2534 = ORIENTED_EDGE ( 'NONE', *, *, #7098, .F. ) ;
#2535 =( LENGTH_UNIT ( ) NAMED_UNIT ( * ) SI_UNIT ( .MILLI., .METRE. ) );
#2536 = PRESENTATION_LAYER_ASSIGNMENT (  '', '', ( #1304 ) ) ;
#2537 = FACE_OUTER_BOUND ( 'NONE', #3522, .T. ) ;
#2538 = SURFACE_STYLE_USAGE ( .BOTH. , #8065 ) ;
#2539 = STYLED_ITEM ( 'NONE', ( #2608 ), #4264 ) ;
#2540 = VERTEX_POINT ( 'NONE', #11734 ) ;
#2541 = FACE_OUTER_BOUND ( 'NONE', #2930, .T. ) ;
#2542 = EDGE_CURVE ( 'NONE', #9382, #7625, #7885, .T. ) ;
#2543 = LINE ( 'NONE', #5220, #9868 ) ;
#2544 = PRESENTATION_STYLE_ASSIGNMENT (( #6956 ) ) ;
#2545 = LINE ( 'NONE', #6995, #9297 ) ;
#2546 = DIRECTION ( 'NONE',  ( 0.8541717779369629700, -0.5199909362440924300, 0.0000000000000000000 ) ) ;
#2547 = DIRECTION ( 'NONE',  ( -2.646366421711166800E-047, -1.899788849813798600E-031, 1.000000000000000000 ) ) ;
#2548 = ORIENTED_EDGE ( 'NONE', *, *, #10706, .F. ) ;
#2549 = SURFACE_STYLE_USAGE ( .BOTH. , #8069 ) ;
#2550 = CARTESIAN_POINT ( 'NONE',  ( 18.55000000000000400, 0.6699999999999920500, 0.0000000000000000000 ) ) ;
#2551 = FILL_AREA_STYLE ('',( #11705 ) ) ;
#2552 = DIRECTION ( 'NONE',  ( 0.0000000000000000000, 0.0000000000000000000, 1.000000000000000000 ) ) ;
#2553 = LINE ( 'NONE', #7772, #84 ) ;
#2554 = ORIENTED_EDGE ( 'NONE', *, *, #4884, .T. ) ;
#2555 = LINE ( 'NONE', #2558, #7157 ) ;
#2556 = FACE_OUTER_BOUND ( 'NONE', #11694, .T. ) ;
#2557 = LINE ( 'NONE', #2118, #7161 ) ;
#2558 = CARTESIAN_POINT ( 'NONE',  ( 14.39999999999999900, -0.8100000000000042700, 1.300000000000002500 ) ) ;
#2560 = EDGE_CURVE ( 'NONE', #1837, #7869, #5436, .T. ) ;
#2559 = ORIENTED_EDGE ( 'NONE', *, *, #3759, .T. ) ;
#2561 = MECHANICAL_DESIGN_GEOMETRIC_PRESENTATION_REPRESENTATION (  '', ( #1325 ), #3165 ) ;
#2562 = ORIENTED_EDGE ( 'NONE', *, *, #551, .F. ) ;
#2563 = DIRECTION ( 'NONE',  ( 0.0000000000000000000, 0.0000000000000000000, 1.000000000000000000 ) ) ;
#2564 = UNCERTAINTY_MEASURE_WITH_UNIT (LENGTH_MEASURE( 1.000000000000000100E-005 ), #5946, 'distance_accuracy_value', 'NONE');
#2565 = EDGE_CURVE ( 'NONE', #2450, #7216, #10019, .T. ) ;
#2566 = VERTEX_POINT ( 'NONE', #9921 ) ;
#2567 = FACE_OUTER_BOUND ( 'NONE', #9013, .T. ) ;
#2568 = SURFACE_STYLE_USAGE ( .BOTH. , #8085 ) ;
#2569 = VECTOR ( 'NONE', #5616, 1000.000000000000000 ) ;
#2570 = VERTEX_POINT ( 'NONE', #10855 ) ;
#2571 = VECTOR ( 'NONE', #5475, 1000.000000000000000 ) ;
#2572 = ORIENTED_EDGE ( 'NONE', *, *, #3919, .T. ) ;
#2573 =( NAMED_UNIT ( * ) PLANE_ANGLE_UNIT ( ) SI_UNIT ( $, .RADIAN. ) );
#2574 = CARTESIAN_POINT ( 'NONE',  ( 32.20000000000000300, -2.100000000000000100, 47.20000000000000300 ) ) ;
#2575 = ORIENTED_EDGE ( 'NONE', *, *, #7484, .F. ) ;
#2576 = CARTESIAN_POINT ( 'NONE',  ( 0.0000000000000000000, 1.069999999999999800, 0.2649999999999998500 ) ) ;
#2577 = PRESENTATION_STYLE_ASSIGNMENT (( #3564 ) ) ;
#2578 = VECTOR ( 'NONE', #4186, 1000.000000000000000 ) ;
#2579 = EDGE_LOOP ( 'NONE', ( #2007, #3341, #1939, #3037 ) ) ;
#2580 = CONICAL_SURFACE ( 'NONE', #4944, 0.7999999999999951600, 1.029744258676651000 ) ;
#2581 = ORIENTED_EDGE ( 'NONE', *, *, #6103, .F. ) ;
#2582 = EDGE_CURVE ( 'NONE', #8940, #5945, #2706, .T. ) ;
#2583 = PRESENTATION_LAYER_ASSIGNMENT (  '', '', ( #1950 ) ) ;
#2584 = EDGE_LOOP ( 'NONE', ( #5098, #11835, #7246, #2559 ) ) ;
#2585 = FACE_OUTER_BOUND ( 'NONE', #4677, .T. ) ;
#2586 = EDGE_CURVE ( 'NONE', #9259, #169, #7574, .T. ) ;
#2587 = ADVANCED_FACE ( 'NONE', ( #2408 ), #1697, .F. ) ;
#2588 = EDGE_CURVE ( 'NONE', #9118, #4980, #239, .T. ) ;
#2589 = ORIENTED_EDGE ( 'NONE', *, *, #9854, .F. ) ;
#2590 = SURFACE_STYLE_USAGE ( .BOTH. , #8105 ) ;
#2591 = DIRECTION ( 'NONE',  ( -1.000000000000000000, 0.0000000000000000000, 0.0000000000000000000 ) ) ;
#2592 = PLANE ( 'NONE',  #8604 ) ;
#2593 = DIRECTION ( 'NONE',  ( -1.000000000000000000, -1.084202172485505200E-016, 0.0000000000000000000 ) ) ;
#2594 = CARTESIAN_POINT ( 'NONE',  ( 20.55000000000000100, -2.010000000000008200, 5.099999999999999600 ) ) ;
#2595 = VECTOR ( 'NONE', #7449, 1000.000000000000000 ) ;
#2596 =( NAMED_UNIT ( * ) PLANE_ANGLE_UNIT ( ) SI_UNIT ( $, .RADIAN. ) );
#2597 = ORIENTED_EDGE ( 'NONE', *, *, #9351, .F. ) ;
#2598 = FACE_OUTER_BOUND ( 'NONE', #6106, .T. ) ;
#2599 = ORIENTED_EDGE ( 'NONE', *, *, #10495, .F. ) ;
#2600 = COLOUR_RGB ( '',0.9686274509803921600, 0.8784313725490196000, 0.5999999999999999800 ) ;
#2601 = CARTESIAN_POINT ( 'NONE',  ( -15.94999999999999200, -1.100000000000002100, -43.20000000000000300 ) ) ;
#2602 = DIRECTION ( 'NONE',  ( 0.0000000000000000000, 1.000000000000000000, 0.0000000000000000000 ) ) ;
#2603 = ADVANCED_FACE ( 'NONE', ( #9738 ), #11810, .F. ) ;
#2604 = DIRECTION ( 'NONE',  ( -1.000000000000000000, 1.668003342285391100E-017, -1.141265444721583500E-016 ) ) ;
#2605 = EDGE_CURVE ( 'NONE', #8658, #87, #8567, .T. ) ;
#2606 = STYLED_ITEM ( 'NONE', ( #11871 ), #8916 ) ;
#2607 = DIRECTION ( 'NONE',  ( 1.000000000000000000, 0.0000000000000000000, 2.409338161078899700E-016 ) ) ;
#2608 = PRESENTATION_STYLE_ASSIGNMENT (( #11469 ) ) ;
#2609 = VECTOR ( 'NONE', #1078, 1000.000000000000000 ) ;
#2610 = CARTESIAN_POINT ( 'NONE',  ( -32.99999999999998600, -3.000000000000000400, 49.50000000000000000 ) ) ;
#2611 = ORIENTED_EDGE ( 'NONE', *, *, #6389, .F. ) ;
#2612 = ORIENTED_EDGE ( 'NONE', *, *, #3436, .F. ) ;
#2613 = CARTESIAN_POINT ( 'NONE',  ( -30.86000000000000700, 0.5000000000000000000, -34.75000000000000700 ) ) ;
#2614 = DIRECTION ( 'NONE',  ( 0.0000000000000000000, 0.0000000000000000000, -1.000000000000000000 ) ) ;
#2615 = CARTESIAN_POINT ( 'NONE',  ( 16.60000000000000500, -0.8100000000000043800, 5.099999999999999600 ) ) ;
#2616 = MECHANICAL_DESIGN_GEOMETRIC_PRESENTATION_REPRESENTATION (  '', ( #1379 ), #3233 ) ;
#2617 = CARTESIAN_POINT ( 'NONE',  ( 15.29999999999999700, -4.815124837953332500, 5.099999999999999600 ) ) ;
#2618 = SURFACE_SIDE_STYLE ('',( #7185 ) ) ;
#2619 = VECTOR ( 'NONE', #9761, 1000.000000000000000 ) ;
#2620 = ORIENTED_EDGE ( 'NONE', *, *, #320, .F. ) ;
#2621 = VERTEX_POINT ( 'NONE', #10895 ) ;
#2622 = DIRECTION ( 'NONE',  ( -0.0000000000000000000, 0.0000000000000000000, -1.000000000000000000 ) ) ;
#2623 = VERTEX_POINT ( 'NONE', #6347 ) ;
#2624 = PRODUCT_DEFINITION_SHAPE ( 'NONE', 'NONE',  #9001 ) ;
#2625 = PRODUCT_DEFINITION_FORMATION_WITH_SPECIFIED_SOURCE ( 'ANY', '', #11660, .NOT_KNOWN. ) ;
#2626 = ORIENTED_EDGE ( 'NONE', *, *, #1969, .T. ) ;
#2627 = PLANE ( 'NONE',  #6841 ) ;
#2628 =( LENGTH_UNIT ( ) NAMED_UNIT ( * ) SI_UNIT ( .MILLI., .METRE. ) );
#2629 =( NAMED_UNIT ( * ) SI_UNIT ( $, .STERADIAN. ) SOLID_ANGLE_UNIT ( ) );
#2630 = DIRECTION ( 'NONE',  ( -0.0000000000000000000, 1.000000000000000000, -0.0000000000000000000 ) ) ;
#2631 = DIRECTION ( 'NONE',  ( 1.668003342285391100E-017, 1.000000000000000000, -0.0000000000000000000 ) ) ;
#2632 =( GEOMETRIC_REPRESENTATION_CONTEXT ( 3 ) GLOBAL_UNCERTAINTY_ASSIGNED_CONTEXT ( ( #2931 ) ) GLOBAL_UNIT_ASSIGNED_CONTEXT ( ( #11629, #6121, #634 ) ) REPRESENTATION_CONTEXT ( 'NONE', 'WORKASPACE' ) );
#2633 = EDGE_LOOP ( 'NONE', ( #11697, #8360, #3867, #154 ) ) ;
#2634 = EDGE_CURVE ( 'NONE', #3140, #11218, #6140, .T. ) ;
#2635 = ORIENTED_EDGE ( 'NONE', *, *, #6742, .F. ) ;
#2636 = UNCERTAINTY_MEASURE_WITH_UNIT (LENGTH_MEASURE( 1.000000000000000100E-005 ), #6630, 'distance_accuracy_value', 'NONE');
#2637 = AXIS2_PLACEMENT_3D ( 'NONE', #7611, #10389, #4879 ) ;
#2638 = EDGE_LOOP ( 'NONE', ( #1017, #9798, #2680, #9385 ) ) ;
#2639 =( NAMED_UNIT ( * ) PLANE_ANGLE_UNIT ( ) SI_UNIT ( $, .RADIAN. ) );
#2640 = FILL_AREA_STYLE ('',( #4365 ) ) ;
#2641 = FACE_OUTER_BOUND ( 'NONE', #2004, .T. ) ;
#2642 = ORIENTED_EDGE ( 'NONE', *, *, #4191, .T. ) ;
#2643 = DIRECTION ( 'NONE',  ( 0.0000000000000000000, 1.000000000000000000, 0.0000000000000000000 ) ) ;
#2644 = ORIENTED_EDGE ( 'NONE', *, *, #1126, .T. ) ;
#2645 = ADVANCED_FACE ( 'NONE', ( #10755 ), #866, .F. ) ;
#2646 = DIRECTION ( 'NONE',  ( -0.0000000000000000000, -1.000000000000000000, -0.0000000000000000000 ) ) ;
#2647 = CARTESIAN_POINT ( 'NONE',  ( 7.500000000000001800, -0.9100000000000045800, 5.099999999999999600 ) ) ;
#2648 = VERTEX_POINT ( 'NONE', #4539 ) ;
#2649 = CARTESIAN_POINT ( 'NONE',  ( 33.00000000000001400, -3.500000000000000000, 49.50000000000000000 ) ) ;
#2650 = LINE ( 'NONE', #1874, #181 ) ;
#2651 =( GEOMETRIC_REPRESENTATION_CONTEXT ( 3 ) GLOBAL_UNCERTAINTY_ASSIGNED_CONTEXT ( ( #6989 ) ) GLOBAL_UNIT_ASSIGNED_CONTEXT ( ( #8471, #2985, #9400 ) ) REPRESENTATION_CONTEXT ( 'NONE', 'WORKASPACE' ) );
#2652 = EDGE_LOOP ( 'NONE', ( #11509, #10410 ) ) ;
#2653 = CARTESIAN_POINT ( 'NONE',  ( -15.03999999999999900, -0.9100000000000011400, 5.100000000000000500 ) ) ;
#2654 = DIRECTION ( 'NONE',  ( 1.387778780781445900E-016, 0.0000000000000000000, 1.000000000000000000 ) ) ;
#2655 =( GEOMETRIC_REPRESENTATION_CONTEXT ( 3 ) GLOBAL_UNCERTAINTY_ASSIGNED_CONTEXT ( ( #7550 ) ) GLOBAL_UNIT_ASSIGNED_CONTEXT ( ( #11913, #6410, #932 ) ) REPRESENTATION_CONTEXT ( 'NONE', 'WORKASPACE' ) );
#2656 = EDGE_CURVE ( 'NONE', #9846, #5534, #3711, .T. ) ;
#2657 = EDGE_CURVE ( 'NONE', #11405, #11375, #8302, .T. ) ;
#2658 = CARTESIAN_POINT ( 'NONE',  ( -29.50000000000000400, -2.900000000000000400, 49.39999999999999900 ) ) ;
#2659 = EDGE_LOOP ( 'NONE', ( #3245, #8319, #5497, #5443 ) ) ;
#2660 = ADVANCED_FACE ( 'NONE', ( #3980 ), #8036, .T. ) ;
#2661 = LINE ( 'NONE', #9551, #4792 ) ;
#2662 = SURFACE_STYLE_USAGE ( .BOTH. , #8174 ) ;
#2663 = CARTESIAN_POINT ( 'NONE',  ( -32.20000000000000300, 3.549999999999993200, 47.20000000000000300 ) ) ;
#2664 = DIRECTION ( 'NONE',  ( 1.668003342285391100E-017, 1.000000000000000000, -0.0000000000000000000 ) ) ;
#2665 = ORIENTED_EDGE ( 'NONE', *, *, #8188, .T. ) ;
#2666 = ORIENTED_EDGE ( 'NONE', *, *, #7939, .F. ) ;
#2667 = ORIENTED_EDGE ( 'NONE', *, *, #1238, .T. ) ;
#2668 = LINE ( 'NONE', #5522, #7260 ) ;
#2669 = CARTESIAN_POINT ( 'NONE',  ( 1.400000000000002100, -0.9100000000000030300, 5.099999999999999600 ) ) ;
#2670 = FILL_AREA_STYLE ('',( #7243 ) ) ;
#2671 = CARTESIAN_POINT ( 'NONE',  ( 33.00000000000000000, 3.500000000000000000, -50.00000000000000000 ) ) ;
#2672 = DIRECTION ( 'NONE',  ( 0.0000000000000000000, 0.0000000000000000000, 1.000000000000000000 ) ) ;
#2673 = EDGE_CURVE ( 'NONE', #7137, #1574, #992, .T. ) ;
#2674 = AXIS2_PLACEMENT_3D ( 'NONE', #4767, #11200, #5688 ) ;
#2675 = VECTOR ( 'NONE', #7996, 1000.000000000000000 ) ;
#2676 = LINE ( 'NONE', #2653, #205 ) ;
#2677 = MECHANICAL_DESIGN_GEOMETRIC_PRESENTATION_REPRESENTATION (  '', ( #1439 ), #3295 ) ;
#2678 = PLANE ( 'NONE',  #6183 ) ;
#2679 = FACE_OUTER_BOUND ( 'NONE', #11819, .T. ) ;
#2680 = ORIENTED_EDGE ( 'NONE', *, *, #6848, .T. ) ;
#2681 = SURFACE_STYLE_USAGE ( .BOTH. , #8194 ) ;
#2682 = COLOUR_RGB ( '',0.9686274509803921600, 0.8784313725490196000, 0.5999999999999999800 ) ;
#2683 = AXIS2_PLACEMENT_3D ( 'NONE', #1944, #6532, #2884 ) ;
#2684 = VECTOR ( 'NONE', #3091, 1000.000000000000000 ) ;
#2685 = CARTESIAN_POINT ( 'NONE',  ( -8.699999999999999300, -0.9100000000000010300, 5.099999999999999600 ) ) ;
#2686 = VECTOR ( 'NONE', #11892, 1000.000000000000000 ) ;
#2687 = PLANE ( 'NONE',  #3620 ) ;
#2688 = ORIENTED_EDGE ( 'NONE', *, *, #663, .F. ) ;
#2689 = PLANE ( 'NONE',  #6097 ) ;
#2690 = DIRECTION ( 'NONE',  ( -1.000000000000000000, 2.409338161078890300E-016, -0.0000000000000000000 ) ) ;
#2691 = CARTESIAN_POINT ( 'NONE',  ( -32.20000000000000300, 2.150000000000010600, 47.20000000000000300 ) ) ;
#2692 = CARTESIAN_POINT ( 'NONE',  ( 32.00000000000000000, 9.722539674441609500, 47.00000000000001400 ) ) ;
#2693 = VERTEX_POINT ( 'NONE', #2778 ) ;
#2694 = LINE ( 'NONE', #6447, #2397 ) ;
#2695 = CARTESIAN_POINT ( 'NONE',  ( -22.80000000000000100, -0.4500000000000076700, 0.0000000000000000000 ) ) ;
#2696 = AXIS2_PLACEMENT_3D ( 'NONE', #3054, #9471, #3970 ) ;
#2697 =( NAMED_UNIT ( * ) PLANE_ANGLE_UNIT ( ) SI_UNIT ( $, .RADIAN. ) );
#2698 = SHAPE_REPRESENTATION_RELATIONSHIP ( 'NONE' , 'NONE' ,  #11394, #8034 ) ;
#2699 = VECTOR ( 'NONE', #6546, 1000.000000000000000 ) ;
#2700 = ORIENTED_EDGE ( 'NONE', *, *, #3256, .T. ) ;
#2701 = PLANE ( 'NONE',  #6913 ) ;
#2702 = PRESENTATION_STYLE_ASSIGNMENT (( #2743 ) ) ;
#2703 = EDGE_CURVE ( 'NONE', #7591, #4899, #3430, .T. ) ;
#2704 = EDGE_CURVE ( 'NONE', #5664, #11531, #5570, .T. ) ;
#2705 = VERTEX_POINT ( 'NONE', #20 ) ;
#2706 = LINE ( 'NONE', #4426, #852 ) ;
#2707 = FACE_OUTER_BOUND ( 'NONE', #6131, .T. ) ;
#2708 = CARTESIAN_POINT ( 'NONE',  ( 30.86000000000001700, -2.900000000000000400, 40.59999999999998000 ) ) ;
#2709 = VECTOR ( 'NONE', #8562, 1000.000000000000000 ) ;
#2710 = CARTESIAN_POINT ( 'NONE',  ( 34.39999999999998400, 2.899999999999999900, -33.50000000000000000 ) ) ;
#2711 = CARTESIAN_POINT ( 'NONE',  ( -32.20000000000001700, 0.2999999999999999900, -49.35000000000001600 ) ) ;
#2712 = LINE ( 'NONE', #3981, #7300 ) ;
#2713 = FILL_AREA_STYLE ('',( #6355 ) ) ;
#2714 = ORIENTED_EDGE ( 'NONE', *, *, #2150, .T. ) ;
#2715 = PRESENTATION_STYLE_ASSIGNMENT (( #11527 ) ) ;
#2716 = UNCERTAINTY_MEASURE_WITH_UNIT (LENGTH_MEASURE( 1.000000000000000100E-005 ), #856, 'distance_accuracy_value', 'NONE');
#2717 = ADVANCED_FACE ( 'NONE', ( #10162 ), #4422, .F. ) ;
#2718 = ORIENTED_EDGE ( 'NONE', *, *, #6683, .T. ) ;
#2719 = FACE_OUTER_BOUND ( 'NONE', #10449, .T. ) ;
#2720 = PRESENTATION_STYLE_ASSIGNMENT (( #8144 ) ) ;
#2721 = CARTESIAN_POINT ( 'NONE',  ( -32.00000000000000000, 2.899999999999999900, 47.00000000000001400 ) ) ;
#2722 = CYLINDRICAL_SURFACE ( 'NONE', #4117, 2.000000000000001800 ) ;
#2723 = EDGE_CURVE ( 'NONE', #2566, #4799, #6859, .T. ) ;
#2724 = ORIENTED_EDGE ( 'NONE', *, *, #8032, .F. ) ;
#2725 = ORIENTED_EDGE ( 'NONE', *, *, #7290, .F. ) ;
#2726 = VECTOR ( 'NONE', #5227, 1000.000000000000000 ) ;
#2727 = EDGE_LOOP ( 'NONE', ( #6571, #7446, #5066, #10774, #10369, #11722 ) ) ;
#2728 = FILL_AREA_STYLE ('',( #8889 ) ) ;
#2729 =( NAMED_UNIT ( * ) PLANE_ANGLE_UNIT ( ) SI_UNIT ( $, .RADIAN. ) );
#2730 = AXIS2_PLACEMENT_3D ( 'NONE', #2341, #8760, #3284 ) ;
#2731 = EDGE_CURVE ( 'NONE', #7216, #10028, #9303, .T. ) ;
#2732 = DIRECTION ( 'NONE',  ( 0.0000000000000000000, 0.0000000000000000000, -1.000000000000000000 ) ) ;
#2733 = ORIENTED_EDGE ( 'NONE', *, *, #2796, .F. ) ;
#2734 = VECTOR ( 'NONE', #498, 1000.000000000000100 ) ;
#2735 = CIRCLE ( 'NONE', #11548, 1.899999999999999700 ) ;
#2736 = CARTESIAN_POINT ( 'NONE',  ( 9.200000000000001100, -0.9100000000000080200, 0.7000000000000001800 ) ) ;
#2737 = ORIENTED_EDGE ( 'NONE', *, *, #3417, .T. ) ;
#2738 = LINE ( 'NONE', #6318, #7600 ) ;
#2739 = DIRECTION ( 'NONE',  ( 0.0000000000000000000, 0.0000000000000000000, -1.000000000000000000 ) ) ;
#2740 = VERTEX_POINT ( 'NONE', #10205 ) ;
#2741 = VERTEX_POINT ( 'NONE', #60 ) ;
#2742 = LINE ( 'NONE', #4092, #4871 ) ;
#2743 = SURFACE_STYLE_USAGE ( .BOTH. , #8237 ) ;
#2744 =( NAMED_UNIT ( * ) PLANE_ANGLE_UNIT ( ) SI_UNIT ( $, .RADIAN. ) );
#2745 = DIRECTION ( 'NONE',  ( 1.000000000000000000, 0.0000000000000000000, 0.0000000000000000000 ) ) ;
#2746 = PRODUCT_CONTEXT ( 'NONE', #1813, 'mechanical' ) ;
#2747 = EDGE_CURVE ( 'NONE', #5882, #1228, #6572, .T. ) ;
#2748 = STYLED_ITEM ( 'NONE', ( #11236 ), #7706 ) ;
#2749 =( NAMED_UNIT ( * ) PLANE_ANGLE_UNIT ( ) SI_UNIT ( $, .RADIAN. ) );
#2750 = LINE ( 'NONE', #4933, #5171 ) ;
#2751 = AXIS2_PLACEMENT_3D ( 'NONE', #4159, #5996, #11511 ) ;
#2752 = DIRECTION ( 'NONE',  ( 0.0000000000000000000, 0.0000000000000000000, 1.000000000000000000 ) ) ;
#2753 =( GEOMETRIC_REPRESENTATION_CONTEXT ( 3 ) GLOBAL_UNCERTAINTY_ASSIGNED_CONTEXT ( ( #8645 ) ) GLOBAL_UNIT_ASSIGNED_CONTEXT ( ( #4239, #10674, #5159 ) ) REPRESENTATION_CONTEXT ( 'NONE', 'WORKASPACE' ) );
#2754 = DIRECTION ( 'NONE',  ( -0.0000000000000000000, -0.0000000000000000000, -1.000000000000000000 ) ) ;
#2755 = LINE ( 'NONE', #5488, #7621 ) ;
#2756 = DIRECTION ( 'NONE',  ( 1.000000000000000000, 0.0000000000000000000, 0.0000000000000000000 ) ) ;
#2757 = ORIENTED_EDGE ( 'NONE', *, *, #5738, .T. ) ;
#2758 = EDGE_CURVE ( 'NONE', #6895, #257, #11751, .T. ) ;
#2759 = VERTEX_POINT ( 'NONE', #7469 ) ;
#2760 = CARTESIAN_POINT ( 'NONE',  ( -20.55000000000000100, 0.6699999999999918200, 5.099999999999999600 ) ) ;
#2761 = LINE ( 'NONE', #11231, #2467 ) ;
#2762 = CARTESIAN_POINT ( 'NONE',  ( -34.39999999999999900, -2.900000000000000400, -50.00000000000000000 ) ) ;
#2763 = DIRECTION ( 'NONE',  ( 1.000000000000000000, -2.409338161078899700E-016, 0.0000000000000000000 ) ) ;
#2764 = FACE_OUTER_BOUND ( 'NONE', #10345, .T. ) ;
#2765 = CARTESIAN_POINT ( 'NONE',  ( 1.400000000000002100, -0.8100000000000040500, 0.7000000000000009500 ) ) ;
#2766 = VERTEX_POINT ( 'NONE', #8385 ) ;
#2767 = DIRECTION ( 'NONE',  ( -0.0000000000000000000, 1.000000000000000000, -0.0000000000000000000 ) ) ;
#2768 = CARTESIAN_POINT ( 'NONE',  ( 0.1000000000000022500, -0.9100000000000028100, 0.7000000000000008400 ) ) ;
#2769 = VERTEX_POINT ( 'NONE', #2896 ) ;
#2770 = CARTESIAN_POINT ( 'NONE',  ( -34.39999999999998400, 2.899999999999999900, -38.50000000000000700 ) ) ;
#2771 = ORIENTED_EDGE ( 'NONE', *, *, #2582, .F. ) ;
#2772 = AXIS2_PLACEMENT_3D ( 'NONE', #5645, #1120, #11082 ) ;
#2773 = CARTESIAN_POINT ( 'NONE',  ( 30.86000000000001700, 10.74102034176674400, 43.09999999999998700 ) ) ;
#2774 = CARTESIAN_POINT ( 'NONE',  ( -18.39999999999999100, -1.099999999999999900, -50.00000000000000000 ) ) ;
#2775 = EDGE_CURVE ( 'NONE', #3093, #10434, #11169, .T. ) ;
#2776 = ADVANCED_FACE ( 'NONE', ( #11457 ), #9318, .F. ) ;
#2777 = FACE_OUTER_BOUND ( 'NONE', #9526, .T. ) ;
#2778 = CARTESIAN_POINT ( 'NONE',  ( 32.20000000000000300, 2.150000000000010600, -46.40000000000001300 ) ) ;
#2779 = VECTOR ( 'NONE', #8181, 1000.000000000000000 ) ;
#2780 = APPLICATION_CONTEXT ( 'automotive_design' ) ;
#2781 = ORIENTED_EDGE ( 'NONE', *, *, #2588, .T. ) ;
#2782 = ORIENTED_EDGE ( 'NONE', *, *, #4101, .F. ) ;
#2783 = VERTEX_POINT ( 'NONE', #180 ) ;
#2784 = UNCERTAINTY_MEASURE_WITH_UNIT (LENGTH_MEASURE( 1.000000000000000100E-005 ), #8899, 'distance_accuracy_value', 'NONE');
#2785 = ORIENTED_EDGE ( 'NONE', *, *, #5206, .F. ) ;
#2786 = VECTOR ( 'NONE', #8446, 1000.000000000000000 ) ;
#2787 = CARTESIAN_POINT ( 'NONE',  ( 0.0000000000000000000, 0.0000000000000000000, 5.099999999999999600 ) ) ;
#2788 =( LENGTH_UNIT ( ) NAMED_UNIT ( * ) SI_UNIT ( .MILLI., .METRE. ) );
#2789 = DIRECTION ( 'NONE',  ( 1.668003342285391400E-017, 1.000000000000000000, -0.0000000000000000000 ) ) ;
#2790 = ORIENTED_EDGE ( 'NONE', *, *, #5518, .F. ) ;
#2791 = EDGE_CURVE ( 'NONE', #10234, #1520, #10305, .T. ) ;
#2792 = SURFACE_SIDE_STYLE ('',( #9702 ) ) ;
#2793 = MECHANICAL_DESIGN_GEOMETRIC_PRESENTATION_REPRESENTATION (  '', ( #961 ), #3418 ) ;
#2794 = DIRECTION ( 'NONE',  ( -9.336065288794916700E-017, -0.9063077870366496000, 0.4226182617407002700 ) ) ;
#2795 = ORIENTED_EDGE ( 'NONE', *, *, #1434, .T. ) ;
#2796 = EDGE_CURVE ( 'NONE', #9101, #5291, #7870, .T. ) ;
#2797 = CIRCLE ( 'NONE', #6716, 0.5000000000000004400 ) ;
#2798 = LINE ( 'NONE', #11762, #326 ) ;
#2799 = CARTESIAN_POINT ( 'NONE',  ( 9.200000000000001100, -5.401102314577129500, 5.099999999999999600 ) ) ;
#2800 = LINE ( 'NONE', #6768, #4425 ) ;
#2801 = ORIENTED_EDGE ( 'NONE', *, *, #5479, .F. ) ;
#2802 = CARTESIAN_POINT ( 'NONE',  ( -30.00000000000000400, 9.722539674441609500, 47.00000000000001400 ) ) ;
#2803 = DIRECTION ( 'NONE',  ( 1.392979236598078500E-016, 1.000000000000000000, -0.0000000000000000000 ) ) ;
#2804 = ORIENTED_EDGE ( 'NONE', *, *, #10201, .F. ) ;
#2805 = DIRECTION ( 'NONE',  ( -1.000000000000000000, 0.0000000000000000000, 0.0000000000000000000 ) ) ;
#2806 = ORIENTED_EDGE ( 'NONE', *, *, #3637, .F. ) ;
#2807 = CARTESIAN_POINT ( 'NONE',  ( 18.55000000000000100, -2.010000000000008200, 42.20950821555037900 ) ) ;
#2808 = VECTOR ( 'NONE', #1747, 1000.000000000000000 ) ;
#2809 = LINE ( 'NONE', #10233, #5244 ) ;
#2810 = SURFACE_SIDE_STYLE ('',( #669 ) ) ;
#2811 = EDGE_CURVE ( 'NONE', #5640, #8707, #5421, .T. ) ;
#2812 = EDGE_CURVE ( 'NONE', #254, #77, #841, .T. ) ;
#2813 = EDGE_CURVE ( 'NONE', #2740, #611, #529, .T. ) ;
#2814 = PLANE ( 'NONE',  #9335 ) ;
#2815 =( NAMED_UNIT ( * ) PLANE_ANGLE_UNIT ( ) SI_UNIT ( $, .RADIAN. ) );
#2816 = LINE ( 'NONE', #5842, #7682 ) ;
#2817 = ORIENTED_EDGE ( 'NONE', *, *, #6654, .T. ) ;
#2818 = SURFACE_STYLE_USAGE ( .BOTH. , #8314 ) ;
#2819 = EDGE_LOOP ( 'NONE', ( #8041, #3204, #11456, #390 ) ) ;
#2820 = DIRECTION ( 'NONE',  ( -1.000000000000000000, -0.0000000000000000000, -0.0000000000000000000 ) ) ;
#2821 = LINE ( 'NONE', #9758, #7407 ) ;
#2822 = STYLED_ITEM ( 'NONE', ( #7552 ), #9339 ) ;
#2823 = SHAPE_DEFINITION_REPRESENTATION ( #1090, #11394 ) ;
#2824 = LINE ( 'NONE', #4611, #9858 ) ;
#2825 = CARTESIAN_POINT ( 'NONE',  ( -30.86000000000000700, 1.999999999999999600, -36.00000000000000700 ) ) ;
#2826 = DIRECTION ( 'NONE',  ( -0.0000000000000000000, 1.000000000000000000, -0.0000000000000000000 ) ) ;
#2827 = ORIENTED_EDGE ( 'NONE', *, *, #11163, .T. ) ;
#2828 = EDGE_CURVE ( 'NONE', #4856, #1506, #7560, .T. ) ;
#2829 = MECHANICAL_DESIGN_GEOMETRIC_PRESENTATION_REPRESENTATION (  '', ( #11668 ), #3457 ) ;
#2830 = VECTOR ( 'NONE', #2631, 1000.000000000000000 ) ;
#2831 = PRESENTATION_LAYER_ASSIGNMENT (  '', '', ( #3462 ) ) ;
#2832 = DIRECTION ( 'NONE',  ( 1.000000000000000000, 0.0000000000000000000, 0.0000000000000000000 ) ) ;
#2833 = VERTEX_POINT ( 'NONE', #3014 ) ;
#2834 = CONICAL_SURFACE ( 'NONE', #9212, 2.149999999999999000, 0.7853981633974479500 ) ;
#2835 = ADVANCED_FACE ( 'NONE', ( #4831 ), #11885, .F. ) ;
#2836 = VECTOR ( 'NONE', #7982, 1000.000000000000000 ) ;
#2837 = LINE ( 'NONE', #8738, #8024 ) ;
#2838 = DIRECTION ( 'NONE',  ( 0.0000000000000000000, 0.7071067811865439100, -0.7071067811865512400 ) ) ;
#2839 = ORIENTED_EDGE ( 'NONE', *, *, #11565, .T. ) ;
#2840 = STYLED_ITEM ( 'NONE', ( #8462 ), #10796 ) ;
#2841 = SURFACE_STYLE_FILL_AREA ( #2297 ) ;
#2842 = DIRECTION ( 'NONE',  ( 0.0000000000000000000, 0.0000000000000000000, -1.000000000000000000 ) ) ;
#2843 =( LENGTH_UNIT ( ) NAMED_UNIT ( * ) SI_UNIT ( .MILLI., .METRE. ) );
#2844 = VERTEX_POINT ( 'NONE', #5770 ) ;
#2845 = FILL_AREA_STYLE_COLOUR ( '', #9935 ) ;
#2846 = LINE ( 'NONE', #8790, #10167 ) ;
#2847 = DIRECTION ( 'NONE',  ( 0.0000000000000000000, 0.0000000000000000000, -1.000000000000000000 ) ) ;
#2848 = LINE ( 'NONE', #3926, #7438 ) ;
#2849 = DIRECTION ( 'NONE',  ( -2.990902544787606000E-016, -1.000000000000000000, 0.0000000000000000000 ) ) ;
#2850 = ORIENTED_EDGE ( 'NONE', *, *, #7484, .T. ) ;
#2851 = CARTESIAN_POINT ( 'NONE',  ( -35.00000000000000000, 3.500000000000000000, -49.39999999999999900 ) ) ;
#2852 = LINE ( 'NONE', #10732, #384 ) ;
#2853 = DIRECTION ( 'NONE',  ( 0.0000000000000000000, 0.0000000000000000000, 1.000000000000000000 ) ) ;
#2854 = EDGE_LOOP ( 'NONE', ( #2135, #7114, #6325, #5183 ) ) ;
#2855 = DIRECTION ( 'NONE',  ( -0.0000000000000000000, -1.000000000000000000, -0.0000000000000000000 ) ) ;
#2856 = COLOUR_RGB ( '',0.9686274509803921600, 0.8784313725490196000, 0.5999999999999999800 ) ;
#2857 = AXIS2_PLACEMENT_3D ( 'NONE', #2663, #9073, #3585 ) ;
#2858 = CIRCLE ( 'NONE', #9662, 1.249999999999987100 ) ;
#2859 = EDGE_LOOP ( 'NONE', ( #9217, #809, #11640, #1483 ) ) ;
#2860 = CIRCLE ( 'NONE', #6224, 2.500000000000002200 ) ;
#2861 = MECHANICAL_DESIGN_GEOMETRIC_PRESENTATION_REPRESENTATION (  '', ( #1634 ), #3485 ) ;
#2863 = EDGE_CURVE ( 'NONE', #7645, #9321, #10742, .T. ) ;
#2862 = VERTEX_POINT ( 'NONE', #6694 ) ;
#2864 = EDGE_CURVE ( 'NONE', #77, #561, #7286, .T. ) ;
#2865 = DIRECTION ( 'NONE',  ( 1.000000000000000000, 0.0000000000000000000, 2.409338161078899700E-016 ) ) ;
#2866 = VERTEX_POINT ( 'NONE', #264 ) ;
#2867 = CARTESIAN_POINT ( 'NONE',  ( 33.00000000000000000, -3.000000000000000400, -48.00000000000000000 ) ) ;
#2868 = LINE ( 'NONE', #3526, #7452 ) ;
#2869 = VECTOR ( 'NONE', #7812, 1000.000000000000000 ) ;
#2870 = ORIENTED_EDGE ( 'NONE', *, *, #6778, .F. ) ;
#2871 = VECTOR ( 'NONE', #10773, 1000.000000000000000 ) ;
#2872 = VERTEX_POINT ( 'NONE', #4883 ) ;
#2873 = ORIENTED_EDGE ( 'NONE', *, *, #1638, .T. ) ;
#2874 = CARTESIAN_POINT ( 'NONE',  ( 35.00000000000001400, 0.5000000000000000000, 40.59999999999998000 ) ) ;
#2875 = LINE ( 'NONE', #8628, #4999 ) ;
#2876 = CARTESIAN_POINT ( 'NONE',  ( -9.599999999999999600, -0.9100000000000007000, 1.299999999999999600 ) ) ;
#2877 = ORIENTED_EDGE ( 'NONE', *, *, #4101, .T. ) ;
#2878 = CARTESIAN_POINT ( 'NONE',  ( 32.20000000000000300, 2.150000000000010600, 47.20000000000000300 ) ) ;
#2879 = FACE_OUTER_BOUND ( 'NONE', #10269, .T. ) ;
#2880 = AXIS2_PLACEMENT_3D ( 'NONE', #10593, #5076, #11519 ) ;
#2881 = ORIENTED_EDGE ( 'NONE', *, *, #580, .T. ) ;
#2882 = CYLINDRICAL_SURFACE ( 'NONE', #9221, 1.250000000000001100 ) ;
#2883 = CARTESIAN_POINT ( 'NONE',  ( -8.299999999999998900, -0.8100000000000015000, 0.7000000000000001800 ) ) ;
#2884 = DIRECTION ( 'NONE',  ( 0.0000000000000000000, 0.0000000000000000000, -1.000000000000000000 ) ) ;
#2885 = VERTEX_POINT ( 'NONE', #299 ) ;
#2886 = CYLINDRICAL_SURFACE ( 'NONE', #9984, 1.249999999999994200 ) ;
#2887 = EDGE_CURVE ( 'NONE', #8084, #8536, #9428, .T. ) ;
#2888 = PLANE ( 'NONE',  #286 ) ;
#2889 = CARTESIAN_POINT ( 'NONE',  ( 2.700000000000002800, -0.8100000000000041600, 0.6999999999999992900 ) ) ;
#2890 = DIRECTION ( 'NONE',  ( -1.000000000000000000, -1.204669080539449800E-016, 0.0000000000000000000 ) ) ;
#2891 = CIRCLE ( 'NONE', #56, 0.5000000000000004400 ) ;
#2892 = CARTESIAN_POINT ( 'NONE',  ( 7.900000000000002100, -0.9100000000000045800, 1.299999999999999600 ) ) ;
#2893 = DIRECTION ( 'NONE',  ( 0.0000000000000000000, 0.0000000000000000000, 1.000000000000000000 ) ) ;
#2894 = ORIENTED_EDGE ( 'NONE', *, *, #5518, .T. ) ;
#2895 = ADVANCED_FACE ( 'NONE', ( #7005 ), #6703, .F. ) ;
#2896 = CARTESIAN_POINT ( 'NONE',  ( 34.50000000000000000, -3.500000000000000000, -48.00000000000000000 ) ) ;
#2897 = VERTEX_POINT ( 'NONE', #4002 ) ;
#2898 = EDGE_CURVE ( 'NONE', #2648, #8444, #9149, .T. ) ;
#2899 = AXIS2_PLACEMENT_3D ( 'NONE', #820, #4506, #10936 ) ;
#2900 = AXIS2_PLACEMENT_3D ( 'NONE', #10614, #5088, #11532 ) ;
#2901 = VECTOR ( 'NONE', #1014, 1000.000000000000000 ) ;
#2902 = LINE ( 'NONE', #2405, #2619 ) ;
#2903 = ORIENTED_EDGE ( 'NONE', *, *, #9852, .F. ) ;
#2904 =( NAMED_UNIT ( * ) SI_UNIT ( $, .STERADIAN. ) SOLID_ANGLE_UNIT ( ) );
#2905 = SURFACE_STYLE_USAGE ( .BOTH. , #8394 ) ;
#2906 = DIRECTION ( 'NONE',  ( -0.5199909362440923200, 0.8541717779369629700, 0.0000000000000000000 ) ) ;
#2907 = ORIENTED_EDGE ( 'NONE', *, *, #2965, .F. ) ;
#2908 = VERTEX_POINT ( 'NONE', #6780 ) ;
#2909 = DIRECTION ( 'NONE',  ( -1.000000000000000000, 0.0000000000000000000, 0.0000000000000000000 ) ) ;
#2910 = ORIENTED_EDGE ( 'NONE', *, *, #8054, .T. ) ;
#2911 = CARTESIAN_POINT ( 'NONE',  ( -7.399999999999998600, -0.9100000000000011400, 0.6999999999999998400 ) ) ;
#2912 = LINE ( 'NONE', #8146, #5351 ) ;
#2913 = COLOUR_RGB ( '',0.9686274509803921600, 0.8784313725490196000, 0.5999999999999999800 ) ;
#2914 = ORIENTED_EDGE ( 'NONE', *, *, #11067, .F. ) ;
#2915 = VERTEX_POINT ( 'NONE', #10432 ) ;
#2916 = CARTESIAN_POINT ( 'NONE',  ( -20.55000000000000100, -2.010000000000008200, 5.099999999999999600 ) ) ;
#2917 = ORIENTED_EDGE ( 'NONE', *, *, #9821, .T. ) ;
#2918 = DIRECTION ( 'NONE',  ( 1.000000000000000000, -1.055184596092948200E-017, -0.0000000000000000000 ) ) ;
#2919 = ORIENTED_EDGE ( 'NONE', *, *, #1300, .T. ) ;
#2920 =( LENGTH_UNIT ( ) NAMED_UNIT ( * ) SI_UNIT ( .MILLI., .METRE. ) );
#2921 = AXIS2_PLACEMENT_3D ( 'NONE', #10163, #7391, #11101 ) ;
#2922 = FACE_OUTER_BOUND ( 'NONE', #10862, .T. ) ;
#2923 = DIRECTION ( 'NONE',  ( 1.000000000000000000, 0.0000000000000000000, 2.409338161078899700E-016 ) ) ;
#2924 = EDGE_LOOP ( 'NONE', ( #4786, #9589, #8381, #8170 ) ) ;
#2925 = SURFACE_SIDE_STYLE ('',( #7118 ) ) ;
#2926 = PLANE ( 'NONE',  #797 ) ;
#2927 = ORIENTED_EDGE ( 'NONE', *, *, #4851, .T. ) ;
#2928 =( LENGTH_UNIT ( ) NAMED_UNIT ( * ) SI_UNIT ( .MILLI., .METRE. ) );
#2929 = EDGE_CURVE ( 'NONE', #7439, #1219, #4557, .T. ) ;
#2930 = EDGE_LOOP ( 'NONE', ( #3135, #306, #5995, #2279, #4791, #11345, #2894, #6391, #729, #2485, #7279, #7959, #2066, #2268 ) ) ;
#2931 = UNCERTAINTY_MEASURE_WITH_UNIT (LENGTH_MEASURE( 1.000000000000000100E-005 ), #11629, 'distance_accuracy_value', 'NONE');
#2932 = CARTESIAN_POINT ( 'NONE',  ( 12.69999999999999900, -0.9100000000000071400, 0.7000000000000031800 ) ) ;
#2933 = EDGE_CURVE ( 'NONE', #4648, #2450, #11592, .T. ) ;
#2934 = VERTEX_POINT ( 'NONE', #2187 ) ;
#2935 =( NAMED_UNIT ( * ) SI_UNIT ( $, .STERADIAN. ) SOLID_ANGLE_UNIT ( ) );
#2936 = SURFACE_STYLE_FILL_AREA ( #7410 ) ;
#2937 = CARTESIAN_POINT ( 'NONE',  ( 22.80000000000000100, -0.4500000000000076700, 7.000000000000000000 ) ) ;
#2938 = EDGE_LOOP ( 'NONE', ( #10850, #1266, #770, #4421 ) ) ;
#2939 = ORIENTED_EDGE ( 'NONE', *, *, #9961, .F. ) ;
#2940 = SURFACE_STYLE_USAGE ( .BOTH. , #8429 ) ;
#2941 = VECTOR ( 'NONE', #11369, 1000.000000000000200 ) ;
#2942 = CARTESIAN_POINT ( 'NONE',  ( 20.55000000000000100, 1.949999999999991500, 5.099999999999999600 ) ) ;
#2943 = PRESENTATION_STYLE_ASSIGNMENT (( #10220 ) ) ;
#2944 = EDGE_CURVE ( 'NONE', #2061, #11168, #1825, .T. ) ;
#2945 = PRESENTATION_STYLE_ASSIGNMENT (( #6991 ) ) ;
#2946 = DIRECTION ( 'NONE',  ( 1.000000000000000000, 0.0000000000000000000, 0.0000000000000000000 ) ) ;
#2947 = DIRECTION ( 'NONE',  ( 3.168854151125935100E-048, 1.899788849813798600E-031, -1.000000000000000000 ) ) ;
#2948 = ORIENTED_EDGE ( 'NONE', *, *, #9567, .F. ) ;
#2949 = ADVANCED_FACE ( 'NONE', ( #11300 ), #11029, .T. ) ;
#2950 = EDGE_CURVE ( 'NONE', #244, #6373, #8554, .T. ) ;
#2951 = ORIENTED_EDGE ( 'NONE', *, *, #6480, .T. ) ;
#2952 = ORIENTED_EDGE ( 'NONE', *, *, #2586, .F. ) ;
#2953 = CARTESIAN_POINT ( 'NONE',  ( 34.39999999999998400, 2.899999999999999900, 48.00000000000000000 ) ) ;
#2954 = VECTOR ( 'NONE', #4245, 1000.000000000000000 ) ;
#2955 = LINE ( 'NONE', #8890, #2368 ) ;
#2956 = SURFACE_SIDE_STYLE ('',( #6602 ) ) ;
#2957 = FACE_OUTER_BOUND ( 'NONE', #11136, .T. ) ;
#2958 = DIRECTION ( 'NONE',  ( 0.0000000000000000000, -1.000000000000000000, 0.0000000000000000000 ) ) ;
#2959 = CARTESIAN_POINT ( 'NONE',  ( -34.39999999999999900, -2.900000000000000400, -50.00000000000000000 ) ) ;
#2960 = VERTEX_POINT ( 'NONE', #9583 ) ;
#2961 = DIRECTION ( 'NONE',  ( 0.0000000000000000000, 1.000000000000000000, 0.0000000000000000000 ) ) ;
#2962 = CIRCLE ( 'NONE', #4, 1.399999999999998600 ) ;
#2963 = EDGE_CURVE ( 'NONE', #113, #6138, #1248, .T. ) ;
#2964 = AXIS2_PLACEMENT_3D ( 'NONE', #7170, #8106, #2591 ) ;
#2965 = EDGE_CURVE ( 'NONE', #9097, #3140, #6423, .T. ) ;
#2966 = DIRECTION ( 'NONE',  ( 1.000000000000000000, 0.0000000000000000000, 0.0000000000000000000 ) ) ;
#2967 = AXIS2_PLACEMENT_3D ( 'NONE', #1193, #7609, #2100 ) ;
#2968 = DIRECTION ( 'NONE',  ( -0.0000000000000000000, -1.000000000000000000, -0.0000000000000000000 ) ) ;
#2969 = FACE_OUTER_BOUND ( 'NONE', #4691, .T. ) ;
#2970 = CARTESIAN_POINT ( 'NONE',  ( 33.89999999999999900, 3.500000000000000000, -39.00000000000000700 ) ) ;
#2971 = SURFACE_STYLE_FILL_AREA ( #731 ) ;
#2972 = ORIENTED_EDGE ( 'NONE', *, *, #1656, .T. ) ;
#2973 = DIRECTION ( 'NONE',  ( 0.0000000000000000000, 0.0000000000000000000, 1.000000000000000000 ) ) ;
#2974 = PRESENTATION_LAYER_ASSIGNMENT (  '', '', ( #1745 ) ) ;
#2975 = DIRECTION ( 'NONE',  ( -0.0000000000000000000, -1.000000000000000000, -0.0000000000000000000 ) ) ;
#2976 = EDGE_LOOP ( 'NONE', ( #2400, #313 ) ) ;
#2977 = VECTOR ( 'NONE', #1956, 1000.000000000000000 ) ;
#2978 = VECTOR ( 'NONE', #7366, 1000.000000000000000 ) ;
#2979 = PLANE ( 'NONE',  #3320 ) ;
#2980 = DIRECTION ( 'NONE',  ( -3.804218149071954900E-016, 1.000000000000000000, 0.0000000000000000000 ) ) ;
#2981 = EDGE_CURVE ( 'NONE', #6051, #1440, #3699, .T. ) ;
#2982 = AXIS2_PLACEMENT_3D ( 'NONE', #5661, #7506, #2002 ) ;
#2983 = ORIENTED_EDGE ( 'NONE', *, *, #3399, .T. ) ;
#2984 = AXIS2_PLACEMENT_3D ( 'NONE', #6378, #7302, #1802 ) ;
#2985 =( NAMED_UNIT ( * ) PLANE_ANGLE_UNIT ( ) SI_UNIT ( $, .RADIAN. ) );
#2986 = CYLINDRICAL_SURFACE ( 'NONE', #75, 1.399999999999998600 ) ;
#2987 = ORIENTED_EDGE ( 'NONE', *, *, #2338, .F. ) ;
#2988 = CYLINDRICAL_SURFACE ( 'NONE', #186, 1.250000000000001100 ) ;
#2989 = LINE ( 'NONE', #9705, #10020 ) ;
#2990 = CARTESIAN_POINT ( 'NONE',  ( -34.40000000000001300, 0.2999999999999999900, -48.00000000000000000 ) ) ;
#2991 = CONICAL_SURFACE ( 'NONE', #2041, 2.149999999999999000, 0.7853981633974479500 ) ;
#2992 = LINE ( 'NONE', #5829, #11898 ) ;
#2993 =( GEOMETRIC_REPRESENTATION_CONTEXT ( 3 ) GLOBAL_UNCERTAINTY_ASSIGNED_CONTEXT ( ( #8506 ) ) GLOBAL_UNIT_ASSIGNED_CONTEXT ( ( #1299, #7704, #2201 ) ) REPRESENTATION_CONTEXT ( 'NONE', 'WORKASPACE' ) );
#2994 = ORIENTED_EDGE ( 'NONE', *, *, #474, .F. ) ;
#2995 = CARTESIAN_POINT ( 'NONE',  ( -12.11999999999999900, -0.9100000000000010300, 0.7000000000000000700 ) ) ;
#2996 = CARTESIAN_POINT ( 'NONE',  ( 32.20000000000001700, 0.2999999999999999900, 49.35000000000001600 ) ) ;
#2997 = AXIS2_PLACEMENT_3D ( 'NONE', #1798, #8232, #2732 ) ;
#2998 = VECTOR ( 'NONE', #7838, 1000.000000000000200 ) ;
#2999 = EDGE_CURVE ( 'NONE', #3917, #1053, #8295, .T. ) ;
#3000 = ORIENTED_EDGE ( 'NONE', *, *, #1951, .F. ) ;
#3001 = TOROIDAL_SURFACE ( 'NONE', #9288, 1.500000000000000000, 0.5000000000000000000 ) ;
#3002 = FACE_OUTER_BOUND ( 'NONE', #3331, .T. ) ;
#3003 = DIRECTION ( 'NONE',  ( 0.0000000000000000000, 1.000000000000000000, 0.0000000000000000000 ) ) ;
#3004 = CARTESIAN_POINT ( 'NONE',  ( -33.00000000000000000, 2.900000000000000400, -49.39999999999999900 ) ) ;
#3005 = PRESENTATION_STYLE_ASSIGNMENT (( #1808 ) ) ;
#3006 = DIRECTION ( 'NONE',  ( 1.000000000000000000, 0.0000000000000000000, 0.0000000000000000000 ) ) ;
#3007 = CARTESIAN_POINT ( 'NONE',  ( -18.39999999999999100, -1.099999999999999900, -50.00000000000000000 ) ) ;
#3008 = ORIENTED_EDGE ( 'NONE', *, *, #1029, .T. ) ;
#3009 = ORIENTED_EDGE ( 'NONE', *, *, #3920, .T. ) ;
#3010 = FACE_OUTER_BOUND ( 'NONE', #3658, .T. ) ;
#3011 = ORIENTED_EDGE ( 'NONE', *, *, #7016, .T. ) ;
#3012 = ADVANCED_FACE ( 'NONE', ( #10440 ), #11440, .F. ) ;
#3013 = LINE ( 'NONE', #3042, #568 ) ;
#3014 = CARTESIAN_POINT ( 'NONE',  ( 26.55000000000000400, -2.900000000000000400, -49.39999999999999900 ) ) ;
#3015 = LINE ( 'NONE', #6042, #4864 ) ;
#3016 = LINE ( 'NONE', #283, #9767 ) ;
#3017 =( NAMED_UNIT ( * ) PLANE_ANGLE_UNIT ( ) SI_UNIT ( $, .RADIAN. ) );
#3018 = AXIS2_PLACEMENT_3D ( 'NONE', #2721, #9130, #3643 ) ;
#3019 = ORIENTED_EDGE ( 'NONE', *, *, #1401, .T. ) ;
#3020 = EDGE_CURVE ( 'NONE', #9973, #10231, #8022, .T. ) ;
#3021 = ORIENTED_EDGE ( 'NONE', *, *, #5340, .T. ) ;
#3022 = ORIENTED_EDGE ( 'NONE', *, *, #5260, .T. ) ;
#3023 = CARTESIAN_POINT ( 'NONE',  ( 21.30000000000000100, -2.850000000000001000, 7.000000000000000000 ) ) ;
#3024 = FILL_AREA_STYLE_COLOUR ( '', #2600 ) ;
#3025 = ADVANCED_FACE ( 'NONE', ( #5560 ), #2834, .F. ) ;
#3026 = FACE_OUTER_BOUND ( 'NONE', #2727, .T. ) ;
#3027 = DIRECTION ( 'NONE',  ( -1.000000000000000000, 2.409338161078899700E-016, 0.0000000000000000000 ) ) ;
#3028 = CARTESIAN_POINT ( 'NONE',  ( -30.86000000000000700, 10.74102034176674400, -36.00000000000000700 ) ) ;
#3029 = ORIENTED_EDGE ( 'NONE', *, *, #1805, .F. ) ;
#3030 = PRESENTATION_LAYER_ASSIGNMENT (  '', '', ( #1800 ) ) ;
#3031 = DIRECTION ( 'NONE',  ( -0.0000000000000000000, -1.000000000000000000, -0.0000000000000000000 ) ) ;
#3032 = CARTESIAN_POINT ( 'NONE',  ( 1.107331818831861700E-014, 2.900000000000000400, 76.59999999999999400 ) ) ;
#3033 = LINE ( 'NONE', #2959, #5480 ) ;
#3034 = AXIS2_PLACEMENT_3D ( 'NONE', #2059, #2958, #207 ) ;
#3035 = EDGE_CURVE ( 'NONE', #2885, #4406, #5266, .T. ) ;
#3036 = EDGE_CURVE ( 'NONE', #468, #11088, #3109, .T. ) ;
#3037 = ORIENTED_EDGE ( 'NONE', *, *, #4446, .T. ) ;
#3038 = ORIENTED_EDGE ( 'NONE', *, *, #7632, .F. ) ;
#3039 = DIRECTION ( 'NONE',  ( 0.0000000000000000000, -1.000000000000000000, 0.0000000000000000000 ) ) ;
#3040 = ORIENTED_EDGE ( 'NONE', *, *, #11651, .F. ) ;
#3041 = CARTESIAN_POINT ( 'NONE',  ( 20.55000000000000100, -2.010000000000008200, 5.099999999999999600 ) ) ;
#3042 = CARTESIAN_POINT ( 'NONE',  ( 4.900000000000001200, -5.401102314577125100, 0.7000000000000012900 ) ) ;
#3043 = DIRECTION ( 'NONE',  ( -1.000000000000000000, 0.0000000000000000000, 0.0000000000000000000 ) ) ;
#3044 = CARTESIAN_POINT ( 'NONE',  ( 25.55000000000000400, -3.500000000000000000, -42.20000000000000300 ) ) ;
#3045 =( NAMED_UNIT ( * ) SI_UNIT ( $, .STERADIAN. ) SOLID_ANGLE_UNIT ( ) );
#3046 = VECTOR ( 'NONE', #9431, 1000.000000000000000 ) ;
#3047 = EDGE_LOOP ( 'NONE', ( #7997, #11792, #8638, #1533 ) ) ;
#3048 = EDGE_CURVE ( 'NONE', #1340, #2346, #7700, .T. ) ;
#3049 = AXIS2_PLACEMENT_3D ( 'NONE', #8852, #3376, #9786 ) ;
#3050 = VERTEX_POINT ( 'NONE', #5524 ) ;
#3051 = ORIENTED_EDGE ( 'NONE', *, *, #6412, .T. ) ;
#3052 = FILL_AREA_STYLE_COLOUR ( '', #8158 ) ;
#3053 = VECTOR ( 'NONE', #11617, 1000.000000000000000 ) ;
#3054 = CARTESIAN_POINT ( 'NONE',  ( -32.00000000000000000, 2.899999999999999900, -47.00000000000001400 ) ) ;
#3055 = VECTOR ( 'NONE', #8763, 1000.000000000000000 ) ;
#3056 =( NAMED_UNIT ( * ) PLANE_ANGLE_UNIT ( ) SI_UNIT ( $, .RADIAN. ) );
#3057 = DIRECTION ( 'NONE',  ( 1.000000000000000000, -1.668003342285391100E-017, -1.355252715606881000E-016 ) ) ;
#3058 = LINE ( 'NONE', #8218, #7364 ) ;
#3059 = ORIENTED_EDGE ( 'NONE', *, *, #8344, .T. ) ;
#3060 = AXIS2_PLACEMENT_3D ( 'NONE', #9562, #4973, #5903 ) ;
#3061 = CARTESIAN_POINT ( 'NONE',  ( -0.2999999999999981600, -0.9100000000000041400, 5.099999999999999600 ) ) ;
#3062 = ORIENTED_EDGE ( 'NONE', *, *, #8153, .F. ) ;
#3063 = ORIENTED_EDGE ( 'NONE', *, *, #7251, .F. ) ;
#3064 = VERTEX_POINT ( 'NONE', #5251 ) ;
#3065 = ADVANCED_FACE ( 'NONE', ( #3420, #10154, #7423, #4956, #2541 ), #187, .F. ) ;
#3066 = LINE ( 'NONE', #167, #7656 ) ;
#3067 = CARTESIAN_POINT ( 'NONE',  ( 4.000000000000001800, -0.9100000000000031400, 5.099999999999999600 ) ) ;
#3068 = EDGE_LOOP ( 'NONE', ( #11481, #11092, #499, #1988 ) ) ;
#3069 = CARTESIAN_POINT ( 'NONE',  ( 1.400000000000003900, -0.9100000000000028100, 5.099999999999999600 ) ) ;
#3070 = FILL_AREA_STYLE ('',( #8511 ) ) ;
#3071 = CARTESIAN_POINT ( 'NONE',  ( -13.34000000000000200, -0.8100000000000008300, 5.099999999999999600 ) ) ;
#3072 = UNCERTAINTY_MEASURE_WITH_UNIT (LENGTH_MEASURE( 1.000000000000000100E-005 ), #9238, 'distance_accuracy_value', 'NONE');
#3073 = FILL_AREA_STYLE ('',( #2139 ) ) ;
#3074 = ORIENTED_EDGE ( 'NONE', *, *, #9943, .T. ) ;
#3075 = DIRECTION ( 'NONE',  ( 0.0000000000000000000, 1.000000000000000000, 0.0000000000000000000 ) ) ;
#3076 = CIRCLE ( 'NONE', #7978, 1.250000000000001100 ) ;
#3077 =( GEOMETRIC_REPRESENTATION_CONTEXT ( 3 ) GLOBAL_UNCERTAINTY_ASSIGNED_CONTEXT ( ( #4623 ) ) GLOBAL_UNIT_ASSIGNED_CONTEXT ( ( #9675, #4177, #10605 ) ) REPRESENTATION_CONTEXT ( 'NONE', 'WORKASPACE' ) );
#3078 = LINE ( 'NONE', #8542, #640 ) ;
#3079 = ADVANCED_FACE ( 'NONE', ( #9866 ), #3832, .F. ) ;
#3080 = CARTESIAN_POINT ( 'NONE',  ( 33.00000000000000000, -3.500000000000000000, -49.50000000000000000 ) ) ;
#3081 = CARTESIAN_POINT ( 'NONE',  ( -8.699999999999999300, -4.815124837953328000, 5.099999999999999600 ) ) ;
#3082 = ORIENTED_EDGE ( 'NONE', *, *, #5264, .F. ) ;
#3083 = CARTESIAN_POINT ( 'NONE',  ( 11.80000000000000100, -0.9100000000000062500, 5.099999999999999600 ) ) ;
#3084 = EDGE_CURVE ( 'NONE', #7095, #11405, #6272, .T. ) ;
#3085 = DIRECTION ( 'NONE',  ( 0.0000000000000000000, 0.0000000000000000000, -1.000000000000000000 ) ) ;
#3086 = EDGE_CURVE ( 'NONE', #257, #9635, #8692, .T. ) ;
#3087 = ORIENTED_EDGE ( 'NONE', *, *, #5479, .T. ) ;
#3088 = EDGE_LOOP ( 'NONE', ( #5390, #8051, #199, #10902 ) ) ;
#3089 = VECTOR ( 'NONE', #2946, 1000.000000000000000 ) ;
#3090 = LINE ( 'NONE', #1919, #7677 ) ;
#3091 = DIRECTION ( 'NONE',  ( 0.0000000000000000000, -1.000000000000000000, -0.0000000000000000000 ) ) ;
#3092 =( NAMED_UNIT ( * ) SI_UNIT ( $, .STERADIAN. ) SOLID_ANGLE_UNIT ( ) );
#3093 = VERTEX_POINT ( 'NONE', #10363 ) ;
#3094 = DIRECTION ( 'NONE',  ( -1.387778780781445700E-016, -0.0000000000000000000, -1.000000000000000000 ) ) ;
#3095 = VERTEX_POINT ( 'NONE', #11284 ) ;
#3096 = PLANE ( 'NONE',  #10026 ) ;
#3097 = DIRECTION ( 'NONE',  ( -0.0000000000000000000, 1.000000000000000000, -0.0000000000000000000 ) ) ;
#3098 = LINE ( 'NONE', #6014, #5549 ) ;
#3099 =( GEOMETRIC_REPRESENTATION_CONTEXT ( 3 ) GLOBAL_UNCERTAINTY_ASSIGNED_CONTEXT ( ( #2033 ) ) GLOBAL_UNIT_ASSIGNED_CONTEXT ( ( #8149, #2639, #9058 ) ) REPRESENTATION_CONTEXT ( 'NONE', 'WORKASPACE' ) );
#3100 = EDGE_CURVE ( 'NONE', #6370, #1340, #3551, .T. ) ;
#3101 = VECTOR ( 'NONE', #3653, 1000.000000000000000 ) ;
#3102 = DIRECTION ( 'NONE',  ( 0.0000000000000000000, 0.0000000000000000000, -1.000000000000000000 ) ) ;
#3103 = ORIENTED_EDGE ( 'NONE', *, *, #11264, .F. ) ;
#3104 = VECTOR ( 'NONE', #7210, 1000.000000000000000 ) ;
#3105 = SURFACE_STYLE_USAGE ( .BOTH. , #8593 ) ;
#3106 = DIRECTION ( 'NONE',  ( 1.000000000000000000, 0.0000000000000000000, 0.0000000000000000000 ) ) ;
#3107 = PLANE ( 'NONE',  #6101 ) ;
#3108 = VERTEX_POINT ( 'NONE', #274 ) ;
#3109 = LINE ( 'NONE', #9830, #676 ) ;
#3110 = CARTESIAN_POINT ( 'NONE',  ( 13.99999999999999800, -5.401102314577126900, 0.7000000000000031800 ) ) ;
#3111 = VECTOR ( 'NONE', #3221, 1000.000000000000000 ) ;
#3112 = EDGE_LOOP ( 'NONE', ( #6439, #1335, #9582, #8048 ) ) ;
#3113 =( NAMED_UNIT ( * ) SI_UNIT ( $, .STERADIAN. ) SOLID_ANGLE_UNIT ( ) );
#3114 = DIRECTION ( 'NONE',  ( 1.000000000000000000, 2.409338161078899700E-016, 0.0000000000000000000 ) ) ;
#3115 = EDGE_CURVE ( 'NONE', #6653, #7908, #5968, .T. ) ;
#3116 = AXIS2_PLACEMENT_3D ( 'NONE', #1451, #6020, #521 ) ;
#3117 = CARTESIAN_POINT ( 'NONE',  ( 20.55000000000000100, 1.949999999999991500, 5.099999999999999600 ) ) ;
#3118 = FILL_AREA_STYLE_COLOUR ( '', #3403 ) ;
#3119 = ADVANCED_FACE ( 'NONE', ( #10581 ), #9469, .T. ) ;
#3120 = ORIENTED_EDGE ( 'NONE', *, *, #4722, .F. ) ;
#3121 = COLOUR_RGB ( '',0.8941176470588234600, 0.9137254901960784000, 0.9294117647058823800 ) ;
#3122 = VECTOR ( 'NONE', #1477, 1000.000000000000000 ) ;
#3123 = ORIENTED_EDGE ( 'NONE', *, *, #1420, .F. ) ;
#3124 = CARTESIAN_POINT ( 'NONE',  ( 32.20000000000000300, -2.100000000000000100, -47.20000000000000300 ) ) ;
#3125 = PRESENTATION_STYLE_ASSIGNMENT (( #11688 ) ) ;
#3126 = FILL_AREA_STYLE_COLOUR ( '', #10897 ) ;
#3127 = DIRECTION ( 'NONE',  ( 0.0000000000000000000, 0.0000000000000000000, -1.000000000000000000 ) ) ;
#3128 = ORIENTED_EDGE ( 'NONE', *, *, #9801, .F. ) ;
#3129 = VECTOR ( 'NONE', #7043, 1000.000000000000000 ) ;
#3130 = EDGE_CURVE ( 'NONE', #781, #7083, #219, .T. ) ;
#3131 = FACE_OUTER_BOUND ( 'NONE', #1757, .T. ) ;
#3132 = ADVANCED_FACE ( 'NONE', ( #7274 ), #4917, .F. ) ;
#3133 = ORIENTED_EDGE ( 'NONE', *, *, #9992, .F. ) ;
#3134 = VECTOR ( 'NONE', #3555, 1000.000000000000000 ) ;
#3135 = ORIENTED_EDGE ( 'NONE', *, *, #6246, .F. ) ;
#3136 = UNCERTAINTY_MEASURE_WITH_UNIT (LENGTH_MEASURE( 1.000000000000000100E-005 ), #5729, 'distance_accuracy_value', 'NONE');
#3137 = FILL_AREA_STYLE ('',( #1459 ) ) ;
#3138 = LINE ( 'NONE', #2344, #5863 ) ;
#3139 = DIRECTION ( 'NONE',  ( 0.0000000000000000000, -1.000000000000000000, 0.0000000000000000000 ) ) ;
#3140 = VERTEX_POINT ( 'NONE', #1296 ) ;
#3141 = MECHANICAL_DESIGN_GEOMETRIC_PRESENTATION_REPRESENTATION (  '', ( #1304 ), #3769 ) ;
#3142 = CYLINDRICAL_SURFACE ( 'NONE', #6387, 0.5000000000000004400 ) ;
#3143 = ORIENTED_EDGE ( 'NONE', *, *, #7018, .F. ) ;
#3144 = VECTOR ( 'NONE', #2789, 1000.000000000000000 ) ;
#3145 = LINE ( 'NONE', #4255, #10194 ) ;
#3146 = DIRECTION ( 'NONE',  ( 0.0000000000000000000, 0.0000000000000000000, -1.000000000000000000 ) ) ;
#3147 = ORIENTED_EDGE ( 'NONE', *, *, #10821, .T. ) ;
#3148 = DIRECTION ( 'NONE',  ( 0.0000000000000000000, 0.0000000000000000000, -1.000000000000000000 ) ) ;
#3149 = ORIENTED_EDGE ( 'NONE', *, *, #8458, .T. ) ;
#3150 = CARTESIAN_POINT ( 'NONE',  ( 32.20000000000000300, -2.580688495222049000, 47.20000000000000300 ) ) ;
#3151 = PRESENTATION_LAYER_ASSIGNMENT (  '', '', ( #2539 ) ) ;
#3152 = ORIENTED_EDGE ( 'NONE', *, *, #1934, .F. ) ;
#3153 = CARTESIAN_POINT ( 'NONE',  ( 33.36000000000000700, 2.999999999999991600, 41.84999999999998000 ) ) ;
#3154 = EDGE_CURVE ( 'NONE', #7095, #8338, #2381, .T. ) ;
#3155 = DIRECTION ( 'NONE',  ( -0.0000000000000000000, 0.0000000000000000000, 1.000000000000000000 ) ) ;
#3156 = FILL_AREA_STYLE ('',( #8637 ) ) ;
#3157 = DIRECTION ( 'NONE',  ( 1.668003342285391100E-017, 1.000000000000000000, -0.0000000000000000000 ) ) ;
#3158 = SURFACE_SIDE_STYLE ('',( #4675 ) ) ;
#3159 = FACE_OUTER_BOUND ( 'NONE', #8176, .T. ) ;
#3160 = ORIENTED_EDGE ( 'NONE', *, *, #2898, .T. ) ;
#3161 = VERTEX_POINT ( 'NONE', #6785 ) ;
#3162 = DIRECTION ( 'NONE',  ( -1.000000000000000000, -1.392979236598078500E-016, 0.0000000000000000000 ) ) ;
#3163 = DIRECTION ( 'NONE',  ( -1.000000000000000000, 1.668003342285391100E-017, 0.0000000000000000000 ) ) ;
#3164 = EDGE_CURVE ( 'NONE', #121, #8997, #9417, .T. ) ;
#3165 =( GEOMETRIC_REPRESENTATION_CONTEXT ( 3 ) GLOBAL_UNCERTAINTY_ASSIGNED_CONTEXT ( ( #4486 ) ) GLOBAL_UNIT_ASSIGNED_CONTEXT ( ( #9146, #3657, #10071 ) ) REPRESENTATION_CONTEXT ( 'NONE', 'WORKASPACE' ) );
#3166 =( LENGTH_UNIT ( ) NAMED_UNIT ( * ) SI_UNIT ( .MILLI., .METRE. ) );
#3167 = EDGE_LOOP ( 'NONE', ( #11161, #5152, #4774, #8313 ) ) ;
#3168 = CARTESIAN_POINT ( 'NONE',  ( 3.819999999999999800, -0.9100000000000039200, -3.111100318418500300E-016 ) ) ;
#3169 = EDGE_CURVE ( 'NONE', #6159, #3444, #9714, .T. ) ;
#3170 = CARTESIAN_POINT ( 'NONE',  ( -9.999999999999998200, -4.815124837953328000, 1.300000000000000300 ) ) ;
#3171 = CARTESIAN_POINT ( 'NONE',  ( 32.20000000000000300, 2.150000000000010600, 46.40000000000001300 ) ) ;
#3172 = VERTEX_POINT ( 'NONE', #10483 ) ;
#3173 = DIRECTION ( 'NONE',  ( -0.0000000000000000000, 1.000000000000000000, -0.0000000000000000000 ) ) ;
#3174 = DIRECTION ( 'NONE',  ( -0.0000000000000000000, -1.000000000000000000, -0.0000000000000000000 ) ) ;
#3175 = VECTOR ( 'NONE', #2805, 1000.000000000000000 ) ;
#3176 = CARTESIAN_POINT ( 'NONE',  ( 34.40000000000001300, -2.900000000000000400, 43.59999999999998700 ) ) ;
#3177 = ADVANCED_FACE ( 'NONE', ( #4821 ), #5889, .F. ) ;
#3178 = LINE ( 'NONE', #5246, #753 ) ;
#3179 = VERTEX_POINT ( 'NONE', #5001 ) ;
#3180 = ORIENTED_EDGE ( 'NONE', *, *, #9696, .T. ) ;
#3181 = CARTESIAN_POINT ( 'NONE',  ( -2.899999999999998100, -0.8100000000000040500, -20.72142852218446800 ) ) ;
#3182 = DIRECTION ( 'NONE',  ( 0.0000000000000000000, -1.000000000000000000, -0.0000000000000000000 ) ) ;
#3183 = ORIENTED_EDGE ( 'NONE', *, *, #10543, .F. ) ;
#3184 = CARTESIAN_POINT ( 'NONE',  ( 6.200000000000002000, -0.8100000000000041600, 5.099999999999999600 ) ) ;
#3185 = DIRECTION ( 'NONE',  ( 1.000000000000000000, -2.409338161078899700E-016, 2.409338161078899700E-016 ) ) ;
#3186 = EDGE_CURVE ( 'NONE', #8717, #5393, #1239, .T. ) ;
#3187 = MECHANICAL_DESIGN_GEOMETRIC_PRESENTATION_REPRESENTATION (  '', ( #1950 ), #3811 ) ;
#3188 = CARTESIAN_POINT ( 'NONE',  ( -35.00000000000000000, 3.500000000000000000, -50.00000000000000000 ) ) ;
#3189 = EDGE_LOOP ( 'NONE', ( #9817, #3583, #10503 ) ) ;
#3190 = PRODUCT_DEFINITION_CONTEXT ( 'detailed design', #4620, 'design' ) ;
#3191 = EDGE_CURVE ( 'NONE', #4375, #8066, #3689, .T. ) ;
#3192 = EDGE_CURVE ( 'NONE', #5353, #11555, #10729, .T. ) ;
#3193 = CARTESIAN_POINT ( 'NONE',  ( -16.94999999999999200, -3.000000000000000400, -49.50000000000000000 ) ) ;
#3194 = FACE_OUTER_BOUND ( 'NONE', #10843, .T. ) ;
#3195 = CARTESIAN_POINT ( 'NONE',  ( -0.2999999999999981600, -0.9100000000000041400, 5.099999999999999600 ) ) ;
#3196 = LINE ( 'NONE', #4328, #8102 ) ;
#3197 = COLOUR_RGB ( '',0.9686274509803921600, 0.8784313725490196000, 0.5999999999999999800 ) ;
#3198 = CARTESIAN_POINT ( 'NONE',  ( -6.999999999999998200, -1.950000000000001100, 5.099999999999999600 ) ) ;
#3199 = ORIENTED_EDGE ( 'NONE', *, *, #1470, .F. ) ;
#3200 = ADVANCED_FACE ( 'NONE', ( #5825 ), #667, .F. ) ;
#3201 = CARTESIAN_POINT ( 'NONE',  ( 26.55000000000000400, 3.500000000000000000, -49.39999999999999900 ) ) ;
#3202 = CARTESIAN_POINT ( 'NONE',  ( -2.899999999999997700, -1.950000000000001300, 7.000000000000000000 ) ) ;
#3203 = CARTESIAN_POINT ( 'NONE',  ( -9.999999999999998200, -0.8100000000000012700, 1.300000000000000300 ) ) ;
#3204 = ORIENTED_EDGE ( 'NONE', *, *, #943, .T. ) ;
#3205 = CARTESIAN_POINT ( 'NONE',  ( 7.500000000000001800, -0.8100000000000041600, 5.099999999999999600 ) ) ;
#3206 = ORIENTED_EDGE ( 'NONE', *, *, #8714, .T. ) ;
#3207 = FILL_AREA_STYLE_COLOUR ( '', #7128 ) ;
#3208 = VERTEX_POINT ( 'NONE', #3263 ) ;
#3209 = DIRECTION ( 'NONE',  ( 0.0000000000000000000, 0.0000000000000000000, 1.000000000000000000 ) ) ;
#3210 = SURFACE_STYLE_USAGE ( .BOTH. , #8685 ) ;
#3211 = LINE ( 'NONE', #6888, #5920 ) ;
#3212 = EDGE_CURVE ( 'NONE', #292, #11733, #8014, .T. ) ;
#3213 = VECTOR ( 'NONE', #4228, 1000.000000000000000 ) ;
#3214 = AXIS2_PLACEMENT_3D ( 'NONE', #1775, #9113, #3628 ) ;
#3215 = VERTEX_POINT ( 'NONE', #7752 ) ;
#3216 = AXIS2_PLACEMENT_3D ( 'NONE', #6954, #7878, #2358 ) ;
#3217 = ORIENTED_EDGE ( 'NONE', *, *, #10748, .T. ) ;
#3218 = CARTESIAN_POINT ( 'NONE',  ( 30.86000000000000700, 1.999999999999999600, -37.25000000000000700 ) ) ;
#3219 = ORIENTED_EDGE ( 'NONE', *, *, #2248, .F. ) ;
#3220 = ORIENTED_EDGE ( 'NONE', *, *, #9196, .F. ) ;
#3221 = DIRECTION ( 'NONE',  ( 1.000000000000000000, 0.0000000000000000000, 0.0000000000000000000 ) ) ;
#3222 = EDGE_LOOP ( 'NONE', ( #1426, #8516, #5598, #6620 ) ) ;
#3223 =( NAMED_UNIT ( * ) PLANE_ANGLE_UNIT ( ) SI_UNIT ( $, .RADIAN. ) );
#3224 = COLOUR_RGB ( '',0.2509803921568627400, 0.2509803921568627400, 0.2509803921568627400 ) ;
#3225 = CARTESIAN_POINT ( 'NONE',  ( -20.55000000000000100, 1.949999999999992000, 0.0000000000000000000 ) ) ;
#3226 = CARTESIAN_POINT ( 'NONE',  ( 32.99999999999998600, 0.2999999999999999900, -48.00000000000000000 ) ) ;
#3227 = VECTOR ( 'NONE', #11036, 1000.000000000000000 ) ;
#3228 = CARTESIAN_POINT ( 'NONE',  ( -29.50000000000000400, 9.722539674441609500, 48.89999999999999900 ) ) ;
#3229 = AXIS2_PLACEMENT_3D ( 'NONE', #2867, #9292, #3788 ) ;
#3230 = CARTESIAN_POINT ( 'NONE',  ( 32.20000000000001700, -0.2999999999999999900, 47.20000000000001700 ) ) ;
#3231 = VERTEX_POINT ( 'NONE', #9673 ) ;
#3232 = DIRECTION ( 'NONE',  ( 0.0000000000000000000, -1.000000000000000000, 0.0000000000000000000 ) ) ;
#3233 =( GEOMETRIC_REPRESENTATION_CONTEXT ( 3 ) GLOBAL_UNCERTAINTY_ASSIGNED_CONTEXT ( ( #9842 ) ) GLOBAL_UNIT_ASSIGNED_CONTEXT ( ( #1482, #7928, #2398 ) ) REPRESENTATION_CONTEXT ( 'NONE', 'WORKASPACE' ) );
#3234 = UNCERTAINTY_MEASURE_WITH_UNIT (LENGTH_MEASURE( 1.000000000000000100E-005 ), #10714, 'distance_accuracy_value', 'NONE');
#3235 = ORIENTED_EDGE ( 'NONE', *, *, #4800, .F. ) ;
#3236 = CARTESIAN_POINT ( 'NONE',  ( 19.71064621532100200, -2.010000000000008200, 6.899999999999999500 ) ) ;
#3237 = LINE ( 'NONE', #9258, #10271 ) ;
#3238 = SURFACE_SIDE_STYLE ('',( #7188 ) ) ;
#3239 = CARTESIAN_POINT ( 'NONE',  ( -32.20000000000001700, -0.2999999999999999900, -45.65000000000002000 ) ) ;
#3240 = CARTESIAN_POINT ( 'NONE',  ( -12.44000000000000100, -4.815124837953328000, 1.299999999999999600 ) ) ;
#3241 = CIRCLE ( 'NONE', #774, 1.000000000000000900 ) ;
#3242 = PLANE ( 'NONE',  #5529 ) ;
#3243 = FILL_AREA_STYLE ('',( #7814 ) ) ;
#3244 = SURFACE_STYLE_USAGE ( .BOTH. , #8713 ) ;
#3245 = ORIENTED_EDGE ( 'NONE', *, *, #11009, .T. ) ;
#3246 = VECTOR ( 'NONE', #11473, 1000.000000000000000 ) ;
#3247 = CARTESIAN_POINT ( 'NONE',  ( 10.10000000000000100, -0.8100000000000042700, 5.099999999999999600 ) ) ;
#3248 = EDGE_LOOP ( 'NONE', ( #1217, #1417, #5630, #11600, #3008, #3074, #9611, #5751 ) ) ;
#3249 = PRODUCT_RELATED_PRODUCT_CATEGORY ( 'part', '', ( #11660 ) ) ;
#3250 = DIRECTION ( 'NONE',  ( 0.0000000000000000000, 1.000000000000000000, 0.0000000000000000000 ) ) ;
#3251 = ORIENTED_EDGE ( 'NONE', *, *, #1541, .F. ) ;
#3252 = LINE ( 'NONE', #7029, #202 ) ;
#3253 = CARTESIAN_POINT ( 'NONE',  ( -6.999999999999998200, -0.8100000000000017200, 0.0000000000000000000 ) ) ;
#3254 = DIRECTION ( 'NONE',  ( 0.0000000000000000000, 1.000000000000000000, -0.0000000000000000000 ) ) ;
#3255 = CARTESIAN_POINT ( 'NONE',  ( 0.0000000000000000000, 0.2650000000000029000, -1.069999999999999000 ) ) ;
#3256 = EDGE_CURVE ( 'NONE', #3774, #6938, #3098, .T. ) ;
#3257 = CIRCLE ( 'NONE', #10602, 0.7999999999999951600 ) ;
#3258 =( NAMED_UNIT ( * ) PLANE_ANGLE_UNIT ( ) SI_UNIT ( $, .RADIAN. ) );
#3259 = STYLED_ITEM ( 'NONE', ( #879 ), #158 ) ;
#3260 = ADVANCED_FACE ( 'NONE', ( #7689 ), #516, .F. ) ;
#3261 = ORIENTED_EDGE ( 'NONE', *, *, #1768, .T. ) ;
#3262 = LINE ( 'NONE', #1997, #10291 ) ;
#3263 = CARTESIAN_POINT ( 'NONE',  ( -20.55000000000000100, -2.010000000000008200, 0.0000000000000000000 ) ) ;
#3264 = DIRECTION ( 'NONE',  ( 0.0000000000000000000, 0.7071067811865439100, 0.7071067811865512400 ) ) ;
#3265 = VECTOR ( 'NONE', #783, 1000.000000000000000 ) ;
#3266 =( NAMED_UNIT ( * ) PLANE_ANGLE_UNIT ( ) SI_UNIT ( $, .RADIAN. ) );
#3267 = LINE ( 'NONE', #6182, #5691 ) ;
#3268 = ADVANCED_FACE ( 'NONE', ( #10139 ), #9713, .T. ) ;
#3269 = ORIENTED_EDGE ( 'NONE', *, *, #1722, .F. ) ;
#3270 =( NAMED_UNIT ( * ) PLANE_ANGLE_UNIT ( ) SI_UNIT ( $, .RADIAN. ) );
#3271 = CARTESIAN_POINT ( 'NONE',  ( 2.700000000000003300, -0.9100000000000029200, 0.7000000000000009500 ) ) ;
#3272 = COLOUR_RGB ( '',0.9686274509803921600, 0.8784313725490196000, 0.5999999999999999800 ) ;
#3273 = CARTESIAN_POINT ( 'NONE',  ( 35.00000000000001400, 0.4999999999999998900, 39.34999999999998700 ) ) ;
#3274 = EDGE_CURVE ( 'NONE', #11416, #7156, #11582, .T. ) ;
#3275 = EDGE_CURVE ( 'NONE', #10738, #3682, #968, .T. ) ;
#3276 = ORIENTED_EDGE ( 'NONE', *, *, #7958, .F. ) ;
#3277 = VECTOR ( 'NONE', #1130, 1000.000000000000000 ) ;
#3278 = CIRCLE ( 'NONE', #2388, 2.500000000000002200 ) ;
#3279 = VECTOR ( 'NONE', #9863, 1000.000000000000000 ) ;
#3280 = ORIENTED_EDGE ( 'NONE', *, *, #6305, .T. ) ;
#3281 = CARTESIAN_POINT ( 'NONE',  ( -30.86000000000000700, 1.999999999999999600, -36.00000000000000700 ) ) ;
#3282 = CARTESIAN_POINT ( 'NONE',  ( 33.89999999999999900, 10.74102034176674400, -38.50000000000000700 ) ) ;
#3283 = FACE_OUTER_BOUND ( 'NONE', #10927, .T. ) ;
#3284 = DIRECTION ( 'NONE',  ( 0.0000000000000000000, 0.0000000000000000000, 1.000000000000000000 ) ) ;
#3285 = ORIENTED_EDGE ( 'NONE', *, *, #10989, .T. ) ;
#3286 = LINE ( 'NONE', #7614, #545 ) ;
#3287 = CARTESIAN_POINT ( 'NONE',  ( -32.20000000000000300, -2.100000000000000100, -48.00000000000000000 ) ) ;
#3288 = VECTOR ( 'NONE', #2055, 1000.000000000000000 ) ;
#3289 = EDGE_CURVE ( 'NONE', #4575, #2311, #2821, .T. ) ;
#3290 = AXIS2_PLACEMENT_3D ( 'NONE', #259, #6692, #1199 ) ;
#3291 = COLOUR_RGB ( '',0.7764705882352941300, 0.7568627450980391900, 0.7372549019607843600 ) ;
#3292 = CARTESIAN_POINT ( 'NONE',  ( -33.35999999999998500, 2.999999999999991600, 41.84999999999998000 ) ) ;
#3293 = CARTESIAN_POINT ( 'NONE',  ( 20.55000000000000100, -2.010000000000008200, -0.0000000000000000000 ) ) ;
#3294 = ORIENTED_EDGE ( 'NONE', *, *, #3936, .F. ) ;
#3295 =( GEOMETRIC_REPRESENTATION_CONTEXT ( 3 ) GLOBAL_UNCERTAINTY_ASSIGNED_CONTEXT ( ( #5203 ) ) GLOBAL_UNIT_ASSIGNED_CONTEXT ( ( #9070, #3584, #9996 ) ) REPRESENTATION_CONTEXT ( 'NONE', 'WORKASPACE' ) );
#3296 = CARTESIAN_POINT ( 'NONE',  ( -6.999999999999998200, -1.950000000000001100, 0.0000000000000000000 ) ) ;
#3297 = LINE ( 'NONE', #8001, #7892 ) ;
#3298 = DIRECTION ( 'NONE',  ( 0.0000000000000000000, 1.000000000000000000, 0.0000000000000000000 ) ) ;
#3299 = ORIENTED_EDGE ( 'NONE', *, *, #6815, .F. ) ;
#3300 = LINE ( 'NONE', #7288, #8193 ) ;
#3301 = VECTOR ( 'NONE', #7266, 1000.000000000000200 ) ;
#3302 = MECHANICAL_DESIGN_GEOMETRIC_PRESENTATION_REPRESENTATION (  '', ( #2051 ), #3900 ) ;
#3303 = ORIENTED_EDGE ( 'NONE', *, *, #10507, .F. ) ;
#3304 = EDGE_LOOP ( 'NONE', ( #5618, #9117, #1028, #310 ) ) ;
#3305 = FACE_OUTER_BOUND ( 'NONE', #4538, .T. ) ;
#3306 = DIRECTION ( 'NONE',  ( -0.0000000000000000000, -0.0000000000000000000, 1.000000000000000000 ) ) ;
#3307 = ORIENTED_EDGE ( 'NONE', *, *, #9284, .F. ) ;
#3308 = UNCERTAINTY_MEASURE_WITH_UNIT (LENGTH_MEASURE( 1.000000000000000100E-005 ), #4720, 'distance_accuracy_value', 'NONE');
#3309 = CARTESIAN_POINT ( 'NONE',  ( 20.55000000000000100, -2.010000000000008200, 5.099999999999999600 ) ) ;
#3310 =( LENGTH_UNIT ( ) NAMED_UNIT ( * ) SI_UNIT ( .MILLI., .METRE. ) );
#3311 = CARTESIAN_POINT ( 'NONE',  ( -2.899999999999998100, -0.8100000000000040500, 5.099999999999999600 ) ) ;
#3312 = DIRECTION ( 'NONE',  ( 0.0000000000000000000, 0.0000000000000000000, 1.000000000000000000 ) ) ;
#3313 = VECTOR ( 'NONE', #8761, 1000.000000000000000 ) ;
#3314 = CYLINDRICAL_SURFACE ( 'NONE', #10942, 0.7999999999999951600 ) ;
#3315 = ORIENTED_EDGE ( 'NONE', *, *, #9711, .T. ) ;
#3316 = ORIENTED_EDGE ( 'NONE', *, *, #6033, .T. ) ;
#3317 = ORIENTED_EDGE ( 'NONE', *, *, #9494, .F. ) ;
#3318 = ADVANCED_FACE ( 'NONE', ( #4947 ), #4681, .F. ) ;
#3319 = DIRECTION ( 'NONE',  ( -0.0000000000000000000, -0.0000000000000000000, 1.000000000000000000 ) ) ;
#3320 = AXIS2_PLACEMENT_3D ( 'NONE', #6665, #1174, #7583 ) ;
#3321 = DIRECTION ( 'NONE',  ( 0.0000000000000000000, 0.0000000000000000000, 1.000000000000000000 ) ) ;
#3322 = CARTESIAN_POINT ( 'NONE',  ( -30.86000000000000700, -3.500000000000000000, -37.25000000000000700 ) ) ;
#3323 = CARTESIAN_POINT ( 'NONE',  ( 2.300000000000001600, -0.9100000000000032500, 5.099999999999999600 ) ) ;
#3324 = CARTESIAN_POINT ( 'NONE',  ( 0.1000000000000027700, -5.401102314577125100, 5.099999999999999600 ) ) ;
#3325 = SURFACE_SIDE_STYLE ('',( #2047 ) ) ;
#3326 = LINE ( 'NONE', #6074, #3613 ) ;
#3327 = PLANE ( 'NONE',  #6013 ) ;
#3328 = EDGE_CURVE ( 'NONE', #9084, #5975, #5253, .T. ) ;
#3329 = CARTESIAN_POINT ( 'NONE',  ( 32.20000000000001700, 0.2999999999999999900, 47.20000000000001700 ) ) ;
#3330 = EDGE_CURVE ( 'NONE', #8126, #3730, #2530, .T. ) ;
#3331 = EDGE_LOOP ( 'NONE', ( #7941, #9282, #5867, #301 ) ) ;
#3332 = SURFACE_SIDE_STYLE ('',( #11146 ) ) ;
#3333 = DIRECTION ( 'NONE',  ( -1.000000000000000000, 1.668003342285391100E-017, 0.0000000000000000000 ) ) ;
#3334 = ADVANCED_FACE ( 'NONE', ( #11726 ), #6837, .T. ) ;
#3335 = SURFACE_SIDE_STYLE ('',( #5205 ) ) ;
#3336 = FILL_AREA_STYLE_COLOUR ( '', #688 ) ;
#3337 = PRESENTATION_STYLE_ASSIGNMENT (( #1157 ) ) ;
#3338 = CARTESIAN_POINT ( 'NONE',  ( 32.00000000000000000, -2.900000000000000400, 45.00000000000001400 ) ) ;
#3339 = ORIENTED_EDGE ( 'NONE', *, *, #4028, .F. ) ;
#3340 = DIRECTION ( 'NONE',  ( 0.0000000000000000000, 0.0000000000000000000, 1.000000000000000000 ) ) ;
#3341 = ORIENTED_EDGE ( 'NONE', *, *, #1204, .T. ) ;
#3342 = ORIENTED_EDGE ( 'NONE', *, *, #7124, .T. ) ;
#3343 = PLANE ( 'NONE',  #5054 ) ;
#3344 = EDGE_CURVE ( 'NONE', #2908, #577, #7133, .T. ) ;
#3345 = AXIS2_PLACEMENT_3D ( 'NONE', #10915, #5400, #11824 ) ;
#3346 = DIRECTION ( 'NONE',  ( -0.0000000000000000000, -1.000000000000000000, -0.0000000000000000000 ) ) ;
#3347 = AXIS2_PLACEMENT_3D ( 'NONE', #6897, #1393, #7820 ) ;
#3348 = EDGE_CURVE ( 'NONE', #5011, #8780, #9287, .T. ) ;
#3349 = VECTOR ( 'NONE', #5366, 1000.000000000000000 ) ;
#3350 = DIRECTION ( 'NONE',  ( 0.0000000000000000000, 0.0000000000000000000, 1.000000000000000000 ) ) ;
#3351 = CIRCLE ( 'NONE', #7059, 0.5000000000000004400 ) ;
#3352 = ORIENTED_EDGE ( 'NONE', *, *, #7881, .F. ) ;
#3353 = CARTESIAN_POINT ( 'NONE',  ( 35.00000000000000000, 0.4999999999999998900, -37.25000000000000000 ) ) ;
#3354 = VERTEX_POINT ( 'NONE', #2487 ) ;
#3355 = ORIENTED_EDGE ( 'NONE', *, *, #3274, .T. ) ;
#3356 = CIRCLE ( 'NONE', #4652, 0.7999999999999951600 ) ;
#3357 = VECTOR ( 'NONE', #5028, 1000.000000000000000 ) ;
#3358 = CIRCLE ( 'NONE', #2336, 0.5000000000000004400 ) ;
#3359 = ORIENTED_EDGE ( 'NONE', *, *, #10706, .T. ) ;
#3360 = DIRECTION ( 'NONE',  ( 1.000000000000000000, 0.0000000000000000000, -0.0000000000000000000 ) ) ;
#3361 = PLANE ( 'NONE',  #11681 ) ;
#3362 = DIRECTION ( 'NONE',  ( 0.4226182617407002200, 0.0000000000000000000, 0.9063077870366494900 ) ) ;
#3363 = ORIENTED_EDGE ( 'NONE', *, *, #9340, .T. ) ;
#3364 = EDGE_CURVE ( 'NONE', #9598, #3459, #2229, .T. ) ;
#3365 = PRESENTATION_LAYER_ASSIGNMENT (  '', '', ( #2748 ) ) ;
#3366 = SURFACE_SIDE_STYLE ('',( #3836 ) ) ;
#3367 = AXIS2_PLACEMENT_3D ( 'NONE', #6941, #9699, #4197 ) ;
#3368 = DIRECTION ( 'NONE',  ( 0.0000000000000000000, -1.000000000000000000, -0.0000000000000000000 ) ) ;
#3369 = ORIENTED_EDGE ( 'NONE', *, *, #4028, .T. ) ;
#3370 = CARTESIAN_POINT ( 'NONE',  ( 16.60000000000000500, -0.8100000000000043800, 5.099999999999999600 ) ) ;
#3371 = CARTESIAN_POINT ( 'NONE',  ( 32.20000000000000300, 2.900000000000000400, -47.20000000000000300 ) ) ;
#3372 = FILL_AREA_STYLE ('',( #591 ) ) ;
#3373 = DIRECTION ( 'NONE',  ( 1.000000000000000000, -1.668003342285391100E-017, 0.0000000000000000000 ) ) ;
#3374 = VERTEX_POINT ( 'NONE', #3426 ) ;
#3375 = FILL_AREA_STYLE_COLOUR ( '', #7021 ) ;
#3376 = DIRECTION ( 'NONE',  ( -2.409338161078899700E-016, 4.018784105375343200E-033, 1.000000000000000000 ) ) ;
#3377 = ADVANCED_FACE ( 'NONE', ( #4099 ), #10769, .T. ) ;
#3378 = ORIENTED_EDGE ( 'NONE', *, *, #1820, .F. ) ;
#3379 = VECTOR ( 'NONE', #10965, 1000.000000000000000 ) ;
#3380 = EDGE_CURVE ( 'NONE', #6794, #6422, #5679, .T. ) ;
#3381 = DIRECTION ( 'NONE',  ( 0.0000000000000000000, -1.000000000000000000, 0.0000000000000000000 ) ) ;
#3382 = LINE ( 'NONE', #3977, #948 ) ;
#3383 = ORIENTED_EDGE ( 'NONE', *, *, #9507, .F. ) ;
#3384 = DIRECTION ( 'NONE',  ( 0.0000000000000000000, 0.0000000000000000000, 1.000000000000000000 ) ) ;
#3385 = CARTESIAN_POINT ( 'NONE',  ( -32.20000000000000300, 2.900000000000000400, -47.20000000000000300 ) ) ;
#3386 = UNCERTAINTY_MEASURE_WITH_UNIT (LENGTH_MEASURE( 1.000000000000000100E-005 ), #2155, 'distance_accuracy_value', 'NONE');
#3387 = CARTESIAN_POINT ( 'NONE',  ( -32.20000000000000300, 2.150000000000010600, 47.20000000000000300 ) ) ;
#3388 = ORIENTED_EDGE ( 'NONE', *, *, #2950, .T. ) ;
#3389 = DIRECTION ( 'NONE',  ( 0.0000000000000000000, 1.000000000000000000, 0.0000000000000000000 ) ) ;
#3390 = FILL_AREA_STYLE_COLOUR ( '', #3738 ) ;
#3391 = ORIENTED_EDGE ( 'NONE', *, *, #9734, .F. ) ;
#3392 = ADVANCED_FACE ( 'NONE', ( #815 ), #4381, .F. ) ;
#3393 = VECTOR ( 'NONE', #155, 1000.000000000000000 ) ;
#3394 = PLANE ( 'NONE',  #8427 ) ;
#3395 = AXIS2_PLACEMENT_3D ( 'NONE', #10880, #1305, #7715 ) ;
#3396 = VECTOR ( 'NONE', #9231, 1000.000000000000000 ) ;
#3397 = PLANE ( 'NONE',  #5888 ) ;
#3398 = STYLED_ITEM ( 'NONE', ( #3337 ), #4160 ) ;
#3399 = EDGE_CURVE ( 'NONE', #8244, #11228, #7846, .T. ) ;
#3400 = ORIENTED_EDGE ( 'NONE', *, *, #7927, .T. ) ;
#3401 = EDGE_LOOP ( 'NONE', ( #4761, #3684, #7599, #4496 ) ) ;
#3402 = CARTESIAN_POINT ( 'NONE',  ( -6.349999999999990800, 0.0000000000000000000, 0.0000000000000000000 ) ) ;
#3403 = COLOUR_RGB ( '',0.9686274509803921600, 0.8784313725490196000, 0.5999999999999999800 ) ;
#3404 = DIRECTION ( 'NONE',  ( 0.7071067811865477900, 0.7071067811865473500, 0.0000000000000000000 ) ) ;
#3405 = DIRECTION ( 'NONE',  ( 1.000000000000000000, -1.210516988697407800E-016, 0.0000000000000000000 ) ) ;
#3406 = CARTESIAN_POINT ( 'NONE',  ( 13.10000000000000100, -0.9100000000000066900, 5.099999999999999600 ) ) ;
#3407 = CARTESIAN_POINT ( 'NONE',  ( 0.0000000000000000000, -3.500000000000000000, -49.50000000000000000 ) ) ;
#3408 = VECTOR ( 'NONE', #11487, 1000.000000000000000 ) ;
#3409 = CARTESIAN_POINT ( 'NONE',  ( 35.00000000000001400, 0.5000000000000000000, 41.84999999999997300 ) ) ;
#3410 = PLANE ( 'NONE',  #11336 ) ;
#3411 = DIRECTION ( 'NONE',  ( 0.0000000000000000000, 0.0000000000000000000, -1.000000000000000000 ) ) ;
#3412 = LINE ( 'NONE', #5495, #7693 ) ;
#3413 = ORIENTED_EDGE ( 'NONE', *, *, #2372, .F. ) ;
#3415 = CARTESIAN_POINT ( 'NONE',  ( -34.39999999999999900, 2.899999999999999900, -44.50000000000001400 ) ) ;
#3414 = STYLED_ITEM ( 'NONE', ( #3983 ), #5768 ) ;
#3416 =( NAMED_UNIT ( * ) PLANE_ANGLE_UNIT ( ) SI_UNIT ( $, .RADIAN. ) );
#3417 = EDGE_CURVE ( 'NONE', #6184, #1129, #3257, .T. ) ;
#3418 =( GEOMETRIC_REPRESENTATION_CONTEXT ( 3 ) GLOBAL_UNCERTAINTY_ASSIGNED_CONTEXT ( ( #8730 ) ) GLOBAL_UNIT_ASSIGNED_CONTEXT ( ( #6187, #684, #7111 ) ) REPRESENTATION_CONTEXT ( 'NONE', 'WORKASPACE' ) );
#3419 = ORIENTED_EDGE ( 'NONE', *, *, #11337, .F. ) ;
#3420 = FACE_BOUND ( 'NONE', #2218, .T. ) ;
#3421 = EDGE_CURVE ( 'NONE', #11851, #410, #5402, .T. ) ;
#3422 = CARTESIAN_POINT ( 'NONE',  ( -34.99999999999999300, 3.500000000000000000, 48.00000000000000000 ) ) ;
#3423 = LINE ( 'NONE', #11489, #5268 ) ;
#3424 = DIRECTION ( 'NONE',  ( -0.0000000000000000000, 1.000000000000000000, -0.0000000000000000000 ) ) ;
#3425 = VERTEX_POINT ( 'NONE', #9914 ) ;
#3426 = CARTESIAN_POINT ( 'NONE',  ( -33.89999999999998400, 2.899999999999999900, -45.00000000000001400 ) ) ;
#3427 =( LENGTH_UNIT ( ) NAMED_UNIT ( * ) SI_UNIT ( .MILLI., .METRE. ) );
#3428 = DIRECTION ( 'NONE',  ( 1.668003342285391100E-017, 1.000000000000000000, -0.0000000000000000000 ) ) ;
#3429 = ORIENTED_EDGE ( 'NONE', *, *, #5548, .T. ) ;
#3430 = CIRCLE ( 'NONE', #7580, 1.250000000000001100 ) ;
#3431 = LINE ( 'NONE', #7921, #8305 ) ;
#3432 = DIRECTION ( 'NONE',  ( -2.409338161078899700E-016, 4.018784105375343200E-033, 1.000000000000000000 ) ) ;
#3433 = VERTEX_POINT ( 'NONE', #1653 ) ;
#3434 = EDGE_CURVE ( 'NONE', #3231, #8962, #10285, .T. ) ;
#3435 = PLANE ( 'NONE',  #7140 ) ;
#3436 = EDGE_CURVE ( 'NONE', #7801, #7460, #9987, .T. ) ;
#3437 = ADVANCED_FACE ( 'NONE', ( #2957 ), #7264, .F. ) ;
#3438 = EDGE_CURVE ( 'NONE', #1885, #2844, #2676, .T. ) ;
#3439 = EDGE_LOOP ( 'NONE', ( #8860, #4642, #7422, #6314, #8372, #9448, #10347, #10411 ) ) ;
#3440 = VECTOR ( 'NONE', #525, 1000.000000000000000 ) ;
#3441 = DIRECTION ( 'NONE',  ( 0.0000000000000000000, 1.000000000000000000, 0.0000000000000000000 ) ) ;
#3442 = CARTESIAN_POINT ( 'NONE',  ( -35.00000000000000000, 0.5000000000000000000, -36.00000000000000700 ) ) ;
#3443 = DIRECTION ( 'NONE',  ( 0.0000000000000000000, -1.000000000000000000, -0.0000000000000000000 ) ) ;
#3444 = VERTEX_POINT ( 'NONE', #7222 ) ;
#3445 =( NAMED_UNIT ( * ) SI_UNIT ( $, .STERADIAN. ) SOLID_ANGLE_UNIT ( ) );
#3446 = VECTOR ( 'NONE', #1739, 1000.000000000000000 ) ;
#3447 = ORIENTED_EDGE ( 'NONE', *, *, #182, .F. ) ;
#3448 = AXIS2_PLACEMENT_3D ( 'NONE', #3385, #7076, #5254 ) ;
#3449 = CARTESIAN_POINT ( 'NONE',  ( -32.20000000000001700, 0.2999999999999999900, -45.05000000000001800 ) ) ;
#3450 = COLOUR_RGB ( '',0.8941176470588234600, 0.9137254901960784000, 0.9294117647058823800 ) ;
#3451 = FILL_AREA_STYLE ('',( #10795 ) ) ;
#3452 = ADVANCED_FACE ( 'NONE', ( #5091 ), #9986, .F. ) ;
#3453 = EDGE_LOOP ( 'NONE', ( #4151, #441, #6404, #5462 ) ) ;
#3454 = SURFACE_SIDE_STYLE ('',( #5352 ) ) ;
#3455 = EDGE_CURVE ( 'NONE', #11357, #6545, #11861, .T. ) ;
#3456 = FACE_OUTER_BOUND ( 'NONE', #8264, .T. ) ;
#3457 =( GEOMETRIC_REPRESENTATION_CONTEXT ( 3 ) GLOBAL_UNCERTAINTY_ASSIGNED_CONTEXT ( ( #10430 ) ) GLOBAL_UNIT_ASSIGNED_CONTEXT ( ( #7937, #2417, #8827 ) ) REPRESENTATION_CONTEXT ( 'NONE', 'WORKASPACE' ) );
#3458 = SURFACE_STYLE_USAGE ( .BOTH. , #8937 ) ;
#3459 = VERTEX_POINT ( 'NONE', #11842 ) ;
#3460 = VECTOR ( 'NONE', #4686, 1000.000000000000000 ) ;
#3461 = CARTESIAN_POINT ( 'NONE',  ( -15.94000000000000000, -0.8100000000000005000, 0.6999999999999992900 ) ) ;
#3463 = ORIENTED_EDGE ( 'NONE', *, *, #7511, .T. ) ;
#3462 = STYLED_ITEM ( 'NONE', ( #8419 ), #3119 ) ;
#3464 = ORIENTED_EDGE ( 'NONE', *, *, #9753, .F. ) ;
#3465 = ORIENTED_EDGE ( 'NONE', *, *, #796, .T. ) ;
#3466 = UNCERTAINTY_MEASURE_WITH_UNIT (LENGTH_MEASURE( 1.000000000000000100E-005 ), #11117, 'distance_accuracy_value', 'NONE');
#3467 = FILL_AREA_STYLE_COLOUR ( '', #3662 ) ;
#3468 = AXIS2_PLACEMENT_3D ( 'NONE', #1670, #8108, #2593 ) ;
#3469 = VECTOR ( 'NONE', #10099, 1000.000000000000000 ) ;
#3470 = ORIENTED_EDGE ( 'NONE', *, *, #9693, .F. ) ;
#3471 = DIRECTION ( 'NONE',  ( 1.000000000000000000, -2.409338161078899700E-016, 0.0000000000000000000 ) ) ;
#3472 = DIRECTION ( 'NONE',  ( 1.392979236598078500E-016, 1.000000000000000000, -0.0000000000000000000 ) ) ;
#3473 = ORIENTED_EDGE ( 'NONE', *, *, #9930, .T. ) ;
#3474 = CARTESIAN_POINT ( 'NONE',  ( -33.89999999999999900, 10.74102034176674400, -38.50000000000000700 ) ) ;
#3475 =( NAMED_UNIT ( * ) SI_UNIT ( $, .STERADIAN. ) SOLID_ANGLE_UNIT ( ) );
#3476 =( NAMED_UNIT ( * ) PLANE_ANGLE_UNIT ( ) SI_UNIT ( $, .RADIAN. ) );
#3477 = EDGE_LOOP ( 'NONE', ( #1896, #6686, #10977, #3923 ) ) ;
#3478 = AXIS2_PLACEMENT_3D ( 'NONE', #9997, #4509, #10939 ) ;
#3479 = ORIENTED_EDGE ( 'NONE', *, *, #9930, .F. ) ;
#3480 = CARTESIAN_POINT ( 'NONE',  ( -14.63999999999999900, -0.9099999999999993600, 1.299999999999999600 ) ) ;
#3481 = CARTESIAN_POINT ( 'NONE',  ( -30.85999999999999600, -2.900000000000000400, 38.09999999999998000 ) ) ;
#3482 =( NAMED_UNIT ( * ) PLANE_ANGLE_UNIT ( ) SI_UNIT ( $, .RADIAN. ) );
#3483 = SURFACE_STYLE_USAGE ( .BOTH. , #8971 ) ;
#3484 = CARTESIAN_POINT ( 'NONE',  ( -14.64000000000000100, -0.8100000000000015000, 5.099999999999999600 ) ) ;
#3485 =( GEOMETRIC_REPRESENTATION_CONTEXT ( 3 ) GLOBAL_UNCERTAINTY_ASSIGNED_CONTEXT ( ( #9338 ) ) GLOBAL_UNIT_ASSIGNED_CONTEXT ( ( #2788, #9208, #3715 ) ) REPRESENTATION_CONTEXT ( 'NONE', 'WORKASPACE' ) );
#3486 = EDGE_CURVE ( 'NONE', #10738, #7923, #9706, .T. ) ;
#3487 = FACE_OUTER_BOUND ( 'NONE', #2290, .T. ) ;
#3488 = EDGE_CURVE ( 'NONE', #9728, #7559, #6985, .T. ) ;
#3489 = DIRECTION ( 'NONE',  ( 0.0000000000000000000, 0.7071067811865479100, 0.7071067811865472400 ) ) ;
#3490 = CYLINDRICAL_SURFACE ( 'NONE', #1068, 0.5000000000000004400 ) ;
#3491 = DIRECTION ( 'NONE',  ( -2.409338161078899700E-016, -1.000000000000000000, -1.899788849813798600E-031 ) ) ;
#3492 = EDGE_LOOP ( 'NONE', ( #9374, #8399 ) ) ;
#3493 = FILL_AREA_STYLE ('',( #8078 ) ) ;
#3494 = CARTESIAN_POINT ( 'NONE',  ( -33.89999999999999900, 2.900000000000000400, -39.00000000000000700 ) ) ;
#3495 = ORIENTED_EDGE ( 'NONE', *, *, #1592, .F. ) ;
#3496 = ORIENTED_EDGE ( 'NONE', *, *, #5174, .T. ) ;
#3497 = ADVANCED_FACE ( 'NONE', ( #11573 ), #4244, .T. ) ;
#3498 = LINE ( 'NONE', #2594, #5632 ) ;
#3499 = PRESENTATION_STYLE_ASSIGNMENT (( #2905 ) ) ;
#3500 =( NAMED_UNIT ( * ) PLANE_ANGLE_UNIT ( ) SI_UNIT ( $, .RADIAN. ) );
#3501 = ORIENTED_EDGE ( 'NONE', *, *, #1094, .F. ) ;
#3502 = DIRECTION ( 'NONE',  ( 1.000000000000000000, -1.392979236598078500E-016, 0.0000000000000000000 ) ) ;
#3503 = EDGE_LOOP ( 'NONE', ( #1073, #10042, #6348, #349 ) ) ;
#3504 = ORIENTED_EDGE ( 'NONE', *, *, #6430, .F. ) ;
#3505 = EDGE_CURVE ( 'NONE', #6545, #4306, #9123, .T. ) ;
#3506 = DIRECTION ( 'NONE',  ( 0.0000000000000000000, 0.0000000000000000000, 1.000000000000000000 ) ) ;
#3507 = DIRECTION ( 'NONE',  ( 1.049727191138616500E-016, 0.5150380749100571500, -0.8571673007021105600 ) ) ;
#3508 = VECTOR ( 'NONE', #5904, 1000.000000000000000 ) ;
#3509 = ADVANCED_FACE ( 'NONE', ( #11282 ), #1514, .F. ) ;
#3510 =( NAMED_UNIT ( * ) PLANE_ANGLE_UNIT ( ) SI_UNIT ( $, .RADIAN. ) );
#3511 = VERTEX_POINT ( 'NONE', #9142 ) ;
#3512 = ORIENTED_EDGE ( 'NONE', *, *, #726, .T. ) ;
#3513 = CARTESIAN_POINT ( 'NONE',  ( -33.89999999999998400, -2.900000000000000400, 37.59999999999998000 ) ) ;
#3514 = ORIENTED_EDGE ( 'NONE', *, *, #1311, .T. ) ;
#3515 = ORIENTED_EDGE ( 'NONE', *, *, #7179, .F. ) ;
#3516 = LINE ( 'NONE', #4793, #1074 ) ;
#3517 =( NAMED_UNIT ( * ) PLANE_ANGLE_UNIT ( ) SI_UNIT ( $, .RADIAN. ) );
#3518 = FILL_AREA_STYLE_COLOUR ( '', #6024 ) ;
#3519 = DIRECTION ( 'NONE',  ( 0.0000000000000000000, 1.000000000000000000, 0.0000000000000000000 ) ) ;
#3520 = EDGE_CURVE ( 'NONE', #2862, #2050, #3942, .T. ) ;
#3521 = STYLED_ITEM ( 'NONE', ( #3005 ), #8091 ) ;
#3522 = EDGE_LOOP ( 'NONE', ( #472, #1288, #3342, #2221 ) ) ;
#3523 = UNCERTAINTY_MEASURE_WITH_UNIT (LENGTH_MEASURE( 1.000000000000000100E-005 ), #11260, 'distance_accuracy_value', 'NONE');
#3524 = STYLED_ITEM ( 'NONE', ( #103 ), #2520 ) ;
#3525 = DIRECTION ( 'NONE',  ( 0.0000000000000000000, 0.0000000000000000000, 1.000000000000000000 ) ) ;
#3526 = CARTESIAN_POINT ( 'NONE',  ( 0.0000000000000000000, -3.500000000000000000, -49.50000000000000000 ) ) ;
#3527 = VERTEX_POINT ( 'NONE', #11004 ) ;
#3528 = CARTESIAN_POINT ( 'NONE',  ( 28.00000000000000400, -1.099999999999999900, -50.00000000000000000 ) ) ;
#3529 = FACE_BOUND ( 'NONE', #2394, .T. ) ;
#3530 = CARTESIAN_POINT ( 'NONE',  ( -16.74612768284014300, -1.603872317159867000, 5.970943626461193300 ) ) ;
#3531 = LINE ( 'NONE', #4794, #1087 ) ;
#3532 = ORIENTED_EDGE ( 'NONE', *, *, #2864, .T. ) ;
#3533 = PLANE ( 'NONE',  #5369 ) ;
#3534 = DIRECTION ( 'NONE',  ( 0.0000000000000000000, 0.0000000000000000000, -1.000000000000000000 ) ) ;
#3535 = CYLINDRICAL_SURFACE ( 'NONE', #10985, 0.7999999999999951600 ) ;
#3536 = ORIENTED_EDGE ( 'NONE', *, *, #1521, .F. ) ;
#3537 = DIRECTION ( 'NONE',  ( 3.423796334164750500E-016, 0.0000000000000000000, -1.000000000000000000 ) ) ;
#3538 = VERTEX_POINT ( 'NONE', #4573 ) ;
#3539 = LINE ( 'NONE', #9626, #8142 ) ;
#3540 = DIRECTION ( 'NONE',  ( -1.000000000000000000, 1.668003342285391100E-017, 0.0000000000000000000 ) ) ;
#3541 = DIRECTION ( 'NONE',  ( -1.668003342285391100E-017, -1.000000000000000000, 0.0000000000000000000 ) ) ;
#3542 =( LENGTH_UNIT ( ) NAMED_UNIT ( * ) SI_UNIT ( .MILLI., .METRE. ) );
#3543 = DIRECTION ( 'NONE',  ( -0.0000000000000000000, 0.0000000000000000000, 1.000000000000000000 ) ) ;
#3544 = ORIENTED_EDGE ( 'NONE', *, *, #375, .T. ) ;
#3545 = DIRECTION ( 'NONE',  ( 0.0000000000000000000, -0.0000000000000000000, -1.000000000000000000 ) ) ;
#3546 = DIRECTION ( 'NONE',  ( 0.0000000000000000000, 0.0000000000000000000, 1.000000000000000000 ) ) ;
#3547 = FACE_OUTER_BOUND ( 'NONE', #2127, .T. ) ;
#3548 = AXIS2_PLACEMENT_3D ( 'NONE', #930, #7332, #1835 ) ;
#3549 = ADVANCED_FACE ( 'NONE', ( #6680 ), #8530, .T. ) ;
#3550 = EDGE_CURVE ( 'NONE', #31, #1076, #1803, .T. ) ;
#3551 = LINE ( 'NONE', #3023, #1111 ) ;
#3552 = EDGE_CURVE ( 'NONE', #7817, #25, #8826, .T. ) ;
#3553 = VECTOR ( 'NONE', #5430, 1000.000000000000000 ) ;
#3554 = COLOUR_RGB ( '',0.2509803921568627400, 0.2509803921568627400, 0.2509803921568627400 ) ;
#3555 = DIRECTION ( 'NONE',  ( 1.000000000000000000, 0.0000000000000000000, 1.387778780781445900E-016 ) ) ;
#3556 = DIRECTION ( 'NONE',  ( -0.0000000000000000000, -1.000000000000000000, -0.0000000000000000000 ) ) ;
#3557 = VERTEX_POINT ( 'NONE', #2768 ) ;
#3558 =( NAMED_UNIT ( * ) SI_UNIT ( $, .STERADIAN. ) SOLID_ANGLE_UNIT ( ) );
#3559 = CARTESIAN_POINT ( 'NONE',  ( 4.000000000000001800, -5.401102314577125100, 0.7000000000000010700 ) ) ;
#3560 = CARTESIAN_POINT ( 'NONE',  ( -32.99999999999998600, 3.500000000000000000, 49.39999999999999900 ) ) ;
#3561 = DIRECTION ( 'NONE',  ( 1.668003342285391100E-017, 1.000000000000000000, -0.0000000000000000000 ) ) ;
#3562 = VECTOR ( 'NONE', #5105, 1000.000000000000000 ) ;
#3563 = ORIENTED_EDGE ( 'NONE', *, *, #8100, .F. ) ;
#3564 = SURFACE_STYLE_USAGE ( .BOTH. , #9059 ) ;
#3565 = ADVANCED_FACE ( 'NONE', ( #11005 ), #14, .T. ) ;
#3566 = LINE ( 'NONE', #5242, #8430 ) ;
#3567 = VECTOR ( 'NONE', #10485, 1000.000000000000000 ) ;
#3568 = CARTESIAN_POINT ( 'NONE',  ( 0.0000000000000000000, 2.900000000000000400, 0.0000000000000000000 ) ) ;
#3570 = EDGE_CURVE ( 'NONE', #233, #10528, #6099, .T. ) ;
#3569 = ORIENTED_EDGE ( 'NONE', *, *, #6199, .F. ) ;
#3571 = AXIS2_PLACEMENT_3D ( 'NONE', #7906, #2380, #8797 ) ;
#3572 = DIRECTION ( 'NONE',  ( -3.168854151125935100E-048, -1.899788849813798600E-031, 1.000000000000000000 ) ) ;
#3573 = EDGE_CURVE ( 'NONE', #8422, #2039, #10718, .T. ) ;
#3574 = ORIENTED_EDGE ( 'NONE', *, *, #8220, .T. ) ;
#3575 = CARTESIAN_POINT ( 'NONE',  ( -30.86000000000000700, 0.5000000000000000000, -37.25000000000000700 ) ) ;
#3576 = ORIENTED_EDGE ( 'NONE', *, *, #9378, .F. ) ;
#3577 = LINE ( 'NONE', #4801, #10612 ) ;
#3578 = LINE ( 'NONE', #2953, #10613 ) ;
#3579 = PRESENTATION_STYLE_ASSIGNMENT (( #7476 ) ) ;
#3580 = ORIENTED_EDGE ( 'NONE', *, *, #5666, .T. ) ;
#3581 = CARTESIAN_POINT ( 'NONE',  ( -15.94000000000000300, -0.9100000000000010300, 5.100000000000000500 ) ) ;
#3582 = CARTESIAN_POINT ( 'NONE',  ( -8.300000000000000700, -0.8100000000000015000, 5.099999999999999600 ) ) ;
#3583 = ORIENTED_EDGE ( 'NONE', *, *, #8711, .T. ) ;
#3584 =( NAMED_UNIT ( * ) PLANE_ANGLE_UNIT ( ) SI_UNIT ( $, .RADIAN. ) );
#3585 = DIRECTION ( 'NONE',  ( 0.0000000000000000000, -1.000000000000000000, 0.0000000000000000000 ) ) ;
#3586 = FACE_OUTER_BOUND ( 'NONE', #11121, .T. ) ;
#3587 = EDGE_LOOP ( 'NONE', ( #5362, #11054, #4869, #7390 ) ) ;
#3588 = EDGE_CURVE ( 'NONE', #1520, #6311, #8274, .T. ) ;
#3589 = AXIS2_PLACEMENT_3D ( 'NONE', #8143, #6274, #1708 ) ;
#3590 = ORIENTED_EDGE ( 'NONE', *, *, #5496, .F. ) ;
#3592 = CARTESIAN_POINT ( 'NONE',  ( 2.300000000000001600, -0.8100000000000040500, 5.099999999999999600 ) ) ;
#3591 = LINE ( 'NONE', #7897, #6012 ) ;
#3593 = EDGE_CURVE ( 'NONE', #1666, #5250, #959, .T. ) ;
#3594 = ORIENTED_EDGE ( 'NONE', *, *, #2071, .F. ) ;
#3595 = AXIS2_PLACEMENT_3D ( 'NONE', #4876, #11306, #5800 ) ;
#3596 = DIRECTION ( 'NONE',  ( -1.000000000000000000, 0.0000000000000000000, 0.0000000000000000000 ) ) ;
#3597 = CARTESIAN_POINT ( 'NONE',  ( 34.39999999999998400, 0.2999999999999999900, -48.00000000000000000 ) ) ;
#3598 = PLANE ( 'NONE',  #372 ) ;
#3599 = DIRECTION ( 'NONE',  ( -1.000000000000000000, 0.0000000000000000000, 0.0000000000000000000 ) ) ;
#3600 = CARTESIAN_POINT ( 'NONE',  ( -33.89999999999998400, 9.722539674441609500, -45.00000000000001400 ) ) ;
#3601 = DIRECTION ( 'NONE',  ( -1.000000000000000000, 2.409338161078899700E-016, 0.0000000000000000000 ) ) ;
#3602 = ORIENTED_EDGE ( 'NONE', *, *, #1169, .T. ) ;
#3603 = SURFACE_STYLE_FILL_AREA ( #6277 ) ;
#3604 = MECHANICAL_DESIGN_GEOMETRIC_PRESENTATION_REPRESENTATION (  '', ( #1745 ), #4204 ) ;
#3605 = ORIENTED_EDGE ( 'NONE', *, *, #5243, .T. ) ;
#3606 = VECTOR ( 'NONE', #10404, 1000.000000000000000 ) ;
#3607 = CARTESIAN_POINT ( 'NONE',  ( 4.000000000000002700, -5.401102314577125100, 5.099999999999999600 ) ) ;
#3608 = UNCERTAINTY_MEASURE_WITH_UNIT (LENGTH_MEASURE( 1.000000000000000100E-005 ), #2110, 'distance_accuracy_value', 'NONE');
#3609 = SURFACE_STYLE_USAGE ( .BOTH. , #9087 ) ;
#3610 = EDGE_CURVE ( 'NONE', #10528, #9402, #5813, .T. ) ;
#3611 =( NAMED_UNIT ( * ) PLANE_ANGLE_UNIT ( ) SI_UNIT ( $, .RADIAN. ) );
#3612 = AXIS2_PLACEMENT_3D ( 'NONE', #10966, #6338, #10027 ) ;
#3613 = VECTOR ( 'NONE', #7948, 1000.000000000000000 ) ;
#3614 = COLOUR_RGB ( '',0.8941176470588234600, 0.9137254901960784000, 0.9294117647058823800 ) ;
#3615 = CARTESIAN_POINT ( 'NONE',  ( -30.00000000000000400, -2.900000000000000400, 48.89999999999999900 ) ) ;
#3616 = CARTESIAN_POINT ( 'NONE',  ( 32.20000000000001700, 0.2999999999999999900, -45.05000000000001800 ) ) ;
#3617 = ORIENTED_EDGE ( 'NONE', *, *, #9587, .T. ) ;
#3618 = DIRECTION ( 'NONE',  ( 1.000000000000000000, -1.668003342285391100E-017, 4.565061778886338000E-016 ) ) ;
#3619 = CARTESIAN_POINT ( 'NONE',  ( -21.30000000000000100, -2.850000000000001000, 7.000000000000000000 ) ) ;
#3620 = AXIS2_PLACEMENT_3D ( 'NONE', #7258, #4530, #10963 ) ;
#3621 = VECTOR ( 'NONE', #10016, 1000.000000000000000 ) ;
#3622 = DIRECTION ( 'NONE',  ( 0.0000000000000000000, 0.0000000000000000000, 1.000000000000000000 ) ) ;
#3623 = DIRECTION ( 'NONE',  ( 0.0000000000000000000, 0.0000000000000000000, -1.000000000000000000 ) ) ;
#3624 = EDGE_CURVE ( 'NONE', #10257, #6895, #3090, .T. ) ;
#3625 = ORIENTED_EDGE ( 'NONE', *, *, #496, .F. ) ;
#3626 = ADVANCED_FACE ( 'NONE', ( #10129 ), #9840, .F. ) ;
#3627 = EDGE_LOOP ( 'NONE', ( #9885, #1293, #8666, #10349 ) ) ;
#3628 = DIRECTION ( 'NONE',  ( -0.0000000000000000000, 0.0000000000000000000, -1.000000000000000000 ) ) ;
#3629 = FACE_OUTER_BOUND ( 'NONE', #10930, .T. ) ;
#3630 = ORIENTED_EDGE ( 'NONE', *, *, #40, .F. ) ;
#3631 = DIRECTION ( 'NONE',  ( 0.0000000000000000000, 0.0000000000000000000, 1.000000000000000000 ) ) ;
#3632 = CARTESIAN_POINT ( 'NONE',  ( -33.00000000000000000, 3.500000000000000000, -50.00000000000000000 ) ) ;
#3633 = DIRECTION ( 'NONE',  ( 0.0000000000000000000, 0.0000000000000000000, -1.000000000000000000 ) ) ;
#3634 = SURFACE_STYLE_USAGE ( .BOTH. , #9120 ) ;
#3635 = DIRECTION ( 'NONE',  ( -1.000000000000000000, 1.668003342285391100E-017, 0.0000000000000000000 ) ) ;
#3636 = AXIS2_PLACEMENT_3D ( 'NONE', #845, #9018, #10955 ) ;
#3637 = EDGE_CURVE ( 'NONE', #2440, #8084, #342, .T. ) ;
#3638 = ORIENTED_EDGE ( 'NONE', *, *, #7501, .T. ) ;
#3639 = AXIS2_PLACEMENT_3D ( 'NONE', #9820, #4327, #8894 ) ;
#3640 = VERTEX_POINT ( 'NONE', #1050 ) ;
#3641 = VECTOR ( 'NONE', #2547, 1000.000000000000000 ) ;
#3642 = ORIENTED_EDGE ( 'NONE', *, *, #2963, .T. ) ;
#3643 = DIRECTION ( 'NONE',  ( 0.0000000000000000000, 0.0000000000000000000, 1.000000000000000000 ) ) ;
#3644 = VERTEX_POINT ( 'NONE', #7457 ) ;
#3645 = ORIENTED_EDGE ( 'NONE', *, *, #4504, .T. ) ;
#3646 = SURFACE_STYLE_USAGE ( .BOTH. , #9132 ) ;
#3647 = DIRECTION ( 'NONE',  ( 0.0000000000000000000, -1.000000000000000000, -0.0000000000000000000 ) ) ;
#3648 = ORIENTED_EDGE ( 'NONE', *, *, #7983, .F. ) ;
#3649 = CARTESIAN_POINT ( 'NONE',  ( 0.1000000000000028500, -0.9100000000000028100, 5.099999999999999600 ) ) ;
#3650 = MECHANICAL_DESIGN_GEOMETRIC_PRESENTATION_REPRESENTATION (  '', ( #1800 ), #4259 ) ;
#3651 = VERTEX_POINT ( 'NONE', #93 ) ;
#3652 = DIRECTION ( 'NONE',  ( 0.0000000000000000000, -1.000000000000000000, 0.0000000000000000000 ) ) ;
#3653 = DIRECTION ( 'NONE',  ( -1.000000000000000000, -0.0000000000000000000, -0.0000000000000000000 ) ) ;
#3654 = AXIS2_PLACEMENT_3D ( 'NONE', #3032, #3943, #10379 ) ;
#3655 = EDGE_CURVE ( 'NONE', #11218, #6653, #4932, .T. ) ;
#3656 = EDGE_CURVE ( 'NONE', #5374, #198, #2809, .T. ) ;
#3657 =( NAMED_UNIT ( * ) PLANE_ANGLE_UNIT ( ) SI_UNIT ( $, .RADIAN. ) );
#3658 = EDGE_LOOP ( 'NONE', ( #6085, #3149, #4176, #3087 ) ) ;
#3659 = DIRECTION ( 'NONE',  ( 0.0000000000000000000, 1.000000000000000000, 0.0000000000000000000 ) ) ;
#3660 = APPLICATION_PROTOCOL_DEFINITION ( 'draft international standard', 'automotive_design', 1998, #9155 ) ;
#3661 = CYLINDRICAL_SURFACE ( 'NONE', #6569, 2.000000000000001800 ) ;
#3662 = COLOUR_RGB ( '',0.8941176470588234600, 0.9137254901960784000, 0.9294117647058823800 ) ;
#3663 = VERTEX_POINT ( 'NONE', #9310 ) ;
#3664 = AXIS2_PLACEMENT_3D ( 'NONE', #3892, #10323, #4808 ) ;
#3665 =( BOUNDED_CURVE ( )  B_SPLINE_CURVE ( 3, ( #4384, #10812, #7155, #1658 ),
 .UNSPECIFIED., .F., .F. ) 
 B_SPLINE_CURVE_WITH_KNOTS ( ( 4, 4 ),
 ( 4.712388980384689700, 7.853981633974482800 ),
 .UNSPECIFIED. ) 
 CURVE ( )  GEOMETRIC_REPRESENTATION_ITEM ( )  RATIONAL_B_SPLINE_CURVE ( ( 1.000000000000000000, 0.3333333333333333700, 0.3333333333333333700, 1.000000000000000000 ) ) 
 REPRESENTATION_ITEM ( '' )  );
#3666 = ORIENTED_EDGE ( 'NONE', *, *, #9876, .T. ) ;
#3667 = ORIENTED_EDGE ( 'NONE', *, *, #96, .F. ) ;
#3668 = SURFACE_SIDE_STYLE ('',( #106 ) ) ;
#3669 = VECTOR ( 'NONE', #9257, 1000.000000000000000 ) ;
#3670 = DIRECTION ( 'NONE',  ( 1.000000000000000000, 0.0000000000000000000, 0.0000000000000000000 ) ) ;
#3671 = CARTESIAN_POINT ( 'NONE',  ( -33.89999999999998400, 2.899999999999999900, 43.59999999999998700 ) ) ;
#3672 = CARTESIAN_POINT ( 'NONE',  ( 32.20000000000000300, 2.150000000000010600, 48.00000000000000000 ) ) ;
#3673 = EDGE_CURVE ( 'NONE', #8773, #6486, #54, .T. ) ;
#3674 = PRESENTATION_LAYER_ASSIGNMENT (  '', '', ( #2438 ) ) ;
#3675 = VECTOR ( 'NONE', #9086, 1000.000000000000000 ) ;
#3676 = VECTOR ( 'NONE', #11920, 1000.000000000000000 ) ;
#3677 = AXIS2_PLACEMENT_3D ( 'NONE', #7573, #2073, #8492 ) ;
#3678 = FILL_AREA_STYLE ('',( #9169 ) ) ;
#3679 = DIRECTION ( 'NONE',  ( 0.0000000000000000000, 1.000000000000000000, 0.0000000000000000000 ) ) ;
#3680 = COLOUR_RGB ( '',0.9686274509803921600, 0.8784313725490196000, 0.5999999999999999800 ) ;
#3681 = ADVANCED_FACE ( 'NONE', ( #9539 ), #10858, .F. ) ;
#3682 = VERTEX_POINT ( 'NONE', #6611 ) ;
#3683 = ORIENTED_EDGE ( 'NONE', *, *, #8296, .F. ) ;
#3684 = ORIENTED_EDGE ( 'NONE', *, *, #695, .T. ) ;
#3685 = CARTESIAN_POINT ( 'NONE',  ( -18.55000000000000400, 0.6699999999999917100, 5.099999999999999600 ) ) ;
#3686 = SURFACE_STYLE_FILL_AREA ( #11395 ) ;
#3687 = AXIS2_PLACEMENT_3D ( 'NONE', #7718, #2212, #8631 ) ;
#3688 = CARTESIAN_POINT ( 'NONE',  ( 8.800000000000002500, -0.9100000000000045800, 5.099999999999999600 ) ) ;
#3689 = LINE ( 'NONE', #2282, #8285 ) ;
#3690 = CARTESIAN_POINT ( 'NONE',  ( -34.39999999999998400, 2.900000000000000400, 48.00000000000000000 ) ) ;
#3691 = LINE ( 'NONE', #9201, #1242 ) ;
#3692 = LINE ( 'NONE', #3581, #6116 ) ;
#3693 = VERTEX_POINT ( 'NONE', #2028 ) ;
#3694 = DIRECTION ( 'NONE',  ( 1.000000000000000000, -2.409338161078899700E-016, 1.204669080539449600E-016 ) ) ;
#3695 = DIRECTION ( 'NONE',  ( -0.0000000000000000000, -1.000000000000000000, -0.0000000000000000000 ) ) ;
#3696 = CARTESIAN_POINT ( 'NONE',  ( -32.20000000000000300, 2.900000000000000400, -48.75000000000000000 ) ) ;
#3697 = CARTESIAN_POINT ( 'NONE',  ( 0.0000000000000000000, 0.2649999999999954600, 1.070000000000000700 ) ) ;
#3698 = ORIENTED_EDGE ( 'NONE', *, *, #11212, .T. ) ;
#3699 = CIRCLE ( 'NONE', #7361, 2.000000000000001800 ) ;
#3700 = CONICAL_SURFACE ( 'NONE', #6698, 0.7999999999999951600, 0.7853981633974536100 ) ;
#3701 = PRESENTATION_STYLE_ASSIGNMENT (( #1494 ) ) ;
#3702 = STYLED_ITEM ( 'NONE', ( #2544 ), #2493 ) ;
#3703 = APPLICATION_PROTOCOL_DEFINITION ( 'draft international standard', 'automotive_design', 1998, #907 ) ;
#3704 = VERTEX_POINT ( 'NONE', #175 ) ;
#3705 = CARTESIAN_POINT ( 'NONE',  ( 33.00000000000000000, -0.2999999999999999900, 48.00000000000000000 ) ) ;
#3706 = AXIS2_PLACEMENT_3D ( 'NONE', #11788, #6276, #790 ) ;
#3707 = FACE_OUTER_BOUND ( 'NONE', #1652, .T. ) ;
#3708 = EDGE_CURVE ( 'NONE', #9229, #2043, #1365, .T. ) ;
#3709 = EDGE_CURVE ( 'NONE', #1129, #6184, #3809, .T. ) ;
#3710 = EDGE_LOOP ( 'NONE', ( #1490, #7181, #11654, #8140 ) ) ;
#3711 = CIRCLE ( 'NONE', #5741, 2.000000000000001800 ) ;
#3712 = COLOUR_RGB ( '',0.9686274509803921600, 0.8784313725490196000, 0.5999999999999999800 ) ;
#3713 = DIRECTION ( 'NONE',  ( -0.0000000000000000000, 0.0000000000000000000, -1.000000000000000000 ) ) ;
#3714 = VECTOR ( 'NONE', #505, 1000.000000000000000 ) ;
#3715 =( NAMED_UNIT ( * ) SI_UNIT ( $, .STERADIAN. ) SOLID_ANGLE_UNIT ( ) );
#3716 = FILL_AREA_STYLE_COLOUR ( '', #10480 ) ;
#3717 = PRESENTATION_STYLE_ASSIGNMENT (( #10327 ) ) ;
#3718 = ORIENTED_EDGE ( 'NONE', *, *, #8249, .F. ) ;
#3719 =( LENGTH_UNIT ( ) NAMED_UNIT ( * ) SI_UNIT ( .MILLI., .METRE. ) );
#3720 = ORIENTED_EDGE ( 'NONE', *, *, #10748, .F. ) ;
#3721 = DIRECTION ( 'NONE',  ( 1.668003342285391400E-017, 1.000000000000000000, -0.0000000000000000000 ) ) ;
#3722 = COLOUR_RGB ( '',0.8941176470588234600, 0.9137254901960784000, 0.9294117647058823800 ) ;
#3723 = VERTEX_POINT ( 'NONE', #7495 ) ;
#3724 = AXIS2_PLACEMENT_3D ( 'NONE', #2146, #8564, #3085 ) ;
#3725 = EDGE_LOOP ( 'NONE', ( #5297, #7819, #4857, #8226, #7127, #6170 ) ) ;
#3726 = CARTESIAN_POINT ( 'NONE',  ( 34.39999999999998400, 10.74102034176674400, -33.50000000000000000 ) ) ;
#3727 = EDGE_CURVE ( 'NONE', #11567, #11413, #3531, .T. ) ;
#3728 = VECTOR ( 'NONE', #6944, 1000.000000000000000 ) ;
#3729 = CARTESIAN_POINT ( 'NONE',  ( -34.39999999999999900, 3.500000000000000000, -48.00000000000000000 ) ) ;
#3730 = VERTEX_POINT ( 'NONE', #1159 ) ;
#3731 = FACE_OUTER_BOUND ( 'NONE', #3587, .T. ) ;
#3732 = DIRECTION ( 'NONE',  ( -0.0000000000000000000, -1.000000000000000000, -0.0000000000000000000 ) ) ;
#3733 = ORIENTED_EDGE ( 'NONE', *, *, #8789, .T. ) ;
#3734 = TOROIDAL_SURFACE ( 'NONE', #11452, 1.500000000000000000, 0.5000000000000000000 ) ;
#3735 =( LENGTH_UNIT ( ) NAMED_UNIT ( * ) SI_UNIT ( .MILLI., .METRE. ) );
#3736 = VERTEX_POINT ( 'NONE', #11230 ) ;
#3737 = VERTEX_POINT ( 'NONE', #3004 ) ;
#3738 = COLOUR_RGB ( '',0.9686274509803921600, 0.8784313725490196000, 0.5999999999999999800 ) ;
#3739 = SURFACE_SIDE_STYLE ('',( #11311 ) ) ;
#3740 = ORIENTED_EDGE ( 'NONE', *, *, #6214, .F. ) ;
#3741 = ADVANCED_FACE ( 'NONE', ( #10558, #8132 ), #8483, .T. ) ;
#3742 =( NAMED_UNIT ( * ) PLANE_ANGLE_UNIT ( ) SI_UNIT ( $, .RADIAN. ) );
#3743 = EDGE_CURVE ( 'NONE', #163, #3215, #8671, .T. ) ;
#3744 = AXIS2_PLACEMENT_3D ( 'NONE', #10607, #5085, #11528 ) ;
#3745 = VERTEX_POINT ( 'NONE', #6688 ) ;
#3746 = PRESENTATION_STYLE_ASSIGNMENT (( #4187 ) ) ;
#3747 = STYLED_ITEM ( 'NONE', ( #9039 ), #2286 ) ;
#3748 = ORIENTED_EDGE ( 'NONE', *, *, #3709, .F. ) ;
#3749 = UNCERTAINTY_MEASURE_WITH_UNIT (LENGTH_MEASURE( 1.000000000000000100E-005 ), #8998, 'distance_accuracy_value', 'NONE');
#3750 = DIRECTION ( 'NONE',  ( 0.0000000000000000000, 0.0000000000000000000, -1.000000000000000000 ) ) ;
#3751 = CARTESIAN_POINT ( 'NONE',  ( 15.69999999999999900, -0.8100000000000043800, 1.300000000000002500 ) ) ;
#3752 = DIRECTION ( 'NONE',  ( 0.4226182617407002200, 0.0000000000000000000, -0.9063077870366494900 ) ) ;
#3753 = CARTESIAN_POINT ( 'NONE',  ( 6.600000000000001400, -4.815124837953332500, 1.299999999999999600 ) ) ;
#3754 = AXIS2_PLACEMENT_3D ( 'NONE', #8115, #2604, #9017 ) ;
#3755 = CARTESIAN_POINT ( 'NONE',  ( -34.40000000000001300, 0.2999999999999999900, -48.00000000000000000 ) ) ;
#3756 = CARTESIAN_POINT ( 'NONE',  ( 21.30000000000000100, -0.4500000000000074500, 7.000000000000000000 ) ) ;
#3757 = CYLINDRICAL_SURFACE ( 'NONE', #2683, 2.500000000000002200 ) ;
#3758 = VERTEX_POINT ( 'NONE', #5761 ) ;
#3759 = EDGE_CURVE ( 'NONE', #1985, #5723, #6247, .T. ) ;
#3760 = ORIENTED_EDGE ( 'NONE', *, *, #6324, .T. ) ;
#3761 = CARTESIAN_POINT ( 'NONE',  ( -10.90000000000000000, -0.9100000000000004800, 5.100000000000000500 ) ) ;
#3762 = CARTESIAN_POINT ( 'NONE',  ( 34.39999999999998400, -0.2999999999999999900, -49.39999999999999900 ) ) ;
#3763 = CARTESIAN_POINT ( 'NONE',  ( -33.89999999999998400, 10.74102034176674400, 43.59999999999998700 ) ) ;
#3764 =( NAMED_UNIT ( * ) SI_UNIT ( $, .STERADIAN. ) SOLID_ANGLE_UNIT ( ) );
#3765 = LINE ( 'NONE', #11872, #1318 ) ;
#3766 = LINE ( 'NONE', #8905, #11098 ) ;
#3767 = FILL_AREA_STYLE ('',( #2845 ) ) ;
#3768 = ORIENTED_EDGE ( 'NONE', *, *, #5021, .F. ) ;
#3769 =( GEOMETRIC_REPRESENTATION_CONTEXT ( 3 ) GLOBAL_UNCERTAINTY_ASSIGNED_CONTEXT ( ( #2111 ) ) GLOBAL_UNIT_ASSIGNED_CONTEXT ( ( #9003, #3517, #9933 ) ) REPRESENTATION_CONTEXT ( 'NONE', 'WORKASPACE' ) );
#3770 = CARTESIAN_POINT ( 'NONE',  ( -32.99999999999998600, 3.500000000000000000, 50.00000000000000000 ) ) ;
#3771 = CARTESIAN_POINT ( 'NONE',  ( -33.89999999999999900, 3.500000000000000000, -39.00000000000000700 ) ) ;
#3772 = EDGE_LOOP ( 'NONE', ( #5303, #4890, #6255, #7746 ) ) ;
#3773 = DIRECTION ( 'NONE',  ( 0.0000000000000000000, 0.0000000000000000000, 1.000000000000000000 ) ) ;
#3774 = VERTEX_POINT ( 'NONE', #4877 ) ;
#3775 = MECHANICAL_DESIGN_GEOMETRIC_PRESENTATION_REPRESENTATION (  '', ( #2539 ), #4390 ) ;
#3776 = CARTESIAN_POINT ( 'NONE',  ( 20.55000000000000100, 1.949999999999991500, 5.099999999999999600 ) ) ;
#3777 = CARTESIAN_POINT ( 'NONE',  ( 29.50000000000000000, 2.900000000000000400, 48.89999999999999900 ) ) ;
#3778 = EDGE_CURVE ( 'NONE', #5291, #2934, #3241, .T. ) ;
#3779 = DIRECTION ( 'NONE',  ( -0.0000000000000000000, -1.000000000000000000, -0.0000000000000000000 ) ) ;
#3780 = FACE_OUTER_BOUND ( 'NONE', #3189, .T. ) ;
#3781 = EDGE_LOOP ( 'NONE', ( #8290, #1624, #5530, #8187, #2910 ) ) ;
#3782 = DIRECTION ( 'NONE',  ( 1.000000000000000000, -1.668003342285391100E-017, 3.423796334164750500E-016 ) ) ;
#3783 = ORIENTED_EDGE ( 'NONE', *, *, #2898, .F. ) ;
#3784 = EDGE_LOOP ( 'NONE', ( #9515, #865, #436, #1799 ) ) ;
#3785 = VECTOR ( 'NONE', #1307, 1000.000000000000000 ) ;
#3786 = PLANE ( 'NONE',  #4760 ) ;
#3787 = CARTESIAN_POINT ( 'NONE',  ( 20.55000000000000100, -2.010000000000008200, 5.099999999999999600 ) ) ;
#3788 = DIRECTION ( 'NONE',  ( 0.0000000000000000000, 0.0000000000000000000, 1.000000000000000000 ) ) ;
#3789 = ORIENTED_EDGE ( 'NONE', *, *, #6050, .F. ) ;
#3790 = EDGE_CURVE ( 'NONE', #7625, #5533, #10274, .T. ) ;
#3791 = ORIENTED_EDGE ( 'NONE', *, *, #221, .F. ) ;
#3792 = DIRECTION ( 'NONE',  ( 0.0000000000000000000, 0.0000000000000000000, 1.000000000000000000 ) ) ;
#3793 = SURFACE_SIDE_STYLE ('',( #801 ) ) ;
#3794 = ORIENTED_EDGE ( 'NONE', *, *, #4797, .F. ) ;
#3795 = ORIENTED_EDGE ( 'NONE', *, *, #11860, .F. ) ;
#3796 = ADVANCED_FACE ( 'NONE', ( #5388 ), #3343, .F. ) ;
#3797 = EDGE_CURVE ( 'NONE', #1726, #10704, #4526, .T. ) ;
#3798 = VECTOR ( 'NONE', #173, 1000.000000000000000 ) ;
#3799 = CARTESIAN_POINT ( 'NONE',  ( 32.00000000000000000, 9.722539674441609500, -45.00000000000001400 ) ) ;
#3800 = ORIENTED_EDGE ( 'NONE', *, *, #11667, .T. ) ;
#3801 = CARTESIAN_POINT ( 'NONE',  ( 30.86000000000001700, 2.751075773784449600, 40.59999999999998000 ) ) ;
#3802 = DIRECTION ( 'NONE',  ( 0.0000000000000000000, 1.000000000000000000, 0.0000000000000000000 ) ) ;
#3803 = SURFACE_SIDE_STYLE ('',( #11257 ) ) ;
#3804 = ORIENTED_EDGE ( 'NONE', *, *, #6502, .T. ) ;
#3805 = COLOUR_RGB ( '',0.8941176470588234600, 0.9137254901960784000, 0.9294117647058823800 ) ;
#3806 = VECTOR ( 'NONE', #5558, 1000.000000000000000 ) ;
#3807 = DIRECTION ( 'NONE',  ( 1.000000000000000000, 1.445602896647337900E-016, -0.0000000000000000000 ) ) ;
#3808 = CARTESIAN_POINT ( 'NONE',  ( 1.767299457939686800, -0.1129433907941508900, 0.1129433907941505300 ) ) ;
#3809 = CIRCLE ( 'NONE', #9131, 0.7999999999999951600 ) ;
#3810 = EDGE_CURVE ( 'NONE', #3161, #9892, #9399, .T. ) ;
#3811 =( GEOMETRIC_REPRESENTATION_CONTEXT ( 3 ) GLOBAL_UNCERTAINTY_ASSIGNED_CONTEXT ( ( #4546 ) ) GLOBAL_UNIT_ASSIGNED_CONTEXT ( ( #833, #7244, #1743 ) ) REPRESENTATION_CONTEXT ( 'NONE', 'WORKASPACE' ) );
#3812 = ORIENTED_EDGE ( 'NONE', *, *, #5248, .F. ) ;
#3813 = EDGE_CURVE ( 'NONE', #4168, #1545, #6971, .T. ) ;
#3814 = CARTESIAN_POINT ( 'NONE',  ( -33.89999999999999900, 2.899999999999999900, -33.50000000000000000 ) ) ;
#3815 = UNCERTAINTY_MEASURE_WITH_UNIT (LENGTH_MEASURE( 1.000000000000000100E-005 ), #8969, 'distance_accuracy_value', 'NONE');
#3816 = ORIENTED_EDGE ( 'NONE', *, *, #7387, .T. ) ;
#3817 = ORIENTED_EDGE ( 'NONE', *, *, #2298, .T. ) ;
#3818 = CARTESIAN_POINT ( 'NONE',  ( -1.199999999999998800, -0.9100000000000041400, 5.099999999999999600 ) ) ;
#3819 = VECTOR ( 'NONE', #10631, 1000.000000000000000 ) ;
#3820 = AXIS2_PLACEMENT_3D ( 'NONE', #5574, #55, #6498 ) ;
#3821 = FACE_OUTER_BOUND ( 'NONE', #10111, .T. ) ;
#3822 = DIRECTION ( 'NONE',  ( 1.000000000000000000, 0.0000000000000000000, 0.0000000000000000000 ) ) ;
#3823 =( NAMED_UNIT ( * ) PLANE_ANGLE_UNIT ( ) SI_UNIT ( $, .RADIAN. ) );
#3824 = EDGE_LOOP ( 'NONE', ( #10184, #17, #10608, #6887 ) ) ;
#3825 = DIRECTION ( 'NONE',  ( 0.0000000000000000000, 0.0000000000000000000, -1.000000000000000000 ) ) ;
#3826 = EDGE_CURVE ( 'NONE', #7456, #5374, #2064, .T. ) ;
#3827 = PRESENTATION_LAYER_ASSIGNMENT (  '', '', ( #2606 ) ) ;
#3828 = FACE_OUTER_BOUND ( 'NONE', #2924, .T. ) ;
#3829 = AXIS2_PLACEMENT_3D ( 'NONE', #1487, #7931, #2401 ) ;
#3830 = DIRECTION ( 'NONE',  ( -0.0000000000000000000, -0.0000000000000000000, -1.000000000000000000 ) ) ;
#3831 = ORIENTED_EDGE ( 'NONE', *, *, #9564, .F. ) ;
#3832 = CYLINDRICAL_SURFACE ( 'NONE', #4049, 1.250000000000001100 ) ;
#3833 = CARTESIAN_POINT ( 'NONE',  ( 30.86000000000001700, 1.999999999999999600, 41.84999999999998700 ) ) ;
#3834 = ORIENTED_EDGE ( 'NONE', *, *, #6637, .F. ) ;
#3835 = AXIS2_PLACEMENT_3D ( 'NONE', #3753, #10168, #4668 ) ;
#3836 = SURFACE_STYLE_FILL_AREA ( #586 ) ;
#3837 = DIRECTION ( 'NONE',  ( 0.8518743543862779000, -0.5185923423617760900, -0.07329438438713087300 ) ) ;
#3838 = PLANE ( 'NONE',  #5747 ) ;
#3839 = CARTESIAN_POINT ( 'NONE',  ( -18.39999999999999100, 3.500000000000000000, -49.39999999999999900 ) ) ;
#3840 = ORIENTED_EDGE ( 'NONE', *, *, #3169, .F. ) ;
#3841 =( NAMED_UNIT ( * ) SI_UNIT ( $, .STERADIAN. ) SOLID_ANGLE_UNIT ( ) );
#3842 = CARTESIAN_POINT ( 'NONE',  ( -30.00000000000000400, -2.900000000000000400, -45.00000000000001400 ) ) ;
#3843 = PRESENTATION_STYLE_ASSIGNMENT (( #6830 ) ) ;
#3844 =( LENGTH_UNIT ( ) NAMED_UNIT ( * ) SI_UNIT ( .MILLI., .METRE. ) );
#3845 = VERTEX_POINT ( 'NONE', #6130 ) ;
#3846 = DIRECTION ( 'NONE',  ( -1.000000000000000000, 1.392979236598078500E-016, 0.0000000000000000000 ) ) ;
#3847 = ORIENTED_EDGE ( 'NONE', *, *, #6103, .T. ) ;
#3848 =( NAMED_UNIT ( * ) SI_UNIT ( $, .STERADIAN. ) SOLID_ANGLE_UNIT ( ) );
#3849 = DIRECTION ( 'NONE',  ( 0.0000000000000000000, 1.000000000000000000, 0.0000000000000000000 ) ) ;
#3850 = ADVANCED_FACE ( 'NONE', ( #9110 ), #10723, .F. ) ;
#3851 = VERTEX_POINT ( 'NONE', #7074 ) ;
#3852 = CARTESIAN_POINT ( 'NONE',  ( 14.39999999999999700, -4.815124837953332500, 5.099999999999999600 ) ) ;
#3853 = PRODUCT_DEFINITION_FORMATION_WITH_SPECIFIED_SOURCE ( 'ANY', '', #666, .NOT_KNOWN. ) ;
#3854 = SURFACE_STYLE_FILL_AREA ( #4164 ) ;
#3855 = VERTEX_POINT ( 'NONE', #8907 ) ;
#3857 = DIRECTION ( 'NONE',  ( -0.0000000000000000000, 1.000000000000000000, -0.0000000000000000000 ) ) ;
#3856 = SURFACE_STYLE_FILL_AREA ( #1034 ) ;
#3858 = STYLED_ITEM ( 'NONE', ( #8568 ), #5222 ) ;
#3860 = EDGE_CURVE ( 'NONE', #8724, #11388, #4230, .T. ) ;
#3859 = ORIENTED_EDGE ( 'NONE', *, *, #2582, .T. ) ;
#3861 = PRESENTATION_LAYER_ASSIGNMENT (  '', '', ( #3259 ) ) ;
#3862 =( NAMED_UNIT ( * ) PLANE_ANGLE_UNIT ( ) SI_UNIT ( $, .RADIAN. ) );
#3863 = ORIENTED_EDGE ( 'NONE', *, *, #1934, .T. ) ;
#3864 = DIRECTION ( 'NONE',  ( -1.000000000000000000, -0.0000000000000000000, 1.387778780781445900E-016 ) ) ;
#3865 = SURFACE_STYLE_FILL_AREA ( #1631 ) ;
#3866 = VERTEX_POINT ( 'NONE', #11678 ) ;
#3867 = ORIENTED_EDGE ( 'NONE', *, *, #1587, .F. ) ;
#3868 = CARTESIAN_POINT ( 'NONE',  ( -34.39999999999999900, -0.2999999999999999900, 49.39999999999999900 ) ) ;
#3869 = CARTESIAN_POINT ( 'NONE',  ( 3.600000000000001400, -0.8100000000000041600, 5.099999999999999600 ) ) ;
#3870 = ORIENTED_EDGE ( 'NONE', *, *, #7541, .F. ) ;
#3871 = DIRECTION ( 'NONE',  ( -0.0000000000000000000, -1.000000000000000000, -0.0000000000000000000 ) ) ;
#3872 = ORIENTED_EDGE ( 'NONE', *, *, #2156, .T. ) ;
#3873 = CONICAL_SURFACE ( 'NONE', #1616, 2.149999999999999000, 0.7853981633974495000 ) ;
#3874 =( LENGTH_UNIT ( ) NAMED_UNIT ( * ) SI_UNIT ( .MILLI., .METRE. ) );
#3875 = CARTESIAN_POINT ( 'NONE',  ( 2.300000000000001600, -0.8100000000000040500, 5.099999999999999600 ) ) ;
#3876 = PLANE ( 'NONE',  #1804 ) ;
#3877 = STYLED_ITEM ( 'NONE', ( #7822 ), #6676 ) ;
#3878 = VERTEX_POINT ( 'NONE', #4336 ) ;
#3879 = LINE ( 'NONE', #2158, #8464 ) ;
#3880 = EDGE_CURVE ( 'NONE', #7559, #141, #1499, .T. ) ;
#3881 = EDGE_CURVE ( 'NONE', #6073, #5250, #6385, .T. ) ;
#3882 = CARTESIAN_POINT ( 'NONE',  ( 4.000000000000002700, -0.9100000000000029200, 0.7000000000000010700 ) ) ;
#3883 = DIRECTION ( 'NONE',  ( -0.0000000000000000000, -1.000000000000000000, -0.0000000000000000000 ) ) ;
#3884 = DIRECTION ( 'NONE',  ( -0.0000000000000000000, -1.000000000000000000, -0.0000000000000000000 ) ) ;
#3885 = PLANE ( 'NONE',  #507 ) ;
#3886 = LINE ( 'NONE', #1430, #6034 ) ;
#3887 = LINE ( 'NONE', #6719, #6038 ) ;
#3888 = CARTESIAN_POINT ( 'NONE',  ( -9.999999999999998200, -0.9100000000000007000, 5.099999999999999600 ) ) ;
#3889 = CARTESIAN_POINT ( 'NONE',  ( -30.85999999999999600, 10.74102034176674400, 38.09999999999998000 ) ) ;
#3890 = VERTEX_POINT ( 'NONE', #3422 ) ;
#3891 = EDGE_CURVE ( 'NONE', #6770, #8244, #8519, .T. ) ;
#3892 = CARTESIAN_POINT ( 'NONE',  ( 32.20000000000001700, -0.2999999999999999900, -47.20000000000001700 ) ) ;
#3893 = SURFACE_SIDE_STYLE ('',( #9570 ) ) ;
#3894 = VECTOR ( 'NONE', #805, 1000.000000000000000 ) ;
#3895 = ORIENTED_EDGE ( 'NONE', *, *, #6865, .T. ) ;
#3896 = SURFACE_SIDE_STYLE ('',( #8573 ) ) ;
#3897 = DIRECTION ( 'NONE',  ( -0.0000000000000000000, -1.000000000000000000, -0.0000000000000000000 ) ) ;
#3898 = CARTESIAN_POINT ( 'NONE',  ( -12.12000000000000300, -0.8100000000000009400, 5.100000000000000500 ) ) ;
#3899 = ORIENTED_EDGE ( 'NONE', *, *, #3826, .T. ) ;
#3900 =( GEOMETRIC_REPRESENTATION_CONTEXT ( 3 ) GLOBAL_UNCERTAINTY_ASSIGNED_CONTEXT ( ( #5642 ) ) GLOBAL_UNIT_ASSIGNED_CONTEXT ( ( #5680, #166, #6606 ) ) REPRESENTATION_CONTEXT ( 'NONE', 'WORKASPACE' ) );
#3901 = CIRCLE ( 'NONE', #8391, 1.549999999999995800 ) ;
#3902 = ADVANCED_FACE ( 'NONE', ( #10992 ), #328, .F. ) ;
#3903 = ORIENTED_EDGE ( 'NONE', *, *, #278, .F. ) ;
#3904 = CARTESIAN_POINT ( 'NONE',  ( 28.00000000000000400, -1.099999999999999900, -50.00000000000000000 ) ) ;
#3905 = EDGE_LOOP ( 'NONE', ( #5394, #9328, #8627, #3948 ) ) ;
#3906 = FILL_AREA_STYLE ('',( #4788 ) ) ;
#3907 = CARTESIAN_POINT ( 'NONE',  ( -16.34000000000000000, -2.010000000000008700, 5.099999999999999600 ) ) ;
#3908 = ORIENTED_EDGE ( 'NONE', *, *, #11240, .T. ) ;
#3909 = CARTESIAN_POINT ( 'NONE',  ( -33.89999999999998400, 10.74102034176674400, 38.09999999999998000 ) ) ;
#3910 = STYLED_ITEM ( 'NONE', ( #381 ), #11864 ) ;
#3911 = VECTOR ( 'NONE', #9848, 1000.000000000000000 ) ;
#3912 = DIRECTION ( 'NONE',  ( 0.0000000000000000000, 0.0000000000000000000, -1.000000000000000000 ) ) ;
#3913 = EDGE_LOOP ( 'NONE', ( #2196, #1724, #7494, #3950 ) ) ;
#3914 = CARTESIAN_POINT ( 'NONE',  ( 0.3000000000000042600, 2.326828918379970900E-016, -1.899999999999999700 ) ) ;
#3915 = ORIENTED_EDGE ( 'NONE', *, *, #7824, .T. ) ;
#3916 = AXIS2_PLACEMENT_3D ( 'NONE', #11377, #5869, #359 ) ;
#3917 = VERTEX_POINT ( 'NONE', #727 ) ;
#3918 = CARTESIAN_POINT ( 'NONE',  ( 20.55000000000000100, 1.949999999999991500, 5.099999999999999600 ) ) ;
#3919 = EDGE_CURVE ( 'NONE', #3640, #9414, #7667, .T. ) ;
#3920 = EDGE_CURVE ( 'NONE', #6677, #2783, #5229, .T. ) ;
#3921 = ORIENTED_EDGE ( 'NONE', *, *, #624, .F. ) ;
#3922 = COLOUR_RGB ( '',0.9686274509803921600, 0.8784313725490196000, 0.5999999999999999800 ) ;
#3923 = ORIENTED_EDGE ( 'NONE', *, *, #221, .T. ) ;
#3924 = VERTEX_POINT ( 'NONE', #9951 ) ;
#3925 = ORIENTED_EDGE ( 'NONE', *, *, #8841, .F. ) ;
#3926 = CARTESIAN_POINT ( 'NONE',  ( -3.999999999999997300, -0.9500000000000009500, 6.299999999999999800 ) ) ;
#3927 = DIRECTION ( 'NONE',  ( -1.392979236598078500E-016, 1.000000000000000000, -0.0000000000000000000 ) ) ;
#3928 = FACE_OUTER_BOUND ( 'NONE', #7875, .T. ) ;
#3929 = EDGE_CURVE ( 'NONE', #4427, #7496, #6777, .T. ) ;
#3930 = SURFACE_STYLE_FILL_AREA ( #1650 ) ;
#3931 = DIRECTION ( 'NONE',  ( -1.387778780781445900E-016, 0.0000000000000000000, -1.000000000000000000 ) ) ;
#3932 = AXIS2_PLACEMENT_3D ( 'NONE', #9934, #4439, #10871 ) ;
#3933 = CARTESIAN_POINT ( 'NONE',  ( 30.86000000000000700, -2.900000000000000400, -36.00000000000000700 ) ) ;
#3934 = ORIENTED_EDGE ( 'NONE', *, *, #10420, .F. ) ;
#3935 = AXIS2_PLACEMENT_3D ( 'NONE', #5025, #8716, #11510 ) ;
#3936 = EDGE_CURVE ( 'NONE', #9965, #2159, #1893, .T. ) ;
#3937 = ORIENTED_EDGE ( 'NONE', *, *, #1704, .F. ) ;
#3938 = ORIENTED_EDGE ( 'NONE', *, *, #10472, .F. ) ;
#3939 = DIRECTION ( 'NONE',  ( 1.000000000000000000, -2.409338161078899700E-016, 2.409338161078899700E-016 ) ) ;
#3940 = VECTOR ( 'NONE', #11104, 1000.000000000000000 ) ;
#3941 = VECTOR ( 'NONE', #11749, 1000.000000000000000 ) ;
#3942 = LINE ( 'NONE', #10068, #6399 ) ;
#3943 = DIRECTION ( 'NONE',  ( 0.0000000000000000000, 1.000000000000000000, 0.0000000000000000000 ) ) ;
#3944 = UNCERTAINTY_MEASURE_WITH_UNIT (LENGTH_MEASURE( 1.000000000000000100E-005 ), #9972, 'distance_accuracy_value', 'NONE');
#3945 = CIRCLE ( 'NONE', #11826, 1.899999999999999000 ) ;
#3946 = DIRECTION ( 'NONE',  ( 0.0000000000000000000, 0.0000000000000000000, -1.000000000000000000 ) ) ;
#3947 = ORIENTED_EDGE ( 'NONE', *, *, #2023, .T. ) ;
#3948 = ORIENTED_EDGE ( 'NONE', *, *, #5617, .F. ) ;
#3949 = CARTESIAN_POINT ( 'NONE',  ( 20.55000000000000100, -2.010000000000008200, 5.099999999999999600 ) ) ;
#3950 = ORIENTED_EDGE ( 'NONE', *, *, #9210, .F. ) ;
#3951 = DIRECTION ( 'NONE',  ( 1.392979236598078500E-016, 1.000000000000000000, -0.0000000000000000000 ) ) ;
#3952 = LINE ( 'NONE', #10431, #6109 ) ;
#3953 = FILL_AREA_STYLE_COLOUR ( '', #3680 ) ;
#3954 = EDGE_CURVE ( 'NONE', #9321, #7645, #5578, .T. ) ;
#3955 = MECHANICAL_DESIGN_GEOMETRIC_PRESENTATION_REPRESENTATION (  '', ( #2748 ), #4583 ) ;
#3956 = PLANE ( 'NONE',  #5114 ) ;
#3957 = AXIS2_PLACEMENT_3D ( 'NONE', #3371, #9781, #4281 ) ;
#3958 = CARTESIAN_POINT ( 'NONE',  ( -2.499999999999997300, -0.9100000000000041400, 1.299999999999999200 ) ) ;
#3959 = ADVANCED_FACE ( 'NONE', ( #8929 ), #1728, .T. ) ;
#3960 = VECTOR ( 'NONE', #7350, 1000.000000000000000 ) ;
#3961 = CARTESIAN_POINT ( 'NONE',  ( 6.600000000000001400, -0.8100000000000041600, 5.099999999999999600 ) ) ;
#3962 = VECTOR ( 'NONE', #11769, 1000.000000000000000 ) ;
#3963 = EDGE_LOOP ( 'NONE', ( #6434, #2426, #9827, #6891, #5625, #8975 ) ) ;
#3964 = VECTOR ( 'NONE', #2552, 1000.000000000000000 ) ;
#3965 = STYLED_ITEM ( 'NONE', ( #4053 ), #9819 ) ;
#3966 = FILL_AREA_STYLE ('',( #3052 ) ) ;
#3967 = VERTEX_POINT ( 'NONE', #2649 ) ;
#3968 = VECTOR ( 'NONE', #5918, 1000.000000000000000 ) ;
#3969 = CIRCLE ( 'NONE', #7321, 1.399999999999998600 ) ;
#3970 = DIRECTION ( 'NONE',  ( 0.0000000000000000000, 0.0000000000000000000, -1.000000000000000000 ) ) ;
#3971 = SURFACE_STYLE_FILL_AREA ( #578 ) ;
#3972 = CARTESIAN_POINT ( 'NONE',  ( -14.64000000000000100, -4.815124837953327100, 5.099999999999999600 ) ) ;
#3973 = EDGE_CURVE ( 'NONE', #4966, #7817, #1618, .T. ) ;
#3974 = ADVANCED_FACE ( 'NONE', ( #4041 ), #2687, .F. ) ;
#3975 = ORIENTED_EDGE ( 'NONE', *, *, #5407, .F. ) ;
#3976 = DIRECTION ( 'NONE',  ( 1.668003342285391100E-017, 1.000000000000000000, -0.0000000000000000000 ) ) ;
#3977 = CARTESIAN_POINT ( 'NONE',  ( -12.44000000000000100, -4.815124837953328000, 5.099999999999999600 ) ) ;
#3978 = VECTOR ( 'NONE', #4614, 1000.000000000000000 ) ;
#3979 = ORIENTED_EDGE ( 'NONE', *, *, #9, .F. ) ;
#3980 = FACE_OUTER_BOUND ( 'NONE', #5742, .T. ) ;
#3981 = CARTESIAN_POINT ( 'NONE',  ( -2.499999999999998700, -0.9100000000000041400, 5.099999999999999600 ) ) ;
#3982 = LINE ( 'NONE', #6045, #994 ) ;
#3983 = PRESENTATION_STYLE_ASSIGNMENT (( #1422 ) ) ;
#3984 = STYLED_ITEM ( 'NONE', ( #4455 ), #11389 ) ;
#3985 = VECTOR ( 'NONE', #3822, 1000.000000000000000 ) ;
#3986 = ORIENTED_EDGE ( 'NONE', *, *, #1046, .T. ) ;
#3987 = SURFACE_STYLE_USAGE ( .BOTH. , #9484 ) ;
#3988 = DIRECTION ( 'NONE',  ( 1.392979236598078500E-016, 1.000000000000000000, -0.0000000000000000000 ) ) ;
#3989 = PRESENTATION_LAYER_ASSIGNMENT (  '', '', ( #3398 ) ) ;
#3990 = SURFACE_STYLE_USAGE ( .BOTH. , #9487 ) ;
#3991 = EDGE_CURVE ( 'NONE', #5507, #781, #11096, .T. ) ;
#3992 = EDGE_LOOP ( 'NONE', ( #944, #9907, #3617, #2512 ) ) ;
#3993 = DIRECTION ( 'NONE',  ( -1.000000000000000000, 0.0000000000000000000, 0.0000000000000000000 ) ) ;
#3994 = LINE ( 'NONE', #9198, #6152 ) ;
#3995 = FILL_AREA_STYLE_COLOUR ( '', #7912 ) ;
#3996 = DIRECTION ( 'NONE',  ( -1.392979236598078500E-016, -1.000000000000000000, 0.0000000000000000000 ) ) ;
#3997 = ORIENTED_EDGE ( 'NONE', *, *, #6267, .F. ) ;
#3998 = CARTESIAN_POINT ( 'NONE',  ( 32.20000000000000300, -2.100000000000000100, -46.40000000000001300 ) ) ;
#3999 = ORIENTED_EDGE ( 'NONE', *, *, #10317, .T. ) ;
#4000 = CARTESIAN_POINT ( 'NONE',  ( -18.55000000000000400, -2.010000000000008200, 0.0000000000000000000 ) ) ;
#4001 = FACE_BOUND ( 'NONE', #2652, .T. ) ;
#4002 = CARTESIAN_POINT ( 'NONE',  ( 33.89999999999999900, 2.899999999999999900, -38.50000000000000700 ) ) ;
#4003 = FACE_OUTER_BOUND ( 'NONE', #1051, .T. ) ;
#4004 = PRESENTATION_LAYER_ASSIGNMENT (  '', '', ( #3414 ) ) ;
#4005 = ORIENTED_EDGE ( 'NONE', *, *, #8423, .F. ) ;
#4006 = EDGE_CURVE ( 'NONE', #8461, #1929, #3765, .T. ) ;
#4007 = VERTEX_POINT ( 'NONE', #899 ) ;
#4008 = ORIENTED_EDGE ( 'NONE', *, *, #3570, .T. ) ;
#4009 = VECTOR ( 'NONE', #6057, 1000.000000000000000 ) ;
#4010 = CARTESIAN_POINT ( 'NONE',  ( -2.499999999999998700, -0.9100000000000041400, 5.099999999999999600 ) ) ;
#4011 = EDGE_CURVE ( 'NONE', #5312, #11679, #6202, .T. ) ;
#4012 = CARTESIAN_POINT ( 'NONE',  ( -30.86000000000000700, 1.999999999999999600, -36.00000000000000700 ) ) ;
#4013 = FILL_AREA_STYLE_COLOUR ( '', #1156 ) ;
#4014 = ORIENTED_EDGE ( 'NONE', *, *, #9167, .F. ) ;
#4015 = VECTOR ( 'NONE', #5062, 1000.000000000000000 ) ;
#4016 = UNCERTAINTY_MEASURE_WITH_UNIT (LENGTH_MEASURE( 1.000000000000000100E-005 ), #7431, 'distance_accuracy_value', 'NONE');
#4017 = ORIENTED_EDGE ( 'NONE', *, *, #4081, .F. ) ;
#4018 = LINE ( 'NONE', #8432, #11081 ) ;
#4019 = ADVANCED_FACE ( 'NONE', ( #4340 ), #5491, .F. ) ;
#4020 = DIRECTION ( 'NONE',  ( 1.000000000000000000, 0.0000000000000000000, 0.0000000000000000000 ) ) ;
#4021 =( NAMED_UNIT ( * ) PLANE_ANGLE_UNIT ( ) SI_UNIT ( $, .RADIAN. ) );
#4022 = CARTESIAN_POINT ( 'NONE',  ( -6.999999999999998200, -1.950000000000001100, 7.000000000000000000 ) ) ;
#4023 = DIRECTION ( 'NONE',  ( 1.000000000000000000, 0.0000000000000000000, -0.0000000000000000000 ) ) ;
#4024 = EDGE_CURVE ( 'NONE', #3538, #9536, #1044, .T. ) ;
#4025 = VECTOR ( 'NONE', #5796, 1000.000000000000000 ) ;
#4026 = AXIS2_PLACEMENT_3D ( 'NONE', #6070, #585, #7013 ) ;
#4027 = DIRECTION ( 'NONE',  ( 0.0000000000000000000, -0.0000000000000000000, -1.000000000000000000 ) ) ;
#4028 = EDGE_CURVE ( 'NONE', #11173, #5545, #8353, .T. ) ;
#4029 = EDGE_CURVE ( 'NONE', #6450, #11707, #10510, .T. ) ;
#4030 = PRESENTATION_STYLE_ASSIGNMENT (( #11188 ) ) ;
#4031 = DIRECTION ( 'NONE',  ( 0.0000000000000000000, 0.0000000000000000000, -1.000000000000000000 ) ) ;
#4032 = EDGE_LOOP ( 'NONE', ( #10964, #6264, #5649, #8388 ) ) ;
#4033 = CARTESIAN_POINT ( 'NONE',  ( 26.55000000000000400, -1.099999999999996800, -42.20000000000000300 ) ) ;
#4034 = EDGE_LOOP ( 'NONE', ( #10073, #4090, #6493, #9671 ) ) ;
#4035 = DIRECTION ( 'NONE',  ( -0.0000000000000000000, 1.000000000000000000, -0.0000000000000000000 ) ) ;
#4036 = ADVANCED_FACE ( 'NONE', ( #3487 ), #7334, .T. ) ;
#4037 = CARTESIAN_POINT ( 'NONE',  ( 7.500000000000001800, -4.815124837953332500, 5.099999999999999600 ) ) ;
#4038 = DIRECTION ( 'NONE',  ( 0.0000000000000000000, -0.0000000000000000000, 1.000000000000000000 ) ) ;
#4039 = DIRECTION ( 'NONE',  ( -0.0000000000000000000, -0.0000000000000000000, -1.000000000000000000 ) ) ;
#4040 = MECHANICAL_DESIGN_GEOMETRIC_PRESENTATION_REPRESENTATION (  '', ( #2822 ), #4663 ) ;
#4041 = FACE_OUTER_BOUND ( 'NONE', #2579, .T. ) ;
#4042 = CARTESIAN_POINT ( 'NONE',  ( -30.00000000000000400, 9.722539674441609500, 48.89999999999999900 ) ) ;
#4043 = FACE_OUTER_BOUND ( 'NONE', #10642, .T. ) ;
#4044 = ORIENTED_EDGE ( 'NONE', *, *, #8390, .T. ) ;
#4045 = PRESENTATION_STYLE_ASSIGNMENT (( #2316 ) ) ;
#4046 = ORIENTED_EDGE ( 'NONE', *, *, #6656, .F. ) ;
#4047 = EDGE_CURVE ( 'NONE', #5997, #8163, #5620, .T. ) ;
#4048 = VERTEX_POINT ( 'NONE', #3729 ) ;
#4049 = AXIS2_PLACEMENT_3D ( 'NONE', #8465, #2975, #6663 ) ;
#4050 = ORIENTED_EDGE ( 'NONE', *, *, #9646, .F. ) ;
#4051 = DIRECTION ( 'NONE',  ( 0.0000000000000000000, 0.0000000000000000000, -1.000000000000000000 ) ) ;
#4052 = DIRECTION ( 'NONE',  ( -0.0000000000000000000, -0.0000000000000000000, 1.000000000000000000 ) ) ;
#4053 = PRESENTATION_STYLE_ASSIGNMENT (( #5197 ) ) ;
#4054 = DIRECTION ( 'NONE',  ( 0.0000000000000000000, -1.000000000000000000, 0.0000000000000000000 ) ) ;
#4055 = DIRECTION ( 'NONE',  ( -2.409338161078899700E-016, -1.000000000000000000, -1.899788849813798600E-031 ) ) ;
#4056 = VECTOR ( 'NONE', #9207, 1000.000000000000000 ) ;
#4057 = ORIENTED_EDGE ( 'NONE', *, *, #4047, .F. ) ;
#4058 = PRESENTATION_LAYER_ASSIGNMENT (  '', '', ( #2840 ) ) ;
#4059 = CARTESIAN_POINT ( 'NONE',  ( 2.300000000000001600, -0.9100000000000028100, 5.099999999999999600 ) ) ;
#4060 = ORIENTED_EDGE ( 'NONE', *, *, #7527, .T. ) ;
#4061 = SURFACE_STYLE_USAGE ( .BOTH. , #9554 ) ;
#4062 = VERTEX_POINT ( 'NONE', #11041 ) ;
#4063 = VECTOR ( 'NONE', #11344, 1000.000000000000000 ) ;
#4064 = LINE ( 'NONE', #3600, #1645 ) ;
#4065 = ORIENTED_EDGE ( 'NONE', *, *, #8488, .T. ) ;
#4066 = DIRECTION ( 'NONE',  ( -1.000000000000000000, 1.668003342285391100E-017, 0.0000000000000000000 ) ) ;
#4067 = DIRECTION ( 'NONE',  ( 0.0000000000000000000, 0.0000000000000000000, 1.000000000000000000 ) ) ;
#4068 = CARTESIAN_POINT ( 'NONE',  ( -3.999999999999997300, 0.2899999999999992600, 5.099999999999997000 ) ) ;
#4069 = ORIENTED_EDGE ( 'NONE', *, *, #2723, .F. ) ;
#4070 = DIRECTION ( 'NONE',  ( 0.0000000000000000000, -1.000000000000000000, -0.0000000000000000000 ) ) ;
#4071 = VERTEX_POINT ( 'NONE', #10143 ) ;
#4072 = DIRECTION ( 'NONE',  ( 0.0000000000000000000, 1.000000000000000000, 0.0000000000000000000 ) ) ;
#4073 = FACE_OUTER_BOUND ( 'NONE', #10898, .T. ) ;
#4074 = AXIS2_PLACEMENT_3D ( 'NONE', #5426, #11849, #6349 ) ;
#4075 = SURFACE_STYLE_USAGE ( .BOTH. , #9572 ) ;
#4076 = SURFACE_STYLE_FILL_AREA ( #4566 ) ;
#4077 =( LENGTH_UNIT ( ) NAMED_UNIT ( * ) SI_UNIT ( .MILLI., .METRE. ) );
#4078 = ORIENTED_EDGE ( 'NONE', *, *, #2560, .T. ) ;
#4079 = EDGE_CURVE ( 'NONE', #1144, #6051, #10227, .T. ) ;
#4080 = CARTESIAN_POINT ( 'NONE',  ( -30.86000000000000700, -2.899999999999999900, -33.50000000000000000 ) ) ;
#4081 = EDGE_CURVE ( 'NONE', #2081, #1545, #751, .T. ) ;
#4082 = ADVANCED_FACE ( 'NONE', ( #7489 ), #1913, .T. ) ;
#4083 = ORIENTED_EDGE ( 'NONE', *, *, #5243, .F. ) ;
#4084 = DIRECTION ( 'NONE',  ( 1.445602896647337900E-016, 1.000000000000000000, -0.0000000000000000000 ) ) ;
#4085 = ORIENTED_EDGE ( 'NONE', *, *, #6267, .T. ) ;
#4086 = LINE ( 'NONE', #1215, #6537 ) ;
#4087 = ORIENTED_EDGE ( 'NONE', *, *, #6499, .T. ) ;
#4088 =( NAMED_UNIT ( * ) SI_UNIT ( $, .STERADIAN. ) SOLID_ANGLE_UNIT ( ) );
#4089 = DIRECTION ( 'NONE',  ( 1.000000000000000000, -2.409338161078899700E-016, 0.0000000000000000000 ) ) ;
#4090 = ORIENTED_EDGE ( 'NONE', *, *, #6742, .T. ) ;
#4091 = DIRECTION ( 'NONE',  ( 1.000000000000000000, 0.0000000000000000000, -0.0000000000000000000 ) ) ;
#4092 = CARTESIAN_POINT ( 'NONE',  ( 34.39999999999998400, 3.500000000000000000, -44.50000000000001400 ) ) ;
#4093 = VERTEX_POINT ( 'NONE', #8373 ) ;
#4094 = ADVANCED_FACE ( 'NONE', ( #9066 ), #2888, .F. ) ;
#4095 = DIRECTION ( 'NONE',  ( 0.0000000000000000000, 0.0000000000000000000, -1.000000000000000000 ) ) ;
#4096 = CARTESIAN_POINT ( 'NONE',  ( 34.39999999999998400, 10.74102034176674400, -38.50000000000000700 ) ) ;
#4097 = STYLED_ITEM ( 'NONE', ( #2365 ), #1380 ) ;
#4098 = CIRCLE ( 'NONE', #2730, 2.500000000000002200 ) ;
#4099 = FACE_OUTER_BOUND ( 'NONE', #5184, .T. ) ;
#4100 = AXIS2_PLACEMENT_3D ( 'NONE', #1071, #7481, #1972 ) ;
#4101 = EDGE_CURVE ( 'NONE', #9649, #4994, #4180, .T. ) ;
#4102 = MANIFOLD_SOLID_BREP ( 'LPattern2', #928 ) ;
#4103 = ITEM_DEFINED_TRANSFORMATION ( 'NONE', 'NONE', #3478,  #11927 ) ;
#4104 = SURFACE_STYLE_FILL_AREA ( #138 ) ;
#4105 = CARTESIAN_POINT ( 'NONE',  ( 30.86000000000000700, 0.5000000000000000000, -34.75000000000000700 ) ) ;
#4106 = ORIENTED_EDGE ( 'NONE', *, *, #3191, .F. ) ;
#4107 = DIRECTION ( 'NONE',  ( -1.000000000000000000, -3.804218149071954900E-016, 0.0000000000000000000 ) ) ;
#4108 = PLANE ( 'NONE',  #8550 ) ;
#4109 = DIRECTION ( 'NONE',  ( 1.000000000000000000, 0.0000000000000000000, 0.0000000000000000000 ) ) ;
#4110 = VERTEX_POINT ( 'NONE', #11150 ) ;
#4111 = DIRECTION ( 'NONE',  ( 0.0000000000000000000, 0.0000000000000000000, -1.000000000000000000 ) ) ;
#4112 = DIRECTION ( 'NONE',  ( -1.141265444721583500E-016, -0.0000000000000000000, 1.000000000000000000 ) ) ;
#4113 = CARTESIAN_POINT ( 'NONE',  ( 7.500000000000001800, -4.815124837953332500, 1.299999999999999800 ) ) ;
#4114 = VECTOR ( 'NONE', #645, 1000.000000000000000 ) ;
#4115 = ORIENTED_EDGE ( 'NONE', *, *, #4188, .T. ) ;
#4116 = EDGE_CURVE ( 'NONE', #6582, #7566, #901, .T. ) ;
#4117 = AXIS2_PLACEMENT_3D ( 'NONE', #2692, #10034, #3623 ) ;
#4118 = DIRECTION ( 'NONE',  ( 1.000000000000000000, -1.055184596092948200E-017, -0.0000000000000000000 ) ) ;
#4119 = AXIS2_PLACEMENT_3D ( 'NONE', #5179, #11605, #9764 ) ;
#4120 = ORIENTED_EDGE ( 'NONE', *, *, #11050, .T. ) ;
#4121 = DIRECTION ( 'NONE',  ( 0.0000000000000000000, 0.0000000000000000000, 1.000000000000000000 ) ) ;
#4122 = VECTOR ( 'NONE', #3779, 1000.000000000000000 ) ;
#4123 =( NAMED_UNIT ( * ) PLANE_ANGLE_UNIT ( ) SI_UNIT ( $, .RADIAN. ) );
#4124 = SURFACE_STYLE_FILL_AREA ( #1755 ) ;
#4125 = ORIENTED_EDGE ( 'NONE', *, *, #7429, .T. ) ;
#4126 = AXIS2_PLACEMENT_3D ( 'NONE', #8082, #2563, #8985 ) ;
#4127 = DIRECTION ( 'NONE',  ( -0.0000000000000000000, -1.000000000000000000, -0.0000000000000000000 ) ) ;
#4128 = VECTOR ( 'NONE', #11730, 1000.000000000000000 ) ;
#4129 = DIRECTION ( 'NONE',  ( 1.000000000000000000, 0.0000000000000000000, 0.0000000000000000000 ) ) ;
#4130 = DIRECTION ( 'NONE',  ( 1.387778780781445900E-016, -0.0000000000000000000, 1.000000000000000000 ) ) ;
#4131 = ORIENTED_EDGE ( 'NONE', *, *, #7018, .T. ) ;
#4132 = DIRECTION ( 'NONE',  ( 0.0000000000000000000, 0.0000000000000000000, 1.000000000000000000 ) ) ;
#4133 = SURFACE_STYLE_FILL_AREA ( #7116 ) ;
#4134 = VECTOR ( 'NONE', #9620, 1000.000000000000000 ) ;
#4135 = ORIENTED_EDGE ( 'NONE', *, *, #6912, .T. ) ;
#4136 = DIRECTION ( 'NONE',  ( 0.0000000000000000000, 0.0000000000000000000, 1.000000000000000000 ) ) ;
#4137 = ORIENTED_EDGE ( 'NONE', *, *, #11226, .F. ) ;
#4138 = ADVANCED_FACE ( 'NONE', ( #7936 ), #10070, .T. ) ;
#4139 = VECTOR ( 'NONE', #7024, 1000.000000000000000 ) ;
#4140 = DIRECTION ( 'NONE',  ( -0.0000000000000000000, -1.000000000000000000, -0.0000000000000000000 ) ) ;
#4141 = ORIENTED_EDGE ( 'NONE', *, *, #9564, .T. ) ;
#4142 = COLOUR_RGB ( '',0.9686274509803921600, 0.8784313725490196000, 0.5999999999999999800 ) ;
#4143 = STYLED_ITEM ( 'NONE', ( #3579 ), #11773 ) ;
#4144 = PRESENTATION_STYLE_ASSIGNMENT (( #2549 ) ) ;
#4145 =( LENGTH_UNIT ( ) NAMED_UNIT ( * ) SI_UNIT ( .MILLI., .METRE. ) );
#4146 = SURFACE_SIDE_STYLE ('',( #11400 ) ) ;
#4147 = CARTESIAN_POINT ( 'NONE',  ( -32.99999999999998600, -3.500000000000000000, 48.00000000000000000 ) ) ;
#4148 = CARTESIAN_POINT ( 'NONE',  ( -2.899999999999997700, -1.950000000000001300, 7.000000000000000000 ) ) ;
#4149 = ORIENTED_EDGE ( 'NONE', *, *, #8765, .T. ) ;
#4150 = SURFACE_STYLE_USAGE ( .BOTH. , #9652 ) ;
#4151 = ORIENTED_EDGE ( 'NONE', *, *, #980, .T. ) ;
#4152 =( NAMED_UNIT ( * ) PLANE_ANGLE_UNIT ( ) SI_UNIT ( $, .RADIAN. ) );
#4153 = PRODUCT_DEFINITION_SHAPE ( 'NONE', 'NONE',  #11939 ) ;
#4155 = EDGE_CURVE ( 'NONE', #10393, #10424, #3033, .T. ) ;
#4154 = ORIENTED_EDGE ( 'NONE', *, *, #3434, .T. ) ;
#4156 = CARTESIAN_POINT ( 'NONE',  ( 6.600000000000001400, -4.815124837953332500, 1.299999999999999600 ) ) ;
#4157 = EDGE_CURVE ( 'NONE', #11299, #6794, #597, .T. ) ;
#4158 = DIRECTION ( 'NONE',  ( -1.000000000000000000, 1.210516988697407800E-016, 0.0000000000000000000 ) ) ;
#4159 = CARTESIAN_POINT ( 'NONE',  ( -32.99999999999998600, 3.500000000000000000, 48.00000000000000000 ) ) ;
#4160 = ADVANCED_FACE ( 'NONE', ( #5180 ), #1882, .F. ) ;
#4161 = CARTESIAN_POINT ( 'NONE',  ( -7.899999999999999500, -2.850000000000001000, 7.000000000000000000 ) ) ;
#4162 = PRESENTATION_STYLE_ASSIGNMENT (( #4075 ) ) ;
#4163 = PRESENTATION_STYLE_ASSIGNMENT (( #9373 ) ) ;
#4164 = FILL_AREA_STYLE ('',( #6903 ) ) ;
#4165 = ORIENTED_EDGE ( 'NONE', *, *, #5767, .F. ) ;
#4166 = VECTOR ( 'NONE', #10827, 1000.000000000000000 ) ;
#4167 = CARTESIAN_POINT ( 'NONE',  ( -5.899999999999998600, 0.2899999999999997000, -20.72142852218446800 ) ) ;
#4168 = VERTEX_POINT ( 'NONE', #4834 ) ;
#4169 = DIRECTION ( 'NONE',  ( -0.0000000000000000000, -1.000000000000000000, -0.0000000000000000000 ) ) ;
#4170 = EDGE_CURVE ( 'NONE', #1996, #9127, #6764, .T. ) ;
#4171 = VECTOR ( 'NONE', #10583, 1000.000000000000000 ) ;
#4172 = AXIS2_PLACEMENT_3D ( 'NONE', #11508, #5989, #493 ) ;
#4173 = DIRECTION ( 'NONE',  ( 0.0000000000000000000, 1.000000000000000000, 0.0000000000000000000 ) ) ;
#4174 = UNCERTAINTY_MEASURE_WITH_UNIT (LENGTH_MEASURE( 1.000000000000000100E-005 ), #4235, 'distance_accuracy_value', 'NONE');
#4175 = CARTESIAN_POINT ( 'NONE',  ( -33.00000000000000000, 3.500000000000000000, -48.00000000000000000 ) ) ;
#4176 = ORIENTED_EDGE ( 'NONE', *, *, #1029, .F. ) ;
#4177 =( NAMED_UNIT ( * ) PLANE_ANGLE_UNIT ( ) SI_UNIT ( $, .RADIAN. ) );
#4178 = EDGE_CURVE ( 'NONE', #785, #11396, #8964, .T. ) ;
#4179 = CARTESIAN_POINT ( 'NONE',  ( -6.999999999999997300, -0.8100000000000017200, 0.0000000000000000000 ) ) ;
#4180 = LINE ( 'NONE', #6574, #6624 ) ;
#4181 = CIRCLE ( 'NONE', #4748, 0.7999999999999951600 ) ;
#4182 = VERTEX_POINT ( 'NONE', #10381 ) ;
#4183 = DIRECTION ( 'NONE',  ( 1.000000000000000000, -1.392979236598078500E-016, 7.885106708985487100E-016 ) ) ;
#4184 = ORIENTED_EDGE ( 'NONE', *, *, #6723, .T. ) ;
#4185 = CARTESIAN_POINT ( 'NONE',  ( 3.600000000000001400, -5.401102314577125100, 5.099999999999999600 ) ) ;
#4186 = DIRECTION ( 'NONE',  ( -1.000000000000000000, -0.0000000000000000000, -0.0000000000000000000 ) ) ;
#4187 = SURFACE_STYLE_USAGE ( .BOTH. , #9689 ) ;
#4188 = EDGE_CURVE ( 'NONE', #3851, #1053, #8919, .T. ) ;
#4189 = CARTESIAN_POINT ( 'NONE',  ( -30.85999999999999600, -3.500000000000000000, 39.34999999999998000 ) ) ;
#4190 = ORIENTED_EDGE ( 'NONE', *, *, #7724, .F. ) ;
#4191 = EDGE_CURVE ( 'NONE', #11413, #3866, #9213, .T. ) ;
#4192 = STYLED_ITEM ( 'NONE', ( #10545 ), #1963 ) ;
#4193 = DIRECTION ( 'NONE',  ( -1.141265444721583500E-016, -0.0000000000000000000, 1.000000000000000000 ) ) ;
#4194 = PLANE ( 'NONE',  #8866 ) ;
#4195 = PRESENTATION_STYLE_ASSIGNMENT (( #5328 ) ) ;
#4196 = SURFACE_STYLE_FILL_AREA ( #1211 ) ;
#4197 = DIRECTION ( 'NONE',  ( -1.000000000000000000, 0.0000000000000000000, 0.0000000000000000000 ) ) ;
#4198 = VERTEX_POINT ( 'NONE', #7606 ) ;
#4199 = SURFACE_SIDE_STYLE ('',( #10186 ) ) ;
#4200 = DIRECTION ( 'NONE',  ( -1.000000000000000000, 0.0000000000000000000, 0.0000000000000000000 ) ) ;
#4201 = DIRECTION ( 'NONE',  ( -1.000000000000000000, 0.0000000000000000000, 0.0000000000000000000 ) ) ;
#4202 = CARTESIAN_POINT ( 'NONE',  ( 14.39999999999999700, -0.8100000000000042700, 5.099999999999999600 ) ) ;
#4203 = ORIENTED_EDGE ( 'NONE', *, *, #3100, .T. ) ;
#4204 =( GEOMETRIC_REPRESENTATION_CONTEXT ( 3 ) GLOBAL_UNCERTAINTY_ASSIGNED_CONTEXT ( ( #1030 ) ) GLOBAL_UNIT_ASSIGNED_CONTEXT ( ( #1235, #7648, #2142 ) ) REPRESENTATION_CONTEXT ( 'NONE', 'WORKASPACE' ) );
#4205 = DIRECTION ( 'NONE',  ( 0.0000000000000000000, 0.0000000000000000000, -1.000000000000000000 ) ) ;
#4206 = VERTEX_POINT ( 'NONE', #1226 ) ;
#4207 = ADVANCED_FACE ( 'NONE', ( #1611 ), #7639, .T. ) ;
#4208 = CARTESIAN_POINT ( 'NONE',  ( 1.084202172485504400E-016, -0.2650000000000008500, 0.2649999999999999600 ) ) ;
#4209 = COLOUR_RGB ( '',0.9686274509803921600, 0.8784313725490196000, 0.5999999999999999800 ) ;
#4210 = EDGE_CURVE ( 'NONE', #4531, #5011, #7771, .T. ) ;
#4211 = VECTOR ( 'NONE', #7088, 1000.000000000000000 ) ;
#4212 = DIRECTION ( 'NONE',  ( 0.0000000000000000000, 0.0000000000000000000, 1.000000000000000000 ) ) ;
#4213 = EDGE_LOOP ( 'NONE', ( #188, #466, #5271, #8111, #6271, #9759 ) ) ;
#4214 = VERTEX_POINT ( 'NONE', #8599 ) ;
#4215 = CARTESIAN_POINT ( 'NONE',  ( -33.00000000000000000, -3.000000000000000000, -49.50000000000000000 ) ) ;
#4216 = ORIENTED_EDGE ( 'NONE', *, *, #2929, .F. ) ;
#4217 = DIRECTION ( 'NONE',  ( -0.0000000000000000000, -1.000000000000000000, -0.0000000000000000000 ) ) ;
#4218 = PRESENTATION_STYLE_ASSIGNMENT (( #10226 ) ) ;
#4219 = ADVANCED_FACE ( 'NONE', ( #739 ), #4936, .T. ) ;
#4220 = AXIS2_PLACEMENT_3D ( 'NONE', #1330, #7756, #2240 ) ;
#4221 = ORIENTED_EDGE ( 'NONE', *, *, #11097, .T. ) ;
#4222 = FILL_AREA_STYLE_COLOUR ( '', #10743 ) ;
#4223 = EDGE_CURVE ( 'NONE', #6488, #2872, #10218, .T. ) ;
#4224 = VERTEX_POINT ( 'NONE', #10459 ) ;
#4225 = VECTOR ( 'NONE', #6504, 1000.000000000000000 ) ;
#4226 = VECTOR ( 'NONE', #6559, 1000.000000000000000 ) ;
#4227 = CARTESIAN_POINT ( 'NONE',  ( 8.800000000000002500, -4.815124837953332500, 1.299999999999999800 ) ) ;
#4228 = DIRECTION ( 'NONE',  ( -0.0000000000000000000, -0.0000000000000000000, 1.000000000000000000 ) ) ;
#4229 = DIRECTION ( 'NONE',  ( 0.0000000000000000000, 1.000000000000000000, -0.0000000000000000000 ) ) ;
#4230 = LINE ( 'NONE', #2484, #11270 ) ;
#4231 = CARTESIAN_POINT ( 'NONE',  ( -30.85999999999999600, 1.999999999999999600, 40.59999999999998000 ) ) ;
#4232 =( LENGTH_UNIT ( ) NAMED_UNIT ( * ) SI_UNIT ( .MILLI., .METRE. ) );
#4233 = CARTESIAN_POINT ( 'NONE',  ( -32.00000000000000000, 2.899999999999999900, -45.00000000000001400 ) ) ;
#4234 = ORIENTED_EDGE ( 'NONE', *, *, #11264, .T. ) ;
#4235 =( LENGTH_UNIT ( ) NAMED_UNIT ( * ) SI_UNIT ( .MILLI., .METRE. ) );
#4236 = VERTEX_POINT ( 'NONE', #7726 ) ;
#4237 = ORIENTED_EDGE ( 'NONE', *, *, #6815, .T. ) ;
#4238 = DIRECTION ( 'NONE',  ( 1.392979236598078500E-016, 1.000000000000000000, -0.0000000000000000000 ) ) ;
#4239 =( LENGTH_UNIT ( ) NAMED_UNIT ( * ) SI_UNIT ( .MILLI., .METRE. ) );
#4240 = LINE ( 'NONE', #1675, #3941 ) ;
#4242 = DIRECTION ( 'NONE',  ( 0.0000000000000000000, -1.000000000000000000, 0.0000000000000000000 ) ) ;
#4241 = AXIS2_PLACEMENT_3D ( 'NONE', #11075, #7402, #1908 ) ;
#4243 = EDGE_CURVE ( 'NONE', #637, #7083, #4692, .T. ) ;
#4244 = CYLINDRICAL_SURFACE ( 'NONE', #3612, 0.5000000000000004400 ) ;
#4245 = DIRECTION ( 'NONE',  ( -0.0000000000000000000, 1.000000000000000000, -0.0000000000000000000 ) ) ;
#4246 = AXIS2_PLACEMENT_3D ( 'NONE', #631, #7069, #1557 ) ;
#4247 = CARTESIAN_POINT ( 'NONE',  ( 3.600000000000001400, -0.8100000000000041600, 5.099999999999999600 ) ) ;
#4248 = ORIENTED_EDGE ( 'NONE', *, *, #8133, .T. ) ;
#4249 = EDGE_LOOP ( 'NONE', ( #890, #2154, #8139, #4603 ) ) ;
#4250 = DIRECTION ( 'NONE',  ( 0.0000000000000000000, 0.0000000000000000000, 1.000000000000000000 ) ) ;
#4251 = DIRECTION ( 'NONE',  ( 0.0000000000000000000, 0.0000000000000000000, -1.000000000000000000 ) ) ;
#4252 = PLANE ( 'NONE',  #11060 ) ;
#4253 = UNCERTAINTY_MEASURE_WITH_UNIT (LENGTH_MEASURE( 1.000000000000000100E-005 ), #4145, 'distance_accuracy_value', 'NONE');
#4254 = DIRECTION ( 'NONE',  ( 0.0000000000000000000, 0.0000000000000000000, -1.000000000000000000 ) ) ;
#4255 = CARTESIAN_POINT ( 'NONE',  ( -34.39999999999998400, 2.899999999999999900, -48.00000000000000000 ) ) ;
#4256 = LINE ( 'NONE', #2615, #8846 ) ;
#4257 = VERTEX_POINT ( 'NONE', #1350 ) ;
#4258 = DIRECTION ( 'NONE',  ( -0.0000000000000000000, 1.000000000000000000, -0.0000000000000000000 ) ) ;
#4259 =( GEOMETRIC_REPRESENTATION_CONTEXT ( 3 ) GLOBAL_UNCERTAINTY_ASSIGNED_CONTEXT ( ( #2716 ) ) GLOBAL_UNIT_ASSIGNED_CONTEXT ( ( #856, #7261, #1762 ) ) REPRESENTATION_CONTEXT ( 'NONE', 'WORKASPACE' ) );
#4260 = VECTOR ( 'NONE', #2508, 1000.000000000000000 ) ;
#4261 = AXIS2_PLACEMENT_3D ( 'NONE', #6763, #1269, #7679 ) ;
#4262 = CARTESIAN_POINT ( 'NONE',  ( -32.20000000000000300, -2.100000000000000100, 48.00000000000000000 ) ) ;
#4263 = EDGE_CURVE ( 'NONE', #5997, #5675, #2891, .T. ) ;
#4264 = ADVANCED_FACE ( 'NONE', ( #430 ), #11214, .F. ) ;
#4265 = EDGE_CURVE ( 'NONE', #7046, #561, #9061, .T. ) ;
#4266 = VERTEX_POINT ( 'NONE', #9655 ) ;
#4267 = VECTOR ( 'NONE', #5844, 1000.000000000000000 ) ;
#4268 = VECTOR ( 'NONE', #82, 1000.000000000000000 ) ;
#4269 = VECTOR ( 'NONE', #8701, 1000.000000000000000 ) ;
#4270 = VECTOR ( 'NONE', #2042, 1000.000000000000100 ) ;
#4271 = CARTESIAN_POINT ( 'NONE',  ( 32.99999999999998600, 0.2999999999999999900, -48.00000000000000000 ) ) ;
#4272 = DIRECTION ( 'NONE',  ( -1.000000000000000000, 5.288791085295142400E-017, 0.0000000000000000000 ) ) ;
#4273 = EDGE_LOOP ( 'NONE', ( #7500, #11038 ) ) ;
#4274 = DIRECTION ( 'NONE',  ( -1.000000000000000000, 1.668003342285391100E-017, 0.0000000000000000000 ) ) ;
#4275 = CARTESIAN_POINT ( 'NONE',  ( 21.30000000000000100, -0.4500000000000074500, 7.000000000000000000 ) ) ;
#4276 = DIRECTION ( 'NONE',  ( 1.000000000000000000, -0.0000000000000000000, -0.0000000000000000000 ) ) ;
#4277 =( LENGTH_UNIT ( ) NAMED_UNIT ( * ) SI_UNIT ( .MILLI., .METRE. ) );
#4278 = FACE_OUTER_BOUND ( 'NONE', #2276, .T. ) ;
#4279 = STYLED_ITEM ( 'NONE', ( #11308 ), #9089 ) ;
#4280 = ORIENTED_EDGE ( 'NONE', *, *, #4768, .T. ) ;
#4281 = DIRECTION ( 'NONE',  ( 0.0000000000000000000, 0.0000000000000000000, -1.000000000000000000 ) ) ;
#4282 = ADVANCED_FACE ( 'NONE', ( #8756 ), #1445, .T. ) ;
#4283 = CIRCLE ( 'NONE', #9422, 0.5000000000000004400 ) ;
#4284 = SURFACE_STYLE_USAGE ( .BOTH. , #9782 ) ;
#4285 = FACE_OUTER_BOUND ( 'NONE', #7233, .T. ) ;
#4286 = FILL_AREA_STYLE ('',( #9783 ) ) ;
#4287 = EDGE_CURVE ( 'NONE', #8277, #8780, #1736, .T. ) ;
#4288 = MECHANICAL_DESIGN_GEOMETRIC_PRESENTATION_REPRESENTATION (  '', ( #2438 ), #4885 ) ;
#4289 = FILL_AREA_STYLE ('',( #3375 ) ) ;
#4290 = CARTESIAN_POINT ( 'NONE',  ( 28.00000000000000400, 3.500000000000000000, -50.00000000000000000 ) ) ;
#4291 = EDGE_LOOP ( 'NONE', ( #10781, #11800, #10710, #7472 ) ) ;
#4292 = AXIS2_PLACEMENT_3D ( 'NONE', #3852, #10279, #4770 ) ;
#4293 = CIRCLE ( 'NONE', #11637, 0.7999999999999951600 ) ;
#4294 = DIRECTION ( 'NONE',  ( -0.0000000000000000000, -1.000000000000000000, -0.0000000000000000000 ) ) ;
#4295 = ORIENTED_EDGE ( 'NONE', *, *, #5325, .T. ) ;
#4296 = SURFACE_STYLE_FILL_AREA ( #2670 ) ;
#4297 = CARTESIAN_POINT ( 'NONE',  ( -20.55000000000000100, 0.6699999999999920500, 5.099999999999999600 ) ) ;
#4298 = LINE ( 'NONE', #5501, #6731 ) ;
#4299 = ORIENTED_EDGE ( 'NONE', *, *, #2298, .F. ) ;
#4300 = VECTOR ( 'NONE', #10824, 1000.000000000000000 ) ;
#4301 = ORIENTED_EDGE ( 'NONE', *, *, #9732, .T. ) ;
#4302 = DIRECTION ( 'NONE',  ( -0.0000000000000000000, 1.000000000000000000, -0.0000000000000000000 ) ) ;
#4303 = DIRECTION ( 'NONE',  ( 0.0000000000000000000, 0.0000000000000000000, 1.000000000000000000 ) ) ;
#4304 = LINE ( 'NONE', #370, #11338 ) ;
#4305 = LINE ( 'NONE', #1555, #1860 ) ;
#4306 = VERTEX_POINT ( 'NONE', #2299 ) ;
#4307 = ORIENTED_EDGE ( 'NONE', *, *, #4341, .F. ) ;
#4308 = ORIENTED_EDGE ( 'NONE', *, *, #1752, .T. ) ;
#4310 = DIRECTION ( 'NONE',  ( 0.0000000000000000000, -0.0000000000000000000, 1.000000000000000000 ) ) ;
#4309 = VECTOR ( 'NONE', #5130, 1000.000000000000000 ) ;
#4311 = PRESENTATION_LAYER_ASSIGNMENT (  '', '', ( #3702 ) ) ;
#4312 = CARTESIAN_POINT ( 'NONE',  ( 1.400000000000002800, -0.8100000000000040500, 5.099999999999999600 ) ) ;
#4313 = PLANE ( 'NONE',  #623 ) ;
#4314 = DIRECTION ( 'NONE',  ( 1.000000000000000000, -0.0000000000000000000, -0.0000000000000000000 ) ) ;
#4315 = FACE_OUTER_BOUND ( 'NONE', #5345, .T. ) ;
#4316 = CARTESIAN_POINT ( 'NONE',  ( -16.94999999999999200, -1.100000000000002100, -50.00000000000000000 ) ) ;
#4317 = AXIS2_PLACEMENT_3D ( 'NONE', #10826, #5316, #11743 ) ;
#4318 = EDGE_LOOP ( 'NONE', ( #8307, #8368, #1961 ) ) ;
#4319 = VECTOR ( 'NONE', #2296, 1000.000000000000000 ) ;
#4320 = EDGE_CURVE ( 'NONE', #1726, #10136, #6614, .T. ) ;
#4321 = CARTESIAN_POINT ( 'NONE',  ( 20.55000000000000100, 0.6699999999999918200, 5.099999999999999600 ) ) ;
#4322 = ORIENTED_EDGE ( 'NONE', *, *, #10800, .T. ) ;
#4323 = SURFACE_STYLE_FILL_AREA ( #11211 ) ;
#4324 = EDGE_CURVE ( 'NONE', #6745, #8901, #3886, .T. ) ;
#4325 = CARTESIAN_POINT ( 'NONE',  ( 34.39999999999999900, 2.899999999999999900, 43.09999999999998700 ) ) ;
#4326 = CARTESIAN_POINT ( 'NONE',  ( -8.699999999999999300, -0.8100000000000015000, 1.299999999999999600 ) ) ;
#4327 = DIRECTION ( 'NONE',  ( 0.0000000000000000000, 1.000000000000000000, 0.0000000000000000000 ) ) ;
#4328 = CARTESIAN_POINT ( 'NONE',  ( 32.20000000000001700, 0.2999999999999999900, -49.35000000000001600 ) ) ;
#4329 = CARTESIAN_POINT ( 'NONE',  ( 18.55000000000000100, -2.010000000000008200, 5.100000000000000500 ) ) ;
#4330 = VECTOR ( 'NONE', #4031, 1000.000000000000000 ) ;
#4331 = ADVANCED_FACE ( 'NONE', ( #8470 ), #6974, .F. ) ;
#4332 = LINE ( 'NONE', #10140, #11364 ) ;
#4333 = UNCERTAINTY_MEASURE_WITH_UNIT (LENGTH_MEASURE( 1.000000000000000100E-005 ), #3166, 'distance_accuracy_value', 'NONE');
#4334 = ORIENTED_EDGE ( 'NONE', *, *, #10368, .T. ) ;
#4335 = VERTEX_POINT ( 'NONE', #5992 ) ;
#4336 = CARTESIAN_POINT ( 'NONE',  ( 26.55000000000000400, -1.099999999999996800, -50.00000000000000000 ) ) ;
#4337 = AXIS2_PLACEMENT_3D ( 'NONE', #3958, #10392, #4882 ) ;
#4338 = VECTOR ( 'NONE', #2105, 1000.000000000000000 ) ;
#4339 =( NAMED_UNIT ( * ) SI_UNIT ( $, .STERADIAN. ) SOLID_ANGLE_UNIT ( ) );
#4340 = FACE_OUTER_BOUND ( 'NONE', #11141, .T. ) ;
#4341 = EDGE_CURVE ( 'NONE', #7348, #1996, #10940, .T. ) ;
#4342 = LINE ( 'NONE', #1480, #11663 ) ;
#4343 = PLANE ( 'NONE',  #5245 ) ;
#4344 = DIRECTION ( 'NONE',  ( 0.0000000000000000000, 0.0000000000000000000, 1.000000000000000000 ) ) ;
#4345 = FACE_OUTER_BOUND ( 'NONE', #3453, .T. ) ;
#4346 = ORIENTED_EDGE ( 'NONE', *, *, #2565, .F. ) ;
#4347 = ADVANCED_FACE ( 'NONE', ( #1161 ), #7930, .F. ) ;
#4348 = CARTESIAN_POINT ( 'NONE',  ( -16.34000000000000000, -0.8100000000000003900, -20.72142852218446800 ) ) ;
#4349 = ORIENTED_EDGE ( 'NONE', *, *, #9774, .T. ) ;
#4350 = FILL_AREA_STYLE ('',( #692 ) ) ;
#4351 = ORIENTED_EDGE ( 'NONE', *, *, #8188, .F. ) ;
#4352 = LINE ( 'NONE', #7130, #9237 ) ;
#4353 = SURFACE_STYLE_FILL_AREA ( #4286 ) ;
#4354 = VECTOR ( 'NONE', #3670, 1000.000000000000000 ) ;
#4355 = VERTEX_POINT ( 'NONE', #7017 ) ;
#4356 = CARTESIAN_POINT ( 'NONE',  ( -32.20000000000000300, -2.100000000000000100, -46.40000000000001300 ) ) ;
#4357 = DIRECTION ( 'NONE',  ( 0.0000000000000000000, 0.0000000000000000000, 1.000000000000000000 ) ) ;
#4358 = CARTESIAN_POINT ( 'NONE',  ( -13.34000000000000200, -4.815124837953328000, 5.099999999999999600 ) ) ;
#4359 = EDGE_CURVE ( 'NONE', #8254, #5199, #3326, .T. ) ;
#4360 = CARTESIAN_POINT ( 'NONE',  ( -1.999999999999997800, -2.850000000000000500, 7.000000000000000000 ) ) ;
#4361 = ORIENTED_EDGE ( 'NONE', *, *, #11199, .F. ) ;
#4362 = AXIS2_PLACEMENT_3D ( 'NONE', #11828, #6328, #843 ) ;
#4363 = EDGE_LOOP ( 'NONE', ( #2725, #8482, #2526, #4005 ) ) ;
#4364 = CARTESIAN_POINT ( 'NONE',  ( 17.43935378467900300, -1.170646215321008700, 6.899999999999999500 ) ) ;
#4365 = FILL_AREA_STYLE_COLOUR ( '', #4992 ) ;
#4366 = CIRCLE ( 'NONE', #4261, 2.000000000000001800 ) ;
#4367 =( LENGTH_UNIT ( ) NAMED_UNIT ( * ) SI_UNIT ( .MILLI., .METRE. ) );
#4368 = LINE ( 'NONE', #352, #8955 ) ;
#4369 = ORIENTED_EDGE ( 'NONE', *, *, #2791, .T. ) ;
#4370 =( NAMED_UNIT ( * ) PLANE_ANGLE_UNIT ( ) SI_UNIT ( $, .RADIAN. ) );
#4371 = DIRECTION ( 'NONE',  ( 1.392979236598078500E-016, 1.000000000000000000, -0.0000000000000000000 ) ) ;
#4372 = STYLED_ITEM ( 'NONE', ( #5490 ), #9940 ) ;
#4373 = ORIENTED_EDGE ( 'NONE', *, *, #11746, .T. ) ;
#4374 = PLANE ( 'NONE',  #4126 ) ;
#4375 = VERTEX_POINT ( 'NONE', #587 ) ;
#4376 = VECTOR ( 'NONE', #2923, 1000.000000000000000 ) ;
#4377 = EDGE_CURVE ( 'NONE', #8950, #7368, #894, .T. ) ;
#4378 = CARTESIAN_POINT ( 'NONE',  ( 32.99999999999998600, 2.899999999999999900, -48.00000000000000000 ) ) ;
#4379 = LINE ( 'NONE', #6372, #6527 ) ;
#4380 = ORIENTED_EDGE ( 'NONE', *, *, #8963, .F. ) ;
#4381 = PLANE ( 'NONE',  #11213 ) ;
#4382 = CARTESIAN_POINT ( 'NONE',  ( -20.55000000000000100, -2.010000000000008200, 5.099999999999999600 ) ) ;
#4383 = EDGE_LOOP ( 'NONE', ( #10694, #1124, #11124, #4556 ) ) ;
#4384 = CARTESIAN_POINT ( 'NONE',  ( 30.86000000000000700, 0.5000000000000000000, -37.25000000000000700 ) ) ;
#4385 = ORIENTED_EDGE ( 'NONE', *, *, #5325, .F. ) ;
#4386 = LINE ( 'NONE', #3061, #11137 ) ;
#4387 = DIRECTION ( 'NONE',  ( 0.0000000000000000000, 0.0000000000000000000, -1.000000000000000000 ) ) ;
#4388 =( NAMED_UNIT ( * ) SI_UNIT ( $, .STERADIAN. ) SOLID_ANGLE_UNIT ( ) );
#4389 = ORIENTED_EDGE ( 'NONE', *, *, #6721, .T. ) ;
#4390 =( GEOMETRIC_REPRESENTATION_CONTEXT ( 3 ) GLOBAL_UNCERTAINTY_ASSIGNED_CONTEXT ( ( #2564 ) ) GLOBAL_UNIT_ASSIGNED_CONTEXT ( ( #5946, #450, #6896 ) ) REPRESENTATION_CONTEXT ( 'NONE', 'WORKASPACE' ) );
#4391 = ADVANCED_FACE ( 'NONE', ( #3026 ), #11639, .F. ) ;
#4392 = EDGE_CURVE ( 'NONE', #2621, #11064, #9475, .T. ) ;
#4393 = VERTEX_POINT ( 'NONE', #3409 ) ;
#4394 = VERTEX_POINT ( 'NONE', #4321 ) ;
#4395 = CARTESIAN_POINT ( 'NONE',  ( 11.40000000000000000, -0.9100000000000062500, 1.299999999999999600 ) ) ;
#4396 = DIRECTION ( 'NONE',  ( -0.0000000000000000000, -1.000000000000000000, -0.0000000000000000000 ) ) ;
#4397 = DIRECTION ( 'NONE',  ( 0.0000000000000000000, -1.000000000000000000, -3.491481338843133400E-015 ) ) ;
#4398 =( NAMED_UNIT ( * ) PLANE_ANGLE_UNIT ( ) SI_UNIT ( $, .RADIAN. ) );
#4399 = DIRECTION ( 'NONE',  ( -1.000000000000000000, -0.0000000000000000000, -0.0000000000000000000 ) ) ;
#4400 = CONICAL_SURFACE ( 'NONE', #1489, 0.7999999999999951600, 1.029744258676651000 ) ;
#4401 = SURFACE_STYLE_FILL_AREA ( #11641 ) ;
#4402 = UNCERTAINTY_MEASURE_WITH_UNIT (LENGTH_MEASURE( 1.000000000000000100E-005 ), #4367, 'distance_accuracy_value', 'NONE');
#4403 = CARTESIAN_POINT ( 'NONE',  ( -5.899999999999998600, -0.9500000000000009500, 6.299999999999999800 ) ) ;
#4404 = CONTEXT_DEPENDENT_SHAPE_REPRESENTATION ( #7383, #4153 ) ;
#4405 = ADVANCED_FACE ( 'NONE', ( #4315 ), #6409, .T. ) ;
#4406 = VERTEX_POINT ( 'NONE', #11912 ) ;
#4407 = CARTESIAN_POINT ( 'NONE',  ( -3.999999999999997300, -0.9500000000000009500, 5.099999999999999600 ) ) ;
#4408 = DIRECTION ( 'NONE',  ( 0.0000000000000000000, 0.0000000000000000000, 1.000000000000000000 ) ) ;
#4409 = EDGE_CURVE ( 'NONE', #10689, #9804, #6752, .T. ) ;
#4410 = PRESENTATION_LAYER_ASSIGNMENT (  '', '', ( #5629 ) ) ;
#4411 = ORIENTED_EDGE ( 'NONE', *, *, #6119, .F. ) ;
#4412 = CARTESIAN_POINT ( 'NONE',  ( 21.30000000000000100, -0.4500000000000074500, 7.000000000000000000 ) ) ;
#4413 = CARTESIAN_POINT ( 'NONE',  ( -29.50000000000000400, -2.899999999999999900, 48.89999999999999900 ) ) ;
#4414 = EDGE_CURVE ( 'NONE', #10045, #5945, #7058, .T. ) ;
#4415 = FACE_OUTER_BOUND ( 'NONE', #3439, .T. ) ;
#4416 = CIRCLE ( 'NONE', #10429, 2.149999999999999000 ) ;
#4417 = ORIENTED_EDGE ( 'NONE', *, *, #10708, .F. ) ;
#4418 = CARTESIAN_POINT ( 'NONE',  ( 33.89999999999998400, 3.500000000000000000, -44.50000000000001400 ) ) ;
#4419 = DIRECTION ( 'NONE',  ( -1.204669080539449600E-016, 2.009392052687670900E-033, 1.000000000000000000 ) ) ;
#4420 = PLANE ( 'NONE',  #10174 ) ;
#4421 = ORIENTED_EDGE ( 'NONE', *, *, #8861, .F. ) ;
#4422 = CYLINDRICAL_SURFACE ( 'NONE', #11904, 1.250000000000001100 ) ;
#4423 = COLOUR_RGB ( '',0.8941176470588234600, 0.9137254901960784000, 0.9294117647058823800 ) ;
#4424 = PRESENTATION_STYLE_ASSIGNMENT (( #2479 ) ) ;
#4426 = CARTESIAN_POINT ( 'NONE',  ( 10.10000000000000100, -0.8100000000000042700, 5.099999999999999600 ) ) ;
#4425 = VECTOR ( 'NONE', #10460, 1000.000000000000000 ) ;
#4427 = VERTEX_POINT ( 'NONE', #6451 ) ;
#4428 = EDGE_CURVE ( 'NONE', #10762, #483, #8072, .T. ) ;
#4429 = PRESENTATION_LAYER_ASSIGNMENT (  '', '', ( #5020 ) ) ;
#4430 = DIRECTION ( 'NONE',  ( 0.0000000000000000000, 0.0000000000000000000, 1.000000000000000000 ) ) ;
#4431 = EDGE_CURVE ( 'NONE', #9944, #3425, #10489, .T. ) ;
#4432 = CIRCLE ( 'NONE', #4633, 0.5000000000000004400 ) ;
#4433 = ORIENTED_EDGE ( 'NONE', *, *, #10891, .F. ) ;
#4434 = LINE ( 'NONE', #3203, #4134 ) ;
#4435 = FACE_OUTER_BOUND ( 'NONE', #2255, .T. ) ;
#4436 = DIRECTION ( 'NONE',  ( 1.387778780781445900E-016, -0.0000000000000000000, 1.000000000000000000 ) ) ;
#4437 = EDGE_LOOP ( 'NONE', ( #9709, #11546, #9390, #9311 ) ) ;
#4438 = CARTESIAN_POINT ( 'NONE',  ( -22.80000000000000100, -0.4500000000000076700, 7.000000000000000000 ) ) ;
#4439 = DIRECTION ( 'NONE',  ( -1.000000000000000000, 1.392979236598078500E-016, 0.0000000000000000000 ) ) ;
#4440 = ORIENTED_EDGE ( 'NONE', *, *, #1952, .F. ) ;
#4441 = STYLED_ITEM ( 'NONE', ( #10878 ), #9555 ) ;
#4442 = FILL_AREA_STYLE_COLOUR ( '', #1511 ) ;
#4443 = LINE ( 'NONE', #8804, #9034 ) ;
#4444 = CARTESIAN_POINT ( 'NONE',  ( 30.86000000000001700, 0.5000000000000000000, 41.84999999999998000 ) ) ;
#4445 = ORIENTED_EDGE ( 'NONE', *, *, #4562, .T. ) ;
#4446 = EDGE_CURVE ( 'NONE', #10055, #7806, #5881, .T. ) ;
#4447 = FACE_OUTER_BOUND ( 'NONE', #6004, .T. ) ;
#4448 = MECHANICAL_DESIGN_GEOMETRIC_PRESENTATION_REPRESENTATION (  '', ( #2606 ), #5038 ) ;
#4449 = DIRECTION ( 'NONE',  ( -0.0000000000000000000, -0.0000000000000000000, -1.000000000000000000 ) ) ;
#4450 = EDGE_LOOP ( 'NONE', ( #9625, #1458, #4938, #2130, #8116, #8026, #1336 ) ) ;
#4451 = CONICAL_SURFACE ( 'NONE', #6816, 0.7999999999999951600, 1.029744258676651000 ) ;
#4453 = ORIENTED_EDGE ( 'NONE', *, *, #3084, .T. ) ;
#4452 = AXIS2_PLACEMENT_3D ( 'NONE', #8775, #1446, #10647 ) ;
#4454 = ORIENTED_EDGE ( 'NONE', *, *, #7723, .T. ) ;
#4455 = PRESENTATION_STYLE_ASSIGNMENT (( #9650 ) ) ;
#4456 = ADVANCED_FACE ( 'NONE', ( #3159 ), #4641, .T. ) ;
#4457 = ORIENTED_EDGE ( 'NONE', *, *, #6102, .F. ) ;
#4458 = VERTEX_POINT ( 'NONE', #10138 ) ;
#4459 = COLOUR_RGB ( '',0.9686274509803921600, 0.8784313725490196000, 0.5999999999999999800 ) ;
#4460 = AXIS2_PLACEMENT_3D ( 'NONE', #5624, #114, #6557 ) ;
#4461 = VECTOR ( 'NONE', #3837, 1000.000000000000200 ) ;
#4462 = VERTEX_POINT ( 'NONE', #7406 ) ;
#4463 = DIRECTION ( 'NONE',  ( 0.0000000000000000000, 0.0000000000000000000, 1.000000000000000000 ) ) ;
#4464 = FACE_OUTER_BOUND ( 'NONE', #11286, .T. ) ;
#4465 = DIRECTION ( 'NONE',  ( -1.000000000000000000, 1.668003342285391100E-017, 0.0000000000000000000 ) ) ;
#4466 = ORIENTED_EDGE ( 'NONE', *, *, #8118, .F. ) ;
#4467 = AXIS2_PLACEMENT_3D ( 'NONE', #1522, #7968, #2448 ) ;
#4468 = DIRECTION ( 'NONE',  ( 0.0000000000000000000, -1.000000000000000000, 0.0000000000000000000 ) ) ;
#4469 =( NAMED_UNIT ( * ) SI_UNIT ( $, .STERADIAN. ) SOLID_ANGLE_UNIT ( ) );
#4470 = ADVANCED_FACE ( 'NONE', ( #2879 ), #6490, .F. ) ;
#4471 = CARTESIAN_POINT ( 'NONE',  ( 0.0000000000000000000, 0.0000000000000000000, 0.0000000000000000000 ) ) ;
#4472 = CARTESIAN_POINT ( 'NONE',  ( 35.00000000000001400, 3.500000000000000000, 48.00000000000000000 ) ) ;
#4473 = ORIENTED_EDGE ( 'NONE', *, *, #4909, .F. ) ;
#4474 = PRODUCT_RELATED_PRODUCT_CATEGORY ( 'part', '', ( #666 ) ) ;
#4475 = CARTESIAN_POINT ( 'NONE',  ( 20.55000000000000100, -2.010000000000008200, 5.099999999999999600 ) ) ;
#4476 = DIRECTION ( 'NONE',  ( -0.0000000000000000000, -1.000000000000000000, -0.0000000000000000000 ) ) ;
#4477 = CARTESIAN_POINT ( 'NONE',  ( -12.11999999999999900, -0.9100000000000010300, 0.7000000000000000700 ) ) ;
#4478 = DIRECTION ( 'NONE',  ( 1.000000000000000000, 0.0000000000000000000, 2.409338161078899700E-016 ) ) ;
#4479 = FILL_AREA_STYLE_COLOUR ( '', #7796 ) ;
#4480 = CARTESIAN_POINT ( 'NONE',  ( -30.85999999999999600, -3.500000000000000000, 39.34999999999998000 ) ) ;
#4481 = AXIS2_PLACEMENT_3D ( 'NONE', #1562, #8005, #2478 ) ;
#4482 = EDGE_CURVE ( 'NONE', #10768, #10846, #5317, .T. ) ;
#4483 = MECHANICAL_DESIGN_GEOMETRIC_PRESENTATION_REPRESENTATION (  '', ( #3259 ), #5077 ) ;
#4484 = CARTESIAN_POINT ( 'NONE',  ( 13.99999999999999800, -5.401102314577126900, 5.099999999999999600 ) ) ;
#4485 = LINE ( 'NONE', #11761, #6626 ) ;
#4486 = UNCERTAINTY_MEASURE_WITH_UNIT (LENGTH_MEASURE( 1.000000000000000100E-005 ), #9146, 'distance_accuracy_value', 'NONE');
#4487 =( NAMED_UNIT ( * ) PLANE_ANGLE_UNIT ( ) SI_UNIT ( $, .RADIAN. ) );
#4488 = VERTEX_POINT ( 'NONE', #1909 ) ;
#4489 = ORIENTED_EDGE ( 'NONE', *, *, #1949, .F. ) ;
#4490 = CARTESIAN_POINT ( 'NONE',  ( -15.94999999999999200, -2.900000000000000400, -42.20000000000000300 ) ) ;
#4491 = ORIENTED_EDGE ( 'NONE', *, *, #10640, .F. ) ;
#4492 = CARTESIAN_POINT ( 'NONE',  ( -30.00000000000000400, 2.899999999999999900, 49.39999999999999900 ) ) ;
#4493 = CARTESIAN_POINT ( 'NONE',  ( -18.55000000000000400, -2.010000000000008200, 0.0000000000000000000 ) ) ;
#4494 = FACE_OUTER_BOUND ( 'NONE', #4291, .T. ) ;
#4495 = LINE ( 'NONE', #11210, #2038 ) ;
#4496 = ORIENTED_EDGE ( 'NONE', *, *, #10353, .F. ) ;
#4497 = CARTESIAN_POINT ( 'NONE',  ( 1.107331818831861700E-014, 2.900000000000000400, 76.59999999999999400 ) ) ;
#4498 = AXIS2_PLACEMENT_3D ( 'NONE', #10336, #4819, #11252 ) ;
#4499 = DIRECTION ( 'NONE',  ( -1.000000000000000000, 0.0000000000000000000, 0.0000000000000000000 ) ) ;
#4500 = ORIENTED_EDGE ( 'NONE', *, *, #2812, .T. ) ;
#4501 = AXIS2_PLACEMENT_3D ( 'NONE', #1836, #8267, #2763 ) ;
#4502 = ORIENTED_EDGE ( 'NONE', *, *, #7939, .T. ) ;
#4503 = EDGE_CURVE ( 'NONE', #9321, #3704, #418, .T. ) ;
#4504 = EDGE_CURVE ( 'NONE', #8589, #9904, #7470, .T. ) ;
#4505 = CARTESIAN_POINT ( 'NONE',  ( -33.89999999999998400, -2.900000000000000400, 44.50000000000001400 ) ) ;
#4506 = DIRECTION ( 'NONE',  ( 0.0000000000000000000, 0.0000000000000000000, -1.000000000000000000 ) ) ;
#4507 = VECTOR ( 'NONE', #2333, 1000.000000000000000 ) ;
#4508 = LINE ( 'NONE', #6153, #4211 ) ;
#4509 = DIRECTION ( 'NONE',  ( 0.8399832880181554700, 0.0000000000000000000, -0.5426122702724371900 ) ) ;
#4510 = ORIENTED_EDGE ( 'NONE', *, *, #5719, .T. ) ;
#4511 = EDGE_LOOP ( 'NONE', ( #603, #11432, #5593, #2474 ) ) ;
#4512 = CARTESIAN_POINT ( 'NONE',  ( -8.300000000000002500, -0.8100000000000009400, 5.100000000000000500 ) ) ;
#4513 = EDGE_LOOP ( 'NONE', ( #2166, #6089, #3859, #8097 ) ) ;
#4514 = ORIENTED_EDGE ( 'NONE', *, *, #9483, .T. ) ;
#4515 = CARTESIAN_POINT ( 'NONE',  ( 20.55000000000000100, -2.010000000000008200, 5.099999999999999600 ) ) ;
#4516 = DIRECTION ( 'NONE',  ( 0.8518743543862779000, 0.5185923423617760900, -0.07329438438713104000 ) ) ;
#4517 = SURFACE_STYLE_USAGE ( .BOTH. , #10004 ) ;
#4518 = DIRECTION ( 'NONE',  ( -0.0000000000000000000, 1.000000000000000000, -0.0000000000000000000 ) ) ;
#4519 = EDGE_CURVE ( 'NONE', #799, #3374, #9912, .T. ) ;
#4520 = AXIS2_PLACEMENT_3D ( 'NONE', #374, #6818, #1317 ) ;
#4521 = VERTEX_POINT ( 'NONE', #3801 ) ;
#4522 =( NAMED_UNIT ( * ) PLANE_ANGLE_UNIT ( ) SI_UNIT ( $, .RADIAN. ) );
#4523 = EDGE_LOOP ( 'NONE', ( #9513, #6858, #10182, #786, #9756, #1177, #61, #11069, #913, #3261, #5064, #481 ) ) ;
#4524 = ADVANCED_FACE ( 'NONE', ( #4739 ), #11147, .F. ) ;
#4525 = VECTOR ( 'NONE', #6923, 1000.000000000000000 ) ;
#4526 = CIRCLE ( 'NONE', #4467, 1.500000000000001300 ) ;
#4527 = ORIENTED_EDGE ( 'NONE', *, *, #11329, .T. ) ;
#4528 = DIRECTION ( 'NONE',  ( 0.0000000000000000000, 0.7071067811865466800, 0.7071067811865483500 ) ) ;
#4529 = VERTEX_POINT ( 'NONE', #2883 ) ;
#4530 = DIRECTION ( 'NONE',  ( -1.000000000000000000, 0.0000000000000000000, 0.0000000000000000000 ) ) ;
#4531 = VERTEX_POINT ( 'NONE', #7486 ) ;
#4532 = PLANE ( 'NONE',  #7335 ) ;
#4533 = FACE_OUTER_BOUND ( 'NONE', #9063, .T. ) ;
#4534 = VECTOR ( 'NONE', #3694, 1000.000000000000000 ) ;
#4535 = DIRECTION ( 'NONE',  ( -0.0000000000000000000, 1.000000000000000000, -0.0000000000000000000 ) ) ;
#4536 = DIRECTION ( 'NONE',  ( -0.0000000000000000000, -0.0000000000000000000, 1.000000000000000000 ) ) ;
#4537 = CARTESIAN_POINT ( 'NONE',  ( -13.74000000000000000, -4.815124837953327100, 5.099999999999999600 ) ) ;
#4538 = EDGE_LOOP ( 'NONE', ( #8538, #575, #9370, #2233 ) ) ;
#4539 = CARTESIAN_POINT ( 'NONE',  ( 7.900000000000000400, -0.8100000000000042700, 5.099999999999999600 ) ) ;
#4540 = PRESENTATION_LAYER_ASSIGNMENT (  '', '', ( #3910 ) ) ;
#4541 = DIRECTION ( 'NONE',  ( 0.0000000000000000000, 0.0000000000000000000, 1.000000000000000000 ) ) ;
#4542 = FILL_AREA_STYLE_COLOUR ( '', #2384 ) ;
#4543 = AXIS2_PLACEMENT_3D ( 'NONE', #3281, #5102, #10623 ) ;
#4544 = EDGE_CURVE ( 'NONE', #4257, #4488, #11791, .T. ) ;
#4545 = SURFACE_STYLE_FILL_AREA ( #6827 ) ;
#4546 = UNCERTAINTY_MEASURE_WITH_UNIT (LENGTH_MEASURE( 1.000000000000000100E-005 ), #833, 'distance_accuracy_value', 'NONE');
#4547 = EDGE_CURVE ( 'NONE', #6757, #3527, #5007, .T. ) ;
#4548 = CARTESIAN_POINT ( 'NONE',  ( -22.80000000000000100, 2.849999999999991700, 0.0000000000000000000 ) ) ;
#4549 = CARTESIAN_POINT ( 'NONE',  ( -29.50000000000000400, 2.899999999999999900, 49.39999999999999900 ) ) ;
#4550 = ORIENTED_EDGE ( 'NONE', *, *, #4392, .F. ) ;
#4551 = DIRECTION ( 'NONE',  ( -1.000000000000000000, -0.0000000000000000000, -0.0000000000000000000 ) ) ;
#4552 =( NAMED_UNIT ( * ) PLANE_ANGLE_UNIT ( ) SI_UNIT ( $, .RADIAN. ) );
#4553 = DIRECTION ( 'NONE',  ( 1.000000000000000000, 0.0000000000000000000, 0.0000000000000000000 ) ) ;
#4554 = CIRCLE ( 'NONE', #10338, 0.5000000000000004400 ) ;
#4555 = DIRECTION ( 'NONE',  ( 0.0000000000000000000, 0.0000000000000000000, -1.000000000000000000 ) ) ;
#4556 = ORIENTED_EDGE ( 'NONE', *, *, #6656, .T. ) ;
#4557 = LINE ( 'NONE', #11360, #2395 ) ;
#4558 = VECTOR ( 'NONE', #2838, 999.9999999999998900 ) ;
#4559 = VECTOR ( 'NONE', #3232, 1000.000000000000000 ) ;
#4560 = FACE_OUTER_BOUND ( 'NONE', #4034, .T. ) ;
#4562 = EDGE_CURVE ( 'NONE', #9259, #2862, #2288, .T. ) ;
#4561 = ORIENTED_EDGE ( 'NONE', *, *, #4210, .T. ) ;
#4563 = STYLED_ITEM ( 'NONE', ( #2234 ), #984 ) ;
#4564 =( NAMED_UNIT ( * ) PLANE_ANGLE_UNIT ( ) SI_UNIT ( $, .RADIAN. ) );
#4565 = DIRECTION ( 'NONE',  ( 1.000000000000000000, -1.392979236598078500E-016, 7.885106708985487100E-016 ) ) ;
#4566 = FILL_AREA_STYLE ('',( #10961 ) ) ;
#4567 = AXIS2_PLACEMENT_3D ( 'NONE', #1471, #7911, #2383 ) ;
#4568 = EDGE_CURVE ( 'NONE', #1405, #3890, #6902, .T. ) ;
#4569 = ORIENTED_EDGE ( 'NONE', *, *, #7980, .T. ) ;
#4570 = FACE_OUTER_BOUND ( 'NONE', #7234, .T. ) ;
#4571 = LINE ( 'NONE', #3117, #11603 ) ;
#4572 = VECTOR ( 'NONE', #7672, 1000.000000000000000 ) ;
#4573 = CARTESIAN_POINT ( 'NONE',  ( 1.400000000000001900, -0.8100000000000041600, 0.6999999999999990700 ) ) ;
#4574 = ORIENTED_EDGE ( 'NONE', *, *, #9545, .T. ) ;
#4575 = VERTEX_POINT ( 'NONE', #7523 ) ;
#4576 = ADVANCED_FACE ( 'NONE', ( #2001 ), #3314, .F. ) ;
#4577 = EDGE_LOOP ( 'NONE', ( #2757, #10933, #2207, #11634 ) ) ;
#4578 = VECTOR ( 'NONE', #7802, 1000.000000000000000 ) ;
#4579 = PRODUCT_CONTEXT ( 'NONE', #5472, 'mechanical' ) ;
#4580 = ORIENTED_EDGE ( 'NONE', *, *, #303, .T. ) ;
#4581 = ORIENTED_EDGE ( 'NONE', *, *, #8408, .F. ) ;
#4582 = EDGE_CURVE ( 'NONE', #767, #9575, #8202, .T. ) ;
#4583 =( GEOMETRIC_REPRESENTATION_CONTEXT ( 3 ) GLOBAL_UNCERTAINTY_ASSIGNED_CONTEXT ( ( #10064 ) ) GLOBAL_UNIT_ASSIGNED_CONTEXT ( ( #8535, #3056, #9472 ) ) REPRESENTATION_CONTEXT ( 'NONE', 'WORKASPACE' ) );
#4585 = DIRECTION ( 'NONE',  ( 1.000000000000000000, -1.668003342285391400E-017, 0.0000000000000000000 ) ) ;
#4584 = VECTOR ( 'NONE', #6195, 1000.000000000000000 ) ;
#4586 = ORIENTED_EDGE ( 'NONE', *, *, #7743, .T. ) ;
#4587 = AXIS2_PLACEMENT_3D ( 'NONE', #8802, #6976, #9740 ) ;
#4588 = LINE ( 'NONE', #5880, #6740 ) ;
#4589 =( LENGTH_UNIT ( ) NAMED_UNIT ( * ) SI_UNIT ( .MILLI., .METRE. ) );
#4590 = DIRECTION ( 'NONE',  ( 0.0000000000000000000, 0.0000000000000000000, 1.000000000000000000 ) ) ;
#4591 = CARTESIAN_POINT ( 'NONE',  ( -32.20000000000000300, 2.150000000000010600, 47.20000000000000300 ) ) ;
#4592 = CIRCLE ( 'NONE', #5191, 1.549999999999995800 ) ;
#4593 = ORIENTED_EDGE ( 'NONE', *, *, #5666, .F. ) ;
#4594 = SURFACE_STYLE_FILL_AREA ( #2713 ) ;
#4595 = AXIS2_PLACEMENT_3D ( 'NONE', #6077, #592, #7026 ) ;
#4596 = EDGE_LOOP ( 'NONE', ( #6230, #2095, #3152, #628 ) ) ;
#4597 = ORIENTED_EDGE ( 'NONE', *, *, #4630, .F. ) ;
#4598 = VECTOR ( 'NONE', #1410, 1000.000000000000000 ) ;
#4599 = SURFACE_STYLE_USAGE ( .BOTH. , #10090 ) ;
#4600 = CARTESIAN_POINT ( 'NONE',  ( -12.44000000000000100, -0.8100000000000010500, 5.099999999999999600 ) ) ;
#4601 = EDGE_CURVE ( 'NONE', #7605, #10089, #10636, .T. ) ;
#4602 = VECTOR ( 'NONE', #5231, 1000.000000000000000 ) ;
#4603 = ORIENTED_EDGE ( 'NONE', *, *, #6081, .F. ) ;
#4604 = CYLINDRICAL_SURFACE ( 'NONE', #3687, 0.5000000000000004400 ) ;
#4605 = CARTESIAN_POINT ( 'NONE',  ( 10.10000000000000100, -5.401102314577129500, 5.099999999999999600 ) ) ;
#4606 = CARTESIAN_POINT ( 'NONE',  ( 30.86000000000000700, 1.999999999999999600, -34.75000000000000000 ) ) ;
#4607 = CARTESIAN_POINT ( 'NONE',  ( -0.0000000000000000000, -1.069999999999999800, -0.2649999999999991800 ) ) ;
#4608 = CIRCLE ( 'NONE', #4460, 1.399999999999998600 ) ;
#4609 = AXIS2_PLACEMENT_3D ( 'NONE', #3181, #4107, #10535 ) ;
#4610 = DIRECTION ( 'NONE',  ( 0.0000000000000000000, 0.0000000000000000000, 1.000000000000000000 ) ) ;
#4611 = CARTESIAN_POINT ( 'NONE',  ( 33.00000000000001400, 3.500000000000000000, 49.39999999999999900 ) ) ;
#4612 = MECHANICAL_DESIGN_GEOMETRIC_PRESENTATION_REPRESENTATION (  '', ( #3398 ), #5221 ) ;
#4613 = VECTOR ( 'NONE', #5566, 1000.000000000000000 ) ;
#4614 = DIRECTION ( 'NONE',  ( 1.000000000000000000, -2.409338161078899700E-016, 0.0000000000000000000 ) ) ;
#4615 = FILL_AREA_STYLE_COLOUR ( '', #3722 ) ;
#4616 = EDGE_CURVE ( 'NONE', #11243, #1985, #886, .T. ) ;
#4617 = ORIENTED_EDGE ( 'NONE', *, *, #834, .T. ) ;
#4618 = CARTESIAN_POINT ( 'NONE',  ( -30.85999999999999600, 1.999999999999999600, 40.59999999999998000 ) ) ;
#4619 = ORIENTED_EDGE ( 'NONE', *, *, #6722, .F. ) ;
#4620 = APPLICATION_CONTEXT ( 'automotive_design' ) ;
#4621 = DIRECTION ( 'NONE',  ( 0.0000000000000000000, 0.0000000000000000000, 1.000000000000000000 ) ) ;
#4622 = LINE ( 'NONE', #215, #2161 ) ;
#4623 = UNCERTAINTY_MEASURE_WITH_UNIT (LENGTH_MEASURE( 1.000000000000000100E-005 ), #9675, 'distance_accuracy_value', 'NONE');
#4624 = CIRCLE ( 'NONE', #9293, 0.5000000000000004400 ) ;
#4625 = ORIENTED_EDGE ( 'NONE', *, *, #2813, .T. ) ;
#4626 = CARTESIAN_POINT ( 'NONE',  ( -32.20000000000000300, -2.100000000000000100, 47.20000000000000300 ) ) ;
#4627 = CARTESIAN_POINT ( 'NONE',  ( -1.599999999999998100, -0.9100000000000041400, 5.099999999999999600 ) ) ;
#4628 = PLANE ( 'NONE',  #3835 ) ;
#4629 = MECHANICAL_DESIGN_GEOMETRIC_PRESENTATION_REPRESENTATION (  '', ( #3414 ), #5240 ) ;
#4630 = EDGE_CURVE ( 'NONE', #648, #1428, #7918, .T. ) ;
#4631 = EDGE_LOOP ( 'NONE', ( #144, #1508, #5610, #9359 ) ) ;
#4632 =( NAMED_UNIT ( * ) SI_UNIT ( $, .STERADIAN. ) SOLID_ANGLE_UNIT ( ) );
#4633 = AXIS2_PLACEMENT_3D ( 'NONE', #6220, #734, #7154 ) ;
#4634 = VERTEX_POINT ( 'NONE', #4826 ) ;
#4635 = DIRECTION ( 'NONE',  ( 1.000000000000000000, -0.0000000000000000000, 0.0000000000000000000 ) ) ;
#4636 = ADVANCED_FACE ( 'NONE', ( #10050 ), #267, .F. ) ;
#4637 = EDGE_CURVE ( 'NONE', #4071, #11742, #573, .T. ) ;
#4638 = VECTOR ( 'NONE', #7316, 1000.000000000000000 ) ;
#4639 = ORIENTED_EDGE ( 'NONE', *, *, #5411, .F. ) ;
#4640 = DIRECTION ( 'NONE',  ( 0.0000000000000000000, 0.0000000000000000000, 1.000000000000000000 ) ) ;
#4641 = PLANE ( 'NONE',  #4766 ) ;
#4642 = ORIENTED_EDGE ( 'NONE', *, *, #3036, .F. ) ;
#4643 = CARTESIAN_POINT ( 'NONE',  ( 6.200000000000002000, -0.9100000000000029200, 5.099999999999999600 ) ) ;
#4644 = ORIENTED_EDGE ( 'NONE', *, *, #10656, .F. ) ;
#4645 = LINE ( 'NONE', #9409, #2188 ) ;
#4646 = LINE ( 'NONE', #10949, #11693 ) ;
#4647 = CARTESIAN_POINT ( 'NONE',  ( -30.00000000000000400, 9.722539674441609500, -47.00000000000001400 ) ) ;
#4648 = VERTEX_POINT ( 'NONE', #9445 ) ;
#4649 = CARTESIAN_POINT ( 'NONE',  ( 33.00000000000000000, 3.500000000000000000, -49.39999999999999900 ) ) ;
#4650 =( NAMED_UNIT ( * ) SI_UNIT ( $, .STERADIAN. ) SOLID_ANGLE_UNIT ( ) );
#4651 = EDGE_CURVE ( 'NONE', #4048, #771, #3016, .T. ) ;
#4652 = AXIS2_PLACEMENT_3D ( 'NONE', #7056, #1548, #7992 ) ;
#4653 = EDGE_CURVE ( 'NONE', #637, #4393, #5739, .T. ) ;
#4654 = ORIENTED_EDGE ( 'NONE', *, *, #97, .F. ) ;
#4655 = EDGE_CURVE ( 'NONE', #87, #9649, #2735, .T. ) ;
#4656 =( LENGTH_UNIT ( ) NAMED_UNIT ( * ) SI_UNIT ( .MILLI., .METRE. ) );
#4657 = DIRECTION ( 'NONE',  ( 0.0000000000000000000, 0.0000000000000000000, 1.000000000000000000 ) ) ;
#4658 = ORIENTED_EDGE ( 'NONE', *, *, #4191, .F. ) ;
#4659 = VECTOR ( 'NONE', #6496, 1000.000000000000000 ) ;
#4660 = VECTOR ( 'NONE', #3572, 1000.000000000000000 ) ;
#4661 = CARTESIAN_POINT ( 'NONE',  ( -32.99999999999998600, 3.500000000000000000, 48.00000000000000000 ) ) ;
#4662 = ORIENTED_EDGE ( 'NONE', *, *, #1855, .F. ) ;
#4663 =( GEOMETRIC_REPRESENTATION_CONTEXT ( 3 ) GLOBAL_UNCERTAINTY_ASSIGNED_CONTEXT ( ( #9533 ) ) GLOBAL_UNIT_ASSIGNED_CONTEXT ( ( #8086, #2573, #8993 ) ) REPRESENTATION_CONTEXT ( 'NONE', 'WORKASPACE' ) );
#4664 = ORIENTED_EDGE ( 'NONE', *, *, #9, .T. ) ;
#4665 = VERTEX_POINT ( 'NONE', #2134 ) ;
#4666 = DIRECTION ( 'NONE',  ( -0.0000000000000000000, -0.0000000000000000000, 1.000000000000000000 ) ) ;
#4667 = CARTESIAN_POINT ( 'NONE',  ( 7.900000000000000400, -0.9100000000000046900, 5.099999999999999600 ) ) ;
#4668 = DIRECTION ( 'NONE',  ( 1.000000000000000000, 0.0000000000000000000, 2.409338161078899700E-016 ) ) ;
#4669 = EDGE_CURVE ( 'NONE', #4850, #7448, #11917, .T. ) ;
#4670 = COLOUR_RGB ( '',0.8980392156862745400, 0.9176470588235293700, 0.9294117647058823800 ) ;
#4671 = COLOUR_RGB ( '',0.8941176470588234600, 0.9137254901960784000, 0.9294117647058823800 ) ;
#4672 = MECHANICAL_DESIGN_GEOMETRIC_PRESENTATION_REPRESENTATION (  '', ( #3462 ), #5287 ) ;
#4673 = CARTESIAN_POINT ( 'NONE',  ( -34.39999999999998400, -2.900000000000000400, -38.50000000000000700 ) ) ;
#4674 = EDGE_LOOP ( 'NONE', ( #8545, #4349, #3383, #3580, #762, #6712, #5146, #5224, #4730, #897, #11712, #6023, #455, #7694, #5902, #9832 ) ) ;
#4675 = SURFACE_STYLE_FILL_AREA ( #8640 ) ;
#4676 = EDGE_LOOP ( 'NONE', ( #10638, #5048, #2827 ) ) ;
#4677 = EDGE_LOOP ( 'NONE', ( #7760, #7087, #2386, #10087 ) ) ;
#4678 = FACE_OUTER_BOUND ( 'NONE', #3477, .T. ) ;
#4679 = MECHANICAL_DESIGN_GEOMETRIC_PRESENTATION_REPRESENTATION (  '', ( #2840 ), #5296 ) ;
#4680 = LINE ( 'NONE', #3195, #2225 ) ;
#4681 = CONICAL_SURFACE ( 'NONE', #5040, 1.250000000000001100, 1.029744258676653900 ) ;
#4682 = DIRECTION ( 'NONE',  ( 0.0000000000000000000, 0.0000000000000000000, -1.000000000000000000 ) ) ;
#4683 = CARTESIAN_POINT ( 'NONE',  ( 9.019999999999999600, -0.9100000000000040300, -9.163163585451677400E-017 ) ) ;
#4684 = ADVANCED_FACE ( 'NONE', ( #2437 ), #10414, .T. ) ;
#4685 = SURFACE_STYLE_USAGE ( .BOTH. , #10187 ) ;
#4686 = DIRECTION ( 'NONE',  ( 1.404634393503487500E-016, 0.0000000000000000000, 1.000000000000000000 ) ) ;
#4687 = VERTEX_POINT ( 'NONE', #1267 ) ;
#4688 = DIRECTION ( 'NONE',  ( 0.0000000000000000000, -1.000000000000000000, 0.0000000000000000000 ) ) ;
#4689 = COLOUR_RGB ( '',0.9686274509803921600, 0.8784313725490196000, 0.5999999999999999800 ) ;
#4690 = CARTESIAN_POINT ( 'NONE',  ( -0.2999999999999972100, -0.8100000000000040500, 1.299999999999999200 ) ) ;
#4691 = EDGE_LOOP ( 'NONE', ( #6173, #7225, #6965 ) ) ;
#4692 =( BOUNDED_CURVE ( )  B_SPLINE_CURVE ( 3, ( #2216, #3153, #10500, #4977 ),
 .UNSPECIFIED., .F., .F. ) 
 B_SPLINE_CURVE_WITH_KNOTS ( ( 4, 4 ),
 ( 1.570796326794896800, 4.712388980384689700 ),
 .UNSPECIFIED. ) 
 CURVE ( )  GEOMETRIC_REPRESENTATION_ITEM ( )  RATIONAL_B_SPLINE_CURVE ( ( 1.000000000000000000, 0.3333333333333333700, 0.3333333333333333700, 1.000000000000000000 ) ) 
 REPRESENTATION_ITEM ( '' )  );
#4693 = DIRECTION ( 'NONE',  ( 0.0000000000000000000, 0.0000000000000000000, 1.000000000000000000 ) ) ;
#4694 = ADVANCED_FACE ( 'NONE', ( #3731 ), #7717, .T. ) ;
#4695 = LINE ( 'NONE', #1591, #9296 ) ;
#4696 = CARTESIAN_POINT ( 'NONE',  ( -30.86000000000000700, 10.74102034176674400, -33.50000000000000000 ) ) ;
#4697 = AXIS2_PLACEMENT_3D ( 'NONE', #869, #7269, #1772 ) ;
#4698 = VECTOR ( 'NONE', #1448, 1000.000000000000000 ) ;
#4699 = VERTEX_POINT ( 'NONE', #6803 ) ;
#4700 = VECTOR ( 'NONE', #6893, 1000.000000000000000 ) ;
#4701 = EDGE_CURVE ( 'NONE', #5924, #5210, #8591, .T. ) ;
#4702 = EDGE_CURVE ( 'NONE', #3095, #11567, #1583, .T. ) ;
#4703 = ORIENTED_EDGE ( 'NONE', *, *, #7787, .T. ) ;
#4704 = LINE ( 'NONE', #3530, #4967 ) ;
#4705 = DIRECTION ( 'NONE',  ( -0.7071067811865477900, -0.7071067811865473500, 0.0000000000000000000 ) ) ;
#4706 = VECTOR ( 'NONE', #10678, 1000.000000000000000 ) ;
#4707 = DIRECTION ( 'NONE',  ( 4.625929269271503500E-015, -0.0000000000000000000, 1.000000000000000000 ) ) ;
#4708 = CYLINDRICAL_SURFACE ( 'NONE', #10170, 2.000000000000001800 ) ;
#4709 = COLOUR_RGB ( '',0.9686274509803921600, 0.8784313725490196000, 0.5999999999999999800 ) ;
#4710 = VERTEX_POINT ( 'NONE', #6842 ) ;
#4711 = CARTESIAN_POINT ( 'NONE',  ( -2.899999999999998100, -0.8100000000000040500, 0.0000000000000000000 ) ) ;
#4712 =( LENGTH_UNIT ( ) NAMED_UNIT ( * ) SI_UNIT ( .MILLI., .METRE. ) );
#4713 = EDGE_LOOP ( 'NONE', ( #6524, #11884, #5877, #10691 ) ) ;
#4714 = ORIENTED_EDGE ( 'NONE', *, *, #4287, .T. ) ;
#4715 = DIRECTION ( 'NONE',  ( 0.0000000000000000000, -1.000000000000000000, 0.0000000000000000000 ) ) ;
#4716 = PRESENTATION_STYLE_ASSIGNMENT (( #8418 ) ) ;
#4717 = ORIENTED_EDGE ( 'NONE', *, *, #3115, .F. ) ;
#4718 = AXIS2_PLACEMENT_3D ( 'NONE', #9748, #11590, #6082 ) ;
#4719 = ORIENTED_EDGE ( 'NONE', *, *, #10565, .F. ) ;
#4720 =( LENGTH_UNIT ( ) NAMED_UNIT ( * ) SI_UNIT ( .MILLI., .METRE. ) );
#4721 = AXIS2_PLACEMENT_3D ( 'NONE', #7595, #2085, #8504 ) ;
#4722 = EDGE_CURVE ( 'NONE', #6737, #4926, #10777, .T. ) ;
#4723 = DIRECTION ( 'NONE',  ( 1.000000000000000000, 0.0000000000000000000, 0.0000000000000000000 ) ) ;
#4724 = ORIENTED_EDGE ( 'NONE', *, *, #8033, .F. ) ;
#4725 = CIRCLE ( 'NONE', #8247, 1.250000000000001100 ) ;
#4726 = DIRECTION ( 'NONE',  ( 1.000000000000000000, 0.0000000000000000000, 0.0000000000000000000 ) ) ;
#4727 = ORIENTED_EDGE ( 'NONE', *, *, #9392, .F. ) ;
#4728 = FILL_AREA_STYLE_COLOUR ( '', #5964 ) ;
#4729 = ORIENTED_EDGE ( 'NONE', *, *, #9051, .F. ) ;
#4730 = ORIENTED_EDGE ( 'NONE', *, *, #4651, .T. ) ;
#4731 = LINE ( 'NONE', #11419, #2281 ) ;
#4732 = PRODUCT_DEFINITION_CONTEXT ( 'detailed design', #9155, 'design' ) ;
#4733 = DIRECTION ( 'NONE',  ( 1.000000000000000000, -2.409338161078899700E-016, 2.409338161078899700E-016 ) ) ;
#4734 = ORIENTED_EDGE ( 'NONE', *, *, #9717, .T. ) ;
#4735 = DIRECTION ( 'NONE',  ( 0.0000000000000000000, -1.000000000000000000, 0.0000000000000000000 ) ) ;
#4736 = FILL_AREA_STYLE_COLOUR ( '', #9014 ) ;
#4737 = LINE ( 'NONE', #9491, #11494 ) ;
#4738 = EDGE_CURVE ( 'NONE', #637, #2705, #8325, .T. ) ;
#4739 = FACE_OUTER_BOUND ( 'NONE', #3167, .T. ) ;
#4740 = MECHANICAL_DESIGN_GEOMETRIC_PRESENTATION_REPRESENTATION (  '', ( #3521 ), #5359 ) ;
#4741 = DIRECTION ( 'NONE',  ( 0.0000000000000000000, -1.000000000000000000, 0.0000000000000000000 ) ) ;
#4742 = VERTEX_POINT ( 'NONE', #8670 ) ;
#4743 = FACE_OUTER_BOUND ( 'NONE', #2819, .T. ) ;
#4744 = AXIS2_PLACEMENT_3D ( 'NONE', #7001, #5135, #571 ) ;
#4745 = ORIENTED_EDGE ( 'NONE', *, *, #2471, .F. ) ;
#4746 = PRESENTATION_STYLE_ASSIGNMENT (( #5780 ) ) ;
#4747 = PLANE ( 'NONE',  #11538 ) ;
#4748 = AXIS2_PLACEMENT_3D ( 'NONE', #8159, #2646, #9062 ) ;
#4749 = DIRECTION ( 'NONE',  ( 0.0000000000000000000, 1.000000000000000000, 0.0000000000000000000 ) ) ;
#4750 = SURFACE_STYLE_FILL_AREA ( #3906 ) ;
#4751 = EDGE_LOOP ( 'NONE', ( #7716, #1776, #8703, #4717, #7240, #1015, #3040, #1940, #8061, #4894, #210, #2052, #11841, #11758, #2500, #3276, #6586, #4216, #7451, #1, #1371, #11683, #6782, #11575 ) ) ;
#4752 = ADVANCED_FACE ( 'NONE', ( #3456 ), #3142, .F. ) ;
#4753 = ORIENTED_EDGE ( 'NONE', *, *, #4722, .T. ) ;
#4754 = CARTESIAN_POINT ( 'NONE',  ( -33.00000000000000000, -0.2999999999999999900, 48.00000000000000000 ) ) ;
#4755 = DIRECTION ( 'NONE',  ( 0.0000000000000000000, 1.000000000000000000, 0.0000000000000000000 ) ) ;
#4756 = SURFACE_SIDE_STYLE ('',( #10802 ) ) ;
#4757 = UNCERTAINTY_MEASURE_WITH_UNIT (LENGTH_MEASURE( 1.000000000000000100E-005 ), #7394, 'distance_accuracy_value', 'NONE');
#4758 = DIRECTION ( 'NONE',  ( -0.0000000000000000000, -1.000000000000000000, -0.0000000000000000000 ) ) ;
#4759 = ORIENTED_EDGE ( 'NONE', *, *, #4669, .F. ) ;
#4760 = AXIS2_PLACEMENT_3D ( 'NONE', #9289, #10213, #4705 ) ;
#4761 = ORIENTED_EDGE ( 'NONE', *, *, #7119, .F. ) ;
#4762 =( NAMED_UNIT ( * ) SI_UNIT ( $, .STERADIAN. ) SOLID_ANGLE_UNIT ( ) );
#4763 = SURFACE_SIDE_STYLE ('',( #6054 ) ) ;
#4764 = CARTESIAN_POINT ( 'NONE',  ( -14.64000000000000100, -0.8100000000000015000, 1.299999999999999600 ) ) ;
#4765 = ORIENTED_EDGE ( 'NONE', *, *, #11423, .T. ) ;
#4766 = AXIS2_PLACEMENT_3D ( 'NONE', #9223, #5565, #44 ) ;
#4767 = CARTESIAN_POINT ( 'NONE',  ( -2.090861834133726000E-016, -0.9100000000000039200, -1.538828968349184100E-031 ) ) ;
#4768 = EDGE_CURVE ( 'NONE', #724, #11720, #11068, .T. ) ;
#4769 = EDGE_CURVE ( 'NONE', #6599, #6125, #5592, .T. ) ;
#4770 = DIRECTION ( 'NONE',  ( 4.565061778886338000E-016, 0.0000000000000000000, -1.000000000000000000 ) ) ;
#4771 = LINE ( 'NONE', #2010, #9657 ) ;
#4772 = ORIENTED_EDGE ( 'NONE', *, *, #6342, .F. ) ;
#4773 = ORIENTED_EDGE ( 'NONE', *, *, #11817, .F. ) ;
#4774 = ORIENTED_EDGE ( 'NONE', *, *, #4816, .T. ) ;
#4775 = LINE ( 'NONE', #8755, #4507 ) ;
#4776 = DIRECTION ( 'NONE',  ( -1.000000000000000000, 1.055184596092948200E-017, 0.0000000000000000000 ) ) ;
#4777 = LINE ( 'NONE', #2462, #6951 ) ;
#4778 = EDGE_LOOP ( 'NONE', ( #462, #6149, #11922, #2514, #6607, #602, #6542, #4044 ) ) ;
#4779 = EDGE_CURVE ( 'NONE', #11406, #10610, #10478, .T. ) ;
#4780 = ORIENTED_EDGE ( 'NONE', *, *, #3380, .T. ) ;
#4781 = FILL_AREA_STYLE_COLOUR ( '', #7673 ) ;
#4782 = DIRECTION ( 'NONE',  ( 0.0000000000000000000, -1.000000000000000000, 0.0000000000000000000 ) ) ;
#4783 = ORIENTED_EDGE ( 'NONE', *, *, #8475, .T. ) ;
#4784 = EDGE_CURVE ( 'NONE', #9941, #1862, #10190, .T. ) ;
#4785 = CARTESIAN_POINT ( 'NONE',  ( 32.00000000000000000, 2.899999999999999900, -45.00000000000001400 ) ) ;
#4786 = ORIENTED_EDGE ( 'NONE', *, *, #3593, .T. ) ;
#4787 =( NAMED_UNIT ( * ) SI_UNIT ( $, .STERADIAN. ) SOLID_ANGLE_UNIT ( ) );
#4788 = FILL_AREA_STYLE_COLOUR ( '', #7202 ) ;
#4789 = DIRECTION ( 'NONE',  ( -0.08572225787319878700, -1.721391811806175100E-016, -0.9963190726394436400 ) ) ;
#4790 = DIRECTION ( 'NONE',  ( 1.000000000000000000, -2.409338161078899700E-016, 2.409338161078899700E-016 ) ) ;
#4791 = ORIENTED_EDGE ( 'NONE', *, *, #10978, .T. ) ;
#4792 = VECTOR ( 'NONE', #7759, 1000.000000000000000 ) ;
#4793 = CARTESIAN_POINT ( 'NONE',  ( 22.80000000000000100, -0.4500000000000076700, 0.0000000000000000000 ) ) ;
#4794 = CARTESIAN_POINT ( 'NONE',  ( 11.40000000000000000, -0.9100000000000062500, 5.099999999999999600 ) ) ;
#4795 = DIRECTION ( 'NONE',  ( -1.355252715606881000E-016, 2.226315058375545200E-031, -1.000000000000000000 ) ) ;
#4796 = SURFACE_SIDE_STYLE ('',( #9708 ) ) ;
#4797 = EDGE_CURVE ( 'NONE', #87, #11393, #5306, .T. ) ;
#4798 = AXIS2_PLACEMENT_3D ( 'NONE', #5515, #8995, #6437 ) ;
#4799 = VERTEX_POINT ( 'NONE', #2331 ) ;
#4800 = EDGE_CURVE ( 'NONE', #7849, #460, #4993, .T. ) ;
#4801 = CARTESIAN_POINT ( 'NONE',  ( -18.55000000000000100, -2.850000000000001000, 42.20950821555037900 ) ) ;
#4802 = PRESENTATION_LAYER_ASSIGNMENT (  '', '', ( #4192 ) ) ;
#4803 = DIRECTION ( 'NONE',  ( 0.0000000000000000000, 1.000000000000000000, 0.0000000000000000000 ) ) ;
#4804 = ADVANCED_FACE ( 'NONE', ( #7454 ), #2275, .F. ) ;
#4805 = ORIENTED_EDGE ( 'NONE', *, *, #8939, .T. ) ;
#4806 = VERTEX_POINT ( 'NONE', #536 ) ;
#4807 = FACE_OUTER_BOUND ( 'NONE', #5698, .T. ) ;
#4808 = DIRECTION ( 'NONE',  ( 0.0000000000000000000, 0.0000000000000000000, 1.000000000000000000 ) ) ;
#4809 = VECTOR ( 'NONE', #5278, 1000.000000000000000 ) ;
#4810 = VECTOR ( 'NONE', #11803, 1000.000000000000000 ) ;
#4811 =( LENGTH_UNIT ( ) NAMED_UNIT ( * ) SI_UNIT ( .MILLI., .METRE. ) );
#4812 = COLOUR_RGB ( '',0.9686274509803921600, 0.8784313725490196000, 0.5999999999999999800 ) ;
#4813 =( LENGTH_UNIT ( ) NAMED_UNIT ( * ) SI_UNIT ( .MILLI., .METRE. ) );
#4814 = VERTEX_POINT ( 'NONE', #6970 ) ;
#4815 = CARTESIAN_POINT ( 'NONE',  ( -20.55000000000000100, 0.6699999999999920500, -2.088061301782108400 ) ) ;
#4816 = EDGE_CURVE ( 'NONE', #2307, #7572, #7182, .T. ) ;
#4817 = VECTOR ( 'NONE', #4842, 1000.000000000000000 ) ;
#4818 = AXIS2_PLACEMENT_3D ( 'NONE', #5493, #938, #6418 ) ;
#4819 = DIRECTION ( 'NONE',  ( -2.409338161078899700E-016, 4.018784105375342500E-033, 1.000000000000000000 ) ) ;
#4820 = CARTESIAN_POINT ( 'NONE',  ( 4.900000000000001200, -0.9100000000000033600, 5.099999999999999600 ) ) ;
#4821 = FACE_OUTER_BOUND ( 'NONE', #3824, .T. ) ;
#4822 = LINE ( 'NONE', #5474, #2686 ) ;
#4823 = ORIENTED_EDGE ( 'NONE', *, *, #1328, .T. ) ;
#4824 = AXIS2_PLACEMENT_3D ( 'NONE', #9548, #4055, #10487 ) ;
#4825 = VECTOR ( 'NONE', #7993, 1000.000000000000000 ) ;
#4826 = CARTESIAN_POINT ( 'NONE',  ( -15.94999999999999200, -3.500000000000005300, -42.20000000000000300 ) ) ;
#4827 = SURFACE_STYLE_USAGE ( .BOTH. , #10346 ) ;
#4828 = CARTESIAN_POINT ( 'NONE',  ( -16.34000000000000000, 0.2899999999999994800, 0.0000000000000000000 ) ) ;
#4829 = AXIS2_PLACEMENT_3D ( 'NONE', #6455, #971, #7373 ) ;
#4830 = ORIENTED_EDGE ( 'NONE', *, *, #3020, .F. ) ;
#4831 = FACE_OUTER_BOUND ( 'NONE', #5084, .T. ) ;
#4832 = UNCERTAINTY_MEASURE_WITH_UNIT (LENGTH_MEASURE( 1.000000000000000100E-005 ), #6753, 'distance_accuracy_value', 'NONE');
#4833 = FACE_OUTER_BOUND ( 'NONE', #8199, .T. ) ;
#4834 = CARTESIAN_POINT ( 'NONE',  ( 18.55000000000000100, -2.010000000000008200, -0.0000000000000000000 ) ) ;
#4835 = EDGE_CURVE ( 'NONE', #7817, #6138, #116, .T. ) ;
#4836 = CARTESIAN_POINT ( 'NONE',  ( 9.200000000000001100, -0.8100000000000041600, 0.7000000000000001800 ) ) ;
#4837 = SHAPE_REPRESENTATION_RELATIONSHIP ( 'NONE' , 'NONE' ,  #9247, #2493 ) ;
#4838 = LINE ( 'NONE', #3818, #2399 ) ;
#4839 = DIRECTION ( 'NONE',  ( 0.0000000000000000000, -0.0000000000000000000, 1.000000000000000000 ) ) ;
#4840 = ORIENTED_EDGE ( 'NONE', *, *, #3919, .F. ) ;
#4841 = CARTESIAN_POINT ( 'NONE',  ( -15.03999999999999900, -0.9100000000000011400, 5.100000000000000500 ) ) ;
#4842 = DIRECTION ( 'NONE',  ( 0.0000000000000000000, 0.7071067811865466800, 0.7071067811865483500 ) ) ;
#4843 = VERTEX_POINT ( 'NONE', #1463 ) ;
#4844 = SURFACE_STYLE_FILL_AREA ( #1733 ) ;
#4845 = SURFACE_STYLE_FILL_AREA ( #4289 ) ;
#4846 = VECTOR ( 'NONE', #8607, 1000.000000000000000 ) ;
#4847 = FACE_OUTER_BOUND ( 'NONE', #721, .T. ) ;
#4849 = DIRECTION ( 'NONE',  ( -1.000000000000000000, 1.668003342285391100E-017, 0.0000000000000000000 ) ) ;
#4848 = VECTOR ( 'NONE', #111, 1000.000000000000000 ) ;
#4851 = EDGE_CURVE ( 'NONE', #8245, #5136, #9327, .T. ) ;
#4850 = VERTEX_POINT ( 'NONE', #3323 ) ;
#4852 = STYLED_ITEM ( 'NONE', ( #2715 ), #397 ) ;
#4853 = CARTESIAN_POINT ( 'NONE',  ( -30.85999999999999600, -3.500000000000000000, 40.59999999999998000 ) ) ;
#4854 = ORIENTED_EDGE ( 'NONE', *, *, #234, .F. ) ;
#4855 = LINE ( 'NONE', #6874, #9752 ) ;
#4856 = VERTEX_POINT ( 'NONE', #584 ) ;
#4857 = ORIENTED_EDGE ( 'NONE', *, *, #7208, .T. ) ;
#4858 = CARTESIAN_POINT ( 'NONE',  ( 35.00000000000001400, 0.5000000000000000000, 40.59999999999998000 ) ) ;
#4859 = LINE ( 'NONE', #3480, #4300 ) ;
#4860 = DIRECTION ( 'NONE',  ( 0.0000000000000000000, 0.0000000000000000000, 1.000000000000000000 ) ) ;
#4861 = ORIENTED_EDGE ( 'NONE', *, *, #1128, .F. ) ;
#4862 = ADVANCED_FACE ( 'NONE', ( #4447 ), #1498, .F. ) ;
#4863 = DIRECTION ( 'NONE',  ( -0.0000000000000000000, -1.000000000000000000, -0.0000000000000000000 ) ) ;
#4864 = VECTOR ( 'NONE', #7861, 1000.000000000000000 ) ;
#4865 = PRESENTATION_STYLE_ASSIGNMENT (( #3105 ) ) ;
#4866 = ORIENTED_EDGE ( 'NONE', *, *, #5428, .F. ) ;
#4867 = VECTOR ( 'NONE', #5398, 1000.000000000000000 ) ;
#4868 = CARTESIAN_POINT ( 'NONE',  ( 35.00000000000000000, 0.5000000000000000000, -36.00000000000000700 ) ) ;
#4869 = ORIENTED_EDGE ( 'NONE', *, *, #6894, .F. ) ;
#4870 = ORIENTED_EDGE ( 'NONE', *, *, #4872, .T. ) ;
#4871 = VECTOR ( 'NONE', #8660, 1000.000000000000000 ) ;
#4872 = EDGE_CURVE ( 'NONE', #7660, #1461, #401, .T. ) ;
#4873 = EDGE_CURVE ( 'NONE', #2705, #9672, #4725, .T. ) ;
#4874 = CARTESIAN_POINT ( 'NONE',  ( 11.40000000000000000, -4.815124837953334200, 5.099999999999999600 ) ) ;
#4875 = DIRECTION ( 'NONE',  ( -1.000000000000000000, -0.0000000000000000000, -0.0000000000000000000 ) ) ;
#4876 = CARTESIAN_POINT ( 'NONE',  ( 29.50000000000000400, 2.899999999999999900, -48.89999999999999900 ) ) ;
#4877 = CARTESIAN_POINT ( 'NONE',  ( 28.00000000000000400, -1.099999999999999900, -49.39999999999999900 ) ) ;
#4878 = ADVANCED_FACE ( 'NONE', ( #11775 ), #10700, .F. ) ;
#4879 = DIRECTION ( 'NONE',  ( 0.0000000000000000000, 0.0000000000000000000, 1.000000000000000000 ) ) ;
#4880 = VECTOR ( 'NONE', #1268, 1000.000000000000000 ) ;
#4881 = PRESENTATION_LAYER_ASSIGNMENT (  '', '', ( #4279 ) ) ;
#4882 = DIRECTION ( 'NONE',  ( 1.000000000000000000, 0.0000000000000000000, 0.0000000000000000000 ) ) ;
#4883 = CARTESIAN_POINT ( 'NONE',  ( 5.300000000000001600, -0.9100000000000029200, 0.7000000000000010700 ) ) ;
#4884 = EDGE_CURVE ( 'NONE', #10388, #7869, #6595, .T. ) ;
#4885 =( GEOMETRIC_REPRESENTATION_CONTEXT ( 3 ) GLOBAL_UNCERTAINTY_ASSIGNED_CONTEXT ( ( #2784 ) ) GLOBAL_UNIT_ASSIGNED_CONTEXT ( ( #8899, #3416, #9824 ) ) REPRESENTATION_CONTEXT ( 'NONE', 'WORKASPACE' ) );
#4886 = SURFACE_STYLE_USAGE ( .BOTH. , #10399 ) ;
#4887 = VECTOR ( 'NONE', #9179, 1000.000000000000000 ) ;
#4888 = ORIENTED_EDGE ( 'NONE', *, *, #11514, .T. ) ;
#4889 = PLANE ( 'NONE',  #7608 ) ;
#4890 = ORIENTED_EDGE ( 'NONE', *, *, #11097, .F. ) ;
#4891 = STYLED_ITEM ( 'NONE', ( #3746 ), #10611 ) ;
#4892 = LINE ( 'NONE', #6651, #9496 ) ;
#4893 = UNCERTAINTY_MEASURE_WITH_UNIT (LENGTH_MEASURE( 1.000000000000000100E-005 ), #7027, 'distance_accuracy_value', 'NONE');
#4894 = ORIENTED_EDGE ( 'NONE', *, *, #3048, .F. ) ;
#4895 = DIRECTION ( 'NONE',  ( 3.423796334164750500E-016, 0.0000000000000000000, -1.000000000000000000 ) ) ;
#4896 = CARTESIAN_POINT ( 'NONE',  ( 0.3000000000000042600, 0.0000000000000000000, 0.0000000000000000000 ) ) ;
#4897 = EDGE_LOOP ( 'NONE', ( #11936, #5949, #11932, #1773 ) ) ;
#4898 =( NAMED_UNIT ( * ) PLANE_ANGLE_UNIT ( ) SI_UNIT ( $, .RADIAN. ) );
#4899 = VERTEX_POINT ( 'NONE', #9811 ) ;
#4900 =( NAMED_UNIT ( * ) PLANE_ANGLE_UNIT ( ) SI_UNIT ( $, .RADIAN. ) );
#4901 = CARTESIAN_POINT ( 'NONE',  ( 32.20000000000001700, -0.2999999999999999900, -48.75000000000001400 ) ) ;
#4902 = MECHANICAL_DESIGN_GEOMETRIC_PRESENTATION_REPRESENTATION (  '', ( #3702 ), #5543 ) ;
#4903 = LINE ( 'NONE', #1817, #7086 ) ;
#4904 = ORIENTED_EDGE ( 'NONE', *, *, #8311, .F. ) ;
#4905 = CARTESIAN_POINT ( 'NONE',  ( 0.3000000000000042600, 0.0000000000000000000, 1.899999999999999700 ) ) ;
#4906 = STYLED_ITEM ( 'NONE', ( #2720 ), #4965 ) ;
#4907 = ORIENTED_EDGE ( 'NONE', *, *, #5283, .F. ) ;
#4908 = CARTESIAN_POINT ( 'NONE',  ( 6.600000000000002300, -0.9100000000000045800, 5.099999999999999600 ) ) ;
#4909 = EDGE_CURVE ( 'NONE', #244, #7428, #11482, .T. ) ;
#4910 = ORIENTED_EDGE ( 'NONE', *, *, #742, .T. ) ;
#4911 = PLANE ( 'NONE',  #6178 ) ;
#4912 = EDGE_CURVE ( 'NONE', #3704, #11891, #9040, .T. ) ;
#4913 = EDGE_LOOP ( 'NONE', ( #11779, #2352, #8902, #9931 ) ) ;
#4914 = ADVANCED_FACE ( 'NONE', ( #11193 ), #4313, .F. ) ;
#4915 = FACE_OUTER_BOUND ( 'NONE', #4363, .T. ) ;
#4916 = VERTEX_POINT ( 'NONE', #8927 ) ;
#4917 = PLANE ( 'NONE',  #8361 ) ;
#4918 = ORIENTED_EDGE ( 'NONE', *, *, #1521, .T. ) ;
#4919 = ORIENTED_EDGE ( 'NONE', *, *, #1128, .T. ) ;
#4920 = DIRECTION ( 'NONE',  ( 3.423796334164750500E-016, 0.0000000000000000000, -1.000000000000000000 ) ) ;
#4921 = CIRCLE ( 'NONE', #8546, 1.250000000000001100 ) ;
#4922 = DIRECTION ( 'NONE',  ( 0.0000000000000000000, 0.0000000000000000000, -1.000000000000000000 ) ) ;
#4923 = LINE ( 'NONE', #2647, #4660 ) ;
#4924 = ADVANCED_FACE ( 'NONE', ( #6308 ), #6154, .T. ) ;
#4925 = CARTESIAN_POINT ( 'NONE',  ( 20.55000000000000100, 0.6699999999999918200, 5.099999999999999600 ) ) ;
#4926 = VERTEX_POINT ( 'NONE', #701 ) ;
#4927 = AXIS2_PLACEMENT_3D ( 'NONE', #4484, #10918, #5403 ) ;
#4928 = EDGE_CURVE ( 'NONE', #3557, #2328, #5448, .T. ) ;
#4929 = ORIENTED_EDGE ( 'NONE', *, *, #8906, .F. ) ;
#4930 = ORIENTED_EDGE ( 'NONE', *, *, #8612, .F. ) ;
#4931 = VECTOR ( 'NONE', #10950, 1000.000000000000000 ) ;
#4932 = LINE ( 'NONE', #8377, #2519 ) ;
#4933 = CARTESIAN_POINT ( 'NONE',  ( 1.000000000000002000, -0.8100000000000040500, 5.099999999999999600 ) ) ;
#4934 = CARTESIAN_POINT ( 'NONE',  ( 6.200000000000002000, -5.401102314577125100, 5.099999999999999600 ) ) ;
#4935 = CARTESIAN_POINT ( 'NONE',  ( -16.34000000000000000, 0.2899999999999994800, -20.72142852218446800 ) ) ;
#4936 = PLANE ( 'NONE',  #693 ) ;
#4937 = FACE_BOUND ( 'NONE', #744, .T. ) ;
#4938 = ORIENTED_EDGE ( 'NONE', *, *, #4210, .F. ) ;
#4939 = ORIENTED_EDGE ( 'NONE', *, *, #3573, .F. ) ;
#4940 = SURFACE_STYLE_FILL_AREA ( #1402 ) ;
#4941 = DIRECTION ( 'NONE',  ( -1.668003342285391100E-017, -1.000000000000000000, 0.0000000000000000000 ) ) ;
#4942 = CARTESIAN_POINT ( 'NONE',  ( 30.00000000000000400, -2.900000000000000400, -45.00000000000001400 ) ) ;
#4943 = EDGE_CURVE ( 'NONE', #4462, #7465, #7896, .T. ) ;
#4944 = AXIS2_PLACEMENT_3D ( 'NONE', #608, #3389, #9795 ) ;
#4945 = VECTOR ( 'NONE', #6808, 1000.000000000000000 ) ;
#4946 = PLANE ( 'NONE',  #6981 ) ;
#4947 = FACE_OUTER_BOUND ( 'NONE', #7048, .T. ) ;
#4948 = PRESENTATION_LAYER_ASSIGNMENT (  '', '', ( #3747 ) ) ;
#4949 = CARTESIAN_POINT ( 'NONE',  ( 34.39999999999999900, -2.900000000000000400, 38.09999999999998000 ) ) ;
#4950 = FACE_OUTER_BOUND ( 'NONE', #5039, .T. ) ;
#4951 = EDGE_LOOP ( 'NONE', ( #2724, #2795, #2280, #10516 ) ) ;
#4952 = VECTOR ( 'NONE', #3561, 1000.000000000000000 ) ;
#4953 = AXIS2_PLACEMENT_3D ( 'NONE', #9584, #4084, #10514 ) ;
#4954 = DIRECTION ( 'NONE',  ( 0.0000000000000000000, -1.000000000000000000, 0.0000000000000000000 ) ) ;
#4955 = ORIENTED_EDGE ( 'NONE', *, *, #4544, .F. ) ;
#4956 = FACE_BOUND ( 'NONE', #5734, .T. ) ;
#4957 = VECTOR ( 'NONE', #11574, 1000.000000000000000 ) ;
#4958 = EDGE_CURVE ( 'NONE', #7516, #2144, #10038, .T. ) ;
#4959 = SURFACE_STYLE_FILL_AREA ( #6017 ) ;
#4960 = FACE_OUTER_BOUND ( 'NONE', #2638, .T. ) ;
#4961 = ORIENTED_EDGE ( 'NONE', *, *, #7665, .T. ) ;
#4962 = DIRECTION ( 'NONE',  ( -1.000000000000000000, -0.0000000000000000000, -0.0000000000000000000 ) ) ;
#4963 = LINE ( 'NONE', #3188, #4700 ) ;
#4964 =( NAMED_UNIT ( * ) PLANE_ANGLE_UNIT ( ) SI_UNIT ( $, .RADIAN. ) );
#4965 = ADVANCED_FACE ( 'NONE', ( #3002 ), #2592, .F. ) ;
#4966 = VERTEX_POINT ( 'NONE', #10868 ) ;
#4967 = VECTOR ( 'NONE', #10881, 999.9999999999998900 ) ;
#4968 = DIRECTION ( 'NONE',  ( -0.0000000000000000000, -0.0000000000000000000, 1.000000000000000000 ) ) ;
#4969 = VECTOR ( 'NONE', #5798, 1000.000000000000100 ) ;
#4970 = CIRCLE ( 'NONE', #2696, 2.000000000000001800 ) ;
#4971 = CARTESIAN_POINT ( 'NONE',  ( -7.399999999999998600, -0.9100000000000011400, 5.100000000000000500 ) ) ;
#4972 = ORIENTED_EDGE ( 'NONE', *, *, #10474, .T. ) ;
#4973 = DIRECTION ( 'NONE',  ( -0.0000000000000000000, 1.000000000000000000, -0.0000000000000000000 ) ) ;
#4974 = CARTESIAN_POINT ( 'NONE',  ( 1.000000000000002000, -5.401102314577125100, 5.099999999999999600 ) ) ;
#4975 = AXIS2_PLACEMENT_3D ( 'NONE', #10630, #5106, #11550 ) ;
#4976 = VERTEX_POINT ( 'NONE', #831 ) ;
#4977 = CARTESIAN_POINT ( 'NONE',  ( 30.86000000000001700, 0.5000000000000000000, 39.34999999999998000 ) ) ;
#4978 = EDGE_CURVE ( 'NONE', #7908, #5525, #9174, .T. ) ;
#4979 = CARTESIAN_POINT ( 'NONE',  ( -32.20000000000000300, -2.100000000000000100, -47.20000000000000300 ) ) ;
#4980 = VERTEX_POINT ( 'NONE', #1741 ) ;
#4981 = CONICAL_SURFACE ( 'NONE', #4119, 1.250000000000001100, 1.029744258676653900 ) ;
#4982 =( NAMED_UNIT ( * ) PLANE_ANGLE_UNIT ( ) SI_UNIT ( $, .RADIAN. ) );
#4983 = ADVANCED_FACE ( 'NONE', ( #6728 ), #3598, .F. ) ;
#4984 = CYLINDRICAL_SURFACE ( 'NONE', #11515, 1.899999999999999200 ) ;
#4985 =( NAMED_UNIT ( * ) SI_UNIT ( $, .STERADIAN. ) SOLID_ANGLE_UNIT ( ) );
#4986 = ORIENTED_EDGE ( 'NONE', *, *, #8571, .F. ) ;
#4987 = FACE_OUTER_BOUND ( 'NONE', #2938, .T. ) ;
#4988 = CARTESIAN_POINT ( 'NONE',  ( -32.99999999999998600, 2.899999999999999900, 48.00000000000000000 ) ) ;
#4989 = ORIENTED_EDGE ( 'NONE', *, *, #2796, .T. ) ;
#4990 = CARTESIAN_POINT ( 'NONE',  ( 20.55000000000000100, 1.269999999999991800, 0.0000000000000000000 ) ) ;
#4991 = ORIENTED_EDGE ( 'NONE', *, *, #2933, .F. ) ;
#4992 = COLOUR_RGB ( '',0.9686274509803921600, 0.8784313725490196000, 0.5999999999999999800 ) ;
#4993 = LINE ( 'NONE', #7853, #2578 ) ;
#4994 = VERTEX_POINT ( 'NONE', #6317 ) ;
#4995 = LINE ( 'NONE', #8016, #7458 ) ;
#4996 = EDGE_CURVE ( 'NONE', #11378, #7012, #1006, .T. ) ;
#4997 = ORIENTED_EDGE ( 'NONE', *, *, #3880, .F. ) ;
#4998 = VERTEX_POINT ( 'NONE', #5477 ) ;
#4999 = VECTOR ( 'NONE', #2209, 1000.000000000000000 ) ;
#5000 = AXIS2_PLACEMENT_3D ( 'NONE', #11007, #5500, #11925 ) ;
#5001 = CARTESIAN_POINT ( 'NONE',  ( -16.94999999999999200, -3.500000000000005300, -43.20000000000000300 ) ) ;
#5002 = ORIENTED_EDGE ( 'NONE', *, *, #958, .F. ) ;
#5003 = EDGE_CURVE ( 'NONE', #11416, #8787, #8045, .T. ) ;
#5004 = CARTESIAN_POINT ( 'NONE',  ( -30.00000000000000400, 2.899999999999999900, 47.00000000000001400 ) ) ;
#5005 = DIRECTION ( 'NONE',  ( 0.0000000000000000000, 1.000000000000000000, 0.0000000000000000000 ) ) ;
#5006 = CARTESIAN_POINT ( 'NONE',  ( 21.30000000000000100, -0.4500000000000074500, 0.0000000000000000000 ) ) ;
#5007 = LINE ( 'NONE', #2916, #127 ) ;
#5008 = CARTESIAN_POINT ( 'NONE',  ( -32.20000000000000300, 2.150000000000010600, -46.40000000000001300 ) ) ;
#5009 = VERTEX_POINT ( 'NONE', #10982 ) ;
#5010 = VECTOR ( 'NONE', #8881, 1000.000000000000000 ) ;
#5011 = VERTEX_POINT ( 'NONE', #7317 ) ;
#5012 = VECTOR ( 'NONE', #7586, 1000.000000000000000 ) ;
#5013 = CARTESIAN_POINT ( 'NONE',  ( 33.35999999999999200, 2.999999999999991600, -37.25000000000000000 ) ) ;
#5014 = CARTESIAN_POINT ( 'NONE',  ( -0.2999999999999977700, -0.9100000000000041400, 1.299999999999999200 ) ) ;
#5015 = CARTESIAN_POINT ( 'NONE',  ( 29.50000000000000000, 3.500000000000000000, 48.89999999999999900 ) ) ;
#5016 = DIRECTION ( 'NONE',  ( -0.0000000000000000000, 1.000000000000000000, -0.0000000000000000000 ) ) ;
#5017 = DIRECTION ( 'NONE',  ( -0.0000000000000000000, 0.0000000000000000000, 1.000000000000000000 ) ) ;
#5018 = EDGE_CURVE ( 'NONE', #10560, #4856, #1846, .T. ) ;
#5019 = COLOUR_RGB ( '',0.8941176470588234600, 0.9137254901960784000, 0.9294117647058823800 ) ;
#5020 = STYLED_ITEM ( 'NONE', ( #8652 ), #7164 ) ;
#5021 = EDGE_CURVE ( 'NONE', #11192, #121, #10464, .T. ) ;
#5022 = FACE_OUTER_BOUND ( 'NONE', #3772, .T. ) ;
#5023 = SURFACE_SIDE_STYLE ('',( #9924 ) ) ;
#5024 = ORIENTED_EDGE ( 'NONE', *, *, #3610, .T. ) ;
#5025 = CARTESIAN_POINT ( 'NONE',  ( 33.00000000000001400, -3.000000000000000400, 48.00000000000000000 ) ) ;
#5026 = ORIENTED_EDGE ( 'NONE', *, *, #6889, .T. ) ;
#5027 = CARTESIAN_POINT ( 'NONE',  ( -2.499999999999998700, -0.9100000000000041400, 5.099999999999999600 ) ) ;
#5028 = DIRECTION ( 'NONE',  ( 0.0000000000000000000, -1.000000000000000000, 0.0000000000000000000 ) ) ;
#5029 = CARTESIAN_POINT ( 'NONE',  ( 20.55000000000000100, 1.949999999999991500, 0.0000000000000000000 ) ) ;
#5030 = AXIS2_PLACEMENT_3D ( 'NONE', #2851, #3773, #10195 ) ;
#5031 = DIRECTION ( 'NONE',  ( 0.0000000000000000000, -1.000000000000000000, 0.0000000000000000000 ) ) ;
#5032 = ADVANCED_FACE ( 'NONE', ( #3131 ), #8252, .F. ) ;
#5033 = DIRECTION ( 'NONE',  ( 1.000000000000000000, 0.0000000000000000000, 0.0000000000000000000 ) ) ;
#5034 = FACE_OUTER_BOUND ( 'NONE', #6658, .T. ) ;
#5035 = ORIENTED_EDGE ( 'NONE', *, *, #7238, .T. ) ;
#5036 = EDGE_CURVE ( 'NONE', #10946, #2328, #6871, .T. ) ;
#5037 = VERTEX_POINT ( 'NONE', #7393 ) ;
#5038 =( GEOMETRIC_REPRESENTATION_CONTEXT ( 3 ) GLOBAL_UNCERTAINTY_ASSIGNED_CONTEXT ( ( #6161 ) ) GLOBAL_UNIT_ASSIGNED_CONTEXT ( ( #8246, #2749, #9158 ) ) REPRESENTATION_CONTEXT ( 'NONE', 'WORKASPACE' ) );
#5039 = EDGE_LOOP ( 'NONE', ( #10696, #7751, #6334, #2804 ) ) ;
#5040 = AXIS2_PLACEMENT_3D ( 'NONE', #5170, #3346, #4251 ) ;
#5041 = ORIENTED_EDGE ( 'NONE', *, *, #1328, .F. ) ;
#5042 = DIRECTION ( 'NONE',  ( 0.0000000000000000000, 0.0000000000000000000, 1.000000000000000000 ) ) ;
#5043 =( BOUNDED_CURVE ( )  B_SPLINE_CURVE ( 3, ( #10637, #3292, #1476, #7919 ),
 .UNSPECIFIED., .F., .F. ) 
 B_SPLINE_CURVE_WITH_KNOTS ( ( 4, 4 ),
 ( 1.570796326794896800, 4.712388980384689700 ),
 .UNSPECIFIED. ) 
 CURVE ( )  GEOMETRIC_REPRESENTATION_ITEM ( )  RATIONAL_B_SPLINE_CURVE ( ( 1.000000000000000000, 0.3333333333333333700, 0.3333333333333333700, 1.000000000000000000 ) ) 
 REPRESENTATION_ITEM ( '' )  );
#5044 = DIRECTION ( 'NONE',  ( -3.168854151125935100E-048, -1.899788849813798600E-031, 1.000000000000000000 ) ) ;
#5045 = DIRECTION ( 'NONE',  ( 0.0000000000000000000, 0.0000000000000000000, 1.000000000000000000 ) ) ;
#5046 = CARTESIAN_POINT ( 'NONE',  ( 20.55000000000000100, -1.170646215321008900, 6.899999999999999500 ) ) ;
#5047 = DIRECTION ( 'NONE',  ( 8.659560562354979700E-017, 0.7071067811865439100, -0.7071067811865512400 ) ) ;
#5048 = ORIENTED_EDGE ( 'NONE', *, *, #7984, .T. ) ;
#5049 = ADVANCED_FACE ( 'NONE', ( #1976 ), #6478, .F. ) ;
#5050 = DIRECTION ( 'NONE',  ( 0.0000000000000000000, -1.000000000000000000, 0.0000000000000000000 ) ) ;
#5051 = ORIENTED_EDGE ( 'NONE', *, *, #9961, .T. ) ;
#5052 = DIRECTION ( 'NONE',  ( 0.0000000000000000000, 0.0000000000000000000, -1.000000000000000000 ) ) ;
#5053 = EDGE_LOOP ( 'NONE', ( #9081, #11443, #10841, #11133 ) ) ;
#5054 = AXIS2_PLACEMENT_3D ( 'NONE', #9754, #4250, #10685 ) ;
#5055 = EDGE_CURVE ( 'NONE', #2648, #10528, #11472, .T. ) ;
#5056 = PLANE ( 'NONE',  #7096 ) ;
#5057 = VECTOR ( 'NONE', #8794, 1000.000000000000000 ) ;
#5058 = ORIENTED_EDGE ( 'NONE', *, *, #6033, .F. ) ;
#5059 =( NAMED_UNIT ( * ) SI_UNIT ( $, .STERADIAN. ) SOLID_ANGLE_UNIT ( ) );
#5060 =( LENGTH_UNIT ( ) NAMED_UNIT ( * ) SI_UNIT ( .MILLI., .METRE. ) );
#5061 = DIRECTION ( 'NONE',  ( 0.0000000000000000000, 0.0000000000000000000, 1.000000000000000000 ) ) ;
#5062 = DIRECTION ( 'NONE',  ( 7.885106708985486100E-016, 0.0000000000000000000, -1.000000000000000000 ) ) ;
#5063 =( NAMED_UNIT ( * ) PLANE_ANGLE_UNIT ( ) SI_UNIT ( $, .RADIAN. ) );
#5064 = ORIENTED_EDGE ( 'NONE', *, *, #7256, .T. ) ;
#5065 = CARTESIAN_POINT ( 'NONE',  ( -32.00000000000000000, 9.722539674441609500, 47.00000000000001400 ) ) ;
#5066 = ORIENTED_EDGE ( 'NONE', *, *, #4738, .T. ) ;
#5067 = PLANE ( 'NONE',  #3367 ) ;
#5068 = FACE_OUTER_BOUND ( 'NONE', #2859, .T. ) ;
#5069 = DIRECTION ( 'NONE',  ( -1.000000000000000000, -0.0000000000000000000, 1.387778780781445900E-016 ) ) ;
#5070 = PLANE ( 'NONE',  #918 ) ;
#5071 = ORIENTED_EDGE ( 'NONE', *, *, #4223, .F. ) ;
#5073 = SURFACE_STYLE_USAGE ( .BOTH. , #10589 ) ;
#5072 = PRESENTATION_LAYER_ASSIGNMENT (  '', '', ( #3858 ) ) ;
#5074 = DIRECTION ( 'NONE',  ( -0.0000000000000000000, -1.000000000000000000, -0.0000000000000000000 ) ) ;
#5075 = EDGE_CURVE ( 'NONE', #2186, #10089, #4434, .T. ) ;
#5076 = DIRECTION ( 'NONE',  ( -1.204669080539449600E-016, 2.009392052687670900E-033, 1.000000000000000000 ) ) ;
#5077 =( GEOMETRIC_REPRESENTATION_CONTEXT ( 3 ) GLOBAL_UNCERTAINTY_ASSIGNED_CONTEXT ( ( #7490 ) ) GLOBAL_UNIT_ASSIGNED_CONTEXT ( ( #2179, #8602, #3113 ) ) REPRESENTATION_CONTEXT ( 'NONE', 'WORKASPACE' ) );
#5078 = ORIENTED_EDGE ( 'NONE', *, *, #3455, .F. ) ;
#5079 = LINE ( 'NONE', #2289, #6967 ) ;
#5080 = FACE_OUTER_BOUND ( 'NONE', #3627, .T. ) ;
#5081 = ORIENTED_EDGE ( 'NONE', *, *, #6549, .T. ) ;
#5082 = DIRECTION ( 'NONE',  ( 0.0000000000000000000, 0.0000000000000000000, -1.000000000000000000 ) ) ;
#5083 = SURFACE_SIDE_STYLE ('',( #10033 ) ) ;
#5084 = EDGE_LOOP ( 'NONE', ( #6962, #6864, #35, #10304 ) ) ;
#5085 = DIRECTION ( 'NONE',  ( -2.409338161078899700E-016, -1.000000000000000000, -1.899788849813798600E-031 ) ) ;
#5086 = ORIENTED_EDGE ( 'NONE', *, *, #10172, .T. ) ;
#5087 = COLOUR_RGB ( '',0.9686274509803921600, 0.8784313725490196000, 0.5999999999999999800 ) ;
#5088 = DIRECTION ( 'NONE',  ( 0.0000000000000000000, 0.0000000000000000000, 1.000000000000000000 ) ) ;
#5089 = STYLED_ITEM ( 'NONE', ( #8668 ), #1567 ) ;
#5090 = LINE ( 'NONE', #4403, #9405 ) ;
#5091 = FACE_OUTER_BOUND ( 'NONE', #9234, .T. ) ;
#5092 = PRESENTATION_LAYER_ASSIGNMENT (  '', '', ( #3877 ) ) ;
#5093 = DIRECTION ( 'NONE',  ( -1.000000000000000000, -0.0000000000000000000, 1.387778780781445900E-016 ) ) ;
#5094 = EDGE_CURVE ( 'NONE', #7572, #7439, #6585, .T. ) ;
#5095 = ADVANCED_FACE ( 'NONE', ( #1707 ), #1411, .T. ) ;
#5096 = EDGE_CURVE ( 'NONE', #6073, #6664, #8719, .T. ) ;
#5097 = LINE ( 'NONE', #6613, #209 ) ;
#5098 = ORIENTED_EDGE ( 'NONE', *, *, #2082, .T. ) ;
#5099 = CARTESIAN_POINT ( 'NONE',  ( 33.89999999999999900, 2.900000000000000400, -39.00000000000000700 ) ) ;
#5100 = VECTOR ( 'NONE', #5735, 1000.000000000000000 ) ;
#5101 = CARTESIAN_POINT ( 'NONE',  ( -30.85999999999999600, 10.74102034176674400, 40.59999999999998000 ) ) ;
#5102 = DIRECTION ( 'NONE',  ( -0.0000000000000000000, -1.000000000000000000, -0.0000000000000000000 ) ) ;
#5103 =( NAMED_UNIT ( * ) PLANE_ANGLE_UNIT ( ) SI_UNIT ( $, .RADIAN. ) );
#5104 = CARTESIAN_POINT ( 'NONE',  ( -34.39999999999997000, 2.899999999999999900, 38.09999999999998000 ) ) ;
#5105 = DIRECTION ( 'NONE',  ( -0.0000000000000000000, -1.000000000000000000, -0.0000000000000000000 ) ) ;
#5106 = DIRECTION ( 'NONE',  ( 0.0000000000000000000, -0.0000000000000000000, -1.000000000000000000 ) ) ;
#5107 = CONICAL_SURFACE ( 'NONE', #1363, 1.250000000000001100, 1.029744258676653900 ) ;
#5108 = SHAPE_DEFINITION_REPRESENTATION ( #11466, #1637 ) ;
#5109 = ADVANCED_FACE ( 'NONE', ( #9024 ), #5132, .F. ) ;
#5110 = EDGE_LOOP ( 'NONE', ( #7221, #2534, #7792, #6817 ) ) ;
#5111 =( LENGTH_UNIT ( ) NAMED_UNIT ( * ) SI_UNIT ( .MILLI., .METRE. ) );
#5112 = FILL_AREA_STYLE_COLOUR ( '', #9808 ) ;
#5113 = EDGE_CURVE ( 'NONE', #6643, #468, #2989, .T. ) ;
#5114 = AXIS2_PLACEMENT_3D ( 'NONE', #5807, #6736, #1237 ) ;
#5115 = CARTESIAN_POINT ( 'NONE',  ( 32.00000000000000000, 2.899999999999999900, 45.00000000000001400 ) ) ;
#5116 = AXIS2_PLACEMENT_3D ( 'NONE', #10937, #5425, #11848 ) ;
#5117 = DIRECTION ( 'NONE',  ( 0.0000000000000000000, -1.000000000000000000, -0.0000000000000000000 ) ) ;
#5118 = ORIENTED_EDGE ( 'NONE', *, *, #10355, .T. ) ;
#5119 = VECTOR ( 'NONE', #11235, 1000.000000000000000 ) ;
#5120 = LINE ( 'NONE', #2799, #9724 ) ;
#5121 = LINE ( 'NONE', #10521, #9725 ) ;
#5122 = LINE ( 'NONE', #2937, #11890 ) ;
#5123 = ORIENTED_EDGE ( 'NONE', *, *, #11503, .T. ) ;
#5124 = AXIS2_PLACEMENT_3D ( 'NONE', #11220, #5716, #206 ) ;
#5125 = COLOUR_RGB ( '',0.9686274509803921600, 0.8784313725490196000, 0.5999999999999999800 ) ;
#5126 = DIRECTION ( 'NONE',  ( 0.0000000000000000000, 0.0000000000000000000, -1.000000000000000000 ) ) ;
#5127 = DIRECTION ( 'NONE',  ( 0.0000000000000000000, 1.000000000000000000, 0.0000000000000000000 ) ) ;
#5128 = CARTESIAN_POINT ( 'NONE',  ( -32.20000000000000300, 2.900000000000000400, 46.40000000000001300 ) ) ;
#5129 = ORIENTED_EDGE ( 'NONE', *, *, #2588, .F. ) ;
#5130 = DIRECTION ( 'NONE',  ( 0.0000000000000000000, 0.0000000000000000000, 1.000000000000000000 ) ) ;
#5131 = VECTOR ( 'NONE', #8092, 1000.000000000000000 ) ;
#5132 = CYLINDRICAL_SURFACE ( 'NONE', #10873, 0.7999999999999951600 ) ;
#5133 = LINE ( 'NONE', #3083, #2709 ) ;
#5135 = DIRECTION ( 'NONE',  ( 0.0000000000000000000, -1.000000000000000000, 0.0000000000000000000 ) ) ;
#5134 = VECTOR ( 'NONE', #3939, 1000.000000000000000 ) ;
#5136 = VERTEX_POINT ( 'NONE', #5958 ) ;
#5137 = DIRECTION ( 'NONE',  ( -8.659560562354979700E-017, 0.7071067811865439100, 0.7071067811865512400 ) ) ;
#5138 = COLOUR_RGB ( '',0.9686274509803921600, 0.8784313725490196000, 0.5999999999999999800 ) ;
#5139 = ORIENTED_EDGE ( 'NONE', *, *, #10640, .T. ) ;
#5140 = CIRCLE ( 'NONE', #8646, 2.149999999999999000 ) ;
#5141 = MECHANICAL_DESIGN_GEOMETRIC_PRESENTATION_REPRESENTATION (  '', ( #3910 ), #5758 ) ;
#5142 = COLOUR_RGB ( '',0.9686274509803921600, 0.8784313725490196000, 0.5999999999999999800 ) ;
#5143 = FACE_OUTER_BOUND ( 'NONE', #2206, .T. ) ;
#5144 = DIRECTION ( 'NONE',  ( -0.0000000000000000000, -1.000000000000000000, -0.0000000000000000000 ) ) ;
#5145 = DIRECTION ( 'NONE',  ( 0.0000000000000000000, 0.0000000000000000000, -1.000000000000000000 ) ) ;
#5146 = ORIENTED_EDGE ( 'NONE', *, *, #7902, .T. ) ;
#5147 =( NAMED_UNIT ( * ) SI_UNIT ( $, .STERADIAN. ) SOLID_ANGLE_UNIT ( ) );
#5148 = ORIENTED_EDGE ( 'NONE', *, *, #4547, .F. ) ;
#5149 = FACE_OUTER_BOUND ( 'NONE', #8009, .T. ) ;
#5150 = DIRECTION ( 'NONE',  ( 0.0000000000000000000, 0.0000000000000000000, 1.000000000000000000 ) ) ;
#5151 = AXIS2_PLACEMENT_3D ( 'NONE', #7676, #8629, #3146 ) ;
#5153 = EDGE_CURVE ( 'NONE', #6767, #8673, #543, .T. ) ;
#5152 = ORIENTED_EDGE ( 'NONE', *, *, #1607, .F. ) ;
#5154 = DIRECTION ( 'NONE',  ( -0.0000000000000000000, 1.000000000000000000, -0.0000000000000000000 ) ) ;
#5155 = EDGE_CURVE ( 'NONE', #11396, #785, #5043, .T. ) ;
#5156 =( NAMED_UNIT ( * ) SI_UNIT ( $, .STERADIAN. ) SOLID_ANGLE_UNIT ( ) );
#5157 = DIRECTION ( 'NONE',  ( -0.0000000000000000000, -0.0000000000000000000, 1.000000000000000000 ) ) ;
#5158 = CYLINDRICAL_SURFACE ( 'NONE', #2751, 1.399999999999998600 ) ;
#5159 =( NAMED_UNIT ( * ) SI_UNIT ( $, .STERADIAN. ) SOLID_ANGLE_UNIT ( ) );
#5160 = VECTOR ( 'NONE', #5793, 1000.000000000000000 ) ;
#5161 = CARTESIAN_POINT ( 'NONE',  ( -34.39999999999999900, 0.2999999999999999900, 49.39999999999999900 ) ) ;
#5162 = EDGE_LOOP ( 'NONE', ( #7553, #5774, #7253, #2572 ) ) ;
#5163 = LINE ( 'NONE', #11822, #4867 ) ;
#5164 = PLANE ( 'NONE',  #3049 ) ;
#5165 = EDGE_LOOP ( 'NONE', ( #3082, #5714, #6917, #1723 ) ) ;
#5166 = ORIENTED_EDGE ( 'NONE', *, *, #9711, .F. ) ;
#5167 = ADVANCED_FACE ( 'NONE', ( #2707 ), #11895, .T. ) ;
#5168 = EDGE_CURVE ( 'NONE', #11733, #1615, #2409, .T. ) ;
#5169 = PRESENTATION_LAYER_ASSIGNMENT (  '', '', ( #4563 ) ) ;
#5170 = CARTESIAN_POINT ( 'NONE',  ( -30.85999999999999600, 1.999999999999999600, 40.59999999999998000 ) ) ;
#5171 = VECTOR ( 'NONE', #10455, 1000.000000000000000 ) ;
#5172 = DIRECTION ( 'NONE',  ( 0.0000000000000000000, -0.0000000000000000000, -1.000000000000000000 ) ) ;
#5173 = STYLED_ITEM ( 'NONE', ( #10872 ), #6006 ) ;
#5174 = EDGE_CURVE ( 'NONE', #4406, #4998, #7298, .T. ) ;
#5175 = CARTESIAN_POINT ( 'NONE',  ( -33.00000000000001400, -0.2999999999999999900, -49.39999999999999900 ) ) ;
#5176 = DIRECTION ( 'NONE',  ( 0.0000000000000000000, 1.000000000000000000, 0.0000000000000000000 ) ) ;
#5177 = CARTESIAN_POINT ( 'NONE',  ( 32.99999999999998600, -0.2999999999999999900, -48.00000000000000000 ) ) ;
#5178 = ADVANCED_FACE ( 'NONE', ( #4570 ), #8850, .T. ) ;
#5179 = CARTESIAN_POINT ( 'NONE',  ( 30.86000000000000700, 1.999999999999999600, -36.00000000000000700 ) ) ;
#5180 = FACE_OUTER_BOUND ( 'NONE', #3725, .T. ) ;
#5181 = CARTESIAN_POINT ( 'NONE',  ( -2.899999999999997700, -1.950000000000001300, 0.0000000000000000000 ) ) ;
#5182 = LINE ( 'NONE', #4606, #9486 ) ;
#5183 = ORIENTED_EDGE ( 'NONE', *, *, #4630, .T. ) ;
#5184 = EDGE_LOOP ( 'NONE', ( #2644, #9969, #5286, #11254 ) ) ;
#5185 = DIRECTION ( 'NONE',  ( 0.0000000000000000000, 0.0000000000000000000, -1.000000000000000000 ) ) ;
#5186 = DIRECTION ( 'NONE',  ( 0.0000000000000000000, 1.000000000000000000, 0.0000000000000000000 ) ) ;
#5187 = CARTESIAN_POINT ( 'NONE',  ( 34.39999999999998400, -2.900000000000000400, -38.50000000000000700 ) ) ;
#5188 = EDGE_CURVE ( 'NONE', #6297, #6726, #6141, .T. ) ;
#5189 = AXIS2_PLACEMENT_3D ( 'NONE', #4012, #10442, #4922 ) ;
#5190 =( NAMED_UNIT ( * ) SI_UNIT ( $, .STERADIAN. ) SOLID_ANGLE_UNIT ( ) );
#5191 = AXIS2_PLACEMENT_3D ( 'NONE', #2473, #8893, #3411 ) ;
#5192 = FILL_AREA_STYLE ('',( #10707 ) ) ;
#5193 = PRESENTATION_STYLE_ASSIGNMENT (( #6832 ) ) ;
#5194 = DIRECTION ( 'NONE',  ( -1.445602896647337900E-016, 1.000000000000000000, 0.0000000000000000000 ) ) ;
#5195 = ORIENTED_EDGE ( 'NONE', *, *, #3991, .T. ) ;
#5196 =( NAMED_UNIT ( * ) PLANE_ANGLE_UNIT ( ) SI_UNIT ( $, .RADIAN. ) );
#5197 = SURFACE_STYLE_USAGE ( .BOTH. , #10715 ) ;
#5198 = SURFACE_STYLE_USAGE ( .BOTH. , #10716 ) ;
#5199 = VERTEX_POINT ( 'NONE', #5241 ) ;
#5200 = PRESENTATION_LAYER_ASSIGNMENT (  '', '', ( #3965 ) ) ;
#5201 = ORIENTED_EDGE ( 'NONE', *, *, #5264, .T. ) ;
#5202 = DIRECTION ( 'NONE',  ( 0.0000000000000000000, -1.000000000000000000, 0.0000000000000000000 ) ) ;
#5203 = UNCERTAINTY_MEASURE_WITH_UNIT (LENGTH_MEASURE( 1.000000000000000100E-005 ), #9070, 'distance_accuracy_value', 'NONE');
#5204 = SURFACE_STYLE_FILL_AREA ( #7090 ) ;
#5205 = SURFACE_STYLE_FILL_AREA ( #8805 ) ;
#5206 = EDGE_CURVE ( 'NONE', #2081, #5843, #10756, .T. ) ;
#5207 = CONICAL_SURFACE ( 'NONE', #3589, 0.7999999999999951600, 0.7853981633974536100 ) ;
#5208 = EDGE_LOOP ( 'NONE', ( #6015, #1063, #9172, #7603, #7671, #2292, #1173, #7126 ) ) ;
#5209 = CARTESIAN_POINT ( 'NONE',  ( -7.399999999999998600, -0.9100000000000011400, 5.100000000000000500 ) ) ;
#5210 = VERTEX_POINT ( 'NONE', #10760 ) ;
#5211 = CARTESIAN_POINT ( 'NONE',  ( 0.0000000000000000000, 1.069999999999999600, 0.2649999999999998500 ) ) ;
#5212 = ORIENTED_EDGE ( 'NONE', *, *, #5260, .F. ) ;
#5213 = DIRECTION ( 'NONE',  ( 2.077015656102498600E-017, -1.000000000000000000, 0.0000000000000000000 ) ) ;
#5214 = SURFACE_SIDE_STYLE ('',( #10782 ) ) ;
#5215 = LINE ( 'NONE', #1154, #10394 ) ;
#5216 = FILL_AREA_STYLE_COLOUR ( '', #8718 ) ;
#5217 = VERTEX_POINT ( 'NONE', #3415 ) ;
#5218 = PRESENTATION_LAYER_ASSIGNMENT (  '', '', ( #3984 ) ) ;
#5219 = ORIENTED_EDGE ( 'NONE', *, *, #320, .T. ) ;
#5220 = CARTESIAN_POINT ( 'NONE',  ( 34.50000000000000700, -3.500000000000000000, -4.787836793695989200E-015 ) ) ;
#5221 =( GEOMETRIC_REPRESENTATION_CONTEXT ( 3 ) GLOBAL_UNCERTAINTY_ASSIGNED_CONTEXT ( ( #11107 ) ) GLOBAL_UNIT_ASSIGNED_CONTEXT ( ( #7562, #2060, #8480 ) ) REPRESENTATION_CONTEXT ( 'NONE', 'WORKASPACE' ) );
#5222 = ADVANCED_FACE ( 'NONE', ( #5846 ), #11669, .F. ) ;
#5223 = EDGE_CURVE ( 'NONE', #7368, #10916, #7435, .T. ) ;
#5224 = ORIENTED_EDGE ( 'NONE', *, *, #11130, .F. ) ;
#5225 = VECTOR ( 'NONE', #936, 1000.000000000000000 ) ;
#5226 = VECTOR ( 'NONE', #10448, 1000.000000000000000 ) ;
#5227 = DIRECTION ( 'NONE',  ( -0.0000000000000000000, -0.0000000000000000000, 1.000000000000000000 ) ) ;
#5228 = CARTESIAN_POINT ( 'NONE',  ( 3.600000000000001400, -5.401102314577125100, 0.7000000000000011800 ) ) ;
#5229 = LINE ( 'NONE', #766, #10117 ) ;
#5230 = ORIENTED_EDGE ( 'NONE', *, *, #6341, .T. ) ;
#5231 = DIRECTION ( 'NONE',  ( 0.0000000000000000000, -1.000000000000000000, -0.0000000000000000000 ) ) ;
#5232 = DIRECTION ( 'NONE',  ( -1.000000000000000000, 0.0000000000000000000, 0.0000000000000000000 ) ) ;
#5233 = ORIENTED_EDGE ( 'NONE', *, *, #726, .F. ) ;
#5234 = DIRECTION ( 'NONE',  ( 1.000000000000000000, -1.204669080539449800E-016, -0.0000000000000000000 ) ) ;
#5235 = ORIENTED_EDGE ( 'NONE', *, *, #4341, .T. ) ;
#5236 = ADVANCED_FACE ( 'NONE', ( #9878 ), #8079, .T. ) ;
#5237 = PRESENTATION_STYLE_ASSIGNMENT (( #2053 ) ) ;
#5238 = CARTESIAN_POINT ( 'NONE',  ( -6.349999999999990800, 1.224646799147353200E-016, -1.000000000000000000 ) ) ;
#5239 = LINE ( 'NONE', #1787, #2516 ) ;
#5241 = CARTESIAN_POINT ( 'NONE',  ( 13.99999999999999800, -0.8100000000000042700, 5.099999999999999600 ) ) ;
#5240 =( GEOMETRIC_REPRESENTATION_CONTEXT ( 3 ) GLOBAL_UNCERTAINTY_ASSIGNED_CONTEXT ( ( #6315 ) ) GLOBAL_UNIT_ASSIGNED_CONTEXT ( ( #7848, #2326, #8751 ) ) REPRESENTATION_CONTEXT ( 'NONE', 'WORKASPACE' ) );
#5242 = CARTESIAN_POINT ( 'NONE',  ( -21.30000000000000100, -0.4500000000000074500, 7.000000000000000000 ) ) ;
#5243 = EDGE_CURVE ( 'NONE', #5975, #6820, #88, .T. ) ;
#5244 = VECTOR ( 'NONE', #5614, 1000.000000000000000 ) ;
#5245 = AXIS2_PLACEMENT_3D ( 'NONE', #8055, #2531, #8951 ) ;
#5246 = CARTESIAN_POINT ( 'NONE',  ( 2.300000000000001600, -5.401102314577125100, 0.7000000000000011800 ) ) ;
#5247 = LINE ( 'NONE', #6773, #10133 ) ;
#5248 = EDGE_CURVE ( 'NONE', #6486, #7000, #2555, .T. ) ;
#5249 = ORIENTED_EDGE ( 'NONE', *, *, #9316, .T. ) ;
#5250 = VERTEX_POINT ( 'NONE', #8117 ) ;
#5251 = CARTESIAN_POINT ( 'NONE',  ( 35.00000000000000000, 0.4999999999999998900, -37.24999999999999300 ) ) ;
#5252 = SURFACE_SIDE_STYLE ('',( #4401 ) ) ;
#5253 = LINE ( 'NONE', #1525, #9553 ) ;
#5254 = DIRECTION ( 'NONE',  ( 0.0000000000000000000, 0.0000000000000000000, -1.000000000000000000 ) ) ;
#5255 = SURFACE_SIDE_STYLE ('',( #7725 ) ) ;
#5256 = SHAPE_DEFINITION_REPRESENTATION ( #6269, #6512 ) ;
#5257 = CIRCLE ( 'NONE', #10210, 2.000000000000001800 ) ;
#5258 = ORIENTED_EDGE ( 'NONE', *, *, #10097, .F. ) ;
#5259 = LINE ( 'NONE', #6279, #2830 ) ;
#5260 = EDGE_CURVE ( 'NONE', #3527, #6589, #2251, .T. ) ;
#5261 = AXIS2_PLACEMENT_3D ( 'NONE', #1500, #2379, #3362 ) ;
#5262 = DIRECTION ( 'NONE',  ( 1.000000000000000000, 0.0000000000000000000, -0.0000000000000000000 ) ) ;
#5263 = EDGE_CURVE ( 'NONE', #1853, #6757, #4704, .T. ) ;
#5264 = EDGE_CURVE ( 'NONE', #8338, #7095, #9304, .T. ) ;
#5265 = EDGE_LOOP ( 'NONE', ( #8831, #10688, #5792, #10601 ) ) ;
#5266 = CIRCLE ( 'NONE', #10437, 1.399999999999998600 ) ;
#5267 = LINE ( 'NONE', #10695, #2836 ) ;
#5268 = VECTOR ( 'NONE', #6916, 1000.000000000000000 ) ;
#5269 = CARTESIAN_POINT ( 'NONE',  ( 6.600000000000001400, -0.8100000000000041600, 1.299999999999999600 ) ) ;
#5270 = DIRECTION ( 'NONE',  ( -0.0000000000000000000, 1.000000000000000000, -0.0000000000000000000 ) ) ;
#5271 = ORIENTED_EDGE ( 'NONE', *, *, #9568, .T. ) ;
#5272 = DIRECTION ( 'NONE',  ( 0.0000000000000000000, -0.4226182617407002200, 0.9063077870366494900 ) ) ;
#5273 = CARTESIAN_POINT ( 'NONE',  ( -15.94999999999999200, -3.500000000000000000, -43.20000000000000300 ) ) ;
#5274 = DIRECTION ( 'NONE',  ( 1.392979236598078500E-016, -1.000000000000000000, 0.0000000000000000000 ) ) ;
#5275 = DIRECTION ( 'NONE',  ( -0.0000000000000000000, -1.000000000000000000, -0.0000000000000000000 ) ) ;
#5276 = FACE_OUTER_BOUND ( 'NONE', #11653, .T. ) ;
#5277 = UNCERTAINTY_MEASURE_WITH_UNIT (LENGTH_MEASURE( 1.000000000000000100E-005 ), #7498, 'distance_accuracy_value', 'NONE');
#5278 = DIRECTION ( 'NONE',  ( 1.000000000000000000, 0.0000000000000000000, 0.0000000000000000000 ) ) ;
#5279 = ORIENTED_EDGE ( 'NONE', *, *, #8459, .T. ) ;
#5280 = ORIENTED_EDGE ( 'NONE', *, *, #9734, .T. ) ;
#5281 = FACE_OUTER_BOUND ( 'NONE', #1245, .T. ) ;
#5282 =( NAMED_UNIT ( * ) SI_UNIT ( $, .STERADIAN. ) SOLID_ANGLE_UNIT ( ) );
#5283 = EDGE_CURVE ( 'NONE', #2043, #7137, #9585, .T. ) ;
#5284 = AXIS2_PLACEMENT_3D ( 'NONE', #10655, #5093, #9773 ) ;
#5285 = LINE ( 'NONE', #2079, #10169 ) ;
#5286 = ORIENTED_EDGE ( 'NONE', *, *, #322, .T. ) ;
#5287 =( GEOMETRIC_REPRESENTATION_CONTEXT ( 3 ) GLOBAL_UNCERTAINTY_ASSIGNED_CONTEXT ( ( #6467 ) ) GLOBAL_UNIT_ASSIGNED_CONTEXT ( ( #11322, #5815, #307 ) ) REPRESENTATION_CONTEXT ( 'NONE', 'WORKASPACE' ) );
#5288 = ADVANCED_FACE ( 'NONE', ( #6861, #11458 ), #9942, .T. ) ;
#5289 = FACE_OUTER_BOUND ( 'NONE', #10188, .T. ) ;
#5290 = SURFACE_SIDE_STYLE ('',( #5621 ) ) ;
#5291 = VERTEX_POINT ( 'NONE', #4490 ) ;
#5292 = LINE ( 'NONE', #3353, #3129 ) ;
#5293 = PRESENTATION_STYLE_ASSIGNMENT (( #8291 ) ) ;
#5294 = DIRECTION ( 'NONE',  ( 0.0000000000000000000, 0.0000000000000000000, -1.000000000000000000 ) ) ;
#5295 = VECTOR ( 'NONE', #140, 1000.000000000000000 ) ;
#5296 =( GEOMETRIC_REPRESENTATION_CONTEXT ( 3 ) GLOBAL_UNCERTAINTY_ASSIGNED_CONTEXT ( ( #9030 ) ) GLOBAL_UNIT_ASSIGNED_CONTEXT ( ( #1710, #8145, #2629 ) ) REPRESENTATION_CONTEXT ( 'NONE', 'WORKASPACE' ) );
#5297 = ORIENTED_EDGE ( 'NONE', *, *, #738, .F. ) ;
#5298 = LINE ( 'NONE', #4515, #7447 ) ;
#5299 = CARTESIAN_POINT ( 'NONE',  ( -16.34000000000000000, -0.8100000000000003900, -20.72142852218446800 ) ) ;
#5300 = ORIENTED_EDGE ( 'NONE', *, *, #3154, .T. ) ;
#5301 = CARTESIAN_POINT ( 'NONE',  ( 33.00000000000000000, 0.2999999999999999900, 48.00000000000000000 ) ) ;
#5302 = ADVANCED_FACE ( 'NONE', ( #6573 ), #842, .F. ) ;
#5303 = ORIENTED_EDGE ( 'NONE', *, *, #10599, .T. ) ;
#5304 = CARTESIAN_POINT ( 'NONE',  ( 15.69999999999999900, -0.9100000000000072500, 1.300000000000002500 ) ) ;
#5305 = LINE ( 'NONE', #11753, #10189 ) ;
#5306 = LINE ( 'NONE', #6934, #9902 ) ;
#5307 = FILL_AREA_STYLE_COLOUR ( '', #3554 ) ;
#5308 = ORIENTED_EDGE ( 'NONE', *, *, #3186, .T. ) ;
#5309 = PRESENTATION_STYLE_ASSIGNMENT (( #996 ) ) ;
#5310 = VECTOR ( 'NONE', #6093, 1000.000000000000000 ) ;
#5311 = ORIENTED_EDGE ( 'NONE', *, *, #9093, .F. ) ;
#5312 = VERTEX_POINT ( 'NONE', #11833 ) ;
#5313 = CARTESIAN_POINT ( 'NONE',  ( 6.600000000000001400, -4.815124837953332500, 5.099999999999999600 ) ) ;
#5314 = ORIENTED_EDGE ( 'NONE', *, *, #1969, .F. ) ;
#5315 =( GEOMETRIC_REPRESENTATION_CONTEXT ( 3 ) GLOBAL_UNCERTAINTY_ASSIGNED_CONTEXT ( ( #9269 ) ) GLOBAL_UNIT_ASSIGNED_CONTEXT ( ( #8214, #2697, #9108 ) ) REPRESENTATION_CONTEXT ( 'NONE', 'WORKASPACE' ) );
#5316 = DIRECTION ( 'NONE',  ( 1.000000000000000000, 1.392979236598078800E-016, 0.0000000000000000000 ) ) ;
#5317 = LINE ( 'NONE', #3762, #7758 ) ;
#5318 = FILL_AREA_STYLE_COLOUR ( '', #6419 ) ;
#5319 = AXIS2_PLACEMENT_3D ( 'NONE', #4627, #11063, #5555 ) ;
#5320 = ORIENTED_EDGE ( 'NONE', *, *, #2156, .F. ) ;
#5321 = CIRCLE ( 'NONE', #8581, 1.250000000000001100 ) ;
#5322 = EDGE_CURVE ( 'NONE', #7806, #2570, #5699, .T. ) ;
#5323 = ORIENTED_EDGE ( 'NONE', *, *, #9316, .F. ) ;
#5324 = LINE ( 'NONE', #11248, #9919 ) ;
#5325 = EDGE_CURVE ( 'NONE', #10211, #7348, #3278, .T. ) ;
#5326 = CARTESIAN_POINT ( 'NONE',  ( -12.11999999999999900, -0.8100000000000009400, 0.7000000000000000700 ) ) ;
#5327 = CARTESIAN_POINT ( 'NONE',  ( 33.36000000000000700, -1.999999999999990500, 39.34999999999998700 ) ) ;
#5328 = SURFACE_STYLE_USAGE ( .BOTH. , #10835 ) ;
#5329 = DIRECTION ( 'NONE',  ( 0.8541717779369629700, 1.815538650263818100E-015, -0.5199909362440924300 ) ) ;
#5330 = VECTOR ( 'NONE', #11302, 1000.000000000000000 ) ;
#5331 = DIRECTION ( 'NONE',  ( -1.000000000000000000, 1.668003342285391100E-017, 0.0000000000000000000 ) ) ;
#5332 = DIRECTION ( 'NONE',  ( 0.0000000000000000000, 0.0000000000000000000, 1.000000000000000000 ) ) ;
#5333 = ORIENTED_EDGE ( 'NONE', *, *, #3610, .F. ) ;
#5334 = ORIENTED_EDGE ( 'NONE', *, *, #10049, .F. ) ;
#5335 = PRESENTATION_LAYER_ASSIGNMENT (  '', '', ( #4097 ) ) ;
#5336 = CARTESIAN_POINT ( 'NONE',  ( -32.20000000000000300, -2.100000000000000100, 47.20000000000000300 ) ) ;
#5337 = CARTESIAN_POINT ( 'NONE',  ( -5.899999999999998600, 0.2899999999999997000, 0.0000000000000000000 ) ) ;
#5338 = VECTOR ( 'NONE', #8341, 1000.000000000000000 ) ;
#5339 = AXIS2_PLACEMENT_3D ( 'NONE', #9336, #11176, #5671 ) ;
#5340 = EDGE_CURVE ( 'NONE', #716, #6511, #10597, .T. ) ;
#5341 = FILL_AREA_STYLE ('',( #8089 ) ) ;
#5342 = FACE_OUTER_BOUND ( 'NONE', #8559, .T. ) ;
#5343 = ORIENTED_EDGE ( 'NONE', *, *, #237, .F. ) ;
#5344 = DIRECTION ( 'NONE',  ( -0.0000000000000000000, -0.0000000000000000000, 1.000000000000000000 ) ) ;
#5345 = EDGE_LOOP ( 'NONE', ( #773, #1844, #9770, #2806 ) ) ;
#5346 = FILL_AREA_STYLE ('',( #10856 ) ) ;
#5347 = ORIENTED_EDGE ( 'NONE', *, *, #9167, .T. ) ;
#5348 = CARTESIAN_POINT ( 'NONE',  ( 32.20000000000000300, 2.150000000000010600, 48.00000000000000000 ) ) ;
#5349 = ORIENTED_EDGE ( 'NONE', *, *, #7072, .F. ) ;
#5350 = ADVANCED_FACE ( 'NONE', ( #5422 ), #10010, .F. ) ;
#5351 = VECTOR ( 'NONE', #1712, 1000.000000000000000 ) ;
#5352 = SURFACE_STYLE_FILL_AREA ( #8935 ) ;
#5353 = VERTEX_POINT ( 'NONE', #8261 ) ;
#5354 = DIRECTION ( 'NONE',  ( -2.409338161078899700E-016, 4.018784105375342500E-033, 1.000000000000000000 ) ) ;
#5355 = CARTESIAN_POINT ( 'NONE',  ( -33.89999999999999900, 2.899999999999999900, -38.50000000000000700 ) ) ;
#5356 = FILL_AREA_STYLE_COLOUR ( '', #5142 ) ;
#5357 = DIRECTION ( 'NONE',  ( 0.0000000000000000000, 0.0000000000000000000, -1.000000000000000000 ) ) ;
#5358 = EDGE_CURVE ( 'NONE', #5136, #10566, #530, .T. ) ;
#5359 =( GEOMETRIC_REPRESENTATION_CONTEXT ( 3 ) GLOBAL_UNCERTAINTY_ASSIGNED_CONTEXT ( ( #11314 ) ) GLOBAL_UNIT_ASSIGNED_CONTEXT ( ( #8238, #2744, #9147 ) ) REPRESENTATION_CONTEXT ( 'NONE', 'WORKASPACE' ) );
#5360 = ORIENTED_EDGE ( 'NONE', *, *, #9661, .T. ) ;
#5361 = PRESENTATION_LAYER_ASSIGNMENT (  '', '', ( #3524 ) ) ;
#5362 = ORIENTED_EDGE ( 'NONE', *, *, #1344, .F. ) ;
#5363 = CARTESIAN_POINT ( 'NONE',  ( 33.90000000000001300, -2.900000000000000400, 38.09999999999998000 ) ) ;
#5364 = UNCERTAINTY_MEASURE_WITH_UNIT (LENGTH_MEASURE( 1.000000000000000100E-005 ), #5111, 'distance_accuracy_value', 'NONE');
#5365 = ADVANCED_FACE ( 'NONE', ( #8171 ), #1831, .F. ) ;
#5366 = DIRECTION ( 'NONE',  ( -0.0000000000000000000, -1.000000000000000000, -0.0000000000000000000 ) ) ;
#5367 = LINE ( 'NONE', #4312, #9090 ) ;
#5368 = EDGE_LOOP ( 'NONE', ( #11811, #1231, #2737 ) ) ;
#5369 = AXIS2_PLACEMENT_3D ( 'NONE', #9947, #10884, #5371 ) ;
#5370 = ORIENTED_EDGE ( 'NONE', *, *, #4243, .T. ) ;
#5371 = DIRECTION ( 'NONE',  ( 1.387778780781445900E-016, 0.0000000000000000000, 1.000000000000000000 ) ) ;
#5372 = EDGE_LOOP ( 'NONE', ( #5349, #8869, #7311 ) ) ;
#5373 = CARTESIAN_POINT ( 'NONE',  ( 32.20000000000000300, -2.100000000000000100, 48.00000000000000000 ) ) ;
#5374 = VERTEX_POINT ( 'NONE', #3685 ) ;
#5375 = CARTESIAN_POINT ( 'NONE',  ( -2.499999999999998700, -0.8100000000000040500, 5.099999999999999600 ) ) ;
#5376 = VECTOR ( 'NONE', #3647, 1000.000000000000000 ) ;
#5377 = ORIENTED_EDGE ( 'NONE', *, *, #6833, .F. ) ;
#5378 = DIRECTION ( 'NONE',  ( 0.8518743543862780100, 0.5185923423617760900, 0.07329438438713058200 ) ) ;
#5379 = CARTESIAN_POINT ( 'NONE',  ( 19.71064621532100200, -1.170646215321008700, 6.899999999999999500 ) ) ;
#5380 = CARTESIAN_POINT ( 'NONE',  ( 33.00000000000001400, 3.500000000000000000, 48.00000000000000000 ) ) ;
#5381 = DIRECTION ( 'NONE',  ( 0.0000000000000000000, 0.0000000000000000000, -1.000000000000000000 ) ) ;
#5382 = ORIENTED_EDGE ( 'NONE', *, *, #2069, .F. ) ;
#5383 = CIRCLE ( 'NONE', #10654, 1.399999999999998600 ) ;
#5384 = FILL_AREA_STYLE_COLOUR ( '', #11894 ) ;
#5385 = PRESENTATION_LAYER_ASSIGNMENT (  '', '', ( #4143 ) ) ;
#5386 = DIRECTION ( 'NONE',  ( 1.000000000000000000, 0.0000000000000000000, 0.0000000000000000000 ) ) ;
#5387 = VECTOR ( 'NONE', #2754, 1000.000000000000000 ) ;
#5388 = FACE_OUTER_BOUND ( 'NONE', #9367, .T. ) ;
#5389 = CARTESIAN_POINT ( 'NONE',  ( 32.20000000000001700, 0.2999999999999999900, -47.20000000000001700 ) ) ;
#5390 = ORIENTED_EDGE ( 'NONE', *, *, #2863, .F. ) ;
#5391 = EDGE_CURVE ( 'NONE', #3215, #6227, #10306, .T. ) ;
#5392 = EDGE_CURVE ( 'NONE', #10095, #4843, #5120, .T. ) ;
#5393 = VERTEX_POINT ( 'NONE', #9220 ) ;
#5394 = ORIENTED_EDGE ( 'NONE', *, *, #2507, .F. ) ;
#5395 = DIRECTION ( 'NONE',  ( 0.0000000000000000000, -0.0000000000000000000, -1.000000000000000000 ) ) ;
#5396 = CONICAL_SURFACE ( 'NONE', #2244, 1.250000000000001100, 1.029744258676653900 ) ;
#5397 = DIRECTION ( 'NONE',  ( 1.000000000000000000, 0.0000000000000000000, 1.204669080539449800E-016 ) ) ;
#5398 = DIRECTION ( 'NONE',  ( 0.0000000000000000000, -1.000000000000000000, 0.0000000000000000000 ) ) ;
#5399 = FILL_AREA_STYLE ('',( #4479 ) ) ;
#5400 = DIRECTION ( 'NONE',  ( -0.0000000000000000000, -1.000000000000000000, -0.0000000000000000000 ) ) ;
#5401 = VECTOR ( 'NONE', #5232, 1000.000000000000000 ) ;
#5402 = CIRCLE ( 'NONE', #11834, 1.250000000000001100 ) ;
#5403 = DIRECTION ( 'NONE',  ( -1.668003342285391100E-017, -1.000000000000000000, 0.0000000000000000000 ) ) ;
#5404 = VERTEX_POINT ( 'NONE', #10137 ) ;
#5405 = DIRECTION ( 'NONE',  ( 0.0000000000000000000, -0.0000000000000000000, 1.000000000000000000 ) ) ;
#5406 = LINE ( 'NONE', #7570, #214 ) ;
#5407 = EDGE_CURVE ( 'NONE', #10515, #4355, #2694, .T. ) ;
#5408 = STYLED_ITEM ( 'NONE', ( #10300 ), #800 ) ;
#5409 = DIRECTION ( 'NONE',  ( -0.0000000000000000000, 1.000000000000000000, 0.0000000000000000000 ) ) ;
#5410 = PLANE ( 'NONE',  #816 ) ;
#5411 = EDGE_CURVE ( 'NONE', #6474, #9846, #228, .T. ) ;
#5412 = LINE ( 'NONE', #6350, #223 ) ;
#5413 = CARTESIAN_POINT ( 'NONE',  ( 1.757653333333334600, 0.1137733333333333800, 6.140779046884138400E-016 ) ) ;
#5414 = VECTOR ( 'NONE', #3472, 1000.000000000000000 ) ;
#5415 = EDGE_LOOP ( 'NONE', ( #9178, #3908, #7166, #5871 ) ) ;
#5416 = FILL_AREA_STYLE ('',( #9680 ) ) ;
#5417 = CARTESIAN_POINT ( 'NONE',  ( 20.55000000000000100, 0.6699999999999920500, 0.0000000000000000000 ) ) ;
#5418 = CARTESIAN_POINT ( 'NONE',  ( 33.00000000000001400, -3.000000000000000400, 49.50000000000000000 ) ) ;
#5419 = DIRECTION ( 'NONE',  ( 0.0000000000000000000, 0.0000000000000000000, 1.000000000000000000 ) ) ;
#5420 = VERTEX_POINT ( 'NONE', #5562 ) ;
#5421 = LINE ( 'NONE', #8460, #10009 ) ;
#5422 = FACE_OUTER_BOUND ( 'NONE', #4032, .T. ) ;
#5423 = ADVANCED_FACE ( 'NONE', ( #4833 ), #9150, .F. ) ;
#5424 = COLOUR_RGB ( '',0.8941176470588234600, 0.9137254901960784000, 0.9294117647058823800 ) ;
#5425 = DIRECTION ( 'NONE',  ( 1.000000000000000000, -1.392979236598078500E-016, 0.0000000000000000000 ) ) ;
#5426 = CARTESIAN_POINT ( 'NONE',  ( -32.20000000000000300, 3.549999999999993200, -47.20000000000000300 ) ) ;
#5427 = ORIENTED_EDGE ( 'NONE', *, *, #3289, .F. ) ;
#5428 = EDGE_CURVE ( 'NONE', #11733, #648, #11593, .T. ) ;
#5429 = AXIS2_PLACEMENT_3D ( 'NONE', #6354, #7278, #1779 ) ;
#5430 = DIRECTION ( 'NONE',  ( 7.885106708985486100E-016, 0.0000000000000000000, -1.000000000000000000 ) ) ;
#5431 = EDGE_CURVE ( 'NONE', #6767, #5933, #9429, .T. ) ;
#5432 = CIRCLE ( 'NONE', #11403, 0.5000000000000004400 ) ;
#5433 = UNCERTAINTY_MEASURE_WITH_UNIT (LENGTH_MEASURE( 1.000000000000000100E-005 ), #2843, 'distance_accuracy_value', 'NONE');
#5434 = MECHANICAL_DESIGN_GEOMETRIC_PRESENTATION_REPRESENTATION (  '', ( #4192 ), #6039 ) ;
#5435 = ORIENTED_EDGE ( 'NONE', *, *, #323, .F. ) ;
#5436 = LINE ( 'NONE', #7159, #10320 ) ;
#5437 = CIRCLE ( 'NONE', #3290, 1.550000000000002700 ) ;
#5438 = CARTESIAN_POINT ( 'NONE',  ( 20.55000000000000100, 1.949999999999991500, 5.099999999999999600 ) ) ;
#5439 =( NAMED_UNIT ( * ) PLANE_ANGLE_UNIT ( ) SI_UNIT ( $, .RADIAN. ) );
#5440 = VECTOR ( 'NONE', #4863, 1000.000000000000000 ) ;
#5441 = DIRECTION ( 'NONE',  ( -1.355252715606881000E-016, 2.226315058375545200E-031, -1.000000000000000000 ) ) ;
#5442 = PLANE ( 'NONE',  #8263 ) ;
#5443 = ORIENTED_EDGE ( 'NONE', *, *, #6285, .T. ) ;
#5444 = LINE ( 'NONE', #475, #862 ) ;
#5445 = ORIENTED_EDGE ( 'NONE', *, *, #3486, .T. ) ;
#5446 = FACE_OUTER_BOUND ( 'NONE', #8525, .T. ) ;
#5447 = EDGE_CURVE ( 'NONE', #10328, #8940, #2097, .T. ) ;
#5448 = LINE ( 'NONE', #11703, #558 ) ;
#5449 = SURFACE_STYLE_FILL_AREA ( #903 ) ;
#5451 = ORIENTED_EDGE ( 'NONE', *, *, #7649, .T. ) ;
#5450 = AXIS2_PLACEMENT_3D ( 'NONE', #1841, #6460, #975 ) ;
#5452 = ORIENTED_EDGE ( 'NONE', *, *, #4544, .T. ) ;
#5453 = VECTOR ( 'NONE', #8793, 1000.000000000000000 ) ;
#5454 = ORIENTED_EDGE ( 'NONE', *, *, #73, .F. ) ;
#5455 = FILL_AREA_STYLE_COLOUR ( '', #8479 ) ;
#5456 = CARTESIAN_POINT ( 'NONE',  ( 11.40000000000000000, -0.8100000000000042700, 1.300000000000002500 ) ) ;
#5457 = FACE_OUTER_BOUND ( 'NONE', #5573, .T. ) ;
#5458 = ORIENTED_EDGE ( 'NONE', *, *, #7256, .F. ) ;
#5459 = FACE_OUTER_BOUND ( 'NONE', #6292, .T. ) ;
#5460 = AXIS2_PLACEMENT_3D ( 'NONE', #10524, #5005, #11448 ) ;
#5461 = VECTOR ( 'NONE', #9406, 1000.000000000000000 ) ;
#5462 = ORIENTED_EDGE ( 'NONE', *, *, #3727, .T. ) ;
#5463 = DIRECTION ( 'NONE',  ( -1.000000000000000000, -0.0000000000000000000, -0.0000000000000000000 ) ) ;
#5464 = PLANE ( 'NONE',  #9580 ) ;
#5465 = ORIENTED_EDGE ( 'NONE', *, *, #2469, .F. ) ;
#5466 = ORIENTED_EDGE ( 'NONE', *, *, #10418, .F. ) ;
#5467 = AXIS2_PLACEMENT_3D ( 'NONE', #9136, #6414, #934 ) ;
#5468 = DIRECTION ( 'NONE',  ( -0.0000000000000000000, 1.000000000000000000, 0.0000000000000000000 ) ) ;
#5469 = CARTESIAN_POINT ( 'NONE',  ( -13.74000000000000000, -0.9099999999999993600, 5.099999999999999600 ) ) ;
#5470 = EDGE_CURVE ( 'NONE', #6737, #5899, #6704, .T. ) ;
#5471 = DIRECTION ( 'NONE',  ( -1.084202172485505200E-016, -1.000000000000000000, 0.0000000000000000000 ) ) ;
#5472 = APPLICATION_CONTEXT ( 'automotive_design' ) ;
#5473 = VECTOR ( 'NONE', #9778, 1000.000000000000000 ) ;
#5474 = CARTESIAN_POINT ( 'NONE',  ( -0.2999999999999981600, -0.8100000000000040500, 5.099999999999999600 ) ) ;
#5475 = DIRECTION ( 'NONE',  ( -1.000000000000000000, -0.0000000000000000000, -0.0000000000000000000 ) ) ;
#5476 = DIRECTION ( 'NONE',  ( -1.000000000000000000, 0.0000000000000000000, 0.0000000000000000000 ) ) ;
#5477 = CARTESIAN_POINT ( 'NONE',  ( 32.99999999999997200, 0.2999999999999999900, 49.39999999999999900 ) ) ;
#5478 = AXIS2_PLACEMENT_3D ( 'NONE', #7330, #6367, #6405 ) ;
#5479 = EDGE_CURVE ( 'NONE', #5534, #6822, #11886, .T. ) ;
#5480 = VECTOR ( 'NONE', #8447, 1000.000000000000000 ) ;
#5481 = PRESENTATION_LAYER_ASSIGNMENT (  '', '', ( #4852 ) ) ;
#5482 = CARTESIAN_POINT ( 'NONE',  ( 18.55000000000000100, -2.010000000000008200, 42.20950821555037900 ) ) ;
#5483 = CARTESIAN_POINT ( 'NONE',  ( -32.99999999999998600, -3.000000000000000400, 48.00000000000000000 ) ) ;
#5484 = ORIENTED_EDGE ( 'NONE', *, *, #593, .T. ) ;
#5485 = ADVANCED_FACE ( 'NONE', ( #1827 ), #3700, .F. ) ;
#5486 = ORIENTED_EDGE ( 'NONE', *, *, #8843, .F. ) ;
#5487 = DIRECTION ( 'NONE',  ( 0.0000000000000000000, 1.000000000000000000, 0.0000000000000000000 ) ) ;
#5488 = CARTESIAN_POINT ( 'NONE',  ( -9.599999999999999600, -4.815124837953328000, 5.099999999999999600 ) ) ;
#5489 = SURFACE_STYLE_USAGE ( .BOTH. , #10996 ) ;
#5490 = PRESENTATION_STYLE_ASSIGNMENT (( #3210 ) ) ;
#5491 = PLANE ( 'NONE',  #5467 ) ;
#5492 = VERTEX_POINT ( 'NONE', #1075 ) ;
#5493 = CARTESIAN_POINT ( 'NONE',  ( -33.00000000000001400, 0.2999999999999999900, -48.00000000000000000 ) ) ;
#5494 = ORIENTED_EDGE ( 'NONE', *, *, #5174, .F. ) ;
#5495 = CARTESIAN_POINT ( 'NONE',  ( 15.29999999999999700, -0.8100000000000042700, 5.099999999999999600 ) ) ;
#5496 = EDGE_CURVE ( 'NONE', #1129, #2074, #8555, .T. ) ;
#5497 = ORIENTED_EDGE ( 'NONE', *, *, #6162, .F. ) ;
#5498 = EDGE_CURVE ( 'NONE', #9298, #6010, #3969, .T. ) ;
#5499 = EDGE_CURVE ( 'NONE', #8536, #5545, #8856, .T. ) ;
#5500 = DIRECTION ( 'NONE',  ( -1.000000000000000000, 1.668003342285391100E-017, 0.0000000000000000000 ) ) ;
#5501 = CARTESIAN_POINT ( 'NONE',  ( 5.300000000000001600, -5.401102314577125100, 0.7000000000000010700 ) ) ;
#5502 = LINE ( 'NONE', #3407, #10092 ) ;
#5503 = LINE ( 'NONE', #9703, #7642 ) ;
#5504 = DIRECTION ( 'NONE',  ( 1.387778780781445900E-016, -0.0000000000000000000, 1.000000000000000000 ) ) ;
#5505 = LINE ( 'NONE', #6395, #4638 ) ;
#5506 = APPLICATION_PROTOCOL_DEFINITION ( 'draft international standard', 'automotive_design', 1998, #11014 ) ;
#5507 = VERTEX_POINT ( 'NONE', #3833 ) ;
#5508 = VERTEX_POINT ( 'NONE', #161 ) ;
#5509 = ORIENTED_EDGE ( 'NONE', *, *, #8529, .F. ) ;
#5510 = MECHANICAL_DESIGN_GEOMETRIC_PRESENTATION_REPRESENTATION (  '', ( #4279 ), #6112 ) ;
#5511 = ORIENTED_EDGE ( 'NONE', *, *, #11351, .F. ) ;
#5512 = UNCERTAINTY_MEASURE_WITH_UNIT (LENGTH_MEASURE( 1.000000000000000100E-005 ), #4813, 'distance_accuracy_value', 'NONE');
#5513 = CIRCLE ( 'NONE', #11262, 2.000000000000001800 ) ;
#5514 =( NAMED_UNIT ( * ) SI_UNIT ( $, .STERADIAN. ) SOLID_ANGLE_UNIT ( ) );
#5515 = CARTESIAN_POINT ( 'NONE',  ( 32.00000000000000000, -2.899999999999999900, 47.00000000000001400 ) ) ;
#5516 = DIRECTION ( 'NONE',  ( -1.355252715606881000E-016, 0.0000000000000000000, -1.000000000000000000 ) ) ;
#5517 = CARTESIAN_POINT ( 'NONE',  ( 33.90000000000001300, -2.900000000000000400, 43.09999999999998700 ) ) ;
#5518 = EDGE_CURVE ( 'NONE', #163, #2769, #8442, .T. ) ;
#5519 = PRESENTATION_LAYER_ASSIGNMENT (  '', '', ( #6120 ) ) ;
#5520 = EDGE_LOOP ( 'NONE', ( #4433, #720, #3235, #11923, #5891, #4805, #11076, #7969 ) ) ;
#5521 = AXIS2_PLACEMENT_3D ( 'NONE', #5886, #9535, #6821 ) ;
#5522 = CARTESIAN_POINT ( 'NONE',  ( -9.999999999999998200, -0.9100000000000004800, 5.100000000000000500 ) ) ;
#5523 =( NAMED_UNIT ( * ) PLANE_ANGLE_UNIT ( ) SI_UNIT ( $, .RADIAN. ) );
#5524 = CARTESIAN_POINT ( 'NONE',  ( 34.39999999999999900, 2.899999999999999900, -44.50000000000001400 ) ) ;
#5525 = VERTEX_POINT ( 'NONE', #8440 ) ;
#5526 = VECTOR ( 'NONE', #9141, 1000.000000000000000 ) ;
#5527 = CIRCLE ( 'NONE', #10267, 0.5000000000000004400 ) ;
#5528 = DIRECTION ( 'NONE',  ( 7.002048966596186600E-017, 0.9063077870366496000, 0.4226182617407002700 ) ) ;
#5529 = AXIS2_PLACEMENT_3D ( 'NONE', #4148, #11506, #5988 ) ;
#5530 = ORIENTED_EDGE ( 'NONE', *, *, #1569, .F. ) ;
#5531 = DIRECTION ( 'NONE',  ( 1.000000000000000000, -0.0000000000000000000, 0.0000000000000000000 ) ) ;
#5532 = CARTESIAN_POINT ( 'NONE',  ( 1.757653333333334600, 2.168404344971008900E-016, -0.1137733333333333800 ) ) ;
#5533 = VERTEX_POINT ( 'NONE', #7520 ) ;
#5534 = VERTEX_POINT ( 'NONE', #4785 ) ;
#5535 = LINE ( 'NONE', #11215, #10126 ) ;
#5536 = DIRECTION ( 'NONE',  ( 0.0000000000000000000, 1.000000000000000000, 0.0000000000000000000 ) ) ;
#5537 = VECTOR ( 'NONE', #53, 1000.000000000000000 ) ;
#5538 = CARTESIAN_POINT ( 'NONE',  ( -34.99999999999999300, 0.5000000000000000000, 40.59999999999998000 ) ) ;
#5539 = DIRECTION ( 'NONE',  ( -1.000000000000000000, 2.409338161078890300E-016, -0.0000000000000000000 ) ) ;
#5540 = ADVANCED_FACE ( 'NONE', ( #1540 ), #1133, .F. ) ;
#5541 = EDGE_LOOP ( 'NONE', ( #11186, #5906, #7020, #871 ) ) ;
#5542 = DIRECTION ( 'NONE',  ( 0.0000000000000000000, 0.0000000000000000000, -1.000000000000000000 ) ) ;
#5543 =( GEOMETRIC_REPRESENTATION_CONTEXT ( 3 ) GLOBAL_UNCERTAINTY_ASSIGNED_CONTEXT ( ( #335 ) ) GLOBAL_UNIT_ASSIGNED_CONTEXT ( ( #1450, #7880, #2359 ) ) REPRESENTATION_CONTEXT ( 'NONE', 'WORKASPACE' ) );
#5544 =( REPRESENTATION_RELATIONSHIP ('NONE','NONE', #1637, #2183 ) REPRESENTATION_RELATIONSHIP_WITH_TRANSFORMATION ( #7414 )SHAPE_REPRESENTATION_RELATIONSHIP( ) );
#5545 = VERTEX_POINT ( 'NONE', #6641 ) ;
#5546 = DIRECTION ( 'NONE',  ( -1.000000000000000000, 1.668003342285391100E-017, 0.0000000000000000000 ) ) ;
#5547 = PRESENTATION_LAYER_ASSIGNMENT (  '', '', ( #4906 ) ) ;
#5548 = EDGE_CURVE ( 'NONE', #2960, #8717, #3578, .T. ) ;
#5549 = VECTOR ( 'NONE', #10603, 1000.000000000000000 ) ;
#5550 = EDGE_CURVE ( 'NONE', #1403, #2759, #6128, .T. ) ;
#5551 = LINE ( 'NONE', #10069, #3101 ) ;
#5552 = CARTESIAN_POINT ( 'NONE',  ( 30.86000000000000700, 2.899999999999999900, -38.50000000000000700 ) ) ;
#5553 = CARTESIAN_POINT ( 'NONE',  ( 34.39999999999999900, -2.900000000000000400, -39.00000000000000700 ) ) ;
#5554 = ORIENTED_EDGE ( 'NONE', *, *, #4702, .F. ) ;
#5555 = DIRECTION ( 'NONE',  ( -1.141265444721583500E-016, 0.0000000000000000000, 1.000000000000000000 ) ) ;
#5556 = LINE ( 'NONE', #6320, #4952 ) ;
#5557 = CARTESIAN_POINT ( 'NONE',  ( 1.299999999999999800, -0.9100000000000040300, -1.538828968349184100E-031 ) ) ;
#5558 = DIRECTION ( 'NONE',  ( -1.000000000000000000, -0.0000000000000000000, 1.387778780781445900E-016 ) ) ;
#5559 = ORIENTED_EDGE ( 'NONE', *, *, #7178, .T. ) ;
#5560 = FACE_OUTER_BOUND ( 'NONE', #1023, .T. ) ;
#5561 = LINE ( 'NONE', #6660, #3111 ) ;
#5562 = CARTESIAN_POINT ( 'NONE',  ( -5.899999999999998600, 1.949999999999991700, 6.299999999999999800 ) ) ;
#5563 = ORIENTED_EDGE ( 'NONE', *, *, #3, .F. ) ;
#5564 = STYLED_ITEM ( 'NONE', ( #967 ), #1214 ) ;
#5565 = DIRECTION ( 'NONE',  ( -0.08572225787319878700, 0.9963190726394436400, 3.306490268473496700E-015 ) ) ;
#5566 = DIRECTION ( 'NONE',  ( -3.168854151125935100E-048, -1.899788849813798600E-031, 1.000000000000000000 ) ) ;
#5567 = CARTESIAN_POINT ( 'NONE',  ( 3.600000000000001400, -0.9100000000000033600, 5.099999999999999600 ) ) ;
#5568 = EDGE_CURVE ( 'NONE', #9900, #3736, #10909, .T. ) ;
#5569 = ORIENTED_EDGE ( 'NONE', *, *, #10658, .T. ) ;
#5570 = LINE ( 'NONE', #10114, #687 ) ;
#5571 = FACE_OUTER_BOUND ( 'NONE', #4511, .T. ) ;
#5572 = DIRECTION ( 'NONE',  ( 1.000000000000000000, 0.0000000000000000000, 2.409338161078899700E-016 ) ) ;
#5573 = EDGE_LOOP ( 'NONE', ( #7049, #1036, #2361, #6179 ) ) ;
#5574 = CARTESIAN_POINT ( 'NONE',  ( 0.1000000000000021700, -5.401102314577125100, 0.7000000000000008400 ) ) ;
#5575 =( NAMED_UNIT ( * ) SI_UNIT ( $, .STERADIAN. ) SOLID_ANGLE_UNIT ( ) );
#5576 = CYLINDRICAL_SURFACE ( 'NONE', #305, 1.250000000000001100 ) ;
#5577 = DIRECTION ( 'NONE',  ( -1.000000000000000000, -0.0000000000000000000, -0.0000000000000000000 ) ) ;
#5578 =( BOUNDED_CURVE ( )  B_SPLINE_CURVE ( 3, ( #2613, #8125, #9064, #3575 ),
 .UNSPECIFIED., .F., .F. ) 
 B_SPLINE_CURVE_WITH_KNOTS ( ( 4, 4 ),
 ( 1.570796326794896800, 4.712388980384689700 ),
 .UNSPECIFIED. ) 
 CURVE ( )  GEOMETRIC_REPRESENTATION_ITEM ( )  RATIONAL_B_SPLINE_CURVE ( ( 1.000000000000000000, 0.3333333333333333700, 0.3333333333333333700, 1.000000000000000000 ) ) 
 REPRESENTATION_ITEM ( '' )  );
#5579 = ORIENTED_EDGE ( 'NONE', *, *, #11785, .T. ) ;
#5580 = VECTOR ( 'NONE', #7934, 1000.000000000000100 ) ;
#5581 = VECTOR ( 'NONE', #4551, 1000.000000000000000 ) ;
#5582 = ORIENTED_EDGE ( 'NONE', *, *, #5263, .F. ) ;
#5583 = EDGE_CURVE ( 'NONE', #10610, #5508, #5710, .T. ) ;
#5584 = AXIS2_PLACEMENT_3D ( 'NONE', #8820, #5176, #11599 ) ;
#5586 = DIRECTION ( 'NONE',  ( 0.0000000000000000000, 0.0000000000000000000, 1.000000000000000000 ) ) ;
#5585 = CIRCLE ( 'NONE', #7453, 0.5000000000000004400 ) ;
#5587 = ORIENTED_EDGE ( 'NONE', *, *, #7632, .T. ) ;
#5588 = MECHANICAL_DESIGN_GEOMETRIC_PRESENTATION_REPRESENTATION (  '', ( #3747 ), #6201 ) ;
#5589 = FACE_OUTER_BOUND ( 'NONE', #6946, .T. ) ;
#5590 = CARTESIAN_POINT ( 'NONE',  ( -30.85999999999999600, 1.999999999999999600, 39.34999999999998000 ) ) ;
#5591 = ORIENTED_EDGE ( 'NONE', *, *, #1878, .T. ) ;
#5592 = CIRCLE ( 'NONE', #5764, 1.500000000000001300 ) ;
#5593 = ORIENTED_EDGE ( 'NONE', *, *, #5248, .T. ) ;
#5594 = LINE ( 'NONE', #70, #11935 ) ;
#5595 = LINE ( 'NONE', #2453, #5310 ) ;
#5596 = PRESENTATION_LAYER_ASSIGNMENT (  '', '', ( #4372 ) ) ;
#5597 = ORIENTED_EDGE ( 'NONE', *, *, #2419, .F. ) ;
#5598 = ORIENTED_EDGE ( 'NONE', *, *, #9051, .T. ) ;
#5599 = CARTESIAN_POINT ( 'NONE',  ( 1.400000000000002800, -5.401102314577125100, 5.099999999999999600 ) ) ;
#5600 = DIRECTION ( 'NONE',  ( -0.0000000000000000000, -0.0000000000000000000, -1.000000000000000000 ) ) ;
#5601 = ORIENTED_EDGE ( 'NONE', *, *, #9854, .T. ) ;
#5602 = ADVANCED_FACE ( 'NONE', ( #7887, #8183 ), #1182, .T. ) ;
#5603 = EDGE_CURVE ( 'NONE', #7645, #5806, #546, .T. ) ;
#5604 = CARTESIAN_POINT ( 'NONE',  ( -9.599999999999999600, -0.8100000000000013900, 5.099999999999999600 ) ) ;
#5605 = VECTOR ( 'NONE', #7369, 1000.000000000000000 ) ;
#5606 = ORIENTED_EDGE ( 'NONE', *, *, #663, .T. ) ;
#5607 = CARTESIAN_POINT ( 'NONE',  ( -35.00000000000000000, 0.5000000000000000000, -34.75000000000000700 ) ) ;
#5608 = DIRECTION ( 'NONE',  ( 0.0000000000000000000, -0.0000000000000000000, -1.000000000000000000 ) ) ;
#5609 = DIRECTION ( 'NONE',  ( 1.000000000000000000, -2.409338161078899700E-016, 0.0000000000000000000 ) ) ;
#5610 = ORIENTED_EDGE ( 'NONE', *, *, #7511, .F. ) ;
#5611 =( NAMED_UNIT ( * ) PLANE_ANGLE_UNIT ( ) SI_UNIT ( $, .RADIAN. ) );
#5612 = AXIS2_PLACEMENT_3D ( 'NONE', #10865, #5354, #11786 ) ;
#5613 = PLANE ( 'NONE',  #11046 ) ;
#5614 = DIRECTION ( 'NONE',  ( 1.000000000000000000, -7.725906217236370000E-017, 0.0000000000000000000 ) ) ;
#5615 = CARTESIAN_POINT ( 'NONE',  ( -21.30000000000000100, -2.850000000000001000, 7.000000000000000000 ) ) ;
#5616 = DIRECTION ( 'NONE',  ( -3.168854151125935100E-048, -1.899788849813798600E-031, 1.000000000000000000 ) ) ;
#5617 = EDGE_CURVE ( 'NONE', #3064, #9541, #855, .T. ) ;
#5618 = ORIENTED_EDGE ( 'NONE', *, *, #5650, .T. ) ;
#5619 = ORIENTED_EDGE ( 'NONE', *, *, #11880, .T. ) ;
#5620 = LINE ( 'NONE', #9228, #3175 ) ;
#5621 = SURFACE_STYLE_FILL_AREA ( #10803 ) ;
#5622 = ORIENTED_EDGE ( 'NONE', *, *, #3344, .T. ) ;
#5623 = FILL_AREA_STYLE_COLOUR ( '', #3291 ) ;
#5624 = CARTESIAN_POINT ( 'NONE',  ( -33.00000000000001400, 0.2999999999999999900, -48.00000000000000000 ) ) ;
#5625 = ORIENTED_EDGE ( 'NONE', *, *, #10658, .F. ) ;
#5626 = EDGE_CURVE ( 'NONE', #10541, #11853, #10024, .T. ) ;
#5627 = ORIENTED_EDGE ( 'NONE', *, *, #7857, .F. ) ;
#5628 = PLANE ( 'NONE',  #813 ) ;
#5629 = STYLED_ITEM ( 'NONE', ( #1257 ), #656 ) ;
#5630 = ORIENTED_EDGE ( 'NONE', *, *, #5411, .T. ) ;
#5631 =( NAMED_UNIT ( * ) SI_UNIT ( $, .STERADIAN. ) SOLID_ANGLE_UNIT ( ) );
#5632 = VECTOR ( 'NONE', #6198, 1000.000000000000000 ) ;
#5633 = EDGE_CURVE ( 'NONE', #4529, #7750, #7576, .T. ) ;
#5634 = FACE_OUTER_BOUND ( 'NONE', #562, .T. ) ;
#5635 = VECTOR ( 'NONE', #4707, 1000.000000000000000 ) ;
#5636 = EDGE_LOOP ( 'NONE', ( #3899, #7401, #8898, #8233, #3544 ) ) ;
#5637 = DIRECTION ( 'NONE',  ( 0.0000000000000000000, 1.000000000000000000, 0.0000000000000000000 ) ) ;
#5638 = ORIENTED_EDGE ( 'NONE', *, *, #4653, .F. ) ;
#5639 = DIRECTION ( 'NONE',  ( -1.000000000000000000, 0.0000000000000000000, 0.0000000000000000000 ) ) ;
#5640 = VERTEX_POINT ( 'NONE', #10412 ) ;
#5641 = CARTESIAN_POINT ( 'NONE',  ( 32.99999999999998600, 0.2999999999999999900, -49.39999999999999900 ) ) ;
#5642 = UNCERTAINTY_MEASURE_WITH_UNIT (LENGTH_MEASURE( 1.000000000000000100E-005 ), #5680, 'distance_accuracy_value', 'NONE');
#5643 =( NAMED_UNIT ( * ) SI_UNIT ( $, .STERADIAN. ) SOLID_ANGLE_UNIT ( ) );
#5644 = ORIENTED_EDGE ( 'NONE', *, *, #10786, .T. ) ;
#5645 = CARTESIAN_POINT ( 'NONE',  ( 0.3000000000000042600, 0.0000000000000000000, 0.0000000000000000000 ) ) ;
#5646 = SURFACE_STYLE_FILL_AREA ( #3243 ) ;
#5647 = ORIENTED_EDGE ( 'NONE', *, *, #9975, .T. ) ;
#5648 = PLANE ( 'NONE',  #8727 ) ;
#5649 = ORIENTED_EDGE ( 'NONE', *, *, #1737, .F. ) ;
#5650 = EDGE_CURVE ( 'NONE', #4306, #3723, #2712, .T. ) ;
#5651 = AXIS2_PLACEMENT_3D ( 'NONE', #10911, #2630, #2672 ) ;
#5652 = VERTEX_POINT ( 'NONE', #3067 ) ;
#5653 = EDGE_CURVE ( 'NONE', #7660, #3855, #2992, .T. ) ;
#5654 = PLANE ( 'NONE',  #2674 ) ;
#5655 = CARTESIAN_POINT ( 'NONE',  ( 29.50000000000000400, 9.722539674441609500, -48.89999999999999900 ) ) ;
#5656 = ORIENTED_EDGE ( 'NONE', *, *, #8211, .T. ) ;
#5657 = ADVANCED_FACE ( 'NONE', ( #4847 ), #2129, .F. ) ;
#5658 = VECTOR ( 'NONE', #5760, 1000.000000000000000 ) ;
#5659 = DIRECTION ( 'NONE',  ( -0.0000000000000000000, 1.000000000000000000, -0.0000000000000000000 ) ) ;
#5660 = LINE ( 'NONE', #9181, #5376 ) ;
#5661 = CARTESIAN_POINT ( 'NONE',  ( 0.0000000000000000000, 0.0000000000000000000, 5.099999999999999600 ) ) ;
#5662 = ORIENTED_EDGE ( 'NONE', *, *, #943, .F. ) ;
#5663 = PRESENTATION_LAYER_ASSIGNMENT (  '', '', ( #4441 ) ) ;
#5664 = VERTEX_POINT ( 'NONE', #6760 ) ;
#5665 = DIRECTION ( 'NONE',  ( -1.000000000000000000, 1.668003342285391400E-017, 0.0000000000000000000 ) ) ;
#5666 = EDGE_CURVE ( 'NONE', #10916, #5987, #9743, .T. ) ;
#5667 = LINE ( 'NONE', #7397, #5939 ) ;
#5668 = COLOUR_RGB ( '',0.9686274509803921600, 0.8784313725490196000, 0.5999999999999999800 ) ;
#5669 = PRESENTATION_LAYER_ASSIGNMENT (  '', '', ( #6289 ) ) ;
#5670 = CARTESIAN_POINT ( 'NONE',  ( -20.55000000000000100, 1.269999999999991800, 5.099999999999999600 ) ) ;
#5671 = DIRECTION ( 'NONE',  ( 1.000000000000000000, 0.0000000000000000000, 0.0000000000000000000 ) ) ;
#5672 = EDGE_LOOP ( 'NONE', ( #7952, #10289, #177, #7522 ) ) ;
#5673 = LINE ( 'NONE', #1355, #3246 ) ;
#5674 = VERTEX_POINT ( 'NONE', #10451 ) ;
#5675 = VERTEX_POINT ( 'NONE', #11376 ) ;
#5676 = DIRECTION ( 'NONE',  ( 0.0000000000000000000, 0.0000000000000000000, 1.000000000000000000 ) ) ;
#5677 = LINE ( 'NONE', #7960, #9983 ) ;
#5678 = STYLED_ITEM ( 'NONE', ( #1603 ), #11031 ) ;
#5679 = LINE ( 'NONE', #9873, #8147 ) ;
#5680 =( LENGTH_UNIT ( ) NAMED_UNIT ( * ) SI_UNIT ( .MILLI., .METRE. ) );
#5681 = EDGE_CURVE ( 'NONE', #3737, #11088, #11604, .T. ) ;
#5682 = EDGE_LOOP ( 'NONE', ( #3059, #2972, #3638, #5081 ) ) ;
#5683 = CARTESIAN_POINT ( 'NONE',  ( 32.20000000000000300, 2.900000000000000400, -45.65000000000001300 ) ) ;
#5684 = DIRECTION ( 'NONE',  ( 0.0000000000000000000, 0.0000000000000000000, 1.000000000000000000 ) ) ;
#5685 = CYLINDRICAL_SURFACE ( 'NONE', #11333, 1.000000000000000000 ) ;
#5686 =( LENGTH_UNIT ( ) NAMED_UNIT ( * ) SI_UNIT ( .MILLI., .METRE. ) );
#5687 = PRODUCT_DEFINITION_SHAPE ( 'NONE', 'NONE',  #11941 ) ;
#5688 = DIRECTION ( 'NONE',  ( 1.000000000000000000, -2.409338161078899700E-016, 0.0000000000000000000 ) ) ;
#5689 = DIRECTION ( 'NONE',  ( 3.423796334164750500E-016, 0.0000000000000000000, -1.000000000000000000 ) ) ;
#5690 = LINE ( 'NONE', #10859, #3265 ) ;
#5691 = VECTOR ( 'NONE', #11686, 1000.000000000000000 ) ;
#5692 = ORIENTED_EDGE ( 'NONE', *, *, #2811, .F. ) ;
#5693 = CARTESIAN_POINT ( 'NONE',  ( -30.85999999999999600, 2.899999999999999900, 43.09999999999998700 ) ) ;
#5694 = MECHANICAL_DESIGN_GEOMETRIC_PRESENTATION_REPRESENTATION (  '', ( #3858 ), #6321 ) ;
#5695 = LINE ( 'NONE', #2466, #4825 ) ;
#5696 = EDGE_CURVE ( 'NONE', #10892, #6904, #7025, .T. ) ;
#5697 = FILL_AREA_STYLE ('',( #2046 ) ) ;
#5698 = EDGE_LOOP ( 'NONE', ( #4125, #6806, #9722, #1297 ) ) ;
#5699 = CIRCLE ( 'NONE', #3018, 2.000000000000001800 ) ;
#5700 = DIRECTION ( 'NONE',  ( -0.0000000000000000000, 0.0000000000000000000, 1.000000000000000000 ) ) ;
#5701 = PRESENTATION_STYLE_ASSIGNMENT (( #4061 ) ) ;
#5702 = CARTESIAN_POINT ( 'NONE',  ( 32.99999999999997200, -0.2999999999999999900, 49.39999999999999900 ) ) ;
#5703 = SURFACE_SIDE_STYLE ('',( #4323 ) ) ;
#5704 = EDGE_LOOP ( 'NONE', ( #11498, #1332 ) ) ;
#5705 = LINE ( 'NONE', #10032, #7568 ) ;
#5706 = ADVANCED_FACE ( 'NONE', ( #4285 ), #11320, .F. ) ;
#5707 = EDGE_LOOP ( 'NONE', ( #11607, #11233, #10161, #8582 ) ) ;
#5708 = DIRECTION ( 'NONE',  ( 0.0000000000000000000, 0.0000000000000000000, -1.000000000000000000 ) ) ;
#5709 = VECTOR ( 'NONE', #2966, 1000.000000000000000 ) ;
#5710 = LINE ( 'NONE', #11258, #10322 ) ;
#5711 = CONICAL_SURFACE ( 'NONE', #2921, 2.149999999999999000, 0.7853981633974495000 ) ;
#5712 = AXIS2_PLACEMENT_3D ( 'NONE', #5749, #9436, #3931 ) ;
#5713 = EDGE_LOOP ( 'NONE', ( #10014, #3219, #3698, #125 ) ) ;
#5714 = ORIENTED_EDGE ( 'NONE', *, *, #9115, .T. ) ;
#5715 = CARTESIAN_POINT ( 'NONE',  ( 32.20000000000000300, 2.900000000000000400, -47.20000000000000300 ) ) ;
#5716 = DIRECTION ( 'NONE',  ( 0.0000000000000000000, 1.000000000000000000, 0.0000000000000000000 ) ) ;
#5717 = MECHANICAL_DESIGN_GEOMETRIC_PRESENTATION_REPRESENTATION (  '', ( #3877 ), #6340 ) ;
#5718 = EDGE_CURVE ( 'NONE', #671, #2915, #1839, .T. ) ;
#5719 = EDGE_CURVE ( 'NONE', #1219, #3354, #9442, .T. ) ;
#5720 = FACE_OUTER_BOUND ( 'NONE', #8428, .T. ) ;
#5721 = UNCERTAINTY_MEASURE_WITH_UNIT (LENGTH_MEASURE( 1.000000000000000100E-005 ), #7282, 'distance_accuracy_value', 'NONE');
#5722 = DIRECTION ( 'NONE',  ( -0.0000000000000000000, 1.000000000000000000, -0.0000000000000000000 ) ) ;
#5723 = VERTEX_POINT ( 'NONE', #399 ) ;
#5724 = LINE ( 'NONE', #1788, #7895 ) ;
#5725 = DIRECTION ( 'NONE',  ( -1.000000000000000000, 0.0000000000000000000, 1.404634393503487300E-016 ) ) ;
#5726 = CARTESIAN_POINT ( 'NONE',  ( -32.20000000000000300, -2.100000000000000100, 47.20000000000000300 ) ) ;
#5727 = CYLINDRICAL_SURFACE ( 'NONE', #2266, 1.250000000000001100 ) ;
#5728 = DIRECTION ( 'NONE',  ( -0.9926784959919535700, 0.08540902644086528800, 0.08540902644086603700 ) ) ;
#5729 =( LENGTH_UNIT ( ) NAMED_UNIT ( * ) SI_UNIT ( .MILLI., .METRE. ) );
#5730 = ORIENTED_EDGE ( 'NONE', *, *, #11226, .T. ) ;
#5731 = ORIENTED_EDGE ( 'NONE', *, *, #4651, .F. ) ;
#5732 = LINE ( 'NONE', #11576, #873 ) ;
#5733 = CARTESIAN_POINT ( 'NONE',  ( 13.99999999999999800, -0.9100000000000069100, 5.099999999999999600 ) ) ;
#5734 = EDGE_LOOP ( 'NONE', ( #8495, #494 ) ) ;
#5735 = DIRECTION ( 'NONE',  ( -1.000000000000000000, 2.409338161078899700E-016, 0.0000000000000000000 ) ) ;
#5736 = DIRECTION ( 'NONE',  ( 0.0000000000000000000, 0.0000000000000000000, -1.000000000000000000 ) ) ;
#5737 = LINE ( 'NONE', #367, #885 ) ;
#5738 = EDGE_CURVE ( 'NONE', #11064, #2741, #8437, .T. ) ;
#5739 = LINE ( 'NONE', #245, #7598 ) ;
#5740 = ORIENTED_EDGE ( 'NONE', *, *, #7085, .T. ) ;
#5742 = EDGE_LOOP ( 'NONE', ( #5118, #6175, #10981, #4724 ) ) ;
#5741 = AXIS2_PLACEMENT_3D ( 'NONE', #9154, #3659, #10074 ) ;
#5743 = ORIENTED_EDGE ( 'NONE', *, *, #7577, .F. ) ;
#5744 =( NAMED_UNIT ( * ) SI_UNIT ( $, .STERADIAN. ) SOLID_ANGLE_UNIT ( ) );
#5745 =( NAMED_UNIT ( * ) SI_UNIT ( $, .STERADIAN. ) SOLID_ANGLE_UNIT ( ) );
#5746 = CARTESIAN_POINT ( 'NONE',  ( -33.00000000000000000, -3.000000000000000400, -48.00000000000000000 ) ) ;
#5747 = AXIS2_PLACEMENT_3D ( 'NONE', #7524, #2018, #8445 ) ;
#5748 = COLOUR_RGB ( '',0.8941176470588234600, 0.9137254901960784000, 0.9294117647058823800 ) ;
#5749 = CARTESIAN_POINT ( 'NONE',  ( -35.00000000000000000, 3.500000000000000000, -50.00000000000000000 ) ) ;
#5750 = DIRECTION ( 'NONE',  ( 0.0000000000000000000, 1.000000000000000000, 0.0000000000000000000 ) ) ;
#5751 = ORIENTED_EDGE ( 'NONE', *, *, #3881, .T. ) ;
#5752 = CARTESIAN_POINT ( 'NONE',  ( 0.0000000000000000000, 2.900000000000000400, 0.0000000000000000000 ) ) ;
#5753 = DIRECTION ( 'NONE',  ( 0.0000000000000000000, 0.0000000000000000000, -1.000000000000000000 ) ) ;
#5754 =( NAMED_UNIT ( * ) PLANE_ANGLE_UNIT ( ) SI_UNIT ( $, .RADIAN. ) );
#5755 = DIRECTION ( 'NONE',  ( 1.668003342285391100E-017, 1.000000000000000000, -0.0000000000000000000 ) ) ;
#5756 = ORIENTED_EDGE ( 'NONE', *, *, #980, .F. ) ;
#5757 = ORIENTED_EDGE ( 'NONE', *, *, #2887, .T. ) ;
#5758 =( GEOMETRIC_REPRESENTATION_CONTEXT ( 3 ) GLOBAL_UNCERTAINTY_ASSIGNED_CONTEXT ( ( #3386 ) ) GLOBAL_UNIT_ASSIGNED_CONTEXT ( ( #2155, #8576, #3092 ) ) REPRESENTATION_CONTEXT ( 'NONE', 'WORKASPACE' ) );
#5759 = VERTEX_POINT ( 'NONE', #9603 ) ;
#5760 = DIRECTION ( 'NONE',  ( -1.000000000000000000, 2.409338161078899700E-016, 0.0000000000000000000 ) ) ;
#5761 = CARTESIAN_POINT ( 'NONE',  ( -34.39999999999997000, 2.899999999999999900, 37.59999999999998000 ) ) ;
#5762 = CARTESIAN_POINT ( 'NONE',  ( -34.39999999999998400, 3.500000000000000000, 37.59999999999998000 ) ) ;
#5763 = CARTESIAN_POINT ( 'NONE',  ( -32.20000000000001700, -0.2999999999999999900, 45.65000000000002000 ) ) ;
#5764 = AXIS2_PLACEMENT_3D ( 'NONE', #4147, #10575, #5061 ) ;
#5765 = EDGE_CURVE ( 'NONE', #6535, #1496, #2115, .T. ) ;
#5766 = CARTESIAN_POINT ( 'NONE',  ( -32.99999999999998600, 3.500000000000000000, 50.00000000000000000 ) ) ;
#5767 = EDGE_CURVE ( 'NONE', #1862, #9382, #6715, .T. ) ;
#5768 = ADVANCED_FACE ( 'NONE', ( #6144 ), #5056, .F. ) ;
#5769 = SURFACE_STYLE_FILL_AREA ( #2273 ) ;
#5770 = CARTESIAN_POINT ( 'NONE',  ( -15.03999999999999900, -0.9100000000000011400, 5.099999999999999600 ) ) ;
#5771 = LINE ( 'NONE', #9506, #3046 ) ;
#5772 = ORIENTED_EDGE ( 'NONE', *, *, #9412, .F. ) ;
#5773 = CARTESIAN_POINT ( 'NONE',  ( -30.00000000000000400, 2.899999999999999900, -45.00000000000001400 ) ) ;
#5774 = ORIENTED_EDGE ( 'NONE', *, *, #6669, .F. ) ;
#5775 = ORIENTED_EDGE ( 'NONE', *, *, #5568, .T. ) ;
#5776 = FACE_OUTER_BOUND ( 'NONE', #9534, .T. ) ;
#5777 = DIRECTION ( 'NONE',  ( 7.885106708985486100E-016, 0.0000000000000000000, -1.000000000000000000 ) ) ;
#5778 = LINE ( 'NONE', #3253, #3357 ) ;
#5779 = CARTESIAN_POINT ( 'NONE',  ( 33.90000000000001300, -2.899999999999999900, 43.59999999999998700 ) ) ;
#5780 = SURFACE_STYLE_USAGE ( .BOTH. , #11289 ) ;
#5781 = FACE_OUTER_BOUND ( 'NONE', #2481, .T. ) ;
#5782 = ORIENTED_EDGE ( 'NONE', *, *, #7665, .F. ) ;
#5783 = ADVANCED_FACE ( 'NONE', ( #5281 ), #11537, .F. ) ;
#5784 = EDGE_CURVE ( 'NONE', #8461, #1290, #2846, .T. ) ;
#5785 = VERTEX_POINT ( 'NONE', #7893 ) ;
#5786 = MECHANICAL_DESIGN_GEOMETRIC_PRESENTATION_REPRESENTATION (  '', ( #4563 ), #6408 ) ;
#5787 = UNCERTAINTY_MEASURE_WITH_UNIT (LENGTH_MEASURE( 1.000000000000000100E-005 ), #8740, 'distance_accuracy_value', 'NONE');
#5788 = PRESENTATION_LAYER_ASSIGNMENT (  '', '', ( #5173 ) ) ;
#5789 = EDGE_LOOP ( 'NONE', ( #4639, #9420, #7635, #4234 ) ) ;
#5790 = EDGE_CURVE ( 'NONE', #3663, #11105, #689, .T. ) ;
#5791 = CARTESIAN_POINT ( 'NONE',  ( -8.299999999999998900, -0.8100000000000009400, 0.6999999999999997300 ) ) ;
#5792 = ORIENTED_EDGE ( 'NONE', *, *, #9191, .F. ) ;
#5793 = DIRECTION ( 'NONE',  ( -1.387778780781445900E-016, 0.0000000000000000000, -1.000000000000000000 ) ) ;
#5794 = CARTESIAN_POINT ( 'NONE',  ( 0.0000000000000000000, -1.069999999999999800, 0.2650000000000001800 ) ) ;
#5795 = CARTESIAN_POINT ( 'NONE',  ( -34.40000000000001300, 0.2999999999999999900, -49.39999999999999900 ) ) ;
#5796 = DIRECTION ( 'NONE',  ( -1.000000000000000000, 1.668003342285391100E-017, 0.0000000000000000000 ) ) ;
#5797 = ORIENTED_EDGE ( 'NONE', *, *, #1189, .T. ) ;
#5798 = DIRECTION ( 'NONE',  ( 0.8518743543862780100, -0.07329438438712877800, -0.5185923423617764300 ) ) ;
#5799 = LINE ( 'NONE', #6417, #325 ) ;
#5800 = DIRECTION ( 'NONE',  ( 0.0000000000000000000, 0.0000000000000000000, -1.000000000000000000 ) ) ;
#5801 = CIRCLE ( 'NONE', #8407, 0.5000000000000004400 ) ;
#5802 = DIRECTION ( 'NONE',  ( 1.668003342285391100E-017, 1.000000000000000000, -0.0000000000000000000 ) ) ;
#5803 = FILL_AREA_STYLE ('',( #3953 ) ) ;
#5804 = EDGE_CURVE ( 'NONE', #6929, #8940, #7713, .T. ) ;
#5805 = AXIS2_PLACEMENT_3D ( 'NONE', #7663, #2157, #8577 ) ;
#5806 = VERTEX_POINT ( 'NONE', #6684 ) ;
#5807 = CARTESIAN_POINT ( 'NONE',  ( 0.0000000000000000000, 3.500000000000000000, 0.0000000000000000000 ) ) ;
#5808 = AXIS2_PLACEMENT_3D ( 'NONE', #589, #5194, #11622 ) ;
#5809 = ORIENTED_EDGE ( 'NONE', *, *, #3891, .F. ) ;
#5810 = CARTESIAN_POINT ( 'NONE',  ( -13.74000000000000000, -0.9099999999999993600, 5.099999999999999600 ) ) ;
#5811 = VERTEX_POINT ( 'NONE', #7607 ) ;
#5812 = FACE_OUTER_BOUND ( 'NONE', #10988, .T. ) ;
#5813 = LINE ( 'NONE', #1018, #654 ) ;
#5814 = MECHANICAL_DESIGN_GEOMETRIC_PRESENTATION_REPRESENTATION (  '', ( #3965 ), #6440 ) ;
#5815 =( NAMED_UNIT ( * ) PLANE_ANGLE_UNIT ( ) SI_UNIT ( $, .RADIAN. ) );
#5816 = CARTESIAN_POINT ( 'NONE',  ( -35.00000000000000000, -2.900000000000000400, -49.39999999999999900 ) ) ;
#5817 = ORIENTED_EDGE ( 'NONE', *, *, #4011, .F. ) ;
#5818 = ORIENTED_EDGE ( 'NONE', *, *, #10599, .F. ) ;
#5819 = CARTESIAN_POINT ( 'NONE',  ( -15.94000000000000000, -0.9100000000000010300, 0.7000000000000004000 ) ) ;
#5820 = EDGE_CURVE ( 'NONE', #2198, #4236, #380, .T. ) ;
#5821 = ORIENTED_EDGE ( 'NONE', *, *, #5853, .F. ) ;
#5822 = LINE ( 'NONE', #4042, #1524 ) ;
#5823 = SURFACE_SIDE_STYLE ('',( #6243 ) ) ;
#5824 = DIRECTION ( 'NONE',  ( 0.0000000000000000000, -0.5150380749100547100, -0.8571673007021120000 ) ) ;
#5825 = FACE_OUTER_BOUND ( 'NONE', #7579, .T. ) ;
#5826 = ADVANCED_FACE ( 'NONE', ( #2556 ), #4708, .T. ) ;
#5827 = PRESENTATION_STYLE_ASSIGNMENT (( #1026 ) ) ;
#5828 = VECTOR ( 'NONE', #7265, 1000.000000000000000 ) ;
#5829 = CARTESIAN_POINT ( 'NONE',  ( 13.10000000000000100, -0.8100000000000042700, 5.099999999999999600 ) ) ;
#5830 = ORIENTED_EDGE ( 'NONE', *, *, #9353, .T. ) ;
#5831 = MECHANICAL_DESIGN_GEOMETRIC_PRESENTATION_REPRESENTATION (  '', ( #3984 ), #6457 ) ;
#5832 = DIRECTION ( 'NONE',  ( 0.0000000000000000000, 0.0000000000000000000, 1.000000000000000000 ) ) ;
#5833 = CARTESIAN_POINT ( 'NONE',  ( -33.00000000000000000, 3.500000000000000000, -49.39999999999999900 ) ) ;
#5834 = ORIENTED_EDGE ( 'NONE', *, *, #1565, .T. ) ;
#5835 = VECTOR ( 'NONE', #9630, 1000.000000000000000 ) ;
#5836 = EDGE_CURVE ( 'NONE', #8136, #2862, #9586, .T. ) ;
#5837 = DIRECTION ( 'NONE',  ( 0.0000000000000000000, -0.0000000000000000000, -1.000000000000000000 ) ) ;
#5838 = VECTOR ( 'NONE', #2973, 1000.000000000000000 ) ;
#5839 = ADVANCED_FACE ( 'NONE', ( #11756 ), #7641, .T. ) ;
#5840 = ORIENTED_EDGE ( 'NONE', *, *, #3778, .F. ) ;
#5841 = DIRECTION ( 'NONE',  ( -0.0000000000000000000, -1.000000000000000000, -0.0000000000000000000 ) ) ;
#5842 = CARTESIAN_POINT ( 'NONE',  ( 29.50000000000000400, 3.500000000000000000, -49.39999999999999900 ) ) ;
#5843 = VERTEX_POINT ( 'NONE', #6725 ) ;
#5844 = DIRECTION ( 'NONE',  ( -1.000000000000000000, 1.668003342285391100E-017, 0.0000000000000000000 ) ) ;
#5845 = VECTOR ( 'NONE', #6382, 999.9999999999998900 ) ;
#5846 = FACE_OUTER_BOUND ( 'NONE', #2584, .T. ) ;
#5847 = VECTOR ( 'NONE', #8764, 1000.000000000000000 ) ;
#5849 = EDGE_CURVE ( 'NONE', #5987, #7940, #7158, .T. ) ;
#5848 = VERTEX_POINT ( 'NONE', #4901 ) ;
#5850 = AXIS2_PLACEMENT_3D ( 'NONE', #2574, #8994, #3506 ) ;
#5851 = DIRECTION ( 'NONE',  ( 1.000000000000000000, 0.0000000000000000000, -0.0000000000000000000 ) ) ;
#5852 = CARTESIAN_POINT ( 'NONE',  ( -16.34000000000000000, -0.8100000000000003900, 5.099999999999999600 ) ) ;
#5853 = EDGE_CURVE ( 'NONE', #6726, #10280, #90, .T. ) ;
#5854 = DIRECTION ( 'NONE',  ( 0.0000000000000000000, 0.0000000000000000000, 1.000000000000000000 ) ) ;
#5855 = EDGE_LOOP ( 'NONE', ( #1119, #1979, #4514, #7741 ) ) ;
#5856 = PLANE ( 'NONE',  #4824 ) ;
#5857 = FACE_OUTER_BOUND ( 'NONE', #1479, .T. ) ;
#5858 = ORIENTED_EDGE ( 'NONE', *, *, #9624, .T. ) ;
#5859 = CARTESIAN_POINT ( 'NONE',  ( -7.399999999999998600, -0.8100000000000011600, 5.100000000000000500 ) ) ;
#5860 = VECTOR ( 'NONE', #6234, 1000.000000000000000 ) ;
#5861 = ORIENTED_EDGE ( 'NONE', *, *, #3169, .T. ) ;
#5862 = UNCERTAINTY_MEASURE_WITH_UNIT (LENGTH_MEASURE( 1.000000000000000100E-005 ), #7160, 'distance_accuracy_value', 'NONE');
#5863 = VECTOR ( 'NONE', #8762, 1000.000000000000000 ) ;
#5864 = CARTESIAN_POINT ( 'NONE',  ( -30.00000000000000400, 2.899999999999999900, -49.39999999999999900 ) ) ;
#5865 = ORIENTED_EDGE ( 'NONE', *, *, #9950, .T. ) ;
#5866 = VECTOR ( 'NONE', #7768, 1000.000000000000000 ) ;
#5867 = ORIENTED_EDGE ( 'NONE', *, *, #4616, .F. ) ;
#5868 = FACE_OUTER_BOUND ( 'NONE', #10649, .T. ) ;
#5869 = DIRECTION ( 'NONE',  ( -2.409338161078899700E-016, -1.000000000000000000, -1.899788849813798600E-031 ) ) ;
#5870 = CARTESIAN_POINT ( 'NONE',  ( 7.900000000000000400, -0.8100000000000042700, 1.300000000000000300 ) ) ;
#5871 = ORIENTED_EDGE ( 'NONE', *, *, #8262, .F. ) ;
#5872 = EDGE_CURVE ( 'NONE', #9249, #11930, #9307, .T. ) ;
#5873 = STYLED_ITEM ( 'NONE', ( #615 ), #7052 ) ;
#5874 = EDGE_LOOP ( 'NONE', ( #7790, #8830, #6290, #9823 ) ) ;
#5875 = EDGE_CURVE ( 'NONE', #8204, #5882, #2800, .T. ) ;
#5876 = EDGE_CURVE ( 'NONE', #4394, #3682, #7405, .T. ) ;
#5877 = ORIENTED_EDGE ( 'NONE', *, *, #9474, .F. ) ;
#5878 = DIRECTION ( 'NONE',  ( 0.9963190726394435300, 0.0000000000000000000, 0.08572225787319831500 ) ) ;
#5879 = CARTESIAN_POINT ( 'NONE',  ( 20.55000000000000100, 0.6699999999999920500, 5.099999999999999600 ) ) ;
#5880 = CARTESIAN_POINT ( 'NONE',  ( -34.99999999999999300, 0.5000000000000000000, 41.84999999999998000 ) ) ;
#5881 = LINE ( 'NONE', #2802, #10206 ) ;
#5882 = VERTEX_POINT ( 'NONE', #364 ) ;
#5883 = ORIENTED_EDGE ( 'NONE', *, *, #10989, .F. ) ;
#5884 = SURFACE_SIDE_STYLE ('',( #3686 ) ) ;
#5885 = ADVANCED_FACE ( 'NONE', ( #2528 ), #1313, .T. ) ;
#5886 = CARTESIAN_POINT ( 'NONE',  ( -33.00000000000000000, -3.000000000000000400, -48.00000000000000000 ) ) ;
#5887 = EDGE_CURVE ( 'NONE', #1570, #2311, #9552, .T. ) ;
#5888 = AXIS2_PLACEMENT_3D ( 'NONE', #7051, #9803, #4310 ) ;
#5889 = PLANE ( 'NONE',  #761 ) ;
#5890 = COLOUR_RGB ( '',0.9686274509803921600, 0.8784313725490196000, 0.5999999999999999800 ) ;
#5891 = ORIENTED_EDGE ( 'NONE', *, *, #4482, .F. ) ;
#5892 = FILL_AREA_STYLE ('',( #3126 ) ) ;
#5893 = PLANE ( 'NONE',  #24 ) ;
#5894 = CARTESIAN_POINT ( 'NONE',  ( -13.74000000000000000, -0.8100000000000013900, 5.099999999999999600 ) ) ;
#5895 = ORIENTED_EDGE ( 'NONE', *, *, #6214, .T. ) ;
#5896 = ADVANCED_FACE ( 'NONE', ( #7132 ), #4400, .F. ) ;
#5897 = VECTOR ( 'NONE', #10998, 999.9999999999998900 ) ;
#5898 = LINE ( 'NONE', #10763, #10512 ) ;
#5899 = VERTEX_POINT ( 'NONE', #7775 ) ;
#5900 = DIRECTION ( 'NONE',  ( 1.000000000000000000, -0.0000000000000000000, -0.0000000000000000000 ) ) ;
#5901 = CARTESIAN_POINT ( 'NONE',  ( 10.50000000000000200, -0.9100000000000062500, 1.299999999999999600 ) ) ;
#5902 = ORIENTED_EDGE ( 'NONE', *, *, #9568, .F. ) ;
#5903 = DIRECTION ( 'NONE',  ( 0.0000000000000000000, 0.0000000000000000000, 1.000000000000000000 ) ) ;
#5904 = DIRECTION ( 'NONE',  ( 0.0000000000000000000, 1.000000000000000000, 0.0000000000000000000 ) ) ;
#5905 = DIRECTION ( 'NONE',  ( -0.0000000000000000000, -1.000000000000000000, -0.0000000000000000000 ) ) ;
#5906 = ORIENTED_EDGE ( 'NONE', *, *, #491, .T. ) ;
#5907 = VECTOR ( 'NONE', #11658, 1000.000000000000000 ) ;
#5908 = CARTESIAN_POINT ( 'NONE',  ( -32.20000000000000300, 2.900000000000000400, 47.20000000000000300 ) ) ;
#5909 = VECTOR ( 'NONE', #2865, 1000.000000000000000 ) ;
#5910 = ORIENTED_EDGE ( 'NONE', *, *, #1569, .T. ) ;
#5911 = DIRECTION ( 'NONE',  ( 0.0000000000000000000, 0.0000000000000000000, 1.000000000000000000 ) ) ;
#5912 = PRESENTATION_LAYER_ASSIGNMENT (  '', '', ( #7176 ) ) ;
#5913 = DIRECTION ( 'NONE',  ( 0.0000000000000000000, 0.0000000000000000000, 1.000000000000000000 ) ) ;
#5914 = EDGE_CURVE ( 'NONE', #11873, #2182, #6836, .T. ) ;
#5915 = ORIENTED_EDGE ( 'NONE', *, *, #10282, .F. ) ;
#5916 = EDGE_CURVE ( 'NONE', #11531, #7187, #4680, .T. ) ;
#5917 = ORIENTED_EDGE ( 'NONE', *, *, #2150, .F. ) ;
#5918 = DIRECTION ( 'NONE',  ( -0.0000000000000000000, -0.0000000000000000000, -1.000000000000000000 ) ) ;
#5919 = CARTESIAN_POINT ( 'NONE',  ( -33.89999999999998400, -2.900000000000000400, -45.00000000000001400 ) ) ;
#5920 = VECTOR ( 'NONE', #1390, 1000.000000000000000 ) ;
#5921 = EDGE_LOOP ( 'NONE', ( #7774, #11275, #7365, #224 ) ) ;
#5922 = ORIENTED_EDGE ( 'NONE', *, *, #8133, .F. ) ;
#5923 = DIRECTION ( 'NONE',  ( 1.000000000000000000, -1.668003342285391100E-017, 0.0000000000000000000 ) ) ;
#5924 = VERTEX_POINT ( 'NONE', #5948 ) ;
#5925 = UNCERTAINTY_MEASURE_WITH_UNIT (LENGTH_MEASURE( 1.000000000000000100E-005 ), #9519, 'distance_accuracy_value', 'NONE');
#5926 = ORIENTED_EDGE ( 'NONE', *, *, #9964, .T. ) ;
#5927 = CIRCLE ( 'NONE', #1584, 0.5000000000000004400 ) ;
#5928 = CARTESIAN_POINT ( 'NONE',  ( -13.34000000000000200, -4.815124837953328000, 1.299999999999999600 ) ) ;
#5929 = CARTESIAN_POINT ( 'NONE',  ( -21.30000000000000100, -2.850000000000001000, 7.000000000000000000 ) ) ;
#5930 = DIRECTION ( 'NONE',  ( -0.0000000000000000000, -0.0000000000000000000, 1.000000000000000000 ) ) ;
#5931 = DIRECTION ( 'NONE',  ( 0.0000000000000000000, 0.0000000000000000000, 1.000000000000000000 ) ) ;
#5932 = MECHANICAL_DESIGN_GEOMETRIC_PRESENTATION_REPRESENTATION (  '', ( #4097 ), #6565 ) ;
#5933 = VERTEX_POINT ( 'NONE', #11429 ) ;
#5934 = AXIS2_PLACEMENT_3D ( 'NONE', #11253, #5750, #236 ) ;
#5935 = CARTESIAN_POINT ( 'NONE',  ( -30.00000000000000400, -2.900000000000000400, -47.00000000000001400 ) ) ;
#5936 = ADVANCED_FACE ( 'NONE', ( #64 ), #9615, .F. ) ;
#5937 = EDGE_CURVE ( 'NONE', #2195, #10179, #8990, .T. ) ;
#5938 = ORIENTED_EDGE ( 'NONE', *, *, #303, .F. ) ;
#5939 = VECTOR ( 'NONE', #4635, 1000.000000000000000 ) ;
#5940 = FILL_AREA_STYLE_COLOUR ( '', #6892 ) ;
#5941 = CARTESIAN_POINT ( 'NONE',  ( 20.55000000000000100, -0.1693537846790077700, 6.899999999999999500 ) ) ;
#5942 = SURFACE_STYLE_FILL_AREA ( #6052 ) ;
#5943 = FILL_AREA_STYLE ('',( #7854 ) ) ;
#5944 = CARTESIAN_POINT ( 'NONE',  ( 9.200000000000001100, -0.8100000000000042700, 0.6999999999999992900 ) ) ;
#5945 = VERTEX_POINT ( 'NONE', #3247 ) ;
#5946 =( LENGTH_UNIT ( ) NAMED_UNIT ( * ) SI_UNIT ( .MILLI., .METRE. ) );
#5947 = LINE ( 'NONE', #416, #10861 ) ;
#5948 = CARTESIAN_POINT ( 'NONE',  ( 11.79999999999999900, -0.8100000000000042700, 0.7000000000000021800 ) ) ;
#5949 = ORIENTED_EDGE ( 'NONE', *, *, #5937, .T. ) ;
#5950 = CARTESIAN_POINT ( 'NONE',  ( 18.55000000000000100, -2.850000000000001000, 5.100000000000000500 ) ) ;
#5951 = EDGE_LOOP ( 'NONE', ( #2903, #3947, #11177, #2498 ) ) ;
#5952 = ADVANCED_FACE ( 'NONE', ( #6547 ), #11434, .T. ) ;
#5953 = FACE_OUTER_BOUND ( 'NONE', #6462, .T. ) ;
#5954 = CARTESIAN_POINT ( 'NONE',  ( -18.39999999999999100, -1.099999999999999900, -49.39999999999999900 ) ) ;
#5955 = PLANE ( 'NONE',  #11589 ) ;
#5956 = EDGE_CURVE ( 'NONE', #5882, #8950, #4098, .T. ) ;
#5957 = PRESENTATION_LAYER_ASSIGNMENT (  '', '', ( #6588 ) ) ;
#5958 = CARTESIAN_POINT ( 'NONE',  ( -19.71064621532100200, -0.1693537846790080000, 6.899999999999999500 ) ) ;
#5959 = CARTESIAN_POINT ( 'NONE',  ( -33.00000000000000000, 3.500000000000000000, -48.00000000000000000 ) ) ;
#5960 = MECHANICAL_DESIGN_GEOMETRIC_PRESENTATION_REPRESENTATION (  '', ( #3524 ), #6590 ) ;
#5961 = CARTESIAN_POINT ( 'NONE',  ( -32.99999999999998600, 2.899999999999999900, -48.00000000000000000 ) ) ;
#5962 = CARTESIAN_POINT ( 'NONE',  ( 0.0000000000000000000, 1.069999999999999800, 0.2649999999999998500 ) ) ;
#5963 = DIRECTION ( 'NONE',  ( 0.0000000000000000000, 0.0000000000000000000, -1.000000000000000000 ) ) ;
#5964 = COLOUR_RGB ( '',0.9686274509803921600, 0.8784313725490196000, 0.5999999999999999800 ) ;
#5965 = ORIENTED_EDGE ( 'NONE', *, *, #10618, .T. ) ;
#5966 = CIRCLE ( 'NONE', #9476, 0.5000000000000004400 ) ;
#5967 = AXIS2_PLACEMENT_3D ( 'NONE', #10928, #5409, #11836 ) ;
#5968 = LINE ( 'NONE', #1208, #1684 ) ;
#5969 = CARTESIAN_POINT ( 'NONE',  ( -32.20000000000000300, 2.150000000000010600, 48.00000000000000000 ) ) ;
#5970 = FILL_AREA_STYLE_COLOUR ( '', #11307 ) ;
#5971 = CARTESIAN_POINT ( 'NONE',  ( -20.55000000000000100, 0.6699999999999918200, 5.099999999999999600 ) ) ;
#5972 = CIRCLE ( 'NONE', #10216, 0.5000000000000004400 ) ;
#5973 = DIRECTION ( 'NONE',  ( -0.0000000000000000000, 1.000000000000000000, -0.0000000000000000000 ) ) ;
#5974 = PLANE ( 'NONE',  #7935 ) ;
#5975 = VERTEX_POINT ( 'NONE', #1431 ) ;
#5976 = ORIENTED_EDGE ( 'NONE', *, *, #4835, .F. ) ;
#5977 = DIRECTION ( 'NONE',  ( 0.0000000000000000000, 0.0000000000000000000, 1.000000000000000000 ) ) ;
#5978 = CIRCLE ( 'NONE', #3571, 0.5000000000000004400 ) ;
#5979 = CARTESIAN_POINT ( 'NONE',  ( 1.199999999999999700, 1.775737858763661700E-016, -1.000000000000000000 ) ) ;
#5980 = VERTEX_POINT ( 'NONE', #10584 ) ;
#5981 = DIRECTION ( 'NONE',  ( 0.0000000000000000000, -0.9063077870366496000, 0.4226182617407002700 ) ) ;
#5982 = LINE ( 'NONE', #11670, #10308 ) ;
#5983 = MECHANICAL_DESIGN_GEOMETRIC_PRESENTATION_REPRESENTATION (  '', ( #4143 ), #6609 ) ;
#5984 = LINE ( 'NONE', #6787, #3567 ) ;
#5985 = CARTESIAN_POINT ( 'NONE',  ( 0.0000000000000000000, 2.326828918379969900E-016, -1.899999999999999000 ) ) ;
#5986 =( NAMED_UNIT ( * ) SI_UNIT ( $, .STERADIAN. ) SOLID_ANGLE_UNIT ( ) );
#5987 = VERTEX_POINT ( 'NONE', #5994 ) ;
#5988 = DIRECTION ( 'NONE',  ( -0.7071067811865477900, 0.7071067811865473500, 0.0000000000000000000 ) ) ;
#5989 = DIRECTION ( 'NONE',  ( -2.409338161078899700E-016, -1.000000000000000000, -1.899788849813798600E-031 ) ) ;
#5990 = AXIS2_PLACEMENT_3D ( 'NONE', #3726, #2842, #9266 ) ;
#5991 = EDGE_CURVE ( 'NONE', #8589, #1412, #6256, .T. ) ;
#5992 = CARTESIAN_POINT ( 'NONE',  ( 35.00000000000001400, 0.4999999999999998900, 39.34999999999999400 ) ) ;
#5993 = EDGE_CURVE ( 'NONE', #9598, #9444, #11725, .T. ) ;
#5994 = CARTESIAN_POINT ( 'NONE',  ( -34.39999999999999900, -2.900000000000000400, -39.00000000000000700 ) ) ;
#5995 = ORIENTED_EDGE ( 'NONE', *, *, #2171, .T. ) ;
#5996 = DIRECTION ( 'NONE',  ( 0.0000000000000000000, -1.000000000000000000, 0.0000000000000000000 ) ) ;
#5997 = VERTEX_POINT ( 'NONE', #11553 ) ;
#5998 = LINE ( 'NONE', #178, #10906 ) ;
#5999 = DIRECTION ( 'NONE',  ( 0.0000000000000000000, 0.0000000000000000000, 1.000000000000000000 ) ) ;
#6000 = VECTOR ( 'NONE', #201, 1000.000000000000000 ) ;
#6001 = DIRECTION ( 'NONE',  ( -0.08572225787319878700, 0.9963190726394436400, 3.306490268473496700E-015 ) ) ;
#6002 = VECTOR ( 'NONE', #4666, 1000.000000000000000 ) ;
#6003 =( NAMED_UNIT ( * ) PLANE_ANGLE_UNIT ( ) SI_UNIT ( $, .RADIAN. ) );
#6004 = EDGE_LOOP ( 'NONE', ( #7028, #9075, #5569, #8882 ) ) ;
#6005 = CARTESIAN_POINT ( 'NONE',  ( -32.00000000000000000, 9.722539674441609500, -45.00000000000001400 ) ) ;
#6006 = ADVANCED_FACE ( 'NONE', ( #1673 ), #4194, .F. ) ;
#6007 = DIRECTION ( 'NONE',  ( 0.0000000000000000000, 1.000000000000000000, 0.0000000000000000000 ) ) ;
#6008 = EDGE_LOOP ( 'NONE', ( #3863, #1314, #200, #1876 ) ) ;
#6009 = EDGE_CURVE ( 'NONE', #10946, #1413, #503, .T. ) ;
#6010 = VERTEX_POINT ( 'NONE', #2431 ) ;
#6011 = VERTEX_POINT ( 'NONE', #8844 ) ;
#6012 = VECTOR ( 'NONE', #9727, 1000.000000000000000 ) ;
#6013 = AXIS2_PLACEMENT_3D ( 'NONE', #11547, #10665, #5150 ) ;
#6014 = CARTESIAN_POINT ( 'NONE',  ( 28.00000000000000400, -1.099999999999999900, -49.39999999999999900 ) ) ;
#6015 = ORIENTED_EDGE ( 'NONE', *, *, #1046, .F. ) ;
#6016 = DIRECTION ( 'NONE',  ( 0.0000000000000000000, 0.0000000000000000000, -1.000000000000000000 ) ) ;
#6017 = FILL_AREA_STYLE ('',( #11525 ) ) ;
#6018 = EDGE_CURVE ( 'NONE', #8962, #9101, #7539, .T. ) ;
#6019 =( LENGTH_UNIT ( ) NAMED_UNIT ( * ) SI_UNIT ( .MILLI., .METRE. ) );
#6020 = DIRECTION ( 'NONE',  ( -0.0000000000000000000, -1.000000000000000000, -0.0000000000000000000 ) ) ;
#6021 = CARTESIAN_POINT ( 'NONE',  ( 0.0000000000000000000, 0.0000000000000000000, 5.099999999999999600 ) ) ;
#6022 = ADVANCED_FACE ( 'NONE', ( #9985 ), #7262, .F. ) ;
#6023 = ORIENTED_EDGE ( 'NONE', *, *, #3164, .T. ) ;
#6024 = COLOUR_RGB ( '',0.9686274509803921600, 0.8784313725490196000, 0.5999999999999999800 ) ;
#6025 = ORIENTED_EDGE ( 'NONE', *, *, #7527, .F. ) ;
#6027 = CARTESIAN_POINT ( 'NONE',  ( -9.999999999999998200, -0.8100000000000012700, 5.099999999999999600 ) ) ;
#6026 = CIRCLE ( 'NONE', #4220, 0.7999999999999951600 ) ;
#6028 = CARTESIAN_POINT ( 'NONE',  ( 20.55000000000000100, -2.010000000000008200, 5.099999999999999600 ) ) ;
#6029 = DIRECTION ( 'NONE',  ( 0.0000000000000000000, 0.0000000000000000000, 1.000000000000000000 ) ) ;
#6030 = DIRECTION ( 'NONE',  ( -0.0000000000000000000, -1.000000000000000000, -0.0000000000000000000 ) ) ;
#6031 = CARTESIAN_POINT ( 'NONE',  ( -20.55000000000000100, 1.949999999999992000, 0.0000000000000000000 ) ) ;
#6032 = DIRECTION ( 'NONE',  ( -1.000000000000000000, 0.0000000000000000000, 0.0000000000000000000 ) ) ;
#6033 = EDGE_CURVE ( 'NONE', #8707, #10035, #203, .T. ) ;
#6034 = VECTOR ( 'NONE', #4193, 1000.000000000000000 ) ;
#6035 = AXIS2_PLACEMENT_3D ( 'NONE', #10084, #915, #11021 ) ;
#6036 = CARTESIAN_POINT ( 'NONE',  ( 30.86000000000001700, 1.999999999999999600, 39.34999999999998000 ) ) ;
#6037 = EDGE_CURVE ( 'NONE', #9771, #2566, #9704, .T. ) ;
#6038 = VECTOR ( 'NONE', #7636, 1000.000000000000000 ) ;
#6039 =( GEOMETRIC_REPRESENTATION_CONTEXT ( 3 ) GLOBAL_UNCERTAINTY_ASSIGNED_CONTEXT ( ( #581 ) ) GLOBAL_UNIT_ASSIGNED_CONTEXT ( ( #7644, #2141, #8558 ) ) REPRESENTATION_CONTEXT ( 'NONE', 'WORKASPACE' ) );
#6040 = ORIENTED_EDGE ( 'NONE', *, *, #6009, .T. ) ;
#6041 = FILL_AREA_STYLE ('',( #540 ) ) ;
#6042 = CARTESIAN_POINT ( 'NONE',  ( -34.40000000000001300, 0.2999999999999999900, -49.39999999999999900 ) ) ;
#6043 =( NAMED_UNIT ( * ) SI_UNIT ( $, .STERADIAN. ) SOLID_ANGLE_UNIT ( ) );
#6044 = CARTESIAN_POINT ( 'NONE',  ( -16.94999999999999200, -3.500000000000005300, -43.20000000000000300 ) ) ;
#6045 = CARTESIAN_POINT ( 'NONE',  ( 0.0000000000000000000, 1.069999999999999800, -0.2649999999999991800 ) ) ;
#6046 = AXIS2_PLACEMENT_3D ( 'NONE', #3081, #9493, #3996 ) ;
#6047 = FACE_OUTER_BOUND ( 'NONE', #7793, .T. ) ;
#6048 = DIRECTION ( 'NONE',  ( 1.000000000000000000, 0.0000000000000000000, 0.0000000000000000000 ) ) ;
#6049 = EDGE_LOOP ( 'NONE', ( #11205, #1058, #3413, #8630 ) ) ;
#6050 = EDGE_CURVE ( 'NONE', #4856, #9037, #2955, .T. ) ;
#6051 = VERTEX_POINT ( 'NONE', #10753 ) ;
#6052 = FILL_AREA_STYLE ('',( #11559 ) ) ;
#6053 = STYLED_ITEM ( 'NONE', ( #2211 ), #3681 ) ;
#6054 = SURFACE_STYLE_FILL_AREA ( #10273 ) ;
#6055 = FILL_AREA_STYLE_COLOUR ( '', #11323 ) ;
#6056 = DIRECTION ( 'NONE',  ( -0.0000000000000000000, -0.0000000000000000000, 1.000000000000000000 ) ) ;
#6057 = DIRECTION ( 'NONE',  ( -0.0000000000000000000, 1.000000000000000000, -0.0000000000000000000 ) ) ;
#6058 = ORIENTED_EDGE ( 'NONE', *, *, #2586, .T. ) ;
#6059 = CARTESIAN_POINT ( 'NONE',  ( 15.69999999999999900, -0.9100000000000072500, 1.300000000000002500 ) ) ;
#6060 = AXIS2_PLACEMENT_3D ( 'NONE', #3226, #9638, #4132 ) ;
#6061 = ORIENTED_EDGE ( 'NONE', *, *, #5993, .T. ) ;
#6062 = ORIENTED_EDGE ( 'NONE', *, *, #5583, .F. ) ;
#6063 = ADVANCED_FACE ( 'NONE', ( #11858 ), #3410, .F. ) ;
#6064 = EDGE_CURVE ( 'NONE', #10479, #2081, #6982, .T. ) ;
#6065 = LINE ( 'NONE', #11741, #10684 ) ;
#6066 = ORIENTED_EDGE ( 'NONE', *, *, #6285, .F. ) ;
#6067 = CARTESIAN_POINT ( 'NONE',  ( 0.3000000000000042600, 0.0000000000000000000, 0.0000000000000000000 ) ) ;
#6068 = CARTESIAN_POINT ( 'NONE',  ( 32.20000000000000300, -2.100000000000000100, -47.20000000000000300 ) ) ;
#6069 = DIRECTION ( 'NONE',  ( 1.668003342285391100E-017, 1.000000000000000000, -0.0000000000000000000 ) ) ;
#6070 = CARTESIAN_POINT ( 'NONE',  ( 10.50000000000000000, -4.815124837953334200, 5.099999999999999600 ) ) ;
#6071 = ORIENTED_EDGE ( 'NONE', *, *, #4835, .T. ) ;
#6072 = CARTESIAN_POINT ( 'NONE',  ( -16.34000000000000000, -0.8100000000000003900, 5.099999999999999600 ) ) ;
#6073 = VERTEX_POINT ( 'NONE', #11711 ) ;
#6074 = CARTESIAN_POINT ( 'NONE',  ( 13.99999999999999800, -5.401102314577126900, 5.099999999999999600 ) ) ;
#6075 = CLOSED_SHELL ( 'NONE', ( #2103, #5936, #9020, #3392, #11691, #11256, #7346, #4524, #8721, #1333, #8904, #11610, #10673, #9928, #9629, #1974, #6207, #2160, #8828, #9437, #6329, #1395, #3452, #9218, #7646, #6063, #1809, #2645, #3012, #1453, #10594, #7228, #11754, #10784, #4694, #4036, #11372, #1580, #4878, #6076, #7289, #784, #463, #723, #5657, #4094, #8649, #8978, #4331, #4914, #7963, #5783, #4862, #6999, #6250, #5049, #5365, #1626, #10240, #4965, #5222, #38, #10427, #7068, #923, #4684, #5768, #6006, #7164, #6621, #9640, #2603, #3796, #2222, #9555, #9806, #7779, #4082, #4405, #4924, #334, #9819, #7052, #1214, #2410, #4207, #11864, #1149, #5032, #800, #8961, #4983, #9879, #656, #11089, #9499, #599, #11926, #6689, #11570, #9089, #10842, #2035, #2270, #9864, #11142, #9574, #10796, #984, #11327, #10409, #1495, #6313, #6676, #8781, #10920, #158, #2286, #3177, #2520, #11389, #3119, #8916, #10112, #7630, #5178, #6988, #11797, #6943, #7829, #11809, #9339, #397, #736, #11674, #1275, #6142, #3377, #2776, #8523, #527, #8212, #1682, #479, #1380 ) ) ;
#6076 = ADVANCED_FACE ( 'NONE', ( #4533 ), #1604, .F. ) ;
#6077 = CARTESIAN_POINT ( 'NONE',  ( -10.90000000000000000, -4.815124837953328000, 5.100000000000000500 ) ) ;
#6078 = VERTEX_POINT ( 'NONE', #4364 ) ;
#6079 = AXIS2_PLACEMENT_3D ( 'NONE', #2760, #5528, #2 ) ;
#6080 = SURFACE_SIDE_STYLE ('',( #8039 ) ) ;
#6081 = EDGE_CURVE ( 'NONE', #7156, #108, #2076, .T. ) ;
#6082 = DIRECTION ( 'NONE',  ( -0.0000000000000000000, 0.0000000000000000000, -1.000000000000000000 ) ) ;
#6083 = MECHANICAL_DESIGN_GEOMETRIC_PRESENTATION_REPRESENTATION (  '', ( #4852 ), #6701 ) ;
#6084 =( BOUNDED_CURVE ( )  B_SPLINE_CURVE ( 3, ( #1676, #5327, #9938, #4444 ),
 .UNSPECIFIED., .F., .F. ) 
 B_SPLINE_CURVE_WITH_KNOTS ( ( 4, 4 ),
 ( 4.712388980384689700, 7.853981633974482800 ),
 .UNSPECIFIED. ) 
 CURVE ( )  GEOMETRIC_REPRESENTATION_ITEM ( )  RATIONAL_B_SPLINE_CURVE ( ( 1.000000000000000000, 0.3333333333333333700, 0.3333333333333333700, 1.000000000000000000 ) ) 
 REPRESENTATION_ITEM ( '' )  );
#6085 = ORIENTED_EDGE ( 'NONE', *, *, #2228, .T. ) ;
#6086 = CARTESIAN_POINT ( 'NONE',  ( -3.999999999999997300, -1.950000000000001100, 5.099999999999999600 ) ) ;
#6087 = LINE ( 'NONE', #1147, #10990 ) ;
#6088 = VECTOR ( 'NONE', #6216, 1000.000000000000000 ) ;
#6089 = ORIENTED_EDGE ( 'NONE', *, *, #5447, .T. ) ;
#6090 = CARTESIAN_POINT ( 'NONE',  ( -35.00000000000000000, -3.000000000000000400, -49.50000000000000000 ) ) ;
#6091 = CARTESIAN_POINT ( 'NONE',  ( 5.300000000000002500, -5.401102314577125100, 5.099999999999999600 ) ) ;
#6092 = ORIENTED_EDGE ( 'NONE', *, *, #2657, .T. ) ;
#6093 = DIRECTION ( 'NONE',  ( -1.000000000000000000, -0.0000000000000000000, -0.0000000000000000000 ) ) ;
#6094 = DIRECTION ( 'NONE',  ( 0.0000000000000000000, 0.0000000000000000000, 1.000000000000000000 ) ) ;
#6095 = EDGE_LOOP ( 'NONE', ( #9219, #3251, #4727, #1622 ) ) ;
#6096 = LINE ( 'NONE', #8362, #3669 ) ;
#6097 = AXIS2_PLACEMENT_3D ( 'NONE', #9100, #3618, #10025 ) ;
#6098 = CYLINDRICAL_SURFACE ( 'NONE', #1875, 1.000000000000000900 ) ;
#6099 = LINE ( 'NONE', #7376, #1224 ) ;
#6100 = EDGE_CURVE ( 'NONE', #4458, #6597, #5090, .T. ) ;
#6101 = AXIS2_PLACEMENT_3D ( 'NONE', #5795, #9521, #4023 ) ;
#6102 = EDGE_CURVE ( 'NONE', #743, #5723, #11572, .T. ) ;
#6103 = EDGE_CURVE ( 'NONE', #6545, #8901, #6679, .T. ) ;
#6104 = PRESENTATION_STYLE_ASSIGNMENT (( #6733 ) ) ;
#6105 = ORIENTED_EDGE ( 'NONE', *, *, #2703, .T. ) ;
#6106 = EDGE_LOOP ( 'NONE', ( #6275, #11533, #1089, #10770, #10380, #9023, #5311, #2939 ) ) ;
#6107 = ORIENTED_EDGE ( 'NONE', *, *, #11179, .T. ) ;
#6108 = CARTESIAN_POINT ( 'NONE',  ( -3.999999999999997300, -1.950000000000001100, 0.0000000000000000000 ) ) ;
#6109 = VECTOR ( 'NONE', #9498, 1000.000000000000000 ) ;
#6110 = CARTESIAN_POINT ( 'NONE',  ( -30.85999999999999600, 1.999999999999999600, 39.34999999999998000 ) ) ;
#6111 = DIRECTION ( 'NONE',  ( -1.000000000000000000, 0.0000000000000000000, 0.0000000000000000000 ) ) ;
#6112 =( GEOMETRIC_REPRESENTATION_CONTEXT ( 3 ) GLOBAL_UNCERTAINTY_ASSIGNED_CONTEXT ( ( #1891 ) ) GLOBAL_UNIT_ASSIGNED_CONTEXT ( ( #8494, #3017, #9423 ) ) REPRESENTATION_CONTEXT ( 'NONE', 'WORKASPACE' ) );
#6113 = SURFACE_STYLE_USAGE ( .BOTH. , #11620 ) ;
#6114 = CARTESIAN_POINT ( 'NONE',  ( 32.20000000000000300, 2.150000000000010600, -47.20000000000000300 ) ) ;
#6115 = CIRCLE ( 'NONE', #7513, 1.000000000000000000 ) ;
#6116 = VECTOR ( 'NONE', #2690, 1000.000000000000000 ) ;
#6117 = ORIENTED_EDGE ( 'NONE', *, *, #10507, .T. ) ;
#6118 =( NAMED_UNIT ( * ) PLANE_ANGLE_UNIT ( ) SI_UNIT ( $, .RADIAN. ) );
#6119 = EDGE_CURVE ( 'NONE', #7585, #2648, #4240, .T. ) ;
#6120 = STYLED_ITEM ( 'NONE', ( #5701 ), #8586 ) ;
#6121 =( NAMED_UNIT ( * ) PLANE_ANGLE_UNIT ( ) SI_UNIT ( $, .RADIAN. ) );
#6122 = DIRECTION ( 'NONE',  ( -0.0000000000000000000, -1.000000000000000000, -0.0000000000000000000 ) ) ;
#6123 = AXIS2_PLACEMENT_3D ( 'NONE', #2970, #10360, #5736 ) ;
#6124 = ADVANCED_FACE ( 'NONE', ( #11003 ), #6098, .F. ) ;
#6125 = VERTEX_POINT ( 'NONE', #10876 ) ;
#6126 = VECTOR ( 'NONE', #3163, 1000.000000000000000 ) ;
#6127 = CARTESIAN_POINT ( 'NONE',  ( -8.699999999999997500, -0.9100000000000007000, 1.299999999999999600 ) ) ;
#6128 = LINE ( 'NONE', #2990, #6000 ) ;
#6129 = FACE_OUTER_BOUND ( 'NONE', #5672, .T. ) ;
#6130 = CARTESIAN_POINT ( 'NONE',  ( -30.00000000000000400, 2.899999999999999900, 48.89999999999999900 ) ) ;
#6131 = EDGE_LOOP ( 'NONE', ( #9674, #5865, #5486, #6834 ) ) ;
#6132 = PRESENTATION_LAYER_ASSIGNMENT (  '', '', ( #4891 ) ) ;
#6133 = FILL_AREA_STYLE_COLOUR ( '', #6550 ) ;
#6134 = COLOUR_RGB ( '',0.9686274509803921600, 0.8784313725490196000, 0.5999999999999999800 ) ;
#6135 = CARTESIAN_POINT ( 'NONE',  ( 26.55000000000000400, -2.900000000000000400, 0.0000000000000000000 ) ) ;
#6136 = CARTESIAN_POINT ( 'NONE',  ( 20.55000000000000100, 1.269999999999991800, 0.0000000000000000000 ) ) ;
#6137 = CARTESIAN_POINT ( 'NONE',  ( 2.300000000000001600, -5.401102314577125100, 5.099999999999999600 ) ) ;
#6138 = VERTEX_POINT ( 'NONE', #5363 ) ;
#6139 =( LENGTH_UNIT ( ) NAMED_UNIT ( * ) SI_UNIT ( .MILLI., .METRE. ) );
#6140 = LINE ( 'NONE', #2695, #1262 ) ;
#6141 = LINE ( 'NONE', #8897, #11040 ) ;
#6142 = ADVANCED_FACE ( 'NONE', ( #1222 ), #6282, .F. ) ;
#6143 = LINE ( 'NONE', #4167, #3714 ) ;
#6145 = SURFACE_SIDE_STYLE ('',( #7443 ) ) ;
#6144 = FACE_OUTER_BOUND ( 'NONE', #11780, .T. ) ;
#6146 = COLOUR_RGB ( '',0.9686274509803921600, 0.8784313725490196000, 0.5999999999999999800 ) ;
#6147 = EDGE_LOOP ( 'NONE', ( #6840, #1343, #4078, #8873 ) ) ;
#6148 = DIRECTION ( 'NONE',  ( -1.000000000000000000, -0.0000000000000000000, -0.0000000000000000000 ) ) ;
#6149 = ORIENTED_EDGE ( 'NONE', *, *, #877, .T. ) ;
#6150 =( GEOMETRIC_REPRESENTATION_CONTEXT ( 3 ) GLOBAL_UNCERTAINTY_ASSIGNED_CONTEXT ( ( #10142 ) ) GLOBAL_UNIT_ASSIGNED_CONTEXT ( ( #3310, #9716, #4388 ) ) REPRESENTATION_CONTEXT ( 'NONE', 'WORKASPACE' ) );
#6151 = FILL_AREA_STYLE_COLOUR ( '', #1850 ) ;
#6152 = VECTOR ( 'NONE', #5539, 1000.000000000000000 ) ;
#6153 = CARTESIAN_POINT ( 'NONE',  ( 30.86000000000000700, 10.74102034176674400, -38.50000000000000700 ) ) ;
#6154 = PLANE ( 'NONE',  #4317 ) ;
#6155 = DIRECTION ( 'NONE',  ( 0.0000000000000000000, -1.000000000000000000, -0.0000000000000000000 ) ) ;
#6156 = ORIENTED_EDGE ( 'NONE', *, *, #6776, .F. ) ;
#6157 = PLANE ( 'NONE',  #10957 ) ;
#6158 = MECHANICAL_DESIGN_GEOMETRIC_PRESENTATION_REPRESENTATION (  '', ( #4906 ), #6775 ) ;
#6160 = EDGE_CURVE ( 'NONE', #7923, #4394, #7675, .T. ) ;
#6159 = VERTEX_POINT ( 'NONE', #839 ) ;
#6161 = UNCERTAINTY_MEASURE_WITH_UNIT (LENGTH_MEASURE( 1.000000000000000100E-005 ), #8246, 'distance_accuracy_value', 'NONE');
#6162 = EDGE_CURVE ( 'NONE', #5009, #9546, #11281, .T. ) ;
#6163 = VECTOR ( 'NONE', #3157, 1000.000000000000000 ) ;
#6164 = CARTESIAN_POINT ( 'NONE',  ( -20.55000000000000100, 1.949999999999992000, 5.099999999999999600 ) ) ;
#6165 = EDGE_LOOP ( 'NONE', ( #4772, #69, #5347, #4380 ) ) ;
#6166 = CYLINDRICAL_SURFACE ( 'NONE', #7652, 1.399999999999998600 ) ;
#6167 = DIRECTION ( 'NONE',  ( -1.000000000000000000, -0.0000000000000000000, -0.0000000000000000000 ) ) ;
#6168 = VECTOR ( 'NONE', #9561, 1000.000000000000000 ) ;
#6169 = DIRECTION ( 'NONE',  ( 0.0000000000000000000, 1.000000000000000000, 0.0000000000000000000 ) ) ;
#6170 = ORIENTED_EDGE ( 'NONE', *, *, #10435, .F. ) ;
#6171 = PLANE ( 'NONE',  #4953 ) ;
#6172 = ORIENTED_EDGE ( 'NONE', *, *, #95, .T. ) ;
#6173 = ORIENTED_EDGE ( 'NONE', *, *, #3192, .F. ) ;
#6174 = VECTOR ( 'NONE', #9762, 1000.000000000000000 ) ;
#6175 = ORIENTED_EDGE ( 'NONE', *, *, #7807, .F. ) ;
#6176 = CARTESIAN_POINT ( 'NONE',  ( 9.200000000000001100, -0.9100000000000060300, 5.099999999999999600 ) ) ;
#6177 = DIRECTION ( 'NONE',  ( 0.0000000000000000000, 1.000000000000000000, 0.0000000000000000000 ) ) ;
#6178 = AXIS2_PLACEMENT_3D ( 'NONE', #1285, #7690, #2185 ) ;
#6179 = ORIENTED_EDGE ( 'NONE', *, *, #11579, .F. ) ;
#6180 =( LENGTH_UNIT ( ) NAMED_UNIT ( * ) SI_UNIT ( .MILLI., .METRE. ) );
#6181 = SURFACE_STYLE_FILL_AREA ( #5943 ) ;
#6182 = CARTESIAN_POINT ( 'NONE',  ( -18.55000000000000400, 1.269999999999992000, -2.088061301782108400 ) ) ;
#6183 = AXIS2_PLACEMENT_3D ( 'NONE', #8190, #6363, #891 ) ;
#6184 = VERTEX_POINT ( 'NONE', #7247 ) ;
#6185 = FACE_OUTER_BOUND ( 'NONE', #11207, .T. ) ;
#6186 = EDGE_CURVE ( 'NONE', #5652, #244, #7395, .T. ) ;
#6187 =( LENGTH_UNIT ( ) NAMED_UNIT ( * ) SI_UNIT ( .MILLI., .METRE. ) );
#6188 = DIRECTION ( 'NONE',  ( -0.9063077870366496000, 0.0000000000000000000, 0.4226182617407002700 ) ) ;
#6189 = DIRECTION ( 'NONE',  ( 0.0000000000000000000, -1.000000000000000000, -0.0000000000000000000 ) ) ;
#6190 = PRESENTATION_STYLE_ASSIGNMENT (( #3990 ) ) ;
#6191 = ADVANCED_FACE ( 'NONE', ( #9839 ), #2678, .F. ) ;
#6192 = LINE ( 'NONE', #7487, #8347 ) ;
#6193 = ORIENTED_EDGE ( 'NONE', *, *, #3328, .F. ) ;
#6194 = ORIENTED_EDGE ( 'NONE', *, *, #8676, .T. ) ;
#6195 = DIRECTION ( 'NONE',  ( 1.000000000000000000, 0.0000000000000000000, 2.409338161078899700E-016 ) ) ;
#6196 = FILL_AREA_STYLE_COLOUR ( '', #8733 ) ;
#6197 = DIRECTION ( 'NONE',  ( 0.0000000000000000000, 0.0000000000000000000, 1.000000000000000000 ) ) ;
#6198 = DIRECTION ( 'NONE',  ( -1.000000000000000000, 0.0000000000000000000, 0.0000000000000000000 ) ) ;
#6199 = EDGE_CURVE ( 'NONE', #4799, #4093, #5239, .T. ) ;
#6200 = DIRECTION ( 'NONE',  ( 1.668003342285391100E-017, 1.000000000000000000, -0.0000000000000000000 ) ) ;
#6201 =( GEOMETRIC_REPRESENTATION_CONTEXT ( 3 ) GLOBAL_UNCERTAINTY_ASSIGNED_CONTEXT ( ( #1826 ) ) GLOBAL_UNIT_ASSIGNED_CONTEXT ( ( #10011, #4522, #10952 ) ) REPRESENTATION_CONTEXT ( 'NONE', 'WORKASPACE' ) );
#6202 = LINE ( 'NONE', #6374, #5897 ) ;
#6203 = VECTOR ( 'NONE', #1517, 1000.000000000000000 ) ;
#6204 = COLOUR_RGB ( '',0.9686274509803921600, 0.8784313725490196000, 0.5999999999999999800 ) ;
#6205 = SURFACE_SIDE_STYLE ('',( #6456 ) ) ;
#6206 = ORIENTED_EDGE ( 'NONE', *, *, #7541, .T. ) ;
#6207 = ADVANCED_FACE ( 'NONE', ( #341 ), #9125, .F. ) ;
#6208 = CARTESIAN_POINT ( 'NONE',  ( 3.600000000000001400, -5.401102314577125100, 5.099999999999999600 ) ) ;
#6209 = DIRECTION ( 'NONE',  ( -1.000000000000000000, 1.392979236598078500E-016, 0.0000000000000000000 ) ) ;
#6210 = ORIENTED_EDGE ( 'NONE', *, *, #11313, .F. ) ;
#6211 = MECHANICAL_DESIGN_GEOMETRIC_PRESENTATION_REPRESENTATION (  '', ( #4372 ), #6825 ) ;
#6212 = ORIENTED_EDGE ( 'NONE', *, *, #10656, .T. ) ;
#6213 =( LENGTH_UNIT ( ) NAMED_UNIT ( * ) SI_UNIT ( .MILLI., .METRE. ) );
#6214 = EDGE_CURVE ( 'NONE', #5843, #4168, #52, .T. ) ;
#6215 = LINE ( 'NONE', #6517, #6508 ) ;
#6216 = DIRECTION ( 'NONE',  ( 0.0000000000000000000, -1.000000000000000000, 0.0000000000000000000 ) ) ;
#6217 = ORIENTED_EDGE ( 'NONE', *, *, #8458, .F. ) ;
#6218 = ORIENTED_EDGE ( 'NONE', *, *, #1607, .T. ) ;
#6219 = EDGE_LOOP ( 'NONE', ( #10764, #7596, #1683, #8501, #3834, #304 ) ) ;
#6220 = CARTESIAN_POINT ( 'NONE',  ( 26.55000000000000400, -3.000000000000000400, -49.50000000000000000 ) ) ;
#6221 = DIRECTION ( 'NONE',  ( 0.0000000000000000000, 0.0000000000000000000, 1.000000000000000000 ) ) ;
#6222 = PRESENTATION_STYLE_ASSIGNMENT (( #4150 ) ) ;
#6223 = DIRECTION ( 'NONE',  ( 1.000000000000000000, 0.0000000000000000000, 2.409338161078899700E-016 ) ) ;
#6224 = AXIS2_PLACEMENT_3D ( 'NONE', #2708, #9119, #3631 ) ;
#6225 = SURFACE_SIDE_STYLE ('',( #1114 ) ) ;
#6226 = ORIENTED_EDGE ( 'NONE', *, *, #7467, .T. ) ;
#6227 = VERTEX_POINT ( 'NONE', #920 ) ;
#6228 = DIRECTION ( 'NONE',  ( 1.668003342285391100E-017, 1.000000000000000000, 0.0000000000000000000 ) ) ;
#6229 = AXIS2_PLACEMENT_3D ( 'NONE', #6847, #4070, #7818 ) ;
#6230 = ORIENTED_EDGE ( 'NONE', *, *, #9392, .T. ) ;
#6231 = EDGE_CURVE ( 'NONE', #3851, #11816, #11715, .T. ) ;
#6232 = ORIENTED_EDGE ( 'NONE', *, *, #3115, .T. ) ;
#6233 = LINE ( 'NONE', #3842, #3798 ) ;
#6234 = DIRECTION ( 'NONE',  ( 1.668003342285391100E-017, 1.000000000000000000, -0.0000000000000000000 ) ) ;
#6235 = PLANE ( 'NONE',  #2964 ) ;
#6236 = DIRECTION ( 'NONE',  ( 1.668003342285391100E-017, 1.000000000000000000, -0.0000000000000000000 ) ) ;
#6237 = DIRECTION ( 'NONE',  ( -1.204669080539449800E-016, 1.678079016163151600E-032, 1.000000000000000000 ) ) ;
#6238 = ORIENTED_EDGE ( 'NONE', *, *, #11351, .T. ) ;
#6239 = DIRECTION ( 'NONE',  ( 1.000000000000000000, -2.409338161078899700E-016, 1.204669080539449800E-016 ) ) ;
#6240 = MANIFOLD_SOLID_BREP ( 'Mirror2', #8678 ) ;
#6241 = DIRECTION ( 'NONE',  ( 1.000000000000000000, -0.0000000000000000000, 0.0000000000000000000 ) ) ;
#6242 = ORIENTED_EDGE ( 'NONE', *, *, #4519, .T. ) ;
#6243 = SURFACE_STYLE_FILL_AREA ( #11331 ) ;
#6244 =( NAMED_UNIT ( * ) PLANE_ANGLE_UNIT ( ) SI_UNIT ( $, .RADIAN. ) );
#6245 = CARTESIAN_POINT ( 'NONE',  ( -18.55000000000000400, -2.010000000000008200, 42.20950821555037900 ) ) ;
#6246 = EDGE_CURVE ( 'NONE', #3179, #5675, #10857, .T. ) ;
#6247 = LINE ( 'NONE', #252, #803 ) ;
#6248 = AXIS2_PLACEMENT_3D ( 'NONE', #861, #902, #941 ) ;
#6249 = ORIENTED_EDGE ( 'NONE', *, *, #6388, .F. ) ;
#6250 = ADVANCED_FACE ( 'NONE', ( #1364 ), #1865, .F. ) ;
#6251 = DIRECTION ( 'NONE',  ( 0.0000000000000000000, -1.000000000000000000, 0.0000000000000000000 ) ) ;
#6252 = EDGE_CURVE ( 'NONE', #785, #611, #1084, .T. ) ;
#6253 = ORIENTED_EDGE ( 'NONE', *, *, #11801, .T. ) ;
#6254 = CARTESIAN_POINT ( 'NONE',  ( -1.199999999999998800, -0.9100000000000041400, 5.099999999999999600 ) ) ;
#6255 = ORIENTED_EDGE ( 'NONE', *, *, #6868, .F. ) ;
#6256 = LINE ( 'NONE', #9697, #3819 ) ;
#6257 = DIRECTION ( 'NONE',  ( 0.0000000000000000000, 0.0000000000000000000, 1.000000000000000000 ) ) ;
#6258 = CARTESIAN_POINT ( 'NONE',  ( 7.900000000000002100, -0.9100000000000045800, 5.099999999999999600 ) ) ;
#6259 = SURFACE_STYLE_USAGE ( .BOTH. , #11770 ) ;
#6260 = FILL_AREA_STYLE_COLOUR ( '', #11484 ) ;
#6261 = ITEM_DEFINED_TRANSFORMATION ( 'NONE', 'NONE', #4074,  #11927 ) ;
#6262 = VECTOR ( 'NONE', #6539, 1000.000000000000000 ) ;
#6263 = ADVANCED_FACE ( 'NONE', ( #10556, #3529 ), #10132, .T. ) ;
#6264 = ORIENTED_EDGE ( 'NONE', *, *, #9774, .F. ) ;
#6265 = SURFACE_STYLE_USAGE ( .BOTH. , #11776 ) ;
#6266 = CIRCLE ( 'NONE', #7628, 0.5000000000000004400 ) ;
#6267 = EDGE_CURVE ( 'NONE', #7108, #671, #5667, .T. ) ;
#6268 = MECHANICAL_DESIGN_GEOMETRIC_PRESENTATION_REPRESENTATION (  '', ( #5020 ), #6890 ) ;
#6269 = PRODUCT_DEFINITION_SHAPE ( 'NONE', 'NONE',  #7167 ) ;
#6270 = EDGE_CURVE ( 'NONE', #3845, #7806, #3237, .T. ) ;
#6271 = ORIENTED_EDGE ( 'NONE', *, *, #6050, .T. ) ;
#6272 = LINE ( 'NONE', #1171, #11162 ) ;
#6273 = CARTESIAN_POINT ( 'NONE',  ( 7.500000000000001800, -4.815124837953332500, 5.099999999999999600 ) ) ;
#6274 = DIRECTION ( 'NONE',  ( 0.0000000000000000000, 1.000000000000000000, 0.0000000000000000000 ) ) ;
#6275 = ORIENTED_EDGE ( 'NONE', *, *, #5681, .F. ) ;
#6276 = DIRECTION ( 'NONE',  ( 0.0000000000000000000, 1.000000000000000000, 0.0000000000000000000 ) ) ;
#6277 = FILL_AREA_STYLE ('',( #3518 ) ) ;
#6278 = DIRECTION ( 'NONE',  ( -0.0000000000000000000, -0.0000000000000000000, -1.000000000000000000 ) ) ;
#6279 = CARTESIAN_POINT ( 'NONE',  ( 4.000000000000001800, -5.401102314577125100, 0.7000000000000010700 ) ) ;
#6280 = VECTOR ( 'NONE', #8757, 1000.000000000000000 ) ;
#6281 = MECHANICAL_DESIGN_GEOMETRIC_PRESENTATION_REPRESENTATION (  '', ( #4441 ), #6907 ) ;
#6282 = PLANE ( 'NONE',  #4927 ) ;
#6283 = ORIENTED_EDGE ( 'NONE', *, *, #417, .F. ) ;
#6284 = CARTESIAN_POINT ( 'NONE',  ( 5.300000000000000700, -0.8100000000000041600, 0.7000000000000035100 ) ) ;
#6285 = EDGE_CURVE ( 'NONE', #5009, #2346, #8131, .T. ) ;
#6286 = AXIS2_PLACEMENT_3D ( 'NONE', #3705, #10120, #4621 ) ;
#6287 = LINE ( 'NONE', #5816, #8705 ) ;
#6288 = ORIENTED_EDGE ( 'NONE', *, *, #8515, .T. ) ;
#6289 = STYLED_ITEM ( 'NONE', ( #1674 ), #3377 ) ;
#6290 = ORIENTED_EDGE ( 'NONE', *, *, #647, .T. ) ;
#6291 = CARTESIAN_POINT ( 'NONE',  ( 26.55000000000000400, -1.099999999999996800, -50.00000000000000000 ) ) ;
#6292 = EDGE_LOOP ( 'NONE', ( #10395, #846, #8657, #6702, #5314, #2785, #10921, #3479, #7259, #1602, #5343, #6402, #3847, #7375, #4840, #7971, #5834, #2283, #4644, #3000, #5026, #6392, #1031, #4759, #3400, #3576, #8956, #11309, #7091, #9865, #8737, #10832, #11905, #889, #952, #131, #3895, #7400, #265, #10534, #10445, #3783, #4411, #876, #2919, #8578, #2443, #4930, #9057, #3038, #8986, #5756, #2642, #2548, #7803, #11717, #2429, #2045, #3128, #11070, #6536, #5743, #7071, #3536, #9479 ) ) ;
#6293 = PRESENTATION_STYLE_ASSIGNMENT (( #8059 ) ) ;
#6294 = VECTOR ( 'NONE', #3254, 1000.000000000000000 ) ;
#6295 = DIRECTION ( 'NONE',  ( 0.0000000000000000000, 1.000000000000000000, 0.0000000000000000000 ) ) ;
#6296 = AXIS2_PLACEMENT_3D ( 'NONE', #8357, #2906, #9326 ) ;
#6297 = VERTEX_POINT ( 'NONE', #76 ) ;
#6298 = FACE_OUTER_BOUND ( 'NONE', #7534, .T. ) ;
#6299 = DIRECTION ( 'NONE',  ( 0.0000000000000000000, -1.000000000000000000, 0.0000000000000000000 ) ) ;
#6300 = VERTEX_POINT ( 'NONE', #11106 ) ;
#6301 = CARTESIAN_POINT ( 'NONE',  ( 35.00000000000000000, 3.500000000000000000, -50.00000000000000000 ) ) ;
#6302 = AXIS2_PLACEMENT_3D ( 'NONE', #8046, #2525, #8945 ) ;
#6303 = CARTESIAN_POINT ( 'NONE',  ( -32.00000000000000000, -2.899999999999999900, -47.00000000000001400 ) ) ;
#6304 = CARTESIAN_POINT ( 'NONE',  ( 1.400000000000002800, -0.9100000000000028100, 5.099999999999999600 ) ) ;
#6305 = EDGE_CURVE ( 'NONE', #2182, #7572, #9977, .T. ) ;
#6306 = ORIENTED_EDGE ( 'NONE', *, *, #3344, .F. ) ;
#6307 = CARTESIAN_POINT ( 'NONE',  ( 29.50000000000000400, -2.899999999999999900, -48.89999999999999900 ) ) ;
#6308 = FACE_OUTER_BOUND ( 'NONE', #6734, .T. ) ;
#6309 = DIRECTION ( 'NONE',  ( 0.0000000000000000000, 0.0000000000000000000, 1.000000000000000000 ) ) ;
#6310 = ORIENTED_EDGE ( 'NONE', *, *, #2775, .F. ) ;
#6311 = VERTEX_POINT ( 'NONE', #2876 ) ;
#6312 = DIRECTION ( 'NONE',  ( 0.0000000000000000000, 0.0000000000000000000, 1.000000000000000000 ) ) ;
#6313 = ADVANCED_FACE ( 'NONE', ( #5080 ), #1936, .F. ) ;
#6314 = ORIENTED_EDGE ( 'NONE', *, *, #398, .T. ) ;
#6315 = UNCERTAINTY_MEASURE_WITH_UNIT (LENGTH_MEASURE( 1.000000000000000100E-005 ), #7848, 'distance_accuracy_value', 'NONE');
#6316 = CARTESIAN_POINT ( 'NONE',  ( -20.55000000000000100, -2.010000000000008200, 5.099999999999999600 ) ) ;
#6317 = CARTESIAN_POINT ( 'NONE',  ( 0.0000000000000000000, 0.0000000000000000000, 1.899999999999999000 ) ) ;
#6318 = CARTESIAN_POINT ( 'NONE',  ( -8.299999999999998900, -0.9100000000000010300, 0.6999999999999997300 ) ) ;
#6319 = SURFACE_STYLE_USAGE ( .BOTH. , #11823 ) ;
#6320 = CARTESIAN_POINT ( 'NONE',  ( 15.69999999999999600, -4.815124837953332500, 5.099999999999999600 ) ) ;
#6321 =( GEOMETRIC_REPRESENTATION_CONTEXT ( 3 ) GLOBAL_UNCERTAINTY_ASSIGNED_CONTEXT ( ( #806 ) ) GLOBAL_UNIT_ASSIGNED_CONTEXT ( ( #9861, #4370, #10799 ) ) REPRESENTATION_CONTEXT ( 'NONE', 'WORKASPACE' ) );
#6322 = ORIENTED_EDGE ( 'NONE', *, *, #9567, .T. ) ;
#6323 = LINE ( 'NONE', #8970, #8745 ) ;
#6324 = EDGE_CURVE ( 'NONE', #2908, #7750, #486, .T. ) ;
#6325 = ORIENTED_EDGE ( 'NONE', *, *, #5428, .T. ) ;
#6326 = LINE ( 'NONE', #5819, #1441 ) ;
#6327 = CARTESIAN_POINT ( 'NONE',  ( 20.55000000000000100, 0.6699999999999920500, -2.088061301782108400 ) ) ;
#6328 = DIRECTION ( 'NONE',  ( -2.409338161078899700E-016, 4.018784105375342500E-033, 1.000000000000000000 ) ) ;
#6329 = ADVANCED_FACE ( 'NONE', ( #9109 ), #10259, .T. ) ;
#6330 = FILL_AREA_STYLE_COLOUR ( '', #4423 ) ;
#6331 = VECTOR ( 'NONE', #2339, 1000.000000000000000 ) ;
#6332 = LINE ( 'NONE', #8478, #1447 ) ;
#6333 = DIRECTION ( 'NONE',  ( 0.0000000000000000000, 0.0000000000000000000, -1.000000000000000000 ) ) ;
#6334 = ORIENTED_EDGE ( 'NONE', *, *, #1820, .T. ) ;
#6335 = DIRECTION ( 'NONE',  ( -0.08572225787319832900, -0.9963190726394436400, -3.470804941418630900E-015 ) ) ;
#6336 = SURFACE_STYLE_USAGE ( .BOTH. , #11840 ) ;
#6337 = PRESENTATION_LAYER_ASSIGNMENT (  '', '', ( #5089 ) ) ;
#6338 = DIRECTION ( 'NONE',  ( 1.000000000000000000, -0.0000000000000000000, 0.0000000000000000000 ) ) ;
#6339 = DIRECTION ( 'NONE',  ( 0.0000000000000000000, 0.0000000000000000000, -1.000000000000000000 ) ) ;
#6340 =( GEOMETRIC_REPRESENTATION_CONTEXT ( 3 ) GLOBAL_UNCERTAINTY_ASSIGNED_CONTEXT ( ( #5433 ) ) GLOBAL_UNIT_ASSIGNED_CONTEXT ( ( #2843, #9267, #3764 ) ) REPRESENTATION_CONTEXT ( 'NONE', 'WORKASPACE' ) );
#6341 = EDGE_CURVE ( 'NONE', #1139, #6593, #1791, .T. ) ;
#6342 = EDGE_CURVE ( 'NONE', #8724, #31, #11269, .T. ) ;
#6343 = LINE ( 'NONE', #849, #10951 ) ;
#6344 = FILL_AREA_STYLE_COLOUR ( '', #5125 ) ;
#6345 = CARTESIAN_POINT ( 'NONE',  ( 17.00612768284014500, 0.2638723171598501000, 5.970943626461193300 ) ) ;
#6346 = ORIENTED_EDGE ( 'NONE', *, *, #8499, .T. ) ;
#6347 = CARTESIAN_POINT ( 'NONE',  ( -1.199999999999996200, -0.8100000000000040500, 1.299999999999999200 ) ) ;
#6348 = ORIENTED_EDGE ( 'NONE', *, *, #10031, .T. ) ;
#6349 = DIRECTION ( 'NONE',  ( 0.0000000000000000000, -1.000000000000000000, 0.0000000000000000000 ) ) ;
#6350 = CARTESIAN_POINT ( 'NONE',  ( -1.599999999999997600, -0.9100000000000041400, 1.299999999999999200 ) ) ;
#6351 = ORIENTED_EDGE ( 'NONE', *, *, #9507, .T. ) ;
#6352 = EDGE_LOOP ( 'NONE', ( #5071, #9882, #3645, #3563 ) ) ;
#6353 = CARTESIAN_POINT ( 'NONE',  ( -33.89999999999998400, 2.900000000000000400, 37.59999999999998000 ) ) ;
#6354 = CARTESIAN_POINT ( 'NONE',  ( -35.00000000000000000, 3.500000000000000000, -50.00000000000000000 ) ) ;
#6355 = FILL_AREA_STYLE_COLOUR ( '', #11631 ) ;
#6356 = EDGE_CURVE ( 'NONE', #11184, #7908, #6670, .T. ) ;
#6357 = AXIS2_PLACEMENT_3D ( 'NONE', #4988, #11435, #5913 ) ;
#6358 = SURFACE_SIDE_STYLE ('',( #9560 ) ) ;
#6359 = ORIENTED_EDGE ( 'NONE', *, *, #10472, .T. ) ;
#6360 = VERTEX_POINT ( 'NONE', #10294 ) ;
#6361 = AXIS2_PLACEMENT_3D ( 'NONE', #10973, #5471, #11888 ) ;
#6362 = ORIENTED_EDGE ( 'NONE', *, *, #9077, .F. ) ;
#6363 = DIRECTION ( 'NONE',  ( 1.000000000000000000, -0.0000000000000000000, 0.0000000000000000000 ) ) ;
#6364 = DIRECTION ( 'NONE',  ( -2.409338161078899700E-016, -1.000000000000000000, -1.899788849813798600E-031 ) ) ;
#6365 = LINE ( 'NONE', #11702, #10974 ) ;
#6366 = ORIENTED_EDGE ( 'NONE', *, *, #1635, .T. ) ;
#6367 = DIRECTION ( 'NONE',  ( 0.0000000000000000000, -1.000000000000000000, 0.0000000000000000000 ) ) ;
#6368 = STYLED_ITEM ( 'NONE', ( #139 ), #10427 ) ;
#6369 = ORIENTED_EDGE ( 'NONE', *, *, #6503, .F. ) ;
#6370 = VERTEX_POINT ( 'NONE', #9368 ) ;
#6371 = DIRECTION ( 'NONE',  ( 1.392979236598078500E-016, 1.000000000000000000, -0.0000000000000000000 ) ) ;
#6372 = CARTESIAN_POINT ( 'NONE',  ( -16.34000000000000000, -0.8100000000000003900, 5.099999999999999600 ) ) ;
#6373 = VERTEX_POINT ( 'NONE', #3869 ) ;
#6374 = CARTESIAN_POINT ( 'NONE',  ( -2.899999999999997700, -1.950000000000001300, 7.000000000000000000 ) ) ;
#6375 = VECTOR ( 'NONE', #6491, 1000.000000000000000 ) ;
#6376 = DIRECTION ( 'NONE',  ( 0.0000000000000000000, 0.0000000000000000000, 1.000000000000000000 ) ) ;
#6377 = ORIENTED_EDGE ( 'NONE', *, *, #2731, .F. ) ;
#6378 = CARTESIAN_POINT ( 'NONE',  ( -32.20000000000000300, 2.150000000000010600, 47.20000000000000300 ) ) ;
#6379 = DIRECTION ( 'NONE',  ( 0.0000000000000000000, -0.0000000000000000000, 1.000000000000000000 ) ) ;
#6380 = ORIENTED_EDGE ( 'NONE', *, *, #10079, .T. ) ;
#6381 = ADVANCED_FACE ( 'NONE', ( #3928 ), #3661, .T. ) ;
#6382 = DIRECTION ( 'NONE',  ( 0.0000000000000000000, 0.7071067811865439100, -0.7071067811865512400 ) ) ;
#6383 = APPLICATION_CONTEXT ( 'automotive_design' ) ;
#6384 = VECTOR ( 'NONE', #2947, 1000.000000000000000 ) ;
#6385 = CIRCLE ( 'NONE', #7526, 1.399999999999998600 ) ;
#6386 = ORIENTED_EDGE ( 'NONE', *, *, #6100, .F. ) ;
#6387 = AXIS2_PLACEMENT_3D ( 'NONE', #5015, #11462, #4067 ) ;
#6388 = EDGE_CURVE ( 'NONE', #4814, #1099, #6087, .T. ) ;
#6389 = EDGE_CURVE ( 'NONE', #11405, #2693, #8813, .T. ) ;
#6390 = UNCERTAINTY_MEASURE_WITH_UNIT (LENGTH_MEASURE( 1.000000000000000100E-005 ), #6139, 'distance_accuracy_value', 'NONE');
#6391 = ORIENTED_EDGE ( 'NONE', *, *, #8732, .T. ) ;
#6392 = ORIENTED_EDGE ( 'NONE', *, *, #10118, .F. ) ;
#6393 = PLANE ( 'NONE',  #1082 ) ;
#6394 = CIRCLE ( 'NONE', #9027, 1.249999999999987100 ) ;
#6395 = CARTESIAN_POINT ( 'NONE',  ( -0.0000000000000000000, 0.2650000000000029000, -1.069999999999999000 ) ) ;
#6396 = DIRECTION ( 'NONE',  ( 8.659560562354930400E-017, 0.7071067811865479100, -0.7071067811865472400 ) ) ;
#6397 = DIRECTION ( 'NONE',  ( -2.409338161078899700E-016, -1.000000000000000000, -1.899788849813798600E-031 ) ) ;
#6398 = PRESENTATION_STYLE_ASSIGNMENT (( #1716 ) ) ;
#6399 = VECTOR ( 'NONE', #3652, 1000.000000000000000 ) ;
#6400 = CARTESIAN_POINT ( 'NONE',  ( 0.1000000000000028600, -0.8100000000000040500, 0.6999999999999987300 ) ) ;
#6401 = LINE ( 'NONE', #3007, #11010 ) ;
#6402 = ORIENTED_EDGE ( 'NONE', *, *, #3505, .F. ) ;
#6403 = ORIENTED_EDGE ( 'NONE', *, *, #1638, .F. ) ;
#6404 = ORIENTED_EDGE ( 'NONE', *, *, #4702, .T. ) ;
#6405 = DIRECTION ( 'NONE',  ( 0.0000000000000000000, 0.0000000000000000000, -1.000000000000000000 ) ) ;
#6406 = LINE ( 'NONE', #6738, #11016 ) ;
#6407 = EDGE_CURVE ( 'NONE', #11742, #2769, #8517, .T. ) ;
#6408 =( GEOMETRIC_REPRESENTATION_CONTEXT ( 3 ) GLOBAL_UNCERTAINTY_ASSIGNED_CONTEXT ( ( #5721 ) ) GLOBAL_UNIT_ASSIGNED_CONTEXT ( ( #7282, #1782, #8222 ) ) REPRESENTATION_CONTEXT ( 'NONE', 'WORKASPACE' ) );
#6409 = PLANE ( 'NONE',  #3548 ) ;
#6410 =( NAMED_UNIT ( * ) PLANE_ANGLE_UNIT ( ) SI_UNIT ( $, .RADIAN. ) );
#6411 = MECHANICAL_DESIGN_GEOMETRIC_PRESENTATION_REPRESENTATION (  '', ( #5173 ), #7039 ) ;
#6412 = EDGE_CURVE ( 'NONE', #3444, #5674, #1213, .T. ) ;
#6413 = CIRCLE ( 'NONE', #8154, 1.399999999999998600 ) ;
#6414 = DIRECTION ( 'NONE',  ( 0.0000000000000000000, 0.0000000000000000000, -1.000000000000000000 ) ) ;
#6415 = LINE ( 'NONE', #10889, #11019 ) ;
#6416 = ORIENTED_EDGE ( 'NONE', *, *, #2123, .T. ) ;
#6417 = CARTESIAN_POINT ( 'NONE',  ( 34.39999999999998400, 0.2999999999999999900, -48.00000000000000000 ) ) ;
#6418 = DIRECTION ( 'NONE',  ( 0.0000000000000000000, 0.0000000000000000000, -1.000000000000000000 ) ) ;
#6419 = COLOUR_RGB ( '',0.9686274509803921600, 0.8784313725490196000, 0.5999999999999999800 ) ;
#6420 = DIRECTION ( 'NONE',  ( -0.0000000000000000000, -0.0000000000000000000, 1.000000000000000000 ) ) ;
#6421 = CARTESIAN_POINT ( 'NONE',  ( 1.000000000000002700, -0.8100000000000041600, 0.7000000000000027300 ) ) ;
#6422 = VERTEX_POINT ( 'NONE', #4820 ) ;
#6423 = LINE ( 'NONE', #2231, #3968 ) ;
#6424 = VECTOR ( 'NONE', #4715, 1000.000000000000000 ) ;
#6425 = FACE_OUTER_BOUND ( 'NONE', #1975, .T. ) ;
#6426 = DIRECTION ( 'NONE',  ( -1.000000000000000000, 1.392979236598078500E-016, -0.0000000000000000000 ) ) ;
#6427 = PRODUCT_CONTEXT ( 'NONE', #11889, 'mechanical' ) ;
#6428 = PRESENTATION_STYLE_ASSIGNMENT (( #1406 ) ) ;
#6429 = ORIENTED_EDGE ( 'NONE', *, *, #377, .T. ) ;
#6430 = EDGE_CURVE ( 'NONE', #1496, #6535, #8260, .T. ) ;
#6431 = AXIS2_PLACEMENT_3D ( 'NONE', #4853, #3897, #10403 ) ;
#6432 = LINE ( 'NONE', #4935, #7709 ) ;
#6433 = PRESENTATION_LAYER_ASSIGNMENT (  '', '', ( #7064 ) ) ;
#6434 = ORIENTED_EDGE ( 'NONE', *, *, #10675, .T. ) ;
#6435 = CARTESIAN_POINT ( 'NONE',  ( 13.10000000000000100, -5.401102314577126900, 5.099999999999999600 ) ) ;
#6436 = CIRCLE ( 'NONE', #8221, 2.000000000000001800 ) ;
#6437 = DIRECTION ( 'NONE',  ( 0.0000000000000000000, 0.0000000000000000000, 1.000000000000000000 ) ) ;
#6438 = DIRECTION ( 'NONE',  ( -0.0000000000000000000, -1.000000000000000000, -0.0000000000000000000 ) ) ;
#6439 = ORIENTED_EDGE ( 'NONE', *, *, #10618, .F. ) ;
#6440 =( GEOMETRIC_REPRESENTATION_CONTEXT ( 3 ) GLOBAL_UNCERTAINTY_ASSIGNED_CONTEXT ( ( #6533 ) ) GLOBAL_UNIT_ASSIGNED_CONTEXT ( ( #11627, #6118, #632 ) ) REPRESENTATION_CONTEXT ( 'NONE', 'WORKASPACE' ) );
#6441 = PLANE ( 'NONE',  #8405 ) ;
#6442 = PRESENTATION_STYLE_ASSIGNMENT (( #1492 ) ) ;
#6443 = ADVANCED_FACE ( 'NONE', ( #10698 ), #7987, .T. ) ;
#6444 = EDGE_LOOP ( 'NONE', ( #324, #9332, #8094, #11415 ) ) ;
#6445 = EDGE_CURVE ( 'NONE', #8401, #3644, #3382, .T. ) ;
#6446 = PRESENTATION_STYLE_ASSIGNMENT (( #4517 ) ) ;
#6447 = CARTESIAN_POINT ( 'NONE',  ( 29.50000000000000000, -2.900000000000000400, 49.39999999999999900 ) ) ;
#6448 = SURFACE_STYLE_FILL_AREA ( #19 ) ;
#6449 = ORIENTED_EDGE ( 'NONE', *, *, #7340, .F. ) ;
#6450 = VERTEX_POINT ( 'NONE', #9477 ) ;
#6451 = CARTESIAN_POINT ( 'NONE',  ( 34.39999999999998400, 2.899999999999999900, -33.00000000000000000 ) ) ;
#6452 = DIRECTION ( 'NONE',  ( -0.08572225787319832900, 7.824508235482614000E-018, 0.9963190726394436400 ) ) ;
#6453 = CARTESIAN_POINT ( 'NONE',  ( -21.30000000000000100, -0.4500000000000074500, 0.0000000000000000000 ) ) ;
#6454 = VECTOR ( 'NONE', #11433, 1000.000000000000000 ) ;
#6455 = CARTESIAN_POINT ( 'NONE',  ( 30.86000000000000700, 2.899999999999999900, -36.00000000000000700 ) ) ;
#6456 = SURFACE_STYLE_FILL_AREA ( #3451 ) ;
#6457 =( GEOMETRIC_REPRESENTATION_CONTEXT ( 3 ) GLOBAL_UNCERTAINTY_ASSIGNED_CONTEXT ( ( #4253 ) ) GLOBAL_UNIT_ASSIGNED_CONTEXT ( ( #4145, #10572, #5059 ) ) REPRESENTATION_CONTEXT ( 'NONE', 'WORKASPACE' ) );
#6458 = CARTESIAN_POINT ( 'NONE',  ( -21.30000000000000100, -2.850000000000001000, 7.000000000000000000 ) ) ;
#6459 = ORIENTED_EDGE ( 'NONE', *, *, #6799, .F. ) ;
#6460 = DIRECTION ( 'NONE',  ( 0.0000000000000000000, 0.0000000000000000000, -1.000000000000000000 ) ) ;
#6461 = DIRECTION ( 'NONE',  ( 0.0000000000000000000, 0.0000000000000000000, 1.000000000000000000 ) ) ;
#6462 = EDGE_LOOP ( 'NONE', ( #6685, #2258, #7657 ) ) ;
#6463 = EDGE_LOOP ( 'NONE', ( #1870, #6066, #10887, #4203 ) ) ;
#6464 = LINE ( 'NONE', #570, #6174 ) ;
#6465 = STYLED_ITEM ( 'NONE', ( #6190 ), #4207 ) ;
#6466 = CARTESIAN_POINT ( 'NONE',  ( 18.55000000000000400, 1.269999999999992000, -2.088061301782108400 ) ) ;
#6467 = UNCERTAINTY_MEASURE_WITH_UNIT (LENGTH_MEASURE( 1.000000000000000100E-005 ), #11322, 'distance_accuracy_value', 'NONE');
#6468 = EDGE_CURVE ( 'NONE', #10722, #8452, #3078, .T. ) ;
#6469 = DIRECTION ( 'NONE',  ( 0.0000000000000000000, -1.000000000000000000, -0.0000000000000000000 ) ) ;
#6470 =( REPRESENTATION_RELATIONSHIP ('NONE','NONE', #1637, #9247 ) REPRESENTATION_RELATIONSHIP_WITH_TRANSFORMATION ( #9556 )SHAPE_REPRESENTATION_RELATIONSHIP( ) );
#6471 = CARTESIAN_POINT ( 'NONE',  ( -30.86000000000000700, 2.899999999999999900, -38.50000000000000700 ) ) ;
#6472 = ORIENTED_EDGE ( 'NONE', *, *, #9807, .F. ) ;
#6473 = VECTOR ( 'NONE', #9651, 1000.000000000000000 ) ;
#6474 = VERTEX_POINT ( 'NONE', #6754 ) ;
#6475 = VECTOR ( 'NONE', #1107, 1000.000000000000000 ) ;
#6476 = DIRECTION ( 'NONE',  ( 1.049727191138618300E-016, -0.5150380749100547100, 0.8571673007021120000 ) ) ;
#6477 = CARTESIAN_POINT ( 'NONE',  ( 0.1000000000000032500, -0.9100000000000028100, 0.7000000000000008400 ) ) ;
#6478 = PLANE ( 'NONE',  #6548 ) ;
#6479 = SURFACE_SIDE_STYLE ('',( #10193 ) ) ;
#6480 = EDGE_CURVE ( 'NONE', #108, #8787, #10405, .T. ) ;
#6481 = VECTOR ( 'NONE', #288, 1000.000000000000000 ) ;
#6482 = DIRECTION ( 'NONE',  ( 1.000000000000000000, -2.409338161078899700E-016, 0.0000000000000000000 ) ) ;
#6483 = STYLED_ITEM ( 'NONE', ( #11178 ), #527 ) ;
#6484 = DIRECTION ( 'NONE',  ( -1.000000000000000000, 0.0000000000000000000, -0.0000000000000000000 ) ) ;
#6485 = VECTOR ( 'NONE', #11148, 1000.000000000000000 ) ;
#6486 = VERTEX_POINT ( 'NONE', #11334 ) ;
#6487 = EDGE_CURVE ( 'NONE', #1589, #3354, #7666, .T. ) ;
#6488 = VERTEX_POINT ( 'NONE', #312 ) ;
#6489 = CARTESIAN_POINT ( 'NONE',  ( 30.00000000000000400, 2.899999999999999900, -45.00000000000001400 ) ) ;
#6490 = PLANE ( 'NONE',  #5990 ) ;
#6491 = DIRECTION ( 'NONE',  ( -1.000000000000000000, 1.392979236598078500E-016, -0.0000000000000000000 ) ) ;
#6492 = VECTOR ( 'NONE', #8811, 1000.000000000000000 ) ;
#6493 = ORIENTED_EDGE ( 'NONE', *, *, #2775, .T. ) ;
#6494 = LINE ( 'NONE', #2285, #1621 ) ;
#6495 = ORIENTED_EDGE ( 'NONE', *, *, #757, .T. ) ;
#6496 = DIRECTION ( 'NONE',  ( -0.0000000000000000000, 1.000000000000000000, -0.0000000000000000000 ) ) ;
#6497 = ORIENTED_EDGE ( 'NONE', *, *, #11900, .T. ) ;
#6498 = DIRECTION ( 'NONE',  ( 1.000000000000000000, 0.0000000000000000000, 2.409338161078899700E-016 ) ) ;
#6499 = EDGE_CURVE ( 'NONE', #10223, #576, #5801, .T. ) ;
#6500 = PRESENTATION_LAYER_ASSIGNMENT (  '', '', ( #5873 ) ) ;
#6501 = ORIENTED_EDGE ( 'NONE', *, *, #8210, .T. ) ;
#6502 = EDGE_CURVE ( 'NONE', #9444, #651, #2798, .T. ) ;
#6503 = EDGE_CURVE ( 'NONE', #9944, #6599, #5527, .T. ) ;
#6504 = DIRECTION ( 'NONE',  ( 1.000000000000000000, -2.409338161078899700E-016, 2.409338161078899700E-016 ) ) ;
#6505 = DIRECTION ( 'NONE',  ( 0.0000000000000000000, 0.0000000000000000000, 1.000000000000000000 ) ) ;
#6506 = ADVANCED_FACE ( 'NONE', ( #10116 ), #7106, .F. ) ;
#6507 = FACE_OUTER_BOUND ( 'NONE', #1923, .T. ) ;
#6508 = VECTOR ( 'NONE', #10214, 1000.000000000000000 ) ;
#6509 = ORIENTED_EDGE ( 'NONE', *, *, #2560, .F. ) ;
#6510 = SURFACE_SIDE_STYLE ('',( #8543 ) ) ;
#6511 = VERTEX_POINT ( 'NONE', #5373 ) ;
#6512 = SHAPE_REPRESENTATION ( 'flat head screw_am_B18.6.7M - M2 x 0.4 x 3 Type I Cross Recessed FHMS --3N', ( #11927 ), #9239 ) ;
#6513 = AXIS2_PLACEMENT_3D ( 'NONE', #9917, #4419, #10851 ) ;
#6514 = ORIENTED_EDGE ( 'NONE', *, *, #11050, .F. ) ;
#6515 = CONICAL_SURFACE ( 'NONE', #1187, 2.149999999999999000, 0.7853981633974479500 ) ;
#6516 = CARTESIAN_POINT ( 'NONE',  ( -20.55000000000000100, -2.010000000000008200, 5.099999999999999600 ) ) ;
#6517 = CARTESIAN_POINT ( 'NONE',  ( 30.86000000000000700, -3.500000000000000000, -34.75000000000000000 ) ) ;
#6518 = DIRECTION ( 'NONE',  ( -0.0000000000000000000, 1.000000000000000000, -0.0000000000000000000 ) ) ;
#6519 = EDGE_CURVE ( 'NONE', #2039, #3108, #41, .T. ) ;
#6520 = COLOUR_RGB ( '',0.9686274509803921600, 0.8784313725490196000, 0.5999999999999999800 ) ;
#6521 = STYLED_ITEM ( 'NONE', ( #11447 ), #8781 ) ;
#6522 = ORIENTED_EDGE ( 'NONE', *, *, #10962, .F. ) ;
#6523 = CARTESIAN_POINT ( 'NONE',  ( -20.55000000000000100, 1.949999999999992000, 5.099999999999999600 ) ) ;
#6524 = ORIENTED_EDGE ( 'NONE', *, *, #5322, .F. ) ;
#6525 = ORIENTED_EDGE ( 'NONE', *, *, #2354, .T. ) ;
#6526 = LINE ( 'NONE', #9347, #4376 ) ;
#6527 = VECTOR ( 'NONE', #1796, 1000.000000000000000 ) ;
#6528 = DIRECTION ( 'NONE',  ( 0.0000000000000000000, 0.0000000000000000000, -1.000000000000000000 ) ) ;
#6529 = STYLED_ITEM ( 'NONE', ( #9188 ), #10842 ) ;
#6530 = ORIENTED_EDGE ( 'NONE', *, *, #3552, .F. ) ;
#6531 = DIRECTION ( 'NONE',  ( -1.000000000000000000, -0.0000000000000000000, 1.387778780781445900E-016 ) ) ;
#6532 = DIRECTION ( 'NONE',  ( 0.0000000000000000000, -1.000000000000000000, -0.0000000000000000000 ) ) ;
#6533 = UNCERTAINTY_MEASURE_WITH_UNIT (LENGTH_MEASURE( 1.000000000000000100E-005 ), #11627, 'distance_accuracy_value', 'NONE');
#6534 = DIRECTION ( 'NONE',  ( 0.0000000000000000000, -1.000000000000000000, 0.0000000000000000000 ) ) ;
#6535 = VERTEX_POINT ( 'NONE', #11799 ) ;
#6536 = ORIENTED_EDGE ( 'NONE', *, *, #4359, .T. ) ;
#6537 = VECTOR ( 'NONE', #2125, 1000.000000000000000 ) ;
#6538 = DIRECTION ( 'NONE',  ( -0.0000000000000000000, 0.0000000000000000000, -1.000000000000000000 ) ) ;
#6539 = DIRECTION ( 'NONE',  ( 1.000000000000000000, 0.0000000000000000000, 0.0000000000000000000 ) ) ;
#6540 = EDGE_LOOP ( 'NONE', ( #9737, #1143 ) ) ;
#6541 = CARTESIAN_POINT ( 'NONE',  ( 33.00000000000000000, 3.500000000000000000, -48.00000000000000000 ) ) ;
#6542 = ORIENTED_EDGE ( 'NONE', *, *, #7626, .T. ) ;
#6543 = CARTESIAN_POINT ( 'NONE',  ( -3.999999999999997300, 0.2899999999999992600, 5.099999999999999600 ) ) ;
#6544 = AXIS2_PLACEMENT_3D ( 'NONE', #10039, #4541, #10975 ) ;
#6545 = VERTEX_POINT ( 'NONE', #8160 ) ;
#6546 = DIRECTION ( 'NONE',  ( 1.668003342285391100E-017, 1.000000000000000000, -0.0000000000000000000 ) ) ;
#6547 = FACE_OUTER_BOUND ( 'NONE', #4596, .T. ) ;
#6548 = AXIS2_PLACEMENT_3D ( 'NONE', #8322, #9253, #3752 ) ;
#6549 = EDGE_CURVE ( 'NONE', #10792, #6300, #4923, .T. ) ;
#6550 = COLOUR_RGB ( '',0.9686274509803921600, 0.8784313725490196000, 0.5999999999999999800 ) ;
#6551 = EDGE_CURVE ( 'NONE', #6227, #3878, #9829, .T. ) ;
#6552 = CONTEXT_DEPENDENT_SHAPE_REPRESENTATION ( #8316, #10900 ) ;
#6553 = LINE ( 'NONE', #9275, #8411 ) ;
#6554 = CARTESIAN_POINT ( 'NONE',  ( 16.60000000000000500, 0.2899999999999967600, -20.72142852218446800 ) ) ;
#6555 = FILL_AREA_STYLE_COLOUR ( '', #3197 ) ;
#6556 = ORIENTED_EDGE ( 'NONE', *, *, #9330, .F. ) ;
#6557 = DIRECTION ( 'NONE',  ( 0.0000000000000000000, 0.0000000000000000000, 1.000000000000000000 ) ) ;
#6558 = CARTESIAN_POINT ( 'NONE',  ( 20.55000000000000100, 0.6699999999999920500, -2.088061301782108400 ) ) ;
#6559 = DIRECTION ( 'NONE',  ( 1.000000000000000000, 0.0000000000000000000, 0.0000000000000000000 ) ) ;
#6560 = ORIENTED_EDGE ( 'NONE', *, *, #11900, .F. ) ;
#6561 = ADVANCED_FACE ( 'NONE', ( #2202 ), #5410, .F. ) ;
#6562 = PRESENTATION_STYLE_ASSIGNMENT (( #8911 ) ) ;
#6563 = CARTESIAN_POINT ( 'NONE',  ( -32.20000000000000300, 2.900000000000000400, 48.00000000000000000 ) ) ;
#6564 = ORIENTED_EDGE ( 'NONE', *, *, #3810, .T. ) ;
#6565 =( GEOMETRIC_REPRESENTATION_CONTEXT ( 3 ) GLOBAL_UNCERTAINTY_ASSIGNED_CONTEXT ( ( #9105 ) ) GLOBAL_UNIT_ASSIGNED_CONTEXT ( ( #3719, #10131, #4632 ) ) REPRESENTATION_CONTEXT ( 'NONE', 'WORKASPACE' ) );
#6566 = DIRECTION ( 'NONE',  ( 0.0000000000000000000, 3.339490380083483300E-015, -1.000000000000000000 ) ) ;
#6567 = CARTESIAN_POINT ( 'NONE',  ( 3.600000000000001400, -0.9100000000000029200, 0.7000000000000011800 ) ) ;
#6568 = CARTESIAN_POINT ( 'NONE',  ( 1.400000000000002800, -5.401102314577125100, 5.099999999999999600 ) ) ;
#6569 = AXIS2_PLACEMENT_3D ( 'NONE', #11216, #4782, #197 ) ;
#6570 = EDGE_CURVE ( 'NONE', #1326, #8493, #9262, .T. ) ;
#6571 = ORIENTED_EDGE ( 'NONE', *, *, #10197, .T. ) ;
#6572 = LINE ( 'NONE', #4696, #4122 ) ;
#6573 = FACE_OUTER_BOUND ( 'NONE', #10530, .T. ) ;
#6574 = CARTESIAN_POINT ( 'NONE',  ( -6.349999999999990800, 0.0000000000000000000, 1.899999999999999200 ) ) ;
#6575 = CARTESIAN_POINT ( 'NONE',  ( 35.00000000000000000, 0.5000000000000000000, -36.00000000000000700 ) ) ;
#6576 = ORIENTED_EDGE ( 'NONE', *, *, #2354, .F. ) ;
#6577 = CARTESIAN_POINT ( 'NONE',  ( 32.20000000000000300, 2.900000000000000400, -47.20000000000000300 ) ) ;
#6578 = SURFACE_SIDE_STYLE ('',( #4104 ) ) ;
#6579 = SURFACE_STYLE_FILL_AREA ( #5341 ) ;
#6580 = FILL_AREA_STYLE_COLOUR ( '', #6873 ) ;
#6581 = CARTESIAN_POINT ( 'NONE',  ( 15.29999999999999700, -0.8100000000000042700, 5.099999999999999600 ) ) ;
#6582 = VERTEX_POINT ( 'NONE', #9096 ) ;
#6583 = FILL_AREA_STYLE ('',( #4736 ) ) ;
#6584 = VECTOR ( 'NONE', #8872, 1000.000000000000000 ) ;
#6585 = LINE ( 'NONE', #5029, #11182 ) ;
#6586 = ORIENTED_EDGE ( 'NONE', *, *, #467, .F. ) ;
#6587 = EDGE_CURVE ( 'NONE', #10587, #3433, #1926, .T. ) ;
#6588 = STYLED_ITEM ( 'NONE', ( #1276 ), #8137 ) ;
#6589 = VERTEX_POINT ( 'NONE', #4493 ) ;
#6590 =( GEOMETRIC_REPRESENTATION_CONTEXT ( 3 ) GLOBAL_UNCERTAINTY_ASSIGNED_CONTEXT ( ( #9470 ) ) GLOBAL_UNIT_ASSIGNED_CONTEXT ( ( #7080, #1581, #8019 ) ) REPRESENTATION_CONTEXT ( 'NONE', 'WORKASPACE' ) );
#6591 = FACE_OUTER_BOUND ( 'NONE', #9265, .T. ) ;
#6592 = CARTESIAN_POINT ( 'NONE',  ( -35.00000000000000000, 0.5000000000000000000, -36.00000000000000700 ) ) ;
#6593 = VERTEX_POINT ( 'NONE', #5456 ) ;
#6594 = SURFACE_STYLE_FILL_AREA ( #1718 ) ;
#6595 = LINE ( 'NONE', #5228, #1986 ) ;
#6596 = STYLED_ITEM ( 'NONE', ( #1456 ), #10240 ) ;
#6597 = VERTEX_POINT ( 'NONE', #11870 ) ;
#6598 = ORIENTED_EDGE ( 'NONE', *, *, #11651, .T. ) ;
#6599 = VERTEX_POINT ( 'NONE', #10017 ) ;
#6600 = DIRECTION ( 'NONE',  ( 0.0000000000000000000, -1.000000000000000000, 0.0000000000000000000 ) ) ;
#6601 = FACE_OUTER_BOUND ( 'NONE', #3401, .T. ) ;
#6602 = SURFACE_STYLE_FILL_AREA ( #6605 ) ;
#6603 = EDGE_LOOP ( 'NONE', ( #3986, #9814, #4703, #5582, #10544, #7592 ) ) ;
#6604 = VECTOR ( 'NONE', #3443, 1000.000000000000000 ) ;
#6605 = FILL_AREA_STYLE ('',( #2017 ) ) ;
#6606 =( NAMED_UNIT ( * ) SI_UNIT ( $, .STERADIAN. ) SOLID_ANGLE_UNIT ( ) );
#6607 = ORIENTED_EDGE ( 'NONE', *, *, #9787, .T. ) ;
#6608 = UNCERTAINTY_MEASURE_WITH_UNIT (LENGTH_MEASURE( 1.000000000000000100E-005 ), #775, 'distance_accuracy_value', 'NONE');
#6609 =( GEOMETRIC_REPRESENTATION_CONTEXT ( 3 ) GLOBAL_UNCERTAINTY_ASSIGNED_CONTEXT ( ( #9780 ) ) GLOBAL_UNIT_ASSIGNED_CONTEXT ( ( #1965, #8393, #2904 ) ) REPRESENTATION_CONTEXT ( 'NONE', 'WORKASPACE' ) );
#6610 = CARTESIAN_POINT ( 'NONE',  ( 34.39999999999998400, 0.2999999999999999900, -49.39999999999999900 ) ) ;
#6611 = CARTESIAN_POINT ( 'NONE',  ( 18.55000000000000400, 0.6699999999999919400, 5.099999999999999600 ) ) ;
#6612 =( NAMED_UNIT ( * ) SI_UNIT ( $, .STERADIAN. ) SOLID_ANGLE_UNIT ( ) );
#6613 = CARTESIAN_POINT ( 'NONE',  ( 10.50000000000000000, -0.8100000000000042700, 5.099999999999999600 ) ) ;
#6614 = CIRCLE ( 'NONE', #4975, 0.5000000000000004400 ) ;
#6615 = STYLED_ITEM ( 'NONE', ( #4163 ), #4576 ) ;
#6616 = CARTESIAN_POINT ( 'NONE',  ( -16.34000000000000000, -0.8100000000000006100, 0.0000000000000000000 ) ) ;
#6617 = EDGE_CURVE ( 'NONE', #4806, #7566, #4379, .T. ) ;
#6618 = DIRECTION ( 'NONE',  ( 0.0000000000000000000, -1.000000000000000000, 0.0000000000000000000 ) ) ;
#6619 = EDGE_CURVE ( 'NONE', #11228, #7137, #7384, .T. ) ;
#6620 = ORIENTED_EDGE ( 'NONE', *, *, #10912, .F. ) ;
#6621 = ADVANCED_FACE ( 'NONE', ( #6811 ), #10065, .T. ) ;
#6622 = CARTESIAN_POINT ( 'NONE',  ( -8.699999999999997500, -0.9100000000000007000, 5.099999999999999600 ) ) ;
#6623 = CARTESIAN_POINT ( 'NONE',  ( -0.0000000000000000000, 0.2650000000000029000, -1.069999999999999000 ) ) ;
#6624 = VECTOR ( 'NONE', #1080, 1000.000000000000000 ) ;
#6625 = CARTESIAN_POINT ( 'NONE',  ( 0.0000000000000000000, -3.500000000000000000, 0.0000000000000000000 ) ) ;
#6626 = VECTOR ( 'NONE', #8121, 1000.000000000000000 ) ;
#6627 = EDGE_LOOP ( 'NONE', ( #7035, #2501, #11486, #10232 ) ) ;
#6628 = CARTESIAN_POINT ( 'NONE',  ( -21.30000000000000100, -2.850000000000001000, 0.0000000000000000000 ) ) ;
#6629 = CARTESIAN_POINT ( 'NONE',  ( 9.200000000000001100, -0.9100000000000062500, 5.099999999999999600 ) ) ;
#6630 =( LENGTH_UNIT ( ) NAMED_UNIT ( * ) SI_UNIT ( .MILLI., .METRE. ) );
#6631 = EDGE_LOOP ( 'NONE', ( #9271, #3602, #9952, #5258 ) ) ;
#6632 = EDGE_CURVE ( 'NONE', #7670, #1764, #10262, .T. ) ;
#6633 = PLANE ( 'NONE',  #4498 ) ;
#6634 = PRESENTATION_LAYER_ASSIGNMENT (  '', '', ( #5408 ) ) ;
#6635 = ORIENTED_EDGE ( 'NONE', *, *, #1491, .F. ) ;
#6636 = DIRECTION ( 'NONE',  ( -2.990902544787606000E-016, -1.000000000000000000, 0.0000000000000000000 ) ) ;
#6637 = EDGE_CURVE ( 'NONE', #2741, #11851, #5660, .T. ) ;
#6638 = COLOUR_RGB ( '',0.8941176470588234600, 0.9137254901960784000, 0.9294117647058823800 ) ;
#6639 = FACE_OUTER_BOUND ( 'NONE', #3112, .T. ) ;
#6640 = ORIENTED_EDGE ( 'NONE', *, *, #11650, .T. ) ;
#6641 = CARTESIAN_POINT ( 'NONE',  ( -13.74000000000000000, -0.8100000000000013900, 1.299999999999999600 ) ) ;
#6642 = DIRECTION ( 'NONE',  ( -1.000000000000000000, 0.0000000000000000000, 0.0000000000000000000 ) ) ;
#6643 = VERTEX_POINT ( 'NONE', #970 ) ;
#6644 = CARTESIAN_POINT ( 'NONE',  ( -1.599999999999996300, -0.8100000000000040500, 1.299999999999999200 ) ) ;
#6645 = ORIENTED_EDGE ( 'NONE', *, *, #7104, .F. ) ;
#6646 = SURFACE_SIDE_STYLE ('',( #1746 ) ) ;
#6647 = VECTOR ( 'NONE', #8710, 1000.000000000000000 ) ;
#6648 = FACE_OUTER_BOUND ( 'NONE', #541, .T. ) ;
#6649 = VERTEX_POINT ( 'NONE', #3690 ) ;
#6650 = DIRECTION ( 'NONE',  ( 0.0000000000000000000, 0.0000000000000000000, 1.000000000000000000 ) ) ;
#6651 = CARTESIAN_POINT ( 'NONE',  ( 1.767299457939686800, 0.1129433907941500800, 0.1129433907941505100 ) ) ;
#6652 =( NAMED_UNIT ( * ) SI_UNIT ( $, .STERADIAN. ) SOLID_ANGLE_UNIT ( ) );
#6653 = VERTEX_POINT ( 'NONE', #6453 ) ;
#6654 = EDGE_CURVE ( 'NONE', #4634, #5291, #9966, .T. ) ;
#6655 = AXIS2_PLACEMENT_3D ( 'NONE', #4626, #2826, #9252 ) ;
#6656 = EDGE_CURVE ( 'NONE', #933, #4529, #478, .T. ) ;
#6657 = CARTESIAN_POINT ( 'NONE',  ( 13.10000000000000100, -0.9100000000000062500, 5.099999999999999600 ) ) ;
#6658 = EDGE_LOOP ( 'NONE', ( #4445, #8924, #2952 ) ) ;
#6659 = CARTESIAN_POINT ( 'NONE',  ( -33.89999999999998400, 10.74102034176674400, 43.09999999999998700 ) ) ;
#6660 = CARTESIAN_POINT ( 'NONE',  ( -18.39999999999999100, -1.099999999999999900, -49.39999999999999900 ) ) ;
#6661 = ORIENTED_EDGE ( 'NONE', *, *, #5696, .F. ) ;
#6662 = STYLED_ITEM ( 'NONE', ( #6829 ), #9701 ) ;
#6663 = DIRECTION ( 'NONE',  ( 0.0000000000000000000, 0.0000000000000000000, -1.000000000000000000 ) ) ;
#6664 = VERTEX_POINT ( 'NONE', #10141 ) ;
#6665 = CARTESIAN_POINT ( 'NONE',  ( 11.79999999999999900, -5.401102314577126900, 5.099999999999999600 ) ) ;
#6666 = LINE ( 'NONE', #3271, #4225 ) ;
#6667 = DIRECTION ( 'NONE',  ( 0.0000000000000000000, 0.0000000000000000000, 1.000000000000000000 ) ) ;
#6668 = CARTESIAN_POINT ( 'NONE',  ( 33.00000000000000000, 0.2999999999999999900, 49.39999999999999900 ) ) ;
#6669 = EDGE_CURVE ( 'NONE', #5664, #2623, #2650, .T. ) ;
#6670 = LINE ( 'NONE', #8436, #1497 ) ;
#6671 = VECTOR ( 'NONE', #3381, 1000.000000000000000 ) ;
#6672 = AXIS2_PLACEMENT_3D ( 'NONE', #3771, #10192, #8343 ) ;
#6673 = DIRECTION ( 'NONE',  ( 0.0000000000000000000, 0.0000000000000000000, -1.000000000000000000 ) ) ;
#6674 = ORIENTED_EDGE ( 'NONE', *, *, #9363, .T. ) ;
#6675 = UNCERTAINTY_MEASURE_WITH_UNIT (LENGTH_MEASURE( 1.000000000000000100E-005 ), #9893, 'distance_accuracy_value', 'NONE');
#6676 = ADVANCED_FACE ( 'NONE', ( #5068 ), #10102, .T. ) ;
#6677 = VERTEX_POINT ( 'NONE', #5567 ) ;
#6678 = ORIENTED_EDGE ( 'NONE', *, *, #8138, .F. ) ;
#6679 = LINE ( 'NONE', #1640, #8825 ) ;
#6680 = FACE_OUTER_BOUND ( 'NONE', #1646, .T. ) ;
#6681 = STYLED_ITEM ( 'NONE', ( #7785 ), #4082 ) ;
#6682 = CARTESIAN_POINT ( 'NONE',  ( 16.60000000000000500, -0.8100000000000043800, 5.099999999999999600 ) ) ;
#6683 = EDGE_CURVE ( 'NONE', #4206, #3644, #1778, .T. ) ;
#6684 = CARTESIAN_POINT ( 'NONE',  ( -30.86000000000000700, -3.500000000000000000, -37.25000000000000700 ) ) ;
#6685 = ORIENTED_EDGE ( 'NONE', *, *, #10474, .F. ) ;
#6686 = ORIENTED_EDGE ( 'NONE', *, *, #1421, .T. ) ;
#6687 = FILL_AREA_STYLE_COLOUR ( '', #3224 ) ;
#6688 = CARTESIAN_POINT ( 'NONE',  ( -8.699999999999999300, -0.8100000000000015000, 1.299999999999999600 ) ) ;
#6689 = ADVANCED_FACE ( 'NONE', ( #8803 ), #8371, .F. ) ;
#6690 = DIRECTION ( 'NONE',  ( -0.0000000000000000000, 1.000000000000000000, -0.0000000000000000000 ) ) ;
#6691 = CARTESIAN_POINT ( 'NONE',  ( 16.59999999999999800, -0.9100000000000076900, 5.099999999999999600 ) ) ;
#6692 = DIRECTION ( 'NONE',  ( 0.0000000000000000000, 1.000000000000000000, 0.0000000000000000000 ) ) ;
#6693 = FILL_AREA_STYLE ('',( #10358 ) ) ;
#6694 = CARTESIAN_POINT ( 'NONE',  ( 1.540000000000000000, 0.1325000000000000900, 0.1325000000000001200 ) ) ;
#6695 = PRESENTATION_STYLE_ASSIGNMENT (( #6265 ) ) ;
#6696 = LINE ( 'NONE', #772, #11584 ) ;
#6697 = ORIENTED_EDGE ( 'NONE', *, *, #2704, .T. ) ;
#6698 = AXIS2_PLACEMENT_3D ( 'NONE', #2878, #5637, #1941 ) ;
#6699 = LINE ( 'NONE', #4360, #4260 ) ;
#6700 = EDGE_CURVE ( 'NONE', #6822, #9114, #5513, .T. ) ;
#6701 =( GEOMETRIC_REPRESENTATION_CONTEXT ( 3 ) GLOBAL_UNCERTAINTY_ASSIGNED_CONTEXT ( ( #1102 ) ) GLOBAL_UNIT_ASSIGNED_CONTEXT ( ( #6019, #519, #6957 ) ) REPRESENTATION_CONTEXT ( 'NONE', 'WORKASPACE' ) );
#6702 = ORIENTED_EDGE ( 'NONE', *, *, #10675, .F. ) ;
#6703 = CYLINDRICAL_SURFACE ( 'NONE', #8008, 0.5000000000000004400 ) ;
#6704 = LINE ( 'NONE', #3761, #11301 ) ;
#6705 = LINE ( 'NONE', #10529, #4269 ) ;
#6706 = DIRECTION ( 'NONE',  ( 0.0000000000000000000, 0.0000000000000000000, 1.000000000000000000 ) ) ;
#6707 =( NAMED_UNIT ( * ) PLANE_ANGLE_UNIT ( ) SI_UNIT ( $, .RADIAN. ) );
#6708 = CONICAL_SURFACE ( 'NONE', #2355, 2.149999999999999000, 0.7853981633974495000 ) ;
#6709 = ORIENTED_EDGE ( 'NONE', *, *, #6980, .T. ) ;
#6710 = CARTESIAN_POINT ( 'NONE',  ( 32.20000000000000300, 2.900000000000000400, 47.20000000000000300 ) ) ;
#6711 = VECTOR ( 'NONE', #8275, 1000.000000000000000 ) ;
#6712 = ORIENTED_EDGE ( 'NONE', *, *, #2436, .F. ) ;
#6713 = CARTESIAN_POINT ( 'NONE',  ( 35.00000000000000000, 0.5000000000000000000, -36.00000000000000700 ) ) ;
#6714 = FACE_OUTER_BOUND ( 'NONE', #6953, .T. ) ;
#6715 = LINE ( 'NONE', #3236, #11043 ) ;
#6716 = AXIS2_PLACEMENT_3D ( 'NONE', #11044, #5536, #13 ) ;
#6717 = ORIENTED_EDGE ( 'NONE', *, *, #5223, .T. ) ;
#6718 = FILL_AREA_STYLE_COLOUR ( '', #7045 ) ;
#6719 = CARTESIAN_POINT ( 'NONE',  ( 30.86000000000001700, 1.999999999999999600, 41.84999999999998700 ) ) ;
#6720 = DIRECTION ( 'NONE',  ( 1.392979236598078500E-016, 1.000000000000000000, -0.0000000000000000000 ) ) ;
#6721 = EDGE_CURVE ( 'NONE', #94, #2540, #7975, .T. ) ;
#6722 = EDGE_CURVE ( 'NONE', #4799, #113, #3066, .T. ) ;
#6723 = EDGE_CURVE ( 'NONE', #4488, #7894, #10106, .T. ) ;
#6724 = VECTOR ( 'NONE', #5127, 1000.000000000000000 ) ;
#6725 = CARTESIAN_POINT ( 'NONE',  ( 18.55000000000000100, -2.010000000000008200, 5.099999999999999600 ) ) ;
#6726 = VERTEX_POINT ( 'NONE', #3839 ) ;
#6727 = CYLINDRICAL_SURFACE ( 'NONE', #11748, 0.5000000000000004400 ) ;
#6728 = FACE_OUTER_BOUND ( 'NONE', #1947, .T. ) ;
#6729 = SURFACE_SIDE_STYLE ('',( #787 ) ) ;
#6730 = CARTESIAN_POINT ( 'NONE',  ( -15.94999999999999200, -2.900000000000000400, -43.20000000000000300 ) ) ;
#6731 = VECTOR ( 'NONE', #11008, 1000.000000000000000 ) ;
#6732 = CARTESIAN_POINT ( 'NONE',  ( 30.86000000000001700, -2.900000000000000400, 38.09999999999998000 ) ) ;
#6733 = SURFACE_STYLE_USAGE ( .BOTH. , #297 ) ;
#6734 = EDGE_LOOP ( 'NONE', ( #4466, #5757, #6831, #3339 ) ) ;
#6735 = PRESENTATION_STYLE_ASSIGNMENT (( #2590 ) ) ;
#6736 = DIRECTION ( 'NONE',  ( 0.0000000000000000000, 1.000000000000000000, 0.0000000000000000000 ) ) ;
#6737 = VERTEX_POINT ( 'NONE', #2019 ) ;
#6738 = CARTESIAN_POINT ( 'NONE',  ( 1.400000000000002100, -5.401102314577125100, 0.7000000000000009500 ) ) ;
#6739 = ADVANCED_FACE ( 'NONE', ( #7374 ), #3876, .T. ) ;
#6740 = VECTOR ( 'NONE', #7732, 1000.000000000000000 ) ;
#6741 = FACE_OUTER_BOUND ( 'NONE', #5707, .T. ) ;
#6742 = EDGE_CURVE ( 'NONE', #7516, #3093, #5215, .T. ) ;
#6743 = AXIS2_PLACEMENT_3D ( 'NONE', #635, #6122, #10761 ) ;
#6744 = ORIENTED_EDGE ( 'NONE', *, *, #11263, .T. ) ;
#6745 = VERTEX_POINT ( 'NONE', #6644 ) ;
#6746 = ORIENTED_EDGE ( 'NONE', *, *, #5784, .F. ) ;
#6747 = VECTOR ( 'NONE', #10609, 1000.000000000000000 ) ;
#6748 = FILL_AREA_STYLE ('',( #10401 ) ) ;
#6749 = DIRECTION ( 'NONE',  ( 1.392979236598078500E-016, 1.000000000000000000, -0.0000000000000000000 ) ) ;
#6750 = ADVANCED_FACE ( 'NONE', ( #4915 ), #9516, .T. ) ;
#6751 = MECHANICAL_DESIGN_GEOMETRIC_PRESENTATION_REPRESENTATION (  '', ( #4891 ), #7367 ) ;
#6752 = LINE ( 'NONE', #2430, #3469 ) ;
#6753 =( LENGTH_UNIT ( ) NAMED_UNIT ( * ) SI_UNIT ( .MILLI., .METRE. ) );
#6754 = CARTESIAN_POINT ( 'NONE',  ( 30.00000000000000400, 2.899999999999999900, -48.89999999999999900 ) ) ;
#6755 = ORIENTED_EDGE ( 'NONE', *, *, #8269, .F. ) ;
#6756 = CIRCLE ( 'NONE', #605, 2.149999999999999000 ) ;
#6757 = VERTEX_POINT ( 'NONE', #3907 ) ;
#6758 = FACE_OUTER_BOUND ( 'NONE', #811, .T. ) ;
#6759 = UNCERTAINTY_MEASURE_WITH_UNIT (LENGTH_MEASURE( 1.000000000000000100E-005 ), #7837, 'distance_accuracy_value', 'NONE');
#6760 = CARTESIAN_POINT ( 'NONE',  ( -1.199999999999997500, -0.9100000000000041400, 1.299999999999999200 ) ) ;
#6761 = DIRECTION ( 'NONE',  ( -1.000000000000000000, 2.409338161078899700E-016, 0.0000000000000000000 ) ) ;
#6762 = PLANE ( 'NONE',  #2449 ) ;
#6763 = CARTESIAN_POINT ( 'NONE',  ( 33.00000000000000000, 3.500000000000000000, -48.00000000000000000 ) ) ;
#6764 = LINE ( 'NONE', #3909, #11362 ) ;
#6765 = VECTOR ( 'NONE', #45, 1000.000000000000000 ) ;
#6766 = CARTESIAN_POINT ( 'NONE',  ( -25.85999999999999900, -0.9100000000000035800, -3.111100318418500300E-016 ) ) ;
#6767 = VERTEX_POINT ( 'NONE', #10348 ) ;
#6768 = CARTESIAN_POINT ( 'NONE',  ( -34.39999999999998400, 2.899999999999999900, -33.50000000000000000 ) ) ;
#6769 = STYLED_ITEM ( 'NONE', ( #10586 ), #8034 ) ;
#6770 = VERTEX_POINT ( 'NONE', #4828 ) ;
#6771 = CARTESIAN_POINT ( 'NONE',  ( -16.34000000000000000, -0.8100000000000007200, 5.099999999999999600 ) ) ;
#6772 = FILL_AREA_STYLE ('',( #3995 ) ) ;
#6773 = CARTESIAN_POINT ( 'NONE',  ( 30.00000000000000400, 2.899999999999999900, 49.39999999999999900 ) ) ;
#6774 = FACE_OUTER_BOUND ( 'NONE', #3784, .T. ) ;
#6775 =( GEOMETRIC_REPRESENTATION_CONTEXT ( 3 ) GLOBAL_UNCERTAINTY_ASSIGNED_CONTEXT ( ( #1686 ) ) GLOBAL_UNIT_ASSIGNED_CONTEXT ( ( #2628, #9048, #3558 ) ) REPRESENTATION_CONTEXT ( 'NONE', 'WORKASPACE' ) );
#6776 = EDGE_CURVE ( 'NONE', #1076, #5210, #4645, .T. ) ;
#6777 = CIRCLE ( 'NONE', #11223, 0.5000000000000004400 ) ;
#6778 = EDGE_CURVE ( 'NONE', #2450, #11816, #28, .T. ) ;
#6779 = VECTOR ( 'NONE', #6007, 1000.000000000000000 ) ;
#6780 = CARTESIAN_POINT ( 'NONE',  ( -7.399999999999998600, -0.9100000000000011400, 0.6999999999999998400 ) ) ;
#6781 = VECTOR ( 'NONE', #434, 1000.000000000000000 ) ;
#6782 = ORIENTED_EDGE ( 'NONE', *, *, #4582, .T. ) ;
#6783 = VERTEX_POINT ( 'NONE', #8512 ) ;
#6784 = ORIENTED_EDGE ( 'NONE', *, *, #6619, .F. ) ;
#6785 = CARTESIAN_POINT ( 'NONE',  ( -3.999999999999997300, -1.950000000000001100, 5.099999999999999600 ) ) ;
#6786 = SURFACE_STYLE_FILL_AREA ( #2551 ) ;
#6787 = CARTESIAN_POINT ( 'NONE',  ( -32.20000000000000300, 2.900000000000000400, -46.40000000000001300 ) ) ;
#6788 = FILL_AREA_STYLE ('',( #10486 ) ) ;
#6789 = SURFACE_STYLE_USAGE ( .BOTH. , #348 ) ;
#6790 = LINE ( 'NONE', #10127, #4056 ) ;
#6791 = ORIENTED_EDGE ( 'NONE', *, *, #8172, .T. ) ;
#6792 = CARTESIAN_POINT ( 'NONE',  ( 16.60000000000000500, 0.2899999999999967600, -20.72142852218446800 ) ) ;
#6793 = PRESENTATION_LAYER_ASSIGNMENT (  '', '', ( #5564 ) ) ;
#6794 = VERTEX_POINT ( 'NONE', #11261 ) ;
#6795 = EDGE_LOOP ( 'NONE', ( #2700, #5509, #10740, #7189 ) ) ;
#6796 = STYLED_ITEM ( 'NONE', ( #7117 ), #6240 ) ;
#6797 = EDGE_LOOP ( 'NONE', ( #3925, #8064 ) ) ;
#6798 = ADVANCED_FACE ( 'NONE', ( #9818 ), #1186, .T. ) ;
#6799 = EDGE_CURVE ( 'NONE', #1072, #8422, #9250, .T. ) ;
#6800 = FACE_OUTER_BOUND ( 'NONE', #9069, .T. ) ;
#6801 = CYLINDRICAL_SURFACE ( 'NONE', #5651, 0.7999999999999951600 ) ;
#6802 = ORIENTED_EDGE ( 'NONE', *, *, #2703, .F. ) ;
#6803 = CARTESIAN_POINT ( 'NONE',  ( 1.540000000000000000, 0.1325000000000000900, -0.1325000000000000300 ) ) ;
#6804 = CARTESIAN_POINT ( 'NONE',  ( 29.50000000000000000, 2.899999999999999900, 49.39999999999999900 ) ) ;
#6805 = PLANE ( 'NONE',  #10559 ) ;
#6806 = ORIENTED_EDGE ( 'NONE', *, *, #2933, .T. ) ;
#6807 = ORIENTED_EDGE ( 'NONE', *, *, #5626, .T. ) ;
#6808 = DIRECTION ( 'NONE',  ( -1.000000000000000000, 0.0000000000000000000, 0.0000000000000000000 ) ) ;
#6809 = VECTOR ( 'NONE', #8375, 1000.000000000000000 ) ;
#6810 = PLANE ( 'NONE',  #910 ) ;
#6811 = FACE_OUTER_BOUND ( 'NONE', #7505, .T. ) ;
#6812 = ADVANCED_FACE ( 'NONE', ( #6800 ), #6515, .F. ) ;
#6813 = CARTESIAN_POINT ( 'NONE',  ( 1.084202172485504400E-016, 0.2649999999999981800, 0.2649999999999999600 ) ) ;
#6814 = CARTESIAN_POINT ( 'NONE',  ( -32.20000000000000300, 2.900000000000000400, 47.20000000000000300 ) ) ;
#6815 = EDGE_CURVE ( 'NONE', #6311, #5933, #315, .T. ) ;
#6816 = AXIS2_PLACEMENT_3D ( 'NONE', #8057, #7113, #4344 ) ;
#6817 = ORIENTED_EDGE ( 'NONE', *, *, #2965, .T. ) ;
#6818 = DIRECTION ( 'NONE',  ( -1.000000000000000000, -0.0000000000000000000, -1.387778780781445900E-016 ) ) ;
#6819 =( LENGTH_UNIT ( ) NAMED_UNIT ( * ) SI_UNIT ( .MILLI., .METRE. ) );
#6820 = VERTEX_POINT ( 'NONE', #3071 ) ;
#6821 = DIRECTION ( 'NONE',  ( 0.0000000000000000000, 0.0000000000000000000, 1.000000000000000000 ) ) ;
#6822 = VERTEX_POINT ( 'NONE', #10417 ) ;
#6823 = LINE ( 'NONE', #196, #1931 ) ;
#6824 = SURFACE_STYLE_FILL_AREA ( #3678 ) ;
#6825 =( GEOMETRIC_REPRESENTATION_CONTEXT ( 3 ) GLOBAL_UNCERTAINTY_ASSIGNED_CONTEXT ( ( #110 ) ) GLOBAL_UNIT_ASSIGNED_CONTEXT ( ( #9631, #4123, #10554 ) ) REPRESENTATION_CONTEXT ( 'NONE', 'WORKASPACE' ) );
#6826 = ORIENTED_EDGE ( 'NONE', *, *, #9248, .T. ) ;
#6827 = FILL_AREA_STYLE ('',( #11404 ) ) ;
#6828 = UNCERTAINTY_MEASURE_WITH_UNIT (LENGTH_MEASURE( 1.000000000000000100E-005 ), #10422, 'distance_accuracy_value', 'NONE');
#6829 = PRESENTATION_STYLE_ASSIGNMENT (( #9577 ) ) ;
#6830 = SURFACE_STYLE_USAGE ( .BOTH. , #385 ) ;
#6831 = ORIENTED_EDGE ( 'NONE', *, *, #5499, .T. ) ;
#6832 = SURFACE_STYLE_USAGE ( .BOTH. , #386 ) ;
#6833 = EDGE_CURVE ( 'NONE', #8934, #7839, #4366, .T. ) ;
#6834 = ORIENTED_EDGE ( 'NONE', *, *, #2981, .F. ) ;
#6835 = PRESENTATION_STYLE_ASSIGNMENT (( #2305 ) ) ;
#6836 = LINE ( 'NONE', #8677, #9286 ) ;
#6837 = CYLINDRICAL_SURFACE ( 'NONE', #6914, 0.5000000000000004400 ) ;
#6838 = DIRECTION ( 'NONE',  ( 0.0000000000000000000, 0.0000000000000000000, 1.000000000000000000 ) ) ;
#6839 = CARTESIAN_POINT ( 'NONE',  ( -33.89999999999998400, 2.900000000000000400, 44.50000000000001400 ) ) ;
#6840 = ORIENTED_EDGE ( 'NONE', *, *, #1671, .F. ) ;
#6841 = AXIS2_PLACEMENT_3D ( 'NONE', #4475, #10905, #5395 ) ;
#6842 = CARTESIAN_POINT ( 'NONE',  ( 1.000000000000002000, -0.8100000000000040500, 5.099999999999999600 ) ) ;
#6843 = CARTESIAN_POINT ( 'NONE',  ( 30.86000000000001700, -2.899999999999999900, 43.09999999999998700 ) ) ;
#6845 = AXIS2_PLACEMENT_3D ( 'NONE', #5065, #7773, #8715 ) ;
#6844 = PRODUCT_DEFINITION_CONTEXT ( 'detailed design', #11014, 'design' ) ;
#6846 = ORIENTED_EDGE ( 'NONE', *, *, #1468, .F. ) ;
#6847 = CARTESIAN_POINT ( 'NONE',  ( 30.86000000000000700, -3.500000000000000000, -36.00000000000000700 ) ) ;
#6848 = EDGE_CURVE ( 'NONE', #3737, #10280, #1914, .T. ) ;
#6849 = DIRECTION ( 'NONE',  ( 0.0000000000000000000, 0.0000000000000000000, 1.000000000000000000 ) ) ;
#6850 = COLOUR_RGB ( '',0.9686274509803921600, 0.8784313725490196000, 0.5999999999999999800 ) ;
#6851 = DIRECTION ( 'NONE',  ( 1.000000000000000000, -1.668003342285391100E-017, -1.355252715606881000E-016 ) ) ;
#6852 = SURFACE_STYLE_FILL_AREA ( #8015 ) ;
#6853 = ORIENTED_EDGE ( 'NONE', *, *, #1635, .F. ) ;
#6854 = CARTESIAN_POINT ( 'NONE',  ( 0.0000000000000000000, 0.2999999999999999900, 0.0000000000000000000 ) ) ;
#6855 = DIRECTION ( 'NONE',  ( 0.0000000000000000000, -1.000000000000000000, 0.0000000000000000000 ) ) ;
#6856 = DIRECTION ( 'NONE',  ( 3.804218149071954900E-016, -1.000000000000000000, 0.0000000000000000000 ) ) ;
#6857 = ADVANCED_FACE ( 'NONE', ( #8953 ), #3107, .F. ) ;
#6858 = ORIENTED_EDGE ( 'NONE', *, *, #9525, .T. ) ;
#6859 = CIRCLE ( 'NONE', #11283, 2.500000000000002200 ) ;
#6860 = DIRECTION ( 'NONE',  ( 0.7071067811865477900, -0.7071067811865473500, 0.0000000000000000000 ) ) ;
#6861 = FACE_OUTER_BOUND ( 'NONE', #4450, .T. ) ;
#6862 = FACE_OUTER_BOUND ( 'NONE', #3503, .T. ) ;
#6863 = VECTOR ( 'NONE', #10423, 1000.000000000000000 ) ;
#6865 = EDGE_CURVE ( 'NONE', #406, #4214, #11690, .T. ) ;
#6864 = ORIENTED_EDGE ( 'NONE', *, *, #3488, .T. ) ;
#6866 = MECHANICAL_DESIGN_GEOMETRIC_PRESENTATION_REPRESENTATION (  '', ( #5629 ), #7480 ) ;
#6867 = CARTESIAN_POINT ( 'NONE',  ( 34.39999999999999900, 2.899999999999999900, 38.09999999999998000 ) ) ;
#6868 = EDGE_CURVE ( 'NONE', #1072, #2509, #11118, .T. ) ;
#6869 = ORIENTED_EDGE ( 'NONE', *, *, #8211, .F. ) ;
#6870 = CARTESIAN_POINT ( 'NONE',  ( -11.21999999999999900, -0.8100000000000011600, 5.100000000000000500 ) ) ;
#6871 = LINE ( 'NONE', #30, #11764 ) ;
#6872 = ADVANCED_FACE ( 'NONE', ( #8651 ), #2213, .T. ) ;
#6873 = COLOUR_RGB ( '',0.9686274509803921600, 0.8784313725490196000, 0.5999999999999999800 ) ;
#6874 = CARTESIAN_POINT ( 'NONE',  ( 28.00000000000000400, -1.099999999999999900, -50.00000000000000000 ) ) ;
#6875 = ORIENTED_EDGE ( 'NONE', *, *, #11315, .F. ) ;
#6876 = ORIENTED_EDGE ( 'NONE', *, *, #11025, .T. ) ;
#6877 = CARTESIAN_POINT ( 'NONE',  ( 30.86000000000000700, -3.500000000000000000, -36.00000000000000700 ) ) ;
#6878 = CYLINDRICAL_SURFACE ( 'NONE', #1170, 1.249999999999994200 ) ;
#6879 = CARTESIAN_POINT ( 'NONE',  ( 1.300000000000000000, -0.9100000000000041400, 0.0000000000000000000 ) ) ;
#6880 = VERTEX_POINT ( 'NONE', #10498 ) ;
#6881 = VECTOR ( 'NONE', #4229, 1000.000000000000000 ) ;
#6882 = ORIENTED_EDGE ( 'NONE', *, *, #3436, .T. ) ;
#6883 = PLANE ( 'NONE',  #8306 ) ;
#6884 = CIRCLE ( 'NONE', #8073, 1.399999999999998600 ) ;
#6885 = FILL_AREA_STYLE_COLOUR ( '', #6520 ) ;
#6886 = DIRECTION ( 'NONE',  ( -3.168854151125935100E-048, -1.899788849813798600E-031, 1.000000000000000000 ) ) ;
#6887 = ORIENTED_EDGE ( 'NONE', *, *, #3570, .F. ) ;
#6888 = CARTESIAN_POINT ( 'NONE',  ( 10.10000000000000100, -0.9100000000000062500, 5.099999999999999600 ) ) ;
#6889 = EDGE_CURVE ( 'NONE', #11720, #4710, #10834, .T. ) ;
#6890 =( GEOMETRIC_REPRESENTATION_CONTEXT ( 3 ) GLOBAL_UNCERTAINTY_ASSIGNED_CONTEXT ( ( #2402 ) ) GLOBAL_UNIT_ASSIGNED_CONTEXT ( ( #5060, #11505, #5986 ) ) REPRESENTATION_CONTEXT ( 'NONE', 'WORKASPACE' ) );
#6891 = ORIENTED_EDGE ( 'NONE', *, *, #8054, .F. ) ;
#6892 = COLOUR_RGB ( '',0.9686274509803921600, 0.8784313725490196000, 0.5999999999999999800 ) ;
#6893 = DIRECTION ( 'NONE',  ( 1.387778780781445700E-016, 0.0000000000000000000, 1.000000000000000000 ) ) ;
#6894 = EDGE_CURVE ( 'NONE', #5374, #5492, #8374, .T. ) ;
#6895 = VERTEX_POINT ( 'NONE', #4068 ) ;
#6896 =( NAMED_UNIT ( * ) SI_UNIT ( $, .STERADIAN. ) SOLID_ANGLE_UNIT ( ) );
#6897 = CARTESIAN_POINT ( 'NONE',  ( 16.60000000000000500, -0.8100000000000043800, -20.72142852218446800 ) ) ;
#6898 = CARTESIAN_POINT ( 'NONE',  ( -11.21999999999999900, -0.8100000000000011600, 5.100000000000000500 ) ) ;
#6899 = CARTESIAN_POINT ( 'NONE',  ( 4.000000000000003600, -0.8100000000000041600, 5.099999999999999600 ) ) ;
#6900 = CIRCLE ( 'NONE', #8490, 1.000000000000000000 ) ;
#6901 = DIRECTION ( 'NONE',  ( -0.0000000000000000000, -0.0000000000000000000, -1.000000000000000000 ) ) ;
#6902 = LINE ( 'NONE', #164, #11495 ) ;
#6903 = FILL_AREA_STYLE_COLOUR ( '', #10903 ) ;
#6904 = VERTEX_POINT ( 'NONE', #6843 ) ;
#6905 = VECTOR ( 'NONE', #10747, 1000.000000000000000 ) ;
#6906 = DIRECTION ( 'NONE',  ( 0.0000000000000000000, 0.0000000000000000000, 1.000000000000000000 ) ) ;
#6907 =( GEOMETRIC_REPRESENTATION_CONTEXT ( 3 ) GLOBAL_UNCERTAINTY_ASSIGNED_CONTEXT ( ( #5277 ) ) GLOBAL_UNIT_ASSIGNED_CONTEXT ( ( #7498, #1992, #8417 ) ) REPRESENTATION_CONTEXT ( 'NONE', 'WORKASPACE' ) );
#6908 = UNCERTAINTY_MEASURE_WITH_UNIT (LENGTH_MEASURE( 1.000000000000000100E-005 ), #10047, 'distance_accuracy_value', 'NONE');
#6909 = ORIENTED_EDGE ( 'NONE', *, *, #4170, .T. ) ;
#6910 = DIRECTION ( 'NONE',  ( 0.0000000000000000000, 0.0000000000000000000, -1.000000000000000000 ) ) ;
#6911 = CARTESIAN_POINT ( 'NONE',  ( 17.43935378467900300, -0.1693537846790077700, 6.899999999999999500 ) ) ;
#6912 = EDGE_CURVE ( 'NONE', #8773, #433, #10532, .T. ) ;
#6913 = AXIS2_PLACEMENT_3D ( 'NONE', #10077, #4585, #11017 ) ;
#6914 = AXIS2_PLACEMENT_3D ( 'NONE', #6090, #8863, #3384 ) ;
#6915 = DIRECTION ( 'NONE',  ( 0.0000000000000000000, 1.000000000000000000, 0.0000000000000000000 ) ) ;
#6916 = DIRECTION ( 'NONE',  ( 0.0000000000000000000, 1.000000000000000000, 0.0000000000000000000 ) ) ;
#6917 = ORIENTED_EDGE ( 'NONE', *, *, #1032, .T. ) ;
#6918 = SURFACE_SIDE_STYLE ('',( #8859 ) ) ;
#6919 = CARTESIAN_POINT ( 'NONE',  ( 6.200000000000002000, -0.9100000000000033600, 5.099999999999999600 ) ) ;
#6920 = DIRECTION ( 'NONE',  ( -1.000000000000000000, 0.0000000000000000000, -0.0000000000000000000 ) ) ;
#6921 = PLANE ( 'NONE',  #2900 ) ;
#6922 = PRESENTATION_LAYER_ASSIGNMENT (  '', '', ( #5678 ) ) ;
#6923 = DIRECTION ( 'NONE',  ( 3.168854151125935100E-048, 1.899788849813798600E-031, -1.000000000000000000 ) ) ;
#6924 = DIRECTION ( 'NONE',  ( -0.0000000000000000000, -1.000000000000000000, -0.0000000000000000000 ) ) ;
#6925 = AXIS2_PLACEMENT_3D ( 'NONE', #639, #1571, #8010 ) ;
#6926 = ADVANCED_FACE ( 'NONE', ( #1064 ), #4108, .T. ) ;
#6927 = LINE ( 'NONE', #10844, #11805 ) ;
#6928 = EDGE_CURVE ( 'NONE', #10328, #10045, #3211, .T. ) ;
#6929 = VERTEX_POINT ( 'NONE', #5944 ) ;
#6930 = SURFACE_SIDE_STYLE ('',( #1558 ) ) ;
#6931 = ORIENTED_EDGE ( 'NONE', *, *, #10246, .F. ) ;
#6932 = DIRECTION ( 'NONE',  ( -1.000000000000000000, 1.668003342285391100E-017, 0.0000000000000000000 ) ) ;
#6933 = DIRECTION ( 'NONE',  ( 1.668003342285391100E-017, 1.000000000000000000, -0.0000000000000000000 ) ) ;
#6934 = CARTESIAN_POINT ( 'NONE',  ( -6.349999999999990800, 2.326828918379970400E-016, -1.899999999999999200 ) ) ;
#6935 = CARTESIAN_POINT ( 'NONE',  ( 0.0000000000000000000, 2.900000000000000400, 0.0000000000000000000 ) ) ;
#6936 = DIRECTION ( 'NONE',  ( -1.000000000000000000, 1.668003342285391100E-017, 0.0000000000000000000 ) ) ;
#6937 = CARTESIAN_POINT ( 'NONE',  ( -2.499999999999997300, -0.9100000000000041400, 1.299999999999999200 ) ) ;
#6938 = VERTEX_POINT ( 'NONE', #446 ) ;
#6939 = VECTOR ( 'NONE', #8040, 1000.000000000000000 ) ;
#6940 = VECTOR ( 'NONE', #7545, 1000.000000000000000 ) ;
#6941 = CARTESIAN_POINT ( 'NONE',  ( 0.0000000000000000000, 0.0000000000000000000, 5.099999999999999600 ) ) ;
#6942 = ORIENTED_EDGE ( 'NONE', *, *, #3488, .F. ) ;
#6943 = ADVANCED_FACE ( 'NONE', ( #777 ), #11464, .F. ) ;
#6944 = DIRECTION ( 'NONE',  ( -2.646366421711166800E-047, 1.899788849813798600E-031, -1.000000000000000000 ) ) ;
#6945 = EDGE_CURVE ( 'NONE', #141, #2897, #9379, .T. ) ;
#6946 = EDGE_LOOP ( 'NONE', ( #3019, #2318, #9558, #444 ) ) ;
#6947 = AXIS2_PLACEMENT_3D ( 'NONE', #4037, #10466, #4941 ) ;
#6948 = EDGE_LOOP ( 'NONE', ( #1953, #10339 ) ) ;
#6949 = DIRECTION ( 'NONE',  ( 0.0000000000000000000, 1.000000000000000000, 0.0000000000000000000 ) ) ;
#6950 = LINE ( 'NONE', #11545, #6647 ) ;
#6951 = VECTOR ( 'NONE', #7053, 1000.000000000000000 ) ;
#6952 = ORIENTED_EDGE ( 'NONE', *, *, #1141, .T. ) ;
#6953 = EDGE_LOOP ( 'NONE', ( #3419, #11784, #11687, #556 ) ) ;
#6954 = CARTESIAN_POINT ( 'NONE',  ( 30.00000000000000400, 9.722539674441609500, -45.00000000000001400 ) ) ;
#6955 = ORIENTED_EDGE ( 'NONE', *, *, #8100, .T. ) ;
#6956 = SURFACE_STYLE_USAGE ( .BOTH. , #518 ) ;
#6957 =( NAMED_UNIT ( * ) SI_UNIT ( $, .STERADIAN. ) SOLID_ANGLE_UNIT ( ) );
#6958 = CARTESIAN_POINT ( 'NONE',  ( 33.00000000000000000, 3.500000000000000000, -50.00000000000000000 ) ) ;
#6959 = CARTESIAN_POINT ( 'NONE',  ( 30.00000000000000400, 9.722539674441609500, -47.00000000000001400 ) ) ;
#6960 = CARTESIAN_POINT ( 'NONE',  ( 22.80000000000000100, -0.4500000000000076700, 0.0000000000000000000 ) ) ;
#6961 = MECHANICAL_DESIGN_GEOMETRIC_PRESENTATION_REPRESENTATION (  '', ( #5089 ), #7554 ) ;
#6962 = ORIENTED_EDGE ( 'NONE', *, *, #11402, .T. ) ;
#6963 = EDGE_CURVE ( 'NONE', #8493, #2960, #4775, .T. ) ;
#6964 = EDGE_CURVE ( 'NONE', #5811, #9127, #11829, .T. ) ;
#6965 = ORIENTED_EDGE ( 'NONE', *, *, #1158, .F. ) ;
#6966 = DIRECTION ( 'NONE',  ( 0.0000000000000000000, -0.4226182617407002200, -0.9063077870366494900 ) ) ;
#6967 = VECTOR ( 'NONE', #8699, 1000.000000000000000 ) ;
#6968 = CARTESIAN_POINT ( 'NONE',  ( -32.20000000000001700, -0.2999999999999999900, -48.75000000000002100 ) ) ;
#6969 = DIRECTION ( 'NONE',  ( -0.0000000000000000000, -1.000000000000000000, -0.0000000000000000000 ) ) ;
#6970 = CARTESIAN_POINT ( 'NONE',  ( -3.999999999999996400, 1.949999999999992000, 6.299999999999999800 ) ) ;
#6971 = LINE ( 'NONE', #604, #6671 ) ;
#6972 = DIRECTION ( 'NONE',  ( 0.0000000000000000000, 0.0000000000000000000, -1.000000000000000000 ) ) ;
#6973 = ORIENTED_EDGE ( 'NONE', *, *, #10435, .T. ) ;
#6974 = PLANE ( 'NONE',  #8098 ) ;
#6975 = EDGE_LOOP ( 'NONE', ( #9190, #11713, #8463, #290, #6253, #857 ) ) ;
#6976 = DIRECTION ( 'NONE',  ( 0.0000000000000000000, -1.000000000000000000, 0.0000000000000000000 ) ) ;
#6977 = ORIENTED_EDGE ( 'NONE', *, *, #7876, .F. ) ;
#6978 = CARTESIAN_POINT ( 'NONE',  ( -35.00000000000000000, 0.5000000000000000000, -36.00000000000000700 ) ) ;
#6979 = PLANE ( 'NONE',  #4595 ) ;
#6980 = EDGE_CURVE ( 'NONE', #3730, #8317, #6950, .T. ) ;
#6981 = AXIS2_PLACEMENT_3D ( 'NONE', #11392, #7736, #2227 ) ;
#6982 = LINE ( 'NONE', #10794, #4809 ) ;
#6983 = CARTESIAN_POINT ( 'NONE',  ( 33.00000000000001400, 3.500000000000000000, 48.00000000000000000 ) ) ;
#6984 = DIRECTION ( 'NONE',  ( 0.8518743543862779000, -0.5185923423617760900, 0.07329438438713058200 ) ) ;
#6985 = LINE ( 'NONE', #1763, #2077 ) ;
#6986 = STYLED_ITEM ( 'NONE', ( #7711 ), #2717 ) ;
#6987 = CARTESIAN_POINT ( 'NONE',  ( -34.39999999999999900, 0.2999999999999999900, 48.00000000000000000 ) ) ;
#6988 = ADVANCED_FACE ( 'NONE', ( #1769 ), #1464, .F. ) ;
#6989 = UNCERTAINTY_MEASURE_WITH_UNIT (LENGTH_MEASURE( 1.000000000000000100E-005 ), #8471, 'distance_accuracy_value', 'NONE');
#6990 = ORIENTED_EDGE ( 'NONE', *, *, #5718, .T. ) ;
#6991 = SURFACE_STYLE_USAGE ( .BOTH. , #559 ) ;
#6992 = PRESENTATION_LAYER_ASSIGNMENT (  '', '', ( #6368 ) ) ;
#6993 = CARTESIAN_POINT ( 'NONE',  ( 18.55000000000000400, 0.6699999999999920500, -2.088061301782108400 ) ) ;
#6994 = VECTOR ( 'NONE', #4954, 1000.000000000000000 ) ;
#6995 = CARTESIAN_POINT ( 'NONE',  ( -30.86000000000000700, 10.74102034176674400, -38.50000000000000700 ) ) ;
#6996 = SURFACE_SIDE_STYLE ('',( #8874 ) ) ;
#6997 = CARTESIAN_POINT ( 'NONE',  ( -0.0000000000000000000, 0.2650000000000029000, -1.069999999999999000 ) ) ;
#6998 = CARTESIAN_POINT ( 'NONE',  ( 4.000000000000001800, -0.9100000000000029200, 0.7000000000000010700 ) ) ;
#6999 = ADVANCED_FACE ( 'NONE', ( #8240 ), #2427, .F. ) ;
#7000 = VERTEX_POINT ( 'NONE', #7946 ) ;
#7001 = CARTESIAN_POINT ( 'NONE',  ( -29.50000000000000400, 9.722539674441609500, -48.89999999999999900 ) ) ;
#7002 = VECTOR ( 'NONE', #10749, 1000.000000000000000 ) ;
#7003 = SURFACE_SIDE_STYLE ('',( #3971 ) ) ;
#7004 = ORIENTED_EDGE ( 'NONE', *, *, #6037, .F. ) ;
#7005 = FACE_OUTER_BOUND ( 'NONE', #1429, .T. ) ;
#7006 = VECTOR ( 'NONE', #6528, 1000.000000000000000 ) ;
#7007 = FACE_OUTER_BOUND ( 'NONE', #8521, .T. ) ;
#7008 = STYLED_ITEM ( 'NONE', ( #3843 ), #11926 ) ;
#7009 = CIRCLE ( 'NONE', #3664, 1.549999999999995800 ) ;
#7010 = DIRECTION ( 'NONE',  ( -1.000000000000000000, -0.0000000000000000000, -0.0000000000000000000 ) ) ;
#7011 = CARTESIAN_POINT ( 'NONE',  ( 16.59999999999999800, -0.9100000000000076900, 1.300000000000002700 ) ) ;
#7012 = VERTEX_POINT ( 'NONE', #10702 ) ;
#7013 = DIRECTION ( 'NONE',  ( 1.668003342285391100E-017, 1.000000000000000000, 0.0000000000000000000 ) ) ;
#7014 = FILL_AREA_STYLE_COLOUR ( '', #3272 ) ;
#7015 = AXIS2_PLACEMENT_3D ( 'NONE', #10662, #5144, #11578 ) ;
#7016 = EDGE_CURVE ( 'NONE', #11630, #292, #3356, .T. ) ;
#7017 = CARTESIAN_POINT ( 'NONE',  ( 29.50000000000000000, -2.900000000000000400, 49.39999999999999900 ) ) ;
#7018 = EDGE_CURVE ( 'NONE', #5674, #141, #922, .T. ) ;
#7019 = DIRECTION ( 'NONE',  ( -1.204669080539449800E-016, 1.678079016163151600E-032, 1.000000000000000000 ) ) ;
#7020 = ORIENTED_EDGE ( 'NONE', *, *, #5391, .F. ) ;
#7021 = COLOUR_RGB ( '',0.9686274509803921600, 0.8784313725490196000, 0.5999999999999999800 ) ;
#7022 = CARTESIAN_POINT ( 'NONE',  ( -0.0000000000000000000, 0.2650000000000029000, -1.069999999999999000 ) ) ;
#7023 = VECTOR ( 'NONE', #1282, 1000.000000000000000 ) ;
#7024 = DIRECTION ( 'NONE',  ( -1.000000000000000000, 0.0000000000000000000, 0.0000000000000000000 ) ) ;
#7025 = LINE ( 'NONE', #2208, #2412 ) ;
#7026 = DIRECTION ( 'NONE',  ( 1.392979236598078500E-016, 1.000000000000000000, 0.0000000000000000000 ) ) ;
#7027 =( LENGTH_UNIT ( ) NAMED_UNIT ( * ) SI_UNIT ( .MILLI., .METRE. ) );
#7028 = ORIENTED_EDGE ( 'NONE', *, *, #5767, .T. ) ;
#7029 = CARTESIAN_POINT ( 'NONE',  ( 17.19858371164872000, -1.411416288351292000, 6.383666912134967400 ) ) ;
#7030 = CARTESIAN_POINT ( 'NONE',  ( -30.00000000000000400, -2.900000000000000400, 47.00000000000001400 ) ) ;
#7031 = ORIENTED_EDGE ( 'NONE', *, *, #9078, .T. ) ;
#7032 = FACE_OUTER_BOUND ( 'NONE', #3068, .T. ) ;
#7033 = DIRECTION ( 'NONE',  ( 0.0000000000000000000, 1.000000000000000000, 0.0000000000000000000 ) ) ;
#7034 = EDGE_CURVE ( 'NONE', #6360, #1837, #10383, .T. ) ;
#7035 = ORIENTED_EDGE ( 'NONE', *, *, #8843, .T. ) ;
#7036 = LINE ( 'NONE', #8968, #2126 ) ;
#7037 = EDGE_LOOP ( 'NONE', ( #5235, #6909, #10659, #9280 ) ) ;
#7038 = FILL_AREA_STYLE_COLOUR ( '', #1689 ) ;
#7039 =( GEOMETRIC_REPRESENTATION_CONTEXT ( 3 ) GLOBAL_UNCERTAINTY_ASSIGNED_CONTEXT ( ( #4174 ) ) GLOBAL_UNIT_ASSIGNED_CONTEXT ( ( #4235, #10668, #5156 ) ) REPRESENTATION_CONTEXT ( 'NONE', 'WORKASPACE' ) );
#7040 = EDGE_CURVE ( 'NONE', #10704, #5675, #5502, .T. ) ;
#7041 = DIRECTION ( 'NONE',  ( 4.565061778886338000E-016, 7.999110946584406800E-032, -1.000000000000000000 ) ) ;
#7042 = CARTESIAN_POINT ( 'NONE',  ( -34.39999999999999900, 9.722539674441609500, 45.00000000000001400 ) ) ;
#7043 = DIRECTION ( 'NONE',  ( 1.000000000000000000, 0.0000000000000000000, 1.387778780781445900E-016 ) ) ;
#7044 = LINE ( 'NONE', #7022, #7319 ) ;
#7045 = COLOUR_RGB ( '',0.9686274509803921600, 0.8784313725490196000, 0.5999999999999999800 ) ;
#7046 = VERTEX_POINT ( 'NONE', #9812 ) ;
#7047 = VECTOR ( 'NONE', #10948, 1000.000000000000000 ) ;
#7048 = EDGE_LOOP ( 'NONE', ( #11340, #10672, #5965 ) ) ;
#7049 = ORIENTED_EDGE ( 'NONE', *, *, #6549, .F. ) ;
#7051 = CARTESIAN_POINT ( 'NONE',  ( -21.30000000000000100, -2.850000000000001000, 7.000000000000000000 ) ) ;
#7050 = VECTOR ( 'NONE', #5047, 999.9999999999998900 ) ;
#7052 = ADVANCED_FACE ( 'NONE', ( #5776 ), #662, .F. ) ;
#7053 = DIRECTION ( 'NONE',  ( 1.392979236598078500E-016, 1.000000000000000000, -0.0000000000000000000 ) ) ;
#7054 = CARTESIAN_POINT ( 'NONE',  ( -3.999999999999997300, 0.2899999999999992600, -20.72142852218446800 ) ) ;
#7055 = CARTESIAN_POINT ( 'NONE',  ( 20.55000000000000100, 1.949999999999991500, 5.099999999999999600 ) ) ;
#7056 = CARTESIAN_POINT ( 'NONE',  ( -32.20000000000000300, -2.100000000000000100, -47.20000000000000300 ) ) ;
#7057 = EDGE_CURVE ( 'NONE', #1290, #3161, #4352, .T. ) ;
#7058 = LINE ( 'NONE', #4605, #8337 ) ;
#7059 = AXIS2_PLACEMENT_3D ( 'NONE', #2200, #8618, #3127 ) ;
#7060 = DIRECTION ( 'NONE',  ( 0.0000000000000000000, -1.000000000000000000, 0.0000000000000000000 ) ) ;
#7061 = ORIENTED_EDGE ( 'NONE', *, *, #7290, .T. ) ;
#7062 = FACE_OUTER_BOUND ( 'NONE', #5368, .T. ) ;
#7063 = UNCERTAINTY_MEASURE_WITH_UNIT (LENGTH_MEASURE( 1.000000000000000100E-005 ), #2928, 'distance_accuracy_value', 'NONE');
#7064 = STYLED_ITEM ( 'NONE', ( #8590 ), #2222 ) ;
#7065 =( NAMED_UNIT ( * ) PLANE_ANGLE_UNIT ( ) SI_UNIT ( $, .RADIAN. ) );
#7066 = LINE ( 'NONE', #11102, #9206 ) ;
#7067 = DIRECTION ( 'NONE',  ( -0.0000000000000000000, -1.000000000000000000, -0.0000000000000000000 ) ) ;
#7068 = ADVANCED_FACE ( 'NONE', ( #11676 ), #8070, .F. ) ;
#7069 = DIRECTION ( 'NONE',  ( 0.0000000000000000000, 0.0000000000000000000, -1.000000000000000000 ) ) ;
#7070 = LINE ( 'NONE', #8298, #2153 ) ;
#7071 = ORIENTED_EDGE ( 'NONE', *, *, #10215, .F. ) ;
#7072 = EDGE_CURVE ( 'NONE', #3924, #292, #1056, .T. ) ;
#7073 = ORIENTED_EDGE ( 'NONE', *, *, #3929, .F. ) ;
#7074 = CARTESIAN_POINT ( 'NONE',  ( 15.69999999999999600, -0.8100000000000044900, 5.099999999999999600 ) ) ;
#7075 = LINE ( 'NONE', #5762, #9222 ) ;
#7076 = DIRECTION ( 'NONE',  ( 0.0000000000000000000, 1.000000000000000000, 0.0000000000000000000 ) ) ;
#7077 = LINE ( 'NONE', #464, #6779 ) ;
#7078 =( NAMED_UNIT ( * ) SI_UNIT ( $, .STERADIAN. ) SOLID_ANGLE_UNIT ( ) );
#7079 = EDGE_LOOP ( 'NONE', ( #11684, #4955, #3870 ) ) ;
#7080 =( LENGTH_UNIT ( ) NAMED_UNIT ( * ) SI_UNIT ( .MILLI., .METRE. ) );
#7081 = ORIENTED_EDGE ( 'NONE', *, *, #10956, .T. ) ;
#7082 = CARTESIAN_POINT ( 'NONE',  ( 14.39999999999999900, -0.9100000000000071400, 1.300000000000002500 ) ) ;
#7083 = VERTEX_POINT ( 'NONE', #9007 ) ;
#7084 = AXIS2_PLACEMENT_3D ( 'NONE', #9377, #10307, #9413 ) ;
#7085 = EDGE_CURVE ( 'NONE', #7625, #5843, #3498, .T. ) ;
#7086 = VECTOR ( 'NONE', #9082, 1000.000000000000000 ) ;
#7087 = ORIENTED_EDGE ( 'NONE', *, *, #11427, .T. ) ;
#7088 = DIRECTION ( 'NONE',  ( 0.0000000000000000000, -1.000000000000000000, -0.0000000000000000000 ) ) ;
#7089 = DIRECTION ( 'NONE',  ( -1.355252715606881000E-016, 0.0000000000000000000, -1.000000000000000000 ) ) ;
#7090 = FILL_AREA_STYLE ('',( #8883 ) ) ;
#7091 = ORIENTED_EDGE ( 'NONE', *, *, #7179, .T. ) ;
#7092 = ORIENTED_EDGE ( 'NONE', *, *, #3275, .F. ) ;
#7093 = DIRECTION ( 'NONE',  ( 0.0000000000000000000, -1.000000000000000000, 0.0000000000000000000 ) ) ;
#7094 = VECTOR ( 'NONE', #7604, 1000.000000000000000 ) ;
#7095 = VERTEX_POINT ( 'NONE', #10870 ) ;
#7097 = FILL_AREA_STYLE_COLOUR ( '', #3712 ) ;
#7096 = AXIS2_PLACEMENT_3D ( 'NONE', #9685, #4183, #10619 ) ;
#7098 = EDGE_CURVE ( 'NONE', #8225, #11218, #764, .T. ) ;
#7099 = PRESENTATION_LAYER_ASSIGNMENT (  '', '', ( #6483 ) ) ;
#7100 = ADVANCED_FACE ( 'NONE', ( #3194 ), #9949, .F. ) ;
#7101 = ORIENTED_EDGE ( 'NONE', *, *, #2723, .T. ) ;
#7102 = CARTESIAN_POINT ( 'NONE',  ( -15.03999999999999900, -0.9100000000000011400, 0.7000000000000005100 ) ) ;
#7103 = ORIENTED_EDGE ( 'NONE', *, *, #2300, .T. ) ;
#7104 = EDGE_CURVE ( 'NONE', #3172, #10517, #2912, .T. ) ;
#7105 = LINE ( 'NONE', #4647, #4659 ) ;
#7106 = CONICAL_SURFACE ( 'NONE', #10890, 1.250000000000001100, 1.029744258676653900 ) ;
#7107 = DIRECTION ( 'NONE',  ( -0.0000000000000000000, 1.000000000000000000, -0.0000000000000000000 ) ) ;
#7108 = VERTEX_POINT ( 'NONE', #3560 ) ;
#7109 =( NAMED_UNIT ( * ) SI_UNIT ( $, .STERADIAN. ) SOLID_ANGLE_UNIT ( ) );
#7110 = DIRECTION ( 'NONE',  ( -0.3892816206350256900, -0.3892816206350255800, -0.8348171294789871200 ) ) ;
#7111 =( NAMED_UNIT ( * ) SI_UNIT ( $, .STERADIAN. ) SOLID_ANGLE_UNIT ( ) );
#7112 = ORIENTED_EDGE ( 'NONE', *, *, #10268, .T. ) ;
#7113 = DIRECTION ( 'NONE',  ( -0.0000000000000000000, 1.000000000000000000, -0.0000000000000000000 ) ) ;
#7114 = ORIENTED_EDGE ( 'NONE', *, *, #147, .T. ) ;
#7115 = ADVANCED_FACE ( 'NONE', ( #10520 ), #6801, .F. ) ;
#7116 = FILL_AREA_STYLE ('',( #5216 ) ) ;
#7117 = PRESENTATION_STYLE_ASSIGNMENT (( #4599 ) ) ;
#7118 = SURFACE_STYLE_FILL_AREA ( #8414 ) ;
#7119 = EDGE_CURVE ( 'NONE', #2783, #9877, #4646, .T. ) ;
#7120 = MECHANICAL_DESIGN_GEOMETRIC_PRESENTATION_REPRESENTATION (  '', ( #5873 ), #7721 ) ;
#7121 = CARTESIAN_POINT ( 'NONE',  ( 30.00000000000000400, -2.900000000000000400, 47.00000000000001400 ) ) ;
#7122 = EDGE_LOOP ( 'NONE', ( #3569, #4069, #7004, #10484, #7972, #8731 ) ) ;
#7123 = EDGE_CURVE ( 'NONE', #7559, #10203, #9255, .T. ) ;
#7124 = EDGE_CURVE ( 'NONE', #3693, #1412, #4368, .T. ) ;
#7125 = LINE ( 'NONE', #371, #11719 ) ;
#7126 = ORIENTED_EDGE ( 'NONE', *, *, #7557, .F. ) ;
#7127 = ORIENTED_EDGE ( 'NONE', *, *, #1785, .T. ) ;
#7128 = COLOUR_RGB ( '',0.9686274509803921600, 0.8784313725490196000, 0.5999999999999999800 ) ;
#7129 = DIRECTION ( 'NONE',  ( 0.0000000000000000000, 0.0000000000000000000, 1.000000000000000000 ) ) ;
#7130 = CARTESIAN_POINT ( 'NONE',  ( -6.999999999999998200, -1.950000000000001100, 5.099999999999999600 ) ) ;
#7131 = CARTESIAN_POINT ( 'NONE',  ( 12.69999999999999900, -5.401102314577126900, 5.099999999999999600 ) ) ;
#7132 = FACE_OUTER_BOUND ( 'NONE', #5372, .T. ) ;
#7133 = LINE ( 'NONE', #5209, #65 ) ;
#7134 = AXIS2_PLACEMENT_3D ( 'NONE', #5418, #11843, #6339 ) ;
#7135 = DIRECTION ( 'NONE',  ( 0.0000000000000000000, 0.0000000000000000000, -1.000000000000000000 ) ) ;
#7136 =( LENGTH_UNIT ( ) NAMED_UNIT ( * ) SI_UNIT ( .MILLI., .METRE. ) );
#7137 = VERTEX_POINT ( 'NONE', #1387 ) ;
#7138 = DIRECTION ( 'NONE',  ( -1.668003342285391100E-017, -1.000000000000000000, 0.0000000000000000000 ) ) ;
#7139 = EDGE_CURVE ( 'NONE', #9932, #3374, #4064, .T. ) ;
#7140 = AXIS2_PLACEMENT_3D ( 'NONE', #9841, #10783, #5262 ) ;
#7141 = CARTESIAN_POINT ( 'NONE',  ( 1.540000000000000000, -0.1325000000000005900, 0.1324999999999995600 ) ) ;
#7142 = VECTOR ( 'NONE', #3601, 1000.000000000000000 ) ;
#7143 = AXIS2_PLACEMENT_3D ( 'NONE', #1246, #7659, #2152 ) ;
#7144 = ORIENTED_EDGE ( 'NONE', *, *, #9717, .F. ) ;
#7145 = COLOUR_RGB ( '',0.8941176470588234600, 0.9137254901960784000, 0.9294117647058823800 ) ;
#7146 =( NAMED_UNIT ( * ) SI_UNIT ( $, .STERADIAN. ) SOLID_ANGLE_UNIT ( ) );
#7147 = LINE ( 'NONE', #2456, #2238 ) ;
#7148 = CIRCLE ( 'NONE', #7352, 0.7999999999999951600 ) ;
#7149 = ORIENTED_EDGE ( 'NONE', *, *, #1905, .F. ) ;
#7150 = AXIS2_PLACEMENT_3D ( 'NONE', #3559, #9968, #4478 ) ;
#7151 = DIRECTION ( 'NONE',  ( -1.000000000000000000, 1.392979236598078500E-016, 0.0000000000000000000 ) ) ;
#7152 = COLOUR_RGB ( '',0.9686274509803921600, 0.8784313725490196000, 0.5999999999999999800 ) ;
#7153 = SURFACE_SIDE_STYLE ('',( #2971 ) ) ;
#7154 = DIRECTION ( 'NONE',  ( 0.0000000000000000000, 0.0000000000000000000, 1.000000000000000000 ) ) ;
#7155 = CARTESIAN_POINT ( 'NONE',  ( 33.35999999999999200, -1.999999999999991100, -34.75000000000000700 ) ) ;
#7156 = VERTEX_POINT ( 'NONE', #3239 ) ;
#7157 = VECTOR ( 'NONE', #2607, 1000.000000000000000 ) ;
#7159 = CARTESIAN_POINT ( 'NONE',  ( 2.700000000000002400, -0.8100000000000041600, 0.7000000000000009500 ) ) ;
#7158 = CIRCLE ( 'NONE', #8936, 0.5000000000000004400 ) ;
#7160 =( LENGTH_UNIT ( ) NAMED_UNIT ( * ) SI_UNIT ( .MILLI., .METRE. ) );
#7161 = VECTOR ( 'NONE', #11324, 1000.000000000000000 ) ;
#7162 = EDGE_LOOP ( 'NONE', ( #10390, #7979, #10309 ) ) ;
#7163 = DIRECTION ( 'NONE',  ( -1.000000000000000000, 2.409338161078899700E-016, 0.0000000000000000000 ) ) ;
#7164 = ADVANCED_FACE ( 'NONE', ( #11119 ), #1425, .F. ) ;
#7165 = EDGE_LOOP ( 'NONE', ( #8655, #8973, #1842, #2782 ) ) ;
#7166 = ORIENTED_EDGE ( 'NONE', *, *, #3790, .F. ) ;
#7167 = PRODUCT_DEFINITION ( 'UNKNOWN', '', #143, #6844 ) ;
#7168 = PLANE ( 'NONE',  #5612 ) ;
#7169 = LINE ( 'NONE', #11160, #5295 ) ;
#7170 = CARTESIAN_POINT ( 'NONE',  ( 0.0000000000000000000, 0.0000000000000000000, 5.099999999999999600 ) ) ;
#7171 = PLANE ( 'NONE',  #3468 ) ;
#7172 = EDGE_LOOP ( 'NONE', ( #5554, #1324, #5230, #2994 ) ) ;
#7173 = CARTESIAN_POINT ( 'NONE',  ( -32.20000000000000300, -2.100000000000000100, -48.00000000000000000 ) ) ;
#7174 = PRESENTATION_STYLE_ASSIGNMENT (( #10083 ) ) ;
#7175 = SURFACE_SIDE_STYLE ('',( #9424 ) ) ;
#7176 = STYLED_ITEM ( 'NONE', ( #8439 ), #5109 ) ;
#7178 = EDGE_CURVE ( 'NONE', #11365, #118, #2190, .T. ) ;
#7177 = ORIENTED_EDGE ( 'NONE', *, *, #5603, .F. ) ;
#7179 = EDGE_CURVE ( 'NONE', #6677, #6373, #779, .T. ) ;
#7180 = ADVANCED_FACE ( 'NONE', ( #2922 ), #9957, .T. ) ;
#7181 = ORIENTED_EDGE ( 'NONE', *, *, #818, .T. ) ;
#7182 = LINE ( 'NONE', #6031, #713 ) ;
#7183 = CARTESIAN_POINT ( 'NONE',  ( -13.34000000000000200, -4.815124837953328000, 5.099999999999999600 ) ) ;
#7184 = ORIENTED_EDGE ( 'NONE', *, *, #8867, .T. ) ;
#7185 = SURFACE_STYLE_FILL_AREA ( #8128 ) ;
#7186 = ORIENTED_EDGE ( 'NONE', *, *, #719, .T. ) ;
#7187 = VERTEX_POINT ( 'NONE', #7899 ) ;
#7188 = SURFACE_STYLE_FILL_AREA ( #7810 ) ;
#7189 = ORIENTED_EDGE ( 'NONE', *, *, #2372, .T. ) ;
#7190 = DIRECTION ( 'NONE',  ( 0.0000000000000000000, -1.000000000000000000, -0.0000000000000000000 ) ) ;
#7191 = COLOUR_RGB ( '',0.8941176470588234600, 0.9137254901960784000, 0.9294117647058823800 ) ;
#7192 = ORIENTED_EDGE ( 'NONE', *, *, #6480, .F. ) ;
#7193 = FACE_OUTER_BOUND ( 'NONE', #6463, .T. ) ;
#7194 = DIRECTION ( 'NONE',  ( -0.0000000000000000000, -0.0000000000000000000, -1.000000000000000000 ) ) ;
#7195 = AXIS2_PLACEMENT_3D ( 'NONE', #3933, #10372, #4860 ) ;
#7196 = ORIENTED_EDGE ( 'NONE', *, *, #6723, .F. ) ;
#7197 = SURFACE_STYLE_FILL_AREA ( #1176 ) ;
#7198 = EDGE_CURVE ( 'NONE', #1436, #7863, #10255, .T. ) ;
#7199 =( NAMED_UNIT ( * ) PLANE_ANGLE_UNIT ( ) SI_UNIT ( $, .RADIAN. ) );
#7200 = DIRECTION ( 'NONE',  ( -0.0000000000000000000, 1.000000000000000000, 0.0000000000000000000 ) ) ;
#7201 =( NAMED_UNIT ( * ) PLANE_ANGLE_UNIT ( ) SI_UNIT ( $, .RADIAN. ) );
#7202 = COLOUR_RGB ( '',0.9686274509803921600, 0.8784313725490196000, 0.5999999999999999800 ) ;
#7203 = UNCERTAINTY_MEASURE_WITH_UNIT (LENGTH_MEASURE( 1.000000000000000100E-005 ), #11516, 'distance_accuracy_value', 'NONE');
#7204 = ORIENTED_EDGE ( 'NONE', *, *, #5738, .F. ) ;
#7205 = ORIENTED_EDGE ( 'NONE', *, *, #8788, .F. ) ;
#7206 = FILL_AREA_STYLE ('',( #5356 ) ) ;
#7207 = SURFACE_STYLE_USAGE ( .BOTH. , #791 ) ;
#7208 = EDGE_CURVE ( 'NONE', #8452, #7645, #465, .T. ) ;
#7209 = AXIS2_PLACEMENT_3D ( 'NONE', #11883, #863, #10072 ) ;
#7210 = DIRECTION ( 'NONE',  ( 0.0000000000000000000, 0.0000000000000000000, -1.000000000000000000 ) ) ;
#7211 = SURFACE_SIDE_STYLE ('',( #8527 ) ) ;
#7212 = ORIENTED_EDGE ( 'NONE', *, *, #878, .F. ) ;
#7213 = ORIENTED_EDGE ( 'NONE', *, *, #2494, .F. ) ;
#7214 = CARTESIAN_POINT ( 'NONE',  ( -6.999999999999998200, -0.8100000000000017200, 5.099999999999999600 ) ) ;
#7215 = PRESENTATION_LAYER_ASSIGNMENT (  '', '', ( #6596 ) ) ;
#7216 = VERTEX_POINT ( 'NONE', #7011 ) ;
#7217 = ADVANCED_FACE ( 'NONE', ( #2641 ), #2327, .F. ) ;
#7218 = CARTESIAN_POINT ( 'NONE',  ( -3.999999999999997300, 0.2899999999999992600, 0.0000000000000000000 ) ) ;
#7219 = DIRECTION ( 'NONE',  ( -0.0000000000000000000, 1.000000000000000000, -0.0000000000000000000 ) ) ;
#7220 = VECTOR ( 'NONE', #1138, 1000.000000000000000 ) ;
#7221 = ORIENTED_EDGE ( 'NONE', *, *, #2634, .T. ) ;
#7222 = CARTESIAN_POINT ( 'NONE',  ( 30.86000000000000700, -2.899999999999999900, -33.50000000000000000 ) ) ;
#7223 = ORIENTED_EDGE ( 'NONE', *, *, #6445, .F. ) ;
#7224 = CARTESIAN_POINT ( 'NONE',  ( -13.34000000000000300, -0.9100000000000003600, 1.299999999999999600 ) ) ;
#7225 = ORIENTED_EDGE ( 'NONE', *, *, #10315, .T. ) ;
#7226 = DIRECTION ( 'NONE',  ( 0.0000000000000000000, 0.0000000000000000000, -1.000000000000000000 ) ) ;
#7227 = CARTESIAN_POINT ( 'NONE',  ( -18.55000000000000100, -2.850000000000001000, 5.100000000000000500 ) ) ;
#7228 = ADVANCED_FACE ( 'NONE', ( #7512 ), #7943, .F. ) ;
#7229 = DIRECTION ( 'NONE',  ( 0.0000000000000000000, 0.0000000000000000000, -1.000000000000000000 ) ) ;
#7230 = AXIS2_PLACEMENT_3D ( 'NONE', #6592, #1104, #7509 ) ;
#7231 = VECTOR ( 'NONE', #620, 1000.000000000000000 ) ;
#7232 = CARTESIAN_POINT ( 'NONE',  ( 4.800000000000006000, 0.05000000000000880100, -50.00000000000000000 ) ) ;
#7233 = EDGE_LOOP ( 'NONE', ( #6495, #1811, #6071, #1206 ) ) ;
#7234 = EDGE_LOOP ( 'NONE', ( #2112, #5451, #7985, #122 ) ) ;
#7235 = DIRECTION ( 'NONE',  ( 0.0000000000000000000, 0.0000000000000000000, -1.000000000000000000 ) ) ;
#7237 = AXIS2_PLACEMENT_3D ( 'NONE', #9299, #5639, #130 ) ;
#7236 = PRODUCT_DEFINITION_SHAPE ( 'NONE', 'NONE',  #11943 ) ;
#7238 = EDGE_CURVE ( 'NONE', #3651, #7591, #172, .T. ) ;
#7239 = EDGE_CURVE ( 'NONE', #4521, #781, #9670, .T. ) ;
#7240 = ORIENTED_EDGE ( 'NONE', *, *, #3655, .F. ) ;
#7241 = CARTESIAN_POINT ( 'NONE',  ( 15.29999999999999700, -0.9100000000000075800, 5.099999999999999600 ) ) ;
#7242 = CARTESIAN_POINT ( 'NONE',  ( 4.000000000000001800, -0.8100000000000041600, 0.7000000000000031800 ) ) ;
#7243 = FILL_AREA_STYLE_COLOUR ( '', #8876 ) ;
#7244 =( NAMED_UNIT ( * ) PLANE_ANGLE_UNIT ( ) SI_UNIT ( $, .RADIAN. ) );
#7245 = CARTESIAN_POINT ( 'NONE',  ( -30.00000000000000400, -2.900000000000000400, 45.00000000000001400 ) ) ;
#7246 = ORIENTED_EDGE ( 'NONE', *, *, #7859, .F. ) ;
#7247 = CARTESIAN_POINT ( 'NONE',  ( -32.20000000000000300, -2.100000000000000100, 46.40000000000001300 ) ) ;
#7248 = PLANE ( 'NONE',  #8075 ) ;
#7249 = ORIENTED_EDGE ( 'NONE', *, *, #2140, .T. ) ;
#7250 = FACE_OUTER_BOUND ( 'NONE', #9595, .T. ) ;
#7251 = EDGE_CURVE ( 'NONE', #10234, #1322, #4777, .T. ) ;
#7252 = MECHANICAL_DESIGN_GEOMETRIC_PRESENTATION_REPRESENTATION (  '', ( #5408 ), #7877 ) ;
#7253 = ORIENTED_EDGE ( 'NONE', *, *, #8172, .F. ) ;
#7254 = CARTESIAN_POINT ( 'NONE',  ( 34.39999999999998400, -2.900000000000000400, -44.50000000000001400 ) ) ;
#7255 = CARTESIAN_POINT ( 'NONE',  ( 32.00000000000000000, 9.722539674441609500, 45.00000000000001400 ) ) ;
#7256 = EDGE_CURVE ( 'NONE', #4110, #9229, #9380, .T. ) ;
#7257 = ORIENTED_EDGE ( 'NONE', *, *, #8003, .T. ) ;
#7258 = CARTESIAN_POINT ( 'NONE',  ( -30.00000000000000400, 9.722539674441609500, 45.00000000000001400 ) ) ;
#7259 = ORIENTED_EDGE ( 'NONE', *, *, #1240, .F. ) ;
#7260 = VECTOR ( 'NONE', #11026, 1000.000000000000000 ) ;
#7261 =( NAMED_UNIT ( * ) PLANE_ANGLE_UNIT ( ) SI_UNIT ( $, .RADIAN. ) );
#7262 = CONICAL_SURFACE ( 'NONE', #9481, 0.7999999999999951600, 0.7853981633974536100 ) ;
#7263 = DIRECTION ( 'NONE',  ( -1.141265444721583500E-016, -0.0000000000000000000, 1.000000000000000000 ) ) ;
#7264 = CYLINDRICAL_SURFACE ( 'NONE', #1756, 0.5000000000000004400 ) ;
#7265 = DIRECTION ( 'NONE',  ( -1.000000000000000000, -2.409338161078899700E-016, 0.0000000000000000000 ) ) ;
#7266 = DIRECTION ( 'NONE',  ( -0.3892816206350256400, 0.3892816206350256400, -0.8348171294789870100 ) ) ;
#7267 = VECTOR ( 'NONE', #2030, 1000.000000000000000 ) ;
#7268 = ORIENTED_EDGE ( 'NONE', *, *, #1854, .T. ) ;
#7269 = DIRECTION ( 'NONE',  ( -0.8399832880181554700, 0.0000000000000000000, -0.5426122702724371900 ) ) ;
#7270 = LINE ( 'NONE', #9418, #4817 ) ;
#7271 = EDGE_CURVE ( 'NONE', #10263, #3538, #5367, .T. ) ;
#7272 = STYLED_ITEM ( 'NONE', ( #3499 ), #7630 ) ;
#7273 = EDGE_CURVE ( 'NONE', #11707, #5674, #4508, .T. ) ;
#7274 = FACE_OUTER_BOUND ( 'NONE', #7037, .T. ) ;
#7275 = AXIS2_PLACEMENT_3D ( 'NONE', #9529, #4035, #10465 ) ;
#7276 = SURFACE_STYLE_FILL_AREA ( #909 ) ;
#7277 = DIRECTION ( 'NONE',  ( 0.0000000000000000000, 0.0000000000000000000, 1.000000000000000000 ) ) ;
#7278 = DIRECTION ( 'NONE',  ( 0.0000000000000000000, 0.0000000000000000000, 1.000000000000000000 ) ) ;
#7279 = ORIENTED_EDGE ( 'NONE', *, *, #4769, .T. ) ;
#7280 = CARTESIAN_POINT ( 'NONE',  ( -1.199999999999997500, -0.9100000000000041400, 1.299999999999999200 ) ) ;
#7281 = CARTESIAN_POINT ( 'NONE',  ( 34.39999999999998400, -0.2999999999999999900, -48.00000000000000000 ) ) ;
#7282 =( LENGTH_UNIT ( ) NAMED_UNIT ( * ) SI_UNIT ( .MILLI., .METRE. ) );
#7283 = AXIS2_PLACEMENT_3D ( 'NONE', #8603, #9531, #4038 ) ;
#7284 = DIRECTION ( 'NONE',  ( 1.000000000000000000, 0.0000000000000000000, 0.0000000000000000000 ) ) ;
#7285 = ORIENTED_EDGE ( 'NONE', *, *, #580, .F. ) ;
#7286 = LINE ( 'NONE', #3961, #227 ) ;
#7287 = VECTOR ( 'NONE', #4640, 1000.000000000000000 ) ;
#7288 = CARTESIAN_POINT ( 'NONE',  ( 34.40000000000001300, 3.500000000000000000, 48.00000000000000000 ) ) ;
#7289 = ADVANCED_FACE ( 'NONE', ( #6648 ), #1595, .F. ) ;
#7290 = EDGE_CURVE ( 'NONE', #8163, #7483, #8791, .T. ) ;
#7291 = SHAPE_REPRESENTATION_RELATIONSHIP ( 'NONE' , 'NONE' ,  #2183, #8891 ) ;
#7292 = FACE_OUTER_BOUND ( 'NONE', #9906, .T. ) ;
#7293 = ORIENTED_EDGE ( 'NONE', *, *, #647, .F. ) ;
#7294 = MECHANICAL_DESIGN_GEOMETRIC_PRESENTATION_REPRESENTATION (  '', ( #6053 ), #7929 ) ;
#7295 = SURFACE_SIDE_STYLE ('',( #1172 ) ) ;
#7296 = ORIENTED_EDGE ( 'NONE', *, *, #5036, .T. ) ;
#7297 = VECTOR ( 'NONE', #778, 1000.000000000000000 ) ;
#7298 = LINE ( 'NONE', #5161, #9440 ) ;
#7299 = LINE ( 'NONE', #4908, #7023 ) ;
#7300 = VECTOR ( 'NONE', #4895, 1000.000000000000000 ) ;
#7301 = LINE ( 'NONE', #6554, #4848 ) ;
#7302 = DIRECTION ( 'NONE',  ( -0.0000000000000000000, 1.000000000000000000, -0.0000000000000000000 ) ) ;
#7303 = ORIENTED_EDGE ( 'NONE', *, *, #10420, .T. ) ;
#7304 = CARTESIAN_POINT ( 'NONE',  ( 34.39999999999999900, 10.74102034176674400, 43.09999999999998700 ) ) ;
#7305 = AXIS2_PLACEMENT_3D ( 'NONE', #11, #1879, #8304 ) ;
#7306 = PLANE ( 'NONE',  #5000 ) ;
#7307 = SURFACE_SIDE_STYLE ('',( #5449 ) ) ;
#7308 = EDGE_CURVE ( 'NONE', #3924, #11630, #1771, .T. ) ;
#7309 = ORIENTED_EDGE ( 'NONE', *, *, #5470, .F. ) ;
#7310 = LINE ( 'NONE', #10526, #11906 ) ;
#7311 = ORIENTED_EDGE ( 'NONE', *, *, #8641, .F. ) ;
#7312 = ORIENTED_EDGE ( 'NONE', *, *, #2419, .T. ) ;
#7314 = SURFACE_SIDE_STYLE ('',( #7276 ) ) ;
#7313 = LINE ( 'NONE', #5269, #4584 ) ;
#7315 = ORIENTED_EDGE ( 'NONE', *, *, #8714, .F. ) ;
#7316 = DIRECTION ( 'NONE',  ( 0.0000000000000000000, -3.491481338843133400E-015, 1.000000000000000000 ) ) ;
#7317 = CARTESIAN_POINT ( 'NONE',  ( 30.00000000000000400, 2.899999999999999900, 47.00000000000001400 ) ) ;
#7318 = DIRECTION ( 'NONE',  ( 0.0000000000000000000, 0.7071067811865439100, 0.7071067811865512400 ) ) ;
#7319 = VECTOR ( 'NONE', #1507, 1000.000000000000000 ) ;
#7320 = SURFACE_STYLE_FILL_AREA ( #2165 ) ;
#7321 = AXIS2_PLACEMENT_3D ( 'NONE', #4754, #11183, #5676 ) ;
#7322 = ORIENTED_EDGE ( 'NONE', *, *, #5188, .F. ) ;
#7323 = LINE ( 'NONE', #1742, #11921 ) ;
#7324 = EDGE_CURVE ( 'NONE', #7645, #11891, #6365, .T. ) ;
#7325 = ORIENTED_EDGE ( 'NONE', *, *, #6018, .F. ) ;
#7326 = ORIENTED_EDGE ( 'NONE', *, *, #11477, .F. ) ;
#7327 = CIRCLE ( 'NONE', #6060, 1.399999999999998600 ) ;
#7328 = CARTESIAN_POINT ( 'NONE',  ( 15.69999999999999600, -0.8100000000000043800, 5.099999999999999600 ) ) ;
#7329 = DIRECTION ( 'NONE',  ( 0.0000000000000000000, 1.000000000000000000, 0.0000000000000000000 ) ) ;
#7330 = CARTESIAN_POINT ( 'NONE',  ( -33.89999999999999900, 10.74102034176674400, -33.00000000000000000 ) ) ;
#7331 = FACE_OUTER_BOUND ( 'NONE', #6008, .T. ) ;
#7332 = DIRECTION ( 'NONE',  ( -2.409338161078899700E-016, -1.000000000000000000, -1.899788849813798600E-031 ) ) ;
#7333 = CARTESIAN_POINT ( 'NONE',  ( -3.999999999999996400, 1.949999999999992000, 5.099999999999999600 ) ) ;
#7334 = PLANE ( 'NONE',  #7305 ) ;
#7335 = AXIS2_PLACEMENT_3D ( 'NONE', #4497, #11874, #6376 ) ;
#7336 = CARTESIAN_POINT ( 'NONE',  ( 34.39999999999999900, -2.900000000000000400, -50.00000000000000000 ) ) ;
#7337 = EDGE_CURVE ( 'NONE', #11585, #9932, #1481, .T. ) ;
#7338 = AXIS2_PLACEMENT_3D ( 'NONE', #7637, #8632, #3148 ) ;
#7339 = EDGE_CURVE ( 'NONE', #10860, #10234, #11249, .T. ) ;
#7340 = EDGE_CURVE ( 'NONE', #8250, #6737, #6065, .T. ) ;
#7341 = LINE ( 'NONE', #8266, #4887 ) ;
#7342 = CARTESIAN_POINT ( 'NONE',  ( -34.99999999999999300, 0.5000000000000001100, 39.34999999999999400 ) ) ;
#7343 = DIRECTION ( 'NONE',  ( -1.392979236598078500E-016, 1.000000000000000000, -0.0000000000000000000 ) ) ;
#7344 = UNCERTAINTY_MEASURE_WITH_UNIT (LENGTH_MEASURE( 1.000000000000000100E-005 ), #2535, 'distance_accuracy_value', 'NONE');
#7345 = EDGE_LOOP ( 'NONE', ( #7257, #1599 ) ) ;
#7346 = ADVANCED_FACE ( 'NONE', ( #5781 ), #6235, .T. ) ;
#7347 = CARTESIAN_POINT ( 'NONE',  ( 16.59999999999999800, -4.815124837953332500, 1.300000000000002700 ) ) ;
#7348 = VERTEX_POINT ( 'NONE', #3481 ) ;
#7349 = APPLICATION_PROTOCOL_DEFINITION ( 'draft international standard', 'automotive_design', 1998, #947 ) ;
#7350 = DIRECTION ( 'NONE',  ( 0.0000000000000000000, 0.0000000000000000000, 1.000000000000000000 ) ) ;
#7351 = LINE ( 'NONE', #10310, #298 ) ;
#7352 = AXIS2_PLACEMENT_3D ( 'NONE', #7932, #2403, #8817 ) ;
#7353 = EDGE_LOOP ( 'NONE', ( #9549, #8592, #10375, #821 ) ) ;
#7354 = DIRECTION ( 'NONE',  ( 1.668003342285391100E-017, 1.000000000000000000, 0.0000000000000000000 ) ) ;
#7355 = CARTESIAN_POINT ( 'NONE',  ( -34.39999999999997000, -2.900000000000000400, 43.09999999999998700 ) ) ;
#7356 = FILL_AREA_STYLE ('',( #11023 ) ) ;
#7357 = DIRECTION ( 'NONE',  ( 0.0000000000000000000, 0.0000000000000000000, 1.000000000000000000 ) ) ;
#7358 = EDGE_CURVE ( 'NONE', #8574, #6582, #8500, .T. ) ;
#7359 = MECHANICAL_DESIGN_GEOMETRIC_PRESENTATION_REPRESENTATION (  '', ( #6120 ), #8004 ) ;
#7360 = ORIENTED_EDGE ( 'NONE', *, *, #5916, .T. ) ;
#7361 = AXIS2_PLACEMENT_3D ( 'NONE', #2272, #8684, #3209 ) ;
#7362 = ORIENTED_EDGE ( 'NONE', *, *, #4943, .F. ) ;
#7363 = DIRECTION ( 'NONE',  ( 0.0000000000000000000, 0.0000000000000000000, -1.000000000000000000 ) ) ;
#7364 = VECTOR ( 'NONE', #4516, 1000.000000000000200 ) ;
#7365 = ORIENTED_EDGE ( 'NONE', *, *, #3954, .T. ) ;
#7366 = DIRECTION ( 'NONE',  ( -1.000000000000000000, 0.0000000000000000000, 0.0000000000000000000 ) ) ;
#7367 =( GEOMETRIC_REPRESENTATION_CONTEXT ( 3 ) GLOBAL_UNCERTAINTY_ASSIGNED_CONTEXT ( ( #11167 ) ) GLOBAL_UNIT_ASSIGNED_CONTEXT ( ( #10624, #5103, #11544 ) ) REPRESENTATION_CONTEXT ( 'NONE', 'WORKASPACE' ) );
#7368 = VERTEX_POINT ( 'NONE', #5355 ) ;
#7369 = DIRECTION ( 'NONE',  ( -3.168854151125935100E-048, -1.899788849813798600E-031, 1.000000000000000000 ) ) ;
#7370 = ORIENTED_EDGE ( 'NONE', *, *, #1491, .T. ) ;
#7371 = CARTESIAN_POINT ( 'NONE',  ( -15.94999999999999200, -2.900000000000000400, -42.20000000000000300 ) ) ;
#7372 = ORIENTED_EDGE ( 'NONE', *, *, #5633, .F. ) ;
#7373 = DIRECTION ( 'NONE',  ( 0.0000000000000000000, 0.0000000000000000000, 1.000000000000000000 ) ) ;
#7374 = FACE_OUTER_BOUND ( 'NONE', #10806, .T. ) ;
#7375 = ORIENTED_EDGE ( 'NONE', *, *, #9353, .F. ) ;
#7376 = CARTESIAN_POINT ( 'NONE',  ( 7.900000000000000400, -4.815124837953332500, 1.299999999999999600 ) ) ;
#7377 = FILL_AREA_STYLE_COLOUR ( '', #7415 ) ;
#7378 = DIRECTION ( 'NONE',  ( -0.0000000000000000000, -0.0000000000000000000, 1.000000000000000000 ) ) ;
#7379 = SURFACE_SIDE_STYLE ('',( #6448 ) ) ;
#7380 = ORIENTED_EDGE ( 'NONE', *, *, #1032, .F. ) ;
#7381 = FACE_OUTER_BOUND ( 'NONE', #2091, .T. ) ;
#7382 = PRESENTATION_LAYER_ASSIGNMENT (  '', '', ( #6769 ) ) ;
#7383 =( REPRESENTATION_RELATIONSHIP ('NONE','NONE', #1637, #11394 ) REPRESENTATION_RELATIONSHIP_WITH_TRANSFORMATION ( #11732 )SHAPE_REPRESENTATION_RELATIONSHIP( ) );
#7384 = LINE ( 'NONE', #8230, #8967 ) ;
#7385 = VECTOR ( 'NONE', #569, 1000.000000000000000 ) ;
#7386 = ORIENTED_EDGE ( 'NONE', *, *, #10097, .T. ) ;
#7387 = EDGE_CURVE ( 'NONE', #6011, #8997, #1192, .T. ) ;
#7388 = EDGE_CURVE ( 'NONE', #6159, #25, #3358, .T. ) ;
#7389 = ORIENTED_EDGE ( 'NONE', *, *, #2542, .F. ) ;
#7390 = ORIENTED_EDGE ( 'NONE', *, *, #593, .F. ) ;
#7391 = DIRECTION ( 'NONE',  ( -0.0000000000000000000, 1.000000000000000000, -0.0000000000000000000 ) ) ;
#7392 = DIRECTION ( 'NONE',  ( 1.000000000000000000, -2.409338161078899700E-016, 2.409338161078899700E-016 ) ) ;
#7393 = CARTESIAN_POINT ( 'NONE',  ( 29.50000000000000400, 2.899999999999999900, -49.39999999999999900 ) ) ;
#7394 =( LENGTH_UNIT ( ) NAMED_UNIT ( * ) SI_UNIT ( .MILLI., .METRE. ) );
#7395 = LINE ( 'NONE', #3607, #4931 ) ;
#7396 = VECTOR ( 'NONE', #1085, 1000.000000000000000 ) ;
#7397 = CARTESIAN_POINT ( 'NONE',  ( -34.99999999999999300, 3.500000000000000000, 49.39999999999999900 ) ) ;
#7398 = FACE_OUTER_BOUND ( 'NONE', #5520, .T. ) ;
#7399 = ADVANCED_FACE ( 'NONE', ( #7967 ), #5207, .F. ) ;
#7400 = ORIENTED_EDGE ( 'NONE', *, *, #11329, .F. ) ;
#7401 = ORIENTED_EDGE ( 'NONE', *, *, #3656, .T. ) ;
#7402 = DIRECTION ( 'NONE',  ( 0.0000000000000000000, 1.000000000000000000, 0.0000000000000000000 ) ) ;
#7403 = LINE ( 'NONE', #11438, #9550 ) ;
#7404 = MECHANICAL_DESIGN_GEOMETRIC_PRESENTATION_REPRESENTATION (  '', ( #5564 ), #8050 ) ;
#7405 = LINE ( 'NONE', #5879, #4945 ) ;
#7406 = CARTESIAN_POINT ( 'NONE',  ( 34.39999999999999900, 0.2999999999999999900, 48.00000000000000000 ) ) ;
#7407 = VECTOR ( 'NONE', #8816, 999.9999999999998900 ) ;
#7408 = DIRECTION ( 'NONE',  ( 0.0000000000000000000, -1.000000000000000000, 0.0000000000000000000 ) ) ;
#7409 = UNCERTAINTY_MEASURE_WITH_UNIT (LENGTH_MEASURE( 1.000000000000000100E-005 ), #3735, 'distance_accuracy_value', 'NONE');
#7410 = FILL_AREA_STYLE ('',( #11079 ) ) ;
#7411 = AXIS2_PLACEMENT_3D ( 'NONE', #8224, #10057, #4555 ) ;
#7412 = EDGE_CURVE ( 'NONE', #11396, #118, #10094, .T. ) ;
#7413 = CARTESIAN_POINT ( 'NONE',  ( 18.55000000000000100, -2.850000000000001000, 42.20950821555037900 ) ) ;
#7414 = ITEM_DEFINED_TRANSFORMATION ( 'NONE', 'NONE', #1024,  #11927 ) ;
#7415 = COLOUR_RGB ( '',0.9686274509803921600, 0.8784313725490196000, 0.5999999999999999800 ) ;
#7416 = ORIENTED_EDGE ( 'NONE', *, *, #4079, .F. ) ;
#7417 = CARTESIAN_POINT ( 'NONE',  ( 0.1000000000000022500, -0.8100000000000040500, 0.7000000000000008400 ) ) ;
#7418 = DIRECTION ( 'NONE',  ( 1.000000000000000000, -2.409338161078899700E-016, 0.0000000000000000000 ) ) ;
#7419 = LINE ( 'NONE', #7245, #72 ) ;
#7420 = DIRECTION ( 'NONE',  ( 0.0000000000000000000, 0.0000000000000000000, 1.000000000000000000 ) ) ;
#7421 = CARTESIAN_POINT ( 'NONE',  ( 3.600000000000001400, -0.9100000000000029200, 5.099999999999999600 ) ) ;
#7422 = ORIENTED_EDGE ( 'NONE', *, *, #5113, .F. ) ;
#7423 = FACE_BOUND ( 'NONE', #682, .T. ) ;
#7424 = CYLINDRICAL_SURFACE ( 'NONE', #5284, 1.249999999999994200 ) ;
#7425 = DIRECTION ( 'NONE',  ( 1.668003342285391100E-017, 1.000000000000000000, -0.0000000000000000000 ) ) ;
#7426 = COLOUR_RGB ( '',0.8980392156862745400, 0.9176470588235293700, 0.9294117647058823800 ) ;
#7427 = CIRCLE ( 'NONE', #8563, 0.5000000000000004400 ) ;
#7428 = VERTEX_POINT ( 'NONE', #7242 ) ;
#7429 = EDGE_CURVE ( 'NONE', #9635, #4648, #10386, .T. ) ;
#7430 = AXIS2_PLACEMENT_3D ( 'NONE', #2496, #6188, #685 ) ;
#7431 =( LENGTH_UNIT ( ) NAMED_UNIT ( * ) SI_UNIT ( .MILLI., .METRE. ) );
#7432 = VECTOR ( 'NONE', #10499, 1000.000000000000000 ) ;
#7433 = AXIS2_PLACEMENT_3D ( 'NONE', #921, #7329, #1828 ) ;
#7434 = ORIENTED_EDGE ( 'NONE', *, *, #898, .T. ) ;
#7435 = CIRCLE ( 'NONE', #7540, 0.5000000000000004400 ) ;
#7436 = CARTESIAN_POINT ( 'NONE',  ( 35.00000000000000000, -3.000000000000000400, -48.00000000000000000 ) ) ;
#7437 = VECTOR ( 'NONE', #11267, 1000.000000000000000 ) ;
#7438 = VECTOR ( 'NONE', #11285, 1000.000000000000000 ) ;
#7439 = VERTEX_POINT ( 'NONE', #829 ) ;
#7440 = AXIS2_PLACEMENT_3D ( 'NONE', #509, #6949, #1443 ) ;
#7441 = FILL_AREA_STYLE_COLOUR ( '', #7832 ) ;
#7442 = ORIENTED_EDGE ( 'NONE', *, *, #10577, .F. ) ;
#7443 = SURFACE_STYLE_FILL_AREA ( #11646 ) ;
#7444 = CARTESIAN_POINT ( 'NONE',  ( 10.10000000000000100, -5.401102314577129500, 0.7000000000000001800 ) ) ;
#7445 = LINE ( 'NONE', #7421, #2569 ) ;
#7446 = ORIENTED_EDGE ( 'NONE', *, *, #1501, .T. ) ;
#7447 = VECTOR ( 'NONE', #3596, 1000.000000000000000 ) ;
#7448 = VERTEX_POINT ( 'NONE', #2669 ) ;
#7449 = DIRECTION ( 'NONE',  ( -1.355252715606881000E-016, 0.0000000000000000000, -1.000000000000000000 ) ) ;
#7450 = DIRECTION ( 'NONE',  ( -2.409338161078899700E-016, -1.000000000000000000, -1.899788849813798600E-031 ) ) ;
#7451 = ORIENTED_EDGE ( 'NONE', *, *, #5094, .F. ) ;
#7452 = VECTOR ( 'NONE', #798, 1000.000000000000000 ) ;
#7453 = AXIS2_PLACEMENT_3D ( 'NONE', #6353, #880, #7277 ) ;
#7454 = FACE_OUTER_BOUND ( 'NONE', #4318, .T. ) ;
#7455 = DIRECTION ( 'NONE',  ( 1.000000000000000000, 0.0000000000000000000, 2.409338161078899700E-016 ) ) ;
#7456 = VERTEX_POINT ( 'NONE', #1740 ) ;
#7457 = CARTESIAN_POINT ( 'NONE',  ( -12.44000000000000100, -0.8100000000000009400, 5.099999999999999600 ) ) ;
#7458 = VECTOR ( 'NONE', #8915, 1000.000000000000000 ) ;
#7459 = CARTESIAN_POINT ( 'NONE',  ( 35.00000000000000000, 0.5000000000000000000, -34.75000000000001400 ) ) ;
#7460 = VERTEX_POINT ( 'NONE', #10002 ) ;
#7461 = ORIENTED_EDGE ( 'NONE', *, *, #10956, .F. ) ;
#7462 = LINE ( 'NONE', #4971, #124 ) ;
#7463 = AXIS2_PLACEMENT_3D ( 'NONE', #3329, #5154, #10667 ) ;
#7464 = DIRECTION ( 'NONE',  ( 3.423796334164750500E-016, 0.0000000000000000000, -1.000000000000000000 ) ) ;
#7465 = VERTEX_POINT ( 'NONE', #3597 ) ;
#7466 = CARTESIAN_POINT ( 'NONE',  ( 32.20000000000000300, 2.150000000000010600, -47.20000000000000300 ) ) ;
#7467 = EDGE_CURVE ( 'NONE', #10257, #8152, #7643, .T. ) ;
#7468 = ADVANCED_FACE ( 'NONE', ( #309 ), #882, .F. ) ;
#7469 = CARTESIAN_POINT ( 'NONE',  ( -34.40000000000001300, -0.2999999999999999900, -48.00000000000000000 ) ) ;
#7470 = LINE ( 'NONE', #10185, #2595 ) ;
#7471 = CARTESIAN_POINT ( 'NONE',  ( 0.0000000000000000000, 0.0000000000000000000, 6.299999999999999800 ) ) ;
#7472 = ORIENTED_EDGE ( 'NONE', *, *, #11383, .T. ) ;
#7473 = VECTOR ( 'NONE', #6069, 1000.000000000000000 ) ;
#7474 = EDGE_LOOP ( 'NONE', ( #10171, #10527, #1694, #105 ) ) ;
#7475 = FACE_OUTER_BOUND ( 'NONE', #378, .T. ) ;
#7476 = SURFACE_STYLE_USAGE ( .BOTH. , #1065 ) ;
#7477 = PLANE ( 'NONE',  #256 ) ;
#7478 = PLANE ( 'NONE',  #6296 ) ;
#7479 = EDGE_CURVE ( 'NONE', #10231, #2050, #3058, .T. ) ;
#7480 =( GEOMETRIC_REPRESENTATION_CONTEXT ( 3 ) GLOBAL_UNCERTAINTY_ASSIGNED_CONTEXT ( ( #2324 ) ) GLOBAL_UNIT_ASSIGNED_CONTEXT ( ( #4656, #11087, #5575 ) ) REPRESENTATION_CONTEXT ( 'NONE', 'WORKASPACE' ) );
#7481 = DIRECTION ( 'NONE',  ( -1.000000000000000000, 1.668003342285391100E-017, 0.0000000000000000000 ) ) ;
#7482 = LINE ( 'NONE', #3875, #2609 ) ;
#7483 = VERTEX_POINT ( 'NONE', #3632 ) ;
#7484 = EDGE_CURVE ( 'NONE', #7496, #6450, #21, .T. ) ;
#7485 = ORIENTED_EDGE ( 'NONE', *, *, #6160, .T. ) ;
#7486 = CARTESIAN_POINT ( 'NONE',  ( 30.00000000000000400, 2.899999999999999900, 48.89999999999999900 ) ) ;
#7487 = CARTESIAN_POINT ( 'NONE',  ( 20.55000000000000100, 1.949999999999991500, 5.099999999999999600 ) ) ;
#7488 = DIRECTION ( 'NONE',  ( -1.355252715606881000E-016, 0.0000000000000000000, -1.000000000000000000 ) ) ;
#7489 = FACE_OUTER_BOUND ( 'NONE', #8736, .T. ) ;
#7490 = UNCERTAINTY_MEASURE_WITH_UNIT (LENGTH_MEASURE( 1.000000000000000100E-005 ), #2179, 'distance_accuracy_value', 'NONE');
#7491 = CONICAL_SURFACE ( 'NONE', #3116, 1.250000000000001100, 1.029744258676653900 ) ;
#7492 = FILL_AREA_STYLE ('',( #134 ) ) ;
#7493 = ORIENTED_EDGE ( 'NONE', *, *, #5431, .F. ) ;
#7494 = ORIENTED_EDGE ( 'NONE', *, *, #2418, .T. ) ;
#7495 = CARTESIAN_POINT ( 'NONE',  ( -2.499999999999997300, -0.9100000000000041400, 1.299999999999999200 ) ) ;
#7496 = VERTEX_POINT ( 'NONE', #11897 ) ;
#7497 = DIRECTION ( 'NONE',  ( 0.0000000000000000000, 0.0000000000000000000, -1.000000000000000000 ) ) ;
#7498 =( LENGTH_UNIT ( ) NAMED_UNIT ( * ) SI_UNIT ( .MILLI., .METRE. ) );
#7499 = EDGE_CURVE ( 'NONE', #169, #8136, #5505, .T. ) ;
#7500 = ORIENTED_EDGE ( 'NONE', *, *, #8358, .T. ) ;
#7501 = EDGE_CURVE ( 'NONE', #7046, #10792, #4903, .T. ) ;
#7502 = FILL_AREA_STYLE ('',( #6580 ) ) ;
#7503 = CARTESIAN_POINT ( 'NONE',  ( -15.94000000000000300, -0.9100000000000010300, 5.099999999999999600 ) ) ;
#7504 = SURFACE_STYLE_USAGE ( .BOTH. , #1098 ) ;
#7505 = EDGE_LOOP ( 'NONE', ( #2667, #4322, #5622, #4248 ) ) ;
#7506 = DIRECTION ( 'NONE',  ( -0.0000000000000000000, 0.0000000000000000000, -1.000000000000000000 ) ) ;
#7507 = EDGE_LOOP ( 'NONE', ( #1367, #11059, #5775, #6869, #3147, #8129 ) ) ;
#7508 = VERTEX_POINT ( 'NONE', #4549 ) ;
#7509 = DIRECTION ( 'NONE',  ( 0.0000000000000000000, 0.0000000000000000000, 1.000000000000000000 ) ) ;
#7510 = DIRECTION ( 'NONE',  ( 1.000000000000000000, -1.445602896647337900E-016, 0.0000000000000000000 ) ) ;
#7511 = EDGE_CURVE ( 'NONE', #8780, #1326, #9240, .T. ) ;
#7512 = FACE_OUTER_BOUND ( 'NONE', #1625, .T. ) ;
#7513 = AXIS2_PLACEMENT_3D ( 'NONE', #8318, #2820, #9243 ) ;
#7514 = ORIENTED_EDGE ( 'NONE', *, *, #4996, .T. ) ;
#7515 = MECHANICAL_DESIGN_GEOMETRIC_PRESENTATION_REPRESENTATION (  '', ( #6289 ), #8157 ) ;
#7516 = VERTEX_POINT ( 'NONE', #9163 ) ;
#7517 = EDGE_LOOP ( 'NONE', ( #6674, #6876, #6501, #10018 ) ) ;
#7518 = ADVANCED_FACE ( 'NONE', ( #11677 ), #8944, .F. ) ;
#7519 = VECTOR ( 'NONE', #8300, 1000.000000000000000 ) ;
#7520 = CARTESIAN_POINT ( 'NONE',  ( 20.55000000000000100, -2.010000000000008200, -0.0000000000000000000 ) ) ;
#7521 = MECHANICAL_DESIGN_GEOMETRIC_PRESENTATION_REPRESENTATION (  '', ( #5678 ), #8164 ) ;
#7522 = ORIENTED_EDGE ( 'NONE', *, *, #4912, .T. ) ;
#7523 = CARTESIAN_POINT ( 'NONE',  ( -32.20000000000000300, 2.150000000000010600, 46.40000000000001300 ) ) ;
#7524 = CARTESIAN_POINT ( 'NONE',  ( 5.300000000000002500, -5.401102314577125100, 5.099999999999999600 ) ) ;
#7525 = CARTESIAN_POINT ( 'NONE',  ( 0.0000000000000000000, -0.2649999999999964100, -1.070000000000000700 ) ) ;
#7526 = AXIS2_PLACEMENT_3D ( 'NONE', #4378, #10807, #5294 ) ;
#7527 = EDGE_CURVE ( 'NONE', #1506, #10211, #11386, .T. ) ;
#7528 = ORIENTED_EDGE ( 'NONE', *, *, #7123, .T. ) ;
#7529 = FACE_OUTER_BOUND ( 'NONE', #420, .T. ) ;
#7530 = VECTOR ( 'NONE', #5600, 1000.000000000000000 ) ;
#7531 = CARTESIAN_POINT ( 'NONE',  ( -6.999999999999998200, -1.950000000000001100, 7.000000000000000000 ) ) ;
#7532 = CARTESIAN_POINT ( 'NONE',  ( -2.090861834133726000E-016, -0.9100000000000039200, -1.538828968349184100E-031 ) ) ;
#7533 = DIRECTION ( 'NONE',  ( 0.0000000000000000000, 0.0000000000000000000, -1.000000000000000000 ) ) ;
#7534 = EDGE_LOOP ( 'NONE', ( #732, #11521, #10134, #11624, #6226, #11033, #8948, #7144 ) ) ;
#7535 = ORIENTED_EDGE ( 'NONE', *, *, #3936, .T. ) ;
#7536 = EDGE_LOOP ( 'NONE', ( #7192, #1629 ) ) ;
#7537 = VECTOR ( 'NONE', #2445, 1000.000000000000000 ) ;
#7538 = DIRECTION ( 'NONE',  ( 0.0000000000000000000, 0.0000000000000000000, -1.000000000000000000 ) ) ;
#7539 = CIRCLE ( 'NONE', #8268, 1.000000000000000900 ) ;
#7540 = AXIS2_PLACEMENT_3D ( 'NONE', #3494, #9903, #4408 ) ;
#7541 = EDGE_CURVE ( 'NONE', #7460, #4257, #1906, .T. ) ;
#7542 = VECTOR ( 'NONE', #9953, 1000.000000000000000 ) ;
#7543 = DIRECTION ( 'NONE',  ( 0.0000000000000000000, -0.0000000000000000000, 1.000000000000000000 ) ) ;
#7544 = LINE ( 'NONE', #4764, #510 ) ;
#7545 = DIRECTION ( 'NONE',  ( 1.000000000000000000, 0.0000000000000000000, 0.0000000000000000000 ) ) ;
#7546 = ORIENTED_EDGE ( 'NONE', *, *, #3130, .T. ) ;
#7547 =( NAMED_UNIT ( * ) SI_UNIT ( $, .STERADIAN. ) SOLID_ANGLE_UNIT ( ) );
#7548 = SURFACE_STYLE_FILL_AREA ( #6693 ) ;
#7549 = SURFACE_SIDE_STYLE ('',( #8000 ) ) ;
#7550 = UNCERTAINTY_MEASURE_WITH_UNIT (LENGTH_MEASURE( 1.000000000000000100E-005 ), #11913, 'distance_accuracy_value', 'NONE');
#7551 = LINE ( 'NONE', #4512, #3553 ) ;
#7552 = PRESENTATION_STYLE_ASSIGNMENT (( #1654 ) ) ;
#7553 = ORIENTED_EDGE ( 'NONE', *, *, #1094, .T. ) ;
#7554 =( GEOMETRIC_REPRESENTATION_CONTEXT ( 3 ) GLOBAL_UNCERTAINTY_ASSIGNED_CONTEXT ( ( #4832 ) ) GLOBAL_UNIT_ASSIGNED_CONTEXT ( ( #6753, #1254, #7668 ) ) REPRESENTATION_CONTEXT ( 'NONE', 'WORKASPACE' ) );
#7555 = DIRECTION ( 'NONE',  ( 8.659560562354942700E-017, 0.7071067811865466800, -0.7071067811865483500 ) ) ;
#7556 = STYLED_ITEM ( 'NONE', ( #4218 ), #6689 ) ;
#7557 = EDGE_CURVE ( 'NONE', #3108, #2061, #6790, .T. ) ;
#7558 = EDGE_CURVE ( 'NONE', #3557, #724, #2176, .T. ) ;
#7559 = VERTEX_POINT ( 'NONE', #5553 ) ;
#7560 = LINE ( 'NONE', #6659, #9723 ) ;
#7561 = VECTOR ( 'NONE', #10096, 1000.000000000000000 ) ;
#7562 =( LENGTH_UNIT ( ) NAMED_UNIT ( * ) SI_UNIT ( .MILLI., .METRE. ) );
#7563 = VECTOR ( 'NONE', #7797, 1000.000000000000000 ) ;
#7564 = LINE ( 'NONE', #1890, #2699 ) ;
#7565 = DIRECTION ( 'NONE',  ( -3.168854151125935100E-048, -1.899788849813798600E-031, 1.000000000000000000 ) ) ;
#7566 = VERTEX_POINT ( 'NONE', #995 ) ;
#7567 = CARTESIAN_POINT ( 'NONE',  ( 4.000000000000002700, -5.401102314577125100, 5.099999999999999600 ) ) ;
#7568 = VECTOR ( 'NONE', #4536, 1000.000000000000000 ) ;
#7569 = DIRECTION ( 'NONE',  ( 0.0000000000000000000, 0.0000000000000000000, 1.000000000000000000 ) ) ;
#7570 = CARTESIAN_POINT ( 'NONE',  ( 16.60000000000000500, -0.8100000000000043800, -20.72142852218446800 ) ) ;
#7571 = ADVANCED_FACE ( 'NONE', ( #3780 ), #8365, .F. ) ;
#7572 = VERTEX_POINT ( 'NONE', #10165 ) ;
#7573 = CARTESIAN_POINT ( 'NONE',  ( -34.99999999999999300, 0.5000000000000000000, 40.59999999999998000 ) ) ;
#7574 = LINE ( 'NONE', #2576, #7297 ) ;
#7575 = VECTOR ( 'NONE', #2068, 1000.000000000000000 ) ;
#7576 = LINE ( 'NONE', #5791, #242 ) ;
#7577 = EDGE_CURVE ( 'NONE', #336, #5199, #10822, .T. ) ;
#7578 = SURFACE_SIDE_STYLE ('',( #9433 ) ) ;
#7579 = EDGE_LOOP ( 'NONE', ( #4361, #9569, #8457, #3504 ) ) ;
#7580 = AXIS2_PLACEMENT_3D ( 'NONE', #4618, #11055, #5542 ) ;
#7581 = CARTESIAN_POINT ( 'NONE',  ( 16.60000000000000500, 0.2899999999999967600, 5.099999999999999600 ) ) ;
#7582 = CONICAL_SURFACE ( 'NONE', #3639, 0.7999999999999951600, 0.7853981633974536100 ) ;
#7583 = DIRECTION ( 'NONE',  ( 1.668003342285391100E-017, 1.000000000000000000, 0.0000000000000000000 ) ) ;
#7584 = DIRECTION ( 'NONE',  ( 0.0000000000000000000, 0.0000000000000000000, -1.000000000000000000 ) ) ;
#7585 = VERTEX_POINT ( 'NONE', #4667 ) ;
#7586 = DIRECTION ( 'NONE',  ( -0.0000000000000000000, 1.000000000000000000, -0.0000000000000000000 ) ) ;
#7587 = FACE_OUTER_BOUND ( 'NONE', #8076, .T. ) ;
#7588 = SURFACE_STYLE_FILL_AREA ( #7206 ) ;
#7589 = COLOUR_RGB ( '',0.8941176470588234600, 0.9137254901960784000, 0.9294117647058823800 ) ;
#7590 = MECHANICAL_DESIGN_GEOMETRIC_PRESENTATION_REPRESENTATION (  '', ( #6368 ), #8227 ) ;
#7591 = VERTEX_POINT ( 'NONE', #5590 ) ;
#7592 = ORIENTED_EDGE ( 'NONE', *, *, #2107, .T. ) ;
#7593 = DIRECTION ( 'NONE',  ( 0.0000000000000000000, -1.000000000000000000, -0.0000000000000000000 ) ) ;
#7594 = FACE_OUTER_BOUND ( 'NONE', #5951, .T. ) ;
#7595 = CARTESIAN_POINT ( 'NONE',  ( 34.50000000000000000, -3.000000000000000400, -48.00000000000000000 ) ) ;
#7596 = ORIENTED_EDGE ( 'NONE', *, *, #4392, .T. ) ;
#7597 = LINE ( 'NONE', #2342, #3313 ) ;
#7598 = VECTOR ( 'NONE', #8547, 1000.000000000000000 ) ;
#7599 = ORIENTED_EDGE ( 'NONE', *, *, #7034, .T. ) ;
#7600 = VECTOR ( 'NONE', #832, 1000.000000000000000 ) ;
#7601 = CARTESIAN_POINT ( 'NONE',  ( -32.20000000000000300, 2.900000000000000400, -47.20000000000000300 ) ) ;
#7602 = DIRECTION ( 'NONE',  ( 1.000000000000000000, -1.392979236598078500E-016, 7.885106708985487100E-016 ) ) ;
#7603 = ORIENTED_EDGE ( 'NONE', *, *, #1468, .T. ) ;
#7604 = DIRECTION ( 'NONE',  ( 1.668003342285391100E-017, 1.000000000000000000, -0.0000000000000000000 ) ) ;
#7605 = VERTEX_POINT ( 'NONE', #1932 ) ;
#7606 = CARTESIAN_POINT ( 'NONE',  ( 26.55000000000000400, -1.099999999999999900, -49.39999999999999900 ) ) ;
#7607 = CARTESIAN_POINT ( 'NONE',  ( -30.85999999999999600, 2.899999999999999900, 38.09999999999998000 ) ) ;
#7608 = AXIS2_PLACEMENT_3D ( 'NONE', #4010, #10441, #4920 ) ;
#7609 = DIRECTION ( 'NONE',  ( 0.0000000000000000000, 1.000000000000000000, 0.0000000000000000000 ) ) ;
#7610 = CARTESIAN_POINT ( 'NONE',  ( 33.00000000000000000, -3.000000000000000000, -49.50000000000000000 ) ) ;
#7611 = CARTESIAN_POINT ( 'NONE',  ( -18.39999999999999100, -1.099999999999999900, -50.00000000000000000 ) ) ;
#7612 = CARTESIAN_POINT ( 'NONE',  ( 0.0000000000000000000, 0.0000000000000000000, 0.0000000000000000000 ) ) ;
#7613 = FACE_OUTER_BOUND ( 'NONE', #10365, .T. ) ;
#7614 = CARTESIAN_POINT ( 'NONE',  ( -34.39999999999998400, 3.500000000000000000, 43.59999999999998700 ) ) ;
#7615 = EDGE_CURVE ( 'NONE', #11816, #10028, #8636, .T. ) ;
#7616 = SURFACE_STYLE_USAGE ( .BOTH. , #1200 ) ;
#7617 = EDGE_CURVE ( 'NONE', #11064, #410, #6215, .T. ) ;
#7618 = CARTESIAN_POINT ( 'NONE',  ( -33.35999999999999200, -1.999999999999991100, -34.75000000000000700 ) ) ;
#7619 = COLOUR_RGB ( '',0.8941176470588234600, 0.9137254901960784000, 0.9294117647058823800 ) ;
#7620 = CARTESIAN_POINT ( 'NONE',  ( 30.86000000000001700, -3.500000000000000000, 39.34999999999998000 ) ) ;
#7621 = VECTOR ( 'NONE', #6371, 1000.000000000000000 ) ;
#7622 = EDGE_LOOP ( 'NONE', ( #9747, #4491, #3429, #4299, #9260, #10925, #7213, #6107, #10052, #6942, #9291, #3791, #6530, #11321, #1131, #6522 ) ) ;
#7623 = VERTEX_POINT ( 'NONE', #8356 ) ;
#7624 = SURFACE_SIDE_STYLE ('',( #4196 ) ) ;
#7625 = VERTEX_POINT ( 'NONE', #3787 ) ;
#7626 = EDGE_CURVE ( 'NONE', #121, #6649, #8103, .T. ) ;
#7627 = CARTESIAN_POINT ( 'NONE',  ( 18.55000000000000100, -2.850000000000001000, -0.0000000000000000000 ) ) ;
#7628 = AXIS2_PLACEMENT_3D ( 'NONE', #3777, #10204, #4693 ) ;
#7629 = DIRECTION ( 'NONE',  ( 0.0000000000000000000, 0.0000000000000000000, 1.000000000000000000 ) ) ;
#7630 = ADVANCED_FACE ( 'NONE', ( #1628 ), #112, .F. ) ;
#7631 = UNCERTAINTY_MEASURE_WITH_UNIT (LENGTH_MEASURE( 1.000000000000000100E-005 ), #9360, 'distance_accuracy_value', 'NONE');
#7632 = EDGE_CURVE ( 'NONE', #7623, #5945, #4771, .T. ) ;
#7633 = VERTEX_POINT ( 'NONE', #1105 ) ;
#7634 = DIRECTION ( 'NONE',  ( 0.0000000000000000000, 0.0000000000000000000, 1.000000000000000000 ) ) ;
#7635 = ORIENTED_EDGE ( 'NONE', *, *, #9693, .T. ) ;
#7636 = DIRECTION ( 'NONE',  ( 1.049727191138618300E-016, -0.5150380749100547100, 0.8571673007021120000 ) ) ;
#7637 = CARTESIAN_POINT ( 'NONE',  ( 3.000000000000002700, 1.000000000000000000, 0.0000000000000000000 ) ) ;
#7638 = ORIENTED_EDGE ( 'NONE', *, *, #9340, .F. ) ;
#7639 = PLANE ( 'NONE',  #11381 ) ;
#7640 = COLOUR_RGB ( '',0.9686274509803921600, 0.8784313725490196000, 0.5999999999999999800 ) ;
#7641 = PLANE ( 'NONE',  #10798 ) ;
#7642 = VECTOR ( 'NONE', #2345, 1000.000000000000000 ) ;
#7643 = LINE ( 'NONE', #5438, #9809 ) ;
#7644 =( LENGTH_UNIT ( ) NAMED_UNIT ( * ) SI_UNIT ( .MILLI., .METRE. ) );
#7645 = VERTEX_POINT ( 'NONE', #9361 ) ;
#7646 = ADVANCED_FACE ( 'NONE', ( #2317 ), #7477, .F. ) ;
#7647 = PLANE ( 'NONE',  #6947 ) ;
#7648 =( NAMED_UNIT ( * ) PLANE_ANGLE_UNIT ( ) SI_UNIT ( $, .RADIAN. ) );
#7649 = EDGE_CURVE ( 'NONE', #10095, #1705, #9369, .T. ) ;
#7650 = AXIS2_PLACEMENT_3D ( 'NONE', #7703, #9547, #5854 ) ;
#7651 = CARTESIAN_POINT ( 'NONE',  ( -14.64000000000000100, -0.9099999999999993600, 5.099999999999999600 ) ) ;
#7652 = AXIS2_PLACEMENT_3D ( 'NONE', #1605, #7093, #8933 ) ;
#7653 = DIRECTION ( 'NONE',  ( 1.668003342285391100E-017, 1.000000000000000000, -0.0000000000000000000 ) ) ;
#7654 = VERTEX_POINT ( 'NONE', #5702 ) ;
#7655 = CARTESIAN_POINT ( 'NONE',  ( 33.90000000000001300, 10.74102034176674400, 43.59999999999998700 ) ) ;
#7656 = VECTOR ( 'NONE', #1118, 1000.000000000000000 ) ;
#7657 = ORIENTED_EDGE ( 'NONE', *, *, #3991, .F. ) ;
#7658 = STYLED_ITEM ( 'NONE', ( #453 ), #9864 ) ;
#7659 = DIRECTION ( 'NONE',  ( -2.409338161078899700E-016, -1.000000000000000000, -1.899788849813798600E-031 ) ) ;
#7660 = VERTEX_POINT ( 'NONE', #193 ) ;
#7661 = SURFACE_STYLE_USAGE ( .BOTH. , #1250 ) ;
#7662 = LINE ( 'NONE', #3649, #5225 ) ;
#7663 = CARTESIAN_POINT ( 'NONE',  ( 25.55000000000000400, -3.500000000000000000, -43.20000000000000300 ) ) ;
#7664 = CARTESIAN_POINT ( 'NONE',  ( 22.80000000000000100, 2.849999999999991700, 0.0000000000000000000 ) ) ;
#7665 = EDGE_CURVE ( 'NONE', #8707, #1436, #4495, .T. ) ;
#7666 = LINE ( 'NONE', #1256, #5226 ) ;
#7667 = LINE ( 'NONE', #6254, #9831 ) ;
#7668 =( NAMED_UNIT ( * ) SI_UNIT ( $, .STERADIAN. ) SOLID_ANGLE_UNIT ( ) );
#7669 = ORIENTED_EDGE ( 'NONE', *, *, #10382, .F. ) ;
#7670 = VERTEX_POINT ( 'NONE', #8467 ) ;
#7671 = ORIENTED_EDGE ( 'NONE', *, *, #5914, .T. ) ;
#7672 = DIRECTION ( 'NONE',  ( 0.0000000000000000000, -1.000000000000000000, 0.0000000000000000000 ) ) ;
#7673 = COLOUR_RGB ( '',0.9686274509803921600, 0.8784313725490196000, 0.5999999999999999800 ) ;
#7674 = AXIS2_PLACEMENT_3D ( 'NONE', #5099, #11541, #6029 ) ;
#7675 = LINE ( 'NONE', #6327, #2808 ) ;
#7676 = CARTESIAN_POINT ( 'NONE',  ( -18.55000000000000400, 1.269999999999992000, -2.088061301782108400 ) ) ;
#7677 = VECTOR ( 'NONE', #2849, 1000.000000000000000 ) ;
#7678 = CARTESIAN_POINT ( 'NONE',  ( -1.999999999999997800, -2.850000000000000500, 5.099999999999999600 ) ) ;
#7679 = DIRECTION ( 'NONE',  ( 0.0000000000000000000, 0.0000000000000000000, 1.000000000000000000 ) ) ;
#7680 = DIRECTION ( 'NONE',  ( -1.000000000000000000, -2.409338161078899700E-016, 0.0000000000000000000 ) ) ;
#7681 = EDGE_CURVE ( 'NONE', #8163, #10136, #159, .T. ) ;
#7682 = VECTOR ( 'NONE', #329, 1000.000000000000000 ) ;
#7683 = DIRECTION ( 'NONE',  ( 0.0000000000000000000, 1.000000000000000000, 0.0000000000000000000 ) ) ;
#7684 = ORIENTED_EDGE ( 'NONE', *, *, #11514, .F. ) ;
#7685 = ORIENTED_EDGE ( 'NONE', *, *, #1671, .T. ) ;
#7686 = SURFACE_STYLE_USAGE ( .BOTH. , #1277 ) ;
#7687 = DIRECTION ( 'NONE',  ( -1.000000000000000000, 0.0000000000000000000, 0.0000000000000000000 ) ) ;
#7688 = CARTESIAN_POINT ( 'NONE',  ( -20.55000000000000100, 1.269999999999991800, 0.0000000000000000000 ) ) ;
#7689 = FACE_OUTER_BOUND ( 'NONE', #5789, .T. ) ;
#7690 = DIRECTION ( 'NONE',  ( 0.0000000000000000000, 0.0000000000000000000, -1.000000000000000000 ) ) ;
#7691 = ADVANCED_FACE ( 'NONE', ( #11818 ), #11247, .F. ) ;
#7692 = CARTESIAN_POINT ( 'NONE',  ( 15.69999999999999600, -0.9100000000000072500, 5.099999999999999600 ) ) ;
#7693 = VECTOR ( 'NONE', #6420, 1000.000000000000000 ) ;
#7694 = ORIENTED_EDGE ( 'NONE', *, *, #8283, .T. ) ;
#7695 = AXIS2_PLACEMENT_3D ( 'NONE', #10384, #4875, #11303 ) ;
#7696 = CIRCLE ( 'NONE', #3345, 1.549999999999995800 ) ;
#7697 = EDGE_CURVE ( 'NONE', #4198, #3774, #9080, .T. ) ;
#7698 = MECHANICAL_DESIGN_GEOMETRIC_PRESENTATION_REPRESENTATION (  '', ( #6483 ), #8334 ) ;
#7699 = EDGE_LOOP ( 'NONE', ( #9604, #4619, #10567, #9606 ) ) ;
#7700 = LINE ( 'NONE', #8047, #362 ) ;
#7701 = UNCERTAINTY_MEASURE_WITH_UNIT (LENGTH_MEASURE( 1.000000000000000100E-005 ), #8987, 'distance_accuracy_value', 'NONE');
#7702 = EDGE_CURVE ( 'NONE', #10892, #8596, #11530, .T. ) ;
#7703 = CARTESIAN_POINT ( 'NONE',  ( 32.20000000000000300, -2.100000000000000100, 47.20000000000000300 ) ) ;
#7704 =( NAMED_UNIT ( * ) PLANE_ANGLE_UNIT ( ) SI_UNIT ( $, .RADIAN. ) );
#7705 = VECTOR ( 'NONE', #6016, 1000.000000000000000 ) ;
#7706 = ADVANCED_FACE ( 'NONE', ( #6639 ), #7951, .F. ) ;
#7707 = ORIENTED_EDGE ( 'NONE', *, *, #7057, .F. ) ;
#7708 = DIRECTION ( 'NONE',  ( -0.0000000000000000000, 0.0000000000000000000, 1.000000000000000000 ) ) ;
#7709 = VECTOR ( 'NONE', #10457, 1000.000000000000000 ) ;
#7710 = ORIENTED_EDGE ( 'NONE', *, *, #4701, .T. ) ;
#7711 = PRESENTATION_STYLE_ASSIGNMENT (( #2818 ) ) ;
#7712 = DIRECTION ( 'NONE',  ( -1.000000000000000000, 0.0000000000000000000, 0.0000000000000000000 ) ) ;
#7713 = LINE ( 'NONE', #4836, #9880 ) ;
#7714 = LINE ( 'NONE', #10366, #9881 ) ;
#7715 = DIRECTION ( 'NONE',  ( 1.000000000000000000, -2.409338161078899700E-016, 0.0000000000000000000 ) ) ;
#7716 = ORIENTED_EDGE ( 'NONE', *, *, #8485, .F. ) ;
#7717 = PLANE ( 'NONE',  #5151 ) ;
#7718 = CARTESIAN_POINT ( 'NONE',  ( 34.50000000000000000, -3.000000000000000400, -50.00000000000000000 ) ) ;
#7719 = CARTESIAN_POINT ( 'NONE',  ( -18.55000000000000400, 1.269999999999992000, 5.099999999999999600 ) ) ;
#7720 = EDGE_CURVE ( 'NONE', #8297, #3231, #912, .T. ) ;
#7721 =( GEOMETRIC_REPRESENTATION_CONTEXT ( 3 ) GLOBAL_UNCERTAINTY_ASSIGNED_CONTEXT ( ( #8799 ) ) GLOBAL_UNIT_ASSIGNED_CONTEXT ( ( #2506, #8928, #3445 ) ) REPRESENTATION_CONTEXT ( 'NONE', 'WORKASPACE' ) );
#7722 = DIRECTION ( 'NONE',  ( 0.0000000000000000000, 1.000000000000000000, 0.0000000000000000000 ) ) ;
#7723 = EDGE_CURVE ( 'NONE', #3511, #8452, #10374, .T. ) ;
#7724 = EDGE_CURVE ( 'NONE', #2915, #6664, #5771, .T. ) ;
#7725 = SURFACE_STYLE_FILL_AREA ( #10771 ) ;
#7726 = CARTESIAN_POINT ( 'NONE',  ( 3.000000000000002700, 1.224646799147353200E-016, -1.000000000000000000 ) ) ;
#7727 = ORIENTED_EDGE ( 'NONE', *, *, #3364, .T. ) ;
#7728 = VECTOR ( 'NONE', #4258, 1000.000000000000000 ) ;
#7729 = COLOUR_RGB ( '',0.9686274509803921600, 0.8784313725490196000, 0.5999999999999999800 ) ;
#7730 = DIRECTION ( 'NONE',  ( -1.000000000000000000, -0.0000000000000000000, -0.0000000000000000000 ) ) ;
#7731 = FACE_OUTER_BOUND ( 'NONE', #7165, .T. ) ;
#7732 = DIRECTION ( 'NONE',  ( -1.000000000000000000, -0.0000000000000000000, 1.387778780781445900E-016 ) ) ;
#7733 = DIRECTION ( 'NONE',  ( -0.0000000000000000000, 1.000000000000000000, -0.0000000000000000000 ) ) ;
#7734 = ORIENTED_EDGE ( 'NONE', *, *, #322, .F. ) ;
#7735 = FACE_OUTER_BOUND ( 'NONE', #7474, .T. ) ;
#7736 = DIRECTION ( 'NONE',  ( 1.000000000000000000, 0.0000000000000000000, -1.404634393503487300E-016 ) ) ;
#7737 = VERTEX_POINT ( 'NONE', #347 ) ;
#7738 = AXIS2_PLACEMENT_3D ( 'NONE', #6301, #8166, #2654 ) ;
#7739 =( NAMED_UNIT ( * ) SI_UNIT ( $, .STERADIAN. ) SOLID_ANGLE_UNIT ( ) );
#7740 = PRESENTATION_STYLE_ASSIGNMENT (( #10633 ) ) ;
#7741 = ORIENTED_EDGE ( 'NONE', *, *, #170, .F. ) ;
#7742 = SURFACE_STYLE_FILL_AREA ( #2640 ) ;
#7743 = EDGE_CURVE ( 'NONE', #2540, #468, #3351, .T. ) ;
#7744 = VECTOR ( 'NONE', #8708, 1000.000000000000000 ) ;
#7745 = PRESENTATION_LAYER_ASSIGNMENT (  '', '', ( #6521 ) ) ;
#7746 = ORIENTED_EDGE ( 'NONE', *, *, #6799, .T. ) ;
#7747 = CONICAL_SURFACE ( 'NONE', #10224, 0.7999999999999951600, 0.7853981633974536100 ) ;
#7748 = VECTOR ( 'NONE', #1579, 1000.000000000000000 ) ;
#7750 = VERTEX_POINT ( 'NONE', #11366 ) ;
#7749 = AXIS2_PLACEMENT_3D ( 'NONE', #3124, #9542, #4051 ) ;
#7751 = ORIENTED_EDGE ( 'NONE', *, *, #4928, .T. ) ;
#7752 = CARTESIAN_POINT ( 'NONE',  ( 33.00000000000000000, -3.000000000000000400, -50.00000000000000000 ) ) ;
#7753 = ORIENTED_EDGE ( 'NONE', *, *, #1190, .T. ) ;
#7754 =( NAMED_UNIT ( * ) PLANE_ANGLE_UNIT ( ) SI_UNIT ( $, .RADIAN. ) );
#7755 =( NAMED_UNIT ( * ) PLANE_ANGLE_UNIT ( ) SI_UNIT ( $, .RADIAN. ) );
#7756 = DIRECTION ( 'NONE',  ( -0.0000000000000000000, 1.000000000000000000, -0.0000000000000000000 ) ) ;
#7757 = PRESENTATION_LAYER_ASSIGNMENT (  '', '', ( #6529 ) ) ;
#7758 = VECTOR ( 'NONE', #1011, 1000.000000000000000 ) ;
#7759 = DIRECTION ( 'NONE',  ( -0.0000000000000000000, -0.0000000000000000000, 1.000000000000000000 ) ) ;
#7760 = ORIENTED_EDGE ( 'NONE', *, *, #4428, .F. ) ;
#7761 = LINE ( 'NONE', #9730, #421 ) ;
#7762 = ORIENTED_EDGE ( 'NONE', *, *, #5018, .F. ) ;
#7764 = CARTESIAN_POINT ( 'NONE',  ( 5.300000000000002500, -0.8100000000000041600, 5.099999999999999600 ) ) ;
#7763 = LINE ( 'NONE', #3898, #10212 ) ;
#7765 = ADVANCED_FACE ( 'NONE', ( #10081 ), #9797, .F. ) ;
#7766 = DIRECTION ( 'NONE',  ( 0.0000000000000000000, 1.000000000000000000, 0.0000000000000000000 ) ) ;
#7767 = CARTESIAN_POINT ( 'NONE',  ( 32.20000000000000300, 2.900000000000000400, -48.75000000000000000 ) ) ;
#7768 = DIRECTION ( 'NONE',  ( 1.392979236598078500E-016, 1.000000000000000000, -0.0000000000000000000 ) ) ;
#7769 = CARTESIAN_POINT ( 'NONE',  ( -34.39999999999997000, 2.899999999999999900, 43.59999999999998700 ) ) ;
#7770 = CARTESIAN_POINT ( 'NONE',  ( 30.00000000000000400, 9.722539674441609500, 45.00000000000001400 ) ) ;
#7771 = LINE ( 'NONE', #9524, #4330 ) ;
#7772 = CARTESIAN_POINT ( 'NONE',  ( 32.20000000000000300, -2.100000000000000100, -46.40000000000001300 ) ) ;
#7773 = DIRECTION ( 'NONE',  ( 0.0000000000000000000, -1.000000000000000000, 0.0000000000000000000 ) ) ;
#7774 = ORIENTED_EDGE ( 'NONE', *, *, #7723, .F. ) ;
#7775 = CARTESIAN_POINT ( 'NONE',  ( -10.90000000000000000, -0.9100000000000004800, 1.300000000000000300 ) ) ;
#7776 = PRODUCT_DEFINITION ( 'UNKNOWN', '', #1394, #1664 ) ;
#7777 = ORIENTED_EDGE ( 'NONE', *, *, #4653, .T. ) ;
#7778 = CARTESIAN_POINT ( 'NONE',  ( 1.540000000000000000, -0.1325000000000005900, 0.1324999999999996200 ) ) ;
#7779 = ADVANCED_FACE ( 'NONE', ( #2764 ), #5893, .F. ) ;
#7780 = DIRECTION ( 'NONE',  ( 0.0000000000000000000, 1.000000000000000000, 0.0000000000000000000 ) ) ;
#7781 = AXIS2_PLACEMENT_3D ( 'NONE', #9451, #458, #10551 ) ;
#7782 = PLANE ( 'NONE',  #8807 ) ;
#7783 = EDGE_CURVE ( 'NONE', #9084, #5508, #1895, .T. ) ;
#7784 = UNCERTAINTY_MEASURE_WITH_UNIT (LENGTH_MEASURE( 1.000000000000000100E-005 ), #8229, 'distance_accuracy_value', 'NONE');
#7785 = PRESENTATION_STYLE_ASSIGNMENT (( #4685 ) ) ;
#7786 = DIRECTION ( 'NONE',  ( 0.0000000000000000000, 0.0000000000000000000, -1.000000000000000000 ) ) ;
#7787 = EDGE_CURVE ( 'NONE', #2039, #6757, #9227, .T. ) ;
#7788 = PRESENTATION_STYLE_ASSIGNMENT (( #11718 ) ) ;
#7789 = FACE_OUTER_BOUND ( 'NONE', #10481, .T. ) ;
#7790 = ORIENTED_EDGE ( 'NONE', *, *, #5719, .F. ) ;
#7791 = VERTEX_POINT ( 'NONE', #1370 ) ;
#7792 = ORIENTED_EDGE ( 'NONE', *, *, #11561, .F. ) ;
#7793 = EDGE_LOOP ( 'NONE', ( #4120, #4986, #179, #8323 ) ) ;
#7794 = DIRECTION ( 'NONE',  ( 1.392979236598078500E-016, 1.000000000000000000, -0.0000000000000000000 ) ) ;
#7795 = CARTESIAN_POINT ( 'NONE',  ( 25.55000000000000400, -2.900000000000000400, -42.20000000000000300 ) ) ;
#7796 = COLOUR_RGB ( '',0.8941176470588234600, 0.9137254901960784000, 0.9294117647058823800 ) ;
#7797 = DIRECTION ( 'NONE',  ( 0.0000000000000000000, 0.0000000000000000000, 1.000000000000000000 ) ) ;
#7798 = VECTOR ( 'NONE', #6167, 1000.000000000000000 ) ;
#7799 = CARTESIAN_POINT ( 'NONE',  ( -0.0000000000000000000, -1.069999999999999800, -0.2649999999999991800 ) ) ;
#7800 = CARTESIAN_POINT ( 'NONE',  ( -3.999999999999997300, -0.9500000000000009500, 6.299999999999999800 ) ) ;
#7801 = VERTEX_POINT ( 'NONE', #7799 ) ;
#7802 = DIRECTION ( 'NONE',  ( -1.000000000000000000, 2.409338161078899700E-016, 0.0000000000000000000 ) ) ;
#7803 = ORIENTED_EDGE ( 'NONE', *, *, #3860, .F. ) ;
#7804 = AXIS2_PLACEMENT_3D ( 'NONE', #6710, #1216, #7629 ) ;
#7805 = DIRECTION ( 'NONE',  ( 0.0000000000000000000, 0.0000000000000000000, -1.000000000000000000 ) ) ;
#7806 = VERTEX_POINT ( 'NONE', #5004 ) ;
#7807 = EDGE_CURVE ( 'NONE', #10136, #1405, #6494, .T. ) ;
#7808 = VECTOR ( 'NONE', #6933, 1000.000000000000000 ) ;
#7809 = ORIENTED_EDGE ( 'NONE', *, *, #3810, .F. ) ;
#7810 = FILL_AREA_STYLE ('',( #5940 ) ) ;
#7811 = FILL_AREA_STYLE ('',( #6885 ) ) ;
#7812 = DIRECTION ( 'NONE',  ( 1.000000000000000000, -5.489631253091163200E-017, -0.0000000000000000000 ) ) ;
#7813 = CARTESIAN_POINT ( 'NONE',  ( 32.20000000000001700, -0.2999999999999999900, -45.65000000000002700 ) ) ;
#7814 = FILL_AREA_STYLE_COLOUR ( '', #10250 ) ;
#7815 = EDGE_LOOP ( 'NONE', ( #8216, #7112, #6322, #3199 ) ) ;
#7816 = PRODUCT_DEFINITION_SHAPE ( 'NONE', 'NONE',  #8386 ) ;
#7817 = VERTEX_POINT ( 'NONE', #9637 ) ;
#7818 = DIRECTION ( 'NONE',  ( 0.0000000000000000000, 0.0000000000000000000, -1.000000000000000000 ) ) ;
#7819 = ORIENTED_EDGE ( 'NONE', *, *, #11710, .F. ) ;
#7820 = DIRECTION ( 'NONE',  ( -1.000000000000000000, 1.668003342285391100E-017, 0.0000000000000000000 ) ) ;
#7821 = DIRECTION ( 'NONE',  ( -0.0000000000000000000, -0.0000000000000000000, 1.000000000000000000 ) ) ;
#7822 = PRESENTATION_STYLE_ASSIGNMENT (( #8339 ) ) ;
#7823 = CARTESIAN_POINT ( 'NONE',  ( 1.757653333333334200, -0.1137733333333334600, -6.140779046884141400E-016 ) ) ;
#7824 = EDGE_CURVE ( 'NONE', #3208, #9575, #11374, .T. ) ;
#7825 = MECHANICAL_DESIGN_GEOMETRIC_PRESENTATION_REPRESENTATION (  '', ( #6588 ), #8424 ) ;
#7826 = ORIENTED_EDGE ( 'NONE', *, *, #5358, .T. ) ;
#7827 = STYLED_ITEM ( 'NONE', ( #6293 ), #2533 ) ;
#7828 = SURFACE_SIDE_STYLE ('',( #4940 ) ) ;
#7829 = ADVANCED_FACE ( 'NONE', ( #4345 ), #476, .T. ) ;
#7830 = VERTEX_POINT ( 'NONE', #8696 ) ;
#7831 = LINE ( 'NONE', #4925, #2941 ) ;
#7832 = COLOUR_RGB ( '',0.9686274509803921600, 0.8784313725490196000, 0.5999999999999999800 ) ;
#7833 = VECTOR ( 'NONE', #294, 1000.000000000000000 ) ;
#7834 = MECHANICAL_DESIGN_GEOMETRIC_PRESENTATION_REPRESENTATION (  '', ( #6596 ), #8435 ) ;
#7835 = ORIENTED_EDGE ( 'NONE', *, *, #8469, .T. ) ;
#7836 = CARTESIAN_POINT ( 'NONE',  ( -33.89999999999998400, 2.899999999999999900, 38.09999999999998000 ) ) ;
#7837 =( LENGTH_UNIT ( ) NAMED_UNIT ( * ) SI_UNIT ( .MILLI., .METRE. ) );
#7838 = DIRECTION ( 'NONE',  ( -0.3892816206350256400, 0.3892816206350256400, -0.8348171294789870100 ) ) ;
#7839 = VERTEX_POINT ( 'NONE', #6958 ) ;
#7840 = SURFACE_SIDE_STYLE ('',( #11099 ) ) ;
#7841 = CARTESIAN_POINT ( 'NONE',  ( 30.86000000000001700, -3.500000000000000000, 39.34999999999998000 ) ) ;
#7842 = ORIENTED_EDGE ( 'NONE', *, *, #8346, .F. ) ;
#7843 = ADVANCED_FACE ( 'NONE', ( #5342 ), #7491, .F. ) ;
#7844 = LINE ( 'NONE', #3296, #10281 ) ;
#7845 = SURFACE_SIDE_STYLE ('',( #9173 ) ) ;
#7846 = LINE ( 'NONE', #8991, #11436 ) ;
#7847 = DIRECTION ( 'NONE',  ( 0.0000000000000000000, -1.000000000000000000, 0.0000000000000000000 ) ) ;
#7848 =( LENGTH_UNIT ( ) NAMED_UNIT ( * ) SI_UNIT ( .MILLI., .METRE. ) );
#7849 = VERTEX_POINT ( 'NONE', #8778 ) ;
#7850 = STYLED_ITEM ( 'NONE', ( #9443 ), #11797 ) ;
#7851 = LINE ( 'NONE', #3889, #9998 ) ;
#7852 = CARTESIAN_POINT ( 'NONE',  ( -7.399999999999998600, -0.9100000000000011400, 5.100000000000000500 ) ) ;
#7853 = CARTESIAN_POINT ( 'NONE',  ( -34.40000000000001300, -0.2999999999999999900, -49.39999999999999900 ) ) ;
#7854 = FILL_AREA_STYLE_COLOUR ( '', #1600 ) ;
#7855 = CARTESIAN_POINT ( 'NONE',  ( -34.39999999999998400, 3.500000000000000000, 48.00000000000000000 ) ) ;
#7856 = PRESENTATION_LAYER_ASSIGNMENT (  '', '', ( #6615 ) ) ;
#7857 = EDGE_CURVE ( 'NONE', #9382, #6078, #9937, .T. ) ;
#7858 = CARTESIAN_POINT ( 'NONE',  ( 30.00000000000000400, -2.900000000000000400, 45.00000000000001400 ) ) ;
#7859 = EDGE_CURVE ( 'NONE', #1985, #6880, #754, .T. ) ;
#7860 = VECTOR ( 'NONE', #9963, 1000.000000000000000 ) ;
#7861 = DIRECTION ( 'NONE',  ( -1.000000000000000000, -0.0000000000000000000, -0.0000000000000000000 ) ) ;
#7862 = FACE_OUTER_BOUND ( 'NONE', #9995, .T. ) ;
#7863 = VERTEX_POINT ( 'NONE', #3311 ) ;
#7864 = FILL_AREA_STYLE_COLOUR ( '', #3450 ) ;
#7865 = CARTESIAN_POINT ( 'NONE',  ( 33.90000000000001300, 2.899999999999999900, 43.09999999999998700 ) ) ;
#7866 = DIRECTION ( 'NONE',  ( -1.000000000000000000, 1.392979236598078500E-016, -0.0000000000000000000 ) ) ;
#7867 = DIRECTION ( 'NONE',  ( -0.5199909362440923200, -2.982324822833366900E-015, 0.8541717779369629700 ) ) ;
#7868 = CARTESIAN_POINT ( 'NONE',  ( 8.800000000000002500, -4.815124837953332500, 5.099999999999999600 ) ) ;
#7869 = VERTEX_POINT ( 'NONE', #11568 ) ;
#7870 = LINE ( 'NONE', #11203, #2977 ) ;
#7871 = CARTESIAN_POINT ( 'NONE',  ( -2.499999999999998700, -0.8100000000000040500, 5.099999999999999600 ) ) ;
#7872 = UNCERTAINTY_MEASURE_WITH_UNIT (LENGTH_MEASURE( 1.000000000000000100E-005 ), #8109, 'distance_accuracy_value', 'NONE');
#7873 = VECTOR ( 'NONE', #10060, 1000.000000000000000 ) ;
#7874 = FACE_OUTER_BOUND ( 'NONE', #5855, .T. ) ;
#7876 = EDGE_CURVE ( 'NONE', #6184, #4575, #2254, .T. ) ;
#7875 = EDGE_LOOP ( 'NONE', ( #11852, #1302, #619, #524 ) ) ;
#7877 =( GEOMETRIC_REPRESENTATION_CONTEXT ( 3 ) GLOBAL_UNCERTAINTY_ASSIGNED_CONTEXT ( ( #9991 ) ) GLOBAL_UNIT_ASSIGNED_CONTEXT ( ( #4277, #10703, #5190 ) ) REPRESENTATION_CONTEXT ( 'NONE', 'WORKASPACE' ) );
#7878 = DIRECTION ( 'NONE',  ( 1.000000000000000000, 0.0000000000000000000, 0.0000000000000000000 ) ) ;
#7879 = FACE_OUTER_BOUND ( 'NONE', #8383, .T. ) ;
#7880 =( NAMED_UNIT ( * ) PLANE_ANGLE_UNIT ( ) SI_UNIT ( $, .RADIAN. ) );
#7881 = EDGE_CURVE ( 'NONE', #11742, #8934, #2902, .T. ) ;
#7882 = CARTESIAN_POINT ( 'NONE',  ( 12.69999999999999900, -5.401102314577126900, 5.099999999999999600 ) ) ;
#7883 = ORIENTED_EDGE ( 'NONE', *, *, #4504, .F. ) ;
#7884 = PLANE ( 'NONE',  #9140 ) ;
#7885 = LINE ( 'NONE', #10814, #542 ) ;
#7886 = VECTOR ( 'NONE', #10356, 1000.000000000000000 ) ;
#7888 = CARTESIAN_POINT ( 'NONE',  ( 13.10000000000000100, -0.8100000000000042700, 0.7000000000000030600 ) ) ;
#7887 = FACE_OUTER_BOUND ( 'NONE', #3248, .T. ) ;
#7889 = EDGE_LOOP ( 'NONE', ( #2163, #11865, #8796, #4221 ) ) ;
#7890 = CARTESIAN_POINT ( 'NONE',  ( 33.90000000000001300, 2.899999999999999900, 43.59999999999998700 ) ) ;
#7891 = ADVANCED_FACE ( 'NONE', ( #7789 ), #10692, .T. ) ;
#7892 = VECTOR ( 'NONE', #5157, 1000.000000000000000 ) ;
#7893 = CARTESIAN_POINT ( 'NONE',  ( 32.20000000000001700, 0.2999999999999999900, -49.35000000000001600 ) ) ;
#7894 = VERTEX_POINT ( 'NONE', #6997 ) ;
#7895 = VECTOR ( 'NONE', #9126, 1000.000000000000000 ) ;
#7896 = LINE ( 'NONE', #9005, #10331 ) ;
#7897 = CARTESIAN_POINT ( 'NONE',  ( -33.89999999999999900, 10.74102034176674400, -33.50000000000000000 ) ) ;
#7898 = LINE ( 'NONE', #6345, #3301 ) ;
#7899 = CARTESIAN_POINT ( 'NONE',  ( -0.2999999999999977700, -0.9100000000000041400, 5.099999999999999600 ) ) ;
#7900 = EDGE_LOOP ( 'NONE', ( #11893, #5730, #5797, #2873 ) ) ;
#7901 = FILL_AREA_STYLE_COLOUR ( '', #4209 ) ;
#7902 = EDGE_CURVE ( 'NONE', #5217, #2025, #3145, .T. ) ;
#7903 = PRESENTATION_LAYER_ASSIGNMENT (  '', '', ( #7272 ) ) ;
#7904 = ORIENTED_EDGE ( 'NONE', *, *, #5223, .F. ) ;
#7905 = VECTOR ( 'NONE', #1543, 1000.000000000000000 ) ;
#7906 = CARTESIAN_POINT ( 'NONE',  ( 33.90000000000001300, 2.900000000000000400, 37.59999999999998000 ) ) ;
#7907 = EDGE_CURVE ( 'NONE', #2198, #5404, #5595, .T. ) ;
#7908 = VERTEX_POINT ( 'NONE', #1530 ) ;
#7909 = AXIS2_PLACEMENT_3D ( 'NONE', #251, #11349, #5837 ) ;
#7910 = DIRECTION ( 'NONE',  ( 0.4226182617407002200, 0.0000000000000000000, -0.9063077870366494900 ) ) ;
#7911 = DIRECTION ( 'NONE',  ( 0.0000000000000000000, 1.000000000000000000, 0.0000000000000000000 ) ) ;
#7912 = COLOUR_RGB ( '',0.9686274509803921600, 0.8784313725490196000, 0.5999999999999999800 ) ;
#7913 = CARTESIAN_POINT ( 'NONE',  ( 32.20000000000001700, -0.2999999999999999900, 48.75000000000001400 ) ) ;
#7914 = ADVANCED_FACE ( 'NONE', ( #718 ), #2580, .F. ) ;
#7915 = ORIENTED_EDGE ( 'NONE', *, *, #2040, .F. ) ;
#7916 = CARTESIAN_POINT ( 'NONE',  ( -12.44000000000000100, -0.9100000000000003600, 5.099999999999999600 ) ) ;
#7917 = VECTOR ( 'NONE', #454, 1000.000000000000000 ) ;
#7918 = CIRCLE ( 'NONE', #10312, 1.549999999999995800 ) ;
#7919 = CARTESIAN_POINT ( 'NONE',  ( -30.85999999999999600, 0.5000000000000000000, 39.34999999999998000 ) ) ;
#7920 = ORIENTED_EDGE ( 'NONE', *, *, #5790, .T. ) ;
#7921 = CARTESIAN_POINT ( 'NONE',  ( -7.899999999999999500, -2.850000000000001000, 5.099999999999999600 ) ) ;
#7922 = PRESENTATION_LAYER_ASSIGNMENT (  '', '', ( #6662 ) ) ;
#7923 = VERTEX_POINT ( 'NONE', #649 ) ;
#7924 = ORIENTED_EDGE ( 'NONE', *, *, #7139, .F. ) ;
#7925 = PLANE ( 'NONE',  #4718 ) ;
#7926 = PLANE ( 'NONE',  #11138 ) ;
#7927 = EDGE_CURVE ( 'NONE', #4850, #8887, #9905, .T. ) ;
#7928 =( NAMED_UNIT ( * ) PLANE_ANGLE_UNIT ( ) SI_UNIT ( $, .RADIAN. ) );
#7929 =( GEOMETRIC_REPRESENTATION_CONTEXT ( 3 ) GLOBAL_UNCERTAINTY_ASSIGNED_CONTEXT ( ( #36 ) ) GLOBAL_UNIT_ASSIGNED_CONTEXT ( ( #3844, #10272, #4762 ) ) REPRESENTATION_CONTEXT ( 'NONE', 'WORKASPACE' ) );
#7930 = CONICAL_SURFACE ( 'NONE', #7463, 2.149999999999999000, 0.7853981633974495000 ) ;
#7931 = DIRECTION ( 'NONE',  ( 0.0000000000000000000, 1.000000000000000000, 0.0000000000000000000 ) ) ;
#7932 = CARTESIAN_POINT ( 'NONE',  ( 32.20000000000000300, 2.150000000000010600, 47.20000000000000300 ) ) ;
#7933 =( LENGTH_UNIT ( ) NAMED_UNIT ( * ) SI_UNIT ( .MILLI., .METRE. ) );
#7934 = DIRECTION ( 'NONE',  ( 0.9926784959919535700, -0.08540902644086585700, 0.08540902644086556500 ) ) ;
#7935 = AXIS2_PLACEMENT_3D ( 'NONE', #11492, #477, #6920 ) ;
#7936 = FACE_OUTER_BOUND ( 'NONE', #710, .T. ) ;
#7937 =( LENGTH_UNIT ( ) NAMED_UNIT ( * ) SI_UNIT ( .MILLI., .METRE. ) );
#7938 = PRESENTATION_LAYER_ASSIGNMENT (  '', '', ( #6681 ) ) ;
#7939 = EDGE_CURVE ( 'NONE', #10984, #2195, #4995, .T. ) ;
#7940 = VERTEX_POINT ( 'NONE', #10734 ) ;
#7941 = ORIENTED_EDGE ( 'NONE', *, *, #6102, .T. ) ;
#7942 = CARTESIAN_POINT ( 'NONE',  ( 16.60000000000000500, -2.010000000000008200, 5.099999999999999600 ) ) ;
#7943 = PLANE ( 'NONE',  #11814 ) ;
#7944 = CARTESIAN_POINT ( 'NONE',  ( 0.0000000000000000000, 0.0000000000000000000, 6.899999999999999500 ) ) ;
#7945 = PLANE ( 'NONE',  #10446 ) ;
#7946 = CARTESIAN_POINT ( 'NONE',  ( 15.29999999999999700, -0.8100000000000043800, 1.300000000000002500 ) ) ;
#7947 = UNCERTAINTY_MEASURE_WITH_UNIT (LENGTH_MEASURE( 1.000000000000000100E-005 ), #1329, 'distance_accuracy_value', 'NONE');
#7948 = DIRECTION ( 'NONE',  ( 1.668003342285391100E-017, 1.000000000000000000, -0.0000000000000000000 ) ) ;
#7949 = DIRECTION ( 'NONE',  ( 0.0000000000000000000, 1.000000000000000000, 0.0000000000000000000 ) ) ;
#7950 = FACE_OUTER_BOUND ( 'NONE', #11794, .T. ) ;
#7951 = CYLINDRICAL_SURFACE ( 'NONE', #6431, 1.250000000000001100 ) ;
#7952 = ORIENTED_EDGE ( 'NONE', *, *, #7324, .F. ) ;
#7953 = CARTESIAN_POINT ( 'NONE',  ( 14.39999999999999700, -0.8100000000000043800, 5.099999999999999600 ) ) ;
#7954 = PLANE ( 'NONE',  #8292 ) ;
#7956 = DIRECTION ( 'NONE',  ( -0.0000000000000000000, -1.000000000000000000, -0.0000000000000000000 ) ) ;
#7955 = AXIS2_PLACEMENT_3D ( 'NONE', #9371, #3871, #10298 ) ;
#7957 =( NAMED_UNIT ( * ) SI_UNIT ( $, .STERADIAN. ) SOLID_ANGLE_UNIT ( ) );
#7958 = EDGE_CURVE ( 'NONE', #10041, #10738, #404, .T. ) ;
#7959 = ORIENTED_EDGE ( 'NONE', *, *, #8033, .T. ) ;
#7960 = CARTESIAN_POINT ( 'NONE',  ( -32.99999999999998600, 3.500000000000000000, 49.39999999999999900 ) ) ;
#7961 = STYLED_ITEM ( 'NONE', ( #6442 ), #414 ) ;
#7962 = EDGE_LOOP ( 'NONE', ( #1700, #1920, #7285 ) ) ;
#7963 = ADVANCED_FACE ( 'NONE', ( #119 ), #11689, .F. ) ;
#7964 = CARTESIAN_POINT ( 'NONE',  ( 10.10000000000000100, -0.9100000000000062500, 5.099999999999999600 ) ) ;
#7965 = VECTOR ( 'NONE', #4276, 1000.000000000000000 ) ;
#7966 = LINE ( 'NONE', #10588, #10385 ) ;
#7967 = FACE_OUTER_BOUND ( 'NONE', #8644, .T. ) ;
#7968 = DIRECTION ( 'NONE',  ( -0.0000000000000000000, -1.000000000000000000, -0.0000000000000000000 ) ) ;
#7969 = ORIENTED_EDGE ( 'NONE', *, *, #5498, .T. ) ;
#7970 = DIRECTION ( 'NONE',  ( 2.646366421711166800E-047, -1.899788849813798600E-031, 1.000000000000000000 ) ) ;
#7971 = ORIENTED_EDGE ( 'NONE', *, *, #9010, .F. ) ;
#7972 = ORIENTED_EDGE ( 'NONE', *, *, #11151, .F. ) ;
#7973 = DIRECTION ( 'NONE',  ( 4.625929269271503500E-015, 0.0000000000000000000, -1.000000000000000000 ) ) ;
#7974 = DIRECTION ( 'NONE',  ( 0.0000000000000000000, 0.0000000000000000000, 1.000000000000000000 ) ) ;
#7975 = LINE ( 'NONE', #8406, #630 ) ;
#7976 = ADVANCED_FACE ( 'NONE', ( #2277 ), #4451, .F. ) ;
#7977 = DIRECTION ( 'NONE',  ( -4.625929269271503500E-015, 0.0000000000000000000, -1.000000000000000000 ) ) ;
#7978 = AXIS2_PLACEMENT_3D ( 'NONE', #1917, #8342, #2847 ) ;
#7979 = ORIENTED_EDGE ( 'NONE', *, *, #2469, .T. ) ;
#7980 = EDGE_CURVE ( 'NONE', #4998, #4462, #6884, .T. ) ;
#7981 = STYLED_ITEM ( 'NONE', ( #6222 ), #6943 ) ;
#7982 = DIRECTION ( 'NONE',  ( -1.392979236598078500E-016, 1.000000000000000000, -0.0000000000000000000 ) ) ;
#7983 = EDGE_CURVE ( 'NONE', #2741, #11064, #3665, .T. ) ;
#7984 = EDGE_CURVE ( 'NONE', #716, #4062, #9329, .T. ) ;
#7985 = ORIENTED_EDGE ( 'NONE', *, *, #2189, .T. ) ;
#7986 = LINE ( 'NONE', #10067, #638 ) ;
#7987 = CYLINDRICAL_SURFACE ( 'NONE', #9644, 2.500000000000002200 ) ;
#7988 = DIRECTION ( 'NONE',  ( 0.0000000000000000000, -1.000000000000000000, 0.0000000000000000000 ) ) ;
#7989 = CARTESIAN_POINT ( 'NONE',  ( -7.899999999999999500, -2.850000000000001000, 7.000000000000000000 ) ) ;
#7990 = DIRECTION ( 'NONE',  ( -0.0000000000000000000, 1.000000000000000000, 0.0000000000000000000 ) ) ;
#7991 = CARTESIAN_POINT ( 'NONE',  ( -33.00000000000000000, -3.500000000000000000, -49.50000000000000000 ) ) ;
#7992 = DIRECTION ( 'NONE',  ( 0.0000000000000000000, 0.0000000000000000000, -1.000000000000000000 ) ) ;
#7993 = DIRECTION ( 'NONE',  ( 0.0000000000000000000, 0.0000000000000000000, 1.000000000000000000 ) ) ;
#7994 = ORIENTED_EDGE ( 'NONE', *, *, #5168, .F. ) ;
#7995 = AXIS2_PLACEMENT_3D ( 'NONE', #10361, #4849, #11280 ) ;
#7996 = DIRECTION ( 'NONE',  ( -0.0000000000000000000, -0.0000000000000000000, 1.000000000000000000 ) ) ;
#7997 = ORIENTED_EDGE ( 'NONE', *, *, #2189, .F. ) ;
#7998 = DIRECTION ( 'NONE',  ( 1.000000000000000000, 1.196361017915039500E-016, -0.0000000000000000000 ) ) ;
#7999 = ORIENTED_EDGE ( 'NONE', *, *, #9078, .F. ) ;
#8000 = SURFACE_STYLE_FILL_AREA ( #1145 ) ;
#8001 = CARTESIAN_POINT ( 'NONE',  ( 8.800000000000002500, -0.8100000000000041600, 5.099999999999999600 ) ) ;
#8002 = DIRECTION ( 'NONE',  ( -1.000000000000000000, -1.392979236598078800E-016, 0.0000000000000000000 ) ) ;
#8003 = EDGE_CURVE ( 'NONE', #9672, #2705, #11778, .T. ) ;
#8004 =( GEOMETRIC_REPRESENTATION_CONTEXT ( 3 ) GLOBAL_UNCERTAINTY_ASSIGNED_CONTEXT ( ( #644 ) ) GLOBAL_UNIT_ASSIGNED_CONTEXT ( ( #10494, #4964, #11414 ) ) REPRESENTATION_CONTEXT ( 'NONE', 'WORKASPACE' ) );
#8005 = DIRECTION ( 'NONE',  ( -2.409338161078899700E-016, -1.000000000000000000, -1.899788849813798600E-031 ) ) ;
#8006 = SURFACE_SIDE_STYLE ('',( #2253 ) ) ;
#8007 = VECTOR ( 'NONE', #7418, 1000.000000000000000 ) ;
#8008 = AXIS2_PLACEMENT_3D ( 'NONE', #7655, #11276, #1243 ) ;
#8009 = EDGE_LOOP ( 'NONE', ( #10525, #973, #6210, #7669 ) ) ;
#8010 = DIRECTION ( 'NONE',  ( -1.000000000000000000, 0.0000000000000000000, -0.0000000000000000000 ) ) ;
#8011 = ORIENTED_EDGE ( 'NONE', *, *, #5849, .F. ) ;
#8012 = DIRECTION ( 'NONE',  ( -0.0000000000000000000, 1.000000000000000000, -0.0000000000000000000 ) ) ;
#8013 = CARTESIAN_POINT ( 'NONE',  ( -32.20000000000001700, 0.2999999999999999900, 45.05000000000001800 ) ) ;
#8014 = LINE ( 'NONE', #2312, #10428 ) ;
#8015 = FILL_AREA_STYLE ('',( #7038 ) ) ;
#8016 = CARTESIAN_POINT ( 'NONE',  ( 16.60000000000000500, 0.2899999999999967600, 0.0000000000000000000 ) ) ;
#8017 = VECTOR ( 'NONE', #4535, 1000.000000000000000 ) ;
#8018 = EDGE_LOOP ( 'NONE', ( #6977, #3748, #9939, #1519 ) ) ;
#8019 =( NAMED_UNIT ( * ) SI_UNIT ( $, .STERADIAN. ) SOLID_ANGLE_UNIT ( ) );
#8020 = ADVANCED_FACE ( 'NONE', ( #1990 ), #5727, .F. ) ;
#8021 = ORIENTED_EDGE ( 'NONE', *, *, #2082, .F. ) ;
#8022 = LINE ( 'NONE', #5962, #5835 ) ;
#8023 = MECHANICAL_DESIGN_GEOMETRIC_PRESENTATION_REPRESENTATION (  '', ( #6769 ), #8600 ) ;
#8024 = VECTOR ( 'NONE', #4129, 1000.000000000000000 ) ;
#8025 = CARTESIAN_POINT ( 'NONE',  ( 1.540000000000000000, 0.1325000000000000300, 0.1325000000000001200 ) ) ;
#8026 = ORIENTED_EDGE ( 'NONE', *, *, #3186, .F. ) ;
#8027 = CARTESIAN_POINT ( 'NONE',  ( 20.55000000000000100, 0.6699999999999918200, 5.099999999999999600 ) ) ;
#8028 = DIRECTION ( 'NONE',  ( 0.9963190726394435300, -0.08572225787319831500, -2.992976636877707900E-016 ) ) ;
#8029 = SURFACE_STYLE_USAGE ( .BOTH. , #1597 ) ;
#8030 = DIRECTION ( 'NONE',  ( 0.0000000000000000000, -0.0000000000000000000, -1.000000000000000000 ) ) ;
#8031 = STYLED_ITEM ( 'NONE', ( #6446 ), #4983 ) ;
#8032 = EDGE_CURVE ( 'NONE', #7448, #10541, #10622, .T. ) ;
#8033 = EDGE_CURVE ( 'NONE', #6125, #1726, #8195, .T. ) ;
#8034 = ADVANCED_BREP_SHAPE_REPRESENTATION ( '', ( #1963, #11927 ), #6150 ) ;
#8035 = ORIENTED_EDGE ( 'NONE', *, *, #3417, .F. ) ;
#8036 = CYLINDRICAL_SURFACE ( 'NONE', #8223, 0.5000000000000004400 ) ;
#8037 = CARTESIAN_POINT ( 'NONE',  ( 3.000000000000002700, 0.0000000000000000000, 1.000000000000000000 ) ) ;
#8038 = ADVANCED_FACE ( 'NONE', ( #3586 ), #9990, .T. ) ;
#8039 = SURFACE_STYLE_FILL_AREA ( #11588 ) ;
#8040 = DIRECTION ( 'NONE',  ( 0.0000000000000000000, -1.000000000000000000, -0.0000000000000000000 ) ) ;
#8041 = ORIENTED_EDGE ( 'NONE', *, *, #4157, .F. ) ;
#8042 = VECTOR ( 'NONE', #2452, 1000.000000000000000 ) ;
#8043 = VERTEX_POINT ( 'NONE', #7227 ) ;
#8044 = VECTOR ( 'NONE', #11571, 1000.000000000000000 ) ;
#8045 = LINE ( 'NONE', #2711, #698 ) ;
#8046 = CARTESIAN_POINT ( 'NONE',  ( 33.89999999999999900, -2.900000000000000400, -39.00000000000000700 ) ) ;
#8047 = CARTESIAN_POINT ( 'NONE',  ( 21.30000000000000100, -0.4500000000000074500, 0.0000000000000000000 ) ) ;
#8048 = ORIENTED_EDGE ( 'NONE', *, *, #964, .F. ) ;
#8049 = CIRCLE ( 'NONE', #8669, 2.000000000000001800 ) ;
#8050 =( GEOMETRIC_REPRESENTATION_CONTEXT ( 3 ) GLOBAL_UNCERTAINTY_ASSIGNED_CONTEXT ( ( #1457 ) ) GLOBAL_UNIT_ASSIGNED_CONTEXT ( ( #6819, #1319, #7739 ) ) REPRESENTATION_CONTEXT ( 'NONE', 'WORKASPACE' ) );
#8051 = ORIENTED_EDGE ( 'NONE', *, *, #7324, .T. ) ;
#8052 = CARTESIAN_POINT ( 'NONE',  ( -33.00000000000000000, -0.2999999999999999900, 49.39999999999999900 ) ) ;
#8053 = PRESENTATION_LAYER_ASSIGNMENT (  '', '', ( #6796 ) ) ;
#8054 = EDGE_CURVE ( 'NONE', #9941, #7737, #7898, .T. ) ;
#8055 = CARTESIAN_POINT ( 'NONE',  ( 15.69999999999999900, -4.815124837953332500, 1.300000000000002500 ) ) ;
#8056 = VECTOR ( 'NONE', #2302, 999.9999999999998900 ) ;
#8057 = CARTESIAN_POINT ( 'NONE',  ( 32.20000000000000300, -2.100000000000000100, 47.20000000000000300 ) ) ;
#8058 = ORIENTED_EDGE ( 'NONE', *, *, #7273, .T. ) ;
#8059 = SURFACE_STYLE_USAGE ( .BOTH. , #1623 ) ;
#8060 = VECTOR ( 'NONE', #6886, 1000.000000000000000 ) ;
#8061 = ORIENTED_EDGE ( 'NONE', *, *, #11009, .F. ) ;
#8062 = FACE_OUTER_BOUND ( 'NONE', #1585, .T. ) ;
#8063 = ORIENTED_EDGE ( 'NONE', *, *, #11477, .T. ) ;
#8064 = ORIENTED_EDGE ( 'NONE', *, *, #9248, .F. ) ;
#8065 = SURFACE_SIDE_STYLE ('',( #11739 ) ) ;
#8066 = VERTEX_POINT ( 'NONE', #3582 ) ;
#8067 = DIRECTION ( 'NONE',  ( -0.5199909362440924300, -0.8541717779369629700, 0.0000000000000000000 ) ) ;
#8068 = CARTESIAN_POINT ( 'NONE',  ( -8.699999999999999300, -0.9100000000000007000, 5.099999999999999600 ) ) ;
#8069 = SURFACE_SIDE_STYLE ('',( #3865 ) ) ;
#8070 = PLANE ( 'NONE',  #1345 ) ;
#8071 = EDGE_CURVE ( 'NONE', #5404, #9649, #560, .T. ) ;
#8072 = LINE ( 'NONE', #3688, #5605 ) ;
#8073 = AXIS2_PLACEMENT_3D ( 'NONE', #5301, #11731, #6221 ) ;
#8074 = EDGE_LOOP ( 'NONE', ( #156, #1261, #2124, #7103 ) ) ;
#8075 = AXIS2_PLACEMENT_3D ( 'NONE', #11863, #6364, #892 ) ;
#8076 = EDGE_LOOP ( 'NONE', ( #6369, #1783, #9019, #11696 ) ) ;
#8077 =( NAMED_UNIT ( * ) SI_UNIT ( $, .STERADIAN. ) SOLID_ANGLE_UNIT ( ) );
#8078 = FILL_AREA_STYLE_COLOUR ( '', #9079 ) ;
#8079 = PLANE ( 'NONE',  #10005 ) ;
#8080 = AXIS2_PLACEMENT_3D ( 'NONE', #9669, #4169, #10596 ) ;
#8081 = ADVANCED_FACE ( 'NONE', ( #10332 ), #2722, .T. ) ;
#8082 = CARTESIAN_POINT ( 'NONE',  ( 9.200000000000001100, -5.401102314577129500, 0.7000000000000001800 ) ) ;
#8083 = ORIENTED_EDGE ( 'NONE', *, *, #2228, .F. ) ;
#8084 = VERTEX_POINT ( 'NONE', #5469 ) ;
#8085 = SURFACE_SIDE_STYLE ('',( #3930 ) ) ;
#8086 =( LENGTH_UNIT ( ) NAMED_UNIT ( * ) SI_UNIT ( .MILLI., .METRE. ) );
#8087 = VECTOR ( 'NONE', #10105, 1000.000000000000000 ) ;
#8088 = VECTOR ( 'NONE', #2521, 1000.000000000000000 ) ;
#8089 = FILL_AREA_STYLE_COLOUR ( '', #1702 ) ;
#8090 = ORIENTED_EDGE ( 'NONE', *, *, #10962, .T. ) ;
#8091 = ADVANCED_FACE ( 'NONE', ( #5143 ), #11328, .F. ) ;
#8092 = DIRECTION ( 'NONE',  ( 1.000000000000000000, -2.409338161078899700E-016, 2.409338161078899700E-016 ) ) ;
#8093 = AXIS2_PLACEMENT_3D ( 'NONE', #828, #9046, #8179 ) ;
#8094 = ORIENTED_EDGE ( 'NONE', *, *, #10178, .F. ) ;
#8095 =( NAMED_UNIT ( * ) SI_UNIT ( $, .STERADIAN. ) SOLID_ANGLE_UNIT ( ) );
#8096 = ORIENTED_EDGE ( 'NONE', *, *, #10178, .T. ) ;
#8097 = ORIENTED_EDGE ( 'NONE', *, *, #4414, .F. ) ;
#8098 = AXIS2_PLACEMENT_3D ( 'NONE', #9695, #1469, #7910 ) ;
#8099 = UNCERTAINTY_MEASURE_WITH_UNIT (LENGTH_MEASURE( 1.000000000000000100E-005 ), #3874, 'distance_accuracy_value', 'NONE');
#8100 = EDGE_CURVE ( 'NONE', #2872, #9904, #4298, .T. ) ;
#8101 = PRESENTATION_STYLE_ASSIGNMENT (( #6319 ) ) ;
#8102 = VECTOR ( 'NONE', #10759, 1000.000000000000000 ) ;
#8103 = LINE ( 'NONE', #9290, #5635 ) ;
#8104 = VERTEX_POINT ( 'NONE', #6421 ) ;
#8105 = SURFACE_SIDE_STYLE ('',( #11332 ) ) ;
#8106 = DIRECTION ( 'NONE',  ( -0.0000000000000000000, 0.0000000000000000000, -1.000000000000000000 ) ) ;
#8107 = DIRECTION ( 'NONE',  ( 1.668003342285391100E-017, 1.000000000000000000, -0.0000000000000000000 ) ) ;
#8108 = DIRECTION ( 'NONE',  ( -1.084202172485505200E-016, 1.000000000000000000, 0.0000000000000000000 ) ) ;
#8109 =( LENGTH_UNIT ( ) NAMED_UNIT ( * ) SI_UNIT ( .MILLI., .METRE. ) );
#8110 = ORIENTED_EDGE ( 'NONE', *, *, #2022, .T. ) ;
#8111 = ORIENTED_EDGE ( 'NONE', *, *, #5018, .T. ) ;
#8112 = EDGE_LOOP ( 'NONE', ( #4057, #8848, #9502, #1504 ) ) ;
#8113 = CARTESIAN_POINT ( 'NONE',  ( -32.99999999999998600, -3.000000000000000400, 48.00000000000000000 ) ) ;
#8114 = VECTOR ( 'NONE', #3185, 1000.000000000000000 ) ;
#8115 = CARTESIAN_POINT ( 'NONE',  ( -0.2999999999999981600, -0.9100000000000041400, 5.099999999999999600 ) ) ;
#8116 = ORIENTED_EDGE ( 'NONE', *, *, #9661, .F. ) ;
#8117 = CARTESIAN_POINT ( 'NONE',  ( 32.99999999999998600, 2.899999999999999900, -49.39999999999999900 ) ) ;
#8118 = EDGE_CURVE ( 'NONE', #8084, #11173, #1848, .T. ) ;
#8119 = ORIENTED_EDGE ( 'NONE', *, *, #11860, .T. ) ;
#8120 = ORIENTED_EDGE ( 'NONE', *, *, #6619, .T. ) ;
#8121 = DIRECTION ( 'NONE',  ( 3.168854151125935100E-048, 1.899788849813798600E-031, -1.000000000000000000 ) ) ;
#8122 = ORIENTED_EDGE ( 'NONE', *, *, #1311, .F. ) ;
#8123 = EDGE_CURVE ( 'NONE', #2050, #7460, #8878, .T. ) ;
#8124 = CIRCLE ( 'NONE', #3595, 0.5000000000000004400 ) ;
#8125 = CARTESIAN_POINT ( 'NONE',  ( -33.35999999999999200, 2.999999999999991600, -34.75000000000000700 ) ) ;
#8126 = VERTEX_POINT ( 'NONE', #2774 ) ;
#8127 = DIRECTION ( 'NONE',  ( -0.0000000000000000000, 1.000000000000000000, 0.0000000000000000000 ) ) ;
#8128 = FILL_AREA_STYLE ('',( #6260 ) ) ;
#8129 = ORIENTED_EDGE ( 'NONE', *, *, #5391, .T. ) ;
#8130 = CARTESIAN_POINT ( 'NONE',  ( -18.39999999999999100, -1.099999999999999900, -50.00000000000000000 ) ) ;
#8131 = LINE ( 'NONE', #3756, #5387 ) ;
#8132 = FACE_BOUND ( 'NONE', #8746, .T. ) ;
#8133 = EDGE_CURVE ( 'NONE', #577, #4375, #3994, .T. ) ;
#8134 = AXIS2_PLACEMENT_3D ( 'NONE', #11542, #6030, #534 ) ;
#8135 = DIRECTION ( 'NONE',  ( 1.000000000000000000, 0.0000000000000000000, -0.0000000000000000000 ) ) ;
#8136 = VERTEX_POINT ( 'NONE', #3697 ) ;
#8137 = ADVANCED_FACE ( 'NONE', ( #11057 ), #389, .F. ) ;
#8138 = EDGE_CURVE ( 'NONE', #4335, #4393, #2858, .T. ) ;
#8139 = ORIENTED_EDGE ( 'NONE', *, *, #10557, .T. ) ;
#8140 = ORIENTED_EDGE ( 'NONE', *, *, #9412, .T. ) ;
#8141 = CARTESIAN_POINT ( 'NONE',  ( 35.00000000000000000, 0.5000000000000000000, -34.75000000000000700 ) ) ;
#8142 = VECTOR ( 'NONE', #508, 1000.000000000000000 ) ;
#8143 = CARTESIAN_POINT ( 'NONE',  ( 32.20000000000000300, 2.150000000000010600, -47.20000000000000300 ) ) ;
#8144 = SURFACE_STYLE_USAGE ( .BOTH. , #1709 ) ;
#8145 =( NAMED_UNIT ( * ) PLANE_ANGLE_UNIT ( ) SI_UNIT ( $, .RADIAN. ) );
#8146 = CARTESIAN_POINT ( 'NONE',  ( 6.200000000000002000, -5.401102314577125100, 0.7000000000000012900 ) ) ;
#8147 = VECTOR ( 'NONE', #9833, 1000.000000000000000 ) ;
#8148 = STYLED_ITEM ( 'NONE', ( #2373 ), #9574 ) ;
#8149 =( LENGTH_UNIT ( ) NAMED_UNIT ( * ) SI_UNIT ( .MILLI., .METRE. ) );
#8150 = PLANE ( 'NONE',  #4362 ) ;
#8151 = ADVANCED_FACE ( 'NONE', ( #7731 ), #4984, .T. ) ;
#8152 = VERTEX_POINT ( 'NONE', #3776 ) ;
#8153 = EDGE_CURVE ( 'NONE', #10388, #6677, #7445, .T. ) ;
#8154 = AXIS2_PLACEMENT_3D ( 'NONE', #4661, #11094, #5586 ) ;
#8155 = CARTESIAN_POINT ( 'NONE',  ( 32.20000000000000300, -2.100000000000000100, -47.20000000000000300 ) ) ;
#8156 = LINE ( 'NONE', #11126, #1108 ) ;
#8157 =( GEOMETRIC_REPRESENTATION_CONTEXT ( 3 ) GLOBAL_UNCERTAINTY_ASSIGNED_CONTEXT ( ( #2173 ) ) GLOBAL_UNIT_ASSIGNED_CONTEXT ( ( #6180, #683, #7109 ) ) REPRESENTATION_CONTEXT ( 'NONE', 'WORKASPACE' ) );
#8158 = COLOUR_RGB ( '',0.9686274509803921600, 0.8784313725490196000, 0.5999999999999999800 ) ;
#8159 = CARTESIAN_POINT ( 'NONE',  ( 32.20000000000000300, 2.150000000000010600, 47.20000000000000300 ) ) ;
#8160 = CARTESIAN_POINT ( 'NONE',  ( -1.599999999999997600, -0.9100000000000041400, 5.099999999999999600 ) ) ;
#8161 = LINE ( 'NONE', #4472, #7860 ) ;
#8162 = LINE ( 'NONE', #8949, #5414 ) ;
#8163 = VERTEX_POINT ( 'NONE', #10202 ) ;
#8164 =( GEOMETRIC_REPRESENTATION_CONTEXT ( 3 ) GLOBAL_UNCERTAINTY_ASSIGNED_CONTEXT ( ( #2636 ) ) GLOBAL_UNIT_ASSIGNED_CONTEXT ( ( #6630, #1140, #7547 ) ) REPRESENTATION_CONTEXT ( 'NONE', 'WORKASPACE' ) );
#8165 = FACE_OUTER_BOUND ( 'NONE', #9322, .T. ) ;
#8166 = DIRECTION ( 'NONE',  ( -1.000000000000000000, 0.0000000000000000000, 1.387778780781445900E-016 ) ) ;
#8167 = STYLED_ITEM ( 'NONE', ( #8814 ), #3902 ) ;
#8168 = CARTESIAN_POINT ( 'NONE',  ( -32.99999999999998600, 2.899999999999999900, 49.39999999999999900 ) ) ;
#8169 = CARTESIAN_POINT ( 'NONE',  ( -34.49999999999999300, -3.500000000000000000, 4.787836793695988400E-015 ) ) ;
#8170 = ORIENTED_EDGE ( 'NONE', *, *, #1109, .T. ) ;
#8171 = FACE_OUTER_BOUND ( 'NONE', #5636, .T. ) ;
#8172 = EDGE_CURVE ( 'NONE', #3640, #5664, #9888, .T. ) ;
#8173 = VECTOR ( 'NONE', #2518, 999.9999999999998900 ) ;
#8174 = SURFACE_SIDE_STYLE ('',( #4844 ) ) ;
#8175 = DIRECTION ( 'NONE',  ( 1.000000000000000000, 0.0000000000000000000, 0.0000000000000000000 ) ) ;
#8176 = EDGE_LOOP ( 'NONE', ( #7915, #5647, #5563 ) ) ;
#8177 = ORIENTED_EDGE ( 'NONE', *, *, #3154, .F. ) ;
#8178 = ORIENTED_EDGE ( 'NONE', *, *, #11934, .F. ) ;
#8179 = DIRECTION ( 'NONE',  ( 0.0000000000000000000, 0.0000000000000000000, -1.000000000000000000 ) ) ;
#8180 = LINE ( 'NONE', #2032, #5709 ) ;
#8181 = DIRECTION ( 'NONE',  ( -1.000000000000000000, 2.409338161078899700E-016, 0.0000000000000000000 ) ) ;
#8182 = DIRECTION ( 'NONE',  ( 1.000000000000000000, 0.0000000000000000000, 0.0000000000000000000 ) ) ;
#8183 = FACE_BOUND ( 'NONE', #1188, .T. ) ;
#8184 = FACE_OUTER_BOUND ( 'NONE', #9509, .T. ) ;
#8185 = DIRECTION ( 'NONE',  ( -0.0000000000000000000, -0.0000000000000000000, -1.000000000000000000 ) ) ;
#8186 = AXIS2_PLACEMENT_3D ( 'NONE', #11716, #6209, #715 ) ;
#8188 = EDGE_CURVE ( 'NONE', #8331, #7095, #104, .T. ) ;
#8187 = ORIENTED_EDGE ( 'NONE', *, *, #4784, .F. ) ;
#8189 = AXIS2_PLACEMENT_3D ( 'NONE', #6854, #7780, #2263 ) ;
#8190 = CARTESIAN_POINT ( 'NONE',  ( 28.00000000000000400, -1.099999999999999900, -50.00000000000000000 ) ) ;
#8191 = CARTESIAN_POINT ( 'NONE',  ( -32.20000000000000300, 2.900000000000000400, 45.65000000000001300 ) ) ;
#8192 = ORIENTED_EDGE ( 'NONE', *, *, #2248, .T. ) ;
#8193 = VECTOR ( 'NONE', #1749, 1000.000000000000000 ) ;
#8194 = SURFACE_SIDE_STYLE ('',( #4124 ) ) ;
#8195 = LINE ( 'NONE', #8169, #870 ) ;
#8196 = EDGE_LOOP ( 'NONE', ( #2120, #3021, #10124 ) ) ;
#8197 = ORIENTED_EDGE ( 'NONE', *, *, #5153, .F. ) ;
#8198 = LINE ( 'NONE', #4227, #10926 ) ;
#8199 = EDGE_LOOP ( 'NONE', ( #9488, #11011, #9501, #4866 ) ) ;
#8200 = CARTESIAN_POINT ( 'NONE',  ( -30.85999999999999600, -2.899999999999999900, 43.09999999999998700 ) ) ;
#8201 = FACE_OUTER_BOUND ( 'NONE', #1061, .T. ) ;
#8202 = LINE ( 'NONE', #1152, #9052 ) ;
#8203 = AXIS2_PLACEMENT_3D ( 'NONE', #10490, #4962, #11412 ) ;
#8204 = VERTEX_POINT ( 'NONE', #3814 ) ;
#8205 = CARTESIAN_POINT ( 'NONE',  ( -32.20000000000001700, -0.2999999999999999900, 48.75000000000002100 ) ) ;
#8206 = EDGE_LOOP ( 'NONE', ( #101, #6362, #11619, #1937 ) ) ;
#8207 = AXIS2_PLACEMENT_3D ( 'NONE', #4683, #11113, #5609 ) ;
#8208 = ORIENTED_EDGE ( 'NONE', *, *, #2731, .T. ) ;
#8209 = PRESENTATION_STYLE_ASSIGNMENT (( #6789 ) ) ;
#8210 = EDGE_CURVE ( 'NONE', #233, #10762, #2262, .T. ) ;
#8211 = EDGE_CURVE ( 'NONE', #7839, #3736, #7169, .T. ) ;
#8212 = ADVANCED_FACE ( 'NONE', ( #4435 ), #5654, .T. ) ;
#8213 = DIRECTION ( 'NONE',  ( -0.7071067811865458000, 8.659560562354953800E-017, -0.7071067811865492400 ) ) ;
#8214 =( LENGTH_UNIT ( ) NAMED_UNIT ( * ) SI_UNIT ( .MILLI., .METRE. ) );
#8215 = VECTOR ( 'NONE', #539, 1000.000000000000000 ) ;
#8216 = ORIENTED_EDGE ( 'NONE', *, *, #10155, .F. ) ;
#8217 = CARTESIAN_POINT ( 'NONE',  ( -1.999999999999997800, -2.850000000000000500, 7.000000000000000000 ) ) ;
#8218 = CARTESIAN_POINT ( 'NONE',  ( 0.0000000000000000000, -1.069999999999999800, 0.2650000000000001800 ) ) ;
#8219 = DIRECTION ( 'NONE',  ( 1.000000000000000000, 0.0000000000000000000, 0.0000000000000000000 ) ) ;
#8220 = EDGE_CURVE ( 'NONE', #4462, #10768, #5998, .T. ) ;
#8221 = AXIS2_PLACEMENT_3D ( 'NONE', #5959, #459, #6906 ) ;
#8222 =( NAMED_UNIT ( * ) SI_UNIT ( $, .STERADIAN. ) SOLID_ANGLE_UNIT ( ) );
#8223 = AXIS2_PLACEMENT_3D ( 'NONE', #1812, #5504, #2745 ) ;
#8224 = CARTESIAN_POINT ( 'NONE',  ( -22.80000000000000100, -0.4500000000000076700, 7.000000000000000000 ) ) ;
#8225 = VERTEX_POINT ( 'NONE', #10237 ) ;
#8226 = ORIENTED_EDGE ( 'NONE', *, *, #5603, .T. ) ;
#8227 =( GEOMETRIC_REPRESENTATION_CONTEXT ( 3 ) GLOBAL_UNCERTAINTY_ASSIGNED_CONTEXT ( ( #3523 ) ) GLOBAL_UNIT_ASSIGNED_CONTEXT ( ( #11260, #5754, #246 ) ) REPRESENTATION_CONTEXT ( 'NONE', 'WORKASPACE' ) );
#8228 = PRESENTATION_STYLE_ASSIGNMENT (( #11194 ) ) ;
#8229 =( LENGTH_UNIT ( ) NAMED_UNIT ( * ) SI_UNIT ( .MILLI., .METRE. ) );
#8230 = CARTESIAN_POINT ( 'NONE',  ( -6.999999999999998200, -0.8100000000000017200, -20.72142852218446800 ) ) ;
#8231 = VECTOR ( 'NONE', #6860, 999.9999999999998900 ) ;
#8232 = DIRECTION ( 'NONE',  ( -0.0000000000000000000, 1.000000000000000000, 0.0000000000000000000 ) ) ;
#8233 = ORIENTED_EDGE ( 'NONE', *, *, #5358, .F. ) ;
#8234 = CARTESIAN_POINT ( 'NONE',  ( -34.40000000000001300, 0.2999999999999999900, -49.39999999999999900 ) ) ;
#8235 = ORIENTED_EDGE ( 'NONE', *, *, #9270, .T. ) ;
#8236 = ORIENTED_EDGE ( 'NONE', *, *, #7577, .T. ) ;
#8237 = SURFACE_SIDE_STYLE ('',( #10313 ) ) ;
#8238 =( LENGTH_UNIT ( ) NAMED_UNIT ( * ) SI_UNIT ( .MILLI., .METRE. ) );
#8239 = UNCERTAINTY_MEASURE_WITH_UNIT (LENGTH_MEASURE( 1.000000000000000100E-005 ), #7136, 'distance_accuracy_value', 'NONE');
#8240 = FACE_OUTER_BOUND ( 'NONE', #9160, .T. ) ;
#8241 = PRESENTATION_LAYER_ASSIGNMENT (  '', '', ( #7008 ) ) ;
#8242 = VECTOR ( 'NONE', #4436, 1000.000000000000000 ) ;
#8243 = APPLICATION_PROTOCOL_DEFINITION ( 'draft international standard', 'automotive_design', 1998, #1813 ) ;
#8244 = VERTEX_POINT ( 'NONE', #6616 ) ;
#8245 = VERTEX_POINT ( 'NONE', #8456 ) ;
#8246 =( LENGTH_UNIT ( ) NAMED_UNIT ( * ) SI_UNIT ( .MILLI., .METRE. ) );
#8247 = AXIS2_PLACEMENT_3D ( 'NONE', #1546, #7990, #2463 ) ;
#8248 = EDGE_CURVE ( 'NONE', #10453, #1228, #8180, .T. ) ;
#8249 = EDGE_CURVE ( 'NONE', #8043, #5525, #3577, .T. ) ;
#8250 = VERTEX_POINT ( 'NONE', #3888 ) ;
#8251 = DIRECTION ( 'NONE',  ( 0.0000000000000000000, 1.000000000000000000, 0.0000000000000000000 ) ) ;
#8252 = PLANE ( 'NONE',  #5319 ) ;
#8253 = CARTESIAN_POINT ( 'NONE',  ( -8.699999999999999300, -0.9100000000000007000, 1.299999999999999600 ) ) ;
#8254 = VERTEX_POINT ( 'NONE', #5733 ) ;
#8255 = DIRECTION ( 'NONE',  ( 4.565061778886338000E-016, 0.0000000000000000000, -1.000000000000000000 ) ) ;
#8256 = DIRECTION ( 'NONE',  ( 0.0000000000000000000, 0.0000000000000000000, -1.000000000000000000 ) ) ;
#8257 = EDGE_LOOP ( 'NONE', ( #1247, #9613, #27, #3299 ) ) ;
#8258 = ADVANCED_FACE ( 'NONE', ( #10321 ), #2991, .F. ) ;
#8259 = LINE ( 'NONE', #900, #3379 ) ;
#8260 = CIRCLE ( 'NONE', #7804, 1.549999999999995800 ) ;
#8261 = CARTESIAN_POINT ( 'NONE',  ( 30.86000000000000700, 2.751075773784449600, -36.00000000000000700 ) ) ;
#8262 = EDGE_CURVE ( 'NONE', #4394, #7625, #1132, .T. ) ;
#8263 = AXIS2_PLACEMENT_3D ( 'NONE', #9121, #3635, #10051 ) ;
#8264 = EDGE_LOOP ( 'NONE', ( #657, #11602, #8653, #3975 ) ) ;
#8265 = DIRECTION ( 'NONE',  ( 1.668003342285391400E-017, 1.000000000000000000, -0.0000000000000000000 ) ) ;
#8266 = CARTESIAN_POINT ( 'NONE',  ( 10.50000000000000000, -4.815124837953334200, 5.099999999999999600 ) ) ;
#8267 = DIRECTION ( 'NONE',  ( -2.409338161078899700E-016, -1.000000000000000000, -1.899788849813798600E-031 ) ) ;
#8268 = AXIS2_PLACEMENT_3D ( 'NONE', #629, #7067, #1552 ) ;
#8269 = EDGE_CURVE ( 'NONE', #7156, #11416, #5437, .T. ) ;
#8270 = EDGE_LOOP ( 'NONE', ( #988, #6218, #6846, #3307 ) ) ;
#8271 = ORIENTED_EDGE ( 'NONE', *, *, #6551, .F. ) ;
#8272 = VECTOR ( 'NONE', #123, 1000.000000000000000 ) ;
#8273 = DIRECTION ( 'NONE',  ( -1.000000000000000000, -0.0000000000000000000, -0.0000000000000000000 ) ) ;
#8274 = LINE ( 'NONE', #11084, #10415 ) ;
#8275 = DIRECTION ( 'NONE',  ( 0.0000000000000000000, -1.000000000000000000, -0.0000000000000000000 ) ) ;
#8276 = CARTESIAN_POINT ( 'NONE',  ( 1.540000000000000000, -0.1325000000000001200, 0.1325000000000001200 ) ) ;
#8277 = VERTEX_POINT ( 'NONE', #11273 ) ;
#8278 = ORIENTED_EDGE ( 'NONE', *, *, #5003, .F. ) ;
#8279 = DIRECTION ( 'NONE',  ( 1.000000000000000000, 0.0000000000000000000, 0.0000000000000000000 ) ) ;
#8280 = PRODUCT_CONTEXT ( 'NONE', #6383, 'mechanical' ) ;
#8281 = ORIENTED_EDGE ( 'NONE', *, *, #2791, .F. ) ;
#8282 = FACE_OUTER_BOUND ( 'NONE', #2416, .T. ) ;
#8283 = EDGE_CURVE ( 'NONE', #6011, #10560, #3286, .T. ) ;
#8284 = STYLED_ITEM ( 'NONE', ( #5193 ), #7779 ) ;
#8285 = VECTOR ( 'NONE', #7794, 1000.000000000000000 ) ;
#8286 = MECHANICAL_DESIGN_GEOMETRIC_PRESENTATION_REPRESENTATION (  '', ( #7064 ), #8888 ) ;
#8287 = COLOUR_RGB ( '',0.9686274509803921600, 0.8784313725490196000, 0.5999999999999999800 ) ;
#8288 = LINE ( 'NONE', #7224, #5828 ) ;
#8289 = CARTESIAN_POINT ( 'NONE',  ( 1.767299457939687200, -0.1129433907941500800, -0.1129433907941504400 ) ) ;
#8290 = ORIENTED_EDGE ( 'NONE', *, *, #8806, .T. ) ;
#8291 = SURFACE_STYLE_USAGE ( .BOTH. , #1859 ) ;
#8292 = AXIS2_PLACEMENT_3D ( 'NONE', #1559, #8002, #2477 ) ;
#8293 = FILL_AREA_STYLE ('',( #960 ) ) ;
#8294 = ORIENTED_EDGE ( 'NONE', *, *, #3275, .T. ) ;
#8295 = LINE ( 'NONE', #427, #983 ) ;
#8296 = EDGE_CURVE ( 'NONE', #7012, #11192, #8441, .T. ) ;
#8297 = VERTEX_POINT ( 'NONE', #3044 ) ;
#8298 = CARTESIAN_POINT ( 'NONE',  ( -3.999999999999996400, 1.949999999999992000, 6.299999999999999800 ) ) ;
#8299 = UNCERTAINTY_MEASURE_WITH_UNIT (LENGTH_MEASURE( 1.000000000000000100E-005 ), #8959, 'distance_accuracy_value', 'NONE');
#8300 = DIRECTION ( 'NONE',  ( -0.0000000000000000000, 1.000000000000000000, -0.0000000000000000000 ) ) ;
#8301 = ORIENTED_EDGE ( 'NONE', *, *, #8248, .T. ) ;
#8302 = LINE ( 'NONE', #905, #5845 ) ;
#8303 = VECTOR ( 'NONE', #6169, 1000.000000000000000 ) ;
#8304 = DIRECTION ( 'NONE',  ( 0.0000000000000000000, -0.0000000000000000000, -1.000000000000000000 ) ) ;
#8305 = VECTOR ( 'NONE', #8809, 1000.000000000000000 ) ;
#8306 = AXIS2_PLACEMENT_3D ( 'NONE', #487, #6932, #1424 ) ;
#8307 = ORIENTED_EDGE ( 'NONE', *, *, #9696, .F. ) ;
#8308 = FILL_AREA_STYLE ('',( #7377 ) ) ;
#8309 = PRESENTATION_LAYER_ASSIGNMENT (  '', '', ( #6465 ) ) ;
#8310 =( LENGTH_UNIT ( ) NAMED_UNIT ( * ) SI_UNIT ( .MILLI., .METRE. ) );
#8311 = EDGE_CURVE ( 'NONE', #7830, #8444, #854, .T. ) ;
#8312 = ADVANCED_FACE ( 'NONE', ( #9741 ), #3956, .T. ) ;
#8313 = ORIENTED_EDGE ( 'NONE', *, *, #6305, .F. ) ;
#8314 = SURFACE_SIDE_STYLE ('',( #10450 ) ) ;
#8315 = CIRCLE ( 'NONE', #2269, 2.500000000000002200 ) ;
#8316 =( REPRESENTATION_RELATIONSHIP ('NONE','NONE', #1637, #6512 ) REPRESENTATION_RELATIONSHIP_WITH_TRANSFORMATION ( #1946 )SHAPE_REPRESENTATION_RELATIONSHIP( ) );
#8317 = VERTEX_POINT ( 'NONE', #9457 ) ;
#8318 = CARTESIAN_POINT ( 'NONE',  ( 1.199999999999999700, 0.0000000000000000000, 0.0000000000000000000 ) ) ;
#8319 = ORIENTED_EDGE ( 'NONE', *, *, #2300, .F. ) ;
#8320 = VECTOR ( 'NONE', #9660, 1000.000000000000000 ) ;
#8321 = CARTESIAN_POINT ( 'NONE',  ( -32.20000000000000300, 2.150000000000010600, -48.00000000000000000 ) ) ;
#8322 = CARTESIAN_POINT ( 'NONE',  ( -16.34000000000000000, 0.6699999999999914900, 5.099999999999999600 ) ) ;
#8323 = ORIENTED_EDGE ( 'NONE', *, *, #10543, .T. ) ;
#8324 =( NAMED_UNIT ( * ) SI_UNIT ( $, .STERADIAN. ) SOLID_ANGLE_UNIT ( ) );
#8325 = LINE ( 'NONE', #1342, #1016 ) ;
#8326 = AXIS2_PLACEMENT_3D ( 'NONE', #6028, #5981, #6966 ) ;
#8327 = ORIENTED_EDGE ( 'NONE', *, *, #1501, .F. ) ;
#8328 = LINE ( 'NONE', #3672, #1019 ) ;
#8329 = EDGE_CURVE ( 'NONE', #4742, #8724, #5133, .T. ) ;
#8330 = ORIENTED_EDGE ( 'NONE', *, *, #2006, .T. ) ;
#8331 = VERTEX_POINT ( 'NONE', #9497 ) ;
#8332 = CARTESIAN_POINT ( 'NONE',  ( -0.2999999999999981600, -0.8100000000000040500, 5.099999999999999600 ) ) ;
#8333 = FACE_OUTER_BOUND ( 'NONE', #1181, .T. ) ;
#8334 =( GEOMETRIC_REPRESENTATION_CONTEXT ( 3 ) GLOBAL_UNCERTAINTY_ASSIGNED_CONTEXT ( ( #6608 ) ) GLOBAL_UNIT_ASSIGNED_CONTEXT ( ( #775, #7199, #1692 ) ) REPRESENTATION_CONTEXT ( 'NONE', 'WORKASPACE' ) );
#8335 = ORIENTED_EDGE ( 'NONE', *, *, #3, .T. ) ;
#8336 = EDGE_CURVE ( 'NONE', #4687, #2440, #2411, .T. ) ;
#8337 = VECTOR ( 'NONE', #8265, 1000.000000000000000 ) ;
#8338 = VERTEX_POINT ( 'NONE', #3998 ) ;
#8339 = SURFACE_STYLE_USAGE ( .BOTH. , #1911 ) ;
#8340 = ORIENTED_EDGE ( 'NONE', *, *, #2172, .T. ) ;
#8341 = DIRECTION ( 'NONE',  ( -0.0000000000000000000, -0.0000000000000000000, -1.000000000000000000 ) ) ;
#8342 = DIRECTION ( 'NONE',  ( -0.0000000000000000000, -1.000000000000000000, -0.0000000000000000000 ) ) ;
#8343 = DIRECTION ( 'NONE',  ( 0.0000000000000000000, 0.0000000000000000000, -1.000000000000000000 ) ) ;
#8344 = EDGE_CURVE ( 'NONE', #6300, #254, #7299, .T. ) ;
#8345 = EDGE_CURVE ( 'NONE', #2307, #4665, #241, .T. ) ;
#8346 = EDGE_CURVE ( 'NONE', #8152, #7439, #4571, .T. ) ;
#8347 = VECTOR ( 'NONE', #2918, 1000.000000000000000 ) ;
#8348 = DIRECTION ( 'NONE',  ( -1.000000000000000000, -0.0000000000000000000, -1.387778780781445900E-016 ) ) ;
#8349 = ORIENTED_EDGE ( 'NONE', *, *, #10031, .F. ) ;
#8350 = CARTESIAN_POINT ( 'NONE',  ( 30.86000000000001700, 2.899999999999999900, 40.59999999999998000 ) ) ;
#8351 = EDGE_LOOP ( 'NONE', ( #10249, #8875, #7325, #338 ) ) ;
#8352 =( NAMED_UNIT ( * ) SI_UNIT ( $, .STERADIAN. ) SOLID_ANGLE_UNIT ( ) );
#8353 = LINE ( 'NONE', #10066, #8087 ) ;
#8354 = FACE_OUTER_BOUND ( 'NONE', #11591, .T. ) ;
#8355 = ORIENTED_EDGE ( 'NONE', *, *, #7358, .F. ) ;
#8356 = CARTESIAN_POINT ( 'NONE',  ( 10.50000000000000000, -0.8100000000000042700, 5.099999999999999600 ) ) ;
#8357 = CARTESIAN_POINT ( 'NONE',  ( 0.0000000000000000000, -1.069999999999999800, -0.2649999999999991800 ) ) ;
#8358 = EDGE_CURVE ( 'NONE', #9541, #3064, #9441, .T. ) ;
#8359 = MECHANICAL_DESIGN_GEOMETRIC_PRESENTATION_REPRESENTATION (  '', ( #6521 ), #8982 ) ;
#8360 = ORIENTED_EDGE ( 'NONE', *, *, #9852, .T. ) ;
#8361 = AXIS2_PLACEMENT_3D ( 'NONE', #9505, #11363, #5851 ) ;
#8362 = CARTESIAN_POINT ( 'NONE',  ( 33.89999999999999900, 10.74102034176674400, -33.50000000000000000 ) ) ;
#8363 = ORIENTED_EDGE ( 'NONE', *, *, #7271, .F. ) ;
#8364 = ADVANCED_FACE ( 'NONE', ( #2114 ), #4946, .F. ) ;
#8365 = CONICAL_SURFACE ( 'NONE', #6655, 0.7999999999999951600, 1.029744258676651000 ) ;
#8366 = EDGE_LOOP ( 'NONE', ( #9170, #9518, #4561, #9816 ) ) ;
#8367 = MECHANICAL_DESIGN_GEOMETRIC_PRESENTATION_REPRESENTATION (  '', ( #6529 ), #8989 ) ;
#8368 = ORIENTED_EDGE ( 'NONE', *, *, #6468, .T. ) ;
#8369 = CARTESIAN_POINT ( 'NONE',  ( -34.39999999999999900, 2.899999999999999900, -45.00000000000001400 ) ) ;
#8370 = ORIENTED_EDGE ( 'NONE', *, *, #7016, .F. ) ;
#8371 = PLANE ( 'NONE',  #11879 ) ;
#8372 = ORIENTED_EDGE ( 'NONE', *, *, #9098, .F. ) ;
#8373 = CARTESIAN_POINT ( 'NONE',  ( 33.90000000000001300, 2.899999999999999900, 38.09999999999998000 ) ) ;
#8374 = LINE ( 'NONE', #7719, #3508 ) ;
#8375 = DIRECTION ( 'NONE',  ( -1.000000000000000000, 2.409338161078890300E-016, -0.0000000000000000000 ) ) ;
#8376 = ORIENTED_EDGE ( 'NONE', *, *, #9894, .T. ) ;
#8377 = CARTESIAN_POINT ( 'NONE',  ( -21.30000000000000100, -0.4500000000000074500, 0.0000000000000000000 ) ) ;
#8378 = DIRECTION ( 'NONE',  ( 0.0000000000000000000, 0.0000000000000000000, -1.000000000000000000 ) ) ;
#8379 = ORIENTED_EDGE ( 'NONE', *, *, #2022, .F. ) ;
#8380 = PRODUCT_DEFINITION_CONTEXT ( 'detailed design', #2780, 'design' ) ;
#8381 = ORIENTED_EDGE ( 'NONE', *, *, #5096, .T. ) ;
#8382 = DIRECTION ( 'NONE',  ( 0.0000000000000000000, 0.0000000000000000000, -1.000000000000000000 ) ) ;
#8383 = EDGE_LOOP ( 'NONE', ( #9054, #10823, #6117, #1899 ) ) ;
#8384 = LINE ( 'NONE', #11268, #5658 ) ;
#8385 = CARTESIAN_POINT ( 'NONE',  ( 0.1000000000000021700, -0.9100000000000030300, 5.099999999999999600 ) ) ;
#8386 = PRODUCT_DEFINITION ( 'UNKNOWN', '', #2625, #8380 ) ;
#8387 = DIRECTION ( 'NONE',  ( -1.000000000000000000, 0.0000000000000000000, 0.0000000000000000000 ) ) ;
#8388 = ORIENTED_EDGE ( 'NONE', *, *, #11423, .F. ) ;
#8389 = MECHANICAL_DESIGN_GEOMETRIC_PRESENTATION_REPRESENTATION (  '', ( #7176 ), #9009 ) ;
#8390 = EDGE_CURVE ( 'NONE', #6649, #565, #9162, .T. ) ;
#8391 = AXIS2_PLACEMENT_3D ( 'NONE', #6577, #1086, #7497 ) ;
#8392 = ORIENTED_EDGE ( 'NONE', *, *, #11367, .T. ) ;
#8393 =( NAMED_UNIT ( * ) PLANE_ANGLE_UNIT ( ) SI_UNIT ( $, .RADIAN. ) );
#8394 = SURFACE_SIDE_STYLE ('',( #1057 ) ) ;
#8395 = VECTOR ( 'NONE', #7363, 1000.000000000000000 ) ;
#8396 = VECTOR ( 'NONE', #9383, 1000.000000000000000 ) ;
#8397 = DIRECTION ( 'NONE',  ( 0.0000000000000000000, 0.0000000000000000000, 1.000000000000000000 ) ) ;
#8398 = DIRECTION ( 'NONE',  ( 1.392979236598078500E-016, 1.000000000000000000, -0.0000000000000000000 ) ) ;
#8399 = ORIENTED_EDGE ( 'NONE', *, *, #1905, .T. ) ;
#8400 = LINE ( 'NONE', #3202, #1095 ) ;
#8401 = VERTEX_POINT ( 'NONE', #331 ) ;
#8402 = ORIENTED_EDGE ( 'NONE', *, *, #8922, .F. ) ;
#8403 = DIRECTION ( 'NONE',  ( -0.0000000000000000000, 1.000000000000000000, -0.0000000000000000000 ) ) ;
#8404 = LINE ( 'NONE', #6005, #1372 ) ;
#8405 = AXIS2_PLACEMENT_3D ( 'NONE', #5557, #33, #6482 ) ;
#8406 = CARTESIAN_POINT ( 'NONE',  ( -30.00000000000000400, 9.722539674441609500, -48.89999999999999900 ) ) ;
#8407 = AXIS2_PLACEMENT_3D ( 'NONE', #4413, #10845, #5332 ) ;
#8408 = EDGE_CURVE ( 'NONE', #4406, #9298, #11319, .T. ) ;
#8409 = SURFACE_STYLE_USAGE ( .BOTH. , #1984 ) ;
#8410 = ITEM_DEFINED_TRANSFORMATION ( 'NONE', 'NONE', #4697,  #11927 ) ;
#8411 = VECTOR ( 'NONE', #10235, 1000.000000000000000 ) ;
#8412 = ORIENTED_EDGE ( 'NONE', *, *, #6186, .T. ) ;
#8413 = DIRECTION ( 'NONE',  ( 1.000000000000000000, 0.0000000000000000000, 0.0000000000000000000 ) ) ;
#8414 = FILL_AREA_STYLE ('',( #11156 ) ) ;
#8415 = FACE_OUTER_BOUND ( 'NONE', #2633, .T. ) ;
#8416 = FILL_AREA_STYLE_COLOUR ( '', #10666 ) ;
#8417 =( NAMED_UNIT ( * ) SI_UNIT ( $, .STERADIAN. ) SOLID_ANGLE_UNIT ( ) );
#8418 = SURFACE_STYLE_USAGE ( .BOTH. , #1995 ) ;
#8419 = PRESENTATION_STYLE_ASSIGNMENT (( #4886 ) ) ;
#8420 = ADVANCED_FACE ( 'NONE', ( #6714 ), #7782, .F. ) ;
#8421 =( NAMED_UNIT ( * ) PLANE_ANGLE_UNIT ( ) SI_UNIT ( $, .RADIAN. ) );
#8422 = VERTEX_POINT ( 'NONE', #9579 ) ;
#8423 = EDGE_CURVE ( 'NONE', #7483, #11109, #6436, .T. ) ;
#8424 =( GEOMETRIC_REPRESENTATION_CONTEXT ( 3 ) GLOBAL_UNCERTAINTY_ASSIGNED_CONTEXT ( ( #9180 ) ) GLOBAL_UNIT_ASSIGNED_CONTEXT ( ( #8310, #2815, #9236 ) ) REPRESENTATION_CONTEXT ( 'NONE', 'WORKASPACE' ) );
#8425 = DIRECTION ( 'NONE',  ( 0.0000000000000000000, 1.000000000000000000, 0.0000000000000000000 ) ) ;
#8426 = VECTOR ( 'NONE', #11465, 1000.000000000000000 ) ;
#8427 = AXIS2_PLACEMENT_3D ( 'NONE', #8917, #3432, #9838 ) ;
#8428 = EDGE_LOOP ( 'NONE', ( #3795, #10335, #11522, #10426 ) ) ;
#8429 = SURFACE_SIDE_STYLE ('',( #2414 ) ) ;
#8430 = VECTOR ( 'NONE', #10717, 1000.000000000000000 ) ;
#8431 = DIRECTION ( 'NONE',  ( -1.000000000000000000, 1.668003342285391100E-017, 0.0000000000000000000 ) ) ;
#8432 = CARTESIAN_POINT ( 'NONE',  ( 7.900000000000000400, -0.9100000000000045800, 5.099999999999999600 ) ) ;
#8433 = SURFACE_STYLE_FILL_AREA ( #5892 ) ;
#8434 = ORIENTED_EDGE ( 'NONE', *, *, #3637, .T. ) ;
#8435 =( GEOMETRIC_REPRESENTATION_CONTEXT ( 3 ) GLOBAL_UNCERTAINTY_ASSIGNED_CONTEXT ( ( #7784 ) ) GLOBAL_UNIT_ASSIGNED_CONTEXT ( ( #8229, #2729, #9134 ) ) REPRESENTATION_CONTEXT ( 'NONE', 'WORKASPACE' ) );
#8436 = CARTESIAN_POINT ( 'NONE',  ( -21.30000000000000100, -2.850000000000001000, 7.000000000000000000 ) ) ;
#8437 =( BOUNDED_CURVE ( )  B_SPLINE_CURVE ( 3, ( #4105, #8667, #5013, #11459 ),
 .UNSPECIFIED., .F., .F. ) 
 B_SPLINE_CURVE_WITH_KNOTS ( ( 4, 4 ),
 ( 1.570796326794896800, 4.712388980384689700 ),
 .UNSPECIFIED. ) 
 CURVE ( )  GEOMETRIC_REPRESENTATION_ITEM ( )  RATIONAL_B_SPLINE_CURVE ( ( 1.000000000000000000, 0.3333333333333333700, 0.3333333333333333700, 1.000000000000000000 ) ) 
 REPRESENTATION_ITEM ( '' )  );
#8438 = ORIENTED_EDGE ( 'NONE', *, *, #5804, .F. ) ;
#8439 = PRESENTATION_STYLE_ASSIGNMENT (( #5073 ) ) ;
#8440 = CARTESIAN_POINT ( 'NONE',  ( -18.55000000000000100, -2.850000000000001000, 0.0000000000000000000 ) ) ;
#8441 = LINE ( 'NONE', #8489, #7575 ) ;
#8442 = CIRCLE ( 'NONE', #7955, 1.500000000000001300 ) ;
#8443 = LINE ( 'NONE', #993, #6002 ) ;
#8444 = VERTEX_POINT ( 'NONE', #3205 ) ;
#8445 = DIRECTION ( 'NONE',  ( -1.355252715606881000E-016, 0.0000000000000000000, -1.000000000000000000 ) ) ;
#8446 = DIRECTION ( 'NONE',  ( 0.0000000000000000000, 1.000000000000000000, 3.491481338843133400E-015 ) ) ;
#8447 = DIRECTION ( 'NONE',  ( 1.387778780781445900E-016, -0.0000000000000000000, 1.000000000000000000 ) ) ;
#8448 = ORIENTED_EDGE ( 'NONE', *, *, #2605, .F. ) ;
#8449 = PRESENTATION_LAYER_ASSIGNMENT (  '', '', ( #7850 ) ) ;
#8450 = CARTESIAN_POINT ( 'NONE',  ( 32.20000000000001700, -0.2999999999999999900, -47.20000000000001700 ) ) ;
#8451 = DIRECTION ( 'NONE',  ( 1.000000000000000000, -2.409338161078899700E-016, 0.0000000000000000000 ) ) ;
#8452 = VERTEX_POINT ( 'NONE', #11475 ) ;
#8453 = ORIENTED_EDGE ( 'NONE', *, *, #1592, .T. ) ;
#8454 = CIRCLE ( 'NONE', #7674, 0.5000000000000004400 ) ;
#8455 = MECHANICAL_DESIGN_GEOMETRIC_PRESENTATION_REPRESENTATION (  '', ( #6615 ), #9076 ) ;
#8456 = CARTESIAN_POINT ( 'NONE',  ( -19.71064621532100200, -1.170646215321008900, 6.899999999999999500 ) ) ;
#8458 = EDGE_CURVE ( 'NONE', #9467, #11135, #1838, .T. ) ;
#8457 = ORIENTED_EDGE ( 'NONE', *, *, #10874, .T. ) ;
#8459 = EDGE_CURVE ( 'NONE', #2132, #8204, #4283, .T. ) ;
#8460 = CARTESIAN_POINT ( 'NONE',  ( -2.899999999999997700, -1.950000000000001300, 0.0000000000000000000 ) ) ;
#8461 = VERTEX_POINT ( 'NONE', #9664 ) ;
#8462 = PRESENTATION_STYLE_ASSIGNMENT (( #7207 ) ) ;
#8463 = ORIENTED_EDGE ( 'NONE', *, *, #6064, .T. ) ;
#8464 = VECTOR ( 'NONE', #3094, 1000.000000000000000 ) ;
#8465 = CARTESIAN_POINT ( 'NONE',  ( -30.85999999999999600, -3.500000000000000000, 40.59999999999998000 ) ) ;
#8466 = DIRECTION ( 'NONE',  ( 1.000000000000000000, 1.445602896647337900E-016, -0.0000000000000000000 ) ) ;
#8467 = CARTESIAN_POINT ( 'NONE',  ( 3.252606517456513300E-016, 0.2650000000000000700, -0.2649999999999989600 ) ) ;
#8468 = DIRECTION ( 'NONE',  ( 0.0000000000000000000, 0.0000000000000000000, 1.000000000000000000 ) ) ;
#8469 = EDGE_CURVE ( 'NONE', #1929, #2061, #6143, .T. ) ;
#8470 = FACE_OUTER_BOUND ( 'NONE', #9232, .T. ) ;
#8471 =( LENGTH_UNIT ( ) NAMED_UNIT ( * ) SI_UNIT ( .MILLI., .METRE. ) );
#8472 = SURFACE_STYLE_FILL_AREA ( #3070 ) ;
#8473 = ORIENTED_EDGE ( 'NONE', *, *, #8262, .T. ) ;
#8474 = ADVANCED_FACE ( 'NONE', ( #8569 ), #1438, .T. ) ;
#8475 = EDGE_CURVE ( 'NONE', #336, #6486, #10758, .T. ) ;
#8476 = DIRECTION ( 'NONE',  ( -4.625929269271503500E-015, 0.0000000000000000000, 1.000000000000000000 ) ) ;
#8477 = CARTESIAN_POINT ( 'NONE',  ( -9.999999999999998200, -4.815124837953328000, 1.300000000000000300 ) ) ;
#8478 = CARTESIAN_POINT ( 'NONE',  ( -30.86000000000000700, -3.500000000000000000, -34.75000000000000000 ) ) ;
#8479 = COLOUR_RGB ( '',0.9686274509803921600, 0.8784313725490196000, 0.5999999999999999800 ) ;
#8480 =( NAMED_UNIT ( * ) SI_UNIT ( $, .STERADIAN. ) SOLID_ANGLE_UNIT ( ) );
#8481 = EDGE_LOOP ( 'NONE', ( #4351, #7186, #5201 ) ) ;
#8482 = ORIENTED_EDGE ( 'NONE', *, *, #7681, .T. ) ;
#8483 = PLANE ( 'NONE',  #133 ) ;
#8484 = DIRECTION ( 'NONE',  ( -1.355252715606881000E-016, 0.0000000000000000000, -1.000000000000000000 ) ) ;
#8485 = EDGE_CURVE ( 'NONE', #6589, #3208, #1265, .T. ) ;
#8486 = MECHANICAL_DESIGN_GEOMETRIC_PRESENTATION_REPRESENTATION (  '', ( #7272 ), #9112 ) ;
#8487 = VECTOR ( 'NONE', #11157, 1000.000000000000200 ) ;
#8488 = EDGE_CURVE ( 'NONE', #1764, #4699, #3982, .T. ) ;
#8489 = CARTESIAN_POINT ( 'NONE',  ( -33.89999999999998400, 9.722539674441609500, 45.00000000000001400 ) ) ;
#8490 = AXIS2_PLACEMENT_3D ( 'NONE', #1315, #7730, #2220 ) ;
#8491 = DIRECTION ( 'NONE',  ( -0.0000000000000000000, -0.0000000000000000000, 1.000000000000000000 ) ) ;
#8492 = DIRECTION ( 'NONE',  ( 0.0000000000000000000, 0.0000000000000000000, 1.000000000000000000 ) ) ;
#8493 = VERTEX_POINT ( 'NONE', #5115 ) ;
#8494 =( LENGTH_UNIT ( ) NAMED_UNIT ( * ) SI_UNIT ( .MILLI., .METRE. ) );
#8495 = ORIENTED_EDGE ( 'NONE', *, *, #1785, .F. ) ;
#8496 = MECHANICAL_DESIGN_GEOMETRIC_PRESENTATION_REPRESENTATION (  '', ( #6662 ), #9124 ) ;
#8497 = ORIENTED_EDGE ( 'NONE', *, *, #1059, .T. ) ;
#8498 = CARTESIAN_POINT ( 'NONE',  ( 30.86000000000000700, 0.5000000000000000000, -34.75000000000000700 ) ) ;
#8499 = EDGE_CURVE ( 'NONE', #4266, #2043, #3431, .T. ) ;
#8500 = LINE ( 'NONE', #1668, #926 ) ;
#8501 = ORIENTED_EDGE ( 'NONE', *, *, #3421, .F. ) ;
#8502 = ORIENTED_EDGE ( 'NONE', *, *, #6617, .F. ) ;
#8503 = CARTESIAN_POINT ( 'NONE',  ( -33.89999999999998400, -2.900000000000000400, 43.09999999999998700 ) ) ;
#8504 = DIRECTION ( 'NONE',  ( -1.000000000000000000, 0.0000000000000000000, 0.0000000000000000000 ) ) ;
#8505 = ORIENTED_EDGE ( 'NONE', *, *, #7085, .F. ) ;
#8506 = UNCERTAINTY_MEASURE_WITH_UNIT (LENGTH_MEASURE( 1.000000000000000100E-005 ), #1299, 'distance_accuracy_value', 'NONE');
#8507 = DIRECTION ( 'NONE',  ( 0.0000000000000000000, 0.0000000000000000000, -1.000000000000000000 ) ) ;
#8508 = AXIS2_PLACEMENT_3D ( 'NONE', #2407, #8821, #3350 ) ;
#8509 = ORIENTED_EDGE ( 'NONE', *, *, #11095, .F. ) ;
#8510 = DIRECTION ( 'NONE',  ( 0.0000000000000000000, 0.0000000000000000000, -1.000000000000000000 ) ) ;
#8511 = FILL_AREA_STYLE_COLOUR ( '', #3614 ) ;
#8512 = CARTESIAN_POINT ( 'NONE',  ( -21.30000000000000100, -0.4500000000000074500, 7.000000000000000000 ) ) ;
#8513 = MECHANICAL_DESIGN_GEOMETRIC_PRESENTATION_REPRESENTATION (  '', ( #6681 ), #9145 ) ;
#8514 = CARTESIAN_POINT ( 'NONE',  ( -30.85999999999999600, 0.5000000000000000000, 41.84999999999998000 ) ) ;
#8515 = EDGE_CURVE ( 'NONE', #2570, #11378, #10452, .T. ) ;
#8516 = ORIENTED_EDGE ( 'NONE', *, *, #5392, .T. ) ;
#8517 = CIRCLE ( 'NONE', #4721, 0.5000000000000004400 ) ;
#8518 = DIRECTION ( 'NONE',  ( 0.0000000000000000000, 0.0000000000000000000, -1.000000000000000000 ) ) ;
#8519 = LINE ( 'NONE', #679, #6088 ) ;
#8520 = DIRECTION ( 'NONE',  ( 0.0000000000000000000, 0.0000000000000000000, 1.000000000000000000 ) ) ;
#8521 = EDGE_LOOP ( 'NONE', ( #2480, #6386, #4137, #10819 ) ) ;
#8522 =( NAMED_UNIT ( * ) PLANE_ANGLE_UNIT ( ) SI_UNIT ( $, .RADIAN. ) );
#8523 = ADVANCED_FACE ( 'NONE', ( #5571 ), #5164, .F. ) ;
#8524 = ORIENTED_EDGE ( 'NONE', *, *, #11427, .F. ) ;
#8525 = EDGE_LOOP ( 'NONE', ( #10324, #5041, #8565, #4581 ) ) ;
#8526 = FACE_OUTER_BOUND ( 'NONE', #7699, .T. ) ;
#8527 = SURFACE_STYLE_FILL_AREA ( #9936 ) ;
#8528 = AXIS2_PLACEMENT_3D ( 'NONE', #6713, #1220, #7634 ) ;
#8529 = EDGE_CURVE ( 'NONE', #3736, #6938, #11755, .T. ) ;
#8530 = CYLINDRICAL_SURFACE ( 'NONE', #4818, 1.399999999999998600 ) ;
#8531 = AXIS2_PLACEMENT_3D ( 'NONE', #7882, #2360, #8777 ) ;
#8532 = DIRECTION ( 'NONE',  ( 0.0000000000000000000, -1.000000000000000000, 0.0000000000000000000 ) ) ;
#8533 = FACE_OUTER_BOUND ( 'NONE', #330, .T. ) ;
#8534 = ORIENTED_EDGE ( 'NONE', *, *, #5153, .T. ) ;
#8535 =( LENGTH_UNIT ( ) NAMED_UNIT ( * ) SI_UNIT ( .MILLI., .METRE. ) );
#8536 = VERTEX_POINT ( 'NONE', #11632 ) ;
#8537 = CARTESIAN_POINT ( 'NONE',  ( 0.1000000000000027700, -5.401102314577125100, 5.099999999999999600 ) ) ;
#8538 = ORIENTED_EDGE ( 'NONE', *, *, #1587, .T. ) ;
#8539 = ADVANCED_FACE ( 'NONE', ( #6862 ), #1121, .F. ) ;
#8540 = LINE ( 'NONE', #4000, #1233 ) ;
#8541 = DIRECTION ( 'NONE',  ( 1.000000000000000000, 0.0000000000000000000, 1.387778780781445900E-016 ) ) ;
#8542 = CARTESIAN_POINT ( 'NONE',  ( -30.86000000000000700, 1.999999999999999600, -37.25000000000000700 ) ) ;
#8543 = SURFACE_STYLE_FILL_AREA ( #63 ) ;
#8544 = FACE_BOUND ( 'NONE', #4273, .T. ) ;
#8545 = ORIENTED_EDGE ( 'NONE', *, *, #4155, .F. ) ;
#8546 = AXIS2_PLACEMENT_3D ( 'NONE', #9230, #3732, #10147 ) ;
#8547 = DIRECTION ( 'NONE',  ( 1.000000000000000000, 0.0000000000000000000, 1.387778780781445900E-016 ) ) ;
#8548 = DIRECTION ( 'NONE',  ( 1.000000000000000000, 0.0000000000000000000, 1.387778780781445900E-016 ) ) ;
#8549 = EDGE_CURVE ( 'NONE', #6783, #6653, #3566, .T. ) ;
#8550 = AXIS2_PLACEMENT_3D ( 'NONE', #7770, #10537, #5017 ) ;
#8551 = EDGE_CURVE ( 'NONE', #1615, #1428, #10894, .T. ) ;
#8552 = EDGE_CURVE ( 'NONE', #10179, #6895, #10598, .T. ) ;
#8553 = EDGE_LOOP ( 'NONE', ( #5840, #11111, #9295, #10629 ) ) ;
#8554 = LINE ( 'NONE', #8650, #6126 ) ;
#8555 = LINE ( 'NONE', #6563, #11030 ) ;
#8556 = CARTESIAN_POINT ( 'NONE',  ( 0.0000000000000000000, 2.900000000000000400, 0.0000000000000000000 ) ) ;
#8557 = VECTOR ( 'NONE', #1455, 1000.000000000000000 ) ;
#8558 =( NAMED_UNIT ( * ) SI_UNIT ( $, .STERADIAN. ) SOLID_ANGLE_UNIT ( ) );
#8559 = EDGE_LOOP ( 'NONE', ( #11266, #3180, #4454 ) ) ;
#8560 = CARTESIAN_POINT ( 'NONE',  ( -34.39999999999999900, 2.899999999999999900, 44.50000000000001400 ) ) ;
#8561 = VECTOR ( 'NONE', #7378, 1000.000000000000000 ) ;
#8562 = DIRECTION ( 'NONE',  ( -1.000000000000000000, 2.409338161078899700E-016, 0.0000000000000000000 ) ) ;
#8563 = AXIS2_PLACEMENT_3D ( 'NONE', #4215, #10648, #5126 ) ;
#8564 = DIRECTION ( 'NONE',  ( -0.0000000000000000000, 1.000000000000000000, 0.0000000000000000000 ) ) ;
#8565 = ORIENTED_EDGE ( 'NONE', *, *, #5498, .F. ) ;
#8566 = CARTESIAN_POINT ( 'NONE',  ( 16.60000000000000500, -0.8100000000000043800, 5.099999999999999600 ) ) ;
#8567 = LINE ( 'NONE', #1770, #1554 ) ;
#8568 = PRESENTATION_STYLE_ASSIGNMENT (( #3458 ) ) ;
#8569 = FACE_OUTER_BOUND ( 'NONE', #11028, .T. ) ;
#8570 = COLOUR_RGB ( '',0.9686274509803921600, 0.8784313725490196000, 0.5999999999999999800 ) ;
#8571 = EDGE_CURVE ( 'NONE', #11243, #743, #5982, .T. ) ;
#8572 = AXIS2_PLACEMENT_3D ( 'NONE', #6877, #1378, #7805 ) ;
#8573 = SURFACE_STYLE_FILL_AREA ( #9396 ) ;
#8574 = VERTEX_POINT ( 'NONE', #3461 ) ;
#8575 = UNCERTAINTY_MEASURE_WITH_UNIT (LENGTH_MEASURE( 1.000000000000000100E-005 ), #4811, 'distance_accuracy_value', 'NONE');
#8576 =( NAMED_UNIT ( * ) PLANE_ANGLE_UNIT ( ) SI_UNIT ( $, .RADIAN. ) );
#8577 = DIRECTION ( 'NONE',  ( 0.0000000000000000000, 0.0000000000000000000, 1.000000000000000000 ) ) ;
#8578 = ORIENTED_EDGE ( 'NONE', *, *, #2140, .F. ) ;
#8579 = FILL_AREA_STYLE ('',( #4013 ) ) ;
#8580 = VECTOR ( 'NONE', #11125, 1000.000000000000000 ) ;
#8581 = AXIS2_PLACEMENT_3D ( 'NONE', #4231, #10663, #5145 ) ;
#8582 = ORIENTED_EDGE ( 'NONE', *, *, #7098, .T. ) ;
#8583 = DIRECTION ( 'NONE',  ( 0.0000000000000000000, 0.0000000000000000000, 1.000000000000000000 ) ) ;
#8584 = CARTESIAN_POINT ( 'NONE',  ( -32.20000000000001700, 0.2999999999999999900, -47.20000000000001700 ) ) ;
#8585 = ORIENTED_EDGE ( 'NONE', *, *, #8269, .T. ) ;
#8586 = ADVANCED_FACE ( 'NONE', ( #7874 ), #2099, .F. ) ;
#8587 = LINE ( 'NONE', #3201, #10772 ) ;
#8588 = DIRECTION ( 'NONE',  ( 1.000000000000000000, 0.0000000000000000000, 0.0000000000000000000 ) ) ;
#8589 = VERTEX_POINT ( 'NONE', #7764 ) ;
#8590 = PRESENTATION_STYLE_ASSIGNMENT (( #709 ) ) ;
#8591 = LINE ( 'NONE', #2210, #1289 ) ;
#8592 = ORIENTED_EDGE ( 'NONE', *, *, #5872, .T. ) ;
#8593 = SURFACE_SIDE_STYLE ('',( #7320 ) ) ;
#8594 = CARTESIAN_POINT ( 'NONE',  ( 10.50000000000000000, -0.9100000000000063600, 5.099999999999999600 ) ) ;
#8595 = ORIENTED_EDGE ( 'NONE', *, *, #1347, .F. ) ;
#8596 = VERTEX_POINT ( 'NONE', #3176 ) ;
#8597 = VECTOR ( 'NONE', #4066, 1000.000000000000000 ) ;
#8598 = ORIENTED_EDGE ( 'NONE', *, *, #10104, .T. ) ;
#8599 = CARTESIAN_POINT ( 'NONE',  ( 6.200000000000002000, -0.8100000000000041600, 5.099999999999999600 ) ) ;
#8600 =( GEOMETRIC_REPRESENTATION_CONTEXT ( 3 ) GLOBAL_UNCERTAINTY_ASSIGNED_CONTEXT ( ( #5862 ) ) GLOBAL_UNIT_ASSIGNED_CONTEXT ( ( #7160, #1661, #8095 ) ) REPRESENTATION_CONTEXT ( 'NONE', 'WORKASPACE' ) );
#8601 = ADVANCED_FACE ( 'NONE', ( #11887 ), #9153, .T. ) ;
#8602 =( NAMED_UNIT ( * ) PLANE_ANGLE_UNIT ( ) SI_UNIT ( $, .RADIAN. ) );
#8603 = CARTESIAN_POINT ( 'NONE',  ( 0.0000000000000000000, -0.2999999999999999900, 0.0000000000000000000 ) ) ;
#8604 = AXIS2_PLACEMENT_3D ( 'NONE', #4477, #10908, #5397 ) ;
#8605 = EDGE_LOOP ( 'NONE', ( #11250, #4115, #2320, #3812, #1576, #8236, #9317, #5597, #10555, #4870, #10804, #9698, #4014, #3359, #3269, #10967, #2948, #5587, #2771, #8438, #4729, #7249, #1863, #5333, #8819, #3160, #4904, #9720, #10377, #4527, #4719, #1902, #7883, #11196, #8812, #1021, #4473, #3388, #128, #6509, #11294, #15, #3934, #1715, #8363, #9438, #3303, #3378, #407, #6040, #4929, #1729, #3501, #5830, #11103, #642, #3294, #9946, #1553, #9455, #4919, #1994 ) ) ;
#8606 = FACE_OUTER_BOUND ( 'NONE', #6219, .T. ) ;
#8607 = DIRECTION ( 'NONE',  ( 1.000000000000000000, 1.084202172485505200E-016, 0.0000000000000000000 ) ) ;
#8608 = EDGE_CURVE ( 'NONE', #410, #11851, #11594, .T. ) ;
#8609 = VERTEX_POINT ( 'NONE', #5935 ) ;
#8610 = CARTESIAN_POINT ( 'NONE',  ( -2.899999999999998100, -0.8100000000000040500, 5.099999999999999600 ) ) ;
#8611 = COLOUR_RGB ( '',0.8941176470588234600, 0.9137254901960784000, 0.9294117647058823800 ) ;
#8612 = EDGE_CURVE ( 'NONE', #10045, #10095, #6705, .T. ) ;
#8613 = DIRECTION ( 'NONE',  ( 4.565061778886338000E-016, 7.999110946584406800E-032, -1.000000000000000000 ) ) ;
#8614 = COLOUR_RGB ( '',0.9686274509803921600, 0.8784313725490196000, 0.5999999999999999800 ) ;
#8615 = LINE ( 'NONE', #5641, #6485 ) ;
#8616 = ORIENTED_EDGE ( 'NONE', *, *, #7702, .F. ) ;
#8617 = DIRECTION ( 'NONE',  ( -1.000000000000000000, 0.0000000000000000000, 0.0000000000000000000 ) ) ;
#8618 = DIRECTION ( 'NONE',  ( -0.0000000000000000000, -1.000000000000000000, -0.0000000000000000000 ) ) ;
#8619 = ORIENTED_EDGE ( 'NONE', *, *, #908, .T. ) ;
#8620 = PLANE ( 'NONE',  #574 ) ;
#8621 = VECTOR ( 'NONE', #9099, 1000.000000000000000 ) ;
#8622 = MECHANICAL_DESIGN_GEOMETRIC_PRESENTATION_REPRESENTATION (  '', ( #6796 ), #9268 ) ;
#8623 = CARTESIAN_POINT ( 'NONE',  ( -34.99999999999999300, 0.5000000000000000000, 40.59999999999998000 ) ) ;
#8624 = EDGE_CURVE ( 'NONE', #6474, #9118, #9430, .T. ) ;
#8625 = LINE ( 'NONE', #601, #6203 ) ;
#8626 = VECTOR ( 'NONE', #5973, 1000.000000000000000 ) ;
#8627 = ORIENTED_EDGE ( 'NONE', *, *, #11595, .T. ) ;
#8628 = CARTESIAN_POINT ( 'NONE',  ( 1.540000000000000000, -0.1325000000000001700, -0.1325000000000000300 ) ) ;
#8629 = DIRECTION ( 'NONE',  ( 1.000000000000000000, -0.0000000000000000000, 0.0000000000000000000 ) ) ;
#8630 = ORIENTED_EDGE ( 'NONE', *, *, #2314, .F. ) ;
#8631 = DIRECTION ( 'NONE',  ( -1.000000000000000000, 0.0000000000000000000, 0.0000000000000000000 ) ) ;
#8632 = DIRECTION ( 'NONE',  ( 1.000000000000000000, 0.0000000000000000000, 0.0000000000000000000 ) ) ;
#8633 = CARTESIAN_POINT ( 'NONE',  ( 2.700000000000002800, -5.401102314577125100, 5.099999999999999600 ) ) ;
#8634 = ORIENTED_EDGE ( 'NONE', *, *, #1737, .T. ) ;
#8635 = DIRECTION ( 'NONE',  ( -1.000000000000000000, 0.0000000000000000000, -0.0000000000000000000 ) ) ;
#8636 = LINE ( 'NONE', #3751, #5909 ) ;
#8637 = FILL_AREA_STYLE_COLOUR ( '', #4459 ) ;
#8638 = ORIENTED_EDGE ( 'NONE', *, *, #5804, .T. ) ;
#8639 = CARTESIAN_POINT ( 'NONE',  ( -2.499999999999997300, -0.9100000000000041400, 1.299999999999999200 ) ) ;
#8640 = FILL_AREA_STYLE ('',( #11390 ) ) ;
#8641 = EDGE_CURVE ( 'NONE', #292, #11630, #1829, .T. ) ;
#8642 = AXIS2_PLACEMENT_3D ( 'NONE', #776, #7200, #1693 ) ;
#8643 = CARTESIAN_POINT ( 'NONE',  ( -33.00000000000000000, 0.2999999999999999900, 49.39999999999999900 ) ) ;
#8644 = EDGE_LOOP ( 'NONE', ( #7380, #11909, #3979, #448 ) ) ;
#8645 = UNCERTAINTY_MEASURE_WITH_UNIT (LENGTH_MEASURE( 1.000000000000000100E-005 ), #4239, 'distance_accuracy_value', 'NONE');
#8646 = AXIS2_PLACEMENT_3D ( 'NONE', #8662, #3173, #9597 ) ;
#8647 = CARTESIAN_POINT ( 'NONE',  ( -12.44000000000000100, -4.815124837953328000, 5.099999999999999600 ) ) ;
#8648 = ORIENTED_EDGE ( 'NONE', *, *, #9270, .F. ) ;
#8649 = ADVANCED_FACE ( 'NONE', ( #7007 ), #9645, .F. ) ;
#8650 = CARTESIAN_POINT ( 'NONE',  ( 16.60000000000000500, -0.8100000000000043800, 5.099999999999999600 ) ) ;
#8651 = FACE_OUTER_BOUND ( 'NONE', #2976, .T. ) ;
#8652 = PRESENTATION_STYLE_ASSIGNMENT (( #10574 ) ) ;
#8653 = ORIENTED_EDGE ( 'NONE', *, *, #1059, .F. ) ;
#8654 = AXIS2_PLACEMENT_3D ( 'NONE', #1359, #11480, #5963 ) ;
#8655 = ORIENTED_EDGE ( 'NONE', *, *, #11278, .T. ) ;
#8656 = SURFACE_STYLE_USAGE ( .BOTH. , #2235 ) ;
#8657 = ORIENTED_EDGE ( 'NONE', *, *, #7429, .F. ) ;
#8658 = VERTEX_POINT ( 'NONE', #5979 ) ;
#8659 = CIRCLE ( 'NONE', #11647, 1.549999999999995800 ) ;
#8660 = DIRECTION ( 'NONE',  ( 0.0000000000000000000, -1.000000000000000000, 0.0000000000000000000 ) ) ;
#8661 = ADVANCED_FACE ( 'NONE', ( #6425 ), #11032, .T. ) ;
#8662 = CARTESIAN_POINT ( 'NONE',  ( 32.20000000000001700, 0.2999999999999999900, 47.20000000000001700 ) ) ;
#8663 = CARTESIAN_POINT ( 'NONE',  ( -33.00000000000001400, -0.2999999999999999900, -48.00000000000000000 ) ) ;
#8664 = ORIENTED_EDGE ( 'NONE', *, *, #5263, .T. ) ;
#8665 = DIRECTION ( 'NONE',  ( 0.0000000000000000000, 0.0000000000000000000, 1.000000000000000000 ) ) ;
#8666 = ORIENTED_EDGE ( 'NONE', *, *, #10565, .T. ) ;
#8667 = CARTESIAN_POINT ( 'NONE',  ( 33.35999999999999200, 2.999999999999991600, -34.75000000000000700 ) ) ;
#8668 = PRESENTATION_STYLE_ASSIGNMENT (( #311 ) ) ;
#8669 = AXIS2_PLACEMENT_3D ( 'NONE', #1816, #8251, #2752 ) ;
#8670 = CARTESIAN_POINT ( 'NONE',  ( 12.69999999999999900, -0.9100000000000069100, 5.099999999999999600 ) ) ;
#8671 = CIRCLE ( 'NONE', #11455, 0.5000000000000004400 ) ;
#8672 = DIRECTION ( 'NONE',  ( -1.049727191138616500E-016, 0.5150380749100571500, 0.8571673007021105600 ) ) ;
#8673 = VERTEX_POINT ( 'NONE', #6027 ) ;
#8674 = STYLED_ITEM ( 'NONE', ( #10646 ), #4391 ) ;
#8675 = FILL_AREA_STYLE_COLOUR ( '', #5019 ) ;
#8676 = EDGE_CURVE ( 'NONE', #4976, #9771, #8857, .T. ) ;
#8677 = CARTESIAN_POINT ( 'NONE',  ( -20.55000000000000100, 1.949999999999992000, 5.099999999999999600 ) ) ;
#8678 = CLOSED_SHELL ( 'NONE', ( #9036, #10737, #3025, #8258, #9683, #1924, #6857, #8364, #11202, #222, #3549, #11502, #2343, #2205, #6812, #7518, #11737, #4347 ) ) ;
#8679 = ORIENTED_EDGE ( 'NONE', *, *, #5155, .F. ) ;
#8680 = CARTESIAN_POINT ( 'NONE',  ( 18.55000000000000400, 1.269999999999992000, 5.099999999999999600 ) ) ;
#8681 = COLOUR_RGB ( '',0.9686274509803921600, 0.8784313725490196000, 0.5999999999999999800 ) ;
#8682 = DIRECTION ( 'NONE',  ( 0.0000000000000000000, 0.0000000000000000000, -1.000000000000000000 ) ) ;
#8683 = CARTESIAN_POINT ( 'NONE',  ( 33.89999999999999900, 10.74102034176674400, -33.00000000000000000 ) ) ;
#8684 = DIRECTION ( 'NONE',  ( 0.0000000000000000000, 1.000000000000000000, 0.0000000000000000000 ) ) ;
#8685 = SURFACE_SIDE_STYLE ('',( #5769 ) ) ;
#8686 = CONTEXT_DEPENDENT_SHAPE_REPRESENTATION ( #9241, #5687 ) ;
#8687 = LINE ( 'NONE', #1052, #1382 ) ;
#8688 = ORIENTED_EDGE ( 'NONE', *, *, #3550, .T. ) ;
#8689 = CIRCLE ( 'NONE', #8862, 0.7999999999999951600 ) ;
#8690 = EDGE_CURVE ( 'NONE', #7083, #4335, #11304, .T. ) ;
#8691 = VERTEX_POINT ( 'NONE', #11534 ) ;
#8692 = LINE ( 'NONE', #7581, #10883 ) ;
#8693 = CARTESIAN_POINT ( 'NONE',  ( 13.99999999999999800, -0.9100000000000071400, 5.099999999999999600 ) ) ;
#8694 =( LENGTH_UNIT ( ) NAMED_UNIT ( * ) SI_UNIT ( .MILLI., .METRE. ) );
#8695 = EDGE_CURVE ( 'NONE', #2693, #1910, #1542, .T. ) ;
#8696 = CARTESIAN_POINT ( 'NONE',  ( 7.500000000000001800, -0.8100000000000042700, 1.300000000000002500 ) ) ;
#8697 = ORIENTED_EDGE ( 'NONE', *, *, #1656, .F. ) ;
#8698 = CARTESIAN_POINT ( 'NONE',  ( 5.300000000000003400, -0.9100000000000029200, 5.099999999999999600 ) ) ;
#8699 = DIRECTION ( 'NONE',  ( 1.000000000000000000, 1.141265444721582300E-016, -0.0000000000000000000 ) ) ;
#8700 = LINE ( 'NONE', #6937, #8426 ) ;
#8701 = DIRECTION ( 'NONE',  ( -1.000000000000000000, 2.409338161078899700E-016, 0.0000000000000000000 ) ) ;
#8702 = ADVANCED_FACE ( 'NONE', ( #6129 ), #7424, .F. ) ;
#8703 = ORIENTED_EDGE ( 'NONE', *, *, #4978, .F. ) ;
#8704 = PRESENTATION_STYLE_ASSIGNMENT (( #7504 ) ) ;
#8705 = VECTOR ( 'NONE', #8617, 1000.000000000000000 ) ;
#8706 = CARTESIAN_POINT ( 'NONE',  ( -12.44000000000000100, -0.9100000000000003600, 1.299999999999999600 ) ) ;
#8707 = VERTEX_POINT ( 'NONE', #5181 ) ;
#8708 = DIRECTION ( 'NONE',  ( -1.392979236598078500E-016, 1.000000000000000000, 0.0000000000000000000 ) ) ;
#8709 = CARTESIAN_POINT ( 'NONE',  ( -9.999999999999998200, -4.815124837953328000, 5.100000000000000500 ) ) ;
#8710 = DIRECTION ( 'NONE',  ( -0.0000000000000000000, 0.0000000000000000000, 1.000000000000000000 ) ) ;
#8711 = EDGE_CURVE ( 'NONE', #7633, #1129, #365, .T. ) ;
#8712 = AXIS2_PLACEMENT_3D ( 'NONE', #7852, #2330, #8753 ) ;
#8713 = SURFACE_SIDE_STYLE ('',( #2841 ) ) ;
#8714 = EDGE_CURVE ( 'NONE', #4687, #4916, #5267, .T. ) ;
#8715 = DIRECTION ( 'NONE',  ( 0.0000000000000000000, 0.0000000000000000000, -1.000000000000000000 ) ) ;
#8716 = DIRECTION ( 'NONE',  ( 0.0000000000000000000, 1.000000000000000000, 0.0000000000000000000 ) ) ;
#8717 = VERTEX_POINT ( 'NONE', #1536 ) ;
#8718 = COLOUR_RGB ( '',0.8941176470588234600, 0.9137254901960784000, 0.9294117647058823800 ) ;
#8719 = LINE ( 'NONE', #8725, #6294 ) ;
#8720 = CARTESIAN_POINT ( 'NONE',  ( -30.85999999999999600, 2.899999999999999900, 40.59999999999998000 ) ) ;
#8721 = ADVANCED_FACE ( 'NONE', ( #9571 ), #3397, .F. ) ;
#8722 = CARTESIAN_POINT ( 'NONE',  ( -34.39999999999998400, 10.74102034176674400, -38.50000000000000700 ) ) ;
#8723 = DIRECTION ( 'NONE',  ( -0.9963190726394435300, 0.0000000000000000000, 0.08572225787319877300 ) ) ;
#8724 = VERTEX_POINT ( 'NONE', #11608 ) ;
#8725 = CARTESIAN_POINT ( 'NONE',  ( 34.39999999999999900, 3.500000000000000000, -48.00000000000000000 ) ) ;
#8726 = ORIENTED_EDGE ( 'NONE', *, *, #3035, .T. ) ;
#8727 = AXIS2_PLACEMENT_3D ( 'NONE', #9350, #3846, #10275 ) ;
#8728 =( LENGTH_UNIT ( ) NAMED_UNIT ( * ) SI_UNIT ( .MILLI., .METRE. ) );
#8729 = CARTESIAN_POINT ( 'NONE',  ( -32.99999999999998600, -3.000000000000000400, 50.00000000000000000 ) ) ;
#8730 = UNCERTAINTY_MEASURE_WITH_UNIT (LENGTH_MEASURE( 1.000000000000000100E-005 ), #6187, 'distance_accuracy_value', 'NONE');
#8731 = ORIENTED_EDGE ( 'NONE', *, *, #757, .F. ) ;
#8732 = EDGE_CURVE ( 'NONE', #2769, #1151, #2543, .T. ) ;
#8733 = COLOUR_RGB ( '',0.9686274509803921600, 0.8784313725490196000, 0.5999999999999999800 ) ;
#8734 = STYLED_ITEM ( 'NONE', ( #5827 ), #8961 ) ;
#8735 = ORIENTED_EDGE ( 'NONE', *, *, #3593, .F. ) ;
#8736 = EDGE_LOOP ( 'NONE', ( #10746, #1636, #11738, #1148 ) ) ;
#8737 = ORIENTED_EDGE ( 'NONE', *, *, #6186, .F. ) ;
#8738 = CARTESIAN_POINT ( 'NONE',  ( -1.199999999999997500, -0.8100000000000040500, 1.299999999999999200 ) ) ;
#8739 =( NAMED_UNIT ( * ) SI_UNIT ( $, .STERADIAN. ) SOLID_ANGLE_UNIT ( ) );
#8740 =( LENGTH_UNIT ( ) NAMED_UNIT ( * ) SI_UNIT ( .MILLI., .METRE. ) );
#8741 = CARTESIAN_POINT ( 'NONE',  ( -22.80000000000000100, -0.4500000000000076700, 0.0000000000000000000 ) ) ;
#8742 =( LENGTH_UNIT ( ) NAMED_UNIT ( * ) SI_UNIT ( .MILLI., .METRE. ) );
#8743 = PRESENTATION_LAYER_ASSIGNMENT (  '', '', ( #9372 ) ) ;
#8744 = ORIENTED_EDGE ( 'NONE', *, *, #5550, .F. ) ;
#8745 = VECTOR ( 'NONE', #4397, 1000.000000000000000 ) ;
#8746 = EDGE_LOOP ( 'NONE', ( #174, #83 ) ) ;
#8748 = DIRECTION ( 'NONE',  ( 0.0000000000000000000, -1.000000000000000000, -0.0000000000000000000 ) ) ;
#8747 = LINE ( 'NONE', #3972, #11208 ) ;
#8749 = PRESENTATION_LAYER_ASSIGNMENT (  '', '', ( #8167 ) ) ;
#8750 = EDGE_CURVE ( 'NONE', #6297, #7483, #7147, .T. ) ;
#8751 =( NAMED_UNIT ( * ) SI_UNIT ( $, .STERADIAN. ) SOLID_ANGLE_UNIT ( ) );
#8752 = CARTESIAN_POINT ( 'NONE',  ( -30.85999999999999600, 0.5000000000000000000, 41.84999999999998000 ) ) ;
#8753 = DIRECTION ( 'NONE',  ( -1.392979236598078500E-016, -1.000000000000000000, 0.0000000000000000000 ) ) ;
#8754 = CARTESIAN_POINT ( 'NONE',  ( -12.44000000000000100, -0.8100000000000010500, 1.299999999999999200 ) ) ;
#8755 = CARTESIAN_POINT ( 'NONE',  ( 34.39999999999999900, 2.899999999999999900, 45.00000000000001400 ) ) ;
#8756 = FACE_OUTER_BOUND ( 'NONE', #4713, .T. ) ;
#8757 = DIRECTION ( 'NONE',  ( -0.0000000000000000000, -1.000000000000000000, -0.0000000000000000000 ) ) ;
#8758 = LINE ( 'NONE', #5794, #11217 ) ;
#8759 = ORIENTED_EDGE ( 'NONE', *, *, #4568, .T. ) ;
#8760 = DIRECTION ( 'NONE',  ( 0.0000000000000000000, 1.000000000000000000, 0.0000000000000000000 ) ) ;
#8761 = DIRECTION ( 'NONE',  ( -0.0000000000000000000, 1.000000000000000000, -0.0000000000000000000 ) ) ;
#8762 = DIRECTION ( 'NONE',  ( -1.387778780781445900E-016, 0.0000000000000000000, -1.000000000000000000 ) ) ;
#8763 = DIRECTION ( 'NONE',  ( -0.0000000000000000000, 1.000000000000000000, -0.0000000000000000000 ) ) ;
#8764 = DIRECTION ( 'NONE',  ( -1.000000000000000000, 0.0000000000000000000, 0.0000000000000000000 ) ) ;
#8765 = EDGE_CURVE ( 'NONE', #11317, #2043, #4695, .T. ) ;
#8766 = PRESENTATION_STYLE_ASSIGNMENT (( #8409 ) ) ;
#8767 = DIRECTION ( 'NONE',  ( 1.668003342285391100E-017, 1.000000000000000000, -0.0000000000000000000 ) ) ;
#8768 = STYLED_ITEM ( 'NONE', ( #7740 ), #295 ) ;
#8769 = ADVANCED_FACE ( 'NONE', ( #4415 ), #3435, .T. ) ;
#8770 = CIRCLE ( 'NONE', #5967, 1.250000000000001100 ) ;
#8771 = CARTESIAN_POINT ( 'NONE',  ( -29.50000000000000400, 2.899999999999999900, -48.89999999999999900 ) ) ;
#8772 = ORIENTED_EDGE ( 'NONE', *, *, #2171, .F. ) ;
#8773 = VERTEX_POINT ( 'NONE', #7082 ) ;
#8774 = ORIENTED_EDGE ( 'NONE', *, *, #8963, .T. ) ;
#8775 = CARTESIAN_POINT ( 'NONE',  ( -34.39999999999999900, 3.500000000000000000, -50.00000000000000000 ) ) ;
#8776 = CARTESIAN_POINT ( 'NONE',  ( -6.999999999999998200, -1.950000000000000800, 7.000000000000000000 ) ) ;
#8777 = DIRECTION ( 'NONE',  ( -1.668003342285391100E-017, -1.000000000000000000, 0.0000000000000000000 ) ) ;
#8778 = CARTESIAN_POINT ( 'NONE',  ( 32.99999999999995700, -0.2999999999999999900, -49.39999999999999900 ) ) ;
#8779 = DIRECTION ( 'NONE',  ( -1.000000000000000000, 0.0000000000000000000, 0.0000000000000000000 ) ) ;
#8780 = VERTEX_POINT ( 'NONE', #7121 ) ;
#8781 = ADVANCED_FACE ( 'NONE', ( #1955 ), #11695, .F. ) ;
#8782 = DIRECTION ( 'NONE',  ( 0.0000000000000000000, 1.000000000000000000, 0.0000000000000000000 ) ) ;
#8783 = EDGE_LOOP ( 'NONE', ( #6875, #6955, #5591, #6645 ) ) ;
#8784 = ORIENTED_EDGE ( 'NONE', *, *, #79, .T. ) ;
#8785 = PRESENTATION_LAYER_ASSIGNMENT (  '', '', ( #7556 ) ) ;
#8786 = DIRECTION ( 'NONE',  ( 0.0000000000000000000, 0.0000000000000000000, 1.000000000000000000 ) ) ;
#8787 = VERTEX_POINT ( 'NONE', #10818 ) ;
#8788 = EDGE_CURVE ( 'NONE', #10424, #1996, #5972, .T. ) ;
#8789 = EDGE_CURVE ( 'NONE', #6422, #5652, #1113, .T. ) ;
#8790 = CARTESIAN_POINT ( 'NONE',  ( -5.899999999999998600, -1.950000000000001100, -20.72142852218446800 ) ) ;
#8791 = LINE ( 'NONE', #10787, #11539 ) ;
#8792 = ORIENTED_EDGE ( 'NONE', *, *, #8750, .F. ) ;
#8793 = DIRECTION ( 'NONE',  ( 0.0000000000000000000, 1.000000000000000000, 0.0000000000000000000 ) ) ;
#8794 = DIRECTION ( 'NONE',  ( -0.0000000000000000000, -1.000000000000000000, -0.0000000000000000000 ) ) ;
#8795 = FILL_AREA_STYLE ('',( #7901 ) ) ;
#8796 = ORIENTED_EDGE ( 'NONE', *, *, #818, .F. ) ;
#8797 = DIRECTION ( 'NONE',  ( 0.0000000000000000000, 0.0000000000000000000, 1.000000000000000000 ) ) ;
#8798 = ORIENTED_EDGE ( 'NONE', *, *, #10731, .T. ) ;
#8799 = UNCERTAINTY_MEASURE_WITH_UNIT (LENGTH_MEASURE( 1.000000000000000100E-005 ), #2506, 'distance_accuracy_value', 'NONE');
#8800 = CARTESIAN_POINT ( 'NONE',  ( -34.39999999999998400, 2.899999999999999900, -38.50000000000000700 ) ) ;
#8801 = VERTEX_POINT ( 'NONE', #5348 ) ;
#8802 = CARTESIAN_POINT ( 'NONE',  ( -33.89999999999998400, 3.500000000000000000, 37.59999999999998000 ) ) ;
#8803 = FACE_OUTER_BOUND ( 'NONE', #4951, .T. ) ;
#8804 = CARTESIAN_POINT ( 'NONE',  ( 13.10000000000000100, -0.9100000000000062500, 0.7000000000000030600 ) ) ;
#8805 = FILL_AREA_STYLE ('',( #5112 ) ) ;
#8806 = EDGE_CURVE ( 'NONE', #7737, #3682, #5690, .T. ) ;
#8807 = AXIS2_PLACEMENT_3D ( 'NONE', #422, #2267, #8682 ) ;
#8808 = ORIENTED_EDGE ( 'NONE', *, *, #11067, .T. ) ;
#8809 = DIRECTION ( 'NONE',  ( 0.7071067811865477900, 0.7071067811865473500, 0.0000000000000000000 ) ) ;
#8810 = PRESENTATION_LAYER_ASSIGNMENT (  '', '', ( #6986 ) ) ;
#8811 = DIRECTION ( 'NONE',  ( -0.0000000000000000000, -0.0000000000000000000, 1.000000000000000000 ) ) ;
#8812 = ORIENTED_EDGE ( 'NONE', *, *, #7124, .F. ) ;
#8813 = CIRCLE ( 'NONE', #5934, 0.7999999999999951600 ) ;
#8814 = PRESENTATION_STYLE_ASSIGNMENT (( #2568 ) ) ;
#8815 = ORIENTED_EDGE ( 'NONE', *, *, #9010, .T. ) ;
#8816 = DIRECTION ( 'NONE',  ( 8.659560562354979700E-017, 0.7071067811865439100, -0.7071067811865512400 ) ) ;
#8817 = DIRECTION ( 'NONE',  ( 0.0000000000000000000, 0.0000000000000000000, 1.000000000000000000 ) ) ;
#8818 =( NAMED_UNIT ( * ) SI_UNIT ( $, .STERADIAN. ) SOLID_ANGLE_UNIT ( ) );
#8819 = ORIENTED_EDGE ( 'NONE', *, *, #5055, .F. ) ;
#8820 = CARTESIAN_POINT ( 'NONE',  ( 0.0000000000000000000, 2.900000000000000400, 0.0000000000000000000 ) ) ;
#8821 = DIRECTION ( 'NONE',  ( -1.000000000000000000, -0.0000000000000000000, -0.0000000000000000000 ) ) ;
#8822 = ORIENTED_EDGE ( 'NONE', *, *, #5876, .T. ) ;
#8823 = FACE_OUTER_BOUND ( 'NONE', #4751, .T. ) ;
#8824 = CARTESIAN_POINT ( 'NONE',  ( 32.20000000000000300, 2.900000000000000400, 46.40000000000001300 ) ) ;
#8825 = VECTOR ( 'NONE', #752, 1000.000000000000000 ) ;
#8826 = LINE ( 'NONE', #7336, #3676 ) ;
#8827 =( NAMED_UNIT ( * ) SI_UNIT ( $, .STERADIAN. ) SOLID_ANGLE_UNIT ( ) );
#8828 = ADVANCED_FACE ( 'NONE', ( #826 ), #8999, .F. ) ;
#8829 = SURFACE_STYLE_FILL_AREA ( #5803 ) ;
#8830 = ORIENTED_EDGE ( 'NONE', *, *, #467, .T. ) ;
#8831 = ORIENTED_EDGE ( 'NONE', *, *, #4320, .T. ) ;
#8832 = MECHANICAL_DESIGN_GEOMETRIC_PRESENTATION_REPRESENTATION (  '', ( #7008 ), #9450 ) ;
#8833 = ORIENTED_EDGE ( 'NONE', *, *, #9459, .F. ) ;
#8834 = DIRECTION ( 'NONE',  ( 0.0000000000000000000, 0.0000000000000000000, -1.000000000000000000 ) ) ;
#8835 = CIRCLE ( 'NONE', #3724, 1.250000000000001100 ) ;
#8836 = CARTESIAN_POINT ( 'NONE',  ( -6.999999999999998200, -1.950000000000001100, 7.000000000000000000 ) ) ;
#8837 = DIRECTION ( 'NONE',  ( 0.0000000000000000000, -0.0000000000000000000, 1.000000000000000000 ) ) ;
#8838 = DIRECTION ( 'NONE',  ( 0.0000000000000000000, 0.0000000000000000000, -1.000000000000000000 ) ) ;
#8839 = PLANE ( 'NONE',  #9712 ) ;
#8840 = AXIS2_PLACEMENT_3D ( 'NONE', #7944, #8837, #3360 ) ;
#8841 = EDGE_CURVE ( 'NONE', #3433, #5785, #80, .T. ) ;
#8842 = CARTESIAN_POINT ( 'NONE',  ( 30.86000000000001700, -3.500000000000000000, 40.59999999999998000 ) ) ;
#8843 = EDGE_CURVE ( 'NONE', #1440, #4071, #8161, .T. ) ;
#8844 = CARTESIAN_POINT ( 'NONE',  ( -34.39999999999998400, -2.900000000000000400, 43.59999999999998700 ) ) ;
#8845 = DIRECTION ( 'NONE',  ( 1.000000000000000000, -2.409338161078899700E-016, 0.0000000000000000000 ) ) ;
#8846 = VECTOR ( 'NONE', #3540, 1000.000000000000000 ) ;
#8847 = ADVANCED_FACE ( 'NONE', ( #2969 ), #5107, .F. ) ;
#8848 = ORIENTED_EDGE ( 'NONE', *, *, #4263, .T. ) ;
#8849 = CARTESIAN_POINT ( 'NONE',  ( 16.60000000000000500, -0.8100000000000043800, 0.0000000000000000000 ) ) ;
#8850 = PLANE ( 'NONE',  #4481 ) ;
#8851 = LINE ( 'NONE', #3484, #3964 ) ;
#8852 = CARTESIAN_POINT ( 'NONE',  ( 14.39999999999999900, -4.815124837953332500, 1.300000000000002500 ) ) ;
#8853 = ORIENTED_EDGE ( 'NONE', *, *, #9129, .T. ) ;
#8854 = VECTOR ( 'NONE', #8613, 1000.000000000000000 ) ;
#8855 = CARTESIAN_POINT ( 'NONE',  ( -2.899999999999997700, -1.950000000000001300, 5.099999999999999600 ) ) ;
#8856 = LINE ( 'NONE', #11145, #1249 ) ;
#8857 = CIRCLE ( 'NONE', #998, 0.5000000000000004400 ) ;
#8858 = DIRECTION ( 'NONE',  ( 1.000000000000000000, 0.0000000000000000000, 0.0000000000000000000 ) ) ;
#8859 = SURFACE_STYLE_FILL_AREA ( #473 ) ;
#8861 = EDGE_CURVE ( 'NONE', #9804, #3855, #9999, .T. ) ;
#8860 = ORIENTED_EDGE ( 'NONE', *, *, #5681, .T. ) ;
#8862 = AXIS2_PLACEMENT_3D ( 'NONE', #7466, #1954, #8382 ) ;
#8863 = DIRECTION ( 'NONE',  ( -1.000000000000000000, 0.0000000000000000000, 0.0000000000000000000 ) ) ;
#8864 = CYLINDRICAL_SURFACE ( 'NONE', #6248, 0.5000000000000004400 ) ;
#8865 = CARTESIAN_POINT ( 'NONE',  ( 13.99999999999999800, -0.9100000000000071400, 0.7000000000000031800 ) ) ;
#8866 = AXIS2_PLACEMENT_3D ( 'NONE', #588, #7019, #1505 ) ;
#8867 = EDGE_CURVE ( 'NONE', #8066, #4529, #7551, .T. ) ;
#8868 = PLANE ( 'NONE',  #1566 ) ;
#8869 = ORIENTED_EDGE ( 'NONE', *, *, #7308, .T. ) ;
#8870 = VECTOR ( 'NONE', #6855, 1000.000000000000000 ) ;
#8872 = DIRECTION ( 'NONE',  ( -0.0000000000000000000, -0.0000000000000000000, 1.000000000000000000 ) ) ;
#8871 = VECTOR ( 'NONE', #4968, 1000.000000000000000 ) ;
#8873 = ORIENTED_EDGE ( 'NONE', *, *, #4884, .F. ) ;
#8874 = SURFACE_STYLE_FILL_AREA ( #567 ) ;
#8875 = ORIENTED_EDGE ( 'NONE', *, *, #9894, .F. ) ;
#8876 = COLOUR_RGB ( '',0.9686274509803921600, 0.8784313725490196000, 0.5999999999999999800 ) ;
#8877 = DIRECTION ( 'NONE',  ( 0.0000000000000000000, 0.0000000000000000000, 1.000000000000000000 ) ) ;
#8878 = LINE ( 'NONE', #8276, #1573 ) ;
#8879 = DIRECTION ( 'NONE',  ( -1.355252715606881000E-016, 0.0000000000000000000, -1.000000000000000000 ) ) ;
#8880 = DIRECTION ( 'NONE',  ( -1.210516988697407800E-016, -1.000000000000000000, 0.0000000000000000000 ) ) ;
#8881 = DIRECTION ( 'NONE',  ( 0.0000000000000000000, 1.000000000000000000, 0.0000000000000000000 ) ) ;
#8882 = ORIENTED_EDGE ( 'NONE', *, *, #4784, .T. ) ;
#8883 = FILL_AREA_STYLE_COLOUR ( '', #7640 ) ;
#8884 = EDGE_CURVE ( 'NONE', #11357, #6745, #5412, .T. ) ;
#8885 = PRESENTATION_LAYER_ASSIGNMENT (  '', '', ( #8284 ) ) ;
#8886 = DIRECTION ( 'NONE',  ( 0.0000000000000000000, -1.000000000000000000, 0.0000000000000000000 ) ) ;
#8887 = VERTEX_POINT ( 'NONE', #3592 ) ;
#8888 =( GEOMETRIC_REPRESENTATION_CONTEXT ( 3 ) GLOBAL_UNCERTAINTY_ASSIGNED_CONTEXT ( ( #8239 ) ) GLOBAL_UNIT_ASSIGNED_CONTEXT ( ( #7136, #1641, #8077 ) ) REPRESENTATION_CONTEXT ( 'NONE', 'WORKASPACE' ) );
#8889 = FILL_AREA_STYLE_COLOUR ( '', #9200 ) ;
#8890 = CARTESIAN_POINT ( 'NONE',  ( -34.39999999999997000, 2.899999999999999900, 43.09999999999998700 ) ) ;
#8891 = ADVANCED_BREP_SHAPE_REPRESENTATION ( '', ( #4102, #11927 ), #10697 ) ;
#8892 = FACE_BOUND ( 'NONE', #6797, .T. ) ;
#8893 = DIRECTION ( 'NONE',  ( 0.0000000000000000000, 1.000000000000000000, 0.0000000000000000000 ) ) ;
#8894 = DIRECTION ( 'NONE',  ( 0.0000000000000000000, 0.0000000000000000000, -1.000000000000000000 ) ) ;
#8895 = VECTOR ( 'NONE', #5234, 1000.000000000000000 ) ;
#8896 = CARTESIAN_POINT ( 'NONE',  ( 30.00000000000000400, 2.899999999999999900, -47.00000000000001400 ) ) ;
#8897 = CARTESIAN_POINT ( 'NONE',  ( -18.39999999999999100, 3.500000000000000000, -50.00000000000000000 ) ) ;
#8898 = ORIENTED_EDGE ( 'NONE', *, *, #2107, .F. ) ;
#8899 =( LENGTH_UNIT ( ) NAMED_UNIT ( * ) SI_UNIT ( .MILLI., .METRE. ) );
#8900 = PRESENTATION_LAYER_ASSIGNMENT (  '', '', ( #7658 ) ) ;
#8901 = VERTEX_POINT ( 'NONE', #874 ) ;
#8902 = ORIENTED_EDGE ( 'NONE', *, *, #2123, .F. ) ;
#8903 = LINE ( 'NONE', #10652, #4309 ) ;
#8904 = ADVANCED_FACE ( 'NONE', ( #9719 ), #11850, .F. ) ;
#8905 = CARTESIAN_POINT ( 'NONE',  ( -35.00000000000000000, 3.500000000000000000, -49.39999999999999900 ) ) ;
#8906 = EDGE_CURVE ( 'NONE', #9523, #1413, #4822, .T. ) ;
#8907 = CARTESIAN_POINT ( 'NONE',  ( 13.10000000000000100, -0.8100000000000042700, 0.7000000000000022900 ) ) ;
#8908 = ORIENTED_EDGE ( 'NONE', *, *, #741, .F. ) ;
#8909 = DIRECTION ( 'NONE',  ( 8.659560562354930400E-017, 0.7071067811865479100, -0.7071067811865472400 ) ) ;
#8910 = LINE ( 'NONE', #489, #4015 ) ;
#8911 = SURFACE_STYLE_USAGE ( .BOTH. , #2490 ) ;
#8912 = EDGE_LOOP ( 'NONE', ( #9504, #8177, #4453, #9395 ) ) ;
#8913 = LINE ( 'NONE', #1066, #6475 ) ;
#8914 = CARTESIAN_POINT ( 'NONE',  ( 8.800000000000002500, -0.9100000000000049200, 5.099999999999999600 ) ) ;
#8915 = DIRECTION ( 'NONE',  ( 0.0000000000000000000, 1.000000000000000000, 0.0000000000000000000 ) ) ;
#8916 = ADVANCED_FACE ( 'NONE', ( #10296 ), #2701, .F. ) ;
#8917 = CARTESIAN_POINT ( 'NONE',  ( 7.900000000000000400, -4.815124837953332500, 1.299999999999999600 ) ) ;
#8918 = AXIS2_PLACEMENT_3D ( 'NONE', #6067, #7010, #3321 ) ;
#8919 = LINE ( 'NONE', #6682, #4025 ) ;
#8920 = MECHANICAL_DESIGN_GEOMETRIC_PRESENTATION_REPRESENTATION (  '', ( #6465 ), #9522 ) ;
#8921 = FACE_OUTER_BOUND ( 'NONE', #1665, .T. ) ;
#8922 = EDGE_CURVE ( 'NONE', #9728, #4427, #11018, .T. ) ;
#8923 = ORIENTED_EDGE ( 'NONE', *, *, #3364, .F. ) ;
#8924 = ORIENTED_EDGE ( 'NONE', *, *, #73, .T. ) ;
#8925 = CARTESIAN_POINT ( 'NONE',  ( -33.89999999999998400, -2.899999999999999900, 43.59999999999998700 ) ) ;
#8926 = DIRECTION ( 'NONE',  ( 1.000000000000000000, 0.0000000000000000000, 0.0000000000000000000 ) ) ;
#8927 = CARTESIAN_POINT ( 'NONE',  ( -14.64000000000000100, -0.8100000000000015000, 1.299999999999999600 ) ) ;
#8928 =( NAMED_UNIT ( * ) PLANE_ANGLE_UNIT ( ) SI_UNIT ( $, .RADIAN. ) );
#8929 = FACE_OUTER_BOUND ( 'NONE', #318, .T. ) ;
#8930 = DIRECTION ( 'NONE',  ( 4.130293990421005200E-015, -1.000000000000000000, 0.0000000000000000000 ) ) ;
#8931 = LINE ( 'NONE', #4247, #6492 ) ;
#8932 = VECTOR ( 'NONE', #4054, 1000.000000000000000 ) ;
#8933 = DIRECTION ( 'NONE',  ( 0.0000000000000000000, 0.0000000000000000000, -1.000000000000000000 ) ) ;
#8934 = VERTEX_POINT ( 'NONE', #1851 ) ;
#8935 = FILL_AREA_STYLE ('',( #672 ) ) ;
#8937 = SURFACE_SIDE_STYLE ('',( #1263 ) ) ;
#8936 = AXIS2_PLACEMENT_3D ( 'NONE', #1271, #7683, #2175 ) ;
#8938 = CARTESIAN_POINT ( 'NONE',  ( -3.999999999999997300, 0.2899999999999992600, -20.72142852218446800 ) ) ;
#8939 = EDGE_CURVE ( 'NONE', #10768, #7654, #1529, .T. ) ;
#8940 = VERTEX_POINT ( 'NONE', #11929 ) ;
#8941 = ORIENTED_EDGE ( 'NONE', *, *, #11052, .T. ) ;
#8942 = EDGE_CURVE ( 'NONE', #9965, #7863, #3691, .T. ) ;
#8943 = LINE ( 'NONE', #8849, #1904 ) ;
#8944 = CONICAL_SURFACE ( 'NONE', #6035, 2.149999999999999000, 0.7853981633974479500 ) ;
#8945 = DIRECTION ( 'NONE',  ( 0.0000000000000000000, 0.0000000000000000000, 1.000000000000000000 ) ) ;
#8946 = ORIENTED_EDGE ( 'NONE', *, *, #4006, .F. ) ;
#8947 = DIRECTION ( 'NONE',  ( -2.409338161078899700E-016, -1.000000000000000000, -1.899788849813798600E-031 ) ) ;
#8948 = ORIENTED_EDGE ( 'NONE', *, *, #6487, .F. ) ;
#8949 = CARTESIAN_POINT ( 'NONE',  ( -10.90000000000000000, -4.815124837953328000, 1.300000000000000300 ) ) ;
#8950 = VERTEX_POINT ( 'NONE', #6471 ) ;
#8951 = DIRECTION ( 'NONE',  ( 1.000000000000000000, 0.0000000000000000000, 2.409338161078899700E-016 ) ) ;
#8952 = DIRECTION ( 'NONE',  ( 0.0000000000000000000, -1.000000000000000000, -0.0000000000000000000 ) ) ;
#8953 = FACE_OUTER_BOUND ( 'NONE', #4913, .T. ) ;
#8954 =( NAMED_UNIT ( * ) PLANE_ANGLE_UNIT ( ) SI_UNIT ( $, .RADIAN. ) );
#8955 = VECTOR ( 'NONE', #443, 1000.000000000000000 ) ;
#8956 = ORIENTED_EDGE ( 'NONE', *, *, #695, .F. ) ;
#8957 = EDGE_CURVE ( 'NONE', #8658, #5404, #6115, .T. ) ;
#8958 = STYLED_ITEM ( 'NONE', ( #11384 ), #7068 ) ;
#8959 =( LENGTH_UNIT ( ) NAMED_UNIT ( * ) SI_UNIT ( .MILLI., .METRE. ) );
#8960 = EDGE_CURVE ( 'NONE', #771, #7108, #6413, .T. ) ;
#8961 = ADVANCED_FACE ( 'NONE', ( #10733 ), #989, .F. ) ;
#8962 = VERTEX_POINT ( 'NONE', #10160 ) ;
#8963 = EDGE_CURVE ( 'NONE', #31, #5924, #7564, .T. ) ;
#8964 =( BOUNDED_CURVE ( )  B_SPLINE_CURVE ( 3, ( #248, #11265, #2098, #8514 ),
 .UNSPECIFIED., .F., .F. ) 
 B_SPLINE_CURVE_WITH_KNOTS ( ( 4, 4 ),
 ( 4.712388980384689700, 7.853981633974482800 ),
 .UNSPECIFIED. ) 
 CURVE ( )  GEOMETRIC_REPRESENTATION_ITEM ( )  RATIONAL_B_SPLINE_CURVE ( ( 1.000000000000000000, 0.3333333333333333700, 0.3333333333333333700, 1.000000000000000000 ) ) 
 REPRESENTATION_ITEM ( '' )  );
#8965 = ORIENTED_EDGE ( 'NONE', *, *, #579, .T. ) ;
#8966 = VECTOR ( 'NONE', #4726, 1000.000000000000000 ) ;
#8967 = VECTOR ( 'NONE', #9135, 1000.000000000000000 ) ;
#8968 = CARTESIAN_POINT ( 'NONE',  ( -22.80000000000000100, -0.4500000000000076700, 7.000000000000000000 ) ) ;
#8969 =( LENGTH_UNIT ( ) NAMED_UNIT ( * ) SI_UNIT ( .MILLI., .METRE. ) );
#8970 = CARTESIAN_POINT ( 'NONE',  ( 0.0000000000000000000, 0.2649999999999954600, 1.070000000000000700 ) ) ;
#8971 = SURFACE_SIDE_STYLE ('',( #6786 ) ) ;
#8972 = PLANE ( 'NONE',  #3932 ) ;
#8973 = ORIENTED_EDGE ( 'NONE', *, *, #4797, .T. ) ;
#8974 = DIRECTION ( 'NONE',  ( -0.0000000000000000000, -0.0000000000000000000, -1.000000000000000000 ) ) ;
#8975 = ORIENTED_EDGE ( 'NONE', *, *, #1349, .T. ) ;
#8976 = CARTESIAN_POINT ( 'NONE',  ( 3.819999999999999800, -0.9100000000000039200, -3.111100318418500300E-016 ) ) ;
#8977 = ORIENTED_EDGE ( 'NONE', *, *, #10805, .F. ) ;
#8978 = ADVANCED_FACE ( 'NONE', ( #232 ), #11132, .T. ) ;
#8979 = LINE ( 'NONE', #10371, #1660 ) ;
#8980 = PLANE ( 'NONE',  #3754 ) ;
#8981 = EDGE_CURVE ( 'NONE', #6783, #11184, #9726, .T. ) ;
#8982 =( GEOMETRIC_REPRESENTATION_CONTEXT ( 3 ) GLOBAL_UNCERTAINTY_ASSIGNED_CONTEXT ( ( #8299 ) ) GLOBAL_UNIT_ASSIGNED_CONTEXT ( ( #8959, #3476, #9883 ) ) REPRESENTATION_CONTEXT ( 'NONE', 'WORKASPACE' ) );
#8983 = STYLED_ITEM ( 'NONE', ( #9133 ), #3177 ) ;
#8984 = EDGE_LOOP ( 'NONE', ( #3789, #1253, #4060, #2236 ) ) ;
#8985 = DIRECTION ( 'NONE',  ( 1.000000000000000000, 0.0000000000000000000, -0.0000000000000000000 ) ) ;
#8986 = ORIENTED_EDGE ( 'NONE', *, *, #10268, .F. ) ;
#8987 =( LENGTH_UNIT ( ) NAMED_UNIT ( * ) SI_UNIT ( .MILLI., .METRE. ) );
#8988 = ORIENTED_EDGE ( 'NONE', *, *, #10731, .F. ) ;
#8989 =( GEOMETRIC_REPRESENTATION_CONTEXT ( 3 ) GLOBAL_UNCERTAINTY_ASSIGNED_CONTEXT ( ( #6908 ) ) GLOBAL_UNIT_ASSIGNED_CONTEXT ( ( #10047, #4552, #10983 ) ) REPRESENTATION_CONTEXT ( 'NONE', 'WORKASPACE' ) );
#8990 = LINE ( 'NONE', #9656, #1942 ) ;
#8991 = CARTESIAN_POINT ( 'NONE',  ( -16.34000000000000000, -0.8100000000000003900, 0.0000000000000000000 ) ) ;
#8992 = VECTOR ( 'NONE', #8909, 999.9999999999998900 ) ;
#8993 =( NAMED_UNIT ( * ) SI_UNIT ( $, .STERADIAN. ) SOLID_ANGLE_UNIT ( ) );
#8994 = DIRECTION ( 'NONE',  ( -0.0000000000000000000, 1.000000000000000000, -0.0000000000000000000 ) ) ;
#8995 = DIRECTION ( 'NONE',  ( -0.0000000000000000000, -1.000000000000000000, -0.0000000000000000000 ) ) ;
#8996 = LINE ( 'NONE', #2770, #11442 ) ;
#8997 = VERTEX_POINT ( 'NONE', #11166 ) ;
#8998 =( LENGTH_UNIT ( ) NAMED_UNIT ( * ) SI_UNIT ( .MILLI., .METRE. ) );
#8999 = PLANE ( 'NONE',  #759 ) ;
#9000 = EDGE_LOOP ( 'NONE', ( #8096, #43, #11903, #11524 ) ) ;
#9001 = PRODUCT_DEFINITION ( 'UNKNOWN', '', #3853, #3190 ) ;
#9002 = LINE ( 'NONE', #6135, #4114 ) ;
#9003 =( LENGTH_UNIT ( ) NAMED_UNIT ( * ) SI_UNIT ( .MILLI., .METRE. ) );
#9004 = ORIENTED_EDGE ( 'NONE', *, *, #2335, .F. ) ;
#9005 = CARTESIAN_POINT ( 'NONE',  ( 34.39999999999998400, 0.2999999999999999900, -49.39999999999999900 ) ) ;
#9006 = CARTESIAN_POINT ( 'NONE',  ( -30.85999999999999600, 10.74102034176674400, 43.09999999999998700 ) ) ;
#9007 = CARTESIAN_POINT ( 'NONE',  ( 30.86000000000001700, 0.5000000000000000000, 39.34999999999998000 ) ) ;
#9008 =( NAMED_UNIT ( * ) SI_UNIT ( $, .STERADIAN. ) SOLID_ANGLE_UNIT ( ) );
#9009 =( GEOMETRIC_REPRESENTATION_CONTEXT ( 3 ) GLOBAL_UNCERTAINTY_ASSIGNED_CONTEXT ( ( #7203 ) ) GLOBAL_UNIT_ASSIGNED_CONTEXT ( ( #11516, #6003, #504 ) ) REPRESENTATION_CONTEXT ( 'NONE', 'WORKASPACE' ) );
#9010 = EDGE_CURVE ( 'NONE', #7187, #3640, #4838, .T. ) ;
#9011 = STYLED_ITEM ( 'NONE', ( #8228 ), #38 ) ;
#9012 = DIRECTION ( 'NONE',  ( 0.0000000000000000000, 1.000000000000000000, 0.0000000000000000000 ) ) ;
#9013 = EDGE_LOOP ( 'NONE', ( #11846, #4008, #5024, #8524 ) ) ;
#9014 = COLOUR_RGB ( '',0.9686274509803921600, 0.8784313725490196000, 0.5999999999999999800 ) ;
#9015 = PRESENTATION_STYLE_ASSIGNMENT (( #2681 ) ) ;
#9016 = DIRECTION ( 'NONE',  ( 0.0000000000000000000, 0.0000000000000000000, 1.000000000000000000 ) ) ;
#9017 = DIRECTION ( 'NONE',  ( -1.141265444721583500E-016, 0.0000000000000000000, 1.000000000000000000 ) ) ;
#9018 = DIRECTION ( 'NONE',  ( -0.0000000000000000000, -1.000000000000000000, -0.0000000000000000000 ) ) ;
#9019 = ORIENTED_EDGE ( 'NONE', *, *, #10355, .F. ) ;
#9020 = ADVANCED_FACE ( 'NONE', ( #7292 ), #1101, .T. ) ;
#9021 = FACE_OUTER_BOUND ( 'NONE', #4437, .T. ) ;
#9022 = DIRECTION ( 'NONE',  ( 1.000000000000000000, 0.0000000000000000000, -0.0000000000000000000 ) ) ;
#9023 = ORIENTED_EDGE ( 'NONE', *, *, #11845, .F. ) ;
#9024 = FACE_OUTER_BOUND ( 'NONE', #346, .T. ) ;
#9025 = DIRECTION ( 'NONE',  ( -1.000000000000000000, 2.409338161078899700E-016, 0.0000000000000000000 ) ) ;
#9026 = ORIENTED_EDGE ( 'NONE', *, *, #1347, .T. ) ;
#9027 = AXIS2_PLACEMENT_3D ( 'NONE', #2874, #9294, #3792 ) ;
#9028 = CARTESIAN_POINT ( 'NONE',  ( -0.0000000000000000000, -1.069999999999999800, -0.2649999999999991800 ) ) ;
#9029 = EDGE_LOOP ( 'NONE', ( #5058, #4961, #10247, #2215 ) ) ;
#9030 = UNCERTAINTY_MEASURE_WITH_UNIT (LENGTH_MEASURE( 1.000000000000000100E-005 ), #1710, 'distance_accuracy_value', 'NONE');
#9031 = AXIS2_PLACEMENT_3D ( 'NONE', #8584, #3097, #9512 ) ;
#9032 = EDGE_CURVE ( 'NONE', #9546, #3663, #5122, .T. ) ;
#9033 = DIRECTION ( 'NONE',  ( -1.000000000000000000, 1.668003342285391100E-017, 0.0000000000000000000 ) ) ;
#9034 = VECTOR ( 'NONE', #11586, 1000.000000000000000 ) ;
#9035 = SURFACE_STYLE_USAGE ( .BOTH. , #2618 ) ;
#9036 = ADVANCED_FACE ( 'NONE', ( #4560 ), #6708, .F. ) ;
#9037 = VERTEX_POINT ( 'NONE', #5693 ) ;
#9038 = DIRECTION ( 'NONE',  ( 0.0000000000000000000, -1.000000000000000000, 0.0000000000000000000 ) ) ;
#9039 = PRESENTATION_STYLE_ASSIGNMENT (( #3609 ) ) ;
#9040 = CIRCLE ( 'NONE', #10078, 1.249999999999987100 ) ;
#9041 = CARTESIAN_POINT ( 'NONE',  ( 0.0000000000000000000, 0.0000000000000000000, 0.0000000000000000000 ) ) ;
#9042 = PRESENTATION_STYLE_ASSIGNMENT (( #9035 ) ) ;
#9043 = EDGE_LOOP ( 'NONE', ( #1887, #7842, #11777, #11100, #6403, #3363, #937, #3280 ) ) ;
#9044 = ORIENTED_EDGE ( 'NONE', *, *, #11052, .F. ) ;
#9045 = ORIENTED_EDGE ( 'NONE', *, *, #11934, .T. ) ;
#9046 = DIRECTION ( 'NONE',  ( 0.0000000000000000000, -1.000000000000000000, 0.0000000000000000000 ) ) ;
#9047 = CARTESIAN_POINT ( 'NONE',  ( 33.89999999999999900, -2.899999999999999900, -33.00000000000000000 ) ) ;
#9048 =( NAMED_UNIT ( * ) PLANE_ANGLE_UNIT ( ) SI_UNIT ( $, .RADIAN. ) );
#9049 = SURFACE_STYLE_FILL_AREA ( #3156 ) ;
#9050 = CARTESIAN_POINT ( 'NONE',  ( 34.39999999999999900, -2.900000000000000400, -50.00000000000000000 ) ) ;
#9051 = EDGE_CURVE ( 'NONE', #4843, #6929, #9156, .T. ) ;
#9052 = VECTOR ( 'NONE', #6642, 1000.000000000000000 ) ;
#9053 = PRESENTATION_LAYER_ASSIGNMENT (  '', '', ( #10913 ) ) ;
#9054 = ORIENTED_EDGE ( 'NONE', *, *, #4768, .F. ) ;
#9055 = LINE ( 'NONE', #9891, #1437 ) ;
#9056 = PRESENTATION_LAYER_ASSIGNMENT (  '', '', ( #7827 ) ) ;
#9057 = ORIENTED_EDGE ( 'NONE', *, *, #4414, .T. ) ;
#9058 =( NAMED_UNIT ( * ) SI_UNIT ( $, .STERADIAN. ) SOLID_ANGLE_UNIT ( ) );
#9059 = SURFACE_SIDE_STYLE ('',( #7742 ) ) ;
#9060 = DIRECTION ( 'NONE',  ( 0.0000000000000000000, 0.0000000000000000000, -1.000000000000000000 ) ) ;
#9061 = LINE ( 'NONE', #4156, #4171 ) ;
#9062 = DIRECTION ( 'NONE',  ( 0.0000000000000000000, 0.0000000000000000000, 1.000000000000000000 ) ) ;
#9063 = EDGE_LOOP ( 'NONE', ( #6564, #4773, #6249, #3999, #10682, #11763, #8063, #1081 ) ) ;
#9064 = CARTESIAN_POINT ( 'NONE',  ( -33.35999999999999200, 2.999999999999991600, -37.25000000000000000 ) ) ;
#9065 = DIRECTION ( 'NONE',  ( -0.0000000000000000000, -0.0000000000000000000, 1.000000000000000000 ) ) ;
#9066 = FACE_OUTER_BOUND ( 'NONE', #10519, .T. ) ;
#9067 = VECTOR ( 'NONE', #6251, 1000.000000000000000 ) ;
#9068 = DIRECTION ( 'NONE',  ( -1.387778780781445900E-016, 0.0000000000000000000, -1.000000000000000000 ) ) ;
#9069 = EDGE_LOOP ( 'NONE', ( #8278, #6755, #10813, #2951 ) ) ;
#9070 =( LENGTH_UNIT ( ) NAMED_UNIT ( * ) SI_UNIT ( .MILLI., .METRE. ) );
#9071 = MECHANICAL_DESIGN_GEOMETRIC_PRESENTATION_REPRESENTATION (  '', ( #7850 ), #9687 ) ;
#9072 = ORIENTED_EDGE ( 'NONE', *, *, #512, .F. ) ;
#9073 = DIRECTION ( 'NONE',  ( 0.8399832880181556900, 0.0000000000000000000, 0.5426122702724373000 ) ) ;
#9074 = CARTESIAN_POINT ( 'NONE',  ( 13.10000000000000100, -5.401102314577126900, 0.7000000000000030600 ) ) ;
#9075 = ORIENTED_EDGE ( 'NONE', *, *, #7857, .T. ) ;
#9076 =( GEOMETRIC_REPRESENTATION_CONTEXT ( 3 ) GLOBAL_UNCERTAINTY_ASSIGNED_CONTEXT ( ( #8099 ) ) GLOBAL_UNIT_ASSIGNED_CONTEXT ( ( #3874, #10301, #4787 ) ) REPRESENTATION_CONTEXT ( 'NONE', 'WORKASPACE' ) );
#9077 = EDGE_CURVE ( 'NONE', #10587, #5848, #7009, .T. ) ;
#9078 = EDGE_CURVE ( 'NONE', #7894, #4699, #532, .T. ) ;
#9079 = COLOUR_RGB ( '',0.9686274509803921600, 0.8784313725490196000, 0.5999999999999999800 ) ;
#9080 = LINE ( 'NONE', #2080, #6940 ) ;
#9081 = ORIENTED_EDGE ( 'NONE', *, *, #579, .F. ) ;
#9082 = DIRECTION ( 'NONE',  ( 1.000000000000000000, -2.409338161078899700E-016, 2.409338161078899700E-016 ) ) ;
#9083 = CARTESIAN_POINT ( 'NONE',  ( 34.39999999999999900, 2.899999999999999900, -45.00000000000001400 ) ) ;
#9084 = VERTEX_POINT ( 'NONE', #225 ) ;
#9085 = ORIENTED_EDGE ( 'NONE', *, *, #5993, .F. ) ;
#9086 = DIRECTION ( 'NONE',  ( 1.000000000000000000, -1.445602896647337900E-016, 0.0000000000000000000 ) ) ;
#9087 = SURFACE_SIDE_STYLE ('',( #6594 ) ) ;
#9088 = PRESENTATION_STYLE_ASSIGNMENT (( #9731 ) ) ;
#9089 = ADVANCED_FACE ( 'NONE', ( #1830 ), #9389, .F. ) ;
#9090 = VECTOR ( 'NONE', #8879, 1000.000000000000000 ) ;
#9091 = ORIENTED_EDGE ( 'NONE', *, *, #4779, .T. ) ;
#9092 =( LENGTH_UNIT ( ) NAMED_UNIT ( * ) SI_UNIT ( .MILLI., .METRE. ) );
#9093 = EDGE_CURVE ( 'NONE', #94, #1523, #987, .T. ) ;
#9094 = ORIENTED_EDGE ( 'NONE', *, *, #6945, .F. ) ;
#9095 = PLANE ( 'NONE',  #10292 ) ;
#9096 = CARTESIAN_POINT ( 'NONE',  ( -15.03999999999999900, -0.8100000000000006100, 0.7000000000000027300 ) ) ;
#9097 = VERTEX_POINT ( 'NONE', #2284 ) ;
#9098 = EDGE_CURVE ( 'NONE', #238, #8317, #5561, .T. ) ;
#9099 = DIRECTION ( 'NONE',  ( 0.0000000000000000000, -1.000000000000000000, 0.0000000000000000000 ) ) ;
#9100 = CARTESIAN_POINT ( 'NONE',  ( 15.69999999999999600, -4.815124837953332500, 5.099999999999999600 ) ) ;
#9101 = VERTEX_POINT ( 'NONE', #7795 ) ;
#9102 = DIRECTION ( 'NONE',  ( 0.0000000000000000000, -1.000000000000000000, 0.0000000000000000000 ) ) ;
#9103 = DIRECTION ( 'NONE',  ( -0.0000000000000000000, 1.000000000000000000, -0.0000000000000000000 ) ) ;
#9104 = DIRECTION ( 'NONE',  ( -0.7071067811865458000, 0.0000000000000000000, 0.7071067811865492400 ) ) ;
#9105 = UNCERTAINTY_MEASURE_WITH_UNIT (LENGTH_MEASURE( 1.000000000000000100E-005 ), #3719, 'distance_accuracy_value', 'NONE');
#9106 = ORIENTED_EDGE ( 'NONE', *, *, #6669, .T. ) ;
#9107 = PRESENTATION_STYLE_ASSIGNMENT (( #6336 ) ) ;
#9108 =( NAMED_UNIT ( * ) SI_UNIT ( $, .STERADIAN. ) SOLID_ANGLE_UNIT ( ) );
#9109 = FACE_OUTER_BOUND ( 'NONE', #4523, .T. ) ;
#9110 = FACE_OUTER_BOUND ( 'NONE', #8984, .T. ) ;
#9111 = EDGE_CURVE ( 'NONE', #9249, #8254, #10444, .T. ) ;
#9112 =( GEOMETRIC_REPRESENTATION_CONTEXT ( 3 ) GLOBAL_UNCERTAINTY_ASSIGNED_CONTEXT ( ( #261 ) ) GLOBAL_UNIT_ASSIGNED_CONTEXT ( ( #9324, #3823, #10253 ) ) REPRESENTATION_CONTEXT ( 'NONE', 'WORKASPACE' ) );
#9113 = DIRECTION ( 'NONE',  ( 1.000000000000000000, 0.0000000000000000000, -0.0000000000000000000 ) ) ;
#9114 = VERTEX_POINT ( 'NONE', #10562 ) ;
#9115 = EDGE_CURVE ( 'NONE', #8338, #2693, #3423, .T. ) ;
#9116 = STYLED_ITEM ( 'NONE', ( #4162 ), #2035 ) ;
#9117 = ORIENTED_EDGE ( 'NONE', *, *, #182, .T. ) ;
#9118 = VERTEX_POINT ( 'NONE', #471 ) ;
#9119 = DIRECTION ( 'NONE',  ( -0.0000000000000000000, -1.000000000000000000, -0.0000000000000000000 ) ) ;
#9120 = SURFACE_SIDE_STYLE ('',( #4594 ) ) ;
#9121 = CARTESIAN_POINT ( 'NONE',  ( 4.900000000000001200, -5.401102314577125100, 5.099999999999999600 ) ) ;
#9122 = VECTOR ( 'NONE', #3489, 999.9999999999998900 ) ;
#9123 = LINE ( 'NONE', #11876, #9407 ) ;
#9124 =( GEOMETRIC_REPRESENTATION_CONTEXT ( 3 ) GLOBAL_UNCERTAINTY_ASSIGNED_CONTEXT ( ( #10808 ) ) GLOBAL_UNIT_ASSIGNED_CONTEXT ( ( #4077, #10506, #4985 ) ) REPRESENTATION_CONTEXT ( 'NONE', 'WORKASPACE' ) );
#9125 = PLANE ( 'NONE',  #7411 ) ;
#9126 = DIRECTION ( 'NONE',  ( -0.0000000000000000000, -0.0000000000000000000, -1.000000000000000000 ) ) ;
#9127 = VERTEX_POINT ( 'NONE', #7836 ) ;
#9128 = ORIENTED_EDGE ( 'NONE', *, *, #6778, .T. ) ;
#9129 = EDGE_CURVE ( 'NONE', #2074, #1570, #680, .T. ) ;
#9130 = DIRECTION ( 'NONE',  ( 0.0000000000000000000, 1.000000000000000000, 0.0000000000000000000 ) ) ;
#9131 = AXIS2_PLACEMENT_3D ( 'NONE', #5726, #213, #6650 ) ;
#9132 = SURFACE_SIDE_STYLE ('',( #2143 ) ) ;
#9133 = PRESENTATION_STYLE_ASSIGNMENT (( #8656 ) ) ;
#9134 =( NAMED_UNIT ( * ) SI_UNIT ( $, .STERADIAN. ) SOLID_ANGLE_UNIT ( ) );
#9135 = DIRECTION ( 'NONE',  ( -0.0000000000000000000, -0.0000000000000000000, 1.000000000000000000 ) ) ;
#9136 = CARTESIAN_POINT ( 'NONE',  ( -34.39999999999998400, 10.74102034176674400, -33.50000000000000000 ) ) ;
#9137 = SURFACE_STYLE_FILL_AREA ( #5346 ) ;
#9138 = LINE ( 'NONE', #6258, #3962 ) ;
#9139 = ORIENTED_EDGE ( 'NONE', *, *, #5849, .T. ) ;
#9140 = AXIS2_PLACEMENT_3D ( 'NONE', #6021, #2363, #8779 ) ;
#9141 = DIRECTION ( 'NONE',  ( 1.404634393503487500E-016, 0.0000000000000000000, 1.000000000000000000 ) ) ;
#9142 = CARTESIAN_POINT ( 'NONE',  ( -30.86000000000000700, 1.999999999999999600, -34.75000000000000000 ) ) ;
#9143 = LINE ( 'NONE', #7131, #11295 ) ;
#9144 = DIRECTION ( 'NONE',  ( 1.000000000000000000, 0.0000000000000000000, 0.0000000000000000000 ) ) ;
#9145 =( GEOMETRIC_REPRESENTATION_CONTEXT ( 3 ) GLOBAL_UNCERTAINTY_ASSIGNED_CONTEXT ( ( #3466 ) ) GLOBAL_UNIT_ASSIGNED_CONTEXT ( ( #11117, #5611, #89 ) ) REPRESENTATION_CONTEXT ( 'NONE', 'WORKASPACE' ) );
#9146 =( LENGTH_UNIT ( ) NAMED_UNIT ( * ) SI_UNIT ( .MILLI., .METRE. ) );
#9147 =( NAMED_UNIT ( * ) SI_UNIT ( $, .STERADIAN. ) SOLID_ANGLE_UNIT ( ) );
#9148 = ORIENTED_EDGE ( 'NONE', *, *, #8249, .T. ) ;
#9149 = LINE ( 'NONE', #8566, #4267 ) ;
#9150 = CONICAL_SURFACE ( 'NONE', #4241, 0.7999999999999951600, 0.7853981633974536100 ) ;
#9151 = EDGE_CURVE ( 'NONE', #2623, #9523, #2837, .T. ) ;
#9152 = ADVANCED_FACE ( 'NONE', ( #4960 ), #81, .F. ) ;
#9153 = CYLINDRICAL_SURFACE ( 'NONE', #10436, 2.000000000000001800 ) ;
#9154 = CARTESIAN_POINT ( 'NONE',  ( 32.00000000000000000, 2.899999999999999900, -47.00000000000001400 ) ) ;
#9155 = APPLICATION_CONTEXT ( 'automotive_design' ) ;
#9156 = LINE ( 'NONE', #184, #11596 ) ;
#9157 = ORIENTED_EDGE ( 'NONE', *, *, #3588, .T. ) ;
#9158 =( NAMED_UNIT ( * ) SI_UNIT ( $, .STERADIAN. ) SOLID_ANGLE_UNIT ( ) );
#9159 = LINE ( 'NONE', #2773, #6711 ) ;
#9160 = EDGE_LOOP ( 'NONE', ( #6525, #10626, #9364, #10724 ) ) ;
#9161 = FILL_AREA_STYLE ('',( #914 ) ) ;
#9162 = CIRCLE ( 'NONE', #6357, 1.399999999999998600 ) ;
#9163 = CARTESIAN_POINT ( 'NONE',  ( 32.20000000000001700, -0.2999999999999999900, 45.65000000000002700 ) ) ;
#9164 = VECTOR ( 'NONE', #4020, 1000.000000000000000 ) ;
#9165 = DIRECTION ( 'NONE',  ( 0.0000000000000000000, 0.0000000000000000000, 1.000000000000000000 ) ) ;
#9167 = EDGE_CURVE ( 'NONE', #11388, #5924, #9870, .T. ) ;
#9166 = ORIENTED_EDGE ( 'NONE', *, *, #3550, .F. ) ;
#9168 = PRESENTATION_LAYER_ASSIGNMENT (  '', '', ( #7961 ) ) ;
#9169 = FILL_AREA_STYLE_COLOUR ( '', #4670 ) ;
#9170 = ORIENTED_EDGE ( 'NONE', *, *, #4287, .F. ) ;
#9171 = FACE_OUTER_BOUND ( 'NONE', #5921, .T. ) ;
#9172 = ORIENTED_EDGE ( 'NONE', *, *, #6894, .T. ) ;
#9173 = SURFACE_STYLE_FILL_AREA ( #10569 ) ;
#9174 = LINE ( 'NONE', #11821, #11326 ) ;
#9175 = VECTOR ( 'NONE', #7343, 1000.000000000000000 ) ;
#9176 = ORIENTED_EDGE ( 'NONE', *, *, #2747, .F. ) ;
#9177 = FACE_OUTER_BOUND ( 'NONE', #6631, .T. ) ;
#9178 = ORIENTED_EDGE ( 'NONE', *, *, #6160, .F. ) ;
#9179 = DIRECTION ( 'NONE',  ( 1.668003342285391100E-017, 1.000000000000000000, -0.0000000000000000000 ) ) ;
#9180 = UNCERTAINTY_MEASURE_WITH_UNIT (LENGTH_MEASURE( 1.000000000000000100E-005 ), #8310, 'distance_accuracy_value', 'NONE');
#9181 = CARTESIAN_POINT ( 'NONE',  ( 30.86000000000000700, -3.500000000000000000, -37.25000000000000700 ) ) ;
#9182 = LINE ( 'NONE', #8639, #11621 ) ;
#9183 = DIRECTION ( 'NONE',  ( 1.000000000000000000, 0.0000000000000000000, 2.409338161078899700E-016 ) ) ;
#9184 = FACE_OUTER_BOUND ( 'NONE', #11838, .T. ) ;
#9185 = AXIS2_PLACEMENT_3D ( 'NONE', #10107, #8273, #4610 ) ;
#9186 = EDGE_LOOP ( 'NONE', ( #991, #1849, #6807, #8453 ) ) ;
#9187 = CARTESIAN_POINT ( 'NONE',  ( 11.80000000000000100, -0.9100000000000062500, 0.7000000000000030600 ) ) ;
#9188 = PRESENTATION_STYLE_ASSIGNMENT (( #3634 ) ) ;
#9189 = CARTESIAN_POINT ( 'NONE',  ( -32.00000000000000000, -2.899999999999999900, 47.00000000000001400 ) ) ;
#9190 = ORIENTED_EDGE ( 'NONE', *, *, #9525, .F. ) ;
#9191 = EDGE_CURVE ( 'NONE', #10704, #8163, #7427, .T. ) ;
#9192 = PRESENTATION_LAYER_ASSIGNMENT (  '', '', ( #7981 ) ) ;
#9193 = ORIENTED_EDGE ( 'NONE', *, *, #8884, .T. ) ;
#9194 = LINE ( 'NONE', #7800, #6747 ) ;
#9195 = EDGE_CURVE ( 'NONE', #5640, #3161, #9573, .T. ) ;
#9196 = EDGE_CURVE ( 'NONE', #1774, #8801, #7148, .T. ) ;
#9197 = CARTESIAN_POINT ( 'NONE',  ( -9.999999999999998200, -0.9100000000000004800, 1.300000000000000300 ) ) ;
#9198 = CARTESIAN_POINT ( 'NONE',  ( -8.300000000000002500, -0.9100000000000010300, 5.100000000000000500 ) ) ;
#9199 = APPLICATION_PROTOCOL_DEFINITION ( 'draft international standard', 'automotive_design', 1998, #2780 ) ;
#9200 = COLOUR_RGB ( '',0.9686274509803921600, 0.8784313725490196000, 0.5999999999999999800 ) ;
#9201 = CARTESIAN_POINT ( 'NONE',  ( 16.60000000000000500, -0.8100000000000043800, 5.099999999999999600 ) ) ;
#9202 = ORIENTED_EDGE ( 'NONE', *, *, #7337, .T. ) ;
#9203 = LINE ( 'NONE', #1389, #4319 ) ;
#9204 = AXIS2_PLACEMENT_3D ( 'NONE', #4175, #10604, #5082 ) ;
#9205 = ORIENTED_EDGE ( 'NONE', *, *, #7702, .T. ) ;
#9206 = VECTOR ( 'NONE', #6518, 1000.000000000000000 ) ;
#9207 = DIRECTION ( 'NONE',  ( 1.000000000000000000, 2.077015656102498600E-017, -0.0000000000000000000 ) ) ;
#9208 =( NAMED_UNIT ( * ) PLANE_ANGLE_UNIT ( ) SI_UNIT ( $, .RADIAN. ) );
#9209 = CARTESIAN_POINT ( 'NONE',  ( 9.200000000000001100, -5.401102314577129500, 0.7000000000000001800 ) ) ;
#9210 = EDGE_CURVE ( 'NONE', #8950, #1732, #2545, .T. ) ;
#9211 = AXIS2_PLACEMENT_3D ( 'NONE', #482, #6924, #1419 ) ;
#9212 = AXIS2_PLACEMENT_3D ( 'NONE', #1572, #8012, #4121 ) ;
#9213 = LINE ( 'NONE', #4874, #6481 ) ;
#9214 = SURFACE_STYLE_USAGE ( .BOTH. , #2792 ) ;
#9215 = DIRECTION ( 'NONE',  ( 0.0000000000000000000, -0.4226182617407002200, -0.9063077870366494900 ) ) ;
#9216 = LINE ( 'NONE', #2762, #6765 ) ;
#9217 = ORIENTED_EDGE ( 'NONE', *, *, #2390, .T. ) ;
#9218 = ADVANCED_FACE ( 'NONE', ( #11740 ), #4252, .F. ) ;
#9219 = ORIENTED_EDGE ( 'NONE', *, *, #6503, .T. ) ;
#9220 = CARTESIAN_POINT ( 'NONE',  ( 33.00000000000001400, 2.899999999999999900, 49.39999999999999900 ) ) ;
#9221 = AXIS2_PLACEMENT_3D ( 'NONE', #537, #2332, #6972 ) ;
#9222 = VECTOR ( 'NONE', #10352, 1000.000000000000000 ) ;
#9223 = CARTESIAN_POINT ( 'NONE',  ( 1.757653333333334200, -0.1137733333333334600, -6.140779046884141400E-016 ) ) ;
#9224 = DIRECTION ( 'NONE',  ( -0.0000000000000000000, -0.0000000000000000000, -1.000000000000000000 ) ) ;
#9225 = CARTESIAN_POINT ( 'NONE',  ( -8.299999999999998900, -0.9100000000000010300, 0.6999999999999997300 ) ) ;
#9226 = CIRCLE ( 'NONE', #10518, 1.250000000000001100 ) ;
#9227 = LINE ( 'NONE', #10523, #8932 ) ;
#9228 = CARTESIAN_POINT ( 'NONE',  ( -35.00000000000000000, -3.000000000000000400, -50.00000000000000000 ) ) ;
#9229 = VERTEX_POINT ( 'NONE', #8776 ) ;
#9230 = CARTESIAN_POINT ( 'NONE',  ( -30.86000000000000700, -3.500000000000000000, -36.00000000000000700 ) ) ;
#9231 = DIRECTION ( 'NONE',  ( -1.000000000000000000, 1.392979236598078500E-016, -0.0000000000000000000 ) ) ;
#9232 = EDGE_LOOP ( 'NONE', ( #8473, #7389, #4165, #5910 ) ) ;
#9233 = SURFACE_STYLE_USAGE ( .BOTH. , #2810 ) ;
#9234 = EDGE_LOOP ( 'NONE', ( #3915, #8808, #6576, #4373 ) ) ;
#9235 = FILL_AREA_STYLE ('',( #981 ) ) ;
#9236 =( NAMED_UNIT ( * ) SI_UNIT ( $, .STERADIAN. ) SOLID_ANGLE_UNIT ( ) );
#9237 = VECTOR ( 'NONE', #1633, 1000.000000000000000 ) ;
#9238 =( LENGTH_UNIT ( ) NAMED_UNIT ( * ) SI_UNIT ( .MILLI., .METRE. ) );
#9239 =( GEOMETRIC_REPRESENTATION_CONTEXT ( 3 ) GLOBAL_UNCERTAINTY_ASSIGNED_CONTEXT ( ( #3749 ) ) GLOBAL_UNIT_ASSIGNED_CONTEXT ( ( #8998, #3510, #9923 ) ) REPRESENTATION_CONTEXT ( 'NONE', 'WORKASPACE' ) );
#9240 = CIRCLE ( 'NONE', #4798, 2.000000000000001800 ) ;
#9241 =( REPRESENTATION_RELATIONSHIP ('NONE','NONE', #1637, #6512 ) REPRESENTATION_RELATIONSHIP_WITH_TRANSFORMATION ( #4103 )SHAPE_REPRESENTATION_RELATIONSHIP( ) );
#9242 = ORIENTED_EDGE ( 'NONE', *, *, #10333, .T. ) ;
#9243 = DIRECTION ( 'NONE',  ( 0.0000000000000000000, 0.0000000000000000000, 1.000000000000000000 ) ) ;
#9244 = PRESENTATION_LAYER_ASSIGNMENT (  '', '', ( #8031 ) ) ;
#9245 = EDGE_CURVE ( 'NONE', #6488, #8589, #2241, .T. ) ;
#9246 = EDGE_LOOP ( 'NONE', ( #8923, #5466, #3804, #8330 ) ) ;
#9247 = SHAPE_REPRESENTATION ( 'SSD, ENCLOSING PLATE', ( #11927 ), #3077 ) ;
#9248 = EDGE_CURVE ( 'NONE', #5785, #3433, #4416, .T. ) ;
#9249 = VERTEX_POINT ( 'NONE', #8865 ) ;
#9250 = LINE ( 'NONE', #285, #2497 ) ;
#9251 = DIRECTION ( 'NONE',  ( -0.0000000000000000000, -1.000000000000000000, -0.0000000000000000000 ) ) ;
#9252 = DIRECTION ( 'NONE',  ( 0.0000000000000000000, 0.0000000000000000000, 1.000000000000000000 ) ) ;
#9253 = DIRECTION ( 'NONE',  ( 0.9063077870366496000, 0.0000000000000000000, 0.4226182617407002700 ) ) ;
#9254 = DIRECTION ( 'NONE',  ( -1.000000000000000000, 0.0000000000000000000, 0.0000000000000000000 ) ) ;
#9255 = LINE ( 'NONE', #9050, #1916 ) ;
#9256 = VERTEX_POINT ( 'NONE', #606 ) ;
#9257 = DIRECTION ( 'NONE',  ( 0.0000000000000000000, -1.000000000000000000, 0.0000000000000000000 ) ) ;
#9258 = CARTESIAN_POINT ( 'NONE',  ( -30.00000000000000400, 2.899999999999999900, 45.00000000000001400 ) ) ;
#9259 = VERTEX_POINT ( 'NONE', #5211 ) ;
#9260 = ORIENTED_EDGE ( 'NONE', *, *, #7724, .T. ) ;
#9261 = VECTOR ( 'NONE', #7455, 1000.000000000000000 ) ;
#9262 = LINE ( 'NONE', #7255, #11700 ) ;
#9263 = CARTESIAN_POINT ( 'NONE',  ( -32.20000000000000300, 2.150000000000010600, -48.00000000000000000 ) ) ;
#9264 = STYLED_ITEM ( 'NONE', ( #6835 ), #1275 ) ;
#9265 = EDGE_LOOP ( 'NONE', ( #9959, #2839, #3206, #3831 ) ) ;
#9266 = DIRECTION ( 'NONE',  ( 1.000000000000000000, 0.0000000000000000000, 0.0000000000000000000 ) ) ;
#9267 =( NAMED_UNIT ( * ) PLANE_ANGLE_UNIT ( ) SI_UNIT ( $, .RADIAN. ) );
#9268 =( GEOMETRIC_REPRESENTATION_CONTEXT ( 3 ) GLOBAL_UNCERTAINTY_ASSIGNED_CONTEXT ( ( #11837 ) ) GLOBAL_UNIT_ASSIGNED_CONTEXT ( ( #11027, #5523, #2532 ) ) REPRESENTATION_CONTEXT ( 'NONE', 'WORKASPACE' ) );
#9269 = UNCERTAINTY_MEASURE_WITH_UNIT (LENGTH_MEASURE( 1.000000000000000100E-005 ), #8214, 'distance_accuracy_value', 'NONE');
#9270 = EDGE_CURVE ( 'NONE', #2833, #8962, #9002, .T. ) ;
#9271 = ORIENTED_EDGE ( 'NONE', *, *, #5626, .F. ) ;
#9272 = EDGE_LOOP ( 'NONE', ( #2374, #11251, #6661, #1970 ) ) ;
#9273 = FACE_OUTER_BOUND ( 'NONE', #260, .T. ) ;
#9274 = VECTOR ( 'NONE', #8255, 1000.000000000000000 ) ;
#9275 = CARTESIAN_POINT ( 'NONE',  ( -11.21999999999999900, -0.9100000000000011400, 5.100000000000000500 ) ) ;
#9276 = ORIENTED_EDGE ( 'NONE', *, *, #5407, .T. ) ;
#9277 = DIRECTION ( 'NONE',  ( 0.0000000000000000000, -1.000000000000000000, 0.0000000000000000000 ) ) ;
#9278 = COLOUR_RGB ( '',0.8941176470588234600, 0.9137254901960784000, 0.9294117647058823800 ) ;
#9279 = ADVANCED_FACE ( 'NONE', ( #1957 ), #10297, .F. ) ;
#9280 = ORIENTED_EDGE ( 'NONE', *, *, #1112, .T. ) ;
#9281 = DIRECTION ( 'NONE',  ( 0.0000000000000000000, 0.0000000000000000000, 1.000000000000000000 ) ) ;
#9282 = ORIENTED_EDGE ( 'NONE', *, *, #3759, .F. ) ;
#9283 = CYLINDRICAL_SURFACE ( 'NONE', #11110, 0.5000000000000004400 ) ;
#9284 = EDGE_CURVE ( 'NONE', #4665, #5492, #3267, .T. ) ;
#9285 = CARTESIAN_POINT ( 'NONE',  ( -1.199999999999998800, -0.9100000000000041400, 5.099999999999999600 ) ) ;
#9286 = VECTOR ( 'NONE', #2259, 1000.000000000000000 ) ;
#9287 = LINE ( 'NONE', #643, #1943 ) ;
#9288 = AXIS2_PLACEMENT_3D ( 'NONE', #5483, #3679, #10091 ) ;
#9289 = CARTESIAN_POINT ( 'NONE',  ( -7.899999999999999500, -2.850000000000001000, 7.000000000000000000 ) ) ;
#9290 = CARTESIAN_POINT ( 'NONE',  ( -34.39999999999998400, 2.899999999999999900, 48.00000000000000000 ) ) ;
#9291 = ORIENTED_EDGE ( 'NONE', *, *, #8922, .T. ) ;
#9292 = DIRECTION ( 'NONE',  ( 0.0000000000000000000, 1.000000000000000000, 0.0000000000000000000 ) ) ;
#9293 = AXIS2_PLACEMENT_3D ( 'NONE', #8771, #3298, #9707 ) ;
#9294 = DIRECTION ( 'NONE',  ( -1.000000000000000000, -0.0000000000000000000, -1.387778780781445900E-016 ) ) ;
#9295 = ORIENTED_EDGE ( 'NONE', *, *, #10726, .F. ) ;
#9296 = VECTOR ( 'NONE', #2499, 1000.000000000000000 ) ;
#9297 = VECTOR ( 'NONE', #566, 1000.000000000000000 ) ;
#9298 = VERTEX_POINT ( 'NONE', #8052 ) ;
#9299 = CARTESIAN_POINT ( 'NONE',  ( -20.55000000000000100, 1.949999999999992000, 5.099999999999999600 ) ) ;
#9300 = CARTESIAN_POINT ( 'NONE',  ( -33.89999999999998400, 2.900000000000000400, -44.50000000000001400 ) ) ;
#9301 = FILL_AREA_STYLE ('',( #1043 ) ) ;
#9302 = EDGE_LOOP ( 'NONE', ( #3009, #1753, #7685, #1861 ) ) ;
#9303 = LINE ( 'NONE', #7347, #1962 ) ;
#9304 = CIRCLE ( 'NONE', #9391, 0.7999999999999951600 ) ;
#9305 = CARTESIAN_POINT ( 'NONE',  ( 0.0000000000000000000, 0.0000000000000000000, 0.0000000000000000000 ) ) ;
#9306 = COLOUR_RGB ( '',0.8941176470588234600, 0.9137254901960784000, 0.9294117647058823800 ) ;
#9307 = LINE ( 'NONE', #3110, #1967 ) ;
#9308 = STYLED_ITEM ( 'NONE', ( #7174 ), #11674 ) ;
#9309 = CARTESIAN_POINT ( 'NONE',  ( -17.17935378467900200, -1.170646215321008900, 6.899999999999999500 ) ) ;
#9310 = CARTESIAN_POINT ( 'NONE',  ( 22.80000000000000100, 2.849999999999991700, 7.000000000000000000 ) ) ;
#9311 = ORIENTED_EDGE ( 'NONE', *, *, #2999, .F. ) ;
#9312 = CARTESIAN_POINT ( 'NONE',  ( 22.80000000000000100, -0.4500000000000076700, 7.000000000000000000 ) ) ;
#9313 = PRESENTATION_LAYER_ASSIGNMENT (  '', '', ( #8674 ) ) ;
#9314 = ORIENTED_EDGE ( 'NONE', *, *, #6407, .T. ) ;
#9315 = CARTESIAN_POINT ( 'NONE',  ( -6.349999999999990800, 0.0000000000000000000, 0.0000000000000000000 ) ) ;
#9316 = EDGE_CURVE ( 'NONE', #5899, #2186, #8162, .T. ) ;
#9317 = ORIENTED_EDGE ( 'NONE', *, *, #11729, .F. ) ;
#9318 = PLANE ( 'NONE',  #4292 ) ;
#9319 = VECTOR ( 'NONE', #3633, 1000.000000000000000 ) ;
#9320 = SURFACE_STYLE_FILL_AREA ( #7502 ) ;
#9321 = VERTEX_POINT ( 'NONE', #1617 ) ;
#9322 = EDGE_LOOP ( 'NONE', ( #1478, #7835, #10471, #7638, #1409, #9610, #190, #6746 ) ) ;
#9323 = LINE ( 'NONE', #7916, #3728 ) ;
#9324 =( LENGTH_UNIT ( ) NAMED_UNIT ( * ) SI_UNIT ( .MILLI., .METRE. ) );
#9325 = ORIENTED_EDGE ( 'NONE', *, *, #6637, .T. ) ;
#9326 = DIRECTION ( 'NONE',  ( -0.8541717779369629700, -0.5199909362440923200, 0.0000000000000000000 ) ) ;
#9327 = LINE ( 'NONE', #9729, #6881 ) ;
#9328 = ORIENTED_EDGE ( 'NONE', *, *, #7983, .T. ) ;
#9329 = LINE ( 'NONE', #735, #9608 ) ;
#9330 = EDGE_CURVE ( 'NONE', #8245, #11613, #827, .T. ) ;
#9331 = EDGE_LOOP ( 'NONE', ( #6598, #2907, #8833, #7920 ) ) ;
#9332 = ORIENTED_EDGE ( 'NONE', *, *, #2471, .T. ) ;
#9333 = CARTESIAN_POINT ( 'NONE',  ( 12.69999999999999900, -0.8100000000000042700, 5.099999999999999600 ) ) ;
#9334 = LINE ( 'NONE', #10744, #2726 ) ;
#9335 = AXIS2_PLACEMENT_3D ( 'NONE', #6879, #2476, #4027 ) ;
#9336 = CARTESIAN_POINT ( 'NONE',  ( 0.0000000000000000000, 0.0000000000000000000, 7.000000000000000000 ) ) ;
#9337 = ORIENTED_EDGE ( 'NONE', *, *, #6570, .T. ) ;
#9338 = UNCERTAINTY_MEASURE_WITH_UNIT (LENGTH_MEASURE( 1.000000000000000100E-005 ), #2788, 'distance_accuracy_value', 'NONE');
#9339 = ADVANCED_FACE ( 'NONE', ( #7862 ), #11727, .F. ) ;
#9340 = EDGE_CURVE ( 'NONE', #5420, #11168, #6696, .T. ) ;
#9341 = VECTOR ( 'NONE', #3993, 1000.000000000000000 ) ;
#9342 = VECTOR ( 'NONE', #6566, 1000.000000000000000 ) ;
#9343 = ORIENTED_EDGE ( 'NONE', *, *, #9943, .F. ) ;
#9344 = LINE ( 'NONE', #9775, #6905 ) ;
#9345 = EDGE_LOOP ( 'NONE', ( #1657, #888, #9659, #7416 ) ) ;
#9346 =( NAMED_UNIT ( * ) PLANE_ANGLE_UNIT ( ) SI_UNIT ( $, .RADIAN. ) );
#9347 = CARTESIAN_POINT ( 'NONE',  ( 5.300000000000001600, -0.8100000000000041600, 0.7000000000000010700 ) ) ;
#9348 = SURFACE_STYLE_USAGE ( .BOTH. , #2925 ) ;
#9349 = CARTESIAN_POINT ( 'NONE',  ( -30.00000000000000400, 2.899999999999999900, -48.89999999999999900 ) ) ;
#9350 = CARTESIAN_POINT ( 'NONE',  ( -9.999999999999998200, -4.815124837953328000, 5.100000000000000500 ) ) ;
#9351 = EDGE_CURVE ( 'NONE', #1929, #6770, #2089, .T. ) ;
#9352 = PRODUCT_DEFINITION_SHAPE ( 'NONE', 'NONE',  #11938 ) ;
#9353 = EDGE_CURVE ( 'NONE', #9414, #8901, #4256, .T. ) ;
#9354 =( NAMED_UNIT ( * ) PLANE_ANGLE_UNIT ( ) SI_UNIT ( $, .RADIAN. ) );
#9355 = CARTESIAN_POINT ( 'NONE',  ( 29.50000000000000000, -2.900000000000000400, 48.89999999999999900 ) ) ;
#9356 = ORIENTED_EDGE ( 'NONE', *, *, #3399, .F. ) ;
#9357 = PRESENTATION_LAYER_ASSIGNMENT (  '', '', ( #8148 ) ) ;
#9358 = LINE ( 'NONE', #11798, #3621 ) ;
#9359 = ORIENTED_EDGE ( 'NONE', *, *, #3348, .F. ) ;
#9360 =( LENGTH_UNIT ( ) NAMED_UNIT ( * ) SI_UNIT ( .MILLI., .METRE. ) );
#9361 = CARTESIAN_POINT ( 'NONE',  ( -30.86000000000000700, 0.5000000000000000000, -37.25000000000000700 ) ) ;
#9362 = CARTESIAN_POINT ( 'NONE',  ( -34.99999999999999300, 0.5000000000000000000, 40.59999999999998000 ) ) ;
#9363 = EDGE_CURVE ( 'NONE', #483, #7585, #9138, .T. ) ;
#9364 = ORIENTED_EDGE ( 'NONE', *, *, #4851, .F. ) ;
#9365 = PRESENTATION_LAYER_ASSIGNMENT (  '', '', ( #8734 ) ) ;
#9366 = CARTESIAN_POINT ( 'NONE',  ( 32.20000000000000300, 2.900000000000000400, 45.65000000000001300 ) ) ;
#9367 = EDGE_LOOP ( 'NONE', ( #5334, #4237, #8340, #2620 ) ) ;
#9368 = CARTESIAN_POINT ( 'NONE',  ( 21.30000000000000100, -2.850000000000001000, 7.000000000000000000 ) ) ;
#9369 = LINE ( 'NONE', #6629, #7220 ) ;
#9370 = ORIENTED_EDGE ( 'NONE', *, *, #11278, .F. ) ;
#9371 = CARTESIAN_POINT ( 'NONE',  ( 33.00000000000000000, -3.500000000000000000, -48.00000000000000000 ) ) ;
#9372 = STYLED_ITEM ( 'NONE', ( #4746 ), #11089 ) ;
#9373 = SURFACE_STYLE_USAGE ( .BOTH. , #2956 ) ;
#9374 = ORIENTED_EDGE ( 'NONE', *, *, #9077, .T. ) ;
#9375 = EDGE_LOOP ( 'NONE', ( #11143, #3029, #11832, #2242 ) ) ;
#9376 = MECHANICAL_DESIGN_GEOMETRIC_PRESENTATION_REPRESENTATION (  '', ( #8167 ), #9988 ) ;
#9377 = CARTESIAN_POINT ( 'NONE',  ( -30.86000000000000700, -3.500000000000000000, -36.00000000000000700 ) ) ;
#9378 = EDGE_CURVE ( 'NONE', #6360, #8887, #6415, .T. ) ;
#9379 = LINE ( 'NONE', #3282, #2325 ) ;
#9380 = LINE ( 'NONE', #7989, #2049 ) ;
#9381 = DIRECTION ( 'NONE',  ( 0.0000000000000000000, 0.0000000000000000000, 1.000000000000000000 ) ) ;
#9382 = VERTEX_POINT ( 'NONE', #5379 ) ;
#9383 = DIRECTION ( 'NONE',  ( -0.0000000000000000000, -0.0000000000000000000, -1.000000000000000000 ) ) ;
#9384 = DIRECTION ( 'NONE',  ( -0.0000000000000000000, -0.0000000000000000000, 1.000000000000000000 ) ) ;
#9385 = ORIENTED_EDGE ( 'NONE', *, *, #1949, .T. ) ;
#9386 = CARTESIAN_POINT ( 'NONE',  ( -32.20000000000001700, 0.2999999999999999900, -47.20000000000001700 ) ) ;
#9387 = EDGE_LOOP ( 'NONE', ( #7734, #10261, #7312, #10660 ) ) ;
#9388 = ADVANCED_FACE ( 'NONE', ( #1532, #8544, #11292 ), #11804, .F. ) ;
#9389 = PLANE ( 'NONE',  #7995 ) ;
#9390 = ORIENTED_EDGE ( 'NONE', *, *, #9460, .T. ) ;
#9391 = AXIS2_PLACEMENT_3D ( 'NONE', #8155, #2643, #9060 ) ;
#9392 = EDGE_CURVE ( 'NONE', #3425, #3967, #1244, .T. ) ;
#9393 = AXIS2_PLACEMENT_3D ( 'NONE', #8722, #5999, #501 ) ;
#9394 = DIRECTION ( 'NONE',  ( 0.0000000000000000000, 1.000000000000000000, 0.0000000000000000000 ) ) ;
#9395 = ORIENTED_EDGE ( 'NONE', *, *, #6389, .T. ) ;
#9396 = FILL_AREA_STYLE ('',( #1137 ) ) ;
#9397 = LINE ( 'NONE', #1414, #4525 ) ;
#9398 = DIRECTION ( 'NONE',  ( 7.885106708985486100E-016, 0.0000000000000000000, -1.000000000000000000 ) ) ;
#9399 = LINE ( 'NONE', #6086, #11562 ) ;
#9400 =( NAMED_UNIT ( * ) SI_UNIT ( $, .STERADIAN. ) SOLID_ANGLE_UNIT ( ) );
#9401 = ORIENTED_EDGE ( 'NONE', *, *, #2524, .T. ) ;
#9402 = VERTEX_POINT ( 'NONE', #1731 ) ;
#9403 = EDGE_LOOP ( 'NONE', ( #7149, #2917, #6826, #9458 ) ) ;
#9404 = AXIS2_PLACEMENT_3D ( 'NONE', #4858, #8541, #8583 ) ;
#9405 = VECTOR ( 'NONE', #8974, 1000.000000000000000 ) ;
#9406 = DIRECTION ( 'NONE',  ( 1.000000000000000000, -2.409338161078899700E-016, 1.204669080539449800E-016 ) ) ;
#9407 = VECTOR ( 'NONE', #5463, 1000.000000000000000 ) ;
#9408 = PLANE ( 'NONE',  #10061 ) ;
#9409 = CARTESIAN_POINT ( 'NONE',  ( 12.69999999999999900, -5.401102314577126900, 0.7000000000000031800 ) ) ;
#9410 = MECHANICAL_DESIGN_GEOMETRIC_PRESENTATION_REPRESENTATION (  '', ( #7556 ), #10029 ) ;
#9411 = EDGE_CURVE ( 'NONE', #11406, #9084, #8288, .T. ) ;
#9412 = EDGE_CURVE ( 'NONE', #2844, #1072, #3692, .T. ) ;
#9413 = DIRECTION ( 'NONE',  ( 0.0000000000000000000, 0.0000000000000000000, -1.000000000000000000 ) ) ;
#9414 = VERTEX_POINT ( 'NONE', #860 ) ;
#9415 = CARTESIAN_POINT ( 'NONE',  ( 34.50000000000001400, -3.000000000000000400, 48.00000000000000000 ) ) ;
#9416 = CARTESIAN_POINT ( 'NONE',  ( 0.0000000000000000000, 2.900000000000000400, 0.0000000000000000000 ) ) ;
#9417 = LINE ( 'NONE', #2194, #6994 ) ;
#9418 = CARTESIAN_POINT ( 'NONE',  ( 32.20000000000001700, 0.2999999999999999900, 49.35000000000001600 ) ) ;
#9419 = CARTESIAN_POINT ( 'NONE',  ( -30.86000000000000700, 0.5000000000000000000, -37.25000000000000700 ) ) ;
#9420 = ORIENTED_EDGE ( 'NONE', *, *, #8624, .T. ) ;
#9421 = EDGE_CURVE ( 'NONE', #6138, #4093, #10736, .T. ) ;
#9422 = AXIS2_PLACEMENT_3D ( 'NONE', #10591, #5074, #11517 ) ;
#9423 =( NAMED_UNIT ( * ) SI_UNIT ( $, .STERADIAN. ) SOLID_ANGLE_UNIT ( ) );
#9424 = SURFACE_STYLE_FILL_AREA ( #749 ) ;
#9425 = MECHANICAL_DESIGN_GEOMETRIC_PRESENTATION_REPRESENTATION (  '', ( #6986 ), #10054 ) ;
#9426 = DIRECTION ( 'NONE',  ( 0.0000000000000000000, -1.000000000000000000, 0.0000000000000000000 ) ) ;
#9427 = ORIENTED_EDGE ( 'NONE', *, *, #817, .T. ) ;
#9428 = LINE ( 'NONE', #5810, #2096 ) ;
#9429 = LINE ( 'NONE', #5604, #7006 ) ;
#9430 = LINE ( 'NONE', #11454, #4559 ) ;
#9431 = DIRECTION ( 'NONE',  ( -1.387778780781445900E-016, 0.0000000000000000000, -1.000000000000000000 ) ) ;
#9432 = CARTESIAN_POINT ( 'NONE',  ( -29.50000000000000400, 2.899999999999999900, -49.39999999999999900 ) ) ;
#9433 = SURFACE_STYLE_FILL_AREA ( #1167 ) ;
#9434 = EDGE_LOOP ( 'NONE', ( #9955, #3720, #9466, #49 ) ) ;
#9435 = STYLED_ITEM ( 'NONE', ( #1162 ), #10475 ) ;
#9436 = DIRECTION ( 'NONE',  ( 1.000000000000000000, 0.0000000000000000000, -1.387778780781445900E-016 ) ) ;
#9437 = ADVANCED_FACE ( 'NONE', ( #972 ), #5464, .F. ) ;
#9438 = ORIENTED_EDGE ( 'NONE', *, *, #10118, .T. ) ;
#9439 = PRESENTATION_STYLE_ASSIGNMENT (( #2662 ) ) ;
#9440 = VECTOR ( 'NONE', #10677, 1000.000000000000000 ) ;
#9441 = CIRCLE ( 'NONE', #4520, 1.249999999999987100 ) ;
#9442 = LINE ( 'NONE', #11417, #8871 ) ;
#9443 = PRESENTATION_STYLE_ASSIGNMENT (( #2940 ) ) ;
#9444 = VERTEX_POINT ( 'NONE', #8205 ) ;
#9445 = CARTESIAN_POINT ( 'NONE',  ( 15.69999999999999600, -0.9100000000000074700, 5.099999999999999600 ) ) ;
#9446 = CARTESIAN_POINT ( 'NONE',  ( -32.20000000000001700, 0.2999999999999999900, -47.20000000000001700 ) ) ;
#9447 = CARTESIAN_POINT ( 'NONE',  ( 33.00000000000000000, 3.500000000000000000, -48.00000000000000000 ) ) ;
#9448 = ORIENTED_EDGE ( 'NONE', *, *, #10080, .F. ) ;
#9449 = LINE ( 'NONE', #8698, #4578 ) ;
#9450 =( GEOMETRIC_REPRESENTATION_CONTEXT ( 3 ) GLOBAL_UNCERTAINTY_ASSIGNED_CONTEXT ( ( #1241 ) ) GLOBAL_UNIT_ASSIGNED_CONTEXT ( ( #1327, #7754, #2237 ) ) REPRESENTATION_CONTEXT ( 'NONE', 'WORKASPACE' ) );
#9451 = CARTESIAN_POINT ( 'NONE',  ( -35.00000000000000000, -3.000000000000000400, -49.50000000000000000 ) ) ;
#9452 = ADVANCED_FACE ( 'NONE', ( #10433 ), #10968, .F. ) ;
#9453 = PLANE ( 'NONE',  #2637 ) ;
#9454 = DIRECTION ( 'NONE',  ( 0.0000000000000000000, 0.0000000000000000000, 1.000000000000000000 ) ) ;
#9455 = ORIENTED_EDGE ( 'NONE', *, *, #9807, .T. ) ;
#9456 = VECTOR ( 'NONE', #2504, 1000.000000000000000 ) ;
#9457 = CARTESIAN_POINT ( 'NONE',  ( -16.94999999999999200, -1.100000000000002100, -49.39999999999999900 ) ) ;
#9459 = EDGE_CURVE ( 'NONE', #3663, #9097, #5551, .T. ) ;
#9458 = ORIENTED_EDGE ( 'NONE', *, *, #6587, .F. ) ;
#9460 = EDGE_CURVE ( 'NONE', #7000, #1053, #3412, .T. ) ;
#9461 = EDGE_LOOP ( 'NONE', ( #760, #2203, #2116, #4190, #686, #3997, #11127, #5731, #4489, #5821, #7322, #11237, #1678, #3512, #3800, #11048, #2488, #11750, #703, #5656 ) ) ;
#9462 = VECTOR ( 'NONE', #3333, 1000.000000000000000 ) ;
#9463 = VECTOR ( 'NONE', #6761, 1000.000000000000000 ) ;
#9464 = ORIENTED_EDGE ( 'NONE', *, *, #8329, .T. ) ;
#9465 = FACE_OUTER_BOUND ( 'NONE', #9186, .T. ) ;
#9466 = ORIENTED_EDGE ( 'NONE', *, *, #5836, .T. ) ;
#9467 = VERTEX_POINT ( 'NONE', #939 ) ;
#9468 = LINE ( 'NONE', #3171, #7050 ) ;
#9469 = PLANE ( 'NONE',  #7143 ) ;
#9470 = UNCERTAINTY_MEASURE_WITH_UNIT (LENGTH_MEASURE( 1.000000000000000100E-005 ), #7080, 'distance_accuracy_value', 'NONE');
#9471 = DIRECTION ( 'NONE',  ( -0.0000000000000000000, -1.000000000000000000, -0.0000000000000000000 ) ) ;
#9472 =( NAMED_UNIT ( * ) SI_UNIT ( $, .STERADIAN. ) SOLID_ANGLE_UNIT ( ) );
#9473 = DIRECTION ( 'NONE',  ( -1.355252715606881000E-016, 0.0000000000000000000, -1.000000000000000000 ) ) ;
#9474 = EDGE_CURVE ( 'NONE', #11378, #10055, #5257, .T. ) ;
#9475 = LINE ( 'NONE', #10752, #4602 ) ;
#9476 = AXIS2_PLACEMENT_3D ( 'NONE', #9355, #3849, #10277 ) ;
#9478 = ORIENTED_EDGE ( 'NONE', *, *, #7339, .T. ) ;
#9477 = CARTESIAN_POINT ( 'NONE',  ( 30.86000000000000700, 2.899999999999999900, -33.50000000000000000 ) ) ;
#9479 = ORIENTED_EDGE ( 'NONE', *, *, #2999, .T. ) ;
#9480 = LINE ( 'NONE', #3184, #2451 ) ;
#9481 = AXIS2_PLACEMENT_3D ( 'NONE', #6114, #7949, #10709 ) ;
#9482 = CIRCLE ( 'NONE', #3229, 2.000000000000001800 ) ;
#9483 = EDGE_CURVE ( 'NONE', #611, #2740, #10144, .T. ) ;
#9484 = SURFACE_SIDE_STYLE ('',( #8472 ) ) ;
#9485 = CARTESIAN_POINT ( 'NONE',  ( -9.599999999999999600, -4.815124837953328000, 1.299999999999999600 ) ) ;
#9486 = VECTOR ( 'NONE', #1873, 1000.000000000000000 ) ;
#9487 = SURFACE_SIDE_STYLE ('',( #11085 ) ) ;
#9488 = ORIENTED_EDGE ( 'NONE', *, *, #5168, .T. ) ;
#9489 = DIRECTION ( 'NONE',  ( 0.0000000000000000000, 0.0000000000000000000, 1.000000000000000000 ) ) ;
#9490 = ORIENTED_EDGE ( 'NONE', *, *, #977, .T. ) ;
#9491 = CARTESIAN_POINT ( 'NONE',  ( -20.55000000000000100, -1.170646215321008900, 6.899999999999999500 ) ) ;
#9492 = CARTESIAN_POINT ( 'NONE',  ( 33.89999999999999900, -2.900000000000000400, -38.50000000000000700 ) ) ;
#9493 = DIRECTION ( 'NONE',  ( -1.000000000000000000, 1.392979236598078500E-016, 0.0000000000000000000 ) ) ;
#9494 = EDGE_CURVE ( 'NONE', #5393, #671, #2824, .T. ) ;
#9495 = MECHANICAL_DESIGN_GEOMETRIC_PRESENTATION_REPRESENTATION (  '', ( #8284 ), #10119 ) ;
#9496 = VECTOR ( 'NONE', #5728, 1000.000000000000200 ) ;
#9497 = CARTESIAN_POINT ( 'NONE',  ( 32.20000000000000300, -2.580688495222049000, -47.20000000000000300 ) ) ;
#9498 = DIRECTION ( 'NONE',  ( -0.0000000000000000000, 1.000000000000000000, -0.0000000000000000000 ) ) ;
#9499 = ADVANCED_FACE ( 'NONE', ( #4950 ), #976, .F. ) ;
#9500 = CIRCLE ( 'NONE', #8080, 0.5000000000000004400 ) ;
#9501 = ORIENTED_EDGE ( 'NONE', *, *, #2168, .T. ) ;
#9502 = ORIENTED_EDGE ( 'NONE', *, *, #7040, .F. ) ;
#9503 = MECHANICAL_DESIGN_GEOMETRIC_PRESENTATION_REPRESENTATION (  '', ( #7658 ), #10130 ) ;
#9504 = ORIENTED_EDGE ( 'NONE', *, *, #9115, .F. ) ;
#9505 = CARTESIAN_POINT ( 'NONE',  ( -34.39999999999997000, 10.74102034176674400, 38.09999999999998000 ) ) ;
#9506 = CARTESIAN_POINT ( 'NONE',  ( 34.39999999999999900, 3.500000000000000000, -50.00000000000000000 ) ) ;
#9507 = EDGE_CURVE ( 'NONE', #10916, #2132, #8996, .T. ) ;
#9508 = VECTOR ( 'NONE', #5476, 1000.000000000000000 ) ;
#9509 = EDGE_LOOP ( 'NONE', ( #6346, #9844, #5458, #1067 ) ) ;
#9510 = ADVANCED_FACE ( 'NONE', ( #11152 ), #1881, .T. ) ;
#9511 = CARTESIAN_POINT ( 'NONE',  ( 18.55000000000000400, 1.269999999999992000, 5.099999999999999600 ) ) ;
#9512 = DIRECTION ( 'NONE',  ( 0.0000000000000000000, 0.0000000000000000000, 1.000000000000000000 ) ) ;
#9513 = ORIENTED_EDGE ( 'NONE', *, *, #4011, .T. ) ;
#9514 = ORIENTED_EDGE ( 'NONE', *, *, #1323, .T. ) ;
#9515 = ORIENTED_EDGE ( 'NONE', *, *, #10080, .T. ) ;
#9516 = CYLINDRICAL_SURFACE ( 'NONE', #3034, 2.000000000000001800 ) ;
#9517 = CARTESIAN_POINT ( 'NONE',  ( -34.39999999999999900, 3.500000000000000000, -39.00000000000000700 ) ) ;
#9518 = ORIENTED_EDGE ( 'NONE', *, *, #11408, .T. ) ;
#9519 =( LENGTH_UNIT ( ) NAMED_UNIT ( * ) SI_UNIT ( .MILLI., .METRE. ) );
#9520 = DIRECTION ( 'NONE',  ( 0.0000000000000000000, 0.0000000000000000000, -1.000000000000000000 ) ) ;
#9521 = DIRECTION ( 'NONE',  ( 0.0000000000000000000, 0.0000000000000000000, 1.000000000000000000 ) ) ;
#9522 =( GEOMETRIC_REPRESENTATION_CONTEXT ( 3 ) GLOBAL_UNCERTAINTY_ASSIGNED_CONTEXT ( ( #6828 ) ) GLOBAL_UNIT_ASSIGNED_CONTEXT ( ( #10422, #4900, #11347 ) ) REPRESENTATION_CONTEXT ( 'NONE', 'WORKASPACE' ) );
#9523 = VERTEX_POINT ( 'NONE', #4690 ) ;
#9524 = CARTESIAN_POINT ( 'NONE',  ( 30.00000000000000400, 2.899999999999999900, 45.00000000000001400 ) ) ;
#9525 = EDGE_CURVE ( 'NONE', #11679, #6370, #1677, .T. ) ;
#9526 = EDGE_LOOP ( 'NONE', ( #7309, #4753, #10712, #5323 ) ) ;
#9527 = DIRECTION ( 'NONE',  ( 1.668003342285391100E-017, 1.000000000000000000, -0.0000000000000000000 ) ) ;
#9528 = VECTOR ( 'NONE', #11083, 1000.000000000000000 ) ;
#9529 = CARTESIAN_POINT ( 'NONE',  ( -32.20000000000001700, 0.2999999999999999900, 47.20000000000001700 ) ) ;
#9530 = VECTOR ( 'NONE', #10929, 1000.000000000000000 ) ;
#9531 = DIRECTION ( 'NONE',  ( 0.0000000000000000000, 1.000000000000000000, 0.0000000000000000000 ) ) ;
#9532 = ORIENTED_EDGE ( 'NONE', *, *, #2542, .T. ) ;
#9533 = UNCERTAINTY_MEASURE_WITH_UNIT (LENGTH_MEASURE( 1.000000000000000100E-005 ), #8086, 'distance_accuracy_value', 'NONE');
#9534 = EDGE_LOOP ( 'NONE', ( #1930, #3605, #2459, #1369 ) ) ;
#9535 = DIRECTION ( 'NONE',  ( 0.0000000000000000000, 1.000000000000000000, 0.0000000000000000000 ) ) ;
#9536 = VERTEX_POINT ( 'NONE', #11123 ) ;
#9537 = VECTOR ( 'NONE', #10986, 1000.000000000000000 ) ;
#9538 = EDGE_CURVE ( 'NONE', #4926, #2186, #8687, .T. ) ;
#9539 = FACE_OUTER_BOUND ( 'NONE', #3905, .T. ) ;
#9540 = AXIS2_PLACEMENT_3D ( 'NONE', #6303, #819, #7226 ) ;
#9541 = VERTEX_POINT ( 'NONE', #7459 ) ;
#9542 = DIRECTION ( 'NONE',  ( 0.0000000000000000000, 1.000000000000000000, 0.0000000000000000000 ) ) ;
#9543 = LINE ( 'NONE', #4942, #58 ) ;
#9544 = PLANE ( 'NONE',  #11305 ) ;
#9545 = EDGE_CURVE ( 'NONE', #6880, #11198, #6553, .T. ) ;
#9546 = VERTEX_POINT ( 'NONE', #9312 ) ;
#9547 = DIRECTION ( 'NONE',  ( -0.0000000000000000000, 1.000000000000000000, -0.0000000000000000000 ) ) ;
#9548 = CARTESIAN_POINT ( 'NONE',  ( 6.419999999999999900, -0.9100000000000040300, -2.013708338481833800E-016 ) ) ;
#9549 = ORIENTED_EDGE ( 'NONE', *, *, #9111, .F. ) ;
#9550 = VECTOR ( 'NONE', #425, 1000.000000000000000 ) ;
#9551 = CARTESIAN_POINT ( 'NONE',  ( -20.55000000000000100, 1.269999999999991800, -2.088061301782108400 ) ) ;
#9552 = CIRCLE ( 'NONE', #71, 1.549999999999995800 ) ;
#9553 = VECTOR ( 'NONE', #7970, 1000.000000000000000 ) ;
#9554 = SURFACE_SIDE_STYLE ('',( #844 ) ) ;
#9555 = ADVANCED_FACE ( 'NONE', ( #3821 ), #5648, .F. ) ;
#9556 = ITEM_DEFINED_TRANSFORMATION ( 'NONE', 'NONE', #1627,  #11927 ) ;
#9557 = DIRECTION ( 'NONE',  ( 0.0000000000000000000, 0.0000000000000000000, -1.000000000000000000 ) ) ;
#9558 = ORIENTED_EDGE ( 'NONE', *, *, #4377, .F. ) ;
#9559 = CARTESIAN_POINT ( 'NONE',  ( 16.60000000000000500, -0.8100000000000043800, 5.099999999999999600 ) ) ;
#9560 = SURFACE_STYLE_FILL_AREA ( #11857 ) ;
#9561 = DIRECTION ( 'NONE',  ( 1.000000000000000000, -2.409338161078899700E-016, 0.0000000000000000000 ) ) ;
#9562 = CARTESIAN_POINT ( 'NONE',  ( -32.20000000000000300, -2.100000000000000100, 47.20000000000000300 ) ) ;
#9563 = CARTESIAN_POINT ( 'NONE',  ( 14.40000000000000000, -0.9100000000000071400, 1.300000000000002500 ) ) ;
#9564 = EDGE_CURVE ( 'NONE', #5545, #4916, #7544, .T. ) ;
#9565 = AXIS2_PLACEMENT_3D ( 'NONE', #4358, #10790, #5274 ) ;
#9566 = CARTESIAN_POINT ( 'NONE',  ( 1.000000000000002000, -0.9100000000000028100, 0.7000000000000010700 ) ) ;
#9567 = EDGE_CURVE ( 'NONE', #7623, #1139, #5097, .T. ) ;
#9568 = EDGE_CURVE ( 'NONE', #3758, #10560, #9993, .T. ) ;
#9569 = ORIENTED_EDGE ( 'NONE', *, *, #9196, .T. ) ;
#9570 = SURFACE_STYLE_FILL_AREA ( #5697 ) ;
#9571 = FACE_OUTER_BOUND ( 'NONE', #6975, .T. ) ;
#9572 = SURFACE_SIDE_STYLE ('',( #9049 ) ) ;
#9573 = LINE ( 'NONE', #9715, #4698 ) ;
#9574 = ADVANCED_FACE ( 'NONE', ( #2679 ), #3885, .F. ) ;
#9575 = VERTEX_POINT ( 'NONE', #1125 ) ;
#9576 = CARTESIAN_POINT ( 'NONE',  ( -16.34000000000000000, 0.6699999999999914900, 5.099999999999999600 ) ) ;
#9577 = SURFACE_STYLE_USAGE ( .BOTH. , #3158 ) ;
#9578 = PRESENTATION_STYLE_ASSIGNMENT (( #3244 ) ) ;
#9579 = CARTESIAN_POINT ( 'NONE',  ( -15.94000000000000300, -0.8100000000000005000, 5.099999999999999600 ) ) ;
#9580 = AXIS2_PLACEMENT_3D ( 'NONE', #3619, #11878, #6379 ) ;
#9581 = DIRECTION ( 'NONE',  ( -1.392979236598078500E-016, 1.000000000000000000, 0.0000000000000000000 ) ) ;
#9582 = ORIENTED_EDGE ( 'NONE', *, *, #5155, .T. ) ;
#9583 = CARTESIAN_POINT ( 'NONE',  ( 34.39999999999999900, 2.899999999999999900, 45.00000000000001400 ) ) ;
#9584 = CARTESIAN_POINT ( 'NONE',  ( 21.30000000000000100, -0.4500000000000074500, 7.000000000000000000 ) ) ;
#9585 = LINE ( 'NONE', #7214, #1964 ) ;
#9586 = LINE ( 'NONE', #291, #4969 ) ;
#9587 = EDGE_CURVE ( 'NONE', #8126, #238, #6401, .T. ) ;
#9588 = SURFACE_STYLE_FILL_AREA ( #6748 ) ;
#9589 = ORIENTED_EDGE ( 'NONE', *, *, #3881, .F. ) ;
#9590 = PRESENTATION_LAYER_ASSIGNMENT (  '', '', ( #8983 ) ) ;
#9591 =( NAMED_UNIT ( * ) PLANE_ANGLE_UNIT ( ) SI_UNIT ( $, .RADIAN. ) );
#9592 = ORIENTED_EDGE ( 'NONE', *, *, #3573, .T. ) ;
#9593 = DIRECTION ( 'NONE',  ( -2.409338161078899700E-016, -1.000000000000000000, -1.899788849813798600E-031 ) ) ;
#9594 = DIRECTION ( 'NONE',  ( 0.0000000000000000000, 0.0000000000000000000, 1.000000000000000000 ) ) ;
#9595 = EDGE_LOOP ( 'NONE', ( #3143, #12, #7268, #9094 ) ) ;
#9596 = VECTOR ( 'NONE', #7464, 1000.000000000000000 ) ;
#9597 = DIRECTION ( 'NONE',  ( 0.0000000000000000000, 0.0000000000000000000, 1.000000000000000000 ) ) ;
#9598 = VERTEX_POINT ( 'NONE', #5763 ) ;
#9599 = DIRECTION ( 'NONE',  ( 0.0000000000000000000, 0.0000000000000000000, 1.000000000000000000 ) ) ;
#9600 = COLOUR_RGB ( '',0.9686274509803921600, 0.8784313725490196000, 0.5999999999999999800 ) ;
#9601 = ORIENTED_EDGE ( 'NONE', *, *, #6519, .T. ) ;
#9602 = CARTESIAN_POINT ( 'NONE',  ( 32.00000000000000000, 9.722539674441609500, -47.00000000000001400 ) ) ;
#9603 = CARTESIAN_POINT ( 'NONE',  ( -33.00000000000001400, 0.2999999999999999900, -49.39999999999999900 ) ) ;
#9604 = ORIENTED_EDGE ( 'NONE', *, *, #2963, .F. ) ;
#9605 = VECTOR ( 'NONE', #4274, 1000.000000000000000 ) ;
#9606 = ORIENTED_EDGE ( 'NONE', *, *, #9421, .F. ) ;
#9607 = PLANE ( 'NONE',  #4609 ) ;
#9608 = VECTOR ( 'NONE', #3507, 1000.000000000000000 ) ;
#9609 = CARTESIAN_POINT ( 'NONE',  ( -17.17935378467900200, -0.1693537846790080800, 6.899999999999999500 ) ) ;
#9610 = ORIENTED_EDGE ( 'NONE', *, *, #6100, .T. ) ;
#9611 = ORIENTED_EDGE ( 'NONE', *, *, #2494, .T. ) ;
#9612 = FACE_OUTER_BOUND ( 'NONE', #9029, .T. ) ;
#9613 = ORIENTED_EDGE ( 'NONE', *, *, #10246, .T. ) ;
#9614 = DIRECTION ( 'NONE',  ( -1.000000000000000000, -0.0000000000000000000, -0.0000000000000000000 ) ) ;
#9615 = PLANE ( 'NONE',  #3347 ) ;
#9616 = DIRECTION ( 'NONE',  ( 0.0000000000000000000, 3.339490380083483300E-015, -1.000000000000000000 ) ) ;
#9617 = CARTESIAN_POINT ( 'NONE',  ( 7.900000000000000400, -0.9100000000000045800, 1.299999999999999600 ) ) ;
#9618 = DIRECTION ( 'NONE',  ( -0.0000000000000000000, 1.000000000000000000, -0.0000000000000000000 ) ) ;
#9619 = VECTOR ( 'NONE', #1041, 1000.000000000000000 ) ;
#9620 = DIRECTION ( 'NONE',  ( 1.000000000000000000, -1.204669080539449800E-016, -0.0000000000000000000 ) ) ;
#9621 = ORIENTED_EDGE ( 'NONE', *, *, #11881, .F. ) ;
#9622 = LINE ( 'NONE', #10701, #9915 ) ;
#9623 = CARTESIAN_POINT ( 'NONE',  ( 33.89999999999998400, 9.722539674441609500, -45.00000000000001400 ) ) ;
#9624 = EDGE_CURVE ( 'NONE', #11393, #4994, #3945, .T. ) ;
#9625 = ORIENTED_EDGE ( 'NONE', *, *, #6963, .F. ) ;
#9626 = CARTESIAN_POINT ( 'NONE',  ( -18.55000000000000400, -2.010000000000008200, 5.100000000000000500 ) ) ;
#9627 = LINE ( 'NONE', #2121, #3606 ) ;
#9628 = PRESENTATION_LAYER_ASSIGNMENT (  '', '', ( #9011 ) ) ;
#9629 = ADVANCED_FACE ( 'NONE', ( #1518 ), #11271, .F. ) ;
#9630 = DIRECTION ( 'NONE',  ( 0.0000000000000000000, -1.000000000000000000, 1.519909587596501900E-016 ) ) ;
#9631 =( LENGTH_UNIT ( ) NAMED_UNIT ( * ) SI_UNIT ( .MILLI., .METRE. ) );
#9632 = UNCERTAINTY_MEASURE_WITH_UNIT (LENGTH_MEASURE( 1.000000000000000100E-005 ), #5686, 'distance_accuracy_value', 'NONE');
#9633 = CARTESIAN_POINT ( 'NONE',  ( 32.99999999999998600, 2.899999999999999900, 48.00000000000000000 ) ) ;
#9634 = VECTOR ( 'NONE', #2058, 1000.000000000000000 ) ;
#9635 = VERTEX_POINT ( 'NONE', #6691 ) ;
#9636 =( NAMED_UNIT ( * ) SI_UNIT ( $, .STERADIAN. ) SOLID_ANGLE_UNIT ( ) );
#9637 = CARTESIAN_POINT ( 'NONE',  ( 34.40000000000001300, -2.900000000000000400, 37.59999999999998000 ) ) ;
#9638 = DIRECTION ( 'NONE',  ( 0.0000000000000000000, 1.000000000000000000, 0.0000000000000000000 ) ) ;
#9639 = ORIENTED_EDGE ( 'NONE', *, *, #2335, .T. ) ;
#9640 = ADVANCED_FACE ( 'NONE', ( #8533 ), #11310, .F. ) ;
#9641 = DIRECTION ( 'NONE',  ( 0.0000000000000000000, 0.0000000000000000000, -1.000000000000000000 ) ) ;
#9642 = DIRECTION ( 'NONE',  ( 0.0000000000000000000, 1.000000000000000000, 0.0000000000000000000 ) ) ;
#9643 = AXIS2_PLACEMENT_3D ( 'NONE', #1001, #3543, #2832 ) ;
#9644 = AXIS2_PLACEMENT_3D ( 'NONE', #3028, #1180, #6673 ) ;
#9645 = PLANE ( 'NONE',  #340 ) ;
#9646 = EDGE_CURVE ( 'NONE', #4980, #5037, #2816, .T. ) ;
#9647 = EDGE_LOOP ( 'NONE', ( #5494, #11564, #11768, #8941 ) ) ;
#9648 = CARTESIAN_POINT ( 'NONE',  ( 32.20000000000000300, 2.900000000000000400, 47.20000000000000300 ) ) ;
#9649 = VERTEX_POINT ( 'NONE', #4905 ) ;
#9650 = SURFACE_STYLE_USAGE ( .BOTH. , #3238 ) ;
#9651 = DIRECTION ( 'NONE',  ( 1.392979236598078500E-016, 1.000000000000000000, -0.0000000000000000000 ) ) ;
#9652 = SURFACE_SIDE_STYLE ('',( #5646 ) ) ;
#9653 =( LENGTH_UNIT ( ) NAMED_UNIT ( * ) SI_UNIT ( .MILLI., .METRE. ) );
#9654 = ORIENTED_EDGE ( 'NONE', *, *, #3727, .F. ) ;
#9655 = CARTESIAN_POINT ( 'NONE',  ( -7.899999999999999500, -2.850000000000001000, 5.099999999999999600 ) ) ;
#9656 = CARTESIAN_POINT ( 'NONE',  ( -3.999999999999997300, 0.2899999999999992600, 0.0000000000000000000 ) ) ;
#9657 = VECTOR ( 'NONE', #8431, 1000.000000000000000 ) ;
#9658 = DIRECTION ( 'NONE',  ( 0.0000000000000000000, 0.0000000000000000000, 1.000000000000000000 ) ) ;
#9659 = ORIENTED_EDGE ( 'NONE', *, *, #11549, .T. ) ;
#9660 = DIRECTION ( 'NONE',  ( -0.0000000000000000000, -0.0000000000000000000, -1.000000000000000000 ) ) ;
#9661 = EDGE_CURVE ( 'NONE', #5393, #10515, #5247, .T. ) ;
#9662 = AXIS2_PLACEMENT_3D ( 'NONE', #1921, #8348, #2853 ) ;
#9663 = DIRECTION ( 'NONE',  ( -0.0000000000000000000, 1.000000000000000000, -0.0000000000000000000 ) ) ;
#9664 = CARTESIAN_POINT ( 'NONE',  ( -5.899999999999998600, -1.950000000000001100, 0.0000000000000000000 ) ) ;
#9665 = ORIENTED_EDGE ( 'NONE', *, *, #979, .F. ) ;
#9666 = MECHANICAL_DESIGN_GEOMETRIC_PRESENTATION_REPRESENTATION (  '', ( #7827 ), #10286 ) ;
#9667 =( NAMED_UNIT ( * ) SI_UNIT ( $, .STERADIAN. ) SOLID_ANGLE_UNIT ( ) );
#9668 = ORIENTED_EDGE ( 'NONE', *, *, #3212, .T. ) ;
#9669 = CARTESIAN_POINT ( 'NONE',  ( 33.89999999999998400, 2.900000000000000400, -44.50000000000001400 ) ) ;
#9670 = LINE ( 'NONE', #2423, #11831 ) ;
#9671 = ORIENTED_EDGE ( 'NONE', *, *, #1141, .F. ) ;
#9672 = VERTEX_POINT ( 'NONE', #2180 ) ;
#9673 = CARTESIAN_POINT ( 'NONE',  ( 26.55000000000000400, -3.500000000000000000, -43.20000000000000300 ) ) ;
#9674 = ORIENTED_EDGE ( 'NONE', *, *, #11549, .F. ) ;
#9675 =( LENGTH_UNIT ( ) NAMED_UNIT ( * ) SI_UNIT ( .MILLI., .METRE. ) );
#9676 = PLANE ( 'NONE',  #8531 ) ;
#9677 =( NAMED_UNIT ( * ) SI_UNIT ( $, .STERADIAN. ) SOLID_ANGLE_UNIT ( ) );
#9678 = COLOUR_RGB ( '',0.9686274509803921600, 0.8784313725490196000, 0.5999999999999999800 ) ;
#9679 =( NAMED_UNIT ( * ) SI_UNIT ( $, .STERADIAN. ) SOLID_ANGLE_UNIT ( ) );
#9680 = FILL_AREA_STYLE_COLOUR ( '', #1790 ) ;
#9681 = ORIENTED_EDGE ( 'NONE', *, *, #7239, .F. ) ;
#9682 = CARTESIAN_POINT ( 'NONE',  ( 30.86000000000000700, 10.74102034176674400, -36.00000000000000700 ) ) ;
#9683 = ADVANCED_FACE ( 'NONE', ( #9843, #344, #4937, #7398, #2522 ), #1278, .F. ) ;
#9684 = ORIENTED_EDGE ( 'NONE', *, *, #2863, .T. ) ;
#9685 = CARTESIAN_POINT ( 'NONE',  ( -8.300000000000002500, -0.9100000000000010300, 5.100000000000000500 ) ) ;
#9686 = VECTOR ( 'NONE', #391, 1000.000000000000000 ) ;
#9687 =( GEOMETRIC_REPRESENTATION_CONTEXT ( 3 ) GLOBAL_UNCERTAINTY_ASSIGNED_CONTEXT ( ( #7631 ) ) GLOBAL_UNIT_ASSIGNED_CONTEXT ( ( #9360, #3862, #10287 ) ) REPRESENTATION_CONTEXT ( 'NONE', 'WORKASPACE' ) );
#9688 = DIRECTION ( 'NONE',  ( -0.0000000000000000000, 1.000000000000000000, -0.0000000000000000000 ) ) ;
#9689 = SURFACE_SIDE_STYLE ('',( #6181 ) ) ;
#9690 = DIRECTION ( 'NONE',  ( -0.0000000000000000000, 1.000000000000000000, -0.0000000000000000000 ) ) ;
#9691 = ORIENTED_EDGE ( 'NONE', *, *, #6018, .T. ) ;
#9692 = AXIS2_PLACEMENT_3D ( 'NONE', #1183, #3031, #5753 ) ;
#9693 = EDGE_CURVE ( 'NONE', #9118, #9114, #9543, .T. ) ;
#9694 = UNCERTAINTY_MEASURE_WITH_UNIT (LENGTH_MEASURE( 1.000000000000000100E-005 ), #4712, 'distance_accuracy_value', 'NONE');
#9695 = CARTESIAN_POINT ( 'NONE',  ( 20.55000000000000100, -2.010000000000008200, 5.099999999999999600 ) ) ;
#9696 = EDGE_CURVE ( 'NONE', #10722, #3511, #7125, .T. ) ;
#9697 = CARTESIAN_POINT ( 'NONE',  ( 16.60000000000000500, -0.8100000000000043800, 5.099999999999999600 ) ) ;
#9698 = ORIENTED_EDGE ( 'NONE', *, *, #4701, .F. ) ;
#9699 = DIRECTION ( 'NONE',  ( -0.0000000000000000000, 0.0000000000000000000, -1.000000000000000000 ) ) ;
#9700 = ORIENTED_EDGE ( 'NONE', *, *, #3813, .T. ) ;
#9701 = ADVANCED_FACE ( 'NONE', ( #2217 ), #3535, .F. ) ;
#9702 = SURFACE_STYLE_FILL_AREA ( #8293 ) ;
#9703 = CARTESIAN_POINT ( 'NONE',  ( 13.10000000000000100, -5.401102314577126900, 5.099999999999999600 ) ) ;
#9704 = LINE ( 'NONE', #4325, #5401 ) ;
#9705 = CARTESIAN_POINT ( 'NONE',  ( -35.00000000000000000, -2.900000000000000400, -49.39999999999999900 ) ) ;
#9706 = LINE ( 'NONE', #5417, #4810 ) ;
#9707 = DIRECTION ( 'NONE',  ( 0.0000000000000000000, 0.0000000000000000000, -1.000000000000000000 ) ) ;
#9708 = SURFACE_STYLE_FILL_AREA ( #10311 ) ;
#9709 = ORIENTED_EDGE ( 'NONE', *, *, #11612, .F. ) ;
#9710 = PRESENTATION_STYLE_ASSIGNMENT (( #7616 ) ) ;
#9711 = EDGE_CURVE ( 'NONE', #5975, #8401, #5947, .T. ) ;
#9712 = AXIS2_PLACEMENT_3D ( 'NONE', #622, #7060, #1549 ) ;
#9713 = PLANE ( 'NONE',  #4452 ) ;
#9714 = LINE ( 'NONE', #10438, #11868 ) ;
#9715 = CARTESIAN_POINT ( 'NONE',  ( -3.999999999999997300, -1.950000000000001100, -20.72142852218446800 ) ) ;
#9716 =( NAMED_UNIT ( * ) PLANE_ANGLE_UNIT ( ) SI_UNIT ( $, .RADIAN. ) );
#9717 = EDGE_CURVE ( 'NONE', #3682, #1589, #1368, .T. ) ;
#9718 = CARTESIAN_POINT ( 'NONE',  ( 30.86000000000000700, -3.500000000000000000, -34.75000000000000000 ) ) ;
#9719 = FACE_OUTER_BOUND ( 'NONE', #5415, .T. ) ;
#9720 = ORIENTED_EDGE ( 'NONE', *, *, #11551, .F. ) ;
#9721 = CARTESIAN_POINT ( 'NONE',  ( 32.20000000000000300, 2.150000000000010600, -46.40000000000001300 ) ) ;
#9722 = ORIENTED_EDGE ( 'NONE', *, *, #2565, .T. ) ;
#9723 = VECTOR ( 'NONE', #1166, 1000.000000000000000 ) ;
#9724 = VECTOR ( 'NONE', #3721, 1000.000000000000000 ) ;
#9725 = VECTOR ( 'NONE', #4052, 1000.000000000000000 ) ;
#9726 = LINE ( 'NONE', #10244, #10012 ) ;
#9727 = DIRECTION ( 'NONE',  ( 0.0000000000000000000, -1.000000000000000000, 0.0000000000000000000 ) ) ;
#9728 = VERTEX_POINT ( 'NONE', #10549 ) ;
#9729 = CARTESIAN_POINT ( 'NONE',  ( -19.71064621532100200, 0.6699999999999918200, 6.899999999999999500 ) ) ;
#9730 = CARTESIAN_POINT ( 'NONE',  ( 34.39999999999999900, 9.722539674441609500, 45.00000000000001400 ) ) ;
#9731 = SURFACE_STYLE_USAGE ( .BOTH. , #3325 ) ;
#9732 = EDGE_CURVE ( 'NONE', #576, #4355, #5673, .T. ) ;
#9733 = CARTESIAN_POINT ( 'NONE',  ( -30.85999999999999600, 0.5000000000000000000, 39.34999999999998000 ) ) ;
#9734 = EDGE_CURVE ( 'NONE', #5312, #10035, #8400, .T. ) ;
#9735 = PRESENTATION_LAYER_ASSIGNMENT (  '', '', ( #9116 ) ) ;
#9736 = SURFACE_STYLE_USAGE ( .BOTH. , #3332 ) ;
#9737 = ORIENTED_EDGE ( 'NONE', *, *, #2813, .F. ) ;
#9738 = FACE_OUTER_BOUND ( 'NONE', #8257, .T. ) ;
#9739 = PRESENTATION_STYLE_ASSIGNMENT (( #5198 ) ) ;
#9740 = DIRECTION ( 'NONE',  ( 0.0000000000000000000, 0.0000000000000000000, -1.000000000000000000 ) ) ;
#9741 = FACE_OUTER_BOUND ( 'NONE', #9461, .T. ) ;
#9742 = CARTESIAN_POINT ( 'NONE',  ( 30.00000000000000400, 2.899999999999999900, -49.39999999999999900 ) ) ;
#9743 = LINE ( 'NONE', #9517, #4572 ) ;
#9744 = SURFACE_STYLE_USAGE ( .BOTH. , #3335 ) ;
#9745 = FACE_OUTER_BOUND ( 'NONE', #7172, .T. ) ;
#9746 = CARTESIAN_POINT ( 'NONE',  ( -32.00000000000000000, 9.722539674441609500, 45.00000000000001400 ) ) ;
#9747 = ORIENTED_EDGE ( 'NONE', *, *, #289, .F. ) ;
#9748 = CARTESIAN_POINT ( 'NONE',  ( 20.55000000000000100, 1.949999999999991500, 5.099999999999999600 ) ) ;
#9749 = ADVANCED_FACE ( 'NONE', ( #5034 ), #5955, .T. ) ;
#9750 = DIRECTION ( 'NONE',  ( 1.000000000000000000, 0.0000000000000000000, -0.0000000000000000000 ) ) ;
#9751 = ORIENTED_EDGE ( 'NONE', *, *, #4170, .F. ) ;
#9752 = VECTOR ( 'NONE', #5930, 1000.000000000000000 ) ;
#9753 = EDGE_CURVE ( 'NONE', #11228, #11317, #5778, .T. ) ;
#9754 = CARTESIAN_POINT ( 'NONE',  ( -8.699999999999999300, -4.815124837953328000, 1.299999999999999600 ) ) ;
#9755 = EDGE_LOOP ( 'NONE', ( #11461, #4654, #10008, #8598 ) ) ;
#9756 = ORIENTED_EDGE ( 'NONE', *, *, #9032, .T. ) ;
#9757 = CYLINDRICAL_SURFACE ( 'NONE', #50, 1.399999999999998600 ) ;
#9758 = CARTESIAN_POINT ( 'NONE',  ( -32.20000000000000300, 2.150000000000010600, 46.40000000000001300 ) ) ;
#9759 = ORIENTED_EDGE ( 'NONE', *, *, #2071, .T. ) ;
#9760 = CARTESIAN_POINT ( 'NONE',  ( -30.86000000000000700, -3.500000000000000000, -36.00000000000000700 ) ) ;
#9761 = DIRECTION ( 'NONE',  ( -0.0000000000000000000, 1.000000000000000000, -0.0000000000000000000 ) ) ;
#9762 = DIRECTION ( 'NONE',  ( 1.000000000000000000, -2.409338161078899700E-016, 2.409338161078899700E-016 ) ) ;
#9763 = ADVANCED_FACE ( 'NONE', ( #808 ), #5070, .T. ) ;
#9764 = DIRECTION ( 'NONE',  ( 0.0000000000000000000, 0.0000000000000000000, -1.000000000000000000 ) ) ;
#9765 = CIRCLE ( 'NONE', #3957, 1.549999999999995800 ) ;
#9766 = AXIS2_PLACEMENT_3D ( 'NONE', #5177, #11601, #6094 ) ;
#9767 = VECTOR ( 'NONE', #1223, 1000.000000000000000 ) ;
#9768 = ORIENTED_EDGE ( 'NONE', *, *, #7251, .T. ) ;
#9769 = VECTOR ( 'NONE', #10869, 1000.000000000000000 ) ;
#9770 = ORIENTED_EDGE ( 'NONE', *, *, #2887, .F. ) ;
#9771 = VERTEX_POINT ( 'NONE', #7865 ) ;
#9773 = DIRECTION ( 'NONE',  ( 0.0000000000000000000, 0.0000000000000000000, 1.000000000000000000 ) ) ;
#9772 = LINE ( 'NONE', #11529, #2137 ) ;
#9774 = EDGE_CURVE ( 'NONE', #10393, #2132, #924, .T. ) ;
#9775 = CARTESIAN_POINT ( 'NONE',  ( 16.60000000000000500, -0.8100000000000043800, 5.099999999999999600 ) ) ;
#9776 = SURFACE_STYLE_USAGE ( .BOTH. , #3366 ) ;
#9777 = CYLINDRICAL_SURFACE ( 'NONE', #1833, 1.249999999999994200 ) ;
#9778 = DIRECTION ( 'NONE',  ( -1.000000000000000000, 0.0000000000000000000, 0.0000000000000000000 ) ) ;
#9779 = DIRECTION ( 'NONE',  ( -1.000000000000000000, 1.668003342285391100E-017, 0.0000000000000000000 ) ) ;
#9780 = UNCERTAINTY_MEASURE_WITH_UNIT (LENGTH_MEASURE( 1.000000000000000100E-005 ), #1965, 'distance_accuracy_value', 'NONE');
#9781 = DIRECTION ( 'NONE',  ( -0.0000000000000000000, -1.000000000000000000, -0.0000000000000000000 ) ) ;
#9782 = SURFACE_SIDE_STYLE ('',( #11478 ) ) ;
#9783 = FILL_AREA_STYLE_COLOUR ( '', #11385 ) ;
#9785 = DIRECTION ( 'NONE',  ( -0.0000000000000000000, -0.0000000000000000000, 1.000000000000000000 ) ) ;
#9784 = AXIS2_PLACEMENT_3D ( 'NONE', #2015, #6600, #5708 ) ;
#9786 = DIRECTION ( 'NONE',  ( 1.000000000000000000, 0.0000000000000000000, 2.409338161078899700E-016 ) ) ;
#9787 = EDGE_CURVE ( 'NONE', #2570, #11192, #7966, .T. ) ;
#9788 = MECHANICAL_DESIGN_GEOMETRIC_PRESENTATION_REPRESENTATION (  '', ( #7961 ), #10398 ) ;
#9789 = CIRCLE ( 'NONE', #10923, 0.5000000000000004400 ) ;
#9790 = CARTESIAN_POINT ( 'NONE',  ( -30.85999999999999600, -3.500000000000000000, 40.59999999999998000 ) ) ;
#9791 = EDGE_LOOP ( 'NONE', ( #2492, #8192, #7777, #6678 ) ) ;
#9792 = ORIENTED_EDGE ( 'NONE', *, *, #6252, .F. ) ;
#9793 = CARTESIAN_POINT ( 'NONE',  ( 32.20000000000001700, 0.2999999999999999900, -47.20000000000001700 ) ) ;
#9794 = DIRECTION ( 'NONE',  ( -0.0000000000000000000, 1.000000000000000000, -0.0000000000000000000 ) ) ;
#9795 = DIRECTION ( 'NONE',  ( 0.0000000000000000000, 0.0000000000000000000, -1.000000000000000000 ) ) ;
#9796 = CARTESIAN_POINT ( 'NONE',  ( 14.39999999999999700, -0.9100000000000073600, 5.099999999999999600 ) ) ;
#9797 = CONICAL_SURFACE ( 'NONE', #7650, 0.7999999999999951600, 1.029744258676651000 ) ;
#9798 = ORIENTED_EDGE ( 'NONE', *, *, #1260, .T. ) ;
#9799 = CARTESIAN_POINT ( 'NONE',  ( -15.94000000000000000, -0.9100000000000010300, 0.7000000000000004000 ) ) ;
#9800 = ORIENTED_EDGE ( 'NONE', *, *, #1401, .F. ) ;
#9801 = EDGE_CURVE ( 'NONE', #10689, #7660, #5503, .T. ) ;
#9802 = MECHANICAL_DESIGN_GEOMETRIC_PRESENTATION_REPRESENTATION (  '', ( #7981 ), #10419 ) ;
#9803 = DIRECTION ( 'NONE',  ( 0.0000000000000000000, 1.000000000000000000, 0.0000000000000000000 ) ) ;
#9804 = VERTEX_POINT ( 'NONE', #10635 ) ;
#9805 = EDGE_CURVE ( 'NONE', #2934, #3179, #616, .T. ) ;
#9806 = ADVANCED_FACE ( 'NONE', ( #2777 ), #6979, .F. ) ;
#9807 = EDGE_CURVE ( 'NONE', #1436, #10984, #8943, .T. ) ;
#9808 = COLOUR_RGB ( '',0.9686274509803921600, 0.8784313725490196000, 0.5999999999999999800 ) ;
#9809 = VECTOR ( 'NONE', #11854, 1000.000000000000000 ) ;
#9810 = ORIENTED_EDGE ( 'NONE', *, *, #7557, .T. ) ;
#9811 = CARTESIAN_POINT ( 'NONE',  ( -30.85999999999999600, 1.999999999999999600, 41.84999999999998700 ) ) ;
#9812 = CARTESIAN_POINT ( 'NONE',  ( 6.600000000000001400, -0.9100000000000045800, 1.299999999999999600 ) ) ;
#9813 = CARTESIAN_POINT ( 'NONE',  ( -15.94000000000000000, -0.9100000000000010300, 0.7000000000000004000 ) ) ;
#9814 = ORIENTED_EDGE ( 'NONE', *, *, #6519, .F. ) ;
#9815 = PRODUCT ( 'flat head screw_am_B18.6.7M - M2 x 0.4 x 3 Type I Cross Recessed FHMS --3N', 'flat head screw_am_B18.6.7M - M2 x 0.4 x 3 Type I Cross Recessed FHMS --3N', '', ( #4579 ) ) ;
#9816 = ORIENTED_EDGE ( 'NONE', *, *, #3348, .T. ) ;
#9817 = ORIENTED_EDGE ( 'NONE', *, *, #23, .F. ) ;
#9818 = FACE_OUTER_BOUND ( 'NONE', #4213, .T. ) ;
#9819 = ADVANCED_FACE ( 'NONE', ( #6507 ), #7954, .T. ) ;
#9820 = CARTESIAN_POINT ( 'NONE',  ( -32.20000000000000300, 2.150000000000010600, -47.20000000000000300 ) ) ;
#9821 = EDGE_CURVE ( 'NONE', #5848, #5785, #3196, .T. ) ;
#9822 = AXIS2_PLACEMENT_3D ( 'NONE', #8623, #396, #6838 ) ;
#9823 = ORIENTED_EDGE ( 'NONE', *, *, #6487, .T. ) ;
#9824 =( NAMED_UNIT ( * ) SI_UNIT ( $, .STERADIAN. ) SOLID_ANGLE_UNIT ( ) );
#9825 = AXIS2_PLACEMENT_3D ( 'NONE', #10553, #5033, #11479 ) ;
#9826 = DIRECTION ( 'NONE',  ( 1.668003342285391100E-017, 1.000000000000000000, -0.0000000000000000000 ) ) ;
#9827 = ORIENTED_EDGE ( 'NONE', *, *, #11444, .T. ) ;
#9828 = LINE ( 'NONE', #3770, #11698 ) ;
#9829 = LINE ( 'NONE', #6291, #9530 ) ;
#9830 = CARTESIAN_POINT ( 'NONE',  ( -29.50000000000000400, 3.500000000000000000, -49.39999999999999900 ) ) ;
#9831 = VECTOR ( 'NONE', #1688, 1000.000000000000000 ) ;
#9832 = ORIENTED_EDGE ( 'NONE', *, *, #96, .T. ) ;
#9833 = DIRECTION ( 'NONE',  ( -3.168854151125935100E-048, -1.899788849813798600E-031, 1.000000000000000000 ) ) ;
#9834 =( NAMED_UNIT ( * ) PLANE_ANGLE_UNIT ( ) SI_UNIT ( $, .RADIAN. ) );
#9835 = EDGE_LOOP ( 'NONE', ( #6560, #3011, #9668, #1272 ) ) ;
#9836 = CARTESIAN_POINT ( 'NONE',  ( 18.55000000000000400, 1.269999999999992000, 0.0000000000000000000 ) ) ;
#9837 = EDGE_LOOP ( 'NONE', ( #1639, #9751, #7205, #3667 ) ) ;
#9838 = DIRECTION ( 'NONE',  ( 1.000000000000000000, 0.0000000000000000000, 2.409338161078899700E-016 ) ) ;
#9839 = FACE_OUTER_BOUND ( 'NONE', #6795, .T. ) ;
#9840 = CYLINDRICAL_SURFACE ( 'NONE', #6672, 0.5000000000000004400 ) ;
#9841 = CARTESIAN_POINT ( 'NONE',  ( -35.00000000000000000, 3.500000000000000000, -49.39999999999999900 ) ) ;
#9842 = UNCERTAINTY_MEASURE_WITH_UNIT (LENGTH_MEASURE( 1.000000000000000100E-005 ), #1482, 'distance_accuracy_value', 'NONE');
#9843 = FACE_BOUND ( 'NONE', #2274, .T. ) ;
#9844 = ORIENTED_EDGE ( 'NONE', *, *, #3708, .F. ) ;
#9845 = STYLED_ITEM ( 'NONE', ( #6695 ), #1619 ) ;
#9846 = VERTEX_POINT ( 'NONE', #8896 ) ;
#9847 = DIRECTION ( 'NONE',  ( 0.0000000000000000000, 0.0000000000000000000, 1.000000000000000000 ) ) ;
#9848 = DIRECTION ( 'NONE',  ( -1.049727191138616500E-016, 0.5150380749100571500, 0.8571673007021105600 ) ) ;
#9849 = DIRECTION ( 'NONE',  ( -1.000000000000000000, -0.0000000000000000000, 1.387778780781445900E-016 ) ) ;
#9850 = CARTESIAN_POINT ( 'NONE',  ( 30.86000000000000700, 10.74102034176674400, -33.50000000000000000 ) ) ;
#9851 = MECHANICAL_DESIGN_GEOMETRIC_PRESENTATION_REPRESENTATION (  '', ( #8031 ), #10470 ) ;
#9852 = EDGE_CURVE ( 'NONE', #4236, #8658, #10241, .T. ) ;
#9853 = VECTOR ( 'NONE', #564, 1000.000000000000000 ) ;
#9854 = EDGE_CURVE ( 'NONE', #7750, #1574, #10522, .T. ) ;
#9855 = CARTESIAN_POINT ( 'NONE',  ( -3.999999999999997300, -1.950000000000001100, -20.72142852218446800 ) ) ;
#9856 = PLANE ( 'NONE',  #10751 ) ;
#9857 = SHAPE_DEFINITION_REPRESENTATION ( #2624, #2183 ) ;
#9858 = VECTOR ( 'NONE', #11049, 1000.000000000000000 ) ;
#9859 = ORIENTED_EDGE ( 'NONE', *, *, #6683, .F. ) ;
#9860 = SURFACE_STYLE_USAGE ( .BOTH. , #3454 ) ;
#9861 =( LENGTH_UNIT ( ) NAMED_UNIT ( * ) SI_UNIT ( .MILLI., .METRE. ) );
#9862 = VECTOR ( 'NONE', #705, 1000.000000000000000 ) ;
#9863 = DIRECTION ( 'NONE',  ( -0.0000000000000000000, -0.0000000000000000000, 1.000000000000000000 ) ) ;
#9864 = ADVANCED_FACE ( 'NONE', ( #5634 ), #2515, .F. ) ;
#9865 = ORIENTED_EDGE ( 'NONE', *, *, #2950, .F. ) ;
#9866 = FACE_OUTER_BOUND ( 'NONE', #1155, .T. ) ;
#9867 = CARTESIAN_POINT ( 'NONE',  ( -35.00000000000000000, -3.000000000000000400, -48.00000000000000000 ) ) ;
#9868 = VECTOR ( 'NONE', #655, 1000.000000000000000 ) ;
#9869 = DIRECTION ( 'NONE',  ( 0.0000000000000000000, 1.000000000000000000, 0.0000000000000000000 ) ) ;
#9870 = LINE ( 'NONE', #517, #7705 ) ;
#9871 = EDGE_LOOP ( 'NONE', ( #9681, #4972, #1488 ) ) ;
#9872 = AXIS2_PLACEMENT_3D ( 'NONE', #8647, #3162, #9581 ) ;
#9873 = CARTESIAN_POINT ( 'NONE',  ( 4.900000000000001200, -0.9100000000000029200, 5.099999999999999600 ) ) ;
#9874 = CIRCLE ( 'NONE', #9945, 1.500000000000001300 ) ;
#9875 = FILL_AREA_STYLE_COLOUR ( '', #10000 ) ;
#9876 = EDGE_CURVE ( 'NONE', #11555, #2741, #2036, .T. ) ;
#9877 = VERTEX_POINT ( 'NONE', #11666 ) ;
#9878 = FACE_OUTER_BOUND ( 'NONE', #9434, .T. ) ;
#9879 = ADVANCED_FACE ( 'NONE', ( #4494 ), #8980, .F. ) ;
#9880 = VECTOR ( 'NONE', #1191, 1000.000000000000000 ) ;
#9881 = VECTOR ( 'NONE', #5777, 1000.000000000000000 ) ;
#9882 = ORIENTED_EDGE ( 'NONE', *, *, #9245, .T. ) ;
#9883 =( NAMED_UNIT ( * ) SI_UNIT ( $, .STERADIAN. ) SOLID_ANGLE_UNIT ( ) );
#9884 = COLOUR_RGB ( '',0.9686274509803921600, 0.8784313725490196000, 0.5999999999999999800 ) ;
#9885 = ORIENTED_EDGE ( 'NONE', *, *, #10340, .F. ) ;
#9886 = LINE ( 'NONE', #2455, #388 ) ;
#9887 = ORIENTED_EDGE ( 'NONE', *, *, #1922, .F. ) ;
#9888 = LINE ( 'NONE', #99, #9596 ) ;
#9889 = CARTESIAN_POINT ( 'NONE',  ( -33.89999999999998400, -2.900000000000000400, -44.50000000000001400 ) ) ;
#9890 =( NAMED_UNIT ( * ) SI_UNIT ( $, .STERADIAN. ) SOLID_ANGLE_UNIT ( ) );
#9891 = CARTESIAN_POINT ( 'NONE',  ( 15.29999999999999700, -4.815124837953332500, 1.300000000000002700 ) ) ;
#9892 = VERTEX_POINT ( 'NONE', #4407 ) ;
#9893 =( LENGTH_UNIT ( ) NAMED_UNIT ( * ) SI_UNIT ( .MILLI., .METRE. ) );
#9894 = EDGE_CURVE ( 'NONE', #9101, #8297, #10670, .T. ) ;
#9895 = LINE ( 'NONE', #4548, #2571 ) ;
#9896 = CARTESIAN_POINT ( 'NONE',  ( 0.0000000000000000000, 0.0000000000000000000, 0.0000000000000000000 ) ) ;
#9897 = ORIENTED_EDGE ( 'NONE', *, *, #8641, .T. ) ;
#9898 = STYLED_ITEM ( 'NONE', ( #11614 ), #2410 ) ;
#9899 = DIRECTION ( 'NONE',  ( 1.000000000000000000, -2.409338161078899700E-016, 0.0000000000000000000 ) ) ;
#9900 = VERTEX_POINT ( 'NONE', #3528 ) ;
#9901 = FACE_OUTER_BOUND ( 'NONE', #6147, .T. ) ;
#9902 = VECTOR ( 'NONE', #488, 1000.000000000000000 ) ;
#9903 = DIRECTION ( 'NONE',  ( -0.0000000000000000000, -1.000000000000000000, -0.0000000000000000000 ) ) ;
#9904 = VERTEX_POINT ( 'NONE', #6284 ) ;
#9905 = LINE ( 'NONE', #6137, #7748 ) ;
#9906 = EDGE_LOOP ( 'NONE', ( #758, #4083, #3315, #160, #9859, #3183, #4662, #4574, #6635, #3120, #6449, #1648, #8197, #6931, #8281, #9768, #1760, #4106, #5922, #6238, #1564, #4907, #2249, #3133, #8122, #5148, #10954, #4939, #6459, #5772, #1106, #8502, #8509, #8434, #1647 ) ) ;
#9907 = ORIENTED_EDGE ( 'NONE', *, *, #3330, .F. ) ;
#9908 = LINE ( 'NONE', #9559, #8597 ) ;
#9909 = EDGE_LOOP ( 'NONE', ( #10153, #4154, #8648, #4854, #10641, #8271, #424 ) ) ;
#9910 = DIRECTION ( 'NONE',  ( -0.0000000000000000000, 1.000000000000000000, -0.0000000000000000000 ) ) ;
#9911 =( NAMED_UNIT ( * ) SI_UNIT ( $, .STERADIAN. ) SOLID_ANGLE_UNIT ( ) );
#9912 = LINE ( 'NONE', #8369, #9619 ) ;
#9913 = ORIENTED_EDGE ( 'NONE', *, *, #7337, .F. ) ;
#9914 = CARTESIAN_POINT ( 'NONE',  ( 33.00000000000001400, -3.000000000000000400, 50.00000000000000000 ) ) ;
#9915 = VECTOR ( 'NONE', #5186, 1000.000000000000000 ) ;
#9916 = UNCERTAINTY_MEASURE_WITH_UNIT (LENGTH_MEASURE( 1.000000000000000100E-005 ), #6213, 'distance_accuracy_value', 'NONE');
#9917 = CARTESIAN_POINT ( 'NONE',  ( 11.79999999999999900, -5.401102314577126900, 0.7000000000000030600 ) ) ;
#9918 = EDGE_LOOP ( 'NONE', ( #4550, #2881, #3666, #7204 ) ) ;
#9919 = VECTOR ( 'NONE', #230, 1000.000000000000000 ) ;
#9920 = CARTESIAN_POINT ( 'NONE',  ( 6.600000000000001400, -0.8100000000000041600, 1.300000000000000300 ) ) ;
#9921 = CARTESIAN_POINT ( 'NONE',  ( 30.86000000000001700, 2.899999999999999900, 43.09999999999998700 ) ) ;
#9922 = PRESENTATION_LAYER_ASSIGNMENT (  '', '', ( #9308 ) ) ;
#9923 =( NAMED_UNIT ( * ) SI_UNIT ( $, .STERADIAN. ) SOLID_ANGLE_UNIT ( ) );
#9924 = SURFACE_STYLE_FILL_AREA ( #10542 ) ;
#9925 = DIRECTION ( 'NONE',  ( 0.0000000000000000000, 1.000000000000000000, 0.0000000000000000000 ) ) ;
#9927 = MECHANICAL_DESIGN_GEOMETRIC_PRESENTATION_REPRESENTATION (  '', ( #8674 ), #10540 ) ;
#9926 = PRODUCT_DEFINITION_SHAPE ( 'NONE', 'NONE',  #11937 ) ;
#9928 = ADVANCED_FACE ( 'NONE', ( #911 ), #6171, .F. ) ;
#9929 = CIRCLE ( 'NONE', #5124, 1.550000000000002700 ) ;
#9930 = EDGE_CURVE ( 'NONE', #10035, #10479, #10373, .T. ) ;
#9931 = ORIENTED_EDGE ( 'NONE', *, *, #10382, .T. ) ;
#9932 = VERTEX_POINT ( 'NONE', #5919 ) ;
#9933 =( NAMED_UNIT ( * ) SI_UNIT ( $, .STERADIAN. ) SOLID_ANGLE_UNIT ( ) );
#9934 = CARTESIAN_POINT ( 'NONE',  ( -15.03999999999999900, -0.9100000000000011400, 5.100000000000000500 ) ) ;
#9935 = COLOUR_RGB ( '',0.9686274509803921600, 0.8784313725490196000, 0.5999999999999999800 ) ;
#9936 = FILL_AREA_STYLE ('',( #4442 ) ) ;
#9937 = LINE ( 'NONE', #5046, #439 ) ;
#9938 = CARTESIAN_POINT ( 'NONE',  ( 33.36000000000000700, -1.999999999999991100, 41.84999999999998000 ) ) ;
#9939 = ORIENTED_EDGE ( 'NONE', *, *, #5496, .T. ) ;
#9940 = ADVANCED_FACE ( 'NONE', ( #7950 ), #2162, .F. ) ;
#9941 = VERTEX_POINT ( 'NONE', #6911 ) ;
#9942 = PLANE ( 'NONE',  #11859 ) ;
#9943 = EDGE_CURVE ( 'NONE', #11135, #3050, #9500, .T. ) ;
#9944 = VERTEX_POINT ( 'NONE', #8729 ) ;
#9945 = AXIS2_PLACEMENT_3D ( 'NONE', #11425, #5905, #409 ) ;
#9946 = ORIENTED_EDGE ( 'NONE', *, *, #8942, .T. ) ;
#9947 = CARTESIAN_POINT ( 'NONE',  ( 34.39999999999999900, 3.500000000000000000, -50.00000000000000000 ) ) ;
#9948 = DIRECTION ( 'NONE',  ( 0.0000000000000000000, 0.0000000000000000000, -1.000000000000000000 ) ) ;
#9949 = CONICAL_SURFACE ( 'NONE', #740, 0.7999999999999951600, 1.029744258676651000 ) ;
#9950 = EDGE_CURVE ( 'NONE', #3425, #4071, #10, .T. ) ;
#9951 = CARTESIAN_POINT ( 'NONE',  ( -32.20000000000000300, -2.580688495222049000, -47.20000000000000300 ) ) ;
#9952 = ORIENTED_EDGE ( 'NONE', *, *, #4024, .T. ) ;
#9953 = DIRECTION ( 'NONE',  ( 0.0000000000000000000, 1.000000000000000000, 0.0000000000000000000 ) ) ;
#9954 = EDGE_LOOP ( 'NONE', ( #7762, #1750, #7684, #11915 ) ) ;
#9955 = ORIENTED_EDGE ( 'NONE', *, *, #9975, .F. ) ;
#9956 =( NAMED_UNIT ( * ) PLANE_ANGLE_UNIT ( ) SI_UNIT ( $, .RADIAN. ) );
#9957 = CYLINDRICAL_SURFACE ( 'NONE', #10578, 2.500000000000002200 ) ;
#9958 = DIRECTION ( 'NONE',  ( 1.000000000000000000, 0.0000000000000000000, 0.0000000000000000000 ) ) ;
#9959 = ORIENTED_EDGE ( 'NONE', *, *, #5499, .F. ) ;
#9960 = ORIENTED_EDGE ( 'NONE', *, *, #10821, .F. ) ;
#9961 = EDGE_CURVE ( 'NONE', #11088, #94, #4624, .T. ) ;
#9962 = AXIS2_PLACEMENT_3D ( 'NONE', #6068, #583, #11577 ) ;
#9963 = DIRECTION ( 'NONE',  ( 0.0000000000000000000, -1.000000000000000000, 0.0000000000000000000 ) ) ;
#9964 = EDGE_CURVE ( 'NONE', #7801, #4257, #7077, .T. ) ;
#9965 = VERTEX_POINT ( 'NONE', #7871 ) ;
#9966 = LINE ( 'NONE', #7371, #7519 ) ;
#9967 = DIRECTION ( 'NONE',  ( 0.0000000000000000000, 0.0000000000000000000, 1.000000000000000000 ) ) ;
#9968 = DIRECTION ( 'NONE',  ( -2.409338161078899700E-016, 4.018784105375342500E-033, 1.000000000000000000 ) ) ;
#9969 = ORIENTED_EDGE ( 'NONE', *, *, #4409, .T. ) ;
#9970 = MECHANICAL_DESIGN_GEOMETRIC_PRESENTATION_REPRESENTATION (  '', ( #8148 ), #10592 ) ;
#9971 = CARTESIAN_POINT ( 'NONE',  ( 21.30000000000000100, -0.4500000000000074500, 7.000000000000000000 ) ) ;
#9972 =( LENGTH_UNIT ( ) NAMED_UNIT ( * ) SI_UNIT ( .MILLI., .METRE. ) );
#9973 = VERTEX_POINT ( 'NONE', #4208 ) ;
#9974 = CYLINDRICAL_SURFACE ( 'NONE', #9404, 1.249999999999994200 ) ;
#9975 = EDGE_CURVE ( 'NONE', #9256, #2050, #1894, .T. ) ;
#9976 = MECHANICAL_DESIGN_GEOMETRIC_PRESENTATION_REPRESENTATION (  '', ( #8734 ), #10600 ) ;
#9977 = LINE ( 'NONE', #6523, #7530 ) ;
#9978 = AXIS2_PLACEMENT_3D ( 'NONE', #2529, #8947, #3471 ) ;
#9979 = ORIENTED_EDGE ( 'NONE', *, *, #4482, .T. ) ;
#9980 = DIRECTION ( 'NONE',  ( -0.0000000000000000000, 1.000000000000000000, -0.0000000000000000000 ) ) ;
#9981 = ORIENTED_EDGE ( 'NONE', *, *, #5696, .T. ) ;
#9982 = ORIENTED_EDGE ( 'NONE', *, *, #6617, .T. ) ;
#9983 = VECTOR ( 'NONE', #10088, 1000.000000000000000 ) ;
#9984 = AXIS2_PLACEMENT_3D ( 'NONE', #9362, #3864, #8468 ) ;
#9985 = FACE_OUTER_BOUND ( 'NONE', #10879, .T. ) ;
#9986 = PLANE ( 'NONE',  #2356 ) ;
#9987 = LINE ( 'NONE', #9028, #506 ) ;
#9988 =( GEOMETRIC_REPRESENTATION_CONTEXT ( 3 ) GLOBAL_UNCERTAINTY_ASSIGNED_CONTEXT ( ( #7701 ) ) GLOBAL_UNIT_ASSIGNED_CONTEXT ( ( #8987, #3500, #9911 ) ) REPRESENTATION_CONTEXT ( 'NONE', 'WORKASPACE' ) );
#9989 = CARTESIAN_POINT ( 'NONE',  ( -7.399999999999998600, -0.9100000000000012500, 5.099999999999999600 ) ) ;
#9990 = PLANE ( 'NONE',  #2899 ) ;
#9991 = UNCERTAINTY_MEASURE_WITH_UNIT (LENGTH_MEASURE( 1.000000000000000100E-005 ), #4277, 'distance_accuracy_value', 'NONE');
#9992 = EDGE_CURVE ( 'NONE', #8043, #4266, #4342, .T. ) ;
#9993 = LINE ( 'NONE', #11195, #7267 ) ;
#9994 = ADVANCED_FACE ( 'NONE', ( #4043 ), #7926, .F. ) ;
#9995 = EDGE_LOOP ( 'NONE', ( #9166, #8774, #7710, #6156 ) ) ;
#9996 =( NAMED_UNIT ( * ) SI_UNIT ( $, .STERADIAN. ) SOLID_ANGLE_UNIT ( ) );
#9997 = CARTESIAN_POINT ( 'NONE',  ( 32.20000000000000300, 3.549999999999993200, 47.20000000000000300 ) ) ;
#9998 = VECTOR ( 'NONE', #2968, 1000.000000000000000 ) ;
#9999 = LINE ( 'NONE', #9074, #520 ) ;
#10000 = COLOUR_RGB ( '',0.9686274509803921600, 0.8784313725490196000, 0.5999999999999999800 ) ;
#10001 = CARTESIAN_POINT ( 'NONE',  ( -32.20000000000000300, -2.100000000000000100, -46.40000000000001300 ) ) ;
#10002 = CARTESIAN_POINT ( 'NONE',  ( 1.540000000000000000, -0.1324999999999996700, -0.1325000000000005900 ) ) ;
#10003 = ORIENTED_EDGE ( 'NONE', *, *, #11881, .T. ) ;
#10004 = SURFACE_SIDE_STYLE ('',( #4296 ) ) ;
#10005 = AXIS2_PLACEMENT_3D ( 'NONE', #7141, #10839, #5329 ) ;
#10006 = EDGE_CURVE ( 'NONE', #7869, #6373, #8931, .T. ) ;
#10007 = PRESENTATION_LAYER_ASSIGNMENT (  '', '', ( #8768 ) ) ;
#10008 = ORIENTED_EDGE ( 'NONE', *, *, #3438, .F. ) ;
#10009 = VECTOR ( 'NONE', #2037, 1000.000000000000000 ) ;
#10010 = CYLINDRICAL_SURFACE ( 'NONE', #5478, 0.5000000000000004400 ) ;
#10011 =( LENGTH_UNIT ( ) NAMED_UNIT ( * ) SI_UNIT ( .MILLI., .METRE. ) );
#10012 = VECTOR ( 'NONE', #4741, 1000.000000000000000 ) ;
#10013 =( NAMED_UNIT ( * ) SI_UNIT ( $, .STERADIAN. ) SOLID_ANGLE_UNIT ( ) );
#10014 = ORIENTED_EDGE ( 'NONE', *, *, #4738, .F. ) ;
#10015 = CIRCLE ( 'NONE', #722, 1.250000000000001100 ) ;
#10016 = DIRECTION ( 'NONE',  ( 1.668003342285391100E-017, 1.000000000000000000, -0.0000000000000000000 ) ) ;
#10017 = CARTESIAN_POINT ( 'NONE',  ( -32.99999999999998600, -3.500000000000000000, 49.50000000000000000 ) ) ;
#10018 = ORIENTED_EDGE ( 'NONE', *, *, #4428, .T. ) ;
#10019 = LINE ( 'NONE', #5304, #5131 ) ;
#10020 = VECTOR ( 'NONE', #4201, 1000.000000000000000 ) ;
#10021 = DIRECTION ( 'NONE',  ( 0.0000000000000000000, 1.000000000000000000, 0.0000000000000000000 ) ) ;
#10022 = ORIENTED_EDGE ( 'NONE', *, *, #11263, .F. ) ;
#10023 = VECTOR ( 'NONE', #11312, 1000.000000000000000 ) ;
#10024 = LINE ( 'NONE', #11293, #5134 ) ;
#10025 = DIRECTION ( 'NONE',  ( 4.565061778886338000E-016, 0.0000000000000000000, -1.000000000000000000 ) ) ;
#10026 = AXIS2_PLACEMENT_3D ( 'NONE', #6792, #1301, #7708 ) ;
#10027 = DIRECTION ( 'NONE',  ( 0.0000000000000000000, 0.0000000000000000000, -1.000000000000000000 ) ) ;
#10028 = VERTEX_POINT ( 'NONE', #10683 ) ;
#10029 =( GEOMETRIC_REPRESENTATION_CONTEXT ( 3 ) GLOBAL_UNCERTAINTY_ASSIGNED_CONTEXT ( ( #3308 ) ) GLOBAL_UNIT_ASSIGNED_CONTEXT ( ( #4720, #11149, #5643 ) ) REPRESENTATION_CONTEXT ( 'NONE', 'WORKASPACE' ) );
#10030 = EDGE_CURVE ( 'NONE', #576, #7508, #8625, .T. ) ;
#10031 = EDGE_CURVE ( 'NONE', #118, #11365, #9226, .T. ) ;
#10032 = CARTESIAN_POINT ( 'NONE',  ( -18.55000000000000400, 0.6699999999999920500, -2.088061301782108400 ) ) ;
#10033 = SURFACE_STYLE_FILL_AREA ( #10606 ) ;
#10034 = DIRECTION ( 'NONE',  ( 0.0000000000000000000, -1.000000000000000000, 0.0000000000000000000 ) ) ;
#10035 = VERTEX_POINT ( 'NONE', #8855 ) ;
#10036 = DIRECTION ( 'NONE',  ( -0.0000000000000000000, -1.000000000000000000, -0.0000000000000000000 ) ) ;
#10037 = VECTOR ( 'NONE', #2756, 1000.000000000000000 ) ;
#10038 = CIRCLE ( 'NONE', #3706, 1.549999999999995800 ) ;
#10039 = CARTESIAN_POINT ( 'NONE',  ( 0.0000000000000000000, 0.0000000000000000000, 0.0000000000000000000 ) ) ;
#10040 = VECTOR ( 'NONE', #9104, 1000.000000000000000 ) ;
#10041 = VERTEX_POINT ( 'NONE', #2447 ) ;
#10042 = ORIENTED_EDGE ( 'NONE', *, *, #7412, .T. ) ;
#10044 = FILL_AREA_STYLE_COLOUR ( '', #8287 ) ;
#10043 = CONICAL_SURFACE ( 'NONE', #8918, 1.899999999999999700, 0.7853981633974507200 ) ;
#10045 = VERTEX_POINT ( 'NONE', #7964 ) ;
#10046 = CIRCLE ( 'NONE', #2008, 0.7999999999999951600 ) ;
#10047 =( LENGTH_UNIT ( ) NAMED_UNIT ( * ) SI_UNIT ( .MILLI., .METRE. ) );
#10048 = VECTOR ( 'NONE', #7821, 1000.000000000000000 ) ;
#10049 = EDGE_CURVE ( 'NONE', #6311, #10860, #1321, .T. ) ;
#10050 = FACE_OUTER_BOUND ( 'NONE', #1958, .T. ) ;
#10051 = DIRECTION ( 'NONE',  ( -1.668003342285391100E-017, -1.000000000000000000, 0.0000000000000000000 ) ) ;
#10052 = ORIENTED_EDGE ( 'NONE', *, *, #7123, .F. ) ;
#10053 = LINE ( 'NONE', #10910, #9769 ) ;
#10055 = VERTEX_POINT ( 'NONE', #7030 ) ;
#10054 =( GEOMETRIC_REPRESENTATION_CONTEXT ( 3 ) GLOBAL_UNCERTAINTY_ASSIGNED_CONTEXT ( ( #3072 ) ) GLOBAL_UNIT_ASSIGNED_CONTEXT ( ( #9238, #3742, #10156 ) ) REPRESENTATION_CONTEXT ( 'NONE', 'WORKASPACE' ) );
#10056 = ORIENTED_EDGE ( 'NONE', *, *, #289, .T. ) ;
#10057 = DIRECTION ( 'NONE',  ( 1.000000000000000000, 0.0000000000000000000, 0.0000000000000000000 ) ) ;
#10058 = CARTESIAN_POINT ( 'NONE',  ( -20.55000000000000100, 1.269999999999991800, 0.0000000000000000000 ) ) ;
#10059 = ADVANCED_FACE ( 'NONE', ( #8354 ), #3490, .F. ) ;
#10060 = DIRECTION ( 'NONE',  ( 0.0000000000000000000, 0.5150380749100571500, 0.8571673007021105600 ) ) ;
#10061 = AXIS2_PLACEMENT_3D ( 'NONE', #1185, #7602, #2094 ) ;
#10062 =( LENGTH_UNIT ( ) NAMED_UNIT ( * ) SI_UNIT ( .MILLI., .METRE. ) );
#10063 = CARTESIAN_POINT ( 'NONE',  ( -12.12000000000000300, -0.9100000000000010300, 5.100000000000000500 ) ) ;
#10064 = UNCERTAINTY_MEASURE_WITH_UNIT (LENGTH_MEASURE( 1.000000000000000100E-005 ), #8535, 'distance_accuracy_value', 'NONE');
#10065 = PLANE ( 'NONE',  #4501 ) ;
#10066 = CARTESIAN_POINT ( 'NONE',  ( -13.74000000000000000, -0.8100000000000013900, 5.099999999999999600 ) ) ;
#10067 = CARTESIAN_POINT ( 'NONE',  ( 11.40000000000000000, -0.8100000000000042700, 5.099999999999999600 ) ) ;
#10068 = CARTESIAN_POINT ( 'NONE',  ( 1.540000000000000000, 0.1325000000000000300, 0.1325000000000001200 ) ) ;
#10069 = CARTESIAN_POINT ( 'NONE',  ( -22.80000000000000100, 2.849999999999991700, 7.000000000000000000 ) ) ;
#10070 = CONICAL_SURFACE ( 'NONE', #2772, 1.899999999999999700, 0.7853981633974507200 ) ;
#10071 =( NAMED_UNIT ( * ) SI_UNIT ( $, .STERADIAN. ) SOLID_ANGLE_UNIT ( ) );
#10072 = DIRECTION ( 'NONE',  ( 0.0000000000000000000, 0.0000000000000000000, 1.000000000000000000 ) ) ;
#10073 = ORIENTED_EDGE ( 'NONE', *, *, #4958, .F. ) ;
#10074 = DIRECTION ( 'NONE',  ( 0.0000000000000000000, 0.0000000000000000000, -1.000000000000000000 ) ) ;
#10075 = ORIENTED_EDGE ( 'NONE', *, *, #6412, .F. ) ;
#10076 = APPLICATION_PROTOCOL_DEFINITION ( 'draft international standard', 'automotive_design', 1998, #5472 ) ;
#10077 = CARTESIAN_POINT ( 'NONE',  ( 9.200000000000001100, -5.401102314577129500, 5.099999999999999600 ) ) ;
#10078 = AXIS2_PLACEMENT_3D ( 'NONE', #3442, #9849, #4357 ) ;
#10079 = EDGE_CURVE ( 'NONE', #1666, #6938, #3766, .T. ) ;
#10080 = EDGE_CURVE ( 'NONE', #6726, #238, #5898, .T. ) ;
#10081 = FACE_OUTER_BOUND ( 'NONE', #8196, .T. ) ;
#10082 = ORIENTED_EDGE ( 'NONE', *, *, #40, .T. ) ;
#10083 = SURFACE_STYLE_USAGE ( .BOTH. , #3668 ) ;
#10084 = CARTESIAN_POINT ( 'NONE',  ( -32.20000000000001700, 0.2999999999999999900, 47.20000000000001700 ) ) ;
#10085 = DIRECTION ( 'NONE',  ( -0.0000000000000000000, -1.000000000000000000, -0.0000000000000000000 ) ) ;
#10086 = CARTESIAN_POINT ( 'NONE',  ( -34.40000000000001300, -0.2999999999999999900, -49.39999999999999900 ) ) ;
#10087 = ORIENTED_EDGE ( 'NONE', *, *, #1300, .F. ) ;
#10088 = DIRECTION ( 'NONE',  ( -0.0000000000000000000, -1.000000000000000000, -0.0000000000000000000 ) ) ;
#10089 = VERTEX_POINT ( 'NONE', #677 ) ;
#10090 = SURFACE_SIDE_STYLE ('',( #6824 ) ) ;
#10091 = DIRECTION ( 'NONE',  ( 0.0000000000000000000, 0.0000000000000000000, 1.000000000000000000 ) ) ;
#10092 = VECTOR ( 'NONE', #4314, 1000.000000000000000 ) ;
#10093 = PRESENTATION_STYLE_ASSIGNMENT (( #9744 ) ) ;
#10094 = LINE ( 'NONE', #10907, #618 ) ;
#10095 = VERTEX_POINT ( 'NONE', #6176 ) ;
#10096 = DIRECTION ( 'NONE',  ( 1.000000000000000000, -7.725906217236368800E-017, 0.0000000000000000000 ) ) ;
#10097 = EDGE_CURVE ( 'NONE', #11853, #9536, #3178, .T. ) ;
#10098 = STYLED_ITEM ( 'NONE', ( #9710 ), #1149 ) ;
#10099 = DIRECTION ( 'NONE',  ( 3.168854151125935100E-048, 1.899788849813798600E-031, -1.000000000000000000 ) ) ;
#10100 = ORIENTED_EDGE ( 'NONE', *, *, #7958, .T. ) ;
#10101 = CARTESIAN_POINT ( 'NONE',  ( -33.00000000000000000, 3.500000000000000000, -49.39999999999999900 ) ) ;
#10102 = PLANE ( 'NONE',  #8207 ) ;
#10103 = EDGE_LOOP ( 'NONE', ( #10299, #6061 ) ) ;
#10104 = EDGE_CURVE ( 'NONE', #1885, #6582, #1620, .T. ) ;
#10105 = DIRECTION ( 'NONE',  ( 0.0000000000000000000, 0.0000000000000000000, -1.000000000000000000 ) ) ;
#10106 = LINE ( 'NONE', #7525, #2786 ) ;
#10107 = CARTESIAN_POINT ( 'NONE',  ( -6.349999999999990800, 0.0000000000000000000, 0.0000000000000000000 ) ) ;
#10108 = ORIENTED_EDGE ( 'NONE', *, *, #2524, .F. ) ;
#10109 = DIRECTION ( 'NONE',  ( 0.0000000000000000000, 0.0000000000000000000, 1.000000000000000000 ) ) ;
#10110 = CARTESIAN_POINT ( 'NONE',  ( -32.20000000000001700, 0.2999999999999999900, 49.35000000000001600 ) ) ;
#10111 = EDGE_LOOP ( 'NONE', ( #2489, #675, #9045, #11115 ) ) ;
#10112 = ADVANCED_FACE ( 'NONE', ( #10228 ), #4374, .F. ) ;
#10113 = FACE_OUTER_BOUND ( 'NONE', #11144, .T. ) ;
#10114 = CARTESIAN_POINT ( 'NONE',  ( -1.199999999999997500, -0.9100000000000041400, 1.299999999999999200 ) ) ;
#10115 = PRODUCT_CONTEXT ( 'NONE', #907, 'mechanical' ) ;
#10116 = FACE_OUTER_BOUND ( 'NONE', #9871, .T. ) ;
#10117 = VECTOR ( 'NONE', #9025, 1000.000000000000000 ) ;
#10118 = EDGE_CURVE ( 'NONE', #10263, #4710, #6927, .T. ) ;
#10119 =( GEOMETRIC_REPRESENTATION_CONTEXT ( 3 ) GLOBAL_UNCERTAINTY_ASSIGNED_CONTEXT ( ( #7947 ) ) GLOBAL_UNIT_ASSIGNED_CONTEXT ( ( #1329, #7755, #2239 ) ) REPRESENTATION_CONTEXT ( 'NONE', 'WORKASPACE' ) );
#10120 = DIRECTION ( 'NONE',  ( -0.0000000000000000000, -1.000000000000000000, -0.0000000000000000000 ) ) ;
#10121 = ORIENTED_EDGE ( 'NONE', *, *, #1420, .T. ) ;
#10122 = AXIS2_PLACEMENT_3D ( 'NONE', #8113, #2602, #9016 ) ;
#10123 = EDGE_LOOP ( 'NONE', ( #10222, #1797, #5606, #9810 ) ) ;
#10124 = ORIENTED_EDGE ( 'NONE', *, *, #496, .T. ) ;
#10125 = DIRECTION ( 'NONE',  ( -1.000000000000000000, 0.0000000000000000000, 0.0000000000000000000 ) ) ;
#10126 = VECTOR ( 'NONE', #10293, 1000.000000000000000 ) ;
#10127 = CARTESIAN_POINT ( 'NONE',  ( -5.899999999999998600, 0.2899999999999997000, 5.099999999999999600 ) ) ;
#10128 = CARTESIAN_POINT ( 'NONE',  ( -34.39999999999998400, 2.899999999999999900, -39.00000000000000700 ) ) ;
#10129 = FACE_OUTER_BOUND ( 'NONE', #272, .T. ) ;
#10130 =( GEOMETRIC_REPRESENTATION_CONTEXT ( 3 ) GLOBAL_UNCERTAINTY_ASSIGNED_CONTEXT ( ( #4402 ) ) GLOBAL_UNIT_ASSIGNED_CONTEXT ( ( #4367, #10797, #5282 ) ) REPRESENTATION_CONTEXT ( 'NONE', 'WORKASPACE' ) );
#10131 =( NAMED_UNIT ( * ) PLANE_ANGLE_UNIT ( ) SI_UNIT ( $, .RADIAN. ) );
#10132 = PLANE ( 'NONE',  #395 ) ;
#10133 = VECTOR ( 'NONE', #7687, 1000.000000000000000 ) ;
#10134 = ORIENTED_EDGE ( 'NONE', *, *, #2758, .F. ) ;
#10135 = EDGE_CURVE ( 'NONE', #6370, #5009, #2306, .T. ) ;
#10136 = VERTEX_POINT ( 'NONE', #9867 ) ;
#10137 = CARTESIAN_POINT ( 'NONE',  ( 1.199999999999999700, 0.0000000000000000000, 1.000000000000000000 ) ) ;
#10138 = CARTESIAN_POINT ( 'NONE',  ( -5.899999999999998600, -0.9500000000000009500, 6.299999999999999800 ) ) ;
#10139 = FACE_OUTER_BOUND ( 'NONE', #4674, .T. ) ;
#10140 = CARTESIAN_POINT ( 'NONE',  ( 2.700000000000002000, -5.401102314577125100, 0.7000000000000009500 ) ) ;
#10141 = CARTESIAN_POINT ( 'NONE',  ( 34.39999999999999900, 3.500000000000000000, -48.00000000000000000 ) ) ;
#10142 = UNCERTAINTY_MEASURE_WITH_UNIT (LENGTH_MEASURE( 1.000000000000000100E-005 ), #3310, 'distance_accuracy_value', 'NONE');
#10143 = CARTESIAN_POINT ( 'NONE',  ( 35.00000000000001400, -3.000000000000000400, 48.00000000000000000 ) ) ;
#10144 = CIRCLE ( 'NONE', #11437, 1.249999999999987100 ) ;
#10145 = EDGE_LOOP ( 'NONE', ( #5601, #5511, #6306, #3760 ) ) ;
#10146 = AXIS2_PLACEMENT_3D ( 'NONE', #8925, #3441, #9847 ) ;
#10147 = DIRECTION ( 'NONE',  ( 0.0000000000000000000, 0.0000000000000000000, -1.000000000000000000 ) ) ;
#10148 = DIRECTION ( 'NONE',  ( 2.646366421711166800E-047, 1.899788849813798600E-031, -1.000000000000000000 ) ) ;
#10149 = LINE ( 'NONE', #793, #3104 ) ;
#10150 =( NAMED_UNIT ( * ) PLANE_ANGLE_UNIT ( ) SI_UNIT ( $, .RADIAN. ) );
#10151 = SURFACE_STYLE_USAGE ( .BOTH. , #3739 ) ;
#10152 = CARTESIAN_POINT ( 'NONE',  ( 35.00000000000001400, 0.5000000000000000000, 40.59999999999998000 ) ) ;
#10153 = ORIENTED_EDGE ( 'NONE', *, *, #10978, .F. ) ;
#10154 = FACE_BOUND ( 'NONE', #7345, .T. ) ;
#10155 = EDGE_CURVE ( 'NONE', #10492, #3095, #4485, .T. ) ;
#10156 =( NAMED_UNIT ( * ) SI_UNIT ( $, .STERADIAN. ) SOLID_ANGLE_UNIT ( ) );
#10157 =( REPRESENTATION_RELATIONSHIP ('NONE','NONE', #1637, #6512 ) REPRESENTATION_RELATIONSHIP_WITH_TRANSFORMATION ( #6261 )SHAPE_REPRESENTATION_RELATIONSHIP( ) );
#10158 = VECTOR ( 'NONE', #5044, 1000.000000000000000 ) ;
#10159 = ORIENTED_EDGE ( 'NONE', *, *, #7072, .T. ) ;
#10160 = CARTESIAN_POINT ( 'NONE',  ( 26.55000000000000400, -2.900000000000000400, -43.20000000000000300 ) ) ;
#10161 = ORIENTED_EDGE ( 'NONE', *, *, #11813, .F. ) ;
#10162 = FACE_OUTER_BOUND ( 'NONE', #9918, .T. ) ;
#10163 = CARTESIAN_POINT ( 'NONE',  ( 32.20000000000001700, 0.2999999999999999900, -47.20000000000001700 ) ) ;
#10164 = PRESENTATION_STYLE_ASSIGNMENT (( #595 ) ) ;
#10165 = CARTESIAN_POINT ( 'NONE',  ( -20.55000000000000100, 1.949999999999992000, 0.0000000000000000000 ) ) ;
#10166 = CARTESIAN_POINT ( 'NONE',  ( 7.900000000000000400, -0.8100000000000041600, 5.099999999999999600 ) ) ;
#10167 = VECTOR ( 'NONE', #3319, 1000.000000000000000 ) ;
#10168 = DIRECTION ( 'NONE',  ( -2.409338161078899700E-016, 4.018784105375343200E-033, 1.000000000000000000 ) ) ;
#10169 = VECTOR ( 'NONE', #8466, 1000.000000000000000 ) ;
#10170 = AXIS2_PLACEMENT_3D ( 'NONE', #9447, #3039, #3946 ) ;
#10172 = EDGE_CURVE ( 'NONE', #9771, #10892, #11520, .T. ) ;
#10171 = ORIENTED_EDGE ( 'NONE', *, *, #4568, .F. ) ;
#10173 = CARTESIAN_POINT ( 'NONE',  ( -34.99999999999999300, -3.000000000000000400, 48.00000000000000000 ) ) ;
#10174 = AXIS2_PLACEMENT_3D ( 'NONE', #2617, #9033, #3541 ) ;
#10175 = DIRECTION ( 'NONE',  ( 0.0000000000000000000, 0.0000000000000000000, -1.000000000000000000 ) ) ;
#10176 = LINE ( 'NONE', #6136, #8042 ) ;
#10177 = ADVANCED_FACE ( 'NONE', ( #11224 ), #3533, .T. ) ;
#10178 = EDGE_CURVE ( 'NONE', #8801, #1774, #4181, .T. ) ;
#10179 = VERTEX_POINT ( 'NONE', #7218 ) ;
#10180 = FACE_OUTER_BOUND ( 'NONE', #7962, .T. ) ;
#10181 = SURFACE_STYLE_FILL_AREA ( #7356 ) ;
#10182 = ORIENTED_EDGE ( 'NONE', *, *, #10135, .T. ) ;
#10183 = LINE ( 'NONE', #7241, #3446 ) ;
#10184 = ORIENTED_EDGE ( 'NONE', *, *, #11025, .F. ) ;
#10185 = CARTESIAN_POINT ( 'NONE',  ( 5.300000000000002500, -0.8100000000000041600, 5.099999999999999600 ) ) ;
#10186 = SURFACE_STYLE_FILL_AREA ( #1432 ) ;
#10187 = SURFACE_SIDE_STYLE ('',( #438 ) ) ;
#10188 = EDGE_LOOP ( 'NONE', ( #4346, #9128, #1485, #6377 ) ) ;
#10189 = VECTOR ( 'NONE', #6241, 1000.000000000000000 ) ;
#10190 = LINE ( 'NONE', #5941, #2869 ) ;
#10191 = ORIENTED_EDGE ( 'NONE', *, *, #170, .T. ) ;
#10192 = DIRECTION ( 'NONE',  ( 0.0000000000000000000, -1.000000000000000000, 0.0000000000000000000 ) ) ;
#10193 = SURFACE_STYLE_FILL_AREA ( #11065 ) ;
#10194 = VECTOR ( 'NONE', #7973, 1000.000000000000000 ) ;
#10195 = DIRECTION ( 'NONE',  ( 1.000000000000000000, 0.0000000000000000000, -0.0000000000000000000 ) ) ;
#10196 = ORIENTED_EDGE ( 'NONE', *, *, #11551, .T. ) ;
#10197 = EDGE_CURVE ( 'NONE', #781, #5507, #8770, .T. ) ;
#10198 = PRESENTATION_LAYER_ASSIGNMENT (  '', '', ( #8958 ) ) ;
#10199 = ORIENTED_EDGE ( 'NONE', *, *, #7807, .T. ) ;
#10200 = EDGE_CURVE ( 'NONE', #565, #7508, #1748, .T. ) ;
#10201 = EDGE_CURVE ( 'NONE', #724, #8104, #6343, .T. ) ;
#10202 = CARTESIAN_POINT ( 'NONE',  ( -33.00000000000000000, -3.000000000000000400, -50.00000000000000000 ) ) ;
#10203 = VERTEX_POINT ( 'NONE', #7254 ) ;
#10204 = DIRECTION ( 'NONE',  ( -0.0000000000000000000, -1.000000000000000000, -0.0000000000000000000 ) ) ;
#10205 = CARTESIAN_POINT ( 'NONE',  ( -34.99999999999999300, 0.5000000000000000000, 41.84999999999997300 ) ) ;
#10206 = VECTOR ( 'NONE', #6, 1000.000000000000000 ) ;
#10207 = DIRECTION ( 'NONE',  ( 3.423796334164750500E-016, 0.0000000000000000000, -1.000000000000000000 ) ) ;
#10208 = ORIENTED_EDGE ( 'NONE', *, *, #5550, .T. ) ;
#10209 = FACE_BOUND ( 'NONE', #1719, .T. ) ;
#10210 = AXIS2_PLACEMENT_3D ( 'NONE', #9189, #3695, #10109 ) ;
#10211 = VERTEX_POINT ( 'NONE', #8200 ) ;
#10212 = VECTOR ( 'NONE', #9398, 1000.000000000000000 ) ;
#10213 = DIRECTION ( 'NONE',  ( -0.7071067811865473500, 0.7071067811865477900, 0.0000000000000000000 ) ) ;
#10214 = DIRECTION ( 'NONE',  ( 0.0000000000000000000, -1.000000000000000000, -0.0000000000000000000 ) ) ;
#10215 = EDGE_CURVE ( 'NONE', #11325, #336, #9358, .T. ) ;
#10216 = AXIS2_PLACEMENT_3D ( 'NONE', #3513, #9925, #4430 ) ;
#10217 = MECHANICAL_DESIGN_GEOMETRIC_PRESENTATION_REPRESENTATION (  '', ( #8983 ), #10840 ) ;
#10218 = LINE ( 'NONE', #363, #5330 ) ;
#10219 = PLANE ( 'NONE',  #11497 ) ;
#10220 = SURFACE_STYLE_USAGE ( .BOTH. , #3793 ) ;
#10221 = UNCERTAINTY_MEASURE_WITH_UNIT (LENGTH_MEASURE( 1.000000000000000100E-005 ), #10062, 'distance_accuracy_value', 'NONE');
#10222 = ORIENTED_EDGE ( 'NONE', *, *, #8469, .F. ) ;
#10223 = VERTEX_POINT ( 'NONE', #3615 ) ;
#10224 = AXIS2_PLACEMENT_3D ( 'NONE', #4591, #956, #7357 ) ;
#10225 = DIRECTION ( 'NONE',  ( 0.0000000000000000000, 0.0000000000000000000, -1.000000000000000000 ) ) ;
#10226 = SURFACE_STYLE_USAGE ( .BOTH. , #3803 ) ;
#10227 = LINE ( 'NONE', #48, #2901 ) ;
#10228 = FACE_OUTER_BOUND ( 'NONE', #3047, .T. ) ;
#10229 = VECTOR ( 'NONE', #6056, 1000.000000000000000 ) ;
#10230 = DIRECTION ( 'NONE',  ( -0.0000000000000000000, 0.0000000000000000000, 1.000000000000000000 ) ) ;
#10231 = VERTEX_POINT ( 'NONE', #10959 ) ;
#10232 = ORIENTED_EDGE ( 'NONE', *, *, #11116, .F. ) ;
#10233 = CARTESIAN_POINT ( 'NONE',  ( -20.55000000000000100, 0.6699999999999918200, 5.099999999999999600 ) ) ;
#10234 = VERTEX_POINT ( 'NONE', #2685 ) ;
#10235 = DIRECTION ( 'NONE',  ( 1.392979236598078500E-016, 1.000000000000000000, -0.0000000000000000000 ) ) ;
#10236 = ORIENTED_EDGE ( 'NONE', *, *, #7558, .T. ) ;
#10237 = CARTESIAN_POINT ( 'NONE',  ( -22.80000000000000100, -0.4500000000000076700, 7.000000000000000000 ) ) ;
#10238 = DIRECTION ( 'NONE',  ( -1.000000000000000000, -0.0000000000000000000, -0.0000000000000000000 ) ) ;
#10239 = VECTOR ( 'NONE', #6278, 1000.000000000000000 ) ;
#10240 = ADVANCED_FACE ( 'NONE', ( #6047 ), #9095, .F. ) ;
#10241 = LINE ( 'NONE', #5238, #7798 ) ;
#10242 = PRODUCT_DEFINITION ( 'UNKNOWN', '', #10863, #4732 ) ;
#10243 = ORIENTED_EDGE ( 'NONE', *, *, #2656, .F. ) ;
#10244 = CARTESIAN_POINT ( 'NONE',  ( -21.30000000000000100, -0.4500000000000074500, 7.000000000000000000 ) ) ;
#10245 = STYLED_ITEM ( 'NONE', ( #9739 ), #5178 ) ;
#10246 = EDGE_CURVE ( 'NONE', #1520, #6767, #2755, .T. ) ;
#10247 = ORIENTED_EDGE ( 'NONE', *, *, #7198, .T. ) ;
#10248 = MECHANICAL_DESIGN_GEOMETRIC_PRESENTATION_REPRESENTATION (  '', ( #9011 ), #10875 ) ;
#10249 = ORIENTED_EDGE ( 'NONE', *, *, #7720, .F. ) ;
#10250 = COLOUR_RGB ( '',0.9686274509803921600, 0.8784313725490196000, 0.5999999999999999800 ) ;
#10251 = CARTESIAN_POINT ( 'NONE',  ( -32.20000000000000300, -2.100000000000000100, 46.40000000000001300 ) ) ;
#10252 = FILL_AREA_STYLE_COLOUR ( '', #11902 ) ;
#10253 =( NAMED_UNIT ( * ) SI_UNIT ( $, .STERADIAN. ) SOLID_ANGLE_UNIT ( ) );
#10254 = CARTESIAN_POINT ( 'NONE',  ( 26.55000000000000400, -3.500000000000000000, -42.20000000000000300 ) ) ;
#10255 = LINE ( 'NONE', #2377, #3213 ) ;
#10256 = ORIENTED_EDGE ( 'NONE', *, *, #7308, .F. ) ;
#10257 = VERTEX_POINT ( 'NONE', #7333 ) ;
#10258 = DIRECTION ( 'NONE',  ( -1.000000000000000000, -1.084202172485505300E-016, 0.0000000000000000000 ) ) ;
#10259 = PLANE ( 'NONE',  #5339 ) ;
#10260 = ORIENTED_EDGE ( 'NONE', *, *, #10820, .F. ) ;
#10261 = ORIENTED_EDGE ( 'NONE', *, *, #8861, .T. ) ;
#10262 = LINE ( 'NONE', #4607, #3227 ) ;
#10263 = VERTEX_POINT ( 'NONE', #931 ) ;
#10264 = DIRECTION ( 'NONE',  ( -1.000000000000000000, 1.030120828964849300E-016, -0.0000000000000000000 ) ) ;
#10265 = FILL_AREA_STYLE ('',( #1981 ) ) ;
#10266 = CARTESIAN_POINT ( 'NONE',  ( 32.00000000000000000, -2.899999999999999900, -47.00000000000001400 ) ) ;
#10267 = AXIS2_PLACEMENT_3D ( 'NONE', #2610, #9022, #3534 ) ;
#10268 = EDGE_CURVE ( 'NONE', #10492, #7623, #7341, .T. ) ;
#10269 = EDGE_LOOP ( 'NONE', ( #2850, #8798, #3840, #11766 ) ) ;
#10270 = CARTESIAN_POINT ( 'NONE',  ( -15.03999999999999900, -0.9100000000000011400, 0.7000000000000005100 ) ) ;
#10271 = VECTOR ( 'NONE', #10175, 1000.000000000000000 ) ;
#10272 =( NAMED_UNIT ( * ) PLANE_ANGLE_UNIT ( ) SI_UNIT ( $, .RADIAN. ) );
#10273 = FILL_AREA_STYLE ('',( #8416 ) ) ;
#10274 = LINE ( 'NONE', #3041, #7833 ) ;
#10275 = DIRECTION ( 'NONE',  ( -1.392979236598078500E-016, -1.000000000000000000, 0.0000000000000000000 ) ) ;
#10276 = ORIENTED_EDGE ( 'NONE', *, *, #8884, .F. ) ;
#10277 = DIRECTION ( 'NONE',  ( 0.0000000000000000000, 0.0000000000000000000, 1.000000000000000000 ) ) ;
#10278 = ORIENTED_EDGE ( 'NONE', *, *, #2436, .T. ) ;
#10279 = DIRECTION ( 'NONE',  ( 1.000000000000000000, -1.668003342285391100E-017, 4.565061778886338000E-016 ) ) ;
#10280 = VERTEX_POINT ( 'NONE', #10101 ) ;
#10281 = VECTOR ( 'NONE', #2391, 1000.000000000000000 ) ;
#10282 = EDGE_CURVE ( 'NONE', #6597, #1290, #287, .T. ) ;
#10283 = AXIS2_PLACEMENT_3D ( 'NONE', #10152, #11053, #4657 ) ;
#10284 = DIRECTION ( 'NONE',  ( 0.0000000000000000000, 0.0000000000000000000, 1.000000000000000000 ) ) ;
#10285 = LINE ( 'NONE', #769, #7542 ) ;
#10286 =( GEOMETRIC_REPRESENTATION_CONTEXT ( 3 ) GLOBAL_UNCERTAINTY_ASSIGNED_CONTEXT ( ( #7344 ) ) GLOBAL_UNIT_ASSIGNED_CONTEXT ( ( #2535, #8954, #3475 ) ) REPRESENTATION_CONTEXT ( 'NONE', 'WORKASPACE' ) );
#10287 =( NAMED_UNIT ( * ) SI_UNIT ( $, .STERADIAN. ) SOLID_ANGLE_UNIT ( ) );
#10288 = DIRECTION ( 'NONE',  ( 1.055184596092948200E-017, 1.000000000000000000, -0.0000000000000000000 ) ) ;
#10289 = ORIENTED_EDGE ( 'NONE', *, *, #3954, .F. ) ;
#10290 = FILL_AREA_STYLE_COLOUR ( '', #8611 ) ;
#10291 = VECTOR ( 'NONE', #5689, 1000.000000000000000 ) ;
#10292 = AXIS2_PLACEMENT_3D ( 'NONE', #10063, #4565, #10995 ) ;
#10293 = DIRECTION ( 'NONE',  ( -1.000000000000000000, 1.392979236598078500E-016, -0.0000000000000000000 ) ) ;
#10294 = CARTESIAN_POINT ( 'NONE',  ( 2.700000000000002800, -0.8100000000000041600, 5.099999999999999600 ) ) ;
#10295 = ADVANCED_FACE ( 'NONE', ( #2458 ), #7, .T. ) ;
#10296 = FACE_OUTER_BOUND ( 'NONE', #3222, .T. ) ;
#10297 = CYLINDRICAL_SURFACE ( 'NONE', #3448, 0.7999999999999951600 ) ;
#10298 = DIRECTION ( 'NONE',  ( 0.0000000000000000000, 0.0000000000000000000, 1.000000000000000000 ) ) ;
#10299 = ORIENTED_EDGE ( 'NONE', *, *, #10418, .T. ) ;
#10300 = PRESENTATION_STYLE_ASSIGNMENT (( #9776 ) ) ;
#10301 =( NAMED_UNIT ( * ) PLANE_ANGLE_UNIT ( ) SI_UNIT ( $, .RADIAN. ) );
#10302 = CARTESIAN_POINT ( 'NONE',  ( -34.39999999999998400, -2.900000000000000400, 37.59999999999998000 ) ) ;
#10303 = CARTESIAN_POINT ( 'NONE',  ( 1.757653333333334200, -2.168404344971008900E-016, 0.1137733333333334600 ) ) ;
#10304 = ORIENTED_EDGE ( 'NONE', *, *, #6945, .T. ) ;
#10305 = LINE ( 'NONE', #6622, #3277 ) ;
#10306 = LINE ( 'NONE', #1867, #2978 ) ;
#10307 = DIRECTION ( 'NONE',  ( -0.0000000000000000000, -1.000000000000000000, -0.0000000000000000000 ) ) ;
#10308 = VECTOR ( 'NONE', #4371, 1000.000000000000000 ) ;
#10309 = ORIENTED_EDGE ( 'NONE', *, *, #8488, .F. ) ;
#10310 = CARTESIAN_POINT ( 'NONE',  ( 4.000000000000002700, -0.9100000000000029200, 5.099999999999999600 ) ) ;
#10311 = FILL_AREA_STYLE ('',( #11158 ) ) ;
#10312 = AXIS2_PLACEMENT_3D ( 'NONE', #7601, #2093, #8510 ) ;
#10313 = SURFACE_STYLE_FILL_AREA ( #1807 ) ;
#10314 = DIRECTION ( 'NONE',  ( -0.0000000000000000000, -0.0000000000000000000, -1.000000000000000000 ) ) ;
#10315 = EDGE_CURVE ( 'NONE', #5353, #2621, #5182, .T. ) ;
#10316 = CARTESIAN_POINT ( 'NONE',  ( 33.00000000000000000, 3.500000000000000000, -48.00000000000000000 ) ) ;
#10317 = EDGE_CURVE ( 'NONE', #4814, #10257, #7070, .T. ) ;
#10318 = ORIENTED_EDGE ( 'NONE', *, *, #9753, .T. ) ;
#10319 = CARTESIAN_POINT ( 'NONE',  ( 6.600000000000001400, -4.815124837953332500, 5.099999999999999600 ) ) ;
#10320 = VECTOR ( 'NONE', #6223, 1000.000000000000000 ) ;
#10321 = FACE_OUTER_BOUND ( 'NONE', #4249, .T. ) ;
#10322 = VECTOR ( 'NONE', #10342, 1000.000000000000000 ) ;
#10323 = DIRECTION ( 'NONE',  ( 0.0000000000000000000, 1.000000000000000000, 0.0000000000000000000 ) ) ;
#10324 = ORIENTED_EDGE ( 'NONE', *, *, #3035, .F. ) ;
#10325 = SURFACE_STYLE_USAGE ( .BOTH. , #3893 ) ;
#10326 = FACE_OUTER_BOUND ( 'NONE', #2854, .T. ) ;
#10327 = SURFACE_STYLE_USAGE ( .BOTH. , #3896 ) ;
#10328 = VERTEX_POINT ( 'NONE', #11078 ) ;
#10329 = DIRECTION ( 'NONE',  ( -0.0000000000000000000, -0.0000000000000000000, 1.000000000000000000 ) ) ;
#10330 = LINE ( 'NONE', #4600, #250 ) ;
#10331 = VECTOR ( 'NONE', #1669, 1000.000000000000000 ) ;
#10332 = FACE_OUTER_BOUND ( 'NONE', #4631, .T. ) ;
#10333 = EDGE_CURVE ( 'NONE', #11585, #5987, #9216, .T. ) ;
#10334 = ORIENTED_EDGE ( 'NONE', *, *, #4943, .T. ) ;
#10335 = ORIENTED_EDGE ( 'NONE', *, *, #6776, .T. ) ;
#10336 = CARTESIAN_POINT ( 'NONE',  ( 5.300000000000001600, -5.401102314577125100, 0.7000000000000010700 ) ) ;
#10337 = LINE ( 'NONE', #6108, #7905 ) ;
#10338 = AXIS2_PLACEMENT_3D ( 'NONE', #10791, #5275, #11706 ) ;
#10339 = ORIENTED_EDGE ( 'NONE', *, *, #6430, .T. ) ;
#10340 = EDGE_CURVE ( 'NONE', #3172, #406, #11652, .T. ) ;
#10341 = SURFACE_STYLE_FILL_AREA ( #6772 ) ;
#10342 = DIRECTION ( 'NONE',  ( -1.000000000000000000, -1.204669080539449800E-016, 0.0000000000000000000 ) ) ;
#10343 = CIRCLE ( 'NONE', #262, 2.500000000000002200 ) ;
#10344 = VECTOR ( 'NONE', #2057, 1000.000000000000000 ) ;
#10345 = EDGE_LOOP ( 'NONE', ( #11227, #5249, #11204, #10838 ) ) ;
#10346 = SURFACE_SIDE_STYLE ('',( #4750 ) ) ;
#10347 = ORIENTED_EDGE ( 'NONE', *, *, #5853, .T. ) ;
#10348 = CARTESIAN_POINT ( 'NONE',  ( -9.599999999999997900, -0.8100000000000013900, 5.099999999999999600 ) ) ;
#10349 = ORIENTED_EDGE ( 'NONE', *, *, #6865, .F. ) ;
#10350 = DIRECTION ( 'NONE',  ( -1.000000000000000000, 0.0000000000000000000, 0.0000000000000000000 ) ) ;
#10351 = DIRECTION ( 'NONE',  ( 0.0000000000000000000, 1.000000000000000000, 0.0000000000000000000 ) ) ;
#10352 = DIRECTION ( 'NONE',  ( 0.0000000000000000000, -1.000000000000000000, 0.0000000000000000000 ) ) ;
#10353 = EDGE_CURVE ( 'NONE', #9877, #1837, #4332, .T. ) ;
#10354 = SURFACE_STYLE_FILL_AREA ( #5192 ) ;
#10355 = EDGE_CURVE ( 'NONE', #6125, #1405, #9789, .T. ) ;
#10356 = DIRECTION ( 'NONE',  ( 0.0000000000000000000, -1.000000000000000000, -0.0000000000000000000 ) ) ;
#10357 = MECHANICAL_DESIGN_GEOMETRIC_PRESENTATION_REPRESENTATION (  '', ( #9116 ), #10980 ) ;
#10358 = FILL_AREA_STYLE_COLOUR ( '', #2682 ) ;
#10359 = ADVANCED_FACE ( 'NONE', ( #1883 ), #11086, .F. ) ;
#10360 = DIRECTION ( 'NONE',  ( 0.0000000000000000000, -1.000000000000000000, 0.0000000000000000000 ) ) ;
#10361 = CARTESIAN_POINT ( 'NONE',  ( 2.300000000000001600, -5.401102314577125100, 5.099999999999999600 ) ) ;
#10362 = VECTOR ( 'NONE', #171, 1000.000000000000000 ) ;
#10363 = CARTESIAN_POINT ( 'NONE',  ( 32.20000000000001700, 0.2999999999999999900, 45.05000000000001800 ) ) ;
#10364 = UNCERTAINTY_MEASURE_WITH_UNIT (LENGTH_MEASURE( 1.000000000000000100E-005 ), #10504, 'distance_accuracy_value', 'NONE');
#10365 = EDGE_LOOP ( 'NONE', ( #5883, #149, #10721, #10904, #1918, #6709, #26 ) ) ;
#10366 = CARTESIAN_POINT ( 'NONE',  ( -12.12000000000000300, -0.9100000000000010300, 5.100000000000000500 ) ) ;
#10367 = PLANE ( 'NONE',  #1150 ) ;
#10368 = EDGE_CURVE ( 'NONE', #3374, #5217, #1612, .T. ) ;
#10369 = ORIENTED_EDGE ( 'NONE', *, *, #11212, .F. ) ;
#10370 = ADVANCED_FACE ( 'NONE', ( #8921 ), #3757, .T. ) ;
#10371 = CARTESIAN_POINT ( 'NONE',  ( 14.39999999999999900, -0.9100000000000071400, 5.099999999999999600 ) ) ;
#10372 = DIRECTION ( 'NONE',  ( -0.0000000000000000000, -1.000000000000000000, -0.0000000000000000000 ) ) ;
#10373 = LINE ( 'NONE', #428, #8231 ) ;
#10374 = CIRCLE ( 'NONE', #5189, 1.250000000000001100 ) ;
#10375 = ORIENTED_EDGE ( 'NONE', *, *, #11729, .T. ) ;
#10376 = CARTESIAN_POINT ( 'NONE',  ( -30.86000000000000700, -3.500000000000000000, -37.25000000000000700 ) ) ;
#10377 = ORIENTED_EDGE ( 'NONE', *, *, #2864, .F. ) ;
#10378 = DIRECTION ( 'NONE',  ( -0.0000000000000000000, -1.000000000000000000, -0.0000000000000000000 ) ) ;
#10379 = DIRECTION ( 'NONE',  ( 0.0000000000000000000, -0.0000000000000000000, 1.000000000000000000 ) ) ;
#10380 = ORIENTED_EDGE ( 'NONE', *, *, #4519, .F. ) ;
#10381 = CARTESIAN_POINT ( 'NONE',  ( -32.00000000000000000, -2.900000000000000400, -45.00000000000001400 ) ) ;
#10382 = EDGE_CURVE ( 'NONE', #4224, #7849, #8615, .T. ) ;
#10383 = LINE ( 'NONE', #2465, #3053 ) ;
#10384 = CARTESIAN_POINT ( 'NONE',  ( 3.000000000000002700, 0.0000000000000000000, 0.0000000000000000000 ) ) ;
#10385 = VECTOR ( 'NONE', #4200, 1000.000000000000000 ) ;
#10386 = LINE ( 'NONE', #11820, #2779 ) ;
#10387 = CARTESIAN_POINT ( 'NONE',  ( -33.89999999999998400, -2.900000000000000400, 38.09999999999998000 ) ) ;
#10388 = VERTEX_POINT ( 'NONE', #6567 ) ;
#10389 = DIRECTION ( 'NONE',  ( -1.000000000000000000, 0.0000000000000000000, 0.0000000000000000000 ) ) ;
#10390 = ORIENTED_EDGE ( 'NONE', *, *, #6632, .F. ) ;
#10391 = CARTESIAN_POINT ( 'NONE',  ( 7.500000000000001800, -0.8100000000000041600, 5.099999999999999600 ) ) ;
#10392 = DIRECTION ( 'NONE',  ( -0.0000000000000000000, 0.0000000000000000000, 1.000000000000000000 ) ) ;
#10393 = VERTEX_POINT ( 'NONE', #1042 ) ;
#10394 = VECTOR ( 'NONE', #7555, 1000.000000000000000 ) ;
#10395 = ORIENTED_EDGE ( 'NONE', *, *, #4188, .F. ) ;
#10396 = AXIS2_PLACEMENT_3D ( 'NONE', #5752, #2090, #8507 ) ;
#10397 = EDGE_CURVE ( 'NONE', #2182, #11168, #6192, .T. ) ;
#10398 =( GEOMETRIC_REPRESENTATION_CONTEXT ( 3 ) GLOBAL_UNCERTAINTY_ASSIGNED_CONTEXT ( ( #10893 ) ) GLOBAL_UNIT_ASSIGNED_CONTEXT ( ( #7933, #2404, #8818 ) ) REPRESENTATION_CONTEXT ( 'NONE', 'WORKASPACE' ) );
#10399 = SURFACE_SIDE_STYLE ('',( #1392 ) ) ;
#10400 = ORIENTED_EDGE ( 'NONE', *, *, #11197, .T. ) ;
#10401 = FILL_AREA_STYLE_COLOUR ( '', #4709 ) ;
#10402 = LINE ( 'NONE', #8234, #5526 ) ;
#10403 = DIRECTION ( 'NONE',  ( 0.0000000000000000000, 0.0000000000000000000, -1.000000000000000000 ) ) ;
#10404 = DIRECTION ( 'NONE',  ( -0.0000000000000000000, -1.000000000000000000, -0.0000000000000000000 ) ) ;
#10405 = CIRCLE ( 'NONE', #9031, 2.149999999999999000 ) ;
#10406 = FILL_AREA_STYLE_COLOUR ( '', #3805 ) ;
#10407 = DIRECTION ( 'NONE',  ( -1.392979236598078500E-016, 1.000000000000000000, 0.0000000000000000000 ) ) ;
#10408 = EDGE_LOOP ( 'NONE', ( #2927, #7826, #691, #8110 ) ) ;
#10409 = ADVANCED_FACE ( 'NONE', ( #1309 ), #3838, .F. ) ;
#10410 = ORIENTED_EDGE ( 'NONE', *, *, #95, .F. ) ;
#10411 = ORIENTED_EDGE ( 'NONE', *, *, #6848, .F. ) ;
#10412 = CARTESIAN_POINT ( 'NONE',  ( -3.999999999999997300, -1.950000000000001100, 0.0000000000000000000 ) ) ;
#10413 = VECTOR ( 'NONE', #10258, 1000.000000000000000 ) ;
#10414 = PLANE ( 'NONE',  #3916 ) ;
#10415 = VECTOR ( 'NONE', #10148, 1000.000000000000000 ) ;
#10416 =( LENGTH_UNIT ( ) NAMED_UNIT ( * ) SI_UNIT ( .MILLI., .METRE. ) );
#10417 = CARTESIAN_POINT ( 'NONE',  ( 32.00000000000000000, -2.900000000000000400, -45.00000000000001400 ) ) ;
#10418 = EDGE_CURVE ( 'NONE', #9444, #9598, #9929, .T. ) ;
#10419 =( GEOMETRIC_REPRESENTATION_CONTEXT ( 3 ) GLOBAL_UNCERTAINTY_ASSIGNED_CONTEXT ( ( #1164 ) ) GLOBAL_UNIT_ASSIGNED_CONTEXT ( ( #10576, #5063, #11507 ) ) REPRESENTATION_CONTEXT ( 'NONE', 'WORKASPACE' ) );
#10420 = EDGE_CURVE ( 'NONE', #9536, #8887, #7482, .T. ) ;
#10421 = EDGE_CURVE ( 'NONE', #11109, #10136, #432, .T. ) ;
#10422 =( LENGTH_UNIT ( ) NAMED_UNIT ( * ) SI_UNIT ( .MILLI., .METRE. ) );
#10423 = DIRECTION ( 'NONE',  ( -1.000000000000000000, 0.0000000000000000000, 0.0000000000000000000 ) ) ;
#10424 = VERTEX_POINT ( 'NONE', #10302 ) ;
#10425 = PLANE ( 'NONE',  #7909 ) ;
#10426 = ORIENTED_EDGE ( 'NONE', *, *, #893, .F. ) ;
#10427 = ADVANCED_FACE ( 'NONE', ( #5022 ), #9408, .F. ) ;
#10428 = VECTOR ( 'NONE', #4173, 1000.000000000000000 ) ;
#10429 = AXIS2_PLACEMENT_3D ( 'NONE', #9793, #4302, #10730 ) ;
#10430 = UNCERTAINTY_MEASURE_WITH_UNIT (LENGTH_MEASURE( 1.000000000000000100E-005 ), #7937, 'distance_accuracy_value', 'NONE');
#10431 = CARTESIAN_POINT ( 'NONE',  ( -5.899999999999998600, 1.949999999999991700, 6.299999999999999800 ) ) ;
#10432 = CARTESIAN_POINT ( 'NONE',  ( 34.40000000000001300, 3.500000000000000000, 48.00000000000000000 ) ) ;
#10433 = FACE_OUTER_BOUND ( 'NONE', #9272, .T. ) ;
#10434 = VERTEX_POINT ( 'NONE', #2996 ) ;
#10435 = EDGE_CURVE ( 'NONE', #9321, #8691, #6332, .T. ) ;
#10436 = AXIS2_PLACEMENT_3D ( 'NONE', #9602, #2204, #8665 ) ;
#10437 = AXIS2_PLACEMENT_3D ( 'NONE', #11680, #6177, #681 ) ;
#10438 = CARTESIAN_POINT ( 'NONE',  ( 34.39999999999998400, -2.900000000000000400, -33.50000000000000000 ) ) ;
#10439 = ORIENTED_EDGE ( 'NONE', *, *, #11367, .F. ) ;
#10440 = FACE_OUTER_BOUND ( 'NONE', #1794, .T. ) ;
#10441 = DIRECTION ( 'NONE',  ( 1.000000000000000000, -1.668003342285391100E-017, 3.423796334164750500E-016 ) ) ;
#10442 = DIRECTION ( 'NONE',  ( -0.0000000000000000000, -1.000000000000000000, -0.0000000000000000000 ) ) ;
#10443 = CARTESIAN_POINT ( 'NONE',  ( 33.89999999999998400, 2.899999999999999900, -45.00000000000001400 ) ) ;
#10444 = LINE ( 'NONE', #8693, #10158 ) ;
#10445 = ORIENTED_EDGE ( 'NONE', *, *, #11579, .T. ) ;
#10446 = AXIS2_PLACEMENT_3D ( 'NONE', #6935, #2425, #8838 ) ;
#10447 = CARTESIAN_POINT ( 'NONE',  ( -32.20000000000000300, 2.900000000000000400, 48.75000000000000000 ) ) ;
#10448 = DIRECTION ( 'NONE',  ( 1.000000000000000000, -1.084202172485505300E-016, -0.0000000000000000000 ) ) ;
#10449 = EDGE_LOOP ( 'NONE', ( #1663, #11335, #6062, #2260 ) ) ;
#10450 = SURFACE_STYLE_FILL_AREA ( #1886 ) ;
#10451 = CARTESIAN_POINT ( 'NONE',  ( 30.86000000000000700, -2.900000000000000400, -38.50000000000000700 ) ) ;
#10452 = LINE ( 'NONE', #9746, #3122 ) ;
#10453 = VERTEX_POINT ( 'NONE', #11297 ) ;
#10454 =( NAMED_UNIT ( * ) SI_UNIT ( $, .STERADIAN. ) SOLID_ANGLE_UNIT ( ) );
#10455 = DIRECTION ( 'NONE',  ( -0.0000000000000000000, -0.0000000000000000000, 1.000000000000000000 ) ) ;
#10456 = DIRECTION ( 'NONE',  ( 1.668003342285391100E-017, 1.000000000000000000, -0.0000000000000000000 ) ) ;
#10457 = DIRECTION ( 'NONE',  ( -0.0000000000000000000, -0.0000000000000000000, 1.000000000000000000 ) ) ;
#10458 = VECTOR ( 'NONE', #7041, 1000.000000000000000 ) ;
#10459 = CARTESIAN_POINT ( 'NONE',  ( 32.99999999999995700, 0.2999999999999999900, -49.39999999999999900 ) ) ;
#10460 = DIRECTION ( 'NONE',  ( 1.000000000000000000, -0.0000000000000000000, 0.0000000000000000000 ) ) ;
#10461 = ORIENTED_EDGE ( 'NONE', *, *, #11095, .T. ) ;
#10462 = LINE ( 'NONE', #10653, #8044 ) ;
#10463 = PRESENTATION_LAYER_ASSIGNMENT (  '', '', ( #9845 ) ) ;
#10464 = CIRCLE ( 'NONE', #1027, 0.5000000000000004400 ) ;
#10465 = DIRECTION ( 'NONE',  ( 0.0000000000000000000, 0.0000000000000000000, 1.000000000000000000 ) ) ;
#10466 = DIRECTION ( 'NONE',  ( -1.000000000000000000, 1.668003342285391100E-017, 0.0000000000000000000 ) ) ;
#10467 = DIRECTION ( 'NONE',  ( 0.0000000000000000000, -0.0000000000000000000, 1.000000000000000000 ) ) ;
#10468 = EDGE_LOOP ( 'NONE', ( #8697, #4500, #3532, #1283 ) ) ;
#10469 = LINE ( 'NONE', #8141, #3134 ) ;
#10470 =( GEOMETRIC_REPRESENTATION_CONTEXT ( 3 ) GLOBAL_UNCERTAINTY_ASSIGNED_CONTEXT ( ( #11468 ) ) GLOBAL_UNIT_ASSIGNED_CONTEXT ( ( #10947, #5439, #11855 ) ) REPRESENTATION_CONTEXT ( 'NONE', 'WORKASPACE' ) );
#10472 = EDGE_CURVE ( 'NONE', #10231, #7801, #8758, .T. ) ;
#10471 = ORIENTED_EDGE ( 'NONE', *, *, #2944, .T. ) ;
#10473 = DIRECTION ( 'NONE',  ( 0.0000000000000000000, -1.000000000000000000, 0.0000000000000000000 ) ) ;
#10474 = EDGE_CURVE ( 'NONE', #4521, #5507, #3887, .T. ) ;
#10475 = ADVANCED_FACE ( 'NONE', ( #10943 ), #9777, .F. ) ;
#10476 = LINE ( 'NONE', #1354, #8056 ) ;
#10477 = ORIENTED_EDGE ( 'NONE', *, *, #3673, .F. ) ;
#10478 = LINE ( 'NONE', #3240, #7744 ) ;
#10479 = VERTEX_POINT ( 'NONE', #7678 ) ;
#10480 = COLOUR_RGB ( '',0.9686274509803921600, 0.8784313725490196000, 0.5999999999999999800 ) ;
#10481 = EDGE_LOOP ( 'NONE', ( #1928, #6717, #6351, #5279, #1279, #1351 ) ) ;
#10482 = ORIENTED_EDGE ( 'NONE', *, *, #3256, .F. ) ;
#10483 = CARTESIAN_POINT ( 'NONE',  ( 6.200000000000002000, -0.9100000000000029200, 0.7000000000000012900 ) ) ;
#10484 = ORIENTED_EDGE ( 'NONE', *, *, #8676, .F. ) ;
#10485 = DIRECTION ( 'NONE',  ( 0.0000000000000000000, 1.000000000000000000, 0.0000000000000000000 ) ) ;
#10486 = FILL_AREA_STYLE_COLOUR ( '', #610 ) ;
#10487 = DIRECTION ( 'NONE',  ( 1.000000000000000000, -2.409338161078899700E-016, 0.0000000000000000000 ) ) ;
#10488 = ADVANCED_FACE ( 'NONE', ( #7613 ), #6762, .T. ) ;
#10489 = LINE ( 'NONE', #1872, #1025 ) ;
#10490 = CARTESIAN_POINT ( 'NONE',  ( 1.199999999999999700, 0.0000000000000000000, 0.0000000000000000000 ) ) ;
#10491 = AXIS2_PLACEMENT_3D ( 'NONE', #5961, #461, #6910 ) ;
#10492 = VERTEX_POINT ( 'NONE', #8594 ) ;
#10493 = ORIENTED_EDGE ( 'NONE', *, *, #7479, .T. ) ;
#10494 =( LENGTH_UNIT ( ) NAMED_UNIT ( * ) SI_UNIT ( .MILLI., .METRE. ) );
#10495 = EDGE_CURVE ( 'NONE', #9229, #5312, #279, .T. ) ;
#10496 = DIRECTION ( 'NONE',  ( 1.392979236598078500E-016, 1.000000000000000000, -0.0000000000000000000 ) ) ;
#10497 = CARTESIAN_POINT ( 'NONE',  ( -12.12000000000000300, -0.9100000000000010300, 5.100000000000000500 ) ) ;
#10498 = CARTESIAN_POINT ( 'NONE',  ( -11.21999999999999900, -0.9100000000000011400, 5.099999999999999600 ) ) ;
#10499 = DIRECTION ( 'NONE',  ( 1.668003342285391100E-017, 1.000000000000000000, -0.0000000000000000000 ) ) ;
#10500 = CARTESIAN_POINT ( 'NONE',  ( 33.36000000000000700, 2.999999999999991600, 39.34999999999998700 ) ) ;
#10501 = ORIENTED_EDGE ( 'NONE', *, *, #2168, .F. ) ;
#10502 = DIRECTION ( 'NONE',  ( 0.0000000000000000000, 0.0000000000000000000, -1.000000000000000000 ) ) ;
#10503 = ORIENTED_EDGE ( 'NONE', *, *, #3709, .T. ) ;
#10504 =( LENGTH_UNIT ( ) NAMED_UNIT ( * ) SI_UNIT ( .MILLI., .METRE. ) );
#10505 = DIRECTION ( 'NONE',  ( -0.0000000000000000000, -0.0000000000000000000, 1.000000000000000000 ) ) ;
#10506 =( NAMED_UNIT ( * ) PLANE_ANGLE_UNIT ( ) SI_UNIT ( $, .RADIAN. ) );
#10507 = EDGE_CURVE ( 'NONE', #8104, #4710, #2750, .T. ) ;
#10508 = STYLED_ITEM ( 'NONE', ( #9042 ), #8020 ) ;
#10509 = PRESENTATION_LAYER_ASSIGNMENT (  '', '', ( #9898 ) ) ;
#10510 = CIRCLE ( 'NONE', #4829, 2.500000000000002200 ) ;
#10511 = DIRECTION ( 'NONE',  ( 0.0000000000000000000, -1.000000000000000000, 0.0000000000000000000 ) ) ;
#10512 = VECTOR ( 'NONE', #11675, 1000.000000000000000 ) ;
#10513 = DIRECTION ( 'NONE',  ( 1.000000000000000000, -0.0000000000000000000, -0.0000000000000000000 ) ) ;
#10514 = DIRECTION ( 'NONE',  ( -1.000000000000000000, 1.445602896647337900E-016, 0.0000000000000000000 ) ) ;
#10515 = VERTEX_POINT ( 'NONE', #6804 ) ;
#10516 = ORIENTED_EDGE ( 'NONE', *, *, #1169, .F. ) ;
#10517 = VERTEX_POINT ( 'NONE', #1306 ) ;
#10518 = AXIS2_PLACEMENT_3D ( 'NONE', #9790, #4294, #10720 ) ;
#10519 = EDGE_LOOP ( 'NONE', ( #3464, #9356, #5809, #2597, #8946, #1818 ) ) ;
#10520 = FACE_OUTER_BOUND ( 'NONE', #6444, .T. ) ;
#10521 = CARTESIAN_POINT ( 'NONE',  ( -9.999999999999998200, -0.8100000000000012700, 5.100000000000000500 ) ) ;
#10522 = LINE ( 'NONE', #2435, #765 ) ;
#10523 = CARTESIAN_POINT ( 'NONE',  ( -16.34000000000000000, 0.6699999999999914900, 5.099999999999999600 ) ) ;
#10524 = CARTESIAN_POINT ( 'NONE',  ( 33.89999999999998400, -2.900000000000000400, -44.50000000000001400 ) ) ;
#10525 = ORIENTED_EDGE ( 'NONE', *, *, #11197, .F. ) ;
#10526 = CARTESIAN_POINT ( 'NONE',  ( -20.55000000000000100, 1.949999999999992000, 5.099999999999999600 ) ) ;
#10527 = ORIENTED_EDGE ( 'NONE', *, *, #2230, .T. ) ;
#10528 = VERTEX_POINT ( 'NONE', #5870 ) ;
#10529 = CARTESIAN_POINT ( 'NONE',  ( 9.200000000000002800, -0.9100000000000062500, 5.099999999999999600 ) ) ;
#10530 = EDGE_LOOP ( 'NONE', ( #9684, #6973, #4308, #7177 ) ) ;
#10531 = ADVANCED_FACE ( 'NONE', ( #7331 ), #4604, .T. ) ;
#10532 = LINE ( 'NONE', #9563, #8114 ) ;
#10533 = MECHANICAL_DESIGN_GEOMETRIC_PRESENTATION_REPRESENTATION (  '', ( #9308 ), #11154 ) ;
#10534 = ORIENTED_EDGE ( 'NONE', *, *, #8344, .F. ) ;
#10535 = DIRECTION ( 'NONE',  ( 3.804218149071954900E-016, -1.000000000000000000, 0.0000000000000000000 ) ) ;
#10536 = CARTESIAN_POINT ( 'NONE',  ( -32.20000000000001700, 0.2999999999999999900, -47.20000000000001700 ) ) ;
#10537 = DIRECTION ( 'NONE',  ( -1.000000000000000000, 0.0000000000000000000, -0.0000000000000000000 ) ) ;
#10538 = ORIENTED_EDGE ( 'NONE', *, *, #6356, .T. ) ;
#10539 = DIRECTION ( 'NONE',  ( 0.0000000000000000000, 0.0000000000000000000, -1.000000000000000000 ) ) ;
#10540 =( GEOMETRIC_REPRESENTATION_CONTEXT ( 3 ) GLOBAL_UNCERTAINTY_ASSIGNED_CONTEXT ( ( #411 ) ) GLOBAL_UNIT_ASSIGNED_CONTEXT ( ( #626, #7065, #1551 ) ) REPRESENTATION_CONTEXT ( 'NONE', 'WORKASPACE' ) );
#10541 = VERTEX_POINT ( 'NONE', #11421 ) ;
#10542 = FILL_AREA_STYLE ('',( #8675 ) ) ;
#10543 = EDGE_CURVE ( 'NONE', #7791, #4206, #11933, .T. ) ;
#10544 = ORIENTED_EDGE ( 'NONE', *, *, #10816, .F. ) ;
#10545 = PRESENTATION_STYLE_ASSIGNMENT (( #1230 ) ) ;
#10546 = CARTESIAN_POINT ( 'NONE',  ( -32.20000000000000300, 2.150000000000010600, 48.00000000000000000 ) ) ;
#10547 = ADVANCED_FACE ( 'NONE', ( #7062 ), #1871, .F. ) ;
#10548 = DIRECTION ( 'NONE',  ( 0.0000000000000000000, -1.000000000000000000, 0.0000000000000000000 ) ) ;
#10549 = CARTESIAN_POINT ( 'NONE',  ( 34.39999999999998400, 2.899999999999999900, -39.00000000000000700 ) ) ;
#10550 = ORIENTED_EDGE ( 'NONE', *, *, #2040, .T. ) ;
#10551 = DIRECTION ( 'NONE',  ( 0.0000000000000000000, 0.0000000000000000000, 1.000000000000000000 ) ) ;
#10552 = PLANE ( 'NONE',  #2880 ) ;
#10553 = CARTESIAN_POINT ( 'NONE',  ( 18.55000000000000400, 1.269999999999992000, -2.088061301782108400 ) ) ;
#10554 =( NAMED_UNIT ( * ) SI_UNIT ( $, .STERADIAN. ) SOLID_ANGLE_UNIT ( ) );
#10555 = ORIENTED_EDGE ( 'NONE', *, *, #5653, .F. ) ;
#10556 = FACE_OUTER_BOUND ( 'NONE', #11259, .T. ) ;
#10557 = EDGE_CURVE ( 'NONE', #8787, #108, #6756, .T. ) ;
#10558 = FACE_OUTER_BOUND ( 'NONE', #4778, .T. ) ;
#10559 = AXIS2_PLACEMENT_3D ( 'NONE', #1308, #7722, #2214 ) ;
#10560 = VERTEX_POINT ( 'NONE', #7769 ) ;
#10561 = DIRECTION ( 'NONE',  ( 0.0000000000000000000, 0.0000000000000000000, 1.000000000000000000 ) ) ;
#10562 = CARTESIAN_POINT ( 'NONE',  ( 30.00000000000000400, -2.900000000000000400, -47.00000000000001400 ) ) ;
#10563 = VECTOR ( 'NONE', #9618, 1000.000000000000000 ) ;
#10564 = CARTESIAN_POINT ( 'NONE',  ( 0.0000000000000000000, 0.0000000000000000000, 0.0000000000000000000 ) ) ;
#10565 = EDGE_CURVE ( 'NONE', #10517, #4214, #9480, .T. ) ;
#10566 = VERTEX_POINT ( 'NONE', #9609 ) ;
#10567 = ORIENTED_EDGE ( 'NONE', *, *, #6199, .T. ) ;
#10568 = LINE ( 'NONE', #6987, #2954 ) ;
#10569 = FILL_AREA_STYLE ('',( #11493 ) ) ;
#10570 = DIRECTION ( 'NONE',  ( 0.0000000000000000000, 0.0000000000000000000, 1.000000000000000000 ) ) ;
#10571 = ORIENTED_EDGE ( 'NONE', *, *, #10945, .T. ) ;
#10572 =( NAMED_UNIT ( * ) PLANE_ANGLE_UNIT ( ) SI_UNIT ( $, .RADIAN. ) );
#10573 = CYLINDRICAL_SURFACE ( 'NONE', #10727, 1.399999999999998600 ) ;
#10574 = SURFACE_STYLE_USAGE ( .BOTH. , #4146 ) ;
#10575 = DIRECTION ( 'NONE',  ( -0.0000000000000000000, -1.000000000000000000, -0.0000000000000000000 ) ) ;
#10576 =( LENGTH_UNIT ( ) NAMED_UNIT ( * ) SI_UNIT ( .MILLI., .METRE. ) );
#10577 = EDGE_CURVE ( 'NONE', #4182, #9932, #9203, .T. ) ;
#10578 = AXIS2_PLACEMENT_3D ( 'NONE', #5101, #6969, #1462 ) ;
#10579 =( NAMED_UNIT ( * ) SI_UNIT ( $, .STERADIAN. ) SOLID_ANGLE_UNIT ( ) );
#10580 = EDGE_CURVE ( 'NONE', #8250, #8673, #11642, .T. ) ;
#10581 = FACE_OUTER_BOUND ( 'NONE', #7517, .T. ) ;
#10582 = UNCERTAINTY_MEASURE_WITH_UNIT (LENGTH_MEASURE( 1.000000000000000100E-005 ), #9092, 'distance_accuracy_value', 'NONE');
#10583 = DIRECTION ( 'NONE',  ( 1.668003342285391100E-017, 1.000000000000000000, -0.0000000000000000000 ) ) ;
#10584 = CARTESIAN_POINT ( 'NONE',  ( 16.60000000000000500, -2.010000000000008200, 5.099999999999999600 ) ) ;
#10585 = VECTOR ( 'NONE', #7163, 1000.000000000000000 ) ;
#10586 = PRESENTATION_STYLE_ASSIGNMENT (( #737 ) ) ;
#10587 = VERTEX_POINT ( 'NONE', #7813 ) ;
#10588 = CARTESIAN_POINT ( 'NONE',  ( -34.39999999999999900, 2.899999999999999900, 45.00000000000001400 ) ) ;
#10589 = SURFACE_SIDE_STYLE ('',( #3854 ) ) ;
#10590 = LINE ( 'NONE', #6072, #1116 ) ;
#10591 = CARTESIAN_POINT ( 'NONE',  ( -33.89999999999999900, 2.899999999999999900, -33.00000000000000000 ) ) ;
#10592 =( GEOMETRIC_REPRESENTATION_CONTEXT ( 3 ) GLOBAL_UNCERTAINTY_ASSIGNED_CONTEXT ( ( #3136 ) ) GLOBAL_UNIT_ASSIGNED_CONTEXT ( ( #5729, #216, #6652 ) ) REPRESENTATION_CONTEXT ( 'NONE', 'WORKASPACE' ) );
#10593 = CARTESIAN_POINT ( 'NONE',  ( 13.10000000000000100, -5.401102314577126900, 0.7000000000000030600 ) ) ;
#10594 = ADVANCED_FACE ( 'NONE', ( #11354 ), #3242, .F. ) ;
#10595 = ORIENTED_EDGE ( 'NONE', *, *, #4616, .T. ) ;
#10596 = DIRECTION ( 'NONE',  ( 0.0000000000000000000, 0.0000000000000000000, -1.000000000000000000 ) ) ;
#10597 = LINE ( 'NONE', #11866, #7873 ) ;
#10598 = LINE ( 'NONE', #8938, #3279 ) ;
#10599 = EDGE_CURVE ( 'NONE', #8422, #8574, #8910, .T. ) ;
#10600 =( GEOMETRIC_REPRESENTATION_CONTEXT ( 3 ) GLOBAL_UNCERTAINTY_ASSIGNED_CONTEXT ( ( #4016 ) ) GLOBAL_UNIT_ASSIGNED_CONTEXT ( ( #7431, #1927, #8352 ) ) REPRESENTATION_CONTEXT ( 'NONE', 'WORKASPACE' ) );
#10601 = ORIENTED_EDGE ( 'NONE', *, *, #3797, .F. ) ;
#10602 = AXIS2_PLACEMENT_3D ( 'NONE', #5336, #11767, #6257 ) ;
#10603 = DIRECTION ( 'NONE',  ( 0.0000000000000000000, 1.000000000000000000, 0.0000000000000000000 ) ) ;
#10604 = DIRECTION ( 'NONE',  ( 0.0000000000000000000, -1.000000000000000000, 0.0000000000000000000 ) ) ;
#10605 =( NAMED_UNIT ( * ) SI_UNIT ( $, .STERADIAN. ) SOLID_ANGLE_UNIT ( ) );
#10606 = FILL_AREA_STYLE ('',( #1407 ) ) ;
#10607 = CARTESIAN_POINT ( 'NONE',  ( -2.090861834133726000E-016, -0.9100000000000039200, -1.538828968349184100E-031 ) ) ;
#10608 = ORIENTED_EDGE ( 'NONE', *, *, #5055, .T. ) ;
#10609 = DIRECTION ( 'NONE',  ( -1.000000000000000000, 0.0000000000000000000, 0.0000000000000000000 ) ) ;
#10610 = VERTEX_POINT ( 'NONE', #8754 ) ;
#10611 = ADVANCED_FACE ( 'NONE', ( #8606 ), #2882, .F. ) ;
#10612 = VECTOR ( 'NONE', #10314, 1000.000000000000000 ) ;
#10614 = CARTESIAN_POINT ( 'NONE',  ( -13.34000000000000200, -4.815124837953328000, 1.299999999999999600 ) ) ;
#10613 = VECTOR ( 'NONE', #8476, 1000.000000000000000 ) ;
#10615 = MECHANICAL_DESIGN_GEOMETRIC_PRESENTATION_REPRESENTATION (  '', ( #9372 ), #11219 ) ;
#10616 = LINE ( 'NONE', #6516, #1134 ) ;
#10617 = ORIENTED_EDGE ( 'NONE', *, *, #3212, .F. ) ;
#10618 = EDGE_CURVE ( 'NONE', #4899, #7591, #5321, .T. ) ;
#10619 = DIRECTION ( 'NONE',  ( 7.885106708985487100E-016, 0.0000000000000000000, -1.000000000000000000 ) ) ;
#10620 = ORIENTED_EDGE ( 'NONE', *, *, #8867, .F. ) ;
#10621 = CARTESIAN_POINT ( 'NONE',  ( 30.00000000000000400, 2.899999999999999900, 48.89999999999999900 ) ) ;
#10622 = LINE ( 'NONE', #6304, #1142 ) ;
#10623 = DIRECTION ( 'NONE',  ( 0.0000000000000000000, 0.0000000000000000000, -1.000000000000000000 ) ) ;
#10624 =( LENGTH_UNIT ( ) NAMED_UNIT ( * ) SI_UNIT ( .MILLI., .METRE. ) );
#10625 = ORIENTED_EDGE ( 'NONE', *, *, #4928, .F. ) ;
#10626 = ORIENTED_EDGE ( 'NONE', *, *, #375, .F. ) ;
#10627 = VECTOR ( 'NONE', #9688, 1000.000000000000000 ) ;
#10628 = CARTESIAN_POINT ( 'NONE',  ( -12.11999999999999900, -0.8100000000000009400, 0.6999999999999997300 ) ) ;
#10629 = ORIENTED_EDGE ( 'NONE', *, *, #9805, .F. ) ;
#10630 = CARTESIAN_POINT ( 'NONE',  ( -34.50000000000000000, -3.000000000000000000, -48.00000000000000000 ) ) ;
#10631 = DIRECTION ( 'NONE',  ( -1.000000000000000000, 1.668003342285391100E-017, 0.0000000000000000000 ) ) ;
#10632 = CARTESIAN_POINT ( 'NONE',  ( -16.97798415849141700, 0.03201584150857445000, 6.468161443060306900 ) ) ;
#10633 = SURFACE_STYLE_USAGE ( .BOTH. , #4199 ) ;
#10634 = LINE ( 'NONE', #4113, #7917 ) ;
#10635 = CARTESIAN_POINT ( 'NONE',  ( 13.10000000000000100, -0.9100000000000062500, 0.7000000000000030600 ) ) ;
#10636 = LINE ( 'NONE', #8477, #10344 ) ;
#10637 = CARTESIAN_POINT ( 'NONE',  ( -30.85999999999999600, 0.5000000000000000000, 41.84999999999998000 ) ) ;
#10638 = ORIENTED_EDGE ( 'NONE', *, *, #5340, .F. ) ;
#10639 = DIRECTION ( 'NONE',  ( 4.565061778886338000E-016, 0.0000000000000000000, -1.000000000000000000 ) ) ;
#10640 = EDGE_CURVE ( 'NONE', #2960, #4007, #7761, .T. ) ;
#10641 = ORIENTED_EDGE ( 'NONE', *, *, #925, .T. ) ;
#10642 = EDGE_LOOP ( 'NONE', ( #4617, #1097, #7061, #8792, #1690, #11825 ) ) ;
#10643 = CARTESIAN_POINT ( 'NONE',  ( 30.86000000000001700, 1.999999999999999600, 40.59999999999998000 ) ) ;
#10644 = FACE_OUTER_BOUND ( 'NONE', #9302, .T. ) ;
#10645 = MECHANICAL_DESIGN_GEOMETRIC_PRESENTATION_REPRESENTATION (  '', ( #8768 ), #11242 ) ;
#10646 = PRESENTATION_STYLE_ASSIGNMENT (( #6113 ) ) ;
#10647 = DIRECTION ( 'NONE',  ( -1.387778780781445900E-016, 0.0000000000000000000, -1.000000000000000000 ) ) ;
#10648 = DIRECTION ( 'NONE',  ( 1.000000000000000000, 0.0000000000000000000, 0.0000000000000000000 ) ) ;
#10649 = EDGE_LOOP ( 'NONE', ( #5427, #1348, #8853, #5002 ) ) ;
#10650 = CARTESIAN_POINT ( 'NONE',  ( -16.94999999999999200, 3.500000000000000000, -49.39999999999999900 ) ) ;
#10651 = DIRECTION ( 'NONE',  ( -1.000000000000000000, 0.0000000000000000000, 0.0000000000000000000 ) ) ;
#10652 = CARTESIAN_POINT ( 'NONE',  ( 0.0000000000000000000, 1.069999999999999800, -0.2649999999999991800 ) ) ;
#10653 = CARTESIAN_POINT ( 'NONE',  ( -34.39999999999998400, 3.500000000000000000, -44.50000000000001400 ) ) ;
#10654 = AXIS2_PLACEMENT_3D ( 'NONE', #8663, #3174, #9599 ) ;
#10655 = CARTESIAN_POINT ( 'NONE',  ( -35.00000000000000000, 0.5000000000000000000, -36.00000000000000700 ) ) ;
#10656 = EDGE_CURVE ( 'NONE', #2766, #10946, #11077, .T. ) ;
#10657 = ADVANCED_FACE ( 'NONE', ( #2598, #10209 ), #7945, .T. ) ;
#10658 = EDGE_CURVE ( 'NONE', #6078, #9941, #9622, .T. ) ;
#10659 = ORIENTED_EDGE ( 'NONE', *, *, #6964, .F. ) ;
#10660 = ORIENTED_EDGE ( 'NONE', *, *, #5872, .F. ) ;
#10661 = DIRECTION ( 'NONE',  ( 5.288791085295142400E-017, 1.000000000000000000, -0.0000000000000000000 ) ) ;
#10662 = CARTESIAN_POINT ( 'NONE',  ( 33.90000000000001300, -2.900000000000000400, 37.59999999999998000 ) ) ;
#10663 = DIRECTION ( 'NONE',  ( -0.0000000000000000000, -1.000000000000000000, -0.0000000000000000000 ) ) ;
#10664 =( NAMED_UNIT ( * ) PLANE_ANGLE_UNIT ( ) SI_UNIT ( $, .RADIAN. ) );
#10665 = DIRECTION ( 'NONE',  ( -1.000000000000000000, 0.0000000000000000000, 0.0000000000000000000 ) ) ;
#10666 = COLOUR_RGB ( '',0.9686274509803921600, 0.8784313725490196000, 0.5999999999999999800 ) ;
#10667 = DIRECTION ( 'NONE',  ( 0.0000000000000000000, 0.0000000000000000000, 1.000000000000000000 ) ) ;
#10668 =( NAMED_UNIT ( * ) PLANE_ANGLE_UNIT ( ) SI_UNIT ( $, .RADIAN. ) );
#10669 = UNCERTAINTY_MEASURE_WITH_UNIT (LENGTH_MEASURE( 1.000000000000000100E-005 ), #277, 'distance_accuracy_value', 'NONE');
#10670 = LINE ( 'NONE', #1679, #3349 ) ;
#10671 = CARTESIAN_POINT ( 'NONE',  ( -2.499999999999995100, -0.8100000000000040500, 1.299999999999999200 ) ) ;
#10672 = ORIENTED_EDGE ( 'NONE', *, *, #11709, .T. ) ;
#10673 = ADVANCED_FACE ( 'NONE', ( #7193 ), #3361, .F. ) ;
#10674 =( NAMED_UNIT ( * ) PLANE_ANGLE_UNIT ( ) SI_UNIT ( $, .RADIAN. ) );
#10675 = EDGE_CURVE ( 'NONE', #5980, #9635, #2291, .T. ) ;
#10676 = STYLED_ITEM ( 'NONE', ( #10164 ), #8523 ) ;
#10677 = DIRECTION ( 'NONE',  ( 1.000000000000000000, 0.0000000000000000000, 0.0000000000000000000 ) ) ;
#10678 = DIRECTION ( 'NONE',  ( -0.0000000000000000000, -0.0000000000000000000, 1.000000000000000000 ) ) ;
#10679 = EDGE_LOOP ( 'NONE', ( #4510, #4417, #165, #11426 ) ) ;
#10680 = AXIS2_PLACEMENT_3D ( 'NONE', #11164, #5659, #142 ) ;
#10681 = CARTESIAN_POINT ( 'NONE',  ( 21.30000000000000100, -2.850000000000001000, 0.0000000000000000000 ) ) ;
#10682 = ORIENTED_EDGE ( 'NONE', *, *, #3624, .T. ) ;
#10683 = CARTESIAN_POINT ( 'NONE',  ( 16.59999999999999800, -0.8100000000000044900, 1.300000000000002500 ) ) ;
#10684 = VECTOR ( 'NONE', #746, 1000.000000000000000 ) ;
#10685 = DIRECTION ( 'NONE',  ( 1.000000000000000000, 0.0000000000000000000, -0.0000000000000000000 ) ) ;
#10686 = EDGE_LOOP ( 'NONE', ( #10785, #3648, #9325, #11368 ) ) ;
#10687 = PRESENTATION_LAYER_ASSIGNMENT (  '', '', ( #9435 ) ) ;
#10688 = ORIENTED_EDGE ( 'NONE', *, *, #7681, .F. ) ;
#10689 = VERTEX_POINT ( 'NONE', #3406 ) ;
#10690 = DIRECTION ( 'NONE',  ( 0.0000000000000000000, -1.000000000000000000, 0.0000000000000000000 ) ) ;
#10691 = ORIENTED_EDGE ( 'NONE', *, *, #8515, .F. ) ;
#10692 = PLANE ( 'NONE',  #5584 ) ;
#10693 = CARTESIAN_POINT ( 'NONE',  ( -6.999999999999998200, -1.950000000000001100, 0.0000000000000000000 ) ) ;
#10694 = ORIENTED_EDGE ( 'NONE', *, *, #5633, .T. ) ;
#10695 = CARTESIAN_POINT ( 'NONE',  ( -14.64000000000000100, -4.815124837953327100, 1.299999999999999600 ) ) ;
#10696 = ORIENTED_EDGE ( 'NONE', *, *, #7558, .F. ) ;
#10697 =( GEOMETRIC_REPRESENTATION_CONTEXT ( 3 ) GLOBAL_UNCERTAINTY_ASSIGNED_CONTEXT ( ( #11037 ) ) GLOBAL_UNIT_ASSIGNED_CONTEXT ( ( #8694, #3223, #9636 ) ) REPRESENTATION_CONTEXT ( 'NONE', 'WORKASPACE' ) );
#10698 = FACE_OUTER_BOUND ( 'NONE', #3913, .T. ) ;
#10699 = PLANE ( 'NONE',  #10776 ) ;
#10700 = PLANE ( 'NONE',  #10705 ) ;
#10701 = CARTESIAN_POINT ( 'NONE',  ( 17.43935378467900300, -2.010000000000008200, 6.899999999999999500 ) ) ;
#10702 = CARTESIAN_POINT ( 'NONE',  ( -33.89999999999998400, -2.900000000000000400, 45.00000000000001400 ) ) ;
#10703 =( NAMED_UNIT ( * ) PLANE_ANGLE_UNIT ( ) SI_UNIT ( $, .RADIAN. ) );
#10704 = VERTEX_POINT ( 'NONE', #7991 ) ;
#10705 = AXIS2_PLACEMENT_3D ( 'NONE', #7054, #8880, #3405 ) ;
#10706 = EDGE_CURVE ( 'NONE', #11388, #3866, #9344, .T. ) ;
#10707 = FILL_AREA_STYLE_COLOUR ( '', #5748 ) ;
#10708 = EDGE_CURVE ( 'NONE', #8152, #3354, #129, .T. ) ;
#10709 = DIRECTION ( 'NONE',  ( 0.0000000000000000000, 0.0000000000000000000, -1.000000000000000000 ) ) ;
#10710 = ORIENTED_EDGE ( 'NONE', *, *, #5916, .F. ) ;
#10711 = PLANE ( 'NONE',  #5808 ) ;
#10712 = ORIENTED_EDGE ( 'NONE', *, *, #9538, .T. ) ;
#10713 = LINE ( 'NONE', #5599, #8272 ) ;
#10714 =( LENGTH_UNIT ( ) NAMED_UNIT ( * ) SI_UNIT ( .MILLI., .METRE. ) );
#10715 = SURFACE_SIDE_STYLE ('',( #4353 ) ) ;
#10716 = SURFACE_SIDE_STYLE ('',( #4845 ) ) ;
#10717 = DIRECTION ( 'NONE',  ( -0.0000000000000000000, -0.0000000000000000000, -1.000000000000000000 ) ) ;
#10718 = LINE ( 'NONE', #1880, #3396 ) ;
#10719 = ADVANCED_FACE ( 'NONE', ( #4464 ), #661, .T. ) ;
#10720 = DIRECTION ( 'NONE',  ( 0.0000000000000000000, 0.0000000000000000000, -1.000000000000000000 ) ) ;
#10721 = ORIENTED_EDGE ( 'NONE', *, *, #6246, .T. ) ;
#10722 = VERTEX_POINT ( 'NONE', #11657 ) ;
#10723 = PLANE ( 'NONE',  #6925 ) ;
#10724 = ORIENTED_EDGE ( 'NONE', *, *, #9330, .T. ) ;
#10725 = FACE_OUTER_BOUND ( 'NONE', #387, .T. ) ;
#10726 = EDGE_CURVE ( 'NONE', #3179, #4634, #11499, .T. ) ;
#10727 = AXIS2_PLACEMENT_3D ( 'NONE', #6541, #9277, #1055 ) ;
#10728 = DIRECTION ( 'NONE',  ( -0.0000000000000000000, -0.0000000000000000000, 1.000000000000000000 ) ) ;
#10729 = LINE ( 'NONE', #3218, #3408 ) ;
#10730 = DIRECTION ( 'NONE',  ( 0.0000000000000000000, 0.0000000000000000000, 1.000000000000000000 ) ) ;
#10731 = EDGE_CURVE ( 'NONE', #6450, #3444, #2005, .T. ) ;
#10732 = CARTESIAN_POINT ( 'NONE',  ( 11.40000000000000000, -4.815124837953334200, 1.299999999999999600 ) ) ;
#10733 = FACE_OUTER_BOUND ( 'NONE', #5162, .T. ) ;
#10734 = CARTESIAN_POINT ( 'NONE',  ( -33.89999999999999900, -2.900000000000000400, -38.50000000000000700 ) ) ;
#10735 = PLANE ( 'NONE',  #3395 ) ;
#10736 = LINE ( 'NONE', #1765, #8017 ) ;
#10737 = ADVANCED_FACE ( 'NONE', ( #1730 ), #3873, .F. ) ;
#10738 = VERTEX_POINT ( 'NONE', #2550 ) ;
#10739 = FILL_AREA_STYLE_COLOUR ( '', #2856 ) ;
#10740 = ORIENTED_EDGE ( 'NONE', *, *, #5568, .F. ) ;
#10741 = VECTOR ( 'NONE', #10513, 1000.000000000000000 ) ;
#10742 =( BOUNDED_CURVE ( )  B_SPLINE_CURVE ( 3, ( #9419, #1203, #7618, #2113 ),
 .UNSPECIFIED., .F., .F. ) 
 B_SPLINE_CURVE_WITH_KNOTS ( ( 4, 4 ),
 ( 4.712388980384689700, 7.853981633974482800 ),
 .UNSPECIFIED. ) 
 CURVE ( )  GEOMETRIC_REPRESENTATION_ITEM ( )  RATIONAL_B_SPLINE_CURVE ( ( 1.000000000000000000, 0.3333333333333333700, 0.3333333333333333700, 1.000000000000000000 ) ) 
 REPRESENTATION_ITEM ( '' )  );
#10743 = COLOUR_RGB ( '',0.8941176470588234600, 0.9137254901960784000, 0.9294117647058823800 ) ;
#10744 = CARTESIAN_POINT ( 'NONE',  ( -8.699999999999999300, -0.8100000000000015000, 5.099999999999999600 ) ) ;
#10745 = CARTESIAN_POINT ( 'NONE',  ( 0.0000000000000000000, 0.0000000000000000000, 0.0000000000000000000 ) ) ;
#10746 = ORIENTED_EDGE ( 'NONE', *, *, #627, .T. ) ;
#10747 = DIRECTION ( 'NONE',  ( -1.000000000000000000, 1.668003342285391100E-017, 0.0000000000000000000 ) ) ;
#10748 = EDGE_CURVE ( 'NONE', #8136, #9256, #6323, .T. ) ;
#10749 = DIRECTION ( 'NONE',  ( 1.000000000000000000, -2.409338161078899700E-016, 1.204669080539449800E-016 ) ) ;
#10750 = PRODUCT ( 'SSD, CONNECTOR, SATA', 'SSD, CONNECTOR, SATA', '', ( #6427 ) ) ;
#10751 = AXIS2_PLACEMENT_3D ( 'NONE', #8976, #3491, #9899 ) ;
#10752 = CARTESIAN_POINT ( 'NONE',  ( 30.86000000000000700, -3.500000000000000000, -34.75000000000000000 ) ) ;
#10753 = CARTESIAN_POINT ( 'NONE',  ( 33.00000000000001400, 3.500000000000000000, 50.00000000000000000 ) ) ;
#10754 = ORIENTED_EDGE ( 'NONE', *, *, #474, .T. ) ;
#10755 = FACE_OUTER_BOUND ( 'NONE', #5874, .T. ) ;
#10756 = LINE ( 'NONE', #4329, #8303 ) ;
#10757 = CARTESIAN_POINT ( 'NONE',  ( 9.200000000000002800, -0.9100000000000062500, 0.7000000000000001800 ) ) ;
#10758 = LINE ( 'NONE', #4202, #11042 ) ;
#10759 = DIRECTION ( 'NONE',  ( 8.659560562354942700E-017, 0.7071067811865466800, -0.7071067811865483500 ) ) ;
#10760 = CARTESIAN_POINT ( 'NONE',  ( 12.69999999999999900, -0.8100000000000042700, 0.7000000000000061700 ) ) ;
#10761 = DIRECTION ( 'NONE',  ( 0.0000000000000000000, 0.0000000000000000000, -1.000000000000000000 ) ) ;
#10762 = VERTEX_POINT ( 'NONE', #1632 ) ;
#10763 = CARTESIAN_POINT ( 'NONE',  ( -18.39999999999999100, -1.099999999999999900, -49.39999999999999900 ) ) ;
#10764 = ORIENTED_EDGE ( 'NONE', *, *, #1158, .T. ) ;
#10765 = LINE ( 'NONE', #8824, #7728 ) ;
#10766 = EDGE_CURVE ( 'NONE', #433, #7000, #9055, .T. ) ;
#10767 = DIRECTION ( 'NONE',  ( 1.668003342285391100E-017, 1.000000000000000000, -0.0000000000000000000 ) ) ;
#10768 = VERTEX_POINT ( 'NONE', #11744 ) ;
#10769 = PLANE ( 'NONE',  #9978 ) ;
#10770 = ORIENTED_EDGE ( 'NONE', *, *, #10368, .F. ) ;
#10771 = FILL_AREA_STYLE ('',( #2495 ) ) ;
#10772 = VECTOR ( 'NONE', #10548, 1000.000000000000000 ) ;
#10773 = DIRECTION ( 'NONE',  ( 0.0000000000000000000, -1.000000000000000000, 0.0000000000000000000 ) ) ;
#10774 = ORIENTED_EDGE ( 'NONE', *, *, #8003, .F. ) ;
#10775 = DIRECTION ( 'NONE',  ( 0.3892816206350256400, -0.3892816206350256400, -0.8348171294789870100 ) ) ;
#10776 = AXIS2_PLACEMENT_3D ( 'NONE', #2422, #5185, #11615 ) ;
#10777 = LINE ( 'NONE', #2256, #5866 ) ;
#10778 = EDGE_LOOP ( 'NONE', ( #9654, #10754, #11616, #4658 ) ) ;
#10779 = FACE_OUTER_BOUND ( 'NONE', #535, .T. ) ;
#10780 = ORIENTED_EDGE ( 'NONE', *, *, #1280, .F. ) ;
#10781 = ORIENTED_EDGE ( 'NONE', *, *, #8906, .T. ) ;
#10783 = DIRECTION ( 'NONE',  ( 0.0000000000000000000, 0.0000000000000000000, 1.000000000000000000 ) ) ;
#10782 = SURFACE_STYLE_FILL_AREA ( #1531 ) ;
#10784 = ADVANCED_FACE ( 'NONE', ( #10932 ), #7171, .T. ) ;
#10785 = ORIENTED_EDGE ( 'NONE', *, *, #7617, .F. ) ;
#10786 = EDGE_CURVE ( 'NONE', #9037, #10211, #11206, .T. ) ;
#10787 = CARTESIAN_POINT ( 'NONE',  ( -33.00000000000000000, 3.500000000000000000, -50.00000000000000000 ) ) ;
#10788 = DIRECTION ( 'NONE',  ( 4.975295552636282800E-017, 0.9063077870366496000, 0.4226182617407002700 ) ) ;
#10789 = CARTESIAN_POINT ( 'NONE',  ( 32.20000000000001700, 0.2999999999999999900, -47.20000000000001700 ) ) ;
#10790 = DIRECTION ( 'NONE',  ( 1.000000000000000000, 1.392979236598078500E-016, 0.0000000000000000000 ) ) ;
#10791 = CARTESIAN_POINT ( 'NONE',  ( -29.50000000000000400, 2.899999999999999900, 48.89999999999999900 ) ) ;
#10792 = VERTEX_POINT ( 'NONE', #747 ) ;
#10793 = ORIENTED_EDGE ( 'NONE', *, *, #11709, .F. ) ;
#10794 = CARTESIAN_POINT ( 'NONE',  ( 18.55000000000000100, -2.850000000000001000, 5.100000000000000500 ) ) ;
#10795 = FILL_AREA_STYLE_COLOUR ( '', #11339 ) ;
#10796 = ADVANCED_FACE ( 'NONE', ( #4743 ), #11789, .F. ) ;
#10797 =( NAMED_UNIT ( * ) PLANE_ANGLE_UNIT ( ) SI_UNIT ( $, .RADIAN. ) );
#10799 =( NAMED_UNIT ( * ) SI_UNIT ( $, .STERADIAN. ) SOLID_ANGLE_UNIT ( ) );
#10798 = AXIS2_PLACEMENT_3D ( 'NONE', #8556, #3075, #9489 ) ;
#10800 = EDGE_CURVE ( 'NONE', #933, #2908, #2738, .T. ) ;
#10801 = AXIS2_PLACEMENT_3D ( 'NONE', #2691, #9103, #3622 ) ;
#10802 = SURFACE_STYLE_FILL_AREA ( #10265 ) ;
#10803 = FILL_AREA_STYLE ('',( #1613 ) ) ;
#10804 = ORIENTED_EDGE ( 'NONE', *, *, #218, .F. ) ;
#10805 = EDGE_CURVE ( 'NONE', #7216, #9635, #10053, .T. ) ;
#10806 = EDGE_LOOP ( 'NONE', ( #4830, #8335, #1201 ) ) ;
#10807 = DIRECTION ( 'NONE',  ( 0.0000000000000000000, 1.000000000000000000, 0.0000000000000000000 ) ) ;
#10808 = UNCERTAINTY_MEASURE_WITH_UNIT (LENGTH_MEASURE( 1.000000000000000100E-005 ), #4077, 'distance_accuracy_value', 'NONE');
#10809 = DIRECTION ( 'NONE',  ( -1.000000000000000000, -2.077015656102498600E-017, 0.0000000000000000000 ) ) ;
#10810 = VECTOR ( 'NONE', #9183, 1000.000000000000000 ) ;
#10811 = VECTOR ( 'NONE', #636, 1000.000000000000000 ) ;
#10812 = CARTESIAN_POINT ( 'NONE',  ( 33.35999999999999200, -1.999999999999990500, -37.25000000000000000 ) ) ;
#10813 = ORIENTED_EDGE ( 'NONE', *, *, #6081, .T. ) ;
#10814 = CARTESIAN_POINT ( 'NONE',  ( 20.55000000000000100, -2.010000000000008200, 5.099999999999999600 ) ) ;
#10815 = ORIENTED_EDGE ( 'NONE', *, *, #6700, .F. ) ;
#10816 = EDGE_CURVE ( 'NONE', #10566, #1853, #5163, .T. ) ;
#10817 = MECHANICAL_DESIGN_GEOMETRIC_PRESENTATION_REPRESENTATION (  '', ( #8958 ), #11424 ) ;
#10818 = CARTESIAN_POINT ( 'NONE',  ( -32.20000000000001700, 0.2999999999999999900, -49.35000000000001600 ) ) ;
#10819 = ORIENTED_EDGE ( 'NONE', *, *, #11817, .T. ) ;
#10820 = EDGE_CURVE ( 'NONE', #9892, #6597, #7323, .T. ) ;
#10821 = EDGE_CURVE ( 'NONE', #7839, #3215, #269, .T. ) ;
#10822 = LINE ( 'NONE', #1897, #1331 ) ;
#10823 = ORIENTED_EDGE ( 'NONE', *, *, #10201, .T. ) ;
#10824 = DIRECTION ( 'NONE',  ( -1.000000000000000000, 2.409338161078899700E-016, 0.0000000000000000000 ) ) ;
#10825 = DIRECTION ( 'NONE',  ( 0.0000000000000000000, 0.0000000000000000000, -1.000000000000000000 ) ) ;
#10826 = CARTESIAN_POINT ( 'NONE',  ( -13.74000000000000000, -4.815124837953327100, 5.099999999999999600 ) ) ;
#10827 = DIRECTION ( 'NONE',  ( -0.0000000000000000000, -1.000000000000000000, -0.0000000000000000000 ) ) ;
#10828 =( NAMED_UNIT ( * ) SI_UNIT ( $, .STERADIAN. ) SOLID_ANGLE_UNIT ( ) );
#10829 = DIRECTION ( 'NONE',  ( 0.0000000000000000000, 0.0000000000000000000, 1.000000000000000000 ) ) ;
#10830 = ORIENTED_EDGE ( 'NONE', *, *, #5836, .F. ) ;
#10831 = AXIS2_PLACEMENT_3D ( 'NONE', #7304, #2739, #9144 ) ;
#10832 = ORIENTED_EDGE ( 'NONE', *, *, #8789, .F. ) ;
#10833 = FILL_AREA_STYLE_COLOUR ( '', #4142 ) ;
#10834 = LINE ( 'NONE', #4974, #1338 ) ;
#10835 = SURFACE_SIDE_STYLE ('',( #11526 ) ) ;
#10836 = EDGE_CURVE ( 'NONE', #460, #5759, #2441, .T. ) ;
#10837 = AXIS2_PLACEMENT_3D ( 'NONE', #5313, #11736, #6228 ) ;
#10838 = ORIENTED_EDGE ( 'NONE', *, *, #4601, .F. ) ;
#10839 = DIRECTION ( 'NONE',  ( -0.5199909362440924300, 2.982324822833366900E-015, -0.8541717779369629700 ) ) ;
#10840 =( GEOMETRIC_REPRESENTATION_CONTEXT ( 3 ) GLOBAL_UNCERTAINTY_ASSIGNED_CONTEXT ( ( #4333 ) ) GLOBAL_UNIT_ASSIGNED_CONTEXT ( ( #3166, #9591, #4088 ) ) REPRESENTATION_CONTEXT ( 'NONE', 'WORKASPACE' ) );
#10841 = ORIENTED_EDGE ( 'NONE', *, *, #5887, .F. ) ;
#10842 = ADVANCED_FACE ( 'NONE', ( #9465 ), #1781, .T. ) ;
#10843 = EDGE_LOOP ( 'NONE', ( #10256, #10159, #8370 ) ) ;
#10844 = CARTESIAN_POINT ( 'NONE',  ( 16.60000000000000500, -0.8100000000000043800, 5.099999999999999600 ) ) ;
#10845 = DIRECTION ( 'NONE',  ( 0.0000000000000000000, 1.000000000000000000, 0.0000000000000000000 ) ) ;
#10846 = VERTEX_POINT ( 'NONE', #7281 ) ;
#10847 = VECTOR ( 'NONE', #3883, 1000.000000000000000 ) ;
#10848 = DIRECTION ( 'NONE',  ( 0.0000000000000000000, 0.0000000000000000000, -1.000000000000000000 ) ) ;
#10849 = AXIS2_PLACEMENT_3D ( 'NONE', #11899, #6397, #916 ) ;
#10850 = ORIENTED_EDGE ( 'NONE', *, *, #4409, .F. ) ;
#10851 = DIRECTION ( 'NONE',  ( 1.000000000000000000, 0.0000000000000000000, 1.204669080539449600E-016 ) ) ;
#10852 = AXIS2_PLACEMENT_3D ( 'NONE', #6575, #1989, #5684 ) ;
#10853 = ORIENTED_EDGE ( 'NONE', *, *, #11650, .F. ) ;
#10854 = ADVANCED_FACE ( 'NONE', ( #10779 ), #3734, .T. ) ;
#10855 = CARTESIAN_POINT ( 'NONE',  ( -32.00000000000000000, 2.899999999999999900, 45.00000000000001400 ) ) ;
#10856 = FILL_AREA_STYLE_COLOUR ( '', #11583 ) ;
#10857 = LINE ( 'NONE', #962, #8395 ) ;
#10858 = CYLINDRICAL_SURFACE ( 'NONE', #10852, 1.249999999999994200 ) ;
#10859 = CARTESIAN_POINT ( 'NONE',  ( 20.55000000000000100, 0.6699999999999918200, 5.099999999999999600 ) ) ;
#10860 = VERTEX_POINT ( 'NONE', #8253 ) ;
#10861 = VECTOR ( 'NONE', #3114, 1000.000000000000000 ) ;
#10862 = EDGE_LOOP ( 'NONE', ( #3594, #5644, #4295, #271 ) ) ;
#10863 = PRODUCT_DEFINITION_FORMATION_WITH_SPECIFIED_SOURCE ( 'ANY', '', #11581, .NOT_KNOWN. ) ;
#10864 = ORIENTED_EDGE ( 'NONE', *, *, #6231, .T. ) ;
#10865 = CARTESIAN_POINT ( 'NONE',  ( 1.400000000000002100, -5.401102314577125100, 0.7000000000000009500 ) ) ;
#10866 = LINE ( 'NONE', #7868, #1100 ) ;
#10867 = DIRECTION ( 'NONE',  ( 1.000000000000000000, -2.409338161078899700E-016, 1.204669080539449800E-016 ) ) ;
#10868 = CARTESIAN_POINT ( 'NONE',  ( 34.39999999999999900, 2.899999999999999900, 37.59999999999998000 ) ) ;
#10869 = DIRECTION ( 'NONE',  ( -3.168854151125935100E-048, -1.899788849813798600E-031, 1.000000000000000000 ) ) ;
#10870 = CARTESIAN_POINT ( 'NONE',  ( 32.20000000000000300, -2.100000000000000100, -48.00000000000000000 ) ) ;
#10871 = DIRECTION ( 'NONE',  ( -1.392979236598078500E-016, -1.000000000000000000, 0.0000000000000000000 ) ) ;
#10872 = PRESENTATION_STYLE_ASSIGNMENT (( #9736 ) ) ;
#10873 = AXIS2_PLACEMENT_3D ( 'NONE', #1399, #9663, #1435 ) ;
#10874 = EDGE_CURVE ( 'NONE', #8801, #6535, #8328, .T. ) ;
#10875 =( GEOMETRIC_REPRESENTATION_CONTEXT ( 3 ) GLOBAL_UNCERTAINTY_ASSIGNED_CONTEXT ( ( #9632 ) ) GLOBAL_UNIT_ASSIGNED_CONTEXT ( ( #5686, #176, #6612 ) ) REPRESENTATION_CONTEXT ( 'NONE', 'WORKASPACE' ) );
#10876 = CARTESIAN_POINT ( 'NONE',  ( -34.49999999999998600, -3.500000000000000000, 48.00000000000000000 ) ) ;
#10877 = CONTEXT_DEPENDENT_SHAPE_REPRESENTATION ( #10157, #495 ) ;
#10878 = PRESENTATION_STYLE_ASSIGNMENT (( #1088 ) ) ;
#10879 = EDGE_LOOP ( 'NONE', ( #11071, #2611, #6092, #5320 ) ) ;
#10880 = CARTESIAN_POINT ( 'NONE',  ( 7.719999999999999800, -0.9100000000000040300, -1.465012348513500700E-016 ) ) ;
#10881 = DIRECTION ( 'NONE',  ( 0.3892816206350256400, -0.3892816206350256900, -0.8348171294789871200 ) ) ;
#10882 = VECTOR ( 'NONE', #4553, 1000.000000000000000 ) ;
#10883 = VECTOR ( 'NONE', #9426, 1000.000000000000000 ) ;
#10884 = DIRECTION ( 'NONE',  ( -1.000000000000000000, 0.0000000000000000000, 1.387778780781445900E-016 ) ) ;
#10885 = CARTESIAN_POINT ( 'NONE',  ( -16.34000000000000000, 0.2899999999999994800, 5.099999999999999600 ) ) ;
#10886 = EDGE_LOOP ( 'NONE', ( #11380, #5435, #8735, #6380, #10482, #2014, #951, #9621 ) ) ;
#10887 = ORIENTED_EDGE ( 'NONE', *, *, #10135, .F. ) ;
#10888 = LINE ( 'NONE', #4189, #3562 ) ;
#10889 = CARTESIAN_POINT ( 'NONE',  ( 16.60000000000000500, -0.8100000000000043800, 5.099999999999999600 ) ) ;
#10890 = AXIS2_PLACEMENT_3D ( 'NONE', #1687, #7190, #9948 ) ;
#10891 = EDGE_CURVE ( 'NONE', #2759, #6010, #1291, .T. ) ;
#10892 = VERTEX_POINT ( 'NONE', #5517 ) ;
#10893 = UNCERTAINTY_MEASURE_WITH_UNIT (LENGTH_MEASURE( 1.000000000000000100E-005 ), #7933, 'distance_accuracy_value', 'NONE');
#10894 = LINE ( 'NONE', #1609, #8173 ) ;
#10895 = CARTESIAN_POINT ( 'NONE',  ( 30.86000000000000700, 1.999999999999999600, -34.75000000000000000 ) ) ;
#10896 = DIRECTION ( 'NONE',  ( 0.0000000000000000000, 0.0000000000000000000, 1.000000000000000000 ) ) ;
#10897 = COLOUR_RGB ( '',0.9686274509803921600, 0.8784313725490196000, 0.5999999999999999800 ) ;
#10898 = EDGE_LOOP ( 'NONE', ( #7442, #10780, #6242, #7924 ) ) ;
#10899 = CARTESIAN_POINT ( 'NONE',  ( 30.86000000000000700, 1.999999999999999600, -36.00000000000000700 ) ) ;
#10900 = PRODUCT_DEFINITION_SHAPE ( 'NONE', 'NONE',  #11940 ) ;
#10901 = ADVANCED_FACE ( 'NONE', ( #5868 ), #7747, .F. ) ;
#10902 = ORIENTED_EDGE ( 'NONE', *, *, #4503, .F. ) ;
#10903 = COLOUR_RGB ( '',0.8941176470588234600, 0.9137254901960784000, 0.9294117647058823800 ) ;
#10904 = ORIENTED_EDGE ( 'NONE', *, *, #4263, .F. ) ;
#10905 = DIRECTION ( 'NONE',  ( 0.0000000000000000000, -1.000000000000000000, 0.0000000000000000000 ) ) ;
#10906 = VECTOR ( 'NONE', #1092, 1000.000000000000000 ) ;
#10907 = CARTESIAN_POINT ( 'NONE',  ( -30.85999999999999600, -3.500000000000000000, 41.84999999999998700 ) ) ;
#10908 = DIRECTION ( 'NONE',  ( -1.204669080539449800E-016, 1.678079016163151600E-032, 1.000000000000000000 ) ) ;
#10909 = LINE ( 'NONE', #3904, #3288 ) ;
#10910 = CARTESIAN_POINT ( 'NONE',  ( 16.59999999999999800, -0.9100000000000076900, 5.099999999999999600 ) ) ;
#10911 = CARTESIAN_POINT ( 'NONE',  ( 32.20000000000000300, 2.900000000000000400, 47.20000000000000300 ) ) ;
#10912 = EDGE_CURVE ( 'NONE', #1705, #6929, #717, .T. ) ;
#10913 = STYLED_ITEM ( 'NONE', ( #4716 ), #8212 ) ;
#10914 = FACE_OUTER_BOUND ( 'NONE', #8206, .T. ) ;
#10915 = CARTESIAN_POINT ( 'NONE',  ( -32.20000000000000300, 2.900000000000000400, 47.20000000000000300 ) ) ;
#10916 = VERTEX_POINT ( 'NONE', #10128 ) ;
#10917 = AXIS2_PLACEMENT_3D ( 'NONE', #6307, #822, #7229 ) ;
#10918 = DIRECTION ( 'NONE',  ( -1.000000000000000000, 1.668003342285391100E-017, 0.0000000000000000000 ) ) ;
#10919 =( NAMED_UNIT ( * ) SI_UNIT ( $, .STERADIAN. ) SOLID_ANGLE_UNIT ( ) );
#10920 = ADVANCED_FACE ( 'NONE', ( #8062 ), #4628, .F. ) ;
#10921 = ORIENTED_EDGE ( 'NONE', *, *, #6064, .F. ) ;
#10922 = DIRECTION ( 'NONE',  ( 0.0000000000000000000, 1.000000000000000000, 0.0000000000000000000 ) ) ;
#10923 = AXIS2_PLACEMENT_3D ( 'NONE', #11112, #5608, #85 ) ;
#10924 = ORIENTED_EDGE ( 'NONE', *, *, #8624, .F. ) ;
#10925 = ORIENTED_EDGE ( 'NONE', *, *, #5096, .F. ) ;
#10926 = VECTOR ( 'NONE', #2375, 1000.000000000000000 ) ;
#10927 = EDGE_LOOP ( 'NONE', ( #3817, #5308, #11665, #6990 ) ) ;
#10928 = CARTESIAN_POINT ( 'NONE',  ( 30.86000000000001700, 1.999999999999999600, 40.59999999999998000 ) ) ;
#10929 = DIRECTION ( 'NONE',  ( -0.0000000000000000000, 1.000000000000000000, -0.0000000000000000000 ) ) ;
#10930 = EDGE_LOOP ( 'NONE', ( #11391, #10595, #11474, #2054 ) ) ;
#10931 = DIRECTION ( 'NONE',  ( 0.0000000000000000000, 0.0000000000000000000, 1.000000000000000000 ) ) ;
#10932 = FACE_OUTER_BOUND ( 'NONE', #8270, .T. ) ;
#10933 = ORIENTED_EDGE ( 'NONE', *, *, #2507, .T. ) ;
#10934 = SURFACE_STYLE_FILL_AREA ( #8579 ) ;
#10935 = DIRECTION ( 'NONE',  ( 0.0000000000000000000, 1.000000000000000000, 0.0000000000000000000 ) ) ;
#10936 = DIRECTION ( 'NONE',  ( -1.000000000000000000, 0.0000000000000000000, -0.0000000000000000000 ) ) ;
#10937 = CARTESIAN_POINT ( 'NONE',  ( -9.599999999999999600, -4.815124837953328000, 5.099999999999999600 ) ) ;
#10938 = STYLED_ITEM ( 'NONE', ( #3717 ), #11809 ) ;
#10939 = DIRECTION ( 'NONE',  ( 0.0000000000000000000, -1.000000000000000000, 0.0000000000000000000 ) ) ;
#10940 = LINE ( 'NONE', #2382, #8215 ) ;
#10941 = DIRECTION ( 'NONE',  ( 1.668003342285391100E-017, 1.000000000000000000, -0.0000000000000000000 ) ) ;
#10942 = AXIS2_PLACEMENT_3D ( 'NONE', #5715, #4755, #204 ) ;
#10943 = FACE_OUTER_BOUND ( 'NONE', #4577, .T. ) ;
#10944 = EDGE_CURVE ( 'NONE', #5533, #4168, #5594, .T. ) ;
#10945 = EDGE_CURVE ( 'NONE', #11742, #3215, #9482, .T. ) ;
#10946 = VERTEX_POINT ( 'NONE', #1933 ) ;
#10947 =( LENGTH_UNIT ( ) NAMED_UNIT ( * ) SI_UNIT ( .MILLI., .METRE. ) );
#10948 = DIRECTION ( 'NONE',  ( 0.0000000000000000000, -1.000000000000000000, 0.0000000000000000000 ) ) ;
#10949 = CARTESIAN_POINT ( 'NONE',  ( 2.700000000000002800, -0.9100000000000029200, 5.099999999999999600 ) ) ;
#10950 = DIRECTION ( 'NONE',  ( 1.668003342285391100E-017, 1.000000000000000000, -0.0000000000000000000 ) ) ;
#10951 = VECTOR ( 'NONE', #1758, 1000.000000000000000 ) ;
#10952 =( NAMED_UNIT ( * ) SI_UNIT ( $, .STERADIAN. ) SOLID_ANGLE_UNIT ( ) );
#10953 = ORIENTED_EDGE ( 'NONE', *, *, #255, .T. ) ;
#10954 = ORIENTED_EDGE ( 'NONE', *, *, #7787, .F. ) ;
#10955 = DIRECTION ( 'NONE',  ( 0.0000000000000000000, 0.0000000000000000000, -1.000000000000000000 ) ) ;
#10956 = EDGE_CURVE ( 'NONE', #5759, #1403, #4608, .T. ) ;
#10957 = AXIS2_PLACEMENT_3D ( 'NONE', #665, #1598, #8030 ) ;
#10958 = LINE ( 'NONE', #3808, #8487 ) ;
#10959 = CARTESIAN_POINT ( 'NONE',  ( 0.0000000000000000000, -1.069999999999999800, 0.2650000000000001800 ) ) ;
#10960 = UNCERTAINTY_MEASURE_WITH_UNIT (LENGTH_MEASURE( 1.000000000000000100E-005 ), #4232, 'distance_accuracy_value', 'NONE');
#10961 = FILL_AREA_STYLE_COLOUR ( '', #1651 ) ;
#10962 = EDGE_CURVE ( 'NONE', #8596, #4976, #7066, .T. ) ;
#10963 = DIRECTION ( 'NONE',  ( 0.0000000000000000000, 0.0000000000000000000, 1.000000000000000000 ) ) ;
#10964 = ORIENTED_EDGE ( 'NONE', *, *, #8459, .F. ) ;
#10965 = DIRECTION ( 'NONE',  ( 1.000000000000000000, 0.0000000000000000000, 2.409338161078899700E-016 ) ) ;
#10966 = CARTESIAN_POINT ( 'NONE',  ( -34.99999999999999300, -3.000000000000000400, 49.50000000000000000 ) ) ;
#10967 = ORIENTED_EDGE ( 'NONE', *, *, #6341, .F. ) ;
#10968 = PLANE ( 'NONE',  #10831 ) ;
#10969 = VERTEX_POINT ( 'NONE', #1968 ) ;
#10970 = CARTESIAN_POINT ( 'NONE',  ( 30.86000000000000700, 1.999999999999999600, -36.00000000000000700 ) ) ;
#10971 = FILL_AREA_STYLE_COLOUR ( '', #7589 ) ;
#10972 = ADVANCED_FACE ( 'NONE', ( #6758 ), #7478, .T. ) ;
#10973 = CARTESIAN_POINT ( 'NONE',  ( 20.55000000000000100, 1.269999999999991800, -2.088061301782108400 ) ) ;
#10974 = VECTOR ( 'NONE', #700, 1000.000000000000000 ) ;
#10975 = DIRECTION ( 'NONE',  ( 1.000000000000000000, 0.0000000000000000000, 0.0000000000000000000 ) ) ;
#10976 = ORIENTED_EDGE ( 'NONE', *, *, #7139, .T. ) ;
#10977 = ORIENTED_EDGE ( 'NONE', *, *, #7388, .T. ) ;
#10978 = EDGE_CURVE ( 'NONE', #3231, #2866, #11643, .T. ) ;
#10979 = AXIS2_PLACEMENT_3D ( 'NONE', #11170, #5665, #152 ) ;
#10980 =( GEOMETRIC_REPRESENTATION_CONTEXT ( 3 ) GLOBAL_UNCERTAINTY_ASSIGNED_CONTEXT ( ( #10364 ) ) GLOBAL_UNIT_ASSIGNED_CONTEXT ( ( #10504, #4982, #11431 ) ) REPRESENTATION_CONTEXT ( 'NONE', 'WORKASPACE' ) );
#10981 = ORIENTED_EDGE ( 'NONE', *, *, #4320, .F. ) ;
#10982 = CARTESIAN_POINT ( 'NONE',  ( 21.30000000000000100, -0.4500000000000074500, 7.000000000000000000 ) ) ;
#10983 =( NAMED_UNIT ( * ) SI_UNIT ( $, .STERADIAN. ) SOLID_ANGLE_UNIT ( ) );
#10984 = VERTEX_POINT ( 'NONE', #11171 ) ;
#10985 = AXIS2_PLACEMENT_3D ( 'NONE', #6814, #7733, #5911 ) ;
#10986 = DIRECTION ( 'NONE',  ( -0.0000000000000000000, -0.0000000000000000000, -1.000000000000000000 ) ) ;
#10987 = CARTESIAN_POINT ( 'NONE',  ( -18.39999999999999100, -1.099999999999999900, -50.00000000000000000 ) ) ;
#10988 = EDGE_LOOP ( 'NONE', ( #7092, #5445, #7485, #8822 ) ) ;
#10989 = EDGE_CURVE ( 'NONE', #2934, #6643, #8913, .T. ) ;
#10990 = VECTOR ( 'NONE', #6636, 1000.000000000000000 ) ;
#10991 = CARTESIAN_POINT ( 'NONE',  ( -30.85999999999999600, -2.900000000000000400, 40.59999999999998000 ) ) ;
#10992 = FACE_OUTER_BOUND ( 'NONE', #8912, .T. ) ;
#10993 = ORIENTED_EDGE ( 'NONE', *, *, #1704, .T. ) ;
#10994 =( NAMED_UNIT ( * ) SI_UNIT ( $, .STERADIAN. ) SOLID_ANGLE_UNIT ( ) );
#10995 = DIRECTION ( 'NONE',  ( 7.885106708985487100E-016, 0.0000000000000000000, -1.000000000000000000 ) ) ;
#10996 = SURFACE_SIDE_STYLE ('',( #4076 ) ) ;
#10997 = EDGE_LOOP ( 'NONE', ( #6232, #872, #2026, #966 ) ) ;
#10998 = DIRECTION ( 'NONE',  ( 0.7071067811865477900, -0.7071067811865473500, 0.0000000000000000000 ) ) ;
#10999 = ORIENTED_EDGE ( 'NONE', *, *, #5583, .T. ) ;
#11000 = LINE ( 'NONE', #4673, #3940 ) ;
#11001 = STYLED_ITEM ( 'NONE', ( #11072 ), #11327 ) ;
#11002 = DIRECTION ( 'NONE',  ( -0.0000000000000000000, -0.0000000000000000000, 1.000000000000000000 ) ) ;
#11003 = FACE_OUTER_BOUND ( 'NONE', #8553, .T. ) ;
#11004 = CARTESIAN_POINT ( 'NONE',  ( -18.55000000000000800, -2.010000000000008200, 5.099999999999999600 ) ) ;
#11005 = FACE_OUTER_BOUND ( 'NONE', #1738, .T. ) ;
#11006 = AXIS2_PLACEMENT_3D ( 'NONE', #1048, #7450, #1945 ) ;
#11007 = CARTESIAN_POINT ( 'NONE',  ( 1.000000000000002000, -5.401102314577125100, 5.099999999999999600 ) ) ;
#11008 = DIRECTION ( 'NONE',  ( 1.668003342285391100E-017, 1.000000000000000000, -0.0000000000000000000 ) ) ;
#11009 = EDGE_CURVE ( 'NONE', #2346, #2432, #11359, .T. ) ;
#11010 = VECTOR ( 'NONE', #9384, 1000.000000000000000 ) ;
#11011 = ORIENTED_EDGE ( 'NONE', *, *, #8551, .T. ) ;
#11012 = ORIENTED_EDGE ( 'NONE', *, *, #9964, .F. ) ;
#11013 = FILL_AREA_STYLE_COLOUR ( '', #3121 ) ;
#11014 = APPLICATION_CONTEXT ( 'automotive_design' ) ;
#11015 = EDGE_LOOP ( 'NONE', ( #7535, #8908, #1194, #1115 ) ) ;
#11016 = VECTOR ( 'NONE', #7653, 1000.000000000000000 ) ;
#11017 = DIRECTION ( 'NONE',  ( 1.668003342285391400E-017, 1.000000000000000000, 0.0000000000000000000 ) ) ;
#11018 = LINE ( 'NONE', #949, #3960 ) ;
#11019 = VECTOR ( 'NONE', #4465, 1000.000000000000000 ) ;
#11020 =( NAMED_UNIT ( * ) PLANE_ANGLE_UNIT ( ) SI_UNIT ( $, .RADIAN. ) );
#11021 = DIRECTION ( 'NONE',  ( 0.0000000000000000000, 0.0000000000000000000, 1.000000000000000000 ) ) ;
#11022 = ORIENTED_EDGE ( 'NONE', *, *, #11174, .F. ) ;
#11023 = FILL_AREA_STYLE_COLOUR ( '', #7729 ) ;
#11024 = PRESENTATION_STYLE_ASSIGNMENT (( #1672 ) ) ;
#11025 = EDGE_CURVE ( 'NONE', #7585, #233, #4018, .T. ) ;
#11026 = DIRECTION ( 'NONE',  ( -2.646366421711166800E-047, -1.899788849813798600E-031, 1.000000000000000000 ) ) ;
#11027 =( LENGTH_UNIT ( ) NAMED_UNIT ( * ) SI_UNIT ( .MILLI., .METRE. ) );
#11028 = EDGE_LOOP ( 'NONE', ( #7999, #7196, #10953, #2523 ) ) ;
#11029 = TOROIDAL_SURFACE ( 'NONE', #5521, 1.500000000000000000, 0.5000000000000000000 ) ;
#11030 = VECTOR ( 'NONE', #8403, 1000.000000000000000 ) ;
#11031 = ADVANCED_FACE ( 'NONE', ( #6185 ), #2886, .F. ) ;
#11032 = CYLINDRICAL_SURFACE ( 'NONE', #1608, 2.500000000000002200 ) ;
#11033 = ORIENTED_EDGE ( 'NONE', *, *, #10708, .T. ) ;
#11034 = LINE ( 'NONE', #6466, #8561 ) ;
#11035 = DIRECTION ( 'NONE',  ( -0.0000000000000000000, -1.000000000000000000, -0.0000000000000000000 ) ) ;
#11036 = DIRECTION ( 'NONE',  ( 0.0000000000000000000, 1.000000000000000000, 0.0000000000000000000 ) ) ;
#11037 = UNCERTAINTY_MEASURE_WITH_UNIT (LENGTH_MEASURE( 1.000000000000000100E-005 ), #8694, 'distance_accuracy_value', 'NONE');
#11038 = ORIENTED_EDGE ( 'NONE', *, *, #5617, .T. ) ;
#11039 = VECTOR ( 'NONE', #6426, 1000.000000000000000 ) ;
#11040 = VECTOR ( 'NONE', #9785, 1000.000000000000000 ) ;
#11041 = CARTESIAN_POINT ( 'NONE',  ( 32.20000000000000300, -2.100000000000000100, 46.40000000000001300 ) ) ;
#11042 = VECTOR ( 'NONE', #10639, 1000.000000000000000 ) ;
#11043 = VECTOR ( 'NONE', #2293, 1000.000000000000000 ) ;
#11044 = CARTESIAN_POINT ( 'NONE',  ( -33.89999999999999900, -2.899999999999999900, -33.00000000000000000 ) ) ;
#11045 = LINE ( 'NONE', #6628, #3985 ) ;
#11046 = AXIS2_PLACEMENT_3D ( 'NONE', #2807, #91, #6538 ) ;
#11047 = DIRECTION ( 'NONE',  ( 1.668003342285391100E-017, 1.000000000000000000, -0.0000000000000000000 ) ) ;
#11048 = ORIENTED_EDGE ( 'NONE', *, *, #4079, .T. ) ;
#11049 = DIRECTION ( 'NONE',  ( 0.0000000000000000000, 1.000000000000000000, 0.0000000000000000000 ) ) ;
#11050 = EDGE_CURVE ( 'NONE', #4206, #743, #7763, .T. ) ;
#11051 = EDGE_CURVE ( 'NONE', #6649, #771, #5324, .T. ) ;
#11052 = EDGE_CURVE ( 'NONE', #7654, #4998, #426, .T. ) ;
#11053 = DIRECTION ( 'NONE',  ( 1.000000000000000000, 0.0000000000000000000, 1.387778780781445900E-016 ) ) ;
#11054 = ORIENTED_EDGE ( 'NONE', *, *, #9284, .T. ) ;
#11055 = DIRECTION ( 'NONE',  ( -0.0000000000000000000, -1.000000000000000000, -0.0000000000000000000 ) ) ;
#11056 = APPLICATION_PROTOCOL_DEFINITION ( 'draft international standard', 'automotive_design', 1998, #4620 ) ;
#11057 = FACE_OUTER_BOUND ( 'NONE', #600, .T. ) ;
#11058 = EDGE_LOOP ( 'NONE', ( #8784, #10276, #3447, #614 ) ) ;
#11059 = ORIENTED_EDGE ( 'NONE', *, *, #2314, .T. ) ;
#11060 = AXIS2_PLACEMENT_3D ( 'NONE', #3309, #10690, #5172 ) ;
#11061 = FACE_OUTER_BOUND ( 'NONE', #11277, .T. ) ;
#11062 = CARTESIAN_POINT ( 'NONE',  ( -30.85999999999999600, 1.999999999999999600, 41.84999999999998700 ) ) ;
#11063 = DIRECTION ( 'NONE',  ( -1.000000000000000000, 1.668003342285391100E-017, -1.141265444721583500E-016 ) ) ;
#11064 = VERTEX_POINT ( 'NONE', #8498 ) ;
#11065 = FILL_AREA_STYLE ('',( #3716 ) ) ;
#11066 = VECTOR ( 'NONE', #8845, 1000.000000000000000 ) ;
#11067 = EDGE_CURVE ( 'NONE', #9575, #7456, #733, .T. ) ;
#11068 = LINE ( 'NONE', #1388, #8060 ) ;
#11069 = ORIENTED_EDGE ( 'NONE', *, *, #11813, .T. ) ;
#11070 = ORIENTED_EDGE ( 'NONE', *, *, #1126, .F. ) ;
#11071 = ORIENTED_EDGE ( 'NONE', *, *, #8695, .F. ) ;
#11072 = PRESENTATION_STYLE_ASSIGNMENT (( #11645 ) ) ;
#11073 = CARTESIAN_POINT ( 'NONE',  ( -34.99999999999999300, 0.5000000000000001100, 39.34999999999998700 ) ) ;
#11074 = ORIENTED_EDGE ( 'NONE', *, *, #11648, .F. ) ;
#11075 = CARTESIAN_POINT ( 'NONE',  ( -32.20000000000000300, 2.150000000000010600, -47.20000000000000300 ) ) ;
#11076 = ORIENTED_EDGE ( 'NONE', *, *, #1484, .F. ) ;
#11077 = LINE ( 'NONE', #3324, #7473 ) ;
#11078 = CARTESIAN_POINT ( 'NONE',  ( 10.10000000000000100, -0.9100000000000080200, 0.7000000000000001800 ) ) ;
#11079 = FILL_AREA_STYLE_COLOUR ( '', #9678 ) ;
#11080 = ORIENTED_EDGE ( 'NONE', *, *, #4655, .F. ) ;
#11081 = VECTOR ( 'NONE', #2011, 1000.000000000000000 ) ;
#11082 = DIRECTION ( 'NONE',  ( 0.0000000000000000000, 0.0000000000000000000, 1.000000000000000000 ) ) ;
#11083 = DIRECTION ( 'NONE',  ( 1.000000000000000000, 0.0000000000000000000, 0.0000000000000000000 ) ) ;
#11084 = CARTESIAN_POINT ( 'NONE',  ( -9.599999999999999600, -0.9100000000000007000, 5.099999999999999600 ) ) ;
#11085 = SURFACE_STYLE_FILL_AREA ( #3073 ) ;
#11086 = CYLINDRICAL_SURFACE ( 'NONE', #1444, 0.5000000000000004400 ) ;
#11087 =( NAMED_UNIT ( * ) PLANE_ANGLE_UNIT ( ) SI_UNIT ( $, .RADIAN. ) );
#11088 = VERTEX_POINT ( 'NONE', #9432 ) ;
#11089 = ADVANCED_FACE ( 'NONE', ( #7475 ), #10367, .F. ) ;
#11090 = DIRECTION ( 'NONE',  ( 0.0000000000000000000, 0.0000000000000000000, -1.000000000000000000 ) ) ;
#11091 = MECHANICAL_DESIGN_GEOMETRIC_PRESENTATION_REPRESENTATION (  '', ( #9845 ), #11699 ) ;
#11092 = ORIENTED_EDGE ( 'NONE', *, *, #10030, .F. ) ;
#11093 =( REPRESENTATION_RELATIONSHIP ('NONE','NONE', #1637, #6512 ) REPRESENTATION_RELATIONSHIP_WITH_TRANSFORMATION ( #8410 )SHAPE_REPRESENTATION_RELATIONSHIP( ) );
#11094 = DIRECTION ( 'NONE',  ( 0.0000000000000000000, 1.000000000000000000, 0.0000000000000000000 ) ) ;
#11095 = EDGE_CURVE ( 'NONE', #2440, #4806, #8747, .T. ) ;
#11096 = CIRCLE ( 'NONE', #2997, 1.250000000000001100 ) ;
#11097 = EDGE_CURVE ( 'NONE', #2509, #8574, #6326, .T. ) ;
#11098 = VECTOR ( 'NONE', #2482, 1000.000000000000000 ) ;
#11099 = SURFACE_STYLE_FILL_AREA ( #1408 ) ;
#11100 = ORIENTED_EDGE ( 'NONE', *, *, #10317, .F. ) ;
#11101 = DIRECTION ( 'NONE',  ( 0.0000000000000000000, 0.0000000000000000000, 1.000000000000000000 ) ) ;
#11102 = CARTESIAN_POINT ( 'NONE',  ( 34.40000000000001300, 3.500000000000000000, 43.59999999999998700 ) ) ;
#11103 = ORIENTED_EDGE ( 'NONE', *, *, #4324, .F. ) ;
#11104 = DIRECTION ( 'NONE',  ( -1.000000000000000000, -0.0000000000000000000, -0.0000000000000000000 ) ) ;
#11105 = VERTEX_POINT ( 'NONE', #7664 ) ;
#11106 = CARTESIAN_POINT ( 'NONE',  ( 7.500000000000001800, -0.9100000000000049200, 5.099999999999999600 ) ) ;
#11107 = UNCERTAINTY_MEASURE_WITH_UNIT (LENGTH_MEASURE( 1.000000000000000100E-005 ), #7562, 'distance_accuracy_value', 'NONE');
#11108 = VECTOR ( 'NONE', #7392, 1000.000000000000000 ) ;
#11109 = VERTEX_POINT ( 'NONE', #1252 ) ;
#11110 = AXIS2_PLACEMENT_3D ( 'NONE', #8683, #10511, #7786 ) ;
#11111 = ORIENTED_EDGE ( 'NONE', *, *, #6654, .F. ) ;
#11112 = CARTESIAN_POINT ( 'NONE',  ( -34.49999999999998600, -3.000000000000000000, 48.00000000000000000 ) ) ;
#11113 = DIRECTION ( 'NONE',  ( -2.409338161078899700E-016, -1.000000000000000000, -1.899788849813798600E-031 ) ) ;
#11114 = AXIS2_PLACEMENT_3D ( 'NONE', #1823, #2794, #9215 ) ;
#11115 = ORIENTED_EDGE ( 'NONE', *, *, #10580, .F. ) ;
#11116 = EDGE_CURVE ( 'NONE', #1440, #8934, #3879, .T. ) ;
#11117 =( LENGTH_UNIT ( ) NAMED_UNIT ( * ) SI_UNIT ( .MILLI., .METRE. ) );
#11118 = LINE ( 'NONE', #360, #3785 ) ;
#11119 = FACE_OUTER_BOUND ( 'NONE', #10145, .T. ) ;
#11120 = PLANE ( 'NONE',  #317 ) ;
#11121 = EDGE_LOOP ( 'NONE', ( #8772, #2817, #2733, #8376 ) ) ;
#11122 = CARTESIAN_POINT ( 'NONE',  ( -14.63999999999999900, -0.9099999999999993600, 5.099999999999999600 ) ) ;
#11123 = CARTESIAN_POINT ( 'NONE',  ( 2.300000000000001600, -0.8100000000000041600, 0.7000000000000027300 ) ) ;
#11124 = ORIENTED_EDGE ( 'NONE', *, *, #10800, .F. ) ;
#11125 = DIRECTION ( 'NONE',  ( 0.0000000000000000000, 0.5150380749100571500, -0.8571673007021105600 ) ) ;
#11126 = CARTESIAN_POINT ( 'NONE',  ( -16.34000000000000000, 0.6699999999999914900, 5.099999999999999600 ) ) ;
#11127 = ORIENTED_EDGE ( 'NONE', *, *, #8960, .F. ) ;
#11128 = FACE_OUTER_BOUND ( 'NONE', #982, .T. ) ;
#11129 = PRESENTATION_STYLE_ASSIGNMENT (( #5489 ) ) ;
#11130 = EDGE_CURVE ( 'NONE', #4048, #2025, #9627, .T. ) ;
#11131 = PRESENTATION_LAYER_ASSIGNMENT (  '', '', ( #10508 ) ) ;
#11132 = PLANE ( 'NONE',  #1754 ) ;
#11133 = ORIENTED_EDGE ( 'NONE', *, *, #9129, .F. ) ;
#11134 = AXIS2_PLACEMENT_3D ( 'NONE', #1334, #2243, #4095 ) ;
#11135 = VERTEX_POINT ( 'NONE', #10443 ) ;
#11136 = EDGE_LOOP ( 'NONE', ( #9343, #6217, #11022, #11671 ) ) ;
#11137 = VECTOR ( 'NONE', #3976, 1000.000000000000000 ) ;
#11138 = AXIS2_PLACEMENT_3D ( 'NONE', #2396, #3340, #9750 ) ;
#11139 = CARTESIAN_POINT ( 'NONE',  ( -32.20000000000000300, 2.900000000000000400, -45.65000000000001300 ) ) ;
#11140 =( NAMED_UNIT ( * ) PLANE_ANGLE_UNIT ( ) SI_UNIT ( $, .RADIAN. ) );
#11141 = EDGE_LOOP ( 'NONE', ( #550, #4765, #8301, #9176 ) ) ;
#11142 = ADVANCED_FACE ( 'NONE', ( #10644 ), #5856, .T. ) ;
#11143 = ORIENTED_EDGE ( 'NONE', *, *, #9093, .T. ) ;
#11144 = EDGE_LOOP ( 'NONE', ( #3794, #1824, #2877, #314 ) ) ;
#11145 = CARTESIAN_POINT ( 'NONE',  ( -13.74000000000000000, -4.815124837953327100, 1.299999999999999600 ) ) ;
#11146 = SURFACE_STYLE_FILL_AREA ( #6041 ) ;
#11147 = PLANE ( 'NONE',  #7237 ) ;
#11148 = DIRECTION ( 'NONE',  ( 0.0000000000000000000, -1.000000000000000000, 0.0000000000000000000 ) ) ;
#11149 =( NAMED_UNIT ( * ) PLANE_ANGLE_UNIT ( ) SI_UNIT ( $, .RADIAN. ) );
#11150 = CARTESIAN_POINT ( 'NONE',  ( -7.899999999999999500, -2.850000000000001000, 7.000000000000000000 ) ) ;
#11151 = EDGE_CURVE ( 'NONE', #4966, #4976, #231, .T. ) ;
#11152 = FACE_OUTER_BOUND ( 'NONE', #10886, .T. ) ;
#11153 = ORIENTED_EDGE ( 'NONE', *, *, #1768, .F. ) ;
#11154 =( GEOMETRIC_REPRESENTATION_CONTEXT ( 3 ) GLOBAL_UNCERTAINTY_ASSIGNED_CONTEXT ( ( #11914 ) ) GLOBAL_UNIT_ASSIGNED_CONTEXT ( ( #4589, #11020, #5514 ) ) REPRESENTATION_CONTEXT ( 'NONE', 'WORKASPACE' ) );
#11155 = CARTESIAN_POINT ( 'NONE',  ( -12.12000000000000300, -0.9100000000000010300, 5.100000000000000500 ) ) ;
#11156 = FILL_AREA_STYLE_COLOUR ( '', #4671 ) ;
#11157 = DIRECTION ( 'NONE',  ( 0.9926784959919534600, 0.08540902644086631500, -0.08540902644086605100 ) ) ;
#11158 = FILL_AREA_STYLE_COLOUR ( '', #4812 ) ;
#11159 = PRESENTATION_LAYER_ASSIGNMENT (  '', '', ( #11783 ) ) ;
#11160 = CARTESIAN_POINT ( 'NONE',  ( -35.00000000000000000, 3.500000000000000000, -50.00000000000000000 ) ) ;
#11161 = ORIENTED_EDGE ( 'NONE', *, *, #5914, .F. ) ;
#11162 = VECTOR ( 'NONE', #9394, 1000.000000000000000 ) ;
#11163 = EDGE_CURVE ( 'NONE', #4062, #6511, #6026, .T. ) ;
#11164 = CARTESIAN_POINT ( 'NONE',  ( 32.20000000000001700, 0.2999999999999999900, 47.20000000000001700 ) ) ;
#11165 = ORIENTED_EDGE ( 'NONE', *, *, #4958, .T. ) ;
#11166 = CARTESIAN_POINT ( 'NONE',  ( -34.39999999999998400, -2.900000000000000400, 44.50000000000001400 ) ) ;
#11167 = UNCERTAINTY_MEASURE_WITH_UNIT (LENGTH_MEASURE( 1.000000000000000100E-005 ), #10624, 'distance_accuracy_value', 'NONE');
#11168 = VERTEX_POINT ( 'NONE', #11410 ) ;
#11169 = CIRCLE ( 'NONE', #10680, 2.149999999999999000 ) ;
#11170 = CARTESIAN_POINT ( 'NONE',  ( 10.10000000000000100, -5.401102314577129500, 5.099999999999999600 ) ) ;
#11171 = CARTESIAN_POINT ( 'NONE',  ( 16.60000000000000500, -0.8100000000000043800, 0.0000000000000000000 ) ) ;
#11172 = LINE ( 'NONE', #5852, #1404 ) ;
#11174 = EDGE_CURVE ( 'NONE', #10203, #9467, #273, .T. ) ;
#11173 = VERTEX_POINT ( 'NONE', #5894 ) ;
#11175 = DIRECTION ( 'NONE',  ( 0.0000000000000000000, -0.0000000000000000000, 1.000000000000000000 ) ) ;
#11176 = DIRECTION ( 'NONE',  ( -0.0000000000000000000, 0.0000000000000000000, 1.000000000000000000 ) ) ;
#11177 = ORIENTED_EDGE ( 'NONE', *, *, #7907, .T. ) ;
#11178 = PRESENTATION_STYLE_ASSIGNMENT (( #6259 ) ) ;
#11179 = EDGE_CURVE ( 'NONE', #3050, #10203, #2742, .T. ) ;
#11180 = ORIENTED_EDGE ( 'NONE', *, *, #4324, .T. ) ;
#11181 = FACE_OUTER_BOUND ( 'NONE', #5713, .T. ) ;
#11182 = VECTOR ( 'NONE', #4118, 1000.000000000000000 ) ;
#11183 = DIRECTION ( 'NONE',  ( -0.0000000000000000000, -1.000000000000000000, -0.0000000000000000000 ) ) ;
#11184 = VERTEX_POINT ( 'NONE', #5929 ) ;
#11185 = CIRCLE ( 'NONE', #1698, 1.250000000000001100 ) ;
#11186 = ORIENTED_EDGE ( 'NONE', *, *, #2265, .F. ) ;
#11187 = CARTESIAN_POINT ( 'NONE',  ( 0.0000000000000000000, 1.069999999999999800, 0.2649999999999998500 ) ) ;
#11188 = SURFACE_STYLE_USAGE ( .BOTH. , #4756 ) ;
#11189 = DIRECTION ( 'NONE',  ( 0.0000000000000000000, 0.0000000000000000000, -1.000000000000000000 ) ) ;
#11190 = PRESENTATION_STYLE_ASSIGNMENT (( #4284 ) ) ;
#11191 = CARTESIAN_POINT ( 'NONE',  ( -15.03999999999999900, -0.8100000000000011600, 5.100000000000000500 ) ) ;
#11192 = VERTEX_POINT ( 'NONE', #435 ) ;
#11193 = FACE_OUTER_BOUND ( 'NONE', #3781, .T. ) ;
#11194 = SURFACE_STYLE_USAGE ( .BOTH. , #4763 ) ;
#11195 = CARTESIAN_POINT ( 'NONE',  ( -34.39999999999997000, 2.899999999999999900, 38.09999999999998000 ) ) ;
#11196 = ORIENTED_EDGE ( 'NONE', *, *, #5991, .T. ) ;
#11197 = EDGE_CURVE ( 'NONE', #7465, #4224, #7327, .T. ) ;
#11198 = VERTEX_POINT ( 'NONE', #6870 ) ;
#11199 = EDGE_CURVE ( 'NONE', #1774, #1496, #9468, .T. ) ;
#11200 = DIRECTION ( 'NONE',  ( -2.409338161078899700E-016, -1.000000000000000000, -1.899788849813798600E-031 ) ) ;
#11201 = ORIENTED_EDGE ( 'NONE', *, *, #7057, .T. ) ;
#11202 = ADVANCED_FACE ( 'NONE', ( #2446 ), #5974, .F. ) ;
#11203 = CARTESIAN_POINT ( 'NONE',  ( 0.0000000000000000000, -2.900000000000000400, -42.20000000000000300 ) ) ;
#11204 = ORIENTED_EDGE ( 'NONE', *, *, #5075, .T. ) ;
#11205 = ORIENTED_EDGE ( 'NONE', *, *, #925, .F. ) ;
#11206 = LINE ( 'NONE', #9006, #4166 ) ;
#11207 = EDGE_LOOP ( 'NONE', ( #9792, #8679, #10191, #4625 ) ) ;
#11208 = VECTOR ( 'NONE', #3927, 1000.000000000000000 ) ;
#11209 = CARTESIAN_POINT ( 'NONE',  ( 10.50000000000000000, -4.815124837953334200, 1.299999999999999600 ) ) ;
#11210 = CARTESIAN_POINT ( 'NONE',  ( -2.899999999999998100, -0.8100000000000040500, 0.0000000000000000000 ) ) ;
#11211 = FILL_AREA_STYLE ('',( #10290 ) ) ;
#11212 = EDGE_CURVE ( 'NONE', #7083, #9672, #11924, .T. ) ;
#11213 = AXIS2_PLACEMENT_3D ( 'NONE', #5299, #730, #7151 ) ;
#11214 = CYLINDRICAL_SURFACE ( 'NONE', #6229, 1.250000000000001100 ) ;
#11215 = CARTESIAN_POINT ( 'NONE',  ( -16.34000000000000000, -0.8100000000000003900, 5.099999999999999600 ) ) ;
#11216 = CARTESIAN_POINT ( 'NONE',  ( -32.00000000000000000, 9.722539674441609500, -47.00000000000001400 ) ) ;
#11217 = VECTOR ( 'NONE', #284, 1000.000000000000000 ) ;
#11218 = VERTEX_POINT ( 'NONE', #8741 ) ;
#11219 =( GEOMETRIC_REPRESENTATION_CONTEXT ( 3 ) GLOBAL_UNCERTAINTY_ASSIGNED_CONTEXT ( ( #10669 ) ) GLOBAL_UNIT_ASSIGNED_CONTEXT ( ( #277, #6707, #1212 ) ) REPRESENTATION_CONTEXT ( 'NONE', 'WORKASPACE' ) );
#11220 = CARTESIAN_POINT ( 'NONE',  ( -32.20000000000001700, -0.2999999999999999900, 47.20000000000001700 ) ) ;
#11221 = DIRECTION ( 'NONE',  ( -0.9963190726394435300, 0.0000000000000000000, 0.08572225787319877300 ) ) ;
#11222 = SURFACE_STYLE_FILL_AREA ( #7492 ) ;
#11223 = AXIS2_PLACEMENT_3D ( 'NONE', #11802, #6295, #810 ) ;
#11224 = FACE_OUTER_BOUND ( 'NONE', #7622, .T. ) ;
#11225 = FILL_AREA_STYLE_COLOUR ( '', #7619 ) ;
#11226 = EDGE_CURVE ( 'NONE', #1099, #4458, #9194, .T. ) ;
#11227 = ORIENTED_EDGE ( 'NONE', *, *, #627, .F. ) ;
#11228 = VERTEX_POINT ( 'NONE', #4179 ) ;
#11229 = PLANE ( 'NONE',  #2164 ) ;
#11230 = CARTESIAN_POINT ( 'NONE',  ( 28.00000000000000400, 3.500000000000000000, -50.00000000000000000 ) ) ;
#11231 = CARTESIAN_POINT ( 'NONE',  ( -18.39999999999999100, -1.099999999999999900, -50.00000000000000000 ) ) ;
#11232 = SURFACE_STYLE_USAGE ( .BOTH. , #4796 ) ;
#11233 = ORIENTED_EDGE ( 'NONE', *, *, #8549, .F. ) ;
#11234 = DIRECTION ( 'NONE',  ( 0.0000000000000000000, 0.0000000000000000000, 1.000000000000000000 ) ) ;
#11235 = DIRECTION ( 'NONE',  ( 1.668003342285391100E-017, 1.000000000000000000, -0.0000000000000000000 ) ) ;
#11236 = PRESENTATION_STYLE_ASSIGNMENT (( #2119 ) ) ;
#11237 = ORIENTED_EDGE ( 'NONE', *, *, #8750, .T. ) ;
#11238 = FILL_AREA_STYLE_COLOUR ( '', #2101 ) ;
#11239 = STYLED_ITEM ( 'NONE', ( #9015 ), #5302 ) ;
#11240 = EDGE_CURVE ( 'NONE', #7923, #5533, #9772, .T. ) ;
#11241 = ORIENTED_EDGE ( 'NONE', *, *, #3552, .T. ) ;
#11242 =( GEOMETRIC_REPRESENTATION_CONTEXT ( 3 ) GLOBAL_UNCERTAINTY_ASSIGNED_CONTEXT ( ( #5364 ) ) GLOBAL_UNIT_ASSIGNED_CONTEXT ( ( #5111, #11554, #6043 ) ) REPRESENTATION_CONTEXT ( 'NONE', 'WORKASPACE' ) );
#11243 = VERTEX_POINT ( 'NONE', #1452 ) ;
#11244 =( NAMED_UNIT ( * ) PLANE_ANGLE_UNIT ( ) SI_UNIT ( $, .RADIAN. ) );
#11245 = UNCERTAINTY_MEASURE_WITH_UNIT (LENGTH_MEASURE( 1.000000000000000100E-005 ), #8728, 'distance_accuracy_value', 'NONE');
#11246 =( NAMED_UNIT ( * ) PLANE_ANGLE_UNIT ( ) SI_UNIT ( $, .RADIAN. ) );
#11247 = PLANE ( 'NONE',  #2108 ) ;
#11248 = CARTESIAN_POINT ( 'NONE',  ( -34.39999999999998400, 3.500000000000000000, 48.00000000000000000 ) ) ;
#11249 = LINE ( 'NONE', #8068, #3641 ) ;
#11250 = ORIENTED_EDGE ( 'NONE', *, *, #6231, .F. ) ;
#11251 = ORIENTED_EDGE ( 'NONE', *, *, #624, .T. ) ;
#11252 = DIRECTION ( 'NONE',  ( 1.000000000000000000, 0.0000000000000000000, 2.409338161078899700E-016 ) ) ;
#11253 = CARTESIAN_POINT ( 'NONE',  ( 32.20000000000000300, 2.150000000000010600, -47.20000000000000300 ) ) ;
#11254 = ORIENTED_EDGE ( 'NONE', *, *, #9111, .T. ) ;
#11255 = ORIENTED_EDGE ( 'NONE', *, *, #4029, .F. ) ;
#11256 = ADVANCED_FACE ( 'NONE', ( #1864 ), #7884, .T. ) ;
#11257 = SURFACE_STYLE_FILL_AREA ( #9301 ) ;
#11258 = CARTESIAN_POINT ( 'NONE',  ( -13.34000000000000200, -0.8100000000000011600, 1.299999999999999600 ) ) ;
#11259 = EDGE_LOOP ( 'NONE', ( #7434, #5858 ) ) ;
#11260 =( LENGTH_UNIT ( ) NAMED_UNIT ( * ) SI_UNIT ( .MILLI., .METRE. ) );
#11261 = CARTESIAN_POINT ( 'NONE',  ( 4.900000000000001200, -0.9100000000000029200, 0.7000000000000012900 ) ) ;
#11262 = AXIS2_PLACEMENT_3D ( 'NONE', #10266, #4758, #11189 ) ;
#11263 = EDGE_CURVE ( 'NONE', #1764, #9259, #8903, .T. ) ;
#11264 = EDGE_CURVE ( 'NONE', #9114, #9846, #11346, .T. ) ;
#11265 = CARTESIAN_POINT ( 'NONE',  ( -33.35999999999998500, -1.999999999999990500, 39.34999999999998700 ) ) ;
#11266 = ORIENTED_EDGE ( 'NONE', *, *, #6468, .F. ) ;
#11267 = DIRECTION ( 'NONE',  ( -0.0000000000000000000, -0.0000000000000000000, -1.000000000000000000 ) ) ;
#11268 = CARTESIAN_POINT ( 'NONE',  ( 0.1000000000000038500, -0.9100000000000028100, 5.099999999999999600 ) ) ;
#11269 = LINE ( 'NONE', #2013, #6384 ) ;
#11270 = VECTOR ( 'NONE', #10767, 1000.000000000000000 ) ;
#11271 = PLANE ( 'NONE',  #2349 ) ;
#11272 = ORIENTED_EDGE ( 'NONE', *, *, #2418, .F. ) ;
#11273 = CARTESIAN_POINT ( 'NONE',  ( 30.00000000000000400, -2.900000000000000400, 48.89999999999999900 ) ) ;
#11274 = PLANE ( 'NONE',  #4337 ) ;
#11275 = ORIENTED_EDGE ( 'NONE', *, *, #738, .T. ) ;
#11276 = DIRECTION ( 'NONE',  ( 0.0000000000000000000, -1.000000000000000000, 0.0000000000000000000 ) ) ;
#11277 = EDGE_LOOP ( 'NONE', ( #6416, #7081, #10993, #8726, #3496, #4569, #10334, #10400 ) ) ;
#11278 = EDGE_CURVE ( 'NONE', #9649, #87, #11636, .T. ) ;
#11279 = AXIS2_PLACEMENT_3D ( 'NONE', #3255, #7867, #2348 ) ;
#11280 = DIRECTION ( 'NONE',  ( -1.668003342285391100E-017, -1.000000000000000000, 0.0000000000000000000 ) ) ;
#11281 = LINE ( 'NONE', #9971, #3675 ) ;
#11282 = FACE_OUTER_BOUND ( 'NONE', #5053, .T. ) ;
#11283 = AXIS2_PLACEMENT_3D ( 'NONE', #8350, #2855, #9281 ) ;
#11284 = CARTESIAN_POINT ( 'NONE',  ( 10.50000000000000000, -0.9100000000000062500, 1.299999999999999600 ) ) ;
#11285 = DIRECTION ( 'NONE',  ( -0.0000000000000000000, -0.0000000000000000000, -1.000000000000000000 ) ) ;
#11286 = EDGE_LOOP ( 'NONE', ( #10830, #11446, #5454 ) ) ;
#11287 = FILL_AREA_STYLE_COLOUR ( '', #1759 ) ;
#11288 = ORIENTED_EDGE ( 'NONE', *, *, #1238, .F. ) ;
#11289 = SURFACE_SIDE_STYLE ('',( #7197 ) ) ;
#11290 = MECHANICAL_DESIGN_GEOMETRIC_PRESENTATION_REPRESENTATION (  '', ( #9435 ), #11908 ) ;
#11291 = CARTESIAN_POINT ( 'NONE',  ( -30.00000000000000400, 2.899999999999999900, -47.00000000000001400 ) ) ;
#11292 = FACE_OUTER_BOUND ( 'NONE', #6627, .T. ) ;
#11293 = CARTESIAN_POINT ( 'NONE',  ( 1.400000000000003200, -0.9100000000000028100, 0.7000000000000009500 ) ) ;
#11294 = ORIENTED_EDGE ( 'NONE', *, *, #7034, .F. ) ;
#11295 = VECTOR ( 'NONE', #6200, 1000.000000000000000 ) ;
#11296 = CARTESIAN_POINT ( 'NONE',  ( 35.00000000000000000, -3.000000000000000400, -50.00000000000000000 ) ) ;
#11297 = CARTESIAN_POINT ( 'NONE',  ( -33.89999999999999900, -2.900000000000000400, -33.50000000000000000 ) ) ;
#11298 = DIRECTION ( 'NONE',  ( -0.0000000000000000000, 1.000000000000000000, -0.0000000000000000000 ) ) ;
#11299 = VERTEX_POINT ( 'NONE', #6998 ) ;
#11300 = FACE_OUTER_BOUND ( 'NONE', #5265, .T. ) ;
#11301 = VECTOR ( 'NONE', #1039, 1000.000000000000000 ) ;
#11302 = DIRECTION ( 'NONE',  ( -1.355252715606881000E-016, 2.226315058375545200E-031, -1.000000000000000000 ) ) ;
#11303 = DIRECTION ( 'NONE',  ( 0.0000000000000000000, 0.0000000000000000000, 1.000000000000000000 ) ) ;
#11304 = LINE ( 'NONE', #3273, #8557 ) ;
#11305 = AXIS2_PLACEMENT_3D ( 'NONE', #3168, #9593, #4089 ) ;
#11306 = DIRECTION ( 'NONE',  ( -0.0000000000000000000, -1.000000000000000000, -0.0000000000000000000 ) ) ;
#11307 = COLOUR_RGB ( '',0.8941176470588234600, 0.9137254901960784000, 0.9294117647058823800 ) ;
#11308 = PRESENTATION_STYLE_ASSIGNMENT (( #2075 ) ) ;
#11309 = ORIENTED_EDGE ( 'NONE', *, *, #3920, .F. ) ;
#11310 = PLANE ( 'NONE',  #6046 ) ;
#11311 = SURFACE_STYLE_FILL_AREA ( #9235 ) ;
#11312 = DIRECTION ( 'NONE',  ( -0.0000000000000000000, -0.0000000000000000000, 1.000000000000000000 ) ) ;
#11313 = EDGE_CURVE ( 'NONE', #7849, #10846, #1590, .T. ) ;
#11314 = UNCERTAINTY_MEASURE_WITH_UNIT (LENGTH_MEASURE( 1.000000000000000100E-005 ), #8238, 'distance_accuracy_value', 'NONE');
#11315 = EDGE_CURVE ( 'NONE', #2872, #3172, #6464, .T. ) ;
#11316 = ADVANCED_FACE ( 'NONE', ( #1295 ), #609, .F. ) ;
#11317 = VERTEX_POINT ( 'NONE', #10693 ) ;
#11318 = DIRECTION ( 'NONE',  ( 0.0000000000000000000, 0.0000000000000000000, -1.000000000000000000 ) ) ;
#11319 = LINE ( 'NONE', #8643, #8870 ) ;
#11320 = CYLINDRICAL_SURFACE ( 'NONE', #1561, 0.5000000000000004400 ) ;
#11321 = ORIENTED_EDGE ( 'NONE', *, *, #3973, .F. ) ;
#11322 =( LENGTH_UNIT ( ) NAMED_UNIT ( * ) SI_UNIT ( .MILLI., .METRE. ) );
#11323 = COLOUR_RGB ( '',0.8941176470588234600, 0.9137254901960784000, 0.9294117647058823800 ) ;
#11324 = DIRECTION ( 'NONE',  ( -3.168854151125935100E-048, -1.899788849813798600E-031, 1.000000000000000000 ) ) ;
#11325 = VERTEX_POINT ( 'NONE', #9796 ) ;
#11326 = VECTOR ( 'NONE', #8182, 1000.000000000000000 ) ;
#11327 = ADVANCED_FACE ( 'NONE', ( #8333 ), #10735, .T. ) ;
#11328 = CYLINDRICAL_SURFACE ( 'NONE', #7209, 0.7999999999999951600 ) ;
#11329 = EDGE_CURVE ( 'NONE', #77, #4214, #9908, .T. ) ;
#11330 = ORIENTED_EDGE ( 'NONE', *, *, #7876, .T. ) ;
#11331 = FILL_AREA_STYLE ('',( #10406 ) ) ;
#11332 = SURFACE_STYLE_FILL_AREA ( #1667 ) ;
#11333 = AXIS2_PLACEMENT_3D ( 'NONE', #9315, #10238, #2893 ) ;
#11334 = CARTESIAN_POINT ( 'NONE',  ( 14.39999999999999900, -0.8100000000000043800, 1.300000000000002000 ) ) ;
#11335 = ORIENTED_EDGE ( 'NONE', *, *, #7783, .T. ) ;
#11336 = AXIS2_PLACEMENT_3D ( 'NONE', #668, #2511, #8930 ) ;
#11337 = EDGE_CURVE ( 'NONE', #7460, #4699, #2875, .T. ) ;
#11338 = VECTOR ( 'NONE', #10505, 1000.000000000000000 ) ;
#11339 = COLOUR_RGB ( '',0.9686274509803921600, 0.8784313725490196000, 0.5999999999999999800 ) ;
#11340 = ORIENTED_EDGE ( 'NONE', *, *, #7238, .F. ) ;
#11341 = DIRECTION ( 'NONE',  ( -1.000000000000000000, -0.0000000000000000000, -0.0000000000000000000 ) ) ;
#11342 =( NAMED_UNIT ( * ) SI_UNIT ( $, .STERADIAN. ) SOLID_ANGLE_UNIT ( ) );
#11343 = ORIENTED_EDGE ( 'NONE', *, *, #908, .F. ) ;
#11344 = DIRECTION ( 'NONE',  ( -0.0000000000000000000, 1.000000000000000000, 0.0000000000000000000 ) ) ;
#11345 = ORIENTED_EDGE ( 'NONE', *, *, #2265, .T. ) ;
#11346 = LINE ( 'NONE', #6959, #4009 ) ;
#11347 =( NAMED_UNIT ( * ) SI_UNIT ( $, .STERADIAN. ) SOLID_ANGLE_UNIT ( ) );
#11348 = CARTESIAN_POINT ( 'NONE',  ( -35.00000000000000000, 3.500000000000000000, -49.39999999999999900 ) ) ;
#11349 = DIRECTION ( 'NONE',  ( 0.0000000000000000000, -1.000000000000000000, 0.0000000000000000000 ) ) ;
#11350 = CARTESIAN_POINT ( 'NONE',  ( -32.20000000000000300, 2.150000000000010600, -47.20000000000000300 ) ) ;
#11351 = EDGE_CURVE ( 'NONE', #577, #1574, #7462, .T. ) ;
#11352 = STYLED_ITEM ( 'NONE', ( #4045 ), #7829 ) ;
#11353 = ORIENTED_EDGE ( 'NONE', *, *, #11648, .T. ) ;
#11354 = FACE_OUTER_BOUND ( 'NONE', #1907, .T. ) ;
#11355 = DIRECTION ( 'NONE',  ( 2.646366421711167300E-047, -1.899788849813798600E-031, 1.000000000000000000 ) ) ;
#11356 = STYLED_ITEM ( 'NONE', ( #2577 ), #2270 ) ;
#11357 = VERTEX_POINT ( 'NONE', #403 ) ;
#11358 = DIRECTION ( 'NONE',  ( -4.130293990421005200E-015, 1.000000000000000000, -0.0000000000000000000 ) ) ;
#11359 = LINE ( 'NONE', #153, #1877 ) ;
#11360 = CARTESIAN_POINT ( 'NONE',  ( 20.55000000000000100, 1.949999999999991500, 0.0000000000000000000 ) ) ;
#11361 = STYLED_ITEM ( 'NONE', ( #4195 ), #9879 ) ;
#11362 = VECTOR ( 'NONE', #5722, 1000.000000000000000 ) ;
#11363 = DIRECTION ( 'NONE',  ( 0.0000000000000000000, 0.0000000000000000000, 1.000000000000000000 ) ) ;
#11364 = VECTOR ( 'NONE', #1012, 1000.000000000000000 ) ;
#11365 = VERTEX_POINT ( 'NONE', #1341 ) ;
#11366 = CARTESIAN_POINT ( 'NONE',  ( -7.399999999999998600, -0.8100000000000016100, 0.7000000000000027300 ) ) ;
#11367 = EDGE_CURVE ( 'NONE', #1326, #4007, #4731, .T. ) ;
#11368 = ORIENTED_EDGE ( 'NONE', *, *, #8608, .F. ) ;
#11369 = DIRECTION ( 'NONE',  ( 0.3892816206350256400, 0.3892816206350256400, -0.8348171294789870100 ) ) ;
#11370 = DIRECTION ( 'NONE',  ( -1.387778780781445900E-016, 0.0000000000000000000, -1.000000000000000000 ) ) ;
#11371 = VECTOR ( 'NONE', #3537, 1000.000000000000000 ) ;
#11372 = ADVANCED_FACE ( 'NONE', ( #9612 ), #9607, .F. ) ;
#11373 = VECTOR ( 'NONE', #555, 1000.000000000000200 ) ;
#11374 = LINE ( 'NONE', #3225, #8626 ) ;
#11375 = VERTEX_POINT ( 'NONE', #7767 ) ;
#11376 = CARTESIAN_POINT ( 'NONE',  ( -16.94999999999999200, -3.500000000000005300, -49.50000000000000000 ) ) ;
#11377 = CARTESIAN_POINT ( 'NONE',  ( -3.819999999999999800, -0.9100000000000039200, 3.111100318418497300E-016 ) ) ;
#11378 = VERTEX_POINT ( 'NONE', #11460 ) ;
#11379 = CARTESIAN_POINT ( 'NONE',  ( 33.00000000000001400, 3.500000000000000000, 49.39999999999999900 ) ) ;
#11380 = ORIENTED_EDGE ( 'NONE', *, *, #9646, .T. ) ;
#11381 = AXIS2_PLACEMENT_3D ( 'NONE', #6766, #1270, #7680 ) ;
#11382 = DIRECTION ( 'NONE',  ( -0.08572225787319832900, 7.824508235482614000E-018, 0.9963190726394436400 ) ) ;
#11383 = EDGE_CURVE ( 'NONE', #11531, #9523, #11781, .T. ) ;
#11384 = PRESENTATION_STYLE_ASSIGNMENT (( #3483 ) ) ;
#11385 = COLOUR_RGB ( '',0.9686274509803921600, 0.8784313725490196000, 0.5999999999999999800 ) ;
#11386 = LINE ( 'NONE', #7355, #4354 ) ;
#11387 = CARTESIAN_POINT ( 'NONE',  ( -34.39999999999998400, 2.900000000000000400, -48.00000000000000000 ) ) ;
#11388 = VERTEX_POINT ( 'NONE', #442 ) ;
#11389 = ADVANCED_FACE ( 'NONE', ( #2585 ), #6883, .F. ) ;
#11390 = FILL_AREA_STYLE_COLOUR ( '', #9278 ) ;
#11391 = ORIENTED_EDGE ( 'NONE', *, *, #11830, .T. ) ;
#11392 = CARTESIAN_POINT ( 'NONE',  ( -34.40000000000001300, 0.2999999999999999900, -49.39999999999999900 ) ) ;
#11393 = VERTEX_POINT ( 'NONE', #5985 ) ;
#11394 = SHAPE_REPRESENTATION ( 'SSD, CONNECTOR, SATA', ( #11927 ), #6150 ) ;
#11395 = FILL_AREA_STYLE ('',( #3118 ) ) ;
#11396 = VERTEX_POINT ( 'NONE', #8752 ) ;
#11397 = UNCERTAINTY_MEASURE_WITH_UNIT (LENGTH_MEASURE( 1.000000000000000100E-005 ), #780, 'distance_accuracy_value', 'NONE');
#11398 = DIRECTION ( 'NONE',  ( 0.0000000000000000000, 1.000000000000000000, 0.0000000000000000000 ) ) ;
#11399 = VECTOR ( 'NONE', #3988, 1000.000000000000000 ) ;
#11400 = SURFACE_STYLE_FILL_AREA ( #7811 ) ;
#11401 = ORIENTED_EDGE ( 'NONE', *, *, #3708, .T. ) ;
#11402 = EDGE_CURVE ( 'NONE', #2897, #9728, #8454, .T. ) ;
#11403 = AXIS2_PLACEMENT_3D ( 'NONE', #4505, #10935, #5419 ) ;
#11404 = FILL_AREA_STYLE_COLOUR ( '', #2086 ) ;
#11405 = VERTEX_POINT ( 'NONE', #2329 ) ;
#11406 = VERTEX_POINT ( 'NONE', #8706 ) ;
#11407 = CARTESIAN_POINT ( 'NONE',  ( 13.99999999999999800, -0.8100000000000043800, 0.7000000000000061700 ) ) ;
#11408 = EDGE_CURVE ( 'NONE', #8277, #4531, #1146, .T. ) ;
#11409 = LINE ( 'NONE', #1948, #8966 ) ;
#11410 = CARTESIAN_POINT ( 'NONE',  ( -5.899999999999998600, 1.949999999999991700, 5.099999999999999600 ) ) ;
#11411 = VECTOR ( 'NONE', #4528, 1000.000000000000000 ) ;
#11412 = DIRECTION ( 'NONE',  ( 0.0000000000000000000, 0.0000000000000000000, 1.000000000000000000 ) ) ;
#11413 = VERTEX_POINT ( 'NONE', #533 ) ;
#11414 =( NAMED_UNIT ( * ) SI_UNIT ( $, .STERADIAN. ) SOLID_ANGLE_UNIT ( ) );
#11415 = ORIENTED_EDGE ( 'NONE', *, *, #2088, .F. ) ;
#11416 = VERTEX_POINT ( 'NONE', #6968 ) ;
#11417 = CARTESIAN_POINT ( 'NONE',  ( 20.55000000000000100, 1.269999999999991800, -2.088061301782108400 ) ) ;
#11418 = FACE_BOUND ( 'NONE', #6540, .T. ) ;
#11419 = CARTESIAN_POINT ( 'NONE',  ( 34.39999999999999900, -2.900000000000000400, 45.00000000000001400 ) ) ;
#11420 = DIRECTION ( 'NONE',  ( 1.000000000000000000, 0.0000000000000000000, 1.204669080539449800E-016 ) ) ;
#11421 = CARTESIAN_POINT ( 'NONE',  ( 1.400000000000002100, -0.9100000000000028100, 0.7000000000000009500 ) ) ;
#11422 = DIRECTION ( 'NONE',  ( 1.668003342285391100E-017, 1.000000000000000000, -0.0000000000000000000 ) ) ;
#11423 = EDGE_CURVE ( 'NONE', #8204, #10453, #3591, .T. ) ;
#11424 =( GEOMETRIC_REPRESENTATION_CONTEXT ( 3 ) GLOBAL_UNCERTAINTY_ASSIGNED_CONTEXT ( ( #6675 ) ) GLOBAL_UNIT_ASSIGNED_CONTEXT ( ( #9893, #4398, #10828 ) ) REPRESENTATION_CONTEXT ( 'NONE', 'WORKASPACE' ) );
#11425 = CARTESIAN_POINT ( 'NONE',  ( 33.00000000000001400, -3.500000000000000000, 48.00000000000000000 ) ) ;
#11426 = ORIENTED_EDGE ( 'NONE', *, *, #2929, .T. ) ;
#11427 = EDGE_CURVE ( 'NONE', #10762, #9402, #8198, .T. ) ;
#11428 = EDGE_CURVE ( 'NONE', #6422, #1412, #5732, .T. ) ;
#11429 = CARTESIAN_POINT ( 'NONE',  ( -9.599999999999999600, -0.8100000000000013900, 1.299999999999999200 ) ) ;
#11430 = ORIENTED_EDGE ( 'NONE', *, *, #3826, .F. ) ;
#11431 =( NAMED_UNIT ( * ) SI_UNIT ( $, .STERADIAN. ) SOLID_ANGLE_UNIT ( ) );
#11432 = ORIENTED_EDGE ( 'NONE', *, *, #3673, .T. ) ;
#11433 = DIRECTION ( 'NONE',  ( -0.0000000000000000000, 1.000000000000000000, -0.0000000000000000000 ) ) ;
#11434 = TOROIDAL_SURFACE ( 'NONE', #3935, 1.500000000000000000, 0.5000000000000000000 ) ;
#11435 = DIRECTION ( 'NONE',  ( 0.0000000000000000000, 1.000000000000000000, 0.0000000000000000000 ) ) ;
#11436 = VECTOR ( 'NONE', #3502, 1000.000000000000000 ) ;
#11437 = AXIS2_PLACEMENT_3D ( 'NONE', #5538, #16, #6461 ) ;
#11438 = CARTESIAN_POINT ( 'NONE',  ( -8.300000000000002500, -0.9100000000000010300, 5.100000000000000500 ) ) ;
#11439 = ADVANCED_FACE ( 'NONE', ( #3305 ), #10043, .T. ) ;
#11440 = PLANE ( 'NONE',  #9825 ) ;
#11441 = FILL_AREA_STYLE_COLOUR ( '', #6638 ) ;
#11442 = VECTOR ( 'NONE', #7420, 1000.000000000000000 ) ;
#11443 = ORIENTED_EDGE ( 'NONE', *, *, #3289, .T. ) ;
#11444 = EDGE_CURVE ( 'NONE', #257, #7737, #563, .T. ) ;
#11445 = CARTESIAN_POINT ( 'NONE',  ( 7.900000000000000400, -4.815124837953332500, 5.099999999999999600 ) ) ;
#11446 = ORIENTED_EDGE ( 'NONE', *, *, #7499, .F. ) ;
#11447 = PRESENTATION_STYLE_ASSIGNMENT (( #2538 ) ) ;
#11448 = DIRECTION ( 'NONE',  ( 0.0000000000000000000, 0.0000000000000000000, -1.000000000000000000 ) ) ;
#11449 = VECTOR ( 'NONE', #1527, 1000.000000000000000 ) ;
#11450 = ADVANCED_FACE ( 'NONE', ( #3010 ), #10699, .F. ) ;
#11451 = ORIENTED_EDGE ( 'NONE', *, *, #9474, .T. ) ;
#11452 = AXIS2_PLACEMENT_3D ( 'NONE', #884, #1819, #9165 ) ;
#11453 = CARTESIAN_POINT ( 'NONE',  ( 0.0000000000000000000, 0.0000000000000000000, 6.899999999999999500 ) ) ;
#11454 = CARTESIAN_POINT ( 'NONE',  ( 30.00000000000000400, 9.722539674441609500, -48.89999999999999900 ) ) ;
#11455 = AXIS2_PLACEMENT_3D ( 'NONE', #7610, #2102, #8518 ) ;
#11456 = ORIENTED_EDGE ( 'NONE', *, *, #1703, .T. ) ;
#11457 = FACE_OUTER_BOUND ( 'NONE', #906, .T. ) ;
#11458 = FACE_BOUND ( 'NONE', #6948, .T. ) ;
#11459 = CARTESIAN_POINT ( 'NONE',  ( 30.86000000000000700, 0.5000000000000000000, -37.25000000000000700 ) ) ;
#11460 = CARTESIAN_POINT ( 'NONE',  ( -32.00000000000000000, -2.900000000000000400, 45.00000000000001400 ) ) ;
#11461 = ORIENTED_EDGE ( 'NONE', *, *, #4116, .T. ) ;
#11462 = DIRECTION ( 'NONE',  ( 0.0000000000000000000, 1.000000000000000000, 0.0000000000000000000 ) ) ;
#11463 = DIRECTION ( 'NONE',  ( 0.0000000000000000000, 0.0000000000000000000, 1.000000000000000000 ) ) ;
#11464 = PLANE ( 'NONE',  #321 ) ;
#11465 = DIRECTION ( 'NONE',  ( 1.668003342285391100E-017, 1.000000000000000000, -0.0000000000000000000 ) ) ;
#11466 = PRODUCT_DEFINITION_SHAPE ( 'NONE', 'NONE',  #10242 ) ;
#11467 = CIRCLE ( 'NONE', #5850, 0.7999999999999951600 ) ;
#11468 = UNCERTAINTY_MEASURE_WITH_UNIT (LENGTH_MEASURE( 1.000000000000000100E-005 ), #10947, 'distance_accuracy_value', 'NONE');
#11469 = SURFACE_STYLE_USAGE ( .BOTH. , #5023 ) ;
#11470 = ORIENTED_EDGE ( 'NONE', *, *, #4265, .T. ) ;
#11471 = PRODUCT_RELATED_PRODUCT_CATEGORY ( 'part', '', ( #11581 ) ) ;
#11472 = LINE ( 'NONE', #10166, #9319 ) ;
#11473 = DIRECTION ( 'NONE',  ( 1.000000000000000000, -0.0000000000000000000, 0.0000000000000000000 ) ) ;
#11474 = ORIENTED_EDGE ( 'NONE', *, *, #7859, .T. ) ;
#11475 = CARTESIAN_POINT ( 'NONE',  ( -30.86000000000000700, 1.999999999999999600, -37.25000000000000700 ) ) ;
#11477 = EDGE_CURVE ( 'NONE', #10179, #5640, #10337, .T. ) ;
#11476 = ORIENTED_EDGE ( 'NONE', *, *, #1727, .F. ) ;
#11478 = SURFACE_STYLE_FILL_AREA ( #3372 ) ;
#11479 = DIRECTION ( 'NONE',  ( 0.0000000000000000000, 0.0000000000000000000, -1.000000000000000000 ) ) ;
#11480 = DIRECTION ( 'NONE',  ( 0.0000000000000000000, 1.000000000000000000, 0.0000000000000000000 ) ) ;
#11481 = ORIENTED_EDGE ( 'NONE', *, *, #877, .F. ) ;
#11482 = LINE ( 'NONE', #660, #1721 ) ;
#11483 = ORIENTED_EDGE ( 'NONE', *, *, #4116, .F. ) ;
#11484 = COLOUR_RGB ( '',0.8941176470588234600, 0.9137254901960784000, 0.9294117647058823800 ) ;
#11485 = ORIENTED_EDGE ( 'NONE', *, *, #2704, .F. ) ;
#11486 = ORIENTED_EDGE ( 'NONE', *, *, #7881, .T. ) ;
#11487 = DIRECTION ( 'NONE',  ( 0.0000000000000000000, -0.5150380749100547100, -0.8571673007021120000 ) ) ;
#11488 = ORIENTED_EDGE ( 'NONE', *, *, #7412, .F. ) ;
#11489 = CARTESIAN_POINT ( 'NONE',  ( 32.20000000000000300, 2.900000000000000400, -46.40000000000001300 ) ) ;
#11490 = DIRECTION ( 'NONE',  ( 1.000000000000000000, 0.0000000000000000000, 0.0000000000000000000 ) ) ;
#11491 = FILL_AREA_STYLE_COLOUR ( '', #6204 ) ;
#11492 = CARTESIAN_POINT ( 'NONE',  ( -34.39999999999999900, 0.2999999999999999900, 49.39999999999999900 ) ) ;
#11493 = FILL_AREA_STYLE_COLOUR ( '', #2122 ) ;
#11494 = VECTOR ( 'NONE', #2177, 1000.000000000000000 ) ;
#11495 = VECTOR ( 'NONE', #1117, 1000.000000000000000 ) ;
#11496 = PLANE ( 'NONE',  #2415 ) ;
#11497 = AXIS2_PLACEMENT_3D ( 'NONE', #1971, #8397, #2909 ) ;
#11498 = ORIENTED_EDGE ( 'NONE', *, *, #4912, .F. ) ;
#11499 = CIRCLE ( 'NONE', #351, 1.000000000000000900 ) ;
#11500 = ORIENTED_EDGE ( 'NONE', *, *, #4582, .F. ) ;
#11501 = CARTESIAN_POINT ( 'NONE',  ( -3.999999999999997300, -0.9500000000000009500, 6.299999999999999800 ) ) ;
#11502 = ADVANCED_FACE ( 'NONE', ( #5149 ), #9757, .T. ) ;
#11503 = EDGE_CURVE ( 'NONE', #3745, #1322, #9334, .T. ) ;
#11504 = FILL_AREA_STYLE_COLOUR ( '', #8570 ) ;
#11505 =( NAMED_UNIT ( * ) PLANE_ANGLE_UNIT ( ) SI_UNIT ( $, .RADIAN. ) );
#11506 = DIRECTION ( 'NONE',  ( 0.7071067811865473500, 0.7071067811865477900, -0.0000000000000000000 ) ) ;
#11507 =( NAMED_UNIT ( * ) SI_UNIT ( $, .STERADIAN. ) SOLID_ANGLE_UNIT ( ) );
#11508 = CARTESIAN_POINT ( 'NONE',  ( -2.090861834133726000E-016, -0.9100000000000039200, -1.538828968349184100E-031 ) ) ;
#11509 = ORIENTED_EDGE ( 'NONE', *, *, #2006, .F. ) ;
#11510 = DIRECTION ( 'NONE',  ( 0.0000000000000000000, 0.0000000000000000000, 1.000000000000000000 ) ) ;
#11511 = DIRECTION ( 'NONE',  ( 0.0000000000000000000, 0.0000000000000000000, -1.000000000000000000 ) ) ;
#11512 = ADVANCED_FACE ( 'NONE', ( #7594 ), #11910, .T. ) ;
#11513 = PLANE ( 'NONE',  #9393 ) ;
#11514 = EDGE_CURVE ( 'NONE', #1506, #6011, #2428, .T. ) ;
#11515 = AXIS2_PLACEMENT_3D ( 'NONE', #1022, #5577, #6505 ) ;
#11516 =( LENGTH_UNIT ( ) NAMED_UNIT ( * ) SI_UNIT ( .MILLI., .METRE. ) );
#11517 = DIRECTION ( 'NONE',  ( 0.0000000000000000000, 0.0000000000000000000, 1.000000000000000000 ) ) ;
#11518 = COLOUR_RGB ( '',0.8941176470588234600, 0.9137254901960784000, 0.9294117647058823800 ) ;
#11519 = DIRECTION ( 'NONE',  ( 1.000000000000000000, 0.0000000000000000000, 1.204669080539449600E-016 ) ) ;
#11520 = LINE ( 'NONE', #1685, #9067 ) ;
#11521 = ORIENTED_EDGE ( 'NONE', *, *, #11444, .F. ) ;
#11522 = ORIENTED_EDGE ( 'NONE', *, *, #218, .T. ) ;
#11523 = AXIS2_PLACEMENT_3D ( 'NONE', #5532, #6452, #969 ) ;
#11524 = ORIENTED_EDGE ( 'NONE', *, *, #10874, .F. ) ;
#11525 = FILL_AREA_STYLE_COLOUR ( '', #7426 ) ;
#11526 = SURFACE_STYLE_FILL_AREA ( #3493 ) ;
#11527 = SURFACE_STYLE_USAGE ( .BOTH. , #5083 ) ;
#11528 = DIRECTION ( 'NONE',  ( 1.000000000000000000, -2.409338161078899700E-016, 0.0000000000000000000 ) ) ;
#11529 = CARTESIAN_POINT ( 'NONE',  ( 20.55000000000000100, 1.949999999999991500, 0.0000000000000000000 ) ) ;
#11530 = CIRCLE ( 'NONE', #1502, 0.5000000000000004400 ) ;
#11531 = VERTEX_POINT ( 'NONE', #659 ) ;
#11532 = DIRECTION ( 'NONE',  ( -1.000000000000000000, 0.0000000000000000000, 0.0000000000000000000 ) ) ;
#11533 = ORIENTED_EDGE ( 'NONE', *, *, #1260, .F. ) ;
#11534 = CARTESIAN_POINT ( 'NONE',  ( -30.86000000000000700, -3.500000000000000000, -34.75000000000000000 ) ) ;
#11535 = ORIENTED_EDGE ( 'NONE', *, *, #10030, .T. ) ;
#11536 = VECTOR ( 'NONE', #6032, 1000.000000000000000 ) ;
#11537 = PLANE ( 'NONE',  #8326 ) ;
#11538 = AXIS2_PLACEMENT_3D ( 'NONE', #11209, #5700, #191 ) ;
#11539 = VECTOR ( 'NONE', #5270, 1000.000000000000000 ) ;
#11540 = ORIENTED_EDGE ( 'NONE', *, *, #4996, .F. ) ;
#11541 = DIRECTION ( 'NONE',  ( 0.0000000000000000000, 1.000000000000000000, 0.0000000000000000000 ) ) ;
#11542 = CARTESIAN_POINT ( 'NONE',  ( -30.85999999999999600, -3.500000000000000000, 40.59999999999998000 ) ) ;
#11543 = DIRECTION ( 'NONE',  ( -0.0000000000000000000, 1.000000000000000000, -0.0000000000000000000 ) ) ;
#11544 =( NAMED_UNIT ( * ) SI_UNIT ( $, .STERADIAN. ) SOLID_ANGLE_UNIT ( ) );
#11545 = CARTESIAN_POINT ( 'NONE',  ( -16.94999999999999200, -1.099999999999999900, -50.00000000000000000 ) ) ;
#11546 = ORIENTED_EDGE ( 'NONE', *, *, #10766, .T. ) ;
#11547 = CARTESIAN_POINT ( 'NONE',  ( -5.899999999999998600, -1.950000000000001100, -20.72142852218446800 ) ) ;
#11548 = AXIS2_PLACEMENT_3D ( 'NONE', #4896, #11341, #5832 ) ;
#11549 = EDGE_CURVE ( 'NONE', #3425, #6051, #258, .T. ) ;
#11550 = DIRECTION ( 'NONE',  ( -1.000000000000000000, 0.0000000000000000000, 0.0000000000000000000 ) ) ;
#11551 = EDGE_CURVE ( 'NONE', #561, #7830, #7313, .T. ) ;
#11552 = ORIENTED_EDGE ( 'NONE', *, *, #8390, .F. ) ;
#11553 = CARTESIAN_POINT ( 'NONE',  ( -16.94999999999999200, -3.000000000000000400, -50.00000000000000000 ) ) ;
#11554 =( NAMED_UNIT ( * ) PLANE_ANGLE_UNIT ( ) SI_UNIT ( $, .RADIAN. ) );
#11555 = VERTEX_POINT ( 'NONE', #11701 ) ;
#11556 = ADVANCED_FACE ( 'NONE', ( #11618 ), #1630, .T. ) ;
#11557 = ORIENTED_EDGE ( 'NONE', *, *, #7743, .F. ) ;
#11558 = FACE_OUTER_BOUND ( 'NONE', #382, .T. ) ;
#11559 = FILL_AREA_STYLE_COLOUR ( '', #5668 ) ;
#11560 = VECTOR ( 'NONE', #8398, 1000.000000000000000 ) ;
#11561 = EDGE_CURVE ( 'NONE', #9097, #8225, #7036, .T. ) ;
#11562 = VECTOR ( 'NONE', #7033, 1000.000000000000000 ) ;
#11563 = AXIS2_PLACEMENT_3D ( 'NONE', #9896, #4399, #10829 ) ;
#11564 = ORIENTED_EDGE ( 'NONE', *, *, #8408, .T. ) ;
#11565 = EDGE_CURVE ( 'NONE', #8536, #4687, #4859, .T. ) ;
#11566 = CARTESIAN_POINT ( 'NONE',  ( -5.899999999999998600, 0.2899999999999997000, -20.72142852218446800 ) ) ;
#11567 = VERTEX_POINT ( 'NONE', #4395 ) ;
#11568 = CARTESIAN_POINT ( 'NONE',  ( 3.600000000000002300, -0.8100000000000041600, 0.7000000000000027300 ) ) ;
#11569 = ORIENTED_EDGE ( 'NONE', *, *, #11503, .F. ) ;
#11570 = ADVANCED_FACE ( 'NONE', ( #9177 ), #7168, .F. ) ;
#11571 = DIRECTION ( 'NONE',  ( 0.0000000000000000000, -1.000000000000000000, 0.0000000000000000000 ) ) ;
#11572 = LINE ( 'NONE', #5326, #1801 ) ;
#11573 = FACE_OUTER_BOUND ( 'NONE', #6095, .T. ) ;
#11574 = DIRECTION ( 'NONE',  ( 0.0000000000000000000, 0.5150380749100571500, 0.8571673007021105600 ) ) ;
#11575 = ORIENTED_EDGE ( 'NONE', *, *, #7824, .F. ) ;
#11576 = CARTESIAN_POINT ( 'NONE',  ( 4.900000000000001200, -5.401102314577125100, 5.099999999999999600 ) ) ;
#11577 = DIRECTION ( 'NONE',  ( 0.0000000000000000000, 0.0000000000000000000, -1.000000000000000000 ) ) ;
#11578 = DIRECTION ( 'NONE',  ( 0.0000000000000000000, 0.0000000000000000000, 1.000000000000000000 ) ) ;
#11579 = EDGE_CURVE ( 'NONE', #6300, #8444, #1009, .T. ) ;
#11580 = AXIS2_PLACEMENT_3D ( 'NONE', #5746, #229, #6667 ) ;
#11581 = PRODUCT ( 'SSD, 7 mm', 'SSD, 7 mm', '', ( #2746 ) ) ;
#11582 = CIRCLE ( 'NONE', #3829, 1.550000000000002700 ) ;
#11583 = COLOUR_RGB ( '',0.7764705882352941300, 0.7568627450980391900, 0.7372549019607843600 ) ;
#11584 = VECTOR ( 'NONE', #7194, 1000.000000000000000 ) ;
#11585 = VERTEX_POINT ( 'NONE', #745 ) ;
#11586 = DIRECTION ( 'NONE',  ( 1.000000000000000000, -2.409338161078899700E-016, 1.204669080539449600E-016 ) ) ;
#11587 = FACE_OUTER_BOUND ( 'NONE', #3992, .T. ) ;
#11588 = FILL_AREA_STYLE ('',( #3336 ) ) ;
#11589 = AXIS2_PLACEMENT_3D ( 'NONE', #457, #2303, #8723 ) ;
#11590 = DIRECTION ( 'NONE',  ( 1.000000000000000000, 0.0000000000000000000, -0.0000000000000000000 ) ) ;
#11591 = EDGE_LOOP ( 'NONE', ( #3768, #3683, #2562, #633 ) ) ;
#11592 = LINE ( 'NONE', #7692, #8854 ) ;
#11593 = LINE ( 'NONE', #9263, #4558 ) ;
#11594 = CIRCLE ( 'NONE', #8572, 1.250000000000001100 ) ;
#11595 = EDGE_CURVE ( 'NONE', #11064, #9541, #10469, .T. ) ;
#11596 = VECTOR ( 'NONE', #7538, 1000.000000000000000 ) ;
#11597 = ORIENTED_EDGE ( 'NONE', *, *, #964, .T. ) ;
#11598 = CARTESIAN_POINT ( 'NONE',  ( -18.39999999999999100, -1.099999999999999900, -50.00000000000000000 ) ) ;
#11599 = DIRECTION ( 'NONE',  ( 0.0000000000000000000, -0.0000000000000000000, 1.000000000000000000 ) ) ;
#11600 = ORIENTED_EDGE ( 'NONE', *, *, #2656, .T. ) ;
#11601 = DIRECTION ( 'NONE',  ( -0.0000000000000000000, -1.000000000000000000, -0.0000000000000000000 ) ) ;
#11602 = ORIENTED_EDGE ( 'NONE', *, *, #11408, .F. ) ;
#11603 = VECTOR ( 'NONE', #4039, 1000.000000000000000 ) ;
#11605 = DIRECTION ( 'NONE',  ( 0.0000000000000000000, -1.000000000000000000, -0.0000000000000000000 ) ) ;
#11604 = LINE ( 'NONE', #5864, #9164 ) ;
#11606 = AXIS2_PLACEMENT_3D ( 'NONE', #7042, #7974, #2454 ) ;
#11607 = ORIENTED_EDGE ( 'NONE', *, *, #3655, .T. ) ;
#11608 = CARTESIAN_POINT ( 'NONE',  ( 11.79999999999999900, -0.9100000000000066900, 5.099999999999999600 ) ) ;
#11609 = STYLED_ITEM ( 'NONE', ( #8766 ), #4102 ) ;
#11610 = ADVANCED_FACE ( 'NONE', ( #704 ), #2627, .F. ) ;
#11611 = UNCERTAINTY_MEASURE_WITH_UNIT (LENGTH_MEASURE( 1.000000000000000100E-005 ), #8742, 'distance_accuracy_value', 'NONE');
#11612 = EDGE_CURVE ( 'NONE', #433, #3917, #10183, .T. ) ;
#11613 = VERTEX_POINT ( 'NONE', #6316 ) ;
#11614 = PRESENTATION_STYLE_ASSIGNMENT (( #2319 ) ) ;
#11615 = DIRECTION ( 'NONE',  ( -1.000000000000000000, 0.0000000000000000000, 0.0000000000000000000 ) ) ;
#11616 = ORIENTED_EDGE ( 'NONE', *, *, #1722, .T. ) ;
#11617 = DIRECTION ( 'NONE',  ( -1.355252715606881000E-016, 0.0000000000000000000, -1.000000000000000000 ) ) ;
#11618 = FACE_OUTER_BOUND ( 'NONE', #1198, .T. ) ;
#11619 = ORIENTED_EDGE ( 'NONE', *, *, #6587, .T. ) ;
#11620 = SURFACE_SIDE_STYLE ('',( #10354 ) ) ;
#11621 = VECTOR ( 'NONE', #1234, 1000.000000000000000 ) ;
#11622 = DIRECTION ( 'NONE',  ( -1.000000000000000000, -1.445602896647337900E-016, 0.0000000000000000000 ) ) ;
#11623 = ADVANCED_FACE ( 'NONE', ( #7735 ), #392, .T. ) ;
#11624 = ORIENTED_EDGE ( 'NONE', *, *, #3624, .F. ) ;
#11625 =( NAMED_UNIT ( * ) SI_UNIT ( $, .STERADIAN. ) SOLID_ANGLE_UNIT ( ) );
#11626 = LINE ( 'NONE', #4326, #8895 ) ;
#11627 =( LENGTH_UNIT ( ) NAMED_UNIT ( * ) SI_UNIT ( .MILLI., .METRE. ) );
#11629 =( LENGTH_UNIT ( ) NAMED_UNIT ( * ) SI_UNIT ( .MILLI., .METRE. ) );
#11628 = AXIS2_PLACEMENT_3D ( 'NONE', #9648, #4140, #10570 ) ;
#11630 = VERTEX_POINT ( 'NONE', #10001 ) ;
#11631 = COLOUR_RGB ( '',0.9686274509803921600, 0.8784313725490196000, 0.5999999999999999800 ) ;
#11632 = CARTESIAN_POINT ( 'NONE',  ( -13.74000000000000000, -0.9099999999999993600, 1.299999999999999600 ) ) ;
#11633 = EDGE_CURVE ( 'NONE', #9127, #3758, #5585, .T. ) ;
#11634 = ORIENTED_EDGE ( 'NONE', *, *, #11595, .F. ) ;
#11635 = ORIENTED_EDGE ( 'NONE', *, *, #11174, .T. ) ;
#11636 = CIRCLE ( 'NONE', #8508, 1.899999999999999700 ) ;
#11637 = AXIS2_PLACEMENT_3D ( 'NONE', #3387, #9794, #4303 ) ;
#11638 = DIRECTION ( 'NONE',  ( 0.0000000000000000000, 0.0000000000000000000, -1.000000000000000000 ) ) ;
#11639 = CYLINDRICAL_SURFACE ( 'NONE', #449, 1.250000000000001100 ) ;
#11640 = ORIENTED_EDGE ( 'NONE', *, *, #11315, .T. ) ;
#11641 = FILL_AREA_STYLE ('',( #6133 ) ) ;
#11642 = LINE ( 'NONE', #8709, #6473 ) ;
#11643 = LINE ( 'NONE', #10254, #2147 ) ;
#11644 = DIRECTION ( 'NONE',  ( 1.000000000000000000, 2.077015656102498600E-017, 0.0000000000000000000 ) ) ;
#11645 = SURFACE_STYLE_USAGE ( .BOTH. , #5214 ) ;
#11646 = FILL_AREA_STYLE ('',( #10739 ) ) ;
#11647 = AXIS2_PLACEMENT_3D ( 'NONE', #8450, #2961, #9381 ) ;
#11648 = EDGE_CURVE ( 'NONE', #6904, #113, #2860, .T. ) ;
#11649 = STYLED_ITEM ( 'NONE', ( #9088 ), #6988 ) ;
#11650 = EDGE_CURVE ( 'NONE', #3527, #11613, #5298, .T. ) ;
#11651 = EDGE_CURVE ( 'NONE', #11105, #3140, #9895, .T. ) ;
#11652 = LINE ( 'NONE', #4643, #4613 ) ;
#11653 = EDGE_LOOP ( 'NONE', ( #2322, #1004, #4307, #4385, #6025, #4888, #3816, #11867, #11540, #11451, #9665, #4087, #4301, #8497, #4714, #3463, #8392, #10056, #8616, #9981, #11353, #3642, #5976, #11241, #804, #5861, #3051, #4131, #4997, #7528, #11635, #8083, #2072, #3470, #2781, #10003, #8235, #9691, #4989, #2170, #3285, #1993, #11557, #1294, #2301, #1218, #9913, #9242, #9139, #9800, #11272, #1980, #8634 ) ) ;
#11654 = ORIENTED_EDGE ( 'NONE', *, *, #3438, .T. ) ;
#11655 = DIRECTION ( 'NONE',  ( -1.000000000000000000, -0.0000000000000000000, -0.0000000000000000000 ) ) ;
#11656 = DIRECTION ( 'NONE',  ( 1.668003342285391100E-017, 1.000000000000000000, -0.0000000000000000000 ) ) ;
#11657 = CARTESIAN_POINT ( 'NONE',  ( -30.86000000000000700, 2.751075773784449600, -36.00000000000000700 ) ) ;
#11658 = DIRECTION ( 'NONE',  ( 0.0000000000000000000, 0.5150380749100571500, -0.8571673007021105600 ) ) ;
#11659 = CIRCLE ( 'NONE', #148, 2.149999999999999000 ) ;
#11660 = PRODUCT ( 'SSD, ENCLOSING PLATE', 'SSD, ENCLOSING PLATE', '', ( #8280 ) ) ;
#11661 = STYLED_ITEM ( 'NONE', ( #6562 ), #9279 ) ;
#11662 = DIRECTION ( 'NONE',  ( 1.000000000000000000, -0.0000000000000000000, 0.0000000000000000000 ) ) ;
#11663 = VECTOR ( 'NONE', #6048, 1000.000000000000000 ) ;
#11664 = CARTESIAN_POINT ( 'NONE',  ( -10.90000000000000000, -0.8100000000000011600, 1.299999999999999200 ) ) ;
#11665 = ORIENTED_EDGE ( 'NONE', *, *, #9494, .T. ) ;
#11666 = CARTESIAN_POINT ( 'NONE',  ( 2.700000000000002400, -0.9100000000000029200, 0.7000000000000009500 ) ) ;
#11667 = EDGE_CURVE ( 'NONE', #3890, #1144, #8049, .T. ) ;
#11668 = STYLED_ITEM ( 'NONE', ( #3701 ), #8702 ) ;
#11669 = PLANE ( 'NONE',  #8186 ) ;
#11670 = CARTESIAN_POINT ( 'NONE',  ( -12.11999999999999900, -0.9100000000000010300, 0.7000000000000000700 ) ) ;
#11671 = ORIENTED_EDGE ( 'NONE', *, *, #11179, .F. ) ;
#11672 = STYLED_ITEM ( 'NONE', ( #78 ), #3079 ) ;
#11673 = ORIENTED_EDGE ( 'NONE', *, *, #9151, .T. ) ;
#11674 = ADVANCED_FACE ( 'NONE', ( #4987 ), #6393, .F. ) ;
#11675 = DIRECTION ( 'NONE',  ( -0.0000000000000000000, -1.000000000000000000, -0.0000000000000000000 ) ) ;
#11676 = FACE_OUTER_BOUND ( 'NONE', #7889, .T. ) ;
#11677 = FACE_OUTER_BOUND ( 'NONE', #9246, .T. ) ;
#11678 = CARTESIAN_POINT ( 'NONE',  ( 11.40000000000000000, -0.8100000000000042700, 5.099999999999999600 ) ) ;
#11679 = VERTEX_POINT ( 'NONE', #8217 ) ;
#11680 = CARTESIAN_POINT ( 'NONE',  ( -33.00000000000000000, 0.2999999999999999900, 48.00000000000000000 ) ) ;
#11681 = AXIS2_PLACEMENT_3D ( 'NONE', #4275, #6111, #621 ) ;
#11682 = SURFACE_STYLE_USAGE ( .BOTH. , #5252 ) ;
#11683 = ORIENTED_EDGE ( 'NONE', *, *, #1344, .T. ) ;
#11684 = ORIENTED_EDGE ( 'NONE', *, *, #255, .F. ) ;
#11685 = UNCERTAINTY_MEASURE_WITH_UNIT (LENGTH_MEASURE( 1.000000000000000100E-005 ), #3427, 'distance_accuracy_value', 'NONE');
#11686 = DIRECTION ( 'NONE',  ( -0.0000000000000000000, -0.0000000000000000000, 1.000000000000000000 ) ) ;
#11687 = ORIENTED_EDGE ( 'NONE', *, *, #3520, .F. ) ;
#11688 = SURFACE_STYLE_USAGE ( .BOTH. , #5255 ) ;
#11689 = PLANE ( 'NONE',  #7430 ) ;
#11690 = LINE ( 'NONE', #4934, #1642 ) ;
#11691 = ADVANCED_FACE ( 'NONE', ( #6298 ), #1857, .T. ) ;
#11692 = CARTESIAN_POINT ( 'NONE',  ( 30.86000000000001700, -3.500000000000000000, 40.59999999999998000 ) ) ;
#11693 = VECTOR ( 'NONE', #5441, 1000.000000000000000 ) ;
#11694 = EDGE_LOOP ( 'NONE', ( #3352, #10571, #9960, #5377 ) ) ;
#11695 = PLANE ( 'NONE',  #10837 ) ;
#11696 = ORIENTED_EDGE ( 'NONE', *, *, #4769, .F. ) ;
#11697 = ORIENTED_EDGE ( 'NONE', *, *, #5820, .T. ) ;
#11698 = VECTOR ( 'NONE', #4688, 1000.000000000000000 ) ;
#11699 =( GEOMETRIC_REPRESENTATION_CONTEXT ( 3 ) GLOBAL_UNCERTAINTY_ASSIGNED_CONTEXT ( ( #11397 ) ) GLOBAL_UNIT_ASSIGNED_CONTEXT ( ( #780, #7201, #1699 ) ) REPRESENTATION_CONTEXT ( 'NONE', 'WORKASPACE' ) );
#11700 = VECTOR ( 'NONE', #9980, 1000.000000000000000 ) ;
#11701 = CARTESIAN_POINT ( 'NONE',  ( 30.86000000000000700, 1.999999999999999600, -37.25000000000000700 ) ) ;
#11702 = CARTESIAN_POINT ( 'NONE',  ( -35.00000000000000000, 0.5000000000000001100, -37.25000000000000000 ) ) ;
#11703 = CARTESIAN_POINT ( 'NONE',  ( 0.1000000000000021700, -5.401102314577125100, 0.7000000000000008400 ) ) ;
#11704 = DIRECTION ( 'NONE',  ( 0.0000000000000000000, 1.000000000000000000, 0.0000000000000000000 ) ) ;
#11705 = FILL_AREA_STYLE_COLOUR ( '', #1903 ) ;
#11706 = DIRECTION ( 'NONE',  ( 0.0000000000000000000, 0.0000000000000000000, 1.000000000000000000 ) ) ;
#11707 = VERTEX_POINT ( 'NONE', #5552 ) ;
#11708 = AXIS2_PLACEMENT_3D ( 'NONE', #3671, #10085, #4590 ) ;
#11709 = EDGE_CURVE ( 'NONE', #3651, #4899, #1713, .T. ) ;
#11710 = EDGE_CURVE ( 'NONE', #8452, #3511, #11185, .T. ) ;
#11711 = CARTESIAN_POINT ( 'NONE',  ( 34.39999999999999900, 2.900000000000000400, -48.00000000000000000 ) ) ;
#11712 = ORIENTED_EDGE ( 'NONE', *, *, #7626, .F. ) ;
#11713 = ORIENTED_EDGE ( 'NONE', *, *, #878, .T. ) ;
#11714 = FACE_BOUND ( 'NONE', #5704, .T. ) ;
#11715 = LINE ( 'NONE', #7328, #9274 ) ;
#11716 = CARTESIAN_POINT ( 'NONE',  ( -11.21999999999999900, -0.9100000000000011400, 5.100000000000000500 ) ) ;
#11717 = ORIENTED_EDGE ( 'NONE', *, *, #8329, .F. ) ;
#11718 = SURFACE_STYLE_USAGE ( .BOTH. , #5290 ) ;
#11719 = VECTOR ( 'NONE', #1316, 1000.000000000000000 ) ;
#11720 = VERTEX_POINT ( 'NONE', #29 ) ;
#11721 = CARTESIAN_POINT ( 'NONE',  ( 32.20000000000000300, 2.900000000000000400, -47.20000000000000300 ) ) ;
#11722 = ORIENTED_EDGE ( 'NONE', *, *, #3130, .F. ) ;
#11723 = CIRCLE ( 'NONE', #10491, 1.399999999999998600 ) ;
#11724 = PRESENTATION_LAYER_ASSIGNMENT (  '', '', ( #9264 ) ) ;
#11725 = CIRCLE ( 'NONE', #4567, 1.550000000000002700 ) ;
#11726 = FACE_OUTER_BOUND ( 'NONE', #8112, .T. ) ;
#11727 = PLANE ( 'NONE',  #6513 ) ;
#11728 = STYLED_ITEM ( 'NONE', ( #2943 ), #6313 ) ;
#11729 = EDGE_CURVE ( 'NONE', #11930, #5199, #8443, .T. ) ;
#11730 = DIRECTION ( 'NONE',  ( -0.0000000000000000000, 1.000000000000000000, -0.0000000000000000000 ) ) ;
#11731 = DIRECTION ( 'NONE',  ( 0.0000000000000000000, 1.000000000000000000, 0.0000000000000000000 ) ) ;
#11732 = ITEM_DEFINED_TRANSFORMATION ( 'NONE', 'NONE', #2219,  #11927 ) ;
#11733 = VERTEX_POINT ( 'NONE', #8321 ) ;
#11734 = CARTESIAN_POINT ( 'NONE',  ( -30.00000000000000400, -2.900000000000000400, -48.89999999999999900 ) ) ;
#11735 = FILL_AREA_STYLE ('',( #5307 ) ) ;
#11736 = DIRECTION ( 'NONE',  ( 1.000000000000000000, -1.668003342285391100E-017, 0.0000000000000000000 ) ) ;
#11737 = ADVANCED_FACE ( 'NONE', ( #10914 ), #5711, .F. ) ;
#11738 = ORIENTED_EDGE ( 'NONE', *, *, #7340, .T. ) ;
#11739 = SURFACE_STYLE_FILL_AREA ( #4350 ) ;
#11740 = FACE_OUTER_BOUND ( 'NONE', #2136, .T. ) ;
#11741 = CARTESIAN_POINT ( 'NONE',  ( -9.999999999999998200, -0.9100000000000004800, 5.100000000000000500 ) ) ;
#11742 = VERTEX_POINT ( 'NONE', #7436 ) ;
#11743 = DIRECTION ( 'NONE',  ( -1.392979236598078800E-016, 1.000000000000000000, 0.0000000000000000000 ) ) ;
#11744 = CARTESIAN_POINT ( 'NONE',  ( 34.39999999999999900, -0.2999999999999999900, 48.00000000000000000 ) ) ;
#11745 = CARTESIAN_POINT ( 'NONE',  ( -15.94000000000000000, -0.9100000000000010300, 0.7000000000000004000 ) ) ;
#11746 = EDGE_CURVE ( 'NONE', #11613, #3208, #10616, .T. ) ;
#11747 = MECHANICAL_DESIGN_GEOMETRIC_PRESENTATION_REPRESENTATION (  '', ( #10508 ), #419 ) ;
#11748 = AXIS2_PLACEMENT_3D ( 'NONE', #3228, #5050, #9641 ) ;
#11749 = DIRECTION ( 'NONE',  ( 1.668003342285391100E-017, 1.000000000000000000, -0.0000000000000000000 ) ) ;
#11750 = ORIENTED_EDGE ( 'NONE', *, *, #11116, .T. ) ;
#11751 = LINE ( 'NONE', #6543, #2250 ) ;
#11752 = VECTOR ( 'NONE', #4449, 1000.000000000000000 ) ;
#11753 = CARTESIAN_POINT ( 'NONE',  ( 34.39999999999999900, -2.900000000000000400, -45.00000000000001400 ) ) ;
#11754 = ADVANCED_FACE ( 'NONE', ( #8184 ), #3786, .F. ) ;
#11755 = LINE ( 'NONE', #4290, #4706 ) ;
#11756 = FACE_OUTER_BOUND ( 'NONE', #1396, .T. ) ;
#11757 =( LENGTH_UNIT ( ) NAMED_UNIT ( * ) SI_UNIT ( .MILLI., .METRE. ) );
#11758 = ORIENTED_EDGE ( 'NONE', *, *, #11240, .F. ) ;
#11759 = PRESENTATION_LAYER_ASSIGNMENT (  '', '', ( #429 ) ) ;
#11760 = ORIENTED_EDGE ( 'NONE', *, *, #7339, .F. ) ;
#11761 = CARTESIAN_POINT ( 'NONE',  ( 10.50000000000000000, -0.9100000000000062500, 5.099999999999999600 ) ) ;
#11762 = CARTESIAN_POINT ( 'NONE',  ( -32.20000000000001700, 0.2999999999999999900, 49.35000000000001600 ) ) ;
#11763 = ORIENTED_EDGE ( 'NONE', *, *, #8552, .F. ) ;
#11764 = VECTOR ( 'NONE', #5516, 1000.000000000000000 ) ;
#11765 = VECTOR ( 'NONE', #4733, 1000.000000000000000 ) ;
#11766 = ORIENTED_EDGE ( 'NONE', *, *, #1421, .F. ) ;
#11767 = DIRECTION ( 'NONE',  ( -0.0000000000000000000, 1.000000000000000000, -0.0000000000000000000 ) ) ;
#11768 = ORIENTED_EDGE ( 'NONE', *, *, #1484, .T. ) ;
#11769 = DIRECTION ( 'NONE',  ( -1.000000000000000000, 2.409338161078899700E-016, 0.0000000000000000000 ) ) ;
#11770 = SURFACE_SIDE_STYLE ('',( #6579 ) ) ;
#11771 = LINE ( 'NONE', #2387, #1983 ) ;
#11772 = CARTESIAN_POINT ( 'NONE',  ( 30.86000000000001700, -3.500000000000000000, 40.59999999999998000 ) ) ;
#11773 = MANIFOLD_SOLID_BREP ( 'CirPattern1', #2181 ) ;
#11774 = ORIENTED_EDGE ( 'NONE', *, *, #3790, .T. ) ;
#11775 = FACE_OUTER_BOUND ( 'NONE', #4897, .T. ) ;
#11776 = SURFACE_SIDE_STYLE ('',( #9137 ) ) ;
#11777 = ORIENTED_EDGE ( 'NONE', *, *, #7467, .F. ) ;
#11778 = CIRCLE ( 'NONE', #8642, 1.250000000000001100 ) ;
#11779 = ORIENTED_EDGE ( 'NONE', *, *, #4800, .T. ) ;
#11780 = EDGE_LOOP ( 'NONE', ( #7184, #4046, #11288, #1197 ) ) ;
#11782 = CARTESIAN_POINT ( 'NONE',  ( -21.30000000000000100, -0.4500000000000074500, 7.000000000000000000 ) ) ;
#11781 = LINE ( 'NONE', #5014, #408 ) ;
#11783 = STYLED_ITEM ( 'NONE', ( #1868 ), #4405 ) ;
#11784 = ORIENTED_EDGE ( 'NONE', *, *, #8123, .F. ) ;
#11785 = EDGE_CURVE ( 'NONE', #2195, #257, #7301, .T. ) ;
#11786 = DIRECTION ( 'NONE',  ( 1.000000000000000000, 0.0000000000000000000, 2.409338161078899700E-016 ) ) ;
#11787 = CARTESIAN_POINT ( 'NONE',  ( -34.39999999999999900, -2.900000000000000400, -50.00000000000000000 ) ) ;
#11788 = CARTESIAN_POINT ( 'NONE',  ( 32.20000000000001700, -0.2999999999999999900, 47.20000000000001700 ) ) ;
#11789 = PLANE ( 'NONE',  #7150 ) ;
#11790 = LINE ( 'NONE', #3949, #9341 ) ;
#11791 = LINE ( 'NONE', #1077, #9342 ) ;
#11792 = ORIENTED_EDGE ( 'NONE', *, *, #10912, .T. ) ;
#11793 = VECTOR ( 'NONE', #6155, 1000.000000000000000 ) ;
#11794 = EDGE_LOOP ( 'NONE', ( #9897, #6497, #7994, #10617 ) ) ;
#11795 = EDGE_CURVE ( 'NONE', #11891, #3704, #243, .T. ) ;
#11796 = STYLED_ITEM ( 'NONE', ( #9578 ), #736 ) ;
#11797 = ADVANCED_FACE ( 'NONE', ( #9745 ), #4747, .F. ) ;
#11798 = CARTESIAN_POINT ( 'NONE',  ( 14.39999999999999700, -4.815124837953332500, 5.099999999999999600 ) ) ;
#11799 = CARTESIAN_POINT ( 'NONE',  ( 32.20000000000000300, 2.900000000000000400, 48.75000000000000000 ) ) ;
#11800 = ORIENTED_EDGE ( 'NONE', *, *, #1565, .F. ) ;
#11801 = EDGE_CURVE ( 'NONE', #1545, #1340, #11045, .T. ) ;
#11802 = CARTESIAN_POINT ( 'NONE',  ( 33.89999999999999900, 2.899999999999999900, -33.00000000000000000 ) ) ;
#11803 = DIRECTION ( 'NONE',  ( 1.000000000000000000, -0.0000000000000000000, 0.0000000000000000000 ) ) ;
#11804 = PLANE ( 'NONE',  #7738 ) ;
#11805 = VECTOR ( 'NONE', #5331, 1000.000000000000000 ) ;
#11806 = DIRECTION ( 'NONE',  ( 0.0000000000000000000, 0.0000000000000000000, -1.000000000000000000 ) ) ;
#11807 = DIRECTION ( 'NONE',  ( -1.355252715606881000E-016, 2.226315058375545200E-031, -1.000000000000000000 ) ) ;
#11808 = ORIENTED_EDGE ( 'NONE', *, *, #8123, .T. ) ;
#11809 = ADVANCED_FACE ( 'NONE', ( #1560 ), #2979, .F. ) ;
#11810 = PLANE ( 'NONE',  #5116 ) ;
#11811 = ORIENTED_EDGE ( 'NONE', *, *, #8711, .F. ) ;
#11812 = CARTESIAN_POINT ( 'NONE',  ( 0.0000000000000000000, 3.200000000000000200, 0.0000000000000000000 ) ) ;
#11813 = EDGE_CURVE ( 'NONE', #8225, #6783, #5285, .T. ) ;
#11814 = AXIS2_PLACEMENT_3D ( 'NONE', #8836, #10661, #4272 ) ;
#11815 = DIRECTION ( 'NONE',  ( -0.0000000000000000000, 1.000000000000000000, -0.0000000000000000000 ) ) ;
#11816 = VERTEX_POINT ( 'NONE', #151 ) ;
#11817 = EDGE_CURVE ( 'NONE', #1099, #9892, #2848, .T. ) ;
#11818 = FACE_OUTER_BOUND ( 'NONE', #9375, .T. ) ;
#11819 = EDGE_LOOP ( 'NONE', ( #3630, #8412, #782, #5662 ) ) ;
#11820 = CARTESIAN_POINT ( 'NONE',  ( 15.69999999999999900, -0.9100000000000072500, 5.099999999999999600 ) ) ;
#11821 = CARTESIAN_POINT ( 'NONE',  ( -21.30000000000000100, -2.850000000000001000, 0.0000000000000000000 ) ) ;
#11822 = CARTESIAN_POINT ( 'NONE',  ( -17.17935378467900200, 0.6699999999999914900, 6.899999999999999500 ) ) ;
#11823 = SURFACE_SIDE_STYLE ('',( #452 ) ) ;
#11824 = DIRECTION ( 'NONE',  ( 0.0000000000000000000, 0.0000000000000000000, 1.000000000000000000 ) ) ;
#11825 = ORIENTED_EDGE ( 'NONE', *, *, #3330, .T. ) ;
#11826 = AXIS2_PLACEMENT_3D ( 'NONE', #7612, #2106, #8520 ) ;
#11827 = ORIENTED_EDGE ( 'NONE', *, *, #8336, .T. ) ;
#11828 = CARTESIAN_POINT ( 'NONE',  ( 2.700000000000002000, -5.401102314577125100, 0.7000000000000009500 ) ) ;
#11829 = LINE ( 'NONE', #5104, #11536 ) ;
#11830 = EDGE_CURVE ( 'NONE', #7791, #11243, #7714, .T. ) ;
#11831 = VECTOR ( 'NONE', #1544, 1000.000000000000000 ) ;
#11832 = ORIENTED_EDGE ( 'NONE', *, *, #1888, .F. ) ;
#11833 = CARTESIAN_POINT ( 'NONE',  ( -2.899999999999997700, -1.950000000000001300, 7.000000000000000000 ) ) ;
#11834 = AXIS2_PLACEMENT_3D ( 'NONE', #1691, #8127, #2614 ) ;
#11835 = ORIENTED_EDGE ( 'NONE', *, *, #9545, .F. ) ;
#11836 = DIRECTION ( 'NONE',  ( 0.0000000000000000000, 0.0000000000000000000, -1.000000000000000000 ) ) ;
#11837 = UNCERTAINTY_MEASURE_WITH_UNIT (LENGTH_MEASURE( 1.000000000000000100E-005 ), #11027, 'distance_accuracy_value', 'NONE');
#11838 = EDGE_LOOP ( 'NONE', ( #37, #9044, #2178, #98 ) ) ;
#11839 = CARTESIAN_POINT ( 'NONE',  ( 34.40000000000001300, 3.500000000000000000, 37.59999999999998000 ) ) ;
#11840 = SURFACE_SIDE_STYLE ('',( #2062 ) ) ;
#11841 = ORIENTED_EDGE ( 'NONE', *, *, #10944, .F. ) ;
#11842 = CARTESIAN_POINT ( 'NONE',  ( -32.20000000000001700, 0.2999999999999999900, 45.05000000000001800 ) ) ;
#11843 = DIRECTION ( 'NONE',  ( 1.000000000000000000, 0.0000000000000000000, -0.0000000000000000000 ) ) ;
#11844 = AXIS2_PLACEMENT_3D ( 'NONE', #11721, #9869, #10848 ) ;
#11845 = EDGE_CURVE ( 'NONE', #1523, #799, #4970, .T. ) ;
#11846 = ORIENTED_EDGE ( 'NONE', *, *, #8210, .F. ) ;
#11847 = CIRCLE ( 'NONE', #11875, 1.549999999999995800 ) ;
#11848 = DIRECTION ( 'NONE',  ( 1.392979236598078500E-016, 1.000000000000000000, 0.0000000000000000000 ) ) ;
#11849 = DIRECTION ( 'NONE',  ( -0.8399832880181554700, 0.0000000000000000000, 0.5426122702724371900 ) ) ;
#11850 = PLANE ( 'NONE',  #3214 ) ;
#11851 = VERTEX_POINT ( 'NONE', #275 ) ;
#11852 = ORIENTED_EDGE ( 'NONE', *, *, #11845, .T. ) ;
#11853 = VERTEX_POINT ( 'NONE', #1210 ) ;
#11854 = DIRECTION ( 'NONE',  ( 1.000000000000000000, -1.055184596092948200E-017, -0.0000000000000000000 ) ) ;
#11855 =( NAMED_UNIT ( * ) SI_UNIT ( $, .STERADIAN. ) SOLID_ANGLE_UNIT ( ) );
#11856 = CARTESIAN_POINT ( 'NONE',  ( -33.00000000000001400, 0.2999999999999999900, -49.39999999999999900 ) ) ;
#11857 = FILL_AREA_STYLE ('',( #1744 ) ) ;
#11858 = FACE_OUTER_BOUND ( 'NONE', #613, .T. ) ;
#11859 = AXIS2_PLACEMENT_3D ( 'NONE', #3568, #10922, #5405 ) ;
#11860 = EDGE_CURVE ( 'NONE', #1076, #4742, #2557, .T. ) ;
#11861 = LINE ( 'NONE', #858, #2369 ) ;
#11862 = PRESENTATION_LAYER_ASSIGNMENT (  '', '', ( #553 ) ) ;
#11863 = CARTESIAN_POINT ( 'NONE',  ( 3.819999999999999800, -0.9100000000000039200, -3.111100318418500300E-016 ) ) ;
#11864 = ADVANCED_FACE ( 'NONE', ( #92 ), #4889, .F. ) ;
#11865 = ORIENTED_EDGE ( 'NONE', *, *, #10104, .F. ) ;
#11866 = CARTESIAN_POINT ( 'NONE',  ( 32.20000000000000300, -2.100000000000000100, 48.00000000000000000 ) ) ;
#11867 = ORIENTED_EDGE ( 'NONE', *, *, #551, .T. ) ;
#11868 = VECTOR ( 'NONE', #383, 1000.000000000000000 ) ;
#11869 = CARTESIAN_POINT ( 'NONE',  ( -5.899999999999998600, -1.950000000000001100, 5.099999999999999600 ) ) ;
#11870 = CARTESIAN_POINT ( 'NONE',  ( -5.899999999999998600, -0.9500000000000009500, 5.099999999999997000 ) ) ;
#11871 = PRESENTATION_STYLE_ASSIGNMENT (( #1814 ) ) ;
#11872 = CARTESIAN_POINT ( 'NONE',  ( -5.899999999999998600, -1.950000000000001100, 0.0000000000000000000 ) ) ;
#11873 = VERTEX_POINT ( 'NONE', #345 ) ;
#11874 = DIRECTION ( 'NONE',  ( 0.0000000000000000000, 1.000000000000000000, 0.0000000000000000000 ) ) ;
#11875 = AXIS2_PLACEMENT_3D ( 'NONE', #3230, #9642, #4136 ) ;
#11876 = CARTESIAN_POINT ( 'NONE',  ( -2.499999999999998700, -0.9100000000000041400, 5.099999999999999600 ) ) ;
#11877 = LINE ( 'NONE', #4316, #2092 ) ;
#11878 = DIRECTION ( 'NONE',  ( 0.0000000000000000000, 1.000000000000000000, 0.0000000000000000000 ) ) ;
#11879 = AXIS2_PLACEMENT_3D ( 'NONE', #6568, #1079, #7488 ) ;
#11880 = EDGE_CURVE ( 'NONE', #8066, #1322, #11172, .T. ) ;
#11881 = EDGE_CURVE ( 'NONE', #4980, #2833, #6287, .T. ) ;
#11882 = DIRECTION ( 'NONE',  ( 0.0000000000000000000, 0.0000000000000000000, -1.000000000000000000 ) ) ;
#11883 = CARTESIAN_POINT ( 'NONE',  ( 32.20000000000000300, 2.900000000000000400, 47.20000000000000300 ) ) ;
#11884 = ORIENTED_EDGE ( 'NONE', *, *, #4446, .F. ) ;
#11885 = CYLINDRICAL_SURFACE ( 'NONE', #6123, 0.5000000000000004400 ) ;
#11886 = LINE ( 'NONE', #3799, #6424 ) ;
#11887 = FACE_OUTER_BOUND ( 'NONE', #1360, .T. ) ;
#11888 = DIRECTION ( 'NONE',  ( 1.000000000000000000, -1.084202172485505200E-016, 0.0000000000000000000 ) ) ;
#11889 = APPLICATION_CONTEXT ( 'automotive_design' ) ;
#11890 = VECTOR ( 'NONE', #8425, 1000.000000000000000 ) ;
#11891 = VERTEX_POINT ( 'NONE', #2197 ) ;
#11892 = DIRECTION ( 'NONE',  ( -1.141265444721583500E-016, -0.0000000000000000000, 1.000000000000000000 ) ) ;
#11893 = ORIENTED_EDGE ( 'NONE', *, *, #6388, .T. ) ;
#11894 = COLOUR_RGB ( '',0.9686274509803921600, 0.8784313725490196000, 0.5999999999999999800 ) ;
#11895 = CYLINDRICAL_SURFACE ( 'NONE', #795, 2.000000000000001800 ) ;
#11896 = VECTOR ( 'NONE', #11355, 1000.000000000000000 ) ;
#11897 = CARTESIAN_POINT ( 'NONE',  ( 33.89999999999999900, 2.899999999999999900, -33.50000000000000000 ) ) ;
#11898 = VECTOR ( 'NONE', #1264, 1000.000000000000000 ) ;
#11899 = CARTESIAN_POINT ( 'NONE',  ( 5.119999999999999200, -0.9100000000000039200, -2.562404328450167200E-016 ) ) ;
#11900 = EDGE_CURVE ( 'NONE', #11630, #1615, #5984, .T. ) ;
#11901 = PRESENTATION_LAYER_ASSIGNMENT (  '', '', ( #10676 ) ) ;
#11902 = COLOUR_RGB ( '',0.9686274509803921600, 0.8784313725490196000, 0.5999999999999999800 ) ;
#11903 = ORIENTED_EDGE ( 'NONE', *, *, #5765, .F. ) ;
#11904 = AXIS2_PLACEMENT_3D ( 'NONE', #985, #6469, #11090 ) ;
#11905 = ORIENTED_EDGE ( 'NONE', *, *, #11428, .T. ) ;
#11906 = VECTOR ( 'NONE', #1373, 1000.000000000000000 ) ;
#11907 = DIRECTION ( 'NONE',  ( 0.0000000000000000000, 0.0000000000000000000, 1.000000000000000000 ) ) ;
#11908 =( GEOMETRIC_REPRESENTATION_CONTEXT ( 3 ) GLOBAL_UNCERTAINTY_ASSIGNED_CONTEXT ( ( #1377 ) ) GLOBAL_UNIT_ASSIGNED_CONTEXT ( ( #10416, #4898, #11342 ) ) REPRESENTATION_CONTEXT ( 'NONE', 'WORKASPACE' ) );
#11909 = ORIENTED_EDGE ( 'NONE', *, *, #8695, .T. ) ;
#11910 = CYLINDRICAL_SURFACE ( 'NONE', #690, 1.000000000000000000 ) ;
#11911 = ORIENTED_EDGE ( 'NONE', *, *, #9732, .F. ) ;
#11912 = CARTESIAN_POINT ( 'NONE',  ( -33.00000000000000000, 0.2999999999999999900, 49.39999999999999900 ) ) ;
#11913 =( LENGTH_UNIT ( ) NAMED_UNIT ( * ) SI_UNIT ( .MILLI., .METRE. ) );
#11914 = UNCERTAINTY_MEASURE_WITH_UNIT (LENGTH_MEASURE( 1.000000000000000100E-005 ), #4589, 'distance_accuracy_value', 'NONE');
#11915 = ORIENTED_EDGE ( 'NONE', *, *, #2828, .F. ) ;
#11916 = LINE ( 'NONE', #1472, #9462 ) ;
#11917 = LINE ( 'NONE', #3069, #9463 ) ;
#11918 = CARTESIAN_POINT ( 'NONE',  ( -34.50000000000000000, -3.500000000000000000, -48.00000000000000000 ) ) ;
#11919 = ORIENTED_EDGE ( 'NONE', *, *, #9992, .T. ) ;
#11920 = DIRECTION ( 'NONE',  ( -1.387778780781445900E-016, 0.0000000000000000000, -1.000000000000000000 ) ) ;
#11921 = VECTOR ( 'NONE', #3599, 1000.000000000000000 ) ;
#11922 = ORIENTED_EDGE ( 'NONE', *, *, #6270, .T. ) ;
#11923 = ORIENTED_EDGE ( 'NONE', *, *, #11313, .T. ) ;
#11924 = LINE ( 'NONE', #7841, #4598 ) ;
#11925 = DIRECTION ( 'NONE',  ( -1.668003342285391100E-017, -1.000000000000000000, 0.0000000000000000000 ) ) ;
#11926 = ADVANCED_FACE ( 'NONE', ( #1123 ), #9544, .T. ) ;
#11927 = AXIS2_PLACEMENT_3D ( 'NONE', #10564, #5045, #11490 ) ;
#11928 = APPLICATION_PROTOCOL_DEFINITION ( 'draft international standard', 'automotive_design', 1998, #11889 ) ;
#11929 = CARTESIAN_POINT ( 'NONE',  ( 10.10000000000000100, -0.8100000000000042700, 0.7000000000000027300 ) ) ;
#11930 = VERTEX_POINT ( 'NONE', #11407 ) ;
#11931 = STYLED_ITEM ( 'NONE', ( #4144 ), #4924 ) ;
#11932 = ORIENTED_EDGE ( 'NONE', *, *, #8552, .T. ) ;
#11933 = LINE ( 'NONE', #10497, #2145 ) ;
#11934 = EDGE_CURVE ( 'NONE', #10089, #8673, #5121, .T. ) ;
#11935 = VECTOR ( 'NONE', #9254, 1000.000000000000000 ) ;
#11936 = ORIENTED_EDGE ( 'NONE', *, *, #11785, .F. ) ;
#11937 = NEXT_ASSEMBLY_USAGE_OCCURRENCE ( 'NAUO1', ' ', ' ', #10242, #9001, $ ) ;
#11938 = NEXT_ASSEMBLY_USAGE_OCCURRENCE ( 'NAUO2', ' ', ' ', #10242, #8386, $ ) ;
#11939 = NEXT_ASSEMBLY_USAGE_OCCURRENCE ( 'NAUO3', ' ', ' ', #10242, #7776, $ ) ;
#11940 = NEXT_ASSEMBLY_USAGE_OCCURRENCE ( 'NAUO4', ' ', ' ', #10242, #7167, $ ) ;
#11941 = NEXT_ASSEMBLY_USAGE_OCCURRENCE ( 'NAUO5', ' ', ' ', #10242, #7167, $ ) ;
#11942 = NEXT_ASSEMBLY_USAGE_OCCURRENCE ( 'NAUO6', ' ', ' ', #10242, #7167, $ ) ;
#11943 = NEXT_ASSEMBLY_USAGE_OCCURRENCE ( 'NAUO7', ' ', ' ', #10242, #7167, $ ) ;
ENDSEC;
END-ISO-10303-21;
